input_0,input_1,input_2,output_0,output_1,output_2
-0.15893549591669814,-1.2769358460054563,-0.07871420920245487,-0.24215834931444674,-0.13703779528438967,-0.6745141573509545
-0.8665434841482144,0.6397697726791001,0.22356866135300646,-1.5556295871385655,0.007512670415249088,2.1157985340124723
-0.3589625435155885,0.7375834165712378,0.06371179778658799,-0.6501472339992918,-0.017093093730262417,1.2236428100959749
0.06834584858562857,-0.3315282989102845,0.22795751959057492,0.1530242589672982,0.2368684910826619,-0.4139446052791853
0.2609659731471067,-1.1077962094074616,0.33131826565934897,0.5238545385198231,0.3754391820518181,-1.37612253108738
-0.2518828177616188,0.29296575797589175,0.24414005757433854,-0.43928635734546556,0.1802451167844541,0.6720237050960429
-0.23978683822090285,-0.3646066949271485,-0.20124797605460407,-0.41604405804617794,-0.2635119958064445,0.1768361136788662
0.7764299857291487,-0.9576370610226667,-0.5323832074700472,1.4171492165302952,-0.33609368864997463,-2.204662092903879
0.4436938558197792,0.47737786551104444,0.25711932376232766,0.8084832260718371,0.37472755072859637,-0.5254398894976379
-0.14154480866611474,-0.9669973661536205,-0.03700213954710792,-0.21751925377534054,-0.08679554505290535,-0.47609676636083326
-0.25779794460391986,-0.021891218356960687,-0.6577512294473444,-0.4736938527116405,-0.710115071581374,0.4957714173638246
0.14533568143188075,-1.1493469935418503,0.19382606117617848,0.3119086066176871,0.2103068244925763,-1.177750919474338
-0.19901650052528963,0.29318949030613883,0.40648827588219183,-0.3383568120384155,0.35294617421853625,0.5616028328370009
0.11127604445533779,-0.5559421221816118,0.27746380677227783,0.2379647820028783,0.2928819235390646,-0.6686975150436527
0.553044078928296,-1.532487030671223,0.43537624709382644,1.064507386178505,0.5458158194092131,-2.26377578395844
-0.08281358104456693,-0.13609163888267095,0.3737302446861841,-0.11904875311700447,0.3439459083179611,0.01592327741031318
-0.04944384488744328,0.41849312158332225,0.41192719828205987,-0.07220168595699678,0.3987134193272089,0.36866381532942394
0.7339682997893017,-0.4498679194564984,-0.3978459083787198,1.3321398591292763,-0.20714818607528873,-1.7469999723052463
0.3206012476660591,0.1982489413484665,0.28067936158399676,0.5950711720004804,0.3617605755979488,-0.5011874193657039
-0.04489226572377432,0.14488364709298612,0.44308610153632344,-0.05570754418349351,0.42610139490149995,0.15148511679160162
0.08972325075824354,0.4750768678864237,-0.13440843697187746,0.15742802537092193,-0.10002847548173205,0.17453765168900434
0.8648574488641773,0.09647951880142223,-0.6711874325518686,1.5436885168360148,-0.4327490553836628,-1.5704399050599445
-0.05962814738982897,-0.28537126090753223,-0.59368818585403,-0.10775126813706223,-0.6005360345726253,-0.08748781065715687
0.32850023654872906,-0.6170901760940825,0.18495248779940468,0.6273269630288076,0.25710829642489436,-1.126979954058884
0.37840134738232484,-1.2451558977802921,0.2527394191708619,0.7360784251434895,0.3264582736110385,-1.7010825411744501
-0.011359999787543134,0.8351833635255443,-0.11159123311030346,-0.03319644066396593,-0.09797456745729571,0.6394709027772167
-0.030781468752312628,-0.7154918186403157,0.11012551643891902,-0.019512476766110787,0.08984221830842719,-0.5070450626915753
0.2529234755757165,-1.2929503173081307,0.37782339504067614,0.5158966739590279,0.4160246278772428,-1.503141443776086
0.6799459667683233,0.41969751725917864,-0.2431843994294573,1.217521952737198,-0.055742578553205024,-0.9949320068232672
0.2177796021931091,0.7745730641935108,-0.2950245683636143,0.3743716043927877,-0.21978112789601437,0.16377324344999905
0.1355000159060908,-0.5233016407350448,-0.0515320237373299,0.2690271561746812,-0.02279602105687773,-0.6722389150887824
-0.181402687173002,0.8562774633278701,-0.18711558969788247,-0.34253979105361637,-0.2153794573970304,0.9862303352480144
0.29861555918739463,-1.005659752331174,0.37142557014724176,0.5903695980486985,0.42603791131386887,-1.3735142432904026
0.06923429807481425,-1.8082836194068654,0.07417615213472903,0.18798744759544653,0.06307940367530031,-1.5227083448736571
0.056999852353935135,0.4146513716520234,0.35399603139175123,0.11745833372486865,0.3692487867571031,0.164533185929804
0.5959859850371773,-1.1924153798442558,-0.34934573464693713,1.1049938168881484,-0.2068165130771865,-2.045629672681954
-0.12762815064302807,-0.30475599033813927,-0.019288525438756393,-0.20924915881288714,-0.055404742476702205,-0.0035198731875792783
-0.1482506579009487,-0.06459830360994943,0.11347887971189305,-0.24797114752523775,0.07319771342066321,0.2101235200642584
-0.11541202602737306,0.048904703378797196,0.3754332817952811,-0.18253491925801554,0.34015293910797856,0.21819986164228602
-0.06928164396822153,2.171862267349859,0.04941278016140889,-0.16688971602677352,0.0660170884787219,1.7515592918336693
0.18691218776655844,-0.9517697527919808,0.438673794787731,0.390256372209405,0.4640709804067806,-1.1219906809084361
-0.523373335207097,-0.023747522479521617,-0.4601840284696328,-0.9447081249409426,-0.584811677661844,0.9934762754626281
-0.12581499844034316,0.6963039931696696,-0.02187892162872622,-0.23239683738954686,-0.04167647496253548,0.7493992993676176
-0.2391931734165441,1.1126755707567195,-0.5483111875632113,-0.46614427699467526,-0.5801701251530758,1.3110545335412864
-0.07165551306591011,0.33335119686678094,-0.1418910272607339,-0.12962094740593003,-0.1510934294124966,0.37786142645306575
0.012613430739008254,-0.20363020196504258,-0.21379688251095447,0.03364149441282038,-0.20837029603006185,-0.18566157206015038
0.3858093407125844,-1.0218472407915902,-0.0003591783728426473,0.7345522128050288,0.08384662335873566,-1.5325108792010376
-0.10020398788434791,1.3590518996442233,0.42998207910772307,-0.18766623764210094,0.41820144749616545,1.1757089325982286
0.3903346828403306,-0.7251853444517147,-0.32276411683915224,0.7234462157345571,-0.22626988169890755,-1.2991258060375606
0.37217888424828793,-1.391283871226793,-0.024035218346360215,0.7188871725592247,0.05130774573941185,-1.7841039962581675
-0.21223635012664127,-1.0727526232286464,-0.06814501063884913,-0.34310190421144143,-0.1371620781365389,-0.41847171758357704
0.2117534489505326,0.5799312301757468,0.4291990882071614,0.39436718833978374,0.4853492733590297,-0.01204376460406597
-0.011267728866737384,-0.8361010894392984,0.11265092870211188,0.01887633540128303,0.09543099115518563,-0.6357826221892459
0.32106443137069995,0.8226534576450206,0.4799298934327094,0.5865661483862508,0.5670043261806929,-0.0414672747239816
-0.40262509077112935,1.4006467118372636,-0.765602338307607,-0.7756396879394738,-0.8305968172968652,1.8546283562418446
0.0027045469175945693,0.2391874630759195,0.45161401436309173,0.027798381675173806,0.44818583037984044,0.13082903628579176
0.10271278981063915,0.13744577949532272,0.11728103581564067,0.1986289709773921,0.14464250953977492,-0.11950050928265343
-0.3021775904085048,-0.6340489474766496,0.044405885184073055,-0.5125477423243678,-0.043062060441156055,0.07943754686904253
0.049049810574484855,-0.4217995245222796,0.28715996538254174,0.12276449619875157,0.28850156852288694,-0.4483753309314074
0.16623603521386698,-0.06365694643261323,0.25192124279210365,0.3230517841075883,0.28975167994196316,-0.40094083503897043
0.11692633487747268,0.15591893443602456,0.3682665518033086,0.2326457173423682,0.3945590649637661,-0.14682914816694304
-0.0884671952946877,-0.5443727690987729,0.11688974215074666,-0.12761539843063494,0.08433964007048121,-0.2673467773081431
0.564686298623956,-2.1873306842888187,-0.6820690832436767,1.0629879615251883,-0.5566430411697215,-2.718588154396767
0.025548579452420825,-1.1946877000746927,0.2522078991607977,0.09953727799988929,0.23600587489737745,-0.9851707557802629
-0.1402785286595717,-0.18204817575840676,0.10802695818885047,-0.2307256504738513,0.06805076115722636,0.10638618481456072
0.017315031602135857,-1.0279659243592474,0.3032154356803361,0.08214398468846473,0.2865086308056513,-0.8462465259142861
-0.49845892966065003,-1.0984264141806677,0.3469087031837536,-0.8429327883011069,0.1955970892367195,0.08878217762497223
0.0018766602659685428,-1.3692888424910643,0.1492364789596344,0.05785654768183054,0.12624945062439738,-1.0658687935616151
-0.3517111791108654,0.49995121905817186,0.22122182150474418,-0.6252506197060532,0.13538328739044148,1.0214183044062004
0.01983373500772693,-0.8157820989253106,-0.12998032377827215,0.0657112097334256,-0.1340342163037732,-0.6666541934702231
0.04971885092168688,2.017785921760635,-0.5629239308564143,0.029630769753683776,-0.505917473115815,1.4407014176002972
0.4642458133339691,-0.7870849443978041,0.016968491737329044,0.8701944904544292,0.12470168832004087,-1.5067833813982983
0.06218199360567924,0.783761082626217,0.1405104211226347,0.10949898902724334,0.16718756168108392,0.44531968405149513
0.3532396494170173,0.8625363952336894,-1.0878783056518964,0.5877460378110835,-0.9605730517023908,0.01420765557423316
-0.3534771602037624,0.8414858094503908,0.40582641514975487,-0.630851628377092,0.3212357702846933,1.2725401699262617
-0.44172816058725833,1.4720295883194605,0.3086139624771914,-0.809749874336912,0.21322656617406463,1.9238162354633794
-0.10067190273804355,0.19314532102025067,0.4528812485720227,-0.15704137400637755,0.4221201054130761,0.2945399103369866
-0.5970603431876323,0.3709882475731131,-0.6086559807773128,-1.0930097445717595,-0.7430332901300614,1.4414910397544376
0.0016369655494200257,-0.33531566840212407,0.18687012957719587,0.03157690448147479,0.17938965936180928,-0.28638303513745045
0.14464925514777738,-1.194701040944575,0.3197810376887797,0.3163395919038242,0.33285258399655143,-1.2177127585359306
0.2789897608641035,0.3949367772273098,0.33878194059924316,0.5170560489043924,0.41110720279212476,-0.275908440826266
-0.24006573641683226,0.5387217025273819,-0.25912884863656,-0.4423523024840928,-0.30604989673623684,0.8630220692841595
-0.73154304127174,1.5992288444114948,0.2743946162100189,-1.3360261070373571,0.10717937966847667,2.5784893937064677
-0.11491032025297253,0.6671834145108723,0.015577985723392137,-0.21067035694998412,-0.0026237845987416505,0.7043675509022957
0.1279839167615216,-0.2557105340344087,0.24348843253701358,0.2589413004392635,0.268620344367906,-0.4720849628095855
-0.22110138722373396,0.10813039800525842,-0.4473329687065324,-0.40357769281142,-0.4924134770589668,0.5117878138912932
-0.6590130481793558,1.3944316970392445,0.313536667667532,-1.1986848039372768,0.16095622159756487,2.2822784965553695
-0.6613721927971079,1.372669673576341,-0.11026956395002577,-1.2174141488807797,-0.2553315406460721,2.2939810541071646
0.2624658720968355,-0.8024056293807712,-0.16146492712944835,0.5010204773366654,-0.10229120394499984,-1.1208398379227469
0.3034875440203788,0.6127219635266231,-0.44571463238581316,0.5275630373648775,-0.3479768777530506,-0.114729760495005
-0.07276332131053931,0.4619298640967512,0.21865943328917517,-0.12218811136167293,0.2039970895953142,0.45703766157171377
-0.49977157334228867,0.1878719799716877,0.22229631204174088,-0.8835413813775854,0.09344008815493153,1.069988810624203
-0.5303112099025786,1.3784927977113028,0.3852773510801459,-0.964032001588351,0.26410455191335336,2.0190314323773837
0.11761996169274631,-0.0467526459799063,0.2426825755020771,0.2347619075151269,0.26846391707817785,-0.29427444770888106
-0.540966618642598,-0.2057264636665837,-0.5689785610864148,-0.9754591465258458,-0.6988283235735668,0.8958532759996218
0.2680819128093001,0.4416767346713754,0.35814242741242075,0.49687891143543306,0.4280138612640804,-0.22072537759464544
0.4604051671763852,-0.46737825037085456,0.017363872034180623,0.8548890579711119,0.12914787076904025,-1.2579037542715767
0.06770152249362855,-0.8013678845494816,0.38855514143420716,0.16992210304516106,0.38667542351460027,-0.7765978182204591
0.28318240530767047,-0.02281383830801331,0.2566341589148057,0.5326688403993303,0.3250851949343771,-0.5949774757039983
0.021714930148944822,0.07388913693765008,-0.08651964313615873,0.0472504760608841,-0.07691573147834328,-0.0005807317247846222
-0.4863198736673849,0.07952370348388575,0.3477819077321058,-0.8520197931994313,0.21816684614548787,0.9553073520577406
-0.10687097890208959,0.728661059022958,-0.0061951670303124415,-0.19858795932506315,-0.02092436786866473,0.7365824188527313
0.6739472878765591,-0.2809096597825697,-0.3046302578818814,1.2229608030963757,-0.12856139659534296,-1.5092649262089475
0.23525076865925543,-1.0392520264818483,0.31308368153783495,0.4751128838978349,0.35203878114508685,-1.2739309899031976
0.1631713911572083,0.1363568753808776,0.19880992771220682,0.31038953662138974,0.24007064977026044,-0.24099352940570404
0.5729235689975053,0.1737048405715246,0.005877965797465991,1.040178215842227,0.15694186317583075,-0.9890773667060367
0.3053404616129992,-0.15210555227620842,0.1824334434878142,0.5733206501235362,0.25602387595329007,-0.7310787959960635
-0.07161197424970127,-0.41268298189262403,0.2538210581765779,-0.09587133626985275,0.2249472978723595,-0.2078649748216403
-0.05901667255828966,0.6535890469866855,0.020766581673884666,-0.10951049394477688,0.016618343084850506,0.5864486326785859
0.09756134560421079,-0.08591870675654524,0.2913843669245437,0.2014127189651648,0.31041672806114184,-0.2880476592104531
0.1176039806543084,-0.434980104652189,-0.13317351843766348,0.23158899262491786,-0.10601363896280508,-0.5665928382651645
0.0006411470312759661,0.1833787395843656,0.39868429846621983,0.023671025135571216,0.39490232498229133,0.09558017345174316
0.03166733918556647,1.077518639627837,0.11732952687166867,0.046020538287068806,0.1412603778119006,0.7271444942770813
-0.023681271707254987,0.634542385274133,0.12436522789359356,-0.04171987515857162,0.12693193061512123,0.49841609777714013
0.3991929040647724,-0.9467507499310264,0.07401628492227434,0.7593124970524658,0.1613625046384738,-1.5056293861782446
-0.40551263002461735,1.5608348688633764,-0.5881233594136949,-0.778744892721746,-0.654878312184456,1.9713020956829477
-0.14782501904286333,1.0844330740915613,0.2968704479690509,-0.2709004801115008,0.27117043239174266,1.0671322383867585
-0.3049848998219749,0.6183155061408813,0.29307738865006744,-0.5416948408410653,0.2196858859397743,1.017082823026507
-0.11188948127086908,-0.5608573307571337,0.10596006351619569,-0.1697343622970929,0.06734565858373655,-0.23420196487253978
0.19197780939690284,0.8764530394098337,0.40614075224121204,0.35015247864847965,0.462347123788757,0.25123511153359934
0.29493925244186203,-0.4976614749108921,0.12952514707547338,0.5618025395202202,0.19604412516245107,-0.9692051635623646
0.46482845798498995,-1.0409813960985,0.21903507315176704,0.885096642961049,0.31887286679722143,-1.7109679939493354
-0.4685154797274944,-1.851031112214713,-0.09477933622101739,-0.7849319884770316,-0.24144487587897506,-0.5126855236792799
-0.8971908617804459,0.4546394581827738,0.18385162885356998,-1.6073435538189882,-0.04221309798028723,2.0370204688143394
0.05876725100543596,-0.24078153471578503,-0.7892172485850848,0.09726269261041971,-0.7610115113997657,-0.2703212910772235
0.1159418320408738,0.9819926619137561,0.3436767142336202,0.20828100604636146,0.38324615762516284,0.48049482700992807
0.01681432636983122,-1.0493309371670614,0.1449462816967248,0.0761822428227882,0.1309360657120691,-0.852607511967634
0.4013579388605647,0.8599020661292485,0.02798748980054273,0.7140747613600644,0.14532628985861595,-0.14237547816755367
-0.1466376700557267,-0.13849917240309145,-0.5119618964145394,-0.2653417079743065,-0.5404971147550248,0.18604141999322973
0.030091678198955165,0.01939866079214693,-0.021400132625365845,0.06607591324297973,-0.011803633679691459,-0.06146388052892414
-0.4846396895160445,0.5641543600448723,0.39142073779876113,-0.8601868162728936,0.2690150907442459,1.3157663424682893
-0.1682290079346504,0.45341420155788575,-0.2245132974197274,-0.30956138188613613,-0.2550013432669338,0.6586642324827146
0.07729863723729935,0.5883159498230242,-0.4131327381000095,0.12218336311524752,-0.37459061150855344,0.299478435123566
0.7024720047694002,-1.7570227327585737,0.16666744954546137,1.3298614679791336,0.31735434203244084,-2.705451776213712
-0.2549375821263842,0.6274938860609022,-0.4455959395657409,-0.4780819194891824,-0.49121375503913556,0.9690398828042772
0.11712713237032678,-0.43932936854674687,-0.5152288327680511,0.2172733864315206,-0.48062592499994156,-0.547677245396206
0.12677454830134743,0.6140787866499624,-0.5193015074460031,0.20679974264945902,-0.4655096521343671,0.22982332366782618
-0.17064377720346585,0.8053027168178003,0.0976989322489755,-0.3117143805828157,0.06570568362969387,0.9111877270058406
0.04727212607139404,-0.08676312787332158,-0.07338785942668616,0.09794810928477735,-0.060010624674134566,-0.17176815441801924
0.2950537418935985,-0.6314783982852351,0.009803266997395036,0.5612741081825521,0.07663182333164135,-1.063847939540499
-0.18146412308844267,-0.05298223771079506,-0.5997774733614324,-0.3334031015965782,-0.6341629841724281,0.3224324729933227
0.6569423405748286,-0.6413746877178317,-0.3184503918909867,1.2013353285816786,-0.1521673768460358,-1.7481478009213716
-0.8809171397668101,0.7878338289841494,-0.12898567064820168,-1.5979210940541853,-0.3393556894991953,2.2749050514967997
0.021503315624019012,-0.1191394565634164,0.06133116251437752,0.05719662384633123,0.06487952926591682,-0.15423619543138076
0.01952111749564521,0.7812357166661397,0.39387680704272443,0.04176870688031926,0.40448200464376355,0.5112386747935299
0.0768703069846255,-1.101404615242672,0.1506096542610181,0.18586357208241985,0.15110637656184336,-1.0076172990723844
0.248746729252751,-0.9564960923617276,0.17254206531915192,0.49223973703358814,0.21908188555837965,-1.229505390366493
0.7089608824961131,-1.0267751722694851,-0.590953581989037,1.2954304839488846,-0.4119331241083904,-2.124035935324663
-0.055670958465755066,0.83463480636936,-0.21146211469041945,-0.11649698705105124,-0.20725203042384305,0.7297325636475238
1.024675522177041,-1.7382791352929816,-0.32570152520728785,1.8918999760741804,-0.08203286458505268,-3.2827454689913864
-0.7114994128247608,-2.8096626998375296,-0.5256033401185936,-1.2124444551466405,-0.7412688999343852,-0.7461670473292971
-0.4948296248027712,0.8817136589423633,-0.5727637967245276,-0.9211298557806153,-0.6735107286095748,1.628958739851704
-0.12835952051558708,-0.523070226433588,0.15119188244316067,-0.19876999581838978,0.10803518145187378,-0.1765399635960653
-0.19220553827459624,0.1373513755914203,-0.3225728411116059,-0.34789670343716544,-0.36225519034490655,0.47140944842996724
0.14170817441344502,-0.30443429657082394,0.2727421676373442,0.285967512055538,0.3000493545640511,-0.5368848644918988
0.36992710188922007,-0.9822658893764968,-0.25474433211268,0.6958844124658943,-0.16891437447170538,-1.457929959388362
-0.24947339410156877,1.2946986845370656,-0.7966377954933782,-0.4982573184987276,-0.8233049129111507,1.482146214687756
-0.037642499517796794,0.09067859188004994,0.37331018136743116,-0.04371018998526445,0.35872829036066867,0.10049767945106089
-0.009127120395521469,1.2730484831055666,-0.20566120333216362,-0.044030725068676974,-0.18267943720528684,0.9712110758525334
0.18610756412131152,-0.13376395204538208,-0.4652006272515366,0.33519323614355256,-0.4090376045621867,-0.4521198309382059
-0.08894076419970452,-0.5060273878674624,-0.726872949844766,-0.15944860465439156,-0.7420793825142509,-0.19046054126574807
-0.0031721542836503514,0.1873234672643675,0.41704125109443124,0.017354800537113354,0.4119742256463083,0.10486207482710475
0.2911432074888695,-1.7448788008515044,-0.49534178901952797,0.5655637528882178,-0.4369987200461287,-1.8693194796280994
0.5531505893130192,1.5321011775430897,0.04601607332799068,0.9702946200034321,0.21263462543576048,0.07287584899585092
-0.040244767811632526,0.20449141333858722,-0.025100509305127815,-0.06553959042197029,-0.030593994284407393,0.21367330480554445
0.022774028951496633,0.08745643054231801,-0.009778593652578781,0.051526358349344284,-0.0012216644990666915,0.0033590127006645695
0.6211112565253487,-0.9598479702495032,-0.5668992233495561,1.1363809581999507,-0.4098915861924713,-1.9060748876613518
0.33179142867123157,0.26360639027921173,0.2930295527099285,0.6139357586497054,0.3777728839847468,-0.47399472934985803
0.7196772814799198,-1.039097533338485,0.10300214537198743,1.3396968327250411,0.27071685727804484,-2.1925910609905657
-0.14552162604059332,0.34413525822750884,0.06257209907034796,-0.2556130891598462,0.030461302813521707,0.5164983170646171
-0.26617421274576203,1.5597554941618237,0.3686749539177048,-0.4938956801376741,0.31861178858695355,1.6495411517486658
-0.3605425399590873,-2.2859934918145393,-0.7784270559187141,-0.6034111392239492,-0.8905344784282818,-1.010586116806364
-0.7816140983128245,0.276656970416937,-0.10832955537819368,-1.4049851212156457,-0.3016471979021455,1.6968420605597185
-0.4511236058539599,1.2598742879193163,-0.826038850002894,-0.8613910117662862,-0.9045179170934243,1.8448033627713467
-0.33401179628072075,0.48589197904967624,-0.5036403445728502,-0.6187679520935498,-0.5706654877692864,1.0171844390908469
-0.16804152240449866,-2.0109006117253823,0.03176235303173351,-0.2353291174990509,-0.0426950715244811,-1.2176570037691512
-0.06841042799770047,-0.7411599854892562,-0.08135135314787267,-0.09337791222975247,-0.10788911012113167,-0.443491269617259
0.5952201071605768,0.7134129806223045,0.30385418116609453,1.0767107648140248,0.4632156533411454,-0.6407792128435267
-0.07982971532646531,-0.48917344507237787,0.07834637572810767,-0.11488690010469507,0.04965864912187437,-0.24008949240209765
-0.12032840886844508,0.3939831288472308,0.2665920534184136,-0.20432428366582353,0.23766916058459842,0.4943988687790445
0.3451686256503509,0.43546543403652044,0.3427306139556215,0.6352640272513461,0.4326330702093948,-0.37262640409325487
0.20809837440191875,-0.547749422326293,0.2887836637970633,0.4124482541950224,0.32900056521181187,-0.8491141881318633
0.15268663682442207,-1.4832392911948364,-0.19279904406221093,0.32018632826501575,-0.17197269015095082,-1.4225718026262602
0.22795393434935907,1.649040233767412,-0.04906110004936456,0.37843307723613884,0.0376861147209402,0.7911493406575392
0.27396694515722625,-1.0312183487701547,0.3226995786971491,0.5449389880139814,0.37154432205069876,-1.342763218474696
-0.09208877204672661,-0.5676898881823198,0.2950709935234954,-0.1271923701317538,0.25766120365545325,-0.28793253469040736
-0.3368621430452027,-1.9574139202212255,-0.34157872973841086,-0.5539033824263533,-0.4511401582201985,-0.8321815146172453
0.32664345711434517,-0.021841795601588516,0.22329062298137142,0.6096961699419552,0.30359830121823167,-0.6758649796064777
-0.21127803252666622,-0.3066414255198344,-0.8266600382192756,-0.38846351862882333,-0.8681816642519665,0.20071039537991717
-1.1345611566237337,1.5131434482914774,0.18182392042438683,-2.062552686623368,-0.0885272919538114,3.292725633238375
0.1845817865937649,-0.2272163616480618,0.07501559737518626,0.3540934187426575,0.11851656876716342,-0.5498853164118953
0.2216595098373721,1.7410523937291444,-0.4453062675214057,0.35060726660271885,-0.3508073735591143,0.894826713740279
-0.41139495304840434,1.0218414734250358,0.27378439125025783,-0.7445458966190921,0.17978670987711104,1.5273953451863687
-0.06180603218979036,-0.9914417848861548,-0.054687039758474124,-0.07396133413641619,-0.08400987448472151,-0.64673953941079
-0.09543986400047388,-0.3673566618776046,0.11389368269777059,-0.1449278907592071,0.08240459990537773,-0.12005881918577813
-0.6224949159532924,1.369467707355362,0.25849180651027126,-1.1342448980658688,0.11600705422013775,2.1963423637515835
0.4290753507935554,0.32398854626832485,0.23622119028718785,0.7854579397519834,0.34806709895735066,-0.6120755359337429
0.06444284217930196,-0.32916098515886333,0.274376495920841,0.14758485519722392,0.28139371233765437,-0.40724547966194996
-0.10166926675392211,0.22065811615072772,-0.280957876507881,-0.1856279367820601,-0.2968775228973849,0.35812455244599123
0.24717801197757183,-0.4780403955519255,-0.1281751866232176,0.46615410826465403,-0.06847782268975246,-0.8482858404229938
-0.2693233157830765,-0.8007370537499532,0.18260494151752887,-0.4441127275065081,0.09819221448060908,-0.11729368046485994
0.032489632514997674,0.6843585489556616,0.0097091206504368,0.054014741921497245,0.029796269798665644,0.4345454200527237
-0.08937796249229943,0.7804154739100873,0.4881161207474113,-0.150899094904517,0.4688243383947505,0.7145408154772277
0.1527366093632172,-0.501178810718529,0.31127841161102765,0.31236224763160425,0.3375458657818101,-0.7088470924233286
0.16371582750004693,-0.3481994601809106,0.20373385874184735,0.3242843723742964,0.23738796155297714,-0.6083749641054667
-0.4426417280432752,-0.22837212041575783,0.286995248706002,-0.7674558201011177,0.16496586461942656,0.6421954690425897
-0.2084375346860245,-0.19686640438335193,0.3866026458596819,-0.34313823228035223,0.32330047380965315,0.21059049140433175
0.43361632633392194,1.3853366844442219,0.1930417020482237,0.7641939025970592,0.32367031560967974,0.1834104880931445
0.09887612948411395,0.18783139295910625,0.13040192611935417,0.19086368490614894,0.15730999053361364,-0.07479794345000369
-0.0840213872003527,0.5369197999755873,-0.35647124145153275,-0.16485623606089364,-0.361352354363432,0.5673557888769188
0.07230088890444782,-0.5093456857434551,0.2628774895047756,0.16605958692011438,0.2693009711812139,-0.5578202373727865
-0.24635957075384252,0.6841694402032579,-0.3546329605660566,-0.46089890255666044,-0.39896820637645397,0.990311468834024
-0.4005522936536168,0.2863004339191541,-0.7437017999528839,-0.7418321937064785,-0.8261897234829295,1.0075863774345732
0.19409584877557562,1.85147701644334,-0.36206502152957365,0.3010416345352102,-0.27457389937511634,1.0265541144381796
-0.06210045982996332,1.1501974330758733,0.08111570769695342,-0.1259748057033542,0.08280708474314982,0.9641758862730432
0.16638774602995582,-0.4945813672757819,0.2720776089530608,0.33537066206099897,0.30274259356091937,-0.727899974875416
-0.16415240859269908,0.49438332573185906,-0.15814246983271663,-0.30094230091058155,-0.18826188758502763,0.6780866475505971
-0.15155914111484664,-0.3521045505073206,-0.037452012529174926,-0.25172937119800126,-0.0801059433067087,0.00768865195122824
0.3660037499718428,-1.218774914109549,0.32532516486364205,0.7156454500169485,0.3948222352153568,-1.6613836336662018
-0.05177885962970412,0.028209737888615888,-0.3409946001622738,-0.09288950875815814,-0.34592399430632675,0.12025400022008534
-0.37683673267634843,-0.32764272207702827,0.19926998485940428,-0.6495017842722712,0.09434691945511613,0.44569074072506704
0.01585053794649271,-0.10513632461023872,-0.24747416561986024,0.03568296213569735,-0.23898766236505792,-0.11559525147481925
-0.0660988091606413,-2.4060438077426314,-0.05053673102623351,-0.04434923758664738,-0.10337431027837442,-1.70739591487766
0.4026947398804021,0.38864689229387145,0.2433938326657326,0.7365231326283923,0.34933380540323217,-0.5129569775757825
-0.06786299971374382,-0.5334747422919985,-0.19673083450405973,-0.10195142557330428,-0.21754420666107327,-0.2812174345269717
0.058519762340476046,1.1522346301135715,0.477473803690045,0.10518829264067057,0.5022920026134902,0.7119467371909468
-0.3517291445158885,0.5973844158379829,-0.6517935161125316,-0.6588563114719168,-0.7186540621415458,1.1436974574361902
0.15201421905733764,0.09673698188980918,0.1641961382001778,0.2901168276358079,0.20265434566440269,-0.2475656460841785
0.18672881095692623,-0.530744900557781,0.3327258734548722,0.37509323955085555,0.36683841498027725,-0.7976697307491276
0.0030007573403415958,0.09946154553676376,0.1128746475369134,0.01997239554677229,0.11408594075908059,0.04357528766317085
0.20656925525948838,-0.23335476622465826,-0.37166654068504396,0.37796876291539744,-0.3136832079847638,-0.5718700120275848
0.6415950163918948,0.5443813500060325,-0.3144271834814818,1.1426747998935183,-0.13345485095677787,-0.8231055565481733
0.05900186591449564,1.6511993257612563,-0.38676346475388135,0.06223765278032052,-0.33667634382750766,1.1361160002879618
0.272375618488615,0.6965382882209,0.4379758030261883,0.5007434319044493,0.5113787478681047,-0.04088353060944339
0.6915322729792113,-0.5296390817496167,-0.4344623008563942,1.2565443695605605,-0.25520347104096197,-1.7237129934867539
0.2681876649985873,-0.42224761609372774,0.13788062506770132,0.5119591468544411,0.19854440800501333,-0.8613146117675236
-1.0064723534122526,0.18976211139893945,-0.18038780036669141,-1.8100435279099396,-0.43145431024055136,2.0671165234433886
-0.6677266504355692,-1.127839265638447,0.40959920557990714,-1.1446434158226884,0.21304729324165586,0.38819691624479874
0.04825688897842792,-0.9743974973455164,0.4815033128641113,0.1427694394250581,0.47003545128847307,-0.8751435736503552
-0.102652207153586,-0.4943659080868209,-0.04376509385652842,-0.1601724727681616,-0.07596301429186562,-0.19337182316223428
0.05080659241884806,-0.46707832300938623,-0.8408845471229044,0.08704653949731656,-0.8172651484444181,-0.42310946033143443
-0.13868926783393282,-0.17780600217576603,-0.5332417445464153,-0.2507556900523477,-0.5599284117674036,0.14226516652797463
-0.36930050987209256,-0.7134036608097947,0.22666027376208608,-0.6248199823941278,0.1170388248753159,0.13826354967456234
0.28881923952818445,0.9186395651319023,0.43206682332507756,0.5242954251289544,0.5133215842984836,0.0956488645247772
-0.3082891096261588,-0.48133277222163673,-0.46447716383489895,-0.5456414840485091,-0.540937503204798,0.2348982216938668
-0.21507040066068323,-0.04912609868048954,0.337867796062913,-0.3606940634053337,0.27616588727062386,0.3376573913392466
0.09800456742480669,0.11928286378700259,0.08692863227916406,0.18955270799328597,0.11339931700620894,-0.12248729057266036
-0.02817749528388916,1.0513028630921077,-0.10163969900275538,-0.06879947319471139,-0.08913490241932477,0.8344882699284539
-0.40972603755048725,0.5995387497324064,-0.2195330376597411,-0.7479623266140201,-0.30990966049866164,1.2326423277765135
0.23679487257975945,-0.8759801190121612,0.3341568965743602,0.47434839926862,0.37566501659475837,-1.1547260668829007
0.07085939461679897,-0.1306053901387526,0.1300305761512675,0.14878784504063602,0.14471599935722812,-0.26152824708363553
0.8503511297683095,-0.08415487518952776,-0.4433515228487993,1.5304171528193828,-0.21604689471548405,-1.6917311683971965
-0.014548115710068515,0.5365012209478119,0.34174193229974337,-0.014979198006247876,0.34076588663069046,0.39469672142577694
-0.1609453995955224,0.018879750524023346,-0.4716154590864156,-0.29380263618254643,-0.5021517316213747,0.33016870750798577
0.026889318548677592,1.4596489307011524,0.19479333420947423,0.03012410475607907,0.22197926121275585,1.020689255128295
0.33425123965397924,-0.9317850066747835,-0.8958651125085257,0.607560330769596,-0.805600632250099,-1.3155494435972122
-0.43867731767311274,-0.32943557040606786,-0.8024973597771555,-0.7963635312880297,-0.9033321594697034,0.6189302269541836
0.17560843494638495,1.1262728010822578,-0.2624064580429984,0.29036815120965115,-0.19310694229455821,0.5086518488053773
-0.9246592562149619,1.4470087536379457,0.13797701672419235,-1.6845120959653164,-0.07857039377047327,2.842029350349108
0.201336889756073,0.4679275225241579,-0.08068426279297107,0.3604480607753194,-0.01879175472669187,-0.048242714213426206
1.0477520290600446,0.3090920387444174,-0.8010450927763568,1.8627272353733317,-0.5096288186347004,-1.753887466712919
-0.014529760890779526,-0.1489588292261844,-0.2716075884338519,-0.018711882122272552,-0.27114214502611855,-0.08900258329326416
0.19891804135002195,0.08438339388322148,0.17774877395152955,0.3753579554809942,0.22780143630289373,-0.34774563700058325
0.20201041454091728,-0.7615659740564895,0.32870101325156365,0.40852846437625806,0.3631800273084487,-1.0011735687093117
0.5785043826287776,2.7376541331367417,-0.27160913190579794,0.9729568266701354,-0.07309619145317779,0.9526154746238952
0.39392909601780945,0.05439738410751974,-0.8203007429400694,0.6917464308327042,-0.700635530293117,-0.689369738876547
-0.3113994392004845,0.19516349652822654,0.352449776525166,-0.5400076375888299,0.2695435178346592,0.7064229513522339
-0.28585464436195923,1.176555036590675,0.372700724051213,-0.519105798894234,0.3114483176590603,1.3976274388755379
0.2761838751523961,-1.1721954715031455,0.36052497928899324,0.5539800320023771,0.40695874567888457,-1.4556309505533895
0.32256093196455404,-0.3545743448383659,0.18900339349134365,0.609877088901263,0.2636946382715523,-0.9174781309349644
-0.08578787126554425,-0.19696261721016364,-0.4932462706502252,-0.15359972358653579,-0.50743210630355,0.023952506547011747
-0.1711709541606568,-1.4851909536888177,0.46531869194518255,-0.23938348013061844,0.3896909963905243,-0.8386497208846386
0.1648539665162826,0.0798171719761419,0.33057781084690246,0.3195857098414653,0.36874574260917853,-0.29427985266461254
-0.1627528656019649,-0.3297696030285406,0.3750620446980662,-0.25781369910060437,0.32163951655682604,0.023080230394110245
0.17383787385415916,-0.9250556339977507,0.2509976805769036,0.35935128935078514,0.2772049302188609,-1.0662403731030743
-0.031630346903516224,-0.49321197676661804,0.22805939040902562,-0.02269543245731024,0.20870970603575675,-0.3440621561853084
0.4315369769947539,0.19712193872581255,0.0034159163047775103,0.7849550188839225,0.11854426936361105,-0.6996758168241071
-0.5324196910462302,1.0121644957181792,-0.6560993962184869,-0.9951884783990803,-0.7627875057076294,1.8043541385405546
-0.1683289294380641,-0.056208170555188945,-0.5594456514165084,-0.30824000379014244,-0.5913105796665886,0.29251849148002407
0.17917355591149337,0.3313089245271852,0.31420910344773045,0.3381697994481906,0.36035561074738065,-0.1308816676599045
0.4203263252316595,-0.8163824137518734,0.14152466019992246,0.7963267207084628,0.23501362590821018,-1.451495659193481
0.25924751137789037,-0.24889566136175192,0.12957493459859126,0.4910125708569211,0.1908421057147034,-0.7127198254170227
0.11244043876757621,-0.8550355754342708,0.4241704457374988,0.2531359711645603,0.4322355664444195,-0.9050596722434245
0.1931314947664466,-0.4137956613130009,0.333303424297703,0.38356487887521007,0.370896652211839,-0.7216500168368893
0.08410778228374484,0.4872041402054545,0.4199248691320562,0.16669166052425127,0.44197558387020097,0.16360198229175196
-0.16684877855353747,-0.1922966895330923,0.37814361347558506,-0.2686919855860388,0.3257762048331047,0.13463077384563896
0.13368554431190743,-0.18457947634453167,0.22274620251790694,0.2665982286947988,0.25088136277590545,-0.4281445397000813
0.16750607752145302,-0.08218603048787025,0.22531948709026706,0.32488028014354,0.2637155848357606,-0.415896183200627
0.014630533182929811,1.023216667135828,-0.10371191377796977,0.008927129798865212,-0.0806019075200295,0.7311606319133588
-0.02027425105275241,0.8916734330788562,0.4773936556877345,-0.029806646103937094,0.4778406748147667,0.666455138925831
-0.12020481317400918,-0.17809562924834885,0.047961634663036615,-0.19682711527235347,0.014409559660685727,0.07416119951064148
-1.0273382415218126,-0.5552637232729564,-0.3798584757013438,-1.8351033351063866,-0.6440637802358298,1.5554737379636285
0.6469138437808174,0.7318110770444762,-0.27796563429884474,1.148616943098015,-0.09339588279772473,-0.6937582180031969
0.4616856906697488,-0.6556550889093672,-0.4206109760103685,0.8465864046210336,-0.30271779355752315,-1.3781976014130357
-0.4790144125916603,1.7398048717460726,-1.0347698933184775,-0.9316321064707722,-1.1086743480226817,2.2725714959025125
0.8241835239661617,-2.8362971213928536,-0.8625088732849572,1.5407801901973437,-0.6769966893670986,-3.6972407987486813
-0.22305493578367375,1.2828980560585457,0.4231660437043968,-0.40705887047650885,0.3787312665421035,1.3545284565153544
0.10559539485714586,0.10175098575724201,0.36618946384343043,0.21359847450997063,0.38875500266603696,-0.16587062892293034
-0.34247913449623374,0.02647274977220552,0.07979015572163439,-0.6012067710549827,-0.008321823697811665,0.6538725298813606
-0.1056607350706255,-0.48470329090435915,0.00982062202287588,-0.16393888839610654,-0.02406911673243253,-0.18327879415125542
0.29882794880909036,-0.8174987570170927,0.11710108527278348,0.5767706155466568,0.17981991398276842,-1.2176055878192522
0.12139721420107352,-0.5598895880531704,-0.2851986608850526,0.2363012462032395,-0.25599721414181736,-0.659772815475986
-0.6175412767388224,1.5731587201346866,-0.292431403937874,-1.1502530503005244,-0.4194187576695302,2.371400665097393
-0.141156804291368,0.6674903443830249,-0.1931234306652919,-0.2653401789538248,-0.21389874103099826,0.7666407027684092
-0.07138627604037107,0.5525149163094604,-0.15446082176796624,-0.13534498837993453,-0.15988355272367247,0.54361329123671
-0.22714590211838837,1.06299708983428,0.35071392522040273,-0.41121540091768677,0.30320409000832244,1.2002971722149522
0.31979984386303395,-0.9578261944078086,0.3645398479345602,0.6270027087634549,0.4254918420424181,-1.3776849718498216
0.025591027327968186,0.505476931236842,0.48588319621916876,0.06321406575147609,0.49185808204789355,0.28612989204005773
0.8441195384773653,0.7691631644227676,-0.27372594056452165,1.5027894939477868,-0.03794437104007255,-1.0445670182016997
0.20792732784451673,0.3878720989188008,0.41242335360309745,0.39193317587250465,0.46489350006414076,-0.14885234203313266
-0.07241544079288278,0.856294538021306,0.4944395704061707,-0.12213402384337613,0.48058063184929606,0.7389304500086882
-0.2171999982731322,0.59899895152484,-0.3675618707779392,-0.40662666519781776,-0.405485373929574,0.8706797728504229
0.32401393167326087,-0.45418987844496883,0.13980414063017385,0.6133641275339463,0.2142797706905461,-0.9927832399796054
-0.135142220970267,0.1565562672899091,0.1255613191726455,-0.22975906627412823,0.09189995199633509,0.3513445526153535
-0.42973227222309374,-0.5338311110288282,-0.6997277840342642,-0.7712363678209462,-0.803542296588632,0.44161111545817383
0.2761335941527523,0.46836640674452906,0.39558382362778427,0.5120016076641463,0.46719867377789975,-0.21811402613381706
0.054443223465318845,0.8705575874952757,-0.6378110707746767,0.06563794404158979,-0.5962012479905595,0.5691176574684768
0.2211008920180677,0.7035066450170928,0.4984723240850225,0.41040592460085146,0.5575922733161188,0.05949825307123958
-0.14553583335277964,-0.08462155665480017,-0.18827135991579985,-0.2532764649714683,-0.2221408975089442,0.20659354663299442
-0.11785723292060611,-0.06638600332050593,-1.1678514115816752,-0.23872679323609308,-1.1747420773316144,0.22178006405083042
0.33417483067506915,0.3607213682750101,0.2414527372121814,0.613840829060808,0.3293723810236484,-0.4023330882350661
-0.35364814718549425,1.5267685612820523,-0.4340651201086411,-0.6790117552164212,-0.4911004137524054,1.8373627505032046
-0.05216738329206845,-0.017799661041693934,-1.013384731966747,-0.1162642057164355,-1.0057044344093877,0.12370285786471463
-0.35408028620281906,1.1888162894101348,0.2241418798981285,-0.6475231768484071,0.1485088534906104,1.5462139518993565
-0.026100744511372995,-0.8781641383923434,0.28801992867578946,-0.0004901792805368753,0.26281784589510865,-0.6488386350356815
-0.38698548337339617,0.29950373263089153,0.37644774867593334,-0.6779662755019724,0.275273623788658,0.9290953200543763
-0.5104613266506086,1.5049880532698305,-0.6313935005662923,-0.9677392572050683,-0.7251504841106823,2.1331072163630793
-0.000794718124134149,0.7239635213735057,0.20263466516081433,-9.08790129624977e-05,0.21093355395529664,0.5176490601405881
-0.1508619271407678,-0.4025569566811799,0.3475479861145465,-0.2354716333235337,0.29658386056733804,-0.0532145656887678
0.37646096096888254,0.48497793480268325,0.35225114964473647,0.6906320073379433,0.45079098285956126,-0.3958582316144529
-0.042296519680722615,1.6536118575822132,-0.21142284875069758,-0.11395167535275486,-0.1908479141953483,1.3227426581455646
-0.03334588697511064,-0.7393480268913033,0.08799754852593883,-0.024287686352405823,0.06712048739208026,-0.5189088811489208
0.3587721679499346,0.38834726140100095,0.1144708422589891,0.6528832015434041,0.21168855117143365,-0.4216346999542854
0.3843721002885495,-2.051826755375508,-0.6906206255281988,0.7345251355622104,-0.6092486237207914,-2.2693988787897923
0.3303870869571345,-0.19673273744696618,-0.17616036510123229,0.606844053107046,-0.08966867839410518,-0.7929237373737767
-0.01254017363286106,-0.8251900504586507,0.4010705626556251,0.026544223585043717,0.37793241903568087,-0.6411643548105205
0.20630991687357436,0.03862527403865534,0.2590752939383393,0.3927565773775808,0.3086812861685928,-0.40104307300547015
-0.1350819122283533,0.5723857759784969,0.38146158037382466,-0.23149318805819308,0.34926571858931726,0.6511130227062017
-0.312467323484572,-1.0106116312774471,0.4525619907323642,-0.5066718087244877,0.34834878551408743,-0.20801437194898398
0.42025099596541987,1.9650664459171738,-0.0743898961502222,0.7153920649126959,0.0672964163607813,0.6619425821746747
0.17015351604281065,-0.6026963494956661,-0.2900336003267311,0.32502465025145105,-0.2488746239345073,-0.7854926619667308
0.22994926428476564,-0.6884532526872951,0.3657694270719624,0.4582176734100988,0.4078455843593952,-1.0016698803155202
-0.34601579797883375,-1.2190574892195367,-0.36557466535215605,-0.5906466250866047,-0.4653560695780699,-0.2554660368397058
-0.09692309469888984,-0.16806296539315865,-0.5731793031277673,-0.17724427314555666,-0.5881749239575276,0.07162664442192979
0.3644978787733622,-1.8199541857643367,0.15199200234130367,0.7225834736698062,0.21507645202331233,-2.102999255391333
-0.3240182557868233,-0.40562979330294635,0.19189350995079932,-0.5526310987202812,0.09946797112798735,0.2857327069318884
-0.2827306956228354,2.2556229705686865,0.03591863861400561,-0.5538161004760391,-0.0007689187158160006,2.225579217206944
0.09262317570438883,0.053840972762029905,0.31798147474311517,0.18979343266709914,0.33741859123661966,-0.17446188035711807
0.06067830247693838,-0.42339437201180247,0.1860390499379518,0.14014763858688617,0.19236609663471313,-0.46628232243312084
-0.07260722833174635,0.212576899838782,0.23894657711005451,-0.1146305354155702,0.21998321109154292,0.26723220377930723
0.11828522923046896,-0.9772521203860961,-0.07197173921866057,0.24924668963042132,-0.05441883538730742,-0.9809741546014906
-0.08534208910676384,-1.1474231756204138,0.07407192225617273,-0.10765540046164604,0.0336624389022028,-0.7265424573665856
-0.5444025038786245,-0.8407673071560533,0.004470525204400545,-0.9445776492557378,-0.1477449039184287,0.3907585638197768
0.13007876771369153,-0.6469285996381609,0.3299161082971359,0.2760683330029551,0.34768468211538645,-0.7764721860240607
0.15875182773144347,0.5892564596569163,0.3781365653554791,0.2968961560558603,0.42182611370624795,0.09965079466778945
0.06396230514492085,-0.0049065559375584605,0.14113636366726534,0.13346156295453573,0.1558104645877669,-0.15393909432782582
0.20809938523590238,-0.8342318057735237,0.41126924326940106,0.4243331947661275,0.4445170524789767,-1.0723651917988009
-0.06481938434928332,0.08205758150082386,0.24021535508667408,-0.09713442857606647,0.22116899188909508,0.15360101145116553
-0.29616251446840697,1.1994463595743807,0.2699597230034608,-0.5419131965619526,0.20847118366762346,1.440444067564635
-0.7978714684200975,1.4068375509727322,-0.15182239310905832,-1.4655105980100478,-0.33061244374643284,2.584294705008845
0.3732117707643621,-2.304510682454012,0.04681007344485222,0.7472735000540676,0.10658864370268543,-2.4799383111379565
-0.6444873563529425,1.6199230903239414,0.266735625852159,-1.1801271306580894,0.12238446480030483,2.4273341237956294
-0.14416561999559174,0.22558913794514013,0.3153510520393678,-0.24107592590858745,0.27666672709689194,0.4102542389379119
-0.02821025836753556,0.9876733248219601,0.510514992430996,-0.04544027350260871,0.5097748701139037,0.7523770198042374
0.09415007184538533,-0.8806308485320916,0.2670018911994938,0.2153001108944362,0.2731006301016023,-0.8805075721947214
-0.32620588987954413,1.3136364837821413,-0.15753265882665488,-0.6141842593313334,-0.21640158042482824,1.6082335197592634
0.3870620405873189,-1.2792625259825567,0.01546391619750408,0.7441372675280398,0.09561260916018031,-1.7302647176671484
-0.031512003477515434,0.820162052796044,0.0030518252108494327,-0.06500615473394533,0.008958949233299294,0.6604436151555748
0.35522171808232594,-1.3051226731339887,0.32359827962767823,0.6984448402107302,0.3889945922664868,-1.7058094171721945
0.3129149922326554,0.19518578917083004,0.12490002899046976,0.5757814662418352,0.2070693544571101,-0.48005893168503394
-0.18285203843523978,0.7877350716951952,-0.19632722816614556,-0.343673990233071,-0.22586156569770977,0.9377466250382849
-0.015192456320042336,-0.1352178006579008,0.33921986210769467,0.0014319750046625987,0.3275261488828705,-0.11137980407691353
0.17625675464123108,0.6437377220775,0.46230749100861185,0.32996556999375803,0.5096760481510958,0.10249637303162673
-0.27262570459051066,0.3427714369045316,0.4456653522001032,-0.47077790749331866,0.3731960700998315,0.7382649195174018
0.25773587531845804,-1.3843534914259374,0.2408463119673433,0.5220972049051366,0.28157933718358497,-1.5738048245789684
-0.4144046525342758,1.7016614316589163,-0.14897240759958774,-0.7828549100299487,-0.22456612280850238,2.070303868820132
-0.3596778609270997,0.4505786792028966,-0.23557091414852388,-0.6545203237425776,-0.3151094918521337,1.0248709735627854
0.6165655895804665,0.6965560738059797,0.17113645271944453,1.1108650229363235,0.3383723488138992,-0.6871199714406657
-0.10687321170406477,0.7786605894773589,0.4542060498490764,-0.18355196789892808,0.4310656580885889,0.7487089772556997
0.09608839113474102,-0.6205557316637997,0.3409104948050801,0.21457699640817024,0.35013579087560087,-0.6918728185299174
-0.3165883452077523,-0.790997053150778,-0.12755682128328713,-0.5404716622745851,-0.21777124332598854,-0.0018694316844706585
0.016465324943228006,0.7452871757923917,0.010555236570148983,0.02359638024865432,0.027466886218567504,0.5113065338664317
-0.37190151536772537,-0.9367168151038631,0.23101021171277475,-0.623476417287151,0.11710828615905526,-0.025686248322637488
0.16770863736807323,-1.256117386402127,-0.4477511702428117,0.33220053296120683,-0.41438287410354063,-1.2656410311364015
0.08227802961613981,1.651859827731822,0.2099144692468748,0.12531683765514937,0.2540740435931353,1.0586638239346404
-0.475991298127875,0.49298125337129495,0.2802810344998641,-0.8466949208219374,0.16119654220187882,1.2515783020743196
0.15527719841822424,1.4172672486174767,0.23552570979413906,0.26380546437048924,0.2942407973239896,0.7397964174398611
-0.019125920491224736,-0.27732661639420986,-0.08459767014089149,-0.016967684990696813,-0.09107703774499112,-0.1875694800153035
0.13687295172626368,0.26825412817893624,0.39944426717979065,0.26670705878495937,0.43201569690396285,-0.1020149995795614
-0.1476564973657966,-1.3680372088278663,0.059251560392571026,-0.21455812041337063,-0.0003666803528183174,-0.7726883231066934
-0.8788015631137344,2.2185937058628373,0.18801355905834574,-1.6204693183638998,-0.005563757141205227,3.3340578078575427
0.2207713332865735,0.05149928602532634,0.23002530070233496,0.41741919367810026,0.28413340251673375,-0.4174761849394671
-0.09306983818293055,0.6142869459628724,0.12622609800508355,-0.16603251542593042,0.11059420913813166,0.6162910936992716
-0.30594656922596575,0.3696814759895138,-0.6584555511305804,-0.5706897780294824,-0.7170050784955538,0.8841102351664512
0.573203786727774,-1.3287541206408136,0.3923470796689056,1.0939133078548997,0.5120457912416534,-2.146189646124673
-0.0734312668692047,0.07934329555458852,-0.047298142538212816,-0.12277911642908507,-0.06285655960790053,0.18411025804494263
0.017956359516041333,-0.1603019231815394,-0.2295984227600759,0.04155919343832383,-0.22179838268334567,-0.1623112211630715
-0.11783118478706532,-0.1301136069363851,-0.21701714259350707,-0.20322841063148053,-0.24390670016228183,0.12061299819675353
-0.1334535381016564,-0.18303064173161462,0.032640477604463355,-0.22109158251976807,-0.004089950913775512,0.09673459656610539
0.056406634100134245,0.9924571701137915,-0.2151024788289086,0.0809831148755685,-0.17951037897639743,0.6338859703286119
0.1245542201541583,0.16541167101606463,0.08541381396775384,0.23608000809064117,0.1194695044217396,-0.13855085102244713
-0.1364947731830649,0.0672588254657647,-0.42028373165799265,-0.2492358664956702,-0.4447951850934206,0.3168926872579927
-0.14947092825026498,0.6955065406361216,-0.46846287895416566,-0.2908243571426711,-0.4854318963317834,0.8191153190770408
0.12740271148969867,-0.11990690438073293,0.3490748921035874,0.25807520437341397,0.3740910345217276,-0.3742573306040848
-0.9041014556117044,2.0543506356380488,0.189999975591964,-1.6616246500045562,-0.012714733217714849,3.2584643498284653
-0.09530031661177944,-0.3155209725280917,-0.15659482612694392,-0.15564795325896563,-0.181824912327324,-0.06609758173952474
0.16204831012075566,-0.799397880385517,0.24080542660615928,0.33446223741290676,0.2661682974551987,-0.9480982730973067
-0.498046324836477,-0.5561946581973461,-0.21844675147972495,-0.8765290861268356,-0.34979668992602053,0.5291198014184466
-0.11794313857480228,-0.18004107834570468,-0.09973795357166644,-0.19795121847749697,-0.1297878414065851,0.07657604661765369
0.09480732236884079,-1.0710044788621773,0.1459784503571217,0.21718948403230248,0.1516596453764298,-1.0188465109063598
0.22983778789561327,-0.453255502923024,0.3104837317790424,0.44986934578647214,0.3573483045909772,-0.8206939088757015
0.3011751676967052,1.889409063432962,0.05059932005771009,0.5074642884125629,0.1579762568828444,0.8265427217443534
0.3686735837772176,-0.5973010159807817,-0.25830341808697266,0.6833800273308095,-0.1666483857237523,-1.1644996114981134
0.0013272942615370955,-1.6695957639633683,0.1575751164766367,0.0650594063667481,0.12954017467627302,-1.2921470413147649
0.1927553860904947,0.13081935369669162,0.3351036250410128,0.3686328700927847,0.3811603550289076,-0.30959478814715036
0.12937222276314442,-1.3211372358999371,0.1687218980394465,0.2867965579822772,0.17888812481693445,-1.27546996647753
0.43947231685005356,0.030124913519625908,-0.008191526471185973,0.8032183121250356,0.10657328655946975,-0.8404302784427489
0.11541325854845343,-0.0534324350392419,0.3526040955104861,0.23486977137514942,0.3755161312929409,-0.3012061581446753
-0.12820081360784613,1.3026161870556892,0.4163598286577395,-0.2370654159718893,0.3967618710354189,1.1876091128869213
0.09272541372238786,0.034814062772406326,0.1667062236724932,0.1851040596494124,0.18889211352612578,-0.18060430694208834
0.14835158580002167,-0.5156083429198393,0.26250804465928446,0.30311538904322943,0.2883947712152122,-0.7086081453223847
-0.17012844681118033,-1.155657519788148,0.2369532289864127,-0.25428291273356646,0.17135816674329896,-0.5789810293527735
-0.07029398114485265,-1.9468620609912033,-0.0987160319465274,-0.06568541671707541,-0.14442187193126577,-1.3497617177304397
0.14621140517073028,1.0753185057283015,0.30763056344188694,0.2590372673829375,0.35717647224474025,0.494865241031584
-0.3529392276760206,-0.7944625435999392,-0.02699620673141891,-0.6022461965372645,-0.12862155059114058,0.059732399175502514
0.7915018427573207,0.4813453143370652,0.0025063249099796896,1.425448331304541,0.21469582636419463,-1.1763231382487986
0.22930373133429005,0.8941095886840934,0.3066297450579273,0.4133464273125059,0.3747007654054941,0.19842269070828097
0.006783940150213416,0.7109519465598169,0.4985700494877465,0.024406455395358725,0.5026988181820484,0.47677500477356816
-0.6065895455419879,-1.0850040155256768,0.1918773259523203,-1.0434463975912887,0.016072095462724086,0.31525551440456506
0.13003577950419581,-0.23390008372890195,0.20998844803584177,0.2608715669151147,0.23666160692802068,-0.4576829295055237
0.021943629441853796,-1.0751654302886409,0.19976379880516432,0.08804235435876001,0.18556932417802788,-0.8850306964198306
-0.022907434148743293,-1.1480904885257859,0.1543680555324891,0.007607524844298871,0.12839720543762373,-0.8514438847682044
0.08324965610999743,1.4449920543571577,-0.23249433817518406,0.11678940037202733,-0.18250984449367605,0.9251656832179097
-0.04560942202974726,0.05968152838770432,-0.31449072959738983,-0.0816694316763435,-0.31786664766314154,0.13070278756558704
0.08299464737399871,0.22980171900120497,0.40190699082966536,0.1708153546766566,0.4199686945655809,-0.027712495754004796
0.07321113282002371,-1.0152940099920393,-0.22302684974285386,0.1637399409332052,-0.2146457730533488,-0.9147196452936911
-0.42835547222889137,1.6634377400745946,0.3185219168636516,-0.7903572521587319,0.22939620053150622,2.042178709784165
0.05486407426845019,0.804302195279639,0.37518838729425574,0.10412175998882407,0.3956187399983507,0.4618192309896415
-0.0392258131988638,-0.4571761172403172,0.3044757993363932,-0.03460151899428761,0.2822149372727987,-0.30650670362861016
0.1798547804491093,-0.38246013226275377,0.28875400831677184,0.35725814907420217,0.3243182221983521,-0.669993645672243
-0.2823905120322654,-0.8795533468556851,0.2642531862605302,-0.4626633494922493,0.17360498509797895,-0.15628550611221892
-0.14225124854449395,0.19079565299174922,0.07134488931102782,-0.24538264817057587,0.03747939098926925,0.39388641438672933
0.4082675475347451,-1.0640470417086763,0.4179756298819335,0.7909506209108117,0.4989307402200816,-1.6308350545234702
-0.5025664466806198,1.0144470110639157,0.40671488526243627,-0.9037537550413521,0.28650157046558955,1.6895244068118447
0.2639243843983842,0.2409283450038808,0.060754614127318335,0.4841087316527659,0.13233087790636466,-0.34782808251161274
-0.19944103716035033,-0.1953751976431315,0.3852872084181952,-0.3270289311791346,0.32434810411351256,0.1945099488980794
-0.17774408935932018,0.6290775261232324,-0.2769133433495857,-0.3331700366568895,-0.3060282479521607,0.8125660910929201
-0.1633645195695257,-0.051179334902178644,-0.3007316433242116,-0.2902452734790362,-0.3364103740231622,0.27236831011091506
0.01720282333766854,0.028685970417319934,-0.06249244175705693,0.04116988866760027,-0.055242316237332244,-0.027401586872549556
-0.27079471303734276,-1.5431361877814422,-0.1819427773417114,-0.44019213666014056,-0.2711673910968644,-0.6550079326570024
0.09440108890573774,-1.7596423100977026,-0.24644257254651983,0.22062394327821375,-0.2438938466448716,-1.5164394796624177
0.1953428057338154,-1.4287364827850513,0.17819814355781086,0.40872049219033035,0.20343951170804073,-1.484000047524231
-0.36327951894801397,0.5444814328071241,-0.6964536087087475,-0.6798444853983459,-0.7662266853905472,1.128405506608542
-0.4074803898472238,1.8515124109002496,-0.1841451854506863,-0.7755793245627307,-0.25489041380589117,2.1721693307636207
-0.21234902812573264,0.7651091191697685,-1.137671444342954,-0.42961761263212017,-1.15633730715217,1.0297560492269002
-0.8652747666397863,1.516584473125294,0.02561820250976223,-1.5834303836057468,-0.17231648177466133,2.786785555608062
0.020830746647237556,-0.13445829951457114,0.2614332820373665,0.0634967652584646,0.2605684498146356,-0.1756652936517027
0.2656305857055764,-0.8511966714187753,0.2386352065489875,0.5222128506722374,0.2898576862411914,-1.1860687822737535
0.0757814974924734,-1.0311706001659755,0.0504147420031813,0.1784977810892538,0.05374218257470986,-0.9468850309792225
0.02374927857015316,0.2884704538511754,0.04775645904258781,0.05004074579293355,0.0585872746763037,0.15013773248578946
-0.6181873279960673,1.5844444883625974,-0.46598786245201995,-1.157877929710562,-0.5894951678429964,2.390836809118182
0.1696523520188224,-1.5263889514466151,0.13443786712333028,0.3634862628704057,0.15240659951846208,-1.505988325841273
0.30609570742054953,-0.40399610267800645,0.21667921496646395,0.5825193662453085,0.2858037070821687,-0.9247298098397743
-1.393569728015358,-0.14894406714685277,-0.1196595857094956,-2.4958226447586824,-0.47681901260643345,2.551387601414899
0.5624503148449163,0.35991226911795215,0.1308263138139143,1.0208673155475432,0.27963960508093705,-0.8352500111878933
-0.31657558234096256,-0.5087659856774593,0.08713583301325693,-0.5402426302681176,-0.0029106047809027737,0.19935830650150413
0.1694703618549907,-0.3881714398493803,-0.1975458212843085,0.32144000891764,-0.155024554764161,-0.6272689204986165
0.26610124811118946,-2.016599958284246,-0.45745852193361236,0.528973679589866,-0.4106002501280519,-2.0286033327295145
0.43823579008242436,-1.1572471548815457,-0.01656032920933313,0.8319131931121371,0.07931233210619995,-1.734597184600915
-0.07499583448380892,-0.0272403099807898,-0.36405577603147876,-0.13404534632407417,-0.3753692981859978,0.12424359216073672
0.04028705882322464,-0.1755083390876037,0.3012958133141214,0.10101675078040691,0.3039892591761572,-0.24626914044176654
0.012396001654529271,0.7086584259472121,-0.15406894741313443,0.01138607958517894,-0.1354922331221926,0.5006230720104662
0.4661511347149954,-0.8139029306983744,-0.21718030887187212,0.8660119443149235,-0.10470169904953311,-1.5176578589291883
0.881371082170782,-3.2456255068852498,-1.0148648758654215,1.6490774910863961,-0.8180646302762464,-4.107827745357215
0.4471852528217752,-0.043764556130706025,0.10019252762920605,0.8228956713216964,0.21360853206583394,-0.9171038716694764
-0.30902779499315874,-0.2509424854727335,0.030637852975406592,-0.5354409069231556,-0.05226941530744553,0.3827827661668656
-0.22999045791012057,0.09039781830912128,0.42186738505170707,-0.38823717878341474,0.35685286923360565,0.4670401092667764
-0.4118156015170744,1.067826346160174,0.16194560236722236,-0.7504849496192885,0.07080036394058585,1.5691737507486583
0.26868174019188484,-1.4606767220386103,-1.1029820867397193,0.49607220738392027,-1.0337866791882957,-1.5776200558503792
0.3474220809084455,-0.07071099268094695,0.09717972330965541,0.6439063363780759,0.18457877124489386,-0.7456689083142526
0.12260721911505923,1.4436361497671062,-0.2375307994133542,0.1874964908383631,-0.17734716312156967,0.8488243862315147
0.0753892692582173,-0.8381686120739211,0.3116261351543186,0.18199621123491455,0.312679492907507,-0.8148797885654694
-0.7361525962760401,1.4251628319540983,0.032568102045920644,-1.3483378646977373,-0.133747613735839,2.4693168464818895
0.25596930193653894,-0.8502192982180278,0.33341673296359303,0.5081620633362435,0.38027652051045624,-1.1720536724368247
0.11382601737223,0.07979306285345977,0.20274939207605921,0.22318652172352418,0.2303505503182598,-0.18916248313665104
-0.03664336970463416,-0.24748343689590255,0.38414654936682807,-0.032635770247919055,0.3642674919364838,-0.15749195398783863
0.022209390198146207,-0.9344732839917641,0.2960805025223958,0.08824312969830587,0.2822504264193836,-0.7846204005647794
0.06784059106236745,-0.4817740852798759,0.0894787245043395,0.1511458291050108,0.0986554113812947,-0.5187632747726003
-0.28298853929094825,1.0509332415921724,-1.126974470067925,-0.5639156626920456,-1.159505993255727,1.3807714376514473
0.37075047947358103,-0.6019476286119917,-0.6034811872017899,0.6749793965707802,-0.5044680752716731,-1.1527684046195463
0.023623674551530943,-0.23406851252206393,0.06978260789547017,0.06433553805628317,0.07189326313310872,-0.2456037430582532
-0.07253129772641695,-0.9852690073446791,0.2697889337524045,-0.08190475357790278,0.23132204264048212,-0.6395527492949296
-0.15517583528684853,0.10931922906353511,-0.5296174522566213,-0.28785462155754127,-0.5560837143432374,0.3906411591547629
-0.40560130975559755,-0.39910836136543404,0.3031994074578013,-0.6957121574488385,0.18767543894639943,0.44116202343969385
0.39796488191991497,1.3597754075749273,0.22158217709788536,0.7017010809360655,0.3420700718850003,0.23098887426379064
-0.2747365422245404,-0.4253220404748289,0.24215268536898327,-0.46161250639305457,0.1610837134648951,0.17339622752488257
-0.2347578376982435,0.17446415169105736,-0.4151931721221949,-0.42876398811500605,-0.4633803400151383,0.5863406573110983
-0.8182723978949243,0.6822655965651593,0.24789119690721068,-1.4689866652510126,0.044431756936339606,2.053828656482165
-0.02804891957413183,0.6868736342839967,0.45318745355281603,-0.03927769340915192,0.4488865331082688,0.528019835232745
0.002409816121566207,0.7174864596661492,0.4653175501385076,0.015179268786322375,0.46908920904524254,0.4919659030808171
0.359167568849953,0.10424866905509572,0.22215131090227008,0.6648895235530445,0.31283479972065764,-0.6430175592050311
0.3989870526053615,-1.3597880444734542,-0.5058192699406492,0.749204223769895,-0.41345898193068326,-1.784961579184102
-0.4119439226557722,0.16075529457571744,-0.01564515840795805,-0.7331759021299096,-0.11759191947789253,0.894061334267653
-0.5644443623992693,0.5545358364677199,-0.985616584006521,-1.0525117604904026,-1.1011778413444453,1.5385064066786986
-0.662163726447187,-1.3099845311273544,0.35343338972309835,-1.1318354263609518,0.1565591974066395,0.24303799287308422
0.49106492861615514,0.6419547603005189,0.03719712869647776,0.8816200659079299,0.1739779468550426,-0.479846516900869
-0.345323976588435,-0.6871846186017045,-0.26443155319504497,-0.5997922580152177,-0.3576610680732253,0.1393771186757113
-0.12991320369492515,-0.005984065852555426,-0.29905688660696594,-0.23115595265239292,-0.32545447491466656,0.2421651649453477
0.16045637162013832,0.41375538753026786,0.4075861946043735,0.30562498526772,0.4483554588186767,-0.03784746588265591
-0.4924462056402346,0.9578168591032534,0.4067515184194864,-0.8840453806322834,0.2882458140301282,1.6273018892006896
-0.40113582529376984,0.511137359321179,-0.041720358323551324,-0.7238578996960203,-0.13483660702506545,1.1394524843714489
0.3152219699751467,-0.48363324011766756,-0.4151730993154185,0.5785970490933603,-0.3323332157378871,-0.9672196221340329
0.2889716294419856,0.1074796329532676,0.24188078139511404,0.5391407113482103,0.3141717363390735,-0.50684431694341
0.9503679813319702,-3.707807761300103,-0.500708747544612,1.8036994044295442,-0.3037365265913021,-4.618159972111927
-0.47300650960025764,-1.3394860865429148,0.08501704331303432,-0.800079227337263,-0.05832177516370039,-0.12762600281844722
0.07949340912963354,-0.8897901307169319,-0.9994386683420966,0.1441693297089212,-0.9719469190093495,-0.7887177856192727
0.527907796385326,-1.0077358824175693,-0.3281637897123438,0.9783383096117879,-0.20064761755018337,-1.776528581427855
0.7299001087613061,-1.9588735260865364,-1.1655778049489165,1.3372191260725759,-0.9844032743273872,-2.8364018823525083
0.054523313077418964,0.7852250333179904,0.34757121445382083,0.10302887388221857,0.3681646855423838,0.4496004185973762
-0.5246572949737245,0.14500535827249947,-0.4407750568631939,-0.9507668307462516,-0.5634570914565019,1.122346669343107
0.21556424294957338,-0.19721579703632325,0.305386878876604,0.41726173061243266,0.3527244999326132,-0.5995665565321657
-0.03186357528891528,-0.5814026201788433,0.1193145457820722,-0.024659479986835216,0.10068585049269206,-0.4041799185193118
0.29987342212223517,-1.3367434381084067,0.12219815304599493,0.592485572070802,0.17688821369034502,-1.6121645999259733
0.3184814636192923,-1.4763798435825752,-1.090468508870595,0.5865776081488718,-1.0089661374165935,-1.6858350001325955
-0.21127214022412344,-0.9763086353711286,0.25869204509541655,-0.33229178642557383,0.18491426243408768,-0.365673486366464
0.19827369552138147,0.7408064311105799,-0.6506432690056669,0.32751296522516343,-0.5738422741267483,0.19554323105301363
-0.10754115312698942,0.2123043411563467,0.2805374246587255,-0.17603300286713516,0.2517562153527748,0.331809847538826
-0.025623032699340124,0.36758276996956063,0.12613867578663085,-0.03813353740280541,0.12395698142543767,0.3003705594244147
0.12894928659021565,0.42840761925654636,0.4098405935313978,0.24860168886370493,0.4426947478153537,0.033614517830577846
-0.16791954015414384,-0.05009486282872072,0.2204548326266026,-0.2799597730085138,0.1732075712032121,0.2529000869435853
0.5604863989606007,0.025023655247656297,-0.10909901274881798,1.0176140078670401,0.03871765800532216,-1.071104714903475
0.10448783047245852,1.3045133300311604,0.22328853100744595,0.17490571630461535,0.26740910611832613,0.7528531208444228
-0.08280108431737386,-1.130731254211935,-0.4551080476035322,-0.12231779562901657,-0.484026549618258,-0.6893310991178169
0.15672983814037278,-1.5361262097156987,0.1899844525527761,0.3424526880030602,0.20336682069824033,-1.4916176365714582
-0.6055850232618114,1.1856910472790676,0.012181761571257003,-1.1077219230458346,-0.12393391385969668,2.038749318562838
0.7609242297778194,-0.10852850640641487,-0.4363348710995366,1.3703235036381258,-0.23254926260308686,-1.5387651252974965
-0.8486251214333027,1.8581893824476474,0.016260558684996988,-1.5627719795033588,-0.17181418270239168,3.0133941839344023
-0.011711835915611559,-0.9617846150248469,0.008636783676853308,0.017686470799194873,-0.008602703177992513,-0.724083142881723
-0.10130094759869405,-1.3102589703360503,-0.23313720984130087,-0.1430156609695673,-0.27408164569424126,-0.8017888011428792
-0.1227045140667564,-1.6933743858554546,0.011659969704407431,-0.1627771586473064,-0.04572656102607567,-1.0637425255988773
0.024111890465873052,0.5692125660008214,-0.695663926429086,0.016904173722694652,-0.6654535113651363,0.4029477471028979
0.08177688377901335,0.5957068851618782,0.2207966182394559,0.15256938751913232,0.24793960941688653,0.2611422593817392
0.4475107359995914,-0.9684208637026434,0.28393332899940255,0.8543193806015823,0.3791667488550934,-1.626503622817295
0.4301386159357679,-1.8783367121079482,-0.8106437572234403,0.8080878166736389,-0.7123672532636813,-2.219555643205208
-0.31856466207384754,-0.8282049404540284,0.2585828077090484,-0.5293344768972481,0.1595570317611072,-0.04769519187839382
0.6161271412165215,0.7694562328066735,0.14346860101954106,1.1071762357765822,0.3122952765126766,-0.629663434589659
0.2553984159956697,-0.740843505841227,0.30376194651990107,0.5032052758397054,0.3527938933284496,-1.0866762893979998
-0.0535492522698718,0.26369024594144946,0.23147753250087683,-0.08193209660042494,0.21837051146538447,0.2696559015695846
-0.23806223017757255,-0.002209395904875797,-0.7834304071148074,-0.4431480938840719,-0.8278976602084137,0.47973397629670633
0.1480466811527184,-0.8004761381091747,0.1078164696200675,0.3045611624907865,0.13221952556096137,-0.91460949925437
-0.2997308433104315,0.8692962880386739,-0.41010624520251976,-0.5638141885480248,-0.464134192992286,1.2357723077806846
0.3768995770828614,1.168058199379071,0.23173084382858045,0.6691810189401699,0.3435734241622616,0.12605140311018687
-0.1907289256189429,0.5578757035404802,-0.1812787579374714,-0.35127576519132137,-0.21676725035631766,0.7783892551937537
0.5306363795674156,-0.8164082584292583,-0.22022795018991595,0.982054030494776,-0.09114706754210239,-1.6432432669415389
-0.39938465375829035,0.6748095646727567,-0.037526281382364926,-0.724859740361659,-0.12769266712873356,1.2595024650401772
0.9507512022013974,-2.334997669976372,0.029684869969371575,1.7871365413079494,0.23782560121512664,-3.611347070080251
0.11562670651269136,0.5784627197304363,0.3892169082890807,0.21994094537762182,0.4214260325980953,0.17371352277310337
-0.5857685998621339,0.9202492320173055,-1.052564865022941,-1.1028924603297943,-1.166498989965124,1.8594762934045734
-0.19984636551340484,1.0319984037475751,0.10970394745959361,-0.36981782173880595,0.07354018515847087,1.13786968849174
-0.21256851824054884,0.04463341534802199,-0.8342523370516819,-0.4002919506341795,-0.8704095636034997,0.46898508857768884
0.23595001526374726,2.140291936799178,-0.4348393414947189,0.3662077160898431,-0.3305735387423003,1.1684027440868432
-0.29125614784210574,0.39958329248538216,0.29913108103955577,-0.5110148371951495,0.2256961891918109,0.8251327921364143
-0.14992807748284137,-0.04527175509614867,-0.4135305543223557,-0.2702195947189603,-0.4434071985690241,0.25730700081177277
0.10993530894425331,0.6914190458576194,-0.3908224203632281,0.17901671141793368,-0.3427069467432768,0.3134372452997417
-0.056318156803638816,0.2260010904132163,0.4437189328985697,-0.078386345470927,0.4250640266492601,0.23467730454094385
0.08355797104776698,0.48874404275512495,-0.4257083932082322,0.13562243921003037,-0.3868771712379487,0.21293393048383383
-0.2505293434152322,0.319493396062476,-0.3210865783463112,-0.4576255755346152,-0.3729203477742268,0.7209547757595076
-0.3254155702541349,0.4975329050696047,0.43330564094283414,-0.5703167012795096,0.34995236450788947,0.9572672917805396
0.03942620986059268,-1.5406070523629072,0.16056808923264276,0.13035894986783209,0.14430556627591135,-1.2680483621843608
-0.1144377480208748,-0.11877747914123643,-0.3305594217983979,-0.2014509926005667,-0.3541286859053055,0.12898462904620533
0.17437266690118297,-0.5864651783075597,0.040313997355429856,0.3439278593703015,0.07621296873941782,-0.7997393816809526
0.1019758558444783,1.444528540760802,0.2717191432562383,0.1684228582880029,0.31643606769479804,0.8607553294820401
0.20182920944421862,-0.8757752256026319,0.1441118962999589,0.40464796739327835,0.1804301312015825,-1.0768216980057017
0.33702509874571923,0.32506832026299826,0.3073729341065879,0.6222508294088107,0.3941454859832464,-0.43841478230871467
0.542894082868312,-1.0058242176525967,-0.4925637175487989,0.9994260377710762,-0.35787892356086826,-1.7947107213781754
-0.13367332604617466,-0.18212178258822753,-0.28069440486011027,-0.2326415621877061,-0.3112058960049057,0.11530011180450842
0.035623029376594645,-0.7076948487875847,0.3049282427665576,0.10674186134317258,0.2979498447199772,-0.6395567967660979
-0.012832349851535085,0.23598722037714098,0.4386072604197125,-0.0005485833426966159,0.43139350620129857,0.158979129929541
-0.34856855237564155,1.5167370214404319,0.2823796055930556,-0.6441539836503305,0.21217596923968635,1.7801124276010614
0.22044391244370765,-0.9809565465075492,-0.6943999770394899,0.4111370113068242,-0.6382002988996575,-1.1453207557487082
-0.6542295433270827,1.05159011326724,-0.10366349036938965,-1.1958797413346722,-0.2520888073324586,2.037331764814206
0.3698658594608049,0.9777872666875698,-0.9556766168435961,0.6193420412505073,-0.8249188691641759,0.06197395019912388
0.7645505762756306,-0.666746616296574,-0.512784831623401,1.3888124025834363,-0.31535004806214195,-1.963180981574275
-0.02647894705372405,0.5127122382988577,-0.2487855224080554,-0.05680827400398157,-0.24140478539592317,0.4325416836176579
0.012610568622688332,-0.012793879070976942,0.26385722137479817,0.04558636858554198,0.2627506676381994,-0.06809890287699227
0.44208241956786454,0.8194653812622582,0.23575031171458893,0.7958291964230313,0.35877068902108405,-0.26272180656711575
-0.30041487178039455,0.2639871856516841,0.08669040107765778,-0.5314834622814009,0.013005329597041353,0.7521234225607221
0.5819239168641481,-1.24340210007927,-0.8556657672823754,1.063034482140985,-0.7074396958274906,-2.0289291959118207
-0.06999040485364931,-1.4454759326015403,0.14659686518706722,-0.06960714012082114,0.10398106194213556,-0.9852363349833885
0.8187349036556297,-1.2215934820849186,-0.11085345668836157,1.5152189688721753,0.0837244629172641,-2.5088131458058895
-0.49219763017802826,1.8425625692403036,-1.0586482456406228,-0.9589140546705399,-1.1338434014919878,2.3768529983081272
-0.3143035712191566,-0.015148085572794264,0.19121439385520933,-0.5454335857305888,0.10746368384456441,0.562102733169945
0.7970965680201144,-0.6513046645210009,-0.5595133266731398,1.445334849671778,-0.3525326083022,-2.0114258573021693
0.2155214349864712,-1.1947594130323094,0.1947799206424898,0.43948283087527573,0.2285715108942899,-1.3469231878646908
-0.13057491103054697,-0.011363229616937132,-0.41744796770630727,-0.23641125467599172,-0.441734894898226,0.24596833097258844
0.18890594762309126,0.35737947679491305,-0.44157210964186094,0.3281571152317324,-0.3774095063569167,-0.08777371803578929
0.17813759378218258,-0.6144623401409204,0.30979850342447296,0.3610142218486407,0.340838753741648,-0.843135376800252
-0.2127948963685123,0.014226223486504515,-0.6036010334985832,-0.39170670743266334,-0.6449053235260344,0.43359837794393247
-0.005788713107044534,-0.24743610316595477,-0.5035675989920672,-0.008627149691978676,-0.4977738944020856,-0.1672644844107366
-0.10470687319811056,0.07172252005863917,-0.3841851319349407,-0.19084725362731478,-0.401173920695115,0.25719582250403544
-0.024724903335438496,0.9129115911944267,0.038069198825557246,-0.053982859601598196,0.04648570426474244,0.7155243818417584
0.24048099117745853,-0.6204733334783806,0.3128706652970843,0.47351017674941587,0.35978484080819007,-0.96759607809579
-0.39353272897318614,-0.8911569101598308,0.167689707247095,-0.6658634550510509,0.050210201364063636,0.05380904098872897
0.572942517601534,0.6785076278077172,0.13685111700352381,1.031592653932042,0.2932705482349959,-0.6150539555749359
-0.1884604120493258,0.16245263501506566,-0.6659143640032277,-0.3540111301657612,-0.6973768389403213,0.5023072657366173
0.23009182106322779,-1.5686783914556242,0.16299845036237803,0.47441405735488845,0.1952696248618062,-1.6556188107470817
-0.3178937896014402,1.028647752257149,-0.49018513749228915,-0.603544833163544,-0.544767929202648,1.395504047203272
0.24695494197529533,-0.5846573776026063,0.23956412105771246,0.4816187016409079,0.29017306639244117,-0.9488896553406743
0.1795420778211395,-0.39115622407069295,0.20166832924779005,0.3538303683143144,0.23875503930759268,-0.6711107494591506
0.08764076185629457,-1.6895020990844463,0.07944864140458036,0.2181865470071214,0.07485418481979078,-1.4686227153972204
-0.04081399332479271,0.2607158811239517,-0.249582533595605,-0.07601669036391645,-0.24984930315558063,0.2697483302678281
0.3791429157224232,-0.8436609786402721,-0.04381025739790009,0.7163231839964732,0.042362155305235225,-1.3826732890698084
0.03115839781180611,0.9496232321114614,0.19552903205937092,0.05124479360967319,0.21574772977903892,0.6271459035097464
0.2330540096256969,-0.5294461917976142,0.22579893525558054,0.45465407094129257,0.2739800802768372,-0.8797123406273868
-0.09017143820323506,-0.04421464095070484,-0.5909598809169828,-0.16897793850323214,-0.6019093551292118,0.15321079777659036
0.3909168663055239,0.28604897191225237,-0.3734740200890245,0.6961057578471976,-0.25985551433781573,-0.5334750643303355
-0.3318057144734089,0.9845276926826166,-0.7197550765346965,-0.6355835747301481,-0.7740240919410467,1.401685089298534
-0.0038983948790381993,-0.8343459465359457,0.3142022648565504,0.03925585272592799,0.2948774579637216,-0.659840598964989
-0.04986744220036118,0.04691385294922074,0.3483627720919068,-0.06545271972208584,0.3304452363380948,0.09230673244007634
0.04194676471700675,-0.4320144131710301,0.15115396741401554,0.10541509698265625,0.15322564460798135,-0.4348715200261063
-0.277914154854989,1.005556437819162,0.4214099863505519,-0.49858542871401706,0.35852694575786087,1.2504796610588815
-0.003751522913046002,-1.700684277224779,0.05499935246602941,0.053090294278487514,0.027217492720292624,-1.300162957018664
-1.132602502485333,2.4410997752801493,-0.3531927433583519,-2.102429506678807,-0.5977027217496433,4.019801602325009
0.007107748668025448,-0.03748764678288509,0.17988376061786712,0.03334664942529219,0.17865048658209767,-0.07150583032683631
-0.10727698238869222,-1.659437280138057,-0.3681747269699905,-0.14938989397877991,-0.4134688409458813,-1.04657590680157
0.11712037767441562,-0.25952176942843186,-0.07553661411638778,0.22815271819685778,-0.04688336420568187,-0.4363238626872731
-0.30075514823898786,0.2632098793264579,-0.32748084723653076,-0.5467879661544641,-0.3929896489431032,0.7752644160332345
0.03497195889658851,-0.9237845433546644,-0.0714386319179657,0.0978817249207724,-0.07447456877981662,-0.7805842192336231
0.05725195618082747,0.8879167994319052,0.5290846240270979,0.11168875367197485,0.5483735579078112,0.5118258513985706
-0.09897303101914198,1.720188017716255,0.274773429632438,-0.20045860904052937,0.27211087174743875,1.4548143473506219
-0.47863705807073265,1.0036762914664425,0.1597306103430157,-0.8691670699593086,0.050435468062946215,1.649184464088002
-0.14665792925907428,0.49465805933332885,-0.29534276147454064,-0.2743301603550403,-0.31821797702760823,0.652334801942389
-0.7986014838357792,1.8557284004401833,-0.09490115476182076,-1.4766049058262511,-0.2679310458364102,2.921643301234166
-0.27344344102708223,1.2116400534420584,0.2919232904831485,-0.5005553701046774,0.23603003110441428,1.404793684568677
-0.2283289541223958,1.2988243378460091,0.3342746405790895,-0.4201293782927458,0.29051139058870806,1.3816427327383136
0.5070195902891725,-1.7640285251094274,-0.8771000782148819,0.9411206696747598,-0.7559231988879039,-2.2771703978227458
0.9536486674126148,-1.4577504006760993,0.10910078403674564,1.7721091344523898,0.3302460679092945,-2.958614582671947
-0.06775709497690263,0.2938254300832863,0.2645183713759196,-0.10712726033125386,0.2475735512419166,0.3178711992068987
0.11402129796672573,-0.43839298977962976,0.21330328542841637,0.23753699254372687,0.23256473805483108,-0.581592721304219
-0.1520334934172558,0.3157826340657994,0.02708762833403632,-0.26785061994553455,-0.006436007531442158,0.5095639941512153
-0.6130158013799437,-1.5470079054560801,0.3227160964586466,-1.0382201387420393,0.13535180866087568,-0.028714356335432175
-0.2470910055474549,0.6251575857225418,-0.3003418257425926,-0.45873552877561286,-0.34688143793736353,0.9441107879276452
-0.841142833821004,0.6671471729521682,-0.3477525375931605,-1.5309186089297102,-0.5454289760806813,2.1195215626794974
-0.42413755826704347,0.19871554250973436,-0.8009530382555071,-0.7840206491225525,-0.8897438112028727,0.9899117133593345
0.023659646404378107,1.0566043664667233,-0.09817280331165204,0.024500019729261954,-0.07232485857186458,0.7387319770031779
0.3599481270114539,0.4582086339778392,-0.18600194514174256,0.6424898146157969,-0.0813750827771754,-0.3543760597080798
0.06319723976979627,-0.2900636395877988,-0.12978687711043851,0.12995773866150262,-0.11439677392717204,-0.3527995369095383
0.032230154206870996,0.5162742124156717,0.18314510215553564,0.06412774645372032,0.197046871582313,0.29840077995325737
0.11240691727727117,0.1719309770464719,0.29653059436644225,0.221540768954354,0.32334721407699263,-0.12205528887597411
0.5292054698274337,-0.2468643148032769,-0.2922402700067359,0.9619457705835239,-0.15309869318362643,-1.2062169625898886
0.30260731874399,-0.48517137179785597,0.06361053454135523,0.5729365344418134,0.1336154411329946,-0.9708258825003911
0.1287468465739996,-0.4903095040700935,0.11527297914105783,0.26192819910626086,0.13946018100852364,-0.6436365344489835
-0.16654847366532632,-1.8056479032610624,0.015690642719013503,-0.23860873944815686,-0.0548220302400418,-1.0645698887973147
0.04963734810503806,-1.0296261887297637,0.26397072589874804,0.13897926823193066,0.25633285997703326,-0.9073986958305154
-0.08968241732939726,-0.1893045195411031,-0.7789210750812458,-0.17095979199281378,-0.7882790322687454,0.05313419502014658
0.3690261979263339,-0.8377063590516942,-0.18047981753649286,0.6930999630807979,-0.09408374990112513,-1.3511285177154628
0.08586028975420629,1.335355350723784,0.2947585325969582,0.14310085449093377,0.33314814277421756,0.8079507152116453
-0.03689558154211143,1.182183648453395,-0.167009016066562,-0.0902566882651262,-0.15337384086990224,0.9537505506238287
-0.20214751366698086,0.7096974402098126,-0.18904573143661407,-0.3760987430622013,-0.22491870571824982,0.9154494282520487
-0.029121815062382497,-0.12123792253249488,-0.09534929917939367,-0.0394477793465382,-0.10172034595542728,-0.04985221558095708
0.09563643214300924,0.7493283001961066,0.5152830299122441,0.1839408505200059,0.5425299715341894,0.33416868662573235
0.2725661525371404,-0.7058751281021257,0.27869549450596515,0.5323003366001224,0.3331945566116111,-1.091838266545527
0.12658236865608646,-0.545113538030842,0.3385370466262706,0.26740355448032854,0.3568413806991476,-0.693319761025318
-0.04493629394533578,1.0145276778432148,0.4250193323849605,-0.07929306542277827,0.42211074468948323,0.809554701239839
0.17488920584683643,0.9105101981052734,0.46050847264621564,0.32042592018222626,0.5117720700590045,0.3067584454032323
0.31714850715754844,-0.4282692639414775,-0.018778081958548663,0.5946904576085317,0.05751020400959361,-0.9511792557980363
-0.09223767242257279,0.3731037819538377,0.2292766431795512,-0.1545327310884508,0.2079927296527713,0.4267479978073386
0.12785323451063196,-0.4642283334365239,-0.5511483275294732,0.23596089482723165,-0.5134627012760568,-0.5850887398094893
0.13853323346952334,-0.15189213172184707,0.2943645301381715,0.2770095501479357,0.3228310111246515,-0.4167521042863803
-0.029578093395276985,-0.36133062966164337,0.05706346351626097,-0.02854261714722027,0.043739946260585263,-0.23884679396302144
-0.3535862970170991,2.304811484612744,0.016525681550116727,-0.6833504479624881,-0.037216884306889124,2.3999180906505098
0.2505158982885342,-1.6823773361886871,-0.15969128640512498,0.5027075031563902,-0.11751510764353315,-1.7627658559481496
0.043378632409269424,0.7593073231277652,-1.0515640286442156,0.03394722764512827,-1.006287509517724,0.5293769462827796
0.7449694804095753,0.6287888088955189,0.14410846954470094,1.342835621940117,0.3438309558239599,-0.9834461577484376
-0.18960121645210332,0.2561177225480182,-0.10220992896715322,-0.3385032223199927,-0.14375135795264027,0.5438529147100231
0.2628111498227202,2.117607331857118,-0.4081092966512707,0.4161082908923663,-0.2978289390169492,1.0981817363283801
-0.04234953113625846,1.1179324330010527,-0.7931218488787808,-0.12062652514682262,-0.7693920895527167,0.9505698825918957
0.1448258375941182,0.943627575148109,-0.5513491549486484,0.229492317891924,-0.4870738539628062,0.4458959340498533
-0.13060842712922444,0.01871563786382107,-0.4613392994430977,-0.23882154466987365,-0.48428303759723035,0.2712012986534066
0.14350364597204374,-0.46437473418161584,-0.012061250972924972,0.2832878661724735,0.018874092626863948,-0.6452944925269508
-0.20576569459607064,0.23260835787088957,0.4436147426463266,-0.3475949070648402,0.3866391618616255,0.5267317653910042
-0.2079092809729069,1.2093573993029592,0.4589275129893824,-0.37659024970493016,0.41651174355805654,1.267887696804151
0.09312036779494971,-0.7404899243580203,0.3100993684525904,0.21129284224017225,0.31728414072179467,-0.775060397583728
-0.23373513590805195,1.1776380888076072,0.47131394758304623,-0.4218072545385834,0.4215094812419757,1.2928410588290395
0.20851541639678212,-1.1079151508332972,0.28564955365106165,0.4278154220900811,0.3171946806036052,-1.2729216170455746
0.01810327946590165,-1.3252140233675054,0.21546822135552107,0.08826114880538247,0.19602572258352136,-1.0674300330277848
0.39658314120429494,0.5789412336263385,0.1679749567369468,0.7178389681888231,0.27685410029072177,-0.35325694766588583
-0.2564598716983312,1.2006516450597275,0.34398897717450927,-0.4678436323814751,0.29124883241026694,1.3609698458671096
-0.048467725591319406,-0.31223352382852054,-0.019644218875414954,-0.06656288408531037,-0.03551704529995107,-0.16119946469386925
0.20801014606986368,-0.8101148171373679,0.32994034509212417,0.42064946735866515,0.3651709965260632,-1.0494433841298292
-0.04466623266072488,-0.24823443502130565,-0.1940093575697957,-0.06759607599814169,-0.20441036639225532,-0.11043842513667138
0.1266420156227626,0.24923820283593165,-0.47387742312620457,0.21776704388195536,-0.426785945867388,-0.04807409655175
0.24792778762228657,-0.9894019390669769,0.09466998820247878,0.48886444678181207,0.14203590332919133,-1.2484528541075017
-0.2098785213096298,0.17138306650839172,-0.32426445812019283,-0.38066594139184423,-0.36792005716370624,0.5311592314028099
-0.2720094866785138,0.5354573643282841,0.46416732244010134,-0.4740774295366555,0.39452812463691295,0.8816163870165724
-0.2432136415645853,-0.8326914604489941,0.21859693549347525,-0.3949921830711823,0.13967415448807802,-0.1935902346701125
0.5184773246581681,-1.189228383029016,0.43105561221862726,0.9931029535844991,0.5381114439957339,-1.9378225688192572
0.11645373040956063,-0.7606287264502787,0.028453158796829036,0.24382160460707794,0.04694760364419748,-0.8194015701689272
0.7351887827650104,0.7387407281701602,-0.20413883924216203,1.3099672572826473,0.0017629700591772525,-0.8621937701525996
0.12187043768275077,2.192510247385775,0.022169786826572318,0.1757061332841311,0.08879479874279886,1.4015129594491387
-0.5011180361517812,0.3512960367334165,0.3386324899831161,-0.8861294055524171,0.20968488527258233,1.1895534831452763
0.05517989702278542,0.3029673272607136,0.2845685846084882,0.11465224039560219,0.29897787305049944,0.08752446216367069
-0.19515739961935097,0.769906964126918,-0.2750876677238876,-0.36815477878425784,-0.3064936448492425,0.9523022200421326
-0.12097089332589046,-1.2240660996471349,0.23449771933495134,-0.16407954654760767,0.18051171528688134,-0.7249452269705826
-0.3728331371971968,-0.24816713730868956,0.17412071696411888,-0.6452775456405755,0.07198406133388927,0.4994421823502494
0.13307305137994757,-0.21415051247571212,0.3547341238633045,0.2709616483468257,0.3796076445961737,-0.4566611183687269
-0.02002477386751105,0.7058682318549424,0.07984092173995419,-0.03859444975170462,0.08536330577739501,0.5477569022932396
0.1615592369151428,0.02362044136523625,0.3519240646861334,0.3158904162221265,0.38793128037739066,-0.33159483170640974
-0.25941421746327,0.21743183956444498,-0.5174405520210476,-0.4779114673589829,-0.5692462258026001,0.6718570668039762
0.685749065239074,-0.39800166780629886,-0.2916813883168858,1.247744554774706,-0.11468488950503895,-1.621113014174272
0.05631541459992443,0.4565239418795614,-0.3129352553903849,0.09143427929542902,-0.28387084988410455,0.23463733295081904
0.3979211889491083,-0.9082309521134845,-0.533302275687867,0.7344369843503324,-0.4335395215095228,-1.4402512663887248
0.13159428536686796,0.2081238967593934,0.10460916707409318,0.24831221628124867,0.14076565424924056,-0.12087551502148536
0.1347536613372619,0.6229075995492453,0.4090699766089684,0.25390943247013353,0.4465019727863034,0.16944479915540597
0.7351142555772106,0.7010829175721672,-0.03308561188323802,1.316899419077434,0.168784633348093,-0.9000293111429444
0.21019620796177907,2.714535910150006,-0.36059594986281146,0.30738586972286086,-0.25537185334837137,1.647550559396819
-0.9476662760487897,0.7358969153175275,0.09224498011209399,-1.708856790083405,-0.1405285002920208,2.3515545836004406
0.08252305634990971,-0.3771657701665321,0.2972025018257012,0.18220530200360185,0.30765481695624397,-0.47951099082509513
-0.08025234342131095,-0.20324740510816705,-0.37215996132267715,-0.1391683033968336,-0.3874412254833844,0.0018259911101209114
0.0856600186415931,-0.6362060778550569,-0.13639089662334125,0.1792606934242058,-0.1205565352189087,-0.6570735088115748
-0.2572369446517283,0.5846077565870395,-0.43075499999153577,-0.480566426198942,-0.47793751128145673,0.9402310264360354
0.43455857167063416,-0.6284564311334312,-0.18738379295017926,0.8053226520620953,-0.08069681263483743,-1.3185384517573402
0.2585623117532558,1.153116376000391,-0.7791611499074641,0.4206371586416251,-0.6777823568056386,0.3983839551186699
-0.20082276006358357,0.4646742294870906,-1.0027865620819822,-0.3961779466668313,-1.025926049123926,0.7731361466128424
0.07905701344788232,1.001857306451644,0.5145828048342074,0.14743074958299754,0.5415666247237526,0.5568280053798583
-0.7532548071117362,-0.3805424511390995,-0.2878847647281062,-1.343032847459724,-0.4806957685941194,1.1558876165547778
-0.09924972615246667,0.17685800855391387,-0.41756300770300697,-0.18497331833929745,-0.4308221986652487,0.32799868477900807
-0.16890959306573616,0.1153964931680298,-0.32994361800535016,-0.30564461063201875,-0.3638351942126226,0.41048754038435414
-0.15571173076022216,0.9606470536261897,0.34094087169876075,-0.28027786628005974,0.31037851148113715,0.9863106749233601
0.25388725823381475,-1.194743161419251,0.17293685698338548,0.5077715316408635,0.21703007661111498,-1.4193866156901087
0.023654472316004475,-0.03677312670369442,0.023405109976153218,0.05755628990049294,0.029564508942614375,-0.09403094756735882
0.04514219502236698,-0.18137339731096286,-0.1837840761601896,0.09267979493074228,-0.17024187555502857,-0.23300049903299094
0.16324131877379927,0.5858309071827749,-0.40252383687691046,0.2773370882000652,-0.3421347111451296,0.13193230493692115
-0.2272478208423097,-0.8223389713746129,0.26132214664331654,-0.36500545386322686,0.1858142759643772,-0.218816684429858
-0.6580431970766021,-0.45068650467065324,-0.14862917866079867,-1.1648447415303749,-0.320848453454977,0.9122571156961569
-0.6353902419785966,-1.048497655566267,-0.29748797231981655,-1.1136358600305813,-0.47034386174129983,0.4254184273306402
-0.3150056263994716,-0.06650827108147271,-0.5658394903664042,-0.5722394767995349,-0.6354538187708804,0.5668283804444719
0.0032591563165975564,0.9517336016092928,0.006585708739071581,-0.00574583407040951,0.023439553501677476,0.6928552964653543
0.5178508534289223,-0.0006861441789607001,-0.09148690652335403,0.9421643112652622,0.04460927029246811,-1.0096146987734427
0.11297208522389611,0.02400305101590012,0.2795675022344557,0.22584488508819023,0.3045335126511124,-0.23394894922790183
-0.3050538927847437,-0.2748486479406509,-0.8038270502131795,-0.5573009199359864,-0.8694154484735985,0.40357999454098836
-0.09190686299566751,0.011067577231328727,-0.41520906612729946,-0.16731236522155135,-0.4292440727490056,0.18851594826316026
-0.3618141516143958,0.7004123984170652,-0.6181796695656456,-0.6785257920813552,-0.686678833899736,1.239029092647361
0.0530211928269042,-0.10373285308077355,0.02053055246872223,0.11207979128648105,0.033241487850780946,-0.20086324313137127
0.02225531693783414,-0.4771617060778373,0.26748506961507373,0.0752864914502891,0.2614563886296411,-0.4376363608603338
0.07710075984639475,-0.09217533476717316,0.19981365049170702,0.16149184313570755,0.21531606165346745,-0.24837215233136123
-0.20558194557213127,-0.5857228985671283,0.30586007844628593,-0.33064213030408923,0.2387678712235275,-0.08416037151197579
-0.05332174536569323,1.170072460671287,-0.48900213449995755,-0.13094615973064114,-0.47334762168659505,0.9940913820650052
0.330987521238635,-0.24886357299006195,0.10706661354648914,0.6193564710500548,0.18723037254279673,-0.8492389885588524
-0.1496237724577562,-0.072766454618459,0.31659288599944196,-0.2430131227905935,0.2717710735808389,0.19527426005742582
0.5122739343418813,-1.2686083466893412,-0.32951322877937456,0.9570055476134673,-0.2101075856358215,-1.9435019219200869
-0.31341160227487785,0.2279576574886794,0.081818812177397,-0.5541055719135439,0.004320582367388297,0.7501400552243137
-1.3438951925785898,3.1997086878446916,-0.01660248693157783,-2.4907811680199385,-0.31019353404048206,4.979994096354928
-0.09957801497468508,0.2517208467374437,0.22827068058343103,-0.16459096511362123,0.20320356229336597,0.34920373064805316
0.2920702932812447,-0.32091968468991866,0.1063954840246975,0.5511694436587953,0.17542864018197776,-0.8288851010059329
0.00845622668717039,-0.1536899943412868,-0.09719999742993661,0.028986607970006947,-0.09438394420378851,-0.1464447256211336
0.35681646521364174,1.275110625437199,0.13056483162491492,0.6266197157753175,0.24095472111069388,0.251136534065063
-0.011265468442817082,-0.40746805213172005,0.13098690587796313,0.0082622195958129,0.12016668409732521,-0.31299478373891015
-0.08492713689526125,0.205251151525351,-0.13551544289717726,-0.14991768725580898,-0.15027966608721732,0.3062241652182387
-0.10803935232704415,-1.4602834583228814,-0.060180761281511536,-0.1450576924627219,-0.10868184782938164,-0.911818641317208
-0.008433038883023838,1.1495931015156167,-0.23086123498469144,-0.04043056554671705,-0.2091460654985188,0.8780166515102439
-0.4500459202734117,-0.41683287408325564,-0.42530803408935486,-0.8011324355098031,-0.5379825424036864,0.553727775449664
-0.797105468528559,-0.9347371739822253,-0.15955861461148182,-1.4028423169519275,-0.37495644189135724,0.8142959200677798
-0.12981488957619358,0.9976255516587814,-0.210592564461834,-0.25422317936813343,-0.22289164675384932,0.9952314095153758
0.26870354388214623,-1.000530846780863,-0.06726010796313447,0.5208048056547274,-0.011492124576951106,-1.2877445323414152
-0.3044036826193489,1.0121209440891,0.4290961963569492,-0.5461706713561065,0.3593520012859516,1.3058914291636219
0.6091882336837317,-0.9544876207938743,-0.5648378369001654,1.1148497690635912,-0.41085251808470424,-1.8792386125982123
-0.024340877365404585,-0.004159429782877566,-0.2818500862544729,-0.04054444307698958,-0.28141717383402665,0.03980282251171161
0.17647776694606027,1.1942362282736496,0.13935627815888174,0.3044178221375888,0.2019239706165174,0.5359421731517451
-0.07246747016870239,0.7492543694427511,-0.06729024808199524,-0.13936743872901555,-0.07162751158441935,0.6894616759920275
0.1497469346271757,-0.1388174404331871,0.23741826741039712,0.29482950264520197,0.2701123766818373,-0.425241259072255
0.24591891007522515,-0.09067183039074142,0.2608363454315197,0.46752155111197624,0.3185508820888822,-0.5749000673157887
1.2925732039508817,0.5914287775943777,-0.6507653336482278,2.3013624209830343,-0.2949453673965968,-2.0192165262718804
0.25648084636388896,1.0534299415292716,0.44342542992114,0.46294039046465163,0.5182656629675414,0.25895956933864633
-0.03371267134842292,0.8905451165898993,0.11080141502838228,-0.06699069798961783,0.11510054194177759,0.7118389699487061
0.04785579091461604,1.1728649298293123,0.3855320977819411,0.08218291558808405,0.409771119316845,0.7531375976329089
0.09509467402677542,1.5400167433397935,0.0898630972266012,0.14706502338895666,0.13795173908209096,0.95624153366239
-0.08329992507119142,-0.3714495772203203,-0.1737329960220504,-0.133183522500713,-0.1964177710187638,-0.1304446273151888
0.08854923135253982,-0.6448551613383825,0.34197721745171505,0.20168198638789905,0.34885913290128645,-0.6958082837187133
-0.08336330966695334,-0.4956952870751948,-0.08147747797433885,-0.12675384150104843,-0.1079831040821172,-0.22932494875346973
-0.15817374093824416,0.7439456067978093,-0.8346540225501629,-0.32077247150712024,-0.8457789232169816,0.8928267165589908
-0.2043909340816959,-0.6736921491453581,0.28993170878468577,-0.3267510528997277,0.22207552311382187,-0.1520176053357091
-0.22112585183169586,0.8887669743594976,-0.4591442706689458,-0.4245656224498008,-0.49167351756970534,1.1022300279734347
0.049774703139976804,-0.42417549189768133,0.28442726048670763,0.124034822853379,0.2859723564636489,-0.45141039057217025
-0.06613844561560661,-0.9384013292760062,-0.02454608751907353,-0.08208426654404077,-0.054747996775749874,-0.6000273524429421
-0.5402086613001107,1.4445245971117688,-0.15597023935969354,-1.002811651262184,-0.2678304084168878,2.118080902340666
0.0540856266891436,-0.5168903649469817,-0.3008639294544698,0.11344187435846838,-0.28797840719913825,-0.49712466552803075
-0.040473191307534226,0.6520250688652913,-0.1737974407696074,-0.08299932869254707,-0.16931452143001846,0.5604886994576923
-0.25328939779531673,-0.6480200572889259,0.28629338705450547,-0.4155808628852902,0.20634197908702584,-0.03849712936895751
-0.039010098059808075,0.014377386206687754,-0.2978134203110416,-0.06800597358587526,-0.3005407991927263,0.08287242092472052
-0.2251713766968616,0.3340469951882609,0.2223256382984503,-0.39305619289191973,0.16638326251821886,0.6529671089292971
-0.08299359694612442,-0.20516750662002675,-0.05262458421922586,-0.13270186088196148,-0.07502601105979993,-0.012161385389687529
0.19520624353084765,-1.0723206831163015,0.017237980379461584,0.39338615003703736,0.051286218045725196,-1.2055134813893102
-0.25727003352221095,-0.9387519918686925,0.2612054712160369,-0.4159940139888301,0.17614294229090285,-0.2490888592543153
0.00825811039965409,-2.215569773130404,-0.7175491450577173,0.06080411497405948,-0.7349327501332873,-1.6691638623324627
0.37386334314118835,-0.854620861027415,-0.18266882518352323,0.7021746056272375,-0.09525223209056884,-1.3730758712183513
-0.04086415540289933,-0.04672776523658442,0.14380205043318584,-0.05404975981608541,0.13080903370145375,0.015667764931821752
0.03200974559104853,0.9360281541524453,-0.13057850039531124,0.04155065978258919,-0.1038391515661007,0.6334084952253642
0.1052907360760874,3.109141662165369,-0.18698973089439194,0.11433010232985084,-0.10598028198813308,2.1374873175215714
0.2868245499263733,0.18914124108483477,0.27698704813597536,0.5343756332378853,0.34931337507050453,-0.4429842827768434
0.1593249581784354,-0.7748498101996456,0.3246070672520541,0.33189116654692846,0.34798261849321377,-0.9289911027188857
0.03600502461712364,-0.5777173786462902,0.3114727020446409,0.10424465486831133,0.30651331225603545,-0.5424627795631324
-0.13076448099748356,0.39911948672859854,0.1031861627522134,-0.22905062391616515,0.07492614415440461,0.5274284452701599
0.5361813467399007,-1.2922205144710852,-0.0390772907798982,1.0109807883812294,0.08029937253755294,-2.0234419651609397
-0.09504749913765065,0.7373354436823479,0.42232462817675764,-0.1623096567531383,0.402209735206494,0.696551121880842
-0.1028637805001571,-0.31383521340790593,-0.047266658185103505,-0.1654241979208642,-0.07659952179748536,-0.05638721909632642
0.13705284983884414,-0.23631564244878225,0.25801234171728177,0.275272930923578,0.285492033261262,-0.47566163229209424
0.0698488167709174,-0.14166168584282565,0.3694862141102898,0.15576537678924793,0.37895243888879787,-0.2812804239023638
0.08174218036307239,0.7799140399019281,0.3922453877745359,0.15375406542194392,0.41886105868299744,0.3908175776126811
-1.0079947664419528,-1.4647962459955268,0.4922458343882473,-1.7453892464524443,0.20123171910667056,0.7826191892004183
0.13530557218955558,1.4085329022418183,0.09465982576573377,0.22307885699222274,0.15091660353271547,0.7794072961667418
0.15933875865031671,-0.7325684577286807,-0.19178056111969474,0.3124609950445382,-0.15741555777699018,-0.868306506414726
-0.1179013186341643,0.3299273142691478,-0.6055471189511624,-0.22925150026578844,-0.6174297769007302,0.48993480671760603
-0.3158869587839348,0.7678904080912793,-0.49257285805790835,-0.5931612381090989,-0.5507077105042709,1.1947914758663551
-1.1162302200239207,1.0523188674390678,0.055250343417549974,-2.0219341724931854,-0.21513190865278517,2.9164344900009884
-0.026443919527689104,0.9452206049966333,0.030573272160359145,-0.05819311812068628,0.039207520510149516,0.7436519305019044
-0.07965334449872635,0.6667404323170727,0.27505214148285007,-0.13797295779890154,0.26072405874376814,0.6218556776620725
0.18699845379340624,-0.5426704954595483,-0.45056660728204656,0.34806770605571075,-0.40092109638615203,-0.7635575577125426
0.6108774952934373,-0.8491890927552849,-0.23483798484066207,1.1268446527407776,-0.08535039035266878,-1.821320038324028
-0.5092915950079074,-0.12541302276863422,0.2723596715727253,-0.8906638561702047,0.13511033825916105,0.8488123195258961
0.5051988593117659,0.24435529074445925,0.13857456368696167,0.9211183331019501,0.27068816798105133,-0.8130120360563267
0.2853912942255599,-1.125237758907299,0.33106457011219326,0.5682738539162928,0.38119567658631465,-1.4362006158334917
-0.19093336157790453,0.5647084268619734,-0.11818435533623577,-0.34958216046284596,-0.15487832837856216,0.7804285984166776
-0.35426505193618474,1.1496242023011594,0.24097453868548885,-0.6462274196072351,0.16433904485450568,1.5160231269332487
0.27276723502099287,0.6440983958507173,0.17846373632287357,0.4936086376234778,0.2563252770361914,-0.06679368607151348
0.07846457548691747,0.8195705037996601,0.3738661421008267,0.14615830067807606,0.4006322441866399,0.4280958663200213
-0.5249058927934821,1.7950688134671582,-1.0169598432096238,-1.0150649547497441,-1.1021478506469933,2.401476607312408
0.07371438250819672,-0.2007832824490846,0.15775979257734915,0.15675742350226562,0.171517536674399,-0.32157330991327104
0.013303442014003351,0.6968538564284529,0.5019607155966569,0.03663378312887238,0.5074755498499208,0.4534130179852723
0.7588068194044109,0.24220707861460974,-0.14214603537540105,1.3677406543205954,0.06075259937713404,-1.2861225232517197
-0.14497111903915244,0.12720916671263863,0.21797828822111168,-0.24339829865335055,0.1794797393392595,0.34290452122354553
-0.4238731843961679,0.5071134958098632,-0.5735083873880706,-0.7835736657830195,-0.6619082752783475,1.2097136621911813
-0.07107598397715696,-0.43606181440037745,0.08604619583228884,-0.1002515681321745,0.060293745623706194,-0.21720899859685605
1.0335575853094208,-1.7825432857498673,0.15875200290480418,1.9262619776937555,0.3943253966827442,-3.360235922029445
0.19184961311917548,-0.42053027268318793,-0.6888957012731765,0.34512330204185937,-0.6313126399934212,-0.6673259852899177
0.28401535695452,-1.3618516801989016,0.27028007575721325,0.5698587165095339,0.3175372914705585,-1.6089228477456639
0.1586297880644269,-0.053538931078770016,0.27449576142098175,0.3098951195528051,0.3100790394775631,-0.3799448061535837
0.6666228509464908,-0.9677698639601398,0.07661199763721341,1.241377003979382,0.23233813090785793,-2.035329469156495
-0.14332590551315028,0.3355885081883187,0.17928722757745966,-0.24728969782338223,0.14527388998032134,0.4993215818558644
-0.23296154943756553,0.4117439616520001,-0.9952797796789669,-0.45237497738584803,-1.0276684785169734,0.7944632197507931
1.0173917898286002,-1.617463868326722,0.36422938317087494,1.9001196117121502,0.5941458358176867,-3.21592218917124
-0.7945415152298004,1.7058696486942728,0.16594838235329204,-1.4560901954438026,-0.013615279728663972,2.786100508565135
0.5720197654631608,-0.3027793832795522,-0.13187284902042196,1.046185582766286,0.01419040551473864,-1.3396301059225368
0.1445182259500174,-0.2821597863630752,0.19568520263966535,0.2877031957219803,0.2256062746204041,-0.5211618957260139
0.17126518560627768,-0.2979544800139978,0.29557265739762356,0.3398158198796705,0.33012583432460263,-0.5900343673683534
-0.03676809589976546,-0.04487277063618351,-0.7028522447066853,-0.07680017266428385,-0.6978447980662027,0.05637089977217551
-0.3357499836620631,0.6850953809035253,0.3247035484440563,-0.5977095790469733,0.2438235942211468,1.124863378461607
0.1645902974676361,-1.2972256308742398,-0.42980102999783026,0.3283054295455767,-0.39824207759141633,-1.2917069118058322
0.1856032247227748,-0.5708269515657608,0.31820223840377093,0.3736049046814407,0.3516829209451091,-0.8249788224320789
0.10513655864602736,-0.045826111287814046,0.19686062554467076,0.21063757670729613,0.2203623887000055,-0.2670436440712682
-0.4778103515725975,1.159792386475025,-0.8811696625854918,-0.9087587725914383,-0.9669886776081773,1.823526903246689
-0.19310694655747468,-0.5260017343170958,0.06698247522218337,-0.31824069462542526,0.008813856327172093,-0.04969692577827248
0.8669318946196267,-0.1455869513757679,-0.6418238526609681,1.554830298608412,-0.4072595939013601,-1.7589311551957585
-0.2857442147306612,0.5562639137136999,-0.4000024300130709,-0.5300467737653951,-0.45557681998515603,0.9718616126394737
-0.2458697970392546,-0.7894530824123274,0.2892914853102888,-0.3983992864068287,0.20895557771219897,-0.15976218304300577
-0.4071387538214758,1.6102959668459187,-0.8006191401558541,-0.7905209884887245,-0.8627653986428956,2.023629979533747
-0.27479794038629257,0.3905468288083285,-0.4340844100771423,-0.5071952860971962,-0.488778854389879,0.8275428395287971
-0.05603523467373707,-0.45039543522584485,-0.32551381279485625,-0.08741841613375229,-0.33940126176956487,-0.23399839538966435
-0.28801810737289135,1.5300575444158684,0.38114428919733406,-0.5319946752935434,0.32474654629496846,1.6683684411883184
0.3455839330483936,-0.6856834910252229,-0.5835968394760165,0.6325832118312933,-0.4927737498589644,-1.1687954203121536
-0.0026126294570968395,0.06542396696420777,0.022381072062154072,0.007547691972278409,0.023420018816963085,0.033685144099833926
-0.4289119050985997,1.0280407420347588,-0.6967851219750115,-0.8107194220120633,-0.775794973123431,1.619798077423372
0.12524607623401354,-0.25805478351098105,0.1650132537785462,0.25128672143333797,0.19097229346685285,-0.4642250612863099
-0.10652455770757324,0.24798914436224476,-0.11753137919777396,-0.18928156023166492,-0.13753367491033816,0.3789930127504598
0.48413356671180696,0.24305015318290016,-0.6706772401775196,0.8544848947620354,-0.5278301053136857,-0.728450397378139
0.16483124072179628,-0.9973640378384249,0.2678130694360236,0.3456362488802398,0.2902271469676519,-1.1045032376586068
0.6410385460976299,-0.08978917070058615,-0.3490637815048799,1.15711615043187,-0.17755214123079638,-1.2991954049606198
-0.16184754920751776,-0.43753923911385223,0.09234389563385202,-0.26339336576064143,0.043102434636996964,-0.04432298873158865
-0.638238470291583,-0.4667084880959307,-0.6407115720662564,-1.1462515785404637,-0.7982585353108073,0.8895277623313979
0.2958943689216666,0.11226755717944982,0.2236209484278504,0.5508283097721749,0.29813237201860693,-0.5155070620467141
0.1432579659471636,-0.4340807982911424,0.010673514310737622,0.2828567136496944,0.041569555593764226,-0.6232034503804861
-0.2884677650334624,-0.5286039810117714,-0.1343361181607832,-0.49698940297127187,-0.21304290392129757,0.14272118860023592
-0.008627528156185376,0.45113489286079406,0.2526688345879363,-0.005240790987188049,0.2536475872523045,0.3237964597602581
-0.8559883664395361,0.05412187471334944,-0.08044838298177982,-1.532030280774194,-0.29695929293282036,1.6700303389460398
-0.46068142983806487,-0.6413688555741666,0.15594260194814663,-0.7937272660129553,0.02537470755502678,0.3721460501768645
-0.3562474628970453,-1.1670665592518776,0.4634902675408242,-0.5809818745788689,0.34533214340490676,-0.24272575016717618
-0.5037581070241076,1.409886386681731,-0.09408437559435484,-0.9340853769181263,-0.19835545212417197,2.0184515857702685
0.1365915011444041,0.21439951170143462,-0.049099094033491164,0.2516829660753398,-0.008487210143435928,-0.11716964658770962
-0.015083139235007818,-0.4014177873963546,-0.048242085624021255,-0.005135969432380615,-0.05636705666373659,-0.2911057927251273
-0.2745664698719106,0.6253099616080616,0.44502857500285115,-0.48172267683606723,0.37653257015805885,0.9554738361663337
0.27017637932991406,0.0356526521744503,0.2637947611713408,0.5079729422047213,0.3296813410649879,-0.5262256781681977
-0.6670423904767128,-1.141201309855932,-0.3466994689690483,-1.1699259141298162,-0.5281738697617893,0.4189236230785964
0.01401147637531802,0.38392492449627774,-0.21291390214417766,0.02074171325817608,-0.19787153698841303,0.2554763795168671
-0.20145779038104783,-1.0106862577703735,0.23917625916171276,-0.31441367723403135,0.1677693663899982,-0.4094083087384732
-0.16742266433900949,0.5594807363259888,-0.5780013090298658,-0.3234552695349295,-0.5995444205127588,0.7569378841424431
0.2508978309303335,1.549802794932466,-0.19217039189208865,0.4172615509717857,-0.0982304024886744,0.6800823783543877
-0.20962022344096265,0.13900474805671786,0.07183622625194527,-0.36527920374982276,0.019821040201515167,0.48413482109765194
-0.04216334848126431,0.2976742637574067,0.21937612083062671,-0.06275889347007177,0.20997494140054526,0.274133644500932
-0.10774404941584728,-0.4099708053226892,0.08742153384238796,-0.16689748468831236,0.05262505936374659,-0.12714338508068496
-0.07576209281194503,0.1500150521931528,0.4466183079894237,-0.11128795691097351,0.42170653815830705,0.2144592995667168
-0.2610198352541525,-0.11534747864860408,-0.5885622598155412,-0.4745789131939305,-0.644612192525271,0.4275031174737784
0.20017799326199653,-0.5871440370145425,0.04991852883779435,0.39074088806932444,0.09225012041581088,-0.8503539057563757
0.21748986415626087,-0.4312794646952617,0.31309001413091847,0.4271557623866964,0.3570743881496884,-0.7805194120968216
0.21534087000090874,0.536314532716618,0.29010942660193934,0.39703111262601043,0.34927290235887165,-0.044135905484461196
-0.4981215142678534,1.5995728662552502,0.18757925842488007,-0.9189203525738401,0.0821232620245345,2.1352325628282935
0.08142200140985943,-0.14474387723768925,0.15731158797729167,0.16914315970417554,0.1739446513295417,-0.29401769919915166
-0.009343899984609702,-0.055185065945400284,-0.08818582689199513,-0.005326330261720906,-0.08857199723945365,-0.03834043192681254
0.5003330868196519,-0.8508211388072068,-0.27492272974632037,0.9264647998299687,-0.15308390374383546,-1.6079872899424117
-0.22431562665623878,-0.9093595638240421,-0.18133119487894808,-0.3731632155551479,-0.24861348123651217,-0.26552767425977725
-0.2776110832795907,1.2286413410747021,0.18533234565671694,-0.5122912068378362,0.13076573576551598,1.4315810564633764
-0.10945705764413267,0.0513406509727689,0.04290562499217229,-0.18369120539495062,0.015839534694065783,0.22712790568491423
0.67889961860824,0.006032009966686793,-0.4620097820565972,1.218741130556967,-0.276993683620434,-1.293237237102925
-0.0947102521157705,0.4949842499447096,0.03731330637534877,-0.16900726315735973,0.02115322222516641,0.5342675288958812
0.5187695940723983,0.03714589628704889,-0.11547627531050315,0.9419713685139879,0.021932633482311403,-0.9814624210716988
0.36282971397746916,-1.463268887462695,-0.2048179777355342,0.6975278303515964,-0.1294027207120661,-1.8104558794657846
0.020796188983235014,0.9908059693928101,0.07440161870019535,0.027205532425343487,0.09502632256128347,0.6849096355128335
0.017370144110725395,-0.5143731587521495,0.13474218618287137,0.06275534475827854,0.12952253825844576,-0.4489691495338753
-0.27864807421262705,0.5160887019753618,-0.5709858051194285,-0.5222899801543723,-0.621953091515581,0.9374067427118351
-0.08531934748538614,-2.029457425742752,-0.4869890973755813,-0.10435448601917516,-0.5301035198671404,-1.3616666331430802
-0.31666967376046196,0.1732486167053906,-0.11892533901963584,-0.5656631878932841,-0.19411353307728613,0.7262518143039429
0.03564001592320576,-0.027495624211039564,0.22755947575576158,0.08614046437125006,0.23286767748812104,-0.12141789238155071
-0.8339192942253394,1.5771652795747144,-0.1898146272022542,-1.536230650013355,-0.37442594606143725,2.7843268501128393
0.38385145255085074,-0.10270361910876545,0.13426727173100647,0.7116440238975705,0.22978724707612547,-0.8418773310612695
0.13786277164203709,0.27878507405276215,0.32091126577892126,0.2654223407449733,0.35547268370467094,-0.09158527145945489
-0.37868093166546957,-0.2662010256797189,0.11739765290194795,-0.6573453766874442,0.01460617228302551,0.5002109346723278
-0.03521726191184047,-1.0146703553635885,0.2690659108635917,-0.01398577326205118,0.23974385573645918,-0.7333962956618786
-0.5598192007042898,-0.12937150372476156,0.2693970300676949,-0.9816233582941618,0.11915238821019854,0.9430397724222181
-0.143691457767067,1.4252398542570364,0.3881692670103717,-0.26917661883995797,0.367087036725454,1.311570820538602
0.19772357741354657,-0.885448580977633,0.00806643222921689,0.3926787862219383,0.04589479433518011,-1.0686639821565562
-0.5478270805943308,-0.9681182480943704,0.12937209216928702,-0.942957379029276,-0.028229793574788147,0.2941697137292581
0.2026092591011292,0.06331522148120625,0.01014804403798816,0.3766031073033208,0.06416630350671029,-0.36141428384704466
-0.12407224313493427,0.34538277805737144,0.15867274266339312,-0.21361959670172606,0.13017656188422652,0.47088700041288667
0.32990712322870563,0.8733820705625644,0.4695281571300565,0.6007812663171146,0.5598848350594513,-0.019549434819670464
0.23018270083957765,0.37248338693593525,0.30966577422248004,0.4287510497199333,0.3696688079866802,-0.19750081253614749
0.3906531068136336,-1.0056806356611792,0.18093748688790304,0.7492868768820826,0.26302122863776656,-1.5397020936863304
-0.5127490852932753,-0.48891889053793824,-0.28358912458698904,-0.9070793884075412,-0.4163559815792471,0.6118138924735916
0.08900279522355231,0.7142041214272273,0.21315989716626907,0.1621904866687909,0.2441838214096133,0.33720781133092675
0.2785806288721677,-1.9666712372582578,0.032956560435391705,0.5675467397397853,0.07401214590548032,-2.042176965584454
0.3232379650567022,0.8115420227256085,0.33309825789146924,0.5855551983275114,0.4234901952502328,-0.0458559895636924
0.46943251935402047,-1.0964131417805307,-1.0322830781809822,0.8503922318432602,-0.9071323566777709,-1.6919733461648514
0.027537172075637648,0.22133254894231844,-0.25903462921305764,0.047726800633931185,-0.24215919832055244,0.1092343772667271
-0.13282413306872543,-0.25192362938249363,0.3676497851447725,-0.20624686940165807,0.323299582541765,0.024815681987314535
-0.44133404066870835,1.546995796050121,-1.0532718049370564,-0.8593889289766852,-1.1201611892511676,2.05556733253206
0.14198567208493168,-0.5870655094750205,-0.4135908217211981,0.26951769067103976,-0.37695891182031727,-0.7126960484736229
-0.01641315222768358,0.7446748366433765,0.3960020021503523,-0.021882385556359588,0.3967479757198519,0.5525222516807923
0.06586086828673995,-0.10264725614384741,0.07286106333977296,0.13702377103764662,0.08784488886228303,-0.22762090213528693
0.1095971736572566,-0.2217463360306382,0.1478276904604012,0.2215509315120275,0.1706794653644074,-0.4057799079425007
0.304310229112198,-0.14449491483111065,0.15538895570374678,0.5703052711900651,0.22937502032764645,-0.7218437068898879
0.2957373677024939,0.13302354280448905,0.2413469347381884,0.5506296397452906,0.3157913973139561,-0.5005128094004175
-0.25252285420009524,-0.02411706284723729,0.41120816544331507,-0.4261671902795508,0.3388054507009155,0.4244028955249365
-0.1472774222548539,0.9608808529592401,-0.5753303963376515,-0.29764903106406737,-0.5854113027303436,1.0213347592960973
-1.2144274225714693,0.9784303025406762,0.06497400307806114,-2.196417871999284,-0.23201798664092146,3.0486892252421245
0.3139484889109664,0.32744010713039384,0.31505480881977127,0.5809195031510523,0.395777669581017,-0.3927256853175945
-0.15935426572790978,0.012145037035567475,-0.5381994926495083,-0.29312648451887996,-0.5671024493178599,0.32573426962298074
0.29035485924249327,0.9260038488214904,0.38246544277916145,0.5251042198732698,0.46522243345973635,0.10102609024802275
0.046439449740782596,-0.5209693763251508,0.3146235738923192,0.12164832672097414,0.3131799069167879,-0.5198099875332638
0.19409938405304383,1.4376083320525654,-0.17905486119363861,0.31843031418530937,-0.10175225387404443,0.7036914286999341
-0.16521010964688193,0.6064014889584836,-0.10895748916686952,-0.30404432846808266,-0.1385636023117519,0.7620029169768441
-0.16997726672386815,-0.6357689340104761,-0.2400296183182672,-0.28462316509427044,-0.28784876314828284,-0.1599440431577541
0.08063673697765271,-1.8557512296700056,0.051954194041691645,0.20897241799698305,0.043484139857047424,-1.5792317024841824
0.052886205065048104,-0.3592820331186425,-0.11122236802410738,0.11387544333777959,-0.09994701282303153,-0.3863200006723299
-0.38415004818059856,0.328770756362551,0.1860780910113313,-0.6803938889766403,0.08989897909143629,0.9563650345541921
0.031587318003850284,0.25324562429808595,0.048119670094638994,0.06508958364123946,0.060402614775843314,0.10845144314847355
0.1786242012471988,-1.6072502073556165,0.18889078667756304,0.3836974150371306,0.20680202924167387,-1.5873422572539624
0.2558234790702607,-0.9449258711486791,0.43329559658836914,0.5139375049952137,0.4766272496016429,-1.2488848240251738
0.11466815262642656,-0.11538514882022158,0.3648377958583404,0.2355918713450176,0.3863359297065067,-0.347259136789756
-0.1825996019191805,1.253480028221288,0.29917725959437247,-0.33786328156139933,0.26715788396316453,1.2615060127334916
0.15726357479006797,-0.23470627079208076,0.3001277918648931,0.31310942606989955,0.33198805791551056,-0.515612722138834
0.1696197710195131,1.4478294325220515,0.10770187556940497,0.2842803974316295,0.17314141806742325,0.7424571899491078
-0.24546545061566288,-0.46937216126861225,0.20815968903831436,-0.4089688913679766,0.13460108244715907,0.08578852493674055
0.23539766600689715,1.4739331873122745,-0.46851719109214035,0.3815368280348738,-0.37423823654172306,0.6679347503388852
0.3607740444546943,1.2990287191537648,0.22389572847248113,0.6364305302751476,0.3338157897250372,0.2564042259303413
-0.5633694435649244,1.0382852341019624,0.318276375257823,-1.0169778582908742,0.1845724020151855,1.8292500186629568
-0.5750879520647558,1.3461165372129722,0.3029041913615819,-1.0467126688293822,0.1713530357920862,2.0851684650699034
-0.4407123578985193,0.4507742985494018,0.39913036574177746,-0.7778552735962505,0.2860759945221706,1.1453079585195531
0.1113583877344342,0.8647282015531542,0.2569402514617056,0.20003201972227172,0.2952134497435931,0.4055427515467431
-0.5473106165172303,0.6260114009473151,0.37660326925282633,-0.975157894605901,0.23935564850266156,1.4836997966217966
-0.07294845900402033,0.5526781373397158,-0.03435017969741589,-0.1338948500292466,-0.04257208349123044,0.5400455280255011
0.2170305162309653,-0.22082310019902687,0.16352252890183047,0.41548257960726875,0.2136993072471793,-0.6123136028306309
0.20905436761212903,-0.4401247139028406,-0.025294601554114556,0.40018272574630576,0.023142815813873976,-0.7521464739375852
0.4279124177501412,-1.8824893255471014,-0.2777704549354826,0.8231184331985706,-0.19077986772895428,-2.248104539079245
0.0027722219434065222,-0.04452057117541644,-0.19832894977547155,0.012291818661385259,-0.1932305094652596,-0.04742000274717618
-0.13154988917009197,-0.05991737941276873,0.3923989677266794,-0.2081220457315979,0.35091248512837514,0.16604170431010576
-0.057094307009194684,-0.3400707540088702,-0.6351249010323046,-0.10322370933970779,-0.6413566100150532,-0.13136933190902755
-0.08624429354690075,-1.0159072054309017,0.29396793109383884,-0.10492606251074638,0.25100831355672804,-0.6377058932571703
-0.21731012684431406,0.4717789285811881,-0.5334533479545487,-0.40937294967021465,-0.5700983351367604,0.7840243485234484
0.2449854792896381,0.4013070934048446,0.38629318825768416,0.45736275258342207,0.4490261923700106,-0.20842788228517595
-1.3385460048010533,0.7343837836991969,-0.07443840903445226,-2.4183884173387296,-0.4044109380026351,3.110495257223831
1.02616820523991,-1.4037113839860789,0.18971773681876122,1.904099644494882,0.4287518247560757,-3.0615765467083262
-0.34226311372749946,0.2998131412389529,0.31438815072394605,-0.5996710015503453,0.22595833707890023,0.8468843501409054
0.8932645516410984,-1.3447744382335203,-0.15763103873748152,1.6509620809102963,0.05510092320696083,-2.742420635488651
0.15972754242513737,-1.1521022069313698,0.2690967640212969,0.34056265991725476,0.28773050917287724,-1.2116696261334585
-0.0438735148748051,-0.5920919047445704,-0.2475108425710278,-0.059028929275684344,-0.262066379800878,-0.3687498059095244
0.3970628534438032,1.2344316108358688,0.19631372656322807,0.7024751887105194,0.31509618170778453,0.13943743585555296
0.0661639446595561,0.3224642175215111,0.09432237633514381,0.12715478322586082,0.11566523046534617,0.09175462231743939
-0.13009623966835265,0.6414662380602496,7.712204201910586e-05,-0.2378820894045811,-0.022125541354729675,0.7149718749462777
0.1035168522275874,-0.6603658948638419,0.32320103987556875,0.22836709402520586,0.3340619072580117,-0.7352295379528786
-0.2679857074016328,1.7613389776804376,-0.35726678519283983,-0.5282439104262702,-0.390108070923167,1.845752460977851
-0.04224311153431119,0.6378743869988783,-0.044647300222928316,-0.08122570973521859,-0.043423527361639264,0.5460028056284166
-0.2339262267500724,0.5555019469738532,-0.08252101855172696,-0.4254677709058051,-0.1311275768797156,0.854066810951996
0.08222794153941015,0.5699233559273515,0.3698828898023491,0.15935517573510577,0.3937558294109098,0.23249152624090494
-0.5564039244408427,0.342162613319516,0.3237454990548424,-0.9859421545361091,0.18073569441954343,1.289675484681219
0.17008704729536822,0.04114899827283754,0.3147601894179489,0.3294609248492968,0.35397942244002634,-0.3326623857900421
-0.30179747763592596,-0.9133194417502457,0.20773921793494096,-0.49871895377084824,0.11269726370078338,-0.14136910138545503
-0.06213680008948867,1.0949631028448512,0.45135323515257736,-0.1114362651119487,0.444765308846491,0.9018915922202129
-0.09762542673976453,0.46602842213275697,-0.10566098317699114,-0.17857257578725536,-0.12017074192743546,0.5259575771457148
0.22442111187082225,-0.9504281459359065,0.3134221408478931,0.4532943336228491,0.35098786925445674,-1.1860457618695328
0.34747021079067103,0.6461812971595174,0.39541957997333044,0.6357388220525677,0.48818692850784523,-0.2207959853787244
-0.31355293691361,-1.6257114537442139,0.08200777854171194,-0.5056170315131676,-0.024788807885464868,-0.6499658690485283
0.5104319812457763,0.7851147526906934,-1.0110884828665072,0.8754824527149059,-0.8461212315266323,-0.3504924841631795
