[2026-04-24 04:05:56,053][dowhy.causal_model][INFO] - Model to find the causal effect of treatment ['X0'] on outcome ['X1']
[2026-04-24 04:05:56,053][dowhy.causal_identifier.auto_identifier][INFO] - Causal effect can be identified.
[2026-04-24 04:05:56,054][dowhy.causal_identifier.auto_identifier][INFO] - Instrumental variables for treatment and outcome:[]
[2026-04-24 04:05:56,054][dowhy.causal_identifier.auto_identifier][INFO] - Frontdoor variables for treatment and outcome:[]
[2026-04-24 04:05:56,055][dowhy.causal_model][INFO] - linear_regression
[2026-04-24 04:05:56,055][dowhy.causal_estimator][INFO] - INFO: Using Linear Regression Estimator
[2026-04-24 04:05:56,055][dowhy.causal_estimator][INFO] - b: X1~X0
[2026-04-24 04:05:56,061][dowhy.causal_model][INFO] - Model to find the causal effect of treatment ['X0'] on outcome ['X2']
[2026-04-24 04:05:56,061][dowhy.causal_identifier.auto_identifier][INFO] - Causal effect can be identified.
[2026-04-24 04:05:56,062][dowhy.causal_identifier.auto_identifier][INFO] - Instrumental variables for treatment and outcome:[]
[2026-04-24 04:05:56,062][dowhy.causal_identifier.auto_identifier][INFO] - Frontdoor variables for treatment and outcome:[]
[2026-04-24 04:05:56,062][dowhy.causal_model][INFO] - linear_regression
[2026-04-24 04:05:56,062][dowhy.causal_estimator][INFO] - INFO: Using Linear Regression Estimator
[2026-04-24 04:05:56,062][dowhy.causal_estimator][INFO] - b: X2~X0
[2026-04-24 04:05:56,068][dowhy.causal_model][INFO] - Model to find the causal effect of treatment ['X0'] on outcome ['X3']
[2026-04-24 04:05:56,068][dowhy.causal_identifier.auto_identifier][INFO] - Causal effect can be identified.
[2026-04-24 04:05:56,069][dowhy.causal_identifier.auto_identifier][INFO] - Instrumental variables for treatment and outcome:[]
[2026-04-24 04:05:56,070][dowhy.causal_identifier.auto_identifier][INFO] - Frontdoor variables for treatment and outcome:[]
[2026-04-24 04:05:56,070][dowhy.causal_model][INFO] - linear_regression
[2026-04-24 04:05:56,070][dowhy.causal_estimator][INFO] - INFO: Using Linear Regression Estimator
[2026-04-24 04:05:56,070][dowhy.causal_estimator][INFO] - b: X3~X0
[2026-04-24 04:05:56,076][dowhy.causal_model][INFO] - Model to find the causal effect of treatment ['X0'] on outcome ['X4']
[2026-04-24 04:05:56,076][dowhy.causal_identifier.auto_identifier][INFO] - Causal effect can be identified.
[2026-04-24 04:05:56,076][dowhy.causal_identifier.auto_identifier][INFO] - Instrumental variables for treatment and outcome:[]
[2026-04-24 04:05:56,078][dowhy.causal_identifier.auto_identifier][INFO] - Frontdoor variables for treatment and outcome:[]
[2026-04-24 04:05:56,079][dowhy.causal_model][INFO] - linear_regression
[2026-04-24 04:05:56,079][dowhy.causal_estimator][INFO] - INFO: Using Linear Regression Estimator
[2026-04-24 04:05:56,079][dowhy.causal_estimator][INFO] - b: X4~X0
[2026-04-24 04:05:56,085][dowhy.causal_model][INFO] - Model to find the causal effect of treatment ['X0'] on outcome ['X5']
[2026-04-24 04:05:56,085][dowhy.causal_identifier.auto_identifier][INFO] - Causal effect can be identified.
[2026-04-24 04:05:56,085][dowhy.causal_identifier.auto_identifier][INFO] - Instrumental variables for treatment and outcome:[]
[2026-04-24 04:05:56,087][dowhy.causal_identifier.auto_identifier][INFO] - Frontdoor variables for treatment and outcome:[]
[2026-04-24 04:05:56,087][dowhy.causal_model][INFO] - linear_regression
[2026-04-24 04:05:56,087][dowhy.causal_estimator][INFO] - INFO: Using Linear Regression Estimator
[2026-04-24 04:05:56,087][dowhy.causal_estimator][INFO] - b: X5~X0
[2026-04-24 04:05:56,093][dowhy.causal_model][INFO] - Model to find the causal effect of treatment ['X0'] on outcome ['X6']
[2026-04-24 04:05:56,094][dowhy.causal_identifier.auto_identifier][INFO] - Causal effect can be identified.
[2026-04-24 04:05:56,094][dowhy.causal_identifier.auto_identifier][INFO] - Instrumental variables for treatment and outcome:[]
[2026-04-24 04:05:56,096][dowhy.causal_identifier.auto_identifier][INFO] - Frontdoor variables for treatment and outcome:['X4', 'X5', 'X1', 'X2', 'X3']
[2026-04-24 04:05:56,097][dowhy.causal_identifier.auto_identifier][INFO] - Causal effect can be identified.
[2026-04-24 04:05:56,098][dowhy.causal_identifier.auto_identifier][INFO] - Causal effect can be identified.
[2026-04-24 04:05:56,098][dowhy.causal_model][INFO] - linear_regression
[2026-04-24 04:05:56,098][dowhy.causal_estimator][INFO] - INFO: Using Linear Regression Estimator
[2026-04-24 04:05:56,098][dowhy.causal_estimator][INFO] - b: X6~X0
[2026-04-24 04:05:56,137][dowhy.causal_model][INFO] - Model to find the causal effect of treatment ['X1'] on outcome ['X0']
[2026-04-24 04:05:56,137][dowhy.causal_identifier.auto_identifier][WARNING] - No directed path from treatment to outcome. Causal Effect is zero.
[2026-04-24 04:05:56,137][dowhy.causal_model][INFO] - linear_regression
[2026-04-24 04:05:56,137][dowhy.causal_estimator][INFO] - INFO: Using Linear Regression Estimator
[2026-04-24 04:05:56,137][dowhy.causal_estimator][WARNING] - No directed path from ['X1'] to ['X0'].
[2026-04-24 04:05:56,138][dowhy.causal_model][INFO] - Model to find the causal effect of treatment ['X1'] on outcome ['X2']
[2026-04-24 04:05:56,138][dowhy.causal_identifier.auto_identifier][WARNING] - No directed path from treatment to outcome. Causal Effect is zero.
[2026-04-24 04:05:56,138][dowhy.causal_model][INFO] - linear_regression
[2026-04-24 04:05:56,139][dowhy.causal_estimator][INFO] - INFO: Using Linear Regression Estimator
[2026-04-24 04:05:56,139][dowhy.causal_estimator][WARNING] - No directed path from ['X1'] to ['X2'].
[2026-04-24 04:05:56,140][dowhy.causal_model][INFO] - Model to find the causal effect of treatment ['X1'] on outcome ['X3']
[2026-04-24 04:05:56,140][dowhy.causal_identifier.auto_identifier][WARNING] - No directed path from treatment to outcome. Causal Effect is zero.
[2026-04-24 04:05:56,140][dowhy.causal_model][INFO] - linear_regression
[2026-04-24 04:05:56,140][dowhy.causal_estimator][INFO] - INFO: Using Linear Regression Estimator
[2026-04-24 04:05:56,140][dowhy.causal_estimator][WARNING] - No directed path from ['X1'] to ['X3'].
[2026-04-24 04:05:56,142][dowhy.causal_model][INFO] - Model to find the causal effect of treatment ['X1'] on outcome ['X4']
[2026-04-24 04:05:56,143][dowhy.causal_identifier.auto_identifier][INFO] - Causal effect can be identified.
[2026-04-24 04:05:56,143][dowhy.causal_identifier.auto_identifier][INFO] - Instrumental variables for treatment and outcome:[]
[2026-04-24 04:05:56,144][dowhy.causal_identifier.auto_identifier][INFO] - Frontdoor variables for treatment and outcome:[]
[2026-04-24 04:05:56,144][dowhy.causal_model][INFO] - linear_regression
[2026-04-24 04:05:56,144][dowhy.causal_estimator][INFO] - INFO: Using Linear Regression Estimator
[2026-04-24 04:05:56,144][dowhy.causal_estimator][INFO] - b: X4~X1+X0+X1*X2
[2026-04-24 04:05:56,152][dowhy.causal_model][INFO] - Model to find the causal effect of treatment ['X1'] on outcome ['X5']
[2026-04-24 04:05:56,153][dowhy.causal_identifier.auto_identifier][INFO] - Causal effect can be identified.
[2026-04-24 04:05:56,154][dowhy.causal_identifier.auto_identifier][INFO] - Instrumental variables for treatment and outcome:[]
[2026-04-24 04:05:56,154][dowhy.causal_identifier.auto_identifier][INFO] - Frontdoor variables for treatment and outcome:[]
[2026-04-24 04:05:56,154][dowhy.causal_model][INFO] - linear_regression
[2026-04-24 04:05:56,154][dowhy.causal_estimator][INFO] - INFO: Using Linear Regression Estimator
[2026-04-24 04:05:56,154][dowhy.causal_estimator][INFO] - b: X5~X1+X0
[2026-04-24 04:05:56,162][dowhy.causal_model][INFO] - Model to find the causal effect of treatment ['X1'] on outcome ['X6']
[2026-04-24 04:05:56,162][dowhy.causal_identifier.auto_identifier][WARNING] - No directed path from treatment to outcome. Causal Effect is zero.
[2026-04-24 04:05:56,162][dowhy.causal_model][INFO] - linear_regression
[2026-04-24 04:05:56,162][dowhy.causal_estimator][INFO] - INFO: Using Linear Regression Estimator
[2026-04-24 04:05:56,162][dowhy.causal_estimator][WARNING] - No directed path from ['X1'] to ['X6'].
[2026-04-24 04:05:56,195][dowhy.causal_model][INFO] - Model to find the causal effect of treatment ['X2'] on outcome ['X0']
[2026-04-24 04:05:56,195][dowhy.causal_identifier.auto_identifier][WARNING] - No directed path from treatment to outcome. Causal Effect is zero.
[2026-04-24 04:05:56,195][dowhy.causal_model][INFO] - linear_regression
[2026-04-24 04:05:56,195][dowhy.causal_estimator][INFO] - INFO: Using Linear Regression Estimator
[2026-04-24 04:05:56,195][dowhy.causal_estimator][WARNING] - No directed path from ['X2'] to ['X0'].
[2026-04-24 04:05:56,196][dowhy.causal_model][INFO] - Model to find the causal effect of treatment ['X2'] on outcome ['X1']
[2026-04-24 04:05:56,197][dowhy.causal_identifier.auto_identifier][WARNING] - No directed path from treatment to outcome. Causal Effect is zero.
[2026-04-24 04:05:56,197][dowhy.causal_model][INFO] - linear_regression
[2026-04-24 04:05:56,197][dowhy.causal_estimator][INFO] - INFO: Using Linear Regression Estimator
[2026-04-24 04:05:56,197][dowhy.causal_estimator][WARNING] - No directed path from ['X2'] to ['X1'].
[2026-04-24 04:05:56,198][dowhy.causal_model][INFO] - Model to find the causal effect of treatment ['X2'] on outcome ['X3']
[2026-04-24 04:05:56,198][dowhy.causal_identifier.auto_identifier][WARNING] - No directed path from treatment to outcome. Causal Effect is zero.
[2026-04-24 04:05:56,198][dowhy.causal_model][INFO] - linear_regression
[2026-04-24 04:05:56,198][dowhy.causal_estimator][INFO] - INFO: Using Linear Regression Estimator
[2026-04-24 04:05:56,198][dowhy.causal_estimator][WARNING] - No directed path from ['X2'] to ['X3'].
[2026-04-24 04:05:56,200][dowhy.causal_model][INFO] - Model to find the causal effect of treatment ['X2'] on outcome ['X4']
[2026-04-24 04:05:56,201][dowhy.causal_identifier.auto_identifier][INFO] - Causal effect can be identified.
[2026-04-24 04:05:56,201][dowhy.causal_identifier.auto_identifier][INFO] - Instrumental variables for treatment and outcome:[]
[2026-04-24 04:05:56,202][dowhy.causal_identifier.auto_identifier][INFO] - Frontdoor variables for treatment and outcome:[]
[2026-04-24 04:05:56,202][dowhy.causal_model][INFO] - linear_regression
[2026-04-24 04:05:56,202][dowhy.causal_estimator][INFO] - INFO: Using Linear Regression Estimator
[2026-04-24 04:05:56,202][dowhy.causal_estimator][INFO] - b: X4~X2+X0+X2*X1
[2026-04-24 04:05:56,211][dowhy.causal_model][INFO] - Model to find the causal effect of treatment ['X2'] on outcome ['X5']
[2026-04-24 04:05:56,211][dowhy.causal_identifier.auto_identifier][WARNING] - No directed path from treatment to outcome. Causal Effect is zero.
[2026-04-24 04:05:56,211][dowhy.causal_model][INFO] - linear_regression
[2026-04-24 04:05:56,211][dowhy.causal_estimator][INFO] - INFO: Using Linear Regression Estimator
[2026-04-24 04:05:56,211][dowhy.causal_estimator][WARNING] - No directed path from ['X2'] to ['X5'].
[2026-04-24 04:05:56,213][dowhy.causal_model][INFO] - Model to find the causal effect of treatment ['X2'] on outcome ['X6']
[2026-04-24 04:05:56,214][dowhy.causal_identifier.auto_identifier][INFO] - Causal effect can be identified.
[2026-04-24 04:05:56,215][dowhy.causal_identifier.auto_identifier][INFO] - Instrumental variables for treatment and outcome:[]
[2026-04-24 04:05:56,215][dowhy.causal_identifier.auto_identifier][INFO] - Frontdoor variables for treatment and outcome:[]
[2026-04-24 04:05:56,215][dowhy.causal_model][INFO] - linear_regression
[2026-04-24 04:05:56,215][dowhy.causal_estimator][INFO] - INFO: Using Linear Regression Estimator
[2026-04-24 04:05:56,216][dowhy.causal_estimator][INFO] - b: X6~X2+X3+X2*X3
[2026-04-24 04:05:56,261][dowhy.causal_model][INFO] - Model to find the causal effect of treatment ['X3'] on outcome ['X0']
[2026-04-24 04:05:56,261][dowhy.causal_identifier.auto_identifier][WARNING] - No directed path from treatment to outcome. Causal Effect is zero.
[2026-04-24 04:05:56,261][dowhy.causal_model][INFO] - linear_regression
[2026-04-24 04:05:56,261][dowhy.causal_estimator][INFO] - INFO: Using Linear Regression Estimator
[2026-04-24 04:05:56,261][dowhy.causal_estimator][WARNING] - No directed path from ['X3'] to ['X0'].
[2026-04-24 04:05:56,263][dowhy.causal_model][INFO] - Model to find the causal effect of treatment ['X3'] on outcome ['X1']
[2026-04-24 04:05:56,263][dowhy.causal_identifier.auto_identifier][WARNING] - No directed path from treatment to outcome. Causal Effect is zero.
[2026-04-24 04:05:56,263][dowhy.causal_model][INFO] - linear_regression
[2026-04-24 04:05:56,263][dowhy.causal_estimator][INFO] - INFO: Using Linear Regression Estimator
[2026-04-24 04:05:56,263][dowhy.causal_estimator][WARNING] - No directed path from ['X3'] to ['X1'].
[2026-04-24 04:05:56,265][dowhy.causal_model][INFO] - Model to find the causal effect of treatment ['X3'] on outcome ['X2']
[2026-04-24 04:05:56,265][dowhy.causal_identifier.auto_identifier][WARNING] - No directed path from treatment to outcome. Causal Effect is zero.
[2026-04-24 04:05:56,265][dowhy.causal_model][INFO] - linear_regression
[2026-04-24 04:05:56,265][dowhy.causal_estimator][INFO] - INFO: Using Linear Regression Estimator
[2026-04-24 04:05:56,265][dowhy.causal_estimator][WARNING] - No directed path from ['X3'] to ['X2'].
[2026-04-24 04:05:56,267][dowhy.causal_model][INFO] - Model to find the causal effect of treatment ['X3'] on outcome ['X4']
[2026-04-24 04:05:56,267][dowhy.causal_identifier.auto_identifier][WARNING] - No directed path from treatment to outcome. Causal Effect is zero.
[2026-04-24 04:05:56,267][dowhy.causal_model][INFO] - linear_regression
[2026-04-24 04:05:56,267][dowhy.causal_estimator][INFO] - INFO: Using Linear Regression Estimator
[2026-04-24 04:05:56,267][dowhy.causal_estimator][WARNING] - No directed path from ['X3'] to ['X4'].
[2026-04-24 04:05:56,269][dowhy.causal_model][INFO] - Model to find the causal effect of treatment ['X3'] on outcome ['X5']
[2026-04-24 04:05:56,269][dowhy.causal_identifier.auto_identifier][WARNING] - No directed path from treatment to outcome. Causal Effect is zero.
[2026-04-24 04:05:56,269][dowhy.causal_model][INFO] - linear_regression
[2026-04-24 04:05:56,269][dowhy.causal_estimator][INFO] - INFO: Using Linear Regression Estimator
[2026-04-24 04:05:56,269][dowhy.causal_estimator][WARNING] - No directed path from ['X3'] to ['X5'].
[2026-04-24 04:05:56,271][dowhy.causal_model][INFO] - Model to find the causal effect of treatment ['X3'] on outcome ['X6']
[2026-04-24 04:05:56,272][dowhy.causal_identifier.auto_identifier][INFO] - Causal effect can be identified.
[2026-04-24 04:05:56,273][dowhy.causal_identifier.auto_identifier][INFO] - Instrumental variables for treatment and outcome:[]
[2026-04-24 04:05:56,273][dowhy.causal_identifier.auto_identifier][INFO] - Frontdoor variables for treatment and outcome:[]
[2026-04-24 04:05:56,273][dowhy.causal_model][INFO] - linear_regression
[2026-04-24 04:05:56,273][dowhy.causal_estimator][INFO] - INFO: Using Linear Regression Estimator
[2026-04-24 04:05:56,273][dowhy.causal_estimator][INFO] - b: X6~X3+X2+X3*X2
[2026-04-24 04:05:56,318][dowhy.causal_model][INFO] - Model to find the causal effect of treatment ['X4'] on outcome ['X0']
[2026-04-24 04:05:56,318][dowhy.causal_identifier.auto_identifier][WARNING] - No directed path from treatment to outcome. Causal Effect is zero.
[2026-04-24 04:05:56,318][dowhy.causal_model][INFO] - linear_regression
[2026-04-24 04:05:56,318][dowhy.causal_estimator][INFO] - INFO: Using Linear Regression Estimator
[2026-04-24 04:05:56,318][dowhy.causal_estimator][WARNING] - No directed path from ['X4'] to ['X0'].
[2026-04-24 04:05:56,319][dowhy.causal_model][INFO] - Model to find the causal effect of treatment ['X4'] on outcome ['X1']
[2026-04-24 04:05:56,319][dowhy.causal_identifier.auto_identifier][WARNING] - No directed path from treatment to outcome. Causal Effect is zero.
[2026-04-24 04:05:56,320][dowhy.causal_model][INFO] - linear_regression
[2026-04-24 04:05:56,320][dowhy.causal_estimator][INFO] - INFO: Using Linear Regression Estimator
[2026-04-24 04:05:56,320][dowhy.causal_estimator][WARNING] - No directed path from ['X4'] to ['X1'].
[2026-04-24 04:05:56,321][dowhy.causal_model][INFO] - Model to find the causal effect of treatment ['X4'] on outcome ['X2']
[2026-04-24 04:05:56,321][dowhy.causal_identifier.auto_identifier][WARNING] - No directed path from treatment to outcome. Causal Effect is zero.
[2026-04-24 04:05:56,321][dowhy.causal_model][INFO] - linear_regression
[2026-04-24 04:05:56,321][dowhy.causal_estimator][INFO] - INFO: Using Linear Regression Estimator
[2026-04-24 04:05:56,321][dowhy.causal_estimator][WARNING] - No directed path from ['X4'] to ['X2'].
[2026-04-24 04:05:56,323][dowhy.causal_model][INFO] - Model to find the causal effect of treatment ['X4'] on outcome ['X3']
[2026-04-24 04:05:56,323][dowhy.causal_identifier.auto_identifier][WARNING] - No directed path from treatment to outcome. Causal Effect is zero.
[2026-04-24 04:05:56,323][dowhy.causal_model][INFO] - linear_regression
[2026-04-24 04:05:56,323][dowhy.causal_estimator][INFO] - INFO: Using Linear Regression Estimator
[2026-04-24 04:05:56,323][dowhy.causal_estimator][WARNING] - No directed path from ['X4'] to ['X3'].
[2026-04-24 04:05:56,325][dowhy.causal_model][INFO] - Model to find the causal effect of treatment ['X4'] on outcome ['X5']
[2026-04-24 04:05:56,325][dowhy.causal_identifier.auto_identifier][WARNING] - No directed path from treatment to outcome. Causal Effect is zero.
[2026-04-24 04:05:56,325][dowhy.causal_model][INFO] - linear_regression
[2026-04-24 04:05:56,325][dowhy.causal_estimator][INFO] - INFO: Using Linear Regression Estimator
[2026-04-24 04:05:56,325][dowhy.causal_estimator][WARNING] - No directed path from ['X4'] to ['X5'].
[2026-04-24 04:05:56,326][dowhy.causal_model][INFO] - Model to find the causal effect of treatment ['X4'] on outcome ['X6']
[2026-04-24 04:05:56,326][dowhy.causal_identifier.auto_identifier][WARNING] - No directed path from treatment to outcome. Causal Effect is zero.
[2026-04-24 04:05:56,326][dowhy.causal_model][INFO] - linear_regression
[2026-04-24 04:05:56,326][dowhy.causal_estimator][INFO] - INFO: Using Linear Regression Estimator
[2026-04-24 04:05:56,327][dowhy.causal_estimator][WARNING] - No directed path from ['X4'] to ['X6'].
[2026-04-24 04:05:56,359][dowhy.causal_model][INFO] - Model to find the causal effect of treatment ['X5'] on outcome ['X0']
[2026-04-24 04:05:56,359][dowhy.causal_identifier.auto_identifier][WARNING] - No directed path from treatment to outcome. Causal Effect is zero.
[2026-04-24 04:05:56,359][dowhy.causal_model][INFO] - linear_regression
[2026-04-24 04:05:56,359][dowhy.causal_estimator][INFO] - INFO: Using Linear Regression Estimator
[2026-04-24 04:05:56,359][dowhy.causal_estimator][WARNING] - No directed path from ['X5'] to ['X0'].
[2026-04-24 04:05:56,360][dowhy.causal_model][INFO] - Model to find the causal effect of treatment ['X5'] on outcome ['X1']
[2026-04-24 04:05:56,360][dowhy.causal_identifier.auto_identifier][WARNING] - No directed path from treatment to outcome. Causal Effect is zero.
[2026-04-24 04:05:56,360][dowhy.causal_model][INFO] - linear_regression
[2026-04-24 04:05:56,360][dowhy.causal_estimator][INFO] - INFO: Using Linear Regression Estimator
[2026-04-24 04:05:56,360][dowhy.causal_estimator][WARNING] - No directed path from ['X5'] to ['X1'].
[2026-04-24 04:05:56,362][dowhy.causal_model][INFO] - Model to find the causal effect of treatment ['X5'] on outcome ['X2']
[2026-04-24 04:05:56,362][dowhy.causal_identifier.auto_identifier][WARNING] - No directed path from treatment to outcome. Causal Effect is zero.
[2026-04-24 04:05:56,362][dowhy.causal_model][INFO] - linear_regression
[2026-04-24 04:05:56,362][dowhy.causal_estimator][INFO] - INFO: Using Linear Regression Estimator
[2026-04-24 04:05:56,362][dowhy.causal_estimator][WARNING] - No directed path from ['X5'] to ['X2'].
[2026-04-24 04:05:56,364][dowhy.causal_model][INFO] - Model to find the causal effect of treatment ['X5'] on outcome ['X3']
[2026-04-24 04:05:56,364][dowhy.causal_identifier.auto_identifier][WARNING] - No directed path from treatment to outcome. Causal Effect is zero.
[2026-04-24 04:05:56,364][dowhy.causal_model][INFO] - linear_regression
[2026-04-24 04:05:56,364][dowhy.causal_estimator][INFO] - INFO: Using Linear Regression Estimator
[2026-04-24 04:05:56,364][dowhy.causal_estimator][WARNING] - No directed path from ['X5'] to ['X3'].
[2026-04-24 04:05:56,365][dowhy.causal_model][INFO] - Model to find the causal effect of treatment ['X5'] on outcome ['X4']
[2026-04-24 04:05:56,365][dowhy.causal_identifier.auto_identifier][WARNING] - No directed path from treatment to outcome. Causal Effect is zero.
[2026-04-24 04:05:56,365][dowhy.causal_model][INFO] - linear_regression
[2026-04-24 04:05:56,366][dowhy.causal_estimator][INFO] - INFO: Using Linear Regression Estimator
[2026-04-24 04:05:56,366][dowhy.causal_estimator][WARNING] - No directed path from ['X5'] to ['X4'].
[2026-04-24 04:05:56,367][dowhy.causal_model][INFO] - Model to find the causal effect of treatment ['X5'] on outcome ['X6']
[2026-04-24 04:05:56,367][dowhy.causal_identifier.auto_identifier][WARNING] - No directed path from treatment to outcome. Causal Effect is zero.
[2026-04-24 04:05:56,367][dowhy.causal_model][INFO] - linear_regression
[2026-04-24 04:05:56,367][dowhy.causal_estimator][INFO] - INFO: Using Linear Regression Estimator
[2026-04-24 04:05:56,367][dowhy.causal_estimator][WARNING] - No directed path from ['X5'] to ['X6'].
[2026-04-24 04:05:56,396][dowhy.causal_model][INFO] - Model to find the causal effect of treatment ['X6'] on outcome ['X0']
[2026-04-24 04:05:56,396][dowhy.causal_identifier.auto_identifier][WARNING] - No directed path from treatment to outcome. Causal Effect is zero.
[2026-04-24 04:05:56,396][dowhy.causal_model][INFO] - linear_regression
[2026-04-24 04:05:56,396][dowhy.causal_estimator][INFO] - INFO: Using Linear Regression Estimator
[2026-04-24 04:05:56,396][dowhy.causal_estimator][WARNING] - No directed path from ['X6'] to ['X0'].
[2026-04-24 04:05:56,398][dowhy.causal_model][INFO] - Model to find the causal effect of treatment ['X6'] on outcome ['X1']
[2026-04-24 04:05:56,398][dowhy.causal_identifier.auto_identifier][WARNING] - No directed path from treatment to outcome. Causal Effect is zero.
[2026-04-24 04:05:56,398][dowhy.causal_model][INFO] - linear_regression
[2026-04-24 04:05:56,398][dowhy.causal_estimator][INFO] - INFO: Using Linear Regression Estimator
[2026-04-24 04:05:56,398][dowhy.causal_estimator][WARNING] - No directed path from ['X6'] to ['X1'].
[2026-04-24 04:05:56,400][dowhy.causal_model][INFO] - Model to find the causal effect of treatment ['X6'] on outcome ['X2']
[2026-04-24 04:05:56,400][dowhy.causal_identifier.auto_identifier][WARNING] - No directed path from treatment to outcome. Causal Effect is zero.
[2026-04-24 04:05:56,400][dowhy.causal_model][INFO] - linear_regression
[2026-04-24 04:05:56,400][dowhy.causal_estimator][INFO] - INFO: Using Linear Regression Estimator
[2026-04-24 04:05:56,400][dowhy.causal_estimator][WARNING] - No directed path from ['X6'] to ['X2'].
[2026-04-24 04:05:56,401][dowhy.causal_model][INFO] - Model to find the causal effect of treatment ['X6'] on outcome ['X3']
[2026-04-24 04:05:56,401][dowhy.causal_identifier.auto_identifier][WARNING] - No directed path from treatment to outcome. Causal Effect is zero.
[2026-04-24 04:05:56,401][dowhy.causal_model][INFO] - linear_regression
[2026-04-24 04:05:56,401][dowhy.causal_estimator][INFO] - INFO: Using Linear Regression Estimator
[2026-04-24 04:05:56,401][dowhy.causal_estimator][WARNING] - No directed path from ['X6'] to ['X3'].
[2026-04-24 04:05:56,403][dowhy.causal_model][INFO] - Model to find the causal effect of treatment ['X6'] on outcome ['X4']
[2026-04-24 04:05:56,403][dowhy.causal_identifier.auto_identifier][WARNING] - No directed path from treatment to outcome. Causal Effect is zero.
[2026-04-24 04:05:56,403][dowhy.causal_model][INFO] - linear_regression
[2026-04-24 04:05:56,403][dowhy.causal_estimator][INFO] - INFO: Using Linear Regression Estimator
[2026-04-24 04:05:56,403][dowhy.causal_estimator][WARNING] - No directed path from ['X6'] to ['X4'].
[2026-04-24 04:05:56,405][dowhy.causal_model][INFO] - Model to find the causal effect of treatment ['X6'] on outcome ['X5']
[2026-04-24 04:05:56,405][dowhy.causal_identifier.auto_identifier][WARNING] - No directed path from treatment to outcome. Causal Effect is zero.
[2026-04-24 04:05:56,405][dowhy.causal_model][INFO] - linear_regression
[2026-04-24 04:05:56,405][dowhy.causal_estimator][INFO] - INFO: Using Linear Regression Estimator
[2026-04-24 04:05:56,405][dowhy.causal_estimator][WARNING] - No directed path from ['X6'] to ['X5'].
[2026-04-24 04:05:56,458][dowhy.causal_model][INFO] - Model to find the causal effect of treatment ['X0'] on outcome ['X1']
[2026-04-24 04:05:56,458][dowhy.causal_identifier.auto_identifier][INFO] - Causal effect can be identified.
[2026-04-24 04:05:56,459][dowhy.causal_identifier.auto_identifier][INFO] - Instrumental variables for treatment and outcome:[]
[2026-04-24 04:05:56,459][dowhy.causal_identifier.auto_identifier][INFO] - Frontdoor variables for treatment and outcome:[]
[2026-04-24 04:05:56,459][dowhy.causal_model][INFO] - linear_regression
[2026-04-24 04:05:56,459][dowhy.causal_estimator][INFO] - INFO: Using Linear Regression Estimator
[2026-04-24 04:05:56,459][dowhy.causal_estimator][INFO] - b: X1~X0
[2026-04-24 04:05:56,466][dowhy.causal_model][INFO] - Model to find the causal effect of treatment ['X0'] on outcome ['X2']
[2026-04-24 04:05:56,467][dowhy.causal_identifier.auto_identifier][INFO] - Causal effect can be identified.
[2026-04-24 04:05:56,467][dowhy.causal_identifier.auto_identifier][INFO] - Instrumental variables for treatment and outcome:[]
[2026-04-24 04:05:56,468][dowhy.causal_identifier.auto_identifier][INFO] - Frontdoor variables for treatment and outcome:[]
[2026-04-24 04:05:56,468][dowhy.causal_model][INFO] - linear_regression
[2026-04-24 04:05:56,468][dowhy.causal_estimator][INFO] - INFO: Using Linear Regression Estimator
[2026-04-24 04:05:56,468][dowhy.causal_estimator][INFO] - b: X2~X0
[2026-04-24 04:05:56,475][dowhy.causal_model][INFO] - Model to find the causal effect of treatment ['X0'] on outcome ['X3']
[2026-04-24 04:05:56,475][dowhy.causal_identifier.auto_identifier][INFO] - Causal effect can be identified.
[2026-04-24 04:05:56,475][dowhy.causal_identifier.auto_identifier][INFO] - Instrumental variables for treatment and outcome:[]
[2026-04-24 04:05:56,476][dowhy.causal_identifier.auto_identifier][INFO] - Frontdoor variables for treatment and outcome:[]
[2026-04-24 04:05:56,476][dowhy.causal_model][INFO] - linear_regression
[2026-04-24 04:05:56,476][dowhy.causal_estimator][INFO] - INFO: Using Linear Regression Estimator
[2026-04-24 04:05:56,477][dowhy.causal_estimator][INFO] - b: X3~X0
[2026-04-24 04:05:56,483][dowhy.causal_model][INFO] - Model to find the causal effect of treatment ['X0'] on outcome ['X4']
[2026-04-24 04:05:56,483][dowhy.causal_identifier.auto_identifier][INFO] - Causal effect can be identified.
[2026-04-24 04:05:56,484][dowhy.causal_identifier.auto_identifier][INFO] - Instrumental variables for treatment and outcome:[]
[2026-04-24 04:05:56,486][dowhy.causal_identifier.auto_identifier][INFO] - Frontdoor variables for treatment and outcome:[]
[2026-04-24 04:05:56,486][dowhy.causal_model][INFO] - linear_regression
[2026-04-24 04:05:56,486][dowhy.causal_estimator][INFO] - INFO: Using Linear Regression Estimator
[2026-04-24 04:05:56,486][dowhy.causal_estimator][INFO] - b: X4~X0
[2026-04-24 04:05:56,493][dowhy.causal_model][INFO] - Model to find the causal effect of treatment ['X0'] on outcome ['X5']
[2026-04-24 04:05:56,493][dowhy.causal_identifier.auto_identifier][INFO] - Causal effect can be identified.
[2026-04-24 04:05:56,494][dowhy.causal_identifier.auto_identifier][INFO] - Instrumental variables for treatment and outcome:[]
[2026-04-24 04:05:56,496][dowhy.causal_identifier.auto_identifier][INFO] - Frontdoor variables for treatment and outcome:[]
[2026-04-24 04:05:56,496][dowhy.causal_model][INFO] - linear_regression
[2026-04-24 04:05:56,496][dowhy.causal_estimator][INFO] - INFO: Using Linear Regression Estimator
[2026-04-24 04:05:56,496][dowhy.causal_estimator][INFO] - b: X5~X0
[2026-04-24 04:05:56,503][dowhy.causal_model][INFO] - Model to find the causal effect of treatment ['X0'] on outcome ['X6']
[2026-04-24 04:05:56,503][dowhy.causal_identifier.auto_identifier][INFO] - Causal effect can be identified.
[2026-04-24 04:05:56,503][dowhy.causal_identifier.auto_identifier][INFO] - Instrumental variables for treatment and outcome:[]
[2026-04-24 04:05:56,506][dowhy.causal_identifier.auto_identifier][INFO] - Frontdoor variables for treatment and outcome:['X4', 'X5', 'X1', 'X2', 'X3']
[2026-04-24 04:05:56,507][dowhy.causal_identifier.auto_identifier][INFO] - Causal effect can be identified.
[2026-04-24 04:05:56,507][dowhy.causal_identifier.auto_identifier][INFO] - Causal effect can be identified.
[2026-04-24 04:05:56,508][dowhy.causal_model][INFO] - linear_regression
[2026-04-24 04:05:56,508][dowhy.causal_estimator][INFO] - INFO: Using Linear Regression Estimator
[2026-04-24 04:05:56,508][dowhy.causal_estimator][INFO] - b: X6~X0
[2026-04-24 04:05:56,547][dowhy.causal_model][INFO] - Model to find the causal effect of treatment ['X1'] on outcome ['X0']
[2026-04-24 04:05:56,548][dowhy.causal_identifier.auto_identifier][WARNING] - No directed path from treatment to outcome. Causal Effect is zero.
[2026-04-24 04:05:56,548][dowhy.causal_model][INFO] - linear_regression
[2026-04-24 04:05:56,548][dowhy.causal_estimator][INFO] - INFO: Using Linear Regression Estimator
[2026-04-24 04:05:56,548][dowhy.causal_estimator][WARNING] - No directed path from ['X1'] to ['X0'].
[2026-04-24 04:05:56,549][dowhy.causal_model][INFO] - Model to find the causal effect of treatment ['X1'] on outcome ['X2']
[2026-04-24 04:05:56,549][dowhy.causal_identifier.auto_identifier][WARNING] - No directed path from treatment to outcome. Causal Effect is zero.
[2026-04-24 04:05:56,550][dowhy.causal_model][INFO] - linear_regression
[2026-04-24 04:05:56,550][dowhy.causal_estimator][INFO] - INFO: Using Linear Regression Estimator
[2026-04-24 04:05:56,550][dowhy.causal_estimator][WARNING] - No directed path from ['X1'] to ['X2'].
[2026-04-24 04:05:56,551][dowhy.causal_model][INFO] - Model to find the causal effect of treatment ['X1'] on outcome ['X3']
[2026-04-24 04:05:56,551][dowhy.causal_identifier.auto_identifier][WARNING] - No directed path from treatment to outcome. Causal Effect is zero.
[2026-04-24 04:05:56,551][dowhy.causal_model][INFO] - linear_regression
[2026-04-24 04:05:56,551][dowhy.causal_estimator][INFO] - INFO: Using Linear Regression Estimator
[2026-04-24 04:05:56,551][dowhy.causal_estimator][WARNING] - No directed path from ['X1'] to ['X3'].
[2026-04-24 04:05:56,553][dowhy.causal_model][INFO] - Model to find the causal effect of treatment ['X1'] on outcome ['X4']
[2026-04-24 04:05:56,554][dowhy.causal_identifier.auto_identifier][INFO] - Causal effect can be identified.
[2026-04-24 04:05:56,554][dowhy.causal_identifier.auto_identifier][INFO] - Instrumental variables for treatment and outcome:[]
[2026-04-24 04:05:56,555][dowhy.causal_identifier.auto_identifier][INFO] - Frontdoor variables for treatment and outcome:[]
[2026-04-24 04:05:56,555][dowhy.causal_model][INFO] - linear_regression
[2026-04-24 04:05:56,555][dowhy.causal_estimator][INFO] - INFO: Using Linear Regression Estimator
[2026-04-24 04:05:56,555][dowhy.causal_estimator][INFO] - b: X4~X1+X0+X1*X2
[2026-04-24 04:05:56,564][dowhy.causal_model][INFO] - Model to find the causal effect of treatment ['X1'] on outcome ['X5']
[2026-04-24 04:05:56,565][dowhy.causal_identifier.auto_identifier][INFO] - Causal effect can be identified.
[2026-04-24 04:05:56,565][dowhy.causal_identifier.auto_identifier][INFO] - Instrumental variables for treatment and outcome:[]
[2026-04-24 04:05:56,565][dowhy.causal_identifier.auto_identifier][INFO] - Frontdoor variables for treatment and outcome:[]
[2026-04-24 04:05:56,565][dowhy.causal_model][INFO] - linear_regression
[2026-04-24 04:05:56,565][dowhy.causal_estimator][INFO] - INFO: Using Linear Regression Estimator
[2026-04-24 04:05:56,566][dowhy.causal_estimator][INFO] - b: X5~X1+X0
[2026-04-24 04:05:56,573][dowhy.causal_model][INFO] - Model to find the causal effect of treatment ['X1'] on outcome ['X6']
[2026-04-24 04:05:56,573][dowhy.causal_identifier.auto_identifier][WARNING] - No directed path from treatment to outcome. Causal Effect is zero.
[2026-04-24 04:05:56,573][dowhy.causal_model][INFO] - linear_regression
[2026-04-24 04:05:56,573][dowhy.causal_estimator][INFO] - INFO: Using Linear Regression Estimator
[2026-04-24 04:05:56,573][dowhy.causal_estimator][WARNING] - No directed path from ['X1'] to ['X6'].
[2026-04-24 04:05:56,604][dowhy.causal_model][INFO] - Model to find the causal effect of treatment ['X2'] on outcome ['X0']
[2026-04-24 04:05:56,604][dowhy.causal_identifier.auto_identifier][WARNING] - No directed path from treatment to outcome. Causal Effect is zero.
[2026-04-24 04:05:56,605][dowhy.causal_model][INFO] - linear_regression
[2026-04-24 04:05:56,605][dowhy.causal_estimator][INFO] - INFO: Using Linear Regression Estimator
[2026-04-24 04:05:56,605][dowhy.causal_estimator][WARNING] - No directed path from ['X2'] to ['X0'].
[2026-04-24 04:05:56,606][dowhy.causal_model][INFO] - Model to find the causal effect of treatment ['X2'] on outcome ['X1']
[2026-04-24 04:05:56,606][dowhy.causal_identifier.auto_identifier][WARNING] - No directed path from treatment to outcome. Causal Effect is zero.
[2026-04-24 04:05:56,606][dowhy.causal_model][INFO] - linear_regression
[2026-04-24 04:05:56,606][dowhy.causal_estimator][INFO] - INFO: Using Linear Regression Estimator
[2026-04-24 04:05:56,606][dowhy.causal_estimator][WARNING] - No directed path from ['X2'] to ['X1'].
[2026-04-24 04:05:56,608][dowhy.causal_model][INFO] - Model to find the causal effect of treatment ['X2'] on outcome ['X3']
[2026-04-24 04:05:56,608][dowhy.causal_identifier.auto_identifier][WARNING] - No directed path from treatment to outcome. Causal Effect is zero.
[2026-04-24 04:05:56,608][dowhy.causal_model][INFO] - linear_regression
[2026-04-24 04:05:56,608][dowhy.causal_estimator][INFO] - INFO: Using Linear Regression Estimator
[2026-04-24 04:05:56,608][dowhy.causal_estimator][WARNING] - No directed path from ['X2'] to ['X3'].
[2026-04-24 04:05:56,610][dowhy.causal_model][INFO] - Model to find the causal effect of treatment ['X2'] on outcome ['X4']
[2026-04-24 04:05:56,611][dowhy.causal_identifier.auto_identifier][INFO] - Causal effect can be identified.
[2026-04-24 04:05:56,611][dowhy.causal_identifier.auto_identifier][INFO] - Instrumental variables for treatment and outcome:[]
[2026-04-24 04:05:56,611][dowhy.causal_identifier.auto_identifier][INFO] - Frontdoor variables for treatment and outcome:[]
[2026-04-24 04:05:56,611][dowhy.causal_model][INFO] - linear_regression
[2026-04-24 04:05:56,611][dowhy.causal_estimator][INFO] - INFO: Using Linear Regression Estimator
[2026-04-24 04:05:56,612][dowhy.causal_estimator][INFO] - b: X4~X2+X0+X2*X1
[2026-04-24 04:05:56,620][dowhy.causal_model][INFO] - Model to find the causal effect of treatment ['X2'] on outcome ['X5']
[2026-04-24 04:05:56,620][dowhy.causal_identifier.auto_identifier][WARNING] - No directed path from treatment to outcome. Causal Effect is zero.
[2026-04-24 04:05:56,620][dowhy.causal_model][INFO] - linear_regression
[2026-04-24 04:05:56,620][dowhy.causal_estimator][INFO] - INFO: Using Linear Regression Estimator
[2026-04-24 04:05:56,620][dowhy.causal_estimator][WARNING] - No directed path from ['X2'] to ['X5'].
[2026-04-24 04:05:56,622][dowhy.causal_model][INFO] - Model to find the causal effect of treatment ['X2'] on outcome ['X6']
[2026-04-24 04:05:56,623][dowhy.causal_identifier.auto_identifier][INFO] - Causal effect can be identified.
[2026-04-24 04:05:56,624][dowhy.causal_identifier.auto_identifier][INFO] - Instrumental variables for treatment and outcome:[]
[2026-04-24 04:05:56,624][dowhy.causal_identifier.auto_identifier][INFO] - Frontdoor variables for treatment and outcome:[]
[2026-04-24 04:05:56,624][dowhy.causal_model][INFO] - linear_regression
[2026-04-24 04:05:56,624][dowhy.causal_estimator][INFO] - INFO: Using Linear Regression Estimator
[2026-04-24 04:05:56,624][dowhy.causal_estimator][INFO] - b: X6~X2+X3+X2*X3
[2026-04-24 04:05:56,668][dowhy.causal_model][INFO] - Model to find the causal effect of treatment ['X3'] on outcome ['X0']
[2026-04-24 04:05:56,668][dowhy.causal_identifier.auto_identifier][WARNING] - No directed path from treatment to outcome. Causal Effect is zero.
[2026-04-24 04:05:56,668][dowhy.causal_model][INFO] - linear_regression
[2026-04-24 04:05:56,668][dowhy.causal_estimator][INFO] - INFO: Using Linear Regression Estimator
[2026-04-24 04:05:56,668][dowhy.causal_estimator][WARNING] - No directed path from ['X3'] to ['X0'].
[2026-04-24 04:05:56,670][dowhy.causal_model][INFO] - Model to find the causal effect of treatment ['X3'] on outcome ['X1']
[2026-04-24 04:05:56,670][dowhy.causal_identifier.auto_identifier][WARNING] - No directed path from treatment to outcome. Causal Effect is zero.
[2026-04-24 04:05:56,670][dowhy.causal_model][INFO] - linear_regression
[2026-04-24 04:05:56,670][dowhy.causal_estimator][INFO] - INFO: Using Linear Regression Estimator
[2026-04-24 04:05:56,670][dowhy.causal_estimator][WARNING] - No directed path from ['X3'] to ['X1'].
[2026-04-24 04:05:56,672][dowhy.causal_model][INFO] - Model to find the causal effect of treatment ['X3'] on outcome ['X2']
[2026-04-24 04:05:56,672][dowhy.causal_identifier.auto_identifier][WARNING] - No directed path from treatment to outcome. Causal Effect is zero.
[2026-04-24 04:05:56,672][dowhy.causal_model][INFO] - linear_regression
[2026-04-24 04:05:56,672][dowhy.causal_estimator][INFO] - INFO: Using Linear Regression Estimator
[2026-04-24 04:05:56,672][dowhy.causal_estimator][WARNING] - No directed path from ['X3'] to ['X2'].
[2026-04-24 04:05:56,674][dowhy.causal_model][INFO] - Model to find the causal effect of treatment ['X3'] on outcome ['X4']
[2026-04-24 04:05:56,674][dowhy.causal_identifier.auto_identifier][WARNING] - No directed path from treatment to outcome. Causal Effect is zero.
[2026-04-24 04:05:56,674][dowhy.causal_model][INFO] - linear_regression
[2026-04-24 04:05:56,674][dowhy.causal_estimator][INFO] - INFO: Using Linear Regression Estimator
[2026-04-24 04:05:56,674][dowhy.causal_estimator][WARNING] - No directed path from ['X3'] to ['X4'].
[2026-04-24 04:05:56,675][dowhy.causal_model][INFO] - Model to find the causal effect of treatment ['X3'] on outcome ['X5']
[2026-04-24 04:05:56,675][dowhy.causal_identifier.auto_identifier][WARNING] - No directed path from treatment to outcome. Causal Effect is zero.
[2026-04-24 04:05:56,676][dowhy.causal_model][INFO] - linear_regression
[2026-04-24 04:05:56,676][dowhy.causal_estimator][INFO] - INFO: Using Linear Regression Estimator
[2026-04-24 04:05:56,676][dowhy.causal_estimator][WARNING] - No directed path from ['X3'] to ['X5'].
[2026-04-24 04:05:56,678][dowhy.causal_model][INFO] - Model to find the causal effect of treatment ['X3'] on outcome ['X6']
[2026-04-24 04:05:56,679][dowhy.causal_identifier.auto_identifier][INFO] - Causal effect can be identified.
[2026-04-24 04:05:56,680][dowhy.causal_identifier.auto_identifier][INFO] - Instrumental variables for treatment and outcome:[]
[2026-04-24 04:05:56,680][dowhy.causal_identifier.auto_identifier][INFO] - Frontdoor variables for treatment and outcome:[]
[2026-04-24 04:05:56,680][dowhy.causal_model][INFO] - linear_regression
[2026-04-24 04:05:56,680][dowhy.causal_estimator][INFO] - INFO: Using Linear Regression Estimator
[2026-04-24 04:05:56,681][dowhy.causal_estimator][INFO] - b: X6~X3+X2+X3*X2
[2026-04-24 04:05:56,725][dowhy.causal_model][INFO] - Model to find the causal effect of treatment ['X4'] on outcome ['X0']
[2026-04-24 04:05:56,725][dowhy.causal_identifier.auto_identifier][WARNING] - No directed path from treatment to outcome. Causal Effect is zero.
[2026-04-24 04:05:56,725][dowhy.causal_model][INFO] - linear_regression
[2026-04-24 04:05:56,725][dowhy.causal_estimator][INFO] - INFO: Using Linear Regression Estimator
[2026-04-24 04:05:56,725][dowhy.causal_estimator][WARNING] - No directed path from ['X4'] to ['X0'].
[2026-04-24 04:05:56,726][dowhy.causal_model][INFO] - Model to find the causal effect of treatment ['X4'] on outcome ['X1']
[2026-04-24 04:05:56,726][dowhy.causal_identifier.auto_identifier][WARNING] - No directed path from treatment to outcome. Causal Effect is zero.
[2026-04-24 04:05:56,727][dowhy.causal_model][INFO] - linear_regression
[2026-04-24 04:05:56,727][dowhy.causal_estimator][INFO] - INFO: Using Linear Regression Estimator
[2026-04-24 04:05:56,727][dowhy.causal_estimator][WARNING] - No directed path from ['X4'] to ['X1'].
[2026-04-24 04:05:56,728][dowhy.causal_model][INFO] - Model to find the causal effect of treatment ['X4'] on outcome ['X2']
[2026-04-24 04:05:56,728][dowhy.causal_identifier.auto_identifier][WARNING] - No directed path from treatment to outcome. Causal Effect is zero.
[2026-04-24 04:05:56,728][dowhy.causal_model][INFO] - linear_regression
[2026-04-24 04:05:56,728][dowhy.causal_estimator][INFO] - INFO: Using Linear Regression Estimator
[2026-04-24 04:05:56,728][dowhy.causal_estimator][WARNING] - No directed path from ['X4'] to ['X2'].
[2026-04-24 04:05:56,730][dowhy.causal_model][INFO] - Model to find the causal effect of treatment ['X4'] on outcome ['X3']
[2026-04-24 04:05:56,730][dowhy.causal_identifier.auto_identifier][WARNING] - No directed path from treatment to outcome. Causal Effect is zero.
[2026-04-24 04:05:56,730][dowhy.causal_model][INFO] - linear_regression
[2026-04-24 04:05:56,730][dowhy.causal_estimator][INFO] - INFO: Using Linear Regression Estimator
[2026-04-24 04:05:56,730][dowhy.causal_estimator][WARNING] - No directed path from ['X4'] to ['X3'].
[2026-04-24 04:05:56,732][dowhy.causal_model][INFO] - Model to find the causal effect of treatment ['X4'] on outcome ['X5']
[2026-04-24 04:05:56,732][dowhy.causal_identifier.auto_identifier][WARNING] - No directed path from treatment to outcome. Causal Effect is zero.
[2026-04-24 04:05:56,732][dowhy.causal_model][INFO] - linear_regression
[2026-04-24 04:05:56,732][dowhy.causal_estimator][INFO] - INFO: Using Linear Regression Estimator
[2026-04-24 04:05:56,732][dowhy.causal_estimator][WARNING] - No directed path from ['X4'] to ['X5'].
[2026-04-24 04:05:56,733][dowhy.causal_model][INFO] - Model to find the causal effect of treatment ['X4'] on outcome ['X6']
[2026-04-24 04:05:56,734][dowhy.causal_identifier.auto_identifier][WARNING] - No directed path from treatment to outcome. Causal Effect is zero.
[2026-04-24 04:05:56,734][dowhy.causal_model][INFO] - linear_regression
[2026-04-24 04:05:56,734][dowhy.causal_estimator][INFO] - INFO: Using Linear Regression Estimator
[2026-04-24 04:05:56,734][dowhy.causal_estimator][WARNING] - No directed path from ['X4'] to ['X6'].
[2026-04-24 04:05:56,766][dowhy.causal_model][INFO] - Model to find the causal effect of treatment ['X5'] on outcome ['X0']
[2026-04-24 04:05:56,766][dowhy.causal_identifier.auto_identifier][WARNING] - No directed path from treatment to outcome. Causal Effect is zero.
[2026-04-24 04:05:56,766][dowhy.causal_model][INFO] - linear_regression
[2026-04-24 04:05:56,766][dowhy.causal_estimator][INFO] - INFO: Using Linear Regression Estimator
[2026-04-24 04:05:56,766][dowhy.causal_estimator][WARNING] - No directed path from ['X5'] to ['X0'].
[2026-04-24 04:05:56,767][dowhy.causal_model][INFO] - Model to find the causal effect of treatment ['X5'] on outcome ['X1']
[2026-04-24 04:05:56,767][dowhy.causal_identifier.auto_identifier][WARNING] - No directed path from treatment to outcome. Causal Effect is zero.
[2026-04-24 04:05:56,767][dowhy.causal_model][INFO] - linear_regression
[2026-04-24 04:05:56,767][dowhy.causal_estimator][INFO] - INFO: Using Linear Regression Estimator
[2026-04-24 04:05:56,768][dowhy.causal_estimator][WARNING] - No directed path from ['X5'] to ['X1'].
[2026-04-24 04:05:56,769][dowhy.causal_model][INFO] - Model to find the causal effect of treatment ['X5'] on outcome ['X2']
[2026-04-24 04:05:56,769][dowhy.causal_identifier.auto_identifier][WARNING] - No directed path from treatment to outcome. Causal Effect is zero.
[2026-04-24 04:05:56,769][dowhy.causal_model][INFO] - linear_regression
[2026-04-24 04:05:56,769][dowhy.causal_estimator][INFO] - INFO: Using Linear Regression Estimator
[2026-04-24 04:05:56,769][dowhy.causal_estimator][WARNING] - No directed path from ['X5'] to ['X2'].
[2026-04-24 04:05:56,771][dowhy.causal_model][INFO] - Model to find the causal effect of treatment ['X5'] on outcome ['X3']
[2026-04-24 04:05:56,771][dowhy.causal_identifier.auto_identifier][WARNING] - No directed path from treatment to outcome. Causal Effect is zero.
[2026-04-24 04:05:56,771][dowhy.causal_model][INFO] - linear_regression
[2026-04-24 04:05:56,771][dowhy.causal_estimator][INFO] - INFO: Using Linear Regression Estimator
[2026-04-24 04:05:56,771][dowhy.causal_estimator][WARNING] - No directed path from ['X5'] to ['X3'].
[2026-04-24 04:05:56,772][dowhy.causal_model][INFO] - Model to find the causal effect of treatment ['X5'] on outcome ['X4']
[2026-04-24 04:05:56,773][dowhy.causal_identifier.auto_identifier][WARNING] - No directed path from treatment to outcome. Causal Effect is zero.
[2026-04-24 04:05:56,773][dowhy.causal_model][INFO] - linear_regression
[2026-04-24 04:05:56,773][dowhy.causal_estimator][INFO] - INFO: Using Linear Regression Estimator
[2026-04-24 04:05:56,773][dowhy.causal_estimator][WARNING] - No directed path from ['X5'] to ['X4'].
[2026-04-24 04:05:56,774][dowhy.causal_model][INFO] - Model to find the causal effect of treatment ['X5'] on outcome ['X6']
[2026-04-24 04:05:56,774][dowhy.causal_identifier.auto_identifier][WARNING] - No directed path from treatment to outcome. Causal Effect is zero.
[2026-04-24 04:05:56,774][dowhy.causal_model][INFO] - linear_regression
[2026-04-24 04:05:56,774][dowhy.causal_estimator][INFO] - INFO: Using Linear Regression Estimator
[2026-04-24 04:05:56,774][dowhy.causal_estimator][WARNING] - No directed path from ['X5'] to ['X6'].
[2026-04-24 04:05:56,803][dowhy.causal_model][INFO] - Model to find the causal effect of treatment ['X6'] on outcome ['X0']
[2026-04-24 04:05:56,803][dowhy.causal_identifier.auto_identifier][WARNING] - No directed path from treatment to outcome. Causal Effect is zero.
[2026-04-24 04:05:56,803][dowhy.causal_model][INFO] - linear_regression
[2026-04-24 04:05:56,804][dowhy.causal_estimator][INFO] - INFO: Using Linear Regression Estimator
[2026-04-24 04:05:56,804][dowhy.causal_estimator][WARNING] - No directed path from ['X6'] to ['X0'].
[2026-04-24 04:05:56,805][dowhy.causal_model][INFO] - Model to find the causal effect of treatment ['X6'] on outcome ['X1']
[2026-04-24 04:05:56,805][dowhy.causal_identifier.auto_identifier][WARNING] - No directed path from treatment to outcome. Causal Effect is zero.
[2026-04-24 04:05:56,805][dowhy.causal_model][INFO] - linear_regression
[2026-04-24 04:05:56,805][dowhy.causal_estimator][INFO] - INFO: Using Linear Regression Estimator
[2026-04-24 04:05:56,805][dowhy.causal_estimator][WARNING] - No directed path from ['X6'] to ['X1'].
[2026-04-24 04:05:56,807][dowhy.causal_model][INFO] - Model to find the causal effect of treatment ['X6'] on outcome ['X2']
[2026-04-24 04:05:56,807][dowhy.causal_identifier.auto_identifier][WARNING] - No directed path from treatment to outcome. Causal Effect is zero.
[2026-04-24 04:05:56,807][dowhy.causal_model][INFO] - linear_regression
[2026-04-24 04:05:56,807][dowhy.causal_estimator][INFO] - INFO: Using Linear Regression Estimator
[2026-04-24 04:05:56,807][dowhy.causal_estimator][WARNING] - No directed path from ['X6'] to ['X2'].
[2026-04-24 04:05:56,809][dowhy.causal_model][INFO] - Model to find the causal effect of treatment ['X6'] on outcome ['X3']
[2026-04-24 04:05:56,809][dowhy.causal_identifier.auto_identifier][WARNING] - No directed path from treatment to outcome. Causal Effect is zero.
[2026-04-24 04:05:56,809][dowhy.causal_model][INFO] - linear_regression
[2026-04-24 04:05:56,809][dowhy.causal_estimator][INFO] - INFO: Using Linear Regression Estimator
[2026-04-24 04:05:56,809][dowhy.causal_estimator][WARNING] - No directed path from ['X6'] to ['X3'].
[2026-04-24 04:05:56,810][dowhy.causal_model][INFO] - Model to find the causal effect of treatment ['X6'] on outcome ['X4']
[2026-04-24 04:05:56,810][dowhy.causal_identifier.auto_identifier][WARNING] - No directed path from treatment to outcome. Causal Effect is zero.
[2026-04-24 04:05:56,811][dowhy.causal_model][INFO] - linear_regression
[2026-04-24 04:05:56,811][dowhy.causal_estimator][INFO] - INFO: Using Linear Regression Estimator
[2026-04-24 04:05:56,811][dowhy.causal_estimator][WARNING] - No directed path from ['X6'] to ['X4'].
[2026-04-24 04:05:56,812][dowhy.causal_model][INFO] - Model to find the causal effect of treatment ['X6'] on outcome ['X5']
[2026-04-24 04:05:56,812][dowhy.causal_identifier.auto_identifier][WARNING] - No directed path from treatment to outcome. Causal Effect is zero.
[2026-04-24 04:05:56,812][dowhy.causal_model][INFO] - linear_regression
[2026-04-24 04:05:56,812][dowhy.causal_estimator][INFO] - INFO: Using Linear Regression Estimator
[2026-04-24 04:05:56,812][dowhy.causal_estimator][WARNING] - No directed path from ['X6'] to ['X5'].
[2026-04-24 04:05:56,865][dowhy.causal_model][INFO] - Model to find the causal effect of treatment ['X0'] on outcome ['X1']
[2026-04-24 04:05:56,865][dowhy.causal_identifier.auto_identifier][INFO] - Causal effect can be identified.
[2026-04-24 04:05:56,865][dowhy.causal_identifier.auto_identifier][INFO] - Instrumental variables for treatment and outcome:[]
[2026-04-24 04:05:56,866][dowhy.causal_identifier.auto_identifier][INFO] - Frontdoor variables for treatment and outcome:[]
[2026-04-24 04:05:56,866][dowhy.causal_model][INFO] - linear_regression
[2026-04-24 04:05:56,866][dowhy.causal_estimator][INFO] - INFO: Using Linear Regression Estimator
[2026-04-24 04:05:56,866][dowhy.causal_estimator][INFO] - b: X1~X0
[2026-04-24 04:05:56,873][dowhy.causal_model][INFO] - Model to find the causal effect of treatment ['X0'] on outcome ['X2']
[2026-04-24 04:05:56,873][dowhy.causal_identifier.auto_identifier][INFO] - Causal effect can be identified.
[2026-04-24 04:05:56,873][dowhy.causal_identifier.auto_identifier][INFO] - Instrumental variables for treatment and outcome:[]
[2026-04-24 04:05:56,874][dowhy.causal_identifier.auto_identifier][INFO] - Frontdoor variables for treatment and outcome:[]
[2026-04-24 04:05:56,874][dowhy.causal_model][INFO] - linear_regression
[2026-04-24 04:05:56,874][dowhy.causal_estimator][INFO] - INFO: Using Linear Regression Estimator
[2026-04-24 04:05:56,874][dowhy.causal_estimator][INFO] - b: X2~X0
[2026-04-24 04:05:56,881][dowhy.causal_model][INFO] - Model to find the causal effect of treatment ['X0'] on outcome ['X3']
[2026-04-24 04:05:56,881][dowhy.causal_identifier.auto_identifier][INFO] - Causal effect can be identified.
[2026-04-24 04:05:56,881][dowhy.causal_identifier.auto_identifier][INFO] - Instrumental variables for treatment and outcome:[]
[2026-04-24 04:05:56,883][dowhy.causal_identifier.auto_identifier][INFO] - Frontdoor variables for treatment and outcome:[]
[2026-04-24 04:05:56,883][dowhy.causal_model][INFO] - linear_regression
[2026-04-24 04:05:56,883][dowhy.causal_estimator][INFO] - INFO: Using Linear Regression Estimator
[2026-04-24 04:05:56,883][dowhy.causal_estimator][INFO] - b: X3~X0
[2026-04-24 04:05:56,890][dowhy.causal_model][INFO] - Model to find the causal effect of treatment ['X0'] on outcome ['X4']
[2026-04-24 04:05:56,890][dowhy.causal_identifier.auto_identifier][INFO] - Causal effect can be identified.
[2026-04-24 04:05:56,890][dowhy.causal_identifier.auto_identifier][INFO] - Instrumental variables for treatment and outcome:[]
[2026-04-24 04:05:56,892][dowhy.causal_identifier.auto_identifier][INFO] - Frontdoor variables for treatment and outcome:[]
[2026-04-24 04:05:56,893][dowhy.causal_model][INFO] - linear_regression
[2026-04-24 04:05:56,893][dowhy.causal_estimator][INFO] - INFO: Using Linear Regression Estimator
[2026-04-24 04:05:56,893][dowhy.causal_estimator][INFO] - b: X4~X0
[2026-04-24 04:05:56,899][dowhy.causal_model][INFO] - Model to find the causal effect of treatment ['X0'] on outcome ['X5']
[2026-04-24 04:05:56,900][dowhy.causal_identifier.auto_identifier][INFO] - Causal effect can be identified.
[2026-04-24 04:05:56,900][dowhy.causal_identifier.auto_identifier][INFO] - Instrumental variables for treatment and outcome:[]
[2026-04-24 04:05:56,902][dowhy.causal_identifier.auto_identifier][INFO] - Frontdoor variables for treatment and outcome:[]
[2026-04-24 04:05:56,902][dowhy.causal_model][INFO] - linear_regression
[2026-04-24 04:05:56,902][dowhy.causal_estimator][INFO] - INFO: Using Linear Regression Estimator
[2026-04-24 04:05:56,902][dowhy.causal_estimator][INFO] - b: X5~X0
[2026-04-24 04:05:56,909][dowhy.causal_model][INFO] - Model to find the causal effect of treatment ['X0'] on outcome ['X6']
[2026-04-24 04:05:56,909][dowhy.causal_identifier.auto_identifier][INFO] - Causal effect can be identified.
[2026-04-24 04:05:56,910][dowhy.causal_identifier.auto_identifier][INFO] - Instrumental variables for treatment and outcome:[]
[2026-04-24 04:05:56,912][dowhy.causal_identifier.auto_identifier][INFO] - Frontdoor variables for treatment and outcome:['X4', 'X5', 'X1', 'X2', 'X3']
[2026-04-24 04:05:56,913][dowhy.causal_identifier.auto_identifier][INFO] - Causal effect can be identified.
[2026-04-24 04:05:56,913][dowhy.causal_identifier.auto_identifier][INFO] - Causal effect can be identified.
[2026-04-24 04:05:56,914][dowhy.causal_model][INFO] - linear_regression
[2026-04-24 04:05:56,914][dowhy.causal_estimator][INFO] - INFO: Using Linear Regression Estimator
[2026-04-24 04:05:56,914][dowhy.causal_estimator][INFO] - b: X6~X0
[2026-04-24 04:05:56,957][dowhy.causal_model][INFO] - Model to find the causal effect of treatment ['X1'] on outcome ['X0']
[2026-04-24 04:05:56,957][dowhy.causal_identifier.auto_identifier][WARNING] - No directed path from treatment to outcome. Causal Effect is zero.
[2026-04-24 04:05:56,957][dowhy.causal_model][INFO] - linear_regression
[2026-04-24 04:05:56,957][dowhy.causal_estimator][INFO] - INFO: Using Linear Regression Estimator
[2026-04-24 04:05:56,957][dowhy.causal_estimator][WARNING] - No directed path from ['X1'] to ['X0'].
[2026-04-24 04:05:56,959][dowhy.causal_model][INFO] - Model to find the causal effect of treatment ['X1'] on outcome ['X2']
[2026-04-24 04:05:56,959][dowhy.causal_identifier.auto_identifier][WARNING] - No directed path from treatment to outcome. Causal Effect is zero.
[2026-04-24 04:05:56,959][dowhy.causal_model][INFO] - linear_regression
[2026-04-24 04:05:56,959][dowhy.causal_estimator][INFO] - INFO: Using Linear Regression Estimator
[2026-04-24 04:05:56,959][dowhy.causal_estimator][WARNING] - No directed path from ['X1'] to ['X2'].
[2026-04-24 04:05:56,961][dowhy.causal_model][INFO] - Model to find the causal effect of treatment ['X1'] on outcome ['X3']
[2026-04-24 04:05:56,961][dowhy.causal_identifier.auto_identifier][WARNING] - No directed path from treatment to outcome. Causal Effect is zero.
[2026-04-24 04:05:56,961][dowhy.causal_model][INFO] - linear_regression
[2026-04-24 04:05:56,961][dowhy.causal_estimator][INFO] - INFO: Using Linear Regression Estimator
[2026-04-24 04:05:56,961][dowhy.causal_estimator][WARNING] - No directed path from ['X1'] to ['X3'].
[2026-04-24 04:05:56,963][dowhy.causal_model][INFO] - Model to find the causal effect of treatment ['X1'] on outcome ['X4']
[2026-04-24 04:05:56,964][dowhy.causal_identifier.auto_identifier][INFO] - Causal effect can be identified.
[2026-04-24 04:05:56,964][dowhy.causal_identifier.auto_identifier][INFO] - Instrumental variables for treatment and outcome:[]
[2026-04-24 04:05:56,964][dowhy.causal_identifier.auto_identifier][INFO] - Frontdoor variables for treatment and outcome:[]
[2026-04-24 04:05:56,964][dowhy.causal_model][INFO] - linear_regression
[2026-04-24 04:05:56,964][dowhy.causal_estimator][INFO] - INFO: Using Linear Regression Estimator
[2026-04-24 04:05:56,965][dowhy.causal_estimator][INFO] - b: X4~X1+X0+X1*X2
[2026-04-24 04:05:56,974][dowhy.causal_model][INFO] - Model to find the causal effect of treatment ['X1'] on outcome ['X5']
[2026-04-24 04:05:56,975][dowhy.causal_identifier.auto_identifier][INFO] - Causal effect can be identified.
[2026-04-24 04:05:56,975][dowhy.causal_identifier.auto_identifier][INFO] - Instrumental variables for treatment and outcome:[]
[2026-04-24 04:05:56,975][dowhy.causal_identifier.auto_identifier][INFO] - Frontdoor variables for treatment and outcome:[]
[2026-04-24 04:05:56,975][dowhy.causal_model][INFO] - linear_regression
[2026-04-24 04:05:56,975][dowhy.causal_estimator][INFO] - INFO: Using Linear Regression Estimator
[2026-04-24 04:05:56,976][dowhy.causal_estimator][INFO] - b: X5~X1+X0
[2026-04-24 04:05:56,983][dowhy.causal_model][INFO] - Model to find the causal effect of treatment ['X1'] on outcome ['X6']
[2026-04-24 04:05:56,983][dowhy.causal_identifier.auto_identifier][WARNING] - No directed path from treatment to outcome. Causal Effect is zero.
[2026-04-24 04:05:56,983][dowhy.causal_model][INFO] - linear_regression
[2026-04-24 04:05:56,983][dowhy.causal_estimator][INFO] - INFO: Using Linear Regression Estimator
[2026-04-24 04:05:56,983][dowhy.causal_estimator][WARNING] - No directed path from ['X1'] to ['X6'].
[2026-04-24 04:05:57,015][dowhy.causal_model][INFO] - Model to find the causal effect of treatment ['X2'] on outcome ['X0']
[2026-04-24 04:05:57,015][dowhy.causal_identifier.auto_identifier][WARNING] - No directed path from treatment to outcome. Causal Effect is zero.
[2026-04-24 04:05:57,015][dowhy.causal_model][INFO] - linear_regression
[2026-04-24 04:05:57,015][dowhy.causal_estimator][INFO] - INFO: Using Linear Regression Estimator
[2026-04-24 04:05:57,015][dowhy.causal_estimator][WARNING] - No directed path from ['X2'] to ['X0'].
[2026-04-24 04:05:57,017][dowhy.causal_model][INFO] - Model to find the causal effect of treatment ['X2'] on outcome ['X1']
[2026-04-24 04:05:57,017][dowhy.causal_identifier.auto_identifier][WARNING] - No directed path from treatment to outcome. Causal Effect is zero.
[2026-04-24 04:05:57,017][dowhy.causal_model][INFO] - linear_regression
[2026-04-24 04:05:57,017][dowhy.causal_estimator][INFO] - INFO: Using Linear Regression Estimator
[2026-04-24 04:05:57,017][dowhy.causal_estimator][WARNING] - No directed path from ['X2'] to ['X1'].
[2026-04-24 04:05:57,018][dowhy.causal_model][INFO] - Model to find the causal effect of treatment ['X2'] on outcome ['X3']
[2026-04-24 04:05:57,019][dowhy.causal_identifier.auto_identifier][WARNING] - No directed path from treatment to outcome. Causal Effect is zero.
[2026-04-24 04:05:57,019][dowhy.causal_model][INFO] - linear_regression
[2026-04-24 04:05:57,019][dowhy.causal_estimator][INFO] - INFO: Using Linear Regression Estimator
[2026-04-24 04:05:57,019][dowhy.causal_estimator][WARNING] - No directed path from ['X2'] to ['X3'].
[2026-04-24 04:05:57,020][dowhy.causal_model][INFO] - Model to find the causal effect of treatment ['X2'] on outcome ['X4']
[2026-04-24 04:05:57,021][dowhy.causal_identifier.auto_identifier][INFO] - Causal effect can be identified.
[2026-04-24 04:05:57,022][dowhy.causal_identifier.auto_identifier][INFO] - Instrumental variables for treatment and outcome:[]
[2026-04-24 04:05:57,022][dowhy.causal_identifier.auto_identifier][INFO] - Frontdoor variables for treatment and outcome:[]
[2026-04-24 04:05:57,022][dowhy.causal_model][INFO] - linear_regression
[2026-04-24 04:05:57,022][dowhy.causal_estimator][INFO] - INFO: Using Linear Regression Estimator
[2026-04-24 04:05:57,022][dowhy.causal_estimator][INFO] - b: X4~X2+X0+X2*X1
[2026-04-24 04:05:57,030][dowhy.causal_model][INFO] - Model to find the causal effect of treatment ['X2'] on outcome ['X5']
[2026-04-24 04:05:57,031][dowhy.causal_identifier.auto_identifier][WARNING] - No directed path from treatment to outcome. Causal Effect is zero.
[2026-04-24 04:05:57,031][dowhy.causal_model][INFO] - linear_regression
[2026-04-24 04:05:57,031][dowhy.causal_estimator][INFO] - INFO: Using Linear Regression Estimator
[2026-04-24 04:05:57,031][dowhy.causal_estimator][WARNING] - No directed path from ['X2'] to ['X5'].
[2026-04-24 04:05:57,032][dowhy.causal_model][INFO] - Model to find the causal effect of treatment ['X2'] on outcome ['X6']
[2026-04-24 04:05:57,033][dowhy.causal_identifier.auto_identifier][INFO] - Causal effect can be identified.
[2026-04-24 04:05:57,034][dowhy.causal_identifier.auto_identifier][INFO] - Instrumental variables for treatment and outcome:[]
[2026-04-24 04:05:57,034][dowhy.causal_identifier.auto_identifier][INFO] - Frontdoor variables for treatment and outcome:[]
[2026-04-24 04:05:57,034][dowhy.causal_model][INFO] - linear_regression
[2026-04-24 04:05:57,034][dowhy.causal_estimator][INFO] - INFO: Using Linear Regression Estimator
[2026-04-24 04:05:57,035][dowhy.causal_estimator][INFO] - b: X6~X2+X3+X2*X3
[2026-04-24 04:05:57,077][dowhy.causal_model][INFO] - Model to find the causal effect of treatment ['X3'] on outcome ['X0']
[2026-04-24 04:05:57,077][dowhy.causal_identifier.auto_identifier][WARNING] - No directed path from treatment to outcome. Causal Effect is zero.
[2026-04-24 04:05:57,077][dowhy.causal_model][INFO] - linear_regression
[2026-04-24 04:05:57,077][dowhy.causal_estimator][INFO] - INFO: Using Linear Regression Estimator
[2026-04-24 04:05:57,077][dowhy.causal_estimator][WARNING] - No directed path from ['X3'] to ['X0'].
[2026-04-24 04:05:57,079][dowhy.causal_model][INFO] - Model to find the causal effect of treatment ['X3'] on outcome ['X1']
[2026-04-24 04:05:57,079][dowhy.causal_identifier.auto_identifier][WARNING] - No directed path from treatment to outcome. Causal Effect is zero.
[2026-04-24 04:05:57,079][dowhy.causal_model][INFO] - linear_regression
[2026-04-24 04:05:57,079][dowhy.causal_estimator][INFO] - INFO: Using Linear Regression Estimator
[2026-04-24 04:05:57,079][dowhy.causal_estimator][WARNING] - No directed path from ['X3'] to ['X1'].
[2026-04-24 04:05:57,081][dowhy.causal_model][INFO] - Model to find the causal effect of treatment ['X3'] on outcome ['X2']
[2026-04-24 04:05:57,081][dowhy.causal_identifier.auto_identifier][WARNING] - No directed path from treatment to outcome. Causal Effect is zero.
[2026-04-24 04:05:57,081][dowhy.causal_model][INFO] - linear_regression
[2026-04-24 04:05:57,081][dowhy.causal_estimator][INFO] - INFO: Using Linear Regression Estimator
[2026-04-24 04:05:57,081][dowhy.causal_estimator][WARNING] - No directed path from ['X3'] to ['X2'].
[2026-04-24 04:05:57,082][dowhy.causal_model][INFO] - Model to find the causal effect of treatment ['X3'] on outcome ['X4']
[2026-04-24 04:05:57,082][dowhy.causal_identifier.auto_identifier][WARNING] - No directed path from treatment to outcome. Causal Effect is zero.
[2026-04-24 04:05:57,083][dowhy.causal_model][INFO] - linear_regression
[2026-04-24 04:05:57,083][dowhy.causal_estimator][INFO] - INFO: Using Linear Regression Estimator
[2026-04-24 04:05:57,083][dowhy.causal_estimator][WARNING] - No directed path from ['X3'] to ['X4'].
[2026-04-24 04:05:57,084][dowhy.causal_model][INFO] - Model to find the causal effect of treatment ['X3'] on outcome ['X5']
[2026-04-24 04:05:57,084][dowhy.causal_identifier.auto_identifier][WARNING] - No directed path from treatment to outcome. Causal Effect is zero.
[2026-04-24 04:05:57,084][dowhy.causal_model][INFO] - linear_regression
[2026-04-24 04:05:57,084][dowhy.causal_estimator][INFO] - INFO: Using Linear Regression Estimator
[2026-04-24 04:05:57,084][dowhy.causal_estimator][WARNING] - No directed path from ['X3'] to ['X5'].
[2026-04-24 04:05:57,086][dowhy.causal_model][INFO] - Model to find the causal effect of treatment ['X3'] on outcome ['X6']
[2026-04-24 04:05:57,088][dowhy.causal_identifier.auto_identifier][INFO] - Causal effect can be identified.
[2026-04-24 04:05:57,088][dowhy.causal_identifier.auto_identifier][INFO] - Instrumental variables for treatment and outcome:[]
[2026-04-24 04:05:57,088][dowhy.causal_identifier.auto_identifier][INFO] - Frontdoor variables for treatment and outcome:[]
[2026-04-24 04:05:57,088][dowhy.causal_model][INFO] - linear_regression
[2026-04-24 04:05:57,088][dowhy.causal_estimator][INFO] - INFO: Using Linear Regression Estimator
[2026-04-24 04:05:57,089][dowhy.causal_estimator][INFO] - b: X6~X3+X2+X3*X2
[2026-04-24 04:05:57,135][dowhy.causal_model][INFO] - Model to find the causal effect of treatment ['X4'] on outcome ['X0']
[2026-04-24 04:05:57,135][dowhy.causal_identifier.auto_identifier][WARNING] - No directed path from treatment to outcome. Causal Effect is zero.
[2026-04-24 04:05:57,135][dowhy.causal_model][INFO] - linear_regression
[2026-04-24 04:05:57,135][dowhy.causal_estimator][INFO] - INFO: Using Linear Regression Estimator
[2026-04-24 04:05:57,135][dowhy.causal_estimator][WARNING] - No directed path from ['X4'] to ['X0'].
[2026-04-24 04:05:57,137][dowhy.causal_model][INFO] - Model to find the causal effect of treatment ['X4'] on outcome ['X1']
[2026-04-24 04:05:57,137][dowhy.causal_identifier.auto_identifier][WARNING] - No directed path from treatment to outcome. Causal Effect is zero.
[2026-04-24 04:05:57,137][dowhy.causal_model][INFO] - linear_regression
[2026-04-24 04:05:57,137][dowhy.causal_estimator][INFO] - INFO: Using Linear Regression Estimator
[2026-04-24 04:05:57,137][dowhy.causal_estimator][WARNING] - No directed path from ['X4'] to ['X1'].
[2026-04-24 04:05:57,139][dowhy.causal_model][INFO] - Model to find the causal effect of treatment ['X4'] on outcome ['X2']
[2026-04-24 04:05:57,139][dowhy.causal_identifier.auto_identifier][WARNING] - No directed path from treatment to outcome. Causal Effect is zero.
[2026-04-24 04:05:57,139][dowhy.causal_model][INFO] - linear_regression
[2026-04-24 04:05:57,139][dowhy.causal_estimator][INFO] - INFO: Using Linear Regression Estimator
[2026-04-24 04:05:57,139][dowhy.causal_estimator][WARNING] - No directed path from ['X4'] to ['X2'].
[2026-04-24 04:05:57,141][dowhy.causal_model][INFO] - Model to find the causal effect of treatment ['X4'] on outcome ['X3']
[2026-04-24 04:05:57,141][dowhy.causal_identifier.auto_identifier][WARNING] - No directed path from treatment to outcome. Causal Effect is zero.
[2026-04-24 04:05:57,141][dowhy.causal_model][INFO] - linear_regression
[2026-04-24 04:05:57,141][dowhy.causal_estimator][INFO] - INFO: Using Linear Regression Estimator
[2026-04-24 04:05:57,141][dowhy.causal_estimator][WARNING] - No directed path from ['X4'] to ['X3'].
[2026-04-24 04:05:57,142][dowhy.causal_model][INFO] - Model to find the causal effect of treatment ['X4'] on outcome ['X5']
[2026-04-24 04:05:57,142][dowhy.causal_identifier.auto_identifier][WARNING] - No directed path from treatment to outcome. Causal Effect is zero.
[2026-04-24 04:05:57,142][dowhy.causal_model][INFO] - linear_regression
[2026-04-24 04:05:57,142][dowhy.causal_estimator][INFO] - INFO: Using Linear Regression Estimator
[2026-04-24 04:05:57,142][dowhy.causal_estimator][WARNING] - No directed path from ['X4'] to ['X5'].
[2026-04-24 04:05:57,144][dowhy.causal_model][INFO] - Model to find the causal effect of treatment ['X4'] on outcome ['X6']
[2026-04-24 04:05:57,144][dowhy.causal_identifier.auto_identifier][WARNING] - No directed path from treatment to outcome. Causal Effect is zero.
[2026-04-24 04:05:57,144][dowhy.causal_model][INFO] - linear_regression
[2026-04-24 04:05:57,144][dowhy.causal_estimator][INFO] - INFO: Using Linear Regression Estimator
[2026-04-24 04:05:57,144][dowhy.causal_estimator][WARNING] - No directed path from ['X4'] to ['X6'].
[2026-04-24 04:05:57,177][dowhy.causal_model][INFO] - Model to find the causal effect of treatment ['X5'] on outcome ['X0']
[2026-04-24 04:05:57,177][dowhy.causal_identifier.auto_identifier][WARNING] - No directed path from treatment to outcome. Causal Effect is zero.
[2026-04-24 04:05:57,177][dowhy.causal_model][INFO] - linear_regression
[2026-04-24 04:05:57,177][dowhy.causal_estimator][INFO] - INFO: Using Linear Regression Estimator
[2026-04-24 04:05:57,177][dowhy.causal_estimator][WARNING] - No directed path from ['X5'] to ['X0'].
[2026-04-24 04:05:57,178][dowhy.causal_model][INFO] - Model to find the causal effect of treatment ['X5'] on outcome ['X1']
[2026-04-24 04:05:57,178][dowhy.causal_identifier.auto_identifier][WARNING] - No directed path from treatment to outcome. Causal Effect is zero.
[2026-04-24 04:05:57,178][dowhy.causal_model][INFO] - linear_regression
[2026-04-24 04:05:57,178][dowhy.causal_estimator][INFO] - INFO: Using Linear Regression Estimator
[2026-04-24 04:05:57,178][dowhy.causal_estimator][WARNING] - No directed path from ['X5'] to ['X1'].
[2026-04-24 04:05:57,180][dowhy.causal_model][INFO] - Model to find the causal effect of treatment ['X5'] on outcome ['X2']
[2026-04-24 04:05:57,180][dowhy.causal_identifier.auto_identifier][WARNING] - No directed path from treatment to outcome. Causal Effect is zero.
[2026-04-24 04:05:57,180][dowhy.causal_model][INFO] - linear_regression
[2026-04-24 04:05:57,180][dowhy.causal_estimator][INFO] - INFO: Using Linear Regression Estimator
[2026-04-24 04:05:57,180][dowhy.causal_estimator][WARNING] - No directed path from ['X5'] to ['X2'].
[2026-04-24 04:05:57,182][dowhy.causal_model][INFO] - Model to find the causal effect of treatment ['X5'] on outcome ['X3']
[2026-04-24 04:05:57,182][dowhy.causal_identifier.auto_identifier][WARNING] - No directed path from treatment to outcome. Causal Effect is zero.
[2026-04-24 04:05:57,182][dowhy.causal_model][INFO] - linear_regression
[2026-04-24 04:05:57,182][dowhy.causal_estimator][INFO] - INFO: Using Linear Regression Estimator
[2026-04-24 04:05:57,182][dowhy.causal_estimator][WARNING] - No directed path from ['X5'] to ['X3'].
[2026-04-24 04:05:57,183][dowhy.causal_model][INFO] - Model to find the causal effect of treatment ['X5'] on outcome ['X4']
[2026-04-24 04:05:57,183][dowhy.causal_identifier.auto_identifier][WARNING] - No directed path from treatment to outcome. Causal Effect is zero.
[2026-04-24 04:05:57,184][dowhy.causal_model][INFO] - linear_regression
[2026-04-24 04:05:57,184][dowhy.causal_estimator][INFO] - INFO: Using Linear Regression Estimator
[2026-04-24 04:05:57,184][dowhy.causal_estimator][WARNING] - No directed path from ['X5'] to ['X4'].
[2026-04-24 04:05:57,185][dowhy.causal_model][INFO] - Model to find the causal effect of treatment ['X5'] on outcome ['X6']
[2026-04-24 04:05:57,185][dowhy.causal_identifier.auto_identifier][WARNING] - No directed path from treatment to outcome. Causal Effect is zero.
[2026-04-24 04:05:57,185][dowhy.causal_model][INFO] - linear_regression
[2026-04-24 04:05:57,185][dowhy.causal_estimator][INFO] - INFO: Using Linear Regression Estimator
[2026-04-24 04:05:57,185][dowhy.causal_estimator][WARNING] - No directed path from ['X5'] to ['X6'].
[2026-04-24 04:05:57,215][dowhy.causal_model][INFO] - Model to find the causal effect of treatment ['X6'] on outcome ['X0']
[2026-04-24 04:05:57,215][dowhy.causal_identifier.auto_identifier][WARNING] - No directed path from treatment to outcome. Causal Effect is zero.
[2026-04-24 04:05:57,215][dowhy.causal_model][INFO] - linear_regression
[2026-04-24 04:05:57,215][dowhy.causal_estimator][INFO] - INFO: Using Linear Regression Estimator
[2026-04-24 04:05:57,215][dowhy.causal_estimator][WARNING] - No directed path from ['X6'] to ['X0'].
[2026-04-24 04:05:57,217][dowhy.causal_model][INFO] - Model to find the causal effect of treatment ['X6'] on outcome ['X1']
[2026-04-24 04:05:57,217][dowhy.causal_identifier.auto_identifier][WARNING] - No directed path from treatment to outcome. Causal Effect is zero.
[2026-04-24 04:05:57,217][dowhy.causal_model][INFO] - linear_regression
[2026-04-24 04:05:57,217][dowhy.causal_estimator][INFO] - INFO: Using Linear Regression Estimator
[2026-04-24 04:05:57,217][dowhy.causal_estimator][WARNING] - No directed path from ['X6'] to ['X1'].
[2026-04-24 04:05:57,218][dowhy.causal_model][INFO] - Model to find the causal effect of treatment ['X6'] on outcome ['X2']
[2026-04-24 04:05:57,218][dowhy.causal_identifier.auto_identifier][WARNING] - No directed path from treatment to outcome. Causal Effect is zero.
[2026-04-24 04:05:57,219][dowhy.causal_model][INFO] - linear_regression
[2026-04-24 04:05:57,219][dowhy.causal_estimator][INFO] - INFO: Using Linear Regression Estimator
[2026-04-24 04:05:57,219][dowhy.causal_estimator][WARNING] - No directed path from ['X6'] to ['X2'].
[2026-04-24 04:05:57,220][dowhy.causal_model][INFO] - Model to find the causal effect of treatment ['X6'] on outcome ['X3']
[2026-04-24 04:05:57,220][dowhy.causal_identifier.auto_identifier][WARNING] - No directed path from treatment to outcome. Causal Effect is zero.
[2026-04-24 04:05:57,220][dowhy.causal_model][INFO] - linear_regression
[2026-04-24 04:05:57,220][dowhy.causal_estimator][INFO] - INFO: Using Linear Regression Estimator
[2026-04-24 04:05:57,220][dowhy.causal_estimator][WARNING] - No directed path from ['X6'] to ['X3'].
[2026-04-24 04:05:57,222][dowhy.causal_model][INFO] - Model to find the causal effect of treatment ['X6'] on outcome ['X4']
[2026-04-24 04:05:57,222][dowhy.causal_identifier.auto_identifier][WARNING] - No directed path from treatment to outcome. Causal Effect is zero.
[2026-04-24 04:05:57,222][dowhy.causal_model][INFO] - linear_regression
[2026-04-24 04:05:57,222][dowhy.causal_estimator][INFO] - INFO: Using Linear Regression Estimator
[2026-04-24 04:05:57,222][dowhy.causal_estimator][WARNING] - No directed path from ['X6'] to ['X4'].
[2026-04-24 04:05:57,223][dowhy.causal_model][INFO] - Model to find the causal effect of treatment ['X6'] on outcome ['X5']
[2026-04-24 04:05:57,224][dowhy.causal_identifier.auto_identifier][WARNING] - No directed path from treatment to outcome. Causal Effect is zero.
[2026-04-24 04:05:57,224][dowhy.causal_model][INFO] - linear_regression
[2026-04-24 04:05:57,224][dowhy.causal_estimator][INFO] - INFO: Using Linear Regression Estimator
[2026-04-24 04:05:57,224][dowhy.causal_estimator][WARNING] - No directed path from ['X6'] to ['X5'].
[2026-04-24 04:05:57,271][dowhy.causal_model][INFO] - Model to find the causal effect of treatment ['X0'] on outcome ['X1']
[2026-04-24 04:05:57,272][dowhy.causal_identifier.auto_identifier][INFO] - Causal effect can be identified.
[2026-04-24 04:05:57,272][dowhy.causal_identifier.auto_identifier][INFO] - Instrumental variables for treatment and outcome:[]
[2026-04-24 04:05:57,272][dowhy.causal_identifier.auto_identifier][INFO] - Frontdoor variables for treatment and outcome:[]
[2026-04-24 04:05:57,272][dowhy.causal_model][INFO] - linear_regression
[2026-04-24 04:05:57,272][dowhy.causal_estimator][INFO] - INFO: Using Linear Regression Estimator
[2026-04-24 04:05:57,272][dowhy.causal_estimator][INFO] - b: X1~X0
[2026-04-24 04:05:57,279][dowhy.causal_model][INFO] - Model to find the causal effect of treatment ['X0'] on outcome ['X2']
[2026-04-24 04:05:57,279][dowhy.causal_identifier.auto_identifier][INFO] - Causal effect can be identified.
[2026-04-24 04:05:57,279][dowhy.causal_identifier.auto_identifier][INFO] - Instrumental variables for treatment and outcome:[]
[2026-04-24 04:05:57,280][dowhy.causal_identifier.auto_identifier][INFO] - Frontdoor variables for treatment and outcome:[]
[2026-04-24 04:05:57,280][dowhy.causal_model][INFO] - linear_regression
[2026-04-24 04:05:57,280][dowhy.causal_estimator][INFO] - INFO: Using Linear Regression Estimator
[2026-04-24 04:05:57,280][dowhy.causal_estimator][INFO] - b: X2~X0
[2026-04-24 04:05:57,286][dowhy.causal_model][INFO] - Model to find the causal effect of treatment ['X0'] on outcome ['X3']
[2026-04-24 04:05:57,286][dowhy.causal_identifier.auto_identifier][INFO] - Causal effect can be identified.
[2026-04-24 04:05:57,286][dowhy.causal_identifier.auto_identifier][INFO] - Instrumental variables for treatment and outcome:[]
[2026-04-24 04:05:57,287][dowhy.causal_identifier.auto_identifier][INFO] - Frontdoor variables for treatment and outcome:[]
[2026-04-24 04:05:57,287][dowhy.causal_model][INFO] - linear_regression
[2026-04-24 04:05:57,287][dowhy.causal_estimator][INFO] - INFO: Using Linear Regression Estimator
[2026-04-24 04:05:57,287][dowhy.causal_estimator][INFO] - b: X3~X0
[2026-04-24 04:05:57,294][dowhy.causal_model][INFO] - Model to find the causal effect of treatment ['X0'] on outcome ['X4']
[2026-04-24 04:05:57,294][dowhy.causal_identifier.auto_identifier][INFO] - Causal effect can be identified.
[2026-04-24 04:05:57,294][dowhy.causal_identifier.auto_identifier][INFO] - Instrumental variables for treatment and outcome:[]
[2026-04-24 04:05:57,296][dowhy.causal_identifier.auto_identifier][INFO] - Frontdoor variables for treatment and outcome:[]
[2026-04-24 04:05:57,297][dowhy.causal_model][INFO] - linear_regression
[2026-04-24 04:05:57,297][dowhy.causal_estimator][INFO] - INFO: Using Linear Regression Estimator
[2026-04-24 04:05:57,297][dowhy.causal_estimator][INFO] - b: X4~X0
[2026-04-24 04:05:57,304][dowhy.causal_model][INFO] - Model to find the causal effect of treatment ['X0'] on outcome ['X5']
[2026-04-24 04:05:57,304][dowhy.causal_identifier.auto_identifier][INFO] - Causal effect can be identified.
[2026-04-24 04:05:57,304][dowhy.causal_identifier.auto_identifier][INFO] - Instrumental variables for treatment and outcome:[]
[2026-04-24 04:05:57,306][dowhy.causal_identifier.auto_identifier][INFO] - Frontdoor variables for treatment and outcome:[]
[2026-04-24 04:05:57,307][dowhy.causal_model][INFO] - linear_regression
[2026-04-24 04:05:57,307][dowhy.causal_estimator][INFO] - INFO: Using Linear Regression Estimator
[2026-04-24 04:05:57,307][dowhy.causal_estimator][INFO] - b: X5~X0
[2026-04-24 04:05:57,314][dowhy.causal_model][INFO] - Model to find the causal effect of treatment ['X0'] on outcome ['X6']
[2026-04-24 04:05:57,314][dowhy.causal_identifier.auto_identifier][INFO] - Causal effect can be identified.
[2026-04-24 04:05:57,314][dowhy.causal_identifier.auto_identifier][INFO] - Instrumental variables for treatment and outcome:[]
[2026-04-24 04:05:57,317][dowhy.causal_identifier.auto_identifier][INFO] - Frontdoor variables for treatment and outcome:['X4', 'X5', 'X1', 'X2', 'X3']
[2026-04-24 04:05:57,317][dowhy.causal_identifier.auto_identifier][INFO] - Causal effect can be identified.
[2026-04-24 04:05:57,318][dowhy.causal_identifier.auto_identifier][INFO] - Causal effect can be identified.
[2026-04-24 04:05:57,319][dowhy.causal_model][INFO] - linear_regression
[2026-04-24 04:05:57,319][dowhy.causal_estimator][INFO] - INFO: Using Linear Regression Estimator
[2026-04-24 04:05:57,319][dowhy.causal_estimator][INFO] - b: X6~X0
[2026-04-24 04:05:57,368][dowhy.causal_model][INFO] - Model to find the causal effect of treatment ['X1'] on outcome ['X0']
[2026-04-24 04:05:57,368][dowhy.causal_identifier.auto_identifier][WARNING] - No directed path from treatment to outcome. Causal Effect is zero.
[2026-04-24 04:05:57,368][dowhy.causal_model][INFO] - linear_regression
[2026-04-24 04:05:57,368][dowhy.causal_estimator][INFO] - INFO: Using Linear Regression Estimator
[2026-04-24 04:05:57,368][dowhy.causal_estimator][WARNING] - No directed path from ['X1'] to ['X0'].
[2026-04-24 04:05:57,370][dowhy.causal_model][INFO] - Model to find the causal effect of treatment ['X1'] on outcome ['X2']
[2026-04-24 04:05:57,370][dowhy.causal_identifier.auto_identifier][WARNING] - No directed path from treatment to outcome. Causal Effect is zero.
[2026-04-24 04:05:57,370][dowhy.causal_model][INFO] - linear_regression
[2026-04-24 04:05:57,370][dowhy.causal_estimator][INFO] - INFO: Using Linear Regression Estimator
[2026-04-24 04:05:57,370][dowhy.causal_estimator][WARNING] - No directed path from ['X1'] to ['X2'].
[2026-04-24 04:05:57,372][dowhy.causal_model][INFO] - Model to find the causal effect of treatment ['X1'] on outcome ['X3']
[2026-04-24 04:05:57,372][dowhy.causal_identifier.auto_identifier][WARNING] - No directed path from treatment to outcome. Causal Effect is zero.
[2026-04-24 04:05:57,372][dowhy.causal_model][INFO] - linear_regression
[2026-04-24 04:05:57,372][dowhy.causal_estimator][INFO] - INFO: Using Linear Regression Estimator
[2026-04-24 04:05:57,372][dowhy.causal_estimator][WARNING] - No directed path from ['X1'] to ['X3'].
[2026-04-24 04:05:57,374][dowhy.causal_model][INFO] - Model to find the causal effect of treatment ['X1'] on outcome ['X4']
[2026-04-24 04:05:57,375][dowhy.causal_identifier.auto_identifier][INFO] - Causal effect can be identified.
[2026-04-24 04:05:57,376][dowhy.causal_identifier.auto_identifier][INFO] - Instrumental variables for treatment and outcome:[]
[2026-04-24 04:05:57,376][dowhy.causal_identifier.auto_identifier][INFO] - Frontdoor variables for treatment and outcome:[]
[2026-04-24 04:05:57,376][dowhy.causal_model][INFO] - linear_regression
[2026-04-24 04:05:57,376][dowhy.causal_estimator][INFO] - INFO: Using Linear Regression Estimator
[2026-04-24 04:05:57,376][dowhy.causal_estimator][INFO] - b: X4~X1+X0+X1*X2
[2026-04-24 04:05:57,386][dowhy.causal_model][INFO] - Model to find the causal effect of treatment ['X1'] on outcome ['X5']
[2026-04-24 04:05:57,387][dowhy.causal_identifier.auto_identifier][INFO] - Causal effect can be identified.
[2026-04-24 04:05:57,387][dowhy.causal_identifier.auto_identifier][INFO] - Instrumental variables for treatment and outcome:[]
[2026-04-24 04:05:57,388][dowhy.causal_identifier.auto_identifier][INFO] - Frontdoor variables for treatment and outcome:[]
[2026-04-24 04:05:57,388][dowhy.causal_model][INFO] - linear_regression
[2026-04-24 04:05:57,388][dowhy.causal_estimator][INFO] - INFO: Using Linear Regression Estimator
[2026-04-24 04:05:57,388][dowhy.causal_estimator][INFO] - b: X5~X1+X0
[2026-04-24 04:05:57,396][dowhy.causal_model][INFO] - Model to find the causal effect of treatment ['X1'] on outcome ['X6']
[2026-04-24 04:05:57,396][dowhy.causal_identifier.auto_identifier][WARNING] - No directed path from treatment to outcome. Causal Effect is zero.
[2026-04-24 04:05:57,396][dowhy.causal_model][INFO] - linear_regression
[2026-04-24 04:05:57,397][dowhy.causal_estimator][INFO] - INFO: Using Linear Regression Estimator
[2026-04-24 04:05:57,397][dowhy.causal_estimator][WARNING] - No directed path from ['X1'] to ['X6'].
[2026-04-24 04:05:57,431][dowhy.causal_model][INFO] - Model to find the causal effect of treatment ['X2'] on outcome ['X0']
[2026-04-24 04:05:57,431][dowhy.causal_identifier.auto_identifier][WARNING] - No directed path from treatment to outcome. Causal Effect is zero.
[2026-04-24 04:05:57,431][dowhy.causal_model][INFO] - linear_regression
[2026-04-24 04:05:57,431][dowhy.causal_estimator][INFO] - INFO: Using Linear Regression Estimator
[2026-04-24 04:05:57,431][dowhy.causal_estimator][WARNING] - No directed path from ['X2'] to ['X0'].
[2026-04-24 04:05:57,432][dowhy.causal_model][INFO] - Model to find the causal effect of treatment ['X2'] on outcome ['X1']
[2026-04-24 04:05:57,432][dowhy.causal_identifier.auto_identifier][WARNING] - No directed path from treatment to outcome. Causal Effect is zero.
[2026-04-24 04:05:57,432][dowhy.causal_model][INFO] - linear_regression
[2026-04-24 04:05:57,432][dowhy.causal_estimator][INFO] - INFO: Using Linear Regression Estimator
[2026-04-24 04:05:57,433][dowhy.causal_estimator][WARNING] - No directed path from ['X2'] to ['X1'].
[2026-04-24 04:05:57,434][dowhy.causal_model][INFO] - Model to find the causal effect of treatment ['X2'] on outcome ['X3']
[2026-04-24 04:05:57,434][dowhy.causal_identifier.auto_identifier][WARNING] - No directed path from treatment to outcome. Causal Effect is zero.
[2026-04-24 04:05:57,434][dowhy.causal_model][INFO] - linear_regression
[2026-04-24 04:05:57,434][dowhy.causal_estimator][INFO] - INFO: Using Linear Regression Estimator
[2026-04-24 04:05:57,434][dowhy.causal_estimator][WARNING] - No directed path from ['X2'] to ['X3'].
[2026-04-24 04:05:57,436][dowhy.causal_model][INFO] - Model to find the causal effect of treatment ['X2'] on outcome ['X4']
[2026-04-24 04:05:57,437][dowhy.causal_identifier.auto_identifier][INFO] - Causal effect can be identified.
[2026-04-24 04:05:57,437][dowhy.causal_identifier.auto_identifier][INFO] - Instrumental variables for treatment and outcome:[]
[2026-04-24 04:05:57,437][dowhy.causal_identifier.auto_identifier][INFO] - Frontdoor variables for treatment and outcome:[]
[2026-04-24 04:05:57,438][dowhy.causal_model][INFO] - linear_regression
[2026-04-24 04:05:57,438][dowhy.causal_estimator][INFO] - INFO: Using Linear Regression Estimator
[2026-04-24 04:05:57,438][dowhy.causal_estimator][INFO] - b: X4~X2+X0+X2*X1
[2026-04-24 04:05:57,446][dowhy.causal_model][INFO] - Model to find the causal effect of treatment ['X2'] on outcome ['X5']
[2026-04-24 04:05:57,446][dowhy.causal_identifier.auto_identifier][WARNING] - No directed path from treatment to outcome. Causal Effect is zero.
[2026-04-24 04:05:57,446][dowhy.causal_model][INFO] - linear_regression
[2026-04-24 04:05:57,446][dowhy.causal_estimator][INFO] - INFO: Using Linear Regression Estimator
[2026-04-24 04:05:57,446][dowhy.causal_estimator][WARNING] - No directed path from ['X2'] to ['X5'].
[2026-04-24 04:05:57,448][dowhy.causal_model][INFO] - Model to find the causal effect of treatment ['X2'] on outcome ['X6']
[2026-04-24 04:05:57,449][dowhy.causal_identifier.auto_identifier][INFO] - Causal effect can be identified.
[2026-04-24 04:05:57,450][dowhy.causal_identifier.auto_identifier][INFO] - Instrumental variables for treatment and outcome:[]
[2026-04-24 04:05:57,450][dowhy.causal_identifier.auto_identifier][INFO] - Frontdoor variables for treatment and outcome:[]
[2026-04-24 04:05:57,450][dowhy.causal_model][INFO] - linear_regression
[2026-04-24 04:05:57,450][dowhy.causal_estimator][INFO] - INFO: Using Linear Regression Estimator
[2026-04-24 04:05:57,450][dowhy.causal_estimator][INFO] - b: X6~X2+X3+X2*X3
[2026-04-24 04:05:57,490][dowhy.causal_model][INFO] - Model to find the causal effect of treatment ['X3'] on outcome ['X0']
[2026-04-24 04:05:57,490][dowhy.causal_identifier.auto_identifier][WARNING] - No directed path from treatment to outcome. Causal Effect is zero.
[2026-04-24 04:05:57,490][dowhy.causal_model][INFO] - linear_regression
[2026-04-24 04:05:57,490][dowhy.causal_estimator][INFO] - INFO: Using Linear Regression Estimator
[2026-04-24 04:05:57,490][dowhy.causal_estimator][WARNING] - No directed path from ['X3'] to ['X0'].
[2026-04-24 04:05:57,492][dowhy.causal_model][INFO] - Model to find the causal effect of treatment ['X3'] on outcome ['X1']
[2026-04-24 04:05:57,492][dowhy.causal_identifier.auto_identifier][WARNING] - No directed path from treatment to outcome. Causal Effect is zero.
[2026-04-24 04:05:57,492][dowhy.causal_model][INFO] - linear_regression
[2026-04-24 04:05:57,492][dowhy.causal_estimator][INFO] - INFO: Using Linear Regression Estimator
[2026-04-24 04:05:57,492][dowhy.causal_estimator][WARNING] - No directed path from ['X3'] to ['X1'].
[2026-04-24 04:05:57,493][dowhy.causal_model][INFO] - Model to find the causal effect of treatment ['X3'] on outcome ['X2']
[2026-04-24 04:05:57,493][dowhy.causal_identifier.auto_identifier][WARNING] - No directed path from treatment to outcome. Causal Effect is zero.
[2026-04-24 04:05:57,493][dowhy.causal_model][INFO] - linear_regression
[2026-04-24 04:05:57,494][dowhy.causal_estimator][INFO] - INFO: Using Linear Regression Estimator
[2026-04-24 04:05:57,494][dowhy.causal_estimator][WARNING] - No directed path from ['X3'] to ['X2'].
[2026-04-24 04:05:57,495][dowhy.causal_model][INFO] - Model to find the causal effect of treatment ['X3'] on outcome ['X4']
[2026-04-24 04:05:57,495][dowhy.causal_identifier.auto_identifier][WARNING] - No directed path from treatment to outcome. Causal Effect is zero.
[2026-04-24 04:05:57,495][dowhy.causal_model][INFO] - linear_regression
[2026-04-24 04:05:57,495][dowhy.causal_estimator][INFO] - INFO: Using Linear Regression Estimator
[2026-04-24 04:05:57,495][dowhy.causal_estimator][WARNING] - No directed path from ['X3'] to ['X4'].
[2026-04-24 04:05:57,497][dowhy.causal_model][INFO] - Model to find the causal effect of treatment ['X3'] on outcome ['X5']
[2026-04-24 04:05:57,497][dowhy.causal_identifier.auto_identifier][WARNING] - No directed path from treatment to outcome. Causal Effect is zero.
[2026-04-24 04:05:57,497][dowhy.causal_model][INFO] - linear_regression
[2026-04-24 04:05:57,497][dowhy.causal_estimator][INFO] - INFO: Using Linear Regression Estimator
[2026-04-24 04:05:57,497][dowhy.causal_estimator][WARNING] - No directed path from ['X3'] to ['X5'].
[2026-04-24 04:05:57,499][dowhy.causal_model][INFO] - Model to find the causal effect of treatment ['X3'] on outcome ['X6']
[2026-04-24 04:05:57,500][dowhy.causal_identifier.auto_identifier][INFO] - Causal effect can be identified.
[2026-04-24 04:05:57,500][dowhy.causal_identifier.auto_identifier][INFO] - Instrumental variables for treatment and outcome:[]
[2026-04-24 04:05:57,501][dowhy.causal_identifier.auto_identifier][INFO] - Frontdoor variables for treatment and outcome:[]
[2026-04-24 04:05:57,501][dowhy.causal_model][INFO] - linear_regression
[2026-04-24 04:05:57,501][dowhy.causal_estimator][INFO] - INFO: Using Linear Regression Estimator
[2026-04-24 04:05:57,501][dowhy.causal_estimator][INFO] - b: X6~X3+X2+X3*X2
[2026-04-24 04:05:57,544][dowhy.causal_model][INFO] - Model to find the causal effect of treatment ['X4'] on outcome ['X0']
[2026-04-24 04:05:57,545][dowhy.causal_identifier.auto_identifier][WARNING] - No directed path from treatment to outcome. Causal Effect is zero.
[2026-04-24 04:05:57,545][dowhy.causal_model][INFO] - linear_regression
[2026-04-24 04:05:57,545][dowhy.causal_estimator][INFO] - INFO: Using Linear Regression Estimator
[2026-04-24 04:05:57,545][dowhy.causal_estimator][WARNING] - No directed path from ['X4'] to ['X0'].
[2026-04-24 04:05:57,547][dowhy.causal_model][INFO] - Model to find the causal effect of treatment ['X4'] on outcome ['X1']
[2026-04-24 04:05:57,547][dowhy.causal_identifier.auto_identifier][WARNING] - No directed path from treatment to outcome. Causal Effect is zero.
[2026-04-24 04:05:57,547][dowhy.causal_model][INFO] - linear_regression
[2026-04-24 04:05:57,547][dowhy.causal_estimator][INFO] - INFO: Using Linear Regression Estimator
[2026-04-24 04:05:57,547][dowhy.causal_estimator][WARNING] - No directed path from ['X4'] to ['X1'].
[2026-04-24 04:05:57,548][dowhy.causal_model][INFO] - Model to find the causal effect of treatment ['X4'] on outcome ['X2']
[2026-04-24 04:05:57,548][dowhy.causal_identifier.auto_identifier][WARNING] - No directed path from treatment to outcome. Causal Effect is zero.
[2026-04-24 04:05:57,549][dowhy.causal_model][INFO] - linear_regression
[2026-04-24 04:05:57,549][dowhy.causal_estimator][INFO] - INFO: Using Linear Regression Estimator
[2026-04-24 04:05:57,549][dowhy.causal_estimator][WARNING] - No directed path from ['X4'] to ['X2'].
[2026-04-24 04:05:57,550][dowhy.causal_model][INFO] - Model to find the causal effect of treatment ['X4'] on outcome ['X3']
[2026-04-24 04:05:57,550][dowhy.causal_identifier.auto_identifier][WARNING] - No directed path from treatment to outcome. Causal Effect is zero.
[2026-04-24 04:05:57,550][dowhy.causal_model][INFO] - linear_regression
[2026-04-24 04:05:57,550][dowhy.causal_estimator][INFO] - INFO: Using Linear Regression Estimator
[2026-04-24 04:05:57,551][dowhy.causal_estimator][WARNING] - No directed path from ['X4'] to ['X3'].
[2026-04-24 04:05:57,552][dowhy.causal_model][INFO] - Model to find the causal effect of treatment ['X4'] on outcome ['X5']
[2026-04-24 04:05:57,552][dowhy.causal_identifier.auto_identifier][WARNING] - No directed path from treatment to outcome. Causal Effect is zero.
[2026-04-24 04:05:57,552][dowhy.causal_model][INFO] - linear_regression
[2026-04-24 04:05:57,552][dowhy.causal_estimator][INFO] - INFO: Using Linear Regression Estimator
[2026-04-24 04:05:57,552][dowhy.causal_estimator][WARNING] - No directed path from ['X4'] to ['X5'].
[2026-04-24 04:05:57,554][dowhy.causal_model][INFO] - Model to find the causal effect of treatment ['X4'] on outcome ['X6']
[2026-04-24 04:05:57,554][dowhy.causal_identifier.auto_identifier][WARNING] - No directed path from treatment to outcome. Causal Effect is zero.
[2026-04-24 04:05:57,554][dowhy.causal_model][INFO] - linear_regression
[2026-04-24 04:05:57,554][dowhy.causal_estimator][INFO] - INFO: Using Linear Regression Estimator
[2026-04-24 04:05:57,554][dowhy.causal_estimator][WARNING] - No directed path from ['X4'] to ['X6'].
[2026-04-24 04:05:57,590][dowhy.causal_model][INFO] - Model to find the causal effect of treatment ['X5'] on outcome ['X0']
[2026-04-24 04:05:57,590][dowhy.causal_identifier.auto_identifier][WARNING] - No directed path from treatment to outcome. Causal Effect is zero.
[2026-04-24 04:05:57,590][dowhy.causal_model][INFO] - linear_regression
[2026-04-24 04:05:57,590][dowhy.causal_estimator][INFO] - INFO: Using Linear Regression Estimator
[2026-04-24 04:05:57,590][dowhy.causal_estimator][WARNING] - No directed path from ['X5'] to ['X0'].
[2026-04-24 04:05:57,592][dowhy.causal_model][INFO] - Model to find the causal effect of treatment ['X5'] on outcome ['X1']
[2026-04-24 04:05:57,592][dowhy.causal_identifier.auto_identifier][WARNING] - No directed path from treatment to outcome. Causal Effect is zero.
[2026-04-24 04:05:57,592][dowhy.causal_model][INFO] - linear_regression
[2026-04-24 04:05:57,592][dowhy.causal_estimator][INFO] - INFO: Using Linear Regression Estimator
[2026-04-24 04:05:57,592][dowhy.causal_estimator][WARNING] - No directed path from ['X5'] to ['X1'].
[2026-04-24 04:05:57,593][dowhy.causal_model][INFO] - Model to find the causal effect of treatment ['X5'] on outcome ['X2']
[2026-04-24 04:05:57,593][dowhy.causal_identifier.auto_identifier][WARNING] - No directed path from treatment to outcome. Causal Effect is zero.
[2026-04-24 04:05:57,593][dowhy.causal_model][INFO] - linear_regression
[2026-04-24 04:05:57,593][dowhy.causal_estimator][INFO] - INFO: Using Linear Regression Estimator
[2026-04-24 04:05:57,594][dowhy.causal_estimator][WARNING] - No directed path from ['X5'] to ['X2'].
[2026-04-24 04:05:57,595][dowhy.causal_model][INFO] - Model to find the causal effect of treatment ['X5'] on outcome ['X3']
[2026-04-24 04:05:57,595][dowhy.causal_identifier.auto_identifier][WARNING] - No directed path from treatment to outcome. Causal Effect is zero.
[2026-04-24 04:05:57,595][dowhy.causal_model][INFO] - linear_regression
[2026-04-24 04:05:57,595][dowhy.causal_estimator][INFO] - INFO: Using Linear Regression Estimator
[2026-04-24 04:05:57,595][dowhy.causal_estimator][WARNING] - No directed path from ['X5'] to ['X3'].
[2026-04-24 04:05:57,597][dowhy.causal_model][INFO] - Model to find the causal effect of treatment ['X5'] on outcome ['X4']
[2026-04-24 04:05:57,597][dowhy.causal_identifier.auto_identifier][WARNING] - No directed path from treatment to outcome. Causal Effect is zero.
[2026-04-24 04:05:57,597][dowhy.causal_model][INFO] - linear_regression
[2026-04-24 04:05:57,597][dowhy.causal_estimator][INFO] - INFO: Using Linear Regression Estimator
[2026-04-24 04:05:57,597][dowhy.causal_estimator][WARNING] - No directed path from ['X5'] to ['X4'].
[2026-04-24 04:05:57,599][dowhy.causal_model][INFO] - Model to find the causal effect of treatment ['X5'] on outcome ['X6']
[2026-04-24 04:05:57,599][dowhy.causal_identifier.auto_identifier][WARNING] - No directed path from treatment to outcome. Causal Effect is zero.
[2026-04-24 04:05:57,599][dowhy.causal_model][INFO] - linear_regression
[2026-04-24 04:05:57,599][dowhy.causal_estimator][INFO] - INFO: Using Linear Regression Estimator
[2026-04-24 04:05:57,599][dowhy.causal_estimator][WARNING] - No directed path from ['X5'] to ['X6'].
[2026-04-24 04:05:57,633][dowhy.causal_model][INFO] - Model to find the causal effect of treatment ['X6'] on outcome ['X0']
[2026-04-24 04:05:57,633][dowhy.causal_identifier.auto_identifier][WARNING] - No directed path from treatment to outcome. Causal Effect is zero.
[2026-04-24 04:05:57,633][dowhy.causal_model][INFO] - linear_regression
[2026-04-24 04:05:57,633][dowhy.causal_estimator][INFO] - INFO: Using Linear Regression Estimator
[2026-04-24 04:05:57,633][dowhy.causal_estimator][WARNING] - No directed path from ['X6'] to ['X0'].
[2026-04-24 04:05:57,635][dowhy.causal_model][INFO] - Model to find the causal effect of treatment ['X6'] on outcome ['X1']
[2026-04-24 04:05:57,635][dowhy.causal_identifier.auto_identifier][WARNING] - No directed path from treatment to outcome. Causal Effect is zero.
[2026-04-24 04:05:57,635][dowhy.causal_model][INFO] - linear_regression
[2026-04-24 04:05:57,635][dowhy.causal_estimator][INFO] - INFO: Using Linear Regression Estimator
[2026-04-24 04:05:57,635][dowhy.causal_estimator][WARNING] - No directed path from ['X6'] to ['X1'].
[2026-04-24 04:05:57,637][dowhy.causal_model][INFO] - Model to find the causal effect of treatment ['X6'] on outcome ['X2']
[2026-04-24 04:05:57,637][dowhy.causal_identifier.auto_identifier][WARNING] - No directed path from treatment to outcome. Causal Effect is zero.
[2026-04-24 04:05:57,637][dowhy.causal_model][INFO] - linear_regression
[2026-04-24 04:05:57,637][dowhy.causal_estimator][INFO] - INFO: Using Linear Regression Estimator
[2026-04-24 04:05:57,637][dowhy.causal_estimator][WARNING] - No directed path from ['X6'] to ['X2'].
[2026-04-24 04:05:57,638][dowhy.causal_model][INFO] - Model to find the causal effect of treatment ['X6'] on outcome ['X3']
[2026-04-24 04:05:57,638][dowhy.causal_identifier.auto_identifier][WARNING] - No directed path from treatment to outcome. Causal Effect is zero.
[2026-04-24 04:05:57,638][dowhy.causal_model][INFO] - linear_regression
[2026-04-24 04:05:57,638][dowhy.causal_estimator][INFO] - INFO: Using Linear Regression Estimator
[2026-04-24 04:05:57,638][dowhy.causal_estimator][WARNING] - No directed path from ['X6'] to ['X3'].
[2026-04-24 04:05:57,640][dowhy.causal_model][INFO] - Model to find the causal effect of treatment ['X6'] on outcome ['X4']
[2026-04-24 04:05:57,640][dowhy.causal_identifier.auto_identifier][WARNING] - No directed path from treatment to outcome. Causal Effect is zero.
[2026-04-24 04:05:57,640][dowhy.causal_model][INFO] - linear_regression
[2026-04-24 04:05:57,640][dowhy.causal_estimator][INFO] - INFO: Using Linear Regression Estimator
[2026-04-24 04:05:57,640][dowhy.causal_estimator][WARNING] - No directed path from ['X6'] to ['X4'].
[2026-04-24 04:05:57,642][dowhy.causal_model][INFO] - Model to find the causal effect of treatment ['X6'] on outcome ['X5']
[2026-04-24 04:05:57,642][dowhy.causal_identifier.auto_identifier][WARNING] - No directed path from treatment to outcome. Causal Effect is zero.
[2026-04-24 04:05:57,642][dowhy.causal_model][INFO] - linear_regression
[2026-04-24 04:05:57,642][dowhy.causal_estimator][INFO] - INFO: Using Linear Regression Estimator
[2026-04-24 04:05:57,642][dowhy.causal_estimator][WARNING] - No directed path from ['X6'] to ['X5'].
[2026-04-24 04:05:57,690][dowhy.causal_model][INFO] - Model to find the causal effect of treatment ['X0'] on outcome ['X1']
[2026-04-24 04:05:57,690][dowhy.causal_identifier.auto_identifier][INFO] - Causal effect can be identified.
[2026-04-24 04:05:57,690][dowhy.causal_identifier.auto_identifier][INFO] - Instrumental variables for treatment and outcome:[]
[2026-04-24 04:05:57,691][dowhy.causal_identifier.auto_identifier][INFO] - Frontdoor variables for treatment and outcome:[]
[2026-04-24 04:05:57,691][dowhy.causal_model][INFO] - linear_regression
[2026-04-24 04:05:57,691][dowhy.causal_estimator][INFO] - INFO: Using Linear Regression Estimator
[2026-04-24 04:05:57,691][dowhy.causal_estimator][INFO] - b: X1~X0
[2026-04-24 04:05:57,697][dowhy.causal_model][INFO] - Model to find the causal effect of treatment ['X0'] on outcome ['X2']
[2026-04-24 04:05:57,697][dowhy.causal_identifier.auto_identifier][INFO] - Causal effect can be identified.
[2026-04-24 04:05:57,698][dowhy.causal_identifier.auto_identifier][INFO] - Instrumental variables for treatment and outcome:[]
[2026-04-24 04:05:57,698][dowhy.causal_identifier.auto_identifier][INFO] - Frontdoor variables for treatment and outcome:[]
[2026-04-24 04:05:57,698][dowhy.causal_model][INFO] - linear_regression
[2026-04-24 04:05:57,698][dowhy.causal_estimator][INFO] - INFO: Using Linear Regression Estimator
[2026-04-24 04:05:57,698][dowhy.causal_estimator][INFO] - b: X2~X0
[2026-04-24 04:05:57,704][dowhy.causal_model][INFO] - Model to find the causal effect of treatment ['X0'] on outcome ['X3']
[2026-04-24 04:05:57,704][dowhy.causal_identifier.auto_identifier][INFO] - Causal effect can be identified.
[2026-04-24 04:05:57,705][dowhy.causal_identifier.auto_identifier][INFO] - Instrumental variables for treatment and outcome:[]
[2026-04-24 04:05:57,706][dowhy.causal_identifier.auto_identifier][INFO] - Frontdoor variables for treatment and outcome:[]
[2026-04-24 04:05:57,706][dowhy.causal_model][INFO] - linear_regression
[2026-04-24 04:05:57,706][dowhy.causal_estimator][INFO] - INFO: Using Linear Regression Estimator
[2026-04-24 04:05:57,706][dowhy.causal_estimator][INFO] - b: X3~X0
[2026-04-24 04:05:57,712][dowhy.causal_model][INFO] - Model to find the causal effect of treatment ['X0'] on outcome ['X4']
[2026-04-24 04:05:57,712][dowhy.causal_identifier.auto_identifier][INFO] - Causal effect can be identified.
[2026-04-24 04:05:57,712][dowhy.causal_identifier.auto_identifier][INFO] - Instrumental variables for treatment and outcome:[]
[2026-04-24 04:05:57,715][dowhy.causal_identifier.auto_identifier][INFO] - Frontdoor variables for treatment and outcome:[]
[2026-04-24 04:05:57,715][dowhy.causal_model][INFO] - linear_regression
[2026-04-24 04:05:57,715][dowhy.causal_estimator][INFO] - INFO: Using Linear Regression Estimator
[2026-04-24 04:05:57,715][dowhy.causal_estimator][INFO] - b: X4~X0
[2026-04-24 04:05:57,721][dowhy.causal_model][INFO] - Model to find the causal effect of treatment ['X0'] on outcome ['X5']
[2026-04-24 04:05:57,722][dowhy.causal_identifier.auto_identifier][INFO] - Causal effect can be identified.
[2026-04-24 04:05:57,722][dowhy.causal_identifier.auto_identifier][INFO] - Instrumental variables for treatment and outcome:[]
[2026-04-24 04:05:57,725][dowhy.causal_identifier.auto_identifier][INFO] - Frontdoor variables for treatment and outcome:[]
[2026-04-24 04:05:57,725][dowhy.causal_model][INFO] - linear_regression
[2026-04-24 04:05:57,725][dowhy.causal_estimator][INFO] - INFO: Using Linear Regression Estimator
[2026-04-24 04:05:57,725][dowhy.causal_estimator][INFO] - b: X5~X0
[2026-04-24 04:05:57,732][dowhy.causal_model][INFO] - Model to find the causal effect of treatment ['X0'] on outcome ['X6']
[2026-04-24 04:05:57,732][dowhy.causal_identifier.auto_identifier][INFO] - Causal effect can be identified.
[2026-04-24 04:05:57,732][dowhy.causal_identifier.auto_identifier][INFO] - Instrumental variables for treatment and outcome:[]
[2026-04-24 04:05:57,735][dowhy.causal_identifier.auto_identifier][INFO] - Frontdoor variables for treatment and outcome:['X4', 'X5', 'X1', 'X2', 'X3']
[2026-04-24 04:05:57,735][dowhy.causal_identifier.auto_identifier][INFO] - Causal effect can be identified.
[2026-04-24 04:05:57,736][dowhy.causal_identifier.auto_identifier][INFO] - Causal effect can be identified.
[2026-04-24 04:05:57,736][dowhy.causal_model][INFO] - linear_regression
[2026-04-24 04:05:57,736][dowhy.causal_estimator][INFO] - INFO: Using Linear Regression Estimator
[2026-04-24 04:05:57,736][dowhy.causal_estimator][INFO] - b: X6~X0
[2026-04-24 04:05:57,782][dowhy.causal_model][INFO] - Model to find the causal effect of treatment ['X1'] on outcome ['X0']
[2026-04-24 04:05:57,782][dowhy.causal_identifier.auto_identifier][WARNING] - No directed path from treatment to outcome. Causal Effect is zero.
[2026-04-24 04:05:57,782][dowhy.causal_model][INFO] - linear_regression
[2026-04-24 04:05:57,782][dowhy.causal_estimator][INFO] - INFO: Using Linear Regression Estimator
[2026-04-24 04:05:57,782][dowhy.causal_estimator][WARNING] - No directed path from ['X1'] to ['X0'].
[2026-04-24 04:05:57,784][dowhy.causal_model][INFO] - Model to find the causal effect of treatment ['X1'] on outcome ['X2']
[2026-04-24 04:05:57,784][dowhy.causal_identifier.auto_identifier][WARNING] - No directed path from treatment to outcome. Causal Effect is zero.
[2026-04-24 04:05:57,784][dowhy.causal_model][INFO] - linear_regression
[2026-04-24 04:05:57,784][dowhy.causal_estimator][INFO] - INFO: Using Linear Regression Estimator
[2026-04-24 04:05:57,784][dowhy.causal_estimator][WARNING] - No directed path from ['X1'] to ['X2'].
[2026-04-24 04:05:57,786][dowhy.causal_model][INFO] - Model to find the causal effect of treatment ['X1'] on outcome ['X3']
[2026-04-24 04:05:57,786][dowhy.causal_identifier.auto_identifier][WARNING] - No directed path from treatment to outcome. Causal Effect is zero.
[2026-04-24 04:05:57,786][dowhy.causal_model][INFO] - linear_regression
[2026-04-24 04:05:57,786][dowhy.causal_estimator][INFO] - INFO: Using Linear Regression Estimator
[2026-04-24 04:05:57,786][dowhy.causal_estimator][WARNING] - No directed path from ['X1'] to ['X3'].
[2026-04-24 04:05:57,788][dowhy.causal_model][INFO] - Model to find the causal effect of treatment ['X1'] on outcome ['X4']
[2026-04-24 04:05:57,789][dowhy.causal_identifier.auto_identifier][INFO] - Causal effect can be identified.
[2026-04-24 04:05:57,789][dowhy.causal_identifier.auto_identifier][INFO] - Instrumental variables for treatment and outcome:[]
[2026-04-24 04:05:57,789][dowhy.causal_identifier.auto_identifier][INFO] - Frontdoor variables for treatment and outcome:[]
[2026-04-24 04:05:57,789][dowhy.causal_model][INFO] - linear_regression
[2026-04-24 04:05:57,789][dowhy.causal_estimator][INFO] - INFO: Using Linear Regression Estimator
[2026-04-24 04:05:57,790][dowhy.causal_estimator][INFO] - b: X4~X1+X0+X1*X2
[2026-04-24 04:05:57,799][dowhy.causal_model][INFO] - Model to find the causal effect of treatment ['X1'] on outcome ['X5']
[2026-04-24 04:05:57,800][dowhy.causal_identifier.auto_identifier][INFO] - Causal effect can be identified.
[2026-04-24 04:05:57,801][dowhy.causal_identifier.auto_identifier][INFO] - Instrumental variables for treatment and outcome:[]
[2026-04-24 04:05:57,801][dowhy.causal_identifier.auto_identifier][INFO] - Frontdoor variables for treatment and outcome:[]
[2026-04-24 04:05:57,801][dowhy.causal_model][INFO] - linear_regression
[2026-04-24 04:05:57,801][dowhy.causal_estimator][INFO] - INFO: Using Linear Regression Estimator
[2026-04-24 04:05:57,801][dowhy.causal_estimator][INFO] - b: X5~X1+X0
[2026-04-24 04:05:57,810][dowhy.causal_model][INFO] - Model to find the causal effect of treatment ['X1'] on outcome ['X6']
[2026-04-24 04:05:57,810][dowhy.causal_identifier.auto_identifier][WARNING] - No directed path from treatment to outcome. Causal Effect is zero.
[2026-04-24 04:05:57,810][dowhy.causal_model][INFO] - linear_regression
[2026-04-24 04:05:57,810][dowhy.causal_estimator][INFO] - INFO: Using Linear Regression Estimator
[2026-04-24 04:05:57,810][dowhy.causal_estimator][WARNING] - No directed path from ['X1'] to ['X6'].
[2026-04-24 04:05:57,844][dowhy.causal_model][INFO] - Model to find the causal effect of treatment ['X2'] on outcome ['X0']
[2026-04-24 04:05:57,844][dowhy.causal_identifier.auto_identifier][WARNING] - No directed path from treatment to outcome. Causal Effect is zero.
[2026-04-24 04:05:57,844][dowhy.causal_model][INFO] - linear_regression
[2026-04-24 04:05:57,844][dowhy.causal_estimator][INFO] - INFO: Using Linear Regression Estimator
[2026-04-24 04:05:57,844][dowhy.causal_estimator][WARNING] - No directed path from ['X2'] to ['X0'].
[2026-04-24 04:05:57,846][dowhy.causal_model][INFO] - Model to find the causal effect of treatment ['X2'] on outcome ['X1']
[2026-04-24 04:05:57,846][dowhy.causal_identifier.auto_identifier][WARNING] - No directed path from treatment to outcome. Causal Effect is zero.
[2026-04-24 04:05:57,846][dowhy.causal_model][INFO] - linear_regression
[2026-04-24 04:05:57,846][dowhy.causal_estimator][INFO] - INFO: Using Linear Regression Estimator
[2026-04-24 04:05:57,846][dowhy.causal_estimator][WARNING] - No directed path from ['X2'] to ['X1'].
[2026-04-24 04:05:57,848][dowhy.causal_model][INFO] - Model to find the causal effect of treatment ['X2'] on outcome ['X3']
[2026-04-24 04:05:57,848][dowhy.causal_identifier.auto_identifier][WARNING] - No directed path from treatment to outcome. Causal Effect is zero.
[2026-04-24 04:05:57,848][dowhy.causal_model][INFO] - linear_regression
[2026-04-24 04:05:57,848][dowhy.causal_estimator][INFO] - INFO: Using Linear Regression Estimator
[2026-04-24 04:05:57,848][dowhy.causal_estimator][WARNING] - No directed path from ['X2'] to ['X3'].
[2026-04-24 04:05:57,849][dowhy.causal_model][INFO] - Model to find the causal effect of treatment ['X2'] on outcome ['X4']
[2026-04-24 04:05:57,850][dowhy.causal_identifier.auto_identifier][INFO] - Causal effect can be identified.
[2026-04-24 04:05:57,851][dowhy.causal_identifier.auto_identifier][INFO] - Instrumental variables for treatment and outcome:[]
[2026-04-24 04:05:57,851][dowhy.causal_identifier.auto_identifier][INFO] - Frontdoor variables for treatment and outcome:[]
[2026-04-24 04:05:57,851][dowhy.causal_model][INFO] - linear_regression
[2026-04-24 04:05:57,851][dowhy.causal_estimator][INFO] - INFO: Using Linear Regression Estimator
[2026-04-24 04:05:57,851][dowhy.causal_estimator][INFO] - b: X4~X2+X0+X2*X1
[2026-04-24 04:05:57,860][dowhy.causal_model][INFO] - Model to find the causal effect of treatment ['X2'] on outcome ['X5']
[2026-04-24 04:05:57,860][dowhy.causal_identifier.auto_identifier][WARNING] - No directed path from treatment to outcome. Causal Effect is zero.
[2026-04-24 04:05:57,860][dowhy.causal_model][INFO] - linear_regression
[2026-04-24 04:05:57,860][dowhy.causal_estimator][INFO] - INFO: Using Linear Regression Estimator
[2026-04-24 04:05:57,860][dowhy.causal_estimator][WARNING] - No directed path from ['X2'] to ['X5'].
[2026-04-24 04:05:57,862][dowhy.causal_model][INFO] - Model to find the causal effect of treatment ['X2'] on outcome ['X6']
[2026-04-24 04:05:57,863][dowhy.causal_identifier.auto_identifier][INFO] - Causal effect can be identified.
[2026-04-24 04:05:57,863][dowhy.causal_identifier.auto_identifier][INFO] - Instrumental variables for treatment and outcome:[]
[2026-04-24 04:05:57,863][dowhy.causal_identifier.auto_identifier][INFO] - Frontdoor variables for treatment and outcome:[]
[2026-04-24 04:05:57,863][dowhy.causal_model][INFO] - linear_regression
[2026-04-24 04:05:57,863][dowhy.causal_estimator][INFO] - INFO: Using Linear Regression Estimator
[2026-04-24 04:05:57,864][dowhy.causal_estimator][INFO] - b: X6~X2+X3+X2*X3
[2026-04-24 04:05:57,904][dowhy.causal_model][INFO] - Model to find the causal effect of treatment ['X3'] on outcome ['X0']
[2026-04-24 04:05:57,904][dowhy.causal_identifier.auto_identifier][WARNING] - No directed path from treatment to outcome. Causal Effect is zero.
[2026-04-24 04:05:57,904][dowhy.causal_model][INFO] - linear_regression
[2026-04-24 04:05:57,904][dowhy.causal_estimator][INFO] - INFO: Using Linear Regression Estimator
[2026-04-24 04:05:57,904][dowhy.causal_estimator][WARNING] - No directed path from ['X3'] to ['X0'].
[2026-04-24 04:05:57,905][dowhy.causal_model][INFO] - Model to find the causal effect of treatment ['X3'] on outcome ['X1']
[2026-04-24 04:05:57,905][dowhy.causal_identifier.auto_identifier][WARNING] - No directed path from treatment to outcome. Causal Effect is zero.
[2026-04-24 04:05:57,906][dowhy.causal_model][INFO] - linear_regression
[2026-04-24 04:05:57,906][dowhy.causal_estimator][INFO] - INFO: Using Linear Regression Estimator
[2026-04-24 04:05:57,906][dowhy.causal_estimator][WARNING] - No directed path from ['X3'] to ['X1'].
[2026-04-24 04:05:57,907][dowhy.causal_model][INFO] - Model to find the causal effect of treatment ['X3'] on outcome ['X2']
[2026-04-24 04:05:57,907][dowhy.causal_identifier.auto_identifier][WARNING] - No directed path from treatment to outcome. Causal Effect is zero.
[2026-04-24 04:05:57,907][dowhy.causal_model][INFO] - linear_regression
[2026-04-24 04:05:57,907][dowhy.causal_estimator][INFO] - INFO: Using Linear Regression Estimator
[2026-04-24 04:05:57,907][dowhy.causal_estimator][WARNING] - No directed path from ['X3'] to ['X2'].
[2026-04-24 04:05:57,909][dowhy.causal_model][INFO] - Model to find the causal effect of treatment ['X3'] on outcome ['X4']
[2026-04-24 04:05:57,909][dowhy.causal_identifier.auto_identifier][WARNING] - No directed path from treatment to outcome. Causal Effect is zero.
[2026-04-24 04:05:57,909][dowhy.causal_model][INFO] - linear_regression
[2026-04-24 04:05:57,909][dowhy.causal_estimator][INFO] - INFO: Using Linear Regression Estimator
[2026-04-24 04:05:57,909][dowhy.causal_estimator][WARNING] - No directed path from ['X3'] to ['X4'].
[2026-04-24 04:05:57,911][dowhy.causal_model][INFO] - Model to find the causal effect of treatment ['X3'] on outcome ['X5']
[2026-04-24 04:05:57,911][dowhy.causal_identifier.auto_identifier][WARNING] - No directed path from treatment to outcome. Causal Effect is zero.
[2026-04-24 04:05:57,911][dowhy.causal_model][INFO] - linear_regression
[2026-04-24 04:05:57,911][dowhy.causal_estimator][INFO] - INFO: Using Linear Regression Estimator
[2026-04-24 04:05:57,911][dowhy.causal_estimator][WARNING] - No directed path from ['X3'] to ['X5'].
[2026-04-24 04:05:57,912][dowhy.causal_model][INFO] - Model to find the causal effect of treatment ['X3'] on outcome ['X6']
[2026-04-24 04:05:57,914][dowhy.causal_identifier.auto_identifier][INFO] - Causal effect can be identified.
[2026-04-24 04:05:57,914][dowhy.causal_identifier.auto_identifier][INFO] - Instrumental variables for treatment and outcome:[]
[2026-04-24 04:05:57,914][dowhy.causal_identifier.auto_identifier][INFO] - Frontdoor variables for treatment and outcome:[]
[2026-04-24 04:05:57,914][dowhy.causal_model][INFO] - linear_regression
[2026-04-24 04:05:57,914][dowhy.causal_estimator][INFO] - INFO: Using Linear Regression Estimator
[2026-04-24 04:05:57,914][dowhy.causal_estimator][INFO] - b: X6~X3+X2+X3*X2
[2026-04-24 04:05:57,956][dowhy.causal_model][INFO] - Model to find the causal effect of treatment ['X4'] on outcome ['X0']
[2026-04-24 04:05:57,956][dowhy.causal_identifier.auto_identifier][WARNING] - No directed path from treatment to outcome. Causal Effect is zero.
[2026-04-24 04:05:57,956][dowhy.causal_model][INFO] - linear_regression
[2026-04-24 04:05:57,956][dowhy.causal_estimator][INFO] - INFO: Using Linear Regression Estimator
[2026-04-24 04:05:57,956][dowhy.causal_estimator][WARNING] - No directed path from ['X4'] to ['X0'].
[2026-04-24 04:05:57,958][dowhy.causal_model][INFO] - Model to find the causal effect of treatment ['X4'] on outcome ['X1']
[2026-04-24 04:05:57,958][dowhy.causal_identifier.auto_identifier][WARNING] - No directed path from treatment to outcome. Causal Effect is zero.
[2026-04-24 04:05:57,958][dowhy.causal_model][INFO] - linear_regression
[2026-04-24 04:05:57,958][dowhy.causal_estimator][INFO] - INFO: Using Linear Regression Estimator
[2026-04-24 04:05:57,958][dowhy.causal_estimator][WARNING] - No directed path from ['X4'] to ['X1'].
[2026-04-24 04:05:57,959][dowhy.causal_model][INFO] - Model to find the causal effect of treatment ['X4'] on outcome ['X2']
[2026-04-24 04:05:57,960][dowhy.causal_identifier.auto_identifier][WARNING] - No directed path from treatment to outcome. Causal Effect is zero.
[2026-04-24 04:05:57,960][dowhy.causal_model][INFO] - linear_regression
[2026-04-24 04:05:57,960][dowhy.causal_estimator][INFO] - INFO: Using Linear Regression Estimator
[2026-04-24 04:05:57,960][dowhy.causal_estimator][WARNING] - No directed path from ['X4'] to ['X2'].
[2026-04-24 04:05:57,962][dowhy.causal_model][INFO] - Model to find the causal effect of treatment ['X4'] on outcome ['X3']
[2026-04-24 04:05:57,962][dowhy.causal_identifier.auto_identifier][WARNING] - No directed path from treatment to outcome. Causal Effect is zero.
[2026-04-24 04:05:57,962][dowhy.causal_model][INFO] - linear_regression
[2026-04-24 04:05:57,962][dowhy.causal_estimator][INFO] - INFO: Using Linear Regression Estimator
[2026-04-24 04:05:57,962][dowhy.causal_estimator][WARNING] - No directed path from ['X4'] to ['X3'].
[2026-04-24 04:05:57,964][dowhy.causal_model][INFO] - Model to find the causal effect of treatment ['X4'] on outcome ['X5']
[2026-04-24 04:05:57,964][dowhy.causal_identifier.auto_identifier][WARNING] - No directed path from treatment to outcome. Causal Effect is zero.
[2026-04-24 04:05:57,964][dowhy.causal_model][INFO] - linear_regression
[2026-04-24 04:05:57,964][dowhy.causal_estimator][INFO] - INFO: Using Linear Regression Estimator
[2026-04-24 04:05:57,964][dowhy.causal_estimator][WARNING] - No directed path from ['X4'] to ['X5'].
[2026-04-24 04:05:57,965][dowhy.causal_model][INFO] - Model to find the causal effect of treatment ['X4'] on outcome ['X6']
[2026-04-24 04:05:57,965][dowhy.causal_identifier.auto_identifier][WARNING] - No directed path from treatment to outcome. Causal Effect is zero.
[2026-04-24 04:05:57,966][dowhy.causal_model][INFO] - linear_regression
[2026-04-24 04:05:57,966][dowhy.causal_estimator][INFO] - INFO: Using Linear Regression Estimator
[2026-04-24 04:05:57,966][dowhy.causal_estimator][WARNING] - No directed path from ['X4'] to ['X6'].
[2026-04-24 04:05:58,001][dowhy.causal_model][INFO] - Model to find the causal effect of treatment ['X5'] on outcome ['X0']
[2026-04-24 04:05:58,001][dowhy.causal_identifier.auto_identifier][WARNING] - No directed path from treatment to outcome. Causal Effect is zero.
[2026-04-24 04:05:58,001][dowhy.causal_model][INFO] - linear_regression
[2026-04-24 04:05:58,001][dowhy.causal_estimator][INFO] - INFO: Using Linear Regression Estimator
[2026-04-24 04:05:58,001][dowhy.causal_estimator][WARNING] - No directed path from ['X5'] to ['X0'].
[2026-04-24 04:05:58,003][dowhy.causal_model][INFO] - Model to find the causal effect of treatment ['X5'] on outcome ['X1']
[2026-04-24 04:05:58,003][dowhy.causal_identifier.auto_identifier][WARNING] - No directed path from treatment to outcome. Causal Effect is zero.
[2026-04-24 04:05:58,003][dowhy.causal_model][INFO] - linear_regression
[2026-04-24 04:05:58,003][dowhy.causal_estimator][INFO] - INFO: Using Linear Regression Estimator
[2026-04-24 04:05:58,003][dowhy.causal_estimator][WARNING] - No directed path from ['X5'] to ['X1'].
[2026-04-24 04:05:58,005][dowhy.causal_model][INFO] - Model to find the causal effect of treatment ['X5'] on outcome ['X2']
[2026-04-24 04:05:58,005][dowhy.causal_identifier.auto_identifier][WARNING] - No directed path from treatment to outcome. Causal Effect is zero.
[2026-04-24 04:05:58,005][dowhy.causal_model][INFO] - linear_regression
[2026-04-24 04:05:58,005][dowhy.causal_estimator][INFO] - INFO: Using Linear Regression Estimator
[2026-04-24 04:05:58,005][dowhy.causal_estimator][WARNING] - No directed path from ['X5'] to ['X2'].
[2026-04-24 04:05:58,007][dowhy.causal_model][INFO] - Model to find the causal effect of treatment ['X5'] on outcome ['X3']
[2026-04-24 04:05:58,007][dowhy.causal_identifier.auto_identifier][WARNING] - No directed path from treatment to outcome. Causal Effect is zero.
[2026-04-24 04:05:58,007][dowhy.causal_model][INFO] - linear_regression
[2026-04-24 04:05:58,007][dowhy.causal_estimator][INFO] - INFO: Using Linear Regression Estimator
[2026-04-24 04:05:58,007][dowhy.causal_estimator][WARNING] - No directed path from ['X5'] to ['X3'].
[2026-04-24 04:05:58,008][dowhy.causal_model][INFO] - Model to find the causal effect of treatment ['X5'] on outcome ['X4']
[2026-04-24 04:05:58,008][dowhy.causal_identifier.auto_identifier][WARNING] - No directed path from treatment to outcome. Causal Effect is zero.
[2026-04-24 04:05:58,009][dowhy.causal_model][INFO] - linear_regression
[2026-04-24 04:05:58,009][dowhy.causal_estimator][INFO] - INFO: Using Linear Regression Estimator
[2026-04-24 04:05:58,009][dowhy.causal_estimator][WARNING] - No directed path from ['X5'] to ['X4'].
[2026-04-24 04:05:58,010][dowhy.causal_model][INFO] - Model to find the causal effect of treatment ['X5'] on outcome ['X6']
[2026-04-24 04:05:58,010][dowhy.causal_identifier.auto_identifier][WARNING] - No directed path from treatment to outcome. Causal Effect is zero.
[2026-04-24 04:05:58,010][dowhy.causal_model][INFO] - linear_regression
[2026-04-24 04:05:58,010][dowhy.causal_estimator][INFO] - INFO: Using Linear Regression Estimator
[2026-04-24 04:05:58,010][dowhy.causal_estimator][WARNING] - No directed path from ['X5'] to ['X6'].
[2026-04-24 04:05:58,043][dowhy.causal_model][INFO] - Model to find the causal effect of treatment ['X6'] on outcome ['X0']
[2026-04-24 04:05:58,043][dowhy.causal_identifier.auto_identifier][WARNING] - No directed path from treatment to outcome. Causal Effect is zero.
[2026-04-24 04:05:58,043][dowhy.causal_model][INFO] - linear_regression
[2026-04-24 04:05:58,043][dowhy.causal_estimator][INFO] - INFO: Using Linear Regression Estimator
[2026-04-24 04:05:58,043][dowhy.causal_estimator][WARNING] - No directed path from ['X6'] to ['X0'].
[2026-04-24 04:05:58,045][dowhy.causal_model][INFO] - Model to find the causal effect of treatment ['X6'] on outcome ['X1']
[2026-04-24 04:05:58,045][dowhy.causal_identifier.auto_identifier][WARNING] - No directed path from treatment to outcome. Causal Effect is zero.
[2026-04-24 04:05:58,045][dowhy.causal_model][INFO] - linear_regression
[2026-04-24 04:05:58,045][dowhy.causal_estimator][INFO] - INFO: Using Linear Regression Estimator
[2026-04-24 04:05:58,045][dowhy.causal_estimator][WARNING] - No directed path from ['X6'] to ['X1'].
[2026-04-24 04:05:58,047][dowhy.causal_model][INFO] - Model to find the causal effect of treatment ['X6'] on outcome ['X2']
[2026-04-24 04:05:58,047][dowhy.causal_identifier.auto_identifier][WARNING] - No directed path from treatment to outcome. Causal Effect is zero.
[2026-04-24 04:05:58,047][dowhy.causal_model][INFO] - linear_regression
[2026-04-24 04:05:58,047][dowhy.causal_estimator][INFO] - INFO: Using Linear Regression Estimator
[2026-04-24 04:05:58,047][dowhy.causal_estimator][WARNING] - No directed path from ['X6'] to ['X2'].
[2026-04-24 04:05:58,048][dowhy.causal_model][INFO] - Model to find the causal effect of treatment ['X6'] on outcome ['X3']
[2026-04-24 04:05:58,049][dowhy.causal_identifier.auto_identifier][WARNING] - No directed path from treatment to outcome. Causal Effect is zero.
[2026-04-24 04:05:58,049][dowhy.causal_model][INFO] - linear_regression
[2026-04-24 04:05:58,049][dowhy.causal_estimator][INFO] - INFO: Using Linear Regression Estimator
[2026-04-24 04:05:58,049][dowhy.causal_estimator][WARNING] - No directed path from ['X6'] to ['X3'].
[2026-04-24 04:05:58,050][dowhy.causal_model][INFO] - Model to find the causal effect of treatment ['X6'] on outcome ['X4']
[2026-04-24 04:05:58,050][dowhy.causal_identifier.auto_identifier][WARNING] - No directed path from treatment to outcome. Causal Effect is zero.
[2026-04-24 04:05:58,050][dowhy.causal_model][INFO] - linear_regression
[2026-04-24 04:05:58,050][dowhy.causal_estimator][INFO] - INFO: Using Linear Regression Estimator
[2026-04-24 04:05:58,050][dowhy.causal_estimator][WARNING] - No directed path from ['X6'] to ['X4'].
[2026-04-24 04:05:58,052][dowhy.causal_model][INFO] - Model to find the causal effect of treatment ['X6'] on outcome ['X5']
[2026-04-24 04:05:58,052][dowhy.causal_identifier.auto_identifier][WARNING] - No directed path from treatment to outcome. Causal Effect is zero.
[2026-04-24 04:05:58,052][dowhy.causal_model][INFO] - linear_regression
[2026-04-24 04:05:58,052][dowhy.causal_estimator][INFO] - INFO: Using Linear Regression Estimator
[2026-04-24 04:05:58,052][dowhy.causal_estimator][WARNING] - No directed path from ['X6'] to ['X5'].
