[2026-04-24 05:25:16,631][dowhy.causal_model][INFO] - Model to find the causal effect of treatment ['X0'] on outcome ['X1']
[2026-04-24 05:25:16,631][dowhy.causal_identifier.auto_identifier][WARNING] - No directed path from treatment to outcome. Causal Effect is zero.
[2026-04-24 05:25:16,631][dowhy.causal_model][INFO] - linear_regression
[2026-04-24 05:25:16,631][dowhy.causal_estimator][INFO] - INFO: Using Linear Regression Estimator
[2026-04-24 05:25:16,631][dowhy.causal_estimator][WARNING] - No directed path from ['X0'] to ['X1'].
[2026-04-24 05:25:16,633][dowhy.causal_model][INFO] - Model to find the causal effect of treatment ['X0'] on outcome ['X2']
[2026-04-24 05:25:16,633][dowhy.causal_identifier.auto_identifier][WARNING] - No directed path from treatment to outcome. Causal Effect is zero.
[2026-04-24 05:25:16,633][dowhy.causal_model][INFO] - linear_regression
[2026-04-24 05:25:16,633][dowhy.causal_estimator][INFO] - INFO: Using Linear Regression Estimator
[2026-04-24 05:25:16,633][dowhy.causal_estimator][WARNING] - No directed path from ['X0'] to ['X2'].
[2026-04-24 05:25:16,635][dowhy.causal_model][INFO] - Model to find the causal effect of treatment ['X0'] on outcome ['X3']
[2026-04-24 05:25:16,635][dowhy.causal_identifier.auto_identifier][WARNING] - No directed path from treatment to outcome. Causal Effect is zero.
[2026-04-24 05:25:16,635][dowhy.causal_model][INFO] - linear_regression
[2026-04-24 05:25:16,635][dowhy.causal_estimator][INFO] - INFO: Using Linear Regression Estimator
[2026-04-24 05:25:16,635][dowhy.causal_estimator][WARNING] - No directed path from ['X0'] to ['X3'].
[2026-04-24 05:25:16,637][dowhy.causal_model][INFO] - Model to find the causal effect of treatment ['X0'] on outcome ['X4']
[2026-04-24 05:25:16,637][dowhy.causal_identifier.auto_identifier][WARNING] - No directed path from treatment to outcome. Causal Effect is zero.
[2026-04-24 05:25:16,637][dowhy.causal_model][INFO] - linear_regression
[2026-04-24 05:25:16,637][dowhy.causal_estimator][INFO] - INFO: Using Linear Regression Estimator
[2026-04-24 05:25:16,637][dowhy.causal_estimator][WARNING] - No directed path from ['X0'] to ['X4'].
[2026-04-24 05:25:16,638][dowhy.causal_model][INFO] - Model to find the causal effect of treatment ['X0'] on outcome ['X5']
[2026-04-24 05:25:16,640][dowhy.causal_identifier.auto_identifier][INFO] - Causal effect can be identified.
[2026-04-24 05:25:16,641][dowhy.causal_identifier.auto_identifier][INFO] - Instrumental variables for treatment and outcome:[]
[2026-04-24 05:25:16,641][dowhy.causal_identifier.auto_identifier][INFO] - Frontdoor variables for treatment and outcome:[]
[2026-04-24 05:25:16,641][dowhy.causal_model][INFO] - linear_regression
[2026-04-24 05:25:16,641][dowhy.causal_estimator][INFO] - INFO: Using Linear Regression Estimator
[2026-04-24 05:25:16,642][dowhy.causal_estimator][INFO] - b: X5~X0+X0*X1
[2026-04-24 05:25:16,650][dowhy.causal_model][INFO] - Model to find the causal effect of treatment ['X0'] on outcome ['X6']
[2026-04-24 05:25:16,651][dowhy.causal_identifier.auto_identifier][INFO] - Causal effect can be identified.
[2026-04-24 05:25:16,651][dowhy.causal_identifier.auto_identifier][INFO] - Instrumental variables for treatment and outcome:[]
[2026-04-24 05:25:16,652][dowhy.causal_identifier.auto_identifier][INFO] - Frontdoor variables for treatment and outcome:[]
[2026-04-24 05:25:16,652][dowhy.causal_model][INFO] - linear_regression
[2026-04-24 05:25:16,652][dowhy.causal_estimator][INFO] - INFO: Using Linear Regression Estimator
[2026-04-24 05:25:16,652][dowhy.causal_estimator][INFO] - b: X6~X0+X0*X1
[2026-04-24 05:25:16,660][dowhy.causal_model][INFO] - Model to find the causal effect of treatment ['X0'] on outcome ['X7']
[2026-04-24 05:25:16,661][dowhy.causal_identifier.auto_identifier][INFO] - Causal effect can be identified.
[2026-04-24 05:25:16,662][dowhy.causal_identifier.auto_identifier][INFO] - Instrumental variables for treatment and outcome:[]
[2026-04-24 05:25:16,663][dowhy.causal_identifier.auto_identifier][INFO] - Frontdoor variables for treatment and outcome:['X5', 'X9', 'X6']
[2026-04-24 05:25:16,665][dowhy.causal_identifier.auto_identifier][INFO] - Causal effect can be identified.
[2026-04-24 05:25:16,667][dowhy.causal_identifier.auto_identifier][INFO] - Causal effect can be identified.
[2026-04-24 05:25:16,667][dowhy.causal_model][INFO] - linear_regression
[2026-04-24 05:25:16,667][dowhy.causal_estimator][INFO] - INFO: Using Linear Regression Estimator
[2026-04-24 05:25:16,668][dowhy.causal_estimator][INFO] - b: X7~X0+X0*X3+X0*X1+X0*X2
[2026-04-24 05:25:16,676][dowhy.causal_model][INFO] - Model to find the causal effect of treatment ['X0'] on outcome ['X8']
[2026-04-24 05:25:16,677][dowhy.causal_identifier.auto_identifier][INFO] - Causal effect can be identified.
[2026-04-24 05:25:16,677][dowhy.causal_identifier.auto_identifier][INFO] - Instrumental variables for treatment and outcome:[]
[2026-04-24 05:25:16,682][dowhy.causal_identifier.auto_identifier][INFO] - Frontdoor variables for treatment and outcome:['X9', 'X5', 'X6']
[2026-04-24 05:25:16,683][dowhy.causal_identifier.auto_identifier][INFO] - Causal effect can be identified.
[2026-04-24 05:25:16,685][dowhy.causal_identifier.auto_identifier][INFO] - Causal effect can be identified.
[2026-04-24 05:25:16,686][dowhy.causal_model][INFO] - linear_regression
[2026-04-24 05:25:16,686][dowhy.causal_estimator][INFO] - INFO: Using Linear Regression Estimator
[2026-04-24 05:25:16,686][dowhy.causal_estimator][INFO] - b: X8~X0+X0*X3+X0*X1+X0*X2
[2026-04-24 05:25:16,693][dowhy.causal_model][INFO] - Model to find the causal effect of treatment ['X0'] on outcome ['X9']
[2026-04-24 05:25:16,694][dowhy.causal_identifier.auto_identifier][INFO] - Causal effect can be identified.
[2026-04-24 05:25:16,695][dowhy.causal_identifier.auto_identifier][INFO] - Instrumental variables for treatment and outcome:[]
[2026-04-24 05:25:16,701][dowhy.causal_identifier.auto_identifier][INFO] - Frontdoor variables for treatment and outcome:[]
[2026-04-24 05:25:16,701][dowhy.causal_model][INFO] - linear_regression
[2026-04-24 05:25:16,701][dowhy.causal_estimator][INFO] - INFO: Using Linear Regression Estimator
[2026-04-24 05:25:16,701][dowhy.causal_estimator][INFO] - b: X9~X0+X0*X1
[2026-04-24 05:25:16,709][dowhy.causal_model][INFO] - Model to find the causal effect of treatment ['X0'] on outcome ['X10']
[2026-04-24 05:25:16,710][dowhy.causal_identifier.auto_identifier][INFO] - Causal effect can be identified.
[2026-04-24 05:25:16,711][dowhy.causal_identifier.auto_identifier][INFO] - Instrumental variables for treatment and outcome:[]
[2026-04-24 05:25:16,720][dowhy.causal_identifier.auto_identifier][INFO] - Frontdoor variables for treatment and outcome:['X9', 'X5', 'X6']
[2026-04-24 05:25:16,721][dowhy.causal_identifier.auto_identifier][INFO] - Causal effect can be identified.
[2026-04-24 05:25:16,723][dowhy.causal_identifier.auto_identifier][INFO] - Causal effect can be identified.
[2026-04-24 05:25:16,724][dowhy.causal_model][INFO] - linear_regression
[2026-04-24 05:25:16,724][dowhy.causal_estimator][INFO] - INFO: Using Linear Regression Estimator
[2026-04-24 05:25:16,724][dowhy.causal_estimator][INFO] - b: X10~X0+X0*X3+X0*X1+X0*X2
[2026-04-24 05:25:16,732][dowhy.causal_model][INFO] - Model to find the causal effect of treatment ['X0'] on outcome ['X11']
[2026-04-24 05:25:16,733][dowhy.causal_identifier.auto_identifier][INFO] - Causal effect can be identified.
[2026-04-24 05:25:16,734][dowhy.causal_identifier.auto_identifier][INFO] - Instrumental variables for treatment and outcome:[]
[2026-04-24 05:25:16,736][dowhy.causal_identifier.auto_identifier][INFO] - Frontdoor variables for treatment and outcome:['X9', 'X10', 'X8', 'X5', 'X7', 'X6']
[2026-04-24 05:25:16,738][dowhy.causal_identifier.auto_identifier][INFO] - Causal effect can be identified.
[2026-04-24 05:25:16,740][dowhy.causal_identifier.auto_identifier][INFO] - Causal effect can be identified.
[2026-04-24 05:25:16,741][dowhy.causal_model][INFO] - linear_regression
[2026-04-24 05:25:16,741][dowhy.causal_estimator][INFO] - INFO: Using Linear Regression Estimator
[2026-04-24 05:25:16,742][dowhy.causal_estimator][INFO] - b: X11~X0+X0*X3+X0*X1+X0*X4+X0*X2
[2026-04-24 05:25:16,786][dowhy.causal_model][INFO] - Model to find the causal effect of treatment ['X1'] on outcome ['X0']
[2026-04-24 05:25:16,786][dowhy.causal_identifier.auto_identifier][WARNING] - No directed path from treatment to outcome. Causal Effect is zero.
[2026-04-24 05:25:16,786][dowhy.causal_model][INFO] - linear_regression
[2026-04-24 05:25:16,787][dowhy.causal_estimator][INFO] - INFO: Using Linear Regression Estimator
[2026-04-24 05:25:16,787][dowhy.causal_estimator][WARNING] - No directed path from ['X1'] to ['X0'].
[2026-04-24 05:25:16,789][dowhy.causal_model][INFO] - Model to find the causal effect of treatment ['X1'] on outcome ['X2']
[2026-04-24 05:25:16,789][dowhy.causal_identifier.auto_identifier][WARNING] - No directed path from treatment to outcome. Causal Effect is zero.
[2026-04-24 05:25:16,789][dowhy.causal_model][INFO] - linear_regression
[2026-04-24 05:25:16,789][dowhy.causal_estimator][INFO] - INFO: Using Linear Regression Estimator
[2026-04-24 05:25:16,789][dowhy.causal_estimator][WARNING] - No directed path from ['X1'] to ['X2'].
[2026-04-24 05:25:16,791][dowhy.causal_model][INFO] - Model to find the causal effect of treatment ['X1'] on outcome ['X3']
[2026-04-24 05:25:16,791][dowhy.causal_identifier.auto_identifier][WARNING] - No directed path from treatment to outcome. Causal Effect is zero.
[2026-04-24 05:25:16,791][dowhy.causal_model][INFO] - linear_regression
[2026-04-24 05:25:16,791][dowhy.causal_estimator][INFO] - INFO: Using Linear Regression Estimator
[2026-04-24 05:25:16,791][dowhy.causal_estimator][WARNING] - No directed path from ['X1'] to ['X3'].
[2026-04-24 05:25:16,793][dowhy.causal_model][INFO] - Model to find the causal effect of treatment ['X1'] on outcome ['X4']
[2026-04-24 05:25:16,793][dowhy.causal_identifier.auto_identifier][WARNING] - No directed path from treatment to outcome. Causal Effect is zero.
[2026-04-24 05:25:16,793][dowhy.causal_model][INFO] - linear_regression
[2026-04-24 05:25:16,793][dowhy.causal_estimator][INFO] - INFO: Using Linear Regression Estimator
[2026-04-24 05:25:16,793][dowhy.causal_estimator][WARNING] - No directed path from ['X1'] to ['X4'].
[2026-04-24 05:25:16,795][dowhy.causal_model][INFO] - Model to find the causal effect of treatment ['X1'] on outcome ['X5']
[2026-04-24 05:25:16,796][dowhy.causal_identifier.auto_identifier][INFO] - Causal effect can be identified.
[2026-04-24 05:25:16,797][dowhy.causal_identifier.auto_identifier][INFO] - Instrumental variables for treatment and outcome:[]
[2026-04-24 05:25:16,797][dowhy.causal_identifier.auto_identifier][INFO] - Frontdoor variables for treatment and outcome:[]
[2026-04-24 05:25:16,797][dowhy.causal_model][INFO] - linear_regression
[2026-04-24 05:25:16,797][dowhy.causal_estimator][INFO] - INFO: Using Linear Regression Estimator
[2026-04-24 05:25:16,797][dowhy.causal_estimator][INFO] - b: X5~X1+X1*X0
[2026-04-24 05:25:16,806][dowhy.causal_model][INFO] - Model to find the causal effect of treatment ['X1'] on outcome ['X6']
[2026-04-24 05:25:16,807][dowhy.causal_identifier.auto_identifier][INFO] - Causal effect can be identified.
[2026-04-24 05:25:16,808][dowhy.causal_identifier.auto_identifier][INFO] - Instrumental variables for treatment and outcome:[]
[2026-04-24 05:25:16,808][dowhy.causal_identifier.auto_identifier][INFO] - Frontdoor variables for treatment and outcome:[]
[2026-04-24 05:25:16,809][dowhy.causal_model][INFO] - linear_regression
[2026-04-24 05:25:16,809][dowhy.causal_estimator][INFO] - INFO: Using Linear Regression Estimator
[2026-04-24 05:25:16,809][dowhy.causal_estimator][INFO] - b: X6~X1+X1*X0
[2026-04-24 05:25:16,817][dowhy.causal_model][INFO] - Model to find the causal effect of treatment ['X1'] on outcome ['X7']
[2026-04-24 05:25:16,819][dowhy.causal_identifier.auto_identifier][INFO] - Causal effect can be identified.
[2026-04-24 05:25:16,819][dowhy.causal_identifier.auto_identifier][INFO] - Instrumental variables for treatment and outcome:[]
[2026-04-24 05:25:16,821][dowhy.causal_identifier.auto_identifier][INFO] - Frontdoor variables for treatment and outcome:['X5', 'X9', 'X6']
[2026-04-24 05:25:16,822][dowhy.causal_identifier.auto_identifier][INFO] - Causal effect can be identified.
[2026-04-24 05:25:16,824][dowhy.causal_identifier.auto_identifier][INFO] - Causal effect can be identified.
[2026-04-24 05:25:16,825][dowhy.causal_model][INFO] - linear_regression
[2026-04-24 05:25:16,825][dowhy.causal_estimator][INFO] - INFO: Using Linear Regression Estimator
[2026-04-24 05:25:16,825][dowhy.causal_estimator][INFO] - b: X7~X1+X1*X3+X1*X0+X1*X2
[2026-04-24 05:25:16,835][dowhy.causal_model][INFO] - Model to find the causal effect of treatment ['X1'] on outcome ['X8']
[2026-04-24 05:25:16,836][dowhy.causal_identifier.auto_identifier][INFO] - Causal effect can be identified.
[2026-04-24 05:25:16,837][dowhy.causal_identifier.auto_identifier][INFO] - Instrumental variables for treatment and outcome:[]
[2026-04-24 05:25:16,841][dowhy.causal_identifier.auto_identifier][INFO] - Frontdoor variables for treatment and outcome:['X9', 'X5', 'X6']
[2026-04-24 05:25:16,843][dowhy.causal_identifier.auto_identifier][INFO] - Causal effect can be identified.
[2026-04-24 05:25:16,845][dowhy.causal_identifier.auto_identifier][INFO] - Causal effect can be identified.
[2026-04-24 05:25:16,846][dowhy.causal_model][INFO] - linear_regression
[2026-04-24 05:25:16,846][dowhy.causal_estimator][INFO] - INFO: Using Linear Regression Estimator
[2026-04-24 05:25:16,846][dowhy.causal_estimator][INFO] - b: X8~X1+X1*X3+X1*X0+X1*X2
[2026-04-24 05:25:16,855][dowhy.causal_model][INFO] - Model to find the causal effect of treatment ['X1'] on outcome ['X9']
[2026-04-24 05:25:16,856][dowhy.causal_identifier.auto_identifier][INFO] - Causal effect can be identified.
[2026-04-24 05:25:16,856][dowhy.causal_identifier.auto_identifier][INFO] - Instrumental variables for treatment and outcome:[]
[2026-04-24 05:25:16,863][dowhy.causal_identifier.auto_identifier][INFO] - Frontdoor variables for treatment and outcome:[]
[2026-04-24 05:25:16,863][dowhy.causal_model][INFO] - linear_regression
[2026-04-24 05:25:16,863][dowhy.causal_estimator][INFO] - INFO: Using Linear Regression Estimator
[2026-04-24 05:25:16,863][dowhy.causal_estimator][INFO] - b: X9~X1+X1*X0
[2026-04-24 05:25:16,871][dowhy.causal_model][INFO] - Model to find the causal effect of treatment ['X1'] on outcome ['X10']
[2026-04-24 05:25:16,873][dowhy.causal_identifier.auto_identifier][INFO] - Causal effect can be identified.
[2026-04-24 05:25:16,874][dowhy.causal_identifier.auto_identifier][INFO] - Instrumental variables for treatment and outcome:[]
[2026-04-24 05:25:16,883][dowhy.causal_identifier.auto_identifier][INFO] - Frontdoor variables for treatment and outcome:['X9', 'X5', 'X6']
[2026-04-24 05:25:16,885][dowhy.causal_identifier.auto_identifier][INFO] - Causal effect can be identified.
[2026-04-24 05:25:16,886][dowhy.causal_identifier.auto_identifier][INFO] - Causal effect can be identified.
[2026-04-24 05:25:16,887][dowhy.causal_model][INFO] - linear_regression
[2026-04-24 05:25:16,887][dowhy.causal_estimator][INFO] - INFO: Using Linear Regression Estimator
[2026-04-24 05:25:16,888][dowhy.causal_estimator][INFO] - b: X10~X1+X1*X3+X1*X0+X1*X2
[2026-04-24 05:25:16,896][dowhy.causal_model][INFO] - Model to find the causal effect of treatment ['X1'] on outcome ['X11']
[2026-04-24 05:25:16,897][dowhy.causal_identifier.auto_identifier][INFO] - Causal effect can be identified.
[2026-04-24 05:25:16,898][dowhy.causal_identifier.auto_identifier][INFO] - Instrumental variables for treatment and outcome:[]
[2026-04-24 05:25:16,901][dowhy.causal_identifier.auto_identifier][INFO] - Frontdoor variables for treatment and outcome:['X9', 'X10', 'X8', 'X5', 'X7', 'X6']
[2026-04-24 05:25:16,902][dowhy.causal_identifier.auto_identifier][INFO] - Causal effect can be identified.
[2026-04-24 05:25:16,904][dowhy.causal_identifier.auto_identifier][INFO] - Causal effect can be identified.
[2026-04-24 05:25:16,905][dowhy.causal_model][INFO] - linear_regression
[2026-04-24 05:25:16,906][dowhy.causal_estimator][INFO] - INFO: Using Linear Regression Estimator
[2026-04-24 05:25:16,906][dowhy.causal_estimator][INFO] - b: X11~X1+X1*X3+X1*X4+X1*X2+X1*X0
[2026-04-24 05:25:16,948][dowhy.causal_model][INFO] - Model to find the causal effect of treatment ['X2'] on outcome ['X0']
[2026-04-24 05:25:16,948][dowhy.causal_identifier.auto_identifier][WARNING] - No directed path from treatment to outcome. Causal Effect is zero.
[2026-04-24 05:25:16,948][dowhy.causal_model][INFO] - linear_regression
[2026-04-24 05:25:16,948][dowhy.causal_estimator][INFO] - INFO: Using Linear Regression Estimator
[2026-04-24 05:25:16,948][dowhy.causal_estimator][WARNING] - No directed path from ['X2'] to ['X0'].
[2026-04-24 05:25:16,950][dowhy.causal_model][INFO] - Model to find the causal effect of treatment ['X2'] on outcome ['X1']
[2026-04-24 05:25:16,950][dowhy.causal_identifier.auto_identifier][WARNING] - No directed path from treatment to outcome. Causal Effect is zero.
[2026-04-24 05:25:16,950][dowhy.causal_model][INFO] - linear_regression
[2026-04-24 05:25:16,950][dowhy.causal_estimator][INFO] - INFO: Using Linear Regression Estimator
[2026-04-24 05:25:16,950][dowhy.causal_estimator][WARNING] - No directed path from ['X2'] to ['X1'].
[2026-04-24 05:25:16,952][dowhy.causal_model][INFO] - Model to find the causal effect of treatment ['X2'] on outcome ['X3']
[2026-04-24 05:25:16,952][dowhy.causal_identifier.auto_identifier][WARNING] - No directed path from treatment to outcome. Causal Effect is zero.
[2026-04-24 05:25:16,952][dowhy.causal_model][INFO] - linear_regression
[2026-04-24 05:25:16,952][dowhy.causal_estimator][INFO] - INFO: Using Linear Regression Estimator
[2026-04-24 05:25:16,952][dowhy.causal_estimator][WARNING] - No directed path from ['X2'] to ['X3'].
[2026-04-24 05:25:16,954][dowhy.causal_model][INFO] - Model to find the causal effect of treatment ['X2'] on outcome ['X4']
[2026-04-24 05:25:16,954][dowhy.causal_identifier.auto_identifier][WARNING] - No directed path from treatment to outcome. Causal Effect is zero.
[2026-04-24 05:25:16,954][dowhy.causal_model][INFO] - linear_regression
[2026-04-24 05:25:16,954][dowhy.causal_estimator][INFO] - INFO: Using Linear Regression Estimator
[2026-04-24 05:25:16,954][dowhy.causal_estimator][WARNING] - No directed path from ['X2'] to ['X4'].
[2026-04-24 05:25:16,956][dowhy.causal_model][INFO] - Model to find the causal effect of treatment ['X2'] on outcome ['X5']
[2026-04-24 05:25:16,956][dowhy.causal_identifier.auto_identifier][WARNING] - No directed path from treatment to outcome. Causal Effect is zero.
[2026-04-24 05:25:16,956][dowhy.causal_model][INFO] - linear_regression
[2026-04-24 05:25:16,956][dowhy.causal_estimator][INFO] - INFO: Using Linear Regression Estimator
[2026-04-24 05:25:16,956][dowhy.causal_estimator][WARNING] - No directed path from ['X2'] to ['X5'].
[2026-04-24 05:25:16,958][dowhy.causal_model][INFO] - Model to find the causal effect of treatment ['X2'] on outcome ['X6']
[2026-04-24 05:25:16,958][dowhy.causal_identifier.auto_identifier][WARNING] - No directed path from treatment to outcome. Causal Effect is zero.
[2026-04-24 05:25:16,958][dowhy.causal_model][INFO] - linear_regression
[2026-04-24 05:25:16,958][dowhy.causal_estimator][INFO] - INFO: Using Linear Regression Estimator
[2026-04-24 05:25:16,958][dowhy.causal_estimator][WARNING] - No directed path from ['X2'] to ['X6'].
[2026-04-24 05:25:16,960][dowhy.causal_model][INFO] - Model to find the causal effect of treatment ['X2'] on outcome ['X7']
[2026-04-24 05:25:16,962][dowhy.causal_identifier.auto_identifier][INFO] - Causal effect can be identified.
[2026-04-24 05:25:16,963][dowhy.causal_identifier.auto_identifier][INFO] - Instrumental variables for treatment and outcome:[]
[2026-04-24 05:25:16,963][dowhy.causal_identifier.auto_identifier][INFO] - Frontdoor variables for treatment and outcome:[]
[2026-04-24 05:25:16,963][dowhy.causal_model][INFO] - linear_regression
[2026-04-24 05:25:16,963][dowhy.causal_estimator][INFO] - INFO: Using Linear Regression Estimator
[2026-04-24 05:25:16,963][dowhy.causal_estimator][INFO] - b: X7~X2+X2*X3+X2*X1+X2*X5+X2*X0+X2*X6
[2026-04-24 05:25:16,971][dowhy.causal_model][INFO] - Model to find the causal effect of treatment ['X2'] on outcome ['X8']
[2026-04-24 05:25:16,973][dowhy.causal_identifier.auto_identifier][INFO] - Causal effect can be identified.
[2026-04-24 05:25:16,974][dowhy.causal_identifier.auto_identifier][INFO] - Instrumental variables for treatment and outcome:[]
[2026-04-24 05:25:16,975][dowhy.causal_identifier.auto_identifier][INFO] - Frontdoor variables for treatment and outcome:[]
[2026-04-24 05:25:16,975][dowhy.causal_model][INFO] - linear_regression
[2026-04-24 05:25:16,975][dowhy.causal_estimator][INFO] - INFO: Using Linear Regression Estimator
[2026-04-24 05:25:16,975][dowhy.causal_estimator][INFO] - b: X8~X2+X2*X3+X2*X1+X2*X5+X2*X0+X2*X6
[2026-04-24 05:25:16,983][dowhy.causal_model][INFO] - Model to find the causal effect of treatment ['X2'] on outcome ['X9']
[2026-04-24 05:25:16,983][dowhy.causal_identifier.auto_identifier][WARNING] - No directed path from treatment to outcome. Causal Effect is zero.
[2026-04-24 05:25:16,983][dowhy.causal_model][INFO] - linear_regression
[2026-04-24 05:25:16,983][dowhy.causal_estimator][INFO] - INFO: Using Linear Regression Estimator
[2026-04-24 05:25:16,983][dowhy.causal_estimator][WARNING] - No directed path from ['X2'] to ['X9'].
[2026-04-24 05:25:16,985][dowhy.causal_model][INFO] - Model to find the causal effect of treatment ['X2'] on outcome ['X10']
[2026-04-24 05:25:16,987][dowhy.causal_identifier.auto_identifier][INFO] - Causal effect can be identified.
[2026-04-24 05:25:16,988][dowhy.causal_identifier.auto_identifier][INFO] - Instrumental variables for treatment and outcome:[]
[2026-04-24 05:25:16,989][dowhy.causal_identifier.auto_identifier][INFO] - Frontdoor variables for treatment and outcome:[]
[2026-04-24 05:25:16,989][dowhy.causal_model][INFO] - linear_regression
[2026-04-24 05:25:16,989][dowhy.causal_estimator][INFO] - INFO: Using Linear Regression Estimator
[2026-04-24 05:25:16,989][dowhy.causal_estimator][INFO] - b: X10~X2+X2*X3+X2*X1+X2*X5+X2*X0+X2*X6
[2026-04-24 05:25:16,998][dowhy.causal_model][INFO] - Model to find the causal effect of treatment ['X2'] on outcome ['X11']
[2026-04-24 05:25:17,000][dowhy.causal_identifier.auto_identifier][INFO] - Causal effect can be identified.
[2026-04-24 05:25:17,001][dowhy.causal_identifier.auto_identifier][INFO] - Instrumental variables for treatment and outcome:[]
[2026-04-24 05:25:17,003][dowhy.causal_identifier.auto_identifier][INFO] - Frontdoor variables for treatment and outcome:['X10', 'X7', 'X8']
[2026-04-24 05:25:17,005][dowhy.causal_identifier.auto_identifier][INFO] - Causal effect can be identified.
[2026-04-24 05:25:17,009][dowhy.causal_identifier.auto_identifier][INFO] - Causal effect can be identified.
[2026-04-24 05:25:17,010][dowhy.causal_model][INFO] - linear_regression
[2026-04-24 05:25:17,010][dowhy.causal_estimator][INFO] - INFO: Using Linear Regression Estimator
[2026-04-24 05:25:17,010][dowhy.causal_estimator][INFO] - b: X11~X2+X2*X3+X2*X4+X2*X1+X2*X5+X2*X0+X2*X6
[2026-04-24 05:25:17,060][dowhy.causal_model][INFO] - Model to find the causal effect of treatment ['X3'] on outcome ['X0']
[2026-04-24 05:25:17,060][dowhy.causal_identifier.auto_identifier][WARNING] - No directed path from treatment to outcome. Causal Effect is zero.
[2026-04-24 05:25:17,060][dowhy.causal_model][INFO] - linear_regression
[2026-04-24 05:25:17,060][dowhy.causal_estimator][INFO] - INFO: Using Linear Regression Estimator
[2026-04-24 05:25:17,060][dowhy.causal_estimator][WARNING] - No directed path from ['X3'] to ['X0'].
[2026-04-24 05:25:17,062][dowhy.causal_model][INFO] - Model to find the causal effect of treatment ['X3'] on outcome ['X1']
[2026-04-24 05:25:17,062][dowhy.causal_identifier.auto_identifier][WARNING] - No directed path from treatment to outcome. Causal Effect is zero.
[2026-04-24 05:25:17,062][dowhy.causal_model][INFO] - linear_regression
[2026-04-24 05:25:17,062][dowhy.causal_estimator][INFO] - INFO: Using Linear Regression Estimator
[2026-04-24 05:25:17,062][dowhy.causal_estimator][WARNING] - No directed path from ['X3'] to ['X1'].
[2026-04-24 05:25:17,064][dowhy.causal_model][INFO] - Model to find the causal effect of treatment ['X3'] on outcome ['X2']
[2026-04-24 05:25:17,064][dowhy.causal_identifier.auto_identifier][WARNING] - No directed path from treatment to outcome. Causal Effect is zero.
[2026-04-24 05:25:17,064][dowhy.causal_model][INFO] - linear_regression
[2026-04-24 05:25:17,064][dowhy.causal_estimator][INFO] - INFO: Using Linear Regression Estimator
[2026-04-24 05:25:17,064][dowhy.causal_estimator][WARNING] - No directed path from ['X3'] to ['X2'].
[2026-04-24 05:25:17,066][dowhy.causal_model][INFO] - Model to find the causal effect of treatment ['X3'] on outcome ['X4']
[2026-04-24 05:25:17,066][dowhy.causal_identifier.auto_identifier][WARNING] - No directed path from treatment to outcome. Causal Effect is zero.
[2026-04-24 05:25:17,066][dowhy.causal_model][INFO] - linear_regression
[2026-04-24 05:25:17,066][dowhy.causal_estimator][INFO] - INFO: Using Linear Regression Estimator
[2026-04-24 05:25:17,067][dowhy.causal_estimator][WARNING] - No directed path from ['X3'] to ['X4'].
[2026-04-24 05:25:17,068][dowhy.causal_model][INFO] - Model to find the causal effect of treatment ['X3'] on outcome ['X5']
[2026-04-24 05:25:17,068][dowhy.causal_identifier.auto_identifier][WARNING] - No directed path from treatment to outcome. Causal Effect is zero.
[2026-04-24 05:25:17,068][dowhy.causal_model][INFO] - linear_regression
[2026-04-24 05:25:17,068][dowhy.causal_estimator][INFO] - INFO: Using Linear Regression Estimator
[2026-04-24 05:25:17,068][dowhy.causal_estimator][WARNING] - No directed path from ['X3'] to ['X5'].
[2026-04-24 05:25:17,070][dowhy.causal_model][INFO] - Model to find the causal effect of treatment ['X3'] on outcome ['X6']
[2026-04-24 05:25:17,070][dowhy.causal_identifier.auto_identifier][WARNING] - No directed path from treatment to outcome. Causal Effect is zero.
[2026-04-24 05:25:17,070][dowhy.causal_model][INFO] - linear_regression
[2026-04-24 05:25:17,070][dowhy.causal_estimator][INFO] - INFO: Using Linear Regression Estimator
[2026-04-24 05:25:17,070][dowhy.causal_estimator][WARNING] - No directed path from ['X3'] to ['X6'].
[2026-04-24 05:25:17,072][dowhy.causal_model][INFO] - Model to find the causal effect of treatment ['X3'] on outcome ['X7']
[2026-04-24 05:25:17,074][dowhy.causal_identifier.auto_identifier][INFO] - Causal effect can be identified.
[2026-04-24 05:25:17,075][dowhy.causal_identifier.auto_identifier][INFO] - Instrumental variables for treatment and outcome:[]
[2026-04-24 05:25:17,075][dowhy.causal_identifier.auto_identifier][INFO] - Frontdoor variables for treatment and outcome:[]
[2026-04-24 05:25:17,076][dowhy.causal_model][INFO] - linear_regression
[2026-04-24 05:25:17,076][dowhy.causal_estimator][INFO] - INFO: Using Linear Regression Estimator
[2026-04-24 05:25:17,076][dowhy.causal_estimator][INFO] - b: X7~X3+X3*X1+X3*X5+X3*X0+X3*X2+X3*X6
[2026-04-24 05:25:17,085][dowhy.causal_model][INFO] - Model to find the causal effect of treatment ['X3'] on outcome ['X8']
[2026-04-24 05:25:17,087][dowhy.causal_identifier.auto_identifier][INFO] - Causal effect can be identified.
[2026-04-24 05:25:17,088][dowhy.causal_identifier.auto_identifier][INFO] - Instrumental variables for treatment and outcome:[]
[2026-04-24 05:25:17,089][dowhy.causal_identifier.auto_identifier][INFO] - Frontdoor variables for treatment and outcome:[]
[2026-04-24 05:25:17,089][dowhy.causal_model][INFO] - linear_regression
[2026-04-24 05:25:17,089][dowhy.causal_estimator][INFO] - INFO: Using Linear Regression Estimator
[2026-04-24 05:25:17,089][dowhy.causal_estimator][INFO] - b: X8~X3+X3*X1+X3*X5+X3*X0+X3*X2+X3*X6
[2026-04-24 05:25:17,099][dowhy.causal_model][INFO] - Model to find the causal effect of treatment ['X3'] on outcome ['X9']
[2026-04-24 05:25:17,099][dowhy.causal_identifier.auto_identifier][WARNING] - No directed path from treatment to outcome. Causal Effect is zero.
[2026-04-24 05:25:17,099][dowhy.causal_model][INFO] - linear_regression
[2026-04-24 05:25:17,099][dowhy.causal_estimator][INFO] - INFO: Using Linear Regression Estimator
[2026-04-24 05:25:17,099][dowhy.causal_estimator][WARNING] - No directed path from ['X3'] to ['X9'].
[2026-04-24 05:25:17,101][dowhy.causal_model][INFO] - Model to find the causal effect of treatment ['X3'] on outcome ['X10']
[2026-04-24 05:25:17,103][dowhy.causal_identifier.auto_identifier][INFO] - Causal effect can be identified.
[2026-04-24 05:25:17,104][dowhy.causal_identifier.auto_identifier][INFO] - Instrumental variables for treatment and outcome:[]
[2026-04-24 05:25:17,105][dowhy.causal_identifier.auto_identifier][INFO] - Frontdoor variables for treatment and outcome:[]
[2026-04-24 05:25:17,105][dowhy.causal_model][INFO] - linear_regression
[2026-04-24 05:25:17,105][dowhy.causal_estimator][INFO] - INFO: Using Linear Regression Estimator
[2026-04-24 05:25:17,105][dowhy.causal_estimator][INFO] - b: X10~X3+X3*X1+X3*X5+X3*X0+X3*X2+X3*X6
[2026-04-24 05:25:17,114][dowhy.causal_model][INFO] - Model to find the causal effect of treatment ['X3'] on outcome ['X11']
[2026-04-24 05:25:17,116][dowhy.causal_identifier.auto_identifier][INFO] - Causal effect can be identified.
[2026-04-24 05:25:17,117][dowhy.causal_identifier.auto_identifier][INFO] - Instrumental variables for treatment and outcome:[]
[2026-04-24 05:25:17,118][dowhy.causal_identifier.auto_identifier][INFO] - Frontdoor variables for treatment and outcome:['X10', 'X7', 'X8']
[2026-04-24 05:25:17,121][dowhy.causal_identifier.auto_identifier][INFO] - Causal effect can be identified.
[2026-04-24 05:25:17,124][dowhy.causal_identifier.auto_identifier][INFO] - Causal effect can be identified.
[2026-04-24 05:25:17,125][dowhy.causal_model][INFO] - linear_regression
[2026-04-24 05:25:17,125][dowhy.causal_estimator][INFO] - INFO: Using Linear Regression Estimator
[2026-04-24 05:25:17,125][dowhy.causal_estimator][INFO] - b: X11~X3+X3*X4+X3*X1+X3*X0+X3*X5+X3*X2+X3*X6
[2026-04-24 05:25:17,169][dowhy.causal_model][INFO] - Model to find the causal effect of treatment ['X4'] on outcome ['X0']
[2026-04-24 05:25:17,169][dowhy.causal_identifier.auto_identifier][WARNING] - No directed path from treatment to outcome. Causal Effect is zero.
[2026-04-24 05:25:17,169][dowhy.causal_model][INFO] - linear_regression
[2026-04-24 05:25:17,169][dowhy.causal_estimator][INFO] - INFO: Using Linear Regression Estimator
[2026-04-24 05:25:17,169][dowhy.causal_estimator][WARNING] - No directed path from ['X4'] to ['X0'].
[2026-04-24 05:25:17,171][dowhy.causal_model][INFO] - Model to find the causal effect of treatment ['X4'] on outcome ['X1']
[2026-04-24 05:25:17,171][dowhy.causal_identifier.auto_identifier][WARNING] - No directed path from treatment to outcome. Causal Effect is zero.
[2026-04-24 05:25:17,171][dowhy.causal_model][INFO] - linear_regression
[2026-04-24 05:25:17,171][dowhy.causal_estimator][INFO] - INFO: Using Linear Regression Estimator
[2026-04-24 05:25:17,171][dowhy.causal_estimator][WARNING] - No directed path from ['X4'] to ['X1'].
[2026-04-24 05:25:17,173][dowhy.causal_model][INFO] - Model to find the causal effect of treatment ['X4'] on outcome ['X2']
[2026-04-24 05:25:17,173][dowhy.causal_identifier.auto_identifier][WARNING] - No directed path from treatment to outcome. Causal Effect is zero.
[2026-04-24 05:25:17,173][dowhy.causal_model][INFO] - linear_regression
[2026-04-24 05:25:17,173][dowhy.causal_estimator][INFO] - INFO: Using Linear Regression Estimator
[2026-04-24 05:25:17,173][dowhy.causal_estimator][WARNING] - No directed path from ['X4'] to ['X2'].
[2026-04-24 05:25:17,175][dowhy.causal_model][INFO] - Model to find the causal effect of treatment ['X4'] on outcome ['X3']
[2026-04-24 05:25:17,175][dowhy.causal_identifier.auto_identifier][WARNING] - No directed path from treatment to outcome. Causal Effect is zero.
[2026-04-24 05:25:17,175][dowhy.causal_model][INFO] - linear_regression
[2026-04-24 05:25:17,175][dowhy.causal_estimator][INFO] - INFO: Using Linear Regression Estimator
[2026-04-24 05:25:17,175][dowhy.causal_estimator][WARNING] - No directed path from ['X4'] to ['X3'].
[2026-04-24 05:25:17,176][dowhy.causal_model][INFO] - Model to find the causal effect of treatment ['X4'] on outcome ['X5']
[2026-04-24 05:25:17,177][dowhy.causal_identifier.auto_identifier][WARNING] - No directed path from treatment to outcome. Causal Effect is zero.
[2026-04-24 05:25:17,177][dowhy.causal_model][INFO] - linear_regression
[2026-04-24 05:25:17,177][dowhy.causal_estimator][INFO] - INFO: Using Linear Regression Estimator
[2026-04-24 05:25:17,177][dowhy.causal_estimator][WARNING] - No directed path from ['X4'] to ['X5'].
[2026-04-24 05:25:17,178][dowhy.causal_model][INFO] - Model to find the causal effect of treatment ['X4'] on outcome ['X6']
[2026-04-24 05:25:17,178][dowhy.causal_identifier.auto_identifier][WARNING] - No directed path from treatment to outcome. Causal Effect is zero.
[2026-04-24 05:25:17,178][dowhy.causal_model][INFO] - linear_regression
[2026-04-24 05:25:17,178][dowhy.causal_estimator][INFO] - INFO: Using Linear Regression Estimator
[2026-04-24 05:25:17,178][dowhy.causal_estimator][WARNING] - No directed path from ['X4'] to ['X6'].
[2026-04-24 05:25:17,180][dowhy.causal_model][INFO] - Model to find the causal effect of treatment ['X4'] on outcome ['X7']
[2026-04-24 05:25:17,180][dowhy.causal_identifier.auto_identifier][WARNING] - No directed path from treatment to outcome. Causal Effect is zero.
[2026-04-24 05:25:17,180][dowhy.causal_model][INFO] - linear_regression
[2026-04-24 05:25:17,180][dowhy.causal_estimator][INFO] - INFO: Using Linear Regression Estimator
[2026-04-24 05:25:17,180][dowhy.causal_estimator][WARNING] - No directed path from ['X4'] to ['X7'].
[2026-04-24 05:25:17,182][dowhy.causal_model][INFO] - Model to find the causal effect of treatment ['X4'] on outcome ['X8']
[2026-04-24 05:25:17,182][dowhy.causal_identifier.auto_identifier][WARNING] - No directed path from treatment to outcome. Causal Effect is zero.
[2026-04-24 05:25:17,182][dowhy.causal_model][INFO] - linear_regression
[2026-04-24 05:25:17,182][dowhy.causal_estimator][INFO] - INFO: Using Linear Regression Estimator
[2026-04-24 05:25:17,182][dowhy.causal_estimator][WARNING] - No directed path from ['X4'] to ['X8'].
[2026-04-24 05:25:17,184][dowhy.causal_model][INFO] - Model to find the causal effect of treatment ['X4'] on outcome ['X9']
[2026-04-24 05:25:17,184][dowhy.causal_identifier.auto_identifier][WARNING] - No directed path from treatment to outcome. Causal Effect is zero.
[2026-04-24 05:25:17,184][dowhy.causal_model][INFO] - linear_regression
[2026-04-24 05:25:17,184][dowhy.causal_estimator][INFO] - INFO: Using Linear Regression Estimator
[2026-04-24 05:25:17,184][dowhy.causal_estimator][WARNING] - No directed path from ['X4'] to ['X9'].
[2026-04-24 05:25:17,186][dowhy.causal_model][INFO] - Model to find the causal effect of treatment ['X4'] on outcome ['X10']
[2026-04-24 05:25:17,186][dowhy.causal_identifier.auto_identifier][WARNING] - No directed path from treatment to outcome. Causal Effect is zero.
[2026-04-24 05:25:17,186][dowhy.causal_model][INFO] - linear_regression
[2026-04-24 05:25:17,186][dowhy.causal_estimator][INFO] - INFO: Using Linear Regression Estimator
[2026-04-24 05:25:17,186][dowhy.causal_estimator][WARNING] - No directed path from ['X4'] to ['X10'].
[2026-04-24 05:25:17,187][dowhy.causal_model][INFO] - Model to find the causal effect of treatment ['X4'] on outcome ['X11']
[2026-04-24 05:25:17,190][dowhy.causal_identifier.auto_identifier][INFO] - Causal effect can be identified.
[2026-04-24 05:25:17,191][dowhy.causal_identifier.auto_identifier][INFO] - Instrumental variables for treatment and outcome:[]
[2026-04-24 05:25:17,192][dowhy.causal_identifier.auto_identifier][INFO] - Frontdoor variables for treatment and outcome:[]
[2026-04-24 05:25:17,192][dowhy.causal_model][INFO] - linear_regression
[2026-04-24 05:25:17,192][dowhy.causal_estimator][INFO] - INFO: Using Linear Regression Estimator
[2026-04-24 05:25:17,192][dowhy.causal_estimator][INFO] - b: X11~X4+X4*X1+X4*X2+X4*X3+X4*X7+X4*X8+X4*X5+X4*X0+X4*X6
[2026-04-24 05:25:17,240][dowhy.causal_model][INFO] - Model to find the causal effect of treatment ['X5'] on outcome ['X0']
[2026-04-24 05:25:17,240][dowhy.causal_identifier.auto_identifier][WARNING] - No directed path from treatment to outcome. Causal Effect is zero.
[2026-04-24 05:25:17,240][dowhy.causal_model][INFO] - linear_regression
[2026-04-24 05:25:17,240][dowhy.causal_estimator][INFO] - INFO: Using Linear Regression Estimator
[2026-04-24 05:25:17,240][dowhy.causal_estimator][WARNING] - No directed path from ['X5'] to ['X0'].
[2026-04-24 05:25:17,242][dowhy.causal_model][INFO] - Model to find the causal effect of treatment ['X5'] on outcome ['X1']
[2026-04-24 05:25:17,242][dowhy.causal_identifier.auto_identifier][WARNING] - No directed path from treatment to outcome. Causal Effect is zero.
[2026-04-24 05:25:17,242][dowhy.causal_model][INFO] - linear_regression
[2026-04-24 05:25:17,242][dowhy.causal_estimator][INFO] - INFO: Using Linear Regression Estimator
[2026-04-24 05:25:17,242][dowhy.causal_estimator][WARNING] - No directed path from ['X5'] to ['X1'].
[2026-04-24 05:25:17,244][dowhy.causal_model][INFO] - Model to find the causal effect of treatment ['X5'] on outcome ['X2']
[2026-04-24 05:25:17,244][dowhy.causal_identifier.auto_identifier][WARNING] - No directed path from treatment to outcome. Causal Effect is zero.
[2026-04-24 05:25:17,244][dowhy.causal_model][INFO] - linear_regression
[2026-04-24 05:25:17,244][dowhy.causal_estimator][INFO] - INFO: Using Linear Regression Estimator
[2026-04-24 05:25:17,245][dowhy.causal_estimator][WARNING] - No directed path from ['X5'] to ['X2'].
[2026-04-24 05:25:17,247][dowhy.causal_model][INFO] - Model to find the causal effect of treatment ['X5'] on outcome ['X3']
[2026-04-24 05:25:17,247][dowhy.causal_identifier.auto_identifier][WARNING] - No directed path from treatment to outcome. Causal Effect is zero.
[2026-04-24 05:25:17,247][dowhy.causal_model][INFO] - linear_regression
[2026-04-24 05:25:17,247][dowhy.causal_estimator][INFO] - INFO: Using Linear Regression Estimator
[2026-04-24 05:25:17,247][dowhy.causal_estimator][WARNING] - No directed path from ['X5'] to ['X3'].
[2026-04-24 05:25:17,249][dowhy.causal_model][INFO] - Model to find the causal effect of treatment ['X5'] on outcome ['X4']
[2026-04-24 05:25:17,249][dowhy.causal_identifier.auto_identifier][WARNING] - No directed path from treatment to outcome. Causal Effect is zero.
[2026-04-24 05:25:17,249][dowhy.causal_model][INFO] - linear_regression
[2026-04-24 05:25:17,249][dowhy.causal_estimator][INFO] - INFO: Using Linear Regression Estimator
[2026-04-24 05:25:17,249][dowhy.causal_estimator][WARNING] - No directed path from ['X5'] to ['X4'].
[2026-04-24 05:25:17,251][dowhy.causal_model][INFO] - Model to find the causal effect of treatment ['X5'] on outcome ['X6']
[2026-04-24 05:25:17,252][dowhy.causal_identifier.auto_identifier][INFO] - Causal effect can be identified.
[2026-04-24 05:25:17,253][dowhy.causal_identifier.auto_identifier][INFO] - Instrumental variables for treatment and outcome:['X0']
[2026-04-24 05:25:17,253][dowhy.causal_identifier.auto_identifier][INFO] - Frontdoor variables for treatment and outcome:[]
[2026-04-24 05:25:17,253][dowhy.causal_model][INFO] - linear_regression
[2026-04-24 05:25:17,253][dowhy.causal_estimator][INFO] - INFO: Using Linear Regression Estimator
[2026-04-24 05:25:17,254][dowhy.causal_estimator][INFO] - b: X6~X5+X1
[2026-04-24 05:25:17,263][dowhy.causal_model][INFO] - Model to find the causal effect of treatment ['X5'] on outcome ['X7']
[2026-04-24 05:25:17,264][dowhy.causal_identifier.auto_identifier][INFO] - Causal effect can be identified.
[2026-04-24 05:25:17,265][dowhy.causal_identifier.auto_identifier][INFO] - Instrumental variables for treatment and outcome:['X0']
[2026-04-24 05:25:17,266][dowhy.causal_identifier.auto_identifier][INFO] - Frontdoor variables for treatment and outcome:[]
[2026-04-24 05:25:17,266][dowhy.causal_model][INFO] - linear_regression
[2026-04-24 05:25:17,266][dowhy.causal_estimator][INFO] - INFO: Using Linear Regression Estimator
[2026-04-24 05:25:17,267][dowhy.causal_estimator][INFO] - b: X7~X5+X1+X5*X3+X5*X2
[2026-04-24 05:25:17,276][dowhy.causal_model][INFO] - Model to find the causal effect of treatment ['X5'] on outcome ['X8']
[2026-04-24 05:25:17,278][dowhy.causal_identifier.auto_identifier][INFO] - Causal effect can be identified.
[2026-04-24 05:25:17,278][dowhy.causal_identifier.auto_identifier][INFO] - Instrumental variables for treatment and outcome:['X0']
[2026-04-24 05:25:17,281][dowhy.causal_identifier.auto_identifier][INFO] - Frontdoor variables for treatment and outcome:[]
[2026-04-24 05:25:17,281][dowhy.causal_model][INFO] - linear_regression
[2026-04-24 05:25:17,281][dowhy.causal_estimator][INFO] - INFO: Using Linear Regression Estimator
[2026-04-24 05:25:17,282][dowhy.causal_estimator][INFO] - b: X8~X5+X1+X5*X3+X5*X2
[2026-04-24 05:25:17,292][dowhy.causal_model][INFO] - Model to find the causal effect of treatment ['X5'] on outcome ['X9']
[2026-04-24 05:25:17,294][dowhy.causal_identifier.auto_identifier][INFO] - Causal effect can be identified.
[2026-04-24 05:25:17,294][dowhy.causal_identifier.auto_identifier][INFO] - Instrumental variables for treatment and outcome:['X1']
[2026-04-24 05:25:17,297][dowhy.causal_identifier.auto_identifier][INFO] - Frontdoor variables for treatment and outcome:[]
[2026-04-24 05:25:17,297][dowhy.causal_model][INFO] - linear_regression
[2026-04-24 05:25:17,298][dowhy.causal_estimator][INFO] - INFO: Using Linear Regression Estimator
[2026-04-24 05:25:17,298][dowhy.causal_estimator][INFO] - b: X9~X5+X0
[2026-04-24 05:25:17,307][dowhy.causal_model][INFO] - Model to find the causal effect of treatment ['X5'] on outcome ['X10']
[2026-04-24 05:25:17,308][dowhy.causal_identifier.auto_identifier][INFO] - Causal effect can be identified.
[2026-04-24 05:25:17,309][dowhy.causal_identifier.auto_identifier][INFO] - Instrumental variables for treatment and outcome:['X0']
[2026-04-24 05:25:17,314][dowhy.causal_identifier.auto_identifier][INFO] - Frontdoor variables for treatment and outcome:[]
[2026-04-24 05:25:17,315][dowhy.causal_model][INFO] - linear_regression
[2026-04-24 05:25:17,315][dowhy.causal_estimator][INFO] - INFO: Using Linear Regression Estimator
[2026-04-24 05:25:17,315][dowhy.causal_estimator][INFO] - b: X10~X5+X1+X5*X3+X5*X2
[2026-04-24 05:25:17,324][dowhy.causal_model][INFO] - Model to find the causal effect of treatment ['X5'] on outcome ['X11']
[2026-04-24 05:25:17,326][dowhy.causal_identifier.auto_identifier][INFO] - Causal effect can be identified.
[2026-04-24 05:25:17,326][dowhy.causal_identifier.auto_identifier][INFO] - Instrumental variables for treatment and outcome:['X0']
[2026-04-24 05:25:17,333][dowhy.causal_identifier.auto_identifier][INFO] - Frontdoor variables for treatment and outcome:[]
[2026-04-24 05:25:17,333][dowhy.causal_model][INFO] - linear_regression
[2026-04-24 05:25:17,333][dowhy.causal_estimator][INFO] - INFO: Using Linear Regression Estimator
[2026-04-24 05:25:17,333][dowhy.causal_estimator][INFO] - b: X11~X5+X1+X5*X3+X5*X4+X5*X2
[2026-04-24 05:25:17,377][dowhy.causal_model][INFO] - Model to find the causal effect of treatment ['X6'] on outcome ['X0']
[2026-04-24 05:25:17,377][dowhy.causal_identifier.auto_identifier][WARNING] - No directed path from treatment to outcome. Causal Effect is zero.
[2026-04-24 05:25:17,377][dowhy.causal_model][INFO] - linear_regression
[2026-04-24 05:25:17,377][dowhy.causal_estimator][INFO] - INFO: Using Linear Regression Estimator
[2026-04-24 05:25:17,377][dowhy.causal_estimator][WARNING] - No directed path from ['X6'] to ['X0'].
[2026-04-24 05:25:17,379][dowhy.causal_model][INFO] - Model to find the causal effect of treatment ['X6'] on outcome ['X1']
[2026-04-24 05:25:17,379][dowhy.causal_identifier.auto_identifier][WARNING] - No directed path from treatment to outcome. Causal Effect is zero.
[2026-04-24 05:25:17,379][dowhy.causal_model][INFO] - linear_regression
[2026-04-24 05:25:17,379][dowhy.causal_estimator][INFO] - INFO: Using Linear Regression Estimator
[2026-04-24 05:25:17,379][dowhy.causal_estimator][WARNING] - No directed path from ['X6'] to ['X1'].
[2026-04-24 05:25:17,381][dowhy.causal_model][INFO] - Model to find the causal effect of treatment ['X6'] on outcome ['X2']
[2026-04-24 05:25:17,381][dowhy.causal_identifier.auto_identifier][WARNING] - No directed path from treatment to outcome. Causal Effect is zero.
[2026-04-24 05:25:17,381][dowhy.causal_model][INFO] - linear_regression
[2026-04-24 05:25:17,381][dowhy.causal_estimator][INFO] - INFO: Using Linear Regression Estimator
[2026-04-24 05:25:17,381][dowhy.causal_estimator][WARNING] - No directed path from ['X6'] to ['X2'].
[2026-04-24 05:25:17,382][dowhy.causal_model][INFO] - Model to find the causal effect of treatment ['X6'] on outcome ['X3']
[2026-04-24 05:25:17,383][dowhy.causal_identifier.auto_identifier][WARNING] - No directed path from treatment to outcome. Causal Effect is zero.
[2026-04-24 05:25:17,383][dowhy.causal_model][INFO] - linear_regression
[2026-04-24 05:25:17,383][dowhy.causal_estimator][INFO] - INFO: Using Linear Regression Estimator
[2026-04-24 05:25:17,383][dowhy.causal_estimator][WARNING] - No directed path from ['X6'] to ['X3'].
[2026-04-24 05:25:17,384][dowhy.causal_model][INFO] - Model to find the causal effect of treatment ['X6'] on outcome ['X4']
[2026-04-24 05:25:17,384][dowhy.causal_identifier.auto_identifier][WARNING] - No directed path from treatment to outcome. Causal Effect is zero.
[2026-04-24 05:25:17,384][dowhy.causal_model][INFO] - linear_regression
[2026-04-24 05:25:17,384][dowhy.causal_estimator][INFO] - INFO: Using Linear Regression Estimator
[2026-04-24 05:25:17,384][dowhy.causal_estimator][WARNING] - No directed path from ['X6'] to ['X4'].
[2026-04-24 05:25:17,386][dowhy.causal_model][INFO] - Model to find the causal effect of treatment ['X6'] on outcome ['X5']
[2026-04-24 05:25:17,386][dowhy.causal_identifier.auto_identifier][WARNING] - No directed path from treatment to outcome. Causal Effect is zero.
[2026-04-24 05:25:17,386][dowhy.causal_model][INFO] - linear_regression
[2026-04-24 05:25:17,386][dowhy.causal_estimator][INFO] - INFO: Using Linear Regression Estimator
[2026-04-24 05:25:17,386][dowhy.causal_estimator][WARNING] - No directed path from ['X6'] to ['X5'].
[2026-04-24 05:25:17,388][dowhy.causal_model][INFO] - Model to find the causal effect of treatment ['X6'] on outcome ['X7']
[2026-04-24 05:25:17,390][dowhy.causal_identifier.auto_identifier][INFO] - Causal effect can be identified.
[2026-04-24 05:25:17,391][dowhy.causal_identifier.auto_identifier][INFO] - Instrumental variables for treatment and outcome:['X5', 'X1']
[2026-04-24 05:25:17,391][dowhy.causal_identifier.auto_identifier][INFO] - Frontdoor variables for treatment and outcome:[]
[2026-04-24 05:25:17,391][dowhy.causal_model][INFO] - linear_regression
[2026-04-24 05:25:17,391][dowhy.causal_estimator][INFO] - INFO: Using Linear Regression Estimator
[2026-04-24 05:25:17,392][dowhy.causal_estimator][INFO] - b: X7~X6+X6*X3+X6*X2
[2026-04-24 05:25:17,399][dowhy.causal_model][INFO] - Model to find the causal effect of treatment ['X6'] on outcome ['X8']
[2026-04-24 05:25:17,401][dowhy.causal_identifier.auto_identifier][INFO] - Causal effect can be identified.
[2026-04-24 05:25:17,402][dowhy.causal_identifier.auto_identifier][INFO] - Instrumental variables for treatment and outcome:['X5', 'X1']
[2026-04-24 05:25:17,403][dowhy.causal_identifier.auto_identifier][INFO] - Frontdoor variables for treatment and outcome:[]
[2026-04-24 05:25:17,403][dowhy.causal_model][INFO] - linear_regression
[2026-04-24 05:25:17,403][dowhy.causal_estimator][INFO] - INFO: Using Linear Regression Estimator
[2026-04-24 05:25:17,403][dowhy.causal_estimator][INFO] - b: X8~X6+X6*X3+X6*X2
[2026-04-24 05:25:17,411][dowhy.causal_model][INFO] - Model to find the causal effect of treatment ['X6'] on outcome ['X9']
[2026-04-24 05:25:17,411][dowhy.causal_identifier.auto_identifier][WARNING] - No directed path from treatment to outcome. Causal Effect is zero.
[2026-04-24 05:25:17,411][dowhy.causal_model][INFO] - linear_regression
[2026-04-24 05:25:17,411][dowhy.causal_estimator][INFO] - INFO: Using Linear Regression Estimator
[2026-04-24 05:25:17,411][dowhy.causal_estimator][WARNING] - No directed path from ['X6'] to ['X9'].
[2026-04-24 05:25:17,413][dowhy.causal_model][INFO] - Model to find the causal effect of treatment ['X6'] on outcome ['X10']
[2026-04-24 05:25:17,415][dowhy.causal_identifier.auto_identifier][INFO] - Causal effect can be identified.
[2026-04-24 05:25:17,416][dowhy.causal_identifier.auto_identifier][INFO] - Instrumental variables for treatment and outcome:['X5', 'X1']
[2026-04-24 05:25:17,417][dowhy.causal_identifier.auto_identifier][INFO] - Frontdoor variables for treatment and outcome:[]
[2026-04-24 05:25:17,417][dowhy.causal_model][INFO] - linear_regression
[2026-04-24 05:25:17,417][dowhy.causal_estimator][INFO] - INFO: Using Linear Regression Estimator
[2026-04-24 05:25:17,417][dowhy.causal_estimator][INFO] - b: X10~X6+X6*X3+X6*X2
[2026-04-24 05:25:17,424][dowhy.causal_model][INFO] - Model to find the causal effect of treatment ['X6'] on outcome ['X11']
[2026-04-24 05:25:17,427][dowhy.causal_identifier.auto_identifier][INFO] - Causal effect can be identified.
[2026-04-24 05:25:17,427][dowhy.causal_identifier.auto_identifier][INFO] - Instrumental variables for treatment and outcome:['X5', 'X1']
[2026-04-24 05:25:17,429][dowhy.causal_identifier.auto_identifier][INFO] - Frontdoor variables for treatment and outcome:['X10', 'X7', 'X8']
[2026-04-24 05:25:17,432][dowhy.causal_identifier.auto_identifier][INFO] - Causal effect can be identified.
[2026-04-24 05:25:17,435][dowhy.causal_identifier.auto_identifier][INFO] - Causal effect can be identified.
[2026-04-24 05:25:17,436][dowhy.causal_model][INFO] - linear_regression
[2026-04-24 05:25:17,436][dowhy.causal_estimator][INFO] - INFO: Using Linear Regression Estimator
[2026-04-24 05:25:17,436][dowhy.causal_estimator][INFO] - b: X11~X6+X6*X3+X6*X4+X6*X2
[2026-04-24 05:25:17,479][dowhy.causal_model][INFO] - Model to find the causal effect of treatment ['X7'] on outcome ['X0']
[2026-04-24 05:25:17,479][dowhy.causal_identifier.auto_identifier][WARNING] - No directed path from treatment to outcome. Causal Effect is zero.
[2026-04-24 05:25:17,479][dowhy.causal_model][INFO] - linear_regression
[2026-04-24 05:25:17,479][dowhy.causal_estimator][INFO] - INFO: Using Linear Regression Estimator
[2026-04-24 05:25:17,479][dowhy.causal_estimator][WARNING] - No directed path from ['X7'] to ['X0'].
[2026-04-24 05:25:17,481][dowhy.causal_model][INFO] - Model to find the causal effect of treatment ['X7'] on outcome ['X1']
[2026-04-24 05:25:17,481][dowhy.causal_identifier.auto_identifier][WARNING] - No directed path from treatment to outcome. Causal Effect is zero.
[2026-04-24 05:25:17,481][dowhy.causal_model][INFO] - linear_regression
[2026-04-24 05:25:17,481][dowhy.causal_estimator][INFO] - INFO: Using Linear Regression Estimator
[2026-04-24 05:25:17,481][dowhy.causal_estimator][WARNING] - No directed path from ['X7'] to ['X1'].
[2026-04-24 05:25:17,483][dowhy.causal_model][INFO] - Model to find the causal effect of treatment ['X7'] on outcome ['X2']
[2026-04-24 05:25:17,483][dowhy.causal_identifier.auto_identifier][WARNING] - No directed path from treatment to outcome. Causal Effect is zero.
[2026-04-24 05:25:17,483][dowhy.causal_model][INFO] - linear_regression
[2026-04-24 05:25:17,483][dowhy.causal_estimator][INFO] - INFO: Using Linear Regression Estimator
[2026-04-24 05:25:17,483][dowhy.causal_estimator][WARNING] - No directed path from ['X7'] to ['X2'].
[2026-04-24 05:25:17,485][dowhy.causal_model][INFO] - Model to find the causal effect of treatment ['X7'] on outcome ['X3']
[2026-04-24 05:25:17,485][dowhy.causal_identifier.auto_identifier][WARNING] - No directed path from treatment to outcome. Causal Effect is zero.
[2026-04-24 05:25:17,485][dowhy.causal_model][INFO] - linear_regression
[2026-04-24 05:25:17,485][dowhy.causal_estimator][INFO] - INFO: Using Linear Regression Estimator
[2026-04-24 05:25:17,485][dowhy.causal_estimator][WARNING] - No directed path from ['X7'] to ['X3'].
[2026-04-24 05:25:17,487][dowhy.causal_model][INFO] - Model to find the causal effect of treatment ['X7'] on outcome ['X4']
[2026-04-24 05:25:17,487][dowhy.causal_identifier.auto_identifier][WARNING] - No directed path from treatment to outcome. Causal Effect is zero.
[2026-04-24 05:25:17,487][dowhy.causal_model][INFO] - linear_regression
[2026-04-24 05:25:17,487][dowhy.causal_estimator][INFO] - INFO: Using Linear Regression Estimator
[2026-04-24 05:25:17,487][dowhy.causal_estimator][WARNING] - No directed path from ['X7'] to ['X4'].
[2026-04-24 05:25:17,489][dowhy.causal_model][INFO] - Model to find the causal effect of treatment ['X7'] on outcome ['X5']
[2026-04-24 05:25:17,489][dowhy.causal_identifier.auto_identifier][WARNING] - No directed path from treatment to outcome. Causal Effect is zero.
[2026-04-24 05:25:17,489][dowhy.causal_model][INFO] - linear_regression
[2026-04-24 05:25:17,489][dowhy.causal_estimator][INFO] - INFO: Using Linear Regression Estimator
[2026-04-24 05:25:17,489][dowhy.causal_estimator][WARNING] - No directed path from ['X7'] to ['X5'].
[2026-04-24 05:25:17,491][dowhy.causal_model][INFO] - Model to find the causal effect of treatment ['X7'] on outcome ['X6']
[2026-04-24 05:25:17,491][dowhy.causal_identifier.auto_identifier][WARNING] - No directed path from treatment to outcome. Causal Effect is zero.
[2026-04-24 05:25:17,491][dowhy.causal_model][INFO] - linear_regression
[2026-04-24 05:25:17,491][dowhy.causal_estimator][INFO] - INFO: Using Linear Regression Estimator
[2026-04-24 05:25:17,491][dowhy.causal_estimator][WARNING] - No directed path from ['X7'] to ['X6'].
[2026-04-24 05:25:17,493][dowhy.causal_model][INFO] - Model to find the causal effect of treatment ['X7'] on outcome ['X8']
[2026-04-24 05:25:17,496][dowhy.causal_identifier.auto_identifier][INFO] - Causal effect can be identified.
[2026-04-24 05:25:17,496][dowhy.causal_identifier.auto_identifier][INFO] - Instrumental variables for treatment and outcome:['X2', 'X6']
[2026-04-24 05:25:17,497][dowhy.causal_identifier.auto_identifier][INFO] - Frontdoor variables for treatment and outcome:[]
[2026-04-24 05:25:17,497][dowhy.causal_model][INFO] - linear_regression
[2026-04-24 05:25:17,497][dowhy.causal_estimator][INFO] - INFO: Using Linear Regression Estimator
[2026-04-24 05:25:17,497][dowhy.causal_estimator][INFO] - b: X8~X7+X3
[2026-04-24 05:25:17,506][dowhy.causal_model][INFO] - Model to find the causal effect of treatment ['X7'] on outcome ['X9']
[2026-04-24 05:25:17,506][dowhy.causal_identifier.auto_identifier][WARNING] - No directed path from treatment to outcome. Causal Effect is zero.
[2026-04-24 05:25:17,506][dowhy.causal_model][INFO] - linear_regression
[2026-04-24 05:25:17,506][dowhy.causal_estimator][INFO] - INFO: Using Linear Regression Estimator
[2026-04-24 05:25:17,506][dowhy.causal_estimator][WARNING] - No directed path from ['X7'] to ['X9'].
[2026-04-24 05:25:17,508][dowhy.causal_model][INFO] - Model to find the causal effect of treatment ['X7'] on outcome ['X10']
[2026-04-24 05:25:17,511][dowhy.causal_identifier.auto_identifier][INFO] - Causal effect can be identified.
[2026-04-24 05:25:17,511][dowhy.causal_identifier.auto_identifier][INFO] - Instrumental variables for treatment and outcome:['X3', 'X6']
[2026-04-24 05:25:17,512][dowhy.causal_identifier.auto_identifier][INFO] - Frontdoor variables for treatment and outcome:[]
[2026-04-24 05:25:17,512][dowhy.causal_model][INFO] - linear_regression
[2026-04-24 05:25:17,512][dowhy.causal_estimator][INFO] - INFO: Using Linear Regression Estimator
[2026-04-24 05:25:17,512][dowhy.causal_estimator][INFO] - b: X10~X7+X2
[2026-04-24 05:25:17,521][dowhy.causal_model][INFO] - Model to find the causal effect of treatment ['X7'] on outcome ['X11']
[2026-04-24 05:25:17,523][dowhy.causal_identifier.auto_identifier][INFO] - Causal effect can be identified.
[2026-04-24 05:25:17,524][dowhy.causal_identifier.auto_identifier][INFO] - Instrumental variables for treatment and outcome:['X2', 'X6']
[2026-04-24 05:25:17,525][dowhy.causal_identifier.auto_identifier][INFO] - Frontdoor variables for treatment and outcome:[]
[2026-04-24 05:25:17,525][dowhy.causal_model][INFO] - linear_regression
[2026-04-24 05:25:17,525][dowhy.causal_estimator][INFO] - INFO: Using Linear Regression Estimator
[2026-04-24 05:25:17,525][dowhy.causal_estimator][INFO] - b: X11~X7+X3+X7*X4
[2026-04-24 05:25:17,576][dowhy.causal_model][INFO] - Model to find the causal effect of treatment ['X8'] on outcome ['X0']
[2026-04-24 05:25:17,576][dowhy.causal_identifier.auto_identifier][WARNING] - No directed path from treatment to outcome. Causal Effect is zero.
[2026-04-24 05:25:17,576][dowhy.causal_model][INFO] - linear_regression
[2026-04-24 05:25:17,576][dowhy.causal_estimator][INFO] - INFO: Using Linear Regression Estimator
[2026-04-24 05:25:17,576][dowhy.causal_estimator][WARNING] - No directed path from ['X8'] to ['X0'].
[2026-04-24 05:25:17,578][dowhy.causal_model][INFO] - Model to find the causal effect of treatment ['X8'] on outcome ['X1']
[2026-04-24 05:25:17,578][dowhy.causal_identifier.auto_identifier][WARNING] - No directed path from treatment to outcome. Causal Effect is zero.
[2026-04-24 05:25:17,578][dowhy.causal_model][INFO] - linear_regression
[2026-04-24 05:25:17,578][dowhy.causal_estimator][INFO] - INFO: Using Linear Regression Estimator
[2026-04-24 05:25:17,578][dowhy.causal_estimator][WARNING] - No directed path from ['X8'] to ['X1'].
[2026-04-24 05:25:17,580][dowhy.causal_model][INFO] - Model to find the causal effect of treatment ['X8'] on outcome ['X2']
[2026-04-24 05:25:17,580][dowhy.causal_identifier.auto_identifier][WARNING] - No directed path from treatment to outcome. Causal Effect is zero.
[2026-04-24 05:25:17,580][dowhy.causal_model][INFO] - linear_regression
[2026-04-24 05:25:17,580][dowhy.causal_estimator][INFO] - INFO: Using Linear Regression Estimator
[2026-04-24 05:25:17,580][dowhy.causal_estimator][WARNING] - No directed path from ['X8'] to ['X2'].
[2026-04-24 05:25:17,582][dowhy.causal_model][INFO] - Model to find the causal effect of treatment ['X8'] on outcome ['X3']
[2026-04-24 05:25:17,582][dowhy.causal_identifier.auto_identifier][WARNING] - No directed path from treatment to outcome. Causal Effect is zero.
[2026-04-24 05:25:17,582][dowhy.causal_model][INFO] - linear_regression
[2026-04-24 05:25:17,582][dowhy.causal_estimator][INFO] - INFO: Using Linear Regression Estimator
[2026-04-24 05:25:17,582][dowhy.causal_estimator][WARNING] - No directed path from ['X8'] to ['X3'].
[2026-04-24 05:25:17,584][dowhy.causal_model][INFO] - Model to find the causal effect of treatment ['X8'] on outcome ['X4']
[2026-04-24 05:25:17,584][dowhy.causal_identifier.auto_identifier][WARNING] - No directed path from treatment to outcome. Causal Effect is zero.
[2026-04-24 05:25:17,584][dowhy.causal_model][INFO] - linear_regression
[2026-04-24 05:25:17,584][dowhy.causal_estimator][INFO] - INFO: Using Linear Regression Estimator
[2026-04-24 05:25:17,584][dowhy.causal_estimator][WARNING] - No directed path from ['X8'] to ['X4'].
[2026-04-24 05:25:17,586][dowhy.causal_model][INFO] - Model to find the causal effect of treatment ['X8'] on outcome ['X5']
[2026-04-24 05:25:17,586][dowhy.causal_identifier.auto_identifier][WARNING] - No directed path from treatment to outcome. Causal Effect is zero.
[2026-04-24 05:25:17,586][dowhy.causal_model][INFO] - linear_regression
[2026-04-24 05:25:17,586][dowhy.causal_estimator][INFO] - INFO: Using Linear Regression Estimator
[2026-04-24 05:25:17,586][dowhy.causal_estimator][WARNING] - No directed path from ['X8'] to ['X5'].
[2026-04-24 05:25:17,588][dowhy.causal_model][INFO] - Model to find the causal effect of treatment ['X8'] on outcome ['X6']
[2026-04-24 05:25:17,588][dowhy.causal_identifier.auto_identifier][WARNING] - No directed path from treatment to outcome. Causal Effect is zero.
[2026-04-24 05:25:17,588][dowhy.causal_model][INFO] - linear_regression
[2026-04-24 05:25:17,588][dowhy.causal_estimator][INFO] - INFO: Using Linear Regression Estimator
[2026-04-24 05:25:17,588][dowhy.causal_estimator][WARNING] - No directed path from ['X8'] to ['X6'].
[2026-04-24 05:25:17,589][dowhy.causal_model][INFO] - Model to find the causal effect of treatment ['X8'] on outcome ['X7']
[2026-04-24 05:25:17,589][dowhy.causal_identifier.auto_identifier][WARNING] - No directed path from treatment to outcome. Causal Effect is zero.
[2026-04-24 05:25:17,590][dowhy.causal_model][INFO] - linear_regression
[2026-04-24 05:25:17,590][dowhy.causal_estimator][INFO] - INFO: Using Linear Regression Estimator
[2026-04-24 05:25:17,590][dowhy.causal_estimator][WARNING] - No directed path from ['X8'] to ['X7'].
[2026-04-24 05:25:17,591][dowhy.causal_model][INFO] - Model to find the causal effect of treatment ['X8'] on outcome ['X9']
[2026-04-24 05:25:17,591][dowhy.causal_identifier.auto_identifier][WARNING] - No directed path from treatment to outcome. Causal Effect is zero.
[2026-04-24 05:25:17,591][dowhy.causal_model][INFO] - linear_regression
[2026-04-24 05:25:17,591][dowhy.causal_estimator][INFO] - INFO: Using Linear Regression Estimator
[2026-04-24 05:25:17,591][dowhy.causal_estimator][WARNING] - No directed path from ['X8'] to ['X9'].
[2026-04-24 05:25:17,593][dowhy.causal_model][INFO] - Model to find the causal effect of treatment ['X8'] on outcome ['X10']
[2026-04-24 05:25:17,593][dowhy.causal_identifier.auto_identifier][WARNING] - No directed path from treatment to outcome. Causal Effect is zero.
[2026-04-24 05:25:17,593][dowhy.causal_model][INFO] - linear_regression
[2026-04-24 05:25:17,593][dowhy.causal_estimator][INFO] - INFO: Using Linear Regression Estimator
[2026-04-24 05:25:17,593][dowhy.causal_estimator][WARNING] - No directed path from ['X8'] to ['X10'].
[2026-04-24 05:25:17,595][dowhy.causal_model][INFO] - Model to find the causal effect of treatment ['X8'] on outcome ['X11']
[2026-04-24 05:25:17,598][dowhy.causal_identifier.auto_identifier][INFO] - Causal effect can be identified.
[2026-04-24 05:25:17,599][dowhy.causal_identifier.auto_identifier][INFO] - Instrumental variables for treatment and outcome:['X3', 'X7']
[2026-04-24 05:25:17,600][dowhy.causal_identifier.auto_identifier][INFO] - Frontdoor variables for treatment and outcome:[]
[2026-04-24 05:25:17,600][dowhy.causal_model][INFO] - linear_regression
[2026-04-24 05:25:17,600][dowhy.causal_estimator][INFO] - INFO: Using Linear Regression Estimator
[2026-04-24 05:25:17,600][dowhy.causal_estimator][INFO] - b: X11~X8+X8*X4
[2026-04-24 05:25:17,642][dowhy.causal_model][INFO] - Model to find the causal effect of treatment ['X9'] on outcome ['X0']
[2026-04-24 05:25:17,642][dowhy.causal_identifier.auto_identifier][WARNING] - No directed path from treatment to outcome. Causal Effect is zero.
[2026-04-24 05:25:17,643][dowhy.causal_model][INFO] - linear_regression
[2026-04-24 05:25:17,643][dowhy.causal_estimator][INFO] - INFO: Using Linear Regression Estimator
[2026-04-24 05:25:17,643][dowhy.causal_estimator][WARNING] - No directed path from ['X9'] to ['X0'].
[2026-04-24 05:25:17,644][dowhy.causal_model][INFO] - Model to find the causal effect of treatment ['X9'] on outcome ['X1']
[2026-04-24 05:25:17,644][dowhy.causal_identifier.auto_identifier][WARNING] - No directed path from treatment to outcome. Causal Effect is zero.
[2026-04-24 05:25:17,644][dowhy.causal_model][INFO] - linear_regression
[2026-04-24 05:25:17,644][dowhy.causal_estimator][INFO] - INFO: Using Linear Regression Estimator
[2026-04-24 05:25:17,645][dowhy.causal_estimator][WARNING] - No directed path from ['X9'] to ['X1'].
[2026-04-24 05:25:17,646][dowhy.causal_model][INFO] - Model to find the causal effect of treatment ['X9'] on outcome ['X2']
[2026-04-24 05:25:17,646][dowhy.causal_identifier.auto_identifier][WARNING] - No directed path from treatment to outcome. Causal Effect is zero.
[2026-04-24 05:25:17,646][dowhy.causal_model][INFO] - linear_regression
[2026-04-24 05:25:17,646][dowhy.causal_estimator][INFO] - INFO: Using Linear Regression Estimator
[2026-04-24 05:25:17,646][dowhy.causal_estimator][WARNING] - No directed path from ['X9'] to ['X2'].
[2026-04-24 05:25:17,648][dowhy.causal_model][INFO] - Model to find the causal effect of treatment ['X9'] on outcome ['X3']
[2026-04-24 05:25:17,648][dowhy.causal_identifier.auto_identifier][WARNING] - No directed path from treatment to outcome. Causal Effect is zero.
[2026-04-24 05:25:17,648][dowhy.causal_model][INFO] - linear_regression
[2026-04-24 05:25:17,648][dowhy.causal_estimator][INFO] - INFO: Using Linear Regression Estimator
[2026-04-24 05:25:17,648][dowhy.causal_estimator][WARNING] - No directed path from ['X9'] to ['X3'].
[2026-04-24 05:25:17,650][dowhy.causal_model][INFO] - Model to find the causal effect of treatment ['X9'] on outcome ['X4']
[2026-04-24 05:25:17,650][dowhy.causal_identifier.auto_identifier][WARNING] - No directed path from treatment to outcome. Causal Effect is zero.
[2026-04-24 05:25:17,650][dowhy.causal_model][INFO] - linear_regression
[2026-04-24 05:25:17,650][dowhy.causal_estimator][INFO] - INFO: Using Linear Regression Estimator
[2026-04-24 05:25:17,650][dowhy.causal_estimator][WARNING] - No directed path from ['X9'] to ['X4'].
[2026-04-24 05:25:17,652][dowhy.causal_model][INFO] - Model to find the causal effect of treatment ['X9'] on outcome ['X5']
[2026-04-24 05:25:17,652][dowhy.causal_identifier.auto_identifier][WARNING] - No directed path from treatment to outcome. Causal Effect is zero.
[2026-04-24 05:25:17,652][dowhy.causal_model][INFO] - linear_regression
[2026-04-24 05:25:17,652][dowhy.causal_estimator][INFO] - INFO: Using Linear Regression Estimator
[2026-04-24 05:25:17,652][dowhy.causal_estimator][WARNING] - No directed path from ['X9'] to ['X5'].
[2026-04-24 05:25:17,653][dowhy.causal_model][INFO] - Model to find the causal effect of treatment ['X9'] on outcome ['X6']
[2026-04-24 05:25:17,653][dowhy.causal_identifier.auto_identifier][WARNING] - No directed path from treatment to outcome. Causal Effect is zero.
[2026-04-24 05:25:17,653][dowhy.causal_model][INFO] - linear_regression
[2026-04-24 05:25:17,653][dowhy.causal_estimator][INFO] - INFO: Using Linear Regression Estimator
[2026-04-24 05:25:17,653][dowhy.causal_estimator][WARNING] - No directed path from ['X9'] to ['X6'].
[2026-04-24 05:25:17,655][dowhy.causal_model][INFO] - Model to find the causal effect of treatment ['X9'] on outcome ['X7']
[2026-04-24 05:25:17,655][dowhy.causal_identifier.auto_identifier][WARNING] - No directed path from treatment to outcome. Causal Effect is zero.
[2026-04-24 05:25:17,655][dowhy.causal_model][INFO] - linear_regression
[2026-04-24 05:25:17,655][dowhy.causal_estimator][INFO] - INFO: Using Linear Regression Estimator
[2026-04-24 05:25:17,655][dowhy.causal_estimator][WARNING] - No directed path from ['X9'] to ['X7'].
[2026-04-24 05:25:17,657][dowhy.causal_model][INFO] - Model to find the causal effect of treatment ['X9'] on outcome ['X8']
[2026-04-24 05:25:17,657][dowhy.causal_identifier.auto_identifier][WARNING] - No directed path from treatment to outcome. Causal Effect is zero.
[2026-04-24 05:25:17,657][dowhy.causal_model][INFO] - linear_regression
[2026-04-24 05:25:17,657][dowhy.causal_estimator][INFO] - INFO: Using Linear Regression Estimator
[2026-04-24 05:25:17,657][dowhy.causal_estimator][WARNING] - No directed path from ['X9'] to ['X8'].
[2026-04-24 05:25:17,659][dowhy.causal_model][INFO] - Model to find the causal effect of treatment ['X9'] on outcome ['X10']
[2026-04-24 05:25:17,659][dowhy.causal_identifier.auto_identifier][WARNING] - No directed path from treatment to outcome. Causal Effect is zero.
[2026-04-24 05:25:17,659][dowhy.causal_model][INFO] - linear_regression
[2026-04-24 05:25:17,659][dowhy.causal_estimator][INFO] - INFO: Using Linear Regression Estimator
[2026-04-24 05:25:17,659][dowhy.causal_estimator][WARNING] - No directed path from ['X9'] to ['X10'].
[2026-04-24 05:25:17,660][dowhy.causal_model][INFO] - Model to find the causal effect of treatment ['X9'] on outcome ['X11']
[2026-04-24 05:25:17,661][dowhy.causal_identifier.auto_identifier][WARNING] - No directed path from treatment to outcome. Causal Effect is zero.
[2026-04-24 05:25:17,661][dowhy.causal_model][INFO] - linear_regression
[2026-04-24 05:25:17,661][dowhy.causal_estimator][INFO] - INFO: Using Linear Regression Estimator
[2026-04-24 05:25:17,661][dowhy.causal_estimator][WARNING] - No directed path from ['X9'] to ['X11'].
[2026-04-24 05:25:17,692][dowhy.causal_model][INFO] - Model to find the causal effect of treatment ['X10'] on outcome ['X0']
[2026-04-24 05:25:17,692][dowhy.causal_identifier.auto_identifier][WARNING] - No directed path from treatment to outcome. Causal Effect is zero.
[2026-04-24 05:25:17,692][dowhy.causal_model][INFO] - linear_regression
[2026-04-24 05:25:17,692][dowhy.causal_estimator][INFO] - INFO: Using Linear Regression Estimator
[2026-04-24 05:25:17,692][dowhy.causal_estimator][WARNING] - No directed path from ['X10'] to ['X0'].
[2026-04-24 05:25:17,694][dowhy.causal_model][INFO] - Model to find the causal effect of treatment ['X10'] on outcome ['X1']
[2026-04-24 05:25:17,694][dowhy.causal_identifier.auto_identifier][WARNING] - No directed path from treatment to outcome. Causal Effect is zero.
[2026-04-24 05:25:17,694][dowhy.causal_model][INFO] - linear_regression
[2026-04-24 05:25:17,694][dowhy.causal_estimator][INFO] - INFO: Using Linear Regression Estimator
[2026-04-24 05:25:17,694][dowhy.causal_estimator][WARNING] - No directed path from ['X10'] to ['X1'].
[2026-04-24 05:25:17,696][dowhy.causal_model][INFO] - Model to find the causal effect of treatment ['X10'] on outcome ['X2']
[2026-04-24 05:25:17,696][dowhy.causal_identifier.auto_identifier][WARNING] - No directed path from treatment to outcome. Causal Effect is zero.
[2026-04-24 05:25:17,696][dowhy.causal_model][INFO] - linear_regression
[2026-04-24 05:25:17,696][dowhy.causal_estimator][INFO] - INFO: Using Linear Regression Estimator
[2026-04-24 05:25:17,696][dowhy.causal_estimator][WARNING] - No directed path from ['X10'] to ['X2'].
[2026-04-24 05:25:17,698][dowhy.causal_model][INFO] - Model to find the causal effect of treatment ['X10'] on outcome ['X3']
[2026-04-24 05:25:17,698][dowhy.causal_identifier.auto_identifier][WARNING] - No directed path from treatment to outcome. Causal Effect is zero.
[2026-04-24 05:25:17,698][dowhy.causal_model][INFO] - linear_regression
[2026-04-24 05:25:17,698][dowhy.causal_estimator][INFO] - INFO: Using Linear Regression Estimator
[2026-04-24 05:25:17,698][dowhy.causal_estimator][WARNING] - No directed path from ['X10'] to ['X3'].
[2026-04-24 05:25:17,700][dowhy.causal_model][INFO] - Model to find the causal effect of treatment ['X10'] on outcome ['X4']
[2026-04-24 05:25:17,700][dowhy.causal_identifier.auto_identifier][WARNING] - No directed path from treatment to outcome. Causal Effect is zero.
[2026-04-24 05:25:17,700][dowhy.causal_model][INFO] - linear_regression
[2026-04-24 05:25:17,700][dowhy.causal_estimator][INFO] - INFO: Using Linear Regression Estimator
[2026-04-24 05:25:17,700][dowhy.causal_estimator][WARNING] - No directed path from ['X10'] to ['X4'].
[2026-04-24 05:25:17,702][dowhy.causal_model][INFO] - Model to find the causal effect of treatment ['X10'] on outcome ['X5']
[2026-04-24 05:25:17,702][dowhy.causal_identifier.auto_identifier][WARNING] - No directed path from treatment to outcome. Causal Effect is zero.
[2026-04-24 05:25:17,702][dowhy.causal_model][INFO] - linear_regression
[2026-04-24 05:25:17,702][dowhy.causal_estimator][INFO] - INFO: Using Linear Regression Estimator
[2026-04-24 05:25:17,702][dowhy.causal_estimator][WARNING] - No directed path from ['X10'] to ['X5'].
[2026-04-24 05:25:17,704][dowhy.causal_model][INFO] - Model to find the causal effect of treatment ['X10'] on outcome ['X6']
[2026-04-24 05:25:17,704][dowhy.causal_identifier.auto_identifier][WARNING] - No directed path from treatment to outcome. Causal Effect is zero.
[2026-04-24 05:25:17,704][dowhy.causal_model][INFO] - linear_regression
[2026-04-24 05:25:17,704][dowhy.causal_estimator][INFO] - INFO: Using Linear Regression Estimator
[2026-04-24 05:25:17,704][dowhy.causal_estimator][WARNING] - No directed path from ['X10'] to ['X6'].
[2026-04-24 05:25:17,706][dowhy.causal_model][INFO] - Model to find the causal effect of treatment ['X10'] on outcome ['X7']
[2026-04-24 05:25:17,706][dowhy.causal_identifier.auto_identifier][WARNING] - No directed path from treatment to outcome. Causal Effect is zero.
[2026-04-24 05:25:17,706][dowhy.causal_model][INFO] - linear_regression
[2026-04-24 05:25:17,706][dowhy.causal_estimator][INFO] - INFO: Using Linear Regression Estimator
[2026-04-24 05:25:17,706][dowhy.causal_estimator][WARNING] - No directed path from ['X10'] to ['X7'].
[2026-04-24 05:25:17,708][dowhy.causal_model][INFO] - Model to find the causal effect of treatment ['X10'] on outcome ['X8']
[2026-04-24 05:25:17,708][dowhy.causal_identifier.auto_identifier][WARNING] - No directed path from treatment to outcome. Causal Effect is zero.
[2026-04-24 05:25:17,708][dowhy.causal_model][INFO] - linear_regression
[2026-04-24 05:25:17,708][dowhy.causal_estimator][INFO] - INFO: Using Linear Regression Estimator
[2026-04-24 05:25:17,708][dowhy.causal_estimator][WARNING] - No directed path from ['X10'] to ['X8'].
[2026-04-24 05:25:17,710][dowhy.causal_model][INFO] - Model to find the causal effect of treatment ['X10'] on outcome ['X9']
[2026-04-24 05:25:17,710][dowhy.causal_identifier.auto_identifier][WARNING] - No directed path from treatment to outcome. Causal Effect is zero.
[2026-04-24 05:25:17,710][dowhy.causal_model][INFO] - linear_regression
[2026-04-24 05:25:17,710][dowhy.causal_estimator][INFO] - INFO: Using Linear Regression Estimator
[2026-04-24 05:25:17,710][dowhy.causal_estimator][WARNING] - No directed path from ['X10'] to ['X9'].
[2026-04-24 05:25:17,712][dowhy.causal_model][INFO] - Model to find the causal effect of treatment ['X10'] on outcome ['X11']
[2026-04-24 05:25:17,712][dowhy.causal_identifier.auto_identifier][WARNING] - No directed path from treatment to outcome. Causal Effect is zero.
[2026-04-24 05:25:17,712][dowhy.causal_model][INFO] - linear_regression
[2026-04-24 05:25:17,712][dowhy.causal_estimator][INFO] - INFO: Using Linear Regression Estimator
[2026-04-24 05:25:17,712][dowhy.causal_estimator][WARNING] - No directed path from ['X10'] to ['X11'].
[2026-04-24 05:25:17,750][dowhy.causal_model][INFO] - Model to find the causal effect of treatment ['X11'] on outcome ['X0']
[2026-04-24 05:25:17,750][dowhy.causal_identifier.auto_identifier][WARNING] - No directed path from treatment to outcome. Causal Effect is zero.
[2026-04-24 05:25:17,750][dowhy.causal_model][INFO] - linear_regression
[2026-04-24 05:25:17,750][dowhy.causal_estimator][INFO] - INFO: Using Linear Regression Estimator
[2026-04-24 05:25:17,750][dowhy.causal_estimator][WARNING] - No directed path from ['X11'] to ['X0'].
[2026-04-24 05:25:17,752][dowhy.causal_model][INFO] - Model to find the causal effect of treatment ['X11'] on outcome ['X1']
[2026-04-24 05:25:17,752][dowhy.causal_identifier.auto_identifier][WARNING] - No directed path from treatment to outcome. Causal Effect is zero.
[2026-04-24 05:25:17,752][dowhy.causal_model][INFO] - linear_regression
[2026-04-24 05:25:17,752][dowhy.causal_estimator][INFO] - INFO: Using Linear Regression Estimator
[2026-04-24 05:25:17,752][dowhy.causal_estimator][WARNING] - No directed path from ['X11'] to ['X1'].
[2026-04-24 05:25:17,754][dowhy.causal_model][INFO] - Model to find the causal effect of treatment ['X11'] on outcome ['X2']
[2026-04-24 05:25:17,754][dowhy.causal_identifier.auto_identifier][WARNING] - No directed path from treatment to outcome. Causal Effect is zero.
[2026-04-24 05:25:17,754][dowhy.causal_model][INFO] - linear_regression
[2026-04-24 05:25:17,754][dowhy.causal_estimator][INFO] - INFO: Using Linear Regression Estimator
[2026-04-24 05:25:17,754][dowhy.causal_estimator][WARNING] - No directed path from ['X11'] to ['X2'].
[2026-04-24 05:25:17,756][dowhy.causal_model][INFO] - Model to find the causal effect of treatment ['X11'] on outcome ['X3']
[2026-04-24 05:25:17,756][dowhy.causal_identifier.auto_identifier][WARNING] - No directed path from treatment to outcome. Causal Effect is zero.
[2026-04-24 05:25:17,756][dowhy.causal_model][INFO] - linear_regression
[2026-04-24 05:25:17,756][dowhy.causal_estimator][INFO] - INFO: Using Linear Regression Estimator
[2026-04-24 05:25:17,756][dowhy.causal_estimator][WARNING] - No directed path from ['X11'] to ['X3'].
[2026-04-24 05:25:17,758][dowhy.causal_model][INFO] - Model to find the causal effect of treatment ['X11'] on outcome ['X4']
[2026-04-24 05:25:17,758][dowhy.causal_identifier.auto_identifier][WARNING] - No directed path from treatment to outcome. Causal Effect is zero.
[2026-04-24 05:25:17,758][dowhy.causal_model][INFO] - linear_regression
[2026-04-24 05:25:17,758][dowhy.causal_estimator][INFO] - INFO: Using Linear Regression Estimator
[2026-04-24 05:25:17,758][dowhy.causal_estimator][WARNING] - No directed path from ['X11'] to ['X4'].
[2026-04-24 05:25:17,760][dowhy.causal_model][INFO] - Model to find the causal effect of treatment ['X11'] on outcome ['X5']
[2026-04-24 05:25:17,760][dowhy.causal_identifier.auto_identifier][WARNING] - No directed path from treatment to outcome. Causal Effect is zero.
[2026-04-24 05:25:17,761][dowhy.causal_model][INFO] - linear_regression
[2026-04-24 05:25:17,761][dowhy.causal_estimator][INFO] - INFO: Using Linear Regression Estimator
[2026-04-24 05:25:17,761][dowhy.causal_estimator][WARNING] - No directed path from ['X11'] to ['X5'].
[2026-04-24 05:25:17,763][dowhy.causal_model][INFO] - Model to find the causal effect of treatment ['X11'] on outcome ['X6']
[2026-04-24 05:25:17,763][dowhy.causal_identifier.auto_identifier][WARNING] - No directed path from treatment to outcome. Causal Effect is zero.
[2026-04-24 05:25:17,763][dowhy.causal_model][INFO] - linear_regression
[2026-04-24 05:25:17,763][dowhy.causal_estimator][INFO] - INFO: Using Linear Regression Estimator
[2026-04-24 05:25:17,763][dowhy.causal_estimator][WARNING] - No directed path from ['X11'] to ['X6'].
[2026-04-24 05:25:17,765][dowhy.causal_model][INFO] - Model to find the causal effect of treatment ['X11'] on outcome ['X7']
[2026-04-24 05:25:17,765][dowhy.causal_identifier.auto_identifier][WARNING] - No directed path from treatment to outcome. Causal Effect is zero.
[2026-04-24 05:25:17,765][dowhy.causal_model][INFO] - linear_regression
[2026-04-24 05:25:17,765][dowhy.causal_estimator][INFO] - INFO: Using Linear Regression Estimator
[2026-04-24 05:25:17,765][dowhy.causal_estimator][WARNING] - No directed path from ['X11'] to ['X7'].
[2026-04-24 05:25:17,767][dowhy.causal_model][INFO] - Model to find the causal effect of treatment ['X11'] on outcome ['X8']
[2026-04-24 05:25:17,767][dowhy.causal_identifier.auto_identifier][WARNING] - No directed path from treatment to outcome. Causal Effect is zero.
[2026-04-24 05:25:17,767][dowhy.causal_model][INFO] - linear_regression
[2026-04-24 05:25:17,767][dowhy.causal_estimator][INFO] - INFO: Using Linear Regression Estimator
[2026-04-24 05:25:17,767][dowhy.causal_estimator][WARNING] - No directed path from ['X11'] to ['X8'].
[2026-04-24 05:25:17,769][dowhy.causal_model][INFO] - Model to find the causal effect of treatment ['X11'] on outcome ['X9']
[2026-04-24 05:25:17,769][dowhy.causal_identifier.auto_identifier][WARNING] - No directed path from treatment to outcome. Causal Effect is zero.
[2026-04-24 05:25:17,769][dowhy.causal_model][INFO] - linear_regression
[2026-04-24 05:25:17,769][dowhy.causal_estimator][INFO] - INFO: Using Linear Regression Estimator
[2026-04-24 05:25:17,769][dowhy.causal_estimator][WARNING] - No directed path from ['X11'] to ['X9'].
[2026-04-24 05:25:17,771][dowhy.causal_model][INFO] - Model to find the causal effect of treatment ['X11'] on outcome ['X10']
[2026-04-24 05:25:17,771][dowhy.causal_identifier.auto_identifier][WARNING] - No directed path from treatment to outcome. Causal Effect is zero.
[2026-04-24 05:25:17,771][dowhy.causal_model][INFO] - linear_regression
[2026-04-24 05:25:17,771][dowhy.causal_estimator][INFO] - INFO: Using Linear Regression Estimator
[2026-04-24 05:25:17,771][dowhy.causal_estimator][WARNING] - No directed path from ['X11'] to ['X10'].
[2026-04-24 05:25:17,831][dowhy.causal_model][INFO] - Model to find the causal effect of treatment ['X0'] on outcome ['X1']
[2026-04-24 05:25:17,831][dowhy.causal_identifier.auto_identifier][WARNING] - No directed path from treatment to outcome. Causal Effect is zero.
[2026-04-24 05:25:17,832][dowhy.causal_model][INFO] - linear_regression
[2026-04-24 05:25:17,832][dowhy.causal_estimator][INFO] - INFO: Using Linear Regression Estimator
[2026-04-24 05:25:17,832][dowhy.causal_estimator][WARNING] - No directed path from ['X0'] to ['X1'].
[2026-04-24 05:25:17,833][dowhy.causal_model][INFO] - Model to find the causal effect of treatment ['X0'] on outcome ['X2']
[2026-04-24 05:25:17,833][dowhy.causal_identifier.auto_identifier][WARNING] - No directed path from treatment to outcome. Causal Effect is zero.
[2026-04-24 05:25:17,834][dowhy.causal_model][INFO] - linear_regression
[2026-04-24 05:25:17,834][dowhy.causal_estimator][INFO] - INFO: Using Linear Regression Estimator
[2026-04-24 05:25:17,834][dowhy.causal_estimator][WARNING] - No directed path from ['X0'] to ['X2'].
[2026-04-24 05:25:17,835][dowhy.causal_model][INFO] - Model to find the causal effect of treatment ['X0'] on outcome ['X3']
[2026-04-24 05:25:17,835][dowhy.causal_identifier.auto_identifier][WARNING] - No directed path from treatment to outcome. Causal Effect is zero.
[2026-04-24 05:25:17,835][dowhy.causal_model][INFO] - linear_regression
[2026-04-24 05:25:17,835][dowhy.causal_estimator][INFO] - INFO: Using Linear Regression Estimator
[2026-04-24 05:25:17,835][dowhy.causal_estimator][WARNING] - No directed path from ['X0'] to ['X3'].
[2026-04-24 05:25:17,837][dowhy.causal_model][INFO] - Model to find the causal effect of treatment ['X0'] on outcome ['X4']
[2026-04-24 05:25:17,837][dowhy.causal_identifier.auto_identifier][WARNING] - No directed path from treatment to outcome. Causal Effect is zero.
[2026-04-24 05:25:17,837][dowhy.causal_model][INFO] - linear_regression
[2026-04-24 05:25:17,837][dowhy.causal_estimator][INFO] - INFO: Using Linear Regression Estimator
[2026-04-24 05:25:17,837][dowhy.causal_estimator][WARNING] - No directed path from ['X0'] to ['X4'].
[2026-04-24 05:25:17,839][dowhy.causal_model][INFO] - Model to find the causal effect of treatment ['X0'] on outcome ['X5']
[2026-04-24 05:25:17,840][dowhy.causal_identifier.auto_identifier][INFO] - Causal effect can be identified.
[2026-04-24 05:25:17,841][dowhy.causal_identifier.auto_identifier][INFO] - Instrumental variables for treatment and outcome:[]
[2026-04-24 05:25:17,841][dowhy.causal_identifier.auto_identifier][INFO] - Frontdoor variables for treatment and outcome:[]
[2026-04-24 05:25:17,841][dowhy.causal_model][INFO] - linear_regression
[2026-04-24 05:25:17,841][dowhy.causal_estimator][INFO] - INFO: Using Linear Regression Estimator
[2026-04-24 05:25:17,841][dowhy.causal_estimator][INFO] - b: X5~X0+X0*X1
[2026-04-24 05:25:17,849][dowhy.causal_model][INFO] - Model to find the causal effect of treatment ['X0'] on outcome ['X6']
[2026-04-24 05:25:17,850][dowhy.causal_identifier.auto_identifier][INFO] - Causal effect can be identified.
[2026-04-24 05:25:17,851][dowhy.causal_identifier.auto_identifier][INFO] - Instrumental variables for treatment and outcome:[]
[2026-04-24 05:25:17,851][dowhy.causal_identifier.auto_identifier][INFO] - Frontdoor variables for treatment and outcome:[]
[2026-04-24 05:25:17,851][dowhy.causal_model][INFO] - linear_regression
[2026-04-24 05:25:17,851][dowhy.causal_estimator][INFO] - INFO: Using Linear Regression Estimator
[2026-04-24 05:25:17,851][dowhy.causal_estimator][INFO] - b: X6~X0+X0*X1
[2026-04-24 05:25:17,859][dowhy.causal_model][INFO] - Model to find the causal effect of treatment ['X0'] on outcome ['X7']
[2026-04-24 05:25:17,860][dowhy.causal_identifier.auto_identifier][INFO] - Causal effect can be identified.
[2026-04-24 05:25:17,861][dowhy.causal_identifier.auto_identifier][INFO] - Instrumental variables for treatment and outcome:[]
[2026-04-24 05:25:17,862][dowhy.causal_identifier.auto_identifier][INFO] - Frontdoor variables for treatment and outcome:['X5', 'X9', 'X6']
[2026-04-24 05:25:17,863][dowhy.causal_identifier.auto_identifier][INFO] - Causal effect can be identified.
[2026-04-24 05:25:17,865][dowhy.causal_identifier.auto_identifier][INFO] - Causal effect can be identified.
[2026-04-24 05:25:17,866][dowhy.causal_model][INFO] - linear_regression
[2026-04-24 05:25:17,866][dowhy.causal_estimator][INFO] - INFO: Using Linear Regression Estimator
[2026-04-24 05:25:17,866][dowhy.causal_estimator][INFO] - b: X7~X0+X0*X3+X0*X1+X0*X2
[2026-04-24 05:25:17,874][dowhy.causal_model][INFO] - Model to find the causal effect of treatment ['X0'] on outcome ['X8']
[2026-04-24 05:25:17,875][dowhy.causal_identifier.auto_identifier][INFO] - Causal effect can be identified.
[2026-04-24 05:25:17,876][dowhy.causal_identifier.auto_identifier][INFO] - Instrumental variables for treatment and outcome:[]
[2026-04-24 05:25:17,880][dowhy.causal_identifier.auto_identifier][INFO] - Frontdoor variables for treatment and outcome:['X9', 'X5', 'X6']
[2026-04-24 05:25:17,881][dowhy.causal_identifier.auto_identifier][INFO] - Causal effect can be identified.
[2026-04-24 05:25:17,883][dowhy.causal_identifier.auto_identifier][INFO] - Causal effect can be identified.
[2026-04-24 05:25:17,884][dowhy.causal_model][INFO] - linear_regression
[2026-04-24 05:25:17,884][dowhy.causal_estimator][INFO] - INFO: Using Linear Regression Estimator
[2026-04-24 05:25:17,884][dowhy.causal_estimator][INFO] - b: X8~X0+X0*X3+X0*X1+X0*X2
[2026-04-24 05:25:17,892][dowhy.causal_model][INFO] - Model to find the causal effect of treatment ['X0'] on outcome ['X9']
[2026-04-24 05:25:17,893][dowhy.causal_identifier.auto_identifier][INFO] - Causal effect can be identified.
[2026-04-24 05:25:17,893][dowhy.causal_identifier.auto_identifier][INFO] - Instrumental variables for treatment and outcome:[]
[2026-04-24 05:25:17,899][dowhy.causal_identifier.auto_identifier][INFO] - Frontdoor variables for treatment and outcome:[]
[2026-04-24 05:25:17,900][dowhy.causal_model][INFO] - linear_regression
[2026-04-24 05:25:17,900][dowhy.causal_estimator][INFO] - INFO: Using Linear Regression Estimator
[2026-04-24 05:25:17,900][dowhy.causal_estimator][INFO] - b: X9~X0+X0*X1
[2026-04-24 05:25:17,908][dowhy.causal_model][INFO] - Model to find the causal effect of treatment ['X0'] on outcome ['X10']
[2026-04-24 05:25:17,909][dowhy.causal_identifier.auto_identifier][INFO] - Causal effect can be identified.
[2026-04-24 05:25:17,910][dowhy.causal_identifier.auto_identifier][INFO] - Instrumental variables for treatment and outcome:[]
[2026-04-24 05:25:17,919][dowhy.causal_identifier.auto_identifier][INFO] - Frontdoor variables for treatment and outcome:['X9', 'X5', 'X6']
[2026-04-24 05:25:17,921][dowhy.causal_identifier.auto_identifier][INFO] - Causal effect can be identified.
[2026-04-24 05:25:17,923][dowhy.causal_identifier.auto_identifier][INFO] - Causal effect can be identified.
[2026-04-24 05:25:17,924][dowhy.causal_model][INFO] - linear_regression
[2026-04-24 05:25:17,924][dowhy.causal_estimator][INFO] - INFO: Using Linear Regression Estimator
[2026-04-24 05:25:17,924][dowhy.causal_estimator][INFO] - b: X10~X0+X0*X3+X0*X1+X0*X2
[2026-04-24 05:25:17,933][dowhy.causal_model][INFO] - Model to find the causal effect of treatment ['X0'] on outcome ['X11']
[2026-04-24 05:25:17,935][dowhy.causal_identifier.auto_identifier][INFO] - Causal effect can be identified.
[2026-04-24 05:25:17,935][dowhy.causal_identifier.auto_identifier][INFO] - Instrumental variables for treatment and outcome:[]
[2026-04-24 05:25:17,938][dowhy.causal_identifier.auto_identifier][INFO] - Frontdoor variables for treatment and outcome:['X9', 'X10', 'X8', 'X5', 'X7', 'X6']
[2026-04-24 05:25:17,940][dowhy.causal_identifier.auto_identifier][INFO] - Causal effect can be identified.
[2026-04-24 05:25:17,942][dowhy.causal_identifier.auto_identifier][INFO] - Causal effect can be identified.
[2026-04-24 05:25:17,943][dowhy.causal_model][INFO] - linear_regression
[2026-04-24 05:25:17,943][dowhy.causal_estimator][INFO] - INFO: Using Linear Regression Estimator
[2026-04-24 05:25:17,944][dowhy.causal_estimator][INFO] - b: X11~X0+X0*X3+X0*X1+X0*X4+X0*X2
[2026-04-24 05:25:17,994][dowhy.causal_model][INFO] - Model to find the causal effect of treatment ['X1'] on outcome ['X0']
[2026-04-24 05:25:17,994][dowhy.causal_identifier.auto_identifier][WARNING] - No directed path from treatment to outcome. Causal Effect is zero.
[2026-04-24 05:25:17,994][dowhy.causal_model][INFO] - linear_regression
[2026-04-24 05:25:17,994][dowhy.causal_estimator][INFO] - INFO: Using Linear Regression Estimator
[2026-04-24 05:25:17,994][dowhy.causal_estimator][WARNING] - No directed path from ['X1'] to ['X0'].
[2026-04-24 05:25:17,996][dowhy.causal_model][INFO] - Model to find the causal effect of treatment ['X1'] on outcome ['X2']
[2026-04-24 05:25:17,996][dowhy.causal_identifier.auto_identifier][WARNING] - No directed path from treatment to outcome. Causal Effect is zero.
[2026-04-24 05:25:17,996][dowhy.causal_model][INFO] - linear_regression
[2026-04-24 05:25:17,996][dowhy.causal_estimator][INFO] - INFO: Using Linear Regression Estimator
[2026-04-24 05:25:17,996][dowhy.causal_estimator][WARNING] - No directed path from ['X1'] to ['X2'].
[2026-04-24 05:25:17,998][dowhy.causal_model][INFO] - Model to find the causal effect of treatment ['X1'] on outcome ['X3']
[2026-04-24 05:25:17,998][dowhy.causal_identifier.auto_identifier][WARNING] - No directed path from treatment to outcome. Causal Effect is zero.
[2026-04-24 05:25:17,998][dowhy.causal_model][INFO] - linear_regression
[2026-04-24 05:25:17,998][dowhy.causal_estimator][INFO] - INFO: Using Linear Regression Estimator
[2026-04-24 05:25:17,998][dowhy.causal_estimator][WARNING] - No directed path from ['X1'] to ['X3'].
[2026-04-24 05:25:18,000][dowhy.causal_model][INFO] - Model to find the causal effect of treatment ['X1'] on outcome ['X4']
[2026-04-24 05:25:18,000][dowhy.causal_identifier.auto_identifier][WARNING] - No directed path from treatment to outcome. Causal Effect is zero.
[2026-04-24 05:25:18,000][dowhy.causal_model][INFO] - linear_regression
[2026-04-24 05:25:18,000][dowhy.causal_estimator][INFO] - INFO: Using Linear Regression Estimator
[2026-04-24 05:25:18,000][dowhy.causal_estimator][WARNING] - No directed path from ['X1'] to ['X4'].
[2026-04-24 05:25:18,002][dowhy.causal_model][INFO] - Model to find the causal effect of treatment ['X1'] on outcome ['X5']
[2026-04-24 05:25:18,003][dowhy.causal_identifier.auto_identifier][INFO] - Causal effect can be identified.
[2026-04-24 05:25:18,003][dowhy.causal_identifier.auto_identifier][INFO] - Instrumental variables for treatment and outcome:[]
[2026-04-24 05:25:18,003][dowhy.causal_identifier.auto_identifier][INFO] - Frontdoor variables for treatment and outcome:[]
[2026-04-24 05:25:18,003][dowhy.causal_model][INFO] - linear_regression
[2026-04-24 05:25:18,004][dowhy.causal_estimator][INFO] - INFO: Using Linear Regression Estimator
[2026-04-24 05:25:18,004][dowhy.causal_estimator][INFO] - b: X5~X1+X1*X0
[2026-04-24 05:25:18,013][dowhy.causal_model][INFO] - Model to find the causal effect of treatment ['X1'] on outcome ['X6']
[2026-04-24 05:25:18,014][dowhy.causal_identifier.auto_identifier][INFO] - Causal effect can be identified.
[2026-04-24 05:25:18,014][dowhy.causal_identifier.auto_identifier][INFO] - Instrumental variables for treatment and outcome:[]
[2026-04-24 05:25:18,015][dowhy.causal_identifier.auto_identifier][INFO] - Frontdoor variables for treatment and outcome:[]
[2026-04-24 05:25:18,015][dowhy.causal_model][INFO] - linear_regression
[2026-04-24 05:25:18,015][dowhy.causal_estimator][INFO] - INFO: Using Linear Regression Estimator
[2026-04-24 05:25:18,015][dowhy.causal_estimator][INFO] - b: X6~X1+X1*X0
[2026-04-24 05:25:18,023][dowhy.causal_model][INFO] - Model to find the causal effect of treatment ['X1'] on outcome ['X7']
[2026-04-24 05:25:18,024][dowhy.causal_identifier.auto_identifier][INFO] - Causal effect can be identified.
[2026-04-24 05:25:18,025][dowhy.causal_identifier.auto_identifier][INFO] - Instrumental variables for treatment and outcome:[]
[2026-04-24 05:25:18,104][dowhy.causal_identifier.auto_identifier][INFO] - Frontdoor variables for treatment and outcome:['X5', 'X9', 'X6']
[2026-04-24 05:25:18,105][dowhy.causal_identifier.auto_identifier][INFO] - Causal effect can be identified.
[2026-04-24 05:25:18,107][dowhy.causal_identifier.auto_identifier][INFO] - Causal effect can be identified.
[2026-04-24 05:25:18,108][dowhy.causal_model][INFO] - linear_regression
[2026-04-24 05:25:18,108][dowhy.causal_estimator][INFO] - INFO: Using Linear Regression Estimator
[2026-04-24 05:25:18,108][dowhy.causal_estimator][INFO] - b: X7~X1+X1*X3+X1*X0+X1*X2
[2026-04-24 05:25:18,117][dowhy.causal_model][INFO] - Model to find the causal effect of treatment ['X1'] on outcome ['X8']
[2026-04-24 05:25:18,118][dowhy.causal_identifier.auto_identifier][INFO] - Causal effect can be identified.
[2026-04-24 05:25:18,119][dowhy.causal_identifier.auto_identifier][INFO] - Instrumental variables for treatment and outcome:[]
[2026-04-24 05:25:18,123][dowhy.causal_identifier.auto_identifier][INFO] - Frontdoor variables for treatment and outcome:['X9', 'X5', 'X6']
[2026-04-24 05:25:18,125][dowhy.causal_identifier.auto_identifier][INFO] - Causal effect can be identified.
[2026-04-24 05:25:18,127][dowhy.causal_identifier.auto_identifier][INFO] - Causal effect can be identified.
[2026-04-24 05:25:18,128][dowhy.causal_model][INFO] - linear_regression
[2026-04-24 05:25:18,128][dowhy.causal_estimator][INFO] - INFO: Using Linear Regression Estimator
[2026-04-24 05:25:18,128][dowhy.causal_estimator][INFO] - b: X8~X1+X1*X3+X1*X0+X1*X2
[2026-04-24 05:25:18,137][dowhy.causal_model][INFO] - Model to find the causal effect of treatment ['X1'] on outcome ['X9']
[2026-04-24 05:25:18,138][dowhy.causal_identifier.auto_identifier][INFO] - Causal effect can be identified.
[2026-04-24 05:25:18,139][dowhy.causal_identifier.auto_identifier][INFO] - Instrumental variables for treatment and outcome:[]
[2026-04-24 05:25:18,145][dowhy.causal_identifier.auto_identifier][INFO] - Frontdoor variables for treatment and outcome:[]
[2026-04-24 05:25:18,145][dowhy.causal_model][INFO] - linear_regression
[2026-04-24 05:25:18,145][dowhy.causal_estimator][INFO] - INFO: Using Linear Regression Estimator
[2026-04-24 05:25:18,145][dowhy.causal_estimator][INFO] - b: X9~X1+X1*X0
[2026-04-24 05:25:18,154][dowhy.causal_model][INFO] - Model to find the causal effect of treatment ['X1'] on outcome ['X10']
[2026-04-24 05:25:18,156][dowhy.causal_identifier.auto_identifier][INFO] - Causal effect can be identified.
[2026-04-24 05:25:18,156][dowhy.causal_identifier.auto_identifier][INFO] - Instrumental variables for treatment and outcome:[]
[2026-04-24 05:25:18,166][dowhy.causal_identifier.auto_identifier][INFO] - Frontdoor variables for treatment and outcome:['X9', 'X5', 'X6']
[2026-04-24 05:25:18,167][dowhy.causal_identifier.auto_identifier][INFO] - Causal effect can be identified.
[2026-04-24 05:25:18,169][dowhy.causal_identifier.auto_identifier][INFO] - Causal effect can be identified.
[2026-04-24 05:25:18,170][dowhy.causal_model][INFO] - linear_regression
[2026-04-24 05:25:18,170][dowhy.causal_estimator][INFO] - INFO: Using Linear Regression Estimator
[2026-04-24 05:25:18,171][dowhy.causal_estimator][INFO] - b: X10~X1+X1*X3+X1*X0+X1*X2
[2026-04-24 05:25:18,179][dowhy.causal_model][INFO] - Model to find the causal effect of treatment ['X1'] on outcome ['X11']
[2026-04-24 05:25:18,181][dowhy.causal_identifier.auto_identifier][INFO] - Causal effect can be identified.
[2026-04-24 05:25:18,181][dowhy.causal_identifier.auto_identifier][INFO] - Instrumental variables for treatment and outcome:[]
[2026-04-24 05:25:18,184][dowhy.causal_identifier.auto_identifier][INFO] - Frontdoor variables for treatment and outcome:['X9', 'X10', 'X8', 'X5', 'X7', 'X6']
[2026-04-24 05:25:18,186][dowhy.causal_identifier.auto_identifier][INFO] - Causal effect can be identified.
[2026-04-24 05:25:18,188][dowhy.causal_identifier.auto_identifier][INFO] - Causal effect can be identified.
[2026-04-24 05:25:18,189][dowhy.causal_model][INFO] - linear_regression
[2026-04-24 05:25:18,189][dowhy.causal_estimator][INFO] - INFO: Using Linear Regression Estimator
[2026-04-24 05:25:18,190][dowhy.causal_estimator][INFO] - b: X11~X1+X1*X3+X1*X4+X1*X2+X1*X0
[2026-04-24 05:25:18,238][dowhy.causal_model][INFO] - Model to find the causal effect of treatment ['X2'] on outcome ['X0']
[2026-04-24 05:25:18,238][dowhy.causal_identifier.auto_identifier][WARNING] - No directed path from treatment to outcome. Causal Effect is zero.
[2026-04-24 05:25:18,238][dowhy.causal_model][INFO] - linear_regression
[2026-04-24 05:25:18,239][dowhy.causal_estimator][INFO] - INFO: Using Linear Regression Estimator
[2026-04-24 05:25:18,239][dowhy.causal_estimator][WARNING] - No directed path from ['X2'] to ['X0'].
[2026-04-24 05:25:18,240][dowhy.causal_model][INFO] - Model to find the causal effect of treatment ['X2'] on outcome ['X1']
[2026-04-24 05:25:18,240][dowhy.causal_identifier.auto_identifier][WARNING] - No directed path from treatment to outcome. Causal Effect is zero.
[2026-04-24 05:25:18,241][dowhy.causal_model][INFO] - linear_regression
[2026-04-24 05:25:18,241][dowhy.causal_estimator][INFO] - INFO: Using Linear Regression Estimator
[2026-04-24 05:25:18,241][dowhy.causal_estimator][WARNING] - No directed path from ['X2'] to ['X1'].
[2026-04-24 05:25:18,242][dowhy.causal_model][INFO] - Model to find the causal effect of treatment ['X2'] on outcome ['X3']
[2026-04-24 05:25:18,242][dowhy.causal_identifier.auto_identifier][WARNING] - No directed path from treatment to outcome. Causal Effect is zero.
[2026-04-24 05:25:18,242][dowhy.causal_model][INFO] - linear_regression
[2026-04-24 05:25:18,243][dowhy.causal_estimator][INFO] - INFO: Using Linear Regression Estimator
[2026-04-24 05:25:18,243][dowhy.causal_estimator][WARNING] - No directed path from ['X2'] to ['X3'].
[2026-04-24 05:25:18,244][dowhy.causal_model][INFO] - Model to find the causal effect of treatment ['X2'] on outcome ['X4']
[2026-04-24 05:25:18,244][dowhy.causal_identifier.auto_identifier][WARNING] - No directed path from treatment to outcome. Causal Effect is zero.
[2026-04-24 05:25:18,244][dowhy.causal_model][INFO] - linear_regression
[2026-04-24 05:25:18,244][dowhy.causal_estimator][INFO] - INFO: Using Linear Regression Estimator
[2026-04-24 05:25:18,244][dowhy.causal_estimator][WARNING] - No directed path from ['X2'] to ['X4'].
[2026-04-24 05:25:18,246][dowhy.causal_model][INFO] - Model to find the causal effect of treatment ['X2'] on outcome ['X5']
[2026-04-24 05:25:18,246][dowhy.causal_identifier.auto_identifier][WARNING] - No directed path from treatment to outcome. Causal Effect is zero.
[2026-04-24 05:25:18,246][dowhy.causal_model][INFO] - linear_regression
[2026-04-24 05:25:18,246][dowhy.causal_estimator][INFO] - INFO: Using Linear Regression Estimator
[2026-04-24 05:25:18,246][dowhy.causal_estimator][WARNING] - No directed path from ['X2'] to ['X5'].
[2026-04-24 05:25:18,248][dowhy.causal_model][INFO] - Model to find the causal effect of treatment ['X2'] on outcome ['X6']
[2026-04-24 05:25:18,248][dowhy.causal_identifier.auto_identifier][WARNING] - No directed path from treatment to outcome. Causal Effect is zero.
[2026-04-24 05:25:18,248][dowhy.causal_model][INFO] - linear_regression
[2026-04-24 05:25:18,248][dowhy.causal_estimator][INFO] - INFO: Using Linear Regression Estimator
[2026-04-24 05:25:18,248][dowhy.causal_estimator][WARNING] - No directed path from ['X2'] to ['X6'].
[2026-04-24 05:25:18,250][dowhy.causal_model][INFO] - Model to find the causal effect of treatment ['X2'] on outcome ['X7']
[2026-04-24 05:25:18,252][dowhy.causal_identifier.auto_identifier][INFO] - Causal effect can be identified.
[2026-04-24 05:25:18,253][dowhy.causal_identifier.auto_identifier][INFO] - Instrumental variables for treatment and outcome:[]
[2026-04-24 05:25:18,253][dowhy.causal_identifier.auto_identifier][INFO] - Frontdoor variables for treatment and outcome:[]
[2026-04-24 05:25:18,253][dowhy.causal_model][INFO] - linear_regression
[2026-04-24 05:25:18,253][dowhy.causal_estimator][INFO] - INFO: Using Linear Regression Estimator
[2026-04-24 05:25:18,253][dowhy.causal_estimator][INFO] - b: X7~X2+X2*X3+X2*X1+X2*X5+X2*X0+X2*X6
[2026-04-24 05:25:18,262][dowhy.causal_model][INFO] - Model to find the causal effect of treatment ['X2'] on outcome ['X8']
[2026-04-24 05:25:18,264][dowhy.causal_identifier.auto_identifier][INFO] - Causal effect can be identified.
[2026-04-24 05:25:18,265][dowhy.causal_identifier.auto_identifier][INFO] - Instrumental variables for treatment and outcome:[]
[2026-04-24 05:25:18,265][dowhy.causal_identifier.auto_identifier][INFO] - Frontdoor variables for treatment and outcome:[]
[2026-04-24 05:25:18,265][dowhy.causal_model][INFO] - linear_regression
[2026-04-24 05:25:18,265][dowhy.causal_estimator][INFO] - INFO: Using Linear Regression Estimator
[2026-04-24 05:25:18,266][dowhy.causal_estimator][INFO] - b: X8~X2+X2*X3+X2*X1+X2*X5+X2*X0+X2*X6
[2026-04-24 05:25:18,274][dowhy.causal_model][INFO] - Model to find the causal effect of treatment ['X2'] on outcome ['X9']
[2026-04-24 05:25:18,274][dowhy.causal_identifier.auto_identifier][WARNING] - No directed path from treatment to outcome. Causal Effect is zero.
[2026-04-24 05:25:18,274][dowhy.causal_model][INFO] - linear_regression
[2026-04-24 05:25:18,274][dowhy.causal_estimator][INFO] - INFO: Using Linear Regression Estimator
[2026-04-24 05:25:18,274][dowhy.causal_estimator][WARNING] - No directed path from ['X2'] to ['X9'].
[2026-04-24 05:25:18,275][dowhy.causal_model][INFO] - Model to find the causal effect of treatment ['X2'] on outcome ['X10']
[2026-04-24 05:25:18,278][dowhy.causal_identifier.auto_identifier][INFO] - Causal effect can be identified.
[2026-04-24 05:25:18,278][dowhy.causal_identifier.auto_identifier][INFO] - Instrumental variables for treatment and outcome:[]
[2026-04-24 05:25:18,279][dowhy.causal_identifier.auto_identifier][INFO] - Frontdoor variables for treatment and outcome:[]
[2026-04-24 05:25:18,279][dowhy.causal_model][INFO] - linear_regression
[2026-04-24 05:25:18,279][dowhy.causal_estimator][INFO] - INFO: Using Linear Regression Estimator
[2026-04-24 05:25:18,279][dowhy.causal_estimator][INFO] - b: X10~X2+X2*X3+X2*X1+X2*X5+X2*X0+X2*X6
[2026-04-24 05:25:18,288][dowhy.causal_model][INFO] - Model to find the causal effect of treatment ['X2'] on outcome ['X11']
[2026-04-24 05:25:18,291][dowhy.causal_identifier.auto_identifier][INFO] - Causal effect can be identified.
[2026-04-24 05:25:18,291][dowhy.causal_identifier.auto_identifier][INFO] - Instrumental variables for treatment and outcome:[]
[2026-04-24 05:25:18,293][dowhy.causal_identifier.auto_identifier][INFO] - Frontdoor variables for treatment and outcome:['X10', 'X7', 'X8']
[2026-04-24 05:25:18,295][dowhy.causal_identifier.auto_identifier][INFO] - Causal effect can be identified.
[2026-04-24 05:25:18,298][dowhy.causal_identifier.auto_identifier][INFO] - Causal effect can be identified.
[2026-04-24 05:25:18,300][dowhy.causal_model][INFO] - linear_regression
[2026-04-24 05:25:18,300][dowhy.causal_estimator][INFO] - INFO: Using Linear Regression Estimator
[2026-04-24 05:25:18,300][dowhy.causal_estimator][INFO] - b: X11~X2+X2*X3+X2*X4+X2*X1+X2*X5+X2*X0+X2*X6
[2026-04-24 05:25:18,344][dowhy.causal_model][INFO] - Model to find the causal effect of treatment ['X3'] on outcome ['X0']
[2026-04-24 05:25:18,345][dowhy.causal_identifier.auto_identifier][WARNING] - No directed path from treatment to outcome. Causal Effect is zero.
[2026-04-24 05:25:18,345][dowhy.causal_model][INFO] - linear_regression
[2026-04-24 05:25:18,345][dowhy.causal_estimator][INFO] - INFO: Using Linear Regression Estimator
[2026-04-24 05:25:18,345][dowhy.causal_estimator][WARNING] - No directed path from ['X3'] to ['X0'].
[2026-04-24 05:25:18,347][dowhy.causal_model][INFO] - Model to find the causal effect of treatment ['X3'] on outcome ['X1']
[2026-04-24 05:25:18,347][dowhy.causal_identifier.auto_identifier][WARNING] - No directed path from treatment to outcome. Causal Effect is zero.
[2026-04-24 05:25:18,347][dowhy.causal_model][INFO] - linear_regression
[2026-04-24 05:25:18,347][dowhy.causal_estimator][INFO] - INFO: Using Linear Regression Estimator
[2026-04-24 05:25:18,347][dowhy.causal_estimator][WARNING] - No directed path from ['X3'] to ['X1'].
[2026-04-24 05:25:18,350][dowhy.causal_model][INFO] - Model to find the causal effect of treatment ['X3'] on outcome ['X2']
[2026-04-24 05:25:18,350][dowhy.causal_identifier.auto_identifier][WARNING] - No directed path from treatment to outcome. Causal Effect is zero.
[2026-04-24 05:25:18,350][dowhy.causal_model][INFO] - linear_regression
[2026-04-24 05:25:18,350][dowhy.causal_estimator][INFO] - INFO: Using Linear Regression Estimator
[2026-04-24 05:25:18,350][dowhy.causal_estimator][WARNING] - No directed path from ['X3'] to ['X2'].
[2026-04-24 05:25:18,352][dowhy.causal_model][INFO] - Model to find the causal effect of treatment ['X3'] on outcome ['X4']
[2026-04-24 05:25:18,352][dowhy.causal_identifier.auto_identifier][WARNING] - No directed path from treatment to outcome. Causal Effect is zero.
[2026-04-24 05:25:18,352][dowhy.causal_model][INFO] - linear_regression
[2026-04-24 05:25:18,352][dowhy.causal_estimator][INFO] - INFO: Using Linear Regression Estimator
[2026-04-24 05:25:18,352][dowhy.causal_estimator][WARNING] - No directed path from ['X3'] to ['X4'].
[2026-04-24 05:25:18,354][dowhy.causal_model][INFO] - Model to find the causal effect of treatment ['X3'] on outcome ['X5']
[2026-04-24 05:25:18,354][dowhy.causal_identifier.auto_identifier][WARNING] - No directed path from treatment to outcome. Causal Effect is zero.
[2026-04-24 05:25:18,354][dowhy.causal_model][INFO] - linear_regression
[2026-04-24 05:25:18,354][dowhy.causal_estimator][INFO] - INFO: Using Linear Regression Estimator
[2026-04-24 05:25:18,354][dowhy.causal_estimator][WARNING] - No directed path from ['X3'] to ['X5'].
[2026-04-24 05:25:18,356][dowhy.causal_model][INFO] - Model to find the causal effect of treatment ['X3'] on outcome ['X6']
[2026-04-24 05:25:18,356][dowhy.causal_identifier.auto_identifier][WARNING] - No directed path from treatment to outcome. Causal Effect is zero.
[2026-04-24 05:25:18,356][dowhy.causal_model][INFO] - linear_regression
[2026-04-24 05:25:18,356][dowhy.causal_estimator][INFO] - INFO: Using Linear Regression Estimator
[2026-04-24 05:25:18,356][dowhy.causal_estimator][WARNING] - No directed path from ['X3'] to ['X6'].
[2026-04-24 05:25:18,358][dowhy.causal_model][INFO] - Model to find the causal effect of treatment ['X3'] on outcome ['X7']
[2026-04-24 05:25:18,360][dowhy.causal_identifier.auto_identifier][INFO] - Causal effect can be identified.
[2026-04-24 05:25:18,361][dowhy.causal_identifier.auto_identifier][INFO] - Instrumental variables for treatment and outcome:[]
[2026-04-24 05:25:18,361][dowhy.causal_identifier.auto_identifier][INFO] - Frontdoor variables for treatment and outcome:[]
[2026-04-24 05:25:18,361][dowhy.causal_model][INFO] - linear_regression
[2026-04-24 05:25:18,361][dowhy.causal_estimator][INFO] - INFO: Using Linear Regression Estimator
[2026-04-24 05:25:18,361][dowhy.causal_estimator][INFO] - b: X7~X3+X3*X1+X3*X5+X3*X0+X3*X2+X3*X6
[2026-04-24 05:25:18,371][dowhy.causal_model][INFO] - Model to find the causal effect of treatment ['X3'] on outcome ['X8']
[2026-04-24 05:25:18,373][dowhy.causal_identifier.auto_identifier][INFO] - Causal effect can be identified.
[2026-04-24 05:25:18,374][dowhy.causal_identifier.auto_identifier][INFO] - Instrumental variables for treatment and outcome:[]
[2026-04-24 05:25:18,375][dowhy.causal_identifier.auto_identifier][INFO] - Frontdoor variables for treatment and outcome:[]
[2026-04-24 05:25:18,375][dowhy.causal_model][INFO] - linear_regression
[2026-04-24 05:25:18,375][dowhy.causal_estimator][INFO] - INFO: Using Linear Regression Estimator
[2026-04-24 05:25:18,375][dowhy.causal_estimator][INFO] - b: X8~X3+X3*X1+X3*X5+X3*X0+X3*X2+X3*X6
[2026-04-24 05:25:18,384][dowhy.causal_model][INFO] - Model to find the causal effect of treatment ['X3'] on outcome ['X9']
[2026-04-24 05:25:18,384][dowhy.causal_identifier.auto_identifier][WARNING] - No directed path from treatment to outcome. Causal Effect is zero.
[2026-04-24 05:25:18,384][dowhy.causal_model][INFO] - linear_regression
[2026-04-24 05:25:18,384][dowhy.causal_estimator][INFO] - INFO: Using Linear Regression Estimator
[2026-04-24 05:25:18,384][dowhy.causal_estimator][WARNING] - No directed path from ['X3'] to ['X9'].
[2026-04-24 05:25:18,386][dowhy.causal_model][INFO] - Model to find the causal effect of treatment ['X3'] on outcome ['X10']
[2026-04-24 05:25:18,388][dowhy.causal_identifier.auto_identifier][INFO] - Causal effect can be identified.
[2026-04-24 05:25:18,389][dowhy.causal_identifier.auto_identifier][INFO] - Instrumental variables for treatment and outcome:[]
[2026-04-24 05:25:18,390][dowhy.causal_identifier.auto_identifier][INFO] - Frontdoor variables for treatment and outcome:[]
[2026-04-24 05:25:18,390][dowhy.causal_model][INFO] - linear_regression
[2026-04-24 05:25:18,390][dowhy.causal_estimator][INFO] - INFO: Using Linear Regression Estimator
[2026-04-24 05:25:18,391][dowhy.causal_estimator][INFO] - b: X10~X3+X3*X1+X3*X5+X3*X0+X3*X2+X3*X6
[2026-04-24 05:25:18,400][dowhy.causal_model][INFO] - Model to find the causal effect of treatment ['X3'] on outcome ['X11']
[2026-04-24 05:25:18,402][dowhy.causal_identifier.auto_identifier][INFO] - Causal effect can be identified.
[2026-04-24 05:25:18,403][dowhy.causal_identifier.auto_identifier][INFO] - Instrumental variables for treatment and outcome:[]
[2026-04-24 05:25:18,405][dowhy.causal_identifier.auto_identifier][INFO] - Frontdoor variables for treatment and outcome:['X10', 'X7', 'X8']
[2026-04-24 05:25:18,407][dowhy.causal_identifier.auto_identifier][INFO] - Causal effect can be identified.
[2026-04-24 05:25:18,411][dowhy.causal_identifier.auto_identifier][INFO] - Causal effect can be identified.
[2026-04-24 05:25:18,412][dowhy.causal_model][INFO] - linear_regression
[2026-04-24 05:25:18,412][dowhy.causal_estimator][INFO] - INFO: Using Linear Regression Estimator
[2026-04-24 05:25:18,412][dowhy.causal_estimator][INFO] - b: X11~X3+X3*X4+X3*X1+X3*X0+X3*X5+X3*X2+X3*X6
[2026-04-24 05:25:18,460][dowhy.causal_model][INFO] - Model to find the causal effect of treatment ['X4'] on outcome ['X0']
[2026-04-24 05:25:18,460][dowhy.causal_identifier.auto_identifier][WARNING] - No directed path from treatment to outcome. Causal Effect is zero.
[2026-04-24 05:25:18,460][dowhy.causal_model][INFO] - linear_regression
[2026-04-24 05:25:18,460][dowhy.causal_estimator][INFO] - INFO: Using Linear Regression Estimator
[2026-04-24 05:25:18,460][dowhy.causal_estimator][WARNING] - No directed path from ['X4'] to ['X0'].
[2026-04-24 05:25:18,462][dowhy.causal_model][INFO] - Model to find the causal effect of treatment ['X4'] on outcome ['X1']
[2026-04-24 05:25:18,462][dowhy.causal_identifier.auto_identifier][WARNING] - No directed path from treatment to outcome. Causal Effect is zero.
[2026-04-24 05:25:18,462][dowhy.causal_model][INFO] - linear_regression
[2026-04-24 05:25:18,462][dowhy.causal_estimator][INFO] - INFO: Using Linear Regression Estimator
[2026-04-24 05:25:18,462][dowhy.causal_estimator][WARNING] - No directed path from ['X4'] to ['X1'].
[2026-04-24 05:25:18,464][dowhy.causal_model][INFO] - Model to find the causal effect of treatment ['X4'] on outcome ['X2']
[2026-04-24 05:25:18,464][dowhy.causal_identifier.auto_identifier][WARNING] - No directed path from treatment to outcome. Causal Effect is zero.
[2026-04-24 05:25:18,464][dowhy.causal_model][INFO] - linear_regression
[2026-04-24 05:25:18,464][dowhy.causal_estimator][INFO] - INFO: Using Linear Regression Estimator
[2026-04-24 05:25:18,464][dowhy.causal_estimator][WARNING] - No directed path from ['X4'] to ['X2'].
[2026-04-24 05:25:18,466][dowhy.causal_model][INFO] - Model to find the causal effect of treatment ['X4'] on outcome ['X3']
[2026-04-24 05:25:18,466][dowhy.causal_identifier.auto_identifier][WARNING] - No directed path from treatment to outcome. Causal Effect is zero.
[2026-04-24 05:25:18,466][dowhy.causal_model][INFO] - linear_regression
[2026-04-24 05:25:18,466][dowhy.causal_estimator][INFO] - INFO: Using Linear Regression Estimator
[2026-04-24 05:25:18,466][dowhy.causal_estimator][WARNING] - No directed path from ['X4'] to ['X3'].
[2026-04-24 05:25:18,468][dowhy.causal_model][INFO] - Model to find the causal effect of treatment ['X4'] on outcome ['X5']
[2026-04-24 05:25:18,468][dowhy.causal_identifier.auto_identifier][WARNING] - No directed path from treatment to outcome. Causal Effect is zero.
[2026-04-24 05:25:18,468][dowhy.causal_model][INFO] - linear_regression
[2026-04-24 05:25:18,468][dowhy.causal_estimator][INFO] - INFO: Using Linear Regression Estimator
[2026-04-24 05:25:18,468][dowhy.causal_estimator][WARNING] - No directed path from ['X4'] to ['X5'].
[2026-04-24 05:25:18,469][dowhy.causal_model][INFO] - Model to find the causal effect of treatment ['X4'] on outcome ['X6']
[2026-04-24 05:25:18,469][dowhy.causal_identifier.auto_identifier][WARNING] - No directed path from treatment to outcome. Causal Effect is zero.
[2026-04-24 05:25:18,469][dowhy.causal_model][INFO] - linear_regression
[2026-04-24 05:25:18,470][dowhy.causal_estimator][INFO] - INFO: Using Linear Regression Estimator
[2026-04-24 05:25:18,470][dowhy.causal_estimator][WARNING] - No directed path from ['X4'] to ['X6'].
[2026-04-24 05:25:18,471][dowhy.causal_model][INFO] - Model to find the causal effect of treatment ['X4'] on outcome ['X7']
[2026-04-24 05:25:18,471][dowhy.causal_identifier.auto_identifier][WARNING] - No directed path from treatment to outcome. Causal Effect is zero.
[2026-04-24 05:25:18,471][dowhy.causal_model][INFO] - linear_regression
[2026-04-24 05:25:18,471][dowhy.causal_estimator][INFO] - INFO: Using Linear Regression Estimator
[2026-04-24 05:25:18,471][dowhy.causal_estimator][WARNING] - No directed path from ['X4'] to ['X7'].
[2026-04-24 05:25:18,473][dowhy.causal_model][INFO] - Model to find the causal effect of treatment ['X4'] on outcome ['X8']
[2026-04-24 05:25:18,473][dowhy.causal_identifier.auto_identifier][WARNING] - No directed path from treatment to outcome. Causal Effect is zero.
[2026-04-24 05:25:18,473][dowhy.causal_model][INFO] - linear_regression
[2026-04-24 05:25:18,473][dowhy.causal_estimator][INFO] - INFO: Using Linear Regression Estimator
[2026-04-24 05:25:18,473][dowhy.causal_estimator][WARNING] - No directed path from ['X4'] to ['X8'].
[2026-04-24 05:25:18,475][dowhy.causal_model][INFO] - Model to find the causal effect of treatment ['X4'] on outcome ['X9']
[2026-04-24 05:25:18,475][dowhy.causal_identifier.auto_identifier][WARNING] - No directed path from treatment to outcome. Causal Effect is zero.
[2026-04-24 05:25:18,475][dowhy.causal_model][INFO] - linear_regression
[2026-04-24 05:25:18,475][dowhy.causal_estimator][INFO] - INFO: Using Linear Regression Estimator
[2026-04-24 05:25:18,475][dowhy.causal_estimator][WARNING] - No directed path from ['X4'] to ['X9'].
[2026-04-24 05:25:18,477][dowhy.causal_model][INFO] - Model to find the causal effect of treatment ['X4'] on outcome ['X10']
[2026-04-24 05:25:18,477][dowhy.causal_identifier.auto_identifier][WARNING] - No directed path from treatment to outcome. Causal Effect is zero.
[2026-04-24 05:25:18,477][dowhy.causal_model][INFO] - linear_regression
[2026-04-24 05:25:18,477][dowhy.causal_estimator][INFO] - INFO: Using Linear Regression Estimator
[2026-04-24 05:25:18,477][dowhy.causal_estimator][WARNING] - No directed path from ['X4'] to ['X10'].
[2026-04-24 05:25:18,478][dowhy.causal_model][INFO] - Model to find the causal effect of treatment ['X4'] on outcome ['X11']
[2026-04-24 05:25:18,482][dowhy.causal_identifier.auto_identifier][INFO] - Causal effect can be identified.
[2026-04-24 05:25:18,483][dowhy.causal_identifier.auto_identifier][INFO] - Instrumental variables for treatment and outcome:[]
[2026-04-24 05:25:18,483][dowhy.causal_identifier.auto_identifier][INFO] - Frontdoor variables for treatment and outcome:[]
[2026-04-24 05:25:18,483][dowhy.causal_model][INFO] - linear_regression
[2026-04-24 05:25:18,483][dowhy.causal_estimator][INFO] - INFO: Using Linear Regression Estimator
[2026-04-24 05:25:18,483][dowhy.causal_estimator][INFO] - b: X11~X4+X4*X1+X4*X2+X4*X3+X4*X7+X4*X8+X4*X5+X4*X0+X4*X6
[2026-04-24 05:25:18,528][dowhy.causal_model][INFO] - Model to find the causal effect of treatment ['X5'] on outcome ['X0']
[2026-04-24 05:25:18,528][dowhy.causal_identifier.auto_identifier][WARNING] - No directed path from treatment to outcome. Causal Effect is zero.
[2026-04-24 05:25:18,529][dowhy.causal_model][INFO] - linear_regression
[2026-04-24 05:25:18,529][dowhy.causal_estimator][INFO] - INFO: Using Linear Regression Estimator
[2026-04-24 05:25:18,529][dowhy.causal_estimator][WARNING] - No directed path from ['X5'] to ['X0'].
[2026-04-24 05:25:18,530][dowhy.causal_model][INFO] - Model to find the causal effect of treatment ['X5'] on outcome ['X1']
[2026-04-24 05:25:18,530][dowhy.causal_identifier.auto_identifier][WARNING] - No directed path from treatment to outcome. Causal Effect is zero.
[2026-04-24 05:25:18,530][dowhy.causal_model][INFO] - linear_regression
[2026-04-24 05:25:18,531][dowhy.causal_estimator][INFO] - INFO: Using Linear Regression Estimator
[2026-04-24 05:25:18,531][dowhy.causal_estimator][WARNING] - No directed path from ['X5'] to ['X1'].
[2026-04-24 05:25:18,532][dowhy.causal_model][INFO] - Model to find the causal effect of treatment ['X5'] on outcome ['X2']
[2026-04-24 05:25:18,532][dowhy.causal_identifier.auto_identifier][WARNING] - No directed path from treatment to outcome. Causal Effect is zero.
[2026-04-24 05:25:18,532][dowhy.causal_model][INFO] - linear_regression
[2026-04-24 05:25:18,532][dowhy.causal_estimator][INFO] - INFO: Using Linear Regression Estimator
[2026-04-24 05:25:18,532][dowhy.causal_estimator][WARNING] - No directed path from ['X5'] to ['X2'].
[2026-04-24 05:25:18,534][dowhy.causal_model][INFO] - Model to find the causal effect of treatment ['X5'] on outcome ['X3']
[2026-04-24 05:25:18,534][dowhy.causal_identifier.auto_identifier][WARNING] - No directed path from treatment to outcome. Causal Effect is zero.
[2026-04-24 05:25:18,534][dowhy.causal_model][INFO] - linear_regression
[2026-04-24 05:25:18,534][dowhy.causal_estimator][INFO] - INFO: Using Linear Regression Estimator
[2026-04-24 05:25:18,534][dowhy.causal_estimator][WARNING] - No directed path from ['X5'] to ['X3'].
[2026-04-24 05:25:18,536][dowhy.causal_model][INFO] - Model to find the causal effect of treatment ['X5'] on outcome ['X4']
[2026-04-24 05:25:18,536][dowhy.causal_identifier.auto_identifier][WARNING] - No directed path from treatment to outcome. Causal Effect is zero.
[2026-04-24 05:25:18,536][dowhy.causal_model][INFO] - linear_regression
[2026-04-24 05:25:18,536][dowhy.causal_estimator][INFO] - INFO: Using Linear Regression Estimator
[2026-04-24 05:25:18,536][dowhy.causal_estimator][WARNING] - No directed path from ['X5'] to ['X4'].
[2026-04-24 05:25:18,538][dowhy.causal_model][INFO] - Model to find the causal effect of treatment ['X5'] on outcome ['X6']
[2026-04-24 05:25:18,539][dowhy.causal_identifier.auto_identifier][INFO] - Causal effect can be identified.
[2026-04-24 05:25:18,539][dowhy.causal_identifier.auto_identifier][INFO] - Instrumental variables for treatment and outcome:['X0']
[2026-04-24 05:25:18,540][dowhy.causal_identifier.auto_identifier][INFO] - Frontdoor variables for treatment and outcome:[]
[2026-04-24 05:25:18,540][dowhy.causal_model][INFO] - linear_regression
[2026-04-24 05:25:18,540][dowhy.causal_estimator][INFO] - INFO: Using Linear Regression Estimator
[2026-04-24 05:25:18,540][dowhy.causal_estimator][INFO] - b: X6~X5+X1
[2026-04-24 05:25:18,548][dowhy.causal_model][INFO] - Model to find the causal effect of treatment ['X5'] on outcome ['X7']
[2026-04-24 05:25:18,549][dowhy.causal_identifier.auto_identifier][INFO] - Causal effect can be identified.
[2026-04-24 05:25:18,550][dowhy.causal_identifier.auto_identifier][INFO] - Instrumental variables for treatment and outcome:['X0']
[2026-04-24 05:25:18,551][dowhy.causal_identifier.auto_identifier][INFO] - Frontdoor variables for treatment and outcome:[]
[2026-04-24 05:25:18,551][dowhy.causal_model][INFO] - linear_regression
[2026-04-24 05:25:18,551][dowhy.causal_estimator][INFO] - INFO: Using Linear Regression Estimator
[2026-04-24 05:25:18,551][dowhy.causal_estimator][INFO] - b: X7~X5+X1+X5*X3+X5*X2
[2026-04-24 05:25:18,560][dowhy.causal_model][INFO] - Model to find the causal effect of treatment ['X5'] on outcome ['X8']
[2026-04-24 05:25:18,562][dowhy.causal_identifier.auto_identifier][INFO] - Causal effect can be identified.
[2026-04-24 05:25:18,563][dowhy.causal_identifier.auto_identifier][INFO] - Instrumental variables for treatment and outcome:['X0']
[2026-04-24 05:25:18,565][dowhy.causal_identifier.auto_identifier][INFO] - Frontdoor variables for treatment and outcome:[]
[2026-04-24 05:25:18,566][dowhy.causal_model][INFO] - linear_regression
[2026-04-24 05:25:18,566][dowhy.causal_estimator][INFO] - INFO: Using Linear Regression Estimator
[2026-04-24 05:25:18,566][dowhy.causal_estimator][INFO] - b: X8~X5+X1+X5*X3+X5*X2
[2026-04-24 05:25:18,576][dowhy.causal_model][INFO] - Model to find the causal effect of treatment ['X5'] on outcome ['X9']
[2026-04-24 05:25:18,577][dowhy.causal_identifier.auto_identifier][INFO] - Causal effect can be identified.
[2026-04-24 05:25:18,578][dowhy.causal_identifier.auto_identifier][INFO] - Instrumental variables for treatment and outcome:['X1']
[2026-04-24 05:25:18,581][dowhy.causal_identifier.auto_identifier][INFO] - Frontdoor variables for treatment and outcome:[]
[2026-04-24 05:25:18,581][dowhy.causal_model][INFO] - linear_regression
[2026-04-24 05:25:18,581][dowhy.causal_estimator][INFO] - INFO: Using Linear Regression Estimator
[2026-04-24 05:25:18,581][dowhy.causal_estimator][INFO] - b: X9~X5+X0
[2026-04-24 05:25:18,590][dowhy.causal_model][INFO] - Model to find the causal effect of treatment ['X5'] on outcome ['X10']
[2026-04-24 05:25:18,591][dowhy.causal_identifier.auto_identifier][INFO] - Causal effect can be identified.
[2026-04-24 05:25:18,592][dowhy.causal_identifier.auto_identifier][INFO] - Instrumental variables for treatment and outcome:['X0']
[2026-04-24 05:25:18,597][dowhy.causal_identifier.auto_identifier][INFO] - Frontdoor variables for treatment and outcome:[]
[2026-04-24 05:25:18,597][dowhy.causal_model][INFO] - linear_regression
[2026-04-24 05:25:18,598][dowhy.causal_estimator][INFO] - INFO: Using Linear Regression Estimator
[2026-04-24 05:25:18,598][dowhy.causal_estimator][INFO] - b: X10~X5+X1+X5*X3+X5*X2
[2026-04-24 05:25:18,608][dowhy.causal_model][INFO] - Model to find the causal effect of treatment ['X5'] on outcome ['X11']
[2026-04-24 05:25:18,609][dowhy.causal_identifier.auto_identifier][INFO] - Causal effect can be identified.
[2026-04-24 05:25:18,610][dowhy.causal_identifier.auto_identifier][INFO] - Instrumental variables for treatment and outcome:['X0']
[2026-04-24 05:25:18,616][dowhy.causal_identifier.auto_identifier][INFO] - Frontdoor variables for treatment and outcome:[]
[2026-04-24 05:25:18,617][dowhy.causal_model][INFO] - linear_regression
[2026-04-24 05:25:18,617][dowhy.causal_estimator][INFO] - INFO: Using Linear Regression Estimator
[2026-04-24 05:25:18,617][dowhy.causal_estimator][INFO] - b: X11~X5+X1+X5*X3+X5*X4+X5*X2
[2026-04-24 05:25:18,667][dowhy.causal_model][INFO] - Model to find the causal effect of treatment ['X6'] on outcome ['X0']
[2026-04-24 05:25:18,667][dowhy.causal_identifier.auto_identifier][WARNING] - No directed path from treatment to outcome. Causal Effect is zero.
[2026-04-24 05:25:18,667][dowhy.causal_model][INFO] - linear_regression
[2026-04-24 05:25:18,667][dowhy.causal_estimator][INFO] - INFO: Using Linear Regression Estimator
[2026-04-24 05:25:18,667][dowhy.causal_estimator][WARNING] - No directed path from ['X6'] to ['X0'].
[2026-04-24 05:25:18,669][dowhy.causal_model][INFO] - Model to find the causal effect of treatment ['X6'] on outcome ['X1']
[2026-04-24 05:25:18,669][dowhy.causal_identifier.auto_identifier][WARNING] - No directed path from treatment to outcome. Causal Effect is zero.
[2026-04-24 05:25:18,669][dowhy.causal_model][INFO] - linear_regression
[2026-04-24 05:25:18,669][dowhy.causal_estimator][INFO] - INFO: Using Linear Regression Estimator
[2026-04-24 05:25:18,669][dowhy.causal_estimator][WARNING] - No directed path from ['X6'] to ['X1'].
[2026-04-24 05:25:18,671][dowhy.causal_model][INFO] - Model to find the causal effect of treatment ['X6'] on outcome ['X2']
[2026-04-24 05:25:18,671][dowhy.causal_identifier.auto_identifier][WARNING] - No directed path from treatment to outcome. Causal Effect is zero.
[2026-04-24 05:25:18,671][dowhy.causal_model][INFO] - linear_regression
[2026-04-24 05:25:18,671][dowhy.causal_estimator][INFO] - INFO: Using Linear Regression Estimator
[2026-04-24 05:25:18,671][dowhy.causal_estimator][WARNING] - No directed path from ['X6'] to ['X2'].
[2026-04-24 05:25:18,673][dowhy.causal_model][INFO] - Model to find the causal effect of treatment ['X6'] on outcome ['X3']
[2026-04-24 05:25:18,673][dowhy.causal_identifier.auto_identifier][WARNING] - No directed path from treatment to outcome. Causal Effect is zero.
[2026-04-24 05:25:18,673][dowhy.causal_model][INFO] - linear_regression
[2026-04-24 05:25:18,673][dowhy.causal_estimator][INFO] - INFO: Using Linear Regression Estimator
[2026-04-24 05:25:18,673][dowhy.causal_estimator][WARNING] - No directed path from ['X6'] to ['X3'].
[2026-04-24 05:25:18,674][dowhy.causal_model][INFO] - Model to find the causal effect of treatment ['X6'] on outcome ['X4']
[2026-04-24 05:25:18,674][dowhy.causal_identifier.auto_identifier][WARNING] - No directed path from treatment to outcome. Causal Effect is zero.
[2026-04-24 05:25:18,675][dowhy.causal_model][INFO] - linear_regression
[2026-04-24 05:25:18,675][dowhy.causal_estimator][INFO] - INFO: Using Linear Regression Estimator
[2026-04-24 05:25:18,675][dowhy.causal_estimator][WARNING] - No directed path from ['X6'] to ['X4'].
[2026-04-24 05:25:18,676][dowhy.causal_model][INFO] - Model to find the causal effect of treatment ['X6'] on outcome ['X5']
[2026-04-24 05:25:18,676][dowhy.causal_identifier.auto_identifier][WARNING] - No directed path from treatment to outcome. Causal Effect is zero.
[2026-04-24 05:25:18,676][dowhy.causal_model][INFO] - linear_regression
[2026-04-24 05:25:18,676][dowhy.causal_estimator][INFO] - INFO: Using Linear Regression Estimator
[2026-04-24 05:25:18,676][dowhy.causal_estimator][WARNING] - No directed path from ['X6'] to ['X5'].
[2026-04-24 05:25:18,678][dowhy.causal_model][INFO] - Model to find the causal effect of treatment ['X6'] on outcome ['X7']
[2026-04-24 05:25:18,680][dowhy.causal_identifier.auto_identifier][INFO] - Causal effect can be identified.
[2026-04-24 05:25:18,681][dowhy.causal_identifier.auto_identifier][INFO] - Instrumental variables for treatment and outcome:['X5', 'X1']
[2026-04-24 05:25:18,682][dowhy.causal_identifier.auto_identifier][INFO] - Frontdoor variables for treatment and outcome:[]
[2026-04-24 05:25:18,682][dowhy.causal_model][INFO] - linear_regression
[2026-04-24 05:25:18,682][dowhy.causal_estimator][INFO] - INFO: Using Linear Regression Estimator
[2026-04-24 05:25:18,682][dowhy.causal_estimator][INFO] - b: X7~X6+X6*X3+X6*X2
[2026-04-24 05:25:18,690][dowhy.causal_model][INFO] - Model to find the causal effect of treatment ['X6'] on outcome ['X8']
[2026-04-24 05:25:18,692][dowhy.causal_identifier.auto_identifier][INFO] - Causal effect can be identified.
[2026-04-24 05:25:18,693][dowhy.causal_identifier.auto_identifier][INFO] - Instrumental variables for treatment and outcome:['X5', 'X1']
[2026-04-24 05:25:18,693][dowhy.causal_identifier.auto_identifier][INFO] - Frontdoor variables for treatment and outcome:[]
[2026-04-24 05:25:18,693][dowhy.causal_model][INFO] - linear_regression
[2026-04-24 05:25:18,693][dowhy.causal_estimator][INFO] - INFO: Using Linear Regression Estimator
[2026-04-24 05:25:18,694][dowhy.causal_estimator][INFO] - b: X8~X6+X6*X3+X6*X2
[2026-04-24 05:25:18,701][dowhy.causal_model][INFO] - Model to find the causal effect of treatment ['X6'] on outcome ['X9']
[2026-04-24 05:25:18,701][dowhy.causal_identifier.auto_identifier][WARNING] - No directed path from treatment to outcome. Causal Effect is zero.
[2026-04-24 05:25:18,701][dowhy.causal_model][INFO] - linear_regression
[2026-04-24 05:25:18,701][dowhy.causal_estimator][INFO] - INFO: Using Linear Regression Estimator
[2026-04-24 05:25:18,701][dowhy.causal_estimator][WARNING] - No directed path from ['X6'] to ['X9'].
[2026-04-24 05:25:18,703][dowhy.causal_model][INFO] - Model to find the causal effect of treatment ['X6'] on outcome ['X10']
[2026-04-24 05:25:18,705][dowhy.causal_identifier.auto_identifier][INFO] - Causal effect can be identified.
[2026-04-24 05:25:18,706][dowhy.causal_identifier.auto_identifier][INFO] - Instrumental variables for treatment and outcome:['X5', 'X1']
[2026-04-24 05:25:18,706][dowhy.causal_identifier.auto_identifier][INFO] - Frontdoor variables for treatment and outcome:[]
[2026-04-24 05:25:18,707][dowhy.causal_model][INFO] - linear_regression
[2026-04-24 05:25:18,707][dowhy.causal_estimator][INFO] - INFO: Using Linear Regression Estimator
[2026-04-24 05:25:18,707][dowhy.causal_estimator][INFO] - b: X10~X6+X6*X3+X6*X2
[2026-04-24 05:25:18,714][dowhy.causal_model][INFO] - Model to find the causal effect of treatment ['X6'] on outcome ['X11']
[2026-04-24 05:25:18,716][dowhy.causal_identifier.auto_identifier][INFO] - Causal effect can be identified.
[2026-04-24 05:25:18,717][dowhy.causal_identifier.auto_identifier][INFO] - Instrumental variables for treatment and outcome:['X5', 'X1']
[2026-04-24 05:25:18,719][dowhy.causal_identifier.auto_identifier][INFO] - Frontdoor variables for treatment and outcome:['X10', 'X7', 'X8']
[2026-04-24 05:25:18,721][dowhy.causal_identifier.auto_identifier][INFO] - Causal effect can be identified.
[2026-04-24 05:25:18,724][dowhy.causal_identifier.auto_identifier][INFO] - Causal effect can be identified.
[2026-04-24 05:25:18,726][dowhy.causal_model][INFO] - linear_regression
[2026-04-24 05:25:18,726][dowhy.causal_estimator][INFO] - INFO: Using Linear Regression Estimator
[2026-04-24 05:25:18,726][dowhy.causal_estimator][INFO] - b: X11~X6+X6*X3+X6*X4+X6*X2
[2026-04-24 05:25:18,767][dowhy.causal_model][INFO] - Model to find the causal effect of treatment ['X7'] on outcome ['X0']
[2026-04-24 05:25:18,767][dowhy.causal_identifier.auto_identifier][WARNING] - No directed path from treatment to outcome. Causal Effect is zero.
[2026-04-24 05:25:18,767][dowhy.causal_model][INFO] - linear_regression
[2026-04-24 05:25:18,767][dowhy.causal_estimator][INFO] - INFO: Using Linear Regression Estimator
[2026-04-24 05:25:18,767][dowhy.causal_estimator][WARNING] - No directed path from ['X7'] to ['X0'].
[2026-04-24 05:25:18,769][dowhy.causal_model][INFO] - Model to find the causal effect of treatment ['X7'] on outcome ['X1']
[2026-04-24 05:25:18,769][dowhy.causal_identifier.auto_identifier][WARNING] - No directed path from treatment to outcome. Causal Effect is zero.
[2026-04-24 05:25:18,769][dowhy.causal_model][INFO] - linear_regression
[2026-04-24 05:25:18,769][dowhy.causal_estimator][INFO] - INFO: Using Linear Regression Estimator
[2026-04-24 05:25:18,769][dowhy.causal_estimator][WARNING] - No directed path from ['X7'] to ['X1'].
[2026-04-24 05:25:18,771][dowhy.causal_model][INFO] - Model to find the causal effect of treatment ['X7'] on outcome ['X2']
[2026-04-24 05:25:18,771][dowhy.causal_identifier.auto_identifier][WARNING] - No directed path from treatment to outcome. Causal Effect is zero.
[2026-04-24 05:25:18,771][dowhy.causal_model][INFO] - linear_regression
[2026-04-24 05:25:18,771][dowhy.causal_estimator][INFO] - INFO: Using Linear Regression Estimator
[2026-04-24 05:25:18,771][dowhy.causal_estimator][WARNING] - No directed path from ['X7'] to ['X2'].
[2026-04-24 05:25:18,773][dowhy.causal_model][INFO] - Model to find the causal effect of treatment ['X7'] on outcome ['X3']
[2026-04-24 05:25:18,773][dowhy.causal_identifier.auto_identifier][WARNING] - No directed path from treatment to outcome. Causal Effect is zero.
[2026-04-24 05:25:18,773][dowhy.causal_model][INFO] - linear_regression
[2026-04-24 05:25:18,773][dowhy.causal_estimator][INFO] - INFO: Using Linear Regression Estimator
[2026-04-24 05:25:18,773][dowhy.causal_estimator][WARNING] - No directed path from ['X7'] to ['X3'].
[2026-04-24 05:25:18,775][dowhy.causal_model][INFO] - Model to find the causal effect of treatment ['X7'] on outcome ['X4']
[2026-04-24 05:25:18,775][dowhy.causal_identifier.auto_identifier][WARNING] - No directed path from treatment to outcome. Causal Effect is zero.
[2026-04-24 05:25:18,775][dowhy.causal_model][INFO] - linear_regression
[2026-04-24 05:25:18,775][dowhy.causal_estimator][INFO] - INFO: Using Linear Regression Estimator
[2026-04-24 05:25:18,775][dowhy.causal_estimator][WARNING] - No directed path from ['X7'] to ['X4'].
[2026-04-24 05:25:18,776][dowhy.causal_model][INFO] - Model to find the causal effect of treatment ['X7'] on outcome ['X5']
[2026-04-24 05:25:18,776][dowhy.causal_identifier.auto_identifier][WARNING] - No directed path from treatment to outcome. Causal Effect is zero.
[2026-04-24 05:25:18,777][dowhy.causal_model][INFO] - linear_regression
[2026-04-24 05:25:18,777][dowhy.causal_estimator][INFO] - INFO: Using Linear Regression Estimator
[2026-04-24 05:25:18,777][dowhy.causal_estimator][WARNING] - No directed path from ['X7'] to ['X5'].
[2026-04-24 05:25:18,778][dowhy.causal_model][INFO] - Model to find the causal effect of treatment ['X7'] on outcome ['X6']
[2026-04-24 05:25:18,778][dowhy.causal_identifier.auto_identifier][WARNING] - No directed path from treatment to outcome. Causal Effect is zero.
[2026-04-24 05:25:18,778][dowhy.causal_model][INFO] - linear_regression
[2026-04-24 05:25:18,778][dowhy.causal_estimator][INFO] - INFO: Using Linear Regression Estimator
[2026-04-24 05:25:18,779][dowhy.causal_estimator][WARNING] - No directed path from ['X7'] to ['X6'].
[2026-04-24 05:25:18,780][dowhy.causal_model][INFO] - Model to find the causal effect of treatment ['X7'] on outcome ['X8']
[2026-04-24 05:25:18,783][dowhy.causal_identifier.auto_identifier][INFO] - Causal effect can be identified.
[2026-04-24 05:25:18,783][dowhy.causal_identifier.auto_identifier][INFO] - Instrumental variables for treatment and outcome:['X2', 'X6']
[2026-04-24 05:25:18,784][dowhy.causal_identifier.auto_identifier][INFO] - Frontdoor variables for treatment and outcome:[]
[2026-04-24 05:25:18,784][dowhy.causal_model][INFO] - linear_regression
[2026-04-24 05:25:18,784][dowhy.causal_estimator][INFO] - INFO: Using Linear Regression Estimator
[2026-04-24 05:25:18,784][dowhy.causal_estimator][INFO] - b: X8~X7+X3
[2026-04-24 05:25:18,793][dowhy.causal_model][INFO] - Model to find the causal effect of treatment ['X7'] on outcome ['X9']
[2026-04-24 05:25:18,793][dowhy.causal_identifier.auto_identifier][WARNING] - No directed path from treatment to outcome. Causal Effect is zero.
[2026-04-24 05:25:18,793][dowhy.causal_model][INFO] - linear_regression
[2026-04-24 05:25:18,793][dowhy.causal_estimator][INFO] - INFO: Using Linear Regression Estimator
[2026-04-24 05:25:18,793][dowhy.causal_estimator][WARNING] - No directed path from ['X7'] to ['X9'].
[2026-04-24 05:25:18,795][dowhy.causal_model][INFO] - Model to find the causal effect of treatment ['X7'] on outcome ['X10']
[2026-04-24 05:25:18,797][dowhy.causal_identifier.auto_identifier][INFO] - Causal effect can be identified.
[2026-04-24 05:25:18,798][dowhy.causal_identifier.auto_identifier][INFO] - Instrumental variables for treatment and outcome:['X3', 'X6']
[2026-04-24 05:25:18,798][dowhy.causal_identifier.auto_identifier][INFO] - Frontdoor variables for treatment and outcome:[]
[2026-04-24 05:25:18,798][dowhy.causal_model][INFO] - linear_regression
[2026-04-24 05:25:18,798][dowhy.causal_estimator][INFO] - INFO: Using Linear Regression Estimator
[2026-04-24 05:25:18,799][dowhy.causal_estimator][INFO] - b: X10~X7+X2
[2026-04-24 05:25:18,807][dowhy.causal_model][INFO] - Model to find the causal effect of treatment ['X7'] on outcome ['X11']
[2026-04-24 05:25:18,810][dowhy.causal_identifier.auto_identifier][INFO] - Causal effect can be identified.
[2026-04-24 05:25:18,811][dowhy.causal_identifier.auto_identifier][INFO] - Instrumental variables for treatment and outcome:['X2', 'X6']
[2026-04-24 05:25:18,811][dowhy.causal_identifier.auto_identifier][INFO] - Frontdoor variables for treatment and outcome:[]
[2026-04-24 05:25:18,812][dowhy.causal_model][INFO] - linear_regression
[2026-04-24 05:25:18,812][dowhy.causal_estimator][INFO] - INFO: Using Linear Regression Estimator
[2026-04-24 05:25:18,812][dowhy.causal_estimator][INFO] - b: X11~X7+X3+X7*X4
[2026-04-24 05:25:18,861][dowhy.causal_model][INFO] - Model to find the causal effect of treatment ['X8'] on outcome ['X0']
[2026-04-24 05:25:18,861][dowhy.causal_identifier.auto_identifier][WARNING] - No directed path from treatment to outcome. Causal Effect is zero.
[2026-04-24 05:25:18,861][dowhy.causal_model][INFO] - linear_regression
[2026-04-24 05:25:18,861][dowhy.causal_estimator][INFO] - INFO: Using Linear Regression Estimator
[2026-04-24 05:25:18,861][dowhy.causal_estimator][WARNING] - No directed path from ['X8'] to ['X0'].
[2026-04-24 05:25:18,863][dowhy.causal_model][INFO] - Model to find the causal effect of treatment ['X8'] on outcome ['X1']
[2026-04-24 05:25:18,863][dowhy.causal_identifier.auto_identifier][WARNING] - No directed path from treatment to outcome. Causal Effect is zero.
[2026-04-24 05:25:18,863][dowhy.causal_model][INFO] - linear_regression
[2026-04-24 05:25:18,863][dowhy.causal_estimator][INFO] - INFO: Using Linear Regression Estimator
[2026-04-24 05:25:18,863][dowhy.causal_estimator][WARNING] - No directed path from ['X8'] to ['X1'].
[2026-04-24 05:25:18,865][dowhy.causal_model][INFO] - Model to find the causal effect of treatment ['X8'] on outcome ['X2']
[2026-04-24 05:25:18,865][dowhy.causal_identifier.auto_identifier][WARNING] - No directed path from treatment to outcome. Causal Effect is zero.
[2026-04-24 05:25:18,865][dowhy.causal_model][INFO] - linear_regression
[2026-04-24 05:25:18,865][dowhy.causal_estimator][INFO] - INFO: Using Linear Regression Estimator
[2026-04-24 05:25:18,865][dowhy.causal_estimator][WARNING] - No directed path from ['X8'] to ['X2'].
[2026-04-24 05:25:18,867][dowhy.causal_model][INFO] - Model to find the causal effect of treatment ['X8'] on outcome ['X3']
[2026-04-24 05:25:18,867][dowhy.causal_identifier.auto_identifier][WARNING] - No directed path from treatment to outcome. Causal Effect is zero.
[2026-04-24 05:25:18,867][dowhy.causal_model][INFO] - linear_regression
[2026-04-24 05:25:18,867][dowhy.causal_estimator][INFO] - INFO: Using Linear Regression Estimator
[2026-04-24 05:25:18,867][dowhy.causal_estimator][WARNING] - No directed path from ['X8'] to ['X3'].
[2026-04-24 05:25:18,869][dowhy.causal_model][INFO] - Model to find the causal effect of treatment ['X8'] on outcome ['X4']
[2026-04-24 05:25:18,869][dowhy.causal_identifier.auto_identifier][WARNING] - No directed path from treatment to outcome. Causal Effect is zero.
[2026-04-24 05:25:18,869][dowhy.causal_model][INFO] - linear_regression
[2026-04-24 05:25:18,869][dowhy.causal_estimator][INFO] - INFO: Using Linear Regression Estimator
[2026-04-24 05:25:18,869][dowhy.causal_estimator][WARNING] - No directed path from ['X8'] to ['X4'].
[2026-04-24 05:25:18,871][dowhy.causal_model][INFO] - Model to find the causal effect of treatment ['X8'] on outcome ['X5']
[2026-04-24 05:25:18,871][dowhy.causal_identifier.auto_identifier][WARNING] - No directed path from treatment to outcome. Causal Effect is zero.
[2026-04-24 05:25:18,871][dowhy.causal_model][INFO] - linear_regression
[2026-04-24 05:25:18,871][dowhy.causal_estimator][INFO] - INFO: Using Linear Regression Estimator
[2026-04-24 05:25:18,871][dowhy.causal_estimator][WARNING] - No directed path from ['X8'] to ['X5'].
[2026-04-24 05:25:18,873][dowhy.causal_model][INFO] - Model to find the causal effect of treatment ['X8'] on outcome ['X6']
[2026-04-24 05:25:18,873][dowhy.causal_identifier.auto_identifier][WARNING] - No directed path from treatment to outcome. Causal Effect is zero.
[2026-04-24 05:25:18,873][dowhy.causal_model][INFO] - linear_regression
[2026-04-24 05:25:18,873][dowhy.causal_estimator][INFO] - INFO: Using Linear Regression Estimator
[2026-04-24 05:25:18,873][dowhy.causal_estimator][WARNING] - No directed path from ['X8'] to ['X6'].
[2026-04-24 05:25:18,874][dowhy.causal_model][INFO] - Model to find the causal effect of treatment ['X8'] on outcome ['X7']
[2026-04-24 05:25:18,875][dowhy.causal_identifier.auto_identifier][WARNING] - No directed path from treatment to outcome. Causal Effect is zero.
[2026-04-24 05:25:18,875][dowhy.causal_model][INFO] - linear_regression
[2026-04-24 05:25:18,875][dowhy.causal_estimator][INFO] - INFO: Using Linear Regression Estimator
[2026-04-24 05:25:18,875][dowhy.causal_estimator][WARNING] - No directed path from ['X8'] to ['X7'].
[2026-04-24 05:25:18,876][dowhy.causal_model][INFO] - Model to find the causal effect of treatment ['X8'] on outcome ['X9']
[2026-04-24 05:25:18,876][dowhy.causal_identifier.auto_identifier][WARNING] - No directed path from treatment to outcome. Causal Effect is zero.
[2026-04-24 05:25:18,876][dowhy.causal_model][INFO] - linear_regression
[2026-04-24 05:25:18,876][dowhy.causal_estimator][INFO] - INFO: Using Linear Regression Estimator
[2026-04-24 05:25:18,876][dowhy.causal_estimator][WARNING] - No directed path from ['X8'] to ['X9'].
[2026-04-24 05:25:18,878][dowhy.causal_model][INFO] - Model to find the causal effect of treatment ['X8'] on outcome ['X10']
[2026-04-24 05:25:18,878][dowhy.causal_identifier.auto_identifier][WARNING] - No directed path from treatment to outcome. Causal Effect is zero.
[2026-04-24 05:25:18,878][dowhy.causal_model][INFO] - linear_regression
[2026-04-24 05:25:18,878][dowhy.causal_estimator][INFO] - INFO: Using Linear Regression Estimator
[2026-04-24 05:25:18,878][dowhy.causal_estimator][WARNING] - No directed path from ['X8'] to ['X10'].
[2026-04-24 05:25:18,880][dowhy.causal_model][INFO] - Model to find the causal effect of treatment ['X8'] on outcome ['X11']
[2026-04-24 05:25:18,883][dowhy.causal_identifier.auto_identifier][INFO] - Causal effect can be identified.
[2026-04-24 05:25:18,884][dowhy.causal_identifier.auto_identifier][INFO] - Instrumental variables for treatment and outcome:['X3', 'X7']
[2026-04-24 05:25:18,884][dowhy.causal_identifier.auto_identifier][INFO] - Frontdoor variables for treatment and outcome:[]
[2026-04-24 05:25:18,885][dowhy.causal_model][INFO] - linear_regression
[2026-04-24 05:25:18,885][dowhy.causal_estimator][INFO] - INFO: Using Linear Regression Estimator
[2026-04-24 05:25:18,885][dowhy.causal_estimator][INFO] - b: X11~X8+X8*X4
[2026-04-24 05:25:18,926][dowhy.causal_model][INFO] - Model to find the causal effect of treatment ['X9'] on outcome ['X0']
[2026-04-24 05:25:18,926][dowhy.causal_identifier.auto_identifier][WARNING] - No directed path from treatment to outcome. Causal Effect is zero.
[2026-04-24 05:25:18,926][dowhy.causal_model][INFO] - linear_regression
[2026-04-24 05:25:18,926][dowhy.causal_estimator][INFO] - INFO: Using Linear Regression Estimator
[2026-04-24 05:25:18,926][dowhy.causal_estimator][WARNING] - No directed path from ['X9'] to ['X0'].
[2026-04-24 05:25:18,928][dowhy.causal_model][INFO] - Model to find the causal effect of treatment ['X9'] on outcome ['X1']
[2026-04-24 05:25:18,928][dowhy.causal_identifier.auto_identifier][WARNING] - No directed path from treatment to outcome. Causal Effect is zero.
[2026-04-24 05:25:18,928][dowhy.causal_model][INFO] - linear_regression
[2026-04-24 05:25:18,928][dowhy.causal_estimator][INFO] - INFO: Using Linear Regression Estimator
[2026-04-24 05:25:18,928][dowhy.causal_estimator][WARNING] - No directed path from ['X9'] to ['X1'].
[2026-04-24 05:25:18,929][dowhy.causal_model][INFO] - Model to find the causal effect of treatment ['X9'] on outcome ['X2']
[2026-04-24 05:25:18,929][dowhy.causal_identifier.auto_identifier][WARNING] - No directed path from treatment to outcome. Causal Effect is zero.
[2026-04-24 05:25:18,929][dowhy.causal_model][INFO] - linear_regression
[2026-04-24 05:25:18,929][dowhy.causal_estimator][INFO] - INFO: Using Linear Regression Estimator
[2026-04-24 05:25:18,930][dowhy.causal_estimator][WARNING] - No directed path from ['X9'] to ['X2'].
[2026-04-24 05:25:18,931][dowhy.causal_model][INFO] - Model to find the causal effect of treatment ['X9'] on outcome ['X3']
[2026-04-24 05:25:18,931][dowhy.causal_identifier.auto_identifier][WARNING] - No directed path from treatment to outcome. Causal Effect is zero.
[2026-04-24 05:25:18,931][dowhy.causal_model][INFO] - linear_regression
[2026-04-24 05:25:18,931][dowhy.causal_estimator][INFO] - INFO: Using Linear Regression Estimator
[2026-04-24 05:25:18,931][dowhy.causal_estimator][WARNING] - No directed path from ['X9'] to ['X3'].
[2026-04-24 05:25:18,933][dowhy.causal_model][INFO] - Model to find the causal effect of treatment ['X9'] on outcome ['X4']
[2026-04-24 05:25:18,933][dowhy.causal_identifier.auto_identifier][WARNING] - No directed path from treatment to outcome. Causal Effect is zero.
[2026-04-24 05:25:18,933][dowhy.causal_model][INFO] - linear_regression
[2026-04-24 05:25:18,933][dowhy.causal_estimator][INFO] - INFO: Using Linear Regression Estimator
[2026-04-24 05:25:18,933][dowhy.causal_estimator][WARNING] - No directed path from ['X9'] to ['X4'].
[2026-04-24 05:25:18,935][dowhy.causal_model][INFO] - Model to find the causal effect of treatment ['X9'] on outcome ['X5']
[2026-04-24 05:25:18,935][dowhy.causal_identifier.auto_identifier][WARNING] - No directed path from treatment to outcome. Causal Effect is zero.
[2026-04-24 05:25:18,935][dowhy.causal_model][INFO] - linear_regression
[2026-04-24 05:25:18,935][dowhy.causal_estimator][INFO] - INFO: Using Linear Regression Estimator
[2026-04-24 05:25:18,935][dowhy.causal_estimator][WARNING] - No directed path from ['X9'] to ['X5'].
[2026-04-24 05:25:18,936][dowhy.causal_model][INFO] - Model to find the causal effect of treatment ['X9'] on outcome ['X6']
[2026-04-24 05:25:18,937][dowhy.causal_identifier.auto_identifier][WARNING] - No directed path from treatment to outcome. Causal Effect is zero.
[2026-04-24 05:25:18,937][dowhy.causal_model][INFO] - linear_regression
[2026-04-24 05:25:18,937][dowhy.causal_estimator][INFO] - INFO: Using Linear Regression Estimator
[2026-04-24 05:25:18,937][dowhy.causal_estimator][WARNING] - No directed path from ['X9'] to ['X6'].
[2026-04-24 05:25:18,938][dowhy.causal_model][INFO] - Model to find the causal effect of treatment ['X9'] on outcome ['X7']
[2026-04-24 05:25:18,938][dowhy.causal_identifier.auto_identifier][WARNING] - No directed path from treatment to outcome. Causal Effect is zero.
[2026-04-24 05:25:18,938][dowhy.causal_model][INFO] - linear_regression
[2026-04-24 05:25:18,938][dowhy.causal_estimator][INFO] - INFO: Using Linear Regression Estimator
[2026-04-24 05:25:18,938][dowhy.causal_estimator][WARNING] - No directed path from ['X9'] to ['X7'].
[2026-04-24 05:25:18,940][dowhy.causal_model][INFO] - Model to find the causal effect of treatment ['X9'] on outcome ['X8']
[2026-04-24 05:25:18,940][dowhy.causal_identifier.auto_identifier][WARNING] - No directed path from treatment to outcome. Causal Effect is zero.
[2026-04-24 05:25:18,940][dowhy.causal_model][INFO] - linear_regression
[2026-04-24 05:25:18,940][dowhy.causal_estimator][INFO] - INFO: Using Linear Regression Estimator
[2026-04-24 05:25:18,940][dowhy.causal_estimator][WARNING] - No directed path from ['X9'] to ['X8'].
[2026-04-24 05:25:18,942][dowhy.causal_model][INFO] - Model to find the causal effect of treatment ['X9'] on outcome ['X10']
[2026-04-24 05:25:18,942][dowhy.causal_identifier.auto_identifier][WARNING] - No directed path from treatment to outcome. Causal Effect is zero.
[2026-04-24 05:25:18,942][dowhy.causal_model][INFO] - linear_regression
[2026-04-24 05:25:18,942][dowhy.causal_estimator][INFO] - INFO: Using Linear Regression Estimator
[2026-04-24 05:25:18,942][dowhy.causal_estimator][WARNING] - No directed path from ['X9'] to ['X10'].
[2026-04-24 05:25:18,944][dowhy.causal_model][INFO] - Model to find the causal effect of treatment ['X9'] on outcome ['X11']
[2026-04-24 05:25:18,944][dowhy.causal_identifier.auto_identifier][WARNING] - No directed path from treatment to outcome. Causal Effect is zero.
[2026-04-24 05:25:18,944][dowhy.causal_model][INFO] - linear_regression
[2026-04-24 05:25:18,944][dowhy.causal_estimator][INFO] - INFO: Using Linear Regression Estimator
[2026-04-24 05:25:18,944][dowhy.causal_estimator][WARNING] - No directed path from ['X9'] to ['X11'].
[2026-04-24 05:25:18,976][dowhy.causal_model][INFO] - Model to find the causal effect of treatment ['X10'] on outcome ['X0']
[2026-04-24 05:25:18,976][dowhy.causal_identifier.auto_identifier][WARNING] - No directed path from treatment to outcome. Causal Effect is zero.
[2026-04-24 05:25:18,976][dowhy.causal_model][INFO] - linear_regression
[2026-04-24 05:25:18,976][dowhy.causal_estimator][INFO] - INFO: Using Linear Regression Estimator
[2026-04-24 05:25:18,976][dowhy.causal_estimator][WARNING] - No directed path from ['X10'] to ['X0'].
[2026-04-24 05:25:18,978][dowhy.causal_model][INFO] - Model to find the causal effect of treatment ['X10'] on outcome ['X1']
[2026-04-24 05:25:18,978][dowhy.causal_identifier.auto_identifier][WARNING] - No directed path from treatment to outcome. Causal Effect is zero.
[2026-04-24 05:25:18,978][dowhy.causal_model][INFO] - linear_regression
[2026-04-24 05:25:18,978][dowhy.causal_estimator][INFO] - INFO: Using Linear Regression Estimator
[2026-04-24 05:25:18,978][dowhy.causal_estimator][WARNING] - No directed path from ['X10'] to ['X1'].
[2026-04-24 05:25:18,980][dowhy.causal_model][INFO] - Model to find the causal effect of treatment ['X10'] on outcome ['X2']
[2026-04-24 05:25:18,980][dowhy.causal_identifier.auto_identifier][WARNING] - No directed path from treatment to outcome. Causal Effect is zero.
[2026-04-24 05:25:18,980][dowhy.causal_model][INFO] - linear_regression
[2026-04-24 05:25:18,980][dowhy.causal_estimator][INFO] - INFO: Using Linear Regression Estimator
[2026-04-24 05:25:18,980][dowhy.causal_estimator][WARNING] - No directed path from ['X10'] to ['X2'].
[2026-04-24 05:25:18,982][dowhy.causal_model][INFO] - Model to find the causal effect of treatment ['X10'] on outcome ['X3']
[2026-04-24 05:25:18,982][dowhy.causal_identifier.auto_identifier][WARNING] - No directed path from treatment to outcome. Causal Effect is zero.
[2026-04-24 05:25:18,982][dowhy.causal_model][INFO] - linear_regression
[2026-04-24 05:25:18,982][dowhy.causal_estimator][INFO] - INFO: Using Linear Regression Estimator
[2026-04-24 05:25:18,982][dowhy.causal_estimator][WARNING] - No directed path from ['X10'] to ['X3'].
[2026-04-24 05:25:18,984][dowhy.causal_model][INFO] - Model to find the causal effect of treatment ['X10'] on outcome ['X4']
[2026-04-24 05:25:18,984][dowhy.causal_identifier.auto_identifier][WARNING] - No directed path from treatment to outcome. Causal Effect is zero.
[2026-04-24 05:25:18,984][dowhy.causal_model][INFO] - linear_regression
[2026-04-24 05:25:18,984][dowhy.causal_estimator][INFO] - INFO: Using Linear Regression Estimator
[2026-04-24 05:25:18,984][dowhy.causal_estimator][WARNING] - No directed path from ['X10'] to ['X4'].
[2026-04-24 05:25:18,986][dowhy.causal_model][INFO] - Model to find the causal effect of treatment ['X10'] on outcome ['X5']
[2026-04-24 05:25:18,986][dowhy.causal_identifier.auto_identifier][WARNING] - No directed path from treatment to outcome. Causal Effect is zero.
[2026-04-24 05:25:18,986][dowhy.causal_model][INFO] - linear_regression
[2026-04-24 05:25:18,987][dowhy.causal_estimator][INFO] - INFO: Using Linear Regression Estimator
[2026-04-24 05:25:18,987][dowhy.causal_estimator][WARNING] - No directed path from ['X10'] to ['X5'].
[2026-04-24 05:25:18,988][dowhy.causal_model][INFO] - Model to find the causal effect of treatment ['X10'] on outcome ['X6']
[2026-04-24 05:25:18,989][dowhy.causal_identifier.auto_identifier][WARNING] - No directed path from treatment to outcome. Causal Effect is zero.
[2026-04-24 05:25:18,989][dowhy.causal_model][INFO] - linear_regression
[2026-04-24 05:25:18,989][dowhy.causal_estimator][INFO] - INFO: Using Linear Regression Estimator
[2026-04-24 05:25:18,989][dowhy.causal_estimator][WARNING] - No directed path from ['X10'] to ['X6'].
[2026-04-24 05:25:18,991][dowhy.causal_model][INFO] - Model to find the causal effect of treatment ['X10'] on outcome ['X7']
[2026-04-24 05:25:18,991][dowhy.causal_identifier.auto_identifier][WARNING] - No directed path from treatment to outcome. Causal Effect is zero.
[2026-04-24 05:25:18,991][dowhy.causal_model][INFO] - linear_regression
[2026-04-24 05:25:18,991][dowhy.causal_estimator][INFO] - INFO: Using Linear Regression Estimator
[2026-04-24 05:25:18,991][dowhy.causal_estimator][WARNING] - No directed path from ['X10'] to ['X7'].
[2026-04-24 05:25:18,993][dowhy.causal_model][INFO] - Model to find the causal effect of treatment ['X10'] on outcome ['X8']
[2026-04-24 05:25:18,993][dowhy.causal_identifier.auto_identifier][WARNING] - No directed path from treatment to outcome. Causal Effect is zero.
[2026-04-24 05:25:18,993][dowhy.causal_model][INFO] - linear_regression
[2026-04-24 05:25:18,993][dowhy.causal_estimator][INFO] - INFO: Using Linear Regression Estimator
[2026-04-24 05:25:18,993][dowhy.causal_estimator][WARNING] - No directed path from ['X10'] to ['X8'].
[2026-04-24 05:25:18,995][dowhy.causal_model][INFO] - Model to find the causal effect of treatment ['X10'] on outcome ['X9']
[2026-04-24 05:25:18,995][dowhy.causal_identifier.auto_identifier][WARNING] - No directed path from treatment to outcome. Causal Effect is zero.
[2026-04-24 05:25:18,995][dowhy.causal_model][INFO] - linear_regression
[2026-04-24 05:25:18,995][dowhy.causal_estimator][INFO] - INFO: Using Linear Regression Estimator
[2026-04-24 05:25:18,995][dowhy.causal_estimator][WARNING] - No directed path from ['X10'] to ['X9'].
[2026-04-24 05:25:18,997][dowhy.causal_model][INFO] - Model to find the causal effect of treatment ['X10'] on outcome ['X11']
[2026-04-24 05:25:18,997][dowhy.causal_identifier.auto_identifier][WARNING] - No directed path from treatment to outcome. Causal Effect is zero.
[2026-04-24 05:25:18,997][dowhy.causal_model][INFO] - linear_regression
[2026-04-24 05:25:18,997][dowhy.causal_estimator][INFO] - INFO: Using Linear Regression Estimator
[2026-04-24 05:25:18,997][dowhy.causal_estimator][WARNING] - No directed path from ['X10'] to ['X11'].
[2026-04-24 05:25:19,036][dowhy.causal_model][INFO] - Model to find the causal effect of treatment ['X11'] on outcome ['X0']
[2026-04-24 05:25:19,036][dowhy.causal_identifier.auto_identifier][WARNING] - No directed path from treatment to outcome. Causal Effect is zero.
[2026-04-24 05:25:19,037][dowhy.causal_model][INFO] - linear_regression
[2026-04-24 05:25:19,037][dowhy.causal_estimator][INFO] - INFO: Using Linear Regression Estimator
[2026-04-24 05:25:19,037][dowhy.causal_estimator][WARNING] - No directed path from ['X11'] to ['X0'].
[2026-04-24 05:25:19,038][dowhy.causal_model][INFO] - Model to find the causal effect of treatment ['X11'] on outcome ['X1']
[2026-04-24 05:25:19,039][dowhy.causal_identifier.auto_identifier][WARNING] - No directed path from treatment to outcome. Causal Effect is zero.
[2026-04-24 05:25:19,039][dowhy.causal_model][INFO] - linear_regression
[2026-04-24 05:25:19,039][dowhy.causal_estimator][INFO] - INFO: Using Linear Regression Estimator
[2026-04-24 05:25:19,039][dowhy.causal_estimator][WARNING] - No directed path from ['X11'] to ['X1'].
[2026-04-24 05:25:19,041][dowhy.causal_model][INFO] - Model to find the causal effect of treatment ['X11'] on outcome ['X2']
[2026-04-24 05:25:19,041][dowhy.causal_identifier.auto_identifier][WARNING] - No directed path from treatment to outcome. Causal Effect is zero.
[2026-04-24 05:25:19,041][dowhy.causal_model][INFO] - linear_regression
[2026-04-24 05:25:19,041][dowhy.causal_estimator][INFO] - INFO: Using Linear Regression Estimator
[2026-04-24 05:25:19,041][dowhy.causal_estimator][WARNING] - No directed path from ['X11'] to ['X2'].
[2026-04-24 05:25:19,043][dowhy.causal_model][INFO] - Model to find the causal effect of treatment ['X11'] on outcome ['X3']
[2026-04-24 05:25:19,043][dowhy.causal_identifier.auto_identifier][WARNING] - No directed path from treatment to outcome. Causal Effect is zero.
[2026-04-24 05:25:19,043][dowhy.causal_model][INFO] - linear_regression
[2026-04-24 05:25:19,043][dowhy.causal_estimator][INFO] - INFO: Using Linear Regression Estimator
[2026-04-24 05:25:19,043][dowhy.causal_estimator][WARNING] - No directed path from ['X11'] to ['X3'].
[2026-04-24 05:25:19,044][dowhy.causal_model][INFO] - Model to find the causal effect of treatment ['X11'] on outcome ['X4']
[2026-04-24 05:25:19,045][dowhy.causal_identifier.auto_identifier][WARNING] - No directed path from treatment to outcome. Causal Effect is zero.
[2026-04-24 05:25:19,045][dowhy.causal_model][INFO] - linear_regression
[2026-04-24 05:25:19,045][dowhy.causal_estimator][INFO] - INFO: Using Linear Regression Estimator
[2026-04-24 05:25:19,045][dowhy.causal_estimator][WARNING] - No directed path from ['X11'] to ['X4'].
[2026-04-24 05:25:19,046][dowhy.causal_model][INFO] - Model to find the causal effect of treatment ['X11'] on outcome ['X5']
[2026-04-24 05:25:19,046][dowhy.causal_identifier.auto_identifier][WARNING] - No directed path from treatment to outcome. Causal Effect is zero.
[2026-04-24 05:25:19,046][dowhy.causal_model][INFO] - linear_regression
[2026-04-24 05:25:19,046][dowhy.causal_estimator][INFO] - INFO: Using Linear Regression Estimator
[2026-04-24 05:25:19,047][dowhy.causal_estimator][WARNING] - No directed path from ['X11'] to ['X5'].
[2026-04-24 05:25:19,048][dowhy.causal_model][INFO] - Model to find the causal effect of treatment ['X11'] on outcome ['X6']
[2026-04-24 05:25:19,049][dowhy.causal_identifier.auto_identifier][WARNING] - No directed path from treatment to outcome. Causal Effect is zero.
[2026-04-24 05:25:19,049][dowhy.causal_model][INFO] - linear_regression
[2026-04-24 05:25:19,049][dowhy.causal_estimator][INFO] - INFO: Using Linear Regression Estimator
[2026-04-24 05:25:19,049][dowhy.causal_estimator][WARNING] - No directed path from ['X11'] to ['X6'].
[2026-04-24 05:25:19,050][dowhy.causal_model][INFO] - Model to find the causal effect of treatment ['X11'] on outcome ['X7']
[2026-04-24 05:25:19,051][dowhy.causal_identifier.auto_identifier][WARNING] - No directed path from treatment to outcome. Causal Effect is zero.
[2026-04-24 05:25:19,051][dowhy.causal_model][INFO] - linear_regression
[2026-04-24 05:25:19,051][dowhy.causal_estimator][INFO] - INFO: Using Linear Regression Estimator
[2026-04-24 05:25:19,051][dowhy.causal_estimator][WARNING] - No directed path from ['X11'] to ['X7'].
[2026-04-24 05:25:19,052][dowhy.causal_model][INFO] - Model to find the causal effect of treatment ['X11'] on outcome ['X8']
[2026-04-24 05:25:19,052][dowhy.causal_identifier.auto_identifier][WARNING] - No directed path from treatment to outcome. Causal Effect is zero.
[2026-04-24 05:25:19,053][dowhy.causal_model][INFO] - linear_regression
[2026-04-24 05:25:19,053][dowhy.causal_estimator][INFO] - INFO: Using Linear Regression Estimator
[2026-04-24 05:25:19,053][dowhy.causal_estimator][WARNING] - No directed path from ['X11'] to ['X8'].
[2026-04-24 05:25:19,054][dowhy.causal_model][INFO] - Model to find the causal effect of treatment ['X11'] on outcome ['X9']
[2026-04-24 05:25:19,054][dowhy.causal_identifier.auto_identifier][WARNING] - No directed path from treatment to outcome. Causal Effect is zero.
[2026-04-24 05:25:19,054][dowhy.causal_model][INFO] - linear_regression
[2026-04-24 05:25:19,054][dowhy.causal_estimator][INFO] - INFO: Using Linear Regression Estimator
[2026-04-24 05:25:19,054][dowhy.causal_estimator][WARNING] - No directed path from ['X11'] to ['X9'].
[2026-04-24 05:25:19,056][dowhy.causal_model][INFO] - Model to find the causal effect of treatment ['X11'] on outcome ['X10']
[2026-04-24 05:25:19,056][dowhy.causal_identifier.auto_identifier][WARNING] - No directed path from treatment to outcome. Causal Effect is zero.
[2026-04-24 05:25:19,056][dowhy.causal_model][INFO] - linear_regression
[2026-04-24 05:25:19,057][dowhy.causal_estimator][INFO] - INFO: Using Linear Regression Estimator
[2026-04-24 05:25:19,057][dowhy.causal_estimator][WARNING] - No directed path from ['X11'] to ['X10'].
[2026-04-24 05:25:19,114][dowhy.causal_model][INFO] - Model to find the causal effect of treatment ['X0'] on outcome ['X1']
[2026-04-24 05:25:19,114][dowhy.causal_identifier.auto_identifier][WARNING] - No directed path from treatment to outcome. Causal Effect is zero.
[2026-04-24 05:25:19,114][dowhy.causal_model][INFO] - linear_regression
[2026-04-24 05:25:19,114][dowhy.causal_estimator][INFO] - INFO: Using Linear Regression Estimator
[2026-04-24 05:25:19,114][dowhy.causal_estimator][WARNING] - No directed path from ['X0'] to ['X1'].
[2026-04-24 05:25:19,116][dowhy.causal_model][INFO] - Model to find the causal effect of treatment ['X0'] on outcome ['X2']
[2026-04-24 05:25:19,116][dowhy.causal_identifier.auto_identifier][WARNING] - No directed path from treatment to outcome. Causal Effect is zero.
[2026-04-24 05:25:19,116][dowhy.causal_model][INFO] - linear_regression
[2026-04-24 05:25:19,116][dowhy.causal_estimator][INFO] - INFO: Using Linear Regression Estimator
[2026-04-24 05:25:19,116][dowhy.causal_estimator][WARNING] - No directed path from ['X0'] to ['X2'].
[2026-04-24 05:25:19,118][dowhy.causal_model][INFO] - Model to find the causal effect of treatment ['X0'] on outcome ['X3']
[2026-04-24 05:25:19,118][dowhy.causal_identifier.auto_identifier][WARNING] - No directed path from treatment to outcome. Causal Effect is zero.
[2026-04-24 05:25:19,118][dowhy.causal_model][INFO] - linear_regression
[2026-04-24 05:25:19,118][dowhy.causal_estimator][INFO] - INFO: Using Linear Regression Estimator
[2026-04-24 05:25:19,118][dowhy.causal_estimator][WARNING] - No directed path from ['X0'] to ['X3'].
[2026-04-24 05:25:19,120][dowhy.causal_model][INFO] - Model to find the causal effect of treatment ['X0'] on outcome ['X4']
[2026-04-24 05:25:19,120][dowhy.causal_identifier.auto_identifier][WARNING] - No directed path from treatment to outcome. Causal Effect is zero.
[2026-04-24 05:25:19,120][dowhy.causal_model][INFO] - linear_regression
[2026-04-24 05:25:19,120][dowhy.causal_estimator][INFO] - INFO: Using Linear Regression Estimator
[2026-04-24 05:25:19,120][dowhy.causal_estimator][WARNING] - No directed path from ['X0'] to ['X4'].
[2026-04-24 05:25:19,121][dowhy.causal_model][INFO] - Model to find the causal effect of treatment ['X0'] on outcome ['X5']
[2026-04-24 05:25:19,123][dowhy.causal_identifier.auto_identifier][INFO] - Causal effect can be identified.
[2026-04-24 05:25:19,123][dowhy.causal_identifier.auto_identifier][INFO] - Instrumental variables for treatment and outcome:[]
[2026-04-24 05:25:19,123][dowhy.causal_identifier.auto_identifier][INFO] - Frontdoor variables for treatment and outcome:[]
[2026-04-24 05:25:19,123][dowhy.causal_model][INFO] - linear_regression
[2026-04-24 05:25:19,123][dowhy.causal_estimator][INFO] - INFO: Using Linear Regression Estimator
[2026-04-24 05:25:19,124][dowhy.causal_estimator][INFO] - b: X5~X0+X0*X1
[2026-04-24 05:25:19,131][dowhy.causal_model][INFO] - Model to find the causal effect of treatment ['X0'] on outcome ['X6']
[2026-04-24 05:25:19,132][dowhy.causal_identifier.auto_identifier][INFO] - Causal effect can be identified.
[2026-04-24 05:25:19,133][dowhy.causal_identifier.auto_identifier][INFO] - Instrumental variables for treatment and outcome:[]
[2026-04-24 05:25:19,133][dowhy.causal_identifier.auto_identifier][INFO] - Frontdoor variables for treatment and outcome:[]
[2026-04-24 05:25:19,133][dowhy.causal_model][INFO] - linear_regression
[2026-04-24 05:25:19,133][dowhy.causal_estimator][INFO] - INFO: Using Linear Regression Estimator
[2026-04-24 05:25:19,134][dowhy.causal_estimator][INFO] - b: X6~X0+X0*X1
[2026-04-24 05:25:19,141][dowhy.causal_model][INFO] - Model to find the causal effect of treatment ['X0'] on outcome ['X7']
[2026-04-24 05:25:19,142][dowhy.causal_identifier.auto_identifier][INFO] - Causal effect can be identified.
[2026-04-24 05:25:19,143][dowhy.causal_identifier.auto_identifier][INFO] - Instrumental variables for treatment and outcome:[]
[2026-04-24 05:25:19,144][dowhy.causal_identifier.auto_identifier][INFO] - Frontdoor variables for treatment and outcome:['X5', 'X9', 'X6']
[2026-04-24 05:25:19,146][dowhy.causal_identifier.auto_identifier][INFO] - Causal effect can be identified.
[2026-04-24 05:25:19,148][dowhy.causal_identifier.auto_identifier][INFO] - Causal effect can be identified.
[2026-04-24 05:25:19,148][dowhy.causal_model][INFO] - linear_regression
[2026-04-24 05:25:19,148][dowhy.causal_estimator][INFO] - INFO: Using Linear Regression Estimator
[2026-04-24 05:25:19,149][dowhy.causal_estimator][INFO] - b: X7~X0+X0*X3+X0*X1+X0*X2
[2026-04-24 05:25:19,156][dowhy.causal_model][INFO] - Model to find the causal effect of treatment ['X0'] on outcome ['X8']
[2026-04-24 05:25:19,157][dowhy.causal_identifier.auto_identifier][INFO] - Causal effect can be identified.
[2026-04-24 05:25:19,158][dowhy.causal_identifier.auto_identifier][INFO] - Instrumental variables for treatment and outcome:[]
[2026-04-24 05:25:19,162][dowhy.causal_identifier.auto_identifier][INFO] - Frontdoor variables for treatment and outcome:['X9', 'X5', 'X6']
[2026-04-24 05:25:19,164][dowhy.causal_identifier.auto_identifier][INFO] - Causal effect can be identified.
[2026-04-24 05:25:19,165][dowhy.causal_identifier.auto_identifier][INFO] - Causal effect can be identified.
[2026-04-24 05:25:19,166][dowhy.causal_model][INFO] - linear_regression
[2026-04-24 05:25:19,166][dowhy.causal_estimator][INFO] - INFO: Using Linear Regression Estimator
[2026-04-24 05:25:19,166][dowhy.causal_estimator][INFO] - b: X8~X0+X0*X3+X0*X1+X0*X2
[2026-04-24 05:25:19,175][dowhy.causal_model][INFO] - Model to find the causal effect of treatment ['X0'] on outcome ['X9']
[2026-04-24 05:25:19,176][dowhy.causal_identifier.auto_identifier][INFO] - Causal effect can be identified.
[2026-04-24 05:25:19,176][dowhy.causal_identifier.auto_identifier][INFO] - Instrumental variables for treatment and outcome:[]
[2026-04-24 05:25:19,182][dowhy.causal_identifier.auto_identifier][INFO] - Frontdoor variables for treatment and outcome:[]
[2026-04-24 05:25:19,183][dowhy.causal_model][INFO] - linear_regression
[2026-04-24 05:25:19,183][dowhy.causal_estimator][INFO] - INFO: Using Linear Regression Estimator
[2026-04-24 05:25:19,183][dowhy.causal_estimator][INFO] - b: X9~X0+X0*X1
[2026-04-24 05:25:19,192][dowhy.causal_model][INFO] - Model to find the causal effect of treatment ['X0'] on outcome ['X10']
[2026-04-24 05:25:19,193][dowhy.causal_identifier.auto_identifier][INFO] - Causal effect can be identified.
[2026-04-24 05:25:19,194][dowhy.causal_identifier.auto_identifier][INFO] - Instrumental variables for treatment and outcome:[]
[2026-04-24 05:25:19,203][dowhy.causal_identifier.auto_identifier][INFO] - Frontdoor variables for treatment and outcome:['X9', 'X5', 'X6']
[2026-04-24 05:25:19,205][dowhy.causal_identifier.auto_identifier][INFO] - Causal effect can be identified.
[2026-04-24 05:25:19,207][dowhy.causal_identifier.auto_identifier][INFO] - Causal effect can be identified.
[2026-04-24 05:25:19,208][dowhy.causal_model][INFO] - linear_regression
[2026-04-24 05:25:19,208][dowhy.causal_estimator][INFO] - INFO: Using Linear Regression Estimator
[2026-04-24 05:25:19,208][dowhy.causal_estimator][INFO] - b: X10~X0+X0*X3+X0*X1+X0*X2
[2026-04-24 05:25:19,217][dowhy.causal_model][INFO] - Model to find the causal effect of treatment ['X0'] on outcome ['X11']
[2026-04-24 05:25:19,219][dowhy.causal_identifier.auto_identifier][INFO] - Causal effect can be identified.
[2026-04-24 05:25:19,220][dowhy.causal_identifier.auto_identifier][INFO] - Instrumental variables for treatment and outcome:[]
[2026-04-24 05:25:19,222][dowhy.causal_identifier.auto_identifier][INFO] - Frontdoor variables for treatment and outcome:['X9', 'X10', 'X8', 'X5', 'X7', 'X6']
[2026-04-24 05:25:19,224][dowhy.causal_identifier.auto_identifier][INFO] - Causal effect can be identified.
[2026-04-24 05:25:19,226][dowhy.causal_identifier.auto_identifier][INFO] - Causal effect can be identified.
[2026-04-24 05:25:19,227][dowhy.causal_model][INFO] - linear_regression
[2026-04-24 05:25:19,227][dowhy.causal_estimator][INFO] - INFO: Using Linear Regression Estimator
[2026-04-24 05:25:19,228][dowhy.causal_estimator][INFO] - b: X11~X0+X0*X3+X0*X1+X0*X4+X0*X2
[2026-04-24 05:25:19,280][dowhy.causal_model][INFO] - Model to find the causal effect of treatment ['X1'] on outcome ['X0']
[2026-04-24 05:25:19,280][dowhy.causal_identifier.auto_identifier][WARNING] - No directed path from treatment to outcome. Causal Effect is zero.
[2026-04-24 05:25:19,280][dowhy.causal_model][INFO] - linear_regression
[2026-04-24 05:25:19,280][dowhy.causal_estimator][INFO] - INFO: Using Linear Regression Estimator
[2026-04-24 05:25:19,280][dowhy.causal_estimator][WARNING] - No directed path from ['X1'] to ['X0'].
[2026-04-24 05:25:19,282][dowhy.causal_model][INFO] - Model to find the causal effect of treatment ['X1'] on outcome ['X2']
[2026-04-24 05:25:19,282][dowhy.causal_identifier.auto_identifier][WARNING] - No directed path from treatment to outcome. Causal Effect is zero.
[2026-04-24 05:25:19,282][dowhy.causal_model][INFO] - linear_regression
[2026-04-24 05:25:19,282][dowhy.causal_estimator][INFO] - INFO: Using Linear Regression Estimator
[2026-04-24 05:25:19,282][dowhy.causal_estimator][WARNING] - No directed path from ['X1'] to ['X2'].
[2026-04-24 05:25:19,284][dowhy.causal_model][INFO] - Model to find the causal effect of treatment ['X1'] on outcome ['X3']
[2026-04-24 05:25:19,284][dowhy.causal_identifier.auto_identifier][WARNING] - No directed path from treatment to outcome. Causal Effect is zero.
[2026-04-24 05:25:19,284][dowhy.causal_model][INFO] - linear_regression
[2026-04-24 05:25:19,284][dowhy.causal_estimator][INFO] - INFO: Using Linear Regression Estimator
[2026-04-24 05:25:19,284][dowhy.causal_estimator][WARNING] - No directed path from ['X1'] to ['X3'].
[2026-04-24 05:25:19,286][dowhy.causal_model][INFO] - Model to find the causal effect of treatment ['X1'] on outcome ['X4']
[2026-04-24 05:25:19,286][dowhy.causal_identifier.auto_identifier][WARNING] - No directed path from treatment to outcome. Causal Effect is zero.
[2026-04-24 05:25:19,286][dowhy.causal_model][INFO] - linear_regression
[2026-04-24 05:25:19,286][dowhy.causal_estimator][INFO] - INFO: Using Linear Regression Estimator
[2026-04-24 05:25:19,286][dowhy.causal_estimator][WARNING] - No directed path from ['X1'] to ['X4'].
[2026-04-24 05:25:19,288][dowhy.causal_model][INFO] - Model to find the causal effect of treatment ['X1'] on outcome ['X5']
[2026-04-24 05:25:19,290][dowhy.causal_identifier.auto_identifier][INFO] - Causal effect can be identified.
[2026-04-24 05:25:19,290][dowhy.causal_identifier.auto_identifier][INFO] - Instrumental variables for treatment and outcome:[]
[2026-04-24 05:25:19,290][dowhy.causal_identifier.auto_identifier][INFO] - Frontdoor variables for treatment and outcome:[]
[2026-04-24 05:25:19,290][dowhy.causal_model][INFO] - linear_regression
[2026-04-24 05:25:19,290][dowhy.causal_estimator][INFO] - INFO: Using Linear Regression Estimator
[2026-04-24 05:25:19,291][dowhy.causal_estimator][INFO] - b: X5~X1+X1*X0
[2026-04-24 05:25:19,299][dowhy.causal_model][INFO] - Model to find the causal effect of treatment ['X1'] on outcome ['X6']
[2026-04-24 05:25:19,300][dowhy.causal_identifier.auto_identifier][INFO] - Causal effect can be identified.
[2026-04-24 05:25:19,300][dowhy.causal_identifier.auto_identifier][INFO] - Instrumental variables for treatment and outcome:[]
[2026-04-24 05:25:19,301][dowhy.causal_identifier.auto_identifier][INFO] - Frontdoor variables for treatment and outcome:[]
[2026-04-24 05:25:19,301][dowhy.causal_model][INFO] - linear_regression
[2026-04-24 05:25:19,301][dowhy.causal_estimator][INFO] - INFO: Using Linear Regression Estimator
[2026-04-24 05:25:19,301][dowhy.causal_estimator][INFO] - b: X6~X1+X1*X0
[2026-04-24 05:25:19,308][dowhy.causal_model][INFO] - Model to find the causal effect of treatment ['X1'] on outcome ['X7']
[2026-04-24 05:25:19,310][dowhy.causal_identifier.auto_identifier][INFO] - Causal effect can be identified.
[2026-04-24 05:25:19,310][dowhy.causal_identifier.auto_identifier][INFO] - Instrumental variables for treatment and outcome:[]
[2026-04-24 05:25:19,312][dowhy.causal_identifier.auto_identifier][INFO] - Frontdoor variables for treatment and outcome:['X5', 'X9', 'X6']
[2026-04-24 05:25:19,313][dowhy.causal_identifier.auto_identifier][INFO] - Causal effect can be identified.
[2026-04-24 05:25:19,315][dowhy.causal_identifier.auto_identifier][INFO] - Causal effect can be identified.
[2026-04-24 05:25:19,316][dowhy.causal_model][INFO] - linear_regression
[2026-04-24 05:25:19,316][dowhy.causal_estimator][INFO] - INFO: Using Linear Regression Estimator
[2026-04-24 05:25:19,316][dowhy.causal_estimator][INFO] - b: X7~X1+X1*X3+X1*X0+X1*X2
[2026-04-24 05:25:19,324][dowhy.causal_model][INFO] - Model to find the causal effect of treatment ['X1'] on outcome ['X8']
[2026-04-24 05:25:19,325][dowhy.causal_identifier.auto_identifier][INFO] - Causal effect can be identified.
[2026-04-24 05:25:19,326][dowhy.causal_identifier.auto_identifier][INFO] - Instrumental variables for treatment and outcome:[]
[2026-04-24 05:25:19,330][dowhy.causal_identifier.auto_identifier][INFO] - Frontdoor variables for treatment and outcome:['X9', 'X5', 'X6']
[2026-04-24 05:25:19,331][dowhy.causal_identifier.auto_identifier][INFO] - Causal effect can be identified.
[2026-04-24 05:25:19,333][dowhy.causal_identifier.auto_identifier][INFO] - Causal effect can be identified.
[2026-04-24 05:25:19,334][dowhy.causal_model][INFO] - linear_regression
[2026-04-24 05:25:19,334][dowhy.causal_estimator][INFO] - INFO: Using Linear Regression Estimator
[2026-04-24 05:25:19,334][dowhy.causal_estimator][INFO] - b: X8~X1+X1*X3+X1*X0+X1*X2
[2026-04-24 05:25:19,342][dowhy.causal_model][INFO] - Model to find the causal effect of treatment ['X1'] on outcome ['X9']
[2026-04-24 05:25:19,343][dowhy.causal_identifier.auto_identifier][INFO] - Causal effect can be identified.
[2026-04-24 05:25:19,343][dowhy.causal_identifier.auto_identifier][INFO] - Instrumental variables for treatment and outcome:[]
[2026-04-24 05:25:19,349][dowhy.causal_identifier.auto_identifier][INFO] - Frontdoor variables for treatment and outcome:[]
[2026-04-24 05:25:19,350][dowhy.causal_model][INFO] - linear_regression
[2026-04-24 05:25:19,350][dowhy.causal_estimator][INFO] - INFO: Using Linear Regression Estimator
[2026-04-24 05:25:19,350][dowhy.causal_estimator][INFO] - b: X9~X1+X1*X0
[2026-04-24 05:25:19,357][dowhy.causal_model][INFO] - Model to find the causal effect of treatment ['X1'] on outcome ['X10']
[2026-04-24 05:25:19,358][dowhy.causal_identifier.auto_identifier][INFO] - Causal effect can be identified.
[2026-04-24 05:25:19,359][dowhy.causal_identifier.auto_identifier][INFO] - Instrumental variables for treatment and outcome:[]
[2026-04-24 05:25:19,368][dowhy.causal_identifier.auto_identifier][INFO] - Frontdoor variables for treatment and outcome:['X9', 'X5', 'X6']
[2026-04-24 05:25:19,369][dowhy.causal_identifier.auto_identifier][INFO] - Causal effect can be identified.
[2026-04-24 05:25:19,371][dowhy.causal_identifier.auto_identifier][INFO] - Causal effect can be identified.
[2026-04-24 05:25:19,372][dowhy.causal_model][INFO] - linear_regression
[2026-04-24 05:25:19,372][dowhy.causal_estimator][INFO] - INFO: Using Linear Regression Estimator
[2026-04-24 05:25:19,372][dowhy.causal_estimator][INFO] - b: X10~X1+X1*X3+X1*X0+X1*X2
[2026-04-24 05:25:19,380][dowhy.causal_model][INFO] - Model to find the causal effect of treatment ['X1'] on outcome ['X11']
[2026-04-24 05:25:19,381][dowhy.causal_identifier.auto_identifier][INFO] - Causal effect can be identified.
[2026-04-24 05:25:19,382][dowhy.causal_identifier.auto_identifier][INFO] - Instrumental variables for treatment and outcome:[]
[2026-04-24 05:25:19,384][dowhy.causal_identifier.auto_identifier][INFO] - Frontdoor variables for treatment and outcome:['X9', 'X10', 'X8', 'X5', 'X7', 'X6']
[2026-04-24 05:25:19,386][dowhy.causal_identifier.auto_identifier][INFO] - Causal effect can be identified.
[2026-04-24 05:25:19,388][dowhy.causal_identifier.auto_identifier][INFO] - Causal effect can be identified.
[2026-04-24 05:25:19,389][dowhy.causal_model][INFO] - linear_regression
[2026-04-24 05:25:19,389][dowhy.causal_estimator][INFO] - INFO: Using Linear Regression Estimator
[2026-04-24 05:25:19,390][dowhy.causal_estimator][INFO] - b: X11~X1+X1*X3+X1*X4+X1*X2+X1*X0
[2026-04-24 05:25:19,435][dowhy.causal_model][INFO] - Model to find the causal effect of treatment ['X2'] on outcome ['X0']
[2026-04-24 05:25:19,435][dowhy.causal_identifier.auto_identifier][WARNING] - No directed path from treatment to outcome. Causal Effect is zero.
[2026-04-24 05:25:19,435][dowhy.causal_model][INFO] - linear_regression
[2026-04-24 05:25:19,435][dowhy.causal_estimator][INFO] - INFO: Using Linear Regression Estimator
[2026-04-24 05:25:19,435][dowhy.causal_estimator][WARNING] - No directed path from ['X2'] to ['X0'].
[2026-04-24 05:25:19,437][dowhy.causal_model][INFO] - Model to find the causal effect of treatment ['X2'] on outcome ['X1']
[2026-04-24 05:25:19,437][dowhy.causal_identifier.auto_identifier][WARNING] - No directed path from treatment to outcome. Causal Effect is zero.
[2026-04-24 05:25:19,437][dowhy.causal_model][INFO] - linear_regression
[2026-04-24 05:25:19,437][dowhy.causal_estimator][INFO] - INFO: Using Linear Regression Estimator
[2026-04-24 05:25:19,437][dowhy.causal_estimator][WARNING] - No directed path from ['X2'] to ['X1'].
[2026-04-24 05:25:19,439][dowhy.causal_model][INFO] - Model to find the causal effect of treatment ['X2'] on outcome ['X3']
[2026-04-24 05:25:19,439][dowhy.causal_identifier.auto_identifier][WARNING] - No directed path from treatment to outcome. Causal Effect is zero.
[2026-04-24 05:25:19,439][dowhy.causal_model][INFO] - linear_regression
[2026-04-24 05:25:19,439][dowhy.causal_estimator][INFO] - INFO: Using Linear Regression Estimator
[2026-04-24 05:25:19,439][dowhy.causal_estimator][WARNING] - No directed path from ['X2'] to ['X3'].
[2026-04-24 05:25:19,441][dowhy.causal_model][INFO] - Model to find the causal effect of treatment ['X2'] on outcome ['X4']
[2026-04-24 05:25:19,441][dowhy.causal_identifier.auto_identifier][WARNING] - No directed path from treatment to outcome. Causal Effect is zero.
[2026-04-24 05:25:19,441][dowhy.causal_model][INFO] - linear_regression
[2026-04-24 05:25:19,441][dowhy.causal_estimator][INFO] - INFO: Using Linear Regression Estimator
[2026-04-24 05:25:19,441][dowhy.causal_estimator][WARNING] - No directed path from ['X2'] to ['X4'].
[2026-04-24 05:25:19,443][dowhy.causal_model][INFO] - Model to find the causal effect of treatment ['X2'] on outcome ['X5']
[2026-04-24 05:25:19,443][dowhy.causal_identifier.auto_identifier][WARNING] - No directed path from treatment to outcome. Causal Effect is zero.
[2026-04-24 05:25:19,443][dowhy.causal_model][INFO] - linear_regression
[2026-04-24 05:25:19,443][dowhy.causal_estimator][INFO] - INFO: Using Linear Regression Estimator
[2026-04-24 05:25:19,443][dowhy.causal_estimator][WARNING] - No directed path from ['X2'] to ['X5'].
[2026-04-24 05:25:19,445][dowhy.causal_model][INFO] - Model to find the causal effect of treatment ['X2'] on outcome ['X6']
[2026-04-24 05:25:19,445][dowhy.causal_identifier.auto_identifier][WARNING] - No directed path from treatment to outcome. Causal Effect is zero.
[2026-04-24 05:25:19,445][dowhy.causal_model][INFO] - linear_regression
[2026-04-24 05:25:19,445][dowhy.causal_estimator][INFO] - INFO: Using Linear Regression Estimator
[2026-04-24 05:25:19,445][dowhy.causal_estimator][WARNING] - No directed path from ['X2'] to ['X6'].
[2026-04-24 05:25:19,447][dowhy.causal_model][INFO] - Model to find the causal effect of treatment ['X2'] on outcome ['X7']
[2026-04-24 05:25:19,449][dowhy.causal_identifier.auto_identifier][INFO] - Causal effect can be identified.
[2026-04-24 05:25:19,450][dowhy.causal_identifier.auto_identifier][INFO] - Instrumental variables for treatment and outcome:[]
[2026-04-24 05:25:19,450][dowhy.causal_identifier.auto_identifier][INFO] - Frontdoor variables for treatment and outcome:[]
[2026-04-24 05:25:19,451][dowhy.causal_model][INFO] - linear_regression
[2026-04-24 05:25:19,451][dowhy.causal_estimator][INFO] - INFO: Using Linear Regression Estimator
[2026-04-24 05:25:19,451][dowhy.causal_estimator][INFO] - b: X7~X2+X2*X3+X2*X1+X2*X5+X2*X0+X2*X6
[2026-04-24 05:25:19,460][dowhy.causal_model][INFO] - Model to find the causal effect of treatment ['X2'] on outcome ['X8']
[2026-04-24 05:25:19,462][dowhy.causal_identifier.auto_identifier][INFO] - Causal effect can be identified.
[2026-04-24 05:25:19,463][dowhy.causal_identifier.auto_identifier][INFO] - Instrumental variables for treatment and outcome:[]
[2026-04-24 05:25:19,463][dowhy.causal_identifier.auto_identifier][INFO] - Frontdoor variables for treatment and outcome:[]
[2026-04-24 05:25:19,463][dowhy.causal_model][INFO] - linear_regression
[2026-04-24 05:25:19,463][dowhy.causal_estimator][INFO] - INFO: Using Linear Regression Estimator
[2026-04-24 05:25:19,464][dowhy.causal_estimator][INFO] - b: X8~X2+X2*X3+X2*X1+X2*X5+X2*X0+X2*X6
[2026-04-24 05:25:19,473][dowhy.causal_model][INFO] - Model to find the causal effect of treatment ['X2'] on outcome ['X9']
[2026-04-24 05:25:19,473][dowhy.causal_identifier.auto_identifier][WARNING] - No directed path from treatment to outcome. Causal Effect is zero.
[2026-04-24 05:25:19,473][dowhy.causal_model][INFO] - linear_regression
[2026-04-24 05:25:19,473][dowhy.causal_estimator][INFO] - INFO: Using Linear Regression Estimator
[2026-04-24 05:25:19,473][dowhy.causal_estimator][WARNING] - No directed path from ['X2'] to ['X9'].
[2026-04-24 05:25:19,475][dowhy.causal_model][INFO] - Model to find the causal effect of treatment ['X2'] on outcome ['X10']
[2026-04-24 05:25:19,478][dowhy.causal_identifier.auto_identifier][INFO] - Causal effect can be identified.
[2026-04-24 05:25:19,479][dowhy.causal_identifier.auto_identifier][INFO] - Instrumental variables for treatment and outcome:[]
[2026-04-24 05:25:19,479][dowhy.causal_identifier.auto_identifier][INFO] - Frontdoor variables for treatment and outcome:[]
[2026-04-24 05:25:19,479][dowhy.causal_model][INFO] - linear_regression
[2026-04-24 05:25:19,479][dowhy.causal_estimator][INFO] - INFO: Using Linear Regression Estimator
[2026-04-24 05:25:19,480][dowhy.causal_estimator][INFO] - b: X10~X2+X2*X3+X2*X1+X2*X5+X2*X0+X2*X6
[2026-04-24 05:25:19,489][dowhy.causal_model][INFO] - Model to find the causal effect of treatment ['X2'] on outcome ['X11']
[2026-04-24 05:25:19,491][dowhy.causal_identifier.auto_identifier][INFO] - Causal effect can be identified.
[2026-04-24 05:25:19,492][dowhy.causal_identifier.auto_identifier][INFO] - Instrumental variables for treatment and outcome:[]
[2026-04-24 05:25:19,494][dowhy.causal_identifier.auto_identifier][INFO] - Frontdoor variables for treatment and outcome:['X10', 'X7', 'X8']
[2026-04-24 05:25:19,496][dowhy.causal_identifier.auto_identifier][INFO] - Causal effect can be identified.
[2026-04-24 05:25:19,499][dowhy.causal_identifier.auto_identifier][INFO] - Causal effect can be identified.
[2026-04-24 05:25:19,501][dowhy.causal_model][INFO] - linear_regression
[2026-04-24 05:25:19,501][dowhy.causal_estimator][INFO] - INFO: Using Linear Regression Estimator
[2026-04-24 05:25:19,501][dowhy.causal_estimator][INFO] - b: X11~X2+X2*X3+X2*X4+X2*X1+X2*X5+X2*X0+X2*X6
[2026-04-24 05:25:19,546][dowhy.causal_model][INFO] - Model to find the causal effect of treatment ['X3'] on outcome ['X0']
[2026-04-24 05:25:19,546][dowhy.causal_identifier.auto_identifier][WARNING] - No directed path from treatment to outcome. Causal Effect is zero.
[2026-04-24 05:25:19,546][dowhy.causal_model][INFO] - linear_regression
[2026-04-24 05:25:19,546][dowhy.causal_estimator][INFO] - INFO: Using Linear Regression Estimator
[2026-04-24 05:25:19,546][dowhy.causal_estimator][WARNING] - No directed path from ['X3'] to ['X0'].
[2026-04-24 05:25:19,548][dowhy.causal_model][INFO] - Model to find the causal effect of treatment ['X3'] on outcome ['X1']
[2026-04-24 05:25:19,548][dowhy.causal_identifier.auto_identifier][WARNING] - No directed path from treatment to outcome. Causal Effect is zero.
[2026-04-24 05:25:19,548][dowhy.causal_model][INFO] - linear_regression
[2026-04-24 05:25:19,548][dowhy.causal_estimator][INFO] - INFO: Using Linear Regression Estimator
[2026-04-24 05:25:19,548][dowhy.causal_estimator][WARNING] - No directed path from ['X3'] to ['X1'].
[2026-04-24 05:25:19,550][dowhy.causal_model][INFO] - Model to find the causal effect of treatment ['X3'] on outcome ['X2']
[2026-04-24 05:25:19,550][dowhy.causal_identifier.auto_identifier][WARNING] - No directed path from treatment to outcome. Causal Effect is zero.
[2026-04-24 05:25:19,550][dowhy.causal_model][INFO] - linear_regression
[2026-04-24 05:25:19,550][dowhy.causal_estimator][INFO] - INFO: Using Linear Regression Estimator
[2026-04-24 05:25:19,550][dowhy.causal_estimator][WARNING] - No directed path from ['X3'] to ['X2'].
[2026-04-24 05:25:19,552][dowhy.causal_model][INFO] - Model to find the causal effect of treatment ['X3'] on outcome ['X4']
[2026-04-24 05:25:19,552][dowhy.causal_identifier.auto_identifier][WARNING] - No directed path from treatment to outcome. Causal Effect is zero.
[2026-04-24 05:25:19,552][dowhy.causal_model][INFO] - linear_regression
[2026-04-24 05:25:19,552][dowhy.causal_estimator][INFO] - INFO: Using Linear Regression Estimator
[2026-04-24 05:25:19,552][dowhy.causal_estimator][WARNING] - No directed path from ['X3'] to ['X4'].
[2026-04-24 05:25:19,553][dowhy.causal_model][INFO] - Model to find the causal effect of treatment ['X3'] on outcome ['X5']
[2026-04-24 05:25:19,553][dowhy.causal_identifier.auto_identifier][WARNING] - No directed path from treatment to outcome. Causal Effect is zero.
[2026-04-24 05:25:19,553][dowhy.causal_model][INFO] - linear_regression
[2026-04-24 05:25:19,554][dowhy.causal_estimator][INFO] - INFO: Using Linear Regression Estimator
[2026-04-24 05:25:19,554][dowhy.causal_estimator][WARNING] - No directed path from ['X3'] to ['X5'].
[2026-04-24 05:25:19,555][dowhy.causal_model][INFO] - Model to find the causal effect of treatment ['X3'] on outcome ['X6']
[2026-04-24 05:25:19,555][dowhy.causal_identifier.auto_identifier][WARNING] - No directed path from treatment to outcome. Causal Effect is zero.
[2026-04-24 05:25:19,555][dowhy.causal_model][INFO] - linear_regression
[2026-04-24 05:25:19,555][dowhy.causal_estimator][INFO] - INFO: Using Linear Regression Estimator
[2026-04-24 05:25:19,555][dowhy.causal_estimator][WARNING] - No directed path from ['X3'] to ['X6'].
[2026-04-24 05:25:19,557][dowhy.causal_model][INFO] - Model to find the causal effect of treatment ['X3'] on outcome ['X7']
[2026-04-24 05:25:19,559][dowhy.causal_identifier.auto_identifier][INFO] - Causal effect can be identified.
[2026-04-24 05:25:19,560][dowhy.causal_identifier.auto_identifier][INFO] - Instrumental variables for treatment and outcome:[]
[2026-04-24 05:25:19,560][dowhy.causal_identifier.auto_identifier][INFO] - Frontdoor variables for treatment and outcome:[]
[2026-04-24 05:25:19,560][dowhy.causal_model][INFO] - linear_regression
[2026-04-24 05:25:19,560][dowhy.causal_estimator][INFO] - INFO: Using Linear Regression Estimator
[2026-04-24 05:25:19,560][dowhy.causal_estimator][INFO] - b: X7~X3+X3*X1+X3*X5+X3*X0+X3*X2+X3*X6
[2026-04-24 05:25:19,568][dowhy.causal_model][INFO] - Model to find the causal effect of treatment ['X3'] on outcome ['X8']
[2026-04-24 05:25:19,571][dowhy.causal_identifier.auto_identifier][INFO] - Causal effect can be identified.
[2026-04-24 05:25:19,571][dowhy.causal_identifier.auto_identifier][INFO] - Instrumental variables for treatment and outcome:[]
[2026-04-24 05:25:19,572][dowhy.causal_identifier.auto_identifier][INFO] - Frontdoor variables for treatment and outcome:[]
[2026-04-24 05:25:19,572][dowhy.causal_model][INFO] - linear_regression
[2026-04-24 05:25:19,572][dowhy.causal_estimator][INFO] - INFO: Using Linear Regression Estimator
[2026-04-24 05:25:19,572][dowhy.causal_estimator][INFO] - b: X8~X3+X3*X1+X3*X5+X3*X0+X3*X2+X3*X6
[2026-04-24 05:25:19,580][dowhy.causal_model][INFO] - Model to find the causal effect of treatment ['X3'] on outcome ['X9']
[2026-04-24 05:25:19,580][dowhy.causal_identifier.auto_identifier][WARNING] - No directed path from treatment to outcome. Causal Effect is zero.
[2026-04-24 05:25:19,580][dowhy.causal_model][INFO] - linear_regression
[2026-04-24 05:25:19,580][dowhy.causal_estimator][INFO] - INFO: Using Linear Regression Estimator
[2026-04-24 05:25:19,580][dowhy.causal_estimator][WARNING] - No directed path from ['X3'] to ['X9'].
[2026-04-24 05:25:19,582][dowhy.causal_model][INFO] - Model to find the causal effect of treatment ['X3'] on outcome ['X10']
[2026-04-24 05:25:19,584][dowhy.causal_identifier.auto_identifier][INFO] - Causal effect can be identified.
[2026-04-24 05:25:19,585][dowhy.causal_identifier.auto_identifier][INFO] - Instrumental variables for treatment and outcome:[]
[2026-04-24 05:25:19,586][dowhy.causal_identifier.auto_identifier][INFO] - Frontdoor variables for treatment and outcome:[]
[2026-04-24 05:25:19,586][dowhy.causal_model][INFO] - linear_regression
[2026-04-24 05:25:19,586][dowhy.causal_estimator][INFO] - INFO: Using Linear Regression Estimator
[2026-04-24 05:25:19,586][dowhy.causal_estimator][INFO] - b: X10~X3+X3*X1+X3*X5+X3*X0+X3*X2+X3*X6
[2026-04-24 05:25:19,594][dowhy.causal_model][INFO] - Model to find the causal effect of treatment ['X3'] on outcome ['X11']
[2026-04-24 05:25:19,597][dowhy.causal_identifier.auto_identifier][INFO] - Causal effect can be identified.
[2026-04-24 05:25:19,598][dowhy.causal_identifier.auto_identifier][INFO] - Instrumental variables for treatment and outcome:[]
[2026-04-24 05:25:19,599][dowhy.causal_identifier.auto_identifier][INFO] - Frontdoor variables for treatment and outcome:['X10', 'X7', 'X8']
[2026-04-24 05:25:19,602][dowhy.causal_identifier.auto_identifier][INFO] - Causal effect can be identified.
[2026-04-24 05:25:19,605][dowhy.causal_identifier.auto_identifier][INFO] - Causal effect can be identified.
[2026-04-24 05:25:19,606][dowhy.causal_model][INFO] - linear_regression
[2026-04-24 05:25:19,606][dowhy.causal_estimator][INFO] - INFO: Using Linear Regression Estimator
[2026-04-24 05:25:19,607][dowhy.causal_estimator][INFO] - b: X11~X3+X3*X4+X3*X1+X3*X0+X3*X5+X3*X2+X3*X6
[2026-04-24 05:25:19,652][dowhy.causal_model][INFO] - Model to find the causal effect of treatment ['X4'] on outcome ['X0']
[2026-04-24 05:25:19,652][dowhy.causal_identifier.auto_identifier][WARNING] - No directed path from treatment to outcome. Causal Effect is zero.
[2026-04-24 05:25:19,652][dowhy.causal_model][INFO] - linear_regression
[2026-04-24 05:25:19,652][dowhy.causal_estimator][INFO] - INFO: Using Linear Regression Estimator
[2026-04-24 05:25:19,652][dowhy.causal_estimator][WARNING] - No directed path from ['X4'] to ['X0'].
[2026-04-24 05:25:19,654][dowhy.causal_model][INFO] - Model to find the causal effect of treatment ['X4'] on outcome ['X1']
[2026-04-24 05:25:19,654][dowhy.causal_identifier.auto_identifier][WARNING] - No directed path from treatment to outcome. Causal Effect is zero.
[2026-04-24 05:25:19,654][dowhy.causal_model][INFO] - linear_regression
[2026-04-24 05:25:19,654][dowhy.causal_estimator][INFO] - INFO: Using Linear Regression Estimator
[2026-04-24 05:25:19,654][dowhy.causal_estimator][WARNING] - No directed path from ['X4'] to ['X1'].
[2026-04-24 05:25:19,656][dowhy.causal_model][INFO] - Model to find the causal effect of treatment ['X4'] on outcome ['X2']
[2026-04-24 05:25:19,656][dowhy.causal_identifier.auto_identifier][WARNING] - No directed path from treatment to outcome. Causal Effect is zero.
[2026-04-24 05:25:19,656][dowhy.causal_model][INFO] - linear_regression
[2026-04-24 05:25:19,656][dowhy.causal_estimator][INFO] - INFO: Using Linear Regression Estimator
[2026-04-24 05:25:19,656][dowhy.causal_estimator][WARNING] - No directed path from ['X4'] to ['X2'].
[2026-04-24 05:25:19,658][dowhy.causal_model][INFO] - Model to find the causal effect of treatment ['X4'] on outcome ['X3']
[2026-04-24 05:25:19,658][dowhy.causal_identifier.auto_identifier][WARNING] - No directed path from treatment to outcome. Causal Effect is zero.
[2026-04-24 05:25:19,658][dowhy.causal_model][INFO] - linear_regression
[2026-04-24 05:25:19,658][dowhy.causal_estimator][INFO] - INFO: Using Linear Regression Estimator
[2026-04-24 05:25:19,658][dowhy.causal_estimator][WARNING] - No directed path from ['X4'] to ['X3'].
[2026-04-24 05:25:19,660][dowhy.causal_model][INFO] - Model to find the causal effect of treatment ['X4'] on outcome ['X5']
[2026-04-24 05:25:19,660][dowhy.causal_identifier.auto_identifier][WARNING] - No directed path from treatment to outcome. Causal Effect is zero.
[2026-04-24 05:25:19,660][dowhy.causal_model][INFO] - linear_regression
[2026-04-24 05:25:19,660][dowhy.causal_estimator][INFO] - INFO: Using Linear Regression Estimator
[2026-04-24 05:25:19,660][dowhy.causal_estimator][WARNING] - No directed path from ['X4'] to ['X5'].
[2026-04-24 05:25:19,662][dowhy.causal_model][INFO] - Model to find the causal effect of treatment ['X4'] on outcome ['X6']
[2026-04-24 05:25:19,662][dowhy.causal_identifier.auto_identifier][WARNING] - No directed path from treatment to outcome. Causal Effect is zero.
[2026-04-24 05:25:19,662][dowhy.causal_model][INFO] - linear_regression
[2026-04-24 05:25:19,662][dowhy.causal_estimator][INFO] - INFO: Using Linear Regression Estimator
[2026-04-24 05:25:19,662][dowhy.causal_estimator][WARNING] - No directed path from ['X4'] to ['X6'].
[2026-04-24 05:25:19,664][dowhy.causal_model][INFO] - Model to find the causal effect of treatment ['X4'] on outcome ['X7']
[2026-04-24 05:25:19,664][dowhy.causal_identifier.auto_identifier][WARNING] - No directed path from treatment to outcome. Causal Effect is zero.
[2026-04-24 05:25:19,664][dowhy.causal_model][INFO] - linear_regression
[2026-04-24 05:25:19,664][dowhy.causal_estimator][INFO] - INFO: Using Linear Regression Estimator
[2026-04-24 05:25:19,664][dowhy.causal_estimator][WARNING] - No directed path from ['X4'] to ['X7'].
[2026-04-24 05:25:19,666][dowhy.causal_model][INFO] - Model to find the causal effect of treatment ['X4'] on outcome ['X8']
[2026-04-24 05:25:19,666][dowhy.causal_identifier.auto_identifier][WARNING] - No directed path from treatment to outcome. Causal Effect is zero.
[2026-04-24 05:25:19,666][dowhy.causal_model][INFO] - linear_regression
[2026-04-24 05:25:19,666][dowhy.causal_estimator][INFO] - INFO: Using Linear Regression Estimator
[2026-04-24 05:25:19,666][dowhy.causal_estimator][WARNING] - No directed path from ['X4'] to ['X8'].
[2026-04-24 05:25:19,668][dowhy.causal_model][INFO] - Model to find the causal effect of treatment ['X4'] on outcome ['X9']
[2026-04-24 05:25:19,668][dowhy.causal_identifier.auto_identifier][WARNING] - No directed path from treatment to outcome. Causal Effect is zero.
[2026-04-24 05:25:19,668][dowhy.causal_model][INFO] - linear_regression
[2026-04-24 05:25:19,668][dowhy.causal_estimator][INFO] - INFO: Using Linear Regression Estimator
[2026-04-24 05:25:19,668][dowhy.causal_estimator][WARNING] - No directed path from ['X4'] to ['X9'].
[2026-04-24 05:25:19,670][dowhy.causal_model][INFO] - Model to find the causal effect of treatment ['X4'] on outcome ['X10']
[2026-04-24 05:25:19,670][dowhy.causal_identifier.auto_identifier][WARNING] - No directed path from treatment to outcome. Causal Effect is zero.
[2026-04-24 05:25:19,670][dowhy.causal_model][INFO] - linear_regression
[2026-04-24 05:25:19,670][dowhy.causal_estimator][INFO] - INFO: Using Linear Regression Estimator
[2026-04-24 05:25:19,670][dowhy.causal_estimator][WARNING] - No directed path from ['X4'] to ['X10'].
[2026-04-24 05:25:19,672][dowhy.causal_model][INFO] - Model to find the causal effect of treatment ['X4'] on outcome ['X11']
[2026-04-24 05:25:19,676][dowhy.causal_identifier.auto_identifier][INFO] - Causal effect can be identified.
[2026-04-24 05:25:19,677][dowhy.causal_identifier.auto_identifier][INFO] - Instrumental variables for treatment and outcome:[]
[2026-04-24 05:25:19,677][dowhy.causal_identifier.auto_identifier][INFO] - Frontdoor variables for treatment and outcome:[]
[2026-04-24 05:25:19,677][dowhy.causal_model][INFO] - linear_regression
[2026-04-24 05:25:19,677][dowhy.causal_estimator][INFO] - INFO: Using Linear Regression Estimator
[2026-04-24 05:25:19,678][dowhy.causal_estimator][INFO] - b: X11~X4+X4*X1+X4*X2+X4*X3+X4*X7+X4*X8+X4*X5+X4*X0+X4*X6
[2026-04-24 05:25:19,724][dowhy.causal_model][INFO] - Model to find the causal effect of treatment ['X5'] on outcome ['X0']
[2026-04-24 05:25:19,724][dowhy.causal_identifier.auto_identifier][WARNING] - No directed path from treatment to outcome. Causal Effect is zero.
[2026-04-24 05:25:19,724][dowhy.causal_model][INFO] - linear_regression
[2026-04-24 05:25:19,724][dowhy.causal_estimator][INFO] - INFO: Using Linear Regression Estimator
[2026-04-24 05:25:19,724][dowhy.causal_estimator][WARNING] - No directed path from ['X5'] to ['X0'].
[2026-04-24 05:25:19,726][dowhy.causal_model][INFO] - Model to find the causal effect of treatment ['X5'] on outcome ['X1']
[2026-04-24 05:25:19,726][dowhy.causal_identifier.auto_identifier][WARNING] - No directed path from treatment to outcome. Causal Effect is zero.
[2026-04-24 05:25:19,726][dowhy.causal_model][INFO] - linear_regression
[2026-04-24 05:25:19,726][dowhy.causal_estimator][INFO] - INFO: Using Linear Regression Estimator
[2026-04-24 05:25:19,726][dowhy.causal_estimator][WARNING] - No directed path from ['X5'] to ['X1'].
[2026-04-24 05:25:19,728][dowhy.causal_model][INFO] - Model to find the causal effect of treatment ['X5'] on outcome ['X2']
[2026-04-24 05:25:19,728][dowhy.causal_identifier.auto_identifier][WARNING] - No directed path from treatment to outcome. Causal Effect is zero.
[2026-04-24 05:25:19,728][dowhy.causal_model][INFO] - linear_regression
[2026-04-24 05:25:19,728][dowhy.causal_estimator][INFO] - INFO: Using Linear Regression Estimator
[2026-04-24 05:25:19,728][dowhy.causal_estimator][WARNING] - No directed path from ['X5'] to ['X2'].
[2026-04-24 05:25:19,729][dowhy.causal_model][INFO] - Model to find the causal effect of treatment ['X5'] on outcome ['X3']
[2026-04-24 05:25:19,729][dowhy.causal_identifier.auto_identifier][WARNING] - No directed path from treatment to outcome. Causal Effect is zero.
[2026-04-24 05:25:19,729][dowhy.causal_model][INFO] - linear_regression
[2026-04-24 05:25:19,730][dowhy.causal_estimator][INFO] - INFO: Using Linear Regression Estimator
[2026-04-24 05:25:19,730][dowhy.causal_estimator][WARNING] - No directed path from ['X5'] to ['X3'].
[2026-04-24 05:25:19,731][dowhy.causal_model][INFO] - Model to find the causal effect of treatment ['X5'] on outcome ['X4']
[2026-04-24 05:25:19,731][dowhy.causal_identifier.auto_identifier][WARNING] - No directed path from treatment to outcome. Causal Effect is zero.
[2026-04-24 05:25:19,731][dowhy.causal_model][INFO] - linear_regression
[2026-04-24 05:25:19,731][dowhy.causal_estimator][INFO] - INFO: Using Linear Regression Estimator
[2026-04-24 05:25:19,731][dowhy.causal_estimator][WARNING] - No directed path from ['X5'] to ['X4'].
[2026-04-24 05:25:19,733][dowhy.causal_model][INFO] - Model to find the causal effect of treatment ['X5'] on outcome ['X6']
[2026-04-24 05:25:19,734][dowhy.causal_identifier.auto_identifier][INFO] - Causal effect can be identified.
[2026-04-24 05:25:19,735][dowhy.causal_identifier.auto_identifier][INFO] - Instrumental variables for treatment and outcome:['X0']
[2026-04-24 05:25:19,735][dowhy.causal_identifier.auto_identifier][INFO] - Frontdoor variables for treatment and outcome:[]
[2026-04-24 05:25:19,735][dowhy.causal_model][INFO] - linear_regression
[2026-04-24 05:25:19,735][dowhy.causal_estimator][INFO] - INFO: Using Linear Regression Estimator
[2026-04-24 05:25:19,736][dowhy.causal_estimator][INFO] - b: X6~X5+X1
[2026-04-24 05:25:19,743][dowhy.causal_model][INFO] - Model to find the causal effect of treatment ['X5'] on outcome ['X7']
[2026-04-24 05:25:19,745][dowhy.causal_identifier.auto_identifier][INFO] - Causal effect can be identified.
[2026-04-24 05:25:19,745][dowhy.causal_identifier.auto_identifier][INFO] - Instrumental variables for treatment and outcome:['X0']
[2026-04-24 05:25:19,746][dowhy.causal_identifier.auto_identifier][INFO] - Frontdoor variables for treatment and outcome:[]
[2026-04-24 05:25:19,746][dowhy.causal_model][INFO] - linear_regression
[2026-04-24 05:25:19,746][dowhy.causal_estimator][INFO] - INFO: Using Linear Regression Estimator
[2026-04-24 05:25:19,747][dowhy.causal_estimator][INFO] - b: X7~X5+X1+X5*X3+X5*X2
[2026-04-24 05:25:19,755][dowhy.causal_model][INFO] - Model to find the causal effect of treatment ['X5'] on outcome ['X8']
[2026-04-24 05:25:19,757][dowhy.causal_identifier.auto_identifier][INFO] - Causal effect can be identified.
[2026-04-24 05:25:19,757][dowhy.causal_identifier.auto_identifier][INFO] - Instrumental variables for treatment and outcome:['X0']
[2026-04-24 05:25:19,760][dowhy.causal_identifier.auto_identifier][INFO] - Frontdoor variables for treatment and outcome:[]
[2026-04-24 05:25:19,760][dowhy.causal_model][INFO] - linear_regression
[2026-04-24 05:25:19,760][dowhy.causal_estimator][INFO] - INFO: Using Linear Regression Estimator
[2026-04-24 05:25:19,761][dowhy.causal_estimator][INFO] - b: X8~X5+X1+X5*X3+X5*X2
[2026-04-24 05:25:19,769][dowhy.causal_model][INFO] - Model to find the causal effect of treatment ['X5'] on outcome ['X9']
[2026-04-24 05:25:19,771][dowhy.causal_identifier.auto_identifier][INFO] - Causal effect can be identified.
[2026-04-24 05:25:19,771][dowhy.causal_identifier.auto_identifier][INFO] - Instrumental variables for treatment and outcome:['X1']
[2026-04-24 05:25:19,774][dowhy.causal_identifier.auto_identifier][INFO] - Frontdoor variables for treatment and outcome:[]
[2026-04-24 05:25:19,774][dowhy.causal_model][INFO] - linear_regression
[2026-04-24 05:25:19,774][dowhy.causal_estimator][INFO] - INFO: Using Linear Regression Estimator
[2026-04-24 05:25:19,774][dowhy.causal_estimator][INFO] - b: X9~X5+X0
[2026-04-24 05:25:19,782][dowhy.causal_model][INFO] - Model to find the causal effect of treatment ['X5'] on outcome ['X10']
[2026-04-24 05:25:19,783][dowhy.causal_identifier.auto_identifier][INFO] - Causal effect can be identified.
[2026-04-24 05:25:19,784][dowhy.causal_identifier.auto_identifier][INFO] - Instrumental variables for treatment and outcome:['X0']
[2026-04-24 05:25:19,789][dowhy.causal_identifier.auto_identifier][INFO] - Frontdoor variables for treatment and outcome:[]
[2026-04-24 05:25:19,789][dowhy.causal_model][INFO] - linear_regression
[2026-04-24 05:25:19,789][dowhy.causal_estimator][INFO] - INFO: Using Linear Regression Estimator
[2026-04-24 05:25:19,789][dowhy.causal_estimator][INFO] - b: X10~X5+X1+X5*X3+X5*X2
[2026-04-24 05:25:19,798][dowhy.causal_model][INFO] - Model to find the causal effect of treatment ['X5'] on outcome ['X11']
[2026-04-24 05:25:19,800][dowhy.causal_identifier.auto_identifier][INFO] - Causal effect can be identified.
[2026-04-24 05:25:19,800][dowhy.causal_identifier.auto_identifier][INFO] - Instrumental variables for treatment and outcome:['X0']
[2026-04-24 05:25:19,806][dowhy.causal_identifier.auto_identifier][INFO] - Frontdoor variables for treatment and outcome:[]
[2026-04-24 05:25:19,806][dowhy.causal_model][INFO] - linear_regression
[2026-04-24 05:25:19,806][dowhy.causal_estimator][INFO] - INFO: Using Linear Regression Estimator
[2026-04-24 05:25:19,807][dowhy.causal_estimator][INFO] - b: X11~X5+X1+X5*X3+X5*X4+X5*X2
[2026-04-24 05:25:19,856][dowhy.causal_model][INFO] - Model to find the causal effect of treatment ['X6'] on outcome ['X0']
[2026-04-24 05:25:19,856][dowhy.causal_identifier.auto_identifier][WARNING] - No directed path from treatment to outcome. Causal Effect is zero.
[2026-04-24 05:25:19,856][dowhy.causal_model][INFO] - linear_regression
[2026-04-24 05:25:19,856][dowhy.causal_estimator][INFO] - INFO: Using Linear Regression Estimator
[2026-04-24 05:25:19,856][dowhy.causal_estimator][WARNING] - No directed path from ['X6'] to ['X0'].
[2026-04-24 05:25:19,858][dowhy.causal_model][INFO] - Model to find the causal effect of treatment ['X6'] on outcome ['X1']
[2026-04-24 05:25:19,858][dowhy.causal_identifier.auto_identifier][WARNING] - No directed path from treatment to outcome. Causal Effect is zero.
[2026-04-24 05:25:19,859][dowhy.causal_model][INFO] - linear_regression
[2026-04-24 05:25:19,859][dowhy.causal_estimator][INFO] - INFO: Using Linear Regression Estimator
[2026-04-24 05:25:19,859][dowhy.causal_estimator][WARNING] - No directed path from ['X6'] to ['X1'].
[2026-04-24 05:25:19,860][dowhy.causal_model][INFO] - Model to find the causal effect of treatment ['X6'] on outcome ['X2']
[2026-04-24 05:25:19,860][dowhy.causal_identifier.auto_identifier][WARNING] - No directed path from treatment to outcome. Causal Effect is zero.
[2026-04-24 05:25:19,861][dowhy.causal_model][INFO] - linear_regression
[2026-04-24 05:25:19,861][dowhy.causal_estimator][INFO] - INFO: Using Linear Regression Estimator
[2026-04-24 05:25:19,861][dowhy.causal_estimator][WARNING] - No directed path from ['X6'] to ['X2'].
[2026-04-24 05:25:19,862][dowhy.causal_model][INFO] - Model to find the causal effect of treatment ['X6'] on outcome ['X3']
[2026-04-24 05:25:19,862][dowhy.causal_identifier.auto_identifier][WARNING] - No directed path from treatment to outcome. Causal Effect is zero.
[2026-04-24 05:25:19,863][dowhy.causal_model][INFO] - linear_regression
[2026-04-24 05:25:19,863][dowhy.causal_estimator][INFO] - INFO: Using Linear Regression Estimator
[2026-04-24 05:25:19,863][dowhy.causal_estimator][WARNING] - No directed path from ['X6'] to ['X3'].
[2026-04-24 05:25:19,864][dowhy.causal_model][INFO] - Model to find the causal effect of treatment ['X6'] on outcome ['X4']
[2026-04-24 05:25:19,864][dowhy.causal_identifier.auto_identifier][WARNING] - No directed path from treatment to outcome. Causal Effect is zero.
[2026-04-24 05:25:19,864][dowhy.causal_model][INFO] - linear_regression
[2026-04-24 05:25:19,864][dowhy.causal_estimator][INFO] - INFO: Using Linear Regression Estimator
[2026-04-24 05:25:19,864][dowhy.causal_estimator][WARNING] - No directed path from ['X6'] to ['X4'].
[2026-04-24 05:25:19,866][dowhy.causal_model][INFO] - Model to find the causal effect of treatment ['X6'] on outcome ['X5']
[2026-04-24 05:25:19,866][dowhy.causal_identifier.auto_identifier][WARNING] - No directed path from treatment to outcome. Causal Effect is zero.
[2026-04-24 05:25:19,866][dowhy.causal_model][INFO] - linear_regression
[2026-04-24 05:25:19,866][dowhy.causal_estimator][INFO] - INFO: Using Linear Regression Estimator
[2026-04-24 05:25:19,866][dowhy.causal_estimator][WARNING] - No directed path from ['X6'] to ['X5'].
[2026-04-24 05:25:19,868][dowhy.causal_model][INFO] - Model to find the causal effect of treatment ['X6'] on outcome ['X7']
[2026-04-24 05:25:19,870][dowhy.causal_identifier.auto_identifier][INFO] - Causal effect can be identified.
[2026-04-24 05:25:19,871][dowhy.causal_identifier.auto_identifier][INFO] - Instrumental variables for treatment and outcome:['X5', 'X1']
[2026-04-24 05:25:19,872][dowhy.causal_identifier.auto_identifier][INFO] - Frontdoor variables for treatment and outcome:[]
[2026-04-24 05:25:19,872][dowhy.causal_model][INFO] - linear_regression
[2026-04-24 05:25:19,872][dowhy.causal_estimator][INFO] - INFO: Using Linear Regression Estimator
[2026-04-24 05:25:19,872][dowhy.causal_estimator][INFO] - b: X7~X6+X6*X3+X6*X2
[2026-04-24 05:25:19,880][dowhy.causal_model][INFO] - Model to find the causal effect of treatment ['X6'] on outcome ['X8']
[2026-04-24 05:25:19,883][dowhy.causal_identifier.auto_identifier][INFO] - Causal effect can be identified.
[2026-04-24 05:25:19,884][dowhy.causal_identifier.auto_identifier][INFO] - Instrumental variables for treatment and outcome:['X5', 'X1']
[2026-04-24 05:25:19,884][dowhy.causal_identifier.auto_identifier][INFO] - Frontdoor variables for treatment and outcome:[]
[2026-04-24 05:25:19,884][dowhy.causal_model][INFO] - linear_regression
[2026-04-24 05:25:19,884][dowhy.causal_estimator][INFO] - INFO: Using Linear Regression Estimator
[2026-04-24 05:25:19,885][dowhy.causal_estimator][INFO] - b: X8~X6+X6*X3+X6*X2
[2026-04-24 05:25:19,892][dowhy.causal_model][INFO] - Model to find the causal effect of treatment ['X6'] on outcome ['X9']
[2026-04-24 05:25:19,892][dowhy.causal_identifier.auto_identifier][WARNING] - No directed path from treatment to outcome. Causal Effect is zero.
[2026-04-24 05:25:19,893][dowhy.causal_model][INFO] - linear_regression
[2026-04-24 05:25:19,893][dowhy.causal_estimator][INFO] - INFO: Using Linear Regression Estimator
[2026-04-24 05:25:19,893][dowhy.causal_estimator][WARNING] - No directed path from ['X6'] to ['X9'].
[2026-04-24 05:25:19,894][dowhy.causal_model][INFO] - Model to find the causal effect of treatment ['X6'] on outcome ['X10']
[2026-04-24 05:25:19,897][dowhy.causal_identifier.auto_identifier][INFO] - Causal effect can be identified.
[2026-04-24 05:25:19,898][dowhy.causal_identifier.auto_identifier][INFO] - Instrumental variables for treatment and outcome:['X5', 'X1']
[2026-04-24 05:25:19,899][dowhy.causal_identifier.auto_identifier][INFO] - Frontdoor variables for treatment and outcome:[]
[2026-04-24 05:25:19,899][dowhy.causal_model][INFO] - linear_regression
[2026-04-24 05:25:19,899][dowhy.causal_estimator][INFO] - INFO: Using Linear Regression Estimator
[2026-04-24 05:25:19,899][dowhy.causal_estimator][INFO] - b: X10~X6+X6*X3+X6*X2
[2026-04-24 05:25:19,907][dowhy.causal_model][INFO] - Model to find the causal effect of treatment ['X6'] on outcome ['X11']
[2026-04-24 05:25:19,910][dowhy.causal_identifier.auto_identifier][INFO] - Causal effect can be identified.
[2026-04-24 05:25:19,911][dowhy.causal_identifier.auto_identifier][INFO] - Instrumental variables for treatment and outcome:['X5', 'X1']
[2026-04-24 05:25:19,912][dowhy.causal_identifier.auto_identifier][INFO] - Frontdoor variables for treatment and outcome:['X10', 'X7', 'X8']
[2026-04-24 05:25:19,915][dowhy.causal_identifier.auto_identifier][INFO] - Causal effect can be identified.
[2026-04-24 05:25:19,918][dowhy.causal_identifier.auto_identifier][INFO] - Causal effect can be identified.
[2026-04-24 05:25:19,919][dowhy.causal_model][INFO] - linear_regression
[2026-04-24 05:25:19,919][dowhy.causal_estimator][INFO] - INFO: Using Linear Regression Estimator
[2026-04-24 05:25:19,920][dowhy.causal_estimator][INFO] - b: X11~X6+X6*X3+X6*X4+X6*X2
[2026-04-24 05:25:19,963][dowhy.causal_model][INFO] - Model to find the causal effect of treatment ['X7'] on outcome ['X0']
[2026-04-24 05:25:19,963][dowhy.causal_identifier.auto_identifier][WARNING] - No directed path from treatment to outcome. Causal Effect is zero.
[2026-04-24 05:25:19,963][dowhy.causal_model][INFO] - linear_regression
[2026-04-24 05:25:19,963][dowhy.causal_estimator][INFO] - INFO: Using Linear Regression Estimator
[2026-04-24 05:25:19,963][dowhy.causal_estimator][WARNING] - No directed path from ['X7'] to ['X0'].
[2026-04-24 05:25:19,965][dowhy.causal_model][INFO] - Model to find the causal effect of treatment ['X7'] on outcome ['X1']
[2026-04-24 05:25:19,965][dowhy.causal_identifier.auto_identifier][WARNING] - No directed path from treatment to outcome. Causal Effect is zero.
[2026-04-24 05:25:19,965][dowhy.causal_model][INFO] - linear_regression
[2026-04-24 05:25:19,965][dowhy.causal_estimator][INFO] - INFO: Using Linear Regression Estimator
[2026-04-24 05:25:19,965][dowhy.causal_estimator][WARNING] - No directed path from ['X7'] to ['X1'].
[2026-04-24 05:25:19,967][dowhy.causal_model][INFO] - Model to find the causal effect of treatment ['X7'] on outcome ['X2']
[2026-04-24 05:25:19,967][dowhy.causal_identifier.auto_identifier][WARNING] - No directed path from treatment to outcome. Causal Effect is zero.
[2026-04-24 05:25:19,967][dowhy.causal_model][INFO] - linear_regression
[2026-04-24 05:25:19,967][dowhy.causal_estimator][INFO] - INFO: Using Linear Regression Estimator
[2026-04-24 05:25:19,967][dowhy.causal_estimator][WARNING] - No directed path from ['X7'] to ['X2'].
[2026-04-24 05:25:19,968][dowhy.causal_model][INFO] - Model to find the causal effect of treatment ['X7'] on outcome ['X3']
[2026-04-24 05:25:19,968][dowhy.causal_identifier.auto_identifier][WARNING] - No directed path from treatment to outcome. Causal Effect is zero.
[2026-04-24 05:25:19,968][dowhy.causal_model][INFO] - linear_regression
[2026-04-24 05:25:19,968][dowhy.causal_estimator][INFO] - INFO: Using Linear Regression Estimator
[2026-04-24 05:25:19,969][dowhy.causal_estimator][WARNING] - No directed path from ['X7'] to ['X3'].
[2026-04-24 05:25:19,970][dowhy.causal_model][INFO] - Model to find the causal effect of treatment ['X7'] on outcome ['X4']
[2026-04-24 05:25:19,970][dowhy.causal_identifier.auto_identifier][WARNING] - No directed path from treatment to outcome. Causal Effect is zero.
[2026-04-24 05:25:19,970][dowhy.causal_model][INFO] - linear_regression
[2026-04-24 05:25:19,970][dowhy.causal_estimator][INFO] - INFO: Using Linear Regression Estimator
[2026-04-24 05:25:19,970][dowhy.causal_estimator][WARNING] - No directed path from ['X7'] to ['X4'].
[2026-04-24 05:25:19,972][dowhy.causal_model][INFO] - Model to find the causal effect of treatment ['X7'] on outcome ['X5']
[2026-04-24 05:25:19,972][dowhy.causal_identifier.auto_identifier][WARNING] - No directed path from treatment to outcome. Causal Effect is zero.
[2026-04-24 05:25:19,972][dowhy.causal_model][INFO] - linear_regression
[2026-04-24 05:25:19,972][dowhy.causal_estimator][INFO] - INFO: Using Linear Regression Estimator
[2026-04-24 05:25:19,972][dowhy.causal_estimator][WARNING] - No directed path from ['X7'] to ['X5'].
[2026-04-24 05:25:19,974][dowhy.causal_model][INFO] - Model to find the causal effect of treatment ['X7'] on outcome ['X6']
[2026-04-24 05:25:19,974][dowhy.causal_identifier.auto_identifier][WARNING] - No directed path from treatment to outcome. Causal Effect is zero.
[2026-04-24 05:25:19,974][dowhy.causal_model][INFO] - linear_regression
[2026-04-24 05:25:19,974][dowhy.causal_estimator][INFO] - INFO: Using Linear Regression Estimator
[2026-04-24 05:25:19,974][dowhy.causal_estimator][WARNING] - No directed path from ['X7'] to ['X6'].
[2026-04-24 05:25:19,976][dowhy.causal_model][INFO] - Model to find the causal effect of treatment ['X7'] on outcome ['X8']
[2026-04-24 05:25:19,978][dowhy.causal_identifier.auto_identifier][INFO] - Causal effect can be identified.
[2026-04-24 05:25:19,978][dowhy.causal_identifier.auto_identifier][INFO] - Instrumental variables for treatment and outcome:['X2', 'X6']
[2026-04-24 05:25:19,979][dowhy.causal_identifier.auto_identifier][INFO] - Frontdoor variables for treatment and outcome:[]
[2026-04-24 05:25:19,979][dowhy.causal_model][INFO] - linear_regression
[2026-04-24 05:25:19,979][dowhy.causal_estimator][INFO] - INFO: Using Linear Regression Estimator
[2026-04-24 05:25:19,979][dowhy.causal_estimator][INFO] - b: X8~X7+X3
[2026-04-24 05:25:19,987][dowhy.causal_model][INFO] - Model to find the causal effect of treatment ['X7'] on outcome ['X9']
[2026-04-24 05:25:19,987][dowhy.causal_identifier.auto_identifier][WARNING] - No directed path from treatment to outcome. Causal Effect is zero.
[2026-04-24 05:25:19,987][dowhy.causal_model][INFO] - linear_regression
[2026-04-24 05:25:19,987][dowhy.causal_estimator][INFO] - INFO: Using Linear Regression Estimator
[2026-04-24 05:25:19,987][dowhy.causal_estimator][WARNING] - No directed path from ['X7'] to ['X9'].
[2026-04-24 05:25:19,989][dowhy.causal_model][INFO] - Model to find the causal effect of treatment ['X7'] on outcome ['X10']
[2026-04-24 05:25:19,991][dowhy.causal_identifier.auto_identifier][INFO] - Causal effect can be identified.
[2026-04-24 05:25:19,992][dowhy.causal_identifier.auto_identifier][INFO] - Instrumental variables for treatment and outcome:['X3', 'X6']
[2026-04-24 05:25:19,992][dowhy.causal_identifier.auto_identifier][INFO] - Frontdoor variables for treatment and outcome:[]
[2026-04-24 05:25:19,992][dowhy.causal_model][INFO] - linear_regression
[2026-04-24 05:25:19,992][dowhy.causal_estimator][INFO] - INFO: Using Linear Regression Estimator
[2026-04-24 05:25:19,993][dowhy.causal_estimator][INFO] - b: X10~X7+X2
[2026-04-24 05:25:20,000][dowhy.causal_model][INFO] - Model to find the causal effect of treatment ['X7'] on outcome ['X11']
[2026-04-24 05:25:20,003][dowhy.causal_identifier.auto_identifier][INFO] - Causal effect can be identified.
[2026-04-24 05:25:20,003][dowhy.causal_identifier.auto_identifier][INFO] - Instrumental variables for treatment and outcome:['X2', 'X6']
[2026-04-24 05:25:20,004][dowhy.causal_identifier.auto_identifier][INFO] - Frontdoor variables for treatment and outcome:[]
[2026-04-24 05:25:20,004][dowhy.causal_model][INFO] - linear_regression
[2026-04-24 05:25:20,004][dowhy.causal_estimator][INFO] - INFO: Using Linear Regression Estimator
[2026-04-24 05:25:20,004][dowhy.causal_estimator][INFO] - b: X11~X7+X3+X7*X4
[2026-04-24 05:25:20,049][dowhy.causal_model][INFO] - Model to find the causal effect of treatment ['X8'] on outcome ['X0']
[2026-04-24 05:25:20,049][dowhy.causal_identifier.auto_identifier][WARNING] - No directed path from treatment to outcome. Causal Effect is zero.
[2026-04-24 05:25:20,050][dowhy.causal_model][INFO] - linear_regression
[2026-04-24 05:25:20,050][dowhy.causal_estimator][INFO] - INFO: Using Linear Regression Estimator
[2026-04-24 05:25:20,050][dowhy.causal_estimator][WARNING] - No directed path from ['X8'] to ['X0'].
[2026-04-24 05:25:20,052][dowhy.causal_model][INFO] - Model to find the causal effect of treatment ['X8'] on outcome ['X1']
[2026-04-24 05:25:20,052][dowhy.causal_identifier.auto_identifier][WARNING] - No directed path from treatment to outcome. Causal Effect is zero.
[2026-04-24 05:25:20,052][dowhy.causal_model][INFO] - linear_regression
[2026-04-24 05:25:20,052][dowhy.causal_estimator][INFO] - INFO: Using Linear Regression Estimator
[2026-04-24 05:25:20,052][dowhy.causal_estimator][WARNING] - No directed path from ['X8'] to ['X1'].
[2026-04-24 05:25:20,054][dowhy.causal_model][INFO] - Model to find the causal effect of treatment ['X8'] on outcome ['X2']
[2026-04-24 05:25:20,054][dowhy.causal_identifier.auto_identifier][WARNING] - No directed path from treatment to outcome. Causal Effect is zero.
[2026-04-24 05:25:20,054][dowhy.causal_model][INFO] - linear_regression
[2026-04-24 05:25:20,054][dowhy.causal_estimator][INFO] - INFO: Using Linear Regression Estimator
[2026-04-24 05:25:20,054][dowhy.causal_estimator][WARNING] - No directed path from ['X8'] to ['X2'].
[2026-04-24 05:25:20,055][dowhy.causal_model][INFO] - Model to find the causal effect of treatment ['X8'] on outcome ['X3']
[2026-04-24 05:25:20,055][dowhy.causal_identifier.auto_identifier][WARNING] - No directed path from treatment to outcome. Causal Effect is zero.
[2026-04-24 05:25:20,056][dowhy.causal_model][INFO] - linear_regression
[2026-04-24 05:25:20,056][dowhy.causal_estimator][INFO] - INFO: Using Linear Regression Estimator
[2026-04-24 05:25:20,056][dowhy.causal_estimator][WARNING] - No directed path from ['X8'] to ['X3'].
[2026-04-24 05:25:20,057][dowhy.causal_model][INFO] - Model to find the causal effect of treatment ['X8'] on outcome ['X4']
[2026-04-24 05:25:20,057][dowhy.causal_identifier.auto_identifier][WARNING] - No directed path from treatment to outcome. Causal Effect is zero.
[2026-04-24 05:25:20,058][dowhy.causal_model][INFO] - linear_regression
[2026-04-24 05:25:20,058][dowhy.causal_estimator][INFO] - INFO: Using Linear Regression Estimator
[2026-04-24 05:25:20,058][dowhy.causal_estimator][WARNING] - No directed path from ['X8'] to ['X4'].
[2026-04-24 05:25:20,059][dowhy.causal_model][INFO] - Model to find the causal effect of treatment ['X8'] on outcome ['X5']
[2026-04-24 05:25:20,059][dowhy.causal_identifier.auto_identifier][WARNING] - No directed path from treatment to outcome. Causal Effect is zero.
[2026-04-24 05:25:20,059][dowhy.causal_model][INFO] - linear_regression
[2026-04-24 05:25:20,059][dowhy.causal_estimator][INFO] - INFO: Using Linear Regression Estimator
[2026-04-24 05:25:20,059][dowhy.causal_estimator][WARNING] - No directed path from ['X8'] to ['X5'].
[2026-04-24 05:25:20,061][dowhy.causal_model][INFO] - Model to find the causal effect of treatment ['X8'] on outcome ['X6']
[2026-04-24 05:25:20,061][dowhy.causal_identifier.auto_identifier][WARNING] - No directed path from treatment to outcome. Causal Effect is zero.
[2026-04-24 05:25:20,061][dowhy.causal_model][INFO] - linear_regression
[2026-04-24 05:25:20,061][dowhy.causal_estimator][INFO] - INFO: Using Linear Regression Estimator
[2026-04-24 05:25:20,062][dowhy.causal_estimator][WARNING] - No directed path from ['X8'] to ['X6'].
[2026-04-24 05:25:20,063][dowhy.causal_model][INFO] - Model to find the causal effect of treatment ['X8'] on outcome ['X7']
[2026-04-24 05:25:20,063][dowhy.causal_identifier.auto_identifier][WARNING] - No directed path from treatment to outcome. Causal Effect is zero.
[2026-04-24 05:25:20,063][dowhy.causal_model][INFO] - linear_regression
[2026-04-24 05:25:20,064][dowhy.causal_estimator][INFO] - INFO: Using Linear Regression Estimator
[2026-04-24 05:25:20,064][dowhy.causal_estimator][WARNING] - No directed path from ['X8'] to ['X7'].
[2026-04-24 05:25:20,065][dowhy.causal_model][INFO] - Model to find the causal effect of treatment ['X8'] on outcome ['X9']
[2026-04-24 05:25:20,066][dowhy.causal_identifier.auto_identifier][WARNING] - No directed path from treatment to outcome. Causal Effect is zero.
[2026-04-24 05:25:20,066][dowhy.causal_model][INFO] - linear_regression
[2026-04-24 05:25:20,066][dowhy.causal_estimator][INFO] - INFO: Using Linear Regression Estimator
[2026-04-24 05:25:20,066][dowhy.causal_estimator][WARNING] - No directed path from ['X8'] to ['X9'].
[2026-04-24 05:25:20,067][dowhy.causal_model][INFO] - Model to find the causal effect of treatment ['X8'] on outcome ['X10']
[2026-04-24 05:25:20,067][dowhy.causal_identifier.auto_identifier][WARNING] - No directed path from treatment to outcome. Causal Effect is zero.
[2026-04-24 05:25:20,067][dowhy.causal_model][INFO] - linear_regression
[2026-04-24 05:25:20,068][dowhy.causal_estimator][INFO] - INFO: Using Linear Regression Estimator
[2026-04-24 05:25:20,068][dowhy.causal_estimator][WARNING] - No directed path from ['X8'] to ['X10'].
[2026-04-24 05:25:20,069][dowhy.causal_model][INFO] - Model to find the causal effect of treatment ['X8'] on outcome ['X11']
[2026-04-24 05:25:20,073][dowhy.causal_identifier.auto_identifier][INFO] - Causal effect can be identified.
[2026-04-24 05:25:20,074][dowhy.causal_identifier.auto_identifier][INFO] - Instrumental variables for treatment and outcome:['X3', 'X7']
[2026-04-24 05:25:20,074][dowhy.causal_identifier.auto_identifier][INFO] - Frontdoor variables for treatment and outcome:[]
[2026-04-24 05:25:20,074][dowhy.causal_model][INFO] - linear_regression
[2026-04-24 05:25:20,074][dowhy.causal_estimator][INFO] - INFO: Using Linear Regression Estimator
[2026-04-24 05:25:20,075][dowhy.causal_estimator][INFO] - b: X11~X8+X8*X4
[2026-04-24 05:25:20,122][dowhy.causal_model][INFO] - Model to find the causal effect of treatment ['X9'] on outcome ['X0']
[2026-04-24 05:25:20,122][dowhy.causal_identifier.auto_identifier][WARNING] - No directed path from treatment to outcome. Causal Effect is zero.
[2026-04-24 05:25:20,122][dowhy.causal_model][INFO] - linear_regression
[2026-04-24 05:25:20,122][dowhy.causal_estimator][INFO] - INFO: Using Linear Regression Estimator
[2026-04-24 05:25:20,122][dowhy.causal_estimator][WARNING] - No directed path from ['X9'] to ['X0'].
[2026-04-24 05:25:20,124][dowhy.causal_model][INFO] - Model to find the causal effect of treatment ['X9'] on outcome ['X1']
[2026-04-24 05:25:20,124][dowhy.causal_identifier.auto_identifier][WARNING] - No directed path from treatment to outcome. Causal Effect is zero.
[2026-04-24 05:25:20,124][dowhy.causal_model][INFO] - linear_regression
[2026-04-24 05:25:20,124][dowhy.causal_estimator][INFO] - INFO: Using Linear Regression Estimator
[2026-04-24 05:25:20,124][dowhy.causal_estimator][WARNING] - No directed path from ['X9'] to ['X1'].
[2026-04-24 05:25:20,126][dowhy.causal_model][INFO] - Model to find the causal effect of treatment ['X9'] on outcome ['X2']
[2026-04-24 05:25:20,126][dowhy.causal_identifier.auto_identifier][WARNING] - No directed path from treatment to outcome. Causal Effect is zero.
[2026-04-24 05:25:20,126][dowhy.causal_model][INFO] - linear_regression
[2026-04-24 05:25:20,126][dowhy.causal_estimator][INFO] - INFO: Using Linear Regression Estimator
[2026-04-24 05:25:20,126][dowhy.causal_estimator][WARNING] - No directed path from ['X9'] to ['X2'].
[2026-04-24 05:25:20,127][dowhy.causal_model][INFO] - Model to find the causal effect of treatment ['X9'] on outcome ['X3']
[2026-04-24 05:25:20,127][dowhy.causal_identifier.auto_identifier][WARNING] - No directed path from treatment to outcome. Causal Effect is zero.
[2026-04-24 05:25:20,127][dowhy.causal_model][INFO] - linear_regression
[2026-04-24 05:25:20,128][dowhy.causal_estimator][INFO] - INFO: Using Linear Regression Estimator
[2026-04-24 05:25:20,128][dowhy.causal_estimator][WARNING] - No directed path from ['X9'] to ['X3'].
[2026-04-24 05:25:20,129][dowhy.causal_model][INFO] - Model to find the causal effect of treatment ['X9'] on outcome ['X4']
[2026-04-24 05:25:20,129][dowhy.causal_identifier.auto_identifier][WARNING] - No directed path from treatment to outcome. Causal Effect is zero.
[2026-04-24 05:25:20,129][dowhy.causal_model][INFO] - linear_regression
[2026-04-24 05:25:20,129][dowhy.causal_estimator][INFO] - INFO: Using Linear Regression Estimator
[2026-04-24 05:25:20,129][dowhy.causal_estimator][WARNING] - No directed path from ['X9'] to ['X4'].
[2026-04-24 05:25:20,131][dowhy.causal_model][INFO] - Model to find the causal effect of treatment ['X9'] on outcome ['X5']
[2026-04-24 05:25:20,131][dowhy.causal_identifier.auto_identifier][WARNING] - No directed path from treatment to outcome. Causal Effect is zero.
[2026-04-24 05:25:20,131][dowhy.causal_model][INFO] - linear_regression
[2026-04-24 05:25:20,131][dowhy.causal_estimator][INFO] - INFO: Using Linear Regression Estimator
[2026-04-24 05:25:20,131][dowhy.causal_estimator][WARNING] - No directed path from ['X9'] to ['X5'].
[2026-04-24 05:25:20,133][dowhy.causal_model][INFO] - Model to find the causal effect of treatment ['X9'] on outcome ['X6']
[2026-04-24 05:25:20,133][dowhy.causal_identifier.auto_identifier][WARNING] - No directed path from treatment to outcome. Causal Effect is zero.
[2026-04-24 05:25:20,133][dowhy.causal_model][INFO] - linear_regression
[2026-04-24 05:25:20,133][dowhy.causal_estimator][INFO] - INFO: Using Linear Regression Estimator
[2026-04-24 05:25:20,133][dowhy.causal_estimator][WARNING] - No directed path from ['X9'] to ['X6'].
[2026-04-24 05:25:20,135][dowhy.causal_model][INFO] - Model to find the causal effect of treatment ['X9'] on outcome ['X7']
[2026-04-24 05:25:20,135][dowhy.causal_identifier.auto_identifier][WARNING] - No directed path from treatment to outcome. Causal Effect is zero.
[2026-04-24 05:25:20,135][dowhy.causal_model][INFO] - linear_regression
[2026-04-24 05:25:20,135][dowhy.causal_estimator][INFO] - INFO: Using Linear Regression Estimator
[2026-04-24 05:25:20,135][dowhy.causal_estimator][WARNING] - No directed path from ['X9'] to ['X7'].
[2026-04-24 05:25:20,137][dowhy.causal_model][INFO] - Model to find the causal effect of treatment ['X9'] on outcome ['X8']
[2026-04-24 05:25:20,137][dowhy.causal_identifier.auto_identifier][WARNING] - No directed path from treatment to outcome. Causal Effect is zero.
[2026-04-24 05:25:20,137][dowhy.causal_model][INFO] - linear_regression
[2026-04-24 05:25:20,137][dowhy.causal_estimator][INFO] - INFO: Using Linear Regression Estimator
[2026-04-24 05:25:20,137][dowhy.causal_estimator][WARNING] - No directed path from ['X9'] to ['X8'].
[2026-04-24 05:25:20,138][dowhy.causal_model][INFO] - Model to find the causal effect of treatment ['X9'] on outcome ['X10']
[2026-04-24 05:25:20,138][dowhy.causal_identifier.auto_identifier][WARNING] - No directed path from treatment to outcome. Causal Effect is zero.
[2026-04-24 05:25:20,138][dowhy.causal_model][INFO] - linear_regression
[2026-04-24 05:25:20,138][dowhy.causal_estimator][INFO] - INFO: Using Linear Regression Estimator
[2026-04-24 05:25:20,139][dowhy.causal_estimator][WARNING] - No directed path from ['X9'] to ['X10'].
[2026-04-24 05:25:20,140][dowhy.causal_model][INFO] - Model to find the causal effect of treatment ['X9'] on outcome ['X11']
[2026-04-24 05:25:20,140][dowhy.causal_identifier.auto_identifier][WARNING] - No directed path from treatment to outcome. Causal Effect is zero.
[2026-04-24 05:25:20,140][dowhy.causal_model][INFO] - linear_regression
[2026-04-24 05:25:20,140][dowhy.causal_estimator][INFO] - INFO: Using Linear Regression Estimator
[2026-04-24 05:25:20,140][dowhy.causal_estimator][WARNING] - No directed path from ['X9'] to ['X11'].
[2026-04-24 05:25:20,174][dowhy.causal_model][INFO] - Model to find the causal effect of treatment ['X10'] on outcome ['X0']
[2026-04-24 05:25:20,174][dowhy.causal_identifier.auto_identifier][WARNING] - No directed path from treatment to outcome. Causal Effect is zero.
[2026-04-24 05:25:20,174][dowhy.causal_model][INFO] - linear_regression
[2026-04-24 05:25:20,174][dowhy.causal_estimator][INFO] - INFO: Using Linear Regression Estimator
[2026-04-24 05:25:20,174][dowhy.causal_estimator][WARNING] - No directed path from ['X10'] to ['X0'].
[2026-04-24 05:25:20,176][dowhy.causal_model][INFO] - Model to find the causal effect of treatment ['X10'] on outcome ['X1']
[2026-04-24 05:25:20,176][dowhy.causal_identifier.auto_identifier][WARNING] - No directed path from treatment to outcome. Causal Effect is zero.
[2026-04-24 05:25:20,176][dowhy.causal_model][INFO] - linear_regression
[2026-04-24 05:25:20,176][dowhy.causal_estimator][INFO] - INFO: Using Linear Regression Estimator
[2026-04-24 05:25:20,176][dowhy.causal_estimator][WARNING] - No directed path from ['X10'] to ['X1'].
[2026-04-24 05:25:20,178][dowhy.causal_model][INFO] - Model to find the causal effect of treatment ['X10'] on outcome ['X2']
[2026-04-24 05:25:20,178][dowhy.causal_identifier.auto_identifier][WARNING] - No directed path from treatment to outcome. Causal Effect is zero.
[2026-04-24 05:25:20,178][dowhy.causal_model][INFO] - linear_regression
[2026-04-24 05:25:20,178][dowhy.causal_estimator][INFO] - INFO: Using Linear Regression Estimator
[2026-04-24 05:25:20,178][dowhy.causal_estimator][WARNING] - No directed path from ['X10'] to ['X2'].
[2026-04-24 05:25:20,179][dowhy.causal_model][INFO] - Model to find the causal effect of treatment ['X10'] on outcome ['X3']
[2026-04-24 05:25:20,179][dowhy.causal_identifier.auto_identifier][WARNING] - No directed path from treatment to outcome. Causal Effect is zero.
[2026-04-24 05:25:20,179][dowhy.causal_model][INFO] - linear_regression
[2026-04-24 05:25:20,179][dowhy.causal_estimator][INFO] - INFO: Using Linear Regression Estimator
[2026-04-24 05:25:20,179][dowhy.causal_estimator][WARNING] - No directed path from ['X10'] to ['X3'].
[2026-04-24 05:25:20,181][dowhy.causal_model][INFO] - Model to find the causal effect of treatment ['X10'] on outcome ['X4']
[2026-04-24 05:25:20,181][dowhy.causal_identifier.auto_identifier][WARNING] - No directed path from treatment to outcome. Causal Effect is zero.
[2026-04-24 05:25:20,181][dowhy.causal_model][INFO] - linear_regression
[2026-04-24 05:25:20,181][dowhy.causal_estimator][INFO] - INFO: Using Linear Regression Estimator
[2026-04-24 05:25:20,181][dowhy.causal_estimator][WARNING] - No directed path from ['X10'] to ['X4'].
[2026-04-24 05:25:20,183][dowhy.causal_model][INFO] - Model to find the causal effect of treatment ['X10'] on outcome ['X5']
[2026-04-24 05:25:20,183][dowhy.causal_identifier.auto_identifier][WARNING] - No directed path from treatment to outcome. Causal Effect is zero.
[2026-04-24 05:25:20,183][dowhy.causal_model][INFO] - linear_regression
[2026-04-24 05:25:20,183][dowhy.causal_estimator][INFO] - INFO: Using Linear Regression Estimator
[2026-04-24 05:25:20,183][dowhy.causal_estimator][WARNING] - No directed path from ['X10'] to ['X5'].
[2026-04-24 05:25:20,185][dowhy.causal_model][INFO] - Model to find the causal effect of treatment ['X10'] on outcome ['X6']
[2026-04-24 05:25:20,185][dowhy.causal_identifier.auto_identifier][WARNING] - No directed path from treatment to outcome. Causal Effect is zero.
[2026-04-24 05:25:20,185][dowhy.causal_model][INFO] - linear_regression
[2026-04-24 05:25:20,185][dowhy.causal_estimator][INFO] - INFO: Using Linear Regression Estimator
[2026-04-24 05:25:20,185][dowhy.causal_estimator][WARNING] - No directed path from ['X10'] to ['X6'].
[2026-04-24 05:25:20,186][dowhy.causal_model][INFO] - Model to find the causal effect of treatment ['X10'] on outcome ['X7']
[2026-04-24 05:25:20,186][dowhy.causal_identifier.auto_identifier][WARNING] - No directed path from treatment to outcome. Causal Effect is zero.
[2026-04-24 05:25:20,187][dowhy.causal_model][INFO] - linear_regression
[2026-04-24 05:25:20,187][dowhy.causal_estimator][INFO] - INFO: Using Linear Regression Estimator
[2026-04-24 05:25:20,187][dowhy.causal_estimator][WARNING] - No directed path from ['X10'] to ['X7'].
[2026-04-24 05:25:20,188][dowhy.causal_model][INFO] - Model to find the causal effect of treatment ['X10'] on outcome ['X8']
[2026-04-24 05:25:20,188][dowhy.causal_identifier.auto_identifier][WARNING] - No directed path from treatment to outcome. Causal Effect is zero.
[2026-04-24 05:25:20,188][dowhy.causal_model][INFO] - linear_regression
[2026-04-24 05:25:20,188][dowhy.causal_estimator][INFO] - INFO: Using Linear Regression Estimator
[2026-04-24 05:25:20,188][dowhy.causal_estimator][WARNING] - No directed path from ['X10'] to ['X8'].
[2026-04-24 05:25:20,190][dowhy.causal_model][INFO] - Model to find the causal effect of treatment ['X10'] on outcome ['X9']
[2026-04-24 05:25:20,190][dowhy.causal_identifier.auto_identifier][WARNING] - No directed path from treatment to outcome. Causal Effect is zero.
[2026-04-24 05:25:20,190][dowhy.causal_model][INFO] - linear_regression
[2026-04-24 05:25:20,190][dowhy.causal_estimator][INFO] - INFO: Using Linear Regression Estimator
[2026-04-24 05:25:20,190][dowhy.causal_estimator][WARNING] - No directed path from ['X10'] to ['X9'].
[2026-04-24 05:25:20,192][dowhy.causal_model][INFO] - Model to find the causal effect of treatment ['X10'] on outcome ['X11']
[2026-04-24 05:25:20,192][dowhy.causal_identifier.auto_identifier][WARNING] - No directed path from treatment to outcome. Causal Effect is zero.
[2026-04-24 05:25:20,192][dowhy.causal_model][INFO] - linear_regression
[2026-04-24 05:25:20,192][dowhy.causal_estimator][INFO] - INFO: Using Linear Regression Estimator
[2026-04-24 05:25:20,192][dowhy.causal_estimator][WARNING] - No directed path from ['X10'] to ['X11'].
[2026-04-24 05:25:20,224][dowhy.causal_model][INFO] - Model to find the causal effect of treatment ['X11'] on outcome ['X0']
[2026-04-24 05:25:20,224][dowhy.causal_identifier.auto_identifier][WARNING] - No directed path from treatment to outcome. Causal Effect is zero.
[2026-04-24 05:25:20,224][dowhy.causal_model][INFO] - linear_regression
[2026-04-24 05:25:20,224][dowhy.causal_estimator][INFO] - INFO: Using Linear Regression Estimator
[2026-04-24 05:25:20,224][dowhy.causal_estimator][WARNING] - No directed path from ['X11'] to ['X0'].
[2026-04-24 05:25:20,225][dowhy.causal_model][INFO] - Model to find the causal effect of treatment ['X11'] on outcome ['X1']
[2026-04-24 05:25:20,226][dowhy.causal_identifier.auto_identifier][WARNING] - No directed path from treatment to outcome. Causal Effect is zero.
[2026-04-24 05:25:20,226][dowhy.causal_model][INFO] - linear_regression
[2026-04-24 05:25:20,226][dowhy.causal_estimator][INFO] - INFO: Using Linear Regression Estimator
[2026-04-24 05:25:20,226][dowhy.causal_estimator][WARNING] - No directed path from ['X11'] to ['X1'].
[2026-04-24 05:25:20,227][dowhy.causal_model][INFO] - Model to find the causal effect of treatment ['X11'] on outcome ['X2']
[2026-04-24 05:25:20,227][dowhy.causal_identifier.auto_identifier][WARNING] - No directed path from treatment to outcome. Causal Effect is zero.
[2026-04-24 05:25:20,227][dowhy.causal_model][INFO] - linear_regression
[2026-04-24 05:25:20,227][dowhy.causal_estimator][INFO] - INFO: Using Linear Regression Estimator
[2026-04-24 05:25:20,228][dowhy.causal_estimator][WARNING] - No directed path from ['X11'] to ['X2'].
[2026-04-24 05:25:20,229][dowhy.causal_model][INFO] - Model to find the causal effect of treatment ['X11'] on outcome ['X3']
[2026-04-24 05:25:20,229][dowhy.causal_identifier.auto_identifier][WARNING] - No directed path from treatment to outcome. Causal Effect is zero.
[2026-04-24 05:25:20,229][dowhy.causal_model][INFO] - linear_regression
[2026-04-24 05:25:20,229][dowhy.causal_estimator][INFO] - INFO: Using Linear Regression Estimator
[2026-04-24 05:25:20,229][dowhy.causal_estimator][WARNING] - No directed path from ['X11'] to ['X3'].
[2026-04-24 05:25:20,231][dowhy.causal_model][INFO] - Model to find the causal effect of treatment ['X11'] on outcome ['X4']
[2026-04-24 05:25:20,231][dowhy.causal_identifier.auto_identifier][WARNING] - No directed path from treatment to outcome. Causal Effect is zero.
[2026-04-24 05:25:20,231][dowhy.causal_model][INFO] - linear_regression
[2026-04-24 05:25:20,231][dowhy.causal_estimator][INFO] - INFO: Using Linear Regression Estimator
[2026-04-24 05:25:20,231][dowhy.causal_estimator][WARNING] - No directed path from ['X11'] to ['X4'].
[2026-04-24 05:25:20,233][dowhy.causal_model][INFO] - Model to find the causal effect of treatment ['X11'] on outcome ['X5']
[2026-04-24 05:25:20,233][dowhy.causal_identifier.auto_identifier][WARNING] - No directed path from treatment to outcome. Causal Effect is zero.
[2026-04-24 05:25:20,233][dowhy.causal_model][INFO] - linear_regression
[2026-04-24 05:25:20,233][dowhy.causal_estimator][INFO] - INFO: Using Linear Regression Estimator
[2026-04-24 05:25:20,233][dowhy.causal_estimator][WARNING] - No directed path from ['X11'] to ['X5'].
[2026-04-24 05:25:20,234][dowhy.causal_model][INFO] - Model to find the causal effect of treatment ['X11'] on outcome ['X6']
[2026-04-24 05:25:20,235][dowhy.causal_identifier.auto_identifier][WARNING] - No directed path from treatment to outcome. Causal Effect is zero.
[2026-04-24 05:25:20,235][dowhy.causal_model][INFO] - linear_regression
[2026-04-24 05:25:20,235][dowhy.causal_estimator][INFO] - INFO: Using Linear Regression Estimator
[2026-04-24 05:25:20,235][dowhy.causal_estimator][WARNING] - No directed path from ['X11'] to ['X6'].
[2026-04-24 05:25:20,236][dowhy.causal_model][INFO] - Model to find the causal effect of treatment ['X11'] on outcome ['X7']
[2026-04-24 05:25:20,236][dowhy.causal_identifier.auto_identifier][WARNING] - No directed path from treatment to outcome. Causal Effect is zero.
[2026-04-24 05:25:20,236][dowhy.causal_model][INFO] - linear_regression
[2026-04-24 05:25:20,236][dowhy.causal_estimator][INFO] - INFO: Using Linear Regression Estimator
[2026-04-24 05:25:20,236][dowhy.causal_estimator][WARNING] - No directed path from ['X11'] to ['X7'].
[2026-04-24 05:25:20,238][dowhy.causal_model][INFO] - Model to find the causal effect of treatment ['X11'] on outcome ['X8']
[2026-04-24 05:25:20,238][dowhy.causal_identifier.auto_identifier][WARNING] - No directed path from treatment to outcome. Causal Effect is zero.
[2026-04-24 05:25:20,238][dowhy.causal_model][INFO] - linear_regression
[2026-04-24 05:25:20,238][dowhy.causal_estimator][INFO] - INFO: Using Linear Regression Estimator
[2026-04-24 05:25:20,238][dowhy.causal_estimator][WARNING] - No directed path from ['X11'] to ['X8'].
[2026-04-24 05:25:20,240][dowhy.causal_model][INFO] - Model to find the causal effect of treatment ['X11'] on outcome ['X9']
[2026-04-24 05:25:20,240][dowhy.causal_identifier.auto_identifier][WARNING] - No directed path from treatment to outcome. Causal Effect is zero.
[2026-04-24 05:25:20,240][dowhy.causal_model][INFO] - linear_regression
[2026-04-24 05:25:20,240][dowhy.causal_estimator][INFO] - INFO: Using Linear Regression Estimator
[2026-04-24 05:25:20,240][dowhy.causal_estimator][WARNING] - No directed path from ['X11'] to ['X9'].
[2026-04-24 05:25:20,242][dowhy.causal_model][INFO] - Model to find the causal effect of treatment ['X11'] on outcome ['X10']
[2026-04-24 05:25:20,242][dowhy.causal_identifier.auto_identifier][WARNING] - No directed path from treatment to outcome. Causal Effect is zero.
[2026-04-24 05:25:20,242][dowhy.causal_model][INFO] - linear_regression
[2026-04-24 05:25:20,242][dowhy.causal_estimator][INFO] - INFO: Using Linear Regression Estimator
[2026-04-24 05:25:20,242][dowhy.causal_estimator][WARNING] - No directed path from ['X11'] to ['X10'].
[2026-04-24 05:25:20,301][dowhy.causal_model][INFO] - Model to find the causal effect of treatment ['X0'] on outcome ['X1']
[2026-04-24 05:25:20,301][dowhy.causal_identifier.auto_identifier][WARNING] - No directed path from treatment to outcome. Causal Effect is zero.
[2026-04-24 05:25:20,301][dowhy.causal_model][INFO] - linear_regression
[2026-04-24 05:25:20,301][dowhy.causal_estimator][INFO] - INFO: Using Linear Regression Estimator
[2026-04-24 05:25:20,301][dowhy.causal_estimator][WARNING] - No directed path from ['X0'] to ['X1'].
[2026-04-24 05:25:20,303][dowhy.causal_model][INFO] - Model to find the causal effect of treatment ['X0'] on outcome ['X2']
[2026-04-24 05:25:20,303][dowhy.causal_identifier.auto_identifier][WARNING] - No directed path from treatment to outcome. Causal Effect is zero.
[2026-04-24 05:25:20,303][dowhy.causal_model][INFO] - linear_regression
[2026-04-24 05:25:20,303][dowhy.causal_estimator][INFO] - INFO: Using Linear Regression Estimator
[2026-04-24 05:25:20,303][dowhy.causal_estimator][WARNING] - No directed path from ['X0'] to ['X2'].
[2026-04-24 05:25:20,305][dowhy.causal_model][INFO] - Model to find the causal effect of treatment ['X0'] on outcome ['X3']
[2026-04-24 05:25:20,305][dowhy.causal_identifier.auto_identifier][WARNING] - No directed path from treatment to outcome. Causal Effect is zero.
[2026-04-24 05:25:20,305][dowhy.causal_model][INFO] - linear_regression
[2026-04-24 05:25:20,305][dowhy.causal_estimator][INFO] - INFO: Using Linear Regression Estimator
[2026-04-24 05:25:20,305][dowhy.causal_estimator][WARNING] - No directed path from ['X0'] to ['X3'].
[2026-04-24 05:25:20,307][dowhy.causal_model][INFO] - Model to find the causal effect of treatment ['X0'] on outcome ['X4']
[2026-04-24 05:25:20,307][dowhy.causal_identifier.auto_identifier][WARNING] - No directed path from treatment to outcome. Causal Effect is zero.
[2026-04-24 05:25:20,307][dowhy.causal_model][INFO] - linear_regression
[2026-04-24 05:25:20,307][dowhy.causal_estimator][INFO] - INFO: Using Linear Regression Estimator
[2026-04-24 05:25:20,307][dowhy.causal_estimator][WARNING] - No directed path from ['X0'] to ['X4'].
[2026-04-24 05:25:20,309][dowhy.causal_model][INFO] - Model to find the causal effect of treatment ['X0'] on outcome ['X5']
[2026-04-24 05:25:20,310][dowhy.causal_identifier.auto_identifier][INFO] - Causal effect can be identified.
[2026-04-24 05:25:20,311][dowhy.causal_identifier.auto_identifier][INFO] - Instrumental variables for treatment and outcome:[]
[2026-04-24 05:25:20,311][dowhy.causal_identifier.auto_identifier][INFO] - Frontdoor variables for treatment and outcome:[]
[2026-04-24 05:25:20,311][dowhy.causal_model][INFO] - linear_regression
[2026-04-24 05:25:20,311][dowhy.causal_estimator][INFO] - INFO: Using Linear Regression Estimator
[2026-04-24 05:25:20,311][dowhy.causal_estimator][INFO] - b: X5~X0+X0*X1
[2026-04-24 05:25:20,320][dowhy.causal_model][INFO] - Model to find the causal effect of treatment ['X0'] on outcome ['X6']
[2026-04-24 05:25:20,321][dowhy.causal_identifier.auto_identifier][INFO] - Causal effect can be identified.
[2026-04-24 05:25:20,321][dowhy.causal_identifier.auto_identifier][INFO] - Instrumental variables for treatment and outcome:[]
[2026-04-24 05:25:20,322][dowhy.causal_identifier.auto_identifier][INFO] - Frontdoor variables for treatment and outcome:[]
[2026-04-24 05:25:20,322][dowhy.causal_model][INFO] - linear_regression
[2026-04-24 05:25:20,322][dowhy.causal_estimator][INFO] - INFO: Using Linear Regression Estimator
[2026-04-24 05:25:20,322][dowhy.causal_estimator][INFO] - b: X6~X0+X0*X1
[2026-04-24 05:25:20,330][dowhy.causal_model][INFO] - Model to find the causal effect of treatment ['X0'] on outcome ['X7']
[2026-04-24 05:25:20,332][dowhy.causal_identifier.auto_identifier][INFO] - Causal effect can be identified.
[2026-04-24 05:25:20,333][dowhy.causal_identifier.auto_identifier][INFO] - Instrumental variables for treatment and outcome:[]
[2026-04-24 05:25:20,334][dowhy.causal_identifier.auto_identifier][INFO] - Frontdoor variables for treatment and outcome:['X5', 'X9', 'X6']
[2026-04-24 05:25:20,335][dowhy.causal_identifier.auto_identifier][INFO] - Causal effect can be identified.
[2026-04-24 05:25:20,337][dowhy.causal_identifier.auto_identifier][INFO] - Causal effect can be identified.
[2026-04-24 05:25:20,338][dowhy.causal_model][INFO] - linear_regression
[2026-04-24 05:25:20,338][dowhy.causal_estimator][INFO] - INFO: Using Linear Regression Estimator
[2026-04-24 05:25:20,339][dowhy.causal_estimator][INFO] - b: X7~X0+X0*X3+X0*X1+X0*X2
[2026-04-24 05:25:20,347][dowhy.causal_model][INFO] - Model to find the causal effect of treatment ['X0'] on outcome ['X8']
[2026-04-24 05:25:20,348][dowhy.causal_identifier.auto_identifier][INFO] - Causal effect can be identified.
[2026-04-24 05:25:20,349][dowhy.causal_identifier.auto_identifier][INFO] - Instrumental variables for treatment and outcome:[]
[2026-04-24 05:25:20,354][dowhy.causal_identifier.auto_identifier][INFO] - Frontdoor variables for treatment and outcome:['X9', 'X5', 'X6']
[2026-04-24 05:25:20,355][dowhy.causal_identifier.auto_identifier][INFO] - Causal effect can be identified.
[2026-04-24 05:25:20,357][dowhy.causal_identifier.auto_identifier][INFO] - Causal effect can be identified.
[2026-04-24 05:25:20,358][dowhy.causal_model][INFO] - linear_regression
[2026-04-24 05:25:20,358][dowhy.causal_estimator][INFO] - INFO: Using Linear Regression Estimator
[2026-04-24 05:25:20,358][dowhy.causal_estimator][INFO] - b: X8~X0+X0*X3+X0*X1+X0*X2
[2026-04-24 05:25:20,366][dowhy.causal_model][INFO] - Model to find the causal effect of treatment ['X0'] on outcome ['X9']
[2026-04-24 05:25:20,368][dowhy.causal_identifier.auto_identifier][INFO] - Causal effect can be identified.
[2026-04-24 05:25:20,368][dowhy.causal_identifier.auto_identifier][INFO] - Instrumental variables for treatment and outcome:[]
[2026-04-24 05:25:20,374][dowhy.causal_identifier.auto_identifier][INFO] - Frontdoor variables for treatment and outcome:[]
[2026-04-24 05:25:20,374][dowhy.causal_model][INFO] - linear_regression
[2026-04-24 05:25:20,374][dowhy.causal_estimator][INFO] - INFO: Using Linear Regression Estimator
[2026-04-24 05:25:20,375][dowhy.causal_estimator][INFO] - b: X9~X0+X0*X1
[2026-04-24 05:25:20,382][dowhy.causal_model][INFO] - Model to find the causal effect of treatment ['X0'] on outcome ['X10']
[2026-04-24 05:25:20,384][dowhy.causal_identifier.auto_identifier][INFO] - Causal effect can be identified.
[2026-04-24 05:25:20,384][dowhy.causal_identifier.auto_identifier][INFO] - Instrumental variables for treatment and outcome:[]
[2026-04-24 05:25:20,393][dowhy.causal_identifier.auto_identifier][INFO] - Frontdoor variables for treatment and outcome:['X9', 'X5', 'X6']
[2026-04-24 05:25:20,395][dowhy.causal_identifier.auto_identifier][INFO] - Causal effect can be identified.
[2026-04-24 05:25:20,397][dowhy.causal_identifier.auto_identifier][INFO] - Causal effect can be identified.
[2026-04-24 05:25:20,397][dowhy.causal_model][INFO] - linear_regression
[2026-04-24 05:25:20,397][dowhy.causal_estimator][INFO] - INFO: Using Linear Regression Estimator
[2026-04-24 05:25:20,398][dowhy.causal_estimator][INFO] - b: X10~X0+X0*X3+X0*X1+X0*X2
[2026-04-24 05:25:20,405][dowhy.causal_model][INFO] - Model to find the causal effect of treatment ['X0'] on outcome ['X11']
[2026-04-24 05:25:20,407][dowhy.causal_identifier.auto_identifier][INFO] - Causal effect can be identified.
[2026-04-24 05:25:20,407][dowhy.causal_identifier.auto_identifier][INFO] - Instrumental variables for treatment and outcome:[]
[2026-04-24 05:25:20,410][dowhy.causal_identifier.auto_identifier][INFO] - Frontdoor variables for treatment and outcome:['X9', 'X10', 'X8', 'X5', 'X7', 'X6']
[2026-04-24 05:25:20,412][dowhy.causal_identifier.auto_identifier][INFO] - Causal effect can be identified.
[2026-04-24 05:25:20,414][dowhy.causal_identifier.auto_identifier][INFO] - Causal effect can be identified.
[2026-04-24 05:25:20,415][dowhy.causal_model][INFO] - linear_regression
[2026-04-24 05:25:20,415][dowhy.causal_estimator][INFO] - INFO: Using Linear Regression Estimator
[2026-04-24 05:25:20,415][dowhy.causal_estimator][INFO] - b: X11~X0+X0*X3+X0*X1+X0*X4+X0*X2
[2026-04-24 05:25:20,460][dowhy.causal_model][INFO] - Model to find the causal effect of treatment ['X1'] on outcome ['X0']
[2026-04-24 05:25:20,460][dowhy.causal_identifier.auto_identifier][WARNING] - No directed path from treatment to outcome. Causal Effect is zero.
[2026-04-24 05:25:20,460][dowhy.causal_model][INFO] - linear_regression
[2026-04-24 05:25:20,461][dowhy.causal_estimator][INFO] - INFO: Using Linear Regression Estimator
[2026-04-24 05:25:20,461][dowhy.causal_estimator][WARNING] - No directed path from ['X1'] to ['X0'].
[2026-04-24 05:25:20,462][dowhy.causal_model][INFO] - Model to find the causal effect of treatment ['X1'] on outcome ['X2']
[2026-04-24 05:25:20,462][dowhy.causal_identifier.auto_identifier][WARNING] - No directed path from treatment to outcome. Causal Effect is zero.
[2026-04-24 05:25:20,462][dowhy.causal_model][INFO] - linear_regression
[2026-04-24 05:25:20,462][dowhy.causal_estimator][INFO] - INFO: Using Linear Regression Estimator
[2026-04-24 05:25:20,462][dowhy.causal_estimator][WARNING] - No directed path from ['X1'] to ['X2'].
[2026-04-24 05:25:20,464][dowhy.causal_model][INFO] - Model to find the causal effect of treatment ['X1'] on outcome ['X3']
[2026-04-24 05:25:20,464][dowhy.causal_identifier.auto_identifier][WARNING] - No directed path from treatment to outcome. Causal Effect is zero.
[2026-04-24 05:25:20,464][dowhy.causal_model][INFO] - linear_regression
[2026-04-24 05:25:20,464][dowhy.causal_estimator][INFO] - INFO: Using Linear Regression Estimator
[2026-04-24 05:25:20,464][dowhy.causal_estimator][WARNING] - No directed path from ['X1'] to ['X3'].
[2026-04-24 05:25:20,466][dowhy.causal_model][INFO] - Model to find the causal effect of treatment ['X1'] on outcome ['X4']
[2026-04-24 05:25:20,466][dowhy.causal_identifier.auto_identifier][WARNING] - No directed path from treatment to outcome. Causal Effect is zero.
[2026-04-24 05:25:20,466][dowhy.causal_model][INFO] - linear_regression
[2026-04-24 05:25:20,466][dowhy.causal_estimator][INFO] - INFO: Using Linear Regression Estimator
[2026-04-24 05:25:20,466][dowhy.causal_estimator][WARNING] - No directed path from ['X1'] to ['X4'].
[2026-04-24 05:25:20,468][dowhy.causal_model][INFO] - Model to find the causal effect of treatment ['X1'] on outcome ['X5']
[2026-04-24 05:25:20,469][dowhy.causal_identifier.auto_identifier][INFO] - Causal effect can be identified.
[2026-04-24 05:25:20,469][dowhy.causal_identifier.auto_identifier][INFO] - Instrumental variables for treatment and outcome:[]
[2026-04-24 05:25:20,470][dowhy.causal_identifier.auto_identifier][INFO] - Frontdoor variables for treatment and outcome:[]
[2026-04-24 05:25:20,470][dowhy.causal_model][INFO] - linear_regression
[2026-04-24 05:25:20,470][dowhy.causal_estimator][INFO] - INFO: Using Linear Regression Estimator
[2026-04-24 05:25:20,470][dowhy.causal_estimator][INFO] - b: X5~X1+X1*X0
[2026-04-24 05:25:20,478][dowhy.causal_model][INFO] - Model to find the causal effect of treatment ['X1'] on outcome ['X6']
[2026-04-24 05:25:20,479][dowhy.causal_identifier.auto_identifier][INFO] - Causal effect can be identified.
[2026-04-24 05:25:20,479][dowhy.causal_identifier.auto_identifier][INFO] - Instrumental variables for treatment and outcome:[]
[2026-04-24 05:25:20,480][dowhy.causal_identifier.auto_identifier][INFO] - Frontdoor variables for treatment and outcome:[]
[2026-04-24 05:25:20,480][dowhy.causal_model][INFO] - linear_regression
[2026-04-24 05:25:20,480][dowhy.causal_estimator][INFO] - INFO: Using Linear Regression Estimator
[2026-04-24 05:25:20,480][dowhy.causal_estimator][INFO] - b: X6~X1+X1*X0
[2026-04-24 05:25:20,488][dowhy.causal_model][INFO] - Model to find the causal effect of treatment ['X1'] on outcome ['X7']
[2026-04-24 05:25:20,490][dowhy.causal_identifier.auto_identifier][INFO] - Causal effect can be identified.
[2026-04-24 05:25:20,490][dowhy.causal_identifier.auto_identifier][INFO] - Instrumental variables for treatment and outcome:[]
[2026-04-24 05:25:20,492][dowhy.causal_identifier.auto_identifier][INFO] - Frontdoor variables for treatment and outcome:['X5', 'X9', 'X6']
[2026-04-24 05:25:20,493][dowhy.causal_identifier.auto_identifier][INFO] - Causal effect can be identified.
[2026-04-24 05:25:20,495][dowhy.causal_identifier.auto_identifier][INFO] - Causal effect can be identified.
[2026-04-24 05:25:20,496][dowhy.causal_model][INFO] - linear_regression
[2026-04-24 05:25:20,496][dowhy.causal_estimator][INFO] - INFO: Using Linear Regression Estimator
[2026-04-24 05:25:20,497][dowhy.causal_estimator][INFO] - b: X7~X1+X1*X3+X1*X0+X1*X2
[2026-04-24 05:25:20,505][dowhy.causal_model][INFO] - Model to find the causal effect of treatment ['X1'] on outcome ['X8']
[2026-04-24 05:25:20,506][dowhy.causal_identifier.auto_identifier][INFO] - Causal effect can be identified.
[2026-04-24 05:25:20,507][dowhy.causal_identifier.auto_identifier][INFO] - Instrumental variables for treatment and outcome:[]
[2026-04-24 05:25:20,511][dowhy.causal_identifier.auto_identifier][INFO] - Frontdoor variables for treatment and outcome:['X9', 'X5', 'X6']
[2026-04-24 05:25:20,513][dowhy.causal_identifier.auto_identifier][INFO] - Causal effect can be identified.
[2026-04-24 05:25:20,515][dowhy.causal_identifier.auto_identifier][INFO] - Causal effect can be identified.
[2026-04-24 05:25:20,516][dowhy.causal_model][INFO] - linear_regression
[2026-04-24 05:25:20,516][dowhy.causal_estimator][INFO] - INFO: Using Linear Regression Estimator
[2026-04-24 05:25:20,516][dowhy.causal_estimator][INFO] - b: X8~X1+X1*X3+X1*X0+X1*X2
[2026-04-24 05:25:20,524][dowhy.causal_model][INFO] - Model to find the causal effect of treatment ['X1'] on outcome ['X9']
[2026-04-24 05:25:20,525][dowhy.causal_identifier.auto_identifier][INFO] - Causal effect can be identified.
[2026-04-24 05:25:20,526][dowhy.causal_identifier.auto_identifier][INFO] - Instrumental variables for treatment and outcome:[]
[2026-04-24 05:25:20,532][dowhy.causal_identifier.auto_identifier][INFO] - Frontdoor variables for treatment and outcome:[]
[2026-04-24 05:25:20,532][dowhy.causal_model][INFO] - linear_regression
[2026-04-24 05:25:20,532][dowhy.causal_estimator][INFO] - INFO: Using Linear Regression Estimator
[2026-04-24 05:25:20,533][dowhy.causal_estimator][INFO] - b: X9~X1+X1*X0
[2026-04-24 05:25:20,542][dowhy.causal_model][INFO] - Model to find the causal effect of treatment ['X1'] on outcome ['X10']
[2026-04-24 05:25:20,543][dowhy.causal_identifier.auto_identifier][INFO] - Causal effect can be identified.
[2026-04-24 05:25:20,544][dowhy.causal_identifier.auto_identifier][INFO] - Instrumental variables for treatment and outcome:[]
[2026-04-24 05:25:20,553][dowhy.causal_identifier.auto_identifier][INFO] - Frontdoor variables for treatment and outcome:['X9', 'X5', 'X6']
[2026-04-24 05:25:20,555][dowhy.causal_identifier.auto_identifier][INFO] - Causal effect can be identified.
[2026-04-24 05:25:20,557][dowhy.causal_identifier.auto_identifier][INFO] - Causal effect can be identified.
[2026-04-24 05:25:20,558][dowhy.causal_model][INFO] - linear_regression
[2026-04-24 05:25:20,558][dowhy.causal_estimator][INFO] - INFO: Using Linear Regression Estimator
[2026-04-24 05:25:20,558][dowhy.causal_estimator][INFO] - b: X10~X1+X1*X3+X1*X0+X1*X2
[2026-04-24 05:25:20,567][dowhy.causal_model][INFO] - Model to find the causal effect of treatment ['X1'] on outcome ['X11']
[2026-04-24 05:25:20,568][dowhy.causal_identifier.auto_identifier][INFO] - Causal effect can be identified.
[2026-04-24 05:25:20,569][dowhy.causal_identifier.auto_identifier][INFO] - Instrumental variables for treatment and outcome:[]
[2026-04-24 05:25:20,572][dowhy.causal_identifier.auto_identifier][INFO] - Frontdoor variables for treatment and outcome:['X9', 'X10', 'X8', 'X5', 'X7', 'X6']
[2026-04-24 05:25:20,573][dowhy.causal_identifier.auto_identifier][INFO] - Causal effect can be identified.
[2026-04-24 05:25:20,576][dowhy.causal_identifier.auto_identifier][INFO] - Causal effect can be identified.
[2026-04-24 05:25:20,577][dowhy.causal_model][INFO] - linear_regression
[2026-04-24 05:25:20,577][dowhy.causal_estimator][INFO] - INFO: Using Linear Regression Estimator
[2026-04-24 05:25:20,577][dowhy.causal_estimator][INFO] - b: X11~X1+X1*X3+X1*X4+X1*X2+X1*X0
[2026-04-24 05:25:20,620][dowhy.causal_model][INFO] - Model to find the causal effect of treatment ['X2'] on outcome ['X0']
[2026-04-24 05:25:20,620][dowhy.causal_identifier.auto_identifier][WARNING] - No directed path from treatment to outcome. Causal Effect is zero.
[2026-04-24 05:25:20,620][dowhy.causal_model][INFO] - linear_regression
[2026-04-24 05:25:20,620][dowhy.causal_estimator][INFO] - INFO: Using Linear Regression Estimator
[2026-04-24 05:25:20,620][dowhy.causal_estimator][WARNING] - No directed path from ['X2'] to ['X0'].
[2026-04-24 05:25:20,622][dowhy.causal_model][INFO] - Model to find the causal effect of treatment ['X2'] on outcome ['X1']
[2026-04-24 05:25:20,622][dowhy.causal_identifier.auto_identifier][WARNING] - No directed path from treatment to outcome. Causal Effect is zero.
[2026-04-24 05:25:20,622][dowhy.causal_model][INFO] - linear_regression
[2026-04-24 05:25:20,622][dowhy.causal_estimator][INFO] - INFO: Using Linear Regression Estimator
[2026-04-24 05:25:20,622][dowhy.causal_estimator][WARNING] - No directed path from ['X2'] to ['X1'].
[2026-04-24 05:25:20,624][dowhy.causal_model][INFO] - Model to find the causal effect of treatment ['X2'] on outcome ['X3']
[2026-04-24 05:25:20,624][dowhy.causal_identifier.auto_identifier][WARNING] - No directed path from treatment to outcome. Causal Effect is zero.
[2026-04-24 05:25:20,624][dowhy.causal_model][INFO] - linear_regression
[2026-04-24 05:25:20,624][dowhy.causal_estimator][INFO] - INFO: Using Linear Regression Estimator
[2026-04-24 05:25:20,624][dowhy.causal_estimator][WARNING] - No directed path from ['X2'] to ['X3'].
[2026-04-24 05:25:20,625][dowhy.causal_model][INFO] - Model to find the causal effect of treatment ['X2'] on outcome ['X4']
[2026-04-24 05:25:20,625][dowhy.causal_identifier.auto_identifier][WARNING] - No directed path from treatment to outcome. Causal Effect is zero.
[2026-04-24 05:25:20,625][dowhy.causal_model][INFO] - linear_regression
[2026-04-24 05:25:20,626][dowhy.causal_estimator][INFO] - INFO: Using Linear Regression Estimator
[2026-04-24 05:25:20,626][dowhy.causal_estimator][WARNING] - No directed path from ['X2'] to ['X4'].
[2026-04-24 05:25:20,627][dowhy.causal_model][INFO] - Model to find the causal effect of treatment ['X2'] on outcome ['X5']
[2026-04-24 05:25:20,627][dowhy.causal_identifier.auto_identifier][WARNING] - No directed path from treatment to outcome. Causal Effect is zero.
[2026-04-24 05:25:20,627][dowhy.causal_model][INFO] - linear_regression
[2026-04-24 05:25:20,627][dowhy.causal_estimator][INFO] - INFO: Using Linear Regression Estimator
[2026-04-24 05:25:20,627][dowhy.causal_estimator][WARNING] - No directed path from ['X2'] to ['X5'].
[2026-04-24 05:25:20,629][dowhy.causal_model][INFO] - Model to find the causal effect of treatment ['X2'] on outcome ['X6']
[2026-04-24 05:25:20,629][dowhy.causal_identifier.auto_identifier][WARNING] - No directed path from treatment to outcome. Causal Effect is zero.
[2026-04-24 05:25:20,629][dowhy.causal_model][INFO] - linear_regression
[2026-04-24 05:25:20,629][dowhy.causal_estimator][INFO] - INFO: Using Linear Regression Estimator
[2026-04-24 05:25:20,629][dowhy.causal_estimator][WARNING] - No directed path from ['X2'] to ['X6'].
[2026-04-24 05:25:20,631][dowhy.causal_model][INFO] - Model to find the causal effect of treatment ['X2'] on outcome ['X7']
[2026-04-24 05:25:20,633][dowhy.causal_identifier.auto_identifier][INFO] - Causal effect can be identified.
[2026-04-24 05:25:20,634][dowhy.causal_identifier.auto_identifier][INFO] - Instrumental variables for treatment and outcome:[]
[2026-04-24 05:25:20,634][dowhy.causal_identifier.auto_identifier][INFO] - Frontdoor variables for treatment and outcome:[]
[2026-04-24 05:25:20,634][dowhy.causal_model][INFO] - linear_regression
[2026-04-24 05:25:20,634][dowhy.causal_estimator][INFO] - INFO: Using Linear Regression Estimator
[2026-04-24 05:25:20,634][dowhy.causal_estimator][INFO] - b: X7~X2+X2*X3+X2*X1+X2*X5+X2*X0+X2*X6
[2026-04-24 05:25:20,642][dowhy.causal_model][INFO] - Model to find the causal effect of treatment ['X2'] on outcome ['X8']
[2026-04-24 05:25:20,645][dowhy.causal_identifier.auto_identifier][INFO] - Causal effect can be identified.
[2026-04-24 05:25:20,645][dowhy.causal_identifier.auto_identifier][INFO] - Instrumental variables for treatment and outcome:[]
[2026-04-24 05:25:20,646][dowhy.causal_identifier.auto_identifier][INFO] - Frontdoor variables for treatment and outcome:[]
[2026-04-24 05:25:20,646][dowhy.causal_model][INFO] - linear_regression
[2026-04-24 05:25:20,646][dowhy.causal_estimator][INFO] - INFO: Using Linear Regression Estimator
[2026-04-24 05:25:20,646][dowhy.causal_estimator][INFO] - b: X8~X2+X2*X3+X2*X1+X2*X5+X2*X0+X2*X6
[2026-04-24 05:25:20,654][dowhy.causal_model][INFO] - Model to find the causal effect of treatment ['X2'] on outcome ['X9']
[2026-04-24 05:25:20,654][dowhy.causal_identifier.auto_identifier][WARNING] - No directed path from treatment to outcome. Causal Effect is zero.
[2026-04-24 05:25:20,654][dowhy.causal_model][INFO] - linear_regression
[2026-04-24 05:25:20,654][dowhy.causal_estimator][INFO] - INFO: Using Linear Regression Estimator
[2026-04-24 05:25:20,654][dowhy.causal_estimator][WARNING] - No directed path from ['X2'] to ['X9'].
[2026-04-24 05:25:20,656][dowhy.causal_model][INFO] - Model to find the causal effect of treatment ['X2'] on outcome ['X10']
[2026-04-24 05:25:20,658][dowhy.causal_identifier.auto_identifier][INFO] - Causal effect can be identified.
[2026-04-24 05:25:20,659][dowhy.causal_identifier.auto_identifier][INFO] - Instrumental variables for treatment and outcome:[]
[2026-04-24 05:25:20,660][dowhy.causal_identifier.auto_identifier][INFO] - Frontdoor variables for treatment and outcome:[]
[2026-04-24 05:25:20,660][dowhy.causal_model][INFO] - linear_regression
[2026-04-24 05:25:20,660][dowhy.causal_estimator][INFO] - INFO: Using Linear Regression Estimator
[2026-04-24 05:25:20,660][dowhy.causal_estimator][INFO] - b: X10~X2+X2*X3+X2*X1+X2*X5+X2*X0+X2*X6
[2026-04-24 05:25:20,668][dowhy.causal_model][INFO] - Model to find the causal effect of treatment ['X2'] on outcome ['X11']
[2026-04-24 05:25:20,670][dowhy.causal_identifier.auto_identifier][INFO] - Causal effect can be identified.
[2026-04-24 05:25:20,671][dowhy.causal_identifier.auto_identifier][INFO] - Instrumental variables for treatment and outcome:[]
[2026-04-24 05:25:20,673][dowhy.causal_identifier.auto_identifier][INFO] - Frontdoor variables for treatment and outcome:['X10', 'X7', 'X8']
[2026-04-24 05:25:20,675][dowhy.causal_identifier.auto_identifier][INFO] - Causal effect can be identified.
[2026-04-24 05:25:20,678][dowhy.causal_identifier.auto_identifier][INFO] - Causal effect can be identified.
[2026-04-24 05:25:20,679][dowhy.causal_model][INFO] - linear_regression
[2026-04-24 05:25:20,679][dowhy.causal_estimator][INFO] - INFO: Using Linear Regression Estimator
[2026-04-24 05:25:20,679][dowhy.causal_estimator][INFO] - b: X11~X2+X2*X3+X2*X4+X2*X1+X2*X5+X2*X0+X2*X6
[2026-04-24 05:25:20,727][dowhy.causal_model][INFO] - Model to find the causal effect of treatment ['X3'] on outcome ['X0']
[2026-04-24 05:25:20,727][dowhy.causal_identifier.auto_identifier][WARNING] - No directed path from treatment to outcome. Causal Effect is zero.
[2026-04-24 05:25:20,727][dowhy.causal_model][INFO] - linear_regression
[2026-04-24 05:25:20,727][dowhy.causal_estimator][INFO] - INFO: Using Linear Regression Estimator
[2026-04-24 05:25:20,727][dowhy.causal_estimator][WARNING] - No directed path from ['X3'] to ['X0'].
[2026-04-24 05:25:20,729][dowhy.causal_model][INFO] - Model to find the causal effect of treatment ['X3'] on outcome ['X1']
[2026-04-24 05:25:20,729][dowhy.causal_identifier.auto_identifier][WARNING] - No directed path from treatment to outcome. Causal Effect is zero.
[2026-04-24 05:25:20,729][dowhy.causal_model][INFO] - linear_regression
[2026-04-24 05:25:20,729][dowhy.causal_estimator][INFO] - INFO: Using Linear Regression Estimator
[2026-04-24 05:25:20,729][dowhy.causal_estimator][WARNING] - No directed path from ['X3'] to ['X1'].
[2026-04-24 05:25:20,731][dowhy.causal_model][INFO] - Model to find the causal effect of treatment ['X3'] on outcome ['X2']
[2026-04-24 05:25:20,731][dowhy.causal_identifier.auto_identifier][WARNING] - No directed path from treatment to outcome. Causal Effect is zero.
[2026-04-24 05:25:20,731][dowhy.causal_model][INFO] - linear_regression
[2026-04-24 05:25:20,731][dowhy.causal_estimator][INFO] - INFO: Using Linear Regression Estimator
[2026-04-24 05:25:20,731][dowhy.causal_estimator][WARNING] - No directed path from ['X3'] to ['X2'].
[2026-04-24 05:25:20,733][dowhy.causal_model][INFO] - Model to find the causal effect of treatment ['X3'] on outcome ['X4']
[2026-04-24 05:25:20,733][dowhy.causal_identifier.auto_identifier][WARNING] - No directed path from treatment to outcome. Causal Effect is zero.
[2026-04-24 05:25:20,733][dowhy.causal_model][INFO] - linear_regression
[2026-04-24 05:25:20,733][dowhy.causal_estimator][INFO] - INFO: Using Linear Regression Estimator
[2026-04-24 05:25:20,733][dowhy.causal_estimator][WARNING] - No directed path from ['X3'] to ['X4'].
[2026-04-24 05:25:20,735][dowhy.causal_model][INFO] - Model to find the causal effect of treatment ['X3'] on outcome ['X5']
[2026-04-24 05:25:20,735][dowhy.causal_identifier.auto_identifier][WARNING] - No directed path from treatment to outcome. Causal Effect is zero.
[2026-04-24 05:25:20,735][dowhy.causal_model][INFO] - linear_regression
[2026-04-24 05:25:20,735][dowhy.causal_estimator][INFO] - INFO: Using Linear Regression Estimator
[2026-04-24 05:25:20,735][dowhy.causal_estimator][WARNING] - No directed path from ['X3'] to ['X5'].
[2026-04-24 05:25:20,737][dowhy.causal_model][INFO] - Model to find the causal effect of treatment ['X3'] on outcome ['X6']
[2026-04-24 05:25:20,737][dowhy.causal_identifier.auto_identifier][WARNING] - No directed path from treatment to outcome. Causal Effect is zero.
[2026-04-24 05:25:20,737][dowhy.causal_model][INFO] - linear_regression
[2026-04-24 05:25:20,737][dowhy.causal_estimator][INFO] - INFO: Using Linear Regression Estimator
[2026-04-24 05:25:20,737][dowhy.causal_estimator][WARNING] - No directed path from ['X3'] to ['X6'].
[2026-04-24 05:25:20,739][dowhy.causal_model][INFO] - Model to find the causal effect of treatment ['X3'] on outcome ['X7']
[2026-04-24 05:25:20,742][dowhy.causal_identifier.auto_identifier][INFO] - Causal effect can be identified.
[2026-04-24 05:25:20,743][dowhy.causal_identifier.auto_identifier][INFO] - Instrumental variables for treatment and outcome:[]
[2026-04-24 05:25:20,743][dowhy.causal_identifier.auto_identifier][INFO] - Frontdoor variables for treatment and outcome:[]
[2026-04-24 05:25:20,743][dowhy.causal_model][INFO] - linear_regression
[2026-04-24 05:25:20,743][dowhy.causal_estimator][INFO] - INFO: Using Linear Regression Estimator
[2026-04-24 05:25:20,743][dowhy.causal_estimator][INFO] - b: X7~X3+X3*X1+X3*X5+X3*X0+X3*X2+X3*X6
[2026-04-24 05:25:20,752][dowhy.causal_model][INFO] - Model to find the causal effect of treatment ['X3'] on outcome ['X8']
[2026-04-24 05:25:20,755][dowhy.causal_identifier.auto_identifier][INFO] - Causal effect can be identified.
[2026-04-24 05:25:20,756][dowhy.causal_identifier.auto_identifier][INFO] - Instrumental variables for treatment and outcome:[]
[2026-04-24 05:25:20,756][dowhy.causal_identifier.auto_identifier][INFO] - Frontdoor variables for treatment and outcome:[]
[2026-04-24 05:25:20,756][dowhy.causal_model][INFO] - linear_regression
[2026-04-24 05:25:20,756][dowhy.causal_estimator][INFO] - INFO: Using Linear Regression Estimator
[2026-04-24 05:25:20,757][dowhy.causal_estimator][INFO] - b: X8~X3+X3*X1+X3*X5+X3*X0+X3*X2+X3*X6
[2026-04-24 05:25:20,766][dowhy.causal_model][INFO] - Model to find the causal effect of treatment ['X3'] on outcome ['X9']
[2026-04-24 05:25:20,766][dowhy.causal_identifier.auto_identifier][WARNING] - No directed path from treatment to outcome. Causal Effect is zero.
[2026-04-24 05:25:20,766][dowhy.causal_model][INFO] - linear_regression
[2026-04-24 05:25:20,766][dowhy.causal_estimator][INFO] - INFO: Using Linear Regression Estimator
[2026-04-24 05:25:20,766][dowhy.causal_estimator][WARNING] - No directed path from ['X3'] to ['X9'].
[2026-04-24 05:25:20,768][dowhy.causal_model][INFO] - Model to find the causal effect of treatment ['X3'] on outcome ['X10']
[2026-04-24 05:25:20,770][dowhy.causal_identifier.auto_identifier][INFO] - Causal effect can be identified.
[2026-04-24 05:25:20,771][dowhy.causal_identifier.auto_identifier][INFO] - Instrumental variables for treatment and outcome:[]
[2026-04-24 05:25:20,772][dowhy.causal_identifier.auto_identifier][INFO] - Frontdoor variables for treatment and outcome:[]
[2026-04-24 05:25:20,772][dowhy.causal_model][INFO] - linear_regression
[2026-04-24 05:25:20,772][dowhy.causal_estimator][INFO] - INFO: Using Linear Regression Estimator
[2026-04-24 05:25:20,772][dowhy.causal_estimator][INFO] - b: X10~X3+X3*X1+X3*X5+X3*X0+X3*X2+X3*X6
[2026-04-24 05:25:20,781][dowhy.causal_model][INFO] - Model to find the causal effect of treatment ['X3'] on outcome ['X11']
[2026-04-24 05:25:20,783][dowhy.causal_identifier.auto_identifier][INFO] - Causal effect can be identified.
[2026-04-24 05:25:20,784][dowhy.causal_identifier.auto_identifier][INFO] - Instrumental variables for treatment and outcome:[]
[2026-04-24 05:25:20,786][dowhy.causal_identifier.auto_identifier][INFO] - Frontdoor variables for treatment and outcome:['X10', 'X7', 'X8']
[2026-04-24 05:25:20,788][dowhy.causal_identifier.auto_identifier][INFO] - Causal effect can be identified.
[2026-04-24 05:25:20,792][dowhy.causal_identifier.auto_identifier][INFO] - Causal effect can be identified.
[2026-04-24 05:25:20,793][dowhy.causal_model][INFO] - linear_regression
[2026-04-24 05:25:20,793][dowhy.causal_estimator][INFO] - INFO: Using Linear Regression Estimator
[2026-04-24 05:25:20,793][dowhy.causal_estimator][INFO] - b: X11~X3+X3*X4+X3*X1+X3*X0+X3*X5+X3*X2+X3*X6
[2026-04-24 05:25:20,837][dowhy.causal_model][INFO] - Model to find the causal effect of treatment ['X4'] on outcome ['X0']
[2026-04-24 05:25:20,837][dowhy.causal_identifier.auto_identifier][WARNING] - No directed path from treatment to outcome. Causal Effect is zero.
[2026-04-24 05:25:20,837][dowhy.causal_model][INFO] - linear_regression
[2026-04-24 05:25:20,837][dowhy.causal_estimator][INFO] - INFO: Using Linear Regression Estimator
[2026-04-24 05:25:20,838][dowhy.causal_estimator][WARNING] - No directed path from ['X4'] to ['X0'].
[2026-04-24 05:25:20,839][dowhy.causal_model][INFO] - Model to find the causal effect of treatment ['X4'] on outcome ['X1']
[2026-04-24 05:25:20,839][dowhy.causal_identifier.auto_identifier][WARNING] - No directed path from treatment to outcome. Causal Effect is zero.
[2026-04-24 05:25:20,839][dowhy.causal_model][INFO] - linear_regression
[2026-04-24 05:25:20,839][dowhy.causal_estimator][INFO] - INFO: Using Linear Regression Estimator
[2026-04-24 05:25:20,839][dowhy.causal_estimator][WARNING] - No directed path from ['X4'] to ['X1'].
[2026-04-24 05:25:20,841][dowhy.causal_model][INFO] - Model to find the causal effect of treatment ['X4'] on outcome ['X2']
[2026-04-24 05:25:20,841][dowhy.causal_identifier.auto_identifier][WARNING] - No directed path from treatment to outcome. Causal Effect is zero.
[2026-04-24 05:25:20,841][dowhy.causal_model][INFO] - linear_regression
[2026-04-24 05:25:20,841][dowhy.causal_estimator][INFO] - INFO: Using Linear Regression Estimator
[2026-04-24 05:25:20,841][dowhy.causal_estimator][WARNING] - No directed path from ['X4'] to ['X2'].
[2026-04-24 05:25:20,843][dowhy.causal_model][INFO] - Model to find the causal effect of treatment ['X4'] on outcome ['X3']
[2026-04-24 05:25:20,843][dowhy.causal_identifier.auto_identifier][WARNING] - No directed path from treatment to outcome. Causal Effect is zero.
[2026-04-24 05:25:20,843][dowhy.causal_model][INFO] - linear_regression
[2026-04-24 05:25:20,843][dowhy.causal_estimator][INFO] - INFO: Using Linear Regression Estimator
[2026-04-24 05:25:20,843][dowhy.causal_estimator][WARNING] - No directed path from ['X4'] to ['X3'].
[2026-04-24 05:25:20,845][dowhy.causal_model][INFO] - Model to find the causal effect of treatment ['X4'] on outcome ['X5']
[2026-04-24 05:25:20,845][dowhy.causal_identifier.auto_identifier][WARNING] - No directed path from treatment to outcome. Causal Effect is zero.
[2026-04-24 05:25:20,845][dowhy.causal_model][INFO] - linear_regression
[2026-04-24 05:25:20,845][dowhy.causal_estimator][INFO] - INFO: Using Linear Regression Estimator
[2026-04-24 05:25:20,845][dowhy.causal_estimator][WARNING] - No directed path from ['X4'] to ['X5'].
[2026-04-24 05:25:20,846][dowhy.causal_model][INFO] - Model to find the causal effect of treatment ['X4'] on outcome ['X6']
[2026-04-24 05:25:20,846][dowhy.causal_identifier.auto_identifier][WARNING] - No directed path from treatment to outcome. Causal Effect is zero.
[2026-04-24 05:25:20,846][dowhy.causal_model][INFO] - linear_regression
[2026-04-24 05:25:20,847][dowhy.causal_estimator][INFO] - INFO: Using Linear Regression Estimator
[2026-04-24 05:25:20,847][dowhy.causal_estimator][WARNING] - No directed path from ['X4'] to ['X6'].
[2026-04-24 05:25:20,848][dowhy.causal_model][INFO] - Model to find the causal effect of treatment ['X4'] on outcome ['X7']
[2026-04-24 05:25:20,848][dowhy.causal_identifier.auto_identifier][WARNING] - No directed path from treatment to outcome. Causal Effect is zero.
[2026-04-24 05:25:20,848][dowhy.causal_model][INFO] - linear_regression
[2026-04-24 05:25:20,848][dowhy.causal_estimator][INFO] - INFO: Using Linear Regression Estimator
[2026-04-24 05:25:20,848][dowhy.causal_estimator][WARNING] - No directed path from ['X4'] to ['X7'].
[2026-04-24 05:25:20,850][dowhy.causal_model][INFO] - Model to find the causal effect of treatment ['X4'] on outcome ['X8']
[2026-04-24 05:25:20,850][dowhy.causal_identifier.auto_identifier][WARNING] - No directed path from treatment to outcome. Causal Effect is zero.
[2026-04-24 05:25:20,850][dowhy.causal_model][INFO] - linear_regression
[2026-04-24 05:25:20,850][dowhy.causal_estimator][INFO] - INFO: Using Linear Regression Estimator
[2026-04-24 05:25:20,850][dowhy.causal_estimator][WARNING] - No directed path from ['X4'] to ['X8'].
[2026-04-24 05:25:20,852][dowhy.causal_model][INFO] - Model to find the causal effect of treatment ['X4'] on outcome ['X9']
[2026-04-24 05:25:20,852][dowhy.causal_identifier.auto_identifier][WARNING] - No directed path from treatment to outcome. Causal Effect is zero.
[2026-04-24 05:25:20,852][dowhy.causal_model][INFO] - linear_regression
[2026-04-24 05:25:20,852][dowhy.causal_estimator][INFO] - INFO: Using Linear Regression Estimator
[2026-04-24 05:25:20,852][dowhy.causal_estimator][WARNING] - No directed path from ['X4'] to ['X9'].
[2026-04-24 05:25:20,854][dowhy.causal_model][INFO] - Model to find the causal effect of treatment ['X4'] on outcome ['X10']
[2026-04-24 05:25:20,854][dowhy.causal_identifier.auto_identifier][WARNING] - No directed path from treatment to outcome. Causal Effect is zero.
[2026-04-24 05:25:20,854][dowhy.causal_model][INFO] - linear_regression
[2026-04-24 05:25:20,854][dowhy.causal_estimator][INFO] - INFO: Using Linear Regression Estimator
[2026-04-24 05:25:20,854][dowhy.causal_estimator][WARNING] - No directed path from ['X4'] to ['X10'].
[2026-04-24 05:25:20,855][dowhy.causal_model][INFO] - Model to find the causal effect of treatment ['X4'] on outcome ['X11']
[2026-04-24 05:25:20,859][dowhy.causal_identifier.auto_identifier][INFO] - Causal effect can be identified.
[2026-04-24 05:25:20,860][dowhy.causal_identifier.auto_identifier][INFO] - Instrumental variables for treatment and outcome:[]
[2026-04-24 05:25:20,860][dowhy.causal_identifier.auto_identifier][INFO] - Frontdoor variables for treatment and outcome:[]
[2026-04-24 05:25:20,860][dowhy.causal_model][INFO] - linear_regression
[2026-04-24 05:25:20,860][dowhy.causal_estimator][INFO] - INFO: Using Linear Regression Estimator
[2026-04-24 05:25:20,860][dowhy.causal_estimator][INFO] - b: X11~X4+X4*X1+X4*X2+X4*X3+X4*X7+X4*X8+X4*X5+X4*X0+X4*X6
[2026-04-24 05:25:20,902][dowhy.causal_model][INFO] - Model to find the causal effect of treatment ['X5'] on outcome ['X0']
[2026-04-24 05:25:20,902][dowhy.causal_identifier.auto_identifier][WARNING] - No directed path from treatment to outcome. Causal Effect is zero.
[2026-04-24 05:25:20,903][dowhy.causal_model][INFO] - linear_regression
[2026-04-24 05:25:20,903][dowhy.causal_estimator][INFO] - INFO: Using Linear Regression Estimator
[2026-04-24 05:25:20,903][dowhy.causal_estimator][WARNING] - No directed path from ['X5'] to ['X0'].
[2026-04-24 05:25:20,904][dowhy.causal_model][INFO] - Model to find the causal effect of treatment ['X5'] on outcome ['X1']
[2026-04-24 05:25:20,904][dowhy.causal_identifier.auto_identifier][WARNING] - No directed path from treatment to outcome. Causal Effect is zero.
[2026-04-24 05:25:20,905][dowhy.causal_model][INFO] - linear_regression
[2026-04-24 05:25:20,905][dowhy.causal_estimator][INFO] - INFO: Using Linear Regression Estimator
[2026-04-24 05:25:20,905][dowhy.causal_estimator][WARNING] - No directed path from ['X5'] to ['X1'].
[2026-04-24 05:25:20,906][dowhy.causal_model][INFO] - Model to find the causal effect of treatment ['X5'] on outcome ['X2']
[2026-04-24 05:25:20,906][dowhy.causal_identifier.auto_identifier][WARNING] - No directed path from treatment to outcome. Causal Effect is zero.
[2026-04-24 05:25:20,906][dowhy.causal_model][INFO] - linear_regression
[2026-04-24 05:25:20,906][dowhy.causal_estimator][INFO] - INFO: Using Linear Regression Estimator
[2026-04-24 05:25:20,906][dowhy.causal_estimator][WARNING] - No directed path from ['X5'] to ['X2'].
[2026-04-24 05:25:20,908][dowhy.causal_model][INFO] - Model to find the causal effect of treatment ['X5'] on outcome ['X3']
[2026-04-24 05:25:20,908][dowhy.causal_identifier.auto_identifier][WARNING] - No directed path from treatment to outcome. Causal Effect is zero.
[2026-04-24 05:25:20,908][dowhy.causal_model][INFO] - linear_regression
[2026-04-24 05:25:20,908][dowhy.causal_estimator][INFO] - INFO: Using Linear Regression Estimator
[2026-04-24 05:25:20,908][dowhy.causal_estimator][WARNING] - No directed path from ['X5'] to ['X3'].
[2026-04-24 05:25:20,910][dowhy.causal_model][INFO] - Model to find the causal effect of treatment ['X5'] on outcome ['X4']
[2026-04-24 05:25:20,910][dowhy.causal_identifier.auto_identifier][WARNING] - No directed path from treatment to outcome. Causal Effect is zero.
[2026-04-24 05:25:20,910][dowhy.causal_model][INFO] - linear_regression
[2026-04-24 05:25:20,910][dowhy.causal_estimator][INFO] - INFO: Using Linear Regression Estimator
[2026-04-24 05:25:20,910][dowhy.causal_estimator][WARNING] - No directed path from ['X5'] to ['X4'].
[2026-04-24 05:25:20,912][dowhy.causal_model][INFO] - Model to find the causal effect of treatment ['X5'] on outcome ['X6']
[2026-04-24 05:25:20,913][dowhy.causal_identifier.auto_identifier][INFO] - Causal effect can be identified.
[2026-04-24 05:25:20,914][dowhy.causal_identifier.auto_identifier][INFO] - Instrumental variables for treatment and outcome:['X0']
[2026-04-24 05:25:20,914][dowhy.causal_identifier.auto_identifier][INFO] - Frontdoor variables for treatment and outcome:[]
[2026-04-24 05:25:20,914][dowhy.causal_model][INFO] - linear_regression
[2026-04-24 05:25:20,914][dowhy.causal_estimator][INFO] - INFO: Using Linear Regression Estimator
[2026-04-24 05:25:20,914][dowhy.causal_estimator][INFO] - b: X6~X5+X1
[2026-04-24 05:25:20,922][dowhy.causal_model][INFO] - Model to find the causal effect of treatment ['X5'] on outcome ['X7']
[2026-04-24 05:25:20,923][dowhy.causal_identifier.auto_identifier][INFO] - Causal effect can be identified.
[2026-04-24 05:25:20,924][dowhy.causal_identifier.auto_identifier][INFO] - Instrumental variables for treatment and outcome:['X0']
[2026-04-24 05:25:20,925][dowhy.causal_identifier.auto_identifier][INFO] - Frontdoor variables for treatment and outcome:[]
[2026-04-24 05:25:20,925][dowhy.causal_model][INFO] - linear_regression
[2026-04-24 05:25:20,925][dowhy.causal_estimator][INFO] - INFO: Using Linear Regression Estimator
[2026-04-24 05:25:20,925][dowhy.causal_estimator][INFO] - b: X7~X5+X1+X5*X3+X5*X2
[2026-04-24 05:25:20,934][dowhy.causal_model][INFO] - Model to find the causal effect of treatment ['X5'] on outcome ['X8']
[2026-04-24 05:25:20,935][dowhy.causal_identifier.auto_identifier][INFO] - Causal effect can be identified.
[2026-04-24 05:25:20,936][dowhy.causal_identifier.auto_identifier][INFO] - Instrumental variables for treatment and outcome:['X0']
[2026-04-24 05:25:20,939][dowhy.causal_identifier.auto_identifier][INFO] - Frontdoor variables for treatment and outcome:[]
[2026-04-24 05:25:20,939][dowhy.causal_model][INFO] - linear_regression
[2026-04-24 05:25:20,939][dowhy.causal_estimator][INFO] - INFO: Using Linear Regression Estimator
[2026-04-24 05:25:20,939][dowhy.causal_estimator][INFO] - b: X8~X5+X1+X5*X3+X5*X2
[2026-04-24 05:25:20,948][dowhy.causal_model][INFO] - Model to find the causal effect of treatment ['X5'] on outcome ['X9']
[2026-04-24 05:25:20,950][dowhy.causal_identifier.auto_identifier][INFO] - Causal effect can be identified.
[2026-04-24 05:25:20,950][dowhy.causal_identifier.auto_identifier][INFO] - Instrumental variables for treatment and outcome:['X1']
[2026-04-24 05:25:20,953][dowhy.causal_identifier.auto_identifier][INFO] - Frontdoor variables for treatment and outcome:[]
[2026-04-24 05:25:20,953][dowhy.causal_model][INFO] - linear_regression
[2026-04-24 05:25:20,953][dowhy.causal_estimator][INFO] - INFO: Using Linear Regression Estimator
[2026-04-24 05:25:20,954][dowhy.causal_estimator][INFO] - b: X9~X5+X0
[2026-04-24 05:25:20,962][dowhy.causal_model][INFO] - Model to find the causal effect of treatment ['X5'] on outcome ['X10']
[2026-04-24 05:25:20,963][dowhy.causal_identifier.auto_identifier][INFO] - Causal effect can be identified.
[2026-04-24 05:25:20,964][dowhy.causal_identifier.auto_identifier][INFO] - Instrumental variables for treatment and outcome:['X0']
[2026-04-24 05:25:20,970][dowhy.causal_identifier.auto_identifier][INFO] - Frontdoor variables for treatment and outcome:[]
[2026-04-24 05:25:20,970][dowhy.causal_model][INFO] - linear_regression
[2026-04-24 05:25:20,970][dowhy.causal_estimator][INFO] - INFO: Using Linear Regression Estimator
[2026-04-24 05:25:20,970][dowhy.causal_estimator][INFO] - b: X10~X5+X1+X5*X3+X5*X2
[2026-04-24 05:25:20,980][dowhy.causal_model][INFO] - Model to find the causal effect of treatment ['X5'] on outcome ['X11']
[2026-04-24 05:25:20,981][dowhy.causal_identifier.auto_identifier][INFO] - Causal effect can be identified.
[2026-04-24 05:25:20,982][dowhy.causal_identifier.auto_identifier][INFO] - Instrumental variables for treatment and outcome:['X0']
[2026-04-24 05:25:20,988][dowhy.causal_identifier.auto_identifier][INFO] - Frontdoor variables for treatment and outcome:[]
[2026-04-24 05:25:20,989][dowhy.causal_model][INFO] - linear_regression
[2026-04-24 05:25:20,989][dowhy.causal_estimator][INFO] - INFO: Using Linear Regression Estimator
[2026-04-24 05:25:20,989][dowhy.causal_estimator][INFO] - b: X11~X5+X1+X5*X3+X5*X4+X5*X2
[2026-04-24 05:25:21,040][dowhy.causal_model][INFO] - Model to find the causal effect of treatment ['X6'] on outcome ['X0']
[2026-04-24 05:25:21,040][dowhy.causal_identifier.auto_identifier][WARNING] - No directed path from treatment to outcome. Causal Effect is zero.
[2026-04-24 05:25:21,040][dowhy.causal_model][INFO] - linear_regression
[2026-04-24 05:25:21,040][dowhy.causal_estimator][INFO] - INFO: Using Linear Regression Estimator
[2026-04-24 05:25:21,040][dowhy.causal_estimator][WARNING] - No directed path from ['X6'] to ['X0'].
[2026-04-24 05:25:21,042][dowhy.causal_model][INFO] - Model to find the causal effect of treatment ['X6'] on outcome ['X1']
[2026-04-24 05:25:21,042][dowhy.causal_identifier.auto_identifier][WARNING] - No directed path from treatment to outcome. Causal Effect is zero.
[2026-04-24 05:25:21,042][dowhy.causal_model][INFO] - linear_regression
[2026-04-24 05:25:21,042][dowhy.causal_estimator][INFO] - INFO: Using Linear Regression Estimator
[2026-04-24 05:25:21,042][dowhy.causal_estimator][WARNING] - No directed path from ['X6'] to ['X1'].
[2026-04-24 05:25:21,044][dowhy.causal_model][INFO] - Model to find the causal effect of treatment ['X6'] on outcome ['X2']
[2026-04-24 05:25:21,044][dowhy.causal_identifier.auto_identifier][WARNING] - No directed path from treatment to outcome. Causal Effect is zero.
[2026-04-24 05:25:21,044][dowhy.causal_model][INFO] - linear_regression
[2026-04-24 05:25:21,044][dowhy.causal_estimator][INFO] - INFO: Using Linear Regression Estimator
[2026-04-24 05:25:21,044][dowhy.causal_estimator][WARNING] - No directed path from ['X6'] to ['X2'].
[2026-04-24 05:25:21,046][dowhy.causal_model][INFO] - Model to find the causal effect of treatment ['X6'] on outcome ['X3']
[2026-04-24 05:25:21,046][dowhy.causal_identifier.auto_identifier][WARNING] - No directed path from treatment to outcome. Causal Effect is zero.
[2026-04-24 05:25:21,046][dowhy.causal_model][INFO] - linear_regression
[2026-04-24 05:25:21,046][dowhy.causal_estimator][INFO] - INFO: Using Linear Regression Estimator
[2026-04-24 05:25:21,046][dowhy.causal_estimator][WARNING] - No directed path from ['X6'] to ['X3'].
[2026-04-24 05:25:21,048][dowhy.causal_model][INFO] - Model to find the causal effect of treatment ['X6'] on outcome ['X4']
[2026-04-24 05:25:21,048][dowhy.causal_identifier.auto_identifier][WARNING] - No directed path from treatment to outcome. Causal Effect is zero.
[2026-04-24 05:25:21,048][dowhy.causal_model][INFO] - linear_regression
[2026-04-24 05:25:21,048][dowhy.causal_estimator][INFO] - INFO: Using Linear Regression Estimator
[2026-04-24 05:25:21,048][dowhy.causal_estimator][WARNING] - No directed path from ['X6'] to ['X4'].
[2026-04-24 05:25:21,050][dowhy.causal_model][INFO] - Model to find the causal effect of treatment ['X6'] on outcome ['X5']
[2026-04-24 05:25:21,050][dowhy.causal_identifier.auto_identifier][WARNING] - No directed path from treatment to outcome. Causal Effect is zero.
[2026-04-24 05:25:21,050][dowhy.causal_model][INFO] - linear_regression
[2026-04-24 05:25:21,050][dowhy.causal_estimator][INFO] - INFO: Using Linear Regression Estimator
[2026-04-24 05:25:21,050][dowhy.causal_estimator][WARNING] - No directed path from ['X6'] to ['X5'].
[2026-04-24 05:25:21,052][dowhy.causal_model][INFO] - Model to find the causal effect of treatment ['X6'] on outcome ['X7']
[2026-04-24 05:25:21,054][dowhy.causal_identifier.auto_identifier][INFO] - Causal effect can be identified.
[2026-04-24 05:25:21,055][dowhy.causal_identifier.auto_identifier][INFO] - Instrumental variables for treatment and outcome:['X5', 'X1']
[2026-04-24 05:25:21,055][dowhy.causal_identifier.auto_identifier][INFO] - Frontdoor variables for treatment and outcome:[]
[2026-04-24 05:25:21,055][dowhy.causal_model][INFO] - linear_regression
[2026-04-24 05:25:21,055][dowhy.causal_estimator][INFO] - INFO: Using Linear Regression Estimator
[2026-04-24 05:25:21,055][dowhy.causal_estimator][INFO] - b: X7~X6+X6*X3+X6*X2
[2026-04-24 05:25:21,063][dowhy.causal_model][INFO] - Model to find the causal effect of treatment ['X6'] on outcome ['X8']
[2026-04-24 05:25:21,065][dowhy.causal_identifier.auto_identifier][INFO] - Causal effect can be identified.
[2026-04-24 05:25:21,066][dowhy.causal_identifier.auto_identifier][INFO] - Instrumental variables for treatment and outcome:['X5', 'X1']
[2026-04-24 05:25:21,067][dowhy.causal_identifier.auto_identifier][INFO] - Frontdoor variables for treatment and outcome:[]
[2026-04-24 05:25:21,067][dowhy.causal_model][INFO] - linear_regression
[2026-04-24 05:25:21,067][dowhy.causal_estimator][INFO] - INFO: Using Linear Regression Estimator
[2026-04-24 05:25:21,067][dowhy.causal_estimator][INFO] - b: X8~X6+X6*X3+X6*X2
[2026-04-24 05:25:21,074][dowhy.causal_model][INFO] - Model to find the causal effect of treatment ['X6'] on outcome ['X9']
[2026-04-24 05:25:21,074][dowhy.causal_identifier.auto_identifier][WARNING] - No directed path from treatment to outcome. Causal Effect is zero.
[2026-04-24 05:25:21,074][dowhy.causal_model][INFO] - linear_regression
[2026-04-24 05:25:21,074][dowhy.causal_estimator][INFO] - INFO: Using Linear Regression Estimator
[2026-04-24 05:25:21,074][dowhy.causal_estimator][WARNING] - No directed path from ['X6'] to ['X9'].
[2026-04-24 05:25:21,076][dowhy.causal_model][INFO] - Model to find the causal effect of treatment ['X6'] on outcome ['X10']
[2026-04-24 05:25:21,078][dowhy.causal_identifier.auto_identifier][INFO] - Causal effect can be identified.
[2026-04-24 05:25:21,079][dowhy.causal_identifier.auto_identifier][INFO] - Instrumental variables for treatment and outcome:['X5', 'X1']
[2026-04-24 05:25:21,080][dowhy.causal_identifier.auto_identifier][INFO] - Frontdoor variables for treatment and outcome:[]
[2026-04-24 05:25:21,080][dowhy.causal_model][INFO] - linear_regression
[2026-04-24 05:25:21,080][dowhy.causal_estimator][INFO] - INFO: Using Linear Regression Estimator
[2026-04-24 05:25:21,080][dowhy.causal_estimator][INFO] - b: X10~X6+X6*X3+X6*X2
[2026-04-24 05:25:21,088][dowhy.causal_model][INFO] - Model to find the causal effect of treatment ['X6'] on outcome ['X11']
[2026-04-24 05:25:21,090][dowhy.causal_identifier.auto_identifier][INFO] - Causal effect can be identified.
[2026-04-24 05:25:21,091][dowhy.causal_identifier.auto_identifier][INFO] - Instrumental variables for treatment and outcome:['X5', 'X1']
[2026-04-24 05:25:21,092][dowhy.causal_identifier.auto_identifier][INFO] - Frontdoor variables for treatment and outcome:['X10', 'X7', 'X8']
[2026-04-24 05:25:21,095][dowhy.causal_identifier.auto_identifier][INFO] - Causal effect can be identified.
[2026-04-24 05:25:21,098][dowhy.causal_identifier.auto_identifier][INFO] - Causal effect can be identified.
[2026-04-24 05:25:21,099][dowhy.causal_model][INFO] - linear_regression
[2026-04-24 05:25:21,099][dowhy.causal_estimator][INFO] - INFO: Using Linear Regression Estimator
[2026-04-24 05:25:21,099][dowhy.causal_estimator][INFO] - b: X11~X6+X6*X3+X6*X4+X6*X2
[2026-04-24 05:25:21,145][dowhy.causal_model][INFO] - Model to find the causal effect of treatment ['X7'] on outcome ['X0']
[2026-04-24 05:25:21,145][dowhy.causal_identifier.auto_identifier][WARNING] - No directed path from treatment to outcome. Causal Effect is zero.
[2026-04-24 05:25:21,145][dowhy.causal_model][INFO] - linear_regression
[2026-04-24 05:25:21,146][dowhy.causal_estimator][INFO] - INFO: Using Linear Regression Estimator
[2026-04-24 05:25:21,146][dowhy.causal_estimator][WARNING] - No directed path from ['X7'] to ['X0'].
[2026-04-24 05:25:21,147][dowhy.causal_model][INFO] - Model to find the causal effect of treatment ['X7'] on outcome ['X1']
[2026-04-24 05:25:21,147][dowhy.causal_identifier.auto_identifier][WARNING] - No directed path from treatment to outcome. Causal Effect is zero.
[2026-04-24 05:25:21,147][dowhy.causal_model][INFO] - linear_regression
[2026-04-24 05:25:21,147][dowhy.causal_estimator][INFO] - INFO: Using Linear Regression Estimator
[2026-04-24 05:25:21,147][dowhy.causal_estimator][WARNING] - No directed path from ['X7'] to ['X1'].
[2026-04-24 05:25:21,149][dowhy.causal_model][INFO] - Model to find the causal effect of treatment ['X7'] on outcome ['X2']
[2026-04-24 05:25:21,149][dowhy.causal_identifier.auto_identifier][WARNING] - No directed path from treatment to outcome. Causal Effect is zero.
[2026-04-24 05:25:21,149][dowhy.causal_model][INFO] - linear_regression
[2026-04-24 05:25:21,149][dowhy.causal_estimator][INFO] - INFO: Using Linear Regression Estimator
[2026-04-24 05:25:21,149][dowhy.causal_estimator][WARNING] - No directed path from ['X7'] to ['X2'].
[2026-04-24 05:25:21,151][dowhy.causal_model][INFO] - Model to find the causal effect of treatment ['X7'] on outcome ['X3']
[2026-04-24 05:25:21,151][dowhy.causal_identifier.auto_identifier][WARNING] - No directed path from treatment to outcome. Causal Effect is zero.
[2026-04-24 05:25:21,151][dowhy.causal_model][INFO] - linear_regression
[2026-04-24 05:25:21,151][dowhy.causal_estimator][INFO] - INFO: Using Linear Regression Estimator
[2026-04-24 05:25:21,151][dowhy.causal_estimator][WARNING] - No directed path from ['X7'] to ['X3'].
[2026-04-24 05:25:21,153][dowhy.causal_model][INFO] - Model to find the causal effect of treatment ['X7'] on outcome ['X4']
[2026-04-24 05:25:21,153][dowhy.causal_identifier.auto_identifier][WARNING] - No directed path from treatment to outcome. Causal Effect is zero.
[2026-04-24 05:25:21,153][dowhy.causal_model][INFO] - linear_regression
[2026-04-24 05:25:21,153][dowhy.causal_estimator][INFO] - INFO: Using Linear Regression Estimator
[2026-04-24 05:25:21,153][dowhy.causal_estimator][WARNING] - No directed path from ['X7'] to ['X4'].
[2026-04-24 05:25:21,155][dowhy.causal_model][INFO] - Model to find the causal effect of treatment ['X7'] on outcome ['X5']
[2026-04-24 05:25:21,155][dowhy.causal_identifier.auto_identifier][WARNING] - No directed path from treatment to outcome. Causal Effect is zero.
[2026-04-24 05:25:21,155][dowhy.causal_model][INFO] - linear_regression
[2026-04-24 05:25:21,155][dowhy.causal_estimator][INFO] - INFO: Using Linear Regression Estimator
[2026-04-24 05:25:21,155][dowhy.causal_estimator][WARNING] - No directed path from ['X7'] to ['X5'].
[2026-04-24 05:25:21,157][dowhy.causal_model][INFO] - Model to find the causal effect of treatment ['X7'] on outcome ['X6']
[2026-04-24 05:25:21,157][dowhy.causal_identifier.auto_identifier][WARNING] - No directed path from treatment to outcome. Causal Effect is zero.
[2026-04-24 05:25:21,157][dowhy.causal_model][INFO] - linear_regression
[2026-04-24 05:25:21,157][dowhy.causal_estimator][INFO] - INFO: Using Linear Regression Estimator
[2026-04-24 05:25:21,157][dowhy.causal_estimator][WARNING] - No directed path from ['X7'] to ['X6'].
[2026-04-24 05:25:21,159][dowhy.causal_model][INFO] - Model to find the causal effect of treatment ['X7'] on outcome ['X8']
[2026-04-24 05:25:21,161][dowhy.causal_identifier.auto_identifier][INFO] - Causal effect can be identified.
[2026-04-24 05:25:21,162][dowhy.causal_identifier.auto_identifier][INFO] - Instrumental variables for treatment and outcome:['X2', 'X6']
[2026-04-24 05:25:21,162][dowhy.causal_identifier.auto_identifier][INFO] - Frontdoor variables for treatment and outcome:[]
[2026-04-24 05:25:21,162][dowhy.causal_model][INFO] - linear_regression
[2026-04-24 05:25:21,163][dowhy.causal_estimator][INFO] - INFO: Using Linear Regression Estimator
[2026-04-24 05:25:21,163][dowhy.causal_estimator][INFO] - b: X8~X7+X3
[2026-04-24 05:25:21,171][dowhy.causal_model][INFO] - Model to find the causal effect of treatment ['X7'] on outcome ['X9']
[2026-04-24 05:25:21,171][dowhy.causal_identifier.auto_identifier][WARNING] - No directed path from treatment to outcome. Causal Effect is zero.
[2026-04-24 05:25:21,171][dowhy.causal_model][INFO] - linear_regression
[2026-04-24 05:25:21,171][dowhy.causal_estimator][INFO] - INFO: Using Linear Regression Estimator
[2026-04-24 05:25:21,171][dowhy.causal_estimator][WARNING] - No directed path from ['X7'] to ['X9'].
[2026-04-24 05:25:21,173][dowhy.causal_model][INFO] - Model to find the causal effect of treatment ['X7'] on outcome ['X10']
[2026-04-24 05:25:21,176][dowhy.causal_identifier.auto_identifier][INFO] - Causal effect can be identified.
[2026-04-24 05:25:21,176][dowhy.causal_identifier.auto_identifier][INFO] - Instrumental variables for treatment and outcome:['X3', 'X6']
[2026-04-24 05:25:21,177][dowhy.causal_identifier.auto_identifier][INFO] - Frontdoor variables for treatment and outcome:[]
[2026-04-24 05:25:21,177][dowhy.causal_model][INFO] - linear_regression
[2026-04-24 05:25:21,177][dowhy.causal_estimator][INFO] - INFO: Using Linear Regression Estimator
[2026-04-24 05:25:21,177][dowhy.causal_estimator][INFO] - b: X10~X7+X2
[2026-04-24 05:25:21,185][dowhy.causal_model][INFO] - Model to find the causal effect of treatment ['X7'] on outcome ['X11']
[2026-04-24 05:25:21,188][dowhy.causal_identifier.auto_identifier][INFO] - Causal effect can be identified.
[2026-04-24 05:25:21,189][dowhy.causal_identifier.auto_identifier][INFO] - Instrumental variables for treatment and outcome:['X2', 'X6']
[2026-04-24 05:25:21,190][dowhy.causal_identifier.auto_identifier][INFO] - Frontdoor variables for treatment and outcome:[]
[2026-04-24 05:25:21,190][dowhy.causal_model][INFO] - linear_regression
[2026-04-24 05:25:21,190][dowhy.causal_estimator][INFO] - INFO: Using Linear Regression Estimator
[2026-04-24 05:25:21,190][dowhy.causal_estimator][INFO] - b: X11~X7+X3+X7*X4
[2026-04-24 05:25:21,238][dowhy.causal_model][INFO] - Model to find the causal effect of treatment ['X8'] on outcome ['X0']
[2026-04-24 05:25:21,238][dowhy.causal_identifier.auto_identifier][WARNING] - No directed path from treatment to outcome. Causal Effect is zero.
[2026-04-24 05:25:21,238][dowhy.causal_model][INFO] - linear_regression
[2026-04-24 05:25:21,238][dowhy.causal_estimator][INFO] - INFO: Using Linear Regression Estimator
[2026-04-24 05:25:21,238][dowhy.causal_estimator][WARNING] - No directed path from ['X8'] to ['X0'].
[2026-04-24 05:25:21,240][dowhy.causal_model][INFO] - Model to find the causal effect of treatment ['X8'] on outcome ['X1']
[2026-04-24 05:25:21,240][dowhy.causal_identifier.auto_identifier][WARNING] - No directed path from treatment to outcome. Causal Effect is zero.
[2026-04-24 05:25:21,240][dowhy.causal_model][INFO] - linear_regression
[2026-04-24 05:25:21,240][dowhy.causal_estimator][INFO] - INFO: Using Linear Regression Estimator
[2026-04-24 05:25:21,240][dowhy.causal_estimator][WARNING] - No directed path from ['X8'] to ['X1'].
[2026-04-24 05:25:21,242][dowhy.causal_model][INFO] - Model to find the causal effect of treatment ['X8'] on outcome ['X2']
[2026-04-24 05:25:21,242][dowhy.causal_identifier.auto_identifier][WARNING] - No directed path from treatment to outcome. Causal Effect is zero.
[2026-04-24 05:25:21,242][dowhy.causal_model][INFO] - linear_regression
[2026-04-24 05:25:21,242][dowhy.causal_estimator][INFO] - INFO: Using Linear Regression Estimator
[2026-04-24 05:25:21,242][dowhy.causal_estimator][WARNING] - No directed path from ['X8'] to ['X2'].
[2026-04-24 05:25:21,244][dowhy.causal_model][INFO] - Model to find the causal effect of treatment ['X8'] on outcome ['X3']
[2026-04-24 05:25:21,244][dowhy.causal_identifier.auto_identifier][WARNING] - No directed path from treatment to outcome. Causal Effect is zero.
[2026-04-24 05:25:21,244][dowhy.causal_model][INFO] - linear_regression
[2026-04-24 05:25:21,244][dowhy.causal_estimator][INFO] - INFO: Using Linear Regression Estimator
[2026-04-24 05:25:21,244][dowhy.causal_estimator][WARNING] - No directed path from ['X8'] to ['X3'].
[2026-04-24 05:25:21,246][dowhy.causal_model][INFO] - Model to find the causal effect of treatment ['X8'] on outcome ['X4']
[2026-04-24 05:25:21,246][dowhy.causal_identifier.auto_identifier][WARNING] - No directed path from treatment to outcome. Causal Effect is zero.
[2026-04-24 05:25:21,246][dowhy.causal_model][INFO] - linear_regression
[2026-04-24 05:25:21,246][dowhy.causal_estimator][INFO] - INFO: Using Linear Regression Estimator
[2026-04-24 05:25:21,246][dowhy.causal_estimator][WARNING] - No directed path from ['X8'] to ['X4'].
[2026-04-24 05:25:21,248][dowhy.causal_model][INFO] - Model to find the causal effect of treatment ['X8'] on outcome ['X5']
[2026-04-24 05:25:21,248][dowhy.causal_identifier.auto_identifier][WARNING] - No directed path from treatment to outcome. Causal Effect is zero.
[2026-04-24 05:25:21,248][dowhy.causal_model][INFO] - linear_regression
[2026-04-24 05:25:21,248][dowhy.causal_estimator][INFO] - INFO: Using Linear Regression Estimator
[2026-04-24 05:25:21,248][dowhy.causal_estimator][WARNING] - No directed path from ['X8'] to ['X5'].
[2026-04-24 05:25:21,250][dowhy.causal_model][INFO] - Model to find the causal effect of treatment ['X8'] on outcome ['X6']
[2026-04-24 05:25:21,250][dowhy.causal_identifier.auto_identifier][WARNING] - No directed path from treatment to outcome. Causal Effect is zero.
[2026-04-24 05:25:21,250][dowhy.causal_model][INFO] - linear_regression
[2026-04-24 05:25:21,250][dowhy.causal_estimator][INFO] - INFO: Using Linear Regression Estimator
[2026-04-24 05:25:21,250][dowhy.causal_estimator][WARNING] - No directed path from ['X8'] to ['X6'].
[2026-04-24 05:25:21,252][dowhy.causal_model][INFO] - Model to find the causal effect of treatment ['X8'] on outcome ['X7']
[2026-04-24 05:25:21,252][dowhy.causal_identifier.auto_identifier][WARNING] - No directed path from treatment to outcome. Causal Effect is zero.
[2026-04-24 05:25:21,252][dowhy.causal_model][INFO] - linear_regression
[2026-04-24 05:25:21,252][dowhy.causal_estimator][INFO] - INFO: Using Linear Regression Estimator
[2026-04-24 05:25:21,252][dowhy.causal_estimator][WARNING] - No directed path from ['X8'] to ['X7'].
[2026-04-24 05:25:21,254][dowhy.causal_model][INFO] - Model to find the causal effect of treatment ['X8'] on outcome ['X9']
[2026-04-24 05:25:21,254][dowhy.causal_identifier.auto_identifier][WARNING] - No directed path from treatment to outcome. Causal Effect is zero.
[2026-04-24 05:25:21,254][dowhy.causal_model][INFO] - linear_regression
[2026-04-24 05:25:21,254][dowhy.causal_estimator][INFO] - INFO: Using Linear Regression Estimator
[2026-04-24 05:25:21,254][dowhy.causal_estimator][WARNING] - No directed path from ['X8'] to ['X9'].
[2026-04-24 05:25:21,256][dowhy.causal_model][INFO] - Model to find the causal effect of treatment ['X8'] on outcome ['X10']
[2026-04-24 05:25:21,256][dowhy.causal_identifier.auto_identifier][WARNING] - No directed path from treatment to outcome. Causal Effect is zero.
[2026-04-24 05:25:21,256][dowhy.causal_model][INFO] - linear_regression
[2026-04-24 05:25:21,256][dowhy.causal_estimator][INFO] - INFO: Using Linear Regression Estimator
[2026-04-24 05:25:21,256][dowhy.causal_estimator][WARNING] - No directed path from ['X8'] to ['X10'].
[2026-04-24 05:25:21,258][dowhy.causal_model][INFO] - Model to find the causal effect of treatment ['X8'] on outcome ['X11']
[2026-04-24 05:25:21,261][dowhy.causal_identifier.auto_identifier][INFO] - Causal effect can be identified.
[2026-04-24 05:25:21,262][dowhy.causal_identifier.auto_identifier][INFO] - Instrumental variables for treatment and outcome:['X3', 'X7']
[2026-04-24 05:25:21,263][dowhy.causal_identifier.auto_identifier][INFO] - Frontdoor variables for treatment and outcome:[]
[2026-04-24 05:25:21,263][dowhy.causal_model][INFO] - linear_regression
[2026-04-24 05:25:21,263][dowhy.causal_estimator][INFO] - INFO: Using Linear Regression Estimator
[2026-04-24 05:25:21,263][dowhy.causal_estimator][INFO] - b: X11~X8+X8*X4
[2026-04-24 05:25:21,303][dowhy.causal_model][INFO] - Model to find the causal effect of treatment ['X9'] on outcome ['X0']
[2026-04-24 05:25:21,304][dowhy.causal_identifier.auto_identifier][WARNING] - No directed path from treatment to outcome. Causal Effect is zero.
[2026-04-24 05:25:21,304][dowhy.causal_model][INFO] - linear_regression
[2026-04-24 05:25:21,304][dowhy.causal_estimator][INFO] - INFO: Using Linear Regression Estimator
[2026-04-24 05:25:21,304][dowhy.causal_estimator][WARNING] - No directed path from ['X9'] to ['X0'].
[2026-04-24 05:25:21,305][dowhy.causal_model][INFO] - Model to find the causal effect of treatment ['X9'] on outcome ['X1']
[2026-04-24 05:25:21,305][dowhy.causal_identifier.auto_identifier][WARNING] - No directed path from treatment to outcome. Causal Effect is zero.
[2026-04-24 05:25:21,306][dowhy.causal_model][INFO] - linear_regression
[2026-04-24 05:25:21,306][dowhy.causal_estimator][INFO] - INFO: Using Linear Regression Estimator
[2026-04-24 05:25:21,306][dowhy.causal_estimator][WARNING] - No directed path from ['X9'] to ['X1'].
[2026-04-24 05:25:21,307][dowhy.causal_model][INFO] - Model to find the causal effect of treatment ['X9'] on outcome ['X2']
[2026-04-24 05:25:21,307][dowhy.causal_identifier.auto_identifier][WARNING] - No directed path from treatment to outcome. Causal Effect is zero.
[2026-04-24 05:25:21,307][dowhy.causal_model][INFO] - linear_regression
[2026-04-24 05:25:21,307][dowhy.causal_estimator][INFO] - INFO: Using Linear Regression Estimator
[2026-04-24 05:25:21,307][dowhy.causal_estimator][WARNING] - No directed path from ['X9'] to ['X2'].
[2026-04-24 05:25:21,309][dowhy.causal_model][INFO] - Model to find the causal effect of treatment ['X9'] on outcome ['X3']
[2026-04-24 05:25:21,309][dowhy.causal_identifier.auto_identifier][WARNING] - No directed path from treatment to outcome. Causal Effect is zero.
[2026-04-24 05:25:21,309][dowhy.causal_model][INFO] - linear_regression
[2026-04-24 05:25:21,309][dowhy.causal_estimator][INFO] - INFO: Using Linear Regression Estimator
[2026-04-24 05:25:21,309][dowhy.causal_estimator][WARNING] - No directed path from ['X9'] to ['X3'].
[2026-04-24 05:25:21,311][dowhy.causal_model][INFO] - Model to find the causal effect of treatment ['X9'] on outcome ['X4']
[2026-04-24 05:25:21,311][dowhy.causal_identifier.auto_identifier][WARNING] - No directed path from treatment to outcome. Causal Effect is zero.
[2026-04-24 05:25:21,311][dowhy.causal_model][INFO] - linear_regression
[2026-04-24 05:25:21,311][dowhy.causal_estimator][INFO] - INFO: Using Linear Regression Estimator
[2026-04-24 05:25:21,311][dowhy.causal_estimator][WARNING] - No directed path from ['X9'] to ['X4'].
[2026-04-24 05:25:21,313][dowhy.causal_model][INFO] - Model to find the causal effect of treatment ['X9'] on outcome ['X5']
[2026-04-24 05:25:21,313][dowhy.causal_identifier.auto_identifier][WARNING] - No directed path from treatment to outcome. Causal Effect is zero.
[2026-04-24 05:25:21,313][dowhy.causal_model][INFO] - linear_regression
[2026-04-24 05:25:21,313][dowhy.causal_estimator][INFO] - INFO: Using Linear Regression Estimator
[2026-04-24 05:25:21,313][dowhy.causal_estimator][WARNING] - No directed path from ['X9'] to ['X5'].
[2026-04-24 05:25:21,314][dowhy.causal_model][INFO] - Model to find the causal effect of treatment ['X9'] on outcome ['X6']
[2026-04-24 05:25:21,315][dowhy.causal_identifier.auto_identifier][WARNING] - No directed path from treatment to outcome. Causal Effect is zero.
[2026-04-24 05:25:21,315][dowhy.causal_model][INFO] - linear_regression
[2026-04-24 05:25:21,315][dowhy.causal_estimator][INFO] - INFO: Using Linear Regression Estimator
[2026-04-24 05:25:21,315][dowhy.causal_estimator][WARNING] - No directed path from ['X9'] to ['X6'].
[2026-04-24 05:25:21,316][dowhy.causal_model][INFO] - Model to find the causal effect of treatment ['X9'] on outcome ['X7']
[2026-04-24 05:25:21,316][dowhy.causal_identifier.auto_identifier][WARNING] - No directed path from treatment to outcome. Causal Effect is zero.
[2026-04-24 05:25:21,316][dowhy.causal_model][INFO] - linear_regression
[2026-04-24 05:25:21,316][dowhy.causal_estimator][INFO] - INFO: Using Linear Regression Estimator
[2026-04-24 05:25:21,316][dowhy.causal_estimator][WARNING] - No directed path from ['X9'] to ['X7'].
[2026-04-24 05:25:21,318][dowhy.causal_model][INFO] - Model to find the causal effect of treatment ['X9'] on outcome ['X8']
[2026-04-24 05:25:21,318][dowhy.causal_identifier.auto_identifier][WARNING] - No directed path from treatment to outcome. Causal Effect is zero.
[2026-04-24 05:25:21,318][dowhy.causal_model][INFO] - linear_regression
[2026-04-24 05:25:21,318][dowhy.causal_estimator][INFO] - INFO: Using Linear Regression Estimator
[2026-04-24 05:25:21,318][dowhy.causal_estimator][WARNING] - No directed path from ['X9'] to ['X8'].
[2026-04-24 05:25:21,320][dowhy.causal_model][INFO] - Model to find the causal effect of treatment ['X9'] on outcome ['X10']
[2026-04-24 05:25:21,320][dowhy.causal_identifier.auto_identifier][WARNING] - No directed path from treatment to outcome. Causal Effect is zero.
[2026-04-24 05:25:21,320][dowhy.causal_model][INFO] - linear_regression
[2026-04-24 05:25:21,320][dowhy.causal_estimator][INFO] - INFO: Using Linear Regression Estimator
[2026-04-24 05:25:21,320][dowhy.causal_estimator][WARNING] - No directed path from ['X9'] to ['X10'].
[2026-04-24 05:25:21,322][dowhy.causal_model][INFO] - Model to find the causal effect of treatment ['X9'] on outcome ['X11']
[2026-04-24 05:25:21,322][dowhy.causal_identifier.auto_identifier][WARNING] - No directed path from treatment to outcome. Causal Effect is zero.
[2026-04-24 05:25:21,322][dowhy.causal_model][INFO] - linear_regression
[2026-04-24 05:25:21,322][dowhy.causal_estimator][INFO] - INFO: Using Linear Regression Estimator
[2026-04-24 05:25:21,322][dowhy.causal_estimator][WARNING] - No directed path from ['X9'] to ['X11'].
[2026-04-24 05:25:21,354][dowhy.causal_model][INFO] - Model to find the causal effect of treatment ['X10'] on outcome ['X0']
[2026-04-24 05:25:21,354][dowhy.causal_identifier.auto_identifier][WARNING] - No directed path from treatment to outcome. Causal Effect is zero.
[2026-04-24 05:25:21,355][dowhy.causal_model][INFO] - linear_regression
[2026-04-24 05:25:21,355][dowhy.causal_estimator][INFO] - INFO: Using Linear Regression Estimator
[2026-04-24 05:25:21,355][dowhy.causal_estimator][WARNING] - No directed path from ['X10'] to ['X0'].
[2026-04-24 05:25:21,356][dowhy.causal_model][INFO] - Model to find the causal effect of treatment ['X10'] on outcome ['X1']
[2026-04-24 05:25:21,356][dowhy.causal_identifier.auto_identifier][WARNING] - No directed path from treatment to outcome. Causal Effect is zero.
[2026-04-24 05:25:21,356][dowhy.causal_model][INFO] - linear_regression
[2026-04-24 05:25:21,356][dowhy.causal_estimator][INFO] - INFO: Using Linear Regression Estimator
[2026-04-24 05:25:21,356][dowhy.causal_estimator][WARNING] - No directed path from ['X10'] to ['X1'].
[2026-04-24 05:25:21,358][dowhy.causal_model][INFO] - Model to find the causal effect of treatment ['X10'] on outcome ['X2']
[2026-04-24 05:25:21,358][dowhy.causal_identifier.auto_identifier][WARNING] - No directed path from treatment to outcome. Causal Effect is zero.
[2026-04-24 05:25:21,358][dowhy.causal_model][INFO] - linear_regression
[2026-04-24 05:25:21,358][dowhy.causal_estimator][INFO] - INFO: Using Linear Regression Estimator
[2026-04-24 05:25:21,358][dowhy.causal_estimator][WARNING] - No directed path from ['X10'] to ['X2'].
[2026-04-24 05:25:21,360][dowhy.causal_model][INFO] - Model to find the causal effect of treatment ['X10'] on outcome ['X3']
[2026-04-24 05:25:21,360][dowhy.causal_identifier.auto_identifier][WARNING] - No directed path from treatment to outcome. Causal Effect is zero.
[2026-04-24 05:25:21,360][dowhy.causal_model][INFO] - linear_regression
[2026-04-24 05:25:21,360][dowhy.causal_estimator][INFO] - INFO: Using Linear Regression Estimator
[2026-04-24 05:25:21,360][dowhy.causal_estimator][WARNING] - No directed path from ['X10'] to ['X3'].
[2026-04-24 05:25:21,362][dowhy.causal_model][INFO] - Model to find the causal effect of treatment ['X10'] on outcome ['X4']
[2026-04-24 05:25:21,362][dowhy.causal_identifier.auto_identifier][WARNING] - No directed path from treatment to outcome. Causal Effect is zero.
[2026-04-24 05:25:21,362][dowhy.causal_model][INFO] - linear_regression
[2026-04-24 05:25:21,362][dowhy.causal_estimator][INFO] - INFO: Using Linear Regression Estimator
[2026-04-24 05:25:21,362][dowhy.causal_estimator][WARNING] - No directed path from ['X10'] to ['X4'].
[2026-04-24 05:25:21,363][dowhy.causal_model][INFO] - Model to find the causal effect of treatment ['X10'] on outcome ['X5']
[2026-04-24 05:25:21,363][dowhy.causal_identifier.auto_identifier][WARNING] - No directed path from treatment to outcome. Causal Effect is zero.
[2026-04-24 05:25:21,363][dowhy.causal_model][INFO] - linear_regression
[2026-04-24 05:25:21,364][dowhy.causal_estimator][INFO] - INFO: Using Linear Regression Estimator
[2026-04-24 05:25:21,364][dowhy.causal_estimator][WARNING] - No directed path from ['X10'] to ['X5'].
[2026-04-24 05:25:21,365][dowhy.causal_model][INFO] - Model to find the causal effect of treatment ['X10'] on outcome ['X6']
[2026-04-24 05:25:21,365][dowhy.causal_identifier.auto_identifier][WARNING] - No directed path from treatment to outcome. Causal Effect is zero.
[2026-04-24 05:25:21,365][dowhy.causal_model][INFO] - linear_regression
[2026-04-24 05:25:21,365][dowhy.causal_estimator][INFO] - INFO: Using Linear Regression Estimator
[2026-04-24 05:25:21,365][dowhy.causal_estimator][WARNING] - No directed path from ['X10'] to ['X6'].
[2026-04-24 05:25:21,367][dowhy.causal_model][INFO] - Model to find the causal effect of treatment ['X10'] on outcome ['X7']
[2026-04-24 05:25:21,367][dowhy.causal_identifier.auto_identifier][WARNING] - No directed path from treatment to outcome. Causal Effect is zero.
[2026-04-24 05:25:21,367][dowhy.causal_model][INFO] - linear_regression
[2026-04-24 05:25:21,367][dowhy.causal_estimator][INFO] - INFO: Using Linear Regression Estimator
[2026-04-24 05:25:21,367][dowhy.causal_estimator][WARNING] - No directed path from ['X10'] to ['X7'].
[2026-04-24 05:25:21,369][dowhy.causal_model][INFO] - Model to find the causal effect of treatment ['X10'] on outcome ['X8']
[2026-04-24 05:25:21,369][dowhy.causal_identifier.auto_identifier][WARNING] - No directed path from treatment to outcome. Causal Effect is zero.
[2026-04-24 05:25:21,369][dowhy.causal_model][INFO] - linear_regression
[2026-04-24 05:25:21,369][dowhy.causal_estimator][INFO] - INFO: Using Linear Regression Estimator
[2026-04-24 05:25:21,369][dowhy.causal_estimator][WARNING] - No directed path from ['X10'] to ['X8'].
[2026-04-24 05:25:21,371][dowhy.causal_model][INFO] - Model to find the causal effect of treatment ['X10'] on outcome ['X9']
[2026-04-24 05:25:21,371][dowhy.causal_identifier.auto_identifier][WARNING] - No directed path from treatment to outcome. Causal Effect is zero.
[2026-04-24 05:25:21,371][dowhy.causal_model][INFO] - linear_regression
[2026-04-24 05:25:21,371][dowhy.causal_estimator][INFO] - INFO: Using Linear Regression Estimator
[2026-04-24 05:25:21,371][dowhy.causal_estimator][WARNING] - No directed path from ['X10'] to ['X9'].
[2026-04-24 05:25:21,373][dowhy.causal_model][INFO] - Model to find the causal effect of treatment ['X10'] on outcome ['X11']
[2026-04-24 05:25:21,373][dowhy.causal_identifier.auto_identifier][WARNING] - No directed path from treatment to outcome. Causal Effect is zero.
[2026-04-24 05:25:21,373][dowhy.causal_model][INFO] - linear_regression
[2026-04-24 05:25:21,373][dowhy.causal_estimator][INFO] - INFO: Using Linear Regression Estimator
[2026-04-24 05:25:21,373][dowhy.causal_estimator][WARNING] - No directed path from ['X10'] to ['X11'].
[2026-04-24 05:25:21,413][dowhy.causal_model][INFO] - Model to find the causal effect of treatment ['X11'] on outcome ['X0']
[2026-04-24 05:25:21,413][dowhy.causal_identifier.auto_identifier][WARNING] - No directed path from treatment to outcome. Causal Effect is zero.
[2026-04-24 05:25:21,413][dowhy.causal_model][INFO] - linear_regression
[2026-04-24 05:25:21,413][dowhy.causal_estimator][INFO] - INFO: Using Linear Regression Estimator
[2026-04-24 05:25:21,413][dowhy.causal_estimator][WARNING] - No directed path from ['X11'] to ['X0'].
[2026-04-24 05:25:21,415][dowhy.causal_model][INFO] - Model to find the causal effect of treatment ['X11'] on outcome ['X1']
[2026-04-24 05:25:21,415][dowhy.causal_identifier.auto_identifier][WARNING] - No directed path from treatment to outcome. Causal Effect is zero.
[2026-04-24 05:25:21,415][dowhy.causal_model][INFO] - linear_regression
[2026-04-24 05:25:21,415][dowhy.causal_estimator][INFO] - INFO: Using Linear Regression Estimator
[2026-04-24 05:25:21,415][dowhy.causal_estimator][WARNING] - No directed path from ['X11'] to ['X1'].
[2026-04-24 05:25:21,417][dowhy.causal_model][INFO] - Model to find the causal effect of treatment ['X11'] on outcome ['X2']
[2026-04-24 05:25:21,417][dowhy.causal_identifier.auto_identifier][WARNING] - No directed path from treatment to outcome. Causal Effect is zero.
[2026-04-24 05:25:21,417][dowhy.causal_model][INFO] - linear_regression
[2026-04-24 05:25:21,417][dowhy.causal_estimator][INFO] - INFO: Using Linear Regression Estimator
[2026-04-24 05:25:21,417][dowhy.causal_estimator][WARNING] - No directed path from ['X11'] to ['X2'].
[2026-04-24 05:25:21,419][dowhy.causal_model][INFO] - Model to find the causal effect of treatment ['X11'] on outcome ['X3']
[2026-04-24 05:25:21,419][dowhy.causal_identifier.auto_identifier][WARNING] - No directed path from treatment to outcome. Causal Effect is zero.
[2026-04-24 05:25:21,419][dowhy.causal_model][INFO] - linear_regression
[2026-04-24 05:25:21,419][dowhy.causal_estimator][INFO] - INFO: Using Linear Regression Estimator
[2026-04-24 05:25:21,419][dowhy.causal_estimator][WARNING] - No directed path from ['X11'] to ['X3'].
[2026-04-24 05:25:21,421][dowhy.causal_model][INFO] - Model to find the causal effect of treatment ['X11'] on outcome ['X4']
[2026-04-24 05:25:21,421][dowhy.causal_identifier.auto_identifier][WARNING] - No directed path from treatment to outcome. Causal Effect is zero.
[2026-04-24 05:25:21,421][dowhy.causal_model][INFO] - linear_regression
[2026-04-24 05:25:21,421][dowhy.causal_estimator][INFO] - INFO: Using Linear Regression Estimator
[2026-04-24 05:25:21,421][dowhy.causal_estimator][WARNING] - No directed path from ['X11'] to ['X4'].
[2026-04-24 05:25:21,423][dowhy.causal_model][INFO] - Model to find the causal effect of treatment ['X11'] on outcome ['X5']
[2026-04-24 05:25:21,423][dowhy.causal_identifier.auto_identifier][WARNING] - No directed path from treatment to outcome. Causal Effect is zero.
[2026-04-24 05:25:21,423][dowhy.causal_model][INFO] - linear_regression
[2026-04-24 05:25:21,423][dowhy.causal_estimator][INFO] - INFO: Using Linear Regression Estimator
[2026-04-24 05:25:21,423][dowhy.causal_estimator][WARNING] - No directed path from ['X11'] to ['X5'].
[2026-04-24 05:25:21,424][dowhy.causal_model][INFO] - Model to find the causal effect of treatment ['X11'] on outcome ['X6']
[2026-04-24 05:25:21,425][dowhy.causal_identifier.auto_identifier][WARNING] - No directed path from treatment to outcome. Causal Effect is zero.
[2026-04-24 05:25:21,425][dowhy.causal_model][INFO] - linear_regression
[2026-04-24 05:25:21,425][dowhy.causal_estimator][INFO] - INFO: Using Linear Regression Estimator
[2026-04-24 05:25:21,425][dowhy.causal_estimator][WARNING] - No directed path from ['X11'] to ['X6'].
[2026-04-24 05:25:21,426][dowhy.causal_model][INFO] - Model to find the causal effect of treatment ['X11'] on outcome ['X7']
[2026-04-24 05:25:21,426][dowhy.causal_identifier.auto_identifier][WARNING] - No directed path from treatment to outcome. Causal Effect is zero.
[2026-04-24 05:25:21,427][dowhy.causal_model][INFO] - linear_regression
[2026-04-24 05:25:21,427][dowhy.causal_estimator][INFO] - INFO: Using Linear Regression Estimator
[2026-04-24 05:25:21,427][dowhy.causal_estimator][WARNING] - No directed path from ['X11'] to ['X7'].
[2026-04-24 05:25:21,428][dowhy.causal_model][INFO] - Model to find the causal effect of treatment ['X11'] on outcome ['X8']
[2026-04-24 05:25:21,428][dowhy.causal_identifier.auto_identifier][WARNING] - No directed path from treatment to outcome. Causal Effect is zero.
[2026-04-24 05:25:21,428][dowhy.causal_model][INFO] - linear_regression
[2026-04-24 05:25:21,428][dowhy.causal_estimator][INFO] - INFO: Using Linear Regression Estimator
[2026-04-24 05:25:21,428][dowhy.causal_estimator][WARNING] - No directed path from ['X11'] to ['X8'].
[2026-04-24 05:25:21,430][dowhy.causal_model][INFO] - Model to find the causal effect of treatment ['X11'] on outcome ['X9']
[2026-04-24 05:25:21,430][dowhy.causal_identifier.auto_identifier][WARNING] - No directed path from treatment to outcome. Causal Effect is zero.
[2026-04-24 05:25:21,430][dowhy.causal_model][INFO] - linear_regression
[2026-04-24 05:25:21,430][dowhy.causal_estimator][INFO] - INFO: Using Linear Regression Estimator
[2026-04-24 05:25:21,431][dowhy.causal_estimator][WARNING] - No directed path from ['X11'] to ['X9'].
[2026-04-24 05:25:21,432][dowhy.causal_model][INFO] - Model to find the causal effect of treatment ['X11'] on outcome ['X10']
[2026-04-24 05:25:21,432][dowhy.causal_identifier.auto_identifier][WARNING] - No directed path from treatment to outcome. Causal Effect is zero.
[2026-04-24 05:25:21,432][dowhy.causal_model][INFO] - linear_regression
[2026-04-24 05:25:21,433][dowhy.causal_estimator][INFO] - INFO: Using Linear Regression Estimator
[2026-04-24 05:25:21,433][dowhy.causal_estimator][WARNING] - No directed path from ['X11'] to ['X10'].
[2026-04-24 05:25:21,492][dowhy.causal_model][INFO] - Model to find the causal effect of treatment ['X0'] on outcome ['X1']
[2026-04-24 05:25:21,492][dowhy.causal_identifier.auto_identifier][WARNING] - No directed path from treatment to outcome. Causal Effect is zero.
[2026-04-24 05:25:21,493][dowhy.causal_model][INFO] - linear_regression
[2026-04-24 05:25:21,493][dowhy.causal_estimator][INFO] - INFO: Using Linear Regression Estimator
[2026-04-24 05:25:21,493][dowhy.causal_estimator][WARNING] - No directed path from ['X0'] to ['X1'].
[2026-04-24 05:25:21,494][dowhy.causal_model][INFO] - Model to find the causal effect of treatment ['X0'] on outcome ['X2']
[2026-04-24 05:25:21,494][dowhy.causal_identifier.auto_identifier][WARNING] - No directed path from treatment to outcome. Causal Effect is zero.
[2026-04-24 05:25:21,495][dowhy.causal_model][INFO] - linear_regression
[2026-04-24 05:25:21,495][dowhy.causal_estimator][INFO] - INFO: Using Linear Regression Estimator
[2026-04-24 05:25:21,495][dowhy.causal_estimator][WARNING] - No directed path from ['X0'] to ['X2'].
[2026-04-24 05:25:21,496][dowhy.causal_model][INFO] - Model to find the causal effect of treatment ['X0'] on outcome ['X3']
[2026-04-24 05:25:21,496][dowhy.causal_identifier.auto_identifier][WARNING] - No directed path from treatment to outcome. Causal Effect is zero.
[2026-04-24 05:25:21,496][dowhy.causal_model][INFO] - linear_regression
[2026-04-24 05:25:21,496][dowhy.causal_estimator][INFO] - INFO: Using Linear Regression Estimator
[2026-04-24 05:25:21,496][dowhy.causal_estimator][WARNING] - No directed path from ['X0'] to ['X3'].
[2026-04-24 05:25:21,498][dowhy.causal_model][INFO] - Model to find the causal effect of treatment ['X0'] on outcome ['X4']
[2026-04-24 05:25:21,498][dowhy.causal_identifier.auto_identifier][WARNING] - No directed path from treatment to outcome. Causal Effect is zero.
[2026-04-24 05:25:21,498][dowhy.causal_model][INFO] - linear_regression
[2026-04-24 05:25:21,498][dowhy.causal_estimator][INFO] - INFO: Using Linear Regression Estimator
[2026-04-24 05:25:21,498][dowhy.causal_estimator][WARNING] - No directed path from ['X0'] to ['X4'].
[2026-04-24 05:25:21,500][dowhy.causal_model][INFO] - Model to find the causal effect of treatment ['X0'] on outcome ['X5']
[2026-04-24 05:25:21,501][dowhy.causal_identifier.auto_identifier][INFO] - Causal effect can be identified.
[2026-04-24 05:25:21,502][dowhy.causal_identifier.auto_identifier][INFO] - Instrumental variables for treatment and outcome:[]
[2026-04-24 05:25:21,502][dowhy.causal_identifier.auto_identifier][INFO] - Frontdoor variables for treatment and outcome:[]
[2026-04-24 05:25:21,502][dowhy.causal_model][INFO] - linear_regression
[2026-04-24 05:25:21,502][dowhy.causal_estimator][INFO] - INFO: Using Linear Regression Estimator
[2026-04-24 05:25:21,502][dowhy.causal_estimator][INFO] - b: X5~X0+X0*X1
[2026-04-24 05:25:21,510][dowhy.causal_model][INFO] - Model to find the causal effect of treatment ['X0'] on outcome ['X6']
[2026-04-24 05:25:21,511][dowhy.causal_identifier.auto_identifier][INFO] - Causal effect can be identified.
[2026-04-24 05:25:21,511][dowhy.causal_identifier.auto_identifier][INFO] - Instrumental variables for treatment and outcome:[]
[2026-04-24 05:25:21,512][dowhy.causal_identifier.auto_identifier][INFO] - Frontdoor variables for treatment and outcome:[]
[2026-04-24 05:25:21,512][dowhy.causal_model][INFO] - linear_regression
[2026-04-24 05:25:21,512][dowhy.causal_estimator][INFO] - INFO: Using Linear Regression Estimator
[2026-04-24 05:25:21,512][dowhy.causal_estimator][INFO] - b: X6~X0+X0*X1
[2026-04-24 05:25:21,519][dowhy.causal_model][INFO] - Model to find the causal effect of treatment ['X0'] on outcome ['X7']
[2026-04-24 05:25:21,521][dowhy.causal_identifier.auto_identifier][INFO] - Causal effect can be identified.
[2026-04-24 05:25:21,521][dowhy.causal_identifier.auto_identifier][INFO] - Instrumental variables for treatment and outcome:[]
[2026-04-24 05:25:21,523][dowhy.causal_identifier.auto_identifier][INFO] - Frontdoor variables for treatment and outcome:['X5', 'X9', 'X6']
[2026-04-24 05:25:21,524][dowhy.causal_identifier.auto_identifier][INFO] - Causal effect can be identified.
[2026-04-24 05:25:21,526][dowhy.causal_identifier.auto_identifier][INFO] - Causal effect can be identified.
[2026-04-24 05:25:21,526][dowhy.causal_model][INFO] - linear_regression
[2026-04-24 05:25:21,527][dowhy.causal_estimator][INFO] - INFO: Using Linear Regression Estimator
[2026-04-24 05:25:21,527][dowhy.causal_estimator][INFO] - b: X7~X0+X0*X3+X0*X1+X0*X2
[2026-04-24 05:25:21,534][dowhy.causal_model][INFO] - Model to find the causal effect of treatment ['X0'] on outcome ['X8']
[2026-04-24 05:25:21,536][dowhy.causal_identifier.auto_identifier][INFO] - Causal effect can be identified.
[2026-04-24 05:25:21,536][dowhy.causal_identifier.auto_identifier][INFO] - Instrumental variables for treatment and outcome:[]
[2026-04-24 05:25:21,541][dowhy.causal_identifier.auto_identifier][INFO] - Frontdoor variables for treatment and outcome:['X9', 'X5', 'X6']
[2026-04-24 05:25:21,542][dowhy.causal_identifier.auto_identifier][INFO] - Causal effect can be identified.
[2026-04-24 05:25:21,544][dowhy.causal_identifier.auto_identifier][INFO] - Causal effect can be identified.
[2026-04-24 05:25:21,545][dowhy.causal_model][INFO] - linear_regression
[2026-04-24 05:25:21,545][dowhy.causal_estimator][INFO] - INFO: Using Linear Regression Estimator
[2026-04-24 05:25:21,545][dowhy.causal_estimator][INFO] - b: X8~X0+X0*X3+X0*X1+X0*X2
[2026-04-24 05:25:21,552][dowhy.causal_model][INFO] - Model to find the causal effect of treatment ['X0'] on outcome ['X9']
[2026-04-24 05:25:21,553][dowhy.causal_identifier.auto_identifier][INFO] - Causal effect can be identified.
[2026-04-24 05:25:21,554][dowhy.causal_identifier.auto_identifier][INFO] - Instrumental variables for treatment and outcome:[]
[2026-04-24 05:25:21,560][dowhy.causal_identifier.auto_identifier][INFO] - Frontdoor variables for treatment and outcome:[]
[2026-04-24 05:25:21,560][dowhy.causal_model][INFO] - linear_regression
[2026-04-24 05:25:21,560][dowhy.causal_estimator][INFO] - INFO: Using Linear Regression Estimator
[2026-04-24 05:25:21,560][dowhy.causal_estimator][INFO] - b: X9~X0+X0*X1
[2026-04-24 05:25:21,568][dowhy.causal_model][INFO] - Model to find the causal effect of treatment ['X0'] on outcome ['X10']
[2026-04-24 05:25:21,569][dowhy.causal_identifier.auto_identifier][INFO] - Causal effect can be identified.
[2026-04-24 05:25:21,570][dowhy.causal_identifier.auto_identifier][INFO] - Instrumental variables for treatment and outcome:[]
[2026-04-24 05:25:21,579][dowhy.causal_identifier.auto_identifier][INFO] - Frontdoor variables for treatment and outcome:['X9', 'X5', 'X6']
[2026-04-24 05:25:21,581][dowhy.causal_identifier.auto_identifier][INFO] - Causal effect can be identified.
[2026-04-24 05:25:21,583][dowhy.causal_identifier.auto_identifier][INFO] - Causal effect can be identified.
[2026-04-24 05:25:21,584][dowhy.causal_model][INFO] - linear_regression
[2026-04-24 05:25:21,584][dowhy.causal_estimator][INFO] - INFO: Using Linear Regression Estimator
[2026-04-24 05:25:21,584][dowhy.causal_estimator][INFO] - b: X10~X0+X0*X3+X0*X1+X0*X2
[2026-04-24 05:25:21,592][dowhy.causal_model][INFO] - Model to find the causal effect of treatment ['X0'] on outcome ['X11']
[2026-04-24 05:25:21,594][dowhy.causal_identifier.auto_identifier][INFO] - Causal effect can be identified.
[2026-04-24 05:25:21,595][dowhy.causal_identifier.auto_identifier][INFO] - Instrumental variables for treatment and outcome:[]
[2026-04-24 05:25:21,597][dowhy.causal_identifier.auto_identifier][INFO] - Frontdoor variables for treatment and outcome:['X9', 'X10', 'X8', 'X5', 'X7', 'X6']
[2026-04-24 05:25:21,599][dowhy.causal_identifier.auto_identifier][INFO] - Causal effect can be identified.
[2026-04-24 05:25:21,601][dowhy.causal_identifier.auto_identifier][INFO] - Causal effect can be identified.
[2026-04-24 05:25:21,603][dowhy.causal_model][INFO] - linear_regression
[2026-04-24 05:25:21,603][dowhy.causal_estimator][INFO] - INFO: Using Linear Regression Estimator
[2026-04-24 05:25:21,603][dowhy.causal_estimator][INFO] - b: X11~X0+X0*X3+X0*X1+X0*X4+X0*X2
[2026-04-24 05:25:21,655][dowhy.causal_model][INFO] - Model to find the causal effect of treatment ['X1'] on outcome ['X0']
[2026-04-24 05:25:21,655][dowhy.causal_identifier.auto_identifier][WARNING] - No directed path from treatment to outcome. Causal Effect is zero.
[2026-04-24 05:25:21,655][dowhy.causal_model][INFO] - linear_regression
[2026-04-24 05:25:21,655][dowhy.causal_estimator][INFO] - INFO: Using Linear Regression Estimator
[2026-04-24 05:25:21,655][dowhy.causal_estimator][WARNING] - No directed path from ['X1'] to ['X0'].
[2026-04-24 05:25:21,657][dowhy.causal_model][INFO] - Model to find the causal effect of treatment ['X1'] on outcome ['X2']
[2026-04-24 05:25:21,657][dowhy.causal_identifier.auto_identifier][WARNING] - No directed path from treatment to outcome. Causal Effect is zero.
[2026-04-24 05:25:21,657][dowhy.causal_model][INFO] - linear_regression
[2026-04-24 05:25:21,657][dowhy.causal_estimator][INFO] - INFO: Using Linear Regression Estimator
[2026-04-24 05:25:21,657][dowhy.causal_estimator][WARNING] - No directed path from ['X1'] to ['X2'].
[2026-04-24 05:25:21,659][dowhy.causal_model][INFO] - Model to find the causal effect of treatment ['X1'] on outcome ['X3']
[2026-04-24 05:25:21,659][dowhy.causal_identifier.auto_identifier][WARNING] - No directed path from treatment to outcome. Causal Effect is zero.
[2026-04-24 05:25:21,659][dowhy.causal_model][INFO] - linear_regression
[2026-04-24 05:25:21,659][dowhy.causal_estimator][INFO] - INFO: Using Linear Regression Estimator
[2026-04-24 05:25:21,659][dowhy.causal_estimator][WARNING] - No directed path from ['X1'] to ['X3'].
[2026-04-24 05:25:21,661][dowhy.causal_model][INFO] - Model to find the causal effect of treatment ['X1'] on outcome ['X4']
[2026-04-24 05:25:21,661][dowhy.causal_identifier.auto_identifier][WARNING] - No directed path from treatment to outcome. Causal Effect is zero.
[2026-04-24 05:25:21,661][dowhy.causal_model][INFO] - linear_regression
[2026-04-24 05:25:21,661][dowhy.causal_estimator][INFO] - INFO: Using Linear Regression Estimator
[2026-04-24 05:25:21,661][dowhy.causal_estimator][WARNING] - No directed path from ['X1'] to ['X4'].
[2026-04-24 05:25:21,663][dowhy.causal_model][INFO] - Model to find the causal effect of treatment ['X1'] on outcome ['X5']
[2026-04-24 05:25:21,664][dowhy.causal_identifier.auto_identifier][INFO] - Causal effect can be identified.
[2026-04-24 05:25:21,665][dowhy.causal_identifier.auto_identifier][INFO] - Instrumental variables for treatment and outcome:[]
[2026-04-24 05:25:21,665][dowhy.causal_identifier.auto_identifier][INFO] - Frontdoor variables for treatment and outcome:[]
[2026-04-24 05:25:21,665][dowhy.causal_model][INFO] - linear_regression
[2026-04-24 05:25:21,665][dowhy.causal_estimator][INFO] - INFO: Using Linear Regression Estimator
[2026-04-24 05:25:21,665][dowhy.causal_estimator][INFO] - b: X5~X1+X1*X0
[2026-04-24 05:25:21,674][dowhy.causal_model][INFO] - Model to find the causal effect of treatment ['X1'] on outcome ['X6']
[2026-04-24 05:25:21,675][dowhy.causal_identifier.auto_identifier][INFO] - Causal effect can be identified.
[2026-04-24 05:25:21,675][dowhy.causal_identifier.auto_identifier][INFO] - Instrumental variables for treatment and outcome:[]
[2026-04-24 05:25:21,676][dowhy.causal_identifier.auto_identifier][INFO] - Frontdoor variables for treatment and outcome:[]
[2026-04-24 05:25:21,676][dowhy.causal_model][INFO] - linear_regression
[2026-04-24 05:25:21,676][dowhy.causal_estimator][INFO] - INFO: Using Linear Regression Estimator
[2026-04-24 05:25:21,676][dowhy.causal_estimator][INFO] - b: X6~X1+X1*X0
[2026-04-24 05:25:21,684][dowhy.causal_model][INFO] - Model to find the causal effect of treatment ['X1'] on outcome ['X7']
[2026-04-24 05:25:21,685][dowhy.causal_identifier.auto_identifier][INFO] - Causal effect can be identified.
[2026-04-24 05:25:21,686][dowhy.causal_identifier.auto_identifier][INFO] - Instrumental variables for treatment and outcome:[]
[2026-04-24 05:25:21,687][dowhy.causal_identifier.auto_identifier][INFO] - Frontdoor variables for treatment and outcome:['X5', 'X9', 'X6']
[2026-04-24 05:25:21,689][dowhy.causal_identifier.auto_identifier][INFO] - Causal effect can be identified.
[2026-04-24 05:25:21,691][dowhy.causal_identifier.auto_identifier][INFO] - Causal effect can be identified.
[2026-04-24 05:25:21,691][dowhy.causal_model][INFO] - linear_regression
[2026-04-24 05:25:21,691][dowhy.causal_estimator][INFO] - INFO: Using Linear Regression Estimator
[2026-04-24 05:25:21,692][dowhy.causal_estimator][INFO] - b: X7~X1+X1*X3+X1*X0+X1*X2
[2026-04-24 05:25:21,699][dowhy.causal_model][INFO] - Model to find the causal effect of treatment ['X1'] on outcome ['X8']
[2026-04-24 05:25:21,701][dowhy.causal_identifier.auto_identifier][INFO] - Causal effect can be identified.
[2026-04-24 05:25:21,701][dowhy.causal_identifier.auto_identifier][INFO] - Instrumental variables for treatment and outcome:[]
[2026-04-24 05:25:21,706][dowhy.causal_identifier.auto_identifier][INFO] - Frontdoor variables for treatment and outcome:['X9', 'X5', 'X6']
[2026-04-24 05:25:21,707][dowhy.causal_identifier.auto_identifier][INFO] - Causal effect can be identified.
[2026-04-24 05:25:21,709][dowhy.causal_identifier.auto_identifier][INFO] - Causal effect can be identified.
[2026-04-24 05:25:21,710][dowhy.causal_model][INFO] - linear_regression
[2026-04-24 05:25:21,710][dowhy.causal_estimator][INFO] - INFO: Using Linear Regression Estimator
[2026-04-24 05:25:21,710][dowhy.causal_estimator][INFO] - b: X8~X1+X1*X3+X1*X0+X1*X2
[2026-04-24 05:25:21,717][dowhy.causal_model][INFO] - Model to find the causal effect of treatment ['X1'] on outcome ['X9']
[2026-04-24 05:25:21,719][dowhy.causal_identifier.auto_identifier][INFO] - Causal effect can be identified.
[2026-04-24 05:25:21,719][dowhy.causal_identifier.auto_identifier][INFO] - Instrumental variables for treatment and outcome:[]
[2026-04-24 05:25:21,725][dowhy.causal_identifier.auto_identifier][INFO] - Frontdoor variables for treatment and outcome:[]
[2026-04-24 05:25:21,725][dowhy.causal_model][INFO] - linear_regression
[2026-04-24 05:25:21,725][dowhy.causal_estimator][INFO] - INFO: Using Linear Regression Estimator
[2026-04-24 05:25:21,725][dowhy.causal_estimator][INFO] - b: X9~X1+X1*X0
[2026-04-24 05:25:21,733][dowhy.causal_model][INFO] - Model to find the causal effect of treatment ['X1'] on outcome ['X10']
[2026-04-24 05:25:21,734][dowhy.causal_identifier.auto_identifier][INFO] - Causal effect can be identified.
[2026-04-24 05:25:21,735][dowhy.causal_identifier.auto_identifier][INFO] - Instrumental variables for treatment and outcome:[]
[2026-04-24 05:25:21,744][dowhy.causal_identifier.auto_identifier][INFO] - Frontdoor variables for treatment and outcome:['X9', 'X5', 'X6']
[2026-04-24 05:25:21,745][dowhy.causal_identifier.auto_identifier][INFO] - Causal effect can be identified.
[2026-04-24 05:25:21,747][dowhy.causal_identifier.auto_identifier][INFO] - Causal effect can be identified.
[2026-04-24 05:25:21,748][dowhy.causal_model][INFO] - linear_regression
[2026-04-24 05:25:21,748][dowhy.causal_estimator][INFO] - INFO: Using Linear Regression Estimator
[2026-04-24 05:25:21,748][dowhy.causal_estimator][INFO] - b: X10~X1+X1*X3+X1*X0+X1*X2
[2026-04-24 05:25:21,756][dowhy.causal_model][INFO] - Model to find the causal effect of treatment ['X1'] on outcome ['X11']
[2026-04-24 05:25:21,757][dowhy.causal_identifier.auto_identifier][INFO] - Causal effect can be identified.
[2026-04-24 05:25:21,758][dowhy.causal_identifier.auto_identifier][INFO] - Instrumental variables for treatment and outcome:[]
[2026-04-24 05:25:21,760][dowhy.causal_identifier.auto_identifier][INFO] - Frontdoor variables for treatment and outcome:['X9', 'X10', 'X8', 'X5', 'X7', 'X6']
[2026-04-24 05:25:21,762][dowhy.causal_identifier.auto_identifier][INFO] - Causal effect can be identified.
[2026-04-24 05:25:21,764][dowhy.causal_identifier.auto_identifier][INFO] - Causal effect can be identified.
[2026-04-24 05:25:21,765][dowhy.causal_model][INFO] - linear_regression
[2026-04-24 05:25:21,765][dowhy.causal_estimator][INFO] - INFO: Using Linear Regression Estimator
[2026-04-24 05:25:21,765][dowhy.causal_estimator][INFO] - b: X11~X1+X1*X3+X1*X4+X1*X2+X1*X0
[2026-04-24 05:25:21,810][dowhy.causal_model][INFO] - Model to find the causal effect of treatment ['X2'] on outcome ['X0']
[2026-04-24 05:25:21,810][dowhy.causal_identifier.auto_identifier][WARNING] - No directed path from treatment to outcome. Causal Effect is zero.
[2026-04-24 05:25:21,810][dowhy.causal_model][INFO] - linear_regression
[2026-04-24 05:25:21,811][dowhy.causal_estimator][INFO] - INFO: Using Linear Regression Estimator
[2026-04-24 05:25:21,811][dowhy.causal_estimator][WARNING] - No directed path from ['X2'] to ['X0'].
[2026-04-24 05:25:21,812][dowhy.causal_model][INFO] - Model to find the causal effect of treatment ['X2'] on outcome ['X1']
[2026-04-24 05:25:21,812][dowhy.causal_identifier.auto_identifier][WARNING] - No directed path from treatment to outcome. Causal Effect is zero.
[2026-04-24 05:25:21,813][dowhy.causal_model][INFO] - linear_regression
[2026-04-24 05:25:21,813][dowhy.causal_estimator][INFO] - INFO: Using Linear Regression Estimator
[2026-04-24 05:25:21,813][dowhy.causal_estimator][WARNING] - No directed path from ['X2'] to ['X1'].
[2026-04-24 05:25:21,815][dowhy.causal_model][INFO] - Model to find the causal effect of treatment ['X2'] on outcome ['X3']
[2026-04-24 05:25:21,815][dowhy.causal_identifier.auto_identifier][WARNING] - No directed path from treatment to outcome. Causal Effect is zero.
[2026-04-24 05:25:21,815][dowhy.causal_model][INFO] - linear_regression
[2026-04-24 05:25:21,815][dowhy.causal_estimator][INFO] - INFO: Using Linear Regression Estimator
[2026-04-24 05:25:21,815][dowhy.causal_estimator][WARNING] - No directed path from ['X2'] to ['X3'].
[2026-04-24 05:25:21,817][dowhy.causal_model][INFO] - Model to find the causal effect of treatment ['X2'] on outcome ['X4']
[2026-04-24 05:25:21,817][dowhy.causal_identifier.auto_identifier][WARNING] - No directed path from treatment to outcome. Causal Effect is zero.
[2026-04-24 05:25:21,817][dowhy.causal_model][INFO] - linear_regression
[2026-04-24 05:25:21,817][dowhy.causal_estimator][INFO] - INFO: Using Linear Regression Estimator
[2026-04-24 05:25:21,817][dowhy.causal_estimator][WARNING] - No directed path from ['X2'] to ['X4'].
[2026-04-24 05:25:21,819][dowhy.causal_model][INFO] - Model to find the causal effect of treatment ['X2'] on outcome ['X5']
[2026-04-24 05:25:21,819][dowhy.causal_identifier.auto_identifier][WARNING] - No directed path from treatment to outcome. Causal Effect is zero.
[2026-04-24 05:25:21,819][dowhy.causal_model][INFO] - linear_regression
[2026-04-24 05:25:21,819][dowhy.causal_estimator][INFO] - INFO: Using Linear Regression Estimator
[2026-04-24 05:25:21,819][dowhy.causal_estimator][WARNING] - No directed path from ['X2'] to ['X5'].
[2026-04-24 05:25:21,820][dowhy.causal_model][INFO] - Model to find the causal effect of treatment ['X2'] on outcome ['X6']
[2026-04-24 05:25:21,821][dowhy.causal_identifier.auto_identifier][WARNING] - No directed path from treatment to outcome. Causal Effect is zero.
[2026-04-24 05:25:21,821][dowhy.causal_model][INFO] - linear_regression
[2026-04-24 05:25:21,821][dowhy.causal_estimator][INFO] - INFO: Using Linear Regression Estimator
[2026-04-24 05:25:21,821][dowhy.causal_estimator][WARNING] - No directed path from ['X2'] to ['X6'].
[2026-04-24 05:25:21,822][dowhy.causal_model][INFO] - Model to find the causal effect of treatment ['X2'] on outcome ['X7']
[2026-04-24 05:25:21,825][dowhy.causal_identifier.auto_identifier][INFO] - Causal effect can be identified.
[2026-04-24 05:25:21,826][dowhy.causal_identifier.auto_identifier][INFO] - Instrumental variables for treatment and outcome:[]
[2026-04-24 05:25:21,826][dowhy.causal_identifier.auto_identifier][INFO] - Frontdoor variables for treatment and outcome:[]
[2026-04-24 05:25:21,826][dowhy.causal_model][INFO] - linear_regression
[2026-04-24 05:25:21,826][dowhy.causal_estimator][INFO] - INFO: Using Linear Regression Estimator
[2026-04-24 05:25:21,826][dowhy.causal_estimator][INFO] - b: X7~X2+X2*X3+X2*X1+X2*X5+X2*X0+X2*X6
[2026-04-24 05:25:21,835][dowhy.causal_model][INFO] - Model to find the causal effect of treatment ['X2'] on outcome ['X8']
[2026-04-24 05:25:21,837][dowhy.causal_identifier.auto_identifier][INFO] - Causal effect can be identified.
[2026-04-24 05:25:21,838][dowhy.causal_identifier.auto_identifier][INFO] - Instrumental variables for treatment and outcome:[]
[2026-04-24 05:25:21,839][dowhy.causal_identifier.auto_identifier][INFO] - Frontdoor variables for treatment and outcome:[]
[2026-04-24 05:25:21,839][dowhy.causal_model][INFO] - linear_regression
[2026-04-24 05:25:21,839][dowhy.causal_estimator][INFO] - INFO: Using Linear Regression Estimator
[2026-04-24 05:25:21,839][dowhy.causal_estimator][INFO] - b: X8~X2+X2*X3+X2*X1+X2*X5+X2*X0+X2*X6
[2026-04-24 05:25:21,848][dowhy.causal_model][INFO] - Model to find the causal effect of treatment ['X2'] on outcome ['X9']
[2026-04-24 05:25:21,848][dowhy.causal_identifier.auto_identifier][WARNING] - No directed path from treatment to outcome. Causal Effect is zero.
[2026-04-24 05:25:21,848][dowhy.causal_model][INFO] - linear_regression
[2026-04-24 05:25:21,848][dowhy.causal_estimator][INFO] - INFO: Using Linear Regression Estimator
[2026-04-24 05:25:21,848][dowhy.causal_estimator][WARNING] - No directed path from ['X2'] to ['X9'].
[2026-04-24 05:25:21,850][dowhy.causal_model][INFO] - Model to find the causal effect of treatment ['X2'] on outcome ['X10']
[2026-04-24 05:25:21,853][dowhy.causal_identifier.auto_identifier][INFO] - Causal effect can be identified.
[2026-04-24 05:25:21,853][dowhy.causal_identifier.auto_identifier][INFO] - Instrumental variables for treatment and outcome:[]
[2026-04-24 05:25:21,854][dowhy.causal_identifier.auto_identifier][INFO] - Frontdoor variables for treatment and outcome:[]
[2026-04-24 05:25:21,854][dowhy.causal_model][INFO] - linear_regression
[2026-04-24 05:25:21,854][dowhy.causal_estimator][INFO] - INFO: Using Linear Regression Estimator
[2026-04-24 05:25:21,855][dowhy.causal_estimator][INFO] - b: X10~X2+X2*X3+X2*X1+X2*X5+X2*X0+X2*X6
[2026-04-24 05:25:21,864][dowhy.causal_model][INFO] - Model to find the causal effect of treatment ['X2'] on outcome ['X11']
[2026-04-24 05:25:21,866][dowhy.causal_identifier.auto_identifier][INFO] - Causal effect can be identified.
[2026-04-24 05:25:21,867][dowhy.causal_identifier.auto_identifier][INFO] - Instrumental variables for treatment and outcome:[]
[2026-04-24 05:25:21,868][dowhy.causal_identifier.auto_identifier][INFO] - Frontdoor variables for treatment and outcome:['X10', 'X7', 'X8']
[2026-04-24 05:25:21,871][dowhy.causal_identifier.auto_identifier][INFO] - Causal effect can be identified.
[2026-04-24 05:25:21,874][dowhy.causal_identifier.auto_identifier][INFO] - Causal effect can be identified.
[2026-04-24 05:25:21,875][dowhy.causal_model][INFO] - linear_regression
[2026-04-24 05:25:21,876][dowhy.causal_estimator][INFO] - INFO: Using Linear Regression Estimator
[2026-04-24 05:25:21,876][dowhy.causal_estimator][INFO] - b: X11~X2+X2*X3+X2*X4+X2*X1+X2*X5+X2*X0+X2*X6
[2026-04-24 05:25:21,920][dowhy.causal_model][INFO] - Model to find the causal effect of treatment ['X3'] on outcome ['X0']
[2026-04-24 05:25:21,920][dowhy.causal_identifier.auto_identifier][WARNING] - No directed path from treatment to outcome. Causal Effect is zero.
[2026-04-24 05:25:21,920][dowhy.causal_model][INFO] - linear_regression
[2026-04-24 05:25:21,920][dowhy.causal_estimator][INFO] - INFO: Using Linear Regression Estimator
[2026-04-24 05:25:21,920][dowhy.causal_estimator][WARNING] - No directed path from ['X3'] to ['X0'].
[2026-04-24 05:25:21,922][dowhy.causal_model][INFO] - Model to find the causal effect of treatment ['X3'] on outcome ['X1']
[2026-04-24 05:25:21,922][dowhy.causal_identifier.auto_identifier][WARNING] - No directed path from treatment to outcome. Causal Effect is zero.
[2026-04-24 05:25:21,922][dowhy.causal_model][INFO] - linear_regression
[2026-04-24 05:25:21,922][dowhy.causal_estimator][INFO] - INFO: Using Linear Regression Estimator
[2026-04-24 05:25:21,922][dowhy.causal_estimator][WARNING] - No directed path from ['X3'] to ['X1'].
[2026-04-24 05:25:21,924][dowhy.causal_model][INFO] - Model to find the causal effect of treatment ['X3'] on outcome ['X2']
[2026-04-24 05:25:21,924][dowhy.causal_identifier.auto_identifier][WARNING] - No directed path from treatment to outcome. Causal Effect is zero.
[2026-04-24 05:25:21,924][dowhy.causal_model][INFO] - linear_regression
[2026-04-24 05:25:21,924][dowhy.causal_estimator][INFO] - INFO: Using Linear Regression Estimator
[2026-04-24 05:25:21,924][dowhy.causal_estimator][WARNING] - No directed path from ['X3'] to ['X2'].
[2026-04-24 05:25:21,926][dowhy.causal_model][INFO] - Model to find the causal effect of treatment ['X3'] on outcome ['X4']
[2026-04-24 05:25:21,926][dowhy.causal_identifier.auto_identifier][WARNING] - No directed path from treatment to outcome. Causal Effect is zero.
[2026-04-24 05:25:21,926][dowhy.causal_model][INFO] - linear_regression
[2026-04-24 05:25:21,926][dowhy.causal_estimator][INFO] - INFO: Using Linear Regression Estimator
[2026-04-24 05:25:21,926][dowhy.causal_estimator][WARNING] - No directed path from ['X3'] to ['X4'].
[2026-04-24 05:25:21,928][dowhy.causal_model][INFO] - Model to find the causal effect of treatment ['X3'] on outcome ['X5']
[2026-04-24 05:25:21,928][dowhy.causal_identifier.auto_identifier][WARNING] - No directed path from treatment to outcome. Causal Effect is zero.
[2026-04-24 05:25:21,928][dowhy.causal_model][INFO] - linear_regression
[2026-04-24 05:25:21,928][dowhy.causal_estimator][INFO] - INFO: Using Linear Regression Estimator
[2026-04-24 05:25:21,928][dowhy.causal_estimator][WARNING] - No directed path from ['X3'] to ['X5'].
[2026-04-24 05:25:21,929][dowhy.causal_model][INFO] - Model to find the causal effect of treatment ['X3'] on outcome ['X6']
[2026-04-24 05:25:21,929][dowhy.causal_identifier.auto_identifier][WARNING] - No directed path from treatment to outcome. Causal Effect is zero.
[2026-04-24 05:25:21,930][dowhy.causal_model][INFO] - linear_regression
[2026-04-24 05:25:21,930][dowhy.causal_estimator][INFO] - INFO: Using Linear Regression Estimator
[2026-04-24 05:25:21,930][dowhy.causal_estimator][WARNING] - No directed path from ['X3'] to ['X6'].
[2026-04-24 05:25:21,931][dowhy.causal_model][INFO] - Model to find the causal effect of treatment ['X3'] on outcome ['X7']
[2026-04-24 05:25:21,933][dowhy.causal_identifier.auto_identifier][INFO] - Causal effect can be identified.
[2026-04-24 05:25:21,934][dowhy.causal_identifier.auto_identifier][INFO] - Instrumental variables for treatment and outcome:[]
[2026-04-24 05:25:21,934][dowhy.causal_identifier.auto_identifier][INFO] - Frontdoor variables for treatment and outcome:[]
[2026-04-24 05:25:21,934][dowhy.causal_model][INFO] - linear_regression
[2026-04-24 05:25:21,934][dowhy.causal_estimator][INFO] - INFO: Using Linear Regression Estimator
[2026-04-24 05:25:21,935][dowhy.causal_estimator][INFO] - b: X7~X3+X3*X1+X3*X5+X3*X0+X3*X2+X3*X6
[2026-04-24 05:25:21,943][dowhy.causal_model][INFO] - Model to find the causal effect of treatment ['X3'] on outcome ['X8']
[2026-04-24 05:25:21,945][dowhy.causal_identifier.auto_identifier][INFO] - Causal effect can be identified.
[2026-04-24 05:25:21,946][dowhy.causal_identifier.auto_identifier][INFO] - Instrumental variables for treatment and outcome:[]
[2026-04-24 05:25:21,946][dowhy.causal_identifier.auto_identifier][INFO] - Frontdoor variables for treatment and outcome:[]
[2026-04-24 05:25:21,946][dowhy.causal_model][INFO] - linear_regression
[2026-04-24 05:25:21,946][dowhy.causal_estimator][INFO] - INFO: Using Linear Regression Estimator
[2026-04-24 05:25:21,946][dowhy.causal_estimator][INFO] - b: X8~X3+X3*X1+X3*X5+X3*X0+X3*X2+X3*X6
[2026-04-24 05:25:21,954][dowhy.causal_model][INFO] - Model to find the causal effect of treatment ['X3'] on outcome ['X9']
[2026-04-24 05:25:21,954][dowhy.causal_identifier.auto_identifier][WARNING] - No directed path from treatment to outcome. Causal Effect is zero.
[2026-04-24 05:25:21,955][dowhy.causal_model][INFO] - linear_regression
[2026-04-24 05:25:21,955][dowhy.causal_estimator][INFO] - INFO: Using Linear Regression Estimator
[2026-04-24 05:25:21,955][dowhy.causal_estimator][WARNING] - No directed path from ['X3'] to ['X9'].
[2026-04-24 05:25:21,956][dowhy.causal_model][INFO] - Model to find the causal effect of treatment ['X3'] on outcome ['X10']
[2026-04-24 05:25:21,958][dowhy.causal_identifier.auto_identifier][INFO] - Causal effect can be identified.
[2026-04-24 05:25:21,959][dowhy.causal_identifier.auto_identifier][INFO] - Instrumental variables for treatment and outcome:[]
[2026-04-24 05:25:21,960][dowhy.causal_identifier.auto_identifier][INFO] - Frontdoor variables for treatment and outcome:[]
[2026-04-24 05:25:21,960][dowhy.causal_model][INFO] - linear_regression
[2026-04-24 05:25:21,960][dowhy.causal_estimator][INFO] - INFO: Using Linear Regression Estimator
[2026-04-24 05:25:21,960][dowhy.causal_estimator][INFO] - b: X10~X3+X3*X1+X3*X5+X3*X0+X3*X2+X3*X6
[2026-04-24 05:25:21,968][dowhy.causal_model][INFO] - Model to find the causal effect of treatment ['X3'] on outcome ['X11']
[2026-04-24 05:25:21,971][dowhy.causal_identifier.auto_identifier][INFO] - Causal effect can be identified.
[2026-04-24 05:25:21,971][dowhy.causal_identifier.auto_identifier][INFO] - Instrumental variables for treatment and outcome:[]
[2026-04-24 05:25:21,973][dowhy.causal_identifier.auto_identifier][INFO] - Frontdoor variables for treatment and outcome:['X10', 'X7', 'X8']
[2026-04-24 05:25:21,975][dowhy.causal_identifier.auto_identifier][INFO] - Causal effect can be identified.
[2026-04-24 05:25:21,979][dowhy.causal_identifier.auto_identifier][INFO] - Causal effect can be identified.
[2026-04-24 05:25:21,980][dowhy.causal_model][INFO] - linear_regression
[2026-04-24 05:25:21,980][dowhy.causal_estimator][INFO] - INFO: Using Linear Regression Estimator
[2026-04-24 05:25:21,980][dowhy.causal_estimator][INFO] - b: X11~X3+X3*X4+X3*X1+X3*X0+X3*X5+X3*X2+X3*X6
[2026-04-24 05:25:22,021][dowhy.causal_model][INFO] - Model to find the causal effect of treatment ['X4'] on outcome ['X0']
[2026-04-24 05:25:22,021][dowhy.causal_identifier.auto_identifier][WARNING] - No directed path from treatment to outcome. Causal Effect is zero.
[2026-04-24 05:25:22,021][dowhy.causal_model][INFO] - linear_regression
[2026-04-24 05:25:22,022][dowhy.causal_estimator][INFO] - INFO: Using Linear Regression Estimator
[2026-04-24 05:25:22,022][dowhy.causal_estimator][WARNING] - No directed path from ['X4'] to ['X0'].
[2026-04-24 05:25:22,023][dowhy.causal_model][INFO] - Model to find the causal effect of treatment ['X4'] on outcome ['X1']
[2026-04-24 05:25:22,023][dowhy.causal_identifier.auto_identifier][WARNING] - No directed path from treatment to outcome. Causal Effect is zero.
[2026-04-24 05:25:22,023][dowhy.causal_model][INFO] - linear_regression
[2026-04-24 05:25:22,024][dowhy.causal_estimator][INFO] - INFO: Using Linear Regression Estimator
[2026-04-24 05:25:22,024][dowhy.causal_estimator][WARNING] - No directed path from ['X4'] to ['X1'].
[2026-04-24 05:25:22,025][dowhy.causal_model][INFO] - Model to find the causal effect of treatment ['X4'] on outcome ['X2']
[2026-04-24 05:25:22,025][dowhy.causal_identifier.auto_identifier][WARNING] - No directed path from treatment to outcome. Causal Effect is zero.
[2026-04-24 05:25:22,026][dowhy.causal_model][INFO] - linear_regression
[2026-04-24 05:25:22,026][dowhy.causal_estimator][INFO] - INFO: Using Linear Regression Estimator
[2026-04-24 05:25:22,026][dowhy.causal_estimator][WARNING] - No directed path from ['X4'] to ['X2'].
[2026-04-24 05:25:22,027][dowhy.causal_model][INFO] - Model to find the causal effect of treatment ['X4'] on outcome ['X3']
[2026-04-24 05:25:22,027][dowhy.causal_identifier.auto_identifier][WARNING] - No directed path from treatment to outcome. Causal Effect is zero.
[2026-04-24 05:25:22,028][dowhy.causal_model][INFO] - linear_regression
[2026-04-24 05:25:22,028][dowhy.causal_estimator][INFO] - INFO: Using Linear Regression Estimator
[2026-04-24 05:25:22,028][dowhy.causal_estimator][WARNING] - No directed path from ['X4'] to ['X3'].
[2026-04-24 05:25:22,029][dowhy.causal_model][INFO] - Model to find the causal effect of treatment ['X4'] on outcome ['X5']
[2026-04-24 05:25:22,029][dowhy.causal_identifier.auto_identifier][WARNING] - No directed path from treatment to outcome. Causal Effect is zero.
[2026-04-24 05:25:22,029][dowhy.causal_model][INFO] - linear_regression
[2026-04-24 05:25:22,029][dowhy.causal_estimator][INFO] - INFO: Using Linear Regression Estimator
[2026-04-24 05:25:22,029][dowhy.causal_estimator][WARNING] - No directed path from ['X4'] to ['X5'].
[2026-04-24 05:25:22,031][dowhy.causal_model][INFO] - Model to find the causal effect of treatment ['X4'] on outcome ['X6']
[2026-04-24 05:25:22,031][dowhy.causal_identifier.auto_identifier][WARNING] - No directed path from treatment to outcome. Causal Effect is zero.
[2026-04-24 05:25:22,031][dowhy.causal_model][INFO] - linear_regression
[2026-04-24 05:25:22,031][dowhy.causal_estimator][INFO] - INFO: Using Linear Regression Estimator
[2026-04-24 05:25:22,031][dowhy.causal_estimator][WARNING] - No directed path from ['X4'] to ['X6'].
[2026-04-24 05:25:22,033][dowhy.causal_model][INFO] - Model to find the causal effect of treatment ['X4'] on outcome ['X7']
[2026-04-24 05:25:22,033][dowhy.causal_identifier.auto_identifier][WARNING] - No directed path from treatment to outcome. Causal Effect is zero.
[2026-04-24 05:25:22,033][dowhy.causal_model][INFO] - linear_regression
[2026-04-24 05:25:22,033][dowhy.causal_estimator][INFO] - INFO: Using Linear Regression Estimator
[2026-04-24 05:25:22,033][dowhy.causal_estimator][WARNING] - No directed path from ['X4'] to ['X7'].
[2026-04-24 05:25:22,035][dowhy.causal_model][INFO] - Model to find the causal effect of treatment ['X4'] on outcome ['X8']
[2026-04-24 05:25:22,035][dowhy.causal_identifier.auto_identifier][WARNING] - No directed path from treatment to outcome. Causal Effect is zero.
[2026-04-24 05:25:22,035][dowhy.causal_model][INFO] - linear_regression
[2026-04-24 05:25:22,035][dowhy.causal_estimator][INFO] - INFO: Using Linear Regression Estimator
[2026-04-24 05:25:22,035][dowhy.causal_estimator][WARNING] - No directed path from ['X4'] to ['X8'].
[2026-04-24 05:25:22,037][dowhy.causal_model][INFO] - Model to find the causal effect of treatment ['X4'] on outcome ['X9']
[2026-04-24 05:25:22,037][dowhy.causal_identifier.auto_identifier][WARNING] - No directed path from treatment to outcome. Causal Effect is zero.
[2026-04-24 05:25:22,037][dowhy.causal_model][INFO] - linear_regression
[2026-04-24 05:25:22,037][dowhy.causal_estimator][INFO] - INFO: Using Linear Regression Estimator
[2026-04-24 05:25:22,037][dowhy.causal_estimator][WARNING] - No directed path from ['X4'] to ['X9'].
[2026-04-24 05:25:22,039][dowhy.causal_model][INFO] - Model to find the causal effect of treatment ['X4'] on outcome ['X10']
[2026-04-24 05:25:22,039][dowhy.causal_identifier.auto_identifier][WARNING] - No directed path from treatment to outcome. Causal Effect is zero.
[2026-04-24 05:25:22,039][dowhy.causal_model][INFO] - linear_regression
[2026-04-24 05:25:22,039][dowhy.causal_estimator][INFO] - INFO: Using Linear Regression Estimator
[2026-04-24 05:25:22,039][dowhy.causal_estimator][WARNING] - No directed path from ['X4'] to ['X10'].
[2026-04-24 05:25:22,041][dowhy.causal_model][INFO] - Model to find the causal effect of treatment ['X4'] on outcome ['X11']
[2026-04-24 05:25:22,044][dowhy.causal_identifier.auto_identifier][INFO] - Causal effect can be identified.
[2026-04-24 05:25:22,045][dowhy.causal_identifier.auto_identifier][INFO] - Instrumental variables for treatment and outcome:[]
[2026-04-24 05:25:22,045][dowhy.causal_identifier.auto_identifier][INFO] - Frontdoor variables for treatment and outcome:[]
[2026-04-24 05:25:22,045][dowhy.causal_model][INFO] - linear_regression
[2026-04-24 05:25:22,045][dowhy.causal_estimator][INFO] - INFO: Using Linear Regression Estimator
[2026-04-24 05:25:22,046][dowhy.causal_estimator][INFO] - b: X11~X4+X4*X1+X4*X2+X4*X3+X4*X7+X4*X8+X4*X5+X4*X0+X4*X6
[2026-04-24 05:25:22,093][dowhy.causal_model][INFO] - Model to find the causal effect of treatment ['X5'] on outcome ['X0']
[2026-04-24 05:25:22,093][dowhy.causal_identifier.auto_identifier][WARNING] - No directed path from treatment to outcome. Causal Effect is zero.
[2026-04-24 05:25:22,093][dowhy.causal_model][INFO] - linear_regression
[2026-04-24 05:25:22,093][dowhy.causal_estimator][INFO] - INFO: Using Linear Regression Estimator
[2026-04-24 05:25:22,093][dowhy.causal_estimator][WARNING] - No directed path from ['X5'] to ['X0'].
[2026-04-24 05:25:22,095][dowhy.causal_model][INFO] - Model to find the causal effect of treatment ['X5'] on outcome ['X1']
[2026-04-24 05:25:22,095][dowhy.causal_identifier.auto_identifier][WARNING] - No directed path from treatment to outcome. Causal Effect is zero.
[2026-04-24 05:25:22,095][dowhy.causal_model][INFO] - linear_regression
[2026-04-24 05:25:22,095][dowhy.causal_estimator][INFO] - INFO: Using Linear Regression Estimator
[2026-04-24 05:25:22,095][dowhy.causal_estimator][WARNING] - No directed path from ['X5'] to ['X1'].
[2026-04-24 05:25:22,097][dowhy.causal_model][INFO] - Model to find the causal effect of treatment ['X5'] on outcome ['X2']
[2026-04-24 05:25:22,097][dowhy.causal_identifier.auto_identifier][WARNING] - No directed path from treatment to outcome. Causal Effect is zero.
[2026-04-24 05:25:22,097][dowhy.causal_model][INFO] - linear_regression
[2026-04-24 05:25:22,097][dowhy.causal_estimator][INFO] - INFO: Using Linear Regression Estimator
[2026-04-24 05:25:22,097][dowhy.causal_estimator][WARNING] - No directed path from ['X5'] to ['X2'].
[2026-04-24 05:25:22,099][dowhy.causal_model][INFO] - Model to find the causal effect of treatment ['X5'] on outcome ['X3']
[2026-04-24 05:25:22,099][dowhy.causal_identifier.auto_identifier][WARNING] - No directed path from treatment to outcome. Causal Effect is zero.
[2026-04-24 05:25:22,099][dowhy.causal_model][INFO] - linear_regression
[2026-04-24 05:25:22,099][dowhy.causal_estimator][INFO] - INFO: Using Linear Regression Estimator
[2026-04-24 05:25:22,099][dowhy.causal_estimator][WARNING] - No directed path from ['X5'] to ['X3'].
[2026-04-24 05:25:22,101][dowhy.causal_model][INFO] - Model to find the causal effect of treatment ['X5'] on outcome ['X4']
[2026-04-24 05:25:22,101][dowhy.causal_identifier.auto_identifier][WARNING] - No directed path from treatment to outcome. Causal Effect is zero.
[2026-04-24 05:25:22,101][dowhy.causal_model][INFO] - linear_regression
[2026-04-24 05:25:22,101][dowhy.causal_estimator][INFO] - INFO: Using Linear Regression Estimator
[2026-04-24 05:25:22,101][dowhy.causal_estimator][WARNING] - No directed path from ['X5'] to ['X4'].
[2026-04-24 05:25:22,103][dowhy.causal_model][INFO] - Model to find the causal effect of treatment ['X5'] on outcome ['X6']
[2026-04-24 05:25:22,104][dowhy.causal_identifier.auto_identifier][INFO] - Causal effect can be identified.
[2026-04-24 05:25:22,105][dowhy.causal_identifier.auto_identifier][INFO] - Instrumental variables for treatment and outcome:['X0']
[2026-04-24 05:25:22,105][dowhy.causal_identifier.auto_identifier][INFO] - Frontdoor variables for treatment and outcome:[]
[2026-04-24 05:25:22,105][dowhy.causal_model][INFO] - linear_regression
[2026-04-24 05:25:22,105][dowhy.causal_estimator][INFO] - INFO: Using Linear Regression Estimator
[2026-04-24 05:25:22,106][dowhy.causal_estimator][INFO] - b: X6~X5+X1
[2026-04-24 05:25:22,114][dowhy.causal_model][INFO] - Model to find the causal effect of treatment ['X5'] on outcome ['X7']
[2026-04-24 05:25:22,116][dowhy.causal_identifier.auto_identifier][INFO] - Causal effect can be identified.
[2026-04-24 05:25:22,117][dowhy.causal_identifier.auto_identifier][INFO] - Instrumental variables for treatment and outcome:['X0']
[2026-04-24 05:25:22,117][dowhy.causal_identifier.auto_identifier][INFO] - Frontdoor variables for treatment and outcome:[]
[2026-04-24 05:25:22,118][dowhy.causal_model][INFO] - linear_regression
[2026-04-24 05:25:22,118][dowhy.causal_estimator][INFO] - INFO: Using Linear Regression Estimator
[2026-04-24 05:25:22,118][dowhy.causal_estimator][INFO] - b: X7~X5+X1+X5*X3+X5*X2
[2026-04-24 05:25:22,127][dowhy.causal_model][INFO] - Model to find the causal effect of treatment ['X5'] on outcome ['X8']
[2026-04-24 05:25:22,129][dowhy.causal_identifier.auto_identifier][INFO] - Causal effect can be identified.
[2026-04-24 05:25:22,129][dowhy.causal_identifier.auto_identifier][INFO] - Instrumental variables for treatment and outcome:['X0']
[2026-04-24 05:25:22,132][dowhy.causal_identifier.auto_identifier][INFO] - Frontdoor variables for treatment and outcome:[]
[2026-04-24 05:25:22,132][dowhy.causal_model][INFO] - linear_regression
[2026-04-24 05:25:22,132][dowhy.causal_estimator][INFO] - INFO: Using Linear Regression Estimator
[2026-04-24 05:25:22,133][dowhy.causal_estimator][INFO] - b: X8~X5+X1+X5*X3+X5*X2
[2026-04-24 05:25:22,142][dowhy.causal_model][INFO] - Model to find the causal effect of treatment ['X5'] on outcome ['X9']
[2026-04-24 05:25:22,143][dowhy.causal_identifier.auto_identifier][INFO] - Causal effect can be identified.
[2026-04-24 05:25:22,144][dowhy.causal_identifier.auto_identifier][INFO] - Instrumental variables for treatment and outcome:['X1']
[2026-04-24 05:25:22,147][dowhy.causal_identifier.auto_identifier][INFO] - Frontdoor variables for treatment and outcome:[]
[2026-04-24 05:25:22,147][dowhy.causal_model][INFO] - linear_regression
[2026-04-24 05:25:22,147][dowhy.causal_estimator][INFO] - INFO: Using Linear Regression Estimator
[2026-04-24 05:25:22,147][dowhy.causal_estimator][INFO] - b: X9~X5+X0
[2026-04-24 05:25:22,155][dowhy.causal_model][INFO] - Model to find the causal effect of treatment ['X5'] on outcome ['X10']
[2026-04-24 05:25:22,156][dowhy.causal_identifier.auto_identifier][INFO] - Causal effect can be identified.
[2026-04-24 05:25:22,156][dowhy.causal_identifier.auto_identifier][INFO] - Instrumental variables for treatment and outcome:['X0']
[2026-04-24 05:25:22,162][dowhy.causal_identifier.auto_identifier][INFO] - Frontdoor variables for treatment and outcome:[]
[2026-04-24 05:25:22,162][dowhy.causal_model][INFO] - linear_regression
[2026-04-24 05:25:22,162][dowhy.causal_estimator][INFO] - INFO: Using Linear Regression Estimator
[2026-04-24 05:25:22,162][dowhy.causal_estimator][INFO] - b: X10~X5+X1+X5*X3+X5*X2
[2026-04-24 05:25:22,171][dowhy.causal_model][INFO] - Model to find the causal effect of treatment ['X5'] on outcome ['X11']
[2026-04-24 05:25:22,172][dowhy.causal_identifier.auto_identifier][INFO] - Causal effect can be identified.
[2026-04-24 05:25:22,173][dowhy.causal_identifier.auto_identifier][INFO] - Instrumental variables for treatment and outcome:['X0']
[2026-04-24 05:25:22,179][dowhy.causal_identifier.auto_identifier][INFO] - Frontdoor variables for treatment and outcome:[]
[2026-04-24 05:25:22,179][dowhy.causal_model][INFO] - linear_regression
[2026-04-24 05:25:22,179][dowhy.causal_estimator][INFO] - INFO: Using Linear Regression Estimator
[2026-04-24 05:25:22,179][dowhy.causal_estimator][INFO] - b: X11~X5+X1+X5*X3+X5*X4+X5*X2
[2026-04-24 05:25:22,226][dowhy.causal_model][INFO] - Model to find the causal effect of treatment ['X6'] on outcome ['X0']
[2026-04-24 05:25:22,226][dowhy.causal_identifier.auto_identifier][WARNING] - No directed path from treatment to outcome. Causal Effect is zero.
[2026-04-24 05:25:22,226][dowhy.causal_model][INFO] - linear_regression
[2026-04-24 05:25:22,226][dowhy.causal_estimator][INFO] - INFO: Using Linear Regression Estimator
[2026-04-24 05:25:22,226][dowhy.causal_estimator][WARNING] - No directed path from ['X6'] to ['X0'].
[2026-04-24 05:25:22,228][dowhy.causal_model][INFO] - Model to find the causal effect of treatment ['X6'] on outcome ['X1']
[2026-04-24 05:25:22,228][dowhy.causal_identifier.auto_identifier][WARNING] - No directed path from treatment to outcome. Causal Effect is zero.
[2026-04-24 05:25:22,228][dowhy.causal_model][INFO] - linear_regression
[2026-04-24 05:25:22,228][dowhy.causal_estimator][INFO] - INFO: Using Linear Regression Estimator
[2026-04-24 05:25:22,228][dowhy.causal_estimator][WARNING] - No directed path from ['X6'] to ['X1'].
[2026-04-24 05:25:22,230][dowhy.causal_model][INFO] - Model to find the causal effect of treatment ['X6'] on outcome ['X2']
[2026-04-24 05:25:22,230][dowhy.causal_identifier.auto_identifier][WARNING] - No directed path from treatment to outcome. Causal Effect is zero.
[2026-04-24 05:25:22,230][dowhy.causal_model][INFO] - linear_regression
[2026-04-24 05:25:22,230][dowhy.causal_estimator][INFO] - INFO: Using Linear Regression Estimator
[2026-04-24 05:25:22,230][dowhy.causal_estimator][WARNING] - No directed path from ['X6'] to ['X2'].
[2026-04-24 05:25:22,232][dowhy.causal_model][INFO] - Model to find the causal effect of treatment ['X6'] on outcome ['X3']
[2026-04-24 05:25:22,232][dowhy.causal_identifier.auto_identifier][WARNING] - No directed path from treatment to outcome. Causal Effect is zero.
[2026-04-24 05:25:22,232][dowhy.causal_model][INFO] - linear_regression
[2026-04-24 05:25:22,232][dowhy.causal_estimator][INFO] - INFO: Using Linear Regression Estimator
[2026-04-24 05:25:22,232][dowhy.causal_estimator][WARNING] - No directed path from ['X6'] to ['X3'].
[2026-04-24 05:25:22,233][dowhy.causal_model][INFO] - Model to find the causal effect of treatment ['X6'] on outcome ['X4']
[2026-04-24 05:25:22,234][dowhy.causal_identifier.auto_identifier][WARNING] - No directed path from treatment to outcome. Causal Effect is zero.
[2026-04-24 05:25:22,234][dowhy.causal_model][INFO] - linear_regression
[2026-04-24 05:25:22,234][dowhy.causal_estimator][INFO] - INFO: Using Linear Regression Estimator
[2026-04-24 05:25:22,234][dowhy.causal_estimator][WARNING] - No directed path from ['X6'] to ['X4'].
[2026-04-24 05:25:22,235][dowhy.causal_model][INFO] - Model to find the causal effect of treatment ['X6'] on outcome ['X5']
[2026-04-24 05:25:22,236][dowhy.causal_identifier.auto_identifier][WARNING] - No directed path from treatment to outcome. Causal Effect is zero.
[2026-04-24 05:25:22,236][dowhy.causal_model][INFO] - linear_regression
[2026-04-24 05:25:22,236][dowhy.causal_estimator][INFO] - INFO: Using Linear Regression Estimator
[2026-04-24 05:25:22,236][dowhy.causal_estimator][WARNING] - No directed path from ['X6'] to ['X5'].
[2026-04-24 05:25:22,238][dowhy.causal_model][INFO] - Model to find the causal effect of treatment ['X6'] on outcome ['X7']
[2026-04-24 05:25:22,240][dowhy.causal_identifier.auto_identifier][INFO] - Causal effect can be identified.
[2026-04-24 05:25:22,241][dowhy.causal_identifier.auto_identifier][INFO] - Instrumental variables for treatment and outcome:['X5', 'X1']
[2026-04-24 05:25:22,241][dowhy.causal_identifier.auto_identifier][INFO] - Frontdoor variables for treatment and outcome:[]
[2026-04-24 05:25:22,241][dowhy.causal_model][INFO] - linear_regression
[2026-04-24 05:25:22,241][dowhy.causal_estimator][INFO] - INFO: Using Linear Regression Estimator
[2026-04-24 05:25:22,241][dowhy.causal_estimator][INFO] - b: X7~X6+X6*X3+X6*X2
[2026-04-24 05:25:22,249][dowhy.causal_model][INFO] - Model to find the causal effect of treatment ['X6'] on outcome ['X8']
[2026-04-24 05:25:22,251][dowhy.causal_identifier.auto_identifier][INFO] - Causal effect can be identified.
[2026-04-24 05:25:22,252][dowhy.causal_identifier.auto_identifier][INFO] - Instrumental variables for treatment and outcome:['X5', 'X1']
[2026-04-24 05:25:22,253][dowhy.causal_identifier.auto_identifier][INFO] - Frontdoor variables for treatment and outcome:[]
[2026-04-24 05:25:22,253][dowhy.causal_model][INFO] - linear_regression
[2026-04-24 05:25:22,253][dowhy.causal_estimator][INFO] - INFO: Using Linear Regression Estimator
[2026-04-24 05:25:22,253][dowhy.causal_estimator][INFO] - b: X8~X6+X6*X3+X6*X2
[2026-04-24 05:25:22,261][dowhy.causal_model][INFO] - Model to find the causal effect of treatment ['X6'] on outcome ['X9']
[2026-04-24 05:25:22,261][dowhy.causal_identifier.auto_identifier][WARNING] - No directed path from treatment to outcome. Causal Effect is zero.
[2026-04-24 05:25:22,261][dowhy.causal_model][INFO] - linear_regression
[2026-04-24 05:25:22,262][dowhy.causal_estimator][INFO] - INFO: Using Linear Regression Estimator
[2026-04-24 05:25:22,262][dowhy.causal_estimator][WARNING] - No directed path from ['X6'] to ['X9'].
[2026-04-24 05:25:22,263][dowhy.causal_model][INFO] - Model to find the causal effect of treatment ['X6'] on outcome ['X10']
[2026-04-24 05:25:22,266][dowhy.causal_identifier.auto_identifier][INFO] - Causal effect can be identified.
[2026-04-24 05:25:22,267][dowhy.causal_identifier.auto_identifier][INFO] - Instrumental variables for treatment and outcome:['X5', 'X1']
[2026-04-24 05:25:22,268][dowhy.causal_identifier.auto_identifier][INFO] - Frontdoor variables for treatment and outcome:[]
[2026-04-24 05:25:22,268][dowhy.causal_model][INFO] - linear_regression
[2026-04-24 05:25:22,268][dowhy.causal_estimator][INFO] - INFO: Using Linear Regression Estimator
[2026-04-24 05:25:22,268][dowhy.causal_estimator][INFO] - b: X10~X6+X6*X3+X6*X2
[2026-04-24 05:25:22,277][dowhy.causal_model][INFO] - Model to find the causal effect of treatment ['X6'] on outcome ['X11']
[2026-04-24 05:25:22,279][dowhy.causal_identifier.auto_identifier][INFO] - Causal effect can be identified.
[2026-04-24 05:25:22,280][dowhy.causal_identifier.auto_identifier][INFO] - Instrumental variables for treatment and outcome:['X5', 'X1']
[2026-04-24 05:25:22,282][dowhy.causal_identifier.auto_identifier][INFO] - Frontdoor variables for treatment and outcome:['X10', 'X7', 'X8']
[2026-04-24 05:25:22,284][dowhy.causal_identifier.auto_identifier][INFO] - Causal effect can be identified.
[2026-04-24 05:25:22,288][dowhy.causal_identifier.auto_identifier][INFO] - Causal effect can be identified.
[2026-04-24 05:25:22,289][dowhy.causal_model][INFO] - linear_regression
[2026-04-24 05:25:22,289][dowhy.causal_estimator][INFO] - INFO: Using Linear Regression Estimator
[2026-04-24 05:25:22,290][dowhy.causal_estimator][INFO] - b: X11~X6+X6*X3+X6*X4+X6*X2
[2026-04-24 05:25:22,339][dowhy.causal_model][INFO] - Model to find the causal effect of treatment ['X7'] on outcome ['X0']
[2026-04-24 05:25:22,340][dowhy.causal_identifier.auto_identifier][WARNING] - No directed path from treatment to outcome. Causal Effect is zero.
[2026-04-24 05:25:22,340][dowhy.causal_model][INFO] - linear_regression
[2026-04-24 05:25:22,340][dowhy.causal_estimator][INFO] - INFO: Using Linear Regression Estimator
[2026-04-24 05:25:22,340][dowhy.causal_estimator][WARNING] - No directed path from ['X7'] to ['X0'].
[2026-04-24 05:25:22,342][dowhy.causal_model][INFO] - Model to find the causal effect of treatment ['X7'] on outcome ['X1']
[2026-04-24 05:25:22,342][dowhy.causal_identifier.auto_identifier][WARNING] - No directed path from treatment to outcome. Causal Effect is zero.
[2026-04-24 05:25:22,342][dowhy.causal_model][INFO] - linear_regression
[2026-04-24 05:25:22,342][dowhy.causal_estimator][INFO] - INFO: Using Linear Regression Estimator
[2026-04-24 05:25:22,342][dowhy.causal_estimator][WARNING] - No directed path from ['X7'] to ['X1'].
[2026-04-24 05:25:22,343][dowhy.causal_model][INFO] - Model to find the causal effect of treatment ['X7'] on outcome ['X2']
[2026-04-24 05:25:22,343][dowhy.causal_identifier.auto_identifier][WARNING] - No directed path from treatment to outcome. Causal Effect is zero.
[2026-04-24 05:25:22,344][dowhy.causal_model][INFO] - linear_regression
[2026-04-24 05:25:22,344][dowhy.causal_estimator][INFO] - INFO: Using Linear Regression Estimator
[2026-04-24 05:25:22,344][dowhy.causal_estimator][WARNING] - No directed path from ['X7'] to ['X2'].
[2026-04-24 05:25:22,345][dowhy.causal_model][INFO] - Model to find the causal effect of treatment ['X7'] on outcome ['X3']
[2026-04-24 05:25:22,345][dowhy.causal_identifier.auto_identifier][WARNING] - No directed path from treatment to outcome. Causal Effect is zero.
[2026-04-24 05:25:22,345][dowhy.causal_model][INFO] - linear_regression
[2026-04-24 05:25:22,345][dowhy.causal_estimator][INFO] - INFO: Using Linear Regression Estimator
[2026-04-24 05:25:22,345][dowhy.causal_estimator][WARNING] - No directed path from ['X7'] to ['X3'].
[2026-04-24 05:25:22,347][dowhy.causal_model][INFO] - Model to find the causal effect of treatment ['X7'] on outcome ['X4']
[2026-04-24 05:25:22,347][dowhy.causal_identifier.auto_identifier][WARNING] - No directed path from treatment to outcome. Causal Effect is zero.
[2026-04-24 05:25:22,347][dowhy.causal_model][INFO] - linear_regression
[2026-04-24 05:25:22,347][dowhy.causal_estimator][INFO] - INFO: Using Linear Regression Estimator
[2026-04-24 05:25:22,347][dowhy.causal_estimator][WARNING] - No directed path from ['X7'] to ['X4'].
[2026-04-24 05:25:22,349][dowhy.causal_model][INFO] - Model to find the causal effect of treatment ['X7'] on outcome ['X5']
[2026-04-24 05:25:22,349][dowhy.causal_identifier.auto_identifier][WARNING] - No directed path from treatment to outcome. Causal Effect is zero.
[2026-04-24 05:25:22,349][dowhy.causal_model][INFO] - linear_regression
[2026-04-24 05:25:22,349][dowhy.causal_estimator][INFO] - INFO: Using Linear Regression Estimator
[2026-04-24 05:25:22,349][dowhy.causal_estimator][WARNING] - No directed path from ['X7'] to ['X5'].
[2026-04-24 05:25:22,351][dowhy.causal_model][INFO] - Model to find the causal effect of treatment ['X7'] on outcome ['X6']
[2026-04-24 05:25:22,351][dowhy.causal_identifier.auto_identifier][WARNING] - No directed path from treatment to outcome. Causal Effect is zero.
[2026-04-24 05:25:22,351][dowhy.causal_model][INFO] - linear_regression
[2026-04-24 05:25:22,351][dowhy.causal_estimator][INFO] - INFO: Using Linear Regression Estimator
[2026-04-24 05:25:22,351][dowhy.causal_estimator][WARNING] - No directed path from ['X7'] to ['X6'].
[2026-04-24 05:25:22,352][dowhy.causal_model][INFO] - Model to find the causal effect of treatment ['X7'] on outcome ['X8']
[2026-04-24 05:25:22,355][dowhy.causal_identifier.auto_identifier][INFO] - Causal effect can be identified.
[2026-04-24 05:25:22,355][dowhy.causal_identifier.auto_identifier][INFO] - Instrumental variables for treatment and outcome:['X2', 'X6']
[2026-04-24 05:25:22,356][dowhy.causal_identifier.auto_identifier][INFO] - Frontdoor variables for treatment and outcome:[]
[2026-04-24 05:25:22,356][dowhy.causal_model][INFO] - linear_regression
[2026-04-24 05:25:22,356][dowhy.causal_estimator][INFO] - INFO: Using Linear Regression Estimator
[2026-04-24 05:25:22,356][dowhy.causal_estimator][INFO] - b: X8~X7+X3
[2026-04-24 05:25:22,364][dowhy.causal_model][INFO] - Model to find the causal effect of treatment ['X7'] on outcome ['X9']
[2026-04-24 05:25:22,364][dowhy.causal_identifier.auto_identifier][WARNING] - No directed path from treatment to outcome. Causal Effect is zero.
[2026-04-24 05:25:22,364][dowhy.causal_model][INFO] - linear_regression
[2026-04-24 05:25:22,364][dowhy.causal_estimator][INFO] - INFO: Using Linear Regression Estimator
[2026-04-24 05:25:22,364][dowhy.causal_estimator][WARNING] - No directed path from ['X7'] to ['X9'].
[2026-04-24 05:25:22,366][dowhy.causal_model][INFO] - Model to find the causal effect of treatment ['X7'] on outcome ['X10']
[2026-04-24 05:25:22,368][dowhy.causal_identifier.auto_identifier][INFO] - Causal effect can be identified.
[2026-04-24 05:25:22,369][dowhy.causal_identifier.auto_identifier][INFO] - Instrumental variables for treatment and outcome:['X3', 'X6']
[2026-04-24 05:25:22,369][dowhy.causal_identifier.auto_identifier][INFO] - Frontdoor variables for treatment and outcome:[]
[2026-04-24 05:25:22,369][dowhy.causal_model][INFO] - linear_regression
[2026-04-24 05:25:22,369][dowhy.causal_estimator][INFO] - INFO: Using Linear Regression Estimator
[2026-04-24 05:25:22,369][dowhy.causal_estimator][INFO] - b: X10~X7+X2
[2026-04-24 05:25:22,377][dowhy.causal_model][INFO] - Model to find the causal effect of treatment ['X7'] on outcome ['X11']
[2026-04-24 05:25:22,379][dowhy.causal_identifier.auto_identifier][INFO] - Causal effect can be identified.
[2026-04-24 05:25:22,380][dowhy.causal_identifier.auto_identifier][INFO] - Instrumental variables for treatment and outcome:['X2', 'X6']
[2026-04-24 05:25:22,381][dowhy.causal_identifier.auto_identifier][INFO] - Frontdoor variables for treatment and outcome:[]
[2026-04-24 05:25:22,381][dowhy.causal_model][INFO] - linear_regression
[2026-04-24 05:25:22,381][dowhy.causal_estimator][INFO] - INFO: Using Linear Regression Estimator
[2026-04-24 05:25:22,381][dowhy.causal_estimator][INFO] - b: X11~X7+X3+X7*X4
[2026-04-24 05:25:22,424][dowhy.causal_model][INFO] - Model to find the causal effect of treatment ['X8'] on outcome ['X0']
[2026-04-24 05:25:22,424][dowhy.causal_identifier.auto_identifier][WARNING] - No directed path from treatment to outcome. Causal Effect is zero.
[2026-04-24 05:25:22,424][dowhy.causal_model][INFO] - linear_regression
[2026-04-24 05:25:22,424][dowhy.causal_estimator][INFO] - INFO: Using Linear Regression Estimator
[2026-04-24 05:25:22,425][dowhy.causal_estimator][WARNING] - No directed path from ['X8'] to ['X0'].
[2026-04-24 05:25:22,426][dowhy.causal_model][INFO] - Model to find the causal effect of treatment ['X8'] on outcome ['X1']
[2026-04-24 05:25:22,426][dowhy.causal_identifier.auto_identifier][WARNING] - No directed path from treatment to outcome. Causal Effect is zero.
[2026-04-24 05:25:22,426][dowhy.causal_model][INFO] - linear_regression
[2026-04-24 05:25:22,426][dowhy.causal_estimator][INFO] - INFO: Using Linear Regression Estimator
[2026-04-24 05:25:22,426][dowhy.causal_estimator][WARNING] - No directed path from ['X8'] to ['X1'].
[2026-04-24 05:25:22,428][dowhy.causal_model][INFO] - Model to find the causal effect of treatment ['X8'] on outcome ['X2']
[2026-04-24 05:25:22,428][dowhy.causal_identifier.auto_identifier][WARNING] - No directed path from treatment to outcome. Causal Effect is zero.
[2026-04-24 05:25:22,428][dowhy.causal_model][INFO] - linear_regression
[2026-04-24 05:25:22,428][dowhy.causal_estimator][INFO] - INFO: Using Linear Regression Estimator
[2026-04-24 05:25:22,428][dowhy.causal_estimator][WARNING] - No directed path from ['X8'] to ['X2'].
[2026-04-24 05:25:22,430][dowhy.causal_model][INFO] - Model to find the causal effect of treatment ['X8'] on outcome ['X3']
[2026-04-24 05:25:22,430][dowhy.causal_identifier.auto_identifier][WARNING] - No directed path from treatment to outcome. Causal Effect is zero.
[2026-04-24 05:25:22,430][dowhy.causal_model][INFO] - linear_regression
[2026-04-24 05:25:22,430][dowhy.causal_estimator][INFO] - INFO: Using Linear Regression Estimator
[2026-04-24 05:25:22,430][dowhy.causal_estimator][WARNING] - No directed path from ['X8'] to ['X3'].
[2026-04-24 05:25:22,432][dowhy.causal_model][INFO] - Model to find the causal effect of treatment ['X8'] on outcome ['X4']
[2026-04-24 05:25:22,432][dowhy.causal_identifier.auto_identifier][WARNING] - No directed path from treatment to outcome. Causal Effect is zero.
[2026-04-24 05:25:22,432][dowhy.causal_model][INFO] - linear_regression
[2026-04-24 05:25:22,432][dowhy.causal_estimator][INFO] - INFO: Using Linear Regression Estimator
[2026-04-24 05:25:22,432][dowhy.causal_estimator][WARNING] - No directed path from ['X8'] to ['X4'].
[2026-04-24 05:25:22,434][dowhy.causal_model][INFO] - Model to find the causal effect of treatment ['X8'] on outcome ['X5']
[2026-04-24 05:25:22,434][dowhy.causal_identifier.auto_identifier][WARNING] - No directed path from treatment to outcome. Causal Effect is zero.
[2026-04-24 05:25:22,434][dowhy.causal_model][INFO] - linear_regression
[2026-04-24 05:25:22,434][dowhy.causal_estimator][INFO] - INFO: Using Linear Regression Estimator
[2026-04-24 05:25:22,434][dowhy.causal_estimator][WARNING] - No directed path from ['X8'] to ['X5'].
[2026-04-24 05:25:22,435][dowhy.causal_model][INFO] - Model to find the causal effect of treatment ['X8'] on outcome ['X6']
[2026-04-24 05:25:22,435][dowhy.causal_identifier.auto_identifier][WARNING] - No directed path from treatment to outcome. Causal Effect is zero.
[2026-04-24 05:25:22,435][dowhy.causal_model][INFO] - linear_regression
[2026-04-24 05:25:22,436][dowhy.causal_estimator][INFO] - INFO: Using Linear Regression Estimator
[2026-04-24 05:25:22,436][dowhy.causal_estimator][WARNING] - No directed path from ['X8'] to ['X6'].
[2026-04-24 05:25:22,437][dowhy.causal_model][INFO] - Model to find the causal effect of treatment ['X8'] on outcome ['X7']
[2026-04-24 05:25:22,437][dowhy.causal_identifier.auto_identifier][WARNING] - No directed path from treatment to outcome. Causal Effect is zero.
[2026-04-24 05:25:22,437][dowhy.causal_model][INFO] - linear_regression
[2026-04-24 05:25:22,437][dowhy.causal_estimator][INFO] - INFO: Using Linear Regression Estimator
[2026-04-24 05:25:22,437][dowhy.causal_estimator][WARNING] - No directed path from ['X8'] to ['X7'].
[2026-04-24 05:25:22,439][dowhy.causal_model][INFO] - Model to find the causal effect of treatment ['X8'] on outcome ['X9']
[2026-04-24 05:25:22,439][dowhy.causal_identifier.auto_identifier][WARNING] - No directed path from treatment to outcome. Causal Effect is zero.
[2026-04-24 05:25:22,440][dowhy.causal_model][INFO] - linear_regression
[2026-04-24 05:25:22,440][dowhy.causal_estimator][INFO] - INFO: Using Linear Regression Estimator
[2026-04-24 05:25:22,440][dowhy.causal_estimator][WARNING] - No directed path from ['X8'] to ['X9'].
[2026-04-24 05:25:22,441][dowhy.causal_model][INFO] - Model to find the causal effect of treatment ['X8'] on outcome ['X10']
[2026-04-24 05:25:22,441][dowhy.causal_identifier.auto_identifier][WARNING] - No directed path from treatment to outcome. Causal Effect is zero.
[2026-04-24 05:25:22,441][dowhy.causal_model][INFO] - linear_regression
[2026-04-24 05:25:22,441][dowhy.causal_estimator][INFO] - INFO: Using Linear Regression Estimator
[2026-04-24 05:25:22,442][dowhy.causal_estimator][WARNING] - No directed path from ['X8'] to ['X10'].
[2026-04-24 05:25:22,443][dowhy.causal_model][INFO] - Model to find the causal effect of treatment ['X8'] on outcome ['X11']
[2026-04-24 05:25:22,446][dowhy.causal_identifier.auto_identifier][INFO] - Causal effect can be identified.
[2026-04-24 05:25:22,447][dowhy.causal_identifier.auto_identifier][INFO] - Instrumental variables for treatment and outcome:['X3', 'X7']
[2026-04-24 05:25:22,448][dowhy.causal_identifier.auto_identifier][INFO] - Frontdoor variables for treatment and outcome:[]
[2026-04-24 05:25:22,448][dowhy.causal_model][INFO] - linear_regression
[2026-04-24 05:25:22,448][dowhy.causal_estimator][INFO] - INFO: Using Linear Regression Estimator
[2026-04-24 05:25:22,448][dowhy.causal_estimator][INFO] - b: X11~X8+X8*X4
[2026-04-24 05:25:22,494][dowhy.causal_model][INFO] - Model to find the causal effect of treatment ['X9'] on outcome ['X0']
[2026-04-24 05:25:22,494][dowhy.causal_identifier.auto_identifier][WARNING] - No directed path from treatment to outcome. Causal Effect is zero.
[2026-04-24 05:25:22,495][dowhy.causal_model][INFO] - linear_regression
[2026-04-24 05:25:22,495][dowhy.causal_estimator][INFO] - INFO: Using Linear Regression Estimator
[2026-04-24 05:25:22,495][dowhy.causal_estimator][WARNING] - No directed path from ['X9'] to ['X0'].
[2026-04-24 05:25:22,497][dowhy.causal_model][INFO] - Model to find the causal effect of treatment ['X9'] on outcome ['X1']
[2026-04-24 05:25:22,497][dowhy.causal_identifier.auto_identifier][WARNING] - No directed path from treatment to outcome. Causal Effect is zero.
[2026-04-24 05:25:22,497][dowhy.causal_model][INFO] - linear_regression
[2026-04-24 05:25:22,497][dowhy.causal_estimator][INFO] - INFO: Using Linear Regression Estimator
[2026-04-24 05:25:22,497][dowhy.causal_estimator][WARNING] - No directed path from ['X9'] to ['X1'].
[2026-04-24 05:25:22,499][dowhy.causal_model][INFO] - Model to find the causal effect of treatment ['X9'] on outcome ['X2']
[2026-04-24 05:25:22,499][dowhy.causal_identifier.auto_identifier][WARNING] - No directed path from treatment to outcome. Causal Effect is zero.
[2026-04-24 05:25:22,499][dowhy.causal_model][INFO] - linear_regression
[2026-04-24 05:25:22,499][dowhy.causal_estimator][INFO] - INFO: Using Linear Regression Estimator
[2026-04-24 05:25:22,499][dowhy.causal_estimator][WARNING] - No directed path from ['X9'] to ['X2'].
[2026-04-24 05:25:22,500][dowhy.causal_model][INFO] - Model to find the causal effect of treatment ['X9'] on outcome ['X3']
[2026-04-24 05:25:22,501][dowhy.causal_identifier.auto_identifier][WARNING] - No directed path from treatment to outcome. Causal Effect is zero.
[2026-04-24 05:25:22,501][dowhy.causal_model][INFO] - linear_regression
[2026-04-24 05:25:22,501][dowhy.causal_estimator][INFO] - INFO: Using Linear Regression Estimator
[2026-04-24 05:25:22,501][dowhy.causal_estimator][WARNING] - No directed path from ['X9'] to ['X3'].
[2026-04-24 05:25:22,502][dowhy.causal_model][INFO] - Model to find the causal effect of treatment ['X9'] on outcome ['X4']
[2026-04-24 05:25:22,502][dowhy.causal_identifier.auto_identifier][WARNING] - No directed path from treatment to outcome. Causal Effect is zero.
[2026-04-24 05:25:22,503][dowhy.causal_model][INFO] - linear_regression
[2026-04-24 05:25:22,503][dowhy.causal_estimator][INFO] - INFO: Using Linear Regression Estimator
[2026-04-24 05:25:22,503][dowhy.causal_estimator][WARNING] - No directed path from ['X9'] to ['X4'].
[2026-04-24 05:25:22,505][dowhy.causal_model][INFO] - Model to find the causal effect of treatment ['X9'] on outcome ['X5']
[2026-04-24 05:25:22,505][dowhy.causal_identifier.auto_identifier][WARNING] - No directed path from treatment to outcome. Causal Effect is zero.
[2026-04-24 05:25:22,505][dowhy.causal_model][INFO] - linear_regression
[2026-04-24 05:25:22,505][dowhy.causal_estimator][INFO] - INFO: Using Linear Regression Estimator
[2026-04-24 05:25:22,505][dowhy.causal_estimator][WARNING] - No directed path from ['X9'] to ['X5'].
[2026-04-24 05:25:22,506][dowhy.causal_model][INFO] - Model to find the causal effect of treatment ['X9'] on outcome ['X6']
[2026-04-24 05:25:22,507][dowhy.causal_identifier.auto_identifier][WARNING] - No directed path from treatment to outcome. Causal Effect is zero.
[2026-04-24 05:25:22,507][dowhy.causal_model][INFO] - linear_regression
[2026-04-24 05:25:22,507][dowhy.causal_estimator][INFO] - INFO: Using Linear Regression Estimator
[2026-04-24 05:25:22,507][dowhy.causal_estimator][WARNING] - No directed path from ['X9'] to ['X6'].
[2026-04-24 05:25:22,508][dowhy.causal_model][INFO] - Model to find the causal effect of treatment ['X9'] on outcome ['X7']
[2026-04-24 05:25:22,508][dowhy.causal_identifier.auto_identifier][WARNING] - No directed path from treatment to outcome. Causal Effect is zero.
[2026-04-24 05:25:22,509][dowhy.causal_model][INFO] - linear_regression
[2026-04-24 05:25:22,509][dowhy.causal_estimator][INFO] - INFO: Using Linear Regression Estimator
[2026-04-24 05:25:22,509][dowhy.causal_estimator][WARNING] - No directed path from ['X9'] to ['X7'].
[2026-04-24 05:25:22,510][dowhy.causal_model][INFO] - Model to find the causal effect of treatment ['X9'] on outcome ['X8']
[2026-04-24 05:25:22,510][dowhy.causal_identifier.auto_identifier][WARNING] - No directed path from treatment to outcome. Causal Effect is zero.
[2026-04-24 05:25:22,510][dowhy.causal_model][INFO] - linear_regression
[2026-04-24 05:25:22,511][dowhy.causal_estimator][INFO] - INFO: Using Linear Regression Estimator
[2026-04-24 05:25:22,511][dowhy.causal_estimator][WARNING] - No directed path from ['X9'] to ['X8'].
[2026-04-24 05:25:22,512][dowhy.causal_model][INFO] - Model to find the causal effect of treatment ['X9'] on outcome ['X10']
[2026-04-24 05:25:22,512][dowhy.causal_identifier.auto_identifier][WARNING] - No directed path from treatment to outcome. Causal Effect is zero.
[2026-04-24 05:25:22,512][dowhy.causal_model][INFO] - linear_regression
[2026-04-24 05:25:22,512][dowhy.causal_estimator][INFO] - INFO: Using Linear Regression Estimator
[2026-04-24 05:25:22,512][dowhy.causal_estimator][WARNING] - No directed path from ['X9'] to ['X10'].
[2026-04-24 05:25:22,514][dowhy.causal_model][INFO] - Model to find the causal effect of treatment ['X9'] on outcome ['X11']
[2026-04-24 05:25:22,514][dowhy.causal_identifier.auto_identifier][WARNING] - No directed path from treatment to outcome. Causal Effect is zero.
[2026-04-24 05:25:22,514][dowhy.causal_model][INFO] - linear_regression
[2026-04-24 05:25:22,514][dowhy.causal_estimator][INFO] - INFO: Using Linear Regression Estimator
[2026-04-24 05:25:22,514][dowhy.causal_estimator][WARNING] - No directed path from ['X9'] to ['X11'].
[2026-04-24 05:25:22,554][dowhy.causal_model][INFO] - Model to find the causal effect of treatment ['X10'] on outcome ['X0']
[2026-04-24 05:25:22,554][dowhy.causal_identifier.auto_identifier][WARNING] - No directed path from treatment to outcome. Causal Effect is zero.
[2026-04-24 05:25:22,554][dowhy.causal_model][INFO] - linear_regression
[2026-04-24 05:25:22,554][dowhy.causal_estimator][INFO] - INFO: Using Linear Regression Estimator
[2026-04-24 05:25:22,554][dowhy.causal_estimator][WARNING] - No directed path from ['X10'] to ['X0'].
[2026-04-24 05:25:22,556][dowhy.causal_model][INFO] - Model to find the causal effect of treatment ['X10'] on outcome ['X1']
[2026-04-24 05:25:22,556][dowhy.causal_identifier.auto_identifier][WARNING] - No directed path from treatment to outcome. Causal Effect is zero.
[2026-04-24 05:25:22,556][dowhy.causal_model][INFO] - linear_regression
[2026-04-24 05:25:22,556][dowhy.causal_estimator][INFO] - INFO: Using Linear Regression Estimator
[2026-04-24 05:25:22,556][dowhy.causal_estimator][WARNING] - No directed path from ['X10'] to ['X1'].
[2026-04-24 05:25:22,558][dowhy.causal_model][INFO] - Model to find the causal effect of treatment ['X10'] on outcome ['X2']
[2026-04-24 05:25:22,558][dowhy.causal_identifier.auto_identifier][WARNING] - No directed path from treatment to outcome. Causal Effect is zero.
[2026-04-24 05:25:22,558][dowhy.causal_model][INFO] - linear_regression
[2026-04-24 05:25:22,558][dowhy.causal_estimator][INFO] - INFO: Using Linear Regression Estimator
[2026-04-24 05:25:22,558][dowhy.causal_estimator][WARNING] - No directed path from ['X10'] to ['X2'].
[2026-04-24 05:25:22,560][dowhy.causal_model][INFO] - Model to find the causal effect of treatment ['X10'] on outcome ['X3']
[2026-04-24 05:25:22,560][dowhy.causal_identifier.auto_identifier][WARNING] - No directed path from treatment to outcome. Causal Effect is zero.
[2026-04-24 05:25:22,560][dowhy.causal_model][INFO] - linear_regression
[2026-04-24 05:25:22,560][dowhy.causal_estimator][INFO] - INFO: Using Linear Regression Estimator
[2026-04-24 05:25:22,560][dowhy.causal_estimator][WARNING] - No directed path from ['X10'] to ['X3'].
[2026-04-24 05:25:22,561][dowhy.causal_model][INFO] - Model to find the causal effect of treatment ['X10'] on outcome ['X4']
[2026-04-24 05:25:22,561][dowhy.causal_identifier.auto_identifier][WARNING] - No directed path from treatment to outcome. Causal Effect is zero.
[2026-04-24 05:25:22,562][dowhy.causal_model][INFO] - linear_regression
[2026-04-24 05:25:22,562][dowhy.causal_estimator][INFO] - INFO: Using Linear Regression Estimator
[2026-04-24 05:25:22,562][dowhy.causal_estimator][WARNING] - No directed path from ['X10'] to ['X4'].
[2026-04-24 05:25:22,563][dowhy.causal_model][INFO] - Model to find the causal effect of treatment ['X10'] on outcome ['X5']
[2026-04-24 05:25:22,563][dowhy.causal_identifier.auto_identifier][WARNING] - No directed path from treatment to outcome. Causal Effect is zero.
[2026-04-24 05:25:22,563][dowhy.causal_model][INFO] - linear_regression
[2026-04-24 05:25:22,563][dowhy.causal_estimator][INFO] - INFO: Using Linear Regression Estimator
[2026-04-24 05:25:22,563][dowhy.causal_estimator][WARNING] - No directed path from ['X10'] to ['X5'].
[2026-04-24 05:25:22,565][dowhy.causal_model][INFO] - Model to find the causal effect of treatment ['X10'] on outcome ['X6']
[2026-04-24 05:25:22,565][dowhy.causal_identifier.auto_identifier][WARNING] - No directed path from treatment to outcome. Causal Effect is zero.
[2026-04-24 05:25:22,565][dowhy.causal_model][INFO] - linear_regression
[2026-04-24 05:25:22,565][dowhy.causal_estimator][INFO] - INFO: Using Linear Regression Estimator
[2026-04-24 05:25:22,565][dowhy.causal_estimator][WARNING] - No directed path from ['X10'] to ['X6'].
[2026-04-24 05:25:22,567][dowhy.causal_model][INFO] - Model to find the causal effect of treatment ['X10'] on outcome ['X7']
[2026-04-24 05:25:22,567][dowhy.causal_identifier.auto_identifier][WARNING] - No directed path from treatment to outcome. Causal Effect is zero.
[2026-04-24 05:25:22,567][dowhy.causal_model][INFO] - linear_regression
[2026-04-24 05:25:22,567][dowhy.causal_estimator][INFO] - INFO: Using Linear Regression Estimator
[2026-04-24 05:25:22,567][dowhy.causal_estimator][WARNING] - No directed path from ['X10'] to ['X7'].
[2026-04-24 05:25:22,569][dowhy.causal_model][INFO] - Model to find the causal effect of treatment ['X10'] on outcome ['X8']
[2026-04-24 05:25:22,569][dowhy.causal_identifier.auto_identifier][WARNING] - No directed path from treatment to outcome. Causal Effect is zero.
[2026-04-24 05:25:22,569][dowhy.causal_model][INFO] - linear_regression
[2026-04-24 05:25:22,569][dowhy.causal_estimator][INFO] - INFO: Using Linear Regression Estimator
[2026-04-24 05:25:22,569][dowhy.causal_estimator][WARNING] - No directed path from ['X10'] to ['X8'].
[2026-04-24 05:25:22,570][dowhy.causal_model][INFO] - Model to find the causal effect of treatment ['X10'] on outcome ['X9']
[2026-04-24 05:25:22,570][dowhy.causal_identifier.auto_identifier][WARNING] - No directed path from treatment to outcome. Causal Effect is zero.
[2026-04-24 05:25:22,570][dowhy.causal_model][INFO] - linear_regression
[2026-04-24 05:25:22,570][dowhy.causal_estimator][INFO] - INFO: Using Linear Regression Estimator
[2026-04-24 05:25:22,570][dowhy.causal_estimator][WARNING] - No directed path from ['X10'] to ['X9'].
[2026-04-24 05:25:22,572][dowhy.causal_model][INFO] - Model to find the causal effect of treatment ['X10'] on outcome ['X11']
[2026-04-24 05:25:22,572][dowhy.causal_identifier.auto_identifier][WARNING] - No directed path from treatment to outcome. Causal Effect is zero.
[2026-04-24 05:25:22,572][dowhy.causal_model][INFO] - linear_regression
[2026-04-24 05:25:22,572][dowhy.causal_estimator][INFO] - INFO: Using Linear Regression Estimator
[2026-04-24 05:25:22,572][dowhy.causal_estimator][WARNING] - No directed path from ['X10'] to ['X11'].
[2026-04-24 05:25:22,605][dowhy.causal_model][INFO] - Model to find the causal effect of treatment ['X11'] on outcome ['X0']
[2026-04-24 05:25:22,605][dowhy.causal_identifier.auto_identifier][WARNING] - No directed path from treatment to outcome. Causal Effect is zero.
[2026-04-24 05:25:22,605][dowhy.causal_model][INFO] - linear_regression
[2026-04-24 05:25:22,605][dowhy.causal_estimator][INFO] - INFO: Using Linear Regression Estimator
[2026-04-24 05:25:22,605][dowhy.causal_estimator][WARNING] - No directed path from ['X11'] to ['X0'].
[2026-04-24 05:25:22,607][dowhy.causal_model][INFO] - Model to find the causal effect of treatment ['X11'] on outcome ['X1']
[2026-04-24 05:25:22,607][dowhy.causal_identifier.auto_identifier][WARNING] - No directed path from treatment to outcome. Causal Effect is zero.
[2026-04-24 05:25:22,607][dowhy.causal_model][INFO] - linear_regression
[2026-04-24 05:25:22,607][dowhy.causal_estimator][INFO] - INFO: Using Linear Regression Estimator
[2026-04-24 05:25:22,607][dowhy.causal_estimator][WARNING] - No directed path from ['X11'] to ['X1'].
[2026-04-24 05:25:22,609][dowhy.causal_model][INFO] - Model to find the causal effect of treatment ['X11'] on outcome ['X2']
[2026-04-24 05:25:22,609][dowhy.causal_identifier.auto_identifier][WARNING] - No directed path from treatment to outcome. Causal Effect is zero.
[2026-04-24 05:25:22,609][dowhy.causal_model][INFO] - linear_regression
[2026-04-24 05:25:22,609][dowhy.causal_estimator][INFO] - INFO: Using Linear Regression Estimator
[2026-04-24 05:25:22,609][dowhy.causal_estimator][WARNING] - No directed path from ['X11'] to ['X2'].
[2026-04-24 05:25:22,611][dowhy.causal_model][INFO] - Model to find the causal effect of treatment ['X11'] on outcome ['X3']
[2026-04-24 05:25:22,611][dowhy.causal_identifier.auto_identifier][WARNING] - No directed path from treatment to outcome. Causal Effect is zero.
[2026-04-24 05:25:22,611][dowhy.causal_model][INFO] - linear_regression
[2026-04-24 05:25:22,611][dowhy.causal_estimator][INFO] - INFO: Using Linear Regression Estimator
[2026-04-24 05:25:22,611][dowhy.causal_estimator][WARNING] - No directed path from ['X11'] to ['X3'].
[2026-04-24 05:25:22,613][dowhy.causal_model][INFO] - Model to find the causal effect of treatment ['X11'] on outcome ['X4']
[2026-04-24 05:25:22,613][dowhy.causal_identifier.auto_identifier][WARNING] - No directed path from treatment to outcome. Causal Effect is zero.
[2026-04-24 05:25:22,613][dowhy.causal_model][INFO] - linear_regression
[2026-04-24 05:25:22,613][dowhy.causal_estimator][INFO] - INFO: Using Linear Regression Estimator
[2026-04-24 05:25:22,613][dowhy.causal_estimator][WARNING] - No directed path from ['X11'] to ['X4'].
[2026-04-24 05:25:22,614][dowhy.causal_model][INFO] - Model to find the causal effect of treatment ['X11'] on outcome ['X5']
[2026-04-24 05:25:22,614][dowhy.causal_identifier.auto_identifier][WARNING] - No directed path from treatment to outcome. Causal Effect is zero.
[2026-04-24 05:25:22,614][dowhy.causal_model][INFO] - linear_regression
[2026-04-24 05:25:22,614][dowhy.causal_estimator][INFO] - INFO: Using Linear Regression Estimator
[2026-04-24 05:25:22,614][dowhy.causal_estimator][WARNING] - No directed path from ['X11'] to ['X5'].
[2026-04-24 05:25:22,616][dowhy.causal_model][INFO] - Model to find the causal effect of treatment ['X11'] on outcome ['X6']
[2026-04-24 05:25:22,616][dowhy.causal_identifier.auto_identifier][WARNING] - No directed path from treatment to outcome. Causal Effect is zero.
[2026-04-24 05:25:22,616][dowhy.causal_model][INFO] - linear_regression
[2026-04-24 05:25:22,616][dowhy.causal_estimator][INFO] - INFO: Using Linear Regression Estimator
[2026-04-24 05:25:22,616][dowhy.causal_estimator][WARNING] - No directed path from ['X11'] to ['X6'].
[2026-04-24 05:25:22,618][dowhy.causal_model][INFO] - Model to find the causal effect of treatment ['X11'] on outcome ['X7']
[2026-04-24 05:25:22,618][dowhy.causal_identifier.auto_identifier][WARNING] - No directed path from treatment to outcome. Causal Effect is zero.
[2026-04-24 05:25:22,618][dowhy.causal_model][INFO] - linear_regression
[2026-04-24 05:25:22,618][dowhy.causal_estimator][INFO] - INFO: Using Linear Regression Estimator
[2026-04-24 05:25:22,618][dowhy.causal_estimator][WARNING] - No directed path from ['X11'] to ['X7'].
[2026-04-24 05:25:22,620][dowhy.causal_model][INFO] - Model to find the causal effect of treatment ['X11'] on outcome ['X8']
[2026-04-24 05:25:22,620][dowhy.causal_identifier.auto_identifier][WARNING] - No directed path from treatment to outcome. Causal Effect is zero.
[2026-04-24 05:25:22,620][dowhy.causal_model][INFO] - linear_regression
[2026-04-24 05:25:22,620][dowhy.causal_estimator][INFO] - INFO: Using Linear Regression Estimator
[2026-04-24 05:25:22,620][dowhy.causal_estimator][WARNING] - No directed path from ['X11'] to ['X8'].
[2026-04-24 05:25:22,621][dowhy.causal_model][INFO] - Model to find the causal effect of treatment ['X11'] on outcome ['X9']
[2026-04-24 05:25:22,622][dowhy.causal_identifier.auto_identifier][WARNING] - No directed path from treatment to outcome. Causal Effect is zero.
[2026-04-24 05:25:22,622][dowhy.causal_model][INFO] - linear_regression
[2026-04-24 05:25:22,622][dowhy.causal_estimator][INFO] - INFO: Using Linear Regression Estimator
[2026-04-24 05:25:22,622][dowhy.causal_estimator][WARNING] - No directed path from ['X11'] to ['X9'].
[2026-04-24 05:25:22,623][dowhy.causal_model][INFO] - Model to find the causal effect of treatment ['X11'] on outcome ['X10']
[2026-04-24 05:25:22,623][dowhy.causal_identifier.auto_identifier][WARNING] - No directed path from treatment to outcome. Causal Effect is zero.
[2026-04-24 05:25:22,623][dowhy.causal_model][INFO] - linear_regression
[2026-04-24 05:25:22,623][dowhy.causal_estimator][INFO] - INFO: Using Linear Regression Estimator
[2026-04-24 05:25:22,623][dowhy.causal_estimator][WARNING] - No directed path from ['X11'] to ['X10'].
