[2026-04-24 03:46:38,281][dowhy.causal_model][INFO] - Model to find the causal effect of treatment ['X0'] on outcome ['X1']
[2026-04-24 03:46:38,282][dowhy.causal_identifier.auto_identifier][WARNING] - No directed path from treatment to outcome. Causal Effect is zero.
[2026-04-24 03:46:38,282][dowhy.causal_model][INFO] - linear_regression
[2026-04-24 03:46:38,282][dowhy.causal_estimator][INFO] - INFO: Using Linear Regression Estimator
[2026-04-24 03:46:38,282][dowhy.causal_estimator][WARNING] - No directed path from ['X0'] to ['X1'].
[2026-04-24 03:46:38,284][dowhy.causal_model][INFO] - Model to find the causal effect of treatment ['X0'] on outcome ['X2']
[2026-04-24 03:46:38,284][dowhy.causal_identifier.auto_identifier][INFO] - Causal effect can be identified.
[2026-04-24 03:46:38,285][dowhy.causal_identifier.auto_identifier][INFO] - Instrumental variables for treatment and outcome:[]
[2026-04-24 03:46:38,285][dowhy.causal_identifier.auto_identifier][INFO] - Frontdoor variables for treatment and outcome:[]
[2026-04-24 03:46:38,285][dowhy.causal_model][INFO] - linear_regression
[2026-04-24 03:46:38,285][dowhy.causal_estimator][INFO] - INFO: Using Linear Regression Estimator
[2026-04-24 03:46:38,286][dowhy.causal_estimator][INFO] - b: X2~X0+X0*X1
[2026-04-24 03:46:38,293][dowhy.causal_model][INFO] - Model to find the causal effect of treatment ['X0'] on outcome ['X3']
[2026-04-24 03:46:38,294][dowhy.causal_identifier.auto_identifier][INFO] - Causal effect can be identified.
[2026-04-24 03:46:38,294][dowhy.causal_identifier.auto_identifier][INFO] - Instrumental variables for treatment and outcome:[]
[2026-04-24 03:46:38,295][dowhy.causal_identifier.auto_identifier][INFO] - Frontdoor variables for treatment and outcome:['X2']
[2026-04-24 03:46:38,296][dowhy.causal_identifier.auto_identifier][INFO] - Causal effect can be identified.
[2026-04-24 03:46:38,296][dowhy.causal_identifier.auto_identifier][INFO] - Causal effect can be identified.
[2026-04-24 03:46:38,297][dowhy.causal_model][INFO] - linear_regression
[2026-04-24 03:46:38,297][dowhy.causal_estimator][INFO] - INFO: Using Linear Regression Estimator
[2026-04-24 03:46:38,297][dowhy.causal_estimator][INFO] - b: X3~X0+X0*X1
[2026-04-24 03:46:38,305][dowhy.causal_model][INFO] - Model to find the causal effect of treatment ['X0'] on outcome ['X4']
[2026-04-24 03:46:38,305][dowhy.causal_identifier.auto_identifier][INFO] - Causal effect can be identified.
[2026-04-24 03:46:38,305][dowhy.causal_identifier.auto_identifier][INFO] - Instrumental variables for treatment and outcome:[]
[2026-04-24 03:46:38,306][dowhy.causal_identifier.auto_identifier][INFO] - Frontdoor variables for treatment and outcome:['X3', 'X2']
[2026-04-24 03:46:38,307][dowhy.causal_identifier.auto_identifier][INFO] - Causal effect can be identified.
[2026-04-24 03:46:38,307][dowhy.causal_identifier.auto_identifier][INFO] - Causal effect can be identified.
[2026-04-24 03:46:38,308][dowhy.causal_model][INFO] - linear_regression
[2026-04-24 03:46:38,308][dowhy.causal_estimator][INFO] - INFO: Using Linear Regression Estimator
[2026-04-24 03:46:38,308][dowhy.causal_estimator][INFO] - b: X4~X0+X0*X1
[2026-04-24 03:46:38,316][dowhy.causal_model][INFO] - Model to find the causal effect of treatment ['X0'] on outcome ['X5']
[2026-04-24 03:46:38,316][dowhy.causal_identifier.auto_identifier][INFO] - Causal effect can be identified.
[2026-04-24 03:46:38,316][dowhy.causal_identifier.auto_identifier][INFO] - Instrumental variables for treatment and outcome:[]
[2026-04-24 03:46:38,317][dowhy.causal_identifier.auto_identifier][INFO] - Frontdoor variables for treatment and outcome:['X3', 'X4', 'X2']
[2026-04-24 03:46:38,318][dowhy.causal_identifier.auto_identifier][INFO] - Causal effect can be identified.
[2026-04-24 03:46:38,319][dowhy.causal_identifier.auto_identifier][INFO] - Causal effect can be identified.
[2026-04-24 03:46:38,319][dowhy.causal_model][INFO] - linear_regression
[2026-04-24 03:46:38,319][dowhy.causal_estimator][INFO] - INFO: Using Linear Regression Estimator
[2026-04-24 03:46:38,319][dowhy.causal_estimator][INFO] - b: X5~X0+X0*X1
[2026-04-24 03:46:38,359][dowhy.causal_model][INFO] - Model to find the causal effect of treatment ['X1'] on outcome ['X0']
[2026-04-24 03:46:38,359][dowhy.causal_identifier.auto_identifier][WARNING] - No directed path from treatment to outcome. Causal Effect is zero.
[2026-04-24 03:46:38,359][dowhy.causal_model][INFO] - linear_regression
[2026-04-24 03:46:38,359][dowhy.causal_estimator][INFO] - INFO: Using Linear Regression Estimator
[2026-04-24 03:46:38,359][dowhy.causal_estimator][WARNING] - No directed path from ['X1'] to ['X0'].
[2026-04-24 03:46:38,361][dowhy.causal_model][INFO] - Model to find the causal effect of treatment ['X1'] on outcome ['X2']
[2026-04-24 03:46:38,361][dowhy.causal_identifier.auto_identifier][INFO] - Causal effect can be identified.
[2026-04-24 03:46:38,362][dowhy.causal_identifier.auto_identifier][INFO] - Instrumental variables for treatment and outcome:[]
[2026-04-24 03:46:38,362][dowhy.causal_identifier.auto_identifier][INFO] - Frontdoor variables for treatment and outcome:[]
[2026-04-24 03:46:38,362][dowhy.causal_model][INFO] - linear_regression
[2026-04-24 03:46:38,362][dowhy.causal_estimator][INFO] - INFO: Using Linear Regression Estimator
[2026-04-24 03:46:38,362][dowhy.causal_estimator][INFO] - b: X2~X1+X1*X0
[2026-04-24 03:46:38,369][dowhy.causal_model][INFO] - Model to find the causal effect of treatment ['X1'] on outcome ['X3']
[2026-04-24 03:46:38,370][dowhy.causal_identifier.auto_identifier][INFO] - Causal effect can be identified.
[2026-04-24 03:46:38,370][dowhy.causal_identifier.auto_identifier][INFO] - Instrumental variables for treatment and outcome:[]
[2026-04-24 03:46:38,370][dowhy.causal_identifier.auto_identifier][INFO] - Frontdoor variables for treatment and outcome:['X2']
[2026-04-24 03:46:38,371][dowhy.causal_identifier.auto_identifier][INFO] - Causal effect can be identified.
[2026-04-24 03:46:38,372][dowhy.causal_identifier.auto_identifier][INFO] - Causal effect can be identified.
[2026-04-24 03:46:38,372][dowhy.causal_model][INFO] - linear_regression
[2026-04-24 03:46:38,372][dowhy.causal_estimator][INFO] - INFO: Using Linear Regression Estimator
[2026-04-24 03:46:38,372][dowhy.causal_estimator][INFO] - b: X3~X1+X1*X0
[2026-04-24 03:46:38,380][dowhy.causal_model][INFO] - Model to find the causal effect of treatment ['X1'] on outcome ['X4']
[2026-04-24 03:46:38,380][dowhy.causal_identifier.auto_identifier][INFO] - Causal effect can be identified.
[2026-04-24 03:46:38,380][dowhy.causal_identifier.auto_identifier][INFO] - Instrumental variables for treatment and outcome:[]
[2026-04-24 03:46:38,381][dowhy.causal_identifier.auto_identifier][INFO] - Frontdoor variables for treatment and outcome:['X3', 'X2']
[2026-04-24 03:46:38,382][dowhy.causal_identifier.auto_identifier][INFO] - Causal effect can be identified.
[2026-04-24 03:46:38,382][dowhy.causal_identifier.auto_identifier][INFO] - Causal effect can be identified.
[2026-04-24 03:46:38,383][dowhy.causal_model][INFO] - linear_regression
[2026-04-24 03:46:38,383][dowhy.causal_estimator][INFO] - INFO: Using Linear Regression Estimator
[2026-04-24 03:46:38,383][dowhy.causal_estimator][INFO] - b: X4~X1+X1*X0
[2026-04-24 03:46:38,390][dowhy.causal_model][INFO] - Model to find the causal effect of treatment ['X1'] on outcome ['X5']
[2026-04-24 03:46:38,391][dowhy.causal_identifier.auto_identifier][INFO] - Causal effect can be identified.
[2026-04-24 03:46:38,391][dowhy.causal_identifier.auto_identifier][INFO] - Instrumental variables for treatment and outcome:[]
[2026-04-24 03:46:38,392][dowhy.causal_identifier.auto_identifier][INFO] - Frontdoor variables for treatment and outcome:['X3', 'X4', 'X2']
[2026-04-24 03:46:38,393][dowhy.causal_identifier.auto_identifier][INFO] - Causal effect can be identified.
[2026-04-24 03:46:38,393][dowhy.causal_identifier.auto_identifier][INFO] - Causal effect can be identified.
[2026-04-24 03:46:38,394][dowhy.causal_model][INFO] - linear_regression
[2026-04-24 03:46:38,394][dowhy.causal_estimator][INFO] - INFO: Using Linear Regression Estimator
[2026-04-24 03:46:38,394][dowhy.causal_estimator][INFO] - b: X5~X1+X1*X0
[2026-04-24 03:46:38,432][dowhy.causal_model][INFO] - Model to find the causal effect of treatment ['X2'] on outcome ['X0']
[2026-04-24 03:46:38,432][dowhy.causal_identifier.auto_identifier][WARNING] - No directed path from treatment to outcome. Causal Effect is zero.
[2026-04-24 03:46:38,432][dowhy.causal_model][INFO] - linear_regression
[2026-04-24 03:46:38,432][dowhy.causal_estimator][INFO] - INFO: Using Linear Regression Estimator
[2026-04-24 03:46:38,433][dowhy.causal_estimator][WARNING] - No directed path from ['X2'] to ['X0'].
[2026-04-24 03:46:38,434][dowhy.causal_model][INFO] - Model to find the causal effect of treatment ['X2'] on outcome ['X1']
[2026-04-24 03:46:38,434][dowhy.causal_identifier.auto_identifier][WARNING] - No directed path from treatment to outcome. Causal Effect is zero.
[2026-04-24 03:46:38,434][dowhy.causal_model][INFO] - linear_regression
[2026-04-24 03:46:38,434][dowhy.causal_estimator][INFO] - INFO: Using Linear Regression Estimator
[2026-04-24 03:46:38,434][dowhy.causal_estimator][WARNING] - No directed path from ['X2'] to ['X1'].
[2026-04-24 03:46:38,436][dowhy.causal_model][INFO] - Model to find the causal effect of treatment ['X2'] on outcome ['X3']
[2026-04-24 03:46:38,437][dowhy.causal_identifier.auto_identifier][INFO] - Causal effect can be identified.
[2026-04-24 03:46:38,437][dowhy.causal_identifier.auto_identifier][INFO] - Instrumental variables for treatment and outcome:['X1', 'X0']
[2026-04-24 03:46:38,438][dowhy.causal_identifier.auto_identifier][INFO] - Frontdoor variables for treatment and outcome:[]
[2026-04-24 03:46:38,438][dowhy.causal_model][INFO] - linear_regression
[2026-04-24 03:46:38,438][dowhy.causal_estimator][INFO] - INFO: Using Linear Regression Estimator
[2026-04-24 03:46:38,438][dowhy.causal_estimator][INFO] - b: X3~X2
[2026-04-24 03:46:38,444][dowhy.causal_model][INFO] - Model to find the causal effect of treatment ['X2'] on outcome ['X4']
[2026-04-24 03:46:38,445][dowhy.causal_identifier.auto_identifier][INFO] - Causal effect can be identified.
[2026-04-24 03:46:38,445][dowhy.causal_identifier.auto_identifier][INFO] - Instrumental variables for treatment and outcome:['X1', 'X0']
[2026-04-24 03:46:38,446][dowhy.causal_identifier.auto_identifier][INFO] - Frontdoor variables for treatment and outcome:[]
[2026-04-24 03:46:38,446][dowhy.causal_model][INFO] - linear_regression
[2026-04-24 03:46:38,446][dowhy.causal_estimator][INFO] - INFO: Using Linear Regression Estimator
[2026-04-24 03:46:38,446][dowhy.causal_estimator][INFO] - b: X4~X2
[2026-04-24 03:46:38,452][dowhy.causal_model][INFO] - Model to find the causal effect of treatment ['X2'] on outcome ['X5']
[2026-04-24 03:46:38,453][dowhy.causal_identifier.auto_identifier][INFO] - Causal effect can be identified.
[2026-04-24 03:46:38,454][dowhy.causal_identifier.auto_identifier][INFO] - Instrumental variables for treatment and outcome:['X1', 'X0']
[2026-04-24 03:46:38,454][dowhy.causal_identifier.auto_identifier][INFO] - Frontdoor variables for treatment and outcome:['X3', 'X4']
[2026-04-24 03:46:38,455][dowhy.causal_identifier.auto_identifier][INFO] - Causal effect can be identified.
[2026-04-24 03:46:38,456][dowhy.causal_identifier.auto_identifier][INFO] - Causal effect can be identified.
[2026-04-24 03:46:38,457][dowhy.causal_model][INFO] - linear_regression
[2026-04-24 03:46:38,457][dowhy.causal_estimator][INFO] - INFO: Using Linear Regression Estimator
[2026-04-24 03:46:38,457][dowhy.causal_estimator][INFO] - b: X5~X2
[2026-04-24 03:46:38,503][dowhy.causal_model][INFO] - Model to find the causal effect of treatment ['X3'] on outcome ['X0']
[2026-04-24 03:46:38,503][dowhy.causal_identifier.auto_identifier][WARNING] - No directed path from treatment to outcome. Causal Effect is zero.
[2026-04-24 03:46:38,503][dowhy.causal_model][INFO] - linear_regression
[2026-04-24 03:46:38,503][dowhy.causal_estimator][INFO] - INFO: Using Linear Regression Estimator
[2026-04-24 03:46:38,503][dowhy.causal_estimator][WARNING] - No directed path from ['X3'] to ['X0'].
[2026-04-24 03:46:38,505][dowhy.causal_model][INFO] - Model to find the causal effect of treatment ['X3'] on outcome ['X1']
[2026-04-24 03:46:38,505][dowhy.causal_identifier.auto_identifier][WARNING] - No directed path from treatment to outcome. Causal Effect is zero.
[2026-04-24 03:46:38,505][dowhy.causal_model][INFO] - linear_regression
[2026-04-24 03:46:38,505][dowhy.causal_estimator][INFO] - INFO: Using Linear Regression Estimator
[2026-04-24 03:46:38,505][dowhy.causal_estimator][WARNING] - No directed path from ['X3'] to ['X1'].
[2026-04-24 03:46:38,507][dowhy.causal_model][INFO] - Model to find the causal effect of treatment ['X3'] on outcome ['X2']
[2026-04-24 03:46:38,507][dowhy.causal_identifier.auto_identifier][WARNING] - No directed path from treatment to outcome. Causal Effect is zero.
[2026-04-24 03:46:38,507][dowhy.causal_model][INFO] - linear_regression
[2026-04-24 03:46:38,507][dowhy.causal_estimator][INFO] - INFO: Using Linear Regression Estimator
[2026-04-24 03:46:38,507][dowhy.causal_estimator][WARNING] - No directed path from ['X3'] to ['X2'].
[2026-04-24 03:46:38,509][dowhy.causal_model][INFO] - Model to find the causal effect of treatment ['X3'] on outcome ['X4']
[2026-04-24 03:46:38,510][dowhy.causal_identifier.auto_identifier][INFO] - Causal effect can be identified.
[2026-04-24 03:46:38,510][dowhy.causal_identifier.auto_identifier][INFO] - Instrumental variables for treatment and outcome:[]
[2026-04-24 03:46:38,510][dowhy.causal_identifier.auto_identifier][INFO] - Frontdoor variables for treatment and outcome:[]
[2026-04-24 03:46:38,510][dowhy.causal_model][INFO] - linear_regression
[2026-04-24 03:46:38,510][dowhy.causal_estimator][INFO] - INFO: Using Linear Regression Estimator
[2026-04-24 03:46:38,511][dowhy.causal_estimator][INFO] - b: X4~X3+X2
[2026-04-24 03:46:38,519][dowhy.causal_model][INFO] - Model to find the causal effect of treatment ['X3'] on outcome ['X5']
[2026-04-24 03:46:38,520][dowhy.causal_identifier.auto_identifier][INFO] - Causal effect can be identified.
[2026-04-24 03:46:38,521][dowhy.causal_identifier.auto_identifier][INFO] - Instrumental variables for treatment and outcome:[]
[2026-04-24 03:46:38,521][dowhy.causal_identifier.auto_identifier][INFO] - Frontdoor variables for treatment and outcome:[]
[2026-04-24 03:46:38,521][dowhy.causal_model][INFO] - linear_regression
[2026-04-24 03:46:38,521][dowhy.causal_estimator][INFO] - INFO: Using Linear Regression Estimator
[2026-04-24 03:46:38,521][dowhy.causal_estimator][INFO] - b: X5~X3+X2
[2026-04-24 03:46:38,565][dowhy.causal_model][INFO] - Model to find the causal effect of treatment ['X4'] on outcome ['X0']
[2026-04-24 03:46:38,565][dowhy.causal_identifier.auto_identifier][WARNING] - No directed path from treatment to outcome. Causal Effect is zero.
[2026-04-24 03:46:38,565][dowhy.causal_model][INFO] - linear_regression
[2026-04-24 03:46:38,565][dowhy.causal_estimator][INFO] - INFO: Using Linear Regression Estimator
[2026-04-24 03:46:38,565][dowhy.causal_estimator][WARNING] - No directed path from ['X4'] to ['X0'].
[2026-04-24 03:46:38,566][dowhy.causal_model][INFO] - Model to find the causal effect of treatment ['X4'] on outcome ['X1']
[2026-04-24 03:46:38,567][dowhy.causal_identifier.auto_identifier][WARNING] - No directed path from treatment to outcome. Causal Effect is zero.
[2026-04-24 03:46:38,567][dowhy.causal_model][INFO] - linear_regression
[2026-04-24 03:46:38,567][dowhy.causal_estimator][INFO] - INFO: Using Linear Regression Estimator
[2026-04-24 03:46:38,567][dowhy.causal_estimator][WARNING] - No directed path from ['X4'] to ['X1'].
[2026-04-24 03:46:38,568][dowhy.causal_model][INFO] - Model to find the causal effect of treatment ['X4'] on outcome ['X2']
[2026-04-24 03:46:38,568][dowhy.causal_identifier.auto_identifier][WARNING] - No directed path from treatment to outcome. Causal Effect is zero.
[2026-04-24 03:46:38,568][dowhy.causal_model][INFO] - linear_regression
[2026-04-24 03:46:38,568][dowhy.causal_estimator][INFO] - INFO: Using Linear Regression Estimator
[2026-04-24 03:46:38,568][dowhy.causal_estimator][WARNING] - No directed path from ['X4'] to ['X2'].
[2026-04-24 03:46:38,570][dowhy.causal_model][INFO] - Model to find the causal effect of treatment ['X4'] on outcome ['X3']
[2026-04-24 03:46:38,570][dowhy.causal_identifier.auto_identifier][WARNING] - No directed path from treatment to outcome. Causal Effect is zero.
[2026-04-24 03:46:38,570][dowhy.causal_model][INFO] - linear_regression
[2026-04-24 03:46:38,570][dowhy.causal_estimator][INFO] - INFO: Using Linear Regression Estimator
[2026-04-24 03:46:38,570][dowhy.causal_estimator][WARNING] - No directed path from ['X4'] to ['X3'].
[2026-04-24 03:46:38,572][dowhy.causal_model][INFO] - Model to find the causal effect of treatment ['X4'] on outcome ['X5']
[2026-04-24 03:46:38,573][dowhy.causal_identifier.auto_identifier][INFO] - Causal effect can be identified.
[2026-04-24 03:46:38,573][dowhy.causal_identifier.auto_identifier][INFO] - Instrumental variables for treatment and outcome:['X3', 'X2']
[2026-04-24 03:46:38,574][dowhy.causal_identifier.auto_identifier][INFO] - Frontdoor variables for treatment and outcome:[]
[2026-04-24 03:46:38,574][dowhy.causal_model][INFO] - linear_regression
[2026-04-24 03:46:38,574][dowhy.causal_estimator][INFO] - INFO: Using Linear Regression Estimator
[2026-04-24 03:46:38,574][dowhy.causal_estimator][INFO] - b: X5~X4
[2026-04-24 03:46:38,610][dowhy.causal_model][INFO] - Model to find the causal effect of treatment ['X5'] on outcome ['X0']
[2026-04-24 03:46:38,610][dowhy.causal_identifier.auto_identifier][WARNING] - No directed path from treatment to outcome. Causal Effect is zero.
[2026-04-24 03:46:38,610][dowhy.causal_model][INFO] - linear_regression
[2026-04-24 03:46:38,610][dowhy.causal_estimator][INFO] - INFO: Using Linear Regression Estimator
[2026-04-24 03:46:38,610][dowhy.causal_estimator][WARNING] - No directed path from ['X5'] to ['X0'].
[2026-04-24 03:46:38,612][dowhy.causal_model][INFO] - Model to find the causal effect of treatment ['X5'] on outcome ['X1']
[2026-04-24 03:46:38,612][dowhy.causal_identifier.auto_identifier][WARNING] - No directed path from treatment to outcome. Causal Effect is zero.
[2026-04-24 03:46:38,612][dowhy.causal_model][INFO] - linear_regression
[2026-04-24 03:46:38,612][dowhy.causal_estimator][INFO] - INFO: Using Linear Regression Estimator
[2026-04-24 03:46:38,612][dowhy.causal_estimator][WARNING] - No directed path from ['X5'] to ['X1'].
[2026-04-24 03:46:38,613][dowhy.causal_model][INFO] - Model to find the causal effect of treatment ['X5'] on outcome ['X2']
[2026-04-24 03:46:38,613][dowhy.causal_identifier.auto_identifier][WARNING] - No directed path from treatment to outcome. Causal Effect is zero.
[2026-04-24 03:46:38,613][dowhy.causal_model][INFO] - linear_regression
[2026-04-24 03:46:38,613][dowhy.causal_estimator][INFO] - INFO: Using Linear Regression Estimator
[2026-04-24 03:46:38,613][dowhy.causal_estimator][WARNING] - No directed path from ['X5'] to ['X2'].
[2026-04-24 03:46:38,615][dowhy.causal_model][INFO] - Model to find the causal effect of treatment ['X5'] on outcome ['X3']
[2026-04-24 03:46:38,615][dowhy.causal_identifier.auto_identifier][WARNING] - No directed path from treatment to outcome. Causal Effect is zero.
[2026-04-24 03:46:38,615][dowhy.causal_model][INFO] - linear_regression
[2026-04-24 03:46:38,615][dowhy.causal_estimator][INFO] - INFO: Using Linear Regression Estimator
[2026-04-24 03:46:38,615][dowhy.causal_estimator][WARNING] - No directed path from ['X5'] to ['X3'].
[2026-04-24 03:46:38,617][dowhy.causal_model][INFO] - Model to find the causal effect of treatment ['X5'] on outcome ['X4']
[2026-04-24 03:46:38,617][dowhy.causal_identifier.auto_identifier][WARNING] - No directed path from treatment to outcome. Causal Effect is zero.
[2026-04-24 03:46:38,617][dowhy.causal_model][INFO] - linear_regression
[2026-04-24 03:46:38,617][dowhy.causal_estimator][INFO] - INFO: Using Linear Regression Estimator
[2026-04-24 03:46:38,617][dowhy.causal_estimator][WARNING] - No directed path from ['X5'] to ['X4'].
[2026-04-24 03:46:38,667][dowhy.causal_model][INFO] - Model to find the causal effect of treatment ['X0'] on outcome ['X1']
[2026-04-24 03:46:38,667][dowhy.causal_identifier.auto_identifier][WARNING] - No directed path from treatment to outcome. Causal Effect is zero.
[2026-04-24 03:46:38,667][dowhy.causal_model][INFO] - linear_regression
[2026-04-24 03:46:38,667][dowhy.causal_estimator][INFO] - INFO: Using Linear Regression Estimator
[2026-04-24 03:46:38,667][dowhy.causal_estimator][WARNING] - No directed path from ['X0'] to ['X1'].
[2026-04-24 03:46:38,669][dowhy.causal_model][INFO] - Model to find the causal effect of treatment ['X0'] on outcome ['X2']
[2026-04-24 03:46:38,670][dowhy.causal_identifier.auto_identifier][INFO] - Causal effect can be identified.
[2026-04-24 03:46:38,670][dowhy.causal_identifier.auto_identifier][INFO] - Instrumental variables for treatment and outcome:[]
[2026-04-24 03:46:38,670][dowhy.causal_identifier.auto_identifier][INFO] - Frontdoor variables for treatment and outcome:[]
[2026-04-24 03:46:38,670][dowhy.causal_model][INFO] - linear_regression
[2026-04-24 03:46:38,670][dowhy.causal_estimator][INFO] - INFO: Using Linear Regression Estimator
[2026-04-24 03:46:38,671][dowhy.causal_estimator][INFO] - b: X2~X0+X0*X1
[2026-04-24 03:46:38,679][dowhy.causal_model][INFO] - Model to find the causal effect of treatment ['X0'] on outcome ['X3']
[2026-04-24 03:46:38,680][dowhy.causal_identifier.auto_identifier][INFO] - Causal effect can be identified.
[2026-04-24 03:46:38,680][dowhy.causal_identifier.auto_identifier][INFO] - Instrumental variables for treatment and outcome:[]
[2026-04-24 03:46:38,681][dowhy.causal_identifier.auto_identifier][INFO] - Frontdoor variables for treatment and outcome:['X2']
[2026-04-24 03:46:38,682][dowhy.causal_identifier.auto_identifier][INFO] - Causal effect can be identified.
[2026-04-24 03:46:38,682][dowhy.causal_identifier.auto_identifier][INFO] - Causal effect can be identified.
[2026-04-24 03:46:38,683][dowhy.causal_model][INFO] - linear_regression
[2026-04-24 03:46:38,683][dowhy.causal_estimator][INFO] - INFO: Using Linear Regression Estimator
[2026-04-24 03:46:38,683][dowhy.causal_estimator][INFO] - b: X3~X0+X0*X1
[2026-04-24 03:46:38,692][dowhy.causal_model][INFO] - Model to find the causal effect of treatment ['X0'] on outcome ['X4']
[2026-04-24 03:46:38,692][dowhy.causal_identifier.auto_identifier][INFO] - Causal effect can be identified.
[2026-04-24 03:46:38,693][dowhy.causal_identifier.auto_identifier][INFO] - Instrumental variables for treatment and outcome:[]
[2026-04-24 03:46:38,693][dowhy.causal_identifier.auto_identifier][INFO] - Frontdoor variables for treatment and outcome:['X3', 'X2']
[2026-04-24 03:46:38,694][dowhy.causal_identifier.auto_identifier][INFO] - Causal effect can be identified.
[2026-04-24 03:46:38,695][dowhy.causal_identifier.auto_identifier][INFO] - Causal effect can be identified.
[2026-04-24 03:46:38,695][dowhy.causal_model][INFO] - linear_regression
[2026-04-24 03:46:38,695][dowhy.causal_estimator][INFO] - INFO: Using Linear Regression Estimator
[2026-04-24 03:46:38,696][dowhy.causal_estimator][INFO] - b: X4~X0+X0*X1
[2026-04-24 03:46:38,704][dowhy.causal_model][INFO] - Model to find the causal effect of treatment ['X0'] on outcome ['X5']
[2026-04-24 03:46:38,704][dowhy.causal_identifier.auto_identifier][INFO] - Causal effect can be identified.
[2026-04-24 03:46:38,705][dowhy.causal_identifier.auto_identifier][INFO] - Instrumental variables for treatment and outcome:[]
[2026-04-24 03:46:38,706][dowhy.causal_identifier.auto_identifier][INFO] - Frontdoor variables for treatment and outcome:['X3', 'X4', 'X2']
[2026-04-24 03:46:38,706][dowhy.causal_identifier.auto_identifier][INFO] - Causal effect can be identified.
[2026-04-24 03:46:38,707][dowhy.causal_identifier.auto_identifier][INFO] - Causal effect can be identified.
[2026-04-24 03:46:38,708][dowhy.causal_model][INFO] - linear_regression
[2026-04-24 03:46:38,708][dowhy.causal_estimator][INFO] - INFO: Using Linear Regression Estimator
[2026-04-24 03:46:38,708][dowhy.causal_estimator][INFO] - b: X5~X0+X0*X1
[2026-04-24 03:46:38,756][dowhy.causal_model][INFO] - Model to find the causal effect of treatment ['X1'] on outcome ['X0']
[2026-04-24 03:46:38,756][dowhy.causal_identifier.auto_identifier][WARNING] - No directed path from treatment to outcome. Causal Effect is zero.
[2026-04-24 03:46:38,756][dowhy.causal_model][INFO] - linear_regression
[2026-04-24 03:46:38,756][dowhy.causal_estimator][INFO] - INFO: Using Linear Regression Estimator
[2026-04-24 03:46:38,756][dowhy.causal_estimator][WARNING] - No directed path from ['X1'] to ['X0'].
[2026-04-24 03:46:38,758][dowhy.causal_model][INFO] - Model to find the causal effect of treatment ['X1'] on outcome ['X2']
[2026-04-24 03:46:38,758][dowhy.causal_identifier.auto_identifier][INFO] - Causal effect can be identified.
[2026-04-24 03:46:38,759][dowhy.causal_identifier.auto_identifier][INFO] - Instrumental variables for treatment and outcome:[]
[2026-04-24 03:46:38,759][dowhy.causal_identifier.auto_identifier][INFO] - Frontdoor variables for treatment and outcome:[]
[2026-04-24 03:46:38,759][dowhy.causal_model][INFO] - linear_regression
[2026-04-24 03:46:38,759][dowhy.causal_estimator][INFO] - INFO: Using Linear Regression Estimator
[2026-04-24 03:46:38,759][dowhy.causal_estimator][INFO] - b: X2~X1+X1*X0
[2026-04-24 03:46:38,767][dowhy.causal_model][INFO] - Model to find the causal effect of treatment ['X1'] on outcome ['X3']
[2026-04-24 03:46:38,768][dowhy.causal_identifier.auto_identifier][INFO] - Causal effect can be identified.
[2026-04-24 03:46:38,768][dowhy.causal_identifier.auto_identifier][INFO] - Instrumental variables for treatment and outcome:[]
[2026-04-24 03:46:38,768][dowhy.causal_identifier.auto_identifier][INFO] - Frontdoor variables for treatment and outcome:['X2']
[2026-04-24 03:46:38,769][dowhy.causal_identifier.auto_identifier][INFO] - Causal effect can be identified.
[2026-04-24 03:46:38,770][dowhy.causal_identifier.auto_identifier][INFO] - Causal effect can be identified.
[2026-04-24 03:46:38,770][dowhy.causal_model][INFO] - linear_regression
[2026-04-24 03:46:38,770][dowhy.causal_estimator][INFO] - INFO: Using Linear Regression Estimator
[2026-04-24 03:46:38,770][dowhy.causal_estimator][INFO] - b: X3~X1+X1*X0
[2026-04-24 03:46:38,778][dowhy.causal_model][INFO] - Model to find the causal effect of treatment ['X1'] on outcome ['X4']
[2026-04-24 03:46:38,778][dowhy.causal_identifier.auto_identifier][INFO] - Causal effect can be identified.
[2026-04-24 03:46:38,778][dowhy.causal_identifier.auto_identifier][INFO] - Instrumental variables for treatment and outcome:[]
[2026-04-24 03:46:38,779][dowhy.causal_identifier.auto_identifier][INFO] - Frontdoor variables for treatment and outcome:['X3', 'X2']
[2026-04-24 03:46:38,780][dowhy.causal_identifier.auto_identifier][INFO] - Causal effect can be identified.
[2026-04-24 03:46:38,780][dowhy.causal_identifier.auto_identifier][INFO] - Causal effect can be identified.
[2026-04-24 03:46:38,781][dowhy.causal_model][INFO] - linear_regression
[2026-04-24 03:46:38,781][dowhy.causal_estimator][INFO] - INFO: Using Linear Regression Estimator
[2026-04-24 03:46:38,781][dowhy.causal_estimator][INFO] - b: X4~X1+X1*X0
[2026-04-24 03:46:38,788][dowhy.causal_model][INFO] - Model to find the causal effect of treatment ['X1'] on outcome ['X5']
[2026-04-24 03:46:38,789][dowhy.causal_identifier.auto_identifier][INFO] - Causal effect can be identified.
[2026-04-24 03:46:38,789][dowhy.causal_identifier.auto_identifier][INFO] - Instrumental variables for treatment and outcome:[]
[2026-04-24 03:46:38,790][dowhy.causal_identifier.auto_identifier][INFO] - Frontdoor variables for treatment and outcome:['X3', 'X4', 'X2']
[2026-04-24 03:46:38,791][dowhy.causal_identifier.auto_identifier][INFO] - Causal effect can be identified.
[2026-04-24 03:46:38,791][dowhy.causal_identifier.auto_identifier][INFO] - Causal effect can be identified.
[2026-04-24 03:46:38,792][dowhy.causal_model][INFO] - linear_regression
[2026-04-24 03:46:38,792][dowhy.causal_estimator][INFO] - INFO: Using Linear Regression Estimator
[2026-04-24 03:46:38,792][dowhy.causal_estimator][INFO] - b: X5~X1+X1*X0
[2026-04-24 03:46:38,834][dowhy.causal_model][INFO] - Model to find the causal effect of treatment ['X2'] on outcome ['X0']
[2026-04-24 03:46:38,834][dowhy.causal_identifier.auto_identifier][WARNING] - No directed path from treatment to outcome. Causal Effect is zero.
[2026-04-24 03:46:38,835][dowhy.causal_model][INFO] - linear_regression
[2026-04-24 03:46:38,835][dowhy.causal_estimator][INFO] - INFO: Using Linear Regression Estimator
[2026-04-24 03:46:38,835][dowhy.causal_estimator][WARNING] - No directed path from ['X2'] to ['X0'].
[2026-04-24 03:46:38,836][dowhy.causal_model][INFO] - Model to find the causal effect of treatment ['X2'] on outcome ['X1']
[2026-04-24 03:46:38,836][dowhy.causal_identifier.auto_identifier][WARNING] - No directed path from treatment to outcome. Causal Effect is zero.
[2026-04-24 03:46:38,836][dowhy.causal_model][INFO] - linear_regression
[2026-04-24 03:46:38,836][dowhy.causal_estimator][INFO] - INFO: Using Linear Regression Estimator
[2026-04-24 03:46:38,836][dowhy.causal_estimator][WARNING] - No directed path from ['X2'] to ['X1'].
[2026-04-24 03:46:38,838][dowhy.causal_model][INFO] - Model to find the causal effect of treatment ['X2'] on outcome ['X3']
[2026-04-24 03:46:38,839][dowhy.causal_identifier.auto_identifier][INFO] - Causal effect can be identified.
[2026-04-24 03:46:38,839][dowhy.causal_identifier.auto_identifier][INFO] - Instrumental variables for treatment and outcome:['X1', 'X0']
[2026-04-24 03:46:38,839][dowhy.causal_identifier.auto_identifier][INFO] - Frontdoor variables for treatment and outcome:[]
[2026-04-24 03:46:38,840][dowhy.causal_model][INFO] - linear_regression
[2026-04-24 03:46:38,840][dowhy.causal_estimator][INFO] - INFO: Using Linear Regression Estimator
[2026-04-24 03:46:38,840][dowhy.causal_estimator][INFO] - b: X3~X2
[2026-04-24 03:46:38,846][dowhy.causal_model][INFO] - Model to find the causal effect of treatment ['X2'] on outcome ['X4']
[2026-04-24 03:46:38,846][dowhy.causal_identifier.auto_identifier][INFO] - Causal effect can be identified.
[2026-04-24 03:46:38,847][dowhy.causal_identifier.auto_identifier][INFO] - Instrumental variables for treatment and outcome:['X1', 'X0']
[2026-04-24 03:46:38,847][dowhy.causal_identifier.auto_identifier][INFO] - Frontdoor variables for treatment and outcome:[]
[2026-04-24 03:46:38,847][dowhy.causal_model][INFO] - linear_regression
[2026-04-24 03:46:38,847][dowhy.causal_estimator][INFO] - INFO: Using Linear Regression Estimator
[2026-04-24 03:46:38,847][dowhy.causal_estimator][INFO] - b: X4~X2
[2026-04-24 03:46:38,853][dowhy.causal_model][INFO] - Model to find the causal effect of treatment ['X2'] on outcome ['X5']
[2026-04-24 03:46:38,853][dowhy.causal_identifier.auto_identifier][INFO] - Causal effect can be identified.
[2026-04-24 03:46:38,854][dowhy.causal_identifier.auto_identifier][INFO] - Instrumental variables for treatment and outcome:['X1', 'X0']
[2026-04-24 03:46:38,855][dowhy.causal_identifier.auto_identifier][INFO] - Frontdoor variables for treatment and outcome:['X3', 'X4']
[2026-04-24 03:46:38,856][dowhy.causal_identifier.auto_identifier][INFO] - Causal effect can be identified.
[2026-04-24 03:46:38,857][dowhy.causal_identifier.auto_identifier][INFO] - Causal effect can be identified.
[2026-04-24 03:46:38,857][dowhy.causal_model][INFO] - linear_regression
[2026-04-24 03:46:38,857][dowhy.causal_estimator][INFO] - INFO: Using Linear Regression Estimator
[2026-04-24 03:46:38,857][dowhy.causal_estimator][INFO] - b: X5~X2
[2026-04-24 03:46:38,897][dowhy.causal_model][INFO] - Model to find the causal effect of treatment ['X3'] on outcome ['X0']
[2026-04-24 03:46:38,897][dowhy.causal_identifier.auto_identifier][WARNING] - No directed path from treatment to outcome. Causal Effect is zero.
[2026-04-24 03:46:38,897][dowhy.causal_model][INFO] - linear_regression
[2026-04-24 03:46:38,897][dowhy.causal_estimator][INFO] - INFO: Using Linear Regression Estimator
[2026-04-24 03:46:38,897][dowhy.causal_estimator][WARNING] - No directed path from ['X3'] to ['X0'].
[2026-04-24 03:46:38,899][dowhy.causal_model][INFO] - Model to find the causal effect of treatment ['X3'] on outcome ['X1']
[2026-04-24 03:46:38,899][dowhy.causal_identifier.auto_identifier][WARNING] - No directed path from treatment to outcome. Causal Effect is zero.
[2026-04-24 03:46:38,899][dowhy.causal_model][INFO] - linear_regression
[2026-04-24 03:46:38,899][dowhy.causal_estimator][INFO] - INFO: Using Linear Regression Estimator
[2026-04-24 03:46:38,899][dowhy.causal_estimator][WARNING] - No directed path from ['X3'] to ['X1'].
[2026-04-24 03:46:38,901][dowhy.causal_model][INFO] - Model to find the causal effect of treatment ['X3'] on outcome ['X2']
[2026-04-24 03:46:38,901][dowhy.causal_identifier.auto_identifier][WARNING] - No directed path from treatment to outcome. Causal Effect is zero.
[2026-04-24 03:46:38,902][dowhy.causal_model][INFO] - linear_regression
[2026-04-24 03:46:38,902][dowhy.causal_estimator][INFO] - INFO: Using Linear Regression Estimator
[2026-04-24 03:46:38,902][dowhy.causal_estimator][WARNING] - No directed path from ['X3'] to ['X2'].
[2026-04-24 03:46:38,903][dowhy.causal_model][INFO] - Model to find the causal effect of treatment ['X3'] on outcome ['X4']
[2026-04-24 03:46:38,904][dowhy.causal_identifier.auto_identifier][INFO] - Causal effect can be identified.
[2026-04-24 03:46:38,905][dowhy.causal_identifier.auto_identifier][INFO] - Instrumental variables for treatment and outcome:[]
[2026-04-24 03:46:38,905][dowhy.causal_identifier.auto_identifier][INFO] - Frontdoor variables for treatment and outcome:[]
[2026-04-24 03:46:38,905][dowhy.causal_model][INFO] - linear_regression
[2026-04-24 03:46:38,905][dowhy.causal_estimator][INFO] - INFO: Using Linear Regression Estimator
[2026-04-24 03:46:38,905][dowhy.causal_estimator][INFO] - b: X4~X3+X2
[2026-04-24 03:46:38,913][dowhy.causal_model][INFO] - Model to find the causal effect of treatment ['X3'] on outcome ['X5']
[2026-04-24 03:46:38,914][dowhy.causal_identifier.auto_identifier][INFO] - Causal effect can be identified.
[2026-04-24 03:46:38,915][dowhy.causal_identifier.auto_identifier][INFO] - Instrumental variables for treatment and outcome:[]
[2026-04-24 03:46:38,915][dowhy.causal_identifier.auto_identifier][INFO] - Frontdoor variables for treatment and outcome:[]
[2026-04-24 03:46:38,915][dowhy.causal_model][INFO] - linear_regression
[2026-04-24 03:46:38,915][dowhy.causal_estimator][INFO] - INFO: Using Linear Regression Estimator
[2026-04-24 03:46:38,916][dowhy.causal_estimator][INFO] - b: X5~X3+X2
[2026-04-24 03:46:39,039][dowhy.causal_model][INFO] - Model to find the causal effect of treatment ['X4'] on outcome ['X0']
[2026-04-24 03:46:39,039][dowhy.causal_identifier.auto_identifier][WARNING] - No directed path from treatment to outcome. Causal Effect is zero.
[2026-04-24 03:46:39,039][dowhy.causal_model][INFO] - linear_regression
[2026-04-24 03:46:39,039][dowhy.causal_estimator][INFO] - INFO: Using Linear Regression Estimator
[2026-04-24 03:46:39,039][dowhy.causal_estimator][WARNING] - No directed path from ['X4'] to ['X0'].
[2026-04-24 03:46:39,041][dowhy.causal_model][INFO] - Model to find the causal effect of treatment ['X4'] on outcome ['X1']
[2026-04-24 03:46:39,041][dowhy.causal_identifier.auto_identifier][WARNING] - No directed path from treatment to outcome. Causal Effect is zero.
[2026-04-24 03:46:39,041][dowhy.causal_model][INFO] - linear_regression
[2026-04-24 03:46:39,041][dowhy.causal_estimator][INFO] - INFO: Using Linear Regression Estimator
[2026-04-24 03:46:39,041][dowhy.causal_estimator][WARNING] - No directed path from ['X4'] to ['X1'].
[2026-04-24 03:46:39,042][dowhy.causal_model][INFO] - Model to find the causal effect of treatment ['X4'] on outcome ['X2']
[2026-04-24 03:46:39,042][dowhy.causal_identifier.auto_identifier][WARNING] - No directed path from treatment to outcome. Causal Effect is zero.
[2026-04-24 03:46:39,042][dowhy.causal_model][INFO] - linear_regression
[2026-04-24 03:46:39,042][dowhy.causal_estimator][INFO] - INFO: Using Linear Regression Estimator
[2026-04-24 03:46:39,043][dowhy.causal_estimator][WARNING] - No directed path from ['X4'] to ['X2'].
[2026-04-24 03:46:39,047][dowhy.causal_model][INFO] - Model to find the causal effect of treatment ['X4'] on outcome ['X3']
[2026-04-24 03:46:39,047][dowhy.causal_identifier.auto_identifier][WARNING] - No directed path from treatment to outcome. Causal Effect is zero.
[2026-04-24 03:46:39,047][dowhy.causal_model][INFO] - linear_regression
[2026-04-24 03:46:39,047][dowhy.causal_estimator][INFO] - INFO: Using Linear Regression Estimator
[2026-04-24 03:46:39,047][dowhy.causal_estimator][WARNING] - No directed path from ['X4'] to ['X3'].
[2026-04-24 03:46:39,049][dowhy.causal_model][INFO] - Model to find the causal effect of treatment ['X4'] on outcome ['X5']
[2026-04-24 03:46:39,050][dowhy.causal_identifier.auto_identifier][INFO] - Causal effect can be identified.
[2026-04-24 03:46:39,051][dowhy.causal_identifier.auto_identifier][INFO] - Instrumental variables for treatment and outcome:['X3', 'X2']
[2026-04-24 03:46:39,051][dowhy.causal_identifier.auto_identifier][INFO] - Frontdoor variables for treatment and outcome:[]
[2026-04-24 03:46:39,051][dowhy.causal_model][INFO] - linear_regression
[2026-04-24 03:46:39,051][dowhy.causal_estimator][INFO] - INFO: Using Linear Regression Estimator
[2026-04-24 03:46:39,051][dowhy.causal_estimator][INFO] - b: X5~X4
[2026-04-24 03:46:39,089][dowhy.causal_model][INFO] - Model to find the causal effect of treatment ['X5'] on outcome ['X0']
[2026-04-24 03:46:39,090][dowhy.causal_identifier.auto_identifier][WARNING] - No directed path from treatment to outcome. Causal Effect is zero.
[2026-04-24 03:46:39,090][dowhy.causal_model][INFO] - linear_regression
[2026-04-24 03:46:39,090][dowhy.causal_estimator][INFO] - INFO: Using Linear Regression Estimator
[2026-04-24 03:46:39,090][dowhy.causal_estimator][WARNING] - No directed path from ['X5'] to ['X0'].
[2026-04-24 03:46:39,092][dowhy.causal_model][INFO] - Model to find the causal effect of treatment ['X5'] on outcome ['X1']
[2026-04-24 03:46:39,092][dowhy.causal_identifier.auto_identifier][WARNING] - No directed path from treatment to outcome. Causal Effect is zero.
[2026-04-24 03:46:39,092][dowhy.causal_model][INFO] - linear_regression
[2026-04-24 03:46:39,092][dowhy.causal_estimator][INFO] - INFO: Using Linear Regression Estimator
[2026-04-24 03:46:39,092][dowhy.causal_estimator][WARNING] - No directed path from ['X5'] to ['X1'].
[2026-04-24 03:46:39,093][dowhy.causal_model][INFO] - Model to find the causal effect of treatment ['X5'] on outcome ['X2']
[2026-04-24 03:46:39,094][dowhy.causal_identifier.auto_identifier][WARNING] - No directed path from treatment to outcome. Causal Effect is zero.
[2026-04-24 03:46:39,094][dowhy.causal_model][INFO] - linear_regression
[2026-04-24 03:46:39,094][dowhy.causal_estimator][INFO] - INFO: Using Linear Regression Estimator
[2026-04-24 03:46:39,094][dowhy.causal_estimator][WARNING] - No directed path from ['X5'] to ['X2'].
[2026-04-24 03:46:39,095][dowhy.causal_model][INFO] - Model to find the causal effect of treatment ['X5'] on outcome ['X3']
[2026-04-24 03:46:39,095][dowhy.causal_identifier.auto_identifier][WARNING] - No directed path from treatment to outcome. Causal Effect is zero.
[2026-04-24 03:46:39,095][dowhy.causal_model][INFO] - linear_regression
[2026-04-24 03:46:39,095][dowhy.causal_estimator][INFO] - INFO: Using Linear Regression Estimator
[2026-04-24 03:46:39,095][dowhy.causal_estimator][WARNING] - No directed path from ['X5'] to ['X3'].
[2026-04-24 03:46:39,097][dowhy.causal_model][INFO] - Model to find the causal effect of treatment ['X5'] on outcome ['X4']
[2026-04-24 03:46:39,097][dowhy.causal_identifier.auto_identifier][WARNING] - No directed path from treatment to outcome. Causal Effect is zero.
[2026-04-24 03:46:39,097][dowhy.causal_model][INFO] - linear_regression
[2026-04-24 03:46:39,097][dowhy.causal_estimator][INFO] - INFO: Using Linear Regression Estimator
[2026-04-24 03:46:39,097][dowhy.causal_estimator][WARNING] - No directed path from ['X5'] to ['X4'].
[2026-04-24 03:46:39,152][dowhy.causal_model][INFO] - Model to find the causal effect of treatment ['X0'] on outcome ['X1']
[2026-04-24 03:46:39,152][dowhy.causal_identifier.auto_identifier][WARNING] - No directed path from treatment to outcome. Causal Effect is zero.
[2026-04-24 03:46:39,152][dowhy.causal_model][INFO] - linear_regression
[2026-04-24 03:46:39,152][dowhy.causal_estimator][INFO] - INFO: Using Linear Regression Estimator
[2026-04-24 03:46:39,152][dowhy.causal_estimator][WARNING] - No directed path from ['X0'] to ['X1'].
[2026-04-24 03:46:39,154][dowhy.causal_model][INFO] - Model to find the causal effect of treatment ['X0'] on outcome ['X2']
[2026-04-24 03:46:39,155][dowhy.causal_identifier.auto_identifier][INFO] - Causal effect can be identified.
[2026-04-24 03:46:39,155][dowhy.causal_identifier.auto_identifier][INFO] - Instrumental variables for treatment and outcome:[]
[2026-04-24 03:46:39,155][dowhy.causal_identifier.auto_identifier][INFO] - Frontdoor variables for treatment and outcome:[]
[2026-04-24 03:46:39,155][dowhy.causal_model][INFO] - linear_regression
[2026-04-24 03:46:39,155][dowhy.causal_estimator][INFO] - INFO: Using Linear Regression Estimator
[2026-04-24 03:46:39,156][dowhy.causal_estimator][INFO] - b: X2~X0+X0*X1
[2026-04-24 03:46:39,163][dowhy.causal_model][INFO] - Model to find the causal effect of treatment ['X0'] on outcome ['X3']
[2026-04-24 03:46:39,164][dowhy.causal_identifier.auto_identifier][INFO] - Causal effect can be identified.
[2026-04-24 03:46:39,164][dowhy.causal_identifier.auto_identifier][INFO] - Instrumental variables for treatment and outcome:[]
[2026-04-24 03:46:39,165][dowhy.causal_identifier.auto_identifier][INFO] - Frontdoor variables for treatment and outcome:['X2']
[2026-04-24 03:46:39,165][dowhy.causal_identifier.auto_identifier][INFO] - Causal effect can be identified.
[2026-04-24 03:46:39,166][dowhy.causal_identifier.auto_identifier][INFO] - Causal effect can be identified.
[2026-04-24 03:46:39,167][dowhy.causal_model][INFO] - linear_regression
[2026-04-24 03:46:39,167][dowhy.causal_estimator][INFO] - INFO: Using Linear Regression Estimator
[2026-04-24 03:46:39,167][dowhy.causal_estimator][INFO] - b: X3~X0+X0*X1
[2026-04-24 03:46:39,176][dowhy.causal_model][INFO] - Model to find the causal effect of treatment ['X0'] on outcome ['X4']
[2026-04-24 03:46:39,176][dowhy.causal_identifier.auto_identifier][INFO] - Causal effect can be identified.
[2026-04-24 03:46:39,177][dowhy.causal_identifier.auto_identifier][INFO] - Instrumental variables for treatment and outcome:[]
[2026-04-24 03:46:39,177][dowhy.causal_identifier.auto_identifier][INFO] - Frontdoor variables for treatment and outcome:['X3', 'X2']
[2026-04-24 03:46:39,178][dowhy.causal_identifier.auto_identifier][INFO] - Causal effect can be identified.
[2026-04-24 03:46:39,179][dowhy.causal_identifier.auto_identifier][INFO] - Causal effect can be identified.
[2026-04-24 03:46:39,179][dowhy.causal_model][INFO] - linear_regression
[2026-04-24 03:46:39,179][dowhy.causal_estimator][INFO] - INFO: Using Linear Regression Estimator
[2026-04-24 03:46:39,180][dowhy.causal_estimator][INFO] - b: X4~X0+X0*X1
[2026-04-24 03:46:39,189][dowhy.causal_model][INFO] - Model to find the causal effect of treatment ['X0'] on outcome ['X5']
[2026-04-24 03:46:39,189][dowhy.causal_identifier.auto_identifier][INFO] - Causal effect can be identified.
[2026-04-24 03:46:39,190][dowhy.causal_identifier.auto_identifier][INFO] - Instrumental variables for treatment and outcome:[]
[2026-04-24 03:46:39,191][dowhy.causal_identifier.auto_identifier][INFO] - Frontdoor variables for treatment and outcome:['X3', 'X4', 'X2']
[2026-04-24 03:46:39,192][dowhy.causal_identifier.auto_identifier][INFO] - Causal effect can be identified.
[2026-04-24 03:46:39,192][dowhy.causal_identifier.auto_identifier][INFO] - Causal effect can be identified.
[2026-04-24 03:46:39,193][dowhy.causal_model][INFO] - linear_regression
[2026-04-24 03:46:39,193][dowhy.causal_estimator][INFO] - INFO: Using Linear Regression Estimator
[2026-04-24 03:46:39,193][dowhy.causal_estimator][INFO] - b: X5~X0+X0*X1
[2026-04-24 03:46:39,234][dowhy.causal_model][INFO] - Model to find the causal effect of treatment ['X1'] on outcome ['X0']
[2026-04-24 03:46:39,234][dowhy.causal_identifier.auto_identifier][WARNING] - No directed path from treatment to outcome. Causal Effect is zero.
[2026-04-24 03:46:39,234][dowhy.causal_model][INFO] - linear_regression
[2026-04-24 03:46:39,234][dowhy.causal_estimator][INFO] - INFO: Using Linear Regression Estimator
[2026-04-24 03:46:39,234][dowhy.causal_estimator][WARNING] - No directed path from ['X1'] to ['X0'].
[2026-04-24 03:46:39,236][dowhy.causal_model][INFO] - Model to find the causal effect of treatment ['X1'] on outcome ['X2']
[2026-04-24 03:46:39,237][dowhy.causal_identifier.auto_identifier][INFO] - Causal effect can be identified.
[2026-04-24 03:46:39,237][dowhy.causal_identifier.auto_identifier][INFO] - Instrumental variables for treatment and outcome:[]
[2026-04-24 03:46:39,237][dowhy.causal_identifier.auto_identifier][INFO] - Frontdoor variables for treatment and outcome:[]
[2026-04-24 03:46:39,237][dowhy.causal_model][INFO] - linear_regression
[2026-04-24 03:46:39,237][dowhy.causal_estimator][INFO] - INFO: Using Linear Regression Estimator
[2026-04-24 03:46:39,238][dowhy.causal_estimator][INFO] - b: X2~X1+X1*X0
[2026-04-24 03:46:39,246][dowhy.causal_model][INFO] - Model to find the causal effect of treatment ['X1'] on outcome ['X3']
[2026-04-24 03:46:39,246][dowhy.causal_identifier.auto_identifier][INFO] - Causal effect can be identified.
[2026-04-24 03:46:39,246][dowhy.causal_identifier.auto_identifier][INFO] - Instrumental variables for treatment and outcome:[]
[2026-04-24 03:46:39,247][dowhy.causal_identifier.auto_identifier][INFO] - Frontdoor variables for treatment and outcome:['X2']
[2026-04-24 03:46:39,247][dowhy.causal_identifier.auto_identifier][INFO] - Causal effect can be identified.
[2026-04-24 03:46:39,248][dowhy.causal_identifier.auto_identifier][INFO] - Causal effect can be identified.
[2026-04-24 03:46:39,249][dowhy.causal_model][INFO] - linear_regression
[2026-04-24 03:46:39,249][dowhy.causal_estimator][INFO] - INFO: Using Linear Regression Estimator
[2026-04-24 03:46:39,249][dowhy.causal_estimator][INFO] - b: X3~X1+X1*X0
[2026-04-24 03:46:39,257][dowhy.causal_model][INFO] - Model to find the causal effect of treatment ['X1'] on outcome ['X4']
[2026-04-24 03:46:39,257][dowhy.causal_identifier.auto_identifier][INFO] - Causal effect can be identified.
[2026-04-24 03:46:39,257][dowhy.causal_identifier.auto_identifier][INFO] - Instrumental variables for treatment and outcome:[]
[2026-04-24 03:46:39,258][dowhy.causal_identifier.auto_identifier][INFO] - Frontdoor variables for treatment and outcome:['X3', 'X2']
[2026-04-24 03:46:39,259][dowhy.causal_identifier.auto_identifier][INFO] - Causal effect can be identified.
[2026-04-24 03:46:39,259][dowhy.causal_identifier.auto_identifier][INFO] - Causal effect can be identified.
[2026-04-24 03:46:39,260][dowhy.causal_model][INFO] - linear_regression
[2026-04-24 03:46:39,260][dowhy.causal_estimator][INFO] - INFO: Using Linear Regression Estimator
[2026-04-24 03:46:39,260][dowhy.causal_estimator][INFO] - b: X4~X1+X1*X0
[2026-04-24 03:46:39,268][dowhy.causal_model][INFO] - Model to find the causal effect of treatment ['X1'] on outcome ['X5']
[2026-04-24 03:46:39,268][dowhy.causal_identifier.auto_identifier][INFO] - Causal effect can be identified.
[2026-04-24 03:46:39,269][dowhy.causal_identifier.auto_identifier][INFO] - Instrumental variables for treatment and outcome:[]
[2026-04-24 03:46:39,270][dowhy.causal_identifier.auto_identifier][INFO] - Frontdoor variables for treatment and outcome:['X3', 'X4', 'X2']
[2026-04-24 03:46:39,270][dowhy.causal_identifier.auto_identifier][INFO] - Causal effect can be identified.
[2026-04-24 03:46:39,271][dowhy.causal_identifier.auto_identifier][INFO] - Causal effect can be identified.
[2026-04-24 03:46:39,272][dowhy.causal_model][INFO] - linear_regression
[2026-04-24 03:46:39,272][dowhy.causal_estimator][INFO] - INFO: Using Linear Regression Estimator
[2026-04-24 03:46:39,272][dowhy.causal_estimator][INFO] - b: X5~X1+X1*X0
[2026-04-24 03:46:39,309][dowhy.causal_model][INFO] - Model to find the causal effect of treatment ['X2'] on outcome ['X0']
[2026-04-24 03:46:39,309][dowhy.causal_identifier.auto_identifier][WARNING] - No directed path from treatment to outcome. Causal Effect is zero.
[2026-04-24 03:46:39,309][dowhy.causal_model][INFO] - linear_regression
[2026-04-24 03:46:39,309][dowhy.causal_estimator][INFO] - INFO: Using Linear Regression Estimator
[2026-04-24 03:46:39,309][dowhy.causal_estimator][WARNING] - No directed path from ['X2'] to ['X0'].
[2026-04-24 03:46:39,311][dowhy.causal_model][INFO] - Model to find the causal effect of treatment ['X2'] on outcome ['X1']
[2026-04-24 03:46:39,311][dowhy.causal_identifier.auto_identifier][WARNING] - No directed path from treatment to outcome. Causal Effect is zero.
[2026-04-24 03:46:39,311][dowhy.causal_model][INFO] - linear_regression
[2026-04-24 03:46:39,311][dowhy.causal_estimator][INFO] - INFO: Using Linear Regression Estimator
[2026-04-24 03:46:39,311][dowhy.causal_estimator][WARNING] - No directed path from ['X2'] to ['X1'].
[2026-04-24 03:46:39,313][dowhy.causal_model][INFO] - Model to find the causal effect of treatment ['X2'] on outcome ['X3']
[2026-04-24 03:46:39,313][dowhy.causal_identifier.auto_identifier][INFO] - Causal effect can be identified.
[2026-04-24 03:46:39,314][dowhy.causal_identifier.auto_identifier][INFO] - Instrumental variables for treatment and outcome:['X1', 'X0']
[2026-04-24 03:46:39,314][dowhy.causal_identifier.auto_identifier][INFO] - Frontdoor variables for treatment and outcome:[]
[2026-04-24 03:46:39,314][dowhy.causal_model][INFO] - linear_regression
[2026-04-24 03:46:39,314][dowhy.causal_estimator][INFO] - INFO: Using Linear Regression Estimator
[2026-04-24 03:46:39,314][dowhy.causal_estimator][INFO] - b: X3~X2
[2026-04-24 03:46:39,321][dowhy.causal_model][INFO] - Model to find the causal effect of treatment ['X2'] on outcome ['X4']
[2026-04-24 03:46:39,322][dowhy.causal_identifier.auto_identifier][INFO] - Causal effect can be identified.
[2026-04-24 03:46:39,322][dowhy.causal_identifier.auto_identifier][INFO] - Instrumental variables for treatment and outcome:['X1', 'X0']
[2026-04-24 03:46:39,322][dowhy.causal_identifier.auto_identifier][INFO] - Frontdoor variables for treatment and outcome:[]
[2026-04-24 03:46:39,323][dowhy.causal_model][INFO] - linear_regression
[2026-04-24 03:46:39,323][dowhy.causal_estimator][INFO] - INFO: Using Linear Regression Estimator
[2026-04-24 03:46:39,323][dowhy.causal_estimator][INFO] - b: X4~X2
[2026-04-24 03:46:39,329][dowhy.causal_model][INFO] - Model to find the causal effect of treatment ['X2'] on outcome ['X5']
[2026-04-24 03:46:39,330][dowhy.causal_identifier.auto_identifier][INFO] - Causal effect can be identified.
[2026-04-24 03:46:39,331][dowhy.causal_identifier.auto_identifier][INFO] - Instrumental variables for treatment and outcome:['X1', 'X0']
[2026-04-24 03:46:39,331][dowhy.causal_identifier.auto_identifier][INFO] - Frontdoor variables for treatment and outcome:['X3', 'X4']
[2026-04-24 03:46:39,332][dowhy.causal_identifier.auto_identifier][INFO] - Causal effect can be identified.
[2026-04-24 03:46:39,333][dowhy.causal_identifier.auto_identifier][INFO] - Causal effect can be identified.
[2026-04-24 03:46:39,334][dowhy.causal_model][INFO] - linear_regression
[2026-04-24 03:46:39,334][dowhy.causal_estimator][INFO] - INFO: Using Linear Regression Estimator
[2026-04-24 03:46:39,334][dowhy.causal_estimator][INFO] - b: X5~X2
[2026-04-24 03:46:39,378][dowhy.causal_model][INFO] - Model to find the causal effect of treatment ['X3'] on outcome ['X0']
[2026-04-24 03:46:39,378][dowhy.causal_identifier.auto_identifier][WARNING] - No directed path from treatment to outcome. Causal Effect is zero.
[2026-04-24 03:46:39,378][dowhy.causal_model][INFO] - linear_regression
[2026-04-24 03:46:39,378][dowhy.causal_estimator][INFO] - INFO: Using Linear Regression Estimator
[2026-04-24 03:46:39,378][dowhy.causal_estimator][WARNING] - No directed path from ['X3'] to ['X0'].
[2026-04-24 03:46:39,380][dowhy.causal_model][INFO] - Model to find the causal effect of treatment ['X3'] on outcome ['X1']
[2026-04-24 03:46:39,380][dowhy.causal_identifier.auto_identifier][WARNING] - No directed path from treatment to outcome. Causal Effect is zero.
[2026-04-24 03:46:39,380][dowhy.causal_model][INFO] - linear_regression
[2026-04-24 03:46:39,380][dowhy.causal_estimator][INFO] - INFO: Using Linear Regression Estimator
[2026-04-24 03:46:39,380][dowhy.causal_estimator][WARNING] - No directed path from ['X3'] to ['X1'].
[2026-04-24 03:46:39,382][dowhy.causal_model][INFO] - Model to find the causal effect of treatment ['X3'] on outcome ['X2']
[2026-04-24 03:46:39,382][dowhy.causal_identifier.auto_identifier][WARNING] - No directed path from treatment to outcome. Causal Effect is zero.
[2026-04-24 03:46:39,382][dowhy.causal_model][INFO] - linear_regression
[2026-04-24 03:46:39,382][dowhy.causal_estimator][INFO] - INFO: Using Linear Regression Estimator
[2026-04-24 03:46:39,382][dowhy.causal_estimator][WARNING] - No directed path from ['X3'] to ['X2'].
[2026-04-24 03:46:39,384][dowhy.causal_model][INFO] - Model to find the causal effect of treatment ['X3'] on outcome ['X4']
[2026-04-24 03:46:39,385][dowhy.causal_identifier.auto_identifier][INFO] - Causal effect can be identified.
[2026-04-24 03:46:39,385][dowhy.causal_identifier.auto_identifier][INFO] - Instrumental variables for treatment and outcome:[]
[2026-04-24 03:46:39,385][dowhy.causal_identifier.auto_identifier][INFO] - Frontdoor variables for treatment and outcome:[]
[2026-04-24 03:46:39,385][dowhy.causal_model][INFO] - linear_regression
[2026-04-24 03:46:39,385][dowhy.causal_estimator][INFO] - INFO: Using Linear Regression Estimator
[2026-04-24 03:46:39,386][dowhy.causal_estimator][INFO] - b: X4~X3+X2
[2026-04-24 03:46:39,395][dowhy.causal_model][INFO] - Model to find the causal effect of treatment ['X3'] on outcome ['X5']
[2026-04-24 03:46:39,395][dowhy.causal_identifier.auto_identifier][INFO] - Causal effect can be identified.
[2026-04-24 03:46:39,396][dowhy.causal_identifier.auto_identifier][INFO] - Instrumental variables for treatment and outcome:[]
[2026-04-24 03:46:39,396][dowhy.causal_identifier.auto_identifier][INFO] - Frontdoor variables for treatment and outcome:[]
[2026-04-24 03:46:39,396][dowhy.causal_model][INFO] - linear_regression
[2026-04-24 03:46:39,396][dowhy.causal_estimator][INFO] - INFO: Using Linear Regression Estimator
[2026-04-24 03:46:39,396][dowhy.causal_estimator][INFO] - b: X5~X3+X2
[2026-04-24 03:46:39,441][dowhy.causal_model][INFO] - Model to find the causal effect of treatment ['X4'] on outcome ['X0']
[2026-04-24 03:46:39,441][dowhy.causal_identifier.auto_identifier][WARNING] - No directed path from treatment to outcome. Causal Effect is zero.
[2026-04-24 03:46:39,441][dowhy.causal_model][INFO] - linear_regression
[2026-04-24 03:46:39,441][dowhy.causal_estimator][INFO] - INFO: Using Linear Regression Estimator
[2026-04-24 03:46:39,441][dowhy.causal_estimator][WARNING] - No directed path from ['X4'] to ['X0'].
[2026-04-24 03:46:39,443][dowhy.causal_model][INFO] - Model to find the causal effect of treatment ['X4'] on outcome ['X1']
[2026-04-24 03:46:39,443][dowhy.causal_identifier.auto_identifier][WARNING] - No directed path from treatment to outcome. Causal Effect is zero.
[2026-04-24 03:46:39,443][dowhy.causal_model][INFO] - linear_regression
[2026-04-24 03:46:39,443][dowhy.causal_estimator][INFO] - INFO: Using Linear Regression Estimator
[2026-04-24 03:46:39,443][dowhy.causal_estimator][WARNING] - No directed path from ['X4'] to ['X1'].
[2026-04-24 03:46:39,445][dowhy.causal_model][INFO] - Model to find the causal effect of treatment ['X4'] on outcome ['X2']
[2026-04-24 03:46:39,445][dowhy.causal_identifier.auto_identifier][WARNING] - No directed path from treatment to outcome. Causal Effect is zero.
[2026-04-24 03:46:39,445][dowhy.causal_model][INFO] - linear_regression
[2026-04-24 03:46:39,445][dowhy.causal_estimator][INFO] - INFO: Using Linear Regression Estimator
[2026-04-24 03:46:39,445][dowhy.causal_estimator][WARNING] - No directed path from ['X4'] to ['X2'].
[2026-04-24 03:46:39,449][dowhy.causal_model][INFO] - Model to find the causal effect of treatment ['X4'] on outcome ['X3']
[2026-04-24 03:46:39,449][dowhy.causal_identifier.auto_identifier][WARNING] - No directed path from treatment to outcome. Causal Effect is zero.
[2026-04-24 03:46:39,449][dowhy.causal_model][INFO] - linear_regression
[2026-04-24 03:46:39,449][dowhy.causal_estimator][INFO] - INFO: Using Linear Regression Estimator
[2026-04-24 03:46:39,449][dowhy.causal_estimator][WARNING] - No directed path from ['X4'] to ['X3'].
[2026-04-24 03:46:39,451][dowhy.causal_model][INFO] - Model to find the causal effect of treatment ['X4'] on outcome ['X5']
[2026-04-24 03:46:39,452][dowhy.causal_identifier.auto_identifier][INFO] - Causal effect can be identified.
[2026-04-24 03:46:39,452][dowhy.causal_identifier.auto_identifier][INFO] - Instrumental variables for treatment and outcome:['X3', 'X2']
[2026-04-24 03:46:39,453][dowhy.causal_identifier.auto_identifier][INFO] - Frontdoor variables for treatment and outcome:[]
[2026-04-24 03:46:39,453][dowhy.causal_model][INFO] - linear_regression
[2026-04-24 03:46:39,453][dowhy.causal_estimator][INFO] - INFO: Using Linear Regression Estimator
[2026-04-24 03:46:39,453][dowhy.causal_estimator][INFO] - b: X5~X4
[2026-04-24 03:46:39,486][dowhy.causal_model][INFO] - Model to find the causal effect of treatment ['X5'] on outcome ['X0']
[2026-04-24 03:46:39,486][dowhy.causal_identifier.auto_identifier][WARNING] - No directed path from treatment to outcome. Causal Effect is zero.
[2026-04-24 03:46:39,486][dowhy.causal_model][INFO] - linear_regression
[2026-04-24 03:46:39,486][dowhy.causal_estimator][INFO] - INFO: Using Linear Regression Estimator
[2026-04-24 03:46:39,486][dowhy.causal_estimator][WARNING] - No directed path from ['X5'] to ['X0'].
[2026-04-24 03:46:39,487][dowhy.causal_model][INFO] - Model to find the causal effect of treatment ['X5'] on outcome ['X1']
[2026-04-24 03:46:39,488][dowhy.causal_identifier.auto_identifier][WARNING] - No directed path from treatment to outcome. Causal Effect is zero.
[2026-04-24 03:46:39,488][dowhy.causal_model][INFO] - linear_regression
[2026-04-24 03:46:39,488][dowhy.causal_estimator][INFO] - INFO: Using Linear Regression Estimator
[2026-04-24 03:46:39,488][dowhy.causal_estimator][WARNING] - No directed path from ['X5'] to ['X1'].
[2026-04-24 03:46:39,489][dowhy.causal_model][INFO] - Model to find the causal effect of treatment ['X5'] on outcome ['X2']
[2026-04-24 03:46:39,489][dowhy.causal_identifier.auto_identifier][WARNING] - No directed path from treatment to outcome. Causal Effect is zero.
[2026-04-24 03:46:39,489][dowhy.causal_model][INFO] - linear_regression
[2026-04-24 03:46:39,489][dowhy.causal_estimator][INFO] - INFO: Using Linear Regression Estimator
[2026-04-24 03:46:39,489][dowhy.causal_estimator][WARNING] - No directed path from ['X5'] to ['X2'].
[2026-04-24 03:46:39,491][dowhy.causal_model][INFO] - Model to find the causal effect of treatment ['X5'] on outcome ['X3']
[2026-04-24 03:46:39,491][dowhy.causal_identifier.auto_identifier][WARNING] - No directed path from treatment to outcome. Causal Effect is zero.
[2026-04-24 03:46:39,491][dowhy.causal_model][INFO] - linear_regression
[2026-04-24 03:46:39,491][dowhy.causal_estimator][INFO] - INFO: Using Linear Regression Estimator
[2026-04-24 03:46:39,491][dowhy.causal_estimator][WARNING] - No directed path from ['X5'] to ['X3'].
[2026-04-24 03:46:39,493][dowhy.causal_model][INFO] - Model to find the causal effect of treatment ['X5'] on outcome ['X4']
[2026-04-24 03:46:39,493][dowhy.causal_identifier.auto_identifier][WARNING] - No directed path from treatment to outcome. Causal Effect is zero.
[2026-04-24 03:46:39,493][dowhy.causal_model][INFO] - linear_regression
[2026-04-24 03:46:39,493][dowhy.causal_estimator][INFO] - INFO: Using Linear Regression Estimator
[2026-04-24 03:46:39,493][dowhy.causal_estimator][WARNING] - No directed path from ['X5'] to ['X4'].
[2026-04-24 03:46:39,538][dowhy.causal_model][INFO] - Model to find the causal effect of treatment ['X0'] on outcome ['X1']
[2026-04-24 03:46:39,538][dowhy.causal_identifier.auto_identifier][WARNING] - No directed path from treatment to outcome. Causal Effect is zero.
[2026-04-24 03:46:39,538][dowhy.causal_model][INFO] - linear_regression
[2026-04-24 03:46:39,538][dowhy.causal_estimator][INFO] - INFO: Using Linear Regression Estimator
[2026-04-24 03:46:39,538][dowhy.causal_estimator][WARNING] - No directed path from ['X0'] to ['X1'].
[2026-04-24 03:46:39,540][dowhy.causal_model][INFO] - Model to find the causal effect of treatment ['X0'] on outcome ['X2']
[2026-04-24 03:46:39,541][dowhy.causal_identifier.auto_identifier][INFO] - Causal effect can be identified.
[2026-04-24 03:46:39,541][dowhy.causal_identifier.auto_identifier][INFO] - Instrumental variables for treatment and outcome:[]
[2026-04-24 03:46:39,541][dowhy.causal_identifier.auto_identifier][INFO] - Frontdoor variables for treatment and outcome:[]
[2026-04-24 03:46:39,541][dowhy.causal_model][INFO] - linear_regression
[2026-04-24 03:46:39,542][dowhy.causal_estimator][INFO] - INFO: Using Linear Regression Estimator
[2026-04-24 03:46:39,542][dowhy.causal_estimator][INFO] - b: X2~X0+X0*X1
[2026-04-24 03:46:39,551][dowhy.causal_model][INFO] - Model to find the causal effect of treatment ['X0'] on outcome ['X3']
[2026-04-24 03:46:39,551][dowhy.causal_identifier.auto_identifier][INFO] - Causal effect can be identified.
[2026-04-24 03:46:39,552][dowhy.causal_identifier.auto_identifier][INFO] - Instrumental variables for treatment and outcome:[]
[2026-04-24 03:46:39,552][dowhy.causal_identifier.auto_identifier][INFO] - Frontdoor variables for treatment and outcome:['X2']
[2026-04-24 03:46:39,552][dowhy.causal_identifier.auto_identifier][INFO] - Causal effect can be identified.
[2026-04-24 03:46:39,553][dowhy.causal_identifier.auto_identifier][INFO] - Causal effect can be identified.
[2026-04-24 03:46:39,554][dowhy.causal_model][INFO] - linear_regression
[2026-04-24 03:46:39,554][dowhy.causal_estimator][INFO] - INFO: Using Linear Regression Estimator
[2026-04-24 03:46:39,554][dowhy.causal_estimator][INFO] - b: X3~X0+X0*X1
[2026-04-24 03:46:39,563][dowhy.causal_model][INFO] - Model to find the causal effect of treatment ['X0'] on outcome ['X4']
[2026-04-24 03:46:39,563][dowhy.causal_identifier.auto_identifier][INFO] - Causal effect can be identified.
[2026-04-24 03:46:39,564][dowhy.causal_identifier.auto_identifier][INFO] - Instrumental variables for treatment and outcome:[]
[2026-04-24 03:46:39,565][dowhy.causal_identifier.auto_identifier][INFO] - Frontdoor variables for treatment and outcome:['X3', 'X2']
[2026-04-24 03:46:39,565][dowhy.causal_identifier.auto_identifier][INFO] - Causal effect can be identified.
[2026-04-24 03:46:39,566][dowhy.causal_identifier.auto_identifier][INFO] - Causal effect can be identified.
[2026-04-24 03:46:39,567][dowhy.causal_model][INFO] - linear_regression
[2026-04-24 03:46:39,567][dowhy.causal_estimator][INFO] - INFO: Using Linear Regression Estimator
[2026-04-24 03:46:39,567][dowhy.causal_estimator][INFO] - b: X4~X0+X0*X1
[2026-04-24 03:46:39,575][dowhy.causal_model][INFO] - Model to find the causal effect of treatment ['X0'] on outcome ['X5']
[2026-04-24 03:46:39,575][dowhy.causal_identifier.auto_identifier][INFO] - Causal effect can be identified.
[2026-04-24 03:46:39,576][dowhy.causal_identifier.auto_identifier][INFO] - Instrumental variables for treatment and outcome:[]
[2026-04-24 03:46:39,577][dowhy.causal_identifier.auto_identifier][INFO] - Frontdoor variables for treatment and outcome:['X3', 'X4', 'X2']
[2026-04-24 03:46:39,577][dowhy.causal_identifier.auto_identifier][INFO] - Causal effect can be identified.
[2026-04-24 03:46:39,578][dowhy.causal_identifier.auto_identifier][INFO] - Causal effect can be identified.
[2026-04-24 03:46:39,579][dowhy.causal_model][INFO] - linear_regression
[2026-04-24 03:46:39,579][dowhy.causal_estimator][INFO] - INFO: Using Linear Regression Estimator
[2026-04-24 03:46:39,580][dowhy.causal_estimator][INFO] - b: X5~X0+X0*X1
[2026-04-24 03:46:39,626][dowhy.causal_model][INFO] - Model to find the causal effect of treatment ['X1'] on outcome ['X0']
[2026-04-24 03:46:39,626][dowhy.causal_identifier.auto_identifier][WARNING] - No directed path from treatment to outcome. Causal Effect is zero.
[2026-04-24 03:46:39,626][dowhy.causal_model][INFO] - linear_regression
[2026-04-24 03:46:39,626][dowhy.causal_estimator][INFO] - INFO: Using Linear Regression Estimator
[2026-04-24 03:46:39,626][dowhy.causal_estimator][WARNING] - No directed path from ['X1'] to ['X0'].
[2026-04-24 03:46:39,628][dowhy.causal_model][INFO] - Model to find the causal effect of treatment ['X1'] on outcome ['X2']
[2026-04-24 03:46:39,628][dowhy.causal_identifier.auto_identifier][INFO] - Causal effect can be identified.
[2026-04-24 03:46:39,629][dowhy.causal_identifier.auto_identifier][INFO] - Instrumental variables for treatment and outcome:[]
[2026-04-24 03:46:39,629][dowhy.causal_identifier.auto_identifier][INFO] - Frontdoor variables for treatment and outcome:[]
[2026-04-24 03:46:39,629][dowhy.causal_model][INFO] - linear_regression
[2026-04-24 03:46:39,629][dowhy.causal_estimator][INFO] - INFO: Using Linear Regression Estimator
[2026-04-24 03:46:39,629][dowhy.causal_estimator][INFO] - b: X2~X1+X1*X0
[2026-04-24 03:46:39,637][dowhy.causal_model][INFO] - Model to find the causal effect of treatment ['X1'] on outcome ['X3']
[2026-04-24 03:46:39,638][dowhy.causal_identifier.auto_identifier][INFO] - Causal effect can be identified.
[2026-04-24 03:46:39,638][dowhy.causal_identifier.auto_identifier][INFO] - Instrumental variables for treatment and outcome:[]
[2026-04-24 03:46:39,638][dowhy.causal_identifier.auto_identifier][INFO] - Frontdoor variables for treatment and outcome:['X2']
[2026-04-24 03:46:39,639][dowhy.causal_identifier.auto_identifier][INFO] - Causal effect can be identified.
[2026-04-24 03:46:39,640][dowhy.causal_identifier.auto_identifier][INFO] - Causal effect can be identified.
[2026-04-24 03:46:39,640][dowhy.causal_model][INFO] - linear_regression
[2026-04-24 03:46:39,640][dowhy.causal_estimator][INFO] - INFO: Using Linear Regression Estimator
[2026-04-24 03:46:39,641][dowhy.causal_estimator][INFO] - b: X3~X1+X1*X0
[2026-04-24 03:46:39,648][dowhy.causal_model][INFO] - Model to find the causal effect of treatment ['X1'] on outcome ['X4']
[2026-04-24 03:46:39,649][dowhy.causal_identifier.auto_identifier][INFO] - Causal effect can be identified.
[2026-04-24 03:46:39,649][dowhy.causal_identifier.auto_identifier][INFO] - Instrumental variables for treatment and outcome:[]
[2026-04-24 03:46:39,650][dowhy.causal_identifier.auto_identifier][INFO] - Frontdoor variables for treatment and outcome:['X3', 'X2']
[2026-04-24 03:46:39,651][dowhy.causal_identifier.auto_identifier][INFO] - Causal effect can be identified.
[2026-04-24 03:46:39,651][dowhy.causal_identifier.auto_identifier][INFO] - Causal effect can be identified.
[2026-04-24 03:46:39,652][dowhy.causal_model][INFO] - linear_regression
[2026-04-24 03:46:39,652][dowhy.causal_estimator][INFO] - INFO: Using Linear Regression Estimator
[2026-04-24 03:46:39,652][dowhy.causal_estimator][INFO] - b: X4~X1+X1*X0
[2026-04-24 03:46:39,659][dowhy.causal_model][INFO] - Model to find the causal effect of treatment ['X1'] on outcome ['X5']
[2026-04-24 03:46:39,660][dowhy.causal_identifier.auto_identifier][INFO] - Causal effect can be identified.
[2026-04-24 03:46:39,660][dowhy.causal_identifier.auto_identifier][INFO] - Instrumental variables for treatment and outcome:[]
[2026-04-24 03:46:39,661][dowhy.causal_identifier.auto_identifier][INFO] - Frontdoor variables for treatment and outcome:['X3', 'X4', 'X2']
[2026-04-24 03:46:39,662][dowhy.causal_identifier.auto_identifier][INFO] - Causal effect can be identified.
[2026-04-24 03:46:39,663][dowhy.causal_identifier.auto_identifier][INFO] - Causal effect can be identified.
[2026-04-24 03:46:39,663][dowhy.causal_model][INFO] - linear_regression
[2026-04-24 03:46:39,663][dowhy.causal_estimator][INFO] - INFO: Using Linear Regression Estimator
[2026-04-24 03:46:39,663][dowhy.causal_estimator][INFO] - b: X5~X1+X1*X0
[2026-04-24 03:46:39,701][dowhy.causal_model][INFO] - Model to find the causal effect of treatment ['X2'] on outcome ['X0']
[2026-04-24 03:46:39,701][dowhy.causal_identifier.auto_identifier][WARNING] - No directed path from treatment to outcome. Causal Effect is zero.
[2026-04-24 03:46:39,701][dowhy.causal_model][INFO] - linear_regression
[2026-04-24 03:46:39,701][dowhy.causal_estimator][INFO] - INFO: Using Linear Regression Estimator
[2026-04-24 03:46:39,701][dowhy.causal_estimator][WARNING] - No directed path from ['X2'] to ['X0'].
[2026-04-24 03:46:39,703][dowhy.causal_model][INFO] - Model to find the causal effect of treatment ['X2'] on outcome ['X1']
[2026-04-24 03:46:39,703][dowhy.causal_identifier.auto_identifier][WARNING] - No directed path from treatment to outcome. Causal Effect is zero.
[2026-04-24 03:46:39,703][dowhy.causal_model][INFO] - linear_regression
[2026-04-24 03:46:39,703][dowhy.causal_estimator][INFO] - INFO: Using Linear Regression Estimator
[2026-04-24 03:46:39,703][dowhy.causal_estimator][WARNING] - No directed path from ['X2'] to ['X1'].
[2026-04-24 03:46:39,705][dowhy.causal_model][INFO] - Model to find the causal effect of treatment ['X2'] on outcome ['X3']
[2026-04-24 03:46:39,705][dowhy.causal_identifier.auto_identifier][INFO] - Causal effect can be identified.
[2026-04-24 03:46:39,706][dowhy.causal_identifier.auto_identifier][INFO] - Instrumental variables for treatment and outcome:['X1', 'X0']
[2026-04-24 03:46:39,706][dowhy.causal_identifier.auto_identifier][INFO] - Frontdoor variables for treatment and outcome:[]
[2026-04-24 03:46:39,706][dowhy.causal_model][INFO] - linear_regression
[2026-04-24 03:46:39,706][dowhy.causal_estimator][INFO] - INFO: Using Linear Regression Estimator
[2026-04-24 03:46:39,706][dowhy.causal_estimator][INFO] - b: X3~X2
[2026-04-24 03:46:39,712][dowhy.causal_model][INFO] - Model to find the causal effect of treatment ['X2'] on outcome ['X4']
[2026-04-24 03:46:39,713][dowhy.causal_identifier.auto_identifier][INFO] - Causal effect can be identified.
[2026-04-24 03:46:39,713][dowhy.causal_identifier.auto_identifier][INFO] - Instrumental variables for treatment and outcome:['X1', 'X0']
[2026-04-24 03:46:39,714][dowhy.causal_identifier.auto_identifier][INFO] - Frontdoor variables for treatment and outcome:[]
[2026-04-24 03:46:39,714][dowhy.causal_model][INFO] - linear_regression
[2026-04-24 03:46:39,714][dowhy.causal_estimator][INFO] - INFO: Using Linear Regression Estimator
[2026-04-24 03:46:39,714][dowhy.causal_estimator][INFO] - b: X4~X2
[2026-04-24 03:46:39,720][dowhy.causal_model][INFO] - Model to find the causal effect of treatment ['X2'] on outcome ['X5']
[2026-04-24 03:46:39,720][dowhy.causal_identifier.auto_identifier][INFO] - Causal effect can be identified.
[2026-04-24 03:46:39,721][dowhy.causal_identifier.auto_identifier][INFO] - Instrumental variables for treatment and outcome:['X1', 'X0']
[2026-04-24 03:46:39,722][dowhy.causal_identifier.auto_identifier][INFO] - Frontdoor variables for treatment and outcome:['X3', 'X4']
[2026-04-24 03:46:39,723][dowhy.causal_identifier.auto_identifier][INFO] - Causal effect can be identified.
[2026-04-24 03:46:39,724][dowhy.causal_identifier.auto_identifier][INFO] - Causal effect can be identified.
[2026-04-24 03:46:39,724][dowhy.causal_model][INFO] - linear_regression
[2026-04-24 03:46:39,724][dowhy.causal_estimator][INFO] - INFO: Using Linear Regression Estimator
[2026-04-24 03:46:39,724][dowhy.causal_estimator][INFO] - b: X5~X2
[2026-04-24 03:46:39,758][dowhy.causal_model][INFO] - Model to find the causal effect of treatment ['X3'] on outcome ['X0']
[2026-04-24 03:46:39,758][dowhy.causal_identifier.auto_identifier][WARNING] - No directed path from treatment to outcome. Causal Effect is zero.
[2026-04-24 03:46:39,758][dowhy.causal_model][INFO] - linear_regression
[2026-04-24 03:46:39,758][dowhy.causal_estimator][INFO] - INFO: Using Linear Regression Estimator
[2026-04-24 03:46:39,758][dowhy.causal_estimator][WARNING] - No directed path from ['X3'] to ['X0'].
[2026-04-24 03:46:39,760][dowhy.causal_model][INFO] - Model to find the causal effect of treatment ['X3'] on outcome ['X1']
[2026-04-24 03:46:39,760][dowhy.causal_identifier.auto_identifier][WARNING] - No directed path from treatment to outcome. Causal Effect is zero.
[2026-04-24 03:46:39,760][dowhy.causal_model][INFO] - linear_regression
[2026-04-24 03:46:39,760][dowhy.causal_estimator][INFO] - INFO: Using Linear Regression Estimator
[2026-04-24 03:46:39,760][dowhy.causal_estimator][WARNING] - No directed path from ['X3'] to ['X1'].
[2026-04-24 03:46:39,762][dowhy.causal_model][INFO] - Model to find the causal effect of treatment ['X3'] on outcome ['X2']
[2026-04-24 03:46:39,762][dowhy.causal_identifier.auto_identifier][WARNING] - No directed path from treatment to outcome. Causal Effect is zero.
[2026-04-24 03:46:39,762][dowhy.causal_model][INFO] - linear_regression
[2026-04-24 03:46:39,762][dowhy.causal_estimator][INFO] - INFO: Using Linear Regression Estimator
[2026-04-24 03:46:39,762][dowhy.causal_estimator][WARNING] - No directed path from ['X3'] to ['X2'].
[2026-04-24 03:46:39,764][dowhy.causal_model][INFO] - Model to find the causal effect of treatment ['X3'] on outcome ['X4']
[2026-04-24 03:46:39,765][dowhy.causal_identifier.auto_identifier][INFO] - Causal effect can be identified.
[2026-04-24 03:46:39,765][dowhy.causal_identifier.auto_identifier][INFO] - Instrumental variables for treatment and outcome:[]
[2026-04-24 03:46:39,765][dowhy.causal_identifier.auto_identifier][INFO] - Frontdoor variables for treatment and outcome:[]
[2026-04-24 03:46:39,765][dowhy.causal_model][INFO] - linear_regression
[2026-04-24 03:46:39,765][dowhy.causal_estimator][INFO] - INFO: Using Linear Regression Estimator
[2026-04-24 03:46:39,766][dowhy.causal_estimator][INFO] - b: X4~X3+X2
[2026-04-24 03:46:39,774][dowhy.causal_model][INFO] - Model to find the causal effect of treatment ['X3'] on outcome ['X5']
[2026-04-24 03:46:39,775][dowhy.causal_identifier.auto_identifier][INFO] - Causal effect can be identified.
[2026-04-24 03:46:39,776][dowhy.causal_identifier.auto_identifier][INFO] - Instrumental variables for treatment and outcome:[]
[2026-04-24 03:46:39,776][dowhy.causal_identifier.auto_identifier][INFO] - Frontdoor variables for treatment and outcome:[]
[2026-04-24 03:46:39,776][dowhy.causal_model][INFO] - linear_regression
[2026-04-24 03:46:39,776][dowhy.causal_estimator][INFO] - INFO: Using Linear Regression Estimator
[2026-04-24 03:46:39,776][dowhy.causal_estimator][INFO] - b: X5~X3+X2
[2026-04-24 03:46:39,821][dowhy.causal_model][INFO] - Model to find the causal effect of treatment ['X4'] on outcome ['X0']
[2026-04-24 03:46:39,821][dowhy.causal_identifier.auto_identifier][WARNING] - No directed path from treatment to outcome. Causal Effect is zero.
[2026-04-24 03:46:39,821][dowhy.causal_model][INFO] - linear_regression
[2026-04-24 03:46:39,821][dowhy.causal_estimator][INFO] - INFO: Using Linear Regression Estimator
[2026-04-24 03:46:39,821][dowhy.causal_estimator][WARNING] - No directed path from ['X4'] to ['X0'].
[2026-04-24 03:46:39,823][dowhy.causal_model][INFO] - Model to find the causal effect of treatment ['X4'] on outcome ['X1']
[2026-04-24 03:46:39,824][dowhy.causal_identifier.auto_identifier][WARNING] - No directed path from treatment to outcome. Causal Effect is zero.
[2026-04-24 03:46:39,824][dowhy.causal_model][INFO] - linear_regression
[2026-04-24 03:46:39,824][dowhy.causal_estimator][INFO] - INFO: Using Linear Regression Estimator
[2026-04-24 03:46:39,824][dowhy.causal_estimator][WARNING] - No directed path from ['X4'] to ['X1'].
[2026-04-24 03:46:39,826][dowhy.causal_model][INFO] - Model to find the causal effect of treatment ['X4'] on outcome ['X2']
[2026-04-24 03:46:39,826][dowhy.causal_identifier.auto_identifier][WARNING] - No directed path from treatment to outcome. Causal Effect is zero.
[2026-04-24 03:46:39,826][dowhy.causal_model][INFO] - linear_regression
[2026-04-24 03:46:39,826][dowhy.causal_estimator][INFO] - INFO: Using Linear Regression Estimator
[2026-04-24 03:46:39,826][dowhy.causal_estimator][WARNING] - No directed path from ['X4'] to ['X2'].
[2026-04-24 03:46:39,828][dowhy.causal_model][INFO] - Model to find the causal effect of treatment ['X4'] on outcome ['X3']
[2026-04-24 03:46:39,828][dowhy.causal_identifier.auto_identifier][WARNING] - No directed path from treatment to outcome. Causal Effect is zero.
[2026-04-24 03:46:39,828][dowhy.causal_model][INFO] - linear_regression
[2026-04-24 03:46:39,828][dowhy.causal_estimator][INFO] - INFO: Using Linear Regression Estimator
[2026-04-24 03:46:39,828][dowhy.causal_estimator][WARNING] - No directed path from ['X4'] to ['X3'].
[2026-04-24 03:46:39,830][dowhy.causal_model][INFO] - Model to find the causal effect of treatment ['X4'] on outcome ['X5']
[2026-04-24 03:46:39,831][dowhy.causal_identifier.auto_identifier][INFO] - Causal effect can be identified.
[2026-04-24 03:46:39,832][dowhy.causal_identifier.auto_identifier][INFO] - Instrumental variables for treatment and outcome:['X3', 'X2']
[2026-04-24 03:46:39,833][dowhy.causal_identifier.auto_identifier][INFO] - Frontdoor variables for treatment and outcome:[]
[2026-04-24 03:46:39,833][dowhy.causal_model][INFO] - linear_regression
[2026-04-24 03:46:39,833][dowhy.causal_estimator][INFO] - INFO: Using Linear Regression Estimator
[2026-04-24 03:46:39,833][dowhy.causal_estimator][INFO] - b: X5~X4
[2026-04-24 03:46:39,874][dowhy.causal_model][INFO] - Model to find the causal effect of treatment ['X5'] on outcome ['X0']
[2026-04-24 03:46:39,874][dowhy.causal_identifier.auto_identifier][WARNING] - No directed path from treatment to outcome. Causal Effect is zero.
[2026-04-24 03:46:39,874][dowhy.causal_model][INFO] - linear_regression
[2026-04-24 03:46:39,874][dowhy.causal_estimator][INFO] - INFO: Using Linear Regression Estimator
[2026-04-24 03:46:39,874][dowhy.causal_estimator][WARNING] - No directed path from ['X5'] to ['X0'].
[2026-04-24 03:46:39,876][dowhy.causal_model][INFO] - Model to find the causal effect of treatment ['X5'] on outcome ['X1']
[2026-04-24 03:46:39,876][dowhy.causal_identifier.auto_identifier][WARNING] - No directed path from treatment to outcome. Causal Effect is zero.
[2026-04-24 03:46:39,876][dowhy.causal_model][INFO] - linear_regression
[2026-04-24 03:46:39,876][dowhy.causal_estimator][INFO] - INFO: Using Linear Regression Estimator
[2026-04-24 03:46:39,876][dowhy.causal_estimator][WARNING] - No directed path from ['X5'] to ['X1'].
[2026-04-24 03:46:39,878][dowhy.causal_model][INFO] - Model to find the causal effect of treatment ['X5'] on outcome ['X2']
[2026-04-24 03:46:39,878][dowhy.causal_identifier.auto_identifier][WARNING] - No directed path from treatment to outcome. Causal Effect is zero.
[2026-04-24 03:46:39,878][dowhy.causal_model][INFO] - linear_regression
[2026-04-24 03:46:39,878][dowhy.causal_estimator][INFO] - INFO: Using Linear Regression Estimator
[2026-04-24 03:46:39,878][dowhy.causal_estimator][WARNING] - No directed path from ['X5'] to ['X2'].
[2026-04-24 03:46:39,880][dowhy.causal_model][INFO] - Model to find the causal effect of treatment ['X5'] on outcome ['X3']
[2026-04-24 03:46:39,880][dowhy.causal_identifier.auto_identifier][WARNING] - No directed path from treatment to outcome. Causal Effect is zero.
[2026-04-24 03:46:39,880][dowhy.causal_model][INFO] - linear_regression
[2026-04-24 03:46:39,880][dowhy.causal_estimator][INFO] - INFO: Using Linear Regression Estimator
[2026-04-24 03:46:39,880][dowhy.causal_estimator][WARNING] - No directed path from ['X5'] to ['X3'].
[2026-04-24 03:46:39,882][dowhy.causal_model][INFO] - Model to find the causal effect of treatment ['X5'] on outcome ['X4']
[2026-04-24 03:46:39,882][dowhy.causal_identifier.auto_identifier][WARNING] - No directed path from treatment to outcome. Causal Effect is zero.
[2026-04-24 03:46:39,882][dowhy.causal_model][INFO] - linear_regression
[2026-04-24 03:46:39,882][dowhy.causal_estimator][INFO] - INFO: Using Linear Regression Estimator
[2026-04-24 03:46:39,882][dowhy.causal_estimator][WARNING] - No directed path from ['X5'] to ['X4'].
[2026-04-24 03:46:39,927][dowhy.causal_model][INFO] - Model to find the causal effect of treatment ['X0'] on outcome ['X1']
[2026-04-24 03:46:39,927][dowhy.causal_identifier.auto_identifier][WARNING] - No directed path from treatment to outcome. Causal Effect is zero.
[2026-04-24 03:46:39,927][dowhy.causal_model][INFO] - linear_regression
[2026-04-24 03:46:39,927][dowhy.causal_estimator][INFO] - INFO: Using Linear Regression Estimator
[2026-04-24 03:46:39,927][dowhy.causal_estimator][WARNING] - No directed path from ['X0'] to ['X1'].
[2026-04-24 03:46:39,929][dowhy.causal_model][INFO] - Model to find the causal effect of treatment ['X0'] on outcome ['X2']
[2026-04-24 03:46:39,929][dowhy.causal_identifier.auto_identifier][INFO] - Causal effect can be identified.
[2026-04-24 03:46:39,929][dowhy.causal_identifier.auto_identifier][INFO] - Instrumental variables for treatment and outcome:[]
[2026-04-24 03:46:39,930][dowhy.causal_identifier.auto_identifier][INFO] - Frontdoor variables for treatment and outcome:[]
[2026-04-24 03:46:39,930][dowhy.causal_model][INFO] - linear_regression
[2026-04-24 03:46:39,930][dowhy.causal_estimator][INFO] - INFO: Using Linear Regression Estimator
[2026-04-24 03:46:39,930][dowhy.causal_estimator][INFO] - b: X2~X0+X0*X1
[2026-04-24 03:46:39,938][dowhy.causal_model][INFO] - Model to find the causal effect of treatment ['X0'] on outcome ['X3']
[2026-04-24 03:46:39,938][dowhy.causal_identifier.auto_identifier][INFO] - Causal effect can be identified.
[2026-04-24 03:46:39,938][dowhy.causal_identifier.auto_identifier][INFO] - Instrumental variables for treatment and outcome:[]
[2026-04-24 03:46:39,939][dowhy.causal_identifier.auto_identifier][INFO] - Frontdoor variables for treatment and outcome:['X2']
[2026-04-24 03:46:39,939][dowhy.causal_identifier.auto_identifier][INFO] - Causal effect can be identified.
[2026-04-24 03:46:39,940][dowhy.causal_identifier.auto_identifier][INFO] - Causal effect can be identified.
[2026-04-24 03:46:39,941][dowhy.causal_model][INFO] - linear_regression
[2026-04-24 03:46:39,941][dowhy.causal_estimator][INFO] - INFO: Using Linear Regression Estimator
[2026-04-24 03:46:39,941][dowhy.causal_estimator][INFO] - b: X3~X0+X0*X1
[2026-04-24 03:46:39,948][dowhy.causal_model][INFO] - Model to find the causal effect of treatment ['X0'] on outcome ['X4']
[2026-04-24 03:46:39,949][dowhy.causal_identifier.auto_identifier][INFO] - Causal effect can be identified.
[2026-04-24 03:46:39,949][dowhy.causal_identifier.auto_identifier][INFO] - Instrumental variables for treatment and outcome:[]
[2026-04-24 03:46:39,950][dowhy.causal_identifier.auto_identifier][INFO] - Frontdoor variables for treatment and outcome:['X3', 'X2']
[2026-04-24 03:46:39,950][dowhy.causal_identifier.auto_identifier][INFO] - Causal effect can be identified.
[2026-04-24 03:46:39,951][dowhy.causal_identifier.auto_identifier][INFO] - Causal effect can be identified.
[2026-04-24 03:46:39,951][dowhy.causal_model][INFO] - linear_regression
[2026-04-24 03:46:39,951][dowhy.causal_estimator][INFO] - INFO: Using Linear Regression Estimator
[2026-04-24 03:46:39,952][dowhy.causal_estimator][INFO] - b: X4~X0+X0*X1
[2026-04-24 03:46:39,959][dowhy.causal_model][INFO] - Model to find the causal effect of treatment ['X0'] on outcome ['X5']
[2026-04-24 03:46:39,959][dowhy.causal_identifier.auto_identifier][INFO] - Causal effect can be identified.
[2026-04-24 03:46:39,960][dowhy.causal_identifier.auto_identifier][INFO] - Instrumental variables for treatment and outcome:[]
[2026-04-24 03:46:39,960][dowhy.causal_identifier.auto_identifier][INFO] - Frontdoor variables for treatment and outcome:['X3', 'X4', 'X2']
[2026-04-24 03:46:39,961][dowhy.causal_identifier.auto_identifier][INFO] - Causal effect can be identified.
[2026-04-24 03:46:39,962][dowhy.causal_identifier.auto_identifier][INFO] - Causal effect can be identified.
[2026-04-24 03:46:39,963][dowhy.causal_model][INFO] - linear_regression
[2026-04-24 03:46:39,963][dowhy.causal_estimator][INFO] - INFO: Using Linear Regression Estimator
[2026-04-24 03:46:39,963][dowhy.causal_estimator][INFO] - b: X5~X0+X0*X1
[2026-04-24 03:46:40,005][dowhy.causal_model][INFO] - Model to find the causal effect of treatment ['X1'] on outcome ['X0']
[2026-04-24 03:46:40,005][dowhy.causal_identifier.auto_identifier][WARNING] - No directed path from treatment to outcome. Causal Effect is zero.
[2026-04-24 03:46:40,005][dowhy.causal_model][INFO] - linear_regression
[2026-04-24 03:46:40,005][dowhy.causal_estimator][INFO] - INFO: Using Linear Regression Estimator
[2026-04-24 03:46:40,005][dowhy.causal_estimator][WARNING] - No directed path from ['X1'] to ['X0'].
[2026-04-24 03:46:40,007][dowhy.causal_model][INFO] - Model to find the causal effect of treatment ['X1'] on outcome ['X2']
[2026-04-24 03:46:40,007][dowhy.causal_identifier.auto_identifier][INFO] - Causal effect can be identified.
[2026-04-24 03:46:40,008][dowhy.causal_identifier.auto_identifier][INFO] - Instrumental variables for treatment and outcome:[]
[2026-04-24 03:46:40,008][dowhy.causal_identifier.auto_identifier][INFO] - Frontdoor variables for treatment and outcome:[]
[2026-04-24 03:46:40,008][dowhy.causal_model][INFO] - linear_regression
[2026-04-24 03:46:40,008][dowhy.causal_estimator][INFO] - INFO: Using Linear Regression Estimator
[2026-04-24 03:46:40,009][dowhy.causal_estimator][INFO] - b: X2~X1+X1*X0
[2026-04-24 03:46:40,017][dowhy.causal_model][INFO] - Model to find the causal effect of treatment ['X1'] on outcome ['X3']
[2026-04-24 03:46:40,017][dowhy.causal_identifier.auto_identifier][INFO] - Causal effect can be identified.
[2026-04-24 03:46:40,018][dowhy.causal_identifier.auto_identifier][INFO] - Instrumental variables for treatment and outcome:[]
[2026-04-24 03:46:40,018][dowhy.causal_identifier.auto_identifier][INFO] - Frontdoor variables for treatment and outcome:['X2']
[2026-04-24 03:46:40,019][dowhy.causal_identifier.auto_identifier][INFO] - Causal effect can be identified.
[2026-04-24 03:46:40,019][dowhy.causal_identifier.auto_identifier][INFO] - Causal effect can be identified.
[2026-04-24 03:46:40,020][dowhy.causal_model][INFO] - linear_regression
[2026-04-24 03:46:40,020][dowhy.causal_estimator][INFO] - INFO: Using Linear Regression Estimator
[2026-04-24 03:46:40,020][dowhy.causal_estimator][INFO] - b: X3~X1+X1*X0
[2026-04-24 03:46:40,028][dowhy.causal_model][INFO] - Model to find the causal effect of treatment ['X1'] on outcome ['X4']
[2026-04-24 03:46:40,029][dowhy.causal_identifier.auto_identifier][INFO] - Causal effect can be identified.
[2026-04-24 03:46:40,029][dowhy.causal_identifier.auto_identifier][INFO] - Instrumental variables for treatment and outcome:[]
[2026-04-24 03:46:40,030][dowhy.causal_identifier.auto_identifier][INFO] - Frontdoor variables for treatment and outcome:['X3', 'X2']
[2026-04-24 03:46:40,031][dowhy.causal_identifier.auto_identifier][INFO] - Causal effect can be identified.
[2026-04-24 03:46:40,032][dowhy.causal_identifier.auto_identifier][INFO] - Causal effect can be identified.
[2026-04-24 03:46:40,032][dowhy.causal_model][INFO] - linear_regression
[2026-04-24 03:46:40,032][dowhy.causal_estimator][INFO] - INFO: Using Linear Regression Estimator
[2026-04-24 03:46:40,032][dowhy.causal_estimator][INFO] - b: X4~X1+X1*X0
[2026-04-24 03:46:40,040][dowhy.causal_model][INFO] - Model to find the causal effect of treatment ['X1'] on outcome ['X5']
[2026-04-24 03:46:40,041][dowhy.causal_identifier.auto_identifier][INFO] - Causal effect can be identified.
[2026-04-24 03:46:40,041][dowhy.causal_identifier.auto_identifier][INFO] - Instrumental variables for treatment and outcome:[]
[2026-04-24 03:46:40,042][dowhy.causal_identifier.auto_identifier][INFO] - Frontdoor variables for treatment and outcome:['X3', 'X4', 'X2']
[2026-04-24 03:46:40,043][dowhy.causal_identifier.auto_identifier][INFO] - Causal effect can be identified.
[2026-04-24 03:46:40,044][dowhy.causal_identifier.auto_identifier][INFO] - Causal effect can be identified.
[2026-04-24 03:46:40,044][dowhy.causal_model][INFO] - linear_regression
[2026-04-24 03:46:40,045][dowhy.causal_estimator][INFO] - INFO: Using Linear Regression Estimator
[2026-04-24 03:46:40,045][dowhy.causal_estimator][INFO] - b: X5~X1+X1*X0
[2026-04-24 03:46:40,088][dowhy.causal_model][INFO] - Model to find the causal effect of treatment ['X2'] on outcome ['X0']
[2026-04-24 03:46:40,088][dowhy.causal_identifier.auto_identifier][WARNING] - No directed path from treatment to outcome. Causal Effect is zero.
[2026-04-24 03:46:40,088][dowhy.causal_model][INFO] - linear_regression
[2026-04-24 03:46:40,088][dowhy.causal_estimator][INFO] - INFO: Using Linear Regression Estimator
[2026-04-24 03:46:40,088][dowhy.causal_estimator][WARNING] - No directed path from ['X2'] to ['X0'].
[2026-04-24 03:46:40,090][dowhy.causal_model][INFO] - Model to find the causal effect of treatment ['X2'] on outcome ['X1']
[2026-04-24 03:46:40,090][dowhy.causal_identifier.auto_identifier][WARNING] - No directed path from treatment to outcome. Causal Effect is zero.
[2026-04-24 03:46:40,090][dowhy.causal_model][INFO] - linear_regression
[2026-04-24 03:46:40,090][dowhy.causal_estimator][INFO] - INFO: Using Linear Regression Estimator
[2026-04-24 03:46:40,090][dowhy.causal_estimator][WARNING] - No directed path from ['X2'] to ['X1'].
[2026-04-24 03:46:40,092][dowhy.causal_model][INFO] - Model to find the causal effect of treatment ['X2'] on outcome ['X3']
[2026-04-24 03:46:40,093][dowhy.causal_identifier.auto_identifier][INFO] - Causal effect can be identified.
[2026-04-24 03:46:40,093][dowhy.causal_identifier.auto_identifier][INFO] - Instrumental variables for treatment and outcome:['X1', 'X0']
[2026-04-24 03:46:40,094][dowhy.causal_identifier.auto_identifier][INFO] - Frontdoor variables for treatment and outcome:[]
[2026-04-24 03:46:40,094][dowhy.causal_model][INFO] - linear_regression
[2026-04-24 03:46:40,094][dowhy.causal_estimator][INFO] - INFO: Using Linear Regression Estimator
[2026-04-24 03:46:40,094][dowhy.causal_estimator][INFO] - b: X3~X2
[2026-04-24 03:46:40,100][dowhy.causal_model][INFO] - Model to find the causal effect of treatment ['X2'] on outcome ['X4']
[2026-04-24 03:46:40,101][dowhy.causal_identifier.auto_identifier][INFO] - Causal effect can be identified.
[2026-04-24 03:46:40,101][dowhy.causal_identifier.auto_identifier][INFO] - Instrumental variables for treatment and outcome:['X1', 'X0']
[2026-04-24 03:46:40,102][dowhy.causal_identifier.auto_identifier][INFO] - Frontdoor variables for treatment and outcome:[]
[2026-04-24 03:46:40,102][dowhy.causal_model][INFO] - linear_regression
[2026-04-24 03:46:40,102][dowhy.causal_estimator][INFO] - INFO: Using Linear Regression Estimator
[2026-04-24 03:46:40,102][dowhy.causal_estimator][INFO] - b: X4~X2
[2026-04-24 03:46:40,109][dowhy.causal_model][INFO] - Model to find the causal effect of treatment ['X2'] on outcome ['X5']
[2026-04-24 03:46:40,110][dowhy.causal_identifier.auto_identifier][INFO] - Causal effect can be identified.
[2026-04-24 03:46:40,110][dowhy.causal_identifier.auto_identifier][INFO] - Instrumental variables for treatment and outcome:['X1', 'X0']
[2026-04-24 03:46:40,111][dowhy.causal_identifier.auto_identifier][INFO] - Frontdoor variables for treatment and outcome:['X3', 'X4']
[2026-04-24 03:46:40,112][dowhy.causal_identifier.auto_identifier][INFO] - Causal effect can be identified.
[2026-04-24 03:46:40,113][dowhy.causal_identifier.auto_identifier][INFO] - Causal effect can be identified.
[2026-04-24 03:46:40,113][dowhy.causal_model][INFO] - linear_regression
[2026-04-24 03:46:40,113][dowhy.causal_estimator][INFO] - INFO: Using Linear Regression Estimator
[2026-04-24 03:46:40,114][dowhy.causal_estimator][INFO] - b: X5~X2
[2026-04-24 03:46:40,148][dowhy.causal_model][INFO] - Model to find the causal effect of treatment ['X3'] on outcome ['X0']
[2026-04-24 03:46:40,148][dowhy.causal_identifier.auto_identifier][WARNING] - No directed path from treatment to outcome. Causal Effect is zero.
[2026-04-24 03:46:40,148][dowhy.causal_model][INFO] - linear_regression
[2026-04-24 03:46:40,148][dowhy.causal_estimator][INFO] - INFO: Using Linear Regression Estimator
[2026-04-24 03:46:40,148][dowhy.causal_estimator][WARNING] - No directed path from ['X3'] to ['X0'].
[2026-04-24 03:46:40,149][dowhy.causal_model][INFO] - Model to find the causal effect of treatment ['X3'] on outcome ['X1']
[2026-04-24 03:46:40,150][dowhy.causal_identifier.auto_identifier][WARNING] - No directed path from treatment to outcome. Causal Effect is zero.
[2026-04-24 03:46:40,150][dowhy.causal_model][INFO] - linear_regression
[2026-04-24 03:46:40,150][dowhy.causal_estimator][INFO] - INFO: Using Linear Regression Estimator
[2026-04-24 03:46:40,150][dowhy.causal_estimator][WARNING] - No directed path from ['X3'] to ['X1'].
[2026-04-24 03:46:40,151][dowhy.causal_model][INFO] - Model to find the causal effect of treatment ['X3'] on outcome ['X2']
[2026-04-24 03:46:40,152][dowhy.causal_identifier.auto_identifier][WARNING] - No directed path from treatment to outcome. Causal Effect is zero.
[2026-04-24 03:46:40,152][dowhy.causal_model][INFO] - linear_regression
[2026-04-24 03:46:40,152][dowhy.causal_estimator][INFO] - INFO: Using Linear Regression Estimator
[2026-04-24 03:46:40,152][dowhy.causal_estimator][WARNING] - No directed path from ['X3'] to ['X2'].
[2026-04-24 03:46:40,153][dowhy.causal_model][INFO] - Model to find the causal effect of treatment ['X3'] on outcome ['X4']
[2026-04-24 03:46:40,154][dowhy.causal_identifier.auto_identifier][INFO] - Causal effect can be identified.
[2026-04-24 03:46:40,154][dowhy.causal_identifier.auto_identifier][INFO] - Instrumental variables for treatment and outcome:[]
[2026-04-24 03:46:40,154][dowhy.causal_identifier.auto_identifier][INFO] - Frontdoor variables for treatment and outcome:[]
[2026-04-24 03:46:40,155][dowhy.causal_model][INFO] - linear_regression
[2026-04-24 03:46:40,155][dowhy.causal_estimator][INFO] - INFO: Using Linear Regression Estimator
[2026-04-24 03:46:40,155][dowhy.causal_estimator][INFO] - b: X4~X3+X2
[2026-04-24 03:46:40,162][dowhy.causal_model][INFO] - Model to find the causal effect of treatment ['X3'] on outcome ['X5']
[2026-04-24 03:46:40,163][dowhy.causal_identifier.auto_identifier][INFO] - Causal effect can be identified.
[2026-04-24 03:46:40,163][dowhy.causal_identifier.auto_identifier][INFO] - Instrumental variables for treatment and outcome:[]
[2026-04-24 03:46:40,164][dowhy.causal_identifier.auto_identifier][INFO] - Frontdoor variables for treatment and outcome:[]
[2026-04-24 03:46:40,164][dowhy.causal_model][INFO] - linear_regression
[2026-04-24 03:46:40,164][dowhy.causal_estimator][INFO] - INFO: Using Linear Regression Estimator
[2026-04-24 03:46:40,164][dowhy.causal_estimator][INFO] - b: X5~X3+X2
[2026-04-24 03:46:40,198][dowhy.causal_model][INFO] - Model to find the causal effect of treatment ['X4'] on outcome ['X0']
[2026-04-24 03:46:40,198][dowhy.causal_identifier.auto_identifier][WARNING] - No directed path from treatment to outcome. Causal Effect is zero.
[2026-04-24 03:46:40,198][dowhy.causal_model][INFO] - linear_regression
[2026-04-24 03:46:40,198][dowhy.causal_estimator][INFO] - INFO: Using Linear Regression Estimator
[2026-04-24 03:46:40,198][dowhy.causal_estimator][WARNING] - No directed path from ['X4'] to ['X0'].
[2026-04-24 03:46:40,200][dowhy.causal_model][INFO] - Model to find the causal effect of treatment ['X4'] on outcome ['X1']
[2026-04-24 03:46:40,200][dowhy.causal_identifier.auto_identifier][WARNING] - No directed path from treatment to outcome. Causal Effect is zero.
[2026-04-24 03:46:40,200][dowhy.causal_model][INFO] - linear_regression
[2026-04-24 03:46:40,200][dowhy.causal_estimator][INFO] - INFO: Using Linear Regression Estimator
[2026-04-24 03:46:40,200][dowhy.causal_estimator][WARNING] - No directed path from ['X4'] to ['X1'].
[2026-04-24 03:46:40,202][dowhy.causal_model][INFO] - Model to find the causal effect of treatment ['X4'] on outcome ['X2']
[2026-04-24 03:46:40,202][dowhy.causal_identifier.auto_identifier][WARNING] - No directed path from treatment to outcome. Causal Effect is zero.
[2026-04-24 03:46:40,202][dowhy.causal_model][INFO] - linear_regression
[2026-04-24 03:46:40,202][dowhy.causal_estimator][INFO] - INFO: Using Linear Regression Estimator
[2026-04-24 03:46:40,202][dowhy.causal_estimator][WARNING] - No directed path from ['X4'] to ['X2'].
[2026-04-24 03:46:40,204][dowhy.causal_model][INFO] - Model to find the causal effect of treatment ['X4'] on outcome ['X3']
[2026-04-24 03:46:40,204][dowhy.causal_identifier.auto_identifier][WARNING] - No directed path from treatment to outcome. Causal Effect is zero.
[2026-04-24 03:46:40,204][dowhy.causal_model][INFO] - linear_regression
[2026-04-24 03:46:40,204][dowhy.causal_estimator][INFO] - INFO: Using Linear Regression Estimator
[2026-04-24 03:46:40,204][dowhy.causal_estimator][WARNING] - No directed path from ['X4'] to ['X3'].
[2026-04-24 03:46:40,205][dowhy.causal_model][INFO] - Model to find the causal effect of treatment ['X4'] on outcome ['X5']
[2026-04-24 03:46:40,206][dowhy.causal_identifier.auto_identifier][INFO] - Causal effect can be identified.
[2026-04-24 03:46:40,207][dowhy.causal_identifier.auto_identifier][INFO] - Instrumental variables for treatment and outcome:['X3', 'X2']
[2026-04-24 03:46:40,207][dowhy.causal_identifier.auto_identifier][INFO] - Frontdoor variables for treatment and outcome:[]
[2026-04-24 03:46:40,207][dowhy.causal_model][INFO] - linear_regression
[2026-04-24 03:46:40,207][dowhy.causal_estimator][INFO] - INFO: Using Linear Regression Estimator
[2026-04-24 03:46:40,207][dowhy.causal_estimator][INFO] - b: X5~X4
[2026-04-24 03:46:40,243][dowhy.causal_model][INFO] - Model to find the causal effect of treatment ['X5'] on outcome ['X0']
[2026-04-24 03:46:40,244][dowhy.causal_identifier.auto_identifier][WARNING] - No directed path from treatment to outcome. Causal Effect is zero.
[2026-04-24 03:46:40,244][dowhy.causal_model][INFO] - linear_regression
[2026-04-24 03:46:40,244][dowhy.causal_estimator][INFO] - INFO: Using Linear Regression Estimator
[2026-04-24 03:46:40,244][dowhy.causal_estimator][WARNING] - No directed path from ['X5'] to ['X0'].
[2026-04-24 03:46:40,246][dowhy.causal_model][INFO] - Model to find the causal effect of treatment ['X5'] on outcome ['X1']
[2026-04-24 03:46:40,246][dowhy.causal_identifier.auto_identifier][WARNING] - No directed path from treatment to outcome. Causal Effect is zero.
[2026-04-24 03:46:40,246][dowhy.causal_model][INFO] - linear_regression
[2026-04-24 03:46:40,246][dowhy.causal_estimator][INFO] - INFO: Using Linear Regression Estimator
[2026-04-24 03:46:40,246][dowhy.causal_estimator][WARNING] - No directed path from ['X5'] to ['X1'].
[2026-04-24 03:46:40,248][dowhy.causal_model][INFO] - Model to find the causal effect of treatment ['X5'] on outcome ['X2']
[2026-04-24 03:46:40,248][dowhy.causal_identifier.auto_identifier][WARNING] - No directed path from treatment to outcome. Causal Effect is zero.
[2026-04-24 03:46:40,248][dowhy.causal_model][INFO] - linear_regression
[2026-04-24 03:46:40,248][dowhy.causal_estimator][INFO] - INFO: Using Linear Regression Estimator
[2026-04-24 03:46:40,248][dowhy.causal_estimator][WARNING] - No directed path from ['X5'] to ['X2'].
[2026-04-24 03:46:40,250][dowhy.causal_model][INFO] - Model to find the causal effect of treatment ['X5'] on outcome ['X3']
[2026-04-24 03:46:40,250][dowhy.causal_identifier.auto_identifier][WARNING] - No directed path from treatment to outcome. Causal Effect is zero.
[2026-04-24 03:46:40,250][dowhy.causal_model][INFO] - linear_regression
[2026-04-24 03:46:40,250][dowhy.causal_estimator][INFO] - INFO: Using Linear Regression Estimator
[2026-04-24 03:46:40,250][dowhy.causal_estimator][WARNING] - No directed path from ['X5'] to ['X3'].
[2026-04-24 03:46:40,252][dowhy.causal_model][INFO] - Model to find the causal effect of treatment ['X5'] on outcome ['X4']
[2026-04-24 03:46:40,252][dowhy.causal_identifier.auto_identifier][WARNING] - No directed path from treatment to outcome. Causal Effect is zero.
[2026-04-24 03:46:40,252][dowhy.causal_model][INFO] - linear_regression
[2026-04-24 03:46:40,252][dowhy.causal_estimator][INFO] - INFO: Using Linear Regression Estimator
[2026-04-24 03:46:40,252][dowhy.causal_estimator][WARNING] - No directed path from ['X5'] to ['X4'].
