sem_0,sem_1,sem_2,sem_3,sem_4,sem_5,sem_6,sem_7,sem_8,sem_9
-1.0468111212969196,0.8682503861011539,2.324884650142387,1.5144602502810862,2.094517502173329,2.2245672023991703,-3.6968710232953046,1.788728904775035,-0.17335762978339544,1.3104894020364868
-0.0809654891191171,1.183359892634238,-0.6180609177408195,0.9417925031643071,0.5530088376295018,2.3983075043418647,-0.6369785435488597,0.6636094476387698,3.785286733557261,-0.49644650719683997
-0.007842302381734806,-0.10174092309202243,-1.5965583890004376,0.07958935319994451,1.24368290380518,-0.8843758173633182,3.035471984797755,1.0471124006956067,-0.2036182114781893,-2.3469547985072023
0.752965712767179,0.6884762585137646,-0.1016489892357386,0.6234442484501858,0.34766653855079943,0.18593927708963326,-0.3736511208002725,-0.20450468619884607,0.3155399892527719,-0.22432927546697334
-0.006775366178129037,-1.0605312078671363,1.3661085860399367,0.4586482258135354,-0.38799612121426647,0.817057290388909,-2.425957601591757,-0.30645966346055586,-0.6343794344879796,1.1105513472557271
-1.4039971948946288,-0.8833231887082769,-1.7504501843911704,-2.134280676170691,0.9041747608305243,-0.23321407670664,-1.2417905987043694,1.730977399939387,1.440131966011094,2.5420288194019984
1.8245585557900659,0.4351500636465039,-0.44939475802229883,1.0239856137828787,-3.0042182163951368,-2.5683814648413423,5.283875635542784,-3.9818332046678835,-2.7770989142836227,-3.9795243749181513
-0.8189612739519456,-0.2314207645391609,-1.9149683395599413,0.8003884072469664,2.624421773342603,2.4079477036322126,0.050201581009149066,2.8429940262823616,5.247776617277049,-0.6424282639877579
1.8035041443171764,0.8357249957281704,-1.5438147338204387,0.09422329238447077,-2.406282262701297,-1.5238773749386068,2.3569335101362876,-3.650697002546034,0.16512136430299523,-1.5204357235888826
-0.8892820676818228,-0.30018091351574494,-1.1779545403659295,-0.40855702667237914,1.6793852563408123,-0.11239747644064843,2.5073647566111026,1.4973292063129875,1.1229841345623275,-1.6702152253026956
1.445797010986712,0.8141898587347424,1.7665822285995696,-2.128007669925659,-1.828350885598365,-0.9734745027795343,-3.336650462700835,-2.5780201018007345,-2.3964618740325756,3.30410406294161
0.34356935431422997,1.6919342272767597,-1.058993632262454,-0.6904669267749367,1.2193227102080069,1.7437831009736016,-1.8074491249560547,0.8928398932651346,3.0774695650842974,1.7686777511671512
1.2941692979906125,-0.3938555070929579,-0.4963900235412078,-0.3470384093920132,-1.9474800858228052,-1.684700210232775,1.8213766923192598,-2.812455732785502,-1.5654326499645475,-0.7580455839792054
0.8012082949788571,2.002381431196751,0.6505975468307716,0.22252433838033256,-0.7954817788123923,-1.2861491773456128,0.8331778711967599,-0.9273286160998038,-2.5977502117971563,-0.4034595365602438
-1.6736791323481486,0.4500544923722066,1.2896254337148447,1.491979606738372,2.905887375808285,2.9696675546780598,-5.0778736324419915,3.179060098460151,2.0029628278915723,1.6685384011046558
-0.5093409661050181,-0.7615282578301236,0.5548010888913617,0.5396588259618174,1.1409246662359511,0.15172470295999863,0.7296259048970104,1.4790684138883523,-0.36011114506879754,-0.8907212839326131
1.7460864158561238,2.292598675463456,0.25007535629491445,-0.06796533413161945,-1.457646594581143,0.6136615760635761,-0.9545687297784149,-2.5945710535639948,-0.04900370589563269,0.7716448042884441
-0.6071176276899771,-1.3296420710146462,0.9902402657868593,-1.6470677417392448,0.13630943824423497,-0.9238232009817188,-1.7230333645946305,0.7647058054519423,-2.3025906218483834,2.246407476573625
-1.077706939663105,0.338766287009915,0.8591206917631672,0.6766283886464929,1.3433361292428352,1.1809427950334275,-1.1355757539924076,1.7538167697703082,0.30032643922737734,0.16319801299930708
-0.0680436003122181,0.5485390241512507,0.02732443659471664,0.8738718087401642,0.2317412736503814,0.2810089268876827,1.5596811666660426,0.3343745110413727,0.0921535136362368,-1.6894703253045018
0.5318324828371083,0.3781549750180777,-0.5819527160515032,1.2691963183182031,-1.6725535718762188,-1.3974038300379845,4.508850949932975,-1.8055104241379338,-1.2205486807919217,-3.916906728083588
2.2116907026397037,-0.8864714574523526,0.1348903831216787,1.5367238822823621,-1.4312817144233532,-3.5050542289473023,5.823436881363907,-3.058167198312965,-4.28082054263384,-4.734047552591337
2.0144338112428986,-0.878087526185957,-1.4177115909892852,-0.5734037566175311,-4.000439729141252,-4.353492187778921,7.508074230554801,-5.374208117435509,-4.170151069078031,-4.246739990221214
0.5109508001418291,-0.9474578777387881,-0.28221037464304866,0.37128301296199784,-1.821251893428139,-3.065550802745879,4.896087546318458,-1.8639156376036436,-3.541184658447857,-3.345702109112149
-1.571823966424766,-0.30968158757631264,0.44004125923162873,-1.5067330007370017,2.466574922759285,2.2533651093936453,-4.245171731383004,3.4725756573936497,2.152678645672639,3.5889410531087
-3.141663386177356,0.5993181884432034,-0.7680111524453546,-0.5176090730853218,5.000936809701803,5.2981432212572335,-7.893996330458029,7.200079341804675,7.866789624360722,5.6117627455633325
0.7602795838564076,-1.765455239119308,-0.5221527571240323,0.7980941248585596,-3.043427581539599,-2.8730916917356955,6.220049032407675,-2.878606125962687,-2.9212395653988317,-4.578890058429082
0.8724229057898393,0.0982039987906651,0.3988332705500152,0.44851723482411854,-1.1321982924433245,-1.6664120788745724,3.139599251170472,-1.5035335048311624,-2.4289634516331735,-2.4210659752892956
0.015863120428864327,2.529592676001214,-1.0730683486884902,0.3857398084190788,0.34213110115875855,2.259439558613556,-0.842392165152295,0.3782582403133202,4.298146232348984,0.20622049524855784
-0.08537744386187254,-0.09521571266428963,1.6166286048107381,-1.6251325220750532,-0.12083254583235806,-0.7255892323943235,-1.9404825775129197,0.41331314011472764,-2.825952489197113,2.8570817703618303
-0.541979576453265,0.14936831669108472,1.019376354892658,-0.9986322177764073,2.585401990174059,3.3976955506557274,-5.310760789997665,2.4556006674562414,3.1988098191137806,4.153882037792785
0.3241720232500156,1.1791425269855806,-1.2604711194441731,-0.5673612577793787,-0.7145998189451113,0.28772007225429513,0.15548825751393755,-0.7012067041537752,1.8380002491367666,0.10674805375632003
0.5237275025504922,-0.8359036171454678,-0.34200272405164234,0.3549666120149378,-1.441444859631977,-2.87701172900363,5.136638468029939,-1.5543687449043802,-3.1447900866547256,-3.512403020649391
0.3556408265077198,0.794061320422108,-0.7075483545422541,1.080314932482073,0.6184413596176098,-0.03582380340527073,3.5340594286050817,0.49446758687246084,0.15156340957256131,-3.2758428109700177
-2.1794843027518804,0.2962570681847685,-1.3391137451040533,2.11155799370215,4.594171549082725,5.0738194829093235,-3.1673961357724587,5.833632674121663,7.385974872148401,0.8102524799796512
-0.24941304664800942,0.5238472339682274,-0.006864858132848336,-0.5832027829180909,0.46956568620481093,0.963704639143442,-1.7932601727103865,0.5865328105677153,1.3694424691743967,1.694880610357346
-0.521057151598001,-0.9459604453326181,-1.370904047667009,0.23336799118411533,1.0706197805264464,-0.702687689253768,3.643513497367121,1.5447150283155184,0.6569429845509773,-2.169047430640111
-0.9183229571945297,-1.2986720428907417,-0.6363696825824288,-1.7044003794267872,1.791416089852243,0.971326578383218,-3.7182350143548923,2.8120769051316086,2.1769891469772635,3.5567860246360703
0.6991195790747873,0.33081961072445876,-1.275095232966723,-0.4226508483560778,-0.7001511292447398,-0.47067038630136193,0.2341462640195081,-0.9704834076469457,0.8330000052808444,-0.07903738261587574
-0.3342932639443844,0.19179088422241242,-0.20208800081629152,1.55086387954267,1.9766117592112897,-0.226737423165812,1.7236866157891355,2.0421753706389603,-0.22080791788679316,-2.572166583867363
0.028127424204638415,0.08890221982116905,-1.1055196864301333,-0.5820223807055138,1.4994360286698654,2.3187594586818197,-2.2875591794080776,1.3642657330660206,4.158356724157819,1.963931816217398
-0.09749515396580455,0.2064291769959001,-1.5694569347175784,-0.7185384682604329,0.3007854932017628,0.6510927082590435,-0.21016777176347287,0.5012720562108004,2.80409106667021,0.8212252739734003
1.2939670227451687,-0.3263619299011451,0.14575148497514862,-0.6815978397141598,-0.6720314783144312,-1.1778561398437748,2.5861570858480936,-1.8365525303534112,-1.4003372134571432,-1.3343114356716195
-0.3283617121583676,-0.26001908707062593,-1.9227379985991446,0.1262224861754535,1.4181390067537767,1.7214677569788788,0.8061372683542791,1.7393835377636957,4.377847983762804,-0.6678451676130417
1.4203932446921832,0.07177120544491271,0.7703929654145902,-0.04138605061009699,-2.8167411015283035,-2.4554299810664464,3.0842003813123253,-3.437281893548985,-4.0308422087678135,-1.9221962084731867
0.405502739182904,-0.9336625000495381,0.03238197630864229,-1.6692204943551037,-1.3951254733783793,-1.705697300753095,0.9338303276111339,-1.6372083845346719,-2.2863207122154434,1.0817682811697034
0.618152339279705,1.2279392648763259,0.46870695521100286,-0.29641841317270695,-0.03853542771394177,1.2185213276713747,-2.9611060399510465,-0.4679081966977203,0.9759623603673468,2.1063353115604437
0.6340647303072505,2.077288740777604,2.667256069661478,0.16823982974052012,0.8785025662126069,1.6949379947197099,-4.796475271598636,0.10225403689325424,-0.0027055613424656066,3.3653402538150723
1.5340426282122022,-0.6105745427882027,1.0245505238909696,-0.6952573066876359,-4.199438901189802,-3.7699732649498667,2.3874197336912903,-4.619466642685452,-6.153367301336135,-0.6943347181665805
0.1842584984827586,1.251369767916522,0.5792406886551161,-0.30563526358988646,0.6231325964841796,2.8656687218741452,-4.205696990353938,0.1426563666235816,3.0599196027822773,2.955530326252051
0.939348698342072,0.38828679330429694,1.2109926951693981,-0.017772225320756924,-0.5387619532189862,-1.831219401178239,1.8846330613472198,-0.9014569588845646,-3.528669286981489,-1.499417310381481
-0.5824949725437412,-0.22417444644756426,1.4699195198307637,1.9204984746485705,0.4680597881283974,1.0362786399207733,-0.47219687797260634,0.8625715902579151,-0.44248509488390764,-1.0094725017686321
0.2925021674825605,-1.105465635569896,-0.6383623847470159,-0.1742920512141271,-0.9151449172185511,-1.8706855320281968,2.8238610731979383,-0.8699047848626996,-1.6516129492818103,-1.8132703280060638
1.1120930292606515,0.3334994727967625,-0.038215939303430674,-1.0274288551022677,-0.4158231207573769,-1.8743291763413847,2.2207812094114514,-1.3737258033612763,-2.6919014405302897,-0.5549408421833164
-0.4093108751754505,-0.13708347465107654,1.2626821267006152,-1.707742112651471,0.04245262599072543,0.5912513947494915,-3.5027117431747756,0.6463269490648567,-0.4401214377068372,4.000972671127678
-0.7661485218570266,-0.7048379273829581,0.5726773843834907,0.3825247694926948,1.2726468616558384,1.6088733975234621,-3.665697590293847,1.543117184259826,1.3206189517367055,1.9645980182435439
0.5086178736340898,-0.5135789090647702,1.4780345469169873,-0.5254057105326605,0.010560298243716994,-0.7558303924444368,-0.5156222866275761,-0.16713593309543,-2.6994795870514445,0.7568187791993879
-0.830150572761316,0.9872949645508506,-3.3560607503542337,0.37241976190873205,0.101822941938422,0.975189986019711,2.579731742101454,0.5179774848345129,5.065869680385212,-2.60698889772755
0.268325984527887,0.9600713578015769,-0.35471321414874296,-1.7877694096364554,0.6393701108862699,1.3172575441826413,-2.905953730247912,0.30507920397296073,1.7881114719134732,4.0460562410026455
0.7286393817258592,-0.4058762644387478,1.542170506306773,-0.8053855662516868,-0.6886443419073462,-1.0149121564583063,-1.071518294523686,-0.8454829389744876,-3.044624471076606,1.410842417661287
-0.900456004020652,0.05532487508589163,-0.35727790626189077,1.181651221100857,2.516114654162379,2.7704809788421434,-1.6002937771062762,2.739878464167954,3.5838386863849796,-0.11836848415689445
1.058329206002664,-1.21779064876584,-2.0337119466791638,0.14553212446611,-2.3256666433776374,-3.0590364120790015,5.452633200071565,-2.9588513745770504,-1.6494820807752006,-3.7381199560414804
0.6634618568220737,-0.03333188403734682,-0.37531775850447824,1.405490821953169,-2.7095448106259874,-3.019399054846882,6.748925829626393,-3.1709879713588114,-3.523555227328617,-5.398206729314385
-0.6756927858661802,0.3980296477418996,0.16963684642252394,-0.13755751005030167,1.8456512205784315,2.3289401114617867,-2.2316577506655775,2.090822437498259,2.674698446512849,1.4985707437437483
1.0451407647094504,-0.3996300247277707,-0.4846942932940387,-0.22361652613260485,-0.644640888160117,-1.7904028086699402,1.3427826038831818,-1.413824621304014,-1.9584161325827738,-0.7025661009217147
-0.08896160007396506,-1.2490023283505118,1.6166839486906506,0.6555696190610428,-0.8665578298295861,-2.999070671497637,2.8966153810256072,-0.9246651981366227,-5.830157012750984,-2.1909545475098238
-0.02191980510248691,-0.5403193511141655,1.8255549255401666,-1.0645795247982421,-1.1675087521854295,-1.0303606649996113,-1.568584735080199,-0.5632297956801546,-3.451572114960801,2.068189380527698
0.7071150825190751,1.2984369029912488,-0.8365703345076486,-0.28167751453814893,-0.40111262618041427,0.13376368305181058,0.2140739794545954,-0.6680290204196216,0.9601575082363867,-0.14887016039086218
1.0499408792964628,-2.014575966962311,-0.02893743910197354,0.9770210208886201,-2.254686069791298,-5.3883638839621435,7.123599153333793,-3.186173179325669,-7.0341956534420245,-5.177405937431735
-0.42885637967559853,1.172437511119877,1.1450923964078217,0.5705187894964336,2.154368202745376,1.9669847166700438,-2.847817573027496,1.7712198317320018,1.1601499040597711,1.3732402178583554
-0.21065539932747893,-0.6292222436594223,1.0458197276136283,-0.21128929788565784,-0.4459666387712179,0.13949747263179982,-2.7520039792326276,-0.2256822193303123,-1.0032859845159223,1.854788972422581
0.4341105640965174,0.4718156187503619,-0.42027903839734676,-0.12571656322347452,-2.448692967507993,-3.7816365760286046,5.844224427968062,-2.1775579660762707,-4.797748410717622,-3.4294896165696063
0.5930323212466664,-0.3835629696392747,-0.4009365034813139,0.4987718899232215,-1.2088520656168946,-2.1403548213048635,4.834902249837106,-1.3413754908079023,-2.099929248757528,-3.4849132715142743
0.14151999688898376,0.15953419876204786,-0.29069520070382204,0.9425587449489927,0.8055846439132186,-0.14861227423661633,2.8540258597644756,0.895663150565665,-0.21346037368497073,-2.5794347719918616
-0.06901992695951445,0.003740412772512889,-0.6480875914761633,-0.14022603378101392,0.6297863320841757,-0.6119441871610087,1.6401021486953495,0.5300783700954691,-0.5689257684357932,-1.0892469272270724
-0.7841434516093873,-0.3934199973574823,-0.63209810174502,-1.2969517856030113,0.3186165659866878,-2.2373487907486895,2.4784947282259853,0.6339182573343305,-2.6681308792760503,-0.5212960891133912
0.09203849555971397,-0.9804233945523927,0.7116594571006936,0.43449384128282476,-1.0596381434369002,-1.2033598599900308,0.1755083278048089,-0.7902307949760954,-2.5702065263020732,-0.46485480223790315
1.0781547635519977,-0.39150672754068216,-0.18632617413100475,0.9018931566268344,-0.08261738447452119,-0.9567252828358304,2.158877405469738,-0.9704947389916602,-0.961702963406097,-2.13520086995054
-1.5448708011471866,2.5215921240324817,-1.5757287219171199,-0.03971595674653209,3.5062550303062237,4.339204857727225,-4.010391982456136,4.332355794094419,7.152972675180101,2.697410941651474
-0.014041369094761218,-0.07911912812379607,0.8170009898416809,-0.2730435269060153,-0.620987442255141,-0.3055525914598304,-1.2367459124280933,-0.5165664852602834,-1.321595031903565,1.040375416654672
0.3184345673145391,0.12994507738080283,0.3243639006368113,-0.7462582300200222,0.41170202054623156,-0.29622716727106607,-0.020330641759680856,0.20259474365633137,-1.066331836224202,0.6928440492252965
-0.2598079057397875,0.05688455651521219,-1.6145732385413207,0.7605158715102999,-0.3133507519846744,0.429510348633849,1.8397835601095698,-0.09424356515162344,2.2173223918127105,-2.151680528392057
0.503927911643038,1.5842529695356733,-0.3623551412532929,0.3716097834755815,-0.007018579821211714,2.893028402873038,-3.8570155557931955,-0.541704291553996,4.224004116549912,2.0276878620342513
-0.8138542439184092,-0.44760821280510327,-1.4681131350136107,-1.2450758586183512,0.8452223497723607,-0.6258422213901887,1.4826237615916928,1.1562309415306677,0.26723966609651173,0.12307086733349536
-0.06609052408446915,0.6283394594817204,-0.9914296954958172,-1.8745056281862127,1.647649207567275,4.5862016346764864,-7.475177703028849,1.0446536432089366,7.118548083431188,6.981673172732645
0.5872622362107872,-1.2220029053803634,-0.5845527099330645,0.25167344428034205,-1.2830906304368244,-0.7228708688731649,2.6757322798296235,-1.422425060612468,-0.18073870789575783,-2.087102294232554
-1.203022182755556,-0.9460100449331358,0.7055356017160496,0.09406977771641928,2.383641933829,2.2011498644067005,-2.6821420158380147,2.9653936272257937,2.051014046291164,1.478033257349816
0.489371779197347,-0.09589288209576079,0.967303558152299,-1.5721131072421035,-0.6573962074719794,0.21174201527086228,-2.052897225219617,-0.7055235370140673,-0.5628896947443884,2.664187330940434
0.02250999126820718,2.216563485516172,0.4632076939474749,1.1932026950884265,0.7036328577761074,1.4862280115591113,-0.027104478492085388,0.5680921697096494,1.3624170760115073,-0.5590818022453957
-1.1190174528090113,-0.44294035606856635,0.3040236299552172,2.2875032798819492,1.9185093868816971,-1.2294564967838588,3.5353287441354206,2.528700865156949,-1.3936993907895587,-4.695142999732579
-0.06675568886289597,-0.11491739591045963,0.6115328551004061,-0.8589147781103484,0.9347887379450742,1.1313684923500658,-3.2248218034207867,0.8870502016637837,0.7861146950712119,2.9574376065654278
-0.14774763079221884,-1.773285507128825,0.276109978300048,1.4680202992618079,-1.1548703691575035,-2.278055549290418,3.563142282599639,-0.782242310627377,-3.2441965494334264,-3.255744744457307
-1.0019334856190556,0.5793371544576382,1.3239607629653103,-0.3225605144104421,0.3491636643853666,2.1417713783067907,-5.3867287335218785,1.241118218379843,1.6439570314308627,3.7101467332437394
-0.06705161848049504,1.028962662193681,-1.215240159475182,-1.2698565325006892,0.6963392650036999,1.5061173979009974,-2.7122313008167214,0.8109999377759971,3.2674248443499243,3.038756094444221
-0.2104089778563594,0.879768865179043,1.484959475659757,1.2960984958854782,1.434232088285631,1.4515396564866663,-2.1606922778569073,0.8525648614459161,0.18500652272419532,0.5860067059531258
-0.6937513815219397,-0.5756245422149231,-0.8164058869613033,-0.4716381514603892,0.537478786215161,-0.7203781244328032,0.7683712706218926,0.805354080801507,-0.3491652051350606,-0.02791286256873486
0.3097419605776316,-0.22295000178252097,-0.525168621454296,-1.1146530678322104,-0.15157161299842262,-0.8187649745894138,0.5592551150249409,-0.24139219597056108,-0.6746148494412405,0.7548749772097122
0.07004214908462306,0.885381517641513,3.1112551024803885,-1.543315178384366,-0.5976261797288318,-1.0521755399125508,-3.9284554703321724,-0.44025285088761,-4.868823329601233,4.035379285702189
0.2970112610949984,-0.7964907550577789,0.698253338877261,-0.8625696843165662,-1.9237699848906382,-4.506319902854653,2.3084605311401596,-1.4853011400117326,-7.059677314083895,-0.5400721426085818
0.5361093550966715,1.8271881960034786,-0.3718312437967114,-0.06635032602173813,-0.594508514894737,0.6642633114982524,-0.7486898004738214,-0.6889069414995352,1.451897631541959,0.44260758636902947
1.0176525093768118,-0.40233329993115974,0.6841258792091127,-0.689152306332621,-2.017651893228489,-2.1792901806426235,1.3574389998964478,-2.5012803032012707,-3.4951914506106156,-0.24388272652773946
-0.06428028378843878,-0.25149847577621587,0.7414576353101241,-1.0041285729741547,-0.06596151677970805,0.824693100767552,-2.7763551048453188,0.14223052736554787,0.14725101381232703,2.867029623180772
-2.0035274611073772,0.2514374599770136,-0.973627442614336,-0.9330056895492976,3.073424666137362,1.6260805757251813,-3.0717320105098125,4.265884483277215,2.895767938149778,2.7385932698303317
-1.204504494973282,-0.70041618607296,0.6742754121664015,-0.23254293264617926,0.5119456960126526,0.3253548280406996,-0.6016597887680227,1.3854233091128016,-0.42775092723504576,0.51904658068927
-0.34270483827099496,-0.5206165413942865,-0.6479339672588397,0.8690642984292227,2.1121090204157467,1.147991408026724,-0.9111189854616533,2.0428025389616296,1.8895102574154803,-0.18576684779071487
-0.761656990671215,-1.614377202619558,-2.3923738807551667,-1.3928087898020534,-0.9728636643176295,-1.2649020168264842,2.637976713718285,-0.45378166273892484,1.4006689935457628,-0.3714627531919226
-0.33397953312074524,0.2530018487182033,-0.3147529425087805,0.19272013065938542,-0.5330226061580587,1.7723037203763916,-3.6913153906259195,-0.3216876325580993,2.9587588918023457,2.1520569826709086
0.348399730220328,-0.11413780553967737,-0.17568156252290723,1.4263640410495328,0.5296933351947841,1.3752234010421769,-0.5786078457371657,0.14629310105620633,2.1013650936431336,-0.7565659210285532
0.5759902485333882,-0.7677859456978197,1.0170696690000964,-0.4225796457176368,-1.352555988917044,-2.411391266914092,0.4137540585216395,-1.2933193478954748,-4.3572993660239465,0.004131764485799383
0.0760370182852332,1.672097699425493,0.5484898518871633,0.38509168841355934,1.9407793153121016,3.6063042279219752,-5.623216038039367,1.2035919049720014,3.960488380797843,3.197983910376384
-0.1696119099012381,1.9950715787405446,-0.9364579319383166,-2.202587445177957,1.123976255302858,2.8243389314436613,-6.552168305962356,0.783166132918572,4.509861322286214,6.836668676512112
0.857371629584046,-1.5429056174621312,-0.16090240904218064,-0.3630970813904453,-1.8215542808144478,-4.609696418765671,4.617715143846232,-2.142915373748603,-6.132830929047152,-2.63110759936142
0.6217824597502066,0.24052964726959078,0.7427138403186353,0.2607949600679522,-3.1361053370453624,-2.8783370527330465,2.9649524936637333,-2.853834749414838,-4.854918557051082,-1.840724645869478
0.7866192815445441,0.2564623083711115,1.942685409733369,0.06025174461394259,-1.317064253834754,-0.1427969215623763,-1.61598633632667,-1.836407826006214,-2.4551064169380665,1.0924419826715317
-0.5411658989727691,0.5881100785932019,-0.7954785220772858,-1.1011642995446158,1.4701351801952875,1.4969550087571124,-2.909966581298587,1.7636636574775555,2.7061246624266975,3.121314094477257
-0.8215976456937878,2.2091927564377047,0.25180107328800433,0.0415530689854384,1.981173505634492,4.122874474569002,-5.173200385638693,2.235201461407405,5.072775465645237,3.200134343676283
-0.2943543717364061,-1.3003196986417975,-0.19658719066016392,0.3801507365356592,-1.4947002044663686,-2.5834897667691643,1.6129606718416432,-0.7296083664894395,-3.2967006074377325,-1.241268300387434
-1.0249972828756022,-1.7928854533405088,0.6922081470270922,0.03824355236291529,-0.2522871002497826,-0.8444422107279175,1.0253053918472994,0.9125515134362581,-1.7089836046333444,-0.3074018354181516
-0.13058470551038362,-0.4671272164303319,-0.24174837632785093,1.353160126204947,-1.1151991305916222,-2.9792419895735076,3.940213969650508,-1.1727506678237059,-3.454721187894709,-3.4242387477744867
0.1071273236234082,0.21094567186241237,-0.9915379019865996,-0.6282328652073675,1.5017647105302356,1.998605147872916,-3.540654984869254,1.3813232908966635,3.6580196751894416,2.868053624280306
0.7368041381695382,-1.6228333350130224,1.141393745035762,0.04382177573976893,-1.598400381747513,-1.8607386683704004,0.8564077896347071,-1.892185621527094,-3.8488395441028493,-0.8322792716531449
0.20894750598283865,-1.632843010988624,1.4769438350261028,2.814469121028784,-1.7667018083284356,-3.5707263681198853,6.976596205128945,-2.352064885927862,-5.86538646644773,-6.280901593679842
-1.6401506209393675,-0.8260063174418883,1.002497349697932,-0.5796953429048275,1.1385752208234101,-1.1252868376412668,0.7503201634369018,2.4104062503605967,-2.852536504066117,0.03869141725669267
-0.2789941009434157,-2.095874643208878,-1.7391858055005651,0.4031216161521289,-1.0698924197317863,-2.0935656349451395,3.613659078717019,-0.3083570871069734,-0.4268649292559343,-2.4633164422302367
-0.6304377946420358,-0.47034852221184975,-1.4227906602303615,-0.8223724873089404,-0.19567781813640928,0.8209505073150808,-1.5362816958901317,0.5805216943269494,3.0855254544879913,1.7765926457530827
-0.01695737682713229,0.44008860118391935,2.3847580519145533,0.6398616222324923,-0.3645993624121313,-0.3117830306663841,0.11985863908145425,0.041210282772229295,-3.6795774135783694,-0.5594159533991772
0.35133275829080557,0.95176885426196,0.04631345940324427,-0.25703187898749313,1.8491472893523189,1.2338945612303984,-2.2580071478871853,1.1978059755196764,1.5138926588315933,1.730402460540704
0.9476752946579697,0.32878639585939984,-0.9704859270328093,1.0282282460673302,-1.3107151088310809,-0.6425520638807685,4.057662120965306,-2.168629967842901,0.32891701997039696,-3.569941760673552
1.7091282262573282,1.6804582379846003,0.903650181161024,-0.03273958656323509,-0.7735288341342678,1.2481689802339124,-3.759310904612706,-2.1782991776061245,0.5536093594539637,2.6819792890541123
0.5014885379370936,-0.21472716500214584,0.26390548968543,-1.525777994783272,-1.901866596009179,-2.9595432495038336,2.83312330952754,-1.9769260289468034,-4.1909644900481995,-0.3890970847043248
-0.8144428324380315,-0.10884394558094193,-1.2276082763057645,1.5607754052472589,2.2111501327919347,2.4017580105831806,-1.423408015850236,2.5620003293164673,4.360703976702675,-0.3941647809328804
-0.3723224771479551,-1.254470832046586,0.2756628543267053,0.9747720717308737,0.5599606011345891,-0.381442650576377,3.104049077825357,0.9915267050881302,-0.39650039653917224,-2.7943935731603506
-0.6687021911164306,-0.7102612754708533,-1.7099123340252582,-0.5403330386480897,1.4513333103480195,1.1388958048001345,1.3658566096533742,1.9538783948857619,3.5007780049780033,-0.3651281719448255
0.35590034081269184,-1.1541038019966816,1.4042663314176373,0.6512009227146165,-1.9203944616966633,-3.4611852657756983,4.056957553598312,-2.120644602179629,-6.142207159475589,-3.0023399748518176
-0.05831227615661537,-0.19481268495833998,0.08237104944334517,-1.7996825284179292,-0.19713765652188042,-0.889625313811451,-0.5609008616394163,0.1540236992322961,-1.2065964382838013,2.143911167007064
0.4929937488417607,0.14087929128639184,0.2838941384118798,-0.9282533200151617,-1.367183058766956,-0.1445593840239086,-1.8397241698903835,-1.3427711193911733,-0.5623940120533086,1.7510321635841388
-0.2917246704085209,1.0423806713431554,-1.0091168619351603,-0.11261169736849017,1.3985953051581868,2.1046675110550495,-1.9921309454001654,1.5390103672400028,3.931401896677711,1.471885086219992
0.49720970848632207,1.5359124592043014,0.003131321899962362,-0.6018466659683221,0.12503704831668455,1.8777798631145406,-3.0007852011493776,-0.22387478917055836,2.257910459825043,2.3977901348274764
-0.4968496245322549,-1.6744986512512692,-1.1978683372569479,-0.9366005876920868,-2.021590924727233,-3.580884379097047,1.959622117345769,-1.0233194050649266,-3.4637668814848808,-0.2723675762263917
-0.8216813047321374,-1.634339587682541,-0.5020153595164036,-0.8688069526860096,-1.5813772029627589,-4.25362435046523,4.073541006689032,-0.38122120040635143,-5.16905187412263,-1.694685193488745
1.0701151793707606,-0.5217274948934933,0.9819173466176676,-1.0959815649693736,-0.9130130376020478,-0.7578439995541255,-1.4426118017477239,-1.5727921001880647,-1.9162267405573625,1.920894182765522
1.5808506545052963,0.17352038203096673,0.6854752704380114,1.3147487120006827,-2.167832027672051,-1.610235430991162,4.32153615530815,-3.1175705479172073,-2.801131391407063,-3.7412482169312966
-0.2753405546499914,0.5581409100601348,-1.5019468881243276,0.8595333502461594,1.807931132430059,2.604742188228617,-0.3808769695885764,1.8169552360238848,4.8118610927976135,-0.6355208477941425
0.5190328454703418,-0.967511944864184,1.1442050180422998,-0.9574178491324512,0.13426469996498977,-0.1871489951215736,-1.4993998858128232,-0.19214733328719863,-1.6567667544194096,1.9597434486186842
1.1500149725825317,1.6452949759079878,0.40016553087314294,0.33198481635671184,-1.8966908134147846,-0.6686055643888171,-0.08586532227802793,-2.207699541230511,-1.1149394850818986,-0.006889831473937527
0.6811130196529087,-0.2590815547700507,1.7756610493664415,-0.12740796275094665,-1.990849434016388,-3.0594663724572646,1.2202800695961777,-1.8864489944353584,-6.089227579070895,-0.7720065890331052
-0.6994698085171213,-0.0069420710185219715,0.18473474939534107,1.1041727944195026,1.3089561694626735,-0.29057328926301434,1.022896092390466,1.9484230065736017,-0.7083572641787668,-1.3643236620812387
-0.3440116032876068,-0.33678677632118376,-1.8064850051873005,-0.5347267746098078,0.010985453319250792,0.3566112010247813,0.6922324404435358,0.3693026447624038,2.615950817318078,-0.022637741342619838
0.039958079296604374,0.1791828230730673,-1.8409631324284697,0.7884280086319794,-0.4357530354601555,0.6936581492147594,1.2766263455761258,-0.23450057273084518,2.93114116261111,-1.9588934075099085
-0.8713417978929094,-1.2169851211085727,0.15724402385959674,-0.05437832093533979,1.242038746813836,-0.9518053622871807,2.0281582495085866,2.123894763472378,-1.5835987822379334,-1.0978017931795894
0.02838089390512992,0.4940728940631511,1.5632809989704173,-0.5830379025197481,-0.8795589584137586,-0.31195450588532897,-2.187450641167628,-0.6794704626914109,-1.9196757310697483,1.9369673302694566
-0.08599981677777516,-0.8159929225869287,1.5328377739304242,-0.45464605982315287,1.3027073883981823,-0.3116105700772119,-0.2686114208981327,1.5012340587140394,-2.3079687701254894,0.5242219569666088
1.0287637573940605,0.542583806351752,-1.598852473843459,0.6951553696451699,-1.8412187290869981,-0.25541549820707543,2.6654131522808484,-2.67302465278369,1.55246403617207,-2.3427633039354725
-0.4076382704935372,0.07819135974470379,-0.444127033168552,-0.9752238826676589,0.5719000018460525,-0.014363948866420548,-0.6798950867155209,0.835468198458543,0.4648778767094673,1.3387560470544404
0.6637680693758342,0.7529142978973683,0.5761907047954989,0.37890317873160967,-0.5213767753499887,-0.19563170387130682,-0.7574382917459174,-0.8149889142641951,-0.8291536981137906,0.35174495286662755
-0.3399228056308903,-1.4490829528817804,0.47345169010748156,-0.2861713252378459,1.10636577363715,2.1758575309301813,-3.432702162737188,1.5680109107673736,1.6606120699020577,2.294734171697351
0.8213758573600185,0.9920974554298014,1.095456267282536,-0.2566260681025338,1.4120065765839054,1.5285677862137748,-4.026654935589145,0.2660785795898831,0.9699074674134975,2.9101035793075427
0.14354068854119822,0.8256080488385976,-0.7860869607579146,-0.5005263147087262,0.47344835908956967,1.886904789534026,-2.017538938770273,0.3428456866665157,3.3049100018106286,1.744176609625869
1.1546286249399675,-0.622526159915496,-0.6675674677739732,0.19226742600083402,-0.9619021996066568,-1.4493229636597214,1.4654701619079944,-1.8265063564333766,-1.1080905537951278,-1.1178211921148473
-0.5587991232719444,0.9055246583733588,-0.33981232440462766,0.5181940021342746,2.845268503629887,2.2705474031242945,-1.788393071908133,2.689741655260637,3.074110176954006,0.7193114448572533
0.05583631913290267,0.018985021706590544,0.7583318204819985,0.5505984006802629,-0.5977631582838071,1.329992142213624,-3.6489492695660264,-0.7557971908782095,1.181164054451944,1.85080848064665
-0.42567479146766063,0.5753346434579902,-0.5235042796937116,0.6930479882799316,1.2758545983717149,2.410527256811319,-3.4526386522807595,1.3351041386569302,3.6890654359876485,1.6704474386201056
-0.3641421173141899,0.21221726367892355,-1.1829449581404583,0.04170344952143624,0.7580780574240301,1.6493205435557057,-2.372623772755287,1.1451452045985842,3.6028605216479574,1.547984643604645
-0.6914921984797168,-0.44117034482448364,0.03573205718897424,-1.2134812707752185,0.7584418228265679,1.5683370526610185,-4.280720175978535,1.279137728671613,1.912417631253555,3.8044887636583002
0.7438180864217223,0.6089873809607123,-1.4442221394182635,0.025412432673778615,-0.39269143456383854,0.8754934391973781,-0.623937852417842,-0.8019818122352225,2.4119132951265807,0.30840398580826245
-0.30453904413894894,0.7301276261149736,0.0787760532274295,-0.6823475909721356,1.0668708047351805,2.396426648718052,-4.558528170938632,1.1337343187292959,3.050899036812874,3.6201625190542446
-0.2018126563513208,-1.0334983348553983,-1.4172071243003024,0.7723596941137453,0.162888957818055,-0.7887063645029022,3.458610460914101,0.7044801517337871,0.32806802113169464,-2.8288095785880105
0.9525184079617806,0.45580829542862283,-0.2756789676674186,0.43254306893322764,-1.1594340924011157,0.489012803687903,-0.31208331340739637,-1.7632048026785736,1.131784311701694,-0.25509723191833533
-1.32407469500208,0.45522303657352,-0.0805432410204643,-0.4415561670911837,4.350133270682069,6.04708873711712,-6.582525978607167,4.705989037640286,7.540944837495622,4.395512697010547
-0.42822529656921116,-0.103032090340784,-0.10008220228629765,-0.5923845238142365,1.3647664194939646,-0.0739423075604913,0.07399944923564009,1.498923635043282,-0.3028424168382156,0.37244496306845065
0.9569369220433511,-0.5754745181414714,1.8172922646286644,0.29719262312744466,-0.7523441591917049,-1.6732635514006458,0.40543616278377703,-1.2046862429454968,-4.364889172595813,-0.6126408774897993
1.6681867179502456,0.14600552714841494,-0.19938894806271631,-0.9352801131516751,-2.236242174554433,-2.305330098018346,2.4491559848490034,-3.437412439802081,-2.827641120675119,-0.6203145118088846
-0.7925371603851399,0.5941102110885566,-1.3404773018038076,-1.4769554228226114,-0.3349189845524006,-0.4501396788279749,0.24031851840009447,0.123148513991227,0.9817926160594814,1.3008239503264796
-1.3730734307404708,-0.437808507568593,0.3077365833118433,1.9782771218056119,3.4777264533675516,4.295681061982796,-4.428550149117638,3.812061258150069,4.52485420505872,1.1336674835940108
-0.33915414015036927,0.4386818653280765,-0.6877667071079715,0.8356866657140549,1.9180640271714078,1.6281727069043914,0.8073623898592494,2.017512431926178,2.6383724430844007,-1.5611156877390076
2.2692399739239875,0.9212692650950147,0.2344650241130111,0.014366793654823157,-1.3356770186823186,0.03954252777083959,0.4441043239893254,-3.582633972315794,-0.01586824071265637,-0.9231792931039666
-0.14564955631600113,1.2563259666313102,-1.49376175720991,-0.1773966682987251,1.0285915713907596,1.8487390640843748,-0.7111370766700051,1.1622910220280398,3.8954667734711172,0.5474661882962906
0.6778614117094508,-1.4308854177434902,0.2120840362094811,1.2282059604667142,-0.6321743936779267,-1.6890335733929007,6.210568072105932,-1.4046136574412866,-1.5974751626710733,-5.087339142554961
0.5984124163212826,-0.9813932253233754,0.2058744668276489,1.4788074661069428,-3.0805604576107757,-2.3005469407379686,5.274858467753411,-2.9405099101001815,-3.095554313826275,-4.4676046574101305
1.1270753754871372,-0.3186252173705333,-0.659267433287963,-0.8043054866398179,-1.4524598232961452,-1.8751636364550635,2.7285975747119693,-2.268999517018549,-1.7447865510828664,-1.1214695129542553
-1.559853631284958,-1.8269086206252203,-0.22112158899260842,-0.9284541090962302,-0.5378173887664459,-3.7102016273747496,2.8960102597405895,0.7651452583403462,-4.297431291131965,-0.6811915491282774
-2.1916868232170756,0.8700530827675783,-1.0406131893666313,-0.2587743595806727,5.256806765649569,6.001478492814035,-7.782768661746479,6.60218371479036,8.681032534462357,5.443199176721326
1.0067572474535547,-1.4425564777284499,-0.26984064618083353,1.1097614890642864,-1.6914696395425324,-2.3861762579753525,5.4029050477079155,-2.0871926020650635,-2.4319894341742327,-4.348605984148873
-0.061713678282288006,-0.22332989760963765,-0.31590480164282647,0.08980660527618416,-0.12428040267457688,0.19685515323980013,0.9862522725567647,0.0538138375836823,0.3860450481395615,-0.7549927197627034
0.28956546793124793,0.45808318394570263,0.9918311455216446,0.776757062004218,0.3879392067093019,2.279693790037163,-4.395305245770333,-0.19073015046182676,1.8702618615879933,1.8667465758025046
-0.16873603423556272,0.07080464017253414,-1.039700574056169,1.0150723352165534,-0.7795284359449299,-1.6242044424664728,3.0029816212794613,-0.4987106885537529,-1.1070196997244706,-2.643365834665399
-1.7956693968088322,-0.7801106383664034,1.4007098267344367,-0.6798848298948812,1.69607250016846,1.3811408232764983,-4.0943596577261845,2.8768962088306735,0.4083969469568311,2.7998203092822695
1.0228519137723813,1.1147514852125022,0.8494444209637765,0.24204084027967293,-0.12517898124223198,1.0457078207654107,-2.8922880584352004,-0.9657135279705773,0.5666940368036093,1.7428731663797203
0.3965517950225579,-0.8647202442583922,-0.7060669020899409,0.8096321621344437,-1.8233811380029354,-3.1017234799681495,5.88757974562182,-1.7975704343262084,-2.9869585577073745,-4.336254251462242
1.0461930350865467,-0.27144539135980816,-0.5604468979571752,0.5720075246413128,-2.077715307700893,-3.024041545572175,4.096502455812839,-2.3742376188138934,-3.404280551295299,-2.9539258164931814
1.0046652522625057,0.5155496143824999,-2.482572653666635,-0.7985115433179008,-0.6101382227423277,-2.065340153377675,3.401843782740833,-1.5004056810673527,-0.19406968944187547,-1.8143281006250354
-1.3143109007419145,0.5818790485499243,0.14664526892232313,-2.3486012106199246,2.5179114893852526,3.473679179661646,-6.659008021198217,2.5736181770486106,4.271376926015611,6.166762865210509
-1.521348751581013,1.133238020919717,-1.228181980936539,-2.077780525240005,2.031374771047247,1.3536265550467983,-2.6378020954139147,2.498064023906178,3.038378384517749,3.39511829373665
-1.0668792330462054,-0.5086263973144536,-1.3583290907692633,0.1303410110107899,3.239991632390762,1.9002402395903315,-1.3363135509065938,3.630535752025383,3.6988217659268505,0.8278492745494447
-0.5928647782399276,-1.4292041893114509,0.19844278778723876,1.0886347814110953,-0.2052316131756282,-1.9643900697501857,2.0336544497439943,0.29196910482964333,-2.774064229906267,-1.9643734542976166
0.36051259632901445,-0.9567798620727181,-0.8590029484339851,1.3697229570029983,-0.6652670753098203,-3.026792552024848,6.252362289142365,-1.0430335813834835,-2.6024680776004865,-5.0199896179132315
0.13624180839709796,-0.23512891828972585,-1.879740269240296,-1.00759203388656,0.13784449739683313,-0.9326301959486719,3.574490268010742,-0.3620563953987024,0.4722107351986565,-1.5227892131957788
-0.6173306931503691,-0.4030906627421371,2.1887706910419285,0.015019900930028772,0.7435609303955624,-1.2621349889595765,-0.7687859211406497,1.4761182010422544,-4.66056303700865,0.66425941810291
-0.42363768663467505,1.943759289689346,-0.40309051122200124,0.13619980586785424,2.0494942757593373,3.3766988723962874,-2.4443824045870515,2.0721467721635434,4.79233088625267,1.3255138178767214
0.7681804235209491,1.5001202869941666,-0.3297102764537135,-1.3488318566160502,-0.8136118697138021,0.24234719220271253,-0.6560632013809248,-1.25018817138387,0.3972293813112772,1.4709153869984655
-0.02502290297684183,1.570556456939009,-2.744419217606795,1.6801154926163675,2.708661594621029,5.604659366582058,-2.5738549886545954,2.267378043413819,10.325734249635127,-0.17945611003550332
1.0603269844281666,1.2263307472525498,0.003036802832254131,-0.45992456474611165,-1.0323278402444127,0.6214767881484843,-0.961977931010952,-1.6784912270599932,0.523298000822535,0.783714888384564
-0.238247501653477,-0.23326776507116084,-0.43185711449291925,-2.1869706665215007,-0.6161915360381807,-1.519319007569115,-2.1424834025674815,0.024746695434320815,-1.2108220841416595,3.178171731054794
0.9187698816089426,0.8245463399587095,-0.5537148016246041,0.145769152566064,-0.5926042462192308,-0.40689457311743216,2.647093467299182,-1.4263659036266982,-0.13120959077146524,-1.8470197495052043
0.5905523283829331,-0.018718892647114294,0.9222336474637854,0.48756363921595125,-1.4237684356801306,-2.794579241593969,3.8346246106322006,-1.4892197623578856,-4.594984485407052,-2.9149694303568676
-1.1600922482877836,-0.018188337177463564,-0.6508256999112364,-1.586083375282154,2.3821923837302466,3.3445231817601124,-3.5735207037258014,2.926021127707772,4.742726458203274,3.7097596605494396
1.3066092288743605,-0.12352028989621974,2.5809261184701837,-1.1863069853199295,-4.015894401598373,-3.817785464713574,0.94060024494106,-4.723060678106826,-7.91867386886786,0.3517164873736429
0.31279204709477426,-1.05547934112325,-0.9685843902969858,0.4090647691709082,-1.4910070688871238,-2.0016114796367304,3.1233686059859584,-1.237321266521865,-1.4130764477020334,-2.4263242188663283
0.29160668168848813,-0.8759040400432241,0.5155917206522866,-0.5307614395481577,0.2433709903102191,0.4484750523082952,-3.2152917922550217,0.1861679706595369,-0.10944976165766962,2.435335763411006
-1.2243211535449832,1.6840137507541644,0.4489766510470713,0.6259480678019407,2.2667352856450713,4.0247189229182245,-5.649430277259224,2.7886709111575514,4.554587464055766,3.006041766117243
-0.8793745379547199,0.591748914613719,1.2543937159048355,-0.5578072044782256,1.3491729625663078,4.123246200647284,-4.641125966308427,1.8119317811099354,3.494106279719807,3.3359033018334747
-0.15936480251498522,0.1276415327916906,0.21953923073914433,-1.5092203508294326,1.238437810256632,1.2575732593494828,-4.239793123138259,1.3592533024919455,1.2628604010997897,4.399783553089416
-0.4593920665272727,0.17068257476502802,-0.9714930266518623,0.8969911325930434,-0.8528878326446344,0.38338574296104655,0.8400894789592012,-0.6575651320037557,1.6556947359798586,-1.3296207853796402
1.287747586012098,-1.6727731677318234,0.2374487928026177,-0.8743237037284947,-2.961573740741732,-5.048963097212687,4.768310226209572,-3.525113657358683,-7.064135064118835,-2.198421935320786
0.731169238258677,1.6024846792865055,0.512756667617207,-1.8446931232843953,-0.16168867311867335,1.772592250583555,-4.202149643547518,-0.9546799583822235,1.1594397498106437,5.0229263553788
1.5765806126238997,0.4021821887591878,0.1819028094225364,-0.05433555001947738,-3.911026896134134,-4.218389592209282,5.4032148018655235,-4.285926091911534,-5.884534288336328,-3.1196304044028493
-0.03147819085190921,-0.3327851223590448,0.7898030075021409,1.9088242971802816,1.3578803226908251,-0.18047095025736568,2.105674651379639,1.2231139215291347,-0.8272747998549206,-2.7034678647439505
0.11625998864016183,-0.609826339012462,0.5537262012930327,0.9798934245534336,-1.7859391232543218,-0.8620261052494196,1.47637559049472,-1.314466093972126,-1.783755711109494,-1.6059406968739622
-0.07704985881366205,0.3644513013577595,0.12105210699759097,-0.6469288871985367,1.47439512717475,2.13570933229388,-4.355060640134459,1.2607927550746008,2.603201585861339,3.4455254621851132
-1.8840850779410152,-0.23472821102379746,1.0522574741634794,-1.3207790441761624,1.400186404786074,0.621760296822111,-3.9336809625655698,2.6359272405082868,-0.3766463894864019,3.1538993062961906
-0.20462459276419473,0.857536900847851,-1.7181751641905285,0.8064939200332821,-0.8621814342776861,0.14502065097458064,2.7929259098073773,-0.8328438067494955,1.8063631528001338,-2.7670088430909714
-0.4839914188901596,-0.398992257105923,-0.3729342173163475,-1.0637545635411612,0.3446832738984179,-0.02680369560132582,-1.0009572652524386,0.7577542207125337,0.34035203438095124,1.5851479563620101
0.0340852508638973,-1.188476059637901,-0.3367085302437865,-0.6455339278455203,-2.4984928974935077,-2.7061763172659896,2.143461332907107,-1.9646161091183219,-3.2642242551993745,-0.5751261674655367
0.6297947265720135,0.13387950009811642,-0.64291569214722,1.4497546669268,-1.2582098135630626,0.9907931016592507,0.7866462109201594,-1.381336573750129,1.7160398084830852,-1.704922072347162
-0.9815503686711206,-0.5888393663053042,0.4524634444987478,1.0757599045445723,-0.2771163265325824,2.726545288269856,-2.4304086956883313,0.6127459001668709,1.9375378410432746,0.7117612468294425
0.7009742201468222,-0.6936279632187518,-1.317630165325458,-1.1447897795896262,-1.2072173945410247,-1.3769623674433935,2.3354139915799337,-1.8736301181610335,-0.10627269235258227,-0.4720835110637607
-0.07009114839624153,0.523936300132525,0.38480816832592557,-1.4416783708560599,1.0630791541991365,1.7585250137940125,-3.4773199297798323,0.8301359581597443,1.4584282764782734,3.8771007037489866
-2.4872108656043768,-0.18748742420876469,1.2768143619103667,-0.5923959838803465,2.584376958958777,0.756178368206134,-2.749780790883494,4.101908933831286,-0.41019395835554423,1.9169546713560128
0.37494207937049207,0.8653832435871102,-0.14406766096758244,1.7853865625273644,1.1652473680931759,0.4380267682088859,2.1972981609430495,0.7321327228773585,0.23175584799387483,-2.7334199071679284
-0.5382917362025029,-1.016949905028898,0.9897217288894739,-0.02390704783840139,1.0979271966415782,0.38779723911767167,-1.7388180888091636,1.3503055404538076,-0.6143509203376989,0.9951749348397926
1.0570969452349281,-0.5220073771083454,1.2815233249733529,0.4843043386402283,-2.5113078934537083,-3.216582514689169,4.948179794597426,-2.568335893201487,-5.520309543911222,-3.8162109483975613
1.444426814241311,0.012541647569321402,1.7639377314474112,-0.21806447289597364,-1.4962098165253603,-2.461116075398667,2.403200519717697,-2.3817175405600173,-4.877121929358586,-1.8217316387664506
0.8162582864473007,0.719956931089006,-1.1026658928331465,2.2119806629726964,0.47981050507379724,0.5719152809312725,2.721065095378014,-0.08964770605821999,1.342791203414907,-3.3728587182843084
-1.4066161506017896,1.2340528804940165,-0.9649582522384799,-0.7543787021432221,2.8905273095826143,3.7855067511111535,-6.071842323530627,3.820944570398917,6.183976105385326,4.635228112839746
-0.18869112562714122,-0.30250841933802164,-2.154148090461335,0.09911639530451201,0.3442089247829258,2.1187571027317067,0.4054749369371031,0.9075822084944931,4.892637392754584,-0.4822861207928221
0.9852501634049896,0.8707060467532681,0.9311559586446313,-0.44776104661087357,-1.5183474835432575,-1.67712916973352,1.633225823027421,-2.0317935210946323,-3.211362671643917,-0.7169007424597748
1.5428234802896812,0.45589403495808606,-1.0405567491572332,0.16793289601227215,-1.1427096078090229,-0.2752466008506355,0.6686610487601004,-2.370725872278256,0.9806366582921522,-1.0769994252664896
-1.232262769317196,1.3697216248545434,-1.0355910570746574,-1.2740986383604598,2.6269340252613302,3.5442510703653505,-6.210154666317069,3.343810024899978,5.862151109689402,5.290999516309619
0.30224122527891273,0.5024393571503248,-0.3380331573467135,1.2219501394240133,0.7228375613187212,0.1418409494933724,2.3433761973101723,0.5823014246561773,0.23270630391760438,-2.49367773535757
-0.315133721368549,-0.7060559795882294,-0.6550671596225305,1.102912649576153,0.23527196376115714,0.4843000922093711,0.6148368955155811,0.5875646518514198,1.3008857557348363,-1.1477261647996848
-0.528836187320148,-0.46061262269159264,0.46019151513216355,0.8475856342519966,0.8958830843240072,1.2590075434722183,-1.7953637874650101,0.9713548623838402,0.9797406344256387,0.4296016155287657
1.1338559715994763,2.5639725479794,0.1469253200415902,-1.8104382366862455,0.12200974859278663,2.13869736927466,-4.660511952765549,-0.9895253367541491,1.9822586353600535,5.249311007257598
-0.06995627166811128,-1.3609886462117344,0.9821687964346049,0.6557829751836254,0.2396735690706108,-0.3810137438391789,-1.2149973135403598,0.4886138999166125,-1.5291677338545888,0.2923538629785768
0.41274036714974693,-0.4503913240244551,-1.899948262581578,-2.3090804814878716,-1.1080034620433867,-2.0469626709779343,0.6581338775490653,-1.2074432434081537,-0.4595968005761092,1.9179273606570448
1.133244707381891,0.34627722850006626,1.5672865669918215,0.7232617553154563,-2.033810145414236,-2.1755376346016853,3.1240446495550724,-2.388017295791417,-4.5914873267039775,-2.720979463970196
-0.3298355213117401,-1.668001641777398,-0.1464462405727379,0.7337778884332073,-0.3821058053113502,-2.5129604369419876,1.1245462859702524,0.3401749653682704,-3.321890747694399,-1.1864005356727516
-0.21907378855662094,-0.08564136577282253,2.1426240022704963,1.1438774434383459,-0.3069787392694325,-0.5156644091406402,-0.38070668682173325,0.1163610915041828,-3.5300205466104346,-0.33886499868636544
-0.5689171662841943,1.1855253644255783,0.382719786518221,1.9348823130921478,3.102308360347633,1.7469186217135437,0.2478875322522553,2.7530566224677577,1.1098203294607933,-1.6203410879718378
0.21478080277168327,0.35870027570331237,-0.05347710339551581,-3.03920477932315,-1.6181584730274863,-2.012405637481522,-2.281943952852784,-1.8559893029100474,-2.2859561670423916,3.8552535329956448
-0.35491289162107154,-0.5959569053197254,-0.32840559557729165,1.4442213979252565,0.5739612519777295,-1.1709656797312549,3.141818945681995,0.7275441273128866,-1.2581140430342506,-2.9530102523580646
0.36317618381631167,-0.4031895199279255,0.12563768854717058,0.47574221313126447,-1.1820859076486911,-1.9190410425790165,2.5138082809430427,-1.0852403754390163,-2.537266517217801,-1.8883909527854517
0.09009435222096265,1.1343039109490198,0.3465984985837872,-0.09357274119803205,1.350057006033491,4.337835342753135,-4.662347061614731,0.7086522435478129,5.052206927480515,2.9534211233282757
-1.2711272077530016,-0.5779700951081415,0.44715682033318793,1.0002506999778749,1.9937223300518732,1.5350541512859186,1.1570964463827058,2.367345954243962,2.1252854352916115,-2.465102635854654
-1.1649492385517364,-0.361563549813459,-0.005864522985381109,-0.7563833324251824,1.5222610714264486,1.1552449657106858,-2.0906711994987095,2.4114664672398565,1.3472139417184967,1.822961559694105
-0.3387056100705008,-1.0000570825162582,0.11184661029836321,0.11746176254655438,-1.5795186654986126,-0.2658085489900014,1.4017723694779878,-0.7057029918502555,-0.7283590781245173,-0.8310681752336548
0.7787769052517616,0.6418096242881999,-1.1703791058862865,0.45340130034789616,-1.148238203347823,-0.7861693022728123,0.9688083516759257,-1.3485164829683838,0.4307552449931838,-1.0873839119219815
0.8162769552498411,0.9962892884110163,-0.10699573270261964,-0.8854685356334931,-0.13019280600755823,-0.4170910799199685,0.9254398929493866,-0.7761491417866043,-0.8134082435849002,0.07834473970066218
0.06314440415533551,-1.5904622139503513,-0.6869043113162383,-0.9893079519063892,-1.978935508330553,-3.596528507574241,4.4843329340193865,-1.7015394789538936,-4.072852144951129,-1.9119068455018704
-0.4184502428985293,1.7403560369129045,-0.8885657896213021,0.03711469331653211,1.4581016815235912,2.171283588162873,-2.103082518973733,1.6683081138531788,3.916415398982619,1.44597750772445
-0.24509120374553053,-0.4055217737877286,1.7065924629580196,-0.16673614074564602,-0.1512679907837032,-1.6595148719038415,0.8255864876237323,0.3813525567859619,-4.255096648498332,-0.31444584227247324
0.3635683020907501,-0.6666195692428991,0.7829241380006033,0.5980362679531541,-1.7900692335649828,-2.741990228376686,2.1944603037376447,-1.5309698678781256,-4.665425251912549,-1.698071483146156
0.2240842028144643,0.456251980158423,0.7104927278387075,-1.346857635647095,0.4331385101755233,1.7811403245711548,-4.818515940236494,0.08402964940413316,1.312700721060738,4.704502841835037
-0.6694741668651788,1.8598822374269879,-0.43086069964146495,1.2596039740967488,0.7342526949702044,2.185680822380405,-1.4159935086189346,1.3249178551456018,3.577944447680855,0.19441505914600937
1.1619822651355465,-1.4084790315313924,0.19407153354134113,-0.8595725991015559,-3.455116817896825,-4.519019158267239,4.043129496135958,-3.8186115857852565,-6.28395043612511,-1.558331190766385
0.2630070292194835,-1.1826005549065437,-0.8546088070133494,0.7779692900247219,-1.863004372624399,-3.282384385564428,6.819396166890104,-1.7642081206763545,-2.9487702060246805,-4.919574648555626
0.46489677533592944,0.5965330815972165,-0.4879181167120769,0.8058441929480844,0.38348093296800023,-0.3921621593068048,0.6879063510422035,-0.024323525021471032,-0.10764455579879556,-1.0852721774420713
-0.6965724904565697,1.151385737024913,0.7413270742989967,-2.1839949704096187,2.581609404740687,3.527795040109722,-6.932383409047048,2.584101586232889,3.484876772913958,6.673948533363929
0.018717559728087908,0.8787216094240724,0.42487050165428475,-0.7836861242898744,2.7376656741192464,3.131096332211524,-4.603448653037686,1.9863762865053527,3.3981580086413454,3.6627331342838483
0.18478008907202362,-0.7295469830295237,1.711629231442786,-0.36267658199079517,1.2657581364765145,-0.6756756570430589,-0.015048886745012868,1.2716676687023845,-2.9518282804349725,0.3593920414410364
0.6936713198984157,1.68548851922443,-0.09044672844354942,-0.09553823002648032,0.48320820417555993,0.9096469799635326,-1.7359925830371739,0.02101676030627264,1.0851649000587236,1.2914548039104363
1.2382009372492313,0.4097979146588737,-0.3591416892267617,0.16838780706596979,-1.9385375324109426,-2.016013711958005,2.492592988295464,-2.6157937428739624,-2.2668003549751115,-1.4903024408518009
0.961162511798879,0.7859447021928794,0.05388443674724348,-1.5872384532737027,0.7737297698703131,0.755905062755162,-2.601754935706961,-0.045717211633089616,0.5001022263595369,3.417902114462066
-1.2065069184125312,0.33325015425785803,-2.1218472500630985,0.35331817271806226,2.7926927758082685,3.5345076856645283,-2.7081947573368392,3.4474652742378287,6.9261750455380335,1.5733263062654599
-0.9657547516564285,-0.5293747919245948,-1.9081387464809927,0.8083919774925954,1.0519668575642471,2.0302500298216,-0.7947288963078553,1.7746741588041854,4.908381005068564,-0.12445951345730344
2.239301576757456,-0.11652468257482373,-0.4370638387476053,1.5888412698639194,-3.551581002168116,-3.276461896520598,7.939838522184138,-5.028886439257975,-3.5549091716187657,-6.488458604664523
-0.9126668213044676,0.31555175545561437,1.0922618362697303,-1.0125950470544722,2.4392124959996337,2.538372661722982,-2.7674946451541973,2.686583890291721,1.5734131502049074,2.267645709938117
-0.3660030115843853,1.1333094490933082,-0.27667935403338967,0.1270800057300992,1.3114764326126864,2.1673254741518018,-2.488728834674563,1.4318642042163778,3.163700028037489,1.5367690120101956
-1.0080224920924254,-0.07644174319520547,-1.1414358311942214,-0.7778364384414445,0.7062855720165439,0.9129997299400237,-2.1867632389821425,1.5694319512056534,2.8321161334549534,2.133436278417692
-1.0887998307162647,-1.678708536892221,-0.7847444560888048,0.20411154774948367,1.0695535750045417,-0.5054724991087792,1.4252643794568425,1.9124317382642002,0.6083980616740516,-0.5281484587653056
-1.7410545188099011,0.6048106790870522,-1.9647651800443409,1.5384604592577136,2.6619332537825615,3.4458011976097502,-2.1124076655229325,3.718310759263404,6.639427954660784,0.2636078658628238
0.20862549882312997,1.2245212299306916,-0.34808491371167016,0.898021589679385,1.4674661236319266,2.957343951869264,-3.1808781309673635,0.9572968127334529,4.087667477043452,1.1396260955175908
0.7083465167985051,-0.8039317193909097,-0.7497334411753847,0.3195577966372493,-2.610688656717879,-2.547231484935552,3.3877000521291394,-2.5967617226538047,-2.4164056106758656,-2.2845444624189475
0.3714550428248723,0.5481784576789506,-1.006853724635192,-1.5399124262195227,-1.3886989231063407,-0.17435993188359875,-1.40576245192582,-1.2515330243331968,0.8384863113396566,2.3435072139416615
-0.6267644660211076,-0.22768177041096965,-1.3692747146272233,-0.04670058223665594,0.24567117566362653,0.051888853815489834,3.0314292515331998,0.42122296633742273,1.2366142557523456,-1.8665645019292116
-0.8276540677862213,1.7422374450450733,-0.017618723424613108,0.3205287412104102,2.964480364653702,3.441009236205682,-4.278693191834623,3.1438052543781416,4.254753431769335,2.5743455572735523
0.7432427725289474,-0.009617177891244806,-1.4805249088628365,-1.1988496706317198,-1.4301817191368948,-0.05682362039724611,-0.989975723564156,-1.6970827474077315,1.7039965564043806,1.6857824144143279
0.7760785515094352,-1.555475976079261,-0.11086526154289948,0.13548452331178723,-2.203984663442256,-5.037331799479548,6.608152082390486,-2.6951489648990634,-6.579317589812794,-4.187367188641885
0.08575430539724394,0.26969569472734856,-0.23748685148110757,-2.9705640587863513,0.9314275539984287,0.9773302709211781,-4.729302658790285,0.715165607827512,1.5460648969138748,5.619742010031454
-0.3818421927065494,-1.1105739277469022,0.4369290300153167,-0.9917275578571851,0.3004689053219417,-0.9673855501707292,-0.21228973162328943,0.7830287462760169,-1.8734807103642928,0.8338869065427472
1.542955524290395,1.956846181280991,0.7154370561104968,-0.3434183594319496,-0.6251610776092213,1.7432462634629409,-3.1912622775629846,-1.8551585252112572,1.2409683874663895,2.412284417378778
-1.994642620619119,-2.3958554174156363,1.470872995517896,-0.21659390041448295,1.8445848458166154,-2.4024806656178472,1.0998974397534853,3.7321680933790184,-5.201048117815039,-0.19710062313605764
1.5013836709430446,0.27502818158539183,0.4250161399179949,1.2448817430070005,-0.785135450467554,1.5188342007205722,1.2444998122548363,-2.480749898443896,1.3465240397412008,-1.8256183297998538
0.18407143156171052,-0.6208146346496067,-0.8546623854706554,0.3416204420122898,-0.26897674930385373,-0.7550998908115574,2.028492570812366,-0.14513364106220117,-0.25632033212551725,-1.7288634199700492
1.6814269997780011,-0.6845689902478724,-0.11075304648178669,0.03941929387144537,-2.8170834675187937,-1.6765012458488526,1.3937562208508207,-3.930909279456036,-2.0809152471938144,-0.6818859165483523
-1.853889475035036,-1.0305090884422043,3.085125480652053,-0.48069808838527156,1.6227829151523712,-0.8319159023160606,-2.1246533766106808,3.226814733613088,-5.444536388740731,1.684528697749502
0.45358488505446093,-0.3963234994194819,-1.2980137004060681,-0.6348159119254551,-0.3482134101203721,-0.09291742573468664,-0.8398362637995048,-0.3182448842932806,1.406328666239659,1.0753686727663887
-0.3170397507168613,-0.9683458377255839,0.3803034902468291,1.454121082318617,-0.07151983538302,-0.7729516918936282,0.004833962207386744,0.3278040095916489,-1.256839771400253,-0.812945457985213
1.5074337303288332,0.48616714622061047,-1.0582217605425575,-0.029850151940975574,-3.217970152763947,-3.3070170826883833,4.978236321749121,-3.9070259602382205,-3.500496769573552,-2.892341105344211
0.404246741332253,0.9266740803611901,-0.20877098912738926,0.14212568544185733,-1.4334342115001737,-0.001415986342937603,0.18432659544588123,-1.3839031834878885,0.45760362770739454,-0.11676685896608105
0.8869627530271319,1.8177160051676984,-0.06684786794533934,-1.1379500198191908,-0.3277629815942567,0.9243499493334016,-1.7998204910365545,-0.8120926780642429,0.752509320534922,2.089181596225364
-1.2821982913429266,-0.9458423579286004,-0.33511162265050426,-0.5159383982555191,2.121698565576392,0.43693014047606676,-0.13881809798463715,2.8065677960808446,0.8700748203192283,0.4523830022937863
1.3549962587891076,-1.0922382895256102,-0.6679786336237306,1.1480360563578778,-2.853202086514823,-3.4357291324366566,6.996184800260593,-3.3887880883269474,-3.5498447325613065,-5.346860128485886
0.17843452184106637,-0.5192498261977797,-1.2884278800567328,-0.6853236242553875,0.18570107036206213,0.2069439446758418,1.0745800612714334,0.12063734836570175,1.6021566956147297,-0.11630904200323496
0.2854657563340139,1.3343465680813433,-1.0376071027146467,-1.1761042056972075,1.4403796751792461,2.7306001850269186,-4.211016058103165,0.8710520976098475,4.572003435691275,4.08840884448331
0.3494386340642379,0.4211205566057198,0.1367182536448388,-1.080646007089018,-0.23404594401247114,-1.2149976812448764,0.13909117681052027,-0.19286299183172328,-1.9878591832489123,0.9905430393235427
2.39254046679953,-0.7548004502449148,0.378534743074843,-0.7343067028885477,-3.5690382776152503,-2.6254925060014447,2.951325938790133,-5.31521848468074,-3.700387140119075,-1.20338874768225
2.5829654351999887,-0.3396478299081229,-1.3603985413218362,-0.8190405911836602,-3.431981955268645,-2.246707827198267,4.421262082338858,-5.7497047778675,-1.081074598077843,-3.2972761371921044
-0.40442176920455153,-1.8070909778503081,-0.005173366338607752,0.3080919793466651,0.3602869250689044,-2.284073017730414,2.3350846419947695,0.9312155698954097,-2.904812818841353,-1.4933401820274543
0.3392893645723779,1.0308284597042197,-0.5594077947572267,-0.6440729991382149,0.05346017344468917,0.08658216068773655,-0.7284174293611652,-0.04891244107557872,0.6759844304998173,0.8966232978416315
0.7854046206556018,-0.5654673937171621,-0.645710606288362,-0.10445572761238214,-3.8175603663335065,-3.2279466009167592,4.085880775938601,-3.704103651074134,-3.454883037967584,-2.1074519443420083
0.22347071497067394,0.617232065845067,2.126813950809346,-0.8121174774611304,2.322013249977617,3.5671754189894136,-6.139960526758588,1.2890548997490863,2.806702367191559,4.63685701346714
-1.3984609349350863,0.19774552782514135,0.8615541267588658,-1.5606749500817323,2.1739376048742,2.0416080844697575,-4.902149618770045,2.9181262198161524,1.4881622636856309,4.17481375478361
-1.8863507240118078,-1.3575598606847137,0.6832127309476996,0.7281323590326563,2.1544115382499656,2.0626542684992626,-2.9739486043433967,3.3558541536659234,1.9624632100762456,1.2623586590407532
-0.6331069005642814,-0.769560970231471,-1.315513546076913,-1.0283827823677443,1.9555772207155735,0.9526386519334027,-0.6479431731790632,2.4924542857724177,2.5080335160302982,1.1719007682084763
-1.0110164151215735,1.2006485427125142,0.5388767949206911,-0.2500401562592347,1.8520590256721101,2.4022379649460417,-3.104379140663739,2.3569129377458644,2.4256429701819404,2.177948362245192
0.3946784476396169,0.037437251757831184,0.16166212418924866,0.8062995920006478,-0.42912392042749253,1.1969718624776073,-0.5050802078124692,-0.5799865729719805,1.4026571167505775,-0.40005550000662754
-0.03620936475369824,-0.9657851714044028,-2.1097478188050665,0.2809568676841807,-0.2194737215040472,-0.5446445699548317,2.709022243513531,0.12263578637840197,1.3673209328620335,-2.105274364008475
0.23423961107840235,1.1598407282519048,0.49203691589034965,-0.4710645063354603,0.3303186547687467,0.16756935327046646,-2.1546425574968557,0.230622375898868,-0.2174933937752353,1.8595437790513463
-0.9482957114221606,-0.15073048107751696,-0.4957654176436859,-0.12082243769049544,2.583072918425124,2.014960553680414,-2.2499924694484723,3.063084125728985,3.0250851403344896,1.5318432663241246
-0.0076489200535419175,0.5009754624865721,0.08555096899938895,0.9595823272231342,1.03180875330019,-0.8360725882660782,3.4691040619275646,0.848542500405585,-1.2957850271318385,-3.485999361533411
0.3732247368197702,-1.1009621304025543,-1.5862358089365478,0.9779542365557342,-0.9224844435437886,-1.9300201237454,3.515511156455119,-0.8569313647244036,-0.7439215698127128,-3.090179649826419
-1.5214357233969222,0.8880120903160041,0.14857182317809217,0.10131777143997087,3.177261188247605,2.382556353073837,-3.1857277257816956,3.730330929088473,2.6261791343461796,1.8745168702116932
-0.4274337499718004,0.05635274877727875,1.8850373975334518,-1.5536134498091598,-0.3748036703975249,-0.8210950447890573,-2.1202038649550974,0.30715102875619016,-3.1033148133423665,2.8261761826990135
-0.6200249056452953,2.062544478424553,0.6637901928425785,0.3353156579949636,3.3319486804902314,7.282345753007113,-8.659536588382306,3.0381639704493715,8.245108487729274,5.059838343449309
0.28360991234546123,-1.2805094364576515,0.032527605783439065,-0.6301107872125563,0.5694800281496233,-1.9537295660026033,0.674576910723507,0.21946798159510864,-2.781152926911818,-0.01641590134339347
0.36079674385290006,-0.30580851791088576,0.6005461740543679,-1.522882499146016,-0.6767684277376097,-2.589758489411064,0.028996185752269296,-0.6329333123255546,-4.319340979921494,1.3739746740177194
0.4780290160334062,0.9856606372524364,0.8294494219744176,1.1906134951973142,-1.3056584333241723,-0.7080971962520916,2.2561447475458385,-1.000768196128967,-1.8581504623425054,-2.4862580367432026
-0.7687176428454668,-1.2548572619527139,0.8868268844142225,-0.9511387349942736,-0.5806865710402335,-2.4977277199303787,-0.30474274875239116,0.5314513749223234,-4.2353177529524215,1.1367169324826758
-0.2799525683557301,-0.13912114507748968,-0.18809416046729838,0.3656825798410881,-0.9944251827651157,-1.8179918010156015,4.155503997243474,-0.5117663178944065,-1.8247334535247937,-2.9718627064858327
0.7142457437074182,-0.990377557097238,0.4475160809634233,-0.030795346874888045,-2.5961052401266813,-5.007340632086389,5.443942905920383,-2.7696521024815106,-7.283253085670948,-3.3062488617606145
0.07747070871282541,0.506470037583957,0.23447226316341255,2.02331708860666,0.1792174355681006,0.9687375050396202,-0.49499722318662975,-0.13532571873865112,0.9716976902793673,-0.9519255524635358
-1.040901013007256,0.36877430012095064,-0.272489505214713,0.28685344381513495,1.6591169912936925,1.847111238010772,-2.4310724727212065,2.3142726689309407,2.5667244041178594,1.35200232074934
0.5999292401944591,-2.063789264380031,-0.30783739203263694,-1.0403151338150454,-3.125177185610609,-4.285331956875453,3.0899330246025962,-3.1259123915352878,-5.626848234472189,-0.7652054920572818
-2.4217985333210694,-2.6769181155413326,2.4316655117147303,-0.07814621308407588,3.504136766626886,-0.5366119190780277,-3.1213337403243373,5.222978303291589,-4.008753521386315,1.8565273830942868
-0.12548823133906048,0.5595207790895291,1.2469274100826562,0.4150229725404762,-0.14256842213871285,1.4236170145197564,-3.205797666272841,-0.18678894861058598,0.7868039565488485,1.7829590649236153
-0.0234069190946382,0.563526335544752,-1.4408330007340073,-0.4472224667619871,0.9109884968858923,1.3425771995154125,-0.9347133760055624,0.9482398236116705,3.3097074690123796,1.0770887218086278
-0.4842573167967732,-0.06124810399462384,0.6705040662710033,-0.8205949630559712,0.8788292890808038,0.26293298997362885,-2.4111197065058594,1.324614126342747,-0.5313762319052802,2.103880795447488
-0.823508154470267,-0.27406733631613617,-1.059556818306106,-0.6954030569512972,1.6598351664237583,0.6897681769433709,1.2777058938149901,2.020126168813687,1.8155101442525556,-0.18034999821667363
-0.7513635905168227,0.4771565745074023,2.2711439400785203,-0.0687022681610627,0.28120920857553267,2.1153185092804736,-5.553740005051183,0.7092248026130221,0.3020886530792933,3.5781809074634032
0.6810867692074886,-0.5155205718329611,0.4200919528445597,2.1275546121800906,-1.7516747726372761,-1.7886483272394889,4.5197706109488625,-2.211191131198991,-2.7347109260391647,-4.406928870466842
-1.1934912593356082,-0.7940163717607165,-2.010979059840755,-0.28332294357594334,0.5004657154517363,0.3851587507550532,1.4537833214716882,1.161624287176935,2.759744088598202,-0.5862309759682147
0.14330119322870735,-0.22289850297969244,-1.4726369743933003,1.5165984958291387,-0.27576136885915015,0.3471214196425913,2.735754898921679,-0.17591163261505097,1.8665689644687833,-2.981389130065327
-0.8423891187096871,0.03396213094030559,-0.3759260846597261,-1.4265136963483795,2.544165567246833,1.7788751760097665,-3.3562393254536036,3.0114213789128312,2.5659359082108484,3.4958406857405158
0.2950208453665606,-0.341047150774272,0.9275453160695342,-0.9208157782182919,-1.0024731460995062,-2.915085023804194,2.917246078515135,-0.9387442381642096,-4.783597704980777,-1.1757928412416918
0.09369129457078165,0.7323503153887368,2.9672687612172743,0.05308056107086106,1.315000997099205,2.5393094231516278,-4.6140975529727575,0.49154491763896113,-0.11619537046766057,2.840615694244687
-1.5370860857478903,-1.273759123593637,-0.22693808756789766,-0.34715549640957577,2.6040448933443145,1.8134357412010493,-1.4110812043998036,3.5724440042823375,2.766498269030179,1.112630315214877
-0.6024802480719239,-0.39102416459855943,0.010452908325212227,-0.9988526299107812,1.7015211587913812,3.672426758506,-6.776731707629697,1.9895597270892154,4.730065472718593,5.181032162183785
1.1850829184049496,-1.5255534122395178,0.7220609249047245,-0.5514476326660016,-1.8566540808822467,-4.044139717456162,4.300401195625365,-2.4428568490834546,-6.056003880173411,-2.516096754450115
1.6373483374308746,-0.2689120888257396,-0.9089101815597151,-1.0496651808237798,-0.9540719553128383,-1.4133209543205343,3.985010846648096,-2.6032025281472464,-0.8478822702911362,-1.9310631687364856
-0.5566587118686659,-0.5217717651488845,-1.9382040177285236,0.42933371261678804,1.0476436803416973,0.6696482334757289,0.7021489850906287,1.4440651042268502,2.940874637922092,-0.8178670940470065
0.7714830571842909,-0.5732023319355954,0.9030612484399119,-0.4352170858723204,-2.754444124945268,-2.871124228184504,2.1928643901957745,-2.688750274772718,-4.699202784083424,-0.9132289151478128
1.1999785895486785,1.7880615409392366,-0.6022503095139521,0.37126248819119745,-1.9437395283058554,-0.8754723546246435,1.3999011942538746,-2.3208791597995253,-0.2934657728412413,-1.0505961819533687
0.3338234250097015,0.09242559737439497,2.3553182024077515,-0.08521784174344896,0.5074124937465712,0.009863867525779266,-1.6703151266769072,0.2414760092945403,-2.9303664825045486,1.134844069634024
0.05959267557722751,-1.2413700388323208,0.9279567127405713,-0.2812244459685898,-0.0006206261038629451,-1.2600107348428373,-0.13290230133081385,0.06685706415985837,-2.724636313118004,0.2873210449325769
0.7660487439275786,0.0483185558254574,1.6205330118022647,-0.3243673444761414,-1.0019635204037036,-0.6237343193138951,-1.9858937653819047,-1.2547670570105849,-2.7388002983299446,1.771326152334192
1.3085485458736665,-0.2831957043067636,-0.5501531078804506,-1.010150855217376,-0.6918445895144748,-0.6314545640975806,1.1738650312707306,-1.8298932899724416,-0.2993731259512342,-0.02571091479017043
-0.2218617228803806,-0.8714578652143516,-0.41076778410048786,0.08023478388610741,-0.2165661280134727,-0.3526752092979583,0.6240420573175051,0.17290998466866989,-0.19588733024448549,-0.36065817391550115
0.36359096649640876,-0.9275319682831198,-2.4464084751082367,-0.3163612217761959,0.4038816049519928,0.3657622987375133,3.634443142574764,0.1434467363374402,2.9115733835706195,-2.4196358755427623
0.6920362083579356,1.2075914779798333,0.4881344157103322,-1.1374787949321175,-0.44174853408607345,-0.09154452251908102,-2.4419909823539605,-0.5060142312569444,-0.6064295887792663,2.3888539010454597
-2.367679259556179,1.0149091175069254,0.39054149725488246,0.15390765572191026,2.284540078739217,2.1150017334136226,-4.961605989529001,3.718842900845445,2.0921070280571885,2.990324422368611
1.5361851603876426,0.9721863794878376,-0.3631639118705003,0.9508923594550044,-2.916351125095741,-2.116209930378054,5.008480403723742,-3.6687457168960513,-2.2091884128907147,-3.7167130874958527
1.46345114625333,-0.11795947930448433,-1.3071487199834075,-0.04122986823614722,-1.2464259729586715,-1.2633380407530541,2.4560018363869345,-2.3882971970251776,-0.02711115071672196,-1.6909407238611753
-0.1958430458520038,0.2135835897351057,0.0077178017104944634,0.7369095681673683,0.6876579579165245,1.0703955275623598,-1.6868141966130723,0.7627945638406894,1.4957557296584023,0.6029680220733756
-0.1921241636019747,-0.6286232311292,0.4184882532934319,1.5841181643881015,-0.9143262213762263,0.5754972673386982,-0.20888717494074746,-0.4287104854048941,0.40173923171769793,-0.834589968618629
1.2903362918074561,1.2520379422669539,-0.7926580926365403,0.018809377657594776,-3.463254899636695,-2.744417524600592,4.486770083140215,-3.918888898049984,-2.9033527344128327,-2.4685012690118993
-0.04378669037583771,1.2775137419506628,-0.5848543423294925,-1.1214697867850438,-0.09211324991822059,-1.0222099362464123,1.6045092249367072,-0.07440425234218498,-1.1901397004823653,-0.08719196730992859
-0.9332762324569507,-0.4200259766767843,-0.6774023218158526,-1.5736471775053773,0.9130342764706546,-0.3446619601122734,-0.7698363055739266,1.5226289215047573,0.26504860029954935,1.86141617346961
-0.08599999962125254,0.05138472458189209,0.6003211268116421,0.04352333845881244,0.3009766692733184,0.4937372748023431,0.05609781808822582,0.5118025320583909,-0.09128949220540425,-0.1787740153684254
0.3229553597764425,-0.2531730770694702,0.4058120698267571,0.3772965630111162,0.6729164250225986,1.9502228214348676,-4.030031456745225,0.04692072607299211,2.127544816773856,2.263760791954387
0.996307542144906,-0.8096744151808671,0.40788361115560606,0.8308323025617539,-1.4748198992587005,-0.1200650015507346,1.5431249422833282,-2.036341839717572,-0.694082804489563,-1.6563186839634576
-0.413458974747017,0.646835868158267,-1.8910088141,2.2110615981306383,-1.3165935449132633,-0.23874655816911589,4.5527748526955145,-0.9597900158672735,1.5946894300295174,-4.672769294801414
-1.6729956558678531,0.38305382357574463,1.9990527480635227,1.398282593664488,4.016020380518588,3.8503264816029534,-6.312355032332563,3.9668919968351912,2.3968435797664434,2.547720635977546
0.834216330616485,-0.028076688970964513,-0.6879293136948988,-0.8647439370256312,-0.07860344032077177,-1.3961175815632225,2.744990191486371,-0.8817952499618543,-1.411290524503981,-1.2082522133664353
-1.3683484220236102,-0.3732812112642865,-1.3508516607547374,-2.461349970858259,1.5441657147294137,0.6148873847122929,-3.168933168254087,1.9700546360043143,2.898716944357195,3.6534304864229497
-0.6675468695179982,0.6984809274662475,0.3349103300472586,-2.6891115887686077,2.2999526482156627,2.998096194029696,-6.549794073335317,2.0100092986760956,3.2788341158246825,6.797596097538211
1.2537089826755985,0.9450646312228873,0.8903879804141435,0.01750484215800073,-1.5611155472031273,0.6350196776305396,-1.7017801715238832,-2.5057202100929294,-0.11065029446919555,1.0628450102634814
0.2228611483199751,0.25625441670658816,0.19783823745083967,-1.0132411617413357,1.6486400650255773,0.8667733158179511,-1.019488927928005,1.1171880328822086,0.6281681821536989,1.7031658669956355
-1.0636890393784597,0.8392649228764878,0.6380040904697359,0.1274488388222236,2.2813942457651377,3.1061907903893267,-5.403332819896599,2.7296044665929093,3.291861382650081,3.3807148327935783
0.021023517046149753,-2.4285801605643487,-0.9146295965470239,-0.7788965881847637,-2.750941395142911,-6.296230544520423,7.008916549229149,-2.150981546560918,-7.726705250527097,-3.7489169047232562
-1.1842386551241568,-0.3457873607519698,0.8576210395888348,-1.280350368145357,1.1371072330198704,-0.807533402016279,1.2810912220720536,1.70722664159815,-2.1377601914103677,0.1664997414754671
-1.8470176021192894,0.426001462640203,-0.4908647667436241,0.10846084099330033,3.674715172356138,4.576877682715204,-5.828143590670301,4.69814149861316,6.383561310238525,3.593319007445571
-0.6786365880211066,-0.3074595032037602,0.46329610875644994,1.0916874160127141,-0.44313509279919927,-0.26675840730454553,2.9404422767524125,0.23546472622943884,-0.7459402679533249,-2.6270413366774044
0.7868205398540854,1.1440985799813341,0.08820076060150946,0.34872011507221023,-0.6821714435520604,-0.1766731838964824,0.862884998868309,-0.9548708519640545,-0.19486499021125797,-0.7044547145751257
-0.4100012775668068,-0.1802011859982178,1.8015486717533524,-0.3438966064156269,-0.6583324800699547,0.08479224406397315,-0.95904448661012,-0.06298138789881608,-1.9296071280435305,0.7936563541772156
-0.10219931587280884,-0.14558557908790573,-0.42045311829652027,-1.7620926695769936,0.11868470008739548,-0.85843146629312,-0.1568258130072034,0.3870599650199401,-0.6421164343079189,1.8953446101257543
-1.1700661540767108,-0.23406199557095156,0.40128380886719667,1.5391637493029877,2.3266965836375793,1.8146653164172144,-0.4695586114628286,2.6828633699999433,1.71511108936217,-1.04363198143505
1.4747206848394936,-0.7554527115945613,-0.7434919716980374,-0.9142127379890285,-1.9137607185794177,-2.029785095287831,2.929615301072527,-3.0770215305303656,-1.753009833996062,-1.2428696243707331
-1.4628603235840465,0.07942661489553302,-0.2484451606020426,-0.6547027736399883,2.3308118659763988,1.206705851628674,-2.8310854347902623,3.294447988599848,1.6928325426200652,2.2845038867667347
-1.461143878293442,0.9550560782498712,-1.2624801564601502,-0.2706239193546445,4.096987117169269,4.7515047139807844,-4.703921274473545,4.695120083854273,7.313040672162506,3.216725156654506
0.1612404119487731,0.461032391713598,0.3178860115142454,-1.1246642710522945,-0.09940180558349568,0.6774388220672232,-2.428144602937129,-0.2712717841175284,0.29598499976364634,2.8172892212284073
1.0037289472546331,1.109383787065538,0.5014502594019551,0.2949457383565542,-1.059015945954839,2.203578818664795,-2.831710743398489,-1.8284601025282898,1.909681260762188,1.561794061889921
-1.7446399972360016,-0.7806715376844789,-0.1719967320666085,0.006245371405075174,2.347300014770838,-0.690110310215496,0.5324340600569006,3.667121616744099,-0.9176329581392024,-0.254211588022345
1.382425320655256,0.49769885946875597,-0.1872594610763219,0.3469302804165658,0.11044554473386531,1.1374808792882936,-1.5080688958655744,-1.1725787592397436,1.6669531038517171,0.6040650667719447
0.8148892785439869,-1.3654357803513635,1.6796713904882845,1.283457185056752,-1.9045264229982992,-4.655086642995927,5.869478249925576,-2.9559338797167074,-7.9661758651857175,-4.599824299299806
-0.22180712545307826,0.8874917348054105,0.5033904845192764,-0.09163242291912857,0.47198165057876523,0.966835886915188,-1.5546691006315947,0.6799058089257672,0.9174857242593542,1.123411811732007
-0.10069260876792038,1.8619771088592112,0.02011374333934253,0.7604979843014493,2.1519750560515987,5.255832008060918,-4.691276688175088,1.667650153945055,6.571942457646176,1.9386297269378645
-1.5463836844307353,0.570647804594804,-0.1629172907382361,-0.20536071432792158,1.8581771853445659,2.9703164496703782,-4.1443559232163985,3.012252875627051,4.0768542121164755,2.835186621937586
1.4290463211187734,-0.5213951102052764,0.5894428473827997,-1.0137085423047523,-2.5035952098786303,-2.7995234970117413,0.6082928529391095,-3.310031374810222,-4.409731970156974,0.6106552253740413
0.157156897877483,0.9457929182750865,-1.9260751296933836,0.051763718211489604,0.2826738518726989,1.0237313726303754,1.6114225670316669,0.28207221323201714,3.177990656899711,-1.6171621800614742
0.19877069418356455,-0.30194397631221015,1.2467845415611996,-0.00301685422139579,0.005603216292519871,-0.1593350071809374,-1.2880129250343935,0.020591496853279878,-1.6861829261855195,0.689693229086155
-1.796305345100255,-0.7457893213398383,-0.35674439370790906,0.4932832404913075,1.312009129947565,1.0992017282753797,0.37405420511264587,2.339963786363629,2.071859387027537,-0.3468456888266502
0.21962028805148298,-1.792101748544162,0.06528520127889903,0.9967074986789396,-1.6271726284498476,-3.029071552162964,2.4395501289108523,-1.305230065941372,-4.163823211382473,-2.2121287681377124
0.4913375532694194,0.7760648308748039,-0.3110502037292787,-1.2638136388141232,0.26536054439167045,1.234617004839667,-3.0545038037013894,0.0049169472374436946,1.6200874085850312,3.252499368276989
0.18429503626526894,-0.062412077720067224,-0.2747186984348014,0.3334475115903795,-0.4540478533581032,-0.1202111674730165,1.6507250629132995,-0.40594412871690744,-0.10292185684022563,-1.4314826784234747
0.08097186819759522,-0.9520030979148016,-1.3471042587888864,0.26365428823345477,-1.2985880295315866,-2.9238293688595656,6.317937553557282,-0.9324106523547652,-1.9632132656440138,-4.31368793235025
1.4197115742094406,1.6364093579750303,1.0838786992078073,0.44568028671214743,-2.6290068732901246,-0.590904722707879,-0.24592924849427714,-3.600983627824204,-1.6136633418538404,0.08244806664316283
-0.5866367106536913,0.01279930406090056,-2.558254688480905,-1.348088919425293,0.04370729799187168,0.8644838290494478,0.14156409653124777,0.7069039768423153,4.334305884787941,1.2636468517206751
1.2608437334718965,-0.04962868484277966,0.04188699353386069,-1.306132221224421,-1.201916334707573,-1.0985169143832603,0.9845913277997665,-2.2929288889005544,-1.4669665877177818,0.42861919270968113
0.06473643158107922,1.625527258021295,2.0585365526819794,0.6875465453171492,1.665339371103659,2.9628635645442105,-4.6527829047694835,1.0101828823771797,1.8612900842122884,2.2486566190656694
1.2202796459225318,-1.1863886626393283,1.5043119530808668,0.7187563484736168,-3.6916413779304307,-4.373945346851797,5.369962086712829,-3.5540396869404374,-7.549463684002369,-4.182430497359761
0.15176316329797837,-0.13301165527353104,1.0371996397066303,0.27743546547439357,-0.16074068981214873,1.301336728848454,-3.5152099049734655,-0.5698150582321473,0.7845809791433094,1.9542639820567353
0.2674360467532732,-0.7068033891531793,1.0221660077823562,1.2338820065534586,-0.6776350325674482,-0.9040221676730709,1.3684501251543555,-0.4503839678314776,-2.274469920329304,-1.6674857445040854
0.8288967260234462,0.005293515707528609,-1.6579516890594266,-1.1274671992374328,-0.24976918697315714,-0.8361637245507908,2.432946609707744,-1.079590670102417,0.7191316179994764,-0.6319890197935268
0.053179283693992135,-0.19237077454515436,-0.44812690318350135,1.2128779889545376,-1.6828860403592054,-3.4339363723762335,7.344298075985235,-1.831358473979528,-3.6459267158435273,-5.583514558900314
0.14608010467079297,0.563589021692757,0.14559221460188126,-0.48460610858181846,-0.46702937118983157,-0.49711104159701236,0.22175888802488045,-0.37529002751930907,-0.9357271732858417,0.4153598848622975
0.3849796355074082,0.6554461986944266,0.9509073257640497,0.9938798001313371,1.04698237189567,-1.264891514371659,2.9348973887322582,0.47773243428778267,-2.720616113685775,-3.3088869894947224
-0.6402023356025969,-0.05377958071670348,0.7224406513818208,0.44694442346884483,0.30413342947112226,-0.3124150080753308,0.2703254572076912,0.7018643770108487,-1.1810332765244023,-0.36955544777133015
0.23498443958581836,0.653037791553742,-0.7253417080920893,-1.2386369114801474,0.9710579155366015,1.150085430537345,-2.2444773173692343,0.8926805061777586,2.0542740302762073,2.732878562631194
-0.2483938336116804,0.09949423099112434,-1.902495381236752,0.6929243000188019,1.179635269604335,2.6419966540254007,-1.9886439964252343,1.3399205955670432,5.560761049226375,0.6951917421713523
-2.083859063350655,-1.304341385874287,0.52789154565841,1.744526435412266,0.8218832772463416,0.687298171653394,0.26966300870493065,2.7141299171252706,0.9040162056174943,-0.9922940194295179
0.999770716255139,1.4450331094669544,-0.7219692335890978,0.7640001889647113,-2.0988417593554676,-1.576892668732318,3.2218867663272834,-2.443298909078697,-0.9956637297780782,-2.3668897344930224
1.1773571263133158,0.845985137070775,0.8740481163395427,-0.08365065374254699,-1.4551321011932596,-1.22543686501127,1.0729442688841817,-2.2433995957348243,-2.5581872864845425,-0.4983449722348752
-0.5186610733250365,0.918497438138076,0.8364477054956354,0.5125094715305588,1.4580956975332493,1.295456180700414,-2.3574312311066774,1.368192678080028,0.6591899305434246,1.2499369641040103
-0.4816990156345029,0.5932137018680361,1.363348631706491,-1.3579612031010302,2.132314818163504,3.440361441269752,-6.987043010782209,2.0724527737344762,3.1626751509648456,5.625829521850369
-2.2628609142573914,-0.731612688122075,1.3365444406979037,-1.40692391777148,3.7161637033240233,3.998088438926758,-7.12187888167158,4.611138906336632,3.5165575763683616,5.077132899683886
1.5299034685940605,-0.13857002145912045,0.5062280939309054,-0.8554473623581578,-4.235272992864641,-2.4509000047993257,1.0062748041029348,-4.962633343286641,-4.014136244448853,0.5846293969659158
1.8899943578071903,1.1136137634636885,2.803560798302823,-0.22969616672672272,-2.3870326316080126,-1.8326772231839092,-0.30377765532347634,-4.113480695793618,-5.490404862580105,0.05084525706039163
2.0037333384027995,0.9135526720147398,-1.4619414032702822,-1.4614090299262634,-2.7259300065758376,-1.4935630013149768,2.3225340115288406,-4.3018212744587165,-0.33335716598137066,-0.5413723407825459
-0.8373836792070868,-0.08493751506624839,0.21335949603035398,-1.6883490372298302,1.0039972136576616,1.3236721729795502,-3.76226642419353,1.3512003686181442,1.489328297224752,3.8676532234346994
-2.027038396098843,-1.1922319612515957,-1.56414416320976,-0.31349627451265805,1.210390805051539,1.0338640555838394,-1.870454610683294,3.3891820108304596,2.8162451101924586,2.117579517439356
1.3409789399916336,0.7176669873415652,2.2766066373178298,-1.0748969895917624,-2.345214033914469,-2.0075313091771516,-0.8324078145122468,-3.2448464333503795,-4.840346101542095,1.1089759005840643
1.3041895559281451,-0.023912259021748976,0.6396648050521796,1.5618618972385756,-2.6486184310746888,-1.1654026570601392,3.732404942678736,-3.267866497946924,-2.2413695343637885,-3.5765138346444107
1.7376631068633588,0.43938695883662077,-2.0976269195536372,0.7817804473014118,-3.6999131358976305,-3.2977695135242184,5.676984903743575,-4.745894808943758,-1.928909105364234,-3.9555285306359784
0.7478966132586975,-0.48504602229521304,-1.0909721670728276,0.9373030247565158,-1.8874044014909865,-1.1959312587255297,4.847666634394973,-2.171342724239492,-0.43221473166935453,-4.050376798914851
-0.12361393384594119,-0.6207407974095509,0.4778463009759788,0.35982310489510155,-0.8110694149941938,-1.1279019743077987,1.5681978569423418,-0.3304667678811235,-2.0242334307212113,-1.2459240564813556
0.4896008453034334,0.7899005031347159,-1.004544653269831,-1.1196631433113151,-0.1565174693803204,-0.16002299905447376,-0.18419927651330928,-0.3534736815306454,0.7961219972795386,1.0743472827139382
0.4348580689790099,-0.17716635015211366,0.7592232635199613,2.05616208461327,-0.9584905743831382,-1.5953298521548185,1.8823214382898612,-0.8895119930427156,-2.9807412557964077,-2.5586072830620687
0.6654849166637893,0.07925810184008371,-1.804064556667237,-0.9484554130796415,-0.5457999314018582,0.6761468536340232,0.38121295025303714,-1.0628405229688282,2.897527268179724,0.6294783802539047
0.7372253574917584,0.0969112019216449,0.5205181181531132,-1.6486281443399586,-0.31582031255004006,-2.4108191797739456,-0.09179957425692514,-0.6568035179165204,-3.8022950301803355,1.6684128732475065
1.2260734561622424,0.3534259440407126,-0.08187761498570256,-0.30153948009675674,0.5164591012923566,2.1438446032051,-2.900230709963265,-0.7321859969467625,2.715580732281387,1.966850323357222
0.48738870065532913,-0.08198426832659811,0.0836249517409506,0.2532688806263373,-0.7766135788624504,-0.6058526637773812,2.3798378824608144,-1.0306369013798848,-0.861666566902737,-1.7587764974185751
-1.6318584523314152,0.822030509936836,0.6420322125144861,-0.1801752180827455,2.814149113943873,2.295760351601413,-4.857468967024219,3.5387891608879487,2.1810038467025783,3.264446524233594
-1.8178909781495658,-0.8846756254524981,0.6178410271817782,-0.3071003232078236,0.5073534782991302,1.2612962309266207,-0.727447019801254,1.904294331557917,1.2003728271534595,0.7646801788887605
0.27144765549971966,0.6144041340231142,-0.1835846967701034,-2.591823229539158,0.38835076957509945,0.04995702726173074,-2.5814284784581516,-0.03822191787267231,-0.02874714164859224,4.173822475803924
-0.3290661881451764,-0.46531976300520195,0.3297888221504632,0.30974329064302913,-2.139378900353034,-2.772583259341149,3.3850772953925565,-1.5998366494019194,-4.012265951175876,-2.182314631858631
1.0002381783029066,0.4292505443423757,0.5721437954070907,0.8456611838413514,0.5033371499732279,1.671206927613989,-2.7633175299267143,-0.7749952614231018,1.8726429020354256,0.9559253864913856
1.4884829006352462,-0.700385223342944,1.6843357957711764,-0.910408792968797,-3.293740668868499,-3.592193010207629,0.9569169880708075,-3.8888258401306053,-6.653985876074185,0.09218617206768333
0.46215337994379924,-0.12202980031626387,0.23839961535216236,-0.45804231560593744,-0.24831561817935163,-1.6833592870407756,1.1596308334487788,-0.48767474098278685,-2.6062521008633026,-0.39539957698438133
1.1192400323462217,-0.9886234490507491,0.2775287716729116,0.19170321856134956,-3.918997495638802,-6.329381452336566,10.665647200572915,-4.801917430324612,-8.705971956380967,-6.85366700385402
0.33946025851586725,-0.7597258393649637,-0.13089064605890768,-0.44328913159771527,-1.7641912504770927,-1.4625512903190243,1.7429385938775674,-1.72560618314088,-1.6217436604695725,-0.6542851497461164
-0.2614129435573975,-0.6964530288213212,0.14337038824368656,0.19270220837297114,1.1228819426849768,-2.4929533653216667,3.9381786286263716,1.203976460607464,-3.4805112993855674,-3.7246240242898816
1.1600636035009837,-0.8491667511928985,2.2217212062936587,-1.288266850297327,-3.252486952552963,-3.474089877874804,0.2034378073102474,-3.498201535529221,-7.082195592206041,0.8342822245005417
-0.2823992919205238,0.4673849728800528,-0.27922725136157656,-1.1489249097897203,-0.00030125869843373315,0.7409231113154223,-1.2878352299602966,0.07320133294989367,1.3895375087488726,2.0339106543247465
-0.5199740441101524,0.8088765494531448,-0.5797879060705121,-1.050137685783239,2.5348369768705985,3.44649547392433,-5.515226105384652,2.5015522664296252,5.133389970186887,4.594395357293297
0.030971565927475086,-0.5281357579260287,-0.7912489900872355,-0.849372826172709,1.2398214735704,1.7889492979084445,-3.286275827736401,1.4491013340079197,3.1105773862909403,2.7908583447444006
0.42367777498542325,-1.827787283483205,0.9993131230314839,-1.2165127529214084,-2.660481057971802,-4.873533434882634,2.8455201301960664,-2.3339716882472428,-7.829252660170818,-0.6960574632104639
-0.9949471558826647,0.6206812862295233,-0.9488888294732991,0.09746813637752333,1.0177274289234528,0.10624425926692488,2.049348162119643,1.0247201017645078,1.0908683323218458,-1.6267908080477391
-0.7579457367991261,0.366087267231329,0.30095393610627835,2.2431565239498257,1.4484433768993161,0.3551770956085612,1.0911081956865025,1.9376130592706784,-0.030388140406158573,-2.277336874279327
0.27074919616475085,1.3195217482689012,1.0579257292968516,-1.9151871667338782,0.1711440618729577,0.3015734123941388,-4.788235035110323,0.5970208407717214,-0.6964137437252556,4.799691365469908
-0.013393219033491353,-1.5137984672487377,-1.401260417406033,1.2989716026334555,-0.6243662769552925,-1.495739922816928,2.7197628358029826,-0.0281603671603326,-0.41811039915584497,-2.7781080244541028
-0.17745338363371246,-1.7994461476891563,-1.612447832394087,1.6888213527746538,-0.6460422982311054,-1.5098486460335112,5.143462069155625,0.14361576588568634,-0.24099252939435772,-4.553054655462122
-0.9972694557864709,-0.1965288717240801,-0.06653205384110093,-0.6332110203114961,1.5285421620302744,1.7290540871407902,-2.277649984318013,2.313480759064868,2.1407704595853234,1.8468938904250347
1.1417549305620212,0.42155830582991893,-0.7632165953148975,0.050645050913361404,-3.4947719307403866,-2.796523216225803,4.894592865221544,-3.8470717408210913,-2.7499002547934075,-2.8681883966824477
0.0422305879746059,0.3720882110039199,-0.45189804921949733,0.4629422222725382,0.6261083807238089,0.35669036469905585,1.7327472555600594,0.6690493084942161,0.5615113673795831,-1.6519554216224608
0.3947346060574598,-1.2392107476491048,1.293571867806429,-1.2392604519813006,-1.495266896988046,-1.9731858520765393,-1.4962056922817253,-1.420920064979203,-4.221411249643704,2.182297335568741
-0.030548504796377274,0.43748904743734335,-0.9402401287517492,1.219088725286625,0.18447672680301358,0.4683230223081122,0.5869960288642485,0.06889855225228902,1.513108475556156,-1.3657711007046172
-0.7314477914216634,0.09686404816762553,-2.039310586412447,1.4745576323101028,1.0296016339033507,2.250190304232272,0.44453730058315266,1.2887766838223265,4.774604452620069,-1.7947145860860547
1.2471151065814923,0.18793080901813988,0.5372591843414373,-0.2998236155455065,-2.928848272394206,-1.349645845946593,2.0266141698743176,-3.624016513638627,-2.354799700121881,-0.8632486308566668
1.5630211599079222,0.19757184939341904,0.6682719405700834,1.7005923673208745,-3.008051180225549,-1.9268555052491925,4.680870729927275,-3.702055752171608,-3.3647477951581823,-4.221282329804179
-0.13829070698220008,0.1087451164611399,-1.0761204147956223,-0.14158983438630604,-1.241847945970084,-2.6257810054912873,4.149633458172665,-0.7638186570196461,-2.3345236964708254,-2.4903971565025365
0.9253182385043306,-1.0063014433609145,0.325068340236669,-0.1575882707632867,-2.4212160367446596,-4.5705111103230065,6.655225436524872,-2.900399531406395,-6.272413869570848,-4.0673284460160195
0.42506859804208175,-0.40310109325424354,0.2065373369244823,0.8934923464824243,-0.7998193066086775,-0.32828534392116265,-0.4507079180546357,-0.901002758492873,-0.620944175625076,-0.390893718299997
0.15398000832764608,-1.1784499214191515,0.6987506507601514,1.352092549507479,-1.0424550031656679,-3.0710009089330224,2.2882390582333345,-1.1676261445819072,-4.980694743181534,-2.2775812435905576
0.38491773274694174,1.1453027430910026,-0.4363177040053687,-1.5162560171657877,0.5766031631260384,1.2869591173442942,-2.4638560051283576,0.1618857055736214,1.854731255950413,3.3779990580520365
-1.7007200188972251,-2.702740704854177,-0.5381099853585912,-0.2871846604094301,1.2019899991052536,-0.2925982173596795,0.11205109741411282,2.796470214419343,0.7765655634457647,0.6507584911632849
0.2871510231263916,0.5069116186622004,-1.138086763446792,1.35209101929805,-1.1529265264261237,-1.2208426788265323,2.8173974624443,-1.1468805109807674,-0.5045034689251605,-2.8451886892629603
0.8100612334100438,0.5384874255576163,2.944974210946324,-2.119641456862598,-2.768043524029545,-2.4594353403360945,-1.105434163018979,-3.27254064943113,-6.183896731552974,2.553217168338558
-1.154094968968392,0.779103302290709,-0.6035529839086954,1.547636434597676,1.2422669540490878,1.9952169170073906,-1.0551499689649542,1.9749170938726088,3.1848537131736308,-0.40844948157556
-1.0114623779692513,-0.570461626482336,-0.45172192983782467,1.516067882677859,1.750307785688595,0.3913044157764836,1.631448084460165,2.577616696357869,0.9809065838870408,-2.1938049494165637
-0.29177092808224725,1.1029612963417117,0.6592774068161694,-1.4348268185915491,0.10802888138488384,1.4552922483927322,-3.989918237759442,0.27097582062756176,0.9764585141778663,4.055134140514366
-0.9843306043500201,-0.9252995052529401,-0.4694936939533945,-0.3920930138483707,-0.16224672681309626,-1.1508157691108862,1.001129727786703,0.5272287387885658,-0.863935332999298,-0.08651203359574841
1.374117245369249,0.3901658764020039,0.7656516781613794,0.10836657185371218,-2.947669385998651,-1.7500538675767277,2.1479669069485885,-3.7768008049740645,-3.2484365880694193,-1.2783814204900448
-0.1106385759441226,0.46158548344138767,1.0721140430552576,0.5113885974416433,0.7309477740891256,1.9639878695336015,-3.5143289030814264,0.4912171202931849,1.436182681329504,1.7254440313768913
-1.3543609487605215,-1.1952118720233598,-1.7106462518585082,-0.8253546621052749,1.0213337767199882,-0.8248865589995845,0.8883570557037038,2.024378746269489,0.07316679675278057,0.43282230550519724
0.08722961228489515,-0.7502514959007788,0.7140497449878196,1.1654511891211838,-0.8791705841240456,-2.0680269379318785,3.3215540187310997,-0.96261092926297,-3.363539451232133,-2.881887200087296
1.2133739742006613,0.17083966375333723,1.9273666678581527,-2.09540642133686,-1.8392309894339998,-1.9113362603128239,-1.148581073754363,-2.4120016064498384,-3.9123448230071665,2.1141383148787747
-0.13089649198844786,-0.1778966441529692,-1.8722221095095355,0.31733108793882886,-1.456820159399028,-1.7923163234330974,4.8930332767836475,-1.0649231001625383,-0.33786051278811907,-3.4979537147505195
-1.169769481129571,-0.0183205438894588,0.8666001006133693,-0.9031817546023599,1.667271606726299,0.5976208050797963,-3.709850193419309,2.4336246480046078,-0.4107930841289067,2.9631739007451356
-0.8518127569602132,0.8520876518866777,0.7183513822824399,-0.4146071738728752,0.9028482353183244,2.0135123840699545,-2.921272812517593,1.4804688946624147,1.7609073554606642,2.202628098719848
0.9859314369071307,-1.154995694725577,-1.4438993405974063,-0.3258287303856611,-3.5047693728601557,-4.827226292094789,5.160879363283008,-3.6222170708336785,-5.011011905519115,-2.836187425752926
-0.16164665898311634,0.1294327489956228,0.22302661841276858,1.104260845610204,0.2621548277883764,-1.0757352852595274,2.8131190253158973,0.3503386300039153,-1.7226190147064846,-2.549576572411883
-0.8207485262609266,2.2188753333326217,1.3672230652179598,-0.4287295237416297,2.737062919010612,5.958919463278334,-9.006773980603864,2.575619478726966,6.148142742075282,5.912989935965621
-0.5042984457657608,0.2953937567003137,-0.8487996259979751,0.4581362832959288,1.1813380451443083,1.484777970900832,-1.4714714690439479,1.5392530865073304,2.9450051681450717,0.6738668605086138
0.8762143536151037,-2.3618482150467113,1.5580983218771152,1.4760007889545463,-1.2877756790958506,-1.2665500765481497,1.0450678360032588,-1.5496515259251837,-3.4420036499041498,-1.8300847250548113
0.8951228759146613,1.3345727731128976,-0.7458972783470048,-0.7100105304125155,-1.9910428243418794,-1.4474037475684607,1.0033138447510437,-2.334970831985252,-1.100936718662364,0.05748005625218376
1.5141155697016082,-0.562023231751599,-0.3952490820584275,-0.473778851138781,-2.318008550932584,-2.228167416647748,0.45515803176813385,-3.244873393465193,-2.584769561305324,0.23189800837381835
-0.7348085479569367,0.23856711548778725,0.8648090747379975,-1.6428567729107497,2.0437932421768537,2.448039044515468,-4.416556989762601,2.138018788724528,1.8761340223585858,4.32743316989175
0.5422406346070171,0.3238187156104602,-1.1108633775823844,1.5804496187182702,1.2848058658835746,3.06266131342222,-2.306102810939447,0.49256317276854367,4.916869914376052,-0.14152223304832467
-0.0018370957965748377,0.1325271967575425,0.5704741634885108,-0.48872772198241915,-0.1146024663211149,-1.367617410196808,-0.09862462551079751,0.07091451311813235,-2.5289837593357305,0.5662759467550997
-0.2992569749855444,-0.7563685003775563,-2.097277463933987,0.990960984808499,0.4585105547152006,-1.8995910491247143,4.241761829626427,0.8869128617961156,-0.4415796411734269,-3.407561235577549
0.20099930145726025,-0.08750511041076713,0.9620368837312459,-0.40432181954908586,-1.1299487030790918,-0.6452369454742444,-1.3708196230475773,-1.0097304886297838,-2.028364750762069,1.2704621435336456
-0.26222297429055974,0.5555566568413852,0.28623819465769174,-1.2915520269527012,1.0161342034109901,2.2541315127968033,-4.730839136968327,1.0298590554592315,2.416887767956854,4.4740177336085765
0.20472520135304423,-1.8093512802541973,-0.16095530216076223,-1.983859798275098,-0.7423243618600206,-3.1933657406259526,2.0080047582195397,-0.9638440367606566,-4.254586152943195,0.5052261951542
0.815905654598438,-1.3012826165456703,0.6692451061482335,-0.7790649619181188,-2.44924114696116,-3.505191349560965,3.0423483009931154,-2.641295268762791,-5.340776955821824,-1.260990168265453
0.15478504415382552,-1.0708862854732015,0.6892792970810327,0.6813044830745669,-2.337540509663635,-3.2257166293706576,1.1533603901996072,-1.6562860444565672,-5.542807531221958,-1.0009890115531501
-0.4565878263363913,-0.39515404346637933,-0.7305709018706696,0.45210947720606803,0.4476495279151099,2.0449139684271818,-3.080062868922605,0.9332553265985508,3.3788450870079236,1.585320739584245
0.2341778287290659,1.3174196627694794,0.7446952484563375,-2.897016212217626,-0.15011379018307852,1.0072033786693995,-3.9031515425718353,-0.9742529021515605,0.26430535458063126,5.50851191417335
-1.2729957165271446,0.2158304207855016,-0.7893195713035925,1.2494523326828186,0.7113326754768922,-0.606335185519593,4.1474690944232915,1.4081544531866337,0.20067863585417733,-3.882610190135656
-0.08543138305268555,0.3076361761691836,-0.4056073417829954,-0.7062235239782808,-0.8248105695981288,-1.2636443437543798,1.2910036243252372,-0.5765553356998127,-1.2085712658727925,-0.07836954687202764
-0.5622550427028715,0.6380076503285208,0.025501756721577683,0.016139246624455598,2.6056658508623167,3.8775521346506254,-1.9595506768595594,2.505818061237518,4.670575896431852,0.945382116792412
-1.1332417009015756,-1.2249303239838922,1.162682588754053,0.5611823428714892,0.6670718837203101,0.4002207602250244,0.1908030215020782,1.6416103236477237,-0.6708615903056976,-0.43819501563909374
-0.799926967575183,-0.17972177897205546,0.4894064062642086,-0.558209062748543,0.4546447601489985,-0.14480381626930394,-1.0435675380838698,0.9208740486127949,-0.7041595170683308,1.1349849734264874
1.998612497137705,-0.3029397487386461,0.40604781049254834,0.17964950640327085,-3.615242792892373,-4.181305340559526,5.973309445548055,-4.42984396082115,-5.855802891739221,-3.9873911054768914
0.9352261052218495,0.7011350313416692,0.6433467978379254,0.21750561419085074,-3.0196056305309225,-2.863680277193339,3.237464055136,-3.2019399183522284,-4.646175914911802,-2.032972395661368
0.47107546015435997,-0.5608451235941142,-1.0992257382347888,-0.7810293124676676,-2.551347293322916,-3.8565164719531624,4.241080970272907,-2.4487720326539066,-3.9344225454316026,-1.9676833916727243
-0.4871650133846094,2.487080893820917,0.22974191043079328,-0.3407357567657037,1.653983739232763,4.992430314769664,-7.712606312486194,1.5723257471500527,6.325452648054671,5.174060762916409
-0.3300572805468043,-0.3927302771554807,0.12931812840372903,-0.4119960247512295,1.047214761798985,-0.21545275959942947,0.8977225232006877,1.0895931506026395,-0.8006388143065162,-0.27522039628022493
2.7870298914538214,0.5588356156468897,-2.203513951148127,0.26013561290317144,-4.411492197866496,-2.942416409664154,5.492504043666109,-6.9113092062925805,-0.9860142113636055,-4.594421585141229
-0.7292747137428031,0.680426252217456,0.04948136217998904,-2.4872350571491606,1.2715876757409805,2.2843753649682044,-5.607426735010923,1.2188149201123908,2.6985948614655175,5.979230009348401
1.691720884072991,2.1710778209068455,0.38336559544999543,-1.5378102841443746,-2.6804276869575974,0.04180063816045216,-2.235034852965963,-3.4322089493117156,-0.6221793345229325,2.4056080583456887
0.18948242422034198,0.47196948767935376,0.23895831637625242,0.8036130670002226,0.755630953654338,0.9831771786984592,-0.2845147307623149,0.5447785440813483,1.0103205536446704,-0.39578081986427555
-1.3242052423868491,1.65473209953937,0.20112500201861244,-0.7440752796670136,2.8257342716152407,3.1904351108294606,-6.183057800732461,3.5307354694868374,4.0357150377853985,4.671643283718948
1.099459379703648,-2.4927516484402856,0.32579541984526034,0.465416690087995,-2.015031306488175,-3.0803208611764767,3.3245989720376032,-2.5603568602918667,-4.61957537147882,-2.6010915106410097
0.7437904226070391,-1.4936289775378278,0.39939931151490154,-0.2965268846585494,-1.289540225220093,-2.723615619823649,3.00190479518225,-1.6830551837175367,-3.9939393574242614,-1.8669746738072923
-0.5399317629731951,0.36631503838203605,0.13385232449583706,-0.736908219092585,0.6954664458388686,0.29005182325449547,-1.1604301845398346,1.1200095278651385,0.29257867877094534,1.2542915198289426
0.40097858216756144,-0.7797794299969485,-0.1744817595818792,-0.5723647452262624,-1.3157899589665434,-3.8283645890746527,4.461589275551165,-1.3448545550264497,-5.054901243329034,-2.353062353176534
-1.446853889487906,0.9630182240668832,-0.4419800950056373,1.5089012486860403,2.0322071275634155,2.172066499301134,-0.945616976704696,2.7510342001260053,2.9884056577727494,-0.5978983530082506
-0.33704324015344045,0.08534953503678469,1.6937997257109028,0.28395282031797964,1.2480062256207414,3.0257059229745127,-4.026022425632524,1.1639626331819533,1.6273755482035783,2.184790427127102
0.35738756191040655,-1.534517547009253,-0.646652864367353,-0.4301468262314801,-2.077444692618576,-2.5479476924899354,3.914716815695228,-2.0601643442284145,-2.544386842468638,-2.122605011368817
0.6405242670897888,0.045971575553944474,0.5240351502985662,0.1146035306825402,-2.6041470393093924,-2.7007085324727265,2.093848219046946,-2.370714740130897,-4.333119231440735,-1.1307476987492855
1.1061679510954623,-0.08124726133770485,0.4835899016644246,0.7028133600221016,-3.0912858573515325,-0.9839493742673955,1.6803240200619902,-3.4398747398364953,-1.9816781974803492,-1.3872073846012882
-1.761997286443211,0.869940501774452,-0.2523929282742119,0.6572615362777757,5.051929379119049,5.558126055672313,-6.524209615210954,5.906044790150796,6.859217694551011,3.9300783022467813
-0.8816327295637045,-0.16641503432106047,1.2859765756813957,-1.1589547779574643,1.9090117223904612,-0.03423743398812886,-3.0714207674303506,2.480507864458787,-1.6132205793256573,2.7385659501732222
2.4305558144394532,0.20350268900677565,-1.1003186882081126,-1.7618080866208994,-2.8550835541779316,-1.496950610340159,1.773130065922722,-4.921221716479847,-0.9189771229718022,0.01832554693594425
-0.14094067519502868,0.24946899149592688,0.2743696985662409,1.5588127838978216,1.2999041710297712,0.56916136175074,-0.8110598734981146,0.9181541162335425,0.32256429864607905,-0.5554526872344712
0.1448254937083375,0.40361390082244847,-1.1890722931738924,0.20802956546112164,0.4976186982806184,1.9892403206285296,-2.602075349898661,0.4589243926292532,3.964284803014185,1.5231123388839196
0.37222139171590474,0.1601705840920875,0.6515216627344834,1.0290316430164903,-0.8477133581687042,-0.6479078729915091,1.3717401954768162,-0.7270481176658059,-1.601395200003449,-1.7016990273727959
-0.4831822401558785,-0.007154457576395981,-0.49908755821608336,0.001820502549170315,2.192572339786639,3.5043150454677123,-4.547664797784034,2.2187799493834914,4.984463852864559,2.8774906171766395
0.4085542839258749,-1.1648291033746572,0.40888539206227786,-1.0607111683273178,-1.621511882620553,-1.1266498146499426,-0.2792280165283024,-1.825261730729854,-2.080045068682186,1.3428646416927337
0.3559179410537464,-0.33793415617080985,1.0610303650454467,0.38060373059369307,-1.0496616943747228,-2.561128253545565,1.6114353736289087,-0.8853401487756151,-4.616556806300015,-1.3112480060652
-0.8522785120871386,0.8719536107685263,-0.7307567868900158,-1.4410768947454358,2.3362257683187457,3.7435204164317266,-6.688888564657945,2.6494142744422304,5.822976787292262,5.872356462464791
0.2357359317885583,0.8025386899274196,-0.36549404984497075,0.2198088947270998,-0.4655613141873923,-0.149195665902311,0.8257613742684036,-0.45244920069030226,0.3395974316886566,-0.663145127653745
-0.36025230657506946,-1.365877513774608,0.6568912173333745,-0.43373840136513586,-0.18600747875601112,-1.7404463928060407,1.09310838379305,0.3326156386943385,-2.9583438725989506,-0.1941360717186047
-0.9199810503656966,-0.15761312317602702,0.16605793405740352,0.13554780897874022,1.0662196921702953,0.09924603113223679,0.9560668146050876,1.6855304449960253,-0.27408727746349043,-0.6638997190520781
-0.14221202379664488,-1.7489119659951058,0.2299071971281345,0.7583980555503586,-2.3229057205478814,-3.5794665550858977,4.77887111725107,-2.072586934825001,-4.872923916605584,-3.4900359230326425
0.6062763294065391,-0.000557769454887563,2.1505007316435454,1.0911621142461012,-0.9777635772771688,-1.8138903207317785,1.2680374310818077,-0.9326162923733841,-5.289127129815469,-1.4442317907708473
-2.9851681916151747,0.37833388970785947,1.3996092673057106,1.7952570056064292,5.323978554142214,7.091737776298637,-8.278961406969422,6.911928926821643,6.407040583025672,4.473360057273796
-0.5195794580158873,-1.2049301891534971,-1.7111382317118884,-0.29491388161115795,-0.08048332329200195,-2.9876960995316337,5.670304870459601,0.5486479153051413,-1.781583793649001,-3.2739911390479
0.8820926791502813,-1.3196188771244983,-1.4011691527646915,-1.1021155819777113,-3.8473394868194886,-6.019146533872105,6.802173567872527,-3.92447459862311,-6.77117993897394,-3.239790051974239
-0.4271639239501933,-0.5170265118762704,-0.418618408451352,0.25515862498326775,-0.5999494281354961,-2.170364708471346,4.387833870908318,-0.10701810737679823,-2.0054738278224793,-2.9857759907839463
-0.9323928621137318,-0.31743220959194535,0.18157806821592776,-1.6575555226890402,2.7458434027774,1.3978534485233898,-2.7188950801594074,3.2664138128466353,1.281882157545596,3.0731066801649867
1.0056340722132457,-2.300486600592493,0.071134655546958,-1.23966786429819,-4.259250086760127,-8.231329511994279,7.441111981754973,-4.170098250062067,-11.525182395193932,-3.27793754775483
0.9999295691355969,-1.0858979276562328,-0.6794231644137665,-0.4825506248862294,-1.845190404182331,-2.000277986313834,1.5129801779364018,-2.4364476939515383,-1.8641855995074095,-0.6329460512020322
1.1386629101883192,-0.4191068025433941,1.0988444017373418,0.3120854404561733,-2.8844738947207733,-3.2644041573212492,4.071290985664698,-2.9810934010235868,-5.500629443166975,-2.9610573832070117
0.5332610726459811,0.15384641923427242,0.21101619793496296,-0.04211203931816395,-1.3413475627925175,-1.478567812035278,1.2224718577461617,-1.44052203041729,-2.183250626732965,-0.5299438651935903
-0.06993441648333598,-0.04887921512819687,-0.26914990203873523,-1.0895805420805587,-0.6251681965884458,-0.5318622702187571,-0.904328561596577,-0.21081013617752026,-0.4714059088054674,1.6622604288275613
1.3623950483394627,0.24149827448846004,0.21135260280833748,0.7314667839723249,-0.058425399117119074,-0.6720218877104149,0.35819909265985483,-1.3035893211436198,-0.9691048597208729,-0.6874369415998334
0.202682121904051,-0.10791592534856492,-0.6727452223051189,1.1140886681501156,-1.8375321727210339,-0.43745647281102723,4.203281724334332,-1.7395452434666683,0.2843948889446195,-3.8607102192049148
1.0821157047079115,0.018837338706321094,0.6411233642097759,1.377607500994288,-1.2731847318956904,-1.1406724921531701,2.8111576545542145,-1.935452143844144,-2.1065402332272245,-2.8022678907612
-1.0999975598690743,1.8709635165795635,-0.1405408202985397,1.1007731818732485,2.7580900762869103,2.756849997397636,-2.344514270232377,3.253283150374185,3.3826454569971633,0.8243715991356182
0.09553945983134696,1.564846670274544,-0.3353350791962496,-0.5400946383231631,1.6638063533429404,3.501091811139884,-3.83567726650402,1.0240719472942414,4.914928106905115,3.0072470416833346
-2.287156479432013,0.9790703053423089,-1.131199002050551,0.35060881026419777,3.7751728676522602,2.8966072681140353,-3.345768554842926,4.924786723505751,4.726556259617792,1.9271074009723306
-0.835970470320361,-1.1221407694682413,0.009430968167779531,0.3070585354330011,1.6795984885391286,0.23398287194569709,1.6499838159281137,2.336781765255501,0.45813742330772805,-1.0932610570220345
0.47032216446155894,-1.2477021203302565,0.43051306155443064,-0.08349510270714672,-1.7199712191545253,-0.014878216611596242,-0.23042227157628112,-1.9440029525631313,-0.9731144287394329,0.36907894601010643
-0.8950299661391068,1.9617083208370982,-0.4948312561543999,0.8015028951428798,2.3417011075421352,3.7473365589031484,-2.91779497853998,2.8586944146242668,5.271835518546493,1.1855227189875397
0.1348502838843018,-0.7581293957536278,0.18841067126060557,1.6329999749548907,-0.8210810460661214,-1.127798297810917,3.051539016960607,-0.6824488628807119,-1.600115492133108,-3.0690621346699296
0.11055588686170353,-0.2558408342633016,0.3565042264465825,1.7863569363195027,-2.1465692274268644,-1.2996429351647287,3.0845110322520215,-1.6392354927841661,-2.2681320858985408,-3.2589339734943072
-0.15634181824250482,0.9797730648094485,0.8742387859737547,0.5523237789940069,1.725048690782885,0.9614206953005688,-2.414563711510736,1.243303063043374,0.2721677470479642,1.3676442912002496
0.6612504364743506,0.41810641531476944,1.6017092635997507,-2.2551756623935715,-1.1222787575909647,-0.8752814190909798,-1.102300516506201,-1.2781568968418928,-2.5943464287710185,2.765556637911663
-0.06811882384726384,-0.7555011035728325,1.6940831684171032,-1.7002729459177655,-1.5072019422381449,-2.1430951787359747,-0.41560431712106916,-1.0178528413263672,-4.698960881065518,1.822734927766331
-0.1395552032941766,0.30462158788825283,-1.6562266109270816,-0.07122357084019365,0.12185079144830727,0.5414466993914067,2.840913671099883,0.13747619677669373,1.9860716523211883,-2.2681135841792694
0.7143094664310474,0.4792073565437529,0.06678700917759194,0.029464110829952976,0.9774770631976442,0.5691142163821494,-0.8326171467909219,0.23291726409695326,0.6130265752988386,0.46384705902719453
-2.59126171224975,-1.1929880081828383,-0.8351168861636773,0.2811093606007327,3.7250819337769947,1.4985720475452415,0.20502672114316634,5.223916317050781,3.165080350852136,-0.3825723061317431
1.1138931699867394,1.5638639664329,-0.5922308200084734,0.6689435699031041,-1.8727911866608231,-1.828970506077302,3.4393882511525335,-2.2322722063535947,-1.6514861583637312,-2.4799762543854036
0.23209565273473529,-0.326269083512162,-1.3529237170267419,-1.7575064873022748,-1.0790021817795077,-0.7829159566625783,-1.975957290399777,-0.5434170836273954,0.4852337507866103,2.993527654001541
-0.8053704809437371,-0.22584316476753963,0.057061053878012524,-2.4131917925844983,-0.6313422777225416,-0.9594055825448079,-2.094152292385515,0.1406459024787878,-0.6576145169475054,3.2622955045298774
-0.7911885594713836,0.7505540083580703,1.9374217256429898,0.6313100687042617,1.5717824683054933,1.4685146850170159,-3.6253818515741276,1.490107632965143,-0.46314033920435693,1.8002869600040807
0.8669667597600431,0.386909840548486,0.135098636531199,2.139070182539029,-0.6211683665461706,-0.7101394348784087,1.9727915186155205,-1.1383551467296449,-0.9383828393814395,-2.8452251483955715
-2.042266668508578,0.8097275501659689,-0.4994851324761313,1.8741021189508544,4.03309344308086,3.9065114123528,-2.9677394305671685,5.1652635010887336,4.7107072112583195,0.9841002405425486
-1.0726143622688569,-1.334955396512404,0.3545057970933651,-2.07251596313143,1.7825634481260668,-0.15411406132106675,-3.9633043088019995,2.8676052653625566,-0.132876195366737,3.9564089261354525
1.1364528657961814,1.477797576840483,-0.7485213185575287,0.10014460785810922,-2.0752561172753743,-1.43269012296371,2.4344406474628792,-2.709554922312103,-0.989567628543577,-1.3754194963523985
0.6516397751305079,-0.0015821414822052796,-0.386506397694559,-0.99118501156316,-0.41908319605292277,-2.5288254964085044,3.4545546358609776,-0.9245931879002998,-3.240015843443652,-1.4974816460600067
0.08425854013101403,-0.6850372422741643,-0.6639434077292551,0.7065438823894533,-0.5717207246596534,-1.4635376095624342,2.976831111396967,-0.2731813723816583,-1.1820331605417544,-2.459314405727444
-0.47282584664971306,0.30002092424505294,-0.24693251742441366,-0.9611223979008108,0.8919182816486003,2.1169425080877957,-4.479009100289249,1.1613995517181919,2.9632961128978956,3.97784342463258
1.8637565617644354,-1.2540631543360488,1.383870464950624,-0.4481063947129473,-3.4101844159075063,-4.533556624371868,2.2482441348879423,-4.003559256711698,-7.6056952262217346,-1.2159951094914194
0.927225731423995,0.8651716273793316,-0.9429488149803625,0.3655321535227582,-0.2721845685990862,0.23942592168527985,1.2471712612193668,-0.9784484253496954,1.2416259746953162,-1.3612195419360815
1.360726650599343,-2.110421230127548,-1.0432405530837814,0.05091915580294863,-2.6354069997085707,-4.01244468180809,6.026483254635653,-3.450919573130628,-4.126454640698693,-3.975570159879696
-0.8410657981152889,-0.036707764570262966,0.8351439985342018,-0.6079246861696957,2.398434663509577,1.5687223089967988,-4.920003883881239,2.607875071860296,1.3450508923480684,3.797668087817124
-0.45433712162645123,2.033077642268727,0.43191415755671886,0.22259224062892838,1.3230658271976745,2.914008391434248,-3.2011760796739237,1.4131213970167278,3.267682933853377,1.7395245041529366
0.2868403602796672,0.6899572533818087,-0.18408407614536057,-0.09444148323112331,0.169365690488414,1.5713452896177935,-2.6044974466778803,-0.09115881380646544,2.168565284345769,1.715502541856337
-0.6738278519276283,-1.0154437544922372,1.0879924967543306,0.6663509338029305,1.5987641965677062,2.774281075187215,-4.5539007289898565,1.588920098059842,1.850124274590888,2.130154162696797
-0.7854298883930951,0.5764584691375829,-0.5954568976490547,-0.48503403161554365,1.9789133651003372,3.1466614185874184,-4.695356928933699,2.4101184382341168,4.8428324973956665,3.5224882115909417
1.4977700007200958,-1.3999567427379034,0.07814138419514272,0.5871370708723327,-2.690214188966658,-2.359406052549302,4.50099151555063,-3.5776098801750016,-3.071178430264304,-3.3873196360501225
-1.5496055302245821,1.210925364158276,-0.8911805963589919,0.5979871256546089,2.2312452421696274,2.8545570801205202,-2.8810736468606413,3.3031082847402855,4.763660442165378,1.4049227762638417
-0.7805310589496303,1.4132162483123853,-1.5561775218886698,-1.3359265419732151,1.9964768882393573,2.9313855655917815,-5.873742214661127,2.3211619455118355,5.613418468235952,5.2695428894505785
-0.060184774751113695,0.2073734220551362,-0.5717367021594086,-0.3799207208771987,0.09667990242195165,-1.0567803530879802,1.2996883139045219,0.14069769323199724,-0.9958641176921326,-0.52344135288331
-2.0808204773999988,-1.7143052745214724,0.924433883761231,0.916828221588283,2.158268245816578,0.34209900918812663,-0.043946184530143206,4.112637011695044,-0.2053391207275651,-0.5402275193156788
-1.663983694204418,0.020772020529717182,1.4834914148303957e-05,-1.803767417430279,1.418335589224032,1.104234506119463,-3.2032104309282485,2.2793069555259273,1.4089147955291044,3.1812558145587446
0.09053534330482743,0.19350481004639883,3.3924969988003686,0.34152008367223774,0.9765863830164003,0.411218985530936,-2.239643397252793,0.4195889428068509,-3.8532320863325977,1.2354483684392152
1.650714291918773,-1.3027529398967987,-0.2678534929998412,-1.360562916284139,-3.483184983484899,-3.6044366548134144,3.9351648234821623,-4.561042646634605,-4.423532912227516,-1.1639094857628796
1.6107160705235275,0.15296883907026254,1.576750387954248,-0.38632641800008993,-0.8078194996400988,-1.371889234085284,-0.06433032185432669,-1.9369215999640128,-3.335092031690245,0.1605931598989015
0.4976391933571198,-0.715830364234278,1.9963717820184352,-2.232651019042108,-2.1986329813148795,-3.492832023270454,-0.5045167142687095,-2.3386615858370434,-6.7515138565449755,2.141254887393165
0.7887986733271345,0.598564955579154,1.6292009079911336,-1.0341934764624787,0.38475235165256955,-0.6932157770112514,-1.3784465226664628,0.3403256111182782,-2.562473466370915,1.770126783159994
-0.7798486014349032,0.18770769712347166,-0.4187153215610125,-0.408622367423463,2.1009055476349974,3.768567151672301,-4.988509483293772,2.449074015712538,5.337611292352844,3.54311173330456
-0.9972497784637225,0.45366960293451625,0.952424778132832,1.5962752682674546,2.755925261872069,3.743228236718375,-3.1328275078165566,2.6238860123979224,3.2788930012770288,0.3098151145321886
-1.2172030945669734,-0.7389795485400792,0.35046871811050584,1.2090441941700238,1.366193878662949,2.7136023983979634,-2.0111082037120136,2.1391122744212776,2.4600374562111,0.30599207778263665
-1.007715975523358,-0.3181837820850399,-1.389011677748337,-0.23327223888977888,1.8944302053210376,1.6426488446141798,-1.5157922897585807,2.578076643855383,3.599625567739925,1.1832210787311244
-1.865349694143246,0.7080111356289758,0.15640886437825055,-1.3073969473401355,2.30906297098962,2.1892105457617146,-5.16479745459605,3.557231256133364,2.5857296862554513,4.114715442736458
-0.7315896932194449,-0.5985977531219966,-0.053701081942238174,-0.7149102597726215,2.7016612502294977,4.1804184904904504,-5.131442638327646,2.984282855031665,4.909884555504199,3.770339079613223
0.5333246558278929,-0.4515730732375077,0.3854427471745776,-0.23510074932314456,-1.1037923053627872,-1.63382353898946,1.7967872574121482,-1.277500191169891,-2.38976817137657,-0.9789568422903362
0.34686077547661287,0.5986276436021167,0.30551608935944347,-0.007197925813854117,-0.1701751605008344,0.8175622788351099,-2.0855687975070865,-0.3894761807005642,0.8049689418485648,1.3149024621269216
1.2709115717537056,-1.1118065260962802,-1.2297186984734432,-0.43623689181150094,-2.8288594587540072,-3.34474841182392,3.843013885202664,-3.4733439794417977,-3.0814937531842146,-2.0876363084272627
0.6274413567986351,0.01550454015119125,0.4857776073187236,-0.33729655026383537,-0.7527136088139927,2.3755787312921135,-5.775555762352479,-0.6695426001714864,2.147989970806633,3.9500843124253224
0.1444866382048905,1.2377698181565366,0.6014686690323153,-0.46146929952036686,0.37833182545005983,1.4338877902165557,-3.35900682387188,0.22795742143250972,1.2027804175232157,2.6143200311278796
1.181999292937446,0.13087900207358846,-0.1496719955207214,0.7892413771873075,-2.405829176650488,-1.1420481737025716,2.180602867562992,-2.984563305336685,-1.0219593022364637,-1.8382830978753937
1.831928526591208,0.367996412999601,1.6588044510342586,-0.10831905745474157,-3.3945022820036823,-3.3902291611233126,3.3094420138749836,-4.594984644670024,-6.298611503224522,-2.2048225248515547
1.6720002110937278,0.47544145350995376,-2.1314608385776452,-0.8187650975947595,-1.8642980328586156,-1.8579058637322103,3.2808733361122715,-3.160462081370468,0.08494650774397128,-1.7148104866363616
0.28998684058334173,0.2282558309546266,-0.5786728384563639,-0.36246432153363045,-0.3852246980023684,-0.5034932911003516,1.5702503817234648,-0.5871609546973109,-0.1623520583884626,-0.7361916603696281
-0.6197751614138003,-0.4782035416903085,-1.0054535348042186,1.589219277047682,-0.0716262522227568,-0.5150691550758286,2.705290473142806,0.24127287771332692,0.541321770181294,-2.737576835438224
-1.9911776201583864,1.3029958542839004,-0.09653169664512966,-0.650935876252705,4.673655700470878,5.4333835460591295,-7.283976624496899,5.749387739035806,6.888446368039733,5.278561226925009
0.5226579511425878,0.21726527624163128,0.13817249781729496,0.12491103491347538,-0.40702868204356496,0.8902717291023872,-1.0726851542365068,-0.751344783611874,0.9880159083153068,0.46473306989406465
0.32343062532589106,0.12022099543040898,0.7455369847994138,0.730774556925957,-0.35781150396931044,-0.2965788996360356,0.37702675018082377,-0.3513673649327974,-1.1664401880697675,-0.8200508550865374
-1.6771560479170704,-0.6241496916371387,1.3875207818903523,0.7895311110224951,1.9221619456796717,1.4736758540664154,-3.3164605474666597,2.730670869023033,0.149650578285156,1.414254296337537
-1.0569256600514205,-1.3311719370734871,1.118703656520473,0.28877300526998495,0.8477991635595776,-0.9623811987707344,1.1225061596683523,1.873690855973874,-2.6529216071396586,-0.830283121913653
1.3362905281632464,0.11466045661468557,-0.535838761639025,0.947317561511566,-1.9220287985359348,-0.9622934108229557,3.473385852176517,-2.9264796497308105,-0.4106493226919954,-2.9150718935825797
0.3053723880618959,1.4139475751438153,0.5859817884298281,0.9087126182259597,0.856552196975555,-1.2683999278729245,2.596390203960007,0.3548739271258845,-2.5132841220861644,-2.7745818709024546
0.05595054451577578,0.7697521258655637,2.008132378788494,1.4973610206700059,-0.8777564655588381,1.9487032285350514,-2.940958618473885,-1.1853956684417144,-0.010110889772010648,0.9474652680798649
-1.0763474100096395,0.860362459392802,2.056891371780611,-1.980524132502132,1.9812987877635748,2.442357793626927,-5.7680149032263754,2.353060380078807,0.663126854766193,5.351542201946378
0.7502003961613162,-0.07912788440841995,0.7590305178412492,-0.042053048842939554,-0.5140457847746978,-0.1470835014345655,-0.5407824235806948,-1.1495444646459327,-1.015064241467069,0.4498560343926234
-0.6165011630973662,0.09771737064797978,0.49583293163632125,0.7052936893408811,-0.9507386507420794,-2.1753544613276468,4.471205661778324,-0.4350571199147918,-3.3976421535837664,-3.433902624584547
0.6712517599645947,0.8325889643161047,-9.46962958117293e-05,-1.0787932229764177,0.04304546965657794,-0.5479943470260225,-0.31933797462029867,-0.49691258117262604,-1.0403312508072806,1.1815398990714312
-0.664999023666452,0.14308331817495137,-0.7677215373610956,-1.4293938700148654,1.4213448099671404,1.4409878835657757,-4.2390242296139355,1.8305388292805662,2.8912345746772368,4.120011732512975
1.229626946901485,-1.6997038672464837,2.234530854257961,-0.9764937698850635,-3.4048955005213415,-3.4369917488345054,1.4783757976120941,-3.5977279976684886,-6.947075412667296,-0.5314235358331045
-1.9631545465327105,0.3425080066555126,0.29620238586106723,-0.08346912307228821,3.02249911809616,4.607775995005051,-7.006404358260466,4.2422817099307935,5.659171218714704,4.451885585870701
1.2809463940245294,-0.5740080091299501,-0.13079108092352945,1.3492422090028124,-2.6459565715640445,-3.737212596776695,6.12956129982217,-3.3647681272871117,-4.7063066802815605,-4.826470199289496
0.5808650522976474,-0.18121499282209508,-0.7869922393034955,0.09441389690671506,0.018119412316646592,0.18707413005772394,1.3743910557293335,-0.4310212207837145,1.0509406954740381,-1.3186245021001128
-0.6646093030640938,1.3017138411086524,0.4326695471888215,2.851495926215829,2.3601317508383652,2.1244452029983485,-0.21875120222687958,1.9687020315603614,1.440671049883464,-1.9347742481759058
2.4105578323025383,-1.092614240256707,-1.6797519032836992,0.8035967725165548,-4.132420695911551,-5.9258925170764885,9.247319778252322,-5.523633513916843,-6.2655005464324836,-6.408053023533735
0.13750830054614693,0.7851016809367269,-0.7954689449531012,-0.3996353492510989,0.012867476311629822,0.037873403017831785,-0.06143907413776828,0.0013585050556245981,1.0493229067572158,0.23775405533089233
0.3358319923546411,-0.21482600685301861,-1.3893194733935472,0.9093894458452882,-0.8664967643280093,-0.6961864335178489,2.5283855365111116,-0.9250326554759821,0.5007382081868357,-2.4569188028694633
-1.0311679567611618,-1.2876526412540779,-0.6103077997601243,-0.7832406358247691,-0.3638155619197134,-1.7118062348992968,1.895412819407717,0.5529982658041221,-1.3223472825374771,-0.3210386938188211
-0.211109482205547,0.017066395488053884,-0.13225610490703613,-0.8886573988476791,0.8123242106127089,1.2497519670268602,-2.2105693764188845,0.802659351458751,1.592270991794012,2.409931253201531
1.2713082178375976,1.2891653876570994,-1.3394244160958666,-0.33734873795008874,0.6671104807087381,1.9883771732821196,-1.3436398813002293,-0.5613934538292604,3.541149380038169,1.2611862232487092
-0.9054272958263264,-1.1257459963738141,0.24615603021163854,0.5343242132069035,-0.4038676993404081,0.47982244370239213,-0.22831042893390383,0.4795107921942946,0.3911174796311923,0.05800926203053362
-0.6983350500609804,0.3120448267222124,-0.3964075780002389,-0.834815565432593,1.1884345382010972,0.6372024693860376,-0.023649013456782914,1.4766101088031272,0.9176598619839971,0.6651272287502586
-0.20159552720466908,0.03049137963739157,-0.2706816479441967,-0.8189934481765475,0.42925684405247355,0.8557790604292128,-0.7037995871836162,0.49153154199330873,1.442860167080029,1.2447652032864631
-0.6716377644044574,-0.5560980722483724,0.33935968619229706,-0.7858902070538546,0.6416827994957636,-0.2016273944880617,1.489233836834367,1.0558248471734073,-0.7510436014254998,-0.33814953434083944
0.43423638254696906,0.7165012097917501,0.21737538072893806,-0.1493676191951568,-0.4316563994231686,-1.3039825306762578,0.7168208384756986,-0.4250658713577542,-2.2092129935435003,-0.2118044871145836
0.2345606639567655,-1.4683324012886227,0.9522973258288909,0.3858588786419274,-2.042876777940894,-1.5002962458433233,0.28520929232920744,-1.763138683761832,-3.3694575831459965,-0.5369736066595949
0.587856838213273,-2.1254232862823645,-6.915899083914483e-05,-0.22817870061940004,-4.271998756991085,-6.569573539111536,7.625057024171075,-4.177202106779193,-9.117957460931214,-4.298447012389966
-0.30478054459513493,1.295278174249375,-1.171879210925104,0.275864251231667,1.6028514177204911,1.4213953357025237,-0.06175891676485312,1.7508934785889372,2.839698380651746,-0.27078014789345695
-1.7061496403699576,0.7611732335620949,0.14900180441223387,-0.5080749473139861,3.210271753199783,3.7181041394704586,-5.1151492758759805,4.130928423507346,4.57585643434103,3.590641460877729
0.25389885573431226,0.9274426410958795,-0.49566440975518783,-0.9046458038527876,0.19381862413179182,0.012209318671077593,-0.6304934044180548,0.10814067874254199,0.44635291857284093,1.1926288185406206
0.7948049117069966,-1.6054657898202846,-0.6100010497922913,-0.34320379042346844,-1.2766273542057014,-2.698958540549376,4.222897395840585,-1.7800716408878083,-2.8052168028549866,-2.610373047775194
-0.13006291230257633,0.24512099975719204,-0.04897407416811708,-0.9074498564996604,-0.20362619147992217,-0.4512929155039855,-1.7741131173300169,0.1923637215426194,-0.5247988675589346,1.9692220815056942
-0.5918636392558022,0.24199555464940548,-0.6630597485835429,-0.019984367858710467,-0.3865968308963131,1.7761576414506302,-1.9372594301506243,0.10752045995635637,3.5309051064329955,1.2770959310451595
-0.4847784253690063,0.29599403583490014,1.4354556959741804,-0.7751097947797098,2.7407457298188262,2.143029586607262,-3.8116809040013453,2.385787057847536,1.1022069870057203,2.9864007421943404
-0.7073382396003988,0.6680349255524219,-1.1543820289535232,0.7300939640033635,2.4027630543153458,3.053232727793956,-2.326290329009453,2.5699457795655807,5.218992920421836,0.9398934352564053
0.40362326289089745,0.6842719483779315,1.6093480361425356,-0.37402229679438687,0.057069802302158086,0.18388357562735935,-3.1471169999290365,0.4432591156638165,-1.0274164369740348,2.1953695764276695
-0.7010815241487182,0.5178175379968307,0.8207926829322653,0.507989958849506,2.6793707599111136,2.327044517645239,-3.0130887033485476,2.4500784530342896,1.857087692016512,1.441451340293503
1.2451821460353996,0.7355397895858121,0.3532338333966409,0.03378186419935237,-1.1557435344639526,1.412835595661016,-2.046899429592792,-2.1575951450807,1.2590146072483401,1.1499259664403565
-0.342176648006812,1.5018869369928471,-0.3047483433137115,1.0686593582466806,1.0520410058830068,2.8110172226268997,-2.2687971664345543,1.1899094095948295,3.925094723299125,0.4975835754246131
1.178739903152665,-0.7499718282072307,0.04027096753353264,0.19524605899484954,-1.8922823140155889,-4.175622850078354,6.336640458252584,-2.545132462190547,-5.427359059776176,-4.210886349354048
0.2714288671782225,-1.139321779612045,0.21667955900532274,-0.8354316402628508,-0.46357310679530583,-1.0352961840171426,-0.24485902454815958,-0.6916425150287072,-1.7752671970748362,0.8510724490365003
-0.028068194941285277,-1.5640219806505449,0.32688071156538195,1.516227954031549,-0.5955469374104383,-1.8111771874660183,3.9892003126708007,-0.43132508670827296,-2.511138225871222,-3.5813106935853165
-0.5871811509144383,-0.9627255473658304,-0.04229781252115042,-0.46491931286490545,-2.7355917744652425,-5.513827371195998,6.238735341355336,-2.1774468988350324,-7.457469635680543,-3.3035740475761397
-0.3193368320988157,-2.3277385744284724,-0.06477502956433406,0.07739952294753012,-1.2866858657092122,-2.0716970527844616,1.919031781051334,-0.6016544577172016,-2.6766786075530495,-0.9813764118453967
0.7978743011469498,-0.134643579304606,-1.5029099889958915,0.1787859151296482,-1.1612511999216129,-1.9776765639174763,2.493506405253653,-1.6324679659478074,-0.8512472683691681,-1.7114385547383617
-0.034808377063018134,-0.42940713873224406,-1.309621189285792,0.459549868013347,-0.1877643418707763,-1.049432158097049,2.2528539389308935,0.048380083947933444,-0.1587178052440522,-1.8953035801565092
0.23150992860417138,0.30299291607470125,0.891907004860936,0.23605203700637126,0.3939767755927153,2.0779398203739756,-4.512010782757558,-0.15863918066753724,1.866290666878142,2.7136017107221364
-2.29617099724497,1.028083282452067,-0.32930583514296075,0.1935322924199794,6.258872211003,6.694657581911456,-6.104783992684756,7.481249256646903,8.367406339147704,4.120534928037793
0.1440186708869406,0.8438243204406718,-0.8677187255087119,0.02150108921457483,0.7183012370010079,1.6278872399588842,-1.999655179615049,0.5673568984023747,3.101566087908882,1.2581818680144046
-1.263505015544108,-0.39225236967583527,-0.0054772799861052355,0.16942807460412376,-0.08177066506694208,1.1716719778804132,-1.5262546176280878,0.8140278205537387,1.6193801762790956,0.9289464569134304
-0.6235537780593765,-0.3025537398319156,0.5999322453660719,1.0352475301190835,0.6631175024122565,-0.35560281563012486,1.4663685731322356,1.2885287691435514,-1.1590691116606298,-1.5558584051406603
0.027528116864178498,-0.3883962932042336,-1.0643768812072496,-1.1133594677257785,1.0789684049658155,1.353933819654722,-3.7435634285689288,1.509237921361639,2.8505785998416506,3.4125672302483685
0.014778146936105803,0.712575324637393,0.34064269681424364,-0.12362014615436775,0.5356837005734577,1.8466290060827675,-3.480688348829828,0.3183473725268261,2.0675612765222233,2.413843247539472
-1.0605713831804808,-0.7331612948230788,-0.9394073810435166,-0.9060509440689194,1.4585520814670392,1.001234483475016,-0.6619766026033708,2.2833599463615846,2.167269101002733,1.0330449129777433
-0.033936447875971415,1.4521028276341268,-1.7056302383522342,0.05300064569014778,0.6553480540653507,1.9807257455309153,-0.7952778211728903,0.6781456405412545,4.462446003293196,0.20052968045553016
-0.43740815201449657,0.6233698265911223,1.980462298488227,0.7508979759613863,2.250550169086622,1.9006122045907023,-2.912776325109098,1.6738116821124966,-0.07727044634085423,1.1083869651101959
1.2216203899613627,0.4950793709397717,-0.596467275778206,0.9459541861238641,-2.247427608243523,-2.662916026354553,4.699520071242114,-2.6813376655521033,-2.7838354863103785,-3.5710791623172344
-0.621363465156639,-0.5100873943223626,0.9008083516920454,-0.3738274005643513,0.20652076302601527,0.2560262142704563,-0.8621792154944519,0.7213611060093894,-0.7668943120933471,0.7500736108821487
-1.5966293774468159,0.17321243239784156,-0.470532825962179,-0.5517211971867346,0.8918000168516262,0.3905259465760519,0.8892326716198894,1.5819288639423439,0.9268556003045769,0.05540158939062896
1.0265680674486228,-1.2957836250766428,0.7158390733626699,0.2725965805079741,-1.366536645173114,-4.003195776543015,3.9373942510868227,-1.898177052631382,-6.130016030168012,-2.785099546361229
-1.8717375044832865,-0.421045545230405,-0.8434400127017294,-0.510485991664158,2.772145998898543,1.9033488407609431,-2.224415441862785,3.9935113144204775,3.5501892945145426,1.8526035695807817
1.6643404461516917,0.5448942975498331,2.606476571349446,0.08606010290295668,-1.982320649133412,-1.3550925875366886,-1.0403161617880066,-3.63819360279218,-4.843379650215425,0.711669374065625
-0.23791379377856312,0.5766690104327329,0.13356069843298354,-0.2935927250318396,1.0365901274308473,0.8214258998032978,-0.699684782827007,1.2213640053036825,0.8178517398029148,0.6347694079786155
0.6205682743894407,-0.6813060125863752,-0.12137242564662533,0.6907686732988155,-0.7771039419013818,-0.6732231788292696,0.938247578789675,-1.0479207286618635,-0.7238838662596057,-1.21760334622749
-0.1449973849396617,0.002360075064142087,1.4946340908783688,0.4331848044852297,0.5793538873272082,-0.7348525259290721,0.04628346397708634,0.757880661289127,-2.8809861880626917,-0.2543474195397765
-0.03885896115928818,0.5889346091450908,1.4055467442819676,0.9994000122406298,1.6038813463604924,1.3842495580328065,-1.2076744351509239,1.0053195044702237,0.12621485553382455,0.040283070641581126
-0.2727685506348,0.4156973137266154,-0.2263563293066956,-1.352555651538924,0.8450950663820717,1.7581660678818603,-4.168967623083529,0.933407610223878,2.356399311649222,4.290886261541731
-0.34005491304419133,-0.1391355492695732,-0.6630628710992615,0.8365172018662582,-0.4107467924878321,-0.7488211284627888,2.4649578022247858,-0.010165145034010309,-0.3221561477542272,-2.155434148507252
2.362174847589258,0.5986861350786025,-1.8182916305667844,-0.18930367866094108,-2.5661856724208008,-1.2908804129859368,2.4115117069116105,-4.786164046148403,0.7313175310490057,-2.549865558665102
-0.9549299271813777,-0.5604333703151331,1.3873968085116108,1.3971035284618925,2.183652329793339,3.413364296983103,-4.53644587774599,2.18014184067077,2.214869717662704,1.415103413194168
-0.457139880232624,0.9902096991195647,-0.12135312865484317,1.1884118754060597,2.741955318012603,3.4762913356283254,-1.528050125862825,2.788930487648615,4.158243757426904,-0.22250005873383677
-0.9751523026029821,0.3180112541206388,-0.4846525146664917,-0.29906145836103687,1.3091048554169136,0.4666710194773702,0.0512654087507242,1.7693840811578228,1.0011089498135843,0.14901444253059604
0.7036952535435692,0.5652309123089589,0.2628257347296588,0.4166549833025334,-0.8390273563124754,1.037004166141976,-0.32746504126011666,-1.3534656786911237,1.1435706386761224,-0.17330648869388793
1.099355206038767,-1.4040375739553443,-0.10453083979786806,-0.5303518002699993,-2.4260413206307403,-3.11007410526378,2.8210848616304403,-3.019285022279578,-4.042852936811666,-1.2522379662995835
-0.0883327599068558,-1.266442418246709,-0.44039161139278604,0.7484972386262234,-0.08476943440787602,-2.082567015999934,3.390568137084522,0.23752368275946803,-1.9151308936182214,-2.7134627633470423
0.01883378166833745,0.8546177574935349,-1.968361469115412,0.6974432873986997,0.28033302292610207,0.7501046016858548,1.89660045162485,0.30377060309310533,2.849866589334622,-2.254936896453021
1.8132400670220377,0.764116555241131,0.49084377176710403,-1.115124522137578,-3.61189953623134,-2.936770037308941,2.704983832611641,-4.60494103134261,-4.502159670257163,-0.5491660506126127
0.19606260837381695,1.0672210690538566,-0.2690089477442242,0.8616439285369989,0.7051637494204356,0.7832107302849576,-1.3124848410425825,0.46236139338224524,1.4178794466751006,0.37745370617658974
-0.4193139490948591,-2.5563693937372873,-1.1080377585185757,-0.3373027808976761,-1.1773780524256359,-2.6386468989660217,3.7692877750364917,-0.38074031836704514,-2.019263522790402,-1.9002826498813525
-2.309711682284245,0.45561965825949796,-1.0862305993766113,-2.0596724688931247,4.450833997920701,4.702676160508972,-7.515707369543326,5.543064616540395,7.418149337602735,6.066018858409638
-0.35958587239034945,0.7622289290329183,-0.5968691916912388,1.166930544406388,0.7501257052854323,2.184643855725133,-0.7525743018390839,1.0463003715254389,3.586528572060831,-0.47218644457213427
1.4336271362362214,-0.55727388772477,0.4390311021846497,-0.7141213039757152,-2.072556479469053,-2.78595588637747,1.6243421224450005,-2.9311809870542485,-4.093530662998864,-0.393820305173446
-1.2802440741241754,-1.4271886398483633,0.9312634399821768,0.8897607649374087,1.0874483089665892,-1.5626665238678061,3.679718180975442,2.280181944169662,-3.482286601536745,-3.404778917549807
0.8016139745858956,-1.5905295362128755,-0.5483330806202452,-1.581251283982518,-2.677169955311657,-3.4807751105394966,2.3683311692187714,-3.058044451826591,-4.163182158029076,0.10052539764418404
0.2529497192874705,0.07484998278239713,-0.6815848378189807,-0.14012648099737568,-1.8495131624694148,-2.8322214009435025,4.014659118270433,-1.5474034351925876,-3.052556613716292,-2.3336980499992834
-0.13348039562554626,1.470362934894938,0.36252160489311286,-0.34719672994269013,2.114015246768644,2.4020718245093806,-2.8571958880180266,1.715809017910396,2.539622403199247,2.113606322324851
0.050357700260676756,0.06951990392691948,0.5683646099777971,-0.6563017018934618,-0.6608579402108689,-0.3997271871214449,-0.9466308643753223,-0.5729099056234821,-1.272255199305433,1.295118912519419
0.5391559021816423,0.9458973907591864,2.219434432200853,-0.9581254391863507,-1.653301158179723,-1.297116531935577,-2.146576458931662,-1.7018097456642354,-4.051269858940047,2.418274994843922
0.654221025141687,-0.5334730365891197,-0.6742789226168,-0.0040465026849716285,-2.4558083019182226,-3.1725856112641364,4.364947973906095,-2.442601351717321,-3.393334978951331,-2.598765862578902
0.3828544406540222,1.7611735634621377,-0.024682350204010776,1.056698024575012,1.667959260437436,1.3169903374658498,-1.4262861072674948,1.0410573509060792,1.6768753595007961,0.35179311419600606
-1.1242772510796868,1.8382953404398585,-0.47630556712824923,-0.06187111061367594,3.8535137783001123,4.274191350730141,-4.355580856094936,4.234252914673683,5.673139834048253,2.9747950030130563
-0.8601500510406611,1.2060379269690176,-0.5156444266775079,0.23045917237303035,3.0694208846977635,3.1807161189972826,-2.5321757123000244,3.1844661441518127,4.50229419852642,1.4092593199081485
-0.9097703949229908,-1.7051969590202996,0.2822599720277145,0.8030971890118951,-0.5005263025878756,-3.4793588814120477,5.50077283828703,0.29675259544893107,-4.986591787435195,-4.033736730032642
0.453439938658573,-0.1812671079860475,-0.04799584061521302,-1.4026514675252388,0.6357560619111761,-0.12522994914059438,-1.7504886737255227,0.5032773325226427,-0.24211162772574277,2.5282112355646493
0.3166155217245781,-0.16939961926519684,-0.7904684116193932,0.7508965252195239,-1.792651426803722,-0.6266881490453113,3.293335465550271,-1.7649138746865696,-0.14195343022776938,-2.750375117363482
0.6477909488904492,-1.932794123113986,-0.5217805019710057,-0.046978392405655954,-2.685568241272266,-4.810242240409421,5.133481429552681,-2.5888441898565175,-6.056774486962838,-3.144484108457941
1.8533743274017496,-0.6216448262518154,-0.28308035448828606,0.8734501370864068,-2.9721759457498953,-4.470153126511343,7.163157243673275,-3.8419186532322165,-5.652916144308259,-5.178083640065052
0.05300243615100253,1.0813861171888621,0.1746343511814266,-0.501526286237999,0.08474823114520272,1.7690702177677498,-3.7890501321849226,0.0041486923829761185,2.153296290965709,2.925112392952106
0.38758114803758503,1.2342877613792838,0.7077278088467653,-1.1016268984702124,-0.4221005615014125,1.8923746501203205,-4.948612491951727,-0.8071892443181817,1.5189051334925112,4.457348413984198
-1.1738248942475857,1.7736798157614346,-0.2809761577760019,-1.201113978797575,3.801048936898423,5.253219867833985,-7.3350349460020015,3.9995424500263694,7.087629388577117,5.701121645056069
-0.03193753942180391,-0.49267059630696475,1.4960597478241744,0.19222347846977747,0.3153870266086224,-1.2672796942141187,0.36217421735613925,0.5834311254143952,-3.502725292727157,-0.3378529643324863
-1.7780714178056802,0.9977968717853316,0.5046151361587318,-0.5126998579413011,2.4286911942657676,1.6463280885617626,-3.961034983715981,3.4114395051915665,1.3538854195906453,2.8993454981093385
-0.04488113187064982,0.749257203339065,-1.3827753906494342,0.06437023495441516,0.762459713212433,1.6970240373257053,-2.027027244743294,0.7825820764120878,3.805214625893754,1.3171310603072868
-0.9904090591714029,-1.5610558622260555,-0.4285279035420899,-0.6925462191808311,1.174878798541123,2.8478908180034064,-5.326802422573664,2.581754063315507,3.5400394738507575,3.8795748159954346
-0.7250391975230083,0.6687442233785089,-0.7993168568109769,0.5733380453082673,0.7426897314411152,0.8620065413458304,1.7030918410414664,1.128827311317715,1.836817269298501,-1.7165278044650671
-1.4767308577531248,-0.08209143523932715,-0.8888594196313483,1.8962945796814632,1.7611919052246143,0.9173208061552335,1.974071860939988,2.497807928576963,2.0602566086398717,-2.903341353514243
0.6981047528244054,0.16151784118432633,-0.232993960268817,1.3181013411613711,1.2105239941687123,0.21684683200056706,-0.48332896606453035,0.27287216387684876,0.5179836525135151,-0.6458605873073087
-0.4654223799977758,0.6567265325287301,0.2606056643433732,0.3335121430699695,1.784293652791224,1.558449668967466,-1.440226525579574,1.8550473385562598,1.5492426838804294,0.5931939768561132
-0.11052857971263244,1.076115072528654,0.61874882530575,0.4386930918770361,-0.8325553414489675,0.6697703434025569,-0.019044291719673895,-0.6259738799679319,0.500735234697502,-0.17581364613506698
1.8934413301201443,0.25374646865544803,1.5773546762874118,-0.614855629020804,-4.712179808663537,-3.946930263325279,2.821577284995865,-5.837138153922046,-7.109137598247332,-1.1554649686427818
-1.383150631419808,-1.9661784490898104,0.29290930886850347,0.3062779235977305,2.497403841180119,1.1052577384132627,-1.5858991945701055,3.396814993603313,1.5786248840979307,0.8057036423801879
0.09277326822219434,-0.7307301150416957,-0.29246654816143286,-0.7700051934148686,0.34750128072964426,1.1050274469514794,-0.9659815473632354,0.5429107880353389,1.4688806991334102,1.3253334517528073
0.5735327611722515,-0.2522300377456942,-1.2291252429986126,0.6813581690313405,-0.8301699771742866,-0.9490835020541993,1.525341822171465,-1.0734065837714333,0.10072526800886278,-1.6603496714728656
-0.693076983432732,-1.6443915684329606,0.9110595438713959,-0.3579928817812774,-1.964980123435073,-3.837740970982114,3.6904920358266704,-1.3131315804635622,-6.140720132757777,-1.8104109268367599
-0.17037568422288987,0.14299960039584483,-2.1174566981814094,0.9240549028303866,-1.5089724037973427,-0.36825367868291303,3.762747659089719,-1.2267662745234325,1.466750390437373,-3.448069317924162
0.48984703690109355,0.710943115282798,-0.18437701997256634,0.17551597489402287,0.5555088914331477,1.7053762490726398,-2.9163461458982414,-0.026441973112803413,2.3430251454928794,1.6692480364780982
1.2533327662433376,-0.13639252093426293,2.1146906480571714,-0.49588502850136335,-1.6159335128485426,-2.258815674302463,0.5837029461077947,-2.316066187258265,-5.360666246378649,-0.17345366402451162
0.37313811699577437,3.1028927929809043,-0.5401721674247593,-1.5896659799775417,0.6771106145728407,2.2036919112831646,-4.271722235603609,0.2784572101866757,2.985038344820284,4.583062893412222
1.0201596086386424,2.384727332374297,1.634604731234383,-1.3659285312594347,-0.19463142288968435,0.6978692823330943,-4.356430556484618,-0.5694948548550106,-0.5373827320183726,3.939064486231696
-1.9140738203303231,-0.13194745317787235,0.4649842434490036,0.3238374159014251,3.0758153418504004,1.6389414391216224,-2.4999312236244893,4.012956085355731,1.3861414185279402,1.1358783187301829
1.0089042115559108,-0.13608668866837198,1.7133265846396297,-0.3072359769501681,-0.6568269540696456,-0.8699638522416437,-1.4844592501584715,-1.2106311933803187,-3.2030674334617415,1.4423433197737627
2.2670331324417674,0.38955485783461663,-0.6874416485573347,1.5211796073606523,-2.0711200735957935,-0.9370269201489104,2.9855531525463443,-4.177651342093878,0.33184607771744096,-3.567673426430901
-1.9195600046611445,1.314101981921303,-1.036855262199696,-2.011702111630107,1.8213823673626293,2.3314484559889603,-4.98155654611321,2.5175264260313,4.633294153312184,4.56011427786982
0.9949270549525381,0.3746587632148374,0.6534061604942866,-0.10087002791246974,-0.8144747916720888,-0.7595907286723235,-0.24392076742894006,-1.596166113058141,-1.7779972831266817,0.4515293777748067
1.4635536863789897,0.8894202212790155,1.3797371870853263,1.0163178653115963,-1.1790111723516816,-2.4987559962620742,4.041767821509833,-1.8628696244123084,-4.621014023624902,-3.533361095314577
1.1694099875562245,0.9409398446416402,-0.8324916321534205,-1.2877316524705311,-2.236296292787805,-1.0785905076653752,-1.6037624452885049,-2.6043740504638926,-0.5815787856090874,1.932188027275598
0.80396281485631,1.2453956668221733,-1.529384008918191,-0.030992967910722445,-0.17444139552928414,0.4799242512566274,1.4901397078095795,-0.7535423972258457,2.1587637420114705,-1.3375175160772614
0.7635430720027426,1.2709936403017608,-0.28952039464294427,0.37143524233064834,0.010701289578335625,1.337990147026386,-1.460174116266871,-0.5072383418044046,1.851600394995322,0.5669067349199978
-0.10954952033938228,0.321733799773798,0.12089504410960622,-1.198139451007603,0.6664333783280952,0.8641986546405879,-3.0432799168232014,0.7546364474767295,0.8600847306399761,3.31504626436978
-0.013452103838775292,-0.0027218475925765515,0.18153523785598916,-1.2351324694305956,-0.1743896144224092,-1.5103634509128319,0.5750625428295832,0.06791148171309686,-2.47695413014301,0.8214233533177925
0.10962743536443825,0.8029746515502255,-2.1820541132397904,0.08045546368728593,0.11952099639666408,2.592923674969639,-1.3010850585776648,0.03563489941914344,5.490873551726481,0.8836554451180642
1.2931718703899069,1.7349798975827857,-2.1087471363088226,-0.4972709331955158,-0.3793337374483086,1.3443477559075998,0.8173097558612353,-1.463218108328331,3.5642440312318593,-0.07821638089349535
-1.9508789386466556,-1.531849794769935,1.6179475859653973,0.6157682728939604,2.7649884021402986,0.9580061942196737,-2.9125044513746796,3.8541855122053024,-0.44628563088028605,1.2817305825479934
-0.36164544493594064,-0.3200421009194656,-1.418785213133603,-0.3528494687828627,1.820694646243294,2.263522206480285,-2.232552321299947,2.1338582781241713,4.422909485741524,1.6489336236725627
0.12391797199881949,-0.8324282288729419,-1.337442567873818,-0.8258183079275003,0.0878379976048087,-0.21127114641394268,0.049468294095842455,0.255767189072851,1.0348888565524559,0.7378475416833737
-0.8599649709324506,-1.5911990240383231,0.9431225476990667,1.5326406942609558,0.1416656069727077,-2.121018735554183,3.504527203880031,0.8069007968398265,-4.106176740928988,-3.238824055163795
-0.5237742857332984,-1.726875261326826,-0.6762447255417381,-0.35252654638222447,-0.966646421456837,-2.3722636145744422,3.0872911164672905,-0.10946275509322634,-2.1886205887986114,-1.5077393838277804
0.29607382886995437,-0.9460129842674705,-1.734109786548393,-0.44018894955318866,-2.6390863715362114,-4.050951134963976,5.997516007490858,-2.533063097813309,-3.2532359973091087,-3.4861183581685147
1.8491534666536347,1.3848377180381375,0.47408921389664394,2.4497941966179915,-3.0494997914763156,-2.311633227565939,3.646945897467764,-3.9078062863244294,-2.987522571995488,-4.025897825897076
0.8249885412357637,0.15106879027645723,-1.7400803111029062,-0.5571530531195226,-1.494201714185023,0.7286094847342632,0.2894904681517516,-2.1844502436010447,2.499141085005487,0.5163696049753281
-0.9208133938772751,0.7063656601641016,-0.6285006678321794,0.876076674471276,3.12082589775414,3.051244715113803,-1.6961926587904463,3.2932696331210707,4.311141208812907,0.38951407812716876
-0.7527541411883798,1.0324939418858161,1.0192047454862263,-1.3291396653906309,1.2632491185385621,-0.1657064111183008,-1.2005186936064351,1.752805119541709,-1.7032996524352373,1.7366327117715505
0.6609401570421175,-1.3896767662065543,0.6104362349443181,-0.6215673560991368,-2.073845561943075,-3.91131217244833,3.934592823636307,-2.160504344978443,-5.866233604296678,-1.9989079453502674
-0.23626465858913556,-1.2489499586536312,0.9547450530281781,-1.6917882608554309,0.04957580669131011,-1.0070951229294438,-2.2825846198472037,0.6294658137776747,-2.438257141023237,2.7847484723347575
1.0933851898089781,-0.08108087177522162,0.22128206820494487,-0.563787188401143,-1.8896858267595693,-2.3892341884243233,1.6444273041934816,-2.444825702791141,-3.3330613511101985,-0.39760622778875654
-0.40345981369300365,2.2694793888504914,-0.0672911060530838,-0.7644536906738807,1.9365934403094467,3.3773253298811374,-4.942633882420195,1.8959074531965638,4.497430422975825,3.913328050168864
0.013824151661478268,1.9348553490217508,-0.06048791275434284,0.04837546634005739,0.442577950875066,1.3283307048863788,-1.8176270939132524,0.462188957682909,1.885454818919827,1.1891529676219148
0.017692717547960597,-0.5714467137711285,1.9508805341936597,1.1362385328126159,-0.31696050294279593,-1.756303322083391,1.30557445508319,0.11774773798768554,-4.829861661637214,-1.4699959192659597
-0.503499308265961,-0.7759062049286715,-0.2070360067488807,-0.6452392289397894,-0.8700162791053074,-1.0835511291166577,0.9899807911538246,-0.2870592457347765,-1.118192273294922,0.05100381208232117
-1.7287622085604897,0.2654605377797957,-0.282065006551344,0.9460983802137491,1.611036592465313,2.1384772426688765,-2.3480310316698074,2.7100171761407488,2.7785156474208734,0.7299833411444014
0.7046348424972209,1.461412052639986,0.0004923882093884014,-0.23138203077209063,0.34958858546938176,2.7569243286245615,-5.390112362349703,-0.48226428235977103,3.4457914021344953,3.7493995634837343
0.7744491115693306,0.7669442977461361,0.45588937912165484,0.07010205177710199,-1.8425913061144632,-2.2686779771388554,2.557273375762386,-1.8472761024530644,-3.528071050503956,-1.5871738716209802
0.1095990932037078,1.6680686721409128,-0.1143619967749286,1.4478445120407872,-0.06931199789447622,1.6318125686338956,0.6143465640008613,-0.159237906152632,2.12690029899756,-1.3738436430117598
0.4686467316711277,0.9639948837554283,2.071812279273969,1.2609341663219353,2.562322656503563,2.9941950169425153,-4.25852255666071,1.2179257940718031,1.8470643807893394,1.3738080808197246
0.49603739854829854,-1.1837127336747673,1.4330700247351318,0.24922869316643848,-3.2630376391356273,-3.282141067326192,2.174344586777057,-2.7083198712260583,-6.258825641186428,-1.5381110817088899
0.04295131021851012,0.25128119519901965,0.28028878789640155,0.6393316230896431,1.1012580188609449,1.8947152973658061,-1.5824454118196245,0.8782358382787425,2.0419631950942665,0.2623877193146717
-0.3926599859950579,-0.07567467631324586,-1.2164010607906546,-1.335536637663057,-0.2278029605564278,-0.8372745603129083,2.3471635530306125,-0.24678378901438594,0.24459515895508788,-0.15838612691082624
0.2803477124348014,1.0241022457670053,-1.1104407314265212,-0.21822164298280172,-1.7017930750232795,-0.6628657933114744,0.777636938943185,-1.5272914030566442,0.6102907315881085,-0.3063069162312602
-0.45270318652216524,0.5746241561696565,-0.8171033481035956,0.055637614168748475,3.5709261784480475,4.674050447932249,-4.501554977685445,3.3415513730129156,6.674999079530418,2.7879434343183003
1.7968437904922014,2.4495683048913586,2.454552785293783,0.8229788735208097,-2.077803846711461,0.4040040535177595,-0.9235885207235088,-3.774990060774382,-1.8395847286161002,0.3854929372802943
-2.0735708731006905,-0.3941097298523403,0.335345574418956,0.8577650822325366,2.7649452388688887,2.26953977214277,-2.577485480069228,3.9475118711046364,2.3747591236706227,0.785759858617132
0.40539026332972095,-1.00785054450839,1.6279400735801721,-0.9629399178922453,-1.34021734619834,-1.5642935580635138,-1.2349756716628493,-1.182139378132965,-4.03220407259745,1.8514913094098195
0.06972456324675805,0.3575591443706918,0.24685403545130502,0.3776580908057137,-0.5074858228366109,0.7497034448402504,-0.6774788133684224,-0.45746829187089766,1.0129826522162122,0.17379423060739463
1.9240810727987137,-0.976133149766524,-1.2225400637010702,-0.7123371135491576,-3.0960985602445326,-3.246402966701329,6.4221914652177805,-4.6368742411656845,-2.73017139655242,-3.607465337815283
0.2573335680823545,-0.7824704479322683,-2.303583250859272,1.3015426857204249,-1.9649420263241382,-2.3035245782188913,4.789794312350732,-1.81593330099954,-0.4414566764445174,-4.129203071288516
0.7748530431612953,-0.4780122134772828,-1.0763977297788025,0.5537765735136023,-0.679914752435241,0.4748705324342757,0.5005839178261291,-1.0979041834593326,1.9798808313625027,-1.1680937972023404
-0.8816698407036346,-1.5395871495612294,1.4245862539608696,-0.2513854694045142,-0.9519730821063639,-2.4650280533245725,1.2181267076364866,-0.007167790101823987,-4.73705534520839,-0.39198009206650036
0.03193573451677994,-0.9128533221244226,-1.5379016900748252,-0.4405648085216758,-0.18229215559355352,-0.5440142813498592,1.959717320775551,-0.17288657070578406,0.7618635300562631,-0.9462376951525433
0.640434328320933,0.033956483991940435,-0.784535402859127,1.3933885241134325,-1.6148482164136642,-0.24867966413371564,4.195497005498803,-2.1167153727671932,0.8536732820742319,-4.163721733197472
-0.9249659451361821,2.2388205402503116,-0.8271965950366595,-0.9142212655367221,3.2782598702871315,5.167745221614934,-8.268207774223402,3.384344417348417,7.772619339407981,6.208971528107707
1.3421184335258185,-0.37928356404745905,-0.9900362634867407,0.06740693294781701,-1.2663961744894723,-1.9134490139181128,4.007996319220691,-2.280267204369255,-1.5206224445756713,-2.680756529092015
0.19528800149721948,-0.2712836415092766,0.20434994104069995,0.12387534963071306,-1.9876691937152635,-3.0856815659153654,5.303111333411566,-2.0414617057508377,-4.193960473894284,-3.3606385951340356
-0.4220965393038766,0.09287815812612749,-1.6890560222689128,0.24404395015605648,1.351756717242948,1.347303424537361,0.41037643743666263,1.6374291616956487,3.4858767118394556,-0.4926210897047066
0.12532099128517304,1.3714334005100752,1.3824858419591106,0.19432010501532634,1.3483205061818209,1.5375239908619793,-2.955195165286398,0.9075241270193966,0.7738919717319401,1.8994022255429988
-0.025588761243132654,0.24858258167935154,-1.248854293463815,1.1092882099607095,1.1908611154564162,2.484381384802214,-1.7182631780658555,0.9878697500524676,4.4809024037817675,-0.042164074632612514
0.7177902207084741,-1.8175190944099788,-1.4593857145970202,-1.716018811773956,-2.0949631995138005,-3.7185619149106746,4.344324721746061,-2.7578848409557724,-3.4715871298528427,-1.3164050942376477
0.8783141685297173,-0.8229568837885045,-0.40870739509900217,0.46369567850160437,-1.202040634929079,-1.5894320796045645,2.7858985707564887,-1.6309033532021533,-1.4562227246909332,-2.255764045555442
0.6369778282808889,0.9896568775008453,0.9480019483749859,0.8953267316203118,-1.0798308336963862,-1.5136359615563764,2.0912501346973302,-0.8480360930437904,-3.0709800809404246,-2.022754236853645
0.25753056966121146,-0.490026197802112,0.3536781411389093,-0.012355702623072833,-0.7335835120245877,-2.06123957729542,1.3795558370416299,-0.6138743016092506,-3.1516628674875373,-0.8766222251657046
1.609463172596931,-0.14899145902862362,0.648811482442899,0.623657945444706,-2.2589223313004485,-2.7802673766144763,4.218478656548831,-2.997885732292347,-4.304660820946146,-3.319466941005974
2.1962800876667705,-0.37809935707063796,0.9335462768766946,-0.35653188829916166,-5.018366453635111,-4.226965414861258,5.772128697997055,-5.886800202260496,-6.472443993362511,-3.3712075402257837
-0.4185172076359772,-1.2679234850968313,0.09982238363073086,0.7473268510761409,-0.10962861153653931,-1.7430269275439112,2.7369516033571246,0.39809952666458814,-2.276782180693363,-2.2582885903071857
0.7917593925915326,0.22290524468289918,-0.009566976459483425,-0.8535831758958172,-1.3684832114090721,-0.9202603515165618,0.9219886628314152,-1.8361806498542077,-1.2159752226977938,0.20159292910638926
0.7273807850634846,-1.1929892955452408,0.5100047424812545,-0.9034373885368878,-0.9014806102578286,-0.5643023862836792,-0.39334406212760875,-1.6620801668790213,-1.4252623315456814,1.0958684919963388
-0.4050904416242922,0.3594624184411722,-0.4063052031769954,-0.6237844402863284,0.16876703183461078,-0.030261370445692333,-0.31584992769483466,0.43517581953360995,0.6186617810375916,0.7739971426124926
-0.30104451475092353,-1.139135997125482,-0.06363604802773896,0.7016101988573464,-1.218673019172097,-1.746481102681165,3.43657990830586,-0.6059845149600722,-1.948398122633362,-2.6622370593876954
-0.49388773117880136,0.07698310751455442,-0.48191098775165114,-0.302799722625802,0.6666237966849735,0.7771689060689456,-0.7157354821152979,1.0706027331313985,1.6640950612831849,0.66979688764419
0.07409883301894812,-0.7253874996543344,1.4581349888735302,0.7729406638074676,0.45925258875111336,-1.982810542736777,1.875737582521368,0.35602362080924543,-4.396659860151969,-1.6797984621923783
-0.280794325856639,0.15086546956063906,-0.4621618468800588,0.7443842980272176,0.6330225748021528,2.622435485686106,-2.01589431884288,0.8168116079627514,3.680526445392002,0.5246491544215951
-0.23818581411961856,0.05866619706595035,-0.2291391685655429,-1.484846032383388,1.9829810314974037,1.912592865688924,-3.9018989217043543,1.8572746719909894,2.620242001037038,4.091755692006323
-0.685285871530356,-0.7177013262940249,-0.688568786275144,-1.7796184506690798,1.40322476264329,1.2631035219288704,-3.6860654689078136,2.0142362835372087,2.6458274108971502,3.7415032078216215
1.8762928298270523,-0.37882711498791455,0.0919880862746002,0.2932259848199615,-3.9208422381531975,-3.3425557075819032,4.329860584038638,-4.7454480322266,-4.638032170806267,-2.7647344235511873
-0.8048286417961098,0.30969185284909634,1.4197935070675425,-1.0214352201383734,0.7511897389969371,2.7815288279138586,-6.4227314752562,1.329443810178372,2.224887171163023,4.957776382338702
-0.39358803137208387,1.2630160254112819,0.7269558935151544,1.3736014159191436,2.766965772457498,5.852520676101363,-5.709137833793353,2.646243047039397,5.798011593782139,2.2135590517301065
0.07890453563334747,-0.4961091139978414,-1.7361245589171956,-0.6430005695801956,-0.2015871987843513,-0.9200288598741729,2.3771327894785985,-0.3398020933935203,0.42524869141613114,-1.0690218174211947
-0.21715950320048236,-0.08620381277019881,0.8477009142489902,-0.4649422151783174,0.7178765055687862,1.1568961127551662,-2.653875506919661,0.7761992155167362,0.588122808432197,2.0899054740532867
0.4646373061440374,-0.5570381330631431,0.41147983562462437,-1.039121746839714,-1.2139566372320543,-2.0419674057856114,1.4922302256373436,-1.4085421594321457,-3.123875391937587,-0.02324871861972986
-0.6572224761065981,-0.7101365076197239,0.09334043292230187,2.021354893297158,-0.8901850864612295,-1.6120167215528418,4.407715767075436,-0.5826773307488234,-2.016404591747166,-4.155563200891177
0.2896314660137346,-0.615995798471352,0.9750169180864058,0.43075332254380244,-2.2508790839769333,-0.05232607065615108,0.29919961026612685,-2.0302030551442702,-1.5406842951553572,-0.42915125653854436
0.5266950059477752,2.347312292476649,-1.338480197056846,0.000993816074499533,0.2531377973115482,1.6545031109261583,-0.6402271990741885,0.0012883352433316342,3.5709026687622285,0.2821760449192325
-1.9830616938955155,-0.4952413770573786,-0.6426224411395799,1.0755981087587947,2.8888668795797976,1.3989835128192007,-0.6695813587778671,4.005677085632127,2.3799973213258774,-0.44248331037422634
-0.9068150780202664,1.0187406685966318,2.8114753842352513,0.19864104915367847,2.886596850121688,1.7971411878282932,-5.066658196036651,2.4225509753391257,-1.1772771845427492,3.0262130014235837
0.3979512756827176,-1.802346091077575,1.1489278819599014,0.945150524527418,-1.832424145016431,-4.388630071808494,5.277636127328272,-2.505063003902123,-7.056623052173104,-3.931382324964537
-0.47452626376511076,0.318248849095768,0.0964587449492806,-0.7794553130818775,-1.2282505966234845,-0.8283199514816725,0.04161449762894087,-0.6561260726974936,-0.9135061711190153,0.9117951548558854
-0.06112816235445373,0.16167934187706326,0.4520760911170409,0.2134223844094734,0.30358773985932713,-0.14916953989706658,0.7296175440990141,0.4302646084644368,-0.8151781349266798,-0.6373231094566778
1.1720573621394472,0.38236315854034386,0.7902536952853344,1.1193702936952603,-1.8259170955065545,-0.4609864279610972,2.134119060365577,-2.5080404398997835,-1.3569293714006558,-2.1935539558471837
-0.9969058798516622,-0.9910522801903456,2.0525322609259096,0.525629161238786,-0.6283629143726839,-0.15475525873974008,-0.6736975954338343,0.5064625577018541,-2.7088989496164477,0.10544272599211223
0.08779595729862774,1.6058659526032697,0.12249533013907746,0.3344940174828703,0.6335302379851557,2.387141908278843,-3.2933203262931685,0.4006895783373561,2.9660934059525714,1.8176986513594733
0.6119650545763113,1.377464157497034,0.10529976999501756,0.17092291094798415,-0.19256042522876002,1.6118615860486292,-1.722634114742816,-0.5678970819151596,1.8312798582103498,0.8657022726927271
-0.6574218722460391,-1.383551464233302,-0.27011183880617623,-1.2624521259729498,-0.7834533443288513,-2.309381613669263,2.0537136371860654,-0.018462351468641086,-2.696068673954602,-0.055581215092025946
-0.0029805959154690295,-0.4291684826802701,-1.5697049249497934,1.1887643739348337,0.37364200636468653,-0.8940719038958348,3.2353958154755222,0.5732088346020651,0.25903628024043424,-2.9498325429002423
2.2293586459019896,1.295052476260589,-0.7089717095475103,0.5817648261002012,-1.3850769193335135,-0.09627105300378883,-0.20467576440833893,-3.207334725792411,1.0122027256278923,-1.0117190722104057
-0.7349498595201858,-0.10451143494625549,-1.0066470171328001,1.1299935055586317,2.0873121528802763,-0.5647740187380328,3.006774262146658,2.2990358391981967,0.216293324021053,-3.5687622452687933
-0.06905903901200873,1.3244674608576024,0.052179001498982816,-0.7392263189749597,1.3167207291938277,2.7796945377777695,-4.154052605189824,1.0150653436588348,3.5101773380249655,3.425201164804989
-0.30698795289085967,0.38082062472354933,-0.43695230006960945,-0.9145192167706717,0.8666522548117189,0.20051786021295623,-0.1819308160759994,0.9334788942217227,0.6441467376082184,0.9523011905200139
-0.05192666892298135,-2.8015585146905804,-1.006930145901484,1.4366098957502782,-0.2444194754522495,-1.5194039065148934,3.5556095120002267,0.6214884831853306,-0.957792454077226,-3.199895745243445
0.3313138063017895,-0.08251277343439105,-0.7904713237491033,1.0157717634447692,-2.1125798175026365,-1.8852961820521705,4.67982001896385,-1.9361777453648925,-1.7092776824828695,-3.831934610259102
-0.2878953303878541,-2.002718951361274,-0.8108542431182458,1.7530837962382666,0.8898451400161496,-0.3953266810166199,2.373846877817633,1.7410740241739442,0.5656615422945719,-2.658280811628717
0.026108699760132536,0.7540032917160862,-1.5187147943528017,-0.769650801192705,-0.1062827631370328,-1.071569774028955,2.07197226891606,-0.1113123345277124,-0.063562809489015,-0.7721331773102701
-0.7385812405241353,-0.8635260701839973,0.8970650802567088,0.40665935641422324,0.7276784252237418,1.4518214986276283,-2.5493923293254204,1.0526680179097432,0.7194798493170715,1.282724597096359
-0.5697978910486431,0.5079104273602265,0.010506009258211952,0.2312952619610667,0.5634917155933001,0.8154343422931533,0.4309500152842154,1.0078878247253371,1.0976658135817294,-0.4456632680500786
0.5156534893887245,-2.146093124345139,-0.1952442793886333,-0.7956865652565304,-2.224867588445183,-3.268676077027255,4.3486537138119585,-2.4880371210055148,-4.146222721917488,-1.9524590081240343
1.3881217016669047,0.7843157342370478,0.3923019437154441,-0.009508076245126354,-3.245682544580459,-1.9192519129134311,3.740878454214274,-3.9583907854055886,-2.989322973437141,-2.2168705756973797
0.6396858421034078,-1.2800885948584537,-0.647837423861618,-0.6005593777081841,-1.6056916918582569,-3.819409147301352,3.8999537001198856,-1.8459818875177054,-4.592679333805045,-2.1021641618005837
-0.5262374436967086,-1.5016215167542621,-0.5681732128473986,0.5949861727894755,-0.42587360983618894,-3.5573387930860942,3.2690024041859793,0.2545077271531119,-4.040991152282641,-2.442921003820062
-0.503046455563767,2.0413823704380634,0.4137194326330184,0.7558841508649035,2.737910286486035,4.145841108248667,-3.8195676989181937,2.806867593794498,4.417138981396607,1.7197205233681108
-0.4264894319819643,-0.0652928750815196,1.3703365562369596,1.1396480501170536,0.19722114422171483,-1.8973489025453831,2.7081530369378837,0.5226695382782245,-4.401899981227018,-2.38814729395796
-1.2356385390579832,-0.32907375942435046,0.4486342878188496,1.3885762140662676,0.788144830742989,-0.2320962626663307,1.4889133847653158,1.9293422151182127,-0.670922831911597,-1.6568066644331703
0.2216163367475188,-0.3519228617930824,0.6640850286250131,0.8214762251134082,-1.6460701501265027,-3.429468003111379,5.5773248468185175,-2.0639937993951833,-5.038641431547884,-4.08009121310568
-0.6578747234203215,1.7241730895438512,-2.1440991441803368,1.0121598088347645,2.1227004332382946,3.154237146977268,-1.5452446961554926,2.4853599921116443,6.554846700992525,0.261267555017007
1.5908308707619383,-1.3547022068815777,-0.5550817574189699,0.09293484269833889,-2.703665802580854,-2.8315580440399013,3.2105063831348373,-3.651327232934904,-3.079153261762667,-2.0224740016458136
0.027837007735823774,-0.23150940423984928,-0.1522920700782971,-2.1886696929330425,-1.2282914376768752,-2.3660909447742946,-0.33687197132282687,-0.663848999700685,-2.807627311429936,2.368880825689923
0.5338434005264907,-1.3819614456288716,-0.8654740933239707,-0.10235167394959266,-1.8398381797674088,-3.0815925508574873,6.007032506222949,-1.8387523563310852,-2.9197463553424408,-3.8988642461006355
0.3755418193210318,1.026204806750455,1.9454578430020086,2.0529554587166334,-0.7901866516740078,-0.21366967667756964,0.4328752914522973,-0.9477425634532421,-2.735188685631931,-1.6676937571527035
-0.7700544633303055,0.018798708612443912,-1.2902140633177686,-0.08950669760794863,0.7614179265227506,1.304848954247008,-1.381025275795659,1.450037033165676,3.463516259725023,0.9966106420226292
0.2548701298900386,0.5086713907360827,-0.47502989710113025,-0.11544842023363447,-0.8932605932358196,-1.4173221333996295,2.441332690548935,-0.7532804226169063,-1.4313316918996246,-1.3775005957587911
-1.6410573886497395,1.0007469100950495,0.7656454508769461,-3.046400092010409,2.466384620290913,3.980190400040799,-8.729492751781287,2.658870428867601,4.170882746457571,7.968083922247372
1.440278364235486,0.6967041298280511,-0.9386340552550526,0.7761421188255431,-1.164037175818252,-0.9215202159783286,3.448720021681583,-2.505883856966655,-0.17105811901491427,-2.7633334587758127
-0.8755035294206913,0.447837295035213,-1.7150587591055404,-1.5014988806925547,1.7412915910869409,2.3310754643845155,-5.221390002629394,2.128466040830844,5.0705447493680555,4.754995719261074
0.3502251754272393,0.7386144174087371,-0.44672717219581204,-2.7863030388429166,1.7796875512507837,2.3444434446813087,-5.136323944881895,0.8426512792481959,3.092867692818659,6.406213652397495
1.048655186692039,0.07206678031795626,1.3035544303179307,-1.6211729093450131,-2.0007776412451914,-0.9388280761251226,-2.5821645873580223,-2.4216615615738455,-2.2416671435786686,2.7358687456049737
0.3536882097260792,-0.3712831669070695,0.48216345942323796,-1.5208965726182018,-0.708091111044132,-1.9175753053974438,-0.1520547046993739,-0.7647711021042809,-3.2128634259939313,1.5704508525443888
0.41700872857798044,-0.12872680686134816,-0.46544302857527475,0.20481694640085127,0.11584919859058468,-0.48156258825793796,2.152904588141619,-0.14561101092986806,-0.3775332714856957,-1.6943199224995904
1.8409959833032243,-0.5968375433036295,-0.211261874573216,-1.3023766638056875,-2.5328148423899,-3.086648666378385,3.394705610743812,-3.9160218483060354,-3.734522715603215,-1.0344052310174048
-0.5338285508549122,0.39720070920966943,1.5283517504272588,-0.5194609621711214,1.1115325796752051,1.5092749025147603,-3.274599848963375,1.2348840094477227,0.33996270953271707,2.4743481112778656
-1.9885340525093205,-0.6216265940014045,1.7416484876582825,0.33596091585469207,0.6536655470932876,0.7815426681736559,-1.2817410403352691,2.228347131620758,-1.20042236249561,0.4967894575170351
2.6366942580268504,-1.1680263649584484,-0.5300762848496954,0.22506278422135023,-2.7551387995747096,-2.9611225296971577,3.615625740836378,-4.804065251654959,-3.2419486209871913,-2.5384600083602686
-0.7530656040508116,-0.1050307729492754,0.3967136358799621,-1.938002982411052,0.2105387965851541,0.30477498161602073,-2.974230426134414,0.6790539685479705,0.3968922208455327,3.4256816196573427
-0.41568452515846877,-0.5715538303180548,-0.7638092807589242,-0.6672817877127069,0.6405821643567696,0.3559217335527245,0.8091769659467491,0.9382349217255048,1.160914236626504,0.016369957562285153
-0.20093531853618601,-0.5500409241842384,-0.5426481125644578,1.3573044212580085,-0.03886414492292639,0.9596146288410453,-0.36117168091749263,0.3044714420334851,1.7889036006480679,-0.7472317052922862
-0.19059073869039272,-1.1747967085009146,0.11925638829147928,-0.14752168145469816,0.33035436316619565,-1.6085207018618692,3.320160135592413,0.6380107163269717,-2.008072843437427,-1.916488792629315
-1.566081503562368,-0.20030610005382488,0.1909728513186257,-0.6104494508525572,1.4569298998411133,1.3218268176633803,-3.2451069177556744,2.649293223805099,1.342850129725157,2.4610530875305674
-0.05130823517297528,0.6223387460064647,-1.0349447165878431,0.5259430532321362,-0.6214620876575089,0.040222197932088526,1.1627942109413896,-0.6019441670962664,1.2840748200545828,-1.3300544437765984
-0.5843568773453947,-0.579558559878001,0.49802124916851587,0.7181025660105828,1.3269601085669818,1.5384152247275864,-1.5512227733868076,1.4109171911034077,1.213942869657539,0.35527904595588444
1.409730650369533,0.09722821310461809,0.917033907735506,-0.38747201323219416,-1.9346717245076195,0.3901334802569811,-1.3202341880842787,-3.0447163258056134,-0.48481470414869837,1.0322373703944756
1.4353418554367399,-0.4763030499914181,0.09228021562912872,1.4078024092342047,-1.9404290244448739,-1.3009444525406277,1.8596744428426362,-2.7631841871908,-1.4522419497049124,-2.1915535735096996
-0.46695302798720617,-0.04188461882267144,0.901518068718866,1.3895227138805866,1.5664926824663663,1.7257709909391519,-2.495445643563335,1.1894368410792562,1.104079259986021,0.37462025850423425
-0.85644403406719,0.5972220649913625,0.5339149928644336,-0.12799927751863663,-0.8464565415466511,-0.06659469545602867,0.25027013879345256,-0.15570007388821974,-0.5498931684465012,0.08733013302642294
-0.7782768722852238,0.9166293268779032,-1.489462571965117,1.962646280335156,0.18634000077777768,1.534879845894962,0.8553000758454965,0.4587677030673859,3.4513127936390613,-1.9944321223857602
-0.28583414444119415,-0.3092423981891297,-0.3195974009810795,0.251110203031561,0.8433336436235179,0.018100700155592536,1.678384463481081,1.063344526882906,0.08957810107939929,-1.2818711349034793
-0.32466283766748827,-1.694935765583905,-0.8095988209784946,0.5337674940561816,-1.7347405279805128,-2.5854069327896183,5.335835183900904,-0.9673932642818879,-2.0464829580582986,-3.8012417314879197
1.2957250237457703,0.08559557152156264,1.1020646842230561,-0.3362244600843031,-1.3294781639073348,-2.3691835448554683,2.9024703486944206,-2.014524018283876,-3.9922853392827276,-1.8858565651539585
-0.13798859465105354,1.0969758372097402,-2.2349848711213713,0.6551232298035091,1.204223777818442,2.472600094678455,0.641910307646935,1.3605746196443111,5.278340206963711,-1.4988440102801237
-1.5107313593741603,-0.6972672514302295,-0.702390972971778,-0.6684680035184702,1.5018616932519977,-0.07258575456208177,1.2400586849901292,2.2309357712429385,0.6160235778144232,-0.10614626815254234
0.15502566532607132,-0.13640841709428594,0.6735814070178823,-0.9574941487510096,-2.226506260515668,-2.427384010796179,1.6682323315631946,-1.7766160683050025,-3.900492560722666,-0.010927831380442093
-0.34204423239067494,0.1649987021622693,-0.9811994046301413,-1.628830316172931,1.4724179854649617,2.7654227378890086,-4.00236757995741,1.3860900001178031,4.554455839834366,4.398977566847007
-0.18623979289962372,0.3178427916916794,-1.1680135174294646,-0.7978533989053845,0.790104532004864,0.6619855063456594,1.2212973281693282,0.7409541330109461,2.0259037103389015,-0.09023730145425524
0.7822034297938527,-0.70205220701379,0.15878781405460057,2.108183826261537,-1.0472679225445927,-1.944228768291642,5.471596664329724,-1.9087960423444557,-2.437088153544242,-5.037587227684329
-0.2596793985009046,-1.1282913794691751,0.872680996370549,-0.5104188928145632,0.16825403590468405,-0.0411405626601569,-1.6610088147417552,0.5446920592976316,-1.1807865933676542,1.3509758631134061
1.3198531482747702,1.1941276010671864,-0.5729022884969378,-2.7234288676000533,-1.022726248045375,-0.45004462708824194,-0.3091607113695748,-2.3521433985825686,-0.3990591759121633,2.950122603751213
-1.5607547646768885,0.8443358238887798,0.9312302146878364,-1.0090608776784733,0.5371499215414643,1.4282792097508987,-2.333879350930702,1.5760307871096302,0.5869418511296087,2.128892852368576
1.0229888858268001,0.9764573167165935,-0.9668688402431834,0.7741058945956896,-1.9148957970997995,-2.2115011631715498,4.767193452599093,-2.449732424384877,-1.9406765406168867,-3.5043730296303583
1.6315898075856912,-0.6093877173389407,1.2796674404646176,0.10889312230027193,-3.647644534819308,-3.2846175755044715,2.8625918253697034,-4.290390649514414,-5.886373848737098,-1.9190660475052541
-0.412966900381768,0.2850378115034276,-0.03283341632514397,-1.2805484413805355,0.9870193111367065,0.1541038123352689,-0.8296567956034824,1.1868790280421857,0.009892510109309555,1.7266571561968866
-1.2182110648371838,-0.6413083469686987,0.5097820026261578,-0.09075993717660788,0.43674016453145725,-0.04642484146189503,0.15482256593125598,1.2560199637810527,-0.618481094878274,0.018535686226425152
-0.4972877624106574,-0.551508349236159,0.021935348610496223,0.534152350989049,-1.2289741071108802,-1.9659936418949562,3.1166448673631697,-0.7113888279664067,-2.331571433616132,-2.279141357097114
0.12798429889612045,-1.0830565848316918,-1.6566837120777518,-1.2533516067009207,0.7365047677273768,-0.5357848823309461,1.9755990987533132,0.4015691261522607,0.7202022025186041,-0.11383371207151616
-1.1666555365394582,0.08786311935523468,1.431660494135849,0.7750970754093944,2.4579466972548043,2.0378611044004007,-2.2947988545923605,2.577588272178406,0.8436789871235808,0.7094688937114075
0.3395553600537411,0.575034156854882,2.6723706418543802,-0.5876423089579115,0.19784182032784167,0.0017774936188114376,-3.2239715279396655,0.13988433663374336,-3.18753586745043,2.853679040238671
1.4164442300513411,0.22102729228068901,-0.3506206545995797,1.2590071099767253,-2.6553002354426503,-1.4517331002345812,6.5147422689955965,-3.975654828604646,-0.7174166606071337,-5.809816524024533
0.26894123913343604,-0.6536422512677471,-0.9133310876537801,-0.020592606153217972,-0.0053020619584159615,-0.31144238331349006,2.005525074968242,-0.04988124210517348,0.3386905603148313,-1.424389850174784
0.13281120787283562,-0.17754612151226523,0.6718000916873059,-0.7682446603250774,-0.17550295297856072,-0.09733645643104932,-1.5669688026333677,-0.05828503142647376,-1.059065211690919,1.6858981637234898
1.2591180523218732,1.0072405818860937,1.2074990583729739,-0.6468458184257908,-3.7623239556541024,-2.4953169609660715,0.9671181999287833,-4.669502787602892,-4.933883477859585,0.26469792289748106
-0.8141843034588315,-0.6242863532545307,-0.10483939837542641,-0.6124538632696551,1.3508003643770772,1.0336729985522781,-0.9717312991034777,1.930936897844246,1.2965250951146075,0.9655750326906417
-0.5041993112701197,0.3603141039325904,-1.816864215667501,-0.7743584056885668,0.6115630188996907,0.9806844796396229,0.7258300198137214,0.8787753108172098,3.59581989865115,0.2642883653786841
-0.5961740365025648,-0.15053600399049671,-0.6334825196160354,0.4937174427851272,-0.1718440925526402,-0.7677469882717819,1.588021338343354,0.23563863331574,-0.3262537654255765,-1.2928980522098596
1.782387454522731,-0.43465506883661564,0.7762039993298142,-1.0477412860887503,-2.80020623258753,-4.676981223556785,3.8400030292259033,-3.7212507707014453,-6.970973078043321,-1.521844035125825
-1.060397031622476,-0.8504691988174053,-1.2356362826083171,-1.6531191558314315,1.709253622644578,0.2491817314170721,-0.3967708961202058,2.4901314899551887,1.2385278490398004,1.654486045296256
2.2614501221563628,-1.0757621487803932,-0.5592812197137361,0.04553865401311989,-4.190762045459433,-4.569670938492223,6.395580343651969,-5.417187893003657,-5.388875528799233,-3.8267687132757913
-0.16682030506782575,1.054326444610071,1.6474552641725264,1.7327781739159624,0.4479208683722746,0.10103902931518996,0.5731158649818578,0.3728216351601433,-2.006000973151867,-1.5662986297845116
-0.5562606744689579,0.07670408800582983,0.9247659585788224,-0.9392889638063474,-0.33783751420653907,0.6729024270253511,-2.492742774971243,0.2574201381285688,0.15928704021122658,2.3989958175318566
0.643456279575323,-1.4982065677280996,1.7979457539349104,1.7985409505611702,-0.511386441189356,-0.38593347404357664,0.7125748744274678,-0.6236289504716115,-2.548479024758224,-1.715086808737246
1.451822407039935,1.2300482658742053,-0.22186873687071743,-0.49859209976606594,-2.6192986867648638,-2.0058972946316995,2.7185778829669336,-3.449157505647161,-2.584224023595611,-0.9965513593217854
-0.707319904184913,0.5663880931822916,1.231062600129164,1.1106468593333094,1.0576205259851712,0.30824580323899853,-1.1054115404378444,1.1212494065868839,-1.1413158022443577,0.13253604187033102
-0.08963097312788798,-1.6409234636364114,-0.3947757957611845,-2.4183870025146823,-0.5454698967010776,-2.4180095092991274,0.5281919241209959,-0.2929736530384894,-2.790524482516377,1.9198685020074355
-1.0793658049931698,0.32917152491203416,0.0447127398616947,1.2931843207544897,1.4721815952393404,-0.0785812234666318,0.5092844052039097,2.2459133810350704,-0.5129636148630758,-1.3156877416374815
0.1792565556088753,0.14479980375351026,-0.39124862372152824,1.201189629649318,0.9956439763765803,0.8048255849938386,1.6177940806625235,0.839547658271523,1.0499299846770747,-1.9803088518458147
-1.9424033933321765,-0.06187491169421079,-0.6134257945618687,0.47073768847538394,3.620446114050442,3.094870183249,-2.4702104075439646,4.6748066039966325,4.684913900622069,1.1295461255006127
0.3304362446006951,-0.1975383279712342,-0.046733345925013145,1.1026960458109636,0.3990808658929875,1.743439467867805,-1.3177540649846824,0.1173364909833366,2.365245344394508,-0.16899826951216304
0.8702749155785066,0.3004096585506226,1.483142356062225,0.39122903589468105,-2.3674518405140987,-2.7177271730918404,2.0672842091934616,-2.551728209012254,-5.390287181664035,-1.6361628468082758
0.3368891518052385,0.3108013208650248,-0.41111604845787975,-1.2139224893243092,-0.5461679512251185,-1.858856645878427,2.4415875532171674,-0.7683784246958308,-2.1667038277675923,-0.5053162606685595
1.099205348730923,-1.278461505999075,-1.631662818727754,-0.1558276336253597,-2.7739571156920557,-4.5001941512598,6.106822947426936,-3.250947035461469,-4.360001936590916,-3.859839328951567
0.2127990720403108,2.1095966412981118,0.23254818484898895,0.5870541058047872,0.6572510728441979,2.793757662910087,-2.402747107588837,0.3167959004069767,3.3608093568600195,1.0882803284312004
0.534012978441611,-0.41086159205943334,-2.2432820199475834,-0.13389630829433785,-0.7809873191377302,-2.678132686466727,4.891663544666761,-1.1591501867532974,-1.3354115702598348,-3.161728654972726
0.20023072548658447,-1.2802903272093804,-0.7491614087621021,0.2814674129259983,-2.10868882642176,-3.5615367117699,5.173641477132778,-1.7235435381857087,-3.756824664568675,-3.4435685412287858
1.0100523721444872,1.498702720943141,-0.21056615039200763,-0.22202764887522536,-0.06309404668400534,1.9699808638350742,-1.99382931755881,-0.835380064692997,2.419688015193238,1.3057440048308326
1.1996574069285153,1.3663308830568146,-0.033475215272508255,-1.1738691675169965,-0.8143461178827699,0.4854618971179244,-3.0087212476436407,-1.4404898894181013,0.13571480856923668,2.8615936177981904
-0.4639671893977153,0.04457283184127443,-1.487902199963534,-0.27753132749102294,1.5469858619230117,1.0979578710430982,-0.9524478718739267,1.9354121963440218,3.027074815746286,0.9130240518948305
1.3655337661392486,2.0257652506022468,-1.8854651175079693,-0.825801260856838,-0.2943601551253505,1.8792335883708267,-1.949073153058005,-1.3331971323279528,3.59375078598563,2.3075465291410535
-0.3681617185818812,-0.8722100427686588,-0.48458113732239366,-2.1682920378212596,-0.21664932436554812,0.3912029218069005,-4.5309448428178785,0.38915890034151557,1.3979576777784957,4.351724183455931
-1.5088736703984846,2.919237337925135,-0.3142387913709057,0.7653200915674258,3.615831287778086,5.931860781525679,-5.901772871274659,4.677157391737461,7.609073230053322,3.49018808987635
-1.2897839424531274,1.7646465470345793,0.7761200441402186,-1.6307778572162932,3.6845930837587892,5.925117131503098,-10.10156218624418,3.9884751666660603,6.854445945203929,7.757843962245865
1.1353737861068458,0.32582049596042545,2.018902257470064,-0.23320298598538047,-1.6236052253737676,-1.5608569474272878,-0.7853814643872543,-2.399171041087219,-4.440390595530391,0.8099628167002582
-0.26523882699103873,-0.18308682269726703,1.563898025400835,1.7993886390736562,0.5109444720434011,1.0861679810495815,0.8660463563373276,0.9270638107266058,-0.4873260771255464,-1.9985924027081416
0.9201987104100732,0.7333253768905702,-1.0570136125566756,1.6146008640942697,-4.493100645345218,-3.251799278084337,7.375393319950036,-4.5927546894990945,-3.3363000842808543,-5.961611119549198
0.41574098813184657,-0.211292317279403,0.0350517429408708,0.7854777407321137,-0.5509013808200716,-0.7095089292489271,0.24085659250331337,-0.6936535577278193,-1.0095543588933695,-0.7315861153707998
-0.959192456006657,1.5061562044087928,-0.9539461860901242,1.0183592837672897,1.8330783377721604,3.1765678726282403,-2.7087816049174345,2.3994919752312818,5.253411016914168,0.8991742971957534
-0.8463913681461284,1.510585411147682,0.6859275540868842,-2.4665222671539655,2.640911418288765,4.523163420249248,-8.353364596004889,2.567649487985309,4.861690843267805,7.850407520358671
-0.2827951319791622,-1.0218717540357813,-0.7905148451514089,0.40105442185654183,0.31259369545042087,-2.1871852798657674,3.8081449531442564,0.8706443026990941,-1.8983542588321367,-2.7159952871227846
0.27411180285405023,0.16042284986223063,-1.3931963910923433,0.6203934581854648,1.6023829969420167,1.94806095145748,0.10969083801318875,1.151625389575624,3.5317590631091855,-0.9240697627471665
-0.26457232016561705,-0.703623968955945,0.37963700042082077,0.3377927490882552,0.2782090411389506,-0.4489837276924615,-0.12177995991685206,0.5453503987846613,-0.9737977257162052,-0.10904693272646632
0.32759168512619874,-0.47954755387723913,-0.9197870901372635,0.3056345688447559,-1.7036268952569837,-1.754788399588747,3.4571854339386845,-1.5809425119067333,-1.104795428420755,-2.473675070040146
0.595575191269202,1.5285332415520865,-0.9714274145792143,0.10744668356854173,0.9322622135735504,1.0726463436251632,-0.09645576159870245,0.5252426997404288,2.006644948044844,-0.20763502677113632
-0.34950932956185154,0.6398870055830223,-0.9586913578103737,0.4008029442764531,-0.951227863353074,0.21289836179986552,-0.2669132986046472,-0.707041800443111,1.9974937338772414,-0.1429694911668834
-0.7920836773697014,0.6046991113253284,0.00292356096649247,-0.9697428322010155,2.034715031967296,2.33993653128162,-3.0432251442348983,2.3612552662927984,2.7938269992519933,2.727827504280526
0.05956276788777071,-0.34486771693252616,0.7046855095798878,0.5346681927946225,-0.548957388618634,0.2506375857762537,-0.2131356925003803,-0.3359718047626855,-0.36367167829365754,-0.29818452754021474
0.219174069740083,-0.19644155994416287,0.5358346621415103,-0.6714404269020162,-0.14024498062955082,2.073250243081327,-5.004217605934257,-0.15124001163463555,1.7058916572232024,3.7746964026149694
-1.493070644968586,0.12346095805762076,1.264619753278436,-1.1398814690533945,2.7831397133359266,3.129785193142184,-5.156420428902122,3.4586288370963096,2.3014146729808704,3.9378039084438328
-0.4623639946185166,1.0004472271776628,0.7197477190509797,-1.5944216531429627,2.3900943000742263,4.611535653239178,-7.44438933120512,2.0753481489948182,5.123379603348403,6.253599507613096
-0.7180723773605873,-0.6763090377944402,0.7842333282064001,1.925604381764126,-0.10431421827384678,-0.22570227674149088,0.40814975604054893,0.5823022167392681,-1.137691954645242,-1.2381818356664478
-0.915436220108315,0.8812888070355391,-0.655930636248522,1.604651240075543,2.5039012188333083,2.2034737796173878,-1.1579846575349597,2.813627535792688,3.3457311055276717,-0.49005607514345356
1.3269274953302013,0.6342612383716916,-1.2724571047406683,-0.7618529079839396,-2.4804558694728094,-1.3190399285821808,1.102396352945758,-3.2317036576045086,-0.10628583545574027,-0.19347322251952945
-0.25649393574902,-0.8973708321375611,-1.2224746936713633,0.7034796965002421,0.17957040620406314,-0.9298869299380007,2.715977948767839,0.708962875432827,-0.12158142014114721,-2.298297991738597
-0.07470127490580751,-0.15171327380390176,0.1721532661681646,-0.354904403920403,1.1053061520310266,1.1196484734520908,-2.3150562716062404,1.0923463180362407,1.2508698184331106,1.8478204090293249
0.1803258686890494,1.1965440153738238,-0.10695575373747351,-1.409447513910417,1.3400160141930486,3.3716174569405455,-7.061449019064659,0.7791508232561155,4.397102816316791,6.217370127790738
-0.7210059667493494,2.767412006858528,-0.5767511392036005,-0.4733317252157831,2.3455987442073494,3.6173396972314467,-5.006572855233222,2.561015928346199,5.406329108568754,3.706648401810247
0.20681584949209714,0.822335822786895,-1.0162996239196935,-0.5953526226699279,-0.2782987489999708,-0.26714117547324306,0.3740107455768834,-0.2686668696508127,0.7442845849744022,0.15740440496597208
0.5491857570680757,1.1568702752772497,0.7872556438120081,-1.7247943037762261,0.06500829230410182,1.1530407040372048,-5.221380829067073,-0.025526827380743848,0.3541138273835149,5.360181598006043
0.6433898013341255,-0.4054318390560509,-1.1474082797005838,-1.4372556083240182,-1.9906821978209641,-1.9582034664333883,1.9480766336080684,-2.3798406996285886,-1.0167832062687308,0.13752440299478647
-1.0548438047849924,-0.7781430532319616,0.09817794750164856,1.1899040517180866,-0.5464095778091691,-0.8587595484938677,3.082770799951318,0.18534239070355393,-1.0127598309814596,-2.683522039987809
0.8727826719966278,1.1363096776742616,-0.5376414842235551,1.297404310197341,-3.1928993879582386,-0.918093298840163,2.8011323135390764,-3.4385757774174865,-0.18202824971046933,-2.569452288874244
1.1837043297110141,0.15342593053561276,0.30348340940731344,-1.3478288903065818,-2.0200465776113234,-1.1552860533862293,-0.3627850954113936,-2.7846801783627884,-1.8292034968573205,1.1467669580364523
-0.39788949059018375,-1.9758825710455186,0.1363752990442149,-1.0655509363579898,-0.3050728393677188,-0.9809947042334107,-1.4345537712551852,0.36270426117930143,-1.7070237935114618,1.713059963503041
-0.5718278521506701,-1.3205222567894506,-1.1832642989348068,-1.3602477659671763,0.7194142833897598,-2.0324355824665274,2.2596570682682353,1.0796360499536255,-2.031194632364268,-0.405931515911836
-0.49124696406906865,-0.4271796651760101,0.5227264802585223,0.07526085027262647,0.44685871174903324,0.14716823232730972,-1.1552805862664,0.7061003654178976,-0.4926940173400492,0.7183113753343056
-0.24103231777451736,-1.8917169772574893,0.026128923446556353,0.5407677924377224,-1.1496240427822941,-1.9088515704725195,3.2945351430838126,-0.4372758401027148,-2.3711359544453257,-2.399339515868913
-1.0079236003743115,0.7730845468284925,0.4251318065211121,1.0629852754346998,1.285621582825405,3.1910374839284503,-3.726076981986113,1.7806094524384408,3.473753048735612,1.3739741142498674
-1.6095686639625153,-0.6028946225504929,-2.4866927852834166,-0.7915256028040284,1.1941114837045816,1.4392116718573662,0.12475040869203076,2.396406520742114,4.865677537923099,0.6793783550133459
0.1870808050147564,-0.5112843641952987,0.07620218596446351,0.7933910309539218,0.8092305683001928,0.5749363214169871,-2.4765431989663496,0.3855991899970487,0.7161197037800704,0.7675618179276602
-0.031414887249760465,-0.881331918806574,-0.46356082797451487,0.6653643351717065,-0.5028276002138425,-2.139166953860741,4.828191071152483,-0.3464934222271546,-1.7601643372435405,-3.5733974561978723
0.9389659957367692,0.6791790993845692,-0.5933168211459002,-1.6974978102441602,-1.1371350690430515,-1.5402354350906968,0.7920055299565071,-1.7932036343928077,-1.5085650532574757,1.0844763687628476
1.1724582725395103,-1.2063177244222312,-0.17756063718033727,-0.7331090528995476,-2.4823664555132368,-2.5832976291304797,2.4766793313373205,-3.195717400099288,-3.1879469367936797,-0.8687235143526345
1.837373529389281,-1.0086882569962592,-0.2596980266307495,0.10317235618776119,-2.4494851058718043,-3.2499593295077687,2.8962273958803872,-3.539576360082712,-4.032662224376357,-1.846100932041715
-2.016192018557287,0.3796711594445968,0.9548250192545421,0.27983299982385407,4.668403041669701,5.199114379463754,-5.398129189435982,5.3968171427249585,5.212909653786575,3.175654625205406
0.6027894229990047,1.2334446675320387,1.7508752269426109,-1.5228819734576258,-0.504297942769039,-0.86655099030169,-1.4227214558040393,-0.39368218451781345,-2.8243830917781105,1.9441120484548955
1.560067133751782,-0.8449665116535512,-0.3382687341493332,-2.3475240388622467,-3.228303918133215,-5.0801856324188215,4.294156480655269,-4.248490978177326,-6.7193671218485065,-0.6278847017148254
-0.5563520933609207,-0.3324148288491025,-0.36572097952930943,-0.008024449858259064,0.4189938652741579,-1.8359221061290658,2.8973393681330397,1.0008814165542539,-2.2667066829394162,-1.8867939746727322
0.8209075571495087,-0.7570991902783668,1.2802584335204876,1.9644833336891843,-2.170581839668519,-3.2445071228899574,5.758396768484299,-2.8780286176933054,-5.34511712857452,-5.018322714651221
1.2872967938371056,-0.27581156667539525,1.4172975530735143,-1.1156119752007907,-1.771252939975857,-1.6842327965143367,0.8186153076794787,-2.5917616284122404,-3.461497779198835,0.2089532746757352
-0.4145058077985798,-0.5809077808979306,-1.70456001794988,0.2542157423465205,0.4809912970121995,-1.6506355487064477,4.161128655635034,0.8599406726412989,-0.5247222734368957,-2.822218686809104
-0.44508414996311796,0.15784079992098188,-0.4310501797080239,-0.7695876525479818,1.1692448801850621,2.165698621904634,-4.2012569098253865,1.4245082163635348,3.2808747626310897,3.5451980438795347
1.6200169417082253,0.10079678931553991,-0.2829845881174194,-1.7855217173389932,-3.5119385117966497,-3.6424123988594244,3.9736167594445124,-4.472753045334988,-4.6117993688194625,-0.7849024485495969
-0.3316079741863205,-1.6697129170517446,-0.8794211691807694,1.6299110872865885,0.218338678726449,-1.6938310796019642,4.805829402283071,0.6389465526635404,-0.9625100716300445,-4.302480451335497
-0.1861637492923489,-0.8264822919776933,0.6187806420602744,-0.1985919423575015,-0.15565891673494336,-0.4597362238779817,-0.7138169266484456,0.12580175220497977,-1.361316695438005,0.5661610107984151
-0.5065007894936148,0.7331494307611869,-0.8419077231640176,0.38119264710677386,2.6751397539907296,3.0312353213817587,-2.9633711518766477,2.6107268555142724,4.784323645969647,1.6132286964013842
1.4941796047250626,-0.6056802200080316,-0.4297329420742579,-1.2034742773962614,-2.513573858867953,-3.4328443235849964,2.4759025934837036,-3.465500601749711,-4.198354166089083,-0.45336336060465393
-0.5727978115091276,-0.4525961165710249,-0.22593374027429958,0.1135950037302795,0.1751858153717795,1.752221631360601,-2.031597247701707,0.8157423622323697,2.2877990394800043,1.2135546025298705
1.2833291155108513,-0.36684180963637714,-0.40284586705953784,2.2959823076331873,-2.0523506578979624,-2.4219661340920347,6.757053048285007,-3.2615813816524155,-2.3370025423123697,-6.122610423656684
-0.1049464511351291,-0.8157024536887802,0.8193564539619432,0.6415029739510649,-2.0811443323165717,-3.6669723205043865,5.324189734453456,-2.312104232789631,-5.5800358289248475,-3.6785152254904343
-1.5159687602100553,1.7607151299828752,1.1538135547735229,-0.2325522549463862,3.6505035355515143,5.053160633446427,-7.658176325719509,4.198931196101353,5.051648802927414,5.072992765045394
0.5219420021660831,0.7548192762752253,1.497512334545341,1.4848810897402214,-1.4248739369829777,-0.4667182135545173,1.8484513057699805,-1.1408151937814919,-2.568781682493549,-2.404408357251838
-0.4570291276725744,0.012105944812258266,-1.6234417841522026,1.0955472875558476,-0.008644389012398564,1.9157750439595778,0.3124809777867579,0.40996191922297764,4.056802223989712,-1.2820290440585882
1.8894383731067521,1.6052384479352917,0.9294300453758694,-1.7845836265223713,-0.9056740993957108,-0.24953323934015983,-2.087037536544453,-2.1795858044969485,-1.0743898381049986,2.449766278682352
0.3232503671176946,2.499628017966715,-0.5991426463682771,0.7164848342134048,0.3789592790321086,3.1959119170011285,-3.739573944478813,-0.005302699649647205,5.004962536480079,2.0027589715929865
0.03407146566815669,1.3573957481839742,0.32616347806798474,-0.8409752200513556,0.4837775590874798,1.785885715902653,-6.178322594489718,0.8957600103494414,2.091955030620491,4.758149480770381
1.168599982974028,-0.2892466396810953,-0.3401334246821037,0.04425099865075913,-2.4698917280617345,-4.102770815182493,3.9884041137492927,-2.804437748591722,-5.237518227759711,-2.2602957474960665
-0.8230752408621314,0.0009716016853038023,-3.0525275599256494,1.0730676435745563,1.3125873482481392,1.749160705981454,2.016952078788948,1.6443155159927763,5.133680983954463,-2.564733968511847
