[2026-04-24 03:41:32,251][dowhy.causal_model][INFO] - Model to find the causal effect of treatment ['X0'] on outcome ['X1']
[2026-04-24 03:41:32,251][dowhy.causal_identifier.auto_identifier][INFO] - Causal effect can be identified.
[2026-04-24 03:41:32,252][dowhy.causal_identifier.auto_identifier][INFO] - Instrumental variables for treatment and outcome:[]
[2026-04-24 03:41:32,252][dowhy.causal_identifier.auto_identifier][INFO] - Frontdoor variables for treatment and outcome:[]
[2026-04-24 03:41:32,252][dowhy.causal_model][INFO] - linear_regression
[2026-04-24 03:41:32,252][dowhy.causal_estimator][INFO] - INFO: Using Linear Regression Estimator
[2026-04-24 03:41:32,252][dowhy.causal_estimator][INFO] - b: X1~X0
[2026-04-24 03:41:32,259][dowhy.causal_model][INFO] - Model to find the causal effect of treatment ['X0'] on outcome ['X2']
[2026-04-24 03:41:32,259][dowhy.causal_identifier.auto_identifier][INFO] - Causal effect can be identified.
[2026-04-24 03:41:32,259][dowhy.causal_identifier.auto_identifier][INFO] - Instrumental variables for treatment and outcome:[]
[2026-04-24 03:41:32,259][dowhy.causal_identifier.auto_identifier][INFO] - Frontdoor variables for treatment and outcome:['X1']
[2026-04-24 03:41:32,260][dowhy.causal_identifier.auto_identifier][INFO] - Causal effect can be identified.
[2026-04-24 03:41:32,261][dowhy.causal_identifier.auto_identifier][INFO] - Causal effect can be identified.
[2026-04-24 03:41:32,261][dowhy.causal_model][INFO] - linear_regression
[2026-04-24 03:41:32,261][dowhy.causal_estimator][INFO] - INFO: Using Linear Regression Estimator
[2026-04-24 03:41:32,261][dowhy.causal_estimator][INFO] - b: X2~X0
[2026-04-24 03:41:32,267][dowhy.causal_model][INFO] - Model to find the causal effect of treatment ['X0'] on outcome ['X3']
[2026-04-24 03:41:32,267][dowhy.causal_identifier.auto_identifier][INFO] - Causal effect can be identified.
[2026-04-24 03:41:32,268][dowhy.causal_identifier.auto_identifier][INFO] - Instrumental variables for treatment and outcome:[]
[2026-04-24 03:41:32,268][dowhy.causal_identifier.auto_identifier][INFO] - Frontdoor variables for treatment and outcome:['X2', 'X1']
[2026-04-24 03:41:32,268][dowhy.causal_identifier.auto_identifier][INFO] - Causal effect can be identified.
[2026-04-24 03:41:32,269][dowhy.causal_identifier.auto_identifier][INFO] - Causal effect can be identified.
[2026-04-24 03:41:32,269][dowhy.causal_model][INFO] - linear_regression
[2026-04-24 03:41:32,269][dowhy.causal_estimator][INFO] - INFO: Using Linear Regression Estimator
[2026-04-24 03:41:32,269][dowhy.causal_estimator][INFO] - b: X3~X0
[2026-04-24 03:41:32,275][dowhy.causal_model][INFO] - Model to find the causal effect of treatment ['X0'] on outcome ['X4']
[2026-04-24 03:41:32,275][dowhy.causal_identifier.auto_identifier][INFO] - Causal effect can be identified.
[2026-04-24 03:41:32,275][dowhy.causal_identifier.auto_identifier][INFO] - Instrumental variables for treatment and outcome:[]
[2026-04-24 03:41:32,276][dowhy.causal_identifier.auto_identifier][INFO] - Frontdoor variables for treatment and outcome:['X2', 'X3', 'X1']
[2026-04-24 03:41:32,277][dowhy.causal_identifier.auto_identifier][INFO] - Causal effect can be identified.
[2026-04-24 03:41:32,277][dowhy.causal_identifier.auto_identifier][INFO] - Causal effect can be identified.
[2026-04-24 03:41:32,277][dowhy.causal_model][INFO] - linear_regression
[2026-04-24 03:41:32,278][dowhy.causal_estimator][INFO] - INFO: Using Linear Regression Estimator
[2026-04-24 03:41:32,278][dowhy.causal_estimator][INFO] - b: X4~X0
[2026-04-24 03:41:32,283][dowhy.causal_model][INFO] - Model to find the causal effect of treatment ['X0'] on outcome ['X5']
[2026-04-24 03:41:32,283][dowhy.causal_identifier.auto_identifier][INFO] - Causal effect can be identified.
[2026-04-24 03:41:32,284][dowhy.causal_identifier.auto_identifier][INFO] - Instrumental variables for treatment and outcome:[]
[2026-04-24 03:41:32,285][dowhy.causal_identifier.auto_identifier][INFO] - Frontdoor variables for treatment and outcome:['X2', 'X3', 'X4', 'X1']
[2026-04-24 03:41:32,285][dowhy.causal_identifier.auto_identifier][INFO] - Causal effect can be identified.
[2026-04-24 03:41:32,285][dowhy.causal_identifier.auto_identifier][INFO] - Causal effect can be identified.
[2026-04-24 03:41:32,286][dowhy.causal_model][INFO] - linear_regression
[2026-04-24 03:41:32,286][dowhy.causal_estimator][INFO] - INFO: Using Linear Regression Estimator
[2026-04-24 03:41:32,286][dowhy.causal_estimator][INFO] - b: X5~X0
[2026-04-24 03:41:32,324][dowhy.causal_model][INFO] - Model to find the causal effect of treatment ['X1'] on outcome ['X0']
[2026-04-24 03:41:32,324][dowhy.causal_identifier.auto_identifier][WARNING] - No directed path from treatment to outcome. Causal Effect is zero.
[2026-04-24 03:41:32,324][dowhy.causal_model][INFO] - linear_regression
[2026-04-24 03:41:32,325][dowhy.causal_estimator][INFO] - INFO: Using Linear Regression Estimator
[2026-04-24 03:41:32,325][dowhy.causal_estimator][WARNING] - No directed path from ['X1'] to ['X0'].
[2026-04-24 03:41:32,326][dowhy.causal_model][INFO] - Model to find the causal effect of treatment ['X1'] on outcome ['X2']
[2026-04-24 03:41:32,327][dowhy.causal_identifier.auto_identifier][INFO] - Causal effect can be identified.
[2026-04-24 03:41:32,327][dowhy.causal_identifier.auto_identifier][INFO] - Instrumental variables for treatment and outcome:['X0']
[2026-04-24 03:41:32,327][dowhy.causal_identifier.auto_identifier][INFO] - Frontdoor variables for treatment and outcome:[]
[2026-04-24 03:41:32,327][dowhy.causal_model][INFO] - linear_regression
[2026-04-24 03:41:32,327][dowhy.causal_estimator][INFO] - INFO: Using Linear Regression Estimator
[2026-04-24 03:41:32,328][dowhy.causal_estimator][INFO] - b: X2~X1
[2026-04-24 03:41:32,333][dowhy.causal_model][INFO] - Model to find the causal effect of treatment ['X1'] on outcome ['X3']
[2026-04-24 03:41:32,334][dowhy.causal_identifier.auto_identifier][INFO] - Causal effect can be identified.
[2026-04-24 03:41:32,334][dowhy.causal_identifier.auto_identifier][INFO] - Instrumental variables for treatment and outcome:['X0']
[2026-04-24 03:41:32,335][dowhy.causal_identifier.auto_identifier][INFO] - Frontdoor variables for treatment and outcome:['X2']
[2026-04-24 03:41:32,335][dowhy.causal_identifier.auto_identifier][INFO] - Causal effect can be identified.
[2026-04-24 03:41:32,336][dowhy.causal_identifier.auto_identifier][INFO] - Causal effect can be identified.
[2026-04-24 03:41:32,336][dowhy.causal_model][INFO] - linear_regression
[2026-04-24 03:41:32,337][dowhy.causal_estimator][INFO] - INFO: Using Linear Regression Estimator
[2026-04-24 03:41:32,337][dowhy.causal_estimator][INFO] - b: X3~X1
[2026-04-24 03:41:32,342][dowhy.causal_model][INFO] - Model to find the causal effect of treatment ['X1'] on outcome ['X4']
[2026-04-24 03:41:32,343][dowhy.causal_identifier.auto_identifier][INFO] - Causal effect can be identified.
[2026-04-24 03:41:32,343][dowhy.causal_identifier.auto_identifier][INFO] - Instrumental variables for treatment and outcome:['X0']
[2026-04-24 03:41:32,344][dowhy.causal_identifier.auto_identifier][INFO] - Frontdoor variables for treatment and outcome:['X2', 'X3']
[2026-04-24 03:41:32,344][dowhy.causal_identifier.auto_identifier][INFO] - Causal effect can be identified.
[2026-04-24 03:41:32,345][dowhy.causal_identifier.auto_identifier][INFO] - Causal effect can be identified.
[2026-04-24 03:41:32,346][dowhy.causal_model][INFO] - linear_regression
[2026-04-24 03:41:32,346][dowhy.causal_estimator][INFO] - INFO: Using Linear Regression Estimator
[2026-04-24 03:41:32,346][dowhy.causal_estimator][INFO] - b: X4~X1
[2026-04-24 03:41:32,352][dowhy.causal_model][INFO] - Model to find the causal effect of treatment ['X1'] on outcome ['X5']
[2026-04-24 03:41:32,352][dowhy.causal_identifier.auto_identifier][INFO] - Causal effect can be identified.
[2026-04-24 03:41:32,352][dowhy.causal_identifier.auto_identifier][INFO] - Instrumental variables for treatment and outcome:['X0']
[2026-04-24 03:41:32,353][dowhy.causal_identifier.auto_identifier][INFO] - Frontdoor variables for treatment and outcome:['X2', 'X3', 'X4']
[2026-04-24 03:41:32,354][dowhy.causal_identifier.auto_identifier][INFO] - Causal effect can be identified.
[2026-04-24 03:41:32,355][dowhy.causal_identifier.auto_identifier][INFO] - Causal effect can be identified.
[2026-04-24 03:41:32,355][dowhy.causal_model][INFO] - linear_regression
[2026-04-24 03:41:32,355][dowhy.causal_estimator][INFO] - INFO: Using Linear Regression Estimator
[2026-04-24 03:41:32,355][dowhy.causal_estimator][INFO] - b: X5~X1
[2026-04-24 03:41:32,396][dowhy.causal_model][INFO] - Model to find the causal effect of treatment ['X2'] on outcome ['X0']
[2026-04-24 03:41:32,396][dowhy.causal_identifier.auto_identifier][WARNING] - No directed path from treatment to outcome. Causal Effect is zero.
[2026-04-24 03:41:32,396][dowhy.causal_model][INFO] - linear_regression
[2026-04-24 03:41:32,396][dowhy.causal_estimator][INFO] - INFO: Using Linear Regression Estimator
[2026-04-24 03:41:32,396][dowhy.causal_estimator][WARNING] - No directed path from ['X2'] to ['X0'].
[2026-04-24 03:41:32,398][dowhy.causal_model][INFO] - Model to find the causal effect of treatment ['X2'] on outcome ['X1']
[2026-04-24 03:41:32,398][dowhy.causal_identifier.auto_identifier][WARNING] - No directed path from treatment to outcome. Causal Effect is zero.
[2026-04-24 03:41:32,398][dowhy.causal_model][INFO] - linear_regression
[2026-04-24 03:41:32,398][dowhy.causal_estimator][INFO] - INFO: Using Linear Regression Estimator
[2026-04-24 03:41:32,398][dowhy.causal_estimator][WARNING] - No directed path from ['X2'] to ['X1'].
[2026-04-24 03:41:32,399][dowhy.causal_model][INFO] - Model to find the causal effect of treatment ['X2'] on outcome ['X3']
[2026-04-24 03:41:32,400][dowhy.causal_identifier.auto_identifier][INFO] - Causal effect can be identified.
[2026-04-24 03:41:32,400][dowhy.causal_identifier.auto_identifier][INFO] - Instrumental variables for treatment and outcome:['X1']
[2026-04-24 03:41:32,401][dowhy.causal_identifier.auto_identifier][INFO] - Frontdoor variables for treatment and outcome:[]
[2026-04-24 03:41:32,401][dowhy.causal_model][INFO] - linear_regression
[2026-04-24 03:41:32,401][dowhy.causal_estimator][INFO] - INFO: Using Linear Regression Estimator
[2026-04-24 03:41:32,401][dowhy.causal_estimator][INFO] - b: X3~X2
[2026-04-24 03:41:32,407][dowhy.causal_model][INFO] - Model to find the causal effect of treatment ['X2'] on outcome ['X4']
[2026-04-24 03:41:32,407][dowhy.causal_identifier.auto_identifier][INFO] - Causal effect can be identified.
[2026-04-24 03:41:32,408][dowhy.causal_identifier.auto_identifier][INFO] - Instrumental variables for treatment and outcome:['X1']
[2026-04-24 03:41:32,408][dowhy.causal_identifier.auto_identifier][INFO] - Frontdoor variables for treatment and outcome:['X3']
[2026-04-24 03:41:32,409][dowhy.causal_identifier.auto_identifier][INFO] - Causal effect can be identified.
[2026-04-24 03:41:32,410][dowhy.causal_identifier.auto_identifier][INFO] - Causal effect can be identified.
[2026-04-24 03:41:32,411][dowhy.causal_model][INFO] - linear_regression
[2026-04-24 03:41:32,411][dowhy.causal_estimator][INFO] - INFO: Using Linear Regression Estimator
[2026-04-24 03:41:32,411][dowhy.causal_estimator][INFO] - b: X4~X2
[2026-04-24 03:41:32,417][dowhy.causal_model][INFO] - Model to find the causal effect of treatment ['X2'] on outcome ['X5']
[2026-04-24 03:41:32,418][dowhy.causal_identifier.auto_identifier][INFO] - Causal effect can be identified.
[2026-04-24 03:41:32,418][dowhy.causal_identifier.auto_identifier][INFO] - Instrumental variables for treatment and outcome:['X1']
[2026-04-24 03:41:32,419][dowhy.causal_identifier.auto_identifier][INFO] - Frontdoor variables for treatment and outcome:['X3', 'X4']
[2026-04-24 03:41:32,420][dowhy.causal_identifier.auto_identifier][INFO] - Causal effect can be identified.
[2026-04-24 03:41:32,421][dowhy.causal_identifier.auto_identifier][INFO] - Causal effect can be identified.
[2026-04-24 03:41:32,422][dowhy.causal_model][INFO] - linear_regression
[2026-04-24 03:41:32,422][dowhy.causal_estimator][INFO] - INFO: Using Linear Regression Estimator
[2026-04-24 03:41:32,422][dowhy.causal_estimator][INFO] - b: X5~X2
[2026-04-24 03:41:32,469][dowhy.causal_model][INFO] - Model to find the causal effect of treatment ['X3'] on outcome ['X0']
[2026-04-24 03:41:32,469][dowhy.causal_identifier.auto_identifier][WARNING] - No directed path from treatment to outcome. Causal Effect is zero.
[2026-04-24 03:41:32,469][dowhy.causal_model][INFO] - linear_regression
[2026-04-24 03:41:32,469][dowhy.causal_estimator][INFO] - INFO: Using Linear Regression Estimator
[2026-04-24 03:41:32,469][dowhy.causal_estimator][WARNING] - No directed path from ['X3'] to ['X0'].
[2026-04-24 03:41:32,471][dowhy.causal_model][INFO] - Model to find the causal effect of treatment ['X3'] on outcome ['X1']
[2026-04-24 03:41:32,471][dowhy.causal_identifier.auto_identifier][WARNING] - No directed path from treatment to outcome. Causal Effect is zero.
[2026-04-24 03:41:32,471][dowhy.causal_model][INFO] - linear_regression
[2026-04-24 03:41:32,471][dowhy.causal_estimator][INFO] - INFO: Using Linear Regression Estimator
[2026-04-24 03:41:32,471][dowhy.causal_estimator][WARNING] - No directed path from ['X3'] to ['X1'].
[2026-04-24 03:41:32,473][dowhy.causal_model][INFO] - Model to find the causal effect of treatment ['X3'] on outcome ['X2']
[2026-04-24 03:41:32,473][dowhy.causal_identifier.auto_identifier][WARNING] - No directed path from treatment to outcome. Causal Effect is zero.
[2026-04-24 03:41:32,473][dowhy.causal_model][INFO] - linear_regression
[2026-04-24 03:41:32,473][dowhy.causal_estimator][INFO] - INFO: Using Linear Regression Estimator
[2026-04-24 03:41:32,473][dowhy.causal_estimator][WARNING] - No directed path from ['X3'] to ['X2'].
[2026-04-24 03:41:32,475][dowhy.causal_model][INFO] - Model to find the causal effect of treatment ['X3'] on outcome ['X4']
[2026-04-24 03:41:32,476][dowhy.causal_identifier.auto_identifier][INFO] - Causal effect can be identified.
[2026-04-24 03:41:32,477][dowhy.causal_identifier.auto_identifier][INFO] - Instrumental variables for treatment and outcome:['X2']
[2026-04-24 03:41:32,477][dowhy.causal_identifier.auto_identifier][INFO] - Frontdoor variables for treatment and outcome:[]
[2026-04-24 03:41:32,477][dowhy.causal_model][INFO] - linear_regression
[2026-04-24 03:41:32,477][dowhy.causal_estimator][INFO] - INFO: Using Linear Regression Estimator
[2026-04-24 03:41:32,477][dowhy.causal_estimator][INFO] - b: X4~X3
[2026-04-24 03:41:32,484][dowhy.causal_model][INFO] - Model to find the causal effect of treatment ['X3'] on outcome ['X5']
[2026-04-24 03:41:32,485][dowhy.causal_identifier.auto_identifier][INFO] - Causal effect can be identified.
[2026-04-24 03:41:32,485][dowhy.causal_identifier.auto_identifier][INFO] - Instrumental variables for treatment and outcome:['X2']
[2026-04-24 03:41:32,486][dowhy.causal_identifier.auto_identifier][INFO] - Frontdoor variables for treatment and outcome:['X4']
[2026-04-24 03:41:32,487][dowhy.causal_identifier.auto_identifier][INFO] - Causal effect can be identified.
[2026-04-24 03:41:32,488][dowhy.causal_identifier.auto_identifier][INFO] - Causal effect can be identified.
[2026-04-24 03:41:32,489][dowhy.causal_model][INFO] - linear_regression
[2026-04-24 03:41:32,489][dowhy.causal_estimator][INFO] - INFO: Using Linear Regression Estimator
[2026-04-24 03:41:32,489][dowhy.causal_estimator][INFO] - b: X5~X3
[2026-04-24 03:41:32,532][dowhy.causal_model][INFO] - Model to find the causal effect of treatment ['X4'] on outcome ['X0']
[2026-04-24 03:41:32,532][dowhy.causal_identifier.auto_identifier][WARNING] - No directed path from treatment to outcome. Causal Effect is zero.
[2026-04-24 03:41:32,532][dowhy.causal_model][INFO] - linear_regression
[2026-04-24 03:41:32,532][dowhy.causal_estimator][INFO] - INFO: Using Linear Regression Estimator
[2026-04-24 03:41:32,532][dowhy.causal_estimator][WARNING] - No directed path from ['X4'] to ['X0'].
[2026-04-24 03:41:32,534][dowhy.causal_model][INFO] - Model to find the causal effect of treatment ['X4'] on outcome ['X1']
[2026-04-24 03:41:32,534][dowhy.causal_identifier.auto_identifier][WARNING] - No directed path from treatment to outcome. Causal Effect is zero.
[2026-04-24 03:41:32,534][dowhy.causal_model][INFO] - linear_regression
[2026-04-24 03:41:32,534][dowhy.causal_estimator][INFO] - INFO: Using Linear Regression Estimator
[2026-04-24 03:41:32,534][dowhy.causal_estimator][WARNING] - No directed path from ['X4'] to ['X1'].
[2026-04-24 03:41:32,536][dowhy.causal_model][INFO] - Model to find the causal effect of treatment ['X4'] on outcome ['X2']
[2026-04-24 03:41:32,536][dowhy.causal_identifier.auto_identifier][WARNING] - No directed path from treatment to outcome. Causal Effect is zero.
[2026-04-24 03:41:32,536][dowhy.causal_model][INFO] - linear_regression
[2026-04-24 03:41:32,536][dowhy.causal_estimator][INFO] - INFO: Using Linear Regression Estimator
[2026-04-24 03:41:32,536][dowhy.causal_estimator][WARNING] - No directed path from ['X4'] to ['X2'].
[2026-04-24 03:41:32,537][dowhy.causal_model][INFO] - Model to find the causal effect of treatment ['X4'] on outcome ['X3']
[2026-04-24 03:41:32,537][dowhy.causal_identifier.auto_identifier][WARNING] - No directed path from treatment to outcome. Causal Effect is zero.
[2026-04-24 03:41:32,538][dowhy.causal_model][INFO] - linear_regression
[2026-04-24 03:41:32,538][dowhy.causal_estimator][INFO] - INFO: Using Linear Regression Estimator
[2026-04-24 03:41:32,538][dowhy.causal_estimator][WARNING] - No directed path from ['X4'] to ['X3'].
[2026-04-24 03:41:32,539][dowhy.causal_model][INFO] - Model to find the causal effect of treatment ['X4'] on outcome ['X5']
[2026-04-24 03:41:32,540][dowhy.causal_identifier.auto_identifier][INFO] - Causal effect can be identified.
[2026-04-24 03:41:32,541][dowhy.causal_identifier.auto_identifier][INFO] - Instrumental variables for treatment and outcome:['X3']
[2026-04-24 03:41:32,541][dowhy.causal_identifier.auto_identifier][INFO] - Frontdoor variables for treatment and outcome:[]
[2026-04-24 03:41:32,541][dowhy.causal_model][INFO] - linear_regression
[2026-04-24 03:41:32,541][dowhy.causal_estimator][INFO] - INFO: Using Linear Regression Estimator
[2026-04-24 03:41:32,541][dowhy.causal_estimator][INFO] - b: X5~X4
[2026-04-24 03:41:32,578][dowhy.causal_model][INFO] - Model to find the causal effect of treatment ['X5'] on outcome ['X0']
[2026-04-24 03:41:32,578][dowhy.causal_identifier.auto_identifier][WARNING] - No directed path from treatment to outcome. Causal Effect is zero.
[2026-04-24 03:41:32,578][dowhy.causal_model][INFO] - linear_regression
[2026-04-24 03:41:32,578][dowhy.causal_estimator][INFO] - INFO: Using Linear Regression Estimator
[2026-04-24 03:41:32,578][dowhy.causal_estimator][WARNING] - No directed path from ['X5'] to ['X0'].
[2026-04-24 03:41:32,580][dowhy.causal_model][INFO] - Model to find the causal effect of treatment ['X5'] on outcome ['X1']
[2026-04-24 03:41:32,580][dowhy.causal_identifier.auto_identifier][WARNING] - No directed path from treatment to outcome. Causal Effect is zero.
[2026-04-24 03:41:32,580][dowhy.causal_model][INFO] - linear_regression
[2026-04-24 03:41:32,580][dowhy.causal_estimator][INFO] - INFO: Using Linear Regression Estimator
[2026-04-24 03:41:32,580][dowhy.causal_estimator][WARNING] - No directed path from ['X5'] to ['X1'].
[2026-04-24 03:41:32,581][dowhy.causal_model][INFO] - Model to find the causal effect of treatment ['X5'] on outcome ['X2']
[2026-04-24 03:41:32,581][dowhy.causal_identifier.auto_identifier][WARNING] - No directed path from treatment to outcome. Causal Effect is zero.
[2026-04-24 03:41:32,581][dowhy.causal_model][INFO] - linear_regression
[2026-04-24 03:41:32,581][dowhy.causal_estimator][INFO] - INFO: Using Linear Regression Estimator
[2026-04-24 03:41:32,581][dowhy.causal_estimator][WARNING] - No directed path from ['X5'] to ['X2'].
[2026-04-24 03:41:32,583][dowhy.causal_model][INFO] - Model to find the causal effect of treatment ['X5'] on outcome ['X3']
[2026-04-24 03:41:32,583][dowhy.causal_identifier.auto_identifier][WARNING] - No directed path from treatment to outcome. Causal Effect is zero.
[2026-04-24 03:41:32,583][dowhy.causal_model][INFO] - linear_regression
[2026-04-24 03:41:32,583][dowhy.causal_estimator][INFO] - INFO: Using Linear Regression Estimator
[2026-04-24 03:41:32,583][dowhy.causal_estimator][WARNING] - No directed path from ['X5'] to ['X3'].
[2026-04-24 03:41:32,585][dowhy.causal_model][INFO] - Model to find the causal effect of treatment ['X5'] on outcome ['X4']
[2026-04-24 03:41:32,585][dowhy.causal_identifier.auto_identifier][WARNING] - No directed path from treatment to outcome. Causal Effect is zero.
[2026-04-24 03:41:32,585][dowhy.causal_model][INFO] - linear_regression
[2026-04-24 03:41:32,585][dowhy.causal_estimator][INFO] - INFO: Using Linear Regression Estimator
[2026-04-24 03:41:32,585][dowhy.causal_estimator][WARNING] - No directed path from ['X5'] to ['X4'].
[2026-04-24 03:41:32,634][dowhy.causal_model][INFO] - Model to find the causal effect of treatment ['X0'] on outcome ['X1']
[2026-04-24 03:41:32,634][dowhy.causal_identifier.auto_identifier][INFO] - Causal effect can be identified.
[2026-04-24 03:41:32,635][dowhy.causal_identifier.auto_identifier][INFO] - Instrumental variables for treatment and outcome:[]
[2026-04-24 03:41:32,635][dowhy.causal_identifier.auto_identifier][INFO] - Frontdoor variables for treatment and outcome:[]
[2026-04-24 03:41:32,635][dowhy.causal_model][INFO] - linear_regression
[2026-04-24 03:41:32,635][dowhy.causal_estimator][INFO] - INFO: Using Linear Regression Estimator
[2026-04-24 03:41:32,635][dowhy.causal_estimator][INFO] - b: X1~X0
[2026-04-24 03:41:32,642][dowhy.causal_model][INFO] - Model to find the causal effect of treatment ['X0'] on outcome ['X2']
[2026-04-24 03:41:32,642][dowhy.causal_identifier.auto_identifier][INFO] - Causal effect can be identified.
[2026-04-24 03:41:32,642][dowhy.causal_identifier.auto_identifier][INFO] - Instrumental variables for treatment and outcome:[]
[2026-04-24 03:41:32,642][dowhy.causal_identifier.auto_identifier][INFO] - Frontdoor variables for treatment and outcome:['X1']
[2026-04-24 03:41:32,643][dowhy.causal_identifier.auto_identifier][INFO] - Causal effect can be identified.
[2026-04-24 03:41:32,643][dowhy.causal_identifier.auto_identifier][INFO] - Causal effect can be identified.
[2026-04-24 03:41:32,644][dowhy.causal_model][INFO] - linear_regression
[2026-04-24 03:41:32,644][dowhy.causal_estimator][INFO] - INFO: Using Linear Regression Estimator
[2026-04-24 03:41:32,644][dowhy.causal_estimator][INFO] - b: X2~X0
[2026-04-24 03:41:32,650][dowhy.causal_model][INFO] - Model to find the causal effect of treatment ['X0'] on outcome ['X3']
[2026-04-24 03:41:32,650][dowhy.causal_identifier.auto_identifier][INFO] - Causal effect can be identified.
[2026-04-24 03:41:32,651][dowhy.causal_identifier.auto_identifier][INFO] - Instrumental variables for treatment and outcome:[]
[2026-04-24 03:41:32,651][dowhy.causal_identifier.auto_identifier][INFO] - Frontdoor variables for treatment and outcome:['X2', 'X1']
[2026-04-24 03:41:32,652][dowhy.causal_identifier.auto_identifier][INFO] - Causal effect can be identified.
[2026-04-24 03:41:32,652][dowhy.causal_identifier.auto_identifier][INFO] - Causal effect can be identified.
[2026-04-24 03:41:32,652][dowhy.causal_model][INFO] - linear_regression
[2026-04-24 03:41:32,653][dowhy.causal_estimator][INFO] - INFO: Using Linear Regression Estimator
[2026-04-24 03:41:32,653][dowhy.causal_estimator][INFO] - b: X3~X0
[2026-04-24 03:41:32,659][dowhy.causal_model][INFO] - Model to find the causal effect of treatment ['X0'] on outcome ['X4']
[2026-04-24 03:41:32,660][dowhy.causal_identifier.auto_identifier][INFO] - Causal effect can be identified.
[2026-04-24 03:41:32,660][dowhy.causal_identifier.auto_identifier][INFO] - Instrumental variables for treatment and outcome:[]
[2026-04-24 03:41:32,660][dowhy.causal_identifier.auto_identifier][INFO] - Frontdoor variables for treatment and outcome:['X2', 'X3', 'X1']
[2026-04-24 03:41:32,661][dowhy.causal_identifier.auto_identifier][INFO] - Causal effect can be identified.
[2026-04-24 03:41:32,661][dowhy.causal_identifier.auto_identifier][INFO] - Causal effect can be identified.
[2026-04-24 03:41:32,662][dowhy.causal_model][INFO] - linear_regression
[2026-04-24 03:41:32,662][dowhy.causal_estimator][INFO] - INFO: Using Linear Regression Estimator
[2026-04-24 03:41:32,662][dowhy.causal_estimator][INFO] - b: X4~X0
[2026-04-24 03:41:32,669][dowhy.causal_model][INFO] - Model to find the causal effect of treatment ['X0'] on outcome ['X5']
[2026-04-24 03:41:32,669][dowhy.causal_identifier.auto_identifier][INFO] - Causal effect can be identified.
[2026-04-24 03:41:32,669][dowhy.causal_identifier.auto_identifier][INFO] - Instrumental variables for treatment and outcome:[]
[2026-04-24 03:41:32,670][dowhy.causal_identifier.auto_identifier][INFO] - Frontdoor variables for treatment and outcome:['X2', 'X3', 'X4', 'X1']
[2026-04-24 03:41:32,671][dowhy.causal_identifier.auto_identifier][INFO] - Causal effect can be identified.
[2026-04-24 03:41:32,671][dowhy.causal_identifier.auto_identifier][INFO] - Causal effect can be identified.
[2026-04-24 03:41:32,672][dowhy.causal_model][INFO] - linear_regression
[2026-04-24 03:41:32,672][dowhy.causal_estimator][INFO] - INFO: Using Linear Regression Estimator
[2026-04-24 03:41:32,672][dowhy.causal_estimator][INFO] - b: X5~X0
[2026-04-24 03:41:32,718][dowhy.causal_model][INFO] - Model to find the causal effect of treatment ['X1'] on outcome ['X0']
[2026-04-24 03:41:32,718][dowhy.causal_identifier.auto_identifier][WARNING] - No directed path from treatment to outcome. Causal Effect is zero.
[2026-04-24 03:41:32,718][dowhy.causal_model][INFO] - linear_regression
[2026-04-24 03:41:32,718][dowhy.causal_estimator][INFO] - INFO: Using Linear Regression Estimator
[2026-04-24 03:41:32,718][dowhy.causal_estimator][WARNING] - No directed path from ['X1'] to ['X0'].
[2026-04-24 03:41:32,720][dowhy.causal_model][INFO] - Model to find the causal effect of treatment ['X1'] on outcome ['X2']
[2026-04-24 03:41:32,720][dowhy.causal_identifier.auto_identifier][INFO] - Causal effect can be identified.
[2026-04-24 03:41:32,721][dowhy.causal_identifier.auto_identifier][INFO] - Instrumental variables for treatment and outcome:['X0']
[2026-04-24 03:41:32,721][dowhy.causal_identifier.auto_identifier][INFO] - Frontdoor variables for treatment and outcome:[]
[2026-04-24 03:41:32,721][dowhy.causal_model][INFO] - linear_regression
[2026-04-24 03:41:32,721][dowhy.causal_estimator][INFO] - INFO: Using Linear Regression Estimator
[2026-04-24 03:41:32,721][dowhy.causal_estimator][INFO] - b: X2~X1
[2026-04-24 03:41:32,728][dowhy.causal_model][INFO] - Model to find the causal effect of treatment ['X1'] on outcome ['X3']
[2026-04-24 03:41:32,729][dowhy.causal_identifier.auto_identifier][INFO] - Causal effect can be identified.
[2026-04-24 03:41:32,729][dowhy.causal_identifier.auto_identifier][INFO] - Instrumental variables for treatment and outcome:['X0']
[2026-04-24 03:41:32,730][dowhy.causal_identifier.auto_identifier][INFO] - Frontdoor variables for treatment and outcome:['X2']
[2026-04-24 03:41:32,730][dowhy.causal_identifier.auto_identifier][INFO] - Causal effect can be identified.
[2026-04-24 03:41:32,731][dowhy.causal_identifier.auto_identifier][INFO] - Causal effect can be identified.
[2026-04-24 03:41:32,731][dowhy.causal_model][INFO] - linear_regression
[2026-04-24 03:41:32,731][dowhy.causal_estimator][INFO] - INFO: Using Linear Regression Estimator
[2026-04-24 03:41:32,731][dowhy.causal_estimator][INFO] - b: X3~X1
[2026-04-24 03:41:32,737][dowhy.causal_model][INFO] - Model to find the causal effect of treatment ['X1'] on outcome ['X4']
[2026-04-24 03:41:32,738][dowhy.causal_identifier.auto_identifier][INFO] - Causal effect can be identified.
[2026-04-24 03:41:32,738][dowhy.causal_identifier.auto_identifier][INFO] - Instrumental variables for treatment and outcome:['X0']
[2026-04-24 03:41:32,739][dowhy.causal_identifier.auto_identifier][INFO] - Frontdoor variables for treatment and outcome:['X2', 'X3']
[2026-04-24 03:41:32,739][dowhy.causal_identifier.auto_identifier][INFO] - Causal effect can be identified.
[2026-04-24 03:41:32,740][dowhy.causal_identifier.auto_identifier][INFO] - Causal effect can be identified.
[2026-04-24 03:41:32,741][dowhy.causal_model][INFO] - linear_regression
[2026-04-24 03:41:32,741][dowhy.causal_estimator][INFO] - INFO: Using Linear Regression Estimator
[2026-04-24 03:41:32,741][dowhy.causal_estimator][INFO] - b: X4~X1
[2026-04-24 03:41:32,747][dowhy.causal_model][INFO] - Model to find the causal effect of treatment ['X1'] on outcome ['X5']
[2026-04-24 03:41:32,747][dowhy.causal_identifier.auto_identifier][INFO] - Causal effect can be identified.
[2026-04-24 03:41:32,748][dowhy.causal_identifier.auto_identifier][INFO] - Instrumental variables for treatment and outcome:['X0']
[2026-04-24 03:41:32,748][dowhy.causal_identifier.auto_identifier][INFO] - Frontdoor variables for treatment and outcome:['X2', 'X3', 'X4']
[2026-04-24 03:41:32,749][dowhy.causal_identifier.auto_identifier][INFO] - Causal effect can be identified.
[2026-04-24 03:41:32,750][dowhy.causal_identifier.auto_identifier][INFO] - Causal effect can be identified.
[2026-04-24 03:41:32,750][dowhy.causal_model][INFO] - linear_regression
[2026-04-24 03:41:32,750][dowhy.causal_estimator][INFO] - INFO: Using Linear Regression Estimator
[2026-04-24 03:41:32,750][dowhy.causal_estimator][INFO] - b: X5~X1
[2026-04-24 03:41:32,789][dowhy.causal_model][INFO] - Model to find the causal effect of treatment ['X2'] on outcome ['X0']
[2026-04-24 03:41:32,789][dowhy.causal_identifier.auto_identifier][WARNING] - No directed path from treatment to outcome. Causal Effect is zero.
[2026-04-24 03:41:32,790][dowhy.causal_model][INFO] - linear_regression
[2026-04-24 03:41:32,790][dowhy.causal_estimator][INFO] - INFO: Using Linear Regression Estimator
[2026-04-24 03:41:32,790][dowhy.causal_estimator][WARNING] - No directed path from ['X2'] to ['X0'].
[2026-04-24 03:41:32,791][dowhy.causal_model][INFO] - Model to find the causal effect of treatment ['X2'] on outcome ['X1']
[2026-04-24 03:41:32,791][dowhy.causal_identifier.auto_identifier][WARNING] - No directed path from treatment to outcome. Causal Effect is zero.
[2026-04-24 03:41:32,791][dowhy.causal_model][INFO] - linear_regression
[2026-04-24 03:41:32,791][dowhy.causal_estimator][INFO] - INFO: Using Linear Regression Estimator
[2026-04-24 03:41:32,791][dowhy.causal_estimator][WARNING] - No directed path from ['X2'] to ['X1'].
[2026-04-24 03:41:32,793][dowhy.causal_model][INFO] - Model to find the causal effect of treatment ['X2'] on outcome ['X3']
[2026-04-24 03:41:32,794][dowhy.causal_identifier.auto_identifier][INFO] - Causal effect can be identified.
[2026-04-24 03:41:32,794][dowhy.causal_identifier.auto_identifier][INFO] - Instrumental variables for treatment and outcome:['X1']
[2026-04-24 03:41:32,794][dowhy.causal_identifier.auto_identifier][INFO] - Frontdoor variables for treatment and outcome:[]
[2026-04-24 03:41:32,794][dowhy.causal_model][INFO] - linear_regression
[2026-04-24 03:41:32,795][dowhy.causal_estimator][INFO] - INFO: Using Linear Regression Estimator
[2026-04-24 03:41:32,795][dowhy.causal_estimator][INFO] - b: X3~X2
[2026-04-24 03:41:32,801][dowhy.causal_model][INFO] - Model to find the causal effect of treatment ['X2'] on outcome ['X4']
[2026-04-24 03:41:32,801][dowhy.causal_identifier.auto_identifier][INFO] - Causal effect can be identified.
[2026-04-24 03:41:32,802][dowhy.causal_identifier.auto_identifier][INFO] - Instrumental variables for treatment and outcome:['X1']
[2026-04-24 03:41:32,802][dowhy.causal_identifier.auto_identifier][INFO] - Frontdoor variables for treatment and outcome:['X3']
[2026-04-24 03:41:32,803][dowhy.causal_identifier.auto_identifier][INFO] - Causal effect can be identified.
[2026-04-24 03:41:32,804][dowhy.causal_identifier.auto_identifier][INFO] - Causal effect can be identified.
[2026-04-24 03:41:32,804][dowhy.causal_model][INFO] - linear_regression
[2026-04-24 03:41:32,804][dowhy.causal_estimator][INFO] - INFO: Using Linear Regression Estimator
[2026-04-24 03:41:32,804][dowhy.causal_estimator][INFO] - b: X4~X2
[2026-04-24 03:41:32,810][dowhy.causal_model][INFO] - Model to find the causal effect of treatment ['X2'] on outcome ['X5']
[2026-04-24 03:41:32,811][dowhy.causal_identifier.auto_identifier][INFO] - Causal effect can be identified.
[2026-04-24 03:41:32,811][dowhy.causal_identifier.auto_identifier][INFO] - Instrumental variables for treatment and outcome:['X1']
[2026-04-24 03:41:32,812][dowhy.causal_identifier.auto_identifier][INFO] - Frontdoor variables for treatment and outcome:['X3', 'X4']
[2026-04-24 03:41:32,813][dowhy.causal_identifier.auto_identifier][INFO] - Causal effect can be identified.
[2026-04-24 03:41:32,814][dowhy.causal_identifier.auto_identifier][INFO] - Causal effect can be identified.
[2026-04-24 03:41:32,814][dowhy.causal_model][INFO] - linear_regression
[2026-04-24 03:41:32,814][dowhy.causal_estimator][INFO] - INFO: Using Linear Regression Estimator
[2026-04-24 03:41:32,814][dowhy.causal_estimator][INFO] - b: X5~X2
[2026-04-24 03:41:32,854][dowhy.causal_model][INFO] - Model to find the causal effect of treatment ['X3'] on outcome ['X0']
[2026-04-24 03:41:32,854][dowhy.causal_identifier.auto_identifier][WARNING] - No directed path from treatment to outcome. Causal Effect is zero.
[2026-04-24 03:41:32,855][dowhy.causal_model][INFO] - linear_regression
[2026-04-24 03:41:32,855][dowhy.causal_estimator][INFO] - INFO: Using Linear Regression Estimator
[2026-04-24 03:41:32,855][dowhy.causal_estimator][WARNING] - No directed path from ['X3'] to ['X0'].
[2026-04-24 03:41:32,857][dowhy.causal_model][INFO] - Model to find the causal effect of treatment ['X3'] on outcome ['X1']
[2026-04-24 03:41:32,857][dowhy.causal_identifier.auto_identifier][WARNING] - No directed path from treatment to outcome. Causal Effect is zero.
[2026-04-24 03:41:32,857][dowhy.causal_model][INFO] - linear_regression
[2026-04-24 03:41:32,857][dowhy.causal_estimator][INFO] - INFO: Using Linear Regression Estimator
[2026-04-24 03:41:32,857][dowhy.causal_estimator][WARNING] - No directed path from ['X3'] to ['X1'].
[2026-04-24 03:41:32,859][dowhy.causal_model][INFO] - Model to find the causal effect of treatment ['X3'] on outcome ['X2']
[2026-04-24 03:41:32,859][dowhy.causal_identifier.auto_identifier][WARNING] - No directed path from treatment to outcome. Causal Effect is zero.
[2026-04-24 03:41:32,859][dowhy.causal_model][INFO] - linear_regression
[2026-04-24 03:41:32,859][dowhy.causal_estimator][INFO] - INFO: Using Linear Regression Estimator
[2026-04-24 03:41:32,859][dowhy.causal_estimator][WARNING] - No directed path from ['X3'] to ['X2'].
[2026-04-24 03:41:32,861][dowhy.causal_model][INFO] - Model to find the causal effect of treatment ['X3'] on outcome ['X4']
[2026-04-24 03:41:32,861][dowhy.causal_identifier.auto_identifier][INFO] - Causal effect can be identified.
[2026-04-24 03:41:32,862][dowhy.causal_identifier.auto_identifier][INFO] - Instrumental variables for treatment and outcome:['X2']
[2026-04-24 03:41:32,862][dowhy.causal_identifier.auto_identifier][INFO] - Frontdoor variables for treatment and outcome:[]
[2026-04-24 03:41:32,862][dowhy.causal_model][INFO] - linear_regression
[2026-04-24 03:41:32,863][dowhy.causal_estimator][INFO] - INFO: Using Linear Regression Estimator
[2026-04-24 03:41:32,863][dowhy.causal_estimator][INFO] - b: X4~X3
[2026-04-24 03:41:32,869][dowhy.causal_model][INFO] - Model to find the causal effect of treatment ['X3'] on outcome ['X5']
[2026-04-24 03:41:32,870][dowhy.causal_identifier.auto_identifier][INFO] - Causal effect can be identified.
[2026-04-24 03:41:32,870][dowhy.causal_identifier.auto_identifier][INFO] - Instrumental variables for treatment and outcome:['X2']
[2026-04-24 03:41:32,871][dowhy.causal_identifier.auto_identifier][INFO] - Frontdoor variables for treatment and outcome:['X4']
[2026-04-24 03:41:32,872][dowhy.causal_identifier.auto_identifier][INFO] - Causal effect can be identified.
[2026-04-24 03:41:32,873][dowhy.causal_identifier.auto_identifier][INFO] - Causal effect can be identified.
[2026-04-24 03:41:32,874][dowhy.causal_model][INFO] - linear_regression
[2026-04-24 03:41:32,874][dowhy.causal_estimator][INFO] - INFO: Using Linear Regression Estimator
[2026-04-24 03:41:32,874][dowhy.causal_estimator][INFO] - b: X5~X3
[2026-04-24 03:41:32,920][dowhy.causal_model][INFO] - Model to find the causal effect of treatment ['X4'] on outcome ['X0']
[2026-04-24 03:41:32,920][dowhy.causal_identifier.auto_identifier][WARNING] - No directed path from treatment to outcome. Causal Effect is zero.
[2026-04-24 03:41:32,920][dowhy.causal_model][INFO] - linear_regression
[2026-04-24 03:41:32,920][dowhy.causal_estimator][INFO] - INFO: Using Linear Regression Estimator
[2026-04-24 03:41:32,920][dowhy.causal_estimator][WARNING] - No directed path from ['X4'] to ['X0'].
[2026-04-24 03:41:32,923][dowhy.causal_model][INFO] - Model to find the causal effect of treatment ['X4'] on outcome ['X1']
[2026-04-24 03:41:32,923][dowhy.causal_identifier.auto_identifier][WARNING] - No directed path from treatment to outcome. Causal Effect is zero.
[2026-04-24 03:41:32,923][dowhy.causal_model][INFO] - linear_regression
[2026-04-24 03:41:32,923][dowhy.causal_estimator][INFO] - INFO: Using Linear Regression Estimator
[2026-04-24 03:41:32,923][dowhy.causal_estimator][WARNING] - No directed path from ['X4'] to ['X1'].
[2026-04-24 03:41:32,925][dowhy.causal_model][INFO] - Model to find the causal effect of treatment ['X4'] on outcome ['X2']
[2026-04-24 03:41:32,925][dowhy.causal_identifier.auto_identifier][WARNING] - No directed path from treatment to outcome. Causal Effect is zero.
[2026-04-24 03:41:32,925][dowhy.causal_model][INFO] - linear_regression
[2026-04-24 03:41:32,925][dowhy.causal_estimator][INFO] - INFO: Using Linear Regression Estimator
[2026-04-24 03:41:32,925][dowhy.causal_estimator][WARNING] - No directed path from ['X4'] to ['X2'].
[2026-04-24 03:41:32,927][dowhy.causal_model][INFO] - Model to find the causal effect of treatment ['X4'] on outcome ['X3']
[2026-04-24 03:41:32,927][dowhy.causal_identifier.auto_identifier][WARNING] - No directed path from treatment to outcome. Causal Effect is zero.
[2026-04-24 03:41:32,927][dowhy.causal_model][INFO] - linear_regression
[2026-04-24 03:41:32,927][dowhy.causal_estimator][INFO] - INFO: Using Linear Regression Estimator
[2026-04-24 03:41:32,927][dowhy.causal_estimator][WARNING] - No directed path from ['X4'] to ['X3'].
[2026-04-24 03:41:32,928][dowhy.causal_model][INFO] - Model to find the causal effect of treatment ['X4'] on outcome ['X5']
[2026-04-24 03:41:32,929][dowhy.causal_identifier.auto_identifier][INFO] - Causal effect can be identified.
[2026-04-24 03:41:32,930][dowhy.causal_identifier.auto_identifier][INFO] - Instrumental variables for treatment and outcome:['X3']
[2026-04-24 03:41:32,930][dowhy.causal_identifier.auto_identifier][INFO] - Frontdoor variables for treatment and outcome:[]
[2026-04-24 03:41:32,931][dowhy.causal_model][INFO] - linear_regression
[2026-04-24 03:41:32,931][dowhy.causal_estimator][INFO] - INFO: Using Linear Regression Estimator
[2026-04-24 03:41:32,931][dowhy.causal_estimator][INFO] - b: X5~X4
[2026-04-24 03:41:32,974][dowhy.causal_model][INFO] - Model to find the causal effect of treatment ['X5'] on outcome ['X0']
[2026-04-24 03:41:32,974][dowhy.causal_identifier.auto_identifier][WARNING] - No directed path from treatment to outcome. Causal Effect is zero.
[2026-04-24 03:41:32,975][dowhy.causal_model][INFO] - linear_regression
[2026-04-24 03:41:32,975][dowhy.causal_estimator][INFO] - INFO: Using Linear Regression Estimator
[2026-04-24 03:41:32,975][dowhy.causal_estimator][WARNING] - No directed path from ['X5'] to ['X0'].
[2026-04-24 03:41:32,976][dowhy.causal_model][INFO] - Model to find the causal effect of treatment ['X5'] on outcome ['X1']
[2026-04-24 03:41:32,976][dowhy.causal_identifier.auto_identifier][WARNING] - No directed path from treatment to outcome. Causal Effect is zero.
[2026-04-24 03:41:32,976][dowhy.causal_model][INFO] - linear_regression
[2026-04-24 03:41:32,977][dowhy.causal_estimator][INFO] - INFO: Using Linear Regression Estimator
[2026-04-24 03:41:32,977][dowhy.causal_estimator][WARNING] - No directed path from ['X5'] to ['X1'].
[2026-04-24 03:41:32,978][dowhy.causal_model][INFO] - Model to find the causal effect of treatment ['X5'] on outcome ['X2']
[2026-04-24 03:41:32,978][dowhy.causal_identifier.auto_identifier][WARNING] - No directed path from treatment to outcome. Causal Effect is zero.
[2026-04-24 03:41:32,978][dowhy.causal_model][INFO] - linear_regression
[2026-04-24 03:41:32,978][dowhy.causal_estimator][INFO] - INFO: Using Linear Regression Estimator
[2026-04-24 03:41:32,978][dowhy.causal_estimator][WARNING] - No directed path from ['X5'] to ['X2'].
[2026-04-24 03:41:32,980][dowhy.causal_model][INFO] - Model to find the causal effect of treatment ['X5'] on outcome ['X3']
[2026-04-24 03:41:32,980][dowhy.causal_identifier.auto_identifier][WARNING] - No directed path from treatment to outcome. Causal Effect is zero.
[2026-04-24 03:41:32,980][dowhy.causal_model][INFO] - linear_regression
[2026-04-24 03:41:32,980][dowhy.causal_estimator][INFO] - INFO: Using Linear Regression Estimator
[2026-04-24 03:41:32,980][dowhy.causal_estimator][WARNING] - No directed path from ['X5'] to ['X3'].
[2026-04-24 03:41:32,982][dowhy.causal_model][INFO] - Model to find the causal effect of treatment ['X5'] on outcome ['X4']
[2026-04-24 03:41:32,982][dowhy.causal_identifier.auto_identifier][WARNING] - No directed path from treatment to outcome. Causal Effect is zero.
[2026-04-24 03:41:32,982][dowhy.causal_model][INFO] - linear_regression
[2026-04-24 03:41:32,982][dowhy.causal_estimator][INFO] - INFO: Using Linear Regression Estimator
[2026-04-24 03:41:32,982][dowhy.causal_estimator][WARNING] - No directed path from ['X5'] to ['X4'].
[2026-04-24 03:41:33,105][dowhy.causal_model][INFO] - Model to find the causal effect of treatment ['X0'] on outcome ['X1']
[2026-04-24 03:41:33,105][dowhy.causal_identifier.auto_identifier][INFO] - Causal effect can be identified.
[2026-04-24 03:41:33,106][dowhy.causal_identifier.auto_identifier][INFO] - Instrumental variables for treatment and outcome:[]
[2026-04-24 03:41:33,106][dowhy.causal_identifier.auto_identifier][INFO] - Frontdoor variables for treatment and outcome:[]
[2026-04-24 03:41:33,106][dowhy.causal_model][INFO] - linear_regression
[2026-04-24 03:41:33,106][dowhy.causal_estimator][INFO] - INFO: Using Linear Regression Estimator
[2026-04-24 03:41:33,106][dowhy.causal_estimator][INFO] - b: X1~X0
[2026-04-24 03:41:33,113][dowhy.causal_model][INFO] - Model to find the causal effect of treatment ['X0'] on outcome ['X2']
[2026-04-24 03:41:33,113][dowhy.causal_identifier.auto_identifier][INFO] - Causal effect can be identified.
[2026-04-24 03:41:33,113][dowhy.causal_identifier.auto_identifier][INFO] - Instrumental variables for treatment and outcome:[]
[2026-04-24 03:41:33,114][dowhy.causal_identifier.auto_identifier][INFO] - Frontdoor variables for treatment and outcome:['X1']
[2026-04-24 03:41:33,114][dowhy.causal_identifier.auto_identifier][INFO] - Causal effect can be identified.
[2026-04-24 03:41:33,114][dowhy.causal_identifier.auto_identifier][INFO] - Causal effect can be identified.
[2026-04-24 03:41:33,115][dowhy.causal_model][INFO] - linear_regression
[2026-04-24 03:41:33,115][dowhy.causal_estimator][INFO] - INFO: Using Linear Regression Estimator
[2026-04-24 03:41:33,115][dowhy.causal_estimator][INFO] - b: X2~X0
[2026-04-24 03:41:33,121][dowhy.causal_model][INFO] - Model to find the causal effect of treatment ['X0'] on outcome ['X3']
[2026-04-24 03:41:33,122][dowhy.causal_identifier.auto_identifier][INFO] - Causal effect can be identified.
[2026-04-24 03:41:33,122][dowhy.causal_identifier.auto_identifier][INFO] - Instrumental variables for treatment and outcome:[]
[2026-04-24 03:41:33,122][dowhy.causal_identifier.auto_identifier][INFO] - Frontdoor variables for treatment and outcome:['X2', 'X1']
[2026-04-24 03:41:33,123][dowhy.causal_identifier.auto_identifier][INFO] - Causal effect can be identified.
[2026-04-24 03:41:33,123][dowhy.causal_identifier.auto_identifier][INFO] - Causal effect can be identified.
[2026-04-24 03:41:33,124][dowhy.causal_model][INFO] - linear_regression
[2026-04-24 03:41:33,124][dowhy.causal_estimator][INFO] - INFO: Using Linear Regression Estimator
[2026-04-24 03:41:33,124][dowhy.causal_estimator][INFO] - b: X3~X0
[2026-04-24 03:41:33,130][dowhy.causal_model][INFO] - Model to find the causal effect of treatment ['X0'] on outcome ['X4']
[2026-04-24 03:41:33,130][dowhy.causal_identifier.auto_identifier][INFO] - Causal effect can be identified.
[2026-04-24 03:41:33,131][dowhy.causal_identifier.auto_identifier][INFO] - Instrumental variables for treatment and outcome:[]
[2026-04-24 03:41:33,131][dowhy.causal_identifier.auto_identifier][INFO] - Frontdoor variables for treatment and outcome:['X2', 'X3', 'X1']
[2026-04-24 03:41:33,132][dowhy.causal_identifier.auto_identifier][INFO] - Causal effect can be identified.
[2026-04-24 03:41:33,132][dowhy.causal_identifier.auto_identifier][INFO] - Causal effect can be identified.
[2026-04-24 03:41:33,133][dowhy.causal_model][INFO] - linear_regression
[2026-04-24 03:41:33,133][dowhy.causal_estimator][INFO] - INFO: Using Linear Regression Estimator
[2026-04-24 03:41:33,133][dowhy.causal_estimator][INFO] - b: X4~X0
[2026-04-24 03:41:33,139][dowhy.causal_model][INFO] - Model to find the causal effect of treatment ['X0'] on outcome ['X5']
[2026-04-24 03:41:33,139][dowhy.causal_identifier.auto_identifier][INFO] - Causal effect can be identified.
[2026-04-24 03:41:33,140][dowhy.causal_identifier.auto_identifier][INFO] - Instrumental variables for treatment and outcome:[]
[2026-04-24 03:41:33,141][dowhy.causal_identifier.auto_identifier][INFO] - Frontdoor variables for treatment and outcome:['X2', 'X3', 'X4', 'X1']
[2026-04-24 03:41:33,141][dowhy.causal_identifier.auto_identifier][INFO] - Causal effect can be identified.
[2026-04-24 03:41:33,142][dowhy.causal_identifier.auto_identifier][INFO] - Causal effect can be identified.
[2026-04-24 03:41:33,142][dowhy.causal_model][INFO] - linear_regression
[2026-04-24 03:41:33,142][dowhy.causal_estimator][INFO] - INFO: Using Linear Regression Estimator
[2026-04-24 03:41:33,142][dowhy.causal_estimator][INFO] - b: X5~X0
[2026-04-24 03:41:33,188][dowhy.causal_model][INFO] - Model to find the causal effect of treatment ['X1'] on outcome ['X0']
[2026-04-24 03:41:33,188][dowhy.causal_identifier.auto_identifier][WARNING] - No directed path from treatment to outcome. Causal Effect is zero.
[2026-04-24 03:41:33,188][dowhy.causal_model][INFO] - linear_regression
[2026-04-24 03:41:33,188][dowhy.causal_estimator][INFO] - INFO: Using Linear Regression Estimator
[2026-04-24 03:41:33,188][dowhy.causal_estimator][WARNING] - No directed path from ['X1'] to ['X0'].
[2026-04-24 03:41:33,190][dowhy.causal_model][INFO] - Model to find the causal effect of treatment ['X1'] on outcome ['X2']
[2026-04-24 03:41:33,190][dowhy.causal_identifier.auto_identifier][INFO] - Causal effect can be identified.
[2026-04-24 03:41:33,191][dowhy.causal_identifier.auto_identifier][INFO] - Instrumental variables for treatment and outcome:['X0']
[2026-04-24 03:41:33,191][dowhy.causal_identifier.auto_identifier][INFO] - Frontdoor variables for treatment and outcome:[]
[2026-04-24 03:41:33,191][dowhy.causal_model][INFO] - linear_regression
[2026-04-24 03:41:33,191][dowhy.causal_estimator][INFO] - INFO: Using Linear Regression Estimator
[2026-04-24 03:41:33,191][dowhy.causal_estimator][INFO] - b: X2~X1
[2026-04-24 03:41:33,197][dowhy.causal_model][INFO] - Model to find the causal effect of treatment ['X1'] on outcome ['X3']
[2026-04-24 03:41:33,198][dowhy.causal_identifier.auto_identifier][INFO] - Causal effect can be identified.
[2026-04-24 03:41:33,198][dowhy.causal_identifier.auto_identifier][INFO] - Instrumental variables for treatment and outcome:['X0']
[2026-04-24 03:41:33,198][dowhy.causal_identifier.auto_identifier][INFO] - Frontdoor variables for treatment and outcome:['X2']
[2026-04-24 03:41:33,199][dowhy.causal_identifier.auto_identifier][INFO] - Causal effect can be identified.
[2026-04-24 03:41:33,200][dowhy.causal_identifier.auto_identifier][INFO] - Causal effect can be identified.
[2026-04-24 03:41:33,200][dowhy.causal_model][INFO] - linear_regression
[2026-04-24 03:41:33,200][dowhy.causal_estimator][INFO] - INFO: Using Linear Regression Estimator
[2026-04-24 03:41:33,200][dowhy.causal_estimator][INFO] - b: X3~X1
[2026-04-24 03:41:33,206][dowhy.causal_model][INFO] - Model to find the causal effect of treatment ['X1'] on outcome ['X4']
[2026-04-24 03:41:33,206][dowhy.causal_identifier.auto_identifier][INFO] - Causal effect can be identified.
[2026-04-24 03:41:33,207][dowhy.causal_identifier.auto_identifier][INFO] - Instrumental variables for treatment and outcome:['X0']
[2026-04-24 03:41:33,207][dowhy.causal_identifier.auto_identifier][INFO] - Frontdoor variables for treatment and outcome:['X2', 'X3']
[2026-04-24 03:41:33,208][dowhy.causal_identifier.auto_identifier][INFO] - Causal effect can be identified.
[2026-04-24 03:41:33,209][dowhy.causal_identifier.auto_identifier][INFO] - Causal effect can be identified.
[2026-04-24 03:41:33,209][dowhy.causal_model][INFO] - linear_regression
[2026-04-24 03:41:33,209][dowhy.causal_estimator][INFO] - INFO: Using Linear Regression Estimator
[2026-04-24 03:41:33,209][dowhy.causal_estimator][INFO] - b: X4~X1
[2026-04-24 03:41:33,215][dowhy.causal_model][INFO] - Model to find the causal effect of treatment ['X1'] on outcome ['X5']
[2026-04-24 03:41:33,215][dowhy.causal_identifier.auto_identifier][INFO] - Causal effect can be identified.
[2026-04-24 03:41:33,216][dowhy.causal_identifier.auto_identifier][INFO] - Instrumental variables for treatment and outcome:['X0']
[2026-04-24 03:41:33,217][dowhy.causal_identifier.auto_identifier][INFO] - Frontdoor variables for treatment and outcome:['X2', 'X3', 'X4']
[2026-04-24 03:41:33,217][dowhy.causal_identifier.auto_identifier][INFO] - Causal effect can be identified.
[2026-04-24 03:41:33,218][dowhy.causal_identifier.auto_identifier][INFO] - Causal effect can be identified.
[2026-04-24 03:41:33,219][dowhy.causal_model][INFO] - linear_regression
[2026-04-24 03:41:33,219][dowhy.causal_estimator][INFO] - INFO: Using Linear Regression Estimator
[2026-04-24 03:41:33,219][dowhy.causal_estimator][INFO] - b: X5~X1
[2026-04-24 03:41:33,259][dowhy.causal_model][INFO] - Model to find the causal effect of treatment ['X2'] on outcome ['X0']
[2026-04-24 03:41:33,259][dowhy.causal_identifier.auto_identifier][WARNING] - No directed path from treatment to outcome. Causal Effect is zero.
[2026-04-24 03:41:33,259][dowhy.causal_model][INFO] - linear_regression
[2026-04-24 03:41:33,259][dowhy.causal_estimator][INFO] - INFO: Using Linear Regression Estimator
[2026-04-24 03:41:33,259][dowhy.causal_estimator][WARNING] - No directed path from ['X2'] to ['X0'].
[2026-04-24 03:41:33,260][dowhy.causal_model][INFO] - Model to find the causal effect of treatment ['X2'] on outcome ['X1']
[2026-04-24 03:41:33,261][dowhy.causal_identifier.auto_identifier][WARNING] - No directed path from treatment to outcome. Causal Effect is zero.
[2026-04-24 03:41:33,261][dowhy.causal_model][INFO] - linear_regression
[2026-04-24 03:41:33,261][dowhy.causal_estimator][INFO] - INFO: Using Linear Regression Estimator
[2026-04-24 03:41:33,261][dowhy.causal_estimator][WARNING] - No directed path from ['X2'] to ['X1'].
[2026-04-24 03:41:33,262][dowhy.causal_model][INFO] - Model to find the causal effect of treatment ['X2'] on outcome ['X3']
[2026-04-24 03:41:33,263][dowhy.causal_identifier.auto_identifier][INFO] - Causal effect can be identified.
[2026-04-24 03:41:33,263][dowhy.causal_identifier.auto_identifier][INFO] - Instrumental variables for treatment and outcome:['X1']
[2026-04-24 03:41:33,263][dowhy.causal_identifier.auto_identifier][INFO] - Frontdoor variables for treatment and outcome:[]
[2026-04-24 03:41:33,264][dowhy.causal_model][INFO] - linear_regression
[2026-04-24 03:41:33,264][dowhy.causal_estimator][INFO] - INFO: Using Linear Regression Estimator
[2026-04-24 03:41:33,264][dowhy.causal_estimator][INFO] - b: X3~X2
[2026-04-24 03:41:33,270][dowhy.causal_model][INFO] - Model to find the causal effect of treatment ['X2'] on outcome ['X4']
[2026-04-24 03:41:33,270][dowhy.causal_identifier.auto_identifier][INFO] - Causal effect can be identified.
[2026-04-24 03:41:33,271][dowhy.causal_identifier.auto_identifier][INFO] - Instrumental variables for treatment and outcome:['X1']
[2026-04-24 03:41:33,271][dowhy.causal_identifier.auto_identifier][INFO] - Frontdoor variables for treatment and outcome:['X3']
[2026-04-24 03:41:33,272][dowhy.causal_identifier.auto_identifier][INFO] - Causal effect can be identified.
[2026-04-24 03:41:33,273][dowhy.causal_identifier.auto_identifier][INFO] - Causal effect can be identified.
[2026-04-24 03:41:33,273][dowhy.causal_model][INFO] - linear_regression
[2026-04-24 03:41:33,273][dowhy.causal_estimator][INFO] - INFO: Using Linear Regression Estimator
[2026-04-24 03:41:33,273][dowhy.causal_estimator][INFO] - b: X4~X2
[2026-04-24 03:41:33,279][dowhy.causal_model][INFO] - Model to find the causal effect of treatment ['X2'] on outcome ['X5']
[2026-04-24 03:41:33,280][dowhy.causal_identifier.auto_identifier][INFO] - Causal effect can be identified.
[2026-04-24 03:41:33,280][dowhy.causal_identifier.auto_identifier][INFO] - Instrumental variables for treatment and outcome:['X1']
[2026-04-24 03:41:33,281][dowhy.causal_identifier.auto_identifier][INFO] - Frontdoor variables for treatment and outcome:['X3', 'X4']
[2026-04-24 03:41:33,282][dowhy.causal_identifier.auto_identifier][INFO] - Causal effect can be identified.
[2026-04-24 03:41:33,283][dowhy.causal_identifier.auto_identifier][INFO] - Causal effect can be identified.
[2026-04-24 03:41:33,283][dowhy.causal_model][INFO] - linear_regression
[2026-04-24 03:41:33,283][dowhy.causal_estimator][INFO] - INFO: Using Linear Regression Estimator
[2026-04-24 03:41:33,283][dowhy.causal_estimator][INFO] - b: X5~X2
[2026-04-24 03:41:33,322][dowhy.causal_model][INFO] - Model to find the causal effect of treatment ['X3'] on outcome ['X0']
[2026-04-24 03:41:33,322][dowhy.causal_identifier.auto_identifier][WARNING] - No directed path from treatment to outcome. Causal Effect is zero.
[2026-04-24 03:41:33,322][dowhy.causal_model][INFO] - linear_regression
[2026-04-24 03:41:33,322][dowhy.causal_estimator][INFO] - INFO: Using Linear Regression Estimator
[2026-04-24 03:41:33,322][dowhy.causal_estimator][WARNING] - No directed path from ['X3'] to ['X0'].
[2026-04-24 03:41:33,324][dowhy.causal_model][INFO] - Model to find the causal effect of treatment ['X3'] on outcome ['X1']
[2026-04-24 03:41:33,324][dowhy.causal_identifier.auto_identifier][WARNING] - No directed path from treatment to outcome. Causal Effect is zero.
[2026-04-24 03:41:33,324][dowhy.causal_model][INFO] - linear_regression
[2026-04-24 03:41:33,324][dowhy.causal_estimator][INFO] - INFO: Using Linear Regression Estimator
[2026-04-24 03:41:33,324][dowhy.causal_estimator][WARNING] - No directed path from ['X3'] to ['X1'].
[2026-04-24 03:41:33,326][dowhy.causal_model][INFO] - Model to find the causal effect of treatment ['X3'] on outcome ['X2']
[2026-04-24 03:41:33,326][dowhy.causal_identifier.auto_identifier][WARNING] - No directed path from treatment to outcome. Causal Effect is zero.
[2026-04-24 03:41:33,326][dowhy.causal_model][INFO] - linear_regression
[2026-04-24 03:41:33,326][dowhy.causal_estimator][INFO] - INFO: Using Linear Regression Estimator
[2026-04-24 03:41:33,326][dowhy.causal_estimator][WARNING] - No directed path from ['X3'] to ['X2'].
[2026-04-24 03:41:33,328][dowhy.causal_model][INFO] - Model to find the causal effect of treatment ['X3'] on outcome ['X4']
[2026-04-24 03:41:33,329][dowhy.causal_identifier.auto_identifier][INFO] - Causal effect can be identified.
[2026-04-24 03:41:33,329][dowhy.causal_identifier.auto_identifier][INFO] - Instrumental variables for treatment and outcome:['X2']
[2026-04-24 03:41:33,330][dowhy.causal_identifier.auto_identifier][INFO] - Frontdoor variables for treatment and outcome:[]
[2026-04-24 03:41:33,330][dowhy.causal_model][INFO] - linear_regression
[2026-04-24 03:41:33,330][dowhy.causal_estimator][INFO] - INFO: Using Linear Regression Estimator
[2026-04-24 03:41:33,330][dowhy.causal_estimator][INFO] - b: X4~X3
[2026-04-24 03:41:33,337][dowhy.causal_model][INFO] - Model to find the causal effect of treatment ['X3'] on outcome ['X5']
[2026-04-24 03:41:33,338][dowhy.causal_identifier.auto_identifier][INFO] - Causal effect can be identified.
[2026-04-24 03:41:33,338][dowhy.causal_identifier.auto_identifier][INFO] - Instrumental variables for treatment and outcome:['X2']
[2026-04-24 03:41:33,339][dowhy.causal_identifier.auto_identifier][INFO] - Frontdoor variables for treatment and outcome:['X4']
[2026-04-24 03:41:33,340][dowhy.causal_identifier.auto_identifier][INFO] - Causal effect can be identified.
[2026-04-24 03:41:33,341][dowhy.causal_identifier.auto_identifier][INFO] - Causal effect can be identified.
[2026-04-24 03:41:33,342][dowhy.causal_model][INFO] - linear_regression
[2026-04-24 03:41:33,342][dowhy.causal_estimator][INFO] - INFO: Using Linear Regression Estimator
[2026-04-24 03:41:33,342][dowhy.causal_estimator][INFO] - b: X5~X3
[2026-04-24 03:41:33,386][dowhy.causal_model][INFO] - Model to find the causal effect of treatment ['X4'] on outcome ['X0']
[2026-04-24 03:41:33,386][dowhy.causal_identifier.auto_identifier][WARNING] - No directed path from treatment to outcome. Causal Effect is zero.
[2026-04-24 03:41:33,386][dowhy.causal_model][INFO] - linear_regression
[2026-04-24 03:41:33,386][dowhy.causal_estimator][INFO] - INFO: Using Linear Regression Estimator
[2026-04-24 03:41:33,386][dowhy.causal_estimator][WARNING] - No directed path from ['X4'] to ['X0'].
[2026-04-24 03:41:33,389][dowhy.causal_model][INFO] - Model to find the causal effect of treatment ['X4'] on outcome ['X1']
[2026-04-24 03:41:33,389][dowhy.causal_identifier.auto_identifier][WARNING] - No directed path from treatment to outcome. Causal Effect is zero.
[2026-04-24 03:41:33,389][dowhy.causal_model][INFO] - linear_regression
[2026-04-24 03:41:33,389][dowhy.causal_estimator][INFO] - INFO: Using Linear Regression Estimator
[2026-04-24 03:41:33,389][dowhy.causal_estimator][WARNING] - No directed path from ['X4'] to ['X1'].
[2026-04-24 03:41:33,391][dowhy.causal_model][INFO] - Model to find the causal effect of treatment ['X4'] on outcome ['X2']
[2026-04-24 03:41:33,391][dowhy.causal_identifier.auto_identifier][WARNING] - No directed path from treatment to outcome. Causal Effect is zero.
[2026-04-24 03:41:33,391][dowhy.causal_model][INFO] - linear_regression
[2026-04-24 03:41:33,391][dowhy.causal_estimator][INFO] - INFO: Using Linear Regression Estimator
[2026-04-24 03:41:33,391][dowhy.causal_estimator][WARNING] - No directed path from ['X4'] to ['X2'].
[2026-04-24 03:41:33,393][dowhy.causal_model][INFO] - Model to find the causal effect of treatment ['X4'] on outcome ['X3']
[2026-04-24 03:41:33,393][dowhy.causal_identifier.auto_identifier][WARNING] - No directed path from treatment to outcome. Causal Effect is zero.
[2026-04-24 03:41:33,393][dowhy.causal_model][INFO] - linear_regression
[2026-04-24 03:41:33,393][dowhy.causal_estimator][INFO] - INFO: Using Linear Regression Estimator
[2026-04-24 03:41:33,393][dowhy.causal_estimator][WARNING] - No directed path from ['X4'] to ['X3'].
[2026-04-24 03:41:33,394][dowhy.causal_model][INFO] - Model to find the causal effect of treatment ['X4'] on outcome ['X5']
[2026-04-24 03:41:33,395][dowhy.causal_identifier.auto_identifier][INFO] - Causal effect can be identified.
[2026-04-24 03:41:33,396][dowhy.causal_identifier.auto_identifier][INFO] - Instrumental variables for treatment and outcome:['X3']
[2026-04-24 03:41:33,396][dowhy.causal_identifier.auto_identifier][INFO] - Frontdoor variables for treatment and outcome:[]
[2026-04-24 03:41:33,396][dowhy.causal_model][INFO] - linear_regression
[2026-04-24 03:41:33,396][dowhy.causal_estimator][INFO] - INFO: Using Linear Regression Estimator
[2026-04-24 03:41:33,396][dowhy.causal_estimator][INFO] - b: X5~X4
[2026-04-24 03:41:33,439][dowhy.causal_model][INFO] - Model to find the causal effect of treatment ['X5'] on outcome ['X0']
[2026-04-24 03:41:33,439][dowhy.causal_identifier.auto_identifier][WARNING] - No directed path from treatment to outcome. Causal Effect is zero.
[2026-04-24 03:41:33,439][dowhy.causal_model][INFO] - linear_regression
[2026-04-24 03:41:33,439][dowhy.causal_estimator][INFO] - INFO: Using Linear Regression Estimator
[2026-04-24 03:41:33,439][dowhy.causal_estimator][WARNING] - No directed path from ['X5'] to ['X0'].
[2026-04-24 03:41:33,441][dowhy.causal_model][INFO] - Model to find the causal effect of treatment ['X5'] on outcome ['X1']
[2026-04-24 03:41:33,441][dowhy.causal_identifier.auto_identifier][WARNING] - No directed path from treatment to outcome. Causal Effect is zero.
[2026-04-24 03:41:33,441][dowhy.causal_model][INFO] - linear_regression
[2026-04-24 03:41:33,441][dowhy.causal_estimator][INFO] - INFO: Using Linear Regression Estimator
[2026-04-24 03:41:33,441][dowhy.causal_estimator][WARNING] - No directed path from ['X5'] to ['X1'].
[2026-04-24 03:41:33,442][dowhy.causal_model][INFO] - Model to find the causal effect of treatment ['X5'] on outcome ['X2']
[2026-04-24 03:41:33,442][dowhy.causal_identifier.auto_identifier][WARNING] - No directed path from treatment to outcome. Causal Effect is zero.
[2026-04-24 03:41:33,443][dowhy.causal_model][INFO] - linear_regression
[2026-04-24 03:41:33,443][dowhy.causal_estimator][INFO] - INFO: Using Linear Regression Estimator
[2026-04-24 03:41:33,443][dowhy.causal_estimator][WARNING] - No directed path from ['X5'] to ['X2'].
[2026-04-24 03:41:33,444][dowhy.causal_model][INFO] - Model to find the causal effect of treatment ['X5'] on outcome ['X3']
[2026-04-24 03:41:33,444][dowhy.causal_identifier.auto_identifier][WARNING] - No directed path from treatment to outcome. Causal Effect is zero.
[2026-04-24 03:41:33,444][dowhy.causal_model][INFO] - linear_regression
[2026-04-24 03:41:33,444][dowhy.causal_estimator][INFO] - INFO: Using Linear Regression Estimator
[2026-04-24 03:41:33,444][dowhy.causal_estimator][WARNING] - No directed path from ['X5'] to ['X3'].
[2026-04-24 03:41:33,446][dowhy.causal_model][INFO] - Model to find the causal effect of treatment ['X5'] on outcome ['X4']
[2026-04-24 03:41:33,446][dowhy.causal_identifier.auto_identifier][WARNING] - No directed path from treatment to outcome. Causal Effect is zero.
[2026-04-24 03:41:33,446][dowhy.causal_model][INFO] - linear_regression
[2026-04-24 03:41:33,446][dowhy.causal_estimator][INFO] - INFO: Using Linear Regression Estimator
[2026-04-24 03:41:33,446][dowhy.causal_estimator][WARNING] - No directed path from ['X5'] to ['X4'].
[2026-04-24 03:41:33,495][dowhy.causal_model][INFO] - Model to find the causal effect of treatment ['X0'] on outcome ['X1']
[2026-04-24 03:41:33,495][dowhy.causal_identifier.auto_identifier][INFO] - Causal effect can be identified.
[2026-04-24 03:41:33,495][dowhy.causal_identifier.auto_identifier][INFO] - Instrumental variables for treatment and outcome:[]
[2026-04-24 03:41:33,495][dowhy.causal_identifier.auto_identifier][INFO] - Frontdoor variables for treatment and outcome:[]
[2026-04-24 03:41:33,495][dowhy.causal_model][INFO] - linear_regression
[2026-04-24 03:41:33,495][dowhy.causal_estimator][INFO] - INFO: Using Linear Regression Estimator
[2026-04-24 03:41:33,495][dowhy.causal_estimator][INFO] - b: X1~X0
[2026-04-24 03:41:33,501][dowhy.causal_model][INFO] - Model to find the causal effect of treatment ['X0'] on outcome ['X2']
[2026-04-24 03:41:33,501][dowhy.causal_identifier.auto_identifier][INFO] - Causal effect can be identified.
[2026-04-24 03:41:33,502][dowhy.causal_identifier.auto_identifier][INFO] - Instrumental variables for treatment and outcome:[]
[2026-04-24 03:41:33,502][dowhy.causal_identifier.auto_identifier][INFO] - Frontdoor variables for treatment and outcome:['X1']
[2026-04-24 03:41:33,502][dowhy.causal_identifier.auto_identifier][INFO] - Causal effect can be identified.
[2026-04-24 03:41:33,503][dowhy.causal_identifier.auto_identifier][INFO] - Causal effect can be identified.
[2026-04-24 03:41:33,503][dowhy.causal_model][INFO] - linear_regression
[2026-04-24 03:41:33,503][dowhy.causal_estimator][INFO] - INFO: Using Linear Regression Estimator
[2026-04-24 03:41:33,503][dowhy.causal_estimator][INFO] - b: X2~X0
[2026-04-24 03:41:33,509][dowhy.causal_model][INFO] - Model to find the causal effect of treatment ['X0'] on outcome ['X3']
[2026-04-24 03:41:33,509][dowhy.causal_identifier.auto_identifier][INFO] - Causal effect can be identified.
[2026-04-24 03:41:33,509][dowhy.causal_identifier.auto_identifier][INFO] - Instrumental variables for treatment and outcome:[]
[2026-04-24 03:41:33,510][dowhy.causal_identifier.auto_identifier][INFO] - Frontdoor variables for treatment and outcome:['X2', 'X1']
[2026-04-24 03:41:33,510][dowhy.causal_identifier.auto_identifier][INFO] - Causal effect can be identified.
[2026-04-24 03:41:33,511][dowhy.causal_identifier.auto_identifier][INFO] - Causal effect can be identified.
[2026-04-24 03:41:33,511][dowhy.causal_model][INFO] - linear_regression
[2026-04-24 03:41:33,511][dowhy.causal_estimator][INFO] - INFO: Using Linear Regression Estimator
[2026-04-24 03:41:33,511][dowhy.causal_estimator][INFO] - b: X3~X0
[2026-04-24 03:41:33,517][dowhy.causal_model][INFO] - Model to find the causal effect of treatment ['X0'] on outcome ['X4']
[2026-04-24 03:41:33,517][dowhy.causal_identifier.auto_identifier][INFO] - Causal effect can be identified.
[2026-04-24 03:41:33,517][dowhy.causal_identifier.auto_identifier][INFO] - Instrumental variables for treatment and outcome:[]
[2026-04-24 03:41:33,518][dowhy.causal_identifier.auto_identifier][INFO] - Frontdoor variables for treatment and outcome:['X2', 'X3', 'X1']
[2026-04-24 03:41:33,518][dowhy.causal_identifier.auto_identifier][INFO] - Causal effect can be identified.
[2026-04-24 03:41:33,519][dowhy.causal_identifier.auto_identifier][INFO] - Causal effect can be identified.
[2026-04-24 03:41:33,519][dowhy.causal_model][INFO] - linear_regression
[2026-04-24 03:41:33,519][dowhy.causal_estimator][INFO] - INFO: Using Linear Regression Estimator
[2026-04-24 03:41:33,519][dowhy.causal_estimator][INFO] - b: X4~X0
[2026-04-24 03:41:33,525][dowhy.causal_model][INFO] - Model to find the causal effect of treatment ['X0'] on outcome ['X5']
[2026-04-24 03:41:33,525][dowhy.causal_identifier.auto_identifier][INFO] - Causal effect can be identified.
[2026-04-24 03:41:33,525][dowhy.causal_identifier.auto_identifier][INFO] - Instrumental variables for treatment and outcome:[]
[2026-04-24 03:41:33,526][dowhy.causal_identifier.auto_identifier][INFO] - Frontdoor variables for treatment and outcome:['X2', 'X3', 'X4', 'X1']
[2026-04-24 03:41:33,526][dowhy.causal_identifier.auto_identifier][INFO] - Causal effect can be identified.
[2026-04-24 03:41:33,527][dowhy.causal_identifier.auto_identifier][INFO] - Causal effect can be identified.
[2026-04-24 03:41:33,527][dowhy.causal_model][INFO] - linear_regression
[2026-04-24 03:41:33,527][dowhy.causal_estimator][INFO] - INFO: Using Linear Regression Estimator
[2026-04-24 03:41:33,527][dowhy.causal_estimator][INFO] - b: X5~X0
[2026-04-24 03:41:33,572][dowhy.causal_model][INFO] - Model to find the causal effect of treatment ['X1'] on outcome ['X0']
[2026-04-24 03:41:33,572][dowhy.causal_identifier.auto_identifier][WARNING] - No directed path from treatment to outcome. Causal Effect is zero.
[2026-04-24 03:41:33,572][dowhy.causal_model][INFO] - linear_regression
[2026-04-24 03:41:33,572][dowhy.causal_estimator][INFO] - INFO: Using Linear Regression Estimator
[2026-04-24 03:41:33,572][dowhy.causal_estimator][WARNING] - No directed path from ['X1'] to ['X0'].
[2026-04-24 03:41:33,574][dowhy.causal_model][INFO] - Model to find the causal effect of treatment ['X1'] on outcome ['X2']
[2026-04-24 03:41:33,574][dowhy.causal_identifier.auto_identifier][INFO] - Causal effect can be identified.
[2026-04-24 03:41:33,574][dowhy.causal_identifier.auto_identifier][INFO] - Instrumental variables for treatment and outcome:['X0']
[2026-04-24 03:41:33,575][dowhy.causal_identifier.auto_identifier][INFO] - Frontdoor variables for treatment and outcome:[]
[2026-04-24 03:41:33,575][dowhy.causal_model][INFO] - linear_regression
[2026-04-24 03:41:33,575][dowhy.causal_estimator][INFO] - INFO: Using Linear Regression Estimator
[2026-04-24 03:41:33,575][dowhy.causal_estimator][INFO] - b: X2~X1
[2026-04-24 03:41:33,582][dowhy.causal_model][INFO] - Model to find the causal effect of treatment ['X1'] on outcome ['X3']
[2026-04-24 03:41:33,582][dowhy.causal_identifier.auto_identifier][INFO] - Causal effect can be identified.
[2026-04-24 03:41:33,583][dowhy.causal_identifier.auto_identifier][INFO] - Instrumental variables for treatment and outcome:['X0']
[2026-04-24 03:41:33,583][dowhy.causal_identifier.auto_identifier][INFO] - Frontdoor variables for treatment and outcome:['X2']
[2026-04-24 03:41:33,584][dowhy.causal_identifier.auto_identifier][INFO] - Causal effect can be identified.
[2026-04-24 03:41:33,585][dowhy.causal_identifier.auto_identifier][INFO] - Causal effect can be identified.
[2026-04-24 03:41:33,585][dowhy.causal_model][INFO] - linear_regression
[2026-04-24 03:41:33,585][dowhy.causal_estimator][INFO] - INFO: Using Linear Regression Estimator
[2026-04-24 03:41:33,585][dowhy.causal_estimator][INFO] - b: X3~X1
[2026-04-24 03:41:33,592][dowhy.causal_model][INFO] - Model to find the causal effect of treatment ['X1'] on outcome ['X4']
[2026-04-24 03:41:33,592][dowhy.causal_identifier.auto_identifier][INFO] - Causal effect can be identified.
[2026-04-24 03:41:33,593][dowhy.causal_identifier.auto_identifier][INFO] - Instrumental variables for treatment and outcome:['X0']
[2026-04-24 03:41:33,594][dowhy.causal_identifier.auto_identifier][INFO] - Frontdoor variables for treatment and outcome:['X2', 'X3']
[2026-04-24 03:41:33,594][dowhy.causal_identifier.auto_identifier][INFO] - Causal effect can be identified.
[2026-04-24 03:41:33,595][dowhy.causal_identifier.auto_identifier][INFO] - Causal effect can be identified.
[2026-04-24 03:41:33,596][dowhy.causal_model][INFO] - linear_regression
[2026-04-24 03:41:33,596][dowhy.causal_estimator][INFO] - INFO: Using Linear Regression Estimator
[2026-04-24 03:41:33,596][dowhy.causal_estimator][INFO] - b: X4~X1
[2026-04-24 03:41:33,602][dowhy.causal_model][INFO] - Model to find the causal effect of treatment ['X1'] on outcome ['X5']
[2026-04-24 03:41:33,603][dowhy.causal_identifier.auto_identifier][INFO] - Causal effect can be identified.
[2026-04-24 03:41:33,603][dowhy.causal_identifier.auto_identifier][INFO] - Instrumental variables for treatment and outcome:['X0']
[2026-04-24 03:41:33,604][dowhy.causal_identifier.auto_identifier][INFO] - Frontdoor variables for treatment and outcome:['X2', 'X3', 'X4']
[2026-04-24 03:41:33,605][dowhy.causal_identifier.auto_identifier][INFO] - Causal effect can be identified.
[2026-04-24 03:41:33,606][dowhy.causal_identifier.auto_identifier][INFO] - Causal effect can be identified.
[2026-04-24 03:41:33,606][dowhy.causal_model][INFO] - linear_regression
[2026-04-24 03:41:33,606][dowhy.causal_estimator][INFO] - INFO: Using Linear Regression Estimator
[2026-04-24 03:41:33,606][dowhy.causal_estimator][INFO] - b: X5~X1
[2026-04-24 03:41:33,651][dowhy.causal_model][INFO] - Model to find the causal effect of treatment ['X2'] on outcome ['X0']
[2026-04-24 03:41:33,651][dowhy.causal_identifier.auto_identifier][WARNING] - No directed path from treatment to outcome. Causal Effect is zero.
[2026-04-24 03:41:33,651][dowhy.causal_model][INFO] - linear_regression
[2026-04-24 03:41:33,651][dowhy.causal_estimator][INFO] - INFO: Using Linear Regression Estimator
[2026-04-24 03:41:33,651][dowhy.causal_estimator][WARNING] - No directed path from ['X2'] to ['X0'].
[2026-04-24 03:41:33,653][dowhy.causal_model][INFO] - Model to find the causal effect of treatment ['X2'] on outcome ['X1']
[2026-04-24 03:41:33,653][dowhy.causal_identifier.auto_identifier][WARNING] - No directed path from treatment to outcome. Causal Effect is zero.
[2026-04-24 03:41:33,653][dowhy.causal_model][INFO] - linear_regression
[2026-04-24 03:41:33,653][dowhy.causal_estimator][INFO] - INFO: Using Linear Regression Estimator
[2026-04-24 03:41:33,653][dowhy.causal_estimator][WARNING] - No directed path from ['X2'] to ['X1'].
[2026-04-24 03:41:33,655][dowhy.causal_model][INFO] - Model to find the causal effect of treatment ['X2'] on outcome ['X3']
[2026-04-24 03:41:33,655][dowhy.causal_identifier.auto_identifier][INFO] - Causal effect can be identified.
[2026-04-24 03:41:33,656][dowhy.causal_identifier.auto_identifier][INFO] - Instrumental variables for treatment and outcome:['X1']
[2026-04-24 03:41:33,656][dowhy.causal_identifier.auto_identifier][INFO] - Frontdoor variables for treatment and outcome:[]
[2026-04-24 03:41:33,656][dowhy.causal_model][INFO] - linear_regression
[2026-04-24 03:41:33,656][dowhy.causal_estimator][INFO] - INFO: Using Linear Regression Estimator
[2026-04-24 03:41:33,656][dowhy.causal_estimator][INFO] - b: X3~X2
[2026-04-24 03:41:33,662][dowhy.causal_model][INFO] - Model to find the causal effect of treatment ['X2'] on outcome ['X4']
[2026-04-24 03:41:33,663][dowhy.causal_identifier.auto_identifier][INFO] - Causal effect can be identified.
[2026-04-24 03:41:33,663][dowhy.causal_identifier.auto_identifier][INFO] - Instrumental variables for treatment and outcome:['X1']
[2026-04-24 03:41:33,664][dowhy.causal_identifier.auto_identifier][INFO] - Frontdoor variables for treatment and outcome:['X3']
[2026-04-24 03:41:33,665][dowhy.causal_identifier.auto_identifier][INFO] - Causal effect can be identified.
[2026-04-24 03:41:33,666][dowhy.causal_identifier.auto_identifier][INFO] - Causal effect can be identified.
[2026-04-24 03:41:33,666][dowhy.causal_model][INFO] - linear_regression
[2026-04-24 03:41:33,666][dowhy.causal_estimator][INFO] - INFO: Using Linear Regression Estimator
[2026-04-24 03:41:33,666][dowhy.causal_estimator][INFO] - b: X4~X2
[2026-04-24 03:41:33,672][dowhy.causal_model][INFO] - Model to find the causal effect of treatment ['X2'] on outcome ['X5']
[2026-04-24 03:41:33,673][dowhy.causal_identifier.auto_identifier][INFO] - Causal effect can be identified.
[2026-04-24 03:41:33,673][dowhy.causal_identifier.auto_identifier][INFO] - Instrumental variables for treatment and outcome:['X1']
[2026-04-24 03:41:33,674][dowhy.causal_identifier.auto_identifier][INFO] - Frontdoor variables for treatment and outcome:['X3', 'X4']
[2026-04-24 03:41:33,674][dowhy.causal_identifier.auto_identifier][INFO] - Causal effect can be identified.
[2026-04-24 03:41:33,675][dowhy.causal_identifier.auto_identifier][INFO] - Causal effect can be identified.
[2026-04-24 03:41:33,676][dowhy.causal_model][INFO] - linear_regression
[2026-04-24 03:41:33,676][dowhy.causal_estimator][INFO] - INFO: Using Linear Regression Estimator
[2026-04-24 03:41:33,676][dowhy.causal_estimator][INFO] - b: X5~X2
[2026-04-24 03:41:33,714][dowhy.causal_model][INFO] - Model to find the causal effect of treatment ['X3'] on outcome ['X0']
[2026-04-24 03:41:33,715][dowhy.causal_identifier.auto_identifier][WARNING] - No directed path from treatment to outcome. Causal Effect is zero.
[2026-04-24 03:41:33,715][dowhy.causal_model][INFO] - linear_regression
[2026-04-24 03:41:33,715][dowhy.causal_estimator][INFO] - INFO: Using Linear Regression Estimator
[2026-04-24 03:41:33,715][dowhy.causal_estimator][WARNING] - No directed path from ['X3'] to ['X0'].
[2026-04-24 03:41:33,716][dowhy.causal_model][INFO] - Model to find the causal effect of treatment ['X3'] on outcome ['X1']
[2026-04-24 03:41:33,716][dowhy.causal_identifier.auto_identifier][WARNING] - No directed path from treatment to outcome. Causal Effect is zero.
[2026-04-24 03:41:33,717][dowhy.causal_model][INFO] - linear_regression
[2026-04-24 03:41:33,717][dowhy.causal_estimator][INFO] - INFO: Using Linear Regression Estimator
[2026-04-24 03:41:33,717][dowhy.causal_estimator][WARNING] - No directed path from ['X3'] to ['X1'].
[2026-04-24 03:41:33,718][dowhy.causal_model][INFO] - Model to find the causal effect of treatment ['X3'] on outcome ['X2']
[2026-04-24 03:41:33,718][dowhy.causal_identifier.auto_identifier][WARNING] - No directed path from treatment to outcome. Causal Effect is zero.
[2026-04-24 03:41:33,718][dowhy.causal_model][INFO] - linear_regression
[2026-04-24 03:41:33,718][dowhy.causal_estimator][INFO] - INFO: Using Linear Regression Estimator
[2026-04-24 03:41:33,718][dowhy.causal_estimator][WARNING] - No directed path from ['X3'] to ['X2'].
[2026-04-24 03:41:33,720][dowhy.causal_model][INFO] - Model to find the causal effect of treatment ['X3'] on outcome ['X4']
[2026-04-24 03:41:33,721][dowhy.causal_identifier.auto_identifier][INFO] - Causal effect can be identified.
[2026-04-24 03:41:33,721][dowhy.causal_identifier.auto_identifier][INFO] - Instrumental variables for treatment and outcome:['X2']
[2026-04-24 03:41:33,721][dowhy.causal_identifier.auto_identifier][INFO] - Frontdoor variables for treatment and outcome:[]
[2026-04-24 03:41:33,722][dowhy.causal_model][INFO] - linear_regression
[2026-04-24 03:41:33,722][dowhy.causal_estimator][INFO] - INFO: Using Linear Regression Estimator
[2026-04-24 03:41:33,722][dowhy.causal_estimator][INFO] - b: X4~X3
[2026-04-24 03:41:33,728][dowhy.causal_model][INFO] - Model to find the causal effect of treatment ['X3'] on outcome ['X5']
[2026-04-24 03:41:33,728][dowhy.causal_identifier.auto_identifier][INFO] - Causal effect can be identified.
[2026-04-24 03:41:33,729][dowhy.causal_identifier.auto_identifier][INFO] - Instrumental variables for treatment and outcome:['X2']
[2026-04-24 03:41:33,729][dowhy.causal_identifier.auto_identifier][INFO] - Frontdoor variables for treatment and outcome:['X4']
[2026-04-24 03:41:33,730][dowhy.causal_identifier.auto_identifier][INFO] - Causal effect can be identified.
[2026-04-24 03:41:33,731][dowhy.causal_identifier.auto_identifier][INFO] - Causal effect can be identified.
[2026-04-24 03:41:33,732][dowhy.causal_model][INFO] - linear_regression
[2026-04-24 03:41:33,732][dowhy.causal_estimator][INFO] - INFO: Using Linear Regression Estimator
[2026-04-24 03:41:33,732][dowhy.causal_estimator][INFO] - b: X5~X3
[2026-04-24 03:41:33,772][dowhy.causal_model][INFO] - Model to find the causal effect of treatment ['X4'] on outcome ['X0']
[2026-04-24 03:41:33,772][dowhy.causal_identifier.auto_identifier][WARNING] - No directed path from treatment to outcome. Causal Effect is zero.
[2026-04-24 03:41:33,772][dowhy.causal_model][INFO] - linear_regression
[2026-04-24 03:41:33,772][dowhy.causal_estimator][INFO] - INFO: Using Linear Regression Estimator
[2026-04-24 03:41:33,772][dowhy.causal_estimator][WARNING] - No directed path from ['X4'] to ['X0'].
[2026-04-24 03:41:33,774][dowhy.causal_model][INFO] - Model to find the causal effect of treatment ['X4'] on outcome ['X1']
[2026-04-24 03:41:33,774][dowhy.causal_identifier.auto_identifier][WARNING] - No directed path from treatment to outcome. Causal Effect is zero.
[2026-04-24 03:41:33,774][dowhy.causal_model][INFO] - linear_regression
[2026-04-24 03:41:33,774][dowhy.causal_estimator][INFO] - INFO: Using Linear Regression Estimator
[2026-04-24 03:41:33,774][dowhy.causal_estimator][WARNING] - No directed path from ['X4'] to ['X1'].
[2026-04-24 03:41:33,776][dowhy.causal_model][INFO] - Model to find the causal effect of treatment ['X4'] on outcome ['X2']
[2026-04-24 03:41:33,776][dowhy.causal_identifier.auto_identifier][WARNING] - No directed path from treatment to outcome. Causal Effect is zero.
[2026-04-24 03:41:33,776][dowhy.causal_model][INFO] - linear_regression
[2026-04-24 03:41:33,776][dowhy.causal_estimator][INFO] - INFO: Using Linear Regression Estimator
[2026-04-24 03:41:33,776][dowhy.causal_estimator][WARNING] - No directed path from ['X4'] to ['X2'].
[2026-04-24 03:41:33,778][dowhy.causal_model][INFO] - Model to find the causal effect of treatment ['X4'] on outcome ['X3']
[2026-04-24 03:41:33,778][dowhy.causal_identifier.auto_identifier][WARNING] - No directed path from treatment to outcome. Causal Effect is zero.
[2026-04-24 03:41:33,778][dowhy.causal_model][INFO] - linear_regression
[2026-04-24 03:41:33,778][dowhy.causal_estimator][INFO] - INFO: Using Linear Regression Estimator
[2026-04-24 03:41:33,778][dowhy.causal_estimator][WARNING] - No directed path from ['X4'] to ['X3'].
[2026-04-24 03:41:33,779][dowhy.causal_model][INFO] - Model to find the causal effect of treatment ['X4'] on outcome ['X5']
[2026-04-24 03:41:33,780][dowhy.causal_identifier.auto_identifier][INFO] - Causal effect can be identified.
[2026-04-24 03:41:33,781][dowhy.causal_identifier.auto_identifier][INFO] - Instrumental variables for treatment and outcome:['X3']
[2026-04-24 03:41:33,781][dowhy.causal_identifier.auto_identifier][INFO] - Frontdoor variables for treatment and outcome:[]
[2026-04-24 03:41:33,781][dowhy.causal_model][INFO] - linear_regression
[2026-04-24 03:41:33,781][dowhy.causal_estimator][INFO] - INFO: Using Linear Regression Estimator
[2026-04-24 03:41:33,782][dowhy.causal_estimator][INFO] - b: X5~X4
[2026-04-24 03:41:33,828][dowhy.causal_model][INFO] - Model to find the causal effect of treatment ['X5'] on outcome ['X0']
[2026-04-24 03:41:33,828][dowhy.causal_identifier.auto_identifier][WARNING] - No directed path from treatment to outcome. Causal Effect is zero.
[2026-04-24 03:41:33,828][dowhy.causal_model][INFO] - linear_regression
[2026-04-24 03:41:33,828][dowhy.causal_estimator][INFO] - INFO: Using Linear Regression Estimator
[2026-04-24 03:41:33,828][dowhy.causal_estimator][WARNING] - No directed path from ['X5'] to ['X0'].
[2026-04-24 03:41:33,830][dowhy.causal_model][INFO] - Model to find the causal effect of treatment ['X5'] on outcome ['X1']
[2026-04-24 03:41:33,830][dowhy.causal_identifier.auto_identifier][WARNING] - No directed path from treatment to outcome. Causal Effect is zero.
[2026-04-24 03:41:33,830][dowhy.causal_model][INFO] - linear_regression
[2026-04-24 03:41:33,830][dowhy.causal_estimator][INFO] - INFO: Using Linear Regression Estimator
[2026-04-24 03:41:33,830][dowhy.causal_estimator][WARNING] - No directed path from ['X5'] to ['X1'].
[2026-04-24 03:41:33,832][dowhy.causal_model][INFO] - Model to find the causal effect of treatment ['X5'] on outcome ['X2']
[2026-04-24 03:41:33,832][dowhy.causal_identifier.auto_identifier][WARNING] - No directed path from treatment to outcome. Causal Effect is zero.
[2026-04-24 03:41:33,832][dowhy.causal_model][INFO] - linear_regression
[2026-04-24 03:41:33,832][dowhy.causal_estimator][INFO] - INFO: Using Linear Regression Estimator
[2026-04-24 03:41:33,832][dowhy.causal_estimator][WARNING] - No directed path from ['X5'] to ['X2'].
[2026-04-24 03:41:33,833][dowhy.causal_model][INFO] - Model to find the causal effect of treatment ['X5'] on outcome ['X3']
[2026-04-24 03:41:33,833][dowhy.causal_identifier.auto_identifier][WARNING] - No directed path from treatment to outcome. Causal Effect is zero.
[2026-04-24 03:41:33,833][dowhy.causal_model][INFO] - linear_regression
[2026-04-24 03:41:33,834][dowhy.causal_estimator][INFO] - INFO: Using Linear Regression Estimator
[2026-04-24 03:41:33,834][dowhy.causal_estimator][WARNING] - No directed path from ['X5'] to ['X3'].
[2026-04-24 03:41:33,835][dowhy.causal_model][INFO] - Model to find the causal effect of treatment ['X5'] on outcome ['X4']
[2026-04-24 03:41:33,835][dowhy.causal_identifier.auto_identifier][WARNING] - No directed path from treatment to outcome. Causal Effect is zero.
[2026-04-24 03:41:33,835][dowhy.causal_model][INFO] - linear_regression
[2026-04-24 03:41:33,835][dowhy.causal_estimator][INFO] - INFO: Using Linear Regression Estimator
[2026-04-24 03:41:33,835][dowhy.causal_estimator][WARNING] - No directed path from ['X5'] to ['X4'].
[2026-04-24 03:41:33,886][dowhy.causal_model][INFO] - Model to find the causal effect of treatment ['X0'] on outcome ['X1']
[2026-04-24 03:41:33,887][dowhy.causal_identifier.auto_identifier][INFO] - Causal effect can be identified.
[2026-04-24 03:41:33,887][dowhy.causal_identifier.auto_identifier][INFO] - Instrumental variables for treatment and outcome:[]
[2026-04-24 03:41:33,887][dowhy.causal_identifier.auto_identifier][INFO] - Frontdoor variables for treatment and outcome:[]
[2026-04-24 03:41:33,887][dowhy.causal_model][INFO] - linear_regression
[2026-04-24 03:41:33,887][dowhy.causal_estimator][INFO] - INFO: Using Linear Regression Estimator
[2026-04-24 03:41:33,887][dowhy.causal_estimator][INFO] - b: X1~X0
[2026-04-24 03:41:33,893][dowhy.causal_model][INFO] - Model to find the causal effect of treatment ['X0'] on outcome ['X2']
[2026-04-24 03:41:33,893][dowhy.causal_identifier.auto_identifier][INFO] - Causal effect can be identified.
[2026-04-24 03:41:33,893][dowhy.causal_identifier.auto_identifier][INFO] - Instrumental variables for treatment and outcome:[]
[2026-04-24 03:41:33,894][dowhy.causal_identifier.auto_identifier][INFO] - Frontdoor variables for treatment and outcome:['X1']
[2026-04-24 03:41:33,894][dowhy.causal_identifier.auto_identifier][INFO] - Causal effect can be identified.
[2026-04-24 03:41:33,894][dowhy.causal_identifier.auto_identifier][INFO] - Causal effect can be identified.
[2026-04-24 03:41:33,895][dowhy.causal_model][INFO] - linear_regression
[2026-04-24 03:41:33,895][dowhy.causal_estimator][INFO] - INFO: Using Linear Regression Estimator
[2026-04-24 03:41:33,895][dowhy.causal_estimator][INFO] - b: X2~X0
[2026-04-24 03:41:33,900][dowhy.causal_model][INFO] - Model to find the causal effect of treatment ['X0'] on outcome ['X3']
[2026-04-24 03:41:33,901][dowhy.causal_identifier.auto_identifier][INFO] - Causal effect can be identified.
[2026-04-24 03:41:33,901][dowhy.causal_identifier.auto_identifier][INFO] - Instrumental variables for treatment and outcome:[]
[2026-04-24 03:41:33,901][dowhy.causal_identifier.auto_identifier][INFO] - Frontdoor variables for treatment and outcome:['X2', 'X1']
[2026-04-24 03:41:33,902][dowhy.causal_identifier.auto_identifier][INFO] - Causal effect can be identified.
[2026-04-24 03:41:33,902][dowhy.causal_identifier.auto_identifier][INFO] - Causal effect can be identified.
[2026-04-24 03:41:33,903][dowhy.causal_model][INFO] - linear_regression
[2026-04-24 03:41:33,903][dowhy.causal_estimator][INFO] - INFO: Using Linear Regression Estimator
[2026-04-24 03:41:33,903][dowhy.causal_estimator][INFO] - b: X3~X0
[2026-04-24 03:41:33,908][dowhy.causal_model][INFO] - Model to find the causal effect of treatment ['X0'] on outcome ['X4']
[2026-04-24 03:41:33,908][dowhy.causal_identifier.auto_identifier][INFO] - Causal effect can be identified.
[2026-04-24 03:41:33,909][dowhy.causal_identifier.auto_identifier][INFO] - Instrumental variables for treatment and outcome:[]
[2026-04-24 03:41:33,909][dowhy.causal_identifier.auto_identifier][INFO] - Frontdoor variables for treatment and outcome:['X2', 'X3', 'X1']
[2026-04-24 03:41:33,910][dowhy.causal_identifier.auto_identifier][INFO] - Causal effect can be identified.
[2026-04-24 03:41:33,910][dowhy.causal_identifier.auto_identifier][INFO] - Causal effect can be identified.
[2026-04-24 03:41:33,911][dowhy.causal_model][INFO] - linear_regression
[2026-04-24 03:41:33,911][dowhy.causal_estimator][INFO] - INFO: Using Linear Regression Estimator
[2026-04-24 03:41:33,911][dowhy.causal_estimator][INFO] - b: X4~X0
[2026-04-24 03:41:33,916][dowhy.causal_model][INFO] - Model to find the causal effect of treatment ['X0'] on outcome ['X5']
[2026-04-24 03:41:33,916][dowhy.causal_identifier.auto_identifier][INFO] - Causal effect can be identified.
[2026-04-24 03:41:33,917][dowhy.causal_identifier.auto_identifier][INFO] - Instrumental variables for treatment and outcome:[]
[2026-04-24 03:41:33,917][dowhy.causal_identifier.auto_identifier][INFO] - Frontdoor variables for treatment and outcome:['X2', 'X3', 'X4', 'X1']
[2026-04-24 03:41:33,918][dowhy.causal_identifier.auto_identifier][INFO] - Causal effect can be identified.
[2026-04-24 03:41:33,918][dowhy.causal_identifier.auto_identifier][INFO] - Causal effect can be identified.
[2026-04-24 03:41:33,919][dowhy.causal_model][INFO] - linear_regression
[2026-04-24 03:41:33,919][dowhy.causal_estimator][INFO] - INFO: Using Linear Regression Estimator
[2026-04-24 03:41:33,919][dowhy.causal_estimator][INFO] - b: X5~X0
[2026-04-24 03:41:33,959][dowhy.causal_model][INFO] - Model to find the causal effect of treatment ['X1'] on outcome ['X0']
[2026-04-24 03:41:33,959][dowhy.causal_identifier.auto_identifier][WARNING] - No directed path from treatment to outcome. Causal Effect is zero.
[2026-04-24 03:41:33,960][dowhy.causal_model][INFO] - linear_regression
[2026-04-24 03:41:33,960][dowhy.causal_estimator][INFO] - INFO: Using Linear Regression Estimator
[2026-04-24 03:41:33,960][dowhy.causal_estimator][WARNING] - No directed path from ['X1'] to ['X0'].
[2026-04-24 03:41:33,961][dowhy.causal_model][INFO] - Model to find the causal effect of treatment ['X1'] on outcome ['X2']
[2026-04-24 03:41:33,962][dowhy.causal_identifier.auto_identifier][INFO] - Causal effect can be identified.
[2026-04-24 03:41:33,962][dowhy.causal_identifier.auto_identifier][INFO] - Instrumental variables for treatment and outcome:['X0']
[2026-04-24 03:41:33,962][dowhy.causal_identifier.auto_identifier][INFO] - Frontdoor variables for treatment and outcome:[]
[2026-04-24 03:41:33,962][dowhy.causal_model][INFO] - linear_regression
[2026-04-24 03:41:33,962][dowhy.causal_estimator][INFO] - INFO: Using Linear Regression Estimator
[2026-04-24 03:41:33,962][dowhy.causal_estimator][INFO] - b: X2~X1
[2026-04-24 03:41:33,968][dowhy.causal_model][INFO] - Model to find the causal effect of treatment ['X1'] on outcome ['X3']
[2026-04-24 03:41:33,969][dowhy.causal_identifier.auto_identifier][INFO] - Causal effect can be identified.
[2026-04-24 03:41:33,969][dowhy.causal_identifier.auto_identifier][INFO] - Instrumental variables for treatment and outcome:['X0']
[2026-04-24 03:41:33,969][dowhy.causal_identifier.auto_identifier][INFO] - Frontdoor variables for treatment and outcome:['X2']
[2026-04-24 03:41:33,970][dowhy.causal_identifier.auto_identifier][INFO] - Causal effect can be identified.
[2026-04-24 03:41:33,971][dowhy.causal_identifier.auto_identifier][INFO] - Causal effect can be identified.
[2026-04-24 03:41:33,971][dowhy.causal_model][INFO] - linear_regression
[2026-04-24 03:41:33,971][dowhy.causal_estimator][INFO] - INFO: Using Linear Regression Estimator
[2026-04-24 03:41:33,971][dowhy.causal_estimator][INFO] - b: X3~X1
[2026-04-24 03:41:33,977][dowhy.causal_model][INFO] - Model to find the causal effect of treatment ['X1'] on outcome ['X4']
[2026-04-24 03:41:33,977][dowhy.causal_identifier.auto_identifier][INFO] - Causal effect can be identified.
[2026-04-24 03:41:33,977][dowhy.causal_identifier.auto_identifier][INFO] - Instrumental variables for treatment and outcome:['X0']
[2026-04-24 03:41:33,978][dowhy.causal_identifier.auto_identifier][INFO] - Frontdoor variables for treatment and outcome:['X2', 'X3']
[2026-04-24 03:41:33,979][dowhy.causal_identifier.auto_identifier][INFO] - Causal effect can be identified.
[2026-04-24 03:41:33,979][dowhy.causal_identifier.auto_identifier][INFO] - Causal effect can be identified.
[2026-04-24 03:41:33,980][dowhy.causal_model][INFO] - linear_regression
[2026-04-24 03:41:33,980][dowhy.causal_estimator][INFO] - INFO: Using Linear Regression Estimator
[2026-04-24 03:41:33,980][dowhy.causal_estimator][INFO] - b: X4~X1
[2026-04-24 03:41:33,986][dowhy.causal_model][INFO] - Model to find the causal effect of treatment ['X1'] on outcome ['X5']
[2026-04-24 03:41:33,986][dowhy.causal_identifier.auto_identifier][INFO] - Causal effect can be identified.
[2026-04-24 03:41:33,987][dowhy.causal_identifier.auto_identifier][INFO] - Instrumental variables for treatment and outcome:['X0']
[2026-04-24 03:41:33,988][dowhy.causal_identifier.auto_identifier][INFO] - Frontdoor variables for treatment and outcome:['X2', 'X3', 'X4']
[2026-04-24 03:41:33,989][dowhy.causal_identifier.auto_identifier][INFO] - Causal effect can be identified.
[2026-04-24 03:41:33,989][dowhy.causal_identifier.auto_identifier][INFO] - Causal effect can be identified.
[2026-04-24 03:41:33,990][dowhy.causal_model][INFO] - linear_regression
[2026-04-24 03:41:33,990][dowhy.causal_estimator][INFO] - INFO: Using Linear Regression Estimator
[2026-04-24 03:41:33,990][dowhy.causal_estimator][INFO] - b: X5~X1
[2026-04-24 03:41:34,031][dowhy.causal_model][INFO] - Model to find the causal effect of treatment ['X2'] on outcome ['X0']
[2026-04-24 03:41:34,031][dowhy.causal_identifier.auto_identifier][WARNING] - No directed path from treatment to outcome. Causal Effect is zero.
[2026-04-24 03:41:34,031][dowhy.causal_model][INFO] - linear_regression
[2026-04-24 03:41:34,031][dowhy.causal_estimator][INFO] - INFO: Using Linear Regression Estimator
[2026-04-24 03:41:34,031][dowhy.causal_estimator][WARNING] - No directed path from ['X2'] to ['X0'].
[2026-04-24 03:41:34,033][dowhy.causal_model][INFO] - Model to find the causal effect of treatment ['X2'] on outcome ['X1']
[2026-04-24 03:41:34,033][dowhy.causal_identifier.auto_identifier][WARNING] - No directed path from treatment to outcome. Causal Effect is zero.
[2026-04-24 03:41:34,033][dowhy.causal_model][INFO] - linear_regression
[2026-04-24 03:41:34,033][dowhy.causal_estimator][INFO] - INFO: Using Linear Regression Estimator
[2026-04-24 03:41:34,033][dowhy.causal_estimator][WARNING] - No directed path from ['X2'] to ['X1'].
[2026-04-24 03:41:34,035][dowhy.causal_model][INFO] - Model to find the causal effect of treatment ['X2'] on outcome ['X3']
[2026-04-24 03:41:34,036][dowhy.causal_identifier.auto_identifier][INFO] - Causal effect can be identified.
[2026-04-24 03:41:34,036][dowhy.causal_identifier.auto_identifier][INFO] - Instrumental variables for treatment and outcome:['X1']
[2026-04-24 03:41:34,037][dowhy.causal_identifier.auto_identifier][INFO] - Frontdoor variables for treatment and outcome:[]
[2026-04-24 03:41:34,037][dowhy.causal_model][INFO] - linear_regression
[2026-04-24 03:41:34,037][dowhy.causal_estimator][INFO] - INFO: Using Linear Regression Estimator
[2026-04-24 03:41:34,037][dowhy.causal_estimator][INFO] - b: X3~X2
[2026-04-24 03:41:34,044][dowhy.causal_model][INFO] - Model to find the causal effect of treatment ['X2'] on outcome ['X4']
[2026-04-24 03:41:34,045][dowhy.causal_identifier.auto_identifier][INFO] - Causal effect can be identified.
[2026-04-24 03:41:34,045][dowhy.causal_identifier.auto_identifier][INFO] - Instrumental variables for treatment and outcome:['X1']
[2026-04-24 03:41:34,046][dowhy.causal_identifier.auto_identifier][INFO] - Frontdoor variables for treatment and outcome:['X3']
[2026-04-24 03:41:34,047][dowhy.causal_identifier.auto_identifier][INFO] - Causal effect can be identified.
[2026-04-24 03:41:34,048][dowhy.causal_identifier.auto_identifier][INFO] - Causal effect can be identified.
[2026-04-24 03:41:34,048][dowhy.causal_model][INFO] - linear_regression
[2026-04-24 03:41:34,048][dowhy.causal_estimator][INFO] - INFO: Using Linear Regression Estimator
[2026-04-24 03:41:34,048][dowhy.causal_estimator][INFO] - b: X4~X2
[2026-04-24 03:41:34,055][dowhy.causal_model][INFO] - Model to find the causal effect of treatment ['X2'] on outcome ['X5']
[2026-04-24 03:41:34,056][dowhy.causal_identifier.auto_identifier][INFO] - Causal effect can be identified.
[2026-04-24 03:41:34,056][dowhy.causal_identifier.auto_identifier][INFO] - Instrumental variables for treatment and outcome:['X1']
[2026-04-24 03:41:34,057][dowhy.causal_identifier.auto_identifier][INFO] - Frontdoor variables for treatment and outcome:['X3', 'X4']
[2026-04-24 03:41:34,058][dowhy.causal_identifier.auto_identifier][INFO] - Causal effect can be identified.
[2026-04-24 03:41:34,059][dowhy.causal_identifier.auto_identifier][INFO] - Causal effect can be identified.
[2026-04-24 03:41:34,060][dowhy.causal_model][INFO] - linear_regression
[2026-04-24 03:41:34,060][dowhy.causal_estimator][INFO] - INFO: Using Linear Regression Estimator
[2026-04-24 03:41:34,060][dowhy.causal_estimator][INFO] - b: X5~X2
[2026-04-24 03:41:34,102][dowhy.causal_model][INFO] - Model to find the causal effect of treatment ['X3'] on outcome ['X0']
[2026-04-24 03:41:34,102][dowhy.causal_identifier.auto_identifier][WARNING] - No directed path from treatment to outcome. Causal Effect is zero.
[2026-04-24 03:41:34,103][dowhy.causal_model][INFO] - linear_regression
[2026-04-24 03:41:34,103][dowhy.causal_estimator][INFO] - INFO: Using Linear Regression Estimator
[2026-04-24 03:41:34,103][dowhy.causal_estimator][WARNING] - No directed path from ['X3'] to ['X0'].
[2026-04-24 03:41:34,104][dowhy.causal_model][INFO] - Model to find the causal effect of treatment ['X3'] on outcome ['X1']
[2026-04-24 03:41:34,104][dowhy.causal_identifier.auto_identifier][WARNING] - No directed path from treatment to outcome. Causal Effect is zero.
[2026-04-24 03:41:34,104][dowhy.causal_model][INFO] - linear_regression
[2026-04-24 03:41:34,105][dowhy.causal_estimator][INFO] - INFO: Using Linear Regression Estimator
[2026-04-24 03:41:34,105][dowhy.causal_estimator][WARNING] - No directed path from ['X3'] to ['X1'].
[2026-04-24 03:41:34,106][dowhy.causal_model][INFO] - Model to find the causal effect of treatment ['X3'] on outcome ['X2']
[2026-04-24 03:41:34,106][dowhy.causal_identifier.auto_identifier][WARNING] - No directed path from treatment to outcome. Causal Effect is zero.
[2026-04-24 03:41:34,106][dowhy.causal_model][INFO] - linear_regression
[2026-04-24 03:41:34,106][dowhy.causal_estimator][INFO] - INFO: Using Linear Regression Estimator
[2026-04-24 03:41:34,106][dowhy.causal_estimator][WARNING] - No directed path from ['X3'] to ['X2'].
[2026-04-24 03:41:34,108][dowhy.causal_model][INFO] - Model to find the causal effect of treatment ['X3'] on outcome ['X4']
[2026-04-24 03:41:34,109][dowhy.causal_identifier.auto_identifier][INFO] - Causal effect can be identified.
[2026-04-24 03:41:34,109][dowhy.causal_identifier.auto_identifier][INFO] - Instrumental variables for treatment and outcome:['X2']
[2026-04-24 03:41:34,110][dowhy.causal_identifier.auto_identifier][INFO] - Frontdoor variables for treatment and outcome:[]
[2026-04-24 03:41:34,110][dowhy.causal_model][INFO] - linear_regression
[2026-04-24 03:41:34,110][dowhy.causal_estimator][INFO] - INFO: Using Linear Regression Estimator
[2026-04-24 03:41:34,110][dowhy.causal_estimator][INFO] - b: X4~X3
[2026-04-24 03:41:34,116][dowhy.causal_model][INFO] - Model to find the causal effect of treatment ['X3'] on outcome ['X5']
[2026-04-24 03:41:34,117][dowhy.causal_identifier.auto_identifier][INFO] - Causal effect can be identified.
[2026-04-24 03:41:34,117][dowhy.causal_identifier.auto_identifier][INFO] - Instrumental variables for treatment and outcome:['X2']
[2026-04-24 03:41:34,118][dowhy.causal_identifier.auto_identifier][INFO] - Frontdoor variables for treatment and outcome:['X4']
[2026-04-24 03:41:34,119][dowhy.causal_identifier.auto_identifier][INFO] - Causal effect can be identified.
[2026-04-24 03:41:34,120][dowhy.causal_identifier.auto_identifier][INFO] - Causal effect can be identified.
[2026-04-24 03:41:34,120][dowhy.causal_model][INFO] - linear_regression
[2026-04-24 03:41:34,121][dowhy.causal_estimator][INFO] - INFO: Using Linear Regression Estimator
[2026-04-24 03:41:34,121][dowhy.causal_estimator][INFO] - b: X5~X3
[2026-04-24 03:41:34,159][dowhy.causal_model][INFO] - Model to find the causal effect of treatment ['X4'] on outcome ['X0']
[2026-04-24 03:41:34,159][dowhy.causal_identifier.auto_identifier][WARNING] - No directed path from treatment to outcome. Causal Effect is zero.
[2026-04-24 03:41:34,159][dowhy.causal_model][INFO] - linear_regression
[2026-04-24 03:41:34,159][dowhy.causal_estimator][INFO] - INFO: Using Linear Regression Estimator
[2026-04-24 03:41:34,159][dowhy.causal_estimator][WARNING] - No directed path from ['X4'] to ['X0'].
[2026-04-24 03:41:34,161][dowhy.causal_model][INFO] - Model to find the causal effect of treatment ['X4'] on outcome ['X1']
[2026-04-24 03:41:34,161][dowhy.causal_identifier.auto_identifier][WARNING] - No directed path from treatment to outcome. Causal Effect is zero.
[2026-04-24 03:41:34,161][dowhy.causal_model][INFO] - linear_regression
[2026-04-24 03:41:34,161][dowhy.causal_estimator][INFO] - INFO: Using Linear Regression Estimator
[2026-04-24 03:41:34,161][dowhy.causal_estimator][WARNING] - No directed path from ['X4'] to ['X1'].
[2026-04-24 03:41:34,163][dowhy.causal_model][INFO] - Model to find the causal effect of treatment ['X4'] on outcome ['X2']
[2026-04-24 03:41:34,163][dowhy.causal_identifier.auto_identifier][WARNING] - No directed path from treatment to outcome. Causal Effect is zero.
[2026-04-24 03:41:34,163][dowhy.causal_model][INFO] - linear_regression
[2026-04-24 03:41:34,163][dowhy.causal_estimator][INFO] - INFO: Using Linear Regression Estimator
[2026-04-24 03:41:34,163][dowhy.causal_estimator][WARNING] - No directed path from ['X4'] to ['X2'].
[2026-04-24 03:41:34,164][dowhy.causal_model][INFO] - Model to find the causal effect of treatment ['X4'] on outcome ['X3']
[2026-04-24 03:41:34,164][dowhy.causal_identifier.auto_identifier][WARNING] - No directed path from treatment to outcome. Causal Effect is zero.
[2026-04-24 03:41:34,164][dowhy.causal_model][INFO] - linear_regression
[2026-04-24 03:41:34,164][dowhy.causal_estimator][INFO] - INFO: Using Linear Regression Estimator
[2026-04-24 03:41:34,164][dowhy.causal_estimator][WARNING] - No directed path from ['X4'] to ['X3'].
[2026-04-24 03:41:34,166][dowhy.causal_model][INFO] - Model to find the causal effect of treatment ['X4'] on outcome ['X5']
[2026-04-24 03:41:34,167][dowhy.causal_identifier.auto_identifier][INFO] - Causal effect can be identified.
[2026-04-24 03:41:34,167][dowhy.causal_identifier.auto_identifier][INFO] - Instrumental variables for treatment and outcome:['X3']
[2026-04-24 03:41:34,168][dowhy.causal_identifier.auto_identifier][INFO] - Frontdoor variables for treatment and outcome:[]
[2026-04-24 03:41:34,168][dowhy.causal_model][INFO] - linear_regression
[2026-04-24 03:41:34,168][dowhy.causal_estimator][INFO] - INFO: Using Linear Regression Estimator
[2026-04-24 03:41:34,168][dowhy.causal_estimator][INFO] - b: X5~X4
[2026-04-24 03:41:34,206][dowhy.causal_model][INFO] - Model to find the causal effect of treatment ['X5'] on outcome ['X0']
[2026-04-24 03:41:34,206][dowhy.causal_identifier.auto_identifier][WARNING] - No directed path from treatment to outcome. Causal Effect is zero.
[2026-04-24 03:41:34,206][dowhy.causal_model][INFO] - linear_regression
[2026-04-24 03:41:34,206][dowhy.causal_estimator][INFO] - INFO: Using Linear Regression Estimator
[2026-04-24 03:41:34,206][dowhy.causal_estimator][WARNING] - No directed path from ['X5'] to ['X0'].
[2026-04-24 03:41:34,208][dowhy.causal_model][INFO] - Model to find the causal effect of treatment ['X5'] on outcome ['X1']
[2026-04-24 03:41:34,208][dowhy.causal_identifier.auto_identifier][WARNING] - No directed path from treatment to outcome. Causal Effect is zero.
[2026-04-24 03:41:34,208][dowhy.causal_model][INFO] - linear_regression
[2026-04-24 03:41:34,208][dowhy.causal_estimator][INFO] - INFO: Using Linear Regression Estimator
[2026-04-24 03:41:34,208][dowhy.causal_estimator][WARNING] - No directed path from ['X5'] to ['X1'].
[2026-04-24 03:41:34,210][dowhy.causal_model][INFO] - Model to find the causal effect of treatment ['X5'] on outcome ['X2']
[2026-04-24 03:41:34,210][dowhy.causal_identifier.auto_identifier][WARNING] - No directed path from treatment to outcome. Causal Effect is zero.
[2026-04-24 03:41:34,210][dowhy.causal_model][INFO] - linear_regression
[2026-04-24 03:41:34,210][dowhy.causal_estimator][INFO] - INFO: Using Linear Regression Estimator
[2026-04-24 03:41:34,210][dowhy.causal_estimator][WARNING] - No directed path from ['X5'] to ['X2'].
[2026-04-24 03:41:34,211][dowhy.causal_model][INFO] - Model to find the causal effect of treatment ['X5'] on outcome ['X3']
[2026-04-24 03:41:34,211][dowhy.causal_identifier.auto_identifier][WARNING] - No directed path from treatment to outcome. Causal Effect is zero.
[2026-04-24 03:41:34,211][dowhy.causal_model][INFO] - linear_regression
[2026-04-24 03:41:34,211][dowhy.causal_estimator][INFO] - INFO: Using Linear Regression Estimator
[2026-04-24 03:41:34,212][dowhy.causal_estimator][WARNING] - No directed path from ['X5'] to ['X3'].
[2026-04-24 03:41:34,213][dowhy.causal_model][INFO] - Model to find the causal effect of treatment ['X5'] on outcome ['X4']
[2026-04-24 03:41:34,213][dowhy.causal_identifier.auto_identifier][WARNING] - No directed path from treatment to outcome. Causal Effect is zero.
[2026-04-24 03:41:34,213][dowhy.causal_model][INFO] - linear_regression
[2026-04-24 03:41:34,213][dowhy.causal_estimator][INFO] - INFO: Using Linear Regression Estimator
[2026-04-24 03:41:34,213][dowhy.causal_estimator][WARNING] - No directed path from ['X5'] to ['X4'].
