input_0,input_1,input_2,output_0,output_1,output_2
-0.006670594097866522,-1.813519497449867,1.3901013319465423,0.07643475442522801,1.4761008428727793,-1.4669219722479931
-1.4661045455878288,0.9228593219244854,0.9605523425413699,-2.697337438625139,0.6755587265402107,3.534997357270742
-1.7066580121351307,1.4553692084552448,0.06553911308046373,-3.3583184772434924,-0.3870997542667849,4.766830092494768
0.15564882353999487,-0.38727047527610187,-0.33928769627403865,0.3275306092488314,-0.3160309827894593,-0.6413671657117441
0.4743187176417187,-1.9062897706161552,0.5718243081037239,1.0197697564759873,0.6989789659260118,-2.5820958767809503
-1.1639718943910304,0.9745306393873088,-0.04674986511655352,-2.2975703316364644,-0.3795215737139028,3.223244964177896
0.9811310728534205,-2.063205585804194,-1.2338672688585597,1.7632082762834371,-1.17347916093171,-3.723173264843114
-0.38902455047134016,-1.9748992868578066,-1.630862765510357,-0.4480573329944885,-1.7766369819288566,-1.169389971174031
0.6317487722516503,0.48626709653084443,0.742225004465496,1.1951703622675365,0.9486795203698002,-0.9113997415399303
2.2818673795165783,-2.083171827006262,-0.25097813360513177,4.428826657501668,0.29693902406345446,-6.435500877936772
1.0083231690759529,-1.4868684919616106,-1.7186553954171597,1.850595839050611,-1.5518170667755722,-3.243018462222614
-0.4620566572705784,-0.6226101545591478,-0.2656088912259434,-0.8757900501461219,-0.37816358510985765,0.3602001330026306
-0.674934590361858,0.7121580915233289,0.09262369865383871,-1.2862126081232412,-0.07680599988530679,1.9221845773524326
0.03761188477175087,-0.5540415197663685,-0.1940684925845615,0.06858000535373035,-0.18040911985235336,-0.5288184420442024
0.049347756513116355,-3.464090463800038,0.490003922477661,0.5295480802961461,0.430822491682821,-3.227722934231969
-0.18470947617077377,-0.09687367766701377,0.5232794255341815,-0.3900553379638619,0.486362471270596,0.20205218162072697
-0.23647734966480566,0.7223045991402941,-0.011747026475537641,-0.36416246042405864,-0.09713868350653124,0.9765713515826695
1.2198594444625035,-0.8333585624920453,1.2562102945945754,2.3157556966455863,1.5605151731113447,-3.161645306442795
0.7614529637934612,0.09691115862529767,0.4189568884183308,1.4088587509664101,0.6608215948962344,-1.4491341316838762
-0.13986742841410682,0.30113070713163076,0.24916171662137748,-0.21142846693257966,0.20548234558803272,0.3812879213428011
1.346864742148737,0.02206662715613745,-0.8154322709354268,2.5165183040075774,-0.5309829416776815,-2.5968666210636973
1.0467763517123871,-0.2748948435608183,1.769299963195357,1.9431112853284478,2.076668421072106,-2.3065759441954743
0.32062429779135854,-1.8368543279699883,-1.726003360034628,0.7477884348250089,-1.777708471737099,-2.3624512428157436
1.00916784096325,-1.2499450859296546,0.4365047491527842,1.8670413842987579,0.7245575326709597,-3.0377000605985556
-0.2290398711838661,-1.2091233631544065,-0.0890706473835951,-0.4549646375080036,-0.13380868114185154,-0.5402514988179764
0.9459672547096842,0.8910817610866663,-0.7130822338765411,1.9405233607055679,-0.46404757208506553,-1.4913333329206826
0.06215746176145771,-1.018649740609823,1.0086927145416424,0.08491233601862805,1.0859300658703122,-0.8949379132589059
0.5147387628818619,-2.4605419171042056,0.6232560845437451,1.1390182325950515,0.7466412720459544,-3.0828368012161875
1.7806474758111601,0.4570939758441374,0.66991112121145,3.291356371287097,1.004579735660057,-3.35071323358407
0.33348438115000884,0.2906244168890035,1.6029280642418204,0.582043355414101,1.780352961231557,-0.3114882797489154
-0.016676928603941207,-0.663866002471488,-0.8730838040456526,0.03149049369499518,-0.9943993353920051,-0.48659123278294164
-0.18208639786609526,1.131014083024902,-0.9582583373973471,-0.4778087610406706,-1.0608163912899213,1.4223959631399739
0.3396839105257491,-1.6768248895339228,0.31371351496349126,0.720765758713395,0.39595541709249776,-2.1048808679433586
-1.0430569079468592,-0.4548399280627208,-0.23013311684113297,-2.0016135794762144,-0.48091227397507075,1.6821279500661557
0.0715367929343434,0.2756655961551093,0.7511093564768024,0.12473031218715436,0.8512977498206822,0.11660331386783951
-0.5157295595300379,-1.1878948312298667,-1.3489869291299057,-0.8467480426054904,-1.5539074103894803,0.10386579232259827
-0.660803880536365,0.4176897538473132,-0.7369399570963074,-1.2539477625050548,-1.0326447007923352,1.6950620296197367
-0.8586423957823939,0.6994420765274916,-0.45913589588031606,-1.6714066983732634,-0.8147492663959633,2.300049617049725
-0.22131839441724155,0.04801319869198896,0.6149458508210021,-0.4226656685993311,0.607521483443765,0.39940210190249537
-1.4902198500194586,2.4598328035780614,-0.010486377588036458,-2.9355579899096154,-0.3297870505379796,5.137636174714197
0.7124668628322641,-2.0713128251040236,0.08449569157057761,1.3096291850044182,0.2666110979332796,-3.0222252751660923
-0.2611450481868351,-0.5386381684295758,2.0402323079062015,-0.43838160221642314,1.9895477382227111,0.21297752925056404
-0.04559599809365973,0.9811808291433572,-0.7243709086318346,-0.1816670309066973,-0.7903387336206825,0.9722634739545204
0.48316588211329536,1.067977968783767,-1.3468218291971923,0.9515502100833002,-1.2240133540335085,-0.10028136025647433
0.5863016505057761,0.03381548388436322,-0.9125661616365592,1.2162718467433415,-0.808571964263206,-1.2858682307331357
-1.454739323686359,1.0578195762135887,-0.7075958608798583,-2.941334255839491,-1.1825264012670922,3.827292562856246
-0.26014053483493044,-1.012899313140117,-0.7660796886585965,-0.4979583066304174,-0.8795140304445936,-0.24709614379457817
-0.7064746684825183,1.854104558913137,0.5136406679944737,-1.274596670211731,0.45594632578970434,2.9361362405922784
0.7241256218604875,-1.1240375457744733,1.4607747772372452,1.4830767030575531,1.6721089354498033,-2.4762760706522937
1.3453186213526118,-2.3229848967038067,0.7268454719837198,2.4780475628624465,1.09912191913104,-4.387885650389901
-1.6743200009010317,0.6031275978068044,-0.1410440027071017,-3.296694504020929,-0.6114316574002795,3.9328732914789213
0.4135791624362017,0.891704215572613,0.19055365415858674,0.7581552062802916,0.34425374840979767,-0.07628497701555509
0.07880142881325507,-1.1651175492081656,0.9993382944390092,0.14898358355964034,1.0878803652549731,-1.0812694124632685
0.31735844887528397,1.5272888250666221,0.3350267080426553,0.5314821570528324,0.45616483474530856,0.7611272444113238
0.1240976178136722,1.2056504892088642,-1.7408024187135602,0.13219778864837406,-1.6274580318161107,0.9385695524334455
-0.031582904721692395,0.34171054453984817,0.308325781665476,0.019550046555046892,0.31696965536263955,0.2185328719959113
1.0520526181088568,-0.35586989248985706,-0.4504818639026744,2.058842410597554,-0.2742266533487267,-2.4945829495407623
1.9744621781766485,-1.9390981826171032,-0.9815743390263073,3.7182024749477267,-0.5481076749550532,-5.559362933227952
0.00736159988595762,-0.33419380317875863,-0.18525574915658377,0.03465749519035327,-0.20172902525275255,-0.3168065118029503
0.8845238188649099,-0.4984135014705429,-0.11510577669400157,1.70397381284035,0.06260157010196819,-2.296596023601783
0.43385100962795153,0.1457488680425481,0.10112292356877695,0.8199308137336034,0.20282749564865732,-0.7669517950631521
-0.5443560897486355,0.10881752450465428,-0.5114063034010828,-0.9568179294094686,-0.7612423755758341,1.1167445405283583
1.7459696170858974,-3.5809310106561543,1.9530942755325673,3.4261809725854895,2.292616993835123,-6.183909756284685
-0.5042323409353311,-0.7493167871885216,0.29007739386761366,-1.0281149264960794,0.19868988424213546,0.39341947317479825
-0.5914659903177203,0.4491930497358241,-0.5375794893505383,-1.0876263919000804,-0.8177121361488386,1.5241262205743082
1.265912558948086,-2.1764238676084577,0.10071921586074861,2.4245031869574203,0.4364469353887661,-4.279978760860349
1.5748773170107022,-2.5847972464513536,-0.5245996961838739,3.002494775175268,-0.19164682062662827,-5.361731407520805
-0.8377106764021923,-0.33032768473153734,-0.22488311619603005,-1.5952243570457019,-0.44779187300348255,1.3514445855953112
-1.3915021891648611,1.1518062420368056,0.1100160605987344,-2.720291897244386,-0.24885192609307877,3.8247500741432083
-0.6028687515615714,-0.10256827459280381,-0.9389824646582009,-1.1117344009722672,-1.2283066617286922,1.1748584317693358
-0.9073900818067043,2.481767421518306,-1.4815775755984766,-1.7418114328109209,-1.6191487720130995,3.9060782859717027
0.08420058972850958,-1.5755694449946331,-0.8157596288772598,0.29486146052880524,-0.8619068628202305,-1.7032364657439825
0.6974152918837917,1.1000542703080298,-0.34998997503378254,1.4066993495669935,-0.10912084781037894,-0.68772503626661
1.9379012052313664,0.5013698440233706,-2.0961215570949774,3.629652071066977,-1.4577798647435283,-3.4311836794448554
-1.0370101293169107,1.151012893254608,0.3369808497407426,-1.9540109703266315,0.1237092776667219,3.0126663322036347
-1.348504416359633,1.693178649562185,0.4191450539767494,-2.5347847194655992,0.15448000652355878,4.146449197875154
-0.29018516078921947,0.3975996895246943,0.2749946215824391,-0.5313339311001375,0.2171897807233008,0.8040978330004853
-0.3680302824913075,-0.1977222239040101,2.4072829759051326,-0.5437137223384938,2.291646494189912,0.6609916326713089
1.2527003754628923,-1.3945208800517732,-0.49491016860250164,2.438182243505238,-0.21073681089667243,-3.8027614969742185
1.0356526614961314,-2.3458220701186416,0.3881882679457426,1.920603187720634,0.6801957025460413,-3.825357110690274
0.44552187022619416,0.3375367732936324,0.6354991393375,0.877383403990419,0.7921760634428041,-0.6662451177982177
-0.32962069032664937,0.8286346787715164,-1.1255761259207737,-0.7020775089913953,-1.2584216703361655,1.4299621156563946
-1.5540037463637557,1.7465219633779845,0.7472585971724104,-2.8691121153640546,0.4654713779747441,4.508954071210945
-0.4593625465305055,1.0811769066873107,-0.6899263295583763,-0.8513320200906074,-0.8794452860350629,1.8098369779919123
0.48931525765410866,-0.6287004089166149,-0.29779682776843536,0.9505572019720948,-0.20662481427358892,-1.524830276512469
-0.1820294937793719,0.11750183614528001,-1.538697947120939,-0.34876942564375085,-1.6149809244126216,0.4643333359098952
-1.0773881950920052,1.4051906181659821,1.0048957054471315,-1.945405347820769,0.8239377744520889,3.2090382901893983
-0.6969535190830228,1.0265248873646498,1.6254886736891987,-1.2296223149521042,1.4792118940068313,2.123481234522871
1.9591119480839272,-1.7292211054170468,0.30610460253224314,3.800855045716654,0.8178043438190777,-5.433302337698252
0.44451614647837007,0.09457384973774428,1.7431852677834319,0.7938007144997464,1.9726489081631287,-0.6542224446452739
-0.1381921990774877,0.7898519876281163,-0.38682864379886145,-0.26194624724265025,-0.4891830716902081,0.9212617672945986
-0.7320286212048001,0.20104139040254784,0.98020118006267,-1.3406747192565127,0.8659380895380444,1.5275537524739755
-1.0849177169906914,1.498985237957751,0.7519105615519309,-1.9488301242008819,0.607026728533792,3.3021586858727483
0.7076052627251491,-0.40533010997147984,-0.23586908943886525,1.3385409092532548,-0.11287513893913222,-1.7946563164935287
-0.22863829859640789,-0.7346865455989287,2.244627583510847,-0.38951021508874606,2.188027953752458,0.0552633755034242
0.40566267136295764,0.4112635080548105,0.6352636005252941,0.8003629169974213,0.7861220420800779,-0.522310669468298
1.1759540165021214,-0.9872047730123302,0.6105055807208442,2.214522327458046,0.9803972169004257,-3.173910069488936
0.9700469711014327,-1.9488975884817046,-0.0829742614741137,1.8757918273205885,0.16591031470525136,-3.5536041861642667
0.6604339528004072,-0.2683586605116892,0.5254181554454647,1.220903590682859,0.7796639941708187,-1.5079108586158463
0.7694080569734201,-0.6013211699130463,-0.8750950521562513,1.4915516495089958,-0.7423565675437339,-2.0623358889036547
-1.0742019250461825,0.5774116412237987,0.5033907773921453,-2.006074494541445,0.31292912131756073,2.525997392036521
0.007227073342902792,1.0193036856111375,-0.6905378524340438,-0.08818520295733798,-0.7353257377810737,0.9100829573144488
1.56261439790859,-0.7599457289047694,0.8743415123678937,2.9850790704488634,1.273306763933951,-3.815537202368968
0.1499600012429942,-1.4643515210899454,0.4679010400859141,0.361773417502736,0.5016894267795561,-1.550353422309258
1.032542363520378,-0.2034677990526826,-0.18522982183617653,2.0456004443476727,0.0266085637828388,-2.3656090901505853
0.9124549144125015,-0.037448414558621114,0.8829856876273576,1.6735891322174725,1.1541613868879739,-1.8780030936605006
1.1323927780371008,-0.6280027539080627,0.20557019922005443,2.167943984400167,0.5272255542780783,-2.8687479062573487
-0.3449002574207331,0.024524375578275977,-0.26678408885748645,-0.5587138568416967,-0.4128579216349018,0.5709528108799251
0.43700392168392505,0.8261969228343766,-0.6077325549481669,0.881490890955823,-0.5297142391415107,-0.3661592614614308
0.48710648410995905,-0.2808314609097804,-0.1440212209583821,0.9019841253678301,-0.060247467156814435,-1.2019050277570438
0.37198239873264255,-0.8469127032531156,1.3450123372025555,0.7223458406177061,1.4909390683047843,-1.4461722790148337
-0.010048483852122519,0.1334087092684094,0.567595930567715,-0.03606932044630794,0.6150013846350744,0.10321432134934583
-0.5723259275825491,1.492856084720055,-0.49495605377663204,-0.9855115147981887,-0.6968920704033064,2.3556619887120065
0.33138970422970926,0.88699161460984,-0.4678947782695892,0.6304338057945559,-0.4015984459318878,-0.035271430014943206
1.0710226739348554,-1.629335693125318,0.68162655734198,1.9639627224782676,0.9867529887635945,-3.3655256004102667
-0.8329346386622973,1.5368721933028895,2.731804724084827,-1.4323678948112233,2.4313034977324386,2.727942183502853
-0.23427250182490011,1.0345109377959876,1.065091728299785,-0.48745095520500314,1.0867181423153485,1.3357096998228104
-1.2063986802553084,1.140618823556821,0.10318101335412777,-2.347333800731055,-0.2064825733934414,3.42281701638348
1.9030708915147885,-1.6463141497124132,-0.47611665134980935,3.6974601941228857,-0.027100313472498725,-5.302834225274861
0.06298589431542104,1.4369084166990767,0.012460117539030629,0.07734489754162333,0.08811549342687174,1.15082860302011
0.6591530534659569,-0.9099585038305823,0.7835681287996796,1.252743212473093,0.992899715324625,-2.0884515408722315
-0.033161864700462625,-1.383077041845622,-0.35420634260733513,-0.08316617665430164,-0.3678150746446177,-1.0953762553162238
-1.4045271689174437,-0.5478111211237396,0.7908841455346213,-2.714560005723338,0.5082943687445814,2.3016938562266533
-1.6659204457123176,0.9690375405843907,0.8763594742662093,-3.0875477686912474,0.5489112770631115,3.97814597843699
0.3903871146037082,-0.77902460863731,2.360408001282988,0.8133771678788078,2.5386026162322866,-1.2319260358925272
0.042187496187895454,1.219778881785631,0.993317016004388,-0.07368697111356717,1.0729873588704506,1.0245299171667495
-0.0046653232389792035,-1.377755320638568,0.9159702622809129,0.023070776743164604,0.9775933612989158,-1.1021644044600274
0.45050841741615144,1.5677039257594858,1.346000295580425,0.6669067005406543,1.5336114087919053,0.44894769166712395
-0.5647102010959194,0.3174469838849971,-1.6157366397103257,-1.1473269764833678,-1.7869406760645197,1.4963976339712677
1.1416613820312262,-0.8668275018124724,-0.7898440789328783,2.200960514324992,-0.5753942918161189,-3.040436624146688
-1.0651205575583407,0.8814899568382452,0.5251926151822317,-1.9698416860433225,0.33076183843996176,2.7760380729291305
-0.663692317796517,0.9845617459460634,-1.0498569923986991,-1.2732151040514665,-1.2944356710494267,2.1165989603841084
-1.3300764529203388,1.5169813862785475,-1.1801925229377344,-2.580532366008823,-1.600867763124781,3.885410960464453
-0.5115292495282491,-1.5727012133682357,-0.18389985633505482,-0.9042861108533151,-0.32078018821762655,-0.3921568105296601
0.34748425289439566,0.34394902383472625,-1.3873245111219692,0.7116861342931478,-1.2621367983177998,-0.5280536174598931
0.42295611990873155,-0.9010946399730756,1.8785914480682335,0.8706849739435043,2.043784605902469,-1.549364062830937
-2.2763373667434035,2.1001415703383532,-0.8622870269076732,-4.547937395139944,-1.426873351689492,6.281266966772159
-0.14591899967875566,0.42812011610827294,1.2449393041595795,-0.23873859055648736,1.2917984504750708,0.6449022493805698
0.5095957987210958,-0.6811757507874994,-0.8839666733719987,1.0438480260405292,-0.8234968560897344,-1.6686147225075825
0.11157043908156206,-1.1305836115513,-0.7907206289224985,0.28948358669497054,-0.835786284582369,-1.2471337908951872
0.07961843804323737,-0.6381472423722208,-1.8617944478804496,0.16916025460998457,-1.8585899218007567,-0.7446123040085065
1.5413112243362401,-1.2018599947825184,0.933504787959761,2.973772309266174,1.3557702596366892,-4.08237402994169
-1.0766571824785196,0.5089733900969394,1.6662576553277126,-1.9197059990982517,1.401361512296898,2.455714105703711
1.6005383977862966,-1.0550531681802435,-0.6156674170177203,3.0731634490667066,-0.26545640529319864,-4.12281689261082
-0.3041624202355847,1.158093896366346,-0.06342389510356652,-0.4772827851042113,-0.1526147449383377,1.5326700517685239
0.1531705458509256,-1.5727077196220391,0.9430621243411904,0.362288271765901,1.0471192719255564,-1.624486980557611
-0.20205630647933948,-0.8258191926541388,-0.4059186856001021,-0.41667728919093244,-0.45139910685640755,-0.2441310953791086
1.2027645879963376,-1.4184078035770908,1.6250452084037856,2.410330700882334,1.9090340439475433,-3.617300634417294
-0.8963991296026644,1.3910915552076915,-0.9769021862040315,-1.686259203495843,-1.2861609025695206,2.9194812643813326
-0.8171317594608256,-1.4783128731037396,-1.2297411934928997,-1.4840756069720022,-1.4481072040201388,0.5009102725281261
-2.5950288035037765,0.17284610404576808,0.7641842434688438,-4.784964996470593,0.28594400343605175,5.116716485637366
-0.2635346747627188,0.2777370206341011,2.2154072264470046,-0.36806759395487115,2.143881498483743,0.7693290130514601
1.6952185952744385,-1.6567110161365561,-0.5303644874713024,3.299862793898036,-0.12522499081413713,-4.905786924338248
-0.008909539182470998,0.06878082636108285,-1.2990721023612901,0.008225799336293787,-1.3494308261457262,0.0545771104298246
0.4682935110300539,-0.6653268606011202,-0.2215427044060873,0.9021770095771862,-0.12503388077273628,-1.5045040343732696
1.936607654971363,-1.8794822350253426,0.5389106738539471,3.7430799795232175,1.0648933720547749,-5.46259221144204
-0.11353924438942693,1.0136478879306872,2.9151765058223664,-0.1057331753053479,2.8387113965858375,1.0093406722718195
-0.06889957865674715,0.3114543002882326,-0.04915598008730357,-0.07108394297671311,-0.12818201471844007,0.2517445999756045
-0.10073955221985943,1.726689729007799,-0.872792143647768,-0.3460980104028202,-0.8923599386589152,1.8206992630622192
0.44067177698213417,-0.6169436582183012,1.785257300016533,0.8842234095024165,1.9905538611958098,-1.3060233484866293
2.182474624826561,-1.950656880577543,-1.9688368137498984,3.877451604579423,-1.4655236365036794,-5.7228886018676635
-0.025637471246610796,0.17522750442632437,0.509061432959851,-0.05583255769842427,0.5467322749034357,0.1524668828043519
-1.4429398494087025,0.1977677662997484,-1.1620835963191432,-2.7385793434965247,-1.5264768419474122,3.0493628444558527
-0.45447044501900746,2.712023444087618,-0.18969947842286328,-0.753668833297413,-0.2017252523378042,3.188473283112152
0.5008939002259973,-0.028792098396892875,-0.752689972249343,1.022994194077569,-0.6904502525613317,-1.1400420013693162
0.6636961695909291,-0.3858999652580249,-0.7433396368472319,1.2909915062997686,-0.640985437669938,-1.6749066467174385
1.0266124165195223,-1.3371548366493493,1.667471981972804,2.10294720636074,1.9156678124216975,-3.260539899014406
0.6613188838473887,0.18542832098916612,0.5281347560563202,1.2296831921543196,0.749699645817085,-1.188877986007486
-0.009604864280350865,-2.143035730410167,-0.7429886809854483,0.14093254422671148,-0.818249216215533,-1.9629700768798903
-0.07978459778663076,-0.039798782267639644,1.2205780138428806,-0.11292121810002254,1.2740956513060049,0.16398851266176243
-0.9935597843000262,1.9241462201720145,0.5420135979835685,-1.8294562061036437,0.40877755526157467,3.595892582825402
-2.9663083042543636,1.0152702429007117,0.0956116052797647,-5.612974612235054,-0.5187442434476911,6.727729993673857
-0.9178271850050492,0.09345289804243563,1.5300436336115548,-1.7380312929995583,1.2861507313870673,1.9086258696460803
-0.3042631563705568,1.0726248647095074,-2.0130416254490777,-0.7748360499317462,-1.9784940887646578,1.7217135258344576
-0.07308312366987668,-0.11353977805868229,2.0337269432620313,-0.08283410546726079,2.058334600331533,0.18207088053171266
-1.4076386504247809,-0.26816199975685967,0.10277579230457706,-2.6864935888991694,-0.16428939293377187,2.4988415091531526
-1.1125894065869522,0.4847924230644895,-0.6549555350714793,-2.2260625666057536,-1.0834339230211256,2.6921809884477876
0.69906271781398,1.3449223015791691,0.7949461947540726,1.3529648730443686,1.0055886241877465,-0.3370833910879849
0.02228440896679685,-0.7874738866542477,1.0880044179700932,-0.0021903319727705206,1.1293090543710307,-0.6492029935727754
-0.5694686112090942,0.8569464691696801,-0.2808137948618045,-1.0144288223058058,-0.5162673883665823,1.796733851588652
0.5706613060722168,0.4798480260572409,0.5658160428731737,1.0739552532374368,0.756048462890459,-0.7813947127949709
0.6148579050762304,-1.398705976217419,-0.31641349985715594,1.2467368059945116,-0.17859542261571545,-2.4904813282899383
-1.023074823066711,-0.14305797422360989,-0.8743260040076544,-1.9271484956157963,-1.2242407940073983,1.9951065408450446
-0.8221770652155249,2.0786154986751857,-0.666615406244034,-1.479108549831394,-0.9162643861225952,3.3487709947687776
0.026535782151130536,-1.2819379622149727,0.222375169065811,0.07801077745511181,0.20117134140580498,-1.1088090664020345
-0.4774842526842619,-0.03464573809021872,-0.10475038056229602,-0.8269945076457358,-0.24628073525591093,0.739206778863873
-1.1330913090886072,-1.3606734272563308,1.180038944197746,-2.289242147636696,0.9661915512308676,1.38013249438156
0.8669065097312632,-0.2948091607067213,0.41590326482540807,1.609152622304408,0.7143806188552634,-1.9449941211063408
0.1359674378483749,-1.6283699018807924,-2.205267286118966,0.37595919010174034,-2.2280315767302334,-1.8142928544389396
-2.0549592171901137,1.6809832402059812,1.1820294138277547,-3.797017338993819,0.7447159837606817,5.367005196435996
1.6870420898148066,-1.0180738407047383,-0.1277887115562528,3.306173427694327,0.26192262709561925,-4.357830172774712
-1.59530398262003,2.4663978317384725,-1.3416439648682479,-3.023771694959387,-1.736484556752125,5.133286131161717
-0.5565880547566254,0.8412567727216893,1.0756968512652874,-0.9490903446294642,1.0224490701547722,1.7032861023286934
0.15612329483734216,-1.4314245872769296,1.3097170446382966,0.3241070430605347,1.3983068869964639,-1.4845978419122192
1.1832162338127659,-1.6377161596750947,-0.7425081039814649,2.253505062082842,-0.5159530951936503,-3.841349755806668
-0.9047927243211041,1.313546302715214,1.1351563571600711,-1.6423201211825529,0.9848840359099459,2.791331682506878
0.762070283162138,0.2786681606000342,0.6186064043366424,1.3996117594377437,0.866826932498482,-1.291711479535665
0.14149093158212328,-0.35151106231578877,-0.22688483589059652,0.28882214940254225,-0.2052688512289783,-0.5846810876936689
0.10441717225031547,-0.3026293721944428,1.648644641590873,0.2104825263750258,1.762730052894886,-0.30626282930219445
0.29521867157672854,-1.4963096232009834,-1.0408899093793396,0.7003520137746044,-1.0863427031517416,-2.0554891586612847
-1.1968778999269127,0.34743676544434415,-0.013926095495929203,-2.3698237727722815,-0.3634657479969765,2.7227407611447108
0.952044588607637,0.7096826423308229,-0.5456138968828735,1.9419636985567614,-0.3064619699217009,-1.6579452749285009
-0.29710581601682556,0.8588702742112069,0.6191770014650879,-0.5386123959219915,0.6434089090486776,1.313595958084658
0.32709838848705847,-0.7887056906744281,0.47650393486503495,0.5867766650629287,0.5791502193358748,-1.3103201351477547
0.5923109812451786,-1.0182124536778285,-0.43766037702280197,1.214866477015777,-0.33245141698928327,-2.155913745041477
-0.8380124900111678,0.11841357590802884,0.7079224405661759,-1.5757119704268017,0.5728627304101025,1.6585297402664145
-0.6103938083336575,0.2650691143356867,0.18640354264805878,-1.1251590059997492,0.055558408467941536,1.3076500955989094
-0.416297686594777,2.4808781067334724,-0.004847664628856822,-0.6563742669617724,-0.019864151735212665,2.902623633466753
0.21787983106849101,-0.147466038054246,1.0355364679028323,0.4322943867721022,1.1667911061362701,-0.5353822603510962
0.8456642573438518,0.07222655451172406,-1.1816045256401964,1.705291090299708,-0.9727029363717179,-1.7642751311261824
0.16014351979081204,-0.74379379444793,0.6767503856673192,0.26901978391374004,0.7593059640659783,-0.9333173045021206
0.24860559312016733,0.5965834360939035,-1.2173237271765596,0.4758307882567074,-1.1690349664698836,-0.06090657597806563
-3.1225104126994694,2.5734904771059646,-0.6510711505423119,-6.089968794095023,-1.3111147590617624,8.326872594170965
-0.6473183714032947,2.3735447094515054,-1.1072198616908075,-1.3423190965585836,-1.2461279859112004,3.411596791930382
-0.023497385318355053,1.3090095659608312,1.3468705123605063,-0.19665780970520882,1.4088120540637608,1.18572049749518
0.38118159389931044,-0.820309670674191,0.59208640354525,0.695654365227288,0.7136995300196358,-1.4531263405191133
0.27653569097597763,0.4858410809140842,-0.9332351977930035,0.5479893982301915,-0.9060447032194612,-0.2524409678610303
1.0603843607027634,-1.8189079067056257,-0.9980986839188613,1.9471710586945141,-0.8582370855799265,-3.702457051532415
0.04028203265323736,-1.6935010907856254,0.32484531611486606,0.19180602608618105,0.3031535049674954,-1.5294303352157046
0.5596019338489312,-0.8156865568328285,-1.2925331882525675,1.0384570624709468,-1.2526605944596316,-1.7764478617695325
-1.3625850455481732,0.6768137197824451,0.12889239117847084,-2.673492481321092,-0.21840119633884283,3.351340565052629
-1.7241799108754179,1.2474521605413935,-0.5622970708002053,-3.4804864516659415,-1.072094265958643,4.586210298241994
-1.5278141305133373,-0.38649194923552305,0.03135853443098663,-2.9140813028890333,-0.25591720621568037,2.6572193382174683
0.9654711283186292,0.48226755957110007,0.3630401110573244,1.8328531145459916,0.6168897121010556,-1.621367283468305
-0.6130249535700173,0.16058623194489635,-1.0522313127323315,-1.1316498076765784,-1.3271448727428734,1.3888752058126195
-0.40291544752116515,1.8040984473593058,0.5107771520981116,-0.7557589773191039,0.5153550154912766,2.3291473280093484
-0.2540142485296937,0.5247580378445057,-1.8523589966676588,-0.599832153793599,-1.8780079429540029,1.0641116434503886
1.1366907366368415,-0.37708074643208905,-0.28175366485433,2.237533555133917,-0.05850086605000508,-2.71372516637886
0.34453798222861737,-0.8632665739523622,0.003110303755997714,0.6283051024960998,0.11042068171339506,-1.3968121541358531
0.4604193461505886,-0.0656608667219226,-0.5340421138409093,0.9210540431184324,-0.49362026846685797,-1.0653114718775083
2.5872369598594194,-1.4535782443465515,0.4440482492200759,4.941973460687876,1.026555361120842,-6.411122370132848
0.7183298573818744,0.21527384800137758,1.4657830038571706,1.2690441462383946,1.7519469688465168,-1.162003392249113
-0.9109345266808994,2.071857789465767,-1.2227811433311448,-1.6743735247393527,-1.430404255321369,3.5332447942879295
0.44584132912630403,1.1673492006067585,0.2268804246498196,0.8237765188816234,0.39537249466451835,0.09549961385391409
1.7180235037879603,-1.1218266492667917,1.0377300980397337,3.2948143116879973,1.4685891334154246,-4.383374032028819
1.3668158593927604,-1.1640848462797153,0.14071939652543397,2.609696677475421,0.4991195456461474,-3.794058392558127
-1.414904121438927,0.24177280242250002,1.718096015789135,-2.630056633175354,1.3344655291403629,2.890278905002616
1.4195532422722879,-2.871554360222127,-0.6695208321032463,2.6272313635534723,-0.43724528945301594,-5.1942129906808026
0.7101144792573875,-2.4626156000104005,-0.22158958903090445,1.288963921289356,-0.12619445279520322,-3.3488782256451888
-0.7461442600479645,0.34724055159883316,-0.7518956346510732,-1.4566731707170038,-1.0779504226641776,1.844736915343393
-0.8723866391893496,0.29071328859810475,-2.1760384128982664,-1.7834678872895051,-2.2986024504919,2.1039617941909996
0.5637030235463895,-1.6930618814161045,-1.6056856807941566,1.1101685040389482,-1.6024109951639824,-2.6331463149954555
1.179183457771153,-2.3701875096375034,-0.8058865375429666,2.1702610694137365,-0.6304025997037987,-4.359803159916595
0.1993184973323251,1.6903145983570724,0.145337945294817,0.32954396308795686,0.275857348514771,1.1367961590668458
1.717049726609305,-2.066876429327953,-1.61162437072622,3.0812498055136914,-1.303322041596352,-5.02902251885788
-0.39141309141292524,0.0021777342305103736,0.6853946168916986,-0.7226002498086012,0.6404311203130815,0.6702108423661978
1.1488438717767493,-0.47525240014503084,-0.5161563811496016,2.239900974029882,-0.31190095858846995,-2.7706081268976925
0.3297040890585478,1.4809738486347797,-0.7080475071384118,0.5136757922875442,-0.5845581561271705,0.7209794923053473
-0.2694942793844186,0.071572451930395,1.65673248132983,-0.38765667738893295,1.6372106924384604,0.6199816524578117
0.3577132262899211,-1.391826391747842,0.4150703571822578,0.729929709221372,0.5115006736583496,-1.9086692176238005
1.076651053914443,-0.9926213644127588,-0.5447812876245054,2.1077957499082705,-0.3378256157367362,-3.0974166606503335
1.3416880098927648,-0.40193694823393294,1.2491089379302092,2.5281217565480714,1.5395207719082593,-3.109782295045299
-0.116752606073723,0.8656522050078053,-0.16978179508006527,-0.19642618781511972,-0.22250841955012368,0.9540929291679885
0.0916973089196534,-0.38888315368504944,-1.5962963992310217,0.1966291109533278,-1.61689540069325,-0.5579870352392748
-1.055944436991699,1.7994243962001792,-0.19410895889822488,-2.006554364388305,-0.4833461807089207,3.6899639431300595
0.7187821972189135,-1.410025498526646,2.3679050334792757,1.5790483057592646,2.534343718451833,-2.7225825648031283
1.289743902319469,-2.176461117749046,-1.9425623929997207,2.3301761492899864,-1.7144026095572227,-4.380960959606726
0.27611589869853737,0.9806351299971111,1.6301208804935547,0.48853548867612484,1.7774324430137578,0.21363139095389802
-1.9957522665418317,1.7755103625494455,0.7554786083223516,-3.7680462489720776,0.32562482561039324,5.445129917337687
1.8365644355136648,0.009120884513901218,-0.6573076306873324,3.377763905351221,-0.22390842566714886,-3.5601624756171186
1.1830495735017774,0.009914560389789604,1.9093693223316661,2.1866742336518743,2.243957107910678,-2.312050989090607
0.1870051127108212,-0.586602065971201,-1.229194382591549,0.37086208473386945,-1.3014073699342654,-0.8260208773626169
1.1859228207599384,-0.34658583246694197,-0.14456963065494352,2.334722266102806,0.11757111115216845,-2.787043098425764
0.3094631918261376,-1.1547889011905081,0.39514585229851096,0.6001398258595914,0.4808322790460355,-1.5918732044223785
-1.4630795719167216,3.7472200620477096,-0.7543078708490406,-2.790615237910151,-1.0236572201389524,5.9483151421232865
2.3807469639666223,-0.6424306435560775,2.0399345427964115,4.396736769995995,2.3312018206036784,-5.339826620306452
-0.9978881255637774,0.7635815115971524,0.15350015774271195,-1.9277322175403897,-0.08720075403253119,2.645650562269353
-1.0969090032811306,1.4535483254619224,0.26552322960765573,-2.059701072397758,0.0347325911064149,3.4221503690430546
0.43008146095942734,-2.0654684793581035,0.543842362831722,0.9494197446011357,0.6512756103596736,-2.6159630877790145
1.0294162327920742,-0.88536491354515,0.3451173498843016,1.9220055501108857,0.6624425267107908,-2.8474166745716296
-0.06250139166620608,-0.516106002344657,-1.6643707561625036,-0.0626421881011091,-1.7402312628066656,-0.36521484133147275
0.877785415420152,-3.512968024698831,0.46305357982089135,1.7740702399090085,0.6554900404077144,-4.515786071046348
0.615923199928837,-0.052183904307684666,0.11587236229294631,1.1747969364603157,0.28632063695372045,-1.3052121954310898
-0.5136279232367593,0.1047559160217849,0.16574241076082874,-0.9102628417725727,0.040227626685575,0.9119493258424767
0.30437249023343543,-1.3888555908159712,0.6921528061732543,0.6422312018896156,0.8000687313659876,-1.805554021177199
1.0136835952254202,-1.753391540601611,-0.5718244347763982,1.9340975457743828,-0.3773137635492677,-3.5775689084078066
0.6410221982961983,-0.11501636838973443,1.0511682736997063,1.184088199056972,1.2778005232550396,-1.364974495365706
-0.3693192217915764,0.45776166529675516,2.4987121006082917,-0.5137871834077552,2.3664302886776523,1.060588842484904
-0.04267467292584334,-0.40496270282234004,-1.7932823105641746,-0.07167065243914297,-1.833283149040555,-0.287916657430443
0.7125393454052278,0.3702510278568103,0.04595221029122977,1.3731201367515875,0.2003302190350175,-1.2250911095997554
0.11849808652273006,-1.4272672270642472,-0.5794460913076813,0.27425420900513026,-0.5879427152343326,-1.5373680170342794
0.5411877067667341,-0.5955170785360901,0.8527723814791788,0.9971199956347999,1.0493345934487621,-1.5689302207131677
0.8158542993719401,-2.037953211286975,-0.07920374954982316,1.5341300161336278,0.11010567642330671,-3.262161778238233
0.5326523355217432,-0.8043326481000757,0.17767631129953318,1.0132183843649556,0.35197793672237215,-1.7750374462076126
0.07961884006869331,0.45128963349857815,0.6329644649545213,0.15204303764639104,0.7327713988046863,0.22272115931685713
-0.5287679855986653,0.2582380844804832,0.08780693062638625,-0.9461585957985862,-0.04998174536063134,1.104582823561586
0.8920434674924601,-0.8526877093311593,-0.316082833191424,1.7371244187582313,-0.13025016040323179,-2.6154682344302262
0.35982365991888726,-0.35734701282967285,0.7744587615390026,0.678870299777169,0.9246519324836292,-1.0427128758376065
-0.9857076942492518,1.542412206731225,-0.7860797861882591,-1.8204022141616871,-1.1301337334385593,3.214591527625411
-0.19717733940211596,1.0027865901875253,0.707652362177333,-0.4148468457525732,0.7502007347678241,1.2801631103867213
-0.33454846934888405,0.24853420662519596,-0.6745338388694794,-0.5505917790253864,-0.859629748525274,0.8377969117456489
-1.8613624773159978,-0.19536680552516042,2.1676999230032736,-3.5500527195014064,1.5592597904067635,3.481591549760156
0.6742111988177472,0.506669825520839,1.4698440551152487,1.1489038378690226,1.7643622564285588,-0.799549486377616
-0.03301154860335032,-2.2428940122018832,-1.4957928594956782,0.18802131197369024,-1.5813712310844656,-2.193792410905156
-0.7197678737958189,1.7169377124468759,-2.273388694423143,-1.531261268634833,-2.3113177924215376,2.9894815903738565
-1.908101722161419,-0.12537898506949832,-1.586442133434243,-3.4403155504805083,-1.883663164098994,3.5980397100434893
-0.6136713790745582,1.708637222250148,0.7874680088536027,-1.1249545473812772,0.7480140194768843,2.588557285877899
0.40566167609575216,0.07387058819260449,0.08941800099352043,0.7554977939551223,0.1755390065477526,-0.7650576767674394
-0.3700516853770095,-0.20974739976712525,1.178911594386438,-0.6887676227174712,1.1187344534291348,0.556250379772736
-0.6585880114638373,0.2725723872688789,-0.6835870680824537,-1.2406094579819698,-0.9824248216060538,1.5629385043964934
0.6879148452596421,-1.3321564843079312,0.8275490025534742,1.3564853475708238,1.0118232061471633,-2.5339394909194266
-0.17964188185952046,-0.6629475546810741,-1.281186052478771,-0.2494795884429479,-1.4570869146780507,-0.192664033888517
-2.4490043301638846,2.3543156819177318,0.05599156553437483,-4.79996792418049,-0.5266005760801487,7.005312586977576
0.46984539382002366,0.6543590791689393,-0.9263368182139322,0.9938406669241345,-0.8395487140270887,-0.57992087628815
0.71075803970129,0.38002893257533393,-0.8702839517669322,1.5046248273523093,-0.7152519401254122,-1.3522009471694563
-1.0672112426515055,1.393204552195182,0.13976609840529405,-2.049397523112756,-0.12662242967991932,3.3417268886716895
0.4065003876722096,-2.437109941017097,-0.4534023058442648,0.7906215624457659,-0.46702565132654167,-2.81588854050785
-0.07504143332031968,0.7056057208371825,0.2603709973410316,-0.03879277868576657,0.27955447744615347,0.6601962345545596
0.8113111398638714,0.9237939970806655,1.455752607380835,1.4130033246222418,1.781711769197258,-0.7642986293105736
0.3808832148478605,0.4334115467529428,0.42857529763581464,0.7427825371270913,0.5608834456304138,-0.4379365183439532
-0.29152646802259746,0.9655189490451473,0.6333348317786729,-0.5584888721024172,0.6505270616529635,1.4218895524114283
0.3841318862156261,0.3776667052273234,-1.2459993099582656,0.7916156165560883,-1.1475167225108005,-0.5874220583054574
0.7384616507392653,-0.8742492646240989,0.7120180177534113,1.3739520670936378,0.9582789946133834,-2.1876759689793897
-0.320159410552578,0.5592107915701304,-0.5449458769481438,-0.5615420954710727,-0.7296631274518324,1.0557389669668986
-0.04561322817848384,-1.0871014140045978,2.4268374862649464,-0.07051795050720594,2.423397534301881,-0.5120632549686243
0.4384348091929508,0.5365060363264907,0.5253928387543005,0.8495663943044052,0.6775151704069188,-0.4826039555239736
1.3451047870944053,0.46293778578802036,-1.4631235475813507,2.595871398674041,-1.0883454421802259,-2.425770074269711
0.2016027606211152,1.0548689207833508,0.3890074496995062,0.39072574549136657,0.47327440698134354,0.44546028270435806
-0.21329756888384388,0.13433046783804034,-1.07921902050277,-0.34345183743457525,-1.216245797538297,0.5358841166682945
-0.577335442034705,-0.043448605801640734,-2.930132143036105,-1.2047118390729752,-2.858562873221734,1.1371898301037486
0.5113334702619304,0.20735718026376732,0.7831190474509242,0.9759997012546294,0.9781149517175759,-0.8840910816326603
-1.1299053357026387,2.2674665726239542,2.4520899930746065,-2.1818566074346153,2.1119908900420854,3.9841422419456136
-0.9401903634543813,0.6213790902109387,-2.468452305955366,-2.0102250824011336,-2.561038163880503,2.6177524223024036
-1.449139086403523,1.567505311034073,0.17925055093482334,-2.8093540179233485,-0.18703399892515304,4.310477994432259
-0.4767255406486965,-0.3536898951225568,0.0029729099321721512,-0.8847873527443458,-0.10683626135665858,0.5423701517273645
-0.6993342944394498,0.43254752707699085,0.6969893716434559,-1.2706378765718491,0.6107821685225492,1.6281570442113997
-0.39534290871314426,1.3610417437961402,2.3627176042465683,-0.6285383297848615,2.241377502882662,1.7331567008386755
-4.201532876920919e-05,1.0934065748907063,-0.38167296821958774,-0.09055982737506253,-0.37595432970392967,1.0162009046654432
-0.39214575497967263,-0.19041288329041495,0.47904421317541956,-0.7404300526805255,0.4009915018393574,0.4911077154153198
0.6525803865706461,0.6465087888980662,0.4902312801554555,1.2297903547782514,0.7013865200203211,-0.7983851623929707
-1.942854857851871,2.2596465295243613,-0.44909582857001906,-3.8760240273838984,-0.9296985135909916,5.880767773951874
-0.5378312029701413,-0.07441353562327149,-0.5547170533439189,-0.9444575053283664,-0.7938921059095122,0.970655715979021
1.3484302709819154,0.3411710474837569,0.1288288568243909,2.5782434740746742,0.41290453555517115,-2.594443344663722
-2.0775748110000203,0.6390393805617649,-1.0167448046473464,-3.972667986037059,-1.5179713043371017,4.555522135247742
2.0750107088180165,-1.0123690156671026,0.2618215163546483,3.983954872114561,0.7734428705322258,-5.05608577610471
1.0061697233128588,-2.0851711698779027,-0.1777447132872843,1.9321899083825336,0.05167257142951727,-3.735136947366118
0.4161948534809819,-0.1980205028806001,0.702356993533617,0.7957260858555033,0.859430132823549,-1.0327553553419981
-0.6575775804474765,0.9694660930019242,-0.02609942204635761,-1.2166240575493157,-0.21963108580314908,2.099118654432109
1.1488284067802486,-2.5625973901855956,-0.32607512314641046,2.1561503882243214,-0.11993030433178414,-4.370137398432498
-0.9098751264186565,2.512002799226618,-0.604036428661529,-1.6113105173748283,-0.8179691288348657,3.8322156561325653
-0.16919028925793178,-0.7828570223354032,-1.2897755952749068,-0.2295104430031044,-1.4676793980178626,-0.3021008710254822
0.6514294054664095,-1.485420171101312,0.010514519590031083,1.2692084750428303,0.19521606299476021,-2.5543475453140867
-0.0036206218543158933,-1.762120475757114,1.8510580085531132,0.03103616286726137,1.8434504112964354,-1.3770508658770757
0.24295975748214255,-1.1490862745937391,-1.7470085330771714,0.5040089682836255,-1.7778475380634415,-1.5038728207710095
-0.6922217037645085,-1.1289898695225629,-0.031294309772360904,-1.3441198440769189,-0.15054668609572094,0.4352947738067056
-0.5434304403664857,-0.3129537417903533,0.8828932427534075,-1.0718137039575553,0.778638138353682,0.7872097609824418
-1.6624905694356027,2.516232158015645,0.16462019529209335,-3.2487313906723325,-0.17902333139162296,5.522461282945921
0.48227144907672675,-0.03643484216027796,-0.06431367060782608,0.8982049578427398,0.010032952520762282,-1.0280456958891107
1.4640831321785097,-1.3854296020844092,-0.24882123720796398,2.8424244066712707,0.09102911667177267,-4.221085180697337
-0.046954499936667574,0.47097735427999093,-0.34951025967404875,-0.05509762696563408,-0.4456741434395266,0.41802378246765226
1.9264437694782681,-1.9681544886216298,0.15955122282643913,3.7196010275372045,0.6294974624146977,-5.582907406601152
-0.23258831596145074,-1.3474156195659703,0.9936374859665091,-0.45862877266778435,0.9978924257619136,-0.515751809588918
-0.9560155539315774,-0.44185388151222804,1.0612343451914656,-1.9231062809930575,0.8405287371654446,1.5699205350273067
0.1546360794708156,-0.84765563700795,0.3867970760710969,0.2639341861762564,0.427642764863575,-0.9969164603467354
0.42870630393993964,0.9122789896448313,0.024331182901865433,0.8088587844698236,0.17357554634718336,-0.14028492920143815
0.6137052646603701,-0.3665586469908798,-0.48574428945306714,1.1742867578157472,-0.3963481273029296,-1.5562949410096647
0.6733714053836621,-1.8785521151527078,-0.04077830976801343,1.2692518349907382,0.12298974507152471,-2.847737373102713
-0.026455751399522408,0.30854894027878343,-0.3423948745543417,-0.0029494027235957114,-0.4197320994108019,0.23681744498419185
-0.4062589019063996,1.1647572124179015,1.1215113426507108,-0.7794998427050984,1.0912936529976127,1.7526052957322897
-0.9723650972029155,1.0524257293124444,1.7450453730903346,-1.7468416823948603,1.5142143965491914,2.696479075581795
-1.0393626297239662,-1.0399575907726062,-0.1160150838065568,-1.9993565943156486,-0.29890000497712577,1.1901378144165469
-1.5411167205694498,1.7975889936719227,0.6217029133367113,-2.8752797364918625,0.33344846921512494,4.587715200574846
-0.5774112220620992,0.7011618920449497,-0.1736049345449636,-1.0610591996496959,-0.39847061352812213,1.6927716788636333
-0.29787658830721964,1.2376918534069095,0.621382118415216,-0.6128559369364318,0.63383877270997,1.6890045114912193
0.01446729364911845,-1.0810782510477925,0.5965121132282994,0.015286842157548875,0.631828947515657,-0.8827204097523516
-0.21306777405995908,1.0592210319445712,1.61345292468707,-0.40174727272995286,1.6215472792366885,1.2320216363586374
0.8908476570077584,-2.012209357400579,0.9830299246268295,1.7823178307558165,1.2221463212576158,-3.429863861465983
-0.9588611905871092,1.3657580879198954,-0.6237378130171644,-1.767870798149024,-0.9694570179453078,3.000821782588306
0.09531623275452966,-2.0065899164041765,0.5046762775313539,0.36341764147068084,0.519800242611298,-1.9465602380136013
1.3446954812982337,-0.07247465329947698,0.06382613014180052,2.614237665191023,0.38130237792819627,-2.8889564491997866
-0.40213619364216324,1.1303360464080032,-0.9963353217313222,-0.8258254558446576,-1.1580531415534825,1.8071789294051952
-0.015422709652558195,0.029049599709399167,-0.09163311978307327,0.015435820135854834,-0.13755884924011338,-0.03948246822315199
0.16039667885968206,0.7626582171894181,0.583780697419779,0.3387048197104175,0.6848922379559693,0.2699358207818917
-0.6938949175688781,0.6449735236010329,0.3588221004812551,-1.2845315923336333,0.23687700769227296,1.8581841140731723
-0.3935347143520329,-1.1150022894875524,0.14911958402120945,-0.7752773132695663,0.09065301917487606,-0.12282055685381385
-1.5813253765208324,2.618945649990911,2.1745178470490023,-3.0725366450611253,1.769396272032028,5.215166540072048
-0.19807046906350928,-0.07467066794083292,1.661880819739566,-0.27751523073193446,1.6670484360101665,0.38426979901955477
1.1168671262101855,1.2066589112737618,0.550520950280802,2.1363132010284973,0.8299967760302683,-1.3478248836051623
-0.5859185689373754,1.0926809343574024,0.14253630185509875,-1.0447023312985073,0.030788321299823892,2.0488257682942828
0.9302556475631819,-1.687994456571508,-0.21759267161168408,1.8067254900388743,0.01918298144986801,-3.3146323361857215
-0.19391961850788791,-1.1212308471129417,1.4394791992222298,-0.4310975022991848,1.3898956818838653,-0.39736629101650994
0.8743201631292369,0.8551864264077761,-0.5438827872938231,1.7810209961690542,-0.3092042276607313,-1.3683586764005928
-1.11782215452166,0.04720958164308876,0.3535769039327094,-2.1456538907702445,0.14566118229926212,2.169455998478614
-1.2138849250093804,0.2882526989039209,-1.2360070998556618,-2.35067403465199,-1.5911381898977013,2.714544136889833
-1.0216917754870076,2.00454277392026,-0.1043630951021005,-1.9093752971785445,-0.3370793270736831,3.751695283046486
-1.3766513489670138,1.0667506046632156,0.31687243661227726,-2.6490317197457287,0.006640476826617128,3.669186966168542
-0.7089539523390641,2.501254714354767,0.377910734383522,-1.297829816531253,0.3196159307551943,3.498470475547999
-0.03023842271070712,-0.26877454410803286,-0.9182269911036481,0.0446507274091881,-1.0377654134422134,-0.19426878212222068
0.38980542224761805,0.3206956160022318,0.19363026176672601,0.7504852917392016,0.29841128744822504,-0.5521859387358853
-0.6588873912012353,-1.0278744333714203,0.8001636756082358,-1.3948433743573012,0.6687519995554835,0.63075157480606
-1.9405481684861088,2.524530197115392,1.6252951089320633,-3.654211716344403,1.2210348198847363,5.825615390590657
1.0169103683000402,-0.2840109007323313,0.00919652127509903,1.9871255486114863,0.25449634810734584,-2.3773544602246655
-0.37020139354787324,1.0109277094486786,-0.5282473787602664,-0.6842207007885169,-0.6936147303323024,1.5773400160445468
0.505522057063904,-0.44627392530580534,-1.8501101121816816,0.9365517678017399,-1.6733101786360407,-1.4108414705053296
0.08987628927543138,-2.287605461672667,0.14063810558186818,0.37717485395979206,0.08732385608281422,-2.2118373998501135
-1.3054916858327048,1.066715099612052,-0.5238986361587651,-2.647032137346909,-0.9544713649818287,3.5803217558438805
0.24936844601750185,-0.6181149448435022,1.52847877790921,0.46535772545110515,1.6644237834188589,-0.9216151658027186
1.1962879550702377,-1.4347206594170707,-1.1571641284583492,2.213886495135,-0.9763811352351228,-3.5750915030700794
-0.8483075957587013,0.6362722977946996,-0.5982165303201592,-1.6592918614250534,-0.9650146696082299,2.217926212136414
0.2588463351167734,1.702593497293746,1.662221338559614,0.25182171566068273,1.7954016123088619,0.9624948129107413
1.2784174788879703,-0.3873386546941718,-0.4635776172663276,2.4816003290669135,-0.21188180706283002,-2.933870028203156
0.2554212398797372,-0.46263805646975936,-1.469223359841223,0.4842714091273468,-1.4594137943248606,-0.9050043142048421
0.7542508432362749,0.2906307816804576,-1.3306044413743574,1.5627685799221758,-1.1074899218747332,-1.4528575617257393
0.43586372663381506,-0.28250078494371544,0.1178311869368466,0.7794268774145938,0.21962779762857781,-1.0846603825350676
-1.8930516008431417,2.198222793844779,0.9024027624743935,-3.566706519358197,0.5144907250798378,5.615593164831967
-0.3390126025775536,0.04915640000461718,-1.027168910265739,-0.5676739206191387,-1.21779217211631,0.7278872177831619
-0.12429556102355903,-0.6855719473272625,-0.2535294852499815,-0.25565870539104407,-0.2704996809552938,-0.3069046649075641
1.1816249398195953,-2.510432971320674,-1.368127539359359,2.11658871402896,-1.2410986046396608,-4.498740848845185
-0.8394369736936168,0.6548472021361922,-0.8213802503354768,-1.644667640682425,-1.1698358185922604,2.2261444736689397
0.22496991094027785,-1.5623332260174994,0.9534707806163102,0.5013403972303746,1.077163915030062,-1.7716943529154638
0.7029109501257064,-0.9665597267813973,0.22435595903813071,1.3339345497943682,0.4327263404398142,-2.2734933842707896
-0.9971088232914643,2.339629898238947,-0.36584786996162094,-1.7803767217528235,-0.6081521011674801,3.8847899494233866
0.6859335453746307,-0.9976724986646389,1.3825304711220134,1.3865462055529094,1.5908774398826158,-2.278457065221248
-0.8551053639471664,-0.7475763000484599,0.25040112502912065,-1.702045674558866,0.10575047185940678,1.112521618636527
0.6308696586134521,0.02760010185164477,0.1935156243148239,1.2088592613483495,0.3836930214134607,-1.265563057214029
-0.12489679223090032,-1.6756920966000097,0.7946478413082997,-0.17064115212557254,0.810392830057888,-1.105022513834237
0.7100928902701052,-0.2972951197794316,1.009525994791752,1.330460728393699,1.2308937285192312,-1.6751265595267486
0.42283804635900246,-0.1724492924348421,0.09490107116591961,0.7590910803655156,0.18228729939542834,-0.9811237196873368
-0.8561442571751805,1.6061314923017722,0.26156834991150807,-1.5724320249051222,0.11522249910014598,3.0525859100501838
0.8070987808312043,-0.3989667386575732,-0.40457626534690827,1.5681760079824454,-0.28510399352693094,-2.041577979048549
0.336261812796726,-0.8309066751851868,0.633948854646466,0.6112879264848585,0.7550679812994536,-1.3662714070422581
-0.8834737775657979,-0.21774549964771406,0.1359361742923881,-1.7054213089866501,-0.04088720356068569,1.4866734091116782
-1.573923548804779,0.05597050507290031,-0.2280552057865302,-3.0651166570896287,-0.6610268419633489,3.210963332948369
-0.3022781286910632,1.5834940929538945,-0.17160415674827398,-0.477486811733715,-0.2287326069201523,1.9209294108729196
-0.46356008720889796,-0.8805004084618601,1.2080170787018736,-0.9310577648037511,1.0973359604308985,0.27240868422156916
1.1077689966110882,0.710652507264517,0.8620243477265798,2.08761397179238,1.1736239492899982,-1.6861994433097516
0.19192277787504114,1.0171910727830946,0.9904087943031714,0.2803707345719951,1.1226346024693952,0.4696554431276752
-0.24591522158149842,0.9936083333245987,0.22836658656041392,-0.40195957146231526,0.22161234449923128,1.2878884327010385
1.8401417811949665,-2.666061160544232,-1.0111393931640649,3.4344234572582364,-0.6390129241374771,-6.004691657253039
0.5739061309643253,-0.7200272351695464,-0.3814561914958442,1.1460608637056104,-0.2851524954769547,-1.831876329992953
-0.5892895480063621,-0.36281244664602,-0.23652930701118083,-1.0820256133072836,-0.4084870552050866,0.7737497658722294
-0.31794405669565334,-1.1505675969457645,0.7590212705496651,-0.6632874666725372,0.7066576635007641,-0.1873830211022007
-0.9501236316427066,1.8823865260006278,-0.9877230303800935,-1.749883357265217,-1.268222476979876,3.448494261344065
0.6647327520445295,-0.8152178156393788,-1.237422021973115,1.2422245746181249,-1.164055252454066,-1.995582530689379
0.27506868035251114,0.31051942487887557,0.11683702729610665,0.549512260755598,0.17282452097927223,-0.36125523849228813
-0.7758207851617075,-0.07249995521802594,-1.0501515982116614,-1.4603792692447082,-1.3606336665508205,1.5652765561803161
-1.2711503190518834,1.8863563180783862,0.5297061447133077,-2.3789088924805495,0.31686834909709327,4.152220866850773
-0.20738272950442477,1.2067544504662855,-0.0984364883784843,-0.34651028344221707,-0.14836025228985045,1.4269142613443264
-0.2649694109167016,-0.11351046373752056,-0.1279475304888487,-0.4353078330331536,-0.22260991598907243,0.2964200072904724
0.43112094097246145,-0.6900781116331869,0.5269592268884432,0.751386368851172,0.6671537728340001,-1.4170861374679173
-0.9745248587314567,0.026942221270461725,0.22161523219745777,-1.8895938781964756,0.01935688481133258,1.8884387385697246
-0.6467537165698469,0.7750469630902043,-0.5957342053700159,-1.1886926406567644,-0.8729646982392377,1.8695626436573232
0.3315806257475573,-2.0975274081979034,-0.037268281078812054,0.6112432774610853,-0.005448358819639079,-2.3167219393238554
-1.0705984517094747,1.1828000189531742,0.6192039861344502,-1.9176477500207305,0.4621521738432231,3.033291877715552
1.603279705753974,-0.1542921432024729,-0.1605940742890843,3.065587129095984,0.20614077036202727,-3.40006521202608
-0.4748874072624236,0.060637088748829886,0.4414665130444262,-0.855783601046239,0.374251333128192,0.8236552388780588
-0.0026604750997763996,0.06581166794273242,1.6759439861101664,0.034613000578523574,1.739005074111479,0.14614351802062822
-0.623861499365349,0.5501450971436126,-1.209555790622211,-1.2108487320582608,-1.414981796739149,1.7629749613464158
1.590410299375841,-0.8979786577139115,-0.8477164227016214,2.982630332663235,-0.5057649464467755,-3.852503486948824
-0.6740096254112468,-1.548181715966046,1.2370478059947003,-1.3978537965002773,1.117993752517802,0.38241290276125095
1.975132255530738,-2.928851186183924,0.5158037029300309,3.7786326389002087,1.016509161144669,-6.212543895555637
-0.31451055180321974,-1.4871185147449284,0.5863143858658826,-0.6061746465498504,0.5372586146821351,-0.48285345001526964
-0.09424358253148879,0.24881677454169107,-1.9929455922891404,-0.27545593818955666,-1.9574068996771776,0.42300914107334414
-2.157365577724117,2.366919433516095,-0.06085646912426561,-4.250743041975498,-0.5801508716333195,6.450071445575639
1.3288850322564167,-0.17909623773584513,-2.537177215971866,2.6414422671105884,-2.007684551472254,-2.9374559568720087
-1.2207467319039305,1.301038362262771,1.5497970543849147,-2.2374998664366195,1.280362440955319,3.3982382479113986
0.09196464146361022,-0.34290096071504056,0.7762845221052769,0.1556695950190617,0.8354563381223749,-0.5071865580931496
0.6337731075732963,-1.4410803821027383,0.6289225833766988,1.2281566584272168,0.8080592318519605,-2.479681942011509
0.2977432645842462,-1.516127155771703,1.1164640784825925,0.6447212693641895,1.2629860292298678,-1.8913894364465111
0.7900009963837241,0.013036804648866104,-0.590537402073785,1.5320424457569097,-0.49104760564311384,-1.6159508316256255
-0.7299333236381916,1.4688824401580458,2.188832774424738,-1.3228860437762284,1.9699330383454956,2.5302073869192383
-0.07914458006178142,-2.3802606864342573,1.0079217627205042,0.09286541799586094,1.0798082085462635,-1.894799208523483
0.9217935909247886,-0.9209716511330619,0.3802356906222749,1.7114997168531019,0.6654619597306725,-2.6484169443918857
-2.998842470146757,1.3600013866040601,1.4965371114648287,-5.548030860976498,0.8138081562233953,6.9098452925780895
1.0573238430106462,0.424771243147344,0.5958239269961789,1.9822506698761222,0.888291098478649,-1.8453345097940241
-0.4396832170029818,-0.5635828786915377,1.0610442712822383,-0.88861851967596,0.9576483551695402,0.40887685664934176
0.2252700462888652,-1.1321040224122367,-1.12427378657681,0.5234630637906434,-1.2217420316761163,-1.5061815087345665
-1.672422267609235,0.23933547995613033,-0.8940991296430477,-3.206479525946809,-1.3184043900951041,3.531834280046089
1.0138396691139826,-1.8237640992403255,0.9127820662760094,1.9207419066810538,1.1921483834814224,-3.437673559626184
1.656587034924092,-1.2031923921117158,-1.3370834781321392,3.006968186002692,-1.0024594639347522,-4.129494908588907
0.18598408397395866,-0.17386990875266176,-0.16639252119075748,0.35966712410998325,-0.1489543520614553,-0.5314009243382161
-1.1754764157403235,1.4223022542514725,-0.8035956615193708,-2.2458215225622586,-1.2285352550134971,3.507302637590822
1.7548909746015096,-1.5983969599890537,0.6037669620774635,3.3881773321130906,1.0907763650924112,-4.86052077103328
-2.3473347208612587,0.11814622215387441,-1.6772899210345074,-4.279372805976945,-2.004711753636705,4.619932080734254
0.9883944851602876,-0.3392946892755682,0.6100505813371312,1.8412486075939898,0.9251908299704211,-2.2568662249132148
-0.30330515746042935,-0.48759675124619023,1.2140144742942134,-0.570792237741529,1.1584667791065546,0.18155898735641657
-0.6321918678210859,0.4730892735452238,0.24599969053323972,-1.1803299587608926,0.12546664986030057,1.5847808286483869
-1.5996711616422852,1.5473812097301105,0.18882547737317174,-3.112086660540706,-0.21445498054289333,4.600882556357111
0.7557797399806859,-2.140803735628898,2.670193834887589,1.7554285892639228,2.7934056842792927,-3.4855780461338584
1.3705671030325213,-0.5496370990906875,0.18929965892654782,2.6738835075110545,0.558059957795627,-3.289064909005131
-1.1270596730655373,1.929750664427575,-0.975244462862417,-2.1034298011507686,-1.3196249727598417,3.8245015543576013
-0.22981512285477412,-0.6174928991105646,0.08652679942699645,-0.4707242666965241,0.03839561674812676,-0.09593915442557116
-2.04447806487712,1.8876854835164791,0.4522626147712984,-3.9432339675559267,-0.023331230377303495,5.773998410333862
0.7148066811965158,-1.6134469660578856,0.3595494227362891,1.3142423471441433,0.5765112122346724,-2.676934128438097
0.8519752979928571,-0.2758306224842172,-0.28606470787985283,1.6549488983559988,-0.1510455475086733,-2.0322806737086343
-0.14892577158007164,-0.05752104577978476,0.1303567623835674,-0.27666397951381666,0.06219426540929422,0.13692279398825558
-0.3959305879128918,-0.5309227323254214,0.09667840823119694,-0.7591964923319422,0.019403445097390812,0.27153812365706415
1.7655334672074314,-1.434614196532229,-0.18897714032926344,3.4271302690847922,0.21025139532629572,-4.870493237947333
-1.5923919148095305,2.0701168824233855,-2.72653021451372,-3.3764041148543313,-2.984259332005107,5.027388632692583
0.6786024233421583,-1.0191833786916251,1.8876965498504632,1.423462865046364,2.0922497606000756,-2.290415580928831
0.14657776005227213,-0.32327558520701766,-0.6481010057083434,0.35793432964261696,-0.6728312355547695,-0.6050957173034354
-0.6315226971774289,-0.29339296007816834,0.0229734967250449,-1.1940849178296393,-0.11267752093112238,0.9070541119035134
0.814007253217121,-1.0247197860133919,-1.5434554312356075,1.5094893134124336,-1.4158098404742556,-2.4603912648551303
-0.8850778179966556,0.11149079425660981,0.5660708002821084,-1.6850372824451878,0.4179644232682402,1.7643900245527386
-0.3664875917725699,2.3047334055847006,-0.07124619828146884,-0.5616318771687803,-0.09481898216211387,2.6678322550095848
-0.5144544152428963,-0.28585948506261,0.7724407086413272,-1.0070648206020656,0.6768486857916518,0.7311063650013165
-0.15922184640533155,0.19599450642084495,-1.4667491968539128,-0.301217737398822,-1.5348011008728293,0.48067620991830146
-1.5290088379362832,1.0513807124531105,0.813538492309901,-2.830462973410548,0.5119068082688877,3.7998969365734707
-0.3474149981092734,1.0085396918569753,0.08065387139538328,-0.5747727923512291,0.009088831313983834,1.4971602596352762
-0.2852411659200907,1.040538966622604,0.10797102267357561,-0.453871279763036,0.06572529195806466,1.389591419768872
0.775249284834041,-0.08902863370620938,0.5527983945750294,1.4050196798150518,0.8237373130091623,-1.5912019691378896
2.32815629475415,-2.4412993793574866,0.9099514907722874,4.485473450642024,1.4810755438097536,-6.6127337492626665
-0.3917335097249165,-0.1643348361361634,1.3454663866733347,-0.7094317171555594,1.2907854347988588,0.6559876843161337
0.26280372143729724,-0.3501125884699134,-2.7572626462253287,0.37121809486616036,-2.484475354468023,-0.825275476294971
1.7500795221067278,-2.8778162480318725,-0.6472691776098287,3.3299400848547056,-0.29294923545760027,-5.968745506421632
0.5567730978374916,0.47964025398576593,1.1363455804788807,0.9596992169036693,1.3817065866134657,-0.6543916085722423
-0.10129729449085204,-1.1033831688036206,1.675247386792598,-0.25319675139085035,1.6413065878437272,-0.544569708800442
-0.8038542529800354,0.750253836271031,-1.1565941680821628,-1.5710594815052104,-1.4193563711741641,2.240030649497571
0.4146155829644526,0.5718303007386505,0.16362386110556046,0.7835772247418324,0.2955799955242064,-0.3905598785682737
-0.9054908304694421,1.0286946779906283,0.7529655310443704,-1.5852521820300305,0.6280668481404945,2.5730875415438828
-0.34994694856388453,0.08947422269762503,1.4168091562751717,-0.5813410280433364,1.38578872317851,0.7758614187307485
0.6034196660344627,-0.9023450105702173,1.6443073479672834,1.2353650278445183,1.834121343191212,-2.023008324480113
0.9488258435939855,-0.09802990402376523,0.22542413285139817,1.8053284604920892,0.4920142465697796,-2.012232314781256
-1.9954400764116142,-0.9784618750560317,-0.7735601267530542,-3.6205756418659596,-1.1744109054612748,3.072569967866249
-1.5152152654477136,0.12329969937584764,0.40004904479237313,-2.8848809632733623,0.11064128126706066,3.0361119073624234
0.48319466628432284,-1.5012910779167827,2.7129650802826295,1.1232130259848143,2.827546644116887,-2.1924080386455302
0.9529477421456044,-1.4334849626324315,1.3630842763948814,1.9164063794880561,1.6180659956907653,-3.152643545436904
-1.642471123212485,0.10529994083138848,-2.7198263548064285,-3.22963996858181,-2.801373641015543,3.5328586481078768
-0.15419801882695777,1.1907140212638037,-0.1495138643361741,-0.28535150516691,-0.18568738281332037,1.343554156372768
-0.2835244517581168,-0.3834258940684947,2.0088513592867474,-0.4480821783982498,1.9565785947944765,0.342782264124001
0.6184268872662567,-0.49996305344918496,0.332537198989742,1.1275094804152488,0.5490131986535997,-1.6382958397733265
-0.37639116890968904,-0.10072514881246697,-0.5294059251487593,-0.6190861451789706,-0.7110166298698408,0.6109778157420666
1.1499724583334328,-2.3402213474280753,0.6652834709913314,2.1344150186009494,0.9909311286025327,-4.028965121299017
0.8183956692425495,-2.1386069884788292,2.627626156575621,1.8659135448561295,2.7667019489465847,-3.5985271092198725
-0.8915566145508758,-0.07576875537067553,0.13509770298950066,-1.724773775459271,-0.056990861988255787,1.6239922832278262
2.7283173169147905,0.7212692482694378,1.2167870388203197,4.929448331253049,1.6786965127606743,-5.021262120804932
-0.33548399519364774,0.6030999634571493,-0.27543145716419565,-0.5771840233244502,-0.45264931113402795,1.0961957002107487
0.4528468037799148,0.4049644588831333,-0.4814261701131189,0.9438925679411974,-0.42726913033289415,-0.758691399312276
0.34353872024531423,0.6141330727468858,0.11005608601864061,0.6583241831905232,0.21902106203646943,-0.21754769065729024
-0.7652151094304879,0.6193646415345092,-0.2928181912683104,-1.486705678625414,-0.5990417684496511,2.0493210890803857
0.8573969456663262,-0.2946071113796278,1.0695816844174422,1.5733279095715673,1.3155945114496366,-1.9547163358333686
-0.7130368406175556,1.7119941026165053,-0.2649336898128168,-1.217276914836799,-0.4667011228245906,2.81351018178586
-2.267380470750369,1.0712179382400782,-0.2866193940101667,-4.396654169852221,-0.853680918900804,5.482349446361501
-0.6714933410208794,-0.7804309127201497,-0.03667037559353586,-1.3004391778225823,-0.1518735921828092,0.6644543641409316
-0.6570270574227135,0.834428163648535,1.4458664659738432,-1.131859719857146,1.326058440472559,1.8914779426082644
1.0535604985920903,-0.458721843074072,1.4116849053978247,1.992897094878066,1.6887207080942668,-2.556038845091291
-1.5058288414809218,1.794984757702768,1.7300912674703561,-2.811924984502759,1.3771635055595488,4.357329258991589
-0.7365680604572015,-0.04639827230486079,-0.6415761915522307,-1.4095149540824785,-0.9602559217153361,1.4941107139301348
0.22229658261605112,-1.8940247295344315,1.616289277764688,0.5459172187114162,1.7076060366496335,-2.0769343078333926
3.686941660762975,-3.487568725161001,-0.9945324763204465,6.90341783709916,-0.08374850255032845,-10.163699095621539
1.4333812684768155,-0.16678890281903425,-1.6203006345984607,2.714657847306371,-1.2083852657252208,-2.965297699424561
0.644986930477443,0.817085667699665,-0.2437034125080427,1.297387520773609,-0.07746729529962416,-0.8258045792069444
0.1320659269486123,-1.5583241768797031,-0.2598427038808243,0.2527596149492904,-0.26485945172033876,-1.5583511604248605
2.0325735647461776,-3.080448971737472,2.3406275065492346,3.9776128799513377,2.724319727352737,-6.3321005757225075
1.586830308638504,-2.163261237287587,-0.5473886194945115,3.0494617589518533,-0.17609382118546374,-5.123814180128411
0.6202432911554007,1.2704769894620214,1.1034354495778487,1.1648399974326638,1.338743493543766,-0.24467914687201484
0.18056665023242985,-1.0556081262840882,-0.12475347708164541,0.31270446072905617,-0.05466319457977811,-1.213542466397833
0.07432030452374962,0.4725696384677853,-0.35343404700918946,0.15826324582333898,-0.41089454659705305,0.19023553634868182
0.10415453808393421,-0.5959017019646686,2.5530444882902854,0.24152557305583117,2.6221600225025408,-0.4173925012574808
0.3806774414439618,-2.794585603323997,-0.965807870168663,0.8242708095855104,-1.0294930030743108,-3.218911525397923
-0.0570049202880553,0.9369929222331693,-1.3012509507215937,-0.21985638950085254,-1.3276384412984275,0.9873613388689513
-0.3004524448155583,2.644310832909354,0.25711106147527596,-0.505290205382712,0.2723263831538598,2.840086560507594
0.17844283897569335,0.6112639094482305,-0.9676365487482566,0.3197095536857109,-0.9665126761470855,0.0959018032602425
1.6338940971427642,-1.5252221894250517,0.7073678749897702,3.142608199682052,1.163099118784215,-4.535498571096032
-0.34955722177471926,0.2333917753227713,1.426242417167043,-0.554413970470135,1.3988099413840445,0.8788834489245456
-0.9190836945889632,-1.6147930796732841,-0.37572979960333536,-1.7312200377777773,-0.5772654979519443,0.41640816493331895
0.27517910850049176,0.8932532035989323,-0.006027561621952986,0.485434289702427,0.11030356465983723,0.1874299369943017
0.6663595822385743,-0.18284793597571394,-2.830682871250569,1.2192354247211676,-2.40873589196396,-1.5024635688914274
-0.1916431227215747,0.7194590165583286,1.2714969015903295,-0.33868788143114037,1.3071404469743737,0.9328308328301594
-0.3418529309161959,-0.07929950147514496,-2.3320581219241623,-0.7205467090541923,-2.3237525066992952,0.6214370999838887
-1.3969984770096522,2.7313685592579837,-1.3967963730081256,-2.6518752670045704,-1.7004868879780173,5.00581237518545
-1.1341631751731132,0.9870261224386581,0.06719708968185081,-2.214197257814651,-0.22994904809977937,3.1473669426033526
-0.07238111646815844,-0.18608545291974818,-1.4969560920698153,-0.11680167475362513,-1.574065929677969,-0.027675981739611277
0.2742757882704876,0.1388532294584371,1.7380311886142878,0.4873158417133894,1.891178813657686,-0.29576682624509926
-0.15463325332500388,0.29248286176665816,0.44851332365681496,-0.25933705951709646,0.46358213003552945,0.45743542624016775
1.5245713702837416,-0.1726049348804989,-1.2576516543021774,2.8021996200940156,-0.887235419625931,-3.072712279055865
-0.2155147723971606,0.48651363418502797,-1.2653136225753412,-0.3956388230793903,-1.3468232636576931,0.8444024790413772
-0.6484570004071389,0.6212262218851093,0.6127741145741283,-1.1520915757191938,0.5394910496455741,1.7153227632903358
-0.8468703003724066,-0.5027788655728048,-0.11089444333030171,-1.6086164020275757,-0.27313346089676516,1.2033442733663124
-0.8259302783317447,0.6874013108290502,-1.2056125980814716,-1.6402305362255556,-1.4731694740487402,2.260766396919844
0.4945334990404667,-2.0719655460493773,-0.9004210053629388,1.0258986879377818,-0.9129003679855328,-2.8726668501327324
-0.7359386285058824,2.3945797237428,0.3948779934595162,-1.3512564264366895,0.32946952155511317,3.464976750613795
1.4027846834604976,-1.8004570616617412,0.23792525687571897,2.6539130063791094,0.6041304985105312,-4.283160127196
0.6228812044209684,0.28194208167313856,0.5549338129002912,1.1692342795557515,0.7610907948994627,-1.040746756879337
2.121921373354386,-1.9194551719800326,1.0459213217888137,4.085150454741199,1.5684343981309212,-5.7999299283863035
-0.30850971981713166,0.08358628953179459,-1.2429056982465996,-0.5261229447097703,-1.405095160034602,0.6819353748608807
-0.08709828744519862,-0.738579556963088,0.4854146364796409,-0.23511167088433424,0.4792335027850569,-0.42480955856691377
-0.059653206855121654,0.41579862942208745,0.14658010460000234,-0.022140381054518158,0.10630524500607041,0.3177558078705834
-1.3401316955614022,1.7593670274246258,0.2988653340963777,-2.550190160271744,0.0028476646536969227,4.230132524886914
-1.3547537198407684,0.6433606466525026,-1.6343224274722488,-2.6924402678016834,-1.9610426498754185,3.276185733791531
-0.6651677288186321,0.6219094141380443,1.5848762691433917,-1.1190783017615893,1.4436922494473217,1.7347647002443625
0.5726398522082408,0.5730528851314665,2.4907831476458875,0.9862368189439905,2.6933337348813993,-0.47306395925929984
1.2868259178306118,-1.060658678256488,1.4166739458430389,2.4877429873466554,1.7240353854181338,-3.466820080948091
0.9613960624781515,0.0953584984498759,-1.0096931717686826,1.893814914265154,-0.787949545911175,-1.9428850862259093
0.23726742127616007,0.009008248929642382,-0.26487127390136933,0.4738541914465385,-0.254725640036612,-0.5158474836593047
0.43315256161454796,1.103782721146273,1.0318686422530627,0.7660268703039058,1.2307510271579167,0.014896939488242812
-1.570859634902941,1.1638335788712175,-0.019702010337484727,-3.11076489996681,-0.45545932671641876,4.249229384206604
1.8123789917283761,-1.911415440553199,2.2287352777958582,3.566713905223788,2.564832922368123,-5.109914989856332
-0.718126096312057,-0.8563963679951427,0.5229399097009817,-1.4873966813190993,0.39280537286420275,0.798126940023549
-0.3506269981442285,-1.7055673444536563,-0.9879572752529037,-0.5380594422478875,-1.107575147822009,-0.8714463102707445
-0.7673945364720964,1.8469316330392151,-2.301115823544814,-1.603261536737209,-2.3468765158056084,3.1647279696096073
-1.3404846448148768,0.8727122215589854,0.017772809427826403,-2.6453301787101666,-0.3482469072269249,3.4979629869715527
1.4863413319262755,-1.0920974315439005,1.397917465064251,2.8122079119873176,1.7438774393561094,-3.824025305766958
-0.41203443841292486,-0.767610560882357,-0.26337854783436976,-0.8017163504023483,-0.35539861394490957,0.15934760894023367
1.057111392660932,-1.302892030763764,-1.3843881481768645,1.956199839522968,-1.2284768311652965,-3.18597227027961
-1.7091777712925502,1.6176212292233365,-1.036288127238014,-3.355427005559583,-1.5540017506099326,4.6971455076644375
0.16570616763594054,-0.8005369451241399,-0.08747212118682836,0.2625488126177272,-0.023010968626844597,-0.9333330059056881
0.7537154060611978,-1.3029905630165763,-1.6760098355782553,1.3475918289646904,-1.5761970655590898,-2.553828820608177
0.20971873405325075,-1.2100926834527614,-1.6228605371283076,0.4714208480694727,-1.693725528612533,-1.502272553631519
0.37187836948273695,-0.5531234632049138,-1.3847566611189142,0.6879727539288675,-1.3574130664553263,-1.1796319998457148
-0.04348526714194358,1.3042064531870308,-0.6008554225623376,-0.2395380348152584,-0.6258240911059816,1.3457918743574147
0.5482566239441682,-1.4341565387798905,-0.25214042492819405,1.1016355696980367,-0.12781367709136876,-2.35324151795621
-1.3741581995187908,0.3438705059666179,0.21073201507139658,-2.6875118660480286,-0.12333524301174269,3.058256357537832
0.6252804033596309,0.7729408481056977,1.0204950045958552,1.143196183570973,1.2650812019284132,-0.6269809651758407
1.0936032605146289,-1.0493524735043274,-1.698501002214849,2.0324067677084816,-1.4807656648690155,-3.027734265417046
-0.46249179506541577,-1.389753526184153,0.46725867630466955,-0.931197533902661,0.4060390477901219,-0.0841761348949101
0.028698081973021792,1.039983879302228,-1.3810333256548997,-0.06359651223755239,-1.3662209534563723,0.9221062962319028
0.5975907108579925,-1.0335196023149191,0.5858656306586254,1.0863389466025337,0.7623707868235237,-2.0416432899735426
0.525862825349662,-1.035183319189273,-0.4452423764923223,1.0971350324943434,-0.3481376925063542,-2.038987101669675
-0.6666221948657469,-1.259781813275761,0.5843108480057632,-1.3559919236487121,0.4845382634930577,0.44197827649406946
0.8052531496490177,-0.38423891732746135,-1.0868770833956731,1.5549810853286945,-0.9266966182200679,-1.9343262679151114
-0.1149247629955227,-1.122780135455481,-0.8684634434613526,-0.16776637464894145,-0.9733504031625806,-0.7082391429319799
-0.35296262787120697,1.3708424598945659,-0.3901825623960379,-0.619940488004062,-0.5137479676391017,1.8619985994742727
0.40718530353641863,-1.1408786125151318,-0.4032973218484261,0.8777621493477643,-0.32328802406074225,-1.8961975399271696
-0.9178544010157551,0.7846969316711101,-1.6246858153373678,-1.9108674735764988,-1.856859096056215,2.617349296286422
0.5521181494585912,-0.1863055049511857,1.5998209712463265,1.0247782471564575,1.843204705835789,-1.1655644828816252
-0.6194694751540755,1.190003359817563,-1.8265373424079294,-1.305730364084954,-1.9123090748153184,2.3454554040263074
-0.3601519230491852,-0.48913153304548646,0.16863416203135778,-0.7036465149922626,0.09985217183045669,0.24335716796318232
-0.09589533498600486,0.28946887323710785,-0.11113362407231876,-0.1161317607434674,-0.19617320596915233,0.29268865490690005
0.18167985287491206,-0.7372282019492736,0.9332273713419326,0.3082250863531326,1.0365574463778315,-0.9425042090701659
-0.958959768529439,1.2800916054965217,0.30043019142448507,-1.77529938273162,0.11972785678372341,2.9624645951104562
-1.121761265446501,-0.2533843205627101,-0.26298480753575454,-2.2026032843174486,-0.5701930525012656,2.083883904302256
-2.9404613767563674,3.190593102571602,0.21073567790848743,-5.74418717745726,-0.442114260791338,8.645681916821887
0.2808863274056863,-0.09433516043316983,-0.4327500966619169,0.5823546212766424,-0.42076786112643444,-0.7097076110735455
-2.1393296184495245,0.6975541131147044,-0.20217615823768992,-4.125713860322705,-0.7379193042602814,4.884443317846765
0.4261419096060992,-0.9834092987320872,-0.9170326462269331,0.9090550958844246,-0.9071219808348638,-1.8090997576534475
-0.08344795800341202,-0.275397790711344,1.7686203333042252,-0.11069350731006011,1.805896193461225,0.05431868614719564
-0.6383619186754108,-0.14516428239687756,-0.8216936602480728,-1.1835485843359406,-1.1226716987329597,1.2128919295934952
-0.19512640279496318,1.1949157504094603,0.46601751668567365,-0.39265801336960887,0.491180019260337,1.434580612932566
-1.0491477855961757,2.2053981403721448,0.3486836336316049,-1.9659922062335193,0.19784423179439045,3.9598022952487884
-0.5662739833522199,0.7200132018459033,1.2276332857981782,-0.9496189346088394,1.1531809137329618,1.6209703297833646
0.5355061305453941,0.2004598061476164,-1.129807839410692,1.1295566490691342,-1.0024514295902354,-1.0764399077553417
-1.597282323522096,1.650871197486587,2.02911419159503,-2.982341682005143,1.6154644922279116,4.429324250655391
-0.4436111240204084,1.7358858041185623,1.0967394756430524,-0.9113573891599134,1.0484850336511762,2.3412399118355913
-0.6919862662319543,2.1086903458655173,0.8400543684296183,-1.2762571106626937,0.7827615236125817,3.0896154109673146
-1.7538295772406254,0.5851260986680884,-1.78925445018696,-3.3427414995480422,-2.117484579310269,3.9252950147539636
-0.3399940098557423,-1.9466293289298544,-0.5935372231227523,-0.5383304593647776,-0.7112853803917827,-1.115362541304931
-0.08437130718725538,0.5807864171809864,-0.3071618469271358,-0.129044071431918,-0.41468993574665486,0.5778839686791875
1.3426464383964793,-1.3491319971671218,-0.14505983923142865,2.5826687312970864,0.18690141812856284,-3.931215553969308
-0.18404224506400668,0.6229393497603791,-0.6976953274235714,-0.34583203583448757,-0.8233997017969997,0.8846485253526243
1.778085814413452,-3.0789597920276797,-0.3376661912250964,3.4003999603679955,0.04016320187509617,-6.10346448033057
-0.3738076755219831,0.9202949135070896,-1.1798138111570293,-0.7839632690333853,-1.3095083294927032,1.590911562400725
-0.9212165709431197,0.25553482921865045,2.0284549024697722,-1.656938952753008,1.7175297077262885,2.0806189780314326
0.5737052970279877,-0.9165687220467543,-2.1507997116548006,0.9945967135137304,-1.9795347065549342,-1.8870151457995035
1.1291901753344813,1.2242630112892676,-0.6355056770121851,2.2706595702327985,-0.2887937928382359,-1.573770210538876
0.48370470567012974,0.033263361621519376,1.3976685870508303,0.8698854291922662,1.6312193003424418,-0.8367385376601366
0.15095521777375942,-0.6266220059313172,-0.9990206528692408,0.33361177988896595,-1.0986109447972652,-0.7826915524719422
0.5746540401481481,0.6581365221608637,-0.3426620091816253,1.1779188997620138,-0.2270803357071984,-0.8274564993256374
0.6198007235185188,0.09192935069576168,-0.0806610302414365,1.1827798811048063,0.035530641962008974,-1.2147268947864374
1.8918214909288449,-0.933258730911348,0.6406757155324548,3.6156039934589748,1.1015232423501395,-4.617246349770326
1.4983224830570967,-1.2456974016586968,0.21355414361563319,2.878494795970308,0.6162823662967584,-4.120822432135044
0.08423695723508551,-0.6186664075696866,-0.5724000540671665,0.22367341805367652,-0.5616060325288158,-0.6776740264212182
-1.0225758389631532,-0.8684459976789028,0.6232256647448611,-2.0736459636502365,0.452059131993407,1.4114864913994989
-0.2841765001752751,-0.9031574861912267,0.4520600496987306,-0.5894568296853498,0.4098956361948686,-0.1573659437850862
-0.5978209045911981,0.1359300945248804,-2.1473109917773576,-1.2062940200755092,-2.2243045947931726,1.3616941732095234
1.8333824711024254,-1.6947971986008015,0.46300382062553225,3.5448217782477767,0.9624041259722501,-5.119907545227281
-0.7395848651857003,1.7358041688151813,-0.10717627818742716,-1.2811203767060468,-0.27757705135346855,2.8954322942224424
-0.6051573243328218,1.5767774453036356,-0.9127631413842522,-1.1346476235255487,-1.1042486225877164,2.568372898704678
-0.3038398035000632,1.013390792138249,-0.9925119437483331,-0.6771528676583514,-1.1334926913989782,1.533501509055562
0.15366188140829679,-0.29048910398101496,-0.9250241740584805,0.38245867006853607,-0.9810757911147646,-0.592842681813897
-0.07548479555331,1.0572044945226908,0.3180205117666455,-0.09629024624927231,0.3636358754471393,1.0132550900389374
0.8179641405331726,-1.3752843708708573,0.3813616235088449,1.5250237017929722,0.6219906353046141,-2.741307460374579
0.20042274674045407,-0.7435356536510824,0.3584440860126804,0.3215985451782414,0.41717609541623385,-0.9910885139874949
-0.2015684087978281,1.144643076759765,0.8614918946150777,-0.46188068739212607,0.8901140639675107,1.4291205706601233
-0.08317905907413739,1.4380691881407088,0.12550225031408896,-0.1140814838297124,0.1469770783515807,1.3759265648376635
0.6307508668138719,-0.8202506532581626,1.051877413685867,1.2197301423315956,1.2578836811327447,-1.9741769307402968
-0.2360935612577389,0.7277603444359482,-0.37334076215524403,-0.4273402488420534,-0.514833400192551,1.048668017125968
0.15075760633715712,-2.4157347004311847,-1.6753486373937967,0.5428205949473732,-1.7298591944545487,-2.7336413917668745
0.6067280347706314,-0.4755292317083317,-0.09597005535538683,1.147296156873337,0.03164674887358451,-1.6325231640477889
0.9190031209033627,-1.6796781312166753,-0.8312606865743442,1.746071529204247,-0.7189918712960139,-3.35337084854541
-1.6208001546315067,2.7946317357879966,0.4220448951055981,-3.1312920777030295,0.14119567845940026,5.633651709066508
1.6691638331934135,-2.803035504516483,0.690142468577512,3.111708634771093,1.135788188122475,-5.399169408079426
1.541512963302379,0.05220225544844908,-2.1428275546230884,3.007822514738444,-1.5958593134360934,-3.0657642604114455
0.9363930466750302,1.106819550261191,0.8480533562685293,1.8142839209535941,1.1343712692499779,-1.034885790076976
-0.21954690202751181,0.5419456913949622,-0.9061684717232925,-0.40951521005673364,-1.0362068763278274,0.9037205589392565
-0.9701084550965061,2.6495487203354053,-1.2515670390364915,-1.8571919257212144,-1.4429300765326072,4.139824998837649
0.22622514086248086,0.6113159997620434,2.3516642543859754,0.3910492227882691,2.4295959566080065,0.17882506499270945
-1.5028237812067033,1.897765647860504,-1.4179610472756576,-2.9129718790061925,-1.8218046600314937,4.517698797629106
1.2412427834230053,-1.2522291263743879,-1.4316780043153483,2.282310249927096,-1.2219050760403218,-3.4698307873972314
0.09403992884947061,-0.724154860633945,-0.8070480803109613,0.23777058729021477,-0.864502421587922,-0.7684666734439558
-0.5724257748526428,0.5524282839447108,0.26203565417886304,-1.0578535648433918,0.1575474807905547,1.5356289163526342
-0.5646863488258242,1.477635812888066,0.7423219247210546,-1.0309468116507545,0.7136872592570929,2.3022320457570045
-0.13970028787216565,-0.5887116464184884,-0.00890669189558374,-0.32541386407900325,-0.03666744908697771,-0.21302749086856068
-0.7781332475710491,1.4052555592721805,0.4772161368018373,-1.3776341149925524,0.40881204952962313,2.6415779851717693
-0.22644706883240878,-0.9842988581698203,0.11103832320185122,-0.45956380363649674,0.07247616711638272,-0.3696870331996472
-0.5740858386152158,-0.8365357538374879,0.3696194973293215,-1.1898835426472483,0.2647607794677782,0.498866638367549
0.4841025541670455,0.4384161030140664,0.9781026541561837,0.8615470511776302,1.1960088747691429,-0.5855176379534702
-1.1313698363360947,1.4964568310849837,0.1978062429094528,-2.1536379501376475,-0.06801424070687889,3.563572965610502
-0.15587383325881726,-0.10518403517458097,-0.8029226055932702,-0.19364651550438458,-0.9354819915634572,0.2076760906289563
0.27862993957786986,-1.2061586614600217,0.3927182417211535,0.5548414040243783,0.46532312731941167,-1.5788423561751856
-0.06739986250094837,-0.2658904147543037,-1.1074088332458176,-0.03854905586840343,-1.2416911367394965,-0.11945216674775963
2.1118806327220954,-0.5665192593583034,-1.4467094808061416,3.8076806558704943,-0.9169889234110944,-4.393885545048554
-0.2860496594017841,-0.7650822003457421,-0.566302402022544,-0.5570103577446878,-0.6722608118797236,-0.022625066580223355
-0.5205473563732366,0.6256997118669148,-1.2550248993453188,-1.0194438458612396,-1.4143008081956874,1.6129690608654497
-0.6841097422441785,0.7706990978826932,0.41630907747118095,-1.234975347745156,0.3107394668452468,1.9367765210525716
-1.058562868098238,0.21774201888591763,-0.006304023976244393,-2.0904035825643676,-0.31880001646581574,2.3082239590320905
0.23440540464991094,-2.4598767306978675,-0.1345519716349801,0.5131524643955114,-0.15782021868006868,-2.4943086326836603
-0.2743065497393477,-0.48757216337708004,-0.7074964112531074,-0.48243941016347625,-0.867654305206024,0.19148880218715336
0.737561577546996,0.6991772755833752,1.380231209253717,1.2631028277840766,1.686276135261432,-0.7883596293555585
-1.314789676226005,2.666769487866108,-0.0451638490535826,-2.533878645680718,-0.2884311751541482,4.8935148278855465
-0.8562848528024458,0.5009025237468082,0.7799075418931743,-1.5649987341196463,0.6535982902267452,1.9995598268209296
0.4645275295683197,0.3731718387334531,-0.18047620982113297,0.9239995612738051,-0.11657863003791231,-0.7208348765232531
0.3333297407150639,0.793263417020353,-1.0456808868054033,0.6688583751748058,-0.9971382737455106,-0.0881246588086261
-0.7573858946402696,-0.4754680990249437,0.28996567043493365,-1.5130311521983713,0.14049526430141748,1.0975472092987166
-1.4236035010463035,0.7667527517433367,0.10613171725652026,-2.799605732507684,-0.26146823641252687,3.5660988972081737
0.36697960909838695,-0.3935694699371165,0.262331219656732,0.6612742342504564,0.36719426012305956,-1.0675820094593973
0.43745587697951094,0.9616023326966164,-0.5083572273499263,0.8680297237128836,-0.399228737342814,-0.2247543818363964
0.39199759474471724,-0.11922077446804583,0.4370754966331654,0.7622250279927791,0.5754261685189811,-0.9463200138104769
-0.19559334595206912,0.19131028688657298,-1.661405792885941,-0.39758466559747985,-1.7180942654651894,0.557827472871978
1.221362132242241,-0.7930955232362608,1.087259610896643,2.2932166761245836,1.433243699256337,-3.0885938204340264
1.3673345816046245,-0.1700554055838672,-1.1052055269938375,2.5297039552730687,-0.7988089066165522,-2.7809661749207275
0.7476823303563069,-1.3050537839538427,1.7608156109707245,1.5819230596235425,1.9663069476196589,-2.71187376421872
1.2092577983429256,-0.2453573470265273,-0.40869895127156,2.369839197802427,-0.1670959500382621,-2.6968531649448564
0.24843851500029068,0.972949998913145,0.03312472398497433,0.4415011195804795,0.14888024593556176,0.2983996279947385
0.7533054645946655,0.8517264255220346,1.1924334552940528,1.3609490624614327,1.4804833196566607,-0.778687296216933
-1.7956407418383873,3.655555154591423,-1.6324075849536543,-3.470468841012253,-1.9682901505661259,6.506303002545728
-2.0263919167926105,1.3833261500409173,0.7733128108265022,-3.8326791573561287,0.33984256224885406,5.153973985446734
0.14704040280088881,-0.421273357817833,-0.15669425710640936,0.2934280122487467,-0.1261970608352257,-0.6523975447205747
-0.10519896092396094,-0.31705878278442007,-1.4305285490680018,-0.15543552967126897,-1.5431039298713012,-0.07360662331719856
-0.2671707105837745,-0.4445962369394058,-1.0094748609172268,-0.43237700459156947,-1.2299769983312219,0.20302404717881653
0.2960615765240299,0.32292854227618606,-1.3804266843478956,0.5989130035349414,-1.2747334023825128,-0.42708045018484125
1.7915236620519068,-1.4146190990475227,0.4986591047859733,3.4665546566684435,0.989248962592853,-4.793104901648885
1.6910575409039257,0.9742480575883639,-1.600882133447012,3.1822280205031004,-1.0982983535796953,-2.7382471504516457
-0.8548381126919389,0.8553211158976529,-2.419343211071155,-1.8814383161812207,-2.506889171974292,2.6540593813324453
-0.1945240381837554,1.4679101408690527,0.6068048557158198,-0.4422455355567478,0.6367223626724359,1.6871012096040687
-0.7988474216985013,-0.5666178823707884,1.735624028750057,-1.604699111983111,1.4494435953628086,1.2813160721382237
-0.940809549281222,0.98321075876101,-1.3059296972726817,-1.8522778762638952,-1.5947211184715606,2.6995050526114808
-0.6972057176128376,0.7405106927338136,-1.231346248093883,-1.357274494349673,-1.4323388599503484,2.039712359102736
-0.2638894032759589,0.8526554763817357,0.9704961229051408,-0.48584568427035935,1.0029728747204916,1.201118930366342
0.5873847388304511,-1.9389819415628176,0.8851013665073679,1.2498758256557227,1.061549467811502,-2.8377363512903324
1.3964322334091583,-0.966315876031903,-0.7149027134332439,2.6770946382574707,-0.4240051492546232,-3.6306723604466655
2.639161835852509,-1.2811838005627951,-0.056472728703686165,4.953967717999054,0.5858886007824073,-6.247067415810968
1.7234377151159554,0.04823499777358769,-1.206141430193036,3.1648635136402956,-0.7631465556737137,-3.317062216818101
-0.922572598691858,0.08989414874834274,0.06001973442238537,-1.8079320912521282,-0.18439452784285507,1.87393872129058
-0.8032316703790967,-0.48991144850085455,1.4569046965848642,-1.648819443010369,1.2021777035593928,1.3057808086046236
-0.7965782987622244,-1.0964270512731866,1.5926005852308551,-1.6409017224050995,1.3113561732097232,0.9004024845835636
0.005639271591637488,-0.6143439820855519,2.135590658134334,0.03346835162364793,2.1829771722710754,-0.291503189954046
0.43036880850581105,1.3700448742252775,-0.5663324067662832,0.769669908606145,-0.4032348786337007,0.32738352209382643
1.575579527418509,-0.39334090512027287,0.47152301924802564,3.002428385081813,0.8610597956421254,-3.5893362770668467
0.2434592286319065,-0.19580505038673743,0.7303798327916085,0.47292904090408416,0.8382432925472107,-0.7023554364441695
0.36053812758062376,-2.3133024725745828,-2.0289394938238736,0.8489943733232441,-2.048972727671806,-2.915414189385108
1.4808624525928042,-1.1960536876508092,-1.3790908144780185,2.6872291841977765,-1.1056607004855838,-3.811814777022917
0.14876668393452885,0.32759483324132765,-1.7612141172565206,0.23159670024317647,-1.647871932915758,-0.05529351850489658
0.4564687082996014,-0.5340569523777849,-0.7260964968006346,0.930069258486271,-0.6648940990043061,-1.3943538227874364
-0.1142210903219994,-0.2724367209785573,-0.23112542839628536,-0.18021258773127524,-0.2817425591221621,-0.04966956952660318
0.5047494097544962,-0.3784385093898703,-0.3806596091588998,0.9669247619023289,-0.30537753891452724,-1.328803638865615
-0.770401462133529,0.14086022206892004,0.04708987823271002,-1.478969327636675,-0.1614727936495313,1.5675812630258794
0.14425891663588847,0.7090046685468928,1.90733674139229,0.2619282758723245,1.9952581428148817,0.321494300387007
1.3500645085768916,-0.8475722387352972,0.20891037272692103,2.5993983625654677,0.5867000355170624,-3.4946677105331343
-0.5344861372820728,0.432869491811773,-0.1442278118797547,-0.9646236559836718,-0.3571082406783274,1.315817156016346
0.961621420863295,-1.761430642309332,1.3973006009587965,1.9284203170329077,1.6501428340364808,-3.4009490587195628
-0.31366138278041955,-0.07398979494498746,1.2039336686285764,-0.5669127924860362,1.1739728220628898,0.575913733163338
-2.799289454513292,3.6190715810981384,0.8430538266825949,-5.491542606932343,0.2416134445458991,8.733986263445676
-0.21612927658971037,0.5956228889624632,-0.3744983418844461,-0.36714020095878286,-0.5269976035697459,0.8521039798443744
1.4233259403929743,-1.0125052583461773,0.14040064219057172,2.73913492442193,0.523535247223145,-3.791616801244562
0.2211982698493657,-0.4417620843519978,-0.930529080751935,0.4816688926269697,-0.9878552368952231,-0.7995172837419987
-0.006086065661675442,2.2425534833956764,-0.28396588405688516,-0.0423460978897478,-0.1502389842182846,2.1039684213232692
0.10253542916146881,-0.7020563435555315,0.9887104335840817,0.15895542996241632,1.060775769635583,-0.7626258656864415
0.4013382276679907,-0.0507008154429331,-0.9395580256367041,0.8369896432285799,-0.8936130202468282,-0.9529289874406116
0.03825592983532895,-2.2217333330949027,1.4186206769204104,0.2638293513292216,1.5361698489720284,-1.9743800323040892
-0.8850998380058919,1.6216147626422028,-1.0004563350495241,-1.6432957513283206,-1.280459234118708,3.106393077242179
1.086116555959434,-2.3923109223685315,-1.5426537505030937,1.9508836606192554,-1.4184067479160654,-4.234575118265604
-1.334893691759513,-0.3266501626045222,1.2878720009950149,-2.5927767944085747,0.9720459592707317,2.3725071422088093
0.0007258569575622261,0.49697286202310986,1.6043517430131589,0.04327647200395114,1.6712939527923074,0.40454276453031757
0.6213096511018922,-1.4881837775902946,1.1805788311543,1.2684585666363195,1.3635651410500156,-2.544909119568796
-0.9609258533087728,1.2677880326862332,0.3522673732775244,-1.7623429255631886,0.18729101831477862,2.942487583128915
2.078089759153156,-1.795267170672031,1.3119336173278373,3.9897157799787277,1.7786944302593988,-5.553961623130922
0.6908908317435088,-0.962068159420453,-1.197924807289527,1.294005294222164,-1.1300014043577165,-2.1847700645825485
-0.2424555167727181,1.7584408968942657,-0.4066790188661064,-0.47689441031571456,-0.42679154633290695,2.044474900714396
-0.7945246812254031,1.271152542553077,-0.7757670704144138,-1.4477721543959199,-1.0675846116290013,2.5777485206877873
0.9067003463848877,-0.7117919109081791,-0.2214555919513148,1.7613900805039826,-0.031052885320207363,-2.5297921719388907
0.8890271758871507,-0.45155257137196414,0.1743916668670053,1.6784922582197184,0.4292470855210631,-2.2159987116488504
1.2744030131055653,0.9151963593214228,1.6795561552045357,2.3874549190999335,2.0746445129214743,-1.8117417326238623
-0.14595591541731895,1.8227250041303633,0.1968520712790467,-0.19714894229018443,0.22238648235788436,1.820110293746034
-0.686548966023297,1.329205877196084,-0.5110479464820715,-1.1868150585583517,-0.7577461276105846,2.4030935326768703
-0.6088010929575532,1.5732750905333208,0.021804657617806044,-1.0452465313393344,-0.0971879002794901,2.489255279450265
-1.1121703504888993,1.8975084394504187,-0.3763603030047162,-2.0838215823987625,-0.6959397059001251,3.8398422176655007
-0.3768803299388335,0.029319990800986004,-1.054718980785941,-0.6478642437275101,-1.2579907329594824,0.7940056019255674
-0.018174198864511423,-0.644619881679583,0.20868666041782052,-0.09335865791475664,0.20683317944685695,-0.5123118878507732
-1.0599473580442516,0.6034044690703958,-0.6936722539073861,-2.1179711222750934,-1.1294076234224035,2.6451978615135
0.12630667199560486,0.15730374029375083,2.678201403924605,0.2458003000957125,2.7186772665115,0.06957798962280115
-0.8061494340198,0.10891501321114408,0.03676132350923757,-1.5582445063708537,-0.18420323995638602,1.6230753795524735
0.5075967359613266,0.7379127457370551,-1.2859166127003017,1.0556277552635387,-1.1502405361509491,-0.5214128757367501
0.007173074821576822,-0.337057696988355,-0.19263376156209108,0.035524111087159124,-0.20895069952345222,-0.31844832934766887
-1.0179976662530101,0.26055429693773086,-0.5897932594035595,-2.032993100234723,-0.9798105006918088,2.3504549816762776
-0.49903054253044626,1.439026056987812,1.6731949959014258,-0.9549520202417714,1.5770083688559402,2.1001993367227607
-0.24321894501202312,-0.4668718707633084,-1.306438665193953,-0.37066255914058344,-1.479811107642133,0.08458143215497707
-1.0013744128073052,1.311921178380283,-0.8942994990816329,-1.90323343633397,-1.2607969112022797,3.054186772434155
-0.6456869368104088,-0.23838163422125835,0.5431856465028251,-1.2669033598877852,0.4158111492134073,1.0069378028572433
0.4815000143053734,-0.701013264675636,-1.232035580530541,0.9052978020937118,-1.2156501843709593,-1.5274340932884147
-0.27316884444166356,0.10737025511258509,1.0059251025765126,-0.4879505561111227,1.0045152969272548,0.6261858478156596
2.4954445988865843,-1.2022168989390036,-0.959697941918696,4.5913073627854954,-0.36266849010023966,-5.7077454769306755
-0.46131181055245896,-0.5814296992676027,-0.6893197514438669,-0.824128969627664,-0.8972998181293779,0.4454491158404964
1.6162078473935304,-2.197025891175298,-0.34627820207971727,3.1300110096049467,0.0496440521413756,-5.1767642735220765
2.876468742329337,-3.852219226709878,0.6104776892148468,5.583995684371498,1.2980573108676798,-8.81388205399052
-0.21740533609447482,-1.0743349336263426,-1.1007531555115646,-0.33190787440512487,-1.2712234001175813,-0.4252162403866506
0.10771442272048284,0.029214509454248805,-0.5099026066509427,0.27456308173489324,-0.553070258071929,-0.25848284775205665
1.156801010436486,0.9745758667524964,-0.7064056437375691,2.3488980859762703,-0.3816977551222903,-1.898689056053129
-2.022524633669058,3.92323061181245,-1.0733817891557231,-3.9886591240164844,-1.5129578206101102,7.234594791000991
0.545342229300609,0.022952067606948096,0.6305942636999896,1.0542861443930112,0.822673300460992,-1.1201531864814283
-0.005192020860108474,-0.8161525219182351,0.08076089311429303,-0.1025755958828182,0.09906331858723057,-0.607532393868155
1.0567376211117203,-1.6902045141258517,-0.29290420999896294,2.0336198369241956,-0.027490590300360756,-3.5878247231009244
-0.44622053409270557,0.8413486348733105,-0.569399558758264,-0.8234990748584469,-0.774646293252121,1.5626469873957727
-0.43291506401719243,-1.145262942091191,-0.8083598630908367,-0.8200677996733002,-0.9559665366618346,-0.015801182050103894
-0.22669568343588165,0.6887312137751737,0.7683306734385535,-0.3853091463064146,0.8279096594289138,0.9920941361280737
-1.3880513198380515,0.8837709087526127,-0.4413549743011936,-2.810281522015673,-0.9009206468773403,3.624432554990221
0.5740674564929072,-0.6584008548340547,-0.25058689667856604,1.1155032067123418,-0.14527220498933316,-1.7489449130857166
0.2233126208803945,-0.17760071830445295,0.10323466021340313,0.40513931653288726,0.1330661131396477,-0.6258970300378222
0.021295784196459912,0.7546155864886526,0.8252230952913507,0.02443459290526438,0.92504483611502,0.5766730506845756
1.5636959436660731,-3.4806351439235472,-0.7872325797203239,2.8805382864068565,-0.5505009893614922,-5.95722729364731
-0.7881708481560131,1.8132444357707271,-0.46651409259609894,-1.3485080847220718,-0.7283749516512497,3.0177083559391655
-0.2936298325519122,-0.5961563401141345,-1.1079670270284847,-0.456608680470264,-1.3256717263165048,0.11894542519703591
0.16352628138965325,-0.2614874907746508,2.1121835386349015,0.31827853266599343,2.219888851412764,-0.33940054579214785
-0.37388067099407396,0.9455483397348654,-1.482756823574175,-0.7995681365842984,-1.5543537496452444,1.6414417098741407
-1.8107948832927445,1.0899032633476953,1.5648375280870095,-3.3322244344702905,1.1317317665909519,4.371045996746567
-0.7414046607662417,1.3950050150495426,-0.6255811365823232,-1.2898922498031304,-0.8890683554315519,2.5596561630790244
-0.60828011305999,1.0921857493871383,-0.2597859340658447,-1.0538586295791184,-0.48376846053236916,2.0508717345832994
-0.1039516809857846,-1.099327867876076,-1.5658294012686647,-0.06786888839187925,-1.6942436079597365,-0.7739469873150935
1.3760166897739519,-1.4096714289953935,0.9285478104949627,2.5845197057545297,1.3223244336248792,-3.831040143245231
-1.3102693743000358,0.6472981064963118,0.3936848717371851,-2.5071104278235024,0.11099029517277262,3.1403499607869043
0.9557928638150759,0.1563250737236363,0.6308754020172278,1.7593173029927627,0.914288270730183,-1.8187076719363102
0.19283444505532193,-1.7021161144904795,0.46304035885716066,0.4890299915367224,0.49872674859606864,-1.8654113512876935
-0.09713364682727715,0.794817847219067,-0.8925766563985205,-0.24550902733988159,-0.9795557873884695,0.8839884094083872
-0.4556092469496064,0.9885723073775997,1.1455905385199407,-0.8246530361856971,1.109523674654966,1.6635755705581163
0.3273016806849951,0.43965644581084073,1.0283436277488922,0.5886488279698441,1.2151568114932996,-0.2720214277109198
0.018239782786831714,0.7868564401937266,0.8701884341012874,0.010427085788396798,0.9692486700698877,0.6121844516797629
-0.10379238566365231,1.3658315444322706,-2.1904476159994055,-0.35148606969012797,-2.046046016678937,1.5954306737534174
1.3611083284396834,-1.0905005936330345,-0.4030861326317604,2.658828707952784,-0.1146104379652426,-3.7689018835953854
-0.21821207446337348,0.9695736879483293,0.24717632014024804,-0.3514259753730773,0.24896538760190026,1.2146593717519
1.1249895875586653,0.1152036517418985,0.9798665113121545,2.0955211126405504,1.298189917549537,-2.2141894625485152
-0.6030262517512864,0.6729344296754044,-0.35299465029314436,-1.1051403900500358,-0.6182035103240981,1.7184835455425078
-0.15087747969627496,-0.09583663645947746,2.191794725966406,-0.19651883961205985,2.175866133086332,0.3317175909367418
0.03282886649858678,-0.7353162332163126,1.0777538113042977,0.022086836907481713,1.1222827221615204,-0.6392161628071965
-0.4898763644762554,-1.9951742614393437,-0.3350904004398744,-0.7733530411340725,-0.5064950336103358,-0.8802168396988458
-1.5171231291383585,1.1492707606457349,-1.5554661173076523,-3.0010628281043497,-1.9972886457373922,3.926017076738615
0.06835589479225004,-2.0894085476269515,0.6930014817819845,0.3162958604188528,0.7357814568243668,-1.945369367516127
0.7772099762443982,-0.40284351544300784,-0.07395244368319635,1.476072839547756,0.08764803556717549,-1.9582548389587444
0.0432113588424721,-2.254082425923741,-0.8200366396334656,0.2531814697825881,-0.8990424579348003,-2.1764548181875516
-0.9348138731621518,0.9737319212441907,-0.32714028206562246,-1.8272733409877833,-0.6532599702910289,2.7104518200767234
1.2945894778779186,-0.662954177783921,-2.2209493971836993,2.5019171648269714,-1.815972101084673,-3.2060429815625997
-0.166015788322532,-2.942943097741391,-0.038890070920135064,0.03622240268005559,-0.225978248354114,-2.3762780297985224
-1.8569308186563274,1.9314528573570882,0.6527192678282446,-3.4956396431312897,0.2652917253522006,5.368440902958334
1.3954488361127566,-0.7776983743458266,0.6915225010084771,2.6856631599893337,1.084704041760581,-3.4765359252575556
0.6137036773152917,-0.8977013350297829,-0.4351180439809936,1.2462691516259312,-0.33197904042013393,-2.0928517061449132
0.6743780906906373,-0.8004995886370727,-0.10721107029029503,1.333901653850751,0.0562456944731024,-2.1436576254918265
0.2810814095015763,-0.5987819685969983,2.2475284523497865,0.5747806250068871,2.4017594333759487,-0.8439564256618293
-0.4970559634125657,0.5530679312188264,0.9287494344100413,-0.8014214398255074,0.9110377798719861,1.3237675300750598
-1.3386856072173854,0.39626328378672493,-1.1216224016923522,-2.602441140948387,-1.507081667373625,3.0317886408533967
0.9388648546019005,-1.4089147304779026,0.013014411066138303,1.7888030646605313,0.2707434611831155,-3.09442859050149
0.7459280615636795,-0.4909703394899297,-0.358809140611908,1.4400875201183116,-0.23894005245447417,-1.98537558119863
0.06930367146802374,0.5674625721528898,-2.239096842396717,0.0012202145396260355,-2.0807499283655893,0.4474883805002019
-0.1737562394948069,-0.7503310841014385,1.1111687137821205,-0.36352203819467854,1.0831752906230652,-0.25127303743209717
1.1584595603165584,-0.503801481632431,1.6699610618784293,2.2082371029658305,1.9555340775831882,-2.8195042091890254
-0.33417513740958965,0.7717674892343245,-1.360091424176695,-0.69260635810058,-1.4534812487295967,1.390625304686424
-0.7459355469761391,-0.19094688727442274,0.40454172878905975,-1.4453090702653701,0.25795510966446517,1.2233506019295213
-0.12036991803636214,1.5651613027156732,-1.751337830766884,-0.3393411766893871,-1.7048954242824927,1.6883590258481402
-0.3698229942159064,0.6226892628235914,-1.4449797099128043,-0.7497123788054444,-1.5449001433342604,1.3297764990892145
-0.9043100700929535,0.5288681560117916,-1.1755569104505736,-1.820033811642138,-1.500305137602365,2.332587338453817
-0.9778009877380784,1.8721097373954472,0.571843805460463,-1.794287243645129,0.447554675410269,3.5027499757536478
0.6657482678639896,-1.0987994813382433,1.8674893807373631,1.4047507325198205,2.0616332617439745,-2.348489900930075
0.13256301915203253,-0.3248832291121491,1.2063050021845614,0.24760308964929195,1.31164536070691,-0.4874652120100238
-0.36902084260774176,0.5446614591560558,2.8420806159626393,-0.5015655867567473,2.6781344317905766,1.13675595242865
0.48365102287435446,-0.7228618271645162,-0.48293064084675835,0.9840958162403343,-0.4048667722580939,-1.6368647303988628
-0.8824362561555134,0.9735651825821655,-0.8391145258187882,-1.6853402741548626,-1.1906175001398864,2.5084225001496696
2.3056606062850964,-0.354352628001416,1.4242451326346428,4.217884560379725,1.7854597451378853,-5.016914767457739
0.15463774278616405,-1.3921829307433695,0.6320927523480164,0.3471969046029567,0.6959292375184715,-1.4791681338566804
0.8991053472730238,-0.4596525783744661,1.3784723771818008,1.715684672972314,1.6402621979991971,-2.2305666803103477
-1.107551968684908,0.6031215235511912,-0.35490155440723586,-2.2461927383030647,-0.7652491563594153,2.815190865702854
1.0819147731855479,-2.738509954509026,-1.82489249883962,2.0136568998710564,-1.6650267191986532,-4.621542227057135
0.5551912352630897,-0.1185549872796658,0.7179604338215201,1.0732271176353756,0.904428599624388,-1.2515501512363014
0.5721454952655802,-1.6558052502608074,-0.8715704483497582,1.1701595523484916,-0.863155397241079,-2.692513250013888
1.887378829295,-1.9286053414962012,-1.2512587290583528,3.4728015882314054,-0.8739761530652717,-5.295130501515343
0.19868437374131837,0.6838284372172976,-0.29668819481239245,0.38780081832598345,-0.290297049129339,0.10473613444224117
-1.135144717553087,0.09849804074365086,1.4496618180888832,-2.1520992260480423,1.1594019226171923,2.2805876384493975
-1.4897811056118848,0.5427582021293539,0.26457685092181493,-2.9074498975134806,-0.0867805800945936,3.476692205175314
1.2253683530167003,-2.7240914557740394,-0.1912275184519867,2.307109009994293,0.04404848953567117,-4.624052073204553
-0.46627585132882743,1.2845322156025343,1.5865019147465778,-0.8806097076758631,1.5049278512020499,1.9171049415261925
1.9017487863768914,-0.4489895597592935,-0.6782665207182301,3.5508165866266035,-0.23133942160474186,-4.033766287466241
0.18570464476590504,-0.7894760744589884,1.2759812702325863,0.3134919502498962,1.3687684879152309,-0.9647134572223568
-0.54845483953284,0.6837830932969735,0.65172540310852,-0.9324279174121749,0.6181984012225745,1.5809694883207692
0.8565091283643665,-0.20347243874726287,0.25638957033444454,1.6140618759147298,0.5184945442185208,-1.8755119399775615
-0.8533013041537529,-1.1823629503184347,1.65042544995362,-1.7559595626081692,1.3405418097510196,0.969135941810517
-1.2583236164240177,1.2877253015653454,-0.8541413282166513,-2.4409774149170986,-1.3063997356469872,3.5504529931714264
-0.715116346479729,-0.43587874667594373,0.47907133205206,-1.4394715565405787,0.3348638737989091,1.0472400336478087
0.8316489425740525,-0.1277903686834687,-1.5478787194241135,1.6547482995746305,-1.2939770894781328,-1.8472447494054551
-0.2519347555414224,2.255941924371189,-0.7825721555703357,-0.5710642877590906,-0.7571250162188341,2.573984770465255
-1.452515853074602,1.0823002557332884,-0.1751766780811532,-2.9022132096763116,-0.6071258765454215,3.943577721922994
0.1602792424652461,0.4749431240888425,-0.36498012884498104,0.32330401437977,-0.40363234614111615,0.0004968664871132858
-0.5267925747698311,0.21187297095027252,-0.5767694370211142,-0.9254480727577089,-0.8321780134280827,1.1809805655798193
-0.21137388573325844,0.29726074873132924,0.3291312584920533,-0.3667473869558266,0.2964934727699956,0.5378301780357755
0.9159044713111264,-1.70521703315252,-1.6450552581452256,1.6546956643820416,-1.5304132278499425,-3.2465149787893504
0.47964444135604245,-2.0057908448685615,-0.8724719331311657,1.0016466731819011,-0.8848209045078533,-2.788888484524009
0.5970631230104089,-0.8502047658163564,0.3059263791244182,1.1138253178664554,0.49480953390368104,-1.923167047950399
0.8175609266533681,0.7472812420798309,0.02860884114589751,1.592362150816356,0.21737001127571154,-1.1568839980762995
-1.62238307699678,1.860133602195666,0.3548691568096016,-3.103688326025644,-0.019806589223018017,4.898981293356555
0.47413993317022557,-0.4886903104662813,-0.4786305973283229,0.9276084124288135,-0.4072988340115538,-1.3643902899947604
2.24883022836169,-0.9702123469701186,-0.945294299129884,4.145166802795791,-0.41892741716820514,-5.0525511678383355
1.8011284533961267,-1.635785625436743,0.6878283366269927,3.4819386641456007,1.1798099128820783,-4.9790123269633115
-1.9207774646576166,0.8589457619150266,-0.11670623828559715,-3.7583998180630718,-0.6234315814978182,4.6490838208151635
-0.32510511757182775,1.1939801054278565,1.2354369704479344,-0.667935580013797,1.216447385141869,1.6370786371685626
-0.02549143505183942,0.22628111255931097,-0.6838328469972685,0.00847826677678297,-0.7766852448785594,0.19666684808083723
1.8913800578132254,-0.4780404632459741,0.9979936645643794,3.532763452752598,1.396234266900846,-4.2925327653047525
-0.8609046972169319,1.0994606889498464,-0.5993497068358052,-1.6022750185526968,-0.9238491829470667,2.5686723908937594
0.7786199550631433,-0.3033231869827756,1.12717489560694,1.4568530912214122,1.3668950319142856,-1.8188292372529882
-0.7616662565491209,-0.6299197321492845,-1.019115559900646,-1.3626563075100067,-1.315438698710357,1.059097785560984
-0.16156471983053344,1.421970321643854,-0.5488479519328684,-0.41048937229612453,-0.5908039186735908,1.655862191993369
0.14699807455122715,-0.821318421959406,0.9647482305458724,0.23510328118265778,1.0559620533409255,-0.9229122014655053
0.42407047791343444,-0.04983823580727091,-1.6583317913031048,0.8365924928631888,-1.487025097076544,-0.9894600320663764
2.6075577384241204,-3.4032445011037074,0.3488673699225461,5.079793499263743,0.9861080860158228,-8.00022317442941
-1.94538283718638,1.3524154202111711,-0.032936635987425356,-3.841950398360287,-0.5526063299931593,5.168432085270595
0.3627298440327648,-0.12352127015183138,-0.3284729193708705,0.7136661712588294,-0.29406383195566865,-0.8824142467684126
-1.3404675441093443,1.2614439041288084,1.9922277699014064,-2.4599448396595616,1.6420496056321117,3.6016913097095715
0.8009975501987104,-0.41651182706418954,0.6892077904999179,1.4737285219428065,0.9691594019307069,-1.896733860379677
0.6201145204049149,0.29372966002796314,-0.0025818262228162886,1.1913840820221862,0.12977623370548635,-1.075643459605109
-1.5464424242672206,0.8393528526635596,0.09626249707694742,-3.048042463576108,-0.30698681530012084,3.8923542288806474
-0.4548728968034485,-0.662550383981704,0.38851240869291886,-0.9160869888560655,0.305569789991956,0.3405729531637227
-1.3187644355289543,0.608828308045417,0.48619703051475494,-2.4993681035434707,0.22129622128009663,3.0813765799857844
-0.7797893238275407,1.994465906849414,0.5778604610927611,-1.4116751430158045,0.5011503673021827,3.2005473768564157
-0.29752101819955684,-0.6449223401210671,-0.7413164969763274,-0.5582650256609284,-0.9105231517296831,0.1351502406261387
1.825380756670746,-2.528117029943688,-1.0627394426907582,3.4021766856081475,-0.7006409052379642,-5.834889905573521
1.9242306547991972,-0.5948425537591957,-0.26207966800416627,3.660438064246065,0.1941263391695867,-4.337760361456529
-0.40154250014389314,0.7722040662834119,-0.4850807292678581,-0.7465786872477961,-0.6811749412556368,1.4375444643426427
0.2222935428592609,2.0082475962750785,0.5278138577912107,0.35302671595157636,0.597243804584898,1.4156285169735006
0.35637508768637527,0.2333099106513592,0.7309690337692002,0.6821923506751093,0.8913087336448549,-0.534546386237275
-0.0999502248501462,-1.1581587850283674,-0.41561096384739193,-0.23523505929413643,-0.4348100196885295,-0.7298457370202992
-0.33901568694339407,-0.8671617468858173,1.7290583096180172,-0.6850117125048386,1.6230829776938556,0.11255637809363025
0.6101553931231388,1.0447286964571023,-0.2535063149139119,1.2263129987522174,-0.044223625438406355,-0.5237509779941522
-0.7280683934839584,-1.523273540672869,0.5206161114621456,-1.4461074481119178,0.4271536433816995,0.3756859183466595
0.30342546165662754,0.9933869509777827,0.9085933070041909,0.523086378025523,1.0647568736654935,0.20409704709390056
0.9325050128479514,-1.6349797250899927,2.5515783752686345,2.0560280704468967,2.7201250245692443,-3.404712215669526
1.4725796064613064,-0.6492014472694285,-1.0991286638920017,2.7210103305278674,-0.7867316490281999,-3.34614453823962
-0.44505441838804016,0.16986316512042557,0.04587355603641888,-0.7929643177836352,-0.09090161232436554,0.847383141678165
0.4842811219512213,0.7001913094746383,-2.3998939354231505,0.946051394883338,-2.050989065544655,-0.37848482096127223
-1.7392448796137585,1.1013389249355188,-0.8436045279071891,-3.470432575426564,-1.3343342473230604,4.383559894972302
-0.3829085690469963,1.1082575148646998,-0.05567042976802372,-0.6208374534157584,-0.17724338509375032,1.6428097767022078
0.5066175656959576,-0.5330683115405814,-0.6344202747187206,1.0224344858915972,-0.5656483158649864,-1.5106458055850593
0.47650482373030534,-0.6578575246558827,-0.5108804148315321,0.9643649203209419,-0.43807482695417194,-1.5543908034537668
0.6215233526339465,-0.46613829339640533,0.7671499666718906,1.1416125236381962,0.9785703826403741,-1.5993494831338746
0.9514887374550589,-0.048558247368384044,0.23440713395669222,1.8098277371013174,0.49933448326807267,-1.9841682487703625
-0.6202625837779597,0.3222829520233566,0.36354981760233246,-1.151691905929872,0.27066037900744033,1.3998851826677017
0.8280739113797102,0.6935005175662932,-1.3981144462577897,1.722665683600911,-1.1429606959503193,-1.2499564913101056
-2.2226785264773192,1.1653405882459953,1.8042602339361364,-4.1239928565822614,1.236501027636497,5.237644332794745
0.7533873425290718,0.35540731117311714,0.34770452377930444,1.416200539792617,0.5693267676420353,-1.2514596163050717
0.3291833247130445,-0.8120649642404515,-1.6758771471749454,0.5835273746953125,-1.6559287883200435,-1.3166067166204054
0.4320179677059838,1.7230016047891994,0.09513501375305458,0.739649047289459,0.326500691149679,0.7654835563869382
0.040231722456435984,-0.6364155522246283,0.5236664423806671,0.015002947312453723,0.5504419214140306,-0.6199017877489557
-0.049025227589732864,2.1753720845307645,-0.7477364839066292,-0.19813349408724454,-0.6598495723208246,2.127126787763867
-0.047282225901772376,0.10666388344464198,1.4672035470282376,-0.02593847702495151,1.5281647205100968,0.2295935236923298
0.09924793075301692,-1.0646018381947346,1.5979394122104593,0.1625267520602787,1.642344029026373,-0.9790256693504625
-0.8092692012098452,-1.1894059493795923,0.527237623313439,-1.6254728306780044,0.4117899908949716,0.7515220733839616
0.02701620360321367,-0.5144854651822576,-0.970487525943738,0.12510217659088474,-1.1094215879440985,-0.4676550223196228
-0.48642689490834645,0.1443373570233079,1.072153720057107,-0.8596534966328457,1.0216991339246337,1.0327777996014758
0.8098133693463723,-0.07187040028452508,-0.5961185802213691,1.559605938628002,-0.48517370447332225,-1.7051088292625523
-0.6635994060867747,-0.9132267264120498,0.08488690838857875,-1.3055831688279336,-0.016247643425319497,0.5717688446800007
0.5736011475490582,-1.997402044889195,0.044398551185671584,1.0419231255278312,0.17862800817364446,-2.683960446595434
0.2977759651385745,-0.24516635675492074,0.3594539089627621,0.5456404131303738,0.44628279725202175,-0.8555065087038614
-0.6889309051828564,2.274504906583724,0.8196668632438552,-1.2884854802774959,0.7602044877970581,3.2470225620412165
0.6206786799818764,-0.6288713510454418,-0.07701314578109432,1.2084006270356484,0.06723361552188191,-1.8409285918158114
-0.7371230103118144,1.8729600602985945,-0.43704067283432496,-1.258535582469243,-0.6640111420845316,2.981525126346956
-1.1013609292584567,0.5031241867706304,-0.09157131631360386,-2.187562292647811,-0.4319558572897493,2.671373303197185
-1.8089927259020697,2.4107561413052583,-1.3055673558871812,-3.4392706616942377,-1.7791080927990526,5.4653623612723745
-0.26587744902166316,2.155004984070716,-0.1511751647363744,-0.41804876223848225,-0.14583761450794,2.3861657345671055
-0.8485778900110226,0.9631528483953362,0.9888262432863182,-1.4945058733540288,0.8687636967123259,2.388435404706246
-1.4356821747671304,1.5714936644299786,0.5335594234212266,-2.6758583090294126,0.26087960833236257,4.163606015498394
-0.8468802964945759,0.6469318961701619,0.6413185034642737,-1.5452524187407477,0.5129901094175041,2.118279742090681
0.09395789133714044,0.7388275821806694,1.0370690412077352,0.14586408834873085,1.1604520377558343,0.4099533143500648
-1.031026698846615,0.8313974601547712,0.6901549796619045,-1.8783322894074286,0.521500118060895,2.6392659825912093
0.5333153154591108,0.5709392856164305,-0.7000129500088164,1.1366765676301789,-0.6053528290631274,-0.8218183258937549
0.46646893680815976,-0.5489359896193309,0.8289985408669299,0.8574199347675453,1.0095826965242758,-1.3854064735262857
0.28830553297331957,-1.1140374690073196,-0.8518642054316333,0.6695799842216749,-0.8767111561613701,-1.6609342906806865
-1.0598341060844798,-0.5398037462580872,-1.0093159474478703,-1.9397937703012906,-1.3395366269388564,1.72792421515936
0.4467477783192436,-0.661613077283429,-1.0806222857011203,0.8740412628739648,-1.0744864959521283,-1.4477373995010503
-0.4106378392426112,0.3094233166265011,0.06268558969115717,-0.7403304325063357,-0.06361293451826844,0.9304403924283069
-0.3945996616703822,-0.2504884891722998,-1.9342613992925157,-0.732400876554519,-2.0139318266250585,0.5671676090986821
1.3894202879444602,-2.2126624061599163,-0.03620481264754519,2.6523382671865186,0.3186148109930311,-4.5836835069474375
-2.552552715954376,2.0611842439472414,-0.39815240820449754,-5.0331817849688,-1.0090961507205327,6.901934652101564
0.414056921536587,0.40800134501658347,0.5256926455366353,0.815399626419706,0.6708792483141437,-0.5411874789644906
-2.8126469893977606,1.7660323618162925,1.1480084936422335,-5.312909603034795,0.5105965493802789,6.988202612179504
-0.22384199207679345,-2.357022042772816,-0.5442452632491707,-0.20106139820730756,-0.6810680709391049,-1.7560591130604728
-0.5335415381508376,0.26832467252981995,0.8486752735197195,-0.9224328241611687,0.816413119457104,1.1628754666879866
-0.4689348296894682,-1.6800968010022317,-1.0445935532802861,-0.7925843454632412,-1.185308784527978,-0.5464131876393622
-0.23449456201637264,-1.0951923640494023,0.3602519854096081,-0.48507909662694026,0.3241869298400916,-0.38336818373690795
2.720987619750951,-1.822467637542118,-0.0564479177715152,5.161926669436514,0.6227020283590993,-6.913289016006133
0.19895671807106052,2.6649606735973546,-0.017338985407779298,0.3706081171530779,0.19736629080536588,2.115270825010058
0.9256040743775696,0.07293863473134246,-0.47300470432263475,1.7925095662550652,-0.3303588062510018,-1.8231090312718734
-0.36459972631365345,1.0230042821757268,-0.7165818887002898,-0.7176862412383891,-0.8775363318113336,1.6137420651153498
0.08544196638436173,-0.8127119493925757,0.4235746264566734,0.11157150150884437,0.4559264437663755,-0.8142470257834211
-1.5185488738246478,1.7446964210402802,2.8075131734213135,-2.8126657823105377,2.2878263776071486,4.3385481296607935
0.7017267038875844,0.6577514477122604,-0.678410657837106,1.4737683459995732,-0.5205600400292354,-1.1528363527487093
-0.12920320703302018,0.07388315418910306,1.4448088632234601,-0.16554316244364314,1.4838158709057228,0.360669318535482
0.07401319060660841,0.46332049851432744,0.776096074356206,0.121248048529013,0.8787669496140107,0.2571830966818978
-0.9545539020805622,0.5387583041406966,0.7902521405119329,-1.7559089310378613,0.6369695122621255,2.2228269699704786
0.6705960267735112,-0.14341378482202888,0.0856293046690722,1.268668059450504,0.2669725681649403,-1.4793222972047115
-0.7892831060911782,-0.3716048239700012,0.6257561916746356,-1.5881986377409356,0.4607544723589045,1.2447299175037752
-0.294523607427876,1.4566418094369449,0.8192605911449155,-0.6446821217334054,0.8245065616276961,1.867654998764562
0.510986932886909,0.36146951490501655,-0.8322920006322317,1.1007254819472636,-0.7424364418340137,-0.9422684014708552
0.305251920900756,-1.4587026328145623,0.513184661252476,0.6685665413575325,0.5899752792468316,-1.8884136373928917
0.4121873347468888,0.8287259759197293,0.6745664581510097,0.7874893482622005,0.8277865210678376,-0.1949235285475864
-1.182378443584731,-0.45136381387640107,0.5187146824007952,-2.313014239768892,0.2958696428666259,1.9555053254471293
0.6984106945507491,0.35501326728087756,2.6006992006853866,1.2405220320878465,2.85271022850104,-0.9029608277913612
