sem_0,sem_1,sem_2,sem_3,sem_4,sem_5
-0.09547568209908469,-0.7857110133978382,-1.405806394230969,-1.333542852724416,-0.8866899944959818,2.114519376408153
0.38294110252147834,0.5038558081386156,0.9616398423662543,1.2683980808124025,0.39004762453988473,-1.3945819120078724
-0.747207920634462,-0.37496592040213417,0.517140460863985,-0.0019128859211205648,0.8343278271823976,-0.092936020986016
0.23357633891483096,0.6535909988713755,0.650773396201503,0.8245591829511033,-0.051821631641559944,-1.405906936851891
-1.9217432292136685,-0.575750394902285,2.6953450669277266,0.9375646911639062,2.994989979739197,-2.137454714775522
-0.21187448921217794,-0.1543743709006329,0.11526166575454384,-0.11080049439687467,-0.04490708300371905,0.16566908694485927
-1.0507325098999964,-0.7211981387166599,1.5234112457330415,0.41493329321136097,2.1756587576918758,-0.6048579565346281
0.2948525844189303,-0.7596868163927879,-0.5441096009420028,-0.33390955045047954,0.15788621097349026,1.5091759758570447
0.9954242585569795,-0.44683191881383205,0.4086702190118216,1.299280605049725,0.892684604328727,0.4008813040214856
-1.331787072397765,2.8195538124967943,4.699520835457293,3.562147394187371,2.8193539533972105,-8.775577687393758
-0.41774007225132026,-0.7096128646954165,0.40657111700861853,-0.13455695040852572,0.9940068396463386,0.7239703085579484
-0.027714285677773773,0.46659415720582026,-1.1898400538742386,-1.2593962514476356,-1.6714574180485748,1.1431549764559847
-0.1893714585745729,-1.5302314364894902,-0.5477565944543358,-0.7587420071652482,0.8797429938119233,2.5708103529286546
-2.3879774381095933,-0.3452813032313215,3.6482673312975766,1.5082029620180342,3.745102108839733,-3.5172618038104293
0.0460672428978836,-0.1324450220719914,1.2091811478757526,1.1231432324688566,1.2622626530212286,-0.8608673567265233
0.3948031356404788,-0.09404573778646946,-1.7484111309285826,-1.2771944567565214,-1.8403629773852457,2.1353281522226855
0.8721019306334398,0.577730265629999,-1.7567084748022075,-0.9575253273805329,-2.2456461827685676,1.3874074390790156
1.1450782308033323,2.2656662779780974,-0.9529943334711485,0.6169039389631844,-2.9813132522164882,-2.0468398510107138
-0.06370420761610766,-0.0881932449193057,-0.8607337265914857,-0.7945853183262658,-0.9090001790664155,0.8467859430489293
-1.7594121764254058,0.7077258951465589,2.658588002278652,1.0985383247609946,2.3957344891303243,-3.6308386987290713
0.39925515650728133,-0.010634779781451428,-1.8849111363798638,-1.3888156417324111,-2.0238503808587733,2.2431191540596895
0.2020487176036887,0.39074605372295224,-0.9280962951679338,-0.6615808176623214,-1.1796558204028673,0.8407898156170603
-0.925533531459383,-0.8758921378084138,2.3180543336761583,1.068005783041103,3.1176327364894334,-1.0512583017226564
-0.3663821048762154,-1.0457871836326114,-0.7737109522592507,-1.013617394715572,0.024282473771592893,1.9751438034289333
0.7373423960028224,1.3112179260948316,-0.9498797511560144,-0.38397726285410605,-2.0363931740650205,-0.3108318359857215
-0.8850443287655342,-0.8864733279571708,0.9892020255491781,0.019493477674072394,1.7663939761572516,0.31588502342536373
1.7017390990046672,-2.2418071390045724,-3.971580855448341,-2.031946035642001,-1.000431419335689,7.33168834213669
0.42424596244360974,-0.3933209047972858,1.125679474417107,1.3157260629712246,1.5104180468704538,-0.24180274017618827
-0.6525537998283119,0.7051650643235755,3.3450510931381507,2.272883220773364,3.236907718070249,-4.191738098164956
-0.7696333668077722,-0.9259509344898591,-0.11857588905631575,-0.9321366295788296,0.397274514473649,1.7036078046393552
-0.09518718216275696,-0.34434269017341246,0.08963130833542465,-0.2405513062137339,0.12496077561855774,0.5142825179347265
-2.0810310213777217,1.3510168358884656,4.685590879241295,2.4865607561292804,3.6801866315254297,-6.609745004452277
0.17189058844166288,-1.141362114692657,-1.284238443172168,-1.321739496971803,-0.385812223363677,2.7763730298623064
0.8302641339000667,2.183859203554942,1.7319550113225948,2.409216564765677,-0.22794420219637676,-5.139681443803601
-0.009982136573310972,0.5387316874181173,1.389482698867475,0.9158194423918518,0.7635343749391731,-1.8166245140339083
1.0305788245068457,0.48287173618512125,-1.9134407203784254,-0.973852036882616,-2.2786872572153554,1.6097001948240002
-0.9352287052495186,0.66274280363952,1.134621818749158,0.3504195262719779,0.6564268505550134,-2.0026850884326017
0.37369977356588824,1.5294055696128925,2.1805539376561383,2.2148594295401023,0.9395952140768288,-4.009651066532267
-0.9729228148607053,1.7482930891365867,3.3981524332771316,2.4426624104934866,2.164724578425359,-5.859098531972545
0.21643869492226667,1.6244107230253881,-0.3638519310791717,0.13558357600104898,-1.6793139095452787,-1.6609518157279253
-0.9933446593781006,0.4355793588007778,1.5809810524311307,0.737620883519467,1.4593130705138104,-2.123828109082469
-1.160502685589546,-0.7127400055442101,2.1388055511863686,0.8949629820910509,2.8293958320468153,-1.2269374737938672
-0.14167952980082807,0.7583907336090656,0.45391027100841747,0.31156960158477703,-0.32768918191508756,-1.2977814014285745
0.9741944333556323,-0.05361474564363944,-1.6364449622416848,-0.6110305166502507,-1.520135952442009,1.657490104866746
-0.6228676244103447,1.195632148283117,1.992966464477903,1.2677169161774122,0.9224769102545018,-3.517332542404345
0.3116005518944006,-2.232681445632646,-0.8299065068652361,-0.24382766952953636,1.3183053644841172,3.852982074091841
-2.5774172925177794,1.5407721619349601,5.830342708106305,3.057388221792457,4.5507761445372585,-8.047309739301175
-1.4691763906117425,0.47684033819851795,1.0805111546592188,-0.24236570204254662,0.7449953971394628,-1.81232660307003
-0.23293106213995662,-1.296891933076162,-2.1950222032522726,-2.305079925658971,-0.8972319962937956,3.472748611242073
0.4389384502429352,0.2209196578717188,0.9253580769594402,1.1425880257687944,0.6055834545898319,-0.7947784254939767
-0.5616709762699507,0.2004049155764682,2.4844379086584283,1.6787677784700266,2.67981573445676,-2.2294302086328606
-0.17963282664420568,-0.08869814965906093,1.297508278383259,1.117274947731144,1.5015051125029795,-1.1414054378006515
0.3168001411346326,0.26859267960396144,0.7742076655672384,1.0750011795394459,0.37280190389036866,-0.9830028552293626
-1.6444000021315084,1.1762202482165298,2.2723091819055656,0.8233697615483114,1.4314597546052654,-3.8969145079760064
1.8962318235021571,-0.43287555779426745,-3.159318996054583,-1.3566943271030771,-2.9797296668448454,3.777633468945146
0.14253102957472888,1.2003288858996763,0.38248328884086397,0.5577402384367527,-0.6181452944509305,-1.735005517583568
0.05874423322486629,-0.3020911019774282,1.7436787160035572,1.594703874576967,2.125055724724632,-0.9368288590630853
0.27691081234729964,1.28196665347627,-0.3841678861342498,0.019544292547952983,-1.3814902033488672,-0.9808487957163243
-0.23247690037270466,0.040783331321265895,0.5564702157880045,0.2391183967098705,0.3937700684473144,-0.5429779039629594
-1.4816287165914666,1.0920863675797,3.175500068915092,1.7177668354243665,2.490266604965127,-4.655380245716104
-0.8293400052032327,-0.5930178712413607,0.9428129263220344,0.1940529490415764,1.473321935017986,-0.18294359143764058
-0.7197067899550131,-0.055262203822808595,3.4578398296286053,2.6118391013569227,4.0767020394864515,-3.051650438672617
-0.6902792595843573,-1.1461939941812735,-0.8684106170491467,-1.2004609528324766,-0.23921162914163752,2.411759792377226
-1.0519333080648927,0.5228145513219349,1.645074540759069,0.7502555006955531,1.4326138226322864,-2.316371352229581
0.3758105221557347,1.378607053293432,-0.13225605401309284,0.32982822071167434,-1.2506648447498872,-1.4043317729708271
0.4855415521333797,-1.2178758477734555,-2.622664949282254,-2.0980371013172587,-1.7114059844107605,4.0409385439727865
0.3052387819271727,-0.12390748506673428,-2.1815215428494192,-1.7986623198311171,-2.224764277432369,2.5272912855908163
-0.1324359938679397,0.5845553112287243,0.1394394597557097,0.011660268302522689,-0.4836888863142434,-0.796599467697632
0.39953873424033504,0.061989413793603856,-0.7493477829574282,-0.15958268397371705,-0.9071022112003319,0.6703163969464825
0.077109177412023,-0.9610455126489257,-0.03766923033678257,0.03181994561296923,0.9196727768523854,1.0978650522943099
0.37739291913799866,-1.054487519455668,-1.0788594293037899,-0.9157974336868776,-0.3442668008552837,2.4991170380474723
0.5368920880866025,-0.6506059611322514,-0.9148317409847898,-0.4536913439642184,-0.48609673272037357,1.7241762791880808
-0.27050594925567645,0.49563669258425924,2.123479639750925,1.4501220167365947,1.9412761835867844,-2.288704064746852
1.57089900165818,1.9938361775467195,-1.0049092936530948,0.8592727362999919,-2.978347436078924,-2.0246067609148386
-0.23685700620138428,1.6287929714183804,1.4698581055824158,1.2002370863608645,0.0858600175932402,-3.5675913568199786
0.7382469449116388,-2.379280484587157,-2.6591667167028072,-1.7310802545590032,-0.31634147689222736,6.095714214659376
0.4041294191758181,-0.7280862212490322,0.4346544927700659,0.8336759477138433,1.0268016213293405,0.2296440292896822
-0.12794664278099527,0.2773788547959156,0.3272570203138767,0.1640735889709363,0.0023428595304013904,-0.5524531907698566
-0.43683319983536745,-0.5496574303268859,2.004784891323223,1.472635628263893,2.497260203950222,-1.080490074800958
0.5563995785534057,-2.228013521170335,-2.664439139821433,-2.005173237439093,-0.6406497470943184,5.623495634664776
-0.24794621676432294,0.6486965478513849,0.9682075869052407,0.5436769891413464,0.21661511024190203,-1.6353033340528418
-0.2275462808752964,-1.1408287965946289,-0.3628218223613961,-0.5198173843375132,0.6191101993477184,1.7689782389176414
0.0841117794886845,-1.9554162194376634,-1.2810750360296792,-1.169542936293526,0.4364788495083586,4.130087752795336
0.5729104487105254,-0.13790491837426547,-1.8037093885240918,-1.1724337667192077,-1.661915704080606,1.9821315175712946
1.12434860248603,-0.27242739158065854,-3.3532955075795856,-1.9488030155459055,-3.5603906743320946,3.3957477113129486
0.27244665810590385,-0.8698495901048511,-0.2932388149369609,-0.13792776620157904,0.5305124129464446,1.348500134908302
-0.6910328847607492,1.1071606020103808,1.150564531200955,0.4025660024427169,0.00469865276121908,-2.5414563999998583
-1.24014218107893,-0.2655056286350229,0.21410515054168175,-1.1171668803435368,0.24853737813434063,0.06866801043778693
-0.6952476663911809,0.4569298965531431,0.5246939390267862,-0.1579712961088024,0.09826570552507531,-1.0530914342601154
-0.682138426976647,-0.7022667554520952,-1.5897181201140773,-2.026325999206027,-1.1399571438067826,2.4711362982858813
0.1733531897320636,0.49113217211374693,-1.272759445165811,-1.0788766379313177,-1.675368357029714,1.1284251262071854
-0.4024740691756279,1.2497128976999332,3.139950441024985,2.309465558375094,2.5070744763514816,-4.898883219911016
0.7725146270144415,-2.326857502458534,-1.0477555652541977,-0.03622250232584707,0.8503043643544635,4.530720192068091
-1.3147569623055482,-0.5362929575294472,1.7797366376840222,0.7220579045669293,2.281327790892613,-1.237108924732396
-1.0032423850072985,0.948090974773463,2.0022134737505857,1.037039030877758,1.2617402738637054,-3.221552626430481
-0.4464829601399029,1.760495113480856,0.28963813504099334,0.06730627861404358,-1.2630159770648859,-2.4314658865560728
1.1844042015027314,-1.661568365183277,-4.617265834242076,-2.9284581253829867,-3.419344654105767,6.9303184461222145
0.25790848720779164,0.334894577479703,-1.2689050282884593,-0.9185928469791914,-1.5249651989998982,1.2811041202909101
0.39431518574121177,0.9268606489153405,0.8247782282745717,1.2200035297843692,-0.04590655318312689,-1.9683954656808034
-0.8636930902936704,0.10157687452020056,1.6251691507743569,0.7939337592795166,1.6524107771257666,-1.7875888154074364
0.1484860622644008,-1.5846382136650754,0.979431657344882,1.4332027374782017,2.5816213580485425,0.6960159130164244
-0.3649973926187767,2.7682004511104026,1.0824550676245137,0.9831398274962531,-1.6920234694500826,-4.637181390664236
1.0946173104870545,-0.9141776451136987,-0.5888578884705759,0.2505994923178721,0.427806774930695,2.194872978391431
-0.12146125790330956,-0.536060877458104,0.270841267663897,-0.08257739943446125,0.5598444055059265,0.6652618024750856
-0.04916745594037218,-1.2184294563997826,-0.5831861251324353,-0.7739300663222017,0.6207979285001797,2.069992325727214
0.22251229340043335,-0.4436617663662189,-1.1044738325463221,-0.8568534335229924,-0.8123920130302473,1.4118759907731262
-0.5299625283528094,0.8907480487220644,1.1509726589148475,0.5022155357869277,0.19015066701106462,-2.1984913692265455
0.29949047656883915,-0.2744476634216321,-0.5826107201428063,-0.40895530059299134,-0.5007952311899053,0.8849528918278587
-0.3617130379426309,-0.7990161300244758,0.9258494548182815,0.2706691981050359,1.5874051462497873,0.29402157586344757
-1.8379291623410827,-0.969733594164011,1.7448052774361953,0.1378530874308403,2.63831758032998,-0.47807009523721433
-0.16634075696611023,-2.3067748750519526,-0.2371281600081682,-0.14205134013809184,2.0665583794261972,3.082177074772986
-1.1203001773197414,1.8523529646655514,2.8015692422554737,1.7900604379900356,1.3576348076000113,-5.304378130403295
0.23089422896069117,1.8137347610991825,0.45004362251637076,0.8356636052754666,-1.1322396633086886,-2.8534958587566543
-0.4985775478031467,0.5600433729127362,1.7854986652559681,1.171864201296891,1.348439623608029,-2.4497163988481248
0.6367752473147563,0.9655329818907556,0.25733433656253507,0.6583148891254367,-0.25407735795914377,-1.3308095937741102
0.21682070948134596,-0.9430737277015265,-1.5317004702783843,-1.3505274525096156,-0.9762193874882922,2.6580580084788954
-0.09280870603581078,-1.5201696857442348,-1.4881593193823193,-1.6690362026791068,-0.3204051687160893,3.671442803452113
-0.2828890701816567,-0.16955269114783936,1.8384325428235353,1.5666580733525566,2.269167368538704,-1.275347266555966
0.12228142710234026,1.2661612842173333,1.6022158734353096,1.6726136896365857,0.5722572502227352,-3.2286268931022315
-0.3839950097085651,1.0104435701073233,1.378260520772951,0.8129581713410758,0.3222470242370051,-2.572817008052617
-0.6134146345024721,0.5006453032820334,2.286788524424739,1.4921238540086257,2.158878208909624,-2.832499915455827
-1.8361879034129356,-1.845312720071771,2.9994349887468337,0.4368149282077557,4.7798397261515095,0.009528761899486336
-2.145097578693216,-2.6085384655447528,1.4303358123460395,0.10081687140039976,3.655417431185369,1.543626492158068
-1.4651632997651258,-0.8424058805964487,1.9890833381938025,0.5534503068816136,2.7745724545902806,-0.9076346549102512
-1.2176425159159379,-1.1240094079398364,-0.09208745645793485,-0.884129500522813,0.3642944007353408,1.7300729343861248
0.2313714575516179,0.7545081455282385,0.9211282868651471,1.041964108505428,0.15672116342940784,-1.8051341576947828
-0.2654485047281164,0.978106712169788,1.874988797026397,1.3588688772612554,0.9461753988955558,-3.107231784138509
-1.1311801027134125,1.4049264595640782,2.4539990947838444,1.4047559625245711,1.3417945690682094,-4.306407015197547
-0.43205772117271646,0.5009044485880894,1.8115747004697396,1.2032513213015719,1.4663242667079088,-2.3639211169086427
-1.1525291254066772,0.29015975196877697,1.0118559035332464,-0.10709344839509535,0.7879959280114838,-1.4423898758687106
1.1250315706578629,-2.6994126643996657,-4.400926851020425,-2.8321833225430364,-1.4719485626392743,8.847111955629796
-1.3842341059765406,1.1089625067229893,2.0047519154441895,0.771380807308541,1.1556837472388692,-3.5108822387799155
0.5775519759535226,-0.18843058024391385,-1.127886195185652,-0.5932983620880008,-1.1817666785914964,1.3119896990217415
-1.6008474237254173,2.596864151810734,3.2077618672593746,1.7543261140362392,1.196859497369536,-6.778945156595102
0.08843485771652458,-0.6683432552751892,-0.5204496249305101,-0.5222316558694475,0.1230292599747524,1.1420592294055594
0.7003560265526866,0.47561628217344615,-0.48612951898967327,0.1826172615914324,-0.5839180741638258,0.12187625270059946
-0.882372650789359,-0.8026457598072059,1.0833123954815471,0.13286094288309563,1.7859089498635474,0.046003436520473506
0.1181235866044988,-0.1861348084148343,-1.833150407798075,-1.6467394128741029,-1.982897372884092,2.320299899827984
1.7504659987309734,0.30339230397407796,-2.4167721945796177,-0.2568898390503703,-2.440631475797016,1.9575424179458223
-0.8022027265836701,-1.2584153375206046,1.0980738462692485,-0.06423962502038774,2.2855751899893058,0.9203637726163125
-1.8776645196814559,1.1619181594142185,3.873791980948066,1.966448423481901,3.0759578974469783,-5.476093918733619
-1.609082447088991,0.5671310960492546,1.8149392119905265,0.49794939328336696,1.6613118768238033,-2.6506701652169435
0.1311286413534258,-0.907681222761536,1.598359588956585,1.5553482808779313,2.1170224288887827,0.15066245403782402
-0.06945415404480235,-0.6951593834907724,-1.6077256033870433,-1.4143324438867677,-1.2657809715826052,2.145164632874285
-0.0005308828657746593,-0.2062415292209652,-1.4075045808475213,-1.2703146640643113,-1.5401482474480126,1.5811452422563523
1.9340805771721352,-0.18102712774459034,-2.813992886144508,-0.9649644077506051,-2.741831582258149,3.258133955484333
-1.5804871220804466,-0.5322945128572426,1.9329312521236555,0.5266916364203472,2.347322801884926,-1.3898330647182744
-0.2419167540848834,-2.312209305221357,-0.31581903464519046,-0.26571664544293727,1.9093113601215508,3.1661135038479102
0.8346330160362123,-0.5109059831623968,-0.3349345686524693,0.22070040601404906,0.21546944531650392,1.2371640565560336
-0.9198181966897585,-0.6669974660858052,-0.11699230993118838,-0.6998727813058948,0.30978798150990516,1.0874172821637909
-0.8905438525004357,-0.6776506724124093,1.2166044576712138,0.2987310100255207,1.8279469991760435,-0.32337844092946855
1.3838911298258048,0.35946701216569316,-1.9651924801045497,-0.43077555265579326,-2.1084527638906216,1.5242906926557378
-0.07573720124985162,-0.7468698813551558,0.3681586094753278,-0.012942557286220482,0.8830599077783664,0.7700526316794035
-2.1014577791580433,1.0656403615095296,2.29414261308135,0.5609421901397138,1.7189890567244093,-3.8476426085017885
0.9479142813213112,0.46997517825271196,-0.15230025307906997,0.737371140657328,-0.16525725702482416,-0.5212276073146366
2.1081723523219753,0.15245429325472915,-3.0263736255078455,-0.6630522468825485,-2.874919548958247,2.993618234691348
0.26828694410639936,0.9103289319169731,0.12537661878078235,0.3381712512040554,-0.649903209957951,-1.0838945672278915
-1.0252177281677617,1.5473802350903343,2.5013982301377284,1.5340819846313785,1.257288659749312,-4.55473250755199
0.5774884062523384,-0.17981603691564382,-2.1845434209966004,-1.3901759600005903,-2.031558616328398,2.2384642283424707
1.2886679551830738,0.24665004975420965,-0.2601707805899477,0.3721484365730338,-0.30203208699071865,-0.2549440137681207
0.10544171075615127,0.39297604950604975,-0.1151760377793378,0.07096832073271991,-0.44752480561617364,-0.278110260855849
2.2769894105172113,-1.6075383086667154,-6.16767305530748,-3.726172719816185,-4.853162317476737,8.917594729838429
1.3383860545487505,-0.5332015754857403,-4.022545041378918,-2.573565701111459,-4.169302951410495,4.424796340133285
0.894119156616033,0.8790017111707502,-0.9897254538183486,-0.2503578347015813,-1.6222509349390817,0.19334621963723467
0.8912071536931584,0.8230631684394758,-0.5792194946336474,0.06426792658875438,-1.025525986033712,-0.2014157529915069
0.08518288325993667,1.0461169099313743,0.3249385924091634,0.45815167080386066,-0.5380108993145567,-1.5684592264130484
-0.4921496360315835,-0.28562280067721235,0.9549848485925202,0.5382354938704794,1.3198029829365652,-0.5933717772964017
0.1773337032919031,-1.6648428769560792,-2.9468745772776685,-2.6338626656753306,-1.7495070163471371,4.764579993977777
-1.833886036083991,-0.4043634198715112,2.0359548505773817,0.21242499092458828,2.1671764836159593,-1.6893673966424758
-1.182610178515709,0.7120540768345548,1.9169848389136932,0.8791794414414169,1.5212881194670058,-2.8526445080923213
0.3151374643728824,-0.09116216245702331,-0.6128257438673144,-0.30740586402275955,-0.7261834433675313,0.6612977140616456
0.851601482462784,-0.883401777412226,-1.0830750383351333,-0.30868854236425824,-0.4278619663814421,2.464530035257751
-0.9176133102582308,-0.3471109235891043,0.6291563277183814,-0.15149012739706286,0.9267135868219567,-0.2551083969310539
0.5543697808596844,1.2404877516610975,0.6595113914485036,1.1388367540798665,-0.23159101741498664,-2.347872906523666
-0.8630248377077273,-1.2207282672461885,2.387771597900151,1.075478544959009,3.3643327254148314,-0.45826678234036566
0.804816975462017,-0.2029952551384397,-0.931785469988143,-0.30931387741330285,-0.8186813180545802,1.1379021485193213
-0.857133475803889,-1.0902976373864073,0.7250350595404776,-0.2675501589007226,1.6818558311462526,1.015357585873481
1.5867488610493636,-0.227943769479838,-2.3395354089733114,-0.732762951696283,-2.164082507374221,2.702569818362283
-0.9404135297825166,-0.7934214843461606,3.3173096040538375,0.7064007354402507,2.953767915455497,1.865996588306978
-0.2597475845890778,0.47361772430696386,2.0864106715749724,1.4319156383058718,1.921952392113454,-2.204639534889378
0.5045025645864277,0.4234465695729625,-1.4762688605104572,-0.8768256324747252,-1.8619064597875463,1.3559619362517397
0.8384865904914899,-0.9478018984321726,-2.787301371194519,-1.6975898657386053,-2.089827079491664,3.879075411194927
1.349865388501871,0.9995471602417094,-1.8429406264987007,-0.7946529089797566,-2.6542836520396884,0.8443376463857355
-0.33435235995896045,-0.13441893142304528,0.4005110199562899,0.13224265089022635,0.3868322965845662,-0.21338834284540922
-0.09858923423614706,1.285110344352047,-0.02830869217721715,0.03522907294838179,-1.1431902641435587,-1.3933439125920737
3.2393014568734513,2.4109050728307357,-4.062983014722912,0.3869721393460604,-7.48563373083698,-1.5946509167872194
0.6013339279615472,-0.994645882885538,-1.1617540592654423,-0.6446068280386292,-0.5293119356467166,2.511950685998813
0.24623757548444553,-1.0156867321208012,0.009023530074969775,0.18662270930165112,1.0460798423253999,1.1748391487899281
1.6280852153072196,1.135862463447874,-2.1426920950287176,-0.8105480068311554,-3.073280759564677,0.8508416689575916
-0.17740039014491144,-0.9310015386112998,-1.405972451785303,-1.532842462247626,-0.6791947142084004,2.416890559623245
-0.8218700490060055,-0.2180422226138768,2.372817122664368,1.8099429503453839,2.772724359741351,-2.039734560134775
-0.10088385197291996,0.801432178973875,1.9397206049777211,1.3627400158304879,1.3345053243622969,-2.7079489683129916
1.7322434784887546,-1.9172285286739568,-5.033155198194294,-2.874334323970267,-3.020922201710284,8.106083310213137
-0.03564825658480147,-1.751763375779773,-0.7709152771324984,-0.7678291125127977,0.9401084620182848,3.0172078126248096
-1.378422854124326,-0.10180721476138262,3.915610818834414,2.4517135145045135,4.400480052982258,-3.388508980099335
0.48288367039347,-0.804494716152314,-0.33386457602312114,-0.07667700284080269,0.4258289189552778,1.528447718448155
-0.10311394980281259,0.0612294340695657,1.2930328135656959,1.1623452833109345,1.3309133248891158,-1.2305183772714385
0.4244279538922007,0.6568358576866122,-1.6860295850457017,-1.2761223196053555,-2.4288444556435738,1.2728568073081468
0.07657786977945161,0.9820887183449776,-0.1541020523228015,-0.006483912244530354,-0.9436847327869787,-0.8700970563055354
-0.6642870736233403,1.866953180644445,3.0797162114403873,2.3435989931066556,1.6488093131122188,-5.666144885514663
-0.5139317432487317,0.3702732430645918,1.6295037434477604,1.0843969444126402,1.4514109911734752,-2.029498094530095
-1.3984464592196248,-0.7633675705741613,2.60186214762981,1.181619262449997,3.3450300598237797,-1.6408601980187472
0.12811969548394522,-0.33219137912490665,-1.1083959601169329,-0.9815966412583625,-1.0242943522747958,1.4212079600135723
0.47143794077384105,-0.2344737601769154,-0.4667227595383772,-0.19779250837403708,-0.3778947524047094,0.7802066231899601
1.3807362172337792,0.47697151390192255,-0.2962236797249239,0.5483106445893811,-0.36066930921584495,-0.28282876420516734
-0.8294413442549298,1.1154549083325238,1.917872661886997,1.0626268667931371,0.936733129763662,-3.3222432598791354
0.5711251529744085,-0.048814557751122555,-1.8148932623779634,-1.147281412652895,-1.8305685907938054,1.9999495493890609
0.22526085185987962,0.26138374540198206,-1.3182484751917778,-0.9962530637132754,-1.5948222065966018,1.4412587421067904
-1.92305658469056,-0.6643947289960883,1.0066383492833546,-0.9157626641660472,1.4477918676576718,-0.16496544069256797
-0.19490865429948118,1.270401935158454,0.13479478877307527,0.035833759017834976,-0.9071630874639325,-1.605257309023566
1.4813732834625266,-0.5988085813526303,-2.1062893180128497,-0.6110023365339887,-1.3501045113409882,3.0039465522812563
-0.7300093908268467,2.2329630624955663,2.4406820828110174,1.4918076680180328,0.5175405643539769,-5.456574378606609
-0.04299915802061877,-1.3704567000034138,-0.5379283602612729,-0.7165789836032285,0.8411189829933271,2.2634530975050318
1.0332146558107864,1.889517099837647,-0.7008470629317338,0.3853474173442868,-2.0676578410270405,-1.44614400050209
-1.1142259230443834,0.10369065071349037,2.314801597862421,1.1981854852010319,2.3708826043741063,-2.4238119676638172
0.10585117607794231,-0.9975362698598503,-2.091162932677083,-1.9359569017755125,-1.3934660632241462,3.0858747816846277
0.20233464405905188,0.19099002353183742,-1.0388842193343084,-0.7307005443615399,-1.195710274028579,1.1215995635612475
0.11948456999110388,-0.26049980478410667,-0.18631689563928064,-0.11658420864087027,-0.02545503146342641,0.31825921159114334
0.05254539065002359,-0.026038593265631807,-0.30140858996433,-0.1082205671529424,-0.3550230031705706,0.23562716201624126
0.2806631522909293,-1.188091069609383,-2.4013300574333867,-2.0793591955482547,-1.597414072000545,3.637658412385487
1.5049192663178401,-0.6134950057342624,-3.971715981535768,-2.4291047547070224,-3.953273125932917,4.564228678436816
-1.10124680531145,1.8408131721585952,2.2345683491907944,1.175818030373439,0.6616924161930158,-4.680293091910642
-0.6237065864075363,-0.2961362924927461,0.2991641125883104,-0.1617283776628523,0.44170678981461636,0.0544436082661093
0.3191106506699227,-1.7568981553035505,-0.17789044776283633,0.2864477894771358,1.6359279696908502,2.3082697486795585
1.142790865554099,0.6166929083148167,-0.9908885814245554,0.10164662326012172,-1.3236787421246343,0.43220648842696696
0.020432818065699458,-0.7015895957134753,-1.425689430434586,-1.2231830526246406,-1.0604387790540224,2.0307667140067336
-0.6991037598344212,0.11898706173001505,1.0037099957724642,0.30273187562107473,0.9490973089738134,-1.1552947234579092
0.7028575139028883,0.7774295311676307,-1.187568222932932,-0.5776832406726398,-1.8083785346451888,0.5840115930591295
-0.6671330968645923,-0.9022487405786337,0.9402329967796121,0.05295611053038807,1.7296511216738462,0.4396176683798966
-0.25180435080163627,-0.5087954513021933,0.087079417642059,-0.3178903137184524,0.3433405684999188,0.8316493469961319
-0.49459762029040955,-0.5138550839273636,0.04426709980493082,-0.3886700968871947,0.30488162777216826,0.7534134555457088
0.6212838031728818,1.0604255275846854,-0.5478856069787765,-0.14215622514984408,-1.3156491987314456,-0.4042303020474457
-0.16072894388204484,-0.07741564085570211,-1.907357113694965,-2.13565594937583,-2.1124162790395267,2.306833048498589
-0.7690196794943241,1.0771622977082476,3.164641153062295,2.1476231265329595,2.591297364436304,-4.562064956308953
0.15380279963875854,-1.2901861391494893,0.9728659294399874,1.4091819258559686,2.2513684748317453,0.3583041552191708
0.46889847399757845,-0.22625662613764008,-0.37981388944384076,-0.12314599795852456,-0.24276583584956585,0.6907405029675917
2.006063630151786,-1.3374756809042945,-3.1230043995638295,-1.2349977352611066,-1.7669055348972367,4.933545831937853
1.922246291053174,-0.019566874744870257,-2.021613187264302,-0.23149918051801258,-1.725398557690843,2.147595354501156
-0.2029549948457812,-0.3361176275653124,-0.36036015016438694,-0.6813454147577994,-0.3885514233938051,0.8852786805577918
0.3997381410136038,1.1540148178950842,-1.4555614595222601,-1.0084370567266305,-2.859978944449589,0.22992462572923816
0.6241306790654326,0.8558592102327861,-0.2980652091638927,0.10912729086123799,-0.7367199516328939,-0.4602435828316168
-1.6574495040454678,1.2763372008907827,2.4916007988253384,0.9895674611689316,1.5465538813787807,-4.239071875830337
-1.285016240133219,0.18135827366926002,3.142016842975808,1.751544457909615,3.1501117891450576,-3.36382738244544
-0.4317685862275975,-0.8881042782062392,0.6335217213777594,-0.03252081668714262,1.349668550269506,0.7330141181951012
0.7621654919844003,-0.9335711330116778,-0.8366595003995596,-0.2747290123650281,-0.047442785013113,2.3544207710252794
0.24038591837833356,0.05080203923521181,0.7208497883423091,0.795205265394282,0.48216352577868776,-0.6530697456203785
0.5992812084073496,0.29575243292802444,-1.5399070539649922,-0.801483189892014,-1.8504824323850426,1.5198870806559166
-0.2944131891483326,-1.9097428126441767,-0.976815002936402,-0.9848907193456797,0.635528449959645,3.3216109771698434
-1.3519164767780414,-0.09892336382723388,1.5882308320223923,0.1757958338049046,1.5797729547706443,-1.573032740823996
-0.275285038158254,-0.8026531639031196,-0.388277935524189,-0.8568381657084821,0.2192606121669448,1.3971079224927825
0.024398416940879068,-0.33554675674650297,0.5775238266286755,0.3693529536499567,0.7042524889556374,-0.00978445254357839
-0.6591895967921227,1.8565886638381184,0.8298173548725564,0.18309170312606698,-0.8522513561300225,-3.2550804464472805
-0.798874564795051,-0.2784344904050564,-0.7933686104764149,-1.813928385635272,-1.0442518360481567,1.3623234313750123
-1.0168094585556973,-0.9897487047352093,1.3781131278442031,0.16779728690084733,2.2717047597545195,0.09744781673514259
0.2927065812345768,0.7377909517259797,-0.05636831706798827,0.222289801065561,-0.5471361769922183,-0.7721028307018913
0.4047989931309985,1.1935923207093366,0.5323820994909556,0.9475874454906535,-0.41497369161777875,-2.099682115113255
0.47068892977437443,0.6101835818992303,-1.267907649190998,-0.8077207556643904,-1.8156626773129063,0.8986043267188083
0.6401108812219518,-1.2933073426473107,-1.7442589168627984,-1.0619749285559532,-0.9448036499958681,3.4190063179632233
0.1430051832757881,-0.49278714317502126,0.13758785220146094,0.04212718710116878,0.4763195067388081,0.3284568697151343
0.7837001763526109,-0.23524546983561676,-1.506961571216519,-0.6212422700758105,-1.1589396841657569,1.7590796294652367
-0.0010529481662565178,-1.3313680704997601,-1.9249385683480447,-1.9736745956660888,-0.8487915259478128,3.5590714871836897
-2.175894367280681,0.7769900267472815,2.70226767153184,0.84845238474048,2.442940731449646,-3.8384980950905567
-1.8374964042372548,-1.096260075308258,1.9116963244506675,0.17163331086486494,2.932674949539949,-0.3925340302716148
0.21341291607672092,0.46063521868643953,1.3290579826262274,1.233280072392084,0.7980833891878126,-1.5356764204912474
1.3012999667941558,0.03610324509956661,-1.8531952401857028,-0.40097976137761737,-1.840094545382843,1.8034917616443478
-0.815405980538883,0.2575621263871341,2.0333387777310774,1.2564169365787357,2.0906665750225275,-2.304058886613995
1.307175978756985,0.6078853961255244,-0.1762357057141318,0.7816510687300299,-0.2603460620054893,-0.5521539234180687
-0.4571669091996095,1.218773612093427,0.6227309726835651,0.15307550721521881,-0.5935037795067796,-2.1781429713526594
-0.2618865893092879,1.1597623734012814,2.228724012886334,1.6978338603460894,1.2314410597599745,-3.739318482195484
-2.647951753793781,0.7096461217769326,4.320302480522152,1.7044814345718136,3.899913392693886,-5.297930062464855
0.4508415818345302,-2.3958583604313852,-3.078771491352244,-2.423336691170378,-1.050445787498334,6.170661918044101
1.3159177823601398,-0.6001303442498117,-1.7609360178818865,-0.4791883515958492,-0.8896465173351541,2.6361889787879402
-0.11163744936432214,0.6827769535652553,0.7879296965006763,0.5617705292056023,0.01586743472158822,-1.4874325944363906
1.7567430838838505,0.18543653636485158,-1.4828636149370398,0.28790820558429114,-1.293227068214027,0.9993001985467037
0.6024592584900793,-0.2075706238574479,-1.26611437369878,-0.674063522764518,-1.1883410788949904,1.4749174835332457
0.14341731087597678,0.25181210315540725,-0.5466104591733449,-0.21953208874697197,-0.6812421558692328,0.1961736444188564
0.6323698509498938,-0.011517332205496637,-1.9926401151260587,-1.2592834264662616,-2.026636669699289,2.07840216290768
-0.05319397140744471,0.21570989900218399,-1.3025194338211423,-1.3575258562171268,-1.6138487623300164,1.3985598841405509
1.518687361387614,1.709168724395127,-0.367978855971226,1.142497910420517,-1.8101547795606872,-2.1113176460937844
0.7168014779179861,1.7620672746241044,0.3255987408008677,0.9855554321058924,-1.154964598592585,-2.5220656335651896
-2.448969167807782,0.2733938539276059,4.717686787538945,2.1060382911211506,4.549792488249523,-5.090878487521477
-1.668844352949502,-1.1327955341979254,2.087126974846066,0.32329777487548095,3.150807211826249,-0.4696129564709003
-0.8320531023681448,-1.3612237385792736,-1.1804913875289638,-1.3628061020022224,-0.1742025950081881,2.843675969919678
0.7464776451409374,0.40997356501888027,-1.2209751711546684,-0.4094245258417554,-1.4821530004140822,1.0479949435608311
-0.732536262869033,-0.6581153606571322,0.5647866260401605,-0.06743312762759704,1.113802131299832,0.32948847359017086
-0.33530891202388763,0.6094783253397748,0.7593233364708679,0.32047535970630286,0.07925253134909101,-1.3989980498081116
0.0065697827497828605,1.23539976868668,-0.42967618577835115,-0.20431426906982428,-1.4047968258403987,-0.9866332122148778
1.0734909778931483,-1.478799405345153,-2.690672792002746,-1.611985841962181,-1.3914323928197776,4.591525797569731
-0.957459554042623,-0.7725981693148886,-0.4057105491662777,-0.9821787652684766,-0.11424253021817918,1.5815435378281126
0.3977591736814126,-0.6160257858296938,-0.9544444342940297,-0.5308984404964204,-0.5758614040546518,1.594203446234156
1.1163108517859126,2.218694181596797,-0.6511874282859774,0.8361421852481008,-2.52199490592795,-2.262184667489551
-2.1555831649681667,0.9537589475006206,2.6696785630630395,0.855071789071575,2.275173809550803,-4.051976762450392
-1.0661168734304245,1.1487900318983757,2.094082159566363,1.083473493211248,1.1590778287047778,-3.5954879033598237
-1.6295184671578054,-0.06678734368943054,1.5890139206866218,-0.14647824128609013,1.4849322154395255,-1.6654633949782471
0.6984898688300565,0.07379468295047253,-2.1263813771908078,-1.3050930151878666,-2.2686903238987117,2.1307031173192046
0.013907720437338268,-0.7511032990406614,-1.4226902417078888,-1.2809780052784419,-1.0062151061371423,2.1262924088721027
-1.2737972567384814,0.8686202085382101,2.8227453454825926,1.5800637539207902,2.3399852149055067,-3.9775487077378306
-0.60014293425419,0.09988219315227748,0.7722982861476032,0.14182874307873589,0.6689908143825888,-0.8906004881542369
-1.60522097534592,-1.397890797138801,2.2770019213513657,0.3105336471464178,3.5999628120141933,-0.11194555110609877
0.34523093494046553,-2.103110045390323,-0.6048755278077937,0.0027121926668917766,1.439730619315181,3.35400848324409
0.7507909164927495,2.2838713980604615,1.5378845205753409,2.240336886660613,-0.3123854717880898,-5.001724056192349
0.2183415458980859,0.48710827563887876,-0.5473059119458438,-0.31697320975126264,-0.7604729560374214,0.24409966473371975
-0.6160614792253151,1.1908773244017636,2.6035771952060087,1.8548489059625708,1.6686343923446811,-4.214484086877653
-0.45468031053347385,-1.4452742466388762,0.18241805651259685,-0.33500715447963325,1.5120567412946435,1.6743462284560426
1.0867672020426196,-0.6121003872092926,-1.3331606921449286,-0.1540443220722147,-0.7366106208283739,2.1272605953108843
-0.6958413610876,-0.7197270982260087,0.8721355677158367,0.11315393273798613,1.5038852784244992,0.1552953214218516
-0.8607017357264816,-0.0024627548411691007,3.9966625431385876,3.039803151902278,4.595391179431715,-3.873607441315339
0.41408828232066114,0.7812174091502689,-1.5416440063402395,-1.1626353545148278,-2.4540959572498555,0.9584885620676497
1.3679891527614823,-1.635317277687635,-4.0322441703188,-2.379232907712796,-2.2962616712794146,6.307113443331417
-0.20497090103231566,0.9679092002618379,3.0387272903419915,2.5418356940008446,2.7540721742789183,-4.88155325558661
-0.7459539857199674,0.1405451034523938,1.1403410675126942,0.4124176028271176,1.1073259042036074,-1.3220630078574183
-0.447818565122566,0.7245045801230494,1.8197596297959528,1.1705677591220862,1.1274225175433985,-2.6984689881232518
1.4214321865512063,0.08783403706114233,-2.163287109025642,-0.4857779569826169,-2.2048653905429947,2.0315901876707634
-0.6371861460731092,2.0329817314139933,2.2171490210396274,1.388356138312671,0.44478932417323536,-4.931162728796999
-1.3186620119076564,0.22177131464045605,1.493452254921593,0.2570869805730762,1.4137600386608526,-1.8887555625383416
0.0023678302675428885,-0.6398094563682822,0.49504925877646955,0.21551918014143828,0.9497363837005357,0.45501921328289174
1.2822726897490686,-1.1376603667396865,-0.32210457872500553,0.6774719483930075,1.0693320307704335,2.312467077471147
0.05734144874325155,-1.2417425021889754,-1.6450552876161395,-1.7059117830207475,-0.635505245381918,3.232307892828782
0.970472602920405,0.235074991883448,-1.4930243856484555,-0.5503024789707915,-1.7184219251351276,1.475774811327659
-1.7803229434041206,-0.16899194652186453,2.0896714328735118,0.2986565456231901,2.058169607343881,-2.0762354292703518
0.8158074327353559,0.1345497305033789,-1.8105564617628631,-0.9699690502366309,-2.027071738998406,1.8472435545631702
-0.4738617508457863,-0.3487334777537141,-0.03999287802254673,-0.35241803254824894,0.0006946757418560788,0.5481145789779047
-0.10504188551671646,-0.8555317555081448,-0.33282574321568315,-0.5447445398011302,0.4210119086372326,1.2233557872600802
0.16198966302577752,0.7452799572354709,0.20708399101477115,0.34573519465678115,-0.5640300006910265,-1.0838660437024716
0.16095535990225646,-0.5608732447008943,-1.9206536478784713,-1.5953941659512578,-1.6861099583772428,2.4217954274063196
-0.3675803720578974,1.6353916785042664,2.546536086536496,1.9986450112286305,1.184703744620753,-4.756170945410322
-1.236935440422946,2.948121266284144,5.100558389067041,4.017032005270945,3.18534329862451,-9.414199409249301
1.2335680070600339,0.42050520604009634,0.36132962052956036,1.0419034639814178,0.06623411528575388,-0.9959047003488133
-0.789527707915383,0.866510153837582,-0.7796167664830067,-1.033015819834339,-1.763652462752421,-0.4888105707052077
-0.7788706715911704,-0.3265110504086854,0.2766873687972483,-0.35952909488505913,0.43804111310330385,0.10370896554709647
-0.11169594546892107,-2.3082591858354005,-2.3547965891116873,-2.2739420759452114,-0.7745539873822966,5.481450440211723
-1.411064275043392,-0.665462636717019,1.2644591356451895,0.0945114742052477,1.8443242159758046,-0.5037703931153977
-0.08612273930977855,-0.8462747818682451,0.9692034417075003,0.5713213506104877,1.518754465888019,0.31399091465505574
-0.42018275338426253,-0.21787446883967262,-0.5514145379117095,-1.145552038492588,-0.8550751686027738,1.0417255604210993
-0.9264269634178627,-1.4096285845830603,0.8270044348484344,-0.21896799298526629,2.1937496684660682,1.2308977244072874
1.055104045380901,-0.40818381355408767,-2.606825253435609,-1.2743209462430716,-2.404354893462403,2.976067983749976
1.6133300741624121,-0.5823728837206381,-2.9240593392077967,-1.2866508415048954,-2.4984523552508335,3.7014725465235196
-0.21778610852902047,1.3616047588812534,1.6755709398451923,1.3632276226985995,0.4615190408377502,-3.406736666184635
1.528788437297491,-0.20863560966301603,-2.809487000477101,-1.1810554784704719,-2.8457266901672043,3.0168575995705704
-1.8786912615601346,3.0621296595238987,4.338859331136042,2.754388656561972,2.1853981624837755,-8.682773131130247
0.6317919018548038,-0.4947685196627279,-1.435172113201169,-0.6016714999081235,-1.2846258881317205,1.9494775966299376
-2.022638782610999,1.7572667332198264,2.8857556586404183,1.1205984005949816,1.5594644181995478,-5.335717986706615
-0.03397057082482453,-0.5076119525740524,-0.2626832855238411,-0.49541699456407784,0.04078510060355512,0.8277409247359625
1.7347024061143528,-1.47229805912246,-4.886078620285418,-2.9745388495849743,-3.607110952244782,7.056948286541112
-0.849000190113113,0.4466114284728169,-0.056553701121087055,-0.9575532711140243,-0.5529620373335956,-0.45091671669094735
-0.8084751141314758,-0.3284398864947172,0.915530190073898,0.25708455554398335,1.254852291676355,-0.5713489118534327
0.07397711743744588,-0.790152000591085,-1.3937436711484716,-1.2787128730918242,-0.9454877772798824,2.2122175427162163
-0.4282408197299693,-1.566330378988334,0.829455168411679,0.2947661465982948,2.488076785954468,1.033461016903173
-0.04617076871990521,0.04831631757422059,2.8240244235466054,2.596093581428526,3.2484516934371968,-3.3520413700946716
-1.1549660071714105,-1.187695657351082,-0.3444122160707419,-1.056187023658274,0.041203324395885574,2.027790980533439
-1.2765916718296766,1.5447781408039096,1.1050355234266753,-0.1362973813740348,-0.32410441556630165,-3.2841289598990633
1.4020517856067647,1.2143069684947903,-1.4442802451876273,-0.4422550724239594,-2.4487995642194713,0.22806454906758628
-0.8162511022842635,0.30891435863423566,2.440637510722875,1.5317608357765844,2.436779566554091,-2.7839877030842057
0.05331350603006653,-1.3795030218579942,-0.1734115181226066,-0.16257818560256546,1.2083863863324558,1.9129503830048387
1.8143396702997563,-0.18271313461617222,-2.539897223014774,-0.7959777472946129,-2.414436714613695,2.9761964431451706
-0.3260571889248307,0.1301516195231624,-1.1308597040469834,-1.6206868341240925,-1.4889845940737925,1.1817103886826
-0.2532886024242729,-0.1752275812834116,-1.9163406028538381,-2.2630600955734144,-2.074004291473495,2.2308127646334577
-0.9803401763065465,0.31349162588746926,1.4776693194292427,0.6182372205115418,1.3852088351869094,-1.9143642612735752
-0.990115077765857,1.1249704541714864,2.681827604759274,1.6786052701652356,1.8549280028085244,-4.198069905296927
-1.2797027499165883,0.520901229533013,1.7154116589782116,0.655950744000587,1.5718040944254794,-2.41554306594719
1.6014690244132546,0.2211342270357716,-1.3343995252319583,0.24457675259361944,-1.1762203263892657,0.8387138189752202
-1.911060542952983,0.7061257541353089,1.7404189064711075,0.19739657718573936,1.4461788173003902,-2.8354218538639553
-1.6246174283358592,-0.4312557864039143,0.22402477570481705,-1.378848261805682,0.5207839597908116,0.35043545809315857
-0.4077544103560519,0.7460613020940488,1.4929866514237096,0.8848741471900815,0.7100027748735335,-2.3547293342905244
-0.43262877382489123,-0.4538767983638403,0.5801940864751365,0.1955180801548744,1.0311160149844376,0.07931401383213112
1.0537955935708219,-0.6387780969959899,-2.512348006747199,-1.1903256555326427,-1.952783752278214,3.2400773099079525
0.6337318138736384,0.0820310670858403,-0.6339044000220388,-0.006575125309669569,-0.7037281701499826,0.5947131528189492
0.19822025567054877,1.635047441199482,0.9241886033190163,1.1215765962541986,-0.5026624904499924,-3.0117657157142403
-0.2537402095790443,-0.731298904517425,0.666401993005034,0.18940898026722566,1.2549760793911258,0.4562527300010265
-0.5268281399458123,-0.9160096681091934,1.7725306497665834,0.88694094953987,2.4881938434864557,-0.38549915447510297
0.4340822508097191,0.6120347307698004,0.5454005172906817,0.9479600097649958,0.03746225494122106,-1.264944289558396
-0.1333971463710625,0.9608055929280255,1.1557368298101736,0.9173292615430712,0.208926181677202,-2.278897059359967
1.760008248644276,-0.4523052194419255,-4.566250267464212,-2.884303831502919,-4.962490980276079,4.906564440499616
0.12011494730971455,-0.5698104382499889,-0.062160936145627926,-0.14658460930198883,0.3866414824907974,0.5615640995608654
-0.3596926304817476,1.5116002297437272,1.4386991705424454,1.0080601741233295,0.07875847617142963,-3.3517273059859307
-0.5600786271726543,1.5182099746651005,1.99662585717625,1.334638753366141,0.6339095891580125,-3.957782282926118
0.12825134247978745,-0.1161482075998888,0.11545415882036837,0.18561455849407688,0.08598449535958295,-0.03516479439521063
1.735770714958162,-0.1580560059701819,-2.0550586891879896,-0.4836060076705572,-1.77439501368956,2.4612790678140057
1.5483586334497108,1.0281770842270255,0.16807571917435665,1.146350976124308,-0.4458561668610025,-1.4794417583946957
-0.27674597364068637,0.9593019747216249,1.9127720932220342,1.3860813817491493,1.0097117879726143,-3.125008594866731
-0.17704730672082256,0.5817598530078316,0.407725077862823,0.190771120172277,-0.26038032134136646,-1.0337727562745609
-1.1943688519672715,-0.8317584768412963,0.044803165959008295,-0.5845712958882286,0.5728349601114384,1.0471804495036523
-0.22502725039486143,2.1507183244388406,2.2798414438380616,1.9306310595832679,0.39431834211851036,-5.175823939577015
-0.7082412529826417,-0.3157167742500085,1.5609275402269431,0.9416077453268803,1.9747955692808132,-1.182153693700567
0.5599751704359862,0.8799422165269949,-0.7905152769273038,-0.39806101833725305,-1.437248757620522,0.014439772400773973
-0.1692085163840874,1.4011778985535257,2.8641928325858754,2.2833744836293888,1.9719369561208853,-4.935340752560825
-0.1116061793399002,-0.44376686286359157,0.362954727656973,0.07853557372316365,0.611687405892938,0.3984259089670855
-1.6047365688715631,-0.8948369645253194,0.10852188909413658,-0.7048709126897614,0.5812666725600579,0.9490914282224481
0.6524980977750653,1.0559665108625964,0.0020714948422279524,0.415373622334717,-0.5788099802489018,-1.0146808489202213
0.7347717878757614,0.964450358035546,-1.5380619089785432,-0.9524095792158525,-2.4593516234242765,0.7399008931484862
0.3529516817940767,0.566773848496158,-1.6372541481583767,-1.2612403288621863,-2.2529906413674436,1.3750486841673402
0.013077796759843592,1.1966419953669847,-0.3912489181793742,-0.17945331942432033,-1.3338245813068161,-0.9633855659016184
-1.0286622228689295,-1.0521254903977637,-0.20750018215187627,-0.9939147859991372,0.1964385748251029,1.8473988006709139
1.044022089543277,1.2978685299783133,-1.7782900992816206,-1.116623531341672,-2.9547557091037984,0.5176001141825616
-0.3620296897614146,1.1545612714173648,0.42428480949675124,0.06262593990812765,-0.6829123134846291,-1.9009572364307519
-1.023729605810649,-0.5245716430173656,0.376399471337165,-0.36350866412097405,0.775648929519993,0.2354371534961672
2.1264178415694333,-0.047870517565165194,-2.700860595716804,-0.6245812643148473,-2.480027567278695,2.9461145135112834
0.8511717892072732,-1.2053448607656365,-2.110807408732625,-1.1399170819945195,-1.4645362660760546,3.6293747454811256
1.2895774376713132,-1.4296560041154056,-3.0714932924454956,-1.7204271808059235,-1.479304165233402,4.990990473777054
-1.9715152594472303,-0.44750718603752293,4.352388744208689,2.556911605452289,4.9478262559802015,-3.2774521431682464
1.0508014932686631,0.16664765084688563,-1.543171890646584,-0.5247172919007589,-1.6903730864057622,1.4897399903507516
0.44105760577373776,1.3470154680400939,0.18467923124253466,0.672376680539181,-0.888948028969587,-1.8574773456026672
0.15172439082749886,1.1004973434493432,-0.7446346982566534,-0.5731029309311768,-1.7025957348077199,-0.30741452418869275
0.6581321739955431,0.7603494965027556,-1.4841429418981724,-0.8864569703399884,-2.188578811928726,0.9580338861991413
-0.06830997238173929,1.6508776218745094,0.17705634162263936,0.3258311935610968,-1.3021584991702748,-2.175619149306085
0.3134676234550786,1.1723017372119824,-0.11238154307972538,0.2855982391957305,-1.0091007866015493,-1.2018379293849388
-0.9737559719446119,2.4811548868508315,4.5770173554915585,3.637879671395421,2.945195376010526,-8.198371643037557
1.4763378842320944,-0.39215571461298215,-2.091080295334085,-0.5929312070680213,-1.6160577449114195,2.6859074610035325
1.358149868789135,-1.2787539220604358,-2.3909960791401215,-0.9744709293243282,-1.0666447372688437,4.056726794712626
1.6275476611313135,0.6789439685803187,-0.3685603376031876,0.7440453974836978,-0.6573800710859391,-0.4845288239764648
-0.9388513270280269,-0.6478744860320174,2.3161972702594706,1.2675614911472086,2.967342613519131,-1.4327998670289088
1.358971181429656,2.3532801529365823,0.43720836578221617,2.1160039395002195,-1.6451634946756772,-4.046783304157066
0.18242998828473433,-1.7918372591275358,-2.4433898792013493,-2.241880612655678,-1.0270780050217423,4.657065498175449
0.31467146905304555,-0.5081502591141321,-2.116704377921739,-1.5609301757992236,-1.9155260546714434,2.6848882867836306
0.30468840734036307,-0.7286052559177935,-1.2925781484612637,-1.0137158441808867,-0.9058761697977693,2.1082002950410317
0.009442707910091382,0.6192124794761625,2.149299799744157,1.8530714769586398,1.8821759557309712,-3.1383229002602304
-0.32865330326476605,0.8313049553046479,3.258365957888899,2.69461409590285,3.2047839257100836,-4.968289470247913
-1.480567076263285,-0.7219126790380803,1.810461032611526,0.5231672247256959,2.474006568514705,-0.9639451758450797
0.32636466555816745,0.06855185943192275,-2.5618506561879264,-2.704268332650153,-2.9673338028440894,3.033493197346169
-0.0792155939264097,0.01237175964156439,2.3517761545041784,2.0996185624975023,2.741395402197782,-2.3398809054574845
1.3793392482311218,0.2479241641296904,0.00677625148541321,0.48261464133720655,-0.23578205963242777,-0.5371897326206555
1.596897480634305,-0.9945386461211478,-2.7876471108589986,-1.1916216273380225,-1.7413096798125782,4.1830028603921106
-0.0007499751050890815,-0.36372439224680597,-2.602930317196476,-2.8482763552919548,-2.9339037111269213,3.4042476492259968
-0.8365709402341188,-0.12609002908388334,-0.7199983333054999,-1.8064280357039084,-1.0813886293758224,1.0546557896306195
0.2422128501265963,0.10034434021913628,0.9704611472967276,0.9584183752914736,0.6931788453656604,-0.8082287762915875
0.6544526039435952,1.4094351518048511,0.35062509234940825,0.8827381216595686,-0.5603333645176111,-2.0277053359438693
-1.2731637121891117,-0.37141821245557255,1.1547658311762978,-0.05296069268637915,1.4632785992303639,-0.788089760423248
2.9710908998865753,1.0649318393133957,-3.380849377756858,0.7963664589649845,-3.9140584448426017,0.17150824505911139
-0.8574307734446223,0.9969770795906974,2.887746067118829,1.954325539616111,2.203604798167069,-4.269434360427468
0.8444688050900627,-0.48542884794838015,-1.784562921480593,-0.7165129962088401,-1.202872542170246,2.334169116231123
-0.3740005498376072,-0.1955645545032246,1.9105667754042202,1.5878611994451866,2.3312024545721846,-1.389162436109356
-1.6940194275907337,0.21372741785151333,2.7560537180021694,1.1241379800839275,2.7188546216984233,-3.088679287198669
0.4847498531845135,-0.18837980519986175,-1.582869895053462,-1.0651576276598285,-1.541464241685009,1.9075147561829295
0.3746657771657619,-0.06385234052138712,-1.7738129447280364,-1.3063433899921764,-1.9122884218448701,2.1789214538101196
-0.49455951110940255,0.930145279494343,-0.2968821749228167,-0.7766980578992284,-0.9818957399583121,-0.7368670021428871
1.05028346202932,-0.7104828346777077,-2.461002391785661,-1.143400739229957,-1.7820412274148818,3.303039764529337
0.3254968311881327,-0.22199813333743962,-1.5546351661553273,-1.1641297510979043,-1.5585829670155495,1.9738176919269967
0.5292077759616228,0.05726540398217593,-0.8609370668648263,-0.2302051398407628,-1.0087930485792262,0.9089228302728871
-1.1165823295329242,0.7320701986743736,2.4281516808625194,1.3595819375226195,2.0420400703289125,-3.3664700915920824
0.9410252367012717,1.372030830079861,-1.4509538397709163,-0.8242100849059375,-2.727983550493847,0.1653602070661797
-0.9667322088693372,-0.20968371917945777,1.1208164862213224,0.2199617924068964,1.3571557928870437,-0.9243142294712055
-1.137998910895828,0.4567108043936233,2.0831250708180833,1.082747445902042,2.020793955848358,-2.6505437825261042
0.3021430041002314,0.2124832593990994,-1.3103688379645086,-0.8717499887276317,-1.5189519235046367,1.460872196954049
-1.0710989252887544,0.5832563668591797,2.1790547977420847,1.1929260186467696,1.9479829497995638,-2.9003158294099323
-0.5152325422272696,-0.8998457309514816,0.5953781683377637,-0.11723602743309146,1.3596390692904814,0.8172427526182323
0.40286094933031963,0.21679285548769642,0.9285503388688208,1.1135279143070096,0.5921587583125684,-0.7926197360931488
0.17636950306066643,-0.23279242807088932,-0.483329891910761,-0.37023947759565257,-0.36124214735533594,0.6856907530084628
-0.02093489367547957,0.10670128345097549,-0.0942239595272196,-0.11275841621017452,-0.36488177226084795,0.08832379649273334
0.4141434809999401,0.9495597505851395,1.3373882359532165,1.6472087224003322,0.5577790573823767,-2.329769869277407
1.1358253128342506,-0.25655652065711093,-1.3114399739133171,-0.14518857143852984,-0.9381775179597062,1.6754639680946068
1.3275066333241958,-1.3682897449462401,-5.6083188138823035,-3.8018339726958463,-5.310471451074166,7.364964656290041
-0.647082634815274,-0.8189034556990663,-1.703342230203641,-1.8939150927060215,-1.0209312467531846,2.5042635268481517
-0.33739213181960964,-0.665909987746703,-1.594365140594262,-1.6289853292042358,-1.0667244054465546,2.032637600308911
-2.6544987215725695,-1.368767863869528,3.391622115773725,0.978108720492259,4.463554024361735,-1.5569597487441316
-1.9502997164737783,0.8918496139441026,4.234547018571366,2.1637606819872537,3.603420896135538,-5.48635419317545
0.26733393725939614,-1.4066711886941785,-0.06989547272212845,0.09959317196429036,1.4395247440534849,1.7891760358776112
-1.8190588861240988,-1.3673281150909757,2.749182685197422,0.5697439899846986,4.0664062749656935,-0.7058510510161037
-1.0644038245395948,1.063568207831617,3.8545496026662343,2.4049663160799244,3.351093295655727,-5.1968902232741145
0.28958382442171815,1.8572223164734964,0.24038593003463746,0.7437862926397069,-1.3307546249307465,-2.7413015320397602
1.2167504683983055,-0.608101123239456,-2.292267925738934,-0.8885239393627021,-1.6525562072837197,3.0749398240261074
-0.09449965965718503,-0.5551021629191303,0.5890546686372612,0.31024042983853417,1.0304588470397562,0.2763421164982388
0.7283658694837998,-0.006530336210329474,-1.5781519871798588,-0.8534880714900226,-1.6083694094668965,1.7310062907397883
-0.7183071538021776,0.8999665470048103,0.9972607662384462,0.28567925204082206,0.08594767669082673,-2.1284467483296234
0.38973352280306506,-2.1010662175659247,-2.6665961227627797,-2.2103405179174733,-0.9023716892147488,5.328895284587851
-0.3938681210267828,0.8805506819700585,1.288256390037797,0.7085510026778297,0.3297726291157148,-2.2949261024144736
0.29261299787077705,0.5480903910346704,-0.16969302920665658,0.149691253540313,-0.4764487093558984,-0.5200762111999133
0.2926215246141201,-0.669479057348593,-0.3007848829519943,-0.12237744204036843,0.29941736882673853,1.0473716185097979
0.5622302102333844,-0.5452516866580142,-1.3065280546126923,-0.6135518354708598,-1.1081823069132744,1.8608186959357749
-0.3433360715563353,0.2554660727856205,0.0601174340786375,-0.3879561692152137,-0.31548344447174437,-0.2939605144122226
0.26591884515260844,0.8708001086013352,1.132555476392465,1.3137532313981681,0.3664057111003261,-2.1901146515379266
0.016382392426528516,0.17246407754148702,-0.4116640587528215,-0.30148266608623137,-0.6092613570288461,0.21403130893253938
0.629853316403871,0.3334700463373749,-2.58296380783315,-2.3669642628063023,-3.100295926733708,2.568745804209217
0.5204900597036444,0.4446589105258015,-0.6957380836363174,-0.16282330478536094,-0.8408558948334829,0.4592909905569439
0.9827457124677614,-0.25767042712460464,0.057531816415988535,0.6717509042072759,0.47319074027088404,0.6342562573187973
0.2873189267345787,0.11891097481555393,-0.4772595415647978,0.04309104515963415,-0.5324642252949847,0.30411127569860497
0.08346395319933991,0.4297378631121778,0.22944128135983224,0.3508078648976137,-0.23506544533563797,-0.6879923875640466
-1.3355586331204912,-1.1765705301882121,1.4342157633613537,-0.017823028836347413,2.5072980516953165,0.3635891176101076
1.0275641100712591,-1.3445522705484347,-2.161240929404006,-1.064671782691742,-1.2748642468190243,3.9255022442482623
-0.09716465167091065,0.5191325586973475,2.368602873639638,2.0193690217459417,2.2986218683596444,-3.294366521495944
-0.7148037487754061,-0.47348484438758276,0.5208012165419365,0.03320670419125775,0.9373947900918081,0.06021245924631528
0.27745503629634033,0.24699722378881542,-0.4644232503284923,0.027641252559039164,-0.5473670769423364,0.1797409378781964
0.5457177902763826,-0.3690510137730475,-0.794870619778623,-0.35535802925818966,-0.6178726028487493,1.182102715993409
-0.7599934425821762,-0.36853832482766885,2.1601303030934793,1.5101665468745256,2.6049839817418,-1.6801716282330017
-1.7700035256994016,-0.6266846234095598,2.1676353776243267,0.5546180766545143,2.5813402613399044,-1.4904865879351927
-0.6390014543589001,1.1252928500511348,1.3185007374317843,0.6133090876114016,0.17574151636548555,-2.703598806261179
1.1312365758549043,2.4474983706880025,-1.0036084205054006,0.6932901270840897,-3.329837398348018,-2.315273394384742
1.171523298709987,1.1304106323455976,-2.062547440016438,-1.292365399486843,-3.0537451642219473,0.9574007201080807
-0.5887289734294335,1.0079491873033182,2.584212220355688,1.7950302949687178,1.8445633702869992,-3.906562032257256
-0.0836628635448523,-0.7303507692880097,-1.223887733911071,-1.1567857629810725,-0.7352421910379341,1.851583226699965
0.8224438890422135,-0.48852075955617247,-1.7694003136892613,-0.7297136376526031,-1.2034332772134029,2.3218275211136703
1.9424247953051255,0.2703462737214637,-2.13316407683843,0.04771253010149802,-1.9941012121846893,1.6077628168124545
0.2828273623890242,1.5398820520359233,-0.5987868017382217,-0.15272334449830396,-1.898305713393758,-1.011134730790864
-1.3969002123123648,0.4662751501998923,0.9995770459436092,-0.2719352642790552,0.653796906060094,-1.7007188257641686
-0.23055605498807985,1.1400112512214677,0.7870753598993614,0.562411309360452,-0.3022598783890933,-2.1410060088519263
-0.20522228350839433,-0.5901487302132199,1.3473644428847296,0.9666925125704812,1.799664647803991,-0.4494982345640425
-0.912331052628227,-0.06777962916555637,1.1024778810476796,0.2006652648344577,1.233794975262681,-1.0642050286656015
-1.4279280867373956,-0.8963689190704094,1.7583320087180614,0.33244542669149235,2.582672052444516,-0.5671760358301109
-0.3078122229316565,0.6565172676030979,-0.7814019988503808,-1.0592421272058539,-1.3813054690261262,0.25707317806823116
-0.19463360113744452,0.48906976138910646,1.406057593639621,0.9216835509382758,0.8895614569146374,-1.8862288695429597
-0.5376832794387868,-1.3285586831789071,1.0721020743830125,0.24197731839596393,2.4199305431538667,0.7741572849950841
-0.7023219717600448,1.1292557891062949,1.8755250838024464,1.0993163154816668,0.8447480423956931,-3.2893613579222243
1.4229083078508111,-0.26899064254645644,-3.322102128030381,-1.765685976983721,-3.494629498698898,3.483692340811925
-0.5484567262138494,1.2178227008663516,1.2470620257926286,0.5722477401143002,-0.014292745782499908,-2.7386870827556127
-1.0750949586855947,0.7406838105364063,3.354250388263518,2.012239172927727,2.972430717775702,-4.297238819904314
0.5720168924129688,0.2231677227834709,-0.9179294054725302,-0.19241303804062349,-0.9237207546079812,0.9358073709056965
-0.1749568378262009,0.41494604754111264,-1.7560289200378367,-2.039744212856423,-3.0336538416433343,1.5063194314512471
1.2582547651275022,2.090147487503152,0.29802262581368105,1.6645708309195921,-1.3184912892597693,-3.213421028444453
-1.0267346135578836,0.3813097326203015,0.9242264270468101,-0.03906637571611639,0.6334854438343824,-1.4444559507724186
-0.02798496165696754,-0.7632832513548891,-1.6291210694740743,-1.4940572223297397,-1.2159470683326674,2.3277872282342327
-1.4044570754594918,-0.43515710517450423,0.5545818133258673,-0.7999199625893457,0.8562304343160395,-0.05141709445424408
0.46683145289811384,-0.3688661551683686,-0.40846071145648144,-0.15052517400680968,-0.12691803383592573,0.8812243500854378
0.8416437815913199,-0.7765712400263948,-1.3667789329659756,-0.4445172087899775,-0.9300422335041991,2.4529387577485195
-0.19388376535000973,-0.34558987300937977,-0.19320508182401638,-0.5599481890037162,-0.21902373824006816,0.7906406976097616
0.18022440790787386,-1.396787422752618,-1.260839866913397,-1.2874556293781771,-0.003637865130566885,3.2128093208331165
2.16007180475613,-1.5007984741787455,-5.553671915305766,-3.282398466771249,-4.280361074400931,8.067917009487582
-0.7754925218025293,-0.41886724304288664,1.2082935165848032,0.5106938858572474,1.6532063720055483,-0.7168370251666996
1.5334114659514708,-0.3154824985064355,-2.762761790691109,-1.1525859445459121,-2.6561480009942575,3.1442658474249647
-0.03217685387028963,0.7682655490550802,1.2043886622575366,0.9814364552899583,0.40988850430803075,-2.0790330294046897
0.43207063288066,-1.1722830537543634,-1.046922700033178,-0.8202749694512517,-0.16029645884061186,2.7335704271207866
0.49011550782290275,0.8472661293087338,1.2177561775728851,1.587825677378,0.40175665611961886,-2.075204535426922
-0.6116716204823459,-0.2418242616613501,-0.2214118405716153,-0.8366802319807864,-0.36869762772983217,0.6055808383758085
-0.7512797181150767,1.345830367770091,0.11133815770718553,-0.6067448206451886,-1.0900361811210957,-1.840054021809294
0.9885773483956456,-0.6333498206877258,-1.3865649804825542,-0.28623354875832785,-0.8755214751145408,2.189710058504798
-0.8109547734493621,-0.7470564625907513,0.17069494917468594,-0.4672324341200109,0.7446237055257114,0.9369182316311161
-0.47112714030761693,-0.5341028976839945,-0.40989291689326335,-1.0308928204053005,-0.4139923319983628,1.383039753322572
0.6010681972653446,1.9265693451692432,2.289695744097735,2.588160308825134,0.316933674067711,-4.849346168289451
-1.0740191639934962,-1.3205254951468122,1.8486343384318111,0.2584943357187265,3.07719070201615,0.27459139404421384
-0.11881517551913312,1.2344353786839724,1.5794736351013148,1.3552058518388357,0.47760972871297297,-3.1339184449724447
-0.29488684580612673,-1.0506716201954744,-1.255447442820217,-1.5223638965958717,-0.4524432326603818,2.5181032226997413
-2.1486216181030073,-1.6083437855838227,2.37783279912292,0.06259108734607824,3.9050557417332428,0.11456116699800697
0.31971751601839277,1.4671513535690166,1.3452388112969502,1.684191081432231,-0.011557979575737178,-3.228365552539089
0.12922418549215142,0.4363371474379799,0.15792414497528245,0.32455507483971513,-0.2817360225990863,-0.6112161397449339
-0.6213465803415079,-0.7674583868739897,0.7802313981134884,0.047939736891198376,1.446492544724592,0.35473326982370434
-0.841669590021507,0.34654138530377465,1.6213952716413165,0.887044114667853,1.5799925004825393,-2.01556261078437
-0.3627991253044951,-0.888436730400572,-1.5896061034704034,-1.6763575136873614,-0.7516629183639831,2.3871627761357233
-0.8764096521680155,0.7768969195288037,1.7640097231152938,0.9376755789874089,1.1882138298635307,-2.744761453789513
-0.7195769695296581,1.3785541274872926,3.9731981847894122,2.8877315602051805,3.5040051159410734,-6.103117977357801
-0.6354599235331613,-0.6845211426893323,0.8507937340794052,0.14562692167549826,1.4642699217167225,0.13856685680948255
1.0390292489056248,0.8441026998574276,-1.0960268462817782,-0.18004873251495254,-1.705336178980668,0.3194524379283209
0.42048277453111854,0.14293736883230973,-1.5524833418732573,-0.9308533043793704,-1.7417387666388597,1.7391123751165334
-1.6532160825704716,0.4268871481384124,2.115689361415299,0.6911474144976704,2.029513553449309,-2.7788859900546594
0.023392891946654226,-1.5502898481712173,-0.5450226746119481,-0.6217190829390051,1.0433741632337907,2.528985578972256
-1.2143636978954135,1.43356783418578,4.8377476294958095,3.3756874345674928,3.902993722868615,-6.494061643401525
0.07234164742806365,-0.6371710021685573,0.2743291684768169,0.06735791080553849,0.7346861122451062,0.5302893205364221
-0.2817730589413216,0.9549976795271892,0.6775823648522863,0.3877893279079603,-0.31267188095790954,-1.7912159904552136
1.136221367835377,1.0517890634452214,0.17571912637396708,0.9156235146365651,-0.15228201496577645,-1.2963837851633562
-0.003989857897050373,1.1290773603149524,1.0893302616502498,1.1031794289973706,0.09118057166807726,-2.449879411991921
0.332944149463927,-0.12730889290517475,0.4391346524003557,0.6603304667966794,0.5536652416928791,-0.4923745088820429
-0.09367244516281792,-0.6328577634938335,0.49056390899461366,0.14531546354938443,0.9325998536742933,0.5295233371055107
-1.1045386930294518,-0.365051407586132,0.3684567962119167,-0.6548847639229695,0.5916057085308524,0.029796689682438815
0.49965113455707266,-0.186781515880893,-0.7197721758067918,-0.37720403688569815,-0.8271673419795644,0.9678273972933058
-1.5067842532973001,1.3801940307493024,3.6495554146898317,2.1772616491550454,2.7663204896739457,-5.569760781054669
-1.077411319113715,0.19177682638311871,1.392740223335346,0.36575867978381676,1.331736795865968,-1.7008450079680453
0.15684298046548031,-1.3734721598553556,-1.536653579859123,-1.5072045924589088,-0.3673070782607189,3.3775032351804386
-0.2497557399023694,-1.2450158742069057,0.683577148847964,0.1630564750431465,1.9087445912294752,0.9268613152095686
0.8846838089623272,-0.25595949667446977,-2.116357638741673,-0.9181215819571839,-1.9584462957324669,2.285026154988679
0.5558082824931502,-0.4787548256321552,-0.5462728799210886,-0.15299857616319523,-0.1835790331243128,1.2269512193005632
0.048788760212097555,1.1795280257501977,0.37431043891025767,0.455339203631536,-0.6044977686293957,-1.6917611193239455
0.9628327660163459,-1.8759967074566932,-3.7640128602065452,-2.596062778278537,-2.0161298123681752,6.494645892223167
0.12904962872512352,0.8618125723050898,1.1936597822354689,1.2095658581531312,0.40428797552180845,-2.212851446608479
0.5275971853630005,-0.8857908179877556,-2.93096703244761,-2.167053142887777,-2.5056523345477895,4.0543810519331505
-0.21212908620812004,1.3469457523205017,1.7559331234673778,1.4186215160006121,0.5529976711420651,-3.477507723801692
1.5849616913344442,0.1677871193187758,-2.0010803992353763,-0.15798548324752862,-1.942461727734551,1.8185216184674475
0.10487110655552917,-0.9741552972857855,-1.193310861488711,-1.2818815360039284,-0.46480156824684926,2.4048590729705372
-1.172507345086094,1.2170134722741617,2.764505463273977,1.6187265962390054,1.8766731029871397,-4.39612847175278
-0.5206428018728969,-0.6130176043820531,-0.5630516865235003,-1.2760581391939234,-0.5352261549718769,1.7256744657804015
0.24180686520592834,0.4691046908226045,-1.3639384567499977,-1.0771129994623467,-1.77972782005978,1.2329809707888468
-1.5656774025742886,-0.05434449206834994,3.2332126910698897,1.7128903943976066,3.3900845144041325,-3.1841358435143605
1.186150300057643,-0.36966484448486986,-0.3404025768345225,0.5499465588501251,0.23405252122548006,0.9294633032975741
0.001014885387554185,0.10237132910010517,0.23194169641398374,0.26103049211997853,0.02366955434858333,-0.26190956056458503
-1.6165494252597241,0.27240800960360606,2.548715614060872,1.0405212385113334,2.51854117094436,-2.9537926901327087
1.0739403879848664,1.7270889829189016,-0.4628685710029125,0.5134448657222402,-1.5994180086896712,-1.4462701572176657
2.333927118872805,-2.9583183519456373,-6.9183038327508495,-3.651408158974236,-3.6852375560374386,12.141716861101273
-2.289909122107,0.3193472803189423,4.405206287271188,1.9886041837209711,4.2294727015862,-4.829785101670017
-1.1387641360012788,0.3403191276808915,2.4109762130418466,1.3142105614434856,2.383368640871204,-2.7977908918194108
-0.097558342988434,-0.8652626863830593,-0.6798574417730152,-0.7422119879745611,0.04010581447140505,1.450232653820642
0.37653126370949036,1.6203024599417368,0.016544430630921907,0.5643786446168159,-1.2995969507956386,-2.101312115684764
0.013357959862612769,-0.32653957944291484,-1.0371541116833252,-1.0373427172834544,-0.9349009790277855,1.3891863080314042
-1.4186544345413976,1.9845120375985605,3.3152696155727672,2.0881312638809586,1.874922373793735,-6.049782744871132
1.7534339854161147,-0.4185211473352752,-2.8197959087489006,-1.0893330196014503,-2.54989290640444,3.4254854766362306
0.6148778651286534,0.3436165024171174,-0.5098368797447229,0.20372578628189383,-0.5476227753698778,0.2626862770907662
-0.07375527848909347,0.5505593841242272,-0.4455179620866233,-0.6295888130904257,-0.8631534171822424,0.00023649389946844845
-0.25186813637287303,-0.6335049179367584,-2.660780126970247,-2.832212045739644,-2.5197155076490825,3.5666561419025857
-0.840841042751503,-1.4898912744988,0.8442368923669163,-0.10042824756907318,2.3813342609855033,1.204527118905489
0.6828136959403629,-1.368238118127558,-2.4932648778601094,-1.7056830204086983,-1.6273190825581965,4.052652366266175
0.8614654985491127,-0.2868902446101354,-2.8031879152526473,-1.5725384111287863,-2.8732849602077715,2.881674171695509
0.5183023526699897,2.560692591765675,0.7801403746123929,1.5254468243216521,-1.4634366967555383,-4.58272451820983
0.05366810942457106,0.5269426794237455,-0.23922383413317924,-0.21538100741951588,-0.7389003370640341,-0.3291135978138552
-0.15597375434982777,0.5249154540575073,0.8096655368686844,0.48264895244839967,0.1431575017621117,-1.3093608513289834
0.04754860616361538,0.03435748239824099,1.3299727357166773,1.1810380450366167,1.3260679316257142,-1.0297454810068536
-0.45188443262558564,-1.1403356225831,0.6855665773218592,-0.04838933161879158,1.7377120084564646,0.9653140912894915
-0.5622352973766986,2.128990073255529,0.776303788138602,0.39398389349580537,-1.1768722846151087,-3.45804978199981
-1.0091199580547903,-0.8082115191900897,0.9080751940437811,-0.0295804995087889,1.6076630094827795,0.21705163583834247
-1.4285685934266525,0.5774505772564693,2.688027511877756,1.3373214171665744,2.469630086270001,-3.4192504335321825
-0.006838297248797221,0.4736959360958699,1.197447754462377,0.8327959875801597,0.5879619093013976,-1.641268945244163
2.0417696030283263,1.6153779385896903,0.23274349925077104,2.176160697552933,-1.7034485715001617,-3.2847132705757227
-0.966509520203412,0.26495204866307714,3.0273261930736695,1.7683777952671271,3.0941125445778197,-3.1657008720579882
1.124003862760082,-1.0647808494320867,-2.7602639758920495,-1.4672019490149704,-1.694805370074643,4.082153477062253
-0.32687842226065716,0.8278992968740706,0.4421264997873012,0.11841051171782038,-0.41978924807107715,-1.421711816429789
-0.5829294662238497,-0.30346267624923906,-0.06668932512601115,-0.5416285610460843,-0.0833030060940015,0.49162180773203834
-0.1441028085237021,-1.1223896793846158,-0.5304302544931769,-0.6978035307954842,0.5070407191734174,1.8488097507341967
-1.0268700344397115,1.4178164488616416,2.4596051737200963,1.480816737984965,1.3220325778717956,-4.332969809080292
0.21418841247142656,-0.2568991669194799,-0.6963920036704847,-0.557627022511584,-0.6521248599725942,0.9634876858024829
0.11116003829541811,0.9248123744647506,1.2999435562480195,1.291124951174022,0.4669187973245837,-2.417278414959704
-0.025963896333237063,1.8906573499296984,0.6432514842278159,0.7605049823003096,-1.124092106961955,-3.0058260400316383
-0.8597531356696722,0.6701078829704739,1.5757451652225836,0.8012802970416768,1.1150203240320828,-2.4216367896070894
-0.3970594732663105,0.9733284389763749,1.8471667065088317,1.2491683332695802,0.9264220205867889,-3.0624792968544536
-3.014907323386611,1.2187199677804539,3.5261311034202567,0.9138367401914338,2.907592705313668,-5.3481778951793455
-0.5656314667695266,-0.12894433630643296,-0.28257216160282594,-0.9916150223928206,-0.5720021417845296,0.5405538275649471
1.007666009793503,1.2634219089083571,0.6722029875289092,1.241553171785176,-0.10562421948842854,-2.272017182490129
0.32455432035349135,0.14555072100533364,0.41496575743005204,0.8304783790977761,0.4048388406096402,-0.6965903670494326
-0.638459116861855,1.5240661409559397,2.5230118749821124,1.795453544703949,1.2754922549146626,-4.566954998636224
-0.6895559844144727,0.6059768830780331,0.8382766533836169,0.21893499798838617,0.31355507504489716,-1.5826379601298843
2.488710030918322,-0.39028825629079766,-4.297345922411651,-2.182161359626412,-4.5027849327991145,4.938545911172394
-0.7770847875351851,-0.9714499871713334,-0.24054819720506426,-1.0216095790396358,0.22114808481748743,1.8627987009116231
0.45064098123975077,-0.156548299732578,-0.2783020078561799,-0.00904217670082757,-0.1395263625251263,0.4947228217728863
-0.6600090576409355,-0.6997664909143421,1.0674527268208893,0.27229452241055513,1.7119422881677335,-0.052457545403150826
-0.4308759667486797,-0.27837783113320314,1.0123623168331768,0.6055245359749168,1.387429707091798,-0.6370255295688149
-0.670332912804482,0.9199730729150952,0.41655173377923277,-0.23807165571399982,-0.531078439197855,-1.5913418135567228
0.6333442641123029,3.377908611640798,2.170757407630678,2.863999930356356,-0.8489174292213028,-7.330671747486574
-0.269539745079033,-0.34266869656073573,2.398993899454154,1.9848081477057382,3.0432125757395716,-1.443614020734996
-1.0418555149331468,1.08389563048466,1.8443828889469274,0.8641707315992718,0.9277889490235801,-3.267758612392958
-1.1620585193594106,-1.864045272614414,0.94513272415369,-0.03200639401456623,2.859067800169588,1.3863228041164413
-1.1054307771453502,1.3166227366908818,3.1337066979132873,2.036878918063385,2.2184609454740962,-4.955474206163402
-0.28022747013243055,1.8615147843879067,0.6434168705088991,0.5177470016990585,-1.130716239177095,-2.8812637106436694
-1.2295627413877965,-0.12009925798980782,3.382165758833854,2.153650607265683,3.8092104979367494,-2.9745834118427035
-0.6543880435682287,0.3109207489485839,0.7274201441175431,0.06015299912852248,0.4513002449914202,-1.0793902606162973
0.5146246067854444,-1.0345133529062112,-3.062729581398084,-2.3063047142422706,-2.560410278635199,4.482728065416549
-1.0480521352532621,0.20157422281175025,1.0085192718409839,-0.05362653868420243,0.8421674163186127,-1.3059000701754289
-0.7697935388190733,-0.12783996666131492,0.7833535990812934,-0.0007861460366051579,0.8916660040962436,-0.6628036133250862
0.7429001475929983,1.9754902286061033,-0.870297571388021,0.12303467603167331,-2.600381592733755,-1.3774476981104644
-0.18365564267447237,-0.1699517896495365,-0.10631093405790125,-0.36037058677063594,-0.3336488055325738,0.4764824810813374
0.008945610839452089,-1.1163771509223113,1.0228286883972593,0.9932898060919195,2.012867582189221,0.31672424856424386
-0.4144487986752055,-0.7607766080366192,1.042167848926231,0.33978838825269575,1.7081992549880463,0.12088410183874469
-0.9782200484663046,0.7903540454812279,2.0565360569954274,1.1206499351019077,1.519784588715125,-3.052481832681421
0.3522861880056313,0.8639271455447797,0.7772108739559793,1.1182052162547838,-0.019102583769124472,-1.8342386609929209
-0.26076234085796246,-0.984885797452308,0.3670479934152551,-0.2320288183599113,1.1366868113875006,1.0915372700965993
-1.1186449832551872,1.8879028866063912,3.5153598869198666,2.4763518594505407,2.1937191814589525,-6.174092667149115
0.12676030348138217,-1.2897386056092008,-2.217604537744973,-2.1317780395948818,-1.1938101104459198,3.6724522247829388
0.6564078410252069,-1.2670483083625061,-1.6160480387313079,-0.9426121553864053,-0.8367749724601832,3.309060111898124
0.3574952375344247,-1.7655393319997854,-2.1972045094271127,-1.8718688198113476,-0.63032912409253,4.488732027691984
0.7127105823975687,-0.18547587576287528,-3.1281676525327295,-2.1884489337282997,-3.227426344719626,3.0477926035124963
-1.6229172339544145,-0.6498347074845024,2.516345165816534,1.1838844252530156,3.101223842492952,-1.8234303112735117
0.5155576244385981,0.8626454479165521,0.7904397224951348,1.2124405373251539,-0.08881003630369977,-1.8082613595129768
1.6474056776621588,-1.386172537505996,-3.5418558226167836,-1.7912190089801079,-2.072394157650241,5.670300187657107
1.9940187748971487,-0.4338419062823958,-2.3088796274104193,-0.5254017667242298,-1.7476776914999121,2.9718002912476176
-0.8892000941465533,0.3185676505135424,1.1509219448020684,0.3319206483253993,0.9660521116177879,-1.5757729266105318
0.9709517017002668,-0.791622752185323,0.6365579150495323,1.67476511472431,1.4813957078020454,0.5248589067284183
-0.0425297534287863,-0.42488570072322857,-0.6249443416564202,-0.7470348067319479,-0.337566472118135,1.0176634097461257
-0.7169706325623381,-1.9021479905260508,-1.4717268204524474,-1.633489167523331,0.5513184269351633,3.496423082302564
-0.8150305293874783,1.571342563614612,2.8011145890466,1.954696665502484,1.5846789785758257,-4.942072730245094
-0.4492304583980058,0.5237407258958743,2.427462669371009,1.614231717795636,2.335093783203379,-2.7136440344276798
-0.7630002683848828,-0.5226317891707782,1.4099322591224717,0.5823226529749792,1.9520835983956906,-0.726403645399189
1.0848757630213588,-0.2537295755232736,-0.8287944469614449,0.1308459964539228,-0.5579861555651678,1.1279903162851528
-0.14589698889743122,2.4010960697495505,1.0553789008665382,1.0784461164256105,-1.2953010497974187,-4.170696197556315
0.8133007761458736,1.7513395347293577,1.0155705772936034,1.7521819448139697,-0.22912232746546723,-3.631773102076176
-0.5790612698068074,-0.41614868981169445,0.7669622140867985,0.2903162600052863,1.1902753484249151,-0.22184630509683326
-0.6650043979090996,0.32097142938770984,1.5401785998681916,0.9372648142621823,1.4774971591427053,-1.8751083204341181
0.09304861270487087,-0.061697359217260765,0.02233856268872589,0.09612559444593048,-0.06671500270910573,0.012150959702593965
-0.6208784719980158,1.6168977408778398,3.4962838326340324,2.667171331497974,2.4478482187477733,-5.733632075624507
-1.8102133120721977,-0.37789259043371964,2.520496962720016,0.8125281436809628,2.6588780774998737,-2.2537656489806563
-1.5093639228930305,0.5071212745168681,3.287695218062387,1.7278322681476257,3.04447349528252,-3.954677838481972
-0.5207753284072566,0.8123802353295194,1.1759608444290441,0.5381532946349626,0.31103274651265767,-2.1172683007366517
0.14722856614396052,0.37932983598800696,-0.7615857187138105,-0.5680986648975288,-0.9455705491253793,0.5917688698514824
-0.2046229908067241,-1.4736386734740716,-1.9427583820742318,-2.1193972988386593,-0.5837772283516324,3.662136248821534
0.4514031469138672,0.18997954341898068,-0.105480582551494,0.5349431846573691,-0.009106811410993999,-0.12459132923849478
0.07572337095947006,-1.163506073738285,-0.32603562306881306,-0.3463737837206627,0.8583396637460825,1.669867799143066
-1.27276075404489,0.525074632557199,2.4431012694851857,1.2603617585372964,2.284634939139931,-3.096600436197388
1.2852064042481346,-1.1509254457159073,-0.9754263514589926,0.23749308546239928,0.0863262552898526,2.9181492325018556
-1.1349267625829165,0.21105871185248823,-0.08726267044347508,-1.3930612771467523,-0.462552456287924,-0.16610217759646356
-0.17071088999142578,-0.09971727902709324,1.6411485394685452,1.4455513631932706,1.9796339928765547,-1.1884548247756026
0.29594372344992603,0.5842031781001646,-0.014855877349531586,0.3737217027283074,-0.34826602225955533,-0.7901222340691124
-0.4550980170828292,-1.1165691782230471,0.13525232216289199,-0.5506273399065911,1.0715264436572471,1.5158802828315827
-0.5204949091989932,0.4662314317980071,0.8694105392844289,0.3468383543361087,0.4637201672293824,-1.3761125965456333
-0.9099063579553158,-1.371284500398579,-0.05990642864627409,-0.7678186935531001,0.8954458113968734,1.888605257465434
-0.9220072922836682,-0.39217567994180613,1.243113545902732,0.5090849256385728,1.6483935214024703,-0.839873458087549
0.6842999976682895,0.8795474341128622,-0.7595968303862362,-0.26927796938565046,-1.3514376454675985,-0.020617587128231515
-1.808989810271356,0.3772736430621473,4.061121417301744,2.086721157896912,3.8403925287746317,-4.589730621734071
0.9811586471971495,0.11061009485985536,-1.2374062375491317,-0.41968851239524285,-1.3239907878744719,1.3102830156915468
0.8747737817896962,-0.04497741815889992,0.44148125918693804,1.1912035435599473,0.5757687148025082,-0.23201474972572947
1.2298039630636721,0.08777707630839882,-2.5035142720485357,-0.9736676230319024,-2.545069838097086,2.200991887066804
0.36827932579841793,-1.1805870125555122,-1.6522727365093268,-1.3062112226536278,-0.8693140284701587,3.1454891037762778
0.25875019995546944,0.4861045107171205,0.08369106605210469,0.4366672266671492,-0.23347254377032547,-0.6894241524818633
-0.07500594724167044,-0.6502180056355784,-0.5978097459885431,-0.7463036346558711,0.03145801636923197,1.072890030999073
0.5553577651532373,0.8591716024213917,-0.11079596036464251,0.25062683185168233,-0.491032340357583,-0.6403675852054688
1.3710694030019375,0.3050177625369697,-1.5342325232221916,-0.16291588152471234,-1.650616772019373,1.2037206063327388
-0.9229411663377708,-0.3615240719978502,1.1806957563057714,0.4185764484461156,1.5542896410383262,-0.8113059340674913
0.019965614086567357,1.2599985292184739,2.2930150763393207,1.8698586617789115,1.3891132347076456,-3.9005656618225597
3.801289462273527,-0.5202343215542486,-5.597104786298963,-2.468811231435452,-5.807769495199793,6.346218098033065
-0.35518739706188146,0.4598161417986627,1.6920242881292982,1.1165657454568618,1.37377694240112,-2.152081295925603
-1.111750647810426,-0.005748242550835009,2.389704655724845,1.320254556772914,2.509112444177012,-2.385528892112872
-0.46967444524194063,-1.0249900987499259,0.10060695879192212,-0.6128058021838185,0.9181974837722171,1.5190299439466677
0.5809105243535049,-0.3197593025841279,-0.9950707024904749,-0.470340959636033,-0.9091072749699403,1.2900009447010796
0.6503199615529073,-1.4425074842105547,-1.0496077886150346,-0.5081553095126377,0.15741072471679404,3.349220030314547
-1.04157696721119,0.22064867136200955,1.1030383524600382,0.07419249844196768,0.9511874469965987,-1.4281078937164755
0.20530136419772116,1.7500385788506958,1.2778425245800427,1.4937982256027968,-0.3561051238839107,-3.572872245635203
0.619605710271112,0.46952408794127076,-1.5476598106712829,-0.8740387248534022,-1.980379555908037,1.3658883824424026
-0.4865526323012295,-0.6126711004385557,-1.40819220391809,-1.79714563868667,-1.0253978944687863,2.1083022568468732
0.12593236091519014,-1.3473701719482551,-1.5730186032862916,-1.579061604024425,-0.44045644698129527,3.3655840348223807
0.148475941288398,0.6458845239677378,-0.7330073373869073,-0.6546948105861324,-1.2492493677075933,0.2559045729627739
-1.169982920812307,-0.717372068954101,1.5689187835011986,0.40461902757422585,2.2148174108948164,-0.689253745729278
-0.09663653788997227,-0.24752857081605573,-0.7994666772928702,-0.835955104073278,-0.6897219998761756,0.9905546523175405
-0.5554473887085182,0.17257057210250853,0.40423785412418856,-0.24066832175956204,0.1374106568974868,-0.5787558691172647
0.03332298694527549,1.7697621548537674,0.661341619979973,0.800142903539067,-0.9686423468068494,-2.868626144220405
0.45084500329988836,-1.1840096623261294,-2.5715498112654136,-2.0751503964686355,-1.7066701857189457,3.928366655799715
0.08544006900440343,-0.05392038405640194,-0.6812712136455046,-0.4562806228341479,-0.6906434402328172,0.669654046989637
0.04232163434395956,-0.6560519415375068,1.646638635589013,1.5047152316178123,2.0719418394913323,-0.2537545959165819
-0.6182678109354639,0.7618512823472774,1.0225866915838289,0.38142693337132894,0.26166750594110144,-1.9409756936017764
0.06319845657311991,-1.7605329142233939,-1.1301963686945469,-1.1690545990964294,0.4583047881178183,3.7001821402853365
0.492042808264525,-0.5028707920564938,-3.2178723837730137,-2.3770274767710133,-3.174975834840963,3.673599905111601
-0.7427902588454958,0.2552923736660235,1.424641339507749,0.7529739469603732,1.3786477614051174,-1.7252889170988115
-2.6556844963653523,-0.08070322510478432,3.9699740387671154,1.4140852977484377,3.8946884388963636,-4.132150651174093
-0.943485254625134,-0.1593281209091471,-0.5502202490629485,-1.6312596782302244,-0.7997404267352821,0.8485673475135457
0.8750691286276608,0.7065014780451657,-0.9011884374956289,-0.10984201196358455,-1.33798540972106,0.2955919471868319
-0.4997762713264852,-0.5284934517960539,0.9603651650979549,0.3764620569690014,1.495906699260843,-0.1827121445650205
0.44354933713652095,0.7976735434091019,0.1543742269131521,0.5535580746319886,-0.34642714755640436,-1.15498006253957
1.067357760646122,1.3315921854365056,-1.5599431258571426,-0.8871577127619488,-2.7683751212067356,0.2976270043346466
0.6537573227931787,-0.09197039224023112,-1.230200203981218,-0.6455154263096091,-1.1988285034330572,1.447653924959261
0.3119940626822805,0.31184206085082317,-0.5502185837869351,-0.07735675397244396,-0.6583362001089291,0.2800220245496008
-0.7082670804298765,1.2239284081876727,3.063049085445017,2.188960841524924,2.2516133839369195,-4.732496463260798
-0.07215898436130383,0.011989912354215143,-0.25537189336709126,-0.33736260493677617,-0.4959947451463288,0.32347840635970515
-0.3091348772338514,0.15862955128267192,-0.8167399184457341,-1.286704701224514,-1.2323245410528751,0.8782635321690904
-2.3561813832221348,1.3549158533978496,5.044187470492239,2.5293599155203346,3.9816388607163677,-6.980648264882529
1.4303494344813847,0.22562328042448457,-2.515252288163325,-0.7377282639277437,-2.612159033484787,2.123544245295969
-0.5809146884527082,-0.9859618601160146,-1.3742074089850687,-1.5932103188993496,-0.677778024845375,2.463358363401991
1.4260524051801131,2.126007032214458,-2.2810900882389107,-0.9150928864916554,-4.422049128867991,-0.7745635438175463
-0.1751599547451783,-0.19436530074297784,0.9065792292592616,0.6163483786905369,1.1342774876905293,-0.5735085426286136
0.6680295442043616,2.139339505864555,-0.21687853135109342,0.49544736738696415,-2.1488266461658263,-2.205900272891012
1.465877210257184,1.0982039906077734,-1.262166842034367,-0.13395297224374164,-2.115314091816921,0.1311144089725696
0.014279275140542001,-0.00495661994933442,-0.048745504516299346,0.016066498212400037,-0.20867096534160726,0.10298577803249812
0.21592370952289947,-0.12798432176387162,-0.3296431966615376,-0.11070903334853953,-0.27092944508031697,0.3267231549532169
0.4089363471020888,-0.5177344466162577,-1.9523032179529938,-1.3060424087677212,-1.6880813013749976,2.5321255989056297
-0.2913635655398617,-1.3539375021751032,-1.5082265931772778,-1.8731155810832059,-0.29084544050192274,3.230411650683856
1.3243339730895287,0.22247738192451472,-2.2526889521074485,-0.6917570131208384,-2.343971699694367,1.8939799631944065
0.8726560342693084,-0.009802681843097096,-0.6057528897768053,-0.1044175365317473,-0.6398042304702013,0.6503089333965248
0.13572437911389867,1.9152015009167103,3.2802746238270424,2.891210585804749,1.6960873280166702,-6.158788118947423
1.0634677163082227,-0.2674308274738034,-2.6791230679143037,-1.3362587933887449,-2.69908591236902,2.829708835092773
-0.3306035266362434,1.1045337769426442,1.7654615094793693,1.2253168656043507,0.7052235722003356,-3.1473293756054948
1.152677542131802,0.42032679971038417,-1.1826199746077537,-0.08472359630054495,-1.4058567955289096,0.8996659790366015
-1.3378650494736923,0.3440578886017844,2.0554384182880097,0.8852661862083391,2.0516033726504266,-2.532003262637793
0.3267290563487254,-0.6874841886243839,-0.9586178222193368,-0.647464369085448,-0.5053181033754297,1.7071395195010037
-1.648626265820271,-2.0397446524639142,0.5672628737544372,-0.25767352863883486,2.1191159855428294,1.708963510846149
-0.6496475952554429,0.4511153094213739,1.4567987160832963,0.8542674079897081,1.2068473051420157,-1.969966027723241
-0.5826708880899543,0.9213880760403047,-0.07667775981815927,-0.617416351496791,-0.8760638665743805,-1.1092184573864825
1.5389611607862088,0.9142113636176663,-3.24130983405441,-2.155433236992294,-4.126377744117972,2.3882992259397366
1.668601744284697,0.7776209977146002,-1.619608133406116,0.09512964914839414,-2.1476076475524493,0.6978496282343242
-0.6330254337781328,1.6348932968800578,4.004273109713378,3.06696719316306,3.2391651400664894,-6.555019525022169
-1.442808785067606,0.25957603023131426,4.062109641660976,2.150440964988591,4.0766742187649925,-4.226831455968931
-1.2334991628681509,-1.0561266411224886,2.695679455790408,1.0963972461016591,3.669170872592463,-1.1536698274739832
-0.539168615719123,-1.5634594624581193,-1.0217357474538267,-1.2392072411187212,0.21567436482690697,2.865099988302129
-0.49277137274341504,0.1769559852526779,0.7861941771523363,0.27463619854036564,0.6207995920074316,-0.971780311170519
0.42425957937684405,-1.281635855913495,-0.16838406587405336,-0.06875858226211688,1.0119142406594546,2.136034013809943
1.2662235962219308,0.5250936878414041,-1.0532144951739948,0.12355498644142404,-1.3117448317569258,0.5848363622024021
-0.2684617024591202,0.14167454535812332,0.8505033732334563,0.5538064756161588,0.6978706004798125,-0.9586053537549499
0.6245976918391384,-0.3381690018596537,0.9940035716847159,1.5025514471207189,1.5202401887828223,-0.4389123507440562
0.06903045913276937,-0.11527155973021014,0.9508161702332191,0.8452123553582397,0.8838091437963008,-0.7263561974556283
-1.6240186854569543,-2.5855408644628017,-0.09116878990597758,-0.31298638667797285,1.6502423207057737,2.67997554687093
-0.012335312536542799,0.38574536320031166,-1.081951983751772,-1.1136172028792803,-1.4346204563670792,1.0115955549949476
-0.8368510277940348,-0.18802054361811543,2.0643004590108154,1.4916772737616664,2.4101477771263013,-1.9213348859480261
-1.973568305478948,1.4832263366242129,4.778686655367644,2.709500344757777,3.711562282708735,-6.904886329833426
-1.3116049455286316,-0.43723146613577807,1.1218748659641962,-0.1105240537330652,1.4718717517865723,-0.6817515168763297
-0.1754413369161809,1.1082183045239271,1.1061739317849022,0.9019277180436612,0.056032425389536296,-2.421810872435912
0.6877331037814197,-1.100642109574072,-3.075815098372906,-2.1558949513700663,-2.3726379825236688,4.483797313229845
-0.6567899220833532,0.3544492296303575,1.0185582432462286,0.42390165660365303,0.7943049380832026,-1.4403908359669053
0.7477626982826505,0.7785678036873798,-2.3674144708978844,-1.89763238472496,-3.1908489882908353,1.7256918140674855
0.023931612185931497,1.5426232820225791,1.4270547456683145,1.4616857313368323,0.11661602178526646,-3.4078584322981094
0.33589575410665407,-0.1408674832262203,-1.1548874588629405,-0.7923817175927163,-1.3980724050272908,1.291696565671618
0.10119281817068441,-0.6826085407801797,-1.5017373917813797,-1.2421128711307425,-1.190962859148311,2.111766193047641
-0.2900723269319933,1.6838586653810437,0.6382767364099622,0.44142389710985097,-0.8432178341173465,-2.698207936096079
-0.9684632897711454,0.6036156004667046,1.837385397702062,0.9639052332013648,1.518151796511981,-2.5929667436337613
-0.06689711747070444,-0.1471179003521911,0.3639462660050126,0.16824696259368688,0.28633362225889486,-0.0460844707358586
0.19813009758408714,0.41775878640342357,-0.9025542101352062,-0.6472715689758148,-1.1574381094484012,0.7797948916506222
-1.078371292354052,0.416399166025616,3.3838606545966416,1.913115409671738,3.3310113856764136,-3.767639161386894
-1.6629386415942282,1.5075427595450106,5.17291280025668,3.2938961779047227,4.128143146547452,-7.274576794095264
2.2761667158136643,2.083808702461565,-1.9668762499352936,0.5709663686335876,-4.614175038302564,-2.2039370029248246
-1.9088351922201126,-1.5869417649829747,1.8819226084738399,-0.16026308231615605,3.3237524559307468,0.6139888572954104
1.6682039560900959,1.3189768795434125,-3.28807290267646,-2.3729436023164663,-4.526196935582366,1.9359379067166833
-0.5127861727384722,0.22716716857136504,1.4362892123102498,0.9761085513054889,1.4566049004351747,-1.639526947894771
1.478647193095188,0.48206005491513976,-2.215610260555763,-0.512587155907414,-2.489455041822287,1.6082798052688312
0.23937939049391674,-0.19701802975611224,-1.0421956654033444,-0.7980955955274688,-1.1616846023377587,1.2328130310739605
-0.2781419946520396,-1.7310515380868314,-1.0236384551166564,-1.1278452001914594,0.43944936144483215,3.1138202848589476
-0.5492624873722525,1.278817450242988,1.0031674946608224,0.3666030867988698,-0.3049710283485723,-2.61516649664883
0.636369995627139,1.0128090741749867,-1.2997695363916695,-0.8286598580404109,-2.2666358956900705,0.40301909941562397
0.5825489023878766,-1.2703307040512306,0.549796466356287,1.2738905689438718,1.8660505114771462,0.817983839304015
-0.13320827469460522,-0.16147711247599586,0.845565963095275,0.5809195618685421,0.9897273042299178,-0.5508280543706716
0.33682924907084905,1.408038910868329,1.0653248711910004,1.4236262307776564,-0.22301017033602913,-2.8983413397888595
-0.6004517533084028,0.47047583339346327,-0.31281962819273107,-0.9971262439638241,-0.751996287812765,-0.1865179562226795
0.7358867963567569,1.000682831751168,-1.0464170508924253,-0.5182393643241755,-1.839794733882311,0.15265136278572017
0.5298702737319885,-1.0636941382500023,-1.1386916826053326,-0.7435572825588698,-0.43858133621569717,2.5896370236749617
0.47761673142520883,1.910570883423886,0.37008500084371304,1.0272653019637747,-1.2127168546636262,-3.0905466938296255
0.21314236339341677,-0.746243040184622,-0.5775216602519716,-0.43899213808616827,0.11074619322780391,1.452680459677105
1.2494635029402301,-0.047055890521321524,-1.452531862423881,-0.1662487170686023,-1.3520762579109091,1.5585221831194338
-1.4597277776057291,0.6183104617790114,1.4952747980160461,0.3088559254475464,1.2180913677551788,-2.38335511451505
0.3567280643074706,1.2498395894160887,0.978565191343023,1.3661740368232862,-0.16952403727918375,-2.564742451905029
2.661900608656796,-0.34008353775777067,-7.145066515648747,-4.589909379413144,-8.03984990357329,7.454006012187106
-0.3101143319424333,0.268463389773686,0.4993520001155147,0.09153585197762538,0.14058094032362659,-0.7215969189626388
0.5757744328811688,2.660035419542767,-0.5049902475189321,0.331208461024746,-2.9008779678230723,-2.697934465978512
0.09019328692270685,0.5169398197877183,2.6583517980498463,2.6656821018729406,2.667280505296546,-4.2700765311878595
0.5407191359260547,-0.05850614340751216,-1.5140829374198757,-0.8914907535754019,-1.6296491526115306,1.809414024004963
1.4060520277402,-0.5475315413130273,-2.473213297721399,-0.9410015357682292,-1.9530288750145308,3.20393177078774
1.3122261901296508,-0.3176632132606122,-1.6875444676171303,-0.3610266322371863,-1.1841982116289675,2.1830530820942573
1.3070361038025955,-0.8185822060537281,-1.0128821672320976,0.17957956910014003,-0.06231220637867236,2.2659996251021197
-0.6041440094128033,-0.7639608721548331,0.033826970977121076,-0.6258092628368258,0.5443685089978684,1.2401796093878614
1.4794295806651323,0.21117795403028844,-1.697553899058185,-0.10994780721610453,-1.6445776968422015,1.3945462928769476
0.9988774631276345,0.007328715750026195,-2.112016265745125,-0.9254357751366159,-2.0561951798636935,1.9616970954853712
1.753963578383956,0.4249135026817304,-0.731618858595459,0.537321165819436,-1.0263784004680463,-0.007554868745446572
1.1655431429244738,1.546272858004146,-1.1453386871567581,-0.2922358378853701,-2.385151815469378,-0.3698531914445291
1.0341198589345066,-0.5642454690370975,-2.523572086545068,-1.2092529295280623,-2.0755687327869525,3.1314625863580288
-0.7352433742461038,-0.5149487149157431,0.8998369712276115,0.2536155154750494,1.384434712900462,-0.2397063697307312
-3.02657629085734,2.3547469691680156,5.512948841065404,2.7021318232474556,3.910177372779618,-8.797415054307743
-1.3123313310933444,-1.070209039444337,0.010186483881460415,-0.7325910648579815,0.5149873037637581,1.45378806437846
-1.4234349760412457,-0.06035655127287652,0.5453762835200343,-1.1066413053756383,0.38086359902604094,-0.5542990558632589
0.1839522954081929,-0.544592063515901,-0.39114245817518,-0.3410898204594518,0.10326949199138463,0.8737969635220442
1.6289537955268316,-0.4730419777470101,-3.49543212152919,-1.8595807688169776,-3.451453079549547,4.012601930253628
-1.7016256350934054,-0.5546961010276088,1.8546666319165588,0.24589758680075718,2.204454120979247,-1.2639618554837388
1.3132492001848153,-0.023968502539669936,-1.7420953408551676,-0.31254360755208666,-1.683607980464571,1.8003037487908131
-0.7486085410555386,-1.5418162058937415,-0.14695657150340388,-0.7029996500763097,1.0904975513200141,2.0076238250364113
-1.9634659115366486,0.5322311195289678,2.1292798693051216,0.47007661535612244,1.9597192903313185,-3.007865352363892
-0.3309648234232985,1.1383259172356273,1.980635740980609,1.4338523259502114,0.9367702264971742,-3.4403764083852906
1.3840164112367512,-1.4743224538271995,-1.999268251174262,-0.4967412262564919,-0.8352935045607942,4.041361631969625
-1.557926946179862,-0.685275024182823,1.0356098587988165,-0.28673535815113155,1.6154849324789766,-0.1972098239711401
0.05970277138739414,1.2892858749020035,0.6957906456956566,0.8000205024902508,-0.41889203796658203,-2.3066828871901093
-0.1114438939518808,0.22051119348519427,1.6716981480468531,1.372289073619406,1.6719678574380656,-1.5481992804756646
0.9637716069333023,-0.5401128732587027,-2.057476852992617,-0.8350518613840017,-1.4669134740432483,2.687320403594814
1.3064361139128704,0.8140281233674411,-1.0057403305975217,0.12180012444640062,-1.5120549810381307,0.18550410897967443
-0.286679271281281,-0.576531238061476,1.2442225881406102,0.7039926058617793,1.782850015935945,-0.39102519582006523
-0.28520142134728943,0.7615310824269704,0.9323516375446789,0.5022665582111915,0.0672056585272362,-1.7502929690960254
0.6466006364498449,-0.5973232690592938,-2.2725423409902366,-1.2764935484453412,-1.8949050140964394,2.8791746542227235
0.7061066460559998,-0.437328212045139,-2.5309826070728674,-1.4030114866041965,-2.3243198829995926,2.8305967933175933
-1.8215422274881135,-0.7574192744490056,2.4369263369620664,0.9292973833141486,3.062047049306923,-1.5829188292096878
-0.14562530011466432,1.8249997075134003,0.1347502601194683,0.2670761930272374,-1.5266618308991085,-2.3788050401336167
-0.2670972089236153,0.7626923514368308,1.3889573573860923,0.8730808571282443,0.54726903898927,-2.2588673830372223
1.274246790447301,-1.2013052883635595,-2.6082837882803043,-1.2967109258836684,-1.2545531894234256,4.185833663499973
0.7402714197200679,-1.3645863195462937,-2.183782903807609,-1.3418469915069198,-1.3340220875245368,3.861770522543204
2.1060337829546554,1.2145088103156103,-3.975572896688185,-2.4280943998778817,-5.162265380998514,2.665784613245436
-0.8506251210660478,-0.05606416700955275,0.05149723917406801,-0.9366268973754933,-0.1520099469470229,0.024686487766464822
1.6817369760161403,-1.2922834614728627,-3.136887542820645,-1.460005667669899,-1.77043043050114,4.981246617787735
-0.34009358017332797,-0.7078418973660403,0.5528348749063826,0.06284499364895624,1.15757065328525,0.5456815000404566
1.973508202202185,1.23821038818095,-2.5205014173239726,-0.37401903904046063,-3.7234802521522936,0.5579196300291589
-0.7257483892573989,0.616386572548754,1.1518285101396046,0.497754051389915,0.6675398787099475,-1.912919237876652
-0.011613808436764557,0.4183048968421433,-0.10662348811630978,-0.0792387382460359,-0.4844753914579273,-0.31595558002439705
1.1980138845565125,1.2008308931930844,-2.2503621162916843,-1.5361778785031341,-3.314286930070193,1.053013577037906
0.5206273307795504,0.30334268648763907,0.2709179651703019,1.0087826768753076,0.2919413294217263,-0.8842092627171465
-0.482752037732504,-0.6307064295627588,0.0952832553007543,-0.4233517416098603,0.5036239451661522,0.925159963695981
-1.3867513830001321,0.6176874869756765,1.7909890330925322,0.6446520209358447,1.5579902884657904,-2.639762887509613
-0.03705550997548696,0.9102910838150587,1.9006503059064024,1.3702506754286743,1.1690798657129209,-2.8783222613338393
-1.074315273695766,-0.9473219127005843,0.10501523893035858,-0.6607873619242526,0.7217035611127556,1.2949731721693676
-1.942963653563733,-0.13556815554464546,3.5580224826837292,1.7125931196070738,3.689430087453744,-3.472748349171549
-0.08458114142730337,0.0589168962175152,1.5531077290830742,1.3450898675558218,1.7103080153433703,-1.2514954051554144
-0.27845899769998866,-2.020144083191298,-1.670076881293714,-1.5502906585986767,-0.022346210234392587,4.2588535555085745
0.32506870571115465,1.3384174060545004,-0.8619332968500251,-0.4399958351772072,-2.018083791899017,-0.5172495575864444
-0.05114175178806618,0.17639972309175378,0.8600831361238798,0.7410514725955575,0.6360508607539966,-0.9942651299416452
-0.4205960915640978,1.1001970882221983,1.3479768006064163,0.7735031026294455,0.21135196984030505,-2.6568192987694714
-1.850971466988009,2.012359344111825,4.463852671638313,2.771349091423963,3.182571801355211,-7.316529237783803
-1.4202337924932342,-1.1924336467375598,0.43766741362052924,-0.5466354864870874,1.21489778572756,1.2454687603204655
-1.1394735798494335,-0.43927293922374877,1.6575991069844482,0.7526780653530919,2.10293662779067,-1.215924103109865
0.9928392157709073,-0.47170679964692896,-1.813080431407244,-0.6403835929605614,-1.2103888300561838,2.3899503859962556
0.15775526349865893,-0.5197986086532308,0.4492033952654514,0.3260577605239885,0.794123434551703,0.1445620998249431
0.10384228810639733,0.09189681468846751,0.3021053864452235,0.4719578790982775,0.10956029209465883,-0.3250064297825578
-0.20283736250738998,0.14054357494858682,0.6543900773500576,0.376881447972855,0.43286494622403393,-0.7376798126657937
0.3527596968373953,-1.1797902079556073,-3.220514449958197,-2.6390868128285847,-2.6900103348997364,4.959952600589089
-1.2594055141334604,-0.6460563923857381,1.1689311045140511,0.15343667795345012,1.7283744127642229,-0.43444010765233365
0.9158903007881197,-1.7733056712555626,-1.981229162501239,-0.9738629996121213,-0.5427702517650446,4.5537414492343835
-0.1301275716876735,-1.1876309777242653,0.013718872144160392,-0.09137643177944252,1.1115473359688415,1.4198601154522676
0.33992585506380035,-1.0850693602119026,-2.6233652771392477,-2.207181619037116,-1.8835806981777756,3.9356726317921287
1.1550291632988146,0.7139062633124473,-0.5207759509781732,0.40644282029943846,-0.7799879490119622,-0.21884445772144892
0.5738387769386416,0.5177864149045859,-0.7258128158157469,-0.18043869607962054,-0.9644386171548526,0.3840714590337033
-0.7603097508080653,-1.2361147701535309,0.39825357812237683,-0.47732972290573233,1.4948339493825331,1.4539762771141076
0.06754178682577394,-0.16298027296704581,1.2537222367063017,1.1711324658333413,1.3455298904912132,-0.8133399870313779
-1.536485163534384,-0.6891504504526975,2.0046331104814037,0.7120704161071467,2.647810045624607,-1.2220010216552155
-0.4397534169944583,-0.4363423446309924,0.9098652078541978,0.42719031607840596,1.3837109548249877,-0.26981228247073785
-0.31884259567570716,0.08047288550003416,0.750368144017275,0.38958097807109504,0.6272831364598951,-0.8040105286053568
0.5975358697422383,-0.10965906555110122,0.022688670248401644,0.3495012911425744,0.24988747434169561,0.08312656488169791
-2.4981915866255786,2.100916544453898,6.454232248162154,4.292343089937277,4.225071034622588,-8.980917152346906
-0.041399725489920026,-0.41799496078123277,-0.23408664597159237,-0.44163180800678054,-0.027517197976865894,0.7250538628806776
-1.0414225443068184,-0.2560976128864141,2.84081469746406,2.0417189366123445,3.308929537273031,-2.3616300771430563
1.0906081680909685,0.2691320175335744,-1.6050644205943014,-0.5200334910286412,-1.8254819666696076,1.5069743121443697
0.649638529599456,-1.4305058647134394,-1.2929865416672608,-0.677536462314388,-0.20293936483552452,3.4364275236294137
0.5181964386256577,0.2284464173194836,-0.6053772559094772,0.12833892029041968,-0.6310178351927043,0.46508113463575695
-0.6610730056771796,-1.3628733294239257,1.5619550189245057,0.39827635509509396,2.8248708534960127,0.4766491246768536
-0.9224844283353412,0.5203213236776321,2.1881640580910893,1.3083934702851194,2.001824891654075,-2.82913742708097
-0.4959194039495153,-1.8946915096993506,-1.3416904431663141,-1.4201134868051577,0.4225640891948365,3.4600671155532794
0.47504086094884823,1.576582266130901,0.5427578229877835,1.0744094221599392,-0.7059885164741562,-2.713644924758504
-0.6487197524611845,-2.027265145746215,-0.517352797779327,-0.8293127748918276,1.0358312831241567,3.0386533341535946
-0.11035154240586531,1.3605361711490382,0.3767192260570369,0.3493397635109603,-0.7812261932600445,-1.9592808694459167
0.18274679037323938,-1.853148768221905,-1.7064629308182773,-1.5220841320092655,-0.16188406391747473,4.403443124944447
0.4536520498430548,0.8248885462495025,-0.08743969968090642,0.23422569099447266,-0.5028945607139923,-0.6805941059617524
-0.43926768322675713,0.5038346996121819,0.8698910712902383,0.36901977252456314,0.3700904747633342,-1.3988320721054686
-0.9786920330445794,0.5559301773603944,1.1985815576716459,0.38611071161702026,0.8765690783311788,-1.9214251371861304
0.9444178963219887,-1.8669393420267713,-2.9901605660985107,-1.952573232175027,-1.3996404040080763,5.491746555024605
-0.9851885717929205,0.47189449313648735,3.513211565560624,2.0532087377730264,3.4590291904666213,-3.779860739120063
0.3326693814578153,-0.9915285474234371,-2.139909910332924,-1.6824745958096274,-1.623480595706924,3.151538285989501
-0.6845523300079192,1.803401157371732,1.4589265481739453,0.6570580141875804,-0.20490878028120613,-3.80576213406792
2.0795114059691833,0.3267780556718801,-3.574247168033794,-1.023442203419048,-3.6078235761557313,3.0790415946404806
-2.2485122280099854,-0.24923334808675754,3.723931150491977,1.6440483939098605,3.82627730835476,-3.62728066789264
-0.7580978137124523,-0.40743429191870634,1.3908255326930659,0.6812193534578354,1.8479767807950973,-0.8965698580671613
-0.08458757647840955,0.16693748864181313,-0.5444353214370213,-0.6151422064412426,-0.819124207533347,0.44280765268438493
-0.8777405754830993,0.2975299167448846,1.2576274723932634,0.45829623577248385,1.1139505960825609,-1.6583246583900126
-1.6561972662803652,-2.6479693537863556,0.3866196125812643,0.018543502225909034,2.584040458160963,2.1452740767087333
-0.7098446279638962,0.14621922969933593,2.338448646316499,1.4913074778252655,2.515147334346618,-2.2997648738072725
1.5306968028094283,-0.05389357138200202,-2.108799974731087,-0.5139381184827679,-2.0033900237767077,2.273473082156407
-0.15949661441407292,-0.5078295872912126,-0.2287005895088653,-0.6382290305396353,-0.021109019318214087,0.9710598020347853
0.14403312564446155,0.5097814913762185,1.4604272256166526,1.191130709406711,0.9227081826492257,-1.7026798227900792
-0.6382682452727991,0.28285552255926255,0.8375152122393217,0.19716709095469767,0.6154332978343997,-1.1562313813834326
-1.387203183277674,1.1607829166101828,1.6675150539689814,0.47365762377028536,0.7176068116857551,-3.269289029005507
2.2691058657425356,0.025357963018045222,-3.6440634659421467,-1.3297199834599287,-3.6932952458815813,3.7494027309704827
-0.197648868217689,0.4895722778492546,-0.19494551501943103,-0.40122278403513456,-0.6031172755910846,-0.30145415516435914
-0.19497710450198827,-0.3076807772830336,0.45711906101285005,0.2121483607930423,0.6742861915095717,0.06313061365134591
-0.5999317408488751,0.025932239069053398,-0.9097364135724664,-1.732245694356673,-1.3247268342066372,1.1091895787991475
-0.05364165032735615,0.5831006962332015,-0.29629013617940597,-0.38519289585900957,-0.8046908726254918,-0.34520146472965396
-1.6463602695537487,-0.9667112195519385,2.2049715782617527,0.5651332691596771,3.1185741446523987,-0.908757385820821
0.3176341988652198,-0.4255643365378306,-0.16104174800347126,-0.02503006382441146,0.1755106484314104,0.5150409767222291
-1.1282913931021161,-0.6985097658323735,1.3284659918692405,0.2720982302085238,1.9449202110510175,-0.469170417988539
-0.26062436576841735,1.574588137958183,0.7625905700076172,0.534298565895532,-0.5740513061665847,-2.768728736691612
-0.05634074838018537,0.5426358883272326,-0.8248738160357931,-0.9493959287997317,-1.1867324717507797,0.5303662150164258
-0.23657697029147678,0.8157158973055851,0.4467755044743476,0.20569739115329821,-0.39933161542890383,-1.39288195112621
-1.2265500537549447,0.020440589030164893,2.1371327773848283,0.9569724699846646,2.138265773281129,-2.2623685951877732
-0.22271229697003342,0.07775638650255556,0.37144308518796,0.04548990353637221,0.11757365627501705,-0.3798836107417388
-0.4505269484448894,-0.35363493531462986,2.0922314683436007,1.6468117147606764,2.5677588017755135,-1.3575091635777754
-0.24105117904304274,1.1878095709650855,2.5024826143004293,1.8568981949519563,1.6485358713152614,-3.9727380235703436
0.9307521012094961,1.603108897605287,-0.9144229639140483,-0.09751013481895494,-2.1149480396539344,-0.7019631965743579
0.9359055134676658,1.7699000314404243,1.1870629774067858,1.9422830453907778,-0.1381655232341093,-3.9108339125898355
-1.1236606447985273,-0.6072785155175607,0.30380673984054674,-0.4707541988362863,0.7789317256376223,0.4546201622727073
-0.011907048101145621,-0.0788603172226219,-0.9567814046950365,-0.8126947296328135,-1.0419251101146012,0.9440199523070816
1.0660738607995397,-0.525021309048424,-1.3479884007593113,-0.18470784908085133,-0.7948947375411276,2.0166114621171247
-0.888912361348552,-0.3706543965660208,1.1088656646851454,0.3798072151702878,1.4886624726161128,-0.7266966005705502
1.8226479014014372,-0.28529809976792875,-3.6790710974578116,-1.9136632794962294,-3.911998180253451,3.952476139770912
-0.1173648661218544,0.8068820595174228,0.7601671006191756,0.5894812321854521,-0.08453341548984898,-1.6300892658660775
1.4275721518053857,-0.14139340334912182,-3.8710148544391427,-2.1846766738515515,-4.238367181407134,3.6995960403294026
0.8240017732576147,0.6902849837697689,-0.7120835983511934,0.0124186680161829,-1.08025568583952,0.10363960041785501
-0.16891476438431918,-0.6510930730209119,0.6598224829301705,0.28194218685763356,1.1846356568509862,0.3393991344437858
-0.2529086145345342,0.555109902955122,-0.3337864821285258,-0.6287115135174568,-0.7648770310688989,-0.24537176352165538
1.3452831557465916,-0.5678373075651691,-0.5634585571439035,0.5029568264250028,0.2644551262582489,1.4119939628137013
-0.6135715192494635,0.8441439928217781,3.5420769064148967,2.5535732199223458,3.4189017598753852,-4.854336096720168
1.5449732465701065,-0.16774572510948862,-2.609070224820846,-0.9519714494091343,-2.599634576815405,2.7945542141810833
-0.3717078865253463,-0.813040837959698,1.0127402334755786,0.3195600845951131,1.6860955707650929,0.22515453866061036
-1.2941316858861596,-0.2781035481082766,0.6597371874204109,-0.7174026599993403,0.8344115119465221,-0.3923330655138325
0.13506324953306903,-0.8249223419799545,-0.5458344147832519,-0.4426687879986056,0.18520646820145092,1.4480743505838995
0.992231566460955,0.9069204121464454,-0.8600571544843655,-0.10701592617885466,-1.463585838459776,0.0022826871176249014
2.0064640998761143,0.23808441707698916,-2.867881698118158,-0.44192102577523584,-2.7817282863500545,2.6417254171966635
-0.14561298380682675,-0.23193117988020553,1.1665453102448327,0.9066378841331242,1.4651589900874382,-0.8167708765172904
-1.4146328414449816,-0.3239878572639985,1.1006002495183336,-0.34032523046487045,1.3084280705926836,-0.79489043013062
-0.33344792358086833,0.3790959595176349,0.197672108440778,-0.1971851943003899,-0.2357710091154479,-0.5535425706236022
-0.5710795727558582,1.3381910208894594,2.4885767754413473,1.7872314303137125,1.3942022576671118,-4.281541536174384
0.47622884334287446,0.12067507444686945,0.6526362530931004,1.1893280519126448,0.5666771575344163,-0.9161819378120253
-0.16138438680539197,-1.9586153029253919,-0.1659558905773414,-0.3494552546660804,1.8115360824704176,2.723891703363495
0.9009630069593171,0.418174585550083,-1.9563767316988434,-1.151188518296196,-2.375594187060545,1.7198209078859674
-0.3258300379657096,-0.7474583213183574,0.04536230000077121,-0.5666894261924105,0.49897760051878115,1.2929186257792302
1.2825877362505549,1.3697216244935453,-1.5952913800521253,-0.785806351085112,-2.803186282753593,0.2530538552210526
1.6667807959923362,0.9312490006090962,0.007228239144616573,1.15166334437227,-0.6373372698147617,-1.3610232486029297
-1.7961738069858224,0.01449420536509735,1.5910571014964778,-0.28817359345765076,1.429661488351767,-1.803732914700811
-2.174410679970481,-0.6694231800378595,1.571169669894229,-0.661909400307222,1.8664607889411096,-0.7626476786303605
0.9430263878121713,-0.45599428776505807,-1.7407063702570178,-0.6156895612571068,-1.1395539576895277,2.2857425050967763
0.7494557252775661,-0.6912575991528406,-4.024252986631823,-2.9258191656303527,-4.123069525598001,4.734080228947221
-0.29994721435707333,-1.5916176021868003,0.8129748656876578,0.4233878991595484,2.4052688701484244,1.143340590293042
-0.7241892246038796,1.4813311067898636,3.4709752102726457,2.5692864414441114,2.541765299323552,-5.522065620798507
0.16154637287577558,-0.6558623383564239,0.2815204998508049,0.17550206004689672,0.7710392563399356,0.4550310887375262
-0.7514579056288767,0.17249523896598581,1.3178122365571296,0.6175547863102456,1.308568854590392,-1.5406107868141552
-0.4902800590120729,0.7547624729734221,1.6956136815280112,1.0323160025509321,0.9635674936619627,-2.5978312964786237
-0.9547121225904573,0.10137537514794635,-0.02168499493997409,-1.1787002123096981,-0.31188191156614165,-0.07765504796082873
-1.1869231261596955,0.0917023086951825,1.007798755809296,-0.24852952017256857,0.8947933362932291,-1.189755900325498
-0.5666014171348142,1.361117647154272,0.9994974744107891,0.35168829557969594,-0.36577139832864936,-2.7355996488547434
1.0899842335726047,0.788995448280799,-1.1211712748043978,-0.13105709411563454,-1.675604612391635,0.39999516839019156
-0.9064495827965592,-0.9186475656670291,0.4933242353039965,-0.3336815058687457,1.277030438081611,0.8958481508336621
-0.7051285855999887,-0.5451647871135579,0.3359518478795376,-0.13586764988201527,0.7841404947991563,0.36483127271757876
-1.900943525422657,1.0133983431507383,2.788335920978124,1.1210371615410768,2.278720064026252,-4.199126125233815
1.1126601332383217,0.8353580292169371,-2.5810718440040588,-1.9085772680533768,-3.3138936679280415,1.8460845368817427
-2.35702161096073,0.10807027251963092,3.452496876213925,1.110111351043302,3.2856077256011385,-3.7944905643126114
-2.2010964029090885,0.14152828132434417,3.47290339830856,1.2657488926294032,3.3648702740093,-3.7689240781396776
0.09315462265969368,-0.21233085327507376,-0.1367230502323311,-0.09236929559458705,-0.050445953606715804,0.27080114038770253
-0.2507730041685304,-0.4056865588316809,0.0850586558507264,-0.23587643464783709,0.2344844244428064,0.6328657783880719
1.163652340411063,1.4678235704004667,-1.6222891575683962,-0.9243571264209496,-2.956856735442918,0.21363415779703743
1.425074258355898,1.8702622912837978,-0.7732395877201126,0.7829172000918163,-2.432103902057234,-1.8452843453659413
-0.3945062269485825,0.05703836860734729,1.1859487578624586,0.8469175965532227,1.227050747248366,-1.2548517977395972
0.542265398699636,-1.6903024636168387,-1.6868471765564277,-1.1148073243242216,-0.2689017438988023,4.074398357145649
0.9054577870183265,0.7125048810791732,-0.5335085597077087,0.19382016120991183,-0.8527357028753659,-0.1434965491856491
1.564122316690848,-0.15530513804021162,-2.1090366860709366,-0.5764180940381134,-1.9273715468777792,2.437879500415152
0.11175963166041976,-0.12075606982865703,0.6352761822713908,0.49062146417366437,0.5027601867856955,-0.3911472938013003
-2.110567674526425,0.05053598022419248,2.338209830526775,0.20634678632023695,2.10548968243203,-2.6791035877078655
-1.8032459711031894,-1.172851192453146,2.4303719386026486,0.5042139726731815,3.549053538468501,-0.7612694067694515
-0.3271998718243501,-0.7071399351683182,1.8709147011539087,1.3703367675234914,2.3703141524463245,-0.7057456764030451
0.15825058994726357,-1.3685782900495702,-2.727438548969779,-2.496702546539702,-1.6698759971589123,4.126637560739785
0.318538440837154,2.88339566328782,1.929381279943601,2.2750798339849863,-0.7138649836853953,-6.091218694351865
-1.1967972662848851,1.0946390908828036,0.45267821774935635,-0.6122527538758327,-0.5041864942989217,-1.9805285521137619
-0.391798075767453,0.16268641434620817,0.905871609328676,0.5093486325759479,0.7722494986480517,-1.0628422301526252
0.08080522345434496,-1.7555542137045743,-0.4416382228971624,-0.2862593305947381,1.3814836296697233,2.619675928876893
-0.8044886549735565,-0.8150225543720894,-0.2532551143072077,-0.94843617323329,0.1380518912920225,1.6025828550083703
0.09798742490255839,0.24577260375386864,0.27921654046682404,0.4099534048940462,0.04106541734202357,-0.4569621565282337
0.34448606353853256,0.4405767117398804,0.6937812779272677,0.9852524428928526,0.18356274871952008,-1.1678724011637593
0.5814083910333316,-0.27096783033085753,-0.6095486109238263,-0.22861305953083413,-0.4782297657692577,0.9493410373322774
-1.982739446380519,1.1997281740611645,3.347156474304594,1.4958744905972712,2.613446102989978,-4.982148824410681
0.19987970959756143,-0.9993021019704382,0.4797564154477057,0.6666670725350852,1.4820152535292963,0.5630891694497119
-0.2898714854911817,1.2018346881562842,0.41193999530789754,0.13073568207631184,-0.703930762878446,-1.953926320951176
0.3958736111258992,-0.40268204052344947,-0.5111556619110369,-0.2748716979868736,-0.21503412778715866,0.9436622335449322
-0.9732429144476643,-0.4798618861114214,-1.234626836619369,-2.3151838967337763,-0.8997362615643488,1.9951686929688979
0.07104888464740078,-0.7891521445700351,-0.8224640202531031,-0.7386448673794126,-0.19207282210050466,1.6415940709112162
0.5142484376129481,0.5814702609268565,-2.4554011291950273,-2.426051247547082,-3.433439308163163,1.9079104598101846
-0.3601287936862176,-0.7171522132567344,0.681620770266507,0.1378202655163063,1.3006455442984586,0.42712631767517584
-1.5890617437878118,3.0207567242096705,2.651006063069063,0.930008453626854,0.07932289636693172,-6.877308738875251
0.8311444623829277,-1.163809238720562,-1.8167723029792524,-0.9261612038030337,-1.163660177587512,3.363268540722511
