input_0,input_1,input_2,input_3,input_4,output_0,output_1,output_2
-0.8549151638263859,-0.1027522325581,-0.5514008220593218,2.433556266048285,2.661558854440157,3.427377403398178,-2.6491798319382167,-2.8393797334114814
0.39998011591871674,-0.48502731582159275,-1.8715255664789934,-1.6003817879962783,-1.0524528938775386,-1.993849591238886,1.6829105414303167,-1.5569389023296551
-1.4587798083570442,-2.0800625814921254,1.4807137640027168,-0.7607079692676191,-2.7185722343114236,0.5213123649173339,5.407934503501797,3.9328509296448857
0.5260730861552808,-1.971691377562371,1.3697026924512352,-1.7150968402848266,-2.700031553762432,-2.308797268643015,5.435411570759038,4.090093561306122
-0.654629393305767,-0.9468919978855158,0.8320058646443192,0.8870879531487911,-0.9908728216142613,1.6126810419744393,2.0985351499041007,1.7777441489424914
-0.24037584151072322,-0.9479832547498824,-0.3509989564105388,0.40558754988601564,0.5052995374528171,0.7606368931190872,0.6036604315316126,-0.9362297841176922
0.25632518528902415,0.534812712262517,-0.9468033403092534,0.09651048426015897,-0.4158150569782999,-0.15010859629581352,-0.21573596766196884,-0.8626707937011576
0.6578707344912952,-0.4412420926947246,-0.6784927107361671,-2.3127298634607354,-2.142672050030409,-3.08042423740658,2.862645551523953,0.8580042941051501
1.1821554169190611,1.1824534294407154,-0.5201411589961039,-1.2748067356233206,-0.3454043700660652,-2.4724097874036266,-1.0125480001801037,-0.27980221277240835
-1.0394675584864155,-0.011976154020819165,-0.8895085155350765,0.705653862281666,1.476913039759483,1.6890589676618069,-1.522819110337174,-2.312080551366249
-0.13284377060969926,-0.531415391823085,-0.30500594375153156,-0.6208216872685015,-1.8827097514871318,-0.4824565482517525,2.6594790056965762,1.1173154472048619
-0.4603608203887357,0.6291178036166892,-0.1986702705703514,2.3802695694490614,1.0562491506327039,2.8194954380343913,-1.8215414800460312,-1.017171540484267
0.1252330998714043,0.6263751615966163,0.543369640342453,-1.7287330988657332,-1.1319585210700955,-1.9923263314065018,0.3732969172178136,1.6488449992424994
0.5397344217184472,-2.457678263290868,0.17714530069236017,-1.8687194376755358,-2.758781904443584,-2.748426739126253,6.423659056859333,2.6352795510618674
-1.1276255119688525,1.9842496914598817,0.27489630381554053,2.165789497005227,3.304932025062825,3.445140250338341,-5.859073623123969,-2.2301588077051857
1.1282537431227215,0.8292660113729743,-0.8689676485678034,-1.979780110081722,-2.226982274112008,-3.181355638871382,1.4060578675290274,0.8216578325788284
0.145055001223853,1.1461633970321141,1.7849561330672836,-0.8214357651403653,-1.0660972655690344,-0.9309949624347125,-0.5917396712754877,3.0903598876897274
-0.6391995956765075,-1.432126076149852,0.22717829106856793,-0.9831744396949512,-2.805911472408447,-0.34362371491574234,4.717325830309803,2.533487326253315
1.2654656248176084,0.015468557754529773,0.5284540132893055,-2.2325802582897447,-2.5323717808008657,-3.518380273624483,2.7785480974494146,2.7771983484177376
-1.023466271965453,1.0683240685252102,1.4437754692788105,2.156332484248676,2.4004617246845497,3.26886523630146,-3.8737082978834487,-0.04686805736424584
0.5589889774924192,-0.8661772682657392,-0.3226444371270605,0.9556860531626942,-0.332119540220733,0.5047508471526609,1.2363314557312268,-0.3077353537805024
-0.808320184683691,1.3463415524596811,0.40078380300798433,2.5817962091502675,3.789824998008875,3.612965105151007,-5.6978756674550395,-2.418978582233721
-2.1021247007730435,-0.17637159796123963,1.1712839298881623,2.067955803130498,1.385258910226458,4.172803049528976,-1.3990822643770588,0.2735232588943494
-1.1059861966265068,-1.1109439902321532,0.07292848812973382,-0.8155282506101396,-2.0814137339124827,0.21316706493851992,3.588968566838501,1.712107644842508
0.13772808443414525,-0.19845718491779463,1.2111606067603644,-1.218345397224852,-1.557775081454381,-1.4062850680267271,1.8984836464272754,2.8458191538152215
-0.7102423745875026,-1.7822154646414377,-0.1445381814336672,-1.3895721259629803,-3.208938721993697,-0.6886837873213754,5.567721145308122,2.424645935587286
-0.8191652260014155,-0.2580724699010387,-0.8702692772989583,1.463258423753003,1.4286678554542958,2.3536554900887277,-1.1868630858061655,-2.240903856104736
-2.197678929770428,1.132156350936196,-0.7525791546903456,5.396088599887873,5.2701593170437295,7.851558793130171,-6.892943062413327,-5.012960167717142
-0.30117707909169505,-0.7831301390490183,0.182493627611395,-1.6649425277482295,-2.30079622180607,-1.5019711243880545,3.445642729881931,2.10438137443648
1.9364481049434479,0.9584861600310305,1.1499208644533323,-1.12768343197669,-2.192390642752519,-3.1706474555647985,1.661029939539569,3.2169089999771625
-1.4597895998764707,0.3446176936317832,0.8406076795456541,1.9198805896461573,1.838512368156069,3.437994328624752,-2.4351267333509616,-0.43801195846857177
0.8189935019496208,-1.10265212845869,0.13422030539329868,-0.38951658396505295,-1.2038262572226706,-1.1304610759827687,2.598345758935551,1.060012668831146
0.7239355377172734,0.11596394655502605,0.08049190373601428,-0.9196528961360301,-1.6945169147518282,-1.6220782369152567,1.6832508719371126,1.5417421642297764
1.2197731560422242,-1.2900506201680872,-1.9215973978307683,-2.0929689381023664,-4.33828660235561,-3.4981783245177445,6.053536811655765,1.0025204608323397
0.21408002020601125,-1.7210773588005503,0.6374136264353369,-0.4994267968895565,-0.45861729478889846,-0.6841852908251937,2.588702011560369,1.127651215178016
0.30171361064150176,0.14460957637430455,0.30906753484701177,-1.3883565055657385,-1.6586252010800877,-1.7148631770847296,1.5858386501275614,1.8165444269341633
-0.7811255560866847,-0.0956795317766372,-1.1647455115126735,0.7986276840919623,-0.6823781823193037,1.5502203792371019,0.8832478113553538,-0.9708796507201729
0.4051383890280328,0.793322814981364,-0.8897381675843423,-0.7523945304524957,0.5680815772832867,-1.2091246800748492,-1.56766839093236,-1.5954522356009104
-0.24110655479816295,-1.7310383217641454,-0.5156424414269993,-1.3659352438985894,-2.623986050246164,-1.2419969575030303,4.96392561602875,1.4810704368262904
0.8899049209084856,0.8421899155875056,-0.22970588957739638,0.31088056949284515,2.4589539073714204,-0.3993215149215,-3.565595166921628,-2.1247570327908236
-2.5252484905553514,0.35701829673206187,-0.005403263846068672,4.2802551274568525,4.69615196443411,7.002943247048737,-5.223111791764272,-3.776270883578766
-1.0368073773532767,-0.8237581027600912,-2.5068470255629065,0.32036228778669495,-2.122095654302396,1.0056206650763417,3.7964087156182775,-1.4385553127265327
-1.691442537447771,-1.0470737692942946,-1.1860311228139666,-0.1823093246873684,0.12824924258750442,1.1520370771230541,1.2111333379469036,-1.5615047987862094
0.6903698452577011,-0.38196797319525977,0.24016840398063652,-1.0002144809350797,-0.6393990225137287,-1.6311708272847794,1.149985120940999,0.8328644314331393
0.4297274305022094,-0.7024173620336764,0.30971193090182625,-0.037051085391964084,0.06771495293883567,-0.34236388465752704,0.7232478762519802,0.2970772462269769
0.36531720940948575,1.2409023790912832,-1.1282417567041845,-0.8120149937402377,-1.341152081122478,-1.3461941777534705,-0.07431549369504628,-0.2752486892263122
-0.04912752770993467,2.1417236387294767,0.01838613848366344,2.640912405021565,4.842776849594421,2.9405846514790994,-7.763218505078009,-3.7438577476596406
-1.2957363885936597,0.26017900400580407,-0.44315030951424594,1.4264955174810858,0.7467516755021498,2.699261049459594,-1.1032304716548558,-1.1606802834254457
1.058718161491371,2.2832148036407443,1.4889733963515908,0.8049619639432778,2.598016572741397,0.2361364379698332,-5.98428835148805,-0.3588604673394867
0.311250829485972,-0.9129632766461047,0.8761719711263714,0.4319610025257353,-0.6255460286907675,0.1723912909598332,1.7532648487958282,1.5504570924280243
1.5520560046063512,-1.5154128250735488,-1.036123946935428,-2.577590700693691,-4.244445445368621,-4.190396201896772,6.367690801527716,1.9768693135898427
2.552299531759552,-0.04223467897887056,-2.3586699246328853,-3.6922002262063947,-3.7873391447049105,-5.665758188720308,4.27556944362765,0.1587795057370801
-1.111363292396584,-0.9221854899108034,-0.6459359718995726,0.6212862381516007,-1.9110142148791263,1.805121194258399,3.174974895748087,0.6907585245657937
0.06244026027360493,-1.371669053670608,0.042051912353789356,-0.7727438698041843,-0.9250794469860757,-0.8357454500822987,2.690402193250337,0.7550090934863044
-0.23729820040950023,-0.8587120318808411,1.2182381477904491,-1.0277308105591947,-1.842675486223824,-0.8205012444523627,2.973814078203869,3.0255831308892867
0.24195580067974148,0.9259321325283842,0.23352515550376543,-0.3122304251510132,1.0655572949085863,-0.5591249773474971,-2.2881309935926057,-0.539873551876447
-0.11710670323604944,0.32343316658160576,0.8242587555067941,1.052504335263477,0.5279277241583753,1.2674266542923764,-0.9732435750166677,0.6754895357936458
0.32628349566327836,1.337770886922749,-0.8605700232210642,1.6261758655338867,3.1576701958718147,1.4360611235721163,-5.003358589000003,-3.5212313134361373
-0.04902574502302756,0.349199309322733,0.5107536451476861,-0.7230674234383443,-1.8330180463158503,-0.7372876729888946,1.4951428698022948,2.226778134312288
0.6991104929714752,-0.1649065757809724,0.3852104245865643,0.5725988892433365,0.4494781916067849,0.017452173197721854,-0.3747099144957933,0.12728026222122174
-0.3325081065723709,-0.30503199842689466,0.1020118277976122,1.33893823556819,0.12397344709613567,1.757252358220413,0.1860946909744597,-0.017690399413161986
-0.28550830658497856,-0.8257073646875653,-0.07838226189341575,-0.024689245245875846,-0.46857062606202615,0.3328126188368057,1.4591476369705945,0.21260598587294116
-1.0250940599547038,0.2954519052809119,-0.9989336008843597,3.8239334897300474,4.251774699450516,4.997673824245647,-4.774826832147578,-4.573240290750217
1.6156074585814462,-0.5767875919605815,0.8597199567956398,-3.182960620167637,-4.023384439561499,-4.8215710979052036,5.022228109671935,4.363323093218035
0.6122682882777938,1.8800988995865757,-0.9786709039868947,-0.24512803773590083,2.0435664515239744,-0.873759087530227,-4.405212014237616,-2.8635981085941147
-0.754643736110863,-1.0237903714167396,1.6567755568787828,1.8153908330442805,0.8171899698264526,2.7379879351789436,0.16784503883134613,1.314764981819673
0.49536965366349306,0.2456689236718062,-1.1895344090680127,-0.8765347828255668,-1.7952362445835788,-1.3725782934899975,1.5899090039292534,-0.09961394063820972
1.367239199682545,-0.198253923906345,-0.678241413091577,-1.3763347322036594,-0.5235891713796879,-2.6095317260822495,0.8341723821792821,-0.41172095841172124
-0.489493352168049,-0.9262749182430543,0.8015432674076208,1.5288793460103152,0.004352487153301041,2.1346959585465175,0.971120805530911,0.866719985723865
-0.1052016658461009,1.0908231636633712,-0.6775452759340803,0.5808228084539294,1.5186757497371637,0.6692007044941508,-2.94226826846916,-2.067187632008051
-0.35042009060943374,1.078796568926171,1.6699796197891186,1.4503087077372387,0.8325696209955012,1.8482102920874108,-2.2571865402894256,1.52832260990259
0.14514720175824342,0.1101885681192911,-0.4507719889199048,0.43543229650872517,0.3467260777006218,0.37948894590973437,-0.5184864887933703,-0.849942329693272
-0.48840814992250825,0.40082583977298875,1.2541178416437182,0.5780503716854031,2.6555328347095006,1.0169486579380458,-3.2529114891508253,-0.4784238015986282
0.10970442145968624,0.4707960496251659,0.7945258822948089,-0.7345331125915241,0.27441358347834355,-0.862300728971654,-0.8800571834855857,0.8223929132949624
0.80675414573123,-1.36477353271119,1.1342863536033194,-3.0628969451962917,-3.8200604628566164,-3.948790418890519,5.615285736627798,4.643212196431666
0.705848054289468,1.140109342106267,0.5462421750145906,0.33326161918784747,1.6358431242720664,-0.23774046704147628,-3.2310773940429782,-0.5681862377710675
-0.7470315794330643,1.2509687521366861,-0.8934421342811932,0.22238111729516638,2.0113890052605523,0.7627046207590436,-3.6433709918922528,-2.8456833497862997
-0.43402594622347845,0.09688483856692072,1.2686754666903368,-0.7856415591922166,-0.30752928007564895,-0.40533992575287986,0.14827491577577637,1.8569588589854888
0.6547209275514021,-0.18502904111449614,0.46208539303232765,-1.7367312771384504,-1.516562568239121,-2.4285580304802488,1.8648531445949634,1.87577036368628
-0.6220501795782747,-1.613831780611301,0.6258867219239813,0.3578428351489049,-2.2650011743453806,1.0053264226607972,4.340387688520731,2.5163312531854016
0.40200828242456127,0.8861531978559124,-0.7050729600973994,0.6447700017696748,0.44632563155297533,0.23683784469102126,-1.5380639244840657,-1.1992252335287237
0.9208205226445108,-0.6328711571435693,-1.5929534774293288,-0.054814468352477635,-1.5501074788148728,-0.8980118891176103,2.30427172428286,-0.8684215045313831
-1.1599272321029712,-0.6287986156597617,1.6053288939523058,1.4703385458028964,1.413653931192525,2.659719103368992,-0.7206085349496122,0.8871811944080734
0.31521809925551436,0.9512236279668309,1.1834375057480393,0.3087044905972408,1.4849256858193174,0.0430355270323943,-2.782474788401686,0.37298572749633185
1.0729059921126582,0.9731770410478487,1.6545064534355114,-0.6148009429236426,-0.2922669519722603,-1.7005099368798875,-0.7157467678332571,2.401191470862689
-0.08397208253039498,-0.33962778945674077,-0.020655331558458764,0.07460475738998788,-0.05094977578373277,0.2545443711601055,0.4257493901077038,-0.018219085922906317
0.242256564906926,1.9279750632478876,1.1783923714223055,2.564939934944791,3.7057516519994365,2.787341133965093,-6.752286947171895,-1.503586592031414
0.6219685556084178,1.1329677292775977,-2.2606856306341574,0.5659459872789685,1.5952646950330402,0.17943209276324762,-3.214001936523711,-4.109666873206638
-1.0935543297245642,0.5566838033051431,0.9948009763632029,3.578394906375361,4.365483750058021,4.899465158867934,-5.408546430236877,-2.3252687994799306
1.4896837654549857,-0.18537849735710693,-0.3876223297348057,-3.0056558178408044,-3.575927872033869,-4.50497499087086,4.05946109471305,2.376702020447457
-0.5947059747474785,-0.8584844953719475,-0.5317390713544725,0.36243773769567156,0.6530123627903258,1.0119149524367683,0.35854365650869074,-1.250832184777788
1.086492678885055,0.2980007185940475,0.6693650763067157,-2.1321945128347854,-2.7360485480945345,-3.28610054828611,2.6536452398252877,3.1258329573520807
-0.30083647915497586,-0.18930931627387143,0.6958087572974929,-0.23055880197178255,-1.0875653430298848,0.1095613118015615,1.3602075366663842,1.785493327542365
1.3491608844202687,-0.9628279990858919,-1.3654621623468037,0.30127810002370137,0.88974765592184,-0.40711790957014643,-0.14674370188638783,-2.3206105318885575
-1.0450713224801242,-1.3070483938050006,2.685310353061487,-0.13684960099787083,-0.6215536219365237,0.9904791706704934,1.836404543696954,3.9001146152724364
-1.8496364511248313,1.77102391227817,0.28451178348595396,2.7581921476247766,4.5189413729225825,4.8042492464392765,-6.668365093656014,-3.215328848560022
0.6270514300646278,1.3220544466985436,-0.5495861128976213,0.2818558879957057,0.4867759870280182,-0.37905855273402905,-2.146992319207478,-1.0241115887353598
1.645477932179529,1.110615754507158,1.1108402081137,-1.467023701303514,-1.2533058391141076,-3.025655056849395,0.21040400413159144,2.425409540452204
-0.42705378077521405,0.4618206332200544,-0.8687323240805549,-0.09678247831172007,-0.27706640284297485,0.29120879184059895,-0.2764623220082533,-0.9370281183178186
0.03349789248071447,0.6838621792469255,0.027969708430870183,-0.08309905015755256,0.10795050047737259,-0.07197407759741187,-0.9930967699622888,4.373867678086896e-05
-0.8348921341638191,0.3488340395995119,0.07971638541927145,0.32648555286490477,-0.6153833691826488,1.1225518073813496,0.23432716154918853,0.6230244961492541
-0.024227940661745016,-0.638134615134723,0.1549011280981872,0.5421562488514738,-0.9602998039866641,0.639667657711906,1.7480616675567766,0.9052841612635594
1.1263172749098622,0.7136733558951552,-0.019928182547830568,-1.1051294918277317,-3.2305653199139632,-2.3134623582468254,2.4877812698385884,2.6588926101635897
-0.38818581246684364,-0.7219910924274264,0.22066447059906172,-0.02154986315780677,-0.7681211228878666,0.43503228185602344,1.6403336774062807,0.8622192751552455
0.4980635110408146,1.3089507726553986,-0.3228880856823647,-2.1296781477434092,-1.0337238075508506,-2.790574162342662,-0.6250098504647574,0.4742926504831312
-2.1259086264754106,0.19492649472926232,-1.197054663923968,1.9096733891659703,0.0057727048764062636,4.375270957862013,-0.8402560101887739,-1.6985692664210923
1.6015914364213795,-0.21898425817193107,1.513410888169157,-1.896932599251811,-1.44568210065517,-3.526603642999957,2.1620913530125523,3.2145716732542637
-0.3337982861834766,-0.03488384104852858,-1.3773850157710468,-0.9422204674775289,-0.1927875700003736,-0.6925799953628178,0.19945887405816656,-1.7208453233562064
-0.13150896192213504,1.5226887254794594,-0.1742159648096257,-1.0071965064409012,1.1925125002252985,-1.1756284243723292,-3.279038063219798,-1.2915523254289205
-2.466876261794395,1.3106462575702686,1.600640377366799,4.097574922804745,2.5719364905909545,6.850399909693141,-4.668305834963897,-0.2897670384626606
1.2443377477867545,-2.4495875917248644,1.964453761115969,-3.1272749257593633,-3.313825983496838,-4.75520167189422,7.0077945129265125,5.64110781189562
-0.1959928466534833,-0.7255308896038805,-1.8980328130469168,-0.726046414454774,-0.7918743533902396,-0.49574900557009666,1.6827130914893833,-1.861045139431108
0.17697734248919178,-0.752414494083915,0.788842160998008,-0.4504451610277328,-0.3065513391267846,-0.5595842134798099,1.2055288240006248,1.2510302829263158
0.5259488100779484,-1.4770494752528147,1.082145713423734,-1.3744681795253726,-3.932596638916823,-1.808660422363512,5.907100598540375,4.466705736173038
-1.7002075830473666,0.5550678877617289,-0.6673260126170899,2.108603152284249,1.9311223223604024,3.7711585276364925,-2.6136837137206057,-2.368760099217145
1.4825828553753055,1.82690167839015,1.8424776011845003,0.4085643947787151,2.373437707425479,-0.8102700031528509,-5.094738389889327,0.3273690136968253
-0.6540064572726584,1.8887836204248838,-0.13849539296011848,2.9978816423737262,3.824018615683905,3.8909139027202637,-6.411691836947443,-3.0610218749014892
-0.7801053512855094,1.019748137590307,0.06362174658536053,3.534361958045491,4.097497461788597,4.46223687910417,-5.629856085921931,-3.0830568507826817
-1.649517644585324,0.1709324676845555,-0.6236619554093975,1.9905423924405097,1.6603095954926632,3.612766735883594,-1.9183361881874672,-2.096498974305128
1.8007852238429192,-1.690868604200425,0.47775065296065133,-5.096844250160115,-6.0867667817830196,-6.964104539380902,8.340330545419032,5.481183968602722
1.1515919569027093,0.20515580886779416,3.0757826841014304,-0.3220581883198075,-0.18075473892492272,-1.4236879696493974,0.06399201688474206,4.118646328332316
1.101140192160616,-0.673327719353345,0.20406160652148295,-3.5665583975375603,-2.4808484539159505,-4.957832171041095,3.5411047051203832,2.3413080771698027
-0.44173758059061513,0.561416791891956,-0.23505220683941574,0.0744132709674831,0.5089239515686537,0.498604315000258,-1.258913409857074,-0.726294243181128
-0.11892435831044601,-0.3442092254108089,-0.5477608684967619,0.729741786595006,1.6923023478460795,0.9704417323005878,-1.3019496085048254,-2.026144931149464
0.07331095411405626,0.5661704980025312,0.84484549756537,0.7909429222329476,1.0995059041256907,0.8226045121534338,-1.8990427722839223,0.2524646522252006
-0.6566595275995234,-0.7727246448325623,1.8272622175354276,0.6549740682227659,0.6693001635252613,1.3666656300486713,0.1661371242399684,1.811733356017984
-1.1861860932031296,0.3244115837477078,0.009588721064515596,1.6751455665097963,2.4050905669297955,2.903667283378812,-2.893889242670859,-1.904291605565179
0.4597176025104769,-1.1565486706656842,1.9748372016554676,-0.6399113400287012,-1.9028316376734442,-1.043035363723781,3.429652100236226,4.070047649499643
-0.7257080703014372,0.9843486832899332,-1.1740687688619489,1.4784313225028463,2.421938763136054,2.229058275495529,-3.7316876893966135,-3.3835892341876934
-0.36373688022359263,2.3051280523714914,0.688603235383489,1.852267081313098,5.2939642540411445,2.546870105190827,-8.332458758448272,-3.303675433786345
0.5489912964456379,-2.2648516168659354,-1.4120610352685226,-2.3010009601102794,-3.857626296418024,-3.0902573913460025,6.821414896798712,1.4351391120923538
0.4084267358336005,-0.9147491296774664,0.1288061180184172,0.16518434073794025,-0.8050243505206126,-0.15217082207776955,1.9011626073786794,0.71421492925792
-1.0261921647776389,0.7798773263145121,-0.31286233763521043,1.7285966900852905,1.3660817317116885,2.7576653459231326,-2.333218156185777,-1.4515628178509283
-0.32103420083945333,-1.1822849203505652,1.2253934776960225,-1.1751818110653127,-2.108374584483916,-0.9052831596748205,3.6640712428163926,3.248047608999457
1.6833183270151781,-0.31586934286444146,-0.5104203232657291,-1.93703167053475,-1.5430806172707827,-3.5170644321283726,2.1490274721930844,0.6113022185451178
-1.36564153357342,0.20908501466372464,-0.5303682208566214,0.9569148184249637,-0.1593522202600674,2.2920917919548787,-0.11157283258067034,-0.5899343438349762
0.5677854639047722,2.918018956356149,-0.34335457737294695,-0.21024548558644848,-0.4955990468149484,-1.1222064992070493,-3.198372324175205,0.015354114956326367
-1.051779177469949,-0.8941912423805582,0.8948174190547616,0.41345557725309723,-1.402330928742323,1.5390191097659265,2.409966693323771,2.1846098854133382
0.6235619126677922,0.9979022716386666,0.49072169170968916,-0.2512198112623846,3.6397860588237863,-0.5774743182983422,-5.0247667392235895,-2.1221938861982093
0.2530036243581193,0.6548165781215808,-0.39821781853463933,0.6025194686502319,0.45714467145224436,0.38893901920929497,-1.2789375859995178,-0.818026066098215
-1.078015940196291,-0.1328881712465356,1.4714754707794497,1.9063157172805294,1.8036706061722318,3.048028006410621,-1.7737937203965033,0.40082915481427256
1.2591301775731774,-0.42654032870231284,2.0854565580758235,-2.5272982787955036,-3.9959975290774277,-4.077231397093956,5.34729114357359,5.968615759328553
0.3468556451011882,-0.95092649544777,0.4554515133218915,0.25818338270716557,-0.9404525559384798,-0.012772419649377476,2.1075962571814446,1.2442501898401241
-1.456517710241044,0.5665021892552721,0.10620913507337024,2.352208421903033,2.3539823698260784,3.857456605261999,-3.139179210860276,-1.7292929964891166
-0.16560077173831012,0.28335161080764093,0.8282110456234486,-0.10489307298958561,0.3063107486399593,0.09959543544542934,-0.6855002837503477,0.8436481430977724
1.162211655088648,0.9495178726458916,0.9424667271549885,-1.3161775178322357,-2.231460801344293,-2.4360153383867886,1.2349705087409701,3.0150110389726175
-0.2864300027539362,-1.0949667556517473,-0.29620069288577167,0.5726554950733751,-0.20326239145911038,0.9545111977832348,1.4980146328423036,-0.33610956905619266
-0.2979807353159294,-0.6555168694036375,0.5304112549736629,-0.728257652070214,-1.0225299281442877,-0.40626922948851213,1.8459880697975244,1.486972838608978
0.3460474573241581,-0.18869737072219178,-1.662011971271743,-0.9791135561042467,-1.7779173719491923,-1.3097842736835286,2.1166967422052836,-0.7930249913995151
-0.38379822454564716,-1.6731384857233131,0.751675146603327,-0.4439082969657261,-1.3506146830791057,-0.10982235765181214,3.526194732182272,2.044288818684823
0.31242020119830594,-0.9993695972188422,0.3329598815940662,-2.5006344795856434,-3.8723902689822625,-2.9777963283207396,5.27813795728785,3.615291306280174
-1.2857063092808219,0.32326020241073855,1.2457060869905519,2.13565063815218,1.1040706216846945,3.500542775976868,-1.7267242143521337,0.6698758884309304
-0.8621154013793213,-0.5295321882430157,-1.9783979737948674,1.1072077587862543,0.33088880563122186,2.0182148001349027,0.2649875281947172,-2.766455677963264
0.40052650699465614,-0.4122702460141116,-1.332326456171393,-0.031003129567101204,-1.98938154056378,-0.36990290881803206,2.4795603717083647,-0.2394277815699269
0.3373154270291246,-0.3152484679096708,1.6194157933692486,-0.999916556039448,-1.1247013452642969,-1.3518645565493372,1.5797021117993852,3.029200342441154
1.7530156839190405,0.8677399607593653,1.4328550903770216,-0.43853656015974796,-1.8620372836374444,-2.5148836060140645,1.5345371198317093,3.3790916307775034
-0.3641715221262493,1.2227218922426166,0.045361533340578825,0.7405713452935994,2.0831582017969663,1.1231669214705733,-3.755956420616399,-1.6034129771632184
0.08443110198727725,1.0946241687914935,-0.13991396727526628,1.984411271698471,2.6840299123493545,2.0367107565492946,-4.2573292360015325,-2.216924423673514
-0.2223122884886088,-0.512596916450848,-1.5242070834949344,-0.7772770290252011,-1.9487014561044067,-0.5773805335535336,2.765205195684965,-0.49068775903099743
0.9752710156953792,-0.04835460198564141,-0.8007410242860724,-1.5806858048022576,-1.840019350855147,-2.5326254127285592,2.041049136749688,0.45406897911206323
-0.2560475021403024,-1.1425503870477733,-0.5322360613199552,-0.6701601905025386,-2.676777492695456,-0.44492014529126517,4.306299650986844,1.452178997286
0.2570828254158522,-0.5065728095463986,0.5359299172402224,-2.03683414321816,-3.308908602764264,-2.4284332466704996,4.096077659517517,3.403977118154379
2.1357057826772174,-0.5802061293743508,0.10088875310833537,-2.8190019039666248,-3.2952599555948847,-4.822232911891255,4.421096586047623,2.7581533882445575
-1.2826733500619913,-0.2468597483780411,1.5678202097655576,1.9788405626697332,1.0455705770906578,3.3332371846209923,-0.9299113728143826,1.1207084483859262
1.5321360283906658,1.1833701917664001,-1.3796914481297604,-1.5424897613346074,-1.544007040793687,-3.025178544261969,0.13150683795889684,-0.41917019720914594
-0.7113837728925737,1.024700830677224,-0.20957520069159083,2.216479817403406,2.0692052342758385,3.007018937579058,-3.397866801386586,-1.8277056271173966
-0.13673660738146065,0.19836154861404393,0.7022261937206364,0.37839634776569686,-0.9634309082586634,0.5325856409199758,0.7885325187205579,1.7324073614616307
1.3475380558153482,0.8478167682153303,-0.30835679554082396,-0.7913299103498802,-1.0553355968718725,-2.114591172885605,0.11212093190845342,0.528106887224954
-1.7746206619886613,-1.2570210024675357,-0.21099929664162984,2.0121002763754885,-0.6090393135699881,3.686414471365771,2.308327374445122,0.27790854717178987
-1.575332553376374,-1.0731698046089213,0.4290375706921796,0.882109835263533,-0.9323448015071886,2.5447011024701403,2.09616751034835,1.2505050659715542
-0.337966467609154,-0.6652284399343494,-1.4165204432393195,-1.399131840224617,-2.380391783192088,-1.1511170331125635,3.4403907441068142,0.022335173652975035
0.43434024274300564,1.8631173985336043,-1.8572084844718406,1.4675992592824643,3.5905379094814274,1.2159992212180768,-6.070260463071089,-5.19636517457966
-0.7046724238777945,0.4962580218115182,0.7459905185386709,1.0517893152374491,3.1064304310030173,1.7386879323723035,-3.8023478402067146,-1.497135103475
0.6246349021204822,1.1642699364599567,2.149820802003018,-0.14116389582716793,1.9470668424553594,-0.8761014843062394,-3.4460148048220405,1.2408298590791635
1.0117180055637303,-1.2130992441817126,0.059357886718321984,-3.169329890606766,-2.868608273598201,-4.376478070249971,4.536768530797662,2.4353826780637733
-0.511496194017726,-1.359963582278157,0.46026563171604096,-1.0493476216475552,-2.480534109976067,-0.5718551116073065,4.306012675321197,2.5801557614014348
1.3924388138841817,0.6859437125554421,0.13828545331304457,-2.602503243582634,-3.795609828572309,-4.230588967551993,3.4235122679967103,3.332927367503045
-0.45747251313503146,-0.5847150707977716,-0.11028068496259805,1.136561924433716,-0.7121017730576461,1.647120231188799,1.4172164525747286,0.3696043277332341
-1.8365955242219838,-0.003400173435143962,0.8620402693695495,2.558681917386807,2.2839583707410784,4.468808698830072,-2.513123971101661,-0.8124184729825992
-0.5139779789349855,0.11449314602640247,-0.07251946705200346,1.313827869443343,1.263904774347074,1.906318926767392,-1.481062521519555,-1.0984856791950892
0.39796789340622063,0.16855790231023904,0.10366910707806667,-0.6893686065526937,-0.2984000552576291,-1.0304778089493383,0.10358048999156577,0.3965123569163575
0.0826384273418767,1.6230750328747527,-0.15185735407171275,0.3310684851072553,0.6490672858019767,0.2290248598432325,-2.766893222023705,-0.6509208270853335
1.0128924507726234,0.7241898771623761,0.6595194465450213,-1.081283649343375,-1.5866432231878405,-2.0715753792349845,0.8716794405870577,2.226767538874282
-0.1346567162093138,0.047939305347290934,-0.7228498087097642,1.529108189173476,2.4216364784342987,1.8096579598296687,-2.544590125191461,-2.7738047667675216
-1.586242557207308,-1.3893199443067545,1.616568099954454,0.47518805669357356,-0.2946173192371755,2.0326874632418104,1.8140549785800828,2.227567521425503
1.0130355795010015,-0.556190633130166,-0.8953535059083487,-1.3526616740355029,-2.044672601905761,-2.3179483501708433,2.841318076656877,0.44177941180722025
-1.6824541301995555,-1.7614375413691254,-0.8068830335302057,1.0128243054037998,0.1604871133118024,2.759775624971511,2.0255261390297767,-1.2005797289749023
0.0826363628048359,-1.3295260298997633,-1.2934986656193754,-0.9890302174335149,-1.922847905873284,-1.1180214035396059,3.7002822601123175,-0.16583641315132552
0.15128999077312583,1.4505037797776699,0.6994901846668463,-0.5203315641449905,1.3343299280141623,-0.7558111841831092,-3.261699713189482,-0.18698187259462173
1.2112321089972355,1.1917233545575836,-0.33787283995955186,-0.8860361871803868,-0.13432025754191812,-2.0971062233142375,-1.2619959666486695,-0.22885743469798991
-1.2835814481408492,-0.10103593679248264,0.061435005897132966,1.781824931855878,1.8718956124860993,3.1142732714985426,-1.8622883586289853,-1.4403811966232622
0.21402431766189983,-0.0925227947601981,0.6495825916355873,0.0019929762240505633,-1.6392119575082709,-0.20394277125453542,1.881409485615989,2.1815701565996433
-0.10864506245843172,0.3002570059618549,-0.36677632458812137,0.8742722840051653,1.62177658839441,1.0632531580850237,-2.053638556422289,-1.7309936820837861
2.014159729158471,1.0429006455452896,-0.49853682211205785,-2.9917266206271025,-2.9566866990775345,-5.0700797347760815,2.103264544584407,1.8545863959635172
-0.3140651421928605,0.14194713240824502,-0.4567733574640166,1.012031509000221,2.251096034242418,1.404494027361236,-2.4806354309630265,-2.3305651377159173
-0.5147561715397466,0.13843482727902795,0.11550505755494081,1.2772921540428146,-0.7515401358317264,1.7389749718012648,0.6917533857273243,0.8163868343026583
-0.24954904966343322,0.818269682321303,0.3993863461586531,0.10772442411869244,0.8595592107690191,0.36915805800747037,-1.9676712270592074,-0.16188881137119332
-0.7768931430838436,0.7585490914516356,1.372812035589768,1.3135316293384203,1.7012950613119813,2.164031219761757,-2.7988709140343833,0.40852881675134745
0.909833152202595,0.60750352036052,-0.5433488280390726,-0.4766399563866892,-0.29969619988970314,-1.358772257134437,-0.4017957201854334,-0.40706082792990705
0.8731249872623809,-0.9542541585179701,0.33605629773994006,-1.902813171034663,-2.152980126472638,-2.8012549423783155,3.4697848228812918,2.1969792831685795
1.105046080412468,-0.7241715857182539,0.4807164203592865,-2.893697387231878,-2.5241750724995384,-4.135863247610318,3.589576086349264,2.718950638051351
-0.13832308858993955,-1.6487920128455,0.7368923686677576,-1.871528943952531,-1.7628646409127113,-1.920226077806306,3.980964740884092,2.4449907105104036
-0.15474864845402353,-0.7561667313371729,-0.5734169434551412,-0.32757325155759354,-1.3224632834117553,-0.13652387226887458,2.3148749349237394,0.2656880729915528
-0.06166017811507521,-1.2079040048079877,-0.1746127137156215,-0.6293289013005064,-2.862517039069463,-0.5900042646553494,4.56194497489523,2.058080696320499
0.18731710785562955,0.5504678073724238,0.09590005565679136,0.6577084752360114,0.33956324445044556,0.5467763570681707,-1.0441434854485492,-0.08007058557212285
-1.7513487797960507,0.17800514227264752,2.2689119265208975,2.7002097328176466,1.6410015886289178,4.337549210196144,-1.890903203925241,1.5753804754381644
-0.8090375852884174,0.2217580286739821,1.2278153083540118,0.8454012062089811,-0.29403129480338647,1.7033642158590012,-0.04815386615001469,1.7957128196425616
-0.17311546879864817,-1.408935264792982,1.7510866917333687,-3.2814147017551956,-2.943986735206702,-3.645882443572068,4.736547178680327,4.66337464289632
-0.5877709260161864,-0.5661206307704548,1.0488244982792652,-2.305055429091148,-1.8801757667270327,-2.1323912828455502,2.593027342484329,2.7574308902151703
0.5799630361974307,0.5193278922676416,1.0211482983583497,0.8756260605890144,0.8677831866646324,0.409517329462606,-1.619562721678421,0.6652746179475473
0.27439492518203384,-0.5379746128735666,0.3041781090480983,-0.41141939873450784,-0.7128273204081278,-0.5981925016874545,1.3775715719116655,0.9477387006750411
-0.1788743215262357,-1.9100807086509934,-1.546413908583918,-1.7198670052373435,-5.140153921424115,-2.434408211012182,8.582128343145719,2.6003644759275955
-0.1451197044019938,0.9734004840151541,-0.21898835307732245,0.7452976883818243,0.445596067843229,0.9156104492520132,-1.6592944413939177,-0.5522136285962845
3.3272068663958874,-0.20594159187160993,-0.020767101333795474,-5.713391211390906,-5.900508348523258,-8.844929445496009,6.705400963528701,4.385135737475099
0.7565424813816211,-0.5585477522839917,1.1562299338190198,-0.005663226035767424,-0.1626062439740236,-0.6970034821155779,0.874715503854872,1.6521241611253763
-0.15171142501840737,1.3667534610804204,0.18061803513200747,0.2895106837624246,1.4613222411166538,0.43401029588141987,-3.3233490891030724,-0.938536758700915
0.12337122850767136,-0.1150497306721971,-0.8231126619379139,0.8588087488797093,-0.822543270704609,0.7990372363135576,0.9055949167577408,-0.44857959569557576
2.4623869670592553,-0.3447514672013358,1.593412210409061,-2.543629764453963,-2.479781398989392,-5.26369467200862,4.04456734351118,4.246911014974707
-0.8508800478053388,-0.4386941591438767,-0.23253365652702088,0.8854415532206145,-1.2382307486638107,1.748565351024894,1.836235481228128,0.7000303586474754
-0.7438523902604769,1.4387453902355176,0.46622594596663347,0.9398081226760392,2.900808102951992,1.7496469973056326,-4.916012884969525,-1.7566736968705927
0.5899230033051593,1.7079343428123697,-0.4980248603736158,-0.4244755987898504,0.8505642224088203,-1.0715472803854997,-3.0756995409615095,-1.29619885563386
1.1686823535279016,0.3346524783407973,-0.9037278166007544,-2.033932310204492,-0.2093533159845276,-3.19494572205272,-0.042909581368369726,-0.8879542682095064
1.6110531088921984,0.38945842297594646,-0.5120767569060428,-2.275831108993953,-0.7122033070402869,-3.78092512609057,0.4379002938856729,0.015573108929986534
0.5578721910993477,-0.26900291336616206,-0.9166651391457795,-1.3428446438591182,-1.3610580066919322,-1.890105993101683,1.7923524322568523,-0.1184995562261824
-0.4378779235371434,0.42501314172001575,0.704918480787264,2.1069216260071246,3.608152861017164,2.755108711201584,-4.370321107396831,-1.9391263736157183
0.013028991868930168,0.43618293135046793,0.37540257834756074,-0.3582210779922229,0.05583423248508393,-0.3282878951125892,-0.6231678564696402,0.4700904195989102
-1.2142847117163544,0.5108736283969343,0.3708845274987369,2.620391412779854,3.464622904137441,3.995816452799051,-4.271716479546863,-2.2979089808647886
0.4303270832971249,0.5775045649227061,0.03420743625997917,-0.5379151329112194,0.43402685059835466,-0.9388632866295705,-1.1618959674447955,-0.27897232703020064
-1.7206573345529705,0.5000289346718014,-0.4720253813310602,2.188858500114492,2.101816331887513,3.8731915684865834,-2.718708398723542,-2.250764414628844
2.041208361285117,0.7170476243818787,0.4635468097897275,-3.49320953375472,-1.9771038064801256,-5.454979953529949,1.557538451634818,2.2498471302819576
-0.17679476084452464,-0.12033677149286644,-0.6925903933523463,0.13762669330851263,0.11924292390397412,0.3756094577861754,0.0060277967688759215,-1.0114765256368596
0.009986850877441653,-0.2927292716393299,-1.031820378173695,-1.5650544021768884,-0.858868486568547,-1.720040092959085,1.297137519251545,-0.706272222167392
0.26391898590828244,-0.3537556608142686,0.23935004450897093,-2.1396150179800415,-1.9558935711709682,-2.5438254852458275,2.497545547659164,1.9193842823952223
-0.7805181903475329,0.6018237065847478,-1.0801970493537907,3.0718474165637817,3.2809673655891474,3.987324999593646,-4.167366019555502,-3.873977987121376
-0.08523868820874433,-2.074027136754693,-1.132376643153007,-1.5761520193721485,-2.711302526981689,-1.7096428686609693,5.490579189364425,0.8198847779593582
0.4458657314651413,-1.4286932340223393,0.7043891131657353,-2.3361927771317497,-3.2854185770188913,-2.8977866945001622,5.240086688323538,3.6414928430850355
1.2394647434915909,-2.1391650133065427,0.36616789550669315,-2.495914206820036,-3.8371606478282825,-3.7312001338766927,6.850342225250412,3.613093381392251
-0.0036102367669841456,0.579705157483281,-0.6104463503553121,0.12528004414559518,-0.8662948304439078,0.12203670843562123,0.21017220659621902,-0.01914563693254269
1.0500834227131115,-0.5807431921409851,-0.8068158211986876,-2.792486115657855,-3.9719666093626427,-3.9223507518693688,4.871322062774631,2.1390218000009695
0.2507765035745319,1.7881978763487298,-0.07744283367869516,2.9147535876734265,4.873662301618852,2.930680524696844,-7.449287407338604,-3.8606597579973316
-0.10249118179900757,2.319601277994963,-0.11538050965681561,0.9266133609309504,1.979608386195046,1.0537172607610357,-5.066496340887167,-1.7464861671569198
1.8244340733847053,-0.2757629931096364,0.23665555997910984,-2.715931901295131,-1.8971632600805832,-4.451313837404146,2.530440875661896,1.8897095506352135
-0.6000492008282021,0.7499907221430311,-0.057472257451745105,0.37904863869634375,0.90888654505155,0.9529027970262736,-1.9046696513566286,-0.8130978356071644
0.39232609666894214,-1.3208918227447797,0.8709583600873442,-2.2008727724261403,-5.178462236251769,-2.5640308616769794,6.760933714688982,5.2007039612455825
1.3377650210410856,-0.4226625987606524,-1.1777609004960354,-2.3653760529125654,-3.234443407665598,-3.69217506813676,3.9675186612196405,1.0491542341860507
0.010687277091348257,0.3376146219783341,-1.317107047722447,0.2806593796930173,-0.9754039811547282,0.2417850963855012,0.6482851293428372,-0.9312263718094347
-1.1759512087863233,0.19490778324858848,1.7579933996727755,0.51775499885681,1.2684330256557719,1.6414355148588249,-1.5858917246933308,1.1949745427023053
-0.7890565933080469,-0.03209621702661484,-0.8143775741527123,2.5315841004147255,1.3045420359640811,3.325888483946852,-1.350624219706117,-2.1096996826097527
-0.9350113022707685,0.6187668998037329,-0.8592581493609096,0.9045256801992911,3.617423591600491,1.8427544008487764,-4.5305469929997075,-3.9383330624096415
2.409142844679817,0.44678701257513354,-1.2293767271657332,-2.8732894838503995,-4.64675659468457,-5.290403374893604,4.600876542121501,2.0467037463299795
0.6353080845413878,-0.517458385974664,-0.09372815366992894,-0.6406536188473984,0.24653891798350994,-1.1833345565461528,0.38981362179004625,-0.3260117204836943
-0.4920184020878599,-1.0531559423597177,1.6110124169485387,-0.008588112600978706,-0.9788565732293477,0.49564278546109647,2.259477058119175,2.816798569531416
2.198710659094925,1.115659829054233,-0.4673521309790807,-1.2577273347769193,0.2864270798388551,-3.1110959513945264,-1.600447046488765,-0.7457750393063699
-0.7814096258777362,0.7589830248124914,0.7923679861324517,2.4825766867166514,3.6474844859320843,3.4348485838058647,-4.812888614563952,-1.861067247701288
-0.522236755207533,2.017409609764052,-0.5353142812570861,1.4900787857359694,3.754120028227271,2.014465623221247,-6.220998122485989,-3.6114537287681436
-1.5909019478469733,-0.09676492355858934,0.6503901517851698,2.279833588290403,2.8838698054126057,3.948883202479044,-2.893891642945628,-1.5369710500059683
0.47925543072224563,-1.945874037127256,0.11208086162633521,-3.217904281291956,-4.420443157306215,-4.011298375924174,7.143847558163745,3.8747339584318383
0.4806872425320865,0.6128146776575596,0.19840013201983744,-0.9435969887728909,-1.8439930830382165,-1.4563954704460913,1.1982512999550488,1.8882573721940115
-0.31458704847884683,-2.087731361744648,-1.3667341759563085,1.7989963709340944,-0.45922617982494485,2.014441347515565,2.9864429871786617,-1.6416090408868897
-2.277984287736794,-0.02287298697296139,-0.16820872654169633,4.577234471145393,2.49911255391329,6.761550223789738,-2.6159334539392844,-2.202333841569376
1.5866206902072657,0.3748404102941899,-0.29704527126143365,-4.106647963683733,-2.7828479384767526,-5.860904764392916,2.833051244675294,2.05876570461548
-0.5283121251583925,1.3304293140177086,0.47849219255496556,2.7871527017644975,3.6021736116835044,3.481374425598648,-5.492417441065648,-2.138300026112972
-0.9099501770660278,0.25002747449623575,0.08154644353810495,0.8556993049766889,-0.030936664053184786,1.7770640063168317,-0.2976792353195421,0.14969226905287542
0.90747706918351,2.428660899493531,0.6272092557162601,-0.03490759436110556,2.996112372408572,-0.6951847587578455,-6.109439216139308,-1.6372438369489137
0.9633898686094391,-0.14453395852319229,-0.8140172792109025,-1.5991283416865725,-4.2158322303929445,-2.6965967420604464,4.5219720955368405,2.333467308840037
1.3387820989805153,-1.8986969686534434,-0.6738838085147288,-2.5492015032980833,-4.444228640185861,-3.9151318696135307,6.949977654755226,2.6192100568757706
-0.5481418116266438,-1.1168028076765055,-2.049467879974901,1.6367672204351384,3.308313674377726,2.81752554297588,-2.454388155764544,-4.965124802621999
1.5855726582254932,0.1438399218179049,-0.729579924367636,-2.6517123980423487,-0.7687061401536928,-4.18596549748853,0.8172964202164168,-0.18242921663756384
-0.3686288785577273,-0.2588531038395328,0.25331657133627494,-0.042862613448007625,0.2506013794183131,0.3841932753635532,0.008725487638174295,0.08756406478426694
-0.5528053963271314,0.05897202854452201,1.1160548379133721,0.9548875664368528,1.3034718648089894,1.5668321456126517,-1.4660116659210705,0.38737093412808277
0.48400202346040166,0.13862985520050713,1.10429324278203,-1.2634281410023938,0.4614251463036881,-1.754451016610454,-0.704265947285185,1.0644285131665299
0.9854082048026942,1.0930190569731522,0.818891451073602,-2.272388592665367,-1.4533237810531716,-3.2525593997063296,0.2787767726909169,2.2400796173248354
-0.5562303157400716,0.7430654681687664,0.24449752245343606,1.3838750331373837,1.6392304605087724,2.029875358530488,-2.6751753907379783,-0.9546129376090249
0.7876738942466712,-1.7297641102060244,-0.8094529760161088,-1.9637621376413044,-3.562158057451536,-2.8514483370620343,5.844329443845159,1.803085294915469
-0.08109506357764727,-1.560963239587121,-0.934632043966243,-1.4375990818034563,-4.306365026366728,-1.6118943157189143,6.688097199248015,2.3854784491680814
-0.10605729274572298,-0.9750555802963555,0.018012690611215867,-1.987625367839574,-3.227246010207943,-2.034388619160202,4.661142667827391,2.6807186525888187
-0.29017798251479193,0.011747869838440506,-0.5530916618815038,0.23879849898389682,-1.5903722404731415,0.49837437067392976,1.719228644971476,0.6067347862414082
1.7614616999902102,-0.6777530816136795,-1.1626608160636775,-2.0566825664357897,-2.477275020752409,-3.7673606670745152,3.6831505206152255,0.5244078420223861
-1.1555602059888106,-0.35892721862397686,0.11752316623782116,1.591366098196453,4.617422761052863,2.894888551024789,-4.228434048891116,-3.4887754887075206
-0.07509362710830027,-0.42016248898118796,0.7147362150095279,-0.30290861590626217,-1.834285426723644,-0.20713673291857937,2.4436198289365914,2.3871426071304884
0.26785518408460457,0.7409577137696647,-0.31291094819003273,1.6365372100657731,1.2909785741625284,1.414043569143681,-2.2893183018056282,-1.3528422031237224
-0.8398068310849197,0.692469454256419,-0.35484286511017316,2.865802948230979,3.117679711479086,3.8335821615420382,-4.124084410838572,-2.862809258779122
2.061767441416593,-0.03041088554325995,-0.4866755001605375,-3.7556795716809064,-4.456238158534114,-5.825477829282669,4.894913877794838,2.8739113657904194
-0.8892220751657133,0.5627530051093628,0.2818599799424908,3.077978327734491,3.079940892797276,4.085848895404613,-3.994028170088595,-2.08815387414698
-0.7570222932289566,-0.11954185138090398,0.2868287902290342,0.7490428623900349,0.7418466912247121,1.5652342131308092,-0.6810209408511576,-0.25056353500650946
-0.06674408059746637,0.5306897973775321,-0.27343016357552963,-0.9394866936161058,0.5592382882186767,-1.0043969909820252,-1.2967936952176922,-0.8746501095941965
0.7965212302787205,-1.2847044876872875,-0.005808411174461556,-2.447230247546226,-2.632186197253683,-3.374480096467063,4.388772200310598,2.1465728731070746
-0.5255651700502584,0.46698375954295285,-1.398561647661474,1.5484559272117449,0.9612102015193051,2.089714555330979,-1.565326988912912,-2.519263746822786
-0.3095420497860311,-0.514151386842793,0.6194836017832503,-0.3425655588260348,-2.6658362563931997,-0.01821078945014387,3.338621351849638,2.864462148385183
3.2510142509087703,-0.23450245552776977,-1.153689580583395,-4.010356001800376,-2.3753937956367874,-6.4278722813899485,2.0868413810529907,0.48045012692898903
-0.2855726515579467,0.18660758338795969,1.0307366538488336,0.7481080618438668,1.6300307721606588,1.0968911381087214,-1.9658892001352573,0.031334068380542326
-0.963905457648465,-0.32111883492889876,-0.29430484177159333,1.7635124470006227,1.6379390638570999,2.806178190158133,-1.340196205848656,-1.7255149331178012
0.9439125939752007,-1.422920202288989,-0.4196478221331046,-3.9882214996547023,-7.703276550265779,-5.4259714627716455,9.89203305047063,5.717059776479317
0.4389426275333659,-0.11405403910240598,1.5643796574524607,-0.9474367666001572,-0.9718111015929234,-1.404492539385983,1.2050813904832804,2.8447154635183165
1.2894618744663622,-0.19217414056091658,-1.1525107538176649,-1.5705623933587687,-1.1105942552675607,-2.725869591523768,1.4307048599871743,-0.5549688285896406
0.27363716166503604,1.3713329444534728,-0.17977536071691708,1.2391927804663099,2.0092181993630627,1.0598936176508247,-3.8830635120586656,-1.775723055560885
0.6599906577850574,0.9609691904858303,-0.7426371576464291,-0.15750909142538091,0.6996500814224514,-0.8168908897394016,-1.8910190825801696,-1.4674616528268183
-0.3540044282799385,0.9764938029933642,1.5473004081654094,2.7741884498778484,1.8771516082787734,3.194547249028952,-3.2004344888906573,0.5357729987770417
-0.6725296200467624,-1.158028974515602,0.3819322323403077,0.8932525079782778,-0.018319115224595187,1.6518686754972307,1.345798083879089,0.38692815806793274
0.3356916061871931,-1.0549097869777837,1.622090195139717,-1.4286192904247037,-2.4124928074420504,-1.7359339586455844,3.8077285590594694,4.034088789415476
-0.41892008361125505,0.48521801264172654,0.31123181125398436,-0.881368661534634,-0.20163381444866582,-0.5859830958267378,-0.444412373068888,0.51965523435673
-0.3608882491516304,-0.793823290438176,-0.7160607448320134,0.48811624681081567,-0.25540466841488213,0.9300502582570522,1.2006767751699,-0.7883412317081687
0.05976335431187303,-0.8834972353440484,2.2989306980543716,-0.966287332309525,-1.7564704527400894,-0.9853472424772771,2.801967042262158,4.356944927566651
0.29281062508011013,-0.11315771560992159,1.0809072149744903,-1.4369465141457378,0.5087238151536813,-1.787671302425175,-0.4928745458582053,0.9652710690295814
0.6414668830603476,0.09805256473721512,0.674042929611958,-1.8778307276903996,-2.7060801768880345,-2.610853731435187,2.7783698564165005,3.118760798849015
-0.8554069360296206,-0.85340302404649,0.27332162120538517,0.004969461644840301,-1.9260709580832287,0.9215526924531141,2.994795167422334,1.8466900862979985
-1.385092859709062,-2.406181833544433,0.10238279242337855,0.8776861626473123,-1.1893750063351656,2.325633372327106,4.1735408902441415,0.9829432930614492
-0.09397497697445621,-0.5487948609396543,-1.1485271432229052,0.5158678226295913,0.8483781121974155,0.6944073302660991,-0.16938714709955036,-2.111595789663012
0.960802687038226,-0.9690321653056314,-0.5336917572742896,-3.7505937155842317,-5.4821441224521505,-4.991991601025881,6.965839729962734,3.741308260121673
-1.0060187427267628,0.9756651206333539,1.0146013717801081,0.5750953634203813,1.540108023472902,1.535899225476875,-2.887304791299265,0.008260594180845002
2.5768166805725468,1.5225311175355098,0.9093280297099071,-2.442508338263704,-2.663836048907914,-4.473844716378829,1.1278421918600317,2.928914286693945
0.328604610518681,1.4153155394973018,1.2049354827010288,0.3957688588567342,1.5782190152859215,0.15413487108791424,-3.5284438698763565,0.29811212410168453
-0.4170025195326045,-0.7069803462569871,-1.5849219502649692,-0.9231611889332211,-2.918450606278208,-0.6305865078780966,4.240308520054356,0.300803592238093
0.7199431046064604,1.4598868209589968,-0.4330088843352964,-0.6976014385007365,0.3592733906850805,-1.464852943621325,-2.215822731449161,-0.7830334849448992
1.8461789407507723,-0.11487641191994365,0.9473591733760953,-2.8666447885892925,-2.0876910329559673,-4.668915875794006,2.6414552414349455,2.962853676615253
0.5006788022060404,1.1539988350860815,0.3774220685882518,-0.5173186281684251,0.3724936683259222,-0.9986392519749858,-1.8543816129040152,0.24871014324059765
0.5840178476478989,-1.0393159902968336,0.4463246657856864,-1.9877910252385187,-1.716962533348614,-2.6804293810038398,3.1193068175265712,2.0021773162762635
0.34721103861873437,0.429780036603579,-0.6877380017382889,-0.3884009330029652,-1.409894204198653,-0.7285975637645403,0.9440686851666229,0.3059453297981216
1.200521164139901,1.22072707377554,-1.6284533526658362,0.18640471293914923,2.200877281179113,-0.5996752430161247,-3.970576888129366,-3.6966370971734537
0.9003674973489917,-0.06546764611848165,-0.07376816318212774,-1.3847995923433922,-0.7746626840741065,-2.2570629241041886,0.9528098596818347,0.5515196116391464
-1.104232548559056,-1.9832215097636294,-1.2781804906086374,0.30125905911834727,-1.5154172676995323,1.4621369928841421,4.1578420107899605,-0.43091023903791387
0.6051575009758763,-0.5363050796893664,0.3939746446948158,-3.36867521919922,-4.777014533073787,-4.208112232496391,5.5629742966318,4.394483557615525
0.04307134702920738,0.3380706417978798,-1.3371021284482156,0.25133273624033803,-0.1924075721554203,0.2192570027664329,-0.19117764872202844,-1.5786857407250716
-0.054104499786546495,-1.0827076420045043,-0.3655650370850453,0.7177825046641172,-1.9389526544095992,0.7733063120722756,3.3540729211962534,0.9447412643503759
-0.9631513154351703,1.5250088407954396,1.6981337469694877,1.503003554750773,2.712238640613973,2.4980774681605427,-4.762299675156873,0.042496577622469875
2.0918076565132524,0.16887861651255281,0.6753702760630862,-3.732923342570765,-2.491803535115809,-5.737591950957385,2.7042178061800684,2.911883076117583
-0.014752941600882738,-0.469477219373303,-0.7976898954573554,-0.30279755325279134,-0.9058766205755983,-0.22973765425104165,1.5120808832292991,-0.35878504887714124
0.8143776453140869,2.489661145240047,-1.5220000984796678,0.5709347666567453,-0.21353495451673765,-0.4710398522730194,-2.888620433475277,-1.7818353487611516
0.564230467697101,-0.8567204803616897,-0.786692935750636,-2.0725038090997376,-1.514341410553396,-2.7785437994493614,2.737061840667778,0.20013369127630892
-0.025198617384456966,-0.3180715172852679,0.5017132520295465,-1.5560984336301975,-1.5847814985216153,-1.6090399584113289,2.057804084717806,1.9465200244102188
0.4495343816714279,-2.6023293055460335,-1.4164256332021463,-4.270106164723552,-5.287682699082501,-5.13419253528304,8.631211955551452,2.688560033099714
-0.8348485955153272,0.02237995886966212,-0.5086112242560492,-0.3759437659782474,-2.17452732682333,0.30930189360893245,2.472799516220089,1.1092241625509582
-1.4711776618767198,-0.07653509978672471,0.3433152767983152,2.328522282681773,0.6137921925372345,3.80908583935384,-0.6919694606893992,-0.05300357015261055
1.7025427834160691,0.14350443104798472,-1.757193320644963,-3.1480625663717388,-4.704647441480308,-4.819181780233356,4.704538232223379,1.4844854463142039
-0.3559127170683486,0.6496883092808414,0.3078150345173065,1.2273077615488637,2.0011356015606667,1.6802828872606654,-2.945227957926489,-1.167334859741528
-1.508614942560998,0.1585251252148876,0.9667584840606294,2.5347360447549203,4.038327307223704,4.315704332785959,-4.501040088419407,-2.102161670940472
-0.9774470782967136,0.8496224926948666,-0.6038372697866534,0.7638916278249992,1.7628910386648076,1.6359538105164089,-2.847142144611494,-2.2265833363207137
-0.6545382115446299,-1.1430235685892274,-0.5890395112618921,0.7114262230355745,-1.2389592012831225,1.4135504152610194,2.692590775714179,0.15310898349218938
-0.028108951211255243,1.0548455007970818,-0.2234079372906542,1.6214512201306308,1.3182029231663284,1.6721777710586594,-2.64571733635904,-1.2304177262039355
0.7845977498865223,1.236797366612794,0.44065754553439784,-1.274537930070879,-1.237320436781531,-2.069589540696955,-0.20554250149785694,1.69389156752823
-2.3457774092079444,1.5338285901676074,0.8023959260381973,4.281967722702944,4.45196907826443,6.9921964888534225,-6.429225780186944,-2.542472538609337
0.06324821830184187,2.4318750444328354,0.3498931279060524,0.9583627100321491,1.8131662612256583,0.8849100605233418,-4.998447555807804,-0.9855232951411829
-0.32267863586898143,-2.7206842232769515,-1.0571623870705007,0.5137645014584409,-4.660223811702191,1.3410750385647294,7.947803283150186,2.1732540647435394
-0.0013385022356413312,0.7675447354760173,-0.1439064719688548,1.768464551736743,2.0687725377764057,1.8694892340985465,-3.1577206245145066,-1.7533064946447259
0.31260925039733684,-0.6211137087727577,-0.032501788813874354,-1.0204183006835608,-1.1161539273709178,-1.3093608190906931,1.9376559313094166,0.8364488047381741
-0.8727800421435484,-0.5323906594098562,-0.27960191827814107,3.025322134017975,1.5231554575479274,3.947989991494206,-1.022036368837924,-1.7727997650432528
-0.51727377292132,0.59873168999477,0.6594101230125353,0.086473641479764,1.743003866456638,0.524469922706649,-2.581409265609227,-0.5914470599288729
-0.3976561021287308,-2.068241477535679,0.16271983729315975,-2.4541539439473508,-3.7953067618455423,-2.2560906049559377,6.615469709023797,3.4040501614604586
-0.8166781778990808,-1.0192078011100083,0.4900772491797517,1.1016353211864263,1.2390701038438807,2.038952490656734,-0.10833389580170785,-0.5007969373408057
-1.6856771771518089,-1.1206293687854123,0.665451671427568,2.7730929695765005,0.15027205426509446,4.507095812188907,1.035468275981683,0.6567684855098848
0.2978563063258064,0.34388373707942577,-1.1223732547247967,-1.7655384125634341,-2.630133652349506,-2.1963679679634187,2.4417445198166954,0.7261762685477339
1.7691125829968564,0.09261599371063307,0.9322094092870061,-2.2976570352746024,-1.5631381932650892,-4.020870781947542,1.8659603700250085,2.5273317238537594
-0.11189533253907247,-0.8024039724314598,1.0453436873785193,-0.005178693736551387,0.20773151118705882,0.1638234656395398,0.7218838614007541,1.152561715751737
0.5326919410827275,0.5658502066499362,1.6719819957041633,0.3602626119663983,1.11027191199304,-0.13779934219804824,-1.8655240733333829,1.3155313222542206
-0.3074669787347604,1.237295700111026,-0.3518647559414996,1.3826777797465257,3.8792022684450798,1.7919812948054026,-5.523868285599818,-3.451249237663404
1.9429289720687708,1.625245318352945,-2.3264773674783816,-2.2791867909523345,-1.4101447436215406,-3.6257979197541497,-1.131539108494044,-1.7284307359844489
-0.6155760627780056,-0.39544436191883486,1.4629402978764126,-1.454127997469244,-3.482558914539712,-1.0614454632174808,3.9008275181519143,4.401100789575794
-1.4239792000534006,-0.5268713515133508,-0.8262933367537619,2.29951003938625,1.8954725942353283,3.777865569782159,-1.3715374403874618,-2.5935794044117615
0.3077643873664757,-1.2102221569125267,-1.1524016470659102,-0.704277767481757,-2.0790026515798745,-1.0204153723734462,3.673470740896411,0.1022630138240012
-0.23039848526324397,1.0008287428458005,0.5170934687547752,1.3613997462656982,4.82364598210891,1.5864835150635248,-5.9349955116873545,-2.9662302378428658
-1.4645937237393891,-0.34139693226286555,-0.03665836228853571,1.3029824988843883,1.8526814360550474,2.7882869453592667,-1.5503461783037,-1.5570685896379757
-1.6242776721273058,-0.07455605235837306,-1.0647501700247408,1.5362439695812116,0.3669881245840436,3.1503682547212115,-0.3494906878263225,-1.657544430428067
-0.6845034024555763,-0.7389366114350144,0.7800790514551839,0.7843169142058016,1.1340824750666667,1.541039361529722,-0.30660600309499925,0.0161690911504994
0.5922256754087839,0.5406252548245986,0.32502047000223566,0.09466666429033666,-0.13589970479174834,-0.41714079767858475,-0.5250367294110968,0.6054096562108886
-0.5372522623627652,0.4930726253634628,1.3689495792707633,0.8915639589876795,1.5050402045856621,1.4695014684535863,-2.228464805837332,0.5702253146702541
-0.5331926017099085,-2.006699054489552,-2.4806097024738563,-1.9579704754768759,-2.226384986446933,-0.9766997108250484,4.186206526737006,-1.3370438300356928
0.03896233832305991,-1.635794687192329,-0.20719738629793058,0.04349344979514483,-0.8644979104239214,0.06546397051844416,2.8823377285615392,0.29252921840026586
0.10553654539618483,-0.596816040218044,-0.15192719862351653,-1.1634470432325892,-2.2503412765775863,-1.287459083084805,3.1322165716970387,1.6336298512667102
1.247594749276806,0.7223954928156209,0.0972776606756966,-1.1891962700213023,-1.8076046648419235,-2.404514873931802,1.0868660424195113,1.6805332926663763
-0.1428735248651909,0.7207535016500394,-0.19481395703641122,2.117498473681318,2.7839515062588327,2.3982946687068534,-3.856408028066667,-2.3741726615028913
-0.4782743204091075,-0.6723216915499152,-0.656782946174403,1.0033282895644335,1.1706470814650125,1.595915412754932,-0.40299298260640076,-1.8102890391008648
-0.8850711546900815,0.721027923167596,-0.8652290967170156,1.9631910355386069,2.5914656619155263,2.9214370823693674,-3.5708996086202776,-3.0957044194742953
0.46671487844335646,1.206514115658833,0.7195856953802544,-0.5150899070677374,1.2824957752369301,-0.9769067694474283,-2.8739896705538874,-0.08804814713455357
-0.5918952413486709,-0.4637106001576101,1.2112686482620518,0.021282314473634135,1.2703730483195836,0.5890470307787408,-0.7596980692830536,0.5052745392298079
-1.5344044919257656,-0.20367002399308154,0.8550490226267493,0.4173597223565767,0.3985292008684236,1.9855000322683891,-0.32825650514052906,0.6393519515253822
0.06325981509049135,1.9964808574067663,-1.1498899216513307,1.099589069037918,1.6842486147013271,0.9768256135616689,-4.205580873586734,-2.8303053874675013
1.029391421613471,1.8371053685560472,-0.20378060408996254,-0.4369542045190401,1.7926783496953915,-1.376133647427449,-4.10861660397372,-1.6424300471106281
0.6950587013204833,0.6440516939213347,0.32238630808904156,0.2450006031456646,1.2042416726884926,-0.33524522912279925,-2.0985362037517263,-0.49747191057147744
0.6101188638286369,1.832862759990578,-0.27427362119151544,-0.13009104757239384,1.9764091945989084,-0.7374375738381256,-4.330284312667464,-1.9176557225398356
0.5385958538762942,1.3338008654809526,-1.2771706168147938,0.5617908938606402,0.9745103393906652,0.04435536135416568,-2.729886327695011,-2.4085821588024583
-0.008905168022758453,-0.8334928872378765,2.030374737932896,-2.935551773760412,-2.2050991366430504,-3.445363018576896,3.2869857334057295,4.430273432816679
-0.14836715750476487,0.8307229124215535,0.4769631687739546,0.1813573264269724,-0.7411416387848909,0.3060267000532782,-0.24192433736987867,1.3419245012171308
0.7875378141787441,0.9740317273131623,-0.5489512427734442,0.29158452949270486,2.3493853103195126,-0.3229474251512247,-3.6518584957487343,-2.4770227112094485
-1.5350057542731002,0.2657914606357331,0.1538111205902652,1.696907758981318,1.6308267192641197,3.2404550984123666,-2.0618081278370255,-1.1279568674538378
1.3626037413078782,0.30107844444841314,-0.4712284595403353,-2.819255084508962,-2.9382691960256415,-4.2300010921724285,2.8567430850002014,1.8456471261047904
1.3836936053554543,-0.7447554381645192,0.3160755899873905,-2.6819668140457535,-3.0112196712936683,-4.071708269637798,4.131816143576666,2.8569386041592164
1.383740180748102,-1.383659074250765,-1.3903963749496322,-4.069819108622473,-4.403204597778039,-5.4713664952757295,6.360283357594755,1.7440793323632697
-0.24232202985419476,1.219259587402332,0.334056548150078,1.6176413520340693,1.5059571518769928,1.9347493768229986,-3.088574011063931,-0.6660590253198899
2.257322417242961,0.6695340386057503,-0.6640856502382656,-3.225227177111702,-0.1858188389718987,-4.977291810897029,-0.6725150233833874,-0.4490567402025434
0.8162025917499947,-0.6460298530264803,0.29248258102486047,-2.322117013461342,-3.1924339577459655,-3.2267118342472183,4.164122646123323,3.0001072339194694
-1.133379995623455,-0.3289787447406377,0.837110823994899,0.1824129581096748,0.4335331791715306,1.3070945609585811,-0.11764883856190368,0.6444898272883529
-1.5541602384472377,1.8456182787636672,0.5542268072939285,5.774241110553919,6.398599095738931,7.273755221175425,-9.013639316626401,-4.341368566133657
1.0744489997829723,0.09528934545884991,0.5566769036618412,-1.532028830866033,-1.044551001155672,-2.5705281396600625,1.071894511682362,1.62202934278372
-0.2686014606892805,-1.5426174981756586,-1.083497795744219,0.2595725202112258,-0.44872604801529553,0.5813595599621912,2.3827420326665125,-1.1050024670731906
0.9731339172829483,-0.6957722541217584,-0.8958054379575661,-2.5353848295341668,-3.610851525486926,-3.5629135010967774,4.626409304444897,1.7236404589022871
0.3167419944547024,0.06239308983130237,-1.7919068256905277,-1.3118671883423583,-1.1963130041232917,-1.618869669829035,1.163864272256058,-1.4160730215369661
0.874806696460098,0.21099700623647044,-0.8065028994448051,-0.7400625908723173,-1.7716699335705084,-1.5769218991890959,1.576412287962914,0.3919152815114029
1.9735228655427497,-0.21472901480131606,-0.7734028507483042,-2.3067862401303123,-1.9878178873247363,-4.109184470861475,2.526506726724988,0.6274156252864391
-2.0730127733509525,-0.9334205217139072,-0.08244287594306683,4.156777193557504,3.8823998280031393,6.1218444336543625,-2.654102844956743,-3.416882837450015
-0.0023086378282781567,0.36754428866652283,-0.006387251581442231,0.5231273449576751,-0.30323277523393277,0.5832912989435285,-0.1349975189371406,0.30299076037479783
1.0578114063785549,0.9362329271830392,0.4557684615271924,-1.887028918488087,-1.1891757017714268,-2.9078191819645225,0.17304703013086423,1.6227323185802631
1.0874085181620308,-0.35246094080422846,-0.7939028017628675,-0.3412830079204259,0.29057576516671474,-1.2184310907974718,0.07208944117509945,-1.2081911263479075
0.10144067437339303,0.5596858133342736,0.249661705967363,1.064465479905771,1.161758658164455,1.0635047255206365,-1.9477172044995354,-0.555014867439673
0.933652395560219,-0.07789869768579721,-0.16586317267118603,-0.8320849647728124,-0.4712141779120206,-1.6801064581375131,0.6084060671361057,0.17729656851178255
-0.2850788537607806,1.005253582985893,-0.6876514582138944,1.1840327772959804,3.1257744099652056,1.5326352941235963,-4.488933947938885,-3.296864768126848
-0.5618667749342273,-1.2682536148914156,-0.5798499378634469,-0.09225307426329907,-0.3078892568215683,0.48505633543077914,1.8914260780830585,-0.5599167691953353
-0.5977979231927838,0.44786458435864357,1.7687268817132982,-0.6936812415185694,0.06589278217762912,-0.1279642146708379,-0.7788511630376731,2.1726932013526516
-1.3871906283929192,-0.47597999614462394,1.0131376750207677,1.9034326387704124,1.3791944245900705,3.3597826371453987,-0.9752186490447603,0.12028160813719453
-0.8650564581488803,-1.9106383856411864,-0.4521200232292204,-0.635367970087201,-0.2959914377109631,0.11868839704698894,2.760865877109201,-0.34584400288969075
-1.0060402586922248,-0.5126910361523513,-1.4125833847841858,0.028908596544374804,-0.807772754102427,0.9703076788705258,1.5712512457837011,-1.2284867514181865
1.468144731118432,-0.00820140702326217,-0.6953706491731327,-2.7609112547407246,-0.6547992303740037,-4.288057124150654,0.939616051209789,-0.21027521381492506
-0.7880373129656236,-0.713937896487044,0.31247385424958196,1.1860994720704343,0.8720766677387691,2.0626286189060594,-0.0997832909327593,-0.38798707158210394
-0.05924214444467562,-1.0838630811830052,0.22678892153949812,-2.2864373249130545,-3.2649889296118486,-2.427231152338922,4.820135077538984,2.9868811858572366
-1.3315003854448337,-1.6977054784278847,1.0709688270442543,1.2150964505360557,1.5684069058128773,2.984136565856637,0.19804030668798464,-0.11370990997879549
-0.9709214062139919,0.45525272520064414,0.0711971601917879,2.8178324564764745,2.6733527023333625,3.879930320259579,-3.38027271159535,-2.0297167385372417
0.9572662119184119,0.9228561235624015,0.5295626814045943,-1.0534547379604757,0.6571460618699932,-1.954584152611713,-1.7819754500211857,0.20667189422963334
0.8698598721134303,-1.2723463898285712,0.9074863943392658,-1.2606115920406258,-3.0269361071566605,-2.0377780626650863,4.783968706497744,3.5619652504721646
-0.10778502611755165,1.1740430333665983,-0.34262313862631033,0.35554774269487,0.7325199497571981,0.4581966023107901,-2.260198497005423,-0.9923292415380285
-0.3257406840229327,-0.33200583584273075,0.684786590279256,0.3474684192473201,-0.06473354970184109,0.7620402743485151,0.42692185481580824,0.9158944365154276
1.104374812071718,-0.8543113209813175,-0.20618439667557714,-3.004508575556778,-5.016654429117495,-4.3115955500501375,6.292850830079892,3.758173601294776
-0.3406411617575163,1.968419472414802,1.8092940928105117,3.2178803591181535,6.111829552055915,3.389397895590577,-8.526465591483797,-2.437787708638343
-1.0181258703354152,-0.4340475586235542,0.11973879226228631,1.8303416075770773,0.7489889638467254,2.9099812400554192,-0.32146423164328836,-0.5009582935431127
-0.2695081334137239,-0.6855529746737008,2.1060844762524464,2.1883697562928868,1.6183056720590951,2.6608560608711316,-1.089152819691816,1.261781450433286
-0.3186822939786159,-0.25745785935725435,-0.8295292811827237,-0.5816810252345319,-1.4619767615515524,-0.2753392778633894,1.8977224488110125,0.062329704443236086
-1.1830211739167982,0.007066435960135904,-1.7619591443709113,2.0748792298930825,0.5971316639491167,3.250497494623648,-0.6962695226246218,-2.7028454415301106
0.27158825900392874,-0.2932220785669288,-0.8344203274542409,-1.4804356177185864,-3.251059470086055,-1.8259297353851032,3.8560934601159165,1.5855219651080343
-1.5809300174616776,-0.053190793598231007,0.4968652197186558,0.42944380415518546,2.3213209741546965,1.7027858150717081,-2.102694396356268,-1.2878735863512971
0.45067877323378336,-0.5695248778616376,0.37663258729009186,0.21724706176085565,-0.9135595953077967,-0.1327891353377999,1.6158877925907504,1.1658152866031937
0.008421301817669105,0.5769894010397709,0.3883281771225895,0.4470698988849334,1.4186239862837642,0.5140839487171406,-2.232553129947437,-0.6109120154009529
1.0564130932812317,0.28062325084535633,-1.281290632758309,-2.566324942672782,-2.2184800203787822,-3.63498389692557,2.044987706648283,0.20475544075045599
-1.359656329104271,0.8346969534277905,-0.7542371169910425,1.2941849265533365,0.821221700860422,2.629785806165627,-1.8696120589978111,-1.698798395871226
-1.1906567725705464,-0.04496156171326962,1.7926988720337464,0.3961929783151342,0.15616137936591473,1.683266517640803,-0.2951934971569057,2.0920153285165606
1.2756280478933508,0.12417052155267942,1.2142847764997644,-0.8337177578102761,-1.730695299341196,-2.219038737235647,2.051139833854591,3.0292541517448925
0.12289071313134699,0.2546006200033067,-0.7042794899494231,-0.3270272913403728,-1.2651158501312574,-0.43295001858941934,1.0147506090062248,0.13548509984822904
-0.6979446256966748,-0.4717767382738382,-1.6149851249191027,-0.022479742590148413,1.4012419235723508,0.5523240643857926,-0.8819245185853678,-3.066283580161951
0.34853696261317685,0.2314631310944913,0.6677657137957262,-1.0679473349383362,0.17372694276897502,-1.4138843285754827,-0.49033098426350025,0.7264836896403214
0.36707279855652264,0.1377479322518957,-0.17569766408791462,1.1162373444876728,1.275438406005387,0.8799000396831216,-1.5610923493676139,-1.2173389708936508
-0.34920795475192135,1.1935412388741904,0.21744476559061357,0.22052217975199648,1.7678665078424158,0.5135919640199562,-3.402418861019151,-1.1670179696905418
0.6234888338347154,-0.18819267944916973,0.03258488987311135,0.863674912230956,1.08490400479326,0.4090867608671517,-1.0145828520926705,-0.8278464491462538
-0.6482184051053421,-0.9625510373361937,-2.647020217518764,0.7151704744998758,-0.5658119545685029,1.4515668397592667,1.6621710585059999,-2.927935624333211
-0.04194586239829394,1.6139072502928788,1.0445611825695449,0.8714421775371328,0.5078459004892026,0.9405409450281903,-2.627628547834621,1.0335092405303317
-1.2551014319394438,0.5270442705721122,0.0016589732764233853,3.657425154746511,1.957151388521115,4.924783163985829,-2.7740969999990526,-1.5510074679325128
0.843893489204207,-2.611551654962906,0.8196295209844634,-3.252200673380248,-4.775005819859891,-4.3479099164405275,8.76021840340133,5.246127559607685
1.2425613294660494,0.1561702386969135,-0.21178000008304915,-0.67468262861192,-1.8594159851895156,-1.8608547904375714,1.7872124673779508,1.2368111901615695
-1.3893024106637009,-0.24077170774968687,-1.2914083891610395,3.7195393024306806,2.5238466460022235,5.062665921885375,-2.3731856871765564,-3.706492891236525
1.0685245430026367,0.14145262482677623,-0.23991467441920877,-2.809000421395548,-2.6693469450933955,-3.9410704416729003,2.718383787586823,1.9232254149175407
-1.4377602349060175,-1.6290524749860693,-1.173554257092429,0.6888790655737319,-1.785749599843362,2.1747183169588595,3.9969379229136535,-0.050614642161471005
-0.5104314063031098,-0.7935978006156192,-2.1157114690601353,1.0907017388657116,0.12002284756943771,1.658502091736953,0.7959930757701922,-2.7653668950551173
-1.2700391049967714,0.061783882326339884,1.1700186025206447,0.6126222016626317,0.3920992515524649,1.9748424472877637,-0.6403949293186999,1.0962012631402458
-0.8276905428192485,-0.03834206039057296,0.5239830838922479,1.0057885786123553,1.995219867756312,1.8518886373768426,-2.0197735051189043,-0.9469609197367278
0.3020962474861754,0.21343298184151238,0.6554540826031764,-0.1836323667393571,0.7355742282083597,-0.39821222093476843,-1.063101173171743,0.27362014541504265
-0.6542506895965803,-0.4314072944909273,-0.19502689266863504,-0.7968995465052029,-0.8391559799196978,-0.21132113511438017,1.391058187684827,0.35358717754233093
-0.12514825849114275,-1.7014734725969165,-0.490007641664426,-1.237528367948318,-3.544342236719346,-1.1891388082702459,5.903225641265166,2.2684296926078344
-1.4762808901544293,-0.11144665253025604,-0.36396989299340576,2.257673077808613,3.432670787396848,3.828185636299127,-3.3753373158904325,-3.1870843490849614
-0.3723853283538927,0.5247358730396593,-0.6390396811279733,1.5219361997630496,2.083620680407609,1.982815998751666,-2.82314480972007,-2.418745652488324
-0.9267325557206569,-0.2703475530651805,0.7995596897285879,0.1331660083270182,-0.7609887985019526,1.1208316867361066,1.0274262079159018,1.5853778685977917
-1.506766035111763,0.13414806486018666,0.20098409877922083,1.9378060743027488,1.4983196192957808,3.478493820867085,-1.8130768601213636,-0.9605188038777682
0.06543163758046101,-0.27903625969055024,0.3757148402170185,-0.3291466220202892,-2.378368550335941,-0.42375463479223413,2.8527833769939717,2.412325569683074
1.5620402338796389,2.009695734176364,0.4113861097678846,-0.35746598442691113,1.0352377447753323,-1.8067108935628478,-3.5901281306694157,-0.27971226376605834
-1.5151060150177136,0.06858534194920934,-1.1689336969163877,1.3318543702088754,1.3427947678041268,2.802470437596497,-1.4674942706585146,-2.5487329252813864
0.7874265298765625,-1.1121852217116346,0.3904412300170873,-2.732751455276829,-3.1788423244682655,-3.6712766114041355,4.702977854051208,3.1292913609224446
1.622083314247454,-2.109807847756795,-0.7708282887228787,-3.693087538596392,-4.348435771373994,-5.3642963811947855,7.33700795282171,2.5122842463005597
-0.6606085568538713,-0.3307343258951191,0.029482982690980264,0.24412864932199665,-0.9115896205717404,0.9425318359927448,1.327296744946551,0.7643204159976558
0.5908736641985775,0.25640958317901075,-0.4242636483358202,-0.5943314653010792,-0.6385725551880561,-1.1357712416239063,0.36369190167701654,-0.008395476566443585
1.4992983921846474,-0.8633347208721989,-0.6071991080529475,-1.5162784440381643,-2.865788865159728,-3.018824525402924,4.202520845445334,1.4511598100271488
-0.6274754733663811,-1.6881832300091606,0.5310897018462772,-0.32914258021854004,-2.2389774141674077,0.2649285138199906,4.471888954317166,2.4601350645516877
0.08993420742323023,0.6969864920717191,0.5768850989111373,0.45570521170289724,0.46749539304501425,0.4532940611202782,-1.3740336234695727,0.43950734480929177
1.578647550748106,0.4628640859730506,-0.09037874772878121,-2.4374871588936284,-1.4659469664439055,-3.9384120030557503,1.1422967814515745,1.135992270995126
-2.5712590249442773,-0.5061830528883519,0.7378460555618414,3.1571358226983217,2.031953893094243,5.875717060835543,-1.8872325549490259,-0.8835838607819111
0.07290076991708373,-0.36780795718865145,0.1458399560301624,1.3153019770508823,0.789220876909885,1.3805459418134387,-0.48565617141556733,-0.5258828157926623
1.1233436153542615,-0.8214585300995166,0.5378904957371801,-1.1380934688264315,-1.845423228396112,-2.1798615147998186,3.0126897169038376,2.1822896226048862
-0.8478293414765465,0.778302403226909,-0.24448020518502656,1.3136034423610417,2.7711914093050494,2.189222195112981,-3.842752490324074,-2.5066867617281687
0.5124479259489509,0.5443373716508495,0.4471357617455731,0.7709261420897807,0.4846184000152083,0.3576934280433889,-1.2206506187825865,0.2507676835641145
0.3696927503336566,0.33540876904193717,-1.3517576168723637,1.5017553847477538,0.9465304120393604,1.1769017216879576,-1.4282358618176296,-2.4240397621151795
0.27776597730918795,0.49189490535212516,-0.5700455647480525,-0.37054367593514936,-0.9593844332244186,-0.6312910325814682,0.3918662040201156,0.09222356674873088
1.7434876568448021,-1.8540877896844103,-2.3746314182240456,-3.652252488319198,-3.9880333342051784,-5.306509250209472,6.6214919467216715,0.39796104778484565
-0.3895099386195149,-0.6489620576609175,0.7677647388299885,-0.3444138282239029,-0.9825188310568576,0.09079761676800294,1.7897074134234723,1.7575058827177572
1.608043644445223,1.3039490826223026,-1.0989874516680986,-0.3117669680232731,0.8556835222818889,-1.7643372995584023,-2.5141739268961336,-1.9946434303623257
-0.9991198499429462,-0.16444353266864953,0.644535112325066,0.8259147220197923,1.3642621256366436,1.8276047551650463,-1.2328919506540392,-0.30397961775283716
-0.4646571558607397,1.0299792000105907,-0.9703014242015905,2.5664533764799615,4.729188984819565,3.1877995926353306,-6.087744647178783,-4.8063845005510215
1.4351097273118845,0.9042200922053047,0.7614430888738487,-3.5925657385945415,-2.8050693578144634,-4.988650770219953,2.04345089441401,3.1669319029597
-1.559813657103797,2.302620304312854,-0.64047540087056,4.907136381681413,5.456267788377685,7.002074443891219,-8.717632064419702,-4.9562518698443645
-0.37131985609065327,-1.8636978614494903,0.9454502466163197,-1.5205323610200148,-2.796272785072421,-1.2572703194668424,5.322302050662055,3.519852542376696
1.0354278869410458,1.5961099112130102,-0.7305507091065309,-1.340270881082772,1.4699956366470828,-2.3283991694340664,-3.3847197339631703,-1.9917138991399412
-0.052102312458206304,-2.4834254055280454,-1.5997916162796426,-2.015943295616089,-5.118706030684576,-2.6229604707077154,8.833867025138524,2.503355394537083
0.3019001500251576,-0.5640204503285319,-0.09323506748319449,-2.5217148826795333,-2.1679246640067533,-3.0563514817593305,2.999454223001372,1.6493486898907486
1.2679764572956451,0.630180338734457,-1.0024739107159222,-3.01462107037774,-3.077402459327839,-4.379596841253476,2.6064632524617317,1.3528051854719367
-1.478131427742785,1.242988067119988,-0.40756279311869537,2.7671605725376267,4.174411762200736,4.445164112415194,-5.830745114740596,-3.7604329697335697
0.4352292789888115,-0.5162444066779829,-0.9393037968542608,-1.3044555554632815,-2.409351944772249,-1.7424901393833572,3.182541099946991,0.6860106782931213
0.9090061500743032,-0.20197224474356085,-0.09839223218685242,-4.279216011785597,-5.322171738334899,-5.380316167432224,5.84714826513561,4.212993497378484
-0.15631447201856402,0.4481036322825518,0.164585984040351,1.8992680772847692,2.067745587112418,2.16806580668209,-2.7779368881222637,-1.396569876253471
-0.31835260265144383,-1.1834827760555626,1.1689719299599641,-1.2474606230121779,-2.1295539697937285,-0.9886067929194104,3.694028990365873,3.199232548432321
-1.3221123915777848,-0.5001782433658262,0.5292800343958314,2.380506395736364,-0.07185773683171112,3.719647986293827,0.5686809955126209,0.7253505631546118
0.337644563040996,-2.4295236945248795,-0.8686389598106787,-2.197304296535485,-4.6649096376786785,-2.708568382699951,7.824094477549486,2.7844409988723764
0.24522892382803274,-0.18295023730720927,0.7559282912738051,-1.1020315539927383,-1.896663903036369,-1.3694685061193943,2.256173372831699,2.556464695685942
0.20124889495152698,0.7262520747215608,0.04835588307163351,-0.4179422655884256,0.46715784259387255,-0.609358451898256,-1.4153772032351404,-0.29303145138199715
-0.5579879400379942,-1.6415456237951893,-0.2322391844893327,-0.7780316689746176,-3.023101798352585,-0.19271706007502287,5.227756243559005,2.134472236787805
0.8691251839721418,1.2366327398982724,-0.5666040945660996,-0.742823908987322,-1.1600600396331149,-1.6739446199839108,-0.30471734974181813,0.3580717766971025
-0.1477145383151603,-1.2254367179128807,-0.5778626293952396,-1.4763021894007526,-2.890765128775985,-1.4139260032695877,4.6165759935754656,1.5954892206391154
-0.004821192041247785,0.5242353078048374,-0.9600485794120585,-0.760962326109777,0.19720142340726768,-0.833041691734665,-0.8914637510676596,-1.4526734726933512
0.5387857479746353,1.1562186667461027,1.8136169144572918,1.83807113072538,3.2371862837222403,1.5425922767184854,-5.2091615127033375,-0.27663527326213877
0.0897816825649601,1.068163414081791,-0.8905184663592078,-0.8422466933015483,-1.8433522430415528,-1.1927620952387665,0.7923957625917188,0.48980925082151805
-0.7138302879605547,0.39519073174041075,-0.03942268357594848,-0.3467531357637684,-1.3241550068174401,0.2194737218115467,0.9982194072097238,1.0512010132166067
-2.115766066110581,0.739066031456795,0.016735232864467167,1.7297037684167087,1.954070640260225,3.6596168184307927,-2.719152015586654,-1.6192520857240353
0.44257542650608883,-1.2266912938830452,-0.14675353445506217,-1.7516337326821292,-1.6174213530919708,-2.297101815635015,3.2729716549096812,1.1128104593504196
-1.2479751075268757,-0.18410308300876566,-2.193878014849993,1.6733667438607103,1.9047574714551867,2.97173609818275,-1.7765635250448322,-4.163665550771252
0.228748849165396,0.9390607766332978,0.05829472663060713,2.662544757198876,3.2730039603496066,2.6322977585041043,-4.827681870237577,-2.434666348690143
-1.9705182763047655,0.9143128960401615,1.1074888707514166,4.16324986244027,3.099828427797031,6.650316055453273,-4.931657453389138,-1.251754447550404
1.0420836453716555,-0.4431165711736092,-0.20734408770136473,-1.1973722419955943,-2.0224412212905643,-2.1979876804776963,2.706287840941053,1.3445714191264915
0.6455950888394655,-0.25705169371731174,-0.4186348716584115,-1.759071123564182,-3.1747078686503323,-2.475427551001573,3.6849849328737205,2.0722321482387187
-0.3080456419065262,-0.7501269193446766,-0.6023985161766021,-1.5699767696566096,-1.6451772194933179,-1.4219433920925233,2.6988795125243636,0.494467959813664
0.5449364305584933,-0.5102498240560799,1.1527177007908942,-1.6969825129654308,-0.7410322449557806,-2.336091168181954,1.412413351648986,2.1471543773456143
0.5798154867927819,-2.392061002165177,1.530456055635626,-2.6573235793659924,-3.881078073315221,-3.3280751036525773,7.298462616080437,5.3831009394494975
-0.0882956040475587,0.38918065613416425,1.0765049877668982,-0.13713774043796462,-0.32706409083698573,-0.028850198104255903,-0.1173585590098978,1.7092847347933877
-1.8413512081827197,-0.6840308625599519,-0.4837954192676218,2.6501619397496805,1.0814003839456774,4.41518431946167,-0.3056789074440163,-1.4888684204663778
0.07554736643652744,-1.4334095583240198,-0.5700073411832276,-0.10688720533961749,0.5886753159263197,0.0827910124744545,0.9939247000381404,-1.2782196185823846
-0.7894397268902932,0.009634694756956295,1.430756340800268,2.4316755977813194,3.4176560205360382,3.5405788849731676,-3.8282432784724407,-1.0291771536469143
0.2973531814014769,0.8082001644222471,-0.9410872821040526,-0.0037881020256757547,1.422571726406978,-0.29349672166381424,-2.4681652779169383,-2.3148658734656
1.6613662693955482,0.6938089428027946,-0.27144778755497967,-3.2513005018282644,-5.4253297154859865,-5.579190717376852,5.370653887667604,4.150330213328902
-2.453977914934096,0.4520296383423668,0.05988086484340108,2.4247272446412746,1.182662346002385,4.6757359313575,-1.8761273023081317,-0.9677123336130727
0.04519357873570125,-2.0794733296984083,-1.0249359432028917,-0.552070371297413,-3.1109762075384086,-0.6099800494505083,5.855492408147889,1.1555246637415895
2.1072169451699367,1.1318811155790551,0.3276220777591553,-2.0580047023302726,-0.4596895316327294,-3.945696291076055,-0.6403793956427699,0.8544333657046844
-0.7554552617234593,0.5478578986160209,-0.48069689390236225,0.566825789395459,0.7902908940216866,1.2909175519898828,-1.4987395890059314,-1.2668717017791469
-1.4676248768150117,-0.8865269618360524,0.5458592069073481,2.1728312098360734,3.4574906633473326,3.977992244457091,-2.587634129600832,-2.2350482810408554
-1.3764595640328534,-1.7202141071075427,-1.47021423217947,1.3048077920476229,-0.5675504266149725,2.7607790115617155,2.7396010999351805,-1.4803009628058363
-0.9421385351711162,0.8216450271576046,-0.34722082822823297,1.4931014379910148,1.3196236731203925,2.4370394892287366,-2.3423893813232417,-1.4661608658737453
-0.4954233220409433,1.220973256725258,-1.982409193364038,2.038695311366046,3.1911270874123465,2.6822281190906625,-4.881070735577886,-4.959368351114853
-0.7365378676439736,-0.15698353288620603,0.6254948619669147,0.4238224160050851,0.07296887066839533,1.2272939308185755,0.0497127842220386,0.7234866297227934
-0.8517074882518693,-0.275171786490806,-0.17629037617594845,1.454525858912707,1.4095979783584962,2.3800274447134995,-1.1617202689634285,-1.3858036489926546
1.8690269117553715,1.375908764810737,-1.1193233360873507,-2.4706252080175655,-1.5066739032572478,-4.231853240846874,-0.027872408766823103,-0.024112069759095717
-0.5927218271169651,1.9436642429332311,1.1208852170817682,1.043974428926641,1.4771968296221993,1.6612135119737972,-4.157421449248783,0.26340673855262486
0.9009692634940187,-1.3208904881010852,1.7733762682347496,-0.6179317269698399,-3.3605184418824217,-1.3901642760531363,5.232254446754907,4.778174397077772
-1.8088861856699616,-0.5855436807609504,-1.1232465164469971,3.0322539553101366,2.5716071319056213,4.866384284917949,-2.0109880219510345,-3.501189591125474
1.672345660935594,-1.2770737328799562,0.46802148352707884,-2.891408131029394,-4.0979773916314,-4.5247699747790975,5.957212214521461,3.8965412812074893
1.2187219978752173,-0.5005000354200506,0.40812520612924186,-1.1085953757741125,-2.1430116294410553,-2.284953077000849,2.9823800402658422,2.2586049793966327
-0.11335790526585814,0.7539796807062199,-0.23281745136093113,2.0316011840123145,1.2497643248295744,2.159266037824131,-2.2096128194025337,-1.2017929713703448
-0.5036914810514158,-0.28224832860452037,0.4617110902146062,1.3181345484493638,0.2916287882801175,1.911175463764436,-0.01906720755333783,0.3211977319104242
0.2720943434491468,1.0576707839747583,-0.14262183101630943,-0.21499458238031496,0.30379631323334133,-0.4833489582034119,-1.6710157613305368,-0.371421270277355
2.2145010390810453,-0.43691668198345607,2.877816522535546,-5.273287809777097,-4.97831939800112,-6.868384931747972,5.022277543489639,7.355998709482713
0.07541288730216182,1.4017131197852541,0.8712684969320158,0.5315070323065385,1.776367013042769,0.5485122168807799,-3.741632653654188,-0.29003383039494945
0.3964288211875183,-1.6353381957185251,0.37201187457954166,0.9337165433797718,-0.5363306739642686,0.6290475584895097,2.2890661244638415,0.572562209290167
0.5501768302291092,-0.2787932756679018,-1.5921698534786268,-1.4084795769937444,-1.7037688724605988,-1.9404263756133304,2.150220582255069,-0.7268275912209647
1.1825261366105646,-0.9709596316592667,-0.7320697262130258,-3.074656229411111,-3.4943603031043518,-4.296396969335557,4.865276491443639,1.8400245738501737
2.170485845690281,-0.36127263671938964,-0.4864091902920781,-2.7123978687790413,-1.5864832956316446,-4.760712411776462,2.3035060168394756,0.7516354217710378
1.0961921085755202,0.14833533712233166,-0.7303510741869251,-0.9532174271974027,-0.9261038436996892,-1.9735995365997578,0.8173641915927436,-0.18246238207297688
0.759334302164814,0.26316856166559505,-1.3530736323628811,-2.9149806565390386,-3.1209748344359034,-3.711744225425092,2.9229969454847824,0.8209832773440086
0.11630782382483883,-0.7497888850528509,-0.05042124724282827,-3.184031536967158,-5.356206170117327,-3.8135936628956326,6.6500551680688895,4.383273887755852
-0.41923023544150284,1.4179689721853113,-1.1019722792963098,2.02521954023127,0.8947222612315718,2.398566440034559,-2.566828126101626,-2.080742026815987
0.4683357462189047,0.29204662582658025,0.9413123596416926,-0.06734291821675964,0.8782795172331453,-0.442787580559094,-1.314348738658466,0.5465498335842005
0.7966501906581976,2.792406543226529,1.0912750515372163,0.4910938741561812,1.7042476943159865,-0.16852167359496167,-5.248851086590147,-0.07264723466620429
-0.8007269572731337,1.0169428343235392,-0.9763079297382272,2.8358964537892435,4.151815942854398,3.809794606237544,-5.547231971651326,-4.376775094993254
-2.6275479897618745,-0.30908576580669395,-1.0744935484849631,1.863167033857213,1.1370968490630347,4.205646737646416,-0.7201746443094769,-2.2156978089578936
0.07283035511939516,-1.6096322785841881,-1.0897726962444536,-2.1800106928722607,-3.074136368530804,-2.461577965360689,5.231161238157491,1.1209795112207315
-0.47404210714962897,2.0470168229267047,1.3502715428337437,1.7889429181965617,3.0029766537084663,2.439875760410115,-5.843123486008422,-0.6398656085896928
-1.0376366985684977,0.16982567205681293,-1.0473467425042138,1.95221464997013,0.29884246808743536,2.920342728768941,-0.49461377164600356,-1.5533758852801398
-0.77622536579558,1.504975990930806,0.03292160667886403,3.6095627993058415,4.461941706078812,4.576492587948128,-6.595034222837589,-3.346832895603237
0.28690916683647405,0.48525362123769006,1.6979572453305618,0.15373987706293568,0.6211686023006188,-0.1288882522957831,-1.2234957011849792,1.7434489273216196
0.23482193738665236,0.6877130863730114,-0.32511033368712783,-0.5662098840486764,-0.24073478251659847,-0.7957777769307766,-0.6288109849977164,-0.1899800729469578
-0.7276076227855698,-0.9279090002074397,1.122074337901374,1.7992385590910278,0.9112078203335033,2.644023310344973,0.0339451412138609,0.5410489968203432
-1.1704427661080845,-0.540773281315184,1.3317146881253314,2.102399845593541,0.28742634817584567,3.4023415168583493,0.11054509670746163,1.386580700526609
-0.2513428758564307,-0.704060333521641,0.19668363597776797,0.05859524772667664,-1.771448408963319,0.33904768269418295,2.72437930579418,1.6501613253492404
-0.36547698588454947,1.158780595542992,1.8996305355720127,1.307132951022061,4.212983117066207,1.4988255772954509,-5.701646539725664,-0.7319979455543797
-1.3251862648057045,-1.7136681259753053,-0.3667784103315973,-1.1452389901573214,-4.133882619991355,0.6274152135043531,6.099771313458357,2.701692704534884
-0.8428121250352255,-1.0824503667977172,-1.8844343573515454,0.08663077989987435,-0.6625845091509739,0.9206105288568251,2.1091297929442248,-1.8901101927739414
-1.5545500389748823,0.9325926669505403,-1.5885393455042471,1.2468307937971315,3.0421404245497716,2.73144463711442,-4.3565042610270845,-4.446897119250663
-1.6602681946144784,1.1503632846020964,-1.8437952437226852,2.154865641157538,0.23823714356983297,4.0204885930157435,-2.080236637274149,-2.7912014714575255
-0.7709368892081148,1.3292180371843751,-1.978162373581133,0.6268469967130155,3.2551337783031284,1.1585679720066746,-4.891207179673667,-5.018079344041459
-0.7741459691048009,1.4184242005577337,1.2225725171374475,2.1431999169993445,2.850676190917811,3.0437760035429617,-4.783973014154841,-0.6452322159658846
0.22579028903928122,0.9500194691117132,-0.18833875421834925,0.32891588485378287,0.5461676036427728,0.13468135713814539,-1.758603909840662,-0.6120978549912738
0.27476746409834824,-0.2088502398222793,0.3651266590798269,-0.6402468174929863,-0.6830560568870815,-0.8473230401081588,0.9619094792339083,1.037279208923307
-0.6212404710654016,0.12229171401425849,0.9892352362728694,1.5117399900306814,1.7092987512992217,2.2165310602834105,-1.9826538662553153,-0.1066235626764612
-2.1291216000668265,0.5154704274289859,0.5445423952440633,4.866141759264562,4.168478682844419,7.374457371612211,-5.317421564716087,-2.8099337805029516
1.0833676917155362,-1.1030460989235569,-0.5330195266968011,-2.8553962450717454,-4.401793242493519,-4.0463429071312635,5.918670088095847,2.8122194624699817
-0.9581363096861235,0.1430787390481219,0.2054293652927974,1.2549197228113318,1.0024335429757385,2.264654412089946,-1.2741476895762598,-0.5426276473217765
0.8295426869543295,0.8211018487829064,-1.433440643794024,-1.3455584848014013,-2.2915277667429907,-2.2868469186046734,1.4449852275575645,0.08672275374496873
-0.37161780327089944,0.7826895968069457,-1.077039292387779,1.9004888836550462,5.068243140034373,2.548524218187112,-6.220508600620983,-5.219959277784367
2.4420218629665293,1.532647972811519,-0.44797328014347726,-2.847522079959431,-1.2324507996690897,-4.955226025610767,-0.5566943690360089,0.5077319532844415
-1.5452749930082452,-0.8079082257216875,0.5670103552486073,0.987364226105538,-0.0037688309741788356,2.6306607015848926,0.7679415662127669,0.6643792570255983
-0.8181255674722226,0.4453721104714644,-0.23305473759049758,1.8991255665198057,2.758310087052952,2.814674679301176,-3.41662019411945,-2.455169736265734
-0.08295072747310649,-1.2349660204438335,-1.2326248954569645,0.23754376454739973,1.1249497503115096,0.6336643136696729,0.16719273052062478,-2.4361399954297873
-0.4911322965735129,0.12175803101205591,-0.4068907853654984,0.21068350369978256,0.8566734248984311,0.7010503619746578,-1.0624689970989027,-1.2358171167907055
-0.4171354799861726,1.1358549783340468,0.18122709487976366,0.9181126430551726,0.5024770219745848,1.3595776279928706,-1.928889605130341,-0.07378183439400726
-0.8315931884951766,1.0872890756787694,0.01956519673832123,-0.11482874170467375,-1.7142715610715347,0.15593011997707837,0.8027771251455393,1.5361644730735313
-1.035284857734426,-2.315114862625672,0.5196773163575683,0.09074492360321999,-1.2474809191256109,1.2225430713359642,3.9960352072804333,1.59748423259174
0.295560537595604,0.6674640689242343,0.2556823989861191,0.09209549530362325,0.4439406541366609,-0.124537598917206,-1.3142559665570883,0.029642895812978284
0.06412588082584024,-0.18654740663050906,-0.3790609601811026,1.0939820909361433,2.6534839322662878,1.1990143656862235,-2.4676970654603307,-2.5101093757895074
0.12361724089425156,0.8274883837182578,-0.08420600089237401,2.0177310468628193,0.8388959505132086,1.8828354874179967,-1.8583544403751056,-0.6617352573122549
-0.8245308944880614,-1.3338990341373262,1.4198441763001564,-0.40694600135346515,-1.8176836874894213,0.37824640782566865,3.488629932599554,3.1882966856174058
1.0467156659199228,2.334155805840027,0.35608225267292937,1.365076838961959,2.607717740918508,0.9529421139320713,-6.338397404376637,-1.8472288005885067
-0.18719922276081252,-0.6279753764098307,0.24859592885617907,1.480073199308235,-0.9285990775071146,1.7410201818303617,1.6703640976343732,0.9445827249818692
0.33490776621634016,0.10530516269797306,0.4363912629286031,0.13747051205784877,0.4519825627226118,-0.07730433336232767,-0.6460386127816387,0.21753138297695918
-0.5443169334446295,-1.7623557601820246,1.6639640301754342,-0.7989186754047424,-1.948785786535644,-0.28855876611700065,4.1792254092553875,3.6884375548573898
0.010047298066595406,0.47077890967204455,0.7261703296718022,-1.3229408320256753,0.5942506764117365,-1.4530421904204105,-1.2926164608309336,0.3855993942256658
1.1623475517668909,0.9929396513727636,-1.1461655422104162,-2.385306470581489,-0.33740150804296687,-3.529282603684893,-0.7722910904822159,-1.0374092533020232
0.5083352378666711,-1.1767532808078378,-0.39946287245060885,-1.8078397638402006,-3.857468444814106,-2.4354817528057584,5.520889058363571,2.6073609148538086
-0.6303815885898605,0.871399952076695,0.8739818708994995,0.881068572361715,0.9105247939432679,1.5716118867108464,-2.099148768140972,0.4215471486637533
-0.10413761371447208,1.3781417386762314,0.2630162507557803,2.5845255945103798,2.568828019077133,2.7842404790036825,-4.470951877482237,-1.5704403275328283
-0.42457873160675774,0.029040471382630356,1.1395336107458673,0.3478970257533318,-0.2749231645489087,0.8347390942777606,0.2190717054982688,1.6935757139932965
-0.058462724921046344,0.8911279709653925,-0.10766153416645396,-1.1820310308342639,0.13128128213304383,-1.311373150583305,-1.3488782295707045,-0.30622046263930974
-0.4119902138308271,0.7910566971885128,-0.08166804400539518,1.9797007063492398,0.6377330771293154,2.3565256924615796,-1.5333532300892356,-0.4962878524832661
0.10056475360078647,0.28129072152025064,-0.6589899204988493,-1.3239872195917652,-1.5427419258907906,-1.483769495553612,1.2818359400437704,0.4020205392090913
-1.1410229119000177,-0.12260573267637467,-0.6475548412708473,1.1837097228186515,-1.0778695568373144,2.286458691676811,1.3451577002642725,0.07091186765414166
-0.28035143920345895,0.12823379193180118,-0.6952618626134416,0.4215731229713693,-0.16433372499045681,0.7449586331953391,0.0010074031737564485,-0.7645708889886972
-0.5535440437498541,0.8275877521925779,-2.279938036013758,1.713336306952803,2.375464900800504,2.392604616741492,-3.5396945863289466,-4.710183118481216
0.1000257574827663,-1.6653913661837232,2.09217866543968,-1.2252249846567964,-3.612082066814352,-1.178611616771871,5.746549304830716,5.431533411995475
0.6654973631069979,0.8692810806007445,-0.9379448615394105,-2.3489255332121637,-2.0115003490414414,-3.126886057527585,1.0523235819192494,0.5226992572702759
0.7315507600360049,0.13266154970284855,-0.35122754354042884,-0.9114290523086576,-0.3632599680875064,-1.5968369758041623,0.255161109437387,-0.14601639554085333
1.8009343995357885,0.7248739047348612,-0.6766498740639824,-1.714245260656255,-0.23868388573785326,-3.276559058979608,-0.5533972171207244,-0.5770965569838151
0.43129083056905027,0.3744787056911942,0.5931402423702702,-1.6699193233363743,-0.13083659532370712,-2.1713977721999846,-0.3551766242770491,0.8604158776410532
-0.2412507302242815,1.5725508969736586,0.07241979727896652,1.5709580427403838,0.692543820659344,1.7622846575467026,-2.5233034010184547,-0.28372787053361725
-0.7533018398880229,0.38991787871456934,-2.5102201868016327,2.2610259915364095,2.335624021847844,3.178440351042834,-2.956580492357172,-4.8901868657343615
-1.94182579518132,0.21469681180734934,0.8405317835413676,2.6972048188634914,4.4951746481092885,4.894203253262945,-4.898606470157775,-2.632499735120241
0.46768993147979065,0.5741291265276541,-2.8241517681136425,-0.7593558032693328,-0.04961994901890449,-1.2800029300287403,-0.5039091141765097,-3.4601480931196704
-0.6174127010501818,-1.3288839935560142,-1.149321323641238,-2.1923847185163514,-5.056223266923962,-1.8492179119720407,7.270980890097575,2.796194651598676
-1.0654401790073513,-0.140438161698994,-1.0448537550666699,2.4112312381937677,3.0833604727012482,3.5714456147280282,-2.9446724250670675,-3.6938316354520646
-0.5394135408445644,0.8860641146437997,-0.10592980997395104,2.5736754346962702,3.3337467874455564,3.2704028410677237,-4.628330097884847,-2.689887068009494
-0.5145292507016023,-0.7016304536082729,-1.6296920496032583,0.687319065315905,-2.6543299424381512,1.079918813536098,3.9334838473979397,0.0027865595563449502
1.4912224726093652,0.6627530641827798,0.7319334702357077,-1.863462953262425,-0.3962960197871016,-3.273280712158965,-0.1894181361724427,1.3311794379064974
0.04383925866292766,1.2239746229497417,-2.0156072280901807,-0.09580923624913268,1.0389274676265996,-0.21784707253981245,-2.5903833327971397,-3.448137115609213
0.3521858144239254,0.1024991619870448,1.8536434827990516,-0.07188791427171443,1.2837504777906006,-0.41967597948408814,-1.53359625746781,1.4214075038227814
-0.38862701398606275,0.3799353554903808,-0.2821869872342305,2.588192749033978,2.396403351375368,3.097438921733165,-3.0477263887192887,-2.249620029470396
-0.873813541737988,-0.5133489954883179,1.9114186527349644,0.8691268878892063,0.3689975184366678,1.795306065482759,0.14188154416503423,2.1464427630841643
-0.8829666709237439,-1.1572622837335238,1.0084089454892682,0.7782020164015261,0.033014393595357475,1.7469243739517324,1.256986481758038,1.1855380901167263
0.041787739118046466,0.08221637352571352,1.0433228077027217,-2.441896416278452,-2.950819417636535,-2.732717300277151,2.875046529769232,3.6657777347551397
1.2128820923081516,-1.041827423740426,1.0281504315704872,-1.6224056680683514,-2.5139811398835863,-2.7204771667433447,3.984727181145154,3.3763415886813397
-1.5762821630785535,1.0118963880165421,0.15309588234952765,2.671214463455656,2.4104238542829384,4.312418398591661,-3.718937775422668,-1.7036876839578923
1.1218862810004624,-0.28090869568242066,2.0370902050507294,-0.7103672221632875,-0.5185365377469832,-1.8418167399620062,1.0832255401651059,3.1520863075824983
-0.43710813636306417,1.5040117164316193,-0.4802889613148542,0.2925283353050777,2.3179798004387258,0.5730667589201717,-4.265357838474744,-2.5137154713982173
1.2562497785486189,1.578649052126967,0.5844816700379316,-1.6058942596403012,-1.1487265283869357,-2.801325217288638,-0.6128400838327789,1.7420903115900963
0.8179874543870528,-0.548055975008992,1.1021728136313187,-1.7238514119791264,-1.998267957511228,-2.5666527634007923,2.8456910157499244,3.0929630410733484
-0.8036752871102125,-0.28648153922196096,0.11534662484962038,0.8740203400305145,0.8923133058420857,1.7377891657314666,-0.6307790105523202,-0.6016812158903292
0.4730126741896278,1.651856480479281,-0.8208718027012545,1.3082996173370003,1.445934280777525,0.8181412289048566,-3.6092693674431544,-2.1745485168080325
-0.8234439652568508,-0.40255898208360547,-0.28484710635101285,0.8809865893832772,1.2066365663815133,1.7567400974012872,-0.7948255850587397,-1.3604504762689693
0.9562704572424485,-0.8871048230205701,-0.6823028362788425,-2.296560532100201,-3.835015299069974,-3.334663343105004,5.088887667141235,2.170721517916846
-0.9067279627587388,0.34188404579047776,0.45502545636823233,0.7126426615854612,0.9054639980041803,1.6477259264817685,-1.4156046105956195,-0.16235472281545454
-0.800105209023036,0.0029937814138560545,-0.4709470000687751,-0.14814239593565418,1.232992538247994,0.5059597747105506,-1.3084133735588708,-1.658529603721006
0.2558181693078212,-0.4263046056632544,-0.7267213048031673,-2.231625916416801,-2.0631652129797984,-2.672471449763661,2.764972779361915,0.7167302783957059
-1.1858462908185456,1.831486665926741,0.22321701932065088,4.755099483847594,3.6250835740484786,6.461378280658792,-6.4952923038446615,-2.4775416343249685
-0.42516613531494496,-0.1773235721631286,1.0670577767197298,1.7156654237828712,1.2202447813419564,2.2446888311258832,-1.1319360313265112,0.3402186119611152
-0.7819406753260656,-1.3496632383028735,0.6891831394909331,-0.20415753098096992,-0.8440777503814805,0.6234310261970388,2.4632041380594893,1.513777104965816
-0.983347536953717,-0.20842675445321196,-0.06122825484495759,-0.26318365303849134,0.15527515719727533,0.6461812627878913,0.038687907402020195,-0.29558587762361893
0.8136414163208285,0.6506506300459313,0.45790990102576157,0.8855481338955911,0.5507626170632546,0.17007646689689027,-1.465295274613768,0.2080201207729505
-1.9354195532564655,-0.15632908353993313,-0.8794217404443507,2.518556662584691,3.4894820432075786,4.538914451250845,-3.3908084840069765,-3.832944990580986
0.007698624126072071,0.2575552367626263,0.5272979642072034,-0.606073452045168,-2.128948276345833,-0.6859921335707146,1.9020402269970522,2.4685498563627277
-0.2710084491189927,-1.2407626575445911,0.353023519566978,-1.5958081210571555,-1.6341012413728604,-1.4353126059911974,3.2502024391910895,1.7643417671261052
0.5766661177811034,1.5831614841099066,-0.6385166679023714,2.314835280318111,2.172033209470752,1.771232686456865,-4.423496492850775,-2.507769138240614
-0.7162276871977995,-0.5892702286932641,0.6159039938403038,1.9133752419537233,1.6651783845639019,2.7475553431870945,-1.0907717487165016,-0.6877094939419296
0.20685494176523717,0.062131937284423275,-0.538413204656557,-2.026318095562753,-1.8059878793184894,-2.3697180686699166,1.8426575534494922,0.7640793273752892
0.839498441673023,0.47759864851776573,-0.5619002456320593,-0.6422998235000373,-0.9075142528349485,-1.4556593773478503,0.38304855758834844,0.05466023935109958
1.0002407093474448,1.2375317691648455,-0.577136262164285,0.4195253338774475,1.7055852627177015,-0.45537564543132375,-3.361675106505408,-2.041961040157706
0.20105772944749783,-2.0637507458845223,-1.4770703061244088,-0.6712031078219357,-2.933069514853752,-0.963049363539378,5.6560510463154,0.4612356765465395
0.1990873740019734,-0.6875516304158136,-1.8835690262364881,-3.0506566687997743,-3.242492185539108,-3.3084192542865063,4.118732245097418,0.17329895069780027
-0.5175209752633643,0.30151928021788515,0.419384376816172,0.5244776046465345,1.14081328849612,1.0842341053451352,-1.598636893995924,-0.38316291248955525
1.0863329903791128,0.4467818442209787,-0.626312869481809,-2.6395233074057267,-1.8565550525655252,-3.7886976788554647,1.5302484127367144,0.7920196604800707
-0.9956190186743065,-0.29326641973801915,1.160520055125355,2.277488072987015,1.0341489370671801,3.4042873238257174,-0.9027998456525258,0.5721984514333074
0.9148905699732466,-2.576571456817504,3.4042933434688774,-3.222503111407127,-5.5209296795618625,-5.077254739761547,11.077749911127281,9.498904013294878
0.18371365463154993,0.015635860711538316,0.8366960242579126,-0.649874882250038,-1.6970906109299464,-0.8419324960426882,1.796187496273097,2.4964287881042124
0.06863183126201246,0.24993051523632892,-1.0784066223210687,-0.9128491511092683,-0.9402023820348401,-1.0094911775217708,0.6826336724849068,-0.6862301100227639
-1.5221246316959787,-0.7028506865184156,-0.2880489550113922,1.3372044846354931,-1.1694903921753834,2.870889829839129,2.072080493759845,0.6093763599483035
0.9955197086520329,-1.3333758586922593,0.1594790546650676,-2.8203943040831727,-6.88436062942021,-4.110692217623855,8.709579997265273,5.703810426382508
-0.06107818741835695,0.6285242839768369,1.2379094427304358,2.3097869771562634,2.450111719020158,2.482270688548755,-3.4843091327522515,-0.3483774494614478
0.13692383369476918,0.5146705001937798,0.7073886963420394,-0.2044263069859182,2.234536577506083,-0.3794945580558497,-2.896613065414077,-0.8348425051261887
-1.0858447634053718,0.8859929663704209,0.15110745387210023,3.6492923860820348,3.5978198099842835,4.873379980376125,-4.935362107756951,-2.6235668955710754
0.8001511992769348,-1.6497066986824738,0.4421280981730027,-0.9735447126055307,-2.038461147952925,-1.7107752703938535,4.216979076322433,2.153606192499632
0.019820714017279598,-0.3776322941829871,-0.35433776867838096,-0.02247552266294202,-0.17478741947989693,0.04781044176425725,0.6147333221624548,-0.3551534558360482
0.022100763277344795,-0.22061825295713983,0.8119383752339057,-0.8335700243654115,-1.7773790954208897,-0.8652053541167584,2.1548548173659214,2.5090590597333677
-0.6617850127146566,-1.6522585476018796,-0.18105376633062914,-0.3846465554673918,-0.798021199106276,0.26406259861496273,2.8845158544612115,0.3588632776062599
-1.0851991857846135,-2.254822973290914,-0.9448325877862803,-0.7550342653598617,-2.511165851264068,0.42875001369946475,5.346016316341366,0.8471679281052333
-0.4683824482641248,-0.6349973550450732,-1.9416429835326,-0.5266888955536262,-1.6621557465818741,-0.06736436469903365,2.5944721829272392,-1.2729636633497912
1.057936692065366,-1.3466320649457824,0.661811181124543,-2.0070573639056453,-0.8271858538518206,-3.2019542468663804,2.670953065236479,1.6190330249879579
0.25334669772809704,-0.616134585250739,0.8726976171816403,-0.17507288009829183,-1.0568604171488465,-0.35660296496267213,1.8664945363612484,1.9620497937195935
0.845940699331593,0.46914137390574345,-0.6234186537061719,-1.1466820188476194,0.9246594468306495,-1.966863317186429,-1.450168480914779,-1.4758393480783585
1.0183949680759758,-0.2284302953890659,-0.6702032172569505,-1.8159816675083305,-1.240134596095699,-2.825388499953974,1.6644645551847934,0.1451957273566974
-0.488803060180392,-1.8230512972683226,0.32410659065511194,-0.5031716694719717,-1.5238485970966245,-0.06384778057551072,3.9015312310821355,1.634258336721919
1.0035962467150952,0.5817928124007257,-0.012608691725205047,-0.902111847379359,0.9277007870070151,-1.837296493222768,-1.5892734459002649,-0.6900550848338429
1.133562395360183,-0.3606428317759516,0.7925086892294939,-1.0075928127308318,-1.2850410907398353,-2.0812321040090382,1.90680907438203,2.1084716532721983
0.20643797804290737,0.14366671810212545,-0.9057257178232502,-0.8725315982571396,0.7700724229635684,-1.1476424255169722,-0.9399002995115475,-1.7834330974060604
-0.6128014617535172,1.7483685883617246,-0.5914202644617815,1.0628911711093008,1.567421473777518,1.6494313117507602,-3.793670852278303,-2.029463813014696
0.19141197566572016,0.0522749119671867,-0.05146126241959574,0.44451317594678263,-0.844961099015862,0.31153893693779566,0.8105697142662274,0.6431365421012141
-0.7336166306726962,1.1095936429562983,-0.27794376897439627,2.0570388430882227,3.9925496802487324,2.9523155992502783,-5.531931754000063,-3.4495478727748927
0.3141680109908739,0.10861006323628379,-1.8791102362343188,-0.28945056970966543,0.8541316961115124,-0.5327961543715989,-0.9841697634208092,-2.9767447859418232
0.37914784835870524,-0.1773653666565415,0.2243210948824004,-2.716078941329958,-3.2232159742981445,-3.28769112962728,3.609644030869347,2.960400202411095
-0.8291792158553203,3.0037819635937124,-0.044391706286956524,2.6060930806344658,4.25583017955326,3.6789025564961753,-8.146420447467019,-3.3619852276727142
0.7860577234952184,1.9332670403258787,-1.023181496215875,0.10565574977396715,2.187842497934426,-0.572822899757977,-4.69078829324392,-3.0490691431701555
-0.8216893319892782,1.2222765664432687,1.3971493435242865,2.4261850275537498,2.0873619752111314,3.313006912784394,-3.699033740163203,0.18068603500782565
-1.3305625381112929,0.02111771298841754,-0.2881591788253558,1.7721159143646388,1.5433443571255678,3.121006332603129,-1.655615618571213,-1.597577197294326
-1.1031732697007766,-1.3235628679857856,0.758538386357797,0.001326162572689804,-2.3874879031211704,1.2005998757731555,3.971375312562338,2.7504540680943528
-1.9983826971153533,0.7686562550364061,-0.7580736790146632,2.997804706653029,2.3155819000502307,4.953140975190331,-3.250872228372468,-2.748647086755742
1.7080490672155926,0.976844973383512,-0.2011295287955438,-0.20393257079788482,1.0679353702457022,-1.7430700880451553,-2.274809060772979,-1.0192060215431846
0.1121499311830386,0.5631702485130391,0.37227293185646393,-0.22868420399563108,-0.6080005822825841,-0.29834045928251085,-0.05678474456589342,1.0678353689271927
1.0927465851214024,-1.230260373719781,1.1289791326407577,-3.6376512047459912,-6.136777314032982,-4.790709092832996,7.808197456047175,6.398833655443694
-0.845416800341533,-1.1893663443822715,-1.6019948236773138,-1.4883217312211514,-1.1497511834592524,-0.7554312874068083,2.5111703479845695,-1.2010988989267306
0.16473893642592946,2.4916224475919138,0.5439708015144835,0.3185718553926046,1.6046977700399225,0.1330057361562954,-4.946052169252534,-0.6396933723123971
-1.765643769060845,-0.2543763398796048,-2.2216878756258676,2.320971109033116,3.254883567006436,4.133625818125536,-3.038181188088409,-5.148235198156577
-1.3912250322503534,-0.5377723174568974,-1.9191730651626868,1.8009222905200453,1.441786668356449,3.245423091731809,-0.8880269339289398,-3.4918633473925924
-0.08560289954139047,0.5381423228546235,-0.01658152003097984,-0.6809481845335892,-0.1303763214744439,-0.6199903043906199,-0.5818587732116157,0.08088127428588208
0.08604455197757287,-0.20554659619480198,-0.7259025896972597,-0.645989753122498,-1.1637945882596008,-0.6978038904672976,1.475138313008403,-0.0365837631142617
-1.206638144512263,1.3289576972454475,-0.6200058349650838,1.716166803274093,1.5763832017129549,2.908275886086671,-3.1898660714211764,-2.073703776974641
-0.008464944179421036,0.0668723432580575,0.7272844404496285,-0.37775527184206326,-0.1626895156726971,-0.31616078423455996,0.07432141133840783,1.093926075394213
-0.36533323542239327,0.4337210382696683,-1.3605739285704843,-0.8074443372928399,-0.15964405959174388,-0.5473865180163584,-0.42286980277979,-1.7525812889732248
-1.6270393888827632,0.33331732528657076,0.04745905062174732,2.9410998701308206,3.3769542399561154,4.67119856677027,-3.891779816740707,-2.642674684679476
1.1047451244296174,0.6504301446490139,0.020071299005652493,0.3179367111175716,2.262591223077775,-0.6315175963114283,-3.0790165941507084,-1.6236310279680626
-1.5349361070999257,0.7209419168721617,-0.34521076156846187,2.5834247888472546,3.451095937684966,4.210800047722977,-4.394217542200606,-3.132268724765458
0.8371672586711849,0.838859715321406,-1.2118985504708555,-2.620177801884761,-1.303722030031499,-3.4730952234085777,0.26602009535654203,-0.43115037009318297
0.7151005062303872,-0.4659669387891645,0.9434085811894304,-3.594750491691713,-3.420737311350338,-4.584126801374197,4.047768628354874,3.9833412363375107
1.1848972827017341,-1.6459258093565086,0.4160326873060892,-4.9018068091770095,-7.85944793259982,-5.938074741163755,9.796991050914471,6.83723611105803
0.21171375118767455,-0.6072790469300053,0.4819610287795433,1.080136749525413,0.869010828913245,0.992394428685281,-0.282905972078249,-0.17732179883338306
-0.3068768628051647,0.4893162616158339,0.39226501692708515,0.7329915416665493,-0.21968564385779732,1.0770276578128501,-0.3596597266037484,0.7629035077438001
-1.7361857545151673,-0.29511549752287336,1.1239945183971074,1.7359813474035444,1.8762414201217517,3.4286573124420765,-1.5825717142022695,-0.12020009906972179
-0.7518344552236411,0.6112922750882553,-0.763659015573711,0.9056947936898722,1.2455658961120732,1.6354529505242335,-2.0352500090426053,-1.9737155668577497
-1.9916638750429299,-0.9150450949987949,0.8953692324121311,2.666839025421831,0.3450602436499488,4.675647301530695,0.5029668750086637,0.8134474311854287
0.15615204933330967,-0.15007439575002096,2.043679286476252,-0.022716306532688302,-0.45871018252293383,-0.10483588210387362,0.5860017419592356,3.007382875204344
-0.424287588308833,0.042395034538799364,-0.18540036394854656,-0.23410499610013488,0.4072415861703561,0.17914890832634,-0.5160711542551558,-0.6164615909888975
-0.06046544683850984,-0.7954490859003057,-0.5413775984858092,-0.424510717486146,0.03146883228014533,-0.3281739949512959,0.9567766986563996,-0.7694404345972514
-0.5179780754999629,0.33755812251986,0.7368447957333958,1.525659542902087,1.909681211689671,2.1397047643284215,-2.463375660550157,-0.5684243683447217
2.499823205275906,1.0440023471513702,0.8754032985976739,-2.714865601378058,-0.40354839966798317,-4.995648226600969,-0.24722851503812315,1.5545316238106797
-1.1891938117040208,-1.5567118659284336,-0.4460804417306925,-0.20623196665085794,-2.1768636960325285,1.0565016939067204,4.191531104225902,1.1571225690823321
0.324612395726481,-0.2597235598727556,0.20085920093217677,0.5234776417096225,-0.22656124633948105,0.3227104643443826,0.4842791380747396,0.4106941373178733
1.1067707210306341,-1.0653642159509271,1.1330416123265648,-0.9823569928629295,-0.041328266670081805,-2.1784735441999032,1.4966903660522457,1.6223102510766603
0.09591434963863403,-0.19604649368302174,0.5102524099855679,0.9059216739030458,1.6361264663166168,0.9525976091900126,-1.52817092745271,-0.6674926644633427
0.9449267595548947,1.0869125913620796,1.9829000758979347,-1.5053595757631546,0.8548757764922311,-2.401457703568134,-2.29618861613312,1.787859941987608
0.04930601884842119,0.5033129539916427,0.5343785063336708,-0.41961085119114816,-0.9692954765628323,-0.45761229191175096,0.4073201432533786,1.5725225356964314
-0.5280401401954485,0.5066689232432328,-1.1682446264360569,0.3429053883343396,0.6767753965289177,0.8292334178603955,-1.32898163868502,-2.0806867764754697
0.7953684726865886,0.6324874028277813,-0.42908805000771144,-1.748151668796686,-0.062164445240586806,-2.6173609879941515,-0.6256689470726329,-0.4602020688836115
1.6512597380323037,-1.6865494987798428,1.0142797173383935,-3.6004846553714573,-5.244551732172397,-5.101193437297357,7.53280438126387,5.599933902321654
-0.19802588300296117,1.402035506045195,1.101634764321516,5.1565127305232705,5.025791626338508,5.269315234110224,-8.059597121479769,-2.7809277094887195
0.3481698496962522,-0.5273031162171825,0.18975194249605484,-0.4998806650692651,-1.0738086595543412,-0.7728457295791085,1.7589579211842359,1.0953849016302872
0.5933459562298515,-1.5104306547712265,0.18344615666762135,-1.3986228295172018,-2.3984287843171312,-2.026481759673877,4.463184921505037,2.1691902002996652
-0.8039717850319126,-0.15786162610137966,1.0218201471857065,1.4587087337843951,-0.6893974249953969,2.2454933457335096,0.8865421579000209,1.8331731152906112
-1.079099847340812,0.2769434165886165,0.03144211111766328,-0.17590067516108113,-0.26246898669332136,0.7824340920588557,-0.05122724430447189,0.17051835906104323
1.2831452502619913,-1.0999544508651231,-0.565218473265996,-3.735662039188115,-5.624043065061752,-5.224061307942389,7.23821409163403,3.725642195340121
0.000326030278824066,-0.3135727829387528,0.35852641840380184,-0.1406636070912027,-1.3093748778075371,-0.08939861418017409,1.759614082099988,1.5302178774170283
-0.6482277776877675,0.17212094324032012,-0.06505812791549502,2.5068634078105654,2.5274734552343583,3.2870505891666264,-2.906738175986755,-2.120656792318631
0.7116262330013905,-1.0610867399556072,-1.216082948806486,-1.094421799440068,-0.19293324960622005,-1.5669114931265828,1.3499154390796522,-1.386550147595138
1.4155041946148013,-0.44431253428537915,1.5241363385033238,-1.7495935443069963,-2.816493410122408,-3.2336398541273743,3.8785591583587213,4.272191749212127
0.3328270244953466,0.8892584562776559,-1.5972517897589886,-0.09690146956417803,1.410028057274453,-0.38122091853275925,-2.585188473263646,-3.1230304790810246
1.3494354568360567,-0.12368018530561152,1.311150043163218,-1.7322402695236465,-2.580941914338169,-3.1990821156414815,3.2402642414317246,3.810056884759917
0.6624044027621687,1.0663624449783167,-0.5252940607990298,1.2870752216270596,1.213334842514615,0.6447414289658944,-2.6374336443776514,-1.5779374809509215
0.11442292180801956,-0.21805935481672029,0.1816700723158067,-0.20739453653328324,-1.0053390273690017,-0.25044198968212755,1.3097945045736095,1.0582550270575988
0.33958761210099425,1.2367770175094221,0.5553848214328821,1.1483043640582786,2.42863248353411,0.9923793321932894,-4.240016965590591,-1.1817516010976366
-1.824314836712617,-0.9065084704383728,1.016801892147351,0.8637914754385947,0.8087204852540381,2.625598420608709,0.2082214104378347,0.5759883483739641
-0.07614505568474335,2.17357756538047,-0.3300529321547786,1.8036880807410376,2.3480967138254294,1.9181191056238325,-5.1623250643453495,-2.2238188575452384
0.055081947122178246,0.8094613271285488,-2.0121166282050784,0.6677487454756551,2.5594187795279173,0.7558006904887298,-3.6882289948811557,-4.46913492797806
-1.0454268246936105,-0.016054434483194345,-0.3788846635151554,-0.5727474874959536,-1.7202635297376772,0.24668550898819203,2.0317433059529972,0.8549374424022167
-1.1630790964946154,-1.2834993183590535,0.00685847235617211,0.38916491570423617,-1.796663001311779,1.6515804479904619,3.384271032879015,1.4097216401548796
-0.9805403958871655,0.7979335009566458,0.6757849087517869,1.7969640831929468,3.0562257735436256,2.8935394211856416,-4.225915201632208,-1.5626836253183993
-0.06291653287039295,0.9712382588397502,-1.6132521848089167,-0.09992014862792292,0.7714439572043781,-0.10606367433334468,-2.019753756240553,-2.7377365001587317
2.344601346542481,0.47644670763181,0.3136630972985255,-5.560541862808798,-6.353062897860454,-8.149346862098975,6.6165593933590845,5.432384990525402
-0.07089876611981537,0.266454589214168,-1.1685609981925258,-0.3354088592513219,1.837321410763476,-0.3262878427465122,-2.2126576433720593,-2.888851140443349
-0.06728534056485538,-0.8923942397198216,1.7105173144601657,-1.4560034388410272,-1.5216716360101716,-1.4690033813101702,2.6338094232237985,3.45472785483972
-0.5820562467322328,0.21505070655150832,0.6977035355267995,0.8779338488352013,1.1254530091335644,1.5294079804586933,-1.4840360389372285,-0.005148669584643162
-2.624443133818924,1.0359069155922729,-1.196587446544074,3.0055675206533827,2.7513633781758258,5.759485788133831,-4.21605240453158,-3.687741577003534
0.6786824678276663,-1.2173691201497854,-1.1778726246856506,-0.8954678991876507,-1.5226083392329655,-1.543632925983913,3.083360926417342,-0.3400557885717646
-1.3679943101105847,-0.48497230683216863,0.2950754309669311,1.769183593059392,2.1400699891581465,3.209554041845414,-1.6711246403397408,-1.4019920314012533
-0.7457634236399843,-1.2858284452737734,0.06431789044482404,0.008631005447456042,-1.9993905608211324,0.812988385607609,3.6493029924193245,1.6462742354272515
-0.9636740469273126,0.7087736350422841,-0.1742627240059969,0.5837259927714801,2.543014614301952,1.4303740870915946,-3.4951898924007745,-2.3155168491478113
0.18580934153045003,0.5636957928265525,-0.7898504589265891,0.3346493005896207,2.4846836590939865,0.24134348622132595,-3.264709529063893,-2.9036110599376435
-1.23542682247454,-1.7605984452870027,1.800913092454421,1.815639475777151,1.4264229505721975,3.5472760955025406,0.20288404109799948,0.8684469927418891
-0.1807032103609328,0.06812473513336031,0.940201833489916,0.8416284580432573,0.16307343483776068,1.120166310873918,-0.28051482265454214,1.093657886628912
0.40483580707818373,-1.9978698255522331,1.1653706774184167,-0.3767352560241626,-0.9523513757440621,-0.8352434200535102,3.496199588581633,2.233109856342717
1.3657256954420358,-1.0289899016799835,0.8786488258042163,-1.084181131156409,-1.7965208393477663,-2.300580991307185,3.23134553496573,2.585922212719538
0.6688293736936342,1.2653408658158878,0.29372837110951533,1.0728930522026918,1.9088598113681607,0.5918914060895082,-3.768609635013383,-1.1144712909791257
-1.5059066884892218,-1.0749955778571234,0.673192263619001,0.10009050381142631,-0.8836574550695718,1.6392275277113129,2.0647295770645937,1.4704304294875188
0.8891779296459652,-0.31466493410056073,1.3753318188741939,-1.418318892021619,-1.6404396234693583,-2.3200897500421287,2.2381493802412815,3.1534515627723985
0.10033220055770241,-0.28795921461910134,-0.2768472285450004,0.14350072608961112,-0.2853980740872268,0.14474529820354864,0.6079833739757456,-0.15843520340304423
0.06224299740831528,0.9795520770397473,-0.9887605083381669,1.2569077275160863,2.718584888103428,1.3067759635378984,-4.072834832629859,-3.345084626419393
-0.5640321887159518,-1.3909320999434605,0.006283391483169157,-0.5399496952446993,-1.4099231121488507,0.033204735044916805,3.175198652304605,1.104966006342243
0.7887221770990568,1.0520816202213326,0.7040761969294229,0.2894073584054943,0.63539822379515,-0.38925102841382314,-2.043348098505649,0.45830564174421284
1.7867231862100554,-0.5355888518174287,-1.7804980961759824,-3.4862340422435145,-2.698926772627177,-4.868946499932326,3.321004837279507,-0.04492272381656383
0.1823015502229824,-0.6103308992524592,1.4622147301624238,-0.42640597975991357,0.7069969532708776,-0.6019910849176353,-0.05793580020556525,1.3523550738580874
-0.45813059314840887,-0.38770037232123,0.3393649025659303,2.175828309188854,1.7157772071199833,2.787755128335658,-1.4455688297281601,-1.087159711993032
2.180631950791215,0.8998508498613094,-0.7032778970721869,-2.310600602374798,-1.166373382217539,-4.185144919888714,0.16673255679181018,0.09588536097247906
0.2528209257265397,0.8166440862135791,-1.6023361834967327,0.5385835319772503,0.4881977064090692,0.29627076785668716,-1.503824572412506,-2.4365482384971044
0.2793897065862015,1.6921060013499327,0.32871870997277,-1.530443796021434,-0.06724543636733854,-2.121586908730435,-2.07819650534793,0.4932914770388652
0.5225801008744584,-0.1268390247663807,0.5889029663510083,-0.8161558167162903,-0.20182839194439808,-1.2710906453526862,0.3583325583291167,0.9454283314181138
-1.5510877971609982,0.6324706884249133,-1.0823538077302797,2.2306338032153334,2.7300779809096323,3.7864520431502915,-3.5234253869547043,-3.4681831884333163
0.031236580810953388,0.08524940057186225,-0.7804724062092978,-0.8247490356371916,0.5431005809264149,-0.9383436427962155,-0.6556376611515835,-1.4778985866908585
-0.45431808742784074,0.3523777990538151,1.1525786217211063,0.42723734890987675,0.5654063335667645,0.9255619760141662,-1.0550353353535158,1.0467946950078666
0.42828309024162314,-0.023661265820738506,-0.895697089364283,-1.2526695142568405,0.4414869617326469,-1.762516788301586,-0.347290104326421,-1.489414602086565
-2.4373384387387196,-0.8655332162624372,-1.0104495152448607,3.597931578622206,3.242994821091686,6.1037855917660835,-2.4415331613691498,-3.9690091760942425
0.24509360413534326,0.6855255937553415,-1.459896282721327,0.4508859299467226,1.9650937543779456,0.32626207567010257,-2.9225018692793934,-3.3510877773548398
0.745939483875182,0.44677862641432203,-0.7413814795159491,-0.6002221542764032,0.8697568899153436,-1.2852153532085238,-1.4029772876897957,-1.598601694875435
-0.8616985118681312,0.902623951625375,0.7781307544162064,2.894403617608146,3.2541604141286435,3.8848742508556633,-4.582628783531162,-1.5516901210980423
1.387856154828665,-1.4894893789893138,0.4365241548394516,-3.1954403837515004,-3.662467000916717,-4.653432518397411,5.724039947672883,3.5613351531979798
1.5110377120506129,-1.9174950682963565,-0.056413600589708304,-3.017031363710723,-5.581540466008681,-4.463882923149475,8.112228691887012,4.323459697019381
0.7032176286397246,-0.33874698463114045,0.009187965996012057,-1.3121120116440446,-2.4043804638065036,-2.0307675097743165,2.9908691485389953,1.9870759451618465
0.18906675146449192,-0.4257230585110656,0.1984184117545613,-1.4475026073626789,-0.6762496726587586,-1.6992903031314202,1.2188228724425432,0.7716724926572283
1.1045801278314002,-0.5998293868356793,-0.20545026287560114,-1.5001873380736799,-0.22634934404488422,-2.6032204774943324,1.1042922964629325,-0.03300366539312979
-0.5323277249966177,0.12587035870441726,-1.555784566446393,0.5476785444856831,1.693194967037737,1.0615927467834763,-1.8999310090133177,-3.263340797916093
-1.4899670680890986,1.1254308283074972,-0.7352645801790557,0.8554376015091315,3.967842670144522,2.545761987465329,-5.642439143830746,-4.28192394474178
-1.6285643453351495,0.8329472469818825,0.25729736108190215,3.3349012963583577,3.6722322570240844,5.142484023689192,-4.846577120777581,-2.581714100206049
-0.11424631344740782,-0.22414441683602426,-0.738876443815107,1.3433250225673081,1.3487792735672923,1.5786948331609274,-1.1345407289822191,-2.01481429194266
0.2218488601334328,-0.566091518455918,0.28795766073989537,-1.553250648618043,-3.032991151572346,-1.842703244583454,3.8981827753979603,2.861642513825737
-0.4066751121232674,-0.46004321527988,-0.016486396967827603,-1.0410821690883272,-0.12142206049489856,-0.720707770958021,0.6226205599560586,-0.025084426494663553
1.209273849159259,-0.3968274593850314,1.9795417850131443,-1.1356047219152126,-0.6228916632345622,-2.396884060816533,1.3637328678636969,3.1890885465194145
-0.5724121816028945,-2.643609976870707,2.4875304152859146,0.3757530204049939,-1.5980028758023268,0.9497464698075428,4.824513449502853,4.488754084436231
-0.785944420726333,-0.8870359566019195,-1.504229528847666,1.8740359857423945,1.9594980860668696,2.8050334109702617,-0.9524840506745086,-3.409470274514249
-0.6909954367299443,-1.184679777295758,0.7754801583461045,-1.4813679621832578,-5.687914574787199,-0.2308384306533035,6.200675684286597,5.033839496172723
0.4392174332876079,0.39205438609827525,0.14058322779252633,0.5020010425654937,3.519412895944348,0.08273447258860622,-3.8175669955605676,-2.3627682601650983
1.8486641970483455,-0.6629391332364044,0.4011088761347025,-4.230404973484468,-5.0171668291131315,-6.023954863641949,6.0230712833979805,4.485449619154021
0.46716723516977987,1.2841696944945438,1.848350466970887,1.5207656180422306,2.6051155656657405,1.2873461423288708,-4.620760558840468,0.2617446061180321
1.5356437077590457,-0.3054141219462082,1.1849014282961603,-1.6365647305820683,0.5227410205755958,-3.106433404427062,0.0711080935990949,1.3101770540805837
-0.8921030716277093,-0.44098462937288185,-0.32190068584515596,1.2717337455798752,1.8889926195889648,2.2382013442285857,-1.4283850250864292,-1.9426547363024704
-0.29851666977969127,-1.281060933026096,-0.36013054634887354,0.5572011017280795,-1.6459050929884604,0.8906730243769101,3.294767245916378,0.7418337782773664
-2.2054400358280644,-0.3487976121581277,1.0949125308801815,2.6018460661820413,3.647238102684075,4.7943432416309,-3.1367816094698178,-1.6036995433688839
-1.8892835172018605,-0.8662875993203211,0.05854196648055526,0.8527897271471555,-0.9602258975005056,2.724494590140237,1.9396607611128696,0.81075140178447
0.32302939748747084,-0.2438330655747361,0.5790620539518461,-2.00298292900016,-2.2619073411319057,-2.4365108460706746,2.700576993976346,2.6327342237487907
0.5156810197312285,0.7544053422834557,-1.7362078808824013,0.9164207398535015,2.308689479981494,0.6713390286204552,-3.47614733649097,-3.941669179780873
1.1204751009898766,0.16099626662890099,1.3516472488345919,-0.8666518619547684,0.7284936094480962,-1.9174556036346424,-0.8813113005410504,1.2569795866991393
0.8078679999567512,-2.0848282768832385,-0.8641267247276208,-2.0945881560615414,-3.9274722611894637,-3.0085979294694214,6.6439164840173035,2.0567555764067107
-0.4265235384738088,0.0695290134203266,0.2858859926522105,0.22474653311516163,-0.24475875690836013,0.7157250136057078,0.13558930043119047,0.5809547577334458
1.0774194159547195,0.9479090798152074,1.4221533838847011,-2.1281168594007225,-1.7735993520621478,-3.1555870702692475,0.7715645887133881,3.157928293284993
1.046287963390155,-1.9023852907146575,-0.20366014307476543,-4.039940667228391,-7.497860870485203,-5.38048908165976,10.216807140858418,5.863752402985846
-0.019152831890944556,1.855264121589991,1.3935783592386939,2.303029723965751,3.803156632621447,2.5575288177449162,-6.4781010457491846,-1.2228838664595185
0.031010272609631448,0.8214747048027617,-0.7807737567814771,-0.11822993742772811,0.12008905996459496,-0.17402205198277193,-1.1580121823666787,-1.0958380418100202
0.3669691903154724,0.8774588030103428,-0.5832020128010437,0.7669914840810174,0.2137808092725719,0.38046378697716204,-1.2670065826899917,-0.8355091025999387
1.2082446292405464,0.8789649364781253,0.5915771328375726,-1.6495904936803436,-1.456082096287733,-2.7915431196127414,0.550043884555467,2.0060693810285337
-0.8748141090197663,1.6242671962970539,-0.05925048637111295,2.560713060883977,3.170793443759367,3.627593030237908,-5.332705446626243,-2.4848490635912492
-0.7169761859460988,-1.1580957295675134,-0.3212490077169373,-1.2297629428626322,-2.5475706603603996,-0.595821798008866,4.182591966618824,1.6281544099439162
-0.22155159939760583,-0.7461089123326701,0.017524783755648546,-1.2854172616919177,-3.5444368173255953,-1.1118214411031866,4.637596003597178,2.8881897606348077
-1.3415210760449063,0.8121012003027009,-0.7450623284727734,2.7058146380895023,4.731847713876263,4.233738527918984,-5.838589669520045,-4.599029675961222
-1.0503276244840853,-0.6006507618440037,1.3567791324775809,-0.3672181557971973,-2.8783607713000072,0.6912789826259478,3.5260890589470804,3.734841231592003
-0.4827147854019264,1.9880639995424925,-0.3875784151068732,2.5133809705261214,5.397508034483536,3.192733806995561,-7.897755006020674,-4.656809234955535
-0.5121044975409724,1.2178849609531406,1.9563622566408345,0.9733197188672421,2.278924978896107,1.5050781771504445,-3.99868938867565,0.7174164321433021
0.23190447336956416,-0.5306977097013172,-0.04356109756389365,-0.9748491245999759,-2.4911558484129483,-1.2294129729209835,3.3097069773436463,1.9775669376623877
1.5223547430417759,-1.773459277373494,1.8887132175575474,-5.06713742294005,-6.43188592510373,-6.437639925351816,8.674874769993957,7.757396493208909
-0.37089658888536947,-2.0218886530681472,-2.370164886544899,-3.238481005770541,-4.961284496781581,-2.6245458068740786,7.09817737182373,1.1379470029412242
0.389539109324251,-1.8049452021797854,-0.08802499190658705,-2.5904173517295686,-3.942741839966795,-3.2051341879519923,6.429655124191843,3.17781134820178
-1.9511871744418259,-1.040437410184182,0.6269230527898916,2.1876252573291537,0.9991529857883645,4.26450379513521,-0.02917254281290205,-0.11490929658274787
0.7435347357289968,0.8384758308320988,-1.3676737372726018,-0.6340964228333057,0.2157547594810363,-1.355959408768858,-1.2476683832078066,-1.8849823627037652
-0.14517718477778158,0.9517173853778802,0.734708111336561,1.6494857139613817,1.1866162832012692,1.8676533585103579,-2.4264465682150353,0.0915083666580599
0.13822743356496187,0.6825224468663349,1.743491114618723,0.733955573667848,3.3542813993807976,0.4945573398734755,-4.251606510018895,-0.26150421761500653
-1.245466039692837,-0.5518498524673499,0.15374343409831823,0.10533010054002277,0.3372664706541988,1.328743401112268,0.22765574562082688,-0.156323468653609
0.26743730536289095,-0.19400970910420412,-1.2415331107048115,-1.1725858252082915,-1.6023999000581979,-1.4364335374389297,1.9442333354250447,-0.3746766525521801
0.16648525639214384,-0.5123823018523637,0.557149316610175,-0.28696897979316527,0.44322406254037255,-0.3555458216378698,0.11606116333936817,0.33316548148439734
-0.4051420805606629,0.2531315053566594,-0.15034079594106775,1.0072617196894544,2.028813984221443,1.4764391439516413,-2.415822937865294,-1.7891640588462636
0.07490979618249462,0.26659803261378073,-0.12325003257425812,-0.7369103285071106,-1.4113362608624904,-0.808983732220744,1.1564173823750274,1.052716521627161
1.1162106096451885,0.012423502312387223,0.08928776496922186,-1.3861376076387377,-1.1025656720117825,-2.4445537537010953,1.2101243773815265,1.0425876721524034
-0.6088843240284076,1.093552698390808,-0.3868882836364509,2.0720355511829434,4.043080417444611,2.8329291839062916,-5.542787986804816,-3.605059562723323
-0.15596134568284864,1.5022839430629276,0.08320541564974779,1.3625497270813411,1.81824075622974,1.6022081826002357,-3.8115590980263936,-1.267789352777885
0.4210315340516446,-0.3367795641678184,0.03629849991593885,-0.8965573652395246,-3.197866402018748,-1.4071605687405324,3.791128362948621,2.6522697999935763
0.6595379868394021,-0.7754883523344972,-0.16442080950337684,-0.904495960400037,-2.145640778556822,-1.5461695147142944,3.2283149273920437,1.4765257663048346
0.4399113146876773,0.20637551125243675,-0.2291821693482784,-1.282516375577947,-0.5759133382256519,-1.7445147726864327,0.36874378488819776,0.17250623091860529
-0.2863985793051289,-0.23420943111443004,-0.05627488032284006,-0.47584002271640014,-0.5455459265273663,-0.15638747987418417,0.823219427847684,0.3363142938279487
-0.4107290697501633,-0.4121682735794846,0.7651501768340643,1.0473065902773953,0.9754639130939674,1.5468143929662168,-0.5608803560663632,0.14757938501210688
0.8854911875379928,-0.7621156565094012,0.6265327393947892,-0.18310212370727366,-0.5432116940424918,-0.9686477618625184,1.4848757153177412,1.2225160259765369
0.933458932243189,-0.13971259161072686,-0.07178255217801485,-2.022104057888695,-3.028039267975871,-3.0190015926567004,3.4100628229513616,2.4117443486209864
1.1758591184049723,1.195001455653863,1.1747156213425178,0.05160764715426519,0.74073340900149,-1.0155359000028918,-2.3300817533455143,0.934789842568515
-0.5544790979172852,1.436802357181042,-0.4379922352898351,1.3958060627267248,0.903254187621522,1.9577468702020784,-2.656067772674947,-1.2186824002249168
0.8986614688008621,-1.9774479006318075,-1.326348265113673,-1.4918356680639222,-1.9702770470117923,-2.3827938988119466,4.504218632906439,-0.07260699228578382
0.378411095882736,-0.6819409325950478,-0.5304982890722572,-0.5568724926832561,-2.0304086460626447,-0.9195902434948042,2.9721888880209137,0.8915969192993364
1.2994800400368913,1.3755535240886463,-0.8815003241977066,-1.5774157889156402,0.6535777558693084,-2.807984112449956,-2.224286980783984,-1.4916506562464111
-1.0317331138259016,0.15114196245702843,-0.03655533256770266,2.0598620580555425,2.519242710788051,3.176337013376752,-2.810544707423327,-2.0588668020502703
0.935660354958892,0.4321355025354518,-2.56866789702759,-1.3947030950170742,0.2695360785077579,-2.3083310544202984,-0.5681777966615581,-3.1207194706597368
-0.32528970034337407,-0.8376626279845942,-0.3137537281948217,1.066210664719065,-0.841471943328266,1.4529561273545322,1.8434458330576504,0.15792107077845913
0.08806096739973544,-0.1305385303149278,2.422608297307733,-0.9419570052852589,-0.4685048937489955,-1.0800296039070654,0.5103046408936204,3.532038549032225
0.8471718723611898,-0.629086937779942,-0.6169941654853099,-1.8761149391613747,-2.773830067937625,-2.7403804493858215,3.698221615888613,1.4151880704251316
0.5611815507884208,0.4083304738147761,-0.35588167760064526,0.36129636668415965,0.09324272918924528,-0.134429858088151,-0.6149964133104504,-0.49192991550665505
-0.0021858388047036326,-0.1410030940843352,1.736579453890078,-1.0016160036043968,-1.4843214666285016,-1.0621683601441194,1.6876882171338736,3.4071213372229754
0.49385209616735315,-0.5087318762449752,0.7443290153228124,-2.2070531990244087,-2.266538043510285,-2.8340199520691525,3.0294863286382196,2.84997028553974
-0.6187536755066222,0.21346178706050667,1.2950520992998986,-1.388126791005172,-1.1628824738101113,-0.8826090461894012,0.7624040013062712,2.5013582337993303
0.8993623523156773,0.7566160173426573,0.4112152848579782,-1.65398384732324,0.33182045918566044,-2.552202286183925,-1.2114738011202664,0.29915721757445624
-0.9273002003987556,0.2010463867094618,0.4684399379862665,0.44879095765840604,1.0532857682334806,1.3620540470440023,-1.380589373180122,-0.2905498013668747
0.9207069775901304,-1.2870963760466603,-0.6083489671096364,-0.5733324928456468,-0.7541198750193603,-1.3979781739389523,2.3460782127634996,-0.2246766648493178
0.3561981696795586,1.6472419585439204,0.5367126651621082,1.1831529901149107,1.7566598961343036,0.9862714991822508,-4.04474345460013,-0.6711285120549327
0.32548407185934936,1.03024499708566,1.0116217725092675,0.4392492207232147,1.2549737094154985,0.20587592879773203,-2.6661652883503453,0.340207246499034
-1.0249530186829299,1.2428461197159981,-0.20298862121304276,3.019277452227886,3.6575180339840747,4.249970516600855,-5.3774369971439615,-3.0531422376271027
-2.1990905169484494,-0.2972157701980464,0.10080086751965217,3.131570749277275,1.3651423619523082,5.311398193486382,-1.2704229138669834,-0.982150535005095
-0.015371258997277107,1.629200495799482,-1.7260369174299328,0.8398830706976864,3.9108038374633005,0.9566036931326729,-5.9303186439155855,-5.205056724798446
0.6360316563865378,0.17939297225180506,-0.3726731555241679,-0.47374713665884627,-0.48415281571264557,-1.0423553725724506,0.2904082886747331,-0.07332991907607088
2.0363257206028975,0.19922617973611279,-0.1015874369430933,-4.692804523617958,-4.086574645445334,-6.921655994155549,4.502756444630774,3.2505294191951015
-0.7135856651143342,0.5429697232548002,-0.2535692057562875,-1.0822697750159278,-0.8004725633413002,-0.7041399273302424,0.24836027577255687,0.24460853458084253
1.3023038953272779,-0.7921917325985945,0.2757471086112314,-0.012369873094442485,-0.023385497998358436,-1.2359588136657549,1.028230410516946,0.3744740493048197
-0.7282250854946385,-0.05707073254147618,-0.7099374670626701,0.010372192063635224,-1.1376596443996143,0.7076196567357071,1.3208781136514578,-0.023520764533275354
0.2516164238525483,0.4619059633832679,0.3154883893155528,-1.0184131417531463,-0.7083328942931997,-1.2641894375532974,0.16113342095728192,1.0372417715703497
0.028421778890987653,-0.19922428321179858,-1.086677435249508,-1.5655896373189282,-1.9279507344533697,-1.6766441564173094,2.328483007832564,0.09670416517542814
0.4476172636055564,0.281825252941421,-0.47564326926897726,1.844800964701619,0.1574468500261572,1.5669196257678872,-0.7633771618160051,-0.7731696073768893
-0.259530394549463,-1.4236662132681126,-0.8343165201965965,-0.6867500691342594,-3.3350653804256534,-0.5271539060285844,5.440015731066827,1.623670402724529
1.5704115696218675,-0.12459323624109547,0.23902996193899032,-2.0762714481766387,-1.874735495243756,-3.5613967068940333,2.260435118029407,1.853704989153259
0.5575818186362738,-0.7270740554693115,1.2687046501881007,-0.5310204656187074,-2.4356709433003814,-1.0642196375268047,3.534454635406489,3.50591532529554
0.049760376184183344,1.550207793150752,0.4391012074085703,-0.05383977654308261,0.4689028961295239,-0.15968423120626757,-2.4981938019856855,0.2610690068809756
0.6745635706507329,1.3954858044854046,-0.8948732521532239,-0.8420912955637285,-0.4973953363444755,-1.5756347226639642,-1.2812371313923998,-0.6760920408500007
-0.18579406109384006,0.1399272985787796,-1.035250980707262,0.8099597438573971,2.258472554129495,1.0767875216947165,-2.4760930965528876,-3.02281577574587
0.014686981008691341,-1.0988516325679103,-1.2709228708355336,1.1696985910409083,0.36779145443154726,1.1707055566677136,0.9932824737788618,-1.9630607704107912
-0.1513478031271725,-1.5744467637470587,-0.23109207694508577,-1.348289112601646,-3.2462665681388394,-1.263782242314093,5.417525999356685,2.3564777978119396
-1.7260309717360283,-0.13640358172719208,-1.1181420397987327,1.3009025424979321,1.4090023893228285,2.943910231002859,-1.2762956936350027,-2.522588752711851
1.529717122420867,-1.1089479356503964,0.4794883040665834,-2.7049501810957195,-1.9303217773144778,-4.270630577553969,3.531808156526934,2.2498194146545067
2.313802252443329,0.8526579979172462,-0.2655199754616576,-3.2137354765981367,-2.719203216038123,-5.313668072648661,1.9067462757459117,1.8349649851520422
0.4592047502656017,-1.3582957543837486,0.018997461431091503,-0.3811440216712122,-1.577440000460438,-0.8020995755988187,3.3305496418370395,1.197595394256626
0.2917587869697335,-1.8236285966508017,-0.7687112813282501,-1.6999188110951113,-1.4741712084598222,-2.1477429556697447,3.9221398079308685,0.25283969600996087
0.10673108058296958,-1.1523505799922824,-0.8012377803632569,-1.4774005366366427,-3.2772521988563956,-1.690364175132505,4.949444558244797,1.6191092749920655
-1.2148819863171596,-1.6970450683867473,-0.14524739669383144,0.7354765312039628,0.37944378945083096,2.0423616572618064,1.6533118578042054,-0.6071673729283252
1.1916843198081053,0.6179914037216173,0.23548161791640213,-2.5566659323824057,0.07403090713913521,-3.7882539392567427,-0.6409750801499877,0.32929999195186227
-0.20637933872254632,-0.8300882657754132,-1.3634499639321596,-0.737726631418081,-1.4683003164365012,-0.5334848214031476,2.6007808273132236,-0.6576030883808676
-0.642253843082518,0.23791971357378305,-0.3549940756904988,-0.7209089480926777,-0.06217501833874981,-0.23916583345448095,-0.25243269971092125,-0.5074626351832945
-0.46517652422399935,-0.16305534463104127,-0.07803919457023077,-0.38597250662495974,0.25008318572828075,0.06545400081346413,-0.10972423998029202,-0.36709858350537183
-0.13236686415675536,0.46451092889896256,0.8519533612314429,0.2801916853302991,0.04394934860191404,0.474731086963935,-0.6221638073884682,1.1220959904048728
0.17133642444279945,-1.4996852747173066,0.15057705401753219,-1.1058236788260667,-2.132318793595835,-1.3359484868650662,4.179219674018532,1.9182425893733095
0.6406013459721362,1.5711588776560734,-0.3298496484969061,0.3379594919480303,-1.236587386460262,-0.49340560697704955,-0.46674405528393953,0.8219912728129419
1.2023766388540036,-1.254894362241327,0.686364570999604,-4.040697384578872,-6.519759991974513,-5.203122571218895,8.059802934810945,6.102123818148651
0.133425996035422,-0.24894438956575216,1.715119735888253,1.6714575317534512,1.3643496416205587,1.6470788902765712,-1.2165234411805328,1.0797547998077297
-0.14373368592169267,0.43027027714834243,0.9631610634094452,0.7597154156802546,0.8588900924990905,0.992323725543192,-1.4612105191175595,0.5888312681428647
1.825900488578662,1.6235390510191572,-0.5596702832401788,-0.9708219679280597,-1.0227581358651434,-2.8383404228607714,-0.8497513323611008,0.1867610943890451
0.6882091981113043,1.2178636053004577,-1.0442594869830837,1.8029565032647987,1.363830985655616,1.1471744705190543,-3.0865207209961745,-2.4087028274200697
-0.6055114139081649,0.94757582423156,0.6390868492606768,3.3910358974837274,1.9330337366475945,4.036936039194395,-3.319491287500197,-0.6474064008922108
1.1297716203560704,0.5953565387294271,1.7135961329425817,0.033695409293517546,0.8270510843065644,-1.0983228736927122,-1.4998641350654496,1.6065343316077174
-0.6228194315841418,0.6377570231758101,0.2066523774426762,0.8772600001082879,-0.4837531430550275,1.4472892749792612,-0.21900404880130075,0.7523099416458495
1.118634056025176,0.5387435187260524,0.770584040156245,0.5473169741509291,1.0233288501079782,-0.4526549023185294,-1.8517353806483017,0.21407271202664596
1.8181703407199266,1.0461924386873058,-0.505368299470522,-2.829117538774672,-2.2258895977629503,-4.662433249207945,1.3048911220684138,1.2992762832181985
0.6168704005046209,1.500700276382877,1.0086927830990375,0.027919192491084377,1.8984436235136761,-0.49566444026705386,-3.952667349999015,-0.22055775993712812
0.65074874709959,0.08472664719554214,-0.027249948736907392,-0.11067890667696412,-0.3631802413856661,-0.66045517346077,0.25066784510826745,0.27624274767163765
-0.3404415486781446,-0.6331097719771371,1.3196938526086683,0.8894207372876831,-2.037352397868209,1.2446539224987558,2.868966880749243,3.1157222846496047
-0.4272068601028367,3.1089995250152564,-0.8170535431457197,3.2575159695097553,4.750048352844456,3.69377846034899,-8.560764888809832,-4.687028501776378
-0.9929425269044263,0.8862187846045033,1.4331294436851842,1.2383788452348907,0.4179746798828461,2.2983270245419383,-1.682598201029727,1.4864306929209428
0.1995539107005312,-0.9790964326039285,0.7212307981584388,0.0226326100399611,-1.193476234949974,-0.12988117255501747,2.4579016163520904,1.8288563540080898
0.25565838683666003,-0.7889563545799373,0.4937686078443799,-0.7500378657701624,-2.819400496339698,-1.0113148964252328,3.9560704747147035,2.877399347886801
-1.9890098090555601,0.8548843473432141,-0.30915416193503953,3.8149641323513124,4.134292507972465,5.929483329532788,-5.232821589654506,-3.5969117087248894
1.950610439453725,-0.022461130864257564,-0.5554122616218448,-2.445829385263818,-2.273447444106918,-4.201474633098824,2.5401405650423925,1.1014825385621507
0.7464782463905386,2.1161515720720065,-1.5752809269229788,-1.2722024561619767,0.9828754151669782,-2.12889783326703,-3.6534593396423034,-2.7809706672387375
0.08685493478642746,0.027330047322870907,-0.3016168144037432,-2.3192708734655225,-3.9826415649857414,-2.771685904580281,4.356862251044283,2.964925645919937
0.3705821128653206,-0.907277281081971,0.2575850633125816,-1.11472992996712,-2.607732843694351,-1.496408932143805,3.8947215515130034,2.4369452777909464
-0.3629572475447723,-0.7232738967420268,-0.7290779094105427,-1.4289595076458703,-2.09143874873595,-1.193995766097471,3.1853721041693186,0.7086535811892238
0.9316899243781387,0.0795783109905182,-0.31967028015970955,-0.3737859374582264,0.14159995352856244,-1.1930263727023331,-0.24786076159952675,-0.501400704641154
1.0182073087047467,0.3760165193899689,1.1432053668650883,-0.3931882675101668,-0.10658986404879903,-1.367156155570402,-0.2568213679206613,1.6308850258448642
0.08066258251831883,-0.7760332419448474,-0.16666030689824837,-2.7944646812755494,-3.9692033883040367,-3.2053398771144606,5.235724918878799,3.0916934381614842
0.8657790460910598,0.7659309674407201,0.6944192944535833,-0.029649458130023065,2.0780580809624505,-0.7784773266059761,-3.0930422576270424,-0.6680002878430512
0.784988656556951,0.22613626010449378,-0.6427469124087356,-0.46089720562666614,0.28928089130685686,-1.1624168102736454,-0.5532269062063917,-1.0307372587439827
-0.04416408092181831,-0.44007478225099944,0.552181723007091,-0.2928454790953132,-1.2151831402664475,-0.19023352996166437,1.806131627272021,1.6938955090458647
-0.4634499863051955,-1.5704436849521617,1.9618940067744954,0.32564611688878076,-1.3617879897157228,0.7411950013127091,3.329682511153687,3.552143839105986
2.011533524474988,1.5942696839465307,-0.8867843400142754,-3.5405393974774304,-1.9095959243281613,-5.637727622684926,0.4167116218081813,0.7976832141051442
-1.5733769895211314,-1.4569833471588083,-0.555807528588412,1.5875261984233904,0.7613250403504283,3.267647757708901,0.9097865478106338,-1.4334320143796615
-0.7228968463853768,0.0511261584442263,0.28821806822932194,0.06787464559124738,0.8767308316158973,0.7637080087012618,-1.012673493935744,-0.391367758986666
0.03478496482123623,0.6361150846723094,1.2349997100086982,0.5703757857862791,1.1519560138001632,0.5920556106217831,-2.016718135790544,0.7128745471469194
1.5378281903679336,-1.5482956847133276,0.08881517128379668,-2.9165186695771648,-2.9090302568380353,-4.489773782046171,5.125396883406342,2.4852520007018035
-1.246346424992169,0.6603479493990065,-0.6401507497751244,3.596905811091451,2.98448422399988,4.882195605473298,-3.8835233418913906,-3.130402988306302
0.005090718051740259,-0.2604925726716996,0.4345504689889004,-0.6648768545340803,0.5376641952379265,-0.6507265790657755,-0.2750872332254961,0.08346341805518305
0.9821947521802377,1.6894945807533983,-0.8082910933401,-1.6519370344534379,0.6902233626578653,-2.692483035702821,-2.7423185280640614,-1.484906206831452
-0.4423000905141165,-0.317823000715364,-0.7511741019842494,0.33498265003026007,-0.7227862407511307,0.8161764180114226,1.1357166377505692,-0.421942070389501
-0.3897173306107276,-0.3266485621340323,-0.19379587224367342,-0.373133796460252,0.2351955683630065,0.016415452086353477,0.11711796314307694,-0.5008997620953514
-0.6417760553334684,-0.08215333142063522,-0.9007547267050141,1.5001879749313858,1.9864292156532288,2.2260216816200957,-1.941020385555528,-2.682323762646886
-0.9844555620696708,-1.1877774926275242,-1.1817122159102256,0.22254407596143538,-1.2299440218999582,1.1929345845729267,2.8531618204785096,-0.5591217073818932
-0.4367319441413844,-0.8446144456852746,-0.9902941458682603,-0.43244677589714065,-0.4728189281297557,-0.010415757039528684,1.547589694959772,-0.9506879621420309
-0.08668556535381447,-0.10996833169644345,0.7189762714640314,-1.1746904442465202,-1.529828634861492,-1.1323462978684844,1.754734223183082,2.1974414447079105
0.7565955499549453,-0.2024833154204731,0.3454224059744916,0.36312558204776335,0.9565233647716291,-0.2455708822069716,-0.8249323038722448,-0.30285372715757763
-0.06287242761238804,0.8884301277387712,-0.0017775376381954644,-1.412541767468102,-2.493407509920232,-1.7468748342420979,1.6594265004885738,2.178859435838769
-0.7217868324774187,0.08422322152688513,-0.7724811347763283,0.2458211167548973,0.809080865175073,0.9246923270496683,-0.9619764544940758,-1.674026476348708
-1.0984407420820483,1.3650662061344527,0.2312480178776848,2.1493743024733245,3.2402408642520912,3.409027020917787,-5.07839211659903,-2.242222621893303
-0.8629188901216308,0.31682844892624235,-0.11863701032567046,1.6663338970988606,1.2248503421068355,2.565052363815708,-1.6711889906370694,-1.1047489125745633
1.133097803942154,1.0813094964738679,1.1293573060943547,-0.4659904673671714,0.49122383464593494,-1.528879964405378,-1.8287966369968038,1.1031888970901325
-0.605273172800782,1.9239461578139694,0.5967917953301358,3.071241485723301,3.111784338727123,3.753204090754533,-5.5382192462926545,-1.5102011973952907
-0.12191143926428866,-0.07668370752599965,-3.6902383741714253,1.4393434131993714,0.417809637400487,1.280927221166203,0.29530645591581406,-4.743579634049444
-0.07661920233360481,0.30610141201139557,1.1048413790949734,0.23829661084188106,-0.04738646344176808,0.37075123936263776,-0.319499042382169,1.5095576823397856
-1.1393925076011535,-1.5242594551737059,-0.458146485146963,0.317288527084395,-1.83689763329908,1.5270132633325777,3.8167936846381045,0.8629302840190343
1.5717433471797273,-0.35207239483548236,-1.301007964770957,-3.449093610990874,-4.762676131290619,-5.027773674761737,5.397005604225561,2.059735287179073
0.6278592112143636,-0.8767994600433674,0.38453732154711073,-1.4239066858325595,-0.012945624375506462,-2.099847358528868,1.1681828766249416,0.5269544150603206
-0.683646934939516,0.6284889282208194,-0.12767163064750903,0.2347055158554934,3.000280128689896,0.7699297489486541,-3.821533623358745,-2.5808087432425966
0.4614648735159774,-1.657732174347196,0.18910270098827803,-2.2857362117256557,-1.2427030928482778,-2.991450551535688,3.5205759969875356,1.335093047732874
-0.9303709104540002,-1.6478181105705156,1.184320490983056,-1.1679225591863487,-2.669818862197633,-0.3545249897215595,4.840621953091143,3.5748892251881004
1.0677831954984456,-0.9250938370557482,0.11854537006141419,-1.5846098044520265,-1.804516554640035,-2.6285878025971985,3.0946961945216502,1.606985310493607
3.674906098769319,-1.4717038731410552,0.2986464972764721,-6.460956939994342,-4.772282620527275,-10.55911194877998,7.5400256390661475,4.246656802132744
1.119385510725477,-1.1918389797323623,1.0941982340235594,-2.4460279269618,-3.7566224870067955,-3.525390576911665,5.412294859232769,4.477886440811978
0.8835122499274811,-0.40377436784705006,0.7770869545989637,-0.5126527817690029,0.2504001310365383,-1.2997498010463753,0.23624002102807326,0.8467159384811597
0.877753995844978,0.14244366524209962,0.3771071476892337,-0.91566286914978,-2.6893805214250084,-1.8744361662683036,2.736221307332029,2.7148028731945093
0.5041974227279621,0.2749779195269913,-0.8725760392748251,0.16540950656880166,-0.21206506757015814,-0.279208668036981,-0.1313600975449866,-0.9411848488700345
-0.680668835568936,0.6355384620773671,0.41457783828170025,1.7502784911299551,2.2139803456475367,2.5385078990753254,-3.1527616600515027,-1.203903091298153
-1.3087311651713265,-0.27240288019102477,-0.8170612843922851,1.2977247104072815,1.7958268447534222,2.6140414892742676,-1.5501653189773261,-2.4485303198852164
-0.7878438239896001,-0.7762169764649476,-1.1995980425345696,1.391511880461806,2.0053749314347407,2.300781996806365,-1.1074277676856998,-3.0504058962957306
0.6564985441933386,0.5635555767600329,0.2826657924712026,0.36820833120142193,0.04793701573455901,-0.20817773145216933,-0.7591723414311485,0.39874068417196773
0.18442991019339222,-0.19901157171213912,1.2686130163152975,-0.546407553520217,-0.9902830252083881,-0.7070210065014282,1.305343270400231,2.461240960202871
-0.24994023356092637,1.5368746075056403,-1.158427275924338,1.2893578695296448,1.7991264422647377,1.5329357339408205,-3.7449952025357796,-2.903166692320852
-1.7920816760794436,-1.5289475451086336,0.05347387446794641,1.063933033350184,-1.2279082543150424,2.8550785000139056,3.1737306835271095,1.0724679861877533
1.1994640834289823,0.09491586640572873,0.23547017427388542,-2.993711859099447,-3.395821613914187,-4.284011176701128,3.544694850105278,3.101764880252499
1.5958087069478248,1.6463090195269348,1.5142192859959085,-0.0007115297750159844,-0.6795104904004099,-1.262350714335376,-1.5131690604284578,2.3456302558688336
0.6232805930138132,0.8349473985969615,0.46831654911634524,-1.022096345762648,0.24972143644687267,-1.6316592384180988,-1.2897476652126252,0.44361703608393144
-0.5064736502418887,-0.8485442533481746,0.4941633683763639,0.08732990564407969,-2.023591072087919,0.6433058399216527,3.116622974303368,2.200860537026489
-0.003941602985510231,0.32978060123600533,-0.25748981437600893,-0.8015325406512923,-0.8743614997669752,-0.7989035105499049,0.48432276314031547,0.3935566262221066
-0.2716550153401367,-0.5042302057872662,-1.1584132500744608,1.6347920085644723,1.2183505432759316,1.9863577778929495,-0.633534777924829,-2.4465611346055853
-1.6279656289616742,1.1609832296682834,-0.9322798869684691,2.467240084125527,3.8729902767198943,4.171611657839035,-5.345935043179388,-4.163728492203439
1.4328940439697362,-0.14538625844235947,-0.18270971560914676,-1.8773044291066907,-0.1631391257451692,-3.29188912989091,0.5472813205930619,-8.690077314754685e-05
0.01634411305750784,-1.2154078860260749,-1.0576515099874066,0.2512182089952142,-1.09192328435472,0.27182814930101284,2.6149262836549596,-0.5942379517195402
0.661408467172115,1.216777149479744,0.423519278265279,-0.6004061087126937,-0.07396601505351735,-1.237281578252443,-1.4393230164890947,0.7018790184543188
-0.06508328776127384,0.8086824256602946,-0.7479777159483831,-0.4935300379261952,-0.34938955459862325,-0.486817379880408,-0.6706318228057343,-0.6913488578832964
0.1772186865780298,0.5025228839755852,0.25714193432053456,-0.5701459572079528,1.5555001506230994,-0.7923764806246154,-2.218046641573151,-0.9270125144043203
-2.902443822961132,-0.22314090455738472,1.8858698646518843,2.43927684681033,1.293540712535213,5.011870992151727,-0.8051678978391806,1.2721602744543608
-0.09887569778537714,-0.6544954177795864,-0.2765140495743488,0.08191304579303134,0.49216392715225704,0.27354879647293184,0.27479877294399585,-0.7999818105341413
1.1752592886297357,-0.016494091512792478,1.4048270973146346,-3.1446779916739684,-2.7091077254061644,-4.4032796336331135,2.892649559200834,3.945712634416462
1.0960686593864963,0.012665269026201464,2.288261862369354,-2.4244240124163623,-2.92397457187813,-3.630317920222024,3.286122335443599,5.212494763265702
1.1367368654850452,0.7168311389786528,-1.318547285411874,-1.4362857607552284,-2.1819059900524844,-2.6032928048662827,1.4309375920647993,0.13360095769528163
-1.699167575233693,0.4730679364881924,1.0269020223089593,1.9290506235132436,2.377262445092791,3.5979151767350044,-2.997056024969703,-0.6333965679523809
-0.10133023649177528,-1.5747787387753043,-0.10140323646105012,-0.45875574747511494,-2.688440722011765,-0.3749432488677457,4.849872824879211,2.000029514153483
-0.34339932032509957,-1.5342370022067011,-0.26909133931097445,-1.0976836513069477,-2.4275046274447165,-0.8086482089326417,4.493265822429158,1.6146936938592724
-0.6118136695373302,0.17267061821932655,-0.35164881490838606,1.6172367442765658,1.9258875299252292,2.3143366996444192,-2.2209605809773896,-1.9654620843325292
0.30387879151164304,0.6032194014925142,0.046741348789122145,0.09432466964687626,1.7042327322421822,-0.16657288278234944,-2.4951716208236414,-1.264740193296659
-1.235415620508419,-0.3453915688780116,-0.7347638007583921,1.0507855872399121,0.06824505076779003,2.289399922913873,0.318514466777155,-1.0058137272077554
1.0009045433486843,-1.0888067327785966,-0.10878723902560519,-1.0138416943062953,-1.1304946717655058,-1.9711611675044425,2.5786535828939363,0.7408378717742959
0.5007396453003367,1.1414381500208866,-0.2721592510899168,-1.9002006691694437,-0.23725112317282276,-2.5541075934837263,-1.2356117343450779,-0.15261396719823828
-0.7210669471826234,0.04440439318803066,0.6734004495188524,0.010368658465137015,-1.2585500799177634,0.7154277757251164,1.2404067469849631,1.8733071303665225
1.8473858615170389,-0.31659856935196107,-0.08728455298902568,-2.137951754010709,-3.7328777501018777,-3.964427744289423,4.471467502167175,2.809843457703652
0.8215436811802247,1.2779030125766158,1.7298448147857464,0.7209732840676594,2.5164196283424647,-0.032146503028692736,-4.346023546579591,0.2340921755619117
1.2733442408647373,2.087165069938687,0.37175080616749845,-0.9697987946267345,1.1418908729902804,-2.1801242834330585,-3.6886837771130447,-0.4021115757578224
