input_0,input_1,input_2,output_0,output_1,output_2
-0.09547568209908469,-0.7857110133978382,-1.405806394230969,-1.3610600136082749,-0.802396756046351,2.5529518278462837
0.38294110252147834,0.5038558081386156,0.9616398423662543,1.2536509952243382,0.6306094565373632,-1.7578633099045315
-0.747207920634462,-0.37496592040213417,0.517140460863985,-0.12292378927983866,0.8892486843596494,-0.022494347688431532
0.23357633891483096,0.6535909988713755,0.650773396201503,0.7738619250325002,0.0710341950875705,-1.606649312143406
-1.9217432292136685,-0.575750394902285,2.6953450669277266,0.8807147701071683,3.309077314043297,-2.050424474818795
-0.21187448921217794,-0.1543743709006329,0.11526166575454384,-0.08358744750248691,0.19563235206447915,0.09272081338260059
-1.0507325098999964,-0.7211981387166599,1.5234112457330415,0.49521098017581283,2.179890368902677,-0.6318322431812733
0.2948525844189303,-0.7596868163927879,-0.5441096009420028,-0.21328843512903342,0.1468715239105885,1.6198286002064286
0.9954242585569795,-0.44683191881383205,0.4086702190118216,1.3600216471094393,1.1063620705588673,-0.0013633000497031023
-1.331787072397765,2.8195538124967943,4.699520835457293,3.3940953279357435,2.4450230113029727,-8.527690236774092
-0.41774007225132026,-0.7096128646954165,0.40657111700861853,-0.028563313547579475,1.0474233546819,0.49227976590347483
-0.027714285677773773,0.46659415720582026,-1.1898400538742386,-1.1299488394294643,-1.7070129993829382,0.5789218353262963
-0.1893714585745729,-1.5302314364894902,-0.5477565944543358,-0.719394514203122,0.8698410080441429,2.5281296582600286
-2.3879774381095933,-0.3452813032313215,3.6482673312975766,1.3899930491448995,4.141638215444229,-3.2980106851665423
0.0460672428978836,-0.1324450220719914,1.2091811478757526,1.1871599271000435,1.4468181204820796,-1.057229437975039
0.3948031356404788,-0.09404573778646946,-1.7484111309285826,-1.303082361390187,-1.8318905831478316,1.9126997828054808
0.8721019306334398,0.577730265629999,-1.7567084748022075,-0.9451927926983077,-2.3749776610094897,1.0901128348880313
1.1450782308033323,2.2656662779780974,-0.9529943334711485,0.05731416932604976,-2.9200891021685464,-1.7815537183163406
-0.06370420761610766,-0.0881932449193057,-0.8607337265914857,-0.836739346854058,-0.8819882597580441,0.9917727400689713
-1.7594121764254058,0.7077258951465589,2.658588002278652,1.0791110651272195,2.2301999472544694,-3.600377714846052
0.39925515650728133,-0.010634779781451428,-1.8849111363798638,-1.4132497907639994,-1.9994732915677411,1.9120705214818206
0.2020487176036887,0.39074605372295224,-0.9280962951679338,-0.7384529448881747,-1.3883653798110116,0.4369487561576915
-0.925533531459383,-0.8758921378084138,2.3180543336761583,1.2833618248310048,3.0928670401635827,-1.2884972804435133
-0.3663821048762154,-1.0457871836326114,-0.7737109522592507,-0.9922202050901714,0.1835147131786231,2.244762297736335
0.7373423960028224,1.3112179260948316,-0.9498797511560144,-0.3417632469368569,-2.180017590700594,-0.7259706970036546
-0.8850443287655342,-0.8864733279571708,0.9892020255491781,0.1207207680409983,1.802870586241133,0.09944953118125067
1.7017390990046672,-2.2418071390045724,-3.971580855448341,-2.3468598843616837,-2.030231122148892,6.508099109653185
0.42424596244360974,-0.3933209047972858,1.125679474417107,1.4785368501020377,1.6571413681795222,-0.6986932062104799
-0.6525537998283119,0.7051650643235755,3.3450510931381507,2.647551220571228,2.9303025933051257,-4.363873467446127
-0.7696333668077722,-0.9259509344898591,-0.11857588905631575,-0.7428296721635193,0.7873170582824209,1.3133894837199498
-0.09518718216275696,-0.34434269017341246,0.08963130833542465,-0.02546355922715279,0.35248839139704913,0.3687682051232207
-2.0810310213777217,1.3510168358884656,4.685590879241295,2.773604910615249,3.8324145241119396,-6.59818109475577
0.17189058844166288,-1.141362114692657,-1.284238443172168,-1.0911088353233906,-0.31854541297916955,2.9057842599842405
0.8302641339000667,2.183859203554942,1.7319550113225948,2.2552065779564137,-0.19885015412012394,-4.424676243391781
-0.009982136573310972,0.5387316874181173,1.389482698867475,1.2916886949758988,0.9687522499735591,-2.164070964455661
1.0305788245068457,0.48287173618512125,-1.9134407203784254,-0.9458950249856846,-2.4636597058463505,1.3881925770406909
-0.9352287052495186,0.66274280363952,1.134621818749158,0.32593690280311893,0.5537646707417521,-1.957332237837823
0.37369977356588824,1.5294055696128925,2.1805539376561383,2.3589519750031696,0.9399062270034606,-4.211542489673067
-0.9729228148607053,1.7482930891365867,3.3981524332771316,2.4527057262818484,2.0224844163088034,-5.797144987238688
0.21643869492226667,1.6244107230253881,-0.3638519310791717,-0.11554209323993483,-1.7667692432670685,-1.7580276950087848
-0.9933446593781006,0.4355793588007778,1.5809810524311307,0.6828701609915918,1.2617560728636383,-2.149520095391422
-1.160502685589546,-0.7127400055442101,2.1388055511863686,0.9631488704713868,2.8015276596609486,-1.2745087547473728
-0.14167952980082807,0.7583907336090656,0.45391027100841747,0.2951729115003708,-0.2588989498813794,-1.428012370856668
0.9741944333556323,-0.05361474564363944,-1.6364449622416848,-0.7062301970616286,-1.7682986141760502,1.7425649020533687
-0.6228676244103447,1.195632148283117,1.992966464477903,1.3760514076479788,0.9846295989580284,-3.6038152573780775
0.3116005518944006,-2.232681445632646,-0.8299065068652361,-0.6037884035547358,1.1578137454590571,3.409468933735071
-2.5774172925177794,1.5407721619349601,5.830342708106305,3.4446360978363515,4.866926230374608,-8.044641368452364
-1.4691763906117425,0.47684033819851795,1.0805111546592188,-0.17530461777240527,0.7104269115977502,-1.6020764759490809
-0.23293106213995662,-1.296891933076162,-2.1950222032522726,-2.281160713277257,-1.229309058140054,3.9439681390716337
0.4389384502429352,0.2209196578717188,0.9253580769594402,1.298356025208851,0.8909754691041891,-1.3631806979833732
-0.5616709762699507,0.2004049155764682,2.4844379086584283,1.8875658664340829,2.4085781602555167,-2.849730648161413
-0.17963282664420568,-0.08869814965906093,1.297508278383259,1.0545168122874844,1.4807344715328103,-1.2119781901423559
0.3168001411346326,0.26859267960396144,0.7742076655672384,0.9988763864125159,0.6269706736996029,-1.2172344721566306
-1.6444000021315084,1.1762202482165298,2.2723091819055656,0.8516818143818602,1.393928423023018,-3.801141134515511
1.8962318235021571,-0.43287555779426745,-3.159318996054583,-1.394782487355876,-3.043459968590828,3.747073560535645
0.14253102957472888,1.2003288858996763,0.38248328884086397,0.4273344705466169,-0.7714224892929893,-1.9642595093968103
0.05874423322486629,-0.3020911019774282,1.7436787160035572,1.6942864531506467,2.11530486149401,-1.38502170342418
0.27691081234729964,1.28196665347627,-0.3841678861342498,-0.1404212865308819,-1.5446380734896206,-1.237802392491614
-0.23247690037270466,0.040783331321265895,0.5564702157880045,0.320986504392412,0.522326843320586,-0.6155027594807493
-1.4816287165914666,1.0920863675797,3.175500068915092,1.8413319576387635,2.4748206408710898,-4.673907519882715
-0.8293400052032327,-0.5930178712413607,0.9428129263220344,0.16403398362398416,1.498820585341922,-0.192515204177541
-0.7197067899550131,-0.055262203822808595,3.4578398296286053,2.551446682575766,3.55475224645444,-3.449047141415529
-0.6902792595843573,-1.1461939941812735,-0.8684106170491467,-1.304260791010437,0.18883064487529702,2.405246654119543
-1.0519333080648927,0.5228145513219349,1.645074540759069,0.7026680036198648,1.2527681597055824,-2.3376471076273075
0.3758105221557347,1.378607053293432,-0.13225605401309284,0.1622060859486208,-1.415504043077235,-1.6286375687153378
0.4855415521333797,-1.2178758477734555,-2.622664949282254,-2.1089983176726546,-1.7423383801915109,4.3664623644946
0.3052387819271727,-0.12390748506673428,-2.1815215428494192,-1.7771909702369568,-2.2362675177462514,2.400402796390771
-0.1324359938679397,0.5845553112287243,0.1394394597557097,-0.023633437337647244,-0.46779937172312,-0.8554490950448453
0.39953873424033504,0.061989413793603856,-0.7493477829574282,-0.36219229587680085,-0.8843714835601564,0.6559006964719444
0.077109177412023,-0.9610455126489257,-0.03766923033678257,0.05334471348516726,0.8425770656638215,1.3090305951234982
0.37739291913799866,-1.054487519455668,-1.0788594293037899,-0.7244565752333234,-0.2130149535669701,2.576210073112718
0.5368920880866025,-0.6506059611322514,-0.9148317409847898,-0.3976711881424944,-0.4165960605845318,1.8499005001130597
-0.27050594925567645,0.49563669258425924,2.123479639750925,1.7952686008550744,1.8233549636279431,-2.8303141184078546
1.57089900165818,1.9938361775467195,-1.0049092936530948,0.3286384490114434,-2.7674895833191537,-1.3951861001811499
-0.23685700620138428,1.6287929714183804,1.4698581055824158,1.2113023308710513,0.12632298335741707,-3.696621593594257
0.7382469449116388,-2.379280484587157,-2.6591667167028072,-1.9503656470395152,-0.6189382358418398,5.485511287448526
0.4041294191758181,-0.7280862212490322,0.4346544927700659,0.8397986116737161,1.2063211910425788,0.4404845165175264
-0.12794664278099527,0.2773788547959156,0.3272570203138767,0.16646105821808607,0.03726666768972338,-0.6639954214193214
-0.43683319983536745,-0.5496574303268859,2.004784891323223,1.4647657851983258,2.533133397703212,-1.3824051359356193
0.5563995785534057,-2.228013521170335,-2.664439139821433,-2.1096425530677516,-0.7694205412637596,5.4208854934972255
-0.24794621676432294,0.6486965478513849,0.9682075869052407,0.6994480715352197,0.38045012685636453,-1.8433228515444426
-0.2275462808752964,-1.1408287965946289,-0.3628218223613961,-0.5009047689979081,0.7306612949688093,1.9133812613825787
0.0841117794886845,-1.9554162194376634,-1.2810750360296792,-1.207374711845771,0.42479800491653463,3.696840407748211
0.5729104487105254,-0.13790491837426547,-1.8037093885240918,-1.2079216295945403,-1.8491512025538481,2.045401475880415
1.12434860248603,-0.27242739158065854,-3.3532955075795856,-2.0510510422362414,-3.246446796532418,3.777659563777643
0.27244665810590385,-0.8698495901048511,-0.2932388149369609,-0.01014942450237232,0.5243589549616111,1.499631062950789
-0.6910328847607492,1.1071606020103808,1.150564531200955,0.5330467974334137,0.14762227866355013,-2.5939106402542182
-1.24014218107893,-0.2655056286350229,0.21410515054168175,-0.8046545456491453,0.4002067491010057,0.152322335025984
-0.6952476663911809,0.4569298965531431,0.5246939390267862,-0.06811290037791563,0.03840945616739218,-1.0602626369682577
-0.682138426976647,-0.7022667554520952,-1.5897181201140773,-1.94918013364539,-1.1102170504845197,2.5639275087002913
0.1733531897320636,0.49113217211374693,-1.272759445165811,-1.0452693225639904,-1.7802245496767883,0.6253860232148085
-0.4024740691756279,1.2497128976999332,3.139950441024985,2.6483847376838843,2.2411369311207436,-4.871495079532828
0.7725146270144415,-2.326857502458534,-1.0477555652541977,-0.4202386558369293,0.9807733840225087,3.6410981978051886
-1.3147569623055482,-0.5362929575294472,1.7797366376840222,0.5577462067730128,2.3093872211984756,-1.099381715654474
-1.0032423850072985,0.948090974773463,2.0022134737505857,1.1139149876203984,1.2545940530829904,-3.291135130839434
-0.4464829601399029,1.760495113480856,0.28963813504099334,-0.002103249228643388,-1.1260016402225506,-2.725106924019594
1.1844042015027314,-1.661568365183277,-4.617265834242076,-3.118832502173238,-3.024444372261943,6.557730396898778
0.25790848720779164,0.334894577479703,-1.2689050282884593,-0.9851429461848356,-1.653364486394174,0.8284583124748534
0.39431518574121177,0.9268606489153405,0.8247782282745717,1.0677688515751351,-0.011529394255893236,-2.130714533548012
-0.8636930902936704,0.10157687452020056,1.6251691507743569,0.8152548710469953,1.6235772976532894,-1.767127813223064
0.1484860622644008,-1.5846382136650754,0.979431657344882,0.9143043851258654,2.196765686012707,0.8675634731292378
-0.3649973926187767,2.7682004511104026,1.0824550676245137,0.8505784509120868,-1.175776806145798,-4.7656901554942825
1.0946173104870545,-0.9141776451136987,-0.5888578884705759,0.3654030115656949,0.3322816534123028,1.6696252184923386
-0.12146125790330956,-0.536060877458104,0.270841267663897,0.13944947625920429,0.7698433913804315,0.41259574816115924
-0.04916745594037218,-1.2184294563997826,-0.5831861251324353,-0.6210566272212185,0.5079082705061593,2.2309683951042936
0.22251229340043335,-0.4436617663662189,-1.1044738325463221,-0.8348620966742797,-0.8415728227045318,1.7398231160720743
-0.5299625283528094,0.8907480487220644,1.1509726589148475,0.6579142680002699,0.3509518813342023,-2.3258676847723008
0.29949047656883915,-0.2744476634216321,-0.5826107201428063,-0.24102842241005124,-0.37771404659734864,0.920736321514439
-0.3617130379426309,-0.7990161300244758,0.9258494548182815,0.5052139260678238,1.651182718466089,0.04572904298186795
-1.8379291623410827,-0.969733594164011,1.7448052774361953,0.09885094036284509,2.722074563589317,-0.580976826318269
-0.16634075696611023,-2.3067748750519526,-0.2371281600081682,-0.5064966690226413,1.7693077533552726,2.9787874238807452
-1.1203001773197414,1.8523529646655514,2.8015692422554737,1.7428624586358137,1.2484004212636106,-5.270201051941934
0.23089422896069117,1.8137347610991825,0.45004362251637076,0.63213619856646,-1.1645889803269598,-2.8076471060671895
-0.4985775478031467,0.5600433729127362,1.7854986652559681,1.293306076510921,1.3540461903734926,-2.5938128926410626
0.6367752473147563,0.9655329818907556,0.25733433656253507,0.6511952213475802,-0.7161600260113228,-1.6028185624466418
0.21682070948134596,-0.9430737277015265,-1.5317004702783843,-1.2757366237846783,-0.799307839806815,2.8968373949492783
-0.09280870603581078,-1.5201696857442348,-1.4881593193823193,-1.5141001088487767,-0.14683735888168498,3.523928687298755
-0.2828890701816567,-0.16955269114783936,1.8384325428235353,1.4733126086656414,2.070659002573266,-1.6869307121104449
0.12228142710234026,1.2661612842173333,1.6022158734353096,1.6309809763820924,0.5873129765137303,-3.379329738648985
-0.3839950097085651,1.0104435701073233,1.378260520772951,0.970500788377814,0.4785254208706778,-2.7212466469719416
-0.6134146345024721,0.5006453032820334,2.286788524424739,1.6889462407656048,1.975763213558938,-3.036460975598036
-1.8361879034129356,-1.845312720071771,2.9994349887468337,1.093666030188025,4.750450103144166,-0.8973989216771185
-2.145097578693216,-2.6085384655447528,1.4303358123460395,-0.47749039588546777,3.847616683503426,1.5973344597120094
-1.4651632997651258,-0.8424058805964487,1.9890833381938025,0.5943233311524209,2.795388217422238,-0.9702821399648905
-1.2176425159159379,-1.1240094079398364,-0.09208745645793485,-1.0050335594343605,1.0112436314544888,1.4438925650016172
0.2313714575516179,0.7545081455282385,0.9211282868651471,1.0465350908549151,0.28811007438794406,-2.026609487656382
-0.2654485047281164,0.978106712169788,1.874988797026397,1.5554878559788259,1.0707361023577096,-3.227815493913537
-1.1311801027134125,1.4049264595640782,2.4539990947838444,1.4178148755081692,1.2965202466529155,-4.333175698480918
-0.43205772117271646,0.5009044485880894,1.8115747004697396,1.3690249810470563,1.4400792897939318,-2.5440552674193366
-1.1525291254066772,0.29015975196877697,1.0118559035332464,0.012848716579994177,0.7774163531573967,-1.3396807144010714
1.1250315706578629,-2.6994126643996657,-4.400926851020425,-3.059969876786034,-1.9270201267542606,7.365509649736451
-1.3842341059765406,1.1089625067229893,2.0047519154441895,0.8112438307808189,1.1363128673208533,-3.459104025794109
0.5775519759535226,-0.18843058024391385,-1.127886195185652,-0.5569658132264282,-1.0996246483926728,1.379529739743808
-1.6008474237254173,2.596864151810734,3.2077618672593746,1.7449981188302877,1.0420806368261912,-6.655793012744614
0.08843485771652458,-0.6683432552751892,-0.5204496249305101,-0.3841421344015285,0.02552505585893915,1.4380261746591827
0.7003560265526866,0.47561628217344615,-0.48612951898967327,0.06563188606029509,-0.9792876646153923,-0.12233746920142141
-0.882372650789359,-0.8026457598072059,1.0833123954815471,0.21599101970618723,1.8125414438665193,-0.08939832583953465
0.1181235866044988,-0.1861348084148343,-1.833150407798075,-1.6233761713929697,-1.8837916744544105,2.1423578623009787
1.7504659987309734,0.30339230397407796,-2.4167721945796177,-0.700547588620321,-2.8284728225419955,2.0640886479637515
-0.8022027265836701,-1.2584153375206046,1.0980738462692485,0.22257221931638685,2.244635311972811,0.4120619379092059
-1.8776645196814559,1.1619181594142185,3.873791980948066,2.1691962647274714,3.1468296156877917,-5.493200353657534
-1.609082447088991,0.5671310960492546,1.8149392119905265,0.40078337440547906,1.4594715499027608,-2.4841085950978425
0.1311286413534258,-0.907681222761536,1.598359588956585,1.5988974283387165,2.3462755542118368,-0.6122400304332817
-0.06945415404480235,-0.6951593834907724,-1.6077256033870433,-1.5269089288931674,-1.1149326820058079,2.6395834841122725
-0.0005308828657746593,-0.2062415292209652,-1.4075045808475213,-1.3019750354953255,-1.3749206088178982,1.7050210320688188
1.9340805771721352,-0.18102712774459034,-2.813992886144508,-1.0185068908247321,-2.8973345427726405,3.0462718052022053
-1.5804871220804466,-0.5322945128572426,1.9329312521236555,0.47650752688194653,2.4582952889609935,-1.277580931839574
-0.2419167540848834,-2.312209305221357,-0.31581903464519046,-0.6358615424494599,1.690437688152103,3.0777082844903836
0.8346330160362123,-0.5109059831623968,-0.3349345686524693,0.46581318623268925,0.22949777728094214,0.9728441578521173
-0.9198181966897585,-0.6669974660858052,-0.11699230993118838,-0.8414952620595118,0.5401348030115697,1.0038744695694923
-0.8905438525004357,-0.6776506724124093,1.2166044576712138,0.3479661707874116,1.8380886514329295,-0.3733031619324161
1.3838911298258048,0.35946701216569316,-1.9651924801045497,-0.6176026594034942,-2.397888384300057,1.5320575520897723
-0.07573720124985162,-0.7468698813551558,0.3681586094753278,0.2931349013304699,1.0780334319706715,0.5632164258124077
-2.1014577791580433,1.0656403615095296,2.29414261308135,0.4826812293642202,1.5535326431673118,-3.6246942404132363
0.9479142813213112,0.46997517825271196,-0.15230025307906997,0.6628756579685885,-0.5131377509476649,-0.5566794176821049
2.1081723523219753,0.15245429325472915,-3.0263736255078455,-1.0260764320836397,-3.371222372702471,2.864665734693233
0.26828694410639936,0.9103289319169731,0.12537661878078235,0.2458451720502758,-0.8094843975328627,-1.3297180091730618
-1.0252177281677617,1.5473802350903343,2.5013982301377284,1.5384326998028637,1.2068979627239977,-4.568640201703249
0.5774884062523384,-0.17981603691564382,-2.1845434209966004,-1.5265625082585568,-2.1884127810887724,2.4851187808232647
1.2886679551830738,0.24665004975420965,-0.2601707805899477,0.8827270689871717,-0.39588373745353617,-0.1496464286262364
0.10544171075615127,0.39297604950604975,-0.1151760377793378,-0.0937277367587313,-0.573917592398845,-0.36741976170622914
2.2769894105172113,-1.6075383086667154,-6.16767305530748,-3.5847726076646604,-4.70427025571435,7.879784790174552
1.3383860545487505,-0.5332015754857403,-4.022545041378918,-2.4933144020185365,-3.683982875600911,4.773023110137824
0.894119156616033,0.8790017111707502,-0.9897254538183486,-0.2518755299017048,-1.8209558815070435,-0.10285081782056166
0.8912071536931584,0.8230631684394758,-0.5792194946336474,0.12094987157229861,-1.3973447555175857,-0.5113825528332382
0.08518288325993667,1.0461169099313743,0.3249385924091634,0.33620567316716554,-0.6612681654878231,-1.7436024789847213
-0.4921496360315835,-0.28562280067721235,0.9549848485925202,0.48178495031487434,1.2756577661152562,-0.6029481341907109
0.1773337032919031,-1.6648428769560792,-2.9468745772776685,-2.5774255297945436,-1.4991674109090265,5.109182839987667
-1.833886036083991,-0.4043634198715112,2.0359548505773817,0.35890083800932077,2.4608930869769154,-1.5738676991273892
-1.182610178515709,0.7120540768345548,1.9169848389136932,0.8657617415120787,1.3896247032297573,-2.8694273966712838
0.3151374643728824,-0.09116216245702331,-0.6128257438673144,-0.2758097575085364,-0.59941311659109,0.7120395439093624
0.851601482462784,-0.883401777412226,-1.0830750383351333,-0.3096101011094519,-0.3320561004317556,2.2404646209514687
-0.9176133102582308,-0.3471109235891043,0.6291563277183814,-0.15860957384622137,0.9705339658302631,-0.16742956807464185
0.5543697808596844,1.2404877516610975,0.6595113914485036,1.0171061861490884,-0.5057485120484774,-2.284442800282977
-0.8630248377077273,-1.2207282672461885,2.387771597900151,1.3677256074830904,3.4291893543137832,-0.9887844324050943
0.804816975462017,-0.2029952551384397,-0.931785469988143,-0.1834905523837616,-0.8281965962980439,1.151101052621649
-0.857133475803889,-1.0902976373864073,0.7250350595404776,-0.11760579979334942,1.7413406939276659,0.5947600158009212
1.5867488610493636,-0.227943769479838,-2.3395354089733114,-0.8897632693164175,-2.394811277300188,2.661844932334358
-0.9404135297825166,-0.7934214843461606,3.3173096040538375,2.230219159858045,3.8296641377126073,-2.3403224742485365
-0.2597475845890778,0.47361772430696386,2.0864106715749724,1.7652329467636694,1.7984876376048868,-2.762251721109054
0.5045025645864277,0.4234465695729625,-1.4762688605104572,-0.9798111079540834,-1.9396231518392038,0.9562509263267996
0.8384865904914899,-0.9478018984321726,-2.787301371194519,-1.9415095450017197,-2.1937749583887434,4.147767437658007
1.349865388501871,0.9995471602417094,-1.8429406264987007,-0.6486825380205967,-2.80040744584718,0.6808709238876436
-0.33435235995896045,-0.13441893142304528,0.4005110199562899,0.10925847196731212,0.5143711640339488,-0.2462643273750831
-0.09858923423614706,1.285110344352047,-0.02830869217721715,-0.09614993589260895,-1.162041782593838,-1.678156870077568
3.2393014568734513,2.4109050728307357,-4.062983014722912,-1.0226490697244657,-6.094746700807114,1.416511633802392
0.6013339279615472,-0.994645882885538,-1.1617540592654423,-0.5964256276758212,-0.3433698629168646,2.541431210979623
0.24623757548444553,-1.0156867321208012,0.009023530074969775,0.21134546788768074,0.9283299639891459,1.30814549125148
1.6280852153072196,1.135862463447874,-2.1426920950287176,-0.6768863019960598,-3.2180964515216752,0.8180756538037953
-0.17740039014491144,-0.9310015386112998,-1.405972451785303,-1.4442187167096832,-0.6226913518404296,2.75398347196131
-0.8218700490060055,-0.2180422226138768,2.372817122664368,1.5289811188620515,2.6555213918270173,-2.161924705543695
-0.10088385197291996,0.801432178973875,1.9397206049777211,1.7543233328818841,1.3390733061428775,-3.0550648228187183
1.7322434784887546,-1.9172285286739568,-5.033155198194294,-3.083411067048589,-3.250717567311152,7.167448514594846
-0.03564825658480147,-1.751763375779773,-0.7709152771324984,-0.8246658319493938,0.80098896410973,2.955907387889232
-1.378422854124326,-0.10180721476138262,3.915610818834414,2.500831027792638,4.125381933908628,-3.938748027593497
0.48288367039347,-0.804494716152314,-0.33386457602312114,0.1365985574190575,0.4680440524158666,1.460532662437859
-0.10311394980281259,0.0612294340695657,1.2930328135656959,1.1197148895062092,1.3296422235574739,-1.413806489516244
0.4244279538922007,0.6568358576866122,-1.6860295850457017,-1.2165523994607133,-2.345722912938279,0.8889915432507065
0.07657786977945161,0.9820887183449776,-0.1541020523228015,-0.12490884692042312,-1.0856985524641862,-1.099745659958126
-0.6642870736233403,1.866953180644445,3.0797162114403873,2.379079152911071,1.5589838387780168,-5.621945320631896
-0.5139317432487317,0.3702732430645918,1.6295037434477604,1.123336356959068,1.3437482394855973,-2.1867180031426563
-1.3984464592196248,-0.7633675705741613,2.60186214762981,1.1906391897812516,3.3220389268051154,-1.6800461478255493
0.12811969548394522,-0.33219137912490665,-1.1083959601169329,-0.9136921288080233,-0.9366710005610973,1.5639151035997418
0.47143794077384105,-0.2344737601769154,-0.4667227595383772,0.028271745051455147,-0.24780961598522486,0.7242049480726046
1.3807362172337792,0.47697151390192255,-0.2962236797249239,0.824593540150865,-0.791796400799471,-0.3332123653042064
-0.8294413442549298,1.1154549083325238,1.917872661886997,1.150280434164878,0.982467500303224,-3.4138745300437727
0.5711251529744085,-0.048814557751122555,-1.8148932623779634,-1.2023352902803652,-1.9041146709451235,1.921084803369958
0.22526085185987962,0.26138374540198206,-1.3182484751917778,-1.0567942860116977,-1.6586710413527943,0.9830377373121788
-1.92305658469056,-0.6643947289960883,1.0066383492833546,-0.6337512516043633,1.66481860105842,-0.21532639371890103
-0.19490865429948118,1.270401935158454,0.13479478877307527,-0.023973936514120896,-0.9750453348490808,-1.8384013709116975
1.4813732834625266,-0.5988085813526303,-2.1062893180128497,-0.84191022463659,-1.8591037413209843,2.919550250639525
-0.7300093908268467,2.2329630624955663,2.4406820828110174,1.706550693478765,0.5679059296836295,-5.437394321791385
-0.04299915802061877,-1.3704567000034138,-0.5379283602612729,-0.5962089703299092,0.6941750816526917,2.337733832034684
1.0332146558107864,1.889517099837647,-0.7008470629317338,0.168714684578046,-2.412766973620803,-1.6581667765112589
-1.1142259230443834,0.10369065071349037,2.314801597862421,1.2448299035912795,2.3073790521074335,-2.5482797790781335
0.10585117607794231,-0.9975362698598503,-2.091162932677083,-1.9094176357924366,-1.3507713802140113,3.546663297592068
0.20233464405905188,0.19099002353183742,-1.0388842193343084,-0.8454200770335414,-1.3587817724284226,0.8306643885851497
0.11948456999110388,-0.26049980478410667,-0.18631689563928064,-0.04626306107401938,0.025994747847074295,0.4978014963478532
0.05254539065002359,-0.026038593265631807,-0.30140858996433,-0.2509110630142134,-0.35105361841045396,0.33604003474496624
0.2806631522909293,-1.188091069609383,-2.4013300574333867,-2.049476520121373,-1.4636870308905185,4.088110362973487
1.5049192663178401,-0.6134950057342624,-3.971715981535768,-2.3547871459780603,-3.5947289302347114,4.819669138459459
-1.10124680531145,1.8408131721585952,2.2345683491907944,1.2154132199733907,0.6514077469113791,-4.662140430452833
-0.6237065864075363,-0.2961362924927461,0.2991641125883104,-0.2213713275566317,0.5589305083577254,0.08215043896572166
0.3191106506699227,-1.7568981553035505,-0.17789044776283633,0.025241704622530385,1.3523127852001497,2.222685778859303
1.142790865554099,0.6166929083148167,-0.9908885814245554,0.014177824194574327,-1.5715276287883588,0.23052345142711325
0.020432818065699458,-0.7015895957134753,-1.425689430434586,-1.287718742700519,-0.9234161333670263,2.4634764860715173
-0.6991037598344212,0.11898706173001505,1.0037099957724642,0.37831258587427924,0.9151965648086898,-1.153417725632797
0.7028575139028883,0.7774295311676307,-1.187568222932932,-0.5909525840762035,-1.9459094419638863,0.22801610796207147
-0.6671330968645923,-0.9022487405786337,0.9402329967796121,0.23028870124737638,1.7438105545494345,0.16683741862788612
-0.25180435080163627,-0.5087954513021933,0.087079417642059,-0.15437975685269661,0.5298550537218463,0.5744215668109017
-0.49459762029040955,-0.5138550839273636,0.04426709980493082,-0.3756763144745762,0.4969394693354055,0.6365773044337922
0.6212838031728818,1.0604255275846854,-0.5478856069787765,-0.10071215163797452,-1.5852285303637144,-0.8501905253193737
-0.16072894388204484,-0.07741564085570211,-1.907357113694965,-1.8988985689727682,-2.0711719157429167,2.0487752187071036
-0.7690196794943241,1.0771622977082476,3.164641153062295,2.4159533144911087,2.4270614621710034,-4.694590712595646
0.15380279963875854,-1.2901861391494893,0.9728659294399874,0.9758330662871648,1.957870238564927,0.5347682949283881
0.46889847399757845,-0.22625662613764008,-0.37981388944384076,0.11155130426642702,-0.14492411139774933,0.6218189821443125
2.006063630151786,-1.3374756809042945,-3.1230043995638295,-1.4135503958796607,-2.1542332509430078,4.868245022132248
1.922246291053174,-0.019566874744870257,-2.021613187264302,-0.2607512309620157,-2.173930788920862,2.0115899757374103
-0.2029549948457812,-0.3361176275653124,-0.36036015016438694,-0.517982103835141,-0.1761826758863794,0.8307487354392197
0.3997381410136038,1.1540148178950842,-1.4555614595222601,-1.0356760547330681,-2.497106697018674,0.1130775168501564
0.6241306790654326,0.8558592102327861,-0.2980652091638927,0.12345589747298649,-1.1646945244839002,-0.8508819289212584
-1.6574495040454678,1.2763372008907827,2.4916007988253384,1.0551830937377762,1.5491021107762895,-4.164435303819425
-1.285016240133219,0.18135827366926002,3.142016842975808,1.8910293526936695,3.093244779409269,-3.5367781031252807
-0.4317685862275975,-0.8881042782062392,0.6335217213777594,0.15612896428844175,1.4192862153543933,0.4654021453577496
0.7621654919844003,-0.9335711330116778,-0.8366595003995596,-0.14853827568215042,0.015534215106529421,2.088457109457479
0.24038591837833356,0.05080203923521181,0.7208497883423091,0.8789734846103668,0.7574190794234527,-0.8317874732937286
0.5992812084073496,0.29575243292802444,-1.5399070539649922,-0.9371518387057995,-1.8887725659803236,1.184455196316404
-0.2944131891483326,-1.9097428126441767,-0.976815002936402,-1.2056206997045102,0.733718590886816,3.3474016568384974
-1.3519164767780414,-0.09892336382723388,1.5882308320223923,0.36302705783527733,1.7318008047191533,-1.4835079819188781
-0.275285038158254,-0.8026531639031196,-0.388277935524189,-0.6120635683092419,0.2689324919049385,1.4971264263999633
0.024398416940879068,-0.33554675674650297,0.5775238266286755,0.5561526590981164,0.937625661586728,-0.168967644272255
-0.6591895967921227,1.8565886638381184,0.8298173548725564,0.3091613979304239,-0.6936783881475362,-3.334833094759509
-0.798874564795051,-0.2784344904050564,-0.7933686104764149,-1.3770130750791405,-0.6555030781138874,1.2265695043709124
-1.0168094585556973,-0.9897487047352093,1.3781131278442031,0.35639661724489374,2.288375153496093,-0.18424779931926866
0.2927065812345768,0.7377909517259797,-0.05636831706798827,0.08764593048044361,-0.8089243003372492,-0.9338434974490344
0.4047989931309985,1.1935923207093366,0.5323820994909556,0.7876475312278224,-0.6001540466488398,-2.0861289207901876
0.47068892977437443,0.6101835818992303,-1.267907649190998,-0.8324669169532061,-1.8936645919028567,0.5125103578564308
0.6401108812219518,-1.2933073426473107,-1.7442589168627984,-1.1329839114334856,-0.6836430419293231,3.511945021295291
0.1430051832757881,-0.49278714317502126,0.13758785220146094,0.295102767164717,0.6215544532962068,0.4674730558345904
0.7837001763526109,-0.23524546983561676,-1.506961571216519,-0.7592573375571907,-1.4828774311226924,1.8548289132420819
-0.0010529481662565178,-1.3313680704997601,-1.9249385683480447,-1.8381560353064057,-0.7810924305481436,3.7930404023189164
-2.175894367280681,0.7769900267472815,2.70226767153184,0.7776409356111039,2.237370505991064,-3.691025332574835
-1.8374964042372548,-1.096260075308258,1.9116963244506675,0.23005670869048894,3.0014272106457947,-0.6119615932109809
0.21341291607672092,0.46063521868643953,1.3290579826262274,1.4639341993045012,1.0594851784185906,-2.012617433140206
1.3012999667941558,0.03610324509956661,-1.8531952401857028,-0.5973626656900428,-2.0507445673576945,1.833144664951071
-0.815405980538883,0.2575621263871341,2.0333387777310774,1.248661744541348,1.8931662256965855,-2.4502584756122965
1.307175978756985,0.6078853961255244,-0.1762357057141318,0.8701108892779499,-0.7836400219605264,-0.6696622034527054
-0.4571669091996095,1.218773612093427,0.6227309726835651,0.24331401950150183,-0.4443507509240689,-2.2509970346141785
-0.2618865893092879,1.1597623734012814,2.228724012886334,1.8969923664354795,1.295782445914518,-3.836745772718818
-2.647951753793781,0.7096461217769326,4.320302480522152,1.880669954615286,3.9422916429020183,-5.354414407564387
0.4508415818345302,-2.3958583604313852,-3.078771491352244,-2.546821735390933,-1.0256784174689226,6.0143143463661835
1.3159177823601398,-0.6001303442498117,-1.7609360178818865,-0.6444090307901723,-1.4700098858613417,2.5605202419397655
-0.11163744936432214,0.6827769535652553,0.7879296965006763,0.6509071503134003,0.18985856377992483,-1.7232034967278536
1.7567430838838505,0.18543653636485158,-1.4828636149370398,0.18430601532322358,-1.7473694092684522,1.1981387127931329
0.6024592584900793,-0.2075706238574479,-1.26611437369878,-0.6806558527213517,-1.2496181778778994,1.5736925130826291
0.14341731087597678,0.25181210315540725,-0.5466104591733449,-0.42474072599857793,-0.8668098750609882,0.23733456210262277
0.6323698509498938,-0.011517332205496637,-1.9926401151260587,-1.320604975013595,-2.123793735952224,2.077856793578651
-0.05319397140744471,0.21570989900218399,-1.3025194338211423,-1.26238430608436,-1.6426702668273878,1.0504659345032943
1.518687361387614,1.709168724395127,-0.367978855971226,0.865041931121191,-1.9287462050504411,-1.7817436204140737
0.7168014779179861,1.7620672746241044,0.3255987408008677,0.8780644310168008,-1.2941515153412835,-2.5223516745147334
-2.448969167807782,0.2733938539276059,4.717686787538945,2.3852870826377437,4.658946925886682,-5.27828715386322
-1.668844352949502,-1.1327955341979254,2.087126974846066,0.4994991774521322,3.182216462934435,-0.7511626260102113
-0.8320531023681448,-1.3612237385792736,-1.1804913875289638,-1.6995558959779258,-0.009779927009533475,2.96128485735926
0.7464776451409374,0.40997356501888027,-1.2209751711546684,-0.5379430675312818,-1.6666498770932112,0.7208065511401446
-0.732536262869033,-0.6581153606571322,0.5647866260401605,-0.11383541608091516,1.1684261051289393,0.2775495613668721
-0.33530891202388763,0.6094783253397748,0.7593233364708679,0.42995237915441137,0.19110371366744286,-1.5318701579886478
0.0065697827497828605,1.23539976868668,-0.42967618577835115,-0.38077928408941686,-1.5004618759860637,-1.1525784512307187
1.0734909778931483,-1.478799405345153,-2.690672792002746,-1.717351341998954,-1.552090517988993,4.667234506698903
-0.957459554042623,-0.7725981693148886,-0.4057105491662777,-1.0900029348796556,0.37365980099984547,1.407384926028006
0.3977591736814126,-0.6160257858296938,-0.9544444342940297,-0.5320632955692208,-0.4996396022170346,1.851897576278302
1.1163108517859126,2.218694181596797,-0.6511874282859774,0.30653814324848666,-2.586699369460379,-2.0499717214903765
-2.1555831649681667,0.9537589475006206,2.6696785630630395,0.7819442878355404,2.076521178537549,-3.8742762328905105
-1.0661168734304245,1.1487900318983757,2.094082159566363,1.1490311937502953,1.1618794090124673,-3.6380913224665576
-1.6295184671578054,-0.06678734368943054,1.5890139206866218,0.13998143885076453,1.7103785299250223,-1.5170562931082516
0.6984898688300565,0.07379468295047253,-2.1263813771908078,-1.3835656477942395,-2.325366299044438,2.108213936478419
0.013907720437338268,-0.7511032990406614,-1.4226902417078888,-1.3011539211429497,-0.8739965379131929,2.5316909542500885
-1.2737972567384814,0.8686202085382101,2.8227453454825926,1.6635754744771256,2.2705271574324266,-4.029471988807945
-0.60014293425419,0.09988219315227748,0.7722982861476032,0.24378826204747153,0.6701150972932397,-0.904177942710155
-1.60522097534592,-1.397890797138801,2.2770019213513657,0.6783056513539005,3.6072996977978278,-0.6526611395429004
0.34523093494046553,-2.103110045390323,-0.6048755278077937,-0.3588937047117393,1.2585349060357884,3.022374420984978
0.7507909164927495,2.2838713980604615,1.5378845205753409,2.096855800524455,-0.4182316314877695,-4.434591118850379
0.2183415458980859,0.48710827563887876,-0.5473059119458438,-0.4010787318510762,-1.092905652242077,-0.06315329995482606
-0.6160614792253151,1.1908773244017636,2.6035771952060087,1.9827658746877403,1.675265687206178,-4.260766957938074
-0.45468031053347385,-1.4452742466388762,0.18241805651259685,-0.28474909235398393,1.4709379722341611,1.710866042888098
1.0867672020426196,-0.6121003872092926,-1.3331606921449286,-0.3368207908815235,-0.843779881102485,2.0512563094699092
-0.6958413610876,-0.7197270982260087,0.8721355677158367,0.17716767776298126,1.5232896716286484,0.02656675102029123
-0.8607017357264816,-0.0024627548411691007,3.9966625431385876,2.92797899211438,4.0749202510946585,-4.056811547045624
0.41408828232066114,0.7812174091502689,-1.5416440063402395,-1.0935107170063605,-2.298575711256738,0.5819589601969894
1.3679891527614823,-1.635317277687635,-4.0322441703188,-2.5892984055684707,-2.638260424380949,6.040872621177266
-0.20497090103231566,0.9679092002618379,3.0387272903419915,2.6328306253278093,2.3592256759236743,-4.322664809333345
-0.7459539857199674,0.1405451034523938,1.1403410675126942,0.4671543201312307,1.0494526111524223,-1.3134999518810124
-0.447818565122566,0.7245045801230494,1.8197596297959528,1.371380606174818,1.250972287886773,-2.8394194799988295
1.4214321865512063,0.08783403706114233,-2.163287109025642,-0.7611007726839352,-2.396512560750256,2.0845962826978623
-0.6371861460731092,2.0329817314139933,2.2171490210396274,1.5698184522343686,0.5044827337135211,-4.945650012466258
-1.3186620119076564,0.22177131464045605,1.493452254921593,0.3240491883621488,1.405700473830085,-1.7401036083471302
0.0023678302675428885,-0.6398094563682822,0.49504925877646955,0.4821874074313036,1.1401793159179894,0.2957651239216653
1.2822726897490686,-1.1376603667396865,-0.32210457872500553,0.748904382914383,0.8710958205126795,1.5229103994845663
0.05734144874325155,-1.2417425021889754,-1.6450552876161395,-1.520821485821339,-0.5622682411685579,3.3967884863436564
0.970472602920405,0.235074991883448,-1.4930243856484555,-0.5753014425770061,-1.8099372979554222,1.229630416369275
-1.7803229434041206,-0.16899194652186453,2.0896714328735118,0.46632944133645376,2.322307970888551,-1.9037167966528552
0.8158074327353559,0.1345497305033789,-1.8105564617628631,-0.9947022139161082,-2.0547356271610724,1.6897206353498462
-0.4738617508457863,-0.3487334777537141,-0.03999287802254673,-0.4108865166629615,0.24278578519759925,0.5023599351316139
-0.10504188551671646,-0.8555317555081448,-0.33282574321568315,-0.3875274308870464,0.38660630649388983,1.5107190114413673
0.16198966302577752,0.7452799572354709,0.20708399101477115,0.2647094107205965,-0.5161361082193759,-1.2217532426918623
0.16095535990225646,-0.5608732447008943,-1.9206536478784713,-1.6947087858825223,-1.6692015398312907,2.8339234358132455
-0.3675803720578974,1.6353916785042664,2.546536086536496,2.1021671228784737,1.1905743745519926,-4.773678112530472
-1.236935440422946,2.948121266284144,5.100558389067041,3.8579349249357375,2.774456500522334,-9.130615683867152
1.2335680070600339,0.42050520604009634,0.36132962052956036,1.3285184002526274,0.01648964175009675,-1.018506050492674
-0.789527707915383,0.866510153837582,-0.7796167664830067,-1.403833924088441,-1.5596700347957286,-0.08651611416058086
-0.7788706715911704,-0.3265110504086854,0.2766873687972483,-0.37048972131564806,0.5596672080257651,0.15280357418048895
-0.11169594546892107,-2.3082591858354005,-2.3547965891116873,-2.3380024236821697,-0.402885423529256,5.210671393262813
-1.411064275043392,-0.665462636717019,1.2644591356451895,0.012844586023083762,1.9151191660935458,-0.42847844450891276
-0.08612273930977855,-0.8462747818682451,0.9692034417075003,0.824401847116273,1.7378232424307858,0.027706892453746853
-0.42018275338426253,-0.21787446883967262,-0.5514145379117095,-0.8548628671996301,-0.49926506744266713,0.8876817419182987
-0.9264269634178627,-1.4096285845830603,0.8270044348484344,-0.11147379356592733,2.1459424210953895,0.8949844404793617
1.055104045380901,-0.40818381355408767,-2.606825253435609,-1.5168142272531246,-2.441098524674479,3.200584437770553
1.6133300741624121,-0.5823728837206381,-2.9240593392077967,-1.4275927069427048,-2.66812661534272,3.721478715171406
-0.21778610852902047,1.3616047588812534,1.6755709398451923,1.3989256748458763,0.5173006527835649,-3.520865055110186
1.528788437297491,-0.20863560966301603,-2.809487000477101,-1.3193515294964504,-2.851636596650717,3.121753073460541
-1.8786912615601346,3.0621296595238987,4.338859331136042,2.60790345260489,1.8409340649427435,-8.435635570798885
0.6317919018548038,-0.4947685196627279,-1.435172113201169,-0.7949143397080921,-1.1352047089921566,2.1411244798810802
-2.022638782610999,1.7572667332198264,2.8857556586404183,1.1204845381491435,1.5340078051789028,-5.153755770679176
-0.03397057082482453,-0.5076119525740524,-0.2626832855238411,-0.2575144708435279,0.13963368855281738,0.9205379738453741
1.7347024061143528,-1.47229805912246,-4.886078620285418,-2.989975033001536,-3.6386120424120127,6.634700192274381
-0.849000190113113,0.4466114284728169,-0.056553701121087055,-0.7221383241809217,-0.5667431824982813,-0.46214101988518136
-0.8084751141314758,-0.3284398864947172,0.915530190073898,0.19497154571076633,1.2597002898232852,-0.4918054622618261
0.07397711743744588,-0.790152000591085,-1.3937436711484716,-1.2410646428725873,-0.8110408299274451,2.5605567412398753
-0.4282408197299693,-1.566330378988334,0.829455168411679,0.27508662522746213,2.1322077027670643,1.1198938760070798
-0.04617076871990521,0.04831631757422059,2.8240244235466054,2.491073600499686,2.823450726640987,-2.8428756142722436
-1.1549660071714105,-1.187695657351082,-0.3444122160707419,-1.164919513573718,0.8059160533096204,1.8022042814557302
-1.2765916718296766,1.5447781408039096,1.1050355234266753,0.09542460378700603,-0.19521101193108656,-3.131967144805849
1.4020517856067647,1.2143069684947903,-1.4442802451876273,-0.23029670854779494,-2.599848291348266,-0.11969405052460577
-0.8162511022842635,0.30891435863423566,2.440637510722875,1.643117257224992,2.279247193365516,-2.957657310727337
0.05331350603006653,-1.3795030218579942,-0.1734115181226066,-0.16486950608284265,1.0550739385719887,1.9166941130240323
1.8143396702997563,-0.18271313461617222,-2.539897223014774,-0.8750543142112446,-2.6262682522508314,2.776908042527201
-0.3260571889248307,0.1301516195231624,-1.1308597040469834,-1.3201596793462829,-1.4010167735514993,1.0232238447552828
-0.2532886024242729,-0.1752275812834116,-1.9163406028538381,-1.9726882541274884,-2.027583052073443,2.1825890312600023
-0.9803401763065465,0.31349162588746926,1.4776693194292427,0.5891460369281303,1.2831416211227566,-1.85621093493762
-0.990115077765857,1.1249704541714864,2.681827604759274,1.7671024161061937,1.8280609467302282,-4.237552888913513
-1.2797027499165883,0.520901229533013,1.7154116589782116,0.5774092690012105,1.3549789088956188,-2.3698385338310266
1.6014690244132546,0.2211342270357716,-1.3343995252319583,0.18503097662713203,-1.6336474022710588,1.0055032881294144
-1.911060542952983,0.7061257541353089,1.7404189064711075,0.08867244958107194,1.2812126151612648,-2.5303259667930105
-1.6246174283358592,-0.4312557864039143,0.22402477570481705,-1.0917548208631946,0.6547834416036761,0.33629158795549696
-0.4077544103560519,0.7460613020940488,1.4929866514237096,1.082836083875475,0.8670966337501856,-2.5162208206323915
-0.43262877382489123,-0.4538767983638403,0.5801940864751365,0.16030883665836138,1.0270362226911185,-0.00818989697569919
1.0537955935708219,-0.6387780969959899,-2.512348006747199,-1.4876964148149783,-2.1679945966230743,3.4095091508353814
0.6337318138736384,0.0820310670858403,-0.6339044000220388,-0.05373020628318464,-0.7522416852074286,0.45746741987069367
0.19822025567054877,1.635047441199482,0.9241886033190163,1.0205782003335377,-0.5345304533844741,-3.0653788810766174
-0.2537402095790443,-0.731298904517425,0.666401993005034,0.3729081896301421,1.3413081581847341,0.2291344979727853
-0.5268281399458123,-0.9160096681091934,1.7725306497665834,1.1387089680310887,2.5857408954555465,-0.6935204734021739
0.4340822508097191,0.6120347307698004,0.5454005172906817,0.8297144873377565,0.01188186111903218,-1.4990654240822883
-0.1333971463710625,0.9608055929280255,1.1557368298101736,0.9804220872171439,0.33141730859890745,-2.4670361321852408
1.760008248644276,-0.4523052194419255,-4.566250267464212,-2.629057294992136,-4.307099649793555,5.191955561995313
0.12011494730971455,-0.5698104382499889,-0.062160936145627926,0.09352446205976668,0.4666792459339024,0.7795124965971201
-0.3596926304817476,1.5116002297437272,1.4386991705424454,1.06667320777203,0.1563241610067606,-3.4777773360603046
-0.5600786271726543,1.5182099746651005,1.99662585717625,1.4142194521314906,0.6826348800177964,-4.018274025866692
0.12825134247978745,-0.1161482075998888,0.11545415882036837,0.21929745821687957,0.22175813179944345,0.008061466745034464
1.735770714958162,-0.1580560059701819,-2.0550586891879896,-0.4952826577161026,-2.144922377768254,2.2424752774566454
1.5483586334497108,1.0281770842270255,0.16807571917435665,1.294555025907903,-0.8847562386466761,-1.4975690284912933
-0.27674597364068637,0.9593019747216249,1.9127720932220342,1.58462828178674,1.1309507265671135,-3.244436107785121
-0.17704730672082256,0.5817598530078316,0.407725077862823,0.2081394758157291,-0.15467028632223676,-1.1338712368605757
-1.1943688519672715,-0.8317584768412963,0.044803165959008295,-0.8956562857090044,0.8564232884399037,0.9834203119045842
-0.22502725039486143,2.1507183244388406,2.2798414438380616,1.989071791454486,0.49863049679363675,-5.172098378976206
-0.7082412529826417,-0.3157167742500085,1.5609275402269431,0.8551960184749333,1.9173846621515362,-1.1815511729897614
0.5599751704359862,0.8799422165269949,-0.7905152769273038,-0.3684212460522427,-1.6373142943383636,-0.31247180918924905
-0.1692085163840874,1.4011778985535257,2.8641928325858754,2.5480495273311705,1.779576530329896,-4.780739348531163
-0.1116061793399002,-0.44376686286359157,0.362954727656973,0.2294622504452625,0.7841216932741407,0.1919145750226039
-1.6047365688715631,-0.8948369645253194,0.10852188909413658,-1.1222371936203634,0.9897020068955351,0.9461895679848167
0.6524980977750653,1.0559665108625964,0.0020714948422279524,0.41999648271839185,-1.0592796385356782,-1.4553036034542952
0.7347717878757614,0.964450358035546,-1.5380619089785432,-0.8857623842278753,-2.4550826864206914,0.3611573881378535
0.3529516817940767,0.566773848496158,-1.6372541481583767,-1.2242128395415692,-2.211990507999817,0.9324838174587087
0.013077796759843592,1.1966419953669847,-0.3912489181793742,-0.3478324368080251,-1.4399367306414779,-1.1390906234960494
-1.0286622228689295,-1.0521254903977637,-0.20750018215187627,-0.9736515318119179,0.824623103660656,1.508623927196108
1.044022089543277,1.2978685299783133,-1.7782900992816206,-0.8920575328774896,-2.99524811328855,0.2197492971329406
-0.3620296897614146,1.1545612714173648,0.42428480949675124,0.1211061434628097,-0.5928964569977809,-1.9488527268871363
-1.023729605810649,-0.5245716430173656,0.376399471337165,-0.48330627558172173,0.8761957164903535,0.32001320068891287
2.1264178415694333,-0.047870517565165194,-2.700860595716804,-0.7454007185388479,-2.869578857814628,2.75349397994819
0.8511717892072732,-1.2053448607656365,-2.110807408732625,-1.32958946391364,-1.209142794428734,3.7463474909622505
1.2895774376713132,-1.4296560041154056,-3.0714932924454956,-1.882399535347136,-1.9933692091641029,4.931719637490479
-1.9715152594472303,-0.44750718603752293,4.352388744208689,2.388770619304836,4.877046742826365,-3.9216801022801855
1.0508014932686631,0.16664765084688563,-1.543171890646584,-0.5401814599959388,-1.8202200932515697,1.3507497778701025
0.44105760577373776,1.3470154680400939,0.18467923124253466,0.4966333704183776,-1.1078549388965855,-1.9006578683029574
0.15172439082749886,1.1004973434493432,-0.7446346982566534,-0.5694375045985206,-1.7146791953194873,-0.6008134366173068
0.6581321739955431,0.7603494965027556,-1.4841429418981724,-0.8917373535071521,-2.2344027216835047,0.5540414006427902
-0.06830997238173929,1.6508776218745094,0.17705634162263936,0.15325033965850812,-1.2483928682200145,-2.3872476324008494
0.3134676234550786,1.1723017372119824,-0.11238154307972538,0.11254654288624759,-1.234044004956965,-1.387221222644189
-0.9737559719446119,2.4811548868508315,4.5770173554915585,3.5756377279602165,2.6422430711215945,-7.995217511550748
1.4763378842320944,-0.39215571461298215,-2.091080295334085,-0.7911006700102428,-2.0111179222517315,2.6330309101041305
1.358149868789135,-1.2787539220604358,-2.3909960791401215,-1.2137424473284266,-1.4116556897069754,4.028514529780718
1.6275476611313135,0.6789439685803187,-0.3685603376031876,0.9572509480625858,-1.071988186795149,-0.5491579003006778
-0.9388513270280269,-0.6478744860320174,2.3161972702594706,1.3089821656382306,2.9299688103455095,-1.5554376015969988
1.358971181429656,2.3532801529365823,0.43720836578221617,1.5365482155781063,-1.5507433160323383,-3.186323403583749
0.18242998828473433,-1.7918372591275358,-2.4433898792013493,-2.1704738674933934,-0.8870430134757279,4.813068607536626
0.31467146905304555,-0.5081502591141321,-2.116704377921739,-1.7382962177485635,-1.94701704396989,2.95152970358263
0.30468840734036307,-0.7286052559177935,-1.2925781484612637,-0.9628728848699377,-0.7643430925595652,2.36978861905717
0.009442707910091382,0.6192124794761625,2.149299799744157,1.9691038360926674,1.7092534442192286,-2.9591534346001405
-0.32865330326476605,0.8313049553046479,3.258365957888899,2.7393898735062234,2.7290516758096652,-4.354476591309838
-1.480567076263285,-0.7219126790380803,1.810461032611526,0.44138743231626354,2.5158500001698023,-0.9200556792415322
0.32636466555816745,0.06855185943192275,-2.5618506561879264,-2.08775913052142,-2.7284274583082753,2.437063492051838
-0.0792155939264097,0.01237175964156439,2.3517761545041784,2.0795890507454518,2.4191187202196835,-2.3690980064927025
1.3793392482311218,0.2479241641296904,0.00677625148541321,1.186070958260464,-0.11150661088565376,-0.4380541289204712
1.596897480634305,-0.9945386461211478,-2.7876471108589986,-1.4060712533968356,-2.197933849949111,4.124134540104375
-0.0007499751050890815,-0.36372439224680597,-2.602930317196476,-2.329329613345286,-2.4822314852745606,3.0001361192993845
-0.8365709402341188,-0.12609002908388334,-0.7199983333054999,-1.3344650999962349,-0.7259507648913046,0.9347223509652632
0.2422128501265963,0.10034434021913628,0.9704611472967276,1.1322008179207095,0.9884787586601884,-1.15568820422934
0.6544526039435952,1.4094351518048511,0.35062509234940825,0.8026528675960396,-0.9920831791095003,-2.149579817886073
-1.2731637121891117,-0.37141821245557255,1.1547658311762978,0.028068500160708318,1.5074071661420947,-0.6688748231828903
2.9710908998865753,1.0649318393133957,-3.380849377756858,-0.47109253773703447,-4.315257598040387,2.1739370517417718
-0.8574307734446223,0.9969770795906974,2.887746067118829,2.079379212008125,2.175051918516686,-4.308486112832286
0.8444688050900627,-0.48542884794838015,-1.784562921480593,-0.9837921003141397,-1.5575772607602374,2.4773651422144294
-0.3740005498376072,-0.1955645545032246,1.9105667754042202,1.459116153213836,2.1660061378632185,-1.7230690438973177
-1.6940194275907337,0.21372741785151333,2.7560537180021694,1.1813430000223422,2.695677053431183,-3.114168744630207
0.4847498531845135,-0.18837980519986175,-1.582869895053462,-1.0862235898171695,-1.6225396847713451,1.9034739836270784
0.3746657771657619,-0.06385234052138712,-1.7738129447280364,-1.3381900726125509,-1.870038602927441,1.8875405768675872
-0.49455951110940255,0.930145279494343,-0.2968821749228167,-0.6564625632403804,-1.1232100686065287,-0.8398188317840309
1.05028346202932,-0.7104828346777077,-2.461002391785661,-1.462999951922697,-2.062395116734744,3.4525686471616037
0.3254968311881327,-0.22199813333743962,-1.5546351661553273,-1.2009892448688304,-1.5800673704274681,1.925133158501319
0.5292077759616228,0.05726540398217593,-0.8609370668648263,-0.36154566899992274,-1.0106775332881104,0.7645510595372058
-1.1165823295329242,0.7320701986743736,2.4281516808625194,1.4076014253154912,1.9417506760469723,-3.448342384707753
0.9410252367012717,1.372030830079861,-1.4509538397709163,-0.6533133752213589,-2.7363238288670186,-0.28924830918969874
-0.9667322088693372,-0.20968371917945777,1.1208164862213224,0.25837828887557346,1.355832817891454,-0.8476884217831867
-1.137998910895828,0.4567108043936233,2.0831250708180833,1.0394770724593696,1.807837650208255,-2.7175353957644153
0.3021430041002314,0.2124832593990994,-1.3103688379645086,-0.994283389227653,-1.6097549381454646,1.0430997940740383
-1.0710989252887544,0.5832563668591797,2.1790547977420847,1.1955931196077119,1.7953682064253234,-2.9931147322720184
-0.5152325422272696,-0.8998457309514816,0.5953781683377637,0.038126463871554626,1.3946219570366298,0.5171923064394881
0.40286094933031963,0.21679285548769642,0.9285503388688208,1.2587040861026646,0.8847555850430998,-1.3424091265354527
0.17636950306066643,-0.23279242807088932,-0.483329891910761,-0.26706743978026537,-0.31818660833788676,0.7697425644493106
-0.02093489367547957,0.10670128345097549,-0.0942239595272196,-0.15120150522915055,-0.2849013969006925,-0.02000484734776019
0.4141434809999401,0.9495597505851395,1.3373882359532165,1.637050088224095,0.618889763125269,-2.6970481572632994
1.1358253128342506,-0.25655652065711093,-1.3114399739133171,-0.2892852216634927,-1.2607201317894907,1.6455188182069913
1.3275066333241958,-1.3682897449462401,-5.6083188138823035,-3.745353227557367,-4.163085739499926,7.121205410119407
-0.647082634815274,-0.8189034556990663,-1.703342230203641,-2.018831075951252,-1.12902564797135,2.832885142647855
-0.33739213181960964,-0.665909987746703,-1.594365140594262,-1.7065780589978856,-1.1387522555499416,2.5470117808693957
-2.6544987215725695,-1.368767863869528,3.391622115773725,0.906834092734521,4.828750948974615,-1.876508679311552
-1.9502997164737783,0.8918496139441026,4.234547018571366,2.4243269969300374,3.7129341643820264,-5.553155601066102
0.26733393725939614,-1.4066711886941785,-0.06989547272212845,0.08237825562662153,1.1186967827020942,1.7928689202523262
-1.8190588861240988,-1.3673281150909757,2.749182685197422,0.9458729013049869,4.0558759872736285,-1.1691915807323066
-1.0644038245395948,1.063568207831617,3.8545496026662343,2.8303259242504146,3.1848955309181175,-5.3930306433545425
0.28958382442171815,1.8572223164734964,0.24038593003463746,0.49481008034530666,-1.3975969845470604,-2.6436266760238247
1.2167504683983055,-0.608101123239456,-2.292267925738934,-1.188449652205675,-2.006367667300448,3.138425687760154
-0.09449965965718503,-0.5551021629191303,0.5890546686372612,0.4625981148691499,1.141354812221309,0.0921555730710088
0.7283658694837998,-0.006530336210329474,-1.5781519871798588,-0.8591916602240199,-1.7124089235476618,1.6227654262936337
-0.7183071538021776,0.8999665470048103,0.9972607662384462,0.37711818556541,0.1749367232015447,-2.1594963678581536
0.38973352280306506,-2.1010662175659247,-2.6665961227627797,-2.2368223563650482,-0.8729170286925575,5.337850156008762
-0.3938681210267828,0.8805506819700585,1.288256390037797,0.8807962567639883,0.5022927348616604,-2.4601674236522726
0.29261299787077705,0.5480903910346704,-0.16969302920665658,0.007480829591200967,-0.6986432391878908,-0.5806901420138553
0.2926215246141201,-0.669479057348593,-0.3007848829519943,0.02552899107994007,0.3386924692348035,1.2045105133352416
0.5622302102333844,-0.5452516866580142,-1.3065280546126923,-0.7333011357796975,-0.9444728040020817,2.095203515252627
-0.3433360715563353,0.2554660727856205,0.0601174340786375,-0.25184842937054164,-0.2957292891095353,-0.3649820915933734
0.26591884515260844,0.8708001086013352,1.132555476392465,1.2941563733272305,0.4350601077731053,-2.3965346822616698
0.016382392426528516,0.17246407754148702,-0.4116640587528215,-0.4043415563217211,-0.6771423909407258,0.2138162703455695
0.629853316403871,0.3334700463373749,-2.58296380783315,-1.9097504034789727,-3.028622009420877,2.246307628577476
0.5204900597036444,0.4446589105258015,-0.6957380836363174,-0.29102962347813904,-1.1910693497489977,0.13232246896675764
0.9827457124677614,-0.25767042712460464,0.057531816415988535,1.0114846311795005,0.5140172528451362,0.12594058335401626
0.2873189267345787,0.11891097481555393,-0.4772595415647978,-0.21327648441009725,-0.6429063583988887,0.3185867793093779
0.08346395319933991,0.4297378631121778,0.22944128135983224,0.2260963531479616,-0.1891927003807978,-0.7628568374335816
-1.3355586331204912,-1.1765705301882121,1.4342157633613537,0.15600567298599755,2.5595458143370102,-0.03512759042843308
1.0275641100712591,-1.3445522705484347,-2.161240929404006,-1.2472950380094132,-1.1123941484719853,3.9334124623748052
-0.09716465167091065,0.5191325586973475,2.368602873639638,2.0872906973460563,2.0433292752121877,-3.0379417604073033
-0.7148037487754061,-0.47348484438758276,0.5208012165419365,-0.10642036354447224,0.9840493576125741,0.09800171735267306
0.27745503629634033,0.24699722378881542,-0.4644232503284923,-0.24570123440949385,-0.7680933571981156,0.14440815927096554
0.5457177902763826,-0.3690510137730475,-0.794870619778623,-0.25327411490182666,-0.543752817374928,1.289193771420737
-0.7599934425821762,-0.36853832482766885,2.1601303030934793,1.3544901813263965,2.5655749249684745,-1.7395641410507912
-1.7700035256994016,-0.6266846234095598,2.1676353776243267,0.5288922158452386,2.8006333009632067,-1.435347297395899
-0.6390014543589001,1.1252928500511348,1.3185007374317843,0.718645233104187,0.30132825532905544,-2.7888854039796374
1.1312365758549043,2.4474983706880025,-1.0036084205054006,0.029516707798683796,-3.0909426900906505,-1.9378080868925367
1.171523298709987,1.1304106323455976,-2.062547440016438,-1.0368909979323087,-3.165192679304779,0.7506984467195417
-0.5887289734294335,1.0079491873033182,2.584212220355688,1.9937577359477874,1.8350020494764472,-4.005698868690813
-0.0836628635448523,-0.7303507692880097,-1.223887733911071,-1.1759054489331093,-0.6770440249670833,2.2860152181011295
0.8224438890422135,-0.48852075955617247,-1.7694003136892613,-0.9889419072127575,-1.543051590124372,2.4725911132039076
1.9424247953051255,0.2703462737214637,-2.13316407683843,-0.2716842807372771,-2.5115930660566974,1.7779120475449766
0.2828273623890242,1.5398820520359233,-0.5987868017382217,-0.2977352362838847,-1.9261040104517473,-1.3538706427689335
-1.3969002123123648,0.4662751501998923,0.9995770459436092,-0.19221500833371344,0.6210845854077515,-1.512692092159788
-0.23055605498807985,1.1400112512214677,0.7870753598993614,0.5576614185795301,-0.20584569952119539,-2.324295262092926
-0.20522228350839433,-0.5901487302132199,1.3473644428847296,1.0761330342372593,1.9161695034346358,-0.6644460766496915
-0.912331052628227,-0.06777962916555637,1.1024778810476796,0.29375880403358395,1.2163712749854207,-1.0091862489111745
-1.4279280867373956,-0.8963689190704094,1.7583320087180614,0.4109651463129576,2.61369892633847,-0.676075062785973
-0.3078122229316565,0.6565172676030979,-0.7814019988503808,-1.0246964290245526,-1.4698193666843695,0.045070151629520536
-0.19463360113744452,0.48906976138910646,1.406057593639621,1.1572610672718056,1.0026832433525479,-2.1081494117573105
-0.5376832794387868,-1.3285586831789071,1.0721020743830125,0.41476403292277886,2.218152560185731,0.5460129482152175
-0.7023219717600448,1.1292557891062949,1.8755250838024464,1.2005071083926546,0.9143869110979392,-3.387632099930605
1.4229083078508111,-0.26899064254645644,-3.322102128030381,-1.8189829771301935,-3.261298258464233,3.722659401464909
-0.5484567262138494,1.2178227008663516,1.2470620257926286,0.7127803058288352,0.14266150228040317,-2.839341610677803
-1.0750949586855947,0.7406838105364063,3.354250388263518,2.333482137740765,2.9178098930794296,-4.463135888913375
0.5720168924129688,0.2231677227834709,-0.9179294054725302,-0.4137388138713189,-1.2163861165887269,0.6364363000146069
-0.1749568378262009,0.41494604754111264,-1.7560289200378367,-1.7514593178011877,-2.1599519558405142,1.3228383794669059
1.2582547651275022,2.090147487503152,0.29802262581368105,1.3150694370477414,-1.5086440879721232,-2.8034440898038744
-1.0267346135578836,0.3813097326203015,0.9242264270468101,0.03667468357633305,0.5866802643954491,-1.362553038306178
-0.02798496165696754,-0.7632832513548891,-1.6291210694740743,-1.533592922898255,-1.0706524123363945,2.759345805425105
-1.4044570754594918,-0.43515710517450423,0.5545818133258673,-0.6236511333372209,0.9586625142191951,0.017942256754950522
0.46683145289811384,-0.3688661551683686,-0.40846071145648144,0.087735111450582,-0.039993385119371866,0.8659912406537301
0.8416437815913199,-0.7765712400263948,-1.3667789329659756,-0.5804694221307393,-0.7756591370108527,2.383565718593275
-0.19388376535000973,-0.34558987300937977,-0.19320508182401638,-0.36668345185404827,0.016684632506253082,0.6732426384575182
0.18022440790787386,-1.396787422752618,-1.260839866913397,-1.0912073279816392,-0.07006015025512408,3.137642609455555
2.16007180475613,-1.5007984741787455,-5.553671915305766,-3.1974305674024373,-4.271618498269114,7.219899454959533
-0.7754925218025293,-0.41886724304288664,1.2082935165848032,0.47320698816835616,1.6326235493174532,-0.6874266022269772
1.5334114659514708,-0.3154824985064355,-2.762761790691109,-1.2980235247976124,-2.72370060952689,3.2118646453289967
-0.03217685387028963,0.7682655490550802,1.2043886622575366,1.1140645000555014,0.56567526644468,-2.279954571078933
0.43207063288066,-1.1722830537543634,-1.046922700033178,-0.6623320783229815,-0.06940048326110212,2.65281085811875
0.49011550782290275,0.8472661293087338,1.2177561775728851,1.5811909061675253,0.5699560772987857,-2.4608648421604213
-0.6116716204823459,-0.2418242616613501,-0.2214118405716153,-0.6873116499534264,-0.07697527165582878,0.5453311708081057
-0.7512797181150767,1.345830367770091,0.11133815770718553,-0.4198077740169788,-0.9689031713420031,-1.8421042613123997
0.9885773483956456,-0.6333498206877258,-1.3865649804825542,-0.46924355590706834,-0.8994758323661645,2.165427519221579
-0.8109547734493621,-0.7470564625907513,0.17069494917468594,-0.5270250875770023,0.8817463431678679,0.7919535900992811
-0.47112714030761693,-0.5341028976839945,-0.40989291689326335,-0.7830695325842916,-0.017741176288112424,1.1752710604239143
0.6010681972653446,1.9265693451692432,2.289695744097735,2.5642891676465256,0.6084432860641416,-4.680741687115917
-1.0740191639934962,-1.3205254951468122,1.8486343384318111,0.6881129785369595,3.0586334099757866,-0.3002195992169189
-0.11881517551913312,1.2344353786839724,1.5794736351013148,1.3950558624376772,0.5441673967565697,-3.2705558579700216
-0.29488684580612673,-1.0506716201954744,-1.255447442820217,-1.3937996392838201,-0.3186879252541443,2.7521400243569114
-2.1486216181030073,-1.6083437855838227,2.37783279912292,0.3548653268610614,3.971804803091452,-0.5230672159376315
0.31971751601839277,1.4671513535690166,1.3452388112969502,1.5418094143655747,0.09292450673983299,-3.3173571777350945
0.12922418549215142,0.4363371474379799,0.15792414497528245,0.18466176613038968,-0.27848515103774213,-0.7071790997429208
-0.6213465803415079,-0.7674583868739897,0.7802313981134884,0.14174850833094582,1.4668743290812418,0.17606853739411374
-0.841669590021507,0.34654138530377465,1.6213952716413165,0.8414436120177026,1.375314985051367,-2.1024872082326733
-0.3627991253044951,-0.888436730400572,-1.5896061034704034,-1.7500147232035461,-0.9040091802647885,2.8586004946328543
-0.8764096521680155,0.7768969195288037,1.7640097231152938,0.9819128359992756,1.1355938799325034,-2.8281434854601697
-0.7195769695296581,1.3785541274872926,3.9731981847894122,3.1922271877683985,3.042201402920233,-5.891275635505135
-0.6354599235331613,-0.6845211426893323,0.8507937340794052,0.20942531362559144,1.4747912900892939,0.0019472334068948612
1.0390292489056248,0.8441026998574276,-1.0960268462817782,-0.20701581695139518,-1.8812953230328018,0.058703306778766985
0.42048277453111854,0.14293736883230973,-1.5524833418732573,-1.0847631117479797,-1.7580581160243693,1.3622739073870773
-1.6532160825704716,0.4268871481384124,2.115689361415299,0.637095376437749,1.895098282177641,-2.647090393010579
0.023392891946654226,-1.5502898481712173,-0.5450226746119481,-0.5685085053671242,0.8382545620451163,2.5125034139375786
-1.2143636978954135,1.43356783418578,4.8377476294958095,3.651055824012355,3.8973549051770537,-6.891172231743381
0.07234164742806365,-0.6371710021685573,0.2743291684768169,0.36436150257212957,0.9245280660812014,0.5126055139810143
-0.2817730589413216,0.9549976795271892,0.6775823648522863,0.4144255190315908,-0.18020266172483482,-1.948134714686146
1.136221367835377,1.0517890634452214,0.17571912637396708,1.044955927329391,-0.8138674724805974,-1.6500894184026544
-0.003989857897050373,1.1290773603149524,1.0893302616502498,1.0348362948863457,0.14402189902867896,-2.645136228537205
0.332944149463927,-0.12730889290517475,0.4391346524003557,0.7328545010085936,0.6397837206345469,-0.3605614668318598
-0.09367244516281792,-0.6328577634938335,0.49056390899461366,0.3748634557996093,1.1002495648343846,0.2977586595633565
-1.1045386930294518,-0.365051407586132,0.3684567962119167,-0.5537299905302921,0.6912566121752635,0.12803653270585988
0.49965113455707266,-0.186781515880893,-0.7197721758067918,-0.2065346193843586,-0.6188459056572532,0.9208662964730605
-1.5067842532973001,1.3801940307493024,3.6495554146898317,2.2581238987946377,2.7035271934894807,-5.535024329081462
-1.077411319113715,0.19177682638311871,1.392740223335346,0.4263608068050964,1.3048217266165392,-1.6172626875837108
0.15684298046548031,-1.3734721598553556,-1.536653579859123,-1.348366714040763,-0.3407668248276086,3.413895502356035
-0.2497557399023694,-1.2450158742069057,0.683577148847964,0.316033712692607,1.7099223923528564,0.8933237591418965
0.8846838089623272,-0.25595949667446977,-2.116357638741673,-1.1947000741325506,-2.0740162482770446,2.5108574994565958
0.5558082824931502,-0.4787548256321552,-0.5462728799210886,0.01362902632333254,-0.100364199534642,1.1865434012220846
0.048788760212097555,1.1795280257501977,0.37431043891025767,0.3496388156673199,-0.7486056158765046,-1.9496636747308975
0.9628327660163459,-1.8759967074566932,-3.7640128602065452,-2.662131765927377,-2.1293687836738933,6.107670760514845
0.12904962872512352,0.8618125723050898,1.1936597822354689,1.2481995690900947,0.5058331684723167,-2.421870176257757
0.5275971853630005,-0.8857908179877556,-2.93096703244761,-2.2753261895065995,-2.3416311694994967,4.175273269590998
-0.21212908620812004,1.3469457523205017,1.7559331234673778,1.4794172096422713,0.6148686040485459,-3.5854625224485326
1.5849616913344442,0.1677871193187758,-2.0010803992353763,-0.4619077815075777,-2.2914071302604992,1.7978562467869506
0.10487110655552917,-0.9741552972857855,-1.193310861488711,-1.0569230289856604,-0.4085894686678275,2.6092924904885035
-1.172507345086094,1.2170134722741617,2.764505463273977,1.693244461411108,1.8473824727429584,-4.423533394675056
-0.5206428018728969,-0.6130176043820531,-0.5630516865235003,-0.959609765028146,-0.07407299719887557,1.4420804266078693
0.24180686520592834,0.4691046908226045,-1.3639384567499977,-1.0729347291452516,-1.8534029237207545,0.7543490148929026
-1.5656774025742886,-0.05434449206834994,3.2332126910698897,1.7065126010414398,3.3881298830496958,-3.296826700793463
1.186150300057643,-0.36966484448486986,-0.3404025768345225,0.8042516060596097,0.19775537936291812,0.6804625000839681
0.001014885387554185,0.10237132910010517,0.23194169641398374,0.1743283203737952,0.10821686356090923,-0.3610100418474902
-1.6165494252597241,0.27240800960360606,2.548715614060872,1.0579448674314875,2.4378763542158395,-2.96297594694277
1.0739403879848664,1.7270889829189016,-0.4628685710029125,0.40936292208171,-2.059036667843328,-1.7389256260407002
2.333927118872805,-2.9583183519456373,-6.9183038327508495,-4.087409617795975,-3.795018520051617,9.820158593594442
-2.289909122107,0.3193472803189423,4.405206287271188,2.2303083853169956,4.30289428990077,-5.004768071120877
-1.1387641360012788,0.3403191276808915,2.4109762130418466,1.334002896040157,2.2251589030697803,-2.937878664421648
-0.097558342988434,-0.8652626863830593,-0.6798574417730152,-0.6824296754953234,0.020106472483935777,1.899120976873301
0.37653126370949036,1.6203024599417368,0.016544430630921907,0.3290030541344809,-1.4501538875544921,-2.095049630640034
0.013357959862612769,-0.32653957944291484,-1.0371541116833252,-0.9451944259929722,-0.861411678077105,1.4775650670699578
-1.4186544345413976,1.9845120375985605,3.3152696155727672,1.9985471733973734,1.696440260206711,-5.967032978869805
1.7534339854161147,-0.4185211473352752,-2.8197959087489006,-1.2147939284740847,-2.72276339242415,3.3941785418571735
0.6148778651286534,0.3436165024171174,-0.5098368797447229,-0.010393742265419541,-0.8801957615372925,0.04851543236915415
-0.07375527848909347,0.5505593841242272,-0.4455179620866233,-0.5318706758047577,-1.0554640860624367,-0.23610300167434944
-0.25186813637287303,-0.6335049179367584,-2.660780126970247,-2.5213524331974537,-2.276696194813664,3.3479060975364257
-0.840841042751503,-1.4898912744988,0.8442368923669163,-0.04485643377271139,2.2164508916304877,0.9961489744936832
0.6828136959403629,-1.368238118127558,-2.4932648778601094,-1.807459833087145,-1.4093689042025217,4.383831410084322
0.8614654985491127,-0.2868902446101354,-2.8031879152526473,-1.7843249716333507,-2.693616638204945,3.2493780699099877
0.5183023526699897,2.560692591765675,0.7801403746123929,1.249230960999222,-1.413963016826916,-4.057282941665742
0.05366810942457106,0.5269426794237455,-0.23922383413317924,-0.24196811568936236,-0.8056001129533404,-0.42250309552253473
-0.15597375434982777,0.5249154540575073,0.8096655368686844,0.6119349046893056,0.3335333137352505,-1.5224268841313684
0.04754860616361538,0.03435748239824099,1.3299727357166773,1.300806392648354,1.4081940922380811,-1.4218716670144
-0.45188443262558564,-1.1403356225831,0.6855665773218592,0.1659600397629101,1.6994221687419844,0.7494959593417949
-0.5622352973766986,2.128990073255529,0.776303788138602,0.3765913981887798,-0.9207122547832399,-3.6978784719042506
-1.0091199580547903,-0.8082115191900897,0.9080751940437811,-0.02885028637402672,1.666703677037572,0.09607780088796504
-1.4285685934266525,0.5774505772564693,2.688027511877756,1.3707680476175208,2.343728742770336,-3.5070051956310335
-0.006838297248797221,0.4736959360958699,1.197447754462377,1.1066455975815457,0.8143531102425066,-1.883765320938742
2.0417696030283263,1.6153779385896903,0.23274349925077104,1.6933426601547235,-1.2918108327514262,-2.052568468188245
-0.966509520203412,0.26495204866307714,3.0273261930736695,2.0644300116997565,2.9252936334285407,-3.5150942874688926
1.124003862760082,-1.0647808494320867,-2.7602639758920495,-1.7133078529548849,-2.04158277612221,4.204601949830622
-0.32687842226065716,0.8278992968740706,0.4421264997873012,0.15522565797281124,-0.3163592003825919,-1.4911326379081233
-0.5829294662238497,-0.30346267624923906,-0.06668932512601115,-0.5245842036653675,0.1556393618854707,0.46634211971450773
-0.1441028085237021,-1.1223896793846158,-0.5304302544931769,-0.6089035055213555,0.5085799693736947,2.077208511809785
-1.0268700344397115,1.4178164488616416,2.4596051737200963,1.502487467343215,1.284442357214691,-4.360678429081165
0.21418841247142656,-0.2568991669194799,-0.6963920036704847,-0.43653937005219307,-0.542975103003197,1.0218174432725953
0.11116003829541811,0.9248123744647506,1.2999435562480195,1.3329977695090736,0.5598466664858783,-2.612079243591329
-0.025963896333237063,1.8906573499296984,0.6432514842278159,0.6133348524787856,-1.0076573433732308,-3.1410048566944258
-0.8597531356696722,0.6701078829704739,1.5757451652225836,0.810129918657265,1.0212266391423548,-2.489586698359996
-0.3970594732663105,0.9733284389763749,1.8471667065088317,1.423530206881486,1.0405614703664472,-3.182498147890862
-3.014907323386611,1.2187199677804539,3.5261311034202567,0.8850158825080752,2.781259046873558,-5.061423378951005
-0.5656314667695266,-0.12894433630643296,-0.28257216160282594,-0.7168735833639533,-0.2915165199754017,0.46561580443315753
1.007666009793503,1.2634219089083571,0.6722029875289092,1.3602999754129197,-0.5530153641872119,-2.3274541874918673
0.32455432035349135,0.14555072100533364,0.41496575743005204,0.6525740885874658,0.3472701307018665,-0.6735353742468819
-0.638459116861855,1.5240661409559397,2.5230118749821124,1.8688839421951635,1.2639171656426575,-4.589710579769839
-0.6895559844144727,0.6059768830780331,0.8382766533836169,0.2348954645065181,0.2724227908339609,-1.568333865161485
2.488710030918322,-0.39028825629079766,-4.297345922411651,-1.881028539691761,-4.165995020493184,4.788704207054202
-0.7770847875351851,-0.9714499871713334,-0.24054819720506426,-0.8427435489527433,0.7053025261920516,1.4955620930299482
0.45064098123975077,-0.156548299732578,-0.2783020078561799,0.18559884424780013,-0.09111863346334627,0.42273168683006934
-0.6600090576409355,-0.6997664909143421,1.0674527268208893,0.3821551279026072,1.7038553740775515,-0.20571391909562747
-0.4308759667486797,-0.27837783113320314,1.0123623168331768,0.5800297844818435,1.3273456867824178,-0.6764357208941169
-0.670332912804482,0.9199730729150952,0.41655173377923277,-0.11602675025016755,-0.3974513514285424,-1.5449331714902705
0.6333442641123029,3.377908611640798,2.170757407630678,2.710400154092776,-0.5832678379374983,-6.498599385049428
-0.269539745079033,-0.34266869656073573,2.398993899454154,1.9862789095018376,2.752367419795196,-2.00799729642089
-1.0418555149331468,1.08389563048466,1.8443828889469274,0.9413684664365295,0.9520762656294998,-3.2954215418215873
-1.1620585193594106,-1.864045272614414,0.94513272415369,-0.22049761775320587,2.6525161422880488,1.3182892532435964
-1.1054307771453502,1.3166227366908818,3.1337066979132873,2.099235583508707,2.146586530338284,-4.9506591053689295
-0.28022747013243055,1.8615147843879067,0.6434168705088991,0.4279163043616644,-0.9336141671875945,-3.1581035067584557
-1.2295627413877965,-0.12009925798980782,3.382165758833854,2.125113383144351,3.586530309921264,-3.3648106826584105
-0.6543880435682287,0.3109207489485839,0.7274201441175431,0.15447617699545185,0.39747179240102243,-1.1063893865684262
0.5146246067854444,-1.0345133529062112,-3.062729581398084,-2.4007294031041178,-2.3121825164840684,4.467265866450217
-1.0480521352532621,0.20157422281175025,1.0085192718409839,0.092073704267979,0.8460468044918406,-1.2419128520420697
-0.7697935388190733,-0.12783996666131492,0.7833535990812934,0.11337041338077065,0.9184531733317397,-0.6218929261372029
0.7429001475929983,1.9754902286061033,-0.870297571388021,-0.156717251632605,-2.5924282623062407,-1.5962680320968574
-0.18365564267447237,-0.1699517896495365,-0.10631093405790125,-0.27163087694495586,-0.04756210851019259,0.35550533368963483
0.008945610839452089,-1.1163771509223113,1.0228286883972593,0.9006495681925584,1.9012943267248699,0.29438287136368996
-0.4144487986752055,-0.7607766080366192,1.042167848926231,0.5621030685942702,1.73401602645007,-0.1203335644616832
-0.9782200484663046,0.7903540454812279,2.0565360569954274,1.173686440425157,1.4595827640970322,-3.1452159649934344
0.3522861880056313,0.8639271455447797,0.7772108739559793,0.9882993794646588,0.007445119647926161,-2.021261547203588
-0.26076234085796246,-0.984885797452308,0.3670479934152551,0.06404871790254353,1.2322685841657224,0.9255905329103006
-1.1186449832551872,1.8879028866063912,3.5153598869198666,2.445015239603029,2.0160583492400432,-6.089285671867962
0.12676030348138217,-1.2897386056092008,-2.217604537744973,-2.0058383977100407,-1.1357169414217978,4.037588127657185
0.6564078410252069,-1.2670483083625061,-1.6160480387313079,-1.0005227280039664,-0.5809898279430137,3.3350765520785552
0.3574952375344247,-1.7655393319997854,-2.1972045094271127,-1.8299866537392486,-0.6798424970196493,4.515543039589211
0.7127105823975687,-0.18547587576287528,-3.1281676525327295,-2.204077191282818,-3.071173605829079,3.4465473714714907
-1.6229172339544145,-0.6498347074845024,2.516345165816534,0.9684542563708365,3.1735028576118527,-1.7261705326523962
0.5155576244385981,0.8626454479165521,0.7904397224951348,1.1187201758633503,-0.012399242654148046,-2.0388592953175535
1.6474056776621588,-1.386172537505996,-3.5418558226167836,-1.9989306083741754,-2.538822930216987,5.271719326130634
1.9940187748971487,-0.4338419062823958,-2.3088796274104193,-0.5781604320377173,-2.156501546383367,2.8674772865843017
-0.8892000941465533,0.3185676505135424,1.1509219448020684,0.3583800287005467,0.8987859725467936,-1.5286907304807331
0.9709517017002668,-0.791622752185323,0.6365579150495323,1.457054061250073,1.5548417566043908,0.140237016573548
-0.0425297534287863,-0.42488570072322857,-0.6249443416564202,-0.6004967962248737,-0.3351477468400408,1.1805975912166082
-0.7169706325623381,-1.9021479905260508,-1.4717268204524474,-2.0191861090757572,0.07368964584417874,3.9078809999583
-0.8150305293874783,1.571342563614612,2.8011145890466,1.9996424006179934,1.5261449747679383,-4.938452080933087
-0.4492304583980058,0.5237407258958743,2.427462669371009,1.9503698545865171,2.1318303332408948,-3.1878761357586796
-0.7630002683848828,-0.5226317891707782,1.4099322591224717,0.6439881103208397,1.9135860425970084,-0.7742221339843844
1.0848757630213588,-0.2537295755232736,-0.8287944469614449,0.18562361941814381,-0.6085379802636254,1.077765910928547
-0.14589698889743122,2.4010960697495505,1.0553789008665382,0.9537149706488379,-0.9667955471189683,-4.2317403146799535
0.8133007761458736,1.7513395347293577,1.0155705772936034,1.598121813362648,-0.5663898943062644,-3.2208687217532046
-0.5790612698068074,-0.41614868981169445,0.7669622140867985,0.22520472633112945,1.1866439497951184,-0.24026121681705281
-0.6650043979090996,0.32097142938770984,1.5401785998681916,0.9106283819320354,1.2934510339597822,-2.0072702868914503
0.09304861270487087,-0.061697359217260765,0.02233856268872589,0.09119781193326851,0.05437624303983846,0.03789878504597958
-0.6208784719980158,1.6168977408778398,3.4962838326340324,2.834548440115158,2.2777553942349895,-5.75090478502358
-1.8102133120721977,-0.37789259043371964,2.520496962720016,0.8179327315651674,2.9382379693837857,-2.091723475051761
-1.5093639228930305,0.5071212745168681,3.287695218062387,1.8655625394829753,3.0109631253084226,-4.076253902642597
-0.5207753284072566,0.8123802353295194,1.1759608444290441,0.6907053498012556,0.45280440608476175,-2.255764848801122
0.14722856614396052,0.37932983598800696,-0.7615857187138105,-0.6422683113054725,-1.2310020332789486,0.30369362370714065
-0.2046229908067241,-1.4736386734740716,-1.9427583820742318,-2.034105517983833,-0.7412095913634503,3.9610437938027507
0.4514031469138672,0.18997954341898068,-0.105480582551494,0.28456227398898387,-0.23944944628465956,-0.2034266592696995
0.07572337095947006,-1.163506073738285,-0.32603562306881306,-0.26978706344874837,0.6854742596569009,1.8598905629635385
-1.27276075404489,0.525074632557199,2.4431012694851857,1.2682545087581518,2.128094588523147,-3.186995323078942
1.2852064042481346,-1.1509254457159073,-0.9754263514589926,0.13876837858832045,0.1389443775173825,2.2710504095651753
-1.1349267625829165,0.21105871185248823,-0.08726267044347508,-0.9901471166319928,-0.3659704184036552,-0.1465021424721315
-0.17071088999142578,-0.09971727902709324,1.6411485394685452,1.3938006823005555,1.8366580680296802,-1.563840865610921
0.29594372344992603,0.5842031781001646,-0.014855877349531586,0.15084676305646558,-0.5631445495302052,-0.8001654719896354
-0.4550980170828292,-1.1165691782230471,0.13525232216289199,-0.321527960116083,1.1518000035242753,1.3466630042647556
-0.5204949091989932,0.4662314317980071,0.8694105392844289,0.38606576184264874,0.4317672256288753,-1.4338831868436412
-0.9099063579553158,-1.371284500398579,-0.05990642864627409,-0.8111338645750684,1.2254087335050765,1.8111376388231806
-0.9220072922836682,-0.39217567994180613,1.243113545902732,0.39804412610230416,1.6494558211935177,-0.744760638113892
0.6842999976682895,0.8795474341128622,-0.7595968303862362,-0.2417373551687913,-1.6152967726742218,-0.35698677093165104
-1.808989810271356,0.3772736430621473,4.061121417301744,2.3306766617766974,3.903033526114345,-4.742715097455743
0.9811586471971495,0.11061009485985536,-1.2374062375491317,-0.3398298582795169,-1.4803819351924925,1.1105243705219883
0.8747737817896962,-0.04497741815889992,0.44148125918693804,1.3134392302677422,0.7484210250821448,-0.6408691266466398
1.2298039630636721,0.08777707630839882,-2.5035142720485357,-1.2698614566314395,-2.7691250432210404,2.4738871362273707
0.36827932579841793,-1.1805870125555122,-1.6522727365093268,-1.2657903947287832,-0.67384119550481,3.304146765999418
0.25875019995546944,0.4861045107171205,0.08369106605210469,0.2056158847863183,-0.3846535203431266,-0.7395831373020068
-0.07500594724167044,-0.6502180056355784,-0.5978097459885431,-0.6104679650156607,-0.12301474058463151,1.4855860971444228
0.5553577651532373,0.8591716024213917,-0.11079596036464251,0.23445628628403972,-0.9785888936270954,-1.0617388633227796
1.3710694030019375,0.3050177625369697,-1.5342325232221916,-0.22142004675808108,-1.8994796282949091,1.1335295853586962
-0.9229411663377708,-0.3615240719978502,1.1806957563057714,0.3416630409264462,1.5564442989810332,-0.7194350105469894
0.019965614086567357,1.2599985292184739,2.2930150763393207,2.1763591064382197,1.3070116002497079,-4.031224587679363
3.801289462273527,-0.5202343215542486,-5.597104786298963,-1.9700676196152906,-5.191477723973593,6.210668554555782
-0.35518739706188146,0.4598161417986627,1.6920242881292982,1.3111400529959387,1.346117116297571,-2.3632384168783855
-1.111750647810426,-0.005748242550835009,2.389704655724845,1.306138386894485,2.4772522971250215,-2.4830299465942707
-0.46967444524194063,-1.0249900987499259,0.10060695879192212,-0.3660994052805793,1.0336677654582875,1.252675882244887
0.5809105243535049,-0.3197593025841279,-0.9950707024904749,-0.42545111899530136,-0.8254361837277121,1.430593326661802
0.6503199615529073,-1.4425074842105547,-1.0496077886150346,-0.5112151776156242,0.17327488225041549,2.8771387054800974
-1.04157696721119,0.22064867136200955,1.1030383524600382,0.18618542565424925,0.9389972826114769,-1.3595365873902354
0.20530136419772116,1.7500385788506958,1.2778425245800427,1.388520511159002,-0.2230052862678141,-3.5972176838434367
0.619605710271112,0.46952408794127076,-1.5476598106712829,-0.9520965415021426,-2.0566945404518338,0.9817404482749412
-0.4865526323012295,-0.6126711004385557,-1.40819220391809,-1.640533496254418,-0.9531480503370956,2.278805141919506
0.12593236091519014,-1.3473701719482551,-1.5730186032862916,-1.4031743425388614,-0.389808063296104,3.4332482881226754
0.148475941288398,0.6458845239677378,-0.7330073373869073,-0.5909227887036137,-1.3731785179855005,-0.1035957976268428
-1.169982920812307,-0.717372068954101,1.5689187835011986,0.4499187309109163,2.230522889115762,-0.6801498077927389
-0.09663653788997227,-0.24752857081605573,-0.7994666772928702,-0.805747765232621,-0.6715719997319234,1.1360838814781453
-0.5554473887085182,0.17257057210250853,0.40423785412418856,-0.06806119107182329,0.17161421610713082,-0.6189162316205858
0.03332298694527549,1.7697621548537674,0.661341619979973,0.6620393927291616,-0.9078654514745913,-2.9945978793728343
0.45084500329988836,-1.1840096623261294,-2.5715498112654136,-2.0873990963212443,-1.7171996139170889,4.271479000045583
0.08544006900440343,-0.05392038405640194,-0.6812712136455046,-0.5621265518172561,-0.7142079190306604,0.7563165016960114
0.04232163434395956,-0.6560519415375068,1.646638635589013,1.5959927942054892,2.2554444624563743,-0.9099294938341465
-0.6182678109354639,0.7618512823472774,1.0225866915838289,0.47113867464396497,0.32729297693382625,-2.011670497424663
0.06319845657311991,-1.7605329142233939,-1.1301963686945469,-1.0856955028645046,0.4093804281360218,3.356833167593873
0.492042808264525,-0.5028707920564938,-3.2178723837730137,-2.4364517924395868,-2.8439867476668996,3.8804515369562003
-0.7427902588454958,0.2552923736660235,1.424641339507749,0.7319491112119547,1.2513715692298801,-1.7604787320927797
-2.6556844963653523,-0.08070322510478432,3.9699740387671154,1.4833957611829904,4.217898910226082,-3.97936561148141
-0.943485254625134,-0.1593281209091471,-0.5502202490629485,-1.250367009392345,-0.47727558530949105,0.7756128622427229
0.8750691286276608,0.7065014780451657,-0.9011884374956289,-0.17078823542193086,-1.582788088517214,0.02553146288569873
-0.4997762713264852,-0.5284934517960539,0.9603651650979549,0.4367805125328086,1.4654533841383444,-0.3126577744082461
0.44354933713652095,0.7976735434091019,0.1543742269131521,0.4085972719274508,-0.6386987387996648,-1.2925221095167176
1.067357760646122,1.3315921854365056,-1.5599431258571426,-0.6612709019086432,-2.824133301351655,-0.12171457897627061
0.6537573227931787,-0.09197039224023112,-1.230200203981218,-0.6032285128278505,-1.2986353247823386,1.35514049747347
0.3119940626822805,0.31184206085082317,-0.5502185837869351,-0.31296766578726715,-0.918992657816386,0.14090252196272698
-0.7082670804298765,1.2239284081876727,3.063049085445017,2.358857164289343,2.1631500918444098,-4.786359547905328
-0.07215898436130383,0.011989912354215143,-0.25537189336709126,-0.3271561282407963,-0.37879332090620954,0.26456541314710613
-0.3091348772338514,0.15862955128267192,-0.8167399184457341,-1.0318418683818988,-1.113491905202386,0.6749214089817
-2.3561813832221348,1.3549158533978496,5.044187470492239,2.889408525021382,4.216244887246026,-6.977742344192769
1.4303494344813847,0.22562328042448457,-2.515252288163325,-1.0807446624981007,-2.869449102931553,2.289239322791288
-0.5809146884527082,-0.9859618601160146,-1.3742074089850687,-1.6852403892347514,-0.5767695510287236,2.7417690500184393
1.4260524051801131,2.126007032214458,-2.2810900882389107,-1.068850373644831,-4.235753902366832,-0.14889546848554033
-0.1751599547451783,-0.19436530074297784,0.9065792292592616,0.6805697332454342,1.1447713698396234,-0.6827080902673198
0.6680295442043616,2.139339505864555,-0.21687853135109342,0.3868927766515272,-2.072425313194037,-2.4457880306815403
1.465877210257184,1.0982039906077734,-1.262166842034367,0.018233197485969906,-2.2983171195881433,-0.17209453380165904
0.014279275140542001,-0.00495661994933442,-0.048745504516299346,-0.06426453043178909,-0.10294106632179036,0.06222401629614875
0.21592370952289947,-0.12798432176387162,-0.3296431966615376,-0.09178216345195768,-0.2378343462003279,0.4664169291038586
0.4089363471020888,-0.5177344466162577,-1.9523032179529938,-1.5165539211131271,-1.7763637467029252,2.7984674067124757
-0.2913635655398617,-1.3539375021751032,-1.5082265931772778,-1.698858040054395,-0.3798503418858947,3.3905400025519676
1.3243339730895287,0.22247738192451472,-2.2526889521074485,-0.9347464698746512,-2.5948272137842134,2.0181988485329976
0.8726560342693084,-0.009802681843097096,-0.6057528897768053,0.20504832070877654,-0.6123462748377982,0.5105407870037961
0.13572437911389867,1.9152015009167103,3.2802746238270424,3.086332992018798,1.6534209824707473,-5.731027345841897
1.0634677163082227,-0.2674308274738034,-2.6791230679143037,-1.5412556196092044,-2.6223055482740305,3.087381297406247
-0.3306035266362434,1.1045337769426442,1.7654615094793693,1.3894349663580987,0.8244481895572993,-3.263037869407246
1.152677542131802,0.42032679971038417,-1.1826199746077537,-0.1340288395254141,-1.616372348233087,0.6735428425231893
-1.3378650494736923,0.3440578886017844,2.0554384182880097,0.8365679890534553,1.8753897073087886,-2.5216832497463035
0.3267290563487254,-0.6874841886243839,-0.9586178222193368,-0.6034965917065966,-0.43745272400115687,1.9583632326664702
-1.648626265820271,-2.0397446524639142,0.5672628737544372,-0.8071868526725324,2.480137791780898,1.8537239995303174
-0.6496475952554429,0.4511153094213739,1.4567987160832963,0.8533308462095801,1.0782527468459648,-2.0954263712203414
-0.5826708880899543,0.9213880760403047,-0.07667775981815927,-0.50806285221309,-0.8727420030082719,-1.0431237028394102
1.5389611607862088,0.9142113636176663,-3.24130983405441,-1.7346514020090746,-4.204335769211018,2.1852643942681165
1.668601744284697,0.7776209977146002,-1.619608133406116,-0.05626128110804355,-2.314835812604269,0.648809394078364
-0.6330254337781328,1.6348932968800578,4.004273109713378,3.2809260637199134,2.824725254342404,-6.264318269398145
-1.442808785067606,0.25957603023131426,4.062109641660976,2.6362177988615385,4.0033079542873935,-4.601494851388482
-1.2334991628681509,-1.0561266411224886,2.695679455790408,1.3635410381892301,3.645283565230489,-1.460023855993013
-0.539168615719123,-1.5634594624581193,-1.0217357474538267,-1.3951592091799505,0.3811750315428333,3.0825509871501033
-0.49277137274341504,0.1769559852526779,0.7861941771523363,0.3380420983903012,0.6154789561636911,-1.0101396986511628
0.42425957937684405,-1.281635855913495,-0.16838406587405336,0.10542193497093144,0.8994221218236884,1.7861240347505445
1.2662235962219308,0.5250936878414041,-1.0532144951739948,0.08205461529027462,-1.5558262196007555,0.407503602254017
-0.2684617024591202,0.14167454535812332,0.8505033732334563,0.5652788164014555,0.7550971627199161,-1.0293326413086181
0.6245976918391384,-0.3381690018596537,0.9940035716847159,1.574611986685619,1.5612082760730714,-0.7150530335785136
0.06903045913276937,-0.11527155973021014,0.9508161702332191,0.9567851519187051,1.1429206973472341,-0.8284526231961443
-1.6240186854569543,-2.5855408644628017,-0.09116878990597758,-1.3850424301303406,2.1738007788213887,3.2403104568179395
-0.012335312536542799,0.38574536320031166,-1.081951983751772,-1.0336478916722167,-1.5487534031489605,0.5971683290586554
-0.8368510277940348,-0.18802054361811543,2.0643004590108154,1.2348034120509437,2.3445363458132786,-1.8462586018648952
-1.973568305478948,1.4832263366242129,4.778686655367644,2.942196703286381,3.800965829312216,-6.863538818332951
-1.3116049455286316,-0.43723146613577807,1.1218748659641962,-0.03717206000469198,1.5271874192600634,-0.5511959124361488
-0.1754413369161809,1.1082183045239271,1.1061739317849022,0.8980098552727406,0.14601409728925824,-2.6038954984040643
0.6877331037814197,-1.100642109574072,-3.075815098372906,-2.3011162396910563,-2.293222650323938,4.597662959730088
-0.6567899220833532,0.3544492296303575,1.0185582432462286,0.425631630854106,0.6986373438584388,-1.4500006022441057
0.7477626982826505,0.7785678036873798,-2.3674144708978844,-1.6562327628073454,-3.22315176536219,1.521118694587116
0.023931612185931497,1.5426232820225791,1.4270547456683145,1.3926898235670924,0.16824414905338134,-3.546662163665162
0.33589575410665407,-0.1408674832262203,-1.1548874588629405,-0.7731249339010328,-1.153722027932862,1.336524997946955
0.10119281817068441,-0.6826085407801797,-1.5017373917813797,-1.3035314475070616,-1.0268359904872923,2.518898204441503
-0.2900723269319933,1.6838586653810437,0.6382767364099622,0.39733865359550846,-0.7893616990024822,-2.9314063633920595
-0.9684632897711454,0.6036156004667046,1.837385397702062,0.960839179534592,1.3848041637332407,-2.6681215636504736
-0.06689711747070444,-0.1471179003521911,0.3639462660050126,0.2493244397342728,0.4888167991120475,-0.18283308129242373
0.19813009758408714,0.41775878640342357,-0.9025542101352062,-0.7181789544994097,-1.3822602341120223,0.37421379796398624
-1.078371292354052,0.416399166025616,3.3838606545966416,2.3231237172734294,3.18931496635299,-4.082053772020042
-1.6629386415942282,1.5075427595450106,5.17291280025668,3.5839254079778207,4.175670002606249,-7.347034580378632
2.2761667158136643,2.083808702461565,-1.9668762499352936,-0.05374395518335301,-3.845826464988022,-0.37924230869726444
-1.9088351922201126,-1.5869417649829747,1.8819226084738399,0.10119385851357925,3.4542010489338733,-0.041234121578689685
1.6682039560900959,1.3189768795434125,-3.28807290267646,-1.737853388886495,-4.607269657147871,1.7753885030837133
-0.5127861727384722,0.22716716857136504,1.4362892123102498,0.9335476738518022,1.2721101558513488,-1.772707978701681
1.478647193095188,0.48206005491513976,-2.215610260555763,-0.7626663399088758,-2.7443552093239947,1.6385750308803972
0.23937939049391674,-0.19701802975611224,-1.0421956654033444,-0.7496811885779023,-0.9787635367333702,1.2985653511472057
-0.2781419946520396,-1.7310515380868314,-1.0236384551166564,-1.2327629356969931,0.5135544098669138,3.226660158019204
-0.5492624873722525,1.278817450242988,1.0031674946608224,0.5028803530394369,-0.1365973040379502,-2.688838373308444
0.636369995627139,1.0128090741749867,-1.2997695363916695,-0.7429911421336203,-2.2490711497172624,0.05059184306360023
0.5825489023878766,-1.2703307040512306,0.549796466356287,0.9427733937913827,1.6444683044407407,0.8758814893836212
-0.13320827469460522,-0.16147711247599586,0.845565963095275,0.660235035499052,1.050819535745769,-0.6614568018133212
0.33682924907084905,1.408038910868329,1.0653248711910004,1.2743867414823087,-0.1754311660175684,-2.9392017098064867
-0.6004517533084028,0.47047583339346327,-0.31281962819273107,-0.7814342302786869,-0.8705137656384643,-0.24762060966987867
0.7358867963567569,1.000682831751168,-1.0464170508924253,-0.4617954593495709,-1.9955022565102896,-0.2021612132564363
0.5298702737319885,-1.0636941382500023,-1.1386916826053326,-0.6408817548363738,-0.25156015689708533,2.625719753749398
0.47761673142520883,1.910570883423886,0.37008500084371304,0.7665305187421685,-1.3372567284353614,-2.81356597770032
0.21314236339341677,-0.746243040184622,-0.5775216602519716,-0.3193714899308934,0.07565278320020305,1.630322214217319
1.2494635029402301,-0.047055890521321524,-1.452531862423881,-0.2814614517220254,-1.581013995603005,1.515834395522497
-1.4597277776057291,0.6183104617790114,1.4952747980160461,0.2252184895239467,1.0466615830214514,-2.2099873090958497
0.3567280643074706,1.2498395894160887,0.978565191343023,1.2005805345270486,-0.13888913131109243,-2.653451980822186
2.661900608656796,-0.34008353775777067,-7.145066515648747,-4.022304246574116,-6.830457902187153,7.479249923496123
-0.3101143319424333,0.268463389773686,0.4993520001155147,0.19475066776837063,0.2189835265681373,-0.8169897116187399
0.5757744328811688,2.660035419542767,-0.5049902475189321,0.12005756665942008,-2.696222121917692,-2.842532321142129
0.09019328692270685,0.5169398197877183,2.6583517980498463,2.4643466316483096,2.3393686797746303,-3.264789449273807
0.5407191359260547,-0.05850614340751216,-1.5140829374198757,-0.9405526192364926,-1.5940496465024776,1.6099830217414046
1.4060520277402,-0.5475315413130273,-2.473213297721399,-1.1974593329267038,-2.2526261975511668,3.232947909330881
1.3122261901296508,-0.3176632132606122,-1.6875444676171303,-0.5439566288420213,-1.653793159893584,2.129696610009883
1.3070361038025955,-0.8185822060537281,-1.0128821672320976,0.16675907708561838,-0.1591600557359661,1.9494717906242545
-0.6041440094128033,-0.7639608721548331,0.033826970977121076,-0.49761721955933075,0.7436966301170981,0.9713398803987383
1.4794295806651323,0.21117795403028844,-1.697553899058185,-0.27517366863276116,-2.0087670627475065,1.4227963018827239
0.9988774631276345,0.007328715750026195,-2.112016265745125,-1.1154499493200674,-2.2988908120524316,2.170275663052729
1.753963578383956,0.4249135026817304,-0.731618858595459,0.8356223190121727,-1.120830226995558,0.1398556649240947
1.1655431429244738,1.546272858004146,-1.1453386871567581,-0.17131475134800378,-2.611242896443596,-0.8817360788202951
1.0341198589345066,-0.5642454690370975,-2.523572086545068,-1.4952017245501226,-2.235762182875779,3.323562803633682
-0.7352433742461038,-0.5149487149157431,0.8998369712276115,0.20982970938216974,1.395879716745427,-0.24888412382239225
-3.02657629085734,2.3547469691680156,5.512948841065404,2.742067452275081,3.8718040458769183,-8.620255897459595
-1.3123313310933444,-1.070209039444337,0.010186483881460415,-0.9899477993249063,1.0595380652558155,1.2665244051001818
-1.4234349760412457,-0.06035655127287652,0.5453762835200343,-0.6549330609193106,0.5607416683435839,-0.4527928992939879
0.1839522954081929,-0.544592063515901,-0.39114245817518,-0.16087060066000652,0.08308984674216205,1.1061753606208953
1.6289537955268316,-0.4730419777470101,-3.49543212152919,-1.8568874449880666,-3.285261615220624,4.150425288511242
-1.7016256350934054,-0.5546961010276088,1.8546666319165588,0.3022149062837405,2.403744051850847,-1.196115413807914
1.3132492001848153,-0.023968502539669936,-1.7420953408551676,-0.49297854589036877,-1.8967134726660553,1.7910254919032316
-0.7486085410555386,-1.5418162058937415,-0.14695657150340388,-0.7936753243622285,1.254492623418504,2.175292369123059
-1.9634659115366486,0.5322311195289678,2.1292798693051216,0.39997585220889864,1.8506849670178198,-2.7462664830318433
-0.3309648234232985,1.1383259172356273,1.980635740980609,1.5992562650385105,1.033658022691367,-3.5388356417838427
1.3840164112367512,-1.4743224538271995,-1.999268251174262,-0.8200292796218889,-0.7661124294110696,3.7512468065716753
-1.557926946179862,-0.685275024182823,1.0356098587988165,-0.3087217465300764,1.7165329191740843,-0.17992049079148176
0.05970277138739414,1.2892858749020035,0.6957906456956566,0.6920366420936512,-0.4415680783420024,-2.447992385006761
-0.1114438939518808,0.22051119348519427,1.6716981480468531,1.479587025664186,1.5936056578380235,-2.0138732399646906
0.9637716069333023,-0.5401128732587027,-2.057476852992617,-1.1487511630685676,-1.7993478883317962,2.8214772842040317
1.3064361139128704,0.8140281233674411,-1.0057403305975217,0.13352976614926335,-1.7613867863073682,-0.02922457717005843
-0.286679271281281,-0.576531238061476,1.2442225881406102,0.8917377206174326,1.8008477963856266,-0.566839850348606
-0.28520142134728943,0.7615310824269704,0.9323516375446789,0.6423948032662485,0.24925999326854043,-1.9515538815999702
0.6466006364498449,-0.5973232690592938,-2.2725423409902366,-1.5899278987835013,-1.9816986830101926,3.1813743442137623
0.7061066460559998,-0.437328212045139,-2.5309826070728674,-1.7000804958625462,-2.301094654693877,3.1788751963557744
-1.8215422274881135,-0.7574192744490056,2.4369263369620664,0.7391482695073482,3.217137059544259,-1.5402693780314638
-0.14562530011466432,1.8249997075134003,0.1347502601194683,0.08306574539439471,-1.3949659370462373,-2.5864775036432395
-0.2670972089236153,0.7626923514368308,1.3889573573860923,1.0865724940109436,0.7317960191544136,-2.4302277606756593
1.274246790447301,-1.2013052883635595,-2.6082837882803043,-1.494472740937186,-1.7762831252521363,4.205362057258566
0.7402714197200679,-1.3645863195462937,-2.183782903807609,-1.4770706371215698,-1.0889510235580797,4.0456590357206
2.1060337829546554,1.2145088103156103,-3.975572896688185,-1.8826932029536163,-5.171639042074297,2.5043716758683945
-0.8506251210660478,-0.05606416700955275,0.05149723917406801,-0.6329603130085687,0.00444761008480709,0.025720782408733583
1.6817369760161403,-1.2922834614728627,-3.136887542820645,-1.648792111583957,-2.2316133423922575,4.807477466186856
-0.34009358017332797,-0.7078418973660403,0.5528348749063826,0.17874252677798758,1.198801544094116,0.32420075490689004
1.973508202202185,1.23821038818095,-2.5205014173239726,-0.6735724020486893,-3.6365056513295526,1.0955398195478872
-0.7257483892573989,0.616386572548754,1.1518285101396046,0.5095116315958671,0.6002820620630113,-1.9511052984095316
-0.011613808436764557,0.4183048968421433,-0.10662348811630978,-0.1771580657525427,-0.6075768591850442,-0.40764804736686766
1.1980138845565125,1.2008308931930844,-2.2503621162916843,-1.2042215279259987,-3.4335187488605494,0.870554917271175
0.5206273307795504,0.30334268648763907,0.2709179651703019,0.7221518799160388,0.12054747842071285,-0.8097900477411948
-0.482752037732504,-0.6307064295627588,0.0952832553007543,-0.338453744374028,0.666404201584544,0.7399944772474214
-1.3867513830001321,0.6176874869756765,1.7909890330925322,0.5681406545775272,1.3543385872283393,-2.5749144639280503
-0.03705550997548696,0.9102910838150587,1.9006503059064024,1.7623104322936947,1.189923831424656,-3.1600633950638333
-1.074315273695766,-0.9473219127005843,0.10501523893035858,-0.7680728057116206,1.031397966630106,1.0659909270060912
-1.942963653563733,-0.13556815554464546,3.5580224826837292,1.6824544610296133,3.805057334531408,-3.5109525177024667
-0.08458114142730337,0.0589168962175152,1.5531077290830742,1.3901931521935877,1.616148467651848,-1.6848019991478538
-0.27845899769998866,-2.020144083191298,-1.670076881293714,-1.8233491948842002,0.0863926771277436,4.184544425947525
0.32506870571115465,1.3384174060545004,-0.8619332968500251,-0.5160751683600707,-2.0342961835206976,-0.7685977990445407
-0.05114175178806618,0.17639972309175378,0.8600831361238798,0.7393886406886864,0.7543062457534533,-1.0812573935577792
-0.4205960915640978,1.1001970882221983,1.3479768006064163,0.907678796905549,0.35842428324418596,-2.799192859859247
-1.850971466988009,2.012359344111825,4.463852671638313,2.7367169697392946,2.997313097270299,-7.1730729675404215
-1.4202337924932342,-1.1924336467375598,0.43766741362052924,-0.7267857929237201,1.6122875093600104,0.9659315220913309
-1.1394735798494335,-0.43927293922374877,1.6575991069844482,0.5956314319914902,2.110149624857516,-1.102271156518359
0.9928392157709073,-0.47170679964692896,-1.813080431407244,-0.9009797806250198,-1.6097927086257369,2.4751954761393384
0.15775526349865893,-0.5197986086532308,0.4492033952654514,0.6016936670939234,1.0115173387249055,0.17688694085179352
0.10384228810639733,0.09189681468846751,0.3021053864452235,0.3303703235734871,0.22051726056668103,-0.42196054134775113
-0.20283736250738998,0.14054357494858682,0.6543900773500576,0.42826233767791144,0.5393655811338245,-0.8269872027338911
0.3527596968373953,-1.1797902079556073,-3.220514449958197,-2.6456007277470355,-2.265590502180832,4.747934134239286
-1.2594055141334604,-0.6460563923857381,1.1689311045140511,0.04349867825166057,1.7926373447888517,-0.3496982695840324
0.9158903007881197,-1.7733056712555626,-1.981229162501239,-1.2165871319324835,-0.5696608723968214,4.185672384429854
-0.1301275716876735,-1.1876309777242653,0.013718872144160392,-0.1039367442090561,1.084144229425147,1.5381345360822407
0.33992585506380035,-1.0850693602119026,-2.6233652771392477,-2.203787452595342,-1.853790204069462,4.171101964520372
1.1550291632988146,0.7139062633124473,-0.5207759509781732,0.44169365297699115,-1.2138455913161554,-0.44448703328039235
0.5738387769386416,0.5177864149045859,-0.7258128158157469,-0.27081617456891866,-1.2713912666480036,0.0711056888553657
-0.7603097508080653,-1.2361147701535309,0.39825357812237683,-0.34224133397591,1.5550339012057421,1.159293486691381
0.06754178682577394,-0.16298027296704581,1.2537222367063017,1.2522159179509986,1.5291323426297103,-1.0585735350140977
-1.536485163534384,-0.6891504504526975,2.0046331104814037,0.5766159261328626,2.687065116010987,-1.1531011180807391
-0.4397534169944583,-0.4363423446309924,0.9098652078541978,0.4530421977676339,1.3444823460118855,-0.3758415623702017
-0.31884259567570716,0.08047288550003416,0.750368144017275,0.4380375352027026,0.6938945516396156,-0.8598837087436911
0.5975358697422383,-0.10965906555110122,0.022688670248401644,0.6043082580053162,0.22661216632427733,0.00511449208224427
-2.4981915866255786,2.100916544453898,6.454232248162154,4.103548761167255,4.9954946326545615,-9.396718308313664
-0.041399725489920026,-0.41799496078123277,-0.23408664597159237,-0.24943336498513483,0.08099279651771135,0.77800832516529
-1.0414225443068184,-0.2560976128864141,2.84081469746406,1.7737054889673267,3.153720788875393,-2.591898452245284
1.0906081680909685,0.2691320175335744,-1.6050644205943014,-0.5523735049099397,-1.9435169271160013,1.2835103128813623
0.649638529599456,-1.4305058647134394,-1.2929865416672608,-0.7286958559136312,-0.09959554277568412,3.1327749492767434
0.5181964386256577,0.2284464173194836,-0.6053772559094772,-0.16096268039891642,-0.871785507699925,0.2770332312511334
-0.6610730056771796,-1.3628733294239257,1.5619550189245057,0.7666417891399308,2.7421047776491103,0.042875702130536306
-0.9224844283353412,0.5203213236776321,2.1881640580910893,1.3281004595215353,1.85346351838539,-2.9384191939922575
-0.4959194039495153,-1.8946915096993506,-1.3416904431663141,-1.7125624415436713,0.260523098667807,3.7389101501770443
0.47504086094884823,1.576582266130901,0.5427578229877835,0.8828883696541904,-0.9085860132473036,-2.559549248508178
-0.6487197524611845,-2.027265145746215,-0.517352797779327,-1.0982699366000948,1.2447831227166877,3.0713408723984394
-0.11035154240586531,1.3605361711490382,0.3767192260570369,0.261304261754242,-0.8409779487425838,-2.220670831277968
0.18274679037323938,-1.853148768221905,-1.7064629308182773,-1.5310766211996067,-0.12164556434362432,4.064607963486401
0.4536520498430548,0.8248885462495025,-0.08743969968090642,0.17083698264220018,-0.930814100195607,-1.0285856459841052
-0.43926768322675713,0.5038346996121819,0.8698910712902383,0.4486888511709951,0.3970451885746196,-1.4966024801620577
-0.9786920330445794,0.5559301773603944,1.1985815576716459,0.3406127289114905,0.7308809109649664,-1.8713109489906958
0.9444178963219887,-1.8669393420267713,-2.9901605660985107,-2.0596378668091515,-1.4245015856321632,5.354803941119065
-0.9851885717929205,0.47189449313648735,3.513211565560624,2.529991582556235,3.285958228923316,-4.280377541182448
0.3326693814578153,-0.9915285474234371,-2.139909910332924,-1.7619860110324492,-1.4202022242735002,3.5753632020973183
-0.6845523300079192,1.803401157371732,1.4589265481739453,0.8256753179641227,-0.08292910045522131,-3.863230436822667
2.0795114059691833,0.3267780556718801,-3.574247168033794,-1.4826268286475235,-4.022028201892685,3.233354301082755
-2.2485122280099854,-0.24923334808675754,3.723931150491977,1.5749665989206432,4.092216084097967,-3.515623666590369
-0.7580978137124523,-0.40743429191870634,1.3908255326930659,0.6507436288171186,1.810215446338836,-0.8922138230445998
-0.08458757647840955,0.16693748864181313,-0.5444353214370213,-0.6074133390356876,-0.8223218027791277,0.3693035736349408
-0.8777405754830993,0.2975299167448846,1.2576274723932634,0.46662038472420375,1.0413109826416689,-1.613293035497268
-1.6561972662803652,-2.6479693537863556,0.3866196125812643,-1.0381522836738277,2.687243483685447,2.795694461921615
-0.7098446279638962,0.14621922969933593,2.338448646316499,1.6187442945689132,2.2931579246085403,-2.6392817096888064
1.5306968028094283,-0.05389357138200202,-2.108799974731087,-0.6757037215694809,-2.264787878534543,2.194980937223191
-0.15949661441407292,-0.5078295872912126,-0.2287005895088653,-0.3649412968687239,0.1409361677542539,0.9100010765954667
0.14403312564446155,0.5097814913762185,1.4604272256166526,1.5060969057445206,1.123662529815536,-2.203027556762265
-0.6382682452727991,0.28285552255926255,0.8375152122393217,0.270655173667666,0.5511856297539715,-1.184853195660745
-1.387203183277674,1.1607829166101828,1.6675150539689814,0.4950861931475415,0.7092843273673648,-3.1674275355846198
2.2691058657425356,0.025357963018045222,-3.6440634659421467,-1.4361880309830226,-3.860435858307849,3.6307793727090805
-0.197648868217689,0.4895722778492546,-0.19494551501943103,-0.3907912097940316,-0.7585984102578618,-0.40908034659191217
-0.19497710450198827,-0.3076807772830336,0.45711906101285005,0.23820409109548743,0.7482623451760534,-0.08450114671181848
-0.5999317408488751,0.025932239069053398,-0.9097364135724664,-1.3271736833313452,-1.110008972610079,0.9404799400634059
-0.05364165032735615,0.5831006962332015,-0.29629013617940597,-0.37223988082653303,-0.9104778682806192,-0.44233423694254
-1.6463602695537487,-0.9667112195519385,2.2049715782617527,0.6400171809943451,3.14333846330401,-1.0535358015590135
0.3176341988652198,-0.4255643365378306,-0.16104174800347126,0.19769505617206917,0.27283852400546904,0.6698281743940014
-1.1282913931021161,-0.6985097658323735,1.3284659918692405,0.2703085510404256,1.978125138112508,-0.4550380884274552
-0.26062436576841735,1.574588137958183,0.7625905700076172,0.5221648824161368,-0.5692182199682138,-2.9111253618635273
-0.05634074838018537,0.5426358883272326,-0.8248738160357931,-0.8411159651310391,-1.4176073069823953,0.13413316844119125
-0.23657697029147678,0.8157158973055851,0.4467755044743476,0.2250671173939829,-0.30483562775999434,-1.4927817762564783
-1.2265500537549447,0.020440589030164893,2.1371327773848283,0.9793724343771055,2.2237117424512736,-2.203286783383018
-0.22271229697003342,0.07775638650255556,0.37144308518796,0.15137882551778056,0.27583097986706767,-0.46831473459578743
-0.4505269484448894,-0.35363493531462986,2.0922314683436007,1.5365571532454667,2.474798860721157,-1.701242835704221
-0.24105117904304274,1.1878095709650855,2.5024826143004293,2.179049790999068,1.5910664746172858,-4.151624326698863
0.9307521012094961,1.603108897605287,-0.9144229639140483,-0.13489879174232647,-2.4067490375641807,-1.1414038324104314
0.9359055134676658,1.7699000314404243,1.1870629774067858,1.831759850651391,-0.43739143906838,-3.376422374423592
-1.1236606447985273,-0.6072785155175607,0.30380673984054674,-0.6265301867976716,0.9008102695837017,0.48677967435871605
-0.011907048101145621,-0.0788603172226219,-0.9567814046950365,-0.8894091394450846,-0.9952241405219642,1.077597680633055
1.0660738607995397,-0.525021309048424,-1.3479884007593113,-0.37202740880086543,-0.9676203613383582,1.9757651781896572
-0.888912361348552,-0.3706543965660208,1.1088656646851454,0.30351776448462775,1.491496460515551,-0.635610787185313
1.8226479014014372,-0.28529809976792875,-3.6790710974578116,-1.8369197727452684,-3.631377091290581,4.08076967735288
-0.1173648661218544,0.8068820595174228,0.7601671006191756,0.615065603912582,0.04193881706613248,-1.8541529634197234
1.4275721518053857,-0.14139340334912182,-3.8710148544391427,-2.249474100087327,-3.8657993130386217,4.1342358379658775
0.8240017732576147,0.6902849837697689,-0.7120835983511934,-0.0466792072280434,-1.381293385065633,-0.1523195646964705
-0.16891476438431918,-0.6510930730209119,0.6598224829301705,0.4554152823344079,1.2770147052117298,0.1331697793925825
-0.2529086145345342,0.555109902955122,-0.3337864821285258,-0.5554987244776779,-0.9455367575773402,-0.3613747784045758
1.3452831557465916,-0.5678373075651691,-0.5634585571439035,0.6719580085131701,0.14337336919015312,1.157695266313274
-0.6135715192494635,0.8441439928217781,3.5420769064148967,2.8412274788678595,3.018334394396524,-4.726206926400275
1.5449732465701065,-0.16774572510948862,-2.609070224820846,-1.1393481788374338,-2.701487779950446,2.8682528174565656
-0.3717078865253463,-0.813040837959698,1.0127402334755786,0.5764207354470688,1.7502618062793567,-0.027711307667901298
-1.2941316858861596,-0.2781035481082766,0.6597371874204109,-0.43792243439856393,0.9003377342744359,-0.27917696958221677
0.13506324953306903,-0.8249223419799545,-0.5458344147832519,-0.3534952655503247,0.17781581599693513,1.7074841082311736
0.992231566460955,0.9069204121464454,-0.8600571544843655,-0.04661810725698499,-1.7379604654477938,-0.3133170959166349
2.0064640998761143,0.23808441707698916,-2.867881698118158,-0.9374882539256199,-3.2678234593458675,2.605766351092011
-0.14561298380682675,-0.23193117988020553,1.1665453102448327,0.9645425632533298,1.4696961612412613,-0.9029346799450466
-1.4146328414449816,-0.3239878572639985,1.1006002495183336,-0.1390036671197859,1.3953989018863444,-0.6754419185798415
-0.33344792358086833,0.3790959595176349,0.197672108440778,-0.11511282966550122,-0.24442754215011545,-0.6496334508719911
-0.5710795727558582,1.3381910208894594,2.4885767754413473,1.897985948466401,1.4056957981221003,-4.32389776184199
0.47622884334287446,0.12067507444686945,0.6526362530931004,1.0626806101220567,0.6714780045481406,-0.9702992574374454
-0.16138438680539197,-1.9586153029253919,-0.1659558905773414,-0.4312975149392694,1.5534118202240874,2.579507220179212
0.9009630069593171,0.418174585550083,-1.9563767316988434,-1.0902073507235257,-2.454625632277935,1.5061129090061827
-0.3258300379657096,-0.7474583213183574,0.04536230000077121,-0.2727693716102155,0.7188319181388915,0.9465094804161718
1.2825877362505549,1.3697216244935453,-1.5952913800521253,-0.5068869815001766,-2.9137804252907897,-0.15783261948399427
1.6667807959923362,0.9312490006090962,0.007228239144616573,1.2480007745382014,-0.9617477002206227,-1.1793041934099262
-1.7961738069858224,0.01449420536509735,1.5910571014964778,0.010754371355215293,1.6571251308957375,-1.6035396058871245
-2.174410679970481,-0.6694231800378595,1.571169669894229,-0.33723882523876847,2.2630913002721322,-0.8274281618016819
0.9430263878121713,-0.45599428776505807,-1.7407063702570178,-0.8682625833041676,-1.541719984227144,2.3810389451368574
0.7494557252775661,-0.6912575991528406,-4.024252986631823,-2.8977549592889753,-3.4079137949059706,4.868822222722448
-0.29994721435707333,-1.5916176021868003,0.8129748656876578,0.3699845299283537,2.1121879854742964,1.1673806486682858
-0.7241892246038796,1.4813311067898636,3.4709752102726457,2.734262964024987,2.376383951241668,-5.54688052411197
0.16154637287577558,-0.6558623383564239,0.2815204998508049,0.4601361681438427,0.9627485032244245,0.5339942555973013
-0.7514579056288767,0.17249523896598581,1.3178122365571296,0.6276926049572755,1.2214367570928666,-1.530390753819202
-0.4902800590120729,0.7547624729734221,1.6956136815280112,1.2168448459162355,1.0850044453024978,-2.7423068916017193
-0.9547121225904573,0.10137537514794635,-0.02168499493997409,-0.7845568804697268,-0.2292500895462684,-0.08610817539245255
-1.1869231261596955,0.0917023086951825,1.007798755809296,-0.02548009859417921,0.951110728168767,-1.1076490674560622
-0.5666014171348142,1.361117647154272,0.9994974744107891,0.49095844731310273,-0.20044938361790163,-2.800417797392012
1.0899842335726047,0.788995448280799,-1.1211712748043978,-0.1746361266944791,-1.8553342626361369,0.15339941209206762
-0.9064495827965592,-0.9186475656670291,0.4933242353039965,-0.33484920501327164,1.3634308826868407,0.642244779186692
-0.7051285855999887,-0.5451647871135579,0.3359518478795376,-0.27757048409480695,0.852966088281271,0.37897618951395684
-1.900943525422657,1.0133983431507383,2.788335920978124,1.111336053036266,2.1432972850476997,-4.106681960302813
1.1126601332383217,0.8353580292169371,-2.5810718440040588,-1.5630047995804373,-3.5020153814141075,1.6851709260136123
-2.35702161096073,0.10807027251963092,3.452496876213925,1.271762298247634,3.519572574321482,-3.695789434377593
-2.2010964029090885,0.14152828132434417,3.47290339830856,1.4197153973657086,3.4984833734823875,-3.772039788518186
0.09315462265969368,-0.21233085327507376,-0.1367230502323311,-0.035723371892556255,0.02598043036785744,0.3910234719045743
-0.2507730041685304,-0.4056865588316809,0.0850586558507264,-0.14096652757799988,0.42639775763100285,0.43643992690071215
1.163652340411063,1.4678235704004667,-1.6222891575683962,-0.6470176624114801,-3.02589689233593,-0.24996267465947644
1.425074258355898,1.8702622912837978,-0.7732395877201126,0.41747201490241975,-2.4545831616001226,-1.5280501859178246
-0.3945062269485825,0.05703836860734729,1.1859487578624586,0.7953526670800714,1.2084138132506206,-1.2778511941021053
0.542265398699636,-1.6903024636168387,-1.6868471765564277,-1.2122714274982191,-0.28047006710261185,3.846988002153223
0.9054577870183265,0.7125048810791732,-0.5335085597077087,0.1897834629308313,-1.2349188476595647,-0.3977749973564888
1.564122316690848,-0.15530513804021162,-2.1090366860709366,-0.6844508076208368,-2.2106533259892562,2.3222265892645764
0.11175963166041976,-0.12075606982865703,0.6352761822713908,0.6891409782791131,0.8080300610774338,-0.49908885113473495
-2.110567674526425,0.05053598022419248,2.338209830526775,0.44327517690690166,2.4277287284893796,-2.4153863560980926
-1.8032459711031894,-1.172851192453146,2.4303719386026486,0.7010619409222413,3.568708735143692,-1.0572378943685554
-0.3271998718243501,-0.7071399351683182,1.8709147011539087,1.4476782943821203,2.5265960267151724,-1.0580047223810607
0.15825058994726357,-1.3685782900495702,-2.727438548969779,-2.4199107472701247,-1.5934123842585062,4.568990722977594
0.318538440837154,2.88339566328782,1.929381279943601,2.18088408638746,-0.44187539442021023,-5.666581463756653
-1.1967972662848851,1.0946390908828036,0.45267821774935635,-0.47131657439949837,-0.44630259012396595,-1.7658726537881937
-0.391798075767453,0.16268641434620817,0.905871609328676,0.5258643282190952,0.7811723544733414,-1.112771215434874
0.08080522345434496,-1.7555542137045743,-0.4416382228971624,-0.42505871271485157,1.1291931205057604,2.574201601538951
-0.8044886549735565,-0.8150225543720894,-0.2532551143072077,-0.8721076382529238,0.542767273355264,1.3239847578527566
0.09798742490255839,0.24577260375386864,0.27921654046682404,0.28386485528005945,0.03700624869211348,-0.5875323573927302
0.34448606353853256,0.4405767117398804,0.6937812779272677,0.933459055772637,0.3640186145200729,-1.4014535691193137
0.5814083910333316,-0.27096783033085753,-0.6095486109238263,-0.03164100012569728,-0.39395836119085964,0.9267226726884445
-1.982739446380519,1.1997281740611645,3.347156474304594,1.5815564834039288,2.58189443383113,-4.945998241839686
0.19987970959756143,-0.9993021019704382,0.4797564154477057,0.6384053211047273,1.3777600982783553,0.7330433968893155
-0.2898714854911817,1.2018346881562842,0.41193999530789754,0.1584655604761762,-0.6519698814528877,-2.0144725513101434
0.3958736111258992,-0.40268204052344947,-0.5111556619110369,-0.07905660467205448,-0.15145435583722408,1.0340771867672944
-0.9732429144476643,-0.4798618861114214,-1.234626836619369,-1.9183715678691602,-0.987757443545006,1.9136836969412008
0.07104888464740078,-0.7891521445700351,-0.8224640202531031,-0.669554801660954,-0.1874763475678173,1.9542898163905955
0.5142484376129481,0.5814702609268565,-2.4554011291950273,-1.8587636427049898,-3.038402296051209,1.839392822360163
-0.3601287936862176,-0.7171522132567344,0.681620770266507,0.27929651811286,1.3358678008166207,0.2015669360939838
-1.5890617437878118,3.0207567242096705,2.651006063069063,1.2448310943384533,0.12495111826940737,-6.666476045781066
0.8311444623829277,-1.163809238720562,-1.8167723029792524,-1.0559674513413604,-0.9165178162869879,3.385535721278699
