input_0,input_1,input_2,output_0,output_1,output_2
0.043376043718958396,3.1046237839524573,1.0073656229884156,0.011943518995519438,0.012258445816658043,0.014662846023152126
-0.7828186625238411,9.250340115821608,1.3770210865870478,-0.08629588621476716,-0.09218086671648874,-0.12051597023012789
-0.00131523500945422,2.066076522593813,1.765930061459207,-0.0031117187556052766,-0.0018492174747150787,-0.003703553312961924
1.2001282258572186,7.445106139812488,1.4029129137723917,0.17223397409877927,0.16974138232553715,0.24268543480356153
0.012603093279346085,8.854413813880344,1.7277104572301138,0.005104478894258753,0.0019574626438386665,0.006587726750693098
-1.0187487561427053,7.101572075011225,1.0955816438748593,-0.14073850405631932,-0.137591289282804,-0.1431382785607171
-1.1004048325615725,4.731346884607257,1.7661437638748163,-0.23623143924136286,-0.24541921464373684,-0.4074178456071907
-0.10445623186902724,2.981263098946122,0.8192016703967224,-0.03308329471815083,-0.031769407355246554,-0.026738377891819095
-0.6225414307789618,4.844777014265148,1.4796449765831237,-0.1257386663301912,-0.12524870561796106,-0.18331409009478228
-0.4473053345406347,1.337989195737908,1.359422178955083,-0.3410508927631848,-0.33987927595224254,-0.4610465852852939
-0.4307260986887698,4.641263117099572,1.029409099418748,-0.09411906754341788,-0.09147962570278796,-0.09439024321976307
1.2075620767352238,7.742368704781896,1.5751743138256886,0.16606444822055744,0.16340478281718035,0.2519908384412866
0.2598374909135276,3.1124274286029445,1.6074429595378716,0.08444747747377956,0.08305538324870508,0.13156606854951183
-0.6004430274375517,2.9389024885251285,1.3736892389288118,-0.19961800002209662,-0.19849738729710487,-0.27544603056251615
-0.81408861482795,9.602514172086758,1.4946322328165524,-0.08470157986815265,-0.09052464642031256,-0.1263980066731761
-0.29824878668198634,6.055912666233082,1.0134102721026712,-0.051373857109030856,-0.04672786669903193,-0.05296401100466876
2.055409647664324,8.938578263267582,1.27224254629177,0.23046418377043681,0.236172710418319,0.2985385126455002
-0.27566659290317147,1.9177044514514634,0.6069288358360805,-0.14346409291834272,-0.13435616051881788,-0.0887745522944547
-2.440282614079297,9.512537219375371,1.5082655598917571,-0.2595092719559213,-0.25447056582085903,-0.39874774090134096
-0.3545946325626567,5.739112322388794,0.5924491179524378,-0.059585779751286566,-0.05491816569504094,-0.029095934723105572
0.40888791193465673,6.7004256059900005,1.8030720260019337,0.0681967641724257,0.05709507569905161,0.10840532802656555
-0.7508067936745243,7.8342903141812315,1.9546135320351201,-0.09596900024699874,-0.08807563644575482,-0.18449925198429712
0.12488534752511024,5.115890394927702,1.9966144421939112,0.022704627237535187,0.013467037918868871,0.023535114111226326
2.0208024947883496,4.020426053586314,0.9991773220627407,0.5178522911490877,0.5041931324330976,0.526440722472358
1.098241498815572,6.409227620391845,1.9013058708643564,0.18238908540743004,0.16593769867045738,0.31842435168313926
0.955523986443925,4.208639778799554,1.63682389545375,0.23569596076066618,0.2280934921185142,0.3667997789188297
-1.2695005798101688,5.222549063657756,1.4313434335989066,-0.24050605327268382,-0.24249642638372648,-0.34112739268472536
-0.32193826530871256,6.558116214406684,1.300568528213446,-0.04993184868519191,-0.045113431019183456,-0.06586070618322885
-0.13034622659323752,4.683035280252606,0.6872316027037823,-0.02609492110113503,-0.019006052680967382,-0.01736850028017409
-0.03512121262679522,1.8886501892152978,1.6146013293215784,-0.02238367031414221,-0.01969161216122597,-0.030300579357887544
1.8723973462979273,4.553847052221606,1.6151470129579275,0.4270699885195556,0.4263248728549277,0.6685377364155545
1.4930913657172378,2.709719408830337,1.501740857493285,0.5628462317648472,0.557087421594705,0.8701658410484122
-0.21360756650161017,4.857300008122728,1.309438780656216,-0.045670032000760204,-0.04306503673411491,-0.056651144679962344
0.5368274712874788,8.29998893360344,1.4058815487560863,0.0661061225825111,0.06480236842726575,0.09542155279543683
-0.9547698611279113,8.522337562108344,1.819680201432402,-0.1104459637290253,-0.10510225760142333,-0.1961588568001659
0.8960551847750517,8.588936956015106,1.4427351528346959,0.10959462436057793,0.10874752402053166,0.16147582210484474
-1.813968024699523,5.126621292453325,1.1279217070561085,-0.36547491973128005,-0.34963451393834283,-0.4156945967304686
1.0064527413287156,3.5016029261879473,0.7296000003137761,0.29437620268323217,0.2919583157142065,0.23008616330464432
-1.084630863214153,1.2179876381570942,0.7914135672787668,-0.9257476856989115,-0.9144007980569673,-0.7306257525708648
1.7463785908072271,7.858227090838143,1.8389085211496061,0.23075153046574437,0.2225304775137658,0.410568337991179
1.1807409056842988,3.301278252510952,0.9781553210150493,0.3641827593125226,0.3616289658923063,0.36672412601312887
-0.29613633308435805,2.5144684421191577,0.7568157899784816,-0.1162251385356055,-0.11273350415981177,-0.08893317764547151
-0.31646234266333884,6.739135317905364,0.6496666699838902,-0.04282095246650764,-0.0421488988954332,-0.02239974312360359
-1.134303720284988,2.4373424521244553,1.6709616483180125,-0.4540303612735477,-0.44662401344807245,-0.7736016086902282
-0.9787534015808985,9.43815124454352,0.7979248223577007,-0.10522076726334217,-0.10181182991838068,-0.08776165139586356
-0.9965425811310553,2.853345148802111,0.5675084453933272,-0.352467668896057,-0.3358891018815606,-0.19897279162043202
-0.8507951126682366,5.83366667564295,1.040264572576039,-0.1437328986440471,-0.1405239752369527,-0.14087358644552272
0.5564388045827546,5.541462748590287,0.7312134799637727,0.10339074993247102,0.109530341647981,0.07401000243400913
-0.544522886216364,9.376580768714135,1.7255468691327611,-0.053802219516917625,-0.053449096193777614,-0.09147272761586765
0.7499396847249334,9.443671609222553,1.4572589478650497,0.08066734989488471,0.07992713082972737,0.122209250340473
-0.4041305876047143,7.176863893516613,1.8836120861326098,-0.053487992796199334,-0.05283064056079696,-0.10724129064575322
0.11334514112672656,4.8131115642320585,0.7542026860729473,0.024228165556871472,0.03329727512134539,0.014391881446258723
0.3204704203095532,9.683987215034115,1.8761597548297906,0.029911229736120128,0.029105703755335534,0.06407659514084288
0.04807172030546676,1.6432489535798172,0.9209492393760355,0.03274841989105994,0.03068177066449198,0.014386782151439494
-1.1350477419063247,6.525036526951063,0.983839432128115,-0.17433752113618545,-0.1659004593852007,-0.16393084447148987
0.9198281139389206,2.003988644307363,1.7340846934149485,0.47188403978793725,0.4734348775764673,0.8278436611369632
-1.209587390430397,2.7051861228010976,0.7535946875817517,-0.4514296911602227,-0.4375849046097215,-0.3285078706281329
0.45078840603963327,9.011884727451104,1.7278367066669622,0.05067645046990053,0.04778029285044858,0.08623131129664811
0.3420341768645889,7.321472928904433,1.2710923115667465,0.04362452225571991,0.045232381193835054,0.05736553116163211
-0.340038144760285,5.34622239388381,1.2580812663712235,-0.06415464702393535,-0.06005227450016057,-0.0794214963830751
-0.05081205478212531,4.763857701352348,0.6176078853398452,-0.006976085172902178,3.8704364392429073e-05,-0.0010858338949725755
0.2670156548122394,7.457971656507882,0.6062510589921776,0.04457034781136037,0.04523578568600814,0.024409563961178143
1.9753677553739875,8.013602801370325,1.203164799637325,0.2544881948886138,0.2538057746871448,0.3111270561553511
0.20772678581170775,8.02845554473082,0.7285876704905432,0.031888128400466474,0.027956343625565663,0.020277404070903365
-0.674591259666305,8.381943303854436,0.7838472074245657,-0.08242839740856966,-0.07791435895380684,-0.06789328036217114
1.049200058931495,4.681049820962588,1.7988962906331194,0.2336296839534866,0.22199574364496788,0.3910168608905802
1.265057831134435,7.184415266819887,1.605365099376244,0.18797666683766995,0.18216378908736508,0.28749638162216196
0.1212040541654816,5.635104513873704,1.1716609582017181,0.014612201599403778,0.021719221518259883,0.013368691069447212
1.0421347714138347,9.34523569005431,0.9986718515216425,0.10987362169326657,0.11563045033671221,0.10895894622795936
1.4744529611084307,9.745193286468488,1.6469896134952229,0.15388041017877557,0.1491436755881318,0.2676508193444721
-2.0180650874554673,9.64948246915409,1.0572299339445344,-0.20630281531530753,-0.2071941353656805,-0.20055573182174746
0.7993815555289898,4.73878507867059,1.8489256526123001,0.1768309540635351,0.16344919339618907,0.29681773667573075
-0.4495003361458291,8.683430370552149,0.7037472724382294,-0.05101936384350835,-0.05001242654891455,-0.042515208435979064
-0.7309397484104606,2.3899336294267215,1.3622154581173398,-0.3007948314217891,-0.2969918278777196,-0.41380562740069576
-0.4340891395162315,2.67390692968178,1.149015092481949,-0.16018370226643386,-0.1641095934170298,-0.17837979220197864
-0.07944230537293798,1.1776665936847515,1.4153894673198644,-0.06695753275777172,-0.07092736627955426,-0.09306217323301261
-0.9697855104151313,9.31176124219752,0.6024726368576357,-0.10027510915581608,-0.10334823581655428,-0.05838446339032726
-0.46557732416594516,4.403851752049127,0.6124915447097243,-0.10766584628151168,-0.09982431097463387,-0.06558790329038944
-1.237694821201892,3.844090272930313,1.0377516605810952,-0.3217920100401687,-0.31338698165906226,-0.33204058894905963
0.18219479052265308,6.327441769951947,1.6417944231601025,0.03242927604435003,0.026986117932105265,0.050589314177736946
0.277964669377989,8.904088206452599,1.9428964833834483,0.028944708303232917,0.026889837149462407,0.058314888922668257
-0.5455325570852699,2.079798648986817,1.8755685801886304,-0.2653130452737053,-0.2610309855637315,-0.4972975615327147
-0.1613878069540117,2.140815395536748,1.8334836583429783,-0.07921021180799385,-0.07913754652702881,-0.14231488779772794
1.4878200977249072,3.670178379493736,1.4803971695542113,0.41909208458955666,0.4150317478761908,0.618794662536154
-1.040153586485089,1.1612719265767781,1.3246468669093805,-0.9122919713364428,-0.903792502161147,-1.2051096289535894
1.208269712767326,2.89994672506241,1.8525502786083574,0.4179443774713828,0.42028089658924334,0.775429047110319
1.0883744521715548,4.9543830438492105,1.9908643535505346,0.221151015568751,0.20932193914775932,0.4097731090948446
0.485624794727674,9.846822067629454,0.7294921552052913,0.0494712537844643,0.030112264072978345,0.03612864811554087
1.0557714744645126,9.395485241854951,0.5438340910231574,0.11249333367335103,0.09635303014314166,0.05312045399126364
-1.6271440226115361,9.324330922907427,1.8459645055984883,-0.17425414182949372,-0.16051510704331384,-0.32179006180313546
1.634793793794637,6.622620349211374,0.8220335693416865,0.2516888227617341,0.25771058315509254,0.2047462689519588
-0.8699254362418257,3.513670846652158,1.841381226895461,-0.25302287668455165,-0.2552976030538325,-0.46064086507753627
1.4020041073863148,5.865663956953077,1.5723098665164303,0.2535404855525366,0.24354408508544811,0.380558513773026
1.4113563332570531,0.9525740804712761,0.8433312887908336,1.4049698360656784,1.3124386377460118,1.2119658306027938
-0.3833238315439145,9.827936628132008,0.8661742769021904,-0.03983736230514774,-0.049453911897142586,-0.03601005259526816
0.8644809435039932,6.359976952880109,1.3477012689406,0.14108268313460098,0.1369404309912336,0.19620149394575137
0.7583838256026878,3.6460370444340184,1.0944063706238287,0.20605904522773066,0.20834621060307207,0.23197206462561865
0.4389714049567994,6.31331326389427,1.4498708831877427,0.070652613410861,0.06567859000697104,0.10877121965949726
0.22170499964806709,1.6684504655029637,1.6687384166279373,0.1367528781599745,0.13899091868966745,0.22992244402850237
0.6042677674420281,8.29619341778519,1.213273631889797,0.07297134602706343,0.07211405168962302,0.09272325210707412
-1.2692899848134573,5.2026789631259875,1.1455591728778942,-0.2428611827676329,-0.23660322259054123,-0.27338820955222615
-1.54389409273504,7.312476149397847,0.6040808617094559,-0.21958696437994718,-0.21329074009763904,-0.13231785738955185
1.3514142472391928,8.420456945297886,1.0574838929243329,0.16477315320161662,0.1732277687346847,0.17788138047189098
-1.1458406077560526,6.610354015893591,0.8956691933172797,-0.17727236481604375,-0.16483345580014264,-0.15633247708362166
-1.0141615656826848,9.956614909714311,1.0065456105268082,-0.10585471839719682,-0.10902646627587627,-0.10982827255407979
0.5647268468252831,6.2437151493198115,1.3168081798888043,0.0895575459069153,0.08840869202771347,0.12401375250223495
-0.33373643493940913,8.89990687512163,1.7481573510156,-0.03242891481021144,-0.03457234936196492,-0.05685843689993264
-0.27259670991345775,6.5738103421698515,1.9331439870283127,-0.040866815951573425,-0.04192978449417076,-0.08884693061243824
-0.022759251046693844,7.128032675633156,0.5917163572630016,0.004159082790903403,0.006242110036471781,0.002950918206244576
1.5749521410788587,9.173570611960779,0.7135373049503992,0.17104084188693652,0.16351547453888077,0.12125377377289254
0.6188945976379491,1.7981287576608675,0.6585972431962437,0.3623776725954188,0.34727933937277294,0.2293265083322908
0.13426774084620063,3.5931271565447696,1.1016521110289894,0.03243503808250414,0.033487660147446696,0.04056980254542422
2.1948328936910992,1.9841709942989292,1.1976091077081594,1.1415052394060148,1.1113289734951417,1.393818197939554
0.5041702746288127,5.295431173907601,1.7460792278693371,0.10240837608951033,0.08751895931230927,0.16635792919196735
0.19604411553202608,3.3949574960812097,0.9448388708455246,0.05538587043751849,0.0588461011355334,0.05324372999405051
0.9845348582942239,8.579250941073333,0.7582635274352719,0.11778332400262628,0.11457478315764957,0.08623804394854567
-0.25557033588423156,6.452066040374766,1.5926000875793005,-0.038428954657057215,-0.035619993143740036,-0.06520531336067649
-1.1486705502727153,5.219078195393573,1.7798497559947262,-0.2246360658582528,-0.23347619859278174,-0.38772322537755927
-0.7414095328411082,9.529680169860692,1.6355610022248053,-0.07484390479130268,-0.07716365186639515,-0.12043588941707159
-0.3196493202044721,8.013310014042744,1.7477524200046826,-0.033993735004931205,-0.036455145851219437,-0.06390694297807921
1.6622687666788585,7.8695254015087635,1.1988158171424348,0.22217976679038282,0.2253528447831173,0.2698781008907663
1.2474055865914337,1.8226490484140618,1.273855345792912,0.7108393461934083,0.7119656876534284,0.9095231346822636
-2.0864759067272027,7.895344891363142,1.929571212585079,-0.26918793194911084,-0.26428748474586644,-0.502600469237194
-1.3519607919181602,1.0854052721124692,1.4258861728319527,-1.225550881537726,-1.2234433225727526,-1.732606695416202
-0.047478543074228545,6.705844426053309,1.6160197877527123,-0.0044131376531646215,-0.0047475841196514944,-0.011464416072184134
0.13862221757048923,7.520409134124757,1.062663956970787,0.015188095038145461,0.01435722997607343,0.015502683115648772
0.0385656217590861,5.534639473807412,1.8960162071027222,0.008870546057015677,0.0016049714761537433,0.0012274742241672686
-0.44090719557255914,3.2570381984098007,0.7215035933917818,-0.1364755105158768,-0.1306180647984096,-0.0999698864306764
1.0907688960731228,1.165681265929683,1.904385776986023,0.9596686259051276,0.9512794246659959,1.8101935958113413
0.2720540530246345,6.744309127013171,1.8319997253473863,0.04654096705374923,0.0376683466122009,0.06984649384781134
-0.9929032123527989,5.757548714407218,0.6202645450913149,-0.1832368434939049,-0.17031738737559277,-0.11985294585572756
0.01074778839316705,2.137991549745481,1.414863365656667,0.0020804888634891206,0.001706826809234352,0.01061424799178212
0.7549164656189552,9.195722388184642,0.6038329999937201,0.0854461843949831,0.07147238581613495,0.04741560549995065
0.8964253807791907,1.883422329492491,0.6617831820248024,0.4989935916456692,0.48175092586682433,0.31851121216705436
-0.2166375627580747,6.432436119675068,1.6825784561968284,-0.031452754524349036,-0.030566234077254284,-0.05875626577527867
-0.8980961736313797,5.431260314630703,0.5425088630573999,-0.1746252440190207,-0.16647983103927194,-0.09456399642699904
1.9957503270324735,2.9033174923662664,1.4317221531383777,0.699525523419268,0.6915284045423072,1.0307756937219916
-0.2707423749569629,5.500781955481685,1.9231258730532488,-0.05224817453555855,-0.05681587303428312,-0.10633909749137843
0.2997510746605535,4.685815143470425,1.8264378848755958,0.06849548083302694,0.05754611990394709,0.10753342867637126
-0.5646961098829135,1.4538367639802328,0.6343033572751278,-0.4045425219320369,-0.3919480887770992,-0.2605424641458076
2.448980461948356,3.0413955318313355,1.9588217691531633,0.8059010770908953,0.8295500758933373,1.610933604092193
1.6180813110497434,7.233087879367611,1.773382104914488,0.2365561559513779,0.22973525987297427,0.39306421905813743
-0.4807298819849341,1.2556679226558334,0.7261993804644011,-0.39907299634409094,-0.39644027590121367,-0.29835669873774795
0.7802726838582812,2.7404806728833018,1.7670706957892421,0.29294559835726597,0.294160852364012,0.5002047651734037
-0.24691198373107126,5.290295190217174,1.924850145662452,-0.05026552025770964,-0.05558438681259289,-0.1025575226444628
0.7194696362201655,4.67712759478174,1.5730484009040009,0.1598377905567273,0.14779568706676927,0.24634283010260263
0.42696007272198894,5.8972675114951745,0.6725955719547734,0.07894176124553116,0.08357275744247039,0.05343104773838383
0.5026493789542089,4.060681170256603,1.7869555393332566,0.12956255215758006,0.12057588619415639,0.20881451081162455
1.7374314664983048,3.7204743617067235,1.1186325741741394,0.48060711815132484,0.47004743906232105,0.5509132797717029
-1.0437779141586256,9.862319643308815,1.2969563583926587,-0.10866204891808642,-0.1126416548915208,-0.1446358778934497
0.3274276223363797,4.562732676471034,0.7460929688291245,0.07275046545648262,0.08260904898708216,0.05055679217737133
-1.0261088825673257,8.527268330891523,1.2787917749568996,-0.12061344665920648,-0.12001959360935789,-0.15332561669100453
0.6838074132440051,4.965705380281499,1.4528884868561338,0.1413249924063208,0.13113387859642772,0.21035552443101915
-1.0182528889465792,1.172510470725868,1.172865381492023,-0.8967527389521326,-0.8886803174086676,-1.0454607416043704
1.8250836532545798,3.40464960016605,1.460184931416375,0.5501149853395929,0.5445323981980881,0.8149860988967488
0.5075740954650234,3.90882423675769,0.5124410445604104,0.13542485477668076,0.14156274215313353,0.08060175130851073
-1.9853557801153483,4.8941134638601165,0.5232553226764153,-0.42150685996150694,-0.4041406018160244,-0.2431044070579103
0.041940305975968775,7.916871308610919,0.5091709485214,0.009509373715079244,0.01657278557215852,-0.006906963110136683
-1.6279759837479881,5.16733472665143,1.925102985080247,-0.3302564465168738,-0.32013303917965374,-0.628896562019779
0.10694647286169949,1.4037783707901195,1.1176442298957332,0.07897947049421306,0.07311914765680139,0.07671957605345403
-0.24931172262941145,9.817564111035642,0.9608519004984578,-0.027343603940870945,-0.039755243421513556,-0.027851680867197807
-1.6572162100216263,1.6455881748781525,1.4738808617503172,-1.0191468845655904,-1.0083232500072272,-1.5088336831326974
-0.35497398444859113,3.9529186236668283,1.7009271751272121,-0.09314179285624022,-0.0953808751655146,-0.15363619229188458
0.04204258991025757,4.998833238995071,0.665810061934546,0.012098243025502251,0.01992768904865136,0.008284193377571969
0.8284840243214674,1.3771333425460766,1.6415829441396903,0.6242662243226341,0.6199920602346551,1.0288279001704548
-1.1505676978209756,2.5606118462781704,1.5708470203974556,-0.43756271287390824,-0.4298149902161253,-0.703361223405057
1.048942743178194,6.732004813385283,1.7032057115060888,0.16727520164489057,0.15537311302387397,0.26771263841132537
0.08244590058376723,6.126466416468515,1.0226075544450057,0.007940924383323951,0.015148979824159477,0.0012677165326504696
-0.8133879310543624,1.7006523138259708,1.3940722549796067,-0.4785659923190914,-0.47439887580557494,-0.6680754861945262
0.22889524705235695,9.094957858762843,1.0629497249392372,0.023964199862144365,0.016275566231965147,0.02351388246941914
-0.6555330645967882,1.5857116312184596,0.6306514074244736,-0.43104104790852815,-0.41546921690779554,-0.2701142587056503
-0.1797906367151569,3.512727031805455,1.4724050863304248,-0.05103915882900861,-0.053538243642620775,-0.0673232494723199
0.8835990126479192,1.9118385548720833,0.6803738554277114,0.4839106716232739,0.4678137118736762,0.31817535932915014
1.0572398301291275,6.363849405721139,1.7551478676917152,0.1785731434160968,0.1634871059360471,0.2920522829713606
0.7493156621953596,6.183125750975715,1.563526037278893,0.12877966838648186,0.11522133260762984,0.20263922968431478
-1.2718231809041032,3.4356189882378327,0.5632351308697195,-0.3731492830473102,-0.3616910598313822,-0.20912890710525514
-0.5190696298345377,5.670843544383428,1.2934076913151893,-0.08910280222955315,-0.08614880967471526,-0.11236043977353108
0.21569843721687074,4.100710587417854,1.9671644040247065,0.05134948637008714,0.038867223516844705,0.08122731718882076
-0.06042708574230576,2.1404563286115605,1.332079665040723,-0.030475848019755388,-0.03189190725682063,-0.03351294696355106
-0.040370020922671314,3.3923216071800115,1.0055627934267692,-0.014233575737245093,-0.014483224321217236,-0.010501101475137735
-0.6626159270795161,8.660525164394151,0.5033314648477452,-0.07516502819483063,-0.07315510631998488,-0.043391417123643576
-1.5287994758645207,4.427722853438583,1.4980033022858827,-0.346181119600505,-0.34473851520231635,-0.5228007477250209
-1.004500234723646,6.360065965628479,1.682908486779761,-0.15924071848180182,-0.15982921887924295,-0.26377819331365443
-2.647897706852999,2.220169954074965,1.6175119634753226,-1.1273022999835407,-1.1719802763950895,-1.8175414045415743
-0.215261160013947,1.9579518509005078,1.3495819628547532,-0.1119615158323394,-0.1130290272737435,-0.14456765109699143
0.6069367067649636,2.367503255096067,1.3215005748063606,0.2571929667373663,0.267296751318641,0.33436594934257113
-1.0848816006358022,7.3219490990497755,1.4173919344931654,-0.14560151870711197,-0.14520674326297167,-0.2020884932447151
0.9209209054865076,7.147989227748819,1.7797430118416393,0.13809245270844184,0.12810334427382142,0.22593404350042867
0.12849869133256747,6.969136556259065,1.593916513360188,0.021768559118730695,0.01907911405362277,0.03187890660340764
-1.0448421749169665,5.888410557090786,1.7533641128551998,-0.18106899960724593,-0.185539085850207,-0.3081786971755404
0.10555518307606375,3.286403080415357,1.3513856633834278,0.029333607882664696,0.02703924614281994,0.04866016704330704
0.3565251365439979,5.422771178093252,1.117689358483676,0.058203912320627965,0.06542025950857892,0.06139493080326554
0.062359240794674455,4.603161341831688,1.3152370703186236,0.009212971019791715,0.009962706745034147,0.01750601796661509
-0.5153250108814853,1.849034636165086,1.5493190214488162,-0.2789960334072962,-0.2744541619470333,-0.4313778550746855
0.06327259766824542,7.4074036778607635,0.70367399601638,0.015233698006616326,0.012530327415075395,0.011735486451053448
-0.3544512698996507,3.7981747272420674,0.546898235889593,-0.09312972912365648,-0.08752035912762011,-0.046054208402474935
0.5632934008646463,2.691034625985147,1.0436681451528305,0.20818541293104686,0.21594931254414385,0.2125684026549791
-0.8252339820263312,6.685811552911798,0.8436914818765759,-0.12609194398767537,-0.1186711867886531,-0.10306870311767709
-0.128466676950899,6.136341692098319,1.506294712945369,-0.021621476949747063,-0.018213453491465987,-0.03352989715426407
-0.62947199104578,1.1725612524617066,0.8716347313401047,-0.5568551110717324,-0.5601219659944863,-0.48332797342073225
0.4864866444291986,1.243716820840305,1.782974561726193,0.41197116916083576,0.40913952234255035,0.7325798706344626
1.2707628605857222,1.8963246761169672,1.7775806124182485,0.6821280158199343,0.6835772662748902,1.2499965064855387
-1.134168400375855,1.2820740295431312,0.49779219718501344,-0.877259716182618,-0.8626830527787386,-0.4659438713661855
-0.5766614525018986,6.941024112469232,1.8235173557625914,-0.08137240612341534,-0.08068581522266655,-0.15079636417891934
-1.05990386270649,8.394586248039452,1.2583949451804637,-0.12621282892490981,-0.12460577427452325,-0.1570734593682216
-0.12120886284534554,4.440060568063597,1.3686400972016939,-0.029064632240507433,-0.028982444131931743,-0.0336727232413578
0.6542781465017621,8.10752708949758,1.8753675141720836,0.08276814896087047,0.07705769458046592,0.14346772564254945
1.5167661913114117,4.534657251623296,0.7652003127790908,0.34418807741566676,0.3390257318305056,0.27944211357419857
-0.4678032237621822,3.4304479733560767,1.4177821300356872,-0.13288779546936486,-0.13416018776063776,-0.18463705722401436
0.6264534671270152,6.901504966801106,0.5692269394528973,0.10042356463988503,0.10029747532965932,0.0592156814648704
0.05328483094145169,7.763950611518058,0.8273137622771546,0.010142365627708606,0.005205310922423,0.00920369999733193
0.18306114402274332,1.0360782301352867,1.7488456015430451,0.19274156977879187,0.19219911668321016,0.3290282665832735
-0.8643527935044493,4.481160303220974,1.764800648189422,-0.19779973184790428,-0.20495891240732678,-0.339751994416458
-1.1430074957120708,2.363430431747106,0.9029966385842929,-0.485494912487953,-0.4778718665766116,-0.4178819263409387
0.11074552036977407,7.90200720441846,0.7721534530190683,0.018923877407675396,0.014259337744835173,0.013844647000334716
0.4899944988905387,6.143776078108774,1.8402492133027928,0.0876213383928484,0.07367379904935895,0.14200019273138992
-0.5226963905491854,4.764593047472175,1.0929333354385546,-0.10908435045915377,-0.10728055492074366,-0.11521856055047615
0.6244342820780993,6.60872815272811,1.6591107877863243,0.10218982599115128,0.08949325039878549,0.1647428805056856
-0.6969637385773537,5.437018562351231,1.7713051651055758,-0.13247847827152465,-0.13566582453935322,-0.22826132874814817
0.7558883135513645,8.442348952696642,1.6476711020071413,0.09314592678888862,0.09130279324306892,0.14734767404467744
0.5083489553159509,4.473698910464846,0.5552559097307465,0.12023390552934267,0.1288003606713935,0.07190935034370327
-0.11919012791762255,2.6488548438738158,0.5955848985938726,-0.04032417582448029,-0.034501769569370594,-0.021171780799302712
-0.24672028503986276,2.6584346734350475,0.5153190231186313,-0.08931287748619962,-0.08151305591197434,-0.0396353091213298
0.7333736892711381,1.5349754468018055,0.6396733911592307,0.5017687813353903,0.4736576680987443,0.3075943101431849
0.7612773271499635,1.3647550044849126,1.1360520460455192,0.5768172690517055,0.5741131695064622,0.6240941229154983
0.14272002721396007,4.699454796823992,0.864978842200235,0.027123260311187107,0.036259883117870574,0.017601354116711602
-0.6437244981327952,1.7574018805383829,1.6937092507365257,-0.3629753709754023,-0.35906307640157925,-0.6155969670309314
1.3288904094931346,4.180557780009295,1.1896194953495358,0.32788016897456745,0.3240707852225543,0.3970873267319866
0.9137810087374693,1.28920771787522,1.8289261656533964,0.736463431022491,0.7344595995445253,1.3491707983538608
-1.4525267792423855,7.420378372015845,0.569132950693294,-0.2031697454520957,-0.19858730826387727,-0.11527489741565641
-0.5343461810662747,9.209691498263412,0.6911764057017383,-0.057397913293791764,-0.05743055264084436,-0.04702051942046769
0.49646268773289903,9.430619661273997,1.4221818696678175,0.05154740412552695,0.05080156548590468,0.07373333896720767
0.5163204669286953,5.652044201838873,1.378023095864893,0.09105688081974475,0.0861758471602857,0.1333359088783494
-1.2570655522758278,2.1557642412718026,0.6586953784258883,-0.5964089129376305,-0.5768044674257097,-0.37218071710813583
-0.2483010473618499,9.461674540636912,1.7791331528197325,-0.02331550224780195,-0.021222878491072013,-0.04127335655292083
-0.20650508469058212,9.77496174800378,0.8052678624831497,-0.02085059868497996,-0.030734915549627338,-0.019839717042416296
2.03073154036558,4.418036396282268,1.368056790585973,0.47648302567287815,0.465360244558574,0.6490601606720567
-0.3523687829082745,8.394235357915736,1.1534914627586463,-0.04398985961830816,-0.04779779385527548,-0.05053629915557547
0.11121395067478748,9.409284315038494,1.6775129728927638,0.011615700237451287,0.012063949995915077,0.01774845193658496
-0.6087498436518715,2.1289094490440985,0.7899726686106288,-0.29110862702053786,-0.28671971038594785,-0.22169835694573123
0.7355239544807779,7.5933352463804225,0.827154811268068,0.10058877954475923,0.09925916083973843,0.08272281917812672
-0.30443668900847215,9.822205157505714,1.617656573248077,-0.03215529763181381,-0.028239965269457164,-0.05763735240402731
0.3586470269780217,8.034059589046885,0.6803117967667673,0.051797615469593626,0.04877210257349448,0.030913485753987807
-2.023357076515507,1.708960018508762,0.7720081888467571,-1.2142709535405705,-1.1889141127295453,-0.9256132422219051
0.4384064233239882,4.464531459375548,1.7806701838945427,0.10391875392022737,0.0927928331525926,0.16652644571983882
0.6175358314719311,6.613036346074851,0.9240150368602187,0.09148951895434829,0.09545846455340314,0.0813832135734497
0.7193474719523558,8.792931605823984,1.327161456188921,0.08415570203197302,0.08348756386814288,0.11648685473027398
-1.6974866767455006,2.720372261155246,1.9840406297499271,-0.6193610166732972,-0.6095050121736006,-1.260890370756098
-0.2678722455299852,6.965896579731667,0.6461788366657872,-0.03359721314764721,-0.03354813429509506,-0.017195615605905483
0.9175215850650827,4.526915006008639,0.8585040378181292,0.20289580696515064,0.20457799968626378,0.18145883472948687
0.08131674791326918,1.7186813653896373,1.2833755068512767,0.04602441130484763,0.044014043841414593,0.06140833889181384
-0.11056658396837209,4.843212549863974,1.336930858414565,-0.025642754674137864,-0.023379706602152352,-0.03053832376944145
-0.23170237142536437,4.8822227304877615,1.029185770852327,-0.050773200612264195,-0.04599290440817729,-0.053077636127397965
-0.28802513186994044,1.9152775171440948,0.8131317328096379,-0.15122765086420492,-0.15128465463811613,-0.12363188807598771
-0.1292064048935758,1.508016931687747,0.9033952283034412,-0.08639186221917104,-0.0918069579638171,-0.08750563586248572
0.03139599181412142,3.27320072873802,1.9066567662967389,0.006413697850023124,-0.0029325207963339568,0.005202945106353539
0.3653705790128138,8.950771923470652,1.4705862623963508,0.04074376857237373,0.03940526956016101,0.058796799745275255
-0.6925347479772824,5.7908689491451835,0.5270332046440658,-0.12417603599737724,-0.11847691813016366,-0.05990924539936741
-0.7155021830119016,6.717688836008847,0.784879402939652,-0.10860569879284787,-0.1029843385172741,-0.08225059424015738
0.15628781111171985,3.2991952419300117,0.8562450884575,0.04783417637585123,0.05153054369100896,0.04120963149018808
1.0602370440691486,8.17458923700208,0.9020420698084337,0.13208962165476346,0.13549188977967142,0.11816069465139575
0.34490784001237473,8.673701422991979,1.6333304344251793,0.04212085788931234,0.039825398611249736,0.06527052306797276
1.704455465190082,1.567480718447273,1.3168504083104835,1.1419232579770602,1.1308284837159017,1.5032308797934821
-2.0841844348681096,2.9078180380666407,1.726681755733556,-0.6834789114192534,-0.6821202130789686,-1.1882066758784342
-0.12885649751453115,8.751736405623374,1.1790545918039905,-0.017251526686645348,-0.0246208309317583,-0.020913868309209188
0.06903139969255748,7.0726702443681475,0.9407224867964399,0.008452960309108443,0.00825800234821123,0.006610040803486742
-0.9753150235104805,9.809241388416744,1.6696325133110266,-0.09511388779437073,-0.09466046290448982,-0.15682958096357638
-0.34756889220223997,8.670273352621667,1.5830965630710039,-0.03657768277670361,-0.04115329964068371,-0.05971296284492831
0.48712246496370687,9.791413292065847,1.6555437350764717,0.04594634747652294,0.04605253437654943,0.08011404999328463
1.3669401396297327,1.6395427821942947,1.3443776749129184,0.8663611227375568,0.8610185632894478,1.17630042453184
-0.8972310669793624,3.86249132544181,1.1381031097501801,-0.2287172055722374,-0.22680236353673516,-0.2583508032677939
1.4371071256315524,8.433938063652178,1.45712338177995,0.18237040861362114,0.18097174165428354,0.26705723409875265
0.6246399105892247,6.006121988237996,0.5204297889007877,0.11258400657328231,0.117802654133659,0.06000121742181828
1.2358304639536943,8.423141076306072,1.113296092994764,0.15187551814860595,0.15867452650615976,0.17402794664708046
0.6239537867033381,9.696800279462032,1.3229567059756253,0.06337490166385928,0.06402688930240875,0.08469260991304683
-0.14352943871617585,8.197242142299057,1.6466069074036873,-0.012468443830324867,-0.015928418355828637,-0.024807119207369742
2.4409654653788713,7.608462533464749,1.5113362296929989,0.33812549476577275,0.3187153332064586,0.5157606947593607
-0.7275420244811567,7.9075451108824435,0.6470141353195954,-0.09234488040874324,-0.08824615003263693,-0.060906305810731316
0.610426905944951,6.0976527791195085,1.5108260715556574,0.10483505813857878,0.09398651303837145,0.16409131338033459
-0.7300832980443446,6.669366416429409,1.7985309989329266,-0.11001183582577025,-0.10973984600625339,-0.1961718708336023
0.5797463313730672,4.485253594747267,0.8491107383215974,0.12672730855397746,0.13460078537210257,0.10569542996643468
-0.3877315539355994,4.186376908230601,0.7147868432607051,-0.0942127466558038,-0.0873415138134588,-0.068470708964375
0.9438647241470131,3.77431970491622,1.7155445377065826,0.2581935516461244,0.25470333222771124,0.4176405372778943
2.3325850711649387,8.22348016739142,1.4163708356313818,0.29464824735379724,0.2814250323482947,0.42660182431535487
0.8799235648527242,4.937078814532681,1.7590641101354008,0.18795577803079783,0.17283980010079536,0.30754825017891113
0.968064516313476,9.037958114987282,1.9374047617129162,0.09978772512981725,0.09849165036125183,0.199385399868809
-0.8842063617690009,9.065835060210908,0.8113478322405475,-0.10069833642329742,-0.09395636089174769,-0.08790457975090858
-0.9622939550208831,6.758883155287596,1.1587674991427759,-0.1376000845273056,-0.1371382907150701,-0.1472362122150213
-1.5857644075672606,7.9222953902691575,1.8975349222372262,-0.20765354716920487,-0.1979210567967588,-0.3797311537121857
-0.7304581894024523,7.411418683900355,1.7175948838846269,-0.09641121246532046,-0.09557784569432383,-0.16665796098445793
-0.8685896386599073,6.187990148958777,0.5631709372075101,-0.14712598405743532,-0.13976815708205526,-0.08133893611356846
0.7016321110783914,7.88818329891926,0.5331767433172185,0.09568694354215804,0.09363602974773787,0.046351872394538106
1.2058419086296388,5.723932600349517,1.090261946625369,0.21651657809264108,0.2201063989721232,0.23789955825436215
-0.570802401383666,5.450296551428485,1.7920542775387185,-0.10883480171618294,-0.11111623245340256,-0.19097130421820813
-0.16055910226687786,4.734604713920751,0.9895112093597449,-0.037751343374663085,-0.03246957953792717,-0.03900980022377192
-1.23900490522348,5.1893260696424495,1.6664420568732405,-0.2395356767183094,-0.24734290794918146,-0.39207393757557346
-0.2715880931442084,7.357751954775255,1.897517452856685,-0.033531804831859635,-0.03351560575630839,-0.07271309079378446
0.6297753497699901,6.109798339788426,1.575156211772919,0.10943573385387413,0.09619029606184804,0.17460766437781905
0.8539722018455089,8.688727332667314,0.828849032225109,0.1001669209825878,0.09904250764120386,0.07802784553868122
-0.6967953138612388,1.5382047089764477,1.5349014185235532,-0.4525152199598161,-0.4471828746497176,-0.6970796974402496
1.0803519819451357,7.333426859011182,1.6475899447166882,0.15707607853659078,0.15105950220737507,0.24496241480979883
0.5493853457537414,5.064651382524933,1.1529872649138242,0.10278728255868849,0.106639824951338,0.1203053748604883
0.3312431173080617,1.187201378251424,1.5480103128142308,0.2895634336531199,0.2832650174398581,0.4445509385839754
0.9357460533793167,8.978718217915613,1.5513028090606469,0.10827523166719923,0.10707060058167796,0.1693122733522013
-0.5125241051669281,4.495201942403128,0.780420088892831,-0.11765179129578318,-0.1097652321821067,-0.09440506855728811
-0.9382705816667714,7.449872621586536,0.66340189310179,-0.12938963219959265,-0.12179210944871181,-0.08609702154928457
0.6516812732653112,2.2534206452782595,1.2297349681449345,0.2909004057292638,0.30323512523654234,0.3478208264126037
1.5136708830231413,8.75737057924398,1.1564380386045052,0.17727261350646423,0.18640188187645235,0.2111533063152907
1.5688675398736798,9.396440989218553,1.3170017792772306,0.17015812948116632,0.17952897660985767,0.23089300108163865
-3.5766532035923437,3.8686143069387806,0.8957866725423048,-0.9233454217001007,-0.8379525311888958,-0.8596987585866793
0.24428203685700048,7.476197988383387,1.2479364956703398,0.02909412266259015,0.030399612031956062,0.037072755906226024
-0.4840546284920783,2.543119912084772,1.333246116789412,-0.187568907845432,-0.18725480008702655,-0.248181797305006
-1.5648079242019823,9.386707539361026,0.7498576419009195,-0.16357138945225264,-0.15970982310226772,-0.11741587483398101
-0.03046375940822619,1.2596330785961385,1.819238675842768,-0.01595850922996631,-0.011946741843506414,-0.02731420208218972
-0.037535060228724736,4.058384842775954,0.603861445479466,-0.005851295392710256,0.0002008346181707546,0.0011983612546756055
0.7839081495409533,9.617724144952394,1.317884882942897,0.08221752225936656,0.08417702752012522,0.11204723672825605
-2.050335360660602,6.0390947966857444,0.7239557593659659,-0.3532742574170011,-0.35553243423198183,-0.2495647510678354
-1.2399631402270663,6.9120383029655965,1.1800138086156955,-0.17547902557362155,-0.1732494553796876,-0.19576336165303065
-0.45434463472903003,4.93087048914348,1.0270597940272788,-0.09328692880483774,-0.08989726577443978,-0.0936497352783808
1.6487178779958205,8.872568243244128,1.9176248756290644,0.18102988966485728,0.17524174560484473,0.3621356138363782
1.80502622101989,9.845819030907297,0.7131466225254605,0.17918948485886604,0.16885291205929603,0.12109319471740657
1.0208103119480556,4.834160387103517,0.7395241102739762,0.2156770420101074,0.2148541818153646,0.17122293335990366
1.181285059656459,3.8275707887163817,1.8363252115877087,0.3137631564643215,0.31140538890216346,0.5518397292607135
-0.32902703836120684,9.797506706415648,1.3484516360801377,-0.03911792435752966,-0.04568917524318084,-0.060486953386829724
0.15791988156406292,6.602298357559947,1.9382756538530956,0.026993681106637163,0.021120454980231577,0.03209185998842115
0.39558323988951966,6.895239413690485,1.504855176772595,0.059906346363103546,0.05549140584437501,0.09308135620172786
-0.03232080953664551,6.564665325063842,1.1826513390648627,-0.009860946294896143,-0.003900358162157236,-0.01517844669412083
-0.7731813888249888,7.887499288856077,0.9679641356833615,-0.10034781738377606,-0.09472477033070989,-0.09453261609968903
0.9775060350388084,5.402979595170385,1.0786636280808097,0.1813054693676494,0.1849329120706648,0.19842214923287319
1.3877057548764027,3.1137973836237958,1.322898148946285,0.45818864241440854,0.4568163088609121,0.6156473639248448
-1.6099549002313929,4.12922060036448,0.5544417258691758,-0.39551460176874587,-0.3889125778687132,-0.21951684274932684
-0.04665909937111484,4.066652906895043,1.8470570830419946,-0.013679780144812491,-0.020666649599313018,-0.03148946435181002
2.1881187506705495,7.1832089081593855,1.2067996213743053,0.3171681980821391,0.30577014317359696,0.38645724729018854
-0.7270508134366784,6.437454007163142,0.8605593408501813,-0.11474502821989623,-0.10892227179559566,-0.09490276712626589
-0.6355376229110572,6.996236937418638,0.691456861576933,-0.09124913845730354,-0.08791839199724347,-0.05952602400517201
-0.7168328772849988,4.040512051614996,1.298595492810757,-0.1716416451477979,-0.17242317610107216,-0.2208498314918383
-1.663461047069188,5.4292296289909245,2.0048905034886344,-0.3309712763004317,-0.30600681192151125,-0.6611847015751081
1.6797294094797386,1.3958859735879283,0.7535210746025872,1.282732528698614,1.2408331794189191,0.9383460784129618
1.23920104139915,9.513709456085204,0.6310389125158019,0.13009453319537012,0.1134761769408706,0.07945768172588334
0.1729459485435329,7.165378336754098,1.7023786139890895,0.029724714888849216,0.024278280402287,0.04302947352257682
2.5181213423431017,4.3008018807279225,0.6154688854351086,0.6133970758607868,0.6314231175433177,0.36393085905203176
-1.5481084480536607,7.9755220071648,1.4756055909308976,-0.19883916763272835,-0.18885109113950438,-0.29212855284256367
0.0530032470171509,6.264203440682968,1.6351240092930701,0.010967068499683121,0.008555081496260527,0.014882402377251105
0.3538036516372848,7.8481154602395575,1.6434384042940364,0.04979440481039631,0.04539046823709142,0.0764969073225504
-0.5071234022871509,9.013321730696438,1.3415762461330716,-0.05817006876598817,-0.064736695256072,-0.0808467689167498
0.19553325924368523,1.8421039901773297,0.863563365156986,0.11258175202621123,0.1134983049661427,0.07948131659701926
0.2772561468709934,8.708167367202117,1.3340565885484292,0.0306005636584641,0.02738927010108197,0.04098094852274318
-0.4646818973493539,4.5805186771762925,1.0089419504378956,-0.10281945405082858,-0.10010214596644285,-0.10121005879803163
0.9912495389712003,6.213337711403446,0.7699748471522343,0.16315431900055888,0.1626259784214677,0.13112769259675966
1.6080728651984029,8.988712196542568,1.9098259878523185,0.17328525501459846,0.1690594874701991,0.3457358947355897
-0.7001563363935689,7.2906705485139245,1.9081138049765962,-0.09604097150642243,-0.09275261573003617,-0.18164229412825028
-0.30711408273216717,2.808405408274578,1.9139331869110867,-0.1164826007491486,-0.11964574880490388,-0.22080806192030972
-0.8553974752141279,4.299486758342226,1.2668742049419797,-0.19299465269431837,-0.19314703487222334,-0.24230809320575425
-2.318794133353481,9.179614431479186,0.6858961238091124,-0.24628299988525187,-0.222265646285066,-0.17300199615054498
-0.7368764560983629,3.7158197966136615,1.8913064777269195,-0.2076074207088794,-0.21113089790130019,-0.3845195026090741
-0.24598656383128664,8.591334156083162,1.6404578869394901,-0.02406539201324717,-0.027955525846175864,-0.041931125869044475
1.3579672962220355,1.626170249007942,1.3894177718837988,0.8651451967399337,0.8591300504362659,1.2182784648623524
-0.7772252504860339,5.383919033855194,0.842637782431582,-0.1491002429396081,-0.13854220441899112,-0.1280289685224347
-0.7419234421011114,6.067169434454867,1.6618013235878002,-0.12261864339415149,-0.12209829222352095,-0.2026537133813476
1.2367588255674347,7.221951755916225,1.6869976811985228,0.1825593035688765,0.17642029532902492,0.28792807319680574
-0.589469747053774,8.771430457047703,1.6911862895664538,-0.06259569013135705,-0.06570593871597005,-0.10428954181649402
0.5205462247309828,3.8606924608478685,1.6251493474348695,0.1389740170549293,0.13337894097680958,0.2145123856051936
-0.6898847023761062,3.414352872797313,1.7724536029496787,-0.20602787791078442,-0.20891690051119477,-0.3596288287563445
-2.8554405408234302,1.2008244060147026,1.2463092966510174,-1.8470006220743551,-2.017319329081527,-2.1323548605188845
-1.0895973050847327,4.901224275370946,0.90828316236872,-0.22898357508711598,-0.2144094527789514,-0.21257166535206073
-1.2461639943758065,4.127279282836877,0.6075255721801149,-0.31283994336229687,-0.29979553316959645,-0.1975621181810631
0.2702172292912466,5.507073508368633,0.8674537763581857,0.04585931605575703,0.054985725922536,0.031889667380103855
-0.09842037981728012,3.8727071260587094,1.3455538483756575,-0.026731960961727835,-0.028859973249824974,-0.027438032512097196
2.9990226310858454,6.657147032018399,1.2313854885184183,0.47847274995776057,0.4497928872828567,0.5880102769251982
-1.1478082315230327,8.938539103866088,1.6539581593644077,-0.12904945236345294,-0.1277504129765782,-0.20820922830628438
-0.48610549489695776,2.3360058475297802,1.3154321861321032,-0.20603862230936598,-0.20571544358394156,-0.268768968456651
-0.0019550993072952622,2.726298252177158,0.7076670930723803,0.00437617292546009,0.007856773421255464,0.002884460759900518
2.7243924630423138,5.901732193684693,1.3709070013616174,0.48789507311794045,0.4683368451346525,0.6565525146803198
-1.1514725305042803,3.3242207616303583,1.4935581429629061,-0.3396918955614011,-0.3344986452532254,-0.5215867217607414
2.067602316520219,7.333976845155488,1.1638227595041943,0.2927615095184526,0.28861868372252836,0.3420648720609434
-1.1232188063093398,5.568318203301752,1.0909928519054282,-0.19934020131876967,-0.19449626728833214,-0.20932201459508906
-0.5587720965940649,3.319878685623375,0.8058933837775961,-0.17098085845428107,-0.16670944602307614,-0.13815899487276978
1.6710648045282246,4.863111795808277,0.5110419830623704,0.35044162245508453,0.3556647388195369,0.18674717210020125
-0.9868137769464349,5.851072854529573,1.6264183809528454,-0.16844033745048037,-0.1706516940054102,-0.26989718961772174
-1.1116990898247434,8.814988134297364,1.2379429301118041,-0.12776226029867177,-0.12497924827092213,-0.15947403289340192
-0.16003572320759424,8.20589846378379,0.7808566227762699,-0.016779377948092977,-0.020466247699846056,-0.014526846466671581
0.8153269899470513,1.9688493987640658,1.4449752035381371,0.4252365037747844,0.43313285304422033,0.6127180694973408
-1.126139048523755,3.8444409491568683,0.8687819130606458,-0.2993098703055205,-0.28654440273659254,-0.2629507497419342
0.3796281677321938,2.426338348684273,1.5091735174860093,0.15736279627786848,0.1604694938667554,0.2360328673752553
-0.8966019758149283,3.6418486322552184,1.9968543438629407,-0.26091110703641957,-0.2529709329203603,-0.5208898366829814
-1.5903795171664525,7.008691270474689,1.5676782778384395,-0.23429076958767253,-0.22548380869419388,-0.36234846852213237
0.09409708519426803,7.392569565580496,0.9280913724001814,0.012507740328551998,0.010007203998471425,0.011599156081766622
1.8589942413510958,6.575630927211664,1.6516144974687823,0.298735997535714,0.29081859712942393,0.4681704491616979
0.98668047987137,3.965459234660657,1.904901310943735,0.25200680419997923,0.2472332614920995,0.44875665282976174
-0.9805920513469886,7.610088879121498,1.7870498333323583,-0.12999362259165836,-0.12630561024932965,-0.22779120225498156
-1.1692412093802802,9.657586271499063,1.1361670960855306,-0.12560612677122862,-0.12218147485463016,-0.1491806263616529
0.41031101529190267,1.5207597517644196,0.8988638121481713,0.2816783397277431,0.2764965172666025,0.22454489569153588
0.645517836959641,2.195804524916353,1.868376140060465,0.3027463580010805,0.30200967105727106,0.5593053358294304
-1.1590045908902507,8.751587362523225,0.5349939683892264,-0.13072398355024317,-0.1312209146025201,-0.06928712659807604
1.3677906582751391,1.024141454823675,1.489527850524663,1.3064460185639875,1.2638147790658254,1.9343999092207376
-0.18446422375010135,5.878948492553372,1.8239756095203763,-0.03030701603673911,-0.03284687570619463,-0.06333182141798131
0.6008486970570867,8.317633212735654,1.0372512828077949,0.07214303840016854,0.07096041383240435,0.07500884231666391
0.9948297340348561,6.310045356461808,1.1155556660454171,0.16007206180085454,0.1646680863549363,0.18017271477733277
1.233902586149403,7.150394443068355,1.5015486504037319,0.18441136663205931,0.1791779553345466,0.2710696953420289
0.41118239058045597,5.270451054339747,0.6998625370431542,0.08174395733980382,0.09003478168312774,0.05469889961944671
-0.15351086454378327,2.9947612664786636,0.7124836086706344,-0.048208910810862406,-0.04435160917037425,-0.0340447198315728
-0.8487679674942611,7.163383476060984,1.1426130440275142,-0.1154471628717223,-0.11409484786760857,-0.12233974404412877
0.06062443592089737,7.853928876634484,1.2207320758405131,0.0045727384570941245,0.00341144151772229,0.005667913700766686
1.6728609000181374,1.0309643194594083,1.0001449041920478,1.60701169379634,1.5374508418360915,1.6007076427435372
-0.8982281252406583,4.754029289094546,0.5128252703104771,-0.1973481275182763,-0.19130142279690937,-0.09865621423589452
-1.1230485772824774,9.358180758712836,1.80177201889008,-0.11671960591370242,-0.10877204921851454,-0.20696631034204166
-1.9474604707780745,6.478288917828166,1.0852732337858022,-0.31200694507289106,-0.29704431559994726,-0.3443490718993256
0.4033654551607269,3.9961943748310995,1.1586738770822635,0.09485190577482606,0.09686339620952206,0.11508218191744231
-0.3619394031365774,8.328632581232233,1.9125657454056095,-0.04028440323394633,-0.03709894320690877,-0.079997646192225
-1.2636141600917012,3.218080351878086,1.3830165577745472,-0.38404752839673,-0.377188754122523,-0.5436606061989674
0.631516340107673,1.3011128818971018,1.7608229901757904,0.5080330370686763,0.5049499186269113,0.8947002187634885
0.23385365609970146,9.189598632343763,1.6555146633367386,0.02582356056307501,0.024884570892238164,0.04084760095606992
-0.05763364474091417,6.678967241069488,0.7169016388332596,-0.003313170733123814,-0.003853629284584634,0.0009857758145376209
-1.1108281886707663,9.521965845595151,1.2116448898014218,-0.1203938753723242,-0.11884728556177446,-0.15122293113203047
0.2099595803329907,1.8266302981074571,1.5016730892745038,0.11462189318107892,0.11563028424309992,0.1767182466188335
-1.6036447354393684,8.914194611807352,1.463141167906123,-0.18198461597591414,-0.17574329852306797,-0.2645345436524474
-0.5151688898846424,3.7097891707125012,1.9320969880024057,-0.14937101269453756,-0.15368259795027556,-0.2830224443893255
0.7125653068521753,8.811663195793521,1.3610839254755003,0.08330685686357375,0.08246471155700037,0.11779564174950692
0.2962350230276224,2.7131766837122844,1.0291383177014077,0.10709050976926059,0.11191030233886282,0.10735138294939016
-0.8195635185529992,2.307293366495156,1.771620368763865,-0.35114504929169327,-0.3466214052729377,-0.6263772421718568
-0.642631354048354,7.030851832789693,1.2249881122728943,-0.0887433845489123,-0.08771473581309061,-0.10329102684725412
-0.5859876529105604,3.1655898667344595,0.7663793611510421,-0.18802215711007086,-0.1818575143690977,-0.14555305923359818
-1.0032883243744202,9.22625853125054,1.9918588290460084,-0.10273048165789433,-0.08358487187866373,-0.1989087539859569
-0.5148529049573584,9.152353446709089,1.322703116477645,-0.05892803522365086,-0.065771043666277,-0.08140180275969718
-0.747945305774983,3.298214600287907,0.9994490826795033,-0.22637184944537664,-0.22574470268708785,-0.2219601173487851
-0.9737370198040632,4.906173892667648,0.6183722486646435,-0.2104104737171444,-0.1956676055882341,-0.13981388613571064
0.11796032717849222,3.0440449329509134,0.5325091806271676,0.04395030401855656,0.04591030192306035,0.0363315137379385
-1.7126517380666122,6.51659996161316,1.0160779020099677,-0.2692053197204307,-0.255279608677043,-0.2740252622795709
-1.2809025051659118,2.244133884228456,0.5600153123213527,-0.5776760506069573,-0.5565775883556099,-0.30773825354032075
-1.052913604206321,6.474717709680326,0.5334920655067522,-0.17154509006952684,-0.1660579175063327,-0.08976900495287894
-0.7737218129475887,9.806515729230448,1.0184689687262376,-0.08366049450509097,-0.08851042983275449,-0.08934027682343079
-1.9317743137073418,4.0347702201181574,1.0705927086879197,-0.47877644235216144,-0.47262877026238537,-0.502452181212125
0.9044753506743839,8.03348426320066,1.092329851495101,0.11507891015450221,0.11807644071315015,0.12903732841739426
1.7472067303728342,6.6971831914229245,0.8707093706979683,0.2667138958608735,0.2755555236752562,0.22625393424827908
2.6011101925782083,0.6049452695330917,1.8889155690932407,2.557374580416445,2.1651028930926404,4.627646728971882
-1.4477875079270648,2.0713399414212095,0.7611771750015119,-0.712873982736699,-0.695684132034635,-0.5112976012473326
-0.23100137439249083,3.6580958015135745,0.8989242682243321,-0.06450727810582538,-0.06369467885726385,-0.05550312456187021
-0.668706795787069,5.035584059957051,1.028048246892886,-0.13249601541050293,-0.12905613957132137,-0.13200106585105195
-0.272889548853011,8.519182464132218,0.9001200797676585,-0.032265566065044604,-0.036142523110336014,-0.02964651367473376
0.8506065751848102,7.9277926278224555,0.7343594585682279,0.11287369046855375,0.10949682588543726,0.08233702503387046
-0.20182164037104244,4.775681800481322,1.9507441499533016,-0.04776090377619982,-0.05518187601086468,-0.0989132488743273
-1.5028942134584924,2.194031436120257,0.5471667593453359,-0.6898877612793728,-0.6669220695054777,-0.3594254126491328
0.025488071256456413,8.629303165362291,0.8794926777955789,0.004500530570369652,-0.0020168336026176333,0.0020154552113395645
2.1194108350333436,4.476164051987891,0.5972633435704039,0.489060310396314,0.5009648050445228,0.2887494692820406
0.280525468491399,2.1614616436417133,1.9831194121790174,0.13311047413396154,0.1223557263598228,0.2617414746930945
1.845683252836902,5.461100861308848,1.7457576760296403,0.35255033342645614,0.3504399995473039,0.5815239544171193
0.16602310793070277,1.999081944068588,0.6634109617796513,0.09192182359736656,0.09089361971300967,0.05551476647603444
0.6648127854109107,3.244415324845913,1.5284438243099996,0.20894718062638296,0.21044415043785442,0.3095233797578772
2.0437011388360364,5.886334666113353,0.9300599028443822,0.3586849199051794,0.36019951754994406,0.3278262025949028
-1.0836419958185088,3.671682079374788,1.1461030175314242,-0.29114334041703704,-0.2868945734996716,-0.333559592670132
1.852605737924467,3.8405311185089146,0.8781450691723319,0.4963921389967177,0.48800466354917404,0.4448783364051866
1.69224424113138,6.466454599771559,1.75813108845254,0.2766488110189976,0.268332036697551,0.45522890288789464
-0.2038039996674708,2.2335115152999334,1.9862588088504607,-0.09587959107130631,-0.09872393533803786,-0.19200791979491416
1.1176476038367036,3.5877044359500903,0.8673700855875952,0.31681172284429604,0.31285843190775986,0.2890134126376871
-0.08116666256379512,9.697387170737013,1.618149032687357,-0.010333711552878013,-0.00686336788500227,-0.021742586573172722
0.6783370138559375,4.007079416255344,1.7769272388534432,0.17617067198672604,0.16834091695308456,0.28636368659571243
0.2678141957111483,8.48594523869113,1.293719203982942,0.029942531622433176,0.02679493569221851,0.039709713785636355
-0.7642244657622529,4.895483831019901,0.8301365315528357,-0.1620540522430221,-0.15059424223821521,-0.13925789412336878
1.9323552652235925,4.065571400044046,1.272535807198133,0.4906829195761644,0.47830711901838285,0.6310736126334754
1.8393518582857715,8.085840394684482,1.2847505246112265,0.23877593552870546,0.2364819469822772,0.3126305381011647
0.27284620995796166,5.098018136602214,1.3815183082965867,0.05030414721735795,0.04835491781047763,0.07594707800126461
1.1394816017517588,8.11034714179337,1.9873839578028691,0.13852030158873502,0.13116465829188761,0.27108909391956704
0.9907486955708275,1.6023998805144055,0.7187787089281821,0.648684377320796,0.6200609631025137,0.44796094168306333
-0.0788747861917441,5.148304524932393,1.8201726061019268,-0.015258866840846102,-0.02004794935464256,-0.03535031582511004
1.9187853662000887,7.486282028204512,0.6868647876342445,0.25547367024631074,0.2543075602097961,0.17018545877985158
0.9053294050712308,2.6532258568117415,0.8108141289739722,0.34969620527513356,0.3476731172395168,0.28554113654053753
-1.3256256910467978,8.830966187033091,0.5240107225971077,-0.14810739381553184,-0.15059816275383603,-0.07551908599871167
-2.3820910924704215,8.83942470636329,1.2213760212940898,-0.26857073420943883,-0.2742403859301974,-0.3119297793634654
-0.5096441581781422,7.871624593672363,1.9631346583118725,-0.06410572947986622,-0.05720921378234009,-0.12848203929634133
0.3658793803100981,9.351842853790515,0.6284744325620866,0.04208447203771831,0.02945498372330252,0.02043984364503832
-0.008960544821761417,6.2751497282788105,1.857977565790156,0.002252665283819796,-0.0026700390994490787,-0.009748597446228266
-0.23479262185633892,8.236242973986531,1.407492751075013,-0.02807587255461223,-0.03135730613111409,-0.04179885076171834
-0.8439373211772095,8.674372851176415,1.5590942877477705,-0.09579088632340185,-0.10032898494525844,-0.1464741497160431
-0.42202556421346876,4.240241173135334,1.4204261720837232,-0.09720559742458854,-0.09777659286330644,-0.13309647442561046
1.083413293475679,9.518934459088824,1.290326503567636,0.11652271636894053,0.1222150468549656,0.15716360763799828
0.8445741005519112,7.866297298542993,1.7884621418325213,0.11269825798604333,0.10778856403536,0.18537274242070062
-0.3764240607684892,1.3642086190799008,1.6536456964032187,-0.2774340046324506,-0.27140978240108876,-0.45589715153847327
-0.6262004930638557,7.995387612799963,1.2615551400919394,-0.07771065447895914,-0.07905273489751542,-0.0964060263438062
0.8437542407831314,5.999943824882046,1.9058394005136479,0.15002736190984273,0.13354687885148014,0.25710954878778547
-0.7992502176135455,3.2740967918267154,0.8484171815140162,-0.24803413826247994,-0.24150146403010736,-0.21017374894036803
0.4120566306692204,7.935831776005923,1.4039517067387839,0.05249890258607098,0.051402620336170164,0.07575594692343333
0.3371159269089907,5.94171875364134,1.9658552380078211,0.05996934051477722,0.05051947298998872,0.09088868767916285
-0.8931605947954698,1.0636203857205873,1.5331161712902237,-0.8241349791786391,-0.8189071572119018,-1.2586202264731932
-0.22495618693164893,2.6195402144805917,0.49982310746595005,-0.08202001820309023,-0.07493013949667782,-0.03268815508465269
0.08301487511664545,9.030887670411321,1.8922820622614485,0.009954516032548152,0.008219462103154527,0.020403601930563998
-0.8267637214047082,7.444770761594577,1.7616833523195061,-0.11014858492638623,-0.10831622609773622,-0.19276363132708843
-1.5145494774494586,6.401299252758122,1.5352457658232392,-0.24099210477300587,-0.23800147452621545,-0.3641592755806029
-0.20977088898187546,6.478321165473161,1.3166822073871114,-0.0345428206190261,-0.029037166387308848,-0.04719695700121417
-0.33799948525922974,2.955429286978237,1.8175003594156864,-0.11987686327362669,-0.12258645207676269,-0.21317145275100557
0.6801676253235505,9.003894910821256,0.6186937322686079,0.07966889068172545,0.06920858660439327,0.04352722613487944
0.0031891654926772834,4.850660326699373,0.7566396394869931,0.001204597779211035,0.009370203848680866,-0.001964918009486954
0.3811594302184784,6.0855634230061355,1.9790951017090128,0.06545950775364869,0.05646468840808969,0.10150964725596327
-2.430153996394876,9.71135437261239,1.5255311036050105,-0.2526052284718417,-0.24680462728541253,-0.39590245825648923
-1.2992753907853805,7.310641162091429,0.789382070738699,-0.18456759908511938,-0.16934143756752595,-0.14748440775578886
0.2840551834648694,1.838385135428716,0.861065074593665,0.16234386322191624,0.1631253132851646,0.12032550275783073
0.5948044235653219,3.3909691628936107,1.7124952561813673,0.18144420407853695,0.1790361597667705,0.28914121489742833
-1.5684720617180792,2.0503319800864652,1.8997987632701587,-0.7659254163786582,-0.7591523327030283,-1.4829466392989952
-0.30965173987382505,4.968312434991669,1.0501895642373367,-0.06472256747193336,-0.06053630174864803,-0.06767666890538795
1.2852259187409811,3.327105354757051,1.1811088289671539,0.39594695640996974,0.39503265132125326,0.4761720992179629
-1.2851898764165968,3.3020857610665453,0.6743942630476603,-0.3942905062606085,-0.38045587866223535,-0.26494275446174526
-1.7448245259721722,6.821861255309568,1.1183300263421978,-0.2606453567927338,-0.24856715078674613,-0.2919597133144223
-0.24693883293573982,5.872163338563397,0.7276823827128315,-0.0399122494071741,-0.03621264915142576,-0.02660751468549388
1.5187558522458042,4.849632066089551,1.474144676260858,0.32826240164110865,0.3213569007175167,0.47000045978514515
0.23336763348403655,9.605931466915857,1.3510552812902736,0.020769191206471794,0.017902381665283795,0.023685157621029226
0.5365939641783384,9.78751567470794,1.7069729316925961,0.050839650827872215,0.049452595335720786,0.0932813812176934
1.0444103468998576,8.691672029184348,1.740914608889876,0.12218400089910557,0.12206311238015792,0.2039219392812941
-0.4569837252771492,8.175552888097421,0.9310376773612405,-0.057332162645775495,-0.057668619893211856,-0.052426257953502045
0.014703284214090858,7.897416860817584,0.7269991326705515,0.0072109396790193715,0.003586393576616557,0.003953414393392914
-0.9247166285123841,2.8360264188030233,1.2110575702620738,-0.31923306074956376,-0.3171137189054898,-0.38703973823947074
0.2194375693705236,9.144803090274307,1.9726132508284324,0.020286064642389856,0.021573443834019504,0.04536995899889682
0.09802534200658065,1.4894587378939548,0.7848910939548221,0.07148072283774089,0.0663897643201332,0.03467505281155006
0.2352231731759251,1.6232544510472176,0.5545514554333201,0.15710505711442196,0.14573278097757508,0.08561526024711817
-0.37582583256781327,9.63254824763224,1.530429172500719,-0.04041284121376915,-0.04185290177867853,-0.06685137759137551
0.6849346384893713,9.365803314883586,0.980507217208344,0.0716812132346099,0.07164837169231561,0.06445548023550571
-0.6950443943421419,3.9820773165366052,1.4944027303611078,-0.17089170362023537,-0.17165617273302275,-0.2549471527763353
0.528941991016581,9.779336838929382,1.0097427113136332,0.051397548294799617,0.048208778873428594,0.04510584258403501
1.4451783612399767,4.781985653737086,0.8875954800947011,0.3104431450074225,0.30674700550591005,0.2874458142345329
-0.4503406060765738,5.04306518802155,0.5742486163097796,-0.09017821865762152,-0.08380127852085754,-0.04727113968633846
0.338823591443227,6.301258033716484,1.8280669908829412,0.060483609474999936,0.04933463308396594,0.09423559339733295
-1.0483307669213562,7.388824795077584,1.0077858897471546,-0.14238552650169972,-0.13499941596378723,-0.1361097692759448
-0.4350477489604263,8.479456033712477,1.9818072425333262,-0.05096941383658238,-0.04099019168442166,-0.10228088398192955
0.7242520572631524,4.039159206831712,0.974221324740062,0.17631210755271648,0.17981890281491442,0.1765130004946334
-1.0008246771086173,8.300014317685301,1.647489463253045,-0.12070388907912646,-0.12014405774746534,-0.19522804121467158
-0.7009723962764756,2.7194731114652226,1.0034031768498373,-0.2562805963935174,-0.25817629813403725,-0.2495152462078024
-1.8762807773404533,4.420659116120087,0.5173435593914729,-0.4327417123540341,-0.41917520191623214,-0.2366330270337802
-0.924691467664482,8.471887360877872,1.4347870345704221,-0.10850201755449211,-0.11194428160469229,-0.15370981608548576
0.8408390682056748,2.9048174650335663,1.7841903322837265,0.297047655688517,0.29787093429953465,0.5103131418142747
0.9697799509667543,4.3522988037625465,0.9290920544861352,0.22311335026697887,0.2234762970925825,0.21621460940880835
0.6561160367236308,1.5760098390643318,1.1460910617927191,0.42918927219796565,0.4351513554611738,0.4657934138945041
-1.1398760589362058,5.626114960622481,1.4911147239672546,-0.19931191064256254,-0.20203820888636964,-0.29280369895064123
-0.24079405005106294,6.737396270224995,0.7580681985519298,-0.03275631949791183,-0.03340604909548633,-0.020838974059239814
0.8225614091163618,4.970999778679339,1.6151318705875322,0.1737356369589888,0.1590536602303867,0.27194916795997764
0.6176990942525107,2.9225151462973273,1.020897003180772,0.21015751927070658,0.21629453609102167,0.21371002761599706
0.2512042189095156,5.6481801026485146,0.5524380432858937,0.05210831076735792,0.059882069961954554,0.03067357289225478
1.011410330514449,3.661342854618033,1.2376535875436008,0.2809397363171808,0.2811665415687682,0.3529766893427153
-0.9976461011658558,3.628221513447161,1.7376744780807247,-0.27546365520770444,-0.2780688464494073,-0.4786438384452305
0.37212544563402267,1.537775207114338,1.7586754202855504,0.254702641030797,0.2555276528564726,0.4484044064963833
0.5042212673840911,7.605865788582331,1.045351961855154,0.06430556193740469,0.06440512788748559,0.067272495803547
-0.9886687795345895,2.1791743007428868,1.41501189212234,-0.44465040788915045,-0.4392762209969078,-0.6367593905732378
-0.5583763335408299,1.100062127228398,0.6671518195533072,-0.5171153024804014,-0.5132307318438009,-0.3665949570470467
1.3808799544538959,4.737631930812646,1.0408031261904849,0.3001414481754265,0.29752113352385023,0.3208810831459621
0.5152446171679632,5.009054859747426,0.5458890812630038,0.1101737783037443,0.11894258721281077,0.06276071909401452
-1.1930885328277863,2.177262452607447,1.1197921862229934,-0.5428098702415974,-0.5387223543284534,-0.5919870970009606
-0.13515487918381275,9.349879793455075,1.4758181166622137,-0.01629873865083137,-0.0189718909744942,-0.029219476499433964
-0.1447836798323594,7.150746830167603,1.4423233663904094,-0.020133647148740382,-0.017927997918072168,-0.03150999433639026
-0.20628208656981728,1.1881861680879986,0.5954224437845843,-0.17326585563927843,-0.17607085260784122,-0.12246415887447881
0.928348546050127,9.928364942296184,1.6776733756983147,0.09043443313162532,0.0846950139958225,0.1669804157691508
0.9009525787958406,8.723179060960954,1.305746056868581,0.1077757991402566,0.10846938691842165,0.147189825531926
1.4376635740283594,1.6695113501133068,1.2547216115872522,0.900921314580072,0.894641661788992,1.1340286480378863
-1.065246396714972,6.327464340183045,0.5584073577212201,-0.17808896420391696,-0.17064338534558066,-0.09977775714321828
0.9272375881348442,1.7094631290316502,1.9459287422037934,0.5594778029455392,0.5666743308448384,1.1049103838812675
-0.9245877775838773,5.908174525757293,1.954288781509015,-0.16683960950549498,-0.16925211514372784,-0.31151689666039306
0.9896182383088251,1.5620955201456654,1.7791500076352085,0.6562329976905751,0.6577694664519664,1.1841900640188507
0.7650839524940715,8.258726210872595,1.8632101024683045,0.0940710381469959,0.08969212949560544,0.16394764282755225
1.6717857124662006,1.004095828367345,1.206414029806059,1.6233856458978646,1.5633040826185276,1.9384849273159188
0.9042284163189821,6.052979716118113,0.7769550301056456,0.15221905506947553,0.1529843009081927,0.12222295793608964
-0.048722755802450016,1.0436264341126833,1.2509582873311085,-0.04322170983204243,-0.056584364182418585,-0.058726231580390205
0.46747442442208453,1.6527415701354609,1.8540316605149467,0.2971818119072291,0.29627285709117424,0.5532928255358501
0.9271269688537126,5.429188175192684,0.8574232623374332,0.17037143657973713,0.17381902462184184,0.14863014712456532
-1.6338263516036042,6.63398836129798,1.0977147060360375,-0.24966315652275411,-0.2380900555766085,-0.2721629396325273
-0.9924734408798931,8.783754024341142,1.9986188480001075,-0.11001641528613061,-0.09361672829799632,-0.21238525547171572
0.24677299077429052,8.249330841313713,1.0887879036491688,0.027947087677751593,0.023308734212932142,0.031440730647725214
0.6353917618251298,6.799042917523527,0.9989260623627106,0.09065946008161457,0.09490040904814319,0.08810686218962062
0.7120835422708656,1.6496048968549428,1.6157363735319357,0.4479714260920218,0.4487713186766217,0.7271294130115201
-1.0576400139942093,9.862249196950824,1.3405519974563305,-0.10900033491470236,-0.11376595359728947,-0.1483851007872041
1.2826273374070392,3.403471372515698,0.5572493421091941,0.3862547529713191,0.39114086534004594,0.22302769041275752
0.017153273907485597,6.301658863123202,1.6396770543048893,0.00517788646764869,0.0034208115916139342,0.004896536320390381
0.581085505185085,7.394674836564464,0.721043235835956,0.08580615049514477,0.08284750509849169,0.06267594359830873
0.5014229779243622,7.824796639806381,0.8148987398683611,0.06837916509116718,0.06500417613483923,0.05423313465461797
-0.5633260623885032,9.690269345814393,1.0736448170512412,-0.06292617559431016,-0.07114061237951574,-0.07141026920905882
-0.9971824732203094,5.59385801901518,0.835485926312378,-0.18549060260510292,-0.17065205276194018,-0.1600684876195791
1.9459956697248975,1.1007135150871123,0.879746271008711,1.7948870317435157,1.7201593567879883,1.5827841307651587
0.12946155690178593,2.5760581521182258,1.5791650128716086,0.04881553855661422,0.04910075625747142,0.07913992002599926
1.7672797992674336,8.780476184591564,1.3769172794987858,0.21068713648243037,0.2113421932481549,0.29643290211450224
-1.0874527278104051,6.576664872493958,1.2452234247220697,-0.15952399928106586,-0.1602488119096191,-0.18696760105634572
-0.6466394978777377,8.365150167227778,1.3855260975186097,-0.07646126090081856,-0.08087046122996747,-0.10604767188577865
-0.7980713490565824,5.4651799243016645,0.9107385069702576,-0.14876259516483314,-0.14047464479538596,-0.13434538392052664
1.0349707543906355,8.036489816520714,0.9671998366589816,0.13139678338652844,0.13574304220891836,0.12738362917738322
-0.07085186134567772,2.5750484815900467,1.253588260397723,-0.02902314812863854,-0.03135837331322294,-0.029165231612003305
-0.8812972909921583,7.190381920461383,1.586785497894064,-0.12120647992104785,-0.12032039344034512,-0.1923994397438929
0.8483784184077856,7.49355156467991,1.0262746949131731,0.11421361144670632,0.11735359212383202,0.1182290721409679
-0.9912392502234167,6.922307411712416,1.3560025403827478,-0.13842128238254836,-0.13910106806048128,-0.18099258041838442
-1.679745150911918,7.211642143859579,0.8753610497918092,-0.23940479418975869,-0.22600011096420003,-0.20784547954321975
-0.8538963705521145,8.815265987063576,1.3949571427215561,-0.09706536067545517,-0.10175362018075258,-0.1348855056258989
-1.0072688169649173,4.6660414338179494,0.7286380774776791,-0.2279967370579038,-0.20996755917794618,-0.17902252139506258
-1.0101048469840916,7.13189500897541,1.712530395248165,-0.14320123633897314,-0.14085452744382404,-0.24200401397939703
-0.6423540824265567,8.814234004933883,0.6474347994666789,-0.07216721444235401,-0.06972638557952608,-0.05335762904673075
-1.561180595396624,9.53056477105346,1.410472867053718,-0.1618739341875285,-0.16211686392171815,-0.224819225167936
-0.10333876498945309,5.0253791037925275,1.2658010298426747,-0.024403429143963686,-0.020470151274468645,-0.02942171325597915
-0.886198155456595,7.737136529185323,1.8173754683327057,-0.11411565098866507,-0.11053928708984367,-0.20386106823663983
0.27519817817782394,1.9992580769818855,1.380029316943797,0.13635385214841345,0.1387994983546142,0.19041571886635184
0.27308674394974,7.988193422919638,1.7982564004591821,0.03907709766172669,0.032974873446833315,0.061490167997724235
-0.008376214134407261,3.7623124438127284,1.166481231505843,-0.006103106408680311,-0.006716867806674216,-0.0005299784446188888
-0.6589154664498171,1.4794166535231126,1.7232706551077697,-0.44075477778374317,-0.43703789656653746,-0.7589964157826331
-0.3241497994277466,9.551518329798437,1.4659492241897691,-0.03648120803041484,-0.03989620666538559,-0.05921280191352907
-0.7149347009719,5.113092705300345,0.7076530811930694,-0.1462705135714214,-0.13398256981585355,-0.10925695740659003
-0.2642496832391402,8.394836910167745,1.9279671528172617,-0.029150851781586863,-0.026218204702860667,-0.05953982266763042
0.8082318111970507,4.289769088078462,1.3461950885210996,0.19122528323305432,0.1867954329252739,0.26175727822521316
1.0232862480606286,7.005869655037471,0.6855510208465551,0.15244523019483236,0.14731404822345107,0.11192369934373012
1.2950298153991793,7.83487835612595,1.6112331243124602,0.17566686382178515,0.17361162175143102,0.270085274372823
0.10691291550946562,9.887222830090543,1.2356264782869466,0.006147188295567273,-0.0014349107764084251,0.0009965847081202612
1.0253481328522227,8.548623631913664,0.8629432626646998,0.12159228965811193,0.1232944845393895,0.10224426265888542
-1.6648036427383017,5.731120305418462,1.2743732777818688,-0.29821125419101535,-0.28740630265592965,-0.38067422851435806
1.4628557510024622,1.8946474052482891,1.0525767981443133,0.8107001097392272,0.8005616950532308,0.847479758857921
0.9393704421869508,2.755624891555769,1.3580193982525517,0.3472196017900467,0.355288502042788,0.46881647358611195
-0.8894030525324432,6.70428531324402,1.3969073648933208,-0.1279985858684884,-0.12822741602752213,-0.17427733404896978
0.08724188185118846,2.068666720558269,1.6023638014771222,0.03980806224659162,0.04164130478976938,0.06786562684745345
0.2756284190406534,6.916008666905172,1.2875538229965653,0.03604474716600773,0.038919942689129836,0.04754579853366326
-0.44744938279859325,3.1334640045806843,1.4772403314741063,-0.14040654482840953,-0.14077924959693616,-0.2042031600874348
-0.6140886635787935,8.043483717741989,1.0581079631031811,-0.07791025217309107,-0.07612759951645096,-0.08021754203974756
-0.6302410014679264,9.987626426688823,0.9044388931181568,-0.06469845412360337,-0.07496262324708837,-0.0576374397674371
-0.09621056255270741,6.556394623164492,1.5754709305580716,-0.01327155634450429,-0.011898286022184556,-0.024096456282576884
-0.45637023012436484,8.59409656741725,1.121178027808821,-0.05552845398362155,-0.058676850238709645,-0.06277378934867521
-1.054858600582875,4.413318698086434,1.8407977328159029,-0.2457009769284244,-0.25342585205476537,-0.441381036137475
0.37331958311870456,9.105800392460264,1.0005558098120269,0.04045770394158903,0.0349985493049958,0.036573424437421266
0.5297054506538784,9.148440723437249,1.480066706597661,0.05811339827524033,0.05719240993861482,0.08671534141864769
0.22442657706749128,3.2117657702956306,1.3578537298257438,0.0666866098908547,0.065496965950546,0.09796161070219798
0.48425982667888867,3.546989540696271,1.3563158376359066,0.13430369382519247,0.13368700572947267,0.18670177859650264
1.8941683578174626,9.927450318532982,1.6934029240021602,0.19096036957793655,0.18607394258781007,0.34520215695221623
0.629496242433883,9.143209815400063,1.9869144447110516,0.060866642507037536,0.06051632033327135,0.13011925260801238
-0.14346150232797247,4.857110095304511,1.9165912742140518,-0.03285483586098133,-0.03985381654387332,-0.07057164983838765
-0.6932921350552047,8.484403073238658,0.9875960298086232,-0.08511539284937246,-0.08102201239809137,-0.08553570619006112
0.2748419945064318,6.123264230600051,1.5396287815470269,0.046576434295567015,0.041328160315405385,0.07502936794766252
1.0092277799692864,3.742451461434137,1.8589751276424127,0.2743831895927908,0.27144750164378134,0.4812471454226161
-0.7960125399814982,9.045025887120751,0.6334067720664798,-0.08665134017017384,-0.08512087010706416,-0.05937094951094517
0.508167251794154,1.8228652004325303,1.8107754588704834,0.2908521875762764,0.29098115301241173,0.5257740431317922
-0.786514073812393,5.540773419561519,0.9670061098885301,-0.14263804076583492,-0.13684500447397496,-0.13366724648920159
-1.5993996532371542,9.304031543967037,1.1619765891323346,-0.17284925278582208,-0.16772939773014833,-0.19944743478750404
-0.5595021553849417,9.094658734181818,1.3328309976564283,-0.06377680179480484,-0.07028820542901218,-0.08800483313134931
1.455484087296433,3.224777000071851,0.6822741406590696,0.4629386649280139,0.46012411642847223,0.32346157848539697
0.028741443109033704,2.1552593512899034,1.1995157068361284,0.011576903798229381,0.010904271695109453,0.015967554623224123
-1.2386380993674877,2.017226224716289,1.6635969707295397,-0.6009639013936284,-0.5944716847926358,-1.015771944362385
0.32534679798614907,6.296351528013436,1.1859411883005173,0.04545577110564721,0.05114603543048386,0.05184693677293178
0.5363924923606425,8.630489441901316,1.2322598128107256,0.06197721939734592,0.0599554660061101,0.07951417590907475
0.40544582309368554,7.9611590147215,1.7975644244525686,0.05562331480773382,0.04916485649558661,0.0900681983580993
-1.2184578076061559,2.627447495155886,1.6106788372708247,-0.4516039279662627,-0.4434200427514352,-0.7441831202658403
0.8649348217327617,3.628370090811287,0.7474651433415054,0.24357301317217095,0.243702405414655,0.1944308657148819
-0.7337306795854558,9.62646420174488,1.8954430860801939,-0.07026618655457506,-0.05667659243153872,-0.13180051906025525
1.8939093639566071,4.836578015557753,1.9769165213105198,0.3876725122846934,0.38879149028153676,0.7601990246428305
-1.7067422656315139,5.728418364203612,1.2006030473755738,-0.30681390072194237,-0.29283457055764806,-0.3708782107092427
-0.9270540588785,8.41626610102075,1.9161394694127682,-0.1086622836187701,-0.099279680160494,-0.20275291246113972
-0.3733869289551561,6.6822962138085105,1.183376169230134,-0.05660710282407422,-0.05282476893084108,-0.06616546476346735
-1.2874729516509973,5.639339181716376,1.3684665976218375,-0.22536632551317404,-0.22597732878120713,-0.30245034795160436
-0.19302416640486927,4.306245797520834,0.8036624749937442,-0.04596630826365972,-0.0403880331463209,-0.03771307675551503
-1.1504502940234596,6.103173892254707,1.3644018294282394,-0.18338156130377314,-0.18472975887791326,-0.2423171340622166
-1.1610565208372914,7.185447582663013,1.2740203017237874,-0.15744891767247465,-0.15697758554800745,-0.19144145963984924
0.40118342786217437,3.737303996780488,0.7690070916638794,0.10922977771536461,0.11597561894071941,0.0851489114434746
-1.823705699940313,3.355076807255541,1.4519394457903139,-0.531791333902273,-0.5157094252198089,-0.7824441279221003
0.7203802394024543,3.0169154778944836,1.1547205209260618,0.23758359780476895,0.24401631317205452,0.2751836358023665
-0.13874485384301924,1.4140516724140237,1.5678283806894593,-0.1012404750127001,-0.097668012895373,-0.15402350693562378
-1.7756924784014652,3.36800645920314,1.163795027391911,-0.5179785749194659,-0.5076469048996518,-0.5972336902945142
0.716379046819911,6.092190676179743,1.9121622115574852,0.12586528869728442,0.11063724787426236,0.21286567149912022
1.3342031264212666,4.536044910492233,1.1655662606718709,0.3039652570798019,0.3007161775955305,0.36042323243088925
-0.41063117142865324,5.642801758576619,0.7365721149359036,-0.07297085487015359,-0.06740413968491613,-0.05234462659078185
1.5604190025475106,9.784953373913542,1.0380050390441642,0.15275983902285273,0.16406771204187004,0.16657788687952207
0.2824273679616536,4.365833878814419,1.767020682984386,0.06850796389935812,0.059500293544398425,0.10765670939806485
0.19624159550585726,5.373298514573467,0.6285128392022077,0.04261381815374012,0.050190287236079184,0.02757163305771871
0.9644037970288432,5.425368290658602,0.5268808795612009,0.1858220994707891,0.18615826296715682,0.10799921274195691
-0.9889946459288987,1.1784002340774382,1.1364252563343007,-0.8685014094652095,-0.861442868092338,-0.9796842874274728
0.5650366089946743,3.3508686385466935,1.7246898843330274,0.17448027228539165,0.17193309902862336,0.27935540880295934
-0.580904511406888,3.122751036648989,0.6172951673931528,-0.18825937208550647,-0.17690401970378855,-0.11971026697222516
0.0868411645047084,4.677730701559462,1.4431483898769508,0.016205459670348876,0.014652151778650327,0.029497905166785673
0.12197354998312976,9.93866033863283,1.8310610769262454,0.009961863040185197,0.014480108496171578,0.021750519107481037
-1.3108703273421014,1.3845850184669812,1.4991649376962481,-0.9537840009308455,-0.9453753335646286,-1.4321003696818908
-0.04029181598236163,2.6178385812986895,1.3106485322806483,-0.01725594792373758,-0.01931210352764577,-0.014394597072549867
-0.7894927678955594,6.89351155726567,1.3796201882386887,-0.11039356920117915,-0.11027122240933732,-0.1487390911220086
0.07056806082078873,8.645737061865038,1.1913169739539193,0.005748065456613209,-0.0006958042328468758,0.006978112599617189
0.010731376620516484,4.1523344785594,1.1801645269279322,-0.002137935308843811,-0.001071591198302975,0.0022858429534876466
-1.243723587665385,6.638142767349098,0.7181005613750607,-0.197423385175794,-0.18221274876315113,-0.14731432463570773
-0.9622344512143678,8.733517258259775,1.1667306257836751,-0.11289547959021567,-0.10906345615930632,-0.1340088821588421
1.567950209414664,9.704782667406965,1.5147114230124845,0.1666452555974154,0.1674457258992254,0.262903246143608
1.6672718214931486,9.014356559074315,0.7777773262427274,0.18452533907560603,0.18206736466844414,0.14513108915285786
-0.17337206229095334,6.694155470450415,1.5985330743154698,-0.023890044430310606,-0.022337166163367096,-0.042716645670784516
0.3364435354142622,2.4611844299047614,1.089181930308671,0.1344506750107951,0.14095697751356,0.14070104107909615
0.44529298191580574,3.3935737446889753,0.6637699227895761,0.13727345231999155,0.14170090129008955,0.09845093528262527
-1.1545591635614,8.650013640740156,1.3952663826209237,-0.13375237510151072,-0.13425221272445842,-0.18438041542244618
0.9964501351301497,4.446946851778136,1.0464400333566963,0.22494028855498532,0.2251956812679854,0.24358814585378374
0.08428320265045669,2.673151250255428,1.1172763403202257,0.028995695104569,0.029409374381318597,0.034746208301211556
-0.27428202608540203,6.802136416116333,1.542679637978164,-0.038884817971256785,-0.03617598761629298,-0.06399392485074551
1.2066933786702558,6.198874088946707,0.988196019766237,0.19878726367267374,0.2043542112306514,0.1971252349792484
0.24763527657105192,3.3746624956294724,0.7360391248988661,0.07716366394056651,0.08223050780766195,0.05896815629942086
-1.482287485467239,8.214596583805562,1.2151736317749948,-0.18049092929291832,-0.17470819892365508,-0.2162903277616017
-0.5462115622354496,9.89978731747616,1.3876635329784728,-0.0599794214151361,-0.06564325158514236,-0.09033570583937196
-0.6472479432826954,2.2204129155204835,1.8767838290103485,-0.29409466014617003,-0.2889035173650255,-0.5530957060829953
-0.9542889946888996,4.430626373592464,1.459820112715606,-0.21057129566427857,-0.2120730429786442,-0.30841701362443524
-0.7641388829186019,6.948395609727675,1.3608969923428174,-0.10595495455879649,-0.10580867625030686,-0.14043626550323535
-0.7382010186371168,9.814601365310788,0.5071166281978947,-0.06683624868634076,-0.08448278874967295,-0.017770284936683672
-0.688675166556585,7.480969833303703,0.8410066258702255,-0.0938008476989137,-0.08967632396436412,-0.07585549293037896
1.6444244512806192,9.09010056834121,0.8781220845687977,0.17973852288067727,0.18316740208698545,0.1625601656981075
0.1433407425357326,2.958662625322165,0.5353844841379706,0.05409538494314063,0.05568340884329168,0.04206963470310863
0.8163839602481671,6.3896124571800845,1.0679973809538303,0.12606725470260977,0.13158664364767853,0.13422278252062447
0.9743290421469508,3.163245374373749,0.9369269836626017,0.3119543895705778,0.312000160452777,0.2997728222486422
1.577947770970486,4.860374671910876,0.9647617015964793,0.3355912145753195,0.3321126349157702,0.3319109343273578
0.18464074527657257,1.9399716589056948,0.8805834359358043,0.10063935407010363,0.10267497198194801,0.07285636532503041
0.055897850356390076,8.990318576416815,0.7555169420709051,0.008738423538036763,0.0034586013303828864,-0.0009006257603398056
0.35860235283757935,7.794815158812078,1.6553157699776868,0.05095337262556585,0.046163615138111534,0.07855630462979489
-1.2006565542106709,5.7777240137338985,0.6951177509302813,-0.22151908616397875,-0.2039765652663268,-0.1650339283019409
-0.6135723307323542,3.6323237212648065,1.9108153278365045,-0.1789409907903292,-0.18234069250597768,-0.33497518727446707
1.2460669967012197,4.248906483271707,1.4682402844409637,0.30487332815864265,0.29960885518467906,0.4385853978443158
0.7102753297139747,1.9269871060610217,1.3552464456469204,0.37667641322350526,0.3869815892985602,0.502719517792025
-0.1727812837065511,1.9937200163243247,1.345978704836099,-0.08873082666823845,-0.09004061851173091,-0.11258639127626263
-0.5726359026174379,5.7744641984565845,0.9746490060352806,-0.09962731114084031,-0.09567611748487008,-0.09333860005388822
0.4179801581240636,6.600446854283582,0.506697317615557,0.07139579446772411,0.07882386286392166,0.032819533137542094
-1.708564949643461,6.8436809147350735,1.4021203636250554,-0.25711027045487356,-0.24707248523036046,-0.35916813365011807
-1.0052935717899532,6.221761097987926,1.5727421636759282,-0.16007514466605266,-0.16055000216153947,-0.24904296973264073
1.7251550521525685,4.474120341695702,1.1656977433960225,0.40047217510934885,0.3911613347903424,0.4729380844799111
0.41426049815357746,5.416541426822907,1.9042774202063053,0.08236553124430242,0.0693654297370886,0.1315727386491868
0.18089325596336828,1.2889227696310641,0.7277284213123653,0.1475459265318299,0.13350225862999388,0.0816179275180349
-0.6647860106590052,6.480202475128628,1.8471391898598517,-0.10396223947730054,-0.1045191169419108,-0.18991672517259114
-0.15793464988532055,4.0755045573910005,0.954955273191838,-0.0416162292810693,-0.039068797731919055,-0.03837404566703397
-0.8777659753677912,8.595114226404908,1.5618598651651663,-0.10086077399140425,-0.10477766536411144,-0.1545360229682527
0.4149809001504332,8.611382834851527,0.7944352468085378,0.05179050662222709,0.04709044006259401,0.03517972555003755
0.34108662531186434,8.707929247168348,1.0101158824311582,0.03884738647741829,0.03324549796122616,0.03783451800417165
-0.06020125101688599,4.351038128026301,0.814373852285541,-0.014976964099824366,-0.008422958712057185,-0.014146400289415018
1.5630454544772228,9.959434481708197,0.6701363145808719,0.15269042434653424,0.13660823974435637,0.09679860306242215
0.6740694434429755,1.9987511443504,1.207769997600348,0.3425614662631184,0.35519464545606705,0.398646562848933
-1.4258786686869942,1.663735362863631,0.584329271971445,-0.8820761886324521,-0.859084497222758,-0.5071478353626497
0.7380621319771481,2.487525393985229,1.0968825673139608,0.29871347724583547,0.3091340979690548,0.3190071186288131
1.9323934958700006,6.395522275897658,0.8228542104682336,0.30818255208089784,0.3148297997605479,0.2468275755917614
0.04540761931353105,2.3088555462017273,1.694307122131433,0.017178968410668294,0.01821406040584286,0.030198501667116073
1.2591925736689633,8.599781628884152,1.7881687099986672,0.14856040974047818,0.1491111634696558,0.25424653005401465
0.42010986452236504,2.390790214928441,0.5961173401458578,0.18596379123289236,0.18276778147849976,0.11838459907622477
-0.7098418664711043,5.447121169759627,0.9938959837130126,-0.13032368756976215,-0.12594442706306294,-0.12485165572316999
-0.5518143263817201,1.0915091470979066,1.1824118048705903,-0.5163025632315671,-0.520169925205889,-0.6092895655205642
-0.40464685257892136,3.0421217386428254,0.8529630691369958,-0.13337284707510688,-0.1332650937109171,-0.11150769375621293
-1.3549226945401731,2.638823175844958,1.2292523907942294,-0.5000041867768268,-0.49380757397745106,-0.6124351649305005
-0.04289977178043296,6.5248486583791045,1.6848029432901566,-0.003178444288247957,-0.00483850718118736,-0.011656126260486444
-0.782711050564195,7.959409784618819,1.7555522424559131,-0.0958157545408975,-0.09467325966563586,-0.16696817693027785
1.6646745748425675,9.26170359004361,1.3456153871002778,0.18446022063495277,0.1917395003987079,0.254671907257619
0.08614781258991558,6.9197385578753146,1.1558795583353871,0.007258665332615828,0.011591037327532416,0.005443771394668711
-1.131890875345476,7.487893168888006,1.5110268113970724,-0.1511111317051076,-0.14895630005590937,-0.22586566766196184
-1.2888689056965934,2.613448372185285,1.5319647076696097,-0.47901899925116764,-0.4706317707194591,-0.7503343857718723
1.2564522409344436,5.494633244615825,1.1705562711212634,0.23735556908798428,0.23822831685934986,0.27949916910543676
-0.061748451166382085,4.3789357670806766,1.8983512728296923,-0.016899504592028963,-0.025094953190399068,-0.040285902192184
-1.2488689110047242,3.03354136821468,1.9985017123742959,-0.4205092089837991,-0.39990679727470885,-0.8575496895804428
-0.5895228195244069,7.704175372100872,1.8519668627168344,-0.07315074091309252,-0.07109795499826929,-0.1374229788477316
0.2172054091779413,8.925578877851333,1.0898765801898382,0.022919938623384737,0.015492112910224898,0.024237948769164273
0.06376643221294691,9.48642493398339,0.9972488953548267,0.005477779015006378,-0.004705188759382783,0.0019075252645826333
2.057786770859342,3.578333822230337,1.315020162816867,0.5888564671565494,0.5782404472229142,0.7861091515249007
0.4273928314745525,6.279541778511233,1.9078038832031972,0.07415007546155203,0.06262314969611173,0.1179160397727542
-0.49626279246726157,1.0873384380413773,1.6323547947958577,-0.4480119399918037,-0.44169915393166054,-0.728913097330289
-1.9824828698162338,6.178323437703653,0.7180105578696843,-0.3346573794981597,-0.3343895636618382,-0.23523793134999538
0.5776799126480396,5.628256215406807,1.1491830720678395,0.09738864106459787,0.10229874455379089,0.11202641285009325
0.46319965042385947,7.157384848010674,0.570233712653169,0.07424865187206404,0.07582451708734897,0.04103157946339753
-0.09236972369852758,6.673657000248891,0.6979453743961213,-0.008267280318537656,-0.008635375199871391,-0.0018449814299408805
0.951978845007724,4.581178091372225,1.0731060337300242,0.2079152986380205,0.2089030495474961,0.2300314802521711
0.09028555260488648,1.5841237860177522,1.3306952248768085,0.05613553349954412,0.05317580467402452,0.07809861642252586
0.29378862408544487,5.149639620094198,0.530983439077567,0.06344512813521572,0.07249010494422306,0.03616541149375718
2.2122698127367295,8.50625625178682,1.2270467348549972,0.26173970113093603,0.26061362001249333,0.32786881409853164
-1.1161259829636705,8.381882895458304,1.540147038557722,-0.13416272441973526,-0.13383922302257661,-0.20322018003533196
0.9779750604570979,7.828514664841405,0.8425780073542732,0.12821299011419235,0.12898203478146475,0.10750891737557186
1.0409110328884446,8.43607288589936,1.2146641406626941,0.12890859875674004,0.13188232156559365,0.1633174666164187
-0.5834053233853435,4.79498322275722,1.7561367210142205,-0.12683468676155935,-0.12998914537310535,-0.21627018732225406
2.7925183359877974,3.2485617600423624,1.9258062753480143,0.8703236989362209,0.8946869875660002,1.691783739996879
-1.5472249641662814,9.570894533213037,1.5197239435951073,-0.16026012559002767,-0.15965482690232102,-0.24112853133078085
0.520613784926894,7.378474794195289,1.1757570140313838,0.06786556700861386,0.06965963914648428,0.08186101072219926
-1.01834056013768,7.345953436071841,0.5382928196919444,-0.14318888140933578,-0.138489275097541,-0.07620499190420323
-1.1192840703902212,6.087293480054518,1.2006910543299898,-0.17825564098828484,-0.1781748867249761,-0.20206191774367557
0.09653180334192972,3.448709899614481,1.2313890677757846,0.023921136108095997,0.022544016395932336,0.03778800405749427
-0.2963140784780818,9.795625829210458,1.1940014805689791,-0.03556424133379901,-0.04746630747455237,-0.04750032928905912
0.5307194093757925,8.515006614897096,1.3243386074554606,0.06277870817509426,0.06118632336539116,0.08650106004927038
0.01428131843650172,1.499328453550981,1.79252016144691,0.012843285401524924,0.016166916541671014,0.025722978111127424
-0.470931290581388,1.7336700514618966,0.8882289640831301,-0.27747268950435994,-0.28180323129799056,-0.2368840512741908
-0.36620107342073477,6.39842746590785,0.565647562536516,-0.05424717953660601,-0.05063944488363464,-0.02429181102175975
-0.8341035377713978,2.199965463217964,1.1223683635137525,-0.3762871533537834,-0.377605109206373,-0.4113815969630216
0.2710071440626007,3.262813510654138,0.8653597540324538,0.08338596420801617,0.0878114937039671,0.07230312350427076
1.1172531186597903,8.005150196035867,1.083655252162288,0.1443662843297725,0.14970108302587415,0.16008444098309307
-0.16209443490128986,8.575244409228322,0.985739348082119,-0.019722394775563513,-0.02600312540077191,-0.019004531250114316
-0.19813065457494491,3.271030673861188,1.7578305479867233,-0.06433608650160479,-0.06750009069008413,-0.11056405472323604
0.1585114473137324,9.473137320439832,0.9146553496839385,0.01641589057236726,0.007621675210055278,0.009681982168916647
-1.7394207377571937,8.542954830856349,1.4558747916906534,-0.20788190028209869,-0.19722781397905492,-0.3025086829240161
-1.8583394243344433,9.832294434413365,0.5518224355828065,-0.18002865662494966,-0.19341914656701237,-0.08735194245544527
-0.34602052443488923,1.7003038162488293,0.6581076702278035,-0.20861944510710312,-0.2008696507618582,-0.1403100156315909
0.9858832957720978,5.185280651710078,1.7264047698670804,0.20116381682491863,0.1851041311908005,0.32646552535314177
1.3848341006770284,2.898808538124763,1.5279406777115285,0.4892867985738813,0.4864246652090533,0.759993044237623
1.1110380208123203,5.343397271863333,1.8714839147023348,0.21837853858123812,0.20261479247405895,0.3778821479194685
0.1187678895931834,7.282662677060413,1.0374074692722337,0.012956084754571818,0.01334901185337831,0.011818087009805843
-0.3956594614083134,5.977733733217785,1.045832165094906,-0.06731437313877725,-0.0632055707341598,-0.06923129789008838
0.06803276752132117,1.805407862769957,1.1327751437389537,0.037781610644899134,0.03678631811374595,0.03780868642737992
-0.5415297309157013,6.117760552209099,1.8369355850728333,-0.09014240266040136,-0.09141417760308782,-0.1653616726414172
0.009965853186293129,1.6307625614028054,1.0447563257761163,0.00762320975304007,0.004094326724555506,-0.0011573970615486998
0.4431710373833005,4.074620002242715,1.9621627361276164,0.1100543855752604,0.09827704018612557,0.18767295553003935
-0.24251224014844816,3.289005214980084,1.2634607526571384,-0.07302607852524536,-0.07647260980682473,-0.08389616109291051
-1.6632010722963861,9.205215088900733,1.7248818162180048,-0.18488908686553723,-0.17279601314738346,-0.31995426360355184
1.5035519274320843,9.185277654732555,1.4297120300794939,0.17209283546070314,0.1741159136725604,0.2526584633177203
2.411920749047627,5.8992592440596745,1.1308530419212424,0.42676264956464244,0.4056964784202391,0.4833216974829726
-0.8055038174033117,2.8599332807027773,1.9506778959576443,-0.2902271321074026,-0.28137392319893956,-0.5697461672062646
-1.0096684913366025,3.406436307825797,0.6853486480602006,-0.304283630493128,-0.28910678913538046,-0.21492886352293397
1.2082252842443792,4.155740566217191,1.7801004046330582,0.29927616658670025,0.29389511932982576,0.5061757230396405
-1.4508245271563551,4.912947279233831,1.530098744651985,-0.2961231116702093,-0.29942384369051717,-0.45156826803812533
-0.9572579816203243,7.909917728273168,0.5876112266004626,-0.12266859933231823,-0.11742984276494953,-0.07323691986917637
0.5575737876590713,3.75270849497912,1.1418165119882782,0.14387071887758218,0.14617676474090768,0.16992313165914671
2.4620188798635034,8.07431300318149,1.5927283336634301,0.3205768943091686,0.3046734781682365,0.5171529662466533
1.118164711013573,5.19390153193057,1.3729328922268458,0.2249404365503636,0.21836073542025497,0.30812090060934166
-1.249846900752566,6.578794883685986,1.2203436234394045,-0.18556690520601365,-0.1843687305774694,-0.21524169091290934
2.1262120968682936,6.5816654766765375,0.8836551025850397,0.3300290092019951,0.3345988046195247,0.2832856494425433
-0.8113638999598507,6.5771941031351915,1.4096667826401315,-0.1189592758668267,-0.11854118325544467,-0.1644271078966332
0.6405046756872793,3.2007086590758713,1.8657396773159163,0.2051140827991833,0.2008738160156941,0.35607878989731145
-1.484437749707023,9.104382422941546,1.7570390555168822,-0.1661285280052205,-0.1554929508867119,-0.28945043584053937
0.5678340479225592,1.7548763112160408,1.986782890067324,0.3362168825798623,0.33144166871403863,0.6758348839698256
0.46503276698074375,3.715145810410155,1.5960569866709464,0.1282086580602111,0.12395932274666487,0.19637838779002076
-1.2998796826952568,7.501416798200461,1.1027265519339733,-0.17226475516726486,-0.16576436847292658,-0.18203988912302335
-1.2831968689786126,7.407585834236948,1.9986464257872707,-0.18174295047575473,-0.17260781804318293,-0.345851733314796
0.9595291060046426,8.456707270714661,0.5012434410536305,0.1155602106590397,0.10875219088048355,0.05001268637868236
0.7281497304652457,2.85003836091327,1.046242256036971,0.2556376513011637,0.26236344986710164,0.26599616723531694
-0.8434380403413863,3.9141154603272197,1.1746635209677565,-0.21105741508562387,-0.21025516466295846,-0.2458018411104616
-0.03698298776047951,7.3945275069552086,0.8483365862369516,-0.002887149739709286,-0.006427703720330874,-0.000706578671458431
0.4766032695735756,1.382601559379455,0.6971243744634514,0.36075063412700553,0.33645963367170384,0.23186418839884942
-0.9785604834056241,3.924768404236631,0.548052215837517,-0.2562628724645398,-0.24603082805263032,-0.1433839757768686
-1.7003405725980758,2.8262120442819825,1.3278457347444912,-0.5837844591216335,-0.5709846571288945,-0.7801224025989832
0.03259351063847461,6.23471002338839,0.7636617620944879,0.008449305464741413,0.01087485525187721,0.0065209762869505895
0.005606773847519271,3.25260234081894,1.684402540788875,0.000563800406338329,-0.0020260669761363046,0.00031716584680470394
0.5064539113935211,7.579726134617738,1.328217362008528,0.06655795559655457,0.0663773675798384,0.09264091031853616
-0.7886910369910948,3.83681296539228,1.2454080743538418,-0.1999645794751393,-0.20007452165460693,-0.2479417780395122
-0.814691228267783,5.991455375278472,1.4014731263403026,-0.1308247157165568,-0.13065009588486964,-0.1791267271650282
-0.7453767775599,7.045931821979842,1.9232142196644886,-0.10764308570538664,-0.10494428202826282,-0.2029783655313004
-0.04283547232639611,5.550807012108326,1.1033944543280974,-0.013394890213765047,-0.005939744942171493,-0.01964311810592278
1.308485256644184,7.773664974283281,1.0975281132357377,0.17574324995128449,0.18232783420721183,0.19596107365534166
0.13519584977976598,6.234711701000528,0.6293297649417753,0.02958753750809695,0.032946447228570847,0.021301527981967928
-0.6598163002933776,8.305461293509586,1.7875301753450392,-0.07510768750200732,-0.07444491854222172,-0.13348529554877372
1.3977746234446937,8.905650264747672,1.3141811529422307,0.16487767794657576,0.16925565947574983,0.22399318738019416
-0.2253683865826098,5.654582904569729,0.7230244906411741,-0.03792145107077247,-0.03320177443499383,-0.025729268189457477
0.9040267105479808,2.684310080155724,0.8256196630050723,0.34467952743198454,0.3432387326077003,0.28667710866380824
1.6554804231706646,1.3680291845511228,1.0810405815815571,1.2864355429456429,1.262642652243246,1.3547475775791593
1.851685575554261,8.43992766822681,0.9360459597623505,0.22026122283935162,0.22818101131971857,0.20705496941726118
-0.6350666834439584,7.8881069408356925,0.7238441252003119,-0.08098021422109068,-0.07796333539063666,-0.05889053990688042
-0.9168398564182455,2.012668731576557,1.4823957784260409,-0.4478361566117418,-0.44234792313173854,-0.6719484701813223
-0.9127199762428303,1.01593883908697,0.7562478855953216,-0.9016622073582761,-0.900202835639967,-0.7008568201841802
0.198798500662037,8.846778195593402,0.7374542402462614,0.02599411546912402,0.02077984185668451,0.011366618919328915
1.08505995292638,8.749984237503005,1.5800433874409712,0.12987076309703888,0.1291814445127692,0.20281932174156292
-1.2185164497208971,7.643705645651085,0.6736225785383615,-0.16477580075748316,-0.15390408882769901,-0.11299585761349457
-0.44782447858723223,3.800622542795198,0.5729171131577567,-0.1189109402847898,-0.1117106502861876,-0.06664158074851982
-0.3047718246469276,7.725868181183922,0.715914088816813,-0.036301084926071585,-0.03794721786114397,-0.024985468981411584
-0.6013800908410504,6.206467547710002,1.4066698427687476,-0.09398296739752307,-0.09116243084455988,-0.13112168631959353
0.5142778553844837,7.052792650543301,1.6591532476269137,0.0793977474344072,0.07032190370391614,0.1265015404753393
1.776221841881194,2.827839537660499,1.8283316813691064,0.6251552613172043,0.6277221384685868,1.185507762575592
-0.4275602426870541,1.1379281439534985,0.7512349597827396,-0.38852736522481957,-0.39036893473452117,-0.3071296049662768
-0.5693785791075109,1.7130061573265678,0.7906611087834388,-0.34362555102923326,-0.34121856298414316,-0.2615224748384899
-0.7721628979464377,6.076042492074519,0.6247036098405302,-0.1321238164048495,-0.12349460572484204,-0.08240530349801167
-0.2654955988915799,8.106372024169398,1.2318120108282404,-0.03441768053504313,-0.03714049253839411,-0.042589915365563315
0.7248558901981149,8.782720756812651,0.6101183197445577,0.0873980321314696,0.07886168072673853,0.0476606677689608
-0.5396103411701121,6.842726238053665,1.5054880196504008,-0.07677178940404515,-0.07444550555665456,-0.11817220495135017
1.249703358305834,6.533209631305407,1.966132705058382,0.2003176212943265,0.1811536879158554,0.3704873433952429
-0.11657819301608022,8.445993242500297,1.4798482530020298,-0.01241100051623268,-0.01574190098640045,-0.021396551194414255
-1.1023292174457933,3.8114348668620543,1.7405546198268356,-0.2895231876378702,-0.29308991228322884,-0.5039541367641169
-0.2917375425288465,3.835774608195445,1.7387496797367343,-0.07991214515082942,-0.08289507521977704,-0.13515067091669425
0.5128537649512214,1.1610437426815334,1.740962160164575,0.461707451575724,0.4558888264872491,0.7983305508741112
-0.15865112619200242,6.490041538065679,1.107727431445578,-0.028144514895939512,-0.022829823675659028,-0.03415323143427307
-1.1365314236053343,6.400469116346301,0.9319037536456578,-0.18022226201245006,-0.16912281397662693,-0.16389219818460277
0.3805338178741373,7.478008996295737,1.3405653975869136,0.04965561953307193,0.04990015319543417,0.06953978803509489
-0.9092635387727249,3.9833471914652074,1.1089411100422142,-0.22564595572584883,-0.2229230161149235,-0.2478998046236053
-0.49412725728513235,4.092611632865456,1.414039562791551,-0.11734761525119457,-0.11829716271335061,-0.16168299866922978
0.7066528633030107,9.000468234135386,0.7686921947993193,0.08064182590356594,0.07523458363494018,0.055147079180441684
0.7255956668497299,6.404522530910404,1.8607080124550381,0.1225397695288032,0.10737662718230198,0.20476975861035418
0.39441847798524476,5.810944168798836,0.5804853365063121,0.07646549455108774,0.08280241356877054,0.04585805972023512
-0.7577157645887437,5.261806165042851,0.5360006227462915,-0.15069820989189903,-0.14354473683548769,-0.07812309476765068
1.480045332515954,9.687349220475362,0.8594772990500428,0.14924275968407752,0.14627950213881352,0.13624784392154726
-0.3920592301032805,9.909560270011564,1.3162937278194873,-0.045776634894650114,-0.05372071216339656,-0.06812755078632193
2.686179299520127,6.887652367432682,1.0938002037002104,0.40339186145567063,0.37765772425315225,0.44930819703668384
-0.749234293289101,1.822742306261171,1.977828383285651,-0.4182544838191735,-0.4078922850529193,-0.834815806074935
-0.9450673738845675,4.948114005865337,0.6317039216469001,-0.20251899520939431,-0.18741367937997355,-0.13785692470165456
-0.24108742297680716,7.406710906224632,0.945621320154483,-0.033123434464326355,-0.0346078928765093,-0.029149241991934884
0.8932456919607785,4.994598520660462,1.929256119006967,0.1854149718634508,0.1718034760888219,0.32391662962496276
-1.1752521700951926,3.491645033979424,1.8109459723920631,-0.33696563486811704,-0.3354556584786047,-0.6131440750097162
0.25844317931156724,3.906542824738273,1.5285963282648853,0.06618892815585696,0.061823764568491965,0.10339112671818217
-1.0607262300831226,8.603893278113379,1.8417651115173392,-0.1225964628124432,-0.11493256275108824,-0.2199222094459872
-0.10867159966228962,2.7024785128212896,1.5774320140110134,-0.04245009494504892,-0.04282947297701274,-0.06121920331313994
0.9414518522514158,8.145905123491247,1.4044177131494555,0.12200566795724109,0.12102552209389429,0.17550347253185636
0.9190681375710283,5.433768453211991,0.6034737380350383,0.17725821751470272,0.17673214894586492,0.11770240486682493
-0.8085293317298228,1.808632856220508,1.605196791565364,-0.4405689130972713,-0.43577725785304305,-0.7133505981381709
0.175500427182399,1.6899040327566741,0.6000581260141827,0.1140222049628648,0.10724487111783097,0.06283412487753055
0.4407278992198099,3.6237152407853923,1.4025633226500493,0.12004376716689223,0.1181762392222736,0.1723783941449763
-0.6104523066762872,3.086924717234976,0.5536517243540934,-0.19901121483783163,-0.18715397299335945,-0.11136416025826587
-0.510282613903794,7.451762596747955,1.4783006054070293,-0.0661293032274874,-0.06636426254470348,-0.10008277699825635
-0.060697243096058014,2.0719810687657474,1.3987507793440122,-0.03212628441536543,-0.032787862780411584,-0.03715152287162659
0.2824371872638352,3.6201068331174593,0.9585825149500566,0.07438413562734127,0.07902304753815811,0.07200024807761435
0.11668339558030727,3.7419678762377035,0.5700817717752968,0.035711771495734505,0.04085214289034476,0.028487675816117712
2.9363820273045107,9.3213211626479,1.5032573613850828,0.32042550854905455,0.34348934659937946,0.46092228683196007
-0.5470662710755533,8.496130201208594,0.5367520097017624,-0.06290468524732086,-0.0598039239463692,-0.040824172355796384
-0.23300600387658846,9.196438142696707,0.7595678352537548,-0.02446971590124298,-0.028050685565887842,-0.02580033336535401
1.1092981198312142,6.611986490338626,1.5161417752514756,0.17883046074869946,0.16998845704206056,0.26656557699231426
0.4755941892768995,7.760355307810769,0.6576074789309508,0.06954313288257823,0.06693363647708099,0.04338596991544539
-2.3418387745533047,8.611007849914825,1.4282070458711655,-0.27709316080339713,-0.27034145083232813,-0.39524316906928136
-0.18786740087375678,4.788250119177295,1.6442535583301487,-0.04054491164706876,-0.04088227518763427,-0.06498863530736931
1.002554334757095,1.0595245773268323,1.6816975307758013,0.9506774642345481,0.9276672100306582,1.5877899570917917
0.016552458052985997,9.573902994091702,1.5520055222812454,-0.0008320009103192109,0.0006781398588336192,-0.006588904560978583
-0.6538778263266561,8.432265877718091,1.7163124366967915,-0.07317544951881182,-0.0750061281257094,-0.12445365173601293
0.14231222266456273,8.796540565527044,1.1152805332271563,0.014362625903111017,0.006791006437295804,0.016040320355940604
1.3331750583095596,1.8131445999192328,1.0361869271521775,0.7725404016302316,0.7646668344949102,0.7861750523970661
0.39652867425914357,1.2063535491300872,1.2553296426555483,0.33525159054769677,0.3261915835651961,0.4055764334866933
-0.7401213204559038,9.984574457187847,0.7658573340703311,-0.07182706154947699,-0.08151520741882043,-0.050748224342757005
-0.95875963145777,2.2475155903266484,0.7951894636844783,-0.4348120664829261,-0.424610776763138,-0.32993929037744557
-1.3296476419905736,9.600427781469946,1.9650881017309656,-0.12856828894871422,-0.10879643999890172,-0.249924640206706
0.3511206390679545,7.919474001082934,0.6840892931904988,0.05172834239482165,0.048763007681634774,0.031982707415371216
1.1824432257649429,9.707447790578819,1.6741930688124331,0.1216911197216232,0.11667850027331553,0.2163739057282659
0.5124464781487528,3.2884205231270345,1.3043977907392699,0.15290431901172408,0.15485586725555017,0.20334838598531854
1.441601902357574,9.72589948290824,0.5847857075430071,0.14348028534351898,0.12943069892281028,0.06741679448543617
-0.3573996296412873,7.782387788360573,1.4660232529953112,-0.04396348034539048,-0.04548209071533125,-0.0671730910949477
1.8253677411236142,4.794837039871331,1.7834270429535135,0.39271062280378416,0.39429583171074734,0.672643272489018
-1.2963934609639194,1.1578588721076342,1.4832719024720267,-1.1128592134787134,-1.1073470847991433,-1.6413027449782953
1.1132041319140042,3.083872347894526,1.5017283054196544,0.3707055836623869,0.37300338608290384,0.5522849428015406
-0.12383342566954868,9.300705298751296,0.8747468886470781,-0.013270628306930073,-0.02051222716972384,-0.015876498522074803
-0.20183702297597172,8.29942980976688,1.7249587759823997,-0.018512677094659785,-0.022091518636816885,-0.03578204468575194
-0.8920571735092835,7.435451345607564,0.5074219464597167,-0.12333951540583014,-0.11884680604715236,-0.06195546856835884
-0.42203288862297594,2.1443499511714896,1.3323430675235595,-0.19637414511478923,-0.19612092002435672,-0.25811299244763664
0.7704569119374731,8.55185805811709,1.5011704974518238,0.09393646379885091,0.09274034853053499,0.14166148556684757
-0.7228058393518263,2.177297270032135,1.0273820087971355,-0.33165043997334803,-0.3350573125376781,-0.3272391432156228
0.3274208978187138,3.6502331204553355,1.931517222583916,0.0905061994939434,0.07922014453937462,0.15335627601988067
-0.6818315353951233,2.1568294472177003,1.7578831676635405,-0.3137333390256123,-0.3101982474908805,-0.552394968680829
-1.7745586726840434,3.677784437253222,1.116216882267012,-0.47800081777087694,-0.4694126776294531,-0.526366159366248
0.6573342819196216,2.306135010311932,1.3230085031903125,0.2873244825723415,0.29834986102028194,0.37353772590521794
-0.6120279778508176,8.363786391434182,1.382398687454337,-0.07240976052618732,-0.07686634614291293,-0.10045358673268105
-0.05142012344929396,5.626872791878313,1.21005919290443,-0.01439878363548169,-0.007791018956766418,-0.020014972141657154
1.5378949756632772,1.5381017833937483,1.8480796863061015,1.0449334869266338,1.048379547743023,1.9396468883393623
1.5557361676967119,7.542556230460743,0.5425661803070723,0.20325979938719996,0.19250838581462,0.11099335489063308
-0.8286932315646212,8.94031566746957,1.0065202561125863,-0.0976269318641225,-0.09187326264801303,-0.1034409276952489
0.030562219623032405,3.3712161820204316,1.857414210191486,0.006881288196768897,-0.0005275336211949628,0.005794489814872319
1.055625747405596,4.5979052851604205,1.8597841645935302,0.2372011497107156,0.22682321779411646,0.40927349118022677
-0.24545742259693792,2.0605134558564946,1.1598456186021098,-0.11918145710098622,-0.12347206141822027,-0.13355830958655832
-1.396321950910113,5.454927388685038,1.4492215495668324,-0.25603518539383247,-0.25728167352242,-0.36709399519390296
1.1955337659853649,4.641591093398945,1.584187907404176,0.26928319887258606,0.2600836949692591,0.40977336209228515
2.114584314320804,6.439067894934301,0.5685775148319978,0.3277872758580793,0.3266235021743269,0.1796487562899212
0.6795897849157727,8.081797835295985,1.569843583269419,0.08845596234274894,0.08585059305628023,0.13575619034916767
-0.4331567222685995,5.856846936852284,1.4398295375782628,-0.07319661165141723,-0.06876263012807021,-0.10551968920585324
-1.0446749529032424,7.966678467056729,0.9594061395393757,-0.1345992552079452,-0.12395533239170953,-0.127604556391898
-0.6873718892060176,1.5261429982419878,1.311049374758923,-0.45731776249532724,-0.45546046927028866,-0.5952747516252599
-0.41299022176118577,3.4174904021438315,1.9902827623062775,-0.1323474825413148,-0.13543446224921524,-0.26300513158305877
-0.37415506793667425,5.271687644319609,1.5108351288017012,-0.0711779948543545,-0.0679713777524204,-0.10598308836264186
-0.9496567144777417,5.464481250832277,0.806989826411648,-0.181729437264056,-0.1665908130105196,-0.1532981701180442
-0.706101044032275,3.414980395170139,0.8561484795834966,-0.2103371250730514,-0.2052959942564529,-0.18005973513129422
0.7543494118193268,1.396092476368965,1.4904113172023628,0.5592829907759298,0.5570190612427514,0.8299024580324128
-0.24857705977223687,1.3005415238065163,1.6660668594820276,-0.19217124990668238,-0.18575158714583434,-0.3174607266350769
0.046321181832753,9.962218667262857,0.9694048715261439,0.002649074775219317,-0.010736017859453717,-0.0005443316922902758
0.08268118352863148,1.8494537222224934,1.7536664955147734,0.04472050278307024,0.046900657409571354,0.08006859669242371
1.2632150346271034,7.352201480366184,0.8465580181831189,0.17551854183541193,0.17906747602978773,0.14939246739523665
1.29001103087483,6.357289040269096,1.4012620456675853,0.21576901149850397,0.21031432360110358,0.2985751788860109
0.11281425892118836,8.70841464530741,0.7667288570989307,0.016342034734699334,0.011344194847405266,0.006417415772495548
-1.5036905899571438,7.97985176384887,1.474346845507293,-0.19258165405126237,-0.18359328166571554,-0.28234652101632474
1.3160426345931824,5.685178919474954,1.9661009312767046,0.23892569630601357,0.22050706053263647,0.4442883122086341
0.66895900942584,1.845399104134306,1.0588122678362704,0.3721920222015349,0.3805417163834568,0.37002163421760814
-0.2585926009504551,7.530625354479775,1.6726455696506304,-0.029398358083538693,-0.03086297972821195,-0.055242047534257675
1.2126738728065805,6.479616808088556,1.3941274674595479,0.19885853239009638,0.19380748081095228,0.27584261586492054
0.2725717398333971,8.576525165769919,1.876279418639525,0.033181222744094595,0.028317039993482902,0.059008265777632095
-0.34404862636190214,9.580000360891606,1.5951064333343465,-0.03574822304158647,-0.03578422242376214,-0.06068844013508066
2.081305134222748,7.173375937297612,1.757095812716171,0.3036343994960331,0.29419301004941634,0.5151637103079818
1.8736131676268717,1.9223764042621156,1.389906533980153,1.0046521431362914,0.990889834779779,1.4330043808359778
-2.7636073216092982,6.541188628810673,0.5767085309587789,-0.47241853135720524,-0.37766406975265454,-0.40172343227089496
1.4081566250436097,7.981268448398295,1.126374499959017,0.18457953292735335,0.19131697863801544,0.2117758667419034
-0.12519425400273881,8.147745107768953,1.9813688809304697,-0.01629380248144956,-0.012011893560916385,-0.03870406260161266
1.863969362407446,5.573735770540741,0.8144710011694863,0.3439672526155738,0.346190690462376,0.280137110909283
-1.1959446322374658,1.6242223958819229,1.2546765450916169,-0.7464540136229444,-0.7393188938485147,-0.9282603651476569
0.548949092026771,5.049876086588734,1.3740222574411458,0.10837862590959672,0.10245602372279053,0.15684983739275735
-0.5220839820316724,5.817390279206127,1.031146078901828,-0.08974082240512292,-0.08636112696994303,-0.08880285049973242
-0.036253767487243904,7.069439488503832,1.7627877595476449,0.00022860163045355496,-0.0031810930614481763,-0.009400716053637782
-0.0059601096460629695,5.464934651810162,1.7252083166025851,0.0005568728893208122,-0.0030390873921399973,-0.004178806867348285
0.5633372937667913,9.403003931658521,0.9325779554399714,0.058761196941805635,0.05550502557041872,0.047624646884325064
-1.0172244219552147,4.071103594427375,1.894581631522341,-0.25881863068994815,-0.2624390632102387,-0.48155588490852186
-0.5688882227481141,1.7438224962147242,1.3253128762836932,-0.3285854157287513,-0.32751740370811355,-0.43198277504648763
0.23840479576686643,1.624773543866762,0.7054664976704415,0.1572959067076653,0.15005526037128142,0.09440853310314934
-0.9107915124254176,7.954377192926062,1.9686028614133626,-0.11564837939238613,-0.10580632531476121,-0.22045618875661313
0.13595716305806924,9.960494117083382,1.9685425894894464,0.011084281892870942,0.019313661955247145,0.031435724680353536
-1.1747192894753213,7.525910161317698,1.2989719347102715,-0.15313087407822845,-0.15208126277682005,-0.1919888670354815
0.03728634182020167,2.62490139771016,1.2539389499820681,0.011571113631444401,0.010320660330162178,0.021294006864738674
-1.3281965518997947,5.272750236000274,1.913999245826894,-0.26412805505742293,-0.2656313307263874,-0.49136257094981334
-1.724118990718784,3.9235019001785467,0.7580910350382556,-0.43934387526204055,-0.4387947989906337,-0.3190952272415555
-0.32121964136804454,9.765136120109688,1.722606289443833,-0.03144827271282391,-0.026325972281919727,-0.056609381245520465
1.386016691846157,4.1733411784707055,1.262888863915759,0.3439223729706976,0.3395336057575772,0.43791768789023994
0.7934090186141964,4.9526196074683915,0.8555505789763955,0.15839829000551658,0.16360762703666848,0.13654374663190416
1.290540853975788,9.160731301106486,1.8652600494761677,0.13539090234613688,0.1349181778184274,0.25819870313920473
0.45373664601694735,8.302179225137692,1.3326202948063335,0.05449036292983876,0.05299050890411438,0.07545867706276592
-0.040584358971389546,5.586272390476519,1.1306792586521042,-0.012973694144604347,-0.005649450366382676,-0.01909844858762259
0.6250150025819691,8.937691788780839,1.820061079449691,0.06898509202417129,0.06520727223210043,0.12443623608854615
-1.1186905133967833,6.656649888329106,1.9380255754113351,-0.17707198706942934,-0.1749160334739761,-0.3277040245120798
-0.08562139954938092,9.230923757147991,0.984570844349876,-0.010292994045116948,-0.019547408732515988,-0.012229905939907504
-0.8485062027189201,7.288418165239294,1.9947188215155691,-0.121150826844974,-0.11396990657079109,-0.23335354603879815
1.2607646205940355,9.982746878955606,1.5531307792672324,0.12839772374396752,0.1248736919797445,0.21571237220430783
0.37783655229556673,6.991825885958168,1.0511170068339988,0.049595699635119214,0.05281748252426277,0.049231944864026676
-0.5522073005677207,3.808789435564219,1.5445212283101126,-0.143368626455953,-0.14437565763603682,-0.21844385342959252
0.0015777646792613838,6.660104767552103,0.6813608111058072,0.006872169181793845,0.006908166008074274,0.00804842411854974
0.9023498543810787,3.6760427590410543,1.4479265470603024,0.25129712333287935,0.25027179780228337,0.358281985090446
-0.0837645703144749,9.019213855545146,1.906331239911602,-0.0077332973529239245,-0.006792770278873567,-0.013586918801640518
0.1641281774573746,4.368851560752784,1.5783009161663177,0.0379353148773334,0.03309479405307286,0.06181676091243091
0.524963745962637,9.5909867076356,1.040700159474755,0.052754600282317196,0.05036492652316685,0.049002144202356074
-0.058131887845772674,5.193241375262561,0.5872349181433248,-0.006499890366493884,-0.00014614435624688265,0.0009920737886468397
2.3525071914913473,9.854861095770007,0.9145055755818154,0.23590749163371683,0.23275508697050662,0.21801348689790606
0.40499632131628466,3.6105281824302393,1.1526184061247278,0.10656748067432283,0.10869670706066288,0.1282527481499883
-0.6503635926983011,7.037993876891879,0.7581829890521865,-0.093410916423773,-0.0898500236238247,-0.06730623403575088
-0.5759105502032544,4.374213961111345,0.49973861482126347,-0.1348883837079754,-0.13084275247019345,-0.05998505345014438
2.4647312644693065,3.670193181799466,0.9629246643561027,0.692443033707222,0.6761268422661406,0.6652371375751255
0.21906990533200424,6.789386066289037,1.008209959213604,0.027992265267747028,0.03162251521576493,0.023802418530428224
-1.0488669683243197,9.931825400277686,1.3831913553859874,-0.10642847896099968,-0.11217405425079478,-0.14842354692943943
-1.7509274903098122,3.3321294189154163,1.47369973549683,-0.5137385433721745,-0.49961715533904777,-0.7687610771961342
0.6673968081601216,4.31950872328712,0.6016554152055669,0.16150572457690443,0.16813775311024182,0.10466463635416595
2.6225128838651033,2.6395065107457287,1.5357897354860204,0.9978721776781901,0.9895239104064535,1.559156272839894
0.6771326799122436,4.782482134696594,1.384128255573824,0.1433593226046196,0.13619976726777816,0.20497332935103144
-0.21374230628134497,8.25070551492366,1.2705921404808225,-0.027565282662885247,-0.031162362500433045,-0.03584632291903332
1.2506462816431407,4.639347114105211,1.0697965356053,0.27609979390054656,0.2742663259726077,0.3039099392487145
-0.26475447681204806,6.872073251997002,0.855983174834393,-0.03782651811794426,-0.03822945633132449,-0.029672577285399564
-0.27707608061955824,9.555968281910921,1.7271761582777305,-0.026759118337971448,-0.0243790797110817,-0.04733803247535138
-0.20159076015932476,9.057385637265558,1.2331935218007233,-0.025325028264283626,-0.033595894105521495,-0.03369188770807892
