[2026-04-24 04:42:37,831][dowhy.causal_model][INFO] - Model to find the causal effect of treatment ['X0'] on outcome ['X1']
[2026-04-24 04:42:37,831][dowhy.causal_identifier.auto_identifier][WARNING] - No directed path from treatment to outcome. Causal Effect is zero.
[2026-04-24 04:42:37,831][dowhy.causal_model][INFO] - linear_regression
[2026-04-24 04:42:37,831][dowhy.causal_estimator][INFO] - INFO: Using Linear Regression Estimator
[2026-04-24 04:42:37,831][dowhy.causal_estimator][WARNING] - No directed path from ['X0'] to ['X1'].
[2026-04-24 04:42:37,833][dowhy.causal_model][INFO] - Model to find the causal effect of treatment ['X0'] on outcome ['X2']
[2026-04-24 04:42:37,833][dowhy.causal_identifier.auto_identifier][WARNING] - No directed path from treatment to outcome. Causal Effect is zero.
[2026-04-24 04:42:37,833][dowhy.causal_model][INFO] - linear_regression
[2026-04-24 04:42:37,833][dowhy.causal_estimator][INFO] - INFO: Using Linear Regression Estimator
[2026-04-24 04:42:37,833][dowhy.causal_estimator][WARNING] - No directed path from ['X0'] to ['X2'].
[2026-04-24 04:42:37,835][dowhy.causal_model][INFO] - Model to find the causal effect of treatment ['X0'] on outcome ['X3']
[2026-04-24 04:42:37,835][dowhy.causal_identifier.auto_identifier][WARNING] - No directed path from treatment to outcome. Causal Effect is zero.
[2026-04-24 04:42:37,835][dowhy.causal_model][INFO] - linear_regression
[2026-04-24 04:42:37,835][dowhy.causal_estimator][INFO] - INFO: Using Linear Regression Estimator
[2026-04-24 04:42:37,835][dowhy.causal_estimator][WARNING] - No directed path from ['X0'] to ['X3'].
[2026-04-24 04:42:37,837][dowhy.causal_model][INFO] - Model to find the causal effect of treatment ['X0'] on outcome ['X4']
[2026-04-24 04:42:37,837][dowhy.causal_identifier.auto_identifier][WARNING] - No directed path from treatment to outcome. Causal Effect is zero.
[2026-04-24 04:42:37,837][dowhy.causal_model][INFO] - linear_regression
[2026-04-24 04:42:37,837][dowhy.causal_estimator][INFO] - INFO: Using Linear Regression Estimator
[2026-04-24 04:42:37,837][dowhy.causal_estimator][WARNING] - No directed path from ['X0'] to ['X4'].
[2026-04-24 04:42:37,839][dowhy.causal_model][INFO] - Model to find the causal effect of treatment ['X0'] on outcome ['X5']
[2026-04-24 04:42:37,839][dowhy.causal_identifier.auto_identifier][WARNING] - No directed path from treatment to outcome. Causal Effect is zero.
[2026-04-24 04:42:37,839][dowhy.causal_model][INFO] - linear_regression
[2026-04-24 04:42:37,839][dowhy.causal_estimator][INFO] - INFO: Using Linear Regression Estimator
[2026-04-24 04:42:37,839][dowhy.causal_estimator][WARNING] - No directed path from ['X0'] to ['X5'].
[2026-04-24 04:42:37,841][dowhy.causal_model][INFO] - Model to find the causal effect of treatment ['X0'] on outcome ['X6']
[2026-04-24 04:42:37,842][dowhy.causal_identifier.auto_identifier][INFO] - Causal effect can be identified.
[2026-04-24 04:42:37,844][dowhy.causal_identifier.auto_identifier][INFO] - Instrumental variables for treatment and outcome:[]
[2026-04-24 04:42:37,844][dowhy.causal_identifier.auto_identifier][INFO] - Frontdoor variables for treatment and outcome:[]
[2026-04-24 04:42:37,844][dowhy.causal_model][INFO] - linear_regression
[2026-04-24 04:42:37,844][dowhy.causal_estimator][INFO] - INFO: Using Linear Regression Estimator
[2026-04-24 04:42:37,844][dowhy.causal_estimator][INFO] - b: X6~X0+X0*X1
[2026-04-24 04:42:37,852][dowhy.causal_model][INFO] - Model to find the causal effect of treatment ['X0'] on outcome ['X7']
[2026-04-24 04:42:37,854][dowhy.causal_identifier.auto_identifier][INFO] - Causal effect can be identified.
[2026-04-24 04:42:37,854][dowhy.causal_identifier.auto_identifier][INFO] - Instrumental variables for treatment and outcome:[]
[2026-04-24 04:42:37,855][dowhy.causal_identifier.auto_identifier][INFO] - Frontdoor variables for treatment and outcome:[]
[2026-04-24 04:42:37,855][dowhy.causal_model][INFO] - linear_regression
[2026-04-24 04:42:37,855][dowhy.causal_estimator][INFO] - INFO: Using Linear Regression Estimator
[2026-04-24 04:42:37,855][dowhy.causal_estimator][INFO] - b: X7~X0+X0*X1
[2026-04-24 04:42:37,863][dowhy.causal_model][INFO] - Model to find the causal effect of treatment ['X0'] on outcome ['X8']
[2026-04-24 04:42:37,864][dowhy.causal_identifier.auto_identifier][INFO] - Causal effect can be identified.
[2026-04-24 04:42:37,865][dowhy.causal_identifier.auto_identifier][INFO] - Instrumental variables for treatment and outcome:[]
[2026-04-24 04:42:37,866][dowhy.causal_identifier.auto_identifier][INFO] - Frontdoor variables for treatment and outcome:['X7', 'X11', 'X6']
[2026-04-24 04:42:37,869][dowhy.causal_identifier.auto_identifier][INFO] - Causal effect can be identified.
[2026-04-24 04:42:37,871][dowhy.causal_identifier.auto_identifier][INFO] - Causal effect can be identified.
[2026-04-24 04:42:37,872][dowhy.causal_model][INFO] - linear_regression
[2026-04-24 04:42:37,872][dowhy.causal_estimator][INFO] - INFO: Using Linear Regression Estimator
[2026-04-24 04:42:37,872][dowhy.causal_estimator][INFO] - b: X8~X0+X0*X1+X0*X2+X0*X3
[2026-04-24 04:42:37,880][dowhy.causal_model][INFO] - Model to find the causal effect of treatment ['X0'] on outcome ['X9']
[2026-04-24 04:42:37,881][dowhy.causal_identifier.auto_identifier][INFO] - Causal effect can be identified.
[2026-04-24 04:42:37,882][dowhy.causal_identifier.auto_identifier][INFO] - Instrumental variables for treatment and outcome:[]
[2026-04-24 04:42:37,888][dowhy.causal_identifier.auto_identifier][INFO] - Frontdoor variables for treatment and outcome:['X7', 'X11', 'X6']
[2026-04-24 04:42:37,890][dowhy.causal_identifier.auto_identifier][INFO] - Causal effect can be identified.
[2026-04-24 04:42:37,892][dowhy.causal_identifier.auto_identifier][INFO] - Causal effect can be identified.
[2026-04-24 04:42:37,893][dowhy.causal_model][INFO] - linear_regression
[2026-04-24 04:42:37,893][dowhy.causal_estimator][INFO] - INFO: Using Linear Regression Estimator
[2026-04-24 04:42:37,893][dowhy.causal_estimator][INFO] - b: X9~X0+X0*X1+X0*X2+X0*X3
[2026-04-24 04:42:37,901][dowhy.causal_model][INFO] - Model to find the causal effect of treatment ['X0'] on outcome ['X10']
[2026-04-24 04:42:37,903][dowhy.causal_identifier.auto_identifier][INFO] - Causal effect can be identified.
[2026-04-24 04:42:37,904][dowhy.causal_identifier.auto_identifier][INFO] - Instrumental variables for treatment and outcome:[]
[2026-04-24 04:42:37,910][dowhy.causal_identifier.auto_identifier][INFO] - Frontdoor variables for treatment and outcome:['X8', 'X7', 'X11', 'X12', 'X6', 'X9']
[2026-04-24 04:42:37,912][dowhy.causal_identifier.auto_identifier][INFO] - Causal effect can be identified.
[2026-04-24 04:42:37,914][dowhy.causal_identifier.auto_identifier][INFO] - Causal effect can be identified.
[2026-04-24 04:42:37,916][dowhy.causal_model][INFO] - linear_regression
[2026-04-24 04:42:37,916][dowhy.causal_estimator][INFO] - INFO: Using Linear Regression Estimator
[2026-04-24 04:42:37,916][dowhy.causal_estimator][INFO] - b: X10~X0+X0*X5+X0*X4+X0*X1+X0*X3+X0*X2
[2026-04-24 04:42:37,924][dowhy.causal_model][INFO] - Model to find the causal effect of treatment ['X0'] on outcome ['X11']
[2026-04-24 04:42:37,926][dowhy.causal_identifier.auto_identifier][INFO] - Causal effect can be identified.
[2026-04-24 04:42:37,926][dowhy.causal_identifier.auto_identifier][INFO] - Instrumental variables for treatment and outcome:[]
[2026-04-24 04:42:37,940][dowhy.causal_identifier.auto_identifier][INFO] - Frontdoor variables for treatment and outcome:[]
[2026-04-24 04:42:37,940][dowhy.causal_model][INFO] - linear_regression
[2026-04-24 04:42:37,940][dowhy.causal_estimator][INFO] - INFO: Using Linear Regression Estimator
[2026-04-24 04:42:37,940][dowhy.causal_estimator][INFO] - b: X11~X0+X0*X1
[2026-04-24 04:42:37,948][dowhy.causal_model][INFO] - Model to find the causal effect of treatment ['X0'] on outcome ['X12']
[2026-04-24 04:42:37,950][dowhy.causal_identifier.auto_identifier][INFO] - Causal effect can be identified.
[2026-04-24 04:42:37,950][dowhy.causal_identifier.auto_identifier][INFO] - Instrumental variables for treatment and outcome:[]
[2026-04-24 04:42:37,973][dowhy.causal_identifier.auto_identifier][INFO] - Frontdoor variables for treatment and outcome:['X7', 'X11', 'X6']
[2026-04-24 04:42:37,975][dowhy.causal_identifier.auto_identifier][INFO] - Causal effect can be identified.
[2026-04-24 04:42:37,978][dowhy.causal_identifier.auto_identifier][INFO] - Causal effect can be identified.
[2026-04-24 04:42:37,978][dowhy.causal_model][INFO] - linear_regression
[2026-04-24 04:42:37,978][dowhy.causal_estimator][INFO] - INFO: Using Linear Regression Estimator
[2026-04-24 04:42:37,979][dowhy.causal_estimator][INFO] - b: X12~X0+X0*X1+X0*X2+X0*X3
[2026-04-24 04:42:37,987][dowhy.causal_model][INFO] - Model to find the causal effect of treatment ['X0'] on outcome ['X13']
[2026-04-24 04:42:37,989][dowhy.causal_identifier.auto_identifier][INFO] - Causal effect can be identified.
[2026-04-24 04:42:37,990][dowhy.causal_identifier.auto_identifier][INFO] - Instrumental variables for treatment and outcome:[]
[2026-04-24 04:42:37,996][dowhy.causal_identifier.auto_identifier][INFO] - Frontdoor variables for treatment and outcome:['X7', 'X8', 'X11', 'X12', 'X6', 'X9']
[2026-04-24 04:42:37,998][dowhy.causal_identifier.auto_identifier][INFO] - Causal effect can be identified.
[2026-04-24 04:42:38,001][dowhy.causal_identifier.auto_identifier][INFO] - Causal effect can be identified.
[2026-04-24 04:42:38,002][dowhy.causal_model][INFO] - linear_regression
[2026-04-24 04:42:38,002][dowhy.causal_estimator][INFO] - INFO: Using Linear Regression Estimator
[2026-04-24 04:42:38,003][dowhy.causal_estimator][INFO] - b: X13~X0+X0*X5+X0*X4+X0*X1+X0*X3+X0*X2
[2026-04-24 04:42:38,052][dowhy.causal_model][INFO] - Model to find the causal effect of treatment ['X1'] on outcome ['X0']
[2026-04-24 04:42:38,052][dowhy.causal_identifier.auto_identifier][WARNING] - No directed path from treatment to outcome. Causal Effect is zero.
[2026-04-24 04:42:38,052][dowhy.causal_model][INFO] - linear_regression
[2026-04-24 04:42:38,052][dowhy.causal_estimator][INFO] - INFO: Using Linear Regression Estimator
[2026-04-24 04:42:38,052][dowhy.causal_estimator][WARNING] - No directed path from ['X1'] to ['X0'].
[2026-04-24 04:42:38,054][dowhy.causal_model][INFO] - Model to find the causal effect of treatment ['X1'] on outcome ['X2']
[2026-04-24 04:42:38,054][dowhy.causal_identifier.auto_identifier][WARNING] - No directed path from treatment to outcome. Causal Effect is zero.
[2026-04-24 04:42:38,054][dowhy.causal_model][INFO] - linear_regression
[2026-04-24 04:42:38,054][dowhy.causal_estimator][INFO] - INFO: Using Linear Regression Estimator
[2026-04-24 04:42:38,054][dowhy.causal_estimator][WARNING] - No directed path from ['X1'] to ['X2'].
[2026-04-24 04:42:38,056][dowhy.causal_model][INFO] - Model to find the causal effect of treatment ['X1'] on outcome ['X3']
[2026-04-24 04:42:38,056][dowhy.causal_identifier.auto_identifier][WARNING] - No directed path from treatment to outcome. Causal Effect is zero.
[2026-04-24 04:42:38,056][dowhy.causal_model][INFO] - linear_regression
[2026-04-24 04:42:38,056][dowhy.causal_estimator][INFO] - INFO: Using Linear Regression Estimator
[2026-04-24 04:42:38,057][dowhy.causal_estimator][WARNING] - No directed path from ['X1'] to ['X3'].
[2026-04-24 04:42:38,058][dowhy.causal_model][INFO] - Model to find the causal effect of treatment ['X1'] on outcome ['X4']
[2026-04-24 04:42:38,058][dowhy.causal_identifier.auto_identifier][WARNING] - No directed path from treatment to outcome. Causal Effect is zero.
[2026-04-24 04:42:38,059][dowhy.causal_model][INFO] - linear_regression
[2026-04-24 04:42:38,059][dowhy.causal_estimator][INFO] - INFO: Using Linear Regression Estimator
[2026-04-24 04:42:38,059][dowhy.causal_estimator][WARNING] - No directed path from ['X1'] to ['X4'].
[2026-04-24 04:42:38,060][dowhy.causal_model][INFO] - Model to find the causal effect of treatment ['X1'] on outcome ['X5']
[2026-04-24 04:42:38,060][dowhy.causal_identifier.auto_identifier][WARNING] - No directed path from treatment to outcome. Causal Effect is zero.
[2026-04-24 04:42:38,060][dowhy.causal_model][INFO] - linear_regression
[2026-04-24 04:42:38,061][dowhy.causal_estimator][INFO] - INFO: Using Linear Regression Estimator
[2026-04-24 04:42:38,061][dowhy.causal_estimator][WARNING] - No directed path from ['X1'] to ['X5'].
[2026-04-24 04:42:38,062][dowhy.causal_model][INFO] - Model to find the causal effect of treatment ['X1'] on outcome ['X6']
[2026-04-24 04:42:38,064][dowhy.causal_identifier.auto_identifier][INFO] - Causal effect can be identified.
[2026-04-24 04:42:38,065][dowhy.causal_identifier.auto_identifier][INFO] - Instrumental variables for treatment and outcome:[]
[2026-04-24 04:42:38,065][dowhy.causal_identifier.auto_identifier][INFO] - Frontdoor variables for treatment and outcome:[]
[2026-04-24 04:42:38,065][dowhy.causal_model][INFO] - linear_regression
[2026-04-24 04:42:38,065][dowhy.causal_estimator][INFO] - INFO: Using Linear Regression Estimator
[2026-04-24 04:42:38,065][dowhy.causal_estimator][INFO] - b: X6~X1+X1*X0
[2026-04-24 04:42:38,074][dowhy.causal_model][INFO] - Model to find the causal effect of treatment ['X1'] on outcome ['X7']
[2026-04-24 04:42:38,075][dowhy.causal_identifier.auto_identifier][INFO] - Causal effect can be identified.
[2026-04-24 04:42:38,076][dowhy.causal_identifier.auto_identifier][INFO] - Instrumental variables for treatment and outcome:[]
[2026-04-24 04:42:38,076][dowhy.causal_identifier.auto_identifier][INFO] - Frontdoor variables for treatment and outcome:[]
[2026-04-24 04:42:38,076][dowhy.causal_model][INFO] - linear_regression
[2026-04-24 04:42:38,077][dowhy.causal_estimator][INFO] - INFO: Using Linear Regression Estimator
[2026-04-24 04:42:38,077][dowhy.causal_estimator][INFO] - b: X7~X1+X1*X0
[2026-04-24 04:42:38,085][dowhy.causal_model][INFO] - Model to find the causal effect of treatment ['X1'] on outcome ['X8']
[2026-04-24 04:42:38,087][dowhy.causal_identifier.auto_identifier][INFO] - Causal effect can be identified.
[2026-04-24 04:42:38,088][dowhy.causal_identifier.auto_identifier][INFO] - Instrumental variables for treatment and outcome:[]
[2026-04-24 04:42:38,089][dowhy.causal_identifier.auto_identifier][INFO] - Frontdoor variables for treatment and outcome:['X7', 'X11', 'X6']
[2026-04-24 04:42:38,091][dowhy.causal_identifier.auto_identifier][INFO] - Causal effect can be identified.
[2026-04-24 04:42:38,093][dowhy.causal_identifier.auto_identifier][INFO] - Causal effect can be identified.
[2026-04-24 04:42:38,094][dowhy.causal_model][INFO] - linear_regression
[2026-04-24 04:42:38,094][dowhy.causal_estimator][INFO] - INFO: Using Linear Regression Estimator
[2026-04-24 04:42:38,094][dowhy.causal_estimator][INFO] - b: X8~X1+X1*X0+X1*X2+X1*X3
[2026-04-24 04:42:38,102][dowhy.causal_model][INFO] - Model to find the causal effect of treatment ['X1'] on outcome ['X9']
[2026-04-24 04:42:38,104][dowhy.causal_identifier.auto_identifier][INFO] - Causal effect can be identified.
[2026-04-24 04:42:38,105][dowhy.causal_identifier.auto_identifier][INFO] - Instrumental variables for treatment and outcome:[]
[2026-04-24 04:42:38,111][dowhy.causal_identifier.auto_identifier][INFO] - Frontdoor variables for treatment and outcome:['X7', 'X11', 'X6']
[2026-04-24 04:42:38,112][dowhy.causal_identifier.auto_identifier][INFO] - Causal effect can be identified.
[2026-04-24 04:42:38,115][dowhy.causal_identifier.auto_identifier][INFO] - Causal effect can be identified.
[2026-04-24 04:42:38,116][dowhy.causal_model][INFO] - linear_regression
[2026-04-24 04:42:38,116][dowhy.causal_estimator][INFO] - INFO: Using Linear Regression Estimator
[2026-04-24 04:42:38,116][dowhy.causal_estimator][INFO] - b: X9~X1+X1*X0+X1*X2+X1*X3
[2026-04-24 04:42:38,123][dowhy.causal_model][INFO] - Model to find the causal effect of treatment ['X1'] on outcome ['X10']
[2026-04-24 04:42:38,125][dowhy.causal_identifier.auto_identifier][INFO] - Causal effect can be identified.
[2026-04-24 04:42:38,126][dowhy.causal_identifier.auto_identifier][INFO] - Instrumental variables for treatment and outcome:[]
[2026-04-24 04:42:38,132][dowhy.causal_identifier.auto_identifier][INFO] - Frontdoor variables for treatment and outcome:['X8', 'X7', 'X11', 'X12', 'X6', 'X9']
[2026-04-24 04:42:38,134][dowhy.causal_identifier.auto_identifier][INFO] - Causal effect can be identified.
[2026-04-24 04:42:38,136][dowhy.causal_identifier.auto_identifier][INFO] - Causal effect can be identified.
[2026-04-24 04:42:38,138][dowhy.causal_model][INFO] - linear_regression
[2026-04-24 04:42:38,138][dowhy.causal_estimator][INFO] - INFO: Using Linear Regression Estimator
[2026-04-24 04:42:38,138][dowhy.causal_estimator][INFO] - b: X10~X1+X1*X5+X1*X4+X1*X3+X1*X0+X1*X2
[2026-04-24 04:42:38,148][dowhy.causal_model][INFO] - Model to find the causal effect of treatment ['X1'] on outcome ['X11']
[2026-04-24 04:42:38,149][dowhy.causal_identifier.auto_identifier][INFO] - Causal effect can be identified.
[2026-04-24 04:42:38,150][dowhy.causal_identifier.auto_identifier][INFO] - Instrumental variables for treatment and outcome:[]
[2026-04-24 04:42:38,163][dowhy.causal_identifier.auto_identifier][INFO] - Frontdoor variables for treatment and outcome:[]
[2026-04-24 04:42:38,164][dowhy.causal_model][INFO] - linear_regression
[2026-04-24 04:42:38,164][dowhy.causal_estimator][INFO] - INFO: Using Linear Regression Estimator
[2026-04-24 04:42:38,164][dowhy.causal_estimator][INFO] - b: X11~X1+X1*X0
[2026-04-24 04:42:38,173][dowhy.causal_model][INFO] - Model to find the causal effect of treatment ['X1'] on outcome ['X12']
[2026-04-24 04:42:38,174][dowhy.causal_identifier.auto_identifier][INFO] - Causal effect can be identified.
[2026-04-24 04:42:38,175][dowhy.causal_identifier.auto_identifier][INFO] - Instrumental variables for treatment and outcome:[]
[2026-04-24 04:42:38,199][dowhy.causal_identifier.auto_identifier][INFO] - Frontdoor variables for treatment and outcome:['X7', 'X11', 'X6']
[2026-04-24 04:42:38,201][dowhy.causal_identifier.auto_identifier][INFO] - Causal effect can be identified.
[2026-04-24 04:42:38,203][dowhy.causal_identifier.auto_identifier][INFO] - Causal effect can be identified.
[2026-04-24 04:42:38,204][dowhy.causal_model][INFO] - linear_regression
[2026-04-24 04:42:38,204][dowhy.causal_estimator][INFO] - INFO: Using Linear Regression Estimator
[2026-04-24 04:42:38,205][dowhy.causal_estimator][INFO] - b: X12~X1+X1*X0+X1*X2+X1*X3
[2026-04-24 04:42:38,214][dowhy.causal_model][INFO] - Model to find the causal effect of treatment ['X1'] on outcome ['X13']
[2026-04-24 04:42:38,216][dowhy.causal_identifier.auto_identifier][INFO] - Causal effect can be identified.
[2026-04-24 04:42:38,217][dowhy.causal_identifier.auto_identifier][INFO] - Instrumental variables for treatment and outcome:[]
[2026-04-24 04:42:38,223][dowhy.causal_identifier.auto_identifier][INFO] - Frontdoor variables for treatment and outcome:['X7', 'X8', 'X11', 'X12', 'X6', 'X9']
[2026-04-24 04:42:38,225][dowhy.causal_identifier.auto_identifier][INFO] - Causal effect can be identified.
[2026-04-24 04:42:38,228][dowhy.causal_identifier.auto_identifier][INFO] - Causal effect can be identified.
[2026-04-24 04:42:38,229][dowhy.causal_model][INFO] - linear_regression
[2026-04-24 04:42:38,229][dowhy.causal_estimator][INFO] - INFO: Using Linear Regression Estimator
[2026-04-24 04:42:38,230][dowhy.causal_estimator][INFO] - b: X13~X1+X1*X5+X1*X4+X1*X3+X1*X0+X1*X2
[2026-04-24 04:42:38,280][dowhy.causal_model][INFO] - Model to find the causal effect of treatment ['X2'] on outcome ['X0']
[2026-04-24 04:42:38,280][dowhy.causal_identifier.auto_identifier][WARNING] - No directed path from treatment to outcome. Causal Effect is zero.
[2026-04-24 04:42:38,280][dowhy.causal_model][INFO] - linear_regression
[2026-04-24 04:42:38,280][dowhy.causal_estimator][INFO] - INFO: Using Linear Regression Estimator
[2026-04-24 04:42:38,280][dowhy.causal_estimator][WARNING] - No directed path from ['X2'] to ['X0'].
[2026-04-24 04:42:38,282][dowhy.causal_model][INFO] - Model to find the causal effect of treatment ['X2'] on outcome ['X1']
[2026-04-24 04:42:38,282][dowhy.causal_identifier.auto_identifier][WARNING] - No directed path from treatment to outcome. Causal Effect is zero.
[2026-04-24 04:42:38,283][dowhy.causal_model][INFO] - linear_regression
[2026-04-24 04:42:38,283][dowhy.causal_estimator][INFO] - INFO: Using Linear Regression Estimator
[2026-04-24 04:42:38,283][dowhy.causal_estimator][WARNING] - No directed path from ['X2'] to ['X1'].
[2026-04-24 04:42:38,284][dowhy.causal_model][INFO] - Model to find the causal effect of treatment ['X2'] on outcome ['X3']
[2026-04-24 04:42:38,284][dowhy.causal_identifier.auto_identifier][WARNING] - No directed path from treatment to outcome. Causal Effect is zero.
[2026-04-24 04:42:38,285][dowhy.causal_model][INFO] - linear_regression
[2026-04-24 04:42:38,285][dowhy.causal_estimator][INFO] - INFO: Using Linear Regression Estimator
[2026-04-24 04:42:38,285][dowhy.causal_estimator][WARNING] - No directed path from ['X2'] to ['X3'].
[2026-04-24 04:42:38,287][dowhy.causal_model][INFO] - Model to find the causal effect of treatment ['X2'] on outcome ['X4']
[2026-04-24 04:42:38,287][dowhy.causal_identifier.auto_identifier][WARNING] - No directed path from treatment to outcome. Causal Effect is zero.
[2026-04-24 04:42:38,287][dowhy.causal_model][INFO] - linear_regression
[2026-04-24 04:42:38,287][dowhy.causal_estimator][INFO] - INFO: Using Linear Regression Estimator
[2026-04-24 04:42:38,287][dowhy.causal_estimator][WARNING] - No directed path from ['X2'] to ['X4'].
[2026-04-24 04:42:38,289][dowhy.causal_model][INFO] - Model to find the causal effect of treatment ['X2'] on outcome ['X5']
[2026-04-24 04:42:38,289][dowhy.causal_identifier.auto_identifier][WARNING] - No directed path from treatment to outcome. Causal Effect is zero.
[2026-04-24 04:42:38,289][dowhy.causal_model][INFO] - linear_regression
[2026-04-24 04:42:38,289][dowhy.causal_estimator][INFO] - INFO: Using Linear Regression Estimator
[2026-04-24 04:42:38,289][dowhy.causal_estimator][WARNING] - No directed path from ['X2'] to ['X5'].
[2026-04-24 04:42:38,291][dowhy.causal_model][INFO] - Model to find the causal effect of treatment ['X2'] on outcome ['X6']
[2026-04-24 04:42:38,291][dowhy.causal_identifier.auto_identifier][WARNING] - No directed path from treatment to outcome. Causal Effect is zero.
[2026-04-24 04:42:38,291][dowhy.causal_model][INFO] - linear_regression
[2026-04-24 04:42:38,291][dowhy.causal_estimator][INFO] - INFO: Using Linear Regression Estimator
[2026-04-24 04:42:38,291][dowhy.causal_estimator][WARNING] - No directed path from ['X2'] to ['X6'].
[2026-04-24 04:42:38,293][dowhy.causal_model][INFO] - Model to find the causal effect of treatment ['X2'] on outcome ['X7']
[2026-04-24 04:42:38,293][dowhy.causal_identifier.auto_identifier][WARNING] - No directed path from treatment to outcome. Causal Effect is zero.
[2026-04-24 04:42:38,293][dowhy.causal_model][INFO] - linear_regression
[2026-04-24 04:42:38,293][dowhy.causal_estimator][INFO] - INFO: Using Linear Regression Estimator
[2026-04-24 04:42:38,293][dowhy.causal_estimator][WARNING] - No directed path from ['X2'] to ['X7'].
[2026-04-24 04:42:38,294][dowhy.causal_model][INFO] - Model to find the causal effect of treatment ['X2'] on outcome ['X8']
[2026-04-24 04:42:38,297][dowhy.causal_identifier.auto_identifier][INFO] - Causal effect can be identified.
[2026-04-24 04:42:38,298][dowhy.causal_identifier.auto_identifier][INFO] - Instrumental variables for treatment and outcome:[]
[2026-04-24 04:42:38,298][dowhy.causal_identifier.auto_identifier][INFO] - Frontdoor variables for treatment and outcome:[]
[2026-04-24 04:42:38,298][dowhy.causal_model][INFO] - linear_regression
[2026-04-24 04:42:38,298][dowhy.causal_estimator][INFO] - INFO: Using Linear Regression Estimator
[2026-04-24 04:42:38,299][dowhy.causal_estimator][INFO] - b: X8~X2+X2*X7+X2*X6+X2*X1+X2*X3+X2*X0
[2026-04-24 04:42:38,307][dowhy.causal_model][INFO] - Model to find the causal effect of treatment ['X2'] on outcome ['X9']
[2026-04-24 04:42:38,310][dowhy.causal_identifier.auto_identifier][INFO] - Causal effect can be identified.
[2026-04-24 04:42:38,311][dowhy.causal_identifier.auto_identifier][INFO] - Instrumental variables for treatment and outcome:[]
[2026-04-24 04:42:38,311][dowhy.causal_identifier.auto_identifier][INFO] - Frontdoor variables for treatment and outcome:[]
[2026-04-24 04:42:38,311][dowhy.causal_model][INFO] - linear_regression
[2026-04-24 04:42:38,311][dowhy.causal_estimator][INFO] - INFO: Using Linear Regression Estimator
[2026-04-24 04:42:38,311][dowhy.causal_estimator][INFO] - b: X9~X2+X2*X7+X2*X6+X2*X1+X2*X3+X2*X0
[2026-04-24 04:42:38,320][dowhy.causal_model][INFO] - Model to find the causal effect of treatment ['X2'] on outcome ['X10']
[2026-04-24 04:42:38,323][dowhy.causal_identifier.auto_identifier][INFO] - Causal effect can be identified.
[2026-04-24 04:42:38,324][dowhy.causal_identifier.auto_identifier][INFO] - Instrumental variables for treatment and outcome:[]
[2026-04-24 04:42:38,325][dowhy.causal_identifier.auto_identifier][INFO] - Frontdoor variables for treatment and outcome:['X8', 'X12', 'X9']
[2026-04-24 04:42:38,328][dowhy.causal_identifier.auto_identifier][INFO] - Causal effect can be identified.
[2026-04-24 04:42:38,332][dowhy.causal_identifier.auto_identifier][INFO] - Causal effect can be identified.
[2026-04-24 04:42:38,333][dowhy.causal_model][INFO] - linear_regression
[2026-04-24 04:42:38,333][dowhy.causal_estimator][INFO] - INFO: Using Linear Regression Estimator
[2026-04-24 04:42:38,333][dowhy.causal_estimator][INFO] - b: X10~X2+X2*X5+X2*X4+X2*X7+X2*X6+X2*X1+X2*X3+X2*X0
[2026-04-24 04:42:38,342][dowhy.causal_model][INFO] - Model to find the causal effect of treatment ['X2'] on outcome ['X11']
[2026-04-24 04:42:38,342][dowhy.causal_identifier.auto_identifier][WARNING] - No directed path from treatment to outcome. Causal Effect is zero.
[2026-04-24 04:42:38,342][dowhy.causal_model][INFO] - linear_regression
[2026-04-24 04:42:38,342][dowhy.causal_estimator][INFO] - INFO: Using Linear Regression Estimator
[2026-04-24 04:42:38,342][dowhy.causal_estimator][WARNING] - No directed path from ['X2'] to ['X11'].
[2026-04-24 04:42:38,344][dowhy.causal_model][INFO] - Model to find the causal effect of treatment ['X2'] on outcome ['X12']
[2026-04-24 04:42:38,347][dowhy.causal_identifier.auto_identifier][INFO] - Causal effect can be identified.
[2026-04-24 04:42:38,347][dowhy.causal_identifier.auto_identifier][INFO] - Instrumental variables for treatment and outcome:[]
[2026-04-24 04:42:38,349][dowhy.causal_identifier.auto_identifier][INFO] - Frontdoor variables for treatment and outcome:[]
[2026-04-24 04:42:38,349][dowhy.causal_model][INFO] - linear_regression
[2026-04-24 04:42:38,349][dowhy.causal_estimator][INFO] - INFO: Using Linear Regression Estimator
[2026-04-24 04:42:38,349][dowhy.causal_estimator][INFO] - b: X12~X2+X2*X7+X2*X6+X2*X1+X2*X3+X2*X0
[2026-04-24 04:42:38,358][dowhy.causal_model][INFO] - Model to find the causal effect of treatment ['X2'] on outcome ['X13']
[2026-04-24 04:42:38,360][dowhy.causal_identifier.auto_identifier][INFO] - Causal effect can be identified.
[2026-04-24 04:42:38,361][dowhy.causal_identifier.auto_identifier][INFO] - Instrumental variables for treatment and outcome:[]
[2026-04-24 04:42:38,364][dowhy.causal_identifier.auto_identifier][INFO] - Frontdoor variables for treatment and outcome:['X8', 'X12', 'X9']
[2026-04-24 04:42:38,367][dowhy.causal_identifier.auto_identifier][INFO] - Causal effect can be identified.
[2026-04-24 04:42:38,370][dowhy.causal_identifier.auto_identifier][INFO] - Causal effect can be identified.
[2026-04-24 04:42:38,372][dowhy.causal_model][INFO] - linear_regression
[2026-04-24 04:42:38,372][dowhy.causal_estimator][INFO] - INFO: Using Linear Regression Estimator
[2026-04-24 04:42:38,372][dowhy.causal_estimator][INFO] - b: X13~X2+X2*X5+X2*X4+X2*X7+X2*X6+X2*X1+X2*X3+X2*X0
[2026-04-24 04:42:38,414][dowhy.causal_model][INFO] - Model to find the causal effect of treatment ['X3'] on outcome ['X0']
[2026-04-24 04:42:38,414][dowhy.causal_identifier.auto_identifier][WARNING] - No directed path from treatment to outcome. Causal Effect is zero.
[2026-04-24 04:42:38,414][dowhy.causal_model][INFO] - linear_regression
[2026-04-24 04:42:38,414][dowhy.causal_estimator][INFO] - INFO: Using Linear Regression Estimator
[2026-04-24 04:42:38,414][dowhy.causal_estimator][WARNING] - No directed path from ['X3'] to ['X0'].
[2026-04-24 04:42:38,416][dowhy.causal_model][INFO] - Model to find the causal effect of treatment ['X3'] on outcome ['X1']
[2026-04-24 04:42:38,416][dowhy.causal_identifier.auto_identifier][WARNING] - No directed path from treatment to outcome. Causal Effect is zero.
[2026-04-24 04:42:38,416][dowhy.causal_model][INFO] - linear_regression
[2026-04-24 04:42:38,416][dowhy.causal_estimator][INFO] - INFO: Using Linear Regression Estimator
[2026-04-24 04:42:38,416][dowhy.causal_estimator][WARNING] - No directed path from ['X3'] to ['X1'].
[2026-04-24 04:42:38,418][dowhy.causal_model][INFO] - Model to find the causal effect of treatment ['X3'] on outcome ['X2']
[2026-04-24 04:42:38,418][dowhy.causal_identifier.auto_identifier][WARNING] - No directed path from treatment to outcome. Causal Effect is zero.
[2026-04-24 04:42:38,418][dowhy.causal_model][INFO] - linear_regression
[2026-04-24 04:42:38,418][dowhy.causal_estimator][INFO] - INFO: Using Linear Regression Estimator
[2026-04-24 04:42:38,418][dowhy.causal_estimator][WARNING] - No directed path from ['X3'] to ['X2'].
[2026-04-24 04:42:38,420][dowhy.causal_model][INFO] - Model to find the causal effect of treatment ['X3'] on outcome ['X4']
[2026-04-24 04:42:38,420][dowhy.causal_identifier.auto_identifier][WARNING] - No directed path from treatment to outcome. Causal Effect is zero.
[2026-04-24 04:42:38,420][dowhy.causal_model][INFO] - linear_regression
[2026-04-24 04:42:38,420][dowhy.causal_estimator][INFO] - INFO: Using Linear Regression Estimator
[2026-04-24 04:42:38,420][dowhy.causal_estimator][WARNING] - No directed path from ['X3'] to ['X4'].
[2026-04-24 04:42:38,422][dowhy.causal_model][INFO] - Model to find the causal effect of treatment ['X3'] on outcome ['X5']
[2026-04-24 04:42:38,422][dowhy.causal_identifier.auto_identifier][WARNING] - No directed path from treatment to outcome. Causal Effect is zero.
[2026-04-24 04:42:38,423][dowhy.causal_model][INFO] - linear_regression
[2026-04-24 04:42:38,423][dowhy.causal_estimator][INFO] - INFO: Using Linear Regression Estimator
[2026-04-24 04:42:38,423][dowhy.causal_estimator][WARNING] - No directed path from ['X3'] to ['X5'].
[2026-04-24 04:42:38,424][dowhy.causal_model][INFO] - Model to find the causal effect of treatment ['X3'] on outcome ['X6']
[2026-04-24 04:42:38,425][dowhy.causal_identifier.auto_identifier][WARNING] - No directed path from treatment to outcome. Causal Effect is zero.
[2026-04-24 04:42:38,425][dowhy.causal_model][INFO] - linear_regression
[2026-04-24 04:42:38,425][dowhy.causal_estimator][INFO] - INFO: Using Linear Regression Estimator
[2026-04-24 04:42:38,425][dowhy.causal_estimator][WARNING] - No directed path from ['X3'] to ['X6'].
[2026-04-24 04:42:38,427][dowhy.causal_model][INFO] - Model to find the causal effect of treatment ['X3'] on outcome ['X7']
[2026-04-24 04:42:38,427][dowhy.causal_identifier.auto_identifier][WARNING] - No directed path from treatment to outcome. Causal Effect is zero.
[2026-04-24 04:42:38,427][dowhy.causal_model][INFO] - linear_regression
[2026-04-24 04:42:38,427][dowhy.causal_estimator][INFO] - INFO: Using Linear Regression Estimator
[2026-04-24 04:42:38,427][dowhy.causal_estimator][WARNING] - No directed path from ['X3'] to ['X7'].
[2026-04-24 04:42:38,428][dowhy.causal_model][INFO] - Model to find the causal effect of treatment ['X3'] on outcome ['X8']
[2026-04-24 04:42:38,431][dowhy.causal_identifier.auto_identifier][INFO] - Causal effect can be identified.
[2026-04-24 04:42:38,432][dowhy.causal_identifier.auto_identifier][INFO] - Instrumental variables for treatment and outcome:[]
[2026-04-24 04:42:38,432][dowhy.causal_identifier.auto_identifier][INFO] - Frontdoor variables for treatment and outcome:[]
[2026-04-24 04:42:38,432][dowhy.causal_model][INFO] - linear_regression
[2026-04-24 04:42:38,432][dowhy.causal_estimator][INFO] - INFO: Using Linear Regression Estimator
[2026-04-24 04:42:38,433][dowhy.causal_estimator][INFO] - b: X8~X3+X3*X7+X3*X6+X3*X1+X3*X0+X3*X2
[2026-04-24 04:42:38,442][dowhy.causal_model][INFO] - Model to find the causal effect of treatment ['X3'] on outcome ['X9']
[2026-04-24 04:42:38,445][dowhy.causal_identifier.auto_identifier][INFO] - Causal effect can be identified.
[2026-04-24 04:42:38,446][dowhy.causal_identifier.auto_identifier][INFO] - Instrumental variables for treatment and outcome:[]
[2026-04-24 04:42:38,446][dowhy.causal_identifier.auto_identifier][INFO] - Frontdoor variables for treatment and outcome:[]
[2026-04-24 04:42:38,446][dowhy.causal_model][INFO] - linear_regression
[2026-04-24 04:42:38,446][dowhy.causal_estimator][INFO] - INFO: Using Linear Regression Estimator
[2026-04-24 04:42:38,447][dowhy.causal_estimator][INFO] - b: X9~X3+X3*X7+X3*X6+X3*X1+X3*X0+X3*X2
[2026-04-24 04:42:38,456][dowhy.causal_model][INFO] - Model to find the causal effect of treatment ['X3'] on outcome ['X10']
[2026-04-24 04:42:38,460][dowhy.causal_identifier.auto_identifier][INFO] - Causal effect can be identified.
[2026-04-24 04:42:38,461][dowhy.causal_identifier.auto_identifier][INFO] - Instrumental variables for treatment and outcome:[]
[2026-04-24 04:42:38,462][dowhy.causal_identifier.auto_identifier][INFO] - Frontdoor variables for treatment and outcome:['X8', 'X12', 'X9']
[2026-04-24 04:42:38,465][dowhy.causal_identifier.auto_identifier][INFO] - Causal effect can be identified.
[2026-04-24 04:42:38,469][dowhy.causal_identifier.auto_identifier][INFO] - Causal effect can be identified.
[2026-04-24 04:42:38,471][dowhy.causal_model][INFO] - linear_regression
[2026-04-24 04:42:38,471][dowhy.causal_estimator][INFO] - INFO: Using Linear Regression Estimator
[2026-04-24 04:42:38,471][dowhy.causal_estimator][INFO] - b: X10~X3+X3*X5+X3*X4+X3*X7+X3*X6+X3*X1+X3*X0+X3*X2
[2026-04-24 04:42:38,481][dowhy.causal_model][INFO] - Model to find the causal effect of treatment ['X3'] on outcome ['X11']
[2026-04-24 04:42:38,481][dowhy.causal_identifier.auto_identifier][WARNING] - No directed path from treatment to outcome. Causal Effect is zero.
[2026-04-24 04:42:38,481][dowhy.causal_model][INFO] - linear_regression
[2026-04-24 04:42:38,481][dowhy.causal_estimator][INFO] - INFO: Using Linear Regression Estimator
[2026-04-24 04:42:38,481][dowhy.causal_estimator][WARNING] - No directed path from ['X3'] to ['X11'].
[2026-04-24 04:42:38,483][dowhy.causal_model][INFO] - Model to find the causal effect of treatment ['X3'] on outcome ['X12']
[2026-04-24 04:42:38,486][dowhy.causal_identifier.auto_identifier][INFO] - Causal effect can be identified.
[2026-04-24 04:42:38,487][dowhy.causal_identifier.auto_identifier][INFO] - Instrumental variables for treatment and outcome:[]
[2026-04-24 04:42:38,489][dowhy.causal_identifier.auto_identifier][INFO] - Frontdoor variables for treatment and outcome:[]
[2026-04-24 04:42:38,489][dowhy.causal_model][INFO] - linear_regression
[2026-04-24 04:42:38,489][dowhy.causal_estimator][INFO] - INFO: Using Linear Regression Estimator
[2026-04-24 04:42:38,489][dowhy.causal_estimator][INFO] - b: X12~X3+X3*X7+X3*X6+X3*X1+X3*X0+X3*X2
[2026-04-24 04:42:38,499][dowhy.causal_model][INFO] - Model to find the causal effect of treatment ['X3'] on outcome ['X13']
[2026-04-24 04:42:38,502][dowhy.causal_identifier.auto_identifier][INFO] - Causal effect can be identified.
[2026-04-24 04:42:38,503][dowhy.causal_identifier.auto_identifier][INFO] - Instrumental variables for treatment and outcome:[]
[2026-04-24 04:42:38,506][dowhy.causal_identifier.auto_identifier][INFO] - Frontdoor variables for treatment and outcome:['X8', 'X12', 'X9']
[2026-04-24 04:42:38,509][dowhy.causal_identifier.auto_identifier][INFO] - Causal effect can be identified.
[2026-04-24 04:42:38,513][dowhy.causal_identifier.auto_identifier][INFO] - Causal effect can be identified.
[2026-04-24 04:42:38,514][dowhy.causal_model][INFO] - linear_regression
[2026-04-24 04:42:38,514][dowhy.causal_estimator][INFO] - INFO: Using Linear Regression Estimator
[2026-04-24 04:42:38,515][dowhy.causal_estimator][INFO] - b: X13~X3+X3*X5+X3*X4+X3*X7+X3*X6+X3*X1+X3*X0+X3*X2
[2026-04-24 04:42:38,560][dowhy.causal_model][INFO] - Model to find the causal effect of treatment ['X4'] on outcome ['X0']
[2026-04-24 04:42:38,561][dowhy.causal_identifier.auto_identifier][WARNING] - No directed path from treatment to outcome. Causal Effect is zero.
[2026-04-24 04:42:38,561][dowhy.causal_model][INFO] - linear_regression
[2026-04-24 04:42:38,561][dowhy.causal_estimator][INFO] - INFO: Using Linear Regression Estimator
[2026-04-24 04:42:38,561][dowhy.causal_estimator][WARNING] - No directed path from ['X4'] to ['X0'].
[2026-04-24 04:42:38,562][dowhy.causal_model][INFO] - Model to find the causal effect of treatment ['X4'] on outcome ['X1']
[2026-04-24 04:42:38,563][dowhy.causal_identifier.auto_identifier][WARNING] - No directed path from treatment to outcome. Causal Effect is zero.
[2026-04-24 04:42:38,563][dowhy.causal_model][INFO] - linear_regression
[2026-04-24 04:42:38,563][dowhy.causal_estimator][INFO] - INFO: Using Linear Regression Estimator
[2026-04-24 04:42:38,563][dowhy.causal_estimator][WARNING] - No directed path from ['X4'] to ['X1'].
[2026-04-24 04:42:38,564][dowhy.causal_model][INFO] - Model to find the causal effect of treatment ['X4'] on outcome ['X2']
[2026-04-24 04:42:38,564][dowhy.causal_identifier.auto_identifier][WARNING] - No directed path from treatment to outcome. Causal Effect is zero.
[2026-04-24 04:42:38,565][dowhy.causal_model][INFO] - linear_regression
[2026-04-24 04:42:38,565][dowhy.causal_estimator][INFO] - INFO: Using Linear Regression Estimator
[2026-04-24 04:42:38,565][dowhy.causal_estimator][WARNING] - No directed path from ['X4'] to ['X2'].
[2026-04-24 04:42:38,566][dowhy.causal_model][INFO] - Model to find the causal effect of treatment ['X4'] on outcome ['X3']
[2026-04-24 04:42:38,566][dowhy.causal_identifier.auto_identifier][WARNING] - No directed path from treatment to outcome. Causal Effect is zero.
[2026-04-24 04:42:38,566][dowhy.causal_model][INFO] - linear_regression
[2026-04-24 04:42:38,566][dowhy.causal_estimator][INFO] - INFO: Using Linear Regression Estimator
[2026-04-24 04:42:38,566][dowhy.causal_estimator][WARNING] - No directed path from ['X4'] to ['X3'].
[2026-04-24 04:42:38,568][dowhy.causal_model][INFO] - Model to find the causal effect of treatment ['X4'] on outcome ['X5']
[2026-04-24 04:42:38,568][dowhy.causal_identifier.auto_identifier][WARNING] - No directed path from treatment to outcome. Causal Effect is zero.
[2026-04-24 04:42:38,568][dowhy.causal_model][INFO] - linear_regression
[2026-04-24 04:42:38,568][dowhy.causal_estimator][INFO] - INFO: Using Linear Regression Estimator
[2026-04-24 04:42:38,568][dowhy.causal_estimator][WARNING] - No directed path from ['X4'] to ['X5'].
[2026-04-24 04:42:38,570][dowhy.causal_model][INFO] - Model to find the causal effect of treatment ['X4'] on outcome ['X6']
[2026-04-24 04:42:38,570][dowhy.causal_identifier.auto_identifier][WARNING] - No directed path from treatment to outcome. Causal Effect is zero.
[2026-04-24 04:42:38,570][dowhy.causal_model][INFO] - linear_regression
[2026-04-24 04:42:38,570][dowhy.causal_estimator][INFO] - INFO: Using Linear Regression Estimator
[2026-04-24 04:42:38,570][dowhy.causal_estimator][WARNING] - No directed path from ['X4'] to ['X6'].
[2026-04-24 04:42:38,572][dowhy.causal_model][INFO] - Model to find the causal effect of treatment ['X4'] on outcome ['X7']
[2026-04-24 04:42:38,572][dowhy.causal_identifier.auto_identifier][WARNING] - No directed path from treatment to outcome. Causal Effect is zero.
[2026-04-24 04:42:38,572][dowhy.causal_model][INFO] - linear_regression
[2026-04-24 04:42:38,572][dowhy.causal_estimator][INFO] - INFO: Using Linear Regression Estimator
[2026-04-24 04:42:38,572][dowhy.causal_estimator][WARNING] - No directed path from ['X4'] to ['X7'].
[2026-04-24 04:42:38,574][dowhy.causal_model][INFO] - Model to find the causal effect of treatment ['X4'] on outcome ['X8']
[2026-04-24 04:42:38,574][dowhy.causal_identifier.auto_identifier][WARNING] - No directed path from treatment to outcome. Causal Effect is zero.
[2026-04-24 04:42:38,574][dowhy.causal_model][INFO] - linear_regression
[2026-04-24 04:42:38,574][dowhy.causal_estimator][INFO] - INFO: Using Linear Regression Estimator
[2026-04-24 04:42:38,574][dowhy.causal_estimator][WARNING] - No directed path from ['X4'] to ['X8'].
[2026-04-24 04:42:38,575][dowhy.causal_model][INFO] - Model to find the causal effect of treatment ['X4'] on outcome ['X9']
[2026-04-24 04:42:38,575][dowhy.causal_identifier.auto_identifier][WARNING] - No directed path from treatment to outcome. Causal Effect is zero.
[2026-04-24 04:42:38,575][dowhy.causal_model][INFO] - linear_regression
[2026-04-24 04:42:38,575][dowhy.causal_estimator][INFO] - INFO: Using Linear Regression Estimator
[2026-04-24 04:42:38,576][dowhy.causal_estimator][WARNING] - No directed path from ['X4'] to ['X9'].
[2026-04-24 04:42:38,577][dowhy.causal_model][INFO] - Model to find the causal effect of treatment ['X4'] on outcome ['X10']
[2026-04-24 04:42:38,581][dowhy.causal_identifier.auto_identifier][INFO] - Causal effect can be identified.
[2026-04-24 04:42:38,582][dowhy.causal_identifier.auto_identifier][INFO] - Instrumental variables for treatment and outcome:[]
[2026-04-24 04:42:38,582][dowhy.causal_identifier.auto_identifier][INFO] - Frontdoor variables for treatment and outcome:[]
[2026-04-24 04:42:38,582][dowhy.causal_model][INFO] - linear_regression
[2026-04-24 04:42:38,582][dowhy.causal_estimator][INFO] - INFO: Using Linear Regression Estimator
[2026-04-24 04:42:38,583][dowhy.causal_estimator][INFO] - b: X10~X4+X4*X8+X4*X7+X4*X6+X4*X3+X4*X9+X4*X2+X4*X5+X4*X1+X4*X0
[2026-04-24 04:42:38,592][dowhy.causal_model][INFO] - Model to find the causal effect of treatment ['X4'] on outcome ['X11']
[2026-04-24 04:42:38,592][dowhy.causal_identifier.auto_identifier][WARNING] - No directed path from treatment to outcome. Causal Effect is zero.
[2026-04-24 04:42:38,592][dowhy.causal_model][INFO] - linear_regression
[2026-04-24 04:42:38,592][dowhy.causal_estimator][INFO] - INFO: Using Linear Regression Estimator
[2026-04-24 04:42:38,592][dowhy.causal_estimator][WARNING] - No directed path from ['X4'] to ['X11'].
[2026-04-24 04:42:38,594][dowhy.causal_model][INFO] - Model to find the causal effect of treatment ['X4'] on outcome ['X12']
[2026-04-24 04:42:38,594][dowhy.causal_identifier.auto_identifier][WARNING] - No directed path from treatment to outcome. Causal Effect is zero.
[2026-04-24 04:42:38,594][dowhy.causal_model][INFO] - linear_regression
[2026-04-24 04:42:38,594][dowhy.causal_estimator][INFO] - INFO: Using Linear Regression Estimator
[2026-04-24 04:42:38,594][dowhy.causal_estimator][WARNING] - No directed path from ['X4'] to ['X12'].
[2026-04-24 04:42:38,596][dowhy.causal_model][INFO] - Model to find the causal effect of treatment ['X4'] on outcome ['X13']
[2026-04-24 04:42:38,599][dowhy.causal_identifier.auto_identifier][INFO] - Causal effect can be identified.
[2026-04-24 04:42:38,601][dowhy.causal_identifier.auto_identifier][INFO] - Instrumental variables for treatment and outcome:[]
[2026-04-24 04:42:38,601][dowhy.causal_identifier.auto_identifier][INFO] - Frontdoor variables for treatment and outcome:[]
[2026-04-24 04:42:38,601][dowhy.causal_model][INFO] - linear_regression
[2026-04-24 04:42:38,601][dowhy.causal_estimator][INFO] - INFO: Using Linear Regression Estimator
[2026-04-24 04:42:38,601][dowhy.causal_estimator][INFO] - b: X13~X4+X4*X8+X4*X7+X4*X6+X4*X9+X4*X3+X4*X2+X4*X5+X4*X1+X4*X0
[2026-04-24 04:42:38,645][dowhy.causal_model][INFO] - Model to find the causal effect of treatment ['X5'] on outcome ['X0']
[2026-04-24 04:42:38,645][dowhy.causal_identifier.auto_identifier][WARNING] - No directed path from treatment to outcome. Causal Effect is zero.
[2026-04-24 04:42:38,645][dowhy.causal_model][INFO] - linear_regression
[2026-04-24 04:42:38,645][dowhy.causal_estimator][INFO] - INFO: Using Linear Regression Estimator
[2026-04-24 04:42:38,646][dowhy.causal_estimator][WARNING] - No directed path from ['X5'] to ['X0'].
[2026-04-24 04:42:38,647][dowhy.causal_model][INFO] - Model to find the causal effect of treatment ['X5'] on outcome ['X1']
[2026-04-24 04:42:38,647][dowhy.causal_identifier.auto_identifier][WARNING] - No directed path from treatment to outcome. Causal Effect is zero.
[2026-04-24 04:42:38,648][dowhy.causal_model][INFO] - linear_regression
[2026-04-24 04:42:38,648][dowhy.causal_estimator][INFO] - INFO: Using Linear Regression Estimator
[2026-04-24 04:42:38,648][dowhy.causal_estimator][WARNING] - No directed path from ['X5'] to ['X1'].
[2026-04-24 04:42:38,650][dowhy.causal_model][INFO] - Model to find the causal effect of treatment ['X5'] on outcome ['X2']
[2026-04-24 04:42:38,650][dowhy.causal_identifier.auto_identifier][WARNING] - No directed path from treatment to outcome. Causal Effect is zero.
[2026-04-24 04:42:38,650][dowhy.causal_model][INFO] - linear_regression
[2026-04-24 04:42:38,650][dowhy.causal_estimator][INFO] - INFO: Using Linear Regression Estimator
[2026-04-24 04:42:38,650][dowhy.causal_estimator][WARNING] - No directed path from ['X5'] to ['X2'].
[2026-04-24 04:42:38,651][dowhy.causal_model][INFO] - Model to find the causal effect of treatment ['X5'] on outcome ['X3']
[2026-04-24 04:42:38,652][dowhy.causal_identifier.auto_identifier][WARNING] - No directed path from treatment to outcome. Causal Effect is zero.
[2026-04-24 04:42:38,652][dowhy.causal_model][INFO] - linear_regression
[2026-04-24 04:42:38,652][dowhy.causal_estimator][INFO] - INFO: Using Linear Regression Estimator
[2026-04-24 04:42:38,652][dowhy.causal_estimator][WARNING] - No directed path from ['X5'] to ['X3'].
[2026-04-24 04:42:38,653][dowhy.causal_model][INFO] - Model to find the causal effect of treatment ['X5'] on outcome ['X4']
[2026-04-24 04:42:38,654][dowhy.causal_identifier.auto_identifier][WARNING] - No directed path from treatment to outcome. Causal Effect is zero.
[2026-04-24 04:42:38,654][dowhy.causal_model][INFO] - linear_regression
[2026-04-24 04:42:38,654][dowhy.causal_estimator][INFO] - INFO: Using Linear Regression Estimator
[2026-04-24 04:42:38,654][dowhy.causal_estimator][WARNING] - No directed path from ['X5'] to ['X4'].
[2026-04-24 04:42:38,655][dowhy.causal_model][INFO] - Model to find the causal effect of treatment ['X5'] on outcome ['X6']
[2026-04-24 04:42:38,655][dowhy.causal_identifier.auto_identifier][WARNING] - No directed path from treatment to outcome. Causal Effect is zero.
[2026-04-24 04:42:38,655][dowhy.causal_model][INFO] - linear_regression
[2026-04-24 04:42:38,656][dowhy.causal_estimator][INFO] - INFO: Using Linear Regression Estimator
[2026-04-24 04:42:38,656][dowhy.causal_estimator][WARNING] - No directed path from ['X5'] to ['X6'].
[2026-04-24 04:42:38,658][dowhy.causal_model][INFO] - Model to find the causal effect of treatment ['X5'] on outcome ['X7']
[2026-04-24 04:42:38,658][dowhy.causal_identifier.auto_identifier][WARNING] - No directed path from treatment to outcome. Causal Effect is zero.
[2026-04-24 04:42:38,658][dowhy.causal_model][INFO] - linear_regression
[2026-04-24 04:42:38,658][dowhy.causal_estimator][INFO] - INFO: Using Linear Regression Estimator
[2026-04-24 04:42:38,658][dowhy.causal_estimator][WARNING] - No directed path from ['X5'] to ['X7'].
[2026-04-24 04:42:38,660][dowhy.causal_model][INFO] - Model to find the causal effect of treatment ['X5'] on outcome ['X8']
[2026-04-24 04:42:38,660][dowhy.causal_identifier.auto_identifier][WARNING] - No directed path from treatment to outcome. Causal Effect is zero.
[2026-04-24 04:42:38,660][dowhy.causal_model][INFO] - linear_regression
[2026-04-24 04:42:38,660][dowhy.causal_estimator][INFO] - INFO: Using Linear Regression Estimator
[2026-04-24 04:42:38,660][dowhy.causal_estimator][WARNING] - No directed path from ['X5'] to ['X8'].
[2026-04-24 04:42:38,661][dowhy.causal_model][INFO] - Model to find the causal effect of treatment ['X5'] on outcome ['X9']
[2026-04-24 04:42:38,662][dowhy.causal_identifier.auto_identifier][WARNING] - No directed path from treatment to outcome. Causal Effect is zero.
[2026-04-24 04:42:38,662][dowhy.causal_model][INFO] - linear_regression
[2026-04-24 04:42:38,662][dowhy.causal_estimator][INFO] - INFO: Using Linear Regression Estimator
[2026-04-24 04:42:38,662][dowhy.causal_estimator][WARNING] - No directed path from ['X5'] to ['X9'].
[2026-04-24 04:42:38,663][dowhy.causal_model][INFO] - Model to find the causal effect of treatment ['X5'] on outcome ['X10']
[2026-04-24 04:42:38,667][dowhy.causal_identifier.auto_identifier][INFO] - Causal effect can be identified.
[2026-04-24 04:42:38,669][dowhy.causal_identifier.auto_identifier][INFO] - Instrumental variables for treatment and outcome:[]
[2026-04-24 04:42:38,669][dowhy.causal_identifier.auto_identifier][INFO] - Frontdoor variables for treatment and outcome:[]
[2026-04-24 04:42:38,669][dowhy.causal_model][INFO] - linear_regression
[2026-04-24 04:42:38,669][dowhy.causal_estimator][INFO] - INFO: Using Linear Regression Estimator
[2026-04-24 04:42:38,669][dowhy.causal_estimator][INFO] - b: X10~X5+X5*X8+X5*X7+X5*X6+X5*X3+X5*X9+X5*X2+X5*X4+X5*X1+X5*X0
[2026-04-24 04:42:38,680][dowhy.causal_model][INFO] - Model to find the causal effect of treatment ['X5'] on outcome ['X11']
[2026-04-24 04:42:38,680][dowhy.causal_identifier.auto_identifier][WARNING] - No directed path from treatment to outcome. Causal Effect is zero.
[2026-04-24 04:42:38,680][dowhy.causal_model][INFO] - linear_regression
[2026-04-24 04:42:38,680][dowhy.causal_estimator][INFO] - INFO: Using Linear Regression Estimator
[2026-04-24 04:42:38,680][dowhy.causal_estimator][WARNING] - No directed path from ['X5'] to ['X11'].
[2026-04-24 04:42:38,682][dowhy.causal_model][INFO] - Model to find the causal effect of treatment ['X5'] on outcome ['X12']
[2026-04-24 04:42:38,682][dowhy.causal_identifier.auto_identifier][WARNING] - No directed path from treatment to outcome. Causal Effect is zero.
[2026-04-24 04:42:38,682][dowhy.causal_model][INFO] - linear_regression
[2026-04-24 04:42:38,682][dowhy.causal_estimator][INFO] - INFO: Using Linear Regression Estimator
[2026-04-24 04:42:38,682][dowhy.causal_estimator][WARNING] - No directed path from ['X5'] to ['X12'].
[2026-04-24 04:42:38,684][dowhy.causal_model][INFO] - Model to find the causal effect of treatment ['X5'] on outcome ['X13']
[2026-04-24 04:42:38,688][dowhy.causal_identifier.auto_identifier][INFO] - Causal effect can be identified.
[2026-04-24 04:42:38,689][dowhy.causal_identifier.auto_identifier][INFO] - Instrumental variables for treatment and outcome:[]
[2026-04-24 04:42:38,689][dowhy.causal_identifier.auto_identifier][INFO] - Frontdoor variables for treatment and outcome:[]
[2026-04-24 04:42:38,690][dowhy.causal_model][INFO] - linear_regression
[2026-04-24 04:42:38,690][dowhy.causal_estimator][INFO] - INFO: Using Linear Regression Estimator
[2026-04-24 04:42:38,690][dowhy.causal_estimator][INFO] - b: X13~X5+X5*X8+X5*X7+X5*X6+X5*X9+X5*X3+X5*X2+X5*X4+X5*X1+X5*X0
[2026-04-24 04:42:38,739][dowhy.causal_model][INFO] - Model to find the causal effect of treatment ['X6'] on outcome ['X0']
[2026-04-24 04:42:38,739][dowhy.causal_identifier.auto_identifier][WARNING] - No directed path from treatment to outcome. Causal Effect is zero.
[2026-04-24 04:42:38,740][dowhy.causal_model][INFO] - linear_regression
[2026-04-24 04:42:38,740][dowhy.causal_estimator][INFO] - INFO: Using Linear Regression Estimator
[2026-04-24 04:42:38,740][dowhy.causal_estimator][WARNING] - No directed path from ['X6'] to ['X0'].
[2026-04-24 04:42:38,741][dowhy.causal_model][INFO] - Model to find the causal effect of treatment ['X6'] on outcome ['X1']
[2026-04-24 04:42:38,741][dowhy.causal_identifier.auto_identifier][WARNING] - No directed path from treatment to outcome. Causal Effect is zero.
[2026-04-24 04:42:38,742][dowhy.causal_model][INFO] - linear_regression
[2026-04-24 04:42:38,742][dowhy.causal_estimator][INFO] - INFO: Using Linear Regression Estimator
[2026-04-24 04:42:38,742][dowhy.causal_estimator][WARNING] - No directed path from ['X6'] to ['X1'].
[2026-04-24 04:42:38,743][dowhy.causal_model][INFO] - Model to find the causal effect of treatment ['X6'] on outcome ['X2']
[2026-04-24 04:42:38,743][dowhy.causal_identifier.auto_identifier][WARNING] - No directed path from treatment to outcome. Causal Effect is zero.
[2026-04-24 04:42:38,743][dowhy.causal_model][INFO] - linear_regression
[2026-04-24 04:42:38,744][dowhy.causal_estimator][INFO] - INFO: Using Linear Regression Estimator
[2026-04-24 04:42:38,744][dowhy.causal_estimator][WARNING] - No directed path from ['X6'] to ['X2'].
[2026-04-24 04:42:38,745][dowhy.causal_model][INFO] - Model to find the causal effect of treatment ['X6'] on outcome ['X3']
[2026-04-24 04:42:38,745][dowhy.causal_identifier.auto_identifier][WARNING] - No directed path from treatment to outcome. Causal Effect is zero.
[2026-04-24 04:42:38,745][dowhy.causal_model][INFO] - linear_regression
[2026-04-24 04:42:38,745][dowhy.causal_estimator][INFO] - INFO: Using Linear Regression Estimator
[2026-04-24 04:42:38,745][dowhy.causal_estimator][WARNING] - No directed path from ['X6'] to ['X3'].
[2026-04-24 04:42:38,747][dowhy.causal_model][INFO] - Model to find the causal effect of treatment ['X6'] on outcome ['X4']
[2026-04-24 04:42:38,747][dowhy.causal_identifier.auto_identifier][WARNING] - No directed path from treatment to outcome. Causal Effect is zero.
[2026-04-24 04:42:38,747][dowhy.causal_model][INFO] - linear_regression
[2026-04-24 04:42:38,747][dowhy.causal_estimator][INFO] - INFO: Using Linear Regression Estimator
[2026-04-24 04:42:38,747][dowhy.causal_estimator][WARNING] - No directed path from ['X6'] to ['X4'].
[2026-04-24 04:42:38,749][dowhy.causal_model][INFO] - Model to find the causal effect of treatment ['X6'] on outcome ['X5']
[2026-04-24 04:42:38,749][dowhy.causal_identifier.auto_identifier][WARNING] - No directed path from treatment to outcome. Causal Effect is zero.
[2026-04-24 04:42:38,749][dowhy.causal_model][INFO] - linear_regression
[2026-04-24 04:42:38,749][dowhy.causal_estimator][INFO] - INFO: Using Linear Regression Estimator
[2026-04-24 04:42:38,749][dowhy.causal_estimator][WARNING] - No directed path from ['X6'] to ['X5'].
[2026-04-24 04:42:38,751][dowhy.causal_model][INFO] - Model to find the causal effect of treatment ['X6'] on outcome ['X7']
[2026-04-24 04:42:38,753][dowhy.causal_identifier.auto_identifier][INFO] - Causal effect can be identified.
[2026-04-24 04:42:38,753][dowhy.causal_identifier.auto_identifier][INFO] - Instrumental variables for treatment and outcome:['X0']
[2026-04-24 04:42:38,754][dowhy.causal_identifier.auto_identifier][INFO] - Frontdoor variables for treatment and outcome:[]
[2026-04-24 04:42:38,754][dowhy.causal_model][INFO] - linear_regression
[2026-04-24 04:42:38,754][dowhy.causal_estimator][INFO] - INFO: Using Linear Regression Estimator
[2026-04-24 04:42:38,754][dowhy.causal_estimator][INFO] - b: X7~X6+X1
[2026-04-24 04:42:38,762][dowhy.causal_model][INFO] - Model to find the causal effect of treatment ['X6'] on outcome ['X8']
[2026-04-24 04:42:38,764][dowhy.causal_identifier.auto_identifier][INFO] - Causal effect can be identified.
[2026-04-24 04:42:38,765][dowhy.causal_identifier.auto_identifier][INFO] - Instrumental variables for treatment and outcome:['X0']
[2026-04-24 04:42:38,766][dowhy.causal_identifier.auto_identifier][INFO] - Frontdoor variables for treatment and outcome:[]
[2026-04-24 04:42:38,766][dowhy.causal_model][INFO] - linear_regression
[2026-04-24 04:42:38,766][dowhy.causal_estimator][INFO] - INFO: Using Linear Regression Estimator
[2026-04-24 04:42:38,766][dowhy.causal_estimator][INFO] - b: X8~X6+X1+X6*X2+X6*X3
[2026-04-24 04:42:38,775][dowhy.causal_model][INFO] - Model to find the causal effect of treatment ['X6'] on outcome ['X9']
[2026-04-24 04:42:38,777][dowhy.causal_identifier.auto_identifier][INFO] - Causal effect can be identified.
[2026-04-24 04:42:38,777][dowhy.causal_identifier.auto_identifier][INFO] - Instrumental variables for treatment and outcome:['X0']
[2026-04-24 04:42:38,780][dowhy.causal_identifier.auto_identifier][INFO] - Frontdoor variables for treatment and outcome:[]
[2026-04-24 04:42:38,780][dowhy.causal_model][INFO] - linear_regression
[2026-04-24 04:42:38,780][dowhy.causal_estimator][INFO] - INFO: Using Linear Regression Estimator
[2026-04-24 04:42:38,781][dowhy.causal_estimator][INFO] - b: X9~X6+X1+X6*X2+X6*X3
[2026-04-24 04:42:38,790][dowhy.causal_model][INFO] - Model to find the causal effect of treatment ['X6'] on outcome ['X10']
[2026-04-24 04:42:38,792][dowhy.causal_identifier.auto_identifier][INFO] - Causal effect can be identified.
[2026-04-24 04:42:38,792][dowhy.causal_identifier.auto_identifier][INFO] - Instrumental variables for treatment and outcome:['X0']
[2026-04-24 04:42:38,799][dowhy.causal_identifier.auto_identifier][INFO] - Frontdoor variables for treatment and outcome:[]
[2026-04-24 04:42:38,799][dowhy.causal_model][INFO] - linear_regression
[2026-04-24 04:42:38,800][dowhy.causal_estimator][INFO] - INFO: Using Linear Regression Estimator
[2026-04-24 04:42:38,800][dowhy.causal_estimator][INFO] - b: X10~X6+X1+X6*X5+X6*X4+X6*X2+X6*X3
[2026-04-24 04:42:38,809][dowhy.causal_model][INFO] - Model to find the causal effect of treatment ['X6'] on outcome ['X11']
[2026-04-24 04:42:38,811][dowhy.causal_identifier.auto_identifier][INFO] - Causal effect can be identified.
[2026-04-24 04:42:38,811][dowhy.causal_identifier.auto_identifier][INFO] - Instrumental variables for treatment and outcome:['X1']
[2026-04-24 04:42:38,818][dowhy.causal_identifier.auto_identifier][INFO] - Frontdoor variables for treatment and outcome:[]
[2026-04-24 04:42:38,818][dowhy.causal_model][INFO] - linear_regression
[2026-04-24 04:42:38,818][dowhy.causal_estimator][INFO] - INFO: Using Linear Regression Estimator
[2026-04-24 04:42:38,819][dowhy.causal_estimator][INFO] - b: X11~X6+X0
[2026-04-24 04:42:38,826][dowhy.causal_model][INFO] - Model to find the causal effect of treatment ['X6'] on outcome ['X12']
[2026-04-24 04:42:38,828][dowhy.causal_identifier.auto_identifier][INFO] - Causal effect can be identified.
[2026-04-24 04:42:38,829][dowhy.causal_identifier.auto_identifier][INFO] - Instrumental variables for treatment and outcome:['X0']
[2026-04-24 04:42:38,840][dowhy.causal_identifier.auto_identifier][INFO] - Frontdoor variables for treatment and outcome:[]
[2026-04-24 04:42:38,840][dowhy.causal_model][INFO] - linear_regression
[2026-04-24 04:42:38,840][dowhy.causal_estimator][INFO] - INFO: Using Linear Regression Estimator
[2026-04-24 04:42:38,841][dowhy.causal_estimator][INFO] - b: X12~X6+X1+X6*X2+X6*X3
[2026-04-24 04:42:38,849][dowhy.causal_model][INFO] - Model to find the causal effect of treatment ['X6'] on outcome ['X13']
[2026-04-24 04:42:38,851][dowhy.causal_identifier.auto_identifier][INFO] - Causal effect can be identified.
[2026-04-24 04:42:38,852][dowhy.causal_identifier.auto_identifier][INFO] - Instrumental variables for treatment and outcome:['X0']
[2026-04-24 04:42:38,866][dowhy.causal_identifier.auto_identifier][INFO] - Frontdoor variables for treatment and outcome:[]
[2026-04-24 04:42:38,866][dowhy.causal_model][INFO] - linear_regression
[2026-04-24 04:42:38,866][dowhy.causal_estimator][INFO] - INFO: Using Linear Regression Estimator
[2026-04-24 04:42:38,866][dowhy.causal_estimator][INFO] - b: X13~X6+X1+X6*X5+X6*X4+X6*X2+X6*X3
[2026-04-24 04:42:38,917][dowhy.causal_model][INFO] - Model to find the causal effect of treatment ['X7'] on outcome ['X0']
[2026-04-24 04:42:38,917][dowhy.causal_identifier.auto_identifier][WARNING] - No directed path from treatment to outcome. Causal Effect is zero.
[2026-04-24 04:42:38,917][dowhy.causal_model][INFO] - linear_regression
[2026-04-24 04:42:38,917][dowhy.causal_estimator][INFO] - INFO: Using Linear Regression Estimator
[2026-04-24 04:42:38,918][dowhy.causal_estimator][WARNING] - No directed path from ['X7'] to ['X0'].
[2026-04-24 04:42:38,919][dowhy.causal_model][INFO] - Model to find the causal effect of treatment ['X7'] on outcome ['X1']
[2026-04-24 04:42:38,919][dowhy.causal_identifier.auto_identifier][WARNING] - No directed path from treatment to outcome. Causal Effect is zero.
[2026-04-24 04:42:38,920][dowhy.causal_model][INFO] - linear_regression
[2026-04-24 04:42:38,920][dowhy.causal_estimator][INFO] - INFO: Using Linear Regression Estimator
[2026-04-24 04:42:38,920][dowhy.causal_estimator][WARNING] - No directed path from ['X7'] to ['X1'].
[2026-04-24 04:42:38,921][dowhy.causal_model][INFO] - Model to find the causal effect of treatment ['X7'] on outcome ['X2']
[2026-04-24 04:42:38,921][dowhy.causal_identifier.auto_identifier][WARNING] - No directed path from treatment to outcome. Causal Effect is zero.
[2026-04-24 04:42:38,922][dowhy.causal_model][INFO] - linear_regression
[2026-04-24 04:42:38,922][dowhy.causal_estimator][INFO] - INFO: Using Linear Regression Estimator
[2026-04-24 04:42:38,922][dowhy.causal_estimator][WARNING] - No directed path from ['X7'] to ['X2'].
[2026-04-24 04:42:38,924][dowhy.causal_model][INFO] - Model to find the causal effect of treatment ['X7'] on outcome ['X3']
[2026-04-24 04:42:38,924][dowhy.causal_identifier.auto_identifier][WARNING] - No directed path from treatment to outcome. Causal Effect is zero.
[2026-04-24 04:42:38,924][dowhy.causal_model][INFO] - linear_regression
[2026-04-24 04:42:38,924][dowhy.causal_estimator][INFO] - INFO: Using Linear Regression Estimator
[2026-04-24 04:42:38,924][dowhy.causal_estimator][WARNING] - No directed path from ['X7'] to ['X3'].
[2026-04-24 04:42:38,926][dowhy.causal_model][INFO] - Model to find the causal effect of treatment ['X7'] on outcome ['X4']
[2026-04-24 04:42:38,926][dowhy.causal_identifier.auto_identifier][WARNING] - No directed path from treatment to outcome. Causal Effect is zero.
[2026-04-24 04:42:38,926][dowhy.causal_model][INFO] - linear_regression
[2026-04-24 04:42:38,926][dowhy.causal_estimator][INFO] - INFO: Using Linear Regression Estimator
[2026-04-24 04:42:38,926][dowhy.causal_estimator][WARNING] - No directed path from ['X7'] to ['X4'].
[2026-04-24 04:42:38,928][dowhy.causal_model][INFO] - Model to find the causal effect of treatment ['X7'] on outcome ['X5']
[2026-04-24 04:42:38,928][dowhy.causal_identifier.auto_identifier][WARNING] - No directed path from treatment to outcome. Causal Effect is zero.
[2026-04-24 04:42:38,928][dowhy.causal_model][INFO] - linear_regression
[2026-04-24 04:42:38,928][dowhy.causal_estimator][INFO] - INFO: Using Linear Regression Estimator
[2026-04-24 04:42:38,928][dowhy.causal_estimator][WARNING] - No directed path from ['X7'] to ['X5'].
[2026-04-24 04:42:38,930][dowhy.causal_model][INFO] - Model to find the causal effect of treatment ['X7'] on outcome ['X6']
[2026-04-24 04:42:38,930][dowhy.causal_identifier.auto_identifier][WARNING] - No directed path from treatment to outcome. Causal Effect is zero.
[2026-04-24 04:42:38,930][dowhy.causal_model][INFO] - linear_regression
[2026-04-24 04:42:38,930][dowhy.causal_estimator][INFO] - INFO: Using Linear Regression Estimator
[2026-04-24 04:42:38,930][dowhy.causal_estimator][WARNING] - No directed path from ['X7'] to ['X6'].
[2026-04-24 04:42:38,932][dowhy.causal_model][INFO] - Model to find the causal effect of treatment ['X7'] on outcome ['X8']
[2026-04-24 04:42:38,935][dowhy.causal_identifier.auto_identifier][INFO] - Causal effect can be identified.
[2026-04-24 04:42:38,935][dowhy.causal_identifier.auto_identifier][INFO] - Instrumental variables for treatment and outcome:['X1', 'X6']
[2026-04-24 04:42:38,936][dowhy.causal_identifier.auto_identifier][INFO] - Frontdoor variables for treatment and outcome:[]
[2026-04-24 04:42:38,936][dowhy.causal_model][INFO] - linear_regression
[2026-04-24 04:42:38,936][dowhy.causal_estimator][INFO] - INFO: Using Linear Regression Estimator
[2026-04-24 04:42:38,936][dowhy.causal_estimator][INFO] - b: X8~X7+X7*X2+X7*X3
[2026-04-24 04:42:38,945][dowhy.causal_model][INFO] - Model to find the causal effect of treatment ['X7'] on outcome ['X9']
[2026-04-24 04:42:38,948][dowhy.causal_identifier.auto_identifier][INFO] - Causal effect can be identified.
[2026-04-24 04:42:38,949][dowhy.causal_identifier.auto_identifier][INFO] - Instrumental variables for treatment and outcome:['X1', 'X6']
[2026-04-24 04:42:38,949][dowhy.causal_identifier.auto_identifier][INFO] - Frontdoor variables for treatment and outcome:[]
[2026-04-24 04:42:38,949][dowhy.causal_model][INFO] - linear_regression
[2026-04-24 04:42:38,950][dowhy.causal_estimator][INFO] - INFO: Using Linear Regression Estimator
[2026-04-24 04:42:38,950][dowhy.causal_estimator][INFO] - b: X9~X7+X7*X2+X7*X3
[2026-04-24 04:42:38,958][dowhy.causal_model][INFO] - Model to find the causal effect of treatment ['X7'] on outcome ['X10']
[2026-04-24 04:42:38,961][dowhy.causal_identifier.auto_identifier][INFO] - Causal effect can be identified.
[2026-04-24 04:42:38,963][dowhy.causal_identifier.auto_identifier][INFO] - Instrumental variables for treatment and outcome:['X1', 'X6']
[2026-04-24 04:42:38,965][dowhy.causal_identifier.auto_identifier][INFO] - Frontdoor variables for treatment and outcome:['X8', 'X12', 'X9']
[2026-04-24 04:42:38,968][dowhy.causal_identifier.auto_identifier][INFO] - Causal effect can be identified.
[2026-04-24 04:42:38,972][dowhy.causal_identifier.auto_identifier][INFO] - Causal effect can be identified.
[2026-04-24 04:42:38,973][dowhy.causal_model][INFO] - linear_regression
[2026-04-24 04:42:38,973][dowhy.causal_estimator][INFO] - INFO: Using Linear Regression Estimator
[2026-04-24 04:42:38,973][dowhy.causal_estimator][INFO] - b: X10~X7+X7*X5+X7*X4+X7*X2+X7*X3
[2026-04-24 04:42:38,982][dowhy.causal_model][INFO] - Model to find the causal effect of treatment ['X7'] on outcome ['X11']
[2026-04-24 04:42:38,982][dowhy.causal_identifier.auto_identifier][WARNING] - No directed path from treatment to outcome. Causal Effect is zero.
[2026-04-24 04:42:38,982][dowhy.causal_model][INFO] - linear_regression
[2026-04-24 04:42:38,982][dowhy.causal_estimator][INFO] - INFO: Using Linear Regression Estimator
[2026-04-24 04:42:38,982][dowhy.causal_estimator][WARNING] - No directed path from ['X7'] to ['X11'].
[2026-04-24 04:42:38,984][dowhy.causal_model][INFO] - Model to find the causal effect of treatment ['X7'] on outcome ['X12']
[2026-04-24 04:42:38,986][dowhy.causal_identifier.auto_identifier][INFO] - Causal effect can be identified.
[2026-04-24 04:42:38,987][dowhy.causal_identifier.auto_identifier][INFO] - Instrumental variables for treatment and outcome:['X1', 'X6']
[2026-04-24 04:42:38,989][dowhy.causal_identifier.auto_identifier][INFO] - Frontdoor variables for treatment and outcome:[]
[2026-04-24 04:42:38,989][dowhy.causal_model][INFO] - linear_regression
[2026-04-24 04:42:38,989][dowhy.causal_estimator][INFO] - INFO: Using Linear Regression Estimator
[2026-04-24 04:42:38,990][dowhy.causal_estimator][INFO] - b: X12~X7+X7*X2+X7*X3
[2026-04-24 04:42:38,997][dowhy.causal_model][INFO] - Model to find the causal effect of treatment ['X7'] on outcome ['X13']
[2026-04-24 04:42:39,000][dowhy.causal_identifier.auto_identifier][INFO] - Causal effect can be identified.
[2026-04-24 04:42:39,001][dowhy.causal_identifier.auto_identifier][INFO] - Instrumental variables for treatment and outcome:['X1', 'X6']
[2026-04-24 04:42:39,004][dowhy.causal_identifier.auto_identifier][INFO] - Frontdoor variables for treatment and outcome:['X8', 'X12', 'X9']
[2026-04-24 04:42:39,007][dowhy.causal_identifier.auto_identifier][INFO] - Causal effect can be identified.
[2026-04-24 04:42:39,010][dowhy.causal_identifier.auto_identifier][INFO] - Causal effect can be identified.
[2026-04-24 04:42:39,011][dowhy.causal_model][INFO] - linear_regression
[2026-04-24 04:42:39,012][dowhy.causal_estimator][INFO] - INFO: Using Linear Regression Estimator
[2026-04-24 04:42:39,012][dowhy.causal_estimator][INFO] - b: X13~X7+X7*X5+X7*X4+X7*X2+X7*X3
[2026-04-24 04:42:39,056][dowhy.causal_model][INFO] - Model to find the causal effect of treatment ['X8'] on outcome ['X0']
[2026-04-24 04:42:39,057][dowhy.causal_identifier.auto_identifier][WARNING] - No directed path from treatment to outcome. Causal Effect is zero.
[2026-04-24 04:42:39,057][dowhy.causal_model][INFO] - linear_regression
[2026-04-24 04:42:39,057][dowhy.causal_estimator][INFO] - INFO: Using Linear Regression Estimator
[2026-04-24 04:42:39,057][dowhy.causal_estimator][WARNING] - No directed path from ['X8'] to ['X0'].
[2026-04-24 04:42:39,058][dowhy.causal_model][INFO] - Model to find the causal effect of treatment ['X8'] on outcome ['X1']
[2026-04-24 04:42:39,059][dowhy.causal_identifier.auto_identifier][WARNING] - No directed path from treatment to outcome. Causal Effect is zero.
[2026-04-24 04:42:39,059][dowhy.causal_model][INFO] - linear_regression
[2026-04-24 04:42:39,059][dowhy.causal_estimator][INFO] - INFO: Using Linear Regression Estimator
[2026-04-24 04:42:39,059][dowhy.causal_estimator][WARNING] - No directed path from ['X8'] to ['X1'].
[2026-04-24 04:42:39,060][dowhy.causal_model][INFO] - Model to find the causal effect of treatment ['X8'] on outcome ['X2']
[2026-04-24 04:42:39,060][dowhy.causal_identifier.auto_identifier][WARNING] - No directed path from treatment to outcome. Causal Effect is zero.
[2026-04-24 04:42:39,061][dowhy.causal_model][INFO] - linear_regression
[2026-04-24 04:42:39,061][dowhy.causal_estimator][INFO] - INFO: Using Linear Regression Estimator
[2026-04-24 04:42:39,061][dowhy.causal_estimator][WARNING] - No directed path from ['X8'] to ['X2'].
[2026-04-24 04:42:39,062][dowhy.causal_model][INFO] - Model to find the causal effect of treatment ['X8'] on outcome ['X3']
[2026-04-24 04:42:39,062][dowhy.causal_identifier.auto_identifier][WARNING] - No directed path from treatment to outcome. Causal Effect is zero.
[2026-04-24 04:42:39,062][dowhy.causal_model][INFO] - linear_regression
[2026-04-24 04:42:39,062][dowhy.causal_estimator][INFO] - INFO: Using Linear Regression Estimator
[2026-04-24 04:42:39,062][dowhy.causal_estimator][WARNING] - No directed path from ['X8'] to ['X3'].
[2026-04-24 04:42:39,064][dowhy.causal_model][INFO] - Model to find the causal effect of treatment ['X8'] on outcome ['X4']
[2026-04-24 04:42:39,064][dowhy.causal_identifier.auto_identifier][WARNING] - No directed path from treatment to outcome. Causal Effect is zero.
[2026-04-24 04:42:39,064][dowhy.causal_model][INFO] - linear_regression
[2026-04-24 04:42:39,064][dowhy.causal_estimator][INFO] - INFO: Using Linear Regression Estimator
[2026-04-24 04:42:39,064][dowhy.causal_estimator][WARNING] - No directed path from ['X8'] to ['X4'].
[2026-04-24 04:42:39,066][dowhy.causal_model][INFO] - Model to find the causal effect of treatment ['X8'] on outcome ['X5']
[2026-04-24 04:42:39,066][dowhy.causal_identifier.auto_identifier][WARNING] - No directed path from treatment to outcome. Causal Effect is zero.
[2026-04-24 04:42:39,066][dowhy.causal_model][INFO] - linear_regression
[2026-04-24 04:42:39,066][dowhy.causal_estimator][INFO] - INFO: Using Linear Regression Estimator
[2026-04-24 04:42:39,066][dowhy.causal_estimator][WARNING] - No directed path from ['X8'] to ['X5'].
[2026-04-24 04:42:39,068][dowhy.causal_model][INFO] - Model to find the causal effect of treatment ['X8'] on outcome ['X6']
[2026-04-24 04:42:39,068][dowhy.causal_identifier.auto_identifier][WARNING] - No directed path from treatment to outcome. Causal Effect is zero.
[2026-04-24 04:42:39,068][dowhy.causal_model][INFO] - linear_regression
[2026-04-24 04:42:39,068][dowhy.causal_estimator][INFO] - INFO: Using Linear Regression Estimator
[2026-04-24 04:42:39,068][dowhy.causal_estimator][WARNING] - No directed path from ['X8'] to ['X6'].
[2026-04-24 04:42:39,070][dowhy.causal_model][INFO] - Model to find the causal effect of treatment ['X8'] on outcome ['X7']
[2026-04-24 04:42:39,070][dowhy.causal_identifier.auto_identifier][WARNING] - No directed path from treatment to outcome. Causal Effect is zero.
[2026-04-24 04:42:39,070][dowhy.causal_model][INFO] - linear_regression
[2026-04-24 04:42:39,070][dowhy.causal_estimator][INFO] - INFO: Using Linear Regression Estimator
[2026-04-24 04:42:39,070][dowhy.causal_estimator][WARNING] - No directed path from ['X8'] to ['X7'].
[2026-04-24 04:42:39,072][dowhy.causal_model][INFO] - Model to find the causal effect of treatment ['X8'] on outcome ['X9']
[2026-04-24 04:42:39,075][dowhy.causal_identifier.auto_identifier][INFO] - Causal effect can be identified.
[2026-04-24 04:42:39,075][dowhy.causal_identifier.auto_identifier][INFO] - Instrumental variables for treatment and outcome:['X7', 'X2']
[2026-04-24 04:42:39,076][dowhy.causal_identifier.auto_identifier][INFO] - Frontdoor variables for treatment and outcome:[]
[2026-04-24 04:42:39,076][dowhy.causal_model][INFO] - linear_regression
[2026-04-24 04:42:39,076][dowhy.causal_estimator][INFO] - INFO: Using Linear Regression Estimator
[2026-04-24 04:42:39,076][dowhy.causal_estimator][INFO] - b: X9~X8+X3
[2026-04-24 04:42:39,085][dowhy.causal_model][INFO] - Model to find the causal effect of treatment ['X8'] on outcome ['X10']
[2026-04-24 04:42:39,088][dowhy.causal_identifier.auto_identifier][INFO] - Causal effect can be identified.
[2026-04-24 04:42:39,089][dowhy.causal_identifier.auto_identifier][INFO] - Instrumental variables for treatment and outcome:['X7', 'X2']
[2026-04-24 04:42:39,090][dowhy.causal_identifier.auto_identifier][INFO] - Frontdoor variables for treatment and outcome:[]
[2026-04-24 04:42:39,090][dowhy.causal_model][INFO] - linear_regression
[2026-04-24 04:42:39,090][dowhy.causal_estimator][INFO] - INFO: Using Linear Regression Estimator
[2026-04-24 04:42:39,090][dowhy.causal_estimator][INFO] - b: X10~X8+X3+X8*X5+X8*X4
[2026-04-24 04:42:39,100][dowhy.causal_model][INFO] - Model to find the causal effect of treatment ['X8'] on outcome ['X11']
[2026-04-24 04:42:39,101][dowhy.causal_identifier.auto_identifier][WARNING] - No directed path from treatment to outcome. Causal Effect is zero.
[2026-04-24 04:42:39,101][dowhy.causal_model][INFO] - linear_regression
[2026-04-24 04:42:39,101][dowhy.causal_estimator][INFO] - INFO: Using Linear Regression Estimator
[2026-04-24 04:42:39,101][dowhy.causal_estimator][WARNING] - No directed path from ['X8'] to ['X11'].
[2026-04-24 04:42:39,103][dowhy.causal_model][INFO] - Model to find the causal effect of treatment ['X8'] on outcome ['X12']
[2026-04-24 04:42:39,106][dowhy.causal_identifier.auto_identifier][INFO] - Causal effect can be identified.
[2026-04-24 04:42:39,106][dowhy.causal_identifier.auto_identifier][INFO] - Instrumental variables for treatment and outcome:['X7', 'X2']
[2026-04-24 04:42:39,107][dowhy.causal_identifier.auto_identifier][INFO] - Frontdoor variables for treatment and outcome:[]
[2026-04-24 04:42:39,108][dowhy.causal_model][INFO] - linear_regression
[2026-04-24 04:42:39,108][dowhy.causal_estimator][INFO] - INFO: Using Linear Regression Estimator
[2026-04-24 04:42:39,108][dowhy.causal_estimator][INFO] - b: X12~X8+X3
[2026-04-24 04:42:39,117][dowhy.causal_model][INFO] - Model to find the causal effect of treatment ['X8'] on outcome ['X13']
[2026-04-24 04:42:39,120][dowhy.causal_identifier.auto_identifier][INFO] - Causal effect can be identified.
[2026-04-24 04:42:39,121][dowhy.causal_identifier.auto_identifier][INFO] - Instrumental variables for treatment and outcome:['X7', 'X2']
[2026-04-24 04:42:39,123][dowhy.causal_identifier.auto_identifier][INFO] - Frontdoor variables for treatment and outcome:[]
[2026-04-24 04:42:39,123][dowhy.causal_model][INFO] - linear_regression
[2026-04-24 04:42:39,123][dowhy.causal_estimator][INFO] - INFO: Using Linear Regression Estimator
[2026-04-24 04:42:39,123][dowhy.causal_estimator][INFO] - b: X13~X8+X3+X8*X5+X8*X4
[2026-04-24 04:42:39,171][dowhy.causal_model][INFO] - Model to find the causal effect of treatment ['X9'] on outcome ['X0']
[2026-04-24 04:42:39,171][dowhy.causal_identifier.auto_identifier][WARNING] - No directed path from treatment to outcome. Causal Effect is zero.
[2026-04-24 04:42:39,171][dowhy.causal_model][INFO] - linear_regression
[2026-04-24 04:42:39,171][dowhy.causal_estimator][INFO] - INFO: Using Linear Regression Estimator
[2026-04-24 04:42:39,171][dowhy.causal_estimator][WARNING] - No directed path from ['X9'] to ['X0'].
[2026-04-24 04:42:39,174][dowhy.causal_model][INFO] - Model to find the causal effect of treatment ['X9'] on outcome ['X1']
[2026-04-24 04:42:39,174][dowhy.causal_identifier.auto_identifier][WARNING] - No directed path from treatment to outcome. Causal Effect is zero.
[2026-04-24 04:42:39,174][dowhy.causal_model][INFO] - linear_regression
[2026-04-24 04:42:39,174][dowhy.causal_estimator][INFO] - INFO: Using Linear Regression Estimator
[2026-04-24 04:42:39,174][dowhy.causal_estimator][WARNING] - No directed path from ['X9'] to ['X1'].
[2026-04-24 04:42:39,176][dowhy.causal_model][INFO] - Model to find the causal effect of treatment ['X9'] on outcome ['X2']
[2026-04-24 04:42:39,176][dowhy.causal_identifier.auto_identifier][WARNING] - No directed path from treatment to outcome. Causal Effect is zero.
[2026-04-24 04:42:39,176][dowhy.causal_model][INFO] - linear_regression
[2026-04-24 04:42:39,176][dowhy.causal_estimator][INFO] - INFO: Using Linear Regression Estimator
[2026-04-24 04:42:39,176][dowhy.causal_estimator][WARNING] - No directed path from ['X9'] to ['X2'].
[2026-04-24 04:42:39,178][dowhy.causal_model][INFO] - Model to find the causal effect of treatment ['X9'] on outcome ['X3']
[2026-04-24 04:42:39,178][dowhy.causal_identifier.auto_identifier][WARNING] - No directed path from treatment to outcome. Causal Effect is zero.
[2026-04-24 04:42:39,178][dowhy.causal_model][INFO] - linear_regression
[2026-04-24 04:42:39,178][dowhy.causal_estimator][INFO] - INFO: Using Linear Regression Estimator
[2026-04-24 04:42:39,178][dowhy.causal_estimator][WARNING] - No directed path from ['X9'] to ['X3'].
[2026-04-24 04:42:39,180][dowhy.causal_model][INFO] - Model to find the causal effect of treatment ['X9'] on outcome ['X4']
[2026-04-24 04:42:39,180][dowhy.causal_identifier.auto_identifier][WARNING] - No directed path from treatment to outcome. Causal Effect is zero.
[2026-04-24 04:42:39,180][dowhy.causal_model][INFO] - linear_regression
[2026-04-24 04:42:39,180][dowhy.causal_estimator][INFO] - INFO: Using Linear Regression Estimator
[2026-04-24 04:42:39,180][dowhy.causal_estimator][WARNING] - No directed path from ['X9'] to ['X4'].
[2026-04-24 04:42:39,182][dowhy.causal_model][INFO] - Model to find the causal effect of treatment ['X9'] on outcome ['X5']
[2026-04-24 04:42:39,182][dowhy.causal_identifier.auto_identifier][WARNING] - No directed path from treatment to outcome. Causal Effect is zero.
[2026-04-24 04:42:39,182][dowhy.causal_model][INFO] - linear_regression
[2026-04-24 04:42:39,182][dowhy.causal_estimator][INFO] - INFO: Using Linear Regression Estimator
[2026-04-24 04:42:39,182][dowhy.causal_estimator][WARNING] - No directed path from ['X9'] to ['X5'].
[2026-04-24 04:42:39,183][dowhy.causal_model][INFO] - Model to find the causal effect of treatment ['X9'] on outcome ['X6']
[2026-04-24 04:42:39,184][dowhy.causal_identifier.auto_identifier][WARNING] - No directed path from treatment to outcome. Causal Effect is zero.
[2026-04-24 04:42:39,184][dowhy.causal_model][INFO] - linear_regression
[2026-04-24 04:42:39,184][dowhy.causal_estimator][INFO] - INFO: Using Linear Regression Estimator
[2026-04-24 04:42:39,184][dowhy.causal_estimator][WARNING] - No directed path from ['X9'] to ['X6'].
[2026-04-24 04:42:39,185][dowhy.causal_model][INFO] - Model to find the causal effect of treatment ['X9'] on outcome ['X7']
[2026-04-24 04:42:39,185][dowhy.causal_identifier.auto_identifier][WARNING] - No directed path from treatment to outcome. Causal Effect is zero.
[2026-04-24 04:42:39,185][dowhy.causal_model][INFO] - linear_regression
[2026-04-24 04:42:39,185][dowhy.causal_estimator][INFO] - INFO: Using Linear Regression Estimator
[2026-04-24 04:42:39,185][dowhy.causal_estimator][WARNING] - No directed path from ['X9'] to ['X7'].
[2026-04-24 04:42:39,187][dowhy.causal_model][INFO] - Model to find the causal effect of treatment ['X9'] on outcome ['X8']
[2026-04-24 04:42:39,187][dowhy.causal_identifier.auto_identifier][WARNING] - No directed path from treatment to outcome. Causal Effect is zero.
[2026-04-24 04:42:39,187][dowhy.causal_model][INFO] - linear_regression
[2026-04-24 04:42:39,187][dowhy.causal_estimator][INFO] - INFO: Using Linear Regression Estimator
[2026-04-24 04:42:39,187][dowhy.causal_estimator][WARNING] - No directed path from ['X9'] to ['X8'].
[2026-04-24 04:42:39,189][dowhy.causal_model][INFO] - Model to find the causal effect of treatment ['X9'] on outcome ['X10']
[2026-04-24 04:42:39,193][dowhy.causal_identifier.auto_identifier][INFO] - Causal effect can be identified.
[2026-04-24 04:42:39,194][dowhy.causal_identifier.auto_identifier][INFO] - Instrumental variables for treatment and outcome:['X8', 'X3']
[2026-04-24 04:42:39,195][dowhy.causal_identifier.auto_identifier][INFO] - Frontdoor variables for treatment and outcome:[]
[2026-04-24 04:42:39,195][dowhy.causal_model][INFO] - linear_regression
[2026-04-24 04:42:39,195][dowhy.causal_estimator][INFO] - INFO: Using Linear Regression Estimator
[2026-04-24 04:42:39,195][dowhy.causal_estimator][INFO] - b: X10~X9+X9*X5+X9*X4
[2026-04-24 04:42:39,203][dowhy.causal_model][INFO] - Model to find the causal effect of treatment ['X9'] on outcome ['X11']
[2026-04-24 04:42:39,203][dowhy.causal_identifier.auto_identifier][WARNING] - No directed path from treatment to outcome. Causal Effect is zero.
[2026-04-24 04:42:39,203][dowhy.causal_model][INFO] - linear_regression
[2026-04-24 04:42:39,203][dowhy.causal_estimator][INFO] - INFO: Using Linear Regression Estimator
[2026-04-24 04:42:39,203][dowhy.causal_estimator][WARNING] - No directed path from ['X9'] to ['X11'].
[2026-04-24 04:42:39,205][dowhy.causal_model][INFO] - Model to find the causal effect of treatment ['X9'] on outcome ['X12']
[2026-04-24 04:42:39,205][dowhy.causal_identifier.auto_identifier][WARNING] - No directed path from treatment to outcome. Causal Effect is zero.
[2026-04-24 04:42:39,205][dowhy.causal_model][INFO] - linear_regression
[2026-04-24 04:42:39,205][dowhy.causal_estimator][INFO] - INFO: Using Linear Regression Estimator
[2026-04-24 04:42:39,205][dowhy.causal_estimator][WARNING] - No directed path from ['X9'] to ['X12'].
[2026-04-24 04:42:39,207][dowhy.causal_model][INFO] - Model to find the causal effect of treatment ['X9'] on outcome ['X13']
[2026-04-24 04:42:39,211][dowhy.causal_identifier.auto_identifier][INFO] - Causal effect can be identified.
[2026-04-24 04:42:39,212][dowhy.causal_identifier.auto_identifier][INFO] - Instrumental variables for treatment and outcome:['X8', 'X3']
[2026-04-24 04:42:39,212][dowhy.causal_identifier.auto_identifier][INFO] - Frontdoor variables for treatment and outcome:[]
[2026-04-24 04:42:39,212][dowhy.causal_model][INFO] - linear_regression
[2026-04-24 04:42:39,212][dowhy.causal_estimator][INFO] - INFO: Using Linear Regression Estimator
[2026-04-24 04:42:39,213][dowhy.causal_estimator][INFO] - b: X13~X9+X9*X5+X9*X4
[2026-04-24 04:42:39,256][dowhy.causal_model][INFO] - Model to find the causal effect of treatment ['X10'] on outcome ['X0']
[2026-04-24 04:42:39,256][dowhy.causal_identifier.auto_identifier][WARNING] - No directed path from treatment to outcome. Causal Effect is zero.
[2026-04-24 04:42:39,256][dowhy.causal_model][INFO] - linear_regression
[2026-04-24 04:42:39,256][dowhy.causal_estimator][INFO] - INFO: Using Linear Regression Estimator
[2026-04-24 04:42:39,257][dowhy.causal_estimator][WARNING] - No directed path from ['X10'] to ['X0'].
[2026-04-24 04:42:39,258][dowhy.causal_model][INFO] - Model to find the causal effect of treatment ['X10'] on outcome ['X1']
[2026-04-24 04:42:39,258][dowhy.causal_identifier.auto_identifier][WARNING] - No directed path from treatment to outcome. Causal Effect is zero.
[2026-04-24 04:42:39,258][dowhy.causal_model][INFO] - linear_regression
[2026-04-24 04:42:39,258][dowhy.causal_estimator][INFO] - INFO: Using Linear Regression Estimator
[2026-04-24 04:42:39,258][dowhy.causal_estimator][WARNING] - No directed path from ['X10'] to ['X1'].
[2026-04-24 04:42:39,260][dowhy.causal_model][INFO] - Model to find the causal effect of treatment ['X10'] on outcome ['X2']
[2026-04-24 04:42:39,260][dowhy.causal_identifier.auto_identifier][WARNING] - No directed path from treatment to outcome. Causal Effect is zero.
[2026-04-24 04:42:39,260][dowhy.causal_model][INFO] - linear_regression
[2026-04-24 04:42:39,260][dowhy.causal_estimator][INFO] - INFO: Using Linear Regression Estimator
[2026-04-24 04:42:39,260][dowhy.causal_estimator][WARNING] - No directed path from ['X10'] to ['X2'].
[2026-04-24 04:42:39,262][dowhy.causal_model][INFO] - Model to find the causal effect of treatment ['X10'] on outcome ['X3']
[2026-04-24 04:42:39,262][dowhy.causal_identifier.auto_identifier][WARNING] - No directed path from treatment to outcome. Causal Effect is zero.
[2026-04-24 04:42:39,262][dowhy.causal_model][INFO] - linear_regression
[2026-04-24 04:42:39,262][dowhy.causal_estimator][INFO] - INFO: Using Linear Regression Estimator
[2026-04-24 04:42:39,262][dowhy.causal_estimator][WARNING] - No directed path from ['X10'] to ['X3'].
[2026-04-24 04:42:39,264][dowhy.causal_model][INFO] - Model to find the causal effect of treatment ['X10'] on outcome ['X4']
[2026-04-24 04:42:39,264][dowhy.causal_identifier.auto_identifier][WARNING] - No directed path from treatment to outcome. Causal Effect is zero.
[2026-04-24 04:42:39,264][dowhy.causal_model][INFO] - linear_regression
[2026-04-24 04:42:39,264][dowhy.causal_estimator][INFO] - INFO: Using Linear Regression Estimator
[2026-04-24 04:42:39,264][dowhy.causal_estimator][WARNING] - No directed path from ['X10'] to ['X4'].
[2026-04-24 04:42:39,266][dowhy.causal_model][INFO] - Model to find the causal effect of treatment ['X10'] on outcome ['X5']
[2026-04-24 04:42:39,266][dowhy.causal_identifier.auto_identifier][WARNING] - No directed path from treatment to outcome. Causal Effect is zero.
[2026-04-24 04:42:39,266][dowhy.causal_model][INFO] - linear_regression
[2026-04-24 04:42:39,266][dowhy.causal_estimator][INFO] - INFO: Using Linear Regression Estimator
[2026-04-24 04:42:39,266][dowhy.causal_estimator][WARNING] - No directed path from ['X10'] to ['X5'].
[2026-04-24 04:42:39,268][dowhy.causal_model][INFO] - Model to find the causal effect of treatment ['X10'] on outcome ['X6']
[2026-04-24 04:42:39,268][dowhy.causal_identifier.auto_identifier][WARNING] - No directed path from treatment to outcome. Causal Effect is zero.
[2026-04-24 04:42:39,268][dowhy.causal_model][INFO] - linear_regression
[2026-04-24 04:42:39,268][dowhy.causal_estimator][INFO] - INFO: Using Linear Regression Estimator
[2026-04-24 04:42:39,268][dowhy.causal_estimator][WARNING] - No directed path from ['X10'] to ['X6'].
[2026-04-24 04:42:39,269][dowhy.causal_model][INFO] - Model to find the causal effect of treatment ['X10'] on outcome ['X7']
[2026-04-24 04:42:39,269][dowhy.causal_identifier.auto_identifier][WARNING] - No directed path from treatment to outcome. Causal Effect is zero.
[2026-04-24 04:42:39,270][dowhy.causal_model][INFO] - linear_regression
[2026-04-24 04:42:39,270][dowhy.causal_estimator][INFO] - INFO: Using Linear Regression Estimator
[2026-04-24 04:42:39,270][dowhy.causal_estimator][WARNING] - No directed path from ['X10'] to ['X7'].
[2026-04-24 04:42:39,271][dowhy.causal_model][INFO] - Model to find the causal effect of treatment ['X10'] on outcome ['X8']
[2026-04-24 04:42:39,271][dowhy.causal_identifier.auto_identifier][WARNING] - No directed path from treatment to outcome. Causal Effect is zero.
[2026-04-24 04:42:39,271][dowhy.causal_model][INFO] - linear_regression
[2026-04-24 04:42:39,271][dowhy.causal_estimator][INFO] - INFO: Using Linear Regression Estimator
[2026-04-24 04:42:39,271][dowhy.causal_estimator][WARNING] - No directed path from ['X10'] to ['X8'].
[2026-04-24 04:42:39,273][dowhy.causal_model][INFO] - Model to find the causal effect of treatment ['X10'] on outcome ['X9']
[2026-04-24 04:42:39,273][dowhy.causal_identifier.auto_identifier][WARNING] - No directed path from treatment to outcome. Causal Effect is zero.
[2026-04-24 04:42:39,273][dowhy.causal_model][INFO] - linear_regression
[2026-04-24 04:42:39,273][dowhy.causal_estimator][INFO] - INFO: Using Linear Regression Estimator
[2026-04-24 04:42:39,273][dowhy.causal_estimator][WARNING] - No directed path from ['X10'] to ['X9'].
[2026-04-24 04:42:39,275][dowhy.causal_model][INFO] - Model to find the causal effect of treatment ['X10'] on outcome ['X11']
[2026-04-24 04:42:39,275][dowhy.causal_identifier.auto_identifier][WARNING] - No directed path from treatment to outcome. Causal Effect is zero.
[2026-04-24 04:42:39,275][dowhy.causal_model][INFO] - linear_regression
[2026-04-24 04:42:39,275][dowhy.causal_estimator][INFO] - INFO: Using Linear Regression Estimator
[2026-04-24 04:42:39,275][dowhy.causal_estimator][WARNING] - No directed path from ['X10'] to ['X11'].
[2026-04-24 04:42:39,277][dowhy.causal_model][INFO] - Model to find the causal effect of treatment ['X10'] on outcome ['X12']
[2026-04-24 04:42:39,277][dowhy.causal_identifier.auto_identifier][WARNING] - No directed path from treatment to outcome. Causal Effect is zero.
[2026-04-24 04:42:39,277][dowhy.causal_model][INFO] - linear_regression
[2026-04-24 04:42:39,277][dowhy.causal_estimator][INFO] - INFO: Using Linear Regression Estimator
[2026-04-24 04:42:39,277][dowhy.causal_estimator][WARNING] - No directed path from ['X10'] to ['X12'].
[2026-04-24 04:42:39,279][dowhy.causal_model][INFO] - Model to find the causal effect of treatment ['X10'] on outcome ['X13']
[2026-04-24 04:42:39,283][dowhy.causal_identifier.auto_identifier][INFO] - Causal effect can be identified.
[2026-04-24 04:42:39,283][dowhy.causal_identifier.auto_identifier][INFO] - Instrumental variables for treatment and outcome:['X4', 'X9']
[2026-04-24 04:42:39,284][dowhy.causal_identifier.auto_identifier][INFO] - Frontdoor variables for treatment and outcome:[]
[2026-04-24 04:42:39,284][dowhy.causal_model][INFO] - linear_regression
[2026-04-24 04:42:39,284][dowhy.causal_estimator][INFO] - INFO: Using Linear Regression Estimator
[2026-04-24 04:42:39,284][dowhy.causal_estimator][INFO] - b: X13~X10+X5
[2026-04-24 04:42:39,330][dowhy.causal_model][INFO] - Model to find the causal effect of treatment ['X11'] on outcome ['X0']
[2026-04-24 04:42:39,330][dowhy.causal_identifier.auto_identifier][WARNING] - No directed path from treatment to outcome. Causal Effect is zero.
[2026-04-24 04:42:39,330][dowhy.causal_model][INFO] - linear_regression
[2026-04-24 04:42:39,330][dowhy.causal_estimator][INFO] - INFO: Using Linear Regression Estimator
[2026-04-24 04:42:39,331][dowhy.causal_estimator][WARNING] - No directed path from ['X11'] to ['X0'].
[2026-04-24 04:42:39,333][dowhy.causal_model][INFO] - Model to find the causal effect of treatment ['X11'] on outcome ['X1']
[2026-04-24 04:42:39,333][dowhy.causal_identifier.auto_identifier][WARNING] - No directed path from treatment to outcome. Causal Effect is zero.
[2026-04-24 04:42:39,333][dowhy.causal_model][INFO] - linear_regression
[2026-04-24 04:42:39,333][dowhy.causal_estimator][INFO] - INFO: Using Linear Regression Estimator
[2026-04-24 04:42:39,333][dowhy.causal_estimator][WARNING] - No directed path from ['X11'] to ['X1'].
[2026-04-24 04:42:39,334][dowhy.causal_model][INFO] - Model to find the causal effect of treatment ['X11'] on outcome ['X2']
[2026-04-24 04:42:39,335][dowhy.causal_identifier.auto_identifier][WARNING] - No directed path from treatment to outcome. Causal Effect is zero.
[2026-04-24 04:42:39,335][dowhy.causal_model][INFO] - linear_regression
[2026-04-24 04:42:39,335][dowhy.causal_estimator][INFO] - INFO: Using Linear Regression Estimator
[2026-04-24 04:42:39,335][dowhy.causal_estimator][WARNING] - No directed path from ['X11'] to ['X2'].
[2026-04-24 04:42:39,337][dowhy.causal_model][INFO] - Model to find the causal effect of treatment ['X11'] on outcome ['X3']
[2026-04-24 04:42:39,337][dowhy.causal_identifier.auto_identifier][WARNING] - No directed path from treatment to outcome. Causal Effect is zero.
[2026-04-24 04:42:39,337][dowhy.causal_model][INFO] - linear_regression
[2026-04-24 04:42:39,337][dowhy.causal_estimator][INFO] - INFO: Using Linear Regression Estimator
[2026-04-24 04:42:39,337][dowhy.causal_estimator][WARNING] - No directed path from ['X11'] to ['X3'].
[2026-04-24 04:42:39,339][dowhy.causal_model][INFO] - Model to find the causal effect of treatment ['X11'] on outcome ['X4']
[2026-04-24 04:42:39,339][dowhy.causal_identifier.auto_identifier][WARNING] - No directed path from treatment to outcome. Causal Effect is zero.
[2026-04-24 04:42:39,339][dowhy.causal_model][INFO] - linear_regression
[2026-04-24 04:42:39,339][dowhy.causal_estimator][INFO] - INFO: Using Linear Regression Estimator
[2026-04-24 04:42:39,339][dowhy.causal_estimator][WARNING] - No directed path from ['X11'] to ['X4'].
[2026-04-24 04:42:39,341][dowhy.causal_model][INFO] - Model to find the causal effect of treatment ['X11'] on outcome ['X5']
[2026-04-24 04:42:39,341][dowhy.causal_identifier.auto_identifier][WARNING] - No directed path from treatment to outcome. Causal Effect is zero.
[2026-04-24 04:42:39,341][dowhy.causal_model][INFO] - linear_regression
[2026-04-24 04:42:39,341][dowhy.causal_estimator][INFO] - INFO: Using Linear Regression Estimator
[2026-04-24 04:42:39,341][dowhy.causal_estimator][WARNING] - No directed path from ['X11'] to ['X5'].
[2026-04-24 04:42:39,343][dowhy.causal_model][INFO] - Model to find the causal effect of treatment ['X11'] on outcome ['X6']
[2026-04-24 04:42:39,343][dowhy.causal_identifier.auto_identifier][WARNING] - No directed path from treatment to outcome. Causal Effect is zero.
[2026-04-24 04:42:39,343][dowhy.causal_model][INFO] - linear_regression
[2026-04-24 04:42:39,343][dowhy.causal_estimator][INFO] - INFO: Using Linear Regression Estimator
[2026-04-24 04:42:39,343][dowhy.causal_estimator][WARNING] - No directed path from ['X11'] to ['X6'].
[2026-04-24 04:42:39,344][dowhy.causal_model][INFO] - Model to find the causal effect of treatment ['X11'] on outcome ['X7']
[2026-04-24 04:42:39,344][dowhy.causal_identifier.auto_identifier][WARNING] - No directed path from treatment to outcome. Causal Effect is zero.
[2026-04-24 04:42:39,345][dowhy.causal_model][INFO] - linear_regression
[2026-04-24 04:42:39,345][dowhy.causal_estimator][INFO] - INFO: Using Linear Regression Estimator
[2026-04-24 04:42:39,345][dowhy.causal_estimator][WARNING] - No directed path from ['X11'] to ['X7'].
[2026-04-24 04:42:39,346][dowhy.causal_model][INFO] - Model to find the causal effect of treatment ['X11'] on outcome ['X8']
[2026-04-24 04:42:39,346][dowhy.causal_identifier.auto_identifier][WARNING] - No directed path from treatment to outcome. Causal Effect is zero.
[2026-04-24 04:42:39,346][dowhy.causal_model][INFO] - linear_regression
[2026-04-24 04:42:39,346][dowhy.causal_estimator][INFO] - INFO: Using Linear Regression Estimator
[2026-04-24 04:42:39,346][dowhy.causal_estimator][WARNING] - No directed path from ['X11'] to ['X8'].
[2026-04-24 04:42:39,348][dowhy.causal_model][INFO] - Model to find the causal effect of treatment ['X11'] on outcome ['X9']
[2026-04-24 04:42:39,348][dowhy.causal_identifier.auto_identifier][WARNING] - No directed path from treatment to outcome. Causal Effect is zero.
[2026-04-24 04:42:39,348][dowhy.causal_model][INFO] - linear_regression
[2026-04-24 04:42:39,348][dowhy.causal_estimator][INFO] - INFO: Using Linear Regression Estimator
[2026-04-24 04:42:39,348][dowhy.causal_estimator][WARNING] - No directed path from ['X11'] to ['X9'].
[2026-04-24 04:42:39,350][dowhy.causal_model][INFO] - Model to find the causal effect of treatment ['X11'] on outcome ['X10']
[2026-04-24 04:42:39,350][dowhy.causal_identifier.auto_identifier][WARNING] - No directed path from treatment to outcome. Causal Effect is zero.
[2026-04-24 04:42:39,350][dowhy.causal_model][INFO] - linear_regression
[2026-04-24 04:42:39,350][dowhy.causal_estimator][INFO] - INFO: Using Linear Regression Estimator
[2026-04-24 04:42:39,350][dowhy.causal_estimator][WARNING] - No directed path from ['X11'] to ['X10'].
[2026-04-24 04:42:39,352][dowhy.causal_model][INFO] - Model to find the causal effect of treatment ['X11'] on outcome ['X12']
[2026-04-24 04:42:39,352][dowhy.causal_identifier.auto_identifier][WARNING] - No directed path from treatment to outcome. Causal Effect is zero.
[2026-04-24 04:42:39,352][dowhy.causal_model][INFO] - linear_regression
[2026-04-24 04:42:39,352][dowhy.causal_estimator][INFO] - INFO: Using Linear Regression Estimator
[2026-04-24 04:42:39,352][dowhy.causal_estimator][WARNING] - No directed path from ['X11'] to ['X12'].
[2026-04-24 04:42:39,354][dowhy.causal_model][INFO] - Model to find the causal effect of treatment ['X11'] on outcome ['X13']
[2026-04-24 04:42:39,354][dowhy.causal_identifier.auto_identifier][WARNING] - No directed path from treatment to outcome. Causal Effect is zero.
[2026-04-24 04:42:39,354][dowhy.causal_model][INFO] - linear_regression
[2026-04-24 04:42:39,354][dowhy.causal_estimator][INFO] - INFO: Using Linear Regression Estimator
[2026-04-24 04:42:39,354][dowhy.causal_estimator][WARNING] - No directed path from ['X11'] to ['X13'].
[2026-04-24 04:42:39,393][dowhy.causal_model][INFO] - Model to find the causal effect of treatment ['X12'] on outcome ['X0']
[2026-04-24 04:42:39,394][dowhy.causal_identifier.auto_identifier][WARNING] - No directed path from treatment to outcome. Causal Effect is zero.
[2026-04-24 04:42:39,394][dowhy.causal_model][INFO] - linear_regression
[2026-04-24 04:42:39,394][dowhy.causal_estimator][INFO] - INFO: Using Linear Regression Estimator
[2026-04-24 04:42:39,394][dowhy.causal_estimator][WARNING] - No directed path from ['X12'] to ['X0'].
[2026-04-24 04:42:39,395][dowhy.causal_model][INFO] - Model to find the causal effect of treatment ['X12'] on outcome ['X1']
[2026-04-24 04:42:39,396][dowhy.causal_identifier.auto_identifier][WARNING] - No directed path from treatment to outcome. Causal Effect is zero.
[2026-04-24 04:42:39,396][dowhy.causal_model][INFO] - linear_regression
[2026-04-24 04:42:39,396][dowhy.causal_estimator][INFO] - INFO: Using Linear Regression Estimator
[2026-04-24 04:42:39,396][dowhy.causal_estimator][WARNING] - No directed path from ['X12'] to ['X1'].
[2026-04-24 04:42:39,397][dowhy.causal_model][INFO] - Model to find the causal effect of treatment ['X12'] on outcome ['X2']
[2026-04-24 04:42:39,397][dowhy.causal_identifier.auto_identifier][WARNING] - No directed path from treatment to outcome. Causal Effect is zero.
[2026-04-24 04:42:39,397][dowhy.causal_model][INFO] - linear_regression
[2026-04-24 04:42:39,398][dowhy.causal_estimator][INFO] - INFO: Using Linear Regression Estimator
[2026-04-24 04:42:39,398][dowhy.causal_estimator][WARNING] - No directed path from ['X12'] to ['X2'].
[2026-04-24 04:42:39,399][dowhy.causal_model][INFO] - Model to find the causal effect of treatment ['X12'] on outcome ['X3']
[2026-04-24 04:42:39,399][dowhy.causal_identifier.auto_identifier][WARNING] - No directed path from treatment to outcome. Causal Effect is zero.
[2026-04-24 04:42:39,399][dowhy.causal_model][INFO] - linear_regression
[2026-04-24 04:42:39,399][dowhy.causal_estimator][INFO] - INFO: Using Linear Regression Estimator
[2026-04-24 04:42:39,399][dowhy.causal_estimator][WARNING] - No directed path from ['X12'] to ['X3'].
[2026-04-24 04:42:39,401][dowhy.causal_model][INFO] - Model to find the causal effect of treatment ['X12'] on outcome ['X4']
[2026-04-24 04:42:39,401][dowhy.causal_identifier.auto_identifier][WARNING] - No directed path from treatment to outcome. Causal Effect is zero.
[2026-04-24 04:42:39,401][dowhy.causal_model][INFO] - linear_regression
[2026-04-24 04:42:39,401][dowhy.causal_estimator][INFO] - INFO: Using Linear Regression Estimator
[2026-04-24 04:42:39,401][dowhy.causal_estimator][WARNING] - No directed path from ['X12'] to ['X4'].
[2026-04-24 04:42:39,403][dowhy.causal_model][INFO] - Model to find the causal effect of treatment ['X12'] on outcome ['X5']
[2026-04-24 04:42:39,403][dowhy.causal_identifier.auto_identifier][WARNING] - No directed path from treatment to outcome. Causal Effect is zero.
[2026-04-24 04:42:39,403][dowhy.causal_model][INFO] - linear_regression
[2026-04-24 04:42:39,403][dowhy.causal_estimator][INFO] - INFO: Using Linear Regression Estimator
[2026-04-24 04:42:39,403][dowhy.causal_estimator][WARNING] - No directed path from ['X12'] to ['X5'].
[2026-04-24 04:42:39,405][dowhy.causal_model][INFO] - Model to find the causal effect of treatment ['X12'] on outcome ['X6']
[2026-04-24 04:42:39,405][dowhy.causal_identifier.auto_identifier][WARNING] - No directed path from treatment to outcome. Causal Effect is zero.
[2026-04-24 04:42:39,405][dowhy.causal_model][INFO] - linear_regression
[2026-04-24 04:42:39,405][dowhy.causal_estimator][INFO] - INFO: Using Linear Regression Estimator
[2026-04-24 04:42:39,405][dowhy.causal_estimator][WARNING] - No directed path from ['X12'] to ['X6'].
[2026-04-24 04:42:39,406][dowhy.causal_model][INFO] - Model to find the causal effect of treatment ['X12'] on outcome ['X7']
[2026-04-24 04:42:39,407][dowhy.causal_identifier.auto_identifier][WARNING] - No directed path from treatment to outcome. Causal Effect is zero.
[2026-04-24 04:42:39,407][dowhy.causal_model][INFO] - linear_regression
[2026-04-24 04:42:39,407][dowhy.causal_estimator][INFO] - INFO: Using Linear Regression Estimator
[2026-04-24 04:42:39,407][dowhy.causal_estimator][WARNING] - No directed path from ['X12'] to ['X7'].
[2026-04-24 04:42:39,408][dowhy.causal_model][INFO] - Model to find the causal effect of treatment ['X12'] on outcome ['X8']
[2026-04-24 04:42:39,408][dowhy.causal_identifier.auto_identifier][WARNING] - No directed path from treatment to outcome. Causal Effect is zero.
[2026-04-24 04:42:39,408][dowhy.causal_model][INFO] - linear_regression
[2026-04-24 04:42:39,408][dowhy.causal_estimator][INFO] - INFO: Using Linear Regression Estimator
[2026-04-24 04:42:39,408][dowhy.causal_estimator][WARNING] - No directed path from ['X12'] to ['X8'].
[2026-04-24 04:42:39,410][dowhy.causal_model][INFO] - Model to find the causal effect of treatment ['X12'] on outcome ['X9']
[2026-04-24 04:42:39,410][dowhy.causal_identifier.auto_identifier][WARNING] - No directed path from treatment to outcome. Causal Effect is zero.
[2026-04-24 04:42:39,410][dowhy.causal_model][INFO] - linear_regression
[2026-04-24 04:42:39,410][dowhy.causal_estimator][INFO] - INFO: Using Linear Regression Estimator
[2026-04-24 04:42:39,410][dowhy.causal_estimator][WARNING] - No directed path from ['X12'] to ['X9'].
[2026-04-24 04:42:39,412][dowhy.causal_model][INFO] - Model to find the causal effect of treatment ['X12'] on outcome ['X10']
[2026-04-24 04:42:39,412][dowhy.causal_identifier.auto_identifier][WARNING] - No directed path from treatment to outcome. Causal Effect is zero.
[2026-04-24 04:42:39,412][dowhy.causal_model][INFO] - linear_regression
[2026-04-24 04:42:39,412][dowhy.causal_estimator][INFO] - INFO: Using Linear Regression Estimator
[2026-04-24 04:42:39,412][dowhy.causal_estimator][WARNING] - No directed path from ['X12'] to ['X10'].
[2026-04-24 04:42:39,414][dowhy.causal_model][INFO] - Model to find the causal effect of treatment ['X12'] on outcome ['X11']
[2026-04-24 04:42:39,414][dowhy.causal_identifier.auto_identifier][WARNING] - No directed path from treatment to outcome. Causal Effect is zero.
[2026-04-24 04:42:39,414][dowhy.causal_model][INFO] - linear_regression
[2026-04-24 04:42:39,414][dowhy.causal_estimator][INFO] - INFO: Using Linear Regression Estimator
[2026-04-24 04:42:39,414][dowhy.causal_estimator][WARNING] - No directed path from ['X12'] to ['X11'].
[2026-04-24 04:42:39,416][dowhy.causal_model][INFO] - Model to find the causal effect of treatment ['X12'] on outcome ['X13']
[2026-04-24 04:42:39,416][dowhy.causal_identifier.auto_identifier][WARNING] - No directed path from treatment to outcome. Causal Effect is zero.
[2026-04-24 04:42:39,416][dowhy.causal_model][INFO] - linear_regression
[2026-04-24 04:42:39,416][dowhy.causal_estimator][INFO] - INFO: Using Linear Regression Estimator
[2026-04-24 04:42:39,416][dowhy.causal_estimator][WARNING] - No directed path from ['X12'] to ['X13'].
[2026-04-24 04:42:39,449][dowhy.causal_model][INFO] - Model to find the causal effect of treatment ['X13'] on outcome ['X0']
[2026-04-24 04:42:39,449][dowhy.causal_identifier.auto_identifier][WARNING] - No directed path from treatment to outcome. Causal Effect is zero.
[2026-04-24 04:42:39,449][dowhy.causal_model][INFO] - linear_regression
[2026-04-24 04:42:39,449][dowhy.causal_estimator][INFO] - INFO: Using Linear Regression Estimator
[2026-04-24 04:42:39,449][dowhy.causal_estimator][WARNING] - No directed path from ['X13'] to ['X0'].
[2026-04-24 04:42:39,451][dowhy.causal_model][INFO] - Model to find the causal effect of treatment ['X13'] on outcome ['X1']
[2026-04-24 04:42:39,451][dowhy.causal_identifier.auto_identifier][WARNING] - No directed path from treatment to outcome. Causal Effect is zero.
[2026-04-24 04:42:39,451][dowhy.causal_model][INFO] - linear_regression
[2026-04-24 04:42:39,451][dowhy.causal_estimator][INFO] - INFO: Using Linear Regression Estimator
[2026-04-24 04:42:39,451][dowhy.causal_estimator][WARNING] - No directed path from ['X13'] to ['X1'].
[2026-04-24 04:42:39,453][dowhy.causal_model][INFO] - Model to find the causal effect of treatment ['X13'] on outcome ['X2']
[2026-04-24 04:42:39,453][dowhy.causal_identifier.auto_identifier][WARNING] - No directed path from treatment to outcome. Causal Effect is zero.
[2026-04-24 04:42:39,453][dowhy.causal_model][INFO] - linear_regression
[2026-04-24 04:42:39,453][dowhy.causal_estimator][INFO] - INFO: Using Linear Regression Estimator
[2026-04-24 04:42:39,453][dowhy.causal_estimator][WARNING] - No directed path from ['X13'] to ['X2'].
[2026-04-24 04:42:39,455][dowhy.causal_model][INFO] - Model to find the causal effect of treatment ['X13'] on outcome ['X3']
[2026-04-24 04:42:39,455][dowhy.causal_identifier.auto_identifier][WARNING] - No directed path from treatment to outcome. Causal Effect is zero.
[2026-04-24 04:42:39,455][dowhy.causal_model][INFO] - linear_regression
[2026-04-24 04:42:39,455][dowhy.causal_estimator][INFO] - INFO: Using Linear Regression Estimator
[2026-04-24 04:42:39,455][dowhy.causal_estimator][WARNING] - No directed path from ['X13'] to ['X3'].
[2026-04-24 04:42:39,457][dowhy.causal_model][INFO] - Model to find the causal effect of treatment ['X13'] on outcome ['X4']
[2026-04-24 04:42:39,457][dowhy.causal_identifier.auto_identifier][WARNING] - No directed path from treatment to outcome. Causal Effect is zero.
[2026-04-24 04:42:39,457][dowhy.causal_model][INFO] - linear_regression
[2026-04-24 04:42:39,457][dowhy.causal_estimator][INFO] - INFO: Using Linear Regression Estimator
[2026-04-24 04:42:39,457][dowhy.causal_estimator][WARNING] - No directed path from ['X13'] to ['X4'].
[2026-04-24 04:42:39,459][dowhy.causal_model][INFO] - Model to find the causal effect of treatment ['X13'] on outcome ['X5']
[2026-04-24 04:42:39,459][dowhy.causal_identifier.auto_identifier][WARNING] - No directed path from treatment to outcome. Causal Effect is zero.
[2026-04-24 04:42:39,459][dowhy.causal_model][INFO] - linear_regression
[2026-04-24 04:42:39,459][dowhy.causal_estimator][INFO] - INFO: Using Linear Regression Estimator
[2026-04-24 04:42:39,459][dowhy.causal_estimator][WARNING] - No directed path from ['X13'] to ['X5'].
[2026-04-24 04:42:39,460][dowhy.causal_model][INFO] - Model to find the causal effect of treatment ['X13'] on outcome ['X6']
[2026-04-24 04:42:39,460][dowhy.causal_identifier.auto_identifier][WARNING] - No directed path from treatment to outcome. Causal Effect is zero.
[2026-04-24 04:42:39,461][dowhy.causal_model][INFO] - linear_regression
[2026-04-24 04:42:39,461][dowhy.causal_estimator][INFO] - INFO: Using Linear Regression Estimator
[2026-04-24 04:42:39,461][dowhy.causal_estimator][WARNING] - No directed path from ['X13'] to ['X6'].
[2026-04-24 04:42:39,462][dowhy.causal_model][INFO] - Model to find the causal effect of treatment ['X13'] on outcome ['X7']
[2026-04-24 04:42:39,462][dowhy.causal_identifier.auto_identifier][WARNING] - No directed path from treatment to outcome. Causal Effect is zero.
[2026-04-24 04:42:39,462][dowhy.causal_model][INFO] - linear_regression
[2026-04-24 04:42:39,462][dowhy.causal_estimator][INFO] - INFO: Using Linear Regression Estimator
[2026-04-24 04:42:39,462][dowhy.causal_estimator][WARNING] - No directed path from ['X13'] to ['X7'].
[2026-04-24 04:42:39,464][dowhy.causal_model][INFO] - Model to find the causal effect of treatment ['X13'] on outcome ['X8']
[2026-04-24 04:42:39,464][dowhy.causal_identifier.auto_identifier][WARNING] - No directed path from treatment to outcome. Causal Effect is zero.
[2026-04-24 04:42:39,464][dowhy.causal_model][INFO] - linear_regression
[2026-04-24 04:42:39,464][dowhy.causal_estimator][INFO] - INFO: Using Linear Regression Estimator
[2026-04-24 04:42:39,464][dowhy.causal_estimator][WARNING] - No directed path from ['X13'] to ['X8'].
[2026-04-24 04:42:39,466][dowhy.causal_model][INFO] - Model to find the causal effect of treatment ['X13'] on outcome ['X9']
[2026-04-24 04:42:39,466][dowhy.causal_identifier.auto_identifier][WARNING] - No directed path from treatment to outcome. Causal Effect is zero.
[2026-04-24 04:42:39,466][dowhy.causal_model][INFO] - linear_regression
[2026-04-24 04:42:39,466][dowhy.causal_estimator][INFO] - INFO: Using Linear Regression Estimator
[2026-04-24 04:42:39,466][dowhy.causal_estimator][WARNING] - No directed path from ['X13'] to ['X9'].
[2026-04-24 04:42:39,468][dowhy.causal_model][INFO] - Model to find the causal effect of treatment ['X13'] on outcome ['X10']
[2026-04-24 04:42:39,468][dowhy.causal_identifier.auto_identifier][WARNING] - No directed path from treatment to outcome. Causal Effect is zero.
[2026-04-24 04:42:39,468][dowhy.causal_model][INFO] - linear_regression
[2026-04-24 04:42:39,468][dowhy.causal_estimator][INFO] - INFO: Using Linear Regression Estimator
[2026-04-24 04:42:39,468][dowhy.causal_estimator][WARNING] - No directed path from ['X13'] to ['X10'].
[2026-04-24 04:42:39,469][dowhy.causal_model][INFO] - Model to find the causal effect of treatment ['X13'] on outcome ['X11']
[2026-04-24 04:42:39,470][dowhy.causal_identifier.auto_identifier][WARNING] - No directed path from treatment to outcome. Causal Effect is zero.
[2026-04-24 04:42:39,470][dowhy.causal_model][INFO] - linear_regression
[2026-04-24 04:42:39,470][dowhy.causal_estimator][INFO] - INFO: Using Linear Regression Estimator
[2026-04-24 04:42:39,470][dowhy.causal_estimator][WARNING] - No directed path from ['X13'] to ['X11'].
[2026-04-24 04:42:39,471][dowhy.causal_model][INFO] - Model to find the causal effect of treatment ['X13'] on outcome ['X12']
[2026-04-24 04:42:39,471][dowhy.causal_identifier.auto_identifier][WARNING] - No directed path from treatment to outcome. Causal Effect is zero.
[2026-04-24 04:42:39,471][dowhy.causal_model][INFO] - linear_regression
[2026-04-24 04:42:39,471][dowhy.causal_estimator][INFO] - INFO: Using Linear Regression Estimator
[2026-04-24 04:42:39,471][dowhy.causal_estimator][WARNING] - No directed path from ['X13'] to ['X12'].
[2026-04-24 04:42:39,532][dowhy.causal_model][INFO] - Model to find the causal effect of treatment ['X0'] on outcome ['X1']
[2026-04-24 04:42:39,532][dowhy.causal_identifier.auto_identifier][WARNING] - No directed path from treatment to outcome. Causal Effect is zero.
[2026-04-24 04:42:39,533][dowhy.causal_model][INFO] - linear_regression
[2026-04-24 04:42:39,533][dowhy.causal_estimator][INFO] - INFO: Using Linear Regression Estimator
[2026-04-24 04:42:39,533][dowhy.causal_estimator][WARNING] - No directed path from ['X0'] to ['X1'].
[2026-04-24 04:42:39,534][dowhy.causal_model][INFO] - Model to find the causal effect of treatment ['X0'] on outcome ['X2']
[2026-04-24 04:42:39,534][dowhy.causal_identifier.auto_identifier][WARNING] - No directed path from treatment to outcome. Causal Effect is zero.
[2026-04-24 04:42:39,535][dowhy.causal_model][INFO] - linear_regression
[2026-04-24 04:42:39,535][dowhy.causal_estimator][INFO] - INFO: Using Linear Regression Estimator
[2026-04-24 04:42:39,535][dowhy.causal_estimator][WARNING] - No directed path from ['X0'] to ['X2'].
[2026-04-24 04:42:39,536][dowhy.causal_model][INFO] - Model to find the causal effect of treatment ['X0'] on outcome ['X3']
[2026-04-24 04:42:39,537][dowhy.causal_identifier.auto_identifier][WARNING] - No directed path from treatment to outcome. Causal Effect is zero.
[2026-04-24 04:42:39,537][dowhy.causal_model][INFO] - linear_regression
[2026-04-24 04:42:39,537][dowhy.causal_estimator][INFO] - INFO: Using Linear Regression Estimator
[2026-04-24 04:42:39,537][dowhy.causal_estimator][WARNING] - No directed path from ['X0'] to ['X3'].
[2026-04-24 04:42:39,539][dowhy.causal_model][INFO] - Model to find the causal effect of treatment ['X0'] on outcome ['X4']
[2026-04-24 04:42:39,539][dowhy.causal_identifier.auto_identifier][WARNING] - No directed path from treatment to outcome. Causal Effect is zero.
[2026-04-24 04:42:39,539][dowhy.causal_model][INFO] - linear_regression
[2026-04-24 04:42:39,539][dowhy.causal_estimator][INFO] - INFO: Using Linear Regression Estimator
[2026-04-24 04:42:39,539][dowhy.causal_estimator][WARNING] - No directed path from ['X0'] to ['X4'].
[2026-04-24 04:42:39,541][dowhy.causal_model][INFO] - Model to find the causal effect of treatment ['X0'] on outcome ['X5']
[2026-04-24 04:42:39,541][dowhy.causal_identifier.auto_identifier][WARNING] - No directed path from treatment to outcome. Causal Effect is zero.
[2026-04-24 04:42:39,541][dowhy.causal_model][INFO] - linear_regression
[2026-04-24 04:42:39,541][dowhy.causal_estimator][INFO] - INFO: Using Linear Regression Estimator
[2026-04-24 04:42:39,542][dowhy.causal_estimator][WARNING] - No directed path from ['X0'] to ['X5'].
[2026-04-24 04:42:39,544][dowhy.causal_model][INFO] - Model to find the causal effect of treatment ['X0'] on outcome ['X6']
[2026-04-24 04:42:39,545][dowhy.causal_identifier.auto_identifier][INFO] - Causal effect can be identified.
[2026-04-24 04:42:39,546][dowhy.causal_identifier.auto_identifier][INFO] - Instrumental variables for treatment and outcome:[]
[2026-04-24 04:42:39,546][dowhy.causal_identifier.auto_identifier][INFO] - Frontdoor variables for treatment and outcome:[]
[2026-04-24 04:42:39,546][dowhy.causal_model][INFO] - linear_regression
[2026-04-24 04:42:39,546][dowhy.causal_estimator][INFO] - INFO: Using Linear Regression Estimator
[2026-04-24 04:42:39,546][dowhy.causal_estimator][INFO] - b: X6~X0+X0*X1
[2026-04-24 04:42:39,555][dowhy.causal_model][INFO] - Model to find the causal effect of treatment ['X0'] on outcome ['X7']
[2026-04-24 04:42:39,557][dowhy.causal_identifier.auto_identifier][INFO] - Causal effect can be identified.
[2026-04-24 04:42:39,557][dowhy.causal_identifier.auto_identifier][INFO] - Instrumental variables for treatment and outcome:[]
[2026-04-24 04:42:39,558][dowhy.causal_identifier.auto_identifier][INFO] - Frontdoor variables for treatment and outcome:[]
[2026-04-24 04:42:39,558][dowhy.causal_model][INFO] - linear_regression
[2026-04-24 04:42:39,558][dowhy.causal_estimator][INFO] - INFO: Using Linear Regression Estimator
[2026-04-24 04:42:39,558][dowhy.causal_estimator][INFO] - b: X7~X0+X0*X1
[2026-04-24 04:42:39,567][dowhy.causal_model][INFO] - Model to find the causal effect of treatment ['X0'] on outcome ['X8']
[2026-04-24 04:42:39,569][dowhy.causal_identifier.auto_identifier][INFO] - Causal effect can be identified.
[2026-04-24 04:42:39,569][dowhy.causal_identifier.auto_identifier][INFO] - Instrumental variables for treatment and outcome:[]
[2026-04-24 04:42:39,571][dowhy.causal_identifier.auto_identifier][INFO] - Frontdoor variables for treatment and outcome:['X7', 'X11', 'X6']
[2026-04-24 04:42:39,573][dowhy.causal_identifier.auto_identifier][INFO] - Causal effect can be identified.
[2026-04-24 04:42:39,575][dowhy.causal_identifier.auto_identifier][INFO] - Causal effect can be identified.
[2026-04-24 04:42:39,576][dowhy.causal_model][INFO] - linear_regression
[2026-04-24 04:42:39,576][dowhy.causal_estimator][INFO] - INFO: Using Linear Regression Estimator
[2026-04-24 04:42:39,576][dowhy.causal_estimator][INFO] - b: X8~X0+X0*X1+X0*X2+X0*X3
[2026-04-24 04:42:39,585][dowhy.causal_model][INFO] - Model to find the causal effect of treatment ['X0'] on outcome ['X9']
[2026-04-24 04:42:39,586][dowhy.causal_identifier.auto_identifier][INFO] - Causal effect can be identified.
[2026-04-24 04:42:39,587][dowhy.causal_identifier.auto_identifier][INFO] - Instrumental variables for treatment and outcome:[]
[2026-04-24 04:42:39,593][dowhy.causal_identifier.auto_identifier][INFO] - Frontdoor variables for treatment and outcome:['X7', 'X11', 'X6']
[2026-04-24 04:42:39,595][dowhy.causal_identifier.auto_identifier][INFO] - Causal effect can be identified.
[2026-04-24 04:42:39,598][dowhy.causal_identifier.auto_identifier][INFO] - Causal effect can be identified.
[2026-04-24 04:42:39,598][dowhy.causal_model][INFO] - linear_regression
[2026-04-24 04:42:39,599][dowhy.causal_estimator][INFO] - INFO: Using Linear Regression Estimator
[2026-04-24 04:42:39,599][dowhy.causal_estimator][INFO] - b: X9~X0+X0*X1+X0*X2+X0*X3
[2026-04-24 04:42:39,607][dowhy.causal_model][INFO] - Model to find the causal effect of treatment ['X0'] on outcome ['X10']
[2026-04-24 04:42:39,609][dowhy.causal_identifier.auto_identifier][INFO] - Causal effect can be identified.
[2026-04-24 04:42:39,610][dowhy.causal_identifier.auto_identifier][INFO] - Instrumental variables for treatment and outcome:[]
[2026-04-24 04:42:39,616][dowhy.causal_identifier.auto_identifier][INFO] - Frontdoor variables for treatment and outcome:['X8', 'X7', 'X11', 'X12', 'X6', 'X9']
[2026-04-24 04:42:39,618][dowhy.causal_identifier.auto_identifier][INFO] - Causal effect can be identified.
[2026-04-24 04:42:39,620][dowhy.causal_identifier.auto_identifier][INFO] - Causal effect can be identified.
[2026-04-24 04:42:39,622][dowhy.causal_model][INFO] - linear_regression
[2026-04-24 04:42:39,622][dowhy.causal_estimator][INFO] - INFO: Using Linear Regression Estimator
[2026-04-24 04:42:39,622][dowhy.causal_estimator][INFO] - b: X10~X0+X0*X5+X0*X4+X0*X1+X0*X3+X0*X2
[2026-04-24 04:42:39,630][dowhy.causal_model][INFO] - Model to find the causal effect of treatment ['X0'] on outcome ['X11']
[2026-04-24 04:42:39,632][dowhy.causal_identifier.auto_identifier][INFO] - Causal effect can be identified.
[2026-04-24 04:42:39,632][dowhy.causal_identifier.auto_identifier][INFO] - Instrumental variables for treatment and outcome:[]
[2026-04-24 04:42:39,646][dowhy.causal_identifier.auto_identifier][INFO] - Frontdoor variables for treatment and outcome:[]
[2026-04-24 04:42:39,646][dowhy.causal_model][INFO] - linear_regression
[2026-04-24 04:42:39,646][dowhy.causal_estimator][INFO] - INFO: Using Linear Regression Estimator
[2026-04-24 04:42:39,646][dowhy.causal_estimator][INFO] - b: X11~X0+X0*X1
[2026-04-24 04:42:39,654][dowhy.causal_model][INFO] - Model to find the causal effect of treatment ['X0'] on outcome ['X12']
[2026-04-24 04:42:39,656][dowhy.causal_identifier.auto_identifier][INFO] - Causal effect can be identified.
[2026-04-24 04:42:39,656][dowhy.causal_identifier.auto_identifier][INFO] - Instrumental variables for treatment and outcome:[]
[2026-04-24 04:42:39,679][dowhy.causal_identifier.auto_identifier][INFO] - Frontdoor variables for treatment and outcome:['X7', 'X11', 'X6']
[2026-04-24 04:42:39,681][dowhy.causal_identifier.auto_identifier][INFO] - Causal effect can be identified.
[2026-04-24 04:42:39,683][dowhy.causal_identifier.auto_identifier][INFO] - Causal effect can be identified.
[2026-04-24 04:42:39,684][dowhy.causal_model][INFO] - linear_regression
[2026-04-24 04:42:39,684][dowhy.causal_estimator][INFO] - INFO: Using Linear Regression Estimator
[2026-04-24 04:42:39,684][dowhy.causal_estimator][INFO] - b: X12~X0+X0*X1+X0*X2+X0*X3
[2026-04-24 04:42:39,692][dowhy.causal_model][INFO] - Model to find the causal effect of treatment ['X0'] on outcome ['X13']
[2026-04-24 04:42:39,694][dowhy.causal_identifier.auto_identifier][INFO] - Causal effect can be identified.
[2026-04-24 04:42:39,695][dowhy.causal_identifier.auto_identifier][INFO] - Instrumental variables for treatment and outcome:[]
[2026-04-24 04:42:39,700][dowhy.causal_identifier.auto_identifier][INFO] - Frontdoor variables for treatment and outcome:['X7', 'X8', 'X11', 'X12', 'X6', 'X9']
[2026-04-24 04:42:39,702][dowhy.causal_identifier.auto_identifier][INFO] - Causal effect can be identified.
[2026-04-24 04:42:39,705][dowhy.causal_identifier.auto_identifier][INFO] - Causal effect can be identified.
[2026-04-24 04:42:39,706][dowhy.causal_model][INFO] - linear_regression
[2026-04-24 04:42:39,706][dowhy.causal_estimator][INFO] - INFO: Using Linear Regression Estimator
[2026-04-24 04:42:39,707][dowhy.causal_estimator][INFO] - b: X13~X0+X0*X5+X0*X4+X0*X1+X0*X3+X0*X2
[2026-04-24 04:42:39,752][dowhy.causal_model][INFO] - Model to find the causal effect of treatment ['X1'] on outcome ['X0']
[2026-04-24 04:42:39,752][dowhy.causal_identifier.auto_identifier][WARNING] - No directed path from treatment to outcome. Causal Effect is zero.
[2026-04-24 04:42:39,752][dowhy.causal_model][INFO] - linear_regression
[2026-04-24 04:42:39,752][dowhy.causal_estimator][INFO] - INFO: Using Linear Regression Estimator
[2026-04-24 04:42:39,752][dowhy.causal_estimator][WARNING] - No directed path from ['X1'] to ['X0'].
[2026-04-24 04:42:39,754][dowhy.causal_model][INFO] - Model to find the causal effect of treatment ['X1'] on outcome ['X2']
[2026-04-24 04:42:39,754][dowhy.causal_identifier.auto_identifier][WARNING] - No directed path from treatment to outcome. Causal Effect is zero.
[2026-04-24 04:42:39,754][dowhy.causal_model][INFO] - linear_regression
[2026-04-24 04:42:39,754][dowhy.causal_estimator][INFO] - INFO: Using Linear Regression Estimator
[2026-04-24 04:42:39,754][dowhy.causal_estimator][WARNING] - No directed path from ['X1'] to ['X2'].
[2026-04-24 04:42:39,756][dowhy.causal_model][INFO] - Model to find the causal effect of treatment ['X1'] on outcome ['X3']
[2026-04-24 04:42:39,756][dowhy.causal_identifier.auto_identifier][WARNING] - No directed path from treatment to outcome. Causal Effect is zero.
[2026-04-24 04:42:39,756][dowhy.causal_model][INFO] - linear_regression
[2026-04-24 04:42:39,756][dowhy.causal_estimator][INFO] - INFO: Using Linear Regression Estimator
[2026-04-24 04:42:39,756][dowhy.causal_estimator][WARNING] - No directed path from ['X1'] to ['X3'].
[2026-04-24 04:42:39,758][dowhy.causal_model][INFO] - Model to find the causal effect of treatment ['X1'] on outcome ['X4']
[2026-04-24 04:42:39,758][dowhy.causal_identifier.auto_identifier][WARNING] - No directed path from treatment to outcome. Causal Effect is zero.
[2026-04-24 04:42:39,758][dowhy.causal_model][INFO] - linear_regression
[2026-04-24 04:42:39,758][dowhy.causal_estimator][INFO] - INFO: Using Linear Regression Estimator
[2026-04-24 04:42:39,758][dowhy.causal_estimator][WARNING] - No directed path from ['X1'] to ['X4'].
[2026-04-24 04:42:39,760][dowhy.causal_model][INFO] - Model to find the causal effect of treatment ['X1'] on outcome ['X5']
[2026-04-24 04:42:39,760][dowhy.causal_identifier.auto_identifier][WARNING] - No directed path from treatment to outcome. Causal Effect is zero.
[2026-04-24 04:42:39,760][dowhy.causal_model][INFO] - linear_regression
[2026-04-24 04:42:39,760][dowhy.causal_estimator][INFO] - INFO: Using Linear Regression Estimator
[2026-04-24 04:42:39,760][dowhy.causal_estimator][WARNING] - No directed path from ['X1'] to ['X5'].
[2026-04-24 04:42:39,762][dowhy.causal_model][INFO] - Model to find the causal effect of treatment ['X1'] on outcome ['X6']
[2026-04-24 04:42:39,764][dowhy.causal_identifier.auto_identifier][INFO] - Causal effect can be identified.
[2026-04-24 04:42:39,764][dowhy.causal_identifier.auto_identifier][INFO] - Instrumental variables for treatment and outcome:[]
[2026-04-24 04:42:39,764][dowhy.causal_identifier.auto_identifier][INFO] - Frontdoor variables for treatment and outcome:[]
[2026-04-24 04:42:39,765][dowhy.causal_model][INFO] - linear_regression
[2026-04-24 04:42:39,765][dowhy.causal_estimator][INFO] - INFO: Using Linear Regression Estimator
[2026-04-24 04:42:39,765][dowhy.causal_estimator][INFO] - b: X6~X1+X1*X0
[2026-04-24 04:42:39,774][dowhy.causal_model][INFO] - Model to find the causal effect of treatment ['X1'] on outcome ['X7']
[2026-04-24 04:42:39,775][dowhy.causal_identifier.auto_identifier][INFO] - Causal effect can be identified.
[2026-04-24 04:42:39,776][dowhy.causal_identifier.auto_identifier][INFO] - Instrumental variables for treatment and outcome:[]
[2026-04-24 04:42:39,776][dowhy.causal_identifier.auto_identifier][INFO] - Frontdoor variables for treatment and outcome:[]
[2026-04-24 04:42:39,776][dowhy.causal_model][INFO] - linear_regression
[2026-04-24 04:42:39,776][dowhy.causal_estimator][INFO] - INFO: Using Linear Regression Estimator
[2026-04-24 04:42:39,777][dowhy.causal_estimator][INFO] - b: X7~X1+X1*X0
[2026-04-24 04:42:39,785][dowhy.causal_model][INFO] - Model to find the causal effect of treatment ['X1'] on outcome ['X8']
[2026-04-24 04:42:39,787][dowhy.causal_identifier.auto_identifier][INFO] - Causal effect can be identified.
[2026-04-24 04:42:39,787][dowhy.causal_identifier.auto_identifier][INFO] - Instrumental variables for treatment and outcome:[]
[2026-04-24 04:42:39,789][dowhy.causal_identifier.auto_identifier][INFO] - Frontdoor variables for treatment and outcome:['X7', 'X11', 'X6']
[2026-04-24 04:42:39,791][dowhy.causal_identifier.auto_identifier][INFO] - Causal effect can be identified.
[2026-04-24 04:42:39,793][dowhy.causal_identifier.auto_identifier][INFO] - Causal effect can be identified.
[2026-04-24 04:42:39,794][dowhy.causal_model][INFO] - linear_regression
[2026-04-24 04:42:39,794][dowhy.causal_estimator][INFO] - INFO: Using Linear Regression Estimator
[2026-04-24 04:42:39,794][dowhy.causal_estimator][INFO] - b: X8~X1+X1*X0+X1*X2+X1*X3
[2026-04-24 04:42:39,803][dowhy.causal_model][INFO] - Model to find the causal effect of treatment ['X1'] on outcome ['X9']
[2026-04-24 04:42:39,805][dowhy.causal_identifier.auto_identifier][INFO] - Causal effect can be identified.
[2026-04-24 04:42:39,805][dowhy.causal_identifier.auto_identifier][INFO] - Instrumental variables for treatment and outcome:[]
[2026-04-24 04:42:39,812][dowhy.causal_identifier.auto_identifier][INFO] - Frontdoor variables for treatment and outcome:['X7', 'X11', 'X6']
[2026-04-24 04:42:39,814][dowhy.causal_identifier.auto_identifier][INFO] - Causal effect can be identified.
[2026-04-24 04:42:39,816][dowhy.causal_identifier.auto_identifier][INFO] - Causal effect can be identified.
[2026-04-24 04:42:39,817][dowhy.causal_model][INFO] - linear_regression
[2026-04-24 04:42:39,817][dowhy.causal_estimator][INFO] - INFO: Using Linear Regression Estimator
[2026-04-24 04:42:39,817][dowhy.causal_estimator][INFO] - b: X9~X1+X1*X0+X1*X2+X1*X3
[2026-04-24 04:42:39,826][dowhy.causal_model][INFO] - Model to find the causal effect of treatment ['X1'] on outcome ['X10']
[2026-04-24 04:42:39,828][dowhy.causal_identifier.auto_identifier][INFO] - Causal effect can be identified.
[2026-04-24 04:42:39,828][dowhy.causal_identifier.auto_identifier][INFO] - Instrumental variables for treatment and outcome:[]
[2026-04-24 04:42:39,834][dowhy.causal_identifier.auto_identifier][INFO] - Frontdoor variables for treatment and outcome:['X8', 'X7', 'X11', 'X12', 'X6', 'X9']
[2026-04-24 04:42:39,836][dowhy.causal_identifier.auto_identifier][INFO] - Causal effect can be identified.
[2026-04-24 04:42:39,839][dowhy.causal_identifier.auto_identifier][INFO] - Causal effect can be identified.
[2026-04-24 04:42:39,840][dowhy.causal_model][INFO] - linear_regression
[2026-04-24 04:42:39,840][dowhy.causal_estimator][INFO] - INFO: Using Linear Regression Estimator
[2026-04-24 04:42:39,840][dowhy.causal_estimator][INFO] - b: X10~X1+X1*X5+X1*X4+X1*X3+X1*X0+X1*X2
[2026-04-24 04:42:39,849][dowhy.causal_model][INFO] - Model to find the causal effect of treatment ['X1'] on outcome ['X11']
[2026-04-24 04:42:39,850][dowhy.causal_identifier.auto_identifier][INFO] - Causal effect can be identified.
[2026-04-24 04:42:39,851][dowhy.causal_identifier.auto_identifier][INFO] - Instrumental variables for treatment and outcome:[]
[2026-04-24 04:42:39,864][dowhy.causal_identifier.auto_identifier][INFO] - Frontdoor variables for treatment and outcome:[]
[2026-04-24 04:42:39,864][dowhy.causal_model][INFO] - linear_regression
[2026-04-24 04:42:39,864][dowhy.causal_estimator][INFO] - INFO: Using Linear Regression Estimator
[2026-04-24 04:42:39,865][dowhy.causal_estimator][INFO] - b: X11~X1+X1*X0
[2026-04-24 04:42:39,872][dowhy.causal_model][INFO] - Model to find the causal effect of treatment ['X1'] on outcome ['X12']
[2026-04-24 04:42:39,874][dowhy.causal_identifier.auto_identifier][INFO] - Causal effect can be identified.
[2026-04-24 04:42:39,874][dowhy.causal_identifier.auto_identifier][INFO] - Instrumental variables for treatment and outcome:[]
[2026-04-24 04:42:39,897][dowhy.causal_identifier.auto_identifier][INFO] - Frontdoor variables for treatment and outcome:['X7', 'X11', 'X6']
[2026-04-24 04:42:39,899][dowhy.causal_identifier.auto_identifier][INFO] - Causal effect can be identified.
[2026-04-24 04:42:39,901][dowhy.causal_identifier.auto_identifier][INFO] - Causal effect can be identified.
[2026-04-24 04:42:39,902][dowhy.causal_model][INFO] - linear_regression
[2026-04-24 04:42:39,902][dowhy.causal_estimator][INFO] - INFO: Using Linear Regression Estimator
[2026-04-24 04:42:39,902][dowhy.causal_estimator][INFO] - b: X12~X1+X1*X0+X1*X2+X1*X3
[2026-04-24 04:42:39,910][dowhy.causal_model][INFO] - Model to find the causal effect of treatment ['X1'] on outcome ['X13']
[2026-04-24 04:42:39,912][dowhy.causal_identifier.auto_identifier][INFO] - Causal effect can be identified.
[2026-04-24 04:42:39,912][dowhy.causal_identifier.auto_identifier][INFO] - Instrumental variables for treatment and outcome:[]
[2026-04-24 04:42:39,918][dowhy.causal_identifier.auto_identifier][INFO] - Frontdoor variables for treatment and outcome:['X7', 'X8', 'X11', 'X12', 'X6', 'X9']
[2026-04-24 04:42:39,920][dowhy.causal_identifier.auto_identifier][INFO] - Causal effect can be identified.
[2026-04-24 04:42:39,923][dowhy.causal_identifier.auto_identifier][INFO] - Causal effect can be identified.
[2026-04-24 04:42:39,924][dowhy.causal_model][INFO] - linear_regression
[2026-04-24 04:42:39,924][dowhy.causal_estimator][INFO] - INFO: Using Linear Regression Estimator
[2026-04-24 04:42:39,925][dowhy.causal_estimator][INFO] - b: X13~X1+X1*X5+X1*X4+X1*X3+X1*X0+X1*X2
[2026-04-24 04:42:39,969][dowhy.causal_model][INFO] - Model to find the causal effect of treatment ['X2'] on outcome ['X0']
[2026-04-24 04:42:39,969][dowhy.causal_identifier.auto_identifier][WARNING] - No directed path from treatment to outcome. Causal Effect is zero.
[2026-04-24 04:42:39,969][dowhy.causal_model][INFO] - linear_regression
[2026-04-24 04:42:39,969][dowhy.causal_estimator][INFO] - INFO: Using Linear Regression Estimator
[2026-04-24 04:42:39,969][dowhy.causal_estimator][WARNING] - No directed path from ['X2'] to ['X0'].
[2026-04-24 04:42:39,971][dowhy.causal_model][INFO] - Model to find the causal effect of treatment ['X2'] on outcome ['X1']
[2026-04-24 04:42:39,971][dowhy.causal_identifier.auto_identifier][WARNING] - No directed path from treatment to outcome. Causal Effect is zero.
[2026-04-24 04:42:39,971][dowhy.causal_model][INFO] - linear_regression
[2026-04-24 04:42:39,971][dowhy.causal_estimator][INFO] - INFO: Using Linear Regression Estimator
[2026-04-24 04:42:39,972][dowhy.causal_estimator][WARNING] - No directed path from ['X2'] to ['X1'].
[2026-04-24 04:42:39,973][dowhy.causal_model][INFO] - Model to find the causal effect of treatment ['X2'] on outcome ['X3']
[2026-04-24 04:42:39,973][dowhy.causal_identifier.auto_identifier][WARNING] - No directed path from treatment to outcome. Causal Effect is zero.
[2026-04-24 04:42:39,973][dowhy.causal_model][INFO] - linear_regression
[2026-04-24 04:42:39,973][dowhy.causal_estimator][INFO] - INFO: Using Linear Regression Estimator
[2026-04-24 04:42:39,973][dowhy.causal_estimator][WARNING] - No directed path from ['X2'] to ['X3'].
[2026-04-24 04:42:39,975][dowhy.causal_model][INFO] - Model to find the causal effect of treatment ['X2'] on outcome ['X4']
[2026-04-24 04:42:39,975][dowhy.causal_identifier.auto_identifier][WARNING] - No directed path from treatment to outcome. Causal Effect is zero.
[2026-04-24 04:42:39,975][dowhy.causal_model][INFO] - linear_regression
[2026-04-24 04:42:39,975][dowhy.causal_estimator][INFO] - INFO: Using Linear Regression Estimator
[2026-04-24 04:42:39,975][dowhy.causal_estimator][WARNING] - No directed path from ['X2'] to ['X4'].
[2026-04-24 04:42:39,977][dowhy.causal_model][INFO] - Model to find the causal effect of treatment ['X2'] on outcome ['X5']
[2026-04-24 04:42:39,977][dowhy.causal_identifier.auto_identifier][WARNING] - No directed path from treatment to outcome. Causal Effect is zero.
[2026-04-24 04:42:39,977][dowhy.causal_model][INFO] - linear_regression
[2026-04-24 04:42:39,977][dowhy.causal_estimator][INFO] - INFO: Using Linear Regression Estimator
[2026-04-24 04:42:39,977][dowhy.causal_estimator][WARNING] - No directed path from ['X2'] to ['X5'].
[2026-04-24 04:42:39,980][dowhy.causal_model][INFO] - Model to find the causal effect of treatment ['X2'] on outcome ['X6']
[2026-04-24 04:42:39,980][dowhy.causal_identifier.auto_identifier][WARNING] - No directed path from treatment to outcome. Causal Effect is zero.
[2026-04-24 04:42:39,980][dowhy.causal_model][INFO] - linear_regression
[2026-04-24 04:42:39,980][dowhy.causal_estimator][INFO] - INFO: Using Linear Regression Estimator
[2026-04-24 04:42:39,980][dowhy.causal_estimator][WARNING] - No directed path from ['X2'] to ['X6'].
[2026-04-24 04:42:39,982][dowhy.causal_model][INFO] - Model to find the causal effect of treatment ['X2'] on outcome ['X7']
[2026-04-24 04:42:39,982][dowhy.causal_identifier.auto_identifier][WARNING] - No directed path from treatment to outcome. Causal Effect is zero.
[2026-04-24 04:42:39,982][dowhy.causal_model][INFO] - linear_regression
[2026-04-24 04:42:39,982][dowhy.causal_estimator][INFO] - INFO: Using Linear Regression Estimator
[2026-04-24 04:42:39,983][dowhy.causal_estimator][WARNING] - No directed path from ['X2'] to ['X7'].
[2026-04-24 04:42:39,984][dowhy.causal_model][INFO] - Model to find the causal effect of treatment ['X2'] on outcome ['X8']
[2026-04-24 04:42:39,987][dowhy.causal_identifier.auto_identifier][INFO] - Causal effect can be identified.
[2026-04-24 04:42:39,988][dowhy.causal_identifier.auto_identifier][INFO] - Instrumental variables for treatment and outcome:[]
[2026-04-24 04:42:39,988][dowhy.causal_identifier.auto_identifier][INFO] - Frontdoor variables for treatment and outcome:[]
[2026-04-24 04:42:39,988][dowhy.causal_model][INFO] - linear_regression
[2026-04-24 04:42:39,988][dowhy.causal_estimator][INFO] - INFO: Using Linear Regression Estimator
[2026-04-24 04:42:39,989][dowhy.causal_estimator][INFO] - b: X8~X2+X2*X7+X2*X6+X2*X1+X2*X3+X2*X0
[2026-04-24 04:42:39,998][dowhy.causal_model][INFO] - Model to find the causal effect of treatment ['X2'] on outcome ['X9']
[2026-04-24 04:42:40,000][dowhy.causal_identifier.auto_identifier][INFO] - Causal effect can be identified.
[2026-04-24 04:42:40,001][dowhy.causal_identifier.auto_identifier][INFO] - Instrumental variables for treatment and outcome:[]
[2026-04-24 04:42:40,002][dowhy.causal_identifier.auto_identifier][INFO] - Frontdoor variables for treatment and outcome:[]
[2026-04-24 04:42:40,002][dowhy.causal_model][INFO] - linear_regression
[2026-04-24 04:42:40,002][dowhy.causal_estimator][INFO] - INFO: Using Linear Regression Estimator
[2026-04-24 04:42:40,002][dowhy.causal_estimator][INFO] - b: X9~X2+X2*X7+X2*X6+X2*X1+X2*X3+X2*X0
[2026-04-24 04:42:40,012][dowhy.causal_model][INFO] - Model to find the causal effect of treatment ['X2'] on outcome ['X10']
[2026-04-24 04:42:40,015][dowhy.causal_identifier.auto_identifier][INFO] - Causal effect can be identified.
[2026-04-24 04:42:40,016][dowhy.causal_identifier.auto_identifier][INFO] - Instrumental variables for treatment and outcome:[]
[2026-04-24 04:42:40,018][dowhy.causal_identifier.auto_identifier][INFO] - Frontdoor variables for treatment and outcome:['X8', 'X12', 'X9']
[2026-04-24 04:42:40,020][dowhy.causal_identifier.auto_identifier][INFO] - Causal effect can be identified.
[2026-04-24 04:42:40,025][dowhy.causal_identifier.auto_identifier][INFO] - Causal effect can be identified.
[2026-04-24 04:42:40,026][dowhy.causal_model][INFO] - linear_regression
[2026-04-24 04:42:40,027][dowhy.causal_estimator][INFO] - INFO: Using Linear Regression Estimator
[2026-04-24 04:42:40,027][dowhy.causal_estimator][INFO] - b: X10~X2+X2*X5+X2*X4+X2*X7+X2*X6+X2*X1+X2*X3+X2*X0
[2026-04-24 04:42:40,036][dowhy.causal_model][INFO] - Model to find the causal effect of treatment ['X2'] on outcome ['X11']
[2026-04-24 04:42:40,036][dowhy.causal_identifier.auto_identifier][WARNING] - No directed path from treatment to outcome. Causal Effect is zero.
[2026-04-24 04:42:40,036][dowhy.causal_model][INFO] - linear_regression
[2026-04-24 04:42:40,036][dowhy.causal_estimator][INFO] - INFO: Using Linear Regression Estimator
[2026-04-24 04:42:40,036][dowhy.causal_estimator][WARNING] - No directed path from ['X2'] to ['X11'].
[2026-04-24 04:42:40,038][dowhy.causal_model][INFO] - Model to find the causal effect of treatment ['X2'] on outcome ['X12']
[2026-04-24 04:42:40,040][dowhy.causal_identifier.auto_identifier][INFO] - Causal effect can be identified.
[2026-04-24 04:42:40,041][dowhy.causal_identifier.auto_identifier][INFO] - Instrumental variables for treatment and outcome:[]
[2026-04-24 04:42:40,043][dowhy.causal_identifier.auto_identifier][INFO] - Frontdoor variables for treatment and outcome:[]
[2026-04-24 04:42:40,043][dowhy.causal_model][INFO] - linear_regression
[2026-04-24 04:42:40,043][dowhy.causal_estimator][INFO] - INFO: Using Linear Regression Estimator
[2026-04-24 04:42:40,043][dowhy.causal_estimator][INFO] - b: X12~X2+X2*X7+X2*X6+X2*X1+X2*X3+X2*X0
[2026-04-24 04:42:40,052][dowhy.causal_model][INFO] - Model to find the causal effect of treatment ['X2'] on outcome ['X13']
[2026-04-24 04:42:40,054][dowhy.causal_identifier.auto_identifier][INFO] - Causal effect can be identified.
[2026-04-24 04:42:40,055][dowhy.causal_identifier.auto_identifier][INFO] - Instrumental variables for treatment and outcome:[]
[2026-04-24 04:42:40,058][dowhy.causal_identifier.auto_identifier][INFO] - Frontdoor variables for treatment and outcome:['X8', 'X12', 'X9']
[2026-04-24 04:42:40,061][dowhy.causal_identifier.auto_identifier][INFO] - Causal effect can be identified.
[2026-04-24 04:42:40,064][dowhy.causal_identifier.auto_identifier][INFO] - Causal effect can be identified.
[2026-04-24 04:42:40,066][dowhy.causal_model][INFO] - linear_regression
[2026-04-24 04:42:40,066][dowhy.causal_estimator][INFO] - INFO: Using Linear Regression Estimator
[2026-04-24 04:42:40,066][dowhy.causal_estimator][INFO] - b: X13~X2+X2*X5+X2*X4+X2*X7+X2*X6+X2*X1+X2*X3+X2*X0
[2026-04-24 04:42:40,110][dowhy.causal_model][INFO] - Model to find the causal effect of treatment ['X3'] on outcome ['X0']
[2026-04-24 04:42:40,110][dowhy.causal_identifier.auto_identifier][WARNING] - No directed path from treatment to outcome. Causal Effect is zero.
[2026-04-24 04:42:40,110][dowhy.causal_model][INFO] - linear_regression
[2026-04-24 04:42:40,110][dowhy.causal_estimator][INFO] - INFO: Using Linear Regression Estimator
[2026-04-24 04:42:40,110][dowhy.causal_estimator][WARNING] - No directed path from ['X3'] to ['X0'].
[2026-04-24 04:42:40,112][dowhy.causal_model][INFO] - Model to find the causal effect of treatment ['X3'] on outcome ['X1']
[2026-04-24 04:42:40,112][dowhy.causal_identifier.auto_identifier][WARNING] - No directed path from treatment to outcome. Causal Effect is zero.
[2026-04-24 04:42:40,112][dowhy.causal_model][INFO] - linear_regression
[2026-04-24 04:42:40,112][dowhy.causal_estimator][INFO] - INFO: Using Linear Regression Estimator
[2026-04-24 04:42:40,112][dowhy.causal_estimator][WARNING] - No directed path from ['X3'] to ['X1'].
[2026-04-24 04:42:40,114][dowhy.causal_model][INFO] - Model to find the causal effect of treatment ['X3'] on outcome ['X2']
[2026-04-24 04:42:40,114][dowhy.causal_identifier.auto_identifier][WARNING] - No directed path from treatment to outcome. Causal Effect is zero.
[2026-04-24 04:42:40,114][dowhy.causal_model][INFO] - linear_regression
[2026-04-24 04:42:40,114][dowhy.causal_estimator][INFO] - INFO: Using Linear Regression Estimator
[2026-04-24 04:42:40,114][dowhy.causal_estimator][WARNING] - No directed path from ['X3'] to ['X2'].
[2026-04-24 04:42:40,116][dowhy.causal_model][INFO] - Model to find the causal effect of treatment ['X3'] on outcome ['X4']
[2026-04-24 04:42:40,116][dowhy.causal_identifier.auto_identifier][WARNING] - No directed path from treatment to outcome. Causal Effect is zero.
[2026-04-24 04:42:40,116][dowhy.causal_model][INFO] - linear_regression
[2026-04-24 04:42:40,116][dowhy.causal_estimator][INFO] - INFO: Using Linear Regression Estimator
[2026-04-24 04:42:40,116][dowhy.causal_estimator][WARNING] - No directed path from ['X3'] to ['X4'].
[2026-04-24 04:42:40,118][dowhy.causal_model][INFO] - Model to find the causal effect of treatment ['X3'] on outcome ['X5']
[2026-04-24 04:42:40,118][dowhy.causal_identifier.auto_identifier][WARNING] - No directed path from treatment to outcome. Causal Effect is zero.
[2026-04-24 04:42:40,118][dowhy.causal_model][INFO] - linear_regression
[2026-04-24 04:42:40,118][dowhy.causal_estimator][INFO] - INFO: Using Linear Regression Estimator
[2026-04-24 04:42:40,118][dowhy.causal_estimator][WARNING] - No directed path from ['X3'] to ['X5'].
[2026-04-24 04:42:40,119][dowhy.causal_model][INFO] - Model to find the causal effect of treatment ['X3'] on outcome ['X6']
[2026-04-24 04:42:40,119][dowhy.causal_identifier.auto_identifier][WARNING] - No directed path from treatment to outcome. Causal Effect is zero.
[2026-04-24 04:42:40,120][dowhy.causal_model][INFO] - linear_regression
[2026-04-24 04:42:40,120][dowhy.causal_estimator][INFO] - INFO: Using Linear Regression Estimator
[2026-04-24 04:42:40,120][dowhy.causal_estimator][WARNING] - No directed path from ['X3'] to ['X6'].
[2026-04-24 04:42:40,121][dowhy.causal_model][INFO] - Model to find the causal effect of treatment ['X3'] on outcome ['X7']
[2026-04-24 04:42:40,121][dowhy.causal_identifier.auto_identifier][WARNING] - No directed path from treatment to outcome. Causal Effect is zero.
[2026-04-24 04:42:40,121][dowhy.causal_model][INFO] - linear_regression
[2026-04-24 04:42:40,121][dowhy.causal_estimator][INFO] - INFO: Using Linear Regression Estimator
[2026-04-24 04:42:40,121][dowhy.causal_estimator][WARNING] - No directed path from ['X3'] to ['X7'].
[2026-04-24 04:42:40,123][dowhy.causal_model][INFO] - Model to find the causal effect of treatment ['X3'] on outcome ['X8']
[2026-04-24 04:42:40,126][dowhy.causal_identifier.auto_identifier][INFO] - Causal effect can be identified.
[2026-04-24 04:42:40,127][dowhy.causal_identifier.auto_identifier][INFO] - Instrumental variables for treatment and outcome:[]
[2026-04-24 04:42:40,127][dowhy.causal_identifier.auto_identifier][INFO] - Frontdoor variables for treatment and outcome:[]
[2026-04-24 04:42:40,127][dowhy.causal_model][INFO] - linear_regression
[2026-04-24 04:42:40,127][dowhy.causal_estimator][INFO] - INFO: Using Linear Regression Estimator
[2026-04-24 04:42:40,127][dowhy.causal_estimator][INFO] - b: X8~X3+X3*X7+X3*X6+X3*X1+X3*X0+X3*X2
[2026-04-24 04:42:40,136][dowhy.causal_model][INFO] - Model to find the causal effect of treatment ['X3'] on outcome ['X9']
[2026-04-24 04:42:40,139][dowhy.causal_identifier.auto_identifier][INFO] - Causal effect can be identified.
[2026-04-24 04:42:40,139][dowhy.causal_identifier.auto_identifier][INFO] - Instrumental variables for treatment and outcome:[]
[2026-04-24 04:42:40,140][dowhy.causal_identifier.auto_identifier][INFO] - Frontdoor variables for treatment and outcome:[]
[2026-04-24 04:42:40,140][dowhy.causal_model][INFO] - linear_regression
[2026-04-24 04:42:40,140][dowhy.causal_estimator][INFO] - INFO: Using Linear Regression Estimator
[2026-04-24 04:42:40,140][dowhy.causal_estimator][INFO] - b: X9~X3+X3*X7+X3*X6+X3*X1+X3*X0+X3*X2
[2026-04-24 04:42:40,150][dowhy.causal_model][INFO] - Model to find the causal effect of treatment ['X3'] on outcome ['X10']
[2026-04-24 04:42:40,153][dowhy.causal_identifier.auto_identifier][INFO] - Causal effect can be identified.
[2026-04-24 04:42:40,154][dowhy.causal_identifier.auto_identifier][INFO] - Instrumental variables for treatment and outcome:[]
[2026-04-24 04:42:40,155][dowhy.causal_identifier.auto_identifier][INFO] - Frontdoor variables for treatment and outcome:['X8', 'X12', 'X9']
[2026-04-24 04:42:40,158][dowhy.causal_identifier.auto_identifier][INFO] - Causal effect can be identified.
[2026-04-24 04:42:40,163][dowhy.causal_identifier.auto_identifier][INFO] - Causal effect can be identified.
[2026-04-24 04:42:40,164][dowhy.causal_model][INFO] - linear_regression
[2026-04-24 04:42:40,164][dowhy.causal_estimator][INFO] - INFO: Using Linear Regression Estimator
[2026-04-24 04:42:40,164][dowhy.causal_estimator][INFO] - b: X10~X3+X3*X5+X3*X4+X3*X7+X3*X6+X3*X1+X3*X0+X3*X2
[2026-04-24 04:42:40,174][dowhy.causal_model][INFO] - Model to find the causal effect of treatment ['X3'] on outcome ['X11']
[2026-04-24 04:42:40,174][dowhy.causal_identifier.auto_identifier][WARNING] - No directed path from treatment to outcome. Causal Effect is zero.
[2026-04-24 04:42:40,174][dowhy.causal_model][INFO] - linear_regression
[2026-04-24 04:42:40,174][dowhy.causal_estimator][INFO] - INFO: Using Linear Regression Estimator
[2026-04-24 04:42:40,174][dowhy.causal_estimator][WARNING] - No directed path from ['X3'] to ['X11'].
[2026-04-24 04:42:40,177][dowhy.causal_model][INFO] - Model to find the causal effect of treatment ['X3'] on outcome ['X12']
[2026-04-24 04:42:40,179][dowhy.causal_identifier.auto_identifier][INFO] - Causal effect can be identified.
[2026-04-24 04:42:40,180][dowhy.causal_identifier.auto_identifier][INFO] - Instrumental variables for treatment and outcome:[]
[2026-04-24 04:42:40,182][dowhy.causal_identifier.auto_identifier][INFO] - Frontdoor variables for treatment and outcome:[]
[2026-04-24 04:42:40,182][dowhy.causal_model][INFO] - linear_regression
[2026-04-24 04:42:40,182][dowhy.causal_estimator][INFO] - INFO: Using Linear Regression Estimator
[2026-04-24 04:42:40,183][dowhy.causal_estimator][INFO] - b: X12~X3+X3*X7+X3*X6+X3*X1+X3*X0+X3*X2
[2026-04-24 04:42:40,192][dowhy.causal_model][INFO] - Model to find the causal effect of treatment ['X3'] on outcome ['X13']
[2026-04-24 04:42:40,195][dowhy.causal_identifier.auto_identifier][INFO] - Causal effect can be identified.
[2026-04-24 04:42:40,196][dowhy.causal_identifier.auto_identifier][INFO] - Instrumental variables for treatment and outcome:[]
[2026-04-24 04:42:40,198][dowhy.causal_identifier.auto_identifier][INFO] - Frontdoor variables for treatment and outcome:['X8', 'X12', 'X9']
[2026-04-24 04:42:40,201][dowhy.causal_identifier.auto_identifier][INFO] - Causal effect can be identified.
[2026-04-24 04:42:40,205][dowhy.causal_identifier.auto_identifier][INFO] - Causal effect can be identified.
[2026-04-24 04:42:40,207][dowhy.causal_model][INFO] - linear_regression
[2026-04-24 04:42:40,207][dowhy.causal_estimator][INFO] - INFO: Using Linear Regression Estimator
[2026-04-24 04:42:40,207][dowhy.causal_estimator][INFO] - b: X13~X3+X3*X5+X3*X4+X3*X7+X3*X6+X3*X1+X3*X0+X3*X2
[2026-04-24 04:42:40,255][dowhy.causal_model][INFO] - Model to find the causal effect of treatment ['X4'] on outcome ['X0']
[2026-04-24 04:42:40,255][dowhy.causal_identifier.auto_identifier][WARNING] - No directed path from treatment to outcome. Causal Effect is zero.
[2026-04-24 04:42:40,255][dowhy.causal_model][INFO] - linear_regression
[2026-04-24 04:42:40,255][dowhy.causal_estimator][INFO] - INFO: Using Linear Regression Estimator
[2026-04-24 04:42:40,255][dowhy.causal_estimator][WARNING] - No directed path from ['X4'] to ['X0'].
[2026-04-24 04:42:40,257][dowhy.causal_model][INFO] - Model to find the causal effect of treatment ['X4'] on outcome ['X1']
[2026-04-24 04:42:40,257][dowhy.causal_identifier.auto_identifier][WARNING] - No directed path from treatment to outcome. Causal Effect is zero.
[2026-04-24 04:42:40,257][dowhy.causal_model][INFO] - linear_regression
[2026-04-24 04:42:40,257][dowhy.causal_estimator][INFO] - INFO: Using Linear Regression Estimator
[2026-04-24 04:42:40,257][dowhy.causal_estimator][WARNING] - No directed path from ['X4'] to ['X1'].
[2026-04-24 04:42:40,259][dowhy.causal_model][INFO] - Model to find the causal effect of treatment ['X4'] on outcome ['X2']
[2026-04-24 04:42:40,259][dowhy.causal_identifier.auto_identifier][WARNING] - No directed path from treatment to outcome. Causal Effect is zero.
[2026-04-24 04:42:40,259][dowhy.causal_model][INFO] - linear_regression
[2026-04-24 04:42:40,259][dowhy.causal_estimator][INFO] - INFO: Using Linear Regression Estimator
[2026-04-24 04:42:40,259][dowhy.causal_estimator][WARNING] - No directed path from ['X4'] to ['X2'].
[2026-04-24 04:42:40,261][dowhy.causal_model][INFO] - Model to find the causal effect of treatment ['X4'] on outcome ['X3']
[2026-04-24 04:42:40,261][dowhy.causal_identifier.auto_identifier][WARNING] - No directed path from treatment to outcome. Causal Effect is zero.
[2026-04-24 04:42:40,261][dowhy.causal_model][INFO] - linear_regression
[2026-04-24 04:42:40,261][dowhy.causal_estimator][INFO] - INFO: Using Linear Regression Estimator
[2026-04-24 04:42:40,261][dowhy.causal_estimator][WARNING] - No directed path from ['X4'] to ['X3'].
[2026-04-24 04:42:40,263][dowhy.causal_model][INFO] - Model to find the causal effect of treatment ['X4'] on outcome ['X5']
[2026-04-24 04:42:40,263][dowhy.causal_identifier.auto_identifier][WARNING] - No directed path from treatment to outcome. Causal Effect is zero.
[2026-04-24 04:42:40,263][dowhy.causal_model][INFO] - linear_regression
[2026-04-24 04:42:40,263][dowhy.causal_estimator][INFO] - INFO: Using Linear Regression Estimator
[2026-04-24 04:42:40,263][dowhy.causal_estimator][WARNING] - No directed path from ['X4'] to ['X5'].
[2026-04-24 04:42:40,265][dowhy.causal_model][INFO] - Model to find the causal effect of treatment ['X4'] on outcome ['X6']
[2026-04-24 04:42:40,265][dowhy.causal_identifier.auto_identifier][WARNING] - No directed path from treatment to outcome. Causal Effect is zero.
[2026-04-24 04:42:40,265][dowhy.causal_model][INFO] - linear_regression
[2026-04-24 04:42:40,265][dowhy.causal_estimator][INFO] - INFO: Using Linear Regression Estimator
[2026-04-24 04:42:40,265][dowhy.causal_estimator][WARNING] - No directed path from ['X4'] to ['X6'].
[2026-04-24 04:42:40,266][dowhy.causal_model][INFO] - Model to find the causal effect of treatment ['X4'] on outcome ['X7']
[2026-04-24 04:42:40,267][dowhy.causal_identifier.auto_identifier][WARNING] - No directed path from treatment to outcome. Causal Effect is zero.
[2026-04-24 04:42:40,267][dowhy.causal_model][INFO] - linear_regression
[2026-04-24 04:42:40,267][dowhy.causal_estimator][INFO] - INFO: Using Linear Regression Estimator
[2026-04-24 04:42:40,267][dowhy.causal_estimator][WARNING] - No directed path from ['X4'] to ['X7'].
[2026-04-24 04:42:40,268][dowhy.causal_model][INFO] - Model to find the causal effect of treatment ['X4'] on outcome ['X8']
[2026-04-24 04:42:40,268][dowhy.causal_identifier.auto_identifier][WARNING] - No directed path from treatment to outcome. Causal Effect is zero.
[2026-04-24 04:42:40,268][dowhy.causal_model][INFO] - linear_regression
[2026-04-24 04:42:40,269][dowhy.causal_estimator][INFO] - INFO: Using Linear Regression Estimator
[2026-04-24 04:42:40,269][dowhy.causal_estimator][WARNING] - No directed path from ['X4'] to ['X8'].
[2026-04-24 04:42:40,270][dowhy.causal_model][INFO] - Model to find the causal effect of treatment ['X4'] on outcome ['X9']
[2026-04-24 04:42:40,270][dowhy.causal_identifier.auto_identifier][WARNING] - No directed path from treatment to outcome. Causal Effect is zero.
[2026-04-24 04:42:40,270][dowhy.causal_model][INFO] - linear_regression
[2026-04-24 04:42:40,270][dowhy.causal_estimator][INFO] - INFO: Using Linear Regression Estimator
[2026-04-24 04:42:40,270][dowhy.causal_estimator][WARNING] - No directed path from ['X4'] to ['X9'].
[2026-04-24 04:42:40,272][dowhy.causal_model][INFO] - Model to find the causal effect of treatment ['X4'] on outcome ['X10']
[2026-04-24 04:42:40,276][dowhy.causal_identifier.auto_identifier][INFO] - Causal effect can be identified.
[2026-04-24 04:42:40,277][dowhy.causal_identifier.auto_identifier][INFO] - Instrumental variables for treatment and outcome:[]
[2026-04-24 04:42:40,277][dowhy.causal_identifier.auto_identifier][INFO] - Frontdoor variables for treatment and outcome:[]
[2026-04-24 04:42:40,277][dowhy.causal_model][INFO] - linear_regression
[2026-04-24 04:42:40,277][dowhy.causal_estimator][INFO] - INFO: Using Linear Regression Estimator
[2026-04-24 04:42:40,278][dowhy.causal_estimator][INFO] - b: X10~X4+X4*X8+X4*X7+X4*X6+X4*X3+X4*X9+X4*X2+X4*X5+X4*X1+X4*X0
[2026-04-24 04:42:40,287][dowhy.causal_model][INFO] - Model to find the causal effect of treatment ['X4'] on outcome ['X11']
[2026-04-24 04:42:40,287][dowhy.causal_identifier.auto_identifier][WARNING] - No directed path from treatment to outcome. Causal Effect is zero.
[2026-04-24 04:42:40,287][dowhy.causal_model][INFO] - linear_regression
[2026-04-24 04:42:40,287][dowhy.causal_estimator][INFO] - INFO: Using Linear Regression Estimator
[2026-04-24 04:42:40,287][dowhy.causal_estimator][WARNING] - No directed path from ['X4'] to ['X11'].
[2026-04-24 04:42:40,288][dowhy.causal_model][INFO] - Model to find the causal effect of treatment ['X4'] on outcome ['X12']
[2026-04-24 04:42:40,289][dowhy.causal_identifier.auto_identifier][WARNING] - No directed path from treatment to outcome. Causal Effect is zero.
[2026-04-24 04:42:40,289][dowhy.causal_model][INFO] - linear_regression
[2026-04-24 04:42:40,289][dowhy.causal_estimator][INFO] - INFO: Using Linear Regression Estimator
[2026-04-24 04:42:40,289][dowhy.causal_estimator][WARNING] - No directed path from ['X4'] to ['X12'].
[2026-04-24 04:42:40,290][dowhy.causal_model][INFO] - Model to find the causal effect of treatment ['X4'] on outcome ['X13']
[2026-04-24 04:42:40,294][dowhy.causal_identifier.auto_identifier][INFO] - Causal effect can be identified.
[2026-04-24 04:42:40,295][dowhy.causal_identifier.auto_identifier][INFO] - Instrumental variables for treatment and outcome:[]
[2026-04-24 04:42:40,296][dowhy.causal_identifier.auto_identifier][INFO] - Frontdoor variables for treatment and outcome:[]
[2026-04-24 04:42:40,296][dowhy.causal_model][INFO] - linear_regression
[2026-04-24 04:42:40,296][dowhy.causal_estimator][INFO] - INFO: Using Linear Regression Estimator
[2026-04-24 04:42:40,296][dowhy.causal_estimator][INFO] - b: X13~X4+X4*X8+X4*X7+X4*X6+X4*X9+X4*X3+X4*X2+X4*X5+X4*X1+X4*X0
[2026-04-24 04:42:40,338][dowhy.causal_model][INFO] - Model to find the causal effect of treatment ['X5'] on outcome ['X0']
[2026-04-24 04:42:40,338][dowhy.causal_identifier.auto_identifier][WARNING] - No directed path from treatment to outcome. Causal Effect is zero.
[2026-04-24 04:42:40,338][dowhy.causal_model][INFO] - linear_regression
[2026-04-24 04:42:40,338][dowhy.causal_estimator][INFO] - INFO: Using Linear Regression Estimator
[2026-04-24 04:42:40,338][dowhy.causal_estimator][WARNING] - No directed path from ['X5'] to ['X0'].
[2026-04-24 04:42:40,340][dowhy.causal_model][INFO] - Model to find the causal effect of treatment ['X5'] on outcome ['X1']
[2026-04-24 04:42:40,340][dowhy.causal_identifier.auto_identifier][WARNING] - No directed path from treatment to outcome. Causal Effect is zero.
[2026-04-24 04:42:40,340][dowhy.causal_model][INFO] - linear_regression
[2026-04-24 04:42:40,340][dowhy.causal_estimator][INFO] - INFO: Using Linear Regression Estimator
[2026-04-24 04:42:40,340][dowhy.causal_estimator][WARNING] - No directed path from ['X5'] to ['X1'].
[2026-04-24 04:42:40,342][dowhy.causal_model][INFO] - Model to find the causal effect of treatment ['X5'] on outcome ['X2']
[2026-04-24 04:42:40,342][dowhy.causal_identifier.auto_identifier][WARNING] - No directed path from treatment to outcome. Causal Effect is zero.
[2026-04-24 04:42:40,343][dowhy.causal_model][INFO] - linear_regression
[2026-04-24 04:42:40,343][dowhy.causal_estimator][INFO] - INFO: Using Linear Regression Estimator
[2026-04-24 04:42:40,343][dowhy.causal_estimator][WARNING] - No directed path from ['X5'] to ['X2'].
[2026-04-24 04:42:40,344][dowhy.causal_model][INFO] - Model to find the causal effect of treatment ['X5'] on outcome ['X3']
[2026-04-24 04:42:40,344][dowhy.causal_identifier.auto_identifier][WARNING] - No directed path from treatment to outcome. Causal Effect is zero.
[2026-04-24 04:42:40,344][dowhy.causal_model][INFO] - linear_regression
[2026-04-24 04:42:40,344][dowhy.causal_estimator][INFO] - INFO: Using Linear Regression Estimator
[2026-04-24 04:42:40,344][dowhy.causal_estimator][WARNING] - No directed path from ['X5'] to ['X3'].
[2026-04-24 04:42:40,346][dowhy.causal_model][INFO] - Model to find the causal effect of treatment ['X5'] on outcome ['X4']
[2026-04-24 04:42:40,346][dowhy.causal_identifier.auto_identifier][WARNING] - No directed path from treatment to outcome. Causal Effect is zero.
[2026-04-24 04:42:40,346][dowhy.causal_model][INFO] - linear_regression
[2026-04-24 04:42:40,346][dowhy.causal_estimator][INFO] - INFO: Using Linear Regression Estimator
[2026-04-24 04:42:40,346][dowhy.causal_estimator][WARNING] - No directed path from ['X5'] to ['X4'].
[2026-04-24 04:42:40,348][dowhy.causal_model][INFO] - Model to find the causal effect of treatment ['X5'] on outcome ['X6']
[2026-04-24 04:42:40,348][dowhy.causal_identifier.auto_identifier][WARNING] - No directed path from treatment to outcome. Causal Effect is zero.
[2026-04-24 04:42:40,349][dowhy.causal_model][INFO] - linear_regression
[2026-04-24 04:42:40,349][dowhy.causal_estimator][INFO] - INFO: Using Linear Regression Estimator
[2026-04-24 04:42:40,349][dowhy.causal_estimator][WARNING] - No directed path from ['X5'] to ['X6'].
[2026-04-24 04:42:40,351][dowhy.causal_model][INFO] - Model to find the causal effect of treatment ['X5'] on outcome ['X7']
[2026-04-24 04:42:40,351][dowhy.causal_identifier.auto_identifier][WARNING] - No directed path from treatment to outcome. Causal Effect is zero.
[2026-04-24 04:42:40,351][dowhy.causal_model][INFO] - linear_regression
[2026-04-24 04:42:40,351][dowhy.causal_estimator][INFO] - INFO: Using Linear Regression Estimator
[2026-04-24 04:42:40,351][dowhy.causal_estimator][WARNING] - No directed path from ['X5'] to ['X7'].
[2026-04-24 04:42:40,353][dowhy.causal_model][INFO] - Model to find the causal effect of treatment ['X5'] on outcome ['X8']
[2026-04-24 04:42:40,353][dowhy.causal_identifier.auto_identifier][WARNING] - No directed path from treatment to outcome. Causal Effect is zero.
[2026-04-24 04:42:40,354][dowhy.causal_model][INFO] - linear_regression
[2026-04-24 04:42:40,354][dowhy.causal_estimator][INFO] - INFO: Using Linear Regression Estimator
[2026-04-24 04:42:40,354][dowhy.causal_estimator][WARNING] - No directed path from ['X5'] to ['X8'].
[2026-04-24 04:42:40,355][dowhy.causal_model][INFO] - Model to find the causal effect of treatment ['X5'] on outcome ['X9']
[2026-04-24 04:42:40,356][dowhy.causal_identifier.auto_identifier][WARNING] - No directed path from treatment to outcome. Causal Effect is zero.
[2026-04-24 04:42:40,356][dowhy.causal_model][INFO] - linear_regression
[2026-04-24 04:42:40,356][dowhy.causal_estimator][INFO] - INFO: Using Linear Regression Estimator
[2026-04-24 04:42:40,356][dowhy.causal_estimator][WARNING] - No directed path from ['X5'] to ['X9'].
[2026-04-24 04:42:40,358][dowhy.causal_model][INFO] - Model to find the causal effect of treatment ['X5'] on outcome ['X10']
[2026-04-24 04:42:40,361][dowhy.causal_identifier.auto_identifier][INFO] - Causal effect can be identified.
[2026-04-24 04:42:40,363][dowhy.causal_identifier.auto_identifier][INFO] - Instrumental variables for treatment and outcome:[]
[2026-04-24 04:42:40,363][dowhy.causal_identifier.auto_identifier][INFO] - Frontdoor variables for treatment and outcome:[]
[2026-04-24 04:42:40,363][dowhy.causal_model][INFO] - linear_regression
[2026-04-24 04:42:40,363][dowhy.causal_estimator][INFO] - INFO: Using Linear Regression Estimator
[2026-04-24 04:42:40,363][dowhy.causal_estimator][INFO] - b: X10~X5+X5*X8+X5*X7+X5*X6+X5*X3+X5*X9+X5*X2+X5*X4+X5*X1+X5*X0
[2026-04-24 04:42:40,373][dowhy.causal_model][INFO] - Model to find the causal effect of treatment ['X5'] on outcome ['X11']
[2026-04-24 04:42:40,373][dowhy.causal_identifier.auto_identifier][WARNING] - No directed path from treatment to outcome. Causal Effect is zero.
[2026-04-24 04:42:40,373][dowhy.causal_model][INFO] - linear_regression
[2026-04-24 04:42:40,373][dowhy.causal_estimator][INFO] - INFO: Using Linear Regression Estimator
[2026-04-24 04:42:40,373][dowhy.causal_estimator][WARNING] - No directed path from ['X5'] to ['X11'].
[2026-04-24 04:42:40,375][dowhy.causal_model][INFO] - Model to find the causal effect of treatment ['X5'] on outcome ['X12']
[2026-04-24 04:42:40,375][dowhy.causal_identifier.auto_identifier][WARNING] - No directed path from treatment to outcome. Causal Effect is zero.
[2026-04-24 04:42:40,375][dowhy.causal_model][INFO] - linear_regression
[2026-04-24 04:42:40,375][dowhy.causal_estimator][INFO] - INFO: Using Linear Regression Estimator
[2026-04-24 04:42:40,375][dowhy.causal_estimator][WARNING] - No directed path from ['X5'] to ['X12'].
[2026-04-24 04:42:40,377][dowhy.causal_model][INFO] - Model to find the causal effect of treatment ['X5'] on outcome ['X13']
[2026-04-24 04:42:40,381][dowhy.causal_identifier.auto_identifier][INFO] - Causal effect can be identified.
[2026-04-24 04:42:40,382][dowhy.causal_identifier.auto_identifier][INFO] - Instrumental variables for treatment and outcome:[]
[2026-04-24 04:42:40,383][dowhy.causal_identifier.auto_identifier][INFO] - Frontdoor variables for treatment and outcome:[]
[2026-04-24 04:42:40,383][dowhy.causal_model][INFO] - linear_regression
[2026-04-24 04:42:40,383][dowhy.causal_estimator][INFO] - INFO: Using Linear Regression Estimator
[2026-04-24 04:42:40,383][dowhy.causal_estimator][INFO] - b: X13~X5+X5*X8+X5*X7+X5*X6+X5*X9+X5*X3+X5*X2+X5*X4+X5*X1+X5*X0
[2026-04-24 04:42:40,433][dowhy.causal_model][INFO] - Model to find the causal effect of treatment ['X6'] on outcome ['X0']
[2026-04-24 04:42:40,433][dowhy.causal_identifier.auto_identifier][WARNING] - No directed path from treatment to outcome. Causal Effect is zero.
[2026-04-24 04:42:40,433][dowhy.causal_model][INFO] - linear_regression
[2026-04-24 04:42:40,433][dowhy.causal_estimator][INFO] - INFO: Using Linear Regression Estimator
[2026-04-24 04:42:40,433][dowhy.causal_estimator][WARNING] - No directed path from ['X6'] to ['X0'].
[2026-04-24 04:42:40,435][dowhy.causal_model][INFO] - Model to find the causal effect of treatment ['X6'] on outcome ['X1']
[2026-04-24 04:42:40,435][dowhy.causal_identifier.auto_identifier][WARNING] - No directed path from treatment to outcome. Causal Effect is zero.
[2026-04-24 04:42:40,435][dowhy.causal_model][INFO] - linear_regression
[2026-04-24 04:42:40,435][dowhy.causal_estimator][INFO] - INFO: Using Linear Regression Estimator
[2026-04-24 04:42:40,435][dowhy.causal_estimator][WARNING] - No directed path from ['X6'] to ['X1'].
[2026-04-24 04:42:40,437][dowhy.causal_model][INFO] - Model to find the causal effect of treatment ['X6'] on outcome ['X2']
[2026-04-24 04:42:40,437][dowhy.causal_identifier.auto_identifier][WARNING] - No directed path from treatment to outcome. Causal Effect is zero.
[2026-04-24 04:42:40,437][dowhy.causal_model][INFO] - linear_regression
[2026-04-24 04:42:40,437][dowhy.causal_estimator][INFO] - INFO: Using Linear Regression Estimator
[2026-04-24 04:42:40,437][dowhy.causal_estimator][WARNING] - No directed path from ['X6'] to ['X2'].
[2026-04-24 04:42:40,439][dowhy.causal_model][INFO] - Model to find the causal effect of treatment ['X6'] on outcome ['X3']
[2026-04-24 04:42:40,439][dowhy.causal_identifier.auto_identifier][WARNING] - No directed path from treatment to outcome. Causal Effect is zero.
[2026-04-24 04:42:40,439][dowhy.causal_model][INFO] - linear_regression
[2026-04-24 04:42:40,439][dowhy.causal_estimator][INFO] - INFO: Using Linear Regression Estimator
[2026-04-24 04:42:40,439][dowhy.causal_estimator][WARNING] - No directed path from ['X6'] to ['X3'].
[2026-04-24 04:42:40,441][dowhy.causal_model][INFO] - Model to find the causal effect of treatment ['X6'] on outcome ['X4']
[2026-04-24 04:42:40,441][dowhy.causal_identifier.auto_identifier][WARNING] - No directed path from treatment to outcome. Causal Effect is zero.
[2026-04-24 04:42:40,442][dowhy.causal_model][INFO] - linear_regression
[2026-04-24 04:42:40,442][dowhy.causal_estimator][INFO] - INFO: Using Linear Regression Estimator
[2026-04-24 04:42:40,442][dowhy.causal_estimator][WARNING] - No directed path from ['X6'] to ['X4'].
[2026-04-24 04:42:40,443][dowhy.causal_model][INFO] - Model to find the causal effect of treatment ['X6'] on outcome ['X5']
[2026-04-24 04:42:40,443][dowhy.causal_identifier.auto_identifier][WARNING] - No directed path from treatment to outcome. Causal Effect is zero.
[2026-04-24 04:42:40,443][dowhy.causal_model][INFO] - linear_regression
[2026-04-24 04:42:40,444][dowhy.causal_estimator][INFO] - INFO: Using Linear Regression Estimator
[2026-04-24 04:42:40,444][dowhy.causal_estimator][WARNING] - No directed path from ['X6'] to ['X5'].
[2026-04-24 04:42:40,445][dowhy.causal_model][INFO] - Model to find the causal effect of treatment ['X6'] on outcome ['X7']
[2026-04-24 04:42:40,447][dowhy.causal_identifier.auto_identifier][INFO] - Causal effect can be identified.
[2026-04-24 04:42:40,448][dowhy.causal_identifier.auto_identifier][INFO] - Instrumental variables for treatment and outcome:['X0']
[2026-04-24 04:42:40,448][dowhy.causal_identifier.auto_identifier][INFO] - Frontdoor variables for treatment and outcome:[]
[2026-04-24 04:42:40,448][dowhy.causal_model][INFO] - linear_regression
[2026-04-24 04:42:40,448][dowhy.causal_estimator][INFO] - INFO: Using Linear Regression Estimator
[2026-04-24 04:42:40,449][dowhy.causal_estimator][INFO] - b: X7~X6+X1
[2026-04-24 04:42:40,457][dowhy.causal_model][INFO] - Model to find the causal effect of treatment ['X6'] on outcome ['X8']
[2026-04-24 04:42:40,459][dowhy.causal_identifier.auto_identifier][INFO] - Causal effect can be identified.
[2026-04-24 04:42:40,459][dowhy.causal_identifier.auto_identifier][INFO] - Instrumental variables for treatment and outcome:['X0']
[2026-04-24 04:42:40,460][dowhy.causal_identifier.auto_identifier][INFO] - Frontdoor variables for treatment and outcome:[]
[2026-04-24 04:42:40,460][dowhy.causal_model][INFO] - linear_regression
[2026-04-24 04:42:40,460][dowhy.causal_estimator][INFO] - INFO: Using Linear Regression Estimator
[2026-04-24 04:42:40,461][dowhy.causal_estimator][INFO] - b: X8~X6+X1+X6*X2+X6*X3
[2026-04-24 04:42:40,469][dowhy.causal_model][INFO] - Model to find the causal effect of treatment ['X6'] on outcome ['X9']
[2026-04-24 04:42:40,471][dowhy.causal_identifier.auto_identifier][INFO] - Causal effect can be identified.
[2026-04-24 04:42:40,472][dowhy.causal_identifier.auto_identifier][INFO] - Instrumental variables for treatment and outcome:['X0']
[2026-04-24 04:42:40,475][dowhy.causal_identifier.auto_identifier][INFO] - Frontdoor variables for treatment and outcome:[]
[2026-04-24 04:42:40,475][dowhy.causal_model][INFO] - linear_regression
[2026-04-24 04:42:40,475][dowhy.causal_estimator][INFO] - INFO: Using Linear Regression Estimator
[2026-04-24 04:42:40,475][dowhy.causal_estimator][INFO] - b: X9~X6+X1+X6*X2+X6*X3
[2026-04-24 04:42:40,484][dowhy.causal_model][INFO] - Model to find the causal effect of treatment ['X6'] on outcome ['X10']
[2026-04-24 04:42:40,486][dowhy.causal_identifier.auto_identifier][INFO] - Causal effect can be identified.
[2026-04-24 04:42:40,487][dowhy.causal_identifier.auto_identifier][INFO] - Instrumental variables for treatment and outcome:['X0']
[2026-04-24 04:42:40,494][dowhy.causal_identifier.auto_identifier][INFO] - Frontdoor variables for treatment and outcome:[]
[2026-04-24 04:42:40,494][dowhy.causal_model][INFO] - linear_regression
[2026-04-24 04:42:40,494][dowhy.causal_estimator][INFO] - INFO: Using Linear Regression Estimator
[2026-04-24 04:42:40,494][dowhy.causal_estimator][INFO] - b: X10~X6+X1+X6*X5+X6*X4+X6*X2+X6*X3
[2026-04-24 04:42:40,504][dowhy.causal_model][INFO] - Model to find the causal effect of treatment ['X6'] on outcome ['X11']
[2026-04-24 04:42:40,505][dowhy.causal_identifier.auto_identifier][INFO] - Causal effect can be identified.
[2026-04-24 04:42:40,506][dowhy.causal_identifier.auto_identifier][INFO] - Instrumental variables for treatment and outcome:['X1']
[2026-04-24 04:42:40,512][dowhy.causal_identifier.auto_identifier][INFO] - Frontdoor variables for treatment and outcome:[]
[2026-04-24 04:42:40,513][dowhy.causal_model][INFO] - linear_regression
[2026-04-24 04:42:40,513][dowhy.causal_estimator][INFO] - INFO: Using Linear Regression Estimator
[2026-04-24 04:42:40,513][dowhy.causal_estimator][INFO] - b: X11~X6+X0
[2026-04-24 04:42:40,521][dowhy.causal_model][INFO] - Model to find the causal effect of treatment ['X6'] on outcome ['X12']
[2026-04-24 04:42:40,523][dowhy.causal_identifier.auto_identifier][INFO] - Causal effect can be identified.
[2026-04-24 04:42:40,523][dowhy.causal_identifier.auto_identifier][INFO] - Instrumental variables for treatment and outcome:['X0']
[2026-04-24 04:42:40,534][dowhy.causal_identifier.auto_identifier][INFO] - Frontdoor variables for treatment and outcome:[]
[2026-04-24 04:42:40,534][dowhy.causal_model][INFO] - linear_regression
[2026-04-24 04:42:40,534][dowhy.causal_estimator][INFO] - INFO: Using Linear Regression Estimator
[2026-04-24 04:42:40,535][dowhy.causal_estimator][INFO] - b: X12~X6+X1+X6*X2+X6*X3
[2026-04-24 04:42:40,544][dowhy.causal_model][INFO] - Model to find the causal effect of treatment ['X6'] on outcome ['X13']
[2026-04-24 04:42:40,546][dowhy.causal_identifier.auto_identifier][INFO] - Causal effect can be identified.
[2026-04-24 04:42:40,546][dowhy.causal_identifier.auto_identifier][INFO] - Instrumental variables for treatment and outcome:['X0']
[2026-04-24 04:42:40,560][dowhy.causal_identifier.auto_identifier][INFO] - Frontdoor variables for treatment and outcome:[]
[2026-04-24 04:42:40,561][dowhy.causal_model][INFO] - linear_regression
[2026-04-24 04:42:40,561][dowhy.causal_estimator][INFO] - INFO: Using Linear Regression Estimator
[2026-04-24 04:42:40,561][dowhy.causal_estimator][INFO] - b: X13~X6+X1+X6*X5+X6*X4+X6*X2+X6*X3
[2026-04-24 04:42:40,612][dowhy.causal_model][INFO] - Model to find the causal effect of treatment ['X7'] on outcome ['X0']
[2026-04-24 04:42:40,612][dowhy.causal_identifier.auto_identifier][WARNING] - No directed path from treatment to outcome. Causal Effect is zero.
[2026-04-24 04:42:40,612][dowhy.causal_model][INFO] - linear_regression
[2026-04-24 04:42:40,612][dowhy.causal_estimator][INFO] - INFO: Using Linear Regression Estimator
[2026-04-24 04:42:40,612][dowhy.causal_estimator][WARNING] - No directed path from ['X7'] to ['X0'].
[2026-04-24 04:42:40,615][dowhy.causal_model][INFO] - Model to find the causal effect of treatment ['X7'] on outcome ['X1']
[2026-04-24 04:42:40,615][dowhy.causal_identifier.auto_identifier][WARNING] - No directed path from treatment to outcome. Causal Effect is zero.
[2026-04-24 04:42:40,615][dowhy.causal_model][INFO] - linear_regression
[2026-04-24 04:42:40,615][dowhy.causal_estimator][INFO] - INFO: Using Linear Regression Estimator
[2026-04-24 04:42:40,615][dowhy.causal_estimator][WARNING] - No directed path from ['X7'] to ['X1'].
[2026-04-24 04:42:40,617][dowhy.causal_model][INFO] - Model to find the causal effect of treatment ['X7'] on outcome ['X2']
[2026-04-24 04:42:40,617][dowhy.causal_identifier.auto_identifier][WARNING] - No directed path from treatment to outcome. Causal Effect is zero.
[2026-04-24 04:42:40,617][dowhy.causal_model][INFO] - linear_regression
[2026-04-24 04:42:40,617][dowhy.causal_estimator][INFO] - INFO: Using Linear Regression Estimator
[2026-04-24 04:42:40,617][dowhy.causal_estimator][WARNING] - No directed path from ['X7'] to ['X2'].
[2026-04-24 04:42:40,619][dowhy.causal_model][INFO] - Model to find the causal effect of treatment ['X7'] on outcome ['X3']
[2026-04-24 04:42:40,619][dowhy.causal_identifier.auto_identifier][WARNING] - No directed path from treatment to outcome. Causal Effect is zero.
[2026-04-24 04:42:40,619][dowhy.causal_model][INFO] - linear_regression
[2026-04-24 04:42:40,619][dowhy.causal_estimator][INFO] - INFO: Using Linear Regression Estimator
[2026-04-24 04:42:40,619][dowhy.causal_estimator][WARNING] - No directed path from ['X7'] to ['X3'].
[2026-04-24 04:42:40,621][dowhy.causal_model][INFO] - Model to find the causal effect of treatment ['X7'] on outcome ['X4']
[2026-04-24 04:42:40,621][dowhy.causal_identifier.auto_identifier][WARNING] - No directed path from treatment to outcome. Causal Effect is zero.
[2026-04-24 04:42:40,621][dowhy.causal_model][INFO] - linear_regression
[2026-04-24 04:42:40,621][dowhy.causal_estimator][INFO] - INFO: Using Linear Regression Estimator
[2026-04-24 04:42:40,621][dowhy.causal_estimator][WARNING] - No directed path from ['X7'] to ['X4'].
[2026-04-24 04:42:40,623][dowhy.causal_model][INFO] - Model to find the causal effect of treatment ['X7'] on outcome ['X5']
[2026-04-24 04:42:40,623][dowhy.causal_identifier.auto_identifier][WARNING] - No directed path from treatment to outcome. Causal Effect is zero.
[2026-04-24 04:42:40,623][dowhy.causal_model][INFO] - linear_regression
[2026-04-24 04:42:40,623][dowhy.causal_estimator][INFO] - INFO: Using Linear Regression Estimator
[2026-04-24 04:42:40,623][dowhy.causal_estimator][WARNING] - No directed path from ['X7'] to ['X5'].
[2026-04-24 04:42:40,625][dowhy.causal_model][INFO] - Model to find the causal effect of treatment ['X7'] on outcome ['X6']
[2026-04-24 04:42:40,625][dowhy.causal_identifier.auto_identifier][WARNING] - No directed path from treatment to outcome. Causal Effect is zero.
[2026-04-24 04:42:40,625][dowhy.causal_model][INFO] - linear_regression
[2026-04-24 04:42:40,625][dowhy.causal_estimator][INFO] - INFO: Using Linear Regression Estimator
[2026-04-24 04:42:40,625][dowhy.causal_estimator][WARNING] - No directed path from ['X7'] to ['X6'].
[2026-04-24 04:42:40,627][dowhy.causal_model][INFO] - Model to find the causal effect of treatment ['X7'] on outcome ['X8']
[2026-04-24 04:42:40,630][dowhy.causal_identifier.auto_identifier][INFO] - Causal effect can be identified.
[2026-04-24 04:42:40,631][dowhy.causal_identifier.auto_identifier][INFO] - Instrumental variables for treatment and outcome:['X1', 'X6']
[2026-04-24 04:42:40,631][dowhy.causal_identifier.auto_identifier][INFO] - Frontdoor variables for treatment and outcome:[]
[2026-04-24 04:42:40,631][dowhy.causal_model][INFO] - linear_regression
[2026-04-24 04:42:40,631][dowhy.causal_estimator][INFO] - INFO: Using Linear Regression Estimator
[2026-04-24 04:42:40,632][dowhy.causal_estimator][INFO] - b: X8~X7+X7*X2+X7*X3
[2026-04-24 04:42:40,640][dowhy.causal_model][INFO] - Model to find the causal effect of treatment ['X7'] on outcome ['X9']
[2026-04-24 04:42:40,643][dowhy.causal_identifier.auto_identifier][INFO] - Causal effect can be identified.
[2026-04-24 04:42:40,644][dowhy.causal_identifier.auto_identifier][INFO] - Instrumental variables for treatment and outcome:['X1', 'X6']
[2026-04-24 04:42:40,645][dowhy.causal_identifier.auto_identifier][INFO] - Frontdoor variables for treatment and outcome:[]
[2026-04-24 04:42:40,645][dowhy.causal_model][INFO] - linear_regression
[2026-04-24 04:42:40,645][dowhy.causal_estimator][INFO] - INFO: Using Linear Regression Estimator
[2026-04-24 04:42:40,645][dowhy.causal_estimator][INFO] - b: X9~X7+X7*X2+X7*X3
[2026-04-24 04:42:40,654][dowhy.causal_model][INFO] - Model to find the causal effect of treatment ['X7'] on outcome ['X10']
[2026-04-24 04:42:40,657][dowhy.causal_identifier.auto_identifier][INFO] - Causal effect can be identified.
[2026-04-24 04:42:40,658][dowhy.causal_identifier.auto_identifier][INFO] - Instrumental variables for treatment and outcome:['X1', 'X6']
[2026-04-24 04:42:40,660][dowhy.causal_identifier.auto_identifier][INFO] - Frontdoor variables for treatment and outcome:['X8', 'X12', 'X9']
[2026-04-24 04:42:40,663][dowhy.causal_identifier.auto_identifier][INFO] - Causal effect can be identified.
[2026-04-24 04:42:40,666][dowhy.causal_identifier.auto_identifier][INFO] - Causal effect can be identified.
[2026-04-24 04:42:40,667][dowhy.causal_model][INFO] - linear_regression
[2026-04-24 04:42:40,668][dowhy.causal_estimator][INFO] - INFO: Using Linear Regression Estimator
[2026-04-24 04:42:40,668][dowhy.causal_estimator][INFO] - b: X10~X7+X7*X5+X7*X4+X7*X2+X7*X3
[2026-04-24 04:42:40,676][dowhy.causal_model][INFO] - Model to find the causal effect of treatment ['X7'] on outcome ['X11']
[2026-04-24 04:42:40,676][dowhy.causal_identifier.auto_identifier][WARNING] - No directed path from treatment to outcome. Causal Effect is zero.
[2026-04-24 04:42:40,676][dowhy.causal_model][INFO] - linear_regression
[2026-04-24 04:42:40,676][dowhy.causal_estimator][INFO] - INFO: Using Linear Regression Estimator
[2026-04-24 04:42:40,676][dowhy.causal_estimator][WARNING] - No directed path from ['X7'] to ['X11'].
[2026-04-24 04:42:40,678][dowhy.causal_model][INFO] - Model to find the causal effect of treatment ['X7'] on outcome ['X12']
[2026-04-24 04:42:40,681][dowhy.causal_identifier.auto_identifier][INFO] - Causal effect can be identified.
[2026-04-24 04:42:40,682][dowhy.causal_identifier.auto_identifier][INFO] - Instrumental variables for treatment and outcome:['X1', 'X6']
[2026-04-24 04:42:40,683][dowhy.causal_identifier.auto_identifier][INFO] - Frontdoor variables for treatment and outcome:[]
[2026-04-24 04:42:40,684][dowhy.causal_model][INFO] - linear_regression
[2026-04-24 04:42:40,684][dowhy.causal_estimator][INFO] - INFO: Using Linear Regression Estimator
[2026-04-24 04:42:40,684][dowhy.causal_estimator][INFO] - b: X12~X7+X7*X2+X7*X3
[2026-04-24 04:42:40,691][dowhy.causal_model][INFO] - Model to find the causal effect of treatment ['X7'] on outcome ['X13']
[2026-04-24 04:42:40,694][dowhy.causal_identifier.auto_identifier][INFO] - Causal effect can be identified.
[2026-04-24 04:42:40,695][dowhy.causal_identifier.auto_identifier][INFO] - Instrumental variables for treatment and outcome:['X1', 'X6']
[2026-04-24 04:42:40,698][dowhy.causal_identifier.auto_identifier][INFO] - Frontdoor variables for treatment and outcome:['X8', 'X12', 'X9']
[2026-04-24 04:42:40,700][dowhy.causal_identifier.auto_identifier][INFO] - Causal effect can be identified.
[2026-04-24 04:42:40,704][dowhy.causal_identifier.auto_identifier][INFO] - Causal effect can be identified.
[2026-04-24 04:42:40,705][dowhy.causal_model][INFO] - linear_regression
[2026-04-24 04:42:40,705][dowhy.causal_estimator][INFO] - INFO: Using Linear Regression Estimator
[2026-04-24 04:42:40,706][dowhy.causal_estimator][INFO] - b: X13~X7+X7*X5+X7*X4+X7*X2+X7*X3
[2026-04-24 04:42:40,751][dowhy.causal_model][INFO] - Model to find the causal effect of treatment ['X8'] on outcome ['X0']
[2026-04-24 04:42:40,751][dowhy.causal_identifier.auto_identifier][WARNING] - No directed path from treatment to outcome. Causal Effect is zero.
[2026-04-24 04:42:40,751][dowhy.causal_model][INFO] - linear_regression
[2026-04-24 04:42:40,751][dowhy.causal_estimator][INFO] - INFO: Using Linear Regression Estimator
[2026-04-24 04:42:40,751][dowhy.causal_estimator][WARNING] - No directed path from ['X8'] to ['X0'].
[2026-04-24 04:42:40,753][dowhy.causal_model][INFO] - Model to find the causal effect of treatment ['X8'] on outcome ['X1']
[2026-04-24 04:42:40,753][dowhy.causal_identifier.auto_identifier][WARNING] - No directed path from treatment to outcome. Causal Effect is zero.
[2026-04-24 04:42:40,753][dowhy.causal_model][INFO] - linear_regression
[2026-04-24 04:42:40,753][dowhy.causal_estimator][INFO] - INFO: Using Linear Regression Estimator
[2026-04-24 04:42:40,753][dowhy.causal_estimator][WARNING] - No directed path from ['X8'] to ['X1'].
[2026-04-24 04:42:40,755][dowhy.causal_model][INFO] - Model to find the causal effect of treatment ['X8'] on outcome ['X2']
[2026-04-24 04:42:40,755][dowhy.causal_identifier.auto_identifier][WARNING] - No directed path from treatment to outcome. Causal Effect is zero.
[2026-04-24 04:42:40,755][dowhy.causal_model][INFO] - linear_regression
[2026-04-24 04:42:40,755][dowhy.causal_estimator][INFO] - INFO: Using Linear Regression Estimator
[2026-04-24 04:42:40,755][dowhy.causal_estimator][WARNING] - No directed path from ['X8'] to ['X2'].
[2026-04-24 04:42:40,757][dowhy.causal_model][INFO] - Model to find the causal effect of treatment ['X8'] on outcome ['X3']
[2026-04-24 04:42:40,757][dowhy.causal_identifier.auto_identifier][WARNING] - No directed path from treatment to outcome. Causal Effect is zero.
[2026-04-24 04:42:40,757][dowhy.causal_model][INFO] - linear_regression
[2026-04-24 04:42:40,757][dowhy.causal_estimator][INFO] - INFO: Using Linear Regression Estimator
[2026-04-24 04:42:40,757][dowhy.causal_estimator][WARNING] - No directed path from ['X8'] to ['X3'].
[2026-04-24 04:42:40,758][dowhy.causal_model][INFO] - Model to find the causal effect of treatment ['X8'] on outcome ['X4']
[2026-04-24 04:42:40,758][dowhy.causal_identifier.auto_identifier][WARNING] - No directed path from treatment to outcome. Causal Effect is zero.
[2026-04-24 04:42:40,759][dowhy.causal_model][INFO] - linear_regression
[2026-04-24 04:42:40,759][dowhy.causal_estimator][INFO] - INFO: Using Linear Regression Estimator
[2026-04-24 04:42:40,759][dowhy.causal_estimator][WARNING] - No directed path from ['X8'] to ['X4'].
[2026-04-24 04:42:40,760][dowhy.causal_model][INFO] - Model to find the causal effect of treatment ['X8'] on outcome ['X5']
[2026-04-24 04:42:40,760][dowhy.causal_identifier.auto_identifier][WARNING] - No directed path from treatment to outcome. Causal Effect is zero.
[2026-04-24 04:42:40,761][dowhy.causal_model][INFO] - linear_regression
[2026-04-24 04:42:40,761][dowhy.causal_estimator][INFO] - INFO: Using Linear Regression Estimator
[2026-04-24 04:42:40,761][dowhy.causal_estimator][WARNING] - No directed path from ['X8'] to ['X5'].
[2026-04-24 04:42:40,763][dowhy.causal_model][INFO] - Model to find the causal effect of treatment ['X8'] on outcome ['X6']
[2026-04-24 04:42:40,763][dowhy.causal_identifier.auto_identifier][WARNING] - No directed path from treatment to outcome. Causal Effect is zero.
[2026-04-24 04:42:40,763][dowhy.causal_model][INFO] - linear_regression
[2026-04-24 04:42:40,763][dowhy.causal_estimator][INFO] - INFO: Using Linear Regression Estimator
[2026-04-24 04:42:40,763][dowhy.causal_estimator][WARNING] - No directed path from ['X8'] to ['X6'].
[2026-04-24 04:42:40,765][dowhy.causal_model][INFO] - Model to find the causal effect of treatment ['X8'] on outcome ['X7']
[2026-04-24 04:42:40,765][dowhy.causal_identifier.auto_identifier][WARNING] - No directed path from treatment to outcome. Causal Effect is zero.
[2026-04-24 04:42:40,765][dowhy.causal_model][INFO] - linear_regression
[2026-04-24 04:42:40,765][dowhy.causal_estimator][INFO] - INFO: Using Linear Regression Estimator
[2026-04-24 04:42:40,765][dowhy.causal_estimator][WARNING] - No directed path from ['X8'] to ['X7'].
[2026-04-24 04:42:40,767][dowhy.causal_model][INFO] - Model to find the causal effect of treatment ['X8'] on outcome ['X9']
[2026-04-24 04:42:40,770][dowhy.causal_identifier.auto_identifier][INFO] - Causal effect can be identified.
[2026-04-24 04:42:40,770][dowhy.causal_identifier.auto_identifier][INFO] - Instrumental variables for treatment and outcome:['X7', 'X2']
[2026-04-24 04:42:40,771][dowhy.causal_identifier.auto_identifier][INFO] - Frontdoor variables for treatment and outcome:[]
[2026-04-24 04:42:40,771][dowhy.causal_model][INFO] - linear_regression
[2026-04-24 04:42:40,771][dowhy.causal_estimator][INFO] - INFO: Using Linear Regression Estimator
[2026-04-24 04:42:40,771][dowhy.causal_estimator][INFO] - b: X9~X8+X3
[2026-04-24 04:42:40,780][dowhy.causal_model][INFO] - Model to find the causal effect of treatment ['X8'] on outcome ['X10']
[2026-04-24 04:42:40,783][dowhy.causal_identifier.auto_identifier][INFO] - Causal effect can be identified.
[2026-04-24 04:42:40,783][dowhy.causal_identifier.auto_identifier][INFO] - Instrumental variables for treatment and outcome:['X7', 'X2']
[2026-04-24 04:42:40,784][dowhy.causal_identifier.auto_identifier][INFO] - Frontdoor variables for treatment and outcome:[]
[2026-04-24 04:42:40,785][dowhy.causal_model][INFO] - linear_regression
[2026-04-24 04:42:40,785][dowhy.causal_estimator][INFO] - INFO: Using Linear Regression Estimator
[2026-04-24 04:42:40,785][dowhy.causal_estimator][INFO] - b: X10~X8+X3+X8*X5+X8*X4
[2026-04-24 04:42:40,795][dowhy.causal_model][INFO] - Model to find the causal effect of treatment ['X8'] on outcome ['X11']
[2026-04-24 04:42:40,795][dowhy.causal_identifier.auto_identifier][WARNING] - No directed path from treatment to outcome. Causal Effect is zero.
[2026-04-24 04:42:40,795][dowhy.causal_model][INFO] - linear_regression
[2026-04-24 04:42:40,795][dowhy.causal_estimator][INFO] - INFO: Using Linear Regression Estimator
[2026-04-24 04:42:40,795][dowhy.causal_estimator][WARNING] - No directed path from ['X8'] to ['X11'].
[2026-04-24 04:42:40,797][dowhy.causal_model][INFO] - Model to find the causal effect of treatment ['X8'] on outcome ['X12']
[2026-04-24 04:42:40,800][dowhy.causal_identifier.auto_identifier][INFO] - Causal effect can be identified.
[2026-04-24 04:42:40,801][dowhy.causal_identifier.auto_identifier][INFO] - Instrumental variables for treatment and outcome:['X7', 'X2']
[2026-04-24 04:42:40,802][dowhy.causal_identifier.auto_identifier][INFO] - Frontdoor variables for treatment and outcome:[]
[2026-04-24 04:42:40,802][dowhy.causal_model][INFO] - linear_regression
[2026-04-24 04:42:40,802][dowhy.causal_estimator][INFO] - INFO: Using Linear Regression Estimator
[2026-04-24 04:42:40,802][dowhy.causal_estimator][INFO] - b: X12~X8+X3
[2026-04-24 04:42:40,811][dowhy.causal_model][INFO] - Model to find the causal effect of treatment ['X8'] on outcome ['X13']
[2026-04-24 04:42:40,814][dowhy.causal_identifier.auto_identifier][INFO] - Causal effect can be identified.
[2026-04-24 04:42:40,815][dowhy.causal_identifier.auto_identifier][INFO] - Instrumental variables for treatment and outcome:['X7', 'X2']
[2026-04-24 04:42:40,817][dowhy.causal_identifier.auto_identifier][INFO] - Frontdoor variables for treatment and outcome:[]
[2026-04-24 04:42:40,817][dowhy.causal_model][INFO] - linear_regression
[2026-04-24 04:42:40,817][dowhy.causal_estimator][INFO] - INFO: Using Linear Regression Estimator
[2026-04-24 04:42:40,817][dowhy.causal_estimator][INFO] - b: X13~X8+X3+X8*X5+X8*X4
[2026-04-24 04:42:40,869][dowhy.causal_model][INFO] - Model to find the causal effect of treatment ['X9'] on outcome ['X0']
[2026-04-24 04:42:40,869][dowhy.causal_identifier.auto_identifier][WARNING] - No directed path from treatment to outcome. Causal Effect is zero.
[2026-04-24 04:42:40,869][dowhy.causal_model][INFO] - linear_regression
[2026-04-24 04:42:40,869][dowhy.causal_estimator][INFO] - INFO: Using Linear Regression Estimator
[2026-04-24 04:42:40,869][dowhy.causal_estimator][WARNING] - No directed path from ['X9'] to ['X0'].
[2026-04-24 04:42:40,871][dowhy.causal_model][INFO] - Model to find the causal effect of treatment ['X9'] on outcome ['X1']
[2026-04-24 04:42:40,871][dowhy.causal_identifier.auto_identifier][WARNING] - No directed path from treatment to outcome. Causal Effect is zero.
[2026-04-24 04:42:40,871][dowhy.causal_model][INFO] - linear_regression
[2026-04-24 04:42:40,871][dowhy.causal_estimator][INFO] - INFO: Using Linear Regression Estimator
[2026-04-24 04:42:40,871][dowhy.causal_estimator][WARNING] - No directed path from ['X9'] to ['X1'].
[2026-04-24 04:42:40,873][dowhy.causal_model][INFO] - Model to find the causal effect of treatment ['X9'] on outcome ['X2']
[2026-04-24 04:42:40,873][dowhy.causal_identifier.auto_identifier][WARNING] - No directed path from treatment to outcome. Causal Effect is zero.
[2026-04-24 04:42:40,873][dowhy.causal_model][INFO] - linear_regression
[2026-04-24 04:42:40,873][dowhy.causal_estimator][INFO] - INFO: Using Linear Regression Estimator
[2026-04-24 04:42:40,873][dowhy.causal_estimator][WARNING] - No directed path from ['X9'] to ['X2'].
[2026-04-24 04:42:40,875][dowhy.causal_model][INFO] - Model to find the causal effect of treatment ['X9'] on outcome ['X3']
[2026-04-24 04:42:40,875][dowhy.causal_identifier.auto_identifier][WARNING] - No directed path from treatment to outcome. Causal Effect is zero.
[2026-04-24 04:42:40,875][dowhy.causal_model][INFO] - linear_regression
[2026-04-24 04:42:40,875][dowhy.causal_estimator][INFO] - INFO: Using Linear Regression Estimator
[2026-04-24 04:42:40,875][dowhy.causal_estimator][WARNING] - No directed path from ['X9'] to ['X3'].
[2026-04-24 04:42:40,877][dowhy.causal_model][INFO] - Model to find the causal effect of treatment ['X9'] on outcome ['X4']
[2026-04-24 04:42:40,877][dowhy.causal_identifier.auto_identifier][WARNING] - No directed path from treatment to outcome. Causal Effect is zero.
[2026-04-24 04:42:40,877][dowhy.causal_model][INFO] - linear_regression
[2026-04-24 04:42:40,877][dowhy.causal_estimator][INFO] - INFO: Using Linear Regression Estimator
[2026-04-24 04:42:40,877][dowhy.causal_estimator][WARNING] - No directed path from ['X9'] to ['X4'].
[2026-04-24 04:42:40,879][dowhy.causal_model][INFO] - Model to find the causal effect of treatment ['X9'] on outcome ['X5']
[2026-04-24 04:42:40,879][dowhy.causal_identifier.auto_identifier][WARNING] - No directed path from treatment to outcome. Causal Effect is zero.
[2026-04-24 04:42:40,879][dowhy.causal_model][INFO] - linear_regression
[2026-04-24 04:42:40,879][dowhy.causal_estimator][INFO] - INFO: Using Linear Regression Estimator
[2026-04-24 04:42:40,879][dowhy.causal_estimator][WARNING] - No directed path from ['X9'] to ['X5'].
[2026-04-24 04:42:40,881][dowhy.causal_model][INFO] - Model to find the causal effect of treatment ['X9'] on outcome ['X6']
[2026-04-24 04:42:40,881][dowhy.causal_identifier.auto_identifier][WARNING] - No directed path from treatment to outcome. Causal Effect is zero.
[2026-04-24 04:42:40,881][dowhy.causal_model][INFO] - linear_regression
[2026-04-24 04:42:40,881][dowhy.causal_estimator][INFO] - INFO: Using Linear Regression Estimator
[2026-04-24 04:42:40,881][dowhy.causal_estimator][WARNING] - No directed path from ['X9'] to ['X6'].
[2026-04-24 04:42:40,882][dowhy.causal_model][INFO] - Model to find the causal effect of treatment ['X9'] on outcome ['X7']
[2026-04-24 04:42:40,882][dowhy.causal_identifier.auto_identifier][WARNING] - No directed path from treatment to outcome. Causal Effect is zero.
[2026-04-24 04:42:40,883][dowhy.causal_model][INFO] - linear_regression
[2026-04-24 04:42:40,883][dowhy.causal_estimator][INFO] - INFO: Using Linear Regression Estimator
[2026-04-24 04:42:40,883][dowhy.causal_estimator][WARNING] - No directed path from ['X9'] to ['X7'].
[2026-04-24 04:42:40,884][dowhy.causal_model][INFO] - Model to find the causal effect of treatment ['X9'] on outcome ['X8']
[2026-04-24 04:42:40,884][dowhy.causal_identifier.auto_identifier][WARNING] - No directed path from treatment to outcome. Causal Effect is zero.
[2026-04-24 04:42:40,884][dowhy.causal_model][INFO] - linear_regression
[2026-04-24 04:42:40,884][dowhy.causal_estimator][INFO] - INFO: Using Linear Regression Estimator
[2026-04-24 04:42:40,884][dowhy.causal_estimator][WARNING] - No directed path from ['X9'] to ['X8'].
[2026-04-24 04:42:40,886][dowhy.causal_model][INFO] - Model to find the causal effect of treatment ['X9'] on outcome ['X10']
[2026-04-24 04:42:40,890][dowhy.causal_identifier.auto_identifier][INFO] - Causal effect can be identified.
[2026-04-24 04:42:40,891][dowhy.causal_identifier.auto_identifier][INFO] - Instrumental variables for treatment and outcome:['X8', 'X3']
[2026-04-24 04:42:40,892][dowhy.causal_identifier.auto_identifier][INFO] - Frontdoor variables for treatment and outcome:[]
[2026-04-24 04:42:40,892][dowhy.causal_model][INFO] - linear_regression
[2026-04-24 04:42:40,892][dowhy.causal_estimator][INFO] - INFO: Using Linear Regression Estimator
[2026-04-24 04:42:40,892][dowhy.causal_estimator][INFO] - b: X10~X9+X9*X5+X9*X4
[2026-04-24 04:42:40,900][dowhy.causal_model][INFO] - Model to find the causal effect of treatment ['X9'] on outcome ['X11']
[2026-04-24 04:42:40,900][dowhy.causal_identifier.auto_identifier][WARNING] - No directed path from treatment to outcome. Causal Effect is zero.
[2026-04-24 04:42:40,900][dowhy.causal_model][INFO] - linear_regression
[2026-04-24 04:42:40,900][dowhy.causal_estimator][INFO] - INFO: Using Linear Regression Estimator
[2026-04-24 04:42:40,900][dowhy.causal_estimator][WARNING] - No directed path from ['X9'] to ['X11'].
[2026-04-24 04:42:40,902][dowhy.causal_model][INFO] - Model to find the causal effect of treatment ['X9'] on outcome ['X12']
[2026-04-24 04:42:40,902][dowhy.causal_identifier.auto_identifier][WARNING] - No directed path from treatment to outcome. Causal Effect is zero.
[2026-04-24 04:42:40,902][dowhy.causal_model][INFO] - linear_regression
[2026-04-24 04:42:40,902][dowhy.causal_estimator][INFO] - INFO: Using Linear Regression Estimator
[2026-04-24 04:42:40,902][dowhy.causal_estimator][WARNING] - No directed path from ['X9'] to ['X12'].
[2026-04-24 04:42:40,904][dowhy.causal_model][INFO] - Model to find the causal effect of treatment ['X9'] on outcome ['X13']
[2026-04-24 04:42:40,907][dowhy.causal_identifier.auto_identifier][INFO] - Causal effect can be identified.
[2026-04-24 04:42:40,909][dowhy.causal_identifier.auto_identifier][INFO] - Instrumental variables for treatment and outcome:['X8', 'X3']
[2026-04-24 04:42:40,909][dowhy.causal_identifier.auto_identifier][INFO] - Frontdoor variables for treatment and outcome:[]
[2026-04-24 04:42:40,909][dowhy.causal_model][INFO] - linear_regression
[2026-04-24 04:42:40,909][dowhy.causal_estimator][INFO] - INFO: Using Linear Regression Estimator
[2026-04-24 04:42:40,909][dowhy.causal_estimator][INFO] - b: X13~X9+X9*X5+X9*X4
[2026-04-24 04:42:40,954][dowhy.causal_model][INFO] - Model to find the causal effect of treatment ['X10'] on outcome ['X0']
[2026-04-24 04:42:40,954][dowhy.causal_identifier.auto_identifier][WARNING] - No directed path from treatment to outcome. Causal Effect is zero.
[2026-04-24 04:42:40,954][dowhy.causal_model][INFO] - linear_regression
[2026-04-24 04:42:40,954][dowhy.causal_estimator][INFO] - INFO: Using Linear Regression Estimator
[2026-04-24 04:42:40,954][dowhy.causal_estimator][WARNING] - No directed path from ['X10'] to ['X0'].
[2026-04-24 04:42:40,956][dowhy.causal_model][INFO] - Model to find the causal effect of treatment ['X10'] on outcome ['X1']
[2026-04-24 04:42:40,956][dowhy.causal_identifier.auto_identifier][WARNING] - No directed path from treatment to outcome. Causal Effect is zero.
[2026-04-24 04:42:40,956][dowhy.causal_model][INFO] - linear_regression
[2026-04-24 04:42:40,956][dowhy.causal_estimator][INFO] - INFO: Using Linear Regression Estimator
[2026-04-24 04:42:40,956][dowhy.causal_estimator][WARNING] - No directed path from ['X10'] to ['X1'].
[2026-04-24 04:42:40,958][dowhy.causal_model][INFO] - Model to find the causal effect of treatment ['X10'] on outcome ['X2']
[2026-04-24 04:42:40,958][dowhy.causal_identifier.auto_identifier][WARNING] - No directed path from treatment to outcome. Causal Effect is zero.
[2026-04-24 04:42:40,958][dowhy.causal_model][INFO] - linear_regression
[2026-04-24 04:42:40,958][dowhy.causal_estimator][INFO] - INFO: Using Linear Regression Estimator
[2026-04-24 04:42:40,958][dowhy.causal_estimator][WARNING] - No directed path from ['X10'] to ['X2'].
[2026-04-24 04:42:40,960][dowhy.causal_model][INFO] - Model to find the causal effect of treatment ['X10'] on outcome ['X3']
[2026-04-24 04:42:40,960][dowhy.causal_identifier.auto_identifier][WARNING] - No directed path from treatment to outcome. Causal Effect is zero.
[2026-04-24 04:42:40,960][dowhy.causal_model][INFO] - linear_regression
[2026-04-24 04:42:40,960][dowhy.causal_estimator][INFO] - INFO: Using Linear Regression Estimator
[2026-04-24 04:42:40,960][dowhy.causal_estimator][WARNING] - No directed path from ['X10'] to ['X3'].
[2026-04-24 04:42:40,962][dowhy.causal_model][INFO] - Model to find the causal effect of treatment ['X10'] on outcome ['X4']
[2026-04-24 04:42:40,962][dowhy.causal_identifier.auto_identifier][WARNING] - No directed path from treatment to outcome. Causal Effect is zero.
[2026-04-24 04:42:40,962][dowhy.causal_model][INFO] - linear_regression
[2026-04-24 04:42:40,962][dowhy.causal_estimator][INFO] - INFO: Using Linear Regression Estimator
[2026-04-24 04:42:40,962][dowhy.causal_estimator][WARNING] - No directed path from ['X10'] to ['X4'].
[2026-04-24 04:42:40,963][dowhy.causal_model][INFO] - Model to find the causal effect of treatment ['X10'] on outcome ['X5']
[2026-04-24 04:42:40,963][dowhy.causal_identifier.auto_identifier][WARNING] - No directed path from treatment to outcome. Causal Effect is zero.
[2026-04-24 04:42:40,964][dowhy.causal_model][INFO] - linear_regression
[2026-04-24 04:42:40,964][dowhy.causal_estimator][INFO] - INFO: Using Linear Regression Estimator
[2026-04-24 04:42:40,964][dowhy.causal_estimator][WARNING] - No directed path from ['X10'] to ['X5'].
[2026-04-24 04:42:40,965][dowhy.causal_model][INFO] - Model to find the causal effect of treatment ['X10'] on outcome ['X6']
[2026-04-24 04:42:40,965][dowhy.causal_identifier.auto_identifier][WARNING] - No directed path from treatment to outcome. Causal Effect is zero.
[2026-04-24 04:42:40,965][dowhy.causal_model][INFO] - linear_regression
[2026-04-24 04:42:40,965][dowhy.causal_estimator][INFO] - INFO: Using Linear Regression Estimator
[2026-04-24 04:42:40,965][dowhy.causal_estimator][WARNING] - No directed path from ['X10'] to ['X6'].
[2026-04-24 04:42:40,967][dowhy.causal_model][INFO] - Model to find the causal effect of treatment ['X10'] on outcome ['X7']
[2026-04-24 04:42:40,967][dowhy.causal_identifier.auto_identifier][WARNING] - No directed path from treatment to outcome. Causal Effect is zero.
[2026-04-24 04:42:40,967][dowhy.causal_model][INFO] - linear_regression
[2026-04-24 04:42:40,967][dowhy.causal_estimator][INFO] - INFO: Using Linear Regression Estimator
[2026-04-24 04:42:40,967][dowhy.causal_estimator][WARNING] - No directed path from ['X10'] to ['X7'].
[2026-04-24 04:42:40,969][dowhy.causal_model][INFO] - Model to find the causal effect of treatment ['X10'] on outcome ['X8']
[2026-04-24 04:42:40,969][dowhy.causal_identifier.auto_identifier][WARNING] - No directed path from treatment to outcome. Causal Effect is zero.
[2026-04-24 04:42:40,969][dowhy.causal_model][INFO] - linear_regression
[2026-04-24 04:42:40,969][dowhy.causal_estimator][INFO] - INFO: Using Linear Regression Estimator
[2026-04-24 04:42:40,969][dowhy.causal_estimator][WARNING] - No directed path from ['X10'] to ['X8'].
[2026-04-24 04:42:40,971][dowhy.causal_model][INFO] - Model to find the causal effect of treatment ['X10'] on outcome ['X9']
[2026-04-24 04:42:40,971][dowhy.causal_identifier.auto_identifier][WARNING] - No directed path from treatment to outcome. Causal Effect is zero.
[2026-04-24 04:42:40,971][dowhy.causal_model][INFO] - linear_regression
[2026-04-24 04:42:40,971][dowhy.causal_estimator][INFO] - INFO: Using Linear Regression Estimator
[2026-04-24 04:42:40,971][dowhy.causal_estimator][WARNING] - No directed path from ['X10'] to ['X9'].
[2026-04-24 04:42:40,973][dowhy.causal_model][INFO] - Model to find the causal effect of treatment ['X10'] on outcome ['X11']
[2026-04-24 04:42:40,973][dowhy.causal_identifier.auto_identifier][WARNING] - No directed path from treatment to outcome. Causal Effect is zero.
[2026-04-24 04:42:40,973][dowhy.causal_model][INFO] - linear_regression
[2026-04-24 04:42:40,973][dowhy.causal_estimator][INFO] - INFO: Using Linear Regression Estimator
[2026-04-24 04:42:40,973][dowhy.causal_estimator][WARNING] - No directed path from ['X10'] to ['X11'].
[2026-04-24 04:42:40,975][dowhy.causal_model][INFO] - Model to find the causal effect of treatment ['X10'] on outcome ['X12']
[2026-04-24 04:42:40,975][dowhy.causal_identifier.auto_identifier][WARNING] - No directed path from treatment to outcome. Causal Effect is zero.
[2026-04-24 04:42:40,975][dowhy.causal_model][INFO] - linear_regression
[2026-04-24 04:42:40,975][dowhy.causal_estimator][INFO] - INFO: Using Linear Regression Estimator
[2026-04-24 04:42:40,975][dowhy.causal_estimator][WARNING] - No directed path from ['X10'] to ['X12'].
[2026-04-24 04:42:40,977][dowhy.causal_model][INFO] - Model to find the causal effect of treatment ['X10'] on outcome ['X13']
[2026-04-24 04:42:40,981][dowhy.causal_identifier.auto_identifier][INFO] - Causal effect can be identified.
[2026-04-24 04:42:40,982][dowhy.causal_identifier.auto_identifier][INFO] - Instrumental variables for treatment and outcome:['X4', 'X9']
[2026-04-24 04:42:40,982][dowhy.causal_identifier.auto_identifier][INFO] - Frontdoor variables for treatment and outcome:[]
[2026-04-24 04:42:40,982][dowhy.causal_model][INFO] - linear_regression
[2026-04-24 04:42:40,982][dowhy.causal_estimator][INFO] - INFO: Using Linear Regression Estimator
[2026-04-24 04:42:40,983][dowhy.causal_estimator][INFO] - b: X13~X10+X5
[2026-04-24 04:42:41,029][dowhy.causal_model][INFO] - Model to find the causal effect of treatment ['X11'] on outcome ['X0']
[2026-04-24 04:42:41,029][dowhy.causal_identifier.auto_identifier][WARNING] - No directed path from treatment to outcome. Causal Effect is zero.
[2026-04-24 04:42:41,029][dowhy.causal_model][INFO] - linear_regression
[2026-04-24 04:42:41,029][dowhy.causal_estimator][INFO] - INFO: Using Linear Regression Estimator
[2026-04-24 04:42:41,029][dowhy.causal_estimator][WARNING] - No directed path from ['X11'] to ['X0'].
[2026-04-24 04:42:41,031][dowhy.causal_model][INFO] - Model to find the causal effect of treatment ['X11'] on outcome ['X1']
[2026-04-24 04:42:41,031][dowhy.causal_identifier.auto_identifier][WARNING] - No directed path from treatment to outcome. Causal Effect is zero.
[2026-04-24 04:42:41,031][dowhy.causal_model][INFO] - linear_regression
[2026-04-24 04:42:41,031][dowhy.causal_estimator][INFO] - INFO: Using Linear Regression Estimator
[2026-04-24 04:42:41,031][dowhy.causal_estimator][WARNING] - No directed path from ['X11'] to ['X1'].
[2026-04-24 04:42:41,033][dowhy.causal_model][INFO] - Model to find the causal effect of treatment ['X11'] on outcome ['X2']
[2026-04-24 04:42:41,033][dowhy.causal_identifier.auto_identifier][WARNING] - No directed path from treatment to outcome. Causal Effect is zero.
[2026-04-24 04:42:41,033][dowhy.causal_model][INFO] - linear_regression
[2026-04-24 04:42:41,033][dowhy.causal_estimator][INFO] - INFO: Using Linear Regression Estimator
[2026-04-24 04:42:41,033][dowhy.causal_estimator][WARNING] - No directed path from ['X11'] to ['X2'].
[2026-04-24 04:42:41,035][dowhy.causal_model][INFO] - Model to find the causal effect of treatment ['X11'] on outcome ['X3']
[2026-04-24 04:42:41,035][dowhy.causal_identifier.auto_identifier][WARNING] - No directed path from treatment to outcome. Causal Effect is zero.
[2026-04-24 04:42:41,035][dowhy.causal_model][INFO] - linear_regression
[2026-04-24 04:42:41,035][dowhy.causal_estimator][INFO] - INFO: Using Linear Regression Estimator
[2026-04-24 04:42:41,035][dowhy.causal_estimator][WARNING] - No directed path from ['X11'] to ['X3'].
[2026-04-24 04:42:41,037][dowhy.causal_model][INFO] - Model to find the causal effect of treatment ['X11'] on outcome ['X4']
[2026-04-24 04:42:41,037][dowhy.causal_identifier.auto_identifier][WARNING] - No directed path from treatment to outcome. Causal Effect is zero.
[2026-04-24 04:42:41,037][dowhy.causal_model][INFO] - linear_regression
[2026-04-24 04:42:41,037][dowhy.causal_estimator][INFO] - INFO: Using Linear Regression Estimator
[2026-04-24 04:42:41,037][dowhy.causal_estimator][WARNING] - No directed path from ['X11'] to ['X4'].
[2026-04-24 04:42:41,039][dowhy.causal_model][INFO] - Model to find the causal effect of treatment ['X11'] on outcome ['X5']
[2026-04-24 04:42:41,039][dowhy.causal_identifier.auto_identifier][WARNING] - No directed path from treatment to outcome. Causal Effect is zero.
[2026-04-24 04:42:41,039][dowhy.causal_model][INFO] - linear_regression
[2026-04-24 04:42:41,039][dowhy.causal_estimator][INFO] - INFO: Using Linear Regression Estimator
[2026-04-24 04:42:41,039][dowhy.causal_estimator][WARNING] - No directed path from ['X11'] to ['X5'].
[2026-04-24 04:42:41,041][dowhy.causal_model][INFO] - Model to find the causal effect of treatment ['X11'] on outcome ['X6']
[2026-04-24 04:42:41,041][dowhy.causal_identifier.auto_identifier][WARNING] - No directed path from treatment to outcome. Causal Effect is zero.
[2026-04-24 04:42:41,041][dowhy.causal_model][INFO] - linear_regression
[2026-04-24 04:42:41,041][dowhy.causal_estimator][INFO] - INFO: Using Linear Regression Estimator
[2026-04-24 04:42:41,041][dowhy.causal_estimator][WARNING] - No directed path from ['X11'] to ['X6'].
[2026-04-24 04:42:41,043][dowhy.causal_model][INFO] - Model to find the causal effect of treatment ['X11'] on outcome ['X7']
[2026-04-24 04:42:41,043][dowhy.causal_identifier.auto_identifier][WARNING] - No directed path from treatment to outcome. Causal Effect is zero.
[2026-04-24 04:42:41,043][dowhy.causal_model][INFO] - linear_regression
[2026-04-24 04:42:41,043][dowhy.causal_estimator][INFO] - INFO: Using Linear Regression Estimator
[2026-04-24 04:42:41,043][dowhy.causal_estimator][WARNING] - No directed path from ['X11'] to ['X7'].
[2026-04-24 04:42:41,045][dowhy.causal_model][INFO] - Model to find the causal effect of treatment ['X11'] on outcome ['X8']
[2026-04-24 04:42:41,045][dowhy.causal_identifier.auto_identifier][WARNING] - No directed path from treatment to outcome. Causal Effect is zero.
[2026-04-24 04:42:41,045][dowhy.causal_model][INFO] - linear_regression
[2026-04-24 04:42:41,045][dowhy.causal_estimator][INFO] - INFO: Using Linear Regression Estimator
[2026-04-24 04:42:41,045][dowhy.causal_estimator][WARNING] - No directed path from ['X11'] to ['X8'].
[2026-04-24 04:42:41,047][dowhy.causal_model][INFO] - Model to find the causal effect of treatment ['X11'] on outcome ['X9']
[2026-04-24 04:42:41,047][dowhy.causal_identifier.auto_identifier][WARNING] - No directed path from treatment to outcome. Causal Effect is zero.
[2026-04-24 04:42:41,047][dowhy.causal_model][INFO] - linear_regression
[2026-04-24 04:42:41,047][dowhy.causal_estimator][INFO] - INFO: Using Linear Regression Estimator
[2026-04-24 04:42:41,047][dowhy.causal_estimator][WARNING] - No directed path from ['X11'] to ['X9'].
[2026-04-24 04:42:41,049][dowhy.causal_model][INFO] - Model to find the causal effect of treatment ['X11'] on outcome ['X10']
[2026-04-24 04:42:41,049][dowhy.causal_identifier.auto_identifier][WARNING] - No directed path from treatment to outcome. Causal Effect is zero.
[2026-04-24 04:42:41,049][dowhy.causal_model][INFO] - linear_regression
[2026-04-24 04:42:41,049][dowhy.causal_estimator][INFO] - INFO: Using Linear Regression Estimator
[2026-04-24 04:42:41,049][dowhy.causal_estimator][WARNING] - No directed path from ['X11'] to ['X10'].
[2026-04-24 04:42:41,051][dowhy.causal_model][INFO] - Model to find the causal effect of treatment ['X11'] on outcome ['X12']
[2026-04-24 04:42:41,051][dowhy.causal_identifier.auto_identifier][WARNING] - No directed path from treatment to outcome. Causal Effect is zero.
[2026-04-24 04:42:41,051][dowhy.causal_model][INFO] - linear_regression
[2026-04-24 04:42:41,051][dowhy.causal_estimator][INFO] - INFO: Using Linear Regression Estimator
[2026-04-24 04:42:41,051][dowhy.causal_estimator][WARNING] - No directed path from ['X11'] to ['X12'].
[2026-04-24 04:42:41,053][dowhy.causal_model][INFO] - Model to find the causal effect of treatment ['X11'] on outcome ['X13']
[2026-04-24 04:42:41,053][dowhy.causal_identifier.auto_identifier][WARNING] - No directed path from treatment to outcome. Causal Effect is zero.
[2026-04-24 04:42:41,053][dowhy.causal_model][INFO] - linear_regression
[2026-04-24 04:42:41,053][dowhy.causal_estimator][INFO] - INFO: Using Linear Regression Estimator
[2026-04-24 04:42:41,053][dowhy.causal_estimator][WARNING] - No directed path from ['X11'] to ['X13'].
[2026-04-24 04:42:41,093][dowhy.causal_model][INFO] - Model to find the causal effect of treatment ['X12'] on outcome ['X0']
[2026-04-24 04:42:41,093][dowhy.causal_identifier.auto_identifier][WARNING] - No directed path from treatment to outcome. Causal Effect is zero.
[2026-04-24 04:42:41,093][dowhy.causal_model][INFO] - linear_regression
[2026-04-24 04:42:41,093][dowhy.causal_estimator][INFO] - INFO: Using Linear Regression Estimator
[2026-04-24 04:42:41,093][dowhy.causal_estimator][WARNING] - No directed path from ['X12'] to ['X0'].
[2026-04-24 04:42:41,095][dowhy.causal_model][INFO] - Model to find the causal effect of treatment ['X12'] on outcome ['X1']
[2026-04-24 04:42:41,095][dowhy.causal_identifier.auto_identifier][WARNING] - No directed path from treatment to outcome. Causal Effect is zero.
[2026-04-24 04:42:41,095][dowhy.causal_model][INFO] - linear_regression
[2026-04-24 04:42:41,095][dowhy.causal_estimator][INFO] - INFO: Using Linear Regression Estimator
[2026-04-24 04:42:41,095][dowhy.causal_estimator][WARNING] - No directed path from ['X12'] to ['X1'].
[2026-04-24 04:42:41,096][dowhy.causal_model][INFO] - Model to find the causal effect of treatment ['X12'] on outcome ['X2']
[2026-04-24 04:42:41,096][dowhy.causal_identifier.auto_identifier][WARNING] - No directed path from treatment to outcome. Causal Effect is zero.
[2026-04-24 04:42:41,097][dowhy.causal_model][INFO] - linear_regression
[2026-04-24 04:42:41,097][dowhy.causal_estimator][INFO] - INFO: Using Linear Regression Estimator
[2026-04-24 04:42:41,097][dowhy.causal_estimator][WARNING] - No directed path from ['X12'] to ['X2'].
[2026-04-24 04:42:41,098][dowhy.causal_model][INFO] - Model to find the causal effect of treatment ['X12'] on outcome ['X3']
[2026-04-24 04:42:41,098][dowhy.causal_identifier.auto_identifier][WARNING] - No directed path from treatment to outcome. Causal Effect is zero.
[2026-04-24 04:42:41,098][dowhy.causal_model][INFO] - linear_regression
[2026-04-24 04:42:41,098][dowhy.causal_estimator][INFO] - INFO: Using Linear Regression Estimator
[2026-04-24 04:42:41,098][dowhy.causal_estimator][WARNING] - No directed path from ['X12'] to ['X3'].
[2026-04-24 04:42:41,100][dowhy.causal_model][INFO] - Model to find the causal effect of treatment ['X12'] on outcome ['X4']
[2026-04-24 04:42:41,100][dowhy.causal_identifier.auto_identifier][WARNING] - No directed path from treatment to outcome. Causal Effect is zero.
[2026-04-24 04:42:41,100][dowhy.causal_model][INFO] - linear_regression
[2026-04-24 04:42:41,100][dowhy.causal_estimator][INFO] - INFO: Using Linear Regression Estimator
[2026-04-24 04:42:41,100][dowhy.causal_estimator][WARNING] - No directed path from ['X12'] to ['X4'].
[2026-04-24 04:42:41,102][dowhy.causal_model][INFO] - Model to find the causal effect of treatment ['X12'] on outcome ['X5']
[2026-04-24 04:42:41,102][dowhy.causal_identifier.auto_identifier][WARNING] - No directed path from treatment to outcome. Causal Effect is zero.
[2026-04-24 04:42:41,102][dowhy.causal_model][INFO] - linear_regression
[2026-04-24 04:42:41,102][dowhy.causal_estimator][INFO] - INFO: Using Linear Regression Estimator
[2026-04-24 04:42:41,102][dowhy.causal_estimator][WARNING] - No directed path from ['X12'] to ['X5'].
[2026-04-24 04:42:41,104][dowhy.causal_model][INFO] - Model to find the causal effect of treatment ['X12'] on outcome ['X6']
[2026-04-24 04:42:41,104][dowhy.causal_identifier.auto_identifier][WARNING] - No directed path from treatment to outcome. Causal Effect is zero.
[2026-04-24 04:42:41,104][dowhy.causal_model][INFO] - linear_regression
[2026-04-24 04:42:41,104][dowhy.causal_estimator][INFO] - INFO: Using Linear Regression Estimator
[2026-04-24 04:42:41,104][dowhy.causal_estimator][WARNING] - No directed path from ['X12'] to ['X6'].
[2026-04-24 04:42:41,105][dowhy.causal_model][INFO] - Model to find the causal effect of treatment ['X12'] on outcome ['X7']
[2026-04-24 04:42:41,105][dowhy.causal_identifier.auto_identifier][WARNING] - No directed path from treatment to outcome. Causal Effect is zero.
[2026-04-24 04:42:41,106][dowhy.causal_model][INFO] - linear_regression
[2026-04-24 04:42:41,106][dowhy.causal_estimator][INFO] - INFO: Using Linear Regression Estimator
[2026-04-24 04:42:41,106][dowhy.causal_estimator][WARNING] - No directed path from ['X12'] to ['X7'].
[2026-04-24 04:42:41,107][dowhy.causal_model][INFO] - Model to find the causal effect of treatment ['X12'] on outcome ['X8']
[2026-04-24 04:42:41,107][dowhy.causal_identifier.auto_identifier][WARNING] - No directed path from treatment to outcome. Causal Effect is zero.
[2026-04-24 04:42:41,107][dowhy.causal_model][INFO] - linear_regression
[2026-04-24 04:42:41,107][dowhy.causal_estimator][INFO] - INFO: Using Linear Regression Estimator
[2026-04-24 04:42:41,107][dowhy.causal_estimator][WARNING] - No directed path from ['X12'] to ['X8'].
[2026-04-24 04:42:41,109][dowhy.causal_model][INFO] - Model to find the causal effect of treatment ['X12'] on outcome ['X9']
[2026-04-24 04:42:41,109][dowhy.causal_identifier.auto_identifier][WARNING] - No directed path from treatment to outcome. Causal Effect is zero.
[2026-04-24 04:42:41,109][dowhy.causal_model][INFO] - linear_regression
[2026-04-24 04:42:41,109][dowhy.causal_estimator][INFO] - INFO: Using Linear Regression Estimator
[2026-04-24 04:42:41,109][dowhy.causal_estimator][WARNING] - No directed path from ['X12'] to ['X9'].
[2026-04-24 04:42:41,111][dowhy.causal_model][INFO] - Model to find the causal effect of treatment ['X12'] on outcome ['X10']
[2026-04-24 04:42:41,111][dowhy.causal_identifier.auto_identifier][WARNING] - No directed path from treatment to outcome. Causal Effect is zero.
[2026-04-24 04:42:41,111][dowhy.causal_model][INFO] - linear_regression
[2026-04-24 04:42:41,111][dowhy.causal_estimator][INFO] - INFO: Using Linear Regression Estimator
[2026-04-24 04:42:41,111][dowhy.causal_estimator][WARNING] - No directed path from ['X12'] to ['X10'].
[2026-04-24 04:42:41,113][dowhy.causal_model][INFO] - Model to find the causal effect of treatment ['X12'] on outcome ['X11']
[2026-04-24 04:42:41,113][dowhy.causal_identifier.auto_identifier][WARNING] - No directed path from treatment to outcome. Causal Effect is zero.
[2026-04-24 04:42:41,113][dowhy.causal_model][INFO] - linear_regression
[2026-04-24 04:42:41,113][dowhy.causal_estimator][INFO] - INFO: Using Linear Regression Estimator
[2026-04-24 04:42:41,113][dowhy.causal_estimator][WARNING] - No directed path from ['X12'] to ['X11'].
[2026-04-24 04:42:41,115][dowhy.causal_model][INFO] - Model to find the causal effect of treatment ['X12'] on outcome ['X13']
[2026-04-24 04:42:41,115][dowhy.causal_identifier.auto_identifier][WARNING] - No directed path from treatment to outcome. Causal Effect is zero.
[2026-04-24 04:42:41,115][dowhy.causal_model][INFO] - linear_regression
[2026-04-24 04:42:41,115][dowhy.causal_estimator][INFO] - INFO: Using Linear Regression Estimator
[2026-04-24 04:42:41,115][dowhy.causal_estimator][WARNING] - No directed path from ['X12'] to ['X13'].
[2026-04-24 04:42:41,148][dowhy.causal_model][INFO] - Model to find the causal effect of treatment ['X13'] on outcome ['X0']
[2026-04-24 04:42:41,148][dowhy.causal_identifier.auto_identifier][WARNING] - No directed path from treatment to outcome. Causal Effect is zero.
[2026-04-24 04:42:41,148][dowhy.causal_model][INFO] - linear_regression
[2026-04-24 04:42:41,148][dowhy.causal_estimator][INFO] - INFO: Using Linear Regression Estimator
[2026-04-24 04:42:41,148][dowhy.causal_estimator][WARNING] - No directed path from ['X13'] to ['X0'].
[2026-04-24 04:42:41,150][dowhy.causal_model][INFO] - Model to find the causal effect of treatment ['X13'] on outcome ['X1']
[2026-04-24 04:42:41,150][dowhy.causal_identifier.auto_identifier][WARNING] - No directed path from treatment to outcome. Causal Effect is zero.
[2026-04-24 04:42:41,150][dowhy.causal_model][INFO] - linear_regression
[2026-04-24 04:42:41,150][dowhy.causal_estimator][INFO] - INFO: Using Linear Regression Estimator
[2026-04-24 04:42:41,150][dowhy.causal_estimator][WARNING] - No directed path from ['X13'] to ['X1'].
[2026-04-24 04:42:41,152][dowhy.causal_model][INFO] - Model to find the causal effect of treatment ['X13'] on outcome ['X2']
[2026-04-24 04:42:41,152][dowhy.causal_identifier.auto_identifier][WARNING] - No directed path from treatment to outcome. Causal Effect is zero.
[2026-04-24 04:42:41,152][dowhy.causal_model][INFO] - linear_regression
[2026-04-24 04:42:41,152][dowhy.causal_estimator][INFO] - INFO: Using Linear Regression Estimator
[2026-04-24 04:42:41,152][dowhy.causal_estimator][WARNING] - No directed path from ['X13'] to ['X2'].
[2026-04-24 04:42:41,154][dowhy.causal_model][INFO] - Model to find the causal effect of treatment ['X13'] on outcome ['X3']
[2026-04-24 04:42:41,154][dowhy.causal_identifier.auto_identifier][WARNING] - No directed path from treatment to outcome. Causal Effect is zero.
[2026-04-24 04:42:41,154][dowhy.causal_model][INFO] - linear_regression
[2026-04-24 04:42:41,154][dowhy.causal_estimator][INFO] - INFO: Using Linear Regression Estimator
[2026-04-24 04:42:41,154][dowhy.causal_estimator][WARNING] - No directed path from ['X13'] to ['X3'].
[2026-04-24 04:42:41,156][dowhy.causal_model][INFO] - Model to find the causal effect of treatment ['X13'] on outcome ['X4']
[2026-04-24 04:42:41,156][dowhy.causal_identifier.auto_identifier][WARNING] - No directed path from treatment to outcome. Causal Effect is zero.
[2026-04-24 04:42:41,156][dowhy.causal_model][INFO] - linear_regression
[2026-04-24 04:42:41,156][dowhy.causal_estimator][INFO] - INFO: Using Linear Regression Estimator
[2026-04-24 04:42:41,156][dowhy.causal_estimator][WARNING] - No directed path from ['X13'] to ['X4'].
[2026-04-24 04:42:41,157][dowhy.causal_model][INFO] - Model to find the causal effect of treatment ['X13'] on outcome ['X5']
[2026-04-24 04:42:41,158][dowhy.causal_identifier.auto_identifier][WARNING] - No directed path from treatment to outcome. Causal Effect is zero.
[2026-04-24 04:42:41,158][dowhy.causal_model][INFO] - linear_regression
[2026-04-24 04:42:41,158][dowhy.causal_estimator][INFO] - INFO: Using Linear Regression Estimator
[2026-04-24 04:42:41,158][dowhy.causal_estimator][WARNING] - No directed path from ['X13'] to ['X5'].
[2026-04-24 04:42:41,159][dowhy.causal_model][INFO] - Model to find the causal effect of treatment ['X13'] on outcome ['X6']
[2026-04-24 04:42:41,159][dowhy.causal_identifier.auto_identifier][WARNING] - No directed path from treatment to outcome. Causal Effect is zero.
[2026-04-24 04:42:41,159][dowhy.causal_model][INFO] - linear_regression
[2026-04-24 04:42:41,159][dowhy.causal_estimator][INFO] - INFO: Using Linear Regression Estimator
[2026-04-24 04:42:41,159][dowhy.causal_estimator][WARNING] - No directed path from ['X13'] to ['X6'].
[2026-04-24 04:42:41,161][dowhy.causal_model][INFO] - Model to find the causal effect of treatment ['X13'] on outcome ['X7']
[2026-04-24 04:42:41,161][dowhy.causal_identifier.auto_identifier][WARNING] - No directed path from treatment to outcome. Causal Effect is zero.
[2026-04-24 04:42:41,161][dowhy.causal_model][INFO] - linear_regression
[2026-04-24 04:42:41,161][dowhy.causal_estimator][INFO] - INFO: Using Linear Regression Estimator
[2026-04-24 04:42:41,161][dowhy.causal_estimator][WARNING] - No directed path from ['X13'] to ['X7'].
[2026-04-24 04:42:41,163][dowhy.causal_model][INFO] - Model to find the causal effect of treatment ['X13'] on outcome ['X8']
[2026-04-24 04:42:41,163][dowhy.causal_identifier.auto_identifier][WARNING] - No directed path from treatment to outcome. Causal Effect is zero.
[2026-04-24 04:42:41,163][dowhy.causal_model][INFO] - linear_regression
[2026-04-24 04:42:41,163][dowhy.causal_estimator][INFO] - INFO: Using Linear Regression Estimator
[2026-04-24 04:42:41,163][dowhy.causal_estimator][WARNING] - No directed path from ['X13'] to ['X8'].
[2026-04-24 04:42:41,165][dowhy.causal_model][INFO] - Model to find the causal effect of treatment ['X13'] on outcome ['X9']
[2026-04-24 04:42:41,165][dowhy.causal_identifier.auto_identifier][WARNING] - No directed path from treatment to outcome. Causal Effect is zero.
[2026-04-24 04:42:41,165][dowhy.causal_model][INFO] - linear_regression
[2026-04-24 04:42:41,165][dowhy.causal_estimator][INFO] - INFO: Using Linear Regression Estimator
[2026-04-24 04:42:41,165][dowhy.causal_estimator][WARNING] - No directed path from ['X13'] to ['X9'].
[2026-04-24 04:42:41,166][dowhy.causal_model][INFO] - Model to find the causal effect of treatment ['X13'] on outcome ['X10']
[2026-04-24 04:42:41,167][dowhy.causal_identifier.auto_identifier][WARNING] - No directed path from treatment to outcome. Causal Effect is zero.
[2026-04-24 04:42:41,167][dowhy.causal_model][INFO] - linear_regression
[2026-04-24 04:42:41,167][dowhy.causal_estimator][INFO] - INFO: Using Linear Regression Estimator
[2026-04-24 04:42:41,167][dowhy.causal_estimator][WARNING] - No directed path from ['X13'] to ['X10'].
[2026-04-24 04:42:41,168][dowhy.causal_model][INFO] - Model to find the causal effect of treatment ['X13'] on outcome ['X11']
[2026-04-24 04:42:41,168][dowhy.causal_identifier.auto_identifier][WARNING] - No directed path from treatment to outcome. Causal Effect is zero.
[2026-04-24 04:42:41,168][dowhy.causal_model][INFO] - linear_regression
[2026-04-24 04:42:41,168][dowhy.causal_estimator][INFO] - INFO: Using Linear Regression Estimator
[2026-04-24 04:42:41,168][dowhy.causal_estimator][WARNING] - No directed path from ['X13'] to ['X11'].
[2026-04-24 04:42:41,170][dowhy.causal_model][INFO] - Model to find the causal effect of treatment ['X13'] on outcome ['X12']
[2026-04-24 04:42:41,170][dowhy.causal_identifier.auto_identifier][WARNING] - No directed path from treatment to outcome. Causal Effect is zero.
[2026-04-24 04:42:41,170][dowhy.causal_model][INFO] - linear_regression
[2026-04-24 04:42:41,170][dowhy.causal_estimator][INFO] - INFO: Using Linear Regression Estimator
[2026-04-24 04:42:41,170][dowhy.causal_estimator][WARNING] - No directed path from ['X13'] to ['X12'].
[2026-04-24 04:42:41,230][dowhy.causal_model][INFO] - Model to find the causal effect of treatment ['X0'] on outcome ['X1']
[2026-04-24 04:42:41,230][dowhy.causal_identifier.auto_identifier][WARNING] - No directed path from treatment to outcome. Causal Effect is zero.
[2026-04-24 04:42:41,230][dowhy.causal_model][INFO] - linear_regression
[2026-04-24 04:42:41,230][dowhy.causal_estimator][INFO] - INFO: Using Linear Regression Estimator
[2026-04-24 04:42:41,230][dowhy.causal_estimator][WARNING] - No directed path from ['X0'] to ['X1'].
[2026-04-24 04:42:41,232][dowhy.causal_model][INFO] - Model to find the causal effect of treatment ['X0'] on outcome ['X2']
[2026-04-24 04:42:41,232][dowhy.causal_identifier.auto_identifier][WARNING] - No directed path from treatment to outcome. Causal Effect is zero.
[2026-04-24 04:42:41,232][dowhy.causal_model][INFO] - linear_regression
[2026-04-24 04:42:41,232][dowhy.causal_estimator][INFO] - INFO: Using Linear Regression Estimator
[2026-04-24 04:42:41,232][dowhy.causal_estimator][WARNING] - No directed path from ['X0'] to ['X2'].
[2026-04-24 04:42:41,234][dowhy.causal_model][INFO] - Model to find the causal effect of treatment ['X0'] on outcome ['X3']
[2026-04-24 04:42:41,234][dowhy.causal_identifier.auto_identifier][WARNING] - No directed path from treatment to outcome. Causal Effect is zero.
[2026-04-24 04:42:41,234][dowhy.causal_model][INFO] - linear_regression
[2026-04-24 04:42:41,235][dowhy.causal_estimator][INFO] - INFO: Using Linear Regression Estimator
[2026-04-24 04:42:41,235][dowhy.causal_estimator][WARNING] - No directed path from ['X0'] to ['X3'].
[2026-04-24 04:42:41,236][dowhy.causal_model][INFO] - Model to find the causal effect of treatment ['X0'] on outcome ['X4']
[2026-04-24 04:42:41,236][dowhy.causal_identifier.auto_identifier][WARNING] - No directed path from treatment to outcome. Causal Effect is zero.
[2026-04-24 04:42:41,236][dowhy.causal_model][INFO] - linear_regression
[2026-04-24 04:42:41,237][dowhy.causal_estimator][INFO] - INFO: Using Linear Regression Estimator
[2026-04-24 04:42:41,237][dowhy.causal_estimator][WARNING] - No directed path from ['X0'] to ['X4'].
[2026-04-24 04:42:41,238][dowhy.causal_model][INFO] - Model to find the causal effect of treatment ['X0'] on outcome ['X5']
[2026-04-24 04:42:41,239][dowhy.causal_identifier.auto_identifier][WARNING] - No directed path from treatment to outcome. Causal Effect is zero.
[2026-04-24 04:42:41,239][dowhy.causal_model][INFO] - linear_regression
[2026-04-24 04:42:41,239][dowhy.causal_estimator][INFO] - INFO: Using Linear Regression Estimator
[2026-04-24 04:42:41,239][dowhy.causal_estimator][WARNING] - No directed path from ['X0'] to ['X5'].
[2026-04-24 04:42:41,241][dowhy.causal_model][INFO] - Model to find the causal effect of treatment ['X0'] on outcome ['X6']
[2026-04-24 04:42:41,242][dowhy.causal_identifier.auto_identifier][INFO] - Causal effect can be identified.
[2026-04-24 04:42:41,243][dowhy.causal_identifier.auto_identifier][INFO] - Instrumental variables for treatment and outcome:[]
[2026-04-24 04:42:41,243][dowhy.causal_identifier.auto_identifier][INFO] - Frontdoor variables for treatment and outcome:[]
[2026-04-24 04:42:41,243][dowhy.causal_model][INFO] - linear_regression
[2026-04-24 04:42:41,243][dowhy.causal_estimator][INFO] - INFO: Using Linear Regression Estimator
[2026-04-24 04:42:41,243][dowhy.causal_estimator][INFO] - b: X6~X0+X0*X1
[2026-04-24 04:42:41,252][dowhy.causal_model][INFO] - Model to find the causal effect of treatment ['X0'] on outcome ['X7']
[2026-04-24 04:42:41,253][dowhy.causal_identifier.auto_identifier][INFO] - Causal effect can be identified.
[2026-04-24 04:42:41,254][dowhy.causal_identifier.auto_identifier][INFO] - Instrumental variables for treatment and outcome:[]
[2026-04-24 04:42:41,254][dowhy.causal_identifier.auto_identifier][INFO] - Frontdoor variables for treatment and outcome:[]
[2026-04-24 04:42:41,255][dowhy.causal_model][INFO] - linear_regression
[2026-04-24 04:42:41,255][dowhy.causal_estimator][INFO] - INFO: Using Linear Regression Estimator
[2026-04-24 04:42:41,255][dowhy.causal_estimator][INFO] - b: X7~X0+X0*X1
[2026-04-24 04:42:41,263][dowhy.causal_model][INFO] - Model to find the causal effect of treatment ['X0'] on outcome ['X8']
[2026-04-24 04:42:41,265][dowhy.causal_identifier.auto_identifier][INFO] - Causal effect can be identified.
[2026-04-24 04:42:41,266][dowhy.causal_identifier.auto_identifier][INFO] - Instrumental variables for treatment and outcome:[]
[2026-04-24 04:42:41,267][dowhy.causal_identifier.auto_identifier][INFO] - Frontdoor variables for treatment and outcome:['X7', 'X11', 'X6']
[2026-04-24 04:42:41,269][dowhy.causal_identifier.auto_identifier][INFO] - Causal effect can be identified.
[2026-04-24 04:42:41,272][dowhy.causal_identifier.auto_identifier][INFO] - Causal effect can be identified.
[2026-04-24 04:42:41,272][dowhy.causal_model][INFO] - linear_regression
[2026-04-24 04:42:41,273][dowhy.causal_estimator][INFO] - INFO: Using Linear Regression Estimator
[2026-04-24 04:42:41,273][dowhy.causal_estimator][INFO] - b: X8~X0+X0*X1+X0*X2+X0*X3
[2026-04-24 04:42:41,282][dowhy.causal_model][INFO] - Model to find the causal effect of treatment ['X0'] on outcome ['X9']
[2026-04-24 04:42:41,283][dowhy.causal_identifier.auto_identifier][INFO] - Causal effect can be identified.
[2026-04-24 04:42:41,284][dowhy.causal_identifier.auto_identifier][INFO] - Instrumental variables for treatment and outcome:[]
[2026-04-24 04:42:41,290][dowhy.causal_identifier.auto_identifier][INFO] - Frontdoor variables for treatment and outcome:['X7', 'X11', 'X6']
[2026-04-24 04:42:41,292][dowhy.causal_identifier.auto_identifier][INFO] - Causal effect can be identified.
[2026-04-24 04:42:41,294][dowhy.causal_identifier.auto_identifier][INFO] - Causal effect can be identified.
[2026-04-24 04:42:41,295][dowhy.causal_model][INFO] - linear_regression
[2026-04-24 04:42:41,295][dowhy.causal_estimator][INFO] - INFO: Using Linear Regression Estimator
[2026-04-24 04:42:41,296][dowhy.causal_estimator][INFO] - b: X9~X0+X0*X1+X0*X2+X0*X3
[2026-04-24 04:42:41,303][dowhy.causal_model][INFO] - Model to find the causal effect of treatment ['X0'] on outcome ['X10']
[2026-04-24 04:42:41,305][dowhy.causal_identifier.auto_identifier][INFO] - Causal effect can be identified.
[2026-04-24 04:42:41,306][dowhy.causal_identifier.auto_identifier][INFO] - Instrumental variables for treatment and outcome:[]
[2026-04-24 04:42:41,312][dowhy.causal_identifier.auto_identifier][INFO] - Frontdoor variables for treatment and outcome:['X8', 'X7', 'X11', 'X12', 'X6', 'X9']
[2026-04-24 04:42:41,314][dowhy.causal_identifier.auto_identifier][INFO] - Causal effect can be identified.
[2026-04-24 04:42:41,316][dowhy.causal_identifier.auto_identifier][INFO] - Causal effect can be identified.
[2026-04-24 04:42:41,318][dowhy.causal_model][INFO] - linear_regression
[2026-04-24 04:42:41,318][dowhy.causal_estimator][INFO] - INFO: Using Linear Regression Estimator
[2026-04-24 04:42:41,318][dowhy.causal_estimator][INFO] - b: X10~X0+X0*X5+X0*X4+X0*X1+X0*X3+X0*X2
[2026-04-24 04:42:41,326][dowhy.causal_model][INFO] - Model to find the causal effect of treatment ['X0'] on outcome ['X11']
[2026-04-24 04:42:41,328][dowhy.causal_identifier.auto_identifier][INFO] - Causal effect can be identified.
[2026-04-24 04:42:41,328][dowhy.causal_identifier.auto_identifier][INFO] - Instrumental variables for treatment and outcome:[]
[2026-04-24 04:42:41,342][dowhy.causal_identifier.auto_identifier][INFO] - Frontdoor variables for treatment and outcome:[]
[2026-04-24 04:42:41,342][dowhy.causal_model][INFO] - linear_regression
[2026-04-24 04:42:41,342][dowhy.causal_estimator][INFO] - INFO: Using Linear Regression Estimator
[2026-04-24 04:42:41,342][dowhy.causal_estimator][INFO] - b: X11~X0+X0*X1
[2026-04-24 04:42:41,350][dowhy.causal_model][INFO] - Model to find the causal effect of treatment ['X0'] on outcome ['X12']
[2026-04-24 04:42:41,351][dowhy.causal_identifier.auto_identifier][INFO] - Causal effect can be identified.
[2026-04-24 04:42:41,352][dowhy.causal_identifier.auto_identifier][INFO] - Instrumental variables for treatment and outcome:[]
[2026-04-24 04:42:41,375][dowhy.causal_identifier.auto_identifier][INFO] - Frontdoor variables for treatment and outcome:['X7', 'X11', 'X6']
[2026-04-24 04:42:41,377][dowhy.causal_identifier.auto_identifier][INFO] - Causal effect can be identified.
[2026-04-24 04:42:41,379][dowhy.causal_identifier.auto_identifier][INFO] - Causal effect can be identified.
[2026-04-24 04:42:41,380][dowhy.causal_model][INFO] - linear_regression
[2026-04-24 04:42:41,380][dowhy.causal_estimator][INFO] - INFO: Using Linear Regression Estimator
[2026-04-24 04:42:41,380][dowhy.causal_estimator][INFO] - b: X12~X0+X0*X1+X0*X2+X0*X3
[2026-04-24 04:42:41,388][dowhy.causal_model][INFO] - Model to find the causal effect of treatment ['X0'] on outcome ['X13']
[2026-04-24 04:42:41,390][dowhy.causal_identifier.auto_identifier][INFO] - Causal effect can be identified.
[2026-04-24 04:42:41,390][dowhy.causal_identifier.auto_identifier][INFO] - Instrumental variables for treatment and outcome:[]
[2026-04-24 04:42:41,397][dowhy.causal_identifier.auto_identifier][INFO] - Frontdoor variables for treatment and outcome:['X7', 'X8', 'X11', 'X12', 'X6', 'X9']
[2026-04-24 04:42:41,399][dowhy.causal_identifier.auto_identifier][INFO] - Causal effect can be identified.
[2026-04-24 04:42:41,402][dowhy.causal_identifier.auto_identifier][INFO] - Causal effect can be identified.
[2026-04-24 04:42:41,403][dowhy.causal_model][INFO] - linear_regression
[2026-04-24 04:42:41,403][dowhy.causal_estimator][INFO] - INFO: Using Linear Regression Estimator
[2026-04-24 04:42:41,403][dowhy.causal_estimator][INFO] - b: X13~X0+X0*X5+X0*X4+X0*X1+X0*X3+X0*X2
[2026-04-24 04:42:41,453][dowhy.causal_model][INFO] - Model to find the causal effect of treatment ['X1'] on outcome ['X0']
[2026-04-24 04:42:41,454][dowhy.causal_identifier.auto_identifier][WARNING] - No directed path from treatment to outcome. Causal Effect is zero.
[2026-04-24 04:42:41,454][dowhy.causal_model][INFO] - linear_regression
[2026-04-24 04:42:41,454][dowhy.causal_estimator][INFO] - INFO: Using Linear Regression Estimator
[2026-04-24 04:42:41,454][dowhy.causal_estimator][WARNING] - No directed path from ['X1'] to ['X0'].
[2026-04-24 04:42:41,456][dowhy.causal_model][INFO] - Model to find the causal effect of treatment ['X1'] on outcome ['X2']
[2026-04-24 04:42:41,456][dowhy.causal_identifier.auto_identifier][WARNING] - No directed path from treatment to outcome. Causal Effect is zero.
[2026-04-24 04:42:41,456][dowhy.causal_model][INFO] - linear_regression
[2026-04-24 04:42:41,456][dowhy.causal_estimator][INFO] - INFO: Using Linear Regression Estimator
[2026-04-24 04:42:41,456][dowhy.causal_estimator][WARNING] - No directed path from ['X1'] to ['X2'].
[2026-04-24 04:42:41,458][dowhy.causal_model][INFO] - Model to find the causal effect of treatment ['X1'] on outcome ['X3']
[2026-04-24 04:42:41,458][dowhy.causal_identifier.auto_identifier][WARNING] - No directed path from treatment to outcome. Causal Effect is zero.
[2026-04-24 04:42:41,458][dowhy.causal_model][INFO] - linear_regression
[2026-04-24 04:42:41,458][dowhy.causal_estimator][INFO] - INFO: Using Linear Regression Estimator
[2026-04-24 04:42:41,458][dowhy.causal_estimator][WARNING] - No directed path from ['X1'] to ['X3'].
[2026-04-24 04:42:41,460][dowhy.causal_model][INFO] - Model to find the causal effect of treatment ['X1'] on outcome ['X4']
[2026-04-24 04:42:41,460][dowhy.causal_identifier.auto_identifier][WARNING] - No directed path from treatment to outcome. Causal Effect is zero.
[2026-04-24 04:42:41,460][dowhy.causal_model][INFO] - linear_regression
[2026-04-24 04:42:41,460][dowhy.causal_estimator][INFO] - INFO: Using Linear Regression Estimator
[2026-04-24 04:42:41,460][dowhy.causal_estimator][WARNING] - No directed path from ['X1'] to ['X4'].
[2026-04-24 04:42:41,462][dowhy.causal_model][INFO] - Model to find the causal effect of treatment ['X1'] on outcome ['X5']
[2026-04-24 04:42:41,462][dowhy.causal_identifier.auto_identifier][WARNING] - No directed path from treatment to outcome. Causal Effect is zero.
[2026-04-24 04:42:41,462][dowhy.causal_model][INFO] - linear_regression
[2026-04-24 04:42:41,462][dowhy.causal_estimator][INFO] - INFO: Using Linear Regression Estimator
[2026-04-24 04:42:41,462][dowhy.causal_estimator][WARNING] - No directed path from ['X1'] to ['X5'].
[2026-04-24 04:42:41,464][dowhy.causal_model][INFO] - Model to find the causal effect of treatment ['X1'] on outcome ['X6']
[2026-04-24 04:42:41,466][dowhy.causal_identifier.auto_identifier][INFO] - Causal effect can be identified.
[2026-04-24 04:42:41,466][dowhy.causal_identifier.auto_identifier][INFO] - Instrumental variables for treatment and outcome:[]
[2026-04-24 04:42:41,466][dowhy.causal_identifier.auto_identifier][INFO] - Frontdoor variables for treatment and outcome:[]
[2026-04-24 04:42:41,466][dowhy.causal_model][INFO] - linear_regression
[2026-04-24 04:42:41,467][dowhy.causal_estimator][INFO] - INFO: Using Linear Regression Estimator
[2026-04-24 04:42:41,467][dowhy.causal_estimator][INFO] - b: X6~X1+X1*X0
[2026-04-24 04:42:41,475][dowhy.causal_model][INFO] - Model to find the causal effect of treatment ['X1'] on outcome ['X7']
[2026-04-24 04:42:41,477][dowhy.causal_identifier.auto_identifier][INFO] - Causal effect can be identified.
[2026-04-24 04:42:41,478][dowhy.causal_identifier.auto_identifier][INFO] - Instrumental variables for treatment and outcome:[]
[2026-04-24 04:42:41,478][dowhy.causal_identifier.auto_identifier][INFO] - Frontdoor variables for treatment and outcome:[]
[2026-04-24 04:42:41,478][dowhy.causal_model][INFO] - linear_regression
[2026-04-24 04:42:41,478][dowhy.causal_estimator][INFO] - INFO: Using Linear Regression Estimator
[2026-04-24 04:42:41,478][dowhy.causal_estimator][INFO] - b: X7~X1+X1*X0
[2026-04-24 04:42:41,487][dowhy.causal_model][INFO] - Model to find the causal effect of treatment ['X1'] on outcome ['X8']
[2026-04-24 04:42:41,488][dowhy.causal_identifier.auto_identifier][INFO] - Causal effect can be identified.
[2026-04-24 04:42:41,489][dowhy.causal_identifier.auto_identifier][INFO] - Instrumental variables for treatment and outcome:[]
[2026-04-24 04:42:41,490][dowhy.causal_identifier.auto_identifier][INFO] - Frontdoor variables for treatment and outcome:['X7', 'X11', 'X6']
[2026-04-24 04:42:41,492][dowhy.causal_identifier.auto_identifier][INFO] - Causal effect can be identified.
[2026-04-24 04:42:41,494][dowhy.causal_identifier.auto_identifier][INFO] - Causal effect can be identified.
[2026-04-24 04:42:41,495][dowhy.causal_model][INFO] - linear_regression
[2026-04-24 04:42:41,495][dowhy.causal_estimator][INFO] - INFO: Using Linear Regression Estimator
[2026-04-24 04:42:41,496][dowhy.causal_estimator][INFO] - b: X8~X1+X1*X0+X1*X2+X1*X3
[2026-04-24 04:42:41,503][dowhy.causal_model][INFO] - Model to find the causal effect of treatment ['X1'] on outcome ['X9']
[2026-04-24 04:42:41,505][dowhy.causal_identifier.auto_identifier][INFO] - Causal effect can be identified.
[2026-04-24 04:42:41,506][dowhy.causal_identifier.auto_identifier][INFO] - Instrumental variables for treatment and outcome:[]
[2026-04-24 04:42:41,512][dowhy.causal_identifier.auto_identifier][INFO] - Frontdoor variables for treatment and outcome:['X7', 'X11', 'X6']
[2026-04-24 04:42:41,514][dowhy.causal_identifier.auto_identifier][INFO] - Causal effect can be identified.
[2026-04-24 04:42:41,516][dowhy.causal_identifier.auto_identifier][INFO] - Causal effect can be identified.
[2026-04-24 04:42:41,517][dowhy.causal_model][INFO] - linear_regression
[2026-04-24 04:42:41,517][dowhy.causal_estimator][INFO] - INFO: Using Linear Regression Estimator
[2026-04-24 04:42:41,517][dowhy.causal_estimator][INFO] - b: X9~X1+X1*X0+X1*X2+X1*X3
[2026-04-24 04:42:41,525][dowhy.causal_model][INFO] - Model to find the causal effect of treatment ['X1'] on outcome ['X10']
[2026-04-24 04:42:41,527][dowhy.causal_identifier.auto_identifier][INFO] - Causal effect can be identified.
[2026-04-24 04:42:41,528][dowhy.causal_identifier.auto_identifier][INFO] - Instrumental variables for treatment and outcome:[]
[2026-04-24 04:42:41,533][dowhy.causal_identifier.auto_identifier][INFO] - Frontdoor variables for treatment and outcome:['X8', 'X7', 'X11', 'X12', 'X6', 'X9']
[2026-04-24 04:42:41,535][dowhy.causal_identifier.auto_identifier][INFO] - Causal effect can be identified.
[2026-04-24 04:42:41,538][dowhy.causal_identifier.auto_identifier][INFO] - Causal effect can be identified.
[2026-04-24 04:42:41,539][dowhy.causal_model][INFO] - linear_regression
[2026-04-24 04:42:41,539][dowhy.causal_estimator][INFO] - INFO: Using Linear Regression Estimator
[2026-04-24 04:42:41,540][dowhy.causal_estimator][INFO] - b: X10~X1+X1*X5+X1*X4+X1*X3+X1*X0+X1*X2
[2026-04-24 04:42:41,548][dowhy.causal_model][INFO] - Model to find the causal effect of treatment ['X1'] on outcome ['X11']
[2026-04-24 04:42:41,549][dowhy.causal_identifier.auto_identifier][INFO] - Causal effect can be identified.
[2026-04-24 04:42:41,550][dowhy.causal_identifier.auto_identifier][INFO] - Instrumental variables for treatment and outcome:[]
[2026-04-24 04:42:41,563][dowhy.causal_identifier.auto_identifier][INFO] - Frontdoor variables for treatment and outcome:[]
[2026-04-24 04:42:41,563][dowhy.causal_model][INFO] - linear_regression
[2026-04-24 04:42:41,563][dowhy.causal_estimator][INFO] - INFO: Using Linear Regression Estimator
[2026-04-24 04:42:41,564][dowhy.causal_estimator][INFO] - b: X11~X1+X1*X0
[2026-04-24 04:42:41,571][dowhy.causal_model][INFO] - Model to find the causal effect of treatment ['X1'] on outcome ['X12']
[2026-04-24 04:42:41,573][dowhy.causal_identifier.auto_identifier][INFO] - Causal effect can be identified.
[2026-04-24 04:42:41,573][dowhy.causal_identifier.auto_identifier][INFO] - Instrumental variables for treatment and outcome:[]
[2026-04-24 04:42:41,596][dowhy.causal_identifier.auto_identifier][INFO] - Frontdoor variables for treatment and outcome:['X7', 'X11', 'X6']
[2026-04-24 04:42:41,598][dowhy.causal_identifier.auto_identifier][INFO] - Causal effect can be identified.
[2026-04-24 04:42:41,601][dowhy.causal_identifier.auto_identifier][INFO] - Causal effect can be identified.
[2026-04-24 04:42:41,601][dowhy.causal_model][INFO] - linear_regression
[2026-04-24 04:42:41,601][dowhy.causal_estimator][INFO] - INFO: Using Linear Regression Estimator
[2026-04-24 04:42:41,602][dowhy.causal_estimator][INFO] - b: X12~X1+X1*X0+X1*X2+X1*X3
[2026-04-24 04:42:41,610][dowhy.causal_model][INFO] - Model to find the causal effect of treatment ['X1'] on outcome ['X13']
[2026-04-24 04:42:41,612][dowhy.causal_identifier.auto_identifier][INFO] - Causal effect can be identified.
[2026-04-24 04:42:41,613][dowhy.causal_identifier.auto_identifier][INFO] - Instrumental variables for treatment and outcome:[]
[2026-04-24 04:42:41,619][dowhy.causal_identifier.auto_identifier][INFO] - Frontdoor variables for treatment and outcome:['X7', 'X8', 'X11', 'X12', 'X6', 'X9']
[2026-04-24 04:42:41,621][dowhy.causal_identifier.auto_identifier][INFO] - Causal effect can be identified.
[2026-04-24 04:42:41,624][dowhy.causal_identifier.auto_identifier][INFO] - Causal effect can be identified.
[2026-04-24 04:42:41,625][dowhy.causal_model][INFO] - linear_regression
[2026-04-24 04:42:41,625][dowhy.causal_estimator][INFO] - INFO: Using Linear Regression Estimator
[2026-04-24 04:42:41,626][dowhy.causal_estimator][INFO] - b: X13~X1+X1*X5+X1*X4+X1*X3+X1*X0+X1*X2
[2026-04-24 04:42:41,675][dowhy.causal_model][INFO] - Model to find the causal effect of treatment ['X2'] on outcome ['X0']
[2026-04-24 04:42:41,675][dowhy.causal_identifier.auto_identifier][WARNING] - No directed path from treatment to outcome. Causal Effect is zero.
[2026-04-24 04:42:41,675][dowhy.causal_model][INFO] - linear_regression
[2026-04-24 04:42:41,675][dowhy.causal_estimator][INFO] - INFO: Using Linear Regression Estimator
[2026-04-24 04:42:41,675][dowhy.causal_estimator][WARNING] - No directed path from ['X2'] to ['X0'].
[2026-04-24 04:42:41,677][dowhy.causal_model][INFO] - Model to find the causal effect of treatment ['X2'] on outcome ['X1']
[2026-04-24 04:42:41,677][dowhy.causal_identifier.auto_identifier][WARNING] - No directed path from treatment to outcome. Causal Effect is zero.
[2026-04-24 04:42:41,677][dowhy.causal_model][INFO] - linear_regression
[2026-04-24 04:42:41,677][dowhy.causal_estimator][INFO] - INFO: Using Linear Regression Estimator
[2026-04-24 04:42:41,677][dowhy.causal_estimator][WARNING] - No directed path from ['X2'] to ['X1'].
[2026-04-24 04:42:41,679][dowhy.causal_model][INFO] - Model to find the causal effect of treatment ['X2'] on outcome ['X3']
[2026-04-24 04:42:41,679][dowhy.causal_identifier.auto_identifier][WARNING] - No directed path from treatment to outcome. Causal Effect is zero.
[2026-04-24 04:42:41,679][dowhy.causal_model][INFO] - linear_regression
[2026-04-24 04:42:41,679][dowhy.causal_estimator][INFO] - INFO: Using Linear Regression Estimator
[2026-04-24 04:42:41,679][dowhy.causal_estimator][WARNING] - No directed path from ['X2'] to ['X3'].
[2026-04-24 04:42:41,681][dowhy.causal_model][INFO] - Model to find the causal effect of treatment ['X2'] on outcome ['X4']
[2026-04-24 04:42:41,681][dowhy.causal_identifier.auto_identifier][WARNING] - No directed path from treatment to outcome. Causal Effect is zero.
[2026-04-24 04:42:41,681][dowhy.causal_model][INFO] - linear_regression
[2026-04-24 04:42:41,681][dowhy.causal_estimator][INFO] - INFO: Using Linear Regression Estimator
[2026-04-24 04:42:41,682][dowhy.causal_estimator][WARNING] - No directed path from ['X2'] to ['X4'].
[2026-04-24 04:42:41,683][dowhy.causal_model][INFO] - Model to find the causal effect of treatment ['X2'] on outcome ['X5']
[2026-04-24 04:42:41,683][dowhy.causal_identifier.auto_identifier][WARNING] - No directed path from treatment to outcome. Causal Effect is zero.
[2026-04-24 04:42:41,683][dowhy.causal_model][INFO] - linear_regression
[2026-04-24 04:42:41,683][dowhy.causal_estimator][INFO] - INFO: Using Linear Regression Estimator
[2026-04-24 04:42:41,683][dowhy.causal_estimator][WARNING] - No directed path from ['X2'] to ['X5'].
[2026-04-24 04:42:41,685][dowhy.causal_model][INFO] - Model to find the causal effect of treatment ['X2'] on outcome ['X6']
[2026-04-24 04:42:41,685][dowhy.causal_identifier.auto_identifier][WARNING] - No directed path from treatment to outcome. Causal Effect is zero.
[2026-04-24 04:42:41,685][dowhy.causal_model][INFO] - linear_regression
[2026-04-24 04:42:41,685][dowhy.causal_estimator][INFO] - INFO: Using Linear Regression Estimator
[2026-04-24 04:42:41,686][dowhy.causal_estimator][WARNING] - No directed path from ['X2'] to ['X6'].
[2026-04-24 04:42:41,687][dowhy.causal_model][INFO] - Model to find the causal effect of treatment ['X2'] on outcome ['X7']
[2026-04-24 04:42:41,687][dowhy.causal_identifier.auto_identifier][WARNING] - No directed path from treatment to outcome. Causal Effect is zero.
[2026-04-24 04:42:41,687][dowhy.causal_model][INFO] - linear_regression
[2026-04-24 04:42:41,687][dowhy.causal_estimator][INFO] - INFO: Using Linear Regression Estimator
[2026-04-24 04:42:41,687][dowhy.causal_estimator][WARNING] - No directed path from ['X2'] to ['X7'].
[2026-04-24 04:42:41,689][dowhy.causal_model][INFO] - Model to find the causal effect of treatment ['X2'] on outcome ['X8']
[2026-04-24 04:42:41,692][dowhy.causal_identifier.auto_identifier][INFO] - Causal effect can be identified.
[2026-04-24 04:42:41,693][dowhy.causal_identifier.auto_identifier][INFO] - Instrumental variables for treatment and outcome:[]
[2026-04-24 04:42:41,693][dowhy.causal_identifier.auto_identifier][INFO] - Frontdoor variables for treatment and outcome:[]
[2026-04-24 04:42:41,693][dowhy.causal_model][INFO] - linear_regression
[2026-04-24 04:42:41,693][dowhy.causal_estimator][INFO] - INFO: Using Linear Regression Estimator
[2026-04-24 04:42:41,693][dowhy.causal_estimator][INFO] - b: X8~X2+X2*X7+X2*X6+X2*X1+X2*X3+X2*X0
[2026-04-24 04:42:41,702][dowhy.causal_model][INFO] - Model to find the causal effect of treatment ['X2'] on outcome ['X9']
[2026-04-24 04:42:41,705][dowhy.causal_identifier.auto_identifier][INFO] - Causal effect can be identified.
[2026-04-24 04:42:41,706][dowhy.causal_identifier.auto_identifier][INFO] - Instrumental variables for treatment and outcome:[]
[2026-04-24 04:42:41,706][dowhy.causal_identifier.auto_identifier][INFO] - Frontdoor variables for treatment and outcome:[]
[2026-04-24 04:42:41,706][dowhy.causal_model][INFO] - linear_regression
[2026-04-24 04:42:41,706][dowhy.causal_estimator][INFO] - INFO: Using Linear Regression Estimator
[2026-04-24 04:42:41,706][dowhy.causal_estimator][INFO] - b: X9~X2+X2*X7+X2*X6+X2*X1+X2*X3+X2*X0
[2026-04-24 04:42:41,715][dowhy.causal_model][INFO] - Model to find the causal effect of treatment ['X2'] on outcome ['X10']
[2026-04-24 04:42:41,718][dowhy.causal_identifier.auto_identifier][INFO] - Causal effect can be identified.
[2026-04-24 04:42:41,719][dowhy.causal_identifier.auto_identifier][INFO] - Instrumental variables for treatment and outcome:[]
[2026-04-24 04:42:41,720][dowhy.causal_identifier.auto_identifier][INFO] - Frontdoor variables for treatment and outcome:['X8', 'X12', 'X9']
[2026-04-24 04:42:41,723][dowhy.causal_identifier.auto_identifier][INFO] - Causal effect can be identified.
[2026-04-24 04:42:41,727][dowhy.causal_identifier.auto_identifier][INFO] - Causal effect can be identified.
[2026-04-24 04:42:41,728][dowhy.causal_model][INFO] - linear_regression
[2026-04-24 04:42:41,728][dowhy.causal_estimator][INFO] - INFO: Using Linear Regression Estimator
[2026-04-24 04:42:41,728][dowhy.causal_estimator][INFO] - b: X10~X2+X2*X5+X2*X4+X2*X7+X2*X6+X2*X1+X2*X3+X2*X0
[2026-04-24 04:42:41,737][dowhy.causal_model][INFO] - Model to find the causal effect of treatment ['X2'] on outcome ['X11']
[2026-04-24 04:42:41,737][dowhy.causal_identifier.auto_identifier][WARNING] - No directed path from treatment to outcome. Causal Effect is zero.
[2026-04-24 04:42:41,737][dowhy.causal_model][INFO] - linear_regression
[2026-04-24 04:42:41,737][dowhy.causal_estimator][INFO] - INFO: Using Linear Regression Estimator
[2026-04-24 04:42:41,737][dowhy.causal_estimator][WARNING] - No directed path from ['X2'] to ['X11'].
[2026-04-24 04:42:41,739][dowhy.causal_model][INFO] - Model to find the causal effect of treatment ['X2'] on outcome ['X12']
[2026-04-24 04:42:41,741][dowhy.causal_identifier.auto_identifier][INFO] - Causal effect can be identified.
[2026-04-24 04:42:41,742][dowhy.causal_identifier.auto_identifier][INFO] - Instrumental variables for treatment and outcome:[]
[2026-04-24 04:42:41,744][dowhy.causal_identifier.auto_identifier][INFO] - Frontdoor variables for treatment and outcome:[]
[2026-04-24 04:42:41,744][dowhy.causal_model][INFO] - linear_regression
[2026-04-24 04:42:41,744][dowhy.causal_estimator][INFO] - INFO: Using Linear Regression Estimator
[2026-04-24 04:42:41,744][dowhy.causal_estimator][INFO] - b: X12~X2+X2*X7+X2*X6+X2*X1+X2*X3+X2*X0
[2026-04-24 04:42:41,752][dowhy.causal_model][INFO] - Model to find the causal effect of treatment ['X2'] on outcome ['X13']
[2026-04-24 04:42:41,755][dowhy.causal_identifier.auto_identifier][INFO] - Causal effect can be identified.
[2026-04-24 04:42:41,756][dowhy.causal_identifier.auto_identifier][INFO] - Instrumental variables for treatment and outcome:[]
[2026-04-24 04:42:41,758][dowhy.causal_identifier.auto_identifier][INFO] - Frontdoor variables for treatment and outcome:['X8', 'X12', 'X9']
[2026-04-24 04:42:41,761][dowhy.causal_identifier.auto_identifier][INFO] - Causal effect can be identified.
[2026-04-24 04:42:41,765][dowhy.causal_identifier.auto_identifier][INFO] - Causal effect can be identified.
[2026-04-24 04:42:41,766][dowhy.causal_model][INFO] - linear_regression
[2026-04-24 04:42:41,766][dowhy.causal_estimator][INFO] - INFO: Using Linear Regression Estimator
[2026-04-24 04:42:41,766][dowhy.causal_estimator][INFO] - b: X13~X2+X2*X5+X2*X4+X2*X7+X2*X6+X2*X1+X2*X3+X2*X0
[2026-04-24 04:42:41,808][dowhy.causal_model][INFO] - Model to find the causal effect of treatment ['X3'] on outcome ['X0']
[2026-04-24 04:42:41,808][dowhy.causal_identifier.auto_identifier][WARNING] - No directed path from treatment to outcome. Causal Effect is zero.
[2026-04-24 04:42:41,808][dowhy.causal_model][INFO] - linear_regression
[2026-04-24 04:42:41,808][dowhy.causal_estimator][INFO] - INFO: Using Linear Regression Estimator
[2026-04-24 04:42:41,808][dowhy.causal_estimator][WARNING] - No directed path from ['X3'] to ['X0'].
[2026-04-24 04:42:41,810][dowhy.causal_model][INFO] - Model to find the causal effect of treatment ['X3'] on outcome ['X1']
[2026-04-24 04:42:41,810][dowhy.causal_identifier.auto_identifier][WARNING] - No directed path from treatment to outcome. Causal Effect is zero.
[2026-04-24 04:42:41,811][dowhy.causal_model][INFO] - linear_regression
[2026-04-24 04:42:41,811][dowhy.causal_estimator][INFO] - INFO: Using Linear Regression Estimator
[2026-04-24 04:42:41,811][dowhy.causal_estimator][WARNING] - No directed path from ['X3'] to ['X1'].
[2026-04-24 04:42:41,813][dowhy.causal_model][INFO] - Model to find the causal effect of treatment ['X3'] on outcome ['X2']
[2026-04-24 04:42:41,813][dowhy.causal_identifier.auto_identifier][WARNING] - No directed path from treatment to outcome. Causal Effect is zero.
[2026-04-24 04:42:41,813][dowhy.causal_model][INFO] - linear_regression
[2026-04-24 04:42:41,813][dowhy.causal_estimator][INFO] - INFO: Using Linear Regression Estimator
[2026-04-24 04:42:41,813][dowhy.causal_estimator][WARNING] - No directed path from ['X3'] to ['X2'].
[2026-04-24 04:42:41,815][dowhy.causal_model][INFO] - Model to find the causal effect of treatment ['X3'] on outcome ['X4']
[2026-04-24 04:42:41,815][dowhy.causal_identifier.auto_identifier][WARNING] - No directed path from treatment to outcome. Causal Effect is zero.
[2026-04-24 04:42:41,815][dowhy.causal_model][INFO] - linear_regression
[2026-04-24 04:42:41,815][dowhy.causal_estimator][INFO] - INFO: Using Linear Regression Estimator
[2026-04-24 04:42:41,815][dowhy.causal_estimator][WARNING] - No directed path from ['X3'] to ['X4'].
[2026-04-24 04:42:41,817][dowhy.causal_model][INFO] - Model to find the causal effect of treatment ['X3'] on outcome ['X5']
[2026-04-24 04:42:41,817][dowhy.causal_identifier.auto_identifier][WARNING] - No directed path from treatment to outcome. Causal Effect is zero.
[2026-04-24 04:42:41,817][dowhy.causal_model][INFO] - linear_regression
[2026-04-24 04:42:41,817][dowhy.causal_estimator][INFO] - INFO: Using Linear Regression Estimator
[2026-04-24 04:42:41,817][dowhy.causal_estimator][WARNING] - No directed path from ['X3'] to ['X5'].
[2026-04-24 04:42:41,819][dowhy.causal_model][INFO] - Model to find the causal effect of treatment ['X3'] on outcome ['X6']
[2026-04-24 04:42:41,819][dowhy.causal_identifier.auto_identifier][WARNING] - No directed path from treatment to outcome. Causal Effect is zero.
[2026-04-24 04:42:41,819][dowhy.causal_model][INFO] - linear_regression
[2026-04-24 04:42:41,819][dowhy.causal_estimator][INFO] - INFO: Using Linear Regression Estimator
[2026-04-24 04:42:41,819][dowhy.causal_estimator][WARNING] - No directed path from ['X3'] to ['X6'].
[2026-04-24 04:42:41,821][dowhy.causal_model][INFO] - Model to find the causal effect of treatment ['X3'] on outcome ['X7']
[2026-04-24 04:42:41,821][dowhy.causal_identifier.auto_identifier][WARNING] - No directed path from treatment to outcome. Causal Effect is zero.
[2026-04-24 04:42:41,821][dowhy.causal_model][INFO] - linear_regression
[2026-04-24 04:42:41,821][dowhy.causal_estimator][INFO] - INFO: Using Linear Regression Estimator
[2026-04-24 04:42:41,821][dowhy.causal_estimator][WARNING] - No directed path from ['X3'] to ['X7'].
[2026-04-24 04:42:41,823][dowhy.causal_model][INFO] - Model to find the causal effect of treatment ['X3'] on outcome ['X8']
[2026-04-24 04:42:41,826][dowhy.causal_identifier.auto_identifier][INFO] - Causal effect can be identified.
[2026-04-24 04:42:41,827][dowhy.causal_identifier.auto_identifier][INFO] - Instrumental variables for treatment and outcome:[]
[2026-04-24 04:42:41,827][dowhy.causal_identifier.auto_identifier][INFO] - Frontdoor variables for treatment and outcome:[]
[2026-04-24 04:42:41,827][dowhy.causal_model][INFO] - linear_regression
[2026-04-24 04:42:41,827][dowhy.causal_estimator][INFO] - INFO: Using Linear Regression Estimator
[2026-04-24 04:42:41,827][dowhy.causal_estimator][INFO] - b: X8~X3+X3*X7+X3*X6+X3*X1+X3*X0+X3*X2
[2026-04-24 04:42:41,836][dowhy.causal_model][INFO] - Model to find the causal effect of treatment ['X3'] on outcome ['X9']
[2026-04-24 04:42:41,839][dowhy.causal_identifier.auto_identifier][INFO] - Causal effect can be identified.
[2026-04-24 04:42:41,840][dowhy.causal_identifier.auto_identifier][INFO] - Instrumental variables for treatment and outcome:[]
[2026-04-24 04:42:41,840][dowhy.causal_identifier.auto_identifier][INFO] - Frontdoor variables for treatment and outcome:[]
[2026-04-24 04:42:41,841][dowhy.causal_model][INFO] - linear_regression
[2026-04-24 04:42:41,841][dowhy.causal_estimator][INFO] - INFO: Using Linear Regression Estimator
[2026-04-24 04:42:41,841][dowhy.causal_estimator][INFO] - b: X9~X3+X3*X7+X3*X6+X3*X1+X3*X0+X3*X2
[2026-04-24 04:42:41,850][dowhy.causal_model][INFO] - Model to find the causal effect of treatment ['X3'] on outcome ['X10']
[2026-04-24 04:42:41,853][dowhy.causal_identifier.auto_identifier][INFO] - Causal effect can be identified.
[2026-04-24 04:42:41,854][dowhy.causal_identifier.auto_identifier][INFO] - Instrumental variables for treatment and outcome:[]
[2026-04-24 04:42:41,856][dowhy.causal_identifier.auto_identifier][INFO] - Frontdoor variables for treatment and outcome:['X8', 'X12', 'X9']
[2026-04-24 04:42:41,859][dowhy.causal_identifier.auto_identifier][INFO] - Causal effect can be identified.
[2026-04-24 04:42:41,863][dowhy.causal_identifier.auto_identifier][INFO] - Causal effect can be identified.
[2026-04-24 04:42:41,864][dowhy.causal_model][INFO] - linear_regression
[2026-04-24 04:42:41,864][dowhy.causal_estimator][INFO] - INFO: Using Linear Regression Estimator
[2026-04-24 04:42:41,865][dowhy.causal_estimator][INFO] - b: X10~X3+X3*X5+X3*X4+X3*X7+X3*X6+X3*X1+X3*X0+X3*X2
[2026-04-24 04:42:41,874][dowhy.causal_model][INFO] - Model to find the causal effect of treatment ['X3'] on outcome ['X11']
[2026-04-24 04:42:41,874][dowhy.causal_identifier.auto_identifier][WARNING] - No directed path from treatment to outcome. Causal Effect is zero.
[2026-04-24 04:42:41,874][dowhy.causal_model][INFO] - linear_regression
[2026-04-24 04:42:41,874][dowhy.causal_estimator][INFO] - INFO: Using Linear Regression Estimator
[2026-04-24 04:42:41,874][dowhy.causal_estimator][WARNING] - No directed path from ['X3'] to ['X11'].
[2026-04-24 04:42:41,876][dowhy.causal_model][INFO] - Model to find the causal effect of treatment ['X3'] on outcome ['X12']
[2026-04-24 04:42:41,879][dowhy.causal_identifier.auto_identifier][INFO] - Causal effect can be identified.
[2026-04-24 04:42:41,880][dowhy.causal_identifier.auto_identifier][INFO] - Instrumental variables for treatment and outcome:[]
[2026-04-24 04:42:41,881][dowhy.causal_identifier.auto_identifier][INFO] - Frontdoor variables for treatment and outcome:[]
[2026-04-24 04:42:41,882][dowhy.causal_model][INFO] - linear_regression
[2026-04-24 04:42:41,882][dowhy.causal_estimator][INFO] - INFO: Using Linear Regression Estimator
[2026-04-24 04:42:41,882][dowhy.causal_estimator][INFO] - b: X12~X3+X3*X7+X3*X6+X3*X1+X3*X0+X3*X2
[2026-04-24 04:42:41,891][dowhy.causal_model][INFO] - Model to find the causal effect of treatment ['X3'] on outcome ['X13']
[2026-04-24 04:42:41,894][dowhy.causal_identifier.auto_identifier][INFO] - Causal effect can be identified.
[2026-04-24 04:42:41,895][dowhy.causal_identifier.auto_identifier][INFO] - Instrumental variables for treatment and outcome:[]
[2026-04-24 04:42:41,898][dowhy.causal_identifier.auto_identifier][INFO] - Frontdoor variables for treatment and outcome:['X8', 'X12', 'X9']
[2026-04-24 04:42:41,901][dowhy.causal_identifier.auto_identifier][INFO] - Causal effect can be identified.
[2026-04-24 04:42:41,905][dowhy.causal_identifier.auto_identifier][INFO] - Causal effect can be identified.
[2026-04-24 04:42:41,906][dowhy.causal_model][INFO] - linear_regression
[2026-04-24 04:42:41,906][dowhy.causal_estimator][INFO] - INFO: Using Linear Regression Estimator
[2026-04-24 04:42:41,906][dowhy.causal_estimator][INFO] - b: X13~X3+X3*X5+X3*X4+X3*X7+X3*X6+X3*X1+X3*X0+X3*X2
[2026-04-24 04:42:41,950][dowhy.causal_model][INFO] - Model to find the causal effect of treatment ['X4'] on outcome ['X0']
[2026-04-24 04:42:41,950][dowhy.causal_identifier.auto_identifier][WARNING] - No directed path from treatment to outcome. Causal Effect is zero.
[2026-04-24 04:42:41,950][dowhy.causal_model][INFO] - linear_regression
[2026-04-24 04:42:41,950][dowhy.causal_estimator][INFO] - INFO: Using Linear Regression Estimator
[2026-04-24 04:42:41,950][dowhy.causal_estimator][WARNING] - No directed path from ['X4'] to ['X0'].
[2026-04-24 04:42:41,952][dowhy.causal_model][INFO] - Model to find the causal effect of treatment ['X4'] on outcome ['X1']
[2026-04-24 04:42:41,952][dowhy.causal_identifier.auto_identifier][WARNING] - No directed path from treatment to outcome. Causal Effect is zero.
[2026-04-24 04:42:41,952][dowhy.causal_model][INFO] - linear_regression
[2026-04-24 04:42:41,952][dowhy.causal_estimator][INFO] - INFO: Using Linear Regression Estimator
[2026-04-24 04:42:41,952][dowhy.causal_estimator][WARNING] - No directed path from ['X4'] to ['X1'].
[2026-04-24 04:42:41,954][dowhy.causal_model][INFO] - Model to find the causal effect of treatment ['X4'] on outcome ['X2']
[2026-04-24 04:42:41,954][dowhy.causal_identifier.auto_identifier][WARNING] - No directed path from treatment to outcome. Causal Effect is zero.
[2026-04-24 04:42:41,954][dowhy.causal_model][INFO] - linear_regression
[2026-04-24 04:42:41,954][dowhy.causal_estimator][INFO] - INFO: Using Linear Regression Estimator
[2026-04-24 04:42:41,954][dowhy.causal_estimator][WARNING] - No directed path from ['X4'] to ['X2'].
[2026-04-24 04:42:41,956][dowhy.causal_model][INFO] - Model to find the causal effect of treatment ['X4'] on outcome ['X3']
[2026-04-24 04:42:41,956][dowhy.causal_identifier.auto_identifier][WARNING] - No directed path from treatment to outcome. Causal Effect is zero.
[2026-04-24 04:42:41,956][dowhy.causal_model][INFO] - linear_regression
[2026-04-24 04:42:41,956][dowhy.causal_estimator][INFO] - INFO: Using Linear Regression Estimator
[2026-04-24 04:42:41,956][dowhy.causal_estimator][WARNING] - No directed path from ['X4'] to ['X3'].
[2026-04-24 04:42:41,958][dowhy.causal_model][INFO] - Model to find the causal effect of treatment ['X4'] on outcome ['X5']
[2026-04-24 04:42:41,958][dowhy.causal_identifier.auto_identifier][WARNING] - No directed path from treatment to outcome. Causal Effect is zero.
[2026-04-24 04:42:41,958][dowhy.causal_model][INFO] - linear_regression
[2026-04-24 04:42:41,958][dowhy.causal_estimator][INFO] - INFO: Using Linear Regression Estimator
[2026-04-24 04:42:41,958][dowhy.causal_estimator][WARNING] - No directed path from ['X4'] to ['X5'].
[2026-04-24 04:42:41,960][dowhy.causal_model][INFO] - Model to find the causal effect of treatment ['X4'] on outcome ['X6']
[2026-04-24 04:42:41,960][dowhy.causal_identifier.auto_identifier][WARNING] - No directed path from treatment to outcome. Causal Effect is zero.
[2026-04-24 04:42:41,960][dowhy.causal_model][INFO] - linear_regression
[2026-04-24 04:42:41,960][dowhy.causal_estimator][INFO] - INFO: Using Linear Regression Estimator
[2026-04-24 04:42:41,960][dowhy.causal_estimator][WARNING] - No directed path from ['X4'] to ['X6'].
[2026-04-24 04:42:41,962][dowhy.causal_model][INFO] - Model to find the causal effect of treatment ['X4'] on outcome ['X7']
[2026-04-24 04:42:41,962][dowhy.causal_identifier.auto_identifier][WARNING] - No directed path from treatment to outcome. Causal Effect is zero.
[2026-04-24 04:42:41,962][dowhy.causal_model][INFO] - linear_regression
[2026-04-24 04:42:41,962][dowhy.causal_estimator][INFO] - INFO: Using Linear Regression Estimator
[2026-04-24 04:42:41,962][dowhy.causal_estimator][WARNING] - No directed path from ['X4'] to ['X7'].
[2026-04-24 04:42:41,964][dowhy.causal_model][INFO] - Model to find the causal effect of treatment ['X4'] on outcome ['X8']
[2026-04-24 04:42:41,964][dowhy.causal_identifier.auto_identifier][WARNING] - No directed path from treatment to outcome. Causal Effect is zero.
[2026-04-24 04:42:41,964][dowhy.causal_model][INFO] - linear_regression
[2026-04-24 04:42:41,964][dowhy.causal_estimator][INFO] - INFO: Using Linear Regression Estimator
[2026-04-24 04:42:41,964][dowhy.causal_estimator][WARNING] - No directed path from ['X4'] to ['X8'].
[2026-04-24 04:42:41,965][dowhy.causal_model][INFO] - Model to find the causal effect of treatment ['X4'] on outcome ['X9']
[2026-04-24 04:42:41,965][dowhy.causal_identifier.auto_identifier][WARNING] - No directed path from treatment to outcome. Causal Effect is zero.
[2026-04-24 04:42:41,965][dowhy.causal_model][INFO] - linear_regression
[2026-04-24 04:42:41,966][dowhy.causal_estimator][INFO] - INFO: Using Linear Regression Estimator
[2026-04-24 04:42:41,966][dowhy.causal_estimator][WARNING] - No directed path from ['X4'] to ['X9'].
[2026-04-24 04:42:41,967][dowhy.causal_model][INFO] - Model to find the causal effect of treatment ['X4'] on outcome ['X10']
[2026-04-24 04:42:41,971][dowhy.causal_identifier.auto_identifier][INFO] - Causal effect can be identified.
[2026-04-24 04:42:41,972][dowhy.causal_identifier.auto_identifier][INFO] - Instrumental variables for treatment and outcome:[]
[2026-04-24 04:42:41,972][dowhy.causal_identifier.auto_identifier][INFO] - Frontdoor variables for treatment and outcome:[]
[2026-04-24 04:42:41,972][dowhy.causal_model][INFO] - linear_regression
[2026-04-24 04:42:41,972][dowhy.causal_estimator][INFO] - INFO: Using Linear Regression Estimator
[2026-04-24 04:42:41,973][dowhy.causal_estimator][INFO] - b: X10~X4+X4*X8+X4*X7+X4*X6+X4*X3+X4*X9+X4*X2+X4*X5+X4*X1+X4*X0
[2026-04-24 04:42:41,981][dowhy.causal_model][INFO] - Model to find the causal effect of treatment ['X4'] on outcome ['X11']
[2026-04-24 04:42:41,981][dowhy.causal_identifier.auto_identifier][WARNING] - No directed path from treatment to outcome. Causal Effect is zero.
[2026-04-24 04:42:41,982][dowhy.causal_model][INFO] - linear_regression
[2026-04-24 04:42:41,982][dowhy.causal_estimator][INFO] - INFO: Using Linear Regression Estimator
[2026-04-24 04:42:41,982][dowhy.causal_estimator][WARNING] - No directed path from ['X4'] to ['X11'].
[2026-04-24 04:42:41,983][dowhy.causal_model][INFO] - Model to find the causal effect of treatment ['X4'] on outcome ['X12']
[2026-04-24 04:42:41,983][dowhy.causal_identifier.auto_identifier][WARNING] - No directed path from treatment to outcome. Causal Effect is zero.
[2026-04-24 04:42:41,983][dowhy.causal_model][INFO] - linear_regression
[2026-04-24 04:42:41,983][dowhy.causal_estimator][INFO] - INFO: Using Linear Regression Estimator
[2026-04-24 04:42:41,983][dowhy.causal_estimator][WARNING] - No directed path from ['X4'] to ['X12'].
[2026-04-24 04:42:41,985][dowhy.causal_model][INFO] - Model to find the causal effect of treatment ['X4'] on outcome ['X13']
[2026-04-24 04:42:41,989][dowhy.causal_identifier.auto_identifier][INFO] - Causal effect can be identified.
[2026-04-24 04:42:41,990][dowhy.causal_identifier.auto_identifier][INFO] - Instrumental variables for treatment and outcome:[]
[2026-04-24 04:42:41,990][dowhy.causal_identifier.auto_identifier][INFO] - Frontdoor variables for treatment and outcome:[]
[2026-04-24 04:42:41,990][dowhy.causal_model][INFO] - linear_regression
[2026-04-24 04:42:41,990][dowhy.causal_estimator][INFO] - INFO: Using Linear Regression Estimator
[2026-04-24 04:42:41,991][dowhy.causal_estimator][INFO] - b: X13~X4+X4*X8+X4*X7+X4*X6+X4*X9+X4*X3+X4*X2+X4*X5+X4*X1+X4*X0
[2026-04-24 04:42:42,034][dowhy.causal_model][INFO] - Model to find the causal effect of treatment ['X5'] on outcome ['X0']
[2026-04-24 04:42:42,034][dowhy.causal_identifier.auto_identifier][WARNING] - No directed path from treatment to outcome. Causal Effect is zero.
[2026-04-24 04:42:42,035][dowhy.causal_model][INFO] - linear_regression
[2026-04-24 04:42:42,035][dowhy.causal_estimator][INFO] - INFO: Using Linear Regression Estimator
[2026-04-24 04:42:42,035][dowhy.causal_estimator][WARNING] - No directed path from ['X5'] to ['X0'].
[2026-04-24 04:42:42,037][dowhy.causal_model][INFO] - Model to find the causal effect of treatment ['X5'] on outcome ['X1']
[2026-04-24 04:42:42,037][dowhy.causal_identifier.auto_identifier][WARNING] - No directed path from treatment to outcome. Causal Effect is zero.
[2026-04-24 04:42:42,037][dowhy.causal_model][INFO] - linear_regression
[2026-04-24 04:42:42,037][dowhy.causal_estimator][INFO] - INFO: Using Linear Regression Estimator
[2026-04-24 04:42:42,037][dowhy.causal_estimator][WARNING] - No directed path from ['X5'] to ['X1'].
[2026-04-24 04:42:42,039][dowhy.causal_model][INFO] - Model to find the causal effect of treatment ['X5'] on outcome ['X2']
[2026-04-24 04:42:42,039][dowhy.causal_identifier.auto_identifier][WARNING] - No directed path from treatment to outcome. Causal Effect is zero.
[2026-04-24 04:42:42,039][dowhy.causal_model][INFO] - linear_regression
[2026-04-24 04:42:42,039][dowhy.causal_estimator][INFO] - INFO: Using Linear Regression Estimator
[2026-04-24 04:42:42,039][dowhy.causal_estimator][WARNING] - No directed path from ['X5'] to ['X2'].
[2026-04-24 04:42:42,041][dowhy.causal_model][INFO] - Model to find the causal effect of treatment ['X5'] on outcome ['X3']
[2026-04-24 04:42:42,041][dowhy.causal_identifier.auto_identifier][WARNING] - No directed path from treatment to outcome. Causal Effect is zero.
[2026-04-24 04:42:42,041][dowhy.causal_model][INFO] - linear_regression
[2026-04-24 04:42:42,041][dowhy.causal_estimator][INFO] - INFO: Using Linear Regression Estimator
[2026-04-24 04:42:42,041][dowhy.causal_estimator][WARNING] - No directed path from ['X5'] to ['X3'].
[2026-04-24 04:42:42,043][dowhy.causal_model][INFO] - Model to find the causal effect of treatment ['X5'] on outcome ['X4']
[2026-04-24 04:42:42,043][dowhy.causal_identifier.auto_identifier][WARNING] - No directed path from treatment to outcome. Causal Effect is zero.
[2026-04-24 04:42:42,043][dowhy.causal_model][INFO] - linear_regression
[2026-04-24 04:42:42,043][dowhy.causal_estimator][INFO] - INFO: Using Linear Regression Estimator
[2026-04-24 04:42:42,043][dowhy.causal_estimator][WARNING] - No directed path from ['X5'] to ['X4'].
[2026-04-24 04:42:42,045][dowhy.causal_model][INFO] - Model to find the causal effect of treatment ['X5'] on outcome ['X6']
[2026-04-24 04:42:42,045][dowhy.causal_identifier.auto_identifier][WARNING] - No directed path from treatment to outcome. Causal Effect is zero.
[2026-04-24 04:42:42,045][dowhy.causal_model][INFO] - linear_regression
[2026-04-24 04:42:42,045][dowhy.causal_estimator][INFO] - INFO: Using Linear Regression Estimator
[2026-04-24 04:42:42,045][dowhy.causal_estimator][WARNING] - No directed path from ['X5'] to ['X6'].
[2026-04-24 04:42:42,047][dowhy.causal_model][INFO] - Model to find the causal effect of treatment ['X5'] on outcome ['X7']
[2026-04-24 04:42:42,047][dowhy.causal_identifier.auto_identifier][WARNING] - No directed path from treatment to outcome. Causal Effect is zero.
[2026-04-24 04:42:42,047][dowhy.causal_model][INFO] - linear_regression
[2026-04-24 04:42:42,047][dowhy.causal_estimator][INFO] - INFO: Using Linear Regression Estimator
[2026-04-24 04:42:42,047][dowhy.causal_estimator][WARNING] - No directed path from ['X5'] to ['X7'].
[2026-04-24 04:42:42,049][dowhy.causal_model][INFO] - Model to find the causal effect of treatment ['X5'] on outcome ['X8']
[2026-04-24 04:42:42,049][dowhy.causal_identifier.auto_identifier][WARNING] - No directed path from treatment to outcome. Causal Effect is zero.
[2026-04-24 04:42:42,050][dowhy.causal_model][INFO] - linear_regression
[2026-04-24 04:42:42,050][dowhy.causal_estimator][INFO] - INFO: Using Linear Regression Estimator
[2026-04-24 04:42:42,050][dowhy.causal_estimator][WARNING] - No directed path from ['X5'] to ['X8'].
[2026-04-24 04:42:42,051][dowhy.causal_model][INFO] - Model to find the causal effect of treatment ['X5'] on outcome ['X9']
[2026-04-24 04:42:42,051][dowhy.causal_identifier.auto_identifier][WARNING] - No directed path from treatment to outcome. Causal Effect is zero.
[2026-04-24 04:42:42,052][dowhy.causal_model][INFO] - linear_regression
[2026-04-24 04:42:42,052][dowhy.causal_estimator][INFO] - INFO: Using Linear Regression Estimator
[2026-04-24 04:42:42,052][dowhy.causal_estimator][WARNING] - No directed path from ['X5'] to ['X9'].
[2026-04-24 04:42:42,053][dowhy.causal_model][INFO] - Model to find the causal effect of treatment ['X5'] on outcome ['X10']
[2026-04-24 04:42:42,057][dowhy.causal_identifier.auto_identifier][INFO] - Causal effect can be identified.
[2026-04-24 04:42:42,059][dowhy.causal_identifier.auto_identifier][INFO] - Instrumental variables for treatment and outcome:[]
[2026-04-24 04:42:42,059][dowhy.causal_identifier.auto_identifier][INFO] - Frontdoor variables for treatment and outcome:[]
[2026-04-24 04:42:42,059][dowhy.causal_model][INFO] - linear_regression
[2026-04-24 04:42:42,059][dowhy.causal_estimator][INFO] - INFO: Using Linear Regression Estimator
[2026-04-24 04:42:42,059][dowhy.causal_estimator][INFO] - b: X10~X5+X5*X8+X5*X7+X5*X6+X5*X3+X5*X9+X5*X2+X5*X4+X5*X1+X5*X0
[2026-04-24 04:42:42,069][dowhy.causal_model][INFO] - Model to find the causal effect of treatment ['X5'] on outcome ['X11']
[2026-04-24 04:42:42,069][dowhy.causal_identifier.auto_identifier][WARNING] - No directed path from treatment to outcome. Causal Effect is zero.
[2026-04-24 04:42:42,069][dowhy.causal_model][INFO] - linear_regression
[2026-04-24 04:42:42,069][dowhy.causal_estimator][INFO] - INFO: Using Linear Regression Estimator
[2026-04-24 04:42:42,069][dowhy.causal_estimator][WARNING] - No directed path from ['X5'] to ['X11'].
[2026-04-24 04:42:42,071][dowhy.causal_model][INFO] - Model to find the causal effect of treatment ['X5'] on outcome ['X12']
[2026-04-24 04:42:42,071][dowhy.causal_identifier.auto_identifier][WARNING] - No directed path from treatment to outcome. Causal Effect is zero.
[2026-04-24 04:42:42,071][dowhy.causal_model][INFO] - linear_regression
[2026-04-24 04:42:42,071][dowhy.causal_estimator][INFO] - INFO: Using Linear Regression Estimator
[2026-04-24 04:42:42,071][dowhy.causal_estimator][WARNING] - No directed path from ['X5'] to ['X12'].
[2026-04-24 04:42:42,073][dowhy.causal_model][INFO] - Model to find the causal effect of treatment ['X5'] on outcome ['X13']
[2026-04-24 04:42:42,077][dowhy.causal_identifier.auto_identifier][INFO] - Causal effect can be identified.
[2026-04-24 04:42:42,079][dowhy.causal_identifier.auto_identifier][INFO] - Instrumental variables for treatment and outcome:[]
[2026-04-24 04:42:42,079][dowhy.causal_identifier.auto_identifier][INFO] - Frontdoor variables for treatment and outcome:[]
[2026-04-24 04:42:42,079][dowhy.causal_model][INFO] - linear_regression
[2026-04-24 04:42:42,079][dowhy.causal_estimator][INFO] - INFO: Using Linear Regression Estimator
[2026-04-24 04:42:42,079][dowhy.causal_estimator][INFO] - b: X13~X5+X5*X8+X5*X7+X5*X6+X5*X9+X5*X3+X5*X2+X5*X4+X5*X1+X5*X0
[2026-04-24 04:42:42,127][dowhy.causal_model][INFO] - Model to find the causal effect of treatment ['X6'] on outcome ['X0']
[2026-04-24 04:42:42,128][dowhy.causal_identifier.auto_identifier][WARNING] - No directed path from treatment to outcome. Causal Effect is zero.
[2026-04-24 04:42:42,128][dowhy.causal_model][INFO] - linear_regression
[2026-04-24 04:42:42,128][dowhy.causal_estimator][INFO] - INFO: Using Linear Regression Estimator
[2026-04-24 04:42:42,128][dowhy.causal_estimator][WARNING] - No directed path from ['X6'] to ['X0'].
[2026-04-24 04:42:42,130][dowhy.causal_model][INFO] - Model to find the causal effect of treatment ['X6'] on outcome ['X1']
[2026-04-24 04:42:42,130][dowhy.causal_identifier.auto_identifier][WARNING] - No directed path from treatment to outcome. Causal Effect is zero.
[2026-04-24 04:42:42,130][dowhy.causal_model][INFO] - linear_regression
[2026-04-24 04:42:42,130][dowhy.causal_estimator][INFO] - INFO: Using Linear Regression Estimator
[2026-04-24 04:42:42,130][dowhy.causal_estimator][WARNING] - No directed path from ['X6'] to ['X1'].
[2026-04-24 04:42:42,132][dowhy.causal_model][INFO] - Model to find the causal effect of treatment ['X6'] on outcome ['X2']
[2026-04-24 04:42:42,132][dowhy.causal_identifier.auto_identifier][WARNING] - No directed path from treatment to outcome. Causal Effect is zero.
[2026-04-24 04:42:42,132][dowhy.causal_model][INFO] - linear_regression
[2026-04-24 04:42:42,132][dowhy.causal_estimator][INFO] - INFO: Using Linear Regression Estimator
[2026-04-24 04:42:42,132][dowhy.causal_estimator][WARNING] - No directed path from ['X6'] to ['X2'].
[2026-04-24 04:42:42,133][dowhy.causal_model][INFO] - Model to find the causal effect of treatment ['X6'] on outcome ['X3']
[2026-04-24 04:42:42,133][dowhy.causal_identifier.auto_identifier][WARNING] - No directed path from treatment to outcome. Causal Effect is zero.
[2026-04-24 04:42:42,134][dowhy.causal_model][INFO] - linear_regression
[2026-04-24 04:42:42,134][dowhy.causal_estimator][INFO] - INFO: Using Linear Regression Estimator
[2026-04-24 04:42:42,134][dowhy.causal_estimator][WARNING] - No directed path from ['X6'] to ['X3'].
[2026-04-24 04:42:42,135][dowhy.causal_model][INFO] - Model to find the causal effect of treatment ['X6'] on outcome ['X4']
[2026-04-24 04:42:42,135][dowhy.causal_identifier.auto_identifier][WARNING] - No directed path from treatment to outcome. Causal Effect is zero.
[2026-04-24 04:42:42,135][dowhy.causal_model][INFO] - linear_regression
[2026-04-24 04:42:42,135][dowhy.causal_estimator][INFO] - INFO: Using Linear Regression Estimator
[2026-04-24 04:42:42,135][dowhy.causal_estimator][WARNING] - No directed path from ['X6'] to ['X4'].
[2026-04-24 04:42:42,137][dowhy.causal_model][INFO] - Model to find the causal effect of treatment ['X6'] on outcome ['X5']
[2026-04-24 04:42:42,137][dowhy.causal_identifier.auto_identifier][WARNING] - No directed path from treatment to outcome. Causal Effect is zero.
[2026-04-24 04:42:42,137][dowhy.causal_model][INFO] - linear_regression
[2026-04-24 04:42:42,137][dowhy.causal_estimator][INFO] - INFO: Using Linear Regression Estimator
[2026-04-24 04:42:42,137][dowhy.causal_estimator][WARNING] - No directed path from ['X6'] to ['X5'].
[2026-04-24 04:42:42,139][dowhy.causal_model][INFO] - Model to find the causal effect of treatment ['X6'] on outcome ['X7']
[2026-04-24 04:42:42,141][dowhy.causal_identifier.auto_identifier][INFO] - Causal effect can be identified.
[2026-04-24 04:42:42,141][dowhy.causal_identifier.auto_identifier][INFO] - Instrumental variables for treatment and outcome:['X0']
[2026-04-24 04:42:42,142][dowhy.causal_identifier.auto_identifier][INFO] - Frontdoor variables for treatment and outcome:[]
[2026-04-24 04:42:42,142][dowhy.causal_model][INFO] - linear_regression
[2026-04-24 04:42:42,142][dowhy.causal_estimator][INFO] - INFO: Using Linear Regression Estimator
[2026-04-24 04:42:42,142][dowhy.causal_estimator][INFO] - b: X7~X6+X1
[2026-04-24 04:42:42,150][dowhy.causal_model][INFO] - Model to find the causal effect of treatment ['X6'] on outcome ['X8']
[2026-04-24 04:42:42,152][dowhy.causal_identifier.auto_identifier][INFO] - Causal effect can be identified.
[2026-04-24 04:42:42,152][dowhy.causal_identifier.auto_identifier][INFO] - Instrumental variables for treatment and outcome:['X0']
[2026-04-24 04:42:42,153][dowhy.causal_identifier.auto_identifier][INFO] - Frontdoor variables for treatment and outcome:[]
[2026-04-24 04:42:42,154][dowhy.causal_model][INFO] - linear_regression
[2026-04-24 04:42:42,154][dowhy.causal_estimator][INFO] - INFO: Using Linear Regression Estimator
[2026-04-24 04:42:42,154][dowhy.causal_estimator][INFO] - b: X8~X6+X1+X6*X2+X6*X3
[2026-04-24 04:42:42,163][dowhy.causal_model][INFO] - Model to find the causal effect of treatment ['X6'] on outcome ['X9']
[2026-04-24 04:42:42,165][dowhy.causal_identifier.auto_identifier][INFO] - Causal effect can be identified.
[2026-04-24 04:42:42,165][dowhy.causal_identifier.auto_identifier][INFO] - Instrumental variables for treatment and outcome:['X0']
[2026-04-24 04:42:42,168][dowhy.causal_identifier.auto_identifier][INFO] - Frontdoor variables for treatment and outcome:[]
[2026-04-24 04:42:42,168][dowhy.causal_model][INFO] - linear_regression
[2026-04-24 04:42:42,168][dowhy.causal_estimator][INFO] - INFO: Using Linear Regression Estimator
[2026-04-24 04:42:42,169][dowhy.causal_estimator][INFO] - b: X9~X6+X1+X6*X2+X6*X3
[2026-04-24 04:42:42,177][dowhy.causal_model][INFO] - Model to find the causal effect of treatment ['X6'] on outcome ['X10']
[2026-04-24 04:42:42,180][dowhy.causal_identifier.auto_identifier][INFO] - Causal effect can be identified.
[2026-04-24 04:42:42,180][dowhy.causal_identifier.auto_identifier][INFO] - Instrumental variables for treatment and outcome:['X0']
[2026-04-24 04:42:42,187][dowhy.causal_identifier.auto_identifier][INFO] - Frontdoor variables for treatment and outcome:[]
[2026-04-24 04:42:42,187][dowhy.causal_model][INFO] - linear_regression
[2026-04-24 04:42:42,187][dowhy.causal_estimator][INFO] - INFO: Using Linear Regression Estimator
[2026-04-24 04:42:42,188][dowhy.causal_estimator][INFO] - b: X10~X6+X1+X6*X5+X6*X4+X6*X2+X6*X3
[2026-04-24 04:42:42,197][dowhy.causal_model][INFO] - Model to find the causal effect of treatment ['X6'] on outcome ['X11']
[2026-04-24 04:42:42,199][dowhy.causal_identifier.auto_identifier][INFO] - Causal effect can be identified.
[2026-04-24 04:42:42,199][dowhy.causal_identifier.auto_identifier][INFO] - Instrumental variables for treatment and outcome:['X1']
[2026-04-24 04:42:42,206][dowhy.causal_identifier.auto_identifier][INFO] - Frontdoor variables for treatment and outcome:[]
[2026-04-24 04:42:42,206][dowhy.causal_model][INFO] - linear_regression
[2026-04-24 04:42:42,206][dowhy.causal_estimator][INFO] - INFO: Using Linear Regression Estimator
[2026-04-24 04:42:42,206][dowhy.causal_estimator][INFO] - b: X11~X6+X0
[2026-04-24 04:42:42,214][dowhy.causal_model][INFO] - Model to find the causal effect of treatment ['X6'] on outcome ['X12']
[2026-04-24 04:42:42,216][dowhy.causal_identifier.auto_identifier][INFO] - Causal effect can be identified.
[2026-04-24 04:42:42,217][dowhy.causal_identifier.auto_identifier][INFO] - Instrumental variables for treatment and outcome:['X0']
[2026-04-24 04:42:42,228][dowhy.causal_identifier.auto_identifier][INFO] - Frontdoor variables for treatment and outcome:[]
[2026-04-24 04:42:42,228][dowhy.causal_model][INFO] - linear_regression
[2026-04-24 04:42:42,228][dowhy.causal_estimator][INFO] - INFO: Using Linear Regression Estimator
[2026-04-24 04:42:42,229][dowhy.causal_estimator][INFO] - b: X12~X6+X1+X6*X2+X6*X3
[2026-04-24 04:42:42,237][dowhy.causal_model][INFO] - Model to find the causal effect of treatment ['X6'] on outcome ['X13']
[2026-04-24 04:42:42,239][dowhy.causal_identifier.auto_identifier][INFO] - Causal effect can be identified.
[2026-04-24 04:42:42,240][dowhy.causal_identifier.auto_identifier][INFO] - Instrumental variables for treatment and outcome:['X0']
[2026-04-24 04:42:42,254][dowhy.causal_identifier.auto_identifier][INFO] - Frontdoor variables for treatment and outcome:[]
[2026-04-24 04:42:42,254][dowhy.causal_model][INFO] - linear_regression
[2026-04-24 04:42:42,254][dowhy.causal_estimator][INFO] - INFO: Using Linear Regression Estimator
[2026-04-24 04:42:42,254][dowhy.causal_estimator][INFO] - b: X13~X6+X1+X6*X5+X6*X4+X6*X2+X6*X3
[2026-04-24 04:42:42,301][dowhy.causal_model][INFO] - Model to find the causal effect of treatment ['X7'] on outcome ['X0']
[2026-04-24 04:42:42,301][dowhy.causal_identifier.auto_identifier][WARNING] - No directed path from treatment to outcome. Causal Effect is zero.
[2026-04-24 04:42:42,301][dowhy.causal_model][INFO] - linear_regression
[2026-04-24 04:42:42,301][dowhy.causal_estimator][INFO] - INFO: Using Linear Regression Estimator
[2026-04-24 04:42:42,301][dowhy.causal_estimator][WARNING] - No directed path from ['X7'] to ['X0'].
[2026-04-24 04:42:42,303][dowhy.causal_model][INFO] - Model to find the causal effect of treatment ['X7'] on outcome ['X1']
[2026-04-24 04:42:42,303][dowhy.causal_identifier.auto_identifier][WARNING] - No directed path from treatment to outcome. Causal Effect is zero.
[2026-04-24 04:42:42,303][dowhy.causal_model][INFO] - linear_regression
[2026-04-24 04:42:42,303][dowhy.causal_estimator][INFO] - INFO: Using Linear Regression Estimator
[2026-04-24 04:42:42,303][dowhy.causal_estimator][WARNING] - No directed path from ['X7'] to ['X1'].
[2026-04-24 04:42:42,305][dowhy.causal_model][INFO] - Model to find the causal effect of treatment ['X7'] on outcome ['X2']
[2026-04-24 04:42:42,306][dowhy.causal_identifier.auto_identifier][WARNING] - No directed path from treatment to outcome. Causal Effect is zero.
[2026-04-24 04:42:42,306][dowhy.causal_model][INFO] - linear_regression
[2026-04-24 04:42:42,306][dowhy.causal_estimator][INFO] - INFO: Using Linear Regression Estimator
[2026-04-24 04:42:42,306][dowhy.causal_estimator][WARNING] - No directed path from ['X7'] to ['X2'].
[2026-04-24 04:42:42,308][dowhy.causal_model][INFO] - Model to find the causal effect of treatment ['X7'] on outcome ['X3']
[2026-04-24 04:42:42,308][dowhy.causal_identifier.auto_identifier][WARNING] - No directed path from treatment to outcome. Causal Effect is zero.
[2026-04-24 04:42:42,308][dowhy.causal_model][INFO] - linear_regression
[2026-04-24 04:42:42,308][dowhy.causal_estimator][INFO] - INFO: Using Linear Regression Estimator
[2026-04-24 04:42:42,308][dowhy.causal_estimator][WARNING] - No directed path from ['X7'] to ['X3'].
[2026-04-24 04:42:42,310][dowhy.causal_model][INFO] - Model to find the causal effect of treatment ['X7'] on outcome ['X4']
[2026-04-24 04:42:42,310][dowhy.causal_identifier.auto_identifier][WARNING] - No directed path from treatment to outcome. Causal Effect is zero.
[2026-04-24 04:42:42,310][dowhy.causal_model][INFO] - linear_regression
[2026-04-24 04:42:42,310][dowhy.causal_estimator][INFO] - INFO: Using Linear Regression Estimator
[2026-04-24 04:42:42,310][dowhy.causal_estimator][WARNING] - No directed path from ['X7'] to ['X4'].
[2026-04-24 04:42:42,312][dowhy.causal_model][INFO] - Model to find the causal effect of treatment ['X7'] on outcome ['X5']
[2026-04-24 04:42:42,312][dowhy.causal_identifier.auto_identifier][WARNING] - No directed path from treatment to outcome. Causal Effect is zero.
[2026-04-24 04:42:42,312][dowhy.causal_model][INFO] - linear_regression
[2026-04-24 04:42:42,312][dowhy.causal_estimator][INFO] - INFO: Using Linear Regression Estimator
[2026-04-24 04:42:42,312][dowhy.causal_estimator][WARNING] - No directed path from ['X7'] to ['X5'].
[2026-04-24 04:42:42,314][dowhy.causal_model][INFO] - Model to find the causal effect of treatment ['X7'] on outcome ['X6']
[2026-04-24 04:42:42,314][dowhy.causal_identifier.auto_identifier][WARNING] - No directed path from treatment to outcome. Causal Effect is zero.
[2026-04-24 04:42:42,314][dowhy.causal_model][INFO] - linear_regression
[2026-04-24 04:42:42,314][dowhy.causal_estimator][INFO] - INFO: Using Linear Regression Estimator
[2026-04-24 04:42:42,314][dowhy.causal_estimator][WARNING] - No directed path from ['X7'] to ['X6'].
[2026-04-24 04:42:42,317][dowhy.causal_model][INFO] - Model to find the causal effect of treatment ['X7'] on outcome ['X8']
[2026-04-24 04:42:42,319][dowhy.causal_identifier.auto_identifier][INFO] - Causal effect can be identified.
[2026-04-24 04:42:42,320][dowhy.causal_identifier.auto_identifier][INFO] - Instrumental variables for treatment and outcome:['X1', 'X6']
[2026-04-24 04:42:42,321][dowhy.causal_identifier.auto_identifier][INFO] - Frontdoor variables for treatment and outcome:[]
[2026-04-24 04:42:42,321][dowhy.causal_model][INFO] - linear_regression
[2026-04-24 04:42:42,321][dowhy.causal_estimator][INFO] - INFO: Using Linear Regression Estimator
[2026-04-24 04:42:42,321][dowhy.causal_estimator][INFO] - b: X8~X7+X7*X2+X7*X3
[2026-04-24 04:42:42,330][dowhy.causal_model][INFO] - Model to find the causal effect of treatment ['X7'] on outcome ['X9']
[2026-04-24 04:42:42,333][dowhy.causal_identifier.auto_identifier][INFO] - Causal effect can be identified.
[2026-04-24 04:42:42,334][dowhy.causal_identifier.auto_identifier][INFO] - Instrumental variables for treatment and outcome:['X1', 'X6']
[2026-04-24 04:42:42,335][dowhy.causal_identifier.auto_identifier][INFO] - Frontdoor variables for treatment and outcome:[]
[2026-04-24 04:42:42,335][dowhy.causal_model][INFO] - linear_regression
[2026-04-24 04:42:42,335][dowhy.causal_estimator][INFO] - INFO: Using Linear Regression Estimator
[2026-04-24 04:42:42,335][dowhy.causal_estimator][INFO] - b: X9~X7+X7*X2+X7*X3
[2026-04-24 04:42:42,344][dowhy.causal_model][INFO] - Model to find the causal effect of treatment ['X7'] on outcome ['X10']
[2026-04-24 04:42:42,347][dowhy.causal_identifier.auto_identifier][INFO] - Causal effect can be identified.
[2026-04-24 04:42:42,348][dowhy.causal_identifier.auto_identifier][INFO] - Instrumental variables for treatment and outcome:['X1', 'X6']
[2026-04-24 04:42:42,350][dowhy.causal_identifier.auto_identifier][INFO] - Frontdoor variables for treatment and outcome:['X8', 'X12', 'X9']
[2026-04-24 04:42:42,353][dowhy.causal_identifier.auto_identifier][INFO] - Causal effect can be identified.
[2026-04-24 04:42:42,357][dowhy.causal_identifier.auto_identifier][INFO] - Causal effect can be identified.
[2026-04-24 04:42:42,358][dowhy.causal_model][INFO] - linear_regression
[2026-04-24 04:42:42,358][dowhy.causal_estimator][INFO] - INFO: Using Linear Regression Estimator
[2026-04-24 04:42:42,358][dowhy.causal_estimator][INFO] - b: X10~X7+X7*X5+X7*X4+X7*X2+X7*X3
[2026-04-24 04:42:42,366][dowhy.causal_model][INFO] - Model to find the causal effect of treatment ['X7'] on outcome ['X11']
[2026-04-24 04:42:42,366][dowhy.causal_identifier.auto_identifier][WARNING] - No directed path from treatment to outcome. Causal Effect is zero.
[2026-04-24 04:42:42,366][dowhy.causal_model][INFO] - linear_regression
[2026-04-24 04:42:42,367][dowhy.causal_estimator][INFO] - INFO: Using Linear Regression Estimator
[2026-04-24 04:42:42,367][dowhy.causal_estimator][WARNING] - No directed path from ['X7'] to ['X11'].
[2026-04-24 04:42:42,368][dowhy.causal_model][INFO] - Model to find the causal effect of treatment ['X7'] on outcome ['X12']
[2026-04-24 04:42:42,371][dowhy.causal_identifier.auto_identifier][INFO] - Causal effect can be identified.
[2026-04-24 04:42:42,372][dowhy.causal_identifier.auto_identifier][INFO] - Instrumental variables for treatment and outcome:['X1', 'X6']
[2026-04-24 04:42:42,374][dowhy.causal_identifier.auto_identifier][INFO] - Frontdoor variables for treatment and outcome:[]
[2026-04-24 04:42:42,374][dowhy.causal_model][INFO] - linear_regression
[2026-04-24 04:42:42,374][dowhy.causal_estimator][INFO] - INFO: Using Linear Regression Estimator
[2026-04-24 04:42:42,374][dowhy.causal_estimator][INFO] - b: X12~X7+X7*X2+X7*X3
[2026-04-24 04:42:42,382][dowhy.causal_model][INFO] - Model to find the causal effect of treatment ['X7'] on outcome ['X13']
[2026-04-24 04:42:42,385][dowhy.causal_identifier.auto_identifier][INFO] - Causal effect can be identified.
[2026-04-24 04:42:42,386][dowhy.causal_identifier.auto_identifier][INFO] - Instrumental variables for treatment and outcome:['X1', 'X6']
[2026-04-24 04:42:42,388][dowhy.causal_identifier.auto_identifier][INFO] - Frontdoor variables for treatment and outcome:['X8', 'X12', 'X9']
[2026-04-24 04:42:42,391][dowhy.causal_identifier.auto_identifier][INFO] - Causal effect can be identified.
[2026-04-24 04:42:42,395][dowhy.causal_identifier.auto_identifier][INFO] - Causal effect can be identified.
[2026-04-24 04:42:42,396][dowhy.causal_model][INFO] - linear_regression
[2026-04-24 04:42:42,396][dowhy.causal_estimator][INFO] - INFO: Using Linear Regression Estimator
[2026-04-24 04:42:42,396][dowhy.causal_estimator][INFO] - b: X13~X7+X7*X5+X7*X4+X7*X2+X7*X3
[2026-04-24 04:42:42,440][dowhy.causal_model][INFO] - Model to find the causal effect of treatment ['X8'] on outcome ['X0']
[2026-04-24 04:42:42,440][dowhy.causal_identifier.auto_identifier][WARNING] - No directed path from treatment to outcome. Causal Effect is zero.
[2026-04-24 04:42:42,440][dowhy.causal_model][INFO] - linear_regression
[2026-04-24 04:42:42,440][dowhy.causal_estimator][INFO] - INFO: Using Linear Regression Estimator
[2026-04-24 04:42:42,440][dowhy.causal_estimator][WARNING] - No directed path from ['X8'] to ['X0'].
[2026-04-24 04:42:42,442][dowhy.causal_model][INFO] - Model to find the causal effect of treatment ['X8'] on outcome ['X1']
[2026-04-24 04:42:42,442][dowhy.causal_identifier.auto_identifier][WARNING] - No directed path from treatment to outcome. Causal Effect is zero.
[2026-04-24 04:42:42,442][dowhy.causal_model][INFO] - linear_regression
[2026-04-24 04:42:42,442][dowhy.causal_estimator][INFO] - INFO: Using Linear Regression Estimator
[2026-04-24 04:42:42,442][dowhy.causal_estimator][WARNING] - No directed path from ['X8'] to ['X1'].
[2026-04-24 04:42:42,444][dowhy.causal_model][INFO] - Model to find the causal effect of treatment ['X8'] on outcome ['X2']
[2026-04-24 04:42:42,444][dowhy.causal_identifier.auto_identifier][WARNING] - No directed path from treatment to outcome. Causal Effect is zero.
[2026-04-24 04:42:42,444][dowhy.causal_model][INFO] - linear_regression
[2026-04-24 04:42:42,444][dowhy.causal_estimator][INFO] - INFO: Using Linear Regression Estimator
[2026-04-24 04:42:42,444][dowhy.causal_estimator][WARNING] - No directed path from ['X8'] to ['X2'].
[2026-04-24 04:42:42,446][dowhy.causal_model][INFO] - Model to find the causal effect of treatment ['X8'] on outcome ['X3']
[2026-04-24 04:42:42,446][dowhy.causal_identifier.auto_identifier][WARNING] - No directed path from treatment to outcome. Causal Effect is zero.
[2026-04-24 04:42:42,446][dowhy.causal_model][INFO] - linear_regression
[2026-04-24 04:42:42,446][dowhy.causal_estimator][INFO] - INFO: Using Linear Regression Estimator
[2026-04-24 04:42:42,446][dowhy.causal_estimator][WARNING] - No directed path from ['X8'] to ['X3'].
[2026-04-24 04:42:42,448][dowhy.causal_model][INFO] - Model to find the causal effect of treatment ['X8'] on outcome ['X4']
[2026-04-24 04:42:42,448][dowhy.causal_identifier.auto_identifier][WARNING] - No directed path from treatment to outcome. Causal Effect is zero.
[2026-04-24 04:42:42,448][dowhy.causal_model][INFO] - linear_regression
[2026-04-24 04:42:42,448][dowhy.causal_estimator][INFO] - INFO: Using Linear Regression Estimator
[2026-04-24 04:42:42,448][dowhy.causal_estimator][WARNING] - No directed path from ['X8'] to ['X4'].
[2026-04-24 04:42:42,450][dowhy.causal_model][INFO] - Model to find the causal effect of treatment ['X8'] on outcome ['X5']
[2026-04-24 04:42:42,450][dowhy.causal_identifier.auto_identifier][WARNING] - No directed path from treatment to outcome. Causal Effect is zero.
[2026-04-24 04:42:42,450][dowhy.causal_model][INFO] - linear_regression
[2026-04-24 04:42:42,450][dowhy.causal_estimator][INFO] - INFO: Using Linear Regression Estimator
[2026-04-24 04:42:42,450][dowhy.causal_estimator][WARNING] - No directed path from ['X8'] to ['X5'].
[2026-04-24 04:42:42,451][dowhy.causal_model][INFO] - Model to find the causal effect of treatment ['X8'] on outcome ['X6']
[2026-04-24 04:42:42,452][dowhy.causal_identifier.auto_identifier][WARNING] - No directed path from treatment to outcome. Causal Effect is zero.
[2026-04-24 04:42:42,452][dowhy.causal_model][INFO] - linear_regression
[2026-04-24 04:42:42,452][dowhy.causal_estimator][INFO] - INFO: Using Linear Regression Estimator
[2026-04-24 04:42:42,452][dowhy.causal_estimator][WARNING] - No directed path from ['X8'] to ['X6'].
[2026-04-24 04:42:42,453][dowhy.causal_model][INFO] - Model to find the causal effect of treatment ['X8'] on outcome ['X7']
[2026-04-24 04:42:42,454][dowhy.causal_identifier.auto_identifier][WARNING] - No directed path from treatment to outcome. Causal Effect is zero.
[2026-04-24 04:42:42,454][dowhy.causal_model][INFO] - linear_regression
[2026-04-24 04:42:42,454][dowhy.causal_estimator][INFO] - INFO: Using Linear Regression Estimator
[2026-04-24 04:42:42,454][dowhy.causal_estimator][WARNING] - No directed path from ['X8'] to ['X7'].
[2026-04-24 04:42:42,456][dowhy.causal_model][INFO] - Model to find the causal effect of treatment ['X8'] on outcome ['X9']
[2026-04-24 04:42:42,458][dowhy.causal_identifier.auto_identifier][INFO] - Causal effect can be identified.
[2026-04-24 04:42:42,459][dowhy.causal_identifier.auto_identifier][INFO] - Instrumental variables for treatment and outcome:['X7', 'X2']
[2026-04-24 04:42:42,459][dowhy.causal_identifier.auto_identifier][INFO] - Frontdoor variables for treatment and outcome:[]
[2026-04-24 04:42:42,459][dowhy.causal_model][INFO] - linear_regression
[2026-04-24 04:42:42,459][dowhy.causal_estimator][INFO] - INFO: Using Linear Regression Estimator
[2026-04-24 04:42:42,460][dowhy.causal_estimator][INFO] - b: X9~X8+X3
[2026-04-24 04:42:42,468][dowhy.causal_model][INFO] - Model to find the causal effect of treatment ['X8'] on outcome ['X10']
[2026-04-24 04:42:42,471][dowhy.causal_identifier.auto_identifier][INFO] - Causal effect can be identified.
[2026-04-24 04:42:42,472][dowhy.causal_identifier.auto_identifier][INFO] - Instrumental variables for treatment and outcome:['X7', 'X2']
[2026-04-24 04:42:42,473][dowhy.causal_identifier.auto_identifier][INFO] - Frontdoor variables for treatment and outcome:[]
[2026-04-24 04:42:42,473][dowhy.causal_model][INFO] - linear_regression
[2026-04-24 04:42:42,473][dowhy.causal_estimator][INFO] - INFO: Using Linear Regression Estimator
[2026-04-24 04:42:42,473][dowhy.causal_estimator][INFO] - b: X10~X8+X3+X8*X5+X8*X4
[2026-04-24 04:42:42,483][dowhy.causal_model][INFO] - Model to find the causal effect of treatment ['X8'] on outcome ['X11']
[2026-04-24 04:42:42,483][dowhy.causal_identifier.auto_identifier][WARNING] - No directed path from treatment to outcome. Causal Effect is zero.
[2026-04-24 04:42:42,483][dowhy.causal_model][INFO] - linear_regression
[2026-04-24 04:42:42,483][dowhy.causal_estimator][INFO] - INFO: Using Linear Regression Estimator
[2026-04-24 04:42:42,483][dowhy.causal_estimator][WARNING] - No directed path from ['X8'] to ['X11'].
[2026-04-24 04:42:42,485][dowhy.causal_model][INFO] - Model to find the causal effect of treatment ['X8'] on outcome ['X12']
[2026-04-24 04:42:42,489][dowhy.causal_identifier.auto_identifier][INFO] - Causal effect can be identified.
[2026-04-24 04:42:42,489][dowhy.causal_identifier.auto_identifier][INFO] - Instrumental variables for treatment and outcome:['X7', 'X2']
[2026-04-24 04:42:42,490][dowhy.causal_identifier.auto_identifier][INFO] - Frontdoor variables for treatment and outcome:[]
[2026-04-24 04:42:42,490][dowhy.causal_model][INFO] - linear_regression
[2026-04-24 04:42:42,490][dowhy.causal_estimator][INFO] - INFO: Using Linear Regression Estimator
[2026-04-24 04:42:42,491][dowhy.causal_estimator][INFO] - b: X12~X8+X3
[2026-04-24 04:42:42,499][dowhy.causal_model][INFO] - Model to find the causal effect of treatment ['X8'] on outcome ['X13']
[2026-04-24 04:42:42,503][dowhy.causal_identifier.auto_identifier][INFO] - Causal effect can be identified.
[2026-04-24 04:42:42,503][dowhy.causal_identifier.auto_identifier][INFO] - Instrumental variables for treatment and outcome:['X7', 'X2']
[2026-04-24 04:42:42,505][dowhy.causal_identifier.auto_identifier][INFO] - Frontdoor variables for treatment and outcome:[]
[2026-04-24 04:42:42,505][dowhy.causal_model][INFO] - linear_regression
[2026-04-24 04:42:42,505][dowhy.causal_estimator][INFO] - INFO: Using Linear Regression Estimator
[2026-04-24 04:42:42,505][dowhy.causal_estimator][INFO] - b: X13~X8+X3+X8*X5+X8*X4
[2026-04-24 04:42:42,556][dowhy.causal_model][INFO] - Model to find the causal effect of treatment ['X9'] on outcome ['X0']
[2026-04-24 04:42:42,556][dowhy.causal_identifier.auto_identifier][WARNING] - No directed path from treatment to outcome. Causal Effect is zero.
[2026-04-24 04:42:42,556][dowhy.causal_model][INFO] - linear_regression
[2026-04-24 04:42:42,556][dowhy.causal_estimator][INFO] - INFO: Using Linear Regression Estimator
[2026-04-24 04:42:42,556][dowhy.causal_estimator][WARNING] - No directed path from ['X9'] to ['X0'].
[2026-04-24 04:42:42,558][dowhy.causal_model][INFO] - Model to find the causal effect of treatment ['X9'] on outcome ['X1']
[2026-04-24 04:42:42,558][dowhy.causal_identifier.auto_identifier][WARNING] - No directed path from treatment to outcome. Causal Effect is zero.
[2026-04-24 04:42:42,558][dowhy.causal_model][INFO] - linear_regression
[2026-04-24 04:42:42,558][dowhy.causal_estimator][INFO] - INFO: Using Linear Regression Estimator
[2026-04-24 04:42:42,558][dowhy.causal_estimator][WARNING] - No directed path from ['X9'] to ['X1'].
[2026-04-24 04:42:42,560][dowhy.causal_model][INFO] - Model to find the causal effect of treatment ['X9'] on outcome ['X2']
[2026-04-24 04:42:42,560][dowhy.causal_identifier.auto_identifier][WARNING] - No directed path from treatment to outcome. Causal Effect is zero.
[2026-04-24 04:42:42,560][dowhy.causal_model][INFO] - linear_regression
[2026-04-24 04:42:42,560][dowhy.causal_estimator][INFO] - INFO: Using Linear Regression Estimator
[2026-04-24 04:42:42,560][dowhy.causal_estimator][WARNING] - No directed path from ['X9'] to ['X2'].
[2026-04-24 04:42:42,562][dowhy.causal_model][INFO] - Model to find the causal effect of treatment ['X9'] on outcome ['X3']
[2026-04-24 04:42:42,562][dowhy.causal_identifier.auto_identifier][WARNING] - No directed path from treatment to outcome. Causal Effect is zero.
[2026-04-24 04:42:42,562][dowhy.causal_model][INFO] - linear_regression
[2026-04-24 04:42:42,562][dowhy.causal_estimator][INFO] - INFO: Using Linear Regression Estimator
[2026-04-24 04:42:42,562][dowhy.causal_estimator][WARNING] - No directed path from ['X9'] to ['X3'].
[2026-04-24 04:42:42,564][dowhy.causal_model][INFO] - Model to find the causal effect of treatment ['X9'] on outcome ['X4']
[2026-04-24 04:42:42,564][dowhy.causal_identifier.auto_identifier][WARNING] - No directed path from treatment to outcome. Causal Effect is zero.
[2026-04-24 04:42:42,564][dowhy.causal_model][INFO] - linear_regression
[2026-04-24 04:42:42,564][dowhy.causal_estimator][INFO] - INFO: Using Linear Regression Estimator
[2026-04-24 04:42:42,564][dowhy.causal_estimator][WARNING] - No directed path from ['X9'] to ['X4'].
[2026-04-24 04:42:42,566][dowhy.causal_model][INFO] - Model to find the causal effect of treatment ['X9'] on outcome ['X5']
[2026-04-24 04:42:42,566][dowhy.causal_identifier.auto_identifier][WARNING] - No directed path from treatment to outcome. Causal Effect is zero.
[2026-04-24 04:42:42,566][dowhy.causal_model][INFO] - linear_regression
[2026-04-24 04:42:42,566][dowhy.causal_estimator][INFO] - INFO: Using Linear Regression Estimator
[2026-04-24 04:42:42,566][dowhy.causal_estimator][WARNING] - No directed path from ['X9'] to ['X5'].
[2026-04-24 04:42:42,568][dowhy.causal_model][INFO] - Model to find the causal effect of treatment ['X9'] on outcome ['X6']
[2026-04-24 04:42:42,568][dowhy.causal_identifier.auto_identifier][WARNING] - No directed path from treatment to outcome. Causal Effect is zero.
[2026-04-24 04:42:42,568][dowhy.causal_model][INFO] - linear_regression
[2026-04-24 04:42:42,568][dowhy.causal_estimator][INFO] - INFO: Using Linear Regression Estimator
[2026-04-24 04:42:42,568][dowhy.causal_estimator][WARNING] - No directed path from ['X9'] to ['X6'].
[2026-04-24 04:42:42,570][dowhy.causal_model][INFO] - Model to find the causal effect of treatment ['X9'] on outcome ['X7']
[2026-04-24 04:42:42,570][dowhy.causal_identifier.auto_identifier][WARNING] - No directed path from treatment to outcome. Causal Effect is zero.
[2026-04-24 04:42:42,570][dowhy.causal_model][INFO] - linear_regression
[2026-04-24 04:42:42,570][dowhy.causal_estimator][INFO] - INFO: Using Linear Regression Estimator
[2026-04-24 04:42:42,570][dowhy.causal_estimator][WARNING] - No directed path from ['X9'] to ['X7'].
[2026-04-24 04:42:42,572][dowhy.causal_model][INFO] - Model to find the causal effect of treatment ['X9'] on outcome ['X8']
[2026-04-24 04:42:42,572][dowhy.causal_identifier.auto_identifier][WARNING] - No directed path from treatment to outcome. Causal Effect is zero.
[2026-04-24 04:42:42,572][dowhy.causal_model][INFO] - linear_regression
[2026-04-24 04:42:42,572][dowhy.causal_estimator][INFO] - INFO: Using Linear Regression Estimator
[2026-04-24 04:42:42,572][dowhy.causal_estimator][WARNING] - No directed path from ['X9'] to ['X8'].
[2026-04-24 04:42:42,574][dowhy.causal_model][INFO] - Model to find the causal effect of treatment ['X9'] on outcome ['X10']
[2026-04-24 04:42:42,578][dowhy.causal_identifier.auto_identifier][INFO] - Causal effect can be identified.
[2026-04-24 04:42:42,579][dowhy.causal_identifier.auto_identifier][INFO] - Instrumental variables for treatment and outcome:['X8', 'X3']
[2026-04-24 04:42:42,579][dowhy.causal_identifier.auto_identifier][INFO] - Frontdoor variables for treatment and outcome:[]
[2026-04-24 04:42:42,579][dowhy.causal_model][INFO] - linear_regression
[2026-04-24 04:42:42,579][dowhy.causal_estimator][INFO] - INFO: Using Linear Regression Estimator
[2026-04-24 04:42:42,580][dowhy.causal_estimator][INFO] - b: X10~X9+X9*X5+X9*X4
[2026-04-24 04:42:42,588][dowhy.causal_model][INFO] - Model to find the causal effect of treatment ['X9'] on outcome ['X11']
[2026-04-24 04:42:42,588][dowhy.causal_identifier.auto_identifier][WARNING] - No directed path from treatment to outcome. Causal Effect is zero.
[2026-04-24 04:42:42,588][dowhy.causal_model][INFO] - linear_regression
[2026-04-24 04:42:42,588][dowhy.causal_estimator][INFO] - INFO: Using Linear Regression Estimator
[2026-04-24 04:42:42,588][dowhy.causal_estimator][WARNING] - No directed path from ['X9'] to ['X11'].
[2026-04-24 04:42:42,590][dowhy.causal_model][INFO] - Model to find the causal effect of treatment ['X9'] on outcome ['X12']
[2026-04-24 04:42:42,590][dowhy.causal_identifier.auto_identifier][WARNING] - No directed path from treatment to outcome. Causal Effect is zero.
[2026-04-24 04:42:42,590][dowhy.causal_model][INFO] - linear_regression
[2026-04-24 04:42:42,590][dowhy.causal_estimator][INFO] - INFO: Using Linear Regression Estimator
[2026-04-24 04:42:42,590][dowhy.causal_estimator][WARNING] - No directed path from ['X9'] to ['X12'].
[2026-04-24 04:42:42,592][dowhy.causal_model][INFO] - Model to find the causal effect of treatment ['X9'] on outcome ['X13']
[2026-04-24 04:42:42,595][dowhy.causal_identifier.auto_identifier][INFO] - Causal effect can be identified.
[2026-04-24 04:42:42,597][dowhy.causal_identifier.auto_identifier][INFO] - Instrumental variables for treatment and outcome:['X8', 'X3']
[2026-04-24 04:42:42,597][dowhy.causal_identifier.auto_identifier][INFO] - Frontdoor variables for treatment and outcome:[]
[2026-04-24 04:42:42,597][dowhy.causal_model][INFO] - linear_regression
[2026-04-24 04:42:42,597][dowhy.causal_estimator][INFO] - INFO: Using Linear Regression Estimator
[2026-04-24 04:42:42,597][dowhy.causal_estimator][INFO] - b: X13~X9+X9*X5+X9*X4
[2026-04-24 04:42:42,638][dowhy.causal_model][INFO] - Model to find the causal effect of treatment ['X10'] on outcome ['X0']
[2026-04-24 04:42:42,638][dowhy.causal_identifier.auto_identifier][WARNING] - No directed path from treatment to outcome. Causal Effect is zero.
[2026-04-24 04:42:42,639][dowhy.causal_model][INFO] - linear_regression
[2026-04-24 04:42:42,639][dowhy.causal_estimator][INFO] - INFO: Using Linear Regression Estimator
[2026-04-24 04:42:42,639][dowhy.causal_estimator][WARNING] - No directed path from ['X10'] to ['X0'].
[2026-04-24 04:42:42,640][dowhy.causal_model][INFO] - Model to find the causal effect of treatment ['X10'] on outcome ['X1']
[2026-04-24 04:42:42,640][dowhy.causal_identifier.auto_identifier][WARNING] - No directed path from treatment to outcome. Causal Effect is zero.
[2026-04-24 04:42:42,640][dowhy.causal_model][INFO] - linear_regression
[2026-04-24 04:42:42,640][dowhy.causal_estimator][INFO] - INFO: Using Linear Regression Estimator
[2026-04-24 04:42:42,641][dowhy.causal_estimator][WARNING] - No directed path from ['X10'] to ['X1'].
[2026-04-24 04:42:42,642][dowhy.causal_model][INFO] - Model to find the causal effect of treatment ['X10'] on outcome ['X2']
[2026-04-24 04:42:42,642][dowhy.causal_identifier.auto_identifier][WARNING] - No directed path from treatment to outcome. Causal Effect is zero.
[2026-04-24 04:42:42,642][dowhy.causal_model][INFO] - linear_regression
[2026-04-24 04:42:42,642][dowhy.causal_estimator][INFO] - INFO: Using Linear Regression Estimator
[2026-04-24 04:42:42,642][dowhy.causal_estimator][WARNING] - No directed path from ['X10'] to ['X2'].
[2026-04-24 04:42:42,644][dowhy.causal_model][INFO] - Model to find the causal effect of treatment ['X10'] on outcome ['X3']
[2026-04-24 04:42:42,644][dowhy.causal_identifier.auto_identifier][WARNING] - No directed path from treatment to outcome. Causal Effect is zero.
[2026-04-24 04:42:42,644][dowhy.causal_model][INFO] - linear_regression
[2026-04-24 04:42:42,644][dowhy.causal_estimator][INFO] - INFO: Using Linear Regression Estimator
[2026-04-24 04:42:42,644][dowhy.causal_estimator][WARNING] - No directed path from ['X10'] to ['X3'].
[2026-04-24 04:42:42,646][dowhy.causal_model][INFO] - Model to find the causal effect of treatment ['X10'] on outcome ['X4']
[2026-04-24 04:42:42,646][dowhy.causal_identifier.auto_identifier][WARNING] - No directed path from treatment to outcome. Causal Effect is zero.
[2026-04-24 04:42:42,646][dowhy.causal_model][INFO] - linear_regression
[2026-04-24 04:42:42,646][dowhy.causal_estimator][INFO] - INFO: Using Linear Regression Estimator
[2026-04-24 04:42:42,646][dowhy.causal_estimator][WARNING] - No directed path from ['X10'] to ['X4'].
[2026-04-24 04:42:42,648][dowhy.causal_model][INFO] - Model to find the causal effect of treatment ['X10'] on outcome ['X5']
[2026-04-24 04:42:42,648][dowhy.causal_identifier.auto_identifier][WARNING] - No directed path from treatment to outcome. Causal Effect is zero.
[2026-04-24 04:42:42,648][dowhy.causal_model][INFO] - linear_regression
[2026-04-24 04:42:42,648][dowhy.causal_estimator][INFO] - INFO: Using Linear Regression Estimator
[2026-04-24 04:42:42,648][dowhy.causal_estimator][WARNING] - No directed path from ['X10'] to ['X5'].
[2026-04-24 04:42:42,649][dowhy.causal_model][INFO] - Model to find the causal effect of treatment ['X10'] on outcome ['X6']
[2026-04-24 04:42:42,650][dowhy.causal_identifier.auto_identifier][WARNING] - No directed path from treatment to outcome. Causal Effect is zero.
[2026-04-24 04:42:42,650][dowhy.causal_model][INFO] - linear_regression
[2026-04-24 04:42:42,650][dowhy.causal_estimator][INFO] - INFO: Using Linear Regression Estimator
[2026-04-24 04:42:42,650][dowhy.causal_estimator][WARNING] - No directed path from ['X10'] to ['X6'].
[2026-04-24 04:42:42,651][dowhy.causal_model][INFO] - Model to find the causal effect of treatment ['X10'] on outcome ['X7']
[2026-04-24 04:42:42,651][dowhy.causal_identifier.auto_identifier][WARNING] - No directed path from treatment to outcome. Causal Effect is zero.
[2026-04-24 04:42:42,652][dowhy.causal_model][INFO] - linear_regression
[2026-04-24 04:42:42,652][dowhy.causal_estimator][INFO] - INFO: Using Linear Regression Estimator
[2026-04-24 04:42:42,652][dowhy.causal_estimator][WARNING] - No directed path from ['X10'] to ['X7'].
[2026-04-24 04:42:42,653][dowhy.causal_model][INFO] - Model to find the causal effect of treatment ['X10'] on outcome ['X8']
[2026-04-24 04:42:42,653][dowhy.causal_identifier.auto_identifier][WARNING] - No directed path from treatment to outcome. Causal Effect is zero.
[2026-04-24 04:42:42,653][dowhy.causal_model][INFO] - linear_regression
[2026-04-24 04:42:42,653][dowhy.causal_estimator][INFO] - INFO: Using Linear Regression Estimator
[2026-04-24 04:42:42,653][dowhy.causal_estimator][WARNING] - No directed path from ['X10'] to ['X8'].
[2026-04-24 04:42:42,655][dowhy.causal_model][INFO] - Model to find the causal effect of treatment ['X10'] on outcome ['X9']
[2026-04-24 04:42:42,655][dowhy.causal_identifier.auto_identifier][WARNING] - No directed path from treatment to outcome. Causal Effect is zero.
[2026-04-24 04:42:42,655][dowhy.causal_model][INFO] - linear_regression
[2026-04-24 04:42:42,655][dowhy.causal_estimator][INFO] - INFO: Using Linear Regression Estimator
[2026-04-24 04:42:42,655][dowhy.causal_estimator][WARNING] - No directed path from ['X10'] to ['X9'].
[2026-04-24 04:42:42,657][dowhy.causal_model][INFO] - Model to find the causal effect of treatment ['X10'] on outcome ['X11']
[2026-04-24 04:42:42,657][dowhy.causal_identifier.auto_identifier][WARNING] - No directed path from treatment to outcome. Causal Effect is zero.
[2026-04-24 04:42:42,657][dowhy.causal_model][INFO] - linear_regression
[2026-04-24 04:42:42,657][dowhy.causal_estimator][INFO] - INFO: Using Linear Regression Estimator
[2026-04-24 04:42:42,657][dowhy.causal_estimator][WARNING] - No directed path from ['X10'] to ['X11'].
[2026-04-24 04:42:42,659][dowhy.causal_model][INFO] - Model to find the causal effect of treatment ['X10'] on outcome ['X12']
[2026-04-24 04:42:42,659][dowhy.causal_identifier.auto_identifier][WARNING] - No directed path from treatment to outcome. Causal Effect is zero.
[2026-04-24 04:42:42,659][dowhy.causal_model][INFO] - linear_regression
[2026-04-24 04:42:42,659][dowhy.causal_estimator][INFO] - INFO: Using Linear Regression Estimator
[2026-04-24 04:42:42,659][dowhy.causal_estimator][WARNING] - No directed path from ['X10'] to ['X12'].
[2026-04-24 04:42:42,661][dowhy.causal_model][INFO] - Model to find the causal effect of treatment ['X10'] on outcome ['X13']
[2026-04-24 04:42:42,665][dowhy.causal_identifier.auto_identifier][INFO] - Causal effect can be identified.
[2026-04-24 04:42:42,665][dowhy.causal_identifier.auto_identifier][INFO] - Instrumental variables for treatment and outcome:['X4', 'X9']
[2026-04-24 04:42:42,666][dowhy.causal_identifier.auto_identifier][INFO] - Frontdoor variables for treatment and outcome:[]
[2026-04-24 04:42:42,666][dowhy.causal_model][INFO] - linear_regression
[2026-04-24 04:42:42,666][dowhy.causal_estimator][INFO] - INFO: Using Linear Regression Estimator
[2026-04-24 04:42:42,666][dowhy.causal_estimator][INFO] - b: X13~X10+X5
[2026-04-24 04:42:42,712][dowhy.causal_model][INFO] - Model to find the causal effect of treatment ['X11'] on outcome ['X0']
[2026-04-24 04:42:42,712][dowhy.causal_identifier.auto_identifier][WARNING] - No directed path from treatment to outcome. Causal Effect is zero.
[2026-04-24 04:42:42,712][dowhy.causal_model][INFO] - linear_regression
[2026-04-24 04:42:42,712][dowhy.causal_estimator][INFO] - INFO: Using Linear Regression Estimator
[2026-04-24 04:42:42,712][dowhy.causal_estimator][WARNING] - No directed path from ['X11'] to ['X0'].
[2026-04-24 04:42:42,714][dowhy.causal_model][INFO] - Model to find the causal effect of treatment ['X11'] on outcome ['X1']
[2026-04-24 04:42:42,714][dowhy.causal_identifier.auto_identifier][WARNING] - No directed path from treatment to outcome. Causal Effect is zero.
[2026-04-24 04:42:42,714][dowhy.causal_model][INFO] - linear_regression
[2026-04-24 04:42:42,714][dowhy.causal_estimator][INFO] - INFO: Using Linear Regression Estimator
[2026-04-24 04:42:42,714][dowhy.causal_estimator][WARNING] - No directed path from ['X11'] to ['X1'].
[2026-04-24 04:42:42,716][dowhy.causal_model][INFO] - Model to find the causal effect of treatment ['X11'] on outcome ['X2']
[2026-04-24 04:42:42,716][dowhy.causal_identifier.auto_identifier][WARNING] - No directed path from treatment to outcome. Causal Effect is zero.
[2026-04-24 04:42:42,716][dowhy.causal_model][INFO] - linear_regression
[2026-04-24 04:42:42,716][dowhy.causal_estimator][INFO] - INFO: Using Linear Regression Estimator
[2026-04-24 04:42:42,716][dowhy.causal_estimator][WARNING] - No directed path from ['X11'] to ['X2'].
[2026-04-24 04:42:42,718][dowhy.causal_model][INFO] - Model to find the causal effect of treatment ['X11'] on outcome ['X3']
[2026-04-24 04:42:42,718][dowhy.causal_identifier.auto_identifier][WARNING] - No directed path from treatment to outcome. Causal Effect is zero.
[2026-04-24 04:42:42,718][dowhy.causal_model][INFO] - linear_regression
[2026-04-24 04:42:42,718][dowhy.causal_estimator][INFO] - INFO: Using Linear Regression Estimator
[2026-04-24 04:42:42,718][dowhy.causal_estimator][WARNING] - No directed path from ['X11'] to ['X3'].
[2026-04-24 04:42:42,721][dowhy.causal_model][INFO] - Model to find the causal effect of treatment ['X11'] on outcome ['X4']
[2026-04-24 04:42:42,721][dowhy.causal_identifier.auto_identifier][WARNING] - No directed path from treatment to outcome. Causal Effect is zero.
[2026-04-24 04:42:42,721][dowhy.causal_model][INFO] - linear_regression
[2026-04-24 04:42:42,721][dowhy.causal_estimator][INFO] - INFO: Using Linear Regression Estimator
[2026-04-24 04:42:42,721][dowhy.causal_estimator][WARNING] - No directed path from ['X11'] to ['X4'].
[2026-04-24 04:42:42,723][dowhy.causal_model][INFO] - Model to find the causal effect of treatment ['X11'] on outcome ['X5']
[2026-04-24 04:42:42,723][dowhy.causal_identifier.auto_identifier][WARNING] - No directed path from treatment to outcome. Causal Effect is zero.
[2026-04-24 04:42:42,723][dowhy.causal_model][INFO] - linear_regression
[2026-04-24 04:42:42,723][dowhy.causal_estimator][INFO] - INFO: Using Linear Regression Estimator
[2026-04-24 04:42:42,723][dowhy.causal_estimator][WARNING] - No directed path from ['X11'] to ['X5'].
[2026-04-24 04:42:42,725][dowhy.causal_model][INFO] - Model to find the causal effect of treatment ['X11'] on outcome ['X6']
[2026-04-24 04:42:42,725][dowhy.causal_identifier.auto_identifier][WARNING] - No directed path from treatment to outcome. Causal Effect is zero.
[2026-04-24 04:42:42,725][dowhy.causal_model][INFO] - linear_regression
[2026-04-24 04:42:42,725][dowhy.causal_estimator][INFO] - INFO: Using Linear Regression Estimator
[2026-04-24 04:42:42,725][dowhy.causal_estimator][WARNING] - No directed path from ['X11'] to ['X6'].
[2026-04-24 04:42:42,727][dowhy.causal_model][INFO] - Model to find the causal effect of treatment ['X11'] on outcome ['X7']
[2026-04-24 04:42:42,727][dowhy.causal_identifier.auto_identifier][WARNING] - No directed path from treatment to outcome. Causal Effect is zero.
[2026-04-24 04:42:42,727][dowhy.causal_model][INFO] - linear_regression
[2026-04-24 04:42:42,727][dowhy.causal_estimator][INFO] - INFO: Using Linear Regression Estimator
[2026-04-24 04:42:42,727][dowhy.causal_estimator][WARNING] - No directed path from ['X11'] to ['X7'].
[2026-04-24 04:42:42,729][dowhy.causal_model][INFO] - Model to find the causal effect of treatment ['X11'] on outcome ['X8']
[2026-04-24 04:42:42,729][dowhy.causal_identifier.auto_identifier][WARNING] - No directed path from treatment to outcome. Causal Effect is zero.
[2026-04-24 04:42:42,729][dowhy.causal_model][INFO] - linear_regression
[2026-04-24 04:42:42,729][dowhy.causal_estimator][INFO] - INFO: Using Linear Regression Estimator
[2026-04-24 04:42:42,729][dowhy.causal_estimator][WARNING] - No directed path from ['X11'] to ['X8'].
[2026-04-24 04:42:42,731][dowhy.causal_model][INFO] - Model to find the causal effect of treatment ['X11'] on outcome ['X9']
[2026-04-24 04:42:42,731][dowhy.causal_identifier.auto_identifier][WARNING] - No directed path from treatment to outcome. Causal Effect is zero.
[2026-04-24 04:42:42,731][dowhy.causal_model][INFO] - linear_regression
[2026-04-24 04:42:42,731][dowhy.causal_estimator][INFO] - INFO: Using Linear Regression Estimator
[2026-04-24 04:42:42,731][dowhy.causal_estimator][WARNING] - No directed path from ['X11'] to ['X9'].
[2026-04-24 04:42:42,733][dowhy.causal_model][INFO] - Model to find the causal effect of treatment ['X11'] on outcome ['X10']
[2026-04-24 04:42:42,733][dowhy.causal_identifier.auto_identifier][WARNING] - No directed path from treatment to outcome. Causal Effect is zero.
[2026-04-24 04:42:42,733][dowhy.causal_model][INFO] - linear_regression
[2026-04-24 04:42:42,733][dowhy.causal_estimator][INFO] - INFO: Using Linear Regression Estimator
[2026-04-24 04:42:42,733][dowhy.causal_estimator][WARNING] - No directed path from ['X11'] to ['X10'].
[2026-04-24 04:42:42,735][dowhy.causal_model][INFO] - Model to find the causal effect of treatment ['X11'] on outcome ['X12']
[2026-04-24 04:42:42,735][dowhy.causal_identifier.auto_identifier][WARNING] - No directed path from treatment to outcome. Causal Effect is zero.
[2026-04-24 04:42:42,735][dowhy.causal_model][INFO] - linear_regression
[2026-04-24 04:42:42,735][dowhy.causal_estimator][INFO] - INFO: Using Linear Regression Estimator
[2026-04-24 04:42:42,735][dowhy.causal_estimator][WARNING] - No directed path from ['X11'] to ['X12'].
[2026-04-24 04:42:42,737][dowhy.causal_model][INFO] - Model to find the causal effect of treatment ['X11'] on outcome ['X13']
[2026-04-24 04:42:42,737][dowhy.causal_identifier.auto_identifier][WARNING] - No directed path from treatment to outcome. Causal Effect is zero.
[2026-04-24 04:42:42,737][dowhy.causal_model][INFO] - linear_regression
[2026-04-24 04:42:42,737][dowhy.causal_estimator][INFO] - INFO: Using Linear Regression Estimator
[2026-04-24 04:42:42,737][dowhy.causal_estimator][WARNING] - No directed path from ['X11'] to ['X13'].
[2026-04-24 04:42:42,777][dowhy.causal_model][INFO] - Model to find the causal effect of treatment ['X12'] on outcome ['X0']
[2026-04-24 04:42:42,777][dowhy.causal_identifier.auto_identifier][WARNING] - No directed path from treatment to outcome. Causal Effect is zero.
[2026-04-24 04:42:42,777][dowhy.causal_model][INFO] - linear_regression
[2026-04-24 04:42:42,777][dowhy.causal_estimator][INFO] - INFO: Using Linear Regression Estimator
[2026-04-24 04:42:42,777][dowhy.causal_estimator][WARNING] - No directed path from ['X12'] to ['X0'].
[2026-04-24 04:42:42,779][dowhy.causal_model][INFO] - Model to find the causal effect of treatment ['X12'] on outcome ['X1']
[2026-04-24 04:42:42,779][dowhy.causal_identifier.auto_identifier][WARNING] - No directed path from treatment to outcome. Causal Effect is zero.
[2026-04-24 04:42:42,779][dowhy.causal_model][INFO] - linear_regression
[2026-04-24 04:42:42,779][dowhy.causal_estimator][INFO] - INFO: Using Linear Regression Estimator
[2026-04-24 04:42:42,779][dowhy.causal_estimator][WARNING] - No directed path from ['X12'] to ['X1'].
[2026-04-24 04:42:42,781][dowhy.causal_model][INFO] - Model to find the causal effect of treatment ['X12'] on outcome ['X2']
[2026-04-24 04:42:42,781][dowhy.causal_identifier.auto_identifier][WARNING] - No directed path from treatment to outcome. Causal Effect is zero.
[2026-04-24 04:42:42,781][dowhy.causal_model][INFO] - linear_regression
[2026-04-24 04:42:42,781][dowhy.causal_estimator][INFO] - INFO: Using Linear Regression Estimator
[2026-04-24 04:42:42,781][dowhy.causal_estimator][WARNING] - No directed path from ['X12'] to ['X2'].
[2026-04-24 04:42:42,783][dowhy.causal_model][INFO] - Model to find the causal effect of treatment ['X12'] on outcome ['X3']
[2026-04-24 04:42:42,783][dowhy.causal_identifier.auto_identifier][WARNING] - No directed path from treatment to outcome. Causal Effect is zero.
[2026-04-24 04:42:42,783][dowhy.causal_model][INFO] - linear_regression
[2026-04-24 04:42:42,783][dowhy.causal_estimator][INFO] - INFO: Using Linear Regression Estimator
[2026-04-24 04:42:42,783][dowhy.causal_estimator][WARNING] - No directed path from ['X12'] to ['X3'].
[2026-04-24 04:42:42,785][dowhy.causal_model][INFO] - Model to find the causal effect of treatment ['X12'] on outcome ['X4']
[2026-04-24 04:42:42,785][dowhy.causal_identifier.auto_identifier][WARNING] - No directed path from treatment to outcome. Causal Effect is zero.
[2026-04-24 04:42:42,785][dowhy.causal_model][INFO] - linear_regression
[2026-04-24 04:42:42,785][dowhy.causal_estimator][INFO] - INFO: Using Linear Regression Estimator
[2026-04-24 04:42:42,785][dowhy.causal_estimator][WARNING] - No directed path from ['X12'] to ['X4'].
[2026-04-24 04:42:42,787][dowhy.causal_model][INFO] - Model to find the causal effect of treatment ['X12'] on outcome ['X5']
[2026-04-24 04:42:42,787][dowhy.causal_identifier.auto_identifier][WARNING] - No directed path from treatment to outcome. Causal Effect is zero.
[2026-04-24 04:42:42,787][dowhy.causal_model][INFO] - linear_regression
[2026-04-24 04:42:42,787][dowhy.causal_estimator][INFO] - INFO: Using Linear Regression Estimator
[2026-04-24 04:42:42,787][dowhy.causal_estimator][WARNING] - No directed path from ['X12'] to ['X5'].
[2026-04-24 04:42:42,788][dowhy.causal_model][INFO] - Model to find the causal effect of treatment ['X12'] on outcome ['X6']
[2026-04-24 04:42:42,788][dowhy.causal_identifier.auto_identifier][WARNING] - No directed path from treatment to outcome. Causal Effect is zero.
[2026-04-24 04:42:42,789][dowhy.causal_model][INFO] - linear_regression
[2026-04-24 04:42:42,789][dowhy.causal_estimator][INFO] - INFO: Using Linear Regression Estimator
[2026-04-24 04:42:42,789][dowhy.causal_estimator][WARNING] - No directed path from ['X12'] to ['X6'].
[2026-04-24 04:42:42,790][dowhy.causal_model][INFO] - Model to find the causal effect of treatment ['X12'] on outcome ['X7']
[2026-04-24 04:42:42,790][dowhy.causal_identifier.auto_identifier][WARNING] - No directed path from treatment to outcome. Causal Effect is zero.
[2026-04-24 04:42:42,790][dowhy.causal_model][INFO] - linear_regression
[2026-04-24 04:42:42,790][dowhy.causal_estimator][INFO] - INFO: Using Linear Regression Estimator
[2026-04-24 04:42:42,790][dowhy.causal_estimator][WARNING] - No directed path from ['X12'] to ['X7'].
[2026-04-24 04:42:42,792][dowhy.causal_model][INFO] - Model to find the causal effect of treatment ['X12'] on outcome ['X8']
[2026-04-24 04:42:42,792][dowhy.causal_identifier.auto_identifier][WARNING] - No directed path from treatment to outcome. Causal Effect is zero.
[2026-04-24 04:42:42,792][dowhy.causal_model][INFO] - linear_regression
[2026-04-24 04:42:42,792][dowhy.causal_estimator][INFO] - INFO: Using Linear Regression Estimator
[2026-04-24 04:42:42,792][dowhy.causal_estimator][WARNING] - No directed path from ['X12'] to ['X8'].
[2026-04-24 04:42:42,794][dowhy.causal_model][INFO] - Model to find the causal effect of treatment ['X12'] on outcome ['X9']
[2026-04-24 04:42:42,794][dowhy.causal_identifier.auto_identifier][WARNING] - No directed path from treatment to outcome. Causal Effect is zero.
[2026-04-24 04:42:42,794][dowhy.causal_model][INFO] - linear_regression
[2026-04-24 04:42:42,794][dowhy.causal_estimator][INFO] - INFO: Using Linear Regression Estimator
[2026-04-24 04:42:42,794][dowhy.causal_estimator][WARNING] - No directed path from ['X12'] to ['X9'].
[2026-04-24 04:42:42,796][dowhy.causal_model][INFO] - Model to find the causal effect of treatment ['X12'] on outcome ['X10']
[2026-04-24 04:42:42,796][dowhy.causal_identifier.auto_identifier][WARNING] - No directed path from treatment to outcome. Causal Effect is zero.
[2026-04-24 04:42:42,796][dowhy.causal_model][INFO] - linear_regression
[2026-04-24 04:42:42,796][dowhy.causal_estimator][INFO] - INFO: Using Linear Regression Estimator
[2026-04-24 04:42:42,796][dowhy.causal_estimator][WARNING] - No directed path from ['X12'] to ['X10'].
[2026-04-24 04:42:42,797][dowhy.causal_model][INFO] - Model to find the causal effect of treatment ['X12'] on outcome ['X11']
[2026-04-24 04:42:42,798][dowhy.causal_identifier.auto_identifier][WARNING] - No directed path from treatment to outcome. Causal Effect is zero.
[2026-04-24 04:42:42,798][dowhy.causal_model][INFO] - linear_regression
[2026-04-24 04:42:42,798][dowhy.causal_estimator][INFO] - INFO: Using Linear Regression Estimator
[2026-04-24 04:42:42,798][dowhy.causal_estimator][WARNING] - No directed path from ['X12'] to ['X11'].
[2026-04-24 04:42:42,799][dowhy.causal_model][INFO] - Model to find the causal effect of treatment ['X12'] on outcome ['X13']
[2026-04-24 04:42:42,799][dowhy.causal_identifier.auto_identifier][WARNING] - No directed path from treatment to outcome. Causal Effect is zero.
[2026-04-24 04:42:42,799][dowhy.causal_model][INFO] - linear_regression
[2026-04-24 04:42:42,799][dowhy.causal_estimator][INFO] - INFO: Using Linear Regression Estimator
[2026-04-24 04:42:42,799][dowhy.causal_estimator][WARNING] - No directed path from ['X12'] to ['X13'].
[2026-04-24 04:42:42,895][dowhy.causal_model][INFO] - Model to find the causal effect of treatment ['X13'] on outcome ['X0']
[2026-04-24 04:42:42,895][dowhy.causal_identifier.auto_identifier][WARNING] - No directed path from treatment to outcome. Causal Effect is zero.
[2026-04-24 04:42:42,895][dowhy.causal_model][INFO] - linear_regression
[2026-04-24 04:42:42,895][dowhy.causal_estimator][INFO] - INFO: Using Linear Regression Estimator
[2026-04-24 04:42:42,895][dowhy.causal_estimator][WARNING] - No directed path from ['X13'] to ['X0'].
[2026-04-24 04:42:42,897][dowhy.causal_model][INFO] - Model to find the causal effect of treatment ['X13'] on outcome ['X1']
[2026-04-24 04:42:42,897][dowhy.causal_identifier.auto_identifier][WARNING] - No directed path from treatment to outcome. Causal Effect is zero.
[2026-04-24 04:42:42,897][dowhy.causal_model][INFO] - linear_regression
[2026-04-24 04:42:42,897][dowhy.causal_estimator][INFO] - INFO: Using Linear Regression Estimator
[2026-04-24 04:42:42,897][dowhy.causal_estimator][WARNING] - No directed path from ['X13'] to ['X1'].
[2026-04-24 04:42:42,899][dowhy.causal_model][INFO] - Model to find the causal effect of treatment ['X13'] on outcome ['X2']
[2026-04-24 04:42:42,899][dowhy.causal_identifier.auto_identifier][WARNING] - No directed path from treatment to outcome. Causal Effect is zero.
[2026-04-24 04:42:42,899][dowhy.causal_model][INFO] - linear_regression
[2026-04-24 04:42:42,899][dowhy.causal_estimator][INFO] - INFO: Using Linear Regression Estimator
[2026-04-24 04:42:42,899][dowhy.causal_estimator][WARNING] - No directed path from ['X13'] to ['X2'].
[2026-04-24 04:42:42,900][dowhy.causal_model][INFO] - Model to find the causal effect of treatment ['X13'] on outcome ['X3']
[2026-04-24 04:42:42,901][dowhy.causal_identifier.auto_identifier][WARNING] - No directed path from treatment to outcome. Causal Effect is zero.
[2026-04-24 04:42:42,901][dowhy.causal_model][INFO] - linear_regression
[2026-04-24 04:42:42,901][dowhy.causal_estimator][INFO] - INFO: Using Linear Regression Estimator
[2026-04-24 04:42:42,901][dowhy.causal_estimator][WARNING] - No directed path from ['X13'] to ['X3'].
[2026-04-24 04:42:42,902][dowhy.causal_model][INFO] - Model to find the causal effect of treatment ['X13'] on outcome ['X4']
[2026-04-24 04:42:42,902][dowhy.causal_identifier.auto_identifier][WARNING] - No directed path from treatment to outcome. Causal Effect is zero.
[2026-04-24 04:42:42,902][dowhy.causal_model][INFO] - linear_regression
[2026-04-24 04:42:42,902][dowhy.causal_estimator][INFO] - INFO: Using Linear Regression Estimator
[2026-04-24 04:42:42,902][dowhy.causal_estimator][WARNING] - No directed path from ['X13'] to ['X4'].
[2026-04-24 04:42:42,904][dowhy.causal_model][INFO] - Model to find the causal effect of treatment ['X13'] on outcome ['X5']
[2026-04-24 04:42:42,904][dowhy.causal_identifier.auto_identifier][WARNING] - No directed path from treatment to outcome. Causal Effect is zero.
[2026-04-24 04:42:42,904][dowhy.causal_model][INFO] - linear_regression
[2026-04-24 04:42:42,904][dowhy.causal_estimator][INFO] - INFO: Using Linear Regression Estimator
[2026-04-24 04:42:42,904][dowhy.causal_estimator][WARNING] - No directed path from ['X13'] to ['X5'].
[2026-04-24 04:42:42,906][dowhy.causal_model][INFO] - Model to find the causal effect of treatment ['X13'] on outcome ['X6']
[2026-04-24 04:42:42,906][dowhy.causal_identifier.auto_identifier][WARNING] - No directed path from treatment to outcome. Causal Effect is zero.
[2026-04-24 04:42:42,906][dowhy.causal_model][INFO] - linear_regression
[2026-04-24 04:42:42,906][dowhy.causal_estimator][INFO] - INFO: Using Linear Regression Estimator
[2026-04-24 04:42:42,906][dowhy.causal_estimator][WARNING] - No directed path from ['X13'] to ['X6'].
[2026-04-24 04:42:42,908][dowhy.causal_model][INFO] - Model to find the causal effect of treatment ['X13'] on outcome ['X7']
[2026-04-24 04:42:42,908][dowhy.causal_identifier.auto_identifier][WARNING] - No directed path from treatment to outcome. Causal Effect is zero.
[2026-04-24 04:42:42,908][dowhy.causal_model][INFO] - linear_regression
[2026-04-24 04:42:42,908][dowhy.causal_estimator][INFO] - INFO: Using Linear Regression Estimator
[2026-04-24 04:42:42,908][dowhy.causal_estimator][WARNING] - No directed path from ['X13'] to ['X7'].
[2026-04-24 04:42:42,910][dowhy.causal_model][INFO] - Model to find the causal effect of treatment ['X13'] on outcome ['X8']
[2026-04-24 04:42:42,910][dowhy.causal_identifier.auto_identifier][WARNING] - No directed path from treatment to outcome. Causal Effect is zero.
[2026-04-24 04:42:42,910][dowhy.causal_model][INFO] - linear_regression
[2026-04-24 04:42:42,910][dowhy.causal_estimator][INFO] - INFO: Using Linear Regression Estimator
[2026-04-24 04:42:42,910][dowhy.causal_estimator][WARNING] - No directed path from ['X13'] to ['X8'].
[2026-04-24 04:42:42,911][dowhy.causal_model][INFO] - Model to find the causal effect of treatment ['X13'] on outcome ['X9']
[2026-04-24 04:42:42,911][dowhy.causal_identifier.auto_identifier][WARNING] - No directed path from treatment to outcome. Causal Effect is zero.
[2026-04-24 04:42:42,911][dowhy.causal_model][INFO] - linear_regression
[2026-04-24 04:42:42,911][dowhy.causal_estimator][INFO] - INFO: Using Linear Regression Estimator
[2026-04-24 04:42:42,911][dowhy.causal_estimator][WARNING] - No directed path from ['X13'] to ['X9'].
[2026-04-24 04:42:42,913][dowhy.causal_model][INFO] - Model to find the causal effect of treatment ['X13'] on outcome ['X10']
[2026-04-24 04:42:42,913][dowhy.causal_identifier.auto_identifier][WARNING] - No directed path from treatment to outcome. Causal Effect is zero.
[2026-04-24 04:42:42,913][dowhy.causal_model][INFO] - linear_regression
[2026-04-24 04:42:42,913][dowhy.causal_estimator][INFO] - INFO: Using Linear Regression Estimator
[2026-04-24 04:42:42,913][dowhy.causal_estimator][WARNING] - No directed path from ['X13'] to ['X10'].
[2026-04-24 04:42:42,915][dowhy.causal_model][INFO] - Model to find the causal effect of treatment ['X13'] on outcome ['X11']
[2026-04-24 04:42:42,915][dowhy.causal_identifier.auto_identifier][WARNING] - No directed path from treatment to outcome. Causal Effect is zero.
[2026-04-24 04:42:42,915][dowhy.causal_model][INFO] - linear_regression
[2026-04-24 04:42:42,915][dowhy.causal_estimator][INFO] - INFO: Using Linear Regression Estimator
[2026-04-24 04:42:42,915][dowhy.causal_estimator][WARNING] - No directed path from ['X13'] to ['X11'].
[2026-04-24 04:42:42,917][dowhy.causal_model][INFO] - Model to find the causal effect of treatment ['X13'] on outcome ['X12']
[2026-04-24 04:42:42,917][dowhy.causal_identifier.auto_identifier][WARNING] - No directed path from treatment to outcome. Causal Effect is zero.
[2026-04-24 04:42:42,917][dowhy.causal_model][INFO] - linear_regression
[2026-04-24 04:42:42,917][dowhy.causal_estimator][INFO] - INFO: Using Linear Regression Estimator
[2026-04-24 04:42:42,917][dowhy.causal_estimator][WARNING] - No directed path from ['X13'] to ['X12'].
[2026-04-24 04:42:42,980][dowhy.causal_model][INFO] - Model to find the causal effect of treatment ['X0'] on outcome ['X1']
[2026-04-24 04:42:42,980][dowhy.causal_identifier.auto_identifier][WARNING] - No directed path from treatment to outcome. Causal Effect is zero.
[2026-04-24 04:42:42,981][dowhy.causal_model][INFO] - linear_regression
[2026-04-24 04:42:42,981][dowhy.causal_estimator][INFO] - INFO: Using Linear Regression Estimator
[2026-04-24 04:42:42,981][dowhy.causal_estimator][WARNING] - No directed path from ['X0'] to ['X1'].
[2026-04-24 04:42:42,983][dowhy.causal_model][INFO] - Model to find the causal effect of treatment ['X0'] on outcome ['X2']
[2026-04-24 04:42:42,983][dowhy.causal_identifier.auto_identifier][WARNING] - No directed path from treatment to outcome. Causal Effect is zero.
[2026-04-24 04:42:42,983][dowhy.causal_model][INFO] - linear_regression
[2026-04-24 04:42:42,983][dowhy.causal_estimator][INFO] - INFO: Using Linear Regression Estimator
[2026-04-24 04:42:42,983][dowhy.causal_estimator][WARNING] - No directed path from ['X0'] to ['X2'].
[2026-04-24 04:42:42,985][dowhy.causal_model][INFO] - Model to find the causal effect of treatment ['X0'] on outcome ['X3']
[2026-04-24 04:42:42,985][dowhy.causal_identifier.auto_identifier][WARNING] - No directed path from treatment to outcome. Causal Effect is zero.
[2026-04-24 04:42:42,985][dowhy.causal_model][INFO] - linear_regression
[2026-04-24 04:42:42,985][dowhy.causal_estimator][INFO] - INFO: Using Linear Regression Estimator
[2026-04-24 04:42:42,985][dowhy.causal_estimator][WARNING] - No directed path from ['X0'] to ['X3'].
[2026-04-24 04:42:42,987][dowhy.causal_model][INFO] - Model to find the causal effect of treatment ['X0'] on outcome ['X4']
[2026-04-24 04:42:42,987][dowhy.causal_identifier.auto_identifier][WARNING] - No directed path from treatment to outcome. Causal Effect is zero.
[2026-04-24 04:42:42,987][dowhy.causal_model][INFO] - linear_regression
[2026-04-24 04:42:42,987][dowhy.causal_estimator][INFO] - INFO: Using Linear Regression Estimator
[2026-04-24 04:42:42,987][dowhy.causal_estimator][WARNING] - No directed path from ['X0'] to ['X4'].
[2026-04-24 04:42:42,989][dowhy.causal_model][INFO] - Model to find the causal effect of treatment ['X0'] on outcome ['X5']
[2026-04-24 04:42:42,989][dowhy.causal_identifier.auto_identifier][WARNING] - No directed path from treatment to outcome. Causal Effect is zero.
[2026-04-24 04:42:42,989][dowhy.causal_model][INFO] - linear_regression
[2026-04-24 04:42:42,989][dowhy.causal_estimator][INFO] - INFO: Using Linear Regression Estimator
[2026-04-24 04:42:42,989][dowhy.causal_estimator][WARNING] - No directed path from ['X0'] to ['X5'].
[2026-04-24 04:42:42,991][dowhy.causal_model][INFO] - Model to find the causal effect of treatment ['X0'] on outcome ['X6']
[2026-04-24 04:42:42,992][dowhy.causal_identifier.auto_identifier][INFO] - Causal effect can be identified.
[2026-04-24 04:42:42,993][dowhy.causal_identifier.auto_identifier][INFO] - Instrumental variables for treatment and outcome:[]
[2026-04-24 04:42:42,993][dowhy.causal_identifier.auto_identifier][INFO] - Frontdoor variables for treatment and outcome:[]
[2026-04-24 04:42:42,993][dowhy.causal_model][INFO] - linear_regression
[2026-04-24 04:42:42,993][dowhy.causal_estimator][INFO] - INFO: Using Linear Regression Estimator
[2026-04-24 04:42:42,994][dowhy.causal_estimator][INFO] - b: X6~X0+X0*X1
[2026-04-24 04:42:43,002][dowhy.causal_model][INFO] - Model to find the causal effect of treatment ['X0'] on outcome ['X7']
[2026-04-24 04:42:43,004][dowhy.causal_identifier.auto_identifier][INFO] - Causal effect can be identified.
[2026-04-24 04:42:43,004][dowhy.causal_identifier.auto_identifier][INFO] - Instrumental variables for treatment and outcome:[]
[2026-04-24 04:42:43,005][dowhy.causal_identifier.auto_identifier][INFO] - Frontdoor variables for treatment and outcome:[]
[2026-04-24 04:42:43,005][dowhy.causal_model][INFO] - linear_regression
[2026-04-24 04:42:43,005][dowhy.causal_estimator][INFO] - INFO: Using Linear Regression Estimator
[2026-04-24 04:42:43,005][dowhy.causal_estimator][INFO] - b: X7~X0+X0*X1
[2026-04-24 04:42:43,014][dowhy.causal_model][INFO] - Model to find the causal effect of treatment ['X0'] on outcome ['X8']
[2026-04-24 04:42:43,016][dowhy.causal_identifier.auto_identifier][INFO] - Causal effect can be identified.
[2026-04-24 04:42:43,016][dowhy.causal_identifier.auto_identifier][INFO] - Instrumental variables for treatment and outcome:[]
[2026-04-24 04:42:43,018][dowhy.causal_identifier.auto_identifier][INFO] - Frontdoor variables for treatment and outcome:['X7', 'X11', 'X6']
[2026-04-24 04:42:43,020][dowhy.causal_identifier.auto_identifier][INFO] - Causal effect can be identified.
[2026-04-24 04:42:43,022][dowhy.causal_identifier.auto_identifier][INFO] - Causal effect can be identified.
[2026-04-24 04:42:43,023][dowhy.causal_model][INFO] - linear_regression
[2026-04-24 04:42:43,023][dowhy.causal_estimator][INFO] - INFO: Using Linear Regression Estimator
[2026-04-24 04:42:43,023][dowhy.causal_estimator][INFO] - b: X8~X0+X0*X1+X0*X2+X0*X3
[2026-04-24 04:42:43,032][dowhy.causal_model][INFO] - Model to find the causal effect of treatment ['X0'] on outcome ['X9']
[2026-04-24 04:42:43,033][dowhy.causal_identifier.auto_identifier][INFO] - Causal effect can be identified.
[2026-04-24 04:42:43,034][dowhy.causal_identifier.auto_identifier][INFO] - Instrumental variables for treatment and outcome:[]
[2026-04-24 04:42:43,040][dowhy.causal_identifier.auto_identifier][INFO] - Frontdoor variables for treatment and outcome:['X7', 'X11', 'X6']
[2026-04-24 04:42:43,042][dowhy.causal_identifier.auto_identifier][INFO] - Causal effect can be identified.
[2026-04-24 04:42:43,044][dowhy.causal_identifier.auto_identifier][INFO] - Causal effect can be identified.
[2026-04-24 04:42:43,045][dowhy.causal_model][INFO] - linear_regression
[2026-04-24 04:42:43,045][dowhy.causal_estimator][INFO] - INFO: Using Linear Regression Estimator
[2026-04-24 04:42:43,045][dowhy.causal_estimator][INFO] - b: X9~X0+X0*X1+X0*X2+X0*X3
[2026-04-24 04:42:43,053][dowhy.causal_model][INFO] - Model to find the causal effect of treatment ['X0'] on outcome ['X10']
[2026-04-24 04:42:43,055][dowhy.causal_identifier.auto_identifier][INFO] - Causal effect can be identified.
[2026-04-24 04:42:43,056][dowhy.causal_identifier.auto_identifier][INFO] - Instrumental variables for treatment and outcome:[]
[2026-04-24 04:42:43,062][dowhy.causal_identifier.auto_identifier][INFO] - Frontdoor variables for treatment and outcome:['X8', 'X7', 'X11', 'X12', 'X6', 'X9']
[2026-04-24 04:42:43,064][dowhy.causal_identifier.auto_identifier][INFO] - Causal effect can be identified.
[2026-04-24 04:42:43,067][dowhy.causal_identifier.auto_identifier][INFO] - Causal effect can be identified.
[2026-04-24 04:42:43,068][dowhy.causal_model][INFO] - linear_regression
[2026-04-24 04:42:43,068][dowhy.causal_estimator][INFO] - INFO: Using Linear Regression Estimator
[2026-04-24 04:42:43,068][dowhy.causal_estimator][INFO] - b: X10~X0+X0*X5+X0*X4+X0*X1+X0*X3+X0*X2
[2026-04-24 04:42:43,076][dowhy.causal_model][INFO] - Model to find the causal effect of treatment ['X0'] on outcome ['X11']
[2026-04-24 04:42:43,078][dowhy.causal_identifier.auto_identifier][INFO] - Causal effect can be identified.
[2026-04-24 04:42:43,078][dowhy.causal_identifier.auto_identifier][INFO] - Instrumental variables for treatment and outcome:[]
[2026-04-24 04:42:43,092][dowhy.causal_identifier.auto_identifier][INFO] - Frontdoor variables for treatment and outcome:[]
[2026-04-24 04:42:43,092][dowhy.causal_model][INFO] - linear_regression
[2026-04-24 04:42:43,092][dowhy.causal_estimator][INFO] - INFO: Using Linear Regression Estimator
[2026-04-24 04:42:43,092][dowhy.causal_estimator][INFO] - b: X11~X0+X0*X1
[2026-04-24 04:42:43,100][dowhy.causal_model][INFO] - Model to find the causal effect of treatment ['X0'] on outcome ['X12']
[2026-04-24 04:42:43,101][dowhy.causal_identifier.auto_identifier][INFO] - Causal effect can be identified.
[2026-04-24 04:42:43,102][dowhy.causal_identifier.auto_identifier][INFO] - Instrumental variables for treatment and outcome:[]
[2026-04-24 04:42:43,125][dowhy.causal_identifier.auto_identifier][INFO] - Frontdoor variables for treatment and outcome:['X7', 'X11', 'X6']
[2026-04-24 04:42:43,126][dowhy.causal_identifier.auto_identifier][INFO] - Causal effect can be identified.
[2026-04-24 04:42:43,129][dowhy.causal_identifier.auto_identifier][INFO] - Causal effect can be identified.
[2026-04-24 04:42:43,129][dowhy.causal_model][INFO] - linear_regression
[2026-04-24 04:42:43,129][dowhy.causal_estimator][INFO] - INFO: Using Linear Regression Estimator
[2026-04-24 04:42:43,130][dowhy.causal_estimator][INFO] - b: X12~X0+X0*X1+X0*X2+X0*X3
[2026-04-24 04:42:43,137][dowhy.causal_model][INFO] - Model to find the causal effect of treatment ['X0'] on outcome ['X13']
[2026-04-24 04:42:43,139][dowhy.causal_identifier.auto_identifier][INFO] - Causal effect can be identified.
[2026-04-24 04:42:43,140][dowhy.causal_identifier.auto_identifier][INFO] - Instrumental variables for treatment and outcome:[]
[2026-04-24 04:42:43,146][dowhy.causal_identifier.auto_identifier][INFO] - Frontdoor variables for treatment and outcome:['X7', 'X8', 'X11', 'X12', 'X6', 'X9']
[2026-04-24 04:42:43,148][dowhy.causal_identifier.auto_identifier][INFO] - Causal effect can be identified.
[2026-04-24 04:42:43,151][dowhy.causal_identifier.auto_identifier][INFO] - Causal effect can be identified.
[2026-04-24 04:42:43,152][dowhy.causal_model][INFO] - linear_regression
[2026-04-24 04:42:43,152][dowhy.causal_estimator][INFO] - INFO: Using Linear Regression Estimator
[2026-04-24 04:42:43,152][dowhy.causal_estimator][INFO] - b: X13~X0+X0*X5+X0*X4+X0*X1+X0*X3+X0*X2
[2026-04-24 04:42:43,202][dowhy.causal_model][INFO] - Model to find the causal effect of treatment ['X1'] on outcome ['X0']
[2026-04-24 04:42:43,202][dowhy.causal_identifier.auto_identifier][WARNING] - No directed path from treatment to outcome. Causal Effect is zero.
[2026-04-24 04:42:43,203][dowhy.causal_model][INFO] - linear_regression
[2026-04-24 04:42:43,203][dowhy.causal_estimator][INFO] - INFO: Using Linear Regression Estimator
[2026-04-24 04:42:43,203][dowhy.causal_estimator][WARNING] - No directed path from ['X1'] to ['X0'].
[2026-04-24 04:42:43,205][dowhy.causal_model][INFO] - Model to find the causal effect of treatment ['X1'] on outcome ['X2']
[2026-04-24 04:42:43,205][dowhy.causal_identifier.auto_identifier][WARNING] - No directed path from treatment to outcome. Causal Effect is zero.
[2026-04-24 04:42:43,205][dowhy.causal_model][INFO] - linear_regression
[2026-04-24 04:42:43,205][dowhy.causal_estimator][INFO] - INFO: Using Linear Regression Estimator
[2026-04-24 04:42:43,205][dowhy.causal_estimator][WARNING] - No directed path from ['X1'] to ['X2'].
[2026-04-24 04:42:43,207][dowhy.causal_model][INFO] - Model to find the causal effect of treatment ['X1'] on outcome ['X3']
[2026-04-24 04:42:43,207][dowhy.causal_identifier.auto_identifier][WARNING] - No directed path from treatment to outcome. Causal Effect is zero.
[2026-04-24 04:42:43,207][dowhy.causal_model][INFO] - linear_regression
[2026-04-24 04:42:43,207][dowhy.causal_estimator][INFO] - INFO: Using Linear Regression Estimator
[2026-04-24 04:42:43,207][dowhy.causal_estimator][WARNING] - No directed path from ['X1'] to ['X3'].
[2026-04-24 04:42:43,209][dowhy.causal_model][INFO] - Model to find the causal effect of treatment ['X1'] on outcome ['X4']
[2026-04-24 04:42:43,209][dowhy.causal_identifier.auto_identifier][WARNING] - No directed path from treatment to outcome. Causal Effect is zero.
[2026-04-24 04:42:43,209][dowhy.causal_model][INFO] - linear_regression
[2026-04-24 04:42:43,209][dowhy.causal_estimator][INFO] - INFO: Using Linear Regression Estimator
[2026-04-24 04:42:43,209][dowhy.causal_estimator][WARNING] - No directed path from ['X1'] to ['X4'].
[2026-04-24 04:42:43,211][dowhy.causal_model][INFO] - Model to find the causal effect of treatment ['X1'] on outcome ['X5']
[2026-04-24 04:42:43,211][dowhy.causal_identifier.auto_identifier][WARNING] - No directed path from treatment to outcome. Causal Effect is zero.
[2026-04-24 04:42:43,211][dowhy.causal_model][INFO] - linear_regression
[2026-04-24 04:42:43,211][dowhy.causal_estimator][INFO] - INFO: Using Linear Regression Estimator
[2026-04-24 04:42:43,211][dowhy.causal_estimator][WARNING] - No directed path from ['X1'] to ['X5'].
[2026-04-24 04:42:43,213][dowhy.causal_model][INFO] - Model to find the causal effect of treatment ['X1'] on outcome ['X6']
[2026-04-24 04:42:43,214][dowhy.causal_identifier.auto_identifier][INFO] - Causal effect can be identified.
[2026-04-24 04:42:43,215][dowhy.causal_identifier.auto_identifier][INFO] - Instrumental variables for treatment and outcome:[]
[2026-04-24 04:42:43,215][dowhy.causal_identifier.auto_identifier][INFO] - Frontdoor variables for treatment and outcome:[]
[2026-04-24 04:42:43,215][dowhy.causal_model][INFO] - linear_regression
[2026-04-24 04:42:43,215][dowhy.causal_estimator][INFO] - INFO: Using Linear Regression Estimator
[2026-04-24 04:42:43,216][dowhy.causal_estimator][INFO] - b: X6~X1+X1*X0
[2026-04-24 04:42:43,224][dowhy.causal_model][INFO] - Model to find the causal effect of treatment ['X1'] on outcome ['X7']
[2026-04-24 04:42:43,226][dowhy.causal_identifier.auto_identifier][INFO] - Causal effect can be identified.
[2026-04-24 04:42:43,226][dowhy.causal_identifier.auto_identifier][INFO] - Instrumental variables for treatment and outcome:[]
[2026-04-24 04:42:43,227][dowhy.causal_identifier.auto_identifier][INFO] - Frontdoor variables for treatment and outcome:[]
[2026-04-24 04:42:43,227][dowhy.causal_model][INFO] - linear_regression
[2026-04-24 04:42:43,227][dowhy.causal_estimator][INFO] - INFO: Using Linear Regression Estimator
[2026-04-24 04:42:43,227][dowhy.causal_estimator][INFO] - b: X7~X1+X1*X0
[2026-04-24 04:42:43,236][dowhy.causal_model][INFO] - Model to find the causal effect of treatment ['X1'] on outcome ['X8']
[2026-04-24 04:42:43,238][dowhy.causal_identifier.auto_identifier][INFO] - Causal effect can be identified.
[2026-04-24 04:42:43,238][dowhy.causal_identifier.auto_identifier][INFO] - Instrumental variables for treatment and outcome:[]
[2026-04-24 04:42:43,240][dowhy.causal_identifier.auto_identifier][INFO] - Frontdoor variables for treatment and outcome:['X7', 'X11', 'X6']
[2026-04-24 04:42:43,242][dowhy.causal_identifier.auto_identifier][INFO] - Causal effect can be identified.
[2026-04-24 04:42:43,244][dowhy.causal_identifier.auto_identifier][INFO] - Causal effect can be identified.
[2026-04-24 04:42:43,245][dowhy.causal_model][INFO] - linear_regression
[2026-04-24 04:42:43,245][dowhy.causal_estimator][INFO] - INFO: Using Linear Regression Estimator
[2026-04-24 04:42:43,245][dowhy.causal_estimator][INFO] - b: X8~X1+X1*X0+X1*X2+X1*X3
[2026-04-24 04:42:43,253][dowhy.causal_model][INFO] - Model to find the causal effect of treatment ['X1'] on outcome ['X9']
[2026-04-24 04:42:43,255][dowhy.causal_identifier.auto_identifier][INFO] - Causal effect can be identified.
[2026-04-24 04:42:43,256][dowhy.causal_identifier.auto_identifier][INFO] - Instrumental variables for treatment and outcome:[]
[2026-04-24 04:42:43,262][dowhy.causal_identifier.auto_identifier][INFO] - Frontdoor variables for treatment and outcome:['X7', 'X11', 'X6']
[2026-04-24 04:42:43,264][dowhy.causal_identifier.auto_identifier][INFO] - Causal effect can be identified.
[2026-04-24 04:42:43,266][dowhy.causal_identifier.auto_identifier][INFO] - Causal effect can be identified.
[2026-04-24 04:42:43,267][dowhy.causal_model][INFO] - linear_regression
[2026-04-24 04:42:43,267][dowhy.causal_estimator][INFO] - INFO: Using Linear Regression Estimator
[2026-04-24 04:42:43,267][dowhy.causal_estimator][INFO] - b: X9~X1+X1*X0+X1*X2+X1*X3
[2026-04-24 04:42:43,275][dowhy.causal_model][INFO] - Model to find the causal effect of treatment ['X1'] on outcome ['X10']
[2026-04-24 04:42:43,277][dowhy.causal_identifier.auto_identifier][INFO] - Causal effect can be identified.
[2026-04-24 04:42:43,277][dowhy.causal_identifier.auto_identifier][INFO] - Instrumental variables for treatment and outcome:[]
[2026-04-24 04:42:43,283][dowhy.causal_identifier.auto_identifier][INFO] - Frontdoor variables for treatment and outcome:['X8', 'X7', 'X11', 'X12', 'X6', 'X9']
[2026-04-24 04:42:43,285][dowhy.causal_identifier.auto_identifier][INFO] - Causal effect can be identified.
[2026-04-24 04:42:43,288][dowhy.causal_identifier.auto_identifier][INFO] - Causal effect can be identified.
[2026-04-24 04:42:43,289][dowhy.causal_model][INFO] - linear_regression
[2026-04-24 04:42:43,289][dowhy.causal_estimator][INFO] - INFO: Using Linear Regression Estimator
[2026-04-24 04:42:43,290][dowhy.causal_estimator][INFO] - b: X10~X1+X1*X5+X1*X4+X1*X3+X1*X0+X1*X2
[2026-04-24 04:42:43,298][dowhy.causal_model][INFO] - Model to find the causal effect of treatment ['X1'] on outcome ['X11']
[2026-04-24 04:42:43,299][dowhy.causal_identifier.auto_identifier][INFO] - Causal effect can be identified.
[2026-04-24 04:42:43,300][dowhy.causal_identifier.auto_identifier][INFO] - Instrumental variables for treatment and outcome:[]
[2026-04-24 04:42:43,313][dowhy.causal_identifier.auto_identifier][INFO] - Frontdoor variables for treatment and outcome:[]
[2026-04-24 04:42:43,313][dowhy.causal_model][INFO] - linear_regression
[2026-04-24 04:42:43,313][dowhy.causal_estimator][INFO] - INFO: Using Linear Regression Estimator
[2026-04-24 04:42:43,314][dowhy.causal_estimator][INFO] - b: X11~X1+X1*X0
[2026-04-24 04:42:43,321][dowhy.causal_model][INFO] - Model to find the causal effect of treatment ['X1'] on outcome ['X12']
[2026-04-24 04:42:43,323][dowhy.causal_identifier.auto_identifier][INFO] - Causal effect can be identified.
[2026-04-24 04:42:43,323][dowhy.causal_identifier.auto_identifier][INFO] - Instrumental variables for treatment and outcome:[]
[2026-04-24 04:42:43,346][dowhy.causal_identifier.auto_identifier][INFO] - Frontdoor variables for treatment and outcome:['X7', 'X11', 'X6']
[2026-04-24 04:42:43,348][dowhy.causal_identifier.auto_identifier][INFO] - Causal effect can be identified.
[2026-04-24 04:42:43,350][dowhy.causal_identifier.auto_identifier][INFO] - Causal effect can be identified.
[2026-04-24 04:42:43,351][dowhy.causal_model][INFO] - linear_regression
[2026-04-24 04:42:43,351][dowhy.causal_estimator][INFO] - INFO: Using Linear Regression Estimator
[2026-04-24 04:42:43,351][dowhy.causal_estimator][INFO] - b: X12~X1+X1*X0+X1*X2+X1*X3
[2026-04-24 04:42:43,359][dowhy.causal_model][INFO] - Model to find the causal effect of treatment ['X1'] on outcome ['X13']
[2026-04-24 04:42:43,361][dowhy.causal_identifier.auto_identifier][INFO] - Causal effect can be identified.
[2026-04-24 04:42:43,362][dowhy.causal_identifier.auto_identifier][INFO] - Instrumental variables for treatment and outcome:[]
[2026-04-24 04:42:43,368][dowhy.causal_identifier.auto_identifier][INFO] - Frontdoor variables for treatment and outcome:['X7', 'X8', 'X11', 'X12', 'X6', 'X9']
[2026-04-24 04:42:43,371][dowhy.causal_identifier.auto_identifier][INFO] - Causal effect can be identified.
[2026-04-24 04:42:43,373][dowhy.causal_identifier.auto_identifier][INFO] - Causal effect can be identified.
[2026-04-24 04:42:43,375][dowhy.causal_model][INFO] - linear_regression
[2026-04-24 04:42:43,375][dowhy.causal_estimator][INFO] - INFO: Using Linear Regression Estimator
[2026-04-24 04:42:43,376][dowhy.causal_estimator][INFO] - b: X13~X1+X1*X5+X1*X4+X1*X3+X1*X0+X1*X2
[2026-04-24 04:42:43,424][dowhy.causal_model][INFO] - Model to find the causal effect of treatment ['X2'] on outcome ['X0']
[2026-04-24 04:42:43,424][dowhy.causal_identifier.auto_identifier][WARNING] - No directed path from treatment to outcome. Causal Effect is zero.
[2026-04-24 04:42:43,424][dowhy.causal_model][INFO] - linear_regression
[2026-04-24 04:42:43,424][dowhy.causal_estimator][INFO] - INFO: Using Linear Regression Estimator
[2026-04-24 04:42:43,424][dowhy.causal_estimator][WARNING] - No directed path from ['X2'] to ['X0'].
[2026-04-24 04:42:43,426][dowhy.causal_model][INFO] - Model to find the causal effect of treatment ['X2'] on outcome ['X1']
[2026-04-24 04:42:43,426][dowhy.causal_identifier.auto_identifier][WARNING] - No directed path from treatment to outcome. Causal Effect is zero.
[2026-04-24 04:42:43,426][dowhy.causal_model][INFO] - linear_regression
[2026-04-24 04:42:43,427][dowhy.causal_estimator][INFO] - INFO: Using Linear Regression Estimator
[2026-04-24 04:42:43,427][dowhy.causal_estimator][WARNING] - No directed path from ['X2'] to ['X1'].
[2026-04-24 04:42:43,428][dowhy.causal_model][INFO] - Model to find the causal effect of treatment ['X2'] on outcome ['X3']
[2026-04-24 04:42:43,428][dowhy.causal_identifier.auto_identifier][WARNING] - No directed path from treatment to outcome. Causal Effect is zero.
[2026-04-24 04:42:43,429][dowhy.causal_model][INFO] - linear_regression
[2026-04-24 04:42:43,429][dowhy.causal_estimator][INFO] - INFO: Using Linear Regression Estimator
[2026-04-24 04:42:43,429][dowhy.causal_estimator][WARNING] - No directed path from ['X2'] to ['X3'].
[2026-04-24 04:42:43,430][dowhy.causal_model][INFO] - Model to find the causal effect of treatment ['X2'] on outcome ['X4']
[2026-04-24 04:42:43,431][dowhy.causal_identifier.auto_identifier][WARNING] - No directed path from treatment to outcome. Causal Effect is zero.
[2026-04-24 04:42:43,431][dowhy.causal_model][INFO] - linear_regression
[2026-04-24 04:42:43,431][dowhy.causal_estimator][INFO] - INFO: Using Linear Regression Estimator
[2026-04-24 04:42:43,431][dowhy.causal_estimator][WARNING] - No directed path from ['X2'] to ['X4'].
[2026-04-24 04:42:43,433][dowhy.causal_model][INFO] - Model to find the causal effect of treatment ['X2'] on outcome ['X5']
[2026-04-24 04:42:43,433][dowhy.causal_identifier.auto_identifier][WARNING] - No directed path from treatment to outcome. Causal Effect is zero.
[2026-04-24 04:42:43,433][dowhy.causal_model][INFO] - linear_regression
[2026-04-24 04:42:43,433][dowhy.causal_estimator][INFO] - INFO: Using Linear Regression Estimator
[2026-04-24 04:42:43,433][dowhy.causal_estimator][WARNING] - No directed path from ['X2'] to ['X5'].
[2026-04-24 04:42:43,434][dowhy.causal_model][INFO] - Model to find the causal effect of treatment ['X2'] on outcome ['X6']
[2026-04-24 04:42:43,434][dowhy.causal_identifier.auto_identifier][WARNING] - No directed path from treatment to outcome. Causal Effect is zero.
[2026-04-24 04:42:43,435][dowhy.causal_model][INFO] - linear_regression
[2026-04-24 04:42:43,435][dowhy.causal_estimator][INFO] - INFO: Using Linear Regression Estimator
[2026-04-24 04:42:43,435][dowhy.causal_estimator][WARNING] - No directed path from ['X2'] to ['X6'].
[2026-04-24 04:42:43,436][dowhy.causal_model][INFO] - Model to find the causal effect of treatment ['X2'] on outcome ['X7']
[2026-04-24 04:42:43,436][dowhy.causal_identifier.auto_identifier][WARNING] - No directed path from treatment to outcome. Causal Effect is zero.
[2026-04-24 04:42:43,437][dowhy.causal_model][INFO] - linear_regression
[2026-04-24 04:42:43,437][dowhy.causal_estimator][INFO] - INFO: Using Linear Regression Estimator
[2026-04-24 04:42:43,437][dowhy.causal_estimator][WARNING] - No directed path from ['X2'] to ['X7'].
[2026-04-24 04:42:43,438][dowhy.causal_model][INFO] - Model to find the causal effect of treatment ['X2'] on outcome ['X8']
[2026-04-24 04:42:43,441][dowhy.causal_identifier.auto_identifier][INFO] - Causal effect can be identified.
[2026-04-24 04:42:43,442][dowhy.causal_identifier.auto_identifier][INFO] - Instrumental variables for treatment and outcome:[]
[2026-04-24 04:42:43,442][dowhy.causal_identifier.auto_identifier][INFO] - Frontdoor variables for treatment and outcome:[]
[2026-04-24 04:42:43,442][dowhy.causal_model][INFO] - linear_regression
[2026-04-24 04:42:43,442][dowhy.causal_estimator][INFO] - INFO: Using Linear Regression Estimator
[2026-04-24 04:42:43,443][dowhy.causal_estimator][INFO] - b: X8~X2+X2*X7+X2*X6+X2*X1+X2*X3+X2*X0
[2026-04-24 04:42:43,452][dowhy.causal_model][INFO] - Model to find the causal effect of treatment ['X2'] on outcome ['X9']
[2026-04-24 04:42:43,455][dowhy.causal_identifier.auto_identifier][INFO] - Causal effect can be identified.
[2026-04-24 04:42:43,455][dowhy.causal_identifier.auto_identifier][INFO] - Instrumental variables for treatment and outcome:[]
[2026-04-24 04:42:43,456][dowhy.causal_identifier.auto_identifier][INFO] - Frontdoor variables for treatment and outcome:[]
[2026-04-24 04:42:43,456][dowhy.causal_model][INFO] - linear_regression
[2026-04-24 04:42:43,456][dowhy.causal_estimator][INFO] - INFO: Using Linear Regression Estimator
[2026-04-24 04:42:43,456][dowhy.causal_estimator][INFO] - b: X9~X2+X2*X7+X2*X6+X2*X1+X2*X3+X2*X0
[2026-04-24 04:42:43,465][dowhy.causal_model][INFO] - Model to find the causal effect of treatment ['X2'] on outcome ['X10']
[2026-04-24 04:42:43,468][dowhy.causal_identifier.auto_identifier][INFO] - Causal effect can be identified.
[2026-04-24 04:42:43,469][dowhy.causal_identifier.auto_identifier][INFO] - Instrumental variables for treatment and outcome:[]
[2026-04-24 04:42:43,471][dowhy.causal_identifier.auto_identifier][INFO] - Frontdoor variables for treatment and outcome:['X8', 'X12', 'X9']
[2026-04-24 04:42:43,473][dowhy.causal_identifier.auto_identifier][INFO] - Causal effect can be identified.
[2026-04-24 04:42:43,477][dowhy.causal_identifier.auto_identifier][INFO] - Causal effect can be identified.
[2026-04-24 04:42:43,478][dowhy.causal_model][INFO] - linear_regression
[2026-04-24 04:42:43,478][dowhy.causal_estimator][INFO] - INFO: Using Linear Regression Estimator
[2026-04-24 04:42:43,479][dowhy.causal_estimator][INFO] - b: X10~X2+X2*X5+X2*X4+X2*X7+X2*X6+X2*X1+X2*X3+X2*X0
[2026-04-24 04:42:43,487][dowhy.causal_model][INFO] - Model to find the causal effect of treatment ['X2'] on outcome ['X11']
[2026-04-24 04:42:43,487][dowhy.causal_identifier.auto_identifier][WARNING] - No directed path from treatment to outcome. Causal Effect is zero.
[2026-04-24 04:42:43,487][dowhy.causal_model][INFO] - linear_regression
[2026-04-24 04:42:43,487][dowhy.causal_estimator][INFO] - INFO: Using Linear Regression Estimator
[2026-04-24 04:42:43,487][dowhy.causal_estimator][WARNING] - No directed path from ['X2'] to ['X11'].
[2026-04-24 04:42:43,489][dowhy.causal_model][INFO] - Model to find the causal effect of treatment ['X2'] on outcome ['X12']
[2026-04-24 04:42:43,492][dowhy.causal_identifier.auto_identifier][INFO] - Causal effect can be identified.
[2026-04-24 04:42:43,492][dowhy.causal_identifier.auto_identifier][INFO] - Instrumental variables for treatment and outcome:[]
[2026-04-24 04:42:43,494][dowhy.causal_identifier.auto_identifier][INFO] - Frontdoor variables for treatment and outcome:[]
[2026-04-24 04:42:43,494][dowhy.causal_model][INFO] - linear_regression
[2026-04-24 04:42:43,494][dowhy.causal_estimator][INFO] - INFO: Using Linear Regression Estimator
[2026-04-24 04:42:43,494][dowhy.causal_estimator][INFO] - b: X12~X2+X2*X7+X2*X6+X2*X1+X2*X3+X2*X0
[2026-04-24 04:42:43,503][dowhy.causal_model][INFO] - Model to find the causal effect of treatment ['X2'] on outcome ['X13']
[2026-04-24 04:42:43,506][dowhy.causal_identifier.auto_identifier][INFO] - Causal effect can be identified.
[2026-04-24 04:42:43,507][dowhy.causal_identifier.auto_identifier][INFO] - Instrumental variables for treatment and outcome:[]
[2026-04-24 04:42:43,509][dowhy.causal_identifier.auto_identifier][INFO] - Frontdoor variables for treatment and outcome:['X8', 'X12', 'X9']
[2026-04-24 04:42:43,512][dowhy.causal_identifier.auto_identifier][INFO] - Causal effect can be identified.
[2026-04-24 04:42:43,515][dowhy.causal_identifier.auto_identifier][INFO] - Causal effect can be identified.
[2026-04-24 04:42:43,517][dowhy.causal_model][INFO] - linear_regression
[2026-04-24 04:42:43,517][dowhy.causal_estimator][INFO] - INFO: Using Linear Regression Estimator
[2026-04-24 04:42:43,517][dowhy.causal_estimator][INFO] - b: X13~X2+X2*X5+X2*X4+X2*X7+X2*X6+X2*X1+X2*X3+X2*X0
[2026-04-24 04:42:43,560][dowhy.causal_model][INFO] - Model to find the causal effect of treatment ['X3'] on outcome ['X0']
[2026-04-24 04:42:43,560][dowhy.causal_identifier.auto_identifier][WARNING] - No directed path from treatment to outcome. Causal Effect is zero.
[2026-04-24 04:42:43,560][dowhy.causal_model][INFO] - linear_regression
[2026-04-24 04:42:43,560][dowhy.causal_estimator][INFO] - INFO: Using Linear Regression Estimator
[2026-04-24 04:42:43,560][dowhy.causal_estimator][WARNING] - No directed path from ['X3'] to ['X0'].
[2026-04-24 04:42:43,562][dowhy.causal_model][INFO] - Model to find the causal effect of treatment ['X3'] on outcome ['X1']
[2026-04-24 04:42:43,562][dowhy.causal_identifier.auto_identifier][WARNING] - No directed path from treatment to outcome. Causal Effect is zero.
[2026-04-24 04:42:43,562][dowhy.causal_model][INFO] - linear_regression
[2026-04-24 04:42:43,562][dowhy.causal_estimator][INFO] - INFO: Using Linear Regression Estimator
[2026-04-24 04:42:43,562][dowhy.causal_estimator][WARNING] - No directed path from ['X3'] to ['X1'].
[2026-04-24 04:42:43,564][dowhy.causal_model][INFO] - Model to find the causal effect of treatment ['X3'] on outcome ['X2']
[2026-04-24 04:42:43,564][dowhy.causal_identifier.auto_identifier][WARNING] - No directed path from treatment to outcome. Causal Effect is zero.
[2026-04-24 04:42:43,564][dowhy.causal_model][INFO] - linear_regression
[2026-04-24 04:42:43,564][dowhy.causal_estimator][INFO] - INFO: Using Linear Regression Estimator
[2026-04-24 04:42:43,564][dowhy.causal_estimator][WARNING] - No directed path from ['X3'] to ['X2'].
[2026-04-24 04:42:43,566][dowhy.causal_model][INFO] - Model to find the causal effect of treatment ['X3'] on outcome ['X4']
[2026-04-24 04:42:43,566][dowhy.causal_identifier.auto_identifier][WARNING] - No directed path from treatment to outcome. Causal Effect is zero.
[2026-04-24 04:42:43,566][dowhy.causal_model][INFO] - linear_regression
[2026-04-24 04:42:43,566][dowhy.causal_estimator][INFO] - INFO: Using Linear Regression Estimator
[2026-04-24 04:42:43,566][dowhy.causal_estimator][WARNING] - No directed path from ['X3'] to ['X4'].
[2026-04-24 04:42:43,568][dowhy.causal_model][INFO] - Model to find the causal effect of treatment ['X3'] on outcome ['X5']
[2026-04-24 04:42:43,568][dowhy.causal_identifier.auto_identifier][WARNING] - No directed path from treatment to outcome. Causal Effect is zero.
[2026-04-24 04:42:43,568][dowhy.causal_model][INFO] - linear_regression
[2026-04-24 04:42:43,568][dowhy.causal_estimator][INFO] - INFO: Using Linear Regression Estimator
[2026-04-24 04:42:43,568][dowhy.causal_estimator][WARNING] - No directed path from ['X3'] to ['X5'].
[2026-04-24 04:42:43,570][dowhy.causal_model][INFO] - Model to find the causal effect of treatment ['X3'] on outcome ['X6']
[2026-04-24 04:42:43,570][dowhy.causal_identifier.auto_identifier][WARNING] - No directed path from treatment to outcome. Causal Effect is zero.
[2026-04-24 04:42:43,570][dowhy.causal_model][INFO] - linear_regression
[2026-04-24 04:42:43,570][dowhy.causal_estimator][INFO] - INFO: Using Linear Regression Estimator
[2026-04-24 04:42:43,570][dowhy.causal_estimator][WARNING] - No directed path from ['X3'] to ['X6'].
[2026-04-24 04:42:43,572][dowhy.causal_model][INFO] - Model to find the causal effect of treatment ['X3'] on outcome ['X7']
[2026-04-24 04:42:43,572][dowhy.causal_identifier.auto_identifier][WARNING] - No directed path from treatment to outcome. Causal Effect is zero.
[2026-04-24 04:42:43,572][dowhy.causal_model][INFO] - linear_regression
[2026-04-24 04:42:43,572][dowhy.causal_estimator][INFO] - INFO: Using Linear Regression Estimator
[2026-04-24 04:42:43,572][dowhy.causal_estimator][WARNING] - No directed path from ['X3'] to ['X7'].
[2026-04-24 04:42:43,574][dowhy.causal_model][INFO] - Model to find the causal effect of treatment ['X3'] on outcome ['X8']
[2026-04-24 04:42:43,577][dowhy.causal_identifier.auto_identifier][INFO] - Causal effect can be identified.
[2026-04-24 04:42:43,578][dowhy.causal_identifier.auto_identifier][INFO] - Instrumental variables for treatment and outcome:[]
[2026-04-24 04:42:43,578][dowhy.causal_identifier.auto_identifier][INFO] - Frontdoor variables for treatment and outcome:[]
[2026-04-24 04:42:43,578][dowhy.causal_model][INFO] - linear_regression
[2026-04-24 04:42:43,578][dowhy.causal_estimator][INFO] - INFO: Using Linear Regression Estimator
[2026-04-24 04:42:43,578][dowhy.causal_estimator][INFO] - b: X8~X3+X3*X7+X3*X6+X3*X1+X3*X0+X3*X2
[2026-04-24 04:42:43,587][dowhy.causal_model][INFO] - Model to find the causal effect of treatment ['X3'] on outcome ['X9']
[2026-04-24 04:42:43,590][dowhy.causal_identifier.auto_identifier][INFO] - Causal effect can be identified.
[2026-04-24 04:42:43,591][dowhy.causal_identifier.auto_identifier][INFO] - Instrumental variables for treatment and outcome:[]
[2026-04-24 04:42:43,591][dowhy.causal_identifier.auto_identifier][INFO] - Frontdoor variables for treatment and outcome:[]
[2026-04-24 04:42:43,591][dowhy.causal_model][INFO] - linear_regression
[2026-04-24 04:42:43,591][dowhy.causal_estimator][INFO] - INFO: Using Linear Regression Estimator
[2026-04-24 04:42:43,592][dowhy.causal_estimator][INFO] - b: X9~X3+X3*X7+X3*X6+X3*X1+X3*X0+X3*X2
[2026-04-24 04:42:43,601][dowhy.causal_model][INFO] - Model to find the causal effect of treatment ['X3'] on outcome ['X10']
[2026-04-24 04:42:43,603][dowhy.causal_identifier.auto_identifier][INFO] - Causal effect can be identified.
[2026-04-24 04:42:43,604][dowhy.causal_identifier.auto_identifier][INFO] - Instrumental variables for treatment and outcome:[]
[2026-04-24 04:42:43,606][dowhy.causal_identifier.auto_identifier][INFO] - Frontdoor variables for treatment and outcome:['X8', 'X12', 'X9']
[2026-04-24 04:42:43,609][dowhy.causal_identifier.auto_identifier][INFO] - Causal effect can be identified.
[2026-04-24 04:42:43,613][dowhy.causal_identifier.auto_identifier][INFO] - Causal effect can be identified.
[2026-04-24 04:42:43,614][dowhy.causal_model][INFO] - linear_regression
[2026-04-24 04:42:43,614][dowhy.causal_estimator][INFO] - INFO: Using Linear Regression Estimator
[2026-04-24 04:42:43,615][dowhy.causal_estimator][INFO] - b: X10~X3+X3*X5+X3*X4+X3*X7+X3*X6+X3*X1+X3*X0+X3*X2
[2026-04-24 04:42:43,624][dowhy.causal_model][INFO] - Model to find the causal effect of treatment ['X3'] on outcome ['X11']
[2026-04-24 04:42:43,624][dowhy.causal_identifier.auto_identifier][WARNING] - No directed path from treatment to outcome. Causal Effect is zero.
[2026-04-24 04:42:43,624][dowhy.causal_model][INFO] - linear_regression
[2026-04-24 04:42:43,624][dowhy.causal_estimator][INFO] - INFO: Using Linear Regression Estimator
[2026-04-24 04:42:43,624][dowhy.causal_estimator][WARNING] - No directed path from ['X3'] to ['X11'].
[2026-04-24 04:42:43,626][dowhy.causal_model][INFO] - Model to find the causal effect of treatment ['X3'] on outcome ['X12']
[2026-04-24 04:42:43,629][dowhy.causal_identifier.auto_identifier][INFO] - Causal effect can be identified.
[2026-04-24 04:42:43,630][dowhy.causal_identifier.auto_identifier][INFO] - Instrumental variables for treatment and outcome:[]
[2026-04-24 04:42:43,632][dowhy.causal_identifier.auto_identifier][INFO] - Frontdoor variables for treatment and outcome:[]
[2026-04-24 04:42:43,632][dowhy.causal_model][INFO] - linear_regression
[2026-04-24 04:42:43,632][dowhy.causal_estimator][INFO] - INFO: Using Linear Regression Estimator
[2026-04-24 04:42:43,632][dowhy.causal_estimator][INFO] - b: X12~X3+X3*X7+X3*X6+X3*X1+X3*X0+X3*X2
[2026-04-24 04:42:43,641][dowhy.causal_model][INFO] - Model to find the causal effect of treatment ['X3'] on outcome ['X13']
[2026-04-24 04:42:43,644][dowhy.causal_identifier.auto_identifier][INFO] - Causal effect can be identified.
[2026-04-24 04:42:43,645][dowhy.causal_identifier.auto_identifier][INFO] - Instrumental variables for treatment and outcome:[]
[2026-04-24 04:42:43,648][dowhy.causal_identifier.auto_identifier][INFO] - Frontdoor variables for treatment and outcome:['X8', 'X12', 'X9']
[2026-04-24 04:42:43,651][dowhy.causal_identifier.auto_identifier][INFO] - Causal effect can be identified.
[2026-04-24 04:42:43,655][dowhy.causal_identifier.auto_identifier][INFO] - Causal effect can be identified.
[2026-04-24 04:42:43,656][dowhy.causal_model][INFO] - linear_regression
[2026-04-24 04:42:43,657][dowhy.causal_estimator][INFO] - INFO: Using Linear Regression Estimator
[2026-04-24 04:42:43,657][dowhy.causal_estimator][INFO] - b: X13~X3+X3*X5+X3*X4+X3*X7+X3*X6+X3*X1+X3*X0+X3*X2
[2026-04-24 04:42:43,702][dowhy.causal_model][INFO] - Model to find the causal effect of treatment ['X4'] on outcome ['X0']
[2026-04-24 04:42:43,702][dowhy.causal_identifier.auto_identifier][WARNING] - No directed path from treatment to outcome. Causal Effect is zero.
[2026-04-24 04:42:43,702][dowhy.causal_model][INFO] - linear_regression
[2026-04-24 04:42:43,702][dowhy.causal_estimator][INFO] - INFO: Using Linear Regression Estimator
[2026-04-24 04:42:43,702][dowhy.causal_estimator][WARNING] - No directed path from ['X4'] to ['X0'].
[2026-04-24 04:42:43,704][dowhy.causal_model][INFO] - Model to find the causal effect of treatment ['X4'] on outcome ['X1']
[2026-04-24 04:42:43,704][dowhy.causal_identifier.auto_identifier][WARNING] - No directed path from treatment to outcome. Causal Effect is zero.
[2026-04-24 04:42:43,704][dowhy.causal_model][INFO] - linear_regression
[2026-04-24 04:42:43,704][dowhy.causal_estimator][INFO] - INFO: Using Linear Regression Estimator
[2026-04-24 04:42:43,704][dowhy.causal_estimator][WARNING] - No directed path from ['X4'] to ['X1'].
[2026-04-24 04:42:43,706][dowhy.causal_model][INFO] - Model to find the causal effect of treatment ['X4'] on outcome ['X2']
[2026-04-24 04:42:43,706][dowhy.causal_identifier.auto_identifier][WARNING] - No directed path from treatment to outcome. Causal Effect is zero.
[2026-04-24 04:42:43,706][dowhy.causal_model][INFO] - linear_regression
[2026-04-24 04:42:43,706][dowhy.causal_estimator][INFO] - INFO: Using Linear Regression Estimator
[2026-04-24 04:42:43,706][dowhy.causal_estimator][WARNING] - No directed path from ['X4'] to ['X2'].
[2026-04-24 04:42:43,707][dowhy.causal_model][INFO] - Model to find the causal effect of treatment ['X4'] on outcome ['X3']
[2026-04-24 04:42:43,707][dowhy.causal_identifier.auto_identifier][WARNING] - No directed path from treatment to outcome. Causal Effect is zero.
[2026-04-24 04:42:43,707][dowhy.causal_model][INFO] - linear_regression
[2026-04-24 04:42:43,708][dowhy.causal_estimator][INFO] - INFO: Using Linear Regression Estimator
[2026-04-24 04:42:43,708][dowhy.causal_estimator][WARNING] - No directed path from ['X4'] to ['X3'].
[2026-04-24 04:42:43,709][dowhy.causal_model][INFO] - Model to find the causal effect of treatment ['X4'] on outcome ['X5']
[2026-04-24 04:42:43,709][dowhy.causal_identifier.auto_identifier][WARNING] - No directed path from treatment to outcome. Causal Effect is zero.
[2026-04-24 04:42:43,709][dowhy.causal_model][INFO] - linear_regression
[2026-04-24 04:42:43,709][dowhy.causal_estimator][INFO] - INFO: Using Linear Regression Estimator
[2026-04-24 04:42:43,709][dowhy.causal_estimator][WARNING] - No directed path from ['X4'] to ['X5'].
[2026-04-24 04:42:43,711][dowhy.causal_model][INFO] - Model to find the causal effect of treatment ['X4'] on outcome ['X6']
[2026-04-24 04:42:43,711][dowhy.causal_identifier.auto_identifier][WARNING] - No directed path from treatment to outcome. Causal Effect is zero.
[2026-04-24 04:42:43,711][dowhy.causal_model][INFO] - linear_regression
[2026-04-24 04:42:43,711][dowhy.causal_estimator][INFO] - INFO: Using Linear Regression Estimator
[2026-04-24 04:42:43,711][dowhy.causal_estimator][WARNING] - No directed path from ['X4'] to ['X6'].
[2026-04-24 04:42:43,713][dowhy.causal_model][INFO] - Model to find the causal effect of treatment ['X4'] on outcome ['X7']
[2026-04-24 04:42:43,713][dowhy.causal_identifier.auto_identifier][WARNING] - No directed path from treatment to outcome. Causal Effect is zero.
[2026-04-24 04:42:43,713][dowhy.causal_model][INFO] - linear_regression
[2026-04-24 04:42:43,713][dowhy.causal_estimator][INFO] - INFO: Using Linear Regression Estimator
[2026-04-24 04:42:43,713][dowhy.causal_estimator][WARNING] - No directed path from ['X4'] to ['X7'].
[2026-04-24 04:42:43,715][dowhy.causal_model][INFO] - Model to find the causal effect of treatment ['X4'] on outcome ['X8']
[2026-04-24 04:42:43,715][dowhy.causal_identifier.auto_identifier][WARNING] - No directed path from treatment to outcome. Causal Effect is zero.
[2026-04-24 04:42:43,715][dowhy.causal_model][INFO] - linear_regression
[2026-04-24 04:42:43,715][dowhy.causal_estimator][INFO] - INFO: Using Linear Regression Estimator
[2026-04-24 04:42:43,715][dowhy.causal_estimator][WARNING] - No directed path from ['X4'] to ['X8'].
[2026-04-24 04:42:43,717][dowhy.causal_model][INFO] - Model to find the causal effect of treatment ['X4'] on outcome ['X9']
[2026-04-24 04:42:43,717][dowhy.causal_identifier.auto_identifier][WARNING] - No directed path from treatment to outcome. Causal Effect is zero.
[2026-04-24 04:42:43,717][dowhy.causal_model][INFO] - linear_regression
[2026-04-24 04:42:43,717][dowhy.causal_estimator][INFO] - INFO: Using Linear Regression Estimator
[2026-04-24 04:42:43,717][dowhy.causal_estimator][WARNING] - No directed path from ['X4'] to ['X9'].
[2026-04-24 04:42:43,719][dowhy.causal_model][INFO] - Model to find the causal effect of treatment ['X4'] on outcome ['X10']
[2026-04-24 04:42:43,722][dowhy.causal_identifier.auto_identifier][INFO] - Causal effect can be identified.
[2026-04-24 04:42:43,723][dowhy.causal_identifier.auto_identifier][INFO] - Instrumental variables for treatment and outcome:[]
[2026-04-24 04:42:43,724][dowhy.causal_identifier.auto_identifier][INFO] - Frontdoor variables for treatment and outcome:[]
[2026-04-24 04:42:43,724][dowhy.causal_model][INFO] - linear_regression
[2026-04-24 04:42:43,724][dowhy.causal_estimator][INFO] - INFO: Using Linear Regression Estimator
[2026-04-24 04:42:43,724][dowhy.causal_estimator][INFO] - b: X10~X4+X4*X8+X4*X7+X4*X6+X4*X3+X4*X9+X4*X2+X4*X5+X4*X1+X4*X0
[2026-04-24 04:42:43,733][dowhy.causal_model][INFO] - Model to find the causal effect of treatment ['X4'] on outcome ['X11']
[2026-04-24 04:42:43,733][dowhy.causal_identifier.auto_identifier][WARNING] - No directed path from treatment to outcome. Causal Effect is zero.
[2026-04-24 04:42:43,733][dowhy.causal_model][INFO] - linear_regression
[2026-04-24 04:42:43,733][dowhy.causal_estimator][INFO] - INFO: Using Linear Regression Estimator
[2026-04-24 04:42:43,733][dowhy.causal_estimator][WARNING] - No directed path from ['X4'] to ['X11'].
[2026-04-24 04:42:43,735][dowhy.causal_model][INFO] - Model to find the causal effect of treatment ['X4'] on outcome ['X12']
[2026-04-24 04:42:43,735][dowhy.causal_identifier.auto_identifier][WARNING] - No directed path from treatment to outcome. Causal Effect is zero.
[2026-04-24 04:42:43,735][dowhy.causal_model][INFO] - linear_regression
[2026-04-24 04:42:43,735][dowhy.causal_estimator][INFO] - INFO: Using Linear Regression Estimator
[2026-04-24 04:42:43,735][dowhy.causal_estimator][WARNING] - No directed path from ['X4'] to ['X12'].
[2026-04-24 04:42:43,737][dowhy.causal_model][INFO] - Model to find the causal effect of treatment ['X4'] on outcome ['X13']
[2026-04-24 04:42:43,740][dowhy.causal_identifier.auto_identifier][INFO] - Causal effect can be identified.
[2026-04-24 04:42:43,742][dowhy.causal_identifier.auto_identifier][INFO] - Instrumental variables for treatment and outcome:[]
[2026-04-24 04:42:43,742][dowhy.causal_identifier.auto_identifier][INFO] - Frontdoor variables for treatment and outcome:[]
[2026-04-24 04:42:43,742][dowhy.causal_model][INFO] - linear_regression
[2026-04-24 04:42:43,742][dowhy.causal_estimator][INFO] - INFO: Using Linear Regression Estimator
[2026-04-24 04:42:43,742][dowhy.causal_estimator][INFO] - b: X13~X4+X4*X8+X4*X7+X4*X6+X4*X9+X4*X3+X4*X2+X4*X5+X4*X1+X4*X0
[2026-04-24 04:42:43,785][dowhy.causal_model][INFO] - Model to find the causal effect of treatment ['X5'] on outcome ['X0']
[2026-04-24 04:42:43,785][dowhy.causal_identifier.auto_identifier][WARNING] - No directed path from treatment to outcome. Causal Effect is zero.
[2026-04-24 04:42:43,785][dowhy.causal_model][INFO] - linear_regression
[2026-04-24 04:42:43,785][dowhy.causal_estimator][INFO] - INFO: Using Linear Regression Estimator
[2026-04-24 04:42:43,785][dowhy.causal_estimator][WARNING] - No directed path from ['X5'] to ['X0'].
[2026-04-24 04:42:43,787][dowhy.causal_model][INFO] - Model to find the causal effect of treatment ['X5'] on outcome ['X1']
[2026-04-24 04:42:43,787][dowhy.causal_identifier.auto_identifier][WARNING] - No directed path from treatment to outcome. Causal Effect is zero.
[2026-04-24 04:42:43,787][dowhy.causal_model][INFO] - linear_regression
[2026-04-24 04:42:43,787][dowhy.causal_estimator][INFO] - INFO: Using Linear Regression Estimator
[2026-04-24 04:42:43,787][dowhy.causal_estimator][WARNING] - No directed path from ['X5'] to ['X1'].
[2026-04-24 04:42:43,789][dowhy.causal_model][INFO] - Model to find the causal effect of treatment ['X5'] on outcome ['X2']
[2026-04-24 04:42:43,789][dowhy.causal_identifier.auto_identifier][WARNING] - No directed path from treatment to outcome. Causal Effect is zero.
[2026-04-24 04:42:43,789][dowhy.causal_model][INFO] - linear_regression
[2026-04-24 04:42:43,789][dowhy.causal_estimator][INFO] - INFO: Using Linear Regression Estimator
[2026-04-24 04:42:43,789][dowhy.causal_estimator][WARNING] - No directed path from ['X5'] to ['X2'].
[2026-04-24 04:42:43,791][dowhy.causal_model][INFO] - Model to find the causal effect of treatment ['X5'] on outcome ['X3']
[2026-04-24 04:42:43,791][dowhy.causal_identifier.auto_identifier][WARNING] - No directed path from treatment to outcome. Causal Effect is zero.
[2026-04-24 04:42:43,791][dowhy.causal_model][INFO] - linear_regression
[2026-04-24 04:42:43,791][dowhy.causal_estimator][INFO] - INFO: Using Linear Regression Estimator
[2026-04-24 04:42:43,791][dowhy.causal_estimator][WARNING] - No directed path from ['X5'] to ['X3'].
[2026-04-24 04:42:43,793][dowhy.causal_model][INFO] - Model to find the causal effect of treatment ['X5'] on outcome ['X4']
[2026-04-24 04:42:43,793][dowhy.causal_identifier.auto_identifier][WARNING] - No directed path from treatment to outcome. Causal Effect is zero.
[2026-04-24 04:42:43,793][dowhy.causal_model][INFO] - linear_regression
[2026-04-24 04:42:43,793][dowhy.causal_estimator][INFO] - INFO: Using Linear Regression Estimator
[2026-04-24 04:42:43,793][dowhy.causal_estimator][WARNING] - No directed path from ['X5'] to ['X4'].
[2026-04-24 04:42:43,795][dowhy.causal_model][INFO] - Model to find the causal effect of treatment ['X5'] on outcome ['X6']
[2026-04-24 04:42:43,795][dowhy.causal_identifier.auto_identifier][WARNING] - No directed path from treatment to outcome. Causal Effect is zero.
[2026-04-24 04:42:43,795][dowhy.causal_model][INFO] - linear_regression
[2026-04-24 04:42:43,795][dowhy.causal_estimator][INFO] - INFO: Using Linear Regression Estimator
[2026-04-24 04:42:43,795][dowhy.causal_estimator][WARNING] - No directed path from ['X5'] to ['X6'].
[2026-04-24 04:42:43,797][dowhy.causal_model][INFO] - Model to find the causal effect of treatment ['X5'] on outcome ['X7']
[2026-04-24 04:42:43,797][dowhy.causal_identifier.auto_identifier][WARNING] - No directed path from treatment to outcome. Causal Effect is zero.
[2026-04-24 04:42:43,797][dowhy.causal_model][INFO] - linear_regression
[2026-04-24 04:42:43,797][dowhy.causal_estimator][INFO] - INFO: Using Linear Regression Estimator
[2026-04-24 04:42:43,797][dowhy.causal_estimator][WARNING] - No directed path from ['X5'] to ['X7'].
[2026-04-24 04:42:43,799][dowhy.causal_model][INFO] - Model to find the causal effect of treatment ['X5'] on outcome ['X8']
[2026-04-24 04:42:43,799][dowhy.causal_identifier.auto_identifier][WARNING] - No directed path from treatment to outcome. Causal Effect is zero.
[2026-04-24 04:42:43,800][dowhy.causal_model][INFO] - linear_regression
[2026-04-24 04:42:43,800][dowhy.causal_estimator][INFO] - INFO: Using Linear Regression Estimator
[2026-04-24 04:42:43,800][dowhy.causal_estimator][WARNING] - No directed path from ['X5'] to ['X8'].
[2026-04-24 04:42:43,802][dowhy.causal_model][INFO] - Model to find the causal effect of treatment ['X5'] on outcome ['X9']
[2026-04-24 04:42:43,802][dowhy.causal_identifier.auto_identifier][WARNING] - No directed path from treatment to outcome. Causal Effect is zero.
[2026-04-24 04:42:43,802][dowhy.causal_model][INFO] - linear_regression
[2026-04-24 04:42:43,802][dowhy.causal_estimator][INFO] - INFO: Using Linear Regression Estimator
[2026-04-24 04:42:43,802][dowhy.causal_estimator][WARNING] - No directed path from ['X5'] to ['X9'].
[2026-04-24 04:42:43,804][dowhy.causal_model][INFO] - Model to find the causal effect of treatment ['X5'] on outcome ['X10']
[2026-04-24 04:42:43,807][dowhy.causal_identifier.auto_identifier][INFO] - Causal effect can be identified.
[2026-04-24 04:42:43,809][dowhy.causal_identifier.auto_identifier][INFO] - Instrumental variables for treatment and outcome:[]
[2026-04-24 04:42:43,809][dowhy.causal_identifier.auto_identifier][INFO] - Frontdoor variables for treatment and outcome:[]
[2026-04-24 04:42:43,809][dowhy.causal_model][INFO] - linear_regression
[2026-04-24 04:42:43,809][dowhy.causal_estimator][INFO] - INFO: Using Linear Regression Estimator
[2026-04-24 04:42:43,809][dowhy.causal_estimator][INFO] - b: X10~X5+X5*X8+X5*X7+X5*X6+X5*X3+X5*X9+X5*X2+X5*X4+X5*X1+X5*X0
[2026-04-24 04:42:43,819][dowhy.causal_model][INFO] - Model to find the causal effect of treatment ['X5'] on outcome ['X11']
[2026-04-24 04:42:43,819][dowhy.causal_identifier.auto_identifier][WARNING] - No directed path from treatment to outcome. Causal Effect is zero.
[2026-04-24 04:42:43,819][dowhy.causal_model][INFO] - linear_regression
[2026-04-24 04:42:43,819][dowhy.causal_estimator][INFO] - INFO: Using Linear Regression Estimator
[2026-04-24 04:42:43,819][dowhy.causal_estimator][WARNING] - No directed path from ['X5'] to ['X11'].
[2026-04-24 04:42:43,821][dowhy.causal_model][INFO] - Model to find the causal effect of treatment ['X5'] on outcome ['X12']
[2026-04-24 04:42:43,821][dowhy.causal_identifier.auto_identifier][WARNING] - No directed path from treatment to outcome. Causal Effect is zero.
[2026-04-24 04:42:43,821][dowhy.causal_model][INFO] - linear_regression
[2026-04-24 04:42:43,821][dowhy.causal_estimator][INFO] - INFO: Using Linear Regression Estimator
[2026-04-24 04:42:43,821][dowhy.causal_estimator][WARNING] - No directed path from ['X5'] to ['X12'].
[2026-04-24 04:42:43,823][dowhy.causal_model][INFO] - Model to find the causal effect of treatment ['X5'] on outcome ['X13']
[2026-04-24 04:42:43,827][dowhy.causal_identifier.auto_identifier][INFO] - Causal effect can be identified.
[2026-04-24 04:42:43,828][dowhy.causal_identifier.auto_identifier][INFO] - Instrumental variables for treatment and outcome:[]
[2026-04-24 04:42:43,828][dowhy.causal_identifier.auto_identifier][INFO] - Frontdoor variables for treatment and outcome:[]
[2026-04-24 04:42:43,829][dowhy.causal_model][INFO] - linear_regression
[2026-04-24 04:42:43,829][dowhy.causal_estimator][INFO] - INFO: Using Linear Regression Estimator
[2026-04-24 04:42:43,829][dowhy.causal_estimator][INFO] - b: X13~X5+X5*X8+X5*X7+X5*X6+X5*X9+X5*X3+X5*X2+X5*X4+X5*X1+X5*X0
[2026-04-24 04:42:43,878][dowhy.causal_model][INFO] - Model to find the causal effect of treatment ['X6'] on outcome ['X0']
[2026-04-24 04:42:43,879][dowhy.causal_identifier.auto_identifier][WARNING] - No directed path from treatment to outcome. Causal Effect is zero.
[2026-04-24 04:42:43,879][dowhy.causal_model][INFO] - linear_regression
[2026-04-24 04:42:43,879][dowhy.causal_estimator][INFO] - INFO: Using Linear Regression Estimator
[2026-04-24 04:42:43,879][dowhy.causal_estimator][WARNING] - No directed path from ['X6'] to ['X0'].
[2026-04-24 04:42:43,881][dowhy.causal_model][INFO] - Model to find the causal effect of treatment ['X6'] on outcome ['X1']
[2026-04-24 04:42:43,881][dowhy.causal_identifier.auto_identifier][WARNING] - No directed path from treatment to outcome. Causal Effect is zero.
[2026-04-24 04:42:43,881][dowhy.causal_model][INFO] - linear_regression
[2026-04-24 04:42:43,881][dowhy.causal_estimator][INFO] - INFO: Using Linear Regression Estimator
[2026-04-24 04:42:43,881][dowhy.causal_estimator][WARNING] - No directed path from ['X6'] to ['X1'].
[2026-04-24 04:42:43,883][dowhy.causal_model][INFO] - Model to find the causal effect of treatment ['X6'] on outcome ['X2']
[2026-04-24 04:42:43,883][dowhy.causal_identifier.auto_identifier][WARNING] - No directed path from treatment to outcome. Causal Effect is zero.
[2026-04-24 04:42:43,883][dowhy.causal_model][INFO] - linear_regression
[2026-04-24 04:42:43,883][dowhy.causal_estimator][INFO] - INFO: Using Linear Regression Estimator
[2026-04-24 04:42:43,883][dowhy.causal_estimator][WARNING] - No directed path from ['X6'] to ['X2'].
[2026-04-24 04:42:43,884][dowhy.causal_model][INFO] - Model to find the causal effect of treatment ['X6'] on outcome ['X3']
[2026-04-24 04:42:43,885][dowhy.causal_identifier.auto_identifier][WARNING] - No directed path from treatment to outcome. Causal Effect is zero.
[2026-04-24 04:42:43,885][dowhy.causal_model][INFO] - linear_regression
[2026-04-24 04:42:43,885][dowhy.causal_estimator][INFO] - INFO: Using Linear Regression Estimator
[2026-04-24 04:42:43,885][dowhy.causal_estimator][WARNING] - No directed path from ['X6'] to ['X3'].
[2026-04-24 04:42:43,886][dowhy.causal_model][INFO] - Model to find the causal effect of treatment ['X6'] on outcome ['X4']
[2026-04-24 04:42:43,886][dowhy.causal_identifier.auto_identifier][WARNING] - No directed path from treatment to outcome. Causal Effect is zero.
[2026-04-24 04:42:43,887][dowhy.causal_model][INFO] - linear_regression
[2026-04-24 04:42:43,887][dowhy.causal_estimator][INFO] - INFO: Using Linear Regression Estimator
[2026-04-24 04:42:43,887][dowhy.causal_estimator][WARNING] - No directed path from ['X6'] to ['X4'].
[2026-04-24 04:42:43,888][dowhy.causal_model][INFO] - Model to find the causal effect of treatment ['X6'] on outcome ['X5']
[2026-04-24 04:42:43,888][dowhy.causal_identifier.auto_identifier][WARNING] - No directed path from treatment to outcome. Causal Effect is zero.
[2026-04-24 04:42:43,888][dowhy.causal_model][INFO] - linear_regression
[2026-04-24 04:42:43,888][dowhy.causal_estimator][INFO] - INFO: Using Linear Regression Estimator
[2026-04-24 04:42:43,889][dowhy.causal_estimator][WARNING] - No directed path from ['X6'] to ['X5'].
[2026-04-24 04:42:43,890][dowhy.causal_model][INFO] - Model to find the causal effect of treatment ['X6'] on outcome ['X7']
[2026-04-24 04:42:43,892][dowhy.causal_identifier.auto_identifier][INFO] - Causal effect can be identified.
[2026-04-24 04:42:43,893][dowhy.causal_identifier.auto_identifier][INFO] - Instrumental variables for treatment and outcome:['X0']
[2026-04-24 04:42:43,893][dowhy.causal_identifier.auto_identifier][INFO] - Frontdoor variables for treatment and outcome:[]
[2026-04-24 04:42:43,893][dowhy.causal_model][INFO] - linear_regression
[2026-04-24 04:42:43,893][dowhy.causal_estimator][INFO] - INFO: Using Linear Regression Estimator
[2026-04-24 04:42:43,893][dowhy.causal_estimator][INFO] - b: X7~X6+X1
[2026-04-24 04:42:43,901][dowhy.causal_model][INFO] - Model to find the causal effect of treatment ['X6'] on outcome ['X8']
[2026-04-24 04:42:43,903][dowhy.causal_identifier.auto_identifier][INFO] - Causal effect can be identified.
[2026-04-24 04:42:43,904][dowhy.causal_identifier.auto_identifier][INFO] - Instrumental variables for treatment and outcome:['X0']
[2026-04-24 04:42:43,905][dowhy.causal_identifier.auto_identifier][INFO] - Frontdoor variables for treatment and outcome:[]
[2026-04-24 04:42:43,905][dowhy.causal_model][INFO] - linear_regression
[2026-04-24 04:42:43,905][dowhy.causal_estimator][INFO] - INFO: Using Linear Regression Estimator
[2026-04-24 04:42:43,905][dowhy.causal_estimator][INFO] - b: X8~X6+X1+X6*X2+X6*X3
[2026-04-24 04:42:43,914][dowhy.causal_model][INFO] - Model to find the causal effect of treatment ['X6'] on outcome ['X9']
[2026-04-24 04:42:43,916][dowhy.causal_identifier.auto_identifier][INFO] - Causal effect can be identified.
[2026-04-24 04:42:43,917][dowhy.causal_identifier.auto_identifier][INFO] - Instrumental variables for treatment and outcome:['X0']
[2026-04-24 04:42:43,920][dowhy.causal_identifier.auto_identifier][INFO] - Frontdoor variables for treatment and outcome:[]
[2026-04-24 04:42:43,920][dowhy.causal_model][INFO] - linear_regression
[2026-04-24 04:42:43,920][dowhy.causal_estimator][INFO] - INFO: Using Linear Regression Estimator
[2026-04-24 04:42:43,920][dowhy.causal_estimator][INFO] - b: X9~X6+X1+X6*X2+X6*X3
[2026-04-24 04:42:43,929][dowhy.causal_model][INFO] - Model to find the causal effect of treatment ['X6'] on outcome ['X10']
[2026-04-24 04:42:43,931][dowhy.causal_identifier.auto_identifier][INFO] - Causal effect can be identified.
[2026-04-24 04:42:43,932][dowhy.causal_identifier.auto_identifier][INFO] - Instrumental variables for treatment and outcome:['X0']
[2026-04-24 04:42:43,939][dowhy.causal_identifier.auto_identifier][INFO] - Frontdoor variables for treatment and outcome:[]
[2026-04-24 04:42:43,939][dowhy.causal_model][INFO] - linear_regression
[2026-04-24 04:42:43,939][dowhy.causal_estimator][INFO] - INFO: Using Linear Regression Estimator
[2026-04-24 04:42:43,939][dowhy.causal_estimator][INFO] - b: X10~X6+X1+X6*X5+X6*X4+X6*X2+X6*X3
[2026-04-24 04:42:43,949][dowhy.causal_model][INFO] - Model to find the causal effect of treatment ['X6'] on outcome ['X11']
[2026-04-24 04:42:43,950][dowhy.causal_identifier.auto_identifier][INFO] - Causal effect can be identified.
[2026-04-24 04:42:43,951][dowhy.causal_identifier.auto_identifier][INFO] - Instrumental variables for treatment and outcome:['X1']
[2026-04-24 04:42:43,957][dowhy.causal_identifier.auto_identifier][INFO] - Frontdoor variables for treatment and outcome:[]
[2026-04-24 04:42:43,957][dowhy.causal_model][INFO] - linear_regression
[2026-04-24 04:42:43,957][dowhy.causal_estimator][INFO] - INFO: Using Linear Regression Estimator
[2026-04-24 04:42:43,958][dowhy.causal_estimator][INFO] - b: X11~X6+X0
[2026-04-24 04:42:43,965][dowhy.causal_model][INFO] - Model to find the causal effect of treatment ['X6'] on outcome ['X12']
[2026-04-24 04:42:43,967][dowhy.causal_identifier.auto_identifier][INFO] - Causal effect can be identified.
[2026-04-24 04:42:43,968][dowhy.causal_identifier.auto_identifier][INFO] - Instrumental variables for treatment and outcome:['X0']
[2026-04-24 04:42:43,979][dowhy.causal_identifier.auto_identifier][INFO] - Frontdoor variables for treatment and outcome:[]
[2026-04-24 04:42:43,979][dowhy.causal_model][INFO] - linear_regression
[2026-04-24 04:42:43,979][dowhy.causal_estimator][INFO] - INFO: Using Linear Regression Estimator
[2026-04-24 04:42:43,980][dowhy.causal_estimator][INFO] - b: X12~X6+X1+X6*X2+X6*X3
[2026-04-24 04:42:43,988][dowhy.causal_model][INFO] - Model to find the causal effect of treatment ['X6'] on outcome ['X13']
[2026-04-24 04:42:43,990][dowhy.causal_identifier.auto_identifier][INFO] - Causal effect can be identified.
[2026-04-24 04:42:43,991][dowhy.causal_identifier.auto_identifier][INFO] - Instrumental variables for treatment and outcome:['X0']
[2026-04-24 04:42:44,005][dowhy.causal_identifier.auto_identifier][INFO] - Frontdoor variables for treatment and outcome:[]
[2026-04-24 04:42:44,005][dowhy.causal_model][INFO] - linear_regression
[2026-04-24 04:42:44,005][dowhy.causal_estimator][INFO] - INFO: Using Linear Regression Estimator
[2026-04-24 04:42:44,006][dowhy.causal_estimator][INFO] - b: X13~X6+X1+X6*X5+X6*X4+X6*X2+X6*X3
[2026-04-24 04:42:44,056][dowhy.causal_model][INFO] - Model to find the causal effect of treatment ['X7'] on outcome ['X0']
[2026-04-24 04:42:44,056][dowhy.causal_identifier.auto_identifier][WARNING] - No directed path from treatment to outcome. Causal Effect is zero.
[2026-04-24 04:42:44,056][dowhy.causal_model][INFO] - linear_regression
[2026-04-24 04:42:44,056][dowhy.causal_estimator][INFO] - INFO: Using Linear Regression Estimator
[2026-04-24 04:42:44,056][dowhy.causal_estimator][WARNING] - No directed path from ['X7'] to ['X0'].
[2026-04-24 04:42:44,058][dowhy.causal_model][INFO] - Model to find the causal effect of treatment ['X7'] on outcome ['X1']
[2026-04-24 04:42:44,058][dowhy.causal_identifier.auto_identifier][WARNING] - No directed path from treatment to outcome. Causal Effect is zero.
[2026-04-24 04:42:44,058][dowhy.causal_model][INFO] - linear_regression
[2026-04-24 04:42:44,058][dowhy.causal_estimator][INFO] - INFO: Using Linear Regression Estimator
[2026-04-24 04:42:44,058][dowhy.causal_estimator][WARNING] - No directed path from ['X7'] to ['X1'].
[2026-04-24 04:42:44,060][dowhy.causal_model][INFO] - Model to find the causal effect of treatment ['X7'] on outcome ['X2']
[2026-04-24 04:42:44,060][dowhy.causal_identifier.auto_identifier][WARNING] - No directed path from treatment to outcome. Causal Effect is zero.
[2026-04-24 04:42:44,060][dowhy.causal_model][INFO] - linear_regression
[2026-04-24 04:42:44,060][dowhy.causal_estimator][INFO] - INFO: Using Linear Regression Estimator
[2026-04-24 04:42:44,060][dowhy.causal_estimator][WARNING] - No directed path from ['X7'] to ['X2'].
[2026-04-24 04:42:44,062][dowhy.causal_model][INFO] - Model to find the causal effect of treatment ['X7'] on outcome ['X3']
[2026-04-24 04:42:44,062][dowhy.causal_identifier.auto_identifier][WARNING] - No directed path from treatment to outcome. Causal Effect is zero.
[2026-04-24 04:42:44,062][dowhy.causal_model][INFO] - linear_regression
[2026-04-24 04:42:44,062][dowhy.causal_estimator][INFO] - INFO: Using Linear Regression Estimator
[2026-04-24 04:42:44,062][dowhy.causal_estimator][WARNING] - No directed path from ['X7'] to ['X3'].
[2026-04-24 04:42:44,064][dowhy.causal_model][INFO] - Model to find the causal effect of treatment ['X7'] on outcome ['X4']
[2026-04-24 04:42:44,064][dowhy.causal_identifier.auto_identifier][WARNING] - No directed path from treatment to outcome. Causal Effect is zero.
[2026-04-24 04:42:44,064][dowhy.causal_model][INFO] - linear_regression
[2026-04-24 04:42:44,064][dowhy.causal_estimator][INFO] - INFO: Using Linear Regression Estimator
[2026-04-24 04:42:44,064][dowhy.causal_estimator][WARNING] - No directed path from ['X7'] to ['X4'].
[2026-04-24 04:42:44,066][dowhy.causal_model][INFO] - Model to find the causal effect of treatment ['X7'] on outcome ['X5']
[2026-04-24 04:42:44,066][dowhy.causal_identifier.auto_identifier][WARNING] - No directed path from treatment to outcome. Causal Effect is zero.
[2026-04-24 04:42:44,066][dowhy.causal_model][INFO] - linear_regression
[2026-04-24 04:42:44,066][dowhy.causal_estimator][INFO] - INFO: Using Linear Regression Estimator
[2026-04-24 04:42:44,066][dowhy.causal_estimator][WARNING] - No directed path from ['X7'] to ['X5'].
[2026-04-24 04:42:44,068][dowhy.causal_model][INFO] - Model to find the causal effect of treatment ['X7'] on outcome ['X6']
[2026-04-24 04:42:44,068][dowhy.causal_identifier.auto_identifier][WARNING] - No directed path from treatment to outcome. Causal Effect is zero.
[2026-04-24 04:42:44,068][dowhy.causal_model][INFO] - linear_regression
[2026-04-24 04:42:44,068][dowhy.causal_estimator][INFO] - INFO: Using Linear Regression Estimator
[2026-04-24 04:42:44,068][dowhy.causal_estimator][WARNING] - No directed path from ['X7'] to ['X6'].
[2026-04-24 04:42:44,070][dowhy.causal_model][INFO] - Model to find the causal effect of treatment ['X7'] on outcome ['X8']
[2026-04-24 04:42:44,073][dowhy.causal_identifier.auto_identifier][INFO] - Causal effect can be identified.
[2026-04-24 04:42:44,074][dowhy.causal_identifier.auto_identifier][INFO] - Instrumental variables for treatment and outcome:['X1', 'X6']
[2026-04-24 04:42:44,075][dowhy.causal_identifier.auto_identifier][INFO] - Frontdoor variables for treatment and outcome:[]
[2026-04-24 04:42:44,075][dowhy.causal_model][INFO] - linear_regression
[2026-04-24 04:42:44,075][dowhy.causal_estimator][INFO] - INFO: Using Linear Regression Estimator
[2026-04-24 04:42:44,075][dowhy.causal_estimator][INFO] - b: X8~X7+X7*X2+X7*X3
[2026-04-24 04:42:44,084][dowhy.causal_model][INFO] - Model to find the causal effect of treatment ['X7'] on outcome ['X9']
[2026-04-24 04:42:44,086][dowhy.causal_identifier.auto_identifier][INFO] - Causal effect can be identified.
[2026-04-24 04:42:44,087][dowhy.causal_identifier.auto_identifier][INFO] - Instrumental variables for treatment and outcome:['X1', 'X6']
[2026-04-24 04:42:44,088][dowhy.causal_identifier.auto_identifier][INFO] - Frontdoor variables for treatment and outcome:[]
[2026-04-24 04:42:44,088][dowhy.causal_model][INFO] - linear_regression
[2026-04-24 04:42:44,088][dowhy.causal_estimator][INFO] - INFO: Using Linear Regression Estimator
[2026-04-24 04:42:44,089][dowhy.causal_estimator][INFO] - b: X9~X7+X7*X2+X7*X3
[2026-04-24 04:42:44,097][dowhy.causal_model][INFO] - Model to find the causal effect of treatment ['X7'] on outcome ['X10']
[2026-04-24 04:42:44,100][dowhy.causal_identifier.auto_identifier][INFO] - Causal effect can be identified.
[2026-04-24 04:42:44,101][dowhy.causal_identifier.auto_identifier][INFO] - Instrumental variables for treatment and outcome:['X1', 'X6']
[2026-04-24 04:42:44,103][dowhy.causal_identifier.auto_identifier][INFO] - Frontdoor variables for treatment and outcome:['X8', 'X12', 'X9']
[2026-04-24 04:42:44,106][dowhy.causal_identifier.auto_identifier][INFO] - Causal effect can be identified.
[2026-04-24 04:42:44,110][dowhy.causal_identifier.auto_identifier][INFO] - Causal effect can be identified.
[2026-04-24 04:42:44,111][dowhy.causal_model][INFO] - linear_regression
[2026-04-24 04:42:44,111][dowhy.causal_estimator][INFO] - INFO: Using Linear Regression Estimator
[2026-04-24 04:42:44,111][dowhy.causal_estimator][INFO] - b: X10~X7+X7*X5+X7*X4+X7*X2+X7*X3
[2026-04-24 04:42:44,120][dowhy.causal_model][INFO] - Model to find the causal effect of treatment ['X7'] on outcome ['X11']
[2026-04-24 04:42:44,120][dowhy.causal_identifier.auto_identifier][WARNING] - No directed path from treatment to outcome. Causal Effect is zero.
[2026-04-24 04:42:44,120][dowhy.causal_model][INFO] - linear_regression
[2026-04-24 04:42:44,120][dowhy.causal_estimator][INFO] - INFO: Using Linear Regression Estimator
[2026-04-24 04:42:44,120][dowhy.causal_estimator][WARNING] - No directed path from ['X7'] to ['X11'].
[2026-04-24 04:42:44,122][dowhy.causal_model][INFO] - Model to find the causal effect of treatment ['X7'] on outcome ['X12']
[2026-04-24 04:42:44,124][dowhy.causal_identifier.auto_identifier][INFO] - Causal effect can be identified.
[2026-04-24 04:42:44,125][dowhy.causal_identifier.auto_identifier][INFO] - Instrumental variables for treatment and outcome:['X1', 'X6']
[2026-04-24 04:42:44,127][dowhy.causal_identifier.auto_identifier][INFO] - Frontdoor variables for treatment and outcome:[]
[2026-04-24 04:42:44,127][dowhy.causal_model][INFO] - linear_regression
[2026-04-24 04:42:44,127][dowhy.causal_estimator][INFO] - INFO: Using Linear Regression Estimator
[2026-04-24 04:42:44,127][dowhy.causal_estimator][INFO] - b: X12~X7+X7*X2+X7*X3
[2026-04-24 04:42:44,135][dowhy.causal_model][INFO] - Model to find the causal effect of treatment ['X7'] on outcome ['X13']
[2026-04-24 04:42:44,138][dowhy.causal_identifier.auto_identifier][INFO] - Causal effect can be identified.
[2026-04-24 04:42:44,139][dowhy.causal_identifier.auto_identifier][INFO] - Instrumental variables for treatment and outcome:['X1', 'X6']
[2026-04-24 04:42:44,141][dowhy.causal_identifier.auto_identifier][INFO] - Frontdoor variables for treatment and outcome:['X8', 'X12', 'X9']
[2026-04-24 04:42:44,144][dowhy.causal_identifier.auto_identifier][INFO] - Causal effect can be identified.
[2026-04-24 04:42:44,148][dowhy.causal_identifier.auto_identifier][INFO] - Causal effect can be identified.
[2026-04-24 04:42:44,149][dowhy.causal_model][INFO] - linear_regression
[2026-04-24 04:42:44,149][dowhy.causal_estimator][INFO] - INFO: Using Linear Regression Estimator
[2026-04-24 04:42:44,149][dowhy.causal_estimator][INFO] - b: X13~X7+X7*X5+X7*X4+X7*X2+X7*X3
[2026-04-24 04:42:44,195][dowhy.causal_model][INFO] - Model to find the causal effect of treatment ['X8'] on outcome ['X0']
[2026-04-24 04:42:44,195][dowhy.causal_identifier.auto_identifier][WARNING] - No directed path from treatment to outcome. Causal Effect is zero.
[2026-04-24 04:42:44,195][dowhy.causal_model][INFO] - linear_regression
[2026-04-24 04:42:44,195][dowhy.causal_estimator][INFO] - INFO: Using Linear Regression Estimator
[2026-04-24 04:42:44,195][dowhy.causal_estimator][WARNING] - No directed path from ['X8'] to ['X0'].
[2026-04-24 04:42:44,197][dowhy.causal_model][INFO] - Model to find the causal effect of treatment ['X8'] on outcome ['X1']
[2026-04-24 04:42:44,197][dowhy.causal_identifier.auto_identifier][WARNING] - No directed path from treatment to outcome. Causal Effect is zero.
[2026-04-24 04:42:44,197][dowhy.causal_model][INFO] - linear_regression
[2026-04-24 04:42:44,197][dowhy.causal_estimator][INFO] - INFO: Using Linear Regression Estimator
[2026-04-24 04:42:44,197][dowhy.causal_estimator][WARNING] - No directed path from ['X8'] to ['X1'].
[2026-04-24 04:42:44,199][dowhy.causal_model][INFO] - Model to find the causal effect of treatment ['X8'] on outcome ['X2']
[2026-04-24 04:42:44,199][dowhy.causal_identifier.auto_identifier][WARNING] - No directed path from treatment to outcome. Causal Effect is zero.
[2026-04-24 04:42:44,199][dowhy.causal_model][INFO] - linear_regression
[2026-04-24 04:42:44,199][dowhy.causal_estimator][INFO] - INFO: Using Linear Regression Estimator
[2026-04-24 04:42:44,199][dowhy.causal_estimator][WARNING] - No directed path from ['X8'] to ['X2'].
[2026-04-24 04:42:44,201][dowhy.causal_model][INFO] - Model to find the causal effect of treatment ['X8'] on outcome ['X3']
[2026-04-24 04:42:44,201][dowhy.causal_identifier.auto_identifier][WARNING] - No directed path from treatment to outcome. Causal Effect is zero.
[2026-04-24 04:42:44,201][dowhy.causal_model][INFO] - linear_regression
[2026-04-24 04:42:44,201][dowhy.causal_estimator][INFO] - INFO: Using Linear Regression Estimator
[2026-04-24 04:42:44,201][dowhy.causal_estimator][WARNING] - No directed path from ['X8'] to ['X3'].
[2026-04-24 04:42:44,203][dowhy.causal_model][INFO] - Model to find the causal effect of treatment ['X8'] on outcome ['X4']
[2026-04-24 04:42:44,203][dowhy.causal_identifier.auto_identifier][WARNING] - No directed path from treatment to outcome. Causal Effect is zero.
[2026-04-24 04:42:44,203][dowhy.causal_model][INFO] - linear_regression
[2026-04-24 04:42:44,203][dowhy.causal_estimator][INFO] - INFO: Using Linear Regression Estimator
[2026-04-24 04:42:44,203][dowhy.causal_estimator][WARNING] - No directed path from ['X8'] to ['X4'].
[2026-04-24 04:42:44,205][dowhy.causal_model][INFO] - Model to find the causal effect of treatment ['X8'] on outcome ['X5']
[2026-04-24 04:42:44,205][dowhy.causal_identifier.auto_identifier][WARNING] - No directed path from treatment to outcome. Causal Effect is zero.
[2026-04-24 04:42:44,205][dowhy.causal_model][INFO] - linear_regression
[2026-04-24 04:42:44,205][dowhy.causal_estimator][INFO] - INFO: Using Linear Regression Estimator
[2026-04-24 04:42:44,205][dowhy.causal_estimator][WARNING] - No directed path from ['X8'] to ['X5'].
[2026-04-24 04:42:44,207][dowhy.causal_model][INFO] - Model to find the causal effect of treatment ['X8'] on outcome ['X6']
[2026-04-24 04:42:44,207][dowhy.causal_identifier.auto_identifier][WARNING] - No directed path from treatment to outcome. Causal Effect is zero.
[2026-04-24 04:42:44,207][dowhy.causal_model][INFO] - linear_regression
[2026-04-24 04:42:44,207][dowhy.causal_estimator][INFO] - INFO: Using Linear Regression Estimator
[2026-04-24 04:42:44,207][dowhy.causal_estimator][WARNING] - No directed path from ['X8'] to ['X6'].
[2026-04-24 04:42:44,209][dowhy.causal_model][INFO] - Model to find the causal effect of treatment ['X8'] on outcome ['X7']
[2026-04-24 04:42:44,209][dowhy.causal_identifier.auto_identifier][WARNING] - No directed path from treatment to outcome. Causal Effect is zero.
[2026-04-24 04:42:44,209][dowhy.causal_model][INFO] - linear_regression
[2026-04-24 04:42:44,209][dowhy.causal_estimator][INFO] - INFO: Using Linear Regression Estimator
[2026-04-24 04:42:44,209][dowhy.causal_estimator][WARNING] - No directed path from ['X8'] to ['X7'].
[2026-04-24 04:42:44,211][dowhy.causal_model][INFO] - Model to find the causal effect of treatment ['X8'] on outcome ['X9']
[2026-04-24 04:42:44,214][dowhy.causal_identifier.auto_identifier][INFO] - Causal effect can be identified.
[2026-04-24 04:42:44,215][dowhy.causal_identifier.auto_identifier][INFO] - Instrumental variables for treatment and outcome:['X7', 'X2']
[2026-04-24 04:42:44,215][dowhy.causal_identifier.auto_identifier][INFO] - Frontdoor variables for treatment and outcome:[]
[2026-04-24 04:42:44,215][dowhy.causal_model][INFO] - linear_regression
[2026-04-24 04:42:44,215][dowhy.causal_estimator][INFO] - INFO: Using Linear Regression Estimator
[2026-04-24 04:42:44,216][dowhy.causal_estimator][INFO] - b: X9~X8+X3
[2026-04-24 04:42:44,224][dowhy.causal_model][INFO] - Model to find the causal effect of treatment ['X8'] on outcome ['X10']
[2026-04-24 04:42:44,228][dowhy.causal_identifier.auto_identifier][INFO] - Causal effect can be identified.
[2026-04-24 04:42:44,228][dowhy.causal_identifier.auto_identifier][INFO] - Instrumental variables for treatment and outcome:['X7', 'X2']
[2026-04-24 04:42:44,229][dowhy.causal_identifier.auto_identifier][INFO] - Frontdoor variables for treatment and outcome:[]
[2026-04-24 04:42:44,229][dowhy.causal_model][INFO] - linear_regression
[2026-04-24 04:42:44,229][dowhy.causal_estimator][INFO] - INFO: Using Linear Regression Estimator
[2026-04-24 04:42:44,230][dowhy.causal_estimator][INFO] - b: X10~X8+X3+X8*X5+X8*X4
[2026-04-24 04:42:44,240][dowhy.causal_model][INFO] - Model to find the causal effect of treatment ['X8'] on outcome ['X11']
[2026-04-24 04:42:44,240][dowhy.causal_identifier.auto_identifier][WARNING] - No directed path from treatment to outcome. Causal Effect is zero.
[2026-04-24 04:42:44,240][dowhy.causal_model][INFO] - linear_regression
[2026-04-24 04:42:44,240][dowhy.causal_estimator][INFO] - INFO: Using Linear Regression Estimator
[2026-04-24 04:42:44,240][dowhy.causal_estimator][WARNING] - No directed path from ['X8'] to ['X11'].
[2026-04-24 04:42:44,242][dowhy.causal_model][INFO] - Model to find the causal effect of treatment ['X8'] on outcome ['X12']
[2026-04-24 04:42:44,245][dowhy.causal_identifier.auto_identifier][INFO] - Causal effect can be identified.
[2026-04-24 04:42:44,246][dowhy.causal_identifier.auto_identifier][INFO] - Instrumental variables for treatment and outcome:['X7', 'X2']
[2026-04-24 04:42:44,247][dowhy.causal_identifier.auto_identifier][INFO] - Frontdoor variables for treatment and outcome:[]
[2026-04-24 04:42:44,247][dowhy.causal_model][INFO] - linear_regression
[2026-04-24 04:42:44,247][dowhy.causal_estimator][INFO] - INFO: Using Linear Regression Estimator
[2026-04-24 04:42:44,247][dowhy.causal_estimator][INFO] - b: X12~X8+X3
[2026-04-24 04:42:44,256][dowhy.causal_model][INFO] - Model to find the causal effect of treatment ['X8'] on outcome ['X13']
[2026-04-24 04:42:44,259][dowhy.causal_identifier.auto_identifier][INFO] - Causal effect can be identified.
[2026-04-24 04:42:44,260][dowhy.causal_identifier.auto_identifier][INFO] - Instrumental variables for treatment and outcome:['X7', 'X2']
[2026-04-24 04:42:44,261][dowhy.causal_identifier.auto_identifier][INFO] - Frontdoor variables for treatment and outcome:[]
[2026-04-24 04:42:44,262][dowhy.causal_model][INFO] - linear_regression
[2026-04-24 04:42:44,262][dowhy.causal_estimator][INFO] - INFO: Using Linear Regression Estimator
[2026-04-24 04:42:44,262][dowhy.causal_estimator][INFO] - b: X13~X8+X3+X8*X5+X8*X4
[2026-04-24 04:42:44,312][dowhy.causal_model][INFO] - Model to find the causal effect of treatment ['X9'] on outcome ['X0']
[2026-04-24 04:42:44,313][dowhy.causal_identifier.auto_identifier][WARNING] - No directed path from treatment to outcome. Causal Effect is zero.
[2026-04-24 04:42:44,313][dowhy.causal_model][INFO] - linear_regression
[2026-04-24 04:42:44,313][dowhy.causal_estimator][INFO] - INFO: Using Linear Regression Estimator
[2026-04-24 04:42:44,313][dowhy.causal_estimator][WARNING] - No directed path from ['X9'] to ['X0'].
[2026-04-24 04:42:44,315][dowhy.causal_model][INFO] - Model to find the causal effect of treatment ['X9'] on outcome ['X1']
[2026-04-24 04:42:44,315][dowhy.causal_identifier.auto_identifier][WARNING] - No directed path from treatment to outcome. Causal Effect is zero.
[2026-04-24 04:42:44,315][dowhy.causal_model][INFO] - linear_regression
[2026-04-24 04:42:44,315][dowhy.causal_estimator][INFO] - INFO: Using Linear Regression Estimator
[2026-04-24 04:42:44,315][dowhy.causal_estimator][WARNING] - No directed path from ['X9'] to ['X1'].
[2026-04-24 04:42:44,316][dowhy.causal_model][INFO] - Model to find the causal effect of treatment ['X9'] on outcome ['X2']
[2026-04-24 04:42:44,317][dowhy.causal_identifier.auto_identifier][WARNING] - No directed path from treatment to outcome. Causal Effect is zero.
[2026-04-24 04:42:44,317][dowhy.causal_model][INFO] - linear_regression
[2026-04-24 04:42:44,317][dowhy.causal_estimator][INFO] - INFO: Using Linear Regression Estimator
[2026-04-24 04:42:44,317][dowhy.causal_estimator][WARNING] - No directed path from ['X9'] to ['X2'].
[2026-04-24 04:42:44,318][dowhy.causal_model][INFO] - Model to find the causal effect of treatment ['X9'] on outcome ['X3']
[2026-04-24 04:42:44,318][dowhy.causal_identifier.auto_identifier][WARNING] - No directed path from treatment to outcome. Causal Effect is zero.
[2026-04-24 04:42:44,318][dowhy.causal_model][INFO] - linear_regression
[2026-04-24 04:42:44,318][dowhy.causal_estimator][INFO] - INFO: Using Linear Regression Estimator
[2026-04-24 04:42:44,319][dowhy.causal_estimator][WARNING] - No directed path from ['X9'] to ['X3'].
[2026-04-24 04:42:44,320][dowhy.causal_model][INFO] - Model to find the causal effect of treatment ['X9'] on outcome ['X4']
[2026-04-24 04:42:44,320][dowhy.causal_identifier.auto_identifier][WARNING] - No directed path from treatment to outcome. Causal Effect is zero.
[2026-04-24 04:42:44,320][dowhy.causal_model][INFO] - linear_regression
[2026-04-24 04:42:44,320][dowhy.causal_estimator][INFO] - INFO: Using Linear Regression Estimator
[2026-04-24 04:42:44,320][dowhy.causal_estimator][WARNING] - No directed path from ['X9'] to ['X4'].
[2026-04-24 04:42:44,322][dowhy.causal_model][INFO] - Model to find the causal effect of treatment ['X9'] on outcome ['X5']
[2026-04-24 04:42:44,322][dowhy.causal_identifier.auto_identifier][WARNING] - No directed path from treatment to outcome. Causal Effect is zero.
[2026-04-24 04:42:44,322][dowhy.causal_model][INFO] - linear_regression
[2026-04-24 04:42:44,322][dowhy.causal_estimator][INFO] - INFO: Using Linear Regression Estimator
[2026-04-24 04:42:44,322][dowhy.causal_estimator][WARNING] - No directed path from ['X9'] to ['X5'].
[2026-04-24 04:42:44,324][dowhy.causal_model][INFO] - Model to find the causal effect of treatment ['X9'] on outcome ['X6']
[2026-04-24 04:42:44,324][dowhy.causal_identifier.auto_identifier][WARNING] - No directed path from treatment to outcome. Causal Effect is zero.
[2026-04-24 04:42:44,324][dowhy.causal_model][INFO] - linear_regression
[2026-04-24 04:42:44,324][dowhy.causal_estimator][INFO] - INFO: Using Linear Regression Estimator
[2026-04-24 04:42:44,324][dowhy.causal_estimator][WARNING] - No directed path from ['X9'] to ['X6'].
[2026-04-24 04:42:44,326][dowhy.causal_model][INFO] - Model to find the causal effect of treatment ['X9'] on outcome ['X7']
[2026-04-24 04:42:44,326][dowhy.causal_identifier.auto_identifier][WARNING] - No directed path from treatment to outcome. Causal Effect is zero.
[2026-04-24 04:42:44,326][dowhy.causal_model][INFO] - linear_regression
[2026-04-24 04:42:44,326][dowhy.causal_estimator][INFO] - INFO: Using Linear Regression Estimator
[2026-04-24 04:42:44,326][dowhy.causal_estimator][WARNING] - No directed path from ['X9'] to ['X7'].
[2026-04-24 04:42:44,328][dowhy.causal_model][INFO] - Model to find the causal effect of treatment ['X9'] on outcome ['X8']
[2026-04-24 04:42:44,328][dowhy.causal_identifier.auto_identifier][WARNING] - No directed path from treatment to outcome. Causal Effect is zero.
[2026-04-24 04:42:44,328][dowhy.causal_model][INFO] - linear_regression
[2026-04-24 04:42:44,328][dowhy.causal_estimator][INFO] - INFO: Using Linear Regression Estimator
[2026-04-24 04:42:44,328][dowhy.causal_estimator][WARNING] - No directed path from ['X9'] to ['X8'].
[2026-04-24 04:42:44,330][dowhy.causal_model][INFO] - Model to find the causal effect of treatment ['X9'] on outcome ['X10']
[2026-04-24 04:42:44,333][dowhy.causal_identifier.auto_identifier][INFO] - Causal effect can be identified.
[2026-04-24 04:42:44,335][dowhy.causal_identifier.auto_identifier][INFO] - Instrumental variables for treatment and outcome:['X8', 'X3']
[2026-04-24 04:42:44,335][dowhy.causal_identifier.auto_identifier][INFO] - Frontdoor variables for treatment and outcome:[]
[2026-04-24 04:42:44,335][dowhy.causal_model][INFO] - linear_regression
[2026-04-24 04:42:44,335][dowhy.causal_estimator][INFO] - INFO: Using Linear Regression Estimator
[2026-04-24 04:42:44,335][dowhy.causal_estimator][INFO] - b: X10~X9+X9*X5+X9*X4
[2026-04-24 04:42:44,343][dowhy.causal_model][INFO] - Model to find the causal effect of treatment ['X9'] on outcome ['X11']
[2026-04-24 04:42:44,343][dowhy.causal_identifier.auto_identifier][WARNING] - No directed path from treatment to outcome. Causal Effect is zero.
[2026-04-24 04:42:44,343][dowhy.causal_model][INFO] - linear_regression
[2026-04-24 04:42:44,343][dowhy.causal_estimator][INFO] - INFO: Using Linear Regression Estimator
[2026-04-24 04:42:44,343][dowhy.causal_estimator][WARNING] - No directed path from ['X9'] to ['X11'].
[2026-04-24 04:42:44,345][dowhy.causal_model][INFO] - Model to find the causal effect of treatment ['X9'] on outcome ['X12']
[2026-04-24 04:42:44,345][dowhy.causal_identifier.auto_identifier][WARNING] - No directed path from treatment to outcome. Causal Effect is zero.
[2026-04-24 04:42:44,345][dowhy.causal_model][INFO] - linear_regression
[2026-04-24 04:42:44,345][dowhy.causal_estimator][INFO] - INFO: Using Linear Regression Estimator
[2026-04-24 04:42:44,345][dowhy.causal_estimator][WARNING] - No directed path from ['X9'] to ['X12'].
[2026-04-24 04:42:44,347][dowhy.causal_model][INFO] - Model to find the causal effect of treatment ['X9'] on outcome ['X13']
[2026-04-24 04:42:44,351][dowhy.causal_identifier.auto_identifier][INFO] - Causal effect can be identified.
[2026-04-24 04:42:44,352][dowhy.causal_identifier.auto_identifier][INFO] - Instrumental variables for treatment and outcome:['X8', 'X3']
[2026-04-24 04:42:44,352][dowhy.causal_identifier.auto_identifier][INFO] - Frontdoor variables for treatment and outcome:[]
[2026-04-24 04:42:44,353][dowhy.causal_model][INFO] - linear_regression
[2026-04-24 04:42:44,353][dowhy.causal_estimator][INFO] - INFO: Using Linear Regression Estimator
[2026-04-24 04:42:44,353][dowhy.causal_estimator][INFO] - b: X13~X9+X9*X5+X9*X4
[2026-04-24 04:42:44,396][dowhy.causal_model][INFO] - Model to find the causal effect of treatment ['X10'] on outcome ['X0']
[2026-04-24 04:42:44,396][dowhy.causal_identifier.auto_identifier][WARNING] - No directed path from treatment to outcome. Causal Effect is zero.
[2026-04-24 04:42:44,396][dowhy.causal_model][INFO] - linear_regression
[2026-04-24 04:42:44,396][dowhy.causal_estimator][INFO] - INFO: Using Linear Regression Estimator
[2026-04-24 04:42:44,396][dowhy.causal_estimator][WARNING] - No directed path from ['X10'] to ['X0'].
[2026-04-24 04:42:44,398][dowhy.causal_model][INFO] - Model to find the causal effect of treatment ['X10'] on outcome ['X1']
[2026-04-24 04:42:44,398][dowhy.causal_identifier.auto_identifier][WARNING] - No directed path from treatment to outcome. Causal Effect is zero.
[2026-04-24 04:42:44,398][dowhy.causal_model][INFO] - linear_regression
[2026-04-24 04:42:44,398][dowhy.causal_estimator][INFO] - INFO: Using Linear Regression Estimator
[2026-04-24 04:42:44,398][dowhy.causal_estimator][WARNING] - No directed path from ['X10'] to ['X1'].
[2026-04-24 04:42:44,400][dowhy.causal_model][INFO] - Model to find the causal effect of treatment ['X10'] on outcome ['X2']
[2026-04-24 04:42:44,400][dowhy.causal_identifier.auto_identifier][WARNING] - No directed path from treatment to outcome. Causal Effect is zero.
[2026-04-24 04:42:44,400][dowhy.causal_model][INFO] - linear_regression
[2026-04-24 04:42:44,400][dowhy.causal_estimator][INFO] - INFO: Using Linear Regression Estimator
[2026-04-24 04:42:44,400][dowhy.causal_estimator][WARNING] - No directed path from ['X10'] to ['X2'].
[2026-04-24 04:42:44,402][dowhy.causal_model][INFO] - Model to find the causal effect of treatment ['X10'] on outcome ['X3']
[2026-04-24 04:42:44,402][dowhy.causal_identifier.auto_identifier][WARNING] - No directed path from treatment to outcome. Causal Effect is zero.
[2026-04-24 04:42:44,402][dowhy.causal_model][INFO] - linear_regression
[2026-04-24 04:42:44,402][dowhy.causal_estimator][INFO] - INFO: Using Linear Regression Estimator
[2026-04-24 04:42:44,402][dowhy.causal_estimator][WARNING] - No directed path from ['X10'] to ['X3'].
[2026-04-24 04:42:44,404][dowhy.causal_model][INFO] - Model to find the causal effect of treatment ['X10'] on outcome ['X4']
[2026-04-24 04:42:44,404][dowhy.causal_identifier.auto_identifier][WARNING] - No directed path from treatment to outcome. Causal Effect is zero.
[2026-04-24 04:42:44,404][dowhy.causal_model][INFO] - linear_regression
[2026-04-24 04:42:44,404][dowhy.causal_estimator][INFO] - INFO: Using Linear Regression Estimator
[2026-04-24 04:42:44,404][dowhy.causal_estimator][WARNING] - No directed path from ['X10'] to ['X4'].
[2026-04-24 04:42:44,405][dowhy.causal_model][INFO] - Model to find the causal effect of treatment ['X10'] on outcome ['X5']
[2026-04-24 04:42:44,405][dowhy.causal_identifier.auto_identifier][WARNING] - No directed path from treatment to outcome. Causal Effect is zero.
[2026-04-24 04:42:44,406][dowhy.causal_model][INFO] - linear_regression
[2026-04-24 04:42:44,406][dowhy.causal_estimator][INFO] - INFO: Using Linear Regression Estimator
[2026-04-24 04:42:44,406][dowhy.causal_estimator][WARNING] - No directed path from ['X10'] to ['X5'].
[2026-04-24 04:42:44,407][dowhy.causal_model][INFO] - Model to find the causal effect of treatment ['X10'] on outcome ['X6']
[2026-04-24 04:42:44,407][dowhy.causal_identifier.auto_identifier][WARNING] - No directed path from treatment to outcome. Causal Effect is zero.
[2026-04-24 04:42:44,407][dowhy.causal_model][INFO] - linear_regression
[2026-04-24 04:42:44,407][dowhy.causal_estimator][INFO] - INFO: Using Linear Regression Estimator
[2026-04-24 04:42:44,407][dowhy.causal_estimator][WARNING] - No directed path from ['X10'] to ['X6'].
[2026-04-24 04:42:44,409][dowhy.causal_model][INFO] - Model to find the causal effect of treatment ['X10'] on outcome ['X7']
[2026-04-24 04:42:44,409][dowhy.causal_identifier.auto_identifier][WARNING] - No directed path from treatment to outcome. Causal Effect is zero.
[2026-04-24 04:42:44,409][dowhy.causal_model][INFO] - linear_regression
[2026-04-24 04:42:44,409][dowhy.causal_estimator][INFO] - INFO: Using Linear Regression Estimator
[2026-04-24 04:42:44,409][dowhy.causal_estimator][WARNING] - No directed path from ['X10'] to ['X7'].
[2026-04-24 04:42:44,411][dowhy.causal_model][INFO] - Model to find the causal effect of treatment ['X10'] on outcome ['X8']
[2026-04-24 04:42:44,411][dowhy.causal_identifier.auto_identifier][WARNING] - No directed path from treatment to outcome. Causal Effect is zero.
[2026-04-24 04:42:44,411][dowhy.causal_model][INFO] - linear_regression
[2026-04-24 04:42:44,411][dowhy.causal_estimator][INFO] - INFO: Using Linear Regression Estimator
[2026-04-24 04:42:44,411][dowhy.causal_estimator][WARNING] - No directed path from ['X10'] to ['X8'].
[2026-04-24 04:42:44,413][dowhy.causal_model][INFO] - Model to find the causal effect of treatment ['X10'] on outcome ['X9']
[2026-04-24 04:42:44,413][dowhy.causal_identifier.auto_identifier][WARNING] - No directed path from treatment to outcome. Causal Effect is zero.
[2026-04-24 04:42:44,413][dowhy.causal_model][INFO] - linear_regression
[2026-04-24 04:42:44,413][dowhy.causal_estimator][INFO] - INFO: Using Linear Regression Estimator
[2026-04-24 04:42:44,413][dowhy.causal_estimator][WARNING] - No directed path from ['X10'] to ['X9'].
[2026-04-24 04:42:44,415][dowhy.causal_model][INFO] - Model to find the causal effect of treatment ['X10'] on outcome ['X11']
[2026-04-24 04:42:44,415][dowhy.causal_identifier.auto_identifier][WARNING] - No directed path from treatment to outcome. Causal Effect is zero.
[2026-04-24 04:42:44,415][dowhy.causal_model][INFO] - linear_regression
[2026-04-24 04:42:44,415][dowhy.causal_estimator][INFO] - INFO: Using Linear Regression Estimator
[2026-04-24 04:42:44,415][dowhy.causal_estimator][WARNING] - No directed path from ['X10'] to ['X11'].
[2026-04-24 04:42:44,417][dowhy.causal_model][INFO] - Model to find the causal effect of treatment ['X10'] on outcome ['X12']
[2026-04-24 04:42:44,417][dowhy.causal_identifier.auto_identifier][WARNING] - No directed path from treatment to outcome. Causal Effect is zero.
[2026-04-24 04:42:44,417][dowhy.causal_model][INFO] - linear_regression
[2026-04-24 04:42:44,417][dowhy.causal_estimator][INFO] - INFO: Using Linear Regression Estimator
[2026-04-24 04:42:44,417][dowhy.causal_estimator][WARNING] - No directed path from ['X10'] to ['X12'].
[2026-04-24 04:42:44,419][dowhy.causal_model][INFO] - Model to find the causal effect of treatment ['X10'] on outcome ['X13']
[2026-04-24 04:42:44,423][dowhy.causal_identifier.auto_identifier][INFO] - Causal effect can be identified.
[2026-04-24 04:42:44,424][dowhy.causal_identifier.auto_identifier][INFO] - Instrumental variables for treatment and outcome:['X4', 'X9']
[2026-04-24 04:42:44,424][dowhy.causal_identifier.auto_identifier][INFO] - Frontdoor variables for treatment and outcome:[]
[2026-04-24 04:42:44,424][dowhy.causal_model][INFO] - linear_regression
[2026-04-24 04:42:44,424][dowhy.causal_estimator][INFO] - INFO: Using Linear Regression Estimator
[2026-04-24 04:42:44,425][dowhy.causal_estimator][INFO] - b: X13~X10+X5
[2026-04-24 04:42:44,472][dowhy.causal_model][INFO] - Model to find the causal effect of treatment ['X11'] on outcome ['X0']
[2026-04-24 04:42:44,472][dowhy.causal_identifier.auto_identifier][WARNING] - No directed path from treatment to outcome. Causal Effect is zero.
[2026-04-24 04:42:44,472][dowhy.causal_model][INFO] - linear_regression
[2026-04-24 04:42:44,472][dowhy.causal_estimator][INFO] - INFO: Using Linear Regression Estimator
[2026-04-24 04:42:44,472][dowhy.causal_estimator][WARNING] - No directed path from ['X11'] to ['X0'].
[2026-04-24 04:42:44,474][dowhy.causal_model][INFO] - Model to find the causal effect of treatment ['X11'] on outcome ['X1']
[2026-04-24 04:42:44,474][dowhy.causal_identifier.auto_identifier][WARNING] - No directed path from treatment to outcome. Causal Effect is zero.
[2026-04-24 04:42:44,474][dowhy.causal_model][INFO] - linear_regression
[2026-04-24 04:42:44,474][dowhy.causal_estimator][INFO] - INFO: Using Linear Regression Estimator
[2026-04-24 04:42:44,474][dowhy.causal_estimator][WARNING] - No directed path from ['X11'] to ['X1'].
[2026-04-24 04:42:44,476][dowhy.causal_model][INFO] - Model to find the causal effect of treatment ['X11'] on outcome ['X2']
[2026-04-24 04:42:44,476][dowhy.causal_identifier.auto_identifier][WARNING] - No directed path from treatment to outcome. Causal Effect is zero.
[2026-04-24 04:42:44,476][dowhy.causal_model][INFO] - linear_regression
[2026-04-24 04:42:44,476][dowhy.causal_estimator][INFO] - INFO: Using Linear Regression Estimator
[2026-04-24 04:42:44,476][dowhy.causal_estimator][WARNING] - No directed path from ['X11'] to ['X2'].
[2026-04-24 04:42:44,478][dowhy.causal_model][INFO] - Model to find the causal effect of treatment ['X11'] on outcome ['X3']
[2026-04-24 04:42:44,478][dowhy.causal_identifier.auto_identifier][WARNING] - No directed path from treatment to outcome. Causal Effect is zero.
[2026-04-24 04:42:44,478][dowhy.causal_model][INFO] - linear_regression
[2026-04-24 04:42:44,478][dowhy.causal_estimator][INFO] - INFO: Using Linear Regression Estimator
[2026-04-24 04:42:44,478][dowhy.causal_estimator][WARNING] - No directed path from ['X11'] to ['X3'].
[2026-04-24 04:42:44,480][dowhy.causal_model][INFO] - Model to find the causal effect of treatment ['X11'] on outcome ['X4']
[2026-04-24 04:42:44,480][dowhy.causal_identifier.auto_identifier][WARNING] - No directed path from treatment to outcome. Causal Effect is zero.
[2026-04-24 04:42:44,480][dowhy.causal_model][INFO] - linear_regression
[2026-04-24 04:42:44,480][dowhy.causal_estimator][INFO] - INFO: Using Linear Regression Estimator
[2026-04-24 04:42:44,480][dowhy.causal_estimator][WARNING] - No directed path from ['X11'] to ['X4'].
[2026-04-24 04:42:44,482][dowhy.causal_model][INFO] - Model to find the causal effect of treatment ['X11'] on outcome ['X5']
[2026-04-24 04:42:44,482][dowhy.causal_identifier.auto_identifier][WARNING] - No directed path from treatment to outcome. Causal Effect is zero.
[2026-04-24 04:42:44,482][dowhy.causal_model][INFO] - linear_regression
[2026-04-24 04:42:44,482][dowhy.causal_estimator][INFO] - INFO: Using Linear Regression Estimator
[2026-04-24 04:42:44,482][dowhy.causal_estimator][WARNING] - No directed path from ['X11'] to ['X5'].
[2026-04-24 04:42:44,484][dowhy.causal_model][INFO] - Model to find the causal effect of treatment ['X11'] on outcome ['X6']
[2026-04-24 04:42:44,484][dowhy.causal_identifier.auto_identifier][WARNING] - No directed path from treatment to outcome. Causal Effect is zero.
[2026-04-24 04:42:44,484][dowhy.causal_model][INFO] - linear_regression
[2026-04-24 04:42:44,484][dowhy.causal_estimator][INFO] - INFO: Using Linear Regression Estimator
[2026-04-24 04:42:44,484][dowhy.causal_estimator][WARNING] - No directed path from ['X11'] to ['X6'].
[2026-04-24 04:42:44,486][dowhy.causal_model][INFO] - Model to find the causal effect of treatment ['X11'] on outcome ['X7']
[2026-04-24 04:42:44,486][dowhy.causal_identifier.auto_identifier][WARNING] - No directed path from treatment to outcome. Causal Effect is zero.
[2026-04-24 04:42:44,486][dowhy.causal_model][INFO] - linear_regression
[2026-04-24 04:42:44,486][dowhy.causal_estimator][INFO] - INFO: Using Linear Regression Estimator
[2026-04-24 04:42:44,486][dowhy.causal_estimator][WARNING] - No directed path from ['X11'] to ['X7'].
[2026-04-24 04:42:44,488][dowhy.causal_model][INFO] - Model to find the causal effect of treatment ['X11'] on outcome ['X8']
[2026-04-24 04:42:44,488][dowhy.causal_identifier.auto_identifier][WARNING] - No directed path from treatment to outcome. Causal Effect is zero.
[2026-04-24 04:42:44,488][dowhy.causal_model][INFO] - linear_regression
[2026-04-24 04:42:44,488][dowhy.causal_estimator][INFO] - INFO: Using Linear Regression Estimator
[2026-04-24 04:42:44,488][dowhy.causal_estimator][WARNING] - No directed path from ['X11'] to ['X8'].
[2026-04-24 04:42:44,490][dowhy.causal_model][INFO] - Model to find the causal effect of treatment ['X11'] on outcome ['X9']
[2026-04-24 04:42:44,490][dowhy.causal_identifier.auto_identifier][WARNING] - No directed path from treatment to outcome. Causal Effect is zero.
[2026-04-24 04:42:44,490][dowhy.causal_model][INFO] - linear_regression
[2026-04-24 04:42:44,490][dowhy.causal_estimator][INFO] - INFO: Using Linear Regression Estimator
[2026-04-24 04:42:44,490][dowhy.causal_estimator][WARNING] - No directed path from ['X11'] to ['X9'].
[2026-04-24 04:42:44,492][dowhy.causal_model][INFO] - Model to find the causal effect of treatment ['X11'] on outcome ['X10']
[2026-04-24 04:42:44,492][dowhy.causal_identifier.auto_identifier][WARNING] - No directed path from treatment to outcome. Causal Effect is zero.
[2026-04-24 04:42:44,492][dowhy.causal_model][INFO] - linear_regression
[2026-04-24 04:42:44,492][dowhy.causal_estimator][INFO] - INFO: Using Linear Regression Estimator
[2026-04-24 04:42:44,492][dowhy.causal_estimator][WARNING] - No directed path from ['X11'] to ['X10'].
[2026-04-24 04:42:44,494][dowhy.causal_model][INFO] - Model to find the causal effect of treatment ['X11'] on outcome ['X12']
[2026-04-24 04:42:44,494][dowhy.causal_identifier.auto_identifier][WARNING] - No directed path from treatment to outcome. Causal Effect is zero.
[2026-04-24 04:42:44,494][dowhy.causal_model][INFO] - linear_regression
[2026-04-24 04:42:44,494][dowhy.causal_estimator][INFO] - INFO: Using Linear Regression Estimator
[2026-04-24 04:42:44,494][dowhy.causal_estimator][WARNING] - No directed path from ['X11'] to ['X12'].
[2026-04-24 04:42:44,497][dowhy.causal_model][INFO] - Model to find the causal effect of treatment ['X11'] on outcome ['X13']
[2026-04-24 04:42:44,497][dowhy.causal_identifier.auto_identifier][WARNING] - No directed path from treatment to outcome. Causal Effect is zero.
[2026-04-24 04:42:44,497][dowhy.causal_model][INFO] - linear_regression
[2026-04-24 04:42:44,497][dowhy.causal_estimator][INFO] - INFO: Using Linear Regression Estimator
[2026-04-24 04:42:44,497][dowhy.causal_estimator][WARNING] - No directed path from ['X11'] to ['X13'].
[2026-04-24 04:42:44,536][dowhy.causal_model][INFO] - Model to find the causal effect of treatment ['X12'] on outcome ['X0']
[2026-04-24 04:42:44,536][dowhy.causal_identifier.auto_identifier][WARNING] - No directed path from treatment to outcome. Causal Effect is zero.
[2026-04-24 04:42:44,537][dowhy.causal_model][INFO] - linear_regression
[2026-04-24 04:42:44,537][dowhy.causal_estimator][INFO] - INFO: Using Linear Regression Estimator
[2026-04-24 04:42:44,537][dowhy.causal_estimator][WARNING] - No directed path from ['X12'] to ['X0'].
[2026-04-24 04:42:44,538][dowhy.causal_model][INFO] - Model to find the causal effect of treatment ['X12'] on outcome ['X1']
[2026-04-24 04:42:44,538][dowhy.causal_identifier.auto_identifier][WARNING] - No directed path from treatment to outcome. Causal Effect is zero.
[2026-04-24 04:42:44,539][dowhy.causal_model][INFO] - linear_regression
[2026-04-24 04:42:44,539][dowhy.causal_estimator][INFO] - INFO: Using Linear Regression Estimator
[2026-04-24 04:42:44,539][dowhy.causal_estimator][WARNING] - No directed path from ['X12'] to ['X1'].
[2026-04-24 04:42:44,540][dowhy.causal_model][INFO] - Model to find the causal effect of treatment ['X12'] on outcome ['X2']
[2026-04-24 04:42:44,540][dowhy.causal_identifier.auto_identifier][WARNING] - No directed path from treatment to outcome. Causal Effect is zero.
[2026-04-24 04:42:44,540][dowhy.causal_model][INFO] - linear_regression
[2026-04-24 04:42:44,540][dowhy.causal_estimator][INFO] - INFO: Using Linear Regression Estimator
[2026-04-24 04:42:44,540][dowhy.causal_estimator][WARNING] - No directed path from ['X12'] to ['X2'].
[2026-04-24 04:42:44,542][dowhy.causal_model][INFO] - Model to find the causal effect of treatment ['X12'] on outcome ['X3']
[2026-04-24 04:42:44,542][dowhy.causal_identifier.auto_identifier][WARNING] - No directed path from treatment to outcome. Causal Effect is zero.
[2026-04-24 04:42:44,542][dowhy.causal_model][INFO] - linear_regression
[2026-04-24 04:42:44,542][dowhy.causal_estimator][INFO] - INFO: Using Linear Regression Estimator
[2026-04-24 04:42:44,542][dowhy.causal_estimator][WARNING] - No directed path from ['X12'] to ['X3'].
[2026-04-24 04:42:44,544][dowhy.causal_model][INFO] - Model to find the causal effect of treatment ['X12'] on outcome ['X4']
[2026-04-24 04:42:44,544][dowhy.causal_identifier.auto_identifier][WARNING] - No directed path from treatment to outcome. Causal Effect is zero.
[2026-04-24 04:42:44,544][dowhy.causal_model][INFO] - linear_regression
[2026-04-24 04:42:44,544][dowhy.causal_estimator][INFO] - INFO: Using Linear Regression Estimator
[2026-04-24 04:42:44,544][dowhy.causal_estimator][WARNING] - No directed path from ['X12'] to ['X4'].
[2026-04-24 04:42:44,546][dowhy.causal_model][INFO] - Model to find the causal effect of treatment ['X12'] on outcome ['X5']
[2026-04-24 04:42:44,546][dowhy.causal_identifier.auto_identifier][WARNING] - No directed path from treatment to outcome. Causal Effect is zero.
[2026-04-24 04:42:44,546][dowhy.causal_model][INFO] - linear_regression
[2026-04-24 04:42:44,546][dowhy.causal_estimator][INFO] - INFO: Using Linear Regression Estimator
[2026-04-24 04:42:44,546][dowhy.causal_estimator][WARNING] - No directed path from ['X12'] to ['X5'].
[2026-04-24 04:42:44,548][dowhy.causal_model][INFO] - Model to find the causal effect of treatment ['X12'] on outcome ['X6']
[2026-04-24 04:42:44,548][dowhy.causal_identifier.auto_identifier][WARNING] - No directed path from treatment to outcome. Causal Effect is zero.
[2026-04-24 04:42:44,548][dowhy.causal_model][INFO] - linear_regression
[2026-04-24 04:42:44,548][dowhy.causal_estimator][INFO] - INFO: Using Linear Regression Estimator
[2026-04-24 04:42:44,548][dowhy.causal_estimator][WARNING] - No directed path from ['X12'] to ['X6'].
[2026-04-24 04:42:44,549][dowhy.causal_model][INFO] - Model to find the causal effect of treatment ['X12'] on outcome ['X7']
[2026-04-24 04:42:44,550][dowhy.causal_identifier.auto_identifier][WARNING] - No directed path from treatment to outcome. Causal Effect is zero.
[2026-04-24 04:42:44,550][dowhy.causal_model][INFO] - linear_regression
[2026-04-24 04:42:44,550][dowhy.causal_estimator][INFO] - INFO: Using Linear Regression Estimator
[2026-04-24 04:42:44,550][dowhy.causal_estimator][WARNING] - No directed path from ['X12'] to ['X7'].
[2026-04-24 04:42:44,551][dowhy.causal_model][INFO] - Model to find the causal effect of treatment ['X12'] on outcome ['X8']
[2026-04-24 04:42:44,551][dowhy.causal_identifier.auto_identifier][WARNING] - No directed path from treatment to outcome. Causal Effect is zero.
[2026-04-24 04:42:44,551][dowhy.causal_model][INFO] - linear_regression
[2026-04-24 04:42:44,551][dowhy.causal_estimator][INFO] - INFO: Using Linear Regression Estimator
[2026-04-24 04:42:44,551][dowhy.causal_estimator][WARNING] - No directed path from ['X12'] to ['X8'].
[2026-04-24 04:42:44,553][dowhy.causal_model][INFO] - Model to find the causal effect of treatment ['X12'] on outcome ['X9']
[2026-04-24 04:42:44,553][dowhy.causal_identifier.auto_identifier][WARNING] - No directed path from treatment to outcome. Causal Effect is zero.
[2026-04-24 04:42:44,553][dowhy.causal_model][INFO] - linear_regression
[2026-04-24 04:42:44,553][dowhy.causal_estimator][INFO] - INFO: Using Linear Regression Estimator
[2026-04-24 04:42:44,553][dowhy.causal_estimator][WARNING] - No directed path from ['X12'] to ['X9'].
[2026-04-24 04:42:44,555][dowhy.causal_model][INFO] - Model to find the causal effect of treatment ['X12'] on outcome ['X10']
[2026-04-24 04:42:44,555][dowhy.causal_identifier.auto_identifier][WARNING] - No directed path from treatment to outcome. Causal Effect is zero.
[2026-04-24 04:42:44,555][dowhy.causal_model][INFO] - linear_regression
[2026-04-24 04:42:44,555][dowhy.causal_estimator][INFO] - INFO: Using Linear Regression Estimator
[2026-04-24 04:42:44,555][dowhy.causal_estimator][WARNING] - No directed path from ['X12'] to ['X10'].
[2026-04-24 04:42:44,557][dowhy.causal_model][INFO] - Model to find the causal effect of treatment ['X12'] on outcome ['X11']
[2026-04-24 04:42:44,557][dowhy.causal_identifier.auto_identifier][WARNING] - No directed path from treatment to outcome. Causal Effect is zero.
[2026-04-24 04:42:44,557][dowhy.causal_model][INFO] - linear_regression
[2026-04-24 04:42:44,557][dowhy.causal_estimator][INFO] - INFO: Using Linear Regression Estimator
[2026-04-24 04:42:44,557][dowhy.causal_estimator][WARNING] - No directed path from ['X12'] to ['X11'].
[2026-04-24 04:42:44,559][dowhy.causal_model][INFO] - Model to find the causal effect of treatment ['X12'] on outcome ['X13']
[2026-04-24 04:42:44,559][dowhy.causal_identifier.auto_identifier][WARNING] - No directed path from treatment to outcome. Causal Effect is zero.
[2026-04-24 04:42:44,559][dowhy.causal_model][INFO] - linear_regression
[2026-04-24 04:42:44,559][dowhy.causal_estimator][INFO] - INFO: Using Linear Regression Estimator
[2026-04-24 04:42:44,559][dowhy.causal_estimator][WARNING] - No directed path from ['X12'] to ['X13'].
[2026-04-24 04:42:44,590][dowhy.causal_model][INFO] - Model to find the causal effect of treatment ['X13'] on outcome ['X0']
[2026-04-24 04:42:44,590][dowhy.causal_identifier.auto_identifier][WARNING] - No directed path from treatment to outcome. Causal Effect is zero.
[2026-04-24 04:42:44,591][dowhy.causal_model][INFO] - linear_regression
[2026-04-24 04:42:44,591][dowhy.causal_estimator][INFO] - INFO: Using Linear Regression Estimator
[2026-04-24 04:42:44,591][dowhy.causal_estimator][WARNING] - No directed path from ['X13'] to ['X0'].
[2026-04-24 04:42:44,592][dowhy.causal_model][INFO] - Model to find the causal effect of treatment ['X13'] on outcome ['X1']
[2026-04-24 04:42:44,592][dowhy.causal_identifier.auto_identifier][WARNING] - No directed path from treatment to outcome. Causal Effect is zero.
[2026-04-24 04:42:44,592][dowhy.causal_model][INFO] - linear_regression
[2026-04-24 04:42:44,592][dowhy.causal_estimator][INFO] - INFO: Using Linear Regression Estimator
[2026-04-24 04:42:44,592][dowhy.causal_estimator][WARNING] - No directed path from ['X13'] to ['X1'].
[2026-04-24 04:42:44,594][dowhy.causal_model][INFO] - Model to find the causal effect of treatment ['X13'] on outcome ['X2']
[2026-04-24 04:42:44,594][dowhy.causal_identifier.auto_identifier][WARNING] - No directed path from treatment to outcome. Causal Effect is zero.
[2026-04-24 04:42:44,594][dowhy.causal_model][INFO] - linear_regression
[2026-04-24 04:42:44,594][dowhy.causal_estimator][INFO] - INFO: Using Linear Regression Estimator
[2026-04-24 04:42:44,594][dowhy.causal_estimator][WARNING] - No directed path from ['X13'] to ['X2'].
[2026-04-24 04:42:44,596][dowhy.causal_model][INFO] - Model to find the causal effect of treatment ['X13'] on outcome ['X3']
[2026-04-24 04:42:44,596][dowhy.causal_identifier.auto_identifier][WARNING] - No directed path from treatment to outcome. Causal Effect is zero.
[2026-04-24 04:42:44,596][dowhy.causal_model][INFO] - linear_regression
[2026-04-24 04:42:44,596][dowhy.causal_estimator][INFO] - INFO: Using Linear Regression Estimator
[2026-04-24 04:42:44,596][dowhy.causal_estimator][WARNING] - No directed path from ['X13'] to ['X3'].
[2026-04-24 04:42:44,598][dowhy.causal_model][INFO] - Model to find the causal effect of treatment ['X13'] on outcome ['X4']
[2026-04-24 04:42:44,598][dowhy.causal_identifier.auto_identifier][WARNING] - No directed path from treatment to outcome. Causal Effect is zero.
[2026-04-24 04:42:44,598][dowhy.causal_model][INFO] - linear_regression
[2026-04-24 04:42:44,598][dowhy.causal_estimator][INFO] - INFO: Using Linear Regression Estimator
[2026-04-24 04:42:44,598][dowhy.causal_estimator][WARNING] - No directed path from ['X13'] to ['X4'].
[2026-04-24 04:42:44,599][dowhy.causal_model][INFO] - Model to find the causal effect of treatment ['X13'] on outcome ['X5']
[2026-04-24 04:42:44,600][dowhy.causal_identifier.auto_identifier][WARNING] - No directed path from treatment to outcome. Causal Effect is zero.
[2026-04-24 04:42:44,600][dowhy.causal_model][INFO] - linear_regression
[2026-04-24 04:42:44,600][dowhy.causal_estimator][INFO] - INFO: Using Linear Regression Estimator
[2026-04-24 04:42:44,600][dowhy.causal_estimator][WARNING] - No directed path from ['X13'] to ['X5'].
[2026-04-24 04:42:44,601][dowhy.causal_model][INFO] - Model to find the causal effect of treatment ['X13'] on outcome ['X6']
[2026-04-24 04:42:44,601][dowhy.causal_identifier.auto_identifier][WARNING] - No directed path from treatment to outcome. Causal Effect is zero.
[2026-04-24 04:42:44,601][dowhy.causal_model][INFO] - linear_regression
[2026-04-24 04:42:44,601][dowhy.causal_estimator][INFO] - INFO: Using Linear Regression Estimator
[2026-04-24 04:42:44,601][dowhy.causal_estimator][WARNING] - No directed path from ['X13'] to ['X6'].
[2026-04-24 04:42:44,603][dowhy.causal_model][INFO] - Model to find the causal effect of treatment ['X13'] on outcome ['X7']
[2026-04-24 04:42:44,603][dowhy.causal_identifier.auto_identifier][WARNING] - No directed path from treatment to outcome. Causal Effect is zero.
[2026-04-24 04:42:44,603][dowhy.causal_model][INFO] - linear_regression
[2026-04-24 04:42:44,603][dowhy.causal_estimator][INFO] - INFO: Using Linear Regression Estimator
[2026-04-24 04:42:44,603][dowhy.causal_estimator][WARNING] - No directed path from ['X13'] to ['X7'].
[2026-04-24 04:42:44,605][dowhy.causal_model][INFO] - Model to find the causal effect of treatment ['X13'] on outcome ['X8']
[2026-04-24 04:42:44,605][dowhy.causal_identifier.auto_identifier][WARNING] - No directed path from treatment to outcome. Causal Effect is zero.
[2026-04-24 04:42:44,605][dowhy.causal_model][INFO] - linear_regression
[2026-04-24 04:42:44,605][dowhy.causal_estimator][INFO] - INFO: Using Linear Regression Estimator
[2026-04-24 04:42:44,605][dowhy.causal_estimator][WARNING] - No directed path from ['X13'] to ['X8'].
[2026-04-24 04:42:44,607][dowhy.causal_model][INFO] - Model to find the causal effect of treatment ['X13'] on outcome ['X9']
[2026-04-24 04:42:44,607][dowhy.causal_identifier.auto_identifier][WARNING] - No directed path from treatment to outcome. Causal Effect is zero.
[2026-04-24 04:42:44,607][dowhy.causal_model][INFO] - linear_regression
[2026-04-24 04:42:44,607][dowhy.causal_estimator][INFO] - INFO: Using Linear Regression Estimator
[2026-04-24 04:42:44,607][dowhy.causal_estimator][WARNING] - No directed path from ['X13'] to ['X9'].
[2026-04-24 04:42:44,609][dowhy.causal_model][INFO] - Model to find the causal effect of treatment ['X13'] on outcome ['X10']
[2026-04-24 04:42:44,609][dowhy.causal_identifier.auto_identifier][WARNING] - No directed path from treatment to outcome. Causal Effect is zero.
[2026-04-24 04:42:44,609][dowhy.causal_model][INFO] - linear_regression
[2026-04-24 04:42:44,609][dowhy.causal_estimator][INFO] - INFO: Using Linear Regression Estimator
[2026-04-24 04:42:44,609][dowhy.causal_estimator][WARNING] - No directed path from ['X13'] to ['X10'].
[2026-04-24 04:42:44,610][dowhy.causal_model][INFO] - Model to find the causal effect of treatment ['X13'] on outcome ['X11']
[2026-04-24 04:42:44,610][dowhy.causal_identifier.auto_identifier][WARNING] - No directed path from treatment to outcome. Causal Effect is zero.
[2026-04-24 04:42:44,610][dowhy.causal_model][INFO] - linear_regression
[2026-04-24 04:42:44,611][dowhy.causal_estimator][INFO] - INFO: Using Linear Regression Estimator
[2026-04-24 04:42:44,611][dowhy.causal_estimator][WARNING] - No directed path from ['X13'] to ['X11'].
[2026-04-24 04:42:44,612][dowhy.causal_model][INFO] - Model to find the causal effect of treatment ['X13'] on outcome ['X12']
[2026-04-24 04:42:44,612][dowhy.causal_identifier.auto_identifier][WARNING] - No directed path from treatment to outcome. Causal Effect is zero.
[2026-04-24 04:42:44,612][dowhy.causal_model][INFO] - linear_regression
[2026-04-24 04:42:44,612][dowhy.causal_estimator][INFO] - INFO: Using Linear Regression Estimator
[2026-04-24 04:42:44,612][dowhy.causal_estimator][WARNING] - No directed path from ['X13'] to ['X12'].
[2026-04-24 04:42:44,675][dowhy.causal_model][INFO] - Model to find the causal effect of treatment ['X0'] on outcome ['X1']
[2026-04-24 04:42:44,676][dowhy.causal_identifier.auto_identifier][WARNING] - No directed path from treatment to outcome. Causal Effect is zero.
[2026-04-24 04:42:44,676][dowhy.causal_model][INFO] - linear_regression
[2026-04-24 04:42:44,676][dowhy.causal_estimator][INFO] - INFO: Using Linear Regression Estimator
[2026-04-24 04:42:44,676][dowhy.causal_estimator][WARNING] - No directed path from ['X0'] to ['X1'].
[2026-04-24 04:42:44,678][dowhy.causal_model][INFO] - Model to find the causal effect of treatment ['X0'] on outcome ['X2']
[2026-04-24 04:42:44,678][dowhy.causal_identifier.auto_identifier][WARNING] - No directed path from treatment to outcome. Causal Effect is zero.
[2026-04-24 04:42:44,678][dowhy.causal_model][INFO] - linear_regression
[2026-04-24 04:42:44,678][dowhy.causal_estimator][INFO] - INFO: Using Linear Regression Estimator
[2026-04-24 04:42:44,678][dowhy.causal_estimator][WARNING] - No directed path from ['X0'] to ['X2'].
[2026-04-24 04:42:44,680][dowhy.causal_model][INFO] - Model to find the causal effect of treatment ['X0'] on outcome ['X3']
[2026-04-24 04:42:44,680][dowhy.causal_identifier.auto_identifier][WARNING] - No directed path from treatment to outcome. Causal Effect is zero.
[2026-04-24 04:42:44,680][dowhy.causal_model][INFO] - linear_regression
[2026-04-24 04:42:44,680][dowhy.causal_estimator][INFO] - INFO: Using Linear Regression Estimator
[2026-04-24 04:42:44,680][dowhy.causal_estimator][WARNING] - No directed path from ['X0'] to ['X3'].
[2026-04-24 04:42:44,682][dowhy.causal_model][INFO] - Model to find the causal effect of treatment ['X0'] on outcome ['X4']
[2026-04-24 04:42:44,682][dowhy.causal_identifier.auto_identifier][WARNING] - No directed path from treatment to outcome. Causal Effect is zero.
[2026-04-24 04:42:44,682][dowhy.causal_model][INFO] - linear_regression
[2026-04-24 04:42:44,682][dowhy.causal_estimator][INFO] - INFO: Using Linear Regression Estimator
[2026-04-24 04:42:44,682][dowhy.causal_estimator][WARNING] - No directed path from ['X0'] to ['X4'].
[2026-04-24 04:42:44,684][dowhy.causal_model][INFO] - Model to find the causal effect of treatment ['X0'] on outcome ['X5']
[2026-04-24 04:42:44,684][dowhy.causal_identifier.auto_identifier][WARNING] - No directed path from treatment to outcome. Causal Effect is zero.
[2026-04-24 04:42:44,684][dowhy.causal_model][INFO] - linear_regression
[2026-04-24 04:42:44,684][dowhy.causal_estimator][INFO] - INFO: Using Linear Regression Estimator
[2026-04-24 04:42:44,684][dowhy.causal_estimator][WARNING] - No directed path from ['X0'] to ['X5'].
[2026-04-24 04:42:44,686][dowhy.causal_model][INFO] - Model to find the causal effect of treatment ['X0'] on outcome ['X6']
[2026-04-24 04:42:44,688][dowhy.causal_identifier.auto_identifier][INFO] - Causal effect can be identified.
[2026-04-24 04:42:44,688][dowhy.causal_identifier.auto_identifier][INFO] - Instrumental variables for treatment and outcome:[]
[2026-04-24 04:42:44,688][dowhy.causal_identifier.auto_identifier][INFO] - Frontdoor variables for treatment and outcome:[]
[2026-04-24 04:42:44,688][dowhy.causal_model][INFO] - linear_regression
[2026-04-24 04:42:44,688][dowhy.causal_estimator][INFO] - INFO: Using Linear Regression Estimator
[2026-04-24 04:42:44,689][dowhy.causal_estimator][INFO] - b: X6~X0+X0*X1
[2026-04-24 04:42:44,698][dowhy.causal_model][INFO] - Model to find the causal effect of treatment ['X0'] on outcome ['X7']
[2026-04-24 04:42:44,699][dowhy.causal_identifier.auto_identifier][INFO] - Causal effect can be identified.
[2026-04-24 04:42:44,700][dowhy.causal_identifier.auto_identifier][INFO] - Instrumental variables for treatment and outcome:[]
[2026-04-24 04:42:44,700][dowhy.causal_identifier.auto_identifier][INFO] - Frontdoor variables for treatment and outcome:[]
[2026-04-24 04:42:44,701][dowhy.causal_model][INFO] - linear_regression
[2026-04-24 04:42:44,701][dowhy.causal_estimator][INFO] - INFO: Using Linear Regression Estimator
[2026-04-24 04:42:44,701][dowhy.causal_estimator][INFO] - b: X7~X0+X0*X1
[2026-04-24 04:42:44,710][dowhy.causal_model][INFO] - Model to find the causal effect of treatment ['X0'] on outcome ['X8']
[2026-04-24 04:42:44,712][dowhy.causal_identifier.auto_identifier][INFO] - Causal effect can be identified.
[2026-04-24 04:42:44,712][dowhy.causal_identifier.auto_identifier][INFO] - Instrumental variables for treatment and outcome:[]
[2026-04-24 04:42:44,714][dowhy.causal_identifier.auto_identifier][INFO] - Frontdoor variables for treatment and outcome:['X7', 'X11', 'X6']
[2026-04-24 04:42:44,716][dowhy.causal_identifier.auto_identifier][INFO] - Causal effect can be identified.
[2026-04-24 04:42:44,718][dowhy.causal_identifier.auto_identifier][INFO] - Causal effect can be identified.
[2026-04-24 04:42:44,719][dowhy.causal_model][INFO] - linear_regression
[2026-04-24 04:42:44,719][dowhy.causal_estimator][INFO] - INFO: Using Linear Regression Estimator
[2026-04-24 04:42:44,719][dowhy.causal_estimator][INFO] - b: X8~X0+X0*X1+X0*X2+X0*X3
[2026-04-24 04:42:44,728][dowhy.causal_model][INFO] - Model to find the causal effect of treatment ['X0'] on outcome ['X9']
[2026-04-24 04:42:44,730][dowhy.causal_identifier.auto_identifier][INFO] - Causal effect can be identified.
[2026-04-24 04:42:44,731][dowhy.causal_identifier.auto_identifier][INFO] - Instrumental variables for treatment and outcome:[]
[2026-04-24 04:42:44,737][dowhy.causal_identifier.auto_identifier][INFO] - Frontdoor variables for treatment and outcome:['X7', 'X11', 'X6']
[2026-04-24 04:42:44,739][dowhy.causal_identifier.auto_identifier][INFO] - Causal effect can be identified.
[2026-04-24 04:42:44,741][dowhy.causal_identifier.auto_identifier][INFO] - Causal effect can be identified.
[2026-04-24 04:42:44,742][dowhy.causal_model][INFO] - linear_regression
[2026-04-24 04:42:44,742][dowhy.causal_estimator][INFO] - INFO: Using Linear Regression Estimator
[2026-04-24 04:42:44,742][dowhy.causal_estimator][INFO] - b: X9~X0+X0*X1+X0*X2+X0*X3
[2026-04-24 04:42:44,750][dowhy.causal_model][INFO] - Model to find the causal effect of treatment ['X0'] on outcome ['X10']
[2026-04-24 04:42:44,752][dowhy.causal_identifier.auto_identifier][INFO] - Causal effect can be identified.
[2026-04-24 04:42:44,753][dowhy.causal_identifier.auto_identifier][INFO] - Instrumental variables for treatment and outcome:[]
[2026-04-24 04:42:44,759][dowhy.causal_identifier.auto_identifier][INFO] - Frontdoor variables for treatment and outcome:['X8', 'X7', 'X11', 'X12', 'X6', 'X9']
[2026-04-24 04:42:44,761][dowhy.causal_identifier.auto_identifier][INFO] - Causal effect can be identified.
[2026-04-24 04:42:44,763][dowhy.causal_identifier.auto_identifier][INFO] - Causal effect can be identified.
[2026-04-24 04:42:44,765][dowhy.causal_model][INFO] - linear_regression
[2026-04-24 04:42:44,765][dowhy.causal_estimator][INFO] - INFO: Using Linear Regression Estimator
[2026-04-24 04:42:44,765][dowhy.causal_estimator][INFO] - b: X10~X0+X0*X5+X0*X4+X0*X1+X0*X3+X0*X2
[2026-04-24 04:42:44,773][dowhy.causal_model][INFO] - Model to find the causal effect of treatment ['X0'] on outcome ['X11']
[2026-04-24 04:42:44,775][dowhy.causal_identifier.auto_identifier][INFO] - Causal effect can be identified.
[2026-04-24 04:42:44,775][dowhy.causal_identifier.auto_identifier][INFO] - Instrumental variables for treatment and outcome:[]
[2026-04-24 04:42:44,789][dowhy.causal_identifier.auto_identifier][INFO] - Frontdoor variables for treatment and outcome:[]
[2026-04-24 04:42:44,789][dowhy.causal_model][INFO] - linear_regression
[2026-04-24 04:42:44,789][dowhy.causal_estimator][INFO] - INFO: Using Linear Regression Estimator
[2026-04-24 04:42:44,789][dowhy.causal_estimator][INFO] - b: X11~X0+X0*X1
[2026-04-24 04:42:44,797][dowhy.causal_model][INFO] - Model to find the causal effect of treatment ['X0'] on outcome ['X12']
[2026-04-24 04:42:44,798][dowhy.causal_identifier.auto_identifier][INFO] - Causal effect can be identified.
[2026-04-24 04:42:44,799][dowhy.causal_identifier.auto_identifier][INFO] - Instrumental variables for treatment and outcome:[]
[2026-04-24 04:42:44,822][dowhy.causal_identifier.auto_identifier][INFO] - Frontdoor variables for treatment and outcome:['X7', 'X11', 'X6']
[2026-04-24 04:42:44,823][dowhy.causal_identifier.auto_identifier][INFO] - Causal effect can be identified.
[2026-04-24 04:42:44,826][dowhy.causal_identifier.auto_identifier][INFO] - Causal effect can be identified.
[2026-04-24 04:42:44,826][dowhy.causal_model][INFO] - linear_regression
[2026-04-24 04:42:44,826][dowhy.causal_estimator][INFO] - INFO: Using Linear Regression Estimator
[2026-04-24 04:42:44,827][dowhy.causal_estimator][INFO] - b: X12~X0+X0*X1+X0*X2+X0*X3
[2026-04-24 04:42:44,834][dowhy.causal_model][INFO] - Model to find the causal effect of treatment ['X0'] on outcome ['X13']
[2026-04-24 04:42:44,836][dowhy.causal_identifier.auto_identifier][INFO] - Causal effect can be identified.
[2026-04-24 04:42:44,837][dowhy.causal_identifier.auto_identifier][INFO] - Instrumental variables for treatment and outcome:[]
[2026-04-24 04:42:44,843][dowhy.causal_identifier.auto_identifier][INFO] - Frontdoor variables for treatment and outcome:['X7', 'X8', 'X11', 'X12', 'X6', 'X9']
[2026-04-24 04:42:44,845][dowhy.causal_identifier.auto_identifier][INFO] - Causal effect can be identified.
[2026-04-24 04:42:44,847][dowhy.causal_identifier.auto_identifier][INFO] - Causal effect can be identified.
[2026-04-24 04:42:44,849][dowhy.causal_model][INFO] - linear_regression
[2026-04-24 04:42:44,849][dowhy.causal_estimator][INFO] - INFO: Using Linear Regression Estimator
[2026-04-24 04:42:44,849][dowhy.causal_estimator][INFO] - b: X13~X0+X0*X5+X0*X4+X0*X1+X0*X3+X0*X2
[2026-04-24 04:42:44,897][dowhy.causal_model][INFO] - Model to find the causal effect of treatment ['X1'] on outcome ['X0']
[2026-04-24 04:42:44,897][dowhy.causal_identifier.auto_identifier][WARNING] - No directed path from treatment to outcome. Causal Effect is zero.
[2026-04-24 04:42:44,897][dowhy.causal_model][INFO] - linear_regression
[2026-04-24 04:42:44,897][dowhy.causal_estimator][INFO] - INFO: Using Linear Regression Estimator
[2026-04-24 04:42:44,897][dowhy.causal_estimator][WARNING] - No directed path from ['X1'] to ['X0'].
[2026-04-24 04:42:44,899][dowhy.causal_model][INFO] - Model to find the causal effect of treatment ['X1'] on outcome ['X2']
[2026-04-24 04:42:44,899][dowhy.causal_identifier.auto_identifier][WARNING] - No directed path from treatment to outcome. Causal Effect is zero.
[2026-04-24 04:42:44,899][dowhy.causal_model][INFO] - linear_regression
[2026-04-24 04:42:44,899][dowhy.causal_estimator][INFO] - INFO: Using Linear Regression Estimator
[2026-04-24 04:42:44,900][dowhy.causal_estimator][WARNING] - No directed path from ['X1'] to ['X2'].
[2026-04-24 04:42:44,901][dowhy.causal_model][INFO] - Model to find the causal effect of treatment ['X1'] on outcome ['X3']
[2026-04-24 04:42:44,901][dowhy.causal_identifier.auto_identifier][WARNING] - No directed path from treatment to outcome. Causal Effect is zero.
[2026-04-24 04:42:44,902][dowhy.causal_model][INFO] - linear_regression
[2026-04-24 04:42:44,902][dowhy.causal_estimator][INFO] - INFO: Using Linear Regression Estimator
[2026-04-24 04:42:44,902][dowhy.causal_estimator][WARNING] - No directed path from ['X1'] to ['X3'].
[2026-04-24 04:42:44,903][dowhy.causal_model][INFO] - Model to find the causal effect of treatment ['X1'] on outcome ['X4']
[2026-04-24 04:42:44,904][dowhy.causal_identifier.auto_identifier][WARNING] - No directed path from treatment to outcome. Causal Effect is zero.
[2026-04-24 04:42:44,904][dowhy.causal_model][INFO] - linear_regression
[2026-04-24 04:42:44,904][dowhy.causal_estimator][INFO] - INFO: Using Linear Regression Estimator
[2026-04-24 04:42:44,904][dowhy.causal_estimator][WARNING] - No directed path from ['X1'] to ['X4'].
[2026-04-24 04:42:44,906][dowhy.causal_model][INFO] - Model to find the causal effect of treatment ['X1'] on outcome ['X5']
[2026-04-24 04:42:44,906][dowhy.causal_identifier.auto_identifier][WARNING] - No directed path from treatment to outcome. Causal Effect is zero.
[2026-04-24 04:42:44,906][dowhy.causal_model][INFO] - linear_regression
[2026-04-24 04:42:44,906][dowhy.causal_estimator][INFO] - INFO: Using Linear Regression Estimator
[2026-04-24 04:42:44,906][dowhy.causal_estimator][WARNING] - No directed path from ['X1'] to ['X5'].
[2026-04-24 04:42:44,908][dowhy.causal_model][INFO] - Model to find the causal effect of treatment ['X1'] on outcome ['X6']
[2026-04-24 04:42:44,909][dowhy.causal_identifier.auto_identifier][INFO] - Causal effect can be identified.
[2026-04-24 04:42:44,910][dowhy.causal_identifier.auto_identifier][INFO] - Instrumental variables for treatment and outcome:[]
[2026-04-24 04:42:44,910][dowhy.causal_identifier.auto_identifier][INFO] - Frontdoor variables for treatment and outcome:[]
[2026-04-24 04:42:44,910][dowhy.causal_model][INFO] - linear_regression
[2026-04-24 04:42:44,910][dowhy.causal_estimator][INFO] - INFO: Using Linear Regression Estimator
[2026-04-24 04:42:44,910][dowhy.causal_estimator][INFO] - b: X6~X1+X1*X0
[2026-04-24 04:42:44,919][dowhy.causal_model][INFO] - Model to find the causal effect of treatment ['X1'] on outcome ['X7']
[2026-04-24 04:42:44,920][dowhy.causal_identifier.auto_identifier][INFO] - Causal effect can be identified.
[2026-04-24 04:42:44,921][dowhy.causal_identifier.auto_identifier][INFO] - Instrumental variables for treatment and outcome:[]
[2026-04-24 04:42:44,921][dowhy.causal_identifier.auto_identifier][INFO] - Frontdoor variables for treatment and outcome:[]
[2026-04-24 04:42:44,921][dowhy.causal_model][INFO] - linear_regression
[2026-04-24 04:42:44,921][dowhy.causal_estimator][INFO] - INFO: Using Linear Regression Estimator
[2026-04-24 04:42:44,922][dowhy.causal_estimator][INFO] - b: X7~X1+X1*X0
[2026-04-24 04:42:44,930][dowhy.causal_model][INFO] - Model to find the causal effect of treatment ['X1'] on outcome ['X8']
[2026-04-24 04:42:44,932][dowhy.causal_identifier.auto_identifier][INFO] - Causal effect can be identified.
[2026-04-24 04:42:44,933][dowhy.causal_identifier.auto_identifier][INFO] - Instrumental variables for treatment and outcome:[]
[2026-04-24 04:42:44,934][dowhy.causal_identifier.auto_identifier][INFO] - Frontdoor variables for treatment and outcome:['X7', 'X11', 'X6']
[2026-04-24 04:42:44,936][dowhy.causal_identifier.auto_identifier][INFO] - Causal effect can be identified.
[2026-04-24 04:42:44,938][dowhy.causal_identifier.auto_identifier][INFO] - Causal effect can be identified.
[2026-04-24 04:42:44,939][dowhy.causal_model][INFO] - linear_regression
[2026-04-24 04:42:44,939][dowhy.causal_estimator][INFO] - INFO: Using Linear Regression Estimator
[2026-04-24 04:42:44,940][dowhy.causal_estimator][INFO] - b: X8~X1+X1*X0+X1*X2+X1*X3
[2026-04-24 04:42:44,948][dowhy.causal_model][INFO] - Model to find the causal effect of treatment ['X1'] on outcome ['X9']
[2026-04-24 04:42:44,950][dowhy.causal_identifier.auto_identifier][INFO] - Causal effect can be identified.
[2026-04-24 04:42:44,951][dowhy.causal_identifier.auto_identifier][INFO] - Instrumental variables for treatment and outcome:[]
[2026-04-24 04:42:44,957][dowhy.causal_identifier.auto_identifier][INFO] - Frontdoor variables for treatment and outcome:['X7', 'X11', 'X6']
[2026-04-24 04:42:44,959][dowhy.causal_identifier.auto_identifier][INFO] - Causal effect can be identified.
[2026-04-24 04:42:44,961][dowhy.causal_identifier.auto_identifier][INFO] - Causal effect can be identified.
[2026-04-24 04:42:44,962][dowhy.causal_model][INFO] - linear_regression
[2026-04-24 04:42:44,962][dowhy.causal_estimator][INFO] - INFO: Using Linear Regression Estimator
[2026-04-24 04:42:44,963][dowhy.causal_estimator][INFO] - b: X9~X1+X1*X0+X1*X2+X1*X3
[2026-04-24 04:42:44,972][dowhy.causal_model][INFO] - Model to find the causal effect of treatment ['X1'] on outcome ['X10']
[2026-04-24 04:42:44,974][dowhy.causal_identifier.auto_identifier][INFO] - Causal effect can be identified.
[2026-04-24 04:42:44,975][dowhy.causal_identifier.auto_identifier][INFO] - Instrumental variables for treatment and outcome:[]
[2026-04-24 04:42:44,981][dowhy.causal_identifier.auto_identifier][INFO] - Frontdoor variables for treatment and outcome:['X8', 'X7', 'X11', 'X12', 'X6', 'X9']
[2026-04-24 04:42:44,983][dowhy.causal_identifier.auto_identifier][INFO] - Causal effect can be identified.
[2026-04-24 04:42:44,986][dowhy.causal_identifier.auto_identifier][INFO] - Causal effect can be identified.
[2026-04-24 04:42:44,987][dowhy.causal_model][INFO] - linear_regression
[2026-04-24 04:42:44,987][dowhy.causal_estimator][INFO] - INFO: Using Linear Regression Estimator
[2026-04-24 04:42:44,987][dowhy.causal_estimator][INFO] - b: X10~X1+X1*X5+X1*X4+X1*X3+X1*X0+X1*X2
[2026-04-24 04:42:44,995][dowhy.causal_model][INFO] - Model to find the causal effect of treatment ['X1'] on outcome ['X11']
[2026-04-24 04:42:44,997][dowhy.causal_identifier.auto_identifier][INFO] - Causal effect can be identified.
[2026-04-24 04:42:44,997][dowhy.causal_identifier.auto_identifier][INFO] - Instrumental variables for treatment and outcome:[]
[2026-04-24 04:42:45,011][dowhy.causal_identifier.auto_identifier][INFO] - Frontdoor variables for treatment and outcome:[]
[2026-04-24 04:42:45,011][dowhy.causal_model][INFO] - linear_regression
[2026-04-24 04:42:45,011][dowhy.causal_estimator][INFO] - INFO: Using Linear Regression Estimator
[2026-04-24 04:42:45,011][dowhy.causal_estimator][INFO] - b: X11~X1+X1*X0
[2026-04-24 04:42:45,019][dowhy.causal_model][INFO] - Model to find the causal effect of treatment ['X1'] on outcome ['X12']
[2026-04-24 04:42:45,021][dowhy.causal_identifier.auto_identifier][INFO] - Causal effect can be identified.
[2026-04-24 04:42:45,021][dowhy.causal_identifier.auto_identifier][INFO] - Instrumental variables for treatment and outcome:[]
[2026-04-24 04:42:45,044][dowhy.causal_identifier.auto_identifier][INFO] - Frontdoor variables for treatment and outcome:['X7', 'X11', 'X6']
[2026-04-24 04:42:45,046][dowhy.causal_identifier.auto_identifier][INFO] - Causal effect can be identified.
[2026-04-24 04:42:45,048][dowhy.causal_identifier.auto_identifier][INFO] - Causal effect can be identified.
[2026-04-24 04:42:45,049][dowhy.causal_model][INFO] - linear_regression
[2026-04-24 04:42:45,049][dowhy.causal_estimator][INFO] - INFO: Using Linear Regression Estimator
[2026-04-24 04:42:45,049][dowhy.causal_estimator][INFO] - b: X12~X1+X1*X0+X1*X2+X1*X3
[2026-04-24 04:42:45,057][dowhy.causal_model][INFO] - Model to find the causal effect of treatment ['X1'] on outcome ['X13']
[2026-04-24 04:42:45,059][dowhy.causal_identifier.auto_identifier][INFO] - Causal effect can be identified.
[2026-04-24 04:42:45,059][dowhy.causal_identifier.auto_identifier][INFO] - Instrumental variables for treatment and outcome:[]
[2026-04-24 04:42:45,065][dowhy.causal_identifier.auto_identifier][INFO] - Frontdoor variables for treatment and outcome:['X7', 'X8', 'X11', 'X12', 'X6', 'X9']
[2026-04-24 04:42:45,068][dowhy.causal_identifier.auto_identifier][INFO] - Causal effect can be identified.
[2026-04-24 04:42:45,071][dowhy.causal_identifier.auto_identifier][INFO] - Causal effect can be identified.
[2026-04-24 04:42:45,072][dowhy.causal_model][INFO] - linear_regression
[2026-04-24 04:42:45,072][dowhy.causal_estimator][INFO] - INFO: Using Linear Regression Estimator
[2026-04-24 04:42:45,072][dowhy.causal_estimator][INFO] - b: X13~X1+X1*X5+X1*X4+X1*X3+X1*X0+X1*X2
[2026-04-24 04:42:45,123][dowhy.causal_model][INFO] - Model to find the causal effect of treatment ['X2'] on outcome ['X0']
[2026-04-24 04:42:45,123][dowhy.causal_identifier.auto_identifier][WARNING] - No directed path from treatment to outcome. Causal Effect is zero.
[2026-04-24 04:42:45,123][dowhy.causal_model][INFO] - linear_regression
[2026-04-24 04:42:45,123][dowhy.causal_estimator][INFO] - INFO: Using Linear Regression Estimator
[2026-04-24 04:42:45,123][dowhy.causal_estimator][WARNING] - No directed path from ['X2'] to ['X0'].
[2026-04-24 04:42:45,125][dowhy.causal_model][INFO] - Model to find the causal effect of treatment ['X2'] on outcome ['X1']
[2026-04-24 04:42:45,125][dowhy.causal_identifier.auto_identifier][WARNING] - No directed path from treatment to outcome. Causal Effect is zero.
[2026-04-24 04:42:45,125][dowhy.causal_model][INFO] - linear_regression
[2026-04-24 04:42:45,125][dowhy.causal_estimator][INFO] - INFO: Using Linear Regression Estimator
[2026-04-24 04:42:45,125][dowhy.causal_estimator][WARNING] - No directed path from ['X2'] to ['X1'].
[2026-04-24 04:42:45,127][dowhy.causal_model][INFO] - Model to find the causal effect of treatment ['X2'] on outcome ['X3']
[2026-04-24 04:42:45,127][dowhy.causal_identifier.auto_identifier][WARNING] - No directed path from treatment to outcome. Causal Effect is zero.
[2026-04-24 04:42:45,127][dowhy.causal_model][INFO] - linear_regression
[2026-04-24 04:42:45,127][dowhy.causal_estimator][INFO] - INFO: Using Linear Regression Estimator
[2026-04-24 04:42:45,127][dowhy.causal_estimator][WARNING] - No directed path from ['X2'] to ['X3'].
[2026-04-24 04:42:45,129][dowhy.causal_model][INFO] - Model to find the causal effect of treatment ['X2'] on outcome ['X4']
[2026-04-24 04:42:45,129][dowhy.causal_identifier.auto_identifier][WARNING] - No directed path from treatment to outcome. Causal Effect is zero.
[2026-04-24 04:42:45,129][dowhy.causal_model][INFO] - linear_regression
[2026-04-24 04:42:45,129][dowhy.causal_estimator][INFO] - INFO: Using Linear Regression Estimator
[2026-04-24 04:42:45,129][dowhy.causal_estimator][WARNING] - No directed path from ['X2'] to ['X4'].
[2026-04-24 04:42:45,131][dowhy.causal_model][INFO] - Model to find the causal effect of treatment ['X2'] on outcome ['X5']
[2026-04-24 04:42:45,131][dowhy.causal_identifier.auto_identifier][WARNING] - No directed path from treatment to outcome. Causal Effect is zero.
[2026-04-24 04:42:45,131][dowhy.causal_model][INFO] - linear_regression
[2026-04-24 04:42:45,131][dowhy.causal_estimator][INFO] - INFO: Using Linear Regression Estimator
[2026-04-24 04:42:45,131][dowhy.causal_estimator][WARNING] - No directed path from ['X2'] to ['X5'].
[2026-04-24 04:42:45,134][dowhy.causal_model][INFO] - Model to find the causal effect of treatment ['X2'] on outcome ['X6']
[2026-04-24 04:42:45,134][dowhy.causal_identifier.auto_identifier][WARNING] - No directed path from treatment to outcome. Causal Effect is zero.
[2026-04-24 04:42:45,134][dowhy.causal_model][INFO] - linear_regression
[2026-04-24 04:42:45,134][dowhy.causal_estimator][INFO] - INFO: Using Linear Regression Estimator
[2026-04-24 04:42:45,134][dowhy.causal_estimator][WARNING] - No directed path from ['X2'] to ['X6'].
[2026-04-24 04:42:45,136][dowhy.causal_model][INFO] - Model to find the causal effect of treatment ['X2'] on outcome ['X7']
[2026-04-24 04:42:45,136][dowhy.causal_identifier.auto_identifier][WARNING] - No directed path from treatment to outcome. Causal Effect is zero.
[2026-04-24 04:42:45,136][dowhy.causal_model][INFO] - linear_regression
[2026-04-24 04:42:45,136][dowhy.causal_estimator][INFO] - INFO: Using Linear Regression Estimator
[2026-04-24 04:42:45,136][dowhy.causal_estimator][WARNING] - No directed path from ['X2'] to ['X7'].
[2026-04-24 04:42:45,138][dowhy.causal_model][INFO] - Model to find the causal effect of treatment ['X2'] on outcome ['X8']
[2026-04-24 04:42:45,141][dowhy.causal_identifier.auto_identifier][INFO] - Causal effect can be identified.
[2026-04-24 04:42:45,142][dowhy.causal_identifier.auto_identifier][INFO] - Instrumental variables for treatment and outcome:[]
[2026-04-24 04:42:45,142][dowhy.causal_identifier.auto_identifier][INFO] - Frontdoor variables for treatment and outcome:[]
[2026-04-24 04:42:45,142][dowhy.causal_model][INFO] - linear_regression
[2026-04-24 04:42:45,142][dowhy.causal_estimator][INFO] - INFO: Using Linear Regression Estimator
[2026-04-24 04:42:45,143][dowhy.causal_estimator][INFO] - b: X8~X2+X2*X7+X2*X6+X2*X1+X2*X3+X2*X0
[2026-04-24 04:42:45,152][dowhy.causal_model][INFO] - Model to find the causal effect of treatment ['X2'] on outcome ['X9']
[2026-04-24 04:42:45,155][dowhy.causal_identifier.auto_identifier][INFO] - Causal effect can be identified.
[2026-04-24 04:42:45,156][dowhy.causal_identifier.auto_identifier][INFO] - Instrumental variables for treatment and outcome:[]
[2026-04-24 04:42:45,156][dowhy.causal_identifier.auto_identifier][INFO] - Frontdoor variables for treatment and outcome:[]
[2026-04-24 04:42:45,156][dowhy.causal_model][INFO] - linear_regression
[2026-04-24 04:42:45,156][dowhy.causal_estimator][INFO] - INFO: Using Linear Regression Estimator
[2026-04-24 04:42:45,157][dowhy.causal_estimator][INFO] - b: X9~X2+X2*X7+X2*X6+X2*X1+X2*X3+X2*X0
[2026-04-24 04:42:45,166][dowhy.causal_model][INFO] - Model to find the causal effect of treatment ['X2'] on outcome ['X10']
[2026-04-24 04:42:45,168][dowhy.causal_identifier.auto_identifier][INFO] - Causal effect can be identified.
[2026-04-24 04:42:45,169][dowhy.causal_identifier.auto_identifier][INFO] - Instrumental variables for treatment and outcome:[]
[2026-04-24 04:42:45,171][dowhy.causal_identifier.auto_identifier][INFO] - Frontdoor variables for treatment and outcome:['X8', 'X12', 'X9']
[2026-04-24 04:42:45,174][dowhy.causal_identifier.auto_identifier][INFO] - Causal effect can be identified.
[2026-04-24 04:42:45,178][dowhy.causal_identifier.auto_identifier][INFO] - Causal effect can be identified.
[2026-04-24 04:42:45,179][dowhy.causal_model][INFO] - linear_regression
[2026-04-24 04:42:45,179][dowhy.causal_estimator][INFO] - INFO: Using Linear Regression Estimator
[2026-04-24 04:42:45,179][dowhy.causal_estimator][INFO] - b: X10~X2+X2*X5+X2*X4+X2*X7+X2*X6+X2*X1+X2*X3+X2*X0
[2026-04-24 04:42:45,188][dowhy.causal_model][INFO] - Model to find the causal effect of treatment ['X2'] on outcome ['X11']
[2026-04-24 04:42:45,188][dowhy.causal_identifier.auto_identifier][WARNING] - No directed path from treatment to outcome. Causal Effect is zero.
[2026-04-24 04:42:45,188][dowhy.causal_model][INFO] - linear_regression
[2026-04-24 04:42:45,188][dowhy.causal_estimator][INFO] - INFO: Using Linear Regression Estimator
[2026-04-24 04:42:45,188][dowhy.causal_estimator][WARNING] - No directed path from ['X2'] to ['X11'].
[2026-04-24 04:42:45,190][dowhy.causal_model][INFO] - Model to find the causal effect of treatment ['X2'] on outcome ['X12']
[2026-04-24 04:42:45,193][dowhy.causal_identifier.auto_identifier][INFO] - Causal effect can be identified.
[2026-04-24 04:42:45,193][dowhy.causal_identifier.auto_identifier][INFO] - Instrumental variables for treatment and outcome:[]
[2026-04-24 04:42:45,195][dowhy.causal_identifier.auto_identifier][INFO] - Frontdoor variables for treatment and outcome:[]
[2026-04-24 04:42:45,195][dowhy.causal_model][INFO] - linear_regression
[2026-04-24 04:42:45,195][dowhy.causal_estimator][INFO] - INFO: Using Linear Regression Estimator
[2026-04-24 04:42:45,195][dowhy.causal_estimator][INFO] - b: X12~X2+X2*X7+X2*X6+X2*X1+X2*X3+X2*X0
[2026-04-24 04:42:45,204][dowhy.causal_model][INFO] - Model to find the causal effect of treatment ['X2'] on outcome ['X13']
[2026-04-24 04:42:45,207][dowhy.causal_identifier.auto_identifier][INFO] - Causal effect can be identified.
[2026-04-24 04:42:45,207][dowhy.causal_identifier.auto_identifier][INFO] - Instrumental variables for treatment and outcome:[]
[2026-04-24 04:42:45,210][dowhy.causal_identifier.auto_identifier][INFO] - Frontdoor variables for treatment and outcome:['X8', 'X12', 'X9']
[2026-04-24 04:42:45,213][dowhy.causal_identifier.auto_identifier][INFO] - Causal effect can be identified.
[2026-04-24 04:42:45,216][dowhy.causal_identifier.auto_identifier][INFO] - Causal effect can be identified.
[2026-04-24 04:42:45,217][dowhy.causal_model][INFO] - linear_regression
[2026-04-24 04:42:45,217][dowhy.causal_estimator][INFO] - INFO: Using Linear Regression Estimator
[2026-04-24 04:42:45,218][dowhy.causal_estimator][INFO] - b: X13~X2+X2*X5+X2*X4+X2*X7+X2*X6+X2*X1+X2*X3+X2*X0
[2026-04-24 04:42:45,260][dowhy.causal_model][INFO] - Model to find the causal effect of treatment ['X3'] on outcome ['X0']
[2026-04-24 04:42:45,260][dowhy.causal_identifier.auto_identifier][WARNING] - No directed path from treatment to outcome. Causal Effect is zero.
[2026-04-24 04:42:45,260][dowhy.causal_model][INFO] - linear_regression
[2026-04-24 04:42:45,260][dowhy.causal_estimator][INFO] - INFO: Using Linear Regression Estimator
[2026-04-24 04:42:45,261][dowhy.causal_estimator][WARNING] - No directed path from ['X3'] to ['X0'].
[2026-04-24 04:42:45,262][dowhy.causal_model][INFO] - Model to find the causal effect of treatment ['X3'] on outcome ['X1']
[2026-04-24 04:42:45,262][dowhy.causal_identifier.auto_identifier][WARNING] - No directed path from treatment to outcome. Causal Effect is zero.
[2026-04-24 04:42:45,262][dowhy.causal_model][INFO] - linear_regression
[2026-04-24 04:42:45,262][dowhy.causal_estimator][INFO] - INFO: Using Linear Regression Estimator
[2026-04-24 04:42:45,263][dowhy.causal_estimator][WARNING] - No directed path from ['X3'] to ['X1'].
[2026-04-24 04:42:45,264][dowhy.causal_model][INFO] - Model to find the causal effect of treatment ['X3'] on outcome ['X2']
[2026-04-24 04:42:45,264][dowhy.causal_identifier.auto_identifier][WARNING] - No directed path from treatment to outcome. Causal Effect is zero.
[2026-04-24 04:42:45,264][dowhy.causal_model][INFO] - linear_regression
[2026-04-24 04:42:45,264][dowhy.causal_estimator][INFO] - INFO: Using Linear Regression Estimator
[2026-04-24 04:42:45,264][dowhy.causal_estimator][WARNING] - No directed path from ['X3'] to ['X2'].
[2026-04-24 04:42:45,266][dowhy.causal_model][INFO] - Model to find the causal effect of treatment ['X3'] on outcome ['X4']
[2026-04-24 04:42:45,266][dowhy.causal_identifier.auto_identifier][WARNING] - No directed path from treatment to outcome. Causal Effect is zero.
[2026-04-24 04:42:45,266][dowhy.causal_model][INFO] - linear_regression
[2026-04-24 04:42:45,266][dowhy.causal_estimator][INFO] - INFO: Using Linear Regression Estimator
[2026-04-24 04:42:45,266][dowhy.causal_estimator][WARNING] - No directed path from ['X3'] to ['X4'].
[2026-04-24 04:42:45,268][dowhy.causal_model][INFO] - Model to find the causal effect of treatment ['X3'] on outcome ['X5']
[2026-04-24 04:42:45,268][dowhy.causal_identifier.auto_identifier][WARNING] - No directed path from treatment to outcome. Causal Effect is zero.
[2026-04-24 04:42:45,268][dowhy.causal_model][INFO] - linear_regression
[2026-04-24 04:42:45,268][dowhy.causal_estimator][INFO] - INFO: Using Linear Regression Estimator
[2026-04-24 04:42:45,268][dowhy.causal_estimator][WARNING] - No directed path from ['X3'] to ['X5'].
[2026-04-24 04:42:45,270][dowhy.causal_model][INFO] - Model to find the causal effect of treatment ['X3'] on outcome ['X6']
[2026-04-24 04:42:45,270][dowhy.causal_identifier.auto_identifier][WARNING] - No directed path from treatment to outcome. Causal Effect is zero.
[2026-04-24 04:42:45,270][dowhy.causal_model][INFO] - linear_regression
[2026-04-24 04:42:45,270][dowhy.causal_estimator][INFO] - INFO: Using Linear Regression Estimator
[2026-04-24 04:42:45,270][dowhy.causal_estimator][WARNING] - No directed path from ['X3'] to ['X6'].
[2026-04-24 04:42:45,272][dowhy.causal_model][INFO] - Model to find the causal effect of treatment ['X3'] on outcome ['X7']
[2026-04-24 04:42:45,272][dowhy.causal_identifier.auto_identifier][WARNING] - No directed path from treatment to outcome. Causal Effect is zero.
[2026-04-24 04:42:45,272][dowhy.causal_model][INFO] - linear_regression
[2026-04-24 04:42:45,272][dowhy.causal_estimator][INFO] - INFO: Using Linear Regression Estimator
[2026-04-24 04:42:45,272][dowhy.causal_estimator][WARNING] - No directed path from ['X3'] to ['X7'].
[2026-04-24 04:42:45,274][dowhy.causal_model][INFO] - Model to find the causal effect of treatment ['X3'] on outcome ['X8']
[2026-04-24 04:42:45,277][dowhy.causal_identifier.auto_identifier][INFO] - Causal effect can be identified.
[2026-04-24 04:42:45,278][dowhy.causal_identifier.auto_identifier][INFO] - Instrumental variables for treatment and outcome:[]
[2026-04-24 04:42:45,278][dowhy.causal_identifier.auto_identifier][INFO] - Frontdoor variables for treatment and outcome:[]
[2026-04-24 04:42:45,278][dowhy.causal_model][INFO] - linear_regression
[2026-04-24 04:42:45,278][dowhy.causal_estimator][INFO] - INFO: Using Linear Regression Estimator
[2026-04-24 04:42:45,278][dowhy.causal_estimator][INFO] - b: X8~X3+X3*X7+X3*X6+X3*X1+X3*X0+X3*X2
[2026-04-24 04:42:45,287][dowhy.causal_model][INFO] - Model to find the causal effect of treatment ['X3'] on outcome ['X9']
[2026-04-24 04:42:45,290][dowhy.causal_identifier.auto_identifier][INFO] - Causal effect can be identified.
[2026-04-24 04:42:45,291][dowhy.causal_identifier.auto_identifier][INFO] - Instrumental variables for treatment and outcome:[]
[2026-04-24 04:42:45,291][dowhy.causal_identifier.auto_identifier][INFO] - Frontdoor variables for treatment and outcome:[]
[2026-04-24 04:42:45,291][dowhy.causal_model][INFO] - linear_regression
[2026-04-24 04:42:45,292][dowhy.causal_estimator][INFO] - INFO: Using Linear Regression Estimator
[2026-04-24 04:42:45,292][dowhy.causal_estimator][INFO] - b: X9~X3+X3*X7+X3*X6+X3*X1+X3*X0+X3*X2
[2026-04-24 04:42:45,301][dowhy.causal_model][INFO] - Model to find the causal effect of treatment ['X3'] on outcome ['X10']
[2026-04-24 04:42:45,304][dowhy.causal_identifier.auto_identifier][INFO] - Causal effect can be identified.
[2026-04-24 04:42:45,305][dowhy.causal_identifier.auto_identifier][INFO] - Instrumental variables for treatment and outcome:[]
[2026-04-24 04:42:45,307][dowhy.causal_identifier.auto_identifier][INFO] - Frontdoor variables for treatment and outcome:['X8', 'X12', 'X9']
[2026-04-24 04:42:45,310][dowhy.causal_identifier.auto_identifier][INFO] - Causal effect can be identified.
[2026-04-24 04:42:45,314][dowhy.causal_identifier.auto_identifier][INFO] - Causal effect can be identified.
[2026-04-24 04:42:45,315][dowhy.causal_model][INFO] - linear_regression
[2026-04-24 04:42:45,315][dowhy.causal_estimator][INFO] - INFO: Using Linear Regression Estimator
[2026-04-24 04:42:45,316][dowhy.causal_estimator][INFO] - b: X10~X3+X3*X5+X3*X4+X3*X7+X3*X6+X3*X1+X3*X0+X3*X2
[2026-04-24 04:42:45,325][dowhy.causal_model][INFO] - Model to find the causal effect of treatment ['X3'] on outcome ['X11']
[2026-04-24 04:42:45,325][dowhy.causal_identifier.auto_identifier][WARNING] - No directed path from treatment to outcome. Causal Effect is zero.
[2026-04-24 04:42:45,325][dowhy.causal_model][INFO] - linear_regression
[2026-04-24 04:42:45,325][dowhy.causal_estimator][INFO] - INFO: Using Linear Regression Estimator
[2026-04-24 04:42:45,325][dowhy.causal_estimator][WARNING] - No directed path from ['X3'] to ['X11'].
[2026-04-24 04:42:45,327][dowhy.causal_model][INFO] - Model to find the causal effect of treatment ['X3'] on outcome ['X12']
[2026-04-24 04:42:45,330][dowhy.causal_identifier.auto_identifier][INFO] - Causal effect can be identified.
[2026-04-24 04:42:45,331][dowhy.causal_identifier.auto_identifier][INFO] - Instrumental variables for treatment and outcome:[]
[2026-04-24 04:42:45,333][dowhy.causal_identifier.auto_identifier][INFO] - Frontdoor variables for treatment and outcome:[]
[2026-04-24 04:42:45,333][dowhy.causal_model][INFO] - linear_regression
[2026-04-24 04:42:45,333][dowhy.causal_estimator][INFO] - INFO: Using Linear Regression Estimator
[2026-04-24 04:42:45,333][dowhy.causal_estimator][INFO] - b: X12~X3+X3*X7+X3*X6+X3*X1+X3*X0+X3*X2
[2026-04-24 04:42:45,342][dowhy.causal_model][INFO] - Model to find the causal effect of treatment ['X3'] on outcome ['X13']
[2026-04-24 04:42:45,345][dowhy.causal_identifier.auto_identifier][INFO] - Causal effect can be identified.
[2026-04-24 04:42:45,346][dowhy.causal_identifier.auto_identifier][INFO] - Instrumental variables for treatment and outcome:[]
[2026-04-24 04:42:45,349][dowhy.causal_identifier.auto_identifier][INFO] - Frontdoor variables for treatment and outcome:['X8', 'X12', 'X9']
[2026-04-24 04:42:45,352][dowhy.causal_identifier.auto_identifier][INFO] - Causal effect can be identified.
[2026-04-24 04:42:45,356][dowhy.causal_identifier.auto_identifier][INFO] - Causal effect can be identified.
[2026-04-24 04:42:45,358][dowhy.causal_model][INFO] - linear_regression
[2026-04-24 04:42:45,358][dowhy.causal_estimator][INFO] - INFO: Using Linear Regression Estimator
[2026-04-24 04:42:45,358][dowhy.causal_estimator][INFO] - b: X13~X3+X3*X5+X3*X4+X3*X7+X3*X6+X3*X1+X3*X0+X3*X2
[2026-04-24 04:42:45,405][dowhy.causal_model][INFO] - Model to find the causal effect of treatment ['X4'] on outcome ['X0']
[2026-04-24 04:42:45,405][dowhy.causal_identifier.auto_identifier][WARNING] - No directed path from treatment to outcome. Causal Effect is zero.
[2026-04-24 04:42:45,405][dowhy.causal_model][INFO] - linear_regression
[2026-04-24 04:42:45,405][dowhy.causal_estimator][INFO] - INFO: Using Linear Regression Estimator
[2026-04-24 04:42:45,405][dowhy.causal_estimator][WARNING] - No directed path from ['X4'] to ['X0'].
[2026-04-24 04:42:45,407][dowhy.causal_model][INFO] - Model to find the causal effect of treatment ['X4'] on outcome ['X1']
[2026-04-24 04:42:45,407][dowhy.causal_identifier.auto_identifier][WARNING] - No directed path from treatment to outcome. Causal Effect is zero.
[2026-04-24 04:42:45,407][dowhy.causal_model][INFO] - linear_regression
[2026-04-24 04:42:45,407][dowhy.causal_estimator][INFO] - INFO: Using Linear Regression Estimator
[2026-04-24 04:42:45,407][dowhy.causal_estimator][WARNING] - No directed path from ['X4'] to ['X1'].
[2026-04-24 04:42:45,409][dowhy.causal_model][INFO] - Model to find the causal effect of treatment ['X4'] on outcome ['X2']
[2026-04-24 04:42:45,409][dowhy.causal_identifier.auto_identifier][WARNING] - No directed path from treatment to outcome. Causal Effect is zero.
[2026-04-24 04:42:45,409][dowhy.causal_model][INFO] - linear_regression
[2026-04-24 04:42:45,409][dowhy.causal_estimator][INFO] - INFO: Using Linear Regression Estimator
[2026-04-24 04:42:45,409][dowhy.causal_estimator][WARNING] - No directed path from ['X4'] to ['X2'].
[2026-04-24 04:42:45,411][dowhy.causal_model][INFO] - Model to find the causal effect of treatment ['X4'] on outcome ['X3']
[2026-04-24 04:42:45,411][dowhy.causal_identifier.auto_identifier][WARNING] - No directed path from treatment to outcome. Causal Effect is zero.
[2026-04-24 04:42:45,411][dowhy.causal_model][INFO] - linear_regression
[2026-04-24 04:42:45,411][dowhy.causal_estimator][INFO] - INFO: Using Linear Regression Estimator
[2026-04-24 04:42:45,411][dowhy.causal_estimator][WARNING] - No directed path from ['X4'] to ['X3'].
[2026-04-24 04:42:45,413][dowhy.causal_model][INFO] - Model to find the causal effect of treatment ['X4'] on outcome ['X5']
[2026-04-24 04:42:45,413][dowhy.causal_identifier.auto_identifier][WARNING] - No directed path from treatment to outcome. Causal Effect is zero.
[2026-04-24 04:42:45,413][dowhy.causal_model][INFO] - linear_regression
[2026-04-24 04:42:45,413][dowhy.causal_estimator][INFO] - INFO: Using Linear Regression Estimator
[2026-04-24 04:42:45,413][dowhy.causal_estimator][WARNING] - No directed path from ['X4'] to ['X5'].
[2026-04-24 04:42:45,415][dowhy.causal_model][INFO] - Model to find the causal effect of treatment ['X4'] on outcome ['X6']
[2026-04-24 04:42:45,415][dowhy.causal_identifier.auto_identifier][WARNING] - No directed path from treatment to outcome. Causal Effect is zero.
[2026-04-24 04:42:45,415][dowhy.causal_model][INFO] - linear_regression
[2026-04-24 04:42:45,415][dowhy.causal_estimator][INFO] - INFO: Using Linear Regression Estimator
[2026-04-24 04:42:45,415][dowhy.causal_estimator][WARNING] - No directed path from ['X4'] to ['X6'].
[2026-04-24 04:42:45,417][dowhy.causal_model][INFO] - Model to find the causal effect of treatment ['X4'] on outcome ['X7']
[2026-04-24 04:42:45,417][dowhy.causal_identifier.auto_identifier][WARNING] - No directed path from treatment to outcome. Causal Effect is zero.
[2026-04-24 04:42:45,417][dowhy.causal_model][INFO] - linear_regression
[2026-04-24 04:42:45,417][dowhy.causal_estimator][INFO] - INFO: Using Linear Regression Estimator
[2026-04-24 04:42:45,417][dowhy.causal_estimator][WARNING] - No directed path from ['X4'] to ['X7'].
[2026-04-24 04:42:45,419][dowhy.causal_model][INFO] - Model to find the causal effect of treatment ['X4'] on outcome ['X8']
[2026-04-24 04:42:45,419][dowhy.causal_identifier.auto_identifier][WARNING] - No directed path from treatment to outcome. Causal Effect is zero.
[2026-04-24 04:42:45,419][dowhy.causal_model][INFO] - linear_regression
[2026-04-24 04:42:45,419][dowhy.causal_estimator][INFO] - INFO: Using Linear Regression Estimator
[2026-04-24 04:42:45,419][dowhy.causal_estimator][WARNING] - No directed path from ['X4'] to ['X8'].
[2026-04-24 04:42:45,420][dowhy.causal_model][INFO] - Model to find the causal effect of treatment ['X4'] on outcome ['X9']
[2026-04-24 04:42:45,421][dowhy.causal_identifier.auto_identifier][WARNING] - No directed path from treatment to outcome. Causal Effect is zero.
[2026-04-24 04:42:45,421][dowhy.causal_model][INFO] - linear_regression
[2026-04-24 04:42:45,421][dowhy.causal_estimator][INFO] - INFO: Using Linear Regression Estimator
[2026-04-24 04:42:45,421][dowhy.causal_estimator][WARNING] - No directed path from ['X4'] to ['X9'].
[2026-04-24 04:42:45,422][dowhy.causal_model][INFO] - Model to find the causal effect of treatment ['X4'] on outcome ['X10']
[2026-04-24 04:42:45,426][dowhy.causal_identifier.auto_identifier][INFO] - Causal effect can be identified.
[2026-04-24 04:42:45,427][dowhy.causal_identifier.auto_identifier][INFO] - Instrumental variables for treatment and outcome:[]
[2026-04-24 04:42:45,427][dowhy.causal_identifier.auto_identifier][INFO] - Frontdoor variables for treatment and outcome:[]
[2026-04-24 04:42:45,428][dowhy.causal_model][INFO] - linear_regression
[2026-04-24 04:42:45,428][dowhy.causal_estimator][INFO] - INFO: Using Linear Regression Estimator
[2026-04-24 04:42:45,428][dowhy.causal_estimator][INFO] - b: X10~X4+X4*X8+X4*X7+X4*X6+X4*X3+X4*X9+X4*X2+X4*X5+X4*X1+X4*X0
[2026-04-24 04:42:45,437][dowhy.causal_model][INFO] - Model to find the causal effect of treatment ['X4'] on outcome ['X11']
[2026-04-24 04:42:45,437][dowhy.causal_identifier.auto_identifier][WARNING] - No directed path from treatment to outcome. Causal Effect is zero.
[2026-04-24 04:42:45,437][dowhy.causal_model][INFO] - linear_regression
[2026-04-24 04:42:45,437][dowhy.causal_estimator][INFO] - INFO: Using Linear Regression Estimator
[2026-04-24 04:42:45,437][dowhy.causal_estimator][WARNING] - No directed path from ['X4'] to ['X11'].
[2026-04-24 04:42:45,439][dowhy.causal_model][INFO] - Model to find the causal effect of treatment ['X4'] on outcome ['X12']
[2026-04-24 04:42:45,439][dowhy.causal_identifier.auto_identifier][WARNING] - No directed path from treatment to outcome. Causal Effect is zero.
[2026-04-24 04:42:45,439][dowhy.causal_model][INFO] - linear_regression
[2026-04-24 04:42:45,439][dowhy.causal_estimator][INFO] - INFO: Using Linear Regression Estimator
[2026-04-24 04:42:45,439][dowhy.causal_estimator][WARNING] - No directed path from ['X4'] to ['X12'].
[2026-04-24 04:42:45,440][dowhy.causal_model][INFO] - Model to find the causal effect of treatment ['X4'] on outcome ['X13']
[2026-04-24 04:42:45,444][dowhy.causal_identifier.auto_identifier][INFO] - Causal effect can be identified.
[2026-04-24 04:42:45,445][dowhy.causal_identifier.auto_identifier][INFO] - Instrumental variables for treatment and outcome:[]
[2026-04-24 04:42:45,446][dowhy.causal_identifier.auto_identifier][INFO] - Frontdoor variables for treatment and outcome:[]
[2026-04-24 04:42:45,446][dowhy.causal_model][INFO] - linear_regression
[2026-04-24 04:42:45,446][dowhy.causal_estimator][INFO] - INFO: Using Linear Regression Estimator
[2026-04-24 04:42:45,446][dowhy.causal_estimator][INFO] - b: X13~X4+X4*X8+X4*X7+X4*X6+X4*X9+X4*X3+X4*X2+X4*X5+X4*X1+X4*X0
[2026-04-24 04:42:45,489][dowhy.causal_model][INFO] - Model to find the causal effect of treatment ['X5'] on outcome ['X0']
[2026-04-24 04:42:45,489][dowhy.causal_identifier.auto_identifier][WARNING] - No directed path from treatment to outcome. Causal Effect is zero.
[2026-04-24 04:42:45,489][dowhy.causal_model][INFO] - linear_regression
[2026-04-24 04:42:45,489][dowhy.causal_estimator][INFO] - INFO: Using Linear Regression Estimator
[2026-04-24 04:42:45,489][dowhy.causal_estimator][WARNING] - No directed path from ['X5'] to ['X0'].
[2026-04-24 04:42:45,492][dowhy.causal_model][INFO] - Model to find the causal effect of treatment ['X5'] on outcome ['X1']
[2026-04-24 04:42:45,492][dowhy.causal_identifier.auto_identifier][WARNING] - No directed path from treatment to outcome. Causal Effect is zero.
[2026-04-24 04:42:45,492][dowhy.causal_model][INFO] - linear_regression
[2026-04-24 04:42:45,492][dowhy.causal_estimator][INFO] - INFO: Using Linear Regression Estimator
[2026-04-24 04:42:45,492][dowhy.causal_estimator][WARNING] - No directed path from ['X5'] to ['X1'].
[2026-04-24 04:42:45,494][dowhy.causal_model][INFO] - Model to find the causal effect of treatment ['X5'] on outcome ['X2']
[2026-04-24 04:42:45,494][dowhy.causal_identifier.auto_identifier][WARNING] - No directed path from treatment to outcome. Causal Effect is zero.
[2026-04-24 04:42:45,494][dowhy.causal_model][INFO] - linear_regression
[2026-04-24 04:42:45,494][dowhy.causal_estimator][INFO] - INFO: Using Linear Regression Estimator
[2026-04-24 04:42:45,494][dowhy.causal_estimator][WARNING] - No directed path from ['X5'] to ['X2'].
[2026-04-24 04:42:45,496][dowhy.causal_model][INFO] - Model to find the causal effect of treatment ['X5'] on outcome ['X3']
[2026-04-24 04:42:45,496][dowhy.causal_identifier.auto_identifier][WARNING] - No directed path from treatment to outcome. Causal Effect is zero.
[2026-04-24 04:42:45,496][dowhy.causal_model][INFO] - linear_regression
[2026-04-24 04:42:45,496][dowhy.causal_estimator][INFO] - INFO: Using Linear Regression Estimator
[2026-04-24 04:42:45,496][dowhy.causal_estimator][WARNING] - No directed path from ['X5'] to ['X3'].
[2026-04-24 04:42:45,498][dowhy.causal_model][INFO] - Model to find the causal effect of treatment ['X5'] on outcome ['X4']
[2026-04-24 04:42:45,498][dowhy.causal_identifier.auto_identifier][WARNING] - No directed path from treatment to outcome. Causal Effect is zero.
[2026-04-24 04:42:45,498][dowhy.causal_model][INFO] - linear_regression
[2026-04-24 04:42:45,498][dowhy.causal_estimator][INFO] - INFO: Using Linear Regression Estimator
[2026-04-24 04:42:45,498][dowhy.causal_estimator][WARNING] - No directed path from ['X5'] to ['X4'].
[2026-04-24 04:42:45,500][dowhy.causal_model][INFO] - Model to find the causal effect of treatment ['X5'] on outcome ['X6']
[2026-04-24 04:42:45,500][dowhy.causal_identifier.auto_identifier][WARNING] - No directed path from treatment to outcome. Causal Effect is zero.
[2026-04-24 04:42:45,500][dowhy.causal_model][INFO] - linear_regression
[2026-04-24 04:42:45,500][dowhy.causal_estimator][INFO] - INFO: Using Linear Regression Estimator
[2026-04-24 04:42:45,501][dowhy.causal_estimator][WARNING] - No directed path from ['X5'] to ['X6'].
[2026-04-24 04:42:45,502][dowhy.causal_model][INFO] - Model to find the causal effect of treatment ['X5'] on outcome ['X7']
[2026-04-24 04:42:45,503][dowhy.causal_identifier.auto_identifier][WARNING] - No directed path from treatment to outcome. Causal Effect is zero.
[2026-04-24 04:42:45,503][dowhy.causal_model][INFO] - linear_regression
[2026-04-24 04:42:45,503][dowhy.causal_estimator][INFO] - INFO: Using Linear Regression Estimator
[2026-04-24 04:42:45,503][dowhy.causal_estimator][WARNING] - No directed path from ['X5'] to ['X7'].
[2026-04-24 04:42:45,505][dowhy.causal_model][INFO] - Model to find the causal effect of treatment ['X5'] on outcome ['X8']
[2026-04-24 04:42:45,505][dowhy.causal_identifier.auto_identifier][WARNING] - No directed path from treatment to outcome. Causal Effect is zero.
[2026-04-24 04:42:45,505][dowhy.causal_model][INFO] - linear_regression
[2026-04-24 04:42:45,505][dowhy.causal_estimator][INFO] - INFO: Using Linear Regression Estimator
[2026-04-24 04:42:45,505][dowhy.causal_estimator][WARNING] - No directed path from ['X5'] to ['X8'].
[2026-04-24 04:42:45,507][dowhy.causal_model][INFO] - Model to find the causal effect of treatment ['X5'] on outcome ['X9']
[2026-04-24 04:42:45,507][dowhy.causal_identifier.auto_identifier][WARNING] - No directed path from treatment to outcome. Causal Effect is zero.
[2026-04-24 04:42:45,507][dowhy.causal_model][INFO] - linear_regression
[2026-04-24 04:42:45,507][dowhy.causal_estimator][INFO] - INFO: Using Linear Regression Estimator
[2026-04-24 04:42:45,507][dowhy.causal_estimator][WARNING] - No directed path from ['X5'] to ['X9'].
[2026-04-24 04:42:45,509][dowhy.causal_model][INFO] - Model to find the causal effect of treatment ['X5'] on outcome ['X10']
[2026-04-24 04:42:45,513][dowhy.causal_identifier.auto_identifier][INFO] - Causal effect can be identified.
[2026-04-24 04:42:45,514][dowhy.causal_identifier.auto_identifier][INFO] - Instrumental variables for treatment and outcome:[]
[2026-04-24 04:42:45,514][dowhy.causal_identifier.auto_identifier][INFO] - Frontdoor variables for treatment and outcome:[]
[2026-04-24 04:42:45,514][dowhy.causal_model][INFO] - linear_regression
[2026-04-24 04:42:45,514][dowhy.causal_estimator][INFO] - INFO: Using Linear Regression Estimator
[2026-04-24 04:42:45,515][dowhy.causal_estimator][INFO] - b: X10~X5+X5*X8+X5*X7+X5*X6+X5*X3+X5*X9+X5*X2+X5*X4+X5*X1+X5*X0
[2026-04-24 04:42:45,524][dowhy.causal_model][INFO] - Model to find the causal effect of treatment ['X5'] on outcome ['X11']
[2026-04-24 04:42:45,525][dowhy.causal_identifier.auto_identifier][WARNING] - No directed path from treatment to outcome. Causal Effect is zero.
[2026-04-24 04:42:45,525][dowhy.causal_model][INFO] - linear_regression
[2026-04-24 04:42:45,525][dowhy.causal_estimator][INFO] - INFO: Using Linear Regression Estimator
[2026-04-24 04:42:45,525][dowhy.causal_estimator][WARNING] - No directed path from ['X5'] to ['X11'].
[2026-04-24 04:42:45,527][dowhy.causal_model][INFO] - Model to find the causal effect of treatment ['X5'] on outcome ['X12']
[2026-04-24 04:42:45,527][dowhy.causal_identifier.auto_identifier][WARNING] - No directed path from treatment to outcome. Causal Effect is zero.
[2026-04-24 04:42:45,527][dowhy.causal_model][INFO] - linear_regression
[2026-04-24 04:42:45,527][dowhy.causal_estimator][INFO] - INFO: Using Linear Regression Estimator
[2026-04-24 04:42:45,527][dowhy.causal_estimator][WARNING] - No directed path from ['X5'] to ['X12'].
[2026-04-24 04:42:45,529][dowhy.causal_model][INFO] - Model to find the causal effect of treatment ['X5'] on outcome ['X13']
[2026-04-24 04:42:45,533][dowhy.causal_identifier.auto_identifier][INFO] - Causal effect can be identified.
[2026-04-24 04:42:45,535][dowhy.causal_identifier.auto_identifier][INFO] - Instrumental variables for treatment and outcome:[]
[2026-04-24 04:42:45,535][dowhy.causal_identifier.auto_identifier][INFO] - Frontdoor variables for treatment and outcome:[]
[2026-04-24 04:42:45,535][dowhy.causal_model][INFO] - linear_regression
[2026-04-24 04:42:45,535][dowhy.causal_estimator][INFO] - INFO: Using Linear Regression Estimator
[2026-04-24 04:42:45,535][dowhy.causal_estimator][INFO] - b: X13~X5+X5*X8+X5*X7+X5*X6+X5*X9+X5*X3+X5*X2+X5*X4+X5*X1+X5*X0
[2026-04-24 04:42:45,584][dowhy.causal_model][INFO] - Model to find the causal effect of treatment ['X6'] on outcome ['X0']
[2026-04-24 04:42:45,584][dowhy.causal_identifier.auto_identifier][WARNING] - No directed path from treatment to outcome. Causal Effect is zero.
[2026-04-24 04:42:45,584][dowhy.causal_model][INFO] - linear_regression
[2026-04-24 04:42:45,584][dowhy.causal_estimator][INFO] - INFO: Using Linear Regression Estimator
[2026-04-24 04:42:45,584][dowhy.causal_estimator][WARNING] - No directed path from ['X6'] to ['X0'].
[2026-04-24 04:42:45,586][dowhy.causal_model][INFO] - Model to find the causal effect of treatment ['X6'] on outcome ['X1']
[2026-04-24 04:42:45,586][dowhy.causal_identifier.auto_identifier][WARNING] - No directed path from treatment to outcome. Causal Effect is zero.
[2026-04-24 04:42:45,586][dowhy.causal_model][INFO] - linear_regression
[2026-04-24 04:42:45,586][dowhy.causal_estimator][INFO] - INFO: Using Linear Regression Estimator
[2026-04-24 04:42:45,586][dowhy.causal_estimator][WARNING] - No directed path from ['X6'] to ['X1'].
[2026-04-24 04:42:45,588][dowhy.causal_model][INFO] - Model to find the causal effect of treatment ['X6'] on outcome ['X2']
[2026-04-24 04:42:45,588][dowhy.causal_identifier.auto_identifier][WARNING] - No directed path from treatment to outcome. Causal Effect is zero.
[2026-04-24 04:42:45,588][dowhy.causal_model][INFO] - linear_regression
[2026-04-24 04:42:45,588][dowhy.causal_estimator][INFO] - INFO: Using Linear Regression Estimator
[2026-04-24 04:42:45,588][dowhy.causal_estimator][WARNING] - No directed path from ['X6'] to ['X2'].
[2026-04-24 04:42:45,590][dowhy.causal_model][INFO] - Model to find the causal effect of treatment ['X6'] on outcome ['X3']
[2026-04-24 04:42:45,590][dowhy.causal_identifier.auto_identifier][WARNING] - No directed path from treatment to outcome. Causal Effect is zero.
[2026-04-24 04:42:45,590][dowhy.causal_model][INFO] - linear_regression
[2026-04-24 04:42:45,590][dowhy.causal_estimator][INFO] - INFO: Using Linear Regression Estimator
[2026-04-24 04:42:45,590][dowhy.causal_estimator][WARNING] - No directed path from ['X6'] to ['X3'].
[2026-04-24 04:42:45,592][dowhy.causal_model][INFO] - Model to find the causal effect of treatment ['X6'] on outcome ['X4']
[2026-04-24 04:42:45,592][dowhy.causal_identifier.auto_identifier][WARNING] - No directed path from treatment to outcome. Causal Effect is zero.
[2026-04-24 04:42:45,592][dowhy.causal_model][INFO] - linear_regression
[2026-04-24 04:42:45,592][dowhy.causal_estimator][INFO] - INFO: Using Linear Regression Estimator
[2026-04-24 04:42:45,592][dowhy.causal_estimator][WARNING] - No directed path from ['X6'] to ['X4'].
[2026-04-24 04:42:45,594][dowhy.causal_model][INFO] - Model to find the causal effect of treatment ['X6'] on outcome ['X5']
[2026-04-24 04:42:45,594][dowhy.causal_identifier.auto_identifier][WARNING] - No directed path from treatment to outcome. Causal Effect is zero.
[2026-04-24 04:42:45,594][dowhy.causal_model][INFO] - linear_regression
[2026-04-24 04:42:45,594][dowhy.causal_estimator][INFO] - INFO: Using Linear Regression Estimator
[2026-04-24 04:42:45,594][dowhy.causal_estimator][WARNING] - No directed path from ['X6'] to ['X5'].
[2026-04-24 04:42:45,596][dowhy.causal_model][INFO] - Model to find the causal effect of treatment ['X6'] on outcome ['X7']
[2026-04-24 04:42:45,598][dowhy.causal_identifier.auto_identifier][INFO] - Causal effect can be identified.
[2026-04-24 04:42:45,598][dowhy.causal_identifier.auto_identifier][INFO] - Instrumental variables for treatment and outcome:['X0']
[2026-04-24 04:42:45,599][dowhy.causal_identifier.auto_identifier][INFO] - Frontdoor variables for treatment and outcome:[]
[2026-04-24 04:42:45,599][dowhy.causal_model][INFO] - linear_regression
[2026-04-24 04:42:45,599][dowhy.causal_estimator][INFO] - INFO: Using Linear Regression Estimator
[2026-04-24 04:42:45,599][dowhy.causal_estimator][INFO] - b: X7~X6+X1
[2026-04-24 04:42:45,607][dowhy.causal_model][INFO] - Model to find the causal effect of treatment ['X6'] on outcome ['X8']
[2026-04-24 04:42:45,609][dowhy.causal_identifier.auto_identifier][INFO] - Causal effect can be identified.
[2026-04-24 04:42:45,610][dowhy.causal_identifier.auto_identifier][INFO] - Instrumental variables for treatment and outcome:['X0']
[2026-04-24 04:42:45,611][dowhy.causal_identifier.auto_identifier][INFO] - Frontdoor variables for treatment and outcome:[]
[2026-04-24 04:42:45,611][dowhy.causal_model][INFO] - linear_regression
[2026-04-24 04:42:45,611][dowhy.causal_estimator][INFO] - INFO: Using Linear Regression Estimator
[2026-04-24 04:42:45,611][dowhy.causal_estimator][INFO] - b: X8~X6+X1+X6*X2+X6*X3
[2026-04-24 04:42:45,620][dowhy.causal_model][INFO] - Model to find the causal effect of treatment ['X6'] on outcome ['X9']
[2026-04-24 04:42:45,622][dowhy.causal_identifier.auto_identifier][INFO] - Causal effect can be identified.
[2026-04-24 04:42:45,623][dowhy.causal_identifier.auto_identifier][INFO] - Instrumental variables for treatment and outcome:['X0']
[2026-04-24 04:42:45,626][dowhy.causal_identifier.auto_identifier][INFO] - Frontdoor variables for treatment and outcome:[]
[2026-04-24 04:42:45,626][dowhy.causal_model][INFO] - linear_regression
[2026-04-24 04:42:45,626][dowhy.causal_estimator][INFO] - INFO: Using Linear Regression Estimator
[2026-04-24 04:42:45,626][dowhy.causal_estimator][INFO] - b: X9~X6+X1+X6*X2+X6*X3
[2026-04-24 04:42:45,635][dowhy.causal_model][INFO] - Model to find the causal effect of treatment ['X6'] on outcome ['X10']
[2026-04-24 04:42:45,637][dowhy.causal_identifier.auto_identifier][INFO] - Causal effect can be identified.
[2026-04-24 04:42:45,637][dowhy.causal_identifier.auto_identifier][INFO] - Instrumental variables for treatment and outcome:['X0']
[2026-04-24 04:42:45,644][dowhy.causal_identifier.auto_identifier][INFO] - Frontdoor variables for treatment and outcome:[]
[2026-04-24 04:42:45,644][dowhy.causal_model][INFO] - linear_regression
[2026-04-24 04:42:45,644][dowhy.causal_estimator][INFO] - INFO: Using Linear Regression Estimator
[2026-04-24 04:42:45,645][dowhy.causal_estimator][INFO] - b: X10~X6+X1+X6*X5+X6*X4+X6*X2+X6*X3
[2026-04-24 04:42:45,654][dowhy.causal_model][INFO] - Model to find the causal effect of treatment ['X6'] on outcome ['X11']
[2026-04-24 04:42:45,656][dowhy.causal_identifier.auto_identifier][INFO] - Causal effect can be identified.
[2026-04-24 04:42:45,657][dowhy.causal_identifier.auto_identifier][INFO] - Instrumental variables for treatment and outcome:['X1']
[2026-04-24 04:42:45,663][dowhy.causal_identifier.auto_identifier][INFO] - Frontdoor variables for treatment and outcome:[]
[2026-04-24 04:42:45,663][dowhy.causal_model][INFO] - linear_regression
[2026-04-24 04:42:45,663][dowhy.causal_estimator][INFO] - INFO: Using Linear Regression Estimator
[2026-04-24 04:42:45,664][dowhy.causal_estimator][INFO] - b: X11~X6+X0
[2026-04-24 04:42:45,671][dowhy.causal_model][INFO] - Model to find the causal effect of treatment ['X6'] on outcome ['X12']
[2026-04-24 04:42:45,673][dowhy.causal_identifier.auto_identifier][INFO] - Causal effect can be identified.
[2026-04-24 04:42:45,674][dowhy.causal_identifier.auto_identifier][INFO] - Instrumental variables for treatment and outcome:['X0']
[2026-04-24 04:42:45,685][dowhy.causal_identifier.auto_identifier][INFO] - Frontdoor variables for treatment and outcome:[]
[2026-04-24 04:42:45,685][dowhy.causal_model][INFO] - linear_regression
[2026-04-24 04:42:45,685][dowhy.causal_estimator][INFO] - INFO: Using Linear Regression Estimator
[2026-04-24 04:42:45,685][dowhy.causal_estimator][INFO] - b: X12~X6+X1+X6*X2+X6*X3
[2026-04-24 04:42:45,694][dowhy.causal_model][INFO] - Model to find the causal effect of treatment ['X6'] on outcome ['X13']
[2026-04-24 04:42:45,696][dowhy.causal_identifier.auto_identifier][INFO] - Causal effect can be identified.
[2026-04-24 04:42:45,697][dowhy.causal_identifier.auto_identifier][INFO] - Instrumental variables for treatment and outcome:['X0']
[2026-04-24 04:42:45,711][dowhy.causal_identifier.auto_identifier][INFO] - Frontdoor variables for treatment and outcome:[]
[2026-04-24 04:42:45,711][dowhy.causal_model][INFO] - linear_regression
[2026-04-24 04:42:45,711][dowhy.causal_estimator][INFO] - INFO: Using Linear Regression Estimator
[2026-04-24 04:42:45,711][dowhy.causal_estimator][INFO] - b: X13~X6+X1+X6*X5+X6*X4+X6*X2+X6*X3
[2026-04-24 04:42:45,762][dowhy.causal_model][INFO] - Model to find the causal effect of treatment ['X7'] on outcome ['X0']
[2026-04-24 04:42:45,762][dowhy.causal_identifier.auto_identifier][WARNING] - No directed path from treatment to outcome. Causal Effect is zero.
[2026-04-24 04:42:45,762][dowhy.causal_model][INFO] - linear_regression
[2026-04-24 04:42:45,762][dowhy.causal_estimator][INFO] - INFO: Using Linear Regression Estimator
[2026-04-24 04:42:45,762][dowhy.causal_estimator][WARNING] - No directed path from ['X7'] to ['X0'].
[2026-04-24 04:42:45,764][dowhy.causal_model][INFO] - Model to find the causal effect of treatment ['X7'] on outcome ['X1']
[2026-04-24 04:42:45,764][dowhy.causal_identifier.auto_identifier][WARNING] - No directed path from treatment to outcome. Causal Effect is zero.
[2026-04-24 04:42:45,765][dowhy.causal_model][INFO] - linear_regression
[2026-04-24 04:42:45,765][dowhy.causal_estimator][INFO] - INFO: Using Linear Regression Estimator
[2026-04-24 04:42:45,765][dowhy.causal_estimator][WARNING] - No directed path from ['X7'] to ['X1'].
[2026-04-24 04:42:45,766][dowhy.causal_model][INFO] - Model to find the causal effect of treatment ['X7'] on outcome ['X2']
[2026-04-24 04:42:45,767][dowhy.causal_identifier.auto_identifier][WARNING] - No directed path from treatment to outcome. Causal Effect is zero.
[2026-04-24 04:42:45,767][dowhy.causal_model][INFO] - linear_regression
[2026-04-24 04:42:45,767][dowhy.causal_estimator][INFO] - INFO: Using Linear Regression Estimator
[2026-04-24 04:42:45,767][dowhy.causal_estimator][WARNING] - No directed path from ['X7'] to ['X2'].
[2026-04-24 04:42:45,769][dowhy.causal_model][INFO] - Model to find the causal effect of treatment ['X7'] on outcome ['X3']
[2026-04-24 04:42:45,769][dowhy.causal_identifier.auto_identifier][WARNING] - No directed path from treatment to outcome. Causal Effect is zero.
[2026-04-24 04:42:45,769][dowhy.causal_model][INFO] - linear_regression
[2026-04-24 04:42:45,769][dowhy.causal_estimator][INFO] - INFO: Using Linear Regression Estimator
[2026-04-24 04:42:45,769][dowhy.causal_estimator][WARNING] - No directed path from ['X7'] to ['X3'].
[2026-04-24 04:42:45,771][dowhy.causal_model][INFO] - Model to find the causal effect of treatment ['X7'] on outcome ['X4']
[2026-04-24 04:42:45,771][dowhy.causal_identifier.auto_identifier][WARNING] - No directed path from treatment to outcome. Causal Effect is zero.
[2026-04-24 04:42:45,771][dowhy.causal_model][INFO] - linear_regression
[2026-04-24 04:42:45,771][dowhy.causal_estimator][INFO] - INFO: Using Linear Regression Estimator
[2026-04-24 04:42:45,771][dowhy.causal_estimator][WARNING] - No directed path from ['X7'] to ['X4'].
[2026-04-24 04:42:45,773][dowhy.causal_model][INFO] - Model to find the causal effect of treatment ['X7'] on outcome ['X5']
[2026-04-24 04:42:45,773][dowhy.causal_identifier.auto_identifier][WARNING] - No directed path from treatment to outcome. Causal Effect is zero.
[2026-04-24 04:42:45,773][dowhy.causal_model][INFO] - linear_regression
[2026-04-24 04:42:45,773][dowhy.causal_estimator][INFO] - INFO: Using Linear Regression Estimator
[2026-04-24 04:42:45,773][dowhy.causal_estimator][WARNING] - No directed path from ['X7'] to ['X5'].
[2026-04-24 04:42:45,775][dowhy.causal_model][INFO] - Model to find the causal effect of treatment ['X7'] on outcome ['X6']
[2026-04-24 04:42:45,775][dowhy.causal_identifier.auto_identifier][WARNING] - No directed path from treatment to outcome. Causal Effect is zero.
[2026-04-24 04:42:45,775][dowhy.causal_model][INFO] - linear_regression
[2026-04-24 04:42:45,775][dowhy.causal_estimator][INFO] - INFO: Using Linear Regression Estimator
[2026-04-24 04:42:45,775][dowhy.causal_estimator][WARNING] - No directed path from ['X7'] to ['X6'].
[2026-04-24 04:42:45,777][dowhy.causal_model][INFO] - Model to find the causal effect of treatment ['X7'] on outcome ['X8']
[2026-04-24 04:42:45,780][dowhy.causal_identifier.auto_identifier][INFO] - Causal effect can be identified.
[2026-04-24 04:42:45,781][dowhy.causal_identifier.auto_identifier][INFO] - Instrumental variables for treatment and outcome:['X1', 'X6']
[2026-04-24 04:42:45,781][dowhy.causal_identifier.auto_identifier][INFO] - Frontdoor variables for treatment and outcome:[]
[2026-04-24 04:42:45,781][dowhy.causal_model][INFO] - linear_regression
[2026-04-24 04:42:45,781][dowhy.causal_estimator][INFO] - INFO: Using Linear Regression Estimator
[2026-04-24 04:42:45,782][dowhy.causal_estimator][INFO] - b: X8~X7+X7*X2+X7*X3
[2026-04-24 04:42:45,790][dowhy.causal_model][INFO] - Model to find the causal effect of treatment ['X7'] on outcome ['X9']
[2026-04-24 04:42:45,793][dowhy.causal_identifier.auto_identifier][INFO] - Causal effect can be identified.
[2026-04-24 04:42:45,793][dowhy.causal_identifier.auto_identifier][INFO] - Instrumental variables for treatment and outcome:['X1', 'X6']
[2026-04-24 04:42:45,794][dowhy.causal_identifier.auto_identifier][INFO] - Frontdoor variables for treatment and outcome:[]
[2026-04-24 04:42:45,794][dowhy.causal_model][INFO] - linear_regression
[2026-04-24 04:42:45,794][dowhy.causal_estimator][INFO] - INFO: Using Linear Regression Estimator
[2026-04-24 04:42:45,795][dowhy.causal_estimator][INFO] - b: X9~X7+X7*X2+X7*X3
[2026-04-24 04:42:45,803][dowhy.causal_model][INFO] - Model to find the causal effect of treatment ['X7'] on outcome ['X10']
[2026-04-24 04:42:45,806][dowhy.causal_identifier.auto_identifier][INFO] - Causal effect can be identified.
[2026-04-24 04:42:45,807][dowhy.causal_identifier.auto_identifier][INFO] - Instrumental variables for treatment and outcome:['X1', 'X6']
[2026-04-24 04:42:45,809][dowhy.causal_identifier.auto_identifier][INFO] - Frontdoor variables for treatment and outcome:['X8', 'X12', 'X9']
[2026-04-24 04:42:45,812][dowhy.causal_identifier.auto_identifier][INFO] - Causal effect can be identified.
[2026-04-24 04:42:45,816][dowhy.causal_identifier.auto_identifier][INFO] - Causal effect can be identified.
[2026-04-24 04:42:45,817][dowhy.causal_model][INFO] - linear_regression
[2026-04-24 04:42:45,817][dowhy.causal_estimator][INFO] - INFO: Using Linear Regression Estimator
[2026-04-24 04:42:45,817][dowhy.causal_estimator][INFO] - b: X10~X7+X7*X5+X7*X4+X7*X2+X7*X3
[2026-04-24 04:42:45,825][dowhy.causal_model][INFO] - Model to find the causal effect of treatment ['X7'] on outcome ['X11']
[2026-04-24 04:42:45,826][dowhy.causal_identifier.auto_identifier][WARNING] - No directed path from treatment to outcome. Causal Effect is zero.
[2026-04-24 04:42:45,826][dowhy.causal_model][INFO] - linear_regression
[2026-04-24 04:42:45,826][dowhy.causal_estimator][INFO] - INFO: Using Linear Regression Estimator
[2026-04-24 04:42:45,826][dowhy.causal_estimator][WARNING] - No directed path from ['X7'] to ['X11'].
[2026-04-24 04:42:45,828][dowhy.causal_model][INFO] - Model to find the causal effect of treatment ['X7'] on outcome ['X12']
[2026-04-24 04:42:45,830][dowhy.causal_identifier.auto_identifier][INFO] - Causal effect can be identified.
[2026-04-24 04:42:45,831][dowhy.causal_identifier.auto_identifier][INFO] - Instrumental variables for treatment and outcome:['X1', 'X6']
[2026-04-24 04:42:45,833][dowhy.causal_identifier.auto_identifier][INFO] - Frontdoor variables for treatment and outcome:[]
[2026-04-24 04:42:45,833][dowhy.causal_model][INFO] - linear_regression
[2026-04-24 04:42:45,833][dowhy.causal_estimator][INFO] - INFO: Using Linear Regression Estimator
[2026-04-24 04:42:45,833][dowhy.causal_estimator][INFO] - b: X12~X7+X7*X2+X7*X3
[2026-04-24 04:42:45,841][dowhy.causal_model][INFO] - Model to find the causal effect of treatment ['X7'] on outcome ['X13']
[2026-04-24 04:42:45,843][dowhy.causal_identifier.auto_identifier][INFO] - Causal effect can be identified.
[2026-04-24 04:42:45,844][dowhy.causal_identifier.auto_identifier][INFO] - Instrumental variables for treatment and outcome:['X1', 'X6']
[2026-04-24 04:42:45,847][dowhy.causal_identifier.auto_identifier][INFO] - Frontdoor variables for treatment and outcome:['X8', 'X12', 'X9']
[2026-04-24 04:42:45,850][dowhy.causal_identifier.auto_identifier][INFO] - Causal effect can be identified.
[2026-04-24 04:42:45,854][dowhy.causal_identifier.auto_identifier][INFO] - Causal effect can be identified.
[2026-04-24 04:42:45,855][dowhy.causal_model][INFO] - linear_regression
[2026-04-24 04:42:45,855][dowhy.causal_estimator][INFO] - INFO: Using Linear Regression Estimator
[2026-04-24 04:42:45,855][dowhy.causal_estimator][INFO] - b: X13~X7+X7*X5+X7*X4+X7*X2+X7*X3
[2026-04-24 04:42:45,901][dowhy.causal_model][INFO] - Model to find the causal effect of treatment ['X8'] on outcome ['X0']
[2026-04-24 04:42:45,901][dowhy.causal_identifier.auto_identifier][WARNING] - No directed path from treatment to outcome. Causal Effect is zero.
[2026-04-24 04:42:45,901][dowhy.causal_model][INFO] - linear_regression
[2026-04-24 04:42:45,901][dowhy.causal_estimator][INFO] - INFO: Using Linear Regression Estimator
[2026-04-24 04:42:45,901][dowhy.causal_estimator][WARNING] - No directed path from ['X8'] to ['X0'].
[2026-04-24 04:42:45,903][dowhy.causal_model][INFO] - Model to find the causal effect of treatment ['X8'] on outcome ['X1']
[2026-04-24 04:42:45,903][dowhy.causal_identifier.auto_identifier][WARNING] - No directed path from treatment to outcome. Causal Effect is zero.
[2026-04-24 04:42:45,903][dowhy.causal_model][INFO] - linear_regression
[2026-04-24 04:42:45,903][dowhy.causal_estimator][INFO] - INFO: Using Linear Regression Estimator
[2026-04-24 04:42:45,903][dowhy.causal_estimator][WARNING] - No directed path from ['X8'] to ['X1'].
[2026-04-24 04:42:45,905][dowhy.causal_model][INFO] - Model to find the causal effect of treatment ['X8'] on outcome ['X2']
[2026-04-24 04:42:45,905][dowhy.causal_identifier.auto_identifier][WARNING] - No directed path from treatment to outcome. Causal Effect is zero.
[2026-04-24 04:42:45,905][dowhy.causal_model][INFO] - linear_regression
[2026-04-24 04:42:45,905][dowhy.causal_estimator][INFO] - INFO: Using Linear Regression Estimator
[2026-04-24 04:42:45,905][dowhy.causal_estimator][WARNING] - No directed path from ['X8'] to ['X2'].
[2026-04-24 04:42:45,906][dowhy.causal_model][INFO] - Model to find the causal effect of treatment ['X8'] on outcome ['X3']
[2026-04-24 04:42:45,906][dowhy.causal_identifier.auto_identifier][WARNING] - No directed path from treatment to outcome. Causal Effect is zero.
[2026-04-24 04:42:45,907][dowhy.causal_model][INFO] - linear_regression
[2026-04-24 04:42:45,907][dowhy.causal_estimator][INFO] - INFO: Using Linear Regression Estimator
[2026-04-24 04:42:45,907][dowhy.causal_estimator][WARNING] - No directed path from ['X8'] to ['X3'].
[2026-04-24 04:42:45,908][dowhy.causal_model][INFO] - Model to find the causal effect of treatment ['X8'] on outcome ['X4']
[2026-04-24 04:42:45,908][dowhy.causal_identifier.auto_identifier][WARNING] - No directed path from treatment to outcome. Causal Effect is zero.
[2026-04-24 04:42:45,908][dowhy.causal_model][INFO] - linear_regression
[2026-04-24 04:42:45,908][dowhy.causal_estimator][INFO] - INFO: Using Linear Regression Estimator
[2026-04-24 04:42:45,908][dowhy.causal_estimator][WARNING] - No directed path from ['X8'] to ['X4'].
[2026-04-24 04:42:45,910][dowhy.causal_model][INFO] - Model to find the causal effect of treatment ['X8'] on outcome ['X5']
[2026-04-24 04:42:45,910][dowhy.causal_identifier.auto_identifier][WARNING] - No directed path from treatment to outcome. Causal Effect is zero.
[2026-04-24 04:42:45,910][dowhy.causal_model][INFO] - linear_regression
[2026-04-24 04:42:45,910][dowhy.causal_estimator][INFO] - INFO: Using Linear Regression Estimator
[2026-04-24 04:42:45,910][dowhy.causal_estimator][WARNING] - No directed path from ['X8'] to ['X5'].
[2026-04-24 04:42:45,912][dowhy.causal_model][INFO] - Model to find the causal effect of treatment ['X8'] on outcome ['X6']
[2026-04-24 04:42:45,912][dowhy.causal_identifier.auto_identifier][WARNING] - No directed path from treatment to outcome. Causal Effect is zero.
[2026-04-24 04:42:45,912][dowhy.causal_model][INFO] - linear_regression
[2026-04-24 04:42:45,912][dowhy.causal_estimator][INFO] - INFO: Using Linear Regression Estimator
[2026-04-24 04:42:45,912][dowhy.causal_estimator][WARNING] - No directed path from ['X8'] to ['X6'].
[2026-04-24 04:42:45,914][dowhy.causal_model][INFO] - Model to find the causal effect of treatment ['X8'] on outcome ['X7']
[2026-04-24 04:42:45,914][dowhy.causal_identifier.auto_identifier][WARNING] - No directed path from treatment to outcome. Causal Effect is zero.
[2026-04-24 04:42:45,914][dowhy.causal_model][INFO] - linear_regression
[2026-04-24 04:42:45,914][dowhy.causal_estimator][INFO] - INFO: Using Linear Regression Estimator
[2026-04-24 04:42:45,914][dowhy.causal_estimator][WARNING] - No directed path from ['X8'] to ['X7'].
[2026-04-24 04:42:45,916][dowhy.causal_model][INFO] - Model to find the causal effect of treatment ['X8'] on outcome ['X9']
[2026-04-24 04:42:45,919][dowhy.causal_identifier.auto_identifier][INFO] - Causal effect can be identified.
[2026-04-24 04:42:45,919][dowhy.causal_identifier.auto_identifier][INFO] - Instrumental variables for treatment and outcome:['X7', 'X2']
[2026-04-24 04:42:45,920][dowhy.causal_identifier.auto_identifier][INFO] - Frontdoor variables for treatment and outcome:[]
[2026-04-24 04:42:45,920][dowhy.causal_model][INFO] - linear_regression
[2026-04-24 04:42:45,920][dowhy.causal_estimator][INFO] - INFO: Using Linear Regression Estimator
[2026-04-24 04:42:45,920][dowhy.causal_estimator][INFO] - b: X9~X8+X3
[2026-04-24 04:42:45,929][dowhy.causal_model][INFO] - Model to find the causal effect of treatment ['X8'] on outcome ['X10']
[2026-04-24 04:42:45,933][dowhy.causal_identifier.auto_identifier][INFO] - Causal effect can be identified.
[2026-04-24 04:42:45,933][dowhy.causal_identifier.auto_identifier][INFO] - Instrumental variables for treatment and outcome:['X7', 'X2']
[2026-04-24 04:42:45,934][dowhy.causal_identifier.auto_identifier][INFO] - Frontdoor variables for treatment and outcome:[]
[2026-04-24 04:42:45,934][dowhy.causal_model][INFO] - linear_regression
[2026-04-24 04:42:45,934][dowhy.causal_estimator][INFO] - INFO: Using Linear Regression Estimator
[2026-04-24 04:42:45,935][dowhy.causal_estimator][INFO] - b: X10~X8+X3+X8*X5+X8*X4
[2026-04-24 04:42:45,945][dowhy.causal_model][INFO] - Model to find the causal effect of treatment ['X8'] on outcome ['X11']
[2026-04-24 04:42:45,945][dowhy.causal_identifier.auto_identifier][WARNING] - No directed path from treatment to outcome. Causal Effect is zero.
[2026-04-24 04:42:45,945][dowhy.causal_model][INFO] - linear_regression
[2026-04-24 04:42:45,945][dowhy.causal_estimator][INFO] - INFO: Using Linear Regression Estimator
[2026-04-24 04:42:45,945][dowhy.causal_estimator][WARNING] - No directed path from ['X8'] to ['X11'].
[2026-04-24 04:42:45,947][dowhy.causal_model][INFO] - Model to find the causal effect of treatment ['X8'] on outcome ['X12']
[2026-04-24 04:42:45,950][dowhy.causal_identifier.auto_identifier][INFO] - Causal effect can be identified.
[2026-04-24 04:42:45,951][dowhy.causal_identifier.auto_identifier][INFO] - Instrumental variables for treatment and outcome:['X7', 'X2']
[2026-04-24 04:42:45,952][dowhy.causal_identifier.auto_identifier][INFO] - Frontdoor variables for treatment and outcome:[]
[2026-04-24 04:42:45,952][dowhy.causal_model][INFO] - linear_regression
[2026-04-24 04:42:45,952][dowhy.causal_estimator][INFO] - INFO: Using Linear Regression Estimator
[2026-04-24 04:42:45,952][dowhy.causal_estimator][INFO] - b: X12~X8+X3
[2026-04-24 04:42:45,961][dowhy.causal_model][INFO] - Model to find the causal effect of treatment ['X8'] on outcome ['X13']
[2026-04-24 04:42:45,964][dowhy.causal_identifier.auto_identifier][INFO] - Causal effect can be identified.
[2026-04-24 04:42:45,965][dowhy.causal_identifier.auto_identifier][INFO] - Instrumental variables for treatment and outcome:['X7', 'X2']
[2026-04-24 04:42:45,967][dowhy.causal_identifier.auto_identifier][INFO] - Frontdoor variables for treatment and outcome:[]
[2026-04-24 04:42:45,967][dowhy.causal_model][INFO] - linear_regression
[2026-04-24 04:42:45,967][dowhy.causal_estimator][INFO] - INFO: Using Linear Regression Estimator
[2026-04-24 04:42:45,967][dowhy.causal_estimator][INFO] - b: X13~X8+X3+X8*X5+X8*X4
[2026-04-24 04:42:46,017][dowhy.causal_model][INFO] - Model to find the causal effect of treatment ['X9'] on outcome ['X0']
[2026-04-24 04:42:46,017][dowhy.causal_identifier.auto_identifier][WARNING] - No directed path from treatment to outcome. Causal Effect is zero.
[2026-04-24 04:42:46,017][dowhy.causal_model][INFO] - linear_regression
[2026-04-24 04:42:46,017][dowhy.causal_estimator][INFO] - INFO: Using Linear Regression Estimator
[2026-04-24 04:42:46,017][dowhy.causal_estimator][WARNING] - No directed path from ['X9'] to ['X0'].
[2026-04-24 04:42:46,019][dowhy.causal_model][INFO] - Model to find the causal effect of treatment ['X9'] on outcome ['X1']
[2026-04-24 04:42:46,019][dowhy.causal_identifier.auto_identifier][WARNING] - No directed path from treatment to outcome. Causal Effect is zero.
[2026-04-24 04:42:46,019][dowhy.causal_model][INFO] - linear_regression
[2026-04-24 04:42:46,019][dowhy.causal_estimator][INFO] - INFO: Using Linear Regression Estimator
[2026-04-24 04:42:46,019][dowhy.causal_estimator][WARNING] - No directed path from ['X9'] to ['X1'].
[2026-04-24 04:42:46,021][dowhy.causal_model][INFO] - Model to find the causal effect of treatment ['X9'] on outcome ['X2']
[2026-04-24 04:42:46,021][dowhy.causal_identifier.auto_identifier][WARNING] - No directed path from treatment to outcome. Causal Effect is zero.
[2026-04-24 04:42:46,021][dowhy.causal_model][INFO] - linear_regression
[2026-04-24 04:42:46,021][dowhy.causal_estimator][INFO] - INFO: Using Linear Regression Estimator
[2026-04-24 04:42:46,021][dowhy.causal_estimator][WARNING] - No directed path from ['X9'] to ['X2'].
[2026-04-24 04:42:46,023][dowhy.causal_model][INFO] - Model to find the causal effect of treatment ['X9'] on outcome ['X3']
[2026-04-24 04:42:46,023][dowhy.causal_identifier.auto_identifier][WARNING] - No directed path from treatment to outcome. Causal Effect is zero.
[2026-04-24 04:42:46,023][dowhy.causal_model][INFO] - linear_regression
[2026-04-24 04:42:46,023][dowhy.causal_estimator][INFO] - INFO: Using Linear Regression Estimator
[2026-04-24 04:42:46,023][dowhy.causal_estimator][WARNING] - No directed path from ['X9'] to ['X3'].
[2026-04-24 04:42:46,025][dowhy.causal_model][INFO] - Model to find the causal effect of treatment ['X9'] on outcome ['X4']
[2026-04-24 04:42:46,025][dowhy.causal_identifier.auto_identifier][WARNING] - No directed path from treatment to outcome. Causal Effect is zero.
[2026-04-24 04:42:46,025][dowhy.causal_model][INFO] - linear_regression
[2026-04-24 04:42:46,025][dowhy.causal_estimator][INFO] - INFO: Using Linear Regression Estimator
[2026-04-24 04:42:46,025][dowhy.causal_estimator][WARNING] - No directed path from ['X9'] to ['X4'].
[2026-04-24 04:42:46,026][dowhy.causal_model][INFO] - Model to find the causal effect of treatment ['X9'] on outcome ['X5']
[2026-04-24 04:42:46,026][dowhy.causal_identifier.auto_identifier][WARNING] - No directed path from treatment to outcome. Causal Effect is zero.
[2026-04-24 04:42:46,027][dowhy.causal_model][INFO] - linear_regression
[2026-04-24 04:42:46,027][dowhy.causal_estimator][INFO] - INFO: Using Linear Regression Estimator
[2026-04-24 04:42:46,027][dowhy.causal_estimator][WARNING] - No directed path from ['X9'] to ['X5'].
[2026-04-24 04:42:46,028][dowhy.causal_model][INFO] - Model to find the causal effect of treatment ['X9'] on outcome ['X6']
[2026-04-24 04:42:46,028][dowhy.causal_identifier.auto_identifier][WARNING] - No directed path from treatment to outcome. Causal Effect is zero.
[2026-04-24 04:42:46,028][dowhy.causal_model][INFO] - linear_regression
[2026-04-24 04:42:46,028][dowhy.causal_estimator][INFO] - INFO: Using Linear Regression Estimator
[2026-04-24 04:42:46,028][dowhy.causal_estimator][WARNING] - No directed path from ['X9'] to ['X6'].
[2026-04-24 04:42:46,030][dowhy.causal_model][INFO] - Model to find the causal effect of treatment ['X9'] on outcome ['X7']
[2026-04-24 04:42:46,030][dowhy.causal_identifier.auto_identifier][WARNING] - No directed path from treatment to outcome. Causal Effect is zero.
[2026-04-24 04:42:46,030][dowhy.causal_model][INFO] - linear_regression
[2026-04-24 04:42:46,030][dowhy.causal_estimator][INFO] - INFO: Using Linear Regression Estimator
[2026-04-24 04:42:46,030][dowhy.causal_estimator][WARNING] - No directed path from ['X9'] to ['X7'].
[2026-04-24 04:42:46,032][dowhy.causal_model][INFO] - Model to find the causal effect of treatment ['X9'] on outcome ['X8']
[2026-04-24 04:42:46,032][dowhy.causal_identifier.auto_identifier][WARNING] - No directed path from treatment to outcome. Causal Effect is zero.
[2026-04-24 04:42:46,032][dowhy.causal_model][INFO] - linear_regression
[2026-04-24 04:42:46,032][dowhy.causal_estimator][INFO] - INFO: Using Linear Regression Estimator
[2026-04-24 04:42:46,032][dowhy.causal_estimator][WARNING] - No directed path from ['X9'] to ['X8'].
[2026-04-24 04:42:46,034][dowhy.causal_model][INFO] - Model to find the causal effect of treatment ['X9'] on outcome ['X10']
[2026-04-24 04:42:46,038][dowhy.causal_identifier.auto_identifier][INFO] - Causal effect can be identified.
[2026-04-24 04:42:46,039][dowhy.causal_identifier.auto_identifier][INFO] - Instrumental variables for treatment and outcome:['X8', 'X3']
[2026-04-24 04:42:46,039][dowhy.causal_identifier.auto_identifier][INFO] - Frontdoor variables for treatment and outcome:[]
[2026-04-24 04:42:46,039][dowhy.causal_model][INFO] - linear_regression
[2026-04-24 04:42:46,040][dowhy.causal_estimator][INFO] - INFO: Using Linear Regression Estimator
[2026-04-24 04:42:46,040][dowhy.causal_estimator][INFO] - b: X10~X9+X9*X5+X9*X4
[2026-04-24 04:42:46,047][dowhy.causal_model][INFO] - Model to find the causal effect of treatment ['X9'] on outcome ['X11']
[2026-04-24 04:42:46,048][dowhy.causal_identifier.auto_identifier][WARNING] - No directed path from treatment to outcome. Causal Effect is zero.
[2026-04-24 04:42:46,048][dowhy.causal_model][INFO] - linear_regression
[2026-04-24 04:42:46,048][dowhy.causal_estimator][INFO] - INFO: Using Linear Regression Estimator
[2026-04-24 04:42:46,048][dowhy.causal_estimator][WARNING] - No directed path from ['X9'] to ['X11'].
[2026-04-24 04:42:46,049][dowhy.causal_model][INFO] - Model to find the causal effect of treatment ['X9'] on outcome ['X12']
[2026-04-24 04:42:46,049][dowhy.causal_identifier.auto_identifier][WARNING] - No directed path from treatment to outcome. Causal Effect is zero.
[2026-04-24 04:42:46,050][dowhy.causal_model][INFO] - linear_regression
[2026-04-24 04:42:46,050][dowhy.causal_estimator][INFO] - INFO: Using Linear Regression Estimator
[2026-04-24 04:42:46,050][dowhy.causal_estimator][WARNING] - No directed path from ['X9'] to ['X12'].
[2026-04-24 04:42:46,051][dowhy.causal_model][INFO] - Model to find the causal effect of treatment ['X9'] on outcome ['X13']
[2026-04-24 04:42:46,055][dowhy.causal_identifier.auto_identifier][INFO] - Causal effect can be identified.
[2026-04-24 04:42:46,056][dowhy.causal_identifier.auto_identifier][INFO] - Instrumental variables for treatment and outcome:['X8', 'X3']
[2026-04-24 04:42:46,057][dowhy.causal_identifier.auto_identifier][INFO] - Frontdoor variables for treatment and outcome:[]
[2026-04-24 04:42:46,057][dowhy.causal_model][INFO] - linear_regression
[2026-04-24 04:42:46,057][dowhy.causal_estimator][INFO] - INFO: Using Linear Regression Estimator
[2026-04-24 04:42:46,057][dowhy.causal_estimator][INFO] - b: X13~X9+X9*X5+X9*X4
[2026-04-24 04:42:46,103][dowhy.causal_model][INFO] - Model to find the causal effect of treatment ['X10'] on outcome ['X0']
[2026-04-24 04:42:46,103][dowhy.causal_identifier.auto_identifier][WARNING] - No directed path from treatment to outcome. Causal Effect is zero.
[2026-04-24 04:42:46,103][dowhy.causal_model][INFO] - linear_regression
[2026-04-24 04:42:46,103][dowhy.causal_estimator][INFO] - INFO: Using Linear Regression Estimator
[2026-04-24 04:42:46,103][dowhy.causal_estimator][WARNING] - No directed path from ['X10'] to ['X0'].
[2026-04-24 04:42:46,105][dowhy.causal_model][INFO] - Model to find the causal effect of treatment ['X10'] on outcome ['X1']
[2026-04-24 04:42:46,105][dowhy.causal_identifier.auto_identifier][WARNING] - No directed path from treatment to outcome. Causal Effect is zero.
[2026-04-24 04:42:46,105][dowhy.causal_model][INFO] - linear_regression
[2026-04-24 04:42:46,105][dowhy.causal_estimator][INFO] - INFO: Using Linear Regression Estimator
[2026-04-24 04:42:46,105][dowhy.causal_estimator][WARNING] - No directed path from ['X10'] to ['X1'].
[2026-04-24 04:42:46,106][dowhy.causal_model][INFO] - Model to find the causal effect of treatment ['X10'] on outcome ['X2']
[2026-04-24 04:42:46,106][dowhy.causal_identifier.auto_identifier][WARNING] - No directed path from treatment to outcome. Causal Effect is zero.
[2026-04-24 04:42:46,107][dowhy.causal_model][INFO] - linear_regression
[2026-04-24 04:42:46,107][dowhy.causal_estimator][INFO] - INFO: Using Linear Regression Estimator
[2026-04-24 04:42:46,107][dowhy.causal_estimator][WARNING] - No directed path from ['X10'] to ['X2'].
[2026-04-24 04:42:46,108][dowhy.causal_model][INFO] - Model to find the causal effect of treatment ['X10'] on outcome ['X3']
[2026-04-24 04:42:46,108][dowhy.causal_identifier.auto_identifier][WARNING] - No directed path from treatment to outcome. Causal Effect is zero.
[2026-04-24 04:42:46,108][dowhy.causal_model][INFO] - linear_regression
[2026-04-24 04:42:46,108][dowhy.causal_estimator][INFO] - INFO: Using Linear Regression Estimator
[2026-04-24 04:42:46,108][dowhy.causal_estimator][WARNING] - No directed path from ['X10'] to ['X3'].
[2026-04-24 04:42:46,110][dowhy.causal_model][INFO] - Model to find the causal effect of treatment ['X10'] on outcome ['X4']
[2026-04-24 04:42:46,110][dowhy.causal_identifier.auto_identifier][WARNING] - No directed path from treatment to outcome. Causal Effect is zero.
[2026-04-24 04:42:46,110][dowhy.causal_model][INFO] - linear_regression
[2026-04-24 04:42:46,110][dowhy.causal_estimator][INFO] - INFO: Using Linear Regression Estimator
[2026-04-24 04:42:46,110][dowhy.causal_estimator][WARNING] - No directed path from ['X10'] to ['X4'].
[2026-04-24 04:42:46,112][dowhy.causal_model][INFO] - Model to find the causal effect of treatment ['X10'] on outcome ['X5']
[2026-04-24 04:42:46,112][dowhy.causal_identifier.auto_identifier][WARNING] - No directed path from treatment to outcome. Causal Effect is zero.
[2026-04-24 04:42:46,112][dowhy.causal_model][INFO] - linear_regression
[2026-04-24 04:42:46,112][dowhy.causal_estimator][INFO] - INFO: Using Linear Regression Estimator
[2026-04-24 04:42:46,112][dowhy.causal_estimator][WARNING] - No directed path from ['X10'] to ['X5'].
[2026-04-24 04:42:46,114][dowhy.causal_model][INFO] - Model to find the causal effect of treatment ['X10'] on outcome ['X6']
[2026-04-24 04:42:46,114][dowhy.causal_identifier.auto_identifier][WARNING] - No directed path from treatment to outcome. Causal Effect is zero.
[2026-04-24 04:42:46,114][dowhy.causal_model][INFO] - linear_regression
[2026-04-24 04:42:46,114][dowhy.causal_estimator][INFO] - INFO: Using Linear Regression Estimator
[2026-04-24 04:42:46,114][dowhy.causal_estimator][WARNING] - No directed path from ['X10'] to ['X6'].
[2026-04-24 04:42:46,116][dowhy.causal_model][INFO] - Model to find the causal effect of treatment ['X10'] on outcome ['X7']
[2026-04-24 04:42:46,116][dowhy.causal_identifier.auto_identifier][WARNING] - No directed path from treatment to outcome. Causal Effect is zero.
[2026-04-24 04:42:46,116][dowhy.causal_model][INFO] - linear_regression
[2026-04-24 04:42:46,116][dowhy.causal_estimator][INFO] - INFO: Using Linear Regression Estimator
[2026-04-24 04:42:46,116][dowhy.causal_estimator][WARNING] - No directed path from ['X10'] to ['X7'].
[2026-04-24 04:42:46,118][dowhy.causal_model][INFO] - Model to find the causal effect of treatment ['X10'] on outcome ['X8']
[2026-04-24 04:42:46,118][dowhy.causal_identifier.auto_identifier][WARNING] - No directed path from treatment to outcome. Causal Effect is zero.
[2026-04-24 04:42:46,118][dowhy.causal_model][INFO] - linear_regression
[2026-04-24 04:42:46,118][dowhy.causal_estimator][INFO] - INFO: Using Linear Regression Estimator
[2026-04-24 04:42:46,118][dowhy.causal_estimator][WARNING] - No directed path from ['X10'] to ['X8'].
[2026-04-24 04:42:46,120][dowhy.causal_model][INFO] - Model to find the causal effect of treatment ['X10'] on outcome ['X9']
[2026-04-24 04:42:46,120][dowhy.causal_identifier.auto_identifier][WARNING] - No directed path from treatment to outcome. Causal Effect is zero.
[2026-04-24 04:42:46,120][dowhy.causal_model][INFO] - linear_regression
[2026-04-24 04:42:46,120][dowhy.causal_estimator][INFO] - INFO: Using Linear Regression Estimator
[2026-04-24 04:42:46,120][dowhy.causal_estimator][WARNING] - No directed path from ['X10'] to ['X9'].
[2026-04-24 04:42:46,121][dowhy.causal_model][INFO] - Model to find the causal effect of treatment ['X10'] on outcome ['X11']
[2026-04-24 04:42:46,122][dowhy.causal_identifier.auto_identifier][WARNING] - No directed path from treatment to outcome. Causal Effect is zero.
[2026-04-24 04:42:46,122][dowhy.causal_model][INFO] - linear_regression
[2026-04-24 04:42:46,122][dowhy.causal_estimator][INFO] - INFO: Using Linear Regression Estimator
[2026-04-24 04:42:46,122][dowhy.causal_estimator][WARNING] - No directed path from ['X10'] to ['X11'].
[2026-04-24 04:42:46,123][dowhy.causal_model][INFO] - Model to find the causal effect of treatment ['X10'] on outcome ['X12']
[2026-04-24 04:42:46,123][dowhy.causal_identifier.auto_identifier][WARNING] - No directed path from treatment to outcome. Causal Effect is zero.
[2026-04-24 04:42:46,124][dowhy.causal_model][INFO] - linear_regression
[2026-04-24 04:42:46,124][dowhy.causal_estimator][INFO] - INFO: Using Linear Regression Estimator
[2026-04-24 04:42:46,124][dowhy.causal_estimator][WARNING] - No directed path from ['X10'] to ['X12'].
[2026-04-24 04:42:46,126][dowhy.causal_model][INFO] - Model to find the causal effect of treatment ['X10'] on outcome ['X13']
[2026-04-24 04:42:46,130][dowhy.causal_identifier.auto_identifier][INFO] - Causal effect can be identified.
[2026-04-24 04:42:46,130][dowhy.causal_identifier.auto_identifier][INFO] - Instrumental variables for treatment and outcome:['X4', 'X9']
[2026-04-24 04:42:46,131][dowhy.causal_identifier.auto_identifier][INFO] - Frontdoor variables for treatment and outcome:[]
[2026-04-24 04:42:46,131][dowhy.causal_model][INFO] - linear_regression
[2026-04-24 04:42:46,131][dowhy.causal_estimator][INFO] - INFO: Using Linear Regression Estimator
[2026-04-24 04:42:46,131][dowhy.causal_estimator][INFO] - b: X13~X10+X5
[2026-04-24 04:42:46,179][dowhy.causal_model][INFO] - Model to find the causal effect of treatment ['X11'] on outcome ['X0']
[2026-04-24 04:42:46,179][dowhy.causal_identifier.auto_identifier][WARNING] - No directed path from treatment to outcome. Causal Effect is zero.
[2026-04-24 04:42:46,179][dowhy.causal_model][INFO] - linear_regression
[2026-04-24 04:42:46,179][dowhy.causal_estimator][INFO] - INFO: Using Linear Regression Estimator
[2026-04-24 04:42:46,179][dowhy.causal_estimator][WARNING] - No directed path from ['X11'] to ['X0'].
[2026-04-24 04:42:46,181][dowhy.causal_model][INFO] - Model to find the causal effect of treatment ['X11'] on outcome ['X1']
[2026-04-24 04:42:46,181][dowhy.causal_identifier.auto_identifier][WARNING] - No directed path from treatment to outcome. Causal Effect is zero.
[2026-04-24 04:42:46,181][dowhy.causal_model][INFO] - linear_regression
[2026-04-24 04:42:46,181][dowhy.causal_estimator][INFO] - INFO: Using Linear Regression Estimator
[2026-04-24 04:42:46,181][dowhy.causal_estimator][WARNING] - No directed path from ['X11'] to ['X1'].
[2026-04-24 04:42:46,183][dowhy.causal_model][INFO] - Model to find the causal effect of treatment ['X11'] on outcome ['X2']
[2026-04-24 04:42:46,183][dowhy.causal_identifier.auto_identifier][WARNING] - No directed path from treatment to outcome. Causal Effect is zero.
[2026-04-24 04:42:46,183][dowhy.causal_model][INFO] - linear_regression
[2026-04-24 04:42:46,183][dowhy.causal_estimator][INFO] - INFO: Using Linear Regression Estimator
[2026-04-24 04:42:46,183][dowhy.causal_estimator][WARNING] - No directed path from ['X11'] to ['X2'].
[2026-04-24 04:42:46,185][dowhy.causal_model][INFO] - Model to find the causal effect of treatment ['X11'] on outcome ['X3']
[2026-04-24 04:42:46,185][dowhy.causal_identifier.auto_identifier][WARNING] - No directed path from treatment to outcome. Causal Effect is zero.
[2026-04-24 04:42:46,185][dowhy.causal_model][INFO] - linear_regression
[2026-04-24 04:42:46,185][dowhy.causal_estimator][INFO] - INFO: Using Linear Regression Estimator
[2026-04-24 04:42:46,185][dowhy.causal_estimator][WARNING] - No directed path from ['X11'] to ['X3'].
[2026-04-24 04:42:46,187][dowhy.causal_model][INFO] - Model to find the causal effect of treatment ['X11'] on outcome ['X4']
[2026-04-24 04:42:46,187][dowhy.causal_identifier.auto_identifier][WARNING] - No directed path from treatment to outcome. Causal Effect is zero.
[2026-04-24 04:42:46,187][dowhy.causal_model][INFO] - linear_regression
[2026-04-24 04:42:46,187][dowhy.causal_estimator][INFO] - INFO: Using Linear Regression Estimator
[2026-04-24 04:42:46,187][dowhy.causal_estimator][WARNING] - No directed path from ['X11'] to ['X4'].
[2026-04-24 04:42:46,189][dowhy.causal_model][INFO] - Model to find the causal effect of treatment ['X11'] on outcome ['X5']
[2026-04-24 04:42:46,189][dowhy.causal_identifier.auto_identifier][WARNING] - No directed path from treatment to outcome. Causal Effect is zero.
[2026-04-24 04:42:46,189][dowhy.causal_model][INFO] - linear_regression
[2026-04-24 04:42:46,189][dowhy.causal_estimator][INFO] - INFO: Using Linear Regression Estimator
[2026-04-24 04:42:46,189][dowhy.causal_estimator][WARNING] - No directed path from ['X11'] to ['X5'].
[2026-04-24 04:42:46,191][dowhy.causal_model][INFO] - Model to find the causal effect of treatment ['X11'] on outcome ['X6']
[2026-04-24 04:42:46,191][dowhy.causal_identifier.auto_identifier][WARNING] - No directed path from treatment to outcome. Causal Effect is zero.
[2026-04-24 04:42:46,191][dowhy.causal_model][INFO] - linear_regression
[2026-04-24 04:42:46,191][dowhy.causal_estimator][INFO] - INFO: Using Linear Regression Estimator
[2026-04-24 04:42:46,191][dowhy.causal_estimator][WARNING] - No directed path from ['X11'] to ['X6'].
[2026-04-24 04:42:46,193][dowhy.causal_model][INFO] - Model to find the causal effect of treatment ['X11'] on outcome ['X7']
[2026-04-24 04:42:46,193][dowhy.causal_identifier.auto_identifier][WARNING] - No directed path from treatment to outcome. Causal Effect is zero.
[2026-04-24 04:42:46,193][dowhy.causal_model][INFO] - linear_regression
[2026-04-24 04:42:46,193][dowhy.causal_estimator][INFO] - INFO: Using Linear Regression Estimator
[2026-04-24 04:42:46,193][dowhy.causal_estimator][WARNING] - No directed path from ['X11'] to ['X7'].
[2026-04-24 04:42:46,195][dowhy.causal_model][INFO] - Model to find the causal effect of treatment ['X11'] on outcome ['X8']
[2026-04-24 04:42:46,195][dowhy.causal_identifier.auto_identifier][WARNING] - No directed path from treatment to outcome. Causal Effect is zero.
[2026-04-24 04:42:46,195][dowhy.causal_model][INFO] - linear_regression
[2026-04-24 04:42:46,195][dowhy.causal_estimator][INFO] - INFO: Using Linear Regression Estimator
[2026-04-24 04:42:46,195][dowhy.causal_estimator][WARNING] - No directed path from ['X11'] to ['X8'].
[2026-04-24 04:42:46,197][dowhy.causal_model][INFO] - Model to find the causal effect of treatment ['X11'] on outcome ['X9']
[2026-04-24 04:42:46,197][dowhy.causal_identifier.auto_identifier][WARNING] - No directed path from treatment to outcome. Causal Effect is zero.
[2026-04-24 04:42:46,197][dowhy.causal_model][INFO] - linear_regression
[2026-04-24 04:42:46,197][dowhy.causal_estimator][INFO] - INFO: Using Linear Regression Estimator
[2026-04-24 04:42:46,197][dowhy.causal_estimator][WARNING] - No directed path from ['X11'] to ['X9'].
[2026-04-24 04:42:46,199][dowhy.causal_model][INFO] - Model to find the causal effect of treatment ['X11'] on outcome ['X10']
[2026-04-24 04:42:46,199][dowhy.causal_identifier.auto_identifier][WARNING] - No directed path from treatment to outcome. Causal Effect is zero.
[2026-04-24 04:42:46,199][dowhy.causal_model][INFO] - linear_regression
[2026-04-24 04:42:46,199][dowhy.causal_estimator][INFO] - INFO: Using Linear Regression Estimator
[2026-04-24 04:42:46,199][dowhy.causal_estimator][WARNING] - No directed path from ['X11'] to ['X10'].
[2026-04-24 04:42:46,201][dowhy.causal_model][INFO] - Model to find the causal effect of treatment ['X11'] on outcome ['X12']
[2026-04-24 04:42:46,201][dowhy.causal_identifier.auto_identifier][WARNING] - No directed path from treatment to outcome. Causal Effect is zero.
[2026-04-24 04:42:46,201][dowhy.causal_model][INFO] - linear_regression
[2026-04-24 04:42:46,201][dowhy.causal_estimator][INFO] - INFO: Using Linear Regression Estimator
[2026-04-24 04:42:46,201][dowhy.causal_estimator][WARNING] - No directed path from ['X11'] to ['X12'].
[2026-04-24 04:42:46,203][dowhy.causal_model][INFO] - Model to find the causal effect of treatment ['X11'] on outcome ['X13']
[2026-04-24 04:42:46,203][dowhy.causal_identifier.auto_identifier][WARNING] - No directed path from treatment to outcome. Causal Effect is zero.
[2026-04-24 04:42:46,203][dowhy.causal_model][INFO] - linear_regression
[2026-04-24 04:42:46,203][dowhy.causal_estimator][INFO] - INFO: Using Linear Regression Estimator
[2026-04-24 04:42:46,203][dowhy.causal_estimator][WARNING] - No directed path from ['X11'] to ['X13'].
[2026-04-24 04:42:46,244][dowhy.causal_model][INFO] - Model to find the causal effect of treatment ['X12'] on outcome ['X0']
[2026-04-24 04:42:46,245][dowhy.causal_identifier.auto_identifier][WARNING] - No directed path from treatment to outcome. Causal Effect is zero.
[2026-04-24 04:42:46,245][dowhy.causal_model][INFO] - linear_regression
[2026-04-24 04:42:46,245][dowhy.causal_estimator][INFO] - INFO: Using Linear Regression Estimator
[2026-04-24 04:42:46,245][dowhy.causal_estimator][WARNING] - No directed path from ['X12'] to ['X0'].
[2026-04-24 04:42:46,246][dowhy.causal_model][INFO] - Model to find the causal effect of treatment ['X12'] on outcome ['X1']
[2026-04-24 04:42:46,246][dowhy.causal_identifier.auto_identifier][WARNING] - No directed path from treatment to outcome. Causal Effect is zero.
[2026-04-24 04:42:46,247][dowhy.causal_model][INFO] - linear_regression
[2026-04-24 04:42:46,247][dowhy.causal_estimator][INFO] - INFO: Using Linear Regression Estimator
[2026-04-24 04:42:46,247][dowhy.causal_estimator][WARNING] - No directed path from ['X12'] to ['X1'].
[2026-04-24 04:42:46,248][dowhy.causal_model][INFO] - Model to find the causal effect of treatment ['X12'] on outcome ['X2']
[2026-04-24 04:42:46,248][dowhy.causal_identifier.auto_identifier][WARNING] - No directed path from treatment to outcome. Causal Effect is zero.
[2026-04-24 04:42:46,248][dowhy.causal_model][INFO] - linear_regression
[2026-04-24 04:42:46,248][dowhy.causal_estimator][INFO] - INFO: Using Linear Regression Estimator
[2026-04-24 04:42:46,248][dowhy.causal_estimator][WARNING] - No directed path from ['X12'] to ['X2'].
[2026-04-24 04:42:46,250][dowhy.causal_model][INFO] - Model to find the causal effect of treatment ['X12'] on outcome ['X3']
[2026-04-24 04:42:46,250][dowhy.causal_identifier.auto_identifier][WARNING] - No directed path from treatment to outcome. Causal Effect is zero.
[2026-04-24 04:42:46,250][dowhy.causal_model][INFO] - linear_regression
[2026-04-24 04:42:46,250][dowhy.causal_estimator][INFO] - INFO: Using Linear Regression Estimator
[2026-04-24 04:42:46,250][dowhy.causal_estimator][WARNING] - No directed path from ['X12'] to ['X3'].
[2026-04-24 04:42:46,252][dowhy.causal_model][INFO] - Model to find the causal effect of treatment ['X12'] on outcome ['X4']
[2026-04-24 04:42:46,252][dowhy.causal_identifier.auto_identifier][WARNING] - No directed path from treatment to outcome. Causal Effect is zero.
[2026-04-24 04:42:46,252][dowhy.causal_model][INFO] - linear_regression
[2026-04-24 04:42:46,252][dowhy.causal_estimator][INFO] - INFO: Using Linear Regression Estimator
[2026-04-24 04:42:46,252][dowhy.causal_estimator][WARNING] - No directed path from ['X12'] to ['X4'].
[2026-04-24 04:42:46,254][dowhy.causal_model][INFO] - Model to find the causal effect of treatment ['X12'] on outcome ['X5']
[2026-04-24 04:42:46,254][dowhy.causal_identifier.auto_identifier][WARNING] - No directed path from treatment to outcome. Causal Effect is zero.
[2026-04-24 04:42:46,254][dowhy.causal_model][INFO] - linear_regression
[2026-04-24 04:42:46,254][dowhy.causal_estimator][INFO] - INFO: Using Linear Regression Estimator
[2026-04-24 04:42:46,254][dowhy.causal_estimator][WARNING] - No directed path from ['X12'] to ['X5'].
[2026-04-24 04:42:46,256][dowhy.causal_model][INFO] - Model to find the causal effect of treatment ['X12'] on outcome ['X6']
[2026-04-24 04:42:46,256][dowhy.causal_identifier.auto_identifier][WARNING] - No directed path from treatment to outcome. Causal Effect is zero.
[2026-04-24 04:42:46,256][dowhy.causal_model][INFO] - linear_regression
[2026-04-24 04:42:46,256][dowhy.causal_estimator][INFO] - INFO: Using Linear Regression Estimator
[2026-04-24 04:42:46,256][dowhy.causal_estimator][WARNING] - No directed path from ['X12'] to ['X6'].
[2026-04-24 04:42:46,258][dowhy.causal_model][INFO] - Model to find the causal effect of treatment ['X12'] on outcome ['X7']
[2026-04-24 04:42:46,258][dowhy.causal_identifier.auto_identifier][WARNING] - No directed path from treatment to outcome. Causal Effect is zero.
[2026-04-24 04:42:46,258][dowhy.causal_model][INFO] - linear_regression
[2026-04-24 04:42:46,258][dowhy.causal_estimator][INFO] - INFO: Using Linear Regression Estimator
[2026-04-24 04:42:46,258][dowhy.causal_estimator][WARNING] - No directed path from ['X12'] to ['X7'].
[2026-04-24 04:42:46,260][dowhy.causal_model][INFO] - Model to find the causal effect of treatment ['X12'] on outcome ['X8']
[2026-04-24 04:42:46,260][dowhy.causal_identifier.auto_identifier][WARNING] - No directed path from treatment to outcome. Causal Effect is zero.
[2026-04-24 04:42:46,260][dowhy.causal_model][INFO] - linear_regression
[2026-04-24 04:42:46,260][dowhy.causal_estimator][INFO] - INFO: Using Linear Regression Estimator
[2026-04-24 04:42:46,260][dowhy.causal_estimator][WARNING] - No directed path from ['X12'] to ['X8'].
[2026-04-24 04:42:46,261][dowhy.causal_model][INFO] - Model to find the causal effect of treatment ['X12'] on outcome ['X9']
[2026-04-24 04:42:46,261][dowhy.causal_identifier.auto_identifier][WARNING] - No directed path from treatment to outcome. Causal Effect is zero.
[2026-04-24 04:42:46,262][dowhy.causal_model][INFO] - linear_regression
[2026-04-24 04:42:46,262][dowhy.causal_estimator][INFO] - INFO: Using Linear Regression Estimator
[2026-04-24 04:42:46,262][dowhy.causal_estimator][WARNING] - No directed path from ['X12'] to ['X9'].
[2026-04-24 04:42:46,263][dowhy.causal_model][INFO] - Model to find the causal effect of treatment ['X12'] on outcome ['X10']
[2026-04-24 04:42:46,263][dowhy.causal_identifier.auto_identifier][WARNING] - No directed path from treatment to outcome. Causal Effect is zero.
[2026-04-24 04:42:46,263][dowhy.causal_model][INFO] - linear_regression
[2026-04-24 04:42:46,263][dowhy.causal_estimator][INFO] - INFO: Using Linear Regression Estimator
[2026-04-24 04:42:46,263][dowhy.causal_estimator][WARNING] - No directed path from ['X12'] to ['X10'].
[2026-04-24 04:42:46,265][dowhy.causal_model][INFO] - Model to find the causal effect of treatment ['X12'] on outcome ['X11']
[2026-04-24 04:42:46,265][dowhy.causal_identifier.auto_identifier][WARNING] - No directed path from treatment to outcome. Causal Effect is zero.
[2026-04-24 04:42:46,265][dowhy.causal_model][INFO] - linear_regression
[2026-04-24 04:42:46,265][dowhy.causal_estimator][INFO] - INFO: Using Linear Regression Estimator
[2026-04-24 04:42:46,265][dowhy.causal_estimator][WARNING] - No directed path from ['X12'] to ['X11'].
[2026-04-24 04:42:46,267][dowhy.causal_model][INFO] - Model to find the causal effect of treatment ['X12'] on outcome ['X13']
[2026-04-24 04:42:46,267][dowhy.causal_identifier.auto_identifier][WARNING] - No directed path from treatment to outcome. Causal Effect is zero.
[2026-04-24 04:42:46,267][dowhy.causal_model][INFO] - linear_regression
[2026-04-24 04:42:46,267][dowhy.causal_estimator][INFO] - INFO: Using Linear Regression Estimator
[2026-04-24 04:42:46,267][dowhy.causal_estimator][WARNING] - No directed path from ['X12'] to ['X13'].
[2026-04-24 04:42:46,300][dowhy.causal_model][INFO] - Model to find the causal effect of treatment ['X13'] on outcome ['X0']
[2026-04-24 04:42:46,300][dowhy.causal_identifier.auto_identifier][WARNING] - No directed path from treatment to outcome. Causal Effect is zero.
[2026-04-24 04:42:46,300][dowhy.causal_model][INFO] - linear_regression
[2026-04-24 04:42:46,300][dowhy.causal_estimator][INFO] - INFO: Using Linear Regression Estimator
[2026-04-24 04:42:46,300][dowhy.causal_estimator][WARNING] - No directed path from ['X13'] to ['X0'].
[2026-04-24 04:42:46,302][dowhy.causal_model][INFO] - Model to find the causal effect of treatment ['X13'] on outcome ['X1']
[2026-04-24 04:42:46,302][dowhy.causal_identifier.auto_identifier][WARNING] - No directed path from treatment to outcome. Causal Effect is zero.
[2026-04-24 04:42:46,302][dowhy.causal_model][INFO] - linear_regression
[2026-04-24 04:42:46,302][dowhy.causal_estimator][INFO] - INFO: Using Linear Regression Estimator
[2026-04-24 04:42:46,302][dowhy.causal_estimator][WARNING] - No directed path from ['X13'] to ['X1'].
[2026-04-24 04:42:46,304][dowhy.causal_model][INFO] - Model to find the causal effect of treatment ['X13'] on outcome ['X2']
[2026-04-24 04:42:46,304][dowhy.causal_identifier.auto_identifier][WARNING] - No directed path from treatment to outcome. Causal Effect is zero.
[2026-04-24 04:42:46,304][dowhy.causal_model][INFO] - linear_regression
[2026-04-24 04:42:46,304][dowhy.causal_estimator][INFO] - INFO: Using Linear Regression Estimator
[2026-04-24 04:42:46,304][dowhy.causal_estimator][WARNING] - No directed path from ['X13'] to ['X2'].
[2026-04-24 04:42:46,306][dowhy.causal_model][INFO] - Model to find the causal effect of treatment ['X13'] on outcome ['X3']
[2026-04-24 04:42:46,306][dowhy.causal_identifier.auto_identifier][WARNING] - No directed path from treatment to outcome. Causal Effect is zero.
[2026-04-24 04:42:46,306][dowhy.causal_model][INFO] - linear_regression
[2026-04-24 04:42:46,306][dowhy.causal_estimator][INFO] - INFO: Using Linear Regression Estimator
[2026-04-24 04:42:46,306][dowhy.causal_estimator][WARNING] - No directed path from ['X13'] to ['X3'].
[2026-04-24 04:42:46,307][dowhy.causal_model][INFO] - Model to find the causal effect of treatment ['X13'] on outcome ['X4']
[2026-04-24 04:42:46,308][dowhy.causal_identifier.auto_identifier][WARNING] - No directed path from treatment to outcome. Causal Effect is zero.
[2026-04-24 04:42:46,308][dowhy.causal_model][INFO] - linear_regression
[2026-04-24 04:42:46,308][dowhy.causal_estimator][INFO] - INFO: Using Linear Regression Estimator
[2026-04-24 04:42:46,308][dowhy.causal_estimator][WARNING] - No directed path from ['X13'] to ['X4'].
[2026-04-24 04:42:46,309][dowhy.causal_model][INFO] - Model to find the causal effect of treatment ['X13'] on outcome ['X5']
[2026-04-24 04:42:46,309][dowhy.causal_identifier.auto_identifier][WARNING] - No directed path from treatment to outcome. Causal Effect is zero.
[2026-04-24 04:42:46,309][dowhy.causal_model][INFO] - linear_regression
[2026-04-24 04:42:46,309][dowhy.causal_estimator][INFO] - INFO: Using Linear Regression Estimator
[2026-04-24 04:42:46,309][dowhy.causal_estimator][WARNING] - No directed path from ['X13'] to ['X5'].
[2026-04-24 04:42:46,311][dowhy.causal_model][INFO] - Model to find the causal effect of treatment ['X13'] on outcome ['X6']
[2026-04-24 04:42:46,311][dowhy.causal_identifier.auto_identifier][WARNING] - No directed path from treatment to outcome. Causal Effect is zero.
[2026-04-24 04:42:46,311][dowhy.causal_model][INFO] - linear_regression
[2026-04-24 04:42:46,311][dowhy.causal_estimator][INFO] - INFO: Using Linear Regression Estimator
[2026-04-24 04:42:46,311][dowhy.causal_estimator][WARNING] - No directed path from ['X13'] to ['X6'].
[2026-04-24 04:42:46,313][dowhy.causal_model][INFO] - Model to find the causal effect of treatment ['X13'] on outcome ['X7']
[2026-04-24 04:42:46,313][dowhy.causal_identifier.auto_identifier][WARNING] - No directed path from treatment to outcome. Causal Effect is zero.
[2026-04-24 04:42:46,313][dowhy.causal_model][INFO] - linear_regression
[2026-04-24 04:42:46,313][dowhy.causal_estimator][INFO] - INFO: Using Linear Regression Estimator
[2026-04-24 04:42:46,313][dowhy.causal_estimator][WARNING] - No directed path from ['X13'] to ['X7'].
[2026-04-24 04:42:46,315][dowhy.causal_model][INFO] - Model to find the causal effect of treatment ['X13'] on outcome ['X8']
[2026-04-24 04:42:46,315][dowhy.causal_identifier.auto_identifier][WARNING] - No directed path from treatment to outcome. Causal Effect is zero.
[2026-04-24 04:42:46,315][dowhy.causal_model][INFO] - linear_regression
[2026-04-24 04:42:46,315][dowhy.causal_estimator][INFO] - INFO: Using Linear Regression Estimator
[2026-04-24 04:42:46,315][dowhy.causal_estimator][WARNING] - No directed path from ['X13'] to ['X8'].
[2026-04-24 04:42:46,317][dowhy.causal_model][INFO] - Model to find the causal effect of treatment ['X13'] on outcome ['X9']
[2026-04-24 04:42:46,317][dowhy.causal_identifier.auto_identifier][WARNING] - No directed path from treatment to outcome. Causal Effect is zero.
[2026-04-24 04:42:46,317][dowhy.causal_model][INFO] - linear_regression
[2026-04-24 04:42:46,317][dowhy.causal_estimator][INFO] - INFO: Using Linear Regression Estimator
[2026-04-24 04:42:46,317][dowhy.causal_estimator][WARNING] - No directed path from ['X13'] to ['X9'].
[2026-04-24 04:42:46,318][dowhy.causal_model][INFO] - Model to find the causal effect of treatment ['X13'] on outcome ['X10']
[2026-04-24 04:42:46,318][dowhy.causal_identifier.auto_identifier][WARNING] - No directed path from treatment to outcome. Causal Effect is zero.
[2026-04-24 04:42:46,318][dowhy.causal_model][INFO] - linear_regression
[2026-04-24 04:42:46,319][dowhy.causal_estimator][INFO] - INFO: Using Linear Regression Estimator
[2026-04-24 04:42:46,319][dowhy.causal_estimator][WARNING] - No directed path from ['X13'] to ['X10'].
[2026-04-24 04:42:46,320][dowhy.causal_model][INFO] - Model to find the causal effect of treatment ['X13'] on outcome ['X11']
[2026-04-24 04:42:46,320][dowhy.causal_identifier.auto_identifier][WARNING] - No directed path from treatment to outcome. Causal Effect is zero.
[2026-04-24 04:42:46,320][dowhy.causal_model][INFO] - linear_regression
[2026-04-24 04:42:46,320][dowhy.causal_estimator][INFO] - INFO: Using Linear Regression Estimator
[2026-04-24 04:42:46,320][dowhy.causal_estimator][WARNING] - No directed path from ['X13'] to ['X11'].
[2026-04-24 04:42:46,322][dowhy.causal_model][INFO] - Model to find the causal effect of treatment ['X13'] on outcome ['X12']
[2026-04-24 04:42:46,322][dowhy.causal_identifier.auto_identifier][WARNING] - No directed path from treatment to outcome. Causal Effect is zero.
[2026-04-24 04:42:46,322][dowhy.causal_model][INFO] - linear_regression
[2026-04-24 04:42:46,322][dowhy.causal_estimator][INFO] - INFO: Using Linear Regression Estimator
[2026-04-24 04:42:46,322][dowhy.causal_estimator][WARNING] - No directed path from ['X13'] to ['X12'].
