input_0,input_1,input_2,act_1_act1_0,act_1_act1_1,act_1_act1_2,act_1_act1_3,act_1_act1_4,act_1_act1_5,act_1_act1_6,act_1_act1_7,act_1_act1_8,act_1_act1_9,act_1_act1_10,act_1_act1_11,act_1_act1_12,act_1_act1_13,act_1_act1_14,act_1_act1_15,act_1_act1_16,act_1_act1_17,act_1_act1_18,act_1_act1_19,act_1_act1_20,act_1_act1_21,act_1_act1_22,act_1_act1_23,act_1_act1_24,act_1_act1_25,act_1_act1_26,act_1_act1_27,act_1_act1_28,act_1_act1_29,act_1_act1_30,act_1_act1_31,act_2_act2_0,act_2_act2_1,act_2_act2_2,act_2_act2_3,act_2_act2_4,act_2_act2_5,act_2_act2_6,act_2_act2_7,act_2_act2_8,act_2_act2_9,act_2_act2_10,act_2_act2_11,act_2_act2_12,act_2_act2_13,act_2_act2_14,act_2_act2_15,act_2_act2_16,act_2_act2_17,act_2_act2_18,act_2_act2_19,act_2_act2_20,act_2_act2_21,act_2_act2_22,act_2_act2_23,act_2_act2_24,act_2_act2_25,act_2_act2_26,act_2_act2_27,act_2_act2_28,act_2_act2_29,act_2_act2_30,act_2_act2_31,output_0,output_1,output_2
-0.04913797,-0.7968549,-1.0074733,0.0,0.10519463,0.0,0.0,0.45629388,0.0,1.0288393,0.0,0.62012637,0.7477906,0.28828883,0.04223156,0.22025056,0.0,0.0,0.0,0.31206346,0.0,0.8758246,0.078044176,0.0,0.0,0.4334296,0.1433112,0.45139128,0.0,0.7414067,0.8810823,0.0,0.25630665,0.0,0.09305784,0.9431491,0.0,0.0,0.0,0.0,0.0,0.0,0.0,0.0,0.007602548,0.026126213,0.5111651,0.0,0.20421788,0.0,0.0,0.0310696,0.0,0.0,0.5505886,0.7173719,0.0,0.10416287,0.8348925,0.0,0.6412724,0.81232256,0.8136599,0.052674264,0.0,0.0,0.0,-0.27517277,-0.29492754,0.7586082
0.37489143,0.55553615,1.000548,1.3588629,0.0,0.2882368,0.0,0.18165386,0.89188707,0.0,0.15025526,0.0,0.30401555,0.38073903,0.7870392,0.4437588,0.0,0.0,0.61853695,0.0,0.3786224,0.0,0.0,0.10282394,0.18455665,0.0,0.0,0.0024059713,0.0,0.10375166,0.0,0.0,0.0,0.0,0.81449544,0.0,0.0,0.63656044,0.0,0.0,0.0,0.6196699,0.0,0.41040835,0.6443589,0.34090316,0.82504016,0.0,0.42640314,0.0,0.0,0.35739547,0.19029999,0.39958382,0.08664939,0.55363053,0.6594066,0.71229434,0.013997063,0.0,0.36831212,0.2364682,0.05950001,0.4584124,0.0,0.4772293,0.0,0.39223993,0.3240415,-0.65857255
-0.72649217,-0.34856328,-0.06458751,0.5315359,0.0,0.0,0.11790833,0.14291693,0.0,0.58032143,0.046511665,0.0,0.3110407,0.41819394,0.8153633,0.5232339,0.0,0.0,0.37987328,0.13100827,0.0,0.7848466,0.0,0.0,0.0,0.0,0.0,0.0,0.0,0.9093491,0.5279476,0.0,0.0,0.0,0.56111586,0.59746003,0.0,0.29369384,0.0,0.0,0.0,0.48454386,0.0,0.1669968,0.23357458,0.07242812,0.49839646,0.0,0.4104971,0.0,0.0,0.08252299,0.19557449,0.0,0.59929836,0.94450575,0.17933224,0.26779023,0.41555518,0.0,0.45171773,0.47721827,0.40501153,0.12827858,0.0,0.063399024,0.0,-0.23213653,0.0743188,0.28010917
0.20794669,0.6885658,0.52060205,1.0420719,0.0,0.20151569,0.0,0.4181078,0.8121693,0.0,0.0,0.0,0.18457219,0.07450651,0.80377185,0.23559284,0.0,0.0,0.46971208,0.0,0.27434295,0.0,0.0,0.050198495,0.015506841,0.0,0.0,0.23605953,0.0626855,0.44334978,0.0,0.0,0.0,0.0,0.458533,0.104917064,0.0,0.612137,0.0,0.0,0.0,0.4229333,0.0,0.36584187,0.39169443,0.2396531,0.4944831,0.0,0.40119576,0.0,0.0,0.36954647,0.05663663,0.20964478,0.015653722,0.4605,0.38832113,0.48302057,0.07861139,0.052967712,0.38598096,0.33985412,0.2555074,0.5795834,0.0,0.30453026,0.0,0.20587014,0.030188512,-0.442119
-1.9328182,-0.54053646,0.5341988,0.8309736,0.0,0.0,0.74472713,0.0,0.0,0.62929493,0.6602875,0.0,0.0,0.7696663,1.5733504,1.003267,0.0,0.0,0.7776357,0.13468169,0.0,1.299432,0.0,0.0,0.0,0.0,0.0,0.0,0.0,1.3291197,0.5697038,0.0,0.0,0.0,1.1007626,0.82391304,0.0,0.6122494,0.0,0.0,0.0,1.1416521,0.0,0.408413,0.4181693,0.0068299696,0.72645086,0.0,0.73128796,0.0,0.0,0.07782644,0.5314366,0.062276065,1.0090357,1.6439879,0.39473942,0.61596113,0.64985746,0.0,0.3416795,0.28156817,0.3647629,0.2320661,0.0,0.2289272,0.0,-0.49239296,0.41491395,0.0765769
-0.20410256,-0.1360339,-0.06808996,0.577416,0.0,0.0,0.0,0.29407412,0.22172824,0.39816466,0.0,0.058217578,0.40227896,0.30248722,0.5972178,0.36734885,0.0,0.0,0.30334264,0.09044856,0.0,0.44649088,0.0,0.0,0.0,0.0,0.0,0.07512417,0.0,0.66498995,0.37797415,0.0,0.0,0.0,0.4401869,0.42534095,0.0,0.28430492,0.0,0.0,0.0,0.3114882,0.0,0.16865572,0.22351089,0.10373776,0.4746132,0.0,0.31704462,0.0,0.0,0.14305024,0.069388345,0.0,0.37882784,0.6740152,0.19784772,0.23491895,0.31924528,0.0,0.46423668,0.48422036,0.3479359,0.21000531,0.0,0.0936976,0.0,-0.06764938,-0.000826139,0.17879349
-0.995021,-0.6928129,0.715147,1.0021989,0.0,0.0,0.37217695,0.0,0.0,0.42231452,0.51457655,0.0,0.37027225,0.977087,1.0443699,0.98811495,0.0,0.0,0.70079154,0.2620982,0.0,0.87467414,0.0,0.0,0.0,0.0,0.0,0.0,0.0,0.64119315,0.36479074,0.0,0.0,0.0,1.2244437,0.55295116,0.0,0.47042662,0.0,0.0,0.0,0.9121614,0.0,0.2890947,0.50949574,0.089530766,0.9077295,0.0,0.43073097,0.0,0.0,0.04583431,0.33007812,0.050828062,0.83551604,1.2941595,0.6094998,0.61160696,0.48000014,0.0,0.37901753,0.33506724,0.15729582,0.09242126,0.0,0.26238865,0.0,-0.14828098,0.5047599,0.06901927
0.30002674,-0.7435132,-0.033455394,0.595326,0.09994301,0.0,0.0,0.10467026,0.114153534,0.5132191,0.0,0.28942496,0.8505723,0.7103015,0.11461729,0.52458,0.0,0.0,0.23111565,0.34825495,0.0,0.45643786,0.0,0.0,0.07002388,0.2996543,0.0,0.09505248,0.0,0.15062803,0.42653048,0.0,0.0,0.02889949,0.6820002,0.44732308,0.0,0.0,0.0,0.0,0.0,0.19924282,0.0,0.0,0.34918427,0.09839256,0.8773457,0.0,0.075374246,0.0,0.0,0.0,0.0,0.0,0.47159868,0.68594366,0.28781646,0.3793669,0.4414659,0.0,0.5743741,0.51385915,0.28592348,0.0,0.0,0.07790528,0.0,0.10034573,0.19648182,0.44700438
1.0409683,-0.4843104,1.462402,1.6398512,0.056999475,0.20000105,0.0,0.0,0.72240263,0.0,0.30274013,0.0,1.0025154,1.2556037,0.17324537,0.8975047,0.0,0.0,0.6720266,0.35377467,0.03510855,0.0,0.0,0.0,0.6170646,0.15907033,0.0,0.0,0.0,0.0,0.0,0.0,0.0,0.42281944,1.5013554,0.0,0.0,0.34048355,0.0,0.0,0.06349644,0.6282782,0.0,0.3709692,1.1244434,0.44410837,1.3736299,0.0,0.09251377,0.0,0.0,0.14125265,0.07805467,0.46897846,0.3496463,0.7691539,0.9376725,0.9737635,0.010687962,0.0,0.79893255,0.16072938,0.0,0.004150212,0.0,0.3398004,0.0,0.6971689,0.80400133,-0.36152053
-1.3200545,2.8452506,1.9659369,2.022176,0.0,0.81115234,0.0,0.45257032,1.559129,0.0,0.7893915,0.0,0.0,0.0,2.771206,0.24316788,1.6899203,0.0,1.2616441,0.0,1.8340664,0.0,0.0,0.82048637,0.0,0.0,0.0,0.0,1.1642507,1.4713366,0.0,0.0,0.0,0.0,0.6016261,0.26768458,0.0,1.9990456,0.0,0.0,0.45570558,1.6114687,0.0,0.8200568,1.2266529,0.84624463,1.1233599,0.0,1.630295,0.0,0.0,0.7430248,1.1143764,0.9740291,0.10995686,1.1366427,1.1825529,1.668713,0.26304957,0.0,0.0,0.08903816,0.6208068,1.345014,0.0,1.1527325,0.0,0.10783331,0.5673286,-2.1417909
-0.4044567,-0.70968133,0.23634678,0.7271238,0.0,0.0,0.07550871,0.0,0.0,0.52156544,0.14054903,0.02336354,0.5861776,0.78899646,0.5875133,0.72148263,0.0,0.0,0.43633547,0.2947465,0.0,0.71379936,0.0,0.0,0.0,0.0,0.0,0.0,0.0,0.47563323,0.44441062,0.0,0.0,0.0,0.88536996,0.49928683,0.0,0.22150098,0.0,0.0,0.0,0.53073585,0.0,0.13114046,0.38649917,0.120418355,0.789128,0.0,0.26542267,0.0,0.0,0.0,0.14659587,0.0,0.65416086,0.98293775,0.41936046,0.39841428,0.4139688,0.0,0.46048558,0.45208448,0.22064966,0.0,0.0,0.123508476,0.0,-0.065679,0.3126465,0.29362306
0.03289528,0.53338486,-1.2236352,0.0,0.0,0.0,0.0,1.081435,0.37327188,0.603883,0.0,0.42223376,0.18677999,0.0,0.40270373,0.0,0.0,0.0,0.0,0.0,0.0,0.32233077,0.20933135,0.0,0.0,0.27721488,0.41597036,1.0776942,0.5457037,1.2108631,0.6088767,0.04042977,0.0,0.0,0.0,0.8968385,0.0,0.32642084,0.0,0.0,0.0,0.0,0.0,0.0,0.0,0.06529969,0.00041243434,0.0,0.5155788,0.0,0.0,0.5239625,0.0,0.0,0.3214321,0.45143324,0.0,0.027126916,0.7255974,0.0,0.436319,0.73798555,1.0534799,0.7991006,0.0,0.0,0.0,-0.31872937,-0.7094385,0.1921906
-0.20635895,-1.5571489,-0.084321745,0.4770264,0.34387043,0.0,0.14786068,0.0,0.0,0.94347703,0.03346595,0.3874112,1.0312968,1.1732621,0.10154405,0.8738631,0.0,0.0,0.27621192,0.6069925,0.0,1.0555904,0.0,0.0,0.0,0.22818962,0.0,0.0,0.0,0.2129842,0.74837184,0.0,0.332242,0.0,1.0136732,0.7914336,0.0,0.0,0.0,0.0,0.0,0.3978061,0.0,0.0,0.30617455,0.085063756,1.1162127,0.0,0.008409429,0.0,0.0,0.0,0.0,0.0,0.88949233,1.2064325,0.19596122,0.3702139,0.7515661,0.0,0.6967578,0.7188338,0.32373697,0.0,0.0,0.05899122,0.0,-0.15130423,0.22171026,0.75983256
-2.3930545,-0.3558582,0.691209,0.9147317,0.0,0.0,0.9221091,0.0,0.0,0.58165514,0.8332114,0.0,0.0,0.71184206,1.9337585,1.0658557,0.22771993,0.0,0.9071109,0.039943308,0.0,1.4029999,0.0,0.0,0.0,0.0,0.0,0.0,0.101103045,1.6019292,0.54720956,0.0,0.0,0.0,1.1543403,0.8960112,0.0,0.79150045,0.0,0.0,0.0,1.2930955,0.0,0.5369298,0.46687654,0.0,0.7390964,0.0,0.8586978,0.0,0.0,0.103373334,0.7114326,0.11737691,1.0568398,1.81908,0.4833983,0.72282016,0.73526657,0.0,0.30173582,0.27074105,0.38597107,0.3279332,0.0,0.27990898,0.0,-0.58157957,0.45718336,-0.06385508
0.03937958,-0.12820266,1.141665,1.3857585,0.0,0.03141731,0.0,0.0,0.5191733,0.0,0.3783144,0.0,0.48831388,0.8564682,0.7727924,0.79476047,0.0,0.0,0.7103021,0.14322643,0.09651689,0.041031376,0.0,0.0,0.15084516,0.0,0.0,0.0,0.0,0.026849687,0.0,0.0,0.0,0.0,1.20708,0.05948725,0.0,0.53466105,0.0,0.0,0.11825888,0.6960065,0.0,0.3871495,0.6616432,0.242492,1.0315808,0.0,0.29553226,0.0,0.0,0.20931265,0.22781712,0.30823737,0.3807048,0.77542716,0.8572954,0.7144458,0.117665835,0.0,0.39475614,0.26324177,0.0,0.23739623,0.0,0.43869692,0.0,0.30613023,0.52463716,-0.43829763
0.40559515,-0.123261966,-1.2494404,0.0,0.0,0.0,0.0,0.8819326,0.19386943,0.7899838,0.0,0.661082,0.61005545,0.0,0.0,0.0,0.0,0.0,0.0,0.09134407,0.0,0.43008077,0.28849494,0.0,0.0,0.5954322,0.2727691,1.0490657,0.10929876,0.78441584,0.7177426,0.047254622,0.03841822,0.0,0.0,0.9475762,0.0,0.0,0.0,0.0,0.0,0.0,0.0,0.0,0.0,0.042830274,0.30163175,0.0,0.24167058,0.0,0.0,0.33283988,0.0,0.0,0.2715565,0.35950366,0.0,0.12353468,0.7895732,0.0,0.5845551,0.83505714,1.0341706,0.48480594,0.0,0.0,0.0,-0.15311639,-0.5787573,0.4678219
0.86552286,0.6175005,-1.0229076,0.07131183,0.0,0.027812123,0.0,1.1341069,0.6958935,0.3195812,0.0,0.49897397,0.44558337,0.0,0.019314349,0.0,0.0,0.2643292,0.0,0.0,0.0,0.0,0.37780082,0.0,0.0,0.6056857,0.23681328,1.4087238,0.32308084,0.6547083,0.35534018,0.432829,0.0,0.0,0.0,0.85031337,0.0,0.15687634,0.0,0.0,0.0,0.0,0.0,0.017380297,0.024181996,0.10580334,0.20249283,0.0,0.1878081,0.0,0.0,0.55844426,0.0,0.0,0.062596,0.078581855,0.0,0.24254654,0.6086455,0.03810955,0.5960258,0.70078486,0.9953067,0.8345795,0.0,0.0,0.0,-0.0018996485,-0.660632,0.1500486
1.2030144,2.2379553,-0.42185053,0.58928454,0.0,0.715638,0.0,1.5558408,1.6132201,0.0,0.0,0.0,0.0,0.0,0.5465209,0.0,0.38251266,0.9342083,0.0,0.0,0.69381404,0.0,0.36928284,0.78244823,0.055101126,0.2707643,0.21276301,1.8029184,0.9257688,0.7305232,0.0,0.93000984,0.0,0.0,0.0,0.86044496,0.0,0.8520046,0.0,0.0,0.0,0.37114075,0.0,0.21874398,0.5633423,0.62282914,0.20089512,0.0,0.6579578,0.0,0.0,1.0992188,0.0,0.18303056,0.0,0.0,0.19822924,0.8594596,0.30179146,0.15890308,0.6058053,0.50326556,1.0714233,1.5129706,0.0,0.18941024,0.0,0.25780198,-0.5596753,-0.7696909
-0.050102785,-0.12486946,-0.77164125,0.12797827,0.0,0.0,0.0,0.6190616,0.14408946,0.6715019,0.0,0.37204292,0.45021266,0.0,0.33592284,0.06903322,0.0,0.0,0.022506714,0.07491547,0.0,0.5348071,0.041065976,0.0,0.0,0.22996362,0.15816182,0.55221385,0.078901745,0.863188,0.6182127,0.0,0.0,0.0,0.0,0.7117857,0.0,0.08627902,0.0,0.0,0.0,0.005308576,0.0,0.0,0.032825742,0.05227238,0.26294816,0.0,0.34382734,0.0,0.0,0.21305785,0.0,0.0,0.3356574,0.5025641,0.0,0.089326054,0.57494575,0.0,0.5111591,0.6677804,0.7342455,0.34889913,0.0,0.0,0.0,-0.19321002,-0.38177544,0.4080646
-1.7011094,0.74456364,0.37716195,0.824674,0.0,0.0,0.3483786,0.25947103,0.23885563,0.1659474,0.38619146,0.0,0.0,0.0,1.8498824,0.44476104,0.5700419,0.0,0.70473355,0.0,0.25363755,0.67984974,0.0,0.0,0.0,0.0,0.09425921,0.0,0.61135745,1.6696846,0.25844717,0.0,0.0,0.0,0.45700303,0.55640846,0.0,0.8867391,0.0,0.0,0.0,0.8215721,0.0,0.48763317,0.30099782,0.045164824,0.33450872,0.0,0.8630222,0.0,0.0,0.28067243,0.58509004,0.0835495,0.5144584,1.1618922,0.36404064,0.5081147,0.5012238,0.0,0.22205782,0.35417324,0.54182607,0.6004391,0.0,0.22259966,0.0,-0.40774554,0.048266303,-0.32270312
0.4104079,-0.030436026,-1.3892169,0.0,0.0,0.0,0.0,0.97880197,0.21022584,0.8150986,0.0,0.69735384,0.5702671,0.0,0.0,0.0,0.0,0.0,0.0,0.05345974,0.0,0.42138597,0.3307218,0.0,0.0,0.62163794,0.33848912,1.1625838,0.19961709,0.8686471,0.747066,0.101103604,0.036190644,0.0,0.0,1.0160272,0.0,0.027182564,0.0,0.0,0.0,0.0,0.0,0.0,0.0,0.03837268,0.25361347,0.0,0.2831089,0.0,0.0,0.39302933,0.0,0.0,0.28662983,0.3518569,0.0,0.10520136,0.8356546,0.0,0.58995754,0.87133,1.116637,0.5696465,0.0,0.0,0.0,-0.18317528,-0.65362054,0.44768715
0.23086017,0.43035406,-0.8095597,0.15687889,0.0,0.0,0.0,0.88887966,0.4633127,0.4224599,0.0,0.32074508,0.30377197,0.0,0.3623007,0.0,0.0,0.0,0.0,0.0,0.0,0.17389375,0.1467263,0.0,0.0,0.26914984,0.21774527,0.90707064,0.31723914,0.88919556,0.43861985,0.031727016,0.0,0.0,0.0,0.6806533,0.0,0.28045833,0.0,0.0,0.0,0.0,0.0,0.08231572,0.013789018,0.095816836,0.13715824,0.0,0.3743302,0.0,0.0,0.4227679,0.0,0.0,0.18355547,0.35580987,0.0,0.12294631,0.54765815,0.0,0.4620735,0.646147,0.8147908,0.6790386,0.0,0.0,0.0,-0.16103406,-0.53707737,0.1505901
-0.8744228,-0.87415147,1.6216908,1.5920169,0.0,0.0,0.4263605,0.0,0.008171767,0.0702219,0.92127705,0.0,0.4957575,1.5058714,1.1454744,1.3851296,0.0,0.0,1.0122077,0.36541268,0.0,0.67989373,0.0,0.0,0.0,0.0,0.0,0.0,0.0,0.13965008,0.038768098,0.0,0.0,0.0,1.8797505,0.351342,0.0,0.6758957,0.0,0.0,0.32712346,1.2340755,0.0,0.38421154,0.7953143,0.13252717,1.3103538,0.0,0.34414315,0.0,0.0,0.0792011,0.3848151,0.3076651,0.9306544,1.4003763,1.1283894,0.93136233,0.4162459,0.0,0.3116544,0.22503458,0.0,0.08142015,0.0,0.5051577,0.0,0.008754831,0.87518066,-0.33335233
-0.3072877,-1.0395502,-0.6185478,0.15336093,0.13762617,0.0,0.039529413,0.16185038,0.0,1.0014426,0.0,0.46368453,0.76470375,0.6068326,0.20102257,0.49624854,0.0,0.0,0.103399396,0.3945114,0.0,1.0099738,0.0,0.0,0.0,0.23826799,0.0,0.019019991,0.0,0.65947425,0.8409165,0.0,0.27642184,0.0,0.46053714,0.8312335,0.0,0.0,0.0,0.0,0.0,0.18414396,0.0,0.0,0.11044156,0.040620178,0.71520454,0.0,0.19114955,0.0,0.0,0.0,0.0,0.0,0.7230188,0.9775541,0.0,0.1712684,0.74015296,0.0,0.62584156,0.68876386,0.5399852,0.0,0.0,0.0,0.0,-0.27916312,-0.047934297,0.75766283
0.73414034,1.3392609,-0.64942074,0.35248584,0.0,0.29324043,0.0,1.2409742,1.0394793,0.0,0.0,0.15637948,0.079996854,0.0,0.43800306,0.0,0.03520772,0.3928035,0.0,0.0,0.17747147,0.0,0.27173007,0.26807064,0.0,0.28748435,0.22620732,1.3843448,0.63004607,0.8149216,0.05077681,0.4969547,0.0,0.0,0.0,0.68598044,0.0,0.5672084,0.0,0.0,0.0,0.119521305,0.0,0.19197765,0.19230369,0.26857406,0.05175514,0.0,0.41069824,0.0,0.0,0.7482556,0.0,0.0,0.0,0.100666255,0.022145709,0.40134984,0.406076,0.14078422,0.5123788,0.5243567,0.8668688,1.1099594,0.0,0.0,0.0,0.008435521,-0.58580863,-0.2655338
-0.8507203,-0.88313454,0.4067027,0.79796076,0.0,0.0,0.32591122,0.0,0.0,0.6008405,0.35522035,0.0,0.5050679,0.95903206,0.819355,0.91627264,0.0,0.0,0.5631804,0.33176205,0.0,0.9598139,0.0,0.0,0.0,0.0,0.0,0.0,0.0,0.61865664,0.50582826,0.0,0.041149125,0.0,1.0939082,0.6164555,0.0,0.32070667,0.0,0.0,0.0,0.7728772,0.0,0.19031662,0.4413431,0.10872394,0.8756151,0.0,0.37557358,0.0,0.0,0.0,0.23424965,0.0,0.846094,1.2733076,0.46458313,0.51306796,0.5275472,0.0,0.43075436,0.40880042,0.20698506,0.011441067,0.0,0.16900823,0.0,-0.18523435,0.43121997,0.2793157
1.7377636,-2.2328932,-1.0286319,0.0,1.0355184,0.0,0.0,0.12809741,0.0,1.22827,0.0,1.3346033,2.0185447,1.2250537,0.0,0.46344697,0.0,0.0,0.0,0.9602706,0.0,0.6402122,0.497123,0.0,0.5395163,1.5919487,0.0,0.8530892,0.0,0.0,0.92521286,0.078428924,0.6200941,0.6273234,0.5621514,1.4151659,0.0,0.0,0.0,0.0,0.0,0.0,0.0,0.0,0.3056296,0.115965754,1.7731014,0.0,0.0,0.0,0.0,0.0,0.0,0.0,0.4882593,0.8637321,0.0,0.8510647,1.1388894,0.0,1.5469924,1.2151425,1.3434963,0.0,0.0,0.039437447,0.0,0.19706263,-0.072579,1.1615763
0.45037088,-0.39711317,1.4533386,1.6001096,0.0,0.097057596,0.0,0.0,0.58195436,0.0,0.44387558,0.0,0.75418866,1.1781106,0.53011024,0.95063686,0.0,0.0,0.75873536,0.28003055,0.07510884,0.0,0.0,0.0,0.3890676,0.0,0.0,0.0,0.0,0.0,0.0,0.0,0.0,0.20332389,1.4950794,0.013631232,0.0,0.48693377,0.0,0.0,0.17027046,0.7514165,0.0,0.387776,0.94547373,0.37070233,1.2797977,0.0,0.21017407,0.0,0.0,0.18172823,0.19014704,0.41769236,0.43989265,0.8388773,0.99069166,0.8834802,0.06029284,0.0,0.5898304,0.20016028,0.0,0.10326315,0.0,0.43313137,0.0,0.49175104,0.73894584,-0.4592631
-0.6604073,0.693212,2.2282808,2.1020439,0.0,0.34031832,0.033946335,0.0,0.8664006,0.0,0.973367,0.0,0.0,0.8204849,1.724453,1.0219748,0.35482058,0.0,1.2261307,0.0,0.8796984,0.0,0.0,0.108350664,0.03304693,0.0,0.0,0.0,0.0,0.27037755,0.0,0.0,0.0,0.0,1.6164137,0.09029133,0.0,1.1652235,0.0,0.014470898,0.49066406,1.4076748,0.0,0.68373877,1.0732191,0.50100386,1.4027988,0.0,0.8814732,0.0,0.0,0.4506908,0.7597406,0.8399853,0.44995016,1.1281214,1.2736137,1.2952476,0.047928825,0.0,0.11803029,0.07955913,0.044682354,0.64355266,0.0,0.99009913,0.0,0.25821874,0.8507556,-1.4266688
-0.75493073,-0.9553283,-0.4756596,0.22238106,0.011613995,0.0,0.23216373,0.07701999,0.0,0.9955092,0.0,0.29187256,0.56882906,0.60507536,0.51598114,0.5877366,0.0,0.0,0.22428575,0.33677542,0.0,1.1535923,0.0,0.0,0.0,0.0,0.019701041,0.0,0.0,0.8979514,0.8472488,0.0,0.25128132,0.0,0.5454725,0.8395181,0.0,0.0,0.0,0.0,0.0,0.38439336,0.0,0.0,0.1379876,0.048468113,0.608751,0.0,0.3299332,0.0,0.0,0.0,0.07191008,0.0,0.7947628,1.1678623,0.0,0.17727922,0.7170409,0.0,0.56343955,0.6211071,0.50011724,0.0,0.0,0.0,0.0,-0.38020915,0.010642763,0.7095741
-0.07316514,-0.33564842,0.068981275,0.66324013,0.0,0.0,0.0,0.17364725,0.19896275,0.3878083,0.0,0.076142445,0.53758085,0.4925735,0.4900228,0.47266388,0.0,0.0,0.33089337,0.17670254,0.0,0.43656534,0.0,0.0,0.0,0.006980465,0.0,0.0,0.0,0.4655491,0.3518369,0.0,0.0,0.0,0.60325813,0.37782425,0.0,0.22965537,0.0,0.0,0.0,0.33359838,0.0,0.1342612,0.29009178,0.10945779,0.62143874,0.0,0.24693018,0.0,0.0,0.079636484,0.07152623,0.0,0.4163531,0.71739703,0.30124572,0.2852494,0.32406348,0.0,0.46983266,0.4655963,0.2540382,0.10872713,0.0,0.11482884,0.0,-0.00327209,0.1276595,0.21665548
-2.0291991,1.3888336,1.6226963,1.6585217,0.0,0.14249374,0.44846684,0.0,0.6491816,0.0,0.97654176,0.0,0.0,0.06973247,2.5736167,0.7417113,1.1129575,0.0,1.2202976,0.0,1.0062239,0.26760018,0.0,0.002054125,0.0,0.0,0.0,0.0,0.664713,1.5671375,0.0,0.0,0.0,0.0,1.0199049,0.3528831,0.0,1.3590372,0.0,0.0130909905,0.36526293,1.403913,0.0,0.83897454,0.8323195,0.32017565,0.9620545,0.0,1.186846,0.0,0.0,0.38235366,1.1082716,0.662128,0.4692648,1.4471339,0.9912176,1.1982172,0.3206891,0.0,0.040242948,0.13842592,0.38626802,0.8653245,0.0,0.7530481,0.0,-0.20471866,0.5876013,-1.2945745
0.17528875,-1.1181157,-0.6872805,0.13554871,0.26414636,0.0,0.0,0.22159526,0.0,0.9658655,0.0,0.6117294,0.9706608,0.6400087,0.0,0.42610976,0.0,0.0,0.0045318604,0.45501202,0.0,0.82977015,0.038938686,0.0,0.0,0.509382,0.0,0.27079937,0.0,0.37150687,0.79801977,0.0,0.28064746,0.0,0.41928375,0.8663625,0.0,0.0,0.0,0.0,0.0,0.029080274,0.0,0.0,0.1081283,0.03255135,0.8452489,0.0,0.029278977,0.0,0.0,0.0,0.0,0.0,0.6197671,0.8207315,0.0,0.25188535,0.78996253,0.0,0.6992258,0.7837974,0.6260271,0.0,0.0,0.0,0.0,-0.16557057,-0.0922011,0.8064399
0.76892203,2.1670043,1.5971483,1.8771157,0.0,0.98470473,0.0,0.6089342,1.8214071,0.0,0.14569366,0.0,0.0,0.0,1.2785031,0.034003913,0.63765085,0.47758627,0.8024272,0.0,1.371558,0.0,0.0,0.95249146,0.30178612,0.0,0.0,0.42414886,0.3913017,0.14443004,0.0,0.32228336,0.0,0.0,0.5157591,0.056362383,0.0,1.2516795,0.0,0.0,0.20895635,1.0378815,0.0,0.5068515,1.2007296,0.858072,0.9912627,0.0,0.9942988,0.0,0.0,0.8409575,0.31622773,0.8769963,0.0,0.3486097,0.83588046,1.4515147,0.0,0.0,0.40901923,0.17280564,0.43303004,1.1280091,0.0,0.91557926,0.0,0.6368648,0.33465466,-1.6409957
0.015819063,0.58043844,1.0388172,1.3615766,0.0,0.22532661,0.0,0.12953447,0.8022448,0.0,0.2593523,0.0,0.1656083,0.37093008,1.0054214,0.5030827,0.0,0.0,0.68687516,0.0,0.40470976,0.0,0.0,0.038132638,0.05718656,0.0,0.0,0.0,0.0,0.31241614,0.0,0.0,0.0,0.0,0.8506278,0.041764975,0.0,0.6948941,0.0,0.0,0.022179231,0.6986501,0.0,0.44853878,0.59369636,0.28745884,0.8018505,0.0,0.5038544,0.0,0.0,0.3394969,0.29039645,0.40943444,0.14857915,0.6737519,0.6674247,0.6999467,0.041465,0.0,0.31077832,0.21773636,0.12346908,0.48620623,0.0,0.50152206,0.0,0.28431988,0.32148135,-0.6821913
1.0264747,0.529522,-0.97822076,0.10571885,0.0,0.04410711,0.0,1.1008475,0.7138922,0.3014922,0.0,0.53513694,0.54182667,0.0,0.0,0.0,0.0,0.32271844,0.0,0.0,0.0,0.0,0.40472078,0.0,0.035060555,0.687881,0.18403947,1.4330679,0.22252476,0.5110565,0.33073574,0.47900406,0.0,0.0,0.0,0.84202987,0.0,0.10088375,0.0,0.0,0.0,0.0,0.0,0.010802612,0.055695556,0.121316046,0.2910263,0.0,0.11758045,0.0,0.0,0.55043787,0.0,0.0,0.018566038,0.022389106,0.0,0.31704882,0.582785,0.038136862,0.647393,0.7093835,0.98418015,0.79376143,0.0,0.0,0.0,0.084834516,-0.6199275,0.16915587
-0.9255889,0.6675536,-0.06354309,0.58304554,0.0,0.0,0.0,0.5161465,0.3568875,0.23471612,0.0,0.0,0.0,0.0,1.2788713,0.18692598,0.24911526,0.0,0.42554855,0.0,0.05980508,0.44743365,0.0,0.0,0.0,0.0,0.1380235,0.0,0.50888747,1.3577199,0.30442938,0.0,0.0,0.0,0.15625465,0.47373736,0.0,0.67816675,0.0,0.0,0.0,0.42751864,0.0,0.2654076,0.097448744,0.06400934,0.14736012,0.0,0.68534195,0.0,0.0,0.32815537,0.22653532,0.0,0.3601376,0.76359254,0.12283932,0.2091592,0.3901021,0.0,0.32116783,0.43785483,0.5853699,0.5610823,0.0,0.10404211,0.0,-0.3207001,-0.22264214,-0.104654506
0.40998882,1.5211982,1.8033066,1.9474063,0.0,0.7469146,0.0,0.22167277,1.4701076,0.0,0.40575972,0.0,0.0,0.15061241,1.3070393,0.3999034,0.4234732,0.041873634,0.9221245,0.0,1.1308455,0.0,0.0,0.6323455,0.2688709,0.0,0.0,0.0,0.07355266,0.06734845,0.0,0.0,0.0,0.0,0.9363532,0.0,0.0,1.1384184,0.0,0.0,0.29733086,1.1682435,0.0,0.59711975,1.155977,0.7086732,1.1431841,0.0,0.8999362,0.0,0.0,0.6225959,0.5116289,0.8729639,0.0,0.615691,0.9397091,1.2885183,0.0,0.0,0.24678923,0.105459854,0.14222175,0.81686825,0.0,0.92678803,0.0,0.51961684,0.56472504,-1.5309533
-0.97172725,1.7636919,1.557107,1.7096243,0.0,0.4750347,0.0,0.24707705,1.1171778,0.0,0.62787485,0.0,0.0,0.0,2.0979106,0.4235571,0.9720402,0.0,1.0430967,0.0,1.1638325,0.0,0.0,0.3867535,0.0,0.0,0.0,0.0,0.6213428,1.0784521,0.0,0.0,0.0,0.0,0.7599095,0.1822496,0.0,1.3951792,0.0,0.0,0.28122216,1.2225441,0.0,0.69558,0.91627485,0.54822016,0.9547654,0.0,1.1439099,0.0,0.0,0.5541528,0.83465374,0.71058106,0.15720817,0.97801745,0.9412049,1.196984,0.15492733,0.0,0.10589004,0.16508761,0.42026502,0.960734,0.0,0.8506797,0.0,0.12823819,0.44543338,-1.479714
0.24569774,1.6477112,-0.7556272,0.26992732,0.0,0.26219094,0.0,1.3456002,1.008308,0.0,0.0,0.025352167,0.0,0.0,0.7899244,0.0,0.34625986,0.2265445,0.0107883215,0.0,0.2906235,0.0,0.18380223,0.27148002,0.0,0.021047136,0.3817212,1.3083466,0.94857615,1.252275,0.10347834,0.36271557,0.0,0.0,0.0,0.696347,0.0,0.82484627,0.0,0.0,0.0,0.26151648,0.0,0.2532739,0.18818149,0.31502348,0.0,0.0,0.6406375,0.0,0.0,0.7824025,0.0,0.0,0.09225988,0.2949096,0.019353868,0.32078132,0.47572523,0.12362775,0.37393397,0.54980266,0.8894443,1.2404194,0.0,0.0,0.0,-0.16663353,-0.6120736,-0.38068318
-0.9697854,0.44589573,0.36408317,0.84595704,0.0,0.0,0.08551848,0.24052241,0.32519644,0.1401211,0.221109,0.0,0.0,0.114369005,1.3356621,0.43835843,0.17797318,0.0,0.58556885,0.0,0.102860495,0.46157318,0.0,0.0,0.0,0.0,0.0,0.0,0.27325773,1.1379497,0.2042351,0.0,0.0,0.0,0.52735937,0.39308012,0.0,0.6643799,0.0,0.0,0.0,0.6271797,0.0,0.40410638,0.28078064,0.07326028,0.3955986,0.0,0.60891116,0.0,0.0,0.27846432,0.34813505,0.07593397,0.40001202,0.8698886,0.36028656,0.40358734,0.3039523,0.0,0.3193259,0.3477463,0.40417257,0.46563584,0.0,0.21947944,0.0,-0.17427458,0.04658748,-0.23944406
-1.0938613,-0.70880884,1.1597502,1.2855521,0.0,0.0,0.4534824,0.0,0.0,0.2532654,0.74747336,0.0,0.34340346,1.186136,1.2072401,1.1800836,0.0,0.0,0.8783566,0.27506068,0.0,0.82338935,0.0,0.0,0.0,0.0,0.0,0.0,0.0,0.51396596,0.21554463,0.0,0.0,0.0,1.5253402,0.4859293,0.0,0.61229086,0.0,0.0,0.15216441,1.1135905,0.0,0.3680168,0.63651896,0.09216608,1.0647858,0.0,0.44206268,0.0,0.0,0.08056773,0.40017974,0.19301133,0.8972532,1.39013,0.8411768,0.77322066,0.46404135,0.0,0.33262205,0.2661156,0.033373438,0.12443049,0.0,0.38523576,0.0,-0.12256248,0.6803274,-0.16042481
-0.116720386,0.7324058,0.07614196,0.7323801,0.0,0.059831083,0.0,0.58436686,0.6528404,0.0,0.0,0.0,0.04875925,0.0,0.88647,0.096792385,0.037766933,0.0,0.3562339,0.0,0.13944136,0.0015360713,0.0,0.0,0.0,0.0,0.0,0.34005105,0.3001636,0.83456665,0.083802745,0.0,0.0,0.0,0.17169468,0.25427192,0.0,0.61565346,0.0,0.0,0.0,0.30135232,0.0,0.32772362,0.18457791,0.15596291,0.22743689,0.0,0.4585155,0.0,0.0,0.37888202,0.0,0.05992856,0.08894876,0.4511395,0.19870734,0.3108738,0.1916775,0.05631286,0.3695007,0.37034178,0.42784026,0.64952475,0.0,0.1615783,0.0,-0.011889286,-0.18038312,-0.26624578
0.9597201,-0.06848437,-0.62106794,0.2972792,0.0,0.0,0.0,0.7047727,0.49850023,0.3846219,0.0,0.51293504,0.78408194,0.047362044,0.0,0.0,0.0,0.05487275,0.0,0.1305121,0.0,0.0,0.26841056,0.0,0.13572973,0.66526765,0.0,0.9901242,0.0,0.21183309,0.35826033,0.21587405,0.0,0.09572305,0.0,0.60280037,0.0,0.0,0.0,0.0,0.0,0.0,0.0,0.009828441,0.16332366,0.1407791,0.5379037,0.0,0.0016949326,0.0,0.0,0.30333441,0.0,0.0,0.0,0.09654686,0.0,0.37138787,0.47845232,0.0,0.69979584,0.6637403,0.741739,0.45150852,0.0,0.0,0.0,0.20746002,-0.33729297,0.2920966
-0.60637444,1.201137,0.8634715,1.2445631,0.0,0.24841289,0.0,0.3693782,0.85451615,0.0,0.2735475,0.0,0.0,0.0,1.5224836,0.30442515,0.5032413,0.0,0.7254611,0.0,0.64543486,0.0,0.0,0.13174081,0.0,0.0,0.0,0.0,0.43711695,0.9596198,0.0,0.0,0.0,0.0,0.51919234,0.1730054,0.0,0.98329586,0.0,0.0,0.0,0.77113134,0.0,0.49369046,0.5309711,0.31990856,0.606732,0.0,0.79608524,0.0,0.0,0.4505438,0.4640919,0.40372413,0.13896604,0.7420538,0.5785467,0.7210717,0.13596338,0.0,0.22422509,0.2403098,0.37498534,0.7621442,0.0,0.5155157,0.0,0.096550405,0.14400755,-0.8605504
0.29570657,-2.2896278,0.37211943,0.76293933,0.7181665,0.0,0.11783329,0.0,0.0,0.9215791,0.19277447,0.47653458,1.5353304,1.8503017,0.0,1.2391456,0.0,0.0,0.35700732,0.9235459,0.0,1.0198905,0.0,0.0,0.28972822,0.47906703,0.0,0.0,0.0,0.0,0.666425,0.0,0.4482056,0.2933734,1.5805757,0.8395532,0.0,0.0,0.0,0.0,0.0,0.5844635,0.0,0.0,0.6541038,0.20799597,1.7166498,0.0,0.0,0.0,0.0,0.0,0.0,0.0,1.0623448,1.4090604,0.40725493,0.719867,0.74242747,0.0,1.0604043,0.7747109,0.2640539,0.0,0.0,0.16168503,0.0,0.1007822,0.5425768,0.77679056
-2.5256646,1.5848953,1.9541432,1.8547344,0.0,0.15851088,0.6527486,0.0,0.6466162,0.0,1.2382369,0.0,0.0,0.0830978,3.0026293,0.8728695,1.4003491,0.0,1.4193237,0.0,1.2190222,0.34232432,0.0,0.02114734,0.0,0.0,0.0,0.0,0.79404557,1.7942111,0.0,0.0,0.0,0.0,1.1841284,0.42064416,0.0,1.5839869,0.0,0.038848065,0.51109487,1.6787938,0.0,0.9544105,0.9727816,0.36112368,1.1038842,0.0,1.3787282,0.0,0.0,0.40865922,1.346768,0.78449947,0.57569146,1.696843,1.144551,1.4164948,0.3932464,0.0,0.0,0.10768325,0.40562347,0.9718588,0.0,0.8859274,0.0,-0.30389717,0.73701584,-1.5294067
-1.4366461,0.48729134,-0.6591584,0.14790219,0.0,0.0,0.20799053,0.63548386,0.016433835,0.664708,0.0,0.0,0.0,0.0,1.3491285,0.09843545,0.2694756,0.0,0.28127027,0.0,0.0,0.9083874,0.0,0.0,0.0,0.0,0.40473077,0.011377573,0.7182107,1.8503721,0.675387,0.0,0.0,0.0,0.0,0.84106135,0.0,0.61882764,0.0,0.0,0.0,0.41623476,0.0,0.11324709,0.0,0.0,0.0,0.0,0.8794198,0.0,0.0,0.30396885,0.2524711,0.0,0.6200225,1.0320064,0.0,0.023708012,0.7010246,0.0,0.27886766,0.57654995,0.85539067,0.5536927,0.0,0.0,0.0,-0.6553867,-0.4010739,0.16856384
-0.20865771,-1.3106047,-1.7477455,0.0,0.32473305,0.0,0.0,0.55117685,0.0,1.5788612,0.0,1.0015388,0.91698456,0.26348242,0.0,0.14380342,0.0,0.0,0.0,0.46426055,0.0,1.3453307,0.21377037,0.0,0.0,0.67958206,0.36360595,0.610029,0.0,0.9734952,1.3280189,0.0,0.60949373,0.0,0.0,1.3666875,0.0,0.0,0.0,0.0,0.0,0.0,0.0,0.0,0.0,0.0,0.5985511,0.0,0.2714764,0.0,0.0,0.0,0.0,0.0,0.71300167,0.98766536,0.0,0.06460011,1.2354201,0.0,0.8604182,1.2082354,1.2393903,0.0,0.0,0.0,0.0,-0.44413218,-0.4718817,1.0796474
0.4638924,0.27202106,1.1290275,1.4309826,0.0,0.24457772,0.0,0.026649237,0.8184211,0.0,0.21729404,0.0,0.46159455,0.6173804,0.67191666,0.5822675,0.0,0.0,0.64796704,0.027150514,0.2859913,0.0,0.0,0.023305535,0.26876467,0.0,0.0,0.0,0.0,0.0,0.0,0.0,0.0,0.07580756,1.0089808,0.0,0.0,0.5476936,0.0,0.0,0.054562196,0.6206134,0.0,0.4239582,0.73757046,0.34189677,0.96406126,0.0,0.34428218,0.0,0.0,0.29263598,0.1955564,0.4213215,0.15438977,0.62265366,0.7791392,0.7688544,0.016984135,0.0,0.4190498,0.20903865,0.0,0.34286517,0.0,0.45929208,0.0,0.4410367,0.46106195,-0.6046476
-0.5584243,0.17415279,1.7230192,1.7454646,0.0,0.10591616,0.063577116,0.0,0.5782911,0.0,0.77028894,0.0,0.14356673,0.9145827,1.3588276,0.9990791,0.0072205365,0.0,1.017758,0.00942054,0.44919938,0.0597222,0.0,0.0,0.017748654,0.0,0.0,0.0,0.0,0.2472952,0.0,0.0,0.0,0.0,1.495815,0.12897515,0.0,0.87424,0.0,0.0,0.30796194,1.1135287,0.0,0.5526334,0.79739815,0.29219675,1.1721135,0.0,0.61755157,0.0,0.0,0.34483373,0.52036506,0.5497947,0.49177068,1.0405593,1.0720322,0.9660102,0.100339994,0.0,0.22216365,0.15714574,0.02817022,0.4464684,0.0,0.71231794,0.0,0.19453314,0.67235446,-0.91154015
-0.18948701,-0.1036769,1.0261743,1.296497,0.0,0.0,0.0,0.0,0.44023895,0.0,0.3823342,0.0,0.3959049,0.7811811,0.87931824,0.77550626,0.0,0.0,0.70271933,0.11446419,0.068046376,0.16693729,0.0,0.0,0.04111567,0.0,0.0,0.0,0.0,0.21977645,0.0,0.0,0.0,0.0,1.1358187,0.13664031,0.0,0.54928106,0.0,0.0,0.061407045,0.70658326,0.0,0.4017743,0.5799511,0.17480563,0.9209317,0.0,0.33210304,0.0,0.0,0.18979305,0.25241742,0.25230074,0.4029011,0.8266433,0.80020285,0.6461193,0.16739807,0.0,0.36321706,0.2750204,0.02644471,0.25047466,0.0,0.39554477,0.0,0.20901458,0.46119598,-0.37215483
0.28626427,0.29881582,0.7942898,1.201803,0.0,0.15046073,0.0,0.15790094,0.71573687,0.0,0.10642645,0.0,0.38581237,0.4425599,0.6947869,0.47000152,0.0,0.0,0.5523615,0.0,0.18127577,0.0,0.0,0.0,0.13425726,0.0,0.0,0.0,0.0,0.15825984,0.0,0.0,0.0,0.0,0.79149735,0.020619534,0.0,0.52682275,0.0,0.0,0.0,0.49623555,0.0,0.37194657,0.52563775,0.23984985,0.7560384,0.0,0.32643563,0.0,0.0,0.28244692,0.14970651,0.27414435,0.1383681,0.56340224,0.60972285,0.57337165,0.06323995,0.0,0.3898754,0.2824313,0.055724002,0.3745163,0.0,0.36964437,0.0,0.31187025,0.2751462,-0.44387692
-1.6015867,1.216871,0.0012459145,0.61508954,0.0,0.0,0.17224047,0.6183814,0.40583014,0.13211975,0.13480923,0.0,0.0,0.0,1.8623786,0.11463916,0.76108015,0.0,0.559152,0.0,0.35055137,0.52056205,0.0,0.0,0.0,0.0,0.29289198,0.0,0.9517893,1.916151,0.26425815,0.0,0.0,0.0,0.013139695,0.57879424,0.0,1.0086616,0.0,0.0,0.0,0.6328394,0.0,0.35372317,0.14014393,0.09235902,0.08731081,0.0,1.0051001,0.0,0.0,0.36157143,0.44572574,0.0,0.4197027,1.0009193,0.18053481,0.36517838,0.56878805,0.0,0.17364927,0.40063012,0.735073,0.77835226,0.0,0.15291381,0.0,-0.5180677,-0.21377288,-0.31433672
1.8384056,-0.4668721,-0.84063333,0.18696076,0.3147402,0.0,0.0,0.75372106,0.5477387,0.45779645,0.0,0.87862253,1.2720212,0.22257802,0.0,0.0,0.0,0.44343042,0.0,0.3306034,0.0,0.0,0.54238296,0.0,0.45316535,1.2374978,0.0,1.4127858,0.0,0.0,0.3819595,0.5767907,0.0,0.43357515,0.0,0.93757147,0.0,0.0,0.0,0.0,0.0,0.0,0.0,0.0,0.29072013,0.18388782,0.9768314,0.0,0.0,0.0,0.0,0.34383193,0.0,0.0,0.0,0.0,0.0,0.73809814,0.56210876,0.0,1.1972157,0.8222613,1.1827989,0.32927644,0.0,0.0016391198,0.0,0.45215964,-0.31023854,0.46840715
0.18745206,1.2150716,0.005290895,0.73669934,0.0,0.2612179,0.0,0.84273523,0.94136083,0.0,0.0,0.0,0.0,0.0,0.8663634,0.0,0.19284478,0.0,0.2918858,0.0,0.3486318,0.0,0.0,0.18967706,0.0,0.0,0.039576687,0.69974184,0.5037677,0.83656096,0.0,0.07384741,0.0,0.0,0.0,0.31771144,0.0,0.77747506,0.0,0.0,0.0,0.34087324,0.0,0.34014088,0.2711435,0.3025508,0.18354648,0.0,0.5479549,0.0,0.0,0.5190621,0.0,0.10318245,0.009596005,0.34965622,0.19822878,0.44445753,0.23587233,0.029632062,0.3601476,0.353674,0.52293074,0.91739285,0.0,0.17475446,0.0,0.030235086,-0.25922456,-0.4831894
0.043931995,-0.29275534,1.706926,1.7455816,0.0,0.08945882,0.0,0.0,0.5521298,0.0,0.65607405,0.0,0.56429756,1.2156688,0.8573288,1.071411,0.0,0.0,0.91431236,0.22139312,0.21577053,0.0,0.0,0.0,0.27968323,0.0,0.0,0.0,0.0,0.0,0.0,0.0,0.0,0.075880244,1.6410758,0.044106215,0.0,0.6666648,0.0,0.0,0.2912367,0.9550005,0.0,0.44913304,0.9426079,0.37435347,1.3497534,0.0,0.36092636,0.0,0.0,0.24470578,0.331783,0.491005,0.5365728,0.9535306,1.117902,0.97792447,0.07505469,0.0,0.4415657,0.18156922,0.0,0.2067108,0.0,0.5882472,0.0,0.39489353,0.7966332,-0.67475283
0.31902957,1.2766223,-0.5902997,0.35959423,0.0,0.19514216,0.0,1.1384599,0.89871013,0.0,0.0,0.0586419,0.0,0.0,0.6625572,0.0,0.13809404,0.13076407,0.05475177,0.0,0.16843952,0.0,0.14440902,0.157278,0.0,0.07984866,0.2529105,1.1223818,0.68228257,1.020481,0.12100524,0.26598147,0.0,0.0,0.0,0.5749928,0.0,0.681122,0.0,0.0,0.0,0.19045265,0.0,0.25569314,0.14608687,0.24575393,0.0,0.0,0.516394,0.0,0.0,0.64542973,0.0,0.0,0.06679763,0.26939744,0.015395902,0.28093675,0.4114367,0.10796282,0.39061493,0.5037291,0.7551259,1.0511836,0.0,0.0,0.0,-0.12934794,-0.53234416,-0.2790414
-0.22364649,0.055697493,0.33625823,0.85280454,0.0,0.0,0.0,0.19382867,0.373375,0.15245757,0.05536662,0.0,0.3113895,0.36744985,0.77769107,0.4570645,0.0,0.0,0.45738792,0.03213098,0.0,0.278642,0.0,0.0,0.0,0.0,0.0,0.0,0.0,0.57368845,0.17639387,0.0,0.0,0.0,0.624868,0.2711782,0.0,0.4367137,0.0,0.0,0.0,0.43642384,0.0,0.29576343,0.31897768,0.104052916,0.5479932,0.0,0.34135717,0.0,0.0,0.19441056,0.15432689,0.028943926,0.305974,0.6816483,0.39084604,0.35152075,0.21903248,0.0,0.41377217,0.3908903,0.23429404,0.28175306,0.0,0.20038366,0.0,0.034577478,0.118615404,-0.07333718
-1.4207364,1.1237637,1.1060504,1.3442202,0.0,0.094154,0.1951719,0.13195728,0.62133753,0.0,0.60755444,0.0,0.0,0.018388435,2.011074,0.54731345,0.73904955,0.0,0.9355229,0.0,0.69445556,0.21267444,0.0,0.0,0.0,0.0,0.0,0.0,0.5260232,1.3259159,0.0,0.0,0.0,0.0,0.7571847,0.28570575,0.0,1.0755912,0.0,0.0,0.13120873,1.0274686,0.0,0.6584442,0.6037719,0.24950878,0.71423197,0.0,0.932901,0.0,0.0,0.37121007,0.75695103,0.44811738,0.34722236,1.0991405,0.7398458,0.86367065,0.24224173,0.0,0.15011588,0.21087724,0.3834046,0.74253565,0.0,0.5474642,0.0,-0.094255865,0.32868075,-0.92688507
-0.7952443,-0.56843597,0.3344167,0.7741958,0.0,0.0,0.22686207,0.0,0.0,0.50243545,0.2728151,0.0,0.38509852,0.733469,0.87915146,0.76664615,0.0,0.0,0.5331181,0.2188493,0.0,0.8166939,0.0,0.0,0.0,0.0,0.0,0.0,0.0,0.7166331,0.4429051,0.0,0.0,0.0,0.91439426,0.56061167,0.0,0.3491555,0.0,0.0,0.0,0.6844014,0.0,0.22621617,0.38952187,0.08549018,0.73632115,0.0,0.3950822,0.0,0.0,0.036900192,0.25856146,0.0,0.711464,1.1188751,0.41838056,0.45056662,0.4463528,0.0,0.4175424,0.40059692,0.26148963,0.07806349,0.0,0.15860507,0.0,-0.16646712,0.32384723,0.19833332
-0.7400021,-0.07284542,2.5398915,2.25235,0.0,0.14613847,0.26050425,0.0,0.5655795,0.0,1.2220356,0.0,0.19065602,1.4331514,1.5825987,1.4302484,0.0,0.0,1.3407007,0.112437546,0.61732453,0.05800186,0.0,0.0,0.13523985,0.0,0.0,0.0,0.0,0.0,0.0,0.0,0.0,0.0,2.1380599,0.10751237,0.0,1.082912,0.0,0.0,0.6231924,1.5454808,0.0,0.62255144,1.1180146,0.4146586,1.6264871,0.0,0.7194731,0.0,0.0,0.3913098,0.68219155,0.7947429,0.7596333,1.3453494,1.4533312,1.3420372,0.10534578,0.0,0.18404528,0.06056066,0.0,0.4428287,0.0,0.9710946,0.0,0.22995467,1.0562366,-1.2521371
-0.67070603,-1.1665308,-0.91785717,0.0,0.13688806,0.0,0.2072277,0.19401819,0.0,1.252368,0.0,0.5360682,0.69121337,0.5370467,0.2830804,0.48080015,0.0,0.0,0.046357334,0.40554643,0.0,1.307863,0.0,0.0,0.0,0.1763797,0.14068967,0.0,0.0,0.95945704,1.0564258,0.0,0.41471916,0.0,0.34036002,1.0141643,0.0,0.0,0.0,0.0,0.0,0.21551572,0.0,0.0,0.021799343,0.0045125857,0.5975593,0.0,0.3287101,0.0,0.0,0.0,0.0,0.0,0.83725035,1.1821443,0.0,0.06456919,0.92340475,0.0,0.6395855,0.78079224,0.68123734,0.0,0.0,0.0,0.0,-0.470919,-0.1555622,0.8716807
-1.03105,0.54058284,0.31974724,0.8188378,0.0,0.0,0.08888149,0.28890252,0.3400293,0.13581142,0.20633206,0.0,0.0,0.033646613,1.3913131,0.3962529,0.24442384,0.0,0.5799544,0.0,0.1333376,0.46098614,0.0,0.0,0.0,0.0,0.0,0.0,0.35245416,1.2235982,0.2084895,0.0,0.0,0.0,0.4633725,0.40110326,0.0,0.6960073,0.0,0.0,0.0,0.61558306,0.0,0.40663445,0.26107854,0.07567169,0.35475612,0.0,0.64140344,0.0,0.0,0.29402828,0.36096916,0.06340112,0.38546386,0.8663466,0.33477455,0.3938401,0.31565338,0.0,0.31060398,0.35988295,0.43720475,0.50413376,0.0,0.21056578,0.0,-0.20102777,0.009449448,-0.25214893
0.4216088,1.3971677,-0.31278726,0.55562294,0.0,0.3075223,0.0,1.0800278,1.0326982,0.0,0.0,0.0,0.0,0.0,0.7179869,0.0,0.19107422,0.20312637,0.14288634,0.0,0.3246984,0.0,0.10195325,0.2715633,0.0,0.02255207,0.15329188,1.0591145,0.6380852,0.8843937,0.0,0.29743275,0.0,0.0,0.0,0.49109954,0.0,0.74711394,0.0,0.0,0.0,0.28469822,0.0,0.29380205,0.26421276,0.3305236,0.085644156,0.0,0.5331471,0.0,0.0,0.6608511,0.0,0.046370544,0.009608444,0.2484228,0.13227603,0.42982,0.29338023,0.09925982,0.41698378,0.4302871,0.67463416,1.0704211,0.0,0.08361864,0.0,0.005667057,-0.41224986,-0.44628996
0.49185222,-1.2306706,-1.5922151,0.0,0.41540197,0.0,0.0,0.60480094,0.0,1.3420458,0.0,1.0693994,1.130626,0.30799973,0.0,0.0705007,0.0,0.0,0.0,0.48959368,0.0,0.94088703,0.3594309,0.0,0.0,0.9581517,0.21926281,0.899248,0.0,0.51400596,1.1175203,0.0,0.49231642,0.0,0.0,1.3185534,0.0,0.0,0.0,0.0,0.0,0.0,0.0,0.0,0.0,0.0073566213,0.77919793,0.0,0.009944949,0.0,0.0,0.020696,0.0,0.0,0.49361515,0.7278446,0.0,0.24411507,1.1779878,0.0,0.89836544,1.2283499,1.2800347,0.041356176,0.0,0.0,0.0,-0.22064634,-0.45923337,1.0244758
0.34220204,-0.1399278,-1.6931299,0.0,0.0,0.0,0.0,1.057229,0.08652076,1.0030632,0.0,0.8303015,0.59381133,0.0,0.0,0.0,0.0,0.0,0.0,0.07883757,0.0,0.5723115,0.38969368,0.0,0.0,0.70145184,0.44482478,1.2617066,0.24906808,0.9983945,0.90509856,0.09439403,0.14605854,0.0,0.0,1.1876905,0.0,0.0068098307,0.0,0.0,0.0,0.0,0.0,0.0,0.0,0.01477287,0.23175243,0.0,0.32850865,0.0,0.0,0.42643794,0.0,0.0,0.36920515,0.43471742,0.0,0.07245381,0.9841885,0.0,0.6341638,1.0184224,1.2896894,0.57778484,0.0,0.0,0.0,-0.25999683,-0.7527235,0.54671156
-0.12981589,0.5941305,-0.1905135,0.5482938,0.0,0.0,0.0,0.6425358,0.53989613,0.16077526,0.0,0.0,0.10471904,0.0,0.7778218,0.04576963,0.0,0.0,0.25836942,0.0,0.0,0.12963559,0.0,0.0,0.0,0.0,0.062327467,0.43560332,0.30932492,0.9065943,0.22458915,0.0,0.0,0.0,0.056323975,0.38073683,0.0,0.5256077,0.0,0.0,0.0,0.2049559,0.0,0.26881874,0.0965947,0.121162355,0.13815528,0.0,0.4541449,0.0,0.0,0.3463236,0.0,0.0,0.15951169,0.4655437,0.07616928,0.2017026,0.29147062,0.0647149,0.4055298,0.4577528,0.5212631,0.6160924,0.0,0.064848065,0.0,-0.1292827,-0.28622305,-0.075372666
0.39542013,0.04523088,-0.3967017,0.41371253,0.0,0.0,0.0,0.58186454,0.42015532,0.35491914,0.0,0.2767954,0.5339301,0.06062667,0.24237293,0.08585662,0.0,0.0,0.095590115,0.056389306,0.0,0.16158754,0.064642385,0.0,0.0,0.30058753,0.0,0.62217486,0.0,0.49683267,0.34722853,0.0,0.0,0.0,0.1165916,0.48031068,0.0,0.16258486,0.0,0.0,0.0,0.0,0.0,0.12774774,0.14974824,0.110678986,0.4020874,0.0,0.20008084,0.0,0.0,0.23726207,0.0,0.0,0.12807932,0.3393544,0.040209614,0.2520358,0.39543474,0.0,0.5288626,0.5784172,0.5439692,0.41487446,0.0,0.016123528,0.0,0.03210036,-0.25160584,0.21123801
0.083680235,-0.9364269,0.31210205,0.79488766,0.12180737,0.0,0.0,0.0,0.028455466,0.47770673,0.07236113,0.1480258,0.8601511,0.9797143,0.25632992,0.7596687,0.0,0.0,0.38734815,0.4141602,0.0,0.55976874,0.0,0.0,0.076214254,0.12813145,0.0,0.0,0.0,0.077346385,0.38261333,0.0,0.006491229,0.020537227,0.99838746,0.41332215,0.0,0.06828076,0.0,0.0,0.0,0.4189259,0.0,0.032542937,0.45895916,0.14520894,1.0088402,0.0,0.069732815,0.0,0.0,0.0,0.01449573,0.0,0.61581373,0.8599378,0.48094293,0.45519352,0.3972473,0.0,0.5573319,0.49305686,0.14363211,0.0,0.0,0.1462557,0.0,0.12608562,0.36734056,0.36186665
0.3731293,-1.007796,-0.40236354,0.3421184,0.24141058,0.0,0.0,0.16805588,0.0,0.7602774,0.0,0.5137787,0.9927205,0.7080772,0.0,0.4667064,0.0,0.0,0.08091688,0.43788707,0.0,0.62123764,0.019138023,0.0,0.04790522,0.49825042,0.0,0.24725628,0.0,0.17171952,0.62305605,0.0,0.16438751,0.04944177,0.5469032,0.69473356,0.0,0.0,0.0,0.0,0.0,0.06898758,0.0,0.0,0.22927375,0.0522127,0.9175634,0.0,0.0,0.0,0.0,0.0,0.0,0.0,0.5373525,0.7279281,0.09086956,0.34238747,0.64681685,0.0,0.68339485,0.69558537,0.49728972,0.0,0.0,0.016900675,0.0,-0.016564835,0.031369206,0.677907
0.52098465,-0.629518,-0.26098508,0.4683299,0.10567129,0.0,0.0,0.27480415,0.18840368,0.52601224,0.0,0.40216,0.8779081,0.5435488,0.0,0.36277834,0.0,0.0,0.1162563,0.31514725,0.0,0.35654444,0.035014734,0.0,0.09614654,0.45337856,0.0,0.37308764,0.0,0.14738676,0.4442142,0.0,0.0,0.06364751,0.47432038,0.510811,0.0,0.0,0.0,0.0,0.0,0.04621192,0.0,0.0,0.29793054,0.10181245,0.8103756,0.0,0.03983368,0.0,0.0,0.035962492,0.0,0.0,0.35482883,0.5254054,0.16835724,0.37839502,0.4840592,0.0,0.6244329,0.5705025,0.4331195,0.062205628,0.0,0.030312879,0.0,0.11672853,0.053444546,0.4742701
-0.24304537,0.48009944,1.5382922,1.6648672,0.0,0.2334886,0.0,0.0,0.77231115,0.0,0.5687854,0.0,0.11945397,0.65180725,1.2421628,0.77048874,0.055884212,0.0,0.90731156,0.0,0.5323487,0.0,0.0,0.011556894,0.06977546,0.0,0.0,0.0,0.0,0.23184544,0.0,0.0,0.0,0.0,1.2313701,0.05184628,0.0,0.8317868,0.0,0.0,0.22650968,0.9693504,0.0,0.53989977,0.77848357,0.35031807,1.0685301,0.0,0.61388004,0.0,0.0,0.3611232,0.46108878,0.5726745,0.3065435,0.87390566,0.94521016,0.929318,0.0407238,0.0,0.23596545,0.14747626,0.057650037,0.49848574,0.0,0.6794908,0.0,0.2761941,0.56922734,-0.9383862
1.5909666,1.9990593,0.038730957,0.90143764,0.0,0.81394506,0.0,1.3141284,1.7094085,0.0,0.0,0.0,0.0934768,0.0,0.36504766,0.0,0.1676214,1.0335124,0.10520056,0.0,0.7395103,0.0,0.33887,0.8376828,0.3116244,0.36789006,0.0,1.6533904,0.56335175,0.23147568,0.0,0.96819675,0.0,0.09864955,0.0,0.66316664,0.0,0.679218,0.0,0.0,0.0,0.38365656,0.0,0.23444855,0.77664024,0.73472667,0.4661078,0.0,0.5169749,0.0,0.0,1.050679,0.0,0.33284754,0.0,0.0,0.29713598,1.0933181,0.07450345,0.08317143,0.78497905,0.39601696,0.91501504,1.3056755,0.0,0.3363566,0.0,0.55990803,-0.30505967,-0.8423201
-0.22269064,1.6372715,0.6510334,1.158588,0.0,0.42568392,0.0,0.6801501,1.120673,0.0,0.02707228,0.0,0.0,0.0,1.4058545,0.008018136,0.5974313,0.0,0.5965693,0.0,0.781996,0.0,0.0,0.36893088,0.0,0.0,0.0,0.27865145,0.63842124,0.95649374,0.0,0.0,0.0,0.0,0.17918585,0.23077138,0.0,1.1121956,0.0,0.0,0.0,0.6731392,0.0,0.42814893,0.5188822,0.43180037,0.45828885,0.0,0.8344972,0.0,0.0,0.5611152,0.23361498,0.37323946,0.0,0.56349194,0.46420586,0.7608009,0.1909634,0.0,0.26792282,0.27841222,0.5163785,0.9761686,0.0,0.46757007,0.0,0.12687454,-0.031761352,-0.9187292
0.6988998,-2.3880486,-1.105603,0.0,0.9085041,0.0,0.0,0.0,0.0,1.5260444,0.0,1.1803272,1.7183294,1.2516303,0.0,0.6446254,0.0,0.0,0.0,0.94090825,0.0,1.2192204,0.23862754,0.0,0.15445961,1.1397368,0.0,0.32480937,0.0,0.0,1.1874115,0.0,0.7730923,0.27797067,0.6382903,1.3890574,0.0,0.0,0.0,0.0,0.0,0.044075675,0.0,0.0,0.10127661,0.03561867,1.6046735,0.0,0.0,0.0,0.0,0.0,0.0,0.0,0.82865375,1.2299924,0.0,0.54529893,1.2617551,0.0,1.2118955,1.221417,1.0647174,0.0,0.0,0.07206788,0.0,-0.15515551,-0.09514499,1.2435696
0.42423144,-0.6973812,0.90763885,1.222338,0.057088852,0.0,0.0,0.0,0.34347728,0.05921127,0.23175043,0.0,0.8766071,1.1143602,0.3014017,0.8523581,0.0,0.0,0.55809855,0.37013316,0.0,0.15505822,0.0,0.0,0.29846948,0.06766797,0.0,0.0,0.0,0.0,0.028279781,0.0,0.0,0.17399587,1.2660434,0.10197548,0.0,0.2574879,0.0,0.0,0.025136963,0.56468654,0.0,0.24956816,0.75460213,0.26191348,1.12768,0.0,0.055309772,0.0,0.0,0.053733267,0.045694783,0.19572133,0.45261815,0.76952475,0.7745701,0.68382055,0.14736277,0.0,0.606962,0.2955601,0.0,0.0,0.0,0.25033996,0.0,0.41748732,0.6045834,-0.06552905
-0.11957802,0.30112138,0.122882046,0.73557836,0.0,0.0,0.0,0.39468524,0.47251475,0.13242798,0.0,0.0,0.23901537,0.1220638,0.7504257,0.27076003,0.0,0.0,0.36726382,0.0,0.0,0.17520148,0.0,0.0,0.0,0.0,0.0,0.16197552,0.056174703,0.67759913,0.17666483,0.0,0.0,0.0,0.37938207,0.2783934,0.0,0.45820022,0.0,0.0,0.0,0.31650507,0.0,0.2960642,0.22928312,0.11225429,0.3769861,0.0,0.35805187,0.0,0.0,0.26350975,0.05870387,0.0,0.19512624,0.5442559,0.24523066,0.2758425,0.20716794,0.046205744,0.4287672,0.430865,0.33129448,0.41660136,0.0,0.15120594,0.0,0.0043907426,-0.055024732,-0.07424834
-0.4318191,-0.56348747,1.639407,1.6526601,0.0,0.0,0.1618219,0.0,0.27934122,0.0,0.7793393,0.0,0.5152316,1.3365473,1.0112065,1.2139391,0.0,0.0,0.9569247,0.28417447,0.061049387,0.33280122,0.0,0.0,0.11512844,0.0,0.0,0.0,0.0,0.0,0.0,0.0,0.0,0.0,1.7370517,0.17445567,0.0,0.6659522,0.0,0.0,0.30500597,1.067715,0.0,0.41651705,0.8246172,0.23348452,1.3081983,0.0,0.3381209,0.0,0.0,0.16142346,0.33851063,0.37295365,0.72478634,1.1369058,1.1337558,0.9219502,0.24612187,0.0,0.35224366,0.22423066,0.0,0.14884001,0.0,0.5475982,0.0,0.19897984,0.80765855,-0.4942603
0.51985615,-2.2577217,-1.3254899,0.0,0.83200514,0.0,0.0,0.09099877,0.0,1.608385,0.0,1.2013323,1.5964493,1.0650713,0.0,0.53953034,0.0,0.0,0.0,0.8738427,0.0,1.3011069,0.25540423,0.0,0.032789916,1.0931754,0.0,0.40494162,0.0,0.055773556,1.2721869,0.0,0.7898131,0.17170443,0.45285332,1.439013,0.0,0.0,0.0,0.0,0.0,0.0,0.0,0.0,0.0,0.013389491,1.4509572,0.0,0.0,0.0,0.0,0.0,0.0,0.0,0.8113739,1.198738,0.0,0.44888592,1.320942,0.0,1.1386145,1.2794368,1.1291342,0.0,0.0,0.059402067,0.0,-0.23603176,-0.20720547,1.2671418
-0.21244755,0.65380025,0.47762886,0.9837777,0.0,0.091396526,0.0,0.3695573,0.66330683,0.0,0.05213295,0.0,0.050635636,0.06256047,1.0149016,0.29424536,0.057141155,0.0,0.5165797,0.0,0.24288036,0.0,0.0,0.0,0.0,0.0,0.0,0.038711816,0.16172603,0.70280707,0.0,0.0,0.0,0.0,0.4701606,0.14130448,0.0,0.64177203,0.0,0.0,0.0,0.47940776,0.0,0.36475974,0.3201445,0.16445921,0.44356006,0.0,0.48592326,0.0,0.0,0.3606086,0.18621504,0.20056152,0.120190784,0.5656284,0.3719863,0.41794276,0.09687848,0.020133764,0.33969766,0.30377522,0.29328945,0.55919826,0.0,0.29838032,0.0,0.08490734,0.015874889,-0.43030065
-0.22157939,-1.1381893,-0.0786406,0.5061512,0.16748568,0.0,0.06354317,0.0,0.0,0.78546137,0.0,0.28662717,0.8402188,0.9164325,0.25674996,0.72725177,0.0,0.0,0.28692478,0.45361626,0.0,0.88337636,0.0,0.0,0.0,0.13678461,0.0,0.0,0.0,0.35544074,0.64177644,0.0,0.18620338,0.0,0.84613746,0.66630983,0.0,0.0,0.0,0.0,0.0,0.3643992,0.0,0.0,0.29531634,0.08896458,0.9199102,0.0,0.11025723,0.0,0.0,0.0,0.0,0.0,0.7407399,1.0387444,0.23200053,0.32576486,0.60670143,0.0,0.60676104,0.6190809,0.32368445,0.0,0.0,0.049898658,0.0,-0.108741924,0.19033976,0.61950654
0.08473898,-1.980655,-0.43546277,0.23991397,0.59121287,0.0,0.083660334,0.0,0.0,1.1999145,0.0,0.6870935,1.3214465,1.2847159,0.0,0.84774804,0.0,0.0,0.09737031,0.7705382,0.0,1.1800444,0.0,0.0,0.023369849,0.5588568,0.0,0.0,0.0,0.044005215,0.93833697,0.0,0.5334397,0.08299641,0.9424423,1.0011518,0.0,0.0,0.0,0.0,0.0,0.2549695,0.0,0.0,0.21095341,0.046307057,1.3425364,0.0,0.0,0.0,0.0,0.0,0.0,0.0,0.9379129,1.2608757,0.027599487,0.40043867,0.95688623,0.0,0.8708593,0.9138324,0.5284544,0.0,0.0,0.06423857,0.0,-0.20197992,0.11159177,0.98441046
0.5676871,-0.14962402,-1.1443894,0.0,0.0,0.0,0.0,0.8471749,0.25010496,0.72192675,0.0,0.6591388,0.67954737,0.0,0.0,0.0,0.0,0.0,0.0,0.11572597,0.0,0.33923143,0.3019997,0.0,0.0,0.64790297,0.2067171,1.0614355,0.023339123,0.6353697,0.6538477,0.09963319,0.011866227,0.0,0.0,0.90190446,0.0,0.0,0.0,0.0,0.0,0.0,0.0,0.0,0.009851204,0.056977585,0.3795191,0.0,0.15879238,0.0,0.0,0.31188107,0.0,0.0,0.21193005,0.29433995,0.0,0.17822914,0.7443393,0.0,0.61018884,0.8102293,0.98891,0.46265578,0.0,0.0,0.0,-0.07681346,-0.5314744,0.4549045
1.1289841,-0.2753497,-1.8992373,0.0,0.15534112,0.0,0.0,1.192005,0.22534397,0.9890055,0.0,1.1112561,0.9326093,0.0,0.0,0.0,0.0,0.20104772,0.0,0.17715698,0.0,0.3038737,0.64619976,0.0,0.0,1.1732318,0.3904628,1.7226458,0.042283453,0.56493384,0.8733524,0.4800113,0.17602505,0.03703925,0.0,1.409362,0.0,0.0,0.0,0.0,0.0,0.0,0.0,0.0,0.0,0.037378557,0.56964654,0.0,0.021370497,0.0,0.0,0.48699898,0.0,0.0,0.20182379,0.20350687,0.0,0.30724445,1.0389483,0.0,0.9229028,1.227706,1.5619686,0.61137813,0.0,0.0,0.0,-0.0068542846,-0.82133687,0.6401715
0.28544483,-0.84054697,0.19549415,0.73805696,0.12587252,0.0,0.0,0.0,0.10933891,0.45258904,0.0,0.21608196,0.8889841,0.87402534,0.14746964,0.6500384,0.0,0.0,0.3157537,0.3898132,0.0,0.45048207,0.0,0.0,0.118904814,0.24266392,0.0,0.0,0.0,0.03450042,0.36566314,0.0,0.0,0.06392218,0.8712521,0.37635332,0.0,0.0,0.0,0.0,0.0,0.30081734,0.0,0.011573151,0.44253236,0.1264135,0.98793286,0.0,0.04128965,0.0,0.0,0.0,0.0,0.0,0.50858575,0.7476099,0.41009584,0.44565484,0.38415122,0.0,0.58772266,0.4796936,0.1837958,0.0,0.0,0.12185282,0.0,0.17469296,0.31784272,0.38580346
-0.68449575,1.1228175,0.042457014,0.6971667,0.0,0.050693244,0.0,0.68007797,0.6469068,0.0,0.0,0.0,0.0,0.0,1.3294897,0.02769038,0.42320833,0.0,0.43508178,0.0,0.3180989,0.11396678,0.0,0.0,0.0,0.0,0.13417774,0.21222506,0.6605866,1.3166068,0.10224454,0.0,0.0,0.0,0.023499787,0.35572374,0.0,0.84386736,0.0,0.0,0.0,0.4171883,0.0,0.33209428,0.16092172,0.16929035,0.1434592,0.0,0.7242167,0.0,0.0,0.4115384,0.15488619,0.06698227,0.17569599,0.61830807,0.19811317,0.34850025,0.32143345,0.0,0.2665404,0.36478937,0.5825966,0.7811906,0.0,0.17681316,0.0,-0.19340767,-0.23381698,-0.38018787
-1.1693331,-0.23834535,-0.84653467,0.0,0.0,0.0,0.23282915,0.46468103,0.0,0.9684818,0.0,0.19038735,0.10300043,0.0,0.90084314,0.24796805,0.0,0.0,0.16145095,0.034772523,0.0,1.1338845,0.0,0.0,0.0,0.0,0.32613122,0.0,0.31955612,1.5310415,0.8838544,0.0,0.1151153,0.0,0.035180986,0.89697653,0.0,0.24718232,0.0,0.0,0.0,0.33836946,0.0,0.00086774677,0.0,0.0,0.04735224,0.0,0.72214246,0.0,0.0,0.19683124,0.16023713,0.0,0.6749193,1.0370159,0.0,0.0,0.7415344,0.0,0.3778265,0.63475335,0.8114511,0.31026447,0.0,0.0,0.0,-0.5922238,-0.35373816,0.43495107
-0.67878324,0.46562135,-0.26418242,0.4554436,0.0,0.0,0.0,0.55402,0.30606565,0.35017666,0.0,0.0,0.0,0.0,1.0202277,0.14555997,0.0478594,0.0,0.31187877,0.0,0.0,0.46318388,0.0,0.0,0.0,0.0,0.14736414,0.15882444,0.3994554,1.2256705,0.38778988,0.0,0.0,0.0,0.09426898,0.52015585,0.0,0.5400337,0.0,0.0,0.0,0.32848364,0.0,0.2099586,0.04814526,0.06017624,0.09365387,0.0,0.61040866,0.0,0.0,0.3206455,0.08846074,0.0,0.35803145,0.685671,0.014625374,0.13404304,0.3965279,0.0,0.3550159,0.4746722,0.6124436,0.53057945,0.0,0.040573206,0.0,-0.31716967,-0.30021498,0.023823693
-0.6142732,-0.7220748,-1.6762905,0.0,0.0016500652,0.0,0.027546436,0.70022905,0.0,1.4050584,0.0,0.752784,0.51233083,0.0,0.21238217,0.019628435,0.0,0.0,0.0,0.22367999,0.0,1.2714212,0.11110194,0.0,0.0,0.34496772,0.48396853,0.5727929,0.17098683,1.3790729,1.2250668,0.0,0.42087334,0.0,0.0,1.2078315,0.0,0.0,0.0,0.0,0.0,0.0,0.0,0.0,0.0,0.0,0.18474141,0.0,0.56071985,0.0,0.0,0.17469506,0.0,0.0,0.6847856,0.92948925,0.0,0.0,1.0736549,0.0,0.64057726,1.0347729,1.152031,0.26397464,0.0,0.0,0.0,-0.5274322,-0.57422864,0.79064465
0.21263441,0.5558979,-1.1445813,0.0,0.0,0.0,0.0,1.0792276,0.45134476,0.5252239,0.0,0.42340636,0.24080832,0.0,0.33056048,0.0,0.0,0.0,0.0,0.0,0.0,0.20844576,0.23632757,0.0,0.0,0.33650875,0.3646215,1.1305403,0.48927668,1.077627,0.53923714,0.119674444,0.0,0.0,0.0,0.8612474,0.0,0.30314147,0.0,0.0,0.0,0.0,0.0,0.012452453,0.0,0.075252265,0.04383597,0.0,0.42974204,0.0,0.0,0.5231684,0.0,0.0,0.25618434,0.36502594,0.0,0.065236226,0.69049865,0.0,0.4608764,0.7176591,1.0131236,0.8062258,0.0,0.0,0.0,-0.24758936,-0.69076735,0.1707868
-0.36746186,1.275464,2.0448618,2.0382335,0.0,0.5485229,0.0,0.0,1.1743965,0.0,0.748067,0.0,0.0,0.38681012,1.7164292,0.6976017,0.5578382,0.0,1.1237173,0.0,1.0976285,0.0,0.0,0.3904575,0.05187705,0.0,0.0,0.0,0.06350746,0.35733882,0.0,0.0,0.0,0.0,1.24064,0.03346862,0.0,1.2283605,0.0,0.010171406,0.4161244,1.3469503,0.0,0.71036595,1.1362146,0.60543096,1.2882743,0.0,0.9696932,0.0,0.0,0.49949598,0.7657635,0.878317,0.18938467,0.95812154,1.1380183,1.3362023,0.022908568,0.0,0.14237571,0.09458764,0.15194768,0.7603048,0.0,0.99026966,0.0,0.3501337,0.7370689,-1.5559636
0.84994674,-2.400965,0.7590304,1.0459957,0.8488897,0.0,0.0,0.0,0.0,0.68476194,0.23822933,0.4635373,1.7824093,2.1135445,0.0,1.345857,0.0,0.0,0.41388696,1.01551,0.0,0.71170723,0.0,0.0,0.5814666,0.65429825,0.0,0.0,0.0,0.0,0.4426744,0.0,0.35875672,0.5470887,1.8440446,0.71030104,0.0,0.0,0.0,0.0,0.0,0.6470182,0.0,0.0,0.9583879,0.3115905,2.0041819,0.0,0.0,0.0,0.0,0.0,0.0,0.04364515,0.9990717,1.3303095,0.6062059,0.97242886,0.5449076,0.0,1.3017962,0.69315064,0.21441698,0.0,0.0,0.21190624,0.0,0.41007128,0.76981235,0.6262449
-1.2541695,-0.5217834,0.56091124,0.8948064,0.0,0.0,0.43907082,0.0,0.0,0.47634718,0.49259612,0.0,0.20208238,0.79262245,1.2086843,0.9056066,0.0,0.0,0.6857745,0.17664558,0.0,0.9618829,0.0,0.0,0.0,0.0,0.0,0.0,0.0,0.91559976,0.42866215,0.0,0.0,0.0,1.0696741,0.6295665,0.0,0.50370175,0.0,0.0,0.0,0.9192171,0.0,0.32825765,0.43759233,0.052621767,0.7671374,0.0,0.53056496,0.0,0.0,0.07426788,0.38918102,0.03616944,0.8301699,1.331993,0.48492417,0.5617133,0.50740534,0.0,0.36828542,0.32909316,0.26393312,0.15971723,0.0,0.22817332,0.0,-0.26307237,0.4033637,0.07278581
-0.9715251,0.9694074,0.61811334,1.0450877,0.0,0.050902948,0.0,0.33711502,0.59933156,0.0,0.28144595,0.0,0.0,0.0,1.5829399,0.34781268,0.47682896,0.0,0.6868678,0.0,0.44683462,0.17974368,0.0,0.0,0.0,0.0,0.0,0.0,0.47764507,1.204707,0.0,0.0,0.0,0.0,0.4771521,0.2580499,0.0,0.87954456,0.0,0.0,0.0,0.7078479,0.0,0.48890516,0.38373905,0.1930633,0.46987098,0.0,0.74642086,0.0,0.0,0.37576896,0.4469869,0.25067377,0.26084763,0.8136146,0.5054151,0.5748474,0.20199154,0.0,0.24003448,0.2749719,0.4084594,0.67299277,0.0,0.36466068,0.0,-0.058604646,0.085212976,-0.61857724
-0.48812222,1.7817646,-0.7890051,0.20769683,0.0,0.13799699,0.0,1.3194878,0.84096575,0.044208124,0.0,0.0,0.0,0.0,1.2366067,0.0,0.64789,0.0,0.110807315,0.0,0.34502447,0.0,0.0051258802,0.1575861,0.0,0.0,0.51786155,1.0082747,1.2131565,1.7512023,0.21822283,0.04722047,0.0,0.0,0.0,0.68494153,0.0,1.0237722,0.0,0.0,0.0,0.34793174,0.0,0.27896595,0.13130267,0.258515,0.0,0.0,0.8985976,0.0,0.0,0.7351396,0.0,0.0,0.2438123,0.57910335,0.0021551438,0.26633158,0.5955046,0.01937826,0.20826688,0.555903,0.94417226,1.2640798,0.0,0.0,0.0,-0.3741832,-0.6053151,-0.39809847
1.1382537,-1.6769164,-2.4789784,0.0,0.76565194,0.0,0.0,0.89103985,0.0,1.7713387,0.0,1.665653,1.5556238,0.20136148,0.0,0.0,0.0,0.0,0.0,0.6695004,0.0,1.0324636,0.7487008,0.0,0.0,1.6275965,0.39128032,1.5654889,0.0,0.3424456,1.4542035,0.20826885,0.79023045,0.17236306,0.0,1.8804816,0.0,0.0,0.0,0.0,0.0,0.0,0.0,0.0,0.0,0.0,1.0906366,0.0,0.0,0.0,0.0,0.109435946,0.0,0.0,0.42928702,0.7345449,0.0,0.38552386,1.5977299,0.0,1.3113588,1.8115602,1.9586418,0.10689605,0.0,0.0,0.0,-0.17082097,-0.75160265,1.3251467
0.2841127,0.365368,-1.0346634,0.009021163,0.0,0.0,0.0,0.96644986,0.40977606,0.53507125,0.0,0.43758819,0.35090733,0.0,0.2527084,0.0,0.0,0.0,0.0,0.0,0.0,0.22940257,0.21830447,0.0,0.0,0.3756327,0.28438133,1.0378059,0.33662483,0.9280219,0.5322929,0.081867784,0.0,0.0,0.0,0.8144551,0.0,0.21327652,0.0,0.0,0.0,0.0,0.0,0.008807771,0.0,0.070319,0.1304083,0.0,0.35265857,0.0,0.0,0.45199093,0.0,0.0,0.2250097,0.34211674,0.0,0.09703836,0.6590101,0.0,0.47868615,0.7050307,0.9410348,0.6935602,0.0,0.0,0.0,-0.1882345,-0.61415535,0.22795986
0.3872875,0.9461222,0.73140776,1.2081982,0.0,0.36009562,0.0,0.45174235,1.0166718,0.0,0.0,0.0,0.13461885,0.017231286,0.8469497,0.1972752,0.04204315,0.0,0.5239414,0.0,0.4735735,0.0,0.0,0.22915995,0.100155875,0.0,0.0,0.29637888,0.09262697,0.33262748,0.0,0.0,0.0,0.0,0.47869563,0.04980073,0.0,0.72677374,0.0,0.0,0.0,0.53869706,0.0,0.40130702,0.5471661,0.36495996,0.574221,0.0,0.48785654,0.0,0.0,0.467124,0.06834541,0.3324079,0.0,0.41452998,0.45106503,0.6475169,0.03418386,0.021265201,0.38767672,0.3140171,0.2668901,0.68290013,0.0,0.4026812,0.0,0.3189904,0.07722747,-0.672336
-0.83083093,0.05901176,0.67599106,1.0349154,0.0,0.0,0.13147548,0.0,0.25515255,0.122503,0.37104604,0.0,0.09523845,0.50005245,1.2036443,0.6774311,0.0,0.0,0.6731626,0.0,0.024573758,0.48609072,0.0,0.0,0.0,0.0,0.0,0.0,0.0,0.8016634,0.15702684,0.0,0.0,0.0,0.8803004,0.36038247,0.0,0.58940053,0.0,0.0,0.0,0.75094044,0.0,0.4390183,0.42375568,0.070852146,0.63928056,0.0,0.49451345,0.0,0.0,0.19996648,0.36360645,0.16051407,0.48230496,0.9630251,0.55971426,0.5267917,0.28313142,0.0,0.33643168,0.28952205,0.23528248,0.3067162,0.0,0.29151654,0.0,-0.05496778,0.27798623,-0.24690332
0.15927269,-1.5693624,1.4430923,1.5001056,0.3411242,0.0,0.10239115,0.0,0.0,0.20713899,0.64396095,0.0,1.1703844,1.8882866,0.2831337,1.4127934,0.0,0.0,0.78095245,0.68578506,0.0,0.52533144,0.0,0.0,0.38622683,0.0,0.0,0.0,0.0,0.0,0.09385216,0.0,0.0,0.266846,1.9875263,0.30078757,0.0,0.26472825,0.0,0.0,0.19417907,0.98073924,0.0,0.22897482,1.0605268,0.3478158,1.6288615,0.0,0.0,0.0,0.0,0.0,0.05150041,0.26401174,0.94057167,1.2368431,1.0419184,0.93033946,0.26370925,0.0,0.7768353,0.32060522,0.0,0.0,0.0,0.3452684,0.0,0.39338675,0.9539053,-0.010153413
-0.35120508,2.8233654,-0.17812626,0.68224335,0.0,0.6055909,0.0,1.484341,1.447697,0.0,0.0,0.0,0.0,0.0,1.6773038,0.0,1.2060757,0.221021,0.32992107,0.0,1.0663834,0.0,0.0,0.7134724,0.0,0.0,0.42980364,1.0952611,1.5532479,1.7564254,0.0,0.2858731,0.0,0.0,0.0,0.69476223,0.0,1.504944,0.0,0.0,0.0,0.74732727,0.0,0.37016526,0.56395996,0.6005883,0.17031945,0.0,1.2085456,0.0,0.0,1.0026351,0.019187003,0.2803908,0.11272554,0.57161427,0.3261954,0.8344887,0.50824577,0.0,0.23070681,0.44018227,1.0332949,1.6401805,0.0,0.28868905,0.0,-0.09251933,-0.4481003,-1.0892227
1.0597863,-0.92936414,0.69111,1.1083177,0.28316292,0.0,0.0,0.0,0.3930285,0.11615041,0.0,0.20087108,1.2044917,1.1801026,0.0,0.75773,0.0,0.0,0.37975788,0.49258232,0.0,0.0021716952,0.0,0.0,0.511502,0.4879123,0.0,0.00048963726,0.0,0.0,0.053332165,0.0,0.0,0.4037553,1.1827772,0.15877028,0.0,0.0,0.0,0.0,0.0,0.34096336,0.0,0.1274786,0.8338075,0.25361377,1.3253491,0.0,0.0,0.0,0.0,0.0,0.0,0.19876644,0.3506421,0.6606247,0.59576607,0.7692573,0.15288319,0.0,0.90668446,0.34309027,0.07660614,0.0,0.0,0.16289578,0.0,0.56772804,0.59193486,0.14930494
-0.12838456,-0.5369791,0.30398026,0.80064785,0.0,0.0,0.0,0.0,0.1376213,0.37202993,0.080443725,0.015446229,0.607808,0.72216606,0.5108847,0.6441233,0.0,0.0,0.42227325,0.25354147,0.0,0.492877,0.0,0.0,0.0,0.0,0.0,0.0,0.0,0.33766347,0.32286724,0.0,0.0,0.0,0.8417233,0.36748177,0.0,0.23732246,0.0,0.0,0.0,0.4512763,0.0,0.16429257,0.39651448,0.13166483,0.7745675,0.0,0.21767417,0.0,0.0,0.02416537,0.110417634,0.0,0.50613046,0.8365324,0.4614805,0.3948301,0.32710972,0.0,0.4551003,0.43369138,0.16888161,0.032337263,0.0,0.14887434,0.0,0.04141688,0.29982096,0.19825004
-0.018481957,-1.2031751,-0.20620845,0.43209285,0.23886874,0.0,0.0,0.0,0.0,0.82575107,0.0,0.3959624,0.9407952,0.90521145,0.0885703,0.6712023,0.0,0.0,0.20867695,0.48756284,0.0,0.84443915,0.0,0.0,0.0,0.2868603,0.0,0.0,0.0,0.2641982,0.66998196,0.0,0.22063081,0.0,0.77790624,0.69047266,0.0,0.0,0.0,0.0,0.0,0.25269997,0.0,0.0,0.26817626,0.06810552,0.96934515,0.0,0.04881307,0.0,0.0,0.0,0.0,0.0,0.71170294,0.97149813,0.1758866,0.3182044,0.65307546,0.0,0.6391846,0.6557592,0.36701584,0.0,0.0,0.0407441,0.0,-0.093836084,0.1438129,0.6714371
0.22813505,-0.4604741,-0.6981842,0.17340276,0.0026728213,0.0,0.0,0.49114287,0.09450847,0.7113358,0.0,0.47781453,0.69791615,0.23036933,0.083310336,0.1768864,0.0,0.0,0.0025563538,0.21904822,0.0,0.5275817,0.08144273,0.0,0.0,0.4092393,0.04027822,0.5324757,0.0,0.5570045,0.62411153,0.0,0.049668804,0.0,0.13884196,0.71933526,0.0,0.0,0.0,0.0,0.0,0.0,0.0,0.0,0.09411291,0.060949326,0.50362474,0.0,0.17043784,0.0,0.0,0.11071316,0.0,0.0,0.366905,0.50931317,0.0,0.19005056,0.61787504,0.0,0.5782174,0.6727768,0.6640133,0.18277282,0.0,0.0,0.0,-0.101824954,-0.24013297,0.536437
-0.49697715,0.90546376,0.3110616,0.87171125,0.0,0.07554729,0.0,0.5035703,0.6573906,0.0,0.022278816,0.0,0.0,0.0,1.218169,0.18169057,0.26862052,0.0,0.5020762,0.0,0.30687648,0.05351931,0.0,0.0,0.0,0.0,0.0,0.078530386,0.4171407,1.0236342,0.019357711,0.0,0.0,0.0,0.27578533,0.23183617,0.0,0.75385624,0.0,0.0,0.0,0.469727,0.0,0.36399963,0.2503453,0.16911246,0.31753105,0.0,0.60084367,0.0,0.0,0.39204657,0.20371401,0.15889801,0.15071633,0.6014418,0.31332153,0.40504286,0.17506005,0.0,0.3091827,0.3130994,0.41677716,0.6720045,0.0,0.25513646,0.0,-0.03470691,-0.08448206,-0.4441563
0.3147857,-0.29282,-0.20644817,0.5115262,0.0,0.0,0.0,0.35750964,0.2834243,0.41548973,0.0,0.2598305,0.65561813,0.35350096,0.21857089,0.29314956,0.0,0.0,0.17231648,0.17977126,0.0,0.2987155,0.0,0.0,0.00010090321,0.27042192,0.0,0.3569692,0.0,0.35827118,0.37524426,0.0,0.0,0.0,0.38372982,0.4480524,0.0,0.10336535,0.0,0.0,0.0,0.09516212,0.0,0.07404473,0.23655295,0.097075656,0.5984583,0.0,0.169254,0.0,0.0,0.11955154,0.0,0.0,0.2935706,0.5134225,0.170371,0.3040847,0.40842736,0.0,0.52220553,0.5315743,0.4026047,0.21689789,0.0,0.045420837,0.0,0.047603797,-0.034113098,0.30480975
-0.34155095,-0.7903723,0.81052047,1.1019516,0.0,0.0,0.108389735,0.0,0.05593714,0.28829882,0.3979291,0.0,0.64573,1.1023537,0.670902,0.9626292,0.0,0.0,0.63611746,0.34679672,0.0,0.58232737,0.0,0.0,0.0046707764,0.0,0.0,0.0,0.0,0.17714682,0.23167641,0.0,0.0,0.0,1.2871912,0.36127454,0.0,0.36827677,0.0,0.0,0.03913498,0.7404303,0.0,0.21348737,0.56881535,0.15561554,1.0323294,0.0,0.22846767,0.0,0.0,0.021591336,0.1835792,0.04255937,0.7001337,1.0496918,0.7435183,0.60566753,0.36246774,0.0,0.41261786,0.37113553,0.019407116,0.0008791536,0.0,0.28113556,0.0,0.0792374,0.5647725,0.062154457
-1.7846557,-0.9648253,0.030605558,0.4845361,0.0,0.0,0.7331166,0.0,0.0,0.9810259,0.4354826,0.0,0.2087811,0.8074795,1.2152932,0.93995535,0.0,0.0,0.56437325,0.28357247,0.0,1.5283635,0.0,0.0,0.0,0.0,0.0,0.0,0.0,1.3082225,0.84526026,0.0,0.22552459,0.0,0.9395385,0.9892198,0.0,0.3600769,0.0,0.0,0.0,0.9542672,0.0,0.24136564,0.28934592,0.030431323,0.6719586,0.0,0.6374239,0.0,0.0,0.0,0.35431936,0.0,1.0919404,1.7102863,0.13262126,0.46089765,0.79632443,0.0,0.43073773,0.44367975,0.4490781,0.09404347,0.0,0.068526246,0.0,-0.6119093,0.2874566,0.47718525
-0.1840686,-2.3447378,0.47340015,0.7938071,0.6458192,0.0,0.35214525,0.0,0.0,0.9929371,0.37137893,0.34635624,1.3896974,1.9146475,0.0,1.3696207,0.0,0.0,0.4653597,0.9129286,0.0,1.2478929,0.0,0.0,0.13754342,0.2257689,0.0,0.0,0.0,0.0,0.73044574,0.0,0.4832403,0.14543213,1.6976956,0.8767766,0.0,0.0,0.0,0.0,0.0,0.75545675,0.0,0.0,0.61854166,0.18881635,1.6327448,0.0,0.0,0.0,0.0,0.0,0.0,0.0,1.2171428,1.6201631,0.4362208,0.6630114,0.83844227,0.0,0.89080685,0.74069023,0.12337597,0.0,0.0,0.17969605,0.0,-0.054685432,0.586274,0.7864456
-1.1262275,1.8474861,0.8541929,1.2446502,0.0,0.33329123,0.0,0.56119764,0.97896373,0.0,0.33474886,0.0,0.0,0.0,2.0337856,0.14530122,1.011645,0.0,0.80993223,0.0,0.95701814,0.0,0.0,0.2835263,0.0,0.0,0.0039896965,0.0,0.91519326,1.485677,0.0,0.0,0.0,0.0,0.2787995,0.30751878,0.0,1.3402096,0.0,0.0,0.033156097,0.9214743,0.0,0.54026425,0.57815796,0.43157,0.57295245,0.0,1.0962739,0.0,0.0,0.5417511,0.6246659,0.46001643,0.17062573,0.86960155,0.63711,0.89690864,0.2587884,0.0,0.15328923,0.21183833,0.5758115,0.99928075,0.0,0.59639215,0.0,-0.030919272,0.11241713,-1.1165906
0.26945326,1.85353,-0.05112232,0.74550354,0.0,0.4652304,0.0,1.1279233,1.2339265,0.0,0.0,0.0,0.0,0.0,1.027702,0.0,0.5024798,0.24273485,0.26855993,0.0,0.6389357,0.0,0.009917721,0.46653992,0.0,0.0,0.14677113,0.9949039,0.84175175,1.0168779,0.0,0.29947743,0.0,0.0,0.0,0.48954254,0.0,0.9997813,0.0,0.0,0.0,0.46788338,0.0,0.33710632,0.43360457,0.45834243,0.2117192,0.0,0.7498039,0.0,0.0,0.7453575,0.0,0.19232127,0.012935765,0.33585,0.25590643,0.651763,0.29362154,0.016832054,0.38081932,0.38866436,0.7237465,1.216284,0.0,0.237769,0.0,0.077708706,-0.33616227,-0.7407704
-0.48473197,0.57179135,0.98935556,1.2953483,0.0,0.10463981,0.0,0.083853245,0.63958615,0.0,0.36873153,0.0,0.0,0.3372452,1.2685977,0.56176794,0.1391916,0.0,0.7438,0.0,0.38376486,0.02910459,0.0,0.0,0.0,0.0,0.0,0.0,0.032450803,0.63124764,0.0,0.0,0.0,0.0,0.85212404,0.1480033,0.0,0.7458782,0.0,0.0,0.044091657,0.77869034,0.0,0.4941088,0.5468319,0.22851448,0.7505133,0.0,0.59638536,0.0,0.0,0.3251053,0.41519773,0.39800435,0.26104948,0.79353595,0.6607951,0.67561686,0.09030984,0.0,0.26845288,0.20984708,0.2130057,0.5146515,0.0,0.48866546,0.0,0.14251402,0.30284703,-0.6754947
0.6075843,1.0161077,0.34785742,0.9762855,0.0,0.35631478,0.0,0.6712832,1.043018,0.0,0.0,0.0,0.18082955,0.0,0.65072227,0.0,0.0,0.122332275,0.35132846,0.0,0.372095,0.0,0.0,0.2514525,0.09908247,0.0,0.0,0.6466688,0.19003737,0.37925616,0.0,0.16069415,0.0,0.0,0.18793334,0.17812186,0.0,0.6564699,0.0,0.0,0.0,0.34614843,0.0,0.36284,0.44483042,0.36148185,0.3915887,0.0,0.41206598,0.0,0.0,0.48974755,0.0,0.20020477,0.0,0.24877618,0.31727394,0.588636,0.09045152,0.076911375,0.4729383,0.3567434,0.37440488,0.77067906,0.0,0.27296695,0.0,0.26142743,-0.08401409,-0.52437556
0.22669931,-0.93238926,-0.89092106,0.017423868,0.207189,0.0,0.0,0.38817367,0.0,0.9745733,0.0,0.6625215,0.90607715,0.43421105,0.0,0.2729384,0.0,0.0,0.0,0.38457936,0.0,0.7744894,0.11409952,0.0,0.0,0.559265,0.040273584,0.47590068,0.0,0.48382893,0.8195809,0.0,0.2562974,0.0,0.20779908,0.93176514,0.0,0.0,0.0,0.0,0.0,0.0,0.0,0.0,0.029916536,0.027554274,0.6931276,0.0,0.053166747,0.0,0.0,0.0,0.0,0.0,0.5281851,0.6944556,0.0,0.20559958,0.8285198,0.0,0.68741566,0.82362837,0.7768224,0.0,0.0,0.0,0.0,-0.18416123,-0.21648794,0.80008274
-0.05995625,-1.5340277,-0.91334015,0.0,0.40327975,0.0,0.014674276,0.12523323,0.0,1.2687192,0.0,0.7474917,1.0709156,0.78635776,0.0,0.5239823,0.0,0.0,0.0,0.5825856,0.0,1.1721196,0.021245137,0.0,0.0,0.54459304,0.0,0.13603318,0.0,0.4708668,1.0354081,0.0,0.4935161,0.0,0.45764214,1.0632784,0.0,0.0,0.0,0.0,0.0,0.06735627,0.0,0.0,0.045784775,0.016066156,0.9634678,0.0,0.02663294,0.0,0.0,0.0,0.0,0.0,0.8158939,1.0759265,0.0,0.22929277,0.9811873,0.0,0.7913354,0.8942446,0.71504,0.0,0.0,0.0,0.0,-0.29767013,-0.11550704,0.9782139
-0.29651082,-0.195326,1.4691403,1.5734634,0.0,0.0003092587,0.007974684,0.0,0.44921964,0.0,0.62491286,0.0,0.39965758,1.035968,1.0200951,0.99534357,0.0,0.0,0.8797679,0.15433079,0.17978157,0.15210158,0.0,0.0,0.0978127,0.0,0.0,0.0,0.0,0.07365811,0.0,0.0,0.0,0.0,1.4672271,0.111813374,0.0,0.66341937,0.0,0.0,0.2264138,0.93084234,0.0,0.44406015,0.7451785,0.25449884,1.1642385,0.0,0.4024199,0.0,0.0,0.22970642,0.33897915,0.37945086,0.53803456,0.95728517,1.0208651,0.84183437,0.14628921,0.0,0.33300966,0.23273009,0.0,0.25806943,0.0,0.549735,0.0,0.24381128,0.6592245,-0.57948095
0.14542852,1.2646183,1.1655674,1.4962918,0.0,0.4887117,0.0,0.36032322,1.1624764,0.0,0.20888445,0.0,0.0,0.010094583,1.2028024,0.2859294,0.3217521,0.0,0.7242258,0.0,0.7817279,0.0,0.0,0.3717698,0.06792076,0.0,0.0,0.042220935,0.19323868,0.40406084,0.0,0.0,0.0,0.0,0.64396787,0.013021529,0.0,0.9677375,0.0,0.0,0.052922755,0.8367112,0.0,0.49054602,0.74515206,0.4608932,0.76779723,0.0,0.7481643,0.0,0.0,0.52013683,0.35616356,0.55243593,0.0,0.58067924,0.64772093,0.8719004,0.027989954,0.0,0.2584579,0.21586166,0.24916637,0.77323014,0.0,0.6398289,0.0,0.33740294,0.25144553,-1.0620761
-0.34903818,1.017171,0.59752274,1.0760576,0.0,0.1967474,0.0,0.443589,0.8027406,0.0,0.10346821,0.0,0.0,0.0,1.2475522,0.22982371,0.30319145,0.0,0.5865437,0.0,0.46193135,0.0,0.0,0.073581874,0.0,0.0,0.0,0.029738858,0.35423136,0.853716,0.0,0.0,0.0,0.0,0.40682983,0.15929279,0.0,0.82704085,0.0,0.0,0.0,0.5870464,0.0,0.40657195,0.39496857,0.25007963,0.4697613,0.0,0.6539701,0.0,0.0,0.42419076,0.28428513,0.2914859,0.103579044,0.6165222,0.42987823,0.54667145,0.12329582,0.0,0.277713,0.27264938,0.3565992,0.70220864,0.0,0.38935217,0.0,0.07692763,0.02786937,-0.64643633
-0.6163574,0.5051544,1.3432113,1.5139424,0.0,0.123024896,0.0,0.0,0.6358166,0.0,0.57388794,0.0,0.0,0.53519225,1.4090283,0.7418893,0.17266682,0.0,0.8922608,0.0,0.47628206,0.036431387,0.0,0.0,0.0,0.0,0.0,0.0,0.0,0.54443204,0.0,0.0,0.0,0.0,1.1169297,0.14998321,0.0,0.83816916,0.0,0.0,0.17927764,0.96512574,0.0,0.5556917,0.68572015,0.27928442,0.948408,0.0,0.66049707,0.0,0.0,0.33422768,0.52575505,0.5090102,0.35614988,0.92345273,0.8553462,0.8404213,0.0879332,0.0,0.22582725,0.16932392,0.15845564,0.5126885,0.0,0.6174651,0.0,0.15460883,0.48123604,-0.84903777
-1.7696568,-1.9252853,1.5271219,1.4042609,0.12198159,0.0,1.0493796,0.0,0.0,0.6863519,1.2275919,0.0,0.6435964,2.082882,1.2554748,1.8611828,0.0,0.0,1.0960959,0.68173146,0.0,1.5755742,0.0,0.0,0.0,0.0,0.0,0.0,0.0,0.37714303,0.51042175,0.0,0.23248176,0.0,2.3039804,0.8346276,0.0,0.60157514,0.0,0.0,0.35632968,1.6512477,0.0,0.31737465,0.83324105,0.14184624,1.6080682,0.0,0.46769407,0.0,0.0,0.0,0.3843199,0.21632974,1.5452391,2.2218492,0.9802908,1.0737779,0.8721985,0.0,0.3842035,0.29781815,0.0,0.0,0.0,0.4711964,0.0,-0.38456625,1.0857309,0.09532787
-2.0371804,-2.6524084,0.02082012,0.35490343,0.44781038,0.0,1.2141255,0.0,0.0,1.6738234,0.6821461,0.20530522,0.86707515,1.8376102,0.76825094,1.5823609,0.0,0.0,0.5731615,0.8796238,0.0,2.3684359,0.0,0.0,0.0,0.0,0.0,0.0,0.0,0.9180437,1.3278056,0.0,0.83572644,0.0,1.6417006,1.4820987,0.0,0.018503085,0.0,0.0,0.0,1.2461512,0.0,0.0,0.3502402,0.07575388,1.3114022,0.0,0.36136645,0.0,0.0,0.0,0.040587366,0.0,1.7725397,2.5403192,0.03574637,0.5961296,1.3650976,0.0,0.6992651,0.77863353,0.3512958,0.0,0.0,0.073800266,0.0,-0.8024696,0.4704066,1.1568753
-1.4008154,-0.83307195,0.7013135,0.9572923,0.0,0.0,0.5833046,0.0,0.0,0.5616643,0.62997746,0.0,0.28834885,1.0440837,1.2182169,1.0938678,0.0,0.0,0.75454926,0.28404063,0.0,1.1308676,0.0,0.0,0.0,0.0,0.0,0.0,0.0,0.8458115,0.481327,0.0,0.0029040128,0.0,1.2974402,0.6906163,0.0,0.51202095,0.0,0.0,0.0,1.0659628,0.0,0.31426856,0.51302344,0.07274413,0.93170905,0.0,0.54322636,0.0,0.0,0.02400989,0.39875287,0.0576818,0.99310076,1.5284986,0.5616591,0.6577209,0.59337294,0.0,0.36803043,0.30759996,0.20116991,0.108092554,0.0,0.26018798,0.0,-0.29434386,0.54871905,0.11484128
-1.1814598,-1.1541173,-0.84424883,0.0,0.032188505,0.0,0.43855017,0.102644354,0.0,1.3164132,0.0,0.3951159,0.5045856,0.54604256,0.59062326,0.5808747,0.0,0.0,0.15024257,0.36728638,0.0,1.5284595,0.0,0.0,0.0,0.0,0.18690929,0.0,0.0,1.2409892,1.1195987,0.0,0.4347105,0.0,0.41364563,1.0895921,0.0,0.0,0.0,0.0,0.0,0.4142755,0.0,0.0,0.027000826,0.0,0.49365884,0.0,0.4781096,0.0,0.0,0.0,0.08364822,0.0,0.9455857,1.4254227,0.0,0.0703565,0.96594566,0.0,0.5849035,0.73809844,0.6924803,0.0,0.0,0.0,0.0,-0.6143793,-0.11881666,0.86446357
0.21239892,0.7808094,0.75623226,1.2023776,0.0,0.27588814,0.0,0.3540488,0.89678764,0.0,0.055403113,0.0,0.14586723,0.12492761,0.893361,0.29253805,0.0114052,0.0,0.5568061,0.0,0.4022202,0.0,0.0,0.12443134,0.055508196,0.0,0.0,0.13764167,0.040347077,0.37429774,0.0,0.0,0.0,0.0,0.57321,0.055567183,0.0,0.68698525,0.0,0.0,0.0,0.55586505,0.0,0.39563385,0.50653267,0.30058044,0.6121697,0.0,0.4741462,0.0,0.0,0.3997219,0.1429317,0.32218647,0.023450265,0.5050295,0.4815797,0.6013044,0.040912017,0.009388998,0.36402416,0.28963825,0.2192384,0.58563966,0.0,0.4087354,0.0,0.2779424,0.12822886,-0.61223084
-0.22224545,1.0017693,1.1251621,1.4288037,0.0,0.32014793,0.0,0.22781417,0.9304353,0.0,0.3154594,0.0,0.0,0.14201057,1.3061328,0.41995484,0.29532358,0.0,0.76066196,0.0,0.6402455,0.0,0.0,0.17334467,0.0,0.0,0.0,0.0,0.15636545,0.5568942,0.0,0.0,0.0,0.0,0.747809,0.08316593,0.0,0.90320534,0.0,0.0,0.06847915,0.8313447,0.0,0.5061098,0.65502137,0.35509634,0.7736216,0.0,0.7137308,0.0,0.0,0.4268436,0.43046016,0.49749345,0.11647272,0.7159684,0.67533946,0.7976601,0.06605537,0.0,0.23530458,0.20826735,0.24020225,0.6749127,0.0,0.5963132,0.0,0.22383432,0.28625727,-0.92241395
-1.1421213,1.3982614,0.6863374,1.1054218,0.0,0.15922467,0.0,0.45465577,0.7476869,0.0,0.3106715,0.0,0.0,0.0,1.8440623,0.24492285,0.76456654,0.0,0.74399257,0.0,0.6795466,0.06253868,0.0,0.067562014,0.0,0.0,0.00019669533,0.0,0.72912836,1.4183913,0.0,0.0,0.0,0.0,0.35544083,0.2990471,0.0,1.1034117,0.0,0.0,0.0,0.78658,0.0,0.5111607,0.44144866,0.29445696,0.49797082,0.0,0.9189931,0.0,0.0,0.44779834,0.5445788,0.33918625,0.2315799,0.85715765,0.55552393,0.7092309,0.23668809,0.0,0.19182894,0.24242994,0.50457555,0.8363542,0.0,0.46084565,0.0,-0.07288112,0.07891998,-0.8354012
-0.422341,0.5091173,1.0806085,1.355263,0.0,0.116243795,0.0,0.028105915,0.6476226,0.0,0.40136084,0.0,0.04178232,0.4195817,1.2353835,0.6102555,0.0930374,0.0,0.7669265,0.0,0.3853817,0.0044471323,0.0,0.0,0.0,0.0,0.0,0.0,0.0,0.53612256,0.0,0.0,0.0,0.0,0.9333235,0.13113055,0.0,0.7385482,0.0,0.0,0.07863523,0.80065215,0.0,0.50117624,0.5848202,0.23877762,0.81752133,0.0,0.57644284,0.0,0.0,0.31478482,0.42110956,0.42250186,0.2659417,0.80945784,0.7149635,0.71262664,0.08080694,0.0,0.2700976,0.199088,0.17787501,0.48681748,0.0,0.5167186,0.0,0.17126901,0.35909528,-0.69760793
-1.1228905,0.29588062,-0.26583448,0.41409916,0.0,0.0,0.13918987,0.43179062,0.09881666,0.50292337,0.0,0.0,0.0,0.0,1.2082963,0.2723546,0.09824026,0.0,0.3754097,0.0,0.0,0.7472794,0.0,0.0,0.0,0.0,0.1844573,0.0,0.41982886,1.4388433,0.5142769,0.0,0.0,0.0,0.18957828,0.6422669,0.0,0.5361284,0.0,0.0,0.0,0.4481002,0.0,0.18961999,0.044887878,0.0,0.1065979,0.0,0.6870935,0.0,0.0,0.27406293,0.24592516,0.0,0.51092863,0.9072565,0.0,0.12382105,0.49196398,0.0,0.34445703,0.50389504,0.65405715,0.44525507,0.0,0.0134135075,0.0,-0.4624167,-0.25940025,0.12176995
1.0828094,-2.696173,-2.0887897,0.0,1.157188,0.0,0.0,0.31688341,0.0,1.997174,0.0,1.7283155,1.9886826,1.0070757,0.0,0.31931576,0.0,0.0,0.0,1.0489397,0.0,1.3999143,0.5900737,0.0,0.12929833,1.6832746,0.09746092,0.96274817,0.0,0.0,1.574685,0.0,1.0646665,0.34249496,0.10410485,1.9092542,0.0,0.0,0.0,0.0,0.0,0.0,0.0,0.0,0.0,0.032597817,1.6807035,0.0,0.0,0.0,0.0,0.0,0.0,0.0,0.6940487,1.1759355,0.0,0.5989091,1.7003161,0.0,1.5274282,1.7334137,1.7765499,0.0,0.0,0.085402146,0.0,-0.178429,-0.44339168,1.5316696
-1.353715,1.1432587,0.092456914,0.6866324,0.0,0.0,0.08433989,0.5818707,0.46461692,0.07104431,0.11997831,0.0,0.0,0.0,1.7220554,0.13939594,0.6502526,0.0,0.5542376,0.0,0.34658104,0.41221568,0.0,0.0,0.0,0.0,0.21272105,0.0,0.8233224,1.7058065,0.20188344,0.0,0.0,0.0,0.087679416,0.48106867,0.0,0.9511507,0.0,0.0,0.0,0.60135245,0.0,0.36750162,0.17239887,0.11498499,0.149452,0.0,0.9109578,0.0,0.0,0.3651332,0.39532864,0.0371036,0.35815102,0.8972332,0.23255204,0.3768943,0.4642831,0.0,0.19996044,0.37742937,0.651304,0.73984843,0.0,0.18471155,0.0,-0.3932492,-0.17038505,-0.35777217
0.57850313,-0.2143896,-0.50883347,0.33614916,0.0,0.0,0.0,0.5511359,0.34128752,0.4660588,0.0,0.41991255,0.71370596,0.17605634,0.021784186,0.10892767,0.0,0.0,0.02305895,0.16025026,0.0,0.21128121,0.13255493,0.0,0.030410618,0.4744947,0.0,0.6860963,0.0,0.3483386,0.42300093,0.0,0.0,0.0,0.13954142,0.5576614,0.0,0.0031352043,0.0,0.0,0.0,0.0,0.0,0.015780263,0.15888907,0.10768142,0.5254763,0.0,0.1122301,0.0,0.0,0.18545297,0.0,0.0,0.16450804,0.32576847,0.020330787,0.28431082,0.4963265,0.0,0.57252985,0.6176312,0.59655607,0.32002595,0.0,0.0,0.0,0.0628667,-0.22675267,0.36272007
-1.612436,2.616421,0.38494444,0.95371085,0.0,0.37555015,0.0,1.0022503,1.0828415,0.0,0.1613748,0.0,0.0,0.0,2.4515722,0.0,1.539295,0.0,0.72261286,0.0,1.16601,0.0,0.0,0.42636263,0.0,0.0,0.36519858,0.07746068,1.5882206,2.2189994,0.0,0.0,0.0,0.0,0.0,0.5208766,0.0,1.6810731,0.0,0.0,0.0,0.9738515,0.0,0.44852942,0.5010094,0.47320706,0.3148316,0.0,1.4476811,0.0,0.0,0.73969626,0.65540946,0.38133788,0.23191495,0.9759791,0.49502292,0.8443542,0.5005132,0.0,0.041264735,0.29711533,0.9175023,1.3463134,0.0,0.49784273,0.0,-0.30504498,-0.16589385,-1.2033632
0.11517473,-0.65431833,-0.23163018,0.45896506,0.03827548,0.0,0.0,0.20106213,0.061472923,0.60276735,0.0,0.30979517,0.7449158,0.5588557,0.19797054,0.44355613,0.0,0.0,0.1875947,0.29643896,0.0,0.5534424,0.0,0.0,0.0,0.2518044,0.0,0.14572005,0.0,0.371749,0.5145267,0.0,0.024341628,0.0,0.5278949,0.54670554,0.0,0.0,0.0,0.0,0.0,0.16813178,0.0,0.0,0.24471414,0.07277468,0.7223943,0.0,0.15008175,0.0,0.0,0.0036403537,0.0,0.0,0.48954347,0.69950026,0.17608601,0.2849963,0.49785048,0.0,0.5449843,0.5550101,0.3855511,0.008633137,0.0,0.031669334,0.0,-0.025807355,0.07358767,0.50858533
0.71746105,0.48585787,-0.04538146,0.6928317,0.0,0.14154069,0.0,0.6453274,0.7728708,0.0,0.0,0.10333979,0.45385107,0.0,0.30538392,0.014436007,0.0,0.046518028,0.18266046,0.0,0.0,0.0,0.07265313,0.0,0.10994996,0.2650653,0.0,0.7382097,0.0,0.3020492,0.039040744,0.14225417,0.0,0.0,0.14412329,0.25634587,0.0,0.3467933,0.0,0.0,0.0,0.046072528,0.0,0.30531296,0.28659844,0.20251037,0.36801273,0.0,0.15393463,0.0,0.0,0.3384571,0.0,0.0,0.0,0.16318898,0.19641514,0.41410634,0.21309334,0.08718394,0.5319391,0.4648898,0.3660285,0.5882031,0.0,0.07859525,0.0,0.20166716,-0.15607543,-0.10998146
-0.8421219,-0.7881691,0.48181522,0.85367405,0.0,0.0,0.306988,0.0,0.0,0.53032196,0.37722847,0.0,0.4662208,0.93482566,0.8666492,0.9097142,0.0,0.0,0.59085804,0.30019248,0.0,0.8975768,0.0,0.0,0.0,0.0,0.0,0.0,0.0,0.61354244,0.45092374,0.0,0.0,0.0,1.1030972,0.5774219,0.0,0.35889667,0.0,0.0,0.0,0.78664386,0.0,0.21655798,0.45830977,0.10477759,0.8737843,0.0,0.38512477,0.0,0.0,0.0038938671,0.25890768,0.0,0.8148649,1.2366713,0.50581545,0.5300529,0.49116367,0.0,0.41572744,0.38294312,0.1942788,0.036959082,0.0,0.19376998,0.0,-0.15769345,0.44578165,0.21265902
0.1609868,-0.24015345,-1.4711149,0.0,0.0,0.0,0.0,0.8998989,0.029162854,0.97961724,0.0,0.7250978,0.57446694,0.0,2.3126602e-05,0.0,0.0,0.0,0.0,0.109566085,0.0,0.6487248,0.2788573,0.0,0.0,0.5660363,0.3720629,1.0113786,0.17412224,0.98441195,0.87864566,0.0,0.1468652,0.0,0.0,1.0727217,0.0,0.0,0.0,0.0,0.0,0.0,0.0,0.0,0.0,0.009280048,0.22946623,0.0,0.32924178,0.0,0.0,0.32780415,0.0,0.0,0.39446613,0.4915073,0.0,0.048151586,0.9058581,0.0,0.5940916,0.9365819,1.1346071,0.44912267,0.0,0.0,0.0,-0.27375585,-0.64132947,0.5630973
1.7876661,0.35303178,-0.4001849,0.5235098,0.0,0.26503927,0.0,0.8806851,0.9704912,0.0,0.0,0.50383776,0.89173347,0.0,0.0,0.0,0.0,0.64387286,0.0,0.04260361,0.0,0.0,0.4434541,0.12960789,0.4471385,0.91912436,0.0,1.4250548,0.0,0.0,0.011457413,0.6947433,0.0,0.35025698,0.0,0.6189651,0.0,0.0,0.0,0.0,0.0,0.0,0.0,0.08179231,0.4678735,0.29335833,0.6426097,0.0,0.0,0.0,0.0,0.5979414,0.0,0.0,0.0,0.0,0.15550052,0.78809416,0.2810396,0.0,1.0016382,0.57702994,0.8494922,0.6454897,0.0,0.02671081,0.0,0.5295171,-0.25510174,0.053752616
-0.778546,-1.2909173,0.695156,0.96580803,0.08735868,0.0,0.40453535,0.0,0.0,0.61460006,0.5141336,0.0,0.71215713,1.3447495,0.71130353,1.1637942,0.0,0.0,0.65189147,0.49443707,0.0,1.0305735,0.0,0.0,0.0,0.0,0.0,0.0,0.0,0.32539913,0.48541695,0.0,0.114604935,0.0,1.4442277,0.62135375,0.0,0.30939817,0.0,0.0,0.02967967,0.9158819,0.0,0.16596884,0.5606632,0.14858776,1.1449901,0.0,0.2778201,0.0,0.0,0.0,0.17629927,0.0,0.9967608,1.4365873,0.6278878,0.6427794,0.588701,0.0,0.45965052,0.43107855,0.06429555,0.0,0.0,0.24635759,0.0,-0.12288724,0.6106049,0.29602712
-1.803232,1.2016044,1.2524477,1.4194704,0.0,0.06312129,0.36032367,0.05137855,0.56752676,0.0,0.7669027,0.0,0.0,0.024321139,2.2884302,0.632741,0.9131043,0.0,1.0478134,0.0,0.7844156,0.32714447,0.0,0.0,0.0,0.0,0.0,0.0,0.6191373,1.5216627,0.0,0.0,0.0,0.0,0.84311,0.34745243,0.0,1.177424,0.0,0.0,0.20891802,1.1901186,0.0,0.74463195,0.66780853,0.23534878,0.77046484,0.0,1.042865,0.0,0.0,0.35002834,0.9137348,0.49724394,0.43348992,1.2907298,0.81914824,0.97770983,0.31555825,0.0,0.105046086,0.18622571,0.39891708,0.77852654,0.0,0.5852668,0.0,-0.19504562,0.42380315,-1.0156653
-1.5716121,0.58189416,-0.2152062,0.43539947,0.0,0.0,0.28123754,0.4655268,0.098424554,0.4612339,0.09663032,0.0,0.0,0.0,1.5703049,0.2556596,0.39679864,0.0,0.4656977,0.0,0.0,0.8274433,0.0,0.0,0.0,0.0,0.27238616,0.0,0.66948587,1.7809649,0.50478965,0.0,0.0,0.0,0.13182509,0.7382991,0.0,0.729332,0.0,0.0,0.0,0.55298746,0.0,0.25025067,0.053407814,0.0,0.06748922,0.0,0.84917617,0.0,0.0,0.28090292,0.38411152,0.0,0.5711724,1.0841355,0.020021856,0.19450033,0.6353394,0.0,0.2901129,0.50087464,0.7383552,0.5590424,0.0,0.022747912,0.0,-0.610459,-0.26427716,0.045858756
0.14371616,-0.9346119,1.8115109,1.7801852,0.05729282,0.0,0.0,0.0,0.32130867,0.0,0.7485299,0.0,0.8844663,1.6632395,0.6058477,1.3283106,0.0,0.0,0.9279382,0.46536976,0.0,0.17573294,0.0,0.0,0.3957724,0.0,0.0,0.0,0.0,0.0,0.0,0.0,0.0,0.21377866,1.9666432,0.11195278,0.0,0.5301847,0.0,0.0,0.3026654,1.0078915,0.0,0.38531628,1.094205,0.3831076,1.5560018,0.0,0.17205876,0.0,0.0,0.096418396,0.23177698,0.4289242,0.761846,1.1049464,1.2184408,1.0209161,0.14223051,0.0,0.6294597,0.20336251,0.0,0.0,0.0,0.4866704,0.0,0.44346347,0.98325837,-0.41590166
-0.021639895,-0.71625245,-1.167178,0.0,0.08501908,0.0,0.0,0.5597683,0.0,1.0628195,0.0,0.67202926,0.7214224,0.16667196,0.014144003,0.12549542,0.0,0.0,0.0,0.27959737,0.0,0.8662348,0.13107727,0.0,0.0,0.47908372,0.21141416,0.5831817,0.0,0.8161589,0.91701984,0.0,0.260894,0.0,0.0,0.993446,0.0,0.0,0.0,0.0,0.0,0.0,0.0,0.0,0.0,0.0208048,0.43165928,0.0,0.23609391,0.0,0.0,0.077859804,0.0,0.0,0.5037045,0.663215,0.0,0.07716322,0.8756411,0.0,0.65137786,0.87152237,0.91964084,0.12471036,0.0,0.0,0.0,-0.28425896,-0.3917278,0.7375956
0.006674593,-0.27541244,-1.1484628,0.0,0.0,0.0,0.0,0.72841716,0.026576608,0.88221174,0.0,0.570259,0.5361342,0.0,0.15601358,0.0,0.0,0.0,0.0,0.12174703,0.0,0.6608984,0.15074976,0.0,0.0,0.40065515,0.26787356,0.74038446,0.09708274,0.9341581,0.79171336,0.0,0.10094415,0.0,0.0,0.92140096,0.0,0.0,0.0,0.0,0.0,0.0,0.0,0.0,0.0,0.011337958,0.24408722,0.0,0.3204368,0.0,0.0,0.2408371,0.0,0.0,0.39567283,0.5237532,0.0,0.055142704,0.7702984,0.0,0.5580952,0.819706,0.9424134,0.3508123,0.0,0.0,0.0,-0.25467893,-0.50947636,0.5408267
1.9414883,-0.18341021,-0.44266275,0.47212243,0.19696248,0.12479554,0.0,0.70776224,0.77491874,0.15592875,0.0,0.67560077,1.1839904,0.23199266,0.0,0.0,0.0,0.5585947,0.0,0.24736013,0.0,0.0,0.47425324,0.0,0.5444138,1.1121744,0.0,1.3386674,0.0,0.0,0.13661088,0.6307124,0.0,0.4751352,0.08797231,0.71149534,0.0,0.0,0.0,0.0,0.0,0.0,0.0,0.0,0.47197562,0.25137508,0.9013246,0.0,0.0,0.0,0.0,0.40523797,0.0,0.0,0.0,0.0,0.11538677,0.84542304,0.3711735,0.0,1.1656523,0.65220374,0.9491718,0.4035836,0.0,0.01044227,0.0,0.5644903,-0.16457953,0.26980233
-1.526821,-0.515269,0.35849178,0.7446101,0.0,0.0,0.5443155,0.0,0.0,0.616397,0.46994653,0.0,0.10189229,0.6874442,1.3111854,0.865852,0.0,0.0,0.65263355,0.14858428,0.0,1.1368642,0.0,0.0,0.0,0.0,0.0,0.0,0.0,1.1645646,0.5557499,0.0,0.0,0.0,0.9520526,0.7473473,0.0,0.49503368,0.0,0.0,0.0,0.9364877,0.0,0.33279043,0.3722886,0.028753065,0.67484987,0.0,0.6226032,0.0,0.0,0.0646867,0.4258049,0.0,0.88592464,1.4320834,0.3419096,0.5155318,0.57802486,0.0,0.37238604,0.33349878,0.365641,0.18512729,0.0,0.17651118,0.0,-0.40199977,0.3346249,0.15797089
-0.25814083,-2.351904,0.3447875,0.7042631,0.6413131,0.0,0.37712717,0.0,0.0,1.0665965,0.3322225,0.3841126,1.3662521,1.8580768,0.0,1.3336507,0.0,0.0,0.42923662,0.90621877,0.0,1.316644,0.0,0.0,0.085301146,0.22983874,0.0,0.0,0.0,0.0,0.7956873,0.0,0.5196592,0.10580118,1.6216577,0.9261932,0.0,0.0,0.0,0.0,0.0,0.7185068,0.0,0.0,0.54103357,0.1598718,1.587778,0.0,0.0,0.0,0.0,0.0,0.0,0.0,1.2256117,1.6361581,0.36612692,0.61053586,0.896941,0.0,0.86717045,0.77958375,0.16547824,0.0,0.0,0.16234381,0.0,-0.124543026,0.51790404,0.8428743
0.80863374,-0.5161446,0.53883666,1.0180146,0.07276511,0.0,0.0,0.013496757,0.47014582,0.07609679,0.0,0.1149807,0.931803,0.8471235,0.056112587,0.5874553,0.0,0.0,0.36792663,0.3196111,0.0,0.0,0.0,0.0,0.35083544,0.3303172,0.0,0.105188064,0.0,0.0,0.052977517,0.0,0.0,0.23998119,0.9292946,0.10564965,0.0,0.07995568,0.0,0.0,0.0,0.27307433,0.0,0.19499864,0.6724672,0.21551542,1.0174528,0.0,0.0,0.0,0.0,0.06949329,0.0,0.13740334,0.24163769,0.5451541,0.54869676,0.6290467,0.15488824,0.0,0.68483835,0.32095698,0.07126715,0.02310273,0.0,0.13844964,0.0,0.46746808,0.44079918,0.0668308
-0.9177663,-0.6627426,-0.77819455,0.03202015,0.0,0.0,0.21820462,0.3007122,0.0,1.049428,0.0,0.3127482,0.38057727,0.28114742,0.6309905,0.38984263,0.0,0.0,0.14228655,0.20917499,0.0,1.1783237,0.0,0.0,0.0,0.0,0.20032689,0.0,0.009376764,1.2142682,0.9194032,0.0,0.22821082,0.0,0.2387873,0.9027862,0.0,0.04818873,0.0,0.0,0.0,0.32574946,0.0,0.0,0.0097546065,0.009745657,0.34221464,0.0,0.49906743,0.0,0.0,0.04580441,0.094081864,0.0,0.73530465,1.088072,0.0,0.019301912,0.7606141,0.0,0.50675833,0.66849434,0.6771515,0.06824435,0.0,0.0,0.0,-0.49710786,-0.19350745,0.66544884
-0.8470572,-0.65438825,0.56905353,0.91886926,0.0,0.0,0.2865526,0.0,0.0,0.44248217,0.40412858,0.0,0.40539658,0.891706,0.93803275,0.8958539,0.0,0.0,0.6256008,0.25392506,0.0,0.8224157,0.0,0.0,0.0,0.0,0.0,0.0,0.0,0.62419015,0.383914,0.0,0.0,0.0,1.1050158,0.5378545,0.0,0.4095822,0.0,0.0,0.0,0.80165565,0.0,0.2542213,0.4663302,0.0939271,0.85043633,0.0,0.39443648,0.0,0.0,0.0390276,0.28610402,0.0001741536,0.77258956,1.1981403,0.545133,0.54475343,0.454957,0.0,0.39825428,0.36655313,0.18586737,0.07557291,0.0,0.22135265,0.0,-0.13168633,0.4399022,0.13086058
1.4108884,0.40119335,-0.5035839,0.43380654,0.0,0.17844127,0.0,0.89607894,0.8597915,0.066271335,0.0,0.45457265,0.7363725,0.0,0.0,0.0,0.0,0.4551196,0.0,0.0,0.0,0.0,0.37394565,0.04979363,0.2829948,0.75733584,0.0,1.3123915,0.0,0.044188797,0.10897137,0.5431601,0.0,0.20005299,0.0,0.5930848,0.0,0.0,0.0,0.0,0.0,0.0,0.0,0.09124816,0.31533092,0.23462187,0.5229897,0.0,0.0,0.0,0.0,0.5298203,0.0,0.0,0.0,0.0,0.09651965,0.59715724,0.3347354,0.021241002,0.81858766,0.5974349,0.76726276,0.6542764,0.0,0.017241698,0.0,0.37956947,-0.32627353,0.08660433
-0.078670286,-0.7426572,0.50757426,0.92421484,0.0014223456,0.0,0.0,0.0,0.10005733,0.35090172,0.18392602,0.0,0.7171328,0.9436079,0.46378738,0.7893914,0.0,0.0,0.4863149,0.3383777,0.0,0.5084828,0.0,0.0,0.037357494,0.0,0.0,0.0,0.0,0.15800515,0.28766602,0.0,0.0,0.0,1.0553088,0.33698255,0.0,0.244117,0.0,0.0,0.0,0.5394203,0.0,0.1512237,0.4929352,0.17156936,0.9311752,0.0,0.1706029,0.0,0.0,0.0047897995,0.09569326,0.0,0.5911827,0.8908859,0.5979954,0.48824617,0.32596612,0.0,0.459675,0.41984847,0.07176139,0.0,0.0,0.19541466,0.0,0.11035438,0.43615633,0.17447615
-2.0574136,1.1190684,-0.5819596,0.19694301,0.0,0.0,0.35344672,0.77178216,0.120126456,0.51455736,0.0,0.0,0.0,0.0,1.9336331,0.0,0.80878294,0.0,0.4123752,0.0,0.098087326,0.91721517,0.0,0.0,0.0,0.0,0.5598126,0.0,1.187741,2.3971667,0.59907126,0.0,0.0,0.0,0.0,0.9319453,0.0,0.9809522,0.0,0.0,0.0,0.5531928,0.0,0.21045732,0.0,0.0,0.0,0.0,1.1346867,0.0,0.0,0.3801273,0.44219112,0.0,0.66584,1.2534307,0.0,0.14282165,0.86847764,0.0,0.18542597,0.5861378,0.9886361,0.81107104,0.0,0.0,0.0,-0.8432466,-0.43435505,-0.006418258
0.9162265,0.46533278,0.514357,1.0710502,0.0,0.28509635,0.0,0.42292827,0.9257457,0.0,0.0,0.0,0.5349294,0.2329804,0.3302868,0.20806107,0.0,0.10103023,0.35765582,0.0,0.16266893,0.0,0.0,0.11525899,0.29634595,0.19732036,0.0,0.51465464,0.0,0.0,0.0,0.12942225,0.0,0.13549016,0.5037112,0.08326058,0.0,0.39728165,0.0,0.0,0.0,0.2623743,0.0,0.35181108,0.6023092,0.3340569,0.66117495,0.0,0.1990545,0.0,0.0,0.3879764,0.0,0.21382003,0.0,0.24951197,0.4580743,0.67210263,0.050575227,0.008171782,0.57702225,0.35392746,0.19766602,0.52409476,0.0,0.24380088,0.0,0.46944067,0.12169197,-0.39506632
2.11798,0.19704612,-0.5212052,0.45646483,0.07670373,0.26548272,0.0,0.91311014,0.97925293,0.011456728,0.0,0.658237,1.0778198,0.0,0.0,0.0,0.0,0.7914442,0.0,0.118864596,0.0,0.0,0.5564804,0.12088549,0.5593991,1.1470472,0.0,1.6034575,0.0,0.0,0.036818802,0.8358823,0.0,0.4737162,0.0,0.7552605,0.0,0.0,0.0,0.0,0.0,0.0,0.0,0.016564183,0.5123477,0.3022049,0.77815926,0.0,0.0,0.0,0.0,0.6252598,0.0,0.0,0.0,0.0,0.12091792,0.91284645,0.32287717,0.0,1.1846198,0.63930976,1.0331266,0.6063257,0.0,0.0143322535,0.0,0.5979303,-0.26373583,0.14183189
0.2853798,0.95015985,-0.070891544,0.6766591,0.0,0.18619572,0.0,0.78375006,0.8412654,0.0,0.0,0.0,0.09461573,0.0,0.7005344,0.0,0.014851391,0.0,0.24524176,0.0,0.19289367,0.0,0.0,0.08980289,0.0,0.0,0.013738282,0.6991347,0.3604736,0.72295326,0.010236025,0.063244075,0.0,0.0,0.0,0.28921127,0.0,0.6347044,0.0,0.0,0.0,0.2344638,0.0,0.3234726,0.2052705,0.24303927,0.16520914,0.0,0.41465488,0.0,0.0,0.44534802,0.0,0.027176246,0.0,0.3071519,0.15824011,0.3577314,0.21370456,0.07648881,0.40506023,0.37793452,0.4637178,0.7948116,0.0,0.11748588,0.0,0.028925054,-0.2543404,-0.32017857
-1.0352255,1.540552,0.7879379,1.1879953,0.0,0.24569501,0.0,0.48058867,0.8602904,0.0,0.31394225,0.0,0.0,0.0,1.8597734,0.2168566,0.8142345,0.0,0.7673308,0.0,0.78436506,0.0,0.0,0.16600078,0.0,0.0,0.0,0.0,0.7481733,1.3585837,0.0,0.0,0.0,0.0,0.3564707,0.2779399,0.0,1.1775271,0.0,0.0,0.0023317635,0.83523065,0.0,0.51843303,0.5136568,0.3556177,0.55260307,0.0,0.96532154,0.0,0.0,0.48898372,0.56525004,0.40335107,0.18637444,0.8371111,0.5926574,0.78713375,0.22234781,0.0,0.18442497,0.2292104,0.5107129,0.8895293,0.0,0.5293856,0.0,-0.016795695,0.10231358,-0.9560833
0.5928135,-0.17725831,-1.4278657,0.0,0.0,0.0,0.0,0.9608239,0.19376107,0.85151875,0.0,0.78505194,0.6999951,0.0,0.0,0.0,0.0,0.0,0.0,0.11855381,0.0,0.40606475,0.38323808,0.0,0.0,0.75093293,0.30481952,1.2240704,0.08719704,0.72706246,0.7657203,0.15715298,0.081369355,0.0,0.0,1.0606081,0.0,0.0,0.0,0.0,0.0,0.0,0.0,0.0,0.0,0.04229532,0.36346346,0.0,0.18564248,0.0,0.0,0.3711943,0.0,0.0,0.25834924,0.3220484,0.0,0.16491765,0.8695731,0.0,0.6591175,0.9365026,1.1589818,0.5201349,0.0,0.0,0.0,-0.12472518,-0.6419584,0.51198155
1.2774253,0.19425777,0.8873805,1.3220968,0.0,0.3509699,0.0,0.20266151,0.9838916,0.0,0.0,0.0,0.78424335,0.58225024,0.13022977,0.39580268,0.0,0.18262047,0.43602198,0.105245695,0.1619014,0.0,0.0,0.13814273,0.5285387,0.3141064,0.0,0.3899241,0.0,0.0,0.0,0.16203246,0.0,0.3429051,0.83538204,0.048967212,0.0,0.30493903,0.0,0.0,0.0,0.3278171,0.0,0.3664093,0.91598433,0.41850752,0.95583165,0.0,0.14853995,0.0,0.0,0.33633068,0.0,0.36342323,0.0,0.36231226,0.62373435,0.89790094,0.0,0.0,0.7676801,0.24492797,0.11978476,0.34467536,0.0,0.24520707,0.0,0.6917105,0.39428288,-0.41931814
0.11194819,0.42816886,-0.18058246,0.5604183,0.0,0.0,0.0,0.6037791,0.5417379,0.17143612,0.0,0.042395942,0.26412502,0.0,0.58815163,0.07339156,0.0,0.0,0.22318222,0.0,0.0,0.08268647,0.0,0.0,0.0,0.022262437,0.0,0.49261665,0.15732434,0.7032294,0.21836877,0.0,0.0,0.0,0.11644989,0.34836644,0.0,0.42192036,0.0,0.0,0.0,0.14495991,0.0,0.2665626,0.1455518,0.13740529,0.24118952,0.0,0.3355021,0.0,0.0,0.3070045,0.0,0.0,0.11425084,0.39914328,0.10954794,0.22750911,0.26048127,0.07185085,0.4555595,0.48729777,0.45352444,0.5446924,0.0,0.07113732,0.0,-0.028115574,-0.23212123,-0.028749578
2.2447398,-1.5824488,-2.5798774,0.0,0.9393568,0.0,0.0,1.111572,0.0,1.5610305,0.0,1.9198021,1.9062903,0.13353737,0.0,0.0,0.0,0.46773827,0.0,0.7100772,0.0,0.48911953,1.0701025,0.0,0.35980457,2.1782203,0.28784347,2.2065437,0.0,0.0,1.2636725,0.7934911,0.69184947,0.53345126,0.0,2.092576,0.0,0.0,0.0,0.0,0.0,0.0,0.0,0.0,0.0,0.031791158,1.4250802,0.0,0.0,0.0,0.0,0.3670445,0.0,0.0,0.15806924,0.2549727,0.0,0.7700648,1.4309745,0.0,1.8264177,1.9259272,2.3506413,0.18644261,0.0,0.0,0.0,0.24974497,-0.865366,1.2550268
1.3384393,-0.54495096,-2.1927607,0.0,0.32083276,0.0,0.0,1.2383271,0.116862,1.1781194,0.0,1.3353775,1.1257101,0.0,0.0,0.0,0.0,0.2584474,0.0,0.2807515,0.0,0.38815498,0.7691015,0.0,0.007202022,1.416566,0.42939106,1.8984476,0.0,0.47140616,1.0168288,0.5631025,0.3174702,0.11459018,0.0,1.6391037,0.0,0.0,0.0,0.0,0.0,0.0,0.0,0.0,0.0,0.012306459,0.72592616,0.0,0.0,0.0,0.0,0.47703627,0.0,0.0,0.213335,0.2313337,0.0,0.3676768,1.1883456,0.0,1.110027,1.4598391,1.8061863,0.5460662,0.0,0.0,0.0,0.012070533,-0.89474314,0.8086833
0.8929981,0.8816484,-0.3964786,0.49972248,0.0,0.23476197,0.0,0.9732132,0.9337815,0.0,0.0,0.19217768,0.3398531,0.0,0.25533846,0.0,0.0,0.30905282,0.033599496,0.0,0.043998644,0.0,0.22802757,0.14985031,0.069101065,0.3785401,0.03941884,1.1614616,0.26991466,0.46783674,0.04074639,0.40194985,0.0,0.0,0.0,0.52250093,0.0,0.37540317,0.0,0.0,0.0,0.004448997,0.0,0.21848506,0.23633038,0.24466653,0.24944302,0.0,0.20536956,0.0,0.0,0.5463486,0.0,0.0,0.0,0.044855244,0.097689375,0.4420571,0.31745017,0.111592226,0.59682566,0.5084672,0.65155727,0.83134025,0.0,0.016039582,0.0,0.15851113,-0.38855815,-0.12953347
0.8798498,0.8668201,-0.06844525,0.7125716,0.0,0.28990716,0.0,0.8253442,0.98334503,0.0,0.0,0.060498025,0.3425907,0.0,0.34116304,0.0,0.0,0.26639247,0.15558434,0.0,0.15243052,0.0,0.13637595,0.18899953,0.13068636,0.2762642,0.0,0.96488583,0.16701269,0.3369897,0.0,0.33033577,0.0,0.0,0.0,0.36104828,0.0,0.44251567,0.0,0.0,0.0,0.113184646,0.0,0.27748317,0.34620008,0.32100636,0.33389848,0.0,0.2473622,0.0,0.0,0.49655896,0.0,0.018943794,0.0,0.073468655,0.18450154,0.5367374,0.19067143,0.09619959,0.5803511,0.435858,0.51124346,0.7670871,0.0,0.12406384,0.0,0.25049397,-0.22459912,-0.26183122
0.11728423,1.0533924,-0.03604787,0.69478196,0.0,0.1882279,0.0,0.7880577,0.842316,0.0,0.0,0.0,0.0,0.0,0.8388388,0.0,0.12583223,0.0,0.28482503,0.0,0.25557965,0.0,0.0,0.10026878,0.0,0.0,0.04014965,0.63172984,0.44715014,0.84336513,0.0015518367,0.0029422045,0.0,0.0,0.0,0.29781127,0.0,0.70521533,0.0,0.0,0.0,0.29522362,0.0,0.322567,0.2106851,0.24859773,0.15596953,0.0,0.51259625,0.0,0.0,0.47608978,0.0,0.06910605,0.021708913,0.3647005,0.17368712,0.37765613,0.22989762,0.041975327,0.3501529,0.3537393,0.50498736,0.8467222,0.0,0.14909089,0.0,-0.002236694,-0.263437,-0.39580584
-0.47881207,-0.2724839,0.5718101,0.96926653,0.0,0.0,0.038577974,0.0,0.19697842,0.22396427,0.26697713,0.0,0.3668613,0.6690923,0.8660686,0.7042941,0.0,0.0,0.57708234,0.14103071,0.0,0.48399282,0.0,0.0,0.0,0.0,0.0,0.0,0.0,0.5249245,0.2167773,0.0,0.0,0.0,0.9278041,0.35030544,0.0,0.43197244,0.0,0.0,0.0,0.63065934,0.0,0.30988398,0.43761334,0.1120663,0.7491106,0.0,0.34862605,0.0,0.0,0.11415407,0.23846507,0.057415523,0.5123466,0.910643,0.564976,0.48918852,0.29864883,0.0,0.39196151,0.3553698,0.17519264,0.1625326,0.0,0.24241288,0.0,0.017310102,0.33029073,-0.04375589
0.14736135,-1.709846,-1.9668014,0.0,0.56761944,0.0,0.0,0.5333151,0.0,1.7554579,0.0,1.2562337,1.2197617,0.4222191,0.0,0.15019652,0.0,0.0,0.0,0.62775683,0.0,1.3973017,0.3502285,0.0,0.0,0.9973195,0.33428958,0.7717042,0.0,0.7193328,1.4487237,0.0,0.7682795,0.0,0.0,1.5703036,0.0,0.0,0.0,0.0,0.0,0.0,0.0,0.0,0.0,0.0,0.8775714,0.0,0.096896976,0.0,0.0,0.0,0.0,0.0,0.71991354,1.0481676,0.0,0.19247901,1.4306931,0.0,1.0299717,1.4260104,1.4464686,0.0,0.0,0.0,0.0,-0.38926825,-0.5068214,1.251239
-1.8201237,-0.36629757,0.03190424,0.52076924,0.0,0.0,0.61828417,0.0,0.0,0.7609815,0.37978438,0.0,0.0,0.43701485,1.4429264,0.729923,0.0,0.0,0.5792403,0.06327229,0.0,1.2904873,0.0,0.0,0.0,0.0,0.07001216,0.0,0.15020159,1.5227854,0.69815665,0.0,0.0194657,0.0,0.6965973,0.87084347,0.0,0.49680173,0.0,0.0,0.0,0.87777704,0.0,0.3315348,0.237199,0.0,0.4525336,0.0,0.75695324,0.0,0.0,0.09323451,0.46416897,0.0,0.8792842,1.4933654,0.13175291,0.39726767,0.67273515,0.0,0.3527256,0.37506944,0.5453716,0.26331887,0.0,0.07678818,0.0,-0.5953356,0.14415938,0.23395942
-1.1538334,0.7374624,0.37308684,0.85798556,0.0,0.0,0.104812086,0.3278037,0.39885032,0.06223157,0.24157327,0.0,0.0,0.0,1.5415701,0.36414033,0.392319,0.0,0.62092906,0.0,0.24799408,0.42315108,0.0,0.0,0.0,0.0,0.017750673,0.0,0.4723924,1.3394818,0.16028786,0.0,0.0,0.0,0.42444718,0.38607973,0.0,0.79517597,0.0,0.0,0.0,0.6657413,0.0,0.44570324,0.28568837,0.098951876,0.3487352,0.0,0.7186216,0.0,0.0,0.31494898,0.41531855,0.112761214,0.36446223,0.89050126,0.37146676,0.45032182,0.3275475,0.0,0.26672816,0.33867562,0.45813018,0.5780273,0.0,0.24210325,0.0,-0.21441488,0.015564036,-0.36564374
0.32265297,-0.112227164,-0.29396963,0.46616578,0.0,0.0,0.0,0.46686006,0.34850836,0.38391253,0.0,0.2557261,0.5781472,0.20230758,0.25449562,0.19310394,0.0,0.0,0.14179017,0.11181957,0.0,0.23889147,0.011926845,0.0,0.0,0.2651415,0.0,0.47315058,0.0,0.4477315,0.36136043,0.0,0.0,0.0,0.25228795,0.45857507,0.0,0.14441176,0.0,0.0,0.0,0.052981608,0.0,0.10872345,0.19386216,0.10233438,0.4919662,0.0,0.19598703,0.0,0.0,0.1783427,0.0,0.0,0.22028841,0.43648726,0.105881095,0.27493122,0.39366734,0.0,0.5227292,0.5492498,0.4647091,0.31719327,0.0,0.03298575,0.0,0.032412,-0.13882603,0.25053632
0.82633615,-0.8536117,-0.026992043,0.62764305,0.24394926,0.0,0.0,0.12539965,0.22489735,0.4480093,0.0,0.42360753,1.086221,0.79864323,0.0,0.48828965,0.0,0.0,0.15276341,0.42571008,0.0,0.25102255,0.04399611,0.0,0.275833,0.5756117,0.0,0.31525508,0.0,0.0,0.35455275,0.0,0.0,0.2289115,0.69985545,0.4519105,0.0,0.0,0.0,0.0,0.0,0.113680884,0.0,0.0,0.48199353,0.14963005,1.0843667,0.0,0.0,0.0,0.0,0.0,0.0,0.0,0.34725818,0.56995344,0.29382718,0.56043077,0.41911125,0.0,0.78237784,0.5390563,0.38874176,0.0,0.0,0.07972399,0.0,0.2961351,0.24549627,0.45206368
-0.8774881,-0.3191638,-0.11968348,0.4872859,0.0,0.0,0.17486465,0.15889563,0.0,0.62316597,0.057454318,0.0,0.24426839,0.36996037,0.89560807,0.5139015,0.0,0.0,0.38280433,0.10789155,0.0,0.857303,0.0,0.0,0.0,0.0,0.0013011172,0.0,0.0,1.0322952,0.56971645,0.0,0.0,0.0,0.52235633,0.6465741,0.0,0.31343037,0.0,0.0,0.0,0.5120974,0.0,0.17969719,0.20879343,0.058884457,0.45540005,0.0,0.46199724,0.0,0.0,0.091053054,0.22228852,0.0,0.6259696,0.99391586,0.1276423,0.25665158,0.4438192,0.0,0.44739103,0.47377867,0.4478094,0.15473631,0.0,0.05210592,0.0,-0.29492295,0.044503357,0.28923
0.5741708,1.2289691,0.6319817,1.1734109,0.0,0.4689378,0.0,0.6290244,1.1777474,0.0,0.0,0.0,0.07534608,0.0,0.8155922,0.029072076,0.12572935,0.14718151,0.46371114,0.0,0.57573915,0.0,0.0,0.3747037,0.12372759,0.0,0.0,0.54409564,0.2271322,0.3522445,0.0,0.14979327,0.0,0.0,0.28678077,0.13825947,0.0,0.7901864,0.0,0.0,0.0,0.50713974,0.0,0.39124423,0.581956,0.44365907,0.5048211,0.0,0.5468966,0.0,0.0,0.5579103,0.0,0.35099155,0.0,0.29862702,0.4183937,0.73951566,0.052856714,0.024326928,0.4311815,0.3096301,0.3801248,0.84339714,0.0,0.40495163,0.0,0.3447342,-0.007840369,-0.75483334
-0.81215787,-1.2347726,1.8543249,1.7256517,0.0,0.0,0.49489313,0.0,0.0,0.09253085,1.0518545,0.0,0.6782845,1.8367026,1.0450631,1.5955961,0.0,0.0,1.082662,0.50845,0.0,0.7485261,0.0,0.0,0.0783616,0.0,0.0,0.0,0.0,0.0,0.029679462,0.0,0.0,0.0,2.17508,0.3433321,0.0,0.6690696,0.0,0.0,0.4180827,1.3577012,0.0,0.36715412,0.9409762,0.19406308,1.5366385,0.0,0.29567844,0.0,0.0,0.027724542,0.36601233,0.3524481,1.0802456,1.5334207,1.2716469,1.0617148,0.44575286,0.0,0.3527484,0.1914519,0.0,0.0,0.0,0.53530604,0.0,0.05222642,1.0629123,-0.32988214
0.79960877,-0.2200845,-0.12223726,0.60348845,0.0,0.0,0.0,0.4114866,0.47566533,0.2552586,0.0,0.31228492,0.79570216,0.36288196,0.0,0.22710125,0.0,0.0,0.13146126,0.19022244,0.0,0.016939312,0.08717489,0.0,0.18935408,0.46685648,0.0,0.5764111,0.0,0.055464208,0.23414952,0.0031405091,0.0,0.11876197,0.37938604,0.33203763,0.0,0.023752525,0.0,0.0,0.0,0.0,0.0,0.08681926,0.3549513,0.16411184,0.6999173,0.0,0.038605366,0.0,0.0,0.20308788,0.0,0.0,0.10102782,0.29129818,0.22836006,0.44463333,0.33658987,0.0,0.60926855,0.50730634,0.4043024,0.28664014,0.0,0.052615974,0.0,0.28639108,-0.014561418,0.19916226
-0.8382723,-1.1145622,0.22564511,0.66571414,0.026717722,0.0,0.35723537,0.0,0.0,0.76521814,0.29374623,0.027623849,0.6115993,1.0200294,0.6860043,0.92804146,0.0,0.0,0.4914428,0.4111188,0.0,1.0951028,0.0,0.0,0.0,0.0,0.0,0.0,0.0,0.6101928,0.63266265,0.0,0.16032459,0.0,1.0708015,0.7095022,0.0,0.21548058,0.0,0.0,0.0,0.7254383,0.0,0.11983563,0.3945661,0.11392349,0.8888343,0.0,0.33108428,0.0,0.0,0.0,0.16067895,0.0,0.9134289,1.3497006,0.36176848,0.46522263,0.61870354,0.0,0.48027867,0.48721987,0.23954004,0.0,0.0,0.11303779,0.0,-0.24418573,0.3755542,0.4407099
1.5470712,-0.25809714,-0.51223433,0.39563417,0.15728444,0.0029209405,0.0,0.6582148,0.6115675,0.29261774,0.0,0.6368842,1.0769018,0.2334646,0.0,0.0,0.0,0.31623948,0.0,0.24447058,0.0,0.0,0.3862725,0.0,0.39165306,0.9557368,0.0,1.1553375,0.0,0.0,0.25577676,0.43052486,0.0,0.3400944,0.09719044,0.66487885,0.0,0.0,0.0,0.0,0.0,0.0,0.0,0.0,0.34009087,0.18836097,0.8208937,0.0,0.0,0.0,0.0,0.32087854,0.0,0.0,0.0,0.012265265,0.06966215,0.65741986,0.43240693,0.0,0.9926397,0.6838048,0.86820555,0.36968404,0.0,0.00083898054,0.0,0.43196693,-0.2141811,0.31705147
-0.73759496,-0.79267806,2.5064993,2.1852653,0.0,0.0,0.4142093,0.0,0.24639219,0.0,1.2848847,0.0,0.51046664,1.8628793,1.3231314,1.6765751,0.0,0.0,1.3171993,0.3735321,0.25570172,0.37078977,0.0,0.0,0.19506554,0.0,0.0,0.0,0.0,0.0,0.0,0.0,0.0,0.0,2.412006,0.207151,0.0,0.93099326,0.0,0.0,0.60388255,1.5594062,0.0,0.5389104,1.1568527,0.33308852,1.7364182,0.0,0.50789535,0.0,0.0,0.19334671,0.5653913,0.6262069,1.0423951,1.5399476,1.5029902,1.3041061,0.27203298,0.0,0.32000506,0.10657862,0.0,0.16065374,0.0,0.7888209,0.0,0.16775241,1.2028103,-0.8434365
-0.23680504,0.45433033,1.5165814,1.6494503,0.0,0.22275038,0.0,0.0,0.7589768,0.0,0.5599518,0.0,0.13303536,0.6580535,1.2242155,0.7704775,0.038513124,0.0,0.8980262,0.0,0.5121636,0.0,0.0,0.0,0.07012044,0.0,0.0,0.0,0.0,0.2286129,0.0,0.0,0.0,0.0,1.2275004,0.05224841,0.0,0.8173113,0.0,0.0,0.21782885,0.95333827,0.0,0.5337341,0.76536167,0.3413418,1.0602831,0.0,0.5992855,0.0,0.0,0.355196,0.4497801,0.5588805,0.30758575,0.86986226,0.937608,0.9144485,0.04202819,0.0,0.24135524,0.15155882,0.054898,0.48759407,0.0,0.6669941,0.0,0.2750217,0.5623435,-0.91353464
0.50890917,0.45692164,-1.0431733,0.02418816,0.0,0.0,0.0,1.0345314,0.51542854,0.45971382,0.0,0.46793464,0.3901084,0.0,0.15708342,0.0,0.0,0.010624826,0.0,0.0,0.0,0.085415214,0.28322732,0.0,0.0,0.46967673,0.26995778,1.1865076,0.33212566,0.82575977,0.47043496,0.21836987,0.0,0.0,0.0,0.82076627,0.0,0.21084328,0.0,0.0,0.0,0.0,0.0,0.022096619,0.0,0.08371802,0.15736108,0.0,0.27677858,0.0,0.0,0.48662823,0.0,0.0,0.15975767,0.23495336,0.0,0.13447559,0.6494351,0.0,0.52146035,0.7088915,0.9543328,0.75590336,0.0,0.0,0.0,-0.122298345,-0.6402247,0.19274417
0.8493361,-0.93869716,-1.4654318,0.0,0.3554339,0.0,0.0,0.710487,0.0,1.1053886,0.0,1.0278007,1.1284443,0.19707604,0.0,0.0,0.0,0.0,0.0,0.41260952,0.0,0.616487,0.43091828,0.0,0.0066436455,1.0367016,0.16631553,1.1076658,0.0,0.3414604,0.9275048,0.08068356,0.33463848,0.083472505,0.0,1.2325331,0.0,0.0,0.0,0.0,0.0,0.0,0.0,0.0,0.0,0.004843019,0.7518135,0.0,0.0,0.0,0.0,0.13197933,0.0,0.0,0.3083803,0.48187,0.0,0.30416304,1.0498565,0.0,0.8935644,1.1746371,1.2768583,0.1706297,0.0,0.0,0.0,-0.08138482,-0.5106306,0.86199474
1.3315889,1.0052065,-0.7094176,0.33192444,0.0,0.30833346,0.0,1.2112405,1.0617394,0.0,0.0,0.38338587,0.43999124,0.0,0.0,0.0,0.0,0.62794566,0.0,0.0,0.0,0.0,0.43169397,0.25399995,0.15783112,0.6620809,0.11351872,1.599389,0.32043263,0.37151298,0.048579827,0.708393,0.0,0.06301887,0.0,0.76204646,0.0,0.23184235,0.0,0.0,0.0,0.0,0.0,0.10155827,0.27537054,0.2599609,0.2877952,0.0,0.094954714,0.0,0.0,0.7289046,0.0,0.0,0.0,0.0,0.0390129,0.5579097,0.4181323,0.10225257,0.75656384,0.5822393,0.91555446,0.9514028,0.0,0.0,0.0,0.23745392,-0.5234574,-0.052749395
-0.34176844,-0.12388954,0.1357481,0.7024071,0.0,0.0,0.0,0.19415857,0.22307132,0.33154583,0.013471812,0.0,0.3485439,0.3832471,0.73007894,0.46210885,0.0,0.0,0.39891762,0.08277867,0.0,0.45868605,0.0,0.0,0.0,0.0,0.0,0.0,0.0,0.6685778,0.32170007,0.0,0.0,0.0,0.5756767,0.39091522,0.0,0.35423678,0.0,0.0,0.0,0.41429344,0.0,0.22001675,0.27546993,0.101321846,0.5252812,0.0,0.34384814,0.0,0.0,0.1465902,0.14126319,0.0,0.40756124,0.74589753,0.29478613,0.29647595,0.28630176,0.0,0.43961138,0.44272703,0.30212912,0.20582066,0.0,0.13482024,0.0,-0.053487692,0.08594677,0.094474986
-0.07479936,1.2874558,-0.6290675,0.30869567,0.0,0.10565676,0.0,1.109379,0.7784475,0.079532936,0.0,0.0,0.0,0.0,0.8757756,0.0,0.26582852,0.0,0.0998611,0.0,0.16058435,0.0,0.051697955,0.06755176,0.0,0.0,0.32441533,0.9517919,0.797835,1.276983,0.2062798,0.08379039,0.0,0.0,0.0,0.5679956,0.0,0.76586115,0.0,0.0,0.0,0.22511142,0.0,0.2667432,0.09392635,0.21784978,0.0,0.0,0.6417074,0.0,0.0,0.60244644,0.0,0.0,0.1633418,0.43627697,0.0,0.20787889,0.45717335,0.07149266,0.3092333,0.521243,0.76784456,1.0403166,0.0,0.0,0.0,-0.2558135,-0.52968395,-0.25802696
3.2719843,2.2927337,-0.68930715,0.5554282,0.0,1.130341,0.0,1.9540807,2.207587,0.0,0.0,0.4945409,0.55821276,0.0,0.0,0.0,0.0,2.1529737,0.0,0.0,0.62331074,0.0,0.9865392,1.231116,0.7616312,1.3480121,0.030134805,3.0035276,0.5195653,0.0,0.0,2.0055592,0.0,0.55978906,0.0,1.4335195,0.0,0.25457025,0.0,0.0,0.0,0.18935983,0.0,0.0,1.0659865,0.90103686,0.79050165,0.0,0.121141195,0.0,0.0,1.6747772,0.0,0.38680023,0.0,0.0,0.20595863,1.7319341,0.18382338,0.0024604052,1.5761116,0.60375303,1.8241824,1.6083237,0.0,0.2682122,0.0,1.021751,-0.5933772,-0.6315179
0.58182335,-0.9483068,-0.30224538,0.42527592,0.25097886,0.0,0.0,0.175021,0.06010154,0.65268064,0.0,0.5041991,1.0406926,0.7237793,0.0,0.45274556,0.0,0.0,0.0871674,0.43415844,0.0,0.4728577,0.049561962,0.0,0.13947734,0.55803806,0.0,0.31554496,0.0,0.02441299,0.5304464,0.0,0.10530947,0.12534703,0.57488465,0.61587435,0.0,0.0,0.0,0.0,0.0,0.06548124,0.0,0.0,0.3041242,0.08628021,0.98579526,0.0,0.0,0.0,0.0,0.0,0.0,0.0,0.44613165,0.63217634,0.15858631,0.4268046,0.57384646,0.0,0.721435,0.6660043,0.48408335,0.0,0.0,0.048009183,0.0,0.106931984,0.08702837,0.60039574
0.26600307,-0.98849946,0.47891775,0.9129003,0.16921899,0.0,0.0,0.0,0.09082964,0.38833973,0.10725704,0.13132145,0.948377,1.0938578,0.17926195,0.81559014,0.0,0.0,0.42031705,0.4512906,0.0,0.45560396,0.0,0.0,0.18143712,0.17690273,0.0,0.0,0.0,0.0,0.29769465,0.0,0.0,0.11074041,1.1170511,0.3434718,0.0,0.05847445,0.0,0.0,0.0,0.4476049,0.0,0.060687423,0.5787298,0.1854183,1.1193463,0.0,0.014504163,0.0,0.0,0.0,0.0,0.0,0.59220487,0.83845574,0.55528057,0.54831874,0.33485657,0.0,0.62771434,0.45069256,0.08487952,0.0,0.0,0.17005755,0.0,0.2472503,0.4680056,0.30744475
1.6087366,1.1334149,-0.67872006,0.378544,0.0,0.41386676,0.0,1.28357,1.2062104,0.0,0.0,0.40070596,0.48163012,0.0,0.0,0.0,0.0,0.82485855,0.0,0.0,0.065892205,0.0,0.501334,0.3743931,0.25466597,0.76261073,0.08269977,1.7648534,0.31075162,0.23357776,0.0,0.8732134,0.0,0.1450742,0.0,0.820437,0.0,0.20498009,0.0,0.0,0.0,0.0,0.0,0.07654828,0.3840825,0.3415087,0.3828389,0.0,0.061747037,0.0,0.0,0.84744895,0.0,0.0,0.0,0.0,0.085029386,0.72787684,0.3634347,0.092458025,0.8770026,0.5797631,1.0069181,1.0199827,0.0,0.012238914,0.0,0.36796394,-0.50077647,-0.102294326
-0.12984762,-0.94812006,-1.026811,0.0,0.15356019,0.0,0.0,0.39495316,0.0,1.1104999,0.0,0.64517975,0.7861334,0.37030345,0.029799461,0.27937284,0.0,0.0,0.0,0.36080116,0.0,0.983153,0.05608815,0.0,0.0,0.4296605,0.13874304,0.36935836,0.0,0.74894494,0.9422394,0.0,0.31962132,0.0,0.1475048,0.9800734,0.0,0.0,0.0,0.0,0.0,0.0,0.0,0.0,0.011504125,0.02391269,0.57243055,0.0,0.20271643,0.0,0.0,0.0,0.0,0.0,0.62390465,0.81261563,0.0,0.10468452,0.87714267,0.0,0.6694356,0.8338719,0.8034425,0.0,0.0,0.0,0.0,-0.30828908,-0.25991082,0.8263519
-0.8035266,-0.24700256,1.466826,1.5349438,0.0,0.0,0.24589366,0.0,0.2744859,0.0,0.7624661,0.0,0.2425697,1.0501275,1.2839727,1.0886911,0.0,0.0,0.954293,0.13724889,0.15455045,0.4161239,0.0,0.0,0.0,0.0,0.0,0.0,0.0,0.36320025,0.0,0.0,0.0,0.0,1.5173726,0.25596654,0.0,0.7455074,0.0,0.0,0.23020892,1.1002395,0.0,0.48634747,0.7031916,0.15263529,1.0828882,0.0,0.48346356,0.0,0.0,0.20704265,0.435557,0.3729095,0.6651675,1.1739148,0.99070436,0.85016626,0.26599607,0.0,0.2754364,0.20087829,0.0,0.28095648,0.0,0.5270009,0.0,0.053677615,0.67234385,-0.5483265
-0.035906486,0.8203475,1.3984443,1.6085966,0.0,0.35672444,0.0,0.06326166,0.95708513,0.0,0.4126226,0.0,0.041828036,0.38469672,1.2091216,0.56297827,0.16060379,0.0,0.8300922,0.0,0.6481369,0.0,0.0,0.1796838,0.08758341,0.0,0.0,0.0,0.0,0.27435228,0.0,0.0,0.0,0.0,0.98843646,0.018632077,0.0,0.8634141,0.0,0.0,0.16813262,0.92746013,0.0,0.5363918,0.79747057,0.40791404,0.96809953,0.0,0.6678742,0.0,0.0,0.40714625,0.43633997,0.59999996,0.1590719,0.7477394,0.82365334,0.9270978,0.017797247,0.0,0.24958646,0.15176651,0.12225538,0.58721036,0.0,0.67368114,0.0,0.32358807,0.4704175,-1.0093112
1.6840125,-1.9082474,-2.121515,0.0,0.94587505,0.0,0.0,0.71643114,0.0,1.5944965,0.0,1.6900115,1.8528003,0.5250726,0.0,0.0,0.0,0.0,0.0,0.80360204,0.0,0.786301,0.78759426,0.0,0.27321607,1.8311323,0.14567417,1.5553297,0.0,0.0,1.274108,0.34483352,0.7496944,0.4367506,0.0,1.8114372,0.0,0.0,0.0,0.0,0.0,0.0,0.0,0.0,0.0,0.034539923,1.412336,0.0,0.0,0.0,0.0,0.023300402,0.0,0.0,0.3321951,0.5947851,0.0,0.656394,1.4621848,0.0,1.571371,1.6912956,1.892486,0.0,0.0,0.0,0.0,0.042431977,-0.56318665,1.332952
-0.041639164,-1.7769628,-0.11753558,0.4523936,0.4673498,0.0,0.1197035,0.0,0.0,1.0086346,0.0,0.4857592,1.1871114,1.2994164,0.0,0.9157535,0.0,0.0,0.23596767,0.69757533,0.0,1.0784401,0.0,0.0,0.021202512,0.3615713,0.0,0.0,0.0,0.05620402,0.78689015,0.0,0.40306962,0.0465917,1.0725603,0.8428868,0.0,0.0,0.0,0.0,0.0,0.35737792,0.0,0.0,0.31173143,0.08153354,1.2599493,0.0,0.0,0.0,0.0,0.0,0.0,0.0,0.9162483,1.2232559,0.17529002,0.40844452,0.8083116,0.0,0.78247684,0.7931216,0.3599865,0.0,0.0,0.07144915,0.0,-0.131281,0.22206429,0.8262261
-1.3750498,-0.06306998,2.2337348,2.0103548,0.0,0.0,0.5193065,0.0,0.32376498,0.0,1.246178,0.0,0.0,1.2667745,1.8616195,1.403352,0.17923686,0.0,1.3240198,0.054294027,0.51504284,0.42875314,0.0,0.0,0.0,0.0,0.0,0.0,0.0,0.45370948,0.0,0.0,0.0,0.0,1.9735479,0.29911533,0.0,1.0881307,0.0,0.0,0.5238089,1.6063187,0.0,0.6714368,0.9568864,0.22950797,1.3797755,0.0,0.80337846,0.0,0.0,0.31621033,0.7717329,0.6741811,0.8738809,1.5272967,1.2951821,1.2150993,0.27692646,0.0,0.12386811,0.086203784,0.0,0.473091,0.0,0.8353025,0.0,-0.0481059,0.95160496,-1.0626177
0.4706276,-0.7867836,0.33418116,0.8445273,0.13146469,0.0,0.0,0.0,0.21356553,0.33492187,0.0,0.18726145,0.9312457,0.91005063,0.09833652,0.65652233,0.0,0.0,0.3395857,0.38773286,0.0,0.3066125,0.0,0.0,0.20996328,0.28051275,0.0,0.0,0.0,0.0,0.2639885,0.0,0.0,0.13687404,0.9280145,0.2852332,0.0,0.0066342354,0.0,0.0,0.0,0.30321193,0.0,0.05857213,0.53536826,0.15853944,1.0348794,0.0,0.0099786185,0.0,0.0,0.0,0.0,0.0,0.4387105,0.6947595,0.46525848,0.515522,0.30670974,0.0,0.63621974,0.4275283,0.13398434,0.0,0.0,0.13485768,0.0,0.2823697,0.38939488,0.3090411
-0.11330556,0.055998173,1.0250156,1.3108786,0.0,0.032876417,0.0,0.0,0.532442,0.0,0.34432143,0.0,0.35217524,0.68448806,0.8919623,0.7061222,0.0,0.0,0.69326985,0.06169473,0.14513732,0.06303851,0.0,0.0,0.05449556,0.0,0.0,0.0,0.0,0.22605774,0.0,0.0,0.0,0.0,1.0648929,0.10280047,0.0,0.5721486,0.0,0.0,0.06056787,0.6822985,0.0,0.42039758,0.5816269,0.19770522,0.8975032,0.0,0.3680435,0.0,0.0,0.22824685,0.27119964,0.29428816,0.3264137,0.77502304,0.77237356,0.65396065,0.12383489,0.0,0.3531885,0.26035777,0.04985828,0.30870387,0.0,0.42231023,0.0,0.23662183,0.42445266,-0.4531517
0.4312284,0.73202926,-1.3667387,0.0,0.0,0.0,0.0,1.2711567,0.55295694,0.5126197,0.0,0.5193451,0.23977888,0.0,0.21324176,0.0,0.0,0.08694744,0.0,0.0,0.0,0.081990466,0.35999113,0.0,0.0,0.47526062,0.44379154,1.426026,0.5955534,1.0937277,0.53938234,0.31614807,0.0,0.0,0.0,0.98302263,0.0,0.31566507,0.0,0.0,0.0,0.0,0.0,0.0,0.0,0.08341244,0.026941929,0.0,0.4109151,0.0,0.0,0.6282634,0.0,0.0,0.22977686,0.26247728,0.0,0.086912304,0.75043285,0.0,0.52583164,0.7769968,1.1663584,0.9509735,0.0,0.0,0.0,-0.22065146,-0.81074643,0.1406966
0.11871911,0.9756071,-0.48965713,0.3931381,0.0,0.07801378,0.0,0.9518225,0.72591686,0.098251596,0.0,0.043974496,0.023110747,0.0,0.69540316,0.0,0.049086303,0.0,0.11716962,0.0,0.057891116,0.0,0.053124964,0.001304239,0.0,0.011120282,0.19744673,0.86095786,0.54104066,1.0025722,0.19635153,0.06684005,0.0,0.0,0.0,0.47988516,0.0,0.6065592,0.0,0.0,0.0,0.14997461,0.0,0.25217482,0.07174012,0.17951278,0.009779103,0.0,0.4945386,0.0,0.0,0.50743616,0.0,0.0,0.11572996,0.3684308,0.0,0.18497914,0.3766631,0.08392101,0.36951482,0.49173412,0.6572204,0.880711,0.0,0.0,0.0,-0.1821816,-0.46843112,-0.16483031
-0.6234568,1.8954935,1.5667725,1.7474413,0.0,0.5930934,0.0,0.3388337,1.2806623,0.0,0.52656186,0.0,0.0,0.0,1.9521065,0.32782444,0.93247736,0.0,0.99632347,0.0,1.2308159,0.0,0.0,0.5215415,0.0,0.0,0.0,0.0,0.6021585,0.90743905,0.0,0.0,0.0,0.0,0.691135,0.13592674,0.0,1.4170189,0.0,0.0,0.258058,1.2041874,0.0,0.6579518,0.9541462,0.6036764,0.9504703,0.0,1.1416521,0.0,0.0,0.5942387,0.74728185,0.7389662,0.07199016,0.88039917,0.91413474,1.2203763,0.13660878,0.0,0.11773936,0.16101441,0.4045265,1.0017755,0.0,0.8777817,0.0,0.20550491,0.4209112,-1.5352545
-0.50346863,0.37850106,0.89956933,1.2231574,0.0,0.02381228,0.0,0.04401827,0.5333013,0.0,0.35338518,0.0,0.070414186,0.41520047,1.189113,0.599634,0.035304546,0.0,0.7107779,0.0,0.25820214,0.14144434,0.0,0.0,0.0,0.0,0.0,0.0,0.0,0.61663336,0.0,0.0,0.0,0.0,0.8744228,0.16938907,0.0,0.663563,0.0,0.0,0.0,0.7452075,0.0,0.4782747,0.501655,0.1702679,0.719996,0.0,0.52345896,0.0,0.0,0.27719963,0.36110187,0.31126225,0.3080538,0.8063155,0.6472231,0.61402756,0.1193373,0.0,0.30261335,0.23411988,0.19283682,0.42464128,0.0,0.41475862,0.0,0.1262539,0.29988652,-0.52506083
-1.3192263,-0.77876306,1.3180043,1.3696995,0.0,0.0,0.5815392,0.0,0.0,0.25500593,0.8872875,0.0,0.29480764,1.2939857,1.3488541,1.2999456,0.0,0.0,0.96915305,0.28962764,0.0,0.9230442,0.0,0.0,0.0,0.0,0.0,0.0,0.0,0.5624079,0.21415737,0.0,0.0,0.0,1.6702535,0.5247826,0.0,0.6844308,0.0,0.0,0.20826529,1.2596473,0.0,0.40914023,0.6852955,0.08531113,1.1339328,0.0,0.4989238,0.0,0.0,0.08333107,0.458449,0.24914633,0.99300915,1.5340613,0.904826,0.85449713,0.5103639,0.0,0.3101784,0.22732109,0.008005291,0.14384425,0.0,0.42980596,0.0,-0.18068454,0.76573104,-0.22479258
0.13971579,-0.3744887,-0.78280747,0.11756402,0.0,0.0,0.0,0.5499053,0.09005433,0.73332417,0.0,0.473608,0.6282032,0.13578649,0.14079532,0.12643103,0.0,0.0,0.0,0.17881946,0.0,0.55315816,0.08417171,0.0,0.0,0.37478107,0.09746339,0.5660794,0.0,0.6726418,0.65118843,0.0,0.045160577,0.0,0.053926557,0.7503488,0.0,0.0,0.0,0.0,0.0,0.0,0.0,0.0,0.05793892,0.05534908,0.41543436,0.0,0.22250165,0.0,0.0,0.14097928,0.0,0.0,0.35795513,0.50023365,0.0,0.1437802,0.63319135,0.0,0.5643785,0.6922761,0.7240084,0.22842313,0.0,0.0,0.0,-0.14052255,-0.31012994,0.5201797
0.48743635,-0.25608206,0.05921172,0.6991776,0.0,0.0,0.0,0.28013074,0.3996876,0.25115556,0.0,0.18102609,0.7012993,0.457444,0.20288998,0.3566087,0.0,0.0,0.24431255,0.18703538,0.0,0.13801974,0.0,0.0,0.1132748,0.26727474,0.0,0.30608317,0.0,0.15770018,0.23122269,0.0,0.0,0.03581892,0.5306009,0.28554058,0.0,0.13991036,0.0,0.0,0.0,0.1490999,0.0,0.13537833,0.35860017,0.14465019,0.70067805,0.0,0.121112645,0.0,0.0,0.14471987,0.0,0.0,0.23109387,0.4671076,0.3130555,0.4104973,0.29677007,0.0,0.5335166,0.4618831,0.2714765,0.21574776,0.0,0.10082898,0.0,0.20178999,0.09827007,0.15885645
1.333905,0.4776094,0.76911515,1.2663338,0.0,0.42808586,0.0,0.37167296,1.1027054,0.0,0.0,0.0,0.6784071,0.35515854,0.16687316,0.23959795,0.0,0.31894958,0.3884814,0.0023520999,0.25785226,0.0,0.016767964,0.251805,0.5001351,0.3215741,0.0,0.5834639,0.0,0.0,0.0,0.28935304,0.0,0.30881143,0.63886225,0.10944437,0.0,0.35156447,0.0,0.0,0.0,0.2966508,0.0,0.37982276,0.88651574,0.4478842,0.83532107,0.0,0.20385708,0.0,0.0,0.4577324,0.0,0.35545248,0.0,0.21241912,0.5519749,0.9214886,0.0,0.0,0.77494144,0.28590262,0.23812422,0.50659525,0.0,0.27139425,0.0,0.68545854,0.25056165,-0.50345457
-0.8147805,1.1192986,0.64739716,1.0841357,0.0,0.13673754,0.0,0.40329868,0.7169521,0.0,0.2374309,0.0,0.0,0.0,1.5550833,0.28168324,0.5091703,0.0,0.67632735,0.0,0.52978915,0.03442937,0.0,0.01887983,0.0,0.0,0.0,0.0,0.50999177,1.1468742,0.0,0.0,0.0,0.0,0.42516014,0.22959572,0.0,0.932803,0.0,0.0,0.0,0.68615437,0.0,0.4673134,0.40573376,0.24684583,0.49191576,0.0,0.7678685,0.0,0.0,0.41560748,0.43533635,0.3055836,0.19263203,0.7605792,0.49971393,0.6089155,0.17529179,0.0,0.23388,0.25834543,0.41584337,0.7353614,0.0,0.4151094,0.0,-0.0104015805,0.068033114,-0.7081866
0.563953,-0.05754066,-1.1750716,0.0,0.0,0.0,0.0,0.89598274,0.2835213,0.70125216,0.0,0.6497791,0.6373311,0.0,0.0,0.0,0.0,0.0,0.0,0.08097355,0.0,0.30911845,0.3128128,0.0,0.0,0.6372395,0.23278487,1.1089586,0.08271625,0.67995465,0.6428211,0.12877491,0.0,0.0,0.0,0.91187495,0.0,0.0,0.0,0.0,0.0,0.0,0.0,0.0,0.0051160357,0.057040453,0.33909,0.0,0.18446122,0.0,0.0,0.34795874,0.0,0.0,0.20954345,0.2798524,0.0,0.16536331,0.74617976,0.0,0.5994826,0.8050313,1.0064192,0.5197122,0.0,0.0,0.0,-0.08761667,-0.5658278,0.42531276
0.25351715,0.27828252,-1.0853813,0.0,0.0,0.0,0.0,0.9500872,0.35338163,0.5962768,0.0,0.4713417,0.37851506,0.0,0.2266185,0.0,0.0,0.0,0.0,0.0,0.0,0.29299703,0.22040741,0.0,0.0,0.39311135,0.29430276,1.0207925,0.31285596,0.9389708,0.57984257,0.052494377,0.0,0.0,0.0,0.84335583,0.0,0.1808622,0.0,0.0,0.0,0.0,0.0,0.0,0.0,0.060816944,0.143527,0.0,0.35860297,0.0,0.0,0.43448892,0.0,0.0,0.24821265,0.36457622,0.0,0.08910924,0.6868644,0.0,0.48426378,0.72671133,0.9630684,0.6582047,0.0,0.0,0.0,-0.2008393,-0.6132092,0.27046618
-1.8816532,-0.62552404,-0.86812943,0.0,0.0,0.0,0.6344463,0.23162194,0.0,1.2652602,0.008884862,0.1358779,0.021682203,0.1854088,1.1578109,0.48547322,0.0,0.0,0.25466633,0.12468219,0.0,1.6428974,0.0,0.0,0.0,0.0,0.3751226,0.0,0.29643226,1.8434944,1.1234603,0.0,0.31107026,0.0,0.22298059,1.1574218,0.0,0.2630775,0.0,0.0,0.0,0.5806847,0.0,0.047226388,0.0,0.0,0.095933266,0.0,0.86445403,0.0,0.0,0.11058614,0.2702676,0.0,0.9447602,1.5447601,0.0,0.012268692,0.97016484,0.0,0.40829557,0.6752729,0.8909113,0.27586403,0.0,0.0,0.0,-0.8545688,-0.27684677,0.5939237
-0.19995186,1.2691638,-0.54234475,0.355962,0.0,0.08940628,0.0,1.0492198,0.74885976,0.07322921,0.0,0.0,0.0,0.0,0.9612505,0.0,0.30245999,0.0,0.15016915,0.0,0.18243377,0.0,0.0,0.04454118,0.0,0.0,0.3068274,0.8341925,0.793266,1.3110121,0.20069672,0.0014780462,0.0,0.0,0.0,0.52716523,0.0,0.78211045,0.0,0.0,0.0,0.24650645,0.0,0.270863,0.09943656,0.20630743,0.0,0.0,0.6790978,0.0,0.0,0.57635903,0.0,0.0,0.17368077,0.4831251,0.018408604,0.229337,0.44071764,0.04769191,0.28471097,0.49441764,0.74743104,1.0083007,0.0,0.001174646,0.0,-0.2621336,-0.49025646,-0.27112192
1.4324306,-0.61954755,-0.33106658,0.48376328,0.2761596,0.0,0.0,0.42425093,0.45279455,0.37274292,0.0,0.6216823,1.1968659,0.53554136,0.0,0.1962414,0.0,0.11532426,0.0,0.37367803,0.0,0.0,0.2936303,0.0,0.4181586,0.916344,0.0,0.87015426,0.0,0.0,0.29959968,0.24165735,0.0,0.3722099,0.370089,0.61369437,0.0,0.0,0.0,0.0,0.0,0.0,0.0,0.0,0.4418835,0.1940975,1.0380446,0.0,0.0,0.0,0.0,0.17057644,0.0,0.0,0.061513066,0.23876001,0.1503082,0.6736026,0.44326517,0.0,1.0049441,0.6579453,0.7323113,0.16087586,0.0,0.027701264,0.0,0.4419869,-0.00507522,0.41657168
-0.6636671,2.297196,0.81463313,1.2779098,0.0,0.5648378,0.0,0.81331533,1.3062532,0.0,0.14590031,0.0,0.0,0.0,1.9220142,0.0,1.1013287,0.0,0.73276377,0.0,1.1610019,0.0,0.0,0.56957644,0.0,0.0,0.022515409,0.19675408,1.0523251,1.368844,0.0,0.0,0.0,0.0,0.04062268,0.31783086,0.0,1.4849693,0.0,0.0,0.0,0.9259823,0.0,0.48284495,0.6564735,0.5890942,0.53843933,0.0,1.1698852,0.0,0.0,0.6663238,0.46390736,0.4898879,0.03132834,0.72055954,0.5817525,0.990692,0.28660572,0.0,0.17278072,0.22699548,0.6662627,1.1889931,0.0,0.6333873,0.0,0.06587577,0.018524285,-1.2646132
-0.03277868,-1.3713138,-0.085688815,0.49940413,0.29968038,0.0,0.029499948,0.0,0.0,0.83944035,0.0,0.3825653,1.0105478,1.06352,0.06895915,0.78044164,0.0,0.0,0.25245243,0.5515758,0.0,0.8942255,0.0,0.0,0.0,0.27662677,0.0,0.0,0.0,0.1691648,0.6691294,0.0,0.25405598,0.0,0.92602134,0.7046678,0.0,0.0,0.0,0.0,0.0,0.31521213,0.0,0.0,0.30725092,0.08415291,1.0710688,0.0,0.0033852607,0.0,0.0,0.0,0.0,0.0,0.7792034,1.0486841,0.22518615,0.35983288,0.67100084,0.0,0.6692446,0.6836803,0.32402515,0.0,0.0,0.063352615,0.0,-0.07738395,0.20234635,0.68808395
1.0827421,1.875363,-0.2520441,0.6695322,0.0,0.61006665,0.0,1.3255768,1.4501865,0.0,0.0,0.0,0.0,0.0,0.5310717,0.0,0.24063823,0.7307656,0.07308683,0.0,0.5776056,0.0,0.27815062,0.6289277,0.07737489,0.23227483,0.11079902,1.5209339,0.7109269,0.6162382,0.0,0.74019516,0.0,0.0,0.0,0.68936175,0.0,0.7649052,0.0,0.0,0.0,0.33678988,0.0,0.24774352,0.5083855,0.5488465,0.23485467,0.0,0.57125115,0.0,0.0,0.93447256,0.0,0.17608309,0.0,0.0087287575,0.20291059,0.7787756,0.2361761,0.1279302,0.5829893,0.44610924,0.8916304,1.3112814,0.0,0.19914287,0.0,0.26649886,-0.45034346,-0.68726635
-1.082891,0.10216273,1.0346165,1.255538,0.0,0.0,0.26189774,0.0,0.26406193,0.0,0.59795356,0.0,0.0,0.6283506,1.4504387,0.83776283,0.08235884,0.0,0.84312403,0.0,0.17229702,0.5029792,0.0,0.0,0.0,0.0,0.0,0.0,0.0,0.8209621,0.05427359,0.0,0.0,0.0,1.1103171,0.33347613,0.0,0.74275416,0.0,0.0,0.07076186,0.99720854,0.0,0.5329027,0.55103946,0.09101522,0.7630379,0.0,0.5888568,0.0,0.0,0.23314597,0.4842474,0.3207202,0.5593604,1.1018732,0.7295335,0.70153457,0.2811128,0.0,0.25643146,0.20602581,0.16390689,0.37265247,0.0,0.41259563,0.0,-0.059406508,0.43111694,-0.4897458
0.12171004,-1.0206003,-1.4216708,0.0,0.25051567,0.0,0.0,0.56736636,0.0,1.2610624,0.0,0.87427795,0.90655565,0.24361676,0.0,0.11571796,0.0,0.0,0.0,0.39240807,0.0,0.9875439,0.22482492,0.0,0.0,0.685299,0.23974612,0.69194376,0.0,0.73525304,1.0665839,0.0,0.411157,0.0,0.0,1.178237,0.0,0.0,0.0,0.0,0.0,0.0,0.0,0.0,0.0,0.012522414,0.59092224,0.0,0.16063935,0.0,0.0,0.030957982,0.0,0.0,0.5436407,0.7512839,0.0,0.1337403,1.0513839,0.0,0.779249,1.0588169,1.10267,0.061245397,0.0,0.0,0.0,-0.2938929,-0.42304555,0.9102214
0.21982467,0.18858187,-0.84380245,0.11848998,0.0,0.0,0.0,0.80721784,0.34835136,0.5311208,0.0,0.3871815,0.4069247,0.0,0.27587777,0.0,0.0,0.0,0.0,0.0,0.0,0.29003912,0.14352258,0.0,0.0,0.32157177,0.19510385,0.8366064,0.2009165,0.8315675,0.5157678,0.0,0.0,0.0,0.0,0.7154724,0.0,0.1745872,0.0,0.0,0.0,0.0,0.0,0.03705391,0.016719935,0.0726724,0.1989918,0.0,0.33444834,0.0,0.0,0.3579401,0.0,0.0,0.2120199,0.37451994,0.0,0.12203637,0.58243304,0.0,0.48430675,0.6743361,0.81634617,0.56374407,0.0,0.0,0.0,-0.1515724,-0.5002861,0.25903523
0.15085213,-0.2616656,-0.0054114093,0.63413465,0.0,0.0,0.0,0.26292613,0.2846789,0.3480964,0.0,0.13688184,0.58412564,0.420371,0.37193978,0.38389146,0.0,0.0,0.27109805,0.16323803,0.0,0.31600314,0.0,0.0,0.0,0.12393625,0.0,0.17286208,0.0,0.38497463,0.32006067,0.0,0.0,0.0,0.51116776,0.3730471,0.0,0.19825898,0.0,0.0,0.0,0.22705135,0.0,0.13148606,0.2777374,0.10976142,0.60873055,0.0,0.20777859,0.0,0.0,0.112378046,0.0,0.0,0.325509,0.6004063,0.2646268,0.3074384,0.33579674,0.0,0.48670125,0.48444325,0.30063105,0.18446404,0.0,0.097350724,0.0,0.051153895,0.059160348,0.21291159
0.06438377,-0.027435666,-0.26686448,0.4720599,0.0,0.0,0.0,0.45580858,0.31311035,0.39101592,0.0,0.17067802,0.44895196,0.15372941,0.43465525,0.21149531,0.0,0.0,0.19180225,0.063576,0.0,0.31945133,0.0,0.0,0.0,0.11456458,0.0,0.3587534,0.0,0.61963695,0.37711635,0.0,0.0,0.0,0.25052556,0.45846957,0.0,0.22646819,0.0,0.0,0.0,0.14456339,0.0,0.15064849,0.17583846,0.10506445,0.41283315,0.0,0.27057904,0.0,0.0,0.19172831,0.0,0.0,0.26352474,0.5073382,0.09845127,0.22642428,0.35589868,0.0,0.5004223,0.5342631,0.44999865,0.3199122,0.0,0.047353216,0.0,-0.03196491,-0.14313187,0.20529513
0.27906665,-1.2153032,-1.5216465,0.0,0.36557016,0.0,0.0,0.5536602,0.0,1.3474008,0.0,0.99227047,1.0484573,0.32361382,0.0,0.123904794,0.0,0.0,0.0,0.47121084,0.0,1.0190167,0.2852677,0.0,0.0,0.83026856,0.22517663,0.7588227,0.0,0.6182998,1.1258214,0.0,0.4883845,0.0,0.0,1.2737576,0.0,0.0,0.0,0.0,0.0,0.0,0.0,0.0,0.0,0.012125678,0.7236506,0.0,0.08046584,0.0,0.0,0.0,0.0,0.0,0.5518345,0.7856278,0.0,0.19240059,1.1438248,0.0,0.85897166,1.1591892,1.1964126,0.010173216,0.0,0.0,0.0,-0.27205965,-0.42144352,1.0113137
1.4901558,-0.6283172,-1.945997,0.0,0.37143812,0.0,0.0,1.1192296,0.17104594,1.0716443,0.0,1.2870556,1.2171438,0.0,0.0,0.0,0.0,0.2944377,0.0,0.32964882,0.0,0.2929625,0.73980063,0.0,0.11982903,1.432504,0.3031573,1.8059214,0.0,0.2522829,0.9147271,0.5683758,0.28067964,0.20775266,0.0,1.5114136,0.0,0.0,0.0,0.0,0.0,0.0,0.0,0.0,0.0,0.041123897,0.8382107,0.0,0.0,0.0,0.0,0.44672155,0.0,0.0,0.1369775,0.15499723,0.0,0.461055,1.0707316,0.0,1.1646585,1.3764856,1.707775,0.46801728,0.0,0.0,0.0,0.121255964,-0.78919744,0.76958555
-1.1143031,1.8444158,0.34374046,0.911219,0.0,0.23756169,0.0,0.77995026,0.8878851,0.0,0.09633891,0.0,0.0,0.0,1.8959222,0.0,0.9669883,0.0,0.62099785,0.0,0.77559257,0.0,0.0,0.20976448,0.0,0.0,0.19246778,0.07979792,1.063461,1.6859655,0.0,0.0,0.0,0.0,0.0,0.38701886,0.0,1.2618049,0.0,0.0,0.0,0.7054852,0.0,0.40052906,0.35466155,0.3358878,0.28270882,0.0,1.0639472,0.0,0.0,0.55691767,0.43712288,0.26570147,0.16540284,0.7773805,0.38751042,0.63892144,0.35634956,0.0,0.16500583,0.29093134,0.70475185,1.0397093,0.0,0.38840914,0.0,-0.19042331,-0.14735222,-0.84500843
-0.6159087,-0.27543026,-0.17368397,0.47211725,0.0,0.0,0.044215947,0.2323339,0.018377006,0.57854784,0.0,0.045045894,0.31760612,0.32697493,0.75131476,0.4382996,0.0,0.0,0.32438335,0.10873756,0.0,0.7268859,0.0,0.0,0.0,0.0,0.0,0.0,0.0,0.9109818,0.53083783,0.0,0.0,0.0,0.45366848,0.5825293,0.0,0.26934934,0.0,0.0,0.0,0.39959896,0.0,0.1329689,0.187955,0.07413505,0.44526792,0.0,0.3949487,0.0,0.0,0.106802,0.15450522,0.0,0.5459289,0.8455707,0.12499614,0.20817755,0.39973837,0.0,0.46576607,0.5043308,0.43468833,0.14255196,0.0,0.050572615,0.0,-0.21881329,-0.0046742894,0.29621676
0.29650223,-1.7827677,0.7396798,1.0354809,0.4903315,0.0,0.034487575,0.0,0.0,0.5687094,0.3066759,0.21325913,1.3118979,1.7044386,0.0,1.1980093,0.0,0.0,0.49928564,0.75080454,0.0,0.71707845,0.0,0.0,0.31679475,0.26921916,0.0,0.0,0.0,0.0,0.39462388,0.0,0.1913002,0.26405382,1.6107,0.540124,0.0,0.0,0.0,0.0,0.0,0.65056187,0.0,0.011002585,0.7980019,0.2627477,1.5494553,0.0,0.0,0.0,0.0,0.0,0.0,0.0050533377,0.91540843,1.1888858,0.6382944,0.7378122,0.47026825,0.0,0.88855624,0.5458875,0.046551973,0.0,0.0,0.19867146,0.0,0.2743266,0.6784078,0.46893793
1.1311709,0.6220835,-0.094754025,0.6966498,0.0,0.2638985,0.0,0.77238154,0.94708204,0.0,0.0,0.18011746,0.54021156,0.0,0.10961312,0.0,0.0,0.33109075,0.104485705,0.0,0.023864701,0.0,0.19987853,0.13938469,0.24063258,0.4546308,0.0,1.019628,0.0,0.11717135,0.0,0.39090356,0.0,0.1181633,0.031309992,0.37058604,0.0,0.22462465,0.0,0.0,0.0,0.0,0.0,0.2299251,0.40322328,0.29233688,0.44759792,0.0,0.0851532,0.0,0.0,0.46825278,0.0,0.0,0.0,0.0,0.18650958,0.5770703,0.19570367,0.06208483,0.70730156,0.47420204,0.5199424,0.65764606,0.0,0.090186045,0.0,0.37147623,-0.1940279,-0.11920886
0.060262404,-0.7086448,-0.9733812,0.0,0.08755052,0.0,0.0,0.4902029,0.0,0.9589084,0.0,0.6095537,0.74761724,0.2529057,0.020581007,0.18527693,0.0,0.0,0.0,0.28877023,0.0,0.7781479,0.101134,0.0,0.0,0.45911002,0.12869096,0.5174277,0.0,0.69015545,0.825042,0.0,0.20947789,0.0,0.07236722,0.9126765,0.0,0.0,0.0,0.0,0.0,0.0,0.0,0.0,0.010121864,0.027155973,0.4943921,0.0,0.17602658,0.0,0.0,0.05857975,0.0,0.0,0.49246666,0.6389194,0.0,0.11779177,0.8032561,0.0,0.6276776,0.79548484,0.8114694,0.090464085,0.0,0.0,0.0,-0.23375462,-0.31120926,0.71039194
-0.6682645,0.10045676,0.29281586,0.797606,0.0,0.0,0.020744085,0.1736287,0.25184304,0.24243212,0.1470033,0.0,0.13360596,0.30534548,1.0297692,0.4904726,0.0,0.0,0.50892633,0.0,0.0,0.48167142,0.0,0.0,0.0,0.0,0.0,0.0,0.034678303,0.8736658,0.26421493,0.0,0.0,0.0,0.6049708,0.39988136,0.0,0.49691743,0.0,0.0,0.0,0.5435494,0.0,0.32764792,0.2865542,0.07726626,0.47740823,0.0,0.46322337,0.0,0.0,0.21433991,0.24833578,0.008160725,0.42064348,0.8140665,0.3483578,0.35299268,0.27980712,0.0,0.38912553,0.3837958,0.33970594,0.30897427,0.0,0.18982503,0.0,-0.10104796,0.08998191,-0.06405319
0.69901705,0.7918441,-0.7323243,0.26137647,0.0,0.10091166,0.0,1.0570906,0.775169,0.15931028,0.0,0.30681708,0.30994147,0.0,0.24660176,0.0,0.0,0.20024806,0.0,0.0,0.0,0.0,0.26324725,0.019269139,0.0,0.4028589,0.17837417,1.2227775,0.37080526,0.6927392,0.22940917,0.34514758,0.0,0.0,0.0,0.67476094,0.0,0.32717687,0.0,0.0,0.0,0.0,0.0,0.13457601,0.07860609,0.15255786,0.15256366,0.0,0.26120532,0.0,0.0,0.53901774,0.0,0.0,0.026454644,0.1400016,0.0,0.26392826,0.482804,0.081914335,0.53658336,0.6046215,0.8137896,0.85355,0.0,0.0,0.0,-0.015368078,-0.5590955,0.009360395
-0.63413537,-0.90160394,0.58694094,0.9291565,0.0,0.0,0.246683,0.0,0.0,0.48610857,0.3836443,0.0,0.5905971,1.0596502,0.73827934,0.9601445,0.0,0.0,0.5964316,0.3595092,0.0,0.82186794,0.0,0.0,0.0,0.0,0.0,0.0,0.0,0.40864402,0.4007688,0.0,0.0,0.0,1.2054169,0.51608604,0.0,0.33126503,0.0,0.0,0.0,0.77064097,0.0,0.1864081,0.50767034,0.13189463,0.97042936,0.0,0.30774257,0.0,0.0,0.0,0.21222898,0.0,0.80910015,1.1955559,0.59425443,0.56100297,0.46555603,0.0,0.424518,0.38958722,0.11752747,0.0,0.0,0.21675174,0.0,-0.0670232,0.5086452,0.20561613
-0.26360872,-0.5177595,0.021386322,0.6079349,0.0,0.0,0.0,0.0983787,0.053860784,0.5152043,0.0,0.09630186,0.5505687,0.5771661,0.52080667,0.5483749,0.0,0.0,0.33929604,0.22801737,0.0,0.61596084,0.0,0.0,0.0,0.0,0.0,0.0,0.0,0.5407245,0.45216167,0.0,0.0,0.0,0.6586319,0.47942144,0.0,0.18282588,0.0,0.0,0.0,0.37643468,0.0,0.09236325,0.29074654,0.103113234,0.6573608,0.0,0.25454113,0.0,0.0,0.034098662,0.09796098,0.0,0.5361577,0.8249227,0.28983817,0.28526586,0.38678166,0.0,0.48673934,0.49047554,0.29559442,0.03197731,0.0,0.08171258,0.0,-0.067392364,0.15661424,0.32561892
-0.49714065,-0.50535464,-0.23508655,0.42534214,0.0,0.0,0.036693573,0.18340121,0.0,0.6689557,0.0,0.14730094,0.46151775,0.4450279,0.5897795,0.47981697,0.0,0.0,0.2805561,0.19885868,0.0,0.7825898,0.0,0.0,0.0,0.0,0.0,0.0,0.0,0.790113,0.5913553,0.0,0.021593139,0.0,0.50118136,0.6100996,0.0,0.15764813,0.0,0.0,0.0,0.3569959,0.0,0.05847942,0.19806309,0.07927686,0.5449009,0.0,0.3310728,0.0,0.0,0.044265315,0.10914138,0.0,0.5949236,0.8743933,0.12880522,0.20449547,0.4649812,0.0,0.49914247,0.5281912,0.4178419,0.04817508,0.0,0.030785,0.0,-0.20431156,0.038614105,0.42745346
0.610534,1.1030358,-0.36084947,0.5181981,0.0,0.24858867,0.0,1.0090727,0.95224607,0.0,0.0,0.06749666,0.14154917,0.0,0.49851364,0.0,0.0,0.21810341,0.09243855,0.0,0.16454448,0.0,0.15293922,0.1840809,0.0,0.18678772,0.099689044,1.0778134,0.44806102,0.6950453,0.02274087,0.3180298,0.0,0.0,0.0,0.49172437,0.0,0.5635819,0.0,0.0,0.0,0.14656037,0.0,0.259116,0.21034294,0.2609765,0.12980983,0.0,0.36829787,0.0,0.0,0.5875548,0.0,0.0,0.0,0.16906288,0.09348428,0.3949429,0.29847047,0.12380735,0.48678106,0.46238372,0.65333724,0.9354927,0.0,0.037636064,0.0,0.04603983,-0.4078989,-0.26396573
-0.10163037,-0.09565436,-1.798022,0.0,0.0,0.0,0.0,1.063235,0.0,1.119968,0.0,0.7682842,0.41636595,0.0,0.11304116,0.0,0.0,0.0,0.0,0.028039321,0.0,0.7897085,0.30281156,0.0,0.0,0.50822496,0.55316836,1.1151217,0.41477397,1.3228369,1.0166266,0.0,0.18860818,0.0,0.0,1.2303599,0.0,0.08737841,0.0,0.0,0.0,0.0,0.0,0.0,0.0,0.0,0.06905705,0.0,0.5247564,0.0,0.0,0.44141337,0.0,0.0,0.50587356,0.60812205,0.0,0.0,1.0301919,0.0,0.56661785,1.0248055,1.31562,0.59976023,0.0,0.0,0.0,-0.42316818,-0.7901494,0.5405549
-0.77401,1.0877075,1.7783165,1.8249111,0.0,0.35155827,0.0,0.0,0.92211556,0.0,0.7522222,0.0,0.0,0.36807787,1.809788,0.72313535,0.566347,0.0,1.0842423,0.0,0.91298926,0.0,0.0,0.18136692,0.0,0.0,0.0,0.0,0.1442199,0.6502416,0.0,0.0,0.0,0.0,1.1692733,0.12804927,0.0,1.1528261,0.0,0.01838427,0.3429768,1.2378116,0.0,0.68995905,0.9478206,0.4734429,1.1480349,0.0,0.92493784,0.0,0.0,0.43433335,0.7764516,0.7365867,0.28150538,1.0253075,1.0482936,1.1656979,0.07856342,0.0,0.14197591,0.13063702,0.21193787,0.7103101,0.0,0.860645,0.0,0.2024139,0.6329795,-1.3226067
0.14445882,-1.2546144,1.320077,1.4384689,0.21434844,0.0,0.030940324,0.0,0.09219587,0.1448189,0.5565667,0.0,1.0253121,1.6372781,0.36916068,1.254067,0.0,0.0,0.74285483,0.5662775,0.0,0.42767075,0.0,0.0,0.3276744,0.0,0.0,0.0,0.0,0.0,0.063547894,0.0,0.0,0.20287497,1.7793026,0.23499659,0.0,0.30682945,0.0,0.0,0.16444741,0.88203454,0.0,0.24779618,0.9516759,0.31878996,1.459421,0.0,0.016103595,0.0,0.0,0.0,0.077883735,0.24268083,0.8028713,1.0962411,1.000164,0.85614336,0.22952415,0.0,0.6789852,0.30805877,0.0,0.0,0.0,0.33875355,0.0,0.3769284,0.857108,-0.06117417
0.4863176,-0.24870199,0.1465333,0.7567103,0.0,0.0,0.0,0.24551728,0.41853216,0.21035588,0.0,0.14390339,0.69785285,0.492603,0.22833788,0.38779002,0.0,0.0,0.27659842,0.18704416,0.0,0.114760116,0.0,0.0,0.12951696,0.23898408,0.0,0.25888944,0.0,0.12510154,0.19582285,0.0,0.0,0.04443054,0.58427763,0.2434736,0.0,0.16307355,0.0,0.0,0.0,0.18466312,0.0,0.15576921,0.3884024,0.15426785,0.72315407,0.0,0.11909483,0.0,0.0,0.14567728,0.0,0.0,0.22728555,0.47843826,0.35767904,0.42978626,0.2643951,0.0,0.52849805,0.44058245,0.22826481,0.2068356,0.0,0.12095956,0.0,0.22934288,0.14140175,0.11795314
2.0264945,-1.3583081,-0.1729014,0.5802167,0.6852505,0.0,0.0,0.14184386,0.33749357,0.4656166,0.0,0.85203016,1.7355847,1.083695,0.0,0.43503973,0.0,0.19512963,0.0,0.6895416,0.0,0.0,0.37861568,0.0,0.7363681,1.3030771,0.0,0.81952167,0.0,0.0,0.3173669,0.29982272,0.10574998,0.70249444,0.7405746,0.8033882,0.0,0.0,0.0,0.0,0.0,0.0,0.0,0.0,0.7142308,0.24077563,1.6193306,0.0,0.0,0.0,0.0,0.010487139,0.0,0.0,0.1722456,0.4591033,0.22621939,1.0039941,0.4988035,0.0,1.4619035,0.74049616,0.8827079,0.0,0.0,0.05815677,0.0,0.6309217,0.26169816,0.6356692
1.9553885,-0.010793595,0.21581125,0.9148271,0.095241785,0.3066728,0.0,0.4954999,0.9746984,0.0,0.0,0.37381396,1.1140906,0.42557225,0.0,0.109652475,0.0,0.5625032,0.084932655,0.20643435,0.0,0.0,0.30877596,0.10601944,0.6644938,0.88674504,0.0,1.0346828,0.0,0.0,0.0,0.56213343,0.0,0.531277,0.44334126,0.44497573,0.0,0.0,0.0,0.0,0.0,0.0,0.0,0.18144129,0.7952878,0.36286765,0.9729524,0.0,0.0,0.0,0.0,0.42291504,0.0,0.16043103,0.0,0.028995164,0.39433113,1.0052394,0.1534877,0.0,1.1391857,0.45382679,0.6150224,0.39174727,0.0,0.07779922,0.0,0.77247894,0.10816367,-0.03158482
-0.1858285,-0.3319351,-0.45612147,0.31235737,0.0,0.0,0.0,0.3855389,0.07086617,0.63855743,0.0,0.26309118,0.49460718,0.24748848,0.42016637,0.2856187,0.0,0.0,0.15540555,0.15071236,0.0,0.61285794,0.0,0.0,0.0,0.10952329,0.027743913,0.23462057,0.0,0.7490429,0.5745567,0.0,0.0,0.0,0.26787913,0.61605203,0.0,0.10517648,0.0,0.0,0.0,0.16886708,0.0,0.026141524,0.13593107,0.074116886,0.45045495,0.0,0.29582804,0.0,0.0,0.10592209,0.0,0.0,0.45287672,0.65817326,0.015996553,0.16248414,0.48176545,0.0,0.52029645,0.578106,0.5205244,0.16037712,0.0,0.0,0.0,-0.15879914,-0.132395,0.43985283
0.37406725,1.1712781,-1.3879236,0.0,0.0,0.022432357,0.0,1.4454204,0.7234584,0.36697897,0.0,0.41587433,0.024751574,0.0,0.3919921,0.0,0.0032221377,0.20104659,0.0,0.0,0.0,0.0,0.3677976,0.008198082,0.0,0.36753887,0.52692544,1.5625738,0.8511061,1.27898,0.4457507,0.41261116,0.0,0.0,0.0,0.99642605,0.0,0.48203266,0.0,0.0,0.0,0.0,0.0,0.01861602,0.0,0.11011213,0.0,0.0,0.52296424,0.0,0.0,0.7694719,0.0,0.0,0.23172465,0.26228768,0.0,0.081911966,0.7244125,0.036487035,0.48568803,0.7373482,1.2258757,1.161527,0.0,0.0,0.0,-0.2540945,-0.8790967,-0.005412303
0.622678,0.895078,-0.089383535,0.68353486,0.0,0.23884363,0.0,0.8127975,0.91484797,0.0,0.0,0.007907949,0.2387196,0.0,0.48885727,0.0,0.0,0.13145274,0.18696606,0.0,0.15913941,0.0,0.07549411,0.13990247,0.028919324,0.1517928,0.0,0.85840607,0.2524894,0.5095557,0.0,0.21635702,0.0,0.0,0.0,0.33786976,0.0,0.5332825,0.0,0.0,0.0,0.1594606,0.0,0.3050643,0.2667823,0.27574182,0.2418687,0.0,0.31139827,0.0,0.0,0.46154252,0.0,0.0050594807,0.0,0.18418866,0.16781598,0.43919286,0.20621738,0.10416344,0.49309438,0.41709995,0.48385713,0.7839713,0.0,0.1102897,0.0,0.13100888,-0.24383979,-0.27075565
-1.6046162,1.3164937,0.18325184,0.7402718,0.0,0.0,0.16557813,0.57921934,0.4816231,0.015340984,0.20869705,0.0,0.0,0.0,1.9450202,0.14935893,0.8290825,0.0,0.6278266,0.0,0.46312457,0.43659925,0.0,0.0,0.0,0.0,0.24058726,0.0,0.9513232,1.8758926,0.16904312,0.0,0.0,0.0,0.09044993,0.5024696,0.0,1.0701879,0.0,0.0,0.0,0.7066638,0.0,0.42532808,0.21677612,0.12669279,0.16461612,0.0,1.0152812,0.0,0.0,0.37103486,0.4963941,0.09463483,0.3808405,0.99742436,0.28976864,0.46502537,0.51290095,0.0,0.14525823,0.34911427,0.6753111,0.8076332,0.0,0.22190662,0.0,-0.4407,-0.13096857,-0.47145844
-1.2627612,0.20144963,1.5468179,1.585003,0.0,0.0,0.35936517,0.0,0.34712774,0.0,0.87066686,0.0,0.0,0.79426,1.7156518,1.0263145,0.23166886,0.0,1.0593827,0.0,0.4013338,0.4252891,0.0,0.0,0.0,0.0,0.0,0.0,0.0,0.7522398,0.0,0.0,0.0,0.0,1.4125575,0.30753034,0.0,0.9267265,0.0,0.0,0.2616794,1.2618701,0.0,0.62674433,0.73767453,0.17314015,1.0213838,0.0,0.7241297,0.0,0.0,0.28030297,0.6591069,0.4953668,0.6463456,1.2724526,0.9675871,0.94593275,0.25508675,0.0,0.19528617,0.15376577,0.105191834,0.46176487,0.0,0.61389047,0.0,-0.045418773,0.6451831,-0.8012583
-0.41015974,-0.8817826,0.4931909,0.8839656,0.0,0.0,0.13507733,0.0,0.0,0.47537434,0.2794634,0.0,0.66108316,1.0121045,0.5965025,0.8834431,0.0,0.0,0.52872735,0.3651391,0.0,0.728931,0.0,0.0,0.0,0.0,0.0,0.0,0.0,0.3184687,0.39033675,0.0,0.0,0.0,1.1230255,0.47179592,0.0,0.2685514,0.0,0.0,0.0,0.6561983,0.0,0.14668992,0.48365426,0.14438994,0.9441781,0.0,0.24453889,0.0,0.0,0.0,0.1555475,0.0,0.7365578,1.0774475,0.56849146,0.50756645,0.42488772,0.0,0.44412065,0.4209075,0.11679104,0.0,0.0,0.18854679,0.0,-0.01484691,0.45510954,0.2324332
0.73269254,-0.9067714,0.13844544,0.72631735,0.2400727,0.0,0.0,0.02186048,0.20393096,0.41421083,0.0,0.3491083,1.0769597,0.9037292,0.0,0.58522373,0.0,0.0,0.2266621,0.44369778,0.0,0.27909592,0.0,0.0,0.27889735,0.4906327,0.0,0.1568436,0.0,0.0,0.32165173,0.0,0.0,0.2228141,0.83462644,0.38668585,0.0,0.0,0.0,0.0,0.0,0.1896225,0.0,0.001973711,0.54130495,0.150745,1.1248075,0.0,0.0,0.0,0.0,0.0,0.0,0.0,0.40718195,0.64693594,0.36934832,0.57001317,0.37481683,0.0,0.76223046,0.4828372,0.2756378,0.0,0.0,0.097827286,0.0,0.30961874,0.3369886,0.4088217
0.22683632,0.057426523,0.7768359,1.1712036,0.0,0.0597634,0.0,0.06307021,0.5895244,0.0,0.14041033,0.0,0.47165915,0.58183014,0.63973033,0.5591744,0.0,0.0,0.5512351,0.07731943,0.057887003,0.0,0.0,0.0,0.13081779,0.0,0.0,0.0,0.0,0.12304115,0.0,0.0,0.0,0.0,0.882918,0.047196373,0.0,0.45885372,0.0,0.0,0.0,0.48892146,0.0,0.35134184,0.5266737,0.20229407,0.8127589,0.0,0.25523114,0.0,0.0,0.21393658,0.14320487,0.22506647,0.21802959,0.61503476,0.6488228,0.55574906,0.10220297,0.0,0.4203766,0.29758695,0.029586375,0.2767953,0.0,0.3290529,0.0,0.29957044,0.33083537,-0.32210314
0.59277534,0.31428966,-0.99107903,0.05486524,0.0,0.0,0.0,0.96687365,0.48787892,0.47430176,0.0,0.49716982,0.4832291,0.0,0.074196935,0.0,0.0,0.0065176487,0.0,0.0,0.0,0.09378512,0.28577626,0.0,0.0,0.52283907,0.21689597,1.149224,0.2193264,0.70781314,0.47126156,0.21052274,0.0,0.0,0.0,0.7981983,0.0,0.14381833,0.0,0.0,0.0,0.0,0.0,0.01651632,0.011981786,0.08179335,0.2286559,0.0,0.21478134,0.0,0.0,0.43645957,0.0,0.0,0.13253005,0.20669295,0.0,0.16218975,0.6349219,0.0,0.54886574,0.71302927,0.91440886,0.68028665,0.0,0.0,0.0,-0.0706207,-0.5900145,0.23809409
-0.3083793,-1.9526469,-0.41410193,0.22949287,0.5047629,0.0,0.2550056,0.0,0.0,1.2576772,0.0,0.58863926,1.1695338,1.2641664,0.0,0.90450823,0.0,0.0,0.16467199,0.73325276,0.0,1.3503363,0.0,0.0,0.0,0.3554986,0.0,0.0,0.0,0.28108257,0.9958658,0.0,0.5500976,0.0,0.9683732,1.0373441,0.0,0.0,0.0,0.0,0.0,0.34718102,0.0,0.0,0.19850102,0.04339987,1.2004951,0.0,0.0,0.0,0.0,0.0,0.0,0.0,1.0400076,1.3989815,0.0,0.328947,0.98902065,0.0,0.8117789,0.8706493,0.47071573,0.0,0.0,0.00080871256,0.0,-0.32486275,0.11380002,1.0083708
-1.3204291,-0.09416493,0.15461798,0.6514912,0.0,0.0,0.3445617,0.0736908,0.0,0.50550115,0.27556416,0.0,0.0,0.34119022,1.2902725,0.60460544,0.0,0.0,0.55328333,0.0034259036,0.0,0.9077465,0.0,0.0,0.0,0.0,0.0,0.0,0.13448831,1.2598405,0.48840237,0.0,0.0,0.0,0.63441217,0.6659109,0.0,0.50653374,0.0,0.0,0.0,0.7177115,0.0,0.32868493,0.24110004,0.0,0.41969663,0.0,0.61702013,0.0,0.0,0.16539863,0.3858375,0.0,0.6744745,1.1585703,0.23781489,0.36564568,0.47812074,0.0,0.35939273,0.37689096,0.46260568,0.29075527,0.0,0.12147736,0.0,-0.37937492,0.09558211,0.08824974
-0.2447732,-0.79355556,-0.34870937,0.34961224,0.034137756,0.0,0.0,0.15087332,0.0,0.77786684,0.0,0.3122294,0.6785524,0.57972634,0.32031122,0.50228715,0.0,0.0,0.1966388,0.31796855,0.0,0.8117851,0.0,0.0,0.0,0.13913535,0.0,0.0,0.0,0.5912538,0.66216195,0.0,0.12687005,0.0,0.53075033,0.6579586,0.0,0.0,0.0,0.0,0.0,0.24714942,0.0,0.0,0.18966503,0.06794393,0.680909,0.0,0.22090341,0.0,0.0,0.0,0.01957585,0.0,0.6288461,0.87423205,0.10033651,0.21368265,0.5734486,0.0,0.5522387,0.58887655,0.426805,0.0,0.0,0.006905114,0.0,-0.17284167,0.042159896,0.59695876
0.03013058,-0.32198754,0.63642114,1.0422997,0.0,0.0,0.0,0.0,0.33956823,0.11380184,0.16876346,0.0,0.56963605,0.7458882,0.58191675,0.6711683,0.0,0.0,0.5235692,0.19705245,0.0,0.2473338,0.0,0.0,0.0648184,0.0,0.0,0.0,0.0,0.17603025,0.11006051,0.0,0.0,0.0,0.9595231,0.18154804,0.0,0.3571052,0.0,0.0,0.0,0.51462424,0.0,0.2770293,0.49654856,0.16035876,0.8429806,0.0,0.209378,0.0,0.0,0.09999775,0.12751415,0.09612481,0.39056894,0.75108093,0.62893647,0.50935125,0.21673585,0.0,0.42930585,0.34829733,0.047304377,0.12560043,0.0,0.2502447,0.0,0.19382934,0.3818836,-0.07207967
-0.74642915,1.8644383,-0.49428898,0.3885749,0.0,0.16368736,0.0,1.193077,0.8535521,0.0,0.0,0.0,0.0,0.0,1.4842896,0.0,0.79651976,0.0,0.25888076,0.0,0.48943913,0.0,0.0,0.177445,0.0,0.0,0.45676425,0.7423134,1.2334849,1.8131557,0.13119167,0.0,0.0,0.0,0.0,0.6038313,0.0,1.1277118,0.0,0.0,0.0,0.46519816,0.0,0.31159702,0.1918615,0.27791578,0.0,0.0,0.97452676,0.0,0.0,0.7048751,0.025995106,0.036206275,0.222573,0.65409064,0.11480221,0.37276047,0.5429328,0.0,0.17536712,0.4832144,0.8987687,1.2290705,0.0,0.0699656,0.0,-0.3426305,-0.49976414,-0.5245539
-0.76793194,-0.2993979,-1.2388415,0.0,0.0,0.0,0.03696975,0.6594833,0.0,1.0839809,0.0,0.4476752,0.27155733,0.0,0.5560758,0.058832377,0.0,0.0,0.0,0.07288652,0.0,1.0614388,0.0,0.0,0.0,0.055396624,0.40686163,0.39703357,0.30436128,1.4297706,0.97648394,0.0,0.1902649,0.0,0.0,0.9885814,0.0,0.13289256,0.0,0.0,0.0,0.08569711,0.0,0.0,0.0,0.0,0.057773016,0.0,0.6350112,0.0,0.0,0.23219788,0.0,0.0,0.6314668,0.8686741,0.0,0.0,0.82687235,0.0,0.49473214,0.820773,0.9470307,0.35911408,0.0,0.0,0.0,-0.5062834,-0.5027058,0.5491727
-0.9733468,-0.9929371,0.67933124,0.96127796,0.0,0.0,0.42536128,0.0,0.0,0.54727876,0.52525425,0.0,0.5108951,1.1469699,0.9190936,1.0792917,0.0,0.0,0.6798636,0.37172267,0.0,1.0004194,0.0,0.0,0.0,0.0,0.0,0.0,0.0,0.5456222,0.4514109,0.0,0.02961652,0.0,1.3232204,0.6074339,0.0,0.40025133,0.0,0.0,0.0024755,0.93259066,0.0,0.22881237,0.53237194,0.11569941,1.010662,0.0,0.39511055,0.0,0.0,0.0,0.28034928,0.0052309744,0.937514,1.3958476,0.6063607,0.62988573,0.55015856,0.0,0.40508437,0.36046594,0.12646137,0.013667241,0.0,0.24297655,0.0,-0.16560383,0.57297176,0.19976819
0.30923608,0.7714543,-0.15589899,0.61135006,0.0,0.12001921,0.0,0.75299525,0.75496304,0.0,0.0,0.0,0.18207368,0.0,0.6036031,0.0,0.0,0.0,0.2077944,0.0,0.07604481,0.0,0.0060628355,0.0079907775,0.0,0.043475866,0.01479537,0.6966417,0.28439528,0.6854589,0.084371164,0.04173833,0.0,0.0,0.0,0.30542672,0.0,0.5469921,0.0,0.0,0.0,0.15007429,0.0,0.31087258,0.16564535,0.20340212,0.16433534,0.0,0.35452724,0.0,0.0,0.38523978,0.0,0.0,0.0036168694,0.30033237,0.12283154,0.30240068,0.2441022,0.09176205,0.4163047,0.42163163,0.45377454,0.71518725,0.0,0.0791109,0.0,0.0060869716,-0.26594746,-0.19985868
0.43047586,1.1929699,0.38916302,1.0026803,0.0,0.38034153,0.0,0.70058906,1.0746498,0.0,0.0,0.0,0.03967455,0.0,0.82122636,0.0,0.1334823,0.07608247,0.39574897,0.0,0.47285616,0.0,0.0,0.29160428,0.025719598,0.0,0.0,0.5967937,0.31641057,0.5262894,0.0,0.11497417,0.0,0.0,0.15268525,0.21119356,0.0,0.77958417,0.0,0.0,0.0,0.42513222,0.0,0.3701343,0.43438804,0.36949724,0.3658834,0.0,0.5353959,0.0,0.0,0.51862955,0.0,0.23979889,0.0,0.32010412,0.32479596,0.6033929,0.13215047,0.03713941,0.39406258,0.32777926,0.43118384,0.86335164,0.0,0.31393078,0.0,0.20275407,-0.11144447,-0.6236016
0.47247544,0.6532386,-0.9612006,0.08778477,0.0,0.0,0.0,1.0719045,0.6050885,0.35674188,0.0,0.38251004,0.29037222,0.0,0.26635298,0.0,0.0,0.046984732,0.0,0.0,0.0,0.0,0.25943202,0.0,0.0,0.38869375,0.27449608,1.1905823,0.42166802,0.87776816,0.39529812,0.23912594,0.0,0.0,0.0,0.7688189,0.0,0.30344182,0.0,0.0,0.0,0.0,0.0,0.06884795,0.0,0.104539335,0.107528955,0.0,0.32511216,0.0,0.0,0.5303291,0.0,0.0,0.13941827,0.2341522,0.0,0.14085501,0.59031373,0.023074426,0.50276136,0.67152655,0.927723,0.8345775,0.0,0.0,0.0,-0.13154164,-0.64655966,0.099903286
0.6186841,-1.245887,-0.6550173,0.17811558,0.39860418,0.0,0.0,0.21383476,0.0,0.9124391,0.0,0.7219225,1.1847742,0.7482839,0.0,0.4185059,0.0,0.0,0.0,0.53386164,0.0,0.6652599,0.14184137,0.0,0.1102002,0.74066675,0.0,0.4289943,0.0,0.049961448,0.7359879,0.0,0.28307927,0.13982306,0.4661092,0.88283217,0.0,0.0,0.0,0.0,0.0,0.00029596314,0.0,0.0,0.16755664,0.054795504,1.0570477,0.0,0.0,0.0,0.0,0.0,0.0,0.0,0.5111662,0.7244102,0.0,0.4066201,0.79810363,0.0,0.8250855,0.8564918,0.7219647,0.0,0.0,0.02347076,0.0,-0.0199464,-0.06644061,0.8184739
0.1851398,-0.4760595,0.3969391,0.88618803,0.0,0.0,0.0,0.01091972,0.27502954,0.24630307,0.034458384,0.03068725,0.6923418,0.73718226,0.381092,0.6112534,0.0,0.0,0.41017532,0.2564702,0.0,0.29564908,0.0,0.0,0.088613346,0.061572693,0.0,0.0,0.0,0.13061509,0.21320416,0.0,0.0,0.0004028827,0.8581846,0.23162282,0.0,0.21861745,0.0,0.0,0.0,0.38887143,0.0,0.1730609,0.4507819,0.15797219,0.8345957,0.0,0.14886099,0.0,0.0,0.05164957,0.059118107,0.0,0.40095082,0.71047616,0.51138556,0.44757834,0.25732553,0.0,0.47718883,0.40080786,0.09169808,0.051403463,0.0,0.1704105,0.0,0.17879485,0.33777225,0.12510419
0.77487975,-0.255473,-0.63563657,0.26365122,0.017412603,0.0,0.0,0.6141661,0.35898656,0.49829742,0.0,0.52207744,0.8013046,0.1501903,0.0,0.045556426,0.0,0.0,0.0,0.18504705,0.0,0.16520229,0.21642123,0.0,0.081561595,0.61637306,0.0,0.84107363,0.0,0.26856792,0.4460408,0.07702339,0.0,0.05607137,0.062388867,0.63084406,0.0,0.0,0.0,0.0,0.0,0.0,0.0,0.0,0.14251561,0.114902556,0.56843925,0.0,0.038016535,0.0,0.0,0.21514654,0.0,0.0,0.1105726,0.24107786,0.0,0.3299566,0.54307693,0.0,0.6485716,0.6677834,0.711112,0.34319788,0.0,0.0,0.0,0.1131904,-0.28289443,0.3880449
0.012992109,-1.34749,-1.2604496,0.0,0.35720977,0.0,0.0,0.35625747,0.0,1.3356712,0.0,0.8605176,1.0132538,0.51544905,0.0,0.3119777,0.0,0.0,0.0,0.5088217,0.0,1.1401708,0.14041756,0.0,0.0,0.6480093,0.14482471,0.432997,0.0,0.6290726,1.1081648,0.0,0.498488,0.0,0.15146992,1.1763824,0.0,0.0,0.0,0.0,0.0,0.0,0.0,0.0,0.0,0.019828655,0.78552866,0.0,0.10497798,0.0,0.0,0.0,0.0,0.0,0.69243515,0.9373024,0.0,0.17266813,1.0716935,0.0,0.8158755,1.0227263,0.97230065,0.0,0.0,0.0,0.0,-0.3191781,-0.29648536,0.99651295
-2.1174853,0.8267333,-0.17949837,0.4378733,0.0,0.0,0.47461396,0.4771679,0.048271716,0.46086228,0.22942588,0.0,0.0,0.0,1.9683406,0.26254475,0.7031064,0.0,0.56448597,0.0,0.09794463,0.9749174,0.0,0.0,0.0,0.0,0.37324798,0.0,0.9257979,2.1743565,0.52962875,0.0,0.0,0.0,0.087138504,0.86388946,0.0,0.91788584,0.0,0.0,0.0,0.71007854,0.0,0.31176767,0.07704698,0.0,0.034735315,0.0,1.0499266,0.0,0.0,0.27826232,0.5579259,0.0,0.6664191,1.3149459,0.04508254,0.28700408,0.79803383,0.0,0.21000168,0.49246228,0.8383205,0.6644131,0.0,0.03427541,0.0,-0.78670305,-0.24669142,-0.028803796
-1.7827901,-1.1038203,0.23252615,0.6080284,0.0,0.0,0.77791464,0.0,0.0,0.94485575,0.54343164,0.0,0.27156085,0.9853716,1.2175422,1.0676681,0.0,0.0,0.63599837,0.340706,0.0,1.5388062,0.0,0.0,0.0,0.0,0.0,0.0,0.0,1.1796465,0.8025173,0.0,0.22975267,0.0,1.1275115,0.9680431,0.0,0.3917572,0.0,0.0,0.0,1.048297,0.0,0.2482205,0.3640027,0.046635807,0.79847425,0.0,0.61643875,0.0,0.0,0.0,0.35945305,0.0,1.1562337,1.7821848,0.25044215,0.5451274,0.8095622,0.0,0.42118806,0.42165637,0.36892784,0.0699092,0.0,0.11997535,0.0,-0.56806564,0.40142545,0.44019455
0.2341782,0.5069197,1.2379807,1.5018032,0.0,0.28800267,0.0,0.043121308,0.8719709,0.0,0.30208012,0.0,0.27621412,0.5142435,0.90909404,0.5738387,0.0,0.0,0.725963,0.0,0.43887526,0.0,0.0,0.08583683,0.184099,0.0,0.0,0.0,0.0,0.075787544,0.0,0.0,0.0,0.0,0.9969237,0.0,0.0,0.6864604,0.0,0.0,0.10366605,0.749854,0.0,0.467813,0.7325758,0.36049908,0.9534506,0.0,0.47849327,0.0,0.0,0.35046577,0.2869494,0.4831993,0.15581408,0.66500974,0.79674786,0.82524586,0.013946921,0.0,0.32849896,0.18926954,0.030784689,0.44871935,0.0,0.5562734,0.0,0.38345352,0.45531443,-0.77644074
1.3153708,0.046435613,-0.41827312,0.46090335,0.0,0.06453961,0.0,0.7081884,0.69213843,0.18204859,0.0,0.480558,0.85991526,0.08040303,0.0,0.0,0.0,0.27613324,0.0,0.12025209,0.0,0.0,0.3121932,0.0,0.29693615,0.7548072,0.0,1.0930866,0.0,0.0,0.18454751,0.38333115,0.0,0.22686096,0.046917945,0.5224422,0.0,0.0,0.0,0.0,0.0,0.0,0.0,0.051526807,0.3085516,0.19848435,0.6198011,0.0,0.0,0.0,0.0,0.38397944,0.0,0.0,0.0,0.0,0.10404687,0.5578662,0.36210138,0.0,0.80701137,0.6083809,0.707402,0.4908898,0.0,0.0041389535,0.0,0.37681156,-0.24497128,0.17172849
-0.7937741,0.2687705,1.0292015,1.2817444,0.0,0.0,0.09575048,0.0,0.42225456,0.0,0.5013771,0.0,0.016321898,0.53245854,1.3458052,0.7324847,0.078938454,0.0,0.8002356,0.0,0.2509631,0.2957132,0.0,0.0,0.0,0.0,0.0,0.0,0.0,0.7029963,0.0,0.0,0.0,0.0,1.0210086,0.23401095,0.0,0.7153139,0.0,0.0,0.05834125,0.89323056,0.0,0.52102417,0.54820895,0.14494772,0.77154374,0.0,0.5738368,0.0,0.0,0.26309863,0.4404325,0.33992815,0.435316,0.9555475,0.7257165,0.6840226,0.17850077,0.0,0.27009976,0.20712839,0.17473577,0.41323054,0.0,0.43779403,0.0,0.048222292,0.38980287,-0.5565505
1.2389662,0.65681124,0.7259351,1.2430593,0.0,0.45454383,0.0,0.44846913,1.1445119,0.0,0.0,0.0,0.56517005,0.22162226,0.27088076,0.17248465,0.0,0.327981,0.38962847,0.0,0.32985878,0.0,0.010357901,0.2989685,0.4401601,0.25315326,0.0,0.62295294,0.0,0.0,0.0,0.3001574,0.0,0.24529539,0.5429215,0.10778736,0.0,0.4154967,0.0,0.0,0.0,0.3254961,0.0,0.37733182,0.8345094,0.4608372,0.7684367,0.0,0.25274104,0.0,0.0,0.49660113,0.0,0.35465348,0.0,0.17793137,0.51160127,0.89703524,0.0,0.0,0.7283702,0.3070958,0.27170232,0.58253646,0.0,0.30726472,0.0,0.6449045,0.1837738,-0.5581695
-0.515332,1.2213756,-0.2880198,0.49838293,0.0,0.054759532,0.0,0.8816415,0.6801033,0.042317912,0.0,0.0,0.0,0.0,1.1851821,0.0,0.39661923,0.0,0.290035,0.0,0.24928425,0.06965831,0.0,0.0,0.0,0.0,0.24888313,0.5170892,0.77012837,1.3816016,0.17324221,0.0,0.0,0.0,0.0,0.46281362,0.0,0.8271241,0.0,0.0,0.0,0.3282299,0.0,0.29811883,0.11261215,0.17871226,0.03338973,0.0,0.72853744,0.0,0.0,0.49352238,0.0,0.0,0.19314216,0.57409024,0.094585255,0.27457646,0.40569055,0.011418477,0.26263788,0.43998653,0.6893114,0.905492,0.0,0.07665427,0.0,-0.2556665,-0.38440242,-0.29766226
-0.21011968,1.1905677,1.3814725,1.6092417,0.0,0.42991996,0.0,0.19378425,1.0632231,0.0,0.40989742,0.0,0.0,0.14243005,1.4302028,0.44891453,0.41171673,0.0,0.8556453,0.0,0.8223283,0.0,0.0,0.2926861,0.0,0.0,0.0,0.0,0.17756996,0.5060289,0.0,0.0,0.0,0.0,0.8357694,0.06175915,0.0,1.0295708,0.0,0.0,0.16178359,0.9778411,0.0,0.56470346,0.8024615,0.44500226,0.90202266,0.0,0.814584,0.0,0.0,0.46854702,0.52645946,0.6128192,0.0957139,0.7628413,0.79465276,0.9630269,0.057395488,0.0,0.20154706,0.182057,0.23523046,0.7392155,0.0,0.7194958,0.0,0.26842394,0.39164734,-1.1425881
-2.5425947,0.759461,0.86308944,1.0875877,0.0,0.0,0.75825953,0.0,0.08226535,0.11392489,0.8295255,0.0,0.0,0.09590569,2.4476256,0.7522699,0.8822967,0.0,1.0094616,0.0,0.4333127,0.9593967,0.0,0.0,0.0,0.0,0.03338071,0.0,0.6834971,1.9828,0.2231395,0.0,0.0,0.0,0.81656206,0.6715048,0.0,1.1081303,0.0,0.0,0.09412013,1.2659692,0.0,0.7153497,0.52235377,0.021308862,0.5595089,0.0,1.0424339,0.0,0.0,0.2197583,0.95792043,0.26776725,0.72208995,1.6188345,0.6322222,0.8394899,0.63584876,0.0,0.1247865,0.25550717,0.47884712,0.6225395,0.0,0.35531616,0.0,-0.53897965,0.3605992,-0.5666158
0.4225872,-2.4511714,-1.7293781,0.0,0.9139496,0.0,0.0,0.17556475,0.0,1.8776327,0.0,1.3875078,1.6466341,0.9975275,0.0,0.4680308,0.0,0.0,0.0,0.9245485,0.0,1.5252185,0.33016056,0.0,0.0,1.2054335,0.09354002,0.5166626,0.0,0.21667549,1.4957047,0.0,0.9530533,0.11872418,0.27618402,1.6576313,0.0,0.0,0.0,0.0,0.0,0.0,0.0,0.0,0.0,0.006368488,1.4380281,0.0,0.0,0.0,0.0,0.0,0.0,0.0,0.8706182,1.300845,0.0,0.40326798,1.5283861,0.0,1.2263634,1.4746263,1.3618859,0.0,0.0,0.039437044,0.0,-0.32350233,-0.32764515,1.4106876
1.2731749,-0.6074483,-0.22820286,0.54123867,0.23611209,0.0,0.0,0.3647924,0.4291968,0.35461432,0.0,0.5436419,1.1352302,0.56964433,0.0,0.25529626,0.0,0.019283235,0.0156238675,0.3612919,0.0,0.0,0.22477977,0.0,0.37861514,0.8054428,0.0,0.73706007,0.0,0.0,0.28633383,0.14801091,0.0,0.3267601,0.4413947,0.52550364,0.0,0.0,0.0,0.0,0.0,0.0,0.0,0.0,0.45295468,0.19258924,1.0135207,0.0,0.0,0.0,0.0,0.14281137,0.0,0.0,0.09970489,0.2995131,0.19283313,0.6253065,0.41734076,0.0,0.9171185,0.6155887,0.611761,0.1439877,0.0,0.03510827,0.0,0.41187638,0.048382875,0.39091146
-0.10313482,0.67058796,0.43771508,0.96599317,0.0,0.11267562,0.0,0.4070862,0.6960535,0.0,0.0032035112,0.0,0.08189875,0.037618816,0.94966274,0.25649843,0.028332233,0.0,0.485785,0.0,0.23682027,0.0,0.0,0.0,0.0,0.0,0.0,0.12151692,0.15541846,0.65871346,0.0,0.0,0.0,0.0,0.43081534,0.1403517,0.0,0.62545645,0.0,0.0,0.0,0.43390343,0.0,0.35552743,0.30979952,0.17455925,0.41962516,0.0,0.4522025,0.0,0.0,0.36794078,0.12650234,0.18001984,0.08262424,0.52152777,0.34621578,0.40917203,0.09471781,0.0413837,0.3596474,0.32591006,0.30217987,0.5765369,0.0,0.2739073,0.0,0.101415664,-0.013881717,-0.40338176
1.7834948,0.20110106,0.40770257,1.0423188,0.0,0.37136376,0.0,0.47477758,1.0506902,0.0,0.0,0.21176629,0.9596422,0.37631962,0.0,0.13288161,0.0,0.5168413,0.18429479,0.12326734,0.0,0.0,0.22063468,0.18415189,0.61974907,0.7036404,0.0,0.91475546,0.0,0.0,0.0,0.5005065,0.0,0.46332252,0.4910655,0.33926797,0.0,0.07949112,0.0,0.0,0.0,0.039678358,0.0,0.25446236,0.83874947,0.39468938,0.8881644,0.0,0.0,0.0,0.0,0.46233734,0.0,0.20983632,0.0,0.059398286,0.45228013,0.97612095,0.08838131,0.0,1.0307939,0.38889235,0.48810384,0.4570255,0.0,0.11967815,0.0,0.7636939,0.1357104,-0.18502979
0.60021484,-0.23161334,-0.60725117,0.27210525,0.0,0.0,0.0,0.5892439,0.32228816,0.5113703,0.0,0.4681199,0.7287973,0.14260794,0.0,0.07394579,0.0,0.0,0.0,0.16492638,0.0,0.23154156,0.1638742,0.0,0.020473331,0.5180877,0.0,0.746372,0.0,0.36988148,0.46138364,0.0,0.0,0.0,0.08147612,0.61110306,0.0,0.0,0.0,0.0,0.0,0.0,0.0,0.0,0.12586042,0.101570815,0.51076096,0.0,0.10411499,0.0,0.0,0.19033056,0.0,0.0,0.15864877,0.30883628,0.0,0.27111366,0.5374844,0.0,0.5832605,0.6460973,0.6591267,0.32780796,0.0,0.0,0.0,0.044960056,-0.27235293,0.39018434
0.1505197,0.25816372,-0.455491,0.37236938,0.0,0.0,0.0,0.6595728,0.42892003,0.34849352,0.0,0.20008135,0.35246837,0.0,0.43761975,0.022922844,0.0,0.0,0.11405161,0.0,0.0,0.20161772,0.024313405,0.0,0.0,0.15722051,0.07047909,0.6075026,0.1391086,0.7372433,0.36087567,0.0,0.0,0.0,0.005662918,0.50040853,0.0,0.28657722,0.0,0.0,0.0,0.038858302,0.0,0.15800925,0.08755542,0.105280966,0.23202957,0.0,0.330687,0.0,0.0,0.2915417,0.0,0.0,0.15810019,0.38280046,0.0,0.18218508,0.39900428,0.009036094,0.47880894,0.56307626,0.5961462,0.5140595,0.0,0.0015885527,0.0,-0.086138755,-0.33970222,0.14014961
0.6184957,-0.008834804,-1.3087963,0.0,0.0,0.0,0.0,0.9792453,0.29663765,0.7305822,0.0,0.7042022,0.6347665,0.0,0.0,0.0,0.0,0.0,0.0,0.062852085,0.0,0.2940621,0.36476672,0.0,0.0,0.69450337,0.2825047,1.2284658,0.13522816,0.7174862,0.6718718,0.19369194,0.0,0.0,0.0,0.98286766,0.0,0.017827153,0.0,0.0,0.0,0.0,0.0,0.0,0.0,0.0549307,0.32625735,0.0,0.19722028,0.0,0.0,0.3959451,0.0,0.0,0.21453208,0.26221704,0.0,0.16560452,0.7936287,0.0,0.6217282,0.8505797,1.0904744,0.58457476,0.0,0.0,0.0,-0.09874101,-0.6294507,0.42190313
-0.010014562,0.22880346,-1.253737,0.0,0.0,0.0,0.0,0.9693024,0.2221444,0.74079955,0.0,0.4945138,0.30646613,0.0,0.31330943,0.0,0.0,0.0,0.0,0.0,0.0,0.47938246,0.19419073,0.0,0.0,0.32520455,0.38665685,0.96712554,0.40248647,1.1504081,0.7064152,0.0,0.0,0.0,0.0,0.9297233,0.0,0.20827444,0.0,0.0,0.0,0.0,0.0,0.0,0.0,0.03917381,0.077638924,0.0,0.48141748,0.0,0.0,0.4344392,0.0,0.0,0.36150515,0.48707873,0.0,0.026588954,0.7579318,0.0,0.46959704,0.7747685,1.0438495,0.6500049,0.0,0.0,0.0,-0.313109,-0.6550493,0.31818992
1.4905401,1.7636774,0.5041031,1.1844413,0.0,0.80830663,0.0,1.0098351,1.6618011,0.0,0.0,0.0,0.163333,0.0,0.4580219,0.0,0.10991201,0.8559325,0.28729406,0.0,0.78927743,0.0,0.17898013,0.7852892,0.3882969,0.22507225,0.0,1.2590685,0.32308882,0.025709808,0.0,0.7678815,0.0,0.15054862,0.0,0.3987434,0.0,0.6730972,0.0,0.0,0.0,0.46481937,0.0,0.2710346,0.87234163,0.7472901,0.61148524,0.0,0.5237341,0.0,0.0,0.8932407,0.0,0.42922485,0.0,0.0,0.38146377,1.1259108,0.0,0.020268068,0.7679201,0.32162836,0.7050343,1.0917324,0.0,0.46828303,0.0,0.6631706,-0.10228184,-0.9109607
0.72959757,1.7892975,0.26499826,0.97894347,0.0,0.6055314,0.0,1.0257549,1.4014623,0.0,0.0,0.0,0.0,0.0,0.82975245,0.0,0.3465906,0.45393097,0.3143396,0.0,0.7185038,0.0,0.04388748,0.5897049,0.05730836,0.0,0.0,1.0236256,0.5980408,0.5898886,0.0,0.4477404,0.0,0.0,0.0,0.4191503,0.0,0.90777797,0.0,0.0,0.0,0.48386824,0.0,0.33112463,0.5769618,0.56243896,0.3772934,0.0,0.6646451,0.0,0.0,0.7546345,0.0,0.3018626,0.0,0.18442312,0.3364881,0.8156549,0.14691064,0.03262403,0.49305212,0.3402453,0.64950097,1.1470038,0.0,0.37063077,0.0,0.30108088,-0.21453723,-0.8378598
-2.3687716,0.31426334,1.602055,1.5546486,0.0,0.0,0.83363235,0.0,0.07530406,0.0,1.173835,0.0,0.0,0.71321195,2.3848596,1.1718656,0.646881,0.0,1.2474649,0.0,0.47715962,0.89108205,0.0,0.0,0.0,0.0,0.0,0.0,0.18071201,1.432235,0.019480258,0.0,0.0,0.0,1.4683843,0.556755,0.0,1.161638,0.0,0.0,0.32282948,1.6054276,0.0,0.77043897,0.7927867,0.0905447,0.9917555,0.0,0.9315567,0.0,0.0,0.22985548,0.9701648,0.5091994,0.872817,1.7173741,1.0008984,1.1111145,0.5028524,0.0,0.12774697,0.1378716,0.17661898,0.52002865,0.0,0.6012215,0.0,-0.35540706,0.75107837,-0.83993065
-1.6088109,-1.1422888,0.6378913,0.8824463,0.0,0.0,0.7391269,0.0,0.0,0.7475567,0.6891364,0.0,0.35140097,1.199442,1.2106652,1.2119251,0.0,0.0,0.75786245,0.3798733,0.0,1.3764062,0.0,0.0,0.0,0.0,0.0,0.0,0.0,0.8968781,0.6235509,0.0,0.1409461,0.0,1.3958231,0.82813704,0.0,0.4712863,0.0,0.0,0.0035299808,1.1499336,0.0,0.28008094,0.5046725,0.07581444,0.98884535,0.0,0.55936813,0.0,0.0,0.0,0.37736738,0.0041178837,1.15419,1.7481034,0.5044307,0.6792214,0.7323957,0.0,0.39031,0.3529495,0.21296802,0.057447895,0.0,0.23150556,0.0,-0.40703025,0.5873085,0.27553016
-0.81880695,-1.3701462,-1.2663312,0.0,0.21072042,0.0,0.29164088,0.24443516,0.0,1.5112516,0.0,0.6914191,0.7279995,0.4993379,0.20610467,0.44191682,0.0,0.0,0.0,0.4581214,0.0,1.5474017,0.0,0.0,0.0,0.24919449,0.26050234,0.013998166,0.0,1.1250489,1.2705796,0.0,0.5734284,0.0,0.20686147,1.1845168,0.0,0.0,0.0,0.0,0.0,0.15905936,0.0,0.0,0.0,0.0,0.577538,0.0,0.4090113,0.0,0.0,0.0,0.0,0.0,0.92116594,1.319282,0.0,0.0019356236,1.1088148,0.0,0.72365415,0.92334336,0.83596665,0.0,0.0,0.0,0.0,-0.5835477,-0.25338084,1.0000528
0.7551853,0.4442763,-0.60426486,0.3269967,0.0,0.030287713,0.0,0.87295735,0.66387415,0.22366634,0.0,0.3461403,0.48425326,0.0,0.12744743,0.0,0.0,0.10589951,0.0,0.0,0.0,0.0,0.23021741,0.0,0.016775563,0.45990646,0.06949175,1.0574609,0.13253278,0.49411425,0.25849187,0.25342283,0.0,0.0,0.0,0.5889105,0.0,0.19570331,0.0,0.0,0.0,0.0,0.0,0.13659215,0.11190947,0.13864444,0.2919456,0.0,0.16321696,0.0,0.0,0.40278253,0.0,0.0,0.00372966,0.12681954,0.0,0.27818263,0.43969417,0.046722762,0.57553536,0.61487526,0.7053586,0.6662206,0.0,0.0,0.0,0.06765163,-0.43885764,0.108403906
-0.70644695,-0.63717514,0.078574896,0.6083528,0.0,0.0,0.18282992,0.0,0.0,0.62289715,0.13896921,0.0063656457,0.44643733,0.6623957,0.74062294,0.6795256,0.0,0.0,0.42496538,0.242013,0.0,0.8641382,0.0,0.0,0.0,0.0,0.0,0.0,0.0,0.7453926,0.54281247,0.0,0.015632287,0.0,0.771356,0.60538423,0.0,0.24601774,0.0,0.0,0.0,0.5668483,0.0,0.16203284,0.32371485,0.09121977,0.67719096,0.0,0.3689631,0.0,0.0,0.0025657564,0.19964045,0.0,0.69590163,1.07963,0.29155993,0.3622246,0.47059536,0.0,0.45280492,0.45058113,0.3193459,0.036147654,0.0,0.08497134,0.0,-0.2032946,0.23980814,0.33223504
-0.30126825,0.6017873,0.23758815,0.8175074,0.0,0.01029323,0.0,0.4406027,0.5701634,0.0043540597,0.0,0.0,0.04154855,0.0,0.9851283,0.23367356,0.03917077,0.0,0.4411509,0.0,0.13311784,0.106785074,0.0,0.0,0.0,0.0,0.0,0.11160256,0.22793108,0.8374889,0.089135036,0.0,0.0,0.0,0.3411546,0.21696255,0.0,0.59782165,0.0,0.0,0.0,0.3978988,0.0,0.34153852,0.2205581,0.11489813,0.30529696,0.0,0.47570252,0.0,0.0,0.34256238,0.11760804,0.08343434,0.15617518,0.5488575,0.2582072,0.3103791,0.16773956,0.046130948,0.3593908,0.36440593,0.3684618,0.54726666,0.0,0.19390869,0.0,-0.020485464,-0.08874342,-0.26648784
0.048420496,1.2174195,-0.8622977,0.15985858,0.0,0.06628953,0.0,1.1973139,0.7421695,0.1837817,0.0,0.12430962,0.0,0.0,0.7233909,0.0,0.17151228,0.0,0.0,0.0,0.0441698,0.0,0.14363511,0.031654358,0.0,0.04161674,0.38347664,1.1202055,0.7995165,1.2753592,0.2914005,0.16823974,0.0,0.0,0.0,0.690257,0.0,0.66061866,0.0,0.0,0.0,0.12154102,0.0,0.19683853,0.010936246,0.17504515,0.0,0.0,0.5818763,0.0,0.0,0.6342449,0.0,0.0,0.19273187,0.39235222,0.0,0.1055498,0.54486126,0.080772385,0.36344457,0.60062915,0.8729004,1.0584328,0.0,0.0,0.0,-0.28351033,-0.6490708,-0.1442097
1.0491327,-1.448138,-1.0296265,0.0,0.5817903,0.0,0.0,0.34931287,0.0,1.0678788,0.0,1.0103478,1.4262689,0.71691483,0.0,0.28277832,0.0,0.0,0.0,0.6259793,0.0,0.6348223,0.34710544,0.0,0.21335836,1.1028026,0.0,0.78406644,0.0,0.0,0.8525312,0.0,0.40127635,0.2756033,0.28039116,1.142332,0.0,0.0,0.0,0.0,0.0,0.0,0.0,0.0,0.09490853,0.06414886,1.1889403,0.0,0.0,0.0,0.0,0.0,0.0,0.0,0.41570207,0.6494511,0.0,0.51700926,0.98490363,0.0,1.0412349,1.0574667,1.0886756,0.0,0.0,0.024011081,0.0,0.026187118,-0.20097092,0.94935256
-0.951054,-0.7970265,-0.97012466,0.0,0.0,0.0,0.24793702,0.32590997,0.0,1.1908468,0.0,0.4135971,0.42778975,0.27565205,0.55402637,0.3692096,0.0,0.0,0.074904665,0.24959981,0.0,1.296669,0.0,0.0,0.0,0.0,0.25614208,0.0,0.0033248737,1.2692304,1.0340601,0.0,0.31952125,0.0,0.1714592,0.9796813,0.0,0.0,0.0,0.0,0.0,0.27610394,0.0,0.0,0.0,0.003363423,0.33361793,0.0,0.52587295,0.0,0.0,0.016431198,0.06688118,0.0,0.7770359,1.1468621,0.0,0.0,0.8577882,0.0,0.5468827,0.7422403,0.7363131,0.034038723,0.0,0.0,0.0,-0.54231507,-0.22741994,0.7600694
0.39591283,-0.59848785,-0.403011,0.36902276,0.07646796,0.0,0.0,0.3319107,0.13852672,0.60117173,0.0,0.42581043,0.81939507,0.45558417,0.01727122,0.31546745,0.0,0.0,0.08345561,0.29050702,0.0,0.4365215,0.041296363,0.0,0.018916659,0.42915237,0.0,0.4016254,0.0,0.2907506,0.5143227,0.0,0.020088628,0.0,0.37694797,0.590877,0.0,0.0,0.0,0.0,0.0,0.016288016,0.0,0.0,0.21210767,0.07589641,0.7095249,0.0,0.08506735,0.0,0.0,0.036872648,0.0,0.0,0.383672,0.54563195,0.08782081,0.30090827,0.5437054,0.0,0.5909036,0.60823655,0.49363503,0.08725533,0.0,0.0,0.0,0.011044677,-0.040284563,0.52646375
1.1622937,2.200026,-0.21249789,0.7211791,0.0,0.73503613,0.0,1.4461964,1.6227641,0.0,0.0,0.0,0.0,0.0,0.60942984,0.0,0.39132687,0.8792329,0.080549195,0.0,0.7492258,0.0,0.3011822,0.78827256,0.08505046,0.1953394,0.1345056,1.6514347,0.8529261,0.65727067,0.0,0.8607073,0.0,0.0,0.0,0.7590483,0.0,0.8783328,0.0,0.0,0.0,0.4195914,0.0,0.24799806,0.61331964,0.651639,0.27665785,0.0,0.66699135,0.0,0.0,1.0474879,0.0,0.2443824,0.0,0.0,0.2556769,0.9045958,0.24019155,0.12428674,0.6060797,0.4565631,0.97671175,1.4458101,0.0,0.26203966,0.0,0.32076794,-0.46313968,-0.84166354
-2.0937624,1.0048195,-0.23627944,0.41352612,0.0,0.0,0.4207943,0.574389,0.12262893,0.4136415,0.17747706,0.0,0.0,0.0,2.0024035,0.1728937,0.78604853,0.0,0.54280746,0.0,0.1644512,0.9013353,0.0,0.0,0.0,0.0,0.4183565,0.0,1.0321537,2.2409031,0.50157416,0.0,0.0,0.0,0.0,0.8475302,0.0,0.9771636,0.0,0.0,0.0,0.6797204,0.0,0.29787818,0.056346264,0.0,0.0,0.0,1.0968776,0.0,0.0,0.3097992,0.5345803,0.0,0.6294591,1.2710816,0.029716754,0.27818966,0.8007611,0.0,0.18501805,0.4923041,0.87643343,0.731585,0.0,0.033427246,0.0,-0.79432124,-0.2956865,-0.0735603
-1.047976,1.1637781,0.5506264,1.0080942,0.0,0.08141497,0.0,0.43261197,0.64884233,0.0,0.24903986,0.0,0.0,0.0,1.6757126,0.2630988,0.59940076,0.0,0.6765584,0.0,0.51762056,0.14948599,0.0,0.0,0.0,0.0,0.0017747432,0.0,0.6208826,1.3412215,0.0,0.0,0.0,0.0,0.35810316,0.28878248,0.0,0.96092993,0.0,0.0,0.0,0.6951977,0.0,0.47609848,0.35830483,0.21954133,0.42580122,0.0,0.81060326,0.0,0.0,0.40022925,0.45159847,0.25292403,0.24941361,0.81700444,0.4828894,0.5879784,0.23146157,0.0,0.22264668,0.26626754,0.46365678,0.74593294,0.0,0.36722806,0.0,-0.098298326,0.040799286,-0.65948683
-1.5897174,-0.059205756,-0.19166209,0.40917256,0.0,0.0,0.43121523,0.20146781,0.0,0.6971026,0.18251044,0.0,0.0,0.15304588,1.3640819,0.49861246,0.06295884,0.0,0.46733856,0.0,0.0,1.1030611,0.0,0.0,0.0,0.0,0.16807893,0.0,0.32400978,1.574738,0.66313684,0.0,0.0,0.0,0.4115858,0.8070315,0.0,0.50919807,0.0,0.0,0.0,0.66586125,0.0,0.25668454,0.11805645,0.0,0.23359214,0.0,0.76359093,0.0,0.0,0.18493402,0.3897509,0.0,0.71702516,1.2454772,0.009272672,0.23162438,0.6254397,0.0,0.33659783,0.46367046,0.64636207,0.36225384,0.0,0.015121102,0.0,-0.5948347,-0.09681928,0.21126522
0.67967016,0.085656054,-1.4021606,0.0,0.0,0.0,0.0,1.0640512,0.33907667,0.7236066,0.0,0.7333503,0.614366,0.0,0.0,0.0,0.0,0.018602729,0.0,0.02981755,0.0,0.24683471,0.40947264,0.0,0.0,0.73385006,0.32322302,1.3444899,0.19849065,0.7493613,0.67238903,0.26688173,0.0,0.0,0.0,1.0336365,0.0,0.051143944,0.0,0.0,0.0,0.0,0.0,0.0,0.0,0.05508089,0.30031127,0.0,0.20999835,0.0,0.0,0.4551871,0.0,0.0,0.20552887,0.23012744,0.0,0.16766064,0.8185703,0.0,0.63534385,0.87700486,1.1561449,0.6649014,0.0,0.0,0.0,-0.10136673,-0.6906571,0.3915494
0.052438457,-0.7551224,-0.9669584,0.0,0.10497919,0.0,0.0,0.46821588,0.0,0.9752307,0.0,0.6158706,0.7654557,0.28429475,0.010459542,0.20567988,0.0,0.0,0.0,0.30533722,0.0,0.8001153,0.09554589,0.0,0.0,0.46249408,0.12028337,0.49371174,0.0,0.6771999,0.8359089,0.0,0.22489177,0.0,0.09609854,0.91902757,0.0,0.0,0.0,0.0,0.0,0.0,0.0,0.0,0.013750309,0.026463479,0.5201549,0.0,0.16663504,0.0,0.0,0.042168207,0.0,0.0,0.5114709,0.6625612,0.0,0.122771084,0.8118993,0.0,0.63611066,0.7984817,0.80221456,0.06721583,0.0,0.0,0.0,-0.23777713,-0.29294455,0.73196584
-1.22453,0.89429,1.0864067,1.3299541,0.0,0.06216985,0.15606636,0.0751476,0.57644725,0.0,0.57218504,0.0,0.0,0.15772942,1.817213,0.5932251,0.5530938,0.0,0.8953769,0.0,0.5757331,0.22142321,0.0,0.0,0.0,0.0,0.0,0.0,0.36025998,1.141506,0.0,0.0,0.0,0.0,0.82695425,0.26403338,0.0,0.96632534,0.0,0.0,0.111734375,0.9848995,0.0,0.6240652,0.5919381,0.22359554,0.73575497,0.0,0.8315282,0.0,0.0,0.33585128,0.6705297,0.4235347,0.363581,1.0516305,0.73551923,0.8141363,0.2158061,0.0,0.18531933,0.20761767,0.32511148,0.646551,0.0,0.51934266,0.0,-0.046283517,0.3489966,-0.8265269
-0.58139914,0.09657323,0.18594156,0.73320603,0.0,0.0,0.0,0.22885223,0.25661808,0.27351797,0.07531765,0.0,0.1658922,0.26195163,0.95279074,0.43770343,0.0,0.0,0.45664716,0.0,0.0,0.46722618,0.0,0.0,0.0,0.0,0.0,0.0,0.04296223,0.863745,0.29035926,0.0,0.0,0.0,0.53203064,0.40251178,0.0,0.46379364,0.0,0.0,0.0,0.47729018,0.0,0.29063445,0.25083688,0.080411166,0.4388489,0.0,0.44367573,0.0,0.0,0.2165744,0.20705578,0.0,0.3965407,0.76403606,0.2907186,0.3042489,0.27635497,0.0,0.40477234,0.4120564,0.35823068,0.30680963,0.0,0.16130365,0.0,-0.104782864,0.036362078,-0.018470846
-1.5473033,-1.4358009,0.9796615,1.0916795,0.0,0.0,0.80157983,0.0,0.0,0.6968425,0.8629334,0.0,0.5041926,1.5384638,1.1617746,1.4403943,0.0,0.0,0.8694484,0.5018993,0.0,1.3910532,0.0,0.0,0.0,0.0,0.0,0.0,0.0,0.62525773,0.5552852,0.0,0.16378857,0.0,1.7344178,0.78765064,0.0,0.5035868,0.0,0.0,0.14424007,1.2965115,0.0,0.27438456,0.637017,0.11168721,1.2267746,0.0,0.49835116,0.0,0.0,0.0,0.36393788,0.0743434,1.2687682,1.8670328,0.71230584,0.8222968,0.7587549,0.0,0.3819452,0.32749838,0.061694704,0.0,0.0,0.3155788,0.0,-0.3597665,0.7943417,0.20092897
0.33542946,-2.1547093,0.5603339,0.89725566,0.66041493,0.0,0.08480278,0.0,0.0,0.78027475,0.25444844,0.37840593,1.4901116,1.8539255,0.0,1.2571573,0.0,0.0,0.42207035,0.88322663,0.0,0.89908904,0.0,0.0,0.32946807,0.41523206,0.0,0.0,0.0,0.0,0.55184627,0.0,0.3569761,0.30975634,1.6448469,0.7282333,0.0,0.0,0.0,0.0,0.0,0.6320038,0.0,0.0,0.7449029,0.2420129,1.7027287,0.0,0.0,0.0,0.0,0.0,0.0,0.0,1.0223641,1.3462863,0.5171065,0.75989395,0.6333269,0.0,1.0280597,0.6872176,0.17445816,0.0,0.0,0.18392633,0.0,0.19080116,0.62703985,0.65838253
0.703083,2.275709,1.3494726,1.7175138,0.0,0.956717,0.0,0.749256,1.8038111,0.0,0.036720544,0.0,0.0,0.0,1.2897141,0.0,0.6973865,0.49883687,0.7231818,0.0,1.3371838,0.0,0.0,0.94663507,0.21840651,0.0,0.0,0.56880563,0.5400369,0.32041225,0.0,0.3660786,0.0,0.0,0.3143896,0.16819207,0.0,1.2709904,0.0,0.0,0.11575477,0.947041,0.0,0.45478928,1.0828711,0.83526856,0.8592217,0.0,0.9920484,0.0,0.0,0.8528073,0.22729436,0.7669202,0.0,0.32216626,0.7302895,1.3625348,0.0,0.0,0.42761528,0.2148802,0.5449585,1.2009175,0.0,0.8274677,0.0,0.5840711,0.1947568,-1.5287497
0.24066116,0.5276923,-0.50450635,0.36329117,0.0,0.0,0.0,0.79778945,0.56444365,0.25014076,0.0,0.17769963,0.26488405,0.0,0.46837926,0.0,0.0,0.0,0.086627826,0.0,0.0,0.055685252,0.071627334,0.0,0.0,0.16293988,0.11733619,0.7739712,0.2755006,0.7902199,0.29409486,0.0063608885,0.0,0.0,0.0,0.5015834,0.0,0.37629658,0.0,0.0,0.0,0.03676643,0.0,0.18122905,0.07068262,0.12914176,0.16386116,0.0,0.3626228,0.0,0.0,0.3875789,0.0,0.0,0.110044345,0.33758593,0.0,0.1835651,0.40164554,0.045698047,0.45306605,0.55777377,0.6515512,0.66726094,0.0,0.0,0.0,-0.09855032,-0.4164729,0.039360844
-0.6020955,1.2089405,1.3928422,1.591751,0.0,0.3527264,0.0,0.14644192,0.95596707,0.0,0.51592207,0.0,0.0,0.12332405,1.6577878,0.50512564,0.5467322,0.0,0.9189675,0.0,0.8358065,0.0,0.0,0.21390855,0.0,0.0,0.0,0.0,0.28167716,0.7433797,0.0,0.0,0.0,0.0,0.85910976,0.121040195,0.0,1.0833657,0.0,0.0,0.1954058,1.0312797,0.0,0.6119388,0.7903396,0.42372465,0.9078722,0.0,0.8779503,0.0,0.0,0.45569605,0.6407027,0.6066918,0.16903661,0.8708719,0.83594453,0.985708,0.09196799,0.0,0.17607492,0.18135816,0.2846194,0.7529044,0.0,0.7202383,0.0,0.18383485,0.41306022,-1.1596507
-0.44118178,-1.4373826,0.27232465,0.7023328,0.23241562,0.0,0.25368,0.0,0.0,0.7884422,0.24654275,0.1665218,0.89576024,1.25388,0.3648009,1.0032346,0.0,0.0,0.44401905,0.558144,0.0,1.0321636,0.0,0.0,0.0,0.0,0.0,0.0,0.0,0.24751014,0.6235758,0.0,0.23124354,0.0,1.209894,0.68826413,0.0,0.061139837,0.0,0.0,0.0,0.64347917,0.0,0.014201127,0.42522964,0.13723335,1.1087011,0.0,0.11584577,0.0,0.0,0.0,0.00056914985,0.0,0.9326971,1.3067155,0.40409526,0.4615659,0.64804316,0.0,0.59195083,0.59687984,0.16685195,0.0,0.0,0.1451554,0.0,-0.11070317,0.39620805,0.57233953
1.045587,-0.60560006,-0.076164685,0.6256984,0.18501478,0.0,0.0,0.2716031,0.38966292,0.33234492,0.0,0.43359634,1.0540055,0.6302173,0.0,0.3472014,0.0,0.0,0.10556333,0.3493717,0.0,0.05277711,0.12443806,0.0,0.32451105,0.6484728,0.0,0.53863764,0.0,0.0,0.26938263,0.009010315,0.0,0.26457936,0.55290866,0.41892093,0.0,0.0,0.0,0.0,0.0,0.03364192,0.0,0.020096138,0.47262105,0.184195,0.99228173,0.0,0.0,0.0,0.0,0.10962382,0.0,0.0,0.17046812,0.39899218,0.2663236,0.58664155,0.3777603,0.0,0.79887545,0.5452728,0.4668826,0.1006399,0.0,0.068274826,0.0,0.37862653,0.13777062,0.3505655
-0.6639065,-0.7054476,0.4377487,0.841916,0.0,0.0,0.20586073,0.0,0.0,0.4830811,0.30108705,0.0,0.49271026,0.86951923,0.7848389,0.8363161,0.0,0.0,0.54919016,0.28127533,0.0,0.7879427,0.0,0.0,0.0,0.0,0.0,0.0,0.0,0.55099344,0.41369957,0.0,0.0,0.0,1.0298353,0.52455896,0.0,0.33016372,0.0,0.0,0.0,0.69736886,0.0,0.20144701,0.4395122,0.1092228,0.8367347,0.0,0.33925718,0.0,0.0,0.014015272,0.2253868,0.0,0.7344568,1.1209553,0.49812534,0.4902114,0.44134954,0.0,0.42395818,0.4016741,0.1931447,0.032729387,0.0,0.1814971,0.0,-0.10470353,0.40046582,0.20527516
-0.90196574,-0.016359413,2.8451467,2.4448857,0.0,0.18665914,0.34367716,0.0,0.59751785,0.0,1.3992201,0.0,0.1089001,1.5318812,1.7702286,1.5517542,0.10102013,0.0,1.4777694,0.090134494,0.7525932,0.03892982,0.0,0.0,0.13081479,0.0,0.0,0.0,0.0,0.0,0.0,0.0,0.0,0.0,2.322574,0.12159138,0.0,1.2171506,0.0,0.0,0.7450803,1.7283156,0.0,0.6843698,1.2322389,0.46016705,1.7600309,0.0,0.83150196,0.0,0.0,0.4334953,0.80804384,0.92385566,0.8301384,1.4677683,1.5845642,1.4912821,0.10951443,0.0,0.12276175,0.0140410215,0.0,0.5169187,0.0,1.099706,0.0,0.20717758,1.1708845,-1.4625163
0.3975234,0.8420506,-1.3064009,0.0,0.0,0.0,0.0,1.2842556,0.60185915,0.45123464,0.0,0.4628445,0.17920399,0.0,0.28555074,0.0,0.0,0.0984422,0.0,0.0,0.0,0.036997393,0.3393185,0.0,0.0,0.41906995,0.44282612,1.4135762,0.64473426,1.1249957,0.49417925,0.31860694,0.0,0.0,0.0,0.94939846,0.0,0.36479932,0.0,0.0,0.0,0.0,0.0,0.0035655051,0.0,0.09212285,0.0,0.0,0.43412384,0.0,0.0,0.65153897,0.0,0.0,0.22147635,0.2660919,0.0,0.08473468,0.7174985,0.0,0.5034466,0.7466105,1.1436151,0.99097234,0.0,0.0,0.0,-0.2263662,-0.8112555,0.08960784
1.3377931,-1.6322206,-1.7934867,0.0,0.7503252,0.0,0.0,0.64052814,0.0,1.4148812,0.0,1.4214771,1.6083891,0.49241894,0.0,0.011527747,0.0,0.0,0.0,0.68910384,0.0,0.7562706,0.61978894,0.0,0.18522213,1.5095491,0.114071466,1.2941843,0.0,0.0,1.1410408,0.19026539,0.60929304,0.31453627,0.0,1.5531044,0.0,0.0,0.0,0.0,0.0,0.0,0.0,0.0,0.0,0.03028591,1.219142,0.0,0.0,0.0,0.0,0.021035425,0.0,0.0,0.3386162,0.57890385,0.0,0.54558027,1.3008368,0.0,1.3001413,1.4704633,1.6057217,0.0,0.0,0.0,0.0,-0.00010058656,-0.48169094,1.1744239
-0.17275111,0.9816229,2.2132263,2.142838,0.0,0.53221744,0.0,0.0,1.1353657,0.0,0.8069272,0.0,0.0,0.65147877,1.5490198,0.83945215,0.3525326,0.0,1.1517321,0.0,1.0138909,0.0,0.0,0.33626437,0.18400551,0.0,0.0,0.0,0.0,0.076214224,0.0,0.0,0.0,0.0,1.4588983,0.0,0.0,1.1626776,0.0,0.0,0.47488022,1.3778552,0.0,0.6779147,1.1913642,0.62423885,1.3955834,0.0,0.89376724,0.0,0.0,0.522838,0.6803855,0.9169463,0.27976054,0.94260955,1.2276955,1.37398,0.0,0.0,0.16400637,0.05524479,0.03520181,0.69228894,0.0,1.0111307,0.0,0.4135785,0.83296144,-1.5567017
-0.7092656,0.11286678,0.36118233,0.8403974,0.0,0.0,0.041539013,0.14404595,0.25747603,0.21591139,0.18795234,0.0,0.11372426,0.32745045,1.0743408,0.5184774,0.0,0.0,0.54033124,0.0,0.0,0.47975394,0.0,0.0,0.0,0.0,0.0,0.0,0.031058662,0.8744534,0.24224758,0.0,0.0,0.0,0.646678,0.3923353,0.0,0.5192544,0.0,0.0,0.0,0.5816264,0.0,0.35124904,0.30789882,0.07433285,0.49908644,0.0,0.47355685,0.0,0.0,0.21448591,0.27154082,0.038199507,0.42850706,0.8405214,0.3822622,0.38270268,0.2797942,0.0,0.37943727,0.36491877,0.32536426,0.31476963,0.0,0.20801717,0.0,-0.096409455,0.11846642,-0.10223338
-0.42785817,0.7390109,1.0116425,1.3242631,0.0,0.17282121,0.0,0.14717376,0.73358387,0.0,0.3457773,0.0,0.0,0.24592751,1.3005898,0.5015844,0.2119076,0.0,0.7459583,0.0,0.472813,0.0,0.0,0.0006278753,0.0,0.0,0.0,0.0,0.10105119,0.642023,0.0,0.0,0.0,0.0,0.79446495,0.12651737,0.0,0.79879916,0.0,0.0,0.0439509,0.77304614,0.0,0.49613836,0.5596955,0.26688725,0.7415099,0.0,0.63864005,0.0,0.0,0.3570463,0.42431706,0.4281518,0.20809998,0.7697076,0.6525072,0.7023955,0.08098241,0.0,0.24870586,0.20869274,0.22692728,0.5800587,0.0,0.5176615,0.0,0.15684023,0.28082708,-0.7521024
1.4528747,0.12223171,-0.5402768,0.39499813,0.0,0.09448147,0.0,0.807587,0.74404275,0.17959614,0.0,0.5417114,0.8748241,0.0,0.0,0.0,0.0,0.3905201,0.0,0.098503835,0.0,0.0,0.3838756,0.0,0.31663758,0.8436179,0.0,1.2567631,0.0,0.0,0.18674499,0.49401852,0.0,0.2500505,0.0,0.60878146,0.0,0.0,0.0,0.0,0.0,0.0,0.0,0.022406898,0.29531404,0.20824362,0.6173561,0.0,0.0,0.0,0.0,0.45988506,0.0,0.0,0.0,0.0,0.06780835,0.5941903,0.37892586,0.0,0.86203,0.64196503,0.81661075,0.5515355,0.0,0.0003717742,0.0,0.38315034,-0.3096719,0.18085963
-0.5789911,2.0838628,0.77876997,1.2466245,0.0,0.51054543,0.0,0.7556449,1.232046,0.0,0.13052249,0.0,0.0,0.0,1.7917323,0.0,0.9581053,0.0,0.70366955,0.0,1.0445611,0.0,0.0,0.49420792,0.0,0.0,0.0,0.18479976,0.9278479,1.2634459,0.0,0.0,0.0,0.0,0.099930316,0.2884968,0.0,1.3738581,0.0,0.0,0.0,0.8559452,0.0,0.4753106,0.61306113,0.53262746,0.5219319,0.0,1.0712653,0.0,0.0,0.62489736,0.41769463,0.46117878,0.032555148,0.6892976,0.55896556,0.92467314,0.2535876,0.0,0.19803005,0.23481672,0.61100936,1.1122903,0.0,0.58948463,0.0,0.07868162,0.017461862,-1.1632497
-1.2819918,0.20989914,-0.011048364,0.56481504,0.0,0.0,0.24840218,0.26883167,0.060278982,0.45536914,0.15568924,0.0,0.0,0.079122126,1.3320607,0.4253423,0.12251577,0.0,0.4913925,0.0,0.0,0.7993518,0.0,0.0,0.0,0.0,0.09852696,0.0,0.33717647,1.402771,0.46742076,0.0,0.0,0.0,0.3997178,0.63665295,0.0,0.5685006,0.0,0.0,0.0,0.5912336,0.0,0.28628424,0.14879954,0.0,0.24605604,0.0,0.6717452,0.0,0.0,0.2380448,0.35250252,0.0,0.5658489,1.0306835,0.12868972,0.25547227,0.4849978,0.0,0.34181646,0.4498511,0.56597674,0.4060663,0.0,0.07658677,0.0,-0.42436552,-0.09433739,0.05824265
0.00845899,-0.62819713,0.6518067,1.0316153,0.0,0.0,0.0,0.0,0.20240395,0.2272223,0.21510893,0.0,0.6976987,0.94141376,0.49172756,0.79074913,0.0,0.0,0.52782667,0.30745614,0.0,0.3842019,0.0,0.0,0.08775224,0.0,0.0,0.0,0.0,0.08368212,0.18651012,0.0,0.0,0.0,1.0966125,0.24193117,0.0,0.29441524,0.0,0.0,0.0,0.56005794,0.0,0.20362297,0.5404578,0.18789838,0.9585308,0.0,0.16488847,0.0,0.0,0.045567803,0.10079959,0.040811352,0.5289122,0.8370986,0.66949576,0.54084396,0.2684399,0.0,0.4536422,0.37750375,0.016032495,0.017667308,0.0,0.23904479,0.0,0.19119497,0.47491848,0.053408682
1.2767403,-1.2092133,1.2749004,1.4871327,0.41039667,0.0,0.0,0.0,0.44269538,0.0,0.23381287,0.07519168,1.4070243,1.6259973,0.0,1.0514277,0.0,0.0,0.55691004,0.62830436,0.0,0.0,0.0,0.0,0.73301166,0.4727115,0.0,0.0,0.0,0.0,0.0,0.0,0.0,0.58633655,1.6634215,0.10870409,0.0,0.07993983,0.0,0.0,0.0,0.598459,0.0,0.24710274,1.1795188,0.3993879,1.6541116,0.0,0.0,0.0,0.0,0.0,0.0,0.39341778,0.49766743,0.84665114,0.851347,1.0350764,0.06588486,0.0,1.0713944,0.2820611,0.0,0.0,0.0,0.25412384,0.0,0.7577797,0.87850636,-0.037409484
0.063423246,-1.2445276,-1.0097779,0.0,0.31155702,0.0,0.0,0.2957982,0.0,1.1769994,0.0,0.7467468,0.9861584,0.56761086,0.0,0.36400226,0.0,0.0,0.0,0.4828735,0.0,1.0130813,0.09074031,0.0,0.0,0.57685596,0.05987186,0.35274598,0.0,0.52965885,0.9756602,0.0,0.40391892,0.0,0.2687416,1.0466948,0.0,0.0,0.0,0.0,0.0,0.0,0.0,0.0,0.014558729,0.021836407,0.8018748,0.0,0.0627056,0.0,0.0,0.0,0.0,0.0,0.6704267,0.88787526,0.0,0.19984266,0.94908005,0.0,0.7563866,0.903681,0.81560224,0.0,0.0,0.0,0.0,-0.26510468,-0.21354276,0.918065
0.96385086,0.24818322,-0.5815872,0.3433592,0.0,0.019378126,0.0,0.8127206,0.64500195,0.24669185,0.0,0.4258912,0.64529663,0.0,0.0,0.0,0.0,0.15784359,0.0,0.016805928,0.0,0.0,0.2713282,0.0,0.11624862,0.59319687,0.0016919747,1.0802994,0.0,0.2957226,0.26120272,0.297363,0.0,0.056790143,0.0,0.57977873,0.0,0.05118707,0.0,0.0,0.0,0.0,0.0,0.102224074,0.17296658,0.15545987,0.42405725,0.0,0.0480389,0.0,0.0,0.37819168,0.0,0.0,0.0,0.040059857,0.0,0.3646453,0.4120621,0.0069129467,0.6744686,0.62633,0.7046091,0.5714824,0.0,0.0,0.0,0.1986927,-0.3779053,0.17273635
-1.7517879,-0.16061398,0.08245438,0.5713675,0.0,0.0,0.5465876,0.02380374,0.0,0.6475104,0.36265483,0.0,0.0,0.33517265,1.4890792,0.6650604,0.08144742,0.0,0.5906189,0.0,0.0,1.158534,0.0,0.0,0.0,0.0,0.07298762,0.0,0.2280558,1.5275662,0.6133156,0.0,0.0,0.0,0.64078045,0.80904305,0.0,0.55285394,0.0,0.0,0.0,0.83051044,0.0,0.36224428,0.23542708,0.0,0.40581584,0.0,0.75637054,0.0,0.0,0.13598111,0.4888175,0.0,0.7919966,1.3948485,0.18000951,0.39196482,0.62834483,0.0,0.33173898,0.38012058,0.54406154,0.3189475,0.0,0.09268191,0.0,-0.5514792,0.10525189,0.13806243
0.79631585,0.13667677,-1.0160714,0.040857494,0.0,0.0,0.0,0.9336426,0.46681473,0.5122167,0.0,0.5908506,0.6341414,0.0,0.0,0.0,0.0,0.06603742,0.0,0.031752635,0.0,0.07825711,0.33899522,0.0,0.0,0.66436005,0.17044538,1.2028134,0.0810787,0.5379575,0.48860118,0.26590922,0.0,0.0,0.0,0.8395183,0.0,0.03709644,0.0,0.0,0.0,0.0,0.0,0.0,0.024138795,0.08051176,0.35281426,0.0,0.113148324,0.0,0.0,0.40960014,0.0,0.0,0.09498589,0.1481804,0.0,0.22845736,0.6498103,0.0,0.6169734,0.75456315,0.95138496,0.61227036,0.0,0.0,0.0,0.016334992,-0.56355566,0.31447053
-0.48956499,-0.3348639,-0.3493757,0.36180893,0.0,0.0,0.0,0.30020383,0.0,0.65297735,0.0,0.15622404,0.38835272,0.28788087,0.6155383,0.37313455,0.0,0.0,0.24010944,0.13371278,0.0,0.7335312,0.0,0.0,0.0,0.0,0.03013637,0.02211833,0.0,0.88741064,0.5904472,0.0,0.0,0.0,0.35654452,0.6115151,0.0,0.18176667,0.0,0.0,0.0,0.3063823,0.0,0.05770556,0.14555667,0.07068613,0.43348676,0.0,0.37135148,0.0,0.0,0.092741325,0.10100067,0.0,0.53847426,0.78646684,0.052750465,0.14378557,0.4487481,0.0,0.4859969,0.5442311,0.4766626,0.1111617,0.0,0.022163974,0.0,-0.22893535,-0.06824833,0.39625388
-0.07416841,-0.82719004,-0.15242933,0.4872887,0.07025081,0.0,0.0,0.07529855,0.0,0.67094004,0.0,0.27696478,0.75452125,0.69550365,0.26367635,0.5646704,0.0,0.0,0.24244665,0.34849653,0.0,0.6983936,0.0,0.0,0.0,0.1697064,0.0,0.0,0.0,0.39747036,0.56332123,0.0,0.08227165,0.0,0.66165364,0.57555425,0.0,0.0,0.0,0.0,0.0,0.2681529,0.0,0.0,0.26518455,0.07468489,0.78709924,0.0,0.15445712,0.0,0.0,0.0,0.016944557,0.0,0.599403,0.8486401,0.2154182,0.28487906,0.521744,0.0,0.5505381,0.56144464,0.34124523,0.0,0.0,0.046003133,0.0,-0.06812942,0.13275951,0.5344139
0.15108013,0.7715624,0.019729678,0.7157586,0.0,0.119245216,0.0,0.65782905,0.7397684,0.0,0.0,0.0,0.12632784,0.0,0.73650974,0.02098313,0.0,0.0,0.29592517,0.0,0.13821886,0.0,0.0,0.0,0.0,0.0,0.0,0.51891106,0.27126607,0.70901024,0.045872495,0.0,0.0,0.0,0.10294965,0.24554363,0.0,0.58656645,0.0,0.0,0.0,0.23204483,0.0,0.3280058,0.1924442,0.19186069,0.2114904,0.0,0.39590418,0.0,0.0,0.3838739,0.0,0.03980197,0.017422274,0.368383,0.18922566,0.33151484,0.19159171,0.081481226,0.3912263,0.38245684,0.41331738,0.6879052,0.0,0.13807464,0.0,0.028520241,-0.19964153,-0.2669469
0.20270745,-0.5848191,-1.3605764,0.0,0.082464874,0.0,0.0,0.72257155,0.0,1.0534016,0.0,0.76775765,0.7423192,0.004794091,0.0,0.0,0.0,0.0,0.0,0.24146664,0.0,0.74923974,0.24682416,0.0,0.0,0.6207551,0.27219868,0.84974897,0.0,0.8025821,0.916432,0.0,0.23955716,0.0,0.0,1.0578089,0.0,0.0,0.0,0.0,0.0,0.0,0.0,0.0,0.0,0.0054874867,0.39315045,0.0,0.2060515,0.0,0.0,0.18524158,0.0,0.0,0.40140015,0.54738176,0.0,0.09948005,0.91166794,0.0,0.6766261,0.9792688,1.0736341,0.2564156,0.0,0.0,0.0,-0.23370422,-0.5253027,0.6928505
-0.30502352,1.6700339,1.4321967,1.666354,0.0,0.56693894,0.0,0.34827903,1.2531031,0.0,0.40564886,0.0,0.0,0.0,1.662256,0.3097385,0.7010467,0.0,0.895753,0.0,1.073366,0.0,0.0,0.47912747,0.0,0.0,0.0,0.0,0.4425046,0.69766057,0.0,0.0,0.0,0.0,0.67737156,0.08565145,0.0,1.2547535,0.0,0.0,0.18483008,1.0703737,0.0,0.5929338,0.87780404,0.5493001,0.8867357,0.0,0.99811745,0.0,0.0,0.5649067,0.60380644,0.6729463,0.031568117,0.7686278,0.8173147,1.0894091,0.09697201,0.0,0.16266026,0.18186724,0.3415091,0.91823715,0.0,0.7996655,0.0,0.2562865,0.35911906,-1.36696
-1.2108077,2.9883363,2.3872535,2.3141727,0.0,0.95936394,0.0,0.342292,1.7312263,0.0,0.9395361,0.0,0.0,0.0,2.8674061,0.33776322,1.7638425,0.0,1.4018273,0.0,2.0519571,0.0,0.0,0.96686155,0.0,0.0,0.0,0.0,1.0873792,1.2798018,0.0,0.0,0.0,0.0,0.8095746,0.20506778,0.0,2.1192327,0.0,0.0,0.6027731,1.8176771,0.0,0.90863186,1.4534076,0.96154946,1.3419838,0.0,1.7247794,0.0,0.0,0.7859243,1.2422684,1.1467911,0.07656472,1.1926823,1.3665998,1.8954377,0.22160928,0.0,0.0,0.05349414,0.56670594,1.3902217,0.0,1.3327038,0.0,0.20785621,0.7482581,-2.4299088
1.1979719,0.46817997,1.2683631,1.583391,0.0,0.49092048,0.0,0.13708784,1.1491627,0.0,0.06760885,0.0,0.63559914,0.5838054,0.36661315,0.455804,0.0,0.19245803,0.59174633,0.012040239,0.42942488,0.0,0.0,0.29081422,0.54982847,0.10688856,0.0,0.23111147,0.0,0.0,0.0,0.12733495,0.0,0.32016897,0.9747318,0.0,0.0,0.50705475,0.0,0.0,0.0,0.58115005,0.0,0.4421107,1.0669361,0.5284687,1.0501161,0.0,0.32503492,0.0,0.0,0.43514293,0.07895441,0.55465454,0.0,0.4396212,0.77027166,1.0219238,0.0,0.0,0.70439684,0.17735857,0.07123425,0.4078031,0.0,0.43529195,0.0,0.7397148,0.48832822,-0.72632194
-0.7833229,0.8702731,-1.6621519,0.0,0.0,0.0,0.0,1.2978854,0.19562763,0.8297308,0.0,0.34912542,0.0,0.0,0.8623102,0.0,0.18904534,0.0,0.0,0.0,0.0,0.67161477,0.12514241,0.0,0.0,0.0,0.7460161,1.0355709,1.0606587,1.990519,0.84344006,0.0,0.0,0.0,0.0,1.1207359,0.0,0.6192561,0.0,0.0,0.0,0.12513924,0.0,0.0,0.0,0.053739294,0.0,0.0,0.9247315,0.0,0.0,0.6088255,0.0,0.0,0.60585195,0.8020454,0.0,0.0,0.9138662,0.0,0.37177896,0.86976326,1.2776856,0.9644439,0.0,0.0,0.0,-0.5977359,-0.79199076,0.18296239
-0.7567248,-0.30229968,-0.32820913,0.35993168,0.0,0.0,0.101401776,0.27006292,0.0,0.68420124,0.0,0.083557785,0.27913427,0.26858175,0.7810248,0.40939403,0.0,0.0,0.28848937,0.10366081,0.0,0.84193486,0.0,0.0,0.0,0.0,0.06477407,0.0,0.027279742,1.0501901,0.62351274,0.0,0.0,0.0,0.37292147,0.66306967,0.0,0.24961717,0.0,0.0,0.0,0.39690915,0.0,0.09927824,0.13792108,0.05128473,0.38177085,0.0,0.4629477,0.0,0.0,0.10697138,0.1649493,0.0,0.5894992,0.90146065,0.020133907,0.15472333,0.47620827,0.0,0.4568318,0.5272019,0.5153071,0.15747663,0.0,0.013141312,0.0,-0.32119662,-0.07407467,0.3681538
-0.07617059,-2.3688328,-1.4720523,0.0,0.77339387,0.0,0.16213879,0.034542143,0.0,1.8324174,0.0,1.1591305,1.4337394,1.0473505,0.0,0.61195326,0.0,0.0,0.0,0.8675223,0.0,1.6669161,0.13358556,0.0,0.0,0.8689051,0.080160804,0.1518584,0.0,0.4385892,1.4678143,0.0,0.9076379,0.0,0.43919024,1.499413,0.0,0.0,0.0,0.0,0.0,0.05506482,0.0,0.0,0.0,0.0,1.3054647,0.0,0.0,0.0,0.0,0.0,0.0,0.0,1.0422399,1.4808201,0.0,0.2997998,1.4288479,0.0,1.0727082,1.2696438,1.0486102,0.0,0.0,0.0,0.0,-0.4428637,-0.2074527,1.3505902
-1.3588048,-0.63439214,0.018236453,0.5256237,0.0,0.0,0.4694785,0.0,0.0,0.77721924,0.28188428,0.0,0.21346971,0.611688,1.0895398,0.752532,0.0,0.0,0.5008787,0.19300008,0.0,1.1879622,0.0,0.0,0.0,0.0,0.0,0.0,0.0,1.1637837,0.68644834,0.0,0.07940434,0.0,0.77020735,0.804017,0.0,0.34469414,0.0,0.0,0.0,0.76489055,0.0,0.23945743,0.27991867,0.04014474,0.5957733,0.0,0.5607666,0.0,0.0,0.020798817,0.32383066,0.0,0.8608206,1.3756396,0.17399876,0.39304575,0.6145653,0.0,0.42553872,0.4239846,0.43191874,0.11821476,0.0,0.07438869,0.0,-0.44268656,0.21596713,0.35465968
-0.088323645,-0.82999706,1.0466843,1.2708488,0.008747339,0.0,0.021619469,0.0,0.15764087,0.14984521,0.44487742,0.0,0.7537853,1.2427167,0.5763423,1.030233,0.0,0.0,0.68404293,0.38660836,0.0,0.4226933,0.0,0.0,0.14872397,0.0,0.0,0.0,0.0,0.0,0.10363689,0.0,0.0,0.029956043,1.4414701,0.2194786,0.0,0.37874103,0.0,0.0,0.11533801,0.76506907,0.0,0.24621987,0.7069665,0.23202272,1.1714275,0.0,0.15855359,0.0,0.0,0.04856988,0.14445317,0.14793026,0.6674128,0.9709573,0.8912665,0.71154135,0.26533148,0.0,0.463529,0.3206025,0.0,0.0,0.0,0.32856986,0.0,0.23842262,0.6702776,-0.08473934
-0.41087928,-0.22472735,-0.7941721,0.082924426,0.0,0.0,0.0,0.5437659,0.0,0.7904718,0.0,0.3272264,0.3663417,0.019900829,0.4964887,0.15015072,0.0,0.0,0.06692654,0.085057646,0.0,0.75443804,0.0,0.0,0.0,0.08068428,0.20202518,0.35036272,0.12214322,1.0573258,0.719414,0.0,0.03898026,0.0,0.018052995,0.76715314,0.0,0.10637349,0.0,0.0,0.0,0.10800402,0.0,0.0,0.0,0.032438762,0.20982291,0.0,0.43283096,0.0,0.0,0.180388,0.0,0.0,0.47630027,0.66320026,0.0,0.012416637,0.6107435,0.0,0.4861403,0.67653894,0.7353685,0.268089,0.0,0.0,0.0,-0.31624776,-0.36550817,0.46789777
-0.89635134,-1.4359194,0.38193366,0.7438557,0.14087728,0.0,0.46525168,0.0,0.0,0.8298823,0.4163386,0.025346844,0.7338091,1.2878672,0.64676803,1.1128527,0.0,0.0,0.5525848,0.5289395,0.0,1.2224238,0.0,0.0,0.0,0.0,0.0,0.0,0.0,0.47732285,0.665336,0.0,0.24280046,0.0,1.3076962,0.7693517,0.0,0.20423271,0.0,0.0,0.0,0.8534187,0.0,0.11049061,0.45956844,0.13310705,1.0701523,0.0,0.2790717,0.0,0.0,0.0,0.12036699,0.0,1.05783,1.5293479,0.42621392,0.5495536,0.6988274,0.0,0.5156604,0.5228716,0.16941789,0.0,0.0,0.1618125,0.0,-0.24375148,0.48101795,0.49580425
1.054984,-0.41626197,-1.24189,0.0,0.16682214,0.0,0.0,0.84599423,0.26192355,0.76917875,0.0,0.8625481,0.97046363,0.0,0.0,0.0,0.0,0.051860034,0.0,0.24409577,0.0,0.24354282,0.44567043,0.0,0.07941669,0.9669159,0.13383248,1.2662307,0.0,0.29543194,0.66931766,0.2827358,0.087537155,0.10685174,0.0,1.0234022,0.0,0.0,0.0,0.0,0.0,0.0,0.0,0.0,0.01845887,0.06263091,0.6384288,0.0,0.0,0.0,0.0,0.30941173,0.0,0.0,0.12266901,0.19061951,0.0,0.33879888,0.80256814,0.0,0.83270216,0.9674399,1.1526614,0.40379244,0.0,0.0,0.0,0.07817729,-0.53851384,0.5615419
1.5726212,-0.6029817,-0.8960994,0.12439114,0.32390305,0.0,0.0,0.69032985,0.3986974,0.58612454,0.0,0.8754982,1.2378552,0.27267346,0.0,0.0,0.0,0.25266308,0.0,0.35960364,0.0,0.0,0.4820357,0.0,0.35633445,1.1515119,0.0,1.2641869,0.0,0.0,0.48753023,0.4199703,0.036225185,0.35375535,0.0,0.9397593,0.0,0.0,0.0,0.0,0.0,0.0,0.0,0.0,0.20974351,0.15267333,0.9583549,0.0,0.0,0.0,0.0,0.26905727,0.0,0.0,0.0,0.06289068,0.0,0.6321778,0.63607854,0.0,1.0967264,0.8511367,1.1369151,0.26830235,0.0,0.010118144,0.0,0.3629591,-0.3198967,0.5263063
-0.18154457,1.3673378,0.90940917,1.313381,0.0,0.40061176,0.0,0.46882227,1.0625464,0.0,0.16513056,0.0,0.0,0.0,1.3552163,0.19886036,0.46049568,0.0,0.68100417,0.0,0.7418158,0.0,0.0,0.30345345,0.0,0.0,0.0,0.05947037,0.4063904,0.73882437,0.0,0.0,0.0,0.0,0.45522,0.12431434,0.0,1.0191824,0.0,0.0,0.0,0.7626585,0.0,0.46320572,0.59850526,0.39993668,0.6176595,0.0,0.7938849,0.0,0.0,0.5058636,0.35667762,0.44838917,0.032605983,0.6265296,0.5636317,0.77648515,0.11404268,0.0,0.241416,0.24088985,0.36394003,0.82749206,0.0,0.55463284,0.0,0.1965477,0.12508965,-0.9505625
1.495045,-0.23407581,-1.0024751,0.07288104,0.1621176,0.0,0.0,0.87084687,0.5168493,0.5084332,0.0,0.8180349,1.0465415,0.0,0.0,0.0,0.0,0.33986604,0.0,0.21648012,0.0,0.0,0.5044823,0.0,0.27295727,1.0733193,0.010421313,1.4140551,0.0,0.0,0.4485858,0.50304747,0.0,0.26211673,0.0,0.9102338,0.0,0.0,0.0,0.0,0.0,0.0,0.0,0.0,0.14943615,0.13957277,0.7706261,0.0,0.0,0.0,0.0,0.42908606,0.0,0.0,0.0,0.0,0.0,0.55489486,0.5900173,0.0,0.9755015,0.8494851,1.1305332,0.47148782,0.0,0.0,0.0,0.32172328,-0.4539617,0.39968073
-1.9032465,3.07931,0.878228,1.2863417,0.0,0.54937506,0.0,0.93601084,1.2877462,0.0,0.4145976,0.0,0.0,0.0,2.8998349,0.0,1.9159702,0.0,0.9541073,0.0,1.5652484,0.0,0.0,0.6269963,0.0,0.0,0.2926742,0.0,1.7605622,2.3425035,0.0,0.0,0.0,0.0,0.0,0.52271235,0.0,2.0031896,0.0,0.0,0.15623225,1.2776386,0.0,0.58110225,0.7456463,0.65309733,0.5415895,0.0,1.7173811,0.0,0.0,0.78409255,0.92878294,0.5903373,0.22141716,1.1214244,0.73360753,1.1926026,0.5153039,0.0,0.0,0.20809987,0.95546514,1.4760967,0.0,0.7615454,0.0,-0.27437627,0.04375961,-1.6408213
0.6220502,-0.49727744,-0.6309877,0.24127263,0.08847758,0.0,0.0,0.4978733,0.20867229,0.6179745,0.0,0.5427325,0.8542348,0.29669973,0.0,0.15733106,0.0,0.0,0.0,0.26240408,0.0,0.33970216,0.16556813,0.0,0.048029125,0.5880442,0.0,0.67803717,0.0,0.28043455,0.53449,0.0,0.016688183,0.03757648,0.17392023,0.68198466,0.0,0.0,0.0,0.0,0.0,0.0,0.0,0.0,0.1430436,0.09049393,0.6615651,0.0,0.04177018,0.0,0.0,0.119696766,0.0,0.0,0.24992587,0.39855647,0.0,0.31254393,0.60012466,0.0,0.6432159,0.6879523,0.6844383,0.19875215,0.0,0.0,0.0,0.041488085,-0.20226493,0.5147438
-1.9986944,1.7848794,-0.13546395,0.5350174,0.0,0.0,0.2154195,0.84953904,0.5095772,0.055532247,0.11358759,0.0,0.0,0.0,2.2456577,0.0,1.1790287,0.0,0.57729244,0.0,0.5789752,0.50056374,0.0,0.0,0.0,0.0,0.486657,0.0,1.3955362,2.3949752,0.24536093,0.0,0.0,0.0,0.0,0.66132694,0.0,1.279194,0.0,0.0,0.0,0.72491795,0.0,0.38194674,0.14255248,0.10991712,0.0,0.0,1.2615614,0.0,0.0,0.47052237,0.54759985,0.049658738,0.4677577,1.1405212,0.19273,0.41697186,0.6988441,0.0,0.050812118,0.42055792,0.8854962,1.0224085,0.0,0.13875915,0.0,-0.6817182,-0.30362365,-0.48860162
0.0035732412,-0.5043366,-0.13855584,0.5219013,0.0,0.0,0.0,0.20596495,0.11046019,0.52732813,0.0,0.21446921,0.63906044,0.504863,0.3358689,0.4420107,0.0,0.0,0.24074359,0.23692553,0.0,0.52082086,0.0,0.0,0.0,0.13997625,0.0,0.0899399,0.0,0.4494915,0.46090963,0.0,0.0,0.0,0.5333415,0.48584932,0.0,0.09698422,0.0,0.0,0.0,0.23420098,0.0,0.036896013,0.25380823,0.08814402,0.6568638,0.0,0.20884436,0.0,0.0,0.043475688,0.018060997,0.0,0.4623399,0.7040724,0.21396169,0.2733145,0.42773294,0.0,0.5082735,0.51355916,0.34488356,0.060351714,0.0,0.05759957,0.0,-0.02964573,0.07922584,0.3895113
1.7094356,-1.4632238,-2.175743,0.0,0.76934063,0.0,0.0,0.91757154,0.0,1.4448109,0.0,1.616086,1.6644462,0.2262,0.0,0.0,0.0,0.16539001,0.0,0.6417077,0.0,0.5978172,0.8261534,0.0,0.23131762,1.7724408,0.23042011,1.7536559,0.0,0.0,1.1764339,0.4893796,0.60443276,0.37625694,0.0,1.7639898,0.0,0.0,0.0,0.0,0.0,0.0,0.0,0.0,0.0,0.021925606,1.2284062,0.0,0.0,0.0,0.0,0.2256696,0.0,0.0,0.23417388,0.37868303,0.0,0.5967231,1.3426955,0.0,1.4750681,1.6753936,1.9215039,0.13672924,0.0,0.0,0.0,0.10611741,-0.7012309,1.1556025
-0.837108,0.46549872,-0.84907556,0.062153935,0.0,0.0,0.0,0.7842045,0.15169781,0.6375792,0.0,0.101917684,0.0,0.0,0.959227,0.0,0.053063095,0.0,0.121276364,0.0,0.0,0.6769998,0.0,0.0,0.0,0.0,0.38802847,0.4095071,0.61402273,1.5598376,0.6430518,0.0,0.0,0.0,0.0,0.8015748,0.0,0.4846676,0.0,0.0,0.0,0.23063442,0.0,0.084356405,0.0,0.015561901,0.0,0.0,0.73174524,0.0,0.0,0.3870306,0.0,0.0,0.50825226,0.7620148,0.0,0.0,0.62746674,0.0,0.33067593,0.6166661,0.8811138,0.6299747,0.0,0.0,0.0,-0.479263,-0.505534,0.17745559
-0.77729297,-0.30224612,0.25466445,0.7399885,0.0,0.0,0.15463513,0.018037885,0.036675394,0.43307304,0.20212042,0.0,0.2732891,0.5332471,0.9411228,0.6372278,0.0,0.0,0.505221,0.12070349,0.0,0.7138374,0.0,0.0,0.0,0.0,0.0,0.0,0.0,0.8245543,0.40224296,0.0,0.0,0.0,0.7522186,0.5256791,0.0,0.37926322,0.0,0.0,0.0,0.61264205,0.0,0.26139802,0.33343345,0.067261636,0.60554713,0.0,0.4219084,0.0,0.0,0.09037625,0.27138788,0.0,0.6006258,1.0049491,0.3589855,0.39280438,0.3908821,0.0,0.40915412,0.40225032,0.3171943,0.1482601,0.0,0.14759742,0.0,-0.1655045,0.21396913,0.13260508
0.104163684,-0.7875609,-0.90602446,0.008517683,0.12505373,0.0,0.0,0.4359615,0.0,0.95060444,0.0,0.6096617,0.7983496,0.33379015,0.0,0.2331628,0.0,0.0,0.0,0.32273284,0.0,0.7748552,0.091594875,0.0,0.0,0.475702,0.085294135,0.47383845,0.0,0.61066645,0.8110838,0.0,0.21880995,0.0,0.1458486,0.90058166,0.0,0.0,0.0,0.0,0.0,0.0,0.0,0.0,0.027733963,0.027200788,0.5686391,0.0,0.13019633,0.0,0.0,0.027578078,0.0,0.0,0.51372635,0.6639448,0.0,0.14801736,0.7963484,0.0,0.64078313,0.78531045,0.76778316,0.0437624,0.0,0.0,0.0,-0.21408136,-0.2555011,0.73872936
-0.41244614,-1.5413704,0.859014,1.0816071,0.25145045,0.0,0.30788296,0.0,0.0,0.5652669,0.5212139,0.0,0.95353985,1.5862057,0.46233377,1.2627039,0.0,0.0,0.6531681,0.61665696,0.0,0.9239119,0.0,0.0,0.05649507,0.0,0.0,0.0,0.0,0.0,0.41831172,0.0,0.13718452,0.0,1.6314551,0.54586786,0.0,0.23556031,0.0,0.0,0.08805384,0.9028528,0.0,0.12839425,0.6574685,0.20871983,1.3524947,0.0,0.105920404,0.0,0.0,0.0,0.05815506,0.00020760298,1.015389,1.3909445,0.73504925,0.69973534,0.5447191,0.0,0.5420608,0.48055226,0.0,0.0,0.0,0.29338393,0.0,0.025417637,0.6990039,0.309929
-0.09334421,0.012782742,2.4701686,2.2551653,0.0,0.2995367,0.0,0.0,0.7837498,0.0,1.0108906,0.0,0.38208476,1.3698179,1.2343507,1.2760537,0.0,0.0,1.2193109,0.12473887,0.63347316,0.0,0.0,0.0,0.35257912,0.0,0.0,0.0,0.0,0.0,0.0,0.0,0.0,0.07247268,2.0188603,0.0,0.0,0.9871784,0.0,0.0,0.50898474,1.3551544,0.0,0.6159361,1.240929,0.56232333,1.6329721,0.0,0.6371497,0.0,0.0,0.39743838,0.5596482,0.81935394,0.60609233,1.1389995,1.4213113,1.353874,0.0,0.0,0.32979923,0.038636148,0.0,0.37559476,0.0,0.89403284,0.0,0.45509207,1.0504576,-1.2432504
-1.1162103,-1.2189586,-0.9512469,0.0,0.076604515,0.0,0.415447,0.13124943,0.0,1.3748931,0.0,0.46685457,0.5562155,0.5395509,0.50451446,0.55326176,0.0,0.0,0.100241765,0.39209604,0.0,1.5502558,0.0,0.0,0.0,0.0,0.2077752,0.0,0.0,1.2244048,1.165403,0.0,0.47549713,0.0,0.36696696,1.1130735,0.0,0.0,0.0,0.0,0.0,0.36087817,0.0,0.0,0.012193157,0.0,0.5068024,0.0,0.46365917,0.0,0.0,0.0,0.04611765,0.0,0.94746846,1.4172648,0.0,0.035821255,1.0010431,0.0,0.6237849,0.79105663,0.7157412,0.0,0.0,0.0,0.0,-0.61694765,-0.15521036,0.9054413
-1.3242939,1.596979,-0.86767423,0.088909626,0.0,0.0,0.0,1.1746103,0.49570912,0.3138693,0.0,0.0,0.0,0.0,1.6181843,0.0,0.80872476,0.0,0.20477107,0.0,0.22864233,0.43241075,0.0,0.0,0.0,0.0,0.6365371,0.5716097,1.3462555,2.2270586,0.45104986,0.0,0.0,0.0,0.0,0.8531764,0.0,1.0192703,0.0,0.0,0.0,0.4005159,0.0,0.2211852,0.0,0.11911294,0.0,0.0,1.0912898,0.0,0.0,0.6106558,0.10879059,0.0,0.5064724,0.91452515,0.0,0.13642545,0.7603254,0.0,0.15697908,0.62344277,1.0576212,1.1075654,0.0,0.0,0.0,-0.6474091,-0.60906726,-0.18565159
1.360306,1.2800168,-0.36375022,0.5773645,0.0,0.46528697,0.0,1.1748412,1.2533245,0.0,0.0,0.1876289,0.32926315,0.0,0.1415518,0.0,0.0,0.7028233,0.0,0.0,0.24850215,0.0,0.35765457,0.42616242,0.21200682,0.5179961,0.022428654,1.5146796,0.35674918,0.30200478,0.0,0.733361,0.0,0.07383795,0.0,0.65236235,0.0,0.37923187,0.0,0.0,0.0,0.07057916,0.0,0.18032752,0.44775847,0.42380595,0.35139918,0.0,0.22834595,0.0,0.0,0.7911006,0.0,0.046220332,0.0,0.0,0.14717443,0.7241524,0.23864119,0.107621945,0.7602124,0.49306145,0.8284706,1.0204141,0.0,0.090976976,0.0,0.3579125,-0.39111853,-0.30256832
-0.8098277,0.3192273,1.3569901,1.4983569,0.0,0.02631943,0.11667439,0.0,0.49936402,0.0,0.6513605,0.0,0.0,0.64998615,1.4558239,0.8430965,0.1360977,0.0,0.92355573,0.0,0.39104235,0.20437375,0.0,0.0,0.0,0.0,0.0,0.0,0.0,0.59513056,0.0,0.0,0.0,0.0,1.2138634,0.20521009,0.0,0.8234584,0.0,0.0,0.18219288,1.0354304,0.0,0.564385,0.66718984,0.21132605,0.9403555,0.0,0.6534579,0.0,0.0,0.30264252,0.5298277,0.4605137,0.4754918,1.0304699,0.8724168,0.8292882,0.15197816,0.0,0.22669877,0.17504683,0.13641366,0.46848,0.0,0.5761847,0.0,0.07565987,0.5153793,-0.7610386
0.029274516,-1.3856118,0.35542998,0.7912932,0.29516712,0.0,0.038199306,0.0,0.0,0.6394683,0.15585867,0.22113827,1.0400332,1.2752398,0.14191845,0.94646204,0.0,0.0,0.40459907,0.57517534,0.0,0.7664053,0.0,0.0,0.10561809,0.17681006,0.0,0.0,0.0,0.0,0.4909394,0.0,0.15787302,0.07025351,1.2143084,0.5493508,0.0,0.0,0.0,0.0,0.0,0.50170696,0.0,0.0,0.5105577,0.1666935,1.2173465,0.0,0.0,0.0,0.0,0.0,0.0,0.0,0.7979224,1.0583124,0.47744703,0.5173903,0.52328753,0.0,0.66748303,0.58302146,0.14275894,0.0,0.0,0.16044757,0.0,0.10098301,0.42932492,0.5073266
1.814116,-0.19338271,-0.35830617,0.5182173,0.17295337,0.11017902,0.0,0.6516004,0.7478608,0.14795156,0.0,0.6168109,1.1434085,0.27236134,0.0,0.0,0.0,0.47511864,0.0,0.24467152,0.0,0.0,0.4178614,0.0,0.5149908,1.0267068,0.0,1.224195,0.0,0.0,0.13022415,0.55003774,0.0,0.44181192,0.15442899,0.6394809,0.0,0.0,0.0,0.0,0.0,0.0,0.0,0.020338476,0.47873396,0.24042647,0.8804911,0.0,0.0,0.0,0.0,0.3705037,0.0,0.0,0.0,0.0,0.15288302,0.80957615,0.35197622,0.0,1.100963,0.6244623,0.8531282,0.3851425,0.0,0.010082116,0.0,0.55476654,-0.12679304,0.24306016
-0.3075353,0.11559852,-1.2371123,0.0,0.0,0.0,0.0,0.8800291,0.08676547,0.8351737,0.0,0.45037654,0.25106543,0.0,0.44400015,0.0,0.0,0.0,0.0,0.0,0.0,0.66529584,0.107143864,0.0,0.0,0.19755673,0.40496293,0.77007246,0.4110972,1.2861425,0.7841754,0.0,0.008867726,0.0,0.0,0.9416152,0.0,0.2161118,0.0,0.0,0.0,0.012394433,0.0,0.0,0.0,0.0118021,0.03539464,0.0,0.55805385,0.0,0.0,0.37773556,0.0,0.0,0.46530995,0.60495895,0.0,0.0,0.75804675,0.0,0.4582116,0.77382296,1.0089993,0.56977123,0.0,0.0,0.0,-0.3922569,-0.61537504,0.3706934
-0.19209717,-0.189216,-1.8359599,0.0,0.0,0.0,0.0,1.0312711,0.0,1.1898649,0.0,0.78564465,0.4256227,0.0,0.121310145,0.0,0.0,0.0,0.0,0.05449556,0.0,0.88155156,0.28551507,0.0,0.0,0.49397326,0.5657442,1.0588205,0.3986338,1.3625247,1.0720083,0.0,0.2366442,0.0,0.0,1.2538062,0.0,0.06731251,0.0,0.0,0.0,0.0,0.0,0.0,0.0,0.0,0.075477265,0.0,0.54635537,0.0,0.0,0.41336226,0.0,0.0,0.5439822,0.66705173,0.0,0.0,1.0607661,0.0,0.5812814,1.0457222,1.3219488,0.5638874,0.0,0.0,0.0,-0.45147887,-0.77752995,0.58585876
-0.9546856,0.29314643,0.3286922,0.81417024,0.0,0.0,0.10947001,0.19761445,0.25665784,0.21043128,0.21755454,0.0,0.0,0.19315186,1.26526,0.4775378,0.08912122,0.0,0.5680158,0.0,0.016126975,0.5276933,0.0,0.0,0.0,0.0,0.0,0.0,0.19838586,1.0938673,0.25419292,0.0,0.0,0.0,0.56625557,0.43605292,0.0,0.6067601,0.0,0.0,0.0,0.61779433,0.0,0.3771061,0.26710188,0.050537974,0.40737718,0.0,0.5725188,0.0,0.0,0.25218913,0.32635188,0.039491497,0.44873723,0.8992458,0.34006807,0.3772642,0.32611945,0.0,0.34529853,0.35717317,0.39785942,0.4083582,0.0,0.1956872,0.0,-0.19339673,0.0567764,-0.14648564
-0.99765635,1.1310649,1.1195381,1.3816664,0.0,0.1907578,0.0053411126,0.1826843,0.75364137,0.0,0.50203323,0.0,0.0,0.03397134,1.7814064,0.48679262,0.6097486,0.0,0.8770287,0.0,0.7021737,0.00485605,0.0,0.052198708,0.0,0.0,0.0,0.0,0.42045316,1.0679929,0.0,0.0,0.0,0.0,0.73755395,0.20101593,0.0,1.0403292,0.0,0.0,0.12309922,0.9325607,0.0,0.5975503,0.6274238,0.3239717,0.75495887,0.0,0.86532664,0.0,0.0,0.42295632,0.65744,0.48030734,0.23669204,0.91360295,0.73573935,0.8429947,0.14100245,0.0,0.181735,0.21647358,0.362439,0.73929733,0.0,0.5967036,0.0,0.052343667,0.29724765,-0.97799194
-1.2502384,0.53940463,0.12050968,0.67379695,0.0,0.0,0.17213228,0.34591708,0.23747805,0.26681048,0.17197433,0.0,0.0,0.0,1.4621812,0.3525269,0.29802045,0.0,0.53983283,0.0,0.06284328,0.61301947,0.0,0.0,0.0,0.0,0.09533333,0.0,0.46612003,1.4365783,0.32639697,0.0,0.0,0.0,0.34776837,0.53310114,0.0,0.7027366,0.0,0.0,0.0,0.59253126,0.0,0.35188377,0.18186533,0.0315459,0.24659112,0.0,0.7142192,0.0,0.0,0.2870196,0.37654346,0.0,0.4594813,0.95616513,0.21444888,0.31546935,0.43888038,0.0,0.30827403,0.41833377,0.54916024,0.5197462,0.0,0.13629952,0.0,-0.35937732,-0.0898184,-0.12001085
1.6184324,0.24422611,0.3113734,0.9710159,0.0,0.33048755,0.0,0.5120071,1.0024674,0.0,0.0,0.20575073,0.88168836,0.30036673,0.0,0.10479584,0.0,0.44611734,0.17443329,0.09285171,0.0,0.0,0.20467491,0.15087408,0.5357068,0.64380443,0.0,0.90183306,0.0,0.0,0.0,0.44964787,0.0,0.38852292,0.4207643,0.3215099,0.0,0.09718673,0.0,0.0,0.0,0.01917107,0.0,0.2527171,0.7398498,0.3562758,0.7950149,0.0,0.0,0.0,0.0,0.44594383,0.0,0.16268195,0.0,0.047091596,0.4049349,0.8749616,0.111137085,0.0,0.9430313,0.4049771,0.46556413,0.4816593,0.0,0.107811764,0.0,0.67939293,0.07482457,-0.16267343
-1.8708563,0.71779865,-0.7251402,0.09036046,0.0,0.0,0.34686512,0.6991714,0.0,0.6922041,0.0,0.0,0.0,0.0,1.6540732,0.054620564,0.52490854,0.0,0.32579675,0.0,0.0,1.0328202,0.0,0.0,0.0,0.0,0.52567637,0.0,0.969485,2.2134106,0.7224411,0.0,0.0,0.0,0.0,0.96680945,0.0,0.7762001,0.0,0.0,0.0,0.4887717,0.0,0.1379468,0.0,0.0,0.0,0.0,1.0353844,0.0,0.0,0.32859233,0.360304,0.0,0.70627576,1.219173,0.0,0.0458136,0.8519534,0.0,0.23549607,0.6104846,0.96652377,0.667128,0.0,0.0,0.0,-0.8068699,-0.43323237,0.14047126
-1.5502049,-0.4329077,-1.2322394,0.0,0.0,0.0,0.416575,0.5050771,0.0,1.2862536,0.0,0.30926514,0.053048134,0.0,0.9471575,0.22617304,0.0,0.0,0.07434046,0.066426784,0.0,1.4892554,0.0,0.0,0.0,0.0,0.49395844,0.0,0.4259177,1.8549426,1.1532596,0.0,0.29719675,0.0,0.0,1.1156654,0.0,0.23776801,0.0,0.0,0.0,0.33722025,0.0,0.0,0.0,0.0,0.0,0.0,0.9106802,0.0,0.0,0.18349174,0.17464897,0.0,0.83408254,1.3103852,0.0,0.0,0.972424,0.0,0.42088884,0.77704924,0.9793042,0.34330422,0.0,0.0,0.0,-0.7772527,-0.42365032,0.56987035
-0.3755796,0.75962293,0.76542795,1.1679239,0.0,0.14355592,0.0,0.26725966,0.71321225,0.0,0.2161589,0.0,0.0,0.12281451,1.2158394,0.39140326,0.18737134,0.0,0.64817274,0.0,0.39597642,0.0,0.0,0.0,0.0,0.0,0.0,0.0,0.17279038,0.71776414,0.0,0.0,0.0,0.0,0.6231513,0.13517308,0.0,0.75272655,0.0,0.0,0.0,0.64795804,0.0,0.44017828,0.4473082,0.22455426,0.5914878,0.0,0.600222,0.0,0.0,0.3702516,0.33666557,0.33223605,0.16666168,0.68337774,0.5197364,0.57580787,0.09194593,0.0,0.27560514,0.24783598,0.27141082,0.596088,0.0,0.4248465,0.0,0.11725789,0.14566503,-0.630926
-0.4228734,-0.44496655,0.3073345,0.78904444,0.0,0.0,0.031262934,0.0,0.090186685,0.39395863,0.149133,0.0,0.46249437,0.6571172,0.7076651,0.65615237,0.0,0.0,0.46912956,0.19935673,0.0,0.59323716,0.0,0.0,0.0,0.0,0.0,0.0,0.0,0.5434173,0.3526671,0.0,0.0,0.0,0.8237606,0.4334364,0.0,0.30578905,0.0,0.0,0.0,0.5330765,0.0,0.21223567,0.37958288,0.11250968,0.71412736,0.0,0.30851504,0.0,0.0,0.05415827,0.18327492,0.0,0.55578005,0.9113752,0.43906295,0.40388095,0.34808448,0.0,0.43173385,0.41822845,0.22940822,0.07778731,0.0,0.15634386,0.0,-0.03945669,0.27608886,0.15764141
1.0500572,-0.6400176,-1.0874674,0.0,0.25069425,0.0,0.0,0.6914413,0.19113278,0.7872194,0.0,0.8501173,1.0682788,0.19119795,0.0,0.0,0.0,0.0,0.0,0.33008954,0.0,0.30449218,0.3943841,0.0,0.1286187,0.9619583,0.042632513,1.0987703,0.0,0.16290805,0.6678693,0.19020203,0.13220514,0.15464194,0.0,0.982203,0.0,0.0,0.0,0.0,0.0,0.0,0.0,0.0,0.033412278,0.06840411,0.7492522,0.0,0.0,0.0,0.0,0.19613995,0.0,0.0,0.16208749,0.25901538,0.0,0.3896857,0.80449796,0.0,0.85944074,0.93060786,1.0693243,0.25107682,0.0,0.0,0.0,0.08390528,-0.41300893,0.6338193
0.6358131,0.06472336,-0.09220893,0.63019687,0.0,0.0,0.0,0.48968434,0.5562789,0.16671878,0.0,0.20063938,0.61140126,0.19514187,0.19288397,0.1604085,0.0,0.0,0.1713833,0.07594892,0.0,0.0,0.047244757,0.0,0.10884145,0.32211947,0.0,0.5771452,0.0,0.23402637,0.18005562,0.0,0.0,0.02466388,0.2916737,0.29411107,0.0,0.1924914,0.0,0.0,0.0,0.037962705,0.0,0.19342439,0.2872747,0.15589808,0.5312937,0.0,0.13661562,0.0,0.0,0.25035623,0.0,0.0,0.06309954,0.28786278,0.2090853,0.38043258,0.28343928,0.007504776,0.5346713,0.50104415,0.3836125,0.40873146,0.0,0.07386305,0.0,0.20440908,-0.092202336,0.061680853
0.2062991,1.639615,0.4559857,1.059653,0.0,0.4822619,0.0,0.8189219,1.2144648,0.0,0.0,0.0,0.0,0.0,1.118003,0.0,0.44758514,0.089553654,0.46067756,0.0,0.71379495,0.0,0.0,0.43763995,0.0,0.0,0.0,0.603114,0.59118325,0.77857083,0.0,0.11547881,0.0,0.0,0.025969476,0.28673065,0.0,1.0135876,0.0,0.0,0.0,0.5630644,0.0,0.3813252,0.5010197,0.47358304,0.38971066,0.0,0.7393789,0.0,0.0,0.60352117,0.008131623,0.30098474,0.0,0.3942786,0.36900547,0.7309795,0.19375885,0.0,0.34314156,0.30513418,0.5545387,1.028175,0.0,0.40233094,0.0,0.17989527,-0.12523264,-0.82166004
-0.24437428,-0.72210824,0.6218087,0.9892347,0.0,0.0,0.03574255,0.0,0.0802913,0.32587242,0.2778568,0.0,0.6494919,0.97745335,0.59233147,0.85074604,0.0,0.0,0.55338603,0.322822,0.0,0.55165476,0.0,0.0,0.0,0.0,0.0,0.0,0.0,0.21779108,0.2690434,0.0,0.0,0.0,1.1309054,0.3626425,0.0,0.31218255,0.0,0.0,0.0,0.6279432,0.0,0.187891,0.5083408,0.15491274,0.9473779,0.0,0.21635735,0.0,0.0,0.018055156,0.14775833,0.0,0.6334245,0.96470135,0.6477313,0.5264871,0.34594554,0.0,0.43004382,0.4000634,0.071740575,0.0007714927,0.0,0.2319949,0.0,0.08139457,0.4725607,0.12875186
-0.50103986,-0.90733254,1.4884536,1.5275882,0.0,0.0,0.2565199,0.0,0.081129104,0.06729588,0.7654984,0.0,0.642673,1.4780304,0.89203584,1.2900324,0.0,0.0,0.90678596,0.39963296,0.0,0.5476644,0.0,0.0,0.090910554,0.0,0.0,0.0,0.0,0.0,0.029425427,0.0,0.0,0.0,1.7845594,0.26104337,0.0,0.56665945,0.0,0.0,0.28117168,1.072098,0.0,0.3329003,0.8038332,0.19359218,1.3169672,0.0,0.24806117,0.0,0.0,0.0682638,0.28071582,0.2713443,0.83995986,1.2265581,1.096746,0.88553995,0.3410113,0.0,0.3742656,0.24964283,0.0,0.023325965,0.0,0.45657462,0.0,0.13907436,0.84417915,-0.270518
0.42206463,0.6643515,0.5568324,1.0785049,0.0,0.24740417,0.0,0.42024,0.87233555,0.0,0.0,0.0,0.2714062,0.11302818,0.6853583,0.22636726,0.0,0.0,0.45046347,0.0,0.27504873,0.0,0.0,0.09355682,0.10402943,0.0,0.0,0.31388074,0.0,0.2917745,0.0,0.0,0.0,0.0,0.4791382,0.0700804,0.0,0.58322334,0.0,0.0,0.0,0.41234204,0.0,0.37364146,0.46879685,0.29730505,0.55545366,0.0,0.35385075,0.0,0.0,0.37687516,0.0032024235,0.23076938,0.0,0.40067452,0.42051527,0.5437578,0.059099182,0.044548303,0.4261076,0.34586218,0.21258299,0.5640249,0.0,0.31238398,0.0,0.29665235,0.07290587,-0.46407527
-0.11510152,0.9536833,0.6509597,1.1225927,0.0,0.23810016,0.0,0.4254518,0.8548645,0.0,0.0737458,0.0,0.0,0.0,1.1088691,0.23844004,0.19927272,0.0,0.5700302,0.0,0.44958693,0.0,0.0,0.10752204,0.0,0.0,0.0,0.094049975,0.24596655,0.6704667,0.0,0.0,0.0,0.0,0.45354325,0.12289758,0.0,0.7805327,0.0,0.0,0.0,0.57198554,0.0,0.40233037,0.42940578,0.2662086,0.49767268,0.0,0.5992433,0.0,0.0,0.43014038,0.2230815,0.30688757,0.06171975,0.5605775,0.43276492,0.55695206,0.0924929,0.0,0.29745755,0.28170443,0.3199184,0.69040036,0.0,0.3954829,0.0,0.14494824,0.039268997,-0.64858454
1.7364879,-0.47950542,-2.250932,0.0,0.37140647,0.0,0.0,1.3393738,0.25392056,1.1001337,0.0,1.428471,1.2378594,0.0,0.0,0.0,0.0,0.51162493,0.0,0.28320318,0.0,0.1844898,0.891795,0.0,0.13679764,1.6150563,0.40516147,2.152353,0.0,0.27664235,0.94868124,0.78633344,0.27588773,0.23750861,0.0,1.7091026,0.0,0.0,0.0,0.0,0.0,0.0,0.0,0.0,0.0,0.0560565,0.87301195,0.0,0.0,0.0,0.0,0.60166585,0.0,0.0,0.10023911,0.049054075,0.0,0.5343869,1.1223785,0.0,1.2845107,1.4833865,1.9617264,0.617768,0.0,0.0,0.0,0.18370469,-0.9369986,0.7521811
0.1647008,-0.5548307,0.21339425,0.7597516,0.0,0.0,0.0,0.055951446,0.20101963,0.36050448,0.0,0.118261285,0.71953267,0.7016219,0.3183596,0.571921,0.0,0.0,0.34477758,0.27786502,0.0,0.38228953,0.0,0.0,0.051812604,0.12236433,0.0,0.0,0.0,0.19238406,0.3080315,0.0,0.0,0.0,0.7727169,0.32120758,0.0,0.14411344,0.0,0.0,0.0,0.3213167,0.0,0.09626528,0.38643345,0.12575865,0.8111952,0.0,0.14811623,0.0,0.0,0.028308593,0.042398855,0.0,0.43505788,0.7159941,0.4137763,0.39124292,0.3308109,0.0,0.49418128,0.4427324,0.17115346,0.020852044,0.0,0.1274522,0.0,0.11487402,0.26771712,0.25449002
-0.33816773,1.5199792,0.5443364,1.0736847,0.0,0.34409267,0.0,0.6651244,1.0154667,0.0,0.020959541,0.0,0.0,0.0,1.4022918,0.026384503,0.563406,0.0,0.57303053,0.0,0.68754256,0.0,0.0,0.27825606,0.0,0.0,0.0,0.24036686,0.63641346,1.031642,0.0,0.0,0.0,0.0,0.16509405,0.24652596,0.0,1.0537468,0.0,0.0,0.0,0.6217925,0.0,0.4117559,0.44468993,0.37480658,0.40896362,0.0,0.7987522,0.0,0.0,0.5287974,0.23118916,0.31964982,0.036091603,0.57784784,0.4230281,0.68052465,0.19804315,0.0,0.27381623,0.2849412,0.5153466,0.9286476,0.0,0.414143,0.0,0.07226667,-0.059697334,-0.8161199
-0.52045417,1.5309073,0.832313,1.2506881,0.0,0.3628527,0.0,0.5230682,1.0183021,0.0,0.20049083,0.0,0.0,0.0,1.581037,0.16068505,0.649194,0.0,0.7061287,0.0,0.7946074,0.0,0.0,0.2842406,0.0,0.0,0.0,0.0,0.60143715,1.0273452,0.0,0.0,0.0,0.0,0.35833737,0.18939605,0.0,1.1203556,0.0,0.0,0.0,0.7931504,0.0,0.4726247,0.55969995,0.3959465,0.57270575,0.0,0.89474237,0.0,0.0,0.5125741,0.44023764,0.43272686,0.08390708,0.7039563,0.56237334,0.78497887,0.16879158,0.0,0.21184176,0.22945821,0.4393347,0.8776487,0.0,0.5517534,0.0,0.099581406,0.099246204,-0.9757279
0.14928505,-0.11237282,0.23017782,0.7976105,0.0,0.0,0.0,0.22051847,0.3923578,0.18877502,0.0,0.007616449,0.5179987,0.43531892,0.4846536,0.42114717,0.0,0.0,0.35994503,0.11627534,0.0,0.19755208,0.0,0.0,0.009147085,0.022905774,0.0,0.09135131,0.0,0.3380301,0.19117126,0.0,0.0,0.0,0.60274005,0.24456342,0.0,0.31773388,0.0,0.0,0.0,0.31407595,0.0,0.2255477,0.33130035,0.1341999,0.60520005,0.0,0.2248553,0.0,0.0,0.14511275,0.03297037,0.0,0.26644376,0.59686494,0.37206024,0.34120306,0.22828032,0.019642979,0.45165646,0.4304802,0.19322807,0.22813456,0.0,0.15938266,0.0,0.10690145,0.12948048,0.04070072
1.7318857,-0.17000118,-0.06588511,0.7055739,0.13321441,0.15533425,0.0,0.5252151,0.78689086,0.027341455,0.0,0.47613305,1.1045971,0.3883361,0.0,0.09175308,0.0,0.40906286,0.012842357,0.23964173,0.0,0.0,0.3190621,0.0,0.54049975,0.89401233,0.0,1.026587,0.0,0.0,0.026582003,0.46178976,0.0,0.44345313,0.3394364,0.47022253,0.0,0.0,0.0,0.0,0.0,0.0,0.0,0.11518292,0.5981782,0.26674306,0.8998954,0.0,0.0,0.0,0.0,0.33787733,0.0,0.03053832,0.0,0.03774537,0.2878767,0.83457816,0.253316,0.0,1.039348,0.5189444,0.63575214,0.3469274,0.0,0.024120616,0.0,0.617913,0.023637425,0.12670055
1.443449,1.1267846,1.1222571,1.5456529,0.0,0.7195025,0.0,0.48929217,1.4830542,0.0,0.0,0.0,0.43046647,0.11836791,0.42101792,0.12536737,0.0,0.56234765,0.51129556,0.0,0.6976806,0.0,0.0,0.5996411,0.5515666,0.14107174,0.0,0.66528624,0.0,0.0,0.0,0.4550602,0.0,0.29559284,0.59463876,0.07338038,0.0,0.5860523,0.0,0.0,0.0,0.5485814,0.0,0.42527413,1.1129487,0.66107285,0.8902975,0.0,0.42853826,0.0,0.0,0.6722175,0.0,0.6013856,0.0,0.13373442,0.60406816,1.1712785,0.0,0.0,0.82424587,0.23979843,0.3409328,0.71726316,0.0,0.49280137,0.0,0.8129034,0.2551319,-0.8992879
-0.2358535,0.98292047,1.1541127,1.445654,0.0,0.31690276,0.0,0.2063,0.92343664,0.0,0.33445704,0.0,0.0,0.16639113,1.3145578,0.43994558,0.29182902,0.0,0.7730318,0.0,0.6413076,0.0,0.0,0.16667336,0.0,0.0,0.0,0.0,0.14100334,0.5471648,0.0,0.0,0.0,0.0,0.7751486,0.083738275,0.0,0.90324336,0.0,0.0,0.08052941,0.84586096,0.0,0.5129363,0.6664493,0.3564728,0.7935628,0.0,0.71405935,0.0,0.0,0.42134577,0.4411564,0.5073329,0.12676914,0.72980666,0.6927533,0.81035286,0.0649271,0.0,0.2329279,0.2028108,0.23255596,0.6667619,0.0,0.6052733,0.0,0.22488888,0.3059997,-0.93071795
-0.177883,0.57595754,0.04442619,0.69768906,0.0,0.0,0.0,0.5287664,0.5605308,0.074300736,0.0,0.0,0.0963068,0.0,0.85819745,0.15009513,0.0,0.0,0.35142684,0.0,0.05231081,0.10468519,0.0,0.0,0.0,0.0,0.0,0.27292585,0.24121773,0.8337111,0.14743903,0.0,0.0,0.0,0.2190694,0.28415173,0.0,0.5483647,0.0,0.0,0.0,0.29406568,0.0,0.3126407,0.1648396,0.11817539,0.24161491,0.0,0.43632376,0.0,0.0,0.33762318,0.010227293,0.0,0.14841668,0.49676514,0.18112206,0.26189935,0.2125456,0.06262871,0.39812773,0.41075855,0.42313746,0.5653229,0.0,0.13285783,0.0,-0.046178292,-0.16712281,-0.14998907
-1.1851196,-0.8301928,-0.89263356,0.0,0.0,0.0,0.36574394,0.25005543,0.0,1.2157433,0.0,0.3401941,0.3595952,0.32370955,0.69264966,0.44595736,0.0,0.0,0.13796303,0.24759762,0.0,1.4039314,0.0,0.0,0.0,0.0,0.25503907,0.0,0.020706467,1.3678024,1.0560582,0.0,0.3326745,0.0,0.24939226,1.0304606,0.0,0.03076683,0.0,0.0,0.0,0.3795683,0.0,0.0,0.0,0.0,0.3314299,0.0,0.57305026,0.0,0.0,0.013472319,0.118036866,0.0,0.8426725,1.2809349,0.0,0.01020636,0.88746786,0.0,0.5271013,0.7166996,0.74519,0.055531636,0.0,0.0,0.0,-0.6137843,-0.19973762,0.7577043
-0.19071832,2.1854339,1.1815743,1.5424609,0.0,0.7029461,0.0,0.67236197,1.4661921,0.0,0.20350146,0.0,0.0,0.0,1.7134099,0.010193288,0.91997385,0.0,0.7945277,0.0,1.2353648,0.0,0.0,0.68324643,0.0,0.0,0.0,0.18665107,0.7647777,0.8980048,0.0,0.0,0.0,0.0,0.29618913,0.17906906,0.0,1.4433562,0.0,0.0,0.054907918,1.0025221,0.0,0.53570545,0.83686286,0.64667076,0.7189912,0.0,1.1069028,0.0,0.0,0.6690595,0.45653945,0.63483506,0.0,0.6603954,0.7096692,1.1267431,0.18439777,0.0,0.17931518,0.20512749,0.51864266,1.1437103,0.0,0.7565728,0.0,0.24011765,0.1731794,-1.4172417
-0.6791445,-0.32100344,0.94000024,1.1938102,0.0,0.0,0.16661668,0.0,0.18315879,0.12073816,0.49478194,0.0,0.31818473,0.86010313,1.0547037,0.89365613,0.0,0.0,0.7413916,0.15623346,0.0,0.5129533,0.0,0.0,0.0,0.0,0.0,0.0,0.0,0.4794945,0.12419389,0.0,0.0,0.0,1.1985857,0.33472383,0.0,0.5627173,0.0,0.0,0.043828428,0.84250075,0.0,0.38171986,0.54373616,0.10711594,0.8836133,0.0,0.38887012,0.0,0.0,0.13775563,0.31887385,0.17615221,0.6092529,1.0553089,0.7450742,0.63593155,0.31668022,0.0,0.34954998,0.2914026,0.085383445,0.19255137,0.0,0.34374526,0.0,0.02175982,0.47958618,-0.21313797
0.5596899,0.8868009,-0.55824184,0.3720077,0.0,0.13319103,0.0,1.0022094,0.80667675,0.07470964,0.0,0.18545377,0.21883737,0.0,0.40151727,0.0,0.0,0.13623816,0.0244506,0.0,0.0,0.0,0.18384974,0.053247362,0.0,0.2639416,0.14747745,1.0883559,0.40418324,0.73628443,0.16373879,0.27068433,0.0,0.0,0.0,0.5662201,0.0,0.4448679,0.0,0.0,0.0,0.017605625,0.0,0.20639868,0.11015161,0.17737697,0.11696042,0.0,0.31660607,0.0,0.0,0.52486765,0.0,0.0,0.016970564,0.19091442,0.0028490424,0.26915604,0.41199297,0.1027112,0.49568623,0.5467801,0.707571,0.85955495,0.0,0.0,0.0,-0.034875702,-0.4964061,-0.07766408
-0.107248,1.440123,1.9324641,1.9923854,0.0,0.6343335,0.0,0.06900245,1.3035308,0.0,0.6099014,0.0,0.0,0.2424609,1.5999386,0.55607826,0.55432594,0.0,1.0459282,0.0,1.1376796,0.0,0.0,0.5012019,0.11073874,0.0,0.0,0.0,0.12040194,0.29983813,0.0,0.0,0.0,0.0,1.0844709,0.0,0.0,1.2183913,0.0,0.0,0.36730444,1.2776464,0.0,0.6807329,1.1378124,0.64247715,1.2116069,0.0,0.9663806,0.0,0.0,0.54423213,0.6892665,0.8719009,0.085460186,0.8363658,1.0550056,1.3171129,0.00086157024,0.0,0.16845109,0.10185768,0.16965716,0.80527,0.0,0.96137494,0.0,0.40744266,0.6600013,-1.5698905
-0.11393193,-0.4409505,0.36805928,0.8495977,0.0,0.0,0.0,0.0,0.19552413,0.3047821,0.09570718,0.0,0.57053995,0.69247234,0.55247355,0.6320535,0.0,0.0,0.44504353,0.22164802,0.0,0.4300093,0.0,0.0,0.0,0.0,0.0,0.0,0.0,0.33387393,0.27086487,0.0,0.0,0.0,0.8429674,0.3271064,0.0,0.27865154,0.0,0.0,0.0,0.4633549,0.0,0.20334825,0.4068648,0.1316926,0.76309675,0.0,0.23034133,0.0,0.0,0.047749832,0.12293017,0.0,0.4644754,0.8138845,0.48731622,0.41180485,0.29779792,0.0,0.4409042,0.4122273,0.15308508,0.0719569,0.0,0.17147058,0.0,0.06392209,0.30257666,0.12809399
-1.578896,-0.9005265,-1.2711357,0.0,0.0,0.0,0.5286589,0.33450398,0.0,1.4859039,0.0,0.4251811,0.25002012,0.18185918,0.79106593,0.38406897,0.0,0.0,0.05731207,0.2333557,0.0,1.7109299,0.0,0.0,0.0,0.0,0.44099244,0.0,0.1945791,1.7367439,1.2932824,0.0,0.47091234,0.0,0.056393296,1.2160711,0.0,0.059426457,0.0,0.0,0.0,0.3580178,0.0,0.0,0.0,0.0,0.15534748,0.0,0.80477357,0.0,0.0,0.028469577,0.14666915,0.0,0.94022924,1.482493,0.0,0.0,1.0912651,0.0,0.5395594,0.8448722,0.94589305,0.13787146,0.0,0.0,0.0,-0.8013139,-0.3240069,0.8186097
0.6275572,1.1108769,0.09287352,0.81673414,0.0,0.34124857,0.0,0.8201399,1.0437003,0.0,0.0,0.0,0.14526907,0.0,0.6074438,0.0,0.004465133,0.1884458,0.25630397,0.0,0.3282537,0.0,0.036530644,0.25799102,0.04723388,0.05690039,0.0,0.8333403,0.31212205,0.5020365,0.0,0.24394932,0.0,0.0,0.0,0.3044495,0.0,0.64285856,0.0,0.0,0.0,0.27561203,0.0,0.31689116,0.3529294,0.3545153,0.28139263,0.0,0.41574624,0.0,0.0,0.52547354,0.0,0.10538326,0.0,0.19711007,0.21768193,0.53361547,0.15687925,0.08522302,0.48645544,0.37274683,0.49267873,0.84918463,0.0,0.20442864,0.0,0.18375264,-0.2069058,-0.44546717
0.7154339,0.9818475,-1.0674773,0.055132687,0.0,0.0991645,0.0,1.2771924,0.8016483,0.23089166,0.0,0.40223065,0.2307058,0.0,0.21788573,0.0,0.0,0.30310452,0.0,0.0,0.0,0.0,0.36450636,0.052990466,0.0,0.4744665,0.3302884,1.4860464,0.5687295,0.881227,0.30715168,0.46771678,0.0,0.0,0.0,0.8768674,0.0,0.34066665,0.0,0.0,0.0,0.0,0.0,0.050655298,0.011344101,0.13317637,0.05083242,0.0,0.31849104,0.0,0.0,0.6824082,0.0,0.0,0.09021815,0.122554265,0.0,0.22427627,0.6158339,0.075960524,0.5411592,0.6673626,1.0492268,1.0101391,0.0,0.0,0.0,-0.09450303,-0.7464489,0.016235676
0.3743818,0.6396558,-1.3416772,0.0,0.0,0.0,0.0,1.2169607,0.50025094,0.5478405,0.0,0.5181736,0.26060385,0.0,0.21926153,0.0,0.0,0.021904051,0.0,0.0,0.0,0.14241242,0.33474874,0.0,0.0,0.4581746,0.42829576,1.3513869,0.55280185,1.0878259,0.5638946,0.2583805,0.0,0.0,0.0,0.9636641,0.0,0.3029126,0.0,0.0,0.0,0.0,0.0,0.0,0.0,0.07700087,0.038711853,0.0,0.40898862,0.0,0.0,0.5861436,0.0,0.0,0.24566269,0.29528004,0.0,0.07319033,0.7569648,0.0,0.51332885,0.7765677,1.1309991,0.89825594,0.0,0.0,0.0,-0.23538332,-0.7799065,0.17097744
0.05679997,1.1783968,-0.81071055,0.19171324,0.0,0.06590779,0.0,1.1609797,0.73709655,0.17430757,0.0,0.11416234,0.0,0.0,0.7183461,0.0,0.15203932,0.0,0.01186493,0.0,0.04337527,0.0,0.130533,0.024831295,0.0,0.03782576,0.357065,1.081709,0.76110387,1.2366145,0.27991283,0.15202072,0.0,0.0,0.0,0.6609563,0.0,0.64960915,0.0,0.0,0.0,0.12306305,0.0,0.20353366,0.017594153,0.17424162,0.0,0.0,0.57016027,0.0,0.0,0.615579,0.0,0.0,0.18313128,0.38969678,0.0,0.11401829,0.52092546,0.08103532,0.36416692,0.58573836,0.8427453,1.0322175,0.0,0.0,0.0,-0.27050683,-0.62476873,-0.14477791
-0.99913114,-1.0850602,-0.7576508,0.0134161115,0.033527493,0.0,0.3484426,0.11580934,0.0,1.2163267,0.0,0.38321358,0.5389233,0.54880667,0.5351012,0.5621813,0.0,0.0,0.15564263,0.3577836,0.0,1.3917685,0.0,0.0,0.0,0.0,0.13949826,0.0,0.0,1.1181782,1.0346534,0.0,0.377333,0.0,0.4305077,1.0109112,0.0,0.0,0.0,0.0,0.0,0.3825019,0.0,0.0,0.043140344,0.009325765,0.5207869,0.0,0.41448075,0.0,0.0,0.0,0.061947674,0.0,0.88790643,1.3144388,0.0,0.08433227,0.8925014,0.0,0.5747755,0.7055144,0.63906336,0.0,0.0,0.0,0.0,-0.53808,-0.09718405,0.8211789
1.0130237,1.2965215,-1.083522,0.084284425,0.0,0.25774688,0.0,1.4453205,1.0249825,0.060012415,0.0,0.40033937,0.19683827,0.0,0.15716663,0.0,0.0,0.5773531,0.0,0.0,0.0033085197,0.0,0.45929116,0.24899817,0.0,0.56240517,0.342572,1.7530235,0.6676975,0.8104267,0.17759198,0.7023605,0.0,0.0,0.0,0.95746404,0.0,0.40310025,0.0,0.0,0.0,0.0,0.0,0.05119459,0.09733511,0.1872216,0.03305421,0.0,0.2922458,0.0,0.0,0.8411087,0.0,0.0,0.0,0.0,0.0,0.36600778,0.61290675,0.13634679,0.60885054,0.65038645,1.1385331,1.1635787,0.0,0.0,0.0,-0.0008914359,-0.7989792,-0.094047725
-0.40139446,1.1475586,-0.34740865,0.46244842,0.0,0.04537253,0.0,0.89252055,0.6711763,0.07372694,0.0,0.0,0.0,0.0,1.0809832,0.0,0.31659785,0.0,0.2500354,0.0,0.19231822,0.060817882,0.0,0.0,0.0,0.0,0.24375159,0.5815955,0.72003484,1.313349,0.19392526,0.0,0.0,0.0,0.0,0.47264832,0.0,0.77309465,0.0,0.0,0.0,0.28620467,0.0,0.28432614,0.095935926,0.17189305,0.021603353,0.0,0.6863185,0.0,0.0,0.4930795,0.0,0.0,0.19084777,0.54134756,0.0644591,0.24392404,0.40248215,0.027052931,0.28453997,0.4563713,0.68875104,0.89457065,0.0,0.05216262,0.0,-0.25413612,-0.40799004,-0.25455022
-0.9896477,-0.4936002,-0.44249636,0.2575773,0.0,0.0,0.23876297,0.21434247,0.0,0.852669,0.0,0.123676345,0.28094596,0.32708794,0.8152759,0.46903324,0.0,0.0,0.2786887,0.15320085,0.0,1.0612466,0.0,0.0,0.0,0.0,0.11094078,0.0,0.017225556,1.1752083,0.7598244,0.0,0.10169454,0.0,0.39135858,0.7944834,0.0,0.20165302,0.0,0.0,0.0,0.44748515,0.0,0.07069171,0.10787991,0.02901654,0.38426393,0.0,0.507566,0.0,0.0,0.069526844,0.17604119,0.0,0.7004273,1.0832083,0.0,0.14195351,0.6090868,0.0,0.47266066,0.56659937,0.5775486,0.12622257,0.0,0.0,0.0,-0.43604118,-0.079557836,0.4910341
2.1601088,-0.03637944,-0.09929774,0.7206377,0.16002244,0.2830814,0.0,0.6462568,0.96722925,0.0,0.0,0.55014956,1.1973044,0.30467013,0.0,0.0,0.0,0.6995534,0.0,0.22019856,0.0,0.0,0.44573665,0.094960004,0.67995,1.08635,0.0,1.3053346,0.0,0.0,0.0,0.7138411,0.0,0.5700794,0.23717485,0.610194,0.0,0.0,0.0,0.0,0.0,0.0,0.0,0.09763381,0.70079184,0.33653867,0.95485353,0.0,0.0,0.0,0.0,0.47256443,0.0,0.081966884,0.0,0.0,0.27480873,1.024524,0.23171467,0.0,1.249098,0.54888797,0.8402653,0.43502864,0.0,0.040717963,0.0,0.73417497,-0.02189732,0.08930937
0.8412057,-1.1629676,-0.79086626,0.109258175,0.41288814,0.0,0.0,0.33273247,0.0,0.89654595,0.0,0.8050908,1.2266711,0.6425288,0.0,0.30303338,0.0,0.0,0.0,0.51508677,0.0,0.55614746,0.23984094,0.0,0.15792386,0.8736464,0.0,0.6453129,0.0,0.0,0.72593296,0.0,0.266235,0.19007511,0.33057272,0.9376701,0.0,0.0,0.0,0.0,0.0,0.0,0.0,0.0,0.13292645,0.063042805,1.0384134,0.0,0.0,0.0,0.0,0.0,0.0,0.0,0.40241477,0.5898058,0.0,0.44306448,0.8241639,0.0,0.8738272,0.91102153,0.86581004,0.0,0.0,0.021055566,0.0,0.029070314,-0.13845955,0.81639326
1.2706555,-1.3979188,-1.1199867,0.0,0.6071322,0.0,0.0,0.43577945,0.0,1.0446427,0.0,1.0823988,1.4824201,0.6520459,0.0,0.19678894,0.0,0.0,0.0,0.6204802,0.0,0.52932835,0.43141443,0.0,0.27271795,1.2280194,0.0,0.9628563,0.0,0.0,0.83346546,0.09621316,0.3859803,0.33538002,0.18785653,1.1982733,0.0,0.0,0.0,0.0,0.0,0.0,0.0,0.0,0.100615345,0.07380399,1.1940256,0.0,0.0,0.0,0.0,0.0070315003,0.0,0.0,0.33413136,0.53717685,0.0,0.56520385,0.9904041,0.0,1.1376055,1.1023211,1.1999481,0.0,0.0,0.007515283,0.0,0.08757718,-0.24595839,0.95307755
-1.9613726,-0.39704373,1.9555925,1.7682574,0.0,0.0,0.83354926,0.0,0.0,0.0,1.3081489,0.0,0.0,1.3271942,2.0014455,1.5039456,0.16602674,0.0,1.3050828,0.12559092,0.2555005,0.9158136,0.0,0.0,0.0,0.0,0.0,0.0,0.0,0.81227994,0.0,0.0,0.0,0.0,1.9655179,0.49559247,0.0,1.048084,0.0,0.0,0.43997878,1.7033857,0.0,0.65690804,0.86994433,0.07939449,1.2334667,0.0,0.7438694,0.0,0.0,0.2117091,0.76829875,0.54778224,1.0622748,1.759357,1.1806812,1.1495632,0.48164678,0.0,0.15355277,0.07937369,0.0,0.35474652,0.0,0.6578973,0.0,-0.26111957,0.94911844,-0.7688123
1.0530288,0.17436126,-0.4988915,0.3987541,0.0,0.03172122,0.0,0.7596545,0.6546334,0.22079465,0.0,0.42827034,0.709883,0.0,0.0,0.0,0.0,0.17658591,0.0,0.05260014,0.0,0.0,0.26978886,0.0,0.17233802,0.6262161,0.0,1.0523992,0.0,0.18435273,0.23161638,0.30527565,0.0,0.10789581,0.0,0.53295666,0.0,0.010551751,0.0,0.0,0.0,0.0,0.0,0.09167753,0.21636584,0.16916345,0.48009652,0.0,0.01520736,0.0,0.0,0.36756593,0.0,0.0,0.0,0.016748555,0.031229666,0.41471365,0.3858406,0.0014492273,0.70493627,0.61729014,0.6828329,0.5355879,0.0,0.0,0.0,0.26029554,-0.32793784,0.17401792
0.484558,1.3741723,0.0051233717,0.7663979,0.0,0.37472457,0.0,0.9429312,1.0996318,0.0,0.0,0.0,0.0,0.0,0.75601506,0.0,0.18329558,0.2019664,0.24960706,0.0,0.42548794,0.0,0.03268285,0.3229189,0.0,0.0,0.0222032,0.9033098,0.514882,0.70921135,0.0,0.26263914,0.0,0.0,0.0,0.38518244,0.0,0.7717307,0.0,0.0,0.0,0.3436035,0.0,0.32438746,0.35230348,0.37860805,0.21992968,0.0,0.539152,0.0,0.0,0.6091895,0.0,0.14097601,0.0,0.25014326,0.21899444,0.5416163,0.20622484,0.061759777,0.43177432,0.3665625,0.57596004,1.0023367,0.0,0.20661484,0.0,0.11878905,-0.27804792,-0.5536725
0.18069917,1.0748762,-0.9424104,0.10724956,0.0,0.035723895,0.0,1.1924056,0.70498437,0.24664417,0.0,0.21710877,0.0,0.0,0.5798606,0.0,0.047481358,0.01823479,0.0,0.0,0.0,0.0,0.19422136,0.0,0.0,0.15814918,0.37299347,1.1815755,0.7142961,1.1822793,0.33427197,0.2087017,0.0,0.0,0.0,0.73848087,0.0,0.5480032,0.0,0.0,0.0,0.055145487,0.0,0.14340924,0.0,0.13365191,0.0,0.0,0.51517487,0.0,0.0,0.63126624,0.0,0.0,0.19524245,0.3404385,0.0,0.08524369,0.57159513,0.065663666,0.39916712,0.6158103,0.9260964,1.0249733,0.0,0.0,0.0,-0.25691068,-0.686377,-0.07063338
0.64732003,0.7859276,-1.0265296,0.065039635,0.0,0.031751856,0.0,1.1741185,0.70333326,0.30056772,0.0,0.4158055,0.29346472,0.0,0.19832548,0.0,0.0,0.19609404,0.0,0.0,0.0,0.0,0.32801276,0.0,0.0,0.4674462,0.29460603,1.360753,0.468639,0.8421061,0.35412142,0.37309322,0.0,0.0,0.0,0.8309725,0.0,0.28429008,0.0,0.0,0.0,0.0,0.0,0.050158087,0.0,0.11236717,0.09781396,0.0,0.29737818,0.0,0.0,0.59662974,0.0,0.0,0.10926223,0.16084406,0.0,0.18750572,0.60620403,0.048932336,0.5337592,0.6774024,0.9944489,0.9102434,0.0,0.0,0.0,-0.098107874,-0.6956307,0.07951569
-0.050679717,1.6792358,-0.5186656,0.40725237,0.0,0.25282484,0.0,1.2189987,0.9766419,0.0,0.0,0.0,0.0,0.0,1.0263479,0.0,0.47529075,0.04657036,0.14263675,0.0,0.3898751,0.0,0.043861255,0.2529068,0.0,0.0,0.33972088,1.0381379,0.96832925,1.3441845,0.05890365,0.1824238,0.0,0.0,0.0,0.5703526,0.0,0.94442195,0.0,0.0,0.0,0.3552544,0.0,0.30983385,0.2253202,0.31351656,0.0,0.0,0.73115945,0.0,0.0,0.7109028,0.0,0.013119452,0.11703229,0.41684258,0.0917496,0.37532344,0.44546455,0.046628676,0.3020597,0.47795647,0.7924594,1.2050372,0.0,0.02475773,0.0,-0.18632036,-0.49986693,-0.47620052
0.36321595,1.1841177,-0.2942983,0.55039996,0.0,0.23264922,0.0,0.9810723,0.92572,0.0,0.0,0.0,0.01798582,0.0,0.6813457,0.0,0.09756929,0.09807569,0.15520774,0.0,0.22775011,0.0,0.0733432,0.17214996,0.0,0.030392967,0.12200969,0.9453503,0.53313535,0.84304595,0.022182345,0.20704582,0.0,0.0,0.0,0.43028468,0.0,0.683052,0.0,0.0,0.0,0.24033965,0.0,0.2999178,0.21001233,0.27450246,0.08027032,0.0,0.47585958,0.0,0.0,0.5742227,0.0,0.012563538,0.01791884,0.26808003,0.10898733,0.36035576,0.284498,0.095776804,0.4043259,0.4225421,0.6046654,0.9644976,0.0,0.061474863,0.0,-0.020885963,-0.38151646,-0.35394853
-0.94134384,2.524255,2.3641388,2.2877166,0.0,0.8702254,0.0,0.20415023,1.6053575,0.0,0.9090669,0.0,0.0,0.0,2.550505,0.45600897,1.4294468,0.0,1.3458527,0.0,1.8178871,0.0,0.0,0.830159,0.0,0.0,0.0,0.0,0.77890295,0.976755,0.0,0.0,0.0,0.0,0.96908903,0.12891476,0.0,1.870382,0.0,0.0,0.57511866,1.7083235,0.0,0.8790046,1.4000192,0.8688818,1.3506055,0.0,1.5206392,0.0,0.0,0.71490514,1.1447353,1.0924957,0.07434619,1.123737,1.320699,1.7589775,0.1469713,0.0,0.0,0.07588506,0.44053543,1.2221242,0.0,1.2619306,0.0,0.26568818,0.76332057,-2.237482
1.4283311,-0.42114735,-0.38977888,0.45758152,0.19628814,0.0,0.0,0.5267465,0.5273254,0.3241807,0.0,0.5993724,1.1073275,0.386065,0.0,0.10266943,0.0,0.18374586,0.0,0.29931507,0.0,0.0,0.31598973,0.0,0.38692266,0.89306337,0.0,0.9703449,0.0,0.0,0.27225444,0.30499497,0.0,0.33588088,0.25073597,0.60622317,0.0,0.0,0.0,0.0,0.0,0.0,0.0,0.0,0.389392,0.18845774,0.9083584,0.0,0.0,0.0,0.0,0.23899436,0.0,0.0,0.0,0.14050075,0.12340392,0.64438426,0.42770752,0.0,0.9627906,0.6569259,0.7577422,0.26754186,0.0,0.01445324,0.0,0.43206352,-0.10099612,0.3485092
1.340592,-1.2365825,-0.44321978,0.36534834,0.51968014,0.0,0.0,0.21836379,0.13580962,0.67348754,0.0,0.7876998,1.4374586,0.8627734,0.0,0.38917997,0.0,0.0,0.0,0.5881995,0.0,0.2673426,0.27533537,0.0,0.41816366,1.0265828,0.0,0.67254984,0.0,0.0,0.5178681,0.04850638,0.17654525,0.41478044,0.5563644,0.8144654,0.0,0.0,0.0,0.0,0.0,0.0,0.0,0.0,0.417485,0.15131606,1.2986141,0.0,0.0,0.0,0.0,0.0,0.0,0.0,0.29771975,0.5509841,0.09322128,0.6817684,0.6555751,0.0,1.0975786,0.80774015,0.81101084,0.0,0.0,0.040425785,0.0,0.29916108,0.07114729,0.7126626
1.5401796,0.7480001,0.84667116,1.3478658,0.0,0.5710509,0.0,0.4707842,1.296508,0.0,0.0,0.0,0.6319882,0.2301729,0.16552392,0.14124809,0.0,0.5180656,0.3900193,0.0,0.41631728,0.0,0.06082584,0.42256385,0.5671271,0.3455575,0.0,0.7367655,0.0,0.0,0.0,0.44980565,0.0,0.3513608,0.56570274,0.15282784,0.0,0.39065707,0.0,0.0,0.0,0.33888155,0.0,0.38930705,1.0096394,0.5511109,0.8483681,0.0,0.26145107,0.0,0.0,0.57443035,0.0,0.43983,0.0,0.105698064,0.54351085,1.0663056,0.0,0.0,0.8684206,0.28072557,0.3469139,0.61243284,0.0,0.32820067,0.0,0.77889884,0.21976228,-0.63433444
-0.8954199,-0.6628901,1.5003618,1.5245461,0.0,0.0,0.38041788,0.0,0.07180452,0.04754597,0.8476249,0.0,0.39436132,1.3193808,1.19949,1.2652917,0.0,0.0,0.97408986,0.28318617,0.0,0.6287766,0.0,0.0,0.0,0.0,0.0,0.0,0.0,0.2702261,0.035445675,0.0,0.0,0.0,1.7155101,0.34133738,0.0,0.68911684,0.0,0.0,0.2670908,1.1688178,0.0,0.41650894,0.7366192,0.11813599,1.1897349,0.0,0.3844241,0.0,0.0,0.11473146,0.39636642,0.30575234,0.84274065,1.3256239,1.0465522,0.873739,0.3849666,0.0,0.30781478,0.22367163,0.0,0.14268169,0.0,0.4826873,0.0,-9.45963e-05,0.779111,-0.36255258
1.3829052,2.282387,0.98857206,1.527016,0.0,1.0374087,0.0,0.9925029,1.9442654,0.0,0.0,0.0,0.0,0.0,0.82137215,0.0,0.45752075,0.9207932,0.48888922,0.0,1.2122856,0.0,0.041570082,1.0491288,0.39741236,0.0,0.0,1.1132114,0.48228082,0.060574025,0.0,0.7672527,0.0,0.09516598,0.036763668,0.31262076,0.0,0.9996825,0.0,0.0,0.04488802,0.7490701,0.0,0.33402655,1.1107816,0.9346642,0.76930684,0.0,0.81836,0.0,0.0,0.9889711,0.0,0.6863166,0.0,0.0,0.56742525,1.375303,0.0,0.0,0.68740416,0.23587842,0.6755662,1.2567141,0.0,0.71926445,0.0,0.75587875,0.027919617,-1.3578508
0.17488557,-1.8277088,-1.4940078,0.0,0.5978639,0.0,0.0,0.2882024,0.0,1.5876344,0.0,1.0982522,1.2829717,0.7112239,0.0,0.37092555,0.0,0.0,0.0,0.6876161,0.0,1.3224666,0.22657229,0.0,0.0,0.8914905,0.13583112,0.47790545,0.0,0.47152367,1.2912155,0.0,0.7040056,0.0,0.18756182,1.3940797,0.0,0.0,0.0,0.0,0.0,0.0,0.0,0.0,0.0,0.015905164,1.0559652,0.0,0.0,0.0,0.0,0.0,0.0,0.0,0.7824927,1.0985727,0.0,0.2635903,1.2865155,0.0,0.9837118,1.2323847,1.147592,0.0,0.0,0.0,0.0,-0.32731313,-0.31858683,1.1909473
0.3709586,-0.5198858,-1.4600141,0.0,0.09217605,0.0,0.0,0.8119463,0.0,1.0391024,0.0,0.8288114,0.77301484,0.0,0.0,0.0,0.0,0.0,0.0,0.22656079,0.0,0.6650119,0.32013434,0.0,0.0,0.71987563,0.2956096,1.0122417,0.0,0.7628888,0.90699065,0.0,0.22532587,0.0,0.0,1.1093426,0.0,0.0,0.0,0.0,0.0,0.0,0.0,0.0,0.0,0.012774132,0.416775,0.0,0.17639369,0.0,0.0,0.24309771,0.0,0.0,0.35958675,0.49021864,0.0,0.12941371,0.94090176,0.0,0.6960145,1.0302377,1.1623671,0.31733802,0.0,0.0,0.0,-0.19792245,-0.5823261,0.6789142
0.30930436,-0.7184081,-0.7074569,0.1564717,0.12503237,0.0,0.0,0.40413886,0.004668951,0.7969536,0.0,0.5574366,0.84102726,0.38822618,0.0,0.2542144,0.0,0.0,0.0,0.3183634,0.0,0.6007724,0.09516716,0.0,0.0,0.5022139,0.0,0.4882454,0.0,0.42842203,0.6786447,0.0,0.13516189,0.0,0.2339328,0.7910935,0.0,0.0,0.0,0.0,0.0,0.0,0.0,0.0,0.09363181,0.043171465,0.6502052,0.0,0.06303516,0.0,0.0,0.030401096,0.0,0.0,0.44193164,0.583794,0.0,0.22697234,0.6903016,0.0,0.64192885,0.73704743,0.6687238,0.053516433,0.0,0.0,0.0,-0.10314441,-0.1787156,0.6721903
0.06831494,0.6262081,1.7394267,1.8264236,0.0,0.38447738,0.0,0.0,0.9659833,0.0,0.56396353,0.0,0.16573708,0.66335714,1.1706991,0.7489414,0.0503684,0.0,0.9364785,0.0,0.6738228,0.0,0.0,0.17221582,0.21144415,0.0,0.0,0.0,0.0,0.009496927,0.0,0.0,0.0,0.0,1.2831293,0.0,0.0,0.88370055,0.0,0.0,0.2912405,1.0494562,0.0,0.55802715,0.9465315,0.4746319,1.1851698,0.0,0.6427994,0.0,0.0,0.43120965,0.4453082,0.6832667,0.24126558,0.80490947,1.0252758,1.0844936,0.0,0.0,0.25976914,0.11447828,0.0034580827,0.52932245,0.0,0.76620406,0.0,0.407899,0.6585573,-1.1211474
-0.31399515,0.83311534,2.3614032,2.2210362,0.0,0.48402297,0.0,0.0,1.0554283,0.0,0.92863977,0.0,0.0,0.80606043,1.6139729,0.97120917,0.32965174,0.0,1.2250102,0.0,0.9941362,0.0,0.0,0.26428354,0.17473818,0.0,0.0,0.0,0.0,0.052687645,0.0,0.0,0.0,0.0,1.6245033,0.0,0.0,1.1892012,0.0,0.0,0.53201747,1.4498764,0.0,0.6880713,1.211081,0.61475974,1.4760134,0.0,0.9011525,0.0,0.0,0.5219159,0.7157957,0.9351368,0.37615353,1.024994,1.3194362,1.4105906,0.0,0.0,0.14146179,0.044975966,0.0020058155,0.6749512,0.0,1.0512882,0.0,0.39067423,0.9069232,-1.5862703
-1.4194105,-0.70649695,0.46221778,0.80757654,0.0,0.0,0.54589504,0.0,0.0,0.622116,0.510617,0.0,0.22504064,0.8563899,1.2114997,0.9587916,0.0,0.0,0.67162305,0.22906476,0.0,1.142467,0.0,0.0,0.0,0.0,0.0,0.0,0.0,0.99562395,0.5447078,0.0,0.012439057,0.0,1.0914598,0.72810036,0.0,0.4701478,0.0,0.0,0.0,0.9648337,0.0,0.3019285,0.42647257,0.05489181,0.79283726,0.0,0.5673622,0.0,0.0,0.032866865,0.38933146,0.0,0.93494314,1.4667008,0.42072666,0.56267303,0.5918548,0.0,0.38171208,0.3381703,0.29377347,0.12963314,0.0,0.1978572,0.0,-0.35224843,0.42478687,0.18510716
0.36724055,0.07494088,-2.1049023,0.0,0.0,0.0,0.0,1.3209745,0.112415016,1.0970738,0.0,0.95278406,0.506421,0.0,0.0,0.0,0.0,0.0,0.0,0.0,0.0,0.5664338,0.5146551,0.0,0.0,0.7954477,0.6279431,1.5811144,0.4810923,1.2210294,1.0044634,0.24226996,0.1590557,0.0,0.0,1.3945981,0.0,0.110182,0.0,0.0,0.0,0.0,0.0,0.0,0.0,0.0019202083,0.11703943,0.0,0.43115833,0.0,0.0,0.5841452,0.0,0.0,0.4177152,0.42315418,0.0,0.02743318,1.1288964,0.0,0.66344637,1.1397347,1.5341276,0.7948156,0.0,0.0,0.0,-0.34657627,-0.9594313,0.5073466
-0.106567346,-0.011751489,2.03774,1.9697642,0.0,0.20661275,0.0,0.0,0.6900486,0.0,0.81744266,0.0,0.38716653,1.1876631,1.1229453,1.1201056,0.0,0.0,1.0624269,0.11899787,0.4691512,0.0,0.0,0.0,0.26411754,0.0,0.0,0.0,0.0,0.0,0.0,0.0,0.0,0.021575376,1.7492357,0.016925506,0.0,0.8570964,0.0,0.0,0.39268202,1.1506156,0.0,0.5435196,1.0330473,0.4512859,1.4310706,0.0,0.54030377,0.0,0.0,0.34441352,0.46540564,0.652426,0.53571326,1.021766,1.240586,1.1422873,0.03044787,0.0,0.32631594,0.11545918,0.0,0.34750915,0.0,0.7614099,0.0,0.39172238,0.87147224,-1.0010362
1.3789189,0.21978056,1.2419268,1.5624707,0.0,0.44849122,0.0,0.07382065,1.0902121,0.0,0.035179883,0.0,0.8098609,0.73124635,0.17295614,0.50819594,0.0,0.21596074,0.551116,0.114388496,0.2991311,0.0,0.0,0.22382832,0.63407606,0.251745,0.0,0.24958736,0.0,0.0,0.0,0.15254441,0.0,0.41550088,1.0487865,0.0,0.0,0.37107557,0.0,0.0,0.0,0.48972967,0.0,0.40868768,1.1232259,0.51104224,1.1307218,0.0,0.21749058,0.0,0.0,0.35999435,0.029284745,0.5247062,0.01453463,0.4553783,0.7678488,1.0538454,0.0,0.0,0.81268495,0.16387773,0.059130132,0.29726696,0.0,0.34419486,0.0,0.8011507,0.5604267,-0.57826626
1.5541278,-0.9992417,-0.6629276,0.25075507,0.47261938,0.0,0.0,0.43263346,0.2630389,0.6376487,0.0,0.86765933,1.4075109,0.6231104,0.0,0.1870246,0.0,0.09013265,0.0,0.509924,0.0,0.11669418,0.39940798,0.0,0.43186128,1.1501126,0.0,0.98546803,0.0,0.0,0.50234044,0.25883582,0.12489693,0.43034273,0.3035257,0.9003607,0.0,0.0,0.0,0.0,0.0,0.0,0.0,0.0,0.34048453,0.15595172,1.1859595,0.0,0.0,0.0,0.0,0.10895038,0.0,0.0,0.14476715,0.31668264,0.0,0.6959228,0.66137534,0.0,1.1598849,0.8458125,0.9958769,0.029837191,0.0,0.017392837,0.0,0.35233375,-0.09189463,0.6792769
0.07908864,-0.32913458,-2.2500792,0.0,0.0,0.0,0.0,1.187939,0.0,1.370498,0.0,1.0420098,0.5828537,0.0,0.0,0.0,0.0,0.0,0.0,0.11142163,0.0,0.90982,0.46191788,0.0,0.0,0.7782141,0.6608649,1.3785344,0.3802359,1.3230495,1.2174072,0.017765343,0.35433227,0.0,0.0,1.4723874,0.0,0.0,0.0,0.0,0.0,0.0,0.0,0.0,0.0,0.0,0.16428192,0.0,0.49748227,0.0,0.0,0.4837577,0.0,0.0,0.5362724,0.6531313,0.0,0.0,1.2594014,0.0,0.6825196,1.2470672,1.5860386,0.6178111,0.0,0.0,0.0,-0.44397622,-0.9190891,0.6980233
-0.8002167,-0.14429738,-1.2264241,0.0,0.0,0.0,0.018455714,0.7109673,0.0,1.0262357,0.0,0.40054715,0.19138514,0.0,0.6310066,0.012508005,0.0,0.0,0.0,0.01455104,0.0,1.0079389,0.0,0.0,0.0,0.005475075,0.4304872,0.42800713,0.3916542,1.494345,0.9379842,0.0,0.136057,0.0,0.0,0.97465235,0.0,0.20945956,0.0,0.0,0.0,0.09774729,0.0,0.0,0.0,0.0,0.0,0.0,0.6794522,0.0,0.0,0.2821833,0.0,0.0,0.6190329,0.84293604,0.0,0.0,0.79758424,0.0,0.4573114,0.7978076,0.95714945,0.43527818,0.0,0.0,0.0,-0.51770306,-0.5333559,0.4709158
0.22373761,0.11458955,0.9997371,1.3204648,0.0,0.11924632,0.0,0.0,0.65426236,0.0,0.23784667,0.0,0.4457896,0.6478864,0.7181146,0.6249863,0.0,0.0,0.6342664,0.0633764,0.16423838,0.0,0.0,0.0,0.16869791,0.0,0.0,0.0,0.0,0.05237961,0.0,0.0,0.0,0.0,1.0042044,0.016306281,0.0,0.51980865,0.0,0.0,0.049549952,0.5949272,0.0,0.397683,0.6244998,0.2571342,0.9193413,0.0,0.31206274,0.0,0.0,0.23990798,0.20338774,0.32360703,0.23363367,0.6647749,0.7545344,0.6751111,0.077063516,0.0,0.3885988,0.25200418,0.0,0.30136874,0.0,0.41502586,0.0,0.34147573,0.4286229,-0.47331566
0.68765265,1.4067342,0.3641299,1.0168967,0.0,0.49730867,0.0,0.82782483,1.240252,0.0,0.0,0.0,0.036162704,0.0,0.7457319,0.0,0.1637986,0.29496336,0.35118154,0.0,0.5675705,0.0,0.0,0.43504483,0.0963227,0.0,0.0,0.81353235,0.37416345,0.45083356,0.0,0.30388227,0.0,0.0,0.033192486,0.27755505,0.0,0.78425926,0.0,0.0,0.0,0.42791975,0.0,0.33903816,0.5224286,0.4782685,0.38980865,0.0,0.5635586,0.0,0.0,0.6186145,0.0,0.2702251,0.0,0.20011887,0.31747264,0.7177174,0.10441083,0.03345654,0.4775895,0.3204881,0.50897384,0.957927,0.0,0.34788552,0.0,0.2953682,-0.13867173,-0.7114168
-1.2030678,-0.3503785,0.0070478637,0.54657805,0.0,0.0,0.33690238,0.05113405,0.0,0.6438581,0.204752,0.0,0.1428473,0.43621206,1.0984333,0.6225816,0.0,0.0,0.4776862,0.10027854,0.0,0.9956791,0.0,0.0,0.0,0.0,0.0,0.0,0.012384668,1.1664994,0.58918214,0.0,0.0,0.0,0.6369174,0.70952225,0.0,0.37976348,0.0,0.0,0.0,0.67139155,0.0,0.25548053,0.25137413,0.032653995,0.49897528,0.0,0.5534606,0.0,0.0,0.077702224,0.32450545,0.0,0.7218576,1.181907,0.17433156,0.34281603,0.5084819,0.0,0.41274196,0.4120921,0.45013496,0.17826197,0.0,0.082364626,0.0,-0.37323648,0.1316132,0.24723248
2.9855556,1.0376157,-0.008538363,0.90269756,0.0,0.8108191,0.0,1.1336938,1.6991273,0.0,0.0,0.44462767,1.0145495,0.0,0.0,0.0,0.0,1.5139977,0.0,0.0,0.2536469,0.0,0.6803823,0.74259764,0.9051862,1.2500306,0.0,2.0397525,0.0,0.0,0.0,1.3946413,0.0,0.716216,0.0,0.927121,0.0,0.0,0.0,0.0,0.0,0.0065908907,0.0,0.11106081,1.1027893,0.71853507,0.96597415,0.0,0.0,0.0,0.0,1.0719004,0.0,0.28134602,0.0,0.0,0.2866913,1.5095228,0.056273773,0.0,1.5847019,0.5390223,1.2906835,0.9284965,0.0,0.21357363,0.0,1.0669806,-0.17931145,-0.30054688
-0.87895733,1.0050007,1.4499869,1.5978572,0.0,0.24064545,0.0047629476,0.0068256855,0.79462475,0.0,0.63725436,0.0,0.0,0.2662434,1.7558408,0.64198756,0.5303613,0.0,0.97841036,0.0,0.7572125,0.0,0.0,0.07487491,0.0,0.0,0.0,0.0,0.22446781,0.82075596,0.0,0.0,0.0,0.0,0.9965763,0.16370538,0.0,1.0455633,0.0,0.0062112287,0.23998286,1.0739557,0.0,0.6475354,0.7816431,0.3761748,0.9702491,0.0,0.8592881,0.0,0.0,0.39396605,0.71364,0.6075619,0.27848387,0.9861034,0.90329295,0.9926752,0.10643943,0.0,0.16609141,0.15981245,0.26233283,0.6765613,0.0,0.71428853,0.0,0.12667187,0.49336487,-1.1077366
0.8392509,-0.48935813,-0.72868615,0.19229648,0.13086668,0.0,0.0,0.570326,0.25928783,0.614812,0.0,0.62644243,0.92758095,0.25448823,0.0,0.084409,0.0,0.0,0.0,0.27176172,0.0,0.25598642,0.2490481,0.0,0.10818793,0.7216739,0.0,0.8440666,0.0,0.19209906,0.5298859,0.061677933,0.018076137,0.10100056,0.09426418,0.7334413,0.0,0.0,0.0,0.0,0.0,0.0,0.0,0.0,0.13260572,0.10365905,0.7008111,0.0,0.0,0.0,0.0,0.16201612,0.0,0.0,0.16985278,0.2999919,0.0,0.36892837,0.6261085,0.0,0.72051466,0.735074,0.7958491,0.24157053,0.0,0.0,0.0,0.108187914,-0.25792986,0.5079041
-0.38195187,-0.22544074,1.4652487,1.5633309,0.0,0.0,0.052481532,0.0,0.409802,0.0,0.6488228,0.0,0.38266423,1.0499889,1.0562472,1.0174428,0.0,0.0,0.89071906,0.15913185,0.16389169,0.2065231,0.0,0.0,0.06820838,0.0,0.0,0.0,0.0,0.11695215,0.0,0.0,0.0,0.0,1.4822011,0.14208426,0.0,0.6737461,0.0,0.0,0.22572215,0.95781726,0.0,0.44648457,0.7342808,0.23127134,1.1518025,0.0,0.4084876,0.0,0.0,0.21806169,0.35133496,0.37095308,0.56466913,1.0008101,1.0169809,0.8385811,0.17521659,0.0,0.32283723,0.23075168,0.0,0.25497207,0.0,0.5419533,0.0,0.20662603,0.66265476,-0.55938005
-1.6510217,0.22423145,0.6976898,1.0049427,0.0,0.0,0.46390176,0.0,0.08560842,0.2126208,0.5780374,0.0,0.0,0.38077515,1.7232826,0.7485297,0.30170676,0.0,0.8068141,0.0,0.113653824,0.80139315,0.0,0.0,0.0,0.0,0.0,0.0,0.22454065,1.3401983,0.25855404,0.0,0.0,0.0,0.875695,0.572006,0.0,0.7745752,0.0,0.0,0.0,0.9863449,0.0,0.5286308,0.43586984,0.019562282,0.59116644,0.0,0.72048485,0.0,0.0,0.1921276,0.6095402,0.16396274,0.66537994,1.3029683,0.5411069,0.62914425,0.47295827,0.0,0.27046585,0.2850498,0.3568293,0.40342683,0.0,0.29125938,0.0,-0.3097384,0.30172315,-0.27981055
0.48768395,-0.21910264,-1.0003868,0.008143067,0.0,0.0,0.0,0.7481313,0.22218974,0.7009909,0.0,0.5998888,0.68230665,0.0,0.0,0.0,0.0,0.0,0.0,0.13993569,0.0,0.3728156,0.23979826,0.0,0.0,0.57922596,0.15356138,0.9162116,0.0,0.6022492,0.6308691,0.014667839,0.010979846,0.0,0.0,0.8231112,0.0,0.0,0.0,0.0,0.0,0.0,0.0,0.0,0.020868994,0.05535446,0.38849437,0.0,0.15613905,0.0,0.0,0.25667766,0.0,0.0,0.21541303,0.3262633,0.0,0.17322066,0.6986701,0.0,0.57945985,0.7609015,0.8979137,0.38874763,0.0,0.0,0.0,-0.07570274,-0.46030223,0.45740396
0.38700974,-0.09262061,-1.2951152,0.0,0.0,0.0,0.0,0.91115236,0.19331414,0.8020587,0.0,0.6685841,0.5897611,0.0,0.0,0.0,0.0,0.0,0.0,0.077428296,0.0,0.43671018,0.2970084,0.0,0.0,0.5941191,0.29712576,1.0762244,0.14400077,0.8241792,0.7309861,0.05508828,0.03917645,0.0,0.0,0.9687501,0.0,0.0,0.0,0.0,0.0,0.0,0.0,0.0,0.0,0.040229037,0.27888787,0.0,0.26283616,0.0,0.0,0.35120657,0.0,0.0,0.28184074,0.36436576,0.0,0.11205642,0.8050883,0.0,0.5818133,0.84528035,1.0590522,0.51047695,0.0,0.0,0.0,-0.16860692,-0.6030266,0.4636647
-0.45471537,0.9314901,-0.91946197,0.07093203,0.0,0.0,0.0,1.0457436,0.45645064,0.41646647,0.0,0.10553712,0.0,0.0,0.8898914,0.0,0.17448136,0.0,0.045097053,0.0,0.0,0.31338972,0.01551494,0.0,0.0,0.0,0.4318277,0.8020953,0.7890751,1.5091408,0.4800129,0.0,0.0,0.0,0.0,0.7546286,0.0,0.6039818,0.0,0.0,0.0,0.1642482,0.0,0.1395129,0.0,0.090793,0.0,0.0,0.7114172,0.0,0.0,0.5340657,0.0,0.0,0.37768322,0.6157572,0.0,0.03084993,0.612468,0.016876712,0.32149848,0.62462735,0.90898836,0.89457595,0.0,0.0,0.0,-0.41459602,-0.6058541,0.0012182295
1.0452965,-0.7095226,-1.0226479,0.0,0.2752976,0.0,0.0,0.6358117,0.17125651,0.7860846,0.0,0.83877575,1.0975591,0.26350626,0.0,0.019705534,0.0,0.0,0.0,0.3571088,0.0,0.32097742,0.37310326,0.0,0.14605242,0.9537707,0.008464254,1.0356466,0.0,0.11680561,0.66151166,0.15674034,0.1426584,0.17029901,0.0,0.9643141,0.0,0.0,0.0,0.0,0.0,0.0,0.0,0.0,0.041988112,0.07469723,0.79138684,0.0,0.0,0.0,0.0,0.16086441,0.0,0.0,0.17767145,0.28248158,0.0,0.4086957,0.79715306,0.0,0.865637,0.90847516,1.0366728,0.1968385,0.0,0.0,0.0,0.08973065,-0.36433685,0.65368694
0.33757433,-0.267202,-1.0802126,0.0,0.0,0.0,0.0,0.74438024,0.14169171,0.7838127,0.0,0.61113656,0.6501348,0.0,0.0,0.0,0.0,0.0,0.0,0.14430197,0.0,0.4836479,0.21979411,0.0,0.0,0.5396175,0.19711918,0.869645,0.0,0.70967585,0.7018572,0.0,0.057028815,0.0,0.0,0.8710481,0.0,0.0,0.0,0.0,0.0,0.0,0.0,0.0,0.009214542,0.039904296,0.34727722,0.0,0.1986555,0.0,0.0,0.24200962,0.0,0.0,0.2794137,0.39108288,0.0,0.12978339,0.7380203,0.0,0.58216083,0.79422945,0.92275536,0.35832876,0.0,0.0,0.0,-0.13794197,-0.47958112,0.50325376
0.52945083,0.036322445,-0.3887395,0.42728198,0.0,0.0,0.0,0.5919505,0.45785138,0.32830885,0.0,0.30407032,0.58547837,0.07417779,0.16666436,0.07215288,0.0,0.0,0.0782416,0.069352575,0.0,0.099649355,0.097387716,0.0,0.013279378,0.36520422,0.0,0.6813596,0.0,0.4099844,0.32156375,0.0,0.0,0.0,0.11737618,0.46728885,0.0,0.13808008,0.0,0.0,0.0,0.0,0.0,0.119621545,0.16295323,0.11893977,0.43326205,0.0,0.16316071,0.0,0.0,0.24429147,0.0,0.0,0.087010846,0.29193246,0.052791413,0.27862066,0.4000641,0.0,0.5380722,0.5833607,0.5486631,0.42544854,0.0,0.015653899,0.0,0.07584244,-0.24908555,0.2025361
-1.0728331,0.7530218,0.9510872,1.2425915,0.0,0.02567929,0.1088545,0.09682709,0.5355394,0.0,0.48542562,0.0,0.0,0.18842584,1.6492326,0.56935763,0.4193376,0.0,0.82085323,0.0,0.45916957,0.2412343,0.0,0.0,0.0,0.0,0.0,0.0,0.28741693,1.059691,0.0,0.0,0.0,0.0,0.7881197,0.2541065,0.0,0.8706563,0.0,0.0,0.047905833,0.8949523,0.0,0.5745488,0.5286855,0.18821554,0.67490286,0.0,0.7467674,0.0,0.0,0.31884402,0.5677566,0.35599494,0.35660657,0.9747607,0.67144585,0.71803445,0.20278732,0.0,0.22124776,0.22670245,0.3101219,0.5882004,0.0,0.45383385,0.0,-0.02422351,0.2932582,-0.69657516
0.9124437,1.4108413,-0.89366233,0.20903999,0.0,0.30741525,0.0,1.3962011,1.0794148,0.0,0.0,0.27643958,0.11094713,0.0,0.30123898,0.0,0.0,0.54028547,0.0,0.0,0.12592764,0.0,0.38661832,0.3021003,0.0,0.4338013,0.3032975,1.6357639,0.69705164,0.83046275,0.09368393,0.6491945,0.0,0.0,0.0,0.84557956,0.0,0.50988823,0.0,0.0,0.0,0.057115093,0.0,0.11753261,0.15718482,0.24277286,0.022027265,0.0,0.3659731,0.0,0.0,0.84278536,0.0,0.0,0.0,0.014714524,0.0,0.4087066,0.5106908,0.14998367,0.5637242,0.5818461,1.0389748,1.1850799,0.0,0.0,0.0,0.010857251,-0.7194029,-0.21248178
-0.9162835,-0.20543666,0.2500336,0.73381203,0.0,0.0,0.19530338,0.040406466,0.036423117,0.42594296,0.22582087,0.0,0.18102957,0.4667269,1.0509241,0.6212598,0.0,0.0,0.5258666,0.075503826,0.0,0.73997915,0.0,0.0,0.0,0.0,0.0,0.0,0.0,0.9414812,0.40504485,0.0,0.0,0.0,0.71777743,0.5497433,0.0,0.42513424,0.0,0.0,0.0,0.64525455,0.0,0.29115844,0.31414753,0.049886256,0.55364966,0.0,0.47308934,0.0,0.0,0.118258126,0.3080438,0.0,0.60332674,1.0280191,0.33181053,0.3895345,0.39699394,0.0,0.39680433,0.3917488,0.3515748,0.19363448,0.0,0.1522308,0.0,-0.20871963,0.18216883,0.09783445
-1.0998491,0.47719795,0.6718282,1.0406573,0.0,0.0,0.1601133,0.104625076,0.35616103,0.019260943,0.39383754,0.0,0.0,0.23084804,1.497427,0.56514853,0.25956228,0.0,0.7183772,0.0,0.226723,0.43742436,0.0,0.0,0.0,0.0,0.0,0.0,0.23024485,1.1007261,0.10152431,0.0,0.0,0.0,0.721922,0.34082225,0.0,0.7502953,0.0,0.0,0.0,0.8053658,0.0,0.50849015,0.41838935,0.097134724,0.54182833,0.0,0.65100336,0.0,0.0,0.26184568,0.46548402,0.22306533,0.4193824,0.9729408,0.53626496,0.57069224,0.2874145,0.0,0.2633926,0.2701036,0.32019377,0.47281772,0.0,0.31864473,0.0,-0.114337996,0.21191001,-0.43068326
0.32024303,0.21641278,-1.0054823,0.021128237,0.0,0.0,0.0,0.900064,0.3609909,0.5715196,0.0,0.4673634,0.42982662,0.0,0.18837366,0.0,0.0,0.0,0.0,0.0,0.0,0.26861843,0.21418236,0.0,0.0,0.41369265,0.24562046,0.987448,0.23920196,0.8461325,0.55244327,0.053237468,0.0,0.0,0.0,0.805078,0.0,0.1475467,0.0,0.0,0.0,0.0,0.0,0.0,0.0,0.063963145,0.1883413,0.0,0.3109685,0.0,0.0,0.40428045,0.0,0.0,0.21662226,0.33609852,0.0,0.1132358,0.6563715,0.0,0.496697,0.7127546,0.9149199,0.6158142,0.0,0.0,0.0,-0.15851606,-0.57302386,0.281672
-1.0287784,0.6020413,0.81869984,1.1493707,0.0,0.0,0.112137794,0.099793315,0.4587092,0.0,0.42931178,0.0,0.0,0.22290905,1.5385847,0.5661746,0.3147852,0.0,0.7634256,0.0,0.33906788,0.3157538,0.0,0.0,0.0,0.0,0.0,0.0,0.23532596,1.0383568,0.0,0.0,0.0,0.0,0.76163477,0.27122548,0.0,0.79226744,0.0,0.0,0.0,0.8387777,0.0,0.53839767,0.47183523,0.14040677,0.6110679,0.0,0.6752864,0.0,0.0,0.29345798,0.4939257,0.2905438,0.3736723,0.94610935,0.6146107,0.6390589,0.21841015,0.0,0.24908683,0.23860565,0.2969957,0.52860445,0.0,0.38283423,0.0,-0.036257554,0.25387582,-0.5658997
-0.49331295,-0.9026655,0.3863157,0.8071768,0.0,0.0,0.16876146,0.0,0.0,0.54650307,0.25422546,0.0,0.64054877,0.97360814,0.6083225,0.8621565,0.0,0.0,0.50172794,0.36347052,0.0,0.8026974,0.0,0.0,0.0,0.0,0.0,0.0,0.0,0.4054306,0.45238012,0.0,0.024147823,0.0,1.0672683,0.52408224,0.0,0.2483976,0.0,0.0,0.0,0.6465691,0.0,0.1376288,0.44945776,0.13679129,0.9038363,0.0,0.26826435,0.0,0.0,0.0,0.155011,0.0,0.7583494,1.1148859,0.49881145,0.4789352,0.4596187,0.0,0.4523664,0.4370185,0.15918297,0.0,0.0,0.15878181,0.0,-0.07063714,0.41458055,0.2843967
0.41166183,0.26011685,1.0848423,1.3978415,0.0,0.22114621,0.0,0.03426358,0.7895186,0.0,0.21190006,0.0,0.44821712,0.60289735,0.6856125,0.57730854,0.0,0.0,0.6394368,0.026389908,0.2647041,0.0,0.0,8.33869e-05,0.24177904,0.0,0.0,0.0,0.0,0.0,0.0,0.0,0.0,0.05418594,0.98834383,0.0,0.0,0.5403953,0.0,0.0,0.046781883,0.603334,0.0,0.41445553,0.69659215,0.32103252,0.9407401,0.0,0.337977,0.0,0.0,0.2849974,0.19143513,0.39770025,0.16167162,0.62093544,0.7636401,0.7387938,0.027664125,0.0,0.4023779,0.22076248,0.0,0.3441608,0.0,0.45079225,0.0,0.4167874,0.43889818,-0.57671905
0.19654395,-0.25022626,-0.23260689,0.4892244,0.0,0.0,0.0,0.37043682,0.26181337,0.43419823,0.0,0.23558554,0.5946988,0.3113686,0.29252672,0.2853348,0.0,0.0,0.18113393,0.15508544,0.0,0.34311596,0.0,0.0,0.0,0.21235761,0.0,0.32764518,0.0,0.453946,0.39638454,0.0,0.0,0.0,0.35635477,0.4652645,0.0,0.13174559,0.0,0.0,0.0,0.12275699,0.0,0.08594411,0.21660863,0.09675756,0.5496346,0.0,0.20439488,0.0,0.0,0.1293232,0.0,0.0,0.3111292,0.53713053,0.14652446,0.27390558,0.4023723,0.0,0.51628447,0.5337412,0.41698703,0.22445352,0.0,0.043214563,0.0,0.008909348,-0.05714496,0.29793555
-0.013652084,0.12776871,-0.18589623,0.5296376,0.0,0.0,0.0,0.47219753,0.3722098,0.312265,0.0,0.08617282,0.3526666,0.09210442,0.55258304,0.19839261,0.0,0.0,0.23555127,0.0041483417,0.0,0.27148476,0.0,0.0,0.0,0.021700853,0.0,0.32833862,0.029526927,0.68380076,0.32060903,0.0,0.0,0.0,0.24396013,0.40605104,0.0,0.32194227,0.0,0.0,0.0,0.19313096,0.0,0.2155627,0.17381759,0.1146308,0.34383065,0.0,0.31416538,0.0,0.0,0.23402387,0.0,0.0,0.2264919,0.50318533,0.123654634,0.21345443,0.29658386,0.01612918,0.47269672,0.511817,0.42225012,0.3815264,0.0,0.07215708,0.0,-0.037677992,-0.15443562,0.098160945
0.43227074,0.95629895,1.2948931,1.580569,0.0,0.48047864,0.0,0.2202984,1.1375787,0.0,0.22715133,0.0,0.14750785,0.26897544,0.9691048,0.40420657,0.07650632,0.0,0.72387385,0.0,0.6770667,0.0,0.0,0.32649368,0.22766857,0.0,0.0,0.004795432,0.0,0.07871148,0.0,0.0,0.0,0.0,0.837325,0.0,0.0,0.8287086,0.0,0.0,0.095468655,0.8322274,0.0,0.4758102,0.8314401,0.48662585,0.921622,0.0,0.60453963,0.0,0.0,0.4747124,0.2834057,0.5841058,0.022154983,0.5507977,0.7333246,0.9216569,0.0,0.0,0.33125392,0.1786309,0.09563344,0.6014716,0.0,0.64503455,0.0,0.45400298,0.3929014,-0.9945588
1.1102083,-0.2814571,-0.0982902,0.6359619,0.06421757,0.0,0.0,0.41651818,0.54627067,0.20659855,0.0,0.38253605,0.9332242,0.421957,0.0,0.21215016,0.0,0.0219903,0.09265579,0.23526101,0.0,0.0,0.15999831,0.0,0.31447858,0.6229415,0.0,0.6962726,0.0,0.0,0.18297625,0.13357824,0.0,0.23860426,0.40150273,0.36436114,0.0,0.0,0.0,0.0,0.0,0.0,0.0,0.096691005,0.43409657,0.19048359,0.8072795,0.0,0.0,0.0,0.0,0.20980433,0.0,0.0,0.046741538,0.23523301,0.24725436,0.5592512,0.32912654,0.0,0.75669366,0.5261592,0.4617577,0.2735773,0.0,0.032126866,0.0,0.3966341,0.02001844,0.21367314
1.2904322,-1.3838193,-3.2900405,0.0,0.71360993,0.0,0.0,1.3724886,0.0,1.9854174,0.0,1.9583338,1.477681,0.0,0.0,0.0,0.0,0.05631107,0.0,0.5478134,0.0,1.0272145,1.0167788,0.0,0.0,1.8883823,0.71760035,2.200517,0.0,0.67690396,1.6641386,0.51410544,0.85304624,0.09055434,0.0,2.2793427,0.0,0.0,0.0,0.0,0.0,0.0,0.0,0.0,0.0,0.0,0.96586835,0.0,0.0,0.0,0.0,0.38062832,0.0,0.0,0.46495163,0.64402086,0.0,0.3326557,1.8272531,0.0,1.4384353,2.1292684,2.4249377,0.4217971,0.0,0.0,0.0,-0.21755098,-1.1262013,1.3462669
-0.56753844,-0.82941306,-1.6929649,0.0,0.05564314,0.0,0.028837442,0.6711495,0.0,1.4437371,0.0,0.7938366,0.57645285,0.0,0.14488003,0.044933766,0.0,0.0,0.0,0.2655178,0.0,1.2987392,0.12364097,0.0,0.0,0.39382708,0.46720675,0.56806374,0.10691676,1.3229952,1.250305,0.0,0.45822322,0.0,0.0,1.2284966,0.0,0.0,0.0,0.0,0.0,0.0,0.0,0.0,0.0,0.0,0.24714118,0.0,0.5105872,0.0,0.0,0.1313686,0.0,0.0,0.6868759,0.9381119,0.0,0.0,1.0948783,0.0,0.6828773,1.068408,1.1579033,0.20474108,0.0,0.0,0.0,-0.5150542,-0.55390537,0.8452667
-0.28028557,-0.6896742,-1.3788378,0.0,0.036065698,0.0,0.0,0.62799394,0.0,1.1965535,0.0,0.69640493,0.61728823,0.04534933,0.11344567,0.07285397,0.0,0.0,0.0,0.24492967,0.0,1.0282003,0.120683774,0.0,0.0,0.41165948,0.33088627,0.5828599,0.015997551,1.0669572,1.0399418,0.0,0.318268,0.0,0.0,1.0718809,0.0,0.0,0.0,0.0,0.0,0.0,0.0,0.0,0.0,0.0051097944,0.3175219,0.0,0.37486923,0.0,0.0,0.12664978,0.0,0.0,0.564211,0.7576316,0.0,0.008109866,0.9363413,0.0,0.6481549,0.9434375,1.01471,0.18703966,0.0,0.0,0.0,-0.38137704,-0.481698,0.7499206
-2.6967607,-1.3538163,0.45027986,0.67392474,0.0,0.0,1.2578429,0.0,0.0,1.1248027,0.9110199,0.0,0.058464795,1.2088636,1.6954215,1.3780819,0.0,0.0,0.8493086,0.37404573,0.0,2.0289326,0.0,0.0,0.0,0.0,0.0,0.0,0.0,1.5601895,0.95200825,0.0,0.34161353,0.0,1.4262999,1.2253036,0.0,0.56753135,0.0,0.0,0.0,1.4717847,0.0,0.3577193,0.41650227,0.00071335584,0.8901972,0.0,0.8471625,0.0,0.0,0.0,0.53393215,0.0,1.5007426,2.3241415,0.26261848,0.71814674,1.0466654,0.0,0.37362027,0.35806242,0.4027801,0.13751622,0.0,0.18063122,0.0,-0.8459153,0.5518594,0.44096547
-1.8893553,0.93099844,1.552856,1.5932553,0.0,0.018251017,0.48068452,0.0,0.47869056,0.0,0.957811,0.0,0.0,0.32548624,2.3191605,0.8590139,0.81941915,0.0,1.1667608,0.0,0.75889945,0.41215697,0.0,0.0,0.0,0.0,0.0,0.0,0.405875,1.3632517,0.0,0.0,0.0,0.0,1.1543196,0.36865106,0.0,1.1916208,0.0,0.0,0.30825168,1.3758426,0.0,0.7774739,0.7767241,0.23066892,0.9556289,0.0,1.0272603,0.0,0.0,0.31794333,0.9621686,0.5675885,0.5774552,1.433457,0.9590992,1.089323,0.32797354,0.0,0.104833156,0.15615013,0.29503483,0.70117444,0.0,0.669047,0.0,-0.19467938,0.6057991,-1.0590508
0.24211556,-1.4016355,0.57647204,0.9490953,0.3306878,0.0,0.0,0.0,0.0,0.50668764,0.20383096,0.18085392,1.1232531,1.3928008,0.074180394,1.0057462,0.0,0.0,0.45340556,0.60306406,0.0,0.6195512,0.0,0.0,0.22959615,0.21703194,0.0,0.0,0.0,0.0,0.37019265,0.0,0.098394826,0.17223273,1.3515046,0.46263957,0.0,0.0,0.0,0.0,0.0,0.539556,0.0,0.018256493,0.6682663,0.21592768,1.3208978,0.0,0.0,0.0,0.0,0.0,0.0,0.0,0.77232647,1.0145543,0.5841163,0.62088925,0.4182716,0.0,0.7483985,0.5142231,0.07586725,0.0,0.0,0.1766878,0.0,0.24172428,0.55298305,0.4157908
-1.7453283,-1.395909,1.1716989,1.2066808,0.0,0.0,0.89595497,0.0,0.0,0.63682187,0.9991329,0.0,0.41670245,1.5947124,1.3348663,1.5295987,0.0,0.0,0.97018445,0.4794919,0.0,1.4229932,0.0,0.0,0.0,0.0,0.0,0.0,0.0,0.6789945,0.50766635,0.0,0.12363659,0.0,1.8544734,0.7889988,0.0,0.6015143,0.0,0.0,0.20066844,1.4323664,0.0,0.33556625,0.6893181,0.10004747,1.2745084,0.0,0.5617378,0.0,0.0,0.0,0.43974835,0.15484083,1.320068,1.9562435,0.7958995,0.9030959,0.76549536,0.0,0.34845516,0.26999405,0.03555622,0.039203987,0.0,0.37367964,0.0,-0.39438254,0.8730508,0.07863478
-1.0815136,1.0685606,2.0899887,2.0071895,0.0,0.33839595,0.12984294,0.0,0.87868595,0.0,0.9788238,0.0,0.0,0.5116698,2.0538874,0.8960912,0.6776675,0.0,1.2443783,0.0,1.013962,0.0,0.0,0.15012336,0.0,0.0,0.0,0.0,0.11726444,0.7019385,0.0,0.0,0.0,0.0,1.3977551,0.16803825,0.0,1.2832688,0.0,0.053572677,0.47060996,1.44653,0.0,0.75639117,1.0607748,0.5019269,1.3151225,0.0,1.014112,0.0,0.0,0.44476902,0.9277035,0.83956766,0.39611042,1.2047371,1.1933887,1.3229799,0.103531376,0.0,0.10381356,0.10233639,0.18002272,0.7396574,0.0,0.98104805,0.0,0.15613148,0.7840896,-1.4783454
0.33623308,1.8962401,-0.18578233,0.6645225,0.0,0.4672079,0.0,1.2107836,1.2479215,0.0,0.0,0.0,0.0,0.0,0.97098243,0.0,0.49368557,0.30719644,0.20981899,0.0,0.61213815,0.0,0.0651027,0.47956955,0.0,0.0,0.19420269,1.1189455,0.8882869,1.0454814,0.0,0.3689026,0.0,0.0,0.0,0.5541758,0.0,0.9803446,0.0,0.0,0.0,0.44261155,0.0,0.31697503,0.41579485,0.46059787,0.1636073,0.0,0.7367947,0.0,0.0,0.791862,0.0,0.16107549,0.013337471,0.30285007,0.22533165,0.6256431,0.31953037,0.047579564,0.39758945,0.42203552,0.7802893,1.2621523,0.0,0.19510214,0.0,0.056190442,-0.39958254,-0.7089251
1.195355,-0.6171764,-0.74538624,0.19700968,0.25140706,0.0,0.0,0.572435,0.30711916,0.6000948,0.0,0.73785245,1.1106033,0.33762085,0.0,0.07095617,0.0,0.01962471,0.0,0.34290674,0.0,0.14465684,0.34208876,0.0,0.24811478,0.9252074,0.0,0.98634744,0.0,0.0,0.5029703,0.20369992,0.038110092,0.24146874,0.11458495,0.7891144,0.0,0.0,0.0,0.0,0.0,0.0,0.0,0.0,0.19373363,0.12899779,0.8769947,0.0,0.0,0.0,0.0,0.1770764,0.0,0.0,0.103217706,0.21518496,0.0,0.5062084,0.6351421,0.0,0.89419556,0.79087895,0.8967759,0.2151774,0.0,0.00020845002,0.0,0.23379344,-0.23531795,0.53447884
-0.09125629,-0.54395306,0.6181697,1.0082794,0.0,0.0,0.0,0.0,0.20312925,0.22978152,0.21649823,0.0,0.62487704,0.87074804,0.56790084,0.7622691,0.0,0.0,0.53175104,0.26868278,0.0,0.40383905,0.0,0.0,0.036554486,0.0,0.0,0.0,0.0,0.18473598,0.19644067,0.0,0.0,0.0,1.0461627,0.27292615,0.0,0.3235249,0.0,0.0,0.0,0.56357247,0.0,0.22361112,0.50362,0.16326605,0.90156686,0.0,0.20531645,0.0,0.0,0.05494135,0.12963703,0.034217454,0.5164753,0.8523714,0.6384259,0.5151106,0.28060398,0.0,0.4341839,0.37927014,0.05902636,0.052216887,0.0,0.23736973,0.0,0.14288943,0.43043962,0.04327385
0.71785516,-0.020246305,-0.83115536,0.14674535,0.0,0.0,0.0,0.782956,0.4087196,0.5061541,0.0,0.53531504,0.6763089,0.0,0.0,0.0,0.0,0.0,0.0,0.08919659,0.0,0.13860591,0.26285326,0.0,0.00026553124,0.6012871,0.08841879,1.0048257,0.0,0.4588951,0.47191787,0.15009701,0.0,0.0,0.0,0.72306573,0.0,0.01186952,0.0,0.0,0.0,0.0,0.0,0.0,0.063924715,0.088771954,0.40799433,0.0,0.096120045,0.0,0.0,0.29886392,0.0,0.0,0.09386666,0.19777018,0.0,0.23614642,0.5929492,0.0,0.6066178,0.71578145,0.81497914,0.48517108,0.0,0.0,0.0,0.037039626,-0.4413691,0.34693158
-0.7032522,0.9183468,-0.03997447,0.6290823,0.0,0.0,0.0,0.6327038,0.5370865,0.08554399,0.0,0.0,0.0,0.0,1.2480145,0.0724273,0.31393924,0.0,0.40458903,0.0,0.18969457,0.22932966,0.0,0.0,0.0,0.0,0.13632306,0.17807038,0.58057404,1.2953819,0.1898862,0.0,0.0,0.0,0.05516404,0.39943278,0.0,0.74974304,0.0,0.0,0.0,0.38993445,0.0,0.30355632,0.11996607,0.12143013,0.12509173,0.0,0.6883881,0.0,0.0,0.37457642,0.1407485,0.0,0.24011649,0.64534694,0.14670296,0.27176645,0.34854758,0.0,0.29657453,0.40427035,0.5864403,0.6942043,0.0,0.12954877,0.0,-0.23982762,-0.24787056,-0.23566796
0.36401582,-2.1432357,-1.4886898,0.0,0.7635757,0.0,0.0,0.18603002,0.0,1.6673162,0.0,1.2080107,1.4899712,0.91487646,0.0,0.4585487,0.0,0.0,0.0,0.81598234,0.0,1.365267,0.2625181,0.0,0.0,1.0439527,0.058992557,0.45916846,0.0,0.2533267,1.3348217,0.0,0.79784983,0.08230515,0.30930334,1.4781444,0.0,0.0,0.0,0.0,0.0,0.0,0.0,0.0,0.0,0.010956109,1.2990713,0.0,0.0,0.0,0.0,0.0,0.0,0.0,0.8174574,1.1883123,0.0,0.36666048,1.3596371,0.0,1.0991441,1.3094821,1.1890762,0.0,0.0,0.019195206,0.0,-0.29511395,-0.27721202,1.2765418
-0.36545348,0.88446856,0.5499698,1.0354788,0.0,0.14317273,0.0,0.40976077,0.73128355,0.0,0.10036716,0.0,0.0,0.0,1.1985531,0.26178366,0.23407826,0.0,0.5695702,0.0,0.3806978,0.0,0.0,0.007449478,0.0,0.0,0.0,0.002108246,0.30157933,0.84006757,0.0,0.0,0.0,0.0,0.43149114,0.15230514,0.0,0.75961864,0.0,0.0,0.0,0.5490252,0.0,0.39511093,0.35327363,0.20765118,0.45186806,0.0,0.60599875,0.0,0.0,0.39625934,0.27332667,0.2598589,0.12238422,0.61569375,0.4061004,0.48784414,0.113487065,0.0,0.28629953,0.2776209,0.33272755,0.6496177,0.0,0.3559579,0.0,0.059969746,0.021624785,-0.5687387
0.3093381,0.561847,-0.1279194,0.6164481,0.0,0.060707927,0.0,0.65874505,0.6687319,0.058775604,0.0,0.032680597,0.2750821,0.0,0.5379964,0.0160636,0.0,0.0,0.21486035,0.0,0.0,0.0,0.0,0.0,0.0,0.07626602,0.0,0.60787237,0.16386694,0.60612416,0.12719369,0.0,0.0,0.0,0.08384609,0.29823202,0.0,0.46090174,0.0,0.0,0.0,0.11367434,0.0,0.29720545,0.17341314,0.16255383,0.23733708,0.0,0.3034432,0.0,0.0,0.33409286,0.0,0.0,0.022052588,0.3193254,0.1399461,0.28699678,0.24363245,0.092404425,0.44753098,0.459789,0.42851728,0.61713946,0.0,0.082784526,0.0,0.03131842,-0.22934261,-0.11198425
0.31318793,-0.65408504,0.1719797,0.73627466,0.055153966,0.0,0.0,0.053531855,0.19463204,0.38684046,0.0,0.18905653,0.81613016,0.7490022,0.1906803,0.569597,0.0,0.0,0.3057914,0.3231627,0.0,0.3635553,0.0,0.0,0.10750829,0.2266337,0.0,0.01700823,0.0,0.08775151,0.3218733,0.0,0.0,0.044448227,0.7777252,0.3286749,0.0,0.04987295,0.0,0.0,0.0,0.27123398,0.0,0.051723417,0.41411752,0.12629256,0.8919849,0.0,0.08716726,0.0,0.0,0.0038357228,0.0,0.0,0.43058136,0.68135345,0.39503846,0.42397943,0.3503847,0.0,0.5469395,0.45320368,0.18567407,0.0,0.0,0.12148734,0.0,0.17018987,0.28451407,0.32453674
0.55006045,-0.541257,-0.5736688,0.27121618,0.09028056,0.0,0.0,0.4469521,0.1784264,0.62375444,0.0,0.514336,0.8483171,0.34760118,0.0,0.20602983,0.0,0.0,0.0,0.27514586,0.0,0.37913248,0.12962209,0.0,0.03680496,0.5443657,0.0,0.59454167,0.0,0.2861427,0.53697073,0.0,0.025198027,0.025290713,0.23348859,0.66417503,0.0,0.0,0.0,0.0,0.0,0.0,0.0,0.0,0.15993679,0.08476438,0.67720133,0.0,0.05375293,0.0,0.0,0.09090482,0.0,0.0,0.29471573,0.44799846,0.008635614,0.30293107,0.58974737,0.0,0.6310612,0.67359066,0.6308181,0.15952195,0.0,0.0,0.0,0.024012726,-0.15919538,0.5317215
-0.32612967,0.3024418,-0.2972915,0.44695944,0.0,0.0,0.0,0.54883146,0.33444905,0.35670614,0.0,0.025019173,0.16403928,0.0,0.75878674,0.13904442,0.0,0.0,0.24430206,0.0,0.0,0.37241307,0.0,0.0,0.0,0.0,0.08518783,0.29630896,0.23419878,0.9740058,0.37690088,0.0,0.0,0.0,0.11868149,0.47936028,0.0,0.42115557,0.0,0.0,0.0,0.23709899,0.0,0.20706865,0.08840666,0.09089649,0.17175192,0.0,0.4678808,0.0,0.0,0.28765416,0.0,0.0,0.2847811,0.5757912,0.028016359,0.14797425,0.35148078,0.015683353,0.4121263,0.5088103,0.5435144,0.47664708,0.0,0.034374412,0.0,-0.19521336,-0.27019796,0.079321966
0.2703569,0.8773749,0.9645646,1.3486539,0.0,0.35799396,0.0,0.3101513,0.99431777,0.0,0.12578487,0.0,0.124171495,0.16201416,0.9476876,0.3294186,0.06045443,0.0,0.62592316,0.0,0.5225025,0.0,0.0,0.20848,0.1094722,0.0,0.0,0.08277079,0.015162051,0.2855717,0.0,0.0,0.0,0.0,0.66519463,0.009281404,0.0,0.75461996,0.0,0.0,0.0,0.6729423,0.0,0.43068868,0.6327564,0.37437528,0.7276061,0.0,0.5396331,0.0,0.0,0.4305941,0.2105501,0.43013066,0.022029689,0.5272768,0.57342243,0.72684026,0.011089236,0.0,0.34537998,0.24609491,0.18095592,0.6027045,0.0,0.507477,0.0,0.3559751,0.22546464,-0.77639276
0.02678693,0.18341146,-0.43140104,0.37518394,0.0,0.0,0.0,0.6042315,0.36369488,0.3906939,0.0,0.18109247,0.3417369,0.0,0.4867551,0.07761897,0.0,0.0,0.14033456,0.0,0.0,0.28663746,0.0,0.0,0.0,0.10439675,0.06744524,0.50622845,0.12274269,0.7777207,0.39366445,0.0,0.0,0.0,0.05942431,0.50362396,0.0,0.2813661,0.0,0.0,0.0,0.08412573,0.0,0.15709937,0.09524811,0.0952121,0.2431569,0.0,0.34828883,0.0,0.0,0.2701049,0.0,0.0,0.21275339,0.44427967,0.0,0.16444804,0.39242905,0.0,0.47458792,0.56207496,0.568671,0.4622122,0.0,0.005913112,0.0,-0.110737264,-0.30680853,0.16564387
0.6226792,0.3575791,-1.9912426,0.0,0.0,0.0,0.0,1.4156759,0.33287454,0.889867,0.0,0.8969314,0.47211838,0.0,0.0,0.0,0.0,0.13016582,0.0,0.0,0.0,0.29771364,0.5624677,0.0,0.0,0.83009326,0.5928158,1.7428335,0.53458154,1.1122732,0.84083974,0.4233698,0.01556243,0.0,0.0,1.3362019,0.0,0.15615259,0.0,0.0,0.0,0.0,0.0,0.0,0.0,0.04169056,0.14799392,0.0,0.38969153,0.0,0.0,0.6554738,0.0,0.0,0.31429607,0.2625253,0.0,0.1053679,1.0174837,0.0,0.6818504,1.0405653,1.5228881,0.9232333,0.0,0.0,0.0,-0.23784314,-0.96087223,0.37048942
0.5289601,0.46389398,-0.3871813,0.4552323,0.0,0.028674364,0.0,0.75908095,0.64438486,0.16592753,0.0,0.20611812,0.3958018,0.0,0.3156014,0.0,0.0,0.0,0.08536123,0.0,0.0,0.0,0.11355482,0.0,0.0,0.28052193,0.02323044,0.82925534,0.13438737,0.54804206,0.21162316,0.10783973,0.0,0.0,0.0,0.44757217,0.0,0.3158208,0.0,0.0,0.0,0.0,0.0,0.21141686,0.12693082,0.147496,0.26442575,0.0,0.22722141,0.0,0.0,0.34505087,0.0,0.0,0.012707796,0.22127388,0.036484104,0.26323843,0.35814852,0.05689884,0.51209223,0.5459345,0.5692862,0.6259577,0.0,0.0066470844,0.0,0.032883387,-0.34573025,0.035873868
0.98496485,-0.2896219,1.0210619,1.3595957,0.0,0.16373412,0.0,0.0,0.70983344,0.0,0.092370436,0.0,0.89522505,0.9325024,0.1594131,0.6654501,0.0,0.0,0.5216218,0.26494175,0.0,0.0,0.0,0.0,0.4910583,0.22647128,0.0,0.00023856759,0.0,0.0,0.0,0.0,0.0,0.32487315,1.1384467,0.0,0.0,0.26445466,0.0,0.0,0.0,0.43012753,0.0,0.32008645,0.88786054,0.33796751,1.1131829,0.0,0.08818174,0.0,0.0,0.15034044,0.033355653,0.33215028,0.21107268,0.61210924,0.73994595,0.79312164,0.04399687,0.0,0.70219636,0.2059749,0.0,0.07976246,0.0,0.24413946,0.0,0.59759074,0.58447266,-0.24542625
0.28622842,0.11729164,-0.2711667,0.49313706,0.0,0.0,0.0,0.54259056,0.44182888,0.29427865,0.0,0.18661077,0.46354842,0.0696471,0.36018592,0.1245677,0.0,0.0,0.15909493,0.026436795,0.0,0.15326802,0.0052357763,0.0,0.0,0.19546095,0.0,0.5221455,0.0,0.53464556,0.30057245,0.0,0.0,0.0,0.17496412,0.4143176,0.0,0.24113362,0.0,0.0,0.0,0.0637029,0.0,0.18408266,0.17586125,0.11440864,0.3858238,0.0,0.23980287,0.0,0.0,0.24233419,0.0,0.0,0.14372393,0.38159454,0.09128736,0.25616872,0.3309943,0.009141177,0.50515366,0.53863376,0.46972835,0.4228269,0.0,0.04902943,0.0,0.030891325,-0.20007804,0.12986447
0.08148294,0.4372476,0.11983704,0.7555524,0.0,0.020096242,0.0,0.47491777,0.59149164,0.04250361,0.0,0.0,0.25004917,0.04318382,0.68487006,0.19051802,0.0,0.0,0.33800885,0.0,0.011117175,0.022277325,0.0,0.0,0.0,0.0,0.0,0.31130666,0.07979668,0.60182613,0.10569331,0.0,0.0,0.0,0.30941674,0.22499928,0.0,0.48126864,0.0,0.0,0.0,0.25576833,0.0,0.32144657,0.23377416,0.1386052,0.34474272,0.0,0.32449868,0.0,0.0,0.30207598,0.0,0.010430336,0.088281825,0.43789262,0.24116422,0.29158497,0.17596668,0.08801265,0.4330992,0.43179017,0.32985783,0.5026757,0.0,0.15321623,0.0,0.060816877,-0.096162006,-0.13737933
-1.2975868,-1.2006152,0.40900418,0.7497031,0.0,0.0,0.59535897,0.0,0.0,0.80830777,0.508263,0.0,0.48715258,1.1415421,0.9587377,1.0982767,0.0,0.0,0.62633765,0.41581595,0.0,1.3071,0.0,0.0,0.0,0.0,0.0,0.0,0.0,0.7840552,0.6691122,0.0,0.18661402,0.0,1.252648,0.807415,0.0,0.3393259,0.0,0.0,0.0,0.96390164,0.0,0.19560319,0.44586876,0.09618789,0.9417787,0.0,0.46026742,0.0,0.0,0.0,0.26980147,0.0,1.0772998,1.6115295,0.41456133,0.577859,0.7114028,0.0,0.4348809,0.4274895,0.23191017,0.0,0.0,0.16104326,0.0,-0.36046833,0.49004477,0.39499497
1.0075705,-1.2931039,-0.6213447,0.22305664,0.48944858,0.0,0.0,0.23018593,0.0,0.83868885,0.0,0.80165684,1.343838,0.8056208,0.0,0.39052698,0.0,0.0,0.0,0.5795874,0.0,0.49213266,0.23319243,0.0,0.2648964,0.92916375,0.0,0.5873127,0.0,0.0,0.6629096,0.0,0.2614407,0.28609425,0.48402214,0.90157855,0.0,0.0,0.0,0.0,0.0,0.0,0.0,0.0,0.26138622,0.09143776,1.1893449,0.0,0.0,0.0,0.0,0.0,0.0,0.0,0.4111876,0.6380912,0.007876191,0.5436747,0.77102816,0.0,0.9765084,0.8796941,0.8240592,0.0,0.0,0.032629993,0.0,0.11762449,-0.035199333,0.8062632
-0.052427888,0.51533693,1.8914735,1.9108922,0.0,0.35308045,0.0,0.0,0.9092978,0.0,0.67796135,0.0,0.17240043,0.7971178,1.2382715,0.86556256,0.04132268,0.0,1.0086656,0.0,0.6736957,0.0,0.0,0.12113765,0.2070931,0.0,0.0,0.0,0.0,0.0,0.0,0.0,0.0,0.0,1.4345514,0.0,0.0,0.9204115,0.0,0.0,0.3459152,1.1254519,0.0,0.57441795,0.9801698,0.47661024,1.2666218,0.0,0.6588013,0.0,0.0,0.43346542,0.4864626,0.70891595,0.32334507,0.8824091,1.1141512,1.1323754,0.0,0.0,0.24229388,0.10323836,0.0,0.5179309,0.0,0.80981714,0.0,0.3943509,0.7286463,-1.1646062
-0.6955695,-0.44831437,-0.0060715484,0.56559545,0.0,0.0,0.13029614,0.08263409,0.0,0.58633757,0.0763457,0.0,0.3663778,0.5075011,0.77847123,0.5771586,0.0,0.0,0.39516595,0.17135614,0.0,0.79868525,0.0,0.0,0.0,0.0,0.0,0.0,0.0,0.83454233,0.52514386,0.0,0.0,0.0,0.6382015,0.59052056,0.0,0.2737562,0.0,0.0,0.0,0.5084986,0.0,0.16602547,0.27021462,0.080821976,0.5667421,0.0,0.38940072,0.0,0.0,0.051698007,0.19583303,0.0,0.6260691,0.98238117,0.22778608,0.30318728,0.4278388,0.0,0.4513998,0.46527252,0.36856043,0.09196777,0.0,0.07244925,0.0,-0.2111768,0.1382918,0.29398236
0.28116545,0.24953526,-0.2963912,0.4846331,0.0,0.0,0.0,0.60466075,0.49335247,0.25628048,0.0,0.16563684,0.40307465,0.0,0.40243125,0.06790933,0.0,0.0,0.15261243,0.0,0.0,0.10542299,0.015811682,0.0,0.0,0.17461948,0.0,0.5799277,0.054284014,0.5908011,0.27740657,0.0,0.0,0.0,0.10457212,0.4081632,0.0,0.28860128,0.0,0.0,0.0,0.050779343,0.0,0.20810694,0.14919792,0.12022777,0.31539512,0.0,0.26490402,0.0,0.0,0.28153056,0.0,0.0,0.10330023,0.34637836,0.069135286,0.24150883,0.31953698,0.033326417,0.49474758,0.5371448,0.4988827,0.4940589,0.0,0.044144064,0.0,0.013107244,-0.25377592,0.081454486
0.5481124,-0.36958697,-0.20115083,0.5256816,0.0002861619,0.0,0.0,0.354683,0.3207767,0.39609516,0.0,0.32469347,0.77248466,0.4110499,0.063347995,0.2880801,0.0,0.0,0.1380489,0.22436158,0.0,0.21896036,0.036321476,0.0,0.09437041,0.39751947,0.0,0.44347647,0.0,0.1907506,0.3495508,0.0,0.0,0.043129265,0.4047096,0.4224236,0.0,0.016699314,0.0,0.0,0.0,0.036359712,0.0,0.040946174,0.29373467,0.12226945,0.6892495,0.0,0.091970526,0.0,0.0,0.12785628,0.0,0.0,0.24883094,0.43441415,0.19215961,0.37421903,0.41069543,0.0,0.57154095,0.5284982,0.407042,0.19976425,0.0,0.03516534,0.0,0.14975764,-0.0033842064,0.32271683
-0.7392654,-0.40057164,1.4067684,1.490236,0.0,0.0,0.24616927,0.0,0.21579812,0.0,0.7347237,0.0,0.3332935,1.119808,1.1796159,1.1113225,0.0,0.0,0.9203023,0.19577256,0.0586565,0.4650103,0.0,0.0,0.0,0.0,0.0,0.0,0.0,0.29932112,0.0,0.0,0.0,0.0,1.5376564,0.26710355,0.0,0.69049454,0.0,0.0,0.21468471,1.0593724,0.0,0.44557056,0.6937868,0.13742015,1.095218,0.0,0.40768272,0.0,0.0,0.16366783,0.38285023,0.3233956,0.69101715,1.1724174,0.9892701,0.82148707,0.2993604,0.0,0.30261537,0.22186796,0.0,0.2148976,0.0,0.48308223,0.0,0.06037574,0.68055457,-0.44061917
-1.753774,-0.5926106,0.31531864,0.6963753,0.0,0.0,0.65947646,0.0,0.0,0.7094289,0.51801014,0.0,0.05549547,0.708099,1.3997614,0.910934,0.0,0.0,0.66972744,0.15932934,0.0,1.2880614,0.0,0.0,0.0,0.0,0.0,0.0,0.0,1.2938323,0.63432765,0.0,0.03124158,0.0,0.969439,0.83529586,0.0,0.50793904,0.0,0.0,0.0,1.0074798,0.0,0.34227335,0.35878372,0.016702786,0.6686116,0.0,0.6818547,0.0,0.0,0.054311395,0.45565468,0.0,0.9704972,1.562835,0.29238266,0.5269046,0.6494292,0.0,0.37098384,0.33264276,0.4018603,0.1930561,0.0,0.16434656,0.0,-0.49547946,0.33841854,0.20377833
-0.63184834,1.1271636,0.2547844,0.83988833,0.0,0.103956446,0.0,0.5975934,0.70337534,0.0,0.0073716193,0.0,0.0,0.0,1.3558145,0.100156784,0.42514154,0.0,0.50506437,0.0,0.39497656,0.03681819,0.0,0.0054849684,0.0,0.0,0.048148684,0.120316505,0.5861986,1.1995972,0.00937444,0.0,0.0,0.0,0.15628368,0.2787785,0.0,0.8577436,0.0,0.0,0.0,0.47781238,0.0,0.35978204,0.2360143,0.19866918,0.26739013,0.0,0.69198954,0.0,0.0,0.42503846,0.2198858,0.15996999,0.14516886,0.6232383,0.29920703,0.43237886,0.22417009,0.0,0.28020078,0.3131479,0.4980426,0.7696325,0.0,0.25527355,0.0,-0.08828023,-0.13426171,-0.50051
1.1791219,2.431547,-0.533485,0.5268508,0.0,0.74888986,0.0,1.6765875,1.6700552,0.0,0.0,0.0,0.0,0.0,0.5984936,0.0,0.48460135,0.99468505,0.0,0.0,0.7485883,0.0,0.40038848,0.84151727,0.006486945,0.2547273,0.2874222,1.9213952,1.0687137,0.8531642,0.0,0.9922215,0.0,0.0,0.0,0.9501908,0.0,0.92785317,0.0,0.0,0.0,0.40085655,0.0,0.20600721,0.5639022,0.6394363,0.15783101,0.0,0.7167735,0.0,0.0,1.1688124,0.0,0.17743522,0.0,0.0,0.19048335,0.86821324,0.36131757,0.17453371,0.5889744,0.5366105,1.1652292,1.6195685,0.0,0.17793548,0.0,0.21696986,-0.6312004,-0.8074641
1.1432211,1.1426011,-1.167011,0.028609931,0.0,0.22257559,0.0,1.4371268,0.9815973,0.1290696,0.0,0.49664477,0.31106505,0.0,0.00998944,0.0,0.0,0.6083894,0.0,0.0,0.0,0.0,0.5097876,0.20167291,0.0,0.6811754,0.3319021,1.8112942,0.57792115,0.7162964,0.22506517,0.7393153,0.0,0.0,0.0,1.010686,0.0,0.28374726,0.0,0.0,0.0,0.0,0.0,0.00081568956,0.08087388,0.16454948,0.09700446,0.0,0.21817192,0.0,0.0,0.8129139,0.0,0.0,0.0,0.0,0.0,0.37142453,0.65054643,0.11350722,0.64715654,0.68897504,1.1814644,1.1109412,0.0,0.0,0.0,0.028409202,-0.80240357,-0.0015295595
-0.5794428,1.0235984,1.4591849,1.6249843,0.0,0.31311136,0.0,0.0481593,0.8940778,0.0,0.56091833,0.0,0.0,0.26881656,1.5978174,0.594165,0.4459482,0.0,0.9370749,0.0,0.7690797,0.0,0.0,0.15133834,0.0,0.0,0.0,0.0,0.15701908,0.64265233,0.0,0.0,0.0,0.0,0.9769343,0.11649248,0.0,1.0210465,0.0,0.0,0.22031735,1.0448403,0.0,0.6162706,0.80342025,0.40321863,0.9724051,0.0,0.82442284,0.0,0.0,0.4116256,0.6350496,0.62120926,0.21649477,0.90367544,0.87981117,0.9898796,0.07943663,0.0,0.18207805,0.1600645,0.22912884,0.67779946,0.0,0.724849,0.0,0.19576934,0.48099804,-1.1192117
-0.034262776,-0.73314065,-0.87150407,0.025325596,0.07483649,0.0,0.0,0.42500544,0.0,0.94226336,0.0,0.55397654,0.7251773,0.31131,0.09071052,0.24749449,0.0,0.0,0.0,0.29424435,0.0,0.8094892,0.048126325,0.0,0.0,0.38721305,0.10018874,0.40438527,0.0,0.69754386,0.8095119,0.0,0.20325615,0.0,0.15418535,0.87122524,0.0,0.0,0.0,0.0,0.0,0.0,0.0,0.0,0.03510089,0.03070674,0.521328,0.0,0.1959068,0.0,0.0,0.040795468,0.0,0.0,0.53736335,0.6987857,0.0,0.124654114,0.7627359,0.0,0.6115791,0.75388,0.73356396,0.059063703,0.0,0.0,0.0,-0.24067114,-0.24871983,0.70934016
0.8181241,-0.4919616,-0.7378175,0.1847507,0.12843409,0.0,0.0,0.5705334,0.25015905,0.6239712,0.0,0.62623,0.92121184,0.25124294,0.0,0.08497667,0.0,0.0,0.0,0.2709268,0.0,0.26931643,0.24583368,0.0,0.09880558,0.7146476,0.0,0.8377793,0.0,0.20770803,0.53799844,0.052345157,0.022646293,0.09294702,0.090678066,0.7393113,0.0,0.0,0.0,0.0,0.0,0.0,0.0,0.0,0.1250101,0.100479305,0.69212645,0.0,0.0,0.0,0.0,0.1593613,0.0,0.0,0.17737861,0.3091389,0.0,0.36011302,0.63257366,0.0,0.7136231,0.73748237,0.7975329,0.23919533,0.0,0.0,0.0,0.0969578,-0.26222593,0.51365525
1.956627,0.3066888,0.030938806,0.8139531,0.0,0.36963046,0.0,0.6994122,1.0796782,0.0,0.0,0.37642738,0.9733478,0.14524046,0.0,0.0,0.0,0.68482435,0.0217928,0.08510066,0.0,0.0,0.37088966,0.21171355,0.59934986,0.88066876,0.0,1.2501309,0.0,0.0,0.0,0.6842387,0.0,0.4654011,0.19290714,0.51569754,0.0,0.0,0.0,0.0,0.0,0.0,0.0,0.16905391,0.710634,0.3780462,0.7875249,0.0,0.0,0.0,0.0,0.57148415,0.0,0.08813231,0.0,0.0,0.30410004,0.9555092,0.16286087,0.0,1.107909,0.49918166,0.736136,0.5757364,0.0,0.07225506,0.0,0.7075524,-0.064400524,-0.063887104
0.30584538,1.5380658,-0.8636867,0.19630402,0.0,0.2207972,0.0,1.3564233,0.95876217,0.0121664405,0.0,0.10662287,0.0,0.0,0.69085,0.0,0.26048335,0.23461229,0.0,0.0,0.19916378,0.0,0.22418444,0.22328478,0.0,0.1044111,0.3968477,1.3609942,0.90729934,1.224694,0.16210595,0.38216946,0.0,0.0,0.0,0.74497086,0.0,0.7433362,0.0,0.0,0.0,0.1933983,0.0,0.21235211,0.1322006,0.26382434,0.0,0.0,0.5894959,0.0,0.0,0.7758322,0.0,0.0,0.10322474,0.26345435,0.0,0.27322662,0.5277327,0.11923083,0.39242482,0.5764344,0.9395009,1.2109314,0.0,0.0,0.0,-0.1792544,-0.6654819,-0.29597718
-1.3661793,0.47836256,-0.6375056,0.16619855,0.0,0.0,0.18005636,0.6316452,0.037594825,0.6446773,0.0,0.0,0.0,0.0,1.3123063,0.09949751,0.2440292,0.0,0.27848706,0.0,0.0,0.8734966,0.0,0.0,0.0,0.0,0.3853717,0.031171426,0.6893884,1.7962043,0.6562356,0.0,0.0,0.0,0.0,0.8173746,0.0,0.606926,0.0,0.0,0.0,0.40384534,0.0,0.1177226,0.0,0.0,0.0,0.0,0.8560618,0.0,0.0,0.30551538,0.23229584,0.0,0.5985325,0.997482,0.0,0.02883035,0.67577875,0.0,0.2859376,0.570516,0.8396917,0.5501384,0.0,0.0,0.0,-0.6281206,-0.39875492,0.16186501
-0.24242763,1.1228044,0.19073085,0.8236173,0.0,0.17486991,0.0,0.6726593,0.80634505,0.0,0.0,0.0,0.0,0.0,1.1210785,0.018955976,0.29434928,0.0,0.423028,0.0,0.3697434,0.0,0.0,0.08178529,0.0,0.0,0.016651653,0.3489097,0.5060032,0.9898366,0.0,0.0,0.0,0.0,0.09316525,0.26928854,0.0,0.809217,0.0,0.0,0.0,0.4057924,0.0,0.35426885,0.25371635,0.24068786,0.24402986,0.0,0.6105976,0.0,0.0,0.45322475,0.054047376,0.1507339,0.06381482,0.49193275,0.26789963,0.4481111,0.20730448,0.0,0.31843156,0.32216644,0.49052918,0.8146217,0.0,0.23559283,0.0,-0.0014172308,-0.17607595,-0.49340087
-0.21163185,-0.5808105,1.2305101,1.3986481,0.0,0.0,0.036214232,0.0,0.26296014,0.0,0.5347544,0.0,0.60003555,1.1683482,0.7783017,1.0296596,0.0,0.0,0.77371573,0.2930448,0.0,0.33200496,0.0,0.0,0.11693695,0.0,0.0,0.0,0.0,0.0,0.0,0.0,0.0,0.0,1.4657264,0.15304294,0.0,0.510014,0.0,0.0,0.16867878,0.8399023,0.0,0.34110823,0.70924395,0.21173586,1.1467016,0.0,0.22614422,0.0,0.0,0.118646,0.20964906,0.24866061,0.60632646,0.9555231,0.9715209,0.7599207,0.2311939,0.0,0.39197606,0.2730901,0.0,0.087887004,0.0,0.41045126,0.0,0.2384483,0.6660232,-0.29258877
-0.8598354,-0.08122539,0.24317436,0.7409135,0.0,0.0,0.14239055,0.09926146,0.106216505,0.37078458,0.19423842,0.0,0.14599836,0.38870406,1.0608078,0.5654078,0.0,0.0,0.51675475,0.034066454,0.0,0.66190565,0.0,0.0,0.0,0.0,0.0,0.0,0.00010227412,0.95049477,0.36542937,0.0,0.0,0.0,0.6589084,0.5091517,0.0,0.45427585,0.0,0.0,0.0,0.6101147,0.0,0.30605063,0.29493067,0.05571434,0.50919986,0.0,0.47981462,0.0,0.0,0.15719873,0.29287034,0.0,0.53990954,0.9542929,0.31946242,0.3683176,0.35794073,0.0,0.39508688,0.3921938,0.3603387,0.24099809,0.0,0.16204873,0.0,-0.18444647,0.13486543,0.04385665
-1.3702149,-0.8829765,0.5492538,0.85667676,0.0,0.0,0.5690316,0.0,0.0,0.64106894,0.5572332,0.0,0.32094404,1.0067023,1.1450958,1.0486577,0.0,0.0,0.6934626,0.29953495,0.0,1.1734765,0.0,0.0,0.0,0.0,0.0,0.0,0.0,0.8733301,0.547138,0.0,0.05105789,0.0,1.2174736,0.72906387,0.0,0.453129,0.0,0.0,0.0,1.0033215,0.0,0.27913532,0.4680448,0.07353467,0.8892183,0.0,0.5272861,0.0,0.0,0.007902592,0.3612054,0.0,0.9920234,1.5237234,0.47971892,0.60546744,0.6200067,0.0,0.3897937,0.34829408,0.23788312,0.08497295,0.0,0.21470734,0.0,-0.32815593,0.4991007,0.21753193
-0.2606659,0.70636004,-1.1343694,0.0,0.0,0.0,0.0,1.0739281,0.37711436,0.55738056,0.0,0.2845785,0.0061299205,0.0,0.6489485,0.0,0.0,0.0,0.0,0.0,0.0,0.36750656,0.115108475,0.0,0.0,0.07341452,0.45036563,0.9414184,0.6846547,1.4071794,0.58460927,0.0,0.0,0.0,0.0,0.8470966,0.0,0.4519189,0.0,0.0,0.0,0.09198393,0.0,0.039424594,0.0,0.0672483,0.0,0.0,0.6421411,0.0,0.0,0.5462339,0.0,0.0,0.38318065,0.55604774,0.0,0.0,0.6788129,0.0,0.36828625,0.68414164,1.00839,0.8474525,0.0,0.0,0.0,-0.3850879,-0.6716916,0.10870549
-0.18449599,0.50476485,0.90642554,1.2568369,0.0,0.13327096,0.0,0.13108909,0.6850873,0.0,0.25906533,0.0,0.12770185,0.35081232,1.0569901,0.50918365,0.0018717945,0.0,0.66729176,0.0,0.32154435,0.0,0.0,0.0,0.0,0.0,0.0,0.0,0.0,0.46261835,0.0,0.0,0.0,0.0,0.80785877,0.10105656,0.0,0.67083275,0.0,0.0,0.0,0.66742194,0.0,0.4397074,0.509315,0.22124256,0.72822845,0.0,0.4941226,0.0,0.0,0.31301096,0.30235907,0.34379792,0.18837646,0.70240283,0.6130845,0.6161191,0.07135537,0.0,0.3123541,0.23868737,0.17017946,0.46850884,0.0,0.44810253,0.0,0.20558684,0.26401502,-0.57978594
-0.5260161,-1.3237532,0.90319264,1.1166811,0.13793287,0.0,0.31446815,0.0,0.0,0.48602903,0.54753757,0.0,0.8168846,1.468088,0.61231434,1.2182068,0.0,0.0,0.6897151,0.53083515,0.0,0.8750386,0.0,0.0,0.0034711137,0.0,0.0,0.0,0.0,0.07773775,0.36663046,0.0,0.0606858,0.0,1.5775144,0.5122028,0.0,0.31607044,0.0,0.0,0.09455152,0.9184635,0.0,0.16478395,0.6388112,0.17621188,1.2697661,0.0,0.18888132,0.0,0.0,0.0,0.14146143,0.027995393,0.9590958,1.3518049,0.7691415,0.6984223,0.5162738,0.0,0.46630454,0.41824096,0.0,0.0,0.0,0.30887547,0.0,-0.00057118014,0.6941699,0.20491077
-0.6968674,1.1271942,0.70606786,1.1308748,0.0,0.1759438,0.0,0.39623797,0.76641804,0.0,0.23272628,0.0,0.0,0.0,1.5071084,0.28387943,0.48047593,0.0,0.68024045,0.0,0.5541431,0.0,0.0,0.05732742,0.0,0.0,0.0,0.0,0.46725807,1.0544622,0.0,0.0,0.0,0.0,0.45289993,0.2026896,0.0,0.9347208,0.0,0.0,0.0,0.69712096,0.0,0.46632183,0.44131958,0.26877838,0.5264935,0.0,0.7607149,0.0,0.0,0.4285375,0.42921925,0.33543903,0.16380385,0.73537445,0.51424354,0.6332529,0.15371266,0.0,0.23740335,0.25414044,0.396855,0.73879254,0.0,0.4446913,0.0,0.034533516,0.08513729,-0.7478668
1.4050628,-0.28683323,-1.5600319,0.0,0.19494265,0.0,0.0,1.0773326,0.36499232,0.7902755,0.0,1.0357249,1.0365658,0.0,0.0,0.0,0.0,0.32285565,0.0,0.21161394,0.0,0.09701751,0.6276971,0.0,0.13386986,1.2077706,0.22321764,1.665038,0.0,0.25643498,0.6940816,0.54851997,0.08417986,0.17403872,0.0,1.2410992,0.0,0.0,0.0,0.0,0.0,0.0,0.0,0.0,0.035481486,0.0863938,0.72335654,0.0,0.0,0.0,0.0,0.48414198,0.0,0.0,0.060080174,0.04681597,0.0,0.45652667,0.8442529,0.0,1.005379,1.090565,1.4466311,0.5540103,0.0,0.0,0.0,0.18687509,-0.68731374,0.5421786
-0.53989416,1.2214801,0.23626459,0.8398374,0.0,0.14947097,0.0,0.6542032,0.7686341,0.0,0.0,0.0,0.0,0.0,1.332583,0.045292974,0.44476935,0.0,0.4858926,0.0,0.43416125,0.0,0.0,0.06283522,0.0,0.0,0.056562804,0.20943762,0.6192811,1.1823146,0.0,0.0,0.0,0.0,0.1000036,0.28905916,0.0,0.89262265,0.0,0.0,0.0,0.4704958,0.0,0.3580968,0.25374058,0.2326967,0.2551893,0.0,0.70471656,0.0,0.0,0.45597753,0.17921099,0.16877057,0.1089016,0.5839931,0.29287565,0.46224928,0.23173878,0.0,0.28472298,0.3157309,0.52795506,0.8268598,0.0,0.26214322,0.0,-0.06555462,-0.16038847,-0.5410407
-1.069439,0.75690836,1.7663538,1.7765589,0.0,0.18312709,0.1680919,0.0,0.6872791,0.0,0.8604281,0.0,0.0,0.55731916,1.8565705,0.8818587,0.4830002,0.0,1.119223,0.0,0.7484073,0.045123547,0.0,0.0,0.0,0.0,0.0,0.0,0.044475935,0.72595906,0.0,0.0,0.0,0.0,1.3151481,0.19671278,0.0,1.0887271,0.0,0.029881157,0.35067695,1.266141,0.0,0.683524,0.87432563,0.36730045,1.1574123,0.0,0.8623986,0.0,0.0,0.3673775,0.7922977,0.6879201,0.43892756,1.1625221,1.0417525,1.1079614,0.123986445,0.0,0.15196249,0.12816712,0.16265346,0.62572473,0.0,0.80908674,0.0,0.0961241,0.6709597,-1.164701
0.5669416,0.22829513,-0.47224897,0.38723627,0.0,0.0,0.0,0.7078068,0.537498,0.284813,0.0,0.30205098,0.51348996,0.0,0.19105911,0.0,0.0,0.0,0.044908553,0.0,0.0,0.01992771,0.13704817,0.0,0.0,0.3709054,0.013621874,0.81400514,0.024373598,0.48365057,0.29772145,0.07764569,0.0,0.0,0.0,0.50205624,0.0,0.19078429,0.0,0.0,0.0,0.0,0.0,0.1497829,0.11996055,0.12478024,0.3372388,0.0,0.17938189,0.0,0.0,0.303007,0.0,0.0,0.026571617,0.21251021,0.000447575,0.25171074,0.39997754,0.01979807,0.54542404,0.5959138,0.61103815,0.5344033,0.0,0.0,0.0,0.05418674,-0.34687895,0.14954138
-0.13083005,0.42275473,-1.877227,0.0,0.0,0.0,0.0,1.2969502,0.15655468,0.9642454,0.0,0.6761446,0.17603233,0.0,0.28887382,0.0,0.0,0.0,0.0,0.0,0.0,0.60195106,0.3365568,0.0,0.0,0.41604435,0.6661461,1.3258855,0.72307974,1.5405686,0.91995084,0.051905572,0.027541354,0.0,0.0,1.2261418,0.0,0.30887574,0.0,0.0,0.0,0.0,0.0,0.0,0.0,0.024122275,0.0,0.0,0.6699438,0.0,0.0,0.5936774,0.0,0.0,0.4968811,0.56922245,0.0,0.0,0.9980449,0.0,0.49570596,0.95474887,1.3988967,0.8668595,0.0,0.0,0.0,-0.4604196,-0.88211226,0.33684742
1.2815824,2.038231,0.8120516,1.3893633,0.0,0.9064275,0.0,0.9593471,1.7752279,0.0,0.0,0.0,0.0,0.0,0.7481303,0.0,0.34608093,0.7991135,0.4357108,0.0,1.0315446,0.0,0.05254975,0.8983545,0.34717792,0.0,0.0,1.0771116,0.429796,0.11464983,0.0,0.6837034,0.0,0.07412879,0.028654546,0.3091488,0.0,0.9123208,0.0,0.0,0.0,0.65362096,0.0,0.32585648,0.96681446,0.82812876,0.6694448,0.0,0.7310885,0.0,0.0,0.90721333,0.0,0.579732,0.0,0.0,0.4939819,1.208654,0.0,0.0,0.6559711,0.25855523,0.63744634,1.1771688,0.0,0.6180156,0.0,0.6764285,-0.027906809,-1.1879611
-1.003588,0.38386065,-0.23673335,0.44663122,0.0,0.0,0.06879556,0.46900043,0.17820533,0.43330696,0.0,0.0,0.0,0.0,1.1797783,0.23406255,0.10947791,0.0,0.36948872,0.0,0.0,0.6461644,0.0,0.0,0.0,0.0,0.17027354,0.0,0.42844376,1.3835926,0.45838535,0.0,0.0,0.0,0.1651507,0.5864822,0.0,0.5565208,0.0,0.0,0.0,0.4182582,0.0,0.2004359,0.05001585,0.020228185,0.111324504,0.0,0.67314553,0.0,0.0,0.29025447,0.2161724,0.0,0.4596054,0.8377398,0.012425028,0.13038822,0.45362645,0.0,0.34181362,0.48644608,0.63082737,0.46984255,0.0,0.036333613,0.0,-0.4136931,-0.26193833,0.07129507
0.01003992,-0.78162664,-1.15249,0.0,0.117264,0.0,0.0,0.5318335,0.0,1.0748647,0.0,0.6876986,0.7616806,0.21480496,0.0,0.15000898,0.0,0.0,0.0,0.30609494,0.0,0.8754644,0.13292362,0.0,0.0,0.50292593,0.19147563,0.56790364,0.0,0.76992226,0.92220116,0.0,0.27796632,0.0,0.0,1.0026697,0.0,0.0,0.0,0.0,0.0,0.0,0.0,0.0,0.0,0.023925662,0.4769714,0.0,0.20897307,0.0,0.0,0.051691458,0.0,0.0,0.51390815,0.6773809,0.0,0.09245333,0.88952065,0.0,0.66777635,0.8766763,0.91560537,0.090768024,0.0,0.0,0.0,-0.2781749,-0.36786032,0.76715565
-1.3345392,-0.41072312,-0.6870292,0.07982999,0.0,0.0,0.35645264,0.30780506,0.0,0.9965399,0.0,0.13019189,0.121159345,0.15316164,0.97375333,0.39627448,0.0,0.0,0.24211904,0.090906285,0.0,1.2481334,0.0,0.0,0.0,0.0,0.26342604,0.0,0.22074682,1.5095919,0.89703465,0.0,0.15344109,0.0,0.21937905,0.9313312,0.0,0.25049365,0.0,0.0,0.0,0.4595367,0.0,0.04921099,0.0,0.0,0.16612014,0.0,0.6940247,0.0,0.0,0.13810211,0.20634404,0.0,0.7583121,1.1988703,0.0,0.031929865,0.7520407,0.0,0.4072181,0.6114758,0.7528726,0.25076014,0.0,0.0,0.0,-0.6287847,-0.25028893,0.4858628
0.48007378,-0.38138968,0.15907432,0.7561339,0.0,0.0,0.0,0.18726727,0.36111158,0.25630987,0.0,0.16769126,0.7544775,0.580107,0.18900189,0.4414032,0.0,0.0,0.28012365,0.23529354,0.0,0.1711798,0.0,0.0,0.14178331,0.25822663,0.0,0.20246676,0.0,0.08079094,0.22609805,0.0,0.0,0.06251609,0.64730316,0.25862545,0.0,0.11292902,0.0,0.0,0.0,0.19835564,0.0,0.11800758,0.41130245,0.15068597,0.78863674,0.0,0.09794803,0.0,0.0,0.109380014,0.0,0.0,0.2772991,0.5224457,0.37737218,0.44413918,0.28708485,0.0,0.54179156,0.43749017,0.21352966,0.13739803,0.0,0.11734386,0.0,0.235072,0.1934843,0.17831245
0.82279223,-0.75121975,-0.32124597,0.44130945,0.21566936,0.0,0.0,0.29107317,0.21468408,0.5387843,0.0,0.5182134,1.038834,0.6012778,0.0,0.33841738,0.0,0.0,0.046993017,0.37884682,0.0,0.2787811,0.12566154,0.0,0.20680685,0.6423898,0.0,0.51499665,0.0,0.0,0.44262892,0.0,0.02172245,0.17928879,0.46712923,0.56890196,0.0,0.0,0.0,0.0,0.0,0.0048531843,0.0,0.0,0.3318037,0.12971985,0.95651025,0.0,0.0,0.0,0.0,0.054926306,0.0,0.0,0.28396487,0.47045094,0.15838712,0.48052698,0.51516736,0.0,0.75062907,0.6423911,0.5508692,0.042268887,0.0,0.049012877,0.0,0.21615012,0.045019668,0.5119259
-0.17632943,-0.3385278,-0.291473,0.420317,0.0,0.0,0.0,0.31369412,0.10093331,0.5670936,0.0,0.20022276,0.50131935,0.3268389,0.45457244,0.35007635,0.0,0.0,0.21422774,0.15901291,0.0,0.5721905,0.0,0.0,0.0,0.0658604,0.0,0.14427091,0.0,0.67394805,0.5109035,0.0,0.0,0.0,0.37681845,0.5450121,0.0,0.14591216,0.0,0.0,0.0,0.22801879,0.0,0.061745867,0.18213332,0.08592391,0.50495076,0.0,0.28057563,0.0,0.0,0.09388279,0.02184555,0.0,0.4517554,0.686622,0.107584685,0.19945507,0.42848524,0.0,0.5073688,0.5392524,0.4320802,0.13554534,0.0,0.03192711,0.0,-0.11439897,-0.044348884,0.37423968
0.18004812,-1.381057,-0.6069182,0.17187169,0.36974666,0.0,0.0,0.08458018,0.0,1.029242,0.0,0.6401255,1.089094,0.83924985,0.0,0.55120546,0.0,0.0,0.029290497,0.55359924,0.0,0.92028356,0.008447319,0.0,0.0,0.5391399,0.0,0.13624296,0.0,0.2507116,0.83340085,0.0,0.3543666,0.011473,0.579158,0.88548285,0.0,0.0,0.0,0.0,0.0,0.08756528,0.0,0.0,0.14192744,0.026895948,1.0162734,0.0,0.0,0.0,0.0,0.0,0.0,0.0,0.7107888,0.9555162,0.0,0.30192688,0.8346544,0.0,0.7396464,0.80742574,0.57919014,0.0,0.0,0.0019173608,0.0,-0.16974631,-0.016898308,0.8613717
2.1315117,-1.4751468,-2.2244499,0.0,0.8559439,0.0,0.0,0.9872401,0.0,1.3872086,0.0,1.7280571,1.81944,0.22531362,0.0,0.0,0.0,0.40587533,0.0,0.674316,0.0,0.4133615,0.94960886,0.0,0.37871754,1.9949756,0.18744385,1.987234,0.0,0.0,1.1199745,0.7013706,0.5858473,0.51962304,0.0,1.886827,0.0,0.0,0.0,0.0,0.0,0.0,0.0,0.0,0.0217354,0.049604863,1.3669599,0.0,0.0,0.0,0.0,0.3100651,0.0,0.0,0.15093899,0.2399423,0.0,0.7589182,1.2861695,0.0,1.7134144,1.7170727,2.1086903,0.13958453,0.0,0.0,0.0,0.26440674,-0.7315527,1.1569377
-0.74386495,-0.39536592,0.59603745,0.95972973,0.0,0.0,0.18582696,0.0,0.06849033,0.31225374,0.3611345,0.0,0.32729474,0.747321,0.9772589,0.7974719,0.0,0.0,0.6239137,0.1677999,0.0,0.65675676,0.0,0.0,0.0,0.0,0.0,0.0,0.0,0.63486964,0.28805387,0.0,0.0,0.0,1.0099068,0.45309764,0.0,0.45262825,0.0,0.0,0.0,0.7423599,0.0,0.30294618,0.44730675,0.087504655,0.77193326,0.0,0.3957034,0.0,0.0,0.09413828,0.2931475,0.04215192,0.64374906,1.0651951,0.5560462,0.5218877,0.37541687,0.0,0.38383043,0.35320887,0.19431598,0.14182276,0.0,0.23953553,0.0,-0.075777695,0.3727523,0.010165796
1.4988025,-0.34170067,-0.91881335,0.12109101,0.20314005,0.0,0.0,0.7932682,0.48634946,0.51179045,0.0,0.8095727,1.0957888,0.098427385,0.0,0.0,0.0,0.2988351,0.0,0.25857347,0.0,0.0,0.47891718,0.0,0.30074984,1.0710918,0.0,1.3312714,0.0,0.0,0.44312796,0.45978358,0.0,0.2883216,0.0,0.8853719,0.0,0.0,0.0,0.0,0.0,0.0,0.0,0.0,0.18161045,0.1486636,0.8246063,0.0,0.0,0.0,0.0,0.3649497,0.0,0.0,0.0,0.0,0.0,0.5786581,0.58502394,0.0,1.0008795,0.82629347,1.0955168,0.40028048,0.0,0.0,0.0,0.34234864,-0.39085948,0.42469263
-0.006391026,0.77127045,0.81663066,1.2267374,0.0,0.2370042,0.0,0.29672128,0.83817184,0.0,0.14170244,0.0,0.07258004,0.15110524,1.027311,0.35189635,0.08038145,0.0,0.61166275,0.0,0.41917467,0.0,0.0,0.080149144,0.0,0.0,0.0,0.0,0.07167982,0.47829896,0.0,0.0,0.0,0.0,0.62943184,0.07183097,0.0,0.7236198,0.0,0.0,0.0,0.6207969,0.0,0.4115063,0.49362764,0.2659769,0.6334924,0.0,0.5430707,0.0,0.0,0.37637973,0.25283742,0.35087496,0.08576599,0.59985,0.5189471,0.5967363,0.058362037,0.0,0.3043043,0.25383535,0.21325687,0.57463425,0.0,0.44974238,0.0,0.21346529,0.16433,-0.64646083
0.42425495,-1.132061,-0.28332877,0.41557923,0.29643604,0.0,0.0,0.07481149,0.0,0.7450818,0.0,0.504896,1.0662479,0.8407538,0.0,0.54979694,0.0,0.0,0.11498578,0.4905064,0.0,0.62156,0.0,0.0,0.10173768,0.511704,0.0,0.16233903,0.0,0.052096546,0.5994085,0.0,0.1776749,0.09860633,0.6721046,0.6558077,0.0,0.0,0.0,0.0,0.0,0.1179001,0.0,0.0,0.29686326,0.06405978,1.0400586,0.0,0.0,0.0,0.0,0.0,0.0,0.0,0.5667418,0.77417535,0.15839928,0.4044197,0.6242213,0.0,0.7201633,0.6801886,0.44023892,0.0,0.0,0.051215645,0.0,0.039399948,0.1176226,0.654499
0.47917548,0.89062274,1.2478127,1.5487407,0.0,0.4614098,0.0,0.22060858,1.1143833,0.0,0.2003175,0.0,0.19314775,0.28967464,0.9082018,0.40273762,0.023032904,0.0,0.6985775,0.0,0.628488,0.0,0.0,0.30266905,0.24164163,0.0,0.0,0.031805873,0.0,0.048434258,0.0,0.0,0.0,0.0070646256,0.830956,0.0,0.0,0.787903,0.0,0.0,0.07069136,0.7890956,0.0,0.46139014,0.8094061,0.47252673,0.9067038,0.0,0.5590472,0.0,0.0,0.46513337,0.24091637,0.5519776,0.017275807,0.53117543,0.7184803,0.8949745,0.0,0.0,0.3539639,0.1911434,0.088926286,0.5771038,0.0,0.61147106,0.0,0.46735322,0.3771325,-0.93473625
-0.6113067,-0.23536217,-0.6349242,0.17312267,0.0,0.0,0.0,0.44603363,0.0,0.7644006,0.0,0.22287944,0.30030975,0.09236659,0.6450367,0.24528739,0.0,0.0,0.15523992,0.07982832,0.0,0.81676,0.0,0.0,0.0,0.0,0.16910776,0.15705852,0.11870799,1.1095454,0.6978339,0.0,0.023781404,0.0,0.13774309,0.7240973,0.0,0.1790391,0.0,0.0,0.0,0.23237342,0.0,0.017379023,0.03510508,0.04169929,0.24349393,0.0,0.47902545,0.0,0.0,0.16084263,0.058256388,0.0,0.53275925,0.766546,0.0,0.032000538,0.5559766,0.0,0.45974714,0.6190882,0.65650505,0.22441061,0.0,0.0,0.0,-0.34549162,-0.27004832,0.42608845
-0.786931,1.3389087,-0.975448,0.03787625,0.0,0.0,0.0,1.1875362,0.52437276,0.35247952,0.0,0.0,0.0,0.0,1.2019246,0.0,0.49253145,0.0,0.08064631,0.0,0.06448747,0.31166187,0.0,0.0,0.0,0.0,0.56176037,0.81012404,1.1065707,1.8639398,0.45900398,0.0,0.0,0.0,0.0,0.8187471,0.0,0.8272616,0.0,0.0,0.0,0.25102556,0.0,0.19143009,0.0,0.1202898,0.0,0.0,0.8945099,0.0,0.0,0.60718983,0.0,0.0,0.43235976,0.7386273,0.0,0.07046704,0.6897904,0.011773661,0.2397454,0.6427506,0.99742997,1.0652099,0.0,0.0,0.0,-0.52035815,-0.6438512,-0.10888927
0.9550637,-0.6249174,-0.21672736,0.5264733,0.18304303,0.0,0.0,0.3126973,0.32844764,0.41908598,0.0,0.47544056,1.0300754,0.5751728,0.0,0.31345764,0.0,0.0,0.0673472,0.3455426,0.0,0.13735685,0.1374395,0.0,0.2649247,0.65051717,0.0,0.5660163,0.0,0.0,0.345401,0.0,0.0,0.21955635,0.47509864,0.48701,0.0,0.0,0.0,0.0,0.0,0.003923185,0.0,0.0,0.39325994,0.16149583,0.9486756,0.0,0.0,0.0,0.0,0.103534624,0.0,0.0,0.19709499,0.40208924,0.204734,0.53022325,0.44024664,0.0,0.7661224,0.5926509,0.52243364,0.104898475,0.0,0.05690873,0.0,0.30477804,0.06431168,0.41005242
-0.7999755,-0.7429082,-0.36397398,0.30586362,0.0,0.0,0.21433261,0.10690792,0.0,0.87513804,0.0,0.18897812,0.45897433,0.5231649,0.643207,0.5609291,0.0,0.0,0.2752047,0.25983018,0.0,1.0583203,0.0,0.0,0.0,0.0,0.01681707,0.0,0.0,0.94822323,0.75811505,0.0,0.15644501,0.0,0.5333454,0.7751044,0.0,0.10373336,0.0,0.0,0.0,0.4237717,0.0,0.033190135,0.1599537,0.052561477,0.5523197,0.0,0.3774941,0.0,0.0,0.0,0.12276903,0.0,0.7377771,1.107594,0.019870946,0.19971272,0.6231289,0.0,0.5247219,0.57108533,0.48647502,0.009975076,0.0,0.0,0.0,-0.35956094,0.03140008,0.59627694
-0.464241,-0.5293961,-0.6447434,0.15794346,0.0,0.0,0.0,0.35344458,0.0,0.85089153,0.0,0.3249223,0.48281214,0.27445754,0.45866287,0.32559538,0.0,0.0,0.12509835,0.19691986,0.0,0.8740396,0.0,0.0,0.0,0.069536835,0.10712359,0.1333853,0.0,0.9298184,0.74958974,0.0,0.11676444,0.0,0.24335845,0.7557439,0.0,0.038862005,0.0,0.0,0.0,0.20166844,0.0,0.0,0.0717418,0.055043265,0.41707647,0.0,0.3620234,0.0,0.0,0.07293363,0.013357326,0.0,0.5886214,0.81692636,0.0,0.08073147,0.61372226,0.0,0.5264559,0.6443457,0.60628074,0.0833426,0.0,0.0,0.0,-0.29484507,-0.17311303,0.58090264
0.5852212,1.9045883,1.9430034,2.074662,0.0,0.929863,0.0,0.33461815,1.7152375,0.0,0.3822705,0.0,0.0,0.0,1.3780084,0.289401,0.58277786,0.254812,0.9528128,0.0,1.3661754,0.0,0.0,0.85248345,0.32643008,0.0,0.0,0.046267748,0.19312611,0.028870821,0.0,0.09614676,0.0,0.0,0.8589369,0.0,0.0,1.2468231,0.0,0.0,0.364002,1.2365754,0.0,0.59406215,1.3015668,0.8366044,1.1966455,0.0,1.0265741,0.0,0.0,0.7560084,0.5522756,0.9825459,0.0,0.53316146,0.98676926,1.4716945,0.0,0.0,0.27992797,0.103133604,0.22660404,0.9549357,0.0,1.0444244,0.0,0.5963971,0.5675416,-1.7522805
-1.0258853,-1.3557867,1.1745428,1.2589571,0.0437603,0.0,0.5655769,0.0,0.0,0.4781729,0.8073845,0.0,0.6543224,1.5949409,0.9488035,1.4089446,0.0,0.0,0.86377084,0.51580197,0.0,1.0625734,0.0,0.0,0.0,0.0,0.0,0.0,0.0,0.25757286,0.36280262,0.0,0.05215518,0.0,1.7966753,0.5822451,0.0,0.48150462,0.0,0.0,0.19406398,1.1884593,0.0,0.25428534,0.7129717,0.15111738,1.3307586,0.0,0.34857333,0.0,0.0,0.0,0.29351625,0.12869562,1.1188091,1.610586,0.87964886,0.8411542,0.60006547,0.0,0.39143413,0.3160252,0.0,0.0,0.0,0.37545663,0.0,-0.13647176,0.83944464,0.06578116
-0.086719796,1.2385412,0.94535106,1.3350899,0.0,0.38830006,0.0,0.41489774,1.0413561,0.0,0.17097062,0.0,0.0,0.0,1.2669053,0.24502373,0.36458877,0.0,0.6779845,0.0,0.69175595,0.0,0.0,0.27625674,0.0,0.0,0.0,0.041570887,0.30309865,0.6253533,0.0,0.0,0.0,0.0,0.52576303,0.09071417,0.0,0.95412236,0.0,0.0,0.0,0.7508001,0.0,0.46090353,0.60396606,0.38159335,0.64326113,0.0,0.7422714,0.0,0.0,0.4869763,0.34354964,0.4501909,0.029089738,0.61192894,0.56749517,0.75456744,0.0856001,0.0,0.24996813,0.24170104,0.31552407,0.7760448,0.0,0.55343664,0.0,0.2264268,0.14912543,-0.91844964
-0.2282629,-1.0661284,-0.9482892,0.0,0.1799528,0.0,0.0,0.30254552,0.0,1.1402342,0.0,0.6194557,0.8036994,0.47573602,0.06371361,0.36688298,0.0,0.0,0.0,0.39929268,0.0,1.0616283,0.004641339,0.0,0.0,0.38126832,0.10520629,0.2349481,0.0,0.7379455,0.9603826,0.0,0.35139167,0.0,0.2528273,0.96961224,0.0,0.0,0.0,0.0,0.0,0.03904529,0.0,0.0,0.031295996,0.023351379,0.6402363,0.0,0.20049278,0.0,0.0,0.0,0.0,0.0,0.7013136,0.91062874,0.0,0.11492424,0.8719324,0.0,0.6726353,0.81046844,0.7325951,0.0,0.0,0.0,0.0,-0.32730967,-0.20044869,0.8418176
-2.0963333,-1.6690853,0.42487666,0.6773837,0.009873807,0.0,1.0562327,0.0,0.0,1.1365298,0.776394,0.0,0.41127852,1.4119353,1.2452059,1.3924317,0.0,0.0,0.74503654,0.53039676,0.0,1.8829787,0.0,0.0,0.0,0.0,0.0,0.0,0.0,1.1069399,0.9310926,0.0,0.4095549,0.0,1.5033349,1.127035,0.0,0.39434117,0.0,0.0,0.0,1.2984308,0.0,0.22446546,0.4509477,0.067087576,1.0343907,0.0,0.62403286,0.0,0.0,0.0,0.35086697,0.0,1.4559287,2.176533,0.32813796,0.68865186,1.0105568,0.0,0.43513554,0.44642508,0.28584296,0.0,0.0,0.15574099,0.0,-0.66372824,0.58348536,0.56297505
0.32509282,1.4546151,1.0229039,1.4268749,0.0,0.55909306,0.0,0.5187416,1.2730103,0.0,0.07509442,0.0,0.0,0.0,1.1322436,0.13560891,0.35496113,0.04378873,0.64782596,0.0,0.82353723,0.0,0.0,0.4705336,0.088701576,0.0,0.0,0.27834636,0.2928254,0.4156286,0.0,0.017145038,0.0,0.0,0.4625882,0.067992,0.0,1.0035753,0.0,0.0,0.0,0.7596491,0.0,0.45697218,0.7311656,0.5148956,0.676386,0.0,0.7454046,0.0,0.0,0.58597326,0.21274304,0.52124757,0.0,0.47256023,0.5797876,0.8939321,0.05081202,0.0,0.30697107,0.25066704,0.3492439,0.8901908,0.0,0.58939725,0.0,0.3624953,0.13956915,-1.0490808
0.1295488,0.4467674,0.07915731,0.7327319,0.0,0.025700614,0.0,0.50215703,0.60259473,0.047208473,0.0,0.0,0.2627895,0.020364895,0.6510277,0.16422953,0.0,0.0,0.3160229,0.0,0.0013393462,0.0049573183,0.0,0.0,0.0,0.0,0.0,0.3614961,0.08509413,0.59257555,0.11004615,0.0,0.0,0.0,0.27623484,0.23161903,0.0,0.47334898,0.0,0.0,0.0,0.22777303,0.0,0.3191154,0.22554052,0.14389515,0.32786667,0.0,0.31311318,0.0,0.0,0.3068876,0.0,0.0,0.071352616,0.41317874,0.22404015,0.28410798,0.1805231,0.09611347,0.43957883,0.44285053,0.34051287,0.5178042,0.0,0.14187622,0.0,0.060413,-0.11754349,-0.12836868
-0.59220475,-0.7578251,0.43307585,0.8403276,0.0,0.0,0.18487966,0.0,0.0,0.49077263,0.28586793,0.0,0.54136634,0.9021255,0.7255498,0.8427086,0.0,0.0,0.53591436,0.30525494,0.0,0.77716285,0.0,0.0,0.0,0.0,0.0,0.0,0.0,0.49276933,0.4156044,0.0,0.0,0.0,1.0440228,0.5144942,0.0,0.3064531,0.0,0.0,0.0,0.67853886,0.0,0.18236576,0.44648027,0.1190131,0.8609314,0.0,0.31308252,0.0,0.0,0.0012487024,0.2030251,0.0,0.7346284,1.1075319,0.50706357,0.4884888,0.4390512,0.0,0.43175423,0.40997684,0.17745373,0.010345608,0.0,0.17784223,0.0,-0.08453615,0.41237956,0.22637814
-0.81901586,0.3548152,0.59929216,1.0041652,0.0,0.0,0.055752665,0.12322104,0.3736217,0.041810885,0.30012423,0.0,0.0,0.2827173,1.2800808,0.5394269,0.099719286,0.0,0.6477548,0.0,0.1412888,0.37284467,0.0,0.0,0.0,0.0,0.0,0.0,0.11651803,0.92161846,0.10874517,0.0,0.0,0.0,0.70830643,0.30316007,0.0,0.6548846,0.0,0.0,0.0,0.7047704,0.0,0.44856256,0.3827582,0.09937216,0.531781,0.0,0.5617628,0.0,0.0,0.2614803,0.35561365,0.18685213,0.38484916,0.85928065,0.4952599,0.49578032,0.2355975,0.0,0.3034857,0.2847762,0.29540333,0.42137685,0.0,0.29468942,0.0,-0.055740874,0.17636755,-0.3526126
-0.29484543,-0.904748,-1.3306036,0.0,0.11985338,0.0,0.0,0.52107114,0.0,1.259701,0.0,0.72276866,0.70756614,0.19974384,0.059274048,0.17117985,0.0,0.0,0.0,0.32371005,0.0,1.1151648,0.095568046,0.0,0.0,0.43228418,0.28202373,0.47346634,0.0,0.98641074,1.0790627,0.0,0.38384408,0.0,0.0,1.0957317,0.0,0.0,0.0,0.0,0.0,0.0,0.0,0.0,0.0,0.016699858,0.4349481,0.0,0.3264051,0.0,0.0,0.027864933,0.0,0.0,0.6310549,0.8396998,0.0,0.027649097,0.97685206,0.0,0.69072706,0.94170934,0.9762063,0.060671583,0.0,0.0,0.0,-0.39435068,-0.3938666,0.8504312
-0.8550999,0.7947773,0.5708117,1.0108709,0.0,0.013257146,0.0,0.30355877,0.5494103,0.0,0.24822062,0.0,0.0,0.0,1.445479,0.37517902,0.34326324,0.0,0.6493982,0.0,0.34512866,0.20971978,0.0,0.0,0.0,0.0,0.0,0.0,0.36938465,1.0973884,0.013837218,0.0,0.0,0.0,0.51123405,0.24051961,0.0,0.78570616,0.0,0.0,0.0,0.6641597,0.0,0.4687928,0.3584654,0.15471381,0.4516647,0.0,0.6708244,0.0,0.0,0.35226423,0.39246446,0.21025397,0.2622565,0.7760358,0.4693625,0.510904,0.18780729,0.0,0.26750576,0.29465002,0.3749781,0.6058776,0.0,0.32400894,0.0,-0.046938185,0.07469365,-0.523274
-0.72007114,1.3979136,2.4352574,2.277954,0.0,0.58427936,0.0,0.0,1.1935819,0.0,1.0073159,0.0,0.0,0.4772507,2.0548244,0.8565854,0.76492214,0.0,1.3216274,0.0,1.2952288,0.0,0.0,0.41981995,0.0,0.0,0.0,0.0,0.09995767,0.44988123,0.0,0.0,0.0,0.0,1.464716,0.07788393,0.0,1.4375223,0.0,0.047315545,0.56307083,1.5979041,0.0,0.80234003,1.2909069,0.68196785,1.4865398,0.0,1.1255236,0.0,0.0,0.53659344,0.96634173,1.003326,0.28069538,1.1361232,1.3448211,1.5437547,0.043985978,0.0,0.07471825,0.07679394,0.160635,0.83376014,0.0,1.1661502,0.0,0.3195197,0.8991504,-1.8124988
-0.6070607,-0.6725843,0.46326312,0.8644682,0.0,0.0,0.1751785,0.0,0.0,0.4482381,0.29435542,0.0,0.49838927,0.8627013,0.77107966,0.8258288,0.0,0.0,0.5505012,0.27414075,0.0,0.7408587,0.0,0.0,0.0,0.0,0.0,0.0,0.0,0.51697856,0.3848884,0.0,0.0,0.0,1.0294731,0.49802333,0.0,0.33353812,0.0,0.0,0.0,0.6826767,0.0,0.20391329,0.4440359,0.11078927,0.8362982,0.0,0.32360622,0.0,0.0,0.021808967,0.21998897,0.0,0.7090698,1.0856793,0.5168797,0.49022081,0.42054734,0.0,0.42239934,0.4020239,0.18153365,0.035087883,0.0,0.18860921,0.0,-0.07797119,0.39922124,0.18449119
1.0338866,0.84171176,-0.33076832,0.54958105,0.0,0.26553726,0.0,0.94727397,0.9705603,0.0,0.0,0.20468046,0.40773457,0.0,0.17977574,0.0,0.0,0.3699146,0.03591749,0.0,0.047554895,0.0,0.24593778,0.1745168,0.13784342,0.43519938,0.0,1.1807061,0.19376051,0.34323177,0.0,0.44757923,0.0,0.025903419,0.0,0.5005204,0.0,0.31602448,0.0,0.0,0.0,0.0,0.0,0.21483818,0.29805177,0.2749732,0.32120788,0.0,0.14887297,0.0,0.0,0.55179906,0.0,0.0,0.0,0.0,0.13026845,0.51489246,0.27132952,0.09748906,0.66014296,0.49477318,0.6307255,0.801144,0.0,0.035565168,0.0,0.2522598,-0.33634552,-0.13537855
0.4255455,0.14281592,-1.0957855,0.0,0.0,0.0,0.0,0.9231646,0.34392372,0.61808616,0.0,0.5428664,0.49959797,0.0,0.08117777,0.0,0.0,0.0,0.0,0.0007944554,0.0,0.27110994,0.26309657,0.0,0.0,0.50661725,0.25328135,1.06515,0.20063707,0.7957762,0.5866096,0.101325035,0.0,0.0,0.0,0.8581921,0.0,0.093319744,0.0,0.0,0.0,0.0,0.0,0.0,0.0,0.05659157,0.22427596,0.0,0.26552993,0.0,0.0,0.4014013,0.0,0.0,0.21068324,0.29807228,0.0,0.123006254,0.6986544,0.0,0.5314621,0.74869776,0.96056247,0.6039453,0.0,0.0,0.0,-0.1359446,-0.59176004,0.32496518
-1.6150551,0.436077,0.053182796,0.5989417,0.0,0.0,0.3528167,0.28791744,0.07091278,0.40750313,0.24788973,0.0,0.0,0.0,1.6123717,0.41822234,0.35356298,0.0,0.56838787,0.0,0.0,0.846646,0.0,0.0,0.0,0.0,0.15596268,0.0,0.5219288,1.65032,0.4465337,0.0,0.0,0.0,0.3684342,0.6861749,0.0,0.712894,0.0,0.0,0.0,0.6717522,0.0,0.35006368,0.16413236,0.0,0.2174304,0.0,0.78939307,0.0,0.0,0.25099984,0.47187465,0.0,0.58976907,1.1513456,0.1631826,0.31008586,0.5767823,0.0,0.29908076,0.4532675,0.61960185,0.49880135,0.0,0.09067438,0.0,-0.5185754,-0.09583327,-0.02220492
0.018704083,-1.5626663,0.034076735,0.5691363,0.38247755,0.0,0.05733666,0.0,0.0,0.8492406,0.02970253,0.3887179,1.1139381,1.2380006,0.004469514,0.88795173,0.0,0.0,0.28571963,0.6286603,0.0,0.92272705,0.0,0.0,0.054069757,0.30321008,0.0,0.0,0.0,0.027313173,0.6623033,0.0,0.2905348,0.054698452,1.079239,0.7073507,0.0,0.0,0.0,0.0,0.0,0.3694899,0.0,0.0,0.3787864,0.10872768,1.2090613,0.0,0.0,0.0,0.0,0.0,0.0,0.0,0.835931,1.1032591,0.27707636,0.42843106,0.68034434,0.0,0.7287868,0.70256555,0.280398,0.0,0.0,0.091747835,0.0,-0.033579815,0.27956975,0.6920421
-1.2224333,1.4481598,2.682388,2.4094043,0.0,0.5379453,0.1546902,0.0,1.1102716,0.0,1.2476192,0.0,0.0,0.54214597,2.415058,1.0086856,0.97005475,0.0,1.4884263,0.0,1.4074482,0.0,0.0,0.3642543,0.0,0.0,0.0,0.0,0.17801324,0.6677413,0.0,0.0,0.0,0.0,1.6345106,0.15089035,0.0,1.5979277,0.0,0.0862248,0.6861997,1.8047909,0.0,0.8860409,1.3728386,0.69080555,1.6076807,0.0,1.254345,0.0,0.0,0.5471809,1.1669773,1.0848811,0.40662584,1.3538852,1.4692945,1.6893563,0.09711536,0.0,0.024996832,0.05572079,0.17603506,0.8927172,0.0,1.2631369,0.0,0.21609749,1.0190504,-1.9605289
0.08887502,-0.6278535,0.5297238,0.9571004,0.0,0.0,0.0,0.0,0.20431097,0.2646416,0.13763112,0.0,0.72578335,0.8882705,0.41592896,0.7315521,0.0,0.0,0.47100583,0.30913377,0.0,0.37462884,0.0,0.0,0.093213186,0.004522062,0.0,0.0,0.0,0.0852243,0.21864197,0.0,0.0,0.0036239624,1.0124573,0.2478979,0.0,0.24408688,0.0,0.0,0.0,0.49142984,0.0,0.17531548,0.5088007,0.18459944,0.919597,0.0,0.14526811,0.0,0.0,0.032374896,0.0722563,0.0034324825,0.49874723,0.79874915,0.60343176,0.4969758,0.2693153,0.0,0.47096425,0.39638257,0.03861294,0.005204618,0.0,0.20184883,0.0,0.18360628,0.43282506,0.11751172
-0.30052292,0.93766147,0.07922659,0.7351087,0.0,0.08387534,0.0,0.64032763,0.68785936,0.0,0.0,0.0,0.0,0.0,1.0608025,0.051377773,0.20561823,0.0,0.3880807,0.0,0.2405399,0.0010921359,0.0,0.0,0.0,0.0,0.03814108,0.31827527,0.45484045,1.0104306,0.064185455,0.0,0.0,0.0,0.10039008,0.28714055,0.0,0.7232957,0.0,0.0,0.0,0.34581992,0.0,0.33185893,0.183572,0.1788793,0.19877839,0.0,0.56758153,0.0,0.0,0.4105125,0.043254495,0.08848095,0.104961544,0.49892855,0.2068908,0.34713885,0.22646168,0.019180484,0.32484072,0.35007885,0.4895682,0.73798466,0.0,0.18188827,0.0,-0.06067722,-0.20626295,-0.3556075
1.0586377,1.1156276,0.7621344,1.2836788,0.0,0.5638899,0.0,0.59024394,1.2971616,0.0,0.0,0.0,0.2978925,0.0,0.53964776,0.047891587,0.0,0.3732127,0.43693072,0.0,0.5658587,0.0,0.0,0.45543832,0.33891356,0.064332515,0.0,0.6726185,0.006788373,0.0,0.0,0.3311256,0.0,0.12145622,0.38871056,0.08979524,0.0,0.60366195,0.0,0.0,0.0,0.46171984,0.0,0.3804105,0.79284585,0.53588206,0.6791808,0.0,0.40062648,0.0,0.0,0.60262823,0.0,0.42154288,0.0,0.13118213,0.47383624,0.90999424,0.0,0.026625715,0.6392249,0.3210377,0.337425,0.75184494,0.0,0.43427122,0.0,0.5920919,0.09138231,-0.7535715
-0.0018225294,1.1069815,0.6756135,1.1559327,0.0,0.31467384,0.0,0.48944438,0.96011174,0.0,0.038618445,0.0,0.0,0.0,1.105222,0.17577814,0.24686238,0.0,0.564373,0.0,0.5326255,0.0,0.0,0.20066488,0.0,0.0,0.0,0.19002222,0.29235452,0.6418023,0.0,0.0,0.0,0.0,0.39975557,0.1329226,0.0,0.8440803,0.0,0.0,0.0,0.5871139,0.0,0.40556312,0.47206876,0.3216135,0.49918467,0.0,0.6301855,0.0,0.0,0.47073424,0.18449265,0.3318001,0.018216196,0.52505845,0.43985254,0.61755353,0.10248983,0.0,0.3024657,0.28755644,0.35502744,0.76465124,0.0,0.41587475,0.0,0.17966308,0.022212368,-0.7215336
0.3410049,-0.115863115,0.65680265,1.089327,0.0,0.008168086,0.0,0.06087941,0.52621675,0.0,0.07405768,0.0,0.5886878,0.63803756,0.48544574,0.5583449,0.0,0.0,0.48746634,0.14464082,0.0,0.006801814,0.0,0.0,0.1649733,0.0,0.0,0.0,0.0,0.047218084,0.0,0.0,0.0,0.03360343,0.8694066,0.037217267,0.0,0.3540774,0.0,0.0,0.0,0.41922253,0.0,0.29607922,0.51685846,0.1905194,0.8176556,0.0,0.16311526,0.0,0.0,0.16571672,0.069839954,0.16659474,0.22671206,0.5791569,0.6167182,0.5107638,0.11042041,0.0,0.46891677,0.32179874,0.005113691,0.1949426,0.0,0.26326782,0.0,0.32044894,0.33694053,-0.18989156
-0.09562119,-0.6250151,0.55338794,0.960485,0.0,0.0,0.0,0.0,0.15464237,0.28967944,0.19662467,0.0,0.65909094,0.8912053,0.5257042,0.7671668,0.0,0.0,0.5074346,0.29581937,0.0,0.45570493,0.0,0.0,0.029469505,0.0,0.0,0.0,0.0,0.18758214,0.24301215,0.0,0.0,0.0,1.0377086,0.30813497,0.0,0.2874844,0.0,0.0,0.0,0.5485066,0.0,0.19067666,0.4910266,0.1633014,0.9043726,0.0,0.19400804,0.0,0.0,0.031987794,0.11635955,0.0,0.5480977,0.87053686,0.6107525,0.4957864,0.30395246,0.0,0.44410813,0.3997376,0.07279138,0.019130498,0.0,0.21493764,0.0,0.12086269,0.42766678,0.114192754
-1.0490975,-0.33422524,-0.550219,0.19317898,0.0,0.0,0.22238821,0.31547442,0.0,0.85127205,0.0,0.11824742,0.18893081,0.17758939,0.87618494,0.37888622,0.0,0.0,0.25054806,0.08757442,0.0,1.0472865,0.0,0.0,0.0,0.0,0.18390468,0.0,0.14955696,1.306589,0.7716626,0.0,0.07436134,0.0,0.25956893,0.80422795,0.0,0.2496428,0.0,0.0,0.0,0.4125449,0.0,0.06452201,0.041478813,0.0024773404,0.24460568,0.0,0.59520674,0.0,0.0,0.13328013,0.18162516,0.0,0.66863585,1.0387032,0.0,0.071605116,0.6250833,0.0,0.42449486,0.5762968,0.6551878,0.21856152,0.0,0.0,0.0,-0.49317318,-0.19469807,0.4324419
0.5114431,-0.20898339,-0.20399192,0.5315097,0.0,0.0,0.0,0.41430146,0.37929338,0.34381425,0.0,0.28153527,0.6882782,0.30929503,0.13873845,0.23454076,0.0,0.0,0.1449475,0.16322882,0.0,0.1688185,0.03372188,0.0,0.06562765,0.34897715,0.0,0.48278216,0.0,0.26597798,0.31634822,0.0,0.0,0.007226065,0.3390808,0.40496618,0.0,0.09329656,0.0,0.0,0.0,0.03756193,0.0,0.0916031,0.25995415,0.1236866,0.6032051,0.0,0.12971991,0.0,0.0,0.16605099,0.0,0.0,0.20283861,0.40221298,0.17326759,0.34731343,0.38236308,0.0,0.54447824,0.5306382,0.41552022,0.2778467,0.0,0.043955076,0.0,0.12654482,-0.060839612,0.24707352
-1.4984086,1.3891705,1.3168466,1.4937289,0.0,0.19940065,0.18784589,0.13609707,0.7523198,0.0,0.69613564,0.0,0.0,0.0,2.2001176,0.5444871,0.9212282,0.0,1.0284722,0.0,0.89785314,0.08697288,0.0,0.07649788,0.0,0.0,0.0,0.0,0.6242173,1.3725113,0.0,0.0,0.0,0.0,0.7895335,0.27977794,0.0,1.2403659,0.0,0.0016149953,0.23188715,1.1455075,0.0,0.70814896,0.7237945,0.34716588,0.82694995,0.0,1.0571462,0.0,0.0,0.43148965,0.8798542,0.5694945,0.31425735,1.1419758,0.8427187,1.0212827,0.23116529,0.0,0.111081,0.18214361,0.41803518,0.84685963,0.0,0.6779613,0.0,-0.06996836,0.40009257,-1.1700562
-1.0459087,0.17589745,0.19328025,0.7120934,0.0,0.0,0.16566652,0.19796887,0.15348223,0.33211383,0.19182226,0.0,0.0,0.2009504,1.2408819,0.4811978,0.04521683,0.0,0.5303097,0.0,0.0,0.65302354,0.0,0.0,0.0,0.0,0.0,0.0,0.19895703,1.1661508,0.35341626,0.0,0.0,0.0,0.53206486,0.5222309,0.0,0.55662733,0.0,0.0,0.0,0.6070219,0.0,0.33356982,0.22341523,0.02727399,0.36844718,0.0,0.5798261,0.0,0.0,0.23173144,0.31974295,0.0,0.5140872,0.95298296,0.26149815,0.3322706,0.37643632,0.0,0.35962468,0.38469058,0.44397897,0.37143487,0.0,0.14716274,0.0,-0.26913536,0.022810113,-0.030307427
0.15419875,-1.3654814,-0.8307406,0.024667919,0.36965403,0.0,0.0,0.18320212,0.0,1.1264445,0.0,0.7213379,1.072446,0.72686744,0.0,0.46312636,0.0,0.0,0.0,0.5389946,0.0,0.9789169,0.06204593,0.0,0.0,0.5908969,0.0,0.2549237,0.0,0.3627262,0.92063844,0.0,0.39982414,0.0,0.42912516,0.9965937,0.0,0.0,0.0,0.0,0.0,0.033488788,0.0,0.0,0.057130612,0.021393195,0.9406981,0.0,0.0,0.0,0.0,0.0,0.0,0.0,0.70169055,0.9307296,0.0,0.26119733,0.9160496,0.0,0.76091284,0.8698861,0.713857,0.0,0.0,0.0,0.0,-0.21972145,-0.12117693,0.91475886
-0.25377756,-1.2174678,0.74435806,1.0375649,0.15303838,0.0,0.15746015,0.0,0.0,0.4615286,0.39118162,0.0,0.86601603,1.3390676,0.45704404,1.0780305,0.0,0.0,0.5922153,0.5063381,0.0,0.73774767,0.0,0.0,0.06287846,0.0,0.0,0.0,0.0,0.013065517,0.3502458,0.0,0.036784038,0.0,1.4144857,0.44086945,0.0,0.2352177,0.0,0.0,0.036389634,0.7580457,0.0,0.12748504,0.6071101,0.19971646,1.2038087,0.0,0.12042773,0.0,0.0,0.0,0.075709626,0.0,0.8446535,1.1584812,0.7089548,0.62418115,0.43459177,0.0,0.505298,0.4479733,0.0,0.0,0.0,0.26473138,0.0,0.09174146,0.6112693,0.23781757
0.88761187,-0.26741588,-1.029179,0.012874007,0.063207984,0.0,0.0,0.7921833,0.31558937,0.6528189,0.0,0.7074021,0.8456174,0.0,0.0,0.0,0.0,0.0,0.0,0.18485624,0.0,0.2096704,0.35069215,0.0,0.046216637,0.7921258,0.100695975,1.1148498,0.0,0.35753354,0.580143,0.20215061,0.0024812818,0.05181405,0.0,0.86587197,0.0,0.0,0.0,0.0,0.0,0.0,0.0,0.0,0.035095613,0.072674915,0.5380161,0.0,0.0,0.0,0.0,0.28945142,0.0,0.0,0.118697315,0.19403708,0.0,0.28787512,0.7061414,0.0,0.702004,0.81832534,0.975004,0.42305806,0.0,0.0,0.0,0.059842143,-0.47333467,0.46586192
0.55861026,-0.48069432,0.11542556,0.7265359,0.03235835,0.0,0.0,0.17691663,0.33335286,0.297471,0.0,0.22454567,0.82625973,0.624194,0.099695176,0.44866675,0.0,0.0,0.2508247,0.27559713,0.0,0.1863147,0.0,0.0,0.1711898,0.32911694,0.0,0.23158257,0.0,0.019178689,0.2537952,0.0,0.0,0.09898357,0.6550791,0.28582883,0.0,0.036969185,0.0,0.0,0.0,0.16459,0.0,0.07820477,0.42840517,0.14864787,0.8471394,0.0,0.054723423,0.0,0.0,0.0858403,0.0,0.0,0.28960034,0.5135967,0.36076826,0.46513003,0.3151198,0.0,0.5816997,0.45184544,0.2365508,0.096591756,0.0,0.10426012,0.0,0.26034304,0.20708062,0.2486826
0.081999175,1.1964456,-0.09182398,0.6649556,0.0,0.21407072,0.0,0.8636149,0.8839197,0.0,0.0,0.0,0.0,0.0,0.8938748,0.0,0.20891675,0.0,0.2718476,0.0,0.30549532,0.0,0.0,0.14388734,0.0,0.0,0.08782058,0.695439,0.54917043,0.9336962,0.0,0.035322815,0.0,0.0,0.0,0.33917361,0.0,0.7676874,0.0,0.0,0.0,0.3217637,0.0,0.32671103,0.22816195,0.27000993,0.13730386,0.0,0.5623404,0.0,0.0,0.52175224,0.0,0.07172972,0.03545863,0.377941,0.1720759,0.3965605,0.26381922,0.035083473,0.33987144,0.36817807,0.5516044,0.92070115,0.0,0.13893594,0.0,-0.025217678,-0.29507136,-0.43698275
0.92585343,-1.8687824,-1.9568311,0.0,0.7789868,0.0,0.0,0.5653391,0.0,1.6573412,0.0,1.4536544,1.5665876,0.5506567,0.0,0.0952636,0.0,0.0,0.0,0.7409126,0.0,1.0916991,0.5459231,0.0,0.022121519,1.4046102,0.19680399,1.0985513,0.0,0.19500932,1.3410971,0.0,0.75994414,0.18555094,0.0,1.6515824,0.0,0.0,0.0,0.0,0.0,0.0,0.0,0.0,0.0,0.0014657453,1.1926199,0.0,0.0,0.0,0.0,0.0,0.0,0.0,0.5056687,0.8641245,0.0,0.42399916,1.4686637,0.0,1.2106715,1.5503197,1.6309074,0.0,0.0,0.0047176997,0.0,-0.17735511,-0.5071188,1.2908185
0.14414847,0.8559263,0.928517,1.3153121,0.0,0.31712204,0.0,0.30115825,0.9405956,0.0,0.14459285,0.0,0.0887835,0.15469447,1.0013515,0.34207112,0.08630249,0.0,0.63134277,0.0,0.4995469,0.0,0.0,0.16583627,0.057631984,0.0,0.0,0.032730147,0.045937605,0.36935303,0.0,0.0,0.0,0.0,0.65819544,0.033573397,0.0,0.7576196,0.0,0.0,0.0,0.6692425,0.0,0.42753416,0.585529,0.33442938,0.6976674,0.0,0.5588927,0.0,0.0,0.41211036,0.2449261,0.41100192,0.050050035,0.5667952,0.5611831,0.6848842,0.031161368,0.0,0.3181301,0.2428836,0.19436432,0.59950536,0.0,0.4985509,0.0,0.29635316,0.20824632,-0.74662954
0.56559384,-0.8961902,-1.8963733,0.0,0.306156,0.0,0.0,0.8756254,0.0,1.3340548,0.0,1.1316376,1.0077845,0.0,0.0,0.0,0.0,0.0,0.0,0.3634061,0.0,0.8355031,0.47312218,0.0,0.0,1.0199641,0.3736414,1.223964,0.0,0.7020801,1.1356809,0.03403166,0.4362967,0.0,0.0,1.3926822,0.0,0.0,0.0,0.0,0.0,0.0,0.0,0.0,0.0,0.0,0.60641617,0.0,0.090514064,0.0,0.0,0.22057438,0.0,0.0,0.40452576,0.5961885,0.0,0.18560925,1.1937283,0.0,0.88367105,1.3318782,1.4648916,0.27254435,0.0,0.0,0.0,-0.21496134,-0.67842525,0.90637547
-0.17052059,1.3580354,0.98148054,1.3606904,0.0,0.4138807,0.0,0.4357251,1.0749658,0.0,0.19652659,0.0,0.0,0.0,1.3642278,0.22836523,0.4575847,0.0,0.70562387,0.0,0.7626822,0.0,0.0,0.3126576,0.0,0.0,0.0,0.021106154,0.37708163,0.6997415,0.0,0.0,0.0,0.0,0.5051303,0.10445158,0.0,1.0242113,0.0,0.0,0.0058352947,0.79595345,0.0,0.47497937,0.63019055,0.40812242,0.658065,0.0,0.80333066,0.0,0.0,0.5039309,0.3881845,0.4757809,0.033680163,0.6413383,0.59363025,0.80095,0.10148278,0.0,0.23227488,0.23084992,0.34025627,0.81459004,0.0,0.585384,0.0,0.21480611,0.16158722,-0.9860337
1.6271701,0.21116608,-0.19818448,0.63606673,0.0,0.22498457,0.0,0.7181994,0.8975247,0.0,0.0,0.4205712,0.8981489,0.08908889,0.0,0.0,0.0,0.4872718,0.0,0.08931501,0.0,0.0,0.34178054,0.06399858,0.4408322,0.8080031,0.0,1.181816,0.0,0.0,0.0,0.53980184,0.0,0.3376221,0.10329461,0.4772029,0.0,0.0,0.0,0.0,0.0,0.0,0.0,0.1300816,0.49625638,0.27585912,0.6630258,0.0,0.0,0.0,0.0,0.48007068,0.0,0.0,0.0,0.0,0.21673228,0.7462512,0.23953368,0.0,0.93298894,0.52565694,0.677949,0.5473975,0.0,0.024216624,0.0,0.5329031,-0.14350119,0.03971173
0.120617926,-0.9563249,-0.7038004,0.1313023,0.18780807,0.0,0.0,0.28525156,0.0,0.92268234,0.0,0.569994,0.879503,0.53069866,0.0,0.36955148,0.0,0.0,0.009138614,0.391741,0.0,0.7909337,0.03530869,0.0,0.0,0.4559602,0.0,0.30925858,0.0,0.4635453,0.77313554,0.0,0.2321925,0.0,0.34537414,0.8359912,0.0,0.0,0.0,0.0,0.0,0.012149055,0.0,0.0,0.10167788,0.035703428,0.73573035,0.0,0.07524879,0.0,0.0,0.0,0.0,0.0,0.58112323,0.75787795,0.0,0.21600065,0.74769956,0.0,0.6661887,0.74746794,0.6251234,0.0,0.0,0.0,0.0,-0.17089786,-0.119011655,0.76029444
-1.1634564,1.2257202,0.99092346,1.292437,0.0,0.15946184,0.049104005,0.25386697,0.7217601,0.0,0.47577056,0.0,0.0,0.0,1.8737788,0.42778474,0.7028686,0.0,0.85622466,0.0,0.70307446,0.074010566,0.0,0.035529405,0.0,0.0,0.0,0.0,0.55092555,1.2510006,0.0,0.0,0.0,0.0,0.6251831,0.25064737,0.0,1.074254,0.0,0.0,0.07826652,0.9140647,0.0,0.59111995,0.5661083,0.29860532,0.6664984,0.0,0.9054047,0.0,0.0,0.41989288,0.6570024,0.43202257,0.2602709,0.946069,0.6840863,0.8106997,0.19434907,0.0,0.17273319,0.22409567,0.41338956,0.77614254,0.0,0.54623103,0.0,-0.021043155,0.23715764,-0.92987466
-0.5097542,-0.6241314,-0.77604514,0.06301838,0.0,0.0,0.027415156,0.3666732,0.0,0.95321935,0.0,0.38973817,0.5083101,0.27172172,0.4176812,0.31590608,0.0,0.0,0.08237383,0.22401309,0.0,0.9670531,0.0,0.0,0.0,0.105521396,0.14806569,0.1516851,0.0,0.98018414,0.8329822,0.0,0.18202905,0.0,0.19984178,0.83159554,0.0,0.0,0.0,0.0,0.0,0.17494375,0.0,0.0,0.03453028,0.040532768,0.40420586,0.0,0.37579617,0.0,0.0,0.062108025,0.0,0.0,0.6270211,0.86385024,0.0,0.05203267,0.698832,0.0,0.5388122,0.685964,0.6671884,0.06954929,0.0,0.0,0.0,-0.34498495,-0.2136422,0.65151536
0.27303493,0.52683103,-1.164054,0.0,0.0,0.0,0.0,1.0838063,0.45319557,0.53280777,0.0,0.4506919,0.27508336,0.0,0.28187525,0.0,0.0,0.0,0.0,0.0,0.0,0.19663921,0.25626445,0.0,0.0,0.3774929,0.35895544,1.1614759,0.46450797,1.0397978,0.54298794,0.14483872,0.0,0.0,0.0,0.8736609,0.0,0.28006828,0.0,0.0,0.0,0.0,0.0,0.0043758154,0.0,0.07427177,0.06494139,0.0,0.40262637,0.0,0.0,0.519473,0.0,0.0,0.24504411,0.3410261,0.0,0.0747911,0.6995115,0.0,0.47789115,0.7285735,1.0220006,0.79970616,0.0,0.0,0.0,-0.22914599,-0.69270736,0.18628398
-1.5368321,-0.02979335,1.3825692,1.4446971,0.0,0.0,0.5200862,0.0,0.134248,0.0,0.89206696,0.0,0.0,0.8533462,1.7462306,1.0872247,0.18285456,0.0,1.0368453,0.0037168972,0.23143257,0.69299984,0.0,0.0,0.0,0.0,0.0,0.0,0.0,0.9095123,0.03791757,0.0,0.0,0.0,1.4174659,0.4227398,0.0,0.8917106,0.0,0.0,0.21074261,1.2933996,0.0,0.6085289,0.67810756,0.07923919,0.9267679,0.0,0.6803906,0.0,0.0,0.22996014,0.64425266,0.40974683,0.75461775,1.3816454,0.9024635,0.88771147,0.37323382,0.0,0.20698997,0.16372184,0.10161683,0.38384956,0.0,0.5110942,0.0,-0.1639585,0.6277245,-0.6187086
1.1674222,-0.39566198,0.9070059,1.2904165,0.071875155,0.14884143,0.0,0.0,0.6973784,0.0,0.0034984946,0.015327906,1.0067047,0.95212376,0.0,0.63249314,0.0,0.0,0.450805,0.31280136,0.0,0.0,0.0,0.0,0.54551107,0.37049037,0.0,0.11845881,0.0,0.0,0.0,0.0,0.0,0.39045602,1.0970857,0.016048148,0.0,0.15917914,0.0,0.0,0.0,0.3441288,0.0,0.2988068,0.9128906,0.33710027,1.1342481,0.0,0.0029841661,0.0,0.0,0.1140298,0.0,0.30398387,0.18132937,0.56365645,0.6696594,0.81916875,0.05501777,0.0,0.791151,0.23421834,0.0,0.045091286,0.0,0.16911961,0.0,0.6399918,0.5852705,-0.13771312
0.006847185,0.12264505,0.15704285,0.7550923,0.0,0.0,0.0,0.3260251,0.43880162,0.16001752,0.0,0.0,0.36308533,0.25208387,0.6268332,0.32943818,0.0,0.0,0.3580925,0.018354755,0.0,0.18278056,0.0,0.0,0.0,0.0,0.0,0.1435091,0.0,0.52974516,0.18569304,0.0,0.0,0.0,0.46728554,0.26793233,0.0,0.39670908,0.0,0.0,0.0,0.3100213,0.0,0.27415758,0.27227256,0.12251967,0.46748936,0.0,0.29838192,0.0,0.0,0.2163398,0.047398433,0.0,0.21635377,0.5561786,0.29715705,0.2980283,0.21098682,0.038341098,0.43969417,0.43685886,0.27054164,0.33838606,0.0,0.15636632,0.0,0.0508034,0.016733494,-0.027851567
-1.5767663,0.28687993,0.572782,0.93209827,0.0,0.0,0.4075563,0.011837572,0.11231595,0.22891803,0.4940425,0.0,0.0,0.2876386,1.6718001,0.66669554,0.30190793,0.0,0.7508267,0.0,0.09997372,0.76893395,0.0,0.0,0.0,0.0,0.0,0.0,0.27695742,1.3667711,0.27697393,0.0,0.0,0.0,0.76447845,0.5651766,0.0,0.7445372,0.0,0.0,0.0,0.9008126,0.0,0.5060825,0.3867626,0.01702252,0.5244023,0.0,0.71344566,0.0,0.0,0.19691637,0.57504565,0.12406474,0.6184458,1.2409784,0.4786988,0.57067513,0.46527684,0.0,0.28043205,0.30401978,0.3948893,0.41519338,0.0,0.25314236,0.0,-0.3188966,0.2336106,-0.23829024
1.0969688,1.7383077,-0.0060460404,0.82281303,0.0,0.6177911,0.0,1.1682999,1.4396657,0.0,0.0,0.0,0.033567607,0.0,0.5383479,0.0,0.18205097,0.67099774,0.15904047,0.0,0.5976808,0.0,0.21082659,0.61108893,0.14393033,0.19203852,0.0,1.3416274,0.560391,0.46284527,0.0,0.66372633,0.0,0.0,0.0,0.55520886,0.0,0.73985934,0.0,0.0,0.0,0.36123523,0.0,0.277352,0.5631001,0.5730769,0.3387143,0.0,0.532479,0.0,0.0,0.8562434,0.0,0.2340758,0.0,0.0069569796,0.2610473,0.8328327,0.14671448,0.091115035,0.60854346,0.39010188,0.7630981,1.1885246,0.0,0.2726459,0.0,0.3599692,-0.32008073,-0.72660017
2.2866983,-2.974597,-2.4925482,0.0,1.5185276,0.0,0.0,0.53297806,0.0,2.0413036,0.0,2.2100432,2.5384283,1.0350195,0.0,0.08447851,0.0,0.02512312,0.0,1.2224916,0.0,1.0403471,1.0033888,0.0,0.51943666,2.4457674,0.036393918,1.6930405,0.0,0.0,1.5784628,0.41599855,1.1546221,0.7556111,0.0,2.3097565,0.0,0.0,0.0,0.0,0.0,0.0,0.0,0.0,0.013953151,0.085910425,2.0530024,0.0,0.0,0.0,0.0,0.0,0.0,0.0,0.45292574,0.8976238,0.0,0.98499507,1.8125454,0.0,2.199636,2.0230863,2.3501658,0.0,0.0,0.031630456,0.0,0.113016784,-0.5594371,1.710804
-2.212214,0.35762426,1.5037812,1.5034947,0.0,0.0,0.7466986,0.0,0.1231104,0.0,1.0826654,0.0,0.0,0.6468357,2.287641,1.0949849,0.61274767,0.0,1.1885854,0.0,0.46337938,0.82132024,0.0,0.0,0.0,0.0,0.0,0.0,0.19432396,1.3921256,0.01728028,0.0,0.0,0.0,1.3774314,0.5223767,0.0,1.1163901,0.0,0.0,0.28377366,1.5114421,0.0,0.74570316,0.75412166,0.09580512,0.94383293,0.0,0.9033017,0.0,0.0,0.2351915,0.9171914,0.48360443,0.8096401,1.626319,0.95405036,1.0551614,0.46979403,0.0,0.14084987,0.14849898,0.19383428,0.52175945,0.0,0.57311994,0.0,-0.3186579,0.6911118,-0.8077702
-1.0972438,0.35766053,1.0342835,1.2704769,0.0,0.0,0.21245906,0.0,0.37108606,0.0,0.5735612,0.0,0.0,0.46982977,1.5469452,0.7476452,0.22294256,0.0,0.8490269,0.0,0.2963754,0.40126997,0.0,0.0,0.0,0.0,0.0,0.0,0.05709655,0.9124421,0.0,0.0,0.0,0.0,1.0059882,0.29583162,0.0,0.78655934,0.0,0.0,0.07290341,0.98047364,0.0,0.5662013,0.5622512,0.1302343,0.75452673,0.0,0.6457838,0.0,0.0,0.25404364,0.5350524,0.3514809,0.4803494,1.0657035,0.72562975,0.72979575,0.23697385,0.0,0.24807885,0.20098338,0.20757613,0.44682455,0.0,0.4379412,0.0,-0.034385014,0.40751812,-0.585811
-0.04184973,-0.8312659,-0.43651557,0.30328164,0.0922198,0.0,0.0,0.19936907,0.0,0.79046255,0.0,0.39929438,0.76707923,0.56974673,0.17182517,0.45176256,0.0,0.0,0.13340402,0.3432389,0.0,0.7519295,0.0,0.0,0.0,0.27179545,0.0,0.12127681,0.0,0.4927065,0.6680654,0.0,0.14312945,0.0,0.47711486,0.69058496,0.0,0.0,0.0,0.0,0.0,0.14955299,0.0,0.0,0.17569049,0.05401142,0.7149042,0.0,0.15176603,0.0,0.0,0.0,0.0,0.0,0.59128785,0.8010466,0.054243423,0.22968464,0.6156047,0.0,0.58999544,0.6333624,0.47496164,0.0,0.0,0.0,0.0,-0.14503482,-0.0022449382,0.6440456
0.42862388,1.6507869,-0.24299939,0.6177514,0.0,0.4006058,0.0,1.1506195,1.158118,0.0,0.0,0.0,0.0,0.0,0.81982064,0.0,0.3292686,0.2841767,0.17125268,0.0,0.47254938,0.0,0.09506956,0.3893723,0.0,0.0,0.16503659,1.1116738,0.75110114,0.93376124,0.0,0.3573958,0.0,0.0,0.0,0.52698755,0.0,0.8549783,0.0,0.0,0.0,0.36213064,0.0,0.30235526,0.34854993,0.40579242,0.13020258,0.0,0.62479496,0.0,0.0,0.73362756,0.0,0.10824907,0.0023403354,0.25872248,0.18264428,0.5351453,0.29722798,0.08174203,0.41982853,0.42803574,0.72797495,1.1675857,0.0,0.14507537,0.0,0.047184635,-0.40586668,-0.5822567
0.03174781,-0.37508944,-0.80101013,0.09842843,0.0,0.0,0.0,0.54377246,0.05414319,0.76286376,0.0,0.45815817,0.59009564,0.12430918,0.19607943,0.13572796,0.0,0.0,0.0,0.17083289,0.0,0.6091471,0.06063859,0.0,0.0,0.32780683,0.119348876,0.52233624,0.0,0.7448992,0.6784051,0.0,0.057877943,0.0,0.048842877,0.7662574,0.0,0.0,0.0,0.0,0.0,0.0,0.0,0.0,0.04648013,0.04884155,0.3853051,0.0,0.255751,0.0,0.0,0.13914222,0.0,0.0,0.3926994,0.53912425,0.0,0.1170717,0.63880235,0.0,0.5573551,0.69863427,0.7287002,0.21912289,0.0,0.0,0.0,-0.1761238,-0.31922263,0.53384805
-1.4442252,1.973602,0.90516484,1.2647929,0.0,0.31294197,0.004784018,0.5485844,0.9480628,0.0,0.4278451,0.0,0.0,0.0,2.267627,0.16690247,1.183609,0.0,0.87828946,0.0,1.0367175,0.0,0.0,0.27222484,0.0,0.0,0.048953705,0.0,1.0466374,1.69718,0.0,0.0,0.0,0.0,0.2791229,0.36034822,0.0,1.4448482,0.0,0.0,0.079448536,1.0054777,0.0,0.5801412,0.603593,0.44420213,0.5890658,0.0,1.2058467,0.0,0.0,0.5533619,0.7375478,0.4821735,0.21923715,0.9697228,0.6862033,0.95687854,0.30713943,0.0,0.111859284,0.20735455,0.6397581,1.0531918,0.0,0.6272548,0.0,-0.10518123,0.13558818,-1.1975963
1.701364,-0.44873315,-0.69866616,0.27188417,0.2744086,0.0,0.0,0.6827155,0.54057205,0.41587204,0.0,0.7881596,1.2156937,0.27148464,0.0,0.0,0.0,0.3583923,0.0,0.3188305,0.0,0.0,0.46916145,0.0,0.4290406,1.1244516,0.0,1.2708281,0.0,0.0,0.34792638,0.4883655,0.0,0.39952004,0.045329064,0.83007234,0.0,0.0,0.0,0.0,0.0,0.0,0.0,0.0,0.31252816,0.18372889,0.9402053,0.0,0.0,0.0,0.0,0.30329096,0.0,0.0,0.0,0.009580366,0.0,0.7051687,0.52245903,0.0,1.1190987,0.76728666,1.0502849,0.31098753,0.0,0.0053873877,0.0,0.43899882,-0.2558364,0.43368268
0.62563527,0.35631186,-0.09924151,0.6433054,0.0,0.0713781,0.0,0.6058779,0.67906153,0.061470315,0.0,0.13501331,0.4785338,0.011404604,0.29787183,0.05407065,0.0,0.0,0.17474999,0.0,0.0,0.0,0.0578458,0.0,0.077126816,0.26201397,0.0,0.6776627,0.0,0.33741027,0.110032454,0.071912974,0.0,0.0,0.16792035,0.277483,0.0,0.31175047,0.0,0.0,0.0,0.04194933,0.0,0.2787491,0.2556848,0.17048188,0.38183117,0.0,0.16839828,0.0,0.0,0.3090909,0.0,0.0,0.0,0.21388686,0.17294532,0.36178374,0.24704443,0.07099683,0.51355463,0.49404147,0.38722417,0.5390836,0.0,0.06991304,0.0,0.16672115,-0.16943192,-0.04730419
-0.054834288,0.61090165,-0.62806475,0.26801616,0.0,0.0,0.0,0.8458737,0.48967063,0.33116025,0.0,0.14585266,0.12279254,0.0,0.63030684,0.0,0.0,0.0,0.086984605,0.0,0.0,0.19028728,0.030232385,0.0,0.0,0.039918464,0.21775055,0.72537947,0.43065748,1.0455602,0.37534094,0.0,0.0,0.0,0.0,0.57528484,0.0,0.44528407,0.0,0.0,0.0,0.10151224,0.0,0.1621022,0.016964769,0.1063385,0.04287634,0.0,0.49102655,0.0,0.0,0.42278314,0.0,0.0,0.22621769,0.45389146,0.0,0.10434702,0.4565292,0.036005057,0.40539026,0.56623924,0.71918136,0.7123604,0.0,0.0,0.0,-0.2371115,-0.48184064,0.03609708
-0.20487392,-0.5970692,-2.362615,0.0,0.061160564,0.0,0.0,1.0949134,0.0,1.5772876,0.0,1.0880096,0.60051656,0.0,0.0,0.0,0.0,0.0,0.0,0.18530302,0.0,1.1856098,0.4068845,0.0,0.0,0.726453,0.7018318,1.2070955,0.34138379,1.4532833,1.3821267,0.0,0.49471134,0.0,0.0,1.5450548,0.0,0.0,0.0,0.0,0.0,0.0,0.0,0.0,0.0,0.0,0.18224952,0.0,0.55769753,0.0,0.0,0.38663602,0.0,0.0,0.65255284,0.8339049,0.0,0.0,1.3484144,0.0,0.7326046,1.3160594,1.6053157,0.5034072,0.0,0.0,0.0,-0.5372927,-0.8782852,0.828845
-0.8127157,-1.5043684,0.5067817,0.82680434,0.17863452,0.0,0.45223153,0.0,0.0,0.7845939,0.45953682,0.0083321035,0.7941537,1.3897688,0.608285,1.1732107,0.0,0.0,0.5847466,0.56372565,0.0,1.1821556,0.0,0.0,0.0,0.0,0.0,0.0,0.0,0.35381517,0.6191261,0.0,0.23279797,0.0,1.4117857,0.73353976,0.0,0.2139061,0.0,0.0,0.0,0.8868267,0.0,0.11491282,0.5076543,0.14993833,1.1527406,0.0,0.23855662,0.0,0.0,0.0,0.103073806,0.0,1.070496,1.5323181,0.50159043,0.59296054,0.67976916,0.0,0.51936275,0.519655,0.110772796,0.0,0.0,0.19859914,0.0,-0.18717033,0.542368,0.46431935
0.6588814,-1.355675,-1.2468476,0.0,0.48116532,0.0,0.0,0.42910072,0.0,1.2051325,0.0,0.9940405,1.2462007,0.5480032,0.0,0.22385986,0.0,0.0,0.0,0.5578592,0.0,0.8327796,0.3061896,0.0,0.017614096,0.96002954,0.047684543,0.7442727,0.0,0.231915,0.9851587,0.0,0.44730854,0.10131545,0.12491009,1.2099758,0.0,0.0,0.0,0.0,0.0,0.0,0.0,0.0,0.0,0.024328612,0.97556347,0.0,0.0,0.0,0.0,0.0,0.0,0.0,0.48704657,0.7292431,0.0,0.34495094,1.0744214,0.0,0.9220667,1.1063397,1.1120665,0.0,0.0,0.0,0.0,-0.13675049,-0.31018484,0.99562573
0.88041073,-0.28989238,-1.6404753,0.0,0.101741254,0.0,0.0,1.0440485,0.1918913,0.9303648,0.0,0.9574516,0.8514707,0.0,0.0,0.0,0.0,0.03106314,0.0,0.17310995,0.0,0.36725128,0.51119715,0.0,0.0,0.9771228,0.326554,1.4479132,0.018951654,0.6042414,0.8232795,0.30637828,0.14427875,0.0,0.0,1.2216326,0.0,0.0,0.0,0.0,0.0,0.0,0.0,0.0,0.0,0.040448084,0.49637848,0.0,0.06674128,0.0,0.0,0.38934523,0.0,0.0,0.23147425,0.27062994,0.0,0.23667355,0.9641939,0.0,0.7975826,1.0963227,1.3308414,0.52749044,0.0,0.0,0.0,-0.062688366,-0.70657784,0.6044171
0.53083396,2.6251214,0.25447592,1.0115367,0.0,0.8182851,0.0,1.3331957,1.7044051,0.0,0.0,0.0,0.0,0.0,1.2276063,0.0,0.85392785,0.61713874,0.35299504,0.0,1.121293,0.0,0.027136818,0.8926553,0.0,0.0,0.11391915,1.2218311,1.0978246,0.9844244,0.0,0.5817816,0.0,0.0,0.0,0.6102298,0.0,1.2813774,0.0,0.0,0.0,0.6943729,0.0,0.3527105,0.74567705,0.7267339,0.41511917,0.0,0.9887413,0.0,0.0,0.99119747,0.0,0.41664773,0.0,0.28701442,0.43414497,1.0582206,0.25759676,0.0,0.44306272,0.36922076,0.8921622,1.5113533,0.0,0.4724395,0.0,0.29194897,-0.28486052,-1.1810135
0.058345485,0.57218224,-0.37132695,0.44111237,0.0,0.0,0.0,0.73515034,0.5536046,0.21104202,0.0,0.07517492,0.18078326,0.0,0.61930794,0.0,0.0,0.0,0.16350059,0.0,0.0,0.09211007,0.0,0.0,0.0,0.025319114,0.10003912,0.6235932,0.30484658,0.8600218,0.26511186,0.0,0.0,0.0,0.0,0.43439668,0.0,0.45757622,0.0,0.0,0.0,0.11184565,0.0,0.22728372,0.07797765,0.13023944,0.1260011,0.0,0.41541135,0.0,0.0,0.36184478,0.0,0.0,0.14041772,0.3996557,0.018232958,0.17721021,0.3424464,0.061658554,0.42897964,0.50792956,0.57688046,0.64851826,0.0,0.01919995,0.0,-0.13079143,-0.3591029,-0.015517756
-0.15008734,0.5371804,0.45082706,0.96303546,0.0,0.06383087,0.0,0.3431487,0.6262367,0.0,0.036189973,0.0,0.1243926,0.12448491,0.93289584,0.31666183,0.0,0.0,0.49562323,0.0,0.17666848,0.011802107,0.0,0.0,0.0,0.0,0.0,0.04423982,0.09183019,0.6384514,0.0,0.0,0.0,0.0,0.49694896,0.14068773,0.0,0.5894011,0.0,0.0,0.0,0.45123354,0.0,0.352862,0.3154111,0.14808781,0.46130747,0.0,0.42391062,0.0,0.0,0.32949242,0.15389669,0.16740686,0.12513694,0.5551773,0.37370884,0.39712617,0.098497376,0.034684286,0.3707106,0.32059968,0.26567632,0.49879915,0.0,0.27452865,0.0,0.09978652,0.03339925,-0.3559727
0.040187083,0.043067906,1.1924664,1.4298564,0.0,0.09412533,0.0,0.0,0.6033652,0.0,0.38278082,0.0,0.41281977,0.7737802,0.84468675,0.75247353,0.0,0.0,0.7313947,0.08256277,0.19766168,0.0,0.0,0.0,0.14562508,0.0,0.0,0.0,0.0,0.06105438,0.0,0.0,0.0,0.0,1.169616,0.043255277,0.0,0.5906009,0.0,0.0,0.12733622,0.7214857,0.0,0.42024454,0.67774266,0.2686528,1.0165851,0.0,0.35884073,0.0,0.0,0.25410828,0.26869962,0.36739975,0.32563514,0.7612335,0.85508174,0.7489941,0.0862165,0.0,0.3636685,0.23707615,0.0,0.30595598,0.0,0.485085,0.0,0.31561399,0.5118722,-0.5535635
-0.44629046,-1.1325883,0.5757595,0.9197761,0.09023705,0.0,0.2122873,0.0,0.0,0.5412761,0.35453925,0.0,0.7596277,1.2035018,0.5507091,1.0111111,0.0,0.0,0.5606203,0.45649105,0.0,0.83324015,0.0,0.0,0.0,0.0,0.0,0.0,0.0,0.22532445,0.4293474,0.0,0.05921565,0.0,1.2817978,0.5242264,0.0,0.24653693,0.0,0.0,0.0,0.7383978,0.0,0.13171183,0.5240177,0.15927605,1.0740801,0.0,0.2032093,0.0,0.0,0.0,0.118284374,0.0,0.8443429,1.208768,0.59875584,0.5594146,0.48857063,0.0,0.47623616,0.45353925,0.07304655,0.0,0.0,0.21613595,0.0,-0.01976322,0.5216243,0.28964466
-0.6066078,2.1583266,-0.5122047,0.4046905,0.0,0.2812752,0.0,1.3338457,1.0202523,0.0,0.0,0.0,0.0,0.0,1.5037565,0.0,0.90728223,0.0,0.23576272,0.0,0.62576574,0.0,0.0,0.32902253,0.0,0.0,0.48874876,0.9244976,1.3612121,1.8313992,0.036949083,0.04101205,0.0,0.0,0.0,0.6334119,0.0,1.2363673,0.0,0.0,0.0,0.5314223,0.0,0.32928184,0.27558005,0.35961068,0.0,0.0,1.0237672,0.0,0.0,0.81191957,0.0,0.07447926,0.18921117,0.6207428,0.15473689,0.46960935,0.5541473,0.0,0.17691845,0.47801152,0.9411018,1.3887693,0.0,0.081050165,0.0,-0.29740798,-0.52213603,-0.6712445
-0.97541517,-0.79675967,0.16765848,0.6386817,0.0,0.0,0.34475172,0.0,0.0,0.6974559,0.26811287,0.0,0.42191264,0.79270566,0.8578042,0.81153363,0.0,0.0,0.49560094,0.28392377,0.0,1.0390302,0.0,0.0,0.0,0.0,0.0,0.0,0.0,0.8193289,0.59916514,0.0,0.07307042,0.0,0.91084254,0.6922139,0.0,0.28980666,0.0,0.0,0.0,0.7125901,0.0,0.1850335,0.3534218,0.0854803,0.74085397,0.0,0.4249134,0.0,0.0,0.0,0.23937806,0.0,0.83012027,1.2771785,0.31087464,0.43010026,0.55986553,0.0,0.44251496,0.4388557,0.30998737,0.036949188,0.0,0.10610493,0.0,-0.28461355,0.3109762,0.35231948
-1.3701255,0.60279137,0.89328355,1.1755046,0.0,0.0,0.27030295,0.02489838,0.37048256,0.0,0.5531701,0.0,0.0,0.24514434,1.7479792,0.6455691,0.42921326,0.0,0.84204614,0.0,0.36619204,0.4603854,0.0,0.0,0.0,0.0,0.0,0.0,0.29845655,1.213699,0.034018666,0.0,0.0,0.0,0.8301827,0.34952217,0.0,0.8628708,0.0,0.0,0.043361157,0.9681731,0.0,0.59839505,0.5139047,0.11487834,0.6386071,0.0,0.74879324,0.0,0.0,0.2634576,0.6137097,0.31645715,0.4601489,1.1169031,0.65863955,0.7166649,0.3063189,0.0,0.21511585,0.22211374,0.30860287,0.5309187,0.0,0.39419836,0.0,-0.13611361,0.32485595,-0.59298444
-0.012907277,0.50597495,0.8616871,1.2390579,0.0,0.16233303,0.0,0.17246161,0.7288044,0.0,0.1932852,0.0,0.1879643,0.33535492,0.9504341,0.46590662,0.0,0.0,0.62513864,0.0,0.30612677,0.0,0.0,0.0,0.018203788,0.0,0.0,0.0,0.0,0.3779503,0.0,0.0,0.0,0.0,0.7680484,0.072941035,0.0,0.6404344,0.0,0.0,0.0,0.60763985,0.0,0.41465452,0.5025702,0.23175375,0.7159134,0.0,0.45480198,0.0,0.0,0.31141895,0.24829414,0.32580036,0.14811668,0.64729744,0.58992344,0.59569776,0.06507571,0.0,0.32822764,0.2535869,0.14519997,0.46230927,0.0,0.42945394,0.0,0.2334673,0.24572128,-0.5518023
1.9584241,1.6804315,1.5993795,1.9270635,0.0,1.0930446,0.0,0.5677464,1.9657936,0.0,0.0,0.0,0.36910453,0.010432348,0.44784126,0.03293854,0.0013364553,0.9932879,0.61720824,0.0,1.1342198,0.0,0.0061297417,1.0169754,0.786129,0.13941504,0.0,0.84594095,0.0,0.0,0.0,0.7695248,0.0,0.45166367,0.6457639,0.0886078,0.0,0.716872,0.0,0.0,0.04137513,0.7567816,0.0,0.48366338,1.5556527,0.9396334,1.0787886,0.0,0.60592175,0.0,0.0,0.9207814,0.0,0.9187594,0.0,0.0037214756,0.71204966,1.6100875,0.0,0.0,1.0651293,0.14799933,0.48669913,0.88813037,0.0,0.6844813,0.0,1.096744,0.35562253,-1.3025835
-0.96201986,0.26616213,1.762471,1.7502205,0.0,0.054277837,0.22698998,0.0,0.5047909,0.0,0.8842524,0.0,0.0,0.86237204,1.6255791,1.0413003,0.1872935,0.0,1.0942335,0.0,0.50838006,0.20351566,0.0,0.0,0.0,0.0,0.0,0.0,0.0,0.5040101,0.0,0.0,0.0,0.0,1.5078137,0.21385086,0.0,0.95938164,0.0,0.0,0.33749247,1.2578108,0.0,0.61941326,0.81172407,0.25837427,1.1465163,0.0,0.7375653,0.0,0.0,0.33403248,0.6481237,0.5872257,0.58691984,1.1935675,1.0649058,1.0142047,0.1670303,0.0,0.17480297,0.13430019,0.07057044,0.5056263,0.0,0.7248625,0.0,0.06474298,0.6964387,-0.9648318
1.1175461,-1.0454336,-1.1162598,0.0,0.43244734,0.0,0.0,0.5531568,0.029336333,0.9398953,0.0,0.9682386,1.2718502,0.43085936,0.0,0.093955755,0.0,0.0,0.0,0.48149478,0.0,0.45151806,0.40396273,0.0,0.18477117,1.0831147,0.0,1.0073233,0.0,0.0027979016,0.77022386,0.1173735,0.27443498,0.2323844,0.054636538,1.0915555,0.0,0.0,0.0,0.0,0.0,0.0,0.0,0.0,0.03828842,0.06379248,0.97016126,0.0,0.0,0.0,0.0,0.08658965,0.0,0.0,0.25973734,0.39404547,0.0,0.4648029,0.9096117,0.0,0.9796224,1.0336647,1.1277261,0.04424873,0.0,0.0,0.0,0.0740031,-0.323753,0.82425004
-0.31197393,0.81237847,-0.11881412,0.5968515,0.0,0.004961118,0.0,0.6744422,0.5936139,0.082809135,0.0,0.0,0.0,0.0,0.9732393,0.02188629,0.12731293,0.0,0.3153154,0.0,0.109863654,0.106654644,0.0,0.0,0.0,0.0,0.094544835,0.3805084,0.44999155,1.0576518,0.17484644,0.0,0.0,0.0,0.02409023,0.36802417,0.0,0.6454605,0.0,0.0,0.0,0.27752876,0.0,0.29231474,0.10418078,0.13269843,0.108464554,0.0,0.5649644,0.0,0.0,0.3832327,0.0,0.0,0.16444534,0.50479853,0.10353726,0.24251817,0.30096763,0.03768202,0.34364942,0.41239864,0.5556189,0.70295715,0.0,0.09943539,0.0,-0.15863533,-0.28832257,-0.1858928
-0.5862035,-0.28750822,-0.47686964,0.27493325,0.0,0.0,0.010657519,0.3611051,0.0,0.7099765,0.0,0.17634073,0.33273444,0.19738121,0.6532743,0.3213012,0.0,0.0,0.20861158,0.105601005,0.0,0.78958654,0.0,0.0,0.0,0.0,0.09857815,0.06232267,0.03722041,1.0130017,0.64549005,0.0,0.0054788142,0.0,0.26018518,0.6673221,0.0,0.18750797,0.0,0.0,0.0,0.28929883,0.0,0.04371772,0.09679398,0.056288004,0.34594506,0.0,0.43450865,0.0,0.0,0.120557874,0.0969563,0.0,0.5444758,0.7940463,0.0,0.093146905,0.49706513,0.0,0.47126883,0.5724794,0.55974424,0.15987587,0.0,0.0,0.0,-0.29826856,-0.15570293,0.41380376
-0.110841356,-1.1049914,-0.23073258,0.41608894,0.18215784,0.0,0.0,0.0,0.0,0.81759185,0.0,0.36391428,0.8644297,0.83032274,0.16780406,0.64011323,0.0,0.0,0.21504769,0.4445252,0.0,0.8524905,0.0,0.0,0.0,0.22998913,0.0,0.0,0.0,0.36161283,0.6714611,0.0,0.19906847,0.0,0.7271992,0.6844425,0.0,0.0,0.0,0.0,0.0,0.26580048,0.0,0.0,0.25460938,0.07015571,0.89723516,0.0,0.098924585,0.0,0.0,0.0,0.0,0.0,0.6977326,0.9667227,0.1665308,0.29589146,0.63246715,0.0,0.6142819,0.63296497,0.3795131,0.0,0.0,0.030274784,0.0,-0.11660829,0.12742132,0.65063214
-1.0434008,1.4093025,0.78531164,1.1774559,0.0,0.2029259,0.0,0.4291492,0.800146,0.0,0.3292588,0.0,0.0,0.0,1.8181446,0.26438993,0.74673426,0.0,0.76560867,0.0,0.7196614,0.0,0.0,0.108943075,0.0,0.0,0.0,0.0,0.6807893,1.3220959,0.0,0.0,0.0,0.0,0.40918282,0.2692938,0.0,1.1175681,0.0,0.0,0.0023455918,0.8162565,0.0,0.5202999,0.49624017,0.3244282,0.55784416,0.0,0.9201977,0.0,0.0,0.46507365,0.5621686,0.38706672,0.20285276,0.84185654,0.58970517,0.753694,0.20857799,0.0,0.19224967,0.2347634,0.48451045,0.84328,0.0,0.50967866,0.0,-0.017116435,0.1123711,-0.9023225
0.22966853,-0.27963138,-0.3956666,0.38287133,0.0,0.0,0.0,0.43287265,0.22910382,0.5101625,0.0,0.315049,0.61907643,0.25639373,0.2223033,0.22811422,0.0,0.0,0.115946695,0.16294785,0.0,0.37840927,0.0081124455,0.0,0.0,0.2833671,0.0,0.42578936,0.0,0.49107224,0.46072823,0.0,0.0,0.0,0.2606792,0.53902566,0.0,0.070286125,0.0,0.0,0.0,0.050594203,0.0,0.041377284,0.17561415,0.086441845,0.5242547,0.0,0.19531624,0.0,0.0,0.13126801,0.0,0.0,0.31325942,0.5031861,0.06605993,0.25168404,0.45989186,0.0,0.5394112,0.5710351,0.4994221,0.23420718,0.0,0.002950529,0.0,-0.021906335,-0.12961932,0.37771153
0.13076529,0.92250603,0.9847495,1.3554175,0.0,0.34548712,0.0,0.30153564,0.97589314,0.0,0.16676158,0.0,0.05466622,0.13870937,1.0462313,0.34174505,0.13032559,0.0,0.6549722,0.0,0.5517442,0.0,0.0,0.19892263,0.057780683,0.0,0.0,0.01757817,0.06804588,0.37599847,0.0,0.0,0.0,0.0,0.66811895,0.02863203,0.0,0.7968757,0.0,0.0,0.0,0.7096432,0.0,0.44034347,0.6165825,0.35487396,0.7160465,0.0,0.60043585,0.0,0.0,0.42991248,0.27549857,0.44517052,0.048509143,0.57822746,0.5826347,0.72021276,0.029542625,0.0,0.29999733,0.22993074,0.19957344,0.628466,0.0,0.53085333,0.0,0.30321845,0.22283089,-0.8101232
0.007857497,1.9287941,-0.08837832,0.70845866,0.0,0.4245975,0.0,1.140253,1.1816142,0.0,0.0,0.0,0.0,0.0,1.1899996,0.0,0.62268853,0.122265816,0.29533705,0.0,0.66274494,0.0,0.0,0.43368363,0.0,0.0,0.2089752,0.9117985,0.95836264,1.2139871,0.0,0.199267,0.0,0.0,0.0,0.49236125,0.0,1.086455,0.0,0.0,0.0,0.510649,0.0,0.3507965,0.40656838,0.43959218,0.17745972,0.0,0.82717,0.0,0.0,0.7412784,0.0,0.1805875,0.050687294,0.42690265,0.25132847,0.6217982,0.35072154,0.0,0.3167526,0.39460987,0.7499919,1.2440193,0.0,0.22128189,0.0,-0.0078209825,-0.35074347,-0.7518302
-0.84691906,0.68806505,0.42612815,0.91000766,0.0,0.0,0.0,0.32461867,0.47889134,0.0,0.19098657,0.0,0.0,0.0,1.3670266,0.35664088,0.27272037,0.0,0.5935224,0.0,0.24225761,0.2854148,0.0,0.0,0.0,0.0,0.0,0.0,0.35359654,1.117008,0.095498994,0.0,0.0,0.0,0.46073702,0.27918857,0.0,0.7343639,0.0,0.0,0.0,0.6070855,0.0,0.43420124,0.30166826,0.12082566,0.38121903,0.0,0.63481236,0.0,0.0,0.32883483,0.34062237,0.14549957,0.28305218,0.75865114,0.3929245,0.4316674,0.2289625,0.0,0.28456232,0.3273676,0.39204824,0.55433893,0.0,0.2636742,0.0,-0.09714638,0.02298082,-0.40123898
-0.36763713,0.988392,0.9982612,1.3352411,0.0,0.26027447,0.0,0.25843832,0.85788107,0.0,0.29647636,0.0,0.0,0.08770551,1.3501135,0.39751983,0.32457182,0.0,0.73578465,0.0,0.58921653,0.0,0.0,0.1163826,0.0,0.0,0.0,0.0,0.22344989,0.69194365,0.0,0.0,0.0,0.0,0.67971176,0.11384741,0.0,0.88809305,0.0,0.0,0.03202422,0.78269625,0.0,0.49577242,0.58391464,0.31636065,0.69985044,0.0,0.70983434,0.0,0.0,0.41918454,0.4301867,0.44160724,0.13460304,0.72189075,0.6242118,0.73363835,0.08555762,0.0,0.23906665,0.2261537,0.2772264,0.67679805,0.0,0.54265755,0.0,0.17229713,0.22643235,-0.8477868
-2.9252734,1.2911103,-0.6431277,0.11000115,0.0,0.0,0.6994439,0.75548434,0.0,0.6477949,0.17635486,0.0,0.0,0.0,2.4610572,0.036753833,1.1710315,0.0,0.52291685,0.0,0.1613413,1.2719245,0.0,0.0,0.0,0.0,0.7309868,0.0,1.5143694,3.0004578,0.73969615,0.0,0.0,0.0,0.0,1.1898142,0.0,1.1886536,0.0,0.0,0.0,0.7764857,0.0,0.2790659,0.0,0.0,0.0,0.0,1.4231724,0.0,0.0,0.3597609,0.6876908,0.0,0.8727765,1.6664188,0.0,0.23140278,1.1554766,0.0,0.09154974,0.6072884,1.1588887,0.92781514,0.0,0.0,0.0,-1.1473905,-0.41848013,-0.015371636
-0.54971373,-0.12036565,-0.68363816,0.15259647,0.0,0.0,0.0,0.5198349,0.0125736,0.73003554,0.0,0.22945131,0.27108276,0.001151979,0.6381873,0.17584963,0.0,0.0,0.1298746,0.0407786,0.0,0.7500537,0.0,0.0,0.0,0.0,0.1962294,0.255276,0.17946216,1.129571,0.675784,0.0,0.0,0.0,0.055202007,0.71842617,0.0,0.20166464,0.0,0.0,0.0,0.18562864,0.0,0.02423507,0.009249247,0.03509973,0.16972193,0.0,0.49196196,0.0,0.0,0.20351514,0.02655992,0.0,0.4796353,0.6965442,0.0,0.009547185,0.552522,0.0,0.44701236,0.63225234,0.6966737,0.29868954,0.0,0.0,0.0,-0.3405825,-0.34335452,0.38312453
0.9558719,1.3018531,1.0079737,1.4494554,0.0,0.64594746,0.0,0.5451204,1.3925191,0.0,0.0,0.0,0.17949787,0.0,0.72414577,0.09087354,0.072345614,0.35340774,0.5452944,0.0,0.743159,0.0,0.0,0.54633206,0.3327582,0.0,0.0,0.5477843,0.058384843,0.0,0.0,0.2861766,0.0,0.08747266,0.47782817,0.037709102,0.0,0.7459525,0.0,0.0,0.0,0.62170625,0.0,0.40523413,0.87405396,0.5975625,0.75322646,0.0,0.526983,0.0,0.0,0.65331256,0.0,0.54006803,0.0,0.20212406,0.55976766,0.99722433,0.0,0.0,0.5717108,0.28127593,0.32355875,0.8074429,0.0,0.55079955,0.0,0.62055904,0.14987954,-0.94446254
0.31892756,0.16170725,0.5192501,1.0153495,0.0,0.06278004,0.0,0.22591667,0.6154672,0.0,0.0,0.0,0.45747775,0.4031464,0.5589196,0.40850112,0.0,0.0,0.44456843,0.037689313,0.017651722,0.0,0.0,0.0,0.10423805,0.0,0.0,0.10849199,0.0,0.20653331,0.0,0.0,0.0,0.0,0.6674638,0.07674657,0.0,0.43233317,0.0,0.0,0.0,0.35338086,0.0,0.31969216,0.42180958,0.1812814,0.64396363,0.0,0.22024019,0.0,0.0,0.24384476,0.037992895,0.13672954,0.13220854,0.4969812,0.49857807,0.44545925,0.10767478,0.04646557,0.45098805,0.35678676,0.10079914,0.3418352,0.0,0.24246326,0.0,0.25395486,0.1736895,-0.22745909
-0.60956573,1.5410928,1.2105229,1.4928932,0.0,0.41880804,0.0,0.35391682,1.0652015,0.0,0.39732048,0.0,0.0,0.0,1.7306383,0.3161577,0.71196246,0.0,0.85829365,0.0,0.93298674,0.0,0.0,0.32414937,0.0,0.0,0.0,0.0,0.5158184,0.9298482,0.0,0.0,0.0,0.0,0.6048269,0.15366535,0.0,1.1954765,0.0,0.0,0.12630741,0.9838177,0.0,0.5742027,0.7397314,0.45967287,0.7764448,0.0,0.9649224,0.0,0.0,0.52121687,0.6023131,0.5689903,0.105160624,0.8089306,0.743582,0.9665867,0.13549611,0.0,0.17215687,0.20132218,0.38836876,0.87936246,0.0,0.6939715,0.0,0.15171716,0.28053486,-1.192318
-0.67387426,0.5982492,-0.04170855,0.60971713,0.0,0.0,0.0,0.5115035,0.40602085,0.20162292,0.0,0.0,0.0,0.0,1.1202116,0.18280122,0.1340296,0.0,0.39469343,0.0,0.033470348,0.3518355,0.0,0.0,0.0,0.0,0.08387924,0.08212298,0.40254584,1.174788,0.2670283,0.0,0.0,0.0,0.18379234,0.4187109,0.0,0.61694247,0.0,0.0,0.0,0.38026088,0.0,0.27346158,0.1099391,0.07330501,0.17125845,0.0,0.59792423,0.0,0.0,0.3304415,0.14891252,0.0,0.304043,0.67670935,0.12938742,0.2116958,0.33039337,0.0,0.34909463,0.4263283,0.53122926,0.552619,0.0,0.10763038,0.0,-0.23495947,-0.21195558,-0.10503997
2.4772608,-0.42041278,-1.0586531,0.089743614,0.42637035,0.05039689,0.0,0.9462471,0.71938956,0.40937132,0.0,1.0916142,1.4776638,0.11567508,0.0,0.0,0.0,0.8419999,0.0,0.35189843,0.0,0.0,0.7703081,0.0,0.6417611,1.6051128,0.0,1.8701279,0.0,0.0,0.33571243,0.94223607,0.0,0.6248189,0.0,1.1838485,0.0,0.0,0.0,0.0,0.0,0.0,0.0,0.0,0.37357047,0.22077973,1.1260241,0.0,0.0,0.037625372,0.0,0.5161012,0.0,0.0,0.0,0.0,0.0,0.97246647,0.5702889,0.0,1.5127296,0.91957176,1.5132738,0.41223186,0.0,0.0,0.0,0.5886457,-0.37749785,0.4972509
-0.7588247,-1.0028783,-0.5605159,0.16359484,0.034791768,0.0,0.23788458,0.094172716,0.0,1.0514212,0.0,0.33607057,0.5883061,0.5956983,0.48002428,0.5727383,0.0,0.0,0.19304812,0.35111082,0.0,1.1957347,0.0,0.0,0.0,0.0,0.0446643,0.0,0.0,0.9195595,0.8929076,0.0,0.28667688,0.0,0.5101999,0.8768678,0.0,0.0,0.0,0.0,0.0,0.3626219,0.0,0.0,0.111609265,0.041135162,0.6001386,0.0,0.32903758,0.0,0.0,0.0,0.051186442,0.0,0.81048197,1.18341,0.0,0.14674841,0.76031363,0.0,0.576739,0.6520544,0.5306485,0.0,0.0,0.0,0.0,-0.40610677,-0.0222109,0.7443975
0.46923527,-0.18054871,0.20796666,0.80007213,0.0,0.0,0.0,0.24381778,0.45435897,0.16104838,0.0,0.10001047,0.6617383,0.47789133,0.27714974,0.38945392,0.0,0.0,0.30271357,0.1629843,0.0,0.07939026,0.0,0.0,0.12918735,0.1987805,0.0,0.23951206,0.0,0.13235995,0.1578278,0.0,0.0,0.03587228,0.59715015,0.20703498,0.0,0.21023549,0.0,0.0,0.0,0.21134923,0.0,0.19023758,0.39595014,0.16165195,0.7050808,0.0,0.132839,0.0,0.0,0.1611486,0.0,0.0,0.20693354,0.47475487,0.3821917,0.43238786,0.23038942,0.0,0.51385224,0.4264299,0.20078486,0.23075482,0.0,0.13894649,0.0,0.2391329,0.14957075,0.05920496
-0.6265514,-0.68889296,0.6588222,0.990113,0.0,0.0,0.20223841,0.0,0.0,0.37264934,0.39152202,0.0,0.4991951,0.9611733,0.8261445,0.91003346,0.0,0.0,0.6248603,0.28491148,0.0,0.710819,0.0,0.0,0.0,0.0,0.0,0.0,0.0,0.4435728,0.3171652,0.0,0.0,0.0,1.1641937,0.46348453,0.0,0.389984,0.0,0.0,0.0,0.7643798,0.0,0.23393467,0.5016469,0.11450523,0.91070545,0.0,0.3204668,0.0,0.0,0.034666218,0.24451917,0.010780346,0.7333402,1.1204996,0.6221523,0.56031257,0.41080233,0.0,0.4039008,0.37401187,0.12238214,0.043820173,0.0,0.24207094,0.0,-0.038399596,0.47794276,0.106974736
-0.41891664,-0.26911753,0.68004906,1.0442951,0.0,0.0,0.019228548,0.0,0.23616242,0.16346462,0.30086342,0.0,0.38690645,0.71826756,0.8614758,0.7358911,0.0,0.0,0.60780966,0.14747484,0.0,0.42842928,0.0,0.0,0.0,0.0,0.0,0.0,0.0,0.44574165,0.16300607,0.0,0.0,0.0,0.99303806,0.30512944,0.0,0.45617002,0.0,0.0,0.0,0.6516232,0.0,0.32666028,0.47157827,0.12329623,0.7953699,0.0,0.33323708,0.0,0.0,0.12293752,0.23536637,0.09579171,0.49813908,0.89743274,0.6302328,0.5242859,0.27674374,0.0,0.3846323,0.3393968,0.13252033,0.16909759,0.0,0.27437115,0.0,0.0645051,0.36821568,-0.104664296
-0.6656902,0.91573244,-0.4874865,0.3385734,0.0,0.0,0.0,0.82795024,0.4653871,0.2750225,0.0,0.0,0.0,0.0,1.1120787,0.0,0.26622984,0.0,0.23488031,0.0,0.030639425,0.3184031,0.0,0.0,0.0,0.0,0.29776177,0.4480603,0.7038455,1.454675,0.3563891,0.0,0.0,0.0,0.0,0.59782934,0.0,0.6983846,0.0,0.0,0.0,0.27274746,0.0,0.22956216,0.018529318,0.09233484,0.0,0.0,0.7180048,0.0,0.0,0.43580604,0.0,0.0,0.32858214,0.6609292,0.0,0.13982673,0.49777383,0.012367889,0.3087315,0.52224135,0.7542779,0.78583527,0.0,0.0,0.0,-0.3834793,-0.4507403,-0.06697483
0.5510617,3.3980668,1.4952475,1.8735657,0.0,1.2978292,0.0,1.1082252,2.2742295,0.0,0.020863682,0.0,0.0,0.0,1.8007476,0.0,1.354492,0.76852226,0.8164432,0.0,1.934258,0.0,0.0,1.4028151,0.088929385,0.0,0.0,0.8020841,1.1346332,0.71571654,0.0,0.5723947,0.0,0.0,0.0,0.41186213,0.0,1.7638025,0.0,0.0,0.23980872,1.2175744,0.0,0.44710222,1.29367,1.1234025,0.9529073,0.0,1.4121853,0.0,0.0,1.1012762,0.36398238,0.9017718,0.0,0.38374388,0.8409717,1.7282134,0.100083336,0.0,0.39889497,0.20237722,0.873816,1.6278422,0.0,1.0553483,0.0,0.55850583,0.16274226,-2.0084486
-0.2761333,-0.364874,2.0879948,1.9690955,0.0,0.07046546,0.08267385,0.0,0.49453273,0.0,0.9238082,0.0,0.48360917,1.4231782,1.1077508,1.292104,0.0,0.0,1.1009691,0.23713586,0.3154754,0.06809564,0.0,0.0,0.24358885,0.0,0.0,0.0,0.0,0.0,0.0,0.0,0.0,0.018278614,1.9370899,0.082368225,0.0,0.82251555,0.0,0.0,0.43576092,1.2123239,0.0,0.5105301,1.0381856,0.39378303,1.5151782,0.0,0.47398627,0.0,0.0,0.2684735,0.459979,0.5849351,0.7074898,1.1529177,1.2976217,1.1340677,0.10914749,0.0,0.36241245,0.14268298,0.0,0.23970161,0.0,0.72271216,0.0,0.32531065,0.95356977,-0.85003567
-1.0211593,1.107431,0.36626503,0.8856829,0.0,0.034680426,0.0,0.49278706,0.59860545,0.0,0.16308391,0.0,0.0,0.0,1.5942283,0.20831877,0.5467155,0.0,0.6041029,0.0,0.42521697,0.20427689,0.0,0.0,0.0,0.0,0.058234043,0.0,0.6392751,1.3821249,0.04361616,0.0,0.0,0.0,0.26005787,0.31753254,0.0,0.9114805,0.0,0.0,0.0,0.61855346,0.0,0.42472148,0.277192,0.17542101,0.3182254,0.0,0.7930573,0.0,0.0,0.3860486,0.37979782,0.1686172,0.25870195,0.78376687,0.381891,0.48159266,0.27714956,0.0,0.23216039,0.30470684,0.50107074,0.722799,0.0,0.28846383,0.0,-0.16601698,-0.04494365,-0.52994096
-1.1080955,-1.8863707,0.4226271,0.72798526,0.28535566,0.0,0.6614823,0.0,0.0,1.0243795,0.5400187,0.066400744,0.85839224,1.5777864,0.61887693,1.322549,0.0,0.0,0.5924839,0.67921734,0.0,1.5051663,0.0,0.0,0.0,0.0,0.0,0.0,0.0,0.44241178,0.8041985,0.0,0.4076376,0.0,1.5318671,0.9339612,0.0,0.15219282,0.0,0.0,0.0,1.0006642,0.0,0.076108366,0.48463222,0.13709241,1.2476544,0.0,0.24380781,0.0,0.0,0.0,0.067904904,0.0,1.28083,1.8235146,0.40159023,0.61245877,0.87211597,0.0,0.57982576,0.5999459,0.15082997,0.0,0.0,0.18023406,0.0,-0.33322653,0.54927135,0.6596377
-1.12686,1.3180007,1.3066765,1.5073154,0.0,0.25610214,0.03642708,0.15960903,0.8306637,0.0,0.60180795,0.0,0.0,0.0,1.9659078,0.5108228,0.7646706,0.0,0.96785855,0.0,0.8591658,0.0,0.0,0.12880206,0.0,0.0,0.0,0.0,0.4965993,1.1298822,0.0,0.0,0.0,0.0,0.789889,0.20719275,0.0,1.1682906,0.0,0.011579178,0.20442002,1.0627055,0.0,0.6578351,0.73296547,0.38443744,0.84160024,0.0,0.9743936,0.0,0.0,0.4574253,0.77371633,0.5667903,0.23589888,0.9874199,0.8267558,0.9777934,0.1530268,0.0,0.14594445,0.1979453,0.38374192,0.8108371,0.0,0.6893912,0.0,0.048892975,0.37226802,-1.1576301
-0.27680004,1.8939024,-0.31234884,0.5407494,0.0,0.30935937,0.0,1.1863171,1.0402455,0.0,0.0,0.0,0.0,0.0,1.2793341,0.0,0.6772016,0.0,0.25547332,0.0,0.5672383,0.0,0.0,0.32212967,0.0,0.0,0.3272996,0.88403094,1.0777178,1.4655806,0.0,0.09237912,0.0,0.0,0.0,0.52620023,0.0,1.1005863,0.0,0.0,0.0,0.48185533,0.0,0.34169674,0.30127674,0.36207855,0.059130732,0.0,0.8600391,0.0,0.0,0.7296208,0.0,0.09865841,0.115681216,0.50920945,0.1838951,0.49136445,0.43679953,0.0,0.25132927,0.42922923,0.7940955,1.2567149,0.0,0.12099206,0.0,-0.1624751,-0.43014824,-0.64789975
-1.2286776,-0.085893035,1.911604,1.8078611,0.0,0.0,0.4344765,0.0,0.29874927,0.0,1.0616032,0.0,0.021368265,1.1390437,1.6900434,1.2655246,0.09588313,0.0,1.1836174,0.06270789,0.3902083,0.44493175,0.0,0.0,0.0,0.0,0.0,0.0,0.0,0.48973158,0.0,0.0,0.0,0.0,1.7651919,0.29526025,0.0,0.96903056,0.0,0.0,0.4010256,1.4261981,0.0,0.61269206,0.84170395,0.18745546,1.2227714,0.0,0.7097267,0.0,0.0,0.2883029,0.65695506,0.56552327,0.79342365,1.3989724,1.1496627,1.06521,0.27217388,0.0,0.17056623,0.11715325,0.0,0.4230172,0.0,0.7106112,0.0,-0.03582992,0.8230404,-0.8795886
-0.6395927,0.31015792,0.0080411285,0.6263867,0.0,0.0,0.0,0.38145787,0.29978716,0.28208217,0.0,0.0,0.050118268,0.047041982,1.0139039,0.30075756,0.0,0.0,0.4034164,0.0,0.0,0.44622022,0.0,0.0,0.0,0.0,0.01641541,0.0,0.22499683,1.0405757,0.3151889,0.0,0.0,0.0,0.33237162,0.41599178,0.0,0.50593203,0.0,0.0,0.0,0.40448815,0.0,0.259103,0.1405901,0.057754472,0.26335514,0.0,0.5132979,0.0,0.0,0.28096664,0.17089662,0.0,0.353641,0.7098793,0.15427306,0.20820265,0.29133144,0.0,0.38890076,0.43197173,0.45936668,0.41370493,0.0,0.11141001,0.0,-0.1922832,-0.12804395,-0.021268927
0.53937095,-1.0571537,-1.9826734,0.0,0.3721116,0.0,0.0,0.8460407,0.0,1.4379294,0.0,1.1974641,1.0695978,0.024562702,0.0,0.0,0.0,0.0,0.0,0.41739547,0.0,0.9368405,0.48299044,0.0,0.0,1.0647969,0.38493583,1.2034327,0.0,0.70101404,1.2150669,0.0,0.5132958,0.0,0.0,1.454208,0.0,0.0,0.0,0.0,0.0,0.0,0.0,0.0,0.0,0.0,0.66165733,0.0,0.084743686,0.0,0.0,0.18206081,0.0,0.0,0.44093737,0.6711818,0.0,0.19295762,1.2646044,0.0,0.9244528,1.3987868,1.5185544,0.22220537,0.0,0.0,0.0,-0.24125873,-0.6741366,0.98654145
-1.0184752,0.20542136,-0.11434827,0.5144744,0.0,0.0,0.12369731,0.34468582,0.11833155,0.45019415,0.039394304,0.0,0.0,0.043549284,1.1573999,0.34782362,0.02858764,0.0,0.41388065,0.0,0.0,0.7001701,0.0,0.0,0.0,0.0,0.099369474,0.0,0.30004862,1.2848189,0.45955825,0.0,0.0,0.0,0.3187434,0.5796805,0.0,0.50702435,0.0,0.0,0.0,0.48080862,0.0,0.23026711,0.10378666,0.010779493,0.20083661,0.0,0.6174092,0.0,0.0,0.26110542,0.24936369,0.0,0.49520653,0.8873157,0.06950863,0.17998217,0.4212885,0.0,0.36262542,0.46836153,0.56706846,0.40130234,0.0,0.055636633,0.0,-0.3689267,-0.1670008,0.08449465
-0.7340045,-0.11759347,0.12223182,0.6678526,0.0,0.0,0.08491176,0.15269195,0.10592349,0.41261888,0.109401196,0.0,0.20647894,0.36026546,0.94727546,0.5131162,0.0,0.0,0.4529744,0.052349802,0.0,0.64603853,0.0,0.0,0.0,0.0,0.0,0.0,0.0,0.91233945,0.39808965,0.0,0.0,0.0,0.587852,0.50879437,0.0,0.40192735,0.0,0.0,0.0,0.5285053,0.0,0.25464743,0.262036,0.06923361,0.48459226,0.0,0.44376707,0.0,0.0,0.14973883,0.23658916,0.0,0.51735747,0.89073455,0.2641254,0.31461284,0.35016125,0.0,0.41850686,0.42906874,0.37549978,0.21893895,0.0,0.1296515,0.0,-0.17475693,0.08481875,0.10532682
0.76897424,1.9956782,-0.73333025,0.34129006,0.0,0.4873169,0.0,1.5390004,1.3207273,0.0,0.0,0.048353463,0.0,0.0,0.6248283,0.0,0.3672566,0.6364957,0.0,0.0,0.46687716,0.0,0.32895267,0.537783,0.0,0.20079648,0.35304844,1.6777616,0.99762636,1.0406848,0.0,0.7095914,0.0,0.0,0.0,0.8517701,0.0,0.8245401,0.0,0.0,0.0,0.2933822,0.0,0.2048787,0.3409398,0.44134396,0.011857308,0.0,0.62843406,0.0,0.0,0.9924395,0.0,0.037602894,0.0,0.10107258,0.081572756,0.57561886,0.4333204,0.15718693,0.498102,0.5439239,1.0562203,1.4390975,0.0,0.026125686,0.0,0.022414695,-0.6675422,-0.5454222
-0.17717595,-0.15787803,-0.26316187,0.450179,0.0,0.0,0.0,0.37239212,0.18460758,0.48650748,0.0,0.14755276,0.42102396,0.22806045,0.5249057,0.29598057,0.0,0.0,0.22746742,0.09410442,0.0,0.48909402,0.0,0.0,0.0,0.021443222,0.0,0.19085544,0.0,0.72136945,0.45389408,0.0,0.0,0.0,0.3210116,0.5036985,0.0,0.2203222,0.0,0.0,0.0,0.23202713,0.0,0.12173856,0.17231199,0.09687191,0.42916703,0.0,0.30768856,0.0,0.0,0.14514823,0.016160771,0.0,0.3822145,0.6352954,0.10299967,0.19117616,0.37755054,0.0,0.49368614,0.53014797,0.43266052,0.22105238,0.0,0.046694145,0.0,-0.10339479,-0.09019084,0.2738575
0.0035752605,-1.0792347,1.1986296,1.3606787,0.12145731,0.0,0.046458304,0.0,0.10427487,0.15947215,0.51823103,0.0,0.8972604,1.4689541,0.47747535,1.1649992,0.0,0.0,0.7221578,0.48863757,0.0,0.4489417,0.0,0.0,0.23553742,0.0,0.0,0.0,0.0,0.0,0.09170015,0.0,0.0,0.11486213,1.6369197,0.24151662,0.0,0.34357315,0.0,0.0,0.14683397,0.8425068,0.0,0.24396625,0.83558226,0.273584,1.3321553,0.0,0.08615247,0.0,0.0,0.0,0.11433996,0.19411187,0.7590884,1.0596786,0.9512698,0.79218805,0.25954548,0.0,0.5729445,0.31683686,0.0,0.0,0.0,0.3366814,0.0,0.29376397,0.7806271,-0.05963318
-0.39048412,-0.7544586,0.87055933,1.1402478,0.0,0.0,0.12696734,0.0,0.06791949,0.25809786,0.43453833,0.0,0.6125941,1.1058804,0.7259184,0.9801301,0.0,0.0,0.6660174,0.33217627,0.0,0.5761653,0.0,0.0,0.0,0.0,0.0,0.0,0.0,0.1937198,0.20838115,0.0,0.0,0.0,1.3143158,0.35535723,0.0,0.40225112,0.0,0.0,0.056355134,0.7745574,0.0,0.23733106,0.5795756,0.15035316,1.0369445,0.0,0.24634027,0.0,0.0,0.03426811,0.20468551,0.06945532,0.70191413,1.0668279,0.76815945,0.6262083,0.36015218,0.0,0.4007879,0.356392,0.012772702,0.021933839,0.0,0.3003807,0.0,0.07270588,0.5771003,0.014502525
-0.9429343,0.80909896,0.74785054,1.1217792,0.0,0.032392263,0.023135543,0.22228363,0.56172156,0.0,0.35140356,0.0,0.0,0.06552316,1.5445077,0.45138788,0.39236495,0.0,0.72769845,0.0,0.41461062,0.20359227,0.0,0.0,0.0,0.0,0.0,0.0,0.34591132,1.082617,0.0,0.0,0.0,0.0,0.62545645,0.23910016,0.0,0.8348401,0.0,0.0,0.0,0.76377493,0.0,0.5161265,0.43863052,0.18187286,0.55370975,0.0,0.7113298,0.0,0.0,0.34794867,0.47330898,0.2818662,0.29140273,0.8516297,0.5651601,0.60915947,0.18430342,0.0,0.24430214,0.26393,0.3509515,0.6109944,0.0,0.39114448,0.0,-0.019200038,0.16597414,-0.62021077
0.33902922,0.8907291,0.67200464,1.1626205,0.0,0.32120526,0.0,0.44929945,0.96721804,0.0,0.0,0.0,0.14188781,0.022826478,0.8394724,0.20153672,0.02328965,0.0,0.50857806,0.0,0.4257807,0.0,0.0,0.18642151,0.07557939,0.0,0.0,0.28650552,0.092813976,0.3680182,0.0,0.0,0.0,0.0,0.46581712,0.06524634,0.0,0.7006672,0.0,0.0,0.0,0.5084936,0.0,0.39206952,0.50317895,0.33223575,0.54601324,0.0,0.46871004,0.0,0.0,0.44604805,0.062124252,0.2988683,0.0,0.4243362,0.43006396,0.6034013,0.045931518,0.031835675,0.3864414,0.3209653,0.2697324,0.662291,0.0,0.37610522,0.0,0.28711218,0.058676954,-0.61447537
-0.26235557,-0.9681199,0.40297675,0.8293241,0.065404385,0.0,0.08101115,0.0,0.0,0.5183212,0.2085245,0.045116328,0.75158924,1.0292617,0.46123958,0.8577436,0.0,0.0,0.47215277,0.4041372,0.0,0.7165734,0.0,0.0,0.0,0.0,0.0,0.0,0.0,0.23835766,0.41984302,0.0,0.025062814,0.0,1.0911136,0.4796691,0.0,0.18838583,0.0,0.0,0.0,0.5810889,0.0,0.09673607,0.46124503,0.14958927,0.97143555,0.0,0.17451215,0.0,0.0,0.0,0.08961621,0.0,0.723875,1.037511,0.5259916,0.46667987,0.43624568,0.0,0.48991114,0.47238448,0.12506807,0.0,0.0,0.1700214,0.0,0.010670137,0.41362092,0.3105175
-1.126101,1.8975713,1.4557617,1.6414733,0.0,0.463521,0.0,0.32343733,1.1108015,0.0,0.60690415,0.0,0.0,0.0,2.2044737,0.35921797,1.0845186,0.0,1.0311655,0.0,1.1933925,0.0,0.0,0.39305532,0.0,0.0,0.0,0.0,0.76178217,1.2561386,0.0,0.0,0.0,0.0,0.64842606,0.230881,0.0,1.4587095,0.0,0.0,0.2550761,1.2122794,0.0,0.68632764,0.87551343,0.5505525,0.89479077,0.0,1.1983575,0.0,0.0,0.5679275,0.84452426,0.68481886,0.17208871,0.9961838,0.912729,1.1892444,0.19570892,0.0,0.0974562,0.16594076,0.48409867,1.0113697,0.0,0.8294898,0.0,0.07418287,0.3943171,-1.4768662
0.12738292,-1.3180023,-1.4430797,0.0,0.37563005,0.0,0.0,0.46049088,0.0,1.3818526,0.0,0.95173657,1.0403283,0.417849,0.0,0.21385539,0.0,0.0,0.0,0.5003691,0.0,1.1163459,0.2204095,0.0,0.0,0.75291765,0.20145395,0.6031834,0.0,0.6443155,1.1499133,0.0,0.5190213,0.0,0.014028132,1.2555724,0.0,0.0,0.0,0.0,0.0,0.0,0.0,0.0,0.0,0.020241402,0.7528304,0.0,0.10428447,0.0,0.0,0.0,0.0,0.0,0.6284113,0.87446874,0.0,0.17336327,1.1400694,0.0,0.8529347,1.1133778,1.1201787,0.0,0.0,0.0,0.0,-0.3083287,-0.3755638,1.0227975
0.6364067,-1.2155831,-0.5462669,0.2523706,0.38395807,0.0,0.0,0.18143903,0.0,0.849859,0.0,0.67494833,1.1779106,0.7796539,0.0,0.44687563,0.0,0.0,0.0,0.52753884,0.0,0.61821085,0.11863594,0.0,0.13556956,0.7105953,0.0,0.38710135,0.0,0.0046853423,0.6829504,0.0,0.24738635,0.15422358,0.5231371,0.8152943,0.0,0.0,0.0,0.0,0.0,0.01980274,0.0,0.0,0.217752,0.06550051,1.0769471,0.0,0.0,0.0,0.0,0.0,0.0,0.0,0.5010291,0.7110922,0.04004462,0.42708474,0.74010503,0.0,0.81716454,0.81799024,0.6558861,0.0,0.0,0.034795657,0.0,0.024426635,-0.01350661,0.7687689
0.3363599,-1.779228,-1.162616,0.0,0.5915462,0.0,0.0,0.18588713,0.0,1.3922895,0.0,0.98790216,1.3196477,0.8374684,0.0,0.45716655,0.0,0.0,0.0,0.6919049,0.0,1.146554,0.18238501,0.0,0.0,0.8608,0.0,0.38850185,0.0,0.25463992,1.1208805,0.0,0.60202914,0.058546305,0.3729162,1.251363,0.0,0.0,0.0,0.0,0.0,0.0,0.0,0.0,0.0,0.015747562,1.1567942,0.0,0.0,0.0,0.0,0.0,0.0,0.0,0.74276245,1.0447559,0.0,0.33909842,1.1438818,0.0,0.9511172,1.1019263,0.9696152,0.0,0.0,0.0032490096,0.0,-0.24502747,-0.20421505,1.1080711
0.7318806,-0.17092635,-2.173565,0.0,0.05134183,0.0,0.0,1.3000582,0.101840734,1.1480882,0.0,1.113799,0.74466264,0.0,0.0,0.0,0.0,0.035057306,0.0,0.10238582,0.0,0.5135178,0.6192038,0.0,0.0,1.0419705,0.5647111,1.7157879,0.27926564,0.9499014,1.0262415,0.3657762,0.23089255,0.0,0.0,1.4872664,0.0,0.0,0.0,0.0,0.0,0.0,0.0,0.0,0.0,0.008443274,0.33021772,0.0,0.24164344,0.0,0.0,0.5495924,0.0,0.0,0.3543508,0.352741,0.0,0.14573774,1.179573,0.0,0.80684656,1.266551,1.6261929,0.71324533,0.0,0.0,0.0,-0.2176,-0.9440374,0.6363369
-1.5678098,-0.65284,0.86975294,1.0677669,0.0,0.0,0.63134724,0.0,0.0,0.4527346,0.73176587,0.0,0.14961356,1.0038826,1.4166735,1.1187392,0.0,0.0,0.84410024,0.2119985,0.0,1.0939436,0.0,0.0,0.0,0.0,0.0,0.0,0.0,0.93592477,0.40114468,0.0,0.0,0.0,1.3426673,0.6698825,0.0,0.62323195,0.0,0.0,0.038877115,1.1602327,0.0,0.39334482,0.53510076,0.04778081,0.90826017,0.0,0.6033596,0.0,0.0,0.07826296,0.47629654,0.1383827,0.9818271,1.5538571,0.6237529,0.7088523,0.5715045,0.0,0.33090216,0.2639485,0.19711396,0.18300964,0.0,0.31359795,0.0,-0.31267828,0.5594444,-0.04357457
0.4906818,0.9100674,0.7759978,1.2419853,0.0,0.3799063,0.0,0.4316125,1.0400577,0.0,0.0,0.0,0.18741612,0.063224584,0.7882305,0.21205424,0.0,0.0,0.5242088,0.0,0.47162396,0.0,0.0,0.24390858,0.15049763,0.0,0.0,0.3101979,0.03421875,0.24048313,0.0,0.0,0.0,0.0,0.5162304,0.022609398,0.0,0.7049697,0.0,0.0,0.0,0.5443567,0.0,0.40352634,0.5905537,0.39200604,0.622742,0.0,0.4553618,0.0,0.0,0.46490884,0.046974614,0.34912878,0.0,0.39355868,0.47528425,0.6817267,0.013251945,0.016112983,0.41440427,0.31078777,0.23263572,0.65195024,0.0,0.41298252,0.0,0.37340206,0.11671634,-0.6801774
1.6190387,-1.3615175,-1.1096869,0.0,0.656966,0.0,0.0,0.4898259,0.04287362,0.9574898,0.0,1.1439438,1.5899854,0.6457301,0.0,0.13568431,0.0,0.04901302,0.0,0.6321693,0.0,0.34547222,0.5216333,0.0,0.40019208,1.3874099,0.0,1.1433094,0.0,0.0,0.7555274,0.27446005,0.3435043,0.4529674,0.15868285,1.238733,0.0,0.0,0.0,0.0,0.0,0.0,0.0,0.0,0.16903056,0.096822724,1.2601681,0.0,0.0,0.0,0.0,0.054419093,0.0,0.0,0.23651804,0.40154755,0.0,0.6741216,0.946156,0.0,1.2958287,1.1049765,1.2986088,0.0,0.0,0.0,0.0,0.2192324,-0.251499,0.9254236
2.0036774,-0.4651784,0.17045258,0.85970503,0.29446855,0.16830362,0.0,0.34264636,0.78277844,0.0,0.0,0.505672,1.332508,0.6873203,0.0,0.24880493,0.0,0.44452435,0.054173246,0.3737794,0.0,0.0,0.3158201,0.0,0.7147237,1.0131584,0.0,0.92593884,0.0,0.0,0.0,0.4695858,0.0,0.60735935,0.59771097,0.47181714,0.0,0.0,0.0,0.0,0.0,0.0,0.0,0.12465596,0.8018883,0.31205845,1.1895331,0.0,0.0,0.0,0.0,0.2517342,0.0,0.15154363,0.0,0.1642856,0.39528778,1.0186208,0.2167863,0.0,1.228719,0.48819923,0.6115099,0.16692263,0.0,0.05401334,0.0,0.77023524,0.2325258,0.15330705
-0.8673433,0.30434477,0.1369553,0.69522053,0.0,0.0,0.053463995,0.29513603,0.2526377,0.2728674,0.104919165,0.0,0.0,0.10181612,1.171607,0.38653177,0.05263549,0.0,0.4847886,0.0,0.0,0.526682,0.0,0.0,0.0,0.0,0.0,0.0,0.24003503,1.123198,0.30915788,0.0,0.0,0.0,0.43204352,0.4542784,0.0,0.5610483,0.0,0.0,0.0,0.51323533,0.0,0.3138686,0.18731621,0.048147067,0.31408602,0.0,0.5592439,0.0,0.0,0.26990932,0.25601456,0.0,0.42306057,0.82271975,0.2299766,0.28199655,0.32345614,0.0,0.36766046,0.4004543,0.45321324,0.41623586,0.0,0.14139141,0.0,-0.22220324,-0.051611025,-0.06407975
1.0208923,-0.85270536,1.6933328,1.7664006,0.19400847,0.12603445,0.0,0.0,0.59800816,0.0,0.45497605,0.0,1.1592532,1.5877477,0.115564585,1.1223961,0.0,0.0,0.75410676,0.49377048,0.0,0.0,0.0,0.0,0.6890239,0.15210268,0.0,0.0,0.0,0.0,0.0,0.0,0.0,0.49464422,1.8037137,0.017677374,0.0,0.3219614,0.0,0.0,0.13486545,0.75647324,0.0,0.37155548,1.2648859,0.47921318,1.598447,0.0,0.016224282,0.0,0.0,0.062932275,0.067214474,0.5096459,0.5213224,0.90992105,1.0485038,1.0643907,0.018408075,0.0,0.9147842,0.17590034,0.0,0.0,0.0,0.37184283,0.0,0.7284166,0.9587278,-0.32910132
-0.008533807,-0.440931,-0.49100837,0.29445505,0.0,0.0,0.0,0.3801533,0.07004908,0.6600272,0.0,0.33958644,0.6057652,0.30481112,0.27472886,0.285029,0.0,0.0,0.114337415,0.20179786,0.0,0.58299947,0.0,0.0,0.0,0.22776762,0.0,0.30462426,0.0,0.62124354,0.58302563,0.0,0.01635985,0.0,0.27939597,0.6323307,0.0,0.024373308,0.0,0.0,0.0,0.097362235,0.0,0.0,0.14570883,0.068644285,0.52499694,0.0,0.22735907,0.0,0.0,0.08274107,0.0,0.0,0.4456349,0.6231178,0.020070236,0.20107563,0.52039295,0.0,0.5477084,0.592711,0.5279065,0.13362661,0.0,0.0,0.0,-0.11571011,-0.11905739,0.500106
-0.7258357,-1.9077057,-1.2916744,0.0,0.45172706,0.0,0.36561036,0.056026876,0.0,1.7073841,0.0,0.84360695,0.99919367,0.82307386,0.0,0.61211705,0.0,0.0,0.0,0.6595303,0.0,1.7376544,0.0,0.0,0.0,0.4076733,0.17467207,0.0,0.0,0.9054117,1.400694,0.0,0.75894135,0.0,0.40570712,1.328264,0.0,0.0,0.0,0.0,0.0,0.16269574,0.0,0.0,0.0,0.0,0.8809652,0.0,0.23467192,0.0,0.0,0.0,0.0,0.0,1.0750313,1.5266206,0.0,0.10133475,1.2717829,0.0,0.8682491,1.0257164,0.831822,0.0,0.0,0.0,0.0,-0.592202,-0.18901742,1.1733661
-0.8034554,1.583431,1.2626965,1.5167996,0.0,0.39976257,0.0,0.32363197,1.035152,0.0,0.46760783,0.0,0.0,0.0,1.8666117,0.34992465,0.8000319,0.0,0.90718114,0.0,0.972221,0.0,0.0,0.30592752,0.0,0.0,0.0,0.0,0.57115924,1.0390053,0.0,0.0,0.0,0.0,0.6329057,0.18081836,0.0,1.2457922,0.0,0.0,0.16015582,1.0377059,0.0,0.60771966,0.7604086,0.46565348,0.80399853,0.0,1.0148625,0.0,0.0,0.52124786,0.6757054,0.5874373,0.14017375,0.87284803,0.78712505,1.0089718,0.15226808,0.0,0.15330416,0.19468032,0.41177708,0.8969221,0.0,0.7168982,0.0,0.117018506,0.31190395,-1.2400949
-0.4412041,0.50838125,1.6366858,1.7178485,0.0,0.2179967,0.0,0.0,0.7433047,0.0,0.6630676,0.0,0.036824375,0.6725912,1.3874253,0.82778573,0.14137575,0.0,0.97356844,0.0,0.58104813,0.0,0.0,0.0,0.013494447,0.0,0.0,0.0,0.0,0.32014775,0.0,0.0,0.0,0.0,1.2954613,0.09311775,0.0,0.9017404,0.0,0.0,0.27127802,1.0551232,0.0,0.57012206,0.79819006,0.35047394,1.1022203,0.0,0.683306,0.0,0.0,0.36811364,0.54073644,0.6110038,0.35971642,0.9502009,0.99232686,0.96802866,0.05826871,0.0,0.19342232,0.13613844,0.081043616,0.53725207,0.0,0.73013264,0.0,0.2244912,0.5995367,-1.0111339
-0.72525305,-0.50449175,0.84085274,1.1142898,0.0,0.0,0.21984795,0.0,0.07124159,0.24269176,0.48121813,0.0,0.3828897,0.926836,0.99147606,0.9284593,0.0,0.0,0.70919806,0.21660797,0.0,0.63637805,0.0,0.0,0.0,0.0,0.0,0.0,0.0,0.48835933,0.21799558,0.0,0.0,0.0,1.212427,0.4122799,0.0,0.49946266,0.0,0.0,0.027761295,0.84269315,0.0,0.31995863,0.5317655,0.103638664,0.9040301,0.0,0.37163058,0.0,0.0,0.090867475,0.3036266,0.10655601,0.69527566,1.1225722,0.6979635,0.6164188,0.3742476,0.0,0.36890638,0.3240195,0.1023746,0.1257135,0.0,0.3037123,0.0,-0.025080834,0.49353838,-0.07178663
1.0483898,-0.28122514,0.2805544,0.87977135,0.03355822,0.038831443,0.0,0.24664748,0.59711766,0.05287832,0.0,0.21661101,0.91213834,0.5922591,0.0,0.3673868,0.0,0.0,0.2408031,0.24284376,0.0,0.0,0.04257436,0.0,0.3667888,0.47870678,0.0,0.45206365,0.0,0.0,0.04809946,0.032850027,0.0,0.26059723,0.65085626,0.16722725,0.0,0.056189418,0.0,0.0,0.0,0.11756582,0.0,0.19709577,0.5965987,0.22136353,0.8710709,0.0,0.0,0.0,0.0,0.17074454,0.0,0.067317806,0.0873054,0.34627038,0.42348564,0.62985677,0.20683329,0.0,0.7057907,0.37895924,0.22115995,0.20193474,0.0,0.07484142,0.0,0.47252756,0.24291894,0.056585662
-0.13254142,2.4518497,0.043303046,0.81826854,0.0,0.5806386,0.0,1.2714478,1.3916756,0.0,0.0,0.0,0.0,0.0,1.4831495,0.0,0.9558872,0.20252514,0.37261164,0.0,0.96356523,0.0,0.0,0.6400272,0.0,0.0,0.259544,0.94993925,1.2337052,1.4140631,0.0,0.24956265,0.0,0.0,0.0,0.5648569,0.0,1.3426648,0.0,0.0,0.0,0.6869021,0.0,0.37463105,0.5541029,0.5717515,0.25491434,0.0,1.0487406,0.0,0.0,0.87718105,0.008278102,0.2950322,0.051356424,0.49966347,0.34752992,0.81975263,0.39374167,0.0,0.28134027,0.390504,0.8755917,1.4430776,0.0,0.33633173,0.0,0.021352705,-0.3373266,-1.0152159
0.8022501,1.7407438,1.0675249,1.5058769,0.0,0.7593937,0.0,0.6724647,1.548746,0.0,0.0,0.0,0.0,0.0,0.9770831,0.0,0.35937598,0.4051013,0.5968427,0.0,0.97766864,0.0,0.0,0.70392007,0.2478299,0.0,0.0,0.5906515,0.31360435,0.20267823,0.0,0.32037613,0.0,0.0,0.34534922,0.124908194,0.0,0.99349934,0.0,0.0,0.0,0.7323931,0.0,0.42002895,0.8978233,0.6742406,0.72072554,0.0,0.7522794,0.0,0.0,0.740767,0.06594144,0.61481625,0.0,0.24787311,0.59300154,1.1089458,0.0,0.0,0.47052532,0.24791373,0.4447853,1.0241894,0.0,0.63966596,0.0,0.56344104,0.10820541,-1.1784484
-0.5620472,-0.39963117,0.3484024,0.8095142,0.0,0.0,0.08671504,0.0,0.075793594,0.38633668,0.19961709,0.0,0.39309993,0.6432078,0.8113716,0.6763964,0.0,0.0,0.5057733,0.17432989,0.0,0.63054085,0.0,0.0,0.0,0.0,0.0,0.0,0.0,0.6251302,0.35103068,0.0,0.0,0.0,0.8401219,0.45694792,0.0,0.34937912,0.0,0.0,0.0,0.58892745,0.0,0.2417827,0.38160196,0.0972804,0.69917893,0.0,0.35076457,0.0,0.0,0.06958163,0.22457793,0.0,0.5800441,0.96012086,0.44263628,0.42320028,0.36204886,0.0,0.417354,0.4016473,0.24322358,0.10608715,0.0,0.16960461,0.0,-0.07423818,0.28051597,0.12541504
-0.64748037,0.3258864,0.7154952,1.0897994,0.0,0.0,0.0,0.083880305,0.43360394,0.0,0.31195018,0.0,0.042143553,0.35915893,1.2041409,0.5690928,0.03882575,0.0,0.6641434,0.0,0.16794963,0.27595043,0.0,0.0,0.0,0.0,0.0,0.0,0.023491919,0.76150024,0.039448604,0.0,0.0,0.0,0.7852781,0.23090646,0.0,0.6362093,0.0,0.0,0.0,0.71007156,0.0,0.4586816,0.43127438,0.1260519,0.6109983,0.0,0.51454824,0.0,0.0,0.2598175,0.33446518,0.23367713,0.34415218,0.8113941,0.5642175,0.5343816,0.1717575,0.0,0.31263965,0.26224312,0.23443204,0.39773807,0.0,0.33643,0.0,0.040388826,0.23386467,-0.41007572
0.11016907,-0.06287516,0.091073066,0.70710063,0.0,0.0,0.0,0.29452142,0.37679774,0.23867543,0.0,0.04414158,0.48182154,0.3401065,0.48813406,0.35548595,0.0,0.0,0.31558374,0.091078624,0.0,0.22804375,0.0,0.0,0.0,0.036028206,0.0,0.16750397,0.0,0.43441615,0.23947568,0.0,0.0,0.0,0.49451858,0.3033859,0.0,0.30496985,0.0,0.0,0.0,0.27021453,0.0,0.21261582,0.28228027,0.12552176,0.53586537,0.0,0.24538592,0.0,0.0,0.16396996,0.010105342,0.0,0.25941598,0.57056415,0.29193494,0.30271623,0.2589593,0.0130683035,0.46144927,0.45958447,0.26756024,0.26492798,0.0,0.12978464,0.0,0.06409548,0.043640565,0.077110015
-0.5871236,1.6499496,2.0453987,2.04758,0.0,0.61651504,0.0,0.042215466,1.2719889,0.0,0.76487446,0.0,0.0,0.14838016,1.9687669,0.59552956,0.82698727,0.0,1.1625792,0.0,1.2801269,0.0,0.0,0.49760157,0.0,0.0,0.0,0.0,0.31840816,0.6106147,0.0,0.0,0.0,0.0,1.1003042,0.06966268,0.0,1.3911579,0.0,0.012380324,0.43453163,1.4023794,0.0,0.76144713,1.1605011,0.6438776,1.2401501,0.0,1.1239535,0.0,0.0,0.5517442,0.8852767,0.89712703,0.12888351,0.9989476,1.1437027,1.4008545,0.06987007,0.0,0.09148137,0.11216258,0.26510066,0.9014181,0.0,1.0289491,0.0,0.2926591,0.6888118,-1.7023821
-1.7988963,-0.353773,0.47896427,0.81552035,0.0,0.0,0.63983333,0.0,0.0,0.55632913,0.57920325,0.0,0.0,0.6335171,1.5494401,0.8946506,0.024013221,0.0,0.740103,0.07441445,0.0,1.1693045,0.0,0.0,0.0,0.0,0.0,0.0,0.017715707,1.3314819,0.5183832,0.0,0.0,0.0,0.9801669,0.76930845,0.0,0.6100511,0.0,0.0,0.0,1.0429335,0.0,0.41677833,0.3857367,0.00031848252,0.64791715,0.0,0.70453644,0.0,0.0,0.10565381,0.522906,0.048399217,0.898298,1.5113429,0.37879762,0.568356,0.5932245,0.0,0.3436814,0.30247188,0.38469335,0.25617015,0.0,0.21581829,0.0,-0.44928017,0.34069946,0.042914614
-1.4626559,0.533729,1.347363,1.4621325,0.0,0.0,0.36109847,0.0,0.39568007,0.0,0.7946024,0.0,0.0,0.49151063,1.8913498,0.8593867,0.4566979,0.0,1.0213331,0.0,0.49280185,0.4264146,0.0,0.0,0.0,0.0,0.0,0.0,0.14857554,1.061625,0.0,0.0,0.0,0.0,1.1586505,0.33309788,0.0,0.9715025,0.0,0.0,0.20276605,1.2054167,0.0,0.6645023,0.6865643,0.17576642,0.8948307,0.0,0.80787814,0.0,0.0,0.2774213,0.73221594,0.4661531,0.5625167,1.2625254,0.86625665,0.918103,0.27849904,0.0,0.18592903,0.17448746,0.21623397,0.5393341,0.0,0.5653329,0.0,-0.10184215,0.54279774,-0.8079474
-0.4841015,0.8286281,0.37392375,0.9088588,0.0,0.06662512,0.0,0.4481361,0.63924044,0.0,0.056340054,0.0,0.0,0.0,1.2003827,0.23171946,0.22845194,0.0,0.5220196,0.0,0.2916721,0.06518358,0.0,0.0,0.0,0.0,0.0,0.022741526,0.35400373,0.96533775,0.012359589,0.0,0.0,0.0,0.34735766,0.20485178,0.0,0.727364,0.0,0.0,0.0,0.49641243,0.0,0.3729659,0.2725936,0.15834008,0.3557009,0.0,0.58734393,0.0,0.0,0.37889078,0.231415,0.17345922,0.16027153,0.6152653,0.33919865,0.4082139,0.15576309,0.0,0.30614915,0.30453137,0.3774925,0.631265,0.0,0.2736178,0.0,-0.015433658,-0.04409473,-0.44857323
0.17236154,0.41450602,-0.69976884,0.22383115,0.0,0.0,0.0,0.82825756,0.458961,0.39195615,0.0,0.2676607,0.29030842,0.0,0.41738153,0.0,0.0,0.0,0.023602933,0.0,0.0,0.18252617,0.10140987,0.0,0.0,0.21071406,0.18254533,0.8105316,0.2904576,0.87445617,0.4111357,0.0,0.0,0.0,0.0,0.6200187,0.0,0.3024786,0.0,0.0,0.0,0.007759803,0.0,0.1110149,0.03173013,0.101068616,0.14598367,0.0,0.3845805,0.0,0.0,0.3924533,0.0,0.0,0.1790344,0.3776477,0.0,0.13363324,0.49905145,0.007985681,0.45432776,0.6171131,0.75012374,0.645242,0.0,0.0,0.0,-0.15369062,-0.48455375,0.13261284
-0.1725315,-1.4818897,-1.4363079,0.0,0.38675752,0.0,0.014120698,0.35523337,0.0,1.500192,0.0,0.92258763,1.0065161,0.5123216,0.0,0.320286,0.0,0.0,0.0,0.53904516,0.0,1.3272777,0.1333843,0.0,0.0,0.6370253,0.21602386,0.39282614,0.0,0.76910996,1.2448937,0.0,0.59836733,0.0,0.10374686,1.2739149,0.0,0.0,0.0,0.0,0.0,0.0,0.0,0.0,0.0,0.014491521,0.7691478,0.0,0.175006,0.0,0.0,0.0,0.0,0.0,0.77313083,1.0539591,0.0,0.12687297,1.1706028,0.0,0.8541413,1.0939851,1.0487057,0.0,0.0,0.0,0.0,-0.40218365,-0.3380298,1.0678176
0.4556607,0.18956469,0.19866486,0.81642157,0.0,0.039884582,0.0,0.39137974,0.6099421,0.027750432,0.0,0.016723359,0.49285582,0.24448101,0.4106804,0.25443232,0.0,0.0,0.30694783,0.027026039,0.0,0.0,0.0,0.0,0.08861509,0.12228227,0.0,0.36698365,0.0,0.2641334,0.06921399,0.0,0.0,0.0,0.43986583,0.16578686,0.0,0.36256504,0.0,0.0,0.0,0.20363049,0.0,0.3013773,0.3444224,0.17431553,0.51700944,0.0,0.19617687,0.0,0.0,0.25613782,0.0,0.023818657,0.07426822,0.37799996,0.34248003,0.39906234,0.17069364,0.0632427,0.46749586,0.42349434,0.22192943,0.41223955,0.0,0.15165581,0.0,0.20685773,0.028952818,-0.1125772
0.09500064,-1.1402225,0.097598426,0.64242196,0.21893796,0.0,0.0,0.0,0.0,0.6464934,0.0,0.28325337,0.9539504,1.0083705,0.12466079,0.74874336,0.0,0.0,0.30393937,0.48231813,0.0,0.69175833,0.0,0.0,0.056394145,0.2382656,0.0,0.0,0.0,0.092164606,0.5155,0.0,0.12342487,0.028709993,0.94230056,0.547119,0.0,0.0,0.0,0.0,0.0,0.33209974,0.0,0.0,0.384902,0.109443516,1.0433347,0.0,0.011663754,0.0,0.0,0.0,0.0,0.0,0.67199606,0.91280574,0.3428182,0.4064776,0.52173436,0.0,0.6305921,0.5929937,0.24360472,0.0,0.0,0.09666841,0.0,0.051069777,0.2731151,0.5372063
-1.2223457,0.5472612,0.85618716,1.1575636,0.0,0.0,0.21352914,0.037706763,0.38373372,0.0,0.5033797,0.0,0.0,0.2674461,1.6369569,0.62924945,0.34990665,0.0,0.805411,0.0,0.32592422,0.42237735,0.0,0.0,0.0,0.0,0.0,0.0,0.24303451,1.1218817,0.03513381,0.0,0.0,0.0,0.8200699,0.32536507,0.0,0.8167405,0.0,0.0,0.020388603,0.91566163,0.0,0.5694444,0.49611038,0.11699818,0.6307005,0.0,0.7029629,0.0,0.0,0.26417664,0.5561445,0.30092603,0.43745264,1.0533818,0.63811487,0.6782348,0.27829552,0.0,0.2333427,0.22892322,0.29446128,0.5061116,0.0,0.38246244,0.0,-0.096987516,0.3031471,-0.5559461
1.2894845,-1.1744374,0.7204704,1.1273644,0.42615423,0.0,0.0,0.0,0.36032188,0.15062699,0.0,0.29353055,1.3947272,1.3524997,0.0,0.8231709,0.0,0.0,0.3523065,0.5989362,0.0,0.0,0.0,0.0,0.62453496,0.6390514,0.0,0.012970269,0.0,0.0,0.06209548,0.0,0.0,0.5220477,1.2887337,0.21899164,0.0,0.0,0.0,0.0,0.0,0.35428146,0.0,0.08321253,0.9219914,0.27585518,1.5217909,0.0,0.0,0.0,0.0,0.0,0.0,0.22412916,0.39129603,0.7112514,0.6031856,0.8781136,0.16967373,0.0,1.0676152,0.37736255,0.13301705,0.0,0.0,0.17107423,0.0,0.6385518,0.6502465,0.19818677
-1.1082617,0.2457833,-1.0826184,0.0,0.0,0.0,0.08187425,0.76351726,0.0,0.87656534,0.0,0.18846184,0.0,0.0,0.97450954,0.0,0.0041353106,0.0,0.07307695,0.0,0.0,0.95481074,0.0,0.0,0.0,0.0,0.479759,0.3294465,0.6340137,1.7473836,0.8397795,0.0,0.0,0.0,0.0,0.9426884,0.0,0.4257102,0.0,0.0,0.0,0.23748967,0.0,0.015733145,0.0,0.0,0.0,0.0,0.8294945,0.0,0.0,0.34642863,0.034190938,0.0,0.639932,0.91470045,0.0,0.0,0.7486201,0.0,0.3492716,0.68242574,0.97733045,0.56592673,0.0,0.0,0.0,-0.58199227,-0.5131077,0.3052644
-0.18061523,-0.11243286,1.3520925,1.5098106,0.0,0.028698668,0.0,0.0,0.49865502,0.0,0.5314077,0.0,0.4037627,0.93527234,0.9544449,0.90303135,0.0,0.0,0.8207134,0.12863055,0.17865355,0.08934191,0.0,0.0,0.109865725,0.0,0.0,0.0,0.0,0.078498304,0.0,0.0,0.0,0.0,1.3502933,0.090249814,0.0,0.63336945,0.0,0.0,0.18618001,0.8469451,0.0,0.4329196,0.7130138,0.2553932,1.1033586,0.0,0.38352016,0.0,0.0,0.23703134,0.31228673,0.36859554,0.45924005,0.88242686,0.9539576,0.7989547,0.12513265,0.0,0.3459332,0.23726718,0.0,0.27387533,0.0,0.52123517,0.0,0.2667027,0.59878623,-0.56066716
0.32052192,0.5956526,0.004371542,0.7058932,0.0,0.09879868,0.0,0.61682105,0.7109997,0.0,0.0,0.0,0.26440504,0.0,0.57722217,0.053224146,0.0,0.0,0.26218116,0.0,0.047076717,0.0,0.0,0.0,0.0,0.03523369,0.0,0.5506762,0.13954166,0.55630547,0.06538324,0.0,0.0,0.0,0.15509734,0.2335876,0.0,0.49711382,0.0,0.0,0.0,0.17400984,0.0,0.3278422,0.22051539,0.18161337,0.2677956,0.0,0.3029265,0.0,0.0,0.33759612,0.0,0.0017112717,0.0,0.32994282,0.19949421,0.3220233,0.19625242,0.105021745,0.42716247,0.42965788,0.36337203,0.6125959,0.0,0.119960286,0.0,0.073578104,-0.16635028,-0.18165581
-0.452081,-1.120457,0.09528851,0.6057437,0.10817772,0.0,0.17592016,0.0,0.0,0.74817383,0.13294786,0.16352507,0.7509753,0.97705984,0.43562824,0.82230604,0.0,0.0,0.38556612,0.43640453,0.0,0.9444905,0.0,0.0,0.0,0.0,0.0,0.0,0.0,0.42895725,0.61284757,0.0,0.16029288,0.0,0.96549976,0.6522026,0.0,0.07914989,0.0,0.0,0.0,0.5314317,0.0,0.028658018,0.35204658,0.113626376,0.91187197,0.0,0.1898503,0.0,0.0,0.0,0.052563623,0.0,0.8062253,1.1589411,0.32110626,0.3764959,0.5853816,0.0,0.55248654,0.559721,0.25118685,0.0,0.0,0.089295775,0.0,-0.14081274,0.28544354,0.5269443
-0.4934782,0.45446393,0.20839861,0.77632254,0.0,0.0,0.0,0.37089092,0.44306254,0.11087768,0.02340272,0.0,0.03853768,0.05390191,1.0336522,0.30420202,0.019455701,0.0,0.45709187,0.0,0.05149351,0.2678784,0.0,0.0,0.0,0.0,0.0,0.0,0.20576805,0.91747177,0.17377709,0.0,0.0,0.0,0.39428025,0.2902387,0.0,0.5667783,0.0,0.0,0.0,0.4342848,0.0,0.31799695,0.20237443,0.08033942,0.32075006,0.0,0.49398014,0.0,0.0,0.3050878,0.17613849,0.030415513,0.26126233,0.64983785,0.25000346,0.27999726,0.21586916,0.012184277,0.36983424,0.37774575,0.3799926,0.46355346,0.0,0.17781132,0.0,-0.08860333,-0.064246625,-0.1700915
-0.8788209,-1.3898345,-0.3738698,0.25334397,0.16293424,0.0,0.3902272,0.0,0.0,1.1398582,0.05781965,0.32332215,0.7176875,0.91585505,0.46026665,0.80214435,0.0,0.0,0.27362394,0.48939687,0.0,1.3732569,0.0,0.0,0.0,0.0,0.0,0.0,0.0,0.79034483,0.94213665,0.0,0.39028382,0.0,0.79745257,0.95914376,0.0,0.0,0.0,0.0,0.0,0.50904804,0.0,0.0,0.18500254,0.054696143,0.8155578,0.0,0.25189304,0.0,0.0,0.0,0.018603876,0.0,0.9809243,1.4238684,0.0,0.25500646,0.8476872,0.0,0.6387382,0.687227,0.4547611,0.0,0.0,0.0,0.0,-0.42615205,0.10144903,0.8374759
-0.88540316,-0.36833936,0.46051314,0.8633287,0.0,0.0,0.23299366,0.0,0.013127089,0.38933697,0.3327322,0.0,0.26472723,0.6642475,1.0309052,0.7565674,0.0,0.0,0.59590876,0.14366011,0.0,0.74474144,0.0,0.0,0.0,0.0,0.0,0.0,0.0,0.78419834,0.35973188,0.0,0.0,0.0,0.91938436,0.52353984,0.0,0.43936765,0.0,0.0,0.0,0.7341761,0.0,0.29479906,0.39894414,0.06500831,0.696152,0.0,0.43685678,0.0,0.0,0.090927325,0.31565166,9.5926225e-06,0.66822267,1.0995474,0.4647814,0.47945386,0.4091442,0.0,0.38735348,0.36759943,0.2615888,0.14859495,0.0,0.2007768,0.0,-0.155767,0.31645918,0.07418935
0.6871662,0.8926591,-0.4082311,0.47902626,0.0,0.1912664,0.0,0.9564725,0.8748143,0.0,0.0,0.15070695,0.26187474,0.0,0.37079996,0.0,0.0,0.19676751,0.060375422,0.0,0.04549195,0.0,0.17750908,0.10644299,0.0,0.27968925,0.074430756,1.0693729,0.3306199,0.60015196,0.08065988,0.30661002,0.0,0.0,0.0,0.5041382,0.0,0.44802892,0.0,0.0,0.0,0.042341776,0.0,0.2362575,0.17890435,0.21145247,0.17734918,0.0,0.27253684,0.0,0.0,0.5137595,0.0,0.0,0.0,0.13837287,0.07280341,0.35793853,0.3443178,0.11616501,0.5191483,0.5060972,0.6379467,0.835877,0.0,0.008538334,0.0,0.055621598,-0.40856412,-0.13250564
-1.7664378,0.40897006,1.7138789,1.6738873,0.0,0.0,0.5519468,0.0,0.3173494,0.0,1.0571183,0.0,0.0,0.7254626,2.110738,1.0910205,0.5148138,0.0,1.1994127,0.0,0.5617708,0.53745985,0.0,0.0,0.0,0.0,0.0,0.0,0.047772907,1.0544982,0.0,0.0,0.0,0.0,1.4658756,0.38876778,0.0,1.0945486,0.0,0.0,0.33702826,1.4710183,0.0,0.73088014,0.8271484,0.19266342,1.0903485,0.0,0.87795043,0.0,0.0,0.27394587,0.8688836,0.57246596,0.72243553,1.4823183,1.03412,1.0981015,0.32612956,0.0,0.15283309,0.1393651,0.14386302,0.5336984,0.0,0.68846893,0.0,-0.15073055,0.7402494,-0.9482062
0.9780771,0.09744638,-0.29895112,0.51975256,0.0,0.029870003,0.0,0.63439345,0.635214,0.17718533,0.0,0.34923023,0.71787345,0.09208016,0.0,0.017840207,0.0,0.090186,0.0446918,0.08165001,0.0,0.0,0.19368331,0.0,0.19132029,0.544614,0.0,0.8755777,0.0,0.12293887,0.18800366,0.2103155,0.0,0.11566089,0.12359241,0.40751797,0.0,0.04555674,0.0,0.0,0.0,0.0,0.0,0.13736847,0.28093377,0.16813143,0.51935965,0.0,0.02360061,0.0,0.0,0.30678046,0.0,0.0,0.0,0.08545265,0.11857727,0.43010727,0.33642048,0.0,0.66305447,0.5621302,0.53783226,0.47092152,0.0,0.0010177833,0.0,0.28280482,-0.20707071,0.13246667
0.9433309,-0.058070976,1.2480272,1.5199487,0.0,0.26943713,0.0,0.0,0.83980083,0.0,0.18267515,0.0,0.77839476,0.89136755,0.32076776,0.67569345,0.0,0.0,0.6145717,0.18493667,0.16684265,0.0,0.0,0.010714024,0.49962085,0.09237241,0.0,0.0,0.0,0.0,0.0,0.0,0.0,0.30361986,1.1930319,0.0,0.0,0.4002701,0.0,0.0,0.021320686,0.56199133,0.0,0.39262447,0.9604062,0.41436094,1.1448742,0.0,0.19849148,0.0,0.0,0.21899736,0.10616782,0.45365196,0.18567744,0.6455263,0.82531434,0.87349695,0.0,0.0,0.6455935,0.1645436,0.0,0.1680273,0.0,0.36059797,0.0,0.6186761,0.617223,-0.46869516
1.1941583,0.10746101,-1.2057157,0.0,0.0,0.0,0.0,1.0537637,0.53851193,0.52764916,0.0,0.7584325,0.78783906,0.0,0.0,0.0,0.0,0.3000741,0.0,0.06446579,0.0,0.0,0.4930507,0.0,0.09032647,0.9209336,0.18086314,1.4977137,0.02310291,0.36636943,0.49548623,0.4875827,0.0,0.08529098,0.0,0.9907768,0.0,0.0,0.0,0.0,0.0,0.0,0.0,0.0,0.053098302,0.10654032,0.50238895,0.0,0.00055830926,0.0,0.0,0.52269965,0.0,0.0,0.025458293,0.007753022,0.0,0.38206792,0.6740218,0.0,0.78677636,0.8411263,1.1657041,0.6623116,0.0,0.0,0.0,0.16860597,-0.6288718,0.33370054
0.36147797,-1.1553227,-0.8181864,0.05993235,0.32103565,0.0,0.0,0.28661162,0.0,1.0004473,0.0,0.7125039,1.0529145,0.6095431,0.0,0.36127764,0.0,0.0,0.0,0.477548,0.0,0.78786623,0.12137537,0.0,0.0,0.646774,0.0,0.42436424,0.0,0.3008013,0.8235421,0.0,0.30745953,0.018449754,0.33848834,0.9523175,0.0,0.0,0.0,0.0,0.0,0.0,0.0,0.0,0.05780303,0.026887782,0.8798428,0.0,0.0,0.0,0.0,0.0,0.0,0.0,0.56431556,0.76573616,0.0,0.2835699,0.86013454,0.0,0.74605376,0.86187506,0.75590414,0.0,0.0,0.0,0.0,-0.14746709,-0.15707299,0.8520482
0.2676656,0.48410484,0.09347306,0.75364727,0.0,0.06991269,0.0,0.5281976,0.6628359,0.0,0.0,0.0,0.2953075,0.008363828,0.5906998,0.135691,0.0,0.0,0.30108973,0.0,0.024341002,0.0,0.0,0.0,0.0,0.0045710714,0.0,0.43525392,0.0663589,0.51564103,0.069333926,0.0,0.0,0.0,0.261895,0.2020933,0.0,0.4734394,0.0,0.0,0.0,0.21130487,0.0,0.33290738,0.24928902,0.16579108,0.32903188,0.0,0.28310654,0.0,0.0,0.3113954,0.0,0.01609845,0.019502325,0.36646676,0.23924248,0.3121996,0.17109391,0.10942471,0.43568462,0.43706566,0.3129605,0.53961027,0.0,0.14330886,0.0,0.097913414,-0.110191554,-0.1651391
-0.035061553,-0.63616484,-0.45422158,0.3044503,0.0137043595,0.0,0.0,0.28440118,0.0,0.72304446,0.0,0.36351323,0.6829722,0.44133806,0.23118371,0.37357074,0.0,0.0,0.12884906,0.27214837,0.0,0.66993725,0.0,0.0,0.0,0.24211553,0.0,0.2026338,0.0,0.5590009,0.62371,0.0,0.07846622,0.0,0.3850632,0.65772384,0.0,0.0,0.0,0.0,0.0,0.12664998,0.0,0.0,0.16250612,0.05847287,0.6108582,0.0,0.19224276,0.0,0.0,0.029403448,0.0,0.0,0.5244607,0.7116245,0.048915904,0.21342753,0.56502426,0.0,0.55914885,0.60837245,0.4948335,0.031834424,0.0,0.0,0.0,-0.13014178,-0.048997495,0.5794722
0.5485355,0.89497924,0.0043724426,0.7399461,0.0,0.24061348,0.0,0.76323736,0.9097477,0.0,0.0,0.0,0.21268156,0.0,0.5540237,0.0,0.0,0.0806157,0.2324656,0.0,0.19223957,0.0,0.030965313,0.13699669,0.020133376,0.08747514,0.0,0.7685982,0.24283355,0.51588327,0.0,0.16264096,0.0,0.0,0.01843834,0.2865193,0.0,0.5705182,0.0,0.0,0.0,0.19961984,0.0,0.32147247,0.27788275,0.27635276,0.2531383,0.0,0.3414771,0.0,0.0,0.43980685,0.0,0.034608662,0.0,0.22462904,0.19015166,0.43691802,0.18739465,0.094715565,0.46697068,0.3974107,0.44223106,0.76608616,0.0,0.14051516,0.0,0.12684384,-0.20815168,-0.31017345
1.3996866,0.3296739,-0.12321764,0.67745596,0.0,0.2265002,0.0,0.70380485,0.8947902,0.0,0.0,0.31509644,0.7650603,0.042480618,0.0,0.0,0.0,0.39006418,0.049292624,0.032495372,0.0,0.0,0.26661164,0.07340184,0.3608476,0.6513819,0.0,1.0675361,0.0,0.0,0.0,0.44720086,0.0,0.25006092,0.1168786,0.39437586,0.0,0.044658333,0.0,0.0,0.0,0.0,0.0,0.18280584,0.46110612,0.26336753,0.5741336,0.0,0.0,0.0,0.0,0.4609062,0.0,0.0,0.0,0.0,0.2223075,0.6585023,0.2123311,0.0130265355,0.8178134,0.5029377,0.5684744,0.57468075,0.0,0.046898235,0.0,0.4769339,-0.1483358,-0.01891075
-0.8842471,-0.33900678,0.39500338,0.8223869,0.0,0.0,0.22111633,0.0,0.014285356,0.4066881,0.2989756,0.0,0.25197065,0.61633235,1.0237288,0.7205541,0.0,0.0,0.57216793,0.13098516,0.0,0.7472156,0.0,0.0,0.0,0.0,0.0,0.0,0.0,0.8197502,0.37730634,0.0,0.0,0.0,0.86477005,0.5325331,0.0,0.42592812,0.0,0.0,0.0,0.7052902,0.0,0.28982493,0.37656805,0.06137152,0.66141856,0.0,0.44176656,0.0,0.0,0.091730766,0.31139728,0.0,0.65255564,1.0815687,0.42749232,0.45379978,0.40822104,0.0,0.39166504,0.37563264,0.28526118,0.15252882,0.0,0.18366905,0.0,-0.16960922,0.28289628,0.0907622
0.09404203,1.2922356,1.6474028,1.8099179,0.0,0.5779956,0.0,0.1584516,1.2472113,0.0,0.4417431,0.0,0.0,0.21070752,1.3638599,0.46945408,0.38980028,0.0,0.90897024,0.0,0.9650518,0.0,0.0,0.44270092,0.14202899,0.0,0.0,0.0,0.076507054,0.24716869,0.0,0.0,0.0,0.0,0.9482497,0.0,0.0,1.0748062,0.0,0.0,0.24936898,1.0978326,0.0,0.59490293,1.0005844,0.57752335,1.0633183,0.0,0.84336364,0.0,0.0,0.5275818,0.52799684,0.75988334,0.054853253,0.7120835,0.8986655,1.1432649,0.0,0.0,0.22249667,0.1309305,0.15988612,0.75141615,0.0,0.83330387,0.0,0.41064036,0.5245557,-1.3508371
4.009641,-0.5943505,0.018351065,0.8855412,0.73206973,0.5345883,0.0,0.61131644,1.2991787,0.0,0.0,1.0223078,2.1014712,0.7640588,0.0,0.0,0.0,1.5562495,0.0,0.55766416,0.0,0.0,0.87851876,0.2950033,1.4376144,2.061115,0.0,1.9660401,0.0,0.0,0.0,1.4424238,0.0,1.3081425,0.4317867,1.1743329,0.0,0.0,0.0,0.0,0.0,0.0,0.005572796,0.0,1.305445,0.5626344,1.8213546,0.0,0.0,0.09358846,0.0,0.5767216,0.0,0.3793639,0.0,0.0,0.34306437,1.9235543,0.22914928,0.0,2.3375933,0.6963219,1.553638,0.19920224,0.0,0.11874775,0.0,1.3475078,0.21845126,0.23170866
-0.3437553,0.4655109,1.0507425,1.3381999,0.0,0.114140406,0.0,0.033729672,0.64667916,0.0,0.37174627,0.0,0.088930696,0.43552443,1.1688778,0.6027429,0.04258868,0.0,0.7435155,0.0,0.35355306,0.0,0.0,0.0,0.0,0.0,0.0,0.0,0.0,0.48688063,0.0,0.0,0.0,0.0,0.92715263,0.12030333,0.0,0.71044374,0.0,0.0,0.061963633,0.76532185,0.0,0.48400095,0.5691997,0.22941075,0.8097591,0.0,0.540313,0.0,0.0,0.30791152,0.385552,0.3975572,0.25160316,0.7871256,0.70415974,0.6901425,0.07957369,0.0,0.2850657,0.20953208,0.16457784,0.4654203,0.0,0.49793255,0.0,0.18703867,0.34830594,-0.6560027
-1.091204,-0.0042386623,1.122367,1.3056973,0.0,0.0,0.29549915,0.0,0.2312293,0.0024914742,0.6522999,0.0,0.031975508,0.73378384,1.4405477,0.9112108,0.035081595,0.0,0.8749248,0.017630521,0.15152483,0.53141904,0.0,0.0,0.0,0.0,0.0,0.0,0.0,0.7556913,0.049163565,0.0,0.0,0.0,1.211452,0.3376372,0.0,0.7484337,0.0,0.0,0.10269578,1.041873,0.0,0.5263266,0.57540375,0.08672485,0.8162407,0.0,0.5715307,0.0,0.0,0.228831,0.47930187,0.32610363,0.60568196,1.1456635,0.7797068,0.73110986,0.29433024,0.0,0.2569179,0.19991842,0.1282481,0.34893,0.0,0.42858806,0.0,-0.06007758,0.4829874,-0.48936206
-0.4664849,-1.0387509,0.01861302,0.5597624,0.0755246,0.0,0.15871423,0.0,0.0,0.75367045,0.092377484,0.17280324,0.70945394,0.89118135,0.45243233,0.7654216,0.0,0.0,0.360863,0.4032142,0.0,0.9347508,0.0,0.0,0.0,0.0,0.0,0.0,0.0,0.49539173,0.6242167,0.0,0.14968996,0.0,0.8830579,0.6542348,0.0,0.07498902,0.0,0.0,0.0,0.49301094,0.0,0.026964761,0.3218164,0.103931665,0.8495516,0.0,0.21162772,0.0,0.0,0.0,0.06414735,0.0,0.7743385,1.1230514,0.28071725,0.34382284,0.57799876,0.0,0.5462347,0.5560361,0.28573033,0.0,0.0,0.06649468,0.0,-0.16034575,0.24229723,0.5307784
0.5787039,-0.32737595,-0.36856577,0.4208262,0.0,0.0,0.0,0.4467772,0.31773305,0.4473667,0.0,0.38909122,0.7642107,0.30975032,0.01825887,0.20373371,0.0,0.0,0.07273032,0.2058418,0.0,0.22604291,0.09072626,0.0,0.068609804,0.45454174,0.0,0.56777275,0.0,0.25436196,0.39771727,0.0,0.0,0.02855061,0.27693668,0.5003179,0.0,0.0,0.0,0.0,0.0,0.0,0.0,0.013582826,0.22954996,0.114519954,0.6234364,0.0,0.09195921,0.0,0.0,0.14974603,0.0,0.0,0.21375018,0.38166952,0.10357651,0.33325294,0.4649716,0.0,0.57964236,0.5766998,0.50844777,0.24522029,0.0,5.4537784e-05,0.0,0.107650906,-0.11084287,0.36557126
0.62933743,-1.4180826,0.0070695686,0.601224,0.43867573,0.0,0.0,0.0,0.0,0.68564075,0.0,0.4963917,1.266557,1.156493,0.0,0.73434365,0.0,0.0,0.18629026,0.61831665,0.0,0.5767853,0.0,0.0,0.26120275,0.58028865,0.0,0.0011812449,0.0,0.0,0.5224215,0.0,0.19776632,0.24415748,0.9656861,0.6088704,0.0,0.0,0.0,0.0,0.0,0.23393726,0.0,0.0,0.48103535,0.11398812,1.3062077,0.0,0.0,0.0,0.0,0.0,0.0,0.0,0.6329289,0.8812845,0.2817583,0.5524543,0.5599621,0.0,0.87959164,0.65248233,0.35802817,0.0,0.0,0.101454996,0.0,0.17500849,0.30372232,0.6208678
-1.0125777,0.21844551,-0.031962495,0.56960005,0.0,0.0,0.124438405,0.31528986,0.14083481,0.40803254,0.074448735,0.0,0.0,0.07320443,1.1796386,0.37402,0.03998518,0.0,0.443389,0.0,0.0,0.67233634,0.0,0.0,0.0,0.0,0.06976616,0.0,0.28087103,1.2518377,0.4233179,0.0,0.0,0.0,0.36647868,0.5560544,0.0,0.52510554,0.0,0.0,0.0,0.506961,0.0,0.2593316,0.13372573,0.017735615,0.24152426,0.0,0.60627747,0.0,0.0,0.25768834,0.26450345,0.0,0.48987034,0.8926801,0.1214976,0.21889141,0.40353674,0.0,0.36230552,0.446308,0.5339602,0.40040904,0.0,0.081427425,0.0,-0.33648634,-0.121793374,0.04562576
0.19972424,1.7463471,0.777396,1.2762715,0.0,0.575075,0.0,0.7224437,1.3177785,0.0,0.0,0.0,0.0,0.0,1.2406304,0.0,0.531214,0.09126812,0.5810883,0.0,0.8789636,0.0,0.0,0.52807695,0.0,0.0,0.0,0.45591205,0.5536517,0.6858173,0.0,0.08164087,0.0,0.0,0.1909972,0.21559823,0.0,1.1140151,0.0,0.0,0.0,0.69453555,0.0,0.42284027,0.63663846,0.52567476,0.5301962,0.0,0.81746686,0.0,0.0,0.62569904,0.14236805,0.4369939,0.0,0.4542616,0.49582028,0.8713752,0.14871335,0.0,0.3122608,0.28377587,0.5140245,1.0394074,0.0,0.52885795,0.0,0.25399897,-0.009938035,-1.0137031
0.61777675,0.5076725,-1.0292681,0.043734014,0.0,0.0,0.0,1.0623057,0.5726859,0.41290063,0.0,0.47390524,0.40629712,0.0,0.11759272,0.0,0.0,0.08793247,0.0,0.0,0.0,0.008693039,0.3101049,0.0,0.0,0.5085338,0.25722146,1.2505991,0.3279777,0.77094847,0.4318757,0.28287616,0.0,0.0,0.0,0.82298017,0.0,0.19809918,0.0,0.0,0.0,0.0,0.0,0.020924427,0.0,0.09227374,0.17754832,0.0,0.24835518,0.0,0.0,0.5123756,0.0,0.0,0.123118296,0.18043715,0.0,0.16658574,0.6257646,0.00040590763,0.54763937,0.7053322,0.96791756,0.7832421,0.0,0.0,0.0,-0.07778397,-0.6491959,0.17246312
-0.42797205,-0.64634526,-1.3576889,0.0,0.0,0.0,0.0,0.61723197,0.0,1.2000939,0.0,0.64666677,0.54571056,0.023330197,0.2161187,0.08740914,0.0,0.0,0.0,0.219399,0.0,1.0751233,0.07791987,0.0,0.0,0.32486647,0.3503798,0.51246285,0.06964592,1.1612817,1.04809,0.0,0.3102293,0.0,0.0,1.0538766,0.0,0.0,0.0,0.0,0.0,0.0,0.0,0.0,0.0,0.0023909137,0.2626763,0.0,0.44652587,0.0,0.0,0.14418963,0.0,0.0,0.5960071,0.8037677,0.0,0.0,0.9197069,0.0,0.61388427,0.9182714,0.99530137,0.20948519,0.0,0.0,0.0,-0.41775402,-0.48159805,0.7251758
0.12553577,-1.3418502,-0.88302606,0.0,0.35711792,0.0,0.0,0.21122135,0.0,1.1460583,0.0,0.7309594,1.0516645,0.687513,0.0,0.43871546,0.0,0.0,0.0,0.5267083,0.0,0.9948905,0.06940295,0.0,0.0,0.5880442,0.0,0.27834383,0.0,0.4089889,0.94009864,0.0,0.40526468,0.0,0.38722008,1.0161555,0.0,0.0,0.0,0.0,0.0,0.022274712,0.0,0.0,0.0403302,0.020978056,0.9071785,0.0,0.0,0.0,0.0,0.0,0.0,0.0,0.69896126,0.9228228,0.0,0.24569352,0.9272158,0.0,0.76231927,0.8768987,0.74085253,0.0,0.0,0.0,0.0,-0.23264207,-0.14580423,0.92106736
0.18039323,0.7106941,-0.7613332,0.20275709,0.0,0.0,0.0,0.9719019,0.5792318,0.30524072,0.0,0.22684197,0.16172811,0.0,0.49991763,0.0,0.0,0.0,0.004316479,0.0,0.0,0.067338824,0.13154106,0.0,0.0,0.17499419,0.24971071,0.9524548,0.46533135,0.99063337,0.35761353,0.07495454,0.0,0.0,0.0,0.6391775,0.0,0.4158973,0.0,0.0,0.0,0.029254446,0.0,0.13922301,0.0069933324,0.11857118,0.050249457,0.0,0.43988365,0.0,0.0,0.4916289,0.0,0.0,0.170743,0.3568616,0.0,0.11336158,0.5034828,0.045103855,0.43145794,0.60845286,0.804631,0.8065294,0.0,0.0,0.0,-0.19834454,-0.5683156,0.029960267
-1.1117407,-0.685871,0.62358904,0.9349539,0.0,0.0,0.4159531,0.0,0.0,0.48284397,0.5021616,0.0,0.32552856,0.9272617,1.0884395,0.9677075,0.0,0.0,0.68486965,0.24841806,0.0,0.94897634,0.0,0.0,0.0,0.0,0.0,0.0,0.0,0.75111985,0.4200266,0.0,0.0,0.0,1.1692035,0.60375834,0.0,0.46608126,0.0,0.0,0.0,0.9171386,0.0,0.29100174,0.47961175,0.07884543,0.8648163,0.0,0.47067502,0.0,0.0,0.042202495,0.34569994,0.030465998,0.8575208,1.3349648,0.545364,0.5896902,0.5097475,0.0,0.38096046,0.3375023,0.20288068,0.104076125,0.0,0.23903893,0.0,-0.20868419,0.47278976,0.10729465
-0.07635931,-0.28193673,-0.708683,0.15752456,0.0,0.0,0.0,0.5271276,0.07926592,0.7085655,0.0,0.37679705,0.5106664,0.10521148,0.31213474,0.15386516,0.0,0.0,0.047148228,0.13222566,0.0,0.5991987,0.011211157,0.0,0.0,0.22906634,0.11431769,0.44891196,0.0,0.80244786,0.63897264,0.0,0.013814881,0.0,0.076943964,0.7080929,0.0,0.037867382,0.0,0.0,0.0,0.039393783,0.0,0.0,0.06805435,0.056199387,0.36065644,0.0,0.30494493,0.0,0.0,0.1461511,0.0,0.0,0.39910978,0.5617606,0.0,0.11624791,0.57135403,0.0,0.53538585,0.6526011,0.67310464,0.2396606,0.0,0.0,0.0,-0.17970319,-0.28636777,0.4770645
-0.5433234,0.19238332,-0.12738651,0.5367457,0.0,0.0,0.0,0.40538052,0.25250825,0.3669065,0.0,0.0,0.1361486,0.06134215,0.8849138,0.2766422,0.0,0.0,0.33753437,0.0,0.0,0.4824702,0.0,0.0,0.0,0.0,0.035440393,0.05399455,0.17856646,0.99978787,0.37976253,0.0,0.0,0.0,0.28713936,0.45973223,0.0,0.43455118,0.0,0.0,0.0,0.3518075,0.0,0.2232011,0.13010493,0.068229795,0.25963604,0.0,0.48450422,0.0,0.0,0.25366017,0.12829751,0.0,0.36497495,0.6905498,0.10595639,0.17790876,0.32051632,0.0,0.40290833,0.47082174,0.4735281,0.37692142,0.0,0.07969216,0.0,-0.20098978,-0.15271023,0.06241341
0.0651805,1.8036544,0.003375401,0.76442456,0.0,0.41592497,0.0,1.0591255,1.1609937,0.0,0.0,0.0,0.0,0.0,1.1380746,0.0,0.544917,0.10516715,0.31846246,0.0,0.63418597,0.0,0.0,0.40780103,0.0,0.0,0.14751029,0.8450377,0.84965706,1.1014903,0.0,0.17585966,0.0,0.0,0.0,0.4422887,0.0,1.0384134,0.0,0.0,0.0,0.49698895,0.0,0.3548488,0.40507323,0.43083107,0.2113915,0.0,0.7777741,0.0,0.0,0.6945574,0.0,0.18953703,0.029230969,0.40950084,0.2631829,0.6198424,0.3114117,0.0,0.32952613,0.3748752,0.692974,1.1734111,0.0,0.24338347,0.0,0.030326929,-0.30627063,-0.73262346
0.45843297,-1.198312,-1.5777794,0.0,0.3950254,0.0,0.0,0.60709035,0.0,1.3300878,0.0,1.0491253,1.1044574,0.29347253,0.0,0.069383204,0.0,0.0,0.0,0.47591445,0.0,0.9396337,0.34805816,0.0,0.0,0.9311762,0.22351995,0.88574064,0.0,0.5387096,1.1098655,0.0,0.48053187,0.0,0.0,1.3032299,0.0,0.0,0.0,0.0,0.0,0.0,0.0,0.0,0.0,0.007261835,0.75471115,0.0,0.026218388,0.0,0.0,0.026693195,0.0,0.0,0.49427822,0.7245163,0.0,0.23235868,1.1631866,0.0,0.8846166,1.2116187,1.2643578,0.049796388,0.0,0.0,0.0,-0.22647612,-0.4602425,1.0078005
0.093703985,-0.08457692,-0.53021324,0.29807714,0.0,0.0,0.0,0.54979163,0.24883795,0.52213293,0.0,0.29607567,0.4840175,0.07010916,0.33136064,0.12616678,0.0,0.0,0.09000738,0.0780786,0.0,0.39207092,0.015945151,0.0,0.0,0.21937045,0.053947084,0.50185156,0.0,0.69103336,0.4879905,0.0,0.0,0.0,0.10142061,0.58107233,0.0,0.12954195,0.0,0.0,0.0,0.041056715,0.0,0.06922511,0.11046711,0.08420174,0.36285406,0.0,0.2752022,0.0,0.0,0.19482026,0.0,0.0,0.27451083,0.46736032,0.0,0.1770756,0.46230477,0.0,0.52480954,0.6024704,0.5924825,0.33258682,0.0,0.0,0.0,-0.09040545,-0.2633007,0.32908624
0.031584203,-0.66946435,1.713914,1.7255769,0.0,0.0,0.0,0.0,0.38548818,0.0,0.7038251,0.0,0.7268952,1.4512467,0.7353587,1.2117842,0.0,0.0,0.9130237,0.35784718,0.035164163,0.13950251,0.0,0.0,0.31081742,0.0,0.0,0.0,0.0,0.0,0.0,0.0,0.0,0.12580998,1.8011242,0.094584495,0.0,0.5822045,0.0,0.0,0.2849701,0.966716,0.0,0.40412122,0.97970474,0.34582502,1.4263307,0.0,0.25328863,0.0,0.0,0.15446131,0.27205956,0.41023123,0.68076843,1.0410799,1.1662755,0.9638893,0.13934913,0.0,0.5261187,0.20764817,0.0,0.055490047,0.0,0.5074045,0.0,0.3875822,0.8804998,-0.47878534
-0.5970645,0.7743857,0.13769335,0.7433344,0.0,0.0,0.0,0.51361513,0.5385943,0.04124795,0.0,0.0,0.0,0.0,1.1842542,0.17702115,0.21724656,0.0,0.45157993,0.0,0.18220235,0.19792938,0.0,0.0,0.0,0.0,0.033025257,0.080679886,0.42389157,1.1122802,0.13842174,0.0,0.0,0.0,0.22318754,0.30846506,0.0,0.6945047,0.0,0.0,0.0,0.42679736,0.0,0.33317456,0.17681238,0.115376264,0.23166242,0.0,0.60120356,0.0,0.0,0.35424298,0.17286777,0.051348463,0.2223087,0.63056356,0.22458906,0.30581805,0.2527137,0.0026132166,0.32198903,0.36997318,0.4690253,0.6116046,0.0,0.17551056,0.0,-0.1377773,-0.14498574,-0.27394736
0.07068722,-1.7760787,-0.40503868,0.2717886,0.50245845,0.0,0.047538936,0.0,0.0,1.1119599,0.0,0.6253272,1.2258643,1.1716775,0.0,0.78780866,0.0,0.0,0.11373027,0.6960559,0.0,1.0925658,0.0,0.0,0.005581431,0.50267404,0.0,0.0,0.0,0.10626057,0.8768383,0.0,0.4566192,0.052576214,0.8789678,0.9274588,0.0,0.0,0.0,0.0,0.0,0.23513848,0.0,0.0,0.21374443,0.046622083,1.2383555,0.0,0.0,0.0,0.0,0.0,0.0,0.0,0.8750856,1.1766096,0.052871153,0.3682552,0.8873624,0.0,0.8073498,0.851417,0.49568006,0.0,0.0,0.053192604,0.0,-0.1803556,0.10539481,0.9132432
0.56472135,-0.5047552,-2.2600799,0.0,0.16233161,0.0,0.0,1.1848345,0.0,1.3453311,0.0,1.1890917,0.8330611,0.0,0.0,0.0,0.0,0.0,0.0,0.20932731,0.0,0.7555311,0.5853379,0.0,0.0,1.0521909,0.5694598,1.5649132,0.16826347,0.97784084,1.1761042,0.20870665,0.37932235,0.0,0.0,1.551856,0.0,0.0,0.0,0.0,0.0,0.0,0.0,0.0,0.0,0.0,0.4108863,0.0,0.2314827,0.0,0.0,0.43109834,0.0,0.0,0.43507823,0.518889,0.0,0.124607936,1.27404,0.0,0.85948646,1.3774068,1.6593169,0.54268324,0.0,0.0,0.0,-0.28117248,-0.8971885,0.8010634
-0.72138697,0.23783058,0.5575496,0.9759704,0.0,0.0,0.03449121,0.10753398,0.34421962,0.08505349,0.268076,0.0,0.054534018,0.33922806,1.1744956,0.55095375,0.0032411218,0.0,0.616019,0.0,0.0695848,0.3859511,0.0,0.0,0.0,0.0,0.0,0.0,0.042112537,0.8420076,0.13668846,0.0,0.0,0.0,0.72343755,0.31184438,0.0,0.594726,0.0,0.0,0.0,0.6623638,0.0,0.41700965,0.3677991,0.09129338,0.5454952,0.0,0.50295687,0.0,0.0,0.24084921,0.31088558,0.14550519,0.38999662,0.83985937,0.47796193,0.46319267,0.23210551,0.0,0.34047607,0.30501658,0.28111792,0.3625658,0.0,0.27370852,0.0,-0.038618114,0.17690514,-0.2694903
-2.6158037,-0.07103784,0.62993926,0.87777305,0.0,0.0,0.9548789,0.0,0.0,0.54473376,0.8321264,0.0,0.0,0.50058264,2.1409633,0.9727404,0.44534966,0.0,0.9224247,0.0,0.0,1.4025025,0.0,0.0,0.0,0.0,0.0037113428,0.0,0.3273208,1.8532825,0.5393058,0.0,0.0,0.0,1.0109382,0.9278395,0.0,0.88642424,0.0,0.0,0.0,1.267902,0.0,0.5919414,0.4308955,0.0,0.63668215,0.0,0.9429686,0.0,0.0,0.12681085,0.8042708,0.09651142,1.0142663,1.8456004,0.46882018,0.7169618,0.789111,0.0,0.27291733,0.29341292,0.46480227,0.42219234,0.0,0.25488085,0.0,-0.6607931,0.38393283,-0.11665057
-0.9164224,-0.18042602,-1.158449,0.0,0.0,0.0,0.08346915,0.6529629,0.0,1.0331204,0.0,0.35668045,0.16631857,0.0,0.70053303,0.06907883,0.0,0.0,0.010013372,0.021650493,0.0,1.062572,0.0,0.0,0.0,0.0,0.41591427,0.31921363,0.38092932,1.5248692,0.9425454,0.0,0.14300121,0.0,0.0,0.9685825,0.0,0.21399678,0.0,0.0,0.0,0.15184854,0.0,0.0,0.0,0.0,0.0,0.0,0.705351,0.0,0.0,0.25881284,0.00021751225,0.0,0.6410484,0.9080234,0.0,0.0,0.7969032,0.0,0.44152117,0.7694939,0.9295299,0.4054068,0.0,0.0,0.0,-0.5440969,-0.49606103,0.47706443
0.88198256,0.71113336,-0.28754395,0.5595213,0.0,0.20054232,0.0,0.85825634,0.8760625,0.0,0.0,0.18468857,0.4117942,0.0,0.23012179,0.0,0.0,0.23658192,0.07259987,0.0,0.0,0.0,0.18937193,0.09217626,0.10217734,0.37385982,0.0,1.0351571,0.14882192,0.37478948,0.044366583,0.32951614,0.0,0.0,0.0,0.43963164,0.0,0.33073837,0.0,0.0,0.0,0.0,0.0,0.23615593,0.24922833,0.23378493,0.30523336,0.0,0.15718621,0.0,0.0,0.4616647,0.0,0.0,0.0,0.052543692,0.12176058,0.4391275,0.28625417,0.09441374,0.60149693,0.4957251,0.55854917,0.72508794,0.0,0.034614213,0.0,0.19206859,-0.3090644,-0.096340016
-0.47887984,-0.52131814,0.6467376,1.0026014,0.0,0.0,0.09864786,0.0,0.10217792,0.2853362,0.3288529,0.0,0.47731468,0.85698175,0.7989249,0.82292676,0.0,0.0,0.60078764,0.23396997,0.0,0.5720935,0.0,0.0,0.0,0.0,0.0,0.0,0.0,0.4138219,0.2515422,0.0,0.0,0.0,1.0786465,0.38603616,0.0,0.39971286,0.0,0.0,0.0,0.6898725,0.0,0.2608913,0.48569214,0.1233259,0.86278045,0.0,0.3079431,0.0,0.0,0.06703266,0.22393915,0.035981104,0.62012297,1.0009032,0.62169796,0.53413373,0.34626684,0.0,0.40162742,0.36729193,0.12316427,0.086079374,0.0,0.249055,0.0,0.019695055,0.42641458,0.032820314
0.440811,0.83873963,0.15714164,0.8291991,0.0,0.22903396,0.0,0.66212535,0.88090765,0.0,0.0,0.0,0.19975455,0.0,0.6334739,0.0065482557,0.0,0.0,0.30378935,0.0,0.2189009,0.0,0.0,0.11177555,0.015760802,5.939952e-05,0.0,0.60923696,0.19384128,0.5001616,0.0,0.06613022,0.0,0.0,0.14710206,0.2021845,0.0,0.60385317,0.0,0.0,0.0,0.26047653,0.0,0.3538504,0.30502087,0.2617035,0.2955714,0.0,0.35786915,0.0,0.0,0.40727407,0.0,0.09049319,0.0,0.29813105,0.2509128,0.43172005,0.1546284,0.09252325,0.42956626,0.38484365,0.36228138,0.7170626,0.0,0.1811076,0.0,0.1351268,-0.13991374,-0.35685498
1.0391668,1.3763955,-0.8395261,0.2507281,0.0,0.33460402,0.0,1.3755751,1.112231,0.0,0.0,0.2893526,0.17133708,0.0,0.23251858,0.0,0.0,0.5959728,0.0,0.0,0.12809257,0.0,0.40411222,0.32417178,0.0,0.48597002,0.25999543,1.656387,0.6308312,0.7208922,0.05808121,0.6915662,0.0,0.0,0.0,0.8404728,0.0,0.46832478,0.0,0.0,0.0,0.035196096,0.0,0.11389616,0.1890436,0.2548607,0.07870925,0.0,0.31650612,0.0,0.0,0.8359412,0.0,0.0,0.0,0.0,0.0,0.4590725,0.48547143,0.15434736,0.6022888,0.57841164,1.0222478,1.1646361,0.0,0.0,0.0,0.060762536,-0.68387634,-0.19366167
0.6539706,-0.12397793,-0.5510568,0.31924346,0.0,0.0,0.0,0.6142666,0.39557555,0.43541253,0.0,0.4324035,0.70031714,0.10344775,0.00033700466,0.048789084,0.0,0.0,0.0,0.13133454,0.0,0.14688313,0.16719769,0.0,0.04168646,0.5062015,0.0,0.77900016,0.0,0.34940064,0.4021623,0.038253695,0.0,0.0049625337,0.070479184,0.5628051,0.0,0.010660291,0.0,0.0,0.0,0.0,0.0,0.031588808,0.14464173,0.11439966,0.48468554,0.0,0.09885062,0.0,0.0,0.21926159,0.0,0.0,0.10538442,0.25342348,0.0,0.28191745,0.48957878,0.0,0.5884204,0.6305081,0.6318202,0.37723017,0.0,0.0,0.0,0.08248183,-0.27973142,0.3272925
0.3193129,0.32238135,-0.36836585,0.44466692,0.0,0.0,0.0,0.6688964,0.5233722,0.2526834,0.0,0.18619284,0.38414738,0.0,0.38809264,0.008196235,0.0,0.0,0.121604666,0.0,0.0,0.07330671,0.04790753,0.0,0.0,0.20056301,0.024033986,0.6648819,0.1053006,0.6208017,0.27947685,0.0,0.0,0.0,0.02566725,0.43895656,0.0,0.2999845,0.0,0.0,0.0,0.017571092,0.0,0.19331548,0.11844541,0.12514147,0.27106798,0.0,0.27756736,0.0,0.0,0.3044219,0.0,0.0,0.07923816,0.31413788,0.034129865,0.23185311,0.351215,0.035327666,0.49049556,0.54566896,0.55620384,0.5444192,0.0,0.026846698,0.0,-0.008510474,-0.3128362,0.07969509
-0.7024648,1.2425237,1.6969202,1.7861717,0.0,0.39931786,0.0,0.016773611,0.9961451,0.0,0.678921,0.0,0.0,0.2377033,1.80287,0.62525105,0.61983323,0.0,1.046006,0.0,0.95944417,0.0,0.0,0.2501459,0.0,0.0,0.0,0.0,0.23358256,0.6905102,0.0,0.0,0.0,0.0,1.0485753,0.11655133,0.0,1.1707468,0.0,0.006532468,0.3165607,1.2005832,0.0,0.6873757,0.9382862,0.48574865,1.0861435,0.0,0.95136833,0.0,0.0,0.45488578,0.7660409,0.7270777,0.21286924,0.9789121,1.000239,1.1550559,0.08484004,0.0,0.14022437,0.13841575,0.2504285,0.7569116,0.0,0.8422431,0.0,0.20791546,0.5771162,-1.3419201
-0.062161922,0.024647808,-0.3510735,0.41181672,0.0,0.0,0.0,0.49625108,0.28253898,0.4331886,0.0,0.16591734,0.38073137,0.079028815,0.5017248,0.17910977,0.0,0.0,0.18073344,0.0330058,0.0,0.37750372,0.0,0.0,0.0,0.06807461,0.025669403,0.3613128,0.03592571,0.7470912,0.4197845,0.0,0.0,0.0,0.18209496,0.4990856,0.0,0.24784638,0.0,0.0,0.0,0.15048775,0.0,0.14849609,0.13448915,0.09646085,0.33182728,0.0,0.32203674,0.0,0.0,0.21340966,0.0,0.0,0.28127116,0.5233903,0.04270546,0.17710751,0.37492198,0.0,0.48911673,0.5512692,0.5011802,0.34790748,0.0,0.027829012,0.0,-0.096740276,-0.20673762,0.21483941
-0.2992536,0.15347452,-0.9770117,0.0,0.0,0.0,0.0,0.7846395,0.15330233,0.7053356,0.0,0.33865327,0.2378786,0.0,0.51884323,0.0,0.0,0.0,0.0,0.0,0.0,0.5837244,0.041328266,0.0,0.0,0.115822524,0.31245953,0.6408243,0.3513932,1.1871929,0.67250884,0.0,0.0,0.0,0.0,0.81384766,0.0,0.23099329,0.0,0.0,0.0,0.048927147,0.0,0.005522996,0.0,0.023824789,0.052646875,0.0,0.5142245,0.0,0.0,0.3442269,0.0,0.0,0.41509145,0.57969874,0.0,0.0006904099,0.64984995,0.0,0.43149894,0.6870445,0.86764836,0.53586596,0.0,0.0,0.0,-0.3478185,-0.5348745,0.3155744
-2.2778437,1.4060193,1.6423491,1.6559162,0.0,0.097606614,0.5574212,0.0,0.5858305,0.0,1.0489334,0.0,0.0,0.059858695,2.7230723,0.7801714,1.2025044,0.0,1.2651088,0.0,1.0218468,0.37408084,0.0,0.0,0.0,0.0,0.0,0.0,0.7299848,1.7144077,0.0,0.0,0.0,0.0,1.0405076,0.40254515,0.0,1.4046828,0.0,0.0,0.38011003,1.4787595,0.0,0.87405664,0.83455586,0.2903279,0.9515584,0.0,1.2390982,0.0,0.0,0.36905265,1.1733685,0.6527307,0.5329904,1.552248,1.0032762,1.2263554,0.37676206,0.0,0.02303616,0.13910581,0.40363342,0.88171405,0.0,0.74275887,0.0,-0.2823486,0.6094884,-1.2953391
1.4439625,0.28082022,-0.9292039,0.14989859,0.0,0.0672898,0.0,1.0351572,0.73941463,0.2916138,0.0,0.66057074,0.80038387,0.0,0.0,0.0,0.0,0.4736029,0.0,0.027801141,0.0,0.0,0.49161392,0.0,0.22172253,0.9252554,0.06899739,1.526767,0.0,0.15912727,0.29799208,0.605621,0.0,0.17968853,0.0,0.85292083,0.0,0.0,0.0,0.0,0.0,0.0,0.0,0.0,0.17239569,0.17172281,0.54463047,0.0,0.0,0.0,0.0,0.57259274,0.0,0.0,0.0,0.0,0.0,0.5360054,0.510375,0.0,0.85632324,0.73727775,1.0404954,0.6864625,0.0,0.0,0.0,0.29185137,-0.51142704,0.2300603
-0.4974776,-0.99173903,-1.3031099,0.0,0.11640921,0.0,0.062429667,0.4494666,0.0,1.3206395,0.0,0.688437,0.6742592,0.25933805,0.14897713,0.24336727,0.0,0.0,0.0,0.34192985,0.0,1.2421644,0.031577244,0.0,0.0,0.34241986,0.28693962,0.3266995,0.0,1.0690496,1.1283097,0.0,0.4241798,0.0,0.008256257,1.1031946,0.0,0.0,0.0,0.0,0.0,0.011301359,0.0,0.0,0.0,0.012586735,0.44006443,0.0,0.3866083,0.0,0.0,0.0,0.0,0.0,0.71400404,0.9681674,0.0,0.006211132,0.9952701,0.0,0.68447775,0.91709834,0.9309789,0.0096524805,0.0,0.0,0.0,-0.45748562,-0.3486185,0.8909959
1.4804822,2.0964313,-1.2428694,0.061567187,0.0,0.57555443,0.0,1.8868061,1.4845074,0.0,0.0,0.38196427,0.007844746,0.0,0.13355985,0.0,0.15600833,1.12117,0.0,0.0,0.33526707,0.0,0.6559556,0.66481715,0.0076100454,0.6809154,0.45870808,2.3545036,1.0268139,0.8529185,0.0,1.1797358,0.0,0.0,0.0,1.231098,0.0,0.5807408,0.0,0.0,0.0,0.10941681,0.0,0.0,0.28401038,0.37727952,0.0,0.0,0.433748,0.0,0.0,1.253376,0.0,0.0,0.0,0.0,0.0,0.67007005,0.6162787,0.18139684,0.6834333,0.6302391,1.4667431,1.6230015,0.0,0.0,0.0,0.08104232,-0.93596756,-0.36449265
-0.17083527,-0.1925192,0.7557193,1.1151547,0.0,0.0,0.0,0.0,0.357654,0.05231048,0.26234096,0.0,0.4412156,0.71356463,0.7691608,0.70045906,0.0,0.0,0.59944224,0.13952512,0.0,0.25979713,0.0,0.0,0.0024321377,0.0,0.0,0.0,0.0,0.29023838,0.06814946,0.0,0.0,0.0,0.9957689,0.19787148,0.0,0.45854014,0.0,0.0,0.0,0.5988118,0.0,0.3435957,0.49406502,0.13470004,0.81888396,0.0,0.28201497,0.0,0.0,0.13480826,0.1973083,0.14560615,0.39545083,0.8030481,0.6751123,0.53630453,0.22072192,0.0,0.3848129,0.32120383,0.06905163,0.19273448,0.0,0.29749817,0.0,0.15577517,0.37671125,-0.18199612
0.68416905,2.1665113,-0.31651145,0.6191775,0.0,0.601136,0.0,1.4169408,1.4460063,0.0,0.0,0.0,0.0,0.0,0.83758247,0.0,0.5171735,0.6060362,0.1137339,0.0,0.69693613,0.0,0.20201375,0.65145963,0.0,0.00042715413,0.23544413,1.4601588,0.9853044,0.9768262,0.0,0.63733554,0.0,0.0,0.0,0.71180964,0.0,0.98256284,0.0,0.0,0.0,0.4456514,0.0,0.27550685,0.49104354,0.5598819,0.15616772,0.0,0.7398616,0.0,0.0,0.95597744,0.0,0.17761007,0.0,0.17591953,0.227373,0.71577775,0.32642356,0.112946264,0.48221207,0.47743386,0.92608416,1.418416,0.0,0.19913936,0.0,0.12647356,-0.49360266,-0.7752607
1.4142411,1.1640099,-0.12894668,0.7272902,0.0,0.4859841,0.0,1.035652,1.2618204,0.0,0.0,0.13078833,0.40042183,0.0,0.13115638,0.0,0.0,0.6735909,0.05764112,0.0,0.27480674,0.0,0.3045777,0.42439657,0.28909808,0.49633265,0.0,1.3688008,0.21092957,0.13608432,0.0,0.684147,0.0,0.13613398,0.0,0.53552955,0.0,0.34636503,0.0,0.0,0.0,0.10047054,0.0,0.20622697,0.5449855,0.46635306,0.45065016,0.0,0.21030103,0.0,0.0,0.7286813,0.0,0.102506354,0.0,0.0,0.1998015,0.7906479,0.15399945,0.079702765,0.7890575,0.4602764,0.7290633,0.9192669,0.0,0.15852432,0.0,0.45755854,-0.26825625,-0.34755415
0.021778785,0.002372354,-0.077454135,0.59505075,0.0,0.0,0.0,0.38105246,0.3479743,0.30523738,0.0,0.07848564,0.42109716,0.22013979,0.51701754,0.28014648,0.0,0.0,0.2680779,0.055734284,0.0,0.28226954,0.0,0.0,0.0,0.030924246,0.0,0.24117695,0.0,0.5775889,0.3042536,0.0,0.0,0.0,0.36369687,0.3757395,0.0,0.29714674,0.0,0.0,0.0,0.23142855,0.0,0.20056954,0.22263432,0.11788067,0.4431001,0.0,0.28048295,0.0,0.0,0.18894547,0.0,0.0,0.261678,0.5492763,0.1924789,0.25064102,0.29099962,0.0027328432,0.47328508,0.4923968,0.35614353,0.30534348,0.0,0.094317526,0.0,0.0023768283,-0.058706228,0.1154575
0.23643273,-0.14140207,-0.08853874,0.5930177,0.0,0.0,0.0,0.35656303,0.34753093,0.322062,0.0,0.16122463,0.56099224,0.3110245,0.34478176,0.29570588,0.0,0.0,0.22959587,0.122872725,0.0,0.2437718,0.0,0.0,0.0,0.16702275,0.0,0.30425924,0.0,0.40631396,0.30550024,0.0,0.0,0.0,0.40270126,0.3807376,0.0,0.20497234,0.0,0.0,0.0,0.16117695,0.0,0.14690073,0.24896419,0.11142996,0.5463236,0.0,0.20799722,0.0,0.0,0.15485702,0.0,0.0,0.25608677,0.51607114,0.21220896,0.29961613,0.33512464,0.0,0.4948672,0.5020975,0.3541073,0.26606113,0.0,0.08149378,0.0,0.057373118,-0.023930077,0.18426323
0.4458589,-0.52792925,-1.2463745,0.0,0.09887189,0.0,0.0,0.7268571,0.030072778,0.9338112,0.0,0.7604072,0.8037112,0.029651314,0.0,0.0,0.0,0.0,0.0,0.2415656,0.0,0.5822207,0.2824394,0.0,0.0,0.69359064,0.20406678,0.9263624,0.0,0.62793237,0.81265557,0.0,0.17558752,0.0,0.0,1.0056554,0.0,0.0,0.0,0.0,0.0,0.0,0.0,0.0,0.0,0.017736979,0.45762742,0.0,0.118136905,0.0,0.0,0.20271982,0.0,0.0,0.31669784,0.44697797,0.0,0.16375732,0.86299974,0.0,0.67340773,0.94785196,1.0499113,0.27835107,0.0,0.0,0.0,-0.1447423,-0.50373334,0.6458501
-0.24550973,-1.3536325,-1.1474427,0.0,0.30556646,0.0,0.04056549,0.27271557,0.0,1.339624,0.0,0.76146173,0.9244975,0.56217,0.0,0.39632165,0.0,0.0,0.0,0.49638614,0.0,1.239183,0.042065173,0.0,0.0,0.4893095,0.1380277,0.23838302,0.0,0.7366029,1.1140665,0.0,0.49640554,0.0,0.24280348,1.1165793,0.0,0.0,0.0,0.0,0.0,0.021393487,0.0,0.0,0.0015846407,0.011505902,0.7449071,0.0,0.17549375,0.0,0.0,0.0,0.0,0.0,0.7828883,1.0417722,0.0,0.12477958,1.0271845,0.0,0.7677586,0.9338123,0.8395533,0.0,0.0,0.0,0.0,-0.3829425,-0.23988679,0.97296715
1.3423434,0.27285686,-0.8170746,0.21600828,0.0,0.06417745,0.0,0.97116363,0.7260189,0.26562682,0.0,0.59559476,0.7681242,0.0,0.0,0.0,0.0,0.402861,0.0,0.027082754,0.0,0.0,0.43465,0.0,0.20714484,0.84356993,0.04019267,1.410175,0.0,0.17195204,0.27558818,0.5329025,0.0,0.15826266,0.0,0.7709922,0.0,0.0,0.0,0.0,0.0,0.0,0.0,0.0,0.18429565,0.17361255,0.52313584,0.0,0.0,0.0,0.0,0.5239708,0.0,0.0,0.0,0.0,0.0,0.50711465,0.47293538,0.0,0.8176184,0.7014061,0.943936,0.6539675,0.0,0.0,0.0,0.28517503,-0.46588218,0.21571285
0.8621302,-0.053360425,0.19997169,0.8290117,0.0,0.053358734,0.0,0.34697795,0.625963,0.038750947,0.0,0.15774028,0.74482024,0.4086084,0.100388736,0.28191957,0.0,0.0,0.24269463,0.14419438,0.0,0.0,0.02405949,0.0,0.26121175,0.36752468,0.0,0.48409265,0.0,0.0,0.05545923,0.019356668,0.0,0.15400867,0.51613843,0.15402061,0.0,0.15116705,0.0,0.0,0.0,0.10898966,0.0,0.22144535,0.48070872,0.20353393,0.709846,0.0,0.048284754,0.0,0.0,0.22668287,0.0,0.035971336,0.048288897,0.294532,0.37790588,0.5381266,0.20249386,0.0,0.5920023,0.40435076,0.22498286,0.31898516,0.0,0.10110997,0.0,0.38704234,0.12175985,-0.02024138
0.21212834,1.9590582,2.3285768,2.305577,0.0,0.9392823,0.0,0.14370167,1.6977743,0.0,0.6521156,0.0,0.0,0.11264266,1.7030094,0.4740922,0.7597897,0.025058448,1.1510025,0.0,1.5290653,0.0,0.0,0.8481303,0.26010346,0.0,0.0,0.0,0.19976172,0.11371374,0.0,0.0,0.0,0.0,1.1090436,0.0,0.0,1.4475408,0.0,0.0,0.5021175,1.4999514,0.0,0.74704176,1.4496955,0.8850626,1.3979458,0.0,1.1532187,0.0,0.0,0.70638263,0.7740687,1.1030568,0.0,0.76911426,1.2004269,1.6387434,0.0,0.0,0.1579458,0.056124702,0.16707225,0.9738442,0.0,1.179522,0.0,0.55644745,0.7818664,-2.0011683
1.0652022,-0.27991074,-1.3419794,0.0,0.11736682,0.0,0.0,0.9436524,0.30612734,0.7593802,0.0,0.8740697,0.913404,0.0,0.0,0.0,0.0,0.11181146,0.0,0.1920128,0.0,0.20438097,0.48041868,0.0,0.05091265,0.975254,0.19062921,1.3752466,0.0,0.37428877,0.6711736,0.34376445,0.061053827,0.07955848,0.0,1.0741085,0.0,0.0,0.0,0.0,0.0,0.0,0.0,0.0,0.011769959,0.06639002,0.59127796,0.0,0.0,0.0,0.0,0.373453,0.0,0.0,0.12165247,0.16262321,0.0,0.33020085,0.81372523,0.0,0.821733,0.97324,1.2128036,0.49075812,0.0,0.0,0.0,0.071512565,-0.6010604,0.5277026
-0.28723645,1.122778,0.94464666,1.3139827,0.0,0.30895114,0.0,0.34433302,0.9307338,0.0,0.23591578,0.0,0.0,0.0,1.338263,0.31639594,0.36650488,0.0,0.70609176,0.0,0.63552195,0.0,0.0,0.18270802,0.0,0.0,0.0,0.0,0.29135656,0.7089209,0.0,0.0,0.0,0.0,0.5848973,0.10523945,0.0,0.92301744,0.0,0.0,0.0047870427,0.76005685,0.0,0.47921354,0.5768409,0.3378331,0.65170383,0.0,0.73465323,0.0,0.0,0.45379397,0.40367287,0.4331287,0.08425575,0.67259777,0.58281064,0.7266986,0.088534765,0.0,0.24089201,0.23959029,0.3064425,0.7287241,0.0,0.53926885,0.0,0.18333037,0.1722264,-0.8728231
1.1607822,0.43787792,-0.1514782,0.64988506,0.0,0.20266862,0.0,0.72809327,0.865275,0.0,0.0,0.2511596,0.632222,0.0,0.014781117,0.0,0.0,0.2925083,0.07645732,0.0,0.0,0.0,0.2156107,0.06073326,0.25709683,0.5223095,0.0,1.0021471,0.0,0.06288043,0.010028064,0.3654308,0.0,0.14809681,0.06842187,0.358283,0.0,0.12540214,0.0,0.0,0.0,0.0,0.0,0.20845959,0.3799477,0.24195708,0.46717215,0.0,0.021877473,0.0,0.0,0.4310785,0.0,0.0,0.0,0.0,0.18322818,0.5463536,0.22239907,0.0494335,0.706479,0.49231708,0.5069382,0.60015446,0.0,0.0485616,0.0,0.37354243,-0.18793409,-0.042378537
-1.304249,0.35678825,0.42509487,0.85800135,0.0,0.0,0.25921553,0.13703112,0.19737698,0.21324763,0.34674594,0.0,0.0,0.18618347,1.5066028,0.54389393,0.24132386,0.0,0.6568201,0.0,0.08151929,0.64433914,0.0,0.0,0.0,0.0,0.0,0.0,0.2906712,1.2856039,0.2655432,0.0,0.0,0.0,0.62360966,0.5032444,0.0,0.6982575,0.0,0.0,0.0,0.7525287,0.0,0.44455668,0.31542414,0.03649728,0.43993598,0.0,0.6649926,0.0,0.0,0.2356095,0.45972252,0.0759354,0.5219266,1.0662364,0.3946211,0.46927443,0.40171185,0.0,0.30610135,0.33762512,0.4171624,0.43866438,0.0,0.2201467,0.0,-0.27164626,0.12159763,-0.20518364
0.33121476,-0.66723293,-0.4370656,0.33809662,0.094453126,0.0,0.0,0.31129417,0.08296454,0.6548837,0.0,0.44143412,0.82681024,0.48042953,0.020783782,0.3367707,0.0,0.0,0.07965045,0.3098749,0.0,0.50462097,0.030704081,0.0,0.0,0.42140514,0.0,0.3646233,0.0,0.32136744,0.5570719,0.0,0.056591734,0.0,0.38698393,0.6325552,0.0,0.0,0.0,0.0,0.0,0.023523912,0.0,0.0,0.19319966,0.06071633,0.7130558,0.0,0.08237752,0.0,0.0,0.013535224,0.0,0.0,0.4287944,0.5940822,0.06600581,0.28080896,0.5770469,0.0,0.5974028,0.6318952,0.5055541,0.048995838,0.0,0.0,0.0,-0.0294994,-0.042989496,0.5795027
-1.5735143,-2.0560408,-0.3877182,0.15603188,0.30869523,0.0,0.84552085,0.0,0.0,1.5353472,0.3066172,0.33287656,0.7663155,1.2983483,0.6126355,1.1406225,0.0,0.0,0.36280566,0.68235064,0.0,1.99067,0.0,0.0,0.0,0.0,0.0,0.0,0.0,0.9987026,1.2468933,0.0,0.6803925,0.0,1.1038609,1.3162898,0.0,0.0,0.0,0.0,0.0,0.8299298,0.0,0.0,0.19086123,0.039963946,0.994264,0.0,0.32914326,0.0,0.0,0.0,0.017285198,0.0,1.4038988,2.0290036,0.0,0.3581779,1.1835653,0.0,0.69868594,0.77759576,0.49183258,0.0,0.0,0.0,0.0,-0.69474757,0.20313555,1.073983
-0.6368084,0.46064678,0.6048767,1.026621,0.0,0.0,0.0,0.18547729,0.47532535,0.0,0.24332151,0.0,0.0,0.22586633,1.216721,0.4762482,0.09869829,0.0,0.62403595,0.0,0.1944413,0.23973942,0.0,0.0,0.0,0.0,0.0,0.0,0.12604874,0.8438689,0.045693204,0.0,0.0,0.0,0.6575166,0.22880316,0.0,0.65743846,0.0,0.0,0.0,0.6523836,0.0,0.4379232,0.37632617,0.124374166,0.51990205,0.0,0.54760385,0.0,0.0,0.29381025,0.31310192,0.20875047,0.30452695,0.7615481,0.48766378,0.4833355,0.17327698,0.0,0.30391705,0.2793398,0.2842029,0.46569127,0.0,0.3102791,0.0,0.004984908,0.1437632,-0.4117399
-0.56884825,0.90791726,-0.79358387,0.1442214,0.0,0.0,0.0,0.9681518,0.43501717,0.392841,0.0,0.03590979,0.0,0.0,0.97738147,0.0,0.20781443,0.0,0.10802163,0.0,0.0,0.34800112,0.0,0.0,0.0,0.0,0.39726046,0.66608036,0.7672078,1.5188341,0.45861706,0.0,0.0,0.0,0.0,0.7157369,0.0,0.63911337,0.0,0.0,0.0,0.20686352,0.0,0.17113847,0.0,0.08865282,0.0,0.0,0.72736216,0.0,0.0,0.4946582,0.0,0.0,0.38141257,0.652197,0.0,0.061199527,0.5787602,0.016584106,0.3120558,0.5949885,0.86023283,0.8517403,0.0,0.0,0.0,-0.42101204,-0.5521321,-0.0118018165
1.4963863,0.9468479,-1.8039958,0.0,0.0,0.1172861,0.0,1.6776416,0.8855462,0.41219252,0.0,0.8729696,0.5215787,0.0,0.0,0.0,0.0,0.8035207,0.0,0.0,0.0,0.0,0.7650773,0.105502486,0.006843701,1.083416,0.49018386,2.277984,0.5759748,0.7003963,0.45560038,0.97685754,0.0,0.0028389543,0.0,1.3846601,0.0,0.14743571,0.0,0.0,0.0,0.0,0.0,0.0,0.0,0.124463275,0.2441275,0.0,0.1925894,0.0,0.0,0.9329132,0.0,0.0,0.03767199,0.0,0.0,0.4359799,0.864005,0.038089752,0.83250237,0.9700335,1.6344974,1.2069136,0.0,0.0,0.0,0.050322328,-1.0268654,0.16803832
1.6353151,0.77602255,-0.09430979,0.7402033,0.0,0.42084187,0.0,0.89653504,1.1651946,0.0,0.0,0.25198445,0.650951,0.0,0.0,0.0,0.0,0.66829765,0.031254947,0.0,0.098141804,0.0,0.33825445,0.31710833,0.41300756,0.6697513,0.0,1.3242024,0.0,0.0,0.0,0.67930424,0.0,0.27229595,0.0,0.51638603,0.0,0.1343882,0.0,0.0,0.0,0.0,0.0,0.1791213,0.5896327,0.416637,0.5797436,0.0,0.047189657,0.0,0.0,0.63922286,0.0,0.06386262,0.0,0.0,0.20385984,0.81628865,0.15750863,0.021563798,0.9306131,0.49474818,0.71806574,0.7424813,0.0,0.12293408,0.0,0.5618932,-0.19901691,-0.16449559
-0.61434793,1.6662403,2.462104,2.3194802,0.0,0.69512224,0.0,0.0,1.3471136,0.0,0.96257496,0.0,0.0,0.3271366,2.0958323,0.7544179,0.8763317,0.0,1.3196508,0.0,1.4349564,0.0,0.0,0.55964315,0.007843867,0.0,0.0,0.0,0.20910275,0.46210435,0.0,0.0,0.0,0.0,1.3655432,0.049898453,0.0,1.5139681,0.0,0.03610786,0.57660973,1.6224668,0.0,0.8264436,1.3532329,0.7415524,1.4769012,0.0,1.201018,0.0,0.0,0.580937,0.9955976,1.0493281,0.18838355,1.0990112,1.3446879,1.6114274,0.043988317,0.0,0.059320394,0.071547106,0.19987868,0.9160879,0.0,1.2025263,0.0,0.35272318,0.885924,-1.9398894
-1.4333792,0.26913732,2.1664314,1.9833798,0.0,0.029999852,0.46771568,0.0,0.4388227,0.0,1.1939975,0.0,0.0,1.0289062,1.9921427,1.2663044,0.36947325,0.0,1.313143,0.0,0.6528592,0.3312192,0.0,0.0,0.0,0.0,0.0,0.0,0.0,0.6238517,0.0,0.0,0.0,0.0,1.7968993,0.28713113,0.0,1.1455548,0.0,0.0,0.49505645,1.571915,0.0,0.72436935,0.9652365,0.27845818,1.3409507,0.0,0.881611,0.0,0.0,0.3369739,0.8573947,0.707747,0.76004225,1.4753094,1.2495695,1.2340024,0.2399068,0.0,0.117024615,0.099349424,0.032440193,0.5511451,0.0,0.8634137,0.0,-0.030516569,0.9018729,-1.1620837
-1.1653973,-1.0684133,1.707119,1.6163023,0.0,0.0,0.6054281,0.0,0.0,0.16385335,1.0583049,0.0,0.47878104,1.6552215,1.2619555,1.5315137,0.0,0.0,1.0842838,0.4182737,0.0,0.88087547,0.0,0.0,0.0,0.0,0.0,0.0,0.0,0.21710682,0.10949075,0.0,0.0,0.0,2.0324337,0.44539225,0.0,0.7150344,0.0,0.0,0.36327952,1.3929402,0.0,0.39912632,0.8369169,0.1297905,1.3983253,0.0,0.41207024,0.0,0.0,0.051295355,0.43452466,0.33135152,1.085645,1.6118171,1.1518292,1.0070221,0.50939,0.0,0.30090582,0.19564438,0.0,0.072686926,0.0,0.5266813,0.0,-0.08838065,0.97006035,-0.3144709
-0.53163004,-1.5786725,-0.7965421,0.0,0.32734945,0.0,0.24424791,0.0,0.0,1.3277224,0.0,0.6103976,0.92355967,0.8515681,0.09363818,0.65546,0.0,0.0,0.06369212,0.5692247,0.0,1.3881435,0.0,0.0,0.0,0.28851146,0.01279249,0.0,0.0,0.69275796,1.0892553,0.0,0.5208772,0.0,0.5800417,1.0785793,0.0,0.0,0.0,0.0,0.0,0.23656934,0.0,0.0,0.07488074,0.0036971942,0.87851804,0.0,0.13229942,0.0,0.0,0.0,0.0,0.0,0.94616675,1.3142363,0.0,0.17857884,0.9988551,0.0,0.73903453,0.8148733,0.6109189,0.0,0.0,0.0,0.0,-0.4252764,-0.04988605,0.9745281
-0.47872746,0.17263085,0.26481548,0.7964498,0.0,0.0,0.0,0.23797312,0.33492896,0.18991089,0.07646489,0.0,0.16883007,0.25424543,0.9420924,0.42538536,0.0,0.0,0.47128695,0.0,0.0,0.36732852,0.0,0.0,0.0,0.0,0.0,0.0,0.034437127,0.7943237,0.2213856,0.0,0.0,0.0,0.54578465,0.3376338,0.0,0.48800504,0.0,0.0,0.0,0.4719737,0.0,0.31255078,0.27020198,0.08684388,0.4550802,0.0,0.4261017,0.0,0.0,0.22970694,0.19688323,0.0117402,0.34059078,0.7211404,0.32465166,0.3239533,0.24137586,0.0,0.4014122,0.3924765,0.3206191,0.3324612,0.0,0.18693301,0.0,-0.05399343,0.051404234,-0.08092564
0.4296718,-1.2602543,0.5359515,0.9439786,0.30946288,0.0,0.0,0.0,0.031783223,0.43385065,0.120447755,0.2048696,1.1270686,1.2931656,0.008412957,0.9111707,0.0,0.0,0.4125227,0.56357,0.0,0.4796899,0.0,0.0,0.27799022,0.29279608,0.0,0.0,0.0,0.0,0.31485298,0.0,0.043139413,0.21296166,1.2558815,0.4006542,0.0,0.0,0.0,0.0,0.0,0.44903672,0.0,0.01606527,0.67818695,0.20285298,1.2838262,0.0,0.0,0.0,0.0,0.0,0.0,0.0,0.66466963,0.89448065,0.5514893,0.6181831,0.3627148,0.0,0.77286816,0.47881198,0.09377002,0.0,0.0,0.15065336,0.0,0.2976582,0.52823824,0.3849243
1.2524958,0.532137,0.0072178636,0.7657815,0.0,0.2819172,0.0,0.7088111,0.9628315,0.0,0.0,0.18521696,0.6234054,0.0,0.03685105,0.0,0.0,0.3610155,0.12227598,0.0,0.015923306,0.0,0.2010078,0.144099,0.3138957,0.5006656,0.0,0.9912615,0.0,0.0,0.0,0.40650675,0.0,0.18499185,0.1271322,0.33028972,0.0,0.16988222,0.0,0.0,0.0,0.0,0.0,0.23707819,0.47999886,0.2959417,0.5168896,0.0,0.0480619,0.0,0.0,0.47539318,0.0,0.03383837,0.0,0.0,0.24084021,0.6372554,0.16393849,0.052437447,0.7485911,0.47204322,0.4910206,0.62562776,0.0,0.09833205,0.0,0.45006633,-0.1381897,-0.13266079
-0.25446343,0.13701016,0.5287924,0.98187214,0.0,0.0,0.0,0.13945018,0.43479183,0.043491468,0.14340779,0.0,0.26489967,0.40384173,0.8721444,0.5065906,0.0,0.0,0.5338179,0.006475944,0.009803727,0.21320924,0.0,0.0,0.0,0.0,0.0,0.0,0.0,0.5399372,0.086955756,0.0,0.0,0.0,0.7181972,0.21376283,0.0,0.5055132,0.0,0.0,0.0,0.50960803,0.0,0.36486065,0.3737617,0.10618229,0.5959789,0.0,0.36176175,0.0,0.0,0.21669109,0.19928882,0.11847003,0.28443384,0.6964825,0.49484563,0.42360398,0.18895878,0.0,0.3838048,0.34096685,0.1884301,0.31773195,0.0,0.2585154,0.0,0.08022925,0.17695141,-0.21403618
0.6887653,-0.3675539,1.5707773,1.6946907,0.0,0.18029375,0.0,0.0,0.687675,0.0,0.4323288,0.0,0.82601357,1.2211747,0.43752927,0.9497192,0.0,0.0,0.76642,0.2898433,0.13053901,0.0,0.0,0.0,0.4977786,0.0,0.0,0.0,0.0,0.0,0.0,0.0,0.0,0.2958315,1.5448114,0.0,0.0,0.4801311,0.0,0.0,0.16934805,0.761732,0.0,0.4070258,1.0660939,0.44084424,1.3444248,0.0,0.20559171,0.0,0.0,0.19326079,0.17589146,0.4910183,0.40283105,0.8319336,1.0200007,0.9622897,0.015472412,0.0,0.6566021,0.1585758,0.0,0.08940327,0.0,0.438863,0.0,0.5844102,0.7989953,-0.5180835
0.061135393,-0.10205852,0.9147064,1.2403375,0.0,0.00091065466,0.0,0.0,0.49559593,0.0,0.2649822,0.0,0.4838732,0.73769677,0.7118702,0.69456214,0.0,0.0,0.6242428,0.12803866,0.029198214,0.07323776,0.0,0.0,0.11146705,0.0,0.0,0.0,0.0,0.114898235,0.0,0.0,0.0,0.0,1.0478148,0.08052434,0.0,0.4722908,0.0,0.0,0.03098172,0.5891774,0.0,0.3675574,0.56895727,0.18961792,0.90400964,0.0,0.26204994,0.0,0.0,0.17977656,0.18427378,0.2299972,0.33093348,0.724499,0.7457212,0.6066778,0.13753578,0.0,0.40935224,0.2902139,0.004403457,0.22687206,0.0,0.35247326,0.0,0.2729501,0.42701158,-0.31395912
-1.53453,-2.5988772,-0.6944427,0.0,0.5558301,0.0,0.92353094,0.0,0.0,1.8673337,0.21430823,0.5882505,1.0199692,1.4954545,0.3244766,1.2122611,0.0,0.0,0.23630565,0.87292826,0.0,2.2754388,0.0,0.0,0.0,0.0,0.0,0.0,0.0,0.9247813,1.4970292,0.0,0.9334149,0.0,1.1255932,1.5308691,0.0,0.0,0.0,0.0,0.0,0.74151534,0.0,0.0,0.11377063,0.024778202,1.151834,0.0,0.18238409,0.0,0.0,0.0,0.0,0.0,1.56578,2.2129145,0.0,0.27529845,1.4125503,0.0,0.88875556,0.9933805,0.5705942,0.0,0.0,0.0,0.0,-0.7886158,0.118900016,1.312527
0.035058953,0.43181634,-1.090288,0.0,0.0,0.0,0.0,0.9847692,0.35401744,0.58351207,0.0,0.39202338,0.2329034,0.0,0.40027982,0.0,0.0,0.0,0.0,0.0,0.0,0.3329402,0.17031325,0.0,0.0,0.25805944,0.3503332,0.96822786,0.45089582,1.1222264,0.58297896,0.0,0.0,0.0,0.0,0.8356292,0.0,0.2842548,0.0,0.0,0.0,0.0,0.0,0.0049306825,0.0,0.063626245,0.04462694,0.0,0.47496775,0.0,0.0,0.472797,0.0,0.0,0.30175817,0.44993907,0.0,0.0446334,0.6799921,0.0,0.43082905,0.7062,0.9737403,0.72128135,0.0,0.0,0.0,-0.28504464,-0.6425275,0.21149576
-0.8132676,-0.22657049,1.177125,1.3460085,0.0,0.0,0.22389507,0.0,0.22752008,0.0077079535,0.62905824,0.0,0.22932027,0.9052812,1.2226139,0.97105265,0.0,0.0,0.8498812,0.11992203,0.06238456,0.4806025,0.0,0.0,0.0,0.0,0.0,0.0,0.0,0.49399054,0.03334859,0.0,0.0,0.0,1.3216456,0.29277426,0.0,0.6739904,0.0,0.0,0.12427674,0.9792182,0.0,0.45930204,0.60759526,0.10981913,0.9315243,0.0,0.44698095,0.0,0.0,0.18151683,0.38706613,0.28628588,0.618659,1.1085899,0.851733,0.732591,0.29252094,0.0,0.3016286,0.23110278,0.043544598,0.25539336,0.0,0.42288104,0.0,0.020822596,0.5534843,-0.40139675
-1.9604508,1.5035428,1.7283357,1.7394598,0.0,0.21294944,0.4006291,0.0,0.7390795,0.0,0.99470353,0.0,0.0,0.049207136,2.6020403,0.73083675,1.160351,0.0,1.2504286,0.0,1.0991137,0.16109733,0.0,0.08098805,0.0,0.0,0.0,0.0,0.67730105,1.5197251,0.0,0.0,0.0,0.0,1.037175,0.328289,0.0,1.4245725,0.0,0.032640375,0.4153043,1.4441453,0.0,0.8514919,0.90337163,0.38178664,1.0268145,0.0,1.2270155,0.0,0.0,0.42581815,1.1468182,0.72464406,0.4240085,1.4191225,1.0395565,1.2685997,0.28995615,0.0,0.03490626,0.13090548,0.39985082,0.9088713,0.0,0.82600766,0.0,-0.15436053,0.615072,-1.4198234
-1.2409091,-0.40626204,-0.04355289,0.50742304,0.0,0.0,0.36221844,0.046052247,0.0,0.69463766,0.19744343,0.0,0.1540539,0.44646156,1.0872285,0.6288612,0.0,0.0,0.4639771,0.11633701,0.0,1.0494318,0.0,0.0,0.0,0.0,0.010643654,0.0,0.0070769787,1.1918634,0.6300454,0.0,0.004066527,0.0,0.6293252,0.7402293,0.0,0.3602897,0.0,0.0,0.0,0.67449385,0.0,0.2425197,0.24392362,0.033205196,0.49978572,0.0,0.56397235,0.0,0.0,0.062061593,0.321565,0.0,0.74772924,1.2162021,0.14344499,0.33399975,0.53524363,0.0,0.4176457,0.4197172,0.46531552,0.16559562,0.0,0.06711607,0.0,-0.40242833,0.12853153,0.28778327
-0.16496,1.0918155,0.5445307,1.0583397,0.0,0.24960126,0.0,0.51890635,0.8807008,0.0,0.022554696,0.0,0.0,0.0,1.1573998,0.15502162,0.28046665,0.0,0.54060143,0.0,0.4792776,0.0,0.0,0.13834998,0.0,0.0,0.0,0.17732783,0.36415708,0.78866714,0.0,0.0,0.0,0.0,0.33074516,0.17268503,0.0,0.83492947,0.0,0.0,0.0,0.5432446,0.0,0.39033943,0.3977073,0.28271776,0.43117374,0.0,0.63082993,0.0,0.0,0.455652,0.1838687,0.2784692,0.051861327,0.54354155,0.39526296,0.5573328,0.1298225,0.0,0.30402923,0.29488584,0.39083153,0.76007456,0.0,0.36387536,0.0,0.108771354,-0.025369022,-0.6463343
0.6988951,-1.1136928,-1.8303081,0.0,0.4178134,0.0,0.0,0.77886236,0.0,1.3610855,0.0,1.1827606,1.1516733,0.13413545,0.0,0.0,0.0,0.0,0.0,0.45408192,0.0,0.8488523,0.48200345,0.0,0.0,1.1076955,0.29696003,1.1773427,0.0,0.5244237,1.1411017,0.027201265,0.48713833,0.013810143,0.0,1.4125768,0.0,0.0,0.0,0.0,0.0,0.0,0.0,0.0,0.0,0.0,0.7515614,0.0,0.0,0.0,0.0,0.13650444,0.0,0.0,0.40793365,0.62925875,0.0,0.25628626,1.2299694,0.0,0.94221866,1.3573773,1.4599499,0.17211626,0.0,0.0,0.0,-0.18012258,-0.60484046,0.99452376
-0.64268386,0.3364483,0.2434135,0.7818625,0.0,0.0,0.0,0.29066053,0.3533485,0.169702,0.09162682,0.0,0.03796631,0.13785556,1.0847584,0.38251013,0.0066393316,0.0,0.49055016,0.0,0.0066836923,0.38084075,0.0,0.0,0.0,0.0,0.0,0.0,0.16933587,0.9548235,0.2181465,0.0,0.0,0.0,0.47443146,0.35226506,0.0,0.55751,0.0,0.0,0.0,0.49104342,0.0,0.3289531,0.22440453,0.0706131,0.36468714,0.0,0.5029348,0.0,0.0,0.27764267,0.21723211,0.016490605,0.34290415,0.7358837,0.28761852,0.30559152,0.25352234,0.0,0.37405998,0.37818164,0.38423157,0.41385746,0.0,0.17925519,0.0,-0.11742662,-0.014558841,-0.13147806
0.71692544,0.83822876,-1.808003,0.0,0.0,0.0,0.0,1.5379038,0.6041189,0.60913503,0.0,0.73377454,0.29300892,0.0,0.0,0.0,0.0,0.3250733,0.0,0.0,0.0,0.005130917,0.55707747,0.0,0.0,0.72640514,0.58465445,1.8540446,0.7133224,1.1362641,0.6295806,0.567055,0.0,0.0,0.0,1.2409284,0.0,0.2564754,0.0,0.0,0.0,0.0,0.0,0.0,0.0,0.07982752,0.04051864,0.0,0.40720537,0.0,0.0,0.774827,0.0,0.0,0.22969152,0.14536664,0.0,0.12743561,0.88006234,0.0,0.6505379,0.91442066,1.4734033,1.1069255,0.0,0.0,0.0,-0.18743496,-0.9968349,0.17015783
0.026189614,1.5363632,0.86451983,1.3084917,0.0,0.4892624,0.0,0.58072376,1.1902139,0.0,0.07140955,0.0,0.0,0.0,1.2866826,0.089622885,0.48114768,0.0,0.63590777,0.0,0.80785596,0.0,0.0,0.41416335,0.0,0.0,0.0,0.24717295,0.45848027,0.6867705,0.0,0.0,0.0,0.0,0.34419477,0.14833622,0.0,1.0700012,0.0,0.0,0.0,0.7312992,0.0,0.4500288,0.62045974,0.46071285,0.57719415,0.0,0.79735065,0.0,0.0,0.5585377,0.2468206,0.44781107,0.0,0.5441064,0.53388125,0.8199061,0.13060248,0.0,0.26673967,0.2643409,0.42244506,0.9274982,0.0,0.5408239,0.0,0.22927508,0.06470981,-0.9874457
0.337509,-0.19040334,-0.7130358,0.18799499,0.0,0.0,0.0,0.61739016,0.24227104,0.59401953,0.0,0.44561887,0.61700565,0.06031303,0.11225733,0.05746463,0.0,0.0,0.0,0.12800972,0.0,0.36417684,0.12470667,0.0,0.0,0.413929,0.0717561,0.6894629,0.0,0.5846228,0.54043126,0.0,0.0,0.0,0.011685818,0.6723281,0.0,0.004107192,0.0,0.0,0.0,0.0,0.0,0.0,0.07640711,0.079800144,0.3987856,0.0,0.19843778,0.0,0.0,0.19325301,0.0,0.0,0.22298986,0.376298,0.0,0.1833052,0.56672806,0.0,0.5589185,0.6664599,0.7122559,0.33264703,0.0,0.0,0.0,-0.05487149,-0.3340255,0.4139691
0.13131164,-0.6910608,-0.9937682,0.0,0.09463754,0.0,0.0,0.5148374,0.0,0.9471344,0.0,0.62886155,0.7649938,0.23510024,0.0,0.1604792,0.0,0.0,0.0,0.28674188,0.0,0.7416518,0.12593673,0.0,0.0,0.49639267,0.12900475,0.57044286,0.0,0.66138726,0.81523037,0.0,0.20218174,0.0,0.047656327,0.9197879,0.0,0.0,0.0,0.0,0.0,0.0,0.0,0.0,0.004288449,0.027178906,0.49540758,0.0,0.15640591,0.0,0.0,0.06837533,0.0,0.0,0.4636111,0.60323626,0.0,0.12684332,0.8092434,0.0,0.6348868,0.8091169,0.83645576,0.105925314,0.0,0.0,0.0,-0.21651168,-0.33029848,0.70378476
-0.30111188,1.7082286,-0.264241,0.5589033,0.0,0.25597566,0.0,1.0897542,0.96081877,0.0,0.0,0.0,0.0,0.0,1.2407565,0.0,0.5897393,0.0,0.27394637,0.0,0.4939878,0.0,0.0,0.24617702,0.0,0.0,0.2843522,0.78009653,0.97004765,1.4004745,0.0,0.020628065,0.0,0.0,0.0,0.47784787,0.0,1.0238817,0.0,0.0,0.0,0.44805726,0.0,0.33121312,0.26304924,0.32202315,0.069713436,0.0,0.81162274,0.0,0.0,0.670712,0.0,0.08773652,0.10879931,0.5136498,0.18168645,0.45273003,0.40380967,0.0,0.25080082,0.41332227,0.7469901,1.1607419,0.0,0.12757032,0.0,-0.15414883,-0.3993922,-0.5852115
-0.94269216,0.6222003,0.5855043,1.0037725,0.0,0.0,0.05160263,0.21841563,0.45064083,0.0,0.29688683,0.0,0.0,0.10711849,1.4381673,0.45613623,0.2802827,0.0,0.6653269,0.0,0.26655316,0.32133776,0.0,0.0,0.0,0.0,0.0,0.0,0.29449838,1.0882754,0.06858529,0.0,0.0,0.0,0.596924,0.28606212,0.0,0.75313896,0.0,0.0,0.0,0.70940506,0.0,0.47822154,0.37303886,0.1235605,0.477697,0.0,0.6479217,0.0,0.0,0.30658245,0.40629584,0.2018439,0.33323675,0.84813905,0.48552516,0.516466,0.23444982,0.0,0.27022517,0.29160127,0.35066855,0.5298382,0.0,0.30872697,0.0,-0.079732075,0.12478466,-0.45530516
-0.052267708,-0.13740444,0.3032189,0.8304137,0.0,0.0,0.0,0.15388341,0.33445942,0.20611429,0.016338319,0.0,0.45772925,0.47739553,0.6068546,0.48839718,0.0,0.0,0.4166119,0.1134679,0.0,0.286922,0.0,0.0,0.0,0.0,0.0,0.0,0.0,0.42147323,0.20677271,0.0,0.0,0.0,0.672494,0.2679497,0.0,0.34991992,0.0,0.0,0.0,0.3937014,0.0,0.23598519,0.33954036,0.11902198,0.62161934,0.0,0.26636553,0.0,0.0,0.13547008,0.10366391,0.0,0.33033404,0.6838617,0.40263525,0.3498652,0.2371726,0.0,0.43658108,0.412875,0.19166188,0.19869718,0.0,0.17630023,0.0,0.06756979,0.16833514,0.028915375
0.22782907,0.4628078,-0.79758734,0.16655824,0.0,0.0,0.0,0.8961128,0.4787417,0.405537,0.0,0.30789512,0.28834236,0.0,0.37829548,0.0,0.0,0.0,0.0,0.0,0.0,0.15870795,0.14400052,0.0,0.0,0.2576946,0.21866447,0.91012454,0.3317689,0.8966363,0.42625326,0.03691396,0.0,0.0,0.0,0.67221063,0.0,0.29644364,0.0,0.0,0.0,0.0,0.0,0.09078357,0.014592538,0.09922129,0.12888384,0.0,0.38048264,0.0,0.0,0.42948353,0.0,0.0,0.17977342,0.3545195,0.0,0.12334111,0.53939813,0.005261168,0.45913315,0.6405255,0.8098781,0.6927686,0.0,0.0,0.0,-0.16274036,-0.5383009,0.13545209
-1.0768697,0.4223495,1.9044968,1.845365,0.0,0.10464387,0.25496566,0.0,0.5644593,0.0,0.9628097,0.0,0.0,0.8267243,1.7799203,1.0568798,0.31781992,0.0,1.1659065,0.0,0.6345074,0.1582242,0.0,0.0,0.0,0.0,0.0,0.0,0.0,0.56572616,0.0,0.0,0.0,0.0,1.5426583,0.21618922,0.0,1.0538958,0.0,0.0,0.3948229,1.3464884,0.0,0.6653623,0.886326,0.31185007,1.2236183,0.0,0.8129407,0.0,0.0,0.35226038,0.7472331,0.66717863,0.5782613,1.2477959,1.1214797,1.1144793,0.15977988,0.0,0.1508643,0.118878745,0.0808528,0.55770195,0.0,0.80632323,0.0,0.068247646,0.7544476,-1.1048601
-1.6873876,1.5219902,2.3917677,2.1929362,0.0,0.40442628,0.32458138,0.0,0.9501412,0.0,1.2273078,0.0,0.0,0.34886742,2.625517,0.93931913,1.134541,0.0,1.4528612,0.0,1.3415393,0.0,0.0,0.2477724,0.0,0.0,0.0,0.0,0.42041942,1.0903196,0.0,0.0,0.0,0.0,1.4435554,0.24426517,0.0,1.6010013,0.0,0.089384355,0.63638496,1.7320462,0.0,0.901554,1.2216055,0.57765454,1.4241638,0.0,1.2966387,0.0,0.0,0.5146302,1.2446837,0.984521,0.43846944,1.4492843,1.3372068,1.5813785,0.18710348,0.0,0.012794457,0.076022446,0.28143567,0.937774,0.0,1.1353978,0.0,0.035478607,0.8944136,-1.821524
2.2622056,2.1354647,-0.036215134,0.905673,0.0,0.9873457,0.0,1.4848435,1.9561186,0.0,0.0,0.052567802,0.2711131,0.0,0.01938498,0.0,0.021541417,1.4668885,0.0,0.0,0.7784625,0.0,0.54060584,1.0345483,0.5323864,0.6905226,0.0,2.0775883,0.4914842,0.0,0.0,1.3474638,0.0,0.30489975,0.0,0.83710945,0.0,0.47601026,0.0,0.0,0.0,0.3134594,0.0,0.16002953,0.9961095,0.86524373,0.600342,0.0,0.38723952,0.0,0.0,1.2535511,0.0,0.38639283,0.0,0.0,0.27696472,1.3564343,0.0058552325,0.06294354,1.0832131,0.42220724,1.1390829,1.3683777,0.0,0.32691312,0.0,0.79556113,-0.31542537,-0.8183089
-1.8624249,-1.6501135,0.2617979,0.58743286,0.0541009,0.0,0.9351307,0.0,0.0,1.1545048,0.6377001,0.0,0.4854911,1.3336775,1.0799246,1.2878189,0.0,0.0,0.65041625,0.5348353,0.0,1.8020704,0.0,0.0,0.0,0.0,0.0,0.0,0.0,1.0388212,0.9458058,0.0,0.4200374,0.0,1.3757262,1.1025951,0.0,0.3074038,0.0,0.0,0.0,1.1576136,0.0,0.17778145,0.40378943,0.07695095,0.9898578,0.0,0.54994917,0.0,0.0,0.0,0.27511573,0.0,1.3769629,2.0514479,0.25572038,0.608233,0.97514,0.0,0.47330695,0.5014567,0.3088725,0.0,0.0,0.11462488,0.0,-0.62350476,0.49534214,0.62608385
1.6092191,1.3314303,-1.8367178,0.0,0.0,0.2541771,0.0,1.8569307,1.0809977,0.25868392,0.0,0.8226762,0.3910974,0.0,0.0,0.0,0.0,0.99731135,0.0,0.0,0.0,0.0,0.8184991,0.28672194,0.007020265,1.0726817,0.5453643,2.4866748,0.7633765,0.77029544,0.34887138,1.1435235,0.0,0.0,0.0,1.4482216,0.0,0.26952899,0.0,0.0,0.0,0.0,0.0,0.0,0.056971963,0.17132472,0.14735529,0.0,0.23756279,0.0,0.0,1.0937452,0.0,0.0,0.0,0.0,0.0,0.50892127,0.8695475,0.093195595,0.8486456,0.93626183,1.7127011,1.3864732,0.0,0.0,0.0,0.05058969,-1.0953087,0.04475762
-0.4931887,0.22021559,0.8000018,1.1487048,0.0,0.0,0.0,0.025790006,0.449175,0.0,0.3220782,0.0,0.14396518,0.4680267,1.1031116,0.6167786,0.0,0.0,0.6703422,0.0,0.14616455,0.22739416,0.0,0.0,0.0,0.0,0.0,0.0,0.0,0.5998705,0.0052319467,0.0,0.0,0.0,0.8742541,0.19397825,0.0,0.602291,0.0,0.0,0.0,0.6978936,0.0,0.45481402,0.4674665,0.12980267,0.6895627,0.0,0.45683825,0.0,0.0,0.24171016,0.31448275,0.24127941,0.33426452,0.8046846,0.6336663,0.56232595,0.1559392,0.0,0.3254779,0.25749433,0.1730728,0.3595553,0.0,0.35170996,0.0,0.10272143,0.29193485,-0.40669376
1.4909558,0.5235911,-0.67210513,0.33657694,0.0,0.20142837,0.0,1.0263989,0.90631354,0.077903464,0.0,0.5116894,0.7101191,0.0,0.0,0.0,0.0,0.55650115,0.0,0.0,0.0,0.0,0.44478124,0.0941166,0.26799518,0.82303464,0.0035123453,1.4899079,0.011916272,0.10441294,0.12786198,0.64723563,0.0,0.19123717,0.0,0.7172695,0.0,0.0012555718,0.0,0.0,0.0,0.0,0.0,0.058873627,0.2956401,0.24247502,0.51160896,0.0,0.0,0.0,0.0,0.607834,0.0,0.0,0.0,0.0,0.05825407,0.62472963,0.37919173,0.022908658,0.8619668,0.62908214,0.8877671,0.72945833,0.0,0.0036226776,0.0,0.36917603,-0.40488768,0.10248752
0.2466207,-0.2417993,-0.6766653,0.2025047,0.0,0.0,0.0,0.5701265,0.19930516,0.6155127,0.0,0.42334202,0.60761297,0.10563682,0.15433013,0.10357699,0.0,0.0,0.01097849,0.14145029,0.0,0.42071718,0.089099914,0.0,0.0,0.3688131,0.06309091,0.60577214,0.0,0.60786617,0.55640584,0.0,0.0,0.0,0.061846614,0.667637,0.0,0.0070718825,0.0,0.0,0.0,0.0,0.0,0.0,0.088912606,0.07609251,0.41866213,0.0,0.21384564,0.0,0.0,0.16932435,0.0,0.0,0.2758083,0.43250108,0.0,0.18039888,0.5579201,0.0,0.5558772,0.65264654,0.67620933,0.29150724,0.0,0.0,0.0,-0.07501961,-0.2946063,0.43713504
-0.2680549,-1.755542,-0.54970914,0.15586752,0.43761465,0.0,0.1836471,0.0,0.0,1.2344868,0.0,0.60705996,1.0961444,1.0819463,0.0,0.7751242,0.0,0.0,0.11189559,0.6600568,0.0,1.2794063,0.0,0.0,0.0,0.37726068,0.0,0.0,0.0,0.37597966,0.9903015,0.0,0.50781274,0.0,0.797009,1.0125511,0.0,0.0,0.0,0.0,0.0,0.26312748,0.0,0.0,0.15735894,0.02937451,1.0883628,0.0,0.0026416406,0.0,0.0,0.0,0.0,0.0,0.95582867,1.2897844,0.0,0.28033116,0.96000403,0.0,0.77734256,0.83836347,0.5190798,0.0,0.0,0.0,0.0,-0.31603104,0.049954142,0.9735563
-0.584698,1.2809614,-0.04697735,0.65525764,0.0,0.10407509,0.0,0.7930876,0.72937554,0.0,0.0,0.0,0.0,0.0,1.3059406,0.0,0.4688854,0.0,0.38970602,0.0,0.36329895,0.020350546,0.0,0.03590682,0.0,0.0,0.17773435,0.36746183,0.74709594,1.3442216,0.077786595,0.0,0.0,0.0,0.0,0.38559753,0.0,0.8935111,0.0,0.0,0.0,0.40383708,0.0,0.3265729,0.17641138,0.2105193,0.1213281,0.0,0.74546754,0.0,0.0,0.4812942,0.09734365,0.07876777,0.14521858,0.58136714,0.18613148,0.3708271,0.33716404,0.0,0.2600155,0.37520733,0.63331103,0.88973993,0.0,0.16898794,0.0,-0.17961851,-0.289155,-0.43590528
0.6178258,1.0315983,-0.9703725,0.115317106,0.0,0.11186297,0.0,1.2427948,0.8118669,0.18884984,0.0,0.3310411,0.1742521,0.0,0.31426153,0.0,0.0,0.2550342,0.0,0.0,0.0,0.0,0.3148653,0.066128045,0.0,0.38792366,0.3153583,1.400034,0.59058404,0.9164535,0.27503416,0.4155821,0.0,0.0,0.0,0.8128086,0.0,0.40763444,0.0,0.0,0.0,0.0,0.0,0.09258284,0.025431167,0.1462254,0.026836313,0.0,0.35666987,0.0,0.0,0.6710526,0.0,0.0,0.08927143,0.1594713,0.0,0.21819115,0.5753594,0.08741443,0.5139274,0.63659275,0.98616034,1.0120809,0.0,0.0,0.0,-0.1131361,-0.7127625,-0.02971068
0.57017654,-1.2883624,1.3248698,1.4678124,0.30798295,0.0,0.0,0.0,0.20580488,0.07133412,0.4508393,0.0,1.1914077,1.6743574,0.121572524,1.2046014,0.0,0.0,0.6801558,0.6087856,0.0,0.2381047,0.0,0.0,0.48902416,0.12915455,0.0,0.0,0.0,0.0,0.0,0.0,0.0,0.3567642,1.7707392,0.16499305,0.0,0.2039379,0.0,0.0,0.107386276,0.7764393,0.0,0.25336966,1.0680505,0.36265862,1.5339063,0.0,0.0,0.0,0.0,0.0,0.0,0.3095501,0.69617856,0.9904543,0.9581546,0.90927136,0.1417408,0.0,0.8386765,0.28032893,0.0,0.0,0.0,0.29257134,0.0,0.5432162,0.87665915,-0.05930297
-0.12876523,-0.15834498,0.72150534,1.097721,0.0,0.0,0.0,0.0,0.37889197,0.04604058,0.2317704,0.0,0.44091666,0.67825544,0.7488558,0.66866815,0.0,0.0,0.5811001,0.12897238,0.0,0.23332185,0.0,0.0,0.008077338,0.0,0.0,0.0,0.0,0.28993815,0.064808264,0.0,0.0,0.0,0.9570112,0.1857444,0.0,0.44895744,0.0,0.0,0.0,0.5708294,0.0,0.34337556,0.48302597,0.1333254,0.7977603,0.0,0.27692872,0.0,0.0,0.13756679,0.1885013,0.14355393,0.36746186,0.7762605,0.65374506,0.5216642,0.21133953,0.0,0.38897055,0.3223537,0.07377775,0.20016046,0.0,0.28825468,0.0,0.16068824,0.3564733,-0.18026473
0.34784076,1.4003538,0.7819841,1.2673135,0.0,0.50133085,0.0,0.6034237,1.2121258,0.0,0.0,0.0,0.0,0.0,1.0393273,0.058871716,0.30032977,0.06110859,0.55528283,0.0,0.712218,0.0,0.0,0.41750544,0.054243013,0.0,0.0,0.40653437,0.33028698,0.4827553,0.0,0.058272153,0.0,0.0,0.32724297,0.13345724,0.0,0.94126004,0.0,0.0,0.0,0.6294158,0.0,0.41745195,0.6132026,0.46185517,0.544749,0.0,0.67820966,0.0,0.0,0.57079226,0.09413262,0.4177091,0.0,0.4133656,0.4768374,0.7872434,0.08531921,0.0,0.34201273,0.28601077,0.40227488,0.90396976,0.0,0.48151374,0.0,0.29968122,0.024733897,-0.89403474
-0.56654155,0.4988392,-0.8398337,0.088312805,0.0,0.0,0.0,0.82763743,0.24891983,0.5674307,0.0,0.14806175,0.0,0.0,0.8224502,0.0,0.0,0.0,0.0845284,0.0,0.0,0.5317613,0.0,0.0,0.0,0.0,0.3516366,0.55072,0.5616612,1.4039204,0.5807449,0.0,0.0,0.0,0.0,0.74969524,0.0,0.45039046,0.0,0.0,0.0,0.1771986,0.0,0.089641295,0.0,0.03676153,0.0,0.0,0.66039336,0.0,0.0,0.41361517,0.0,0.0,0.43646777,0.65837795,0.0,0.001152643,0.5870958,0.0,0.35316113,0.60577697,0.85117817,0.66979975,0.0,0.0,0.0,-0.4127415,-0.5248229,0.14201148
0.72787595,1.0053874,-0.6450133,0.33389848,0.0,0.18971156,0.0,1.1072191,0.8928608,0.034575492,0.0,0.22918728,0.22576214,0.0,0.32684058,0.0,0.0,0.27889997,0.0,0.0,0.016765848,0.0,0.2558568,0.12782666,0.0,0.3486787,0.17437401,1.2623777,0.4516919,0.7088243,0.13568676,0.40152767,0.0,0.0,0.0,0.64752614,0.0,0.43326575,0.0,0.0,0.0,0.0042811017,0.0,0.17846912,0.1339485,0.19444852,0.11312953,0.0,0.29784906,0.0,0.0,0.60773337,0.0,0.0,0.0,0.1121247,0.0,0.32423303,0.4392776,0.12153041,0.5345522,0.5629094,0.7951211,0.9355459,0.0,0.0,0.0,0.00436981,-0.55247,-0.097650066
0.5131419,-1.0138029,-0.31898826,0.405618,0.26600644,0.0,0.0,0.14776652,0.007927775,0.6983718,0.0,0.5112583,1.0452976,0.7543673,0.0,0.48014754,0.0,0.0,0.09035505,0.45261234,0.0,0.53737843,0.033426017,0.0,0.116738945,0.54249966,0.0,0.26793492,0.0,0.051410317,0.5664184,0.0,0.13721757,0.108744755,0.5950541,0.6466658,0.0,0.0,0.0,0.0,0.0,0.076918535,0.0,0.0,0.28789857,0.0714515,0.9901807,0.0,0.0,0.0,0.0,0.0,0.0,0.0,0.49558517,0.6828498,0.14574918,0.40679035,0.6022962,0.0,0.71905804,0.6827309,0.48055962,0.0,0.0,0.042056575,0.0,0.067439735,0.08127537,0.6328019
0.5147684,1.9571519,0.04423452,0.83076584,0.0,0.56860644,0.0,1.1588943,1.3699692,0.0,0.0,0.0,0.0,0.0,0.95131814,0.0,0.48716143,0.40748477,0.26823294,0.0,0.7225687,0.0,0.052961573,0.5790251,0.0,0.0,0.09252053,1.0995023,0.80748636,0.8637477,0.0,0.4299576,0.0,0.0,0.0,0.5170236,0.0,0.9956991,0.0,0.0,0.0,0.48958856,0.0,0.32834992,0.5156226,0.53185105,0.27921355,0.0,0.73940146,0.0,0.0,0.8012303,0.0,0.24657406,0.0,0.2583352,0.29837504,0.755177,0.24686211,0.036077753,0.43949056,0.3844772,0.7460352,1.253903,0.0,0.3012461,0.0,0.1795919,-0.3153938,-0.81935036
0.22661228,-0.72977513,-0.14052212,0.52124333,0.08583811,0.0,0.0,0.14657594,0.078593194,0.56940556,0.0,0.31388077,0.81815004,0.6506436,0.13296974,0.48928338,0.0,0.0,0.20310757,0.33466783,0.0,0.5108917,0.0,0.0,0.020396225,0.29345047,0.0,0.123599574,0.0,0.24300978,0.47798,0.0,0.021945849,0.0,0.6113101,0.5090624,0.0,0.0,0.0,0.0,0.0,0.17470051,0.0,0.0,0.28981856,0.079246685,0.814005,0.0,0.10046391,0.0,0.0,0.0,0.0,0.0,0.4887331,0.69954026,0.22810516,0.33118472,0.48601627,0.0,0.5607986,0.54665613,0.33765858,0.0,0.0,0.05418858,0.0,0.031665217,0.13179424,0.49393672
1.2597309,-0.06016652,-0.097162455,0.66060686,0.0007253885,0.08083154,0.0,0.5218662,0.68770814,0.09280884,0.0,0.36351418,0.88822675,0.29064596,0.0,0.110493466,0.0,0.17974114,0.07396121,0.16531993,0.0,0.0,0.20763771,0.0,0.34980363,0.65194935,0.0,0.84725666,0.0,0.0,0.09816025,0.26708618,0.0,0.25951982,0.30234516,0.36179838,0.0,0.0,0.0,0.0,0.0,0.0,0.0,0.13280596,0.4540479,0.21612118,0.7155832,0.0,0.0,0.0,0.0,0.3078444,0.0,0.0,0.0,0.102326475,0.2565001,0.6161382,0.27965277,0.0,0.7806848,0.50091386,0.4942954,0.38838336,0.0,0.02448832,0.0,0.45389584,-0.037532423,0.10759717
-1.4295996,0.6260956,-0.3352359,0.36909372,0.0,0.0,0.19898245,0.55224854,0.1382661,0.46898168,0.0,0.0,0.0,0.0,1.4759314,0.17225459,0.3660551,0.0,0.4010415,0.0,0.0,0.76939845,0.0,0.0,0.0,0.0,0.30400494,0.0,0.6936882,1.7587712,0.51347435,0.0,0.0,0.0,0.027287215,0.7251154,0.0,0.70850956,0.0,0.0,0.0,0.46813896,0.0,0.19597286,0.0024222052,0.0,0.007560849,0.0,0.84002376,0.0,0.0,0.2994246,0.30803043,0.0,0.53320885,0.9967535,0.0,0.13019298,0.62138635,0.0,0.29718542,0.51885414,0.76995885,0.57419443,0.0,0.0,0.0,-0.6005292,-0.33822024,0.06620826
0.3774362,1.2414547,0.7606196,1.2452823,0.0,0.45465022,0.0,0.5539365,1.1478097,0.0,0.0,0.0,0.00029999018,0.0,0.9622958,0.103516325,0.20468232,0.02758336,0.5406004,0.0,0.6274195,0.0,0.0,0.35462928,0.07541311,0.0,0.0,0.37793902,0.24431202,0.4222248,0.0,0.033141613,0.0,0.0,0.37689465,0.100962296,0.0,0.8659217,0.0,0.0,0.0,0.60021365,0.0,0.41277677,0.588479,0.42837238,0.54256946,0.0,0.6178566,0.0,0.0,0.5417071,0.07570973,0.39593536,0.0,0.4057737,0.45910046,0.7328928,0.06605008,0.0,0.34894812,0.28782076,0.35501954,0.8402872,0.0,0.45159894,0.0,0.3039257,0.03427474,-0.8275374
2.6100714,-0.3227743,-3.5488987,0.0,0.5355469,0.0,0.0,2.0671065,0.3465003,1.4363648,0.0,2.1016533,1.4752119,0.0,0.0,0.0,0.0,1.1796927,0.0,0.24664123,0.0,0.008764148,1.4741629,0.0,0.1877936,2.4005337,0.7910281,3.3736572,0.14188963,0.33137888,1.2476707,1.4979154,0.4354425,0.3707387,0.0,2.5690382,0.0,0.0,0.0,0.0,0.0,0.0,0.0,0.0,0.0,0.05183892,1.0731215,0.0,0.0,0.0,0.0,1.0766233,0.0,0.0,0.053644054,0.0,0.0,0.7721292,1.5001793,0.0,1.7920188,2.0713718,3.006093,1.0382386,0.0,0.0,0.0,0.28584674,-1.4788239,0.91430914
-0.2925747,0.28536892,0.13760014,0.7327018,0.0,0.0,0.0,0.36027214,0.4165489,0.1661439,0.0,0.0,0.18462229,0.1327939,0.84506834,0.30791348,0.0,0.0,0.39840478,0.0,0.0,0.26082,0.0,0.0,0.0,0.0,0.0,0.06200131,0.08645291,0.77066785,0.2071137,0.0,0.0,0.0,0.40577888,0.30581316,0.0,0.47627193,0.0,0.0,0.0,0.36529696,0.0,0.2879006,0.21702726,0.09296283,0.37109607,0.0,0.4026372,0.0,0.0,0.26017702,0.11524919,0.0,0.25230643,0.61128527,0.24304901,0.26682112,0.22359703,0.02220054,0.41489005,0.41876376,0.34631294,0.39409566,0.0,0.15438153,0.0,-0.044133853,-0.045745198,-0.06884611
0.60442966,2.6925635,-0.7424367,0.36832568,0.0,0.66489685,0.0,1.7956275,1.5736039,0.0,0.0,0.0,0.0,0.0,0.9558058,0.0,0.7898599,0.7732742,0.0,0.0,0.8025918,0.0,0.31538522,0.7905902,0.0,0.0,0.4861764,1.8437945,1.4141374,1.3690634,0.0,0.82198894,0.0,0.0,0.0,0.9701152,0.0,1.1452073,0.0,0.0,0.0,0.4929795,0.0,0.23569545,0.49880034,0.62033546,0.0070732012,0.0,0.8987603,0.0,0.0,1.1890357,0.0,0.1343753,0.018097095,0.18638086,0.17122231,0.72680783,0.4869722,0.14537746,0.46481133,0.58297485,1.2057164,1.7246757,0.0,0.10395552,0.0,0.008538481,-0.7171164,-0.84733117
0.11641543,0.53972703,2.272342,2.172902,0.0,0.46988338,0.0,0.0,1.0400983,0.0,0.8068162,0.0,0.2224953,0.96101964,1.2498057,0.97847223,0.03002116,0.0,1.123274,0.0,0.8195596,0.0,0.0,0.22536784,0.3428462,0.0,0.0,0.0,0.0,0.0,0.0,0.0,0.0,0.04815662,1.661455,0.0,0.0,1.035031,0.0,0.0,0.43617284,1.3006346,0.0,0.6436714,1.219413,0.60428816,1.4519444,0.0,0.7339705,0.0,0.0,0.49417132,0.54968673,0.8588677,0.3593577,0.94898,1.2690551,1.3409193,0.0,0.0,0.2940406,0.0350461,0.0,0.52816564,0.0,0.9101508,0.0,0.48889583,0.8910459,-1.3764927
0.53865796,-0.08406139,-0.9064796,0.08150303,0.0,0.0,0.0,0.7674214,0.31348553,0.5987023,0.0,0.5421449,0.6407881,0.0,0.0,0.0,0.0,0.0,0.0,0.09737088,0.0,0.26891008,0.23338895,0.0,0.0,0.5492457,0.13198125,0.9357531,0.0,0.5769129,0.5505873,0.05909738,0.0,0.0,0.0,0.7617408,0.0,0.0,0.0,0.0,0.0,0.0,0.0,0.0,0.04653741,0.07305063,0.3698346,0.0,0.1535222,0.0,0.0,0.2777085,0.0,0.0,0.16482043,0.275526,0.0,0.18663014,0.63407624,0.0,0.57794625,0.7236903,0.842066,0.440418,0.0,0.0,0.0,-0.034113955,-0.4494443,0.39247745
1.3745348,-0.5630147,-0.72314376,0.2269063,0.26153478,0.0,0.0,0.60689384,0.38843647,0.5344415,0.0,0.7546159,1.1502615,0.32018584,0.0,0.033284664,0.0,0.1372512,0.0,0.33655843,0.0,0.031020895,0.38534915,0.0,0.31381172,0.99512154,0.0,1.0819602,0.0,0.0,0.4472718,0.3019354,0.00021587312,0.29886913,0.09601113,0.7965205,0.0,0.0,0.0,0.0,0.0,0.0,0.0,0.0,0.24293935,0.151193,0.9134051,0.0,0.0,0.0,0.0,0.22222388,0.0,0.0,0.03465386,0.13295242,0.0,0.58121777,0.5811327,0.0,0.97756684,0.7729543,0.953596,0.2518089,0.0,0.011064611,0.0,0.3252986,-0.23818345,0.48671037
1.265355,-0.3500109,-0.25761086,0.53770846,0.12966335,0.0,0.0,0.477453,0.5337073,0.27161837,0.0,0.49530318,1.0182793,0.39690268,0.0,0.15229219,0.0,0.1023224,0.009917915,0.26611024,0.0,0.0,0.240642,0.0,0.34644228,0.759931,0.0,0.8394592,0.0,0.0,0.23325366,0.22025809,0.0,0.28413105,0.31701726,0.49083608,0.0,0.0,0.0,0.0,0.0,0.0,0.0,0.036167216,0.40591002,0.1899005,0.8534402,0.0,0.0,0.0,0.0,0.2259222,0.0,0.0,0.018800639,0.18458818,0.17914502,0.59319633,0.38019627,0.0,0.85948443,0.60027826,0.6138487,0.274389,0.0,0.01849401,0.0,0.41043317,-0.049832065,0.28575057
1.2598245,-0.82882506,0.54904217,1.0350055,0.28625152,0.0,0.0,0.0,0.4707722,0.10075693,0.0,0.27776647,1.2305822,1.0598857,0.0,0.63685846,0.0,0.0,0.29916143,0.46560895,0.0,0.0,0.005018398,0.0,0.54807806,0.6083562,0.0,0.21525201,0.0,0.0,0.04534106,0.0,0.0,0.4429471,1.0373163,0.1911483,0.0,0.0,0.0,0.0,0.0,0.25037685,0.0,0.15366298,0.8197578,0.24960198,1.2927971,0.0,0.0,0.0,0.0,0.0104344785,0.0,0.1790848,0.25389597,0.57747704,0.5451137,0.8144367,0.18448819,0.0,0.94352096,0.36397398,0.1774592,0.0,0.0,0.12106774,0.0,0.5943514,0.53507125,0.16919056
-0.5992509,-0.77277017,-0.26767692,0.3803556,0.0,0.0,0.13834578,0.07941976,0.0,0.8046007,0.0,0.1995633,0.5437095,0.592083,0.5456107,0.57890207,0.0,0.0,0.27989864,0.2879369,0.0,0.95262784,0.0,0.0,0.0,0.0,0.0,0.0,0.0,0.77835476,0.69132763,0.0,0.12996869,0.0,0.59603727,0.7009835,0.0,0.08249998,0.0,0.0,0.0,0.39396766,0.0,0.022694,0.20279929,0.070938185,0.6255206,0.0,0.30906925,0.0,0.0,0.0,0.0963666,0.0,0.7016051,1.037176,0.10755968,0.22668543,0.5768263,0.0,0.5298988,0.5597322,0.42121932,0.0,0.0,0.0,0.0,-0.26554996,0.08164248,0.56331027
1.5151776,0.24739274,-0.09705741,0.6970729,0.0,0.23115726,0.0,0.67494756,0.89827657,0.0,0.0,0.34778073,0.8425932,0.109049484,0.0,0.0,0.0,0.42620057,0.040287912,0.07143126,0.0,0.0,0.2867567,0.06884426,0.41621292,0.7159008,0.0,1.0816569,0.0,0.0,0.0,0.4761828,0.0,0.30504215,0.16072556,0.41406298,0.0,0.007938579,0.0,0.0,0.0,0.0,0.0,0.1705819,0.5090369,0.27429527,0.6415988,0.0,0.0,0.0,0.0,0.45590767,0.0,0.0048786364,0.0,0.0,0.2476743,0.7213693,0.21273069,0.0,0.87862206,0.4985984,0.5932077,0.5428289,0.0,0.04072762,0.0,0.5290152,-0.11129385,-0.0006880462
0.9769762,0.01455437,-1.0612711,0.015602946,0.0,0.0,0.0,0.9279436,0.45939764,0.542503,0.0,0.6752032,0.75228584,0.0,0.0,0.0,0.0,0.13269031,0.0,0.08752574,0.0,0.05481556,0.39376795,0.0,0.047191337,0.7899269,0.14324552,1.2757306,0.0,0.40809405,0.50378734,0.32909927,0.0,0.039307863,0.0,0.8852144,0.0,0.0,0.0,0.0,0.0,0.0,0.0,0.0,0.043303978,0.09398599,0.46774626,0.0,0.029910864,0.0,0.0,0.4157449,0.0,0.0,0.065532245,0.097784355,0.0,0.30731493,0.6577723,0.0,0.7005792,0.7914638,1.018376,0.5716588,0.0,0.0,0.0,0.09988935,-0.5496404,0.35733396
1.7539673,0.37230924,0.977316,1.4238954,0.0,0.5264355,0.0,0.29448467,1.2206116,0.0,0.0,0.0,0.8747245,0.5288799,0.0,0.2952212,0.0,0.50381017,0.4001037,0.076963685,0.27947825,0.0,0.06742503,0.33291095,0.70627534,0.48410082,0.0,0.63871926,0.0,0.0,0.0,0.42688516,0.0,0.4942845,0.79197824,0.14883076,0.0,0.2650206,0.0,0.0,0.0,0.3105936,0.0,0.382804,1.142755,0.54409784,1.0319164,0.0,0.16057283,0.0,0.0,0.48127198,0.0,0.4621004,0.0,0.20670582,0.63828725,1.1489822,0.0,0.0,0.9853574,0.23039235,0.27777427,0.43601364,0.0,0.2673159,0.0,0.8814062,0.39156145,-0.52469146
1.1402968,1.6101705,-0.4560444,0.5231452,0.0,0.5018184,0.0,1.3160626,1.3145174,0.0,0.0,0.10305567,0.1045984,0.0,0.35503995,0.0,0.06547859,0.6950052,0.0,0.0,0.37673533,0.0,0.33739728,0.50103897,0.08231704,0.3738175,0.13832644,1.5721437,0.61582565,0.57905155,0.0,0.73361003,0.0,0.0,0.0,0.7230167,0.0,0.5935938,0.0,0.0,0.0,0.18935831,0.0,0.19657914,0.39311644,0.43734246,0.19637838,0.0,0.4252142,0.0,0.0,0.8864603,0.0,0.0593089,0.0,0.0,0.12044108,0.6678784,0.29418567,0.14955497,0.62541944,0.49234173,0.91473526,1.2159424,0.0,0.08969999,0.0,0.21829022,-0.5083477,-0.45087177
1.0328213,-0.56706595,-1.1393783,0.0,0.21989024,0.0,0.0,0.7401114,0.2082863,0.78574705,0.0,0.8507999,1.029695,0.12191129,0.0,0.0,0.0,0.0,0.0,0.30067202,0.0,0.29396564,0.40657157,0.0,0.10530369,0.95487064,0.07559989,1.1448618,0.0,0.2181007,0.6724417,0.21145812,0.119472876,0.13230594,0.0,0.99275035,0.0,0.0,0.0,0.0,0.0,0.0,0.0,0.0,0.024779253,0.06395745,0.70335937,0.0,0.0,0.0,0.0,0.22859284,0.0,0.0,0.1535705,0.24424823,0.0,0.36274764,0.8081891,0.0,0.841887,0.94380474,1.0902526,0.30047053,0.0,0.0,0.0,0.072276026,-0.45565134,0.61258936
-0.70751286,-0.4933177,0.36163774,0.8025852,0.0,0.0,0.17325893,0.0,0.0,0.44475013,0.25414076,0.0,0.38301793,0.7023335,0.86327785,0.7369747,0.0,0.0,0.53105533,0.19857192,0.0,0.73652995,0.0,0.0,0.0,0.0,0.0,0.0,0.0,0.6769993,0.3968895,0.0,0.0,0.0,0.8959254,0.5183034,0.0,0.35540688,0.0,0.0,0.0,0.6537228,0.0,0.23241475,0.38994747,0.08547169,0.72152656,0.0,0.3734606,0.0,0.0,0.053040005,0.25179714,0.0,0.662454,1.0541341,0.4392964,0.44363537,0.40993702,0.0,0.41465902,0.40207648,0.25048923,0.08714865,0.0,0.16690189,0.0,-0.12690899,0.31011754,0.1628546
-2.9706924,2.361042,0.8347362,1.1415384,0.0,0.08791031,0.5976223,0.5373226,0.6471182,0.0,0.75316715,0.0,0.0,0.0,3.2342,0.22766182,1.8687967,0.0,1.0876244,0.0,1.2023038,0.4891072,0.0,0.08052465,0.0,0.0,0.34912944,0.0,1.6553918,2.7705865,0.0,0.0,0.0,0.0,0.16582516,0.67647135,0.0,1.7662563,0.0,0.0,0.1468256,1.3407651,0.0,0.7257268,0.53297096,0.26986313,0.39957726,0.0,1.6539272,0.0,0.0,0.46462655,1.1358165,0.42840886,0.53441584,1.6077377,0.66602844,1.055023,0.7311271,0.0,0.0,0.19412257,0.86453646,1.2510116,0.0,0.5245564,0.0,-0.6735935,0.1425328,-1.1796596
-1.2810453,-1.0888156,-0.9132573,0.0,0.0,0.0,0.46361232,0.14518881,0.0,1.3415997,0.0,0.3869456,0.44011572,0.47098303,0.6511366,0.5455646,0.0,0.0,0.14089586,0.3342927,0.0,1.5644548,0.0,0.0,0.0,0.0,0.23666945,0.0,0.0,1.3502789,1.1480117,0.0,0.43488568,0.0,0.34802678,1.1110069,0.0,0.0,0.0,0.0,0.0,0.41654712,0.0,0.0,0.008559739,0.0,0.4238264,0.0,0.54908764,0.0,0.0,0.0,0.11012219,0.0,0.9426273,1.4375705,0.0,0.043253545,0.9811722,0.0,0.57013786,0.7476229,0.7377566,0.0,0.0,0.0,0.0,-0.6550894,-0.15310477,0.8583335
-1.3763418,-0.0072032,-0.8542334,0.0,0.0,0.0,0.2743361,0.53247744,0.0,0.92530835,0.0,0.096979566,0.0,0.0,1.0943274,0.19252096,0.0,0.0,0.193223,0.0,0.0,1.1360394,0.0,0.0,0.0,0.0,0.39346525,0.0,0.49709305,1.7336631,0.86608183,0.0,0.052611068,0.0,0.0,0.91997355,0.0,0.38563812,0.0,0.0,0.0,0.39163002,0.0,0.03399933,0.0,0.0,0.0,0.0,0.8387886,0.0,0.0,0.2466482,0.19262001,0.0,0.69254094,1.088054,0.0,0.0,0.75257766,0.0,0.32443827,0.6005611,0.8722426,0.41668427,0.0,0.0,0.0,-0.6576809,-0.38358542,0.33941674
0.21347764,-0.53881526,-0.047521397,0.5932694,0.0,0.0,0.0,0.18008015,0.17490855,0.45902705,0.0,0.23017515,0.7290872,0.57454085,0.23021698,0.45824993,0.0,0.0,0.24205986,0.26719376,0.0,0.41396347,0.0,0.0,0.016604386,0.22154386,0.0,0.13120066,0.0,0.2747498,0.39563257,0.0,0.0,0.0,0.5939658,0.42562276,0.0,0.07228081,0.0,0.0,0.0,0.20221063,0.0,0.03801646,0.30235288,0.09784213,0.73869437,0.0,0.15121733,0.0,0.0,0.038735107,0.0,0.0,0.41649362,0.6540088,0.2754176,0.33592167,0.4117386,0.0,0.51486903,0.4974031,0.29862484,0.060294107,0.0,0.07307253,0.0,0.05773632,0.13106604,0.36314082
1.5976282,-0.4967139,-1.4261588,0.0,0.31118056,0.0,0.0,0.9620564,0.35561606,0.7730212,0.0,1.0703595,1.1982869,0.0,0.0,0.0,0.0,0.35083598,0.0,0.3058562,0.0,0.06285803,0.63433826,0.0,0.250714,1.302443,0.114047565,1.6123877,0.0,0.017864883,0.6603713,0.5600947,0.112883165,0.28640932,0.0,1.1962329,0.0,0.0,0.0,0.0,0.0,0.0,0.0,0.0,0.0787363,0.101716205,0.8846598,0.0,0.0,0.0,0.0,0.43756837,0.0,0.0,0.004463818,0.002456531,0.0,0.55875075,0.79571193,0.0,1.1193963,1.0995283,1.4299666,0.43890595,0.0,0.0,0.0,0.29355007,-0.59721607,0.5727701
-1.6724942,-0.5191803,0.11480912,0.5752058,0.0,0.0,0.59191984,0.0,0.0,0.753355,0.3960946,0.0,0.051294446,0.5741103,1.3288279,0.7950086,0.0,0.0,0.5851378,0.13197663,0.0,1.2655551,0.0,0.0,0.0,0.0,0.0,0.0,0.006800674,1.3505398,0.6778778,0.0,0.042980716,0.0,0.8043316,0.8458311,0.0,0.45024574,0.0,0.0,0.0,0.8932843,0.0,0.31357193,0.2910942,0.010756604,0.5697471,0.0,0.6698172,0.0,0.0,0.054416277,0.42185336,0.0,0.90857065,1.4802277,0.18782014,0.44198596,0.6376418,0.0,0.38894922,0.36853772,0.46189076,0.1921858,0.0,0.10911637,0.0,-0.5151268,0.234523,0.26357716
1.3236612,-0.027577363,-0.28688592,0.5427653,0.008745313,0.06856485,0.0,0.6239561,0.6863724,0.15089723,0.0,0.44617328,0.8959956,0.18623534,0.0,0.016041845,0.0,0.24433732,0.0,0.15194853,0.0,0.0,0.27638566,0.0,0.33281296,0.7338135,0.0,0.9973811,0.0,0.0,0.15121734,0.34260467,0.0,0.25537205,0.16205493,0.46522713,0.0,0.0,0.0,0.0,0.0,0.0,0.0,0.08351284,0.3773953,0.2040704,0.67425793,0.0,0.0,0.0,0.0,0.3462809,0.0,0.0,0.0,0.02391076,0.17134735,0.59674734,0.3295334,0.0,0.8173783,0.57150304,0.6299077,0.44048738,0.0,0.005456148,0.0,0.4209971,-0.15510482,0.15236416
-0.72124195,-1.5454226,-0.22155716,0.3536914,0.24923095,0.0,0.36524826,0.0,0.0,1.1009029,0.10385516,0.33074823,0.8429724,1.0865513,0.3573866,0.893489,0.0,0.0,0.30342615,0.56199336,0.0,1.3283186,0.0,0.0,0.0,0.016497632,0.0,0.0,0.0,0.5828868,0.8939028,0.0,0.39880902,0.0,0.9507234,0.923856,0.0,0.0,0.0,0.0,0.0,0.5372819,0.0,0.0,0.24663714,0.07641916,0.9590002,0.0,0.16683087,0.0,0.0,0.0,0.0,0.0,1.0084517,1.4318765,0.085083164,0.31100297,0.8405575,0.0,0.66495585,0.7056464,0.37781334,0.0,0.0,0.011975564,0.0,-0.35133737,0.18060374,0.8295116
-1.9202316,0.53873605,-0.37712234,0.30351904,0.0,0.0,0.43438017,0.4736814,0.0,0.61736596,0.11804223,0.0,0.0,0.0,1.7082202,0.26076484,0.47197244,0.0,0.45806104,0.0,0.0,1.0501477,0.0,0.0,0.0,0.0,0.37526512,0.0,0.7817737,2.043058,0.64304644,0.0,0.0,0.0,0.065441966,0.89564806,0.0,0.7515838,0.0,0.0,0.0,0.6056472,0.0,0.22232196,0.007610324,0.0,0.0,0.0,0.96722054,0.0,0.0,0.25882038,0.44793242,0.0,0.68480325,1.2582518,0.0,0.16485366,0.7848795,0.0,0.26513255,0.53713906,0.8502924,0.5740701,0.0,0.0,0.0,-0.7764759,-0.31012955,0.11891697
-0.28698024,1.1610333,1.1187334,1.4303315,0.0,0.35401678,0.0,0.2848842,0.9793103,0.0,0.31201243,0.0,0.0,0.038524523,1.3957752,0.3697001,0.40017715,0.0,0.7704408,0.0,0.7154738,0.0,0.0,0.22438061,0.0,0.0,0.0,0.0,0.2596168,0.6500541,0.0,0.0,0.0,0.0,0.682087,0.09081948,0.0,0.9722962,0.0,0.0,0.06943174,0.8506756,0.0,0.5179521,0.6663289,0.37997812,0.7486787,0.0,0.77415407,0.0,0.0,0.4620062,0.46349663,0.5037954,0.08991489,0.7141653,0.66799295,0.82233816,0.07795167,0.0,0.22280352,0.21906438,0.28441167,0.73844147,0.0,0.61155814,0.0,0.21122272,0.25753802,-0.98551965
1.4203382,-1.4524797,0.084753565,0.702538,0.59750485,0.0,0.0,0.0,0.16207722,0.50828075,0.0,0.6408498,1.5627974,1.239208,0.0,0.65875185,0.0,0.0,0.09543115,0.6891805,0.0,0.19626002,0.1468317,0.0,0.572067,0.94881934,0.0,0.3395063,0.0,0.0,0.35445285,0.0,0.13026525,0.53398955,0.98275816,0.6119298,0.0,0.0,0.0,0.0,0.0,0.15851735,0.0,0.0,0.7012606,0.20888336,1.5605888,0.0,0.0,0.0,0.0,0.0,0.0,0.0,0.39612064,0.71961844,0.33083805,0.83531904,0.47649765,0.0,1.187555,0.6512556,0.5430511,0.0,0.0,0.09749104,0.0,0.4760883,0.38912857,0.5740594
-1.5045469,-0.6666188,-0.37311777,0.25779557,0.0,0.0,0.5121428,0.051454782,0.0,0.9895542,0.14299014,0.025712116,0.1750222,0.4486171,1.0597479,0.63495934,0.0,0.0,0.3788382,0.1820022,0.0,1.3636541,0.0,0.0,0.0,0.0,0.13095975,0.0,0.03221389,1.4009428,0.8728583,0.0,0.18755744,0.0,0.5383359,0.94673014,0.0,0.2641334,0.0,0.0,0.0,0.6721595,0.0,0.15969324,0.14207318,0.004982762,0.40989882,0.0,0.6388465,0.0,0.0,0.026842296,0.28647637,0.0,0.882802,1.4272112,0.0,0.23644748,0.74126333,0.0,0.43404365,0.52874833,0.6015845,0.13737552,0.0,0.0,0.0,-0.61101544,0.018683087,0.51841974
0.07895173,1.2907107,0.25969002,0.900722,0.0,0.30954486,0.0,0.74980676,0.9883574,0.0,0.0,0.0,0.0,0.0,1.0178905,0.0,0.28710195,0.0,0.40257367,0.0,0.47521043,0.0,0.0,0.23434162,0.0,0.0,0.0,0.5286851,0.49507496,0.82248914,0.0,0.0,0.0,0.0,0.04963109,0.26137847,0.0,0.86067694,0.0,0.0,0.0,0.44104,0.0,0.36297593,0.34765255,0.34206402,0.2881108,0.0,0.6240668,0.0,0.0,0.51302445,0.0,0.19524793,0.0,0.4142173,0.28928968,0.54597586,0.20302777,0.0,0.32926917,0.32054964,0.5015625,0.9011993,0.0,0.285492,0.0,0.089867115,-0.16977754,-0.6085546
-0.1154764,0.21272738,1.3175867,1.5120711,0.0,0.13656951,0.0,0.0,0.65359807,0.0,0.4627609,0.0,0.28268272,0.72076374,1.0221206,0.7627616,0.0,0.0,0.8032057,0.013792917,0.32443446,0.0,0.0,0.0,0.09747513,0.0,0.0,0.0,0.0,0.15861309,0.0,0.0,0.0,0.0,1.1904078,0.058713816,0.0,0.69280386,0.0,0.0,0.15865292,0.819154,0.0,0.4759044,0.69918716,0.28396648,1.015775,0.0,0.46782354,0.0,0.0,0.3052746,0.35407612,0.43912804,0.3179633,0.8099536,0.8875955,0.8059681,0.06941305,0.0,0.30583194,0.20383741,0.026888303,0.39026278,0.0,0.55967575,0.0,0.28576642,0.51821613,-0.70492154
0.9562992,-0.5462105,-0.81899107,0.1374079,0.18086794,0.0,0.0,0.6014899,0.2530362,0.65272117,0.0,0.7006328,0.9941006,0.2523682,0.0,0.052628875,0.0,0.0,0.0,0.2978532,0.0,0.2457646,0.3017038,0.0,0.13870169,0.81702995,0.0,0.9334574,0.0,0.14009008,0.557588,0.120094836,0.048340812,0.13951562,0.052024096,0.8026176,0.0,0.0,0.0,0.0,0.0,0.0,0.0,0.0,0.11218705,0.1010866,0.7407569,0.0,0.0,0.0,0.0,0.17011586,0.0,0.0,0.15087953,0.265691,0.0,0.39826766,0.67131793,0.0,0.78470355,0.78858256,0.8802159,0.23854406,0.0,0.0,0.0,0.12513399,-0.29322857,0.54151213
1.2715414,0.83389103,-0.015550285,0.77117914,0.0,0.37480652,0.0,0.839434,1.0959178,0.0,0.0,0.12982908,0.49636653,0.0,0.12507537,0.0,0.0,0.4733041,0.11563952,0.0,0.1545292,0.0,0.22388838,0.27109438,0.28893232,0.4575323,0.0,1.118749,0.035942458,0.06885344,0.0,0.5027919,0.0,0.14621525,0.0,0.3992492,0.0,0.27658266,0.0,0.0,0.0,0.056483842,0.0,0.22799438,0.503205,0.39165354,0.4821443,0.0,0.14386359,0.0,0.0,0.5604085,0.0,0.06730498,0.0,0.0,0.20739804,0.6980643,0.14519188,0.058119953,0.75025237,0.45238075,0.57912076,0.7386388,0.0,0.15227287,0.0,0.44403616,-0.18219575,-0.24433665
-0.28459448,-0.568649,1.0797149,1.2958809,0.0,0.0,0.054799885,0.0,0.21885426,0.07528821,0.48294953,0.0,0.5683614,1.0897703,0.78470564,0.97800016,0.0,0.0,0.72958803,0.27867436,0.0,0.39725733,0.0,0.0,0.05894254,0.0,0.0,0.0,0.0,0.10468018,0.060413778,0.0,0.0,0.0,1.3672922,0.21944205,0.0,0.4835174,0.0,0.0,0.11349042,0.8007511,0.0,0.318337,0.64313084,0.18059368,1.0706769,0.0,0.2465337,0.0,0.0,0.10044401,0.21401379,0.18820202,0.6083963,0.9743762,0.88215417,0.69569707,0.26724058,0.0,0.38774866,0.30005026,0.0,0.08992487,0.0,0.36979243,0.0,0.17531656,0.6057702,-0.20223595
-0.25357434,0.7631071,0.39377612,0.9330616,0.0,0.10020466,0.0,0.44314086,0.683318,0.0,0.012232304,0.0,0.0,0.0,1.0543301,0.2286255,0.12195048,0.0,0.49367774,0.0,0.26650685,0.0,0.0,0.0,0.0,0.0,0.0,0.103571266,0.25555968,0.7971991,0.0,0.0,0.0,0.0,0.37332612,0.17005348,0.0,0.6747795,0.0,0.0,0.0,0.4505436,0.0,0.35882422,0.28524286,0.16991629,0.37134933,0.0,0.5180295,0.0,0.0,0.3894391,0.16087538,0.18489301,0.10782218,0.5441924,0.32736695,0.4021258,0.11572903,0.019777909,0.33120733,0.31237835,0.34919748,0.62990725,0.0,0.27090123,0.0,0.048768602,-0.050762955,-0.4376998
0.66780025,-0.59450024,-1.2765882,0.0,0.16957614,0.0,0.0,0.74178684,0.061970294,0.92835534,0.0,0.834852,0.91192687,0.064355895,0.0,0.0,0.0,0.0,0.0,0.28051275,0.0,0.5119536,0.34622854,0.0,0.0,0.82383573,0.17396358,1.0307624,0.0,0.4850706,0.8001776,0.051190555,0.1878333,0.0,0.0,1.0489388,0.0,0.0,0.0,0.0,0.0,0.0,0.0,0.0,0.0,0.02182272,0.55818033,0.0,0.027400045,0.0,0.0,0.20082852,0.0,0.0,0.27650315,0.40368527,0.0,0.2264804,0.8956976,0.0,0.73120993,1.0009893,1.1057396,0.2788805,0.0,0.0,0.0,-0.08687709,-0.5079104,0.678882
0.7325558,-0.43354827,-1.4834698,0.0,0.1255306,0.0,0.0,0.9017178,0.11370364,0.9452188,0.0,0.8954177,0.86305285,0.0,0.0,0.0,0.0,0.0,0.0,0.21993658,0.0,0.46161574,0.42479348,0.0,0.0,0.8860586,0.26673615,1.2357044,0.0,0.58266085,0.8268547,0.16550556,0.1717691,0.0,0.0,1.1378105,0.0,0.0,0.0,0.0,0.0,0.0,0.0,0.0,0.0,0.029085085,0.50498843,0.0,0.06387557,0.0,0.0,0.29931664,0.0,0.0,0.26034272,0.34662575,0.0,0.21280684,0.93458194,0.0,0.75875205,1.0578611,1.2227255,0.40682852,0.0,0.0,0.0,-0.08909592,-0.6191974,0.64162993
-1.7927134,-0.74459726,0.55164254,0.8388453,0.0,0.0,0.7279663,0.0,0.0,0.6711801,0.6539638,0.0,0.10963529,0.9083375,1.4290044,1.0626838,0.0,0.0,0.75989485,0.2194015,0.0,1.3153267,0.0,0.0,0.0,0.0,0.0,0.0,0.0,1.1715736,0.5891968,0.0,0.035715684,0.0,1.1875136,0.81998456,0.0,0.55426455,0.0,0.0,0.0,1.1301247,0.0,0.35741648,0.443917,0.031786613,0.8097553,0.0,0.6708673,0.0,0.0,0.04319492,0.47191602,0.04067599,1.0526277,1.6615329,0.42485398,0.6278255,0.67066234,0.0,0.3568591,0.30289614,0.31532186,0.17266585,0.0,0.22542344,0.0,-0.46015054,0.46853867,0.14909352
-0.13851303,1.8556037,-0.67279357,0.31166962,0.0,0.2587865,0.0,1.3430628,0.9990592,0.0,0.0,0.0,0.0,0.0,1.0971253,0.0,0.5852269,0.06895703,0.10200776,0.0,0.4213891,0.0,0.06884149,0.28414768,0.0,0.0,0.43660417,1.1427019,1.1307225,1.5171094,0.0895786,0.21659604,0.0,0.0,0.0,0.65808886,0.0,1.0133953,0.0,0.0,0.0,0.37259242,0.0,0.30014277,0.21900952,0.3271612,0.0,0.0,0.80524457,0.0,0.0,0.7790266,0.0,0.0,0.14979343,0.44500333,0.06327697,0.36443612,0.5175056,0.049115516,0.27988017,0.52065027,0.89042187,1.3038943,0.0,0.0,0.0,-0.24235581,-0.56764835,-0.4883194
-0.23258248,0.77531606,0.76973593,1.1812503,0.0,0.18023972,0.0,0.28970432,0.76364934,0.0,0.17892846,0.0,0.0,0.11979404,1.142736,0.36608216,0.1506922,0.0,0.6285106,0.0,0.40492445,0.0,0.0,0.024080127,0.0,0.0,0.0,0.0,0.14425826,0.6349718,0.0,0.0,0.0,0.0,0.61091983,0.11125077,0.0,0.7412564,0.0,0.0,0.0,0.6307704,0.0,0.42543042,0.4548267,0.2376845,0.59080714,0.0,0.5845629,0.0,0.0,0.37770516,0.29932702,0.34017146,0.13544372,0.6452789,0.5070481,0.5738476,0.07878685,0.0,0.28045273,0.2468073,0.2541408,0.59942675,0.0,0.42975402,0.0,0.14530581,0.13951468,-0.63800365
1.2564019,-1.1666898,-0.7932921,0.13507098,0.4924927,0.0,0.0,0.38494253,0.077082485,0.8169393,0.0,0.8950765,1.3757055,0.6574188,0.0,0.24152605,0.0,0.0,0.0,0.5456944,0.0,0.36053514,0.3494475,0.0,0.3112182,1.0772833,0.0,0.8522408,0.0,0.0,0.65078014,0.091775626,0.23523633,0.33520323,0.30562162,0.9749069,0.0,0.0,0.0,0.0,0.0,0.0,0.0,0.0,0.21949655,0.10385546,1.1461731,0.0,0.0,0.0,0.0,0.039038755,0.0,0.0,0.28224617,0.4729532,0.0,0.57886666,0.79806435,0.0,1.0506539,0.927001,0.9892084,0.0,0.0,0.0122686755,0.0,0.17721292,-0.13229042,0.79659605
0.71862626,-1.3288203,-0.91525924,0.009239912,0.4646829,0.0,0.0,0.30531514,0.0,1.0379951,0.0,0.8669276,1.2563492,0.6843468,0.0,0.33314472,0.0,0.0,0.0,0.5628388,0.0,0.71447104,0.23437233,0.0,0.10304615,0.8839911,0.0,0.5965376,0.0,0.06921217,0.83915913,0.0,0.36086833,0.15651245,0.32537997,1.0446514,0.0,0.0,0.0,0.0,0.0,0.0,0.0,0.0,0.068677135,0.04115373,1.0597525,0.0,0.0,0.0,0.0,0.0,0.0,0.0,0.4903098,0.705576,0.0,0.40666205,0.9302,0.0,0.88602036,0.96631205,0.91728956,0.0,0.0,0.010850167,0.0,-0.05862694,-0.17505854,0.9045483
2.0399604,1.2200229,-1.896348,0.0,0.0,0.30187017,0.0,1.8933159,1.1504794,0.2417964,0.0,0.96351194,0.5932325,0.0,0.0,0.0,0.0,1.2109736,0.0,0.0,0.0,0.0,0.9432607,0.32824153,0.16451587,1.3222641,0.49003223,2.696053,0.6142966,0.49919522,0.3204835,1.3345048,0.0,0.14313845,0.0,1.5345876,0.0,0.11487143,0.0,0.0,0.0,0.0,0.0,0.0,0.15338689,0.21913852,0.342741,0.0,0.081937686,0.0,0.0,1.185661,0.0,0.0,0.0,0.0,0.0,0.71905124,0.84121466,0.056651995,1.045851,0.9854266,1.8468139,1.3682634,0.0,0.0,0.0,0.23417969,-1.0606352,0.107286066
-0.8178003,-0.032080825,-0.6440516,0.16622508,0.0,0.0,0.045805097,0.50356895,0.0,0.7322935,0.0,0.13649198,0.13688585,0.0,0.8282086,0.19925877,0.0,0.0,0.18598902,0.0,0.0,0.8308523,0.0,0.0,0.0,0.0,0.23264143,0.13017151,0.28164116,1.303422,0.68764794,0.0,0.0,0.0,0.06068942,0.7400597,0.0,0.2989388,0.0,0.0,0.0,0.275999,0.0,0.05511622,0.0,0.009339623,0.09551537,0.0,0.607448,0.0,0.0,0.23212424,0.10572745,0.0,0.53251565,0.7976025,0.0,0.0023663593,0.5631529,0.0,0.3894906,0.5946672,0.7216545,0.34454903,0.0,0.0,0.0,-0.4353996,-0.34813127,0.3180923
1.6640233,-1.281446,-0.7170345,0.20486674,0.6126512,0.0,0.0,0.35892943,0.163023,0.74639964,0.0,0.97697604,1.5714626,0.77650106,0.0,0.2515302,0.0,0.06467432,0.0,0.6186775,0.0,0.19712526,0.4317075,0.0,0.48743975,1.2753434,0.0,0.9723563,0.0,0.0,0.5750672,0.24522367,0.22636046,0.50249255,0.377783,1.0178406,0.0,0.0,0.0,0.0,0.0,0.0,0.0,0.0,0.35582727,0.14710146,1.3354542,0.0,0.0,0.0,0.0,0.04557485,0.0,0.0,0.2141156,0.41933882,0.0,0.7510334,0.754093,0.0,1.2778674,0.9288316,1.0778152,0.0,0.0,0.014831938,0.0,0.33585718,-0.06508607,0.799898
-0.32799572,-0.7034975,0.43598872,0.8632451,0.0,0.0,0.05504018,0.0,0.029403567,0.4167099,0.21197307,0.0,0.61108667,0.8785919,0.5979776,0.7848432,0.0,0.0,0.49811935,0.30423886,0.0,0.627527,0.0,0.0,0.0,0.0,0.0,0.0,0.0,0.35005862,0.3515498,0.0,0.0,0.0,1.0077418,0.4289927,0.0,0.27308577,0.0,0.0,0.0,0.5826143,0.0,0.16384998,0.44823375,0.13698809,0.86166334,0.0,0.24185261,0.0,0.0,0.007894948,0.15066573,0.0,0.64188516,0.9713428,0.536298,0.46336508,0.37446946,0.0,0.44200337,0.42583573,0.14484537,0.0,0.0,0.17877528,0.0,0.0077101253,0.3931883,0.20499577
1.9687855,1.2030925,-0.59022754,0.46481037,0.0,0.53034955,0.0,1.318697,1.360548,0.0,0.0,0.42563525,0.5787866,0.0,0.0,0.0,0.0,1.0442814,0.0,0.0,0.13044994,0.0,0.575034,0.49748188,0.3989367,0.8975991,0.009689622,1.9186519,0.2317918,0.003171146,0.0,1.0517128,0.0,0.27101052,0.0,0.87030655,0.0,0.1420994,0.0,0.0,0.0,0.0,0.0,0.051202394,0.5350143,0.44838005,0.54718083,0.0,0.001690235,0.0,0.0,0.95456946,0.0,0.05864065,0.0,0.0,0.14789416,0.9485519,0.2872147,0.06599366,1.04227,0.5870421,1.095231,1.0449214,0.0,0.096469775,0.0,0.5604303,-0.44565737,-0.162003
-0.7149769,0.6220703,0.19360551,0.76246905,0.0,0.0,0.0,0.4149431,0.44711572,0.09771688,0.056289643,0.0,0.0,0.0,1.2113659,0.27108997,0.17784348,0.0,0.48747793,0.0,0.12804468,0.30562544,0.0,0.0,0.0,0.0,0.0054255724,0.0,0.35505432,1.1111507,0.17769364,0.0,0.0,0.0,0.32910907,0.3300655,0.0,0.6581385,0.0,0.0,0.0,0.47766945,0.0,0.3437896,0.19757532,0.09267521,0.28246158,0.0,0.58992374,0.0,0.0,0.32558993,0.23640692,0.040580183,0.2850661,0.700581,0.25581273,0.30931902,0.25654858,0.0,0.33107814,0.37161127,0.4397817,0.5337859,0.0,0.1852236,0.0,-0.14965452,-0.086581424,-0.2336988
-0.0023682222,0.46919367,-0.27171832,0.4957589,0.0,0.0,0.0,0.64439464,0.5087404,0.2184084,0.0,0.045539275,0.20512952,0.0,0.642809,0.040498674,0.0,0.0,0.20757017,0.0,0.0,0.14125377,0.0,0.0,0.0,0.0,0.05562436,0.50131816,0.23505351,0.82256854,0.2642727,0.0,0.0,0.0,0.0473361,0.40254158,0.0,0.44364518,0.0,0.0,0.0,0.1496714,0.0,0.24127093,0.10269852,0.12804434,0.1707271,0.0,0.39614084,0.0,0.0,0.32018167,0.0,0.0,0.15221795,0.43092275,0.056096673,0.18799175,0.30800024,0.06027151,0.4357201,0.49600413,0.517637,0.57238203,0.0,0.0456236,0.0,-0.10524543,-0.29134896,-0.006636448
1.1644295,1.2157193,-1.3404188,0.0,0.0,0.21665798,0.0,1.54273,0.9881228,0.1731241,0.0,0.5544388,0.2857464,0.0,0.0,0.0,0.0,0.66053987,0.0,0.0,0.0,0.0,0.56453544,0.21145529,0.0,0.7293633,0.4048619,1.9450647,0.6636841,0.79800975,0.26937664,0.80203676,0.0,0.0,0.0,1.1073706,0.0,0.29696208,0.0,0.0,0.0,0.0,0.0,0.0,0.062082525,0.15980394,0.06642811,0.0,0.25320822,0.0,0.0,0.8754194,0.0,0.0,0.02131667,0.0,0.0,0.36297074,0.7099063,0.10242931,0.66856235,0.7369461,1.2999911,1.1840749,0.0,0.0,0.0,0.0004391186,-0.88692665,-0.0011767969
0.5353426,0.3301088,0.52004635,1.0408945,0.0,0.1618359,0.0,0.31912267,0.75381285,0.0,0.0,0.0,0.45966694,0.30657578,0.49698377,0.31581277,0.0,0.0,0.4149039,0.0,0.09947927,0.0,0.0,0.0,0.16903467,0.036697365,0.0,0.2745568,0.0,0.13039246,0.0,0.0,0.0,0.022419408,0.5858084,0.05631975,0.0,0.4467675,0.0,0.0,0.0,0.3204932,0.0,0.34465152,0.46752965,0.2500636,0.6268129,0.0,0.22889069,0.0,0.0,0.30403966,0.0,0.17284516,0.042664975,0.40538263,0.48019153,0.51468325,0.08371511,0.03950037,0.4593953,0.35540056,0.121979445,0.43673787,0.0,0.25324258,0.0,0.32465267,0.13909978,-0.32108343
-0.4774405,-0.6282038,-0.13701229,0.48308444,0.0,0.0,0.06213835,0.09569886,0.0,0.66861284,0.0,0.13987456,0.5232088,0.56624985,0.5612151,0.5589998,0.0,0.0,0.311684,0.24807699,0.0,0.802237,0.0,0.0,0.0,0.0,0.0,0.0,0.0,0.69843274,0.58127034,0.0,0.041445598,0.0,0.61409,0.60220814,0.0,0.14082606,0.0,0.0,0.0,0.39207584,0.0,0.05826534,0.2423252,0.0854311,0.62691736,0.0,0.2973824,0.0,0.0,0.011828229,0.109698236,0.0,0.6279306,0.9317467,0.19065316,0.25067317,0.47798222,0.0,0.5051766,0.5222974,0.37354255,0.006534338,0.0,0.037156075,0.0,-0.1792938,0.11534566,0.44551027
-1.3586774,0.6442407,0.01888991,0.6066923,0.0,0.0,0.19005117,0.41681582,0.2321415,0.293064,0.1420143,0.0,0.0,0.0,1.5330193,0.29170483,0.3804386,0.0,0.5204616,0.0,0.07812752,0.64413774,0.0,0.0,0.0,0.0,0.16456369,0.0,0.5796583,1.5773141,0.35892713,0.0,0.0,0.0,0.245284,0.5854551,0.0,0.74863774,0.0,0.0,0.0,0.5799987,0.0,0.32491985,0.14175375,0.026956439,0.17901695,0.0,0.781638,0.0,0.0,0.29700923,0.38079065,0.0,0.47646886,0.9841116,0.16096924,0.2879942,0.5010494,0.0,0.28835398,0.4370333,0.61944544,0.5646471,0.0,0.10980385,0.0,-0.4383036,-0.15382662,-0.10391857
0.034452483,0.93685955,1.3664591,1.5996964,0.0,0.40183383,0.0,0.13161002,1.0230936,0.0,0.3666382,0.0,0.015083641,0.30045116,1.2021809,0.4981383,0.19786718,0.0,0.8095647,0.0,0.69339275,0.0,0.0,0.23946893,0.09662579,0.0,0.0,0.0,0.0,0.28275788,0.0,0.0,0.0,0.0,0.91559815,0.0074507445,0.0,0.8890225,0.0,0.0,0.14813872,0.9223487,0.0,0.5283197,0.8061479,0.4347024,0.9379303,0.0,0.6902802,0.0,0.0,0.43634543,0.4215328,0.6095503,0.116160914,0.7008637,0.784427,0.92927325,0.0076130033,0.0,0.25542462,0.15881366,0.14257002,0.6271754,0.0,0.6808398,0.0,0.3427894,0.4336689,-1.0437343
-1.0574232,-0.9617001,-0.6253953,0.10386127,0.0,0.0,0.35755402,0.10025124,0.0,1.12327,0.0,0.2894629,0.4638909,0.5308629,0.6440675,0.57739604,0.0,0.0,0.21474218,0.31296962,0.0,1.3358045,0.0,0.0,0.0,0.0,0.117172845,0.0,0.0,1.1391997,0.9628283,0.0,0.3100916,0.0,0.46910924,0.95976543,0.0,0.015221566,0.0,0.0,0.0,0.43540123,0.0,0.0,0.07866351,0.01566723,0.50344163,0.0,0.44634593,0.0,0.0,0.0,0.11226374,0.0,0.8619483,1.2998347,0.0,0.12826513,0.82106924,0.0,0.5430753,0.65265274,0.60799956,0.0,0.0,0.0,0.0,-0.51543564,-0.05291738,0.75438523
-1.906691,-0.11232757,1.2380589,1.32031,0.0,0.0,0.6926499,0.0,0.0,0.15395245,0.9313985,0.0,0.0,0.8263588,1.8867593,1.1164083,0.24513647,0.0,1.0381824,0.0030377693,0.14089556,0.93844473,0.0,0.0,0.0,0.0,0.0,0.0,0.0,1.164542,0.18347196,0.0,0.0,0.0,1.3798255,0.5938917,0.0,0.8957929,0.0,0.0,0.15779261,1.3422393,0.0,0.6041285,0.6356853,0.03296949,0.88379985,0.0,0.7364247,0.0,0.0,0.18636781,0.7145342,0.32663727,0.87809724,1.5548272,0.80755943,0.86460066,0.5020512,0.0,0.2343982,0.20541708,0.17977072,0.35587198,0.0,0.45545805,0.0,-0.3095302,0.6018425,-0.46172202
-0.09058536,0.054786593,1.2847385,1.4822726,0.0,0.08697353,0.0,0.0,0.5861923,0.0,0.4583815,0.0,0.3614372,0.8042356,0.9451133,0.8033335,0.0,0.0,0.7850354,0.07199084,0.23606052,0.0,0.0,0.0,0.11454065,0.0,0.0,0.0,0.0,0.10591552,0.0,0.0,0.0,0.0,1.232499,0.06456177,0.0,0.6430956,0.0,0.0,0.16136025,0.79275274,0.0,0.4425184,0.69472945,0.26971203,1.0450444,0.0,0.4050782,0.0,0.0,0.27025795,0.31757182,0.39568436,0.36153808,0.8138239,0.895779,0.7830967,0.089180216,0.0,0.33876088,0.22539032,0.00081935525,0.3288126,0.0,0.52629834,0.0,0.28893104,0.54048645,-0.6137111
-0.26255244,-2.05749,-0.99324465,0.0,0.5857012,0.0,0.21365505,0.0,0.0,1.5418321,0.0,0.8557128,1.2307996,1.0667921,0.0,0.71213263,0.0,0.0,0.0,0.7562514,0.0,1.5100713,0.0,0.0,0.0,0.5728107,0.0,0.0,0.0,0.45606512,1.2378273,0.0,0.70939004,0.0,0.6330348,1.2419379,0.0,0.0,0.0,0.0,0.0,0.16449071,0.0,0.0,0.04114743,0.0,1.1728615,0.0,0.0,0.0,0.0,0.0,0.0,0.0,1.0387655,1.4205023,0.0,0.26453072,1.1793616,0.0,0.9068936,1.0104942,0.72679776,0.0,0.0,0.0,0.0,-0.41308245,-0.06643653,1.1617754
0.36417854,1.3059992,-0.95071423,0.1286028,0.0,0.14525081,0.0,1.3099544,0.8591496,0.12655012,0.0,0.20686421,0.0,0.0,0.5556978,0.0,0.11170843,0.19939578,0.0,0.0,0.055621013,0.0,0.25368726,0.12663361,0.0,0.20460114,0.38564995,1.3582191,0.7946902,1.1499906,0.24428062,0.36325088,0.0,0.0,0.0,0.7881673,0.0,0.60341865,0.0,0.0,0.0,0.08954966,0.0,0.15098009,0.042103082,0.18667518,0.0,0.0,0.51270056,0.0,0.0,0.7334,0.0,0.0,0.13447346,0.250071,0.0,0.19480987,0.56848437,0.099088654,0.4299271,0.60508275,0.97883487,1.1345787,0.0,0.0,0.0,-0.19567724,-0.71465355,-0.1607649
-0.050956823,0.1810666,0.661369,1.0849514,0.0,0.015623584,0.0,0.12580845,0.53915536,0.0,0.14640841,0.0,0.31795275,0.44368818,0.8078816,0.5114858,0.0,0.0,0.55251086,0.00902877,0.077663526,0.066183835,0.0,0.0,0.0,0.0,0.0,0.0,0.0,0.37750348,0.0,0.0,0.0,0.0,0.773885,0.12699226,0.0,0.51567066,0.0,0.0,0.0,0.50660783,0.0,0.37497503,0.42329517,0.1354813,0.66930944,0.0,0.3359941,0.0,0.0,0.23315582,0.18834516,0.18033946,0.21956113,0.6505178,0.5654954,0.47580478,0.13117236,0.0038647503,0.37635422,0.31255454,0.12859046,0.3449936,0.0,0.30822846,0.0,0.17291175,0.22244358,-0.31008506
-0.38574308,1.1040268,0.5170097,1.0264055,0.0,0.20022492,0.0,0.5074898,0.8148987,0.0,0.066410184,0.0,0.0,0.0,1.2775841,0.17292798,0.35489914,0.0,0.5638616,0.0,0.4758172,0.0,0.0,0.08976099,0.0,0.0,0.0,0.08709465,0.43395326,0.9368142,0.0,0.0,0.0,0.0,0.32112068,0.1942761,0.0,0.8598184,0.0,0.0,0.0,0.56294966,0.0,0.39692307,0.36853147,0.25810242,0.42051584,0.0,0.67213845,0.0,0.0,0.43996203,0.2550306,0.26827127,0.09812105,0.6041021,0.4008338,0.5416264,0.14910257,0.0,0.28325057,0.2825737,0.4051975,0.74736804,0.0,0.36366892,0.0,0.049602594,-0.019022007,-0.63777244
-1.8670781,2.0073335,1.3746946,1.5460277,0.0,0.32118315,0.22204512,0.3072895,0.9220096,0.0,0.75176525,0.0,0.0,0.0,2.634559,0.39886978,1.3718181,0.0,1.1144121,0.0,1.2191886,0.0,0.0,0.26038206,0.0,0.0,0.0,0.0,1.0294353,1.7709887,0.0,0.0,0.0,0.0,0.59519416,0.37840158,0.0,1.584239,0.0,0.0,0.29785866,1.2988211,0.0,0.7503295,0.80761576,0.47324866,0.83923453,0.0,1.3306248,0.0,0.0,0.5348933,1.0360475,0.6650293,0.3072293,1.2389377,0.9086176,1.216857,0.32136023,0.0,0.050948653,0.14696223,0.5879541,1.0811362,0.0,0.7925958,0.0,-0.15085241,0.39124689,-1.465241
-1.384282,-1.2179366,-0.61128074,0.07518357,0.008844495,0.0,0.56082815,0.0,0.0,1.278667,0.061943352,0.2726302,0.46146291,0.68486106,0.7408601,0.7239764,0.0,0.0,0.26513103,0.3835863,0.0,1.5970957,0.0,0.0,0.0,0.0,0.11866348,0.0,0.0,1.2473295,1.0836082,0.0,0.4221481,0.0,0.60314983,1.0979432,0.0,0.008076638,0.0,0.0,0.0,0.57277757,0.0,0.0,0.09256777,0.0017872527,0.5657258,0.0,0.493279,0.0,0.0,0.0,0.14787224,0.0,1.0258508,1.5690472,0.0,0.18467921,0.95350367,0.0,0.55274874,0.66377914,0.6235752,0.0,0.0,0.0,0.0,-0.6306406,0.0017862804,0.83729863
-1.0890278,-0.4303258,0.614227,0.9464544,0.0,0.0,0.34924126,0.0,0.0,0.38575238,0.46387628,0.0,0.22030611,0.76582325,1.1620159,0.8685634,0.0,0.0,0.6818963,0.15671872,0.0,0.8317274,0.0,0.0,0.0,0.0,0.0,0.0,0.0,0.82398164,0.35402453,0.0,0.0,0.0,1.0567749,0.5576642,0.0,0.5067989,0.0,0.0,0.0,0.8693743,0.0,0.33148482,0.44527942,0.05714932,0.76012987,0.0,0.4855831,0.0,0.0,0.09438194,0.3706426,0.051393427,0.75650585,1.2288797,0.52829134,0.5551237,0.44969034,0.0,0.36599737,0.33308506,0.23603714,0.16446787,0.0,0.24302042,0.0,-0.19073798,0.39126736,0.01847668
0.9764064,-0.48203447,-0.61867106,0.27387923,0.14808077,0.0,0.0,0.54350734,0.32365066,0.5367644,0.0,0.60954344,0.9733033,0.30457485,0.0,0.10374302,0.0,0.0,0.0,0.28227976,0.0,0.16151935,0.25599092,0.0,0.18003799,0.7538914,0.0,0.85295534,0.0,0.06694591,0.46007994,0.1101864,0.0,0.16048138,0.15438959,0.66920435,0.0,0.0,0.0,0.0,0.0,0.0,0.0,0.0,0.20236114,0.128639,0.7743452,0.0,0.0,0.0,0.0,0.17603438,0.0,0.0,0.124137595,0.2532522,0.009007305,0.43619105,0.5674333,0.0,0.76317954,0.7100625,0.7538509,0.2451831,0.0,0.00031023612,0.0,0.19316415,-0.2035954,0.46364254
0.16963667,-0.5005581,0.68883526,1.0746231,0.0,0.0,0.0,0.0,0.31306666,0.1308501,0.1759451,0.0,0.6984377,0.8847084,0.4556604,0.73496926,0.0,0.0,0.519122,0.27356353,0.0,0.24440457,0.0,0.0,0.14303824,0.0,0.0,0.0,0.0,0.012813985,0.109637186,0.0,0.0,0.032059178,1.0585207,0.15020773,0.0,0.29572916,0.0,0.0,0.0,0.51919276,0.0,0.2322798,0.5641408,0.19977252,0.9479847,0.0,0.13980557,0.0,0.0,0.07850928,0.078926384,0.09986232,0.4275927,0.74545264,0.6802025,0.5537269,0.20565663,0.0,0.47037542,0.34934285,0.0,0.05488409,0.0,0.2505894,0.0,0.2704649,0.46015137,-0.03290002
0.1060378,0.11005741,0.30230388,0.85595685,0.0,0.0,0.0,0.2714935,0.48956186,0.08157924,0.0,0.0,0.404245,0.32927045,0.6042624,0.37520593,0.0,0.0,0.39624572,0.034557268,0.0,0.10652535,0.0,0.0,0.0,0.0,0.0,0.10668141,0.0,0.40661532,0.11441769,0.0,0.0,0.0,0.5607317,0.19719319,0.0,0.4094664,0.0,0.0,0.0,0.32948226,0.0,0.28930163,0.3179325,0.12631544,0.5375819,0.0,0.2658099,0.0,0.0,0.2091895,0.053900853,0.030173235,0.19097887,0.5500001,0.37995297,0.33996558,0.18134798,0.050971374,0.4334615,0.40965492,0.20191224,0.32530808,0.0,0.18984465,0.0,0.111980125,0.083865464,-0.0825973
-0.18929063,0.14985831,0.41054505,0.90964115,0.0,0.0,0.0,0.20335951,0.4382879,0.07751313,0.07032725,0.0,0.28204066,0.34421432,0.8101498,0.4466369,0.0,0.0,0.48088184,0.0026475526,0.0,0.20467341,0.0,0.0,0.0,0.0,0.0,0.0,0.0,0.5531399,0.11723468,0.0,0.0,0.0,0.6323068,0.22419298,0.0,0.47684795,0.0,0.0,0.0,0.4447101,0.0,0.32973373,0.33076078,0.10343833,0.5449504,0.0,0.3474189,0.0,0.0,0.22033687,0.16200295,0.07412878,0.26048392,0.6518455,0.42209116,0.3694436,0.18999524,0.00626491,0.40230703,0.37001574,0.21377501,0.32160392,0.0,0.22677419,0.0,0.06396799,0.11837521,-0.15472494
0.36611858,-1.2244107,-2.198773,0.0,0.4195635,0.0,0.0,0.85089386,0.0,1.630075,0.0,1.2858355,1.0816771,0.023824036,0.0,0.0,0.0,0.0,0.0,0.4591659,0.0,1.1415899,0.48864585,0.0,0.0,1.0783598,0.46441177,1.1806014,0.0,0.8394604,1.373467,0.0,0.63243663,0.0,0.0,1.575666,0.0,0.0,0.0,0.0,0.0,0.0,0.0,0.0,0.0,0.0,0.665286,0.0,0.14619449,0.0,0.0,0.1528899,0.0,0.0,0.53259724,0.8029897,0.0,0.15589632,1.380897,0.0,0.9776891,1.5013306,1.6175646,0.18698111,0.0,0.0,0.0,-0.3283339,-0.7092876,1.0920209
-1.2125728,-0.611766,0.0957744,0.58752304,0.0,0.0,0.40497988,0.0,0.0,0.70580477,0.27684784,0.0,0.25554934,0.6378306,1.0357113,0.7524698,0.0,0.0,0.5076767,0.19755825,0.0,1.090348,0.0,0.0,0.0,0.0,0.0,0.0,0.0,1.0513811,0.6235826,0.0,0.043038264,0.0,0.8024345,0.7391129,0.0,0.34580147,0.0,0.0,0.0,0.74244636,0.0,0.23590699,0.30913466,0.052340984,0.63198507,0.0,0.5211625,0.0,0.0,0.023380518,0.3095242,0.0,0.8201411,1.3045307,0.2364387,0.40699282,0.56737375,0.0,0.42274743,0.41322058,0.38942334,0.10852799,0.0,0.09581585,0.0,-0.37002933,0.24454069,0.31134212
0.895596,-1.738326,-0.50557137,0.26328745,0.646737,0.0,0.0,0.0,0.0,0.9786155,0.0,0.83243513,1.5017114,1.1297824,0.0,0.6124146,0.0,0.0,0.0,0.73739475,0.0,0.7073698,0.15544312,0.0,0.2870404,0.927215,0.0,0.31111324,0.0,0.0,0.75292945,0.0,0.40018404,0.32349712,0.7487606,0.9547673,0.0,0.0,0.0,0.0,0.0,0.082444824,0.0,0.0,0.33577672,0.08951205,1.4296603,0.0,0.0,0.0,0.0,0.0,0.0,0.0,0.60629296,0.9194694,0.048285287,0.5939998,0.83879095,0.0,1.0675527,0.8973104,0.74219036,0.0,0.0,0.056177925,0.0,0.08341867,0.093029365,0.8940269
-0.1328077,-1.1748924,0.31674886,0.76848125,0.17954129,0.0,0.06173137,0.0,0.0,0.6087054,0.1574128,0.15440543,0.8890033,1.1220597,0.29539856,0.8797313,0.0,0.0,0.41795766,0.48580506,0.0,0.7631717,0.0,0.0,0.018852204,0.0681497,0.0,0.0,0.0,0.1286296,0.482021,0.0,0.105694905,0.0,1.1123644,0.533245,0.0,0.069468126,0.0,0.0,0.0,0.5174914,0.0,0.020696454,0.44400972,0.14570753,1.0669824,0.0,0.08018511,0.0,0.0,0.0,0.003600344,0.0,0.76182574,1.0506005,0.47017366,0.45553708,0.5043761,0.0,0.56663585,0.5494257,0.14772807,0.0,0.0,0.15523002,0.0,0.029853951,0.38323247,0.45039457
0.35670424,-1.1098076,-1.7249192,0.0,0.34669402,0.0,0.0,0.69190824,0.0,1.3811228,0.0,1.0667259,1.0287445,0.16843078,0.0,0.0,0.0,0.0,0.0,0.43184283,0.0,0.9852663,0.3640862,0.0,0.0,0.9085689,0.30630794,0.9488213,0.0,0.6887083,1.1629077,0.0,0.4898402,0.0,0.0,1.3406866,0.0,0.0,0.0,0.0,0.0,0.0,0.0,0.0,0.0,0.0,0.65251327,0.0,0.100632355,0.0,0.0,0.082159705,0.0,0.0,0.49497718,0.7267882,0.0,0.18460375,1.1867832,0.0,0.87520224,1.2551985,1.3312308,0.123108044,0.0,0.0,0.0,-0.26747507,-0.5431744,0.98196566
1.1175568,0.756799,0.24314357,0.92535335,0.0,0.3669634,0.0,0.67894137,1.0635015,0.0,0.0,0.010358974,0.47652873,0.0,0.25006878,0.0,0.0,0.3364951,0.23242065,0.0,0.20845462,0.0,0.11131491,0.24235761,0.29038274,0.31978744,0.0,0.8693807,0.0,0.030981362,0.0,0.35822758,0.0,0.13318889,0.19595726,0.23898366,0.0,0.36568773,0.0,0.0,0.0,0.16047965,0.0,0.31304163,0.5645352,0.38652933,0.52467406,0.0,0.19420812,0.0,0.0,0.50434816,0.0,0.15514481,0.0,0.030932844,0.30861345,0.71259904,0.06280382,0.072693676,0.6690685,0.41641974,0.41525134,0.68499374,0.0,0.21047679,0.0,0.46962753,-0.062556505,-0.37239754
0.5893044,0.53757083,-0.37649253,0.47088945,0.0,0.06653534,0.0,0.7910811,0.6965224,0.12143925,0.0,0.19786943,0.3845959,0.0,0.31026605,0.0,0.0,0.021288872,0.08133072,0.0,0.0,0.0,0.12943675,0.0,0.0,0.29221708,0.022024058,0.87897444,0.1555588,0.53118575,0.17744213,0.15552786,0.0,0.0,0.0,0.4480251,0.0,0.33607566,0.0,0.0,0.0,0.0,0.0,0.22345945,0.13788043,0.15961868,0.25521138,0.0,0.2158129,0.0,0.0,0.36541516,0.0,0.0,0.0,0.19588722,0.048753835,0.2846706,0.35368055,0.06803239,0.5155496,0.5349678,0.5631457,0.65988714,0.0,0.0047059176,0.0,0.046371937,-0.34817243,0.0055091977
-0.7392474,-1.2585179,0.1036884,0.5834207,0.11093736,0.0,0.33518213,0.0,0.0,0.85350746,0.22726196,0.1305542,0.71024597,1.0567335,0.5498357,0.9181508,0.0,0.0,0.42968795,0.4666332,0.0,1.1379848,0.0,0.0,0.0,0.0,0.0,0.0,0.0,0.5537697,0.6982238,0.0,0.2292756,0.0,1.0448987,0.7582039,0.0,0.11171214,0.0,0.0,0.0,0.6538182,0.0,0.05162355,0.3556778,0.10687749,0.92969877,0.0,0.25610387,0.0,0.0,0.0,0.0865335,0.0,0.9317138,1.3521968,0.29101783,0.41667378,0.6762388,0.0,0.54502773,0.5606092,0.26839432,0.0,0.0,0.088069715,0.0,-0.24751396,0.3193043,0.5698404
0.062095672,-0.15847355,1.2114146,1.4310045,0.0,0.04031031,0.0,0.0,0.5255276,0.0,0.4078708,0.0,0.5099715,0.907681,0.76742864,0.8291874,0.0,0.0,0.7319971,0.15806392,0.10635774,0.0265823,0.0,0.0,0.17583786,0.0,0.0,0.0,0.0,0.0,0.0,0.0,0.0,0.006148368,1.2633979,0.050977394,0.0,0.5451444,0.0,0.0,0.14293851,0.72178334,0.0,0.3899247,0.6991074,0.26253098,1.078358,0.0,0.29487586,0.0,0.0,0.21295576,0.23423713,0.3306375,0.39831212,0.78991723,0.8919826,0.7484389,0.11035866,0.0,0.40348136,0.25461513,0.0,0.22907224,0.0,0.4574626,0.0,0.32509694,0.5607448,-0.46483338
-1.4713103,-0.683868,0.55434614,0.8658364,0.0,0.0,0.57112765,0.0,0.0,0.58348024,0.5642724,0.0,0.19682115,0.8826388,1.271744,0.99390066,0.0,0.0,0.7135292,0.22008911,0.0,1.1357756,0.0,0.0,0.0,0.0,0.0,0.0,0.0,0.99657834,0.5129719,0.0,0.0,0.0,1.1450356,0.71713966,0.0,0.5100742,0.0,0.0,0.0,1.0143476,0.0,0.32654902,0.45095572,0.05163829,0.8156551,0.0,0.5836792,0.0,0.0,0.044237286,0.41573882,0.031683356,0.94674444,1.4895885,0.46494967,0.59681356,0.58692485,0.0,0.36806446,0.31637263,0.2756948,0.14639252,0.0,0.22495574,0.0,-0.34514278,0.45407292,0.12863782
-0.4245713,-0.429721,0.6208227,0.9950341,0.0,0.0,0.05237934,0.0,0.15362968,0.25128445,0.29261017,0.0,0.45593062,0.7903677,0.79383194,0.77180535,0.0,0.0,0.5845187,0.20364615,0.0,0.51341236,0.0,0.0,0.0,0.0,0.0,0.0,0.0,0.42134938,0.22802898,0.0,0.0,0.0,1.0209452,0.3556702,0.0,0.40380764,0.0,0.0,0.0,0.65082484,0.0,0.27521238,0.47059092,0.12531014,0.8274013,0.0,0.3091676,0.0,0.0,0.083632424,0.2165209,0.04449875,0.5643926,0.9450363,0.6078696,0.5150975,0.31791314,0.0,0.40080297,0.36470938,0.13343345,0.110647045,0.0,0.24759737,0.0,0.037893843,0.39171618,0.0018356442
-0.30791697,0.08198808,0.42158127,0.90468746,0.0,0.0,0.0,0.15695363,0.37520537,0.12181459,0.113968134,0.0,0.27003855,0.3872698,0.855499,0.49305576,0.0,0.0,0.5017174,0.01931978,0.0,0.28742266,0.0,0.0,0.0,0.0,0.0,0.0,0.0,0.59810084,0.15235521,0.0,0.0,0.0,0.67446685,0.268158,0.0,0.47295666,0.0,0.0,0.0,0.48893282,0.0,0.33111268,0.3430406,0.1016687,0.5677298,0.0,0.36582795,0.0,0.0,0.20263496,0.19032252,0.064817645,0.32058206,0.7144121,0.43746695,0.3875123,0.21727623,0.0,0.3979628,0.36786795,0.22678706,0.29412776,0.0,0.22542602,0.0,0.0357623,0.14849876,-0.12981385
0.5963602,-0.13097288,0.5358248,1.0262045,0.0,0.035823658,0.0,0.1390902,0.5739597,0.0,0.0,0.0,0.68572617,0.6007174,0.30713612,0.4790595,0.0,0.0,0.40453982,0.1643358,0.0,0.0,0.0,0.0,0.2367102,0.15221305,0.0,0.1353679,0.0,0.0,0.0,0.0,0.0,0.11092885,0.78182304,0.048118964,0.0,0.2703361,0.0,0.0,0.0,0.31209186,0.0,0.2696019,0.5445608,0.21186201,0.8034021,0.0,0.10202949,0.0,0.0,0.1793745,0.0,0.13852446,0.15698245,0.4800747,0.54650545,0.5455254,0.110345304,0.0,0.53309685,0.33464783,0.051874414,0.21485692,0.0,0.19566327,0.0,0.38459623,0.29847404,-0.13435398
-2.5010812,2.1187792,2.3002343,2.1165142,0.0,0.39458102,0.5512341,0.0,0.9499818,0.0,1.3330286,0.0,0.0,0.0,3.262317,0.8101618,1.7034539,0.0,1.550569,0.0,1.6004494,0.021770746,0.0,0.30067766,0.0,0.0,0.0,0.0,0.9698488,1.8108776,0.0,0.0,0.0,0.0,1.1877966,0.3839596,0.0,1.8837082,0.0,0.087196924,0.693242,1.8632036,0.0,1.0263977,1.2168119,0.5715269,1.304203,0.0,1.5942522,0.0,0.0,0.5554248,1.5424603,1.0058064,0.44684216,1.6783147,1.3181412,1.6983769,0.34091866,0.0,0.0,0.068544164,0.49887192,1.170218,0.0,1.1347091,0.0,-0.19354483,0.83193946,-1.9903781
-0.009409622,-0.41676033,-0.15077122,0.51856637,0.0,0.0,0.0,0.24392809,0.14251864,0.50210285,0.0,0.19672479,0.5956055,0.44475168,0.3703534,0.40765685,0.0,0.0,0.23954254,0.20374672,0.0,0.49266142,0.0,0.0,0.0,0.1201332,0.0,0.12087765,0.0,0.49064547,0.44562185,0.0,0.0,0.0,0.49021512,0.47846383,0.0,0.12798621,0.0,0.0,0.0,0.23023531,0.0,0.061078854,0.24092118,0.09177026,0.6106744,0.0,0.22561072,0.0,0.0,0.06927295,0.0129987,0.0,0.43254098,0.6787161,0.19755635,0.26221746,0.4103667,0.0,0.5040869,0.51438916,0.35799354,0.10321716,0.0,0.058833804,0.0,-0.03387581,0.04469275,0.3520611
-1.0149797,-0.27582225,1.6875237,1.6634731,0.0,0.0,0.36345685,0.0,0.2389637,0.0,0.92294705,0.0,0.18083955,1.1614453,1.4480245,1.2157274,0.0,0.0,1.0665104,0.13981111,0.21862401,0.47689366,0.0,0.0,0.0,0.0,0.0,0.0,0.0,0.39107788,0.0,0.0,0.0,0.0,1.6850555,0.28587583,0.0,0.83435965,0.0,0.0,0.31597775,1.2681013,0.0,0.5273868,0.77051353,0.15635018,1.1696181,0.0,0.55500555,0.0,0.0,0.22488175,0.51782125,0.4446075,0.7612924,1.3104208,1.0783501,0.9529784,0.2912928,0.0,0.23891445,0.1640875,0.0,0.30757478,0.0,0.59940106,0.0,0.0058624707,0.7666761,-0.6551984
1.1142159,0.30149028,-0.51053065,0.40322712,0.0,0.08199766,0.0,0.82230127,0.7262436,0.16568792,0.0,0.4170492,0.6752287,0.0,0.0,0.0,0.0,0.2543006,0.0,0.010283768,0.0,0.0,0.29394525,0.0,0.18106128,0.63454777,0.0,1.13375,0.0,0.19340906,0.19222054,0.3721921,0.0,0.10987453,0.0,0.55461717,0.0,0.03564997,0.0,0.0,0.0,0.0,0.0,0.1095133,0.23123223,0.18645649,0.45738053,0.0,0.012825649,0.0,0.0,0.42010218,0.0,0.0,0.0,0.0,0.043895468,0.44677487,0.36869603,0.014549553,0.71604866,0.6025565,0.69577044,0.59287214,0.0,0.0,0.0,0.27398127,-0.3427785,0.12955076
0.62791216,-1.3932791,-0.22775608,0.44902742,0.439903,0.0,0.0,0.0,0.0,0.7793401,0.0,0.5851284,1.2544614,1.0342035,0.0,0.6350515,0.0,0.0,0.10080901,0.60172933,0.0,0.6224643,0.024384737,0.0,0.21181901,0.6454399,0.0,0.14144735,0.0,0.0,0.6070142,0.0,0.24047826,0.21311854,0.8032594,0.7059622,0.0,0.0,0.0,0.0,0.0,0.14656636,0.0,0.0,0.38204393,0.08701414,1.246783,0.0,0.0,0.0,0.0,0.0,0.0,0.0,0.59869605,0.85055274,0.18327226,0.51481265,0.6505941,0.0,0.8673203,0.7205438,0.47905517,0.0,0.0,0.07093279,0.0,0.108302906,0.18850403,0.69884235
0.5152243,0.23356256,-0.24300244,0.5341412,0.0,0.0,0.0,0.60521346,0.5662178,0.19268243,0.0,0.19744216,0.49337828,0.018168211,0.28014445,0.059355527,0.0,0.0,0.13678251,0.0011908524,0.0,0.0,0.062432677,0.0,0.01897683,0.27565116,0.0,0.6608869,0.0,0.42287785,0.21744782,0.011108488,0.0,0.0,0.13172492,0.36734486,0.0,0.25120223,0.0,0.0,0.0,0.004564774,0.0,0.21397504,0.18842979,0.13398239,0.3799975,0.0,0.19521362,0.0,0.0,0.28907967,0.0,0.0,0.025080372,0.2627179,0.105975986,0.29323182,0.30593467,0.046715513,0.51258785,0.54262877,0.47966012,0.5031435,0.0,0.0546577,0.0,0.103609934,-0.23363136,0.059969235
-0.6275684,-1.3733274,1.302449,1.3680621,0.11938807,0.0,0.40089798,0.0,0.0,0.3500745,0.7638941,0.0,0.80382025,1.6771528,0.7534886,1.4051998,0.0,0.0,0.8505579,0.5543865,0.0,0.8500476,0.0,0.0,0.04968439,0.0,0.0,0.0,0.0,0.0,0.24399172,0.0,0.0,0.0,1.8629551,0.4477085,0.0,0.4409266,0.0,0.0,0.22664379,1.1149145,0.0,0.23541766,0.7853537,0.19770841,1.4351399,0.0,0.21802925,0.0,0.0,0.0,0.21872428,0.1661043,1.0399388,1.4458681,0.9842036,0.86405826,0.49184394,0.0,0.43592638,0.32310325,0.0,0.0,0.0,0.40900272,0.0,0.036026876,0.8725029,0.0010505766
-0.89227426,0.5359632,0.98841953,1.2653508,0.0,0.0049993545,0.0783408,0.018525124,0.5017922,0.0,0.47909847,0.0,0.0,0.3455189,1.4829198,0.6350988,0.24933705,0.0,0.804129,0.0,0.36658472,0.23868118,0.0,0.0,0.0,0.0,0.0,0.0,0.115129806,0.8654541,0.0,0.0,0.0,0.0,0.89068496,0.23019183,0.0,0.7791471,0.0,0.0,0.05261275,0.88117754,0.0,0.5535378,0.54299694,0.17395939,0.7295409,0.0,0.65941405,0.0,0.0,0.28412762,0.50622207,0.357118,0.37749374,0.9475401,0.6949553,0.70021766,0.17412661,0.0,0.24862076,0.21410798,0.24487865,0.49693662,0.0,0.4499478,0.0,0.027521048,0.34265226,-0.6333005
-0.4907777,-1.9119949,-0.9701098,0.0,0.48153582,0.0,0.28569907,0.0,0.0,1.5217638,0.0,0.7648423,1.0853548,0.9798827,0.0,0.70262367,0.0,0.0,0.0,0.6879108,0.0,1.5514514,0.0,0.0,0.0,0.42613697,0.020882465,0.0,0.0,0.63114846,1.2340053,0.0,0.6716817,0.0,0.601954,1.2174051,0.0,0.0,0.0,0.0,0.0,0.19668405,0.0,0.0,0.052790113,0.0,1.0260226,0.0,0.08099806,0.0,0.0,0.0,0.0,0.0,1.0407292,1.439691,0.0,0.20026526,1.1455488,0.0,0.85278577,0.9493337,0.6894497,0.0,0.0,0.0,0.0,-0.46377176,-0.07475549,1.1142371
0.50054854,1.5967325,0.32074854,0.9880369,0.0,0.50706595,0.0,0.8972622,1.2591374,0.0,0.0,0.0,0.0,0.0,0.9047644,0.0,0.32100067,0.25518084,0.36626196,0.0,0.6448806,0.0,0.0,0.4659677,0.0012644976,0.0,0.0,0.8109791,0.53541833,0.6427233,0.0,0.2726616,0.0,0.0,0.0,0.3414159,0.0,0.90367514,0.0,0.0,0.0,0.47489503,0.0,0.34739265,0.4959835,0.4779039,0.3571207,0.0,0.6573142,0.0,0.0,0.6414418,0.0,0.26634216,0.0,0.27693817,0.32302326,0.7190936,0.16910866,0.014046133,0.41917557,0.32543388,0.57627964,1.0478344,0.0,0.35788515,0.0,0.22121708,-0.18032715,-0.7605382
-0.6444409,-2.0582764,-0.290038,0.28164917,0.47914478,0.0,0.43779248,0.0,0.0,1.3097683,0.10831392,0.49127758,1.0973669,1.3748459,0.11931059,1.0405558,0.0,0.0,0.25902367,0.75189805,0.0,1.5259736,0.0,0.0,0.0,0.17524111,0.0,0.0,0.0,0.39860117,1.0373518,0.0,0.5864041,0.0,1.112407,1.0858188,0.0,0.0,0.0,0.0,0.0,0.5277302,0.0,0.0,0.24000345,0.06243229,1.1959802,0.0,0.024416316,0.0,0.0,0.0,0.0,0.0,1.1715653,1.6033819,0.008697003,0.34983647,1.027612,0.0,0.78911054,0.8439137,0.40510747,0.0,0.0,0.009356787,0.0,-0.40380904,0.18765028,1.0226629
-0.10106026,1.3810389,-0.28544265,0.53771144,0.0,0.19437997,0.0,0.9957366,0.8741965,0.0,0.0,0.0,0.0,0.0,1.010472,0.0,0.3504087,0.0,0.231172,0.0,0.32721943,0.0,0.0,0.15134037,0.0,0.0,0.2140978,0.77768064,0.75152254,1.1827561,0.05451326,0.032591045,0.0,0.0,0.0,0.4347961,0.0,0.852735,0.0,0.0,0.0,0.33786625,0.0,0.31607136,0.20432724,0.26796114,0.060471218,0.0,0.6667422,0.0,0.0,0.58545345,0.0,0.039799407,0.09355801,0.4400152,0.1294298,0.36520815,0.36037016,0.028448895,0.29586014,0.41839442,0.6645132,1.0235282,0.0,0.090006635,0.0,-0.13374071,-0.38638946,-0.43478513
0.19297926,-1.8628016,-0.8212492,0.0020983815,0.58210504,0.0,0.0,0.0,0.0,1.3028126,0.0,0.8388245,1.3066568,1.0398084,0.0,0.6403316,0.0,0.0,0.0,0.7230367,0.0,1.1696348,0.050262943,0.0,0.0,0.7045949,0.0,0.09556891,0.0,0.17452148,1.0370585,0.0,0.567997,0.059653297,0.6372846,1.1109551,0.0,0.0,0.0,0.0,0.0,0.09967197,0.0,0.0,0.074166656,0.0074513108,1.233741,0.0,0.0,0.0,0.0,0.0,0.0,0.0,0.8468853,1.1586478,0.0,0.3385471,1.0506465,0.0,0.8710129,0.9675441,0.72876066,0.0,0.0,0.020748097,0.0,-0.24894013,-0.050006095,1.0476618
0.4603914,0.860009,-0.051975172,0.6950012,0.0,0.1999547,0.0,0.76244843,0.85781527,0.0,0.0,0.0,0.19674748,0.0,0.57662225,0.0,0.0,0.024204493,0.22452252,0.0,0.15550463,0.0,0.021486476,0.09427285,0.0,0.06839119,0.0,0.744249,0.26296997,0.58065593,0.0,0.12049374,0.0,0.0,0.0015435219,0.28733933,0.0,0.5711677,0.0,0.0,0.0,0.18565,0.0,0.32231176,0.2313334,0.24708904,0.21365462,0.0,0.33910224,0.0,0.0,0.41754988,0.0,0.006440267,0.0,0.25040144,0.1678869,0.3837517,0.20618097,0.09308616,0.44613475,0.39852363,0.43709856,0.75616544,0.0,0.1128711,0.0,0.07910688,-0.2271314,-0.27237916
-0.4057381,0.49659556,0.27205968,0.826478,0.0,0.0,0.0,0.37131032,0.49933285,0.049720123,0.025161758,0.0,0.051172853,0.05974303,1.0156267,0.30047703,0.018948674,0.0,0.4678847,0.0,0.09428732,0.19311506,0.0,0.0,0.0,0.0,0.0,0.0034663677,0.18737268,0.8522737,0.12213121,0.0,0.0,0.0,0.4130009,0.23701628,0.0,0.5787636,0.0,0.0,0.0,0.44033006,0.0,0.3337227,0.22824496,0.094159216,0.3452592,0.0,0.48186088,0.0,0.0,0.3119058,0.17010596,0.072488084,0.21894795,0.6172231,0.28003654,0.30593225,0.18253839,0.025006004,0.36136818,0.3595382,0.34730172,0.477085,0.0,0.20239557,0.0,-0.043046888,-0.042301614,-0.22878794
-0.96166193,0.55674905,-0.0097011905,0.6088903,0.0,0.0,0.02941519,0.44503158,0.30762658,0.26020515,0.034294322,0.0,0.0,0.0,1.2742684,0.25302422,0.20569381,0.0,0.4490237,0.0,0.024979547,0.49898893,0.0,0.0,0.0,0.0,0.10604008,0.0,0.44248006,1.3215888,0.3186909,0.0,0.0,0.0,0.23886879,0.4834355,0.0,0.6470174,0.0,0.0,0.0,0.45767903,0.0,0.2823498,0.11989118,0.050148726,0.18751797,0.0,0.65667784,0.0,0.0,0.31099945,0.25122774,0.0,0.38827077,0.80020607,0.14689602,0.22472826,0.38488206,0.0,0.3362506,0.43880564,0.5587295,0.51992106,0.0,0.107253164,0.0,-0.3107598,-0.18088451,-0.082613334
0.9102656,-1.8567709,-1.3242332,0.0,0.73943686,0.0,0.0,0.29736057,0.0,1.3789349,0.0,1.192557,1.5573367,0.8307353,0.0,0.33721903,0.0,0.0,0.0,0.75553447,0.0,0.9443838,0.37333107,0.0,0.1407974,1.2041569,0.0,0.7384827,0.0,0.0,1.096642,0.0,0.61894685,0.2512064,0.26551375,1.3594332,0.0,0.0,0.0,0.0,0.0,0.0,0.0,0.0,0.013279709,0.04512714,1.3294686,0.0,0.0,0.0,0.0,0.0,0.0,0.0,0.558314,0.8678204,0.0,0.50825655,1.2008879,0.0,1.1478792,1.2429469,1.2298547,0.0,0.0,0.046521317,0.0,-0.08548966,-0.2640624,1.1363013
-0.98532236,0.4628572,2.124718,1.9981217,0.0,0.17900832,0.22180283,0.0,0.6497804,0.0,1.0360148,0.0,0.0,0.90497494,1.7991319,1.1135502,0.32727507,0.0,1.2334871,0.0,0.73168874,0.045305297,0.0,0.0,0.0,0.0,0.0,0.0,0.0,0.4337723,0.0,0.0,0.0,0.0,1.6633717,0.17765784,0.0,1.1226453,0.0,0.008709528,0.47906828,1.4125619,0.0,0.67828745,0.97310424,0.37763238,1.3458109,0.0,0.84666276,0.0,0.0,0.39245933,0.7860464,0.7614125,0.5686663,1.2556787,1.224127,1.2129551,0.122028425,0.0,0.12319763,0.092314735,0.047191814,0.59599984,0.0,0.9112756,0.0,0.122260705,0.83265746,-1.2600743
0.34030244,-0.9983982,-1.292499,0.0,0.27590677,0.0,0.0,0.54851437,0.0,1.1528995,0.0,0.86356425,0.9746417,0.2959164,0.0,0.12493096,0.0,0.0,0.0,0.40387234,0.0,0.84342945,0.24863233,0.0,0.0,0.74848026,0.16417101,0.73579586,0.0,0.5580513,0.9704616,0.0,0.3579505,0.0,0.0,1.1293881,0.0,0.0,0.0,0.0,0.0,0.0,0.0,0.0,0.0,0.021296568,0.66315484,0.0,0.0672701,0.0,0.0,0.029295959,0.0,0.0,0.4779626,0.6679751,0.0,0.19553533,1.0063988,0.0,0.77903426,1.0261624,1.067101,0.055691317,0.0,0.0,0.0,-0.21333419,-0.3864028,0.8819305
-0.6809603,1.8327026,0.11202996,0.78769577,0.0,0.28375357,0.0,0.92944515,0.97015035,0.0,0.0,0.0,0.0,0.0,1.5914233,0.0,0.8054575,0.0,0.47080132,0.0,0.6876313,0.0,0.0,0.26818144,0.0,0.0,0.21628079,0.42219085,1.0185995,1.5158441,0.0,0.0,0.0,0.0,0.0,0.42056072,0.0,1.1743329,0.0,0.0,0.0,0.59945834,0.0,0.36527252,0.33851966,0.35695434,0.20600381,0.0,0.9497398,0.0,0.0,0.62668836,0.19408935,0.20314379,0.116751,0.64204705,0.30285522,0.582936,0.3656328,0.0,0.21522585,0.35101634,0.72903585,1.1141796,0.0,0.28473693,0.0,-0.13888709,-0.25888848,-0.75605273
2.0627348,0.39119068,-1.1830491,0.03193158,0.019172788,0.1871513,0.0,1.2655596,0.926366,0.2386581,0.0,0.8692106,0.9704797,0.0,0.0,0.0,0.0,0.8851111,0.0,0.02327888,0.0,0.0,0.7263286,0.092122644,0.38996667,1.281328,0.09367945,2.0165668,0.0,0.0,0.25294816,0.9854553,0.0,0.35073644,0.0,1.1100196,0.0,0.0,0.0,0.0,0.0,0.0,0.0,0.0,0.26159912,0.22920446,0.692193,0.0,0.0,0.0,0.0,0.81159544,0.0,0.0,0.0,0.0,0.0,0.80270535,0.55160314,0.0,1.1113492,0.81509703,1.3674963,0.8188932,0.0,0.0,0.0,0.43188748,-0.5936138,0.2248792
-2.2274852,-0.23283255,0.97632724,1.1200864,0.0,0.0,0.8427056,0.0,0.0,0.37755042,0.90791714,0.0,0.0,0.7710855,1.9569044,1.1067607,0.26262143,0.0,0.98860943,0.01592062,0.0,1.2043893,0.0,0.0,0.0,0.0,0.0,0.0,0.040256687,1.4256063,0.3749044,0.0,0.0,0.0,1.2788059,0.77230036,0.0,0.8626064,0.0,0.0,0.048867002,1.3301631,0.0,0.58605117,0.5498748,0.0,0.8152378,0.0,0.8038353,0.0,0.0,0.13901722,0.73266935,0.217167,0.98739946,1.7250035,0.6488126,0.7969961,0.6461525,0.0,0.28095084,0.24423352,0.28595462,0.34492573,0.0,0.36639115,0.0,-0.46123898,0.5295246,-0.24707572
-0.7253435,-0.3945327,0.7773338,1.0796523,0.0,0.0,0.19105929,0.0,0.10753888,0.22890803,0.4398707,0.0,0.33396074,0.8299595,1.0134599,0.8643267,0.0,0.0,0.6875951,0.17456396,0.0,0.60469687,0.0,0.0,0.0,0.0,0.0,0.0,0.0,0.54994637,0.21439753,0.0,0.0,0.0,1.1260526,0.40380353,0.0,0.50457954,0.0,0.0,0.0,0.80501664,0.0,0.3358957,0.5015266,0.09734182,0.8422745,0.0,0.3898558,0.0,0.0,0.10915313,0.30701977,0.10544154,0.64627916,1.0790589,0.6563958,0.5856781,0.3558666,0.0,0.3675204,0.32378697,0.13488941,0.15682371,0.0,0.29201168,0.0,-0.025169123,0.43747976,-0.08672316
-0.07497208,0.17065886,-0.6044354,0.2543761,0.0,0.0,0.0,0.6603747,0.29604203,0.4913876,0.0,0.23215048,0.31082618,0.0,0.49488753,0.030660808,0.0,0.0,0.09200361,0.0,0.0,0.38145888,0.0014217496,0.0,0.0,0.109459385,0.14441967,0.548596,0.19310468,0.90553725,0.48262626,0.0,0.0,0.0,0.0,0.59971434,0.0,0.26297313,0.0,0.0,0.0,0.060925893,0.0,0.106023155,0.0425914,0.072295934,0.17470208,0.0,0.40316948,0.0,0.0,0.28347987,0.0,0.0,0.27090165,0.4785024,0.0,0.11219372,0.47618645,0.0,0.46231592,0.5973965,0.6652962,0.48257995,0.0,0.0,0.0,-0.1909837,-0.38401654,0.21854557
-0.85530615,0.27748942,0.25103992,0.7689832,0.0,0.0,0.06256884,0.23729676,0.26538837,0.23070548,0.15736619,0.0,0.0,0.17075121,1.1846802,0.43841738,0.04328552,0.0,0.52438945,0.0,0.0,0.5053806,0.0,0.0,0.0,0.0,0.0,0.0,0.18850121,1.0606656,0.26974452,0.0,0.0,0.0,0.51635706,0.42832524,0.0,0.5719642,0.0,0.0,0.0,0.55983657,0.0,0.34338054,0.23388167,0.052870736,0.37409687,0.0,0.5488523,0.0,0.0,0.26002264,0.2773626,0.007891547,0.42750624,0.84282845,0.29559857,0.3300853,0.3094833,0.0,0.35997242,0.3737102,0.40986177,0.40232038,0.0,0.17434722,0.0,-0.18553221,0.013839971,-0.10499692
-1.5573714,-2.6570303,-0.30171078,0.1754888,0.5559356,0.0,0.9761331,0.0,0.0,1.721922,0.40795258,0.43827802,1.0386324,1.7094467,0.41717348,1.388094,0.0,0.0,0.38280442,0.9049549,0.0,2.2181463,0.0,0.0,0.0,0.0,0.0,0.0,0.0,0.75932556,1.3645002,0.0,0.8697855,0.0,1.4056046,1.4540927,0.0,0.0,0.0,0.0,0.0,0.9341265,0.0,0.0,0.23923874,0.058709055,1.288465,0.0,0.17967515,0.0,0.0,0.0,0.0,0.0,1.6265733,2.285654,0.0,0.42410004,1.3582575,0.0,0.8161973,0.9049463,0.4263748,0.0,0.0,0.00232813,0.0,-0.73505664,0.29399988,1.2430294
-0.7048266,0.14272684,1.439697,1.5483373,0.0,0.010417536,0.11452511,0.0,0.46897274,0.0,0.68134654,0.0,0.10480431,0.80018115,1.3572276,0.9229789,0.015154183,0.0,0.935426,0.0015162602,0.33426666,0.2098346,0.0,0.0,0.0,0.0,0.0,0.0,0.0,0.440992,0.0,0.0,0.0,0.0,1.3337301,0.18829706,0.0,0.79694265,0.0,0.0,0.2013797,1.0376817,0.0,0.5421396,0.68053734,0.20148514,1.0028286,0.0,0.5926354,0.0,0.0,0.29594278,0.48336446,0.43604922,0.50706214,1.0396526,0.934978,0.8368743,0.15430033,0.0,0.24374972,0.18661505,0.08069228,0.4143639,0.0,0.58149976,0.0,0.107614055,0.56334484,-0.723192
1.5356421,-0.0524658,-0.3643219,0.50463223,0.06270677,0.092099845,0.0,0.67419577,0.72482705,0.15231065,0.0,0.52806497,0.9820812,0.173352,0.0,0.0,0.0,0.36378765,0.0,0.17352155,0.0,0.0,0.35179955,0.0,0.39805168,0.86524284,0.0,1.1379572,0.0,0.0,0.14815417,0.4537625,0.0,0.32396013,0.1093348,0.5577174,0.0,0.0,0.0,0.0,0.0,0.0,0.0,0.04698452,0.3966219,0.2201014,0.73297554,0.0,0.0,0.0,0.0,0.3794586,0.0,0.0,0.0,0.0,0.14092636,0.6756183,0.3472157,0.0,0.9314663,0.60311186,0.7527011,0.4451834,0.0,0.006073789,0.0,0.4635122,-0.17927757,0.18872863
-0.12884693,-0.5043862,-0.22941315,0.453629,0.0,0.0,0.0,0.22804104,0.054188013,0.59330016,0.0,0.2229955,0.5918438,0.4591596,0.38643718,0.42673582,0.0,0.0,0.2273309,0.22470315,0.0,0.6054083,0.0,0.0,0.0,0.10286667,0.0,0.075149484,0.0,0.56632376,0.5205776,0.0,0.0,0.0,0.4823703,0.53959674,0.0,0.09412749,0.0,0.0,0.0,0.24304949,0.0,0.023144335,0.21902187,0.08160831,0.6073581,0.0,0.2424335,0.0,0.0,0.043746457,0.033808067,0.0,0.50117385,0.73391926,0.1601264,0.23185964,0.4505129,0.0,0.51185375,0.5299042,0.38807982,0.052811638,0.0,0.0384088,0.0,-0.090775594,0.039375987,0.4283592
0.17880206,0.55377823,1.2731072,1.5240586,0.0,0.2971477,0.0,0.03946528,0.8822417,0.0,0.32768002,0.0,0.23587689,0.49945152,0.9651419,0.5787463,0.0,0.0,0.7478653,0.0,0.47410655,0.0,0.0,0.09813514,0.16633712,0.0,0.0,0.0,0.0,0.1099571,0.0,0.0,0.0,0.0,1.0037783,0.0,0.0,0.7159487,0.0,0.0,0.11605109,0.7848092,0.0,0.48039204,0.7412078,0.36568034,0.9571744,0.0,0.5095389,0.0,0.0,0.3602853,0.3118266,0.5027516,0.15854657,0.6844149,0.8034952,0.84327054,0.012197137,0.0,0.31569362,0.18006589,0.046518825,0.4679392,0.0,0.57691675,0.0,0.37294564,0.4609581,-0.8153652
-0.619853,0.27344304,0.13404606,0.70784074,0.0,0.0,0.0,0.31562302,0.31272456,0.23690993,0.042062283,0.0,0.07371822,0.12775145,1.0223075,0.3596469,0.0,0.0,0.44608015,0.0,0.0,0.42262203,0.0,0.0,0.0,0.0,0.0,0.0,0.16269922,0.9653455,0.27226675,0.0,0.0,0.0,0.42800623,0.38734472,0.0,0.51435596,0.0,0.0,0.0,0.44805288,0.0,0.29102865,0.19430469,0.06752974,0.33989716,0.0,0.48847246,0.0,0.0,0.26556414,0.1925199,0.0,0.3560666,0.727403,0.23309445,0.26443094,0.2706794,0.0,0.39095944,0.40825957,0.40739682,0.38930017,0.0,0.14628904,0.0,-0.14174491,-0.05008023,-0.058227047
-1.3733088,1.1983317,-0.27522016,0.4481997,0.0,0.0,0.053286433,0.75835395,0.41554904,0.21504158,0.0,0.0,0.0,0.0,1.6583138,0.0,0.6575327,0.0,0.42324948,0.0,0.24378093,0.4851042,0.0,0.0,0.0,0.0,0.36120555,0.074385636,0.96778506,1.8855872,0.33340013,0.0,0.0,0.0,0.0,0.61683035,0.0,0.93715316,0.0,0.0,0.0,0.48121253,0.0,0.27490824,0.057967044,0.07656476,0.0,0.0,0.95717573,0.0,0.0,0.41148633,0.29861462,0.0,0.41476992,0.90125996,0.07856155,0.23897935,0.57501745,0.0,0.20717317,0.4761586,0.7959628,0.805728,0.0,0.061061863,0.0,-0.53504276,-0.3591998,-0.2077172
2.2752635,0.05912605,-0.86008036,0.23648193,0.18021956,0.19240876,0.0,1.0239232,0.90426755,0.18090929,0.0,0.8596246,1.1939217,0.0,0.0,0.0,0.0,0.86673784,0.0,0.16940726,0.0,0.0,0.6829329,0.04873094,0.5628402,1.3527727,0.0,1.8247173,0.0,0.0,0.17378661,0.9380443,0.0,0.509165,0.0,0.98668706,0.0,0.0,0.0,0.0,0.0,0.0,0.0,0.0,0.41272143,0.26371682,0.87745136,0.0,0.0,0.0,0.0,0.6492506,0.0,0.0,0.0,0.0,0.007556945,0.92580235,0.44313985,0.0,1.2975926,0.7722724,1.2796209,0.6042391,0.0,0.0,0.0,0.56181616,-0.3851971,0.28466433
-0.18346402,0.54035544,-0.48033288,0.35167918,0.0,0.0,0.0,0.73865074,0.44741458,0.31860834,0.0,0.07501657,0.10877246,0.0,0.7151549,0.0,0.0,0.0,0.15938541,0.0,0.0,0.24660534,0.0,0.0,0.0,0.0,0.1698755,0.55345535,0.3807308,1.0398539,0.36021847,0.0,0.0,0.0,0.0,0.52159643,0.0,0.46775758,0.0,0.0,0.0,0.1514686,0.0,0.19249232,0.034547344,0.10018401,0.05927845,0.0,0.50038147,0.0,0.0,0.36737823,0.0,0.0,0.23774709,0.4955116,0.0,0.12300493,0.40725607,0.036578164,0.4002834,0.5283102,0.64811087,0.64078087,0.0,0.0,0.0,-0.23588227,-0.405244,0.03292547
-0.19690104,-0.30660176,0.35008112,0.840783,0.0,0.0,0.0,0.049069285,0.2259677,0.27821568,0.0944415,0.0,0.48149562,0.59852386,0.64068717,0.58904797,0.0,0.0,0.45295078,0.16631928,0.0,0.41666391,0.0,0.0,0.0,0.0,0.0,0.0,0.0,0.4346665,0.25881806,0.0,0.0,0.0,0.7810843,0.3295446,0.0,0.3258202,0.0,0.0,0.0,0.46785784,0.0,0.23081669,0.37911865,0.12162846,0.6972454,0.0,0.2739192,0.0,0.0,0.088358454,0.1423417,0.0,0.43681255,0.79396385,0.45484826,0.394636,0.28414926,0.0,0.431723,0.40709066,0.18842271,0.1290048,0.0,0.17710693,0.0,0.039556224,0.24996504,0.07956259
-0.58272195,0.007703523,-1.2354414,0.0,0.0,0.0,0.0,0.8020712,0.0,0.92967016,0.0,0.4158035,0.2012017,0.0,0.56027997,0.0,0.0,0.0,0.0,0.0,0.0,0.8418505,0.030167565,0.0,0.0,0.084244706,0.4265255,0.5944241,0.42146108,1.416253,0.8622067,0.0,0.06785928,0.0,0.0,0.96022457,0.0,0.22469299,0.0,0.0,0.0,0.05621521,0.0,0.0,0.0,0.0,0.0,0.0,0.62959814,0.0,0.0,0.334858,0.0,0.0,0.55777967,0.7258896,0.0,0.0,0.7729352,0.0,0.4517076,0.78748584,0.9837405,0.5062661,0.0,0.0,0.0,-0.46451408,-0.5786441,0.41545033
-0.045145642,0.62975335,-0.5062979,0.34953198,0.0,0.0,0.0,0.80239314,0.52304804,0.2688035,0.0,0.09452843,0.11818576,0.0,0.66249645,0.0,0.0,0.0,0.13044617,0.0,0.0,0.14885503,0.0009915382,0.0,0.0,0.0042642704,0.17379907,0.6681573,0.40185764,0.9960995,0.32169896,0.0,0.0,0.0,0.0,0.5065598,0.0,0.4755723,0.0,0.0,0.0,0.12143373,0.0,0.19919848,0.04083791,0.11711326,0.060465638,0.0,0.4777027,0.0,0.0,0.40213495,0.0,0.0,0.19845957,0.44378662,0.0,0.13094616,0.40000087,0.0514222,0.40700567,0.5318502,0.652293,0.69775456,0.0,0.0,0.0,-0.20806788,-0.4289873,-0.00053874403
-1.5799463,-0.97069615,0.71942544,0.94854295,0.0,0.0,0.694878,0.0,0.0,0.64122415,0.70039594,0.0,0.28580222,1.1314726,1.2748809,1.1771903,0.0,0.0,0.7860101,0.32205066,0.0,1.2704189,0.0,0.0,0.0,0.0,0.0,0.0,0.0,0.9017402,0.5427947,0.0,0.061073974,0.0,1.3764787,0.7651056,0.0,0.52249014,0.0,0.0,0.011196062,1.1504142,0.0,0.31723806,0.5210914,0.06898576,0.9685108,0.0,0.5756501,0.0,0.0,0.00912033,0.41373253,0.053974435,1.0907658,1.6696609,0.5515914,0.6907453,0.6678202,0.0,0.36873984,0.3129956,0.20454255,0.09886445,0.0,0.26143765,0.0,-0.3665939,0.5873056,0.1614741
0.35210836,-0.42584246,0.27377534,0.8198718,0.0,0.0,0.0,0.10450792,0.3243916,0.24821317,0.0,0.10438086,0.7290444,0.65558016,0.27410585,0.52074915,0.0,0.0,0.34071296,0.24607612,0.0,0.2239009,0.0,0.0,0.12130302,0.17010397,0.0,0.05858171,0.0,0.09662014,0.21692875,0.0,0.0,0.03736864,0.74764514,0.23223452,0.0,0.15857284,0.0,0.0,0.0,0.28549623,0.0,0.13458568,0.42785832,0.15018478,0.8137147,0.0,0.12145955,0.0,0.0,0.080649115,0.00081442297,0.0,0.33244106,0.6081894,0.43730092,0.4384531,0.26625064,0.0,0.51162446,0.41478938,0.14623202,0.08582541,0.0,0.14608186,0.0,0.21517248,0.26501584,0.15910879
-1.0773327,-0.66821253,0.42527285,0.808583,0.0,0.0,0.38171703,0.0,0.0,0.55618006,0.39966258,0.0,0.32941297,0.8271923,1.0248313,0.8797283,0.0,0.0,0.6072798,0.23812227,0.0,0.97198886,0.0,0.0,0.0,0.0,0.0,0.0,0.0,0.8171054,0.485701,0.0,0.0,0.0,1.031245,0.6345836,0.0,0.40646315,0.0,0.0,0.0,0.8291052,0.0,0.25888216,0.4213964,0.07602382,0.7898814,0.0,0.46946946,0.0,0.0,0.029103272,0.3177957,0.0,0.82864195,1.2926232,0.44027534,0.5172224,0.5164703,0.0,0.40043193,0.36712086,0.26092082,0.09364821,0.0,0.18465576,0.0,-0.24371229,0.39448404,0.19067644
-0.2766663,1.5848761,-0.033708844,0.70360786,0.0,0.2671945,0.0,0.945771,0.9565035,0.0,0.0,0.0,0.0,0.0,1.2431493,0.0,0.53401804,0.0,0.35290384,0.0,0.5152574,0.0,0.0,0.2340833,0.0,0.0,0.17595741,0.61937255,0.82892704,1.2516794,0.0,0.0,0.0,0.0,0.0,0.39814824,0.0,0.9949495,0.0,0.0,0.0,0.4689715,0.0,0.34424904,0.29277086,0.3296666,0.15959913,0.0,0.77745116,0.0,0.0,0.60476506,0.0,0.13672581,0.074727535,0.5098276,0.23360343,0.49839643,0.33369023,0.0,0.26772094,0.36975235,0.666891,1.0600816,0.0,0.2054642,0.0,-0.07588945,-0.30204305,-0.6084796
-0.0038490053,0.619439,-0.9452098,0.064413786,0.0,0.0,0.0,0.9914098,0.45068204,0.45669246,0.0,0.28260687,0.13630259,0.0,0.52400345,0.0,0.0,0.0,0.0,0.0,0.0,0.23738897,0.12867256,0.0,0.0,0.15857528,0.3303233,0.93247783,0.5175038,1.147139,0.48615867,0.0,0.0,0.0,0.0,0.7467081,0.0,0.38241023,0.0,0.0,0.0,0.045698024,0.0,0.070427045,0.0,0.0869962,0.00044549257,0.0,0.50950205,0.0,0.0,0.49893257,0.0,0.0,0.2699523,0.44940263,0.0,0.05196673,0.6017675,0.0018452555,0.40032107,0.6504122,0.9043063,0.7839259,0.0,0.0,0.0,-0.28466892,-0.62225616,0.09996113
-0.21747261,0.7978728,-0.033672366,0.65794194,0.0,0.037226558,0.0,0.64429104,0.6311445,0.03234306,0.0,0.0,0.0,0.0,0.9372856,0.045859873,0.09615198,0.0,0.33210832,0.0,0.13269268,0.04766904,0.0,0.0,0.0,0.0,0.04724423,0.37455502,0.3931813,0.96127707,0.12814675,0.0,0.0,0.0,0.07960895,0.31555098,0.0,0.6415203,0.0,0.0,0.0,0.28844926,0.0,0.31065735,0.14041372,0.14751361,0.15413085,0.0,0.52232575,0.0,0.0,0.38767815,0.0,0.01951268,0.1256354,0.4727019,0.14557938,0.27778456,0.250771,0.04286489,0.3485008,0.3852484,0.5001768,0.693914,0.0,0.1296439,0.0,-0.092061564,-0.2432117,-0.23494308
-1.2043593,-0.009931543,0.7418368,1.0487944,0.0,0.0,0.3186059,0.0,0.12531255,0.1936054,0.5069485,0.0,0.0,0.560318,1.4045671,0.7833853,0.038698107,0.0,0.75235873,0.0,0.014790431,0.677748,0.0,0.0,0.0,0.0,0.0,0.0,0.0,0.9773948,0.2185563,0.0,0.0,0.0,0.9737451,0.4791075,0.0,0.65302247,0.0,0.0,0.0,0.9036768,0.0,0.46398434,0.44083962,0.035494357,0.6530845,0.0,0.5775167,0.0,0.0,0.19311807,0.45943254,0.17022415,0.62744117,1.1517799,0.5634522,0.57851607,0.372213,0.0,0.3144889,0.2751447,0.2617094,0.3172359,0.0,0.30357158,0.0,-0.17271872,0.32248685,-0.23636834
-0.21407743,0.0998215,0.16028526,0.74107033,0.0,0.0,0.0,0.2876713,0.3633075,0.21090761,0.0,0.0,0.29478315,0.26037827,0.7427917,0.37186277,0.0,0.0,0.39211917,0.01115806,0.0,0.2969491,0.0,0.0,0.0,0.0,0.0,0.023658812,0.0,0.6540737,0.23127618,0.0,0.0,0.0,0.49201894,0.31013173,0.0,0.41332996,0.0,0.0,0.0,0.3707694,0.0,0.26491013,0.25759745,0.101117894,0.45982635,0.0,0.3519837,0.0,0.0,0.20870031,0.11931479,0.0,0.28754443,0.63702035,0.28401423,0.28446332,0.22961366,0.00491412,0.4283843,0.42619675,0.29269773,0.30406344,0.0,0.16034472,0.0,-0.0093490295,0.025816072,-0.014464855
-0.44970375,-0.3960754,1.6264051,1.6535189,0.0,0.0,0.13225514,0.0,0.34459206,0.0,0.75967944,0.0,0.4346501,1.2265782,1.0759048,1.151225,0.0,0.0,0.95738065,0.22156794,0.13785626,0.27322054,0.0,0.0,0.09069121,0.0,0.0,0.0,0.0,0.03670585,0.0,0.0,0.0,0.0,1.6609079,0.15847085,0.0,0.6946396,0.0,0.0,0.29584134,1.0587267,0.0,0.44108647,0.80068433,0.23796512,1.2637292,0.0,0.39264858,0.0,0.0,0.19824101,0.36608976,0.39612883,0.66629183,1.0995241,1.1075608,0.9131859,0.21252643,0.0,0.32379335,0.2187837,0.0,0.21264827,0.0,0.5742363,0.0,0.19750397,0.7635192,-0.56666446
-0.18232425,1.2179381,1.6422875,1.7834907,0.0,0.4941448,0.0,0.09643817,1.1311525,0.0,0.5199981,0.0,0.0,0.24517879,1.4907167,0.5354839,0.43752232,0.0,0.94748163,0.0,0.92752063,0.0,0.0,0.34877288,0.0456492,0.0,0.0,0.0,0.10716931,0.39163595,0.0,0.0,0.0,0.0,0.99203634,0.030324541,0.0,1.0860803,0.0,0.0,0.26094264,1.1131256,0.0,0.6183634,0.9480967,0.51776963,1.060013,0.0,0.85978496,0.0,0.0,0.48065913,0.59993994,0.7274611,0.116184145,0.81486267,0.92550945,1.1150341,0.030710176,0.0,0.18831748,0.13932827,0.18729639,0.7360326,0.0,0.82334167,0.0,0.32698357,0.5352391,-1.3070859
0.95154834,1.6232784,-0.4839915,0.49312085,0.0,0.45958668,0.0,1.3092413,1.2586184,0.0,0.0,0.07126498,0.031713843,0.0,0.4575845,0.0,0.13019255,0.5946168,0.0039593875,0.0,0.37351626,0.0,0.2957754,0.4599641,0.0058250576,0.28775024,0.17730504,1.4984233,0.67824566,0.70837164,0.0,0.6502081,0.0,0.0,0.0,0.7142528,0.0,0.6558208,0.0,0.0,0.0,0.214864,0.0,0.21289808,0.34108084,0.4015879,0.12862438,0.0,0.48454028,0.0,0.0,0.85725725,0.0,0.044408068,0.0,0.040617533,0.10739973,0.5875546,0.3253849,0.15226813,0.54867333,0.4919035,0.8996732,1.2372587,0.0,0.07420518,0.0,0.1301486,-0.5347931,-0.45725226
0.9199868,1.760707,1.3161743,1.6776841,0.0,0.8385235,0.0,0.58881867,1.6381477,0.0,0.02091463,0.0,0.0,0.0,0.98183274,0.049625248,0.3517674,0.45562673,0.67059815,0.0,1.0748489,0.0,0.0,0.7753425,0.33886254,0.0,0.0,0.51614594,0.22047082,0.036693573,0.0,0.33703128,0.0,0.045332044,0.4913726,0.05057632,0.0,0.993964,0.0,0.0,0.0814776,0.82927954,0.0,0.44142127,1.0485905,0.73954594,0.8595509,0.0,0.7709501,0.0,0.0,0.77922714,0.13035873,0.7375108,0.0,0.24162221,0.6845273,1.2357632,0.0,0.0,0.49989837,0.21661097,0.39583597,1.0018114,0.0,0.73501617,0.0,0.6498898,0.21842146,-1.3141146
-1.0966,-0.5859077,-0.6113926,0.13411486,0.0,0.0,0.29401493,0.23682415,0.0,0.9826819,0.0,0.1900521,0.28346205,0.30370894,0.7997692,0.45313185,0.0,0.0,0.23144981,0.17387615,0.0,1.1913855,0.0,0.0,0.0,0.0,0.17493159,0.0,0.045086972,1.2787118,0.86851275,0.0,0.17917426,0.0,0.32614413,0.8875161,0.0,0.1518598,0.0,0.0,0.0,0.43053594,0.0,0.022564642,0.050273266,0.006324835,0.3371352,0.0,0.5486891,0.0,0.0,0.062999636,0.16094363,0.0,0.7533861,1.1591152,0.0,0.085522145,0.7158417,0.0,0.47653097,0.6153512,0.6530854,0.120755315,0.0,0.0,0.0,-0.5191371,-0.14227633,0.5786322
-0.0026266763,-0.120400205,-0.8175871,0.101353884,0.0,0.0,0.0,0.6464969,0.15185165,0.6805399,0.0,0.39963245,0.4649687,0.0,0.29931486,0.042622954,0.0,0.0,0.0,0.07518317,0.0,0.52116084,0.06598833,0.0,0.0,0.2660402,0.16932863,0.60331684,0.083221756,0.8548084,0.626001,0.0,0.0,0.0,0.0,0.7334082,0.0,0.07196775,0.0,0.0,0.0,0.0,0.0,0.0,0.026035212,0.04915157,0.26039955,0.0,0.3337274,0.0,0.0,0.22543553,0.0,0.0,0.32423097,0.48424315,0.0,0.09082052,0.59507567,0.0,0.51456434,0.68308526,0.7626896,0.36632454,0.0,0.0,0.0,-0.1893648,-0.40494862,0.41250026
1.0268145,-0.526357,-0.13999903,0.587674,0.15191749,0.0,0.0,0.32765096,0.4069195,0.33401555,0.0,0.4373295,1.0120577,0.55156326,0.0,0.29680884,0.0,0.0,0.08618575,0.31717712,0.0,0.043128103,0.13965239,0.0,0.29768914,0.642992,0.0,0.5928755,0.0,0.0,0.27723417,0.033462644,0.0,0.23944266,0.4800703,0.43006498,0.0,0.0,0.0,0.0,0.0,0.0026494078,0.0,0.019774653,0.42991135,0.1785437,0.92833,0.0,0.0,0.0,0.0,0.13747868,0.0,0.0,0.14306799,0.35268646,0.23496647,0.55549717,0.387061,0.0,0.7746463,0.5594288,0.49077502,0.15184882,0.0,0.057728898,0.0,0.35753846,0.07325584,0.3373862
-0.8531158,-0.34326607,0.36867994,0.80696476,0.0,0.0,0.20613217,0.0,0.016936302,0.41366974,0.27912804,0.0,0.26484293,0.60800654,0.998201,0.707296,0.0,0.0,0.557779,0.13389833,0.0,0.74042434,0.0,0.0,0.0,0.0,0.0,0.0,0.0,0.8103745,0.38278443,0.0,0.0,0.0,0.8475776,0.53010637,0.0,0.41231328,0.0,0.0,0.0,0.68556154,0.0,0.28148258,0.37043795,0.063850924,0.65625787,0.0,0.4333876,0.0,0.0,0.08811155,0.30095857,0.0,0.64387053,1.0666734,0.41702008,0.44291496,0.40530497,0.0,0.39611435,0.38160676,0.28820398,0.14665022,0.0,0.17611705,0.0,-0.16567118,0.27358565,0.10306664
1.7798085,-0.31781724,-1.4379293,0.0,0.2719948,0.0,0.0,1.0604208,0.48599106,0.6744645,0.0,1.0731118,1.1836395,0.0,0.0,0.0,0.0,0.5143821,0.0,0.25324178,0.0,0.0,0.69234735,0.0,0.2994095,1.3595635,0.12019294,1.7721356,0.0,0.0,0.5853261,0.70033526,0.038705334,0.32324946,0.0,1.2142863,0.0,0.0,0.0,0.0,0.0,0.0,0.0,0.0,0.12018024,0.12926453,0.8897298,0.0,0.0,0.0,0.0,0.5288034,0.0,0.0,0.0,0.0,0.0,0.63327223,0.7403677,0.0,1.1647395,1.0570922,1.4830539,0.5321547,0.0,0.0,0.0,0.3447738,-0.6073743,0.5110106
-0.11149943,0.78653276,0.3707749,0.92894363,0.0,0.13386492,0.0,0.48019117,0.73185784,0.0,0.0,0.0,0.02737087,0.0,0.97745824,0.19012186,0.08758232,0.0,0.46426153,0.0,0.2695887,0.0,0.0,0.0,0.0,0.0,0.0,0.19548178,0.23957282,0.72861785,0.0,0.0,0.0,0.0,0.34025872,0.16687237,0.0,0.66206586,0.0,0.0,0.0,0.41567335,0.0,0.35611847,0.28795555,0.19002809,0.3615278,0.0,0.49071828,0.0,0.0,0.39430323,0.09720512,0.17788315,0.07196888,0.5022724,0.31551445,0.41059488,0.11610397,0.033208266,0.34168476,0.32140398,0.34734106,0.64985716,0.0,0.26067173,0.0,0.074381016,-0.065984175,-0.42965055
1.4092492,-0.13140532,-2.1214888,0.0,0.15955475,0.0,0.0,1.379156,0.3313695,0.97643095,0.0,1.2276464,0.96773815,0.0,0.0,0.0,0.0,0.42828166,0.0,0.1375064,0.0,0.16174948,0.7848362,0.0,0.009847149,1.3483635,0.45607415,2.0376923,0.11600184,0.5335164,0.8703282,0.6978035,0.15220372,0.088841245,0.0,1.5674509,0.0,0.0,0.0,0.0,0.0,0.0,0.0,0.0,0.0,0.0454337,0.61048543,0.0,0.003952265,0.0,0.0,0.6388403,0.0,0.0,0.1418377,0.08477356,0.0,0.39125592,1.0673786,0.0,1.0282999,1.3017693,1.7855293,0.7633103,0.0,0.0,0.0,0.07282409,-0.95016915,0.60334164
0.83063805,0.69249964,-0.18400194,0.6226849,0.0,0.20340578,0.0,0.8001218,0.87149584,0.0,0.0,0.13627613,0.40208906,0.0,0.27865875,0.0,0.0,0.19169635,0.117981255,0.0,0.027046248,0.0,0.14749558,0.08809355,0.10544652,0.32133657,0.0,0.9447329,0.120638914,0.35739213,0.01868084,0.28003117,0.0,0.0,0.0,0.37621492,0.0,0.36058104,0.0,0.0,0.0,0.024234062,0.0,0.25819483,0.26809898,0.24372856,0.31570458,0.0,0.1764067,0.0,0.0,0.43351492,0.0,0.0,0.0,0.08085747,0.1467884,0.44632047,0.24876562,0.091446936,0.5790335,0.46910244,0.5025511,0.7007445,0.0,0.063147254,0.0,0.19966504,-0.25882947,-0.131032
-0.16579336,-0.6408441,0.6569094,1.0225588,0.0,0.0,0.0,0.0,0.14565831,0.2642208,0.26454562,0.0,0.64145905,0.94580543,0.5856947,0.82326186,0.0,0.0,0.55567896,0.2999117,0.0,0.47137263,0.0,0.0,0.025521353,0.0,0.0,0.0,0.0,0.18243903,0.2201101,0.0,0.0,0.0,1.1155716,0.30741847,0.0,0.32596987,0.0,0.0,0.0,0.6086699,0.0,0.21053073,0.5203372,0.16674827,0.9434047,0.0,0.208656,0.0,0.0,0.040690802,0.13945675,0.022613615,0.58021384,0.9076474,0.66794264,0.53536826,0.30624974,0.0,0.43118638,0.3849977,0.054036677,0.024561808,0.0,0.24564517,0.0,0.12733613,0.46829423,0.068468526
-0.23697343,0.6091792,-0.6475489,0.24303448,0.0,0.0,0.0,0.83044636,0.43083197,0.3763477,0.0,0.1154253,0.05884874,0.0,0.7261856,0.0,0.0,0.0,0.10717508,0.0,0.0,0.2823859,0.0,0.0,0.0,0.0,0.2503711,0.6450141,0.48096266,1.1626437,0.41710246,0.0,0.0,0.0,0.0,0.6023982,0.0,0.47447938,0.0,0.0,0.0,0.14198895,0.0,0.15778348,0.0,0.0880544,0.0,0.0,0.55408025,0.0,0.0,0.41864505,0.0,0.0,0.2892466,0.5228134,0.0,0.078437254,0.47417283,0.02439297,0.3827029,0.5600847,0.73635316,0.70598567,0.0,0.0,0.0,-0.29970038,-0.48776475,0.042760998
1.29085,-0.6061456,0.9063683,1.2849411,0.1821146,0.110553965,0.0,0.0,0.6424537,0.0,0.0,0.08965227,1.1438084,1.0859818,0.0,0.6897396,0.0,0.0,0.4288445,0.39810637,0.0,0.0,0.0,0.0,0.6101684,0.47212273,0.0,0.1069538,0.0,0.0,0.0,0.0,0.0,0.46330774,1.1757474,0.054729305,0.0,0.09249979,0.0,0.0,0.0,0.35534996,0.0,0.2600568,0.95671177,0.3351025,1.2673883,0.0,0.0,0.0,0.0,0.06995479,0.0,0.31055146,0.22369514,0.6006358,0.6699288,0.87458557,0.07321656,0.0,0.89722884,0.2652265,0.02030985,0.0,0.0,0.16862108,0.0,0.6771829,0.6386978,-0.05484532
-0.62155783,0.83894134,2.3741941,2.2093027,0.0,0.4215411,0.0,0.0,0.96823275,0.0,1.0145594,0.0,0.0,0.79813945,1.7905545,1.019905,0.43131432,0.0,1.2759839,0.0,1.0019009,0.0,0.0,0.19945198,0.0630853,0.0,0.0,0.0,0.0,0.23456341,0.0,0.0,0.0,0.0,1.6488566,0.064783774,0.0,1.2428828,0.0,0.021957867,0.5387454,1.4924829,0.0,0.7167012,1.1755606,0.5777859,1.4802563,0.0,0.94337153,0.0,0.0,0.48954272,0.80735826,0.9141275,0.42476326,1.1253645,1.3402071,1.4016443,0.02598302,0.0,0.10985126,0.06629677,0.045324616,0.6840643,0.0,1.067719,0.0,0.30999094,0.90928805,-1.5736411
1.5060794,-0.19261543,-0.8200629,0.1955975,0.13791648,0.0,0.0,0.81045985,0.5715715,0.41070542,0.0,0.7374042,1.0325459,0.051493898,0.0,0.0,0.0,0.34293842,0.0,0.20796436,0.0,0.0,0.4602806,0.0,0.3094561,1.015617,0.0,1.3312075,0.0,0.0,0.36548993,0.48581538,0.0,0.28107792,0.0,0.80809957,0.0,0.0,0.0,0.0,0.0,0.0,0.0,0.0,0.21032253,0.16149881,0.75988644,0.0,0.0,0.0,0.0,0.40219057,0.0,0.0,0.0,0.0,0.0,0.58225113,0.52173907,0.0,0.96864665,0.7807966,1.0281503,0.45423943,0.0,0.0,0.0,0.35182297,-0.38008827,0.35777164
-0.349529,-0.8037916,0.8916668,1.1536751,0.0,0.0,0.12102276,0.0,0.06253222,0.25942913,0.4389483,0.0,0.64905155,1.1473287,0.69138324,0.99995196,0.0,0.0,0.6668552,0.35369477,0.0,0.5726385,0.0,0.0,0.019047081,0.0,0.0,0.0,0.0,0.14446828,0.20525713,0.0,0.0,0.0,1.3458195,0.34404737,0.0,0.38938558,0.0,0.0,0.06905863,0.7766558,0.0,0.22652826,0.59803486,0.16241407,1.0684707,0.0,0.22737451,0.0,0.0,0.028198682,0.19172558,0.07076548,0.71338403,1.0641732,0.7876334,0.63960344,0.35661557,0.0,0.40873557,0.3568489,0.0,0.00282979,0.0,0.30290467,0.0,0.09108837,0.60138917,0.020229578
-1.2134383,-0.24757181,-0.4796123,0.23390895,0.0,0.0,0.282301,0.29844463,0.0,0.8200584,0.0,0.035181068,0.09236458,0.15076439,1.015768,0.39937603,0.0,0.0,0.30242455,0.046670258,0.0,1.0720243,0.0,0.0,0.0,0.0,0.19389683,0.0,0.21571815,1.404768,0.75271523,0.0,0.041748747,0.0,0.27962458,0.8089303,0.0,0.3324132,0.0,0.0,0.0,0.47857577,0.0,0.1153802,0.045413356,0.0,0.19645697,0.0,0.6615988,0.0,0.0,0.16226818,0.23063946,0.0,0.68116623,1.090487,0.0,0.09374881,0.6115224,0.0,0.38963115,0.5464475,0.6690922,0.28163916,0.0,0.0,0.0,-0.53692985,-0.19555497,0.35710716
0.16252688,-0.7984635,-0.14475426,0.50987685,0.102422476,0.0,0.0,0.113296896,0.028690606,0.60991913,0.0,0.3175976,0.8258333,0.68905205,0.14376494,0.5219759,0.0,0.0,0.2101421,0.35500565,0.0,0.57162106,0.0,0.0,0.0021296442,0.2770095,0.0,0.070116594,0.0,0.26109686,0.5090853,0.0,0.051873013,0.0,0.6406306,0.53861344,0.0,0.0,0.0,0.0,0.0,0.19534658,0.0,0.0,0.27958086,0.06776045,0.8266092,0.0,0.09722516,0.0,0.0,0.0,0.0,0.0,0.5309912,0.75201446,0.2232997,0.3160495,0.5103666,0.0,0.56286246,0.56308204,0.33685052,0.0,0.0,0.053453587,0.0,0.0008986257,0.13101205,0.52170795
0.9790419,0.942474,-0.21417777,0.62857974,0.0,0.30696797,0.0,0.92998505,1.0193806,0.0,0.0,0.12311594,0.34390193,0.0,0.27499157,0.0,0.0,0.36114794,0.088415354,0.0,0.13769679,0.0,0.20432325,0.22144926,0.13153383,0.35359317,0.0,1.122797,0.2264089,0.36126003,0.0,0.4266905,0.0,0.005890295,0.0,0.45734286,0.0,0.4077556,0.0,0.0,0.0,0.070463575,0.0,0.2450417,0.3334863,0.31925648,0.31787956,0.0,0.22300647,0.0,0.0,0.5637989,0.0,0.0,0.0,0.019103527,0.15837038,0.54889977,0.22917563,0.10308948,0.6228648,0.46361545,0.6017783,0.8296696,0.0,0.08637401,0.0,0.25676772,-0.29781973,-0.23159139
2.0320344,0.29286292,-0.4815873,0.48271203,0.018965721,0.28395832,0.0,0.9228773,1.0025363,0.0,0.0,0.6022277,1.004943,0.0,0.0,0.0,0.0,0.77048194,0.0,0.07917896,0.0,0.0,0.52705914,0.14742589,0.5267723,1.074448,0.0,1.571706,0.0,0.0,0.012945622,0.8127878,0.0,0.43469423,0.0,0.716298,0.0,0.0,0.0,0.0,0.0,0.0,0.0,0.038991846,0.51016676,0.3086778,0.72409445,0.0,0.0,0.0,0.0,0.6465796,0.0,0.0,0.0,0.0,0.14488947,0.88819253,0.30261245,0.0,1.1265687,0.6086603,0.9794046,0.64542687,0.0,0.017796613,0.0,0.5859489,-0.2657045,0.09114848
-0.15225485,-0.22621615,0.9960392,1.2715278,0.0,0.0,0.0,0.0,0.39245653,0.0,0.37209085,0.0,0.46335673,0.84441733,0.8084052,0.8025187,0.0,0.0,0.6842258,0.16073559,0.0,0.20842817,0.0,0.0,0.060055867,0.0,0.0,0.0,0.0,0.16999808,0.0,0.0,0.0,0.0,1.1643844,0.14218423,0.0,0.5102889,0.0,0.0,0.05699496,0.6876067,0.0,0.3732459,0.58377796,0.17028104,0.9405557,0.0,0.27752405,0.0,0.0,0.16113658,0.21548975,0.22191451,0.4317514,0.8287215,0.8076643,0.6359585,0.1890239,0.0,0.38605732,0.28684092,0.0,0.19825742,0.0,0.36646864,0.0,0.21701647,0.4827658,-0.3012876
-1.3394433,-0.30033317,-0.22456841,0.3890913,0.0,0.0,0.36946833,0.15261273,0.0,0.7532781,0.12811795,0.0,0.07166621,0.29533368,1.1326842,0.53554904,0.0,0.0,0.41403365,0.0650733,0.0,1.0941477,0.0,0.0,0.0,0.0,0.108298294,0.0,0.14251068,1.3594129,0.69111615,0.0,0.014442369,0.0,0.47429708,0.7895499,0.0,0.3837685,0.0,0.0,0.0,0.6224393,0.0,0.20611292,0.14885919,0.0,0.33547533,0.0,0.6534679,0.0,0.0,0.121898025,0.30941987,0.0,0.73508084,1.201792,0.012721784,0.23204482,0.58538586,0.0,0.38498688,0.46401954,0.5770354,0.25099796,0.0,0.012523137,0.0,-0.5144681,-0.030507613,0.31055492
-0.31935742,0.4097471,-0.20008042,0.51779026,0.0,0.0,0.0,0.5502156,0.4010251,0.27220464,0.0,0.0,0.11913085,0.0,0.81701183,0.13683106,0.0,0.0,0.28054067,0.0,0.0,0.30057243,0.0,0.0,0.0,0.0,0.06434607,0.28229985,0.26079577,0.9649607,0.31064385,0.0,0.0,0.0,0.13724443,0.42905456,0.0,0.47687787,0.0,0.0,0.0,0.25985435,0.0,0.24161115,0.101364315,0.095903635,0.17328154,0.0,0.474233,0.0,0.0,0.30779058,0.003865838,0.0,0.25224707,0.5630208,0.06780927,0.17710193,0.31470245,0.031208448,0.40272522,0.47584268,0.5173112,0.5149112,0.0,0.06008179,0.0,-0.16900605,-0.24920893,0.0057625026
-0.54442155,1.3575568,1.294508,1.5406134,0.0,0.39233315,0.0,0.25417984,1.0200452,0.0,0.4391195,0.0,0.0,0.0,1.6521268,0.4050133,0.60001576,0.0,0.8765125,0.0,0.87329733,0.0,0.0,0.27448475,0.0,0.0,0.0,0.0,0.37625322,0.7969121,0.0,0.0,0.0,0.0,0.73080426,0.11765071,0.0,1.1166639,0.0,0.0,0.15293084,0.98949397,0.0,0.589674,0.76167303,0.43682808,0.8303082,0.0,0.9033743,0.0,0.0,0.49390078,0.608894,0.58023816,0.11373913,0.81297505,0.77190346,0.9574851,0.09929284,0.0,0.17986009,0.20323783,0.32773447,0.8127243,0.0,0.700377,0.0,0.18361574,0.33218902,-1.1661816
0.48999795,0.14080286,0.89107674,1.2687345,0.0,0.16436656,0.0,0.080274045,0.7255359,0.0,0.1149942,0.0,0.5284155,0.5909966,0.5512014,0.5339244,0.0,0.0,0.5548424,0.069193326,0.13831173,0.0,0.0,0.0,0.24314533,0.0,0.0,0.0,0.0,0.0,0.0,0.0,0.0,0.0761465,0.9069785,0.0,0.0,0.4506579,0.0,0.0,0.0,0.49309418,0.0,0.35693324,0.63179046,0.280523,0.87748855,0.0,0.24890311,0.0,0.0,0.24698466,0.111115426,0.3054325,0.15351093,0.5678681,0.68229485,0.6393832,0.04880032,0.0,0.45735472,0.26403233,0.0,0.28808796,0.0,0.36209196,0.0,0.41113615,0.3784573,-0.41234666
-0.1812902,-1.9881817,0.39686534,0.7663939,0.50273204,0.0,0.26720095,0.0,0.0,0.89097035,0.2962441,0.29673168,1.2324582,1.6595442,0.060810357,1.2111207,0.0,0.0,0.44228935,0.78092414,0.0,1.1130835,0.0,0.0,0.09090778,0.18014312,0.0,0.0,0.0,0.0,0.6682289,0.0,0.37546647,0.087018475,1.5013893,0.77334464,0.0,0.0,0.0,0.0,0.0,0.66701317,0.0,0.0,0.5468656,0.16875054,1.4511188,0.0,0.0,0.0,0.0,0.0,0.0,0.0,1.0776093,1.4362167,0.4325436,0.5847576,0.7487351,0.0,0.7790689,0.6907072,0.1302844,0.0,0.0,0.16978954,0.0,-0.03586309,0.5086499,0.70008856
0.8920886,0.46135414,-1.1452382,0.0,0.0,0.0,0.0,1.1285243,0.61341417,0.42697117,0.0,0.5894412,0.5239098,0.0,0.0,0.0,0.0,0.23931569,0.0,0.0,0.0,0.0,0.4113527,0.0,0.0,0.68612766,0.25487798,1.4364759,0.26957294,0.63812673,0.43761092,0.42578712,0.0,0.0,0.0,0.9241022,0.0,0.09743248,0.0,0.0,0.0,0.0,0.0,0.0,0.0,0.08614385,0.25359496,0.0,0.1626733,0.0,0.0,0.5521687,0.0,0.0,0.084260955,0.08300249,0.0,0.23613012,0.66656005,0.0052609146,0.6227666,0.7590618,1.0743465,0.7984009,0.0,0.0,0.0,0.0009737909,-0.690868,0.22112861
-0.3238849,-0.76056665,-0.0002092929,0.5744794,0.0,0.0,0.032711685,0.0046562254,0.0,0.6284541,0.015805468,0.1474188,0.6367322,0.715399,0.46467477,0.63658834,0.0,0.0,0.33675745,0.31144378,0.0,0.7530093,0.0,0.0,0.0,0.0,0.0,0.0,0.0,0.5072491,0.5338278,0.0,0.045579627,0.0,0.7479995,0.54975015,0.0,0.10715413,0.0,0.0,0.0,0.4016311,0.0,0.048277657,0.30777255,0.102441624,0.7453937,0.0,0.22731954,0.0,0.0,0.0,0.091865376,0.0,0.6346928,0.9366267,0.29772577,0.3051936,0.4672708,0.0,0.51014066,0.51162446,0.29480386,0.0,0.0,0.059162017,0.0,-0.09900725,0.2008842,0.42913705
1.2538637,1.4429616,-0.63518405,0.40293378,0.0,0.4406941,0.0,1.341477,1.2428759,0.0,0.0,0.23741658,0.21856824,0.0,0.18812785,0.0,0.0,0.7210493,0.0,0.0,0.23217179,0.0,0.40855223,0.43033928,0.10396749,0.5159042,0.16368204,1.6713995,0.5517331,0.5296975,0.0,0.77662075,0.0,0.0,0.0,0.7845562,0.0,0.45798665,0.0,0.0,0.0,0.07438282,0.0,0.13882178,0.32767245,0.36197102,0.19965027,0.0,0.29657823,0.0,0.0,0.87295747,0.0,0.0,0.0,0.0,0.067656785,0.62458163,0.36650342,0.14624439,0.6819005,0.5345706,0.96949327,1.1609044,0.0,0.018065745,0.0,0.20524903,-0.5602887,-0.2761395
1.5668355,1.0346498,1.1390748,1.5590605,0.0,0.7210501,0.0,0.4615654,1.4829009,0.0,0.0,0.0,0.5151457,0.18703306,0.32463586,0.14667645,0.0,0.60059035,0.49753132,0.0,0.658659,0.0,0.0009341687,0.59136647,0.6088933,0.21418393,0.0,0.68517125,0.0,0.0,0.0,0.4869381,0.0,0.35365176,0.6360005,0.08996828,0.0,0.5321012,0.0,0.0,0.0,0.5136344,0.0,0.42704117,1.1678143,0.6633704,0.9332915,0.0,0.39461336,0.0,0.0,0.6631094,0.0,0.6060881,0.0,0.12744302,0.62114614,1.2137375,0.0,0.0,0.8830015,0.22599687,0.3413065,0.68357354,0.0,0.4645721,0.0,0.85869706,0.28994393,-0.8675716
-1.7515506,0.022713762,-0.43014285,0.24750942,0.0,0.0,0.4676848,0.31517032,0.0,0.8024989,0.10589036,0.0,0.0,0.0,1.4218142,0.40123534,0.13959292,0.0,0.40547645,0.0,0.0,1.2017281,0.0,0.0,0.0,0.0,0.2924206,0.0,0.47958615,1.7961028,0.7642877,0.0,0.0,0.0,0.23294404,0.89140487,0.0,0.52559197,0.0,0.0,0.0,0.6132375,0.0,0.20315292,0.02858005,0.0,0.08987123,0.0,0.8643763,0.0,0.0,0.20792177,0.3895741,0.0,0.7276759,1.277753,0.0,0.13220316,0.72089756,0.0,0.31729233,0.5305857,0.777763,0.42655814,0.0,0.0,0.0,-0.70839876,-0.23494662,0.2431335
-2.189445,-0.60640204,-0.7618865,0.0,0.0,0.0,0.7759789,0.1546448,0.0,1.2723578,0.13654378,0.023338579,0.0,0.21181126,1.3629596,0.56544864,0.0,0.0,0.340129,0.09935473,0.0,1.7562463,0.0,0.0,0.0,0.0,0.38164583,0.0,0.351546,1.9916472,1.134654,0.0,0.30555624,0.0,0.3025033,1.2082834,0.0,0.35115784,0.0,0.0,0.0,0.7272924,0.0,0.13919401,0.0,0.0,0.094593145,0.0,0.9445604,0.0,0.0,0.105660096,0.36000758,0.0,1.0093606,1.7120179,0.0,0.08836022,1.0101237,0.0,0.3601302,0.6288669,0.88812864,0.3066887,0.0,0.0,0.0,-0.9448267,-0.21905929,0.54512185
0.9289395,-0.46466166,-0.6114928,0.27651274,0.1316269,0.0,0.0,0.5412386,0.3183264,0.5364312,0.0,0.59262013,0.94877136,0.29554117,0.0,0.10732514,0.0,0.0,0.0,0.27283177,0.0,0.17504504,0.24227946,0.0,0.1623386,0.7252042,0.0,0.83131623,0.0,0.09822214,0.4616696,0.09042472,0.0,0.14228003,0.15475547,0.66069204,0.0,0.0,0.0,0.0,0.0,0.0,0.0,0.0,0.19655694,0.12565657,0.7507131,0.0,0.0,0.0,0.0,0.17417961,0.0,0.0,0.13338596,0.26685786,0.009392083,0.41875812,0.56431377,0.0,0.7411169,0.70140576,0.7387302,0.24786721,0.0,0.0,0.0,0.17715897,-0.20474374,0.45971215
0.7978767,-0.68936545,-2.6859345,0.0,0.3037502,0.0,0.0,1.3241582,0.0,1.5555314,0.0,1.452275,0.99656975,0.0,0.0,0.0,0.0,0.0,0.0,0.27945974,0.0,0.82369095,0.75313485,0.0,0.0,1.3302248,0.6674739,1.856717,0.13895154,0.951594,1.3445296,0.35133764,0.5181525,0.0,0.0,1.8233122,0.0,0.0,0.0,0.0,0.0,0.0,0.0,0.0,0.0,0.0,0.54088646,0.0,0.1524598,0.0,0.0,0.46137983,0.0,0.0,0.4582913,0.53947955,0.0,0.17329031,1.4764472,0.0,1.033799,1.6341956,1.9446617,0.57013243,0.0,0.0,0.0,-0.2766082,-1.0234019,0.95660263
-0.2895723,-1.5632421,0.95590013,1.1518068,0.27871296,0.0,0.26501912,0.0,0.0,0.5068379,0.53611076,0.0,1.0070989,1.6478863,0.41101813,1.289632,0.0,0.0,0.6698925,0.6363747,0.0,0.85176533,0.0,0.0,0.12312117,0.0,0.0,0.0,0.0,0.0,0.36369753,0.0,0.11394991,0.053291723,1.6959162,0.5034911,0.0,0.23084314,0.0,0.0,0.10242225,0.9109507,0.0,0.14298871,0.7338976,0.23787071,1.4082961,0.0,0.06953221,0.0,0.0,0.0,0.048829436,0.04543773,1.0031686,1.3617195,0.78489643,0.7396081,0.49257582,0.0,0.59545213,0.45570266,0.0,0.0,0.0,0.29856315,0.0,0.0995933,0.74399114,0.26314574
-0.70806664,1.5070579,1.9627705,1.9764488,0.0,0.530431,0.0,0.0061468184,1.1583862,0.0,0.7741107,0.0,0.0,0.19507733,1.9655087,0.63322395,0.78291416,0.0,1.1482958,0.0,1.1817228,0.0,0.0,0.398547,0.0,0.0,0.0,0.0,0.29686028,0.670939,0.0,0.0,0.0,0.0,1.1126704,0.09597285,0.0,1.3310964,0.0,0.014822908,0.4140532,1.3611374,0.0,0.7527333,1.097945,0.5909807,1.2101896,0.0,1.0811011,0.0,0.0,0.5136949,0.87801695,0.850816,0.17827137,1.0248626,1.1213464,1.3383459,0.07997403,0.0,0.10014373,0.11548139,0.2626769,0.8507436,0.0,0.9778245,0.0,0.25094777,0.67484784,-1.5979813
0.19081266,-0.6358329,0.6049373,1.0126004,0.0029668808,0.0,0.0,0.0,0.2450979,0.21458234,0.1464917,0.0,0.76569784,0.9308078,0.3755651,0.7482347,0.0,0.0,0.4831416,0.32162806,0.0,0.3116749,0.0,0.0,0.1465363,0.03307645,0.0,0.0,0.0,0.0,0.17272586,0.0,0.0,0.048981562,1.0584085,0.19893667,0.0,0.23208381,0.0,0.0,0.0,0.49392304,0.0,0.18027967,0.56000274,0.20181458,0.9701645,0.0,0.114869274,0.0,0.0,0.04518237,0.054831803,0.046528116,0.4716554,0.76763177,0.6436552,0.54181945,0.23711857,0.0,0.49455595,0.37481922,0.0067173243,0.0017525852,0.0,0.21732779,0.0,0.25414613,0.47010142,0.07417022
-0.71380806,0.1340453,0.49899456,0.93161255,0.0,0.0,0.04935649,0.09280828,0.29054058,0.14846295,0.25043502,0.0,0.10307503,0.37695706,1.1193548,0.56466556,0.0,0.0,0.5918467,0.0,0.0,0.44031572,0.0,0.0,0.0,0.0,0.0,0.0,0.0022444278,0.8277631,0.18445492,0.0,0.0,0.0,0.72764206,0.3547718,0.0,0.5521173,0.0,0.0,0.0,0.63470113,0.0,0.39308387,0.3557967,0.07888554,0.5538875,0.0,0.47254136,0.0,0.0,0.21377626,0.30005884,0.09904772,0.4214464,0.8587456,0.45756474,0.43820834,0.26186955,0.0,0.36716717,0.33236787,0.28277063,0.31855908,0.0,0.24805719,0.0,-0.05778751,0.17666051,-0.18139888
-0.46320942,0.7695018,0.8708597,1.2317071,0.0,0.14770554,0.0,0.21491025,0.7105583,0.0,0.28672203,0.0,0.0,0.16182128,1.2949548,0.4415683,0.22853783,0.0,0.70012873,0.0,0.4380598,0.0,0.0,0.0,0.0,0.0,0.0,0.0,0.16833603,0.7306751,0.0,0.0,0.0,0.0,0.6927383,0.14178088,0.0,0.78828496,0.0,0.0,0.0,0.7126982,0.0,0.47222757,0.495759,0.24206178,0.6537385,0.0,0.63258755,0.0,0.0,0.36726004,0.39459568,0.37224948,0.19260436,0.7354387,0.5817453,0.63609236,0.0940685,0.0,0.26013628,0.23282103,0.26555336,0.59772223,0.0,0.46614963,0.0,0.12795526,0.20095825,-0.68941313
-0.9141026,0.13166346,-0.8115355,0.060542703,0.0,0.0,0.04044476,0.62731916,0.0,0.7626909,0.0,0.14633949,0.02970016,0.0,0.89592004,0.089984715,0.0,0.0,0.1415456,0.0,0.0,0.8467243,0.0,0.0,0.0,0.0,0.33377224,0.23364294,0.44339243,1.4828153,0.72828245,0.0,0.0,0.0,0.0,0.8195912,0.0,0.35821557,0.0,0.0,0.0,0.25596407,0.0,0.03468932,0.0,0.0,0.0,0.0,0.69621885,0.0,0.0,0.29464936,0.056549013,0.0,0.56720805,0.8146987,0.0,0.0,0.6340586,0.0,0.3533497,0.6132208,0.8372915,0.45908052,0.0,0.0,0.0,-0.4960451,-0.4372546,0.28934756
-1.1500947,0.10470526,-0.2290475,0.42430544,0.0,0.0,0.19591641,0.33754596,0.014056236,0.5645385,0.032004207,0.0,0.0,0.04922855,1.1665355,0.35953385,0.007895589,0.0,0.3900845,0.0,0.0,0.832814,0.0,0.0,0.0,0.0,0.14530277,0.0,0.31332734,1.3783215,0.554048,0.0,0.0,0.0,0.29361874,0.6675859,0.0,0.4736091,0.0,0.0,0.0,0.49312338,0.0,0.19200112,0.071500234,0.0,0.16123673,0.0,0.6507336,0.0,0.0,0.24290173,0.26403147,0.0,0.56365865,0.96210927,0.0,0.14295901,0.48742467,0.0,0.35939413,0.49777895,0.6216086,0.37559035,0.0,0.012361588,0.0,-0.45742947,-0.2004059,0.17286438
-0.6081867,1.366334,-0.09824357,0.62553024,0.0,0.11554085,0.0,0.84556544,0.7501898,0.0,0.0,0.0,0.0,0.0,1.3355548,0.0,0.5178585,0.0,0.37573627,0.0,0.38675416,0.0073691905,0.0,0.058744013,0.0,0.0,0.21323997,0.41440368,0.8139714,1.4069369,0.08009145,0.0,0.0,0.0,0.0,0.41268182,0.0,0.9299056,0.0,0.0,0.0,0.41520068,0.0,0.3250554,0.18210702,0.22246565,0.10524386,0.0,0.77793014,0.0,0.0,0.5137583,0.09231953,0.077728815,0.15257351,0.59045374,0.18037677,0.37614807,0.36126837,0.0,0.24917088,0.38728857,0.66899115,0.9381162,0.0,0.16068907,0.0,-0.1980862,-0.31587228,-0.45678926
1.0826658,0.78906584,-0.28773996,0.5776648,0.0,0.26808363,0.0,0.91437566,0.9700781,0.0,0.0,0.20965996,0.4484935,0.0,0.14532351,0.0,0.0,0.3763312,0.043564647,0.0,0.037066802,0.0,0.24520536,0.16982508,0.1692033,0.45633364,0.0,1.1624128,0.14055577,0.27924398,0.0,0.4489549,0.0,0.055343732,0.0,0.48004454,0.0,0.2803018,0.0,0.0,0.0,0.0,0.0,0.21184337,0.32658297,0.2812279,0.3563378,0.0,0.1245001,0.0,0.0,0.53702545,0.0,0.0,0.0,0.0,0.13927738,0.5353374,0.25596234,0.08661323,0.68388003,0.49334365,0.6154964,0.767311,0.0,0.045751724,0.0,0.28701475,-0.30574754,-0.12295847
-0.8898972,-0.92603594,-0.10587273,0.45722723,0.0,0.0,0.314079,0.0,0.0,0.8492177,0.13359654,0.107459866,0.5088734,0.7508819,0.69559956,0.73990905,0.0,0.0,0.38054037,0.32832655,0.0,1.1179581,0.0,0.0,0.0,0.0,0.0,0.0,0.0,0.83769256,0.7220051,0.0,0.17104982,0.0,0.7813989,0.76713955,0.0,0.15085389,0.0,0.0,0.0,0.57858145,0.0,0.087810725,0.2668704,0.07345301,0.7012315,0.0,0.3723896,0.0,0.0,0.0,0.16207784,0.0,0.8340647,1.2625161,0.16863494,0.33049527,0.6379617,0.0,0.50124,0.5222032,0.38308978,0.0,0.0,0.026328767,0.0,-0.33177677,0.19698682,0.53646135
-0.68730384,-0.52065426,-0.15654421,0.46311706,0.0,0.0,0.13103682,0.119676396,0.0,0.6779524,0.012650013,0.07873373,0.4009921,0.48397052,0.7104145,0.5439809,0.0,0.0,0.33767602,0.19348857,0.0,0.8610958,0.0,0.0,0.0,0.0,0.0,0.0,0.0,0.8676008,0.6002283,0.0,0.024819776,0.0,0.569822,0.64164805,0.0,0.20848502,0.0,0.0,0.0,0.4479001,0.0,0.105295,0.22117752,0.072458506,0.5499891,0.0,0.37622806,0.0,0.0,0.03932792,0.15914562,0.0,0.6431925,0.98167324,0.14404634,0.2487501,0.47745067,0.0,0.4848659,0.50470084,0.41709262,0.06695075,0.0,0.033403236,0.0,-0.2490779,0.080954626,0.39974993
-1.8324741,1.0562936,0.22807884,0.73803127,0.0,0.0,0.3277536,0.42899936,0.30817303,0.13922156,0.3176592,0.0,0.0,0.0,1.99313,0.2944498,0.7662585,0.0,0.67454207,0.0,0.35277796,0.6451543,0.0,0.0,0.0,0.0,0.21608335,0.0,0.8554959,1.9105785,0.2606079,0.0,0.0,0.0,0.24010198,0.5998183,0.0,1.011105,0.0,0.0,0.0,0.79305035,0.0,0.45089152,0.24140209,0.06654687,0.21515396,0.0,0.99835277,0.0,0.0,0.3191079,0.58138627,0.058193967,0.49695012,1.1607318,0.29550064,0.4819436,0.57936215,0.0,0.1683753,0.36745793,0.6602739,0.7216153,0.0,0.20092365,0.0,-0.5094429,-0.061353568,-0.36024445
1.084719,0.88527215,-1.6465421,0.0,0.0,0.039019734,0.0,1.5339,0.76424634,0.44794172,0.0,0.7360748,0.4031318,0.0,0.0,0.0,0.0,0.53470445,0.0,0.0,0.0,0.0,0.61243814,0.010406822,0.0,0.8476358,0.47984394,1.9626932,0.59847087,0.86406803,0.48694736,0.7295346,0.0,0.0,0.0,1.2200255,0.0,0.18666403,0.0,0.0,0.0,0.0,0.0,0.0,0.0,0.0992624,0.1399203,0.0,0.2741028,0.0,0.0,0.80246866,0.0,0.0,0.11698839,0.014310487,0.0,0.2719831,0.8147555,0.011085242,0.70611763,0.88637257,1.4432278,1.1123357,0.0,0.0,0.0,-0.04373483,-0.9574574,0.14671895
-2.3099916,0.10496814,0.5027051,0.82596695,0.0,0.0,0.7700044,0.0,0.0,0.47337943,0.67391133,0.0,0.0,0.34397003,1.999228,0.81460404,0.43227294,0.0,0.83252037,0.0,0.0,1.2121035,0.0,0.0,0.0,0.0,0.03515155,0.0,0.38336506,1.7780545,0.48664528,0.0,0.0,0.0,0.83774775,0.83845884,0.0,0.82872975,0.0,0.0,0.0,1.0953807,0.0,0.5448634,0.3722843,0.0,0.52885264,0.0,0.8839481,0.0,0.0,0.1481113,0.7331462,0.05432304,0.87238795,1.640005,0.41391256,0.61789876,0.71447897,0.0,0.27575138,0.32668808,0.49507096,0.4301407,0.0,0.21186024,0.0,-0.59758896,0.27329725,-0.102925226
-2.1445863,0.14934333,0.75162894,1.002666,0.0,0.0,0.7051269,0.0,0.0,0.3149144,0.74057317,0.0,0.0,0.4353346,1.9859633,0.8699354,0.42256185,0.0,0.8995861,0.0,0.09695037,1.0555706,0.0,0.0,0.0,0.0,0.0,0.0,0.29132825,1.5911536,0.34847605,0.0,0.0,0.0,0.9710597,0.72444886,0.0,0.86721843,0.0,0.0,0.0,1.1565421,0.0,0.5770607,0.4619704,0.0,0.628996,0.0,0.8312261,0.0,0.0,0.16917877,0.7385624,0.1583603,0.82816017,1.5632427,0.5559895,0.7067195,0.6128911,0.0,0.25466856,0.28419712,0.39310068,0.42264363,0.0,0.29900843,0.0,-0.46012104,0.36465302,-0.25764817
0.12003557,-0.21367471,-0.0024223728,0.6370659,0.0,0.0,0.0,0.2765811,0.29692104,0.33471966,0.0,0.11822121,0.55192333,0.3910574,0.40650707,0.3723346,0.0,0.0,0.27754915,0.14368963,0.0,0.30957156,0.0,0.0,0.0,0.098605014,0.0,0.17255022,0.0,0.41784555,0.3123422,0.0,0.0,0.0,0.4952377,0.36731908,0.0,0.22193478,0.0,0.0,0.0,0.23657499,0.0,0.14766875,0.27167508,0.11216897,0.58166957,0.0,0.22233163,0.0,0.0,0.12519087,0.0,0.0,0.31578502,0.5968054,0.2595928,0.298653,0.32261637,0.0,0.48189002,0.48229104,0.3024698,0.20342202,0.0,0.10074074,0.0,0.044214,0.045782115,0.18882486
-0.267858,-0.40916917,-0.015502037,0.5903609,0.0,0.0,0.0,0.15625755,0.09318444,0.49110213,0.0,0.08558166,0.5008377,0.49312297,0.5514226,0.4956261,0.0,0.0,0.32805797,0.18702365,0.0,0.58054334,0.0,0.0,0.0,0.0,0.0,0.0,0.0,0.5934973,0.4394024,0.0,0.0,0.0,0.5903435,0.4687177,0.0,0.21137698,0.0,0.0,0.0,0.3608548,0.0,0.11027749,0.2658322,0.10021578,0.59974766,0.0,0.27998737,0.0,0.0,0.06402751,0.09750418,0.0,0.4981955,0.788243,0.25550196,0.26394323,0.36996418,0.0,0.47838658,0.48784128,0.3136732,0.07781802,0.0,0.08488924,0.0,-0.077754006,0.10883975,0.2887661
1.1272938,1.5307564,-0.8370165,0.2679702,0.0,0.40182537,0.0,1.4462729,1.206364,0.0,0.0,0.2719553,0.13421261,0.0,0.23760211,0.0,0.0,0.6966599,0.0,0.0,0.2038772,0.0,0.43263316,0.4088431,0.009146117,0.4978106,0.27027854,1.7526774,0.69068795,0.7167616,0.0012535453,0.7764733,0.0,0.0,0.0,0.87339437,0.0,0.5031471,0.0,0.0,0.0,0.07435318,0.0,0.10807228,0.230675,0.29770637,0.07786185,0.0,0.34206057,0.0,0.0,0.9155121,0.0,0.0,0.0,0.0,0.0017879978,0.52584946,0.46079695,0.16528532,0.6235784,0.5626123,1.0693561,1.2478162,0.0,0.0,0.0,0.08782405,-0.693889,-0.2567402
1.4373183,1.8861223,0.079654016,0.9108684,0.0,0.75357574,0.0,1.2328002,1.6216584,0.0,0.0,0.0,0.08909243,0.0,0.42189586,0.0,0.15937302,0.90520966,0.14156856,0.0,0.6992573,0.0,0.28314996,0.7619814,0.27325028,0.30292946,0.0,1.5144176,0.5289739,0.27073383,0.0,0.8545476,0.0,0.065764114,0.0,0.5981215,0.0,0.6942578,0.0,0.0,0.0,0.38334,0.0,0.25168782,0.72229755,0.6876369,0.4463299,0.0,0.5190537,0.0,0.0,0.97208226,0.0,0.3116089,0.0,0.0,0.29597783,1.0192382,0.0831835,0.08064148,0.7301523,0.3867224,0.8419114,1.2419398,0.0,0.3317216,0.0,0.5135649,-0.28388703,-0.8126589
-0.3833099,0.02897373,0.7485162,1.1102668,0.0,0.0,0.0,0.0,0.3892874,0.013651907,0.29045895,0.0,0.26760173,0.56639606,0.9624697,0.6494976,0.0,0.0,0.6320708,0.043673836,0.034919396,0.26854062,0.0,0.0,0.0,0.0,0.0,0.0,0.0,0.49282575,0.05366932,0.0,0.0,0.0,0.9128399,0.21249267,0.0,0.5367095,0.0,0.0,0.0,0.64220095,0.0,0.4128381,0.4658386,0.116711095,0.7224707,0.0,0.37768632,0.0,0.0,0.18885913,0.26619592,0.18651614,0.36442113,0.8074507,0.6411043,0.53345746,0.20283177,0.0,0.35258204,0.29249087,0.13473535,0.27763215,0.0,0.31289497,0.0,0.10568028,0.31515372,-0.2856813
0.52184147,-1.6673106,-0.6046173,0.17807516,0.55216384,0.0,0.0,0.014543951,0.0,1.0689886,0.0,0.77686036,1.3373053,1.0284734,0.0,0.60434437,0.0,0.0,0.0,0.68199986,0.0,0.87863475,0.08645961,0.0,0.12279622,0.76109916,0.0,0.205468,0.0,0.0,0.8423525,0.0,0.4265983,0.17160733,0.67775714,0.9552131,0.0,0.0,0.0,0.0,0.0,0.08533503,0.0,0.0,0.2069958,0.047930002,1.2790583,0.0,0.0,0.0,0.0,0.0,0.0,0.0,0.6839428,0.9709329,0.0,0.4494872,0.8880791,0.0,0.90547574,0.8977409,0.67783266,0.0,0.0,0.05092175,0.0,-0.06635572,0.024509665,0.91820496
0.89549893,0.73699224,0.0063734506,0.7543861,0.0,0.26751757,0.0,0.7443408,0.94510937,0.0,0.0,0.06317465,0.40587768,0.0,0.30650508,0.0,0.0,0.22562689,0.17869115,0.0,0.115681544,0.0,0.115429774,0.14929533,0.163141,0.28685093,0.0,0.8852718,0.07125699,0.2549874,0.0,0.2884409,0.0,0.03126593,0.06383318,0.30540603,0.0,0.39355868,0.0,0.0,0.0,0.10030245,0.0,0.29014814,0.37696978,0.3041656,0.38529676,0.0,0.20390327,0.0,0.0,0.45199093,0.0,0.034127854,0.0,0.0801782,0.21186538,0.54293966,0.16663387,0.086851835,0.59365374,0.43715173,0.4511047,0.6968052,0.0,0.13056555,0.0,0.2894674,-0.16941947,-0.23849262
1.5420693,-0.18026158,-0.33817837,0.5141089,0.11544961,0.05905187,0.0,0.6136514,0.6758188,0.18795368,0.0,0.5479467,1.0410702,0.2644438,0.0,0.018747985,0.0,0.322946,0.0,0.2213177,0.0,0.0,0.34151053,0.0,0.4172544,0.8855983,0.0,1.0818869,0.0,0.0,0.16957366,0.4169899,0.0,0.34733862,0.17841367,0.5641117,0.0,0.0,0.0,0.0,0.0,0.0,0.0,0.03793027,0.41773203,0.2117091,0.80502117,0.0,0.0,0.0,0.0,0.3301707,0.0,0.0,0.0,0.021755181,0.15329787,0.6905879,0.35964197,0.0,0.96303,0.6133373,0.7480796,0.380992,0.0,0.0070496113,0.0,0.47868574,-0.13561161,0.23075844
0.10872728,-0.10604488,0.6733596,1.0853206,0.0,0.0,0.0,0.028203279,0.46398768,0.00037923455,0.14153564,0.0,0.50192183,0.6318471,0.6224414,0.595827,0.0,0.0,0.5285728,0.125185,0.0,0.10935107,0.0,0.0,0.08152585,0.0,0.0,0.0,0.0,0.18351158,0.025945902,0.0,0.0,0.0,0.89004636,0.10276775,0.0,0.40857482,0.0,0.0,0.0,0.4853825,0.0,0.3294765,0.4880337,0.15625875,0.7862781,0.0,0.22393286,0.0,0.0,0.1520943,0.13029015,0.1562952,0.28243676,0.6647427,0.62576187,0.5064042,0.15936227,0.0,0.4197936,0.3206782,0.039443366,0.20570812,0.0,0.27133006,0.0,0.23389788,0.33359137,-0.19304399
-2.0707486,0.028784735,-0.1920916,0.38242343,0.0,0.0,0.62713164,0.17521669,0.0,0.75908595,0.29881212,0.0,0.0,0.082607254,1.6623993,0.5384498,0.2623932,0.0,0.5407666,0.0,0.0,1.2948811,0.0,0.0,0.0,0.0,0.2493285,0.0,0.4910843,1.8930707,0.73004115,0.0,0.0,0.0,0.40401158,0.92639214,0.0,0.6230878,0.0,0.0,0.0,0.789366,0.0,0.3197233,0.12797636,0.0,0.20975436,0.0,0.9224298,0.0,0.0,0.17333059,0.5349179,0.0,0.805849,1.4706848,0.0,0.28206113,0.77573097,0.0,0.2922545,0.47123817,0.72845274,0.43504733,0.0,0.0059176334,0.0,-0.7594768,-0.08863661,0.19222094
-1.7349459,-1.1891453,0.8107664,0.98422253,0.0,0.0,0.818853,0.0,0.0,0.7145399,0.80714643,0.0,0.32783076,1.3029472,1.3087496,1.3142998,0.0,0.0,0.839463,0.393508,0.0,1.4155169,0.0,0.0,0.0,0.0,0.0,0.0,0.0,0.88706934,0.59219366,0.0,0.12952287,0.0,1.534778,0.8314789,0.0,0.53454506,0.0,0.0,0.06335892,1.2647718,0.0,0.3145703,0.5590932,0.074976265,1.0630264,0.0,0.58920026,0.0,0.0,0.0,0.42045242,0.062219575,1.2165841,1.8386918,0.58777297,0.7551432,0.75062364,0.0,0.3697089,0.31616405,0.1717112,0.07055332,0.0,0.279846,0.0,-0.42814344,0.67336607,0.19724254
-0.32497418,-0.7034698,1.6622261,1.6658766,0.0,0.0,0.14634213,0.0,0.25447425,0.0,0.77719593,0.0,0.61526084,1.4369687,0.90897584,1.2572826,0.0,0.0,0.9471202,0.34339395,0.0009111911,0.336024,0.0,0.0,0.17189096,0.0,0.0,0.0,0.0,0.0,0.0,0.0,0.0,0.00026722252,1.8029573,0.17168562,0.0,0.6377489,0.0,0.0,0.3033294,1.0523037,0.0,0.40210336,0.8701588,0.25460047,1.3592343,0.0,0.2875656,0.0,0.0,0.13059406,0.3101655,0.36010402,0.76421267,1.1474297,1.1572578,0.934377,0.250464,0.0,0.40511644,0.2243722,0.0,0.08400269,0.0,0.5161402,0.0,0.23113635,0.8536365,-0.43878293
0.13971181,-1.4109256,-1.863686,0.0,0.4374173,0.0,0.0,0.6055701,0.0,1.5987139,0.0,1.1450669,1.0848219,0.28418353,0.0,0.08331661,0.0,0.0,0.0,0.521699,0.0,1.249469,0.3323602,0.0,0.0,0.90383464,0.34257928,0.81396484,0.0,0.7785841,1.333822,0.0,0.6422127,0.0,0.0,1.4574082,0.0,0.0,0.0,0.0,0.0,0.0,0.0,0.0,0.0,0.0,0.73048335,0.0,0.14185812,0.0,0.0,0.0,0.0,0.0,0.6391702,0.9238631,0.0,0.1589271,1.3122721,0.0,0.9426319,1.3322909,1.3778825,0.0,0.0,0.0,0.0,-0.36472487,-0.507891,1.1419245
0.26012075,2.8958185,1.147412,1.5949109,0.0,1.0134062,0.0,1.0230218,1.9045979,0.0,0.0,0.0,0.0,0.0,1.6999357,0.0,1.1526039,0.46990556,0.72504556,0.0,1.5679591,0.0,0.0,1.0763597,0.0,0.0,0.0,0.6781036,1.042654,0.8704027,0.0,0.3573726,0.0,0.0,0.0,0.38845927,0.0,1.5934081,0.0,0.0,0.07864319,1.0322467,0.0,0.43506005,1.0035305,0.8943803,0.75069493,0.0,1.2415372,0.0,0.0,0.92739606,0.30185217,0.694168,0.0,0.45838213,0.69193727,1.3834227,0.17315526,0.0,0.3343344,0.24268466,0.7931224,1.457208,0.0,0.84278494,0.0,0.39250124,0.04926401,-1.6269579
-1.1999241,1.0944415,-1.0632284,0.0,0.0,0.0,0.0,1.0767727,0.27811792,0.5650583,0.0,0.0,0.0,0.0,1.3247901,0.0,0.48662755,0.0,0.10680346,0.0,0.0,0.63307947,0.0,0.0,0.0,0.0,0.61521304,0.56862825,1.1050133,2.0693617,0.63210046,0.0,0.0,0.0,0.0,0.9377452,0.0,0.79602194,0.0,0.0,0.0,0.29123485,0.0,0.14038487,0.0,0.055946887,0.0,0.0,0.9791384,0.0,0.0,0.5302793,0.025814176,0.0,0.5801341,0.907476,0.0,0.0062191673,0.7782135,0.0,0.24725625,0.6928025,1.0557191,0.928863,0.0,0.0,0.0,-0.6362609,-0.62620986,0.03404236
-0.37737042,0.15222856,0.46508792,0.9329642,0.0,0.0,0.0,0.15710628,0.392987,0.089918226,0.14456517,0.0,0.21436204,0.36137906,0.9296322,0.49486315,0.0,0.0,0.5291598,0.0,0.0,0.28035146,0.0,0.0,0.0,0.0,0.0,0.0,0.0,0.64489377,0.13046601,0.0,0.0,0.0,0.67799515,0.26276764,0.0,0.51080674,0.0,0.0,0.0,0.5188552,0.0,0.35968298,0.3468847,0.09810743,0.55588627,0.0,0.39319277,0.0,0.0,0.2210682,0.21467394,0.09199445,0.3153809,0.72264814,0.45060822,0.40180084,0.20928349,0.0,0.3870694,0.35217044,0.23389046,0.32228166,0.0,0.2420269,0.0,0.030384485,0.14598463,-0.18175207
0.054295663,-1.7822572,0.28621063,0.7226496,0.4673442,0.0,0.10845518,0.0,0.0,0.8149188,0.16081864,0.34454754,1.2245392,1.4896743,0.0,1.059062,0.0,0.0,0.36946326,0.71910435,0.0,0.9394934,0.0,0.0,0.13725555,0.28773922,0.0,0.0,0.0,0.0,0.6145401,0.0,0.3092258,0.12728088,1.3308737,0.70296514,0.0,0.0,0.0,0.0,0.0,0.5108754,0.0,0.0,0.5262819,0.16163874,1.3835814,0.0,0.0,0.0,0.0,0.0,0.0,0.0,0.9309606,1.2252549,0.39397785,0.5519173,0.66407603,0.0,0.8041752,0.6777502,0.1962372,0.0,0.0,0.13667423,0.0,0.03821231,0.43555418,0.66120166
-0.79697764,-0.8339659,-0.6920992,0.08560139,0.0,0.0,0.20809597,0.21195982,0.0,1.0526509,0.0,0.34261554,0.49956352,0.43014455,0.52629495,0.46677452,0.0,0.0,0.15310732,0.2827597,0.0,1.1732194,0.0,0.0,0.0,0.0,0.12500334,0.0,0.0,1.0509467,0.9075668,0.0,0.25954306,0.0,0.35773668,0.88310933,0.0,0.0,0.0,0.0,0.0,0.32258904,0.0,0.0,0.05573869,0.027572326,0.46773404,0.0,0.40775847,0.0,0.0,0.0,0.06397495,0.0,0.7634282,1.1127307,0.0,0.07280618,0.76127326,0.0,0.54125196,0.6631011,0.6038289,0.0,0.0,0.0,0.0,-0.44430947,-0.10607076,0.7232406
0.10238117,0.269554,0.24939197,0.8311469,0.0,0.0,0.0,0.3562899,0.5483259,0.045111522,0.0,0.0,0.33212122,0.20649175,0.648115,0.29783306,0.0,0.0,0.37981635,0.0,0.0,0.052973017,0.0,0.0,0.0,0.0,0.0,0.19026525,0.0,0.4820526,0.09470722,0.0,0.0,0.0,0.46109855,0.19689934,0.0,0.4471208,0.0,0.0,0.0,0.3022645,0.0,0.3165176,0.28784746,0.13000031,0.4597528,0.0,0.28912377,0.0,0.0,0.2526544,0.030569702,0.03466294,0.13514549,0.49328303,0.3297155,0.3233278,0.16629621,0.07060336,0.43569386,0.41662806,0.24800594,0.4047417,0.0,0.1834551,0.0,0.10204439,0.010490622,-0.124318376
0.33084092,0.49191663,0.69356656,1.1510357,0.0,0.2004955,0.0,0.28246504,0.7948499,0.0,0.027080193,0.0,0.31579566,0.2788368,0.7112371,0.35488027,0.0,0.0,0.51167184,0.0,0.23956273,0.0,0.0,0.021140844,0.1131559,0.0,0.0,0.13128003,0.0,0.23505396,0.0,0.0,0.0,0.0,0.64415085,0.040508054,0.0,0.5590712,0.0,0.0,0.0,0.45535222,0.0,0.36786684,0.4891023,0.26475996,0.6568746,0.0,0.34441587,0.0,0.0,0.32792538,0.0875112,0.26040417,0.063844234,0.4926617,0.5131455,0.5536559,0.05382462,0.018669732,0.4035647,0.3109914,0.13247705,0.46858597,0.0,0.34374502,0.0,0.30004543,0.17364472,-0.4585421
0.5937743,-0.284983,0.009277185,0.67175657,0.0,0.0,0.0,0.30363402,0.40979442,0.26293135,0.0,0.23030996,0.7517308,0.45607716,0.12090963,0.33191562,0.0,0.0,0.20959988,0.20347963,0.0,0.111466885,0.0,0.0,0.1452957,0.33976853,0.0,0.37712967,0.0,0.10470158,0.23816964,0.0,0.0,0.07127772,0.50370574,0.29603642,0.0,0.08504796,0.0,0.0,0.0,0.09852413,0.0,0.11081209,0.3709416,0.14781582,0.7248474,0.0,0.088614285,0.0,0.0,0.15057248,0.0,0.0,0.20843226,0.42219812,0.2934895,0.4323605,0.31117916,0.0,0.56416214,0.4695,0.30071402,0.21883664,0.0,0.08387099,0.0,0.23520276,0.08527233,0.18773493
-1.8919158,1.2421632,0.64445454,1.0182651,0.0,0.0,0.34518844,0.3162478,0.447519,0.0,0.5050702,0.0,0.0,0.0,2.196859,0.39686713,0.9161016,0.0,0.83889985,0.0,0.5899536,0.49595696,0.0,0.0,0.0,0.0,0.09737844,0.0,0.84502923,1.836494,0.06328677,0.0,0.0,0.0,0.4373866,0.47161478,0.0,1.130764,0.0,0.0,0.0,0.9700429,0.0,0.5997763,0.41031572,0.13756067,0.41451132,0.0,1.03345,0.0,0.0,0.34061193,0.72024745,0.2599274,0.4504665,1.2044538,0.53636146,0.71056753,0.4615417,0.0,0.12596664,0.26241514,0.5477018,0.7890263,0.0,0.35519058,0.0,-0.35544372,0.12936743,-0.68150103
0.18312988,-0.9738881,0.8798822,1.1706901,0.12755412,0.0,0.0,0.0,0.1456856,0.22365656,0.31246895,0.0,0.91349995,1.2646501,0.3327254,0.97731197,0.0,0.0,0.57995224,0.45285523,0.0,0.39402318,0.0,0.0,0.22904621,0.012930262,0.0,0.0,0.0,0.0,0.15450309,0.0,0.0,0.12589236,1.3761079,0.23930651,0.0,0.23402457,0.0,0.0,0.038860917,0.65515465,0.0,0.18956855,0.73066276,0.25845098,1.1991627,0.0,0.051869106,0.0,0.0,0.0,0.0461739,0.110639006,0.6393059,0.922723,0.7804393,0.6669735,0.24325949,0.0,0.59804356,0.36586815,0.0,0.0,0.0,0.25898078,0.0,0.30972725,0.6380864,0.06791395
-0.33708328,1.1931372,-0.3313632,0.48010302,0.0,0.07644661,0.0,0.9117001,0.71323144,0.036741987,0.0,0.0,0.0,0.0,1.0650609,0.0,0.32169917,0.0,0.24694696,0.0,0.22003676,0.0070117414,0.0,0.0130132735,0.0,0.0,0.23568925,0.62047946,0.72358304,1.2828212,0.16413102,0.0,0.0,0.0,0.0,0.45475304,0.0,0.7914539,0.0,0.0,0.0,0.2894068,0.0,0.29158515,0.116492346,0.19249065,0.031690944,0.0,0.67659855,0.0,0.0,0.5120324,0.0,0.0,0.15946983,0.51266396,0.078550905,0.26757297,0.38719225,0.0284556,0.2815707,0.44387805,0.67897904,0.9202469,0.0,0.06595142,0.0,-0.22280209,-0.40167972,-0.2957759
0.40711927,-0.40940323,-0.0073327627,0.6406176,0.0,0.0,0.0,0.23823458,0.2966404,0.35418296,0.0,0.22566348,0.7405728,0.5192493,0.17748928,0.39820844,0.0,0.0,0.22966413,0.23504959,0.0,0.25720146,0.0,0.0,0.084353104,0.27831674,0.0,0.2501318,0.0,0.1836153,0.31106174,0.0,0.0,0.021882907,0.555248,0.35317895,0.0,0.085339084,0.0,0.0,0.0,0.15365909,0.0,0.07866688,0.33836564,0.12516227,0.7345005,0.0,0.120390505,0.0,0.0,0.09460864,0.0,0.0,0.3136454,0.5375088,0.29127973,0.38715208,0.35800958,0.0,0.5352602,0.4812554,0.2907356,0.13990623,0.0,0.08126209,0.0,0.14870796,0.11384532,0.26786262
-0.9367705,-0.49746388,-1.764266,0.0,0.0,0.0,0.116075605,0.7851754,0.0,1.4223305,0.0,0.66870546,0.2980729,0.0,0.4474548,0.0,0.0,0.0,0.0,0.116356,0.0,1.3503516,0.05863428,0.0,0.0,0.1703114,0.5965194,0.5399779,0.39785412,1.6819115,1.2613938,0.0,0.3872934,0.0,0.0,1.2474922,0.0,0.0957416,0.0,0.0,0.0,0.022370419,0.0,0.0,0.0,0.0,0.005262524,0.0,0.75771606,0.0,0.0,0.2565079,0.0,0.0,0.76667905,1.0520921,0.0,0.0,1.0968118,0.0,0.5674277,1.0142856,1.1946496,0.40932685,0.0,0.0,0.0,-0.6539837,-0.63769346,0.70301896
0.10425409,-0.7652992,-0.45437443,0.30547956,0.09326357,0.0,0.0,0.2514306,0.0,0.74443644,0.0,0.42251876,0.7896619,0.52566755,0.1087724,0.3993014,0.0,0.0,0.10591169,0.32898378,0.0,0.6585151,0.0,0.0,0.0,0.33536154,0.0,0.22712325,0.0,0.4333689,0.630968,0.0,0.11248709,0.0,0.42966294,0.6769073,0.0,0.0,0.0,0.0,0.0,0.08984905,0.0,0.0,0.17660648,0.050033405,0.704306,0.0,0.12058981,0.0,0.0,0.0,0.0,0.0,0.533385,0.71382374,0.049155705,0.24465592,0.6043912,0.0,0.59555924,0.6404171,0.49420124,0.0,0.0,0.0,0.0,-0.10534237,-0.024758581,0.6326472
0.5116551,0.6191317,-2.0176346,0.0,0.0,0.0,0.0,1.5155785,0.4088346,0.8243952,0.0,0.8245269,0.3167147,0.0,0.0,0.0,0.0,0.15561914,0.0,0.0,0.0,0.24564122,0.5505655,0.0,0.0,0.7326107,0.6582873,1.793549,0.7100639,1.2745705,0.8046919,0.4457681,0.0,0.0,0.0,1.326583,0.0,0.24555026,0.0,0.0,0.0,0.0,0.0,0.0,0.0,0.051702946,0.025798138,0.0,0.47621882,0.0,0.0,0.7147391,0.0,0.0,0.33821684,0.2706995,0.0,0.05544797,1.0045217,0.0,0.6395427,0.99663025,1.5335367,1.0342696,0.0,0.0,0.0,-0.29697293,-1.0143806,0.28068608
-0.34496796,-0.71243525,0.54877394,0.93535656,0.0,0.0,0.07310799,0.0,0.04104325,0.3740713,0.26946384,0.0,0.60930943,0.93490565,0.63308966,0.8340926,0.0,0.0,0.5418726,0.30987546,0.0,0.6127331,0.0,0.0,0.0,0.0,0.0,0.0,0.0,0.311326,0.31343535,0.0,0.0,0.0,1.0855911,0.40919125,0.0,0.3076685,0.0,0.0,0.0,0.6321487,0.0,0.18406406,0.48184505,0.1402339,0.9056032,0.0,0.24390046,0.0,0.0,0.015671857,0.16524568,0.0,0.65589154,0.9950429,0.59611064,0.505359,0.36996973,0.0,0.430977,0.4073643,0.11117761,0.004455507,0.0,0.21058649,0.0,0.029415753,0.44088256,0.16044554
-1.6183429,3.1083446,-0.39365187,0.47483912,0.0,0.3775255,0.0,1.5278225,1.1531963,0.0,0.0,0.0,0.0,0.0,2.4269133,0.0,1.7432736,0.0,0.44556946,0.0,1.1306722,0.0,0.0,0.51590675,0.0,0.0,0.7320323,0.68472767,2.0860233,2.699755,0.0,0.0,0.0,0.0,0.0,0.78868884,0.0,1.8009126,0.0,0.0,0.0,0.8926969,0.0,0.37288326,0.40914527,0.47532552,0.0064144433,0.0,1.5583627,0.0,0.0,1.0071348,0.38364834,0.22031395,0.31079948,0.9676076,0.30358362,0.6973068,0.72883224,0.0,0.00034609437,0.47677523,1.2275078,1.7288699,0.0,0.22260036,0.0,-0.5168117,-0.53558654,-1.10945
0.8171588,-1.1154103,-0.58460623,0.2456297,0.3783867,0.0,0.0,0.26008627,0.0060905814,0.79300576,0.0,0.7060096,1.1975803,0.7062539,0.0,0.36901513,0.0,0.0,0.0,0.50263137,0.0,0.49859437,0.18028922,0.0,0.18563525,0.79048264,0.0,0.5336731,0.0,0.0,0.6385776,0.0,0.20655353,0.19867451,0.44626802,0.8202363,0.0,0.0,0.0,0.0,0.0,0.0,0.0,0.0,0.22562902,0.079532385,1.0581701,0.0,0.0,0.0,0.0,0.0,0.0,0.0,0.40923277,0.60275894,0.027414024,0.46338508,0.7209164,0.0,0.85385424,0.8278753,0.7310302,0.0,0.0,0.02927067,0.0,0.080386445,-0.045002464,0.74718326
