sem_0,sem_1,sem_2,sem_3,sem_4,sem_5,sem_6,sem_7,sem_8,sem_9,sem_10,sem_11,sem_12,sem_13
1.0154697677540923,-0.4762125651752258,0.35883591470949433,0.6758436774978727,0.5793798652691695,-0.11262693827181128,-0.8667950215709528,-1.007052236549585,1.9900297723740905,-0.13931871115463482,0.6060286370268902,0.541075372620698,-0.24218833391040112,0.012692528674387214
0.3182125855121957,1.0928956651570334,-1.8000733035353838,0.539936603712729,-1.0852835387823183,0.9939959636528302,0.12665193697495353,-0.4691809106239452,0.8450951560863089,-1.6035010130798721,1.2132415099777971,-2.6406862974594527,-1.7472247025037169,0.3953556718536852
-0.3539858590087676,1.0871457545968617,-0.2639228598484837,-0.4435906243342308,-1.2226915077616398,0.007977023170359102,-1.7979137366800566,0.9720703780954149,0.06497667910540036,-0.5776025762018718,-0.49421952121954005,-0.34351370629519473,-0.21612426025548398,-0.6463807109759994
0.06201442732631836,0.02100444995766808,-1.0215127841877296,-1.3897246516961328,0.24399763004335098,0.22557919634265916,0.530101846276887,0.023446787411909017,1.4488434413708593,0.4652953229144391,-1.415968107129191,0.19720440854157753,0.7592321225660696,-0.7975455375911268
1.8645310531755694,0.6313127495379047,-0.24715490284010086,-0.1514687181110757,-0.3767490128876451,1.1079703513123924,-1.737521701176736,-0.4250145119625309,-0.3904469428738482,0.1239989050795853,-0.2936926022849583,0.6617874472518943,0.19170622382242616,0.7168626477351726
0.5880156689548262,0.7720202619200476,2.106930030342341,-0.48692625822036584,0.05451981099541875,-0.40532039065212616,-1.3924922225763863,1.1961513249116194,-1.4486525447175869,1.6248822339747022,0.9553348150590334,0.5914132287193896,-0.6240490353432309,-1.7927811892989916
0.18391030727563745,2.0323000036711263,-0.5258737654015321,0.3128464519612483,1.6836633744633782,0.20930460697593958,0.20375128674165752,-1.14627304399542,0.6261617109416169,1.1886558492732506,1.056648412400666,0.7259493873789143,0.477913338498971,0.2502874372315038
-0.5656898805539908,1.5323422491682552,0.2023828557247434,0.41983896799393683,-0.17940844012582752,-0.1987649067267959,-0.7650880717951984,-0.5360959548670192,0.7559379891527616,1.7479676125932195,-0.6161628490371258,0.6949436902296787,-0.6005770549871473,0.30323638862466556
0.6106844331626752,-0.7658609671045266,0.10024399969621427,0.7990933363846906,1.088106026838451,-1.9185674150387997,-0.06398831524316302,-1.2027228835446255,-0.8264974503038088,-0.4382168065431133,0.5313758657955754,0.6998681803527285,-0.15836112133871713,0.18415527091863781
-1.4941530249164678,-0.5281423765660405,-0.48214513893862865,1.1340732309699384,0.1142087015406627,-0.48717813596565573,1.280405968721601,-0.39448074361122876,-1.5938239934017717,-1.6446015049365028,-1.2455558794824546,-1.005067451684098,-1.573166824297823,-0.5421864056214627
0.07157565672328789,-0.8659119382856327,-1.0280026754481608,0.24057055702379046,0.48325863594154006,-1.2648132675714001,1.5703033014532484,-0.027910881370457996,2.6714130255826314,0.05802532367268866,0.42830301819440486,-1.4845341317958296,0.027733030587040644,1.2551055471956405
1.2707322697496894,-0.5688702649584478,-0.14820654402147462,1.9956534528298906,1.196567176290917,0.9153256361421217,-0.8944195785358398,-1.636498880196286,1.6870684453952236,0.5464633588344895,-0.12193430653518311,1.252069149498064,-0.988381822443562,0.884256628625813
1.204726044277051,-0.6274087647363635,-1.779084531206034,0.8041758037794042,-0.583846406893713,-0.12230186464250581,-1.4165059991756712,-0.1996422976381888,0.6432792709174386,1.6163230813615117,-0.4082764906306532,0.29670534401092136,-2.5722508554326553,-1.7020053009364644
-2.3551170030080537,1.0791048803725505,0.196268367934857,-1.1820059546988093,1.004877389130464,1.7179024331270012,0.8796498810778854,2.4626261184713454,0.21197524242808016,0.20846136721377678,-2.2049997789495195,-1.4979738875907025,0.8589686900627981,3.859375285389036
1.4147828054007876,-0.45211557771698235,-1.4304160604266363,-0.8565633700981363,-1.522784041778238,-2.8656625776547617,-1.1505571296292472,-0.05162006386396925,-0.988221881810528,-0.8114347731553169,2.9710394782695038,0.20229127073639658,4.184580437227089,-1.4032791418949548
1.3757860938367759,-0.13783166567416277,1.140767742522144,0.2243273523760596,2.4475472771033773,1.057451225460001,-0.56873300245245,0.40052155570143017,0.3929962072949317,-1.1774677967791876,-0.591348994896983,-1.984286864255925,0.3091873794340733,0.4853993383150439
-0.9261489193346212,1.3511693693924014,0.2586363842553019,0.5930943262282957,-0.6229756052709493,-0.20649500598536238,1.0222344088790485,0.10111306445231903,-0.6329198715374751,-2.003817079467323,1.4214616653420349,-1.1499637782445298,0.17731516258228974,0.247107721211964
-0.8019085430462244,0.6481837902540606,-0.8634208533760381,1.1832017197485545,-0.8021147803041785,-0.1874588265348837,0.5640890027810344,-0.816623106897045,-0.07244130490373946,-1.1614438731714578,0.5196988960740488,-1.0434262224538657,-0.9668424384673929,-1.0304773379993828
-2.549058871285798,0.059146301218385725,0.32211927315247574,0.16475525980903782,0.4917313819700044,0.2628700311624862,1.0722204835459632,-0.12236267181942351,0.8941610955704954,0.6240731014512453,-0.5530137767518668,0.20025210161076132,-0.9809214699895917,-0.24841042797798235
-1.9820635505098696,-0.9920548895093375,-0.8063195293849504,-1.2160490035798894,1.277754808013092,0.07800277631842015,-0.3159456958129199,-0.4813725570980968,-0.9562659688476184,3.076473948099981,-2.2077757938457125,-0.34575171192848,2.482004703525588,2.0294664595653416
-0.03761969763590804,0.5483040017271334,-0.6013484738915686,-0.49297541086814833,2.6238773596021256,0.20104508543574764,0.9612424901704828,0.5893935498914048,0.9484867347126821,2.0893036614681972,-2.0474682906422363,0.7785056290111553,-1.3713931870637104,-1.140229008330567
0.1372565151325011,1.6604890444740512,0.4751609047469699,-1.738615106512283,-0.9155071348542348,-1.4124217517384408,1.3390699886063695,0.39888707441865534,1.0645991953392622,-0.6880417920704631,0.9641740607541681,-2.7785758042464206,2.972172996931494,0.5327390245389236
-1.3989078380129154,-1.2418521270810057,0.5807480157582768,-0.15735495383885045,0.41068758617846435,0.2811207276334654,2.0337686683374647,1.587497645336689,-1.480192929533352,-0.14992580445647075,0.3203786941873443,-0.8815720747576866,1.2994868978146485,-0.3414479614272797
-1.697024636791654,1.552002866909413,0.6538346695793064,-0.3514745265569901,-0.24660001563604814,0.2280131197584806,1.6550956726300075,0.8722688393138979,0.39313596139142304,-0.04902705877660227,1.1625673627752298,-1.660203528666068,0.42631301389531506,0.13602639306216366
1.0349102726516684,1.615592496464804,0.5541579078800742,1.8523938268436573,0.4872167657116761,0.28351823950928273,2.1618595817220037,0.38675688804095404,0.11341678982123474,-1.2482239073298793,-0.03370427969059086,-0.15226371400309924,-1.2951896878983464,0.9840387155308578
0.8463815104661836,-0.8610274358799944,-2.5738246904252544,0.5931747497068904,0.020107425342054303,-1.222879272924011,0.21059442614214216,0.7287871199632989,-0.4273907245770109,0.49095787945385183,-1.2257803912042913,-0.870791586796427,-1.3414866741904414,-0.13598641744387488
2.2475212083192675,2.7330377952484968,-0.5178806947932947,-1.200586905700767,0.49816804481269955,0.680441489211696,0.025522460949555813,-0.14959813738645905,-0.19945188988526458,0.5609989567172471,0.16521085923737452,-1.6044992534987688,-0.5692134365625953,0.5226881749418908
0.04813044667585535,-1.1632920398785613,-0.49256040506486165,-2.3960527750472007,0.14421974327354392,-0.41337962458004657,-1.2286013167661918,-0.923814859041468,3.8557390827105658,2.4081514939591178,-0.6107784332424646,0.09660149414611875,0.3310153949729307,1.4918106007464953
-2.2429434812513804,-1.3682204890370706,-1.8300019508045613,0.460677717531644,-0.19779799578065824,-0.6987194966187017,0.9799827884888874,0.0057430195910371795,1.6369452605335837,0.8613893686188688,-0.10116621144503096,1.0188767666560525,-0.08993081073515344,2.6988168171187197
0.3712852939185953,-0.8495192413215953,-0.3539183117746211,0.9811324152518026,-0.6154828346834393,0.18219689464534683,0.11000083024208919,-0.48153291404948506,-1.1917346538052613,-2.3109019049504735,-0.6622438413908552,0.9374555912583701,-0.6563608365565677,0.787015702344532
-1.4062920964369763,-0.40656889470940394,-0.15613228040758503,1.1684161924056862,1.1830264774311168,-1.2328096277552187,-2.1751349008880436,0.49182984320898326,-1.3445456084691565,-1.2614628492596263,1.4641832206758578,0.4768329678259003,1.3658852892812858,-1.7409567757595514
0.2861976979530734,1.4622885302731476,0.37719552077339297,1.3849392830389404,-1.0188837780697457,1.129666292751371,0.1776020626126721,-1.2759948875842553,0.6277499602458226,2.2162955496529677,-0.9120121864387726,1.9944259469549108,-0.9546030813036704,-1.2454157392915848
-0.06450630293310328,-0.4788525497491639,0.331444609541298,-0.4252311814967984,0.7607146258911802,0.7932478402851411,1.396955432504079,0.7423667893581649,-1.4866916609782082,-0.708447094417418,-2.9941096487866625,-0.2804699613052581,0.6982097323738332,-1.3229364417654246
-1.4337526296921352,-0.5766131527301321,-0.669136943133877,-0.6117372407751851,1.3945354488025492,-0.8103671749055735,1.006788705320267,0.22193309394018837,0.5077948925162429,0.24830240111705484,-0.9816018535175649,-1.3537591610241375,0.6820481418915781,-1.2892075517804253
-1.9186957975863732,0.5062938535493161,2.1291450702402437,0.6316603024787619,-0.7194147155834922,-0.5170405070287959,2.440968458361144,2.2445918139791674,-2.0088502040519387,-0.6684824422707508,0.9981794757589836,-2.4355624676026215,1.8740002256536683,-1.0061320470981354
-0.12604661815759438,-0.10566683836702881,1.5649528133228192,1.401254506656588,1.01672275120392,0.4763462428221363,-0.21366723522548786,1.1562780482599933,-1.2349310238280076,-0.8498338919167608,0.7111760776372023,-0.3693054296739355,-0.3437530655456452,0.8679566153688882
-2.1177530888802973,-1.7616293765315663,-0.9084760749034712,-0.4191985304448784,1.8498897440371593,-1.3921198785006972,0.9516333137901418,-0.4994556471530488,-0.5617077021623382,-0.009829812622803503,-1.6338124676660533,-3.4442725630000157,3.4384938392039244,0.5441293026500381
-0.08301426475874375,-1.5196443858576718,0.9315240060216241,1.175848531299349,0.10185261666042192,0.23259915018477742,0.6049036676576256,0.19763240220375508,-0.56329544348901,-1.4360632860909528,-0.5194204297964562,0.2003039549483618,-0.5540575046769181,0.698530306812611
-1.8044889221646687,-0.899209862207103,1.5892854320267027,1.4649523463296286,1.00839197585303,0.6466443990518981,-0.18255196406787924,-0.17308083334725027,-1.2529405881057956,-2.661220531744803,0.26833443100164167,0.8559022813426072,1.1532710934896566,1.7465620111099127
-0.8471939663198123,-1.0200315883294198,0.6666165749316216,-1.2249582762343527,0.9697927870238842,-0.2836074952599584,1.2300497637927224,-0.6848445988735901,-0.4336682285243768,1.9037147069876585,-1.8090441156894348,-0.7277766856342337,1.4945727476715622,-1.2935120599853784
-0.6949528806282548,-0.6032393456484273,-1.102488947259795,-0.38909510636015854,-0.5065601353624245,-1.3834743233431381,-0.4404496536461368,-0.15285341894758137,1.036812025258398,0.8829532854326787,-1.337381094244714,0.5639631802164972,0.6916221893219006,-0.9080000680162112
-0.4127963467011022,-1.9424484087014304,1.9192348292299268,-0.29631207403054494,-1.651221544375302,-0.25608032258220853,0.17148284821318605,-0.6597995493200782,-0.8569571977974678,-1.1133216783844802,1.2482787889555915,2.309272655109841,0.17557006057976382,1.1599268208502924
1.8536470789746904,-0.05943236020567346,1.1088504071845002,-0.07361563912418934,-2.535910734756243,-0.3753605039610378,-0.41795450629937486,0.7200169790599228,-2.2468357796900906,-0.043693899015438076,2.248816330705564,0.7046604486880439,-0.9066193094606287,-1.9685782639774323
-0.14426089971404907,1.3050132240023755,0.3360980057547619,-1.1968409759592684,0.9595694192882167,-0.479026797227679,1.5142154900481433,0.9113761040703089,0.031257996647985745,-1.263033465948807,-0.40775337545015466,-1.2868250001955805,1.421841184176852,0.44261096381917453
1.2794128501922541,-0.864077796352733,-1.5579324358747717,1.51737841937877,0.09200482092380244,0.040837460000113984,-2.069411606802317,-0.42427985367126,3.814372719332046,-1.5450611292304983,0.9593808995928533,3.214456528425322,-1.2088477882104403,-1.5129650822989333
-0.09688540257499095,-0.4021888978915738,-0.02730614863751621,0.08533441169821457,0.1690986207222271,0.0516409749413944,0.662716540412295,0.22331133033683417,0.9678182462998138,0.9586493297744249,0.17254619751068093,0.03970107993998741,0.17239708894234346,0.3118435734367095
0.17661284375599717,-0.7070980198560239,-0.345115740357049,-0.3618929231999346,-0.9937784968043311,-1.754009461367785,0.2514796471711789,-0.17202711678023958,1.588423547169041,1.038899423751228,-0.2777597388198644,1.3290160218632123,-0.48874157518055433,-0.16634487902215195
-0.005699524672644618,-1.2456665126013164,0.6841562295724537,-1.162222609084286,0.22537560732371706,1.6084057043852147,0.4383460151249992,-1.2370883355224178,-0.6340046138541471,1.054411326185801,-1.377420867192897,0.45556338058361767,0.8393006371340488,0.6688562330654192
1.4904914483423832,1.008472718302628,-0.5319620472380987,0.5088357505949331,-0.6363008325302664,0.7638857055616523,-1.0115852679029513,-2.6473529724626705,1.277143828640748,-0.6003624729654649,0.3981387709990607,-0.565387262243881,-2.3168410546707285,-0.9122812572564017
0.16771816869059858,2.481704672172701,0.5310020456712452,-2.472938357400243,1.5559867098676141,-0.8661804413665843,0.7641477170838866,-0.0871649484105983,-1.3754837802374185,-0.955353991445726,0.09786831867083282,2.0024750796594524,1.8754559701749818,-0.9645973037284671
0.5236132259644591,0.38352452727408853,-1.0555952153923032,-1.647468014504892,0.21488010316793546,1.5189718222488018,0.21485813563535394,0.5709916339425418,-0.694850634986772,-0.523395424875011,-0.5807722563850821,0.39730484466464383,0.5725898178105618,0.7664722192205919
0.1305075223628459,1.542618352675385,-0.3929653777459559,-0.1523780881189112,-0.6127567883573559,-0.17253356430334268,-1.0278171811284043,-2.3125425060595637,1.5770896774557122,-0.21216720716400175,0.4900251838541757,-0.23799913390886487,-1.6629163488850696,-1.0331246422859677
-0.43843109293081295,-0.6665417575695521,0.6095187780580941,0.5462833353071883,0.041908333586094096,0.6182935993880853,1.538607028927702,0.4066183091402495,-1.9066723893452304,-3.036479157129853,0.5490109417747066,-1.65622664491728,2.4136135526724667,0.9022282361603681
-0.2516670720834808,0.09214748422878426,1.3033671706908154,-0.629554710513317,0.19525077292211304,1.6801092794967245,0.6712841028439416,-0.27024490723975636,-1.0556771204794906,0.012628551365794573,-0.8444296773709784,-0.3557777220040217,0.2829502381125316,0.6208586765205298
-0.5711676600526769,-1.183332948748211,0.03023141706012159,0.7534104810866199,2.4918200461233275,0.10725506669850629,1.5046067669988645,-1.004272634024875,0.8924495991007818,-0.5227743095382249,-0.31916163799395714,-0.3509491905792827,-0.13421319291279682,1.7756994550065168
-1.9128198659841151,0.5932350900809308,0.43356958612878793,-0.11790531710908549,0.06711665510322157,-1.0358565179336043,2.4286872210050046,1.8892023305993648,1.3223165670958494,0.46686713317341216,-1.894737049685467,-0.8375035468647566,-0.6895307810860789,1.6456220225287708
1.069958140003526,0.2877222956455148,-0.6139591113426952,0.9544602732820134,0.6904951092848539,-0.42205722821204933,0.16147326063727563,0.2926760735631579,-0.032761447566439575,-1.308014415778078,0.6323781129517432,0.3048555959739943,-0.5076617415448605,0.5720308993329599
0.21818291492602498,0.5737225176693701,0.56722360068595,-0.3146108187427661,-0.02877567918200332,0.7072138470189638,-0.6847180655297753,1.7907500742183804,-1.665395726518227,-1.118392297515039,-0.16148076153736562,0.8856865533299798,0.8363413096776843,0.5978136654197583
-0.03333101600546497,-0.353665677992879,-2.3204792557583565,0.4539162297111048,0.3037013264892397,0.4009622064201374,0.2738246351813862,-0.193668666506364,-0.4658573910740702,-0.37971202019136896,-0.22621122078270692,0.6472672249269368,-0.8834504581780359,0.34393686546614455
0.2372030974788128,-1.190404068471531,-2.456611739928934,-1.2183163394748049,-0.422370705997045,0.30961433281621986,-1.4714178649213638,0.8270217516072055,0.07343389031817427,-1.5672177442740225,0.13388745353454665,-0.9843173839357525,1.6569819310331888,0.6995039027920928
-1.8240225762570579,-1.284630236157079,-0.1063205211600516,1.527317741211743,-1.0720084242206633,0.8076943477519269,0.3795002371963774,0.6443312401133293,-0.12144474028834747,-1.1402165249138383,1.9155881276849491,-0.2505345312303081,-0.12909658647391548,0.9242943840116564
-0.5809513195256564,0.3322572293191452,-0.22180029691523098,1.0810914230877948,0.5973924145548377,1.1449326728711178,0.1900069286451486,1.1923200841615351,1.1807258441394284,-0.2521658720912644,-1.7833608302205095,-1.1380492159243245,-0.28684233333909775,0.6036012412855181
0.5478903314875662,-0.8135720822491789,-1.2169497943376728,-0.7958766490602303,0.8057076579798322,0.033735591686584285,-0.06964787854463625,-0.4696245840377671,-0.7570100033596286,1.5332428427531772,-2.7529561489598504,-0.729171626753373,-0.49844107775968133,-0.6255085984748301
-0.19519244405807856,-1.3483625529961327,-0.08657274522354977,-1.54383901027771,-1.1556628916741147,-0.22367882244092926,-1.6860960383210548,0.19072526100297085,-0.8747199117543691,1.169006716824832,0.3998524263467378,-0.4019408775976735,1.5367989031313356,1.4773663225313702
0.1681989453087102,1.599831090152444,-2.382960945050773,-0.8598529670774945,-0.7192753399012661,1.6866421395523608,0.34347346903708603,0.7293588273696445,0.09364087561952966,-0.051094629341969094,-2.050777474589347,2.799209974253752,-1.374254894470192,0.2540892721560759
-0.18770034360841042,1.9752767526579669,0.7978548627359667,1.0147855550393436,1.162207225056606,-0.10151942878439267,0.45058145454822923,0.8839971097978544,1.133112987223676,0.34149653363871224,-0.006985884386454547,0.6606515298242156,-0.6965404597615175,0.24278170407502164
1.3289548068517032,0.7915413875539754,-2.663722020856412,0.3448794354606459,0.7101599239663302,-2.1558194596255507,-1.1186392893563404,0.2097012922301357,-0.5653520743250819,-0.6202827069002764,0.5049259804381188,-2.123217285611294,-0.44345715740371855,1.671487507960725
-0.005592374619698644,1.2139470875724772,-0.351256864578778,0.04676181003744054,-0.13610472195883536,-0.8208485266802442,2.638140516912807,1.4230420719453076,-1.4204274950218414,-2.2399194065109302,0.45971940315479753,-2.0984086030249474,0.9706005709681464,-0.8864804704875017
-1.0920168472293859,-1.1382540204651899,-2.5755459218514227,-0.8890579475035434,-1.038348095730011,0.23181595499811317,0.020228394015419385,-0.12616314569701065,1.2906573446772196,0.744658867840562,-0.36844174386770234,0.10183641220157588,0.3339644516715098,0.4278020695784259
0.5196476841846772,-0.5077216204651264,-0.5683063678815958,0.14659239551118072,0.40656826383357497,-1.1225876105114914,-1.3349551462833873,0.15564795086671274,1.454516920995835,1.1768562483553755,-0.2792264683275293,0.5030242218905746,-0.6486756115045647,-0.004080689643907806
-0.2156000897217148,0.317225124525742,0.8411803152479258,-1.3880982772557937,-1.6442670975773617,-1.7017797643357346,-0.2916059740340281,-0.47456392522546464,-0.6022812975141503,0.5525050229774697,2.673390146003936,0.63950318969558,3.5294203056388027,-0.489055896566859
-0.4372345959219986,-0.8636525918607936,1.6631003531665567,1.5473722812277984,0.8883167719312504,1.0631139096931377,-1.039106133984513,-0.23563869256931863,1.4130744718811652,-0.6068227770781638,-2.873524373728858,-0.3922926375118307,-0.5910314901296216,4.548218119476598
-0.7810271169600108,1.434789327750578,0.7550281959025661,-1.633157244340865,0.09457344650156188,0.6771621585010306,-0.20729085561597427,-1.3301342302398536,0.7048570266115858,2.0328190671342146,-0.9182393651488006,-1.0068119320439743,-0.061542509542453654,-0.557107231550219
-0.1831576995006614,0.5212838979772357,-0.1638719581614709,-1.3143998855396775,-0.6458274158578414,-0.9692016402887932,-1.2460951631197081,0.4055060695175541,-0.4043267873941543,-0.6356267248328563,1.3405777238652896,0.48375888524365807,0.41057660515641814,-0.6027512723001331
1.3194239147447553,-1.033723248305378,-1.0203805507405415,0.637258696816013,-0.5536580416065204,-0.43764026027369307,-1.535404549626238,-0.9273871853163534,0.43147415841336645,0.5149418539619598,-0.008979260819356044,-0.6845393370858616,-0.6613408890710789,0.5401787859237943
-1.3339630564747345,-1.2423839858286263,0.37670884373505836,-0.9229823041261898,1.063124424839422,0.7855216455732151,-0.2918147525324547,-1.6508386694964434,0.41225884576868876,1.1609967046439726,-1.3267481218875599,-0.006905682438341826,0.49816429049262817,1.462765128277549
0.5786752735628495,1.1673692862018237,0.6479857194632455,0.7612878789323536,0.18465753776652627,-0.49561283949151275,-0.12011147959283189,0.7612070083735476,-1.7626522654718562,-1.8677767102765963,0.47662945720284944,0.4556680972510315,-0.20033047732069925,0.3950236750695873
1.0963685478235121,0.3496774636214106,-0.9524783354182478,0.9982254143505125,-1.506083836719041,0.7840508501581621,-0.011851585135911585,-1.6409517690769917,0.5005752530147359,1.1642076240312118,-0.44333642459921174,0.836803579066886,-2.569502010442902,-0.30285761879058315
-0.12518265071439255,-0.6300546594635255,0.11372350770982112,1.9725200674027297,-0.9350252692597534,0.1059110560665984,-1.5453109323286098,-1.0691557690021827,0.05085226860272668,0.9899211723360656,1.4888347411686658,2.7257513601710093,-1.8295152975192865,-1.8659477807998244
1.2498368991128819,-0.1615956168416343,2.9580188837754546,-0.4646396302175665,-0.0897346925280823,-0.5622189130980931,-1.2779038456851963,-1.2604627995351017,-1.8001399045554398,-1.0599534289151853,0.30572411611115,1.2205848779920587,-1.231252445692248,0.6757089289724141
-0.3733544430106234,-0.3179673208479916,0.23538355640166167,0.922803541853148,1.5427883427870204,-1.1936810132663995,0.9367913464823558,-0.7214735105594366,1.0898130215174038,0.5017857092542076,0.4304865946988352,-1.202699213054546,-0.6794845144778852,0.32242900681325865
0.16857368245991083,0.4117380372666148,-1.5931781211069018,0.16394304123443226,0.08579572959862283,-0.43084138255293747,-1.0965426709432513,0.4570149690953337,1.02882398903224,0.7427875560804836,-1.7601440039864975,1.2519014402104605,0.5652384043113129,-0.37381918269202863
1.7326778819146145,-0.8762011702365046,1.3899448448352076,0.404334090117484,0.8256151424963991,0.0832203219129768,-1.4639683866361928,-1.7641552489115164,0.7739877717541047,-0.22706775785577246,0.691688309577788,-0.2322501478503483,-0.10206322127465639,0.7443601769352188
0.06826719016604797,1.6304862856044058,1.8883253045738742,1.4743077352994258,-0.3868938016582635,0.1851964662324607,0.6154952680816324,1.0108058989370834,-0.6715264211605086,-0.6699720481635512,1.477937063564587,-0.915972387136318,-2.061803494000517,1.5008264811041558
0.24731277398110013,-1.8325933929588631,-1.7463200088324873,0.1637682332362378,-0.014978576248441115,-2.0893899683339603,-0.7063388999422844,-0.485769509445928,2.6301747012802172,0.5373161154655535,-1.060288702921098,4.035522555297989,-0.38568551172833193,0.4967849385508087
-1.658092716880347,1.4692225321065895,0.5343145036071134,-1.2587846371949356,1.3504184440237847,0.05291962682606759,3.0861561770604737,2.7937122371520258,-1.0628734885172406,0.8055136234301421,-2.0570139285505578,0.5078863995093958,-0.5306865921769613,2.860839682194423
-2.3693577781854542,-0.48899588537600847,1.7121247316469275,0.11489899401773976,-0.175074284493936,-1.4212470198946492,3.1482856751683803,2.5899165290821884,0.6027007205954913,1.057895498249893,-1.6863587064204153,-0.12007515102366141,-2.8601840111019547,-1.5280407443186805
1.9354067031443494,0.7373489720827358,1.610701782948021,-0.5267893531928862,1.3335198490076507,-0.2656029052795622,-1.5220161154886342,1.3254362683641023,-0.9267685692057352,0.5982616319558257,-0.08199735200163287,2.06275285674221,0.3026333634153853,-1.700724188912171
-1.216252380795503,2.2009735807900235,0.20318108055479583,0.7708763705344039,0.2847542428919531,-1.7613490581867297,0.5728193921425087,-0.6346402092916903,2.12421098673222,1.4165480884718475,-1.3934789034905277,-0.42062060338730967,-2.116369401427197,0.743241670396662
0.4217366761898541,-0.9599764682788757,1.0539508412286376,0.31337805308315003,-0.4129578440734731,0.322014424434494,-1.4633546190543172,-1.4772720721424943,-0.07490111446006119,1.6978145219469478,-0.4068526175772471,0.8303328837330414,0.47712205775612204,0.22334740274150885
-0.0883140560884133,0.06337131845300517,-0.2838033228263887,-0.21043652099197835,-0.06052717462860365,-1.922416309311031,-1.0346492103299911,-1.6517044217110737,1.4451730551845212,0.9599317293058691,-0.2050277173176526,-0.06531497130365069,-0.4024886095996169,-0.6472965324962822
-0.00954685274241978,0.22256544819961938,-1.6069319493632566,-0.224686624954194,-0.780543732195779,0.6908227234540761,0.3330719022742563,-0.621901993066199,1.5511019327197544,0.2521172324648901,0.6172637784141827,-0.21990213060767266,-0.32413408963611084,1.547053598857484
-1.356406316388395,-1.1206227544834828,-0.23800678565407843,1.2582079090041784,-0.0010438918303265834,2.547103153392289,0.5969603624142299,1.2373938026753186,0.2338698897902691,-1.251339794097698,0.06557027828909714,-1.0088021876916788,0.326050410960717,2.1237448943125012
-0.6916899330455911,0.3366065564902219,0.8490117230266399,0.9765710225643343,-0.787834385635135,-0.19869734082815202,0.06525180377100127,-1.201258596037111,0.015473437380688307,-0.21172532599656507,0.7528499585903091,-0.09122454477053377,-0.6966291266135258,-0.23832169502573813
0.3482323074234788,-0.49926006630266606,-1.0080389102789606,0.334115630336122,0.6293669555726257,-0.431311193554127,0.5625572791771882,0.27986007029349347,0.19460999983727936,-0.0716333450344105,-0.6729022904725308,0.09789772395199055,-0.6560762166176186,-0.2633923790855669
-1.2758529445272846,0.04727705587131492,1.0304419898234412,-0.4366196036355018,0.7362414272612219,-0.6512174086194188,-0.23498674037466077,0.5829951423280708,2.199046165918826,1.3397591628058745,-1.5787921066463015,-0.2445823536209278,-2.701443978878539,0.5112572941429606
0.3690773304841055,0.6601062586305679,0.6652798458762779,-0.4852234608187377,0.5193184973419528,-0.8405812211966324,2.0188844105029276,1.549080125253028,-1.4609302030419755,0.03373079898783811,-1.7401985984328414,0.8211243332830283,0.5718142863148529,-1.9142890209176338
-0.25606726620703224,0.8299178217377311,-0.3515316101562305,-0.21999476121650394,-0.6646119191838109,-0.7127643828256923,-0.12488266962855119,1.5030038452359817,-1.104436003657952,0.3320321228375402,1.1242498057039327,0.14830622968487936,0.37946737438050804,-0.4433147923876031
-0.33168763358892495,-0.8649299350435015,-0.016180388927988062,0.07689082499967757,0.07629026483728382,-0.06057238640946908,1.2924742085268113,-0.9551933807583276,1.084043042530658,1.2582012917701797,-0.9050032238016246,-1.2956221783613202,-0.25048990787082853,-0.051626984067692706
-1.9130095810340895,-0.14883181493764874,2.085418310783478,0.7309073746903796,-0.8471042918615593,-0.777871411006793,-0.18666841426565461,0.5065238446218567,-0.04971437735308744,-1.6268542538186392,1.8403985154689182,0.6989211531541846,-1.241103183664103,0.32521418200433844
2.298830979930009,-0.08263115562947015,0.2065171067165891,-0.5171805118108492,1.3501606997015678,-2.0792257727646133,-1.3822587253334135,-2.1398932327860516,-0.4875741342762856,0.6948586255589126,1.7062824267316838,3.0868184191674515,-1.171578830382495,-2.471577202891118
-0.5025738123583987,-1.002431588093717,0.7180272342016422,-0.5165469540975288,-0.36233009226371005,0.4035721500398207,0.39339388956271554,-1.6034189711238436,0.20244130475379454,-1.6445869414263445,0.20297553775509045,-0.8599000139492182,-1.159052721316718,0.5116721678370334
0.8052317070990895,-0.8035751682191588,1.0469132441418412,-0.5666382096799246,-0.15023511258201144,0.34839031991620506,-1.4397069580388573,-0.5698703401736742,-0.5858250701736031,-0.8931107338244362,-0.9544022431638642,1.6385510443090519,0.742437923647179,0.42921633114116
0.07482153118242373,-0.6151462145772486,0.10790580227327883,-1.9538299878060497,-0.0021752971584972566,2.578538848275797,-1.4505932202372243,0.04333649574493183,-0.9274836266438345,-0.5124597259730941,1.3015832465231199,0.1625025550758147,0.7447335700643468,1.1424393753304347
1.3301159390435333,0.6300679789018103,-0.3667261886219897,-0.9427019353519727,0.9354357064712908,-0.9820969523655667,-1.8775151971520496,-2.0256551493632573,0.43151248869660497,0.6415751117406882,-0.1253800817673419,1.6068259566104015,0.07296441657199669,-1.1423974880031371
-0.41899336524101066,-1.5562708302194506,0.3995528013773009,1.150681474099534,-0.8588598252424484,-1.8407078445207996,0.5608632872995458,-0.3591864740278063,0.6352541095779413,-1.2657150340293037,1.3779012256542098,0.46684400410698507,-0.49067142114577206,-0.6029904271533146
-0.08627300300722798,-0.5917828736941868,0.725658107860509,-0.47602395099340644,0.46351989281513056,-2.26929093715686,0.26358632827210066,-0.26473218058642844,0.895911506702713,-0.09847650331385085,-0.0746809032577621,-0.24756232449111537,-0.08653377204791524,-1.1361551511186765
-0.6166411622650044,-0.9159585366400544,-0.9780307440969922,1.3966822205110596,0.9265552169282072,0.8589331265736976,0.09994802828144947,-0.9446174758183298,-1.1046934358970917,-1.4160261615454308,0.3784974248689186,0.5298044467598906,0.0712118074962824,-0.7859337446470076
0.5882818004412357,0.7938570810959457,0.38552911417845726,-0.3868100758873857,-0.860512151460444,0.3926890815227865,1.1601348134370741,2.10282071070263,-2.5199413309020415,-1.211928586539835,0.6821751705127959,-1.5157704389597884,1.099294497639121,1.9793494835812362
0.5472898512625859,0.7867029655568957,0.9595822386453209,2.040159846780226,0.1331427373012633,-0.24832533789659125,0.3212127841606889,0.6441268335332371,1.461017359937775,2.8956222896153254,-0.07065824621168257,2.4957843823903487,0.17703279657245238,3.330597555627027
-1.2737218917271609,1.2231909326958872,-0.604689610768176,0.17466903073136025,0.6789514367745024,2.359927249746326,1.0773638033786632,0.328900194820981,-1.8121382912652366,-0.5954489081371186,-1.9166882141000665,0.9558828444782805,0.09078391508194156,1.8804929981533733
0.6781568321861585,-0.1406749649643314,0.43841436039630494,0.4346716805149078,0.8929336570987926,0.946492407243741,-0.32922944942631366,0.6613218576253265,0.3541249121657316,-0.5542045170474716,1.7694063849142874,0.0924153372767055,-0.05168332549387996,0.5935115004811297
0.44468615533567374,0.5147593541036641,-1.6237513572656153,-0.6926366108932187,0.9856061277145252,2.2435374275329143,0.9526645722522522,2.624468249387009,0.0037279174911630172,-0.9070932034450705,0.018419317148564568,0.21282598922380816,2.362942575615614,1.70394721212147
-0.07869480132772012,-1.6214940194678635,0.10680143871101419,1.5734203643810876,0.6980395204442005,-0.49464627737889855,0.05349296789759644,-0.5101126931975196,0.19920773950451756,-1.6040695742043218,0.15709403970506272,0.17321094116545618,-0.7921126602462193,0.8777226696471309
-0.45336892141508145,-0.032346922983481734,-0.8770021797220855,-1.0042031614044926,0.2134264622117168,-0.9256339052144246,1.2809323500165088,1.5678868017225565,-1.159066370736504,-0.11728499652035866,-2.272517470197952,-0.09012647135649098,0.26518325858277414,-2.7662552073809783
-1.346273179969164,1.4840553235241518,-0.597526724859217,-0.46166361608692763,-1.3529036982693494,-0.49294192069313053,2.826893802947536,1.4728751619462601,-0.060464637651662226,-0.965714249396471,0.6819437345815312,-0.7711006486603145,0.26623975124910393,-0.4457414406793358
0.3674295714824669,-0.4096599314446431,0.9222779250376598,0.35885527446662346,0.9235097722778567,0.9049882099666261,0.1998715462798699,1.364246734840945,-0.5462536644740255,-0.7260604114534324,-1.6952715397103075,0.43766929260099174,0.10622332907667989,0.16333991601236256
1.697687991438305,-1.2019306669997347,-0.6682304719749643,-2.047174753622338,-1.093898952449168,-1.0318281894533359,-2.806182141121541,-0.8299343349903361,0.5951726063814015,2.4541047711217123,0.13255446739555748,-2.4259799737008545,-1.5843964724009647,0.8401847629501994
0.6980185485517983,-0.03469010652752736,0.901734025325799,-0.30254927440099466,0.4418141849988088,1.945461360320742,-0.5777026082428312,2.9037403993900304,-2.5454772229130085,-1.503755871117095,2.1387680598249874,-0.8790693004641031,0.5559458921329984,-1.8409658126428905
-0.21131851259817808,-0.3156425798555483,-1.118753727363499,-0.6150752456813928,0.6793368546133359,-0.9063247000847569,0.44822134150276594,-0.34284262560172124,0.26631946804590667,0.34761838967580316,-1.1527940645372265,-0.6429383496194239,-0.015305094688085864,-1.1116698867532082
1.9321733125220593,-0.35758859860209424,1.5674677245698152,-0.40030212536137144,-1.0554007018358817,-1.0063247310675945,-0.6360485551066448,1.2073826890811876,-2.6201168627903195,-0.5540278382351066,0.702344750337314,2.862086571976834,-1.336629530308737,1.088190596974805
1.1307170728924734,-0.018209470876679665,-1.277745243814866,-0.35798360801053586,1.4895860532793932,-0.31037116622459326,-2.3092116794180897,0.6576198389387874,0.7881143441325072,1.2361050067539068,-1.7033091889239567,0.4612539118822683,1.4617435936854262,-1.0759943532482525
-0.32235608709108227,-0.22561876817824034,0.07562506948473936,-1.2668448516120925,1.3780552590887276,0.5438261110586359,0.4407613342273888,0.5574156315041326,-1.0182138579094955,1.5219042981091642,-2.6171719547752392,0.08803518709794225,1.0785170633683614,-1.605104737664205
0.060608013615365344,-2.9306206055214323,-0.6179166755527498,0.20152694839345406,-0.4065464563147585,0.9651528378610146,0.5072296376505975,-2.080282305177596,1.9019225343897972,0.5862257721421021,-0.7826851793414834,-2.311315616459747,-0.655567684008346,1.8991591836196617
0.08774403907257043,0.20946312961421962,-0.5995063162827075,0.3310745808636333,1.3539006629835006,-4.216505799849254,-0.5252461355350897,0.6383119041716934,-0.2681383778786611,-0.9672794819874656,0.4019405958209116,2.853097053975231,-2.5920594252626703,-2.4433984584835113
1.4464649530273122,-0.34991801502708525,-2.4129111139618242,-0.08850894192243412,0.6219874051321759,0.15280556573698947,-1.5118493505473491,-0.9906267897856577,1.39281286258987,0.24982488849461437,-1.6926507153719188,0.6229746379490748,1.6658766909415847,-2.4154827866849895
-0.052965799149734406,-0.025708810466421678,-0.05335541987073278,-2.072993121523734,1.64668257984006,-1.3305051829312753,1.6857536198842784,0.9767025636647505,-0.1960040869054193,0.14805891554001752,1.5268410852586964,-4.73532842193408,0.8877901325495178,0.1618230803940687
0.8276032264057052,1.153812373266405,-1.700767138485045,0.33144869371728736,-0.19663098407082788,0.24517628002232966,0.9668205725933601,0.7695491639752841,0.6348158214907772,-1.3283583024262875,0.5138410349092742,0.24076221410963675,-1.0586868220051149,0.9548308881909832
-2.5160015997479808,-1.660460444378621,0.9450938198244283,0.6731038998177111,1.3308904395340109,-0.7719023496655828,0.5851999678390825,0.7383621583586686,0.4141052132044232,0.3420895325861776,-1.9486990199484533,-2.2479920948394367,-2.587754644608953,-2.2006561921042738
-0.8371543523230397,-1.4218281548941534,0.7469011245719744,-0.11818790136123321,-0.3831174882895548,-0.15957685951380807,0.5503677339618138,0.8561872399300068,-1.41158113918356,-1.0117379256781343,-0.1116454402383207,-0.07844847354045677,0.8355676007793926,0.12334934712905046
-0.7984949037918885,0.26378952611025547,1.4234888158050518,1.009363786555992,-1.9406487015182703,-0.3170522329120351,1.2374571188528196,1.401573498886659,-1.53459998447681,-1.73084329211168,0.7949729561447061,-1.0400353350104756,0.4523902093994207,-0.9237264295727479
1.1232892935891496,0.9477821053270598,0.38139149826145496,-1.5769874880118324,-0.7956360695212384,0.9407240408663654,0.6541898948897287,2.928937803271589,-0.6085151488307218,0.35841294176476995,0.8160260953482873,-0.9594920969290656,1.7075013472019143,1.1403272162555924
-0.9712094025100249,-2.021213464304671,-1.4018211704653296,-1.1239789946832448,-0.6925764844513613,-1.3204266227896229,0.013722807322480705,-0.5891526696088064,-0.0786637400803816,0.8311249570899237,0.9620215780963649,0.21177446443741188,0.0533682558006802,0.5861919936388647
-0.635723152939881,0.11575860918379141,-0.5253634575989681,0.3961194753891677,-0.6542076040726063,-0.45389188864101093,0.07881760383374435,0.29635090904576544,1.3582832588400582,0.9495484972851906,0.6394073546821664,0.03757951192359489,-0.39387586704704197,-0.16713022513822076
1.0640242792790426,-0.1739877814336741,-0.07491221433659742,-0.18095231319469599,-0.6531486129758384,-1.464841853815704,-0.5992261375170591,-0.9988523456979795,-0.8935725326390925,-0.2448457507540228,-0.8833133182467071,1.4305319746723788,-0.07335864807637271,-1.5145862297961246
-1.2888893529429726,0.7631596470544121,0.801058822696563,1.0703617196207127,1.0666455450797225,-1.3243714881677375,0.9145625419413426,1.2964347538456678,-0.3186194371793536,0.9088422676889156,0.6959113454409092,-1.6868296115346715,0.28217121852762833,0.4617459639354939
-0.17193440368376633,0.010673681553127229,0.6967905721522962,-1.5005476195436722,-0.7892866796213424,1.0810509349958337,0.05909926197611415,-1.3301989421228395,-0.7995205489537156,2.3031749416282112,-0.049217476543176784,-1.3231134209000348,-0.8939582092564526,-0.09133481324617636
-1.260630620370473,-0.9910776911617054,-1.7877946708522112,-1.1861529823668902,-0.4055480867350988,0.11756761188496952,1.968029244757217,0.5734910555200847,-0.3672161962615764,1.0077737159601683,1.4420411878894448,-1.4688723072207492,1.4539303895369504,0.8130362793293968
1.103234456929684,-0.4279941647313008,0.5594299957449492,0.42956991395293576,0.20263351633526425,-1.4000067610678228,-0.4062549456825635,-0.5492847975797214,0.3454756653341331,-1.6412420481842562,0.9315117641493463,0.22510494274110704,0.8351171437787471,-0.9017803484408256
1.5177924283957522,-0.2785472615287241,0.27038544030173317,-0.609206836502985,0.9016566240999196,-0.13213621884030272,-0.2643168174568483,-1.2105000211628032,-0.2404691470197743,-1.3442654282748003,-0.12489698828342966,0.42647197671962217,0.7546243823979126,-0.47849106774533906
-0.10955126590699138,-1.0194837908452064,-2.061482978293855,0.2682972624953882,-0.18099426800013338,-2.155347555605331,-2.1554996587315474,0.5595554491889885,-0.6344261295675129,-0.48836845530497486,-0.052244885945948887,-1.7593279383392735,1.3540420617718645,-0.6331189432297343
-0.027447241501528757,-0.28238252464486796,1.7677233018968144,-0.5245526328975587,0.29378883135295863,-0.3535486049191046,0.8607598912749888,1.2065786767588924,-0.8481065403898052,0.7763056488908978,-1.1143198203388909,0.39691266464618524,0.5847537611402447,0.13188655939620142
-1.2921149168769637,0.3961051752741789,2.4945509845493916,-1.4114244164731136,-1.9958473885038162,1.8111849649442968,0.7485212304266755,0.17370067244509077,-2.4493686314898597,-1.133225835854242,2.0398765090812874,3.0666277446153756,3.023286530650725,1.4152582105309235
-0.23710395590744288,-1.3872382044269134,1.4961512312946514,1.340322914428493,1.1383156333180289,-0.5499910566030838,0.4441178756693837,-1.244924962924311,-0.4396083259859197,-0.3605654078842254,0.5214714554961999,-0.9205736862533701,-0.5065012770975771,1.157200534157847
1.0118370329527415,-0.9887773052573519,-0.9211898218666772,-2.0631971721606703,-1.276979686084807,-0.17626451757767894,0.008080773486332522,0.5135461626418131,0.11597018620770602,1.2300090204061642,-0.8036641178965919,0.9468812053795052,0.13050755823542184,-0.06822978234262392
-0.8750283952264852,1.0542631353408038,0.6739499255721094,0.031240287156676753,1.34289265141323,0.2799241346223861,1.5417947744978553,-0.22348774454017178,2.1716795728442593,1.2005872289276993,-0.6750217950898756,-0.6515550990195716,0.48217981618982736,0.8974366076743434
0.6886505736489991,0.4875349071253299,0.8659349886273945,-0.6078626836634455,-1.2360181923848683,0.11333039407456796,-1.581717846222299,0.7013456079137613,-0.3459931526381309,-0.018637388528016403,1.2126479968680026,0.7734396602739237,0.911135941008576,0.7270438228276347
1.1672200788812894,-1.2257122778489506,0.8800715496758719,0.4571309462588756,-0.2377155300394039,-1.2634057815093371,0.07517506466728163,-0.8463289691009499,0.8775191461726328,-0.37216536155824814,1.1650114136844087,1.0417030971555667,0.17851313765057555,-0.17619792096060016
-0.40800449539561345,2.3438517376025794,0.6134657170097231,-0.8061652028448211,-0.11344223919733723,-0.3455467834342522,2.326791273189517,2.496895265148242,-1.4582505705374136,-1.4715180834761286,-0.054923978948742236,-0.6700246345982095,0.729024314621068,-0.9095376794993897
-0.2822417841616796,0.349180404627708,-0.7053895934845588,0.21354802345589308,-0.4510664008567635,-0.896896569558409,0.094327364739656,-0.5184680852572227,0.639825469539711,1.09338375497085,-1.37154331063787,-0.5084223058407582,0.15929181669024295,-1.1299985021433228
-1.4304226281626342,-1.9474976107704698,-1.0507048940708401,-1.060259229873164,1.788206399775973,-0.2676346769876564,1.5592864802263848,0.7124056547805457,-0.7148010639974569,0.328432076397748,-2.1160632265368067,-3.1072475912488517,3.2546800364099386,-0.30429363312905716
0.5273285534225134,-1.261773871746782,0.053089450745720024,0.5280526626899523,1.1128275567008001,0.30875787161281204,0.6154899272897649,1.2552849250534348,0.4532816591739751,1.2629123336559875,-1.129178785139571,-0.811399740379646,0.2479702166655614,-0.18890184778978267
-0.8415044388528948,0.6898783358343279,-1.2215316580885573,0.5612161067005152,-0.6977337905011202,-0.9317871059719136,-0.5955323912504791,0.051216117247957105,-1.4472787290114189,-1.7114205657207302,-0.08575856900322666,-0.3287776513079851,-0.31136680688456864,0.5456696561205412
-0.7657195010187677,-0.2167939364101336,-0.1312385817450225,0.24637663802113272,-0.4566496149921551,1.6563829448528065,-1.5393086732046042,-1.1374222889284002,0.3796259974655567,0.8556583625218658,-1.5722823139055815,-0.02547918390603685,0.5882102216189962,0.9499392278713259
-1.6972539984078643,-0.3807596126676132,-0.7934120219584868,0.09253541876147908,0.10112526563189597,-2.869638595537817,-0.26003117455412067,0.17221685664264874,-0.8305441553364012,1.0554638764879436,-0.15439550625288614,-2.2526103047512773,2.2782969604452163,-0.5274284121105726
1.5245889187900428,0.914453704445909,-0.08237093295532198,-0.3713484043647233,1.1294175812374492,-1.2694792088512492,-1.1392245425101881,-0.7210793343901563,1.3384568755431598,-0.20193086119594914,-1.283454976439013,0.031928468774520005,2.7510566017784535,0.3146432624984637
-0.40642870327307873,0.1465318871922503,-0.3773342066066252,-1.010332255043958,0.11022402097667564,1.7180600125305392,-0.2137236719387557,0.09130276240443685,-0.48688802206771287,0.5612824773837087,-1.6571400615613594,0.13305530416625042,0.011796534749725404,0.878152444413158
-0.004783299228413716,0.6338907626078518,-0.38604371672214594,1.1902487884793649,-0.1233417356213587,-0.7610417052129368,0.856376620320827,0.18325495665870772,0.4181566391063226,-0.7416667184262447,-0.8686235442231476,-0.216434740018667,-0.7436479377958839,-1.2050422433367416
-0.3956688972668102,0.5433022138528962,-0.24180861830545486,1.1027483364057036,-0.46958937984380145,0.1240088256726617,1.2371442932470402,1.9985393794220498,2.190538569200122,1.080029559018218,0.07716365196551167,1.2866414222477782,-0.16741906649405122,1.339033374519679
0.27866417269561833,0.537206389476035,-0.9653062107926089,0.10963467084586989,0.9398060779223978,0.2836078563281273,-0.7632531695229594,-0.8075832607414476,1.02776910693215,0.27065670247532825,-0.7971768737102581,0.994481886771757,0.10742469530313428,-0.06304300188509536
0.12194766381134493,0.8496044262768336,0.1437492088781854,0.0003576581754213895,0.25820152958062625,-0.7957658552139851,-0.6220376655700777,0.10698833472577356,0.5246769951821175,-1.1439967347439328,-0.4186705568621435,-0.07325087148805555,-0.4330936656046009,0.1404478927601343
1.080894246434355,0.5424177763837265,-0.8868034026216878,0.7190640822022254,-0.5469299429617869,-0.8451924805934382,-0.0008329520046848962,0.37983942830139633,1.9594857215719388,1.6872094440590943,0.30999681185465,0.5732086045473589,-0.1308162917870509,0.14031758868572897
-0.5536112320593533,0.12920159359765046,0.48574885491709874,-1.2849676609032756,-0.16824732585282948,0.6697911886498112,0.44917971389563355,-0.7190534992882408,1.0231027006216642,1.7502237497784838,-3.260233029369136,-2.352851585670754,-0.3812405872703554,-0.3447289329557648
-0.044686125494208945,1.4947722872863287,-0.24573706157594735,0.28780156855473293,0.9447202823491819,0.6223974394161036,0.6345178440732735,2.313698159402622,-0.4116516537301792,-0.3081985693977747,0.28151498475364134,-0.0013021605798126373,0.07715931648154489,-0.060964914237735236
1.582289036628221,1.7486004176750733,0.15595885055149306,-0.27637590680525026,-0.6787139759135336,-0.09553208372850762,-1.3780024165032834,0.47143271453362484,-1.7533771064130454,-0.2457892627525339,0.4712496806377855,1.7404191391017787,0.7165086536696667,1.0100272240575379
0.6729184712684677,0.10667132323716652,0.46228588642765206,0.5073243344533729,-0.6470201430180889,-1.1985205693615264,-0.8110695365678628,1.5167101564672971,-0.7290367617693344,0.26066688531908927,0.4455934854799586,0.5375584796722982,0.07282574031647548,-0.8804357674183922
-0.09084085277511111,-0.005011415934762335,-0.7061163770172098,-1.4238970349384032,0.015330381547408924,-0.9922557382065018,1.0103488596327572,0.9928383798144185,-2.2064574395788594,0.5470024886376103,0.9595904386409709,0.13582760870613397,1.5465433481676565,0.8715570545358343
0.9499267227790912,0.6139818156313267,-0.7395737685812261,1.2166594948740885,0.03773783431850851,0.4244654195577109,-0.0175316583108866,0.4318107359366851,1.020798645406887,0.3264494357361989,1.5384959364853101,0.3628744075615267,-0.19262766198349596,1.249786703391817
0.668846735616995,2.33029556492469,0.21107795495010417,0.23723955898845947,1.0180856083901257,1.0332960959454445,1.1663129281343163,0.3735300502979474,-0.6988336787466144,-1.284201734655719,0.07552221461826875,0.40374308381195917,0.8131400456837728,1.0248331931283512
-1.7165118038840708,-0.5046783491487071,0.6609681666928388,-2.4380352140319226,-0.18266460129418913,-0.425431563308828,-0.859072267558475,0.6786084007360578,0.03375434621607963,0.847264282379168,0.06407175650725,-0.1337193070705009,-0.04207702084579871,0.7170097589865414
-0.912261820125886,-0.6439875883064677,-0.2693568922285787,0.6603974732991457,-0.16218628246233785,0.10793985113627584,3.1281360375812257,2.0762016889603085,0.4734899732069837,-1.0208612323060104,-1.75723406254243,0.21901561172239734,-1.3270400585602158,-1.9175919012213802
0.44452907865084135,-0.9853439906884818,0.7520793726738468,0.10571024825930536,0.2794493160980316,0.6333137487644183,-1.4230760707214247,-1.084725823566548,-0.32472102838748584,0.6019293034726435,-1.5772588337572266,0.4661141634696894,0.7998217046234223,-0.1790589799365504
-0.5366521391217794,0.38358454140412984,0.1932105572564945,0.4884373179125946,1.1898927377269062,0.5159708859362054,0.32760325425905873,0.8915398308112695,-0.8222503186177366,0.3919835527244092,-0.1659570905643793,-0.5501683150917573,0.003992559320203051,0.9301481303998412
-1.21433208652768,0.43052033658901734,0.7751474481329994,0.383274195863185,-1.293322114901264,-0.049289556224286823,0.7875755437640044,2.4071413943085282,-1.6429704271628292,-1.6455718788929783,1.6888327904530476,-1.3344503673674595,0.8059737130021741,-0.6260251632794431
0.3075098616054433,-0.8997295931823633,0.2961650462874607,-1.0343429570412608,-1.7518111499946463,-0.43287132432403513,0.5314076539340833,0.9234512492694673,-2.437200228208789,-0.10907239574107115,0.7520346037171719,1.8927052750300464,1.8941510023454715,1.5124244689372033
-0.21176866982708342,1.6736282754863792,0.9812314780398977,-2.1233476912421976,0.09946020802957567,0.4138649552475547,0.8745469754358457,0.9206289704145812,-0.5332807392862718,0.6982377091043549,0.5734810409905936,-0.1922885865149466,1.553307514157881,-0.4915199473161622
0.8824151653155875,1.3193688296486434,1.3798925935107094,0.14503821134252207,0.34947428102727707,0.6273209660678915,-0.21456257106706628,1.0525113901824241,0.5776836033258536,2.018981050951341,-2.7873482408897123,-3.397944619008767,0.9518833855591158,-0.8079625329001597
-1.4971489092810422,0.26035835793687706,-1.6378613131648254,0.6387162923539758,-1.0574447426808742,1.1477488676141048,1.1366073747396737,1.131256127140562,0.632187752125713,-0.007163478903376985,0.44457343487895373,-0.0072791010252736665,-0.5733888643307555,1.926885392081679
-0.044207506219298906,-1.9884769747449198,0.0974695013012539,2.181145442138824,-0.9451400263419278,-1.0874802093213551,-1.3745273350400495,-2.8625828569239418,1.295220233183384,0.581072010459722,0.2427228494342836,2.5255527583906696,-2.0987266589150853,0.08050071635379967
-1.5038826574059765,0.5608531116770211,0.06810321604159661,1.083167428068514,-1.2953101482893947,-0.1868420116854342,1.4530169597247182,-0.5403841878009876,0.46965997528183345,-0.10972306311950532,2.309116743014863,-0.40185704817054557,-2.1262111431924637,1.2855024676782756
-0.4699253559389754,0.13558880945524557,-0.23596833606942882,-0.015548505197991155,0.07246453363176175,-1.0817408289904962,1.7116094086627482,-0.47070829181599927,-0.3094859646770566,1.3569064692438277,-0.9678533627882344,-0.7619454038259645,0.03626020880873178,-0.9418921634720284
-0.5455237746959714,0.13961498863745447,-1.3470898013594572,1.8038041448309188,-2.5213348867159326,-0.22107890743657768,2.1765660562313967,1.3686807461624473,-1.0275316525974334,-0.25046696697996973,0.26489995702599,-0.4238886056667866,-0.8786166865587961,2.000476460606823
-0.3570825874301353,-1.9264407545697304,0.869160639073326,-0.04795676980014228,-0.22080196802313024,0.6587701267604724,0.5593914910108424,0.341166014398197,-0.15973892061714628,-0.5790797830130164,0.41199145864747544,0.286063319257282,-0.4536014537958292,0.8040668467978909
-1.9426413130758313,0.21149153822089586,1.2332681818428999,-0.18321760770321613,-1.1550227596291083,0.7762722652732457,2.5021036445984555,-0.4417321656341451,0.886850279581602,1.0316193053587346,-0.998679397030251,-2.2683216647083517,-1.078006580279915,-0.354736996324288
0.10932635181149429,-1.1431924322421874,-0.46036186790534905,0.7127871839593215,0.8206385154062042,1.5135230794934365,-0.4599547861133298,-1.904864634669885,0.7035889800310406,0.8640078192749628,-1.6819990086382086,-0.898781595752315,-0.8810804064742259,-0.0539917446452075
-0.3968063470087792,-0.11806472163868745,1.20180973879176,0.2034089890216234,-0.5372086665722318,-0.9636867378332609,1.0233275113348679,0.4797910214560592,-1.0072028445989727,0.07807397195401834,0.235597977877364,-0.7131747867708466,0.45064782371138234,-0.5385569477030131
1.1951527429375917,0.017396871449478858,1.0186053257803023,0.3575083390343633,1.619787596925051,1.7345158892869887,1.4539998616805117,0.4800832272394498,-0.7917215079471139,-1.0955540170313374,-0.7989977433674139,-0.14514972728555461,-0.38854637556206995,-0.5627734502184923
-1.2489037347563992,1.1313527046810632,1.1574685715182906,1.686735733524817,-0.465993039615029,0.09317314275197824,1.0093489635536153,-0.32730111433205994,0.5210345277490944,-0.5270851816897687,1.7027514553861394,-1.8824077727060313,-1.6270702154966334,0.5218152282963633
-0.6251916350953122,1.303896768204653,-1.2141233749167437,0.07036813038090495,-0.07006514007672107,0.18484571311906842,2.4128672752756333,3.26149920914416,0.5037324758058782,1.1306720914695882,0.5866904235386895,-0.6331565636436979,2.048539924880333,1.907347228988364
-0.17485376309016049,0.06291533496774912,0.48308127316101335,-2.6374637433784893,-0.5891168164029666,1.3431447619140526,-1.5515342318107745,0.34645666774039996,0.4232910905354307,1.9721430838961693,0.9840915079520328,-0.6334610449419794,-0.24453644149126302,0.6105988241279261
-0.7051026247555516,-0.10043102399133369,-0.9540252928617895,0.5531391405437438,-0.623561004930717,-2.2097257654150964,0.4659154864409196,1.3806770928939458,0.14493261620447287,0.4365263200073148,-0.033607143903095806,-0.308517535754983,-0.4084340716951596,-0.8703204923356483
-0.45788674373479993,1.2118966247554732,-0.7133962254461462,0.19274156158491848,-0.3955930153889612,0.6148987043272957,2.620329732481352,1.7711929038572443,-0.03906330192107492,-0.9446831182630157,1.3816650716795176,-1.3084450510013519,1.0035665540658454,1.5856595709809052
-0.8438442652789698,-1.0282632528427134,-1.590231798483456,0.10226929660275227,-1.1801734039716267,1.1252286196969177,2.5251666290397172,3.3795454582890216,1.648200345338228,0.9776670626216993,0.7298643218219725,-1.5990938780389856,4.530540400609954,2.8491918409374195
-1.2257389268420675,0.34322549755252285,-0.07234188642265217,1.9309055638793644,0.493753211493967,0.9560661472413315,2.6075914570069014,2.063828179631229,-0.27131041133421285,-2.3877201440725218,-0.7265523590486765,-0.2154890060943758,0.43510194159179927,-1.0560390909999688
0.8228781194889253,-0.7611345300765199,0.6035033311431179,-0.22617171979678802,-0.3206121132694547,-0.6234158021849369,-0.9275505422879893,-1.1078707393693508,2.1739667527639694,0.6636933820580606,0.5540878513504482,0.5333522763068727,-0.8031038916413025,0.4200208726088557
0.571426033666147,0.6994413829079904,1.7487347069075798,-1.2955859523438094,-0.030274508965105078,-0.966340692498832,1.3254368065700002,-0.23798572838973026,-1.2858830574922724,-0.24887985299194645,-0.7651022093126133,0.9312464205510854,1.205178090098693,-0.0014041222108458744
1.189193117120843,0.26185342549912877,-0.21306758100902945,1.1236836621686221,-1.124248626341469,-0.8503949445037174,-1.1126844706141632,-0.33100736247988166,-0.101584781102596,0.6660782998128482,-0.4587005155153475,0.6293262648074196,0.1228323804441463,-0.9039390627072766
0.19997361826970939,0.9905693315717135,-1.7715025666728312,-2.292734104935471,-1.25767869070435,0.7228305044585734,1.2052310471058658,2.4831383852011037,-0.9555897370673766,1.2967913077487263,-1.2096527950723492,2.7507530244406584,0.9628143219413736,3.7926628570795744
-0.005560267474056087,-0.8626678807336605,-1.0610742306245438,0.15404112846725793,-1.1741925515705065,0.4636849035488441,-0.6200857219837976,-0.7060240876607049,1.4460891305718286,-0.09463218172083056,-0.20645421378540862,0.7697507214308239,-0.8096786779739205,0.6183659273722447
-1.41453245856764,0.6694757355228419,-0.2684062656621361,0.21178053500272948,-0.9442606100353149,-1.844418192561427,0.23854615652731406,1.0361512618861113,-1.2930867683330378,-1.044992989125504,2.3371710532943797,-0.1425162002816591,-0.9805877651203002,-0.05868113235992383
0.45010389347081536,-0.5009521324486284,-2.3846247423237554,-0.959923320395116,0.6665978029808316,0.024751249860918215,-0.17434727684363258,-2.490288057418178,0.71396473905623,1.270782786719805,-1.2013376187046785,-0.7184474019811504,0.5816892272407336,-1.534428840364274
-0.6961304203936303,0.6062950889432698,0.3481494501506243,2.5409820957582436,-0.18004152859195627,-1.2392580281158692,-1.105240549557887,0.36994893732326717,0.4582170161870437,-2.8658388448767314,-1.52680637399003,-0.9661265067775693,0.3336720699650971,3.5699172826752066
0.22857682457341,1.3699439810414036,-0.7910076730317852,-2.0251288110766357,-2.106153492078022,-0.10249786539579844,1.554257135293292,-0.5306865660073826,-0.25266055922385267,0.1582727268834996,0.49574913605738835,-0.45116883934049457,2.048354809387418,0.8583234436365689
-1.1696120597498025,-0.4592955137785239,1.3579830178093606,0.22897635648078637,0.5172741461815755,-0.6961307544938037,0.6779410568180915,1.659282653942276,-0.41463764572961825,-1.481095794596129,-0.16555077357277437,0.042412419453506545,0.10729997402472635,-0.7504810745416486
-0.29172477727954926,-0.9880520600800318,-0.3469740758973399,0.09615208057432002,-1.2918835659627295,-0.839761118791553,1.2046028489135392,-0.825389670607573,1.6542962377850206,1.3358965819127462,-1.1249588648045405,-0.4997588338843155,-0.06742602949500268,-0.6382416199666415
1.2540854227196288,-1.357512435616734,1.0848729495951848,1.2266567616689923,0.5329693933630603,1.8860580499298116,-1.8862259086557445,-1.0439308207327684,-0.4466017976667903,-0.7486342113994309,-1.9502240832279472,0.9984283814760929,0.9316862057438717,-2.1503025788196153
0.7951998085855274,0.13635642170807985,-0.34581478137951654,-0.9598688072119921,1.6631177539786348,-0.759657841820391,-1.419309890758277,-0.7398131567018761,-0.7547188029112791,-0.8070546427390543,-0.6651380529391387,1.6562868558949078,1.944859852452912,-0.8371769492482177
1.2679760314386022,0.5022104606421581,-1.2268681423167818,0.1594631724426693,1.6687293148439595,-0.7608064172415846,-0.7254290872853828,-1.28270497699524,0.8090591176654427,0.6731448827988766,-1.4328081356902018,0.41850184980110705,0.9661577517314228,-0.3774187613066041
1.5288729996101564,0.43755847722546115,0.2675715364922054,-1.5317678458861967,0.48645556724108857,0.004241020925329747,-0.45092120837811517,0.44814363045155553,-0.789291797828967,0.4308863833665196,-0.10654102045810437,0.2979554794845606,1.694361107339527,0.8793398106775588
-1.3474627456047035,2.34579243612855,0.41640956953753877,0.665482445765941,-1.2678621955657507,0.9093639254217932,2.1432655652510495,0.35108436232658213,-0.9412571069968246,-1.4463938155240328,-1.0961945733372742,1.0213917837546895,-0.6767345930246612,0.4955656539457409
-0.9559622376503972,-2.734213192895938,0.1315349839596866,1.4179409982866904,-0.7748775165837849,-1.1731885389182979,0.9352741950686452,0.563218124167538,0.6169072459213534,-0.16685216015509605,0.9824756074141313,-0.36173182613547245,-0.7484762597172897,0.9842610611314464
0.19576329548365,-0.9861587468975679,3.2759216494640486,0.3725406841244303,-0.48666988915394255,0.8936894424792069,-0.6058089254712755,0.5350684342225344,-0.7878571621871454,-0.3434626456290105,-0.9010937167050648,1.2085847737935012,-2.4188853526074765,-0.35389514533347677
0.4956549858329593,-0.9071990585697658,-0.4736531276806902,0.3310919702539188,-0.7742041636982185,-1.9546502073796495,-0.4529246358891747,0.5537161317058632,-0.09389445229349538,-0.6415196443694118,-0.411520318132619,1.1118811875887722,-0.4032518838057302,-1.320426852817339
-0.44931019901009034,1.5998934476008972,0.08457325398426306,-0.47328969498985296,0.8999366548093402,0.7324164825777414,0.256651727342435,0.45574942632519894,-0.02784834876526833,1.4886513226306781,-0.16483632151548516,-0.3654955154083845,0.20413501305931817,0.44841029583097647
0.13776636698692268,-1.5897679792331507,1.513500606443705,1.0057221891893502,2.0652796155684334,-0.3719785639000901,1.1863185401100076,0.020126636045286042,-0.5915191006775599,0.5254038774000647,-0.7303730536202109,-2.12508541156767,-0.47703619640553124,0.33824478864431307
0.1831301811899072,-0.7759654501738381,0.48357690976239887,-1.8060165142471591,0.0022330773305580254,-0.466946627539249,-1.1221217482442452,1.4642841018607577,-0.9123071131410803,0.2595323355647624,-0.5503166702828287,0.3292648018744492,0.9798428191025017,0.7721366687594898
0.8778627475100446,2.1182933591723137,1.269819823948421,-0.6137133660342522,-1.036477205886384,0.6949915910473449,-1.151684033749053,0.45428253651389294,-1.9961965651721205,-0.7335474413267432,1.6744415956343393,1.9285904484858727,-0.9076394648016293,0.7341375518467687
1.2025663084947227,0.062397023104354826,1.6091662623366696,0.5008132036695262,1.2323285226034804,-0.5220945356015674,-2.38141381454679,-1.126753544505191,-0.2608817778368314,1.798361913559197,-4.178538698487804,-0.30325832761045474,1.2244340256671586,-2.235463462591391
-0.24950246957982736,-0.10300108650057549,-1.4550405169238019,0.7262668164585482,-0.6972749928153804,0.6116063121291189,0.596063722656506,-1.6048948784975137,1.1701797789608501,0.12483859684880781,-0.41299559547127096,0.1452252220184575,-1.9752264565336561,-0.34865919080733265
0.8924570113668026,0.21791606844326766,1.1204297518909918,0.48372000958355366,1.178761885004063,0.17473565530719673,-0.322463377371092,-0.10394455031397903,-1.9012774682551585,-0.8812455571731687,-0.6135410383303073,1.1897989470810983,0.07486007992458658,0.7877765522512541
0.6826482293288275,0.32822686445748306,-0.13048028885705387,0.1081162648319238,1.466938336677287,0.7754648062195225,0.7121374946869317,0.14855946208187873,0.5037146864684733,0.21734280630759095,0.6314814019463085,0.040563055636832684,-0.02003525672468199,0.7050742568458327
0.7618877333273569,-0.24772777987313477,1.9633746316206537,0.4504619024946622,-0.2167604712904085,-1.670962066229591,0.5449026426709961,1.1717825538634545,-1.0342122556039661,0.707364513811294,1.1066625879521907,1.8018635783378611,0.5983023066659088,-1.4865111997183618
0.16916190871695813,-1.4806312873284502,0.26970443330870864,0.43937590353353784,-1.1499632741198311,0.5944973430142644,-0.18587196777578524,-1.7504389045580444,0.507647707492332,-0.00295240718183494,-1.207320482441946,0.039081892010315034,-1.1521268559965006,-0.07742025853634955
-0.6349748496781935,0.6028458404693878,0.07118277708938071,-1.1112461498659085,-1.1171177452008472,-1.1444655518224758,-1.4661944772022493,0.7533891607753885,-2.1539245264519398,0.4039493106803967,-0.6650950798727722,-0.29222744552119734,1.318079209444989,-1.7811715580933458
1.0817819714008834,0.2990623909971082,-1.6664338106071235,0.1993623824865633,-0.8038421683428463,-0.8146883821977383,-0.5331772108000747,-1.6217231069766131,2.4622896260707354,0.3001668493755301,-0.5108836683120415,2.0165028424358957,-0.4041000890456085,-1.0983444437554233
1.1898546036541102,-0.3906885839957565,-0.18539754352568832,0.5350093324860039,-1.382786106430736,-0.2374073876755953,-1.6505513438777202,-0.029829256360773937,1.9522607378134877,2.6054842213937324,-0.26839106400188184,1.2166363257705897,-2.3811720959287492,-0.6677353828689186
1.3579701289816728,0.11860422600148135,-1.1582865366828827,-0.5547446744110779,1.6320921021997332,1.2555136565604539,-0.4744029186718201,-2.464202895637917,2.160490980118166,-0.39153184264503404,-1.2984185897577496,-0.2798696876152258,-0.49513335822775456,-2.859387219549834
0.3906931043225154,-0.6109205617343044,1.269289765674347,0.5217446332372493,-0.05056604704665991,-0.45132857204394644,0.6944823121248591,0.44739499693021817,-1.0338416675903985,0.6849998777900933,0.3124556490961635,0.1183576185255692,-0.046485176602991916,0.19367468705722155
-0.8855494759863892,0.32008952111327854,0.6531442214201268,-0.48247481620149624,0.5978692708933978,0.780343076749193,2.216264498730857,0.6895540496127031,0.4963019782828546,-0.44030072504004253,-0.4143920380106918,-1.4034657439707656,-0.2430290629843176,0.7201471184218247
0.15944704073837895,-0.9418818096364324,-1.601785150213367,-0.3862588618398153,-0.8829205867580388,1.4780774971617505,1.1398544566828004,-2.0031886792404245,-0.9408144825236989,-0.7808087519582131,1.436757172586701,1.4180198796112093,1.8834463400555634,2.41194335475306
-0.600212518553496,0.6880816279862013,-0.016082758185144163,-0.8031053381320014,1.161109309279785,0.8896245822117205,0.9620444484107882,0.8643348733788139,0.6843873572896205,0.4391143577000213,0.6075251496037162,-0.7863285926825305,0.2519153574588432,1.1161226376289206
0.38386729176093803,-1.1045477733184956,1.6258397117137962,-1.4463254955156197,-1.1637877084614394,-0.5909787206124743,-0.8529610139999122,-2.0291155559490086,-0.8312170088159777,-1.4171014916867488,0.5845342286278267,1.029333987107204,0.9636707592973145,0.6663049991811825
-2.362858102092921,-1.041627336869541,0.6960355725257346,-0.6128397990186881,1.4065257592204097,1.1952916727779956,1.8589514241407181,1.2856037073740918,-0.20970021881667053,1.4107382639610975,-1.9814778559215367,-1.9460397704883132,0.9434674816749715,0.15117085264326707
1.478159304265053,0.42426831239955903,-0.12756918463556643,-1.2481582924160484,1.026505259017658,0.8669486538575585,-1.4029547961764595,1.9387321355306115,-0.21514207523933843,-0.8404649782641996,-1.372312342739927,-0.5432011245014599,0.9673510935982379,1.3151269957302612
0.16621373529998956,-0.639269064063147,-0.63201455455243,1.8306201164776232,-1.2392517765297701,-1.2958550422397326,-1.3404477934536467,-0.6625457825350309,1.172216091216953,1.2286971871217187,0.12750145367961277,1.253981310517248,-1.5336208094928288,-1.6757945960709528
1.1207016982652998,0.05424299569717736,0.004032090790880759,-0.37765817408774915,1.9031363561281511,-1.3934277158244694,-0.5865898740444171,-0.7293978400205924,-0.6104600082070561,0.059463560323795184,0.3425295368344369,1.5362091281609542,0.13081475656084435,-0.2932930603766749
-1.77599372717878,-0.47652824287066364,-1.8164626929704235,-0.18221585227017542,0.9388430855046384,-2.5789391215919895,1.730692760495317,1.1104820685957573,1.6539162791339417,1.2773173948982035,-0.7454406959053662,-2.374447697662358,2.3893778573317106,0.3577186328945455
0.7516391990430099,0.2432308477930574,1.4195573711540594,0.3371694494276988,-2.071004423914616,-1.7752797619320635,-1.1757062394029796,0.8401962634591748,-1.5315856434233779,-0.47092867704130487,0.2511262979690718,0.8987379925377307,-1.2910410657220248,-1.1846211269670697
0.5077401283994787,-0.9017876833738743,-0.5434261846479536,0.8704095594019899,-0.26571476118698895,0.17521190670958323,0.25099954019927806,-0.6979496355493151,-0.2341577361723378,1.4200895657999437,0.6992554314149064,0.33787270091171856,-0.6052651567902474,0.35922351926652446
0.27956126711313317,0.16959973189004948,0.31673567277480236,-0.7150582187029098,-0.544514476237912,0.26346386414034273,-0.9110799323811849,-0.2754205237844839,-0.34031828407840004,-0.6054599594345579,1.8825781112216724,0.9865918270963557,0.6048576516508472,-0.020593094444667226
-0.08573019269702331,-0.3278257038316528,0.10147132658493951,-1.2152106770110358,-0.053100224416326745,0.3082850386592671,-0.7715715285141043,0.17769920995411706,1.7125631426958587,1.263412163051514,1.0634412404853697,0.18852211491925938,0.8629300501792444,1.035989738357628
-1.1527068539847856,0.21222982036367502,1.2540964263528829,0.5103221336792673,-2.159906254364394,-1.3578900643562521,2.0426542759350386,2.1747944437354456,0.696552494299033,-1.5751678851270479,2.4273892164759485,1.8803527842572958,-4.746917940433075,-2.145491324382746
-2.2331926938021955,1.6065354395904026,-1.3456211228190744,3.223933810503604,-0.8205509814599687,-0.6842160764358458,2.5872924189563506,1.9948960799254811,-0.770663698725926,-4.081571283664967,1.8730038387482169,-0.37273125889965075,-2.9469183584979413,-3.744463242617844
-0.5775021113747132,-0.598856602990804,-0.8105934685693893,0.16169101025047422,-0.42219017688783333,1.7057315612505954,0.6882707685516687,0.012526091583538651,0.10143524050860434,0.013352141339536057,-1.2821021422810812,-0.012965167315114311,-0.5792314477263192,0.09314823683486463
0.5587535976095216,1.2239610458021482,1.3534161957378437,-1.2578759705191391,-1.6546379492298857,1.9048844565461494,0.006071115960040202,-0.6967617873075276,0.8049239750119054,0.9647824858546508,-0.6460360125307782,-1.0234099022130938,-0.2764038183060804,-2.4599392723308284
-0.15323291549210122,-1.6063547798794808,0.4331823121219457,0.5120359053215577,-0.46293086743585543,0.1473812524375649,-0.9793232286572517,-0.8082753553757271,-0.3116697558363388,0.3264644723260749,0.4570586440793054,0.6268142142422413,0.6410479053982444,0.37198415444183536
0.4317322969125269,0.18347653346057372,0.7595379017018088,-0.6306988285841606,-1.1753726529435162,0.3113340040728728,0.43063579365783267,-1.4519317151326896,0.5376534012001022,0.48949728058998426,0.14214373169219086,-1.0954761272340836,0.7345979932594806,-0.12493852691999742
0.33473066969621107,0.8621692951856823,0.7326149069715399,-0.3757241735669459,0.40362959261302456,0.4111512977418354,0.5324133228154848,0.4228571412329131,-0.8580708411163438,0.941230304596589,-0.3906866914660819,-0.06506633883535516,0.22885166509170718,0.33836453721003273
0.7599423487105263,0.7474013148615155,0.7275415901903775,-0.46164124686127894,-0.5538812587994348,-0.10062652632649376,-0.9600944642247651,-0.9194138901382226,0.2768119343687512,0.11812230603701887,-0.20656337706931813,-0.06478254496453294,0.07479508205953626,-0.22290958187998888
0.5811317962702726,-0.07484352213482251,-0.8738984114688527,-1.139190850139196,0.023198892638410303,-0.5649693349775342,-0.1765947376647335,0.9533937709348121,-0.6202193365038852,-0.7939557245453577,-0.07798256437803498,-0.012691530583231856,0.8419690687950865,-0.4155381538008116
-0.32904197965014903,-1.1770380330795853,0.5423446931215551,-0.3579758969051311,-0.3020018735876255,-1.5902564482828996,1.9312262029585499,1.048441928556651,-0.2036650799964414,2.1262851080348004,0.5960236965452581,-1.7414471504631717,-0.4189846455976811,-0.5489336748016748
-1.2289910741565038,-1.146400509092823,1.8814194153493855,-1.0633889412266322,-0.42812125435944093,-0.3574417223223465,2.1737942805824626,3.1255293767446677,-0.5298093201100944,-0.14322523485262398,-0.7003916195126173,-0.9192565121379137,-0.6811372370807546,1.3593198884471045
-0.561790689836705,1.7792155653770099,0.007237910243667281,-0.19849224982428174,1.6011032531284688,0.7823547429645082,2.0079380948808256,3.8639542889028493,-2.0889774983805776,-2.0098102411036343,-0.7638026773730062,-0.4459548758706146,0.5335673919579053,-3.1136356203231466
-1.42058650759025,-0.9007326132133017,0.9051498906564915,-0.12543077773843625,0.23615725462882678,0.8747217379462652,1.7197784443702628,1.6308094818814043,-0.7981560331275266,0.9405220112899814,-0.4009903185158058,-1.2385829695309678,0.608902067025271,0.3699073372822613
-0.4169850365606157,0.4063126399228849,-0.16587286870953893,1.8858860429628899,-0.6749452957902333,0.3859623285832157,0.621951536075618,1.5197910627597797,-2.183247714071303,-1.8747250350033136,-0.3710401497824545,-0.12060573016610236,1.155509064516162,0.26133681798691205
-0.6630016353305651,1.0159864646240768,-0.37585302347437494,0.47495760983803137,0.316583707209679,0.8332316381340676,0.8156362824880077,0.8577704077906099,0.034508293712194577,-0.3496304176942582,-0.3626429570126095,-0.5195862626380263,-0.49786040007645443,0.6902060369137033
-0.7150901941808432,1.2631027650130375,-0.40689772937845803,0.28704994921164795,-1.0251076379676498,0.4027213360394951,1.47703894967584,-0.47059592265702144,1.3392903374046148,0.43983852963059755,1.4426192708883527,-1.3217579216064772,-1.1552505918886629,0.2904620677743908
-2.2702612438869303,0.9801790024805156,1.1895202688962179,1.1260840438920394,0.1613277799599455,0.09855022495262304,2.435016069447194,1.9271488476603573,-1.411465868876674,-3.489112934107302,-1.398093331869961,-1.057199449575261,3.467232864664835,0.37582301922347733
-0.20196154566194097,-0.6676183748965703,0.6853731992512908,-0.3235684022498453,1.0706045200155903,-0.04072548925042085,1.1332315565150086,0.693355485901619,-2.46630685442839,-0.7103116330123511,-1.2088902631755494,-0.483528215884817,-0.3673018643126698,0.21762175452712143
0.09791668944978087,-0.6717480106103284,-0.12279626151198657,-0.5404374716150567,-0.5693466529339654,1.6305775907984033,0.7169115013776342,1.2613421519816317,-0.27930065697526374,-0.9221514591381355,-1.507445759774403,0.2163242325903974,0.07793851661961211,0.16974789894734543
1.3334161270434426,1.1473731996436247,-0.8154800703776367,-0.5473821522027108,0.6167184147533571,-2.019766700000285,-0.7897322708552104,-0.825346320089789,1.2859081039116786,1.8818839798500575,-0.5409016213109793,-0.1673750371215932,-0.5443097798797548,-2.181263066607106
-0.8934783947083814,0.2823379597086845,-0.5529557154482173,-0.046359778318209185,0.20010509718074876,1.9061990714803578,1.22499636527525,0.9921924223146078,-0.5995688940558882,0.37503530861181084,-0.35928497380948643,-0.6128952729693108,0.5535726565439414,0.5819354314397063
-1.2805019069370631,-0.08400250479463972,0.06967969169915314,-0.644054002987449,-1.259893896713356,1.19743543152334,1.7614185428848979,0.08159340089037857,-1.3931808401600132,-1.9107436696145235,-0.07741132580740397,-0.8057914909540586,1.1471074283086449,-0.24422444470696297
0.565616046796508,-1.35240536299059,0.5393735112690194,0.1705547567132391,-0.30910750075328525,0.36773448934388714,0.6686801677029817,-1.2065346311422145,0.48350174326044726,-0.27241204700496324,0.15049247729273163,0.1980756483777073,-0.503775570191148,0.8808549711953204
0.5957976361942011,0.14877321285263376,-1.193644452620991,-1.3020585023119542,1.2747186375140902,-1.2465700328114981,-0.32580302655090065,1.0010976460579804,0.010098121724508025,-0.20007326295060296,-0.9519143327590082,0.0059917690927446705,1.5564387630934926,-1.2906906889545935
-0.886196147998937,-0.7015439029892995,1.3521107737782856,1.1154597819624803,-0.4101651818227533,1.596221739527325,-1.7382317694037506,0.14105011975971488,-0.12273452407126949,-0.5366970127385675,-0.45327734331129643,0.1301412370737139,-0.46770648601642634,0.24982628100915902
-0.30839558027632763,0.8073254044876604,-0.46921595744446715,-0.3744815392634555,-0.6899801735638453,0.6757423263269992,1.867225559298802,2.8385785489131394,-2.637706078582602,0.312595188096511,-0.5782436368879351,-1.6347864568177284,1.5748645187428838,1.6144251448085778
1.438278945386899,0.24576292666093222,-0.17775385393002482,0.6867539258979769,1.7734530126602597,0.6295931563881066,-0.3813160407219247,-0.4401073135737893,-0.7441704163678929,-1.0648107664243418,0.565605859635087,0.10073255247642118,-0.6063836213234053,1.4201062638743813
0.15506714806377642,-0.4379791887443006,-0.34612168737277427,-0.7636622598528845,-1.324903808030171,-0.0148939121978407,0.10317188684702179,-1.3378174124338313,2.171208729041836,1.5834439424041125,-0.517978697713551,0.7851706823433816,-0.6212365348405506,0.9932631017388234
-0.10108553325724157,1.0690283069580877,1.60931542794017,0.07030547599358297,0.1189907846137207,-0.9671894904345949,0.9268485040002834,1.4990673140413127,-0.520868639817056,-0.5336288702456191,-0.8590706866129983,-0.8444984272409383,0.31930685053623353,-0.06934138256972988
0.8576768349669135,-1.0725511708796114,0.17441851481671916,0.6437784487113793,0.8095897222268714,-0.3653184185847395,-1.5963931561564262,0.038723312152605896,0.43415011161698547,-0.5854260421311885,0.8872466004527121,1.2057613399994358,-0.3883867030532919,0.26966945994226316
1.0131663148243766,-0.01783489762506267,-0.13105224108633393,0.7166873326086547,-0.7410712068149055,-0.9230490934726074,-0.6548505890799168,-0.12844657989621783,2.5144439931673674,0.6832118664778813,-0.018724499931088552,1.8961718921346136,-0.9962215153190893,0.022314772746984075
1.2264774687893796,0.33871449662944053,1.1751923173229413,-0.15467835924480397,-0.9160582653262591,2.3844828024161706,-1.3344214214942658,0.11405842683863203,0.781205253622542,-0.8617940708906761,-0.2994807651479704,-1.0169088044581198,-0.4230838089977536,-0.395044832159228
-0.5766714219390546,-0.7850579196058977,0.08140779601689928,-0.3950750687423005,0.4158449767468617,-0.33073903048139874,-0.5986935625214864,0.34730749958148377,0.001127318463048213,0.3021496491649443,-1.0771550562845675,0.24887159314161403,0.21633061585192856,-0.41356443059618
-1.4404826588933415,0.16692303791793392,-0.774685850875189,1.2237927433291798,-1.949212121098537,-0.5588698980805643,1.1536660482224697,0.7824912163803136,2.7281536008194687,-0.989844895992046,-1.6536747857169039,-0.15340140778381298,1.053900158844512,2.2783491722400995
1.6543286255383498,0.9373312279800866,-1.9895679007438936,0.2907640175798808,-0.520123352667547,0.5300827825415655,-1.15286906524172,-0.08998138697964148,1.8553632609852775,0.9296370113415104,-1.3870504999225215,2.7205728996337326,-0.4445398425986052,-0.6794950504824177
0.13142148665449516,0.18193161829749685,0.24096917084943667,1.6866390220716692,-0.39284359565221594,0.8989338267553882,-0.5601984472432278,-0.5398212625206561,-1.6676150639193434,-1.5310682693119666,0.273060504451651,-0.28243947244959855,0.9859871026861996,1.1364868496943645
0.9926599277044691,0.004431512614845878,0.8328396605571436,-0.24280553926993292,-0.38856713575943336,0.084933582679782,-0.12370335656422082,0.4138417393897786,0.005144681690881475,0.15801532132515436,0.027695220878278262,0.43098676284450954,0.3649801489067664,0.1579822797195785
-1.1483078087072978,0.6259065388893865,-0.7791520854772755,-1.9012037317522261,0.382770627465868,0.7453463602000903,1.7049509266494403,0.2718945395364255,-0.5678124001461721,0.20726504465627496,3.1940156559721675,-4.132572124083244,2.7818854446661176,0.758008785067399
0.3914949727893588,-0.08334474165666758,1.002004735994627,1.1658907238578493,0.4672114865859919,0.11698112709157461,0.03616353776460457,0.3017268223317703,0.2783483367032551,0.9241730277903385,0.8167020738062694,0.6374542334235634,0.3322339245863837,0.8406682337754195
-1.3750843859420494,-0.5785705658535932,1.8128950169890607,0.13154363935281846,0.5190728888943782,0.4351627482448939,2.4815871087918264,0.8550037574055439,-0.8400029397869421,-1.6884774638108972,1.5508642868725913,0.027611960698217138,0.29603596646310065,-0.8540324708200345
1.082545756643008,-0.8611167089711492,-1.5419910644835189,-0.9886034655515809,0.2853021937757375,-0.9219474850626608,-1.7482432264723533,-0.49367936541064916,0.036214085927998546,0.6125120980510997,-1.0661341618415463,0.7925111849820661,0.7595301173798223,-0.8344707202165567
1.5615701671374347,-0.42368323001464436,-1.1755159446849066,-0.35137493240015905,-0.663554459029876,-1.3078614212918251,-1.1887555004808763,-1.1602341785305739,0.2543132026615581,1.0581083670986469,1.4439952384138943,-0.4921286961241584,0.5515652501157845,0.5050548315480794
1.4530651302324387,0.6846296154622405,-0.7864293117346135,1.1935038934547075,1.6771317423459284,-0.8011994035884513,0.537972526271622,-0.8627831457931696,1.6839804111523182,-1.1393905708036058,-0.9213162342430192,0.35336362204353916,0.5865010552485307,0.188521647559396
-0.681016047597326,0.7891057944444755,0.8802818569723024,0.3147406228536457,-1.3610008490513144,-0.20339226315829212,-0.5446702624636337,0.5451607908075697,-1.291707710250582,-2.0657184702708427,0.8375615501174816,-0.3900811010352122,0.543287594058136,0.5473605996515309
-2.0117134869688136,0.14666669155824757,-0.9553202001386596,0.21297132877171188,0.2066066078487684,1.3371643170948309,3.5926753451071565,2.5556267317297725,-0.6001046987901533,-1.671004073852072,1.4259987532095284,-0.20061766282287666,3.075999132180286,1.0758878437327943
-1.3717821330826587,1.1645916480522656,-1.073970508429907,-0.15081502895114726,0.9344118886907162,-1.5585931511191455,0.21736112785011344,-0.137777225865434,-1.18351664705864,-0.31877925871999996,0.24693703629268107,-0.6835077489826274,-0.0032041893273884944,0.08066094427031174
1.1093907709389257,-1.067795049525704,0.09536860524788138,-0.9175063451602714,0.1831682620036769,-1.6097655455816455,-1.3758084157036194,-0.15375907168439884,-1.3359112449434407,-0.2608168411052109,-0.49083824681612553,1.201300711406238,0.3323521633166229,-1.3439843736906658
-0.23379819986842282,0.09668367348120233,1.7707275424900086,2.0534693107999753,0.2860776215947713,-0.8349914875730583,0.7528836028816039,0.5872097887206087,-1.585442914261372,-1.8509612544527891,-1.0969468028054523,-1.9910669529115257,0.2647348226568739,0.9594543851651344
0.2479029627739961,-0.6716191370935299,-0.5675601143862621,1.2679431560740362,0.42185518482913675,-0.4048359006348785,0.2791401505596422,0.3372147223056163,0.3712629141921414,2.01050422255769,0.10217113464408747,-0.6178772684462016,0.47154599996362817,0.2733557808243709
-0.19831334707746018,-0.5856782533678904,-0.12812130238172106,0.00520677124941446,0.19128173143209515,-0.9141878638986886,-0.619862020978053,-0.20051376018770561,-0.16565289232841413,0.13527670944902784,-0.11475915570115813,0.6037291740837175,0.09830116131089867,-0.4875293977999652
0.20776189436115494,2.0540273405033833,0.9876451110499107,0.6861828782647693,1.887890916362641,0.1884246325841924,2.094245106826046,0.895953595526482,-0.6435184396436094,-1.347470321206422,1.0971558021091035,-1.628897148727519,0.03151925860052925,0.33120472321402145
0.14610296281264412,0.3866086600452559,-1.1383736236793798,0.8846592773072064,0.5160463129391949,-1.7724077822530144,-1.0004807917930283,-0.4120299495487094,0.7506389598291322,-1.5436849156418149,0.8160937807426483,-0.4550801252522313,-1.2011443915503905,0.9736593878582803
-0.10861720844152678,1.822164633523544,-0.4649437558892564,1.657772834376622,0.4834682587028871,-1.1645026372567462,1.8195584696748448,1.3729005964167,-0.16333037678293572,1.4567772569172264,-0.03600775064071198,-0.9635679542974879,-0.29432525546776284,0.6652981012115518
1.336787911007704,-0.1271527494907733,0.9721440976695002,-0.8090003793336034,0.123875876014931,1.8152026626000262,-0.13304104162270844,0.8923573062309516,-0.38547286343552833,-0.33706318649243705,-0.11794878927750244,-0.09211987443875587,0.6270438593884871,0.9428085062250667
0.7722576772250481,1.4322586994696849,1.4306441800847638,0.7556306516301555,0.8512086392918915,-1.113433544560911,-0.37359703083989426,0.9063993782311157,1.0446405688474472,-0.8945381530405986,1.1438800423909499,0.9434372813217392,-1.1324453259218963,-1.4286852307218536
0.774576518489495,-1.2538857089339728,-0.8571980081618158,-0.9974358078591337,2.068912270600286,-1.3639235272111732,-1.1003857405258721,-2.059063637894356,0.39713607941561746,0.32260851250361455,-0.20693101448023976,1.2631098183989007,-0.8776680325244365,-0.5696051472661836
1.6744838107555635,1.2373888615398898,1.9654951405895982,0.08834372430870593,-1.616542695934779,-0.19220663082506828,-0.16174031597656846,-0.7139094434636843,-1.2183926266880418,-0.6721690810265974,1.7066159773979788,-0.7484917364154249,-1.3806145179205422,0.3386152800851902
0.5537959081789791,-0.7926477964068463,-0.4949696160941511,-0.5946129801434032,-0.3258132614131643,-0.08188156895942585,0.8785267624362902,0.5355539921880473,1.072114017218919,2.1789603710915286,0.282429388326073,0.6687412852393962,0.8233315842341573,0.3157421155139152
-0.3558030481052326,-0.9031226959499569,1.4016680387079155,1.6971105595685125,-0.9467613210111471,-0.3809605661848713,-0.2949115627479793,-2.203224867701554,0.17606748776569064,-2.96118154027451,0.5572913247209069,2.953329008884027,-2.8892735300528964,0.9338811956942632
0.8423547279833299,-0.15690922906536817,0.6139565462026128,1.464825184569848,-0.15446312856895159,-1.1146190227078452,-0.3929647003042499,0.9856632749324553,-0.21440207206034442,-2.091058512669657,2.2473308307062148,0.9807608704030488,-1.0937526762006038,1.196905117317443
-1.314864295371641,-0.8221885083569613,-0.38861189306208244,0.28687206433429047,0.5612619614837746,-0.18964425037290503,-0.0727220456842611,0.38110858779425416,2.082658451847289,-0.46216603036123577,0.6624708387527036,0.545657527083616,-0.8177716741592375,-0.4836294711662489
-0.19700274787813238,-1.2167646360372593,2.652217255191334,-2.227254932332509,-0.7812244101077747,1.461858142471137,-0.6043906936456813,-0.20700597488098915,-2.533825323002403,0.10502137938843177,-2.023991313910465,2.640378478224319,0.8182311525585279,0.9219510605028389
-0.9449285310438197,-0.754550638639991,1.7799815573398687,-0.6022503221525101,-1.283110253336714,-0.3263859927810436,0.1054611421635695,-0.21029404380247585,-0.044720714407492076,1.5730691762592648,0.15591164764562312,-1.5547488548638726,0.9261698223561203,1.2377547810685208
1.3150184141794266,-1.0342503961028067,-1.4733119589550046,0.32706144699118067,-0.4644525678046204,0.3556880532981725,-0.5858434142854181,0.12794838696866145,0.5836710972433996,-0.6563305301820799,0.38571494277301877,0.5560421664407009,0.2621120403116889,0.8621293534886225
-1.1903541053482658,-1.6587574638135854,1.1459463687485993,-0.8262264024664642,1.9353775086732938,0.18346867249651044,-0.05070787867392344,0.9932375998700353,-3.020598476613848,0.3249618532368288,-1.0904601979668846,-1.4303183149286447,1.4559124637669731,-0.5920080499540328
1.1372176605456739,1.4148567216063965,-0.010275208720793997,0.266217200052139,0.9316093312318108,0.8599877835114106,0.02249971470255825,0.9156094197966553,0.09016381755779243,-1.701958160753469,1.4066302271925375,1.7118807056772778,0.02007436227686775,2.0556462242323916
0.8498564551954562,-0.10228180710762402,-0.2573445107489356,-0.8429578979451219,0.1016808473991484,1.8519643554142595,0.6992419080799999,-0.04239009089231144,-0.16273147462326248,0.2645152766009481,-0.11910846293571006,0.18866842881227008,-0.3220632879950985,0.9278430560503511
0.2125520401074959,-0.07894396129772502,0.12127188688709303,-0.3463956899578048,1.1964919744045885,1.4762006081491204,-1.685543978655964,-0.1011056721126464,-0.975189413135883,1.5609290435536103,-0.8918852978624708,1.2792814086878679,-0.02857282356135992,0.6978001986782386
-0.5993803905445872,-0.8069035524324903,0.6657452536106407,-1.8944891443911671,-0.4650758926016406,1.5839588394691988,-1.0750434888988238,-0.6807581597200691,-1.5115954136816643,0.8782479143853279,-0.20860740713622172,-1.1119284264750917,1.6970935683582,1.684090058481914
0.4606570856783664,0.7966406593193541,0.4127499529013668,-0.6625736855675088,-0.7970132133039087,0.1080234473367174,-1.4829652042476138,0.03945952122493454,-1.150918998160721,-0.792954867802469,0.3541058800305493,0.8268172462113234,0.4490900477624582,0.10295106700285782
0.30129703974489375,-2.686290717523222,0.6753774942685894,0.7047784447522455,-0.048341181988979985,-0.4059248808306472,-2.4209925993358277,-1.95222437944614,1.5006171636305565,1.2992173381708196,0.13358704512149325,1.4923410491018674,-0.08553462353204327,-2.156075417238745
0.6943848764476798,0.8065475870211412,2.0367916423298404,-0.6661978766657862,-0.3946098397194099,0.8933727030370646,-1.6872230800488448,-1.3705082480243673,0.08749124138651765,1.6893094964537472,-0.6428994928908873,0.2984147529180292,0.4402954961984331,-1.4703968446765816
0.6262466487007841,-0.1627689548373354,0.09502282219514216,0.2405054188047027,-1.4010748050437458,-0.9134637641660732,0.8372017113643615,1.3614215552032305,-1.462802378671595,0.5043525723105947,-2.1827001573735307,2.687778482743428,1.2877196199491314,-0.9012884291229432
0.95470280130658,0.5733881809783479,-1.6332916756089206,0.4267089860606068,1.4375407640057096,0.8890022975419035,0.5670784321558224,0.03402106952190917,0.2863126948402517,-1.0281889570298852,-0.7687775155078976,-1.601705899968739,0.04729306524777487,0.4521599213052711
-0.20970893537605895,-0.12110547458337878,-1.3809293141394228,-1.1627937101319628,-0.1664209438426411,0.8163066167124458,0.0005565611020610234,-0.12327694113505883,-0.18756921279189598,1.0052225928566119,-2.5966129186750955,-0.30269682386315455,0.08409701323494277,-0.464704682017798
-2.279432319017142,0.00418550076738591,-0.5911970153992451,-1.0646346852240387,1.5019311690578676,-0.1443923306405036,2.2526187381765195,0.4589816931148735,-1.076848648601323,0.31110149427435785,-2.327600365672169,-3.700402076511845,1.3081223640614592,-1.392765181102656
-0.25697232232430184,0.931612298055027,0.08545555856471042,1.1681451984521818,-0.5669527839401813,0.9983864107429241,0.7842701920635593,0.3569306536696909,-0.9950788035317202,-0.9978494144236246,-1.187383582787495,-0.6859633785605179,0.4010264704468974,0.6355054391464989
-0.135853310480268,0.05721198155925457,0.3924019117295312,0.16263787889547732,-1.8005059690684557,-2.0720972798798414,-1.3902530676403264,0.46885776036918186,-0.1478906185571912,-0.026370358058093794,0.025833043260617777,0.11146223715944145,-1.1293528834689424,-0.8416038447493976
0.7179172205213027,0.7738351719618138,-0.3409676926354278,0.28246362564612537,-2.054763763608521,-0.8389145049413839,-0.48653350635446263,-0.11260048099247064,1.595952083016156,0.3887819673410313,-0.3866154848175649,0.6693148529623677,-0.4570783255869881,-0.5900625701097146
0.5032602307015647,-0.5923687656495205,-0.9767461219151071,-0.5025406873857599,0.2941949885616291,-0.3054510867496211,0.57816494269916,-0.3632178689552316,0.05001074301963118,-0.1350679829922808,0.24674784850738904,0.12816751424882963,-0.1446977463738409,-0.19786957435255878
1.8177900483866969,0.28371699750251606,1.6270133845523922,1.174016184645633,0.9325712130857952,-0.41532278034424064,-1.3737617924406913,-0.012896180230595355,1.0033473611580417,0.25746257009666845,0.6012877907447397,0.4781884211528111,-0.6430773286888534,-0.6726806580785942
-3.031515797575644,0.7700757106731917,0.00770361480934759,0.05492264931964107,-1.2850128743289688,1.0210290069872712,2.7874718064568365,3.3139508015888355,-0.6925708510005244,-0.42909906912518736,0.6214233641574979,0.33331990295188196,0.7016039664890975,0.3353619420340913
0.9847907700135107,1.4514284462912326,-2.3852855376283744,1.8534372919517677,1.1508065238467542,-1.1353367083013874,-0.5549480380238752,-0.09973885057142859,0.19132823209495003,-0.09603238128056185,0.8040726235278791,-1.8008859641550037,-0.9642442960158831,2.002014025437878
0.08332973875675691,1.0324198561381064,1.5877971613537403,0.25773720557658863,0.05917517550474959,-0.9064014579516209,0.6447260942164674,1.4266761897235463,-2.652454179706118,-0.6896886870878113,-0.7593565449692489,-0.09448372815116149,0.7965893958491785,-0.8936379528427874
-0.3511235982761378,0.7078254533401585,-0.3909639908835045,1.0034008069822296,0.636837117396663,1.1478808417258892,0.11671032805734283,-0.5079686237832476,1.2541275281969082,-0.88509563196668,-1.0728319679745972,-0.24881418555061174,-1.0308428829231904,-0.07229075091832055
-1.7665001586836275,-0.8250956172926875,1.3812843814566855,-0.3761425072159035,0.20614401385229014,-0.0002123759359676583,1.8603054998447375,1.5956958503983278,-0.4552244122203578,0.13490563476712958,1.6953772430820235,-1.18343349356963,0.6988837641362152,-0.16749440987397127
0.3477205313488901,1.4351939723463347,0.9712645943054363,0.047513533889163115,1.9143516527049018,-2.576781100264886,-0.8330958183869255,-0.21727440146337823,-2.1438661750505275,-0.6795884523607306,-0.853986196207464,1.252469368822521,-1.7854797699598368,-4.267630206576207
0.4315644164125978,-1.2169731444830338,0.16253438212751437,-0.5210691236307303,0.9159047424468997,0.31167893719771766,1.6287164711517084,-0.5376524244759532,1.2860762042056157,1.6381886490279958,-0.42711595301883676,-0.3870395003037014,0.8805231304919376,0.5922573253303952
-0.05977525157672242,-0.8918109445554949,0.808401844686639,0.026323970198034945,-1.2019876530851439,-1.128654481052369,0.85394740855756,0.6245237023181398,-2.2476816258813708,-0.6945376652617546,1.434237239130092,0.5094253344675247,0.49161963472841036,-0.31883037573167927
1.0151362267038477,-0.22867248182066785,0.745684225174231,0.2725998665162379,-1.3635571473179025,-1.0162879108771177,-1.1555663805312144,1.4427404327908997,-0.6917210481871003,-1.9165709514745912,0.49105761240323387,0.6451186654142651,-2.0617410061662875,-0.4983203831424944
1.1430645608776187,0.6253605924962984,1.4843164957316048,-0.004864113028665341,1.07390963162808,0.0125080832074302,1.30651952466677,-0.7180978734212079,0.48304723091930835,0.4180316958680956,-0.9324829861139656,0.35405853210596483,0.5017647510018437,-0.6513473524887515
0.15398848780015356,-0.3995076723604699,0.5440852113592624,-0.3181197255135594,-2.1463112946721385,-0.9028097707969186,-0.5872080521560425,-0.8447913324633476,-0.3129052519654656,1.1617748352119908,0.0887166258649977,-0.3145053257330568,1.9775428288573416,-0.02569045284798714
-0.7151262193201098,0.8540091906490831,-0.7604076916619783,0.2635264211917835,-0.8731716877306641,0.8159412943158891,-0.6956169936848999,-0.7522792184250504,-0.31258124882167415,0.5191853412873607,0.38990935616485556,0.3830723356808482,-0.22130916361089753,0.010447502506665086
0.937379564512535,2.0145538723055525,0.01157555678912029,0.10143915544644988,-0.38653293893292456,0.5814046021623372,-0.27762323679544065,1.3599294327135216,-0.473713467190783,-1.097537401158324,-0.4034297198352135,1.5063900408148896,0.2920432272241519,1.4856694085857516
1.1876832254575023,-0.6082922770559691,0.018665488373811694,-1.4421355030370802,0.24873329412526748,-0.5278948505090091,0.5940344201876682,0.3342562880270844,-0.2602333554056617,0.051166101944387775,-1.3026141725058251,0.8917538562956077,0.5190905790496754,-0.7951627851110397
0.41247247555370714,-0.999612516602487,-0.057247862186370485,0.9691084136956243,-0.1572613996461457,1.0395620441493005,0.12649957815138868,0.2745534366735708,-1.2710757470739842,1.1686128013765646,-0.18962042152666936,0.19480836209040261,0.36030091012674215,1.2110194699253463
-1.219496226439168,-0.24145196225623472,0.28918416937996194,-0.9200565663464945,0.2462367809560393,0.2902478349423301,1.6950478689365691,2.1114495854554223,-1.7234798788640464,1.2077039297737915,0.4844812425330517,-0.9200429655740565,1.512516646471531,-0.6180351925048436
-0.19652718152001658,1.0068382765181911,0.803618936242209,1.0107259737330212,-0.5683480760468254,1.0665509922914502,-0.23349643342874166,0.5623531214390516,-1.5157941966139266,-0.15910390796734317,1.896593305516125,-0.5292950657293125,-0.6417301646456826,2.2599998839749813
-0.1287682086351477,0.4693699288021554,-0.3604400652927754,-1.063618098274891,0.22484906671072089,-1.143432409988167,-0.20923695519569696,0.4082370094236241,-1.3370376068059784,-1.2249925540080175,0.2842234316032256,-0.6454350690939046,0.6798409962769367,-0.659214436905311
-1.7699980994367177,0.005621657243472255,0.09344904288656325,0.46258659859439033,-2.0513686716383734,-0.8670740048968971,1.5800885826674258,0.9820705699917056,-0.14537348643325076,1.508439698019704,-2.513063717003482,0.3485345607866861,0.12680946089475836,-0.34357476702642636
-1.4809911404241258,0.7154963566802237,-2.24726254143322,-1.8221424961152635,0.2536599928878154,1.2816287520875627,1.256152632965969,1.4762706791372775,-1.1796435564069414,1.0819254002837049,-0.9442166743738657,1.54066812779283,2.6960149685440973,-1.0044924468712766
-2.167248372872476,-1.0057866592434954,0.335245806878374,-1.8247871991349027,-1.0704207118639568,1.356140801783727,1.2594045263896638,1.0204311256486114,-2.398822992695848,-0.3625555637767705,0.17973478834081244,-0.725415934581783,3.8161618682007385,-0.9926671291708103
0.7637729842839257,-0.9335764925249255,-0.763700980090848,-0.3543527268871084,0.6167565277712425,-0.11476763222760641,-2.987510069654219,-0.8141496464188677,0.36897933752292145,1.028483104871507,0.8287552951019791,0.0828117236960394,-2.221686200101941,-0.1918892612285298
-0.14209064246344963,1.325466551129953,0.7706074101554253,1.4228598083475061,0.3192008629468738,0.13891796427615974,0.4575182017239667,1.2491127298751477,0.390542051335242,-2.3175664550731185,1.114920366226798,1.0489742582090773,-0.5338781520979341,1.1107272883165593
0.016509809038707274,1.268681678123343,1.2793618786642553,1.1833078284637006,0.9451014589725341,1.0952311674574875,-0.955794132897805,-0.963529339007258,-1.2263066006179364,-1.6154483724969622,0.007321556903831433,0.9292927235207838,0.8957765179237251,1.650295296418617
0.28374089364825417,-2.5479942559572293,-1.190746283929043,1.4097646456666268,-0.682725354828407,0.9793291673913599,-1.316427507149828,-2.003075130644959,2.7338439157832872,-0.9113074719940611,0.7076163334592431,0.23388210805355994,0.8631710553691885,2.7601218527092204
-0.5442364183363467,0.18920621318696673,0.2816374306661267,0.9590084921880829,0.5871147583371813,0.10629310186566945,0.9500825646166722,0.27287647140712645,0.835496445406674,-1.6194430398713069,0.4022704686700016,0.11974462403028982,-0.6549216888531284,-0.046373621124843875
2.2508741396042846,-2.086867656090294,-0.31463749394065216,-0.5680866895952631,2.4221239361422273,1.014818052654517,-0.1667511786330398,0.9777510921470783,-0.026597196163565186,-0.5942086970182962,-0.8348639187468881,0.1032331651525175,0.9710272557682164,-0.09041658470260998
0.3301838404519894,-0.8061511129325505,2.396314932729454,-0.9078056859630957,0.16810548662888458,-0.16661198357521761,-1.2298656899306402,0.583674912139255,-1.8100764615317697,-0.7514094564112513,0.8631707897401147,1.1563403418965348,0.2763328855000299,0.3906210794238598
0.4635179701787162,-0.049898326410594905,0.2625827799790995,-0.25120823531582026,0.4775953540626124,-0.6033543200637433,-1.0712120911654315,-1.4778055907221384,0.37508191695264237,-2.1955769660061506,0.28132079255957554,-0.7582926259528184,0.8290448736278838,0.7291145726254644
0.996650379159533,-0.047837371784364195,0.8361123761412036,1.1906053172048001,-0.03310625634909915,1.6422193889044714,-1.0658013927138865,1.0481343559919085,-3.1867792335952085,-0.17552573883115682,0.02619353461196164,0.3259553985571008,3.1232202417294332,1.4517789370929466
1.32425459714464,0.1467061614499759,-0.6249605200236732,-0.4024728461683983,-2.3593207397248945,0.7957259834059726,0.026072081167143518,0.6117466917107476,-1.8571704951702108,-0.9271217518743844,0.6197258420161027,-0.8705969055292543,0.8039972952887279,1.056270165870838
1.5068285282570402,1.113366638538275,-0.2211552656868903,-0.26094441725003226,-0.6219664648540757,0.3666032510072714,-0.010515295814956305,0.19910379968819297,0.336225158221531,0.11580842716186053,0.15735499010738419,-0.009598604630673968,0.21848383455749948,0.4703612858855485
-0.9030800342087854,-0.19507942916466822,0.678475203448519,-1.3904520714885973,0.1585092409451873,-1.3039552534468468,0.3035266133314667,0.24106727782359733,-2.789107340610951,-0.4848856813819358,-0.4227377360897162,0.3239111915377729,1.2624600955552832,-1.1814453125906013
-0.6105365639197233,0.3754022923109144,-0.7813790445845231,-0.15932781218249087,0.014979951007589615,0.7933995497743288,-0.20735158344653953,-0.3890956331553679,0.14494658383642783,0.9558751708851141,-0.819691011371287,0.19054514015708118,0.10198185358348298,0.21136216801068294
0.468677548919873,-0.010951214658937822,-0.1963366936243402,-0.463746374877284,-0.3930667612054431,-0.452987561003054,-1.330291414146392,-0.3415177131272061,-0.4555262236380131,-1.4731501257877846,-0.2332899349769057,0.5390869442394567,0.35060381512870425,-0.021898631949406035
-0.2086656925099627,0.5164763431559402,-1.615123104930828,-1.0126505840455922,1.1057745084791544,-1.128942168438627,-0.6029031671299667,-0.06192734891128748,0.3818786166357001,0.061249883917502634,-0.034181530774794175,-0.17389908191410322,0.2479971061031202,-0.7522571792154379
-0.4568682653849646,0.42353604949958096,0.22817115327326265,0.8842301016758696,-1.1122756901725985,-0.6625377203722366,-0.6598306408212937,-1.3244884658533018,1.1214450839795755,-0.38645147210491526,0.30401961045957226,-0.09839340530095479,-1.341400118037587,-1.0041047708176676
2.3300591164322686,0.3833338339271165,1.692749748359872,0.3846004809716601,0.20940695205809245,0.7551319169553912,-0.6415621582580524,1.1173635672185647,-0.7832246463022166,0.8833936741947881,-0.057465155946571665,1.089238608366132,1.4023404097962429,1.2885351999623484
-0.11600348878988569,-0.7352168837850988,-1.310404317855275,0.21560450420969968,0.8521986971670957,0.6246957330961703,-0.5835415903026393,-0.6327375435320627,1.8026652039040647,0.2301227755443746,-1.4362127126904416,0.2451614691348221,-0.7888535224057921,-0.636281073837454
1.0927967007324972,-0.23115134357797473,1.4007635197508246,-0.06364251833365396,0.6963767183103524,0.8659140790799885,0.4117113726830414,-0.9058694153325674,0.846241391781837,-2.5863186677528573,0.24586385448854484,0.6444786031704123,1.2116535999034372,0.7973376446888408
0.3732329751303708,-0.36052014112118863,-1.4058203046270052,0.1319826101821883,0.7198988189343257,-1.1478325734721087,1.0037319738162493,-0.6789557329248935,1.3498132347252365,0.8137361639549218,-0.04113198886080824,-1.042646805369494,0.18934534480728973,0.09419910841461138
0.6002248635068941,-0.6953193579388612,-0.6495356815392033,-0.12070668045349282,-0.9411344904018398,-2.4482112693736853,-0.17921902456633948,-0.6573898024182077,-0.8436665157315095,-1.2507625903316244,1.9952669291718654,-0.6747587978466297,2.7840522318886722,-0.9772547383170763
-0.6564452170160752,1.5521569769018257,0.7885798399715368,-0.3673554489386147,-0.18054186010268872,-0.3536876329907267,0.534658200281436,-0.2704509085863307,0.4919761194302158,0.6532577097410762,1.0531814372057575,0.13003291573530026,0.28875308371809055,-0.8311711984528742
-1.3153312333362455,-0.443024567585183,-0.6520608408726982,-0.5414002099473203,-0.72620741742033,0.17452197904697503,-1.0310577724904049,1.439919331941598,-1.2873555836935968,1.5919921977109992,-0.48208007577483036,-0.47271236463409955,0.4251877965803723,0.1002098644825094
0.9318604213442805,0.12988675392427546,0.844558517745058,-2.2763868820129196,-1.139485938918418,-0.8822018283504713,0.21327637168430488,1.3247400394762097,-1.025035607300423,-1.1385781427419213,0.9388516656706162,-1.7279038912091773,1.6243695968494387,1.2320770577625348
-0.778832123348777,-1.377106754674881,1.0017255564151917,0.42694582958277927,-0.07760044622415574,1.1849430352171197,-0.12071906477647526,-1.31955037177246,0.5740243219682601,1.790698343825082,0.06090050965984675,0.7771058296725573,0.3559548393023412,-0.6173372232551932
-0.0991677701307955,1.2033308016999338,0.34355777529894543,-0.6150936656660815,1.3177885711123525,0.7983773649059808,-0.3024877763785989,0.07961005931760484,-2.6447366978713465,-1.9772566265853784,1.131299853242831,3.685725992802162,-0.4737354440763843,1.3438001853859094
0.9663770417148948,0.130996601149923,1.17365167130873,-0.3831953018504929,0.25526454852679703,-0.6478628692470753,-1.3103938753879083,-0.15454537614745012,-0.7077885703050514,-0.6488379007016579,-0.35680498891354673,1.3593006656263356,-0.004510507914436475,-0.1991968479150688
1.0371297167885998,-1.798205202166736,0.2111364794457129,-0.406716511662066,-1.2956462150665398,-1.7146719066900011,-0.9864856964320667,-1.5903427675900157,0.3623984568830273,0.6323402127984609,-0.8550726384281241,0.5369439150552182,-0.09785274558642276,-0.24456152011528004
1.0624296873917463,-1.4579140818387135,-0.7127487415221482,-1.0391229118155894,-0.2778484745384616,1.2065642302193367,0.2694364078335155,-0.05379408562557733,-1.237073928356422,-1.2688277436926243,1.1508866720311912,2.3137307941449192,0.9164072513296376,1.4904999980659162
-1.8876481135520635,-0.2051882573491359,0.29765698957599596,0.3424289271417791,-1.2511012443025167,-1.0660651211482552,1.4870385669686874,2.2628675698002914,-0.7254141814706501,-0.5597985151690433,1.4512982320112704,-0.14916281935116862,-1.1156001898579055,-0.8339004449974335
-0.37721414610499043,0.06551995018434865,-0.5839105381375488,-0.42671479666273915,0.19059954229816325,2.4351082242053894,-0.1591194608437511,-1.2863765920793657,0.28384172834387966,0.294127933517647,-0.47831381283980845,-0.12195024815865686,0.27226579702824955,1.8405399965191083
0.29882890911995835,-0.7955499071677381,0.5954580225317542,0.25002366500900997,0.43833301511300055,-0.799489091089989,0.7922849181382112,-0.17721853224012124,-0.8605774973216119,0.32186803738203495,-0.4314560642265113,-0.38669795109745997,0.08303671997954461,-0.20017842858755602
-3.29884111440243,-0.38055035723497843,-0.5182561307835474,0.41040843879802635,1.136069919618811,1.4893347776517127,-0.19347480171475112,1.4015063195362654,-1.3828509679581353,-0.9142814451160335,-0.6422797975168583,1.9344752806934074,0.5692935346770859,-1.3137496638385802
-1.4685085544842873,0.8251074481078114,-0.9482238886801111,0.3312606032143931,-0.4341835183015461,-0.6259093562675597,1.8272849403711573,2.207528895874342,-0.3132826923889088,1.1627567642920156,-1.4900232320821842,-0.46770793155580564,0.1904301666217597,2.095914659940722
-1.7709780337142578,-0.40544271658739806,0.2286296423929699,1.7124542465478372,0.16653968029601954,0.8213991718221987,0.6543991686377171,-0.3400577550341852,0.6894879973450541,-0.18459132574738443,0.5256676207920911,-0.6523373232456087,-0.9366155414163602,-1.1022786552884472
0.9094825467037132,-0.6080379105345702,-0.5034827172675733,0.4529489528259081,-1.749046113996966,1.3515017892964567,1.094719922723973,1.2435689693228822,-0.7867329975611161,-0.9368653013042703,-0.5611784330915011,-1.2379798983108394,1.5890797472532319,1.9596916693547066
-1.3994339066435777,-1.4531725669577282,0.1331696134016898,0.21737477827484186,1.1207974283598185,-1.8451680542657252,3.066614460835332,1.8323974671756877,-1.3675009937845968,-0.9698505128258718,-0.42121160025071014,-2.3196245981332866,2.070483071135737,-1.8675546235141998
1.0908973425436375,0.14694510831486776,0.36121431260486275,-1.3135586178081822,-1.4400890156534443,-1.1264248592086594,-1.1648723060230783,-0.7107482486007984,-0.5605093236723935,0.5803404712187538,0.5715884407700385,0.13531993100630732,1.7176204481022226,-0.21424373691897444
-0.2964405664744944,-0.14748613585245096,0.6039333336416685,-0.9908969975962283,-1.9910810749394106,0.6100780327473022,1.4536575637097275,0.3790482227755704,-1.4437669417692396,-1.4443043723860682,2.1097652092091925,0.8970223662645461,1.291748110997706,2.552251981653866
0.6472432588909902,-0.4247425563100258,-3.1260685860245054,0.40589364816738194,-0.702460101447067,-0.7698398831131505,-0.6450797631777663,-0.01159368896922941,1.4394998123619456,0.4530933825637288,0.7970882854402329,-1.4455248928395341,-1.3333644167019627,-0.09799286626880808
-0.7701210546646368,1.4260205855891588,-1.1264898099203122,1.2359602999753974,2.7226211624445007,0.7210369959838439,0.053690902284840254,-0.05253403308317178,-0.653589297804605,-1.44604198424968,0.619384282108628,-0.4320885638814471,0.05518003358472318,0.9711729131803278
0.3134083021177193,-0.18447993051419193,-1.4280918181919346,-1.773997349958155,-0.48790440101485594,0.17066047846890484,0.05097510855850406,-1.0740264969530813,-1.3333927413692421,-0.1860235059543562,1.6867562455231115,0.4181149700641274,1.8626772681357833,0.604791012031655
-0.5657911779372895,-0.33747203394356445,-0.11229137749576218,0.47378736716081005,0.5494831251540826,-0.9178588861973096,-0.07291752179503777,-0.9339168641229533,0.013154370925588035,0.5443574837298493,0.8401515528827326,0.7257313455242551,-0.262025919896098,-0.5830958755191121
-1.7771717738340107,-0.6973666055689391,0.16423019331539354,-0.6778850119751043,-1.3851203933887106,2.227463425516388,-0.25340059576320895,-1.163487998785821,-0.31453008101706526,0.6180303111525961,-0.8932323031430713,-0.7631115844669788,0.692135633524472,-0.8131361188302533
1.7513258632834712,-2.085849044365968,0.3215327947855362,1.2381138009825452,-1.1969303830352638,0.3185545647473351,-0.7407269382705421,0.2835695918518009,1.436849873269502,-2.2704617768694138,0.24939977631496715,3.3285688025038946,0.37090921663237003,-0.4766421965193754
1.6794208874167957,-0.13193680629013393,-1.9707458534498548,-0.059852831981935396,-0.19608608094516888,0.2114713869967609,-1.8234501902621936,-1.6153356021708265,1.1910357311228146,0.3896343159953837,-0.8277101371171138,0.591260585730275,-0.6297468812939311,-1.0971046124543709
0.09921386042853768,-0.05613103667241625,-0.07787298029347194,-0.22651336141652634,-1.5277497050381683,0.5732221830929054,-0.09556911169326049,1.0323995940945259,0.1000013426238962,-0.3814122914812646,1.476036081115448,0.553998999826088,0.7283502451030563,0.8648276429022741
0.5468360472440086,-1.266199331687086,-0.4496887591145194,-0.7313667411550344,1.3255983250227934,1.8213911606982298,0.09134252883856528,-1.180669817969274,-0.4197450037301682,-0.28124871540111174,0.43638896415321893,0.9448565863984635,1.6791628335480293,-0.134544961347066
0.009569722120864481,-0.9923075135092401,0.38658316225748496,-0.9052727109851582,-0.8086571841448353,-1.2713750917815694,-0.2834358610977425,-1.4390569586244122,2.9097567685776196,0.9351830253261527,-0.4396130045514779,1.4358728404277001,-0.7252053686242161,0.5666019611751325
2.8292301556540385,-0.5884387401567575,-0.31665825390774716,2.720615316469865,1.5366510826915298,-2.2019287865702406,-1.2926954151444785,-0.7500298180888522,-0.5707012251576467,-3.573705485104452,1.16616067431364,-4.596608880129639,-1.728930384258783,0.1418516156974378
-0.6547539842142942,-0.19288844659767787,0.297541275131968,0.5613893261800423,-1.8930928135250298,0.6918837686838345,-1.4738369991857845,-0.054692386802202037,1.9000409044604485,-0.42938862569047176,-0.9888882908017261,0.12949274037366815,-0.21558085379631114,0.5545299969351734
-0.3395719779969315,-0.15563740298442097,0.9816794694028177,-0.21597738302872585,0.1996985103950757,-1.315184847361725,0.1360607512602211,-0.5645084343260327,1.352494959423577,0.8779723739529934,1.3676021199418238,-1.0128590789708207,0.5327415638539738,-0.022174595375176395
1.7113616098733981,1.425596031423945,-0.005159427982259584,-0.6053226514079006,0.6703264055748381,1.12333893215333,-0.9401159093947646,-0.09384012859959412,-0.9034278199720568,-0.7982384047350997,-0.021418057884404644,1.2453162143710297,0.24364653451046855,1.8123619127037973
-0.5979138191924918,1.1990593083079157,0.8142918241949145,1.0923563080139131,0.32509076159535044,1.9409986261937728,2.061654000630606,1.8463018153994826,0.922801637574957,-0.6213318531103615,-0.7719220513064562,-1.1420663441531766,-3.181607385941319,0.537571366897513
-0.542140574572623,-0.14070658381302562,-1.2400077007955674,-1.417309190178228,-0.3707469903625681,-0.9508199082438902,0.05918193722994758,1.688744022451322,-0.9198526844621151,-1.2624264207008344,0.8096910841664431,-1.446938557657499,1.513856526569609,0.17945514105553903
-1.8039270846881748,0.7333617826338735,-0.24021672551856174,-0.009878431572511346,-0.8498685379011915,-1.0369957607848952,2.0044590322399,2.6253030689668537,-2.208914637661305,-0.055927901424266485,0.5729993606079842,-2.1808735438357494,-0.9575743779619689,0.4873519700699963
1.1581335975096136,-0.747813247940122,-0.3361391844811671,0.635848030896057,0.8027890865565475,0.23127160022454507,-0.7250186428646155,-0.8024792615102093,-0.6404213600054375,-0.3951698938254207,-0.12466456723704714,0.26842887622899564,-0.09619859991133517,0.4381429628549136
0.16334186074726376,-0.39594715348113746,-0.3401265676727978,-0.23896780879964055,0.8801565394093708,0.2801562855573097,-1.6135112359056762,-2.784960095142989,1.3386904767997645,0.12626828605682436,-0.5913900990689697,-0.862591292162816,-0.5993187716838628,0.8982436545574071
-0.7277924359990239,-0.5559783255997075,-1.2980641055540507,-0.4945096032288877,-0.5854582614267749,1.2188869186396782,0.8992185722465489,0.7733652611825702,-0.3713136730099095,0.6740806218870334,0.2573469447671697,-0.4456079954117168,1.030268567619672,0.7539373112571539
0.7358938431285523,2.17426573870453,0.3999114889587019,0.8213874115253098,-0.5564061094679849,-1.2730902850240555,-0.9256936341500683,-0.14290760559202598,-1.2186012628105256,-0.5941162388522444,1.412425883990392,1.2254695207681854,-1.6818768401540456,0.6799922791126748
-0.22089211126279268,-1.0660516323046423,-1.1203522095113498,-0.8553411725934855,1.339811107324188,0.7019469908981542,-2.0536077947207665,-1.763738784942884,1.1833395937827984,2.5643954781973495,-0.9946185502061253,-0.7466247576117038,-2.697772712432108,0.5738325818724948
-0.031705008785167285,-0.9106135389418282,-1.7390489328169474,-0.13092015454172062,0.031229910550300652,1.596814342090866,0.10708318097949605,-0.16961198179986436,-0.5624972457883354,-0.6827951400697154,1.1859236708891239,1.3010834473628368,1.128233026425415,0.9018004202295758
0.4384640601797869,1.3615761575339724,0.23351879270953765,-0.43971442858893994,0.7840971946560941,-1.5557896399282851,-0.3542487003445127,-0.7515620761535143,1.081267134539897,0.4251293518656235,0.5929396912013488,0.8048947096200118,-0.6572096605772165,-0.6552255350833908
-0.4854611137246803,0.6054853527004633,-0.20434782416949251,0.6662562724141566,-0.4315668498797377,1.1445568119340526,2.818335561036073,1.5253598906488048,0.8041738710610603,0.46399970814284197,-1.2665916972672744,-1.1693531296644097,-1.7285787100602237,-0.5559836424609406
-1.480595088709318,0.053455185918003245,-1.208656096302725,0.18345947866399634,0.45736029496320774,-0.033938663932009006,-0.7992263710246275,-0.13407525162961104,-1.0182826562208471,-1.5957597800515393,1.4995440348425666,-0.3509815479500599,0.23094614605768116,0.43674094801144464
-0.8204971394843543,0.011694844308637393,-0.5613943891393961,0.4617929837237692,1.0994285290874242,-1.055351130995874,1.5517769086923192,0.9373003409301569,0.6713635331154286,-1.0839181860022695,0.12332409157378565,-0.7538480334169579,0.39727600515514744,-0.5353697708406219
-1.2508995257976834,0.9328588334222421,0.1133416147345028,-0.1495105278265522,-1.0593060522355109,0.1824412548612383,0.0005623594429031362,-0.33288603982828185,-0.5615204948034024,0.09824044950114429,1.2394521584819027,0.19796836096379047,-0.21740268563853082,0.2641827248856195
-0.7676891928640781,1.539107429784588,-0.50617373309275,0.5284432175510898,0.3363122242922404,-1.2615376021271112,1.3273670073918304,0.6561746395513478,0.8621262221448649,-0.19120474132884424,1.9311495158117447,-1.539237557849575,-0.9367618496404724,-1.394538968103493
1.5456088665211125,-2.0608260141991477,0.4409217172187316,1.3165320356274235,0.32781645028320294,-0.07511500951726086,-1.476232729344996,1.2468272385046042,-0.3230524784737471,-0.48950727179969244,-2.0548712872563772,1.8313025427719571,0.6195341768697499,-1.7648426692566923
-0.4081485345117489,-0.6868463129869762,-1.4914185480693767,-0.7370577577796898,0.8296229865331886,-0.5190830950702644,0.4397789008556699,0.9394144547921479,-1.4172174790299217,1.6035076092925802,-1.2752898006053923,-2.208579889405081,1.090759964156898,0.8508023147915198
0.5632092120625461,0.5321721301508341,2.7231972558162973,0.782341058939046,0.4017555283843129,0.13445793502796585,-0.8114760272615174,-0.6430210988354461,-2.2420886116087213,-0.37947980565454187,-0.7559558859390959,-0.4892979539049202,0.35876449124881815,-0.5335447154353605
-0.09138719605434563,0.8791765683746307,-2.249770474647769,1.3697541610911181,-0.7246119761251829,0.0898765636110794,0.6092793675739965,1.0982637391565104,-1.0368703449176109,-1.022796371636585,-0.21295926617802108,0.32652856599514046,-1.7245294313184603,1.4831482893443129
0.8497044477115442,-0.58629736230279,-1.4820616702836429,-0.5358857091482324,-1.1281903397285358,-0.13848946222591574,-0.4167588216873694,0.5366489271055388,0.44404075597016723,1.9197013335070876,0.7400288220153443,0.008938182229836944,-0.28653285056088573,-0.031157654200424933
0.1740251138072334,-0.8308196420247929,0.5028431212842929,0.22071966257637282,1.5638316322276098,-0.5987286757628408,-1.7433385784739295,-1.824018119767342,0.19845400190671256,-0.46816432818605497,-1.5865328828043301,0.6752742897260966,1.7572064524568105,1.3184890496633048
0.6416330612551876,-0.9592506555260344,-0.35293119919113525,-0.2636466691488507,1.006076018095281,-0.2994089716777193,-0.8595889290351169,-1.1349108582151963,2.4687283950153818,0.5180286937443667,-0.5787513757603664,0.6428584426653,0.0689096575166468,-0.3427095446886246
-1.2381800141912327,-0.15477720129684175,0.8997736806498322,-0.5540558341337953,-1.9051671034259734,-0.7641100935836561,0.6125560706607733,2.3156132470899,-1.9745949883082383,-1.748013385760288,1.010766541579152,-1.8916786131775312,0.9541916926314038,0.0844732683304279
-0.6004032770304876,-0.772506468132089,0.26202370421840876,-1.9942392190307405,2.1257619336795335,-0.6232556362084911,0.9241979661469057,-1.6747043795641554,0.543990669643251,0.12459392767330271,0.8737649903274403,-0.8671217296028412,1.3300495034036846,0.26858230218901874
0.15698626087790363,0.040436497412359246,0.855903248192708,-0.601867450567953,-1.46333850292826,-0.6990104749193717,-0.9761110548500294,-1.015777111781265,-0.3278226115068601,0.662280142186107,-0.4719435154090966,0.1555351809035214,1.334372920257651,-0.3652170314660409
-1.08967576301539,-0.8880076672183186,-0.05782872638820398,1.2372637994630433,2.188929513582575,-1.423597230726306,0.6714646589313042,2.2368866343574845,0.42316304964379525,0.8942663057203665,-1.7616376578257271,-2.7773225471510727,-1.6716061580186314,-2.0446186221655007
-1.2447887603661518,0.2571255626800645,0.6236963979128548,-1.8716996699409245,-1.6540515479448168,-0.1140887202071741,1.9138062226828445,1.6348071742484707,0.036312356476454685,0.16601439995716147,1.6280986103641815,-0.12699597601157203,-0.49288263269563354,0.9004410277871214
-0.4072461985753855,-1.0514321492170384,0.4801825155003986,0.7136759559904315,-0.25410484220429935,-0.24593956410746698,-0.7039340954682227,-2.09815762579271,1.029985641581452,1.3164430350998182,-1.4221918662115336,0.5231650654605984,-0.49872893663767953,-0.9953228829240147
-0.5770402693968854,-0.568393197355051,1.5916332520223513,-1.4598856089844157,1.113385024114201,-1.2480401410977704,0.22417420740033384,0.35671472581312225,-0.020519215346504922,-0.21219752177128695,1.9121494179198624,-2.042302050119191,1.3335947524652962,-0.13870902703231314
-0.29950692146802455,-0.42043619690011397,-1.1332446724167164,0.15957360653094255,1.3653657570672195,-0.6279764554905718,0.5803670133560133,0.1773712634972175,0.8434882314209875,-0.0022671193685154176,1.2087971063754668,-1.0731146656944939,-0.2210399507157495,0.06456387644694939
-1.83867590880078,0.6850506831416355,-0.22506936937859598,-0.5409839573620402,0.6700625397545823,0.9305961612570086,2.878122935607047,0.17329226091517802,-0.3169221054167173,2.1192671512233145,-1.2298641119032698,-1.352252509791414,0.7509992367504157,0.2996878837068227
0.07623386770553343,-2.6455499929608,-1.3548466436445428,0.5575554010292904,0.9293125040025257,0.6803138200124924,0.3115238400184627,-0.4107331270558682,0.2723812254579586,-1.625379285891579,-0.0712034156307528,1.0973834966559908,-0.03374538139651407,1.5700867401463072
0.7142808469925704,0.13421218199752566,0.13853879901813793,-1.0052458705902256,-0.1674605041928298,0.42455741355684523,0.4504921522797408,1.6275817687783527,-0.4779055027681638,0.284251732003075,1.6795658059384893,-0.01487376346739963,0.6258848005039463,-0.22300909104633093
0.4630627303527318,1.2533801500673902,-0.4779255878911738,-0.6616771914908003,-0.2513804341202797,0.03297418934996652,0.03571884438851665,-1.0117233308956393,0.37145165270542757,-0.796228376046552,0.6915903044408306,-0.17722476851945412,0.603332197751224,-0.1579607114247372
-0.4406987014632525,-0.31357006635534035,-0.1417941616898062,0.1314784393898274,-1.9690472151866887,-2.216234504586542,-1.0897063398001547,-0.5494962979649234,0.9848503594742807,0.23006609486215904,1.5166060234204248,-0.42822999139094353,-0.7873435681644935,-0.654347135669541
0.34452933601206476,1.0638433755002243,-0.4989642206116552,0.9240198005697128,-0.03738103648977842,-0.5340761218126473,0.002762165983608865,-0.23220232051302314,0.8426524070395819,1.3911507214115457,-0.9970136263262975,0.5273094619599636,-0.5279725977747001,-0.1490275206664609
0.24471645257932823,0.010149194024727783,-0.14969144561704878,-0.24787019817260342,1.1164958543022594,-0.024501125140009107,1.843302431649757,3.719692451245738,-1.595293124660231,-0.8199378647217545,-0.4857001924002915,-0.9173063877221973,-0.4937568028705292,-1.8994770903072715
-0.3717358902564002,-0.824042812810816,-0.9308485243878164,1.1197053018791565,-0.33444731029640257,-1.324774273062972,0.6871084788297601,-0.9323830545041137,2.706242572888058,-0.12176858234895525,-0.220750848531829,-0.3730877823359799,-0.12672467541777624,0.29213881012405807
-0.6614180074755084,1.9167003111717333,0.18005732514628578,0.9423523397417266,0.9183805784246005,-0.27976548133443996,1.1389216929742911,1.2036212202027934,-0.42046709891607026,0.30993055045472406,-1.1732539835256726,-1.578828655696302,-0.15901900306055503,1.1357761859216036
-0.5767136662559205,-1.0509030062424514,0.5397522542961278,0.8326723551811515,-0.9591870159638531,0.231737546043672,-0.12802536568987735,0.8798443275001351,-0.3573488137317925,-0.8267786430147275,1.9558348893861515,0.834176714856854,-0.6459875952642693,0.4076211962507464
1.1389398076061499,-1.6756701958511284,1.0168881221238577,-0.7114344171618899,0.6990980456448486,0.2041768379349318,-0.7604741934764438,-0.4901986663911013,-1.5964698155825132,-0.22452059514355527,1.4000176730688527,-0.5300659780429707,1.705851574667136,0.5409691223131304
0.2960977388924594,0.6819982929251333,1.8381554009056222,0.12631721835935047,-0.6474858983955026,-0.15584535245621595,0.01860255590063801,1.6700255645986917,-1.6957526361582078,0.6111113072723834,-1.3425404517385457,0.9745740362691188,1.0782966292398157,-0.05889259163281594
-0.5696692048279797,1.646893639068966,-1.1084997454154788,-0.10148274376856105,-0.6985724192600029,0.5730653587638594,3.1374325660134423,1.5286009153355127,-0.8009943834343717,-0.5306685349984203,-1.6775901564327917,0.0631723425257351,0.7004309187413503,0.8519188783148903
0.8640602525776008,-0.5110211846168117,0.12349337542160246,0.7593608100793587,0.8995804698719249,0.13957839953887421,-1.4870798605655238,0.6630116202819334,-0.2592642240406973,-0.22663487900589988,-0.5783087262920054,1.0145990868962167,0.2487212942873387,-0.1169111884031006
0.28070279659343483,-0.5324120866851116,0.08684164007820282,-0.09856838508153203,0.879338676077334,1.604628660697008,0.4648919531247721,1.0693238200453248,-1.5228484721895557,1.0505229620868015,-1.7951759030120154,0.5241320458642157,1.1369142985366538,-0.10481513831273773
0.19553295521132452,0.5490960768979857,0.07227951646980496,-0.7983742415917231,-0.3956539664051532,-0.5614226355335976,0.7890322623619828,0.08536992265577897,-0.37219761673303187,1.9155438955437576,-1.5395828664736002,-0.4372396025089197,0.3706902596710025,-1.3528433783067784
-0.09295904309201937,1.7252441036001922,2.635830507892414,-0.7969845997361491,-0.4003408342503277,-0.06471516370871826,1.2086960224413872,-0.9286189060432911,0.03084727116678901,-0.5065116674896922,-0.2661665598399806,-1.5512799942668476,1.6671631056457772,-0.14626085377502882
2.1078891738240797,0.24061592333598195,0.9414645513190101,0.3715441496166899,-0.12745740710849623,0.311302235664748,-2.3194481720289923,0.24161133184863284,-1.6313210126270146,-0.3582067134355716,0.09195246759435663,2.0261547833449978,1.4803135610946072,-0.17799155213461756
-0.47702008733053275,-0.12664769326581804,-0.7404351025662519,1.5415985891446007,0.04495701260451605,-0.18906685807214263,-0.4218450199507854,0.4985787540160164,1.3417144989073815,-0.557354149759404,0.8349766377335743,0.09282808065521429,-0.9443006471819712,-0.03496592707021364
0.03957301240894713,1.6484794294082281,-0.9562801281565841,1.3204626921134563,0.5269825890982146,0.8846258927823415,0.49473701700628986,0.17756200777880574,-0.30618109562320334,0.2519600900616099,1.0861755549633032,-1.4812329857867386,-0.952147815027501,0.7709495354361594
-1.378088978437816,0.953164119964747,0.35189682338582695,-0.9975576718649016,0.025487353683124957,0.41771087134392615,1.945585577878292,1.058165948259191,-1.299323245552146,-1.1696827236728529,0.517572491000796,-1.2753427064400344,0.9860412435624358,-0.7321618690584782
0.5587805781144739,-0.14340079503583408,-0.5144311740759206,-1.1602655484346778,0.3071603385209749,2.4597118379364105,-0.8090704689362911,-0.04363403857947645,-0.16783618515762386,0.08932747704086667,0.728386816745759,-0.00741182772651109,0.5972700659720229,1.9971991652939904
-1.1958499666047113,-0.5829435501042576,1.2056578449368611,-0.47267600654334163,1.4790428905547315,0.24648297437392272,-1.7298134858939582,-1.7000646276425493,1.1085860170738226,-1.1205781574187819,-3.3355171110805175,-4.291013058248237,3.336152570176961,4.588132011046683
-0.8906998046578901,0.864748971386169,0.12148040728254675,-1.0619162199205685,-0.5291615713843816,0.70496892977575,-0.9963323239009128,-0.8579922644979759,0.9214989111840608,1.3444800060772286,-1.1319877759677042,-0.8172156307788575,0.06205456171789434,-0.24380209274343712
-0.6337624818172692,-0.6212541246161295,-0.3032479012207085,-0.898929225482567,-0.22577032956105372,0.37670033582738405,-0.3043755623994632,-0.22891842610726498,-0.1929125367496841,0.8795839328478671,-0.6712664707569163,-0.3018618002735736,0.6521879756242058,0.17830792692915579
-0.9327423512988698,1.3496207710445054,-2.4335325379943162,0.6130154926855566,1.8322690983813048,-0.5274007912956544,-0.22845919201384257,-0.7425771805646935,1.9356554222091196,-0.6016911239911256,-0.7748147113158992,0.22020145357050713,-1.2419133119162433,-2.931365862928068
-0.6808449868400072,-0.07719936310076825,1.7388819463302938,-0.08972483372868349,-0.4224215432516648,-0.34323695406035093,0.1281579763453461,-0.8633981936564129,-0.6390848896426062,0.04839136435309132,1.8921072994231583,-0.09258096785629155,0.527123959086901,-0.9580753143332896
2.3012001699762403,0.37167765951640247,-1.6540967784110532,1.010880399213873,0.5000629965109655,-0.9051348301822686,-1.0141669951340382,1.363238254790251,-0.23604609816076924,0.11124347919213427,0.08643505883454644,-1.4867013705497767,-1.167663657346153,1.839860671054758
1.5374152618345713,1.575203598576747,1.1924446306101197,-0.16948450297760478,0.36883681085564374,0.6502239938181089,-1.1144584443725918,-2.363513203227035,1.712143716433278,0.4380845406569644,-0.661236860250404,-2.0423116827594265,0.8167639072523464,-0.26101541757476776
-0.1696329506867921,1.2155757669146514,-0.45078172236983793,0.8694829325182657,0.9887814605640394,0.1259043759358218,1.0439394962681212,-0.5267807260348082,-0.5159419268005435,-2.608653583066532,-0.30706512534867314,-0.33053923468113205,0.6464139738332428,-0.11336256979175564
-1.1676682790287294,1.0684084055301253,1.3086860154587066,2.1879191292838507,1.5014171825570046,-1.647721276302152,-0.07938016693536032,0.20738221259265943,0.019477432949371085,-2.452628913882295,-1.4566641054186746,-0.2863583852169749,-0.8551655849572304,3.776231616215606
-2.2920453262922633,-1.962105659051595,-0.38642355819026164,1.2787735589911549,0.3795985765899931,0.046872573504972564,2.115748064710167,1.3430697108023506,0.6490136195329235,1.3863649659983768,-1.3439246909641835,-1.588035539915084,0.6022621466221437,-1.276610618152038
0.4598790849999944,-0.7624905931101648,0.3272613100064848,0.05750055942801255,-0.7347859080477374,-2.9415618023964685,-1.2744512280417855,-0.931371324561273,0.20682880909527765,-0.5887207759145461,1.8974671778611265,0.42888727382475983,1.0230926820562827,-1.0784102264135154
-0.44066734184229045,-0.4248107372587693,0.9401491707899775,1.9299857332880663,2.7903896720977905,-0.34371713894141165,1.0502504946961893,-1.8504935403722773,0.5463775572684174,1.0116846741125525,-0.6978293680248409,-1.4962755023976664,-1.2138500948426614,-0.21297232332090968
-0.4219305578388804,-1.127304545298909,-0.04858062603241811,-0.011034775518644797,-0.3447278306638419,1.457305180557655,1.2061833998439602,1.0111199410023302,1.2045456721207268,-0.3039329500324073,0.6104937327180446,-0.4295169926516139,-1.0800330216600125,1.728220671793254
-0.6259792684726025,-0.26084009079345266,-0.03961661872005315,-1.031055773392365,-0.3502480642047999,-0.6723506416742125,-0.4071216469882184,-0.8942033228959806,1.3873813271807232,0.24544643356653295,-0.6929554768557891,-0.21496198595729077,0.270275591905677,-0.16659088436603758
1.5490355111754772,0.7609125224385472,-0.6111366331646726,0.5827085707646394,1.4495306350091108,-2.1382846970799205,-0.4865697470048406,-0.9087701776415197,-0.2842389529358848,-0.3859163545291275,0.29419988691745524,1.2563296761558473,-0.5262358141738193,0.5319044648759068
0.49550486763823887,-0.428208646769223,-0.768168510756456,-0.9500384496197541,1.0745062928767588,-1.5713517844024818,1.137671867446665,0.6993781524837338,0.31194743192560004,0.8521994743489502,-2.541996162307828,0.4040656929084576,-1.6472225451408808,-1.9306724999680713
-0.3433719620808815,-0.35560111738889505,-0.5993053982149742,0.3344789053463645,0.18364302066635582,0.17884298541365765,0.01687277740802559,-0.474166358173409,0.7286521573730388,-0.2908812575924195,-1.5462250985544945,-0.22766029898302545,-0.5654594686056145,-0.2336096000660124
0.4122371856701069,0.3943061041664662,0.1631202812608466,0.5492643736694975,0.7920842623303026,1.9113113866482712,-0.6461067392410289,-1.6668871428507388,1.0958310108039648,0.4015090363441585,0.2671282176572519,-0.30546935787233026,0.4990059307894498,2.0525888555061
-1.4884619971150006,-0.03504904198052692,-1.364731856429154,0.5265731241511715,-1.1617092322528468,-0.6323940069374797,-1.1957328599125807,0.4686562257107814,-0.1918374408767383,0.8338754630017657,0.3125092204567551,-0.2148877610447899,0.17097607758598937,-1.5293219517436174
1.0301675872951215,-1.6464854129249205,-2.2363870528173644,-0.7973217990128136,0.6510020516709359,0.288405289542089,1.0427639544834526,-0.415289274635005,2.0014796153189107,1.801771427324047,-1.756154431743933,-0.8975510702177822,-0.49055190442104285,0.44204561561486744
1.2635200870017105,-0.9401365727585761,-0.29758789833407767,-0.783077185170902,0.1178508982073378,0.5545472819233543,-0.47437469370513335,-0.6658150526758604,-0.011235184707321377,-0.9665046030429337,1.7666929786167245,1.9483680174955036,0.7853851645681382,0.1349756109314022
1.452166959060484,-0.3704180439103238,-1.6031606306010093,1.1262092020091554,0.5237264827820506,-1.0783005812604236,-1.0639774098753285,0.16392594289634835,0.5926012654232578,0.09705229123141612,1.0738316368597074,-1.458697862972898,-1.085812758762757,1.7201382452840825
1.3929759410759082,0.6600901894179028,-0.9549893109206958,0.17405185099898238,0.19852983678053465,-0.8259657288569474,-0.4344760528130363,-0.27726286725502924,0.12438988742504942,1.4058683210052927,0.4334608302357599,0.10891938117572283,0.18428620580055288,-0.3132440862144532
-0.31431521905867293,0.8296000117764291,0.08963634480520656,0.28474372208887133,-1.6675754726926233,-1.0391879779277549,1.1764091036776476,0.5549201570964523,-0.966202573773089,-1.9128565517554406,-0.11069466615262455,-0.7414497432565675,0.8968800906144239,-0.8167029934911284
-0.39907991992925845,-1.0289958074784713,1.7244992977385845,-1.2232878954653397,-0.8990685651299146,-0.3135805389487322,1.5557911267614064,-0.15983417799999305,-1.811312209821764,0.511245566896757,0.8058356142713695,0.3418557711675192,1.7076027058996,0.9121471579733594
0.6388057379671709,0.41560868978299464,0.760529665107061,-0.7429043162734063,0.5106430798427254,0.6453432338824412,-0.7006642713817652,1.2688119335301082,-2.124244050970627,-0.18277668546822348,-0.4169271992649852,1.377245317748991,1.3116861255129586,0.9988414322128496
0.18695053236807752,-0.38430846712291705,0.3065154637912332,0.6509858844470562,-0.26976174120561647,-2.353600292576492,-0.7751671653021122,0.22253785819872896,0.23484073078997383,0.039830039358790245,0.12263981004994923,0.40513741502162465,-0.6057353378741884,-1.0052047564487545
-1.3891935691816906,0.35369701775868756,-1.4185873454812212,-1.2928385567325293,-0.9217375180056633,-2.3348928461133274,2.0463223516533406,0.3529486458160159,1.0622085085378703,1.9109676068468626,0.6501376236986729,0.8639999637512963,-0.5110864260247366,-0.08082737456738373
-1.4464022992656924,1.8229585492269256,-1.26476320879186,0.5430995491269803,-1.4962412791917528,0.6088347723492925,-0.06778793369760774,0.6836283941320735,-0.5519170407795829,-0.620991097807476,2.892719119210673,-2.1487365956517546,-0.6220925478941683,2.6180561622929948
0.2998322242899584,-0.4984486756224561,0.025618177926475017,-0.8890101420573497,-0.03488081227554179,-0.05274633885086966,-2.06089121649435,-2.1794498878208484,0.7189363070713701,2.7615213211812315,-1.9864153283163741,1.720595530733046,-0.022945968609245908,-0.7684440475419959
0.4869213243571018,0.5178802999666658,-0.23298535052941535,1.7613278398239463,-0.4666162254917776,0.4452163871393416,-0.7812488925113517,-1.1012848803297293,1.107578524833638,0.21717994208320276,1.3968991333181922,0.5644099866289483,-1.3637082703340537,0.3547136954542892
0.4163633376646942,0.14973619173071676,2.8297115574106466,1.1082678388521874,-2.4750951171870974,0.20416069795336647,0.4491344257933683,-1.0623074752145625,-0.9535524804384554,0.07337578513958759,-0.5804463715908781,-1.8235185760307295,2.1450303467834706,-0.4655122239928176
-0.583041647901288,-2.0357174107325813,0.20031223843314963,-1.0591706489868031,0.1276860760393413,1.346653446864773,0.1402873167360712,0.8266886187956991,-1.0608598623319079,0.2733478222121074,-0.8633445048148077,-0.30820697106414596,2.214159567598254,1.1245482320407387
0.24876739301381479,-1.3620055568242102,-1.920525760779552,-0.7710558899779157,0.9967005056847499,0.6354660820068475,0.7394954162091376,0.7970143099555403,-0.20312913984914643,0.7223885872523779,-0.46840698217964016,-0.33766833198654433,1.056229472674401,0.9785195392259239
-0.11871802940455771,0.27680703712151067,0.17685903353376725,-1.708535014133313,-0.0329340232827179,-0.09632997185837841,-1.0462123553921658,-0.19983458037101243,0.18252163091466145,2.165827184615967,0.042865818584362045,0.041992771643050014,0.6049197031621522,-0.6144421243423459
-0.2706436619839329,-1.3966651397101433,-0.33404658375538565,-1.7477097306192777,-0.40913460244665284,-0.5357327471760533,-3.439060469418276,-1.8596786780332124,3.075014907863795,0.1681015368819229,0.19900150644353068,-3.319754185260224,1.3780968900863215,0.846137139448782
-1.518997824437466,-2.551804016823808,-0.2589054953002398,0.2758844557606489,-0.43503384555747404,-0.8583724995610522,1.7358600835450848,-0.34986079872447906,1.3697651893209875,-0.4907266844676672,0.6365418578605528,-1.5560392503261329,-2.7145959832837994,3.010948319361828
-0.15213893386233296,-0.11612563824953798,0.286623500260583,0.14880318905218717,1.4662513985305567,-0.029837705434713688,-0.15551206923244748,0.3840358259277678,-1.0100138453794603,0.7935544779568562,0.34963067047035734,0.24420461832215243,0.06366495384895289,0.6719487993202498
-0.553321152500269,1.8254221678698803,1.7498269806932196,0.11696983510770598,-0.6074000237726114,-0.9435164042430082,2.9622372647783237,1.8208199614909644,0.06572261388200401,-0.02759609528702128,-0.06811444909635164,-1.1532059602567641,-0.5147313928912537,-1.1597558934322003
-0.2594383619747178,-0.3375801345208294,-0.8319792195877722,-0.5180314751170861,0.06946671376527475,0.23583063125939804,-0.548227254148314,0.38359338510815544,0.8192451147430857,2.168684004315392,-0.17590595434148934,0.3743158819881667,0.10223690653135434,-0.01632366225717305
1.377862860687022,-1.2829138809274943,1.1033264681701054,-1.658852871970431,-0.36749848275350033,-0.6156193452621688,-0.9191707492544956,0.07492755947898017,-0.6585470939053287,0.548345135629406,-1.1437481572165833,-0.34512404402030583,0.12598173235386834,0.5803664846300433
-0.2998691434045209,0.16673324232872117,-0.3343545197676377,-0.89110004306448,0.8981353671789903,0.7026859232138591,1.000846596194694,1.8985639030541601,-1.785332141903805,-0.11612281663691902,0.7539395125836585,-0.1478909155279283,0.47205543886744955,0.31263725603284304
-0.1221551232722297,0.028382959531102283,-1.051306246567695,-1.020052478458753,0.06200422819552176,-0.13442787886106058,-0.3891690648399857,-1.0652146199893604,-0.6698806619428342,0.9684501478214058,0.24998484088000025,0.11951527406266463,0.5801370915842261,-0.5683232627200481
-0.3091915988171341,-0.2681444817690727,0.029270787312950106,1.1536907512208137,-0.5291181800488187,-0.4575359390600378,-0.06210428738467878,0.4741655170713588,-0.3405929028274708,1.295984535105228,-0.4909418396651378,-0.07741076023787383,0.00028715058605967986,-0.29072053689408195
-0.6172424063303088,0.10064087243204922,0.6755491386363417,-2.000709547244029,1.3512506061942813,0.9544627083307256,0.6743708618857585,-0.0400201753141769,0.22111639492758553,-0.5824935523756746,-0.5823173364405873,-0.41773480230028087,0.9676991799231276,1.2683803586011975
1.1082847731140717,-0.21024108053451165,1.0243264262869276,0.4442604947786163,0.34177070327022235,-0.4383386166640282,0.4529075405997853,-1.3263756277243277,0.5981088980734129,-0.5203564107348149,0.18110858600567623,0.12137139019692642,0.21072212910670937,-0.36113090499627215
0.5116793578065628,-0.01482294783826342,0.9088034943827117,-1.0255656715122345,-0.3523431907708771,0.5723450138957921,0.6559439148601889,-0.6403593445792276,0.7242336465876655,0.4815278767857805,-0.18692690550526442,-0.15014280557002152,0.4232725696956218,-0.2327689275966369
-0.8893310195065661,1.4955778895832612,0.9155306100701354,0.1958869619660807,0.15587531642990843,0.8572051846881162,2.4647230884750706,0.8407318879461516,-0.4128648355536567,-0.16113709445302482,0.48476283379278606,-2.5158578505150313,0.583007743963113,0.7171343450076846
1.3597790461956876,-1.1684008906688337,0.24964243577707354,1.1372314814424904,-1.4989790913655223,0.4655293318296424,-1.1490567194154808,0.9481107034329329,-0.35317580725538744,-1.1674148383214513,-1.272855260693264,1.566274529545686,0.89662424376169,-1.133403723297807
0.25441820266892884,-0.6307494622165103,-2.0796599790396577,0.07030464047089639,-0.06089047953770146,0.5442808194002644,-1.2850959483240494,-0.3812040040022088,1.690851037709973,-0.7827082268355974,0.7302717963451905,0.20423788551894984,-0.03213887233885957,-0.11464397152464943
-0.3197603944863891,2.2168924123433387,-0.022144307084722037,-0.6469392030844543,-1.7857621991106383,-0.432406757040869,1.0502112611213839,0.22364981830549957,-0.5473876764372989,-0.15591872704208534,0.5985666885956467,-0.6877193301225425,1.1695315107492326,0.5438974702102692
-1.743429549001649,1.1468286780663013,1.1636791029863651,0.060146420274707985,0.38758686752827887,0.34018706224546813,0.7855557524259151,0.5102865259006208,0.42453005947618505,-0.5087760455410897,-0.11837839230479813,-0.9567299799939166,-0.38527401842136355,0.9134204281479794
0.5565664291069136,-0.668785346768466,-0.09387297246448414,-0.5601451850055823,-0.8135126875784608,1.548905262733506,-2.06825439180217,-0.009038542241202041,0.9292524809765728,2.280373475685345,-1.8920983013895472,0.45498010100760694,-1.5958201314995872,1.6989185966849405
-0.2256423692154504,1.4738989770667001,1.3798856448097871,1.0281076827563007,2.729926957244497,-1.1464734632350426,1.8632158209714675,0.15240178367015822,-3.455882889864814e-05,-0.8937852964091385,0.3678970659470794,-0.2049713454979252,-0.3247319644627535,0.4011441832102699
-1.3453409305381172,-1.2733309967709388,-0.2433205039139503,0.6795632897482117,-0.026527701297786685,-0.6414255099532961,1.2962660014336993,-0.1306236013961154,0.9622737725520077,-0.6351949740565124,0.6063127039160547,-0.2764042858943242,-1.5301419572825603,0.7893504729473755
-0.17272541182333762,-0.9479665833272818,0.5190013623100062,0.014539833577149087,-0.6909969119561866,1.5520072413770427,1.8434422030683104,1.5338468700133974,-1.874810313022324,0.6935766384869233,-1.591785887486037,-0.10872660288001836,0.826134402723111,0.5501695961515847
1.1880848992961488,-0.40460669538430977,-0.30351785902779205,0.0228926047559612,0.04577047231960417,-0.6370678389034755,0.14911280354716983,0.8786588372233068,-1.982751897307489,-0.7616089501769991,0.5658415595770918,1.084601139879696,-0.27817585648885196,0.8742268240457063
-0.46285781447580226,-0.2938696770022278,1.1803887928572077,0.18533071221546937,0.27892307644828657,1.129438768675034,0.026155425372881666,-0.8608204788392969,-0.34525772340814775,-2.1923384554309964,0.9777504078874096,0.8672572345705533,0.7609036109875732,1.739427643210265
-3.0083939387763543,0.12671465880992872,0.679242473375419,0.2493227497025021,-0.6983942123196664,-1.2143884878615054,1.9466882157677827,2.7370328462518185,1.136785491103498,0.6582602016610755,0.030467585011090426,1.4785162745929188,-3.045226966536826,1.9204806504272527
0.41951966231899396,1.882278425278855,1.2455610134834356,-0.4131228126328699,-0.5747847777388465,-1.1720506528618024,1.3265014349617446,0.5802892630658113,-1.1388008985798304,-1.6978472057011487,-0.059481745822594974,-0.7742344024501039,0.5702160351968091,-1.1606407808595676
0.3527575616580718,-0.601342857660901,0.051675585282677974,0.5583800822973056,0.2091460132978405,0.33776906277597774,-0.21362812274128173,-0.45675217797715284,1.354063773519944,-0.5459215279309213,-0.06086540029784813,0.7940001037644162,-0.22291032579609799,0.21173164403901543
0.27889100315986115,-1.7323829468281338,-0.327043579491516,0.13031921509469876,-1.8132559408836106,1.2961751278166003,-1.9241154046263282,-0.8129625785588633,1.562961088123765,1.406777615198173,-0.5530072134009814,0.990756194619942,-3.106952019236067,0.26014301964943676
0.23100361164790267,0.9994530804876121,0.6136293389471824,0.343602263393989,-0.34954586721220704,-0.8650014481394894,1.7631179419300063,2.334110471976061,-0.5146794673933583,-1.9094245389749815,2.691694093747574,-0.9321325930599853,-0.046192531121651635,-0.7503961810995091
0.2083103971004227,-0.6445725148113063,0.0993511817109113,-0.4517972972746095,-1.0248711264735417,-0.8221494078178756,-1.8065145897431332,-0.758326445594816,0.4224281386912767,-1.7321745389570473,0.3893389201342957,-0.09285931309112026,0.11329276402647642,0.045078021647015465
-0.11652886839620788,0.10046961177062552,1.904649359799795,-0.2215127701151507,-0.7360820453480411,-1.023519774880152,0.07229291971869538,0.16724213533899104,-1.5337419292019532,-0.6496984209975425,0.551306956288467,-0.270934295194798,0.1280754266125646,-0.634726879006656
-0.15674129786562827,-1.4205694769937502,0.44153931773284183,-1.1864537724590714,-0.9017553661869018,-0.15937273566016105,1.8220846089941904,0.11611913997453582,-0.7993326881177027,1.0622124218100348,-0.8649843460857419,1.2003612475608567,0.9787048406760248,-0.8100395761424273
-0.3882160496209024,-0.17039667238726416,0.5845036009166105,-0.28785057798434466,-0.7672438972758737,-0.4559346331561191,-1.865508730032855,0.4254066081433817,1.0354687921526173,-0.793794893545531,-0.006081309229329354,0.1299045780169705,-1.6694918587598342,-0.13928622885255382
0.2915430631859774,0.9137047577362535,1.5808436222483877,0.2890033592509309,-1.2492374678640166,-0.4328908055325686,-0.305358184698766,0.8781408741096112,-1.207211511577093,-1.329874546336684,0.9340357381332082,-0.4709516811109411,-1.0535924168204962,0.3179619848027828
-0.9962515329938614,0.14575974602895095,-1.448852373537319,0.20397761508885842,2.3883397783006766,0.33132967839332883,0.8812252632730315,0.003052335290351621,0.00897560887130111,0.5823366102183856,-0.701056295174609,-0.2495326931697568,-0.3688174030749231,-1.5103027728480791
-0.41567553169453164,0.23636763509970216,0.7528318830716074,0.12401790328815546,-0.23603278454108426,-0.7881793540798857,-0.28676661016553434,-0.4171199813977674,-1.0276450469507323,3.4263627488446274e-05,0.9641303500083532,0.12316887697786916,-0.1229193680678208,-0.49246087932868543
-0.4526219944678694,-1.115706092551536,-0.07553807646229557,-0.7146550605690304,1.2635146503908892,-1.3839208562896421,0.8620838665662314,1.6249514325548087,-0.6543512772567566,0.9714987274988839,-0.08250639560943655,-1.2562395994999618,0.44051190095781373,-1.1570553180057388
-0.2556706637227641,-0.7729614916459991,-0.9623555280054967,-0.12835898509522708,0.9813589137581477,0.4551494693537712,0.1277460958813208,-0.5482673108818011,2.385721713984351,0.0884607785006567,-1.7225862283004323,-0.258227085161862,-0.7342542300548732,-1.0872761695534658
1.0355125300322003,0.9848089377137623,1.6481521239078818,-1.5943926014814334,-0.21300984137077805,-0.02948540520061465,-2.4902661410908875,-1.4121883684203325,-1.5572912200790794,1.8079168255755946,-0.06950278616542789,2.3882421376545766,0.025581866053880777,-2.4039404670548996
0.39898582535052685,0.276316727178751,0.46863673886627233,0.5140033106360423,-0.2288624839263467,1.281304260290574,0.443744532149799,0.9636685818147548,1.0299436043495935,0.21636844009472087,0.3629451073342239,-0.007815194595175006,-0.1053729177272949,1.3304290251772248
0.9747123843524653,1.9437776441115882,-0.02763735475044871,-0.45914551410938276,-0.18964859292260497,0.3668412764642587,-0.21545306110444618,-0.20086290497588122,-1.660645301122509,-0.5386812033477488,-0.10974377846164655,1.6834441373987503,0.246790396336026,0.05975304364871716
0.37441549244080435,-0.5923607007804675,-1.4412470467876979,0.23016130968843138,0.372837018653497,-0.1880530542860864,0.054377759928318156,0.3716412848294932,1.4253658642026004,1.2407268291493723,0.7598150153570632,-0.48515664892962873,0.28798524938515596,0.31841759403258785
-0.8971747770967575,0.30224042373119303,0.9718022481872116,-0.986990728374637,-0.8057131465367628,-1.8404037630037366,0.7930684967200399,1.1544405533100912,-3.4900199226531017,0.24967464351855412,1.3420072914928034,-1.094911676060195,0.8582249990249262,-2.1589511483881245
-1.0535384443447295,2.1003319041770427,-0.14050322787133382,-1.3699912541028771,0.37235882929531694,-0.07815428972735038,1.4370405807329112,2.0847466179811955,-0.3099239035873922,0.16225564393130323,0.5082695123175365,-1.9001914633892618,1.1964225619804656,1.2607680685429004
0.5336650418926555,2.016812579732506,-0.17456537608982048,-0.7624639696188125,0.8844873573253605,-0.07527827664712329,0.3929366969634759,-0.4164134593579695,0.3459967990813415,1.5531318567794763,1.0891522612336724,0.7185966703757253,0.05720963437217955,-1.7220021644742087
1.380748676192431,0.5629072340876388,0.3950090034354125,-1.5888410338178343,0.5173484204259846,-0.17298825649554792,-1.0675191486931042,1.2473364114850929,-1.4448706959960507,-0.658767253584423,0.153164895573808,0.9624209055398043,1.8934954707888236,1.2855829611808178
0.043415078914230285,-2.321458238801923,-0.58948568624387,0.8558394913952936,1.0784859577675014,0.145616024701868,-1.7623340962135785,-0.14907218174172782,0.6094272971988764,-1.5994992981930005,0.6474429362782838,-0.1695108487191483,0.1036033602828017,-0.013358376676785766
1.774367761968905,-1.2935262624824926,0.6329333323559003,-1.2124484599458596,-0.7924047846483698,-0.555376323297103,-0.7651025030157772,-1.223420019863413,1.319037298595487,0.5759040337409648,-1.0941280125214579,1.3936303489457482,-1.9063743952425867,-1.3967836242911036
-0.17310084405229256,-1.4876537377651788,-0.463087728433983,-0.5053296897872275,2.445303708154516,0.45968925360802504,0.7765311586291361,-1.534212136758767,0.8288115718897673,0.10695331541482708,1.8240544107612,-1.0334905627077593,0.9276575905677822,-0.5113931513599475
0.3622285373459565,-1.0036223578693853,2.09596504459387,-0.5414631798442129,-0.1506067743712006,1.2193803219594257,-1.13066254239708,0.07418895238798857,-1.6650237944808453,-1.8920884214786666,0.052084105726680485,1.998040799015153,1.8877300232912655,1.3673903660992133
-1.5555778162040257,0.28522577127562637,-1.2123449622619746,1.3374649674175123,-0.611260234028875,0.8892011636936256,2.406300528097498,0.7341263147354131,0.2080622112065673,-1.612762471726734,-0.6833004846776396,-0.4787046447311445,-0.5431844072778076,0.10614472260686125
-1.1962267173615928,-0.0457248003925222,1.1662921030588322,-1.935055810378256,2.1238690610362045,-0.015777381439758882,1.4757756062370841,0.42924719643217757,-0.921840145897875,1.395447641940401,-1.5197187851148684,-0.07837984350194113,2.71790050392338,-0.8800373384570689
-0.8819317769571097,0.9779979650108181,-0.5053735873773181,-0.7795671124083001,0.2145812258840616,1.443508576314053,0.32876778124276435,-0.11415067966683173,1.1185510388382531,-0.7564391934122988,-0.5824091023090029,-0.5966528209013262,-1.2938665101626512,0.7427797062170307
-2.4232711532485824,-0.04775187181964246,-0.4203990646406741,-0.3386056546399232,0.3460174338745217,0.9900064041113463,1.9571956969968884,0.08963506160011678,-0.4372106012572038,-0.07443390590117002,-1.8310120970322268,-0.2473002652675295,0.24702469671341346,-0.9962816719858903
-0.4426635754031906,-0.34336002704654184,-0.522021100544566,-1.626002030934195,-0.2509328713140052,-0.05556777050648839,-0.47466066229578546,0.9519572008349508,-2.3225827857621204,0.6987782180311837,-0.9166935938148314,-1.1046102491403404,1.6023457320824939,0.89817933641271
-0.5632665210416781,0.03843409974961742,1.023011046448272,1.7452509460674466,-1.3770913906544682,-1.35440216423972,-0.2371665278006389,-0.17479006185725776,0.11828847125793984,-0.18403124043634317,1.3269022631273346,0.1405353734893089,-1.4193478001714128,-0.7533214748389001
-1.0627294946846517,-1.4609141898961262,0.7881739333495158,1.2575048381317047,-0.798093276140083,0.22989667901884794,1.7814495315410293,1.8087583097739515,-2.9409608478997153,-0.44256503141608927,-0.6178432145428651,-1.5400027645500083,1.5740637678149947,0.012306502321862511
0.2716644591743828,-0.6430490669901809,0.1705400051557193,0.1665044032987736,0.5372836148069353,-0.18131669216313606,2.0951997888838387,0.25067826606001375,-1.0530980962416185,0.8021785431195557,-0.5327864150070994,-0.27728624960174075,-0.738589166534453,-0.0627845418109713
-0.8479185263090355,-0.4450143655223806,-1.3665761308355544,0.04164921656713588,-0.46607347548852956,0.5591820141054206,0.5949766303175346,0.23332864823112728,-0.49196481168592343,-0.889953398451399,-0.7109041667865819,0.6688709659372563,-0.9486201425564408,-0.12284137199071259
-1.8814881627160374,-3.217322557186295,0.3260838365264749,1.371973305694105,-0.20081878647722895,1.2493804061430633,1.4052619986642672,0.5207048407297525,0.9179276348307781,-0.20332479379829652,0.691804325520232,-2.0462073156887635,-0.06038792970092203,0.601369155345785
-0.32071429799326046,-0.17448239705915353,-0.1552385750139508,-0.6251659490605253,0.2658554456371231,-0.4737051779107116,-0.7704185579385925,-0.9605103969701559,0.3467454735249693,-1.2611012537395005,-0.3074931960994213,-0.3889998460821544,0.4131232159944303,0.23184033794399928
1.428552426192439,0.032205200759976654,0.16647295297540327,0.44901649113994935,1.4492473803932562,-0.1679007187268611,0.2873957622556413,2.207675494814954,-1.049145768600601,1.427209990679855,-1.5023769040107828,0.7793468656629401,0.4099890744075502,-1.4486267453769026
0.7067098678816323,0.5848939060597299,-1.1030201937584947,0.763610819075094,1.1293943040278376,-1.491424732022549,0.9720039357088186,1.0817304353047135,-0.37814537264546133,-0.7208902455297567,1.920072604278918,-0.9320177261087896,1.0144743674214163,0.7823680622171024
-0.3790499731563558,0.3344114860278194,-1.8234598267269013,0.46510369667518836,-0.7611837914436013,-1.028677163447008,0.4522939187540153,0.9133705418070442,-0.32432707421847273,0.23551818248293835,-0.4530123085362425,-0.8031366657573946,-0.0017509285844493835,0.05585544217298315
0.6362917323832911,-0.7566602193220866,0.279720681970655,-0.4817251306445488,-1.5719192230644574,0.6485953034068053,-0.8221337190463014,-1.5233990006262004,-0.15575705760656847,-1.8622222378473041,0.4100879324733053,0.05387151608754079,0.3799928992226664,0.8438407556055421
1.923913245642571,0.27271612359228564,1.599281329097818,0.4695868037170613,0.4833306009174987,-1.5684750191124135,-1.7817502343981837,-1.8787124296490165,-1.5146516412400368,-0.54347883999138,0.1578926174588245,2.0115656362083785,-0.6546940232331614,-1.4651739605141056
0.0812570778413491,0.5854813928057064,0.814274113528058,-0.40903501535743747,-0.12197239227892048,-1.8295094630029864,0.1327813297938112,-1.5181444335667074,-0.9942765090471362,0.5904046488397385,0.4835361713146463,0.8343950751469567,0.6602101482920723,-0.7451443723779168
-1.8035975190407707,-1.546879655347132,-0.15336009915479776,1.0251527472293334,0.6991778786205329,-0.9460858624372834,1.1450827449462608,0.22195929458974792,-2.3548092154202647,-0.3421173430873567,2.0909393402591117,0.025288350607207296,-0.43403659855954985,1.3901132175925432
0.15987508858359556,-1.58387011255074,0.322318935397092,-0.04756563500259772,-1.3792360036671265,-1.2397323407384064,1.7058956156052447,-1.3975129009383878,0.22025289085825014,-1.1841168402831668,-1.4367101011739893,-1.2437899201388158,-2.6755100296217993,-4.809457071416429
-0.2926261396703629,2.0064738634629102,-1.5965430733401151,0.417573629639701,-0.9852667654556935,0.6160241700003528,0.6308658814314618,-0.6124178502800166,1.5688223059740602,0.6063323583943814,-0.18576341161336943,-1.3325798119397987,-0.3657039883900478,0.11720637336512839
-0.8879731327494885,2.162835546402086,-2.5680050610446625,0.5706369390162878,-0.050429233544185666,0.1638502353642422,-0.8543112614691273,-1.1287341281108847,2.1055924042729406,1.0325354690058586,0.3861320550067855,-0.1999902258770929,-2.0939817895153325,0.18356996298093575
-0.4496853352984972,0.20555604898966895,-0.524455150974098,1.517308856359678,-0.032548193715645574,-1.8556081102750241,1.5238332176573715,2.2885756884641624,-0.03259930787435168,2.882028915976912,-0.9006773824050238,-2.50960023156693,-0.7474630591406498,2.1367180891505946
-0.7979314132314888,0.3864869556684402,-0.6767710458359699,-0.47116731637338083,-0.6327726744176508,-0.34910924228297924,-0.7128456753915948,1.6412581806381796,-0.3782025201081157,1.0858173084283573,1.8996811066542492,0.07130818007221533,0.9789537761408925,-1.5492502582258285
0.1229522915752616,-0.8700420032718764,-0.3992698467615364,2.3712321647845456,-0.8748166690419541,0.49336863906842926,0.48214438970698104,-0.5817438101658873,1.2746600062039326,-0.7871485255683722,0.7458667973958755,-0.19630399261576542,-0.1528947674498523,1.9056051876403992
0.6468260548879111,-0.5052217762734484,-0.574136795439212,-0.20742636049954122,0.6170330039188833,0.403676951354359,-2.100354080478442,-1.2994705716530293,-0.6230451857486861,-2.3869525619481413,-0.05761034202429779,-0.37223227105888407,-0.10928613264442405,1.218316294825654
-0.2717332121400196,1.1308874864803486,-0.7419334076892473,-0.8449798870472407,0.2238218004548792,0.6066397711786112,0.7642203335607487,2.6659923415284297,-1.5314351433424382,-0.685422918527056,-0.13415369485112608,-0.3981676430983205,0.5775476463262522,-0.5203976514244444
0.03089745743405188,1.3202110543613639,-0.10610719435107217,0.34986449319577273,-1.1373541289035858,0.4593764898989801,2.2748709277492494,1.870985526064541,0.15074447843646765,0.8248660470640549,-1.2410051625639722,-1.637131175473775,0.11586804261250357,0.15174792593814787
-2.8436671358159304,0.3063707418629109,1.5204052664729821,0.7606009880712886,-0.13286254860497565,-0.14821952908766367,1.8827134787241815,0.16230831627580303,-1.5673020134692568,-0.4841031834537476,0.07062046344865425,-0.6316886357902984,2.175384918677056,-1.0668016434437564
-2.1741952614668345,-1.0188904523874578,-0.5718295586407736,-0.43797608417492784,1.0934690084763727,0.9313669505607257,1.4503722638445649,0.35328398679906514,-1.9697834470645181,-0.724390834843205,-0.44168833760393444,-0.06980092284545994,1.5775816331791277,-0.8338328230055551
0.8244037163358324,0.12156432195524308,-1.2905244265192406,-0.531806197510583,0.5676954173471583,0.26426742829511973,0.01749912187547266,-0.07774886549700899,2.0781334213483134,1.6222334384105,-0.626961049261585,0.6608131773749715,1.113290424758308,0.2260345183330501
-0.21720763413578564,0.780505155261433,0.8437497662114509,-1.434554504289457,1.0683161036190612,1.4081432158345983,2.669651030816466,2.659333866520381,-1.1323019530337193,-0.5768107696274724,-1.231273789556399,0.8935609448880162,-0.36155379035599106,-0.7537474817033084
-1.2378524526673882,0.5830915244360905,0.19135037302756913,-0.7127488213272374,0.8189774654799646,-0.5674040389547769,-0.5006715611343042,-0.26113895014451904,-1.4029162523856236,0.03989476183943236,0.37241040612642684,0.7741011238365332,0.9179491520418498,-0.5168429394865042
-1.044598833041438,1.401982783500623,0.6196596536664741,1.2641284962622745,-1.9356949805835115,-0.7821481112792664,1.138046467131512,0.8387474246540287,-2.1822633427873117,0.05305457421344327,-1.0254539710319241,1.0568754255734778,0.1397472037053435,-0.49529284024522024
-1.0474055213660387,1.6622132989588383,-0.93249294017545,-2.4187862461571226,0.4903080901250069,0.5180440332221411,-0.08285444970611888,1.0491388430146718,-0.13351593904399994,1.2422235131757586,-1.4567228026078627,1.2005575355169453,0.45499946445627143,-1.0977099058959694
0.9632182988732348,-0.4659200106543093,0.16010654334261115,-0.8185908192246756,1.0069614142279562,-1.7505939116561704,0.31035873657027885,-0.44035883540532683,0.03180175822210719,0.18482548462848625,1.5471455698862944,-0.560159281919655,1.1942726071594771,-1.0616966726695187
-0.776894448536337,-0.04524162138104284,-0.229436727526156,-1.0354738498158746,1.2124644584500954,-1.0376905799277698,1.0016953509557716,0.683768967843944,1.6790428196201042,1.0769586606465933,-1.4063946336587139,-0.9779154667822053,0.30561950507237323,-1.2156627356465748
1.877220241545561,-1.9171089408530033,-1.1210170961179637,3.0672138175188275,0.3786927839684923,1.1134843017664209,-2.6815270238127202,-1.5700709449216044,1.083373824445929,-1.8988186517936192,-1.0963137946977888,-3.4673666777706975,0.5213861929554974,1.8539480915782944
-0.4744087004933651,-0.06940248728099349,0.19945361627049604,-0.20812369193534241,0.6392894567544483,0.32246601019307447,-0.08418934998288372,0.14843137289481262,-0.7962241519005196,-1.0029344397510283,-0.7246613597700924,-0.01752518876391575,0.6528887693411332,0.4852254068560063
-0.12797881821629764,-0.09788317557764256,1.2977599730916962,0.5017299889738935,0.3120911439653638,-0.6177184844811483,0.7818978673175532,1.3597172360948577,-0.3741094672534814,-2.8172002515896852,-0.5005559362241861,-1.543847808398562,0.9553710017701492,0.4265651580038532
0.5277362740236119,0.415832090714726,-0.2563935229631645,0.641626505800721,-2.578908548948004,1.224523673693571,0.9612794812224446,-1.1165027875483484,0.5753440696042348,1.8560401649535319,0.2434863762811074,-0.30540012928208604,-2.308964449967441,-0.5038284187942009
0.07843660261716469,0.9440709905933862,-0.6672447036546187,0.1745001139313814,1.1333736726994714,0.0756250856755262,1.5318039869541744,0.7581193295513193,-0.17256199016064433,1.5071402355565222,-1.1525345538893448,-0.26597209976589464,-0.24701620909511235,0.07634363990450992
0.7513472071624412,-1.674154353027494,-0.6687147364918576,-1.8128679295554453,-0.09815432307395106,0.3369038832627419,-0.460847660935461,-1.4188488338837533,2.616769798920123,2.626842363440606,-1.4215536945774552,1.9248844375568894,-0.10874863599059006,1.1843315621721264
1.0257842809777284,0.06890909159923395,1.7965944601455834,1.0634483333469404,0.6461060119010502,-1.0198383373787876,-0.5680253391623282,-1.2546248749367632,0.4542199367322003,-0.8936525848504171,-1.4443163987593843,-1.3654776613922315,-0.30942954024813746,0.4787320532063924
-1.7582805108624475,-1.4561392712059162,1.508739711462932,-0.48320785259800314,1.3371137032619669,0.8383799688777003,1.837507535717098,0.7198606539373136,-1.0911989486756308,0.39864766096009907,-1.1612768285496597,-1.1696296804129656,0.1526163153619261,-1.2053702637573736
0.5730859765482292,1.204040160709868,0.5125787080230233,0.9251921931758099,0.1817621974700974,0.3041181887372829,-0.9385968850164033,0.7783888878012775,0.10846975937953185,-0.4089924277554639,-0.29514217078146343,0.8690748680569561,-0.42014127329280504,0.5473277160520391
1.187935940189178,-0.4348345986744315,0.3024167145230293,-0.4441104280283259,1.2819915990682842,-0.6282381745836705,0.45965157107081484,-0.8962518633779014,-0.020329435522403835,0.421723360296649,-0.5177016389862915,-0.04119270134983517,0.47796196407344693,-0.42291425573022723
0.23557094169346143,-1.3173588156465075,2.5101308183949427,-0.09754735982006238,-1.0096060785799523,-0.49443799884163814,-2.2098414134344195,-1.4508740766683221,0.09199563813964268,-0.13746319254375738,-0.7542301357676496,2.012515931691259,-0.28827923889075896,1.0355825345066612
0.43864129182923134,-0.6924949473913549,1.1415613530482898,-0.38363277055822287,-0.19211454430374658,1.2369904258290287,-2.7698681065438224,-2.6982993577199306,1.223643126690489,0.6040509852893126,-0.09746054066899934,-2.265922699909399,-1.6887439322055653,0.5506051009804399
1.3897236272497868,0.5067509756832067,-0.5283706750275742,-0.39268370124075413,0.8824189600921609,0.129215324281039,-1.3857973746844832,-0.6065220724193714,0.25659859306345145,1.1830916083762415,-0.31429508212843227,0.8379207827079341,-0.04332481268321766,0.04031552987965733
0.828899716268884,-1.4347162423532995,1.0626317830964769,-1.5687465120097646,0.502133293184049,0.630671745524528,0.7169514189823063,0.35432990163188827,-1.5367360572016495,-1.7287121549670506,1.3172639566090656,0.8028604985230418,0.03997267408527863,2.5191207855125906
0.40212766221715907,-0.3792369074814192,0.8403169261721736,0.3280572981884937,1.7769362609204347,-1.419763163414592,-1.0194150890285782,1.4570368943475924,-0.2549757847360867,-1.5283871822766435,0.06638593654686809,1.904633297092371,-0.2622146586009283,-2.400190402811261
-0.5212527022313327,-0.935927414648176,0.41217931252984824,0.15257590403159946,0.35448476140833746,0.15406126770478268,1.1983431817368684,0.09703258925183984,1.2136108337479008,1.8690221259595905,-2.386877967416927,-1.7284147396873062,-0.9023063507159583,-0.4610401093769883
0.6464120822754453,-0.040780882825764385,-0.14447227715142305,0.7906436316290049,0.6619130655352314,0.18243036710904018,-1.7241250299156687,-1.5176797682159129,1.0441138643672778,0.8169359292827333,-0.7718850518543544,0.1736972801712639,-0.3711866747857882,0.37347692900092405
1.085307263964678,2.265174048337434,-0.9444585239223797,1.3177235850829703,-1.8199577000449267,-0.7925147498270162,-0.9279183461343545,-0.0015451921927569223,1.0590846641844256,-0.8002412144816488,1.8782293570888104,1.1330353197971377,-2.5244733414847484,0.9237235703172771
-0.8102764802167334,2.1671909656949957,-0.04414430332905732,-1.4254039946100894,0.22338980485882387,1.4797850983530705,2.0671600903951415,0.4088389591814226,0.5034486801487048,-0.48739612604793414,-0.11016537350414234,-1.6293298055977243,0.7374375901162403,2.0064035885403566
1.0688495344775284,-0.43048801093725164,-0.5682155659482473,0.8481523767378075,0.19453207909314382,-0.16330254965795318,-2.145298283691554,-2.5830777587592206,1.3263799562331313,-0.12313269022164426,-1.1392201760650678,-0.7913572564202935,-0.743745969025091,-0.4792623323369728
0.4825271368948575,0.5538494178890708,2.331918435198166,0.20730175713719343,-1.0073554524238695,-0.8303785313859011,0.4191643963153964,1.3010687794687472,-0.1584591966710172,0.9367325066026158,0.2700759433125115,0.588860036163755,0.3955538050328352,-1.2492386782897615
-0.7500653095185004,0.3595202973414335,0.827471889869867,-1.3770762131327627,0.011524145317497365,0.032069343391550965,-0.8367856053719258,0.5085273617071966,-0.7399433471165282,1.3289524643061295,0.3372113663686135,0.06784657393895765,0.7536925553263971,-0.9082187923314563
2.146260669483445,0.9741749905649311,-0.27949047726603354,-0.39364940454366726,-0.28447908187084153,-1.132460744691488,-1.8679114021058278,0.8226637744861599,-0.35990436105725765,-1.6855989100931976,-0.215257532931196,0.8795338968689135,0.4785378866614942,-0.8572966433783148
0.48483485014148775,-1.7408694337380355,0.5780755841610641,1.9025180453487054,-0.4014068239894076,-0.09014115714858713,-0.3264338744192987,-0.24917177345898772,-0.5354260867389653,0.02663654349784183,-1.6096411957147914,-0.9863234116957359,0.2862475899121219,0.13159615793572568
-0.6589343821768986,-0.3118051848812423,-0.8687873975608141,0.17259384697721425,1.001387055523007,0.8023148557106625,0.675728990933459,-0.162183302573694,-1.0749010083977484,-0.507991491529344,0.4818169775210419,0.4012969388133658,0.5715075369355627,-0.04372315929320928
-1.5249182535913106,-0.7252367612799295,2.294393136300136,-0.35826052020551813,0.5360348123719605,-0.9362986906117404,1.9720308302366334,0.0011502431529970825,-0.880703717106198,-1.7727010955460045,-0.31765985029411914,-0.43995995689488954,0.8465613112151888,-1.2724193484311406
-0.28639356026648827,0.13201242471639718,-0.6939557448189874,1.6183083961466707,0.1293515556649916,0.7558284619657251,-0.17498972345694305,-0.9379631375047573,1.0255582510497447,0.11252004689363357,-0.7577604680322755,0.07867397759958702,-0.8392258986003837,0.05470538135448681
1.1728687801724766,1.5102226271734065,-1.6602627342507597,1.1055957418305362,-0.8240281701700075,1.0554626407323957,0.1305274438316371,2.1376101171917945,-1.531493995820511,-0.730078967106571,-0.18622167994870154,-0.5813743450001384,0.0052271304058184795,0.45398917441023906
-1.3260445130101457,1.5137006194768288,0.9612226935920409,-0.2780157184019817,-0.5220819563153567,-0.5620361844177528,1.2583869143949329,1.380750428390515,-1.6981172850090238,1.0724261628294476,-0.49490822433925996,-0.8079212796775771,0.7193235354439521,-0.45376576133573215
0.9813602445864734,-0.3194195378328109,0.5932323914030757,-0.2621805024287217,-0.49587341261544543,-1.3925212961232083,0.7804710129139565,1.4623998000883476,-1.6087897732710505,-1.0846932673812804,1.0340028133967125,0.3623020637373187,0.19574517502498642,-0.19881676536683687
-0.14896841311413367,-0.7302261550734209,1.383195600027406,-0.5490169195424092,-0.5040040087632941,0.4886287071984815,-1.8067393883880982,-1.7139444680593816,1.8690631262837216,1.9850079282182491,0.7269842176853586,-2.5533692595289708,-0.7148054665742039,0.5706755232156062
1.5069595162090976,0.5226464866472394,0.7071443496498168,-1.4129066342766277,0.573581130486149,2.318372544481326,-0.8705258321787621,0.7660859029248841,0.6228318806902123,0.03306656510542603,1.9347558995791878,-2.5591753058120332,0.12755656892009004,1.3326194036029244
0.7885230234592405,0.539901513853015,0.044787553280443954,-0.1749375162457554,1.5127433762003704,0.7421212994796424,1.3208338954711238,1.2210277656671287,-0.9537621315043316,-0.8709877223013724,-1.578903743856361,-1.697819936176234,0.723831646945943,-0.7347973389425536
-0.47695206916684274,-1.5588868374522389,0.5171945155200408,-0.5483203512158248,1.4896763541136313,0.8876155047283286,3.1893694185531642,1.3377092173376788,-0.9795770060986,-1.8927606133941433,-0.8194102845512051,-0.1461234004808236,-1.605859322163769,-0.08420026934411608
-0.7611806418694821,-0.10123063455291267,0.09175221785739732,-0.3965268067193334,0.7159759140942186,-0.7457406192897013,1.162747925545262,-0.7880230541728994,0.006104047038135163,0.26528681250972724,-0.5610876766388079,-0.4769882936169885,0.3721896479114892,-0.5988413476856259
-0.5481752949652127,-0.6780021774274424,-0.4389745586983492,0.7521226445244615,-1.619625829544943,1.9610813155012072,0.5973880999860588,1.842856959475407,-0.8913553848984577,0.13359838909853913,-0.11527445978635875,-1.1322119013943437,1.50255771183055,2.401910836121165
0.9254681910346191,-0.8737503270433528,-0.0848814481773997,0.11814440244088972,-1.2580202460198526,0.13774436804034276,1.6240521333403066,1.615723547034877,-1.8397768266931107,-0.38640330864521305,-1.0771729337727085,-0.019100361960923604,1.3056006978227634,0.7439912615798492
0.4870506345102835,0.23482879245616792,-0.4676254980585899,-0.6898237221548146,0.15217313307340988,-0.31940401453259193,1.0196525907957412,0.1210363956294245,-1.131011798576232,1.3784099407793586,0.52427269030323,-0.016392322258818384,-0.004624522055834947,0.1429281054017366
0.5939638946914954,0.02096085423666338,-0.09742673647906681,-0.4341833861765454,1.0499191200643003,0.9724963929240559,-2.2004064989443655,0.6203742605391647,0.14261255355156038,-1.301404208538874,0.46633586917622505,0.6618997238764255,-0.7342835232630786,-0.5334679526628744
-1.3993733962924195,-1.2617786854947888,0.18782033848386845,-0.07725922568667501,-1.6473022609688943,0.7948873248785714,1.0442787383849426,-0.1389245101949521,-1.2754459519629489,-0.9849000821280788,0.06914616963077455,0.2083965130667442,0.8530137780394431,-0.035273997716159876
0.6591186940907278,0.26074602847181105,0.07222547905366954,-2.998768666619953,-1.0369629655645607,0.7118744712482955,-1.171224912231668,-0.24646055611074835,0.8569875487646718,3.2211426219542587,-0.07363863068087481,-0.5747532010271087,-2.764739213364603,0.574188442005626
-0.707810191058458,-0.13469449727260174,-0.0666758311296293,-1.4916158521314902,-0.8783559268741544,0.5696764292690529,1.7385265864252912,0.1559167609978017,0.5528870527066648,2.0114753724711925,-1.0725532447944184,-1.4283286773778252,0.2099647335373916,-0.2133295528549122
0.09002529887179715,-1.4139243617577975,0.3483467955748566,-0.01379387225229465,1.352855613755317,0.3251140172672358,-1.1205679945555325,-0.17588435102794509,1.1921941859924894,1.7326064321197778,-1.145528278538478,0.3220326738082458,-0.0305362599945709,0.29646558853452026
3.043899631769368,-0.18024006908133386,0.9568039524405113,1.334939267167999,2.374470083918987,-0.7149245881541941,-0.1946582589445391,0.9130618678824706,0.7859118681960234,-0.6175558592999297,-0.5279397551399203,-1.91928574493926,-2.563953051810295,-2.9495639161671745
-0.812918481739569,-0.2114702967211243,-0.05811498903148721,-0.2391124995103922,0.8050085806594202,0.6132031787299463,0.143929453787132,0.4374946129211964,0.10574532967598038,0.015166198258970023,-1.262223655626112,-0.5094502990975703,-0.08123553562223385,0.39906942852299393
2.2451285913353405,-0.2928190749359774,1.461066736464418,1.1263460010847484,-0.19451968537469147,0.249846183871745,-1.7782498412950525,-0.7715630231138817,-1.3931422345960254,-3.3606652773748937,-0.2883995110675496,2.748798124667635,-1.7672785400512632,3.6166243822904782
-0.3660798812096508,1.089203377306274,-0.41791555853742274,0.44013723767067203,-0.8883730476798398,0.585699284453919,0.18626910235236252,0.7744570460984415,-0.05521648661834084,1.5760888137087892,-1.1859817738668794,-0.3676904659330144,0.259555360405793,0.13308650774262515
0.4547571077682545,-0.6911584779072504,-1.0557031960648673,0.618193587598377,0.015236329116757074,-0.5298441280518175,-0.5124695631606508,-0.2897176205658492,0.80038435992745,0.4386936670457133,1.1366426742514237,-0.1430615471213766,-0.2159460971822006,0.23302926582900294
-0.22262057201990976,-0.560297719868297,0.4626204281494292,-0.2844138661667459,-0.22394333163296798,-0.9492374514479405,-1.531150549661949,-2.739225969020082,0.3556989566570927,1.1649297938021848,0.40800956748972117,1.2029700046505936,-0.23373400122287707,-0.6174576863062721
0.1657706458492677,0.13276836696608604,-0.6496918443855719,-0.7066450726689084,-0.2784463606820384,-1.725559084140325,-2.766256518927016,-1.134814727415454,0.5203208290544813,1.9006320215322363,-1.3221060601194057,1.3152030898391798,1.9480908968526722,-1.1106602452444847
-1.2152468436418027,-0.23449679155409914,-0.25302281206013744,0.5432652813558442,1.105506850400153,0.338981738557645,2.73314502067349,3.754088979767924,-2.182911799313712,-1.3139077717266436,-0.5558168941962024,0.849394626371989,-1.8806012763148174,-1.9510836806267715
0.015289504537656665,-0.8546050549266637,0.4226698427765573,0.6473603040469181,1.590658347178817,0.35166685788673135,-0.6558333651172126,-0.040524626195397956,-0.3997847424886428,1.185566067108872,-0.13864139809698006,0.6088645996378022,0.5469329898606405,0.5453148862956897
-1.3422495630219158,1.8831398978605152,-1.1476491191761597,2.422894976023946,-0.19384637132150187,-0.9931055679252756,-0.25106772536209504,1.2936967115560223,1.3752870289665124,-1.3666664272631959,0.9196642509799128,-3.1480687578285442,-1.3401347800558956,-0.07652107161423774
1.5923942037932977,0.033268494135453616,0.07523729423934258,1.166515526916321,0.0716540465954813,0.6839249931660283,-1.057716992328028,-0.17842820842899315,0.6185993465827216,1.9576556838222998,-2.4331170343630606,-0.7370396531370838,-0.6175666469823631,0.0013173558305316774
0.04664508678639137,1.3182846422277539,-0.15372587215777084,0.04412532839247085,-0.31208053118313583,0.15875042848208704,0.3584903686512015,-1.1107245641742187,0.017099193419638753,-0.3827786572538742,1.9330306149270415,0.46751804913353695,-0.12209826685674152,-0.2727987624053889
0.12062099711995496,-1.2865985160957025,1.3815845034465193,-0.5620558535694361,1.4368602074749128,-0.15420153605754516,-0.49140982183510123,0.375714639969722,0.5491928365685684,2.045419027724902,1.069888655704016,-1.3289864093878565,2.5837401569785285,1.3485220389455732
-0.48566783416880926,-0.6575131818156026,-0.42346826992441766,-0.16226341788980786,-0.5500713664549436,-0.4008834039215332,0.3529896146067772,-1.28709966166759,0.28682965830948415,0.23076524217020558,0.4090947246756963,-0.16433711661306086,-0.43465790092228357,-0.17289798097442943
0.5019391785539354,-0.4013042614994305,1.0455676741870854,1.053099666956054,-2.0435800020601866,-0.6672155335714678,-1.5638929642945436,-1.9936382819562337,1.000612648348315,-0.1478855279093658,2.5120999234404886,1.3905882165928287,-4.519738207332126,0.5886628628077593
0.619888067608469,0.8731214264058688,-0.4569854328349692,-0.6809264396995192,0.24550162616402008,-1.3469478184214914,1.0171675201342805,-6.526475235121842e-05,-0.8993160446065103,1.7744885554930125,-1.9102421689265492,-0.06993829257005378,-0.5581668386249835,-2.4286758369848442
-1.852020804401729,-0.5102826013004722,-0.31259894226452384,0.3890297809143469,-0.049493139856251735,-0.38425199382211866,1.3370101239925685,-0.3145315502096452,2.3474191319208955,-0.4970921018751231,0.916108328816829,-0.28274386263044965,-2.4541066979769295,1.1987173547042393
0.36326837544873763,-1.9187849366242065,-2.8218511557066446,-0.40984659707607507,-0.03984141235215979,1.1434486268090123,0.41034245293700855,1.829704032959215,-2.195359999570346,-1.726155159689461,2.3459184544010667,0.850873744957323,1.5303191986948987,4.913297094038509
-0.26665202156275086,0.5297524901263908,1.0645320800077485,-0.11385547110289156,0.5060070809397567,-0.7970069644328711,-0.5713021513018068,0.5601713850010772,0.7154601530091742,0.9602880070283931,0.2499451226293826,0.18262209531642104,-0.4542077161938676,-0.4271992881150326
0.13744236872093196,-1.1475185360163291,1.2187158782761167,-0.40435576029820175,-0.8927624876607473,-0.5043267769987022,0.4143878459338383,-1.9268238679476175,-1.0011019489698667,-0.22532389053017193,-0.11076040456272285,-0.46417145733298704,0.560931315093376,0.14578455756126857
-0.24704618077591756,1.5996488589605813,2.1503565589603544,-1.0596774315607194,-0.2085021855915035,-1.774618863418457,2.097834980463784,-0.22117009682450944,-0.692093557398105,0.31041800286053256,-0.6818098142242047,3.536763720201923,3.344679520386686,-0.4822275645312666
-2.421225709526762,0.3346293775916226,-1.3330265324462978,-0.2130185787684025,-0.2516998006880736,-0.8961528440234594,2.172710927730706,1.7921782462233087,-0.19405753981602272,-0.8098554113571699,0.4154308737646155,0.7469922944956953,2.0365243136281417,0.020640166163034754
-0.7761080252213013,0.4686764535888871,1.029473322496643,-0.583093037688263,-1.0296705623617644,0.0612154627573852,1.8397860167098719,0.3764322023115011,1.7091945509069078,2.181936314603844,-1.629141202504694,-1.0564587251748885,0.17655923955883474,-0.40660207286925154
-0.9406275479528798,0.8380899722992526,1.6367896224368248,-0.7779346080889501,-0.15003789949766014,-0.755590048321478,1.1526714297062646,0.4657601833435484,-2.4459236992226705,0.7369025234459904,0.07287493707349649,-0.7693003985518042,1.617370313603355,-1.5863883042743854
-0.30666729927710723,1.1074106754948776,0.68367397773733,0.046248315344746674,0.7970372510907151,-0.5233144366890269,2.6471192895768287,2.363707645778279,-1.0169283240998865,-1.7811312118193876,2.139259613577008,-2.084094212334562,1.4225618372593722,-1.9978206231370803
-0.43933735831552856,-0.09269753771026656,-0.07064129381442597,-1.4112742165165955,-0.3369030818398897,0.21635329148215587,0.26108113061712146,-0.7581709804191358,-1.1762120100979894,1.8371705549493693,-0.218979969891846,-0.9889267086984741,1.0129926255754444,0.04321335313789285
-0.3272648757204341,-0.829016573101918,0.20064284181136757,-2.0849955981321373,-0.9804625639143805,0.8529203556991861,-0.9798572570658639,-1.8440622837725922,-3.1909006297831164,-0.010652083747559302,-1.0598204056984493,2.489902911734168,2.800273484653787,0.5564575000129077
0.11909103321126453,-1.4933912704873424,-0.2548542129147691,-1.2710525159364132,-0.5108884206265101,0.5835354315504475,0.15871879058640093,2.132917799616445,-0.17377790656001765,-1.0296329898073027,-0.6199748295187668,2.0136911775403137,-0.35322023525560986,-0.11731583404828223
-1.8395924231316445,-0.7752216798114998,1.7055882141498673,-0.2501862558998774,0.33754698144659445,0.8882328744002527,1.3026478745255547,2.2894688522233797,-2.6755257626102775,0.17590913540317965,-1.2033788405261363,-1.0935933000631077,0.4546864045379856,-0.7145531564680394
1.1838856035686385,1.4621128814789055,1.547027144067524,0.22560480447627385,-0.955754356834339,-0.4862731235976278,-2.068335198211682,0.14343358268075085,1.8609757510898717,-0.4323227143435534,0.34080547886172674,-0.7985535124482885,-2.771742449303972,-0.21408275567114482
0.875912364184186,-0.4648415264982114,1.4622508884636074,-0.8498470100282879,0.8834320360956825,0.6621584015843935,-0.17481224148598132,0.36733054753161287,-0.9904849062922365,-0.2900840862101511,1.0154672797601931,-0.17151978074051277,0.6534049587755111,0.4463559086406242
-1.2076840117630434,-1.2440257299599347,1.9256654586682658,-1.524096397168802,0.6922857509253184,-0.9410357361428692,-1.975356481964223,1.5140286739694564,-2.885726039013457,1.4239088268320388,-0.4441100465993688,-0.9773614221028505,0.18441011836011068,-4.030525786121638
-0.4251175367193815,0.17171804982766206,-0.09394203211572079,0.4979012455195879,0.9959102263854215,0.9401335152175581,-0.19828900570613273,0.7431242688493734,-1.4715817252182164,-1.097029177213475,0.6587476741483718,0.9651824543355151,0.08369680020910886,0.9674121275827886
0.523780056992209,-0.5182598432640697,-0.044289638194888764,0.3906643848909761,2.0159881270380184,0.3135134547761521,-1.1652632461918009,1.4087586365972733,0.3444047266628506,0.8579910974344124,1.5522171541446979,0.2745960714121397,0.5409520897387069,0.18092704375114346
-0.3207193439193709,-0.5138762821347013,-0.579868387065014,0.014271432001810795,-0.1810955921715018,-1.747587291546442,0.3626424647103616,-0.8297883851865305,1.7251297540530521,-0.6498906842427623,-1.2094708903456166,-0.4148158998848649,0.5452764503539274,-1.0781403103925409
-0.3624378380106906,-1.2781860895087356,1.196807414275734,1.0961102389283097,-1.2764831227426685,1.161982762748522,0.002812923159893163,0.6565166280464555,0.4226852537694984,0.1943486672700066,0.38459511408993774,-0.505638765446099,-0.7072151100916945,0.14594510659295817
0.567244370966197,-0.014446159421241812,-1.0320304995433365,0.2333655629818364,0.5938984392418678,-1.5064876153334419,1.1320462293100646,1.9177067797984235,-2.2467677817315996,-0.6126894475635531,0.962775481691034,-0.017935088321608266,0.14861487789209227,0.5160791904711366
-0.24142355417752354,-1.1113277873246283,0.7287024384581813,-0.7366159672367821,-1.4160524868018247,0.8410078836073317,-0.20187294759072166,0.3384948325947065,-1.1075697373593454,1.0609036547025528,0.3087516676295442,0.09344531731811681,1.4392837058267267,2.1678905811145346
-1.2500663112269554,-1.7446677751730673,0.6354650545704381,0.546683483901795,-0.5568298513086019,0.6160256908363944,0.6265675789565981,-1.842797330911178,-1.2377847979266496,-0.5797354697018032,0.08729308095581079,0.1714391890737073,-0.2453208029643028,0.17838057442748198
0.3307439184181596,-0.9577639712615048,0.09437851084766685,-0.9366147565126699,0.8484692373703614,1.3083043260533114,-1.183097803827506,-0.465080601106336,-0.6495393506697913,-1.2774711967497392,-0.6203056501260681,0.7248557054776613,0.6328022635486338,0.26397793576817713
-0.6299686865914749,0.4098199116746353,-1.7023368909976448,0.055843146152240716,-2.080182054917842,-0.6352468722287231,2.2489353915784704,0.36937385287582397,0.2411518593269428,2.1551921136952266,-0.8265257331929241,-2.113805591530911,0.3617052109827699,-0.17408030846055153
-0.1505779031099584,0.34131846822668543,0.3051789955413815,0.41441426268813963,-0.8552702454628269,-1.717610993165344,-1.2047040056282596,0.010238297345694397,-0.21516457018766832,-0.8463768915107973,1.3329846714699458,0.31878495729969264,-1.207345974133661,-0.29225923345731303
0.7370103364474477,0.6677835183609018,-0.9211747853294893,1.2513041949905888,-2.4879939573717937,-0.7344618400081186,-1.1046942463733878,-0.22552634725955406,1.880495737241386,-0.5325769566322812,0.7197925663498284,1.0367276026962058,-1.9206932756103765,-0.43423174736211456
-0.42812773099571094,0.2995019819555586,-0.2064626242377726,-1.7793152698664287,0.28821964978374565,-0.420144986772076,-2.353006222116096,-0.8979182761406804,1.304914542711224,1.0022346691687072,-0.238359905276906,-1.3178503080537296,0.2581142180148001,0.21495528620699406
2.0212472308137426,-0.2200856131638323,0.4132181543365023,1.356915289402487,-1.3720722526310962,1.3482459861145477,-1.8140604701123273,-0.5551112336469591,-0.6263591983148017,0.010683785547572738,-0.8392309102223167,-0.35384903726491734,2.6021048596215337,-0.39605562240349695
-0.7661107684088574,3.1204376744799003,0.7920705441037453,-0.3213042515546227,-0.896582498109165,0.044929053790446496,2.280884219841965,0.6930506877080932,0.5265184356067906,1.9460757172357386,-2.3194710098944284,-2.400922012280117,0.8290312725749709,0.14229441298734852
-1.4225541987994388,0.8829194769674827,0.1259071152077818,-0.8394793821042523,-1.020218020808684,0.9784464353981174,2.633380157650992,1.2251534636416244,0.2702083557266366,2.8974016885357172,-1.4363793023342362,-2.6812411741117432,1.0200971295567416,-0.02714112151706468
0.49432992882792215,0.2964130367016496,0.7014337815118661,-0.6527580768249337,0.5323842680009025,0.6946414380116338,-0.6623005155987889,-1.1591286198452186,0.13149636904269166,0.1302705120105484,1.1527848653182244,0.33631467140718835,0.6914964142401409,0.4397595049922979
0.41164433373023984,-0.8495025074211219,-0.7155926429207968,-0.9104522851458228,1.1630639687120177,-0.8053898815962348,-1.3918784316536916,-1.6133661868895892,0.2012232174134331,0.3541493857800428,1.2161165774223681,1.0681247459784262,0.10058189986305707,-0.8292986966072851
1.8030538478564924,0.38148864115046427,0.3562792691427271,0.6152370483988201,0.7381970671018455,0.6541708525045566,-0.8206332467167343,-1.6684155967762773,1.7670422186420127,0.6877634600275869,0.533729924298612,0.22623880750053088,-0.3098689429444994,1.662135313886727
-1.9891896241329867,1.3159392075053662,0.008648039544102652,0.054386344792778096,-0.7945407787804531,0.747750091935551,2.987270841804497,1.605814571438207,1.956984894418439,0.7520031935278435,0.9922089041973222,0.19108919404299549,-3.9458155615432027,1.0209544063564562
0.021971815520865204,0.5943271135312403,-0.019545139614506993,-3.4238015706778437,1.0641513801040805,0.21743296532740708,-0.11750240414177338,0.8299740281036037,-1.0484481127447252,1.919799166305449,-0.8126724610201294,-0.0731637483050919,2.771156379405188,0.45849445157352786
-2.1751675584077663,0.040236784871128944,0.766886536121989,-1.0701930747797204,0.638326152278085,0.08096128740481069,1.7511330876435527,1.0589245786505868,-0.15158700453173637,1.098482121751632,-1.1805425706752872,-1.460434873654526,1.168760222129512,0.11717348519636822
0.22024486394437987,0.9505992266190229,-1.2161101810829087,0.19011716997077915,-1.5712623649142654,0.3066418623678422,0.7351928311840847,-0.5406844757805541,-0.1747540897218683,-1.7098655437732035,-0.0811704876398727,-1.1910709255724743,0.023369048069252038,-0.14296839364077812
0.694492032604069,-0.3829892111547932,-1.3313137757395053,0.36408030201001407,1.1902505732146131,-0.792903560518856,-0.3698007059612138,-0.9771598298958707,0.8450851805494988,-0.09920674363101856,-0.1276210223651429,0.11836627419354359,-0.46502799627213925,0.41047892659481433
-0.1942595985917463,-0.6390282344455173,-1.9103989899051572,2.5469672602512654,0.1625480585024056,-0.39048279568537575,-0.8886201200163242,2.4300201929774574,-0.6373928958942329,-3.292193281796684,0.6142005255934656,-1.5678676194022134,-2.5305643126197666,-0.9096706130631479
0.5438069162971537,0.34486715832368986,-1.460877264043847,0.5877856506358726,0.3885613080182386,0.02171355168452342,-0.08111116388807452,-0.3357699794504566,0.2427727216433496,-1.3211362350145972,1.7305108037979764,0.5803905436589628,-1.5146763418086806,0.05557739792604862
-0.572936777216135,0.058968543435015425,1.0760152771859042,0.13644957875673575,-0.31873239349885724,0.11546108864559773,-0.6341340555623438,0.6207673134243487,-2.1897389240123295,-1.0871879483961782,0.1531371117788464,0.004057978654367935,1.4296324370311664,0.5613335470249524
0.18388414764105077,-1.360226130796648,0.7176224055861575,0.42575913398229137,0.23782169190983576,0.22537322723246758,-1.3873038382769207,-1.6764018306518822,0.2734351250763202,-0.8726266840279282,-0.46380886242703034,0.6381976780302809,-0.05534544964114765,1.0020898567401932
0.5489429487925688,0.3736967889947912,0.5936970485444034,1.0284437957135442,1.203231278113216,0.4741787745203287,-1.1170208715694188,-2.165029512145386,-0.21473686663653063,-0.4894050904333884,-0.37134123275607434,0.4967706394841801,0.25069183329362155,0.9177112415397449
0.8093053131517371,-0.10558107172716757,-0.13966755454466587,-1.1149195491829682,0.3568186246198432,1.076979231750336,-0.3824106154883878,-0.36480022481881125,-0.5786612065614343,-0.5002435587982564,0.1530453463559138,0.8048008581051687,0.7162988506376328,0.6139007276852408
0.5081024395590881,0.17438080577964288,0.08572659771706292,0.22344705881862423,0.2619901728946882,-0.1735020246269177,-0.20061072856772028,-0.5898301225203463,0.1549136843334449,0.5202425178071708,0.05631325489742489,0.6318273468889712,0.19745996736742388,0.24165775958483626
-0.5864404401163125,0.15726534315580332,0.5319709762788108,-0.5395014643580992,-0.7943431146801386,-1.5847107679457948,0.17448743191101215,0.8632210569413299,0.632462676519037,0.8124480030357453,0.35796477691694883,-0.23626971792535023,-0.20162059326981258,-0.9162028592282003
-0.27634207035184566,-0.9334789309428281,0.19980058285246113,-0.7279365739140237,1.3363161310366134,0.9683820682507688,-0.3159105954433198,-0.46622945955014605,1.12549957610326,0.47295019820198003,-1.536916214314529,-0.888578606455258,0.031247307730239298,0.5650584994643981
0.24381466259982254,0.20268994542488153,-0.7815492150984351,0.7661658043454218,-0.7404414225055334,0.5124684458181727,-0.979491093382957,-0.8247931780386363,-0.332203742837095,-0.9326478738742692,2.710593705732965,0.6775090921372324,-1.5596943381588473,-0.10432952112494123
1.391641144075723,0.4528397584803362,1.3679093096956991,2.8887858738725556,-0.6517386195830339,-0.11542318343020562,-0.2020878706557131,-0.3597418115663496,0.6278608503634361,0.13988618587329663,-0.5406813412962962,-0.9294079016319389,-1.0950486176319165,-0.8527321688792193
0.26235637865524747,-0.22158346193338763,-1.660317816577805,-1.1185333193612463,1.6245905227619266,0.5064551929434434,0.6166010797107566,-0.8718367701234605,0.2621111469358077,0.07735914220410585,-1.400151085444471,-1.244500686744594,-0.5188178729693645,-2.2596443478396124
1.9424857101352095,-3.3650678925400404,-1.290520324690165,-0.9003247622480222,-0.10757509050977618,-1.1122751251710705,-1.5992885350672588,0.5418067121839122,0.29041821147330493,0.6623976905680794,-0.42259646688191466,-3.2444213949620897,-1.9676383641561868,-0.030061480991809032
1.7193710101423658,1.6965252466465133,-2.814644853327815,0.10189725850300016,-0.8797760883807705,0.1849031352091064,-0.669504628251852,-1.01285020118122,-0.1958894567415794,1.3428221688166206,-0.9310156935152901,3.3059316335803928,-0.6764814082337405,-1.4093499194720316
0.42650379861901316,1.46879869707823,0.0018651185113303312,-0.10105655691491507,-0.06633655222594387,-1.4751130569449056,0.4062389745084126,1.1263504197656626,-0.3209782678540284,0.954440845000417,-1.3422285770454832,0.0512013343240741,0.016032953781583682,-1.7395646076133142
0.21093572484035134,-1.2321478296320247,0.18837348832633377,1.1443940965556023,0.9810027871586722,1.62422279003656,-1.246428850659013,1.6394564040488806,-2.014941526956339,-1.3524182499865374,-1.5139206259017162,4.863024459330204,1.6339529240231756,-1.0295477518857596
-0.17651678731637133,0.9545706468749113,1.214584319981928,-0.00015196976669337378,-0.6948548001353527,-0.9606632956508266,0.5195080002014913,-0.9596407529513881,-0.19759275804745535,0.3972851689267312,-0.6943333711513855,-0.644767501317528,0.9643009589069255,-0.6245178941532308
-0.3253840981878188,0.5018544709919831,-0.8915373890115593,-0.31768860248261754,0.4031889843555834,0.7753062109298043,0.45658076746421733,-0.04602975934150588,-1.1320540037501154,0.21034442450976326,-0.9591816213594134,0.03082361635151801,0.21087091013703155,0.48385746134231905
-0.037921817436415546,-0.2118299139126847,0.4933697369925445,0.4259038718875958,1.066674505605677,1.7935277448982363,0.3224349143276861,0.650352885131876,0.8269162046908486,0.7880689266023623,-1.2653835941419525,-1.284298647186392,-0.20657481735339034,1.0046422128818424
-1.1902271406238059,-0.749438767219663,-0.31189281707613575,1.6781757102404984,0.8425834054108426,0.05619495310000642,0.2087324112511554,-0.7157031321053985,-0.5443224904779143,-1.094378932953768,1.3104194895080616,0.23270647574597544,-1.1651688648174892,-1.1198955365993966
0.26374350883494285,-1.2814777870457383,0.18886811199340628,-0.5686798857155105,-0.942983048074322,-0.44971658595099334,-1.7439208987011965,-1.664999838658444,0.47545142182103906,0.5767063564680115,1.2946342610295747,-0.17390701609227463,0.7268578130757052,0.17396233214980159
-0.8294534479950708,-0.4880098799591821,-1.5036354830897016,0.7028492449668999,-1.341041406673333,0.8799887274419566,1.4621217940008369,-0.5602233446153694,2.3939646899597777,-0.3856601810290511,-0.30421157098965435,-0.7079728874411322,-3.459542384673763,2.5249847692843495
-0.07443674580704338,-1.9878822259278568,0.7006752360077501,-0.5967046945018062,1.2449521848414045,-0.6837571147222294,-0.021196302779407428,-1.8694896909314216,-0.2755224286874767,0.4128565350113527,-1.8661708998993707,0.2132850267149526,-0.4833489306354633,-0.8956794080395799
0.5790640112619855,-0.15594369871226385,0.230133935167465,1.6942551714447882,0.3830635953046234,-0.48764673836162525,-1.0281917231430175,0.8867823069875294,0.32198072595415916,0.4986112586997498,0.8983628153967946,0.35765591267523406,0.24705577474815688,1.055692753993113
-1.2167979710236174,-0.30875981605781794,-2.4634441275346264,-0.7223244757303399,0.6818294397998894,-0.8557439234373756,0.6702370021759001,0.2095687511109223,1.036999234803639,0.2480770470641434,0.825230664531527,-0.959461228522276,0.5840972192179633,0.15486738275051534
-0.3892752937382061,0.18543901006706454,1.2243308186058226,0.1738655615107231,-1.1097582131680623,2.135316787999784,0.037109591230937634,-0.1070781981630354,-0.1794807491813616,-1.4185218001229158,0.5209630979197234,0.010241337850706092,-0.33182310786500224,1.1628187958993572
-1.1879169532728662,-0.9647044844366822,2.221783152033702,1.0141184856704966,-1.2820360864874933,0.7872903076719833,0.46362792092360494,-0.25877616924138386,0.8997993192134016,0.42367462376416026,-0.8641369182925421,-2.481828212336629,-0.6576644831646598,-1.1772043656702464
1.0466952051425833,-0.7656332309522503,1.746261255175064,-0.7353091308553384,-0.1812316001289374,0.15206615321987282,-3.728081844991129,0.04406039142305475,-1.1073346141992186,-1.381120452705627,-0.7740173478371013,2.7904683661162353,1.2225185725204712,0.2327248983078593
-0.025769307360101735,-2.308309430428598,1.7871501356279005,1.3585725610581962,-0.7722977188030618,-0.5372825504665355,1.27320023247618,1.5218552545556348,-1.336014620404968,0.050932680584353685,-1.0137972617007573,0.45232475158642765,0.6010761603986174,1.2005533890766829
-0.9417341927262791,-0.09432291216152844,-1.3044688030502827,-0.6339642659180702,-1.3422127182342125,-1.971733967716476,-0.7850818552714753,-0.6262854129484566,0.5169095372810822,0.18796516519585757,1.6609063324532998,0.4306234013710952,-1.7346101465287174,-1.146123560377266
0.049109512728145205,-1.3763372600595187,-0.061008952802034916,-0.27477957601241954,1.7416606967578117,-0.5884329648429958,-1.203003033044916,-2.4371519833821886,1.5880706574786063,-0.2312650527896369,-0.35491075450672793,0.04891671466782409,0.04792064024612408,1.6474482983433638
0.07478648450524732,-1.8043580303736124,1.3252513829486434,0.5417107029148313,0.03656763236562001,0.1068280772863866,0.7988773303971226,0.8117435282710666,-0.8305619503048863,0.02223984724563027,0.07088144543621341,-0.10962214651011568,-0.1341511955622206,0.46316758688421916
0.21349445050522287,-0.15620601808967563,0.5042443790228026,1.1778729168944413,1.0726867488478158,-1.0976081844437668,-0.6507913226644824,-2.8140692038193786,1.1613439526337805,-2.182047745242931,-0.45851073640613116,-0.1548244942995544,0.474932969123688,0.47788090109042797
-0.4531998974716045,-1.1249267811568442,-0.7888845249388284,0.8264980216412452,-0.4458570451499623,1.4370693084211863,-0.17477875212178387,0.8393919472665147,-0.6020873710950599,-1.7176353400372475,0.36990470947377974,0.9368056911368664,0.4274844384018337,1.3327386539122583
-0.5861232456917606,0.9816507485404743,-1.580507941722969,-0.5483102601587789,-0.019494905722480166,-0.0725852089415849,-0.2498334938016229,2.9821877841099185,-1.4411323258737225,-1.5911073837943723,-0.3651153422896247,-1.4675645155105905,-0.8102754413954909,-1.2574502272114154
1.2162188777424343,0.2993743653413444,1.3138210073152656,1.0088425911384877,-0.3004458179120418,0.9820376232299383,-1.638967399836204,-0.6932505904730644,-0.27034487665064894,-1.020330162645435,1.0474558180507367,0.06461365144849904,-0.1862792098992248,1.494237350255787
0.01512423830536161,1.815167485146261,1.5253028392697312,1.623000575733099,0.8538300703214435,-1.722221532428202,-0.30986515361013184,-0.928007404686816,1.2373411161501373,-0.21376414326454557,0.7232368723262982,1.6921391543403577,-4.489333931224361,-0.3128186766010271
0.4588181870430246,0.09981255792023438,1.6256381877096295,-1.3685567877149132,-1.641688076002386,1.048689525657781,0.5986617590465733,-1.0835218484074498,0.46114638378614015,2.1298365465489573,1.1120609198435398,-0.2878120466566734,-0.9188414987036345,-2.1618589549425136
-0.0808526236749259,0.1311061198583068,-0.46256059309796815,0.8456735874756749,0.7275650254772774,-0.27950041067659076,0.4297514503128885,1.002712448541307,0.9913107700711051,-1.404301264583362,-0.19756675478798252,0.04496932627223102,-0.4676234130378593,-0.2570490808851088
-1.291626896608736,2.2179209968300864,1.0061075476367438,-1.6470029184376365,-0.013548554097052516,-1.6261574800244336,0.07987850707115954,0.2935420258629706,-0.8720759031848891,2.6046648709883105,0.015315261799631469,2.3534314654087556,2.803390969555221,-2.4273675116579856
0.5433166136878236,0.47251517449529007,-0.007025149489121259,0.6688505473765608,-0.1802502123810906,-0.19752900515306956,-0.4738192243964447,-0.35205188688930056,0.23493290457553898,-0.38057879502363673,1.3854876963626477,0.8219691219888915,-0.2420402460875864,0.3740770379791827
0.8193591878270781,-1.3856069645740825,-0.36536514896537214,-0.36754352645318555,0.9907625331523751,-1.8265020759258555,-0.6438745382485043,1.2134170100861863,-1.2065237065737353,0.5929272272054008,2.265312809862195,-0.6103626955368381,0.04103277334155905,1.056131575361078
-0.40399414526164085,-0.03209712592323744,-1.2700074631245064,-0.41992483804700975,1.2362274032485916,-1.6858589524005618,3.519621849242027,2.344183552633616,0.006645848687813358,-0.6767606283835672,-0.987796555338899,-0.22541548662341424,0.4692991859099969,-1.2290972433382639
0.4428178945059054,-1.1351784041168884,0.5796517886215905,-1.2407380042574825,-0.7510098412675847,-0.2671762856085276,-0.5961550603420525,-0.22657924933197388,1.698895288132141,0.4725838052374472,-1.5574172865120435,1.4431645283645727,-0.7954039976506387,0.6101544391611996
-1.6405670473846676,0.5731644635942134,0.03724393728090125,-0.20103536517876205,-0.27244353833671736,-1.7986248153070963,-0.8797090704142496,-0.39596928467204495,1.0432251965000943,1.2535634466815013,0.8224196301935893,-0.21534599471030094,-0.39397399451614945,-0.9191501790569703
1.2409801166167702,-0.901440753424057,-0.5828506380503142,-0.572768893849984,-0.5561099563216122,-0.2919754751128441,-1.366664748620335,-0.8576593439139792,0.140268727863351,2.2469015762894666,-0.8037915924303211,-0.43589053966078933,-0.9786769811804544,-1.2564778362400773
1.8111660852474967,-0.7478860424430267,0.23125183355651444,0.5431016433774672,0.9862331884844432,-0.47982596628073004,-1.6748504138954345,-1.6157023092116072,0.06803133611254872,0.5517328394051623,-0.5997196491115844,0.12713631146828916,-0.8138548457470764,-1.5156962854392555
-0.7976603270460816,-0.25709076763949124,0.8563738661696675,1.3004367505381171,-1.2384795054846205,-1.1336650787899454,-0.4675298029608242,0.12230957055561514,-0.8713663491453869,-0.9845068217131886,0.8834357956252623,0.3195026394404318,-0.7877941231625644,-0.8189489673973368
-0.45123294072413844,-1.590359533084017,1.4018825738636593,0.7866379609798909,0.48825766353443634,-0.6347829443411956,0.26713472890069334,0.6596068155710347,-0.699775526576005,-0.9289502441062721,1.2187467792747868,0.5419871847252787,-0.42012310871346,-0.5430432617390238
0.5563514909313474,0.39018873337364335,0.41731594635740304,1.455704883741148,0.4178021328087094,0.6623510458779988,-0.6213225229904371,1.460321360852396,1.046253557246676,-0.6626636559927614,1.3816077251527934,-0.21597114721981372,-1.3579095528318734,1.75104033796477
-0.35861650690655816,-0.42847645951898594,-1.7670913663835852,0.20687801953343943,-0.36890815794480936,0.6186058085470337,0.23893094573342274,0.7307598711733552,-1.5028066554371888,-0.37704396738289137,0.34097369729591065,0.2980085653367303,-0.2723509938882076,0.6685369028820685
0.16661025277511254,-0.3245094669167902,-0.39960091510918405,-0.3923052756774821,-0.402826950154851,-0.5657204093238002,-1.6161324719352563,-0.5874083433930036,-0.7415521326190831,-0.6070235651186229,0.8038519032587316,0.7564720907867237,0.4021321108296383,0.02697158816401369
-0.20790145321903059,1.109215764718652,-0.3043313534318865,0.08742166855776304,0.06933233620496305,0.23098581145205796,-0.4341051223368643,-1.1324493492798724,0.41322913854013676,0.3978744035383021,-0.2624063585613546,0.6382099958437479,-0.23789131552690818,-0.036186495772608906
-3.068821743016616,0.5337732593405049,0.007614837464812726,-1.2994254847559148,0.4870159035853147,1.4090783359745944,2.2267506004167124,2.7442528305840175,-1.37787802415844,-1.0721577299164569,-0.7185031014625521,-1.3077938970376657,1.225898674062479,0.41053102801951097
-0.8332245497016694,-0.8725437269301026,2.1255656571685906,0.013500393368283639,1.6852636255272522,-0.41381938091374854,-0.1363265984074725,-1.06489454583786,-0.6296718913145049,-1.1910740113610672,1.5110051315449469,-1.3738867960704264,-0.44627230810950863,-0.1858138516927436
0.5661668131245514,-0.4295870517369926,-0.5939351883496874,-1.570923353554535,0.7508062184564752,0.61510232861094,0.5741633542879845,-0.4849884121416732,0.6003235383802469,0.6275141873360376,-0.9229911071436359,-0.09354743225941871,0.9652223173703128,-0.019866821512450658
0.1549053349476125,-0.7004272206597516,0.2138827573876119,-0.3801562390157325,-1.5320411517683479,0.0188304417194686,0.09934160076384119,-0.7313094137595366,-1.4499714147689668,1.2345563221463018,-0.4557456334607555,-0.09963864147029418,0.9598116543385617,0.7005644593675461
-2.3710855983418657,-0.20046894244343372,0.7903208826054268,-0.32988392522955523,-0.16783616042536387,-0.7627142721624928,1.0910011017551615,1.3054470041727466,-1.7236164613361964,-1.376271646415367,0.05717630896086573,-0.9267746158883792,2.1027939076712494,-1.069208635152367
-1.8720894965983932,-0.7237356693097777,0.3413289162030938,-0.48052110783217195,-1.246688590859505,0.6965498461041395,0.7557977193096561,-0.35992034693393443,0.10325919307029294,-0.00840102493962783,0.004660847740162705,-0.7042438885321008,-0.7962775032583634,0.27489500239469844
0.7248417110374669,0.04738995639189251,0.14461706678735362,1.2586251057984268,-1.0003191597132317,0.6652057466981408,-1.3124809323249278,0.1567324287719926,-2.3512385162332414,0.4339136286279928,1.7292474845390549,0.15117511405035133,-0.1983098893245238,0.7028053261722627
-0.6827633536253934,1.5107553941668925,0.5212069338641957,0.15282501058627948,1.6424788328589006,0.599100711984348,0.6333605588598714,1.1204227350212328,-1.1950050903949283,-0.4540204622821853,0.5473750089865076,-0.8367603487608639,-0.3687093977919826,2.100892884619615
-0.506909023573031,0.057890755117185,2.3071004619193367,-0.609444663975835,0.21949283150622032,-0.7826397095156009,1.6819661633659089,0.4080793695837027,-0.1275628369832294,2.352410480028178,-0.43228407478799846,0.9236084974172403,0.26752316160200246,-0.9323475527394784
-1.1859314055964305,1.3996372398510513,0.8213976943851997,0.14757893902348682,-0.10298592141957288,1.1436877076920033,0.7450562662481173,1.7506130053978888,-0.9513906134058759,0.5708311478277289,-0.5632567072148371,-0.6490033838501069,-0.09110624749949892,1.6379484995786582
-1.7134954329863614,-0.2109827597451875,-0.6070963107922132,-0.28899739295672167,0.3683907026678717,-1.2629202537553752,1.1416220295842858,1.797709146297827,-2.4191891105749894,-0.13240528739465887,1.5103909396993553,0.6468091148221227,0.9169509017279426,1.3787172530931557
-1.8307228984440669,0.8283129900927088,-0.27159873754663966,0.5948985568676503,-0.42458759362160975,1.4782294204995527,3.1525359606270755,1.3551312861786333,-1.15093153334944,-0.08045427559909817,0.6657186659498197,-0.8507422459670291,2.4179365397959782,0.2519697083979655
-2.0467716669795806,1.4282760683540652,-0.01856652319397699,-1.8254544078093347,-0.6951999855865688,0.3692768772944005,-0.02107010018910932,-2.02220160836958,-0.8826072487820398,0.34833005644127,-0.34642665099596737,-0.1960273751397731,1.3588095888518503,2.135465213345539
-0.8748280901467687,-0.8460635024328561,-1.2149147712458472,-0.8652132661973982,-0.9891304868300133,-1.7282555462571794,1.1732815315894236,0.09334565984749044,-0.36380635159465446,-0.24379840300705816,0.9568760013538914,-0.4478471632656739,1.4370676521992551,-0.6338739051538669
1.0417842063795486,0.6964168736998735,0.18257072033521501,0.05882772415394577,0.5956503724340244,-2.3751168665980162,-0.27540348299126377,2.0233687335304293,-0.7989462189477999,-2.922571954663886,0.9746540009256374,0.9708023493843623,-0.6201540341543056,-1.2877741710010453
-0.6375478797494768,-0.6605964725915334,-0.3795131355428365,1.1974961719125905,0.8556706377897441,-2.227998558312531,1.1558643087958438,1.9606454548227013,-0.5743414307919492,0.45119768281740197,0.12270338420959831,-1.2157298107057661,-0.30428919344079014,-0.42352016796777764
-0.0016909981473499022,-1.365496986368216,0.0857470901603675,0.9519406047402649,1.184960264240404,-1.289082420795474,-0.989284541059164,0.1234709733299399,1.6603069656917737,0.24930020833806446,-2.035222328500882,0.4350188682944657,0.3789368863503957,0.8953089176196907
0.9473156050286053,-1.1312077952453412,1.5071354553400114,0.5062409864537505,0.7281325087101849,0.25005733535407776,0.09704278754833431,0.02462001765330467,1.2443460512811826,0.7306582888397397,-0.9454121775889983,0.3735621112193312,-0.15376010750368643,-0.3504191279689064
0.16667345939393546,-0.09257483386981682,-0.1591702485783033,1.5212805865478944,-1.0416782697732383,1.6939873643291323,-1.4096456135043667,0.8576645551479745,0.7669690704549554,-1.038308426956804,0.8525494132692485,0.5214047446471018,-2.535008486830919,1.2983015245510547
-0.06677894557482886,-1.3473062243984533,-1.144459023427225,0.05976545805304423,1.5739983128530726,1.5151854349712273,-0.0027880005066687127,-0.5525356769773226,1.0734560763607939,1.1876518794691804,-1.809598889708814,-0.5012415342806222,-1.762367811504429,-0.3990515186030763
-0.14694912644982994,-0.3016694244462243,0.522043376784518,-0.33974024377610224,0.6047846417506605,-0.7321026109687304,-1.6132020868299406,0.7019826419718614,0.7577293671941534,-0.6200400684594991,0.14036299921853138,1.356074184418685,-1.230420742428517,-0.5850781666383568
-1.190679549013235,0.2964686178260446,0.49980679984489473,0.5505885240637913,1.9502766822042037,0.17091706027944473,0.6595340147679223,0.9293801198529387,0.47419938041905785,0.3811261495625659,0.11743076138391553,-1.346429304584974,0.5236753568218312,0.07219342821065297
-0.5407832892937678,-0.011052230598128536,2.1555038469121754,0.5740116982141822,-0.4404174959119233,0.6399197066257118,0.3999687521541973,1.935112610488586,-3.057158483598532,-0.19842049346857107,-0.6183813353852091,-0.4107251954699641,0.6367759897387738,0.21057445044224493
-1.1738118742809809,-1.3087060413962843,-0.5262660438767421,0.004527801504324736,1.6215910745260558,0.044260078480997556,0.9149022281904444,-0.06876887206534008,0.959970500460131,1.816895118186448,-0.7066423848856135,-0.7862280327065703,0.12538499181882895,0.7303133047715922
0.38046153622218204,-1.0290488115245093,-0.0245582848823752,0.1969056302607274,0.6595516439841749,0.17918872979073325,-0.6984425227650184,-1.4954402793949013,-2.0803723091092805,-1.9422515572532715,0.7905654856369442,0.5726889952965176,0.8157855477184195,1.9791297687012694
-0.46876014348885847,1.7867752551076292,1.3863172666444767,1.088382869458819,0.7791331391811175,-0.875315987172633,0.2647048864637258,0.6823626641422268,-0.7468930609619235,-0.9522104866855928,-0.7667864162191171,-1.74912122352255,-0.5228060717817252,0.8403014325571687
1.3463932243188403,-0.3271680077421408,-1.3409134471313033,-0.5786132194517514,-1.4338709863553103,0.4669636374946959,-0.7268607036547874,-0.7101258746600774,0.28765509586370996,1.413735362445902,-0.7317687016025903,-0.3985414805276037,-1.2312031475716203,-0.49991559624677984
0.3769432149639331,0.07162361776222742,-0.31266238524154094,-0.2426818461111272,0.4079183516308522,1.249519886655606,-0.7996190171498578,-1.6122076066546835,-0.7016470594825257,0.906326116256496,-0.9184827109666474,0.6122980754465656,-0.14954701133505127,1.0573241320920053
-1.1821269150570846,-2.946556193429236,0.900190256619126,-0.630276528406284,-1.3445926394925705,0.636095550489285,1.6638168883347206,0.16913468457588643,-0.9812620276793877,-1.6335361012417005,0.6166233699266123,1.2087379590024299,-1.7299157332478876,2.670574422159318
-0.06158338307999139,1.1748968111874007,-0.16441374788060836,0.2810965198604386,-0.598251678488396,-0.523657052431453,0.10630565556745429,-0.11225932493551355,-0.5707362132905182,-1.3558905772121548,-0.6096418782052553,-0.30099206870506606,-0.04632003773305134,-0.5787525960444653
0.18894136209840112,-1.0678670271109294,-2.153513126832318,-0.2340337406402288,-0.7980977433091995,-0.04316015173966957,0.05206423415068273,-0.8108369171803518,1.4989986000566882,-0.07498217066312128,1.303630005212496,-1.317227529574929,0.6907042204587904,1.5548866922905198
0.05599213473820086,-0.8286233914054919,1.2049534177385126,-0.8296217910214098,-0.22424735843000226,0.17838195718071176,-1.2395149560240764,-1.9038207724033684,0.9294846400176787,3.596145144063998,-2.2455503541192767,2.5245820617286374,-0.39866905400889974,-0.42384337211416795
1.1025580018466827,-0.585595381015726,-0.809555592066561,-1.6120323050832643,0.7871098841198843,1.0070598403745346,0.013144637610105314,-1.1877239457747324,-0.4995440705026397,1.3247641769791447,1.5439430930537825,0.6945823187095401,2.593976925592921,1.3022082841926717
-0.5482668156108191,-0.08469159665751175,0.6147559833001461,-0.19197785192252673,-1.307311842555087,-1.260308546302423,0.5586242739184382,0.38417066731218197,-1.9914412107056099,-1.5950511535771776,-0.12391698944112758,-0.10581713373734826,1.2814050400602748,-0.5413605144100593
1.7755170599630554,1.0989828903350713,0.40655541655986327,-0.01673493813758221,-1.0239873778228228,-0.580009252879194,0.014086167218037023,0.7925440238009724,-0.4215281525935758,-0.8188789652560404,2.018764783822702,-0.05645762923359393,1.365997507557122,1.188926985253702
0.6843690060832447,-0.2820940308335671,-0.5545172649354455,0.27130078622328124,-2.0653120100478914,-0.12125159148121228,-2.0369319044307788,-1.7415174602513983,-0.3104074655866179,-0.485401804896073,1.0666443727360326,0.383850240115579,-0.6663601268655218,0.5454000946979314
-0.45721969267236795,0.5924141678561319,0.9797814688077804,0.41311216976337506,-0.6150986441569549,0.6831224933932827,1.745053098955757,1.0110565108492613,1.2655567920065356,-0.18796762233834627,-0.5886649362758133,-0.5207885431893543,-1.3226868403465457,0.1493139811671181
0.7032490910082195,0.5172098614191505,-0.20343510815033303,0.27687631620602526,0.5985330803377042,1.6680744541306256,-0.3983351877978784,-0.1728005279250629,-0.456357337546871,0.5927642253726314,-0.7631308636552961,0.22494755478750655,0.0674366611563639,1.3005997700296352
-0.4831502021263038,1.716964217549562,-0.31359867697870875,-1.1037372836472708,0.04151120878147524,0.05370869511425906,2.667246427190597,2.6942235549332603,-0.8426186485704553,1.111361919248404,-0.48859974926161487,-0.21601788840634673,-0.11054158955929136,1.333688896706326
-0.8669030013613239,-0.5409018996165499,-1.203894850399674,-1.0898443704853351,-1.4419263108919302,0.6918949969017024,0.8660712427625272,2.552214441737741,-1.3123073606868563,0.6939776831014914,0.2424738121936512,-0.36669429891060845,2.1335310770386378,1.5137944357654498
-0.05391872919949134,-0.4426490929011957,0.9817582887847355,-2.3711814976727,-0.6303650723657427,-1.4573935762529795,-2.424420970493043,-0.7216235933914638,0.9146515981150892,1.524959028521411,0.17366438932034553,-0.99613124770328,0.8840039225077445,1.8002559337763033
-0.6164294321915464,0.7159550641164132,-0.2172884047254345,-0.9934412414693753,-0.44891452746522675,-0.49416366186813193,0.10625369537328402,-0.4210551085846035,1.1045914900767226,3.1138400790287446,-0.49987092522015397,-0.422918687664736,0.8601046120477038,-1.25298194813755
2.1735875362123442,-1.086828900344225,0.15263280164327936,0.7534802349880946,0.8479806313654117,-0.4785710953911211,0.18880505989890273,-0.4569771852183343,0.7877897216009221,0.35572605883234093,-0.23174356952643177,1.0601505469885684,-0.19860908857412019,-0.45155007649589535
1.090931677334684,0.5225162219492416,-0.21295160940918811,0.6568013362693194,-0.09870096775441198,0.4992807430848388,-2.1774249722446544,0.966059408626406,-0.3677984598235029,0.3879843333861001,-0.0620855498890118,0.968566306769945,0.3977492212188199,0.2900987441399115
0.15485706181230058,1.009553513697971,-0.07304033431995546,-0.33255896123411965,0.7219324486368681,0.8376823955908655,0.11044175877743148,-1.1860747939235523,3.6245614254430683,-0.34408848930974756,0.5996101881385878,2.5402654956876223,-1.0300913230080044,2.1279480772066757
-1.916528407582779,-0.49567903320980633,0.22382109167340844,-0.7276829555120884,0.20337186755027153,-0.030610674876179356,1.3439182792429867,0.022923499031478334,1.4809251135892425,-0.6324177937340588,-1.1866957380660166,-1.8515065914520374,0.06890061579062644,-0.3469397605681612
-0.17001177129175096,-0.8345677966934588,-0.6654517913413566,1.3628752873924022,0.13194312828183108,-0.04216621221174337,0.7595540905938536,1.0730532296030286,-0.09256697710634487,-2.0596711217469483,-0.5647400806498986,0.2996857206884222,-0.593947857514377,-0.2433745162064465
-0.4349324523031364,-0.5556603355356758,0.6909165802478419,-0.40985229113028343,-1.472591318529092,1.328000956808222,-0.13971883831587661,-0.6872506789282338,-0.8418604219420722,-1.3690314263488035,1.3217249208004127,0.5922718437319909,0.32321633887480566,1.7490100870527623
-0.2839713372709634,1.1178307698276058,2.077402434098257,-0.14730493261570254,-0.19822365590598715,-1.2607933454990352,1.466572552817698,-1.720871898465509,0.8533722528121421,0.15949293224802935,0.39354913119634627,0.44308055883967223,2.6206965835716582,0.8187835742161448
2.1065892460982503,-0.7189921739785453,-2.543527433270317,-0.7560835099028396,0.834491472093177,-1.105906743268579,-2.310426726082689,-2.2745766567099386,2.0552847915409913,0.4041508539499946,0.14608841814035395,0.7490809797048673,-2.4993449251828865,1.3951002156783365
-1.12189602160782,-0.18407799742704284,-0.5639489730290385,-1.5357167019506748,-0.33364451763153286,0.5361899513900215,-0.12808667827345882,0.03726186798711473,-0.47962758092678304,-0.2198302158201248,-0.11065384902681241,-0.275291406812201,0.23440580778705158,-0.17221362640681848
0.24857232747322355,-0.27832888276821693,-0.08006743728032793,-0.19955086356967466,1.1385431093673521,-1.817001280642833,0.346233037674545,2.285131283854767,-1.9905091268236828,-0.8581100414586215,-0.47048113022274596,1.2668600521470887,-0.46484246226451537,-3.4661552574938996
-0.03665801707124913,-0.42955187286737445,0.8229259632521815,-2.323116570985138,0.7898365764133761,-0.10645667099867373,-0.36599124633680924,-0.06493407389360129,-0.3924450135325407,-0.51977209274673,-1.2307584721768365,0.5980319048027658,2.46145972998209,0.23566828576468057
0.3344010432502858,1.6973826796941291,-0.46740534165072267,-3.4686752821590146,-0.5975749801628489,-0.3176777769555116,0.09865444351577127,-0.2697830323582948,-0.3258345275848078,2.53826811389967,0.6316148495066768,-0.014473429664198388,-0.5762916088360766,0.6588479618678929
0.37012040702778726,0.14654311100027892,-1.1260398142950496,-0.612134266551664,0.5328809894774703,0.3363997162424308,0.011190413012181051,0.49611492929717116,0.469684706494902,-0.0018871842742460287,-0.4563898905068806,0.22206189924873915,0.23257709814646454,0.054051956871179044
1.0269032705402257,-0.21604071840156025,1.1163059143003817,-0.8644804764211658,-0.07485145640892063,1.0440846091230844,-0.06710396045157874,-0.029291921899342876,-1.2119335231027668,0.6440213365319919,-1.2944664458705293,1.0850942525109024,0.6074987079709229,0.6725915882721822
-1.1214647495651815,-0.2975101293489008,0.006426709971949433,1.5632797025458292,2.587708794306555,1.0760903516473213,1.6389374905256298,1.872935708374897,-1.1355014465518578,-2.3274548207566057,-0.09934801441925628,0.23218244923352632,0.2673026183116135,-1.8532534393531925
-0.9633920414516871,1.2292330070085788,0.3465187978311971,0.18039226666081995,-1.0176273978350938,-0.5066126768083467,0.4091286723297054,1.3756074741106112,-1.8803864746928585,0.31689359953745827,0.9173997375938746,-0.9194670751037939,-0.45468509876683866,-0.14055156905406166
0.10080498493559358,0.7854498709843021,-0.3650586891445069,0.28951277465339387,0.1353882963607643,-0.4337423122601568,0.013100509517658399,1.007195248990545,-0.4546800507410983,0.7778341041223329,-1.3239320824493406,-0.36274252024751813,-0.10777806156287653,-0.36735449070523174
-0.3686428124233644,0.6025575102717112,-1.8593234656154223,-0.9412041920319507,1.8824002015275307,1.094638564285013,1.3519902705126732,0.9326153139504888,-2.338557988845969,1.182177182771067,-1.596473303643022,-1.014464596042371,2.8422490362709953,1.6214897335788587
0.6941697540996641,-1.5999456652148079,1.3734990298031742,0.5176953486459099,0.25976656341428833,1.4058291980465054,-1.8637624570123765,1.8316577372811125,-1.5524473875281273,-1.8635872710498484,-1.062690047420403,3.9996834833812485,1.4365303380805785,-1.2718784087609574
-0.998225971860461,0.43908663906807793,-0.44299781532141874,0.915477891075247,-0.03448263344069025,1.5971196455374879,0.4820757049237663,1.5444726077520676,0.12797948060320088,1.2690044130131164,-0.525373651350949,-1.4013006462411874,-0.46960568374907846,0.4651186576885039
1.8928745942231195,-1.4455395779566516,-0.202989150400459,-0.5588279980110687,0.7095346577450932,1.272865089084391,-2.1603933904993657,-0.6380349393691191,-3.1784707997932653,0.47178621188220354,-0.6838706225155083,0.43338386363000614,2.38101549682178,-0.853108896864184
0.8932193602417294,-3.1266845256370366,-0.7844083660278977,-0.20049185526456126,1.2119677709613372,-2.5920178080827574,-2.2306388267812527,-0.6557934749142649,0.9373006229750068,0.6669806554592157,-1.1107230036214684,1.5897132183256157,-0.24395691076440212,-1.8662100929734449
0.2670112840746417,1.2078682790268784,-0.37386819895988843,-0.7516698058810385,-0.8278725040227618,-0.8092880551733413,0.6648094997244396,-0.1832670429814382,1.167126912313743,2.863668143271939,-0.42762554317054324,-0.6381837034370136,0.68664319111592,-1.2980236496391016
-0.7369905613222455,-1.4296467520049814,-0.09789049431776825,-0.3279728431150236,-0.34218553637419025,0.7576236207962919,1.0220147405235325,0.06636695271221633,-0.8445576723424574,-1.7504758090381933,1.028696864412641,-0.5702115034007535,0.6953332806849666,1.1770410199815897
-0.38010840970092846,-0.15155364972826138,0.13005987101608454,0.020153267256849787,0.8230858518897084,-1.6599066795646555,1.0054040386288312,0.4347573153939441,-2.372726514981605,0.24965292976791992,0.6101949059231792,0.7506138697499203,-0.42231730961113245,0.4461037455542749
0.2526492728264599,0.45345977102135077,-0.49784690265292647,-0.7714877012120485,-0.8179518149464551,-0.7282504512132512,-0.5497064518762291,0.07032433809983521,-0.3608702134342443,1.6211231172909413,-1.3259611585375604,0.07184866102566546,0.8456803156264949,-1.0441188006414681
-0.10321045164086451,-0.9973854467661583,0.5437009520337368,0.6695229848294131,1.0424510934068412,-1.1264127278575324,-1.0353948215105615,-0.6084119591830772,0.5721754131348021,1.3068287122215447,-0.8404489600989672,0.7395603732030834,0.15241859816159195,-0.39859824331223986
0.39596269219668717,-1.8417494693139642,0.030239064786882337,1.9059500952255926,-1.6534164469647614,-1.5607837146946155,-2.0111187526037058,-1.5022694161175965,1.0693362947523353,0.4576687835461392,0.590491016681628,3.354646196595041,-2.0698706078778333,-0.8046112376663564
-0.6753781060786467,-1.027195896567586,-0.1025275183381321,-1.642392179656308,0.8239106499353807,0.13138766133738639,-0.5572462346323008,-1.387388913263368,1.9116341457957782,2.4230447751558493,-1.9035784634874744,-0.7210093368456205,-0.5112347922786704,-0.3692054136403302
-0.5784062483364836,1.5653288188866534,-0.0129335047059922,0.730543020940211,0.39989796975849956,-0.1394878090743346,-0.9566058981516805,1.2376055273333235,-0.6411473458434003,-1.8491853271615177,-0.6558699770242751,0.7534627972684849,0.4823716387627707,-0.14600950304565255
-0.6767271622469757,0.653591507351446,0.28883953523084266,0.5013899396546331,0.2157867860691251,-0.7300657433899341,0.7844625617831711,0.8413151608293258,-0.5962876042901729,-0.8903956751851857,-0.35373947244705783,-0.6847939178901029,0.1958605961296277,-0.3365322527568903
0.3190723970712722,0.39918916356512163,-0.35856869159668814,-2.0690161494228008,-0.16351811624105886,1.8899808017853046,-1.2039761842158896,-1.416397445982366,0.535976372506983,1.682135107276341,-3.4609627292735685,2.7696701878527725,-0.5634766660017474,2.9675856764264585
-0.23549944837919978,0.022000334735250954,0.9293946357113809,1.3663663555254362,-0.32437495836340907,0.50695281366311,-0.5259464854131453,-1.3173773414259546,0.8789956449038627,-0.2214862620307577,0.23665192342373384,0.7907315372616509,-0.682948275108156,-0.08942372547155848
-0.5429438208734026,-0.12896021952645606,0.41175488934356874,2.120550602986327,0.5344395357934904,-0.2946651225945601,-0.2163391262590338,0.2991434868298104,-0.024070407726635254,-0.582055800907838,0.9017671350742342,0.11818595102261142,-0.47556236308294036,0.10719494983316138
-0.04763466349248477,-1.7765174861678004,0.3555124893360716,-1.1126401342664944,-2.016243741918843,-1.155853744615048,-0.23354838218806873,0.037568701344384864,1.2219851612054429,2.39342868447073,-0.20097521637579552,1.0466814812892777,-0.7926132233946332,2.283256664277452
1.1687474201768102,1.4250324857552013,1.6758527741809044,-1.0798110611901073,-0.4020933917416314,-1.2934271917318347,-1.440280707060493,-0.6402490914791868,0.010310487317163206,1.3677390350336938,-0.6304125642452582,0.9610520523129139,-1.5488400108013425,-3.120812659443534
1.5512744963765617,0.2493127308462114,-0.9118087492110667,-1.243472776706514,0.04550680448315522,0.9898287178421792,-1.4314164717188795,2.1756973147923055,0.07496883300903953,0.19464125020646186,-0.7504147544791965,-1.4351650097297994,0.956306854522026,1.9466367515147998
1.6990372673648797,-0.4946945052966002,-0.29419467230638213,0.7583634432373709,-1.3491808599984965,0.89831266569579,-0.2630022924348754,-1.363019502095236,-1.0847490214349416,0.5992813419562711,-1.697827153584455,-0.06428835613978971,-0.22070579871406693,-0.6779318133808343
1.8045635739054957,0.3024499660067142,-0.8491781358787537,-0.7540190311474043,-0.26605735891841864,-1.5159905754090017,-3.505849659859969,-0.3008417201239296,0.7964335889585537,0.6449538874457017,-1.9214287158705905,1.6913198055499148,4.302580406501761,-1.7907531030907975
1.6089400575672663,0.18799879194445093,-0.8421969374060029,-1.9648714891892276,0.4461337368819733,-2.1616708304826457,-0.09691529699630996,1.3177509679788737,-0.07116837364146149,0.015561981872187661,-1.0903476787276893,2.136127007980639,0.8447325293503977,-1.6676659071576163
0.8753640940944767,0.7833581441180192,0.1888540585556434,-2.213320758605733,1.700016056025446,-1.4180420291586988,-0.8274466549621922,0.9846711764273268,0.2550916127151297,1.7891143764256887,-1.1705190052020058,-0.3627030659198383,4.240913834038656,-0.5548783579972405
0.39369009855795156,0.7026737183524557,0.6949166223279464,-0.44249060796774675,0.47502719600082743,0.5370937973144436,-0.05557004716616419,0.27004801853363924,-0.964419406992413,-0.24048981493753643,-0.9480282625990705,0.5937449436594283,0.5449663674103051,0.4936145657977261
1.8748151333084302,0.7852406293590726,0.33174942799702706,0.4455767352166219,-1.568671976111487,0.472963523544845,-0.4598008048218731,1.0782096857779977,0.3785561151651039,-0.7744052609871687,-0.693390385537931,-0.09319421983842159,-0.6315930454762504,-0.6350490385454284
0.08832579070484785,-0.26525238645275545,0.15373298895063092,-0.6027666810204957,-1.4630824987241358,-1.1417406404288173,-0.0869835024039049,-0.24999386070089485,-0.8234141234866446,-2.3184059243889013,1.4273548966375806,-1.3622804997244367,1.0774506695483272,0.014545905553234545
1.0191328548660463,1.8397055935834417,1.0843744131439657,0.418507073029033,0.624030769748825,0.10733577529322626,-1.3611107380121323,2.981361272640948,-1.7360024037421173,-1.912697298684008,1.8641178770071505,2.403829984317687,0.17943472919295433,2.0760386438183946
-1.2801309569216754,-0.8033492072133323,0.4697326798322671,0.4080443837808997,-1.6429540056085263,-0.8684400801100827,1.3224002455902892,-0.13414093937912652,0.618189348869723,-0.5444078037489155,2.4052377142299184,0.8213169697396647,-1.0895164720135226,0.6879628133425794
-0.09653671014680867,-1.9793601241056256,-0.5720439782134467,-0.6997220847852956,-0.23148383124050106,0.13993665505663488,2.9018565698540444,3.875579771230635,-1.0640466271732336,0.29631487009444357,0.570920409720116,-5.187584222366316,3.438607339778872,0.4952510149609616
-1.3939391853744354,0.1649362154011331,-0.5721977638369173,0.04090716024329677,-0.38421748205399875,-2.0241575499789515,0.37357751305144143,0.4623027607280234,0.26806069309477265,1.972794031680036,-0.5340115576676207,-0.7830354728563067,0.8562778097675923,-1.0393310790044026
-0.47542726227125554,1.698209841723717,0.19502891230335362,0.8028197698209828,-0.001055740692813445,0.1468098165225414,2.2765263751970424,1.388194986124657,0.07893571972114033,-0.6986929188486061,0.02048219233922209,-1.1930391648060863,0.04552284961031686,0.7080379856543977
-0.039562931756741214,-2.2728230153410265,-1.2316986956148956,1.5192827726179743,0.8707647400274299,-0.14539221773152608,0.433828464575998,-2.3383322120473085,1.6872510617851826,-0.533658657907377,0.8828524720018586,-0.49025053351879677,-0.38955264584989147,3.685652232063532
0.6549489260242883,-1.2146856879862473,0.4312587145854178,-0.13865916550427781,1.2731543230272542,1.1269009526735139,-0.29364915152821264,0.6958956030724973,1.212686718587786,0.3101313827306354,-0.1701952594740596,-0.6795542023098723,0.5737819277676696,0.2969960797635893
-2.0497733372529283,-0.29800380324636927,0.5609022492549169,0.2136623710644358,-0.11970947607586238,-1.2184211463338501,1.8775864471841903,-0.6973188833990687,0.29878262368708686,0.11628006559500831,2.800407398583144,0.3360306236431194,-2.8269763721639256,1.4085031306285298
0.47815030937695335,-0.04203616304739822,0.2926209489428692,1.2588467412750863,-0.325292432449811,0.37136482400807164,0.1733748531603127,-0.34057121900454157,1.0987157961140188,-0.8985074937848395,1.6024097792433247,0.9213122331560025,-0.4121796580159001,0.9646527505777076
-0.03409224354556137,1.074470992147111,-0.7663364152451946,0.10717829192711345,-0.8553905349728761,1.1966277469106663,0.7253137376856276,1.2546095013338476,-0.05734111841583075,1.3343658227105168,-1.3934815325215864,-0.9591408795743778,0.2823290558577193,-0.26571228492385973
-0.037269806957656415,-0.5173732214759825,1.0500766375064863,-0.7139017927978968,0.269765875161928,0.02915757668090707,0.05531150310449915,-0.02570827960146224,1.287314945086957,0.7163402943940457,0.11502291322413036,0.07931184355517372,0.3986905638175749,0.4667511635338363
0.52993002734892,0.16416052127821248,1.1342961640432614,-0.243377535730153,0.4650080988672611,-0.7134099887149048,-1.574414076672708,0.7887771111730006,-1.7353954856641294,0.012497247652937192,0.41329842069304834,1.2952044705745234,0.13160869026451577,-0.7891367746016095
0.338496308878242,0.549362403500975,-0.6494706803540716,-0.7707313687136088,1.672210329885073,1.5432669975228335,-0.7234782324520905,1.223825267662198,-1.3770451463608913,-0.802460524363145,-3.5872269414903606,0.7996814224554989,0.09615272284688994,-1.9373297166399492
-0.30939063064038635,-0.5393611440207662,0.26788011234933,0.2359953746394536,-0.12647444633364852,-0.7366421919426127,0.49171954739734586,1.6360139722207832,-0.7819378064436648,-1.4151826946323685,1.2361686773087894,0.7965522684306613,-0.03915408244108646,-1.0080015725231053
0.37635072055561525,0.22050385235093226,-1.191661635463638,0.3352289064666,-2.429911952647593,0.08679490798710371,0.4696003820539727,0.35573201922688635,-0.6467184141557629,-0.45063203049380385,-0.8315581899716714,0.30940915566312077,0.24648637358353628,-0.3400016493664544
1.142245530732121,1.9198209121231138,0.4314158611973199,0.6282589187919386,-1.8008662607985406,0.27118576677437,1.5751562549649787,1.3919094657082796,-0.36769918284161285,-0.19299921293402078,1.0842264110844502,-0.23281437760237425,0.46522361865560224,0.4956710088667423
0.933835147218593,-0.7598175730281187,0.09353413392206884,1.3120724546522722,-0.341821184052147,-1.5315999563648337,-0.3334095098769691,-0.2858693593706882,1.3677857682485681,0.10489121115876743,-0.6512459747427936,1.32614597612819,-0.8965374696345225,-1.0180180269529182
0.8800727807433989,0.008334551371446265,1.9070692872327162,-0.9615444649508191,-0.3069254986426215,0.07302665070755941,0.7746815242320859,1.0805080270757756,-1.3510469835962229,-0.8678560653179254,-1.49782510448131,0.521070907432742,0.22995515602133365,2.748661663890292
-1.3812477300298016,-1.0980872145152913,-0.5184179559676153,1.1426090472356123,2.1751942956101433,-0.799388104341579,-0.12351592181003188,0.1946261917923627,0.5523728255984021,0.12386089429199193,-0.7276283812221568,-0.8841951843994441,0.582835194619255,-0.4029437899738716
-1.1791727238349106,1.17474464083729,-0.26922027831265427,1.6595212041289966,0.4207504919489027,-0.29034663310647535,2.1451087941539217,0.6458230982904872,-0.21866587065455229,-1.4445361359569049,-0.017867048981369246,-1.519070307883206,0.25670123976644177,-0.43489914459078605
-0.3876008440669344,-0.3227752382092227,-0.72231269837976,0.8639673785111205,-0.401471727852508,0.88508913377919,0.6881104285657469,1.026386657697349,-0.8808025755902884,-1.0038764456167075,0.22692229820640722,0.40725423442958586,0.23990652577703975,1.0133587407111615
0.770497974301948,-1.8800674587639639,0.9535248504938233,-0.7661190522631398,-1.444058850021792,-0.833729161007582,-1.5701423053286558,-1.4675961162528042,1.395593786833466,1.2468793328087928,-0.028578895193129464,-0.14855729502599863,-0.8528993169333334,1.235592815596109
1.0711754574811327,-0.13673106489281447,0.390710488413408,0.443414786725274,-0.8847939697432441,0.5347419075057728,-0.8667563139211512,-1.9101660838439671,0.927099925900953,-1.2082719091825591,1.670850358628933,0.07915429880129618,-0.01612992391985458,1.4521310834269898
0.6903357992716037,0.19821592886123937,-1.5091888591041187,0.755594845410485,-0.5555080213344886,0.18532541084609366,-0.557215395560114,0.8395862960534588,-0.7085100694083556,-1.6301396603339298,0.7277442647162674,0.08358970281154317,-0.9196017465892005,0.7815745050802726
0.8209502161207184,-0.8125913820756112,1.1609801194205025,-0.9662944684642061,0.20499803143063142,-2.810210549548603,-0.2346783630019867,0.1661519696645831,-0.679987653496652,-0.6442153313081324,0.7842843580222786,-1.0897503857956012,0.6290770829626342,-1.4334540531269566
1.045819600961199,0.8592237746779147,-0.7365994112314277,1.518389009126045,-2.365994740359286,-1.119673878476668,-0.06306972308319835,-0.5873616901632314,-0.22851059813574207,-1.1277157653226686,1.1778366574371186,0.08137508554999309,0.11398725570741336,-1.835417427469499
-0.8649742643169631,-0.24146220589146294,-1.3999492088892058,0.17125702843423496,-0.40980951580757363,-0.5975908257649902,-0.7837513649356929,-1.7578984932726196,2.2002062909841014,-0.04171727059444627,2.3943128876931716,1.741611541705703,-1.7805703157413253,-0.4822303452893955
0.1385294503585317,-0.31734690643963304,1.6584290691047086,1.9198569490838728,0.5698297955935255,1.0360541832464583,-0.5163175124113673,0.6540424746801032,-0.6444698538114236,0.6808508559804293,-2.0290048268503433,-1.8164004009976744,0.8819328528571309,-0.5089024651617142
-1.78151430725342,-1.3348720657182278,-0.9487784465679681,-0.3270156658025959,0.17848877896192886,1.203045569690975,1.4376827435253854,0.49562797586176816,-2.119102709122497,-0.5077006368853112,-1.0785899281759697,1.7374277402271538,1.812318481071341,-0.49231581597381646
-0.626545272534166,0.44324768399998193,0.6554195815913668,-0.17872834513266125,0.883715196789963,-0.8832444244592855,-0.06930021017400506,-0.5448723748480735,0.1679017733701997,-0.08194339605887262,-2.0309047325715985,-0.8452536513014596,-0.9339893807528699,-0.67331253554981
-0.05972178148273403,0.605087545329306,0.013757563225596,-0.7642475881658338,0.07853345511261792,-0.8666898324498227,0.6939703221818418,0.6438790313008567,-0.6386530691986283,0.1147208947427673,0.2579913264775867,-0.338298425678052,0.6706884084098322,-0.5843481133509005
-1.258646290042827,0.2941206055436414,0.7081160760599186,-1.819428602500013,0.32158829726103993,0.7843822166075369,1.4462256378741254,1.6317841944453715,-0.25583457652363245,-0.35080410829828235,-0.5798643978795904,-1.1644818135872101,0.6543522391749841,0.7648756113068003
0.4994935327378556,0.5674295534592674,-0.3910080943665326,-0.41231376813251763,0.47718472619296765,0.6164145584609477,-0.3052661759243148,-1.0866457503282678,0.15176604687603515,0.9924261462689834,-0.46838249316904335,0.5484571850497965,0.05171594127165428,0.30707848651610353
-1.420766214967229,-0.9582332301938062,1.6881566643875894,1.178746528213711,0.5254518408158955,1.2217328055950112,1.3353425085644801,1.4515738714533888,-0.38855822704876153,-0.2969235697194452,-0.023388160004042702,-1.2257233126508853,-1.0024122314123713,-0.315617383557109
0.5583522443120202,1.4489999357269572,-0.9258339416816991,-1.8285272656135767,-0.9486572557071097,-0.5028606915928931,-1.9055418880966153,-1.109338783365574,0.8249351667149261,0.6578566392353645,0.6822952977000613,-0.4029424705624449,-0.32923615627454045,-0.3065046307370979
0.6465752140831225,0.7923747235404157,-0.9677508774150895,-1.2245150615788651,-0.06641023086194772,-0.7603822617490426,-0.9772820271525293,0.8302076898463432,0.31580064180490197,1.3230907699039607,-1.7387577684061803,0.5403287005410908,0.7003908347285615,-0.4100921726180076
-1.258625925077734,0.48039888973356043,0.3623127966862652,0.37890590264425517,0.02621380722316848,-0.1704081136954287,-0.7733392913059818,0.37297668766053094,-0.5147658229946304,-2.424372853849206,0.47912814223689837,0.2776587027011365,0.5025230794994382,0.4917089577303941
-2.6967724823706902,0.6941551725246791,-2.179998908952963,-1.1136174608398786,0.8658293668300987,0.6655817666300384,0.2510733479208913,3.346053757424531,-2.8303070681460913,2.4060748901284335,-3.3438398125691817,-8.732677011017833,1.3988165008999733,5.827491115785948
0.19661175218241683,0.1455567620398154,0.23109507881134828,0.6679656890072905,0.9512438387890401,1.2659791624790135,0.26505575315354396,0.8511839247610961,-1.671428505309028,-0.015094605076904435,1.5477922476786632,0.1933667420876473,-0.46833755263411997,0.9263271000222931
0.5974588366891109,1.2679133633374986,0.10682754994308927,-0.7956552528513627,-0.3028379307073191,0.04537562382799233,-0.03649013924277775,0.026974799384304082,-0.8733166343840408,-0.04528679652973333,2.057380517206057,0.04536284476803251,0.602960119871234,-0.07959741474683518
-1.723701057208406,-0.7575261353368371,-1.6902559958051504,1.0998361975437094,-1.350943450499772,-0.9220001219218456,0.8680447092156947,-0.1766227764462051,1.2282056740915588,-1.1222466584305812,-0.020471055117934962,0.6509347686376212,0.39356611028149185,1.855803264944452
0.5820911362675215,0.1273056727328849,1.3316225950030245,0.7181398585318212,0.2751677178883385,-0.6275452453684432,0.4061080723617776,1.5939913663720127,-1.3421252079893724,-0.5313638887753755,-0.009040269226798542,0.5743453244742563,0.19288511003488137,-0.13183841401968646
-0.10658142512492239,0.13501453429012192,0.5009080667914481,0.27137750063375143,-0.25206296657161065,0.9776614434718606,-2.7998234772489647,0.31698523265443496,0.0932189031167977,1.0109582430375117,-2.838511599550063,-0.038329577888136276,0.2889140008797936,-0.2692568618915986
-0.7049170529564187,-0.5181526222180323,0.21861197086828138,1.020636986460641,-1.7147721018134732,0.8585834570678096,0.36968293227524274,-0.1611382954695494,1.1144094161405464,0.10238460011224601,1.1406176546118267,0.0796437341669047,-0.4172546779271851,1.1902818061890328
1.2813470704264278,-0.4140782294241956,0.6213759747889609,-0.1943220817564151,-1.1675555942702154,-2.426590253293424,-0.4877305624715402,-0.7572533062706948,0.6010132971186462,1.2182033063540683,-0.3060445181587079,0.8470751691274623,-0.13998841712471918,-1.4818155354931546
0.016846755254270512,-0.4233489276907722,-0.5865971501776789,-0.8116222757166356,0.7617808448496983,-0.9828964095169794,0.11866202773509929,-1.2417104525542082,0.05244821789055265,0.8192015177420253,0.08120480371449681,0.5860354327906324,0.3160897357777551,-0.7317980986763063
-0.1731632934560125,-1.456014882812703,-0.21179847808510222,1.5892980755687482,0.11002051932254564,0.9119148692672834,0.05519326526330595,-0.8231318375626754,2.4193633364088214,0.053333087094082784,-0.8177559757367903,0.7381378297833306,-0.6257146231597038,1.660906986267018
-0.8917803186877359,1.213414848546634,1.4284189395092088,-0.4174406318781597,-0.28890269684512576,0.6754343554092921,1.006042113605699,-0.018596211764237758,-1.1260842718442043,-1.6611994075568464,1.1125448011737247,-0.08920971205024882,1.1016124745799476,-0.43629895792876316
1.0587323200567094,-0.1739723676037571,-0.9326987324228819,0.07826406745730242,-0.05736517876202655,-0.6866239984958027,-0.8813995524446616,0.42867610132373857,-1.024038384161757,-0.5482719170428932,-0.7206338903247799,1.0715916505732153,0.15766415512348167,-0.8134168472747642
0.8729677036923275,1.8225625779139782,0.9217235595733004,0.9063681038843526,2.1665250666447955,2.7910590088664513,-0.2926277740167493,0.8655429285759553,-0.10720533930483878,-1.545246101852409,2.2628813979962694,-2.9518711403203346,-3.320448464840104,2.9442756389889313
0.7556762667886204,-1.9150458630662606,0.11293807227527439,-1.6045697161470298,0.2784308486088608,0.7855948077628776,-0.9872672612687021,-0.61253289784136,0.555310989942109,0.920421410530381,-1.4544606576489534,0.5944336403445883,0.21845703399993996,0.2694261774806175
0.5544115893676911,-0.1455909133821685,0.724673941020539,-0.332920118934822,2.3117956142212237,2.44063951925818,0.20574336767248835,-0.34781239109119555,-0.11789054584126561,1.5126287830602214,-1.091685490175277,-0.5619064343245759,-0.9078816958392488,2.224765056268612
0.3066324817553064,-0.659678799579415,-1.1199328666888244,0.7782935781320697,-0.1023925050108474,1.4054825408689593,-0.4262299241448822,0.5429892801983371,1.5186830625126846,0.5477006174708676,-0.31166971468171506,0.22952804797661647,-0.25384210515977496,1.7002047139709846
0.5223638998542633,0.7006381908913908,-0.1552465090326853,-0.2191871190362551,0.41086678042008307,-0.6572944970455283,-1.2386153878910062,1.6053228078002117,-0.43088978577834103,0.3370369015705837,-0.6710348667919086,0.13718182548587754,0.4634922141643751,-0.412303940356551
-0.965834046144434,-1.5708268507149483,-0.3042630395951216,0.20167434768316606,-0.18514615071866322,-0.30624286106809656,-1.714555044713822,0.27612563855911165,0.09731867020617754,0.20648848294376126,0.6697060083461491,0.9836337213615397,0.43438270942296164,-1.7908310705588442
0.29658912459610043,-1.0060117131807393,-0.6354072144747285,-0.20193667113940098,-0.4763721451343766,0.994425214044977,-0.874551874213066,0.15101656407983563,-0.34479357160041135,-1.5706256958314095,-0.9254174223093221,1.139578442329167,-0.6773733380694207,-0.21080086586940816
0.7471235672597747,0.40834216556173275,-0.08415770547048847,-0.5554312196464828,1.1472434924506094,0.22530902687163087,0.007916572671153511,0.6898874706045021,-0.5190371502482459,1.7702162729367905,-1.2677260592461244,-0.1857128732615236,0.5917108463197013,-0.35952484775135846
0.1252286332019485,0.7457591528398122,-0.5035551386357006,0.5436090720250345,-0.21790764410741295,-0.19038004972745234,0.5019644864635168,0.0742235849540881,0.30595427360111516,-1.7294404041871574,0.3579666296025117,-0.1197827114681348,-0.23505256249918705,-0.2544745996029312
-2.5620812143825,0.15235680416659078,0.343447106928683,0.02066740898208317,0.31538705647523624,-0.8473128470315643,0.9076187750882709,-0.6728173222173878,-0.6161473789184934,-1.1189070111996418,0.741854486472916,0.3386813377933873,0.23248417917877076,-0.3234007371296779
-1.547969500014889,-1.8739958198700355,1.0082572501114138,0.03505520685746057,0.10161714939187133,-2.7958866359735812,0.127058487700752,-0.3966859683713576,1.3521204427385944,2.2743595018458524,-1.338369037722298,-0.04148173007145007,-1.2432578280518782,-2.702391046731212
1.5512920809383195,-0.7197534643860882,1.6897156343861937,0.4497275394077813,0.6140669679714551,-0.629733581191781,-2.0290250790682207,0.03469727562409686,-0.06789457922393817,0.5853151560302963,-0.3094644110583145,0.1490651612952263,0.736126672356349,-1.4228904195391974
-1.2920761020764173,1.3118127349610462,1.3567416728599002,-1.039561502950318,-1.0183578984564365,-0.3392502490604318,-0.19247724627465462,0.8142682713156896,-0.6662546974868222,0.39007528045095957,0.6587584629700176,0.7068855337628128,0.6627803028970467,-0.9128650232570242
0.5355039381885716,-1.8562575560811925,0.1884769244407347,1.087837040589528,0.5724756400248285,-0.8626437662387972,-0.1160695736789642,-1.2556128245407803,0.48712298335444626,0.14553822300684868,0.6301121274008904,0.7930329968702476,-0.2278518496296258,1.058035955145437
0.956411940578982,-0.9005978359733982,-1.2115435725197972,1.0737691723169291,-0.6429838593765077,1.7031462532832309,-0.7522615244380138,1.023522961856417,2.1556287504269087,2.7660952384670425,0.5322024656357236,3.89299862203719,-0.6544909221543813,0.3631412686118189
0.7048216633351316,1.9927878179727208,-0.8241421106925072,1.0665080703063516,1.0932064680082514,-0.2989485838464203,1.2111793240130837,0.177698182935709,3.5160570998198515,0.3126414142289673,-0.17326143385232856,2.1861072993045814,1.547153830843438,0.22783420535684928
-0.22042230367402665,-2.08585605921204,0.6011160032794572,-1.4739434200818669,0.9922935241339375,-2.6159865427465747,-0.7402408088957502,0.7673893846731716,-0.2055218073056786,0.4522707941769113,-0.014517253127583424,-1.2941563186802356,0.6426069725020985,-0.6605366577891951
1.0630328855391686,1.4828073899660312,0.6226758352151728,0.817065084616658,-0.1696073487657474,1.1792011848423598,1.7995668561892628,2.0500559833943774,0.41026972461634137,-1.8748227186181896,-1.0206256453607334,-2.7594145788758975,1.1744565190176541,1.3975107711528032
0.06164807446056947,1.108420183447715,0.318828370058778,2.038643851359318,-0.7151672294873164,0.12662000477532745,1.1399007621943227,0.4533960460082924,-0.31701193053028776,0.6089599345933354,0.22026429257710337,-0.7244011663177116,-0.5952554389098108,0.17337318335131055
-0.42927078101402966,-0.8573984290849874,-1.292513003504053,1.0315794586256624,-0.2257803115543529,-0.6694553104023506,1.2906499285942725,-0.10297252303160015,1.337016408725704,0.5347999154244788,-0.624939038352383,-1.1310210560855662,-0.8350328474301703,0.2329761539455403
-1.5857797336006738,0.5892010050026065,1.3543118567907158,1.3980608517041073,1.364641251443261,0.9704915770985901,0.9500815230916799,-0.8564604657226911,1.127489772494627,-2.173940419151841,-0.6114035332000837,0.37474439751882965,-0.942371801368218,1.5330930850897522
2.0710171460650275,-1.7164354903712276,-0.6446414559764979,0.5193355412564263,-1.1032235608378824,1.4386711790546964,-3.4177512719557313,-0.3496607782773508,1.818151828160604,-1.3597054633286094,0.42118483313581423,-2.06485576796089,-2.292629818386731,-1.1699634541938846
-0.25176399514029313,-1.1799191157558244,0.01884298871835548,1.295984474468976,0.021712415122485274,0.3242040687607044,-1.569591094789951,-0.9550648663283287,0.13491007792289492,-1.6921200695168588,0.5010909036008953,0.9509307387937974,-0.7477058918959908,1.5431917493921417
-0.6521679019716088,0.020797168938989676,0.16329440475594995,-0.308292183464131,0.6385170174810789,-0.33196143510123866,0.9343497778988405,0.35658369286891456,1.0278803348585954,-0.7107305335581472,1.0229099995408968,-0.6939333489726376,-0.1113545270755752,-0.2599010018495565
-1.331754924944648,-0.5868991411836196,1.6218165387747538,-1.4712971836141084,0.13068975961929502,1.1539443760255395,-1.5265647813733456,0.7688179890735486,-1.7843576437598798,-0.5306153878513808,1.390237677020338,1.4086314617862346,2.4562903992857152,-0.7468403100081715
-1.6102313158019756,1.4012352874168743,0.8623204672275937,-0.8765828458055005,-0.7791963036782389,0.8242035785324351,1.1471556053234835,0.6137714791810176,-1.7881395247775458,-1.6783019705508553,1.8124981358422636,0.4536340192498986,1.5716118846050082,0.25610569004110023
-0.5467208289086772,1.0214668454977693,0.8585411601685768,-0.34712767377872555,-1.1588353899693635,1.0636538158302487,1.5356384168076649,1.2966653578396197,0.8714045969047601,1.716686629880083,-0.8553883911128235,-2.07339573177743,-0.28279055416577703,-0.36666762797200203
-0.8810636954229505,0.395400620267545,1.127742330059588,-0.25991202548024006,0.8997594724419159,-0.16414429661769397,-0.26455808966545963,-1.8247354798831514,1.6598539684284217,0.3663808379672102,-1.486081278085825,-1.9314680574399352,-0.7713873120583441,1.1958218683288848
-0.8737198620939486,-1.0495117431476015,-0.9360368746889403,2.369654650195175,-1.3370796753026186,-1.144182197378531,1.394995170800396,1.0613069657692058,-1.3633356998453947,-0.48744307085423777,1.0201980904576957,-0.6525375982854758,-2.200446958532725,0.9077137988071635
0.0783372519242098,0.6164716695012601,0.998531834462635,-1.4737403026907085,-0.019348602451722867,-0.29209908884294533,0.7636493386949885,2.1082611782273535,-0.9918201665059987,0.5013551052933765,0.3469301597967239,0.4702556752170738,0.8176269337764673,0.06893940064314279
0.5226484285503105,1.3705272945937992,-0.6662284227050388,0.6242689776292565,-1.2503537506797944,1.8781607575333275,-1.4168478478727602,1.48775878887393,-0.3425375756024215,0.6595245404370784,-0.9698522983309676,1.6873225392993323,0.5982063971053018,0.7593110721273482
0.3846826194046055,0.9092801521767886,2.3226229421377838,1.3544352727395559,1.1683027477154355,-0.2312018058836125,0.3156708572246065,-0.18386955763686663,-0.8688692982107622,-2.3888835504377903,0.17030759563366363,-0.7129305380097083,-0.6836323227633418,0.954835327729317
-0.1717548975634074,1.6709542669009982,0.40354788248296286,0.39377593141894984,-1.3658831414354042,-0.9150187407983389,2.3887443632219565,2.0687369073693174,-0.6998517006029811,-0.45817000432082733,-1.29100679075493,-0.31953091582330573,0.6379143055580615,-0.9695184487589803
-0.11918523404018563,-0.5886715830210991,0.4685776275953627,-0.30006956216181857,0.6737299725914514,0.31383181117615194,0.6009262074299668,1.0480993928075517,-0.6198037625523292,-2.204733354837235,0.22303874816522576,0.243877214036936,0.6947787331096367,-0.264524444499756
0.9134636673633657,-1.1257919638024518,0.1927658513625773,-0.31218961969505243,-0.3752728387184499,0.6430508504166075,0.05815058242114745,0.5843059339251795,-3.479187502654459,-0.48301343529241403,-0.411211840745218,0.9642420928932367,1.4095997613412918,2.526045408112974
-1.1965136332955433,-0.7065097017659333,0.47475577265072394,-0.9010991730316612,1.4254472531792155,-1.8263482144417191,0.868659189498755,-0.27239184451705484,0.25743894973923465,3.2222062183967846,-1.7655647987849685,0.03327865999079048,-1.5353379042904431,-2.745642454214394
0.017253360046717722,0.2854666291965085,-0.13653574607418903,0.4429159710921764,0.9092178066918425,0.6227526296315756,-0.48776400280693905,-0.7456116182476158,-0.000872681669595185,-0.5169779206220009,0.44619840622342466,0.729264075796817,-0.2030118267489872,0.8192984827731532
-0.52375106785411,1.1085970068341733,1.6701453179682852,-0.0014921421127067694,-1.340281305008767,0.38787097638035495,0.5328484737954859,1.2401858222186788,-1.875947888221172,0.44498315629052104,-0.4681759038582556,-0.40196133868667605,0.41277393715391614,0.4607353558983142
-1.322797070273081,-0.37808199680177734,1.500799269085557,0.7780271601462967,1.8382563171127653,-0.30681474002275777,-1.149734916706152,-1.4690464635194158,0.44544336720063726,-2.1930570654906014,0.05497977939282622,0.06512264357439092,1.2676442139647306,4.534703718397049
0.6657525370966166,0.836707992134767,-0.4622668239804823,-0.91821519131833,-0.45547047463223045,0.803632268974648,0.515723983080882,2.310334536560644,-1.620389775874156,0.0072938080603714255,0.988127466159347,-0.04148249512515249,1.4886506696304658,0.6338749582840328
-0.15806839331638323,-0.5303970148437438,-1.1246780850017357,1.0227930716714737,2.2163966274159645,0.5955679861615994,-0.32008560067891645,-0.651850575007626,1.4842904134471266,-1.0691649595213166,1.4104369747870777,0.7363633322258664,-1.3377999935266942,1.993819579739377
-1.1697327264965307,0.9907961485196571,0.5028968823731554,-0.7773995260047927,0.21072820295456982,-0.7263669262947758,1.7096776207141418,1.634622911826388,-2.0832320820671253,-0.05127438558879145,1.4023705427985007,-1.899690235992369,0.7163351916861058,-0.5517794552713479
-0.2867593879751934,-0.7589717552432205,0.287185630205809,-1.1532417095277179,-1.9383167389785918,-0.023877238005595956,0.7614358634851275,1.580756059277046,-1.8075137798397363,0.9540206877509106,-0.07706543545215198,1.2356581934565174,1.6400441423866476,1.9237501612129073
-0.42239414097814476,-0.6775110362508484,-0.3181171551046996,-0.11192994626189276,-1.1763947522845097,0.2374057703726428,0.12238144716148272,-0.5330023065187476,2.081802926617945,-0.003331384380030472,0.34092220422969677,0.5556334109640875,-0.5373902760518573,1.06543034357319
0.09023508935062495,-2.1839504327566917,-0.5341515301207794,0.6098509112718968,-1.2598144614759317,-0.5666985628956545,-0.8106484629424013,-0.6843049900450308,0.8787317682751402,-0.05416614424008849,0.2553796710890708,1.2148758360419762,-0.0960530396030535,0.5739377735770437
0.23511102632570796,-1.1200422347529704,-0.1291122447141164,0.5171951898517066,0.9581603195550866,1.8787890644594354,-1.1204868527260086,0.3063394044603287,1.9273850937613641,0.19372673560052495,-0.1856629693329784,-0.09685814267692208,-0.16401033016132283,0.18866090248468273
0.32324631606151455,-1.6218152399706842,-0.17488522166493992,1.1904397860728246,-1.1061926345798285,-2.154192957650363,-0.6394514013653589,-1.7335825702496321,2.476549831001453,0.06676816174402966,0.6782145348635097,1.3809016779555163,-1.430988716383517,0.7298702294905369
0.20959180212005418,-0.12026385668653941,0.7401742026324408,-0.6123361170610098,-0.16899827356889327,-0.789426226413373,-0.1645110724050152,1.2552203168648441,-1.1936581256383356,-0.9753825569775523,1.327650106722365,0.7358737247884336,0.34762428635791487,0.042100965382849485
-0.47062184994264694,-0.7424754474841976,-0.2421203659243649,-1.3302438650039206,0.49861873825751296,0.04843701861539176,-0.9761675292320395,0.03216821297760819,-1.6917014406500128,0.47887865269393826,0.37623027313182744,-0.43566602993569964,2.0283134693803704,0.30534328628551605
0.8179079094703144,0.43909707219922645,-0.5237403281252221,0.38084050792715196,1.0996941041748736,-1.7930649482795897,-1.3299613292683912,-0.5345646218196158,0.9142083603142127,1.9710329876479962,-0.36136541872661854,0.0010682931788411204,-0.740220612571868,-0.9858766100801021
1.672938333947514,-1.1540022899468134,-0.5368848580998636,0.06842331866602847,0.9807980710075095,1.5176968159388935,-2.1854517309087464,0.11758358564613813,-1.6793048208471026,-0.4289761450811891,-1.7876101761555885,2.4928879154427377,-0.22931880396722093,-3.1466798408515
0.33364898191846565,-1.7770455456907779,1.0867511468747661,-1.0363790661127954,-0.13640078365754796,-1.7222685312819987,-0.753927261297322,-0.9461822518032407,-1.1276471368200203,0.15792661678518388,0.6736694507012233,-0.4161732460946837,0.7303166773357102,-0.4973714878657589
-0.21526532981244906,0.08701204725486739,-1.5795534007438619,0.153327000529168,-1.5195441323811976,-0.47500824349555487,-0.41871588738210896,-0.2992560499934432,1.4636040562444261,0.36529011502800135,-0.07345963367652424,0.37175926499596973,-0.6900195399267591,-0.023881543006657978
-0.6186972591340553,-0.31606271349468024,1.094731650347758,-1.5096634761972063,-0.971132991708699,0.04332656908842664,-1.9079501630203008,-2.3194238741306203,1.2795574534124203,0.11751858019692996,0.7853368173602414,-3.3857252074584445,1.0636159974345063,0.2713519068070983
0.9466203049568103,-0.683497696952607,-1.4124855882107605,-0.19137716849247213,0.7898349990377103,-0.5729744753553216,-0.9842932723621753,-0.057386824095895184,1.8719043814404142,-0.38520934985988686,1.2065576002109488,0.4679161572831935,-1.2334448296399954,-0.16402655012965625
-1.1591156868789552,0.14690512651001636,-0.4866958740932133,1.3277031122171818,0.6858497618111189,2.119031028863804,1.8199257888610987,1.0981003915142842,-0.2883810057597108,-0.40545945831617375,-0.14045290524337464,-0.6448165056900832,-0.1972524749357123,-0.27581638750508247
-0.36574355552050575,-2.1189783958967037,-0.6855635657072074,-0.5400194920391636,0.5940865581125581,-0.37885682119960845,0.14842733789193324,0.21634718138946157,-0.17044756381319714,1.0168565762054174,-0.47683606720934113,-0.08507878269941567,1.0786910413761972,0.25176004431513793
-1.0185474738249602,-0.10967055079006666,0.5575708279860221,0.22129599459407356,-0.175212915930781,-1.9407841862577861,1.440785991167865,1.9187345325044838,-0.12081275242690832,-1.5831582062236194,-0.35410391477685177,-0.2708080260966936,0.6547067316971308,-1.7982096219023402
0.5737848885757841,-0.9380365711329767,-0.08061688585593015,-1.5471884743537618,0.34446953543405734,0.04747665150616256,-0.23077340504887445,-0.6299007039765585,-0.24188069668597703,1.3375560637698802,-0.16461003108698546,-0.25530119338268026,1.4981890646075455,0.12839857861874948
-0.9273390769410651,0.4589130286618897,-0.6478864406895248,-0.28998734573939766,0.10598273663655886,1.4078139779024907,0.44743297619017275,-1.263768452727752,0.15951433594475575,1.7061071802224101,-1.6495581263477848,0.07218040869860878,-0.05643714789205905,0.20565480322539195
-0.5254064965365085,1.6464434312859069,-0.9659941349794111,0.052928588779468225,-0.6855468641561677,1.0556218230317194,0.4622406316238277,0.46702766493173786,-0.4131022506590528,-1.275159279570345,-0.02469238591882554,-0.1993858871755586,-0.18496743641761718,0.6048445352866391
-0.6546610674392207,1.3075951718011132,-1.0529533402519882,-1.1180146057168392,-0.03860294966151469,0.6197892652691498,0.687095543595946,-0.8186933485056386,-0.012290048891995628,0.9892502074650006,-0.6708430458871957,0.12859230941887054,0.45081253691079876,-0.5438180915457557
-1.1468775082916929,1.1670448024651958,-0.5058598530016489,-0.823882454624454,1.0486964706002484,0.2918997926883038,3.1747794341675957,1.1819230376840353,-0.7623105588942412,-0.7261770934472555,0.5136731855069041,-3.6737463598038564,2.2412125230379627,-0.44972916544600655
-0.7512563786844336,0.5899188119704186,0.40406711006258933,-0.009537830752353697,0.11949617435144161,-3.5154732490908054,-1.2671484725696485,-2.243151870518332,1.3063524812782672,2.26761396997705,-0.5928685118341915,0.31539417349132604,-2.240081154942954,-2.186720175989866
0.35128767591042737,-2.1848505283685804,0.3789519348237205,-0.2466843452024781,-0.4906752885497752,0.7948704655057681,-2.1991870212885556,-0.4923764409299273,-0.4805362470534815,1.1715786846334166,-0.795025687474252,-0.7305984771254731,0.7636352354785333,0.1872720472832724
0.62164022326888,-1.0879683168039866,-0.3722267725130699,1.1904733107369552,-0.7111731910513689,0.5715017566512034,-1.218251226120245,-1.8515794088588127,1.4464852378317363,-0.9729154506890573,-0.08971551173091011,0.7917677042511692,-1.2240175098821369,0.7587254782761321
0.16402910362066198,2.077535640619846,0.5722280499329626,1.181916297711808,-0.8118933248393003,0.5658544756640488,1.1095026832354564,0.30713925384391366,1.4273406764834415,0.022002606422535594,1.3178622739156671,-0.12956306453468125,-0.5764935691637496,1.3796976929968825
0.9073731259046917,0.39183904927734864,-1.8568138544846393,0.5143712934491375,-1.5464681592817902,1.5526423747865823,-1.2467457157051673,-1.2751080895917837,1.3927325621002837,0.7039816644363689,-0.39583902563710993,2.004077640271499,-3.000885494768118,1.1429014528215535
1.869165687155717,0.26933728992202105,0.2551718229499545,0.636117395128949,-2.2087906923422964,2.548107673620324,-0.5140596330887379,1.2462718149115308,0.0002967950993131088,-1.0292059249528154,0.8741262926797801,-0.4285310149634553,-0.9812755320202363,1.9808369159963821
-0.4386438626967024,-1.6260408670686366,0.4808218646048923,0.699226005882304,-0.08512584374668933,1.5637179564435235,0.3737231686675491,-0.5608587992404,-0.8779100140181916,0.9840494313920526,-2.528360543521835,0.6488557447943181,1.2078016160162048,-0.21391157320777007
-0.35038476040861577,-0.9075914629292541,-1.0421684534111162,0.4082309541158162,0.4506170239740408,-0.3539774214923763,2.378707476244013,2.5260087215565927,-1.7435862882060569,0.054422136908967134,-0.03518376107535283,-2.059822030430077,0.9119981859332097,0.697431521504643
-0.3198470632270046,-0.265115131968433,1.8647083838952085,-0.09007036295581526,0.7625860199177796,0.6960267855357091,-1.0041115229307058,0.3133673296935403,-2.9613899926581073,0.2522551013631174,0.711737139438299,-1.0171933370843362,1.3848099705490127,0.7159598695453728
0.3074212644812438,-0.33694610625899113,0.8379253335733305,-0.8507430749891507,-0.12282643454803188,0.14998698367118854,-0.26433424065367606,0.17789373978631878,0.04774111907234936,0.7566732188531069,-0.028662635965490568,0.19765097496895964,0.6433628188521862,0.25047562088353575
1.011375231223013,-0.12934647763946377,-1.0061716400903673,0.3902594682774714,1.4100892476024354,-1.2191304933110219,-1.1952917071700706,-1.8999493515597377,3.0105237991501883,1.4887309871053376,-0.579629066380936,-1.090260281814953,-0.5569391547986103,-1.4241884058488439
-0.04226405487920809,-1.711192251092521,-1.0934663847792674,0.09453289782417237,-0.90794072084445,-0.7096441745447875,-0.9377226655402455,-1.906721091137615,1.3138296381702315,1.0899555173734494,-0.6412035608050712,1.0763185480570692,-1.416695159014046,-0.5395129235894079
1.347729999768278,0.31526566537992035,0.2190396907046575,0.5926594096310492,0.1842269722682456,0.8867590040722106,-1.8871183021359337,0.24807811414387052,-1.7401610909068148,1.1421546677578396,-2.381577651330151,1.391467560606626,0.1591640459036239,-3.4145531224667915
-0.7773502992310278,0.49434579576005927,1.970707223060223,-1.3059628813707735,1.344686912919249,-2.320376325300335,2.011048860783094,0.9915348284785409,-1.8730729966629445,-0.7614783126286562,0.8928691675948768,0.15064366318181005,1.1236576592137006,0.9601480702821201
-0.38702200742587217,1.5044118261544537,-0.5662701168344836,0.18577888347412777,-0.5584262298359837,-0.34556457300360766,2.548815192648472,2.9757613318677416,-0.5960842536890676,0.364302250550667,1.246242450893012,-2.8258272774389637,0.14362895239908435,0.6238077073850108
-1.1201999802865499,-2.863309959580916,-1.4096789891181982,-0.594362790597589,-1.2419864883461387,1.8344197112860585,0.12388500552253592,-1.458560254988905,0.2811761024217664,-0.3610105587834753,-0.4169420643067069,-0.42026592157024945,0.8832096988221241,-0.4738807503247185
-0.433494308686637,-0.21044580937890803,-0.2933246373505035,-0.7490725860679798,-0.2952467614662543,0.12880600809461476,-1.117226610026299,0.757720652108332,-0.40804325254891416,-0.4857804942257201,0.7042987953424173,0.9011289610763356,-0.014086075175489689,-0.30272363635238186
-0.1781823690412347,0.3328900317985485,-0.3586676194440076,0.9164487302917625,0.20210964139799534,1.9432677606830782,0.32714094320207865,0.022892491981180346,0.17645556767662351,0.566012459384368,-0.1989522664822175,-0.7068552678236293,-0.7627565465976722,1.0482902036131427
-2.8287676351853652,-0.26628124086539806,-0.45922132724991166,-0.099233717198664,0.555218856689477,1.4152999052068984,0.28645593111747325,-0.9403479790800696,0.6223012525464622,-1.3766250127944053,-0.4945536225059196,2.374683037955002,-0.8669701290774765,0.8317425915194921
-0.4101543596893024,-0.8594154088673124,0.17241411943947177,-0.4677583139905577,-0.925235629544765,1.228882610693957,-0.9268339535886383,-0.3265791591946301,0.3709313507596712,-0.37808771885855125,0.3877820594723963,-0.10704840224780804,-0.45136910403425784,0.234930033928398
-0.07064460863120633,0.7030877733717082,-0.4799635832766411,-0.11847392863566594,-0.3894051793778649,0.5641660356787823,0.09919588856267905,-0.006503609661909937,2.5336328744149874,1.322616517923065,-1.3962329123294495,-0.11048100942846195,0.1281201982967707,1.102448443322861
0.020773990917860502,1.4214190005835592,-0.12978761538117084,-0.6157742851320389,0.467080566245398,-0.1593102707418704,0.3667542548328596,0.7835776234524364,-1.5640394839249943,-0.8482174590300028,-0.4309623196175095,-0.029042546079914383,0.354762824190486,-0.561729578891292
-1.0747410277516498,-1.0163562411625333,-0.38096909215118263,1.2474426938960048,1.4293277016646555,1.0349751019119962,0.7918200045721988,-0.07097698894936721,-0.09348247592804648,1.3265424685453528,-2.158458197781629,-0.5438651656365633,0.7558694090880737,0.46379440138961037
0.3186517242267437,1.3592084409323268,1.5932319642415809,-0.2033531009530458,-1.6797277770917807,0.0402636322487523,-0.11777479136473304,0.520115782114723,-2.6164283571981506,-1.4448092620816964,1.413959879706114,-1.3262116943908713,-1.6876322177919751,-0.5986423294492147
0.3315922976804903,0.7853461945493546,0.34443901919595193,0.2875576904521234,1.364628270779788,-1.3249530440533182,-0.7947213506608737,-0.30311897710766855,2.2073555127195497,1.184092143924611,0.7426074091102305,0.08883871439463312,-0.7037011862495617,-0.43022714165100195
0.385836735299346,-0.001976546471308377,-0.20930450918162316,-0.238055306107561,-0.8364647362665446,0.7452953606102231,1.0393015638654943,1.058899527027052,0.33384412486959625,0.2939611235842252,0.06310787320803321,-0.3231495549475903,0.10573111095956364,0.6817397586662329
-0.4301871237136851,2.298515251059582,1.0491379972800463,-0.2874653356369632,1.4701575507224973,-0.39603440473962864,0.4376857392329347,-1.5203930203033948,-0.14064813990085395,0.18793020871595828,0.27590636968794824,2.020045187560115,0.8030703289857046,0.5944433119823356
-0.8369450952330406,-2.0731281207977372,-1.413914645049989,0.5228967101883943,-0.37372617924969376,0.5963664035759518,0.7593459502473003,0.49382479697529624,0.33881742926704794,-0.29226952993494093,1.1414181839875908,-0.05944724365587023,-0.017631428739951445,1.6930166262919024
0.09808887143999119,-1.0304573403741373,0.7956282081522074,0.665947286531708,0.752909739326365,1.4296319799571016,0.5407042996366442,-1.3563501883592495,1.0175930704647684,1.8703965535502682,-0.8435903774407558,0.49239270611234787,0.8719337060381888,0.658776412622162
1.4519469567560073,-0.14268745657859197,-1.0654941980730732,-0.4015392548793105,-0.0766704315650984,-0.16599361995860595,-1.0057655680639126,-0.6639312107293445,0.12554865941741225,0.6648277146522693,-1.6582315233313742,0.7858222534313053,-0.09391360918443237,-1.6142333856686801
-0.9116056557066796,-0.7784464360517609,-1.4411985262936595,-0.9819891964044908,0.979822277651762,0.5527471113231962,1.4181110006802644,0.2146618479647837,0.02037241942897189,1.2242382785349828,-0.14862468676292792,-0.6606325721462674,0.7613166455641108,0.644542330305948
-1.7592704740759388,-1.1309314688479495,0.5528881381444817,-0.22582189074573056,-0.5626178737193758,1.1986029166069536,1.8953383397905992,2.6721004211272095,-1.8117997053504482,0.10297877616741223,0.9452467467470876,-2.5231768700550052,4.255797724168979,0.5986164578453355
1.2147198671763522,0.33938547301283867,0.138209226886411,0.9338588700293188,0.29809813766720633,1.487574998159461,-0.6626139649621594,0.1001156974741722,-0.08974241044886491,-0.4737293982709341,-1.992027709027055,0.2347911751722885,-0.37380688136781337,-0.33286706716257286
-0.49971942971181554,0.13193759552148995,0.6417924884961328,0.6900184108880411,0.3793483197847962,-0.4293015863272068,1.5252754419212802,-0.5129524896993186,1.0980498428265788,1.1522285682773021,0.8011278713590495,-1.459409117757456,-0.595961991993579,0.6107035966761357
-0.9883693998532211,-0.7716875181658175,0.3953229556376677,-0.024763861293709968,-2.9612050951558238,-1.0734782914249414,0.782718061604045,-0.788501076128097,1.5802603593810993,1.340009871162253,-0.6989918009561124,0.7297893273753514,-0.05910501712720027,-0.033582813719793374
0.7521626587720751,-0.28200059579259423,-1.2557710389982129,-1.1620232173132101,0.7098118163917398,0.8945742123839533,-2.194024392093636,-1.414087283161665,1.2364627146972553,2.8222779875008897,-1.686538583678973,0.5457616881708374,-2.741065245269847,-1.04297244486815
1.525746745665433,0.7226628107776202,-0.7163833128631684,0.533437458180132,3.0764230322027917,0.24055773922521506,-0.15153009759930397,1.481831682354053,-1.2709055725588227,-0.7067440634678522,0.21541817140190125,-0.5924002412338135,0.2027086726375887,0.20309136332945008
0.6180098386779601,-0.31937603442906504,1.399049306138343,-0.6817716224069927,-0.10861546783760226,-0.5221358856755018,0.24463137723101186,-0.8844147116214792,0.8866741554957814,2.087276049639354,-1.2438665279853671,0.16039820014281844,0.294680743644297,-2.239019026799998
1.416825390444485,0.907336756865981,0.6048520987849125,1.427952792043672,-1.4186733677683732,0.8151134475429311,-1.209788813146003,-1.0163959921069887,1.7193251659311835,-2.333109664329588,0.7527684992434142,-0.3284199097635163,-1.5631307535628194,0.18423787160838215
-0.6226040591001376,-1.3606005345936745,0.01894774403315917,-1.4563060144914397,0.5912934971613969,-0.5248095586134329,-2.4786543113010295,-2.2082004756330447,1.3204286195670238,-0.3479804605601545,0.8438779755965058,-2.3145353106511566,1.6466470334721421,0.4927732946371232
-0.8115177542724834,2.309268087666748,0.3071110344532505,0.28542804426414226,0.5065802848838133,0.7802927300484003,0.2821665165109105,0.5372210335998127,0.01905581901591931,-0.4759832686537986,0.26243201046015463,-0.9204132912480905,-0.6437258592808924,1.4333935174558023
-0.8477511296150262,1.2753148905156795,-0.15332003718683462,0.5427036184321232,-0.3378608676680099,2.1421803136793462,-0.13603627877721639,2.730532693933517,-0.48722306346860367,2.197706963049614,-1.8260627498460789,-1.9162247092744829,0.5495714810009628,0.33400341264774425
0.2478355871669765,-0.4160328116046302,-0.20046433969457544,2.0369461894198992,-1.2460413069638838,0.5947345481716398,-0.8041137786333916,-2.2877606004493383,2.5986997684328523,0.16759539758664915,2.205972473454002,-0.9549769924674953,-3.4105147679811347,1.0854108558482463
0.2305333338754174,1.0066117083972255,-0.33061143132947,0.3349901482123453,0.5911423508312958,1.059393240052153,-0.2298285277899349,-1.707299394956598,0.280291153971161,-0.4963512144110749,-1.6774570041077312,-0.11227449000620017,-0.7130191993587094,-0.4287797583039239
-2.2569400852764496,-1.0028789214039977,-0.20280293966116977,-1.1423306782869385,0.12834505841219876,-1.2045205698674362,1.4660073660024517,0.9153870235454127,-1.269100164360089,0.7412556805844487,-0.08806936546190143,-1.4110929769613207,2.540379682739132,-1.793392199919908
-0.7314357310412222,-2.530788457494156,-0.17048644666628923,-0.5454654960815992,-0.22523525155525628,-0.6043783198729125,-0.5821981209549802,-2.224239495142535,-0.21786291168540903,-0.09325936784742501,-0.1706853698329457,0.8164721084309925,-1.1723138111999694,0.7863212435512164
-2.8747241637299243,-0.06588606045020565,-1.54818403413861,0.9428594716267296,-0.054737880600072335,0.11431973769780014,2.0073569185395943,2.411440963521901,-1.2722921640764036,-2.594946128569555,-0.9950583432841266,4.194059027000689,-1.4625291228814796,-1.1516304016012033
-0.3942093609000362,-0.01228598233077733,0.173488358957912,0.8383226445534133,-0.7433497205754016,1.149097349737349,-1.0632596509883385,0.8912770553960345,-0.835455927289386,-1.098232174897823,1.5985836193477645,0.1901131379896675,-0.8017129008434786,1.1512619482360467
-1.15152383084967,0.42359332322611126,0.30262563471485265,-0.7069998007468091,-2.8358971779569258,-0.23998708521768197,0.16727295599723002,-1.335120457659082,0.4825959401348744,1.4192534445102918,-0.7806977196365179,-0.44325986935932193,2.0396880542462092,-1.1134573180523752
-0.9123330043880676,-0.9985990492955161,-0.822546800041863,0.1487938696919102,-0.49608343387872106,-2.481134534809027,-1.3510630687707503,-0.6630891012674008,1.690276708110411,-0.4580132530573308,1.3238021140301297,0.25503530025326965,-0.5901289768681477,0.032775420653480554
0.15486772321114395,-0.5279092394977956,0.5068151030910129,-0.18040381350036896,0.6941092491842598,-0.4884526033640002,0.588986933270385,0.3831464765295757,0.7236155431130137,-0.1955006798003789,0.07366425271761368,-0.01609081418875144,0.22299132995041912,-0.4339187911724475
-1.0431529668557296,0.4654982096619985,-0.9945851447180593,-0.09545605954467089,-0.7493526525607955,-0.44667195736541204,0.5863405462675888,-0.41498248298036244,0.2042980655747356,1.3587405554004792,-0.1306070664162067,-0.4568847549832818,0.2745842652724519,-0.7167027612207015
0.12021766296681839,1.8056930949840122,-1.0168983887082073,-0.9196692140077434,-0.48882658868797396,0.36006157062172506,0.18132752169710573,1.6122034149024969,-1.3297372316763918,-2.268778244561219,0.09941358348881066,-0.377814396588723,0.4353482102875602,-0.895107470629675
0.32718355260203963,0.8468653619640399,1.2000905164605882,0.5972572397354675,0.10000401064567652,0.03446188129203788,-0.29663813654220084,-0.9841311441372994,1.2656729040591326,0.16820429308779997,-1.0528296048151355,0.03802030653795148,-0.5508160362128774,-0.2238552855604057
1.3813601605885422,-1.7232385482087937,-0.868816202492764,-0.9282682172355188,-1.4100974655981948,-1.0582652447818892,-0.7234874452649078,-1.142625332774465,-0.5266964879568702,2.1492140384718716,-0.861111303639615,-0.4620565943583724,0.5636238465263784,-1.528052219191374
1.2967176283178359,0.9925574383333192,0.8583116862155554,0.41830839806434117,1.1707387510507565,-0.3174276321616194,-0.7962571682502599,0.08322354702792567,-1.6904898450432806,-0.69120298277967,-0.24361997395581172,1.8860737812959496,-0.5884754626165166,0.42503703407964943
-0.3786213014254922,-0.2202724317247931,-1.4826360893622779,0.14565986651678942,-0.970992198547756,-0.8294339055805287,-0.3045585394353162,-1.200554143362663,2.502780855289883,-1.0759773037659655,0.409179227180543,0.5553606304054357,-0.5134033532645481,0.08182351779413165
-1.9499789047462612,0.928430063431526,-0.8865411105234755,-0.03835376639236811,-0.7086547725886813,1.3796196818718738,2.9473116687586947,0.6474275636096148,0.45133134927706264,-2.092204346534054,0.6106617566417778,-1.4520709662441098,-1.4165360538356617,0.34692327552825114
-1.640855391584179,0.0341325315561615,0.6189283606590168,-0.2168814095204179,0.4648887925047087,0.9287911406063107,0.7348518467412171,0.5338491067856415,-0.5649695624713844,-0.9466672592299583,-2.2501479691658117,-1.479796383466379,0.6193074411886489,1.5138560932763254
-0.8394931944176007,-1.484427565916027,-1.279963754508069,-1.1134317165866112,-0.8090049735829978,1.1446566433125283,0.6621887694053157,-0.07828453063525165,-0.6661203903684615,-1.0269984039925293,0.21751712775273416,-0.7682956332272232,0.8503429753286138,0.1313100790189481
1.2833396375484314,-0.23691565796577507,-0.6042956299704212,-1.2885833618406717,-2.0123939703281244,-2.446092635534684,-3.649144260773668,0.28600322266163347,0.796225717981606,-0.8957424428855583,-1.0000676976211267,-2.735983089342737,0.5475490196177417,-3.3961497267772613
-1.9320552164304026,-1.4907180704312284,0.4964544051591957,-0.2086477476703084,-0.11552000300950516,-0.7455775136964337,1.3991383906329806,0.3876011246694297,-0.02673411980942488,0.5268988540816172,-0.08218910845718595,-1.1745510436248152,-0.4619053605053611,-0.7035184485954876
-0.23525884993080504,0.09216397074000689,-0.034828121294625224,-0.13765440300727283,-1.409733286668683,-1.1647700086427681,-0.5189317889517904,-0.48123083451731563,0.1140285669552129,-0.9788935599698344,-0.550614171760494,-0.6011628655012315,-0.19128249094859168,-0.899314491889771
-1.8897993543245768,1.7799525423835165,1.8971376068694055,0.24335515469140304,-0.4442324988438015,0.15141379488616435,2.8849195443482403,0.7676040620116656,-0.4408590805104331,-0.5839214480548317,-0.5501185278062576,-0.5152910418382818,0.5049460326890736,1.175753988504635
1.7783890258432902,0.4706636576020704,-0.22050280985470705,-1.2963130433995964,0.1044786213853307,0.7817981549961472,-1.8300546504826585,0.6320160012098286,0.29946751265494576,2.3267574478624327,-2.371958599573886,-0.6560624331519147,-1.302765075283758,0.14131192760614955
2.5723655090292383,-0.3320645654393797,0.7125920603941087,-0.5260992150883913,0.3834190289133995,-0.24415207949384998,-0.9660989298866072,0.31246084935654117,-1.5460987145329077,0.26878089884805145,1.0302608120616106,1.196606404059062,1.6383315479873524,1.3735878135956476
-1.7381043224857506,-0.8785435401135401,-0.16856284352987802,-0.42703912010892686,-0.0031240502548865977,-0.5822752170040323,1.6955919037072507,0.672133286352719,1.5126444191017856,0.2218855485687706,0.7789179791166103,-0.41259338206851,-1.1648359975912517,0.5500090327453473
-1.1226976764325947,-0.10601137890497692,0.5073823261662691,0.45661403815194945,0.903527019261029,-0.5277245835884129,-0.23658588963709187,0.1847984892777304,-1.3610373554029302,-1.0595761401725676,-1.1379777191696951,-0.2557511594519016,1.0478701296234407,0.015429747437217669
-1.2489751446766073,0.1330201791197988,1.8191222328100474,0.8063191960230743,0.9298639882335974,0.2820479075150978,-0.05618694749592337,-0.15778703056592774,-0.003255317504929661,-1.290919917613932,0.027107561469479027,-0.015361793238149344,-0.4706604605331349,1.2148775233546787
0.010820070218473844,0.6846542970528349,0.8509606732929019,0.3785611123037932,-1.7788247668204236,-0.30097680908854607,-1.1218069549104952,0.11356298999294165,-0.2631544625375727,-0.7181403076236343,0.09453006943527978,-0.4713223253449578,-0.06536838466765602,-0.2456381710558167
-0.834750475323482,1.8575428368954583,-1.2707816978668545,1.0670422126632564,-0.31381730200806807,-1.0252958813101387,0.4565963754125326,0.5010579625810383,0.14950079217617487,-0.10705906380825443,0.06683312874222908,-1.0483966703839165,-0.5766540736988891,-0.6288248471442973
-1.06232844373466,-0.9161171208413373,-1.0425183951073034,-2.386779636427692,-0.3959705247154813,0.7817853819494364,0.2954782818784244,1.2388952124149428,-0.5519592501586844,-0.34354550683725665,0.03339585808543935,0.3500093974102192,0.5749834641310656,0.07253069167274066
-0.37606646796141524,-0.36405844559043865,0.376179369587291,0.961452655733271,0.8003195346950566,-0.8348668805288348,-0.6933974222097969,-0.7049010339424949,2.6019125249887534,-0.7817438653610114,-0.21013696595961398,0.6662972431243149,-0.3338571119441403,0.5906978140913086
0.38603424251409785,0.03284589030409131,-0.6109049585379126,-1.5017877131794117,1.4992227418549628,-0.07098857265980936,1.084131736786167,1.224184678669169,-0.5649924986751085,1.061080396445851,-1.679556937789662,0.10359464136679312,1.2319806268763138,-0.7745629114398543
0.20077361142802203,-0.5816540856073111,-0.9079445545070977,-0.9753574826894126,2.214511563847915e-05,0.08077985813315677,0.5035037106123806,-1.38821189934704,0.303002252372065,2.0599072162241576,-1.6407010125538068,-1.0888930002711827,0.5411809479507916,-0.17698663461592276
0.3022441325852279,0.16620654132241888,1.0429038816699387,-1.6606026015707862,0.7513239486638279,-0.5058570251156684,0.2738860882698001,0.9997176635685268,-2.665958638736982,2.25496704218842,-0.27995721789791933,-0.7535661091569456,3.019252128462034,0.43697103250814007
2.379590290604084,-1.4832066833701874,-0.730453280703794,0.560563341205845,1.2819613514194281,-0.07771027251920821,-1.5085991256004128,0.6300300624159303,0.5993718339930729,1.6239305285463301,-0.1529741442401121,-0.7925528637015248,-3.1400631083223804,0.08419139878528317
0.15631853316851074,0.5909509230816433,0.1894156467959497,1.1572669603644876,-0.7598361410229286,-0.4801989453989971,-0.5807976581988283,-0.5777874174084268,2.0394081983979166,0.2331763985121006,0.21470695920901497,0.8590302896198144,-0.9608704080560225,-0.2630632625527697
0.5497253585496866,1.9692799549501905,-1.765130135702928,-0.2778078855171934,1.348821012262159,0.7360107598545615,0.8555002987571074,1.3953913685414405,0.5813922865473992,0.6765933009517398,0.060204314384297075,1.3179661105036722,0.8802205905778184,-0.3484581259603389
-0.876580142947461,-0.2909559628836739,0.9435068126892451,1.1128022451721318,0.9596260988694815,0.31881785295106635,0.2793026636546301,-0.5021310626667065,1.9451655459552135,1.6124245252864713,-1.0998744647246668,0.8148452150935172,-1.1296209688542072,-1.0912387295640775
0.07932239678357313,-0.22857079903275684,0.026868680828442872,0.35691082798435647,-0.46590190336124193,-0.20838229941397723,1.0929574548008367,0.5572612953183084,0.1097399831941637,-0.21313073349786255,-0.7970313156353795,-0.19109358772911725,-0.29165355459910514,-0.5256718303846899
-0.30451692074437336,1.2513717359498768,0.1508556119784485,0.8354804120073365,0.08091895454379329,0.2374102268255113,-0.5910001957247868,0.7471572187316309,0.008744088500413888,-0.3435816600176873,1.0809691463511208,0.5524875970062456,-0.8692893652987475,1.09495445105433
-0.96303874924813,0.5906526569945196,0.39556750813477404,-0.2820559540296327,-1.1142761587443062,1.034626921350643,1.531073995248264,-0.3391318579160849,-0.42947547837831745,1.119260730071031,-0.7011382471404555,-0.8254952142901985,-0.20660016315134583,-0.28041204315404505
