sem_0,sem_1,sem_2,sem_3,sem_4,sem_5
-1.5022532767684242,0.5157673599059885,0.6329243003682286,0.42899155387654464,0.17761393818753235,0.17065738571096636
-1.481818785265438,0.31160821942379646,0.49780981061223384,0.5074368198377738,-0.10196344700575759,-0.014286295013316453
-0.2547475711453746,0.07364605507193114,-0.969463313434407,-0.4829634965554802,-0.3179139768982746,-0.283642263087402
-1.4338177544744373,0.830187773294386,1.2707215910570213,0.14343500211361834,0.17715706437870843,0.22644969318387143
-1.1386557076935908,1.2015649578658687,0.8971931896205425,0.2019188721403966,0.10998841724477165,0.03267561002337664
1.5299130658683473,0.4976207235438852,-1.433399185923299,-0.5686805918232019,-0.7826671280769875,-0.2736429193387463
-0.0768045551365113,-0.0024514633012478818,-0.500923459664157,-0.2057336319741267,0.03247329945515068,0.16866963943990393
0.039334023493099696,-2.2443090392542686,-1.1978492217118355,-0.3423675316020416,0.24051775166619527,0.1310766794433017
0.3777190791363754,-1.6078093182780457,0.5779528014412115,-0.39790667026542054,0.6521126086217169,0.3501160487262831
2.464936240674776,0.363023001908474,-0.45696546391208526,0.06966969072252786,-0.4226857625306013,-0.4564859890243832
0.09773938522489731,0.3696035786832261,1.3649395304633523,0.49082969645466507,0.34175495812455725,0.06645560973652022
-0.7600863647042118,1.746282400414307,-0.8586118693774968,-0.47593585159949836,-0.8514562768579238,-0.3597343888803208
0.042299292933088956,0.8561673630262338,0.1139390532313822,0.4146476111317999,-0.4489532534842627,-0.10302328620511178
1.241486102635714,0.7931038413913604,-0.08726369669828704,0.16411860762162747,0.09547771015901799,-0.19072632044533752
1.813738648064198,0.9848826782809114,-0.7527643901661024,-0.23816241106196495,-0.36330098414070666,0.02810944278779147
1.028791266309899,0.7443232714891588,0.4030647749057078,-0.08113137810733284,0.06123460832841662,-0.20630487275435683
-0.4225460271596655,-1.0079481061068012,-0.41353607280674054,-0.33890566881152784,-0.1376834156681219,-0.2252052599642347
-0.2333224476868462,-0.22968812491411286,-0.25524122178044817,-0.35306553638706073,-0.0263954066838782,0.11988059340167342
-0.4104700441386943,2.248229372098432,2.0227678921939773,0.6734413457256051,0.03326655613715765,0.34285783875104203
-0.8806780658998201,0.8272625001828494,-0.7149358985883423,-0.0019150066242227138,-0.057725032253735625,0.07439702714620051
-0.0186140569263714,1.8610788110919474,0.05004490680613479,0.0007385244360882462,0.14102484366041546,0.3040028007758578
-1.5115088753528152,1.4033702717277254,1.6586497848350417,0.236526756687842,0.369470249108067,0.178641643954071
-0.6702498921248394,0.15579514593236377,0.24578159597355212,0.07401059045505086,-0.0143031045993669,0.15435047042483413
-0.02834827674902201,-0.16815577089793265,-0.3818039721006683,-0.3235337942632489,0.020714229915195365,0.17802503216170082
0.7765289062613989,-2.123133374728405,-1.1512162275814533,-0.4295115477825355,-0.41606938535632515,0.17970306067191283
-1.6106293141332984,-0.9046381449984151,2.252407328811549,0.2650282489505186,0.5628984030396227,0.7234841772116511
-0.49114586276598965,0.1730809799953702,-1.5240922086873077,-0.19167714737936142,-0.43300054588246756,-0.18188896656558878
0.0820676415072192,0.27753077760423145,1.7999982135687471,0.32781301624055925,0.5467772229037264,0.3379296249503609
-0.25322961171304215,-0.3803565424154373,1.729226439769146,0.8096824168028374,0.5261141847707985,0.41796925046047834
-0.9806387060086847,-1.1679470691494838,1.3359130393428627,0.04818043379420365,0.5603525827145175,0.3978818386944831
-1.078083029526235,0.47825620689013126,0.9548067914383972,0.3051211958951174,0.33630355109575705,0.3691493370102264
0.07552421701735498,-0.604293173861761,-0.6518732056399913,-0.51101778410766,-0.16871648318835075,-0.0388355081849752
-0.2058001579921127,0.9536217928538179,-0.6966545017443329,-0.27841340321819785,-0.4057883989467314,-0.2976500891501768
-0.011773493570745159,0.10272060755829279,1.9673158518488647,0.4357129104053822,0.6281380589447167,0.5002798138130273
-0.6447424492631901,0.9122353132977674,1.4275652376678687,0.4634311177860257,0.306646641220806,0.039599273794447276
0.4748170067671971,0.5656129236308416,-0.9258651667182202,-0.3080441646729231,-0.18828014053224487,-0.3620190149382524
0.2882941614985546,1.152861031329142,0.10223122484649895,0.3695019910498138,-0.34315013303241104,-0.11353579623852791
0.11012121535139673,-0.07539122365390083,0.4914564227192627,0.3714773042688491,-0.26520807935946067,-0.1372965446406788
1.1740891276871375,0.06991828064375621,-0.4054824729523789,-0.054372591414272475,-0.34566138430141824,-0.030596997724447524
1.1744387563405836,-0.30989270939878183,-1.6901999282266418,-0.5113088054190807,-0.6721538291509814,-0.2533529930627195
1.0588297803100803,-0.6924700522514868,-0.3241417949856394,-0.08116732561662598,-0.3577476267697777,-0.12803776434067343
0.8698981000087433,-0.8978721900526313,-0.4234075893984114,-0.34400095355158994,-0.11427487079215842,-0.04575792582706907
0.8407850949919944,-0.9766990820748579,-0.708594211025439,-0.2748031872078854,-0.2677383467345851,0.0014082891446804205
-0.8956361507793342,1.8258413296439435,1.787129295448306,0.26426917351517243,0.3478466238866187,0.39654334210514813
2.609722865022846,0.822122300825304,0.5671628548669309,-0.2437678256063422,-0.15532222037631002,-1.150796793137287
0.04505914501816343,0.20787675179921203,-0.48521037093950803,-0.10592842155473722,-0.11944817839529676,0.09039272292785194
-0.025060577097209102,0.25734957030447686,-0.3454776640077896,0.023069835511988112,-0.13832486199566404,0.08180603833232904
0.8650795813019543,-1.2667885243919605,-1.4784614087765475,-0.14750187228494382,-0.8579643106028975,-0.28746570068425564
0.3130069444031555,0.3304264550152593,-1.5725991609064365,-0.38127158130012867,-0.5472103993308128,-0.8836024973258418
-0.025206888039657697,0.5535293459799406,-0.15885600591850726,0.15386628598888957,-0.3578971932815822,-0.19671941394199438
-2.369703053880511,-1.042159722049437,-0.8029490539693053,0.08765415549905395,-0.432524347594589,0.3578769457143681
0.3964099914596882,-1.450989152208673,-0.4364611256050897,-0.21262622354828586,0.12058631748563856,-0.2448633661456004
0.1437323458499176,1.1141544903860023,1.4799046077873275,0.49839330275349325,0.1890376027140488,0.07088648232189454
-1.394448453775211,-1.1922047400120337,1.6058142455326374,0.0476409840589916,0.5506005255021651,0.522156542049487
-1.0864270508641962,0.4087697232682859,1.5590680073996341,0.5495976580455286,0.3474270263526402,0.4994248478781723
-1.1937172307368145,-1.8342979339940915,0.1516579924120437,0.26852296853864654,-0.5456794376425369,-0.44764909097459654
0.1153715861610181,0.8187239818079739,0.06606075053864485,0.3449806107261301,-0.5040778883314141,-0.1471210874765616
-0.5476317478215995,-1.0685332195618968,-2.3476040870099255,-0.9838126217459676,-0.6268832586907563,-0.17258138926275093
1.4217851211887205,-0.04558698598575958,-0.4291991487977067,-0.15992072363871665,-0.47509002335237877,-0.0034113483655060298
-0.1545477646175315,1.1772602558124357,-0.21180772620123497,0.007264163325686996,0.04065137014133863,0.19747360573018713
0.32229004425523095,-0.5288137691485546,0.6904891174928606,0.22789788794421098,-0.036323162309901125,-0.06524564290613888
1.9518492946979789,0.6809648472822986,-2.008871996049769,-0.949344690843652,-0.9510349240059928,-0.3295557458136051
-0.19973891893922902,-0.810011126913017,0.3324117176416888,0.1880463328201082,-0.14626054468012517,-0.14808789116948956
-1.1682966327727582,-0.1695115330993764,0.48264436840427216,0.1880636051158098,0.01000593484854409,-0.08220358646262393
0.3971573714854302,1.3256357681341533,0.19890455850542188,0.2691147268133735,-0.3887139310620178,-0.19516030089066835
1.5336896726241085,0.6781715123259422,0.5877169151879971,-0.007148687527367184,-0.21506463966058487,-0.6830836875402392
-0.6947970287318119,-0.7097590286805479,-0.18131193084536712,-0.1410230602639641,-0.13374295829900815,-0.2594898507830875
0.07012182863158703,-0.5376817057214791,-0.17016597737188138,-0.29709281024755485,-0.25236743985345966,-0.022120759835980323
-0.5262478442472336,1.1755431264467964,0.2640665437567168,0.3988000778092677,0.2721940690609792,0.39653216027649235
-2.7241595572490085,-0.14306592255691358,-0.6016404326618136,-0.2046577815182042,-0.08149950428007591,0.21460942029100077
-0.6159830771590009,1.356764295078432,0.3444644645387066,0.10954593199391068,0.16919481662202257,0.357867530768049
-0.1891377357053833,1.5568409255737183,-0.6954313216704745,-0.11668447340721881,-0.8016193147579294,-0.25121837924060186
-0.2326959715657034,0.360050571952691,1.312335934179203,0.4758870900989503,0.4242158686816996,0.05858953422944596
-0.19395476517934268,0.07185260370237229,0.180055454657181,0.06373884324344814,-0.11981320087728077,0.11614497696290177
1.97890320502651,1.056872062481492,-0.07425807206267125,0.06435262965680776,0.12445122987708879,-0.4372815291307936
0.9338655102010485,-0.8848559056714453,-1.2766060707497073,-0.16285094208441267,-0.7021875207149014,-0.3867564687687989
0.8441013482481536,0.593946034822043,0.4192528359069063,0.0596323220981027,0.07588421473706347,-0.03968227271403523
-0.3414193656339235,1.5067444331371695,-1.1861694452363867,-0.8037082477886297,-0.8948887459063067,-0.5512842041663099
-0.6681264317331503,-0.024530539779843867,-0.5474971546028276,-0.5231661405785647,0.1823223791592335,0.11335062777892285
0.8254278097955006,-0.3598577267451546,-0.7783358428157438,-0.2944258262595783,-0.49899327490366685,-0.2361129059501671
0.6769348697596109,0.6349624342484765,-0.27425655336300714,0.14457615898568674,-0.29676316079676723,-0.10447027794828083
0.5415961164356586,0.9600794229620405,0.31672575390871244,0.2837025865439502,-0.39045910245948834,-0.2630525950467056
1.2018061109044906,1.7235394538290758,-0.1693361119793382,-0.28460105294188326,-0.0315521999641943,-0.2575858449006315
-0.7070715047924396,0.3165598779232715,1.4317543703700037,0.47922443054281344,0.45760597618386734,0.35795803253936437
-0.5604167584573496,1.1910358320218015,-0.389349230289759,-0.07489133946123269,-0.015714449266516203,0.22288838713802778
-0.08843782740606394,1.6280919562810934,1.4343862817760233,0.9044931802810082,-0.3500301170033396,-0.02781999476874196
-0.852638021530953,-0.18913189486400997,0.053168481091555496,-0.2028978222755032,-0.20911346342392306,-0.12311403282350564
-1.2202494968423845,-0.46243085725928074,0.21550714250575406,0.25861877742133893,-0.27712954066341083,-0.3483969627452736
-0.12603576994651505,0.9824367204612218,2.4343200038020107,0.4443417960282836,0.9549100431191738,0.6575474932326328
-2.1896277490991545,-0.45703515029665037,-1.112160367253184,0.24888356425290942,-0.20805001804735634,0.5429275797270834
1.0064281578153247,1.62115961824963,0.2739347282701449,-0.3666385955713671,-0.45139905638307243,-0.5088431809074396
0.07440083643221919,1.0769896776939125,1.1591983942748485,0.6810456381122652,-0.15650530096315268,-0.14430680022299502
1.48522971712332,-0.5680282901322531,0.07495561028274161,0.06590021474490369,-0.28666988603664845,-0.3380569654337959
0.6640714316109633,-1.8976923680645073,-0.605435078286193,-0.269456166382402,-0.19516953943161697,-0.0041676234562209764
-1.6050041486571005,-0.894808813211348,1.3042157462781516,0.5205452161390408,0.6793059038439707,0.9093100411987618
0.01459953985705678,-0.2074534292777266,0.3409522647066189,-0.026151390782326395,-0.21552760824344688,-0.04477590763908699
1.5086237495449515,1.3977423345674536,-0.6909811793487886,-0.2356451673316734,-0.09970748284837049,-0.20097056532292004
-0.3253838428486033,-0.2801898259486084,-0.7881028537896919,-0.70366515725046,-0.20259679008672182,-0.22744357433907797
-0.9186370987120209,2.1396526413465606,0.4304301187436995,-0.16266731839905132,0.350020140033235,0.4293348848290845
0.13915755550057746,-0.09114908917071937,0.9717823046935891,0.4126207711609392,0.2519737109640941,0.1796826720969858
-1.2207082459109717,0.19899167840540607,1.7780819644606398,0.5106618995114646,0.4087214936373471,0.6758529413242205
0.9939909526064998,-0.2184594341037027,-0.11571450830850573,0.0767872834660689,-0.4518142148064728,-0.14113180534452308
0.013746896281405989,-0.29990133014305076,1.5050924451095584,0.8755361071601022,0.22584212709429535,0.4162321438373162
0.2153592473349754,1.0974555812192959,-1.426009712839673,-0.3615552293516845,-0.6814947429255492,-0.5184011639724029
0.17843312695042107,-1.0166014035179634,-0.7259215257154981,-0.48954916791405395,-0.24823163432616796,-0.16216745564934978
1.151367307162086,0.5148456934621566,-0.9540954597884478,-0.5138028773442593,-0.282872755661815,-0.13508710456443335
0.6676792939093197,-0.40152618478898794,0.18797858718370697,0.07808071386761518,-0.4722273930863614,-0.25539670221715594
-0.8008492523462714,-1.5970207575083208,-0.07244463253277222,0.36615993028383903,-0.3409583787394172,-0.4592058261040743
0.19165343834791407,0.36273880649109597,-1.1371181210849914,-0.3596370588991648,-0.43673781349095636,-0.5638343332168055
-0.04273120889531347,0.15170690200799003,-0.3257933923518522,-0.08420394112544745,-0.05845426128869485,0.13402563986070173
0.8190927693576973,0.20813061983663847,1.1881067973469093,0.7430844812372757,0.026702090770894527,0.14994762001283155
1.5354128482734883,-1.8588741330759984,-1.141398585778723,-0.4863426446480449,0.014086653846534403,-0.2605710676864471
1.5617692275050594,0.29331181655850014,1.7031208323374323,0.817064342059713,0.07772941271284012,0.5641661082664755
0.7613292828086033,0.15222675938949157,1.4657487387450103,0.8834752018860026,0.11183749085624711,0.29783821370893443
0.23443843339880657,-0.2256630004219885,0.5311469271739934,0.42736749511154115,-0.3426535416843467,-0.31842402525493657
-1.4335202257817614,-0.24637107996630583,0.6416947419245009,0.2850093174345977,0.17116388464975774,0.08491769482374595
1.3974485001512207,1.0353441845837066,0.016043313176457297,0.16432591200795582,0.044423864720685796,-0.33157141244795935
0.02997209759923482,0.7078298050822528,0.43524532932506493,0.5379146740642801,-0.3398056458218019,0.02722470920798111
-0.05952616072984264,0.33021570558757957,0.06217664700900657,0.25187361989087054,-0.135528037862771,0.07282055890117277
-0.2477714511660426,0.7888680972080736,0.9211624318633403,0.4516716862795401,0.0018950490632902162,0.050555339787747275
-1.920155497047071,-0.1884022296281297,1.479152271302251,1.1254775615829675,0.6777832616427776,1.363401608848969
-0.4115684848168999,0.3545337459096412,0.3115504234798589,0.3758309436604304,-0.0675791988434323,0.1950650936435091
-1.8366026450040607,-0.29515414270955176,-2.084981849883492,0.25615743187675455,0.04820057775091907,1.386483138927872
-0.2613747280495311,0.5788327881955063,1.301823126843951,0.4139675636515258,0.30390110713553253,-0.04489709795878896
0.34841183023007694,-1.1542376988340726,-0.7136790898508857,-0.3993378393606516,-0.22937854230322197,-0.1456029267779786
-0.6008622401283452,-0.7300245456668423,-1.067134815774073,-0.5869079360901815,-0.602278450221738,-0.13881172558255508
-1.5872543628246358,-0.22022992893535176,0.8272522170773399,0.5600169762038552,0.31053590867518643,0.16572236590605002
0.11863772804573602,0.8898357756468481,0.546430997515398,0.6149662525742788,-0.4371091075709279,-0.0817737805416042
-0.9862647853125901,-0.17011640118944724,1.1700783998386948,0.641001447123955,0.5430723936102138,0.38959170076973576
0.9102249919017631,0.586893145302461,-0.5690091525217273,-0.42826212158996135,-0.16542953181907152,0.02845891206695203
-0.15079301695193872,1.56313441112956,-0.5020876081464097,-0.1290348180387034,-0.491993489880896,-0.035647407269482775
0.2286663788444699,-0.6398391621398922,-0.9667685285996761,-0.14915063474632145,-0.48423841928959144,-0.34879733914559885
0.6106005646520829,1.0871590356777898,0.6416702571532057,0.5544797690881466,-0.42420199984716483,-0.3091038776348705
0.7565676692306955,-0.9446841207664228,-2.665363664727172,-0.34357060125109673,-1.4273870896720857,-0.43782420824196666
0.7600957179108669,-1.2556498938551113,-1.5873982336675052,-0.21638729490149916,-0.872139852765591,-0.2749621245414733
-1.0934528491209385,-0.9133608687415419,0.31215452059342663,0.343128764703127,-0.2922512634954584,-0.4182145426326236
-0.7517697833546011,-1.071592677143182,-1.1233872668741514,-0.41909394429545793,-0.48626693206316807,-0.026771850644943317
-0.37838117842211394,-0.6291778480624658,0.47533666013843257,0.17738834244552176,0.05599190376120766,0.02122573078164721
-0.06947711834417622,-0.6041920988348635,-0.7877442636004323,-0.5920747774809614,-0.31515298100121053,-0.09329473443947908
1.7269168522309353,1.6894550460495987,-0.0878138187800859,-0.32949182249052095,-0.2754519589727904,-0.490082313664782
-1.032734310163707,0.1668870670301804,-1.1209225849660605,-0.1098645995244233,-0.24474841661077862,0.37678377455178846
-0.04026347740383571,1.242185025567228,-0.6995551041080008,-0.203077643899229,-0.73601143147601,-0.3660720989960886
-0.26475279151855463,0.5529905419345333,-0.47269797075115627,-0.2517183993296301,0.0013898938249843618,-0.020296698011288642
-0.673312933507521,0.5718485592764674,1.5227770305792248,0.3917506600398354,0.4387674542988219,0.28943404301315456
-1.0062323197805578,-0.8924261199404354,-0.17713498193655966,0.1785325417955705,-0.2556735439879515,-0.4782029368935662
-0.064933675416332,-0.16363705684766716,-1.2668581083727053,-0.5288486557272158,-0.5765459924241454,-0.5253003240806775
-0.12732047764432547,-1.2663574873446148,-1.4305872476529107,-0.28116463899899563,-0.4295289622547279,-0.15070406377124784
-1.7045947782565842,1.307145526972934,0.3063075160483175,-0.3809079130441928,0.5434868855043248,0.09088022445470229
-0.4284743514563468,0.4855437340045986,-0.44215884474088474,-0.3472913959384145,0.07909492624390482,-0.04600720816550918
1.4752863428538985,0.7660643876782922,-0.12115023368893846,0.03633026729192069,0.05465945303503536,-0.4187853891544019
-1.1257301978796919,-0.660097815962681,-1.589959945403074,-0.5764367026374861,-0.7051833801293304,0.2046318283288849
0.10397546318403737,-0.9009463787533087,0.3951758861807838,0.05385669020609577,-0.0015125512320028345,-0.038316750325517665
-0.5250724761970669,-0.3237721120250874,1.1827442170337252,0.5454807426033809,0.5180935184617718,0.33215402446509856
-0.019533095175432273,1.7942892634970224,1.2578780639339266,1.2025599823883588,-0.4441406778763258,-0.17893169462213998
1.3843220651008274,2.5419981833404917,-0.15856555729273547,-0.7910499162617727,0.1618393136641384,-0.15981967694421606
0.645048855691817,0.1334771838316064,0.34571191768900544,0.11532456135695165,-0.4113189764133457,-0.2512354761366436
-0.887126981860257,-0.3450836602375793,-1.425839106525519,-0.41498272760066934,-0.6072959460953918,-0.022983230060272523
0.6757071179911649,-0.22386759850450563,-0.8234402776766151,-0.26846000459436686,-0.4448272329662769,-0.36962013484690626
0.42676964560644187,-1.577276766292691,-2.172781546472501,-0.6908014975675564,-0.9100567104676511,-0.02655719128097781
-0.6490578554274191,0.07993369283879062,-0.10337957796695178,-0.1507183598321545,-0.025839491819644414,0.0392573255772332
1.8205118090458627,-0.07845927076659379,-2.587901741937642,-0.6716961661602009,-0.8530816593059509,-0.18509916395002513
0.6430031926921669,0.2927866780307187,0.5907390735653308,0.46443435356092766,-0.23124559924816832,-0.11163671232088712
0.6192533279111385,0.13178669327133247,-0.0437501962719528,-0.06524964431781695,-0.24064003113246635,0.06947178721689884
-0.015963175069748026,1.1123934299271776,-0.16859723992602535,0.07024846667263618,-0.113095459317839,0.0874194161348054
-1.19159191402393,-0.11487984584593464,1.0303666715336282,0.6148084942993067,0.4693279676241253,0.3371067871124084
-0.367566800730297,0.2930681968647939,2.3141988680077445,0.49164145112279733,0.5514104409216962,0.6002273278412348
-1.4710962728208754,1.1666029406422374,0.372350044899301,-0.23033210341954988,0.5587066457113348,0.10065838415136863
1.8704319363749893,-0.6703747896345517,0.2573778323167785,0.226071227471343,0.03489339350987308,-0.3653504746416941
-2.1418592206839326,-0.6807469335735348,-0.4011878958338762,0.3406773666851216,-0.44382593268542914,-0.16443900394065603
0.9631480570583655,0.7474842056778758,-0.7186992994281326,-0.4575918540344073,0.033192200012174655,0.06059644652297845
1.2487073011962941,0.11609356188211764,0.754526844824139,0.6619504204270066,-0.6435290094667714,-0.4607424344488568
0.232979431655392,0.06937454815987376,-1.0394929491827376,-0.43575188535318565,-0.5137712540036734,-0.5585551849687961
0.9155475803678303,1.0735344752297975,-1.3431924993033089,-0.32148668074279985,-0.2805336806680172,-0.2808904139388995
1.6498561261199483,0.24498113891508091,0.666607630220996,0.7312272787161361,-0.7065715545379997,-1.0794007807273762
2.549290505234492,0.6777002020251381,0.03964147720570977,0.12828865221839467,-0.18565858879948416,-0.8642211658857929
-0.28498034721721693,-0.08019504146944006,1.1330872195503678,0.6017590769028743,0.4835986727250723,0.24741043111186506
0.9889484418314805,-0.4348187911015089,0.40163404874725384,0.2882801026801446,-0.616057779668046,-0.46718103068889033
1.57268756605094,1.7795302117849472,1.435573889631884,0.35635080659302193,0.026009765551938208,0.21901940725800068
-0.3708227181917925,0.05722307565356081,-0.3628290239121856,-0.23511954044834282,-0.02075079186586877,0.051408994351992074
-0.618172917493834,-0.02927812750357209,-0.27573292167328917,-0.3718335181663483,-0.022605105361208105,0.022154672627899212
0.6095340885651255,1.2195667110945545,1.6156983724802114,0.40744711051553933,0.35040958958113133,0.33137820960157066
-0.778375551307039,1.7802149614016418,1.3326890054767884,0.5664268469017104,0.14580417558271308,0.24457510271742727
0.7387899891981853,-1.0983045700605722,-1.3047020242081195,-0.10184408504326724,-0.737355189733292,-0.27199250547955367
-1.5361238025670256,1.2133408705238304,2.8460815029053714,0.07146557519804823,0.7187086688444648,0.609888184817352
-1.219615150954001,-0.47850189909655755,0.5139706808569685,0.12244557448094066,0.09646258339659874,0.03066024168775683
0.005217441460999923,-0.22427902345866885,-0.17652598011964854,-0.2457205152820991,-0.08999920417542072,0.13904513564474028
0.1110547292743045,-0.042422455410761666,-0.41643960243767086,-0.2706184471108917,-0.0035325401638152815,0.2246480445378819
-1.5231420610498645,0.5830695247267416,-0.9040139279988266,-0.10052168348662627,-0.31466075113048386,0.176007969040268
-0.10800091189527856,0.10870158166880059,-0.6167668665394583,-0.26000692376112206,-0.12374581954559277,-0.05585337919286032
0.16570808780496374,0.03226996333853913,-2.366339861195615,-0.48134201538502736,-0.9064972656777965,-0.7711044571641738
0.30056677100655516,-0.23377237588096855,-0.8946430775834991,-0.4608550298458948,-0.3329899913597384,-0.4142428980368216
0.30164548499785937,-0.521156078527138,-1.7106659887906475,-0.3654572066702879,-0.84556101323596,-0.4309372497131402
0.8186722876004628,1.5787803925497061,1.2588178537773083,0.8128166112288564,-0.24717770743329393,0.01735639756700426
0.8202390206723007,-1.2175283216623956,0.059399897056222,0.04441272505828363,0.2395466354681126,-0.38309523153380015
-0.40488004264009014,-2.340290299134832,1.3759945655429915,0.1227493179967122,1.2905787202924355,0.6357488179126565
0.31471523240589677,1.901255464491657,1.062759749917521,1.3508508795452325,-0.5134986667977363,-0.21120621493408734
1.0826648178028013,-1.4221466675566505,-1.59936446607394,-0.20598251961663452,-0.8342033561108148,-0.3283597906978482
-0.7714444952508328,-0.38110761217290273,1.3040467211067155,0.44453852249944964,0.5443099409233125,0.3842174821868037
-0.24440323636539885,1.0390519262745304,0.444782168606972,0.5596788699128192,-0.37351393669631483,0.011838496434182118
1.0559866512223943,-1.1878441754609537,-1.5566856004266365,-0.2111809740728028,-0.894418799036276,-0.38148788600337774
0.945132112051686,0.2872219314175584,-1.9457054546320678,-0.5582211085588658,-0.8429451991046059,-0.653721692904582
-0.19179228597271925,-2.138417005345871,-2.291214071906684,-0.9106039280292073,-0.19403476332325525,0.3101034297042233
-0.7255241146482327,1.001249164084892,0.3796862751159531,0.5078995196131626,0.34996653373485714,0.3267246275991374
-1.1534738660349466,-0.37745701757438327,-0.8805644352650651,-0.22531639060091965,-0.5164441076092501,-0.16049487791408004
1.5039276187421855,0.06981277743338193,0.08995972232895043,0.4771056212228877,-0.43978633660052435,-0.7300023088964505
-0.5111491811163364,1.3990234623423519,0.26225351437649214,0.17995937368844778,0.22294909688714887,0.42600575906607396
0.623770995866447,-0.3780694379533668,-0.7207018449662058,-0.28252102145794966,-0.3914216799585058,-0.1606768231669597
0.46897993885302003,1.5405554240699246,-0.19753062686051834,-0.26792711051492596,-0.12389832627232537,-0.04145800102542124
0.25950583752737877,-1.019525440906617,-0.3773630104779786,-0.29577817167841086,-0.1705760236502759,-0.22118629496191863
-0.037251523727845424,-0.4090206782572138,-1.6949074422010681,-0.5567512715358303,-0.7409214614375804,-0.5700615331207238
0.6352419999973846,-1.5047541944501541,0.5514224384925992,-0.5148519945687462,0.6630269208398899,0.19023169473303664
-0.8251049852353909,-1.478088503278212,-1.4560174929005967,-0.484243392451956,-0.09899519758361086,0.12639300755843194
-1.0554941784744545,0.8869444389909741,0.6979463928002553,0.3046924473693346,0.0012893897921707198,0.12961054267705194
0.838676211305601,-1.4212673042874508,0.19745555853629404,0.06776405448071496,0.21063206136741952,-0.32788599157012643
-0.952290966087401,-0.004148769991570406,-0.5942989692651282,-0.5400832124770074,0.11947208627318942,0.07465236907311491
-0.34407827814597963,-0.6122376863337105,1.2761858403579611,0.39428558771578187,0.38435637848673143,0.2751991089657381
0.8045139973470583,1.5968200706809186,0.5629903987501303,0.11835666748975089,-0.5390461269525408,-0.42116868142051245
0.723401745158301,0.41806533853684524,-0.013022002803622973,0.0389601551293225,-0.24301290405785236,-0.0946475799697803
-0.024313563030640382,-0.027304686304984088,0.26695054838363297,-0.1936271405110798,-0.11924840580985706,0.14123545891839942
0.13439467795717713,-0.18082322495123027,0.8555855872217444,0.2801416322286555,0.21489428706021918,0.16617717265915752
0.16050235220296086,-0.4727421097387821,1.440251155031234,0.8875499436123585,0.06384517812018492,0.3737410240532276
0.9331568833498622,-2.196553862021095,-0.7127622326652605,-0.18959355751308868,-0.48339976506878346,0.11833143473770005
1.6362395380540449,0.565197328245399,-0.7725836854746645,-0.343276172134267,-0.42890854295983394,-0.04030731077371425
-2.654499258865664,0.6381298860416384,1.0096235408268732,-0.5029232307917368,0.16657635995282832,-0.1082199882004297
0.4960429146445608,0.7912945984186025,2.2613975076360484,0.25101900169106306,0.8690740653960005,0.6333138785713099
-0.44949614572319146,-2.101047205368465,-0.9293427468121724,-0.14306525266375336,0.1353960581990734,-0.45167490812226874
0.9285200867085925,0.6200751243867079,-1.3419921521391842,-0.3582608484606349,-0.5022441751158977,-0.5661247152067845
-1.7221273688153378,1.227303315417008,0.19593842316178092,-0.47419910911452856,0.4582201700212306,0.09201508516359974
-0.7396862091567984,0.1492687715570248,1.414092340823581,0.54516826924084,0.4956211968000237,0.4426120337581302
1.8007453545424146,-0.4955102823714215,0.9540624937805997,1.0998635698933035,-0.6291859446395013,-0.837948774754735
0.053904688525862984,1.6515606985803868,-0.15096552925565654,-0.0833531081481098,0.027002746506129466,0.26645741933883
0.3741221339021577,1.9985785386395414,0.3704057347758772,-0.20843015109843122,-0.017001570572251073,0.06267885707459997
-0.7024916356161439,0.4473027500262481,-0.11713992623734505,-0.1710362242719891,0.056325593976032984,-0.08877219334484981
1.7845433899420615,-0.36805008110908566,-0.7737932994954936,-0.4115957265568318,-0.25561815425621637,-0.0015425142854644178
0.662673811140917,0.09156259517749882,-0.8477502842405309,-0.2897497106353513,-0.4043892854680525,-0.47412301184767663
1.3015033279908286,-0.05440204589225251,-1.2347510745047732,-0.4170783569467413,-0.5858168080753269,-0.34220821321931005
-0.3144199260954786,0.7884619192802315,1.056103916020898,0.3603773048950819,0.10105355858697956,0.059371058138248056
-0.30886528758279913,-1.1139040436099197,0.9096713595172903,-0.12552453415380346,0.5218084826706183,0.3373954201449366
-0.2942702891486405,0.7219660098372135,1.1772405940857456,0.3919769559340541,0.17038775193273897,-0.07389851007216192
1.7219981827635795,0.9090477296547583,-3.9037684593419897,-1.0562312111840617,-1.4147362229729614,-0.21055385227116555
0.29923708116394826,0.8056574475677903,-0.9327263324171517,-0.20477447620856595,-0.15385763036672345,-0.2552734654429204
1.567413993420853,-2.086977601782109,-2.336771830814008,-0.44100604931249837,-0.6053403728921325,-0.4085082710046277
0.43500931182129554,0.6837879998258392,-0.4645585245896226,-0.16307295056173504,-0.0775947702076627,0.1152129845998407
-0.6072543946556432,2.403693525348348,1.6210053215350462,0.46924252871426786,0.3085144318574932,0.5627504367764619
0.9806329821167539,1.0676902407909976,-1.5505394543885749,-0.49369203201746764,-0.4662733073225867,-0.3022970447198563
1.5407932487011677,-1.602487924966143,-0.028037876778160838,-0.13983203348832157,-0.15379618118270977,-0.0771869985984602
-0.1273791430056016,-0.24881169116363225,-0.04920743126864193,-0.2136925758412968,-0.12918848020576823,0.10145519040426293
0.21344674894827945,-0.27170678060487574,-1.0923840342763689,-0.4671599134809748,-0.5346089749026272,-0.4518349027837839
0.4343847292720389,-0.15377430325231206,-0.39816485953006764,-0.1428797332900875,-0.14265698275517635,0.19158296469417735
0.43719361668622897,-0.2949812326869874,0.5236739077802965,0.4043477083294813,-0.4021655519677506,-0.3517771379904372
-0.30951915848149164,0.8629387439978313,-0.10066660160250253,0.10680435585753338,0.050339268710633406,0.07162477093012717
1.9175828968587254,0.07601114813908463,-0.7196859973686641,-0.23077254262187577,-0.49974946391615854,-0.0634623874892684
-0.6914773090110542,-0.22850589423440976,0.11293486562769824,-0.24169890884149708,-0.22186918802418615,-0.13785790542269483
-1.1469010322343944,-0.7961006436831526,-0.6515529267295544,-0.16834319146899293,-0.6975953329290302,-0.3567339760600313
-0.12049752802326374,-1.3983943566158783,-1.6151965410171016,-0.35667614023179683,-0.4398935942183017,-0.05701515761098125
0.7043167952913243,-0.8893160473920922,0.7832528904730609,0.2423623490377183,-0.11926177117751688,0.09372084725462482
0.11582007294623387,1.846109033195679,-0.5784009238481349,-0.0006424133204467192,-0.860128438569453,-0.3650081614695033
0.047344981717122654,0.24314804804641812,-0.2153340026051067,0.0001193763678435187,-0.1033326939130339,0.12063543324797155
2.277408179144174,0.516247997229478,-0.0073424732672420535,0.34406008563450435,-0.20873585128470745,-0.8134959734683894
0.06278575050399478,-0.0305877680285773,1.2202676405963844,0.6646773001231064,0.3138376214171091,0.25049455589372005
0.16168367462464203,1.1140546661426924,0.9407346326724758,0.7824043222645549,-0.39062842965164213,-0.06248381467893446
0.4740480958397631,-0.28354254626357916,0.15105255555892205,-0.04009189944061022,-0.34786520941094673,-0.08682163572086309
0.5438911937732034,0.8113906233943708,0.12483060215502101,0.32615630940918294,-0.2665599099591462,-0.1925432030085436
-1.2841687836908948,-0.012979480231200581,-0.9976025498248308,-0.07965886944532542,-0.31730359333075464,0.23395776798186918
-0.9534552841922141,0.7043411675761291,0.31262014652495473,0.3476755746251069,0.20608954236070998,0.17156334060590817
-1.0077696098058213,0.6370381979616311,0.7821346931895234,0.3184458219036736,0.04739193153080212,0.3814651147606123
-0.09974544842887244,-0.3756400704238831,-1.2095162698767583,-0.6059994406422746,-0.6479556417797651,-0.3889926191462981
-0.4007920405473305,-0.1334975832630629,1.0933025872205806,0.5406057619159886,0.5471467580022189,0.258046460988414
-0.02050698312559463,-1.9047140720576474,-1.5232220766006137,-0.49420669990969884,0.011875575073950123,0.2304574019592957
1.8320963251256366,0.08567907939527786,0.226154230521008,0.3521268978853803,-0.5677221600412768,-0.9990219441287969
-1.1269750751572274,0.8938411099440503,0.43413428494965856,0.21899171603725964,0.34493824149987234,0.15026637586229188
0.3756419606138211,0.12864970389071542,-0.058209046908972974,-0.16935070994957496,-0.09201151192812305,0.22535934841201188
-0.6673740234448697,-0.4057552107005303,0.08244704528308994,-0.1437416143027126,-0.2777287834482418,-0.2634168642675428
0.6521186665149377,0.2675494546991725,-0.5347730065018969,-0.30699981593475606,-0.13395883648525472,0.11254144523752432
0.054963184485620646,1.8667681448169515,-1.1331292935670174,-0.6186118369228067,-1.4172054568121841,-0.8852734890964059
-0.02989776877026802,0.11230484518921618,-1.3666061529046782,-0.46186991240382846,-0.4922841564570742,-0.6017737674557915
1.2141451488559531,1.1384305280919835,-1.4579505368630352,-0.5923657865048897,-0.44708703501063013,-0.11338700636942535
0.18414767042406788,0.24003345924066402,-0.0310558698295249,-0.03236460464281648,-0.05600313852211056,0.18129759359620892
-0.4356974609860933,-0.2171220764372861,0.8953486988872923,0.3273670564461151,0.5188332544161735,0.1191790812756788
2.303637555027444,-0.4233197809728851,-0.8189162322832407,-0.42297342943957106,-0.2144983186416024,-0.14088809250241452
0.8172659123424011,-0.942791360217708,-0.057821007889537084,0.15396386132079312,-0.11907475383404958,-0.4546341116612061
-0.36072314351336626,-0.7715694815504175,-2.2984468394857402,-0.9510454883369198,-0.8068676306978642,-0.4259537667776972
1.6455986683740333,-1.1302447628585879,0.8319219621599871,0.2444435452364623,0.5560108395096307,0.04198998858560704
-0.23314348511726798,0.4228666645994792,0.36457346241998595,0.3834008915655476,-0.12883428987954526,0.2062645525953677
0.05771767057830197,-0.2349794436225055,-0.060606957953312966,-0.2368445976947118,-0.08891296679109353,0.1658653674260187
-1.2885782072692928,1.1005834808032617,1.6585473135555198,0.22294475482234907,0.2661251245726583,0.027397944083375175
0.3894481735557109,-0.06060832462714052,-2.0545948846893625,-0.43875057212712554,-0.8510777266112376,-0.7386852055455607
-0.4717034015941708,-0.8741004163821474,-0.5134764159637364,-0.4494868654512974,-0.18379001666246383,-0.15309680516067248
-0.6578400519896384,0.3442683973467296,0.9999954536501666,0.42465893489751183,0.39973896673352516,0.19137529354526794
1.2635433363185544,-0.6532674999640113,-1.3729164042912112,-0.45962741985500194,-0.5971205479900774,-0.32022654852780946
0.12969472425102524,1.6038588813289945,0.160585243782587,0.22080066709552357,-0.08605099171857122,0.17171435209359842
-0.3111039523763505,-0.27991013603789117,0.428114021185731,0.22037152898469395,-0.12806796688860328,-0.05803965419602271
1.1380616116722293,-1.8307493498625649,-1.1616624290446604,-0.4421181209743199,-0.2154715678279782,-0.059743455162297995
1.3576590404938407,-1.887065031580392,-1.7874805343727593,-0.26708171858416746,-0.5901310402479802,-0.36740531949973043
-0.38986556523293375,-1.6025893469047925,-1.1099520332464006,-0.15156051026239223,-0.18591108274102988,-0.3173425650392509
0.7889438402524109,1.7593797524355779,-1.2487564947686298,-0.25778283240277905,-0.8966407990482783,-0.4275167983622061
0.13300594830663082,-2.2946571294587357,-2.1122760007058043,-0.9999409293465642,-0.1705725024394752,0.26947717801570503
-0.43272644292141116,-1.5378564036641358,-0.2694333518977442,0.16761798569090136,-0.044529738350647705,-0.44563417735470673
2.3361046121317983,-0.7852490140245095,0.7064500444646816,0.24169374706634508,0.40162998505352343,-0.41316804653117234
0.38648923593030093,-0.36988241564429686,0.7383193455895829,0.33581050063019385,-0.1734664359349323,-0.15079019599524973
0.8066046740993391,1.4214088762738042,-1.1160988968566508,-0.2724052457956765,-0.5400455241134652,-0.24858916537647066
0.2918183426593022,-0.7036578841078017,0.16848495462196839,0.05377206140591964,-0.2160101902666748,-0.13303195431350112
0.8414655462428287,-0.625116048248994,-0.9828081499308168,-0.27867643387441504,-0.5373096350423163,-0.2460541740100745
-0.6264036087562386,0.12734265425419802,-0.12713506600128696,-0.12205520571309582,-0.05587563515070185,0.011070524870335219
0.8913994594993531,0.8321577579774013,-0.6018406677644633,-0.30694718184015246,0.058553890261355324,0.24698738903364514
-1.0871004375856705,-0.9266714072305465,0.1932733970957008,0.5267813840991256,-0.502903641661137,-0.5826204970166795
0.9458943474061325,-0.1365183424668275,0.40364928728045285,0.3074553235140119,-0.7065548907729736,-0.5388045411620989
-0.9200529382519806,0.7706569313449917,0.1443193682610651,0.16329025828706348,0.3251615992240432,0.20162145041572554
-1.4500903553441598,0.3070926543133657,-0.8762749029081279,-0.2339652020937065,-0.38124993661910167,0.03388273983025486
-0.315978006444096,2.5284960856973364,1.1147383367254091,0.33565085392137894,0.33326851931895074,0.3215944961207312
1.8089177723752128,-0.6804981788377614,-0.30573070541505437,-0.15886632469740475,-0.1604804923331455,-0.2132666170855467
0.4619292849472214,2.131707027794154,-0.27407990873935306,-0.21151031679865537,-0.073287827465999,0.07817202450888086
1.2486959461136253,1.4952802850767521,-0.02440509249835867,-0.08181023359411932,-0.24504160886342485,-0.40956506015801475
-0.5499217052700822,-0.17141647301557755,-0.2616279586591032,-0.45644640938437075,0.0009989172552188341,0.05935484221671922
0.8270799646439086,-0.06495066005643525,-2.8227403210089874,-0.30527261465584743,-0.9406504165412117,-0.6818734513469478
1.259171082320713,0.002721165961802066,-3.6008150379904094,-0.3962610226785964,-1.0245001812651817,-0.7211090420033249
0.5770473497798774,-1.291808483325005,0.5508497694433686,-0.50644053688436,0.4932332698815389,0.17167447140593062
-0.2875215952959815,0.13980638932502606,0.6451242007646861,0.42397592161475267,0.30309436799816103,0.3569629979676566
-0.6921187133321389,0.6265857739686513,-1.219005504401418,-0.1262546437454517,-0.2486630385992457,0.023443142728236027
-1.3759877649548677,0.08176068436132955,-0.6041094375712668,-0.3661242931871629,-0.10880459999899436,0.01094437440394403
-0.8840667325461591,1.2276231789805852,0.2150731944599081,0.06976825869681605,0.5154296565904918,0.329010610053699
1.2654553362926204,-0.48565283209731636,0.7822929249746381,0.7847337402600766,-0.5716442111512232,-0.6007021123605852
0.9174134891546224,0.6282437318319367,-1.3410117547448706,-0.3540965507704771,-0.49389582223577844,-0.5657710225593117
-0.5874825784478275,0.9168776563791394,0.784290848109337,0.45963238300578396,-0.08804985127051265,0.15676866530435252
0.9183043026418927,-0.6505351685501727,-1.2913250866342547,-0.31554451424289404,-0.6783781720796142,-0.3414338911687154
-1.467911241068884,0.4513551839150407,-0.6720256284090707,-0.1834469424264854,-0.22049441610669682,0.1319930223183335
-1.0062074178022116,0.05386222865803406,1.2066064806185597,0.6623108350641363,0.4043207924204264,0.346717356797311
1.126215072997499,1.234702914227865,1.0799471970012198,0.5317346171390824,-0.17356894506205472,-0.0965442798874413
-0.4646713506524897,-1.4010406878897408,-0.10644362433733277,0.2377163556672403,-0.23289832038627756,-0.41997202745003803
-1.1186734123410633,-0.20155710911169641,-0.36019397782004764,-0.26317807849437735,-0.0884324656829571,-0.037554856021733876
-0.5466829588704709,-0.2786223569126123,0.6261097404338406,0.2141791123251337,0.3264818357019719,0.22155463725960206
0.5240727711026143,-0.5901317315252003,-0.9842023479041719,-0.24059648274394135,-0.50869997019465,-0.2591845774406764
0.4494585498557405,0.2968606653298234,-2.937028805863835,-0.4319227038345266,-0.878037429766795,-0.71492576047969
0.4804079937557937,1.468676914004176,0.5269810829942468,0.38374613129602586,-0.5469854396767286,-0.3309090466561883
-1.1546587083834265,-1.5945030129438853,1.7811873313644118,0.037161545023603776,0.551374362028943,0.35878816783886625
-1.1733575375004548,0.5003056201402315,2.312738703803173,0.5930048187384497,0.5966173074082044,0.7513684944127258
-2.0300615953576098,2.6929902366246736,1.025176986116581,0.16171690199256902,0.2644963245807769,0.10854297666053783
-1.386306290032677,-0.191671895418409,1.2184611268876404,0.8046596136658635,0.6436120809130323,0.7156844324114344
1.3956221378839389,-0.3216636990461084,-1.304975771905139,-0.53562076765267,-0.5420244122149068,-0.27061085767401494
-1.4593189252505383,0.19436560236469616,0.5384777299840466,0.556110553413658,-0.13522292983916076,-0.04834034825972382
1.3185131348298411,-0.4411804601371863,-0.7379157446654219,-0.381658342386556,-0.3606177335240627,-0.07720109972883013
1.2253565035685208,-0.1865290671145843,-0.7285856104221462,-0.2827889629231473,-0.40622029654827535,0.08557202179108452
-0.7918316173130664,-0.21593497739561696,0.23942476094981388,-0.12251485813624859,-0.17416897198996495,-0.15105979283671467
0.7770130835339857,0.3719897234701033,-0.2054048713562981,-0.19923263701114013,-0.21381716907282944,0.006120048951545436
-1.2659618587626036,0.49042812476352105,1.3915086633606941,0.5411804121948697,0.22189782902938188,0.39397844924002295
-0.5731914253855679,1.235919998373634,0.3009857659959248,0.34523495188780684,0.2830153498414518,0.4068345721570322
-0.2223203020383684,-0.41871627661563016,-0.014768628632752797,-0.20971023806009578,-0.1724267857633925,-0.007733851207456444
-0.2795184524693491,-1.194171329474069,0.4562745923602532,-0.04365282664917302,0.2305057899717008,0.1719618691839614
-0.15398499868406815,1.6092260224207173,0.010103140381551854,0.06774793148088272,0.09130642255997454,0.3407876354431968
-0.9267197403558505,-1.164350846973964,-0.5150742903249799,-0.21466752656340723,-0.429221824063133,-0.3868310064135497
-1.5465136266141382,0.21451378046860278,0.8977997205322453,0.5993139251216834,0.2403347349596715,0.3083989494371777
1.2526187152996207,-0.411838039625283,-0.3664698526656299,-0.1043705267350218,-0.4625734334150651,-0.03904852656427148
-1.57477064108416,0.6114656773623683,1.8156214209851746,0.64293150833948,0.2535802301395083,0.5753436699681447
-1.067188967925073,-0.6288902772091705,0.6921428817564828,0.16848406353261852,0.31964549172408396,0.10031896990916808
1.0154636167096385,-0.3751958443645453,-2.0362094848459353,-0.33221020168880344,-0.8920425953920574,-0.30982792991668745
0.4406621725719745,-0.5576609956912475,-0.3172483437486378,-0.29653435450730165,-0.2861329233668415,0.006465482116931896
-0.7952024219676681,-0.6116184393659315,0.3836256139525826,0.11324118429261147,-0.1913916454275222,-0.26412383758191926
-1.1630792208252485,-0.13103691487269195,-0.5010143186515498,-0.4077484088434255,0.07321834175435982,0.025217120455427837
0.9336865064315316,-0.9565724689463834,-1.1927249121634795,-0.1541473012334349,-0.6818719630176758,-0.3404032227477898
-0.21806834609487022,-0.16865989801167083,-0.422409196288542,-0.39911687887875685,0.0683715518969982,0.1539522429516057
-0.08138023436212379,-1.7536842605969252,-0.7035045851329113,0.05586055056895574,0.17798863718831254,-0.42966745689174024
0.2837617717993062,-1.6016249485873095,-1.6867580142535623,-0.3701755655150992,-0.618245430677347,0.0154811761057803
0.6972717554452419,0.8083416542352246,-0.1482997362395967,0.2445051520752759,-0.30685818620196664,-0.17656926814176063
0.5798612625170807,0.4613050339507615,-0.9288827673949346,-0.3094578410176098,-0.28048716414136143,-0.42274344494615074
-0.45331493686780805,-0.9047499143621567,1.2458041338920447,0.16000148438784015,0.32966645693414465,0.12234272266551682
0.1454057627239985,1.3992425785983664,1.472584374363658,0.8758197245645242,-0.10515584267705963,0.07298229060915486
-0.5133067274208567,-0.9688605584572715,0.6974770429492844,0.09197645641449903,0.4158886277208663,0.32838274740877943
0.5131150073946593,-1.3791964923402682,-1.4855897402341918,-0.3696247337765002,-0.7365547951444682,-0.050855186747527384
-0.6070600317041519,-1.0186948674022651,1.268680657357973,0.02500767954832784,0.3824640198129222,0.13708265815275733
-0.4922777424491987,-1.4350041828304934,-0.05528935455992685,0.31639029913604366,-0.2563533283109274,-0.4111986284867767
-0.34620321007448795,-1.2586954209264036,0.6099880928634505,-0.23220338268603374,0.4721221921662554,0.3733520063552722
1.2556876449897174,-1.355395018892867,-1.640849406149625,-0.2509504279895005,-0.7252533577495348,-0.41678286870523495
-0.7545230907622447,0.42562927631136216,0.16884753219346954,0.16040184978632183,-0.03787659424256111,0.06235898492492581
-0.7881223488867419,1.1717388032610785,1.0135987444809262,0.22754790514934306,0.19895250619868277,0.25331280299924297
-0.7156304029086991,-0.18768284702278284,-1.0408124930744238,-0.5210358818214527,-0.3265171291575768,0.08089151049330717
-1.1037990206078268,-0.2620802904476292,0.08451400427657156,0.037070172425684444,-0.25820663045714604,-0.25251894761470595
-0.21902513950731992,0.9379170488286437,0.12097341360442856,0.4215002911905411,-0.10277576022635983,0.10134225880312644
-0.19207658927361432,1.822658789869472,0.4488920262995322,-0.0658337549128446,0.0679551903762178,0.2618814551594798
1.1400564017236363,1.2045177530960016,-0.6935464433654666,-0.4209007900634386,-0.13136067091070028,0.0085230674637864
0.27929765910093624,0.2690487254397483,0.3571018447280186,0.11527935134906447,-0.09817257083815734,0.09864529243512882
1.0977144236949659,0.6388504287634613,-0.6718268751319508,-0.48297816676844235,-0.19919849567182013,-0.11488349298066146
-0.49371775527106493,-0.4727770785850162,-1.1158461180014698,-0.828977602824358,-0.5901706443298254,-0.22190148302982848
0.3594059030561936,-0.8608192867503942,-0.052666272781817514,-0.13406693626436214,-0.3438969959176987,-0.16893569392449015
0.106745860885554,1.3607590113293166,-0.21225011818927536,-0.0650410904075478,-0.030861558957853016,0.138406633577505
-0.20022304451022038,-1.2204681361740406,-1.1143591656280458,-0.149187606596794,-0.3392692471067915,-0.1830755859201558
1.9096726031263396,0.6519806023686004,-1.4942168791946515,-0.6893720580245466,-0.8294781599871954,-0.11928823146012883
-0.7783559073478734,0.6943265556987647,0.7598908259682168,0.38204717657356113,0.0011054801729768748,0.3442422979718998
0.1984960362756574,-0.5976313148419251,-1.1260897780134418,-0.2070550914567031,-0.5503757633588156,-0.4056529597990982
0.3709453773744962,1.6217798740648857,1.1702342265659582,1.1733653366275738,-0.5226444972473154,-0.11478490485154795
-0.8961244712762804,1.5936639516924695,1.6723267833628017,0.18445278239891044,0.33350299679735823,0.3407196636408503
-0.0010570498885786005,0.953639308966432,-0.8764730591727865,-0.20553004574866446,-0.43173028055875595,-0.3890791318814447
0.6668110569767438,2.0904032401195947,-0.014385406804472471,-0.31703049352947027,0.17711508083769884,0.10947363466744067
0.6386487890976895,-0.7040157606817553,0.8173705891612209,0.35803490904380303,-0.18295730841166397,0.12885472753127644
0.03744011590105237,0.08171690742055218,-1.1786938481637579,-0.47275074555558116,-0.4414130781769529,-0.5508105620324654
1.9085407071354212,0.09892376723764904,-2.463270665764484,-0.646266140329758,-0.8105026990296426,-0.22797870652648156
-0.9707254785382147,-1.6628324160398047,-0.24974687282284003,0.04470074949453139,-0.2800398586597358,-0.4415025169352848
-1.0158120633413148,0.028584695027265565,0.4310404501845551,0.2464195757724581,-0.053826400562711194,0.024823484398029366
0.15806909354967297,-1.40765937301439,-0.020926038591608714,0.30291849631471807,-0.18123216240059223,-0.43349070483760044
-0.07592657040251355,1.4137241444467978,-0.04097835987677125,0.17777093672191138,-0.011656546475807036,0.27388063790572764
0.5683382017646164,0.5038863451818247,-2.1227418902917186,-0.5176422990529462,-0.800617212879657,-0.7301050621690353
0.8432889817099876,0.658281426365476,-1.0890985736502998,-0.28484676246343466,-0.26550999232795996,-0.48359518842820265
-1.3952553674964627,-1.1702911256858919,-0.7957487861474842,-0.30760295061579657,-1.0596603545826322,-0.38177372086768957
0.09638141253827412,-1.0487826837220755,0.9398817459826911,-0.10047008679673197,0.2546424598664768,0.5096581143306892
0.5754005998246337,0.7446280156665523,-0.35794294766940904,-0.011805036719116568,-0.35092486403374007,-0.04204993984242571
-0.4094350482565247,0.2228402079230161,0.34801209517811243,0.28704048249341835,-0.03908325205210926,0.2380249527684148
-0.1876192054733584,0.5323222402625002,0.712981836165831,0.6923604692670493,-0.0838164681779611,0.20599002017512483
-1.0008641316633542,1.7133505200843075,3.2097428028793327,0.08457180918903479,0.8858262654267547,0.9800412033059033
1.5492350910278512,-0.6667114247201196,-2.8335932020295984,-0.36570302623730694,-1.1967455311660973,-0.33824739968428563
-0.11013241913939745,-0.5480108389289415,-2.047923480517971,-0.6426423601653146,-0.8545556749449721,-0.6199036678284038
1.115720526068955,1.6402065376436608,1.0763480897409474,0.7619331323324019,-0.48010067599069384,-0.1392784700290544
-1.2537457943950936,-0.6927766366253143,-0.640742994295933,-0.0785483739215875,-0.7596954746766701,-0.4110810427826023
-0.3108514298674726,-0.772082763093585,0.6851850234985544,0.1377241725712947,0.35716719396024293,0.26372304321627
-1.6654365386106627,-0.5254956893639021,0.8619142711329938,0.5977172028816092,0.4455075094522475,0.19212360188465397
0.3971579017451949,-0.5954436609742169,-1.001848515678837,-0.19280667913600605,-0.5143588986146832,-0.3201355507752066
0.5732638968540011,-0.03745851727771414,0.2547706792079236,0.018270956247211704,-0.44108359957077664,-0.2179299669073166
-0.06367347407615033,-0.17665639238044364,-0.13516706842730292,-0.2342285765670985,-0.08789058308919186,0.13627506040642526
1.035052462526108,-0.6814418223328498,-0.9884541368121184,-0.30803540915888494,-0.5681607649782436,-0.29676136279848486
-2.6716055694407745,0.21234068195922803,0.7349868660056909,0.13091192842424257,-0.3005462989359675,-0.5741541688508401
0.26520325478194123,0.6120430090265557,-1.7242242533222127,-0.3390509629521863,-0.5036252090051874,-0.8414364015308435
-0.9538552145200283,1.3747049448912954,1.045767887771984,0.37040537610491364,0.17141307452205862,0.16521290982692063
1.2015849078752066,0.555843994186502,-0.8223551827468693,-0.5334834235528602,-0.15177586069762203,0.05853690852614006
1.289795992574084,-2.6791271390480262,0.5331584724902493,-0.2937009512085991,1.5864371056436641,0.9344983724794212
1.1370654966323643,0.2655648585062163,-0.5662722248932223,-0.3130603156114052,-0.25787341945569114,0.0610089373226292
0.3277560551648948,-3.186154333543834,-1.068009269255564,-0.5799859258368315,0.10010274017931114,0.31607508908162324
0.6742578138005841,0.13963924030130787,0.3230620990214503,0.1529786459719678,-0.4094170221216015,-0.2510779420863489
-1.1398027746700596,0.07769132291879216,0.0855126378806305,-0.16436582606633496,-0.24309744535899497,-0.1511422508448682
-0.5235469358461098,-0.4720766532373504,1.096899455145036,0.3615510475903445,0.55706481034884,0.2459895204414001
0.49773393784808323,-0.9798381362160821,0.4457042778756611,-0.12863094834299546,-0.02240977513957748,-0.08752519893937595
-0.279599092197504,-0.9493707265100699,-1.7888463882348153,-0.6212025317811124,-0.6769944700268644,-0.3307061760561815
-0.8966831416197536,-0.9274274984941793,-0.9241740677545822,-0.35358048722392815,-0.8625296365684771,-0.1638348716505506
0.9383957501737985,0.3838448670600921,-0.5090787959116367,-0.3864552397323643,-0.20122345479193587,0.03240723749541974
0.3183863459340991,0.3225790247631147,-0.6220708461711506,-0.28898306209955665,-0.2737257475666631,-0.1320259503378228
0.8259717728397267,-0.08945554651459531,-0.12385410487247721,0.0032912688418112656,-0.3331421506874884,-0.005562339343084286
0.4032519018828236,-0.3714163913294687,0.4165353696060817,0.22509378961990323,-0.4199873208824993,-0.3363490217733268
-1.310874783204396,1.2477727486793095,1.1209239430782314,0.009262266758562211,0.2940269062111016,0.24751087615102546
-1.066477695005476,-1.2679045146272279,-1.1465296991255716,-0.37460042042146574,-0.7175745971493113,-0.1269369437303605
1.532479576325587,0.7375025922177649,0.2905035658790958,-0.11278826561737354,-0.024166441115248335,-0.5827796882685374
-0.09054210106406792,0.7655006949575875,0.526480548561844,0.6862772510519538,-0.41354281349600247,0.011370076313998057
-0.5177196372381689,1.1042375462915088,1.8069856218292017,0.38822852928675516,0.5253605213755823,0.19621055606808155
-0.6298442335104011,1.8867861317700259,1.8851633557964245,0.39333119673943,0.1842012659324836,0.33387243287442697
1.495089278161755,0.16191093094678577,-0.4866646906048217,-0.11476676386371228,-0.2900701340541192,0.03309815053558504
-0.186803074842895,2.0540820518934413,2.035000279710877,0.656378430418541,-0.09487233458569168,0.22129012517818009
-0.05643955615086853,-0.6510565319185089,1.7143300484419983,0.9942178714841051,0.23852425367414348,0.3838537762799624
-0.24586670374261171,0.3746844747556344,-0.2965758338122962,0.08157127510563378,-0.12373395726284589,-0.07638285372922071
0.6449735246014627,0.15947591720140503,-1.6508904669973357,-0.5555909393456611,-0.8217233701434289,-0.662691626546168
-1.8358384939330055,-1.854199901925642,-1.2479858312068546,-0.40528294962087025,-0.26319771912844103,0.057137470284910466
1.4998682610943106,1.0796875540278421,-0.18067754739282968,0.25788179345881707,-0.02621143980300901,-0.3336903842795338
1.4212540705281056,1.084668448910229,1.6571510614795362,0.015153093390240575,0.4502511299337624,0.2527191857591762
0.5583525530011331,0.28997921139810995,0.14046303795297765,0.038792437919114554,-0.24505908448115402,-0.018902336379606987
0.40840855066162013,0.3898627167923496,0.9638816307607999,0.5794498904432218,0.1845778746075114,0.22731778028325428
-0.5559098747857973,-0.029995333696215955,0.49819978092167816,0.38299427038701334,0.16713302061371615,0.2587453279428518
-0.8172091195133919,1.6285481217404334,0.2318559308767957,0.06304931397277201,0.6847249700173356,0.47273490448483557
-0.23404148534269403,-0.5875037316185283,-0.9531798262173891,-0.6652867833270758,-0.5477485790125483,-0.22088988791593983
0.08263054905780216,0.13896220137417203,1.7623070337078155,0.4294210613376504,0.5667355517946296,0.3635570073432777
-1.5976085880321969,-0.06089188014739011,0.2184029876802674,0.31010094649914016,-0.5668900721863146,-0.5800766079942079
-1.1846298973660663,-0.27612551642092487,1.7126297672248094,0.42686260020585515,0.5907758456665887,0.7169641506483941
0.570183416860325,0.21707971419659042,1.2868403359156346,0.7420195960728191,0.19195548980648958,0.14758154495235212
-1.3414014942959012,0.6617844004456592,-0.16514542028866833,-0.34359640321997237,0.3735056889789658,0.2159475467911547
-2.004304409747428,-0.6956556230019606,-0.1132155393043418,0.7800587421524356,-0.6065940812407993,-0.2741235354066576
1.7476492101599959,-1.0935029955490871,-1.034864916979366,-0.34141176870247947,-0.43671311914363475,-0.37833911298708145
-1.255722111987552,-0.01805102493447769,1.5913547705032836,0.5985275664349872,0.5227631005917257,0.7064114078353034
0.5943051531597561,0.7664770914830605,-2.167606767022642,-0.47027660677877486,-0.8463093335913993,-0.7675871219188857
-0.6963650430622399,-1.5610726865894498,-0.4971818686447686,-0.1866468730660299,-0.008323590072108145,-0.43482915360580504
-1.2056241194808217,0.5914060481350459,1.2639114874973385,0.4454148146531417,0.22219814113138464,0.3082310463879779
1.3014684371812604,-0.4470029817455043,-0.8230524195449241,-0.4100103768431895,-0.3584692968970471,-0.2029098448842237
-0.43360453586742304,-1.2600657018449026,-2.901553055552892,-1.1457752072352128,-0.5743052842359018,0.19202531057962335
-0.1960836276678041,0.03781565156968863,0.9346628449230582,0.5191568439348907,0.4762490321970353,0.14328145648524962
0.3055506318386889,-0.6713329409928832,-0.028457894589622293,-0.14554134648260586,-0.31792490423311925,-0.0739444806660624
-0.49013470500625883,-1.0153204299582823,1.8899147531930334,0.5575387524914629,0.38144030625666436,0.1383159293050833
-0.6961736305459028,0.5628372793462244,1.091566541706082,0.3607562620836239,0.35317084896805273,0.20223619998353462
0.18204724083627072,1.2959285248933734,1.3106800056191241,0.869869938039673,-0.20455118312527987,-0.02247711131961911
1.0167306837971244,-0.17553911482291085,1.1801915938092287,0.8478977821875462,-0.25375904462956617,0.2047114724164042
-1.5222930221070368,0.4190748134731617,-0.3141806470558022,-0.35863883852730927,-0.023814858223092483,0.06830287679015563
-0.1487999764313646,-0.26267612426440357,1.6313084417484784,0.7896841689627604,0.44951829955703326,0.4182678294604498
-0.37307126732346696,-0.6218752634932441,1.5246233063844952,0.6085028350878148,0.37102599300752015,0.2843844213302355
2.3811552532675644,0.1165029073347097,-0.9157845499031545,-0.20158196536177062,-0.5112731535452877,-0.18049815676928116
0.3341982418079184,-0.07018083220649222,-0.27506036855123356,-0.16508312820038887,-0.09659557083896682,0.2055933689137533
0.17081568387368812,0.1237888204362817,-1.2570365515776871,-0.48030966107627265,-0.5032598339293486,-0.648034182481632
0.736137972505813,0.8245473935939183,0.36441323213373006,0.10592439616467285,-0.16159111504250195,-0.22017480834712003
0.263958245016511,-1.4889996953953324,-1.148236203247737,-0.1674227699242788,-0.3645611737901904,0.040929487305339726
-1.3377076970334645,0.9556403528196024,0.994982551367607,-0.16888919328327484,0.26650634516794225,0.2297863195083628
0.7176712796413185,1.1965694547670693,-0.6812684146393927,-0.5273641614500021,0.050564668102962534,0.04804373719175588
-0.3717309899911826,1.569853636231594,1.341939971449407,0.6733380228480783,-0.12754151828126722,0.061059579055849425
0.07946281863259577,-0.14945447121508904,1.8689200796972338,0.7535272210940518,0.5633530958569938,0.5852057633763493
0.7077803356077674,0.45522706407641034,1.3744117412755785,0.5130960425213184,0.20623334636963414,0.10878689995606475
-0.6194635838080782,0.19815708679224406,0.07572456408263384,-0.029842053525389885,-0.10827957472712578,0.01280476060066553
-0.6171832651796574,0.21942304543702104,0.4620977732375413,0.41623754031500737,0.03013291085076364,0.29183364147696417
-0.5451186507399366,-0.9036618863851806,-0.22800831010824504,-0.08708148827251969,-0.11780172428563429,-0.32839640693823946
1.6889858581395067,-0.26925968660352395,-3.0212926187697904,-0.5370810461307189,-1.0403698706696742,-0.3180827141110038
-0.6572257480994494,-0.10973266885523573,0.17725153695259394,-0.18503908202782335,-0.11364628728702737,-0.007420965588741557
-1.7772928625840685,-1.104986783623418,1.6663118870518934,0.5593720489942678,0.6695818590063225,1.196062133965654
-0.6795518445991642,1.0620430321820353,0.10628910015994684,0.1774549815006471,0.43589070340622305,0.36786257629273755
0.16674276668022736,-0.7597380205366001,-0.6801754056520775,-0.4601301504225652,-0.19095079163759238,-0.1256317183252652
0.13492675854527808,0.33556929601913843,1.29992764844466,0.5185401833547925,0.33054211687158314,0.07924387705330685
1.1035608726643098,-0.7757179154358461,-1.3973792171016173,-0.30944171660169556,-0.7237887444263889,-0.40358317833115825
-0.011568888768974179,-1.3187891860397678,0.25456563926183823,0.19682427269056757,-0.10778577740162282,-0.14479792413259643
-1.7352361705546464,-0.9155004775972896,-1.5368841170385108,-0.370008698571783,-0.17533603651062812,0.9730787041007741
0.6569804632412608,0.5678568514349817,0.7121560529716948,0.68682498265802,-0.0893877550674356,0.035779468436996864
-0.2113603413843551,0.02143159945859007,-0.9248568709627585,-0.5021502910931278,-0.3354775155228178,-0.30893267689847415
0.42583945199018086,-0.6850802093102363,-1.08249532421954,-0.1684400546072336,-0.5504748080943853,-0.2864655927521395
0.44988036504491125,-0.7384898452281106,-3.7269344003597674e-05,-0.06716334158843577,-0.3610268074136126,-0.13528480014899907
0.42805058383286315,-0.4216207642899702,0.66326121577872,0.2978817242718558,-0.20269317151800653,-0.2655840143709562
-1.4984286166005194,-0.6884165242718344,1.0377811788836324,0.4763568529094259,0.6716696415899668,0.4102818110765232
-1.549024569568199,1.143070323644007,0.3767346418998123,-0.31223747539706087,0.5887875006993044,0.1008859348211841
1.2203487586966053,1.5690715264162967,-0.692726032883794,-0.5717917729755976,-0.15926156504086106,-0.15924282939079137
2.1081528399771874,-1.1121869135520912,-0.5507446831317241,-0.20094931452254813,0.06811792207531928,0.016631555475021487
0.4457258476696793,0.5594494656406647,-0.5563665920325592,-0.25005489377252815,-0.013631760899090128,0.24751017295417665
-0.8773464903066708,-0.07988622107904901,-0.27945455522853335,-0.383409861548767,-0.07623688523091438,0.027512068937702035
-1.2426803506588155,1.0351447652431907,1.4252740358269997,0.14222525936469205,0.29301164234061466,0.14443819092085847
1.5444242233669665,-0.6851999864442585,1.0187616175489898,1.1432349583302752,-0.47431780831104114,-0.4513165238844014
-0.9013442112240755,-0.40688110036844954,0.4491320305011424,-0.026176757260394035,-0.0032722003284483686,-0.09729710019743312
-0.36755868758508664,-0.9267877876888997,0.8876186252515008,0.05048560023939204,0.3376437787256266,0.11697410805315858
1.1410804122686713,0.3105355413107198,-1.3238012524874625,-0.44565502269501484,-0.7555495022584435,-0.4090702193991788
0.6576798358948734,0.19475202020716634,0.45443438941735914,0.2054243722809409,-0.3130059477694529,-0.18767852864234613
0.4501112563057373,0.02893217718099466,1.0618756630135966,0.5150500708305674,0.13575434315843465,0.1626093291929131
0.2969743480866937,-1.92137690449978,1.3662136387882327,-0.22320650204997855,0.8386957046388697,0.6372160227913384
-0.757359894158542,-0.26888424631289803,0.2756114295719488,-0.1067330298369695,-0.17130918634821446,-0.16325835726044247
-0.3348621222922359,0.6605257427927498,-1.0125946710832754,-0.3659999434391788,-0.08977049036527993,-0.15507884244853265
0.6318247170490343,-0.13282160824681633,-0.8724848684859365,-0.23878920117158045,-0.4406735048974312,-0.4817828127632877
-0.33728801871266434,-0.1882311678351397,0.46659661671901814,0.2228755988536495,-0.038868256521670405,0.029979391865029348
-0.3132949388716421,-0.6759608762494385,-0.1330422086090902,-0.26886029429986275,-0.120206449712069,-0.1353275704065664
-1.0955042716949015,-0.33743161834167373,0.585887013717823,0.06449775594719503,0.24540205837291956,0.10883772394755933
-0.9504594808858795,1.0579913394788063,1.5556697678672586,0.25046472405048814,0.3321303152127213,0.06678764009409244
-0.15259516202383996,0.7711368818546355,-0.4315594003890899,-0.3477165789362087,-0.14118055274676694,-0.13288761787547684
1.9683036524929172,0.5012331257830874,-0.709824125249632,-0.1421720918293362,-0.5313948487473477,-0.16920262711406703
0.2572542268789857,-0.9720082862149061,-3.030034100927133,-1.0563588827284085,-1.2634084829049392,-0.09358762599367268
-1.3917588961798684,0.11323421405589182,0.5374363464216109,0.484576841324775,-0.10505747827149824,-0.04040548383007531
0.8075762451237369,0.16420453078475594,1.0754971103677025,0.6178501730486445,-0.011718136029908177,0.19115841584573876
1.3011870283249194,-0.8068921973281871,0.9724956211995643,0.8737039857512556,-0.3504754539796035,-0.2277083627958898
-0.3232371785762292,0.23421042322031668,-0.12447253783804071,0.14911341365563457,-0.10918163453973485,0.0316876979987263
-0.742563386521083,-0.009774565260741087,-1.5333280961380695,-0.274825743174928,-0.5581949137154338,-0.01508330900756186
-0.9241781357994059,-0.17569362451940831,0.38625827074750346,0.09279718193282534,-0.12467256475397615,-0.16756225121261786
0.025324148337286065,0.5974877295660757,0.07602575357646063,0.2562293923816495,-0.43215009205188115,-0.05517529821198024
-0.5078873916273121,0.17287280918874567,-0.5498151552656918,-0.40957288980388834,0.31420112107279774,0.18673780825726538
0.7910437112996638,1.024993023397455,-0.12262439351405546,0.2163025247227028,-0.33587962920380526,-0.21683421789841523
0.47805056184109246,-0.18442294786767244,-2.903215099960109,-0.48921955011738155,-1.058889176087646,-0.8622607531279063
0.4664617859481243,-0.49284770984797516,0.7324238241951408,0.30762392798861277,-0.16079991624000886,-0.09739970078927629
-1.726104217469222,-0.5822276325374875,0.3845244467866898,0.858546355757512,-0.15856828843542412,-0.043739546519916725
0.3412633568403898,0.56155568541481,0.6248219955830173,0.7497592361237995,-0.1844282240811323,0.030910215188064777
0.4271641453088207,-0.7181479499078066,0.5706368431083512,0.13475247567877205,-0.023997701802286123,-0.06768929104059132
1.4518861727440193,0.13514077908060962,-2.599241640020655,-0.5148247886202229,-0.8050543175944869,-0.4188773041756974
-0.00799131182795753,1.1729602242096002,0.18482598211446236,0.49332156413930683,-0.29033719958143245,0.06794572438374191
0.6324296424288676,0.5381560519801958,-0.03743282959877858,0.2099233867323799,-0.17938331754894848,-0.022334405216998286
0.8096410679297339,0.13696926888139985,-0.9900899041741659,-0.3279895089412271,-0.49325292033167284,-0.5214006867663419
-1.2600190562538407,0.9320546728997295,0.9970555656904384,-0.12124371634235899,0.2472141262234926,0.26894410740149277
-1.6678238765204703,-1.5027618877430322,1.5077451519697416,0.01832571543729072,0.6694731338945015,0.7649941158865541
1.2008906404916433,0.05881146067536495,1.0954188148928943,0.7954939004428913,-0.3307523579608767,0.0612524741092786
0.07786958618920531,-1.1681869788774637,-1.5017988456957332,-0.32847041158040935,-0.6029346870717487,-0.168892975679712
0.8010538473216309,0.9529924588044411,-0.3121442331963421,0.04256611384018867,-0.296623252857527,-0.11122275472955533
1.4412171738052628,0.470176775901898,0.08106597084179569,0.38738492219824994,-0.26297145457365867,-0.6865770413075346
-1.6159502747931238,0.6966649347826807,-0.40800378368620155,-0.2658663482182169,-0.13780669575742327,0.18861087265509058
0.7934370567146634,0.3882866757193137,-0.4038957754229735,-0.3617598652923398,-0.18071378455924145,0.10041924476533848
2.101735653727627,0.23751338424477061,0.7982329298135405,0.7875711874038163,-0.6783254599402803,-1.238039984389605
-1.8957846671656542,0.33340645167152555,1.43133249398481,0.8269739477214938,0.31114182363245524,0.829145472480105
0.11058081169276837,0.705976103276848,0.40660220054275553,0.4612694106729323,-0.3175158549052295,0.02305065673592699
-0.7722215988329708,-0.6667822142498914,0.13761420729713694,0.1305279505486865,-0.30142577106666746,-0.4612201054975192
-0.8098860475118308,1.0450905706249172,0.8480244402033613,0.22109814019010335,0.1328585089429717,0.14039600195520674
2.920220211906007,0.9473229014556567,-2.2542960843151665,-1.014145691794953,-0.9744614812315553,-0.08994349634271095
-0.4724596044584389,-0.11059453113841805,1.2607295098844946,0.5846325394879055,0.602257388487566,0.3781816739608507
0.18555074966578972,1.2477817128988153,-0.3441230083590941,-0.24748128014856258,-0.06737436023126947,0.026671298802528436
-0.532111337233983,1.0875391115904356,-1.4604694479907412,-0.563750026921751,-0.7154500130725704,-0.17915022578418505
-0.5111375268773202,-0.6483593547077187,1.246284734298595,0.27105383102686775,0.41922250953143914,0.24664564612465129
0.5758814376966956,-0.1388877741087642,-0.6719612794631109,-0.20067266201976502,-0.3373291400897802,-0.1707137286253574
2.676861030065237,-0.025878682374005986,0.16802871640815928,0.217278706736584,-0.09373490963070161,-0.8531660327510878
0.2951524284516418,-0.05377235956103489,0.29576697933620627,-0.0732456672969468,-0.3158997607411961,-0.08292703814995868
-0.9133293761089729,-0.44850840480101645,-0.2251604580396815,-0.1565230182397896,-0.2719784786575231,-0.2387471662827981
-0.18173788162998103,-0.41533519296244387,0.4969071187685381,0.16200653087609843,-0.02690354753692585,-0.14087134674191862
-0.902879032528336,-0.46037520540808463,0.9119309485629348,0.21464043410466027,0.6102493747126309,0.23212481539561358
1.7031540756974828,-1.6822908965255317,-2.8171840047097807,-0.40307167032161145,-0.7723069332764797,-0.6351081601508363
1.3894130548062777,-0.7201986035641683,-1.718711011681852,-0.5000726719907556,-0.6780205458069365,-0.38109582544456727
1.4733541257197702,-0.2557638871478505,-0.1435457753910931,0.014070375404424068,-0.37437775312311944,-0.1717132430402677
0.3587921187775446,-0.8492183516200235,-0.399572481545703,-0.3843532043143743,-0.22490795629659474,-0.15417211644040593
0.24890839693673736,0.5406677654129792,-0.48873049290215415,-0.05965714011371666,0.01722663767413185,0.2669982290633154
1.7720397668896253,1.1624261584026379,1.1365394740010906,0.13075082769329233,-0.23522131102373278,-0.2712893864071353
1.7472869137799962,0.8183136215389976,-0.8802306757844934,-0.3773732890610091,-0.4047096500023128,0.09876359090888978
0.5090550696993194,-2.386854051695946,-0.22072815473687477,0.35637128327252615,-0.13738832889633676,0.06523262815416207
0.48194213399793523,-1.061249662194772,0.5525222530017088,-0.29704860814455036,0.14360349612228573,0.057717686766567744
0.8705508919248808,-0.760080986838738,-0.08917121194534261,0.10252232255850491,-0.38855117389878385,-0.38726858642397877
-0.24106778409446133,1.7235299169034402,1.1394349353076858,1.1106687932053234,-0.3563122213780921,-0.051177592938001976
0.39975364526754326,1.0941863355810721,1.3584748934803117,0.5923404104488229,0.040446540183054464,0.044601701789637654
0.637547600827181,0.42758289537995736,0.5287126942504228,0.35969091584920504,-0.0661282915156132,0.02774012787323915
1.1677651357576897,-0.6176470252439237,-0.059017449513796165,0.006070066395524991,-0.38962472131798515,-0.2810825455952597
-1.7513710258254345,-1.7960338074755409,0.7991288170948376,0.24501156989372466,0.38255369234783076,0.508066906258774
0.33224324849773385,0.3830532877919815,0.0738543618327808,0.14823327199424918,-0.24161413932554904,0.03815747444199451
1.1605679466499106,0.9145376611453024,0.6990285753777619,0.25254756398872774,-0.15929892520954855,-0.3775027342733644
1.2222831482930014,-0.9353896582675599,0.4376268692493014,0.36016215060736406,0.21550943128170935,-0.4075087346312286
-1.0785213553310384,1.3260153394201557,-0.3563302423095415,-0.1549008927051886,-0.06897262466887376,0.06120980802501877
1.131288591092855,0.13684664413866518,0.2570113450654343,0.38788373743941046,-0.5145684465349597,-0.568084510459272
0.3207415002720621,0.6398876876847585,-1.0210777241983158,-0.2951424855464146,-0.1379375875934944,-0.38995923962900536
-1.58672441338493,-1.2894402313434417,-0.9438766412646505,-0.4103425930651037,-1.402292237661798,-0.4161313738508661
1.2210117474762978,0.5262775459642663,0.23851869745186322,0.07808837514121214,-0.05157162981305913,-0.3427554081594125
0.7130117013121218,0.8584905081929587,0.6591518076396607,0.531782122372097,-0.17776389207398877,-0.2068139277521449
0.367399438254677,0.3602900514476389,-0.20532570420407592,-0.07073762056934949,-0.08946438523635915,0.20626002788591674
-0.9117505080833082,0.6745003322029129,0.46667151960922265,0.5382959260297129,0.1285533124856989,0.2791549646131333
0.04237330072245253,-0.6482899904990874,1.035020612622812,0.41903129456348015,0.04306339230500847,0.2655193837699798
-1.001330541269459,-0.5844521836315235,0.8329766794885566,0.24391159151171862,0.543425195472732,0.27268742829118686
0.8024645007286675,-0.21608350183011305,0.0986958195531381,0.06367371394388255,-0.48622015274481767,-0.2371326505984947
-0.6248005362681812,-0.8410293052601734,1.75288562938973,0.4245679039292957,0.44667188993995577,0.21027912947688474
0.19785175921469433,1.0160222217042334,-0.037718822592914474,0.15310775342473973,-0.4062531304989317,-0.10402292354165357
-0.5538413301323353,0.10623930699584644,-0.1298873174953935,-0.08872502062853593,-0.05390497264187755,0.03201443093832851
0.27098236485499977,1.2525536232201586,1.005873506222382,0.9509504127245112,-0.45784410821289173,-0.1478672370767388
0.05717318549343887,0.9394852055037907,1.3464687648324627,0.41132192527179434,0.17351798455212042,-0.02206631731022919
1.6860056938206753,-0.6938049682238799,0.042212080362056814,0.04897097337945335,-0.17235417671986614,-0.34488588333748676
0.3572479154397033,-0.9667155340373284,-0.8736950814481705,-0.1571319747310923,-0.3708603296374552,-0.14842780779582693
-0.7847937096588244,-0.15450082981912314,0.9158714564082432,0.551690646123328,0.550738504076146,0.20420867862334144
0.9179117590237031,-1.1046708816830237,-0.5870203155509589,-0.42560539180443135,-0.15157594151344816,0.07062306432433635
0.6255939885923003,1.592411985605658,1.7191668679915457,0.5837094424765363,0.24289960291499513,0.3985028601883475
1.1797814866004759,-0.7794107186805829,-1.77377041080389,-0.3785242930070805,-0.7990810116275026,-0.44597458077410984
-1.0773122318552464,-0.01859778841644521,-0.2735608201477226,-0.3105090147306928,0.058276561984855674,-0.0073577331977020335
-1.3058728514579072,-0.5012680963539311,1.1614709127998084,0.583960285518631,0.7515094788902965,0.5919460989899413
1.3550456733822673,-0.6154253337123125,-1.2867183594956244,-0.5145580719134198,-0.5215100027827557,-0.2777885811190579
-0.9811987991259981,-0.1282240173185363,-0.11907516616740191,-0.23681155455182867,-0.16023511973333726,-0.03240027827900181
0.32653379534921356,-1.6446973579458626,-1.1397726782406112,-0.2326874321989993,-0.2283015775150506,0.08502366015686745
0.910400991016733,0.9357845582713225,-1.5432798906465883,-0.4400897820730169,-0.49742996720065136,-0.4229202814966869
-1.1623184186841757,-0.044180361558749576,0.19419295241814102,-0.018727649296442272,-0.2776285040647689,-0.26845818546759515
1.1286173800608525,-0.7813930713216091,-0.544649209006835,-0.2622475222826964,-0.2737248636179664,0.08210795972830244
0.36605097118339525,0.0016507741542133997,-1.5330451770298388,-0.5820230454859046,-0.7481824528470868,-0.6458265904919096
0.04542968692541566,1.0210670955379235,-0.07563359510201817,0.16408604837402405,-0.2869693616702317,0.007884315533942775
0.1861868440014476,-0.49645727367374615,-0.002764454803750008,-0.16879962509031246,-0.24945797805161224,0.01969118440177795
-0.5872972296881032,1.892132576110446,1.682039883675747,0.5432847228959814,0.0962720018844676,0.2715078919304271
-1.188213405210389,-0.9128989250886721,3.1999425832406723,-1.0294653750283815,1.1380176259412536,-0.20125539315031865
0.04237793832262532,-1.165866322167369,1.7500564035849013,0.7957340778812031,0.07672877945919984,0.14745007492126389
-1.2301558125841683,-0.9377758820772166,-0.395344142595536,0.07751354014119083,-0.5285162655259023,-0.5278592714044408
0.13737300965492383,-0.18292694744896354,0.6863104122035446,0.2687468480910704,0.03174153844178024,-0.057853464116523076
-1.2793580408685006,-0.2794202532261337,0.2646716614859843,0.35891748669287366,-0.2899914149478685,-0.3550992127433425
-2.1880156582477546,1.5758251304454536,1.1969390302175194,-0.041656892611943004,0.7154197081196771,0.7825790850117679
-0.04138428933722253,0.7647748273100827,-0.17030114986823697,0.04924609020267526,-0.26062287593094263,-0.12855765228169214
0.5871419814264576,1.1046456000236637,-1.4995480822017904,-0.36143108901973686,-0.5165919591645607,-0.46746925079857704
1.094009073877491,-1.3535169300769552,0.1894008643347118,0.023950574652879898,0.1803657496540816,-0.3444002124878721
0.425137226244043,0.5829453068038742,-0.5559160659566986,-0.23490426769437178,0.0272345551258803,0.2624514741349492
0.4096295212656655,0.6458763927699547,-0.27486993951627164,0.09814923841945584,-0.39918312966634356,-0.10011148636590912
-0.1846502204071068,0.023234971718959614,-0.1457871941426712,-0.08256796055432702,-0.1012086540667188,0.08309854031089513
-0.08066259198940635,0.9131734424772385,0.8061237716025202,0.5878925858169978,-0.22423345241064369,-0.05984813440948803
-0.25989308426265895,-0.08122155745563132,-0.14666135156811927,-0.1679043642347419,-0.12720232456928096,0.05689644738640931
-0.3248607200816767,-1.9874821687170114,-1.5243166752724062,-0.4973186547264025,0.3566106462324215,0.375014889229122
0.8309691352585924,0.7018625361584555,-2.4216564715826654,-0.6797672284806079,-1.0995686141597592,-0.5423727796297613
-0.6980359463174413,0.8229016773308472,0.6949734696796165,0.5402313147857488,-0.12578203338193963,0.2293265888199661
1.2980099991129512,0.13229868063430258,-0.9740425753335564,-0.2709164279631606,-0.5240111238654803,-0.11095481425892466
0.33056199216354404,-2.205564332402427,-0.5568769177882688,0.051638202365900034,-0.023102568108475025,-0.2367056538002762
-1.7870651346999737,0.3749050667123451,2.417801609340351,0.8164135444878458,0.495240346336295,0.9874578192782851
-0.4878427529114755,1.5685827230279636,1.3136592380852183,0.6050007347032195,-0.04447985983815633,0.09974112691202267
-0.1706850672835779,0.1462256929802518,0.7120749794378574,0.45788325328035856,0.31651826509018716,0.271284166320253
-0.2180114809304529,-1.4785999042434106,-0.25342433806909753,0.12894740127581464,-0.026543072670636395,-0.45221285566392905
1.7998190325734444,-0.4453396072382925,-0.4342729653684518,-0.2309805020290263,-0.24870964814953217,-0.1362399031045168
0.4453268589814511,1.0197696475860056,1.1757548459958738,0.6294161913679628,-0.10245844027193327,-0.07193121376927206
-0.5882084639760661,0.055184215372169644,0.6924214107751359,0.30494319764809874,0.4419727450911758,0.3802020460751755
1.2491715824882745,-0.0713810291865887,-1.053026212852373,-0.4100966767137525,-0.5407675940185894,-0.24866915139072723
0.6757333756948314,0.13546238735091115,-0.14973760635775185,-0.07445922243517919,-0.20510327993672686,0.12665488614561665
-0.5619511499375898,1.2747808067649535,0.3427906986326086,0.17854289114114602,0.08492483294902303,0.34028769641537837
-0.7367446914521818,-0.7534137691933996,0.6856977292716098,0.14758965052401002,0.28000891961731805,0.19393666209142477
-0.2836381935874132,0.7530336799828697,1.670534398337613,0.36884793810091127,0.5142130693805956,0.17815196629137664
-0.018798665564106826,0.8076612909131521,1.2442215769615488,0.4424618307573641,0.09751757684637999,-0.12282195830223493
0.6596925005315102,-0.17165105785515092,-0.766820344257594,-0.19320136580669317,-0.39868679232743465,-0.3314618675569932
-0.723978992002128,-0.4229410451008982,1.6551764702920515,0.3587416753381317,0.6379075401749494,0.4253309547742927
1.3569007698312459,-0.2706829420626767,-0.30186013287579405,-0.11041228244243724,-0.4811065350917434,-0.09237884664642795
1.4560499948289403,0.47810776089035856,-0.5474824513671959,-0.2257166709218123,-0.42256018043045634,-0.24510317629220096
0.20565630793478598,-0.13763668801260365,-0.7367680355822408,-0.5229810295511697,-0.13230498589922884,-0.1954557851285398
-2.3130742590193916,-1.574759231116219,-1.0947901081581026,-0.17350303761227498,-0.7796878726491259,0.2522372514118877
1.2604854955276041,-0.8323693353463213,-2.3484524206113155,-0.348746857127608,-1.0982312149126545,-0.39188430257528656
0.42009501821411854,0.6563667682907262,-0.055839685468167734,0.2103827285782331,-0.38795096398399875,-0.1191224091971091
-1.397638962311166,-2.4704160840138614,-0.21189072990722,0.150529258297318,-0.4437621619776401,-0.4774270738711312
0.6186824986878334,1.795543957007443,1.2741805613989299,1.072476861705431,-0.4297493472709176,-0.007083250915012301
1.4459385180246807,0.548332290314801,-1.9538009143404214,-0.7335066764351721,-0.907774443872204,-0.4926722410621988
-0.017590002630092128,0.3197394062862185,0.6318507650527768,0.5945711967225291,0.020825899044709856,0.23571299060391115
0.6415271874060642,0.332123871845357,-0.30143264873769865,-0.2753645562784513,-0.13427867693668705,0.19082214708572268
-0.7344289817243785,-0.47993822460243263,-0.8125212711955477,-0.5269593440050787,-0.3378660885351247,-0.06591527893890253
-1.0107074235303908,0.37299160602295656,2.5529605400456723,0.7307643559557513,0.6689061683698997,0.8324206751441994
1.2664248166294192,-1.425673812007739,-1.505534207898321,-0.23873978289781583,-0.6398422184943597,-0.36408585052963
-0.6666822211895185,-1.2796339451340546,0.32024526299750605,0.2532980764568507,-0.013655862748092301,-0.2453441273219013
1.2499595894140518,0.12407382262335195,-0.1222323449478776,0.2818599169389162,-0.4126623087289257,-0.416651799845817
0.4598661409007834,-1.2220283838043433,-1.5219963622278645,-0.32020707473429205,-0.759309921335625,-0.14843344345460244
0.9144671623447544,0.8033019932647605,0.09419629443297149,0.27994983729031186,-0.0008276050045734618,-0.14776851546087283
-0.4476834864728716,-0.6416135560994103,-0.021788861436719358,-0.13740384577917614,-0.11715055954385993,-0.17936689215933485
0.5435787841934294,0.03456570967638831,-1.3876476314867654,-0.487800460434073,-0.778201710773546,-0.6576664178078436
0.9205773764180329,-1.5193877707838612,-3.2979019474374103,-1.1848246782834955,-1.5246626323514239,0.099301016499937
-0.3039776586845049,1.1551562980489785,1.488336516699255,0.4353855095200649,0.2777585814316039,0.11469752494229982
1.4112384105515248,0.27832912718020125,0.3781506515103684,0.23443324875730837,-0.5877916088749102,-0.8493511932526155
-0.9130426806776453,-0.09552603347765232,0.05274366506805874,-0.16398616652978942,-0.18696503719057495,-0.09298569620995652
-1.2665796143696608,0.7428033362115481,-0.16501949895914955,-0.2823620154763739,0.38394435697738216,0.2051952235860544
-0.784294405118497,0.060444799904983935,-0.015351696494924792,-0.2273479622804796,-0.09445474071709023,-0.02229970622326454
-0.236412943640177,0.48605313125633753,0.6919054997248407,0.6551977010091721,-0.055978635541219415,0.23879584935089743
0.9871227888933891,0.8489302121067326,-0.6847790696153757,-0.3821221949119278,0.07625190165010473,0.1533695032446465
0.5851319427534447,-1.0149437132573436,-2.4135584762272115,-0.41967933621819664,-1.2308690794309185,-0.3292405705190002
-0.3738624203796489,0.7985247923956208,0.21861734910833733,0.5240659520571236,-0.035277055183943445,0.06980703283053895
-1.495497498177359,-0.56084349071472,0.908074971232183,0.5127773411352351,0.5810960083523089,0.2744518165505571
-0.4591230983414265,0.2891934167922726,-0.6388905600461084,-0.3886306187284158,0.3983292050210834,0.2708607741073306
-0.9846634694267817,-1.1127462037553442,1.2106365575346278,0.09508701272931841,0.5871633530786023,0.4029349726938332
0.6242612799996134,0.9365397776451407,-1.492570169662603,-0.29470521656991167,-0.35912549308285224,-0.520495410519431
-0.14897768524611202,0.10435056444601265,1.2732968967913014,0.5632335648076595,0.46032800290373055,0.17214662355425686
1.4381998251058967,1.8949024148284284,-3.1350542970787276,-1.4261189504232017,-1.8951291432349966,-0.2421319104305568
1.6786445574301572,-1.8215044495623436,0.26425674486471495,-0.29172453666961234,0.12539362698475698,0.10995178999164276
0.00948259018573453,-0.2979567943782552,0.214471220867611,-0.0871794176920719,-0.12741696751981693,0.08159653109088502
-1.191922053224959,0.17003930870941256,0.20269333431925732,-0.08048025232885493,-0.11658536084575404,-0.04876279559370944
-1.6443091536839831,-1.2528576917574012,-0.31004066280866244,0.19677079851527637,-0.9988866915192749,-0.6455824639526814
-1.7832227499879711,-1.0302812755073942,-0.4346800192538375,0.08922042760641755,-0.8801116140850423,-0.5343227661966281
0.615260605472576,0.28686595218368477,0.5213490050385283,0.30063831813924535,-0.1860177751179074,-0.07254684596673291
0.48824498042496134,0.3951824758595704,-0.22888796668988254,-0.1588785105562734,-0.11671567498478241,0.20489893169442225
-0.533846816189538,-2.7192956518313243,-0.5358019731288927,0.10184248360924604,0.24197952398955208,-0.12731586896104474
-0.33742946994022904,-0.5011017406046748,0.48864872957487016,0.2004752200153541,0.02881781274330497,-0.039307747074739274
0.4703671832764583,-1.4059874405590422,-0.6235989381786692,-0.3948191509349943,-0.021647934647653147,-0.057238525318375574
-0.10632215535229358,-0.12859917693561868,-0.17184613060356121,-0.21263464346856345,-0.08643720461919673,0.12226063450400124
0.6532758920115254,1.2932779796162583,-2.003728003972671,-0.52177084180529,-0.9206215131811166,-0.6386090815381279
-1.061240336333247,-0.3653842596229184,0.6855384676392254,0.18500265807394886,0.3612654493826935,0.14816773846065395
1.6402785387232888,-1.2106327256312737,-1.6247056796430366,-0.34963964881547177,-0.6591386587994997,-0.46603718067032307
-0.5395411027812707,-0.1149970927379466,0.7385192210455286,0.3947941786722341,0.44978036698681734,0.2187348437781883
-1.2384232582156698,1.5069226930396713,0.6758137654374423,0.016510397934378532,0.3181911444827082,0.09471797192990253
-1.4506214826412394,0.20337104179310492,-0.5116620857360641,-0.4967284021798903,-0.0963109626928363,-0.01587317435465188
-1.7321125166394706,0.6065398678219664,1.1843167767906417,0.30317912112478335,0.24336374722704135,0.5221029618092571
-0.39315970563094105,0.9488876766478825,1.9631031605063616,0.4275240587942757,0.7070095714716316,0.40662630845524733
0.6720501153988345,-0.5500471691147627,-1.9886078724855984,-0.19413699083892888,-1.0531686630838126,-0.4103213157199795
0.5022436305328988,1.5370429347481318,0.7262879912897849,0.856255018458645,-0.624115296736411,-0.34041531618779913
1.344061589817598,-1.248016290329424,-1.055380708659107,-0.24109551858189127,-0.5309205616204999,-0.319963391167134
-0.22269195179878973,-1.0201155317926656,0.16185643742670708,0.32270628997447026,-0.294960642634221,-0.3638722046918827
0.05655784468634577,-0.9024632933417324,-0.03667949351185495,-0.04687047291446641,-0.27838243740430074,-0.2543248311192121
0.20349339898522703,-0.018242292853490535,-0.3279265694735536,-0.19334645841465342,-0.06554856699044326,0.21214108171910417
1.0136091383269852,1.6890542830917985,0.23989221203747427,-0.38650997364040923,-0.3909640342039009,-0.4819974069746902
-1.1868609291701648,1.132212553888221,-1.0329580855307638,-0.19056239228346936,-0.4429971560805916,0.1344742427003615
0.4536914692267106,0.38403209603536825,-0.19503051498946578,-0.12619305293265431,-0.1321974342194072,0.2158885271169021
0.8983657256838455,-0.04752880217428013,-0.8358740314224834,-0.26112789833985317,-0.4284849509386316,-0.17086701240322433
0.819015206419708,0.7507543190408493,0.7043139379449016,0.5840039056780191,-0.10629886610774851,-0.1352047383486009
0.3885001581796323,-0.13378640785841114,-2.3228484773628324,-0.44301223142007873,-0.933468534332037,-0.7887523385343039
0.5826874897788883,0.44743050606543155,-0.8874091090209992,-0.3609146865963952,-0.21600623120584606,-0.344603848849664
1.1702098986775151,-0.6398462784546424,-1.8951703326179759,-0.45307591099239397,-0.8242237410959314,-0.33948265304627867
-1.7244696223833766,-0.3641919919877079,2.027522037304857,0.599568435568278,0.5649925406345606,1.210033413945537
-0.1315803788655195,-0.08828859738122372,0.47289578779530217,0.21803733617847934,-0.0945484485620399,0.021860125764974182
-0.32134901149163775,-0.8264591051463004,1.0075539252126982,0.11667415964622249,0.29190620126124234,0.137371208403881
1.83170592419943,-1.4357318327676287,-3.5271959676751976,-0.3937107209879381,-1.5462996360169021,-0.47074848650325435
-1.3487702433626159,-0.16942065620602265,0.007395781600357277,0.12214961804269671,-0.26696462550409583,-0.2566752964750243
-1.435343266816399,0.4523047219723795,2.6561087701020023,0.5879770943054515,0.5639261327459744,0.6456551846143048
-0.7832538965586326,-0.6841882496914702,1.0072399157953176,0.12052669208085508,0.5586764047658739,0.14649480496736722
1.977096300432194,0.23628531865121036,-0.673761617036374,-0.17063227596654573,-0.5157137759303668,-0.10575188210153011
0.9594372739982384,0.2674364616480353,0.7368529925712575,0.6168897641093491,-0.3726072398777893,-0.23362971621968315
0.48398378342188697,-0.06878677253120816,-0.9622627461534652,-0.29557388916699856,-0.5055671896887795,-0.6532306542279464
-0.22245629848840187,-0.1258236780522318,-1.0031031472191023,-0.5517141312383984,-0.41586372401511484,-0.39027009069291974
-1.081632771096283,-0.4102939904123565,0.2290529297844906,0.14975867480041183,-0.2677021587985537,-0.352866288325064
-0.3385811363396261,-0.0246594737308787,0.6417826619331874,0.3041419436083088,0.3872562084367389,0.31346285487518005
-1.0814690626627843,-0.7188193946015331,0.930324943639181,0.2333362835567508,0.5840914023850167,0.3210748041099799
0.9034835198950193,-0.7712678719552826,0.7307066563126546,0.39444041165581145,-0.2187987313317063,-0.1585559791823643
-0.24435119221576285,-0.23010842433651704,1.2013288332664052,0.607699560325823,0.4137641511086143,0.3242820494469827
-0.21954594462704982,-0.6250394508616847,1.9063735708200473,0.7450212881829152,0.577139583445155,0.370362961072577
0.04972116808429713,-1.9286353377326215,-2.0912685560359128,-0.6906485182706126,-0.43336879615007134,0.18853298656701856
0.8014557166084597,0.06924482837168702,-0.05523606783519072,0.0032556941625984676,-0.349788302286986,-0.06709282281158453
0.8315007990783676,0.46186153434634314,-1.470201480520389,-0.3826692404495897,-0.6060425350298226,-0.6929523663000884
-0.37097885260535024,-1.187539367846033,-0.36760338970813156,-0.19069795778058346,-0.13822426022590656,-0.31425432634138395
-0.6086630626857532,-1.1570091328253649,0.34243724148737975,0.2179875090548341,-0.012366621014065618,-0.20026394075273046
0.41943077863052397,-1.1102030622578458,1.8122930700267295,0.9319143164987422,0.08967369389897181,0.4829334024456068
0.19626038976175664,-0.9387248156245754,0.4390862673640807,-0.13126005195844723,0.10146679219387778,0.04739882785947265
-1.4869627261250056,-0.7867208453902238,-0.13011051562685724,0.38875623533299053,-0.4790326044734443,-0.5416027641226442
0.03412479570281765,0.35711898164990374,-1.5114904387016102,-0.3560023688850058,-0.48505342234728255,-0.6590724752951705
-0.9013983831816945,-0.35552933921392904,0.9481214584345583,0.37426856019327326,0.6305943736010742,0.2562977142855304
0.9877813709299348,-0.7534458788799495,-0.5602742299935297,-0.28796966156973725,-0.2540007351281205,0.051612139559704895
-0.12640673809082328,1.4675038888092713,-0.9034379118778414,-0.33962780671823783,-0.9579814954450956,-0.5942879973248985
-1.41105742137972,0.5231372062769192,-0.34918470338412055,-0.30382091487915425,0.08513555409690277,0.20324571323058746
1.4573010293110662,-0.719930818834508,-0.8521854133606774,-0.40421013684671236,-0.4050061723944514,-0.2671830113893423
0.08171231064621938,-0.6203426710742457,-0.9058188905884035,-0.33979440257553356,-0.4577320808922318,-0.26910405788104846
2.1062478905656334,-0.5237510488062797,-0.764269665127974,-0.4433804027563003,-0.15469660610200428,-0.053629433347305376
-0.9317184785235757,1.7133927856546558,-1.4360002800434382,-1.179272470474545,-1.2685448435349027,-0.6624789714160659
0.20440836934712014,-1.6804769385988867,-0.033045913199266905,0.4039156011105096,-0.11445245003952118,-0.37259965967234426
0.633923252257599,-0.797508843810315,0.5167879050289051,0.1034645889463488,-0.1314847495553937,-0.18613016524588
-0.13783043296014663,0.024402029277928748,-0.8823631810065191,-0.46427202054485356,-0.31195804600352384,-0.3152456265703621
-1.5128146373380396,-0.2866320339549683,1.4608799077022612,0.7998512656320997,0.6781958036287599,0.9665905504260562
0.1557171847389465,1.0037839257865946,0.7179207484567186,0.7325157863642259,-0.4607491373146738,-0.17964164733685606
-1.05199771595435,-0.6865002533372266,-0.10475865842454617,0.1456372321629193,-0.3594530896802077,-0.5046068109722481
0.37888932959796595,0.789494494535265,-0.34998275490708,-0.12626851052460783,-0.30003274520613754,-0.11118889266656336
-1.8772987828389842,0.6478413863434539,0.5747827462073227,-0.012019228831164045,0.10064603732638772,-0.17211216364585247
-2.0016761387569866,-0.6581411525181361,-0.5126198880781313,0.047995775626116274,-0.4454381931745676,-0.16948005434186533
0.6662561086939387,-0.27916566339241317,-1.7076502018745272,-0.3334336750178084,-0.8316546413118798,-0.39492302700003934
1.9202495454744628,1.5194511305940717,-1.3537084643065407,-0.2861462848170541,-0.3474474168682692,0.23364250691002225
-0.006728405516738981,-1.0488916462349176,-1.1449703867479695,-0.23032692901649168,-0.4385075367658694,-0.1903892973131473
0.7886139414014943,0.7207999036259743,-0.9686995472552796,-0.39828687745841584,-0.06375038853185064,-0.20876681722126766
0.36277112105528814,1.8790621544787607,-0.28364279252456215,-0.2470931122733322,-0.08713970069179477,0.11577920148626777
1.8833324328002057,-1.2199556557217326,-2.9472097525736416,-0.38843006988702083,-1.2371799953650644,-0.5598255092447301
-0.7201962732932836,-0.4928615345517437,1.2382642999067446,0.35730347941784096,0.497799005367376,0.31712631674550645
-0.8012232299646265,-0.07150807004189477,-0.7173008130821278,-0.620277459094993,0.10059830590675858,0.1306069992497779
0.7386589448869514,0.9022515322201085,0.8760296335316341,0.6196998924307521,-0.1385406226497889,-0.06741074910997334
1.3794399070400811,0.5867636679589533,-0.07387318418274287,0.12720374608095056,-0.16371226182456738,-0.5219042320943535
-0.5687059663778191,0.48855242994286263,0.2664307665642633,0.4123681336618547,-0.13001432306048236,0.12418612791608286
1.3426237566820625,-1.406329857871616,-0.07235564506298674,-0.19210815186653554,0.02983107756028186,-0.0731072278771627
0.36334634089335466,1.0510102860612782,0.8824163110058209,0.716304961214873,-0.3694757298339131,-0.08405522100115324
-0.3100216370019124,-1.4615750456649366,-1.110085244586198,-0.11345735028269237,-0.2706080518257741,-0.29537694447339274
-1.9814120834594007,-0.4211199122885922,-0.29227410416824817,0.3526552129776437,-0.22084496853771796,-0.1789385144757683
1.0314967025966246,-0.3977409851528128,-1.423288289307805,-0.5027309139855429,-0.6192540709430074,-0.278461121541852
-0.4126624273580793,0.5368131454266349,-0.07087829503527444,0.09053046831991018,-0.08733406242508912,-0.09858438427702167
0.9334425836244966,-1.0013755403728348,-0.6723830197062313,-0.3059055065036817,-0.23696154136447328,0.03892150641962071
-1.481862923398742,-1.0324175589972533,-0.5671751743246395,-0.1145040759513285,-0.85128368416434,-0.5485006805760931
-1.3613361941941242,-0.6077784325449969,0.2509411265671643,0.5305658776991818,-0.31998969756293816,-0.3162975013330897
-0.40547849813550324,1.0476690111996503,-1.0058595036605031,-0.5783315548294639,-0.39825550646971725,-0.2922503568044352
-0.6265832893615255,0.006551644989451176,-0.8270808163293379,-0.45456136988625834,-0.04726237994697864,0.12257469032146018
-0.8098231188252185,0.9328597391930178,0.5104863363400456,0.3841912146021902,0.10809421134528899,0.24402499102417735
0.3529362655215179,0.2153092811491387,-0.21561867175151903,-0.14292893473711643,-0.05382841978400603,0.24072875413218392
0.9254245958323699,-1.4154613497534771,0.1333791523097388,0.057850876803207635,0.1264472063958047,-0.3552049810119693
-1.1014589624184028,0.14849145013080528,0.03207307160132857,-0.2430297108975517,-0.10973632353864557,-0.08679478764487808
-1.3897786352103443,1.4600734181293065,1.6213364393587775,0.21122247899699084,0.37941368015487675,0.24466100385207884
-0.9007981221966148,-0.13266430158491074,1.1755757671796472,0.6515089272012883,0.5236622853426218,0.3679799673867042
-0.8948298081719679,0.8819256986628186,1.5488388236880077,0.3811974474821298,0.3942098733766587,0.17369443322456152
-0.606147836910053,-0.7490775891188942,-0.21804883260737365,-0.18242890250097252,-0.11454821764656126,-0.24405905444704612
-1.9377943477614308,-0.5707024224075066,-1.0364008436645296,-0.02473644347042387,-0.7513463686693979,0.025166225240477992
-0.6852922542658355,-1.5682997969772514,-0.005420146566066615,0.46611436578187315,-0.31336501491019453,-0.428054181101963
0.5573467390502125,1.1986769680527165,-0.03931219525472202,0.10952683063617301,-0.34305662444621615,-0.23135695979255594
-0.5587780971504439,0.2400685115445196,1.0799005292549917,0.4962399018595075,0.470048542472959,0.22577466129523843
-0.5224628663160462,-1.4657293222709895,-1.346620459639676,-0.2965547970257878,-0.17212652325514952,-0.05290825533369953
1.7686538981244002,-1.3927343157169723,0.007871099902563529,-0.1537541141199142,0.022962988966811537,-0.113772954489184
2.441989362343827,1.3298259158290693,-0.17646250197387828,-0.10735483497856955,0.13913955954342783,-0.20392661682341018
0.6458018291116381,1.808533224629754,2.4148923182919915,0.5881373891804302,0.6567245824102502,0.9374882027058972
-0.21738645630126732,-1.5119578736115247,-1.2621083220383504,-0.17510420520561834,-0.1451491183717784,-0.038607605094145736
1.5776502260270295,0.5361920766269153,-0.43084705049783223,-0.03212334704906532,-0.4397778461213715,-0.4652143218129397
-0.18960848224480048,1.2118989796001496,-0.07451315442106247,0.21637438962309777,0.0869260972612316,0.27351406640277387
0.5392228338701694,1.471627779172236,0.3043119469781333,0.031916623024572294,-0.4316537852075724,-0.28523476061029995
0.5386322651053248,-0.6423465125510553,1.3979882639872205,1.0199527957606318,-0.2561645154215544,0.3528114746465467
0.1449875809560495,0.14826617847746418,0.23129672364066328,-0.05004399910329551,-0.1821599574011914,0.07013913431427111
0.567780316760091,-0.9019892550628648,0.20956810873249637,0.1700377035887624,-0.30195232308400966,-0.26389061840997613
-1.0513595127965376,0.015039580665411036,-1.1760891202760622,-0.14425150909086212,-0.35523039799462064,0.2791946903966866
-0.11269414931308863,1.3008110741823224,1.047017496204316,0.9726013463893227,-0.45008312710416465,-0.14005315054732376
0.10003387372966513,-0.4912785731051713,-1.2580327058923089,-0.35969586749781013,-0.5911706033048312,-0.45257730708189237
1.0297895836171658,-0.7947732301658188,-0.9011492513188593,-0.22265007495170477,-0.5446129123842628,-0.2966057472787254
-0.21974767010755195,1.3685090081406548,-1.3668565567495958,-0.6693491772101308,-0.8852591608091919,-0.5007049495863429
0.5221660852542505,-1.8325715626259294,-1.7826371109942307,-0.5410973890756208,-0.6652761140928432,0.0396874907713243
-0.2264770396505653,-0.27048923332471175,0.4184315490747161,0.20741943490300355,-0.16478685273749333,-0.07439554238302798
0.7178455201310103,1.0502158366069956,-1.7452204154676223,-0.39869740354580196,-0.533032081716629,-0.506926460007039
-1.2978681806884684,-0.27952678897870703,1.5734371885128096,0.5856117555309198,0.6358340645071193,0.7945407995526106
-0.34623621250286485,0.6210501442878953,2.519558144290704,0.5387852819635015,0.6682740352081858,0.6823168372880444
-2.4705785609789337,0.19637234634075093,1.929412461395549,1.0541695051634692,0.28809537168768096,1.5444149608625692
2.4185769643513826,-3.2384058347177795,-2.4959572624630333,-1.4572505888666176,1.0836897471029592,-0.4413174263668926
-0.32444803631206465,0.8793285633203465,0.4605247593792742,0.5182928070090961,-0.33631936637305854,0.08189363391024697
0.9304307220821499,-0.9567660517154966,-2.826448154481468,-0.30668042079197955,-1.4670125075308067,-0.4601791747674888
2.275866635593164,-0.34847679476024723,-0.6858776588226507,-0.32454843282113316,-0.2788279377899826,-0.23887425333115606
0.49006469360115446,-0.8740720826985359,-0.5430321413944187,-0.32839992803018225,-0.10563174834051331,-0.1700788263767129
0.5077906166387666,1.840254427020806,-0.16409857034194011,-0.24584594884307853,0.09772699046396846,0.08973570866260148
0.2621332973156617,-0.5920440523059477,-0.9076589826284137,-0.21828990793665218,-0.40688771728304235,-0.3199532579079899
1.4221816932615021,0.1292961923322607,-0.7760971525751127,-0.2618993662390665,-0.4673644105370486,0.2471706324082944
-0.5120706046744747,-0.9076670035608202,-0.4764831630788147,-0.3946674260883291,-0.15843932313917578,-0.17822493745771356
-0.14899100660813955,-0.7976438838297765,0.6785010088629998,0.03515120655866013,0.3398952564326839,0.24603589555303634
1.565657256406454,0.11866580197488952,-0.999573550683987,-0.3737534518121166,-0.531692909304229,-0.03757587705558611
-0.03591558282130161,-1.3774287556028073,-1.797373910162188,-0.45161065763683006,-0.571056693964114,-0.06575499380734594
0.3646817628648083,0.7491463543225865,-0.3682009505543007,-0.11969506734679784,-0.26363727169250584,-0.07350933466429055
-0.8181283880560013,-0.24695231216697053,0.8794800105181689,0.4609170370851457,0.5678920862935308,0.22579642661217042
0.14545618195212842,0.48964400089985405,-0.7811391435932933,-0.37007862219207344,-0.14754774649640504,-0.2183510014260185
-0.719964446899259,1.1465823956038204,0.6252008684249215,0.37840331440681874,-0.07115085664552998,0.05932124103520357
-0.661438226602282,-0.504514741449157,-2.2555431059594193,-0.687168050772046,-0.7815672310347764,-0.3540142434378618
-0.593997803062474,-0.13096820140792248,-0.08922544826324755,-0.35780652546160496,-0.12477740565609295,-0.022832139570186538
2.2164962140027495,-1.5002580016027731,-0.13135306260431756,-0.1727146381085147,-0.14497298564728434,-0.06006747460929107
-0.23287512960967752,0.8507029057436809,1.862094749281715,0.3700971601204628,0.6404615773701602,0.29504631936133113
1.0825119985427274,-0.3061851429587823,-1.4946090536815857,-0.4692193082554145,-0.6634428495412689,-0.2932119175120463
1.0778054690252017,0.057874563666539196,-2.8647628364655415,-0.36688767447188914,-0.8266351288017983,-0.5720071012294264
1.874529055013385,-0.4269155625191895,0.8514010226736987,0.9336590088665191,-0.7079821921837176,-0.9134575717926592
-1.8262651753566688,1.2386510027672621,-0.03185707594304252,-0.3729334605874573,0.1448288284487192,0.1270833895929627
0.4777970218973981,0.09749656640196702,0.16027027401603214,-0.05887103657999142,-0.30312529777316277,-0.05472822470183679
-0.1930009977292126,1.7204106110330422,-0.1029311640770999,-0.024212401331827442,0.21693079234124446,0.35132920800605766
-1.0185939946319733,0.1404778208241491,1.4781275583433593,0.6073538576922874,0.40644002594537354,0.5009905179189794
-0.448835617329932,-1.3459083502262166,-1.099060459051307,-0.19248547389044127,-0.44170221299801793,-0.28877663803981857
1.2566309230518244,-0.7301688436741769,1.7337026256726964,1.447509098990467,-0.22395712822415675,0.6336849928045423
-1.0723620678208248,0.4045821805787307,1.5422618982270098,0.5485860057328319,0.3507760854425169,0.4912545963028775
-1.871195730196328,0.36094101464489126,0.17857101919096396,-0.26901656276370584,-0.1575485500785732,-0.37278671056793755
-1.1075756697593837,-0.7533059902841879,0.06740897185722541,0.31887038253842137,-0.3713385341751855,-0.5051573920459351
-0.19271457172857429,-0.9812767451420252,-1.2516817539096279,-0.3353798872191406,-0.502140525786144,-0.29428022965775447
0.9624426369042467,2.280423617801668,2.5157380858076426,0.46969847936546993,0.6350694595493314,0.9177323907675602
-0.9784506717938624,0.7139715791136335,0.5889987588619339,0.5950594653427563,0.0640026235375136,0.2994086562935927
-0.6536447141350255,-0.5042324545875762,-0.19371675906235503,-0.3653024755096199,-0.09800150418966481,-0.08883670425072925
0.09411833581402705,0.898315527370767,0.6500205193439214,0.6747412925938695,-0.39167690705957664,-0.10843877299874523
-1.428524673575102,-0.31337188571745317,0.2188206593439353,0.5199507187230463,-0.3115770193281483,-0.35499615477973806
1.7139128677728515,-0.2647832098263103,-0.7255523897097219,-0.35795464473757993,-0.2807809216008182,0.11026004901702144
0.3702147546241543,0.016704020992368056,-0.13765706011959558,-0.15677157879080966,-0.06497706263480627,0.23070953771984853
0.6542222406933986,-0.11817038352566726,-1.3530255416968964,-0.37367350581670866,-0.747861915522273,-0.4768626529412741
-0.09161473670103587,0.18909970881750915,-0.7020259326498398,-0.42557886880684914,-0.048116739023525465,-0.11223128457125334
-2.047568752113102,-0.09516707066792575,2.516076451298607,0.7477276033098458,0.575601343871199,1.4620753592039875
0.18399046165685778,-0.634978313904127,0.7201853770087356,0.14985989763979893,0.1462112695641219,0.1499678356943277
1.0980728469657006,-0.8149206733277798,-1.4816386562920227,-0.2881909365733181,-0.7682283107729774,-0.43425614948268626
0.558366387108463,-0.6530920562692459,-0.35408121450492275,-0.28438680047459725,-0.3375283771430746,-0.055411840513671755
-0.018541028784205313,-0.6081166102052395,-0.7368763912920167,-0.5837155738738455,-0.23501198633188292,-0.05810282620899343
-1.0676473390538468,-0.4155316005348268,-1.0705025183700236,-0.34677556172600543,-0.38818676731500884,0.12656449779888912
-0.999127618329142,-0.5272127677425589,-0.2140879401904975,-0.037220963461318896,-0.3211175346779216,-0.3405425961910154
-0.9484050047425114,0.5526402246138526,0.3336681043494708,0.30487184788083893,0.10668731171975868,0.18548390678352453
-0.5799460700746586,-0.48471103330812954,1.4967563912923603,0.4264566220369897,0.5216559865690565,0.3808464132171742
0.9297192358359427,-0.4860493827008201,0.5275699386682065,0.3207655730753325,-0.4986276714994999,-0.45044216628019595
-1.0156208042519577,0.28921078908252534,0.37019507418393705,0.19370493996970173,-0.03466160051692607,0.1906844023601053
-3.2157803962054268,-1.1725325682123022,-1.8287825353770095,0.7609943528211465,1.9799390290112568,3.370977312599164
0.19791243335895417,-1.3209381521397283,-1.1114824787097113,-0.15153263096513062,-0.3812974118446279,0.04436410085623106
-0.5832418210726671,-0.6762772296403768,0.4172487002391383,0.17735756405547357,-0.12340649060234053,-0.18617387983182598
-0.5164188812333146,0.23745202556617048,1.0742243902975075,0.5009275623582049,0.4692561102029724,0.2003857874858537
0.06800491597052827,-0.45232063615842744,-1.3594111248804583,-0.382952572442278,-0.633952392277089,-0.4937142101584238
2.0323026889782776,-0.9792913813405836,-0.17582687295001725,-0.15873213785986343,0.07473090455542605,-0.29900820139567263
-0.7128008038969471,-0.24332054532196076,-0.13114526218772518,-0.3720011040182476,-0.19334682414472193,-0.060961857576304346
1.421726692344697,-0.045014562252683195,-0.4617248659792935,-0.18860435278870813,-0.5070419470429103,0.00963736635173778
0.15107386681987114,-0.0036267489136502587,1.4298530565972798,0.7126908815797853,0.35754292253018416,0.26288474658181427
1.0381982443967535,-1.2378045372126543,1.280275986575513,0.7980474869922776,0.0720831681441475,0.5321918293772093
-0.5894789599360168,-1.0454506083367172,1.0202285458578981,0.06960211781252021,0.519726794833342,0.19735031393603847
0.8109707455058013,1.3024601615035216,-0.9777552027335044,-0.3599505471613589,-0.31851220430096633,-0.048454528083546125
-0.3423795090379385,-1.5424973120611727,-0.27005645256598515,0.16520137552007644,-0.016517925685540974,-0.44950564362529294
1.7150286596782398,1.6219607638923252,2.0682730328568786,-0.051280794466742524,0.800010049600895,0.6557391969631302
-0.5728140083877693,1.4517377449587323,2.7764839232738145,0.2847748352570979,0.9296083580938089,0.793406215221829
-0.9733467723238562,0.22264617626677044,-0.09959454141974904,-0.3809910953962357,0.042133741577156575,-0.09724260483103911
2.55578419189819,-0.981658966755251,0.380370974672598,0.17231763168001787,0.48641700799636367,-0.5006123329292116
0.3791342667909452,0.09246065373845086,-0.5711629393333281,-0.30485741117388127,-0.21011409261387928,-0.08181173869097981
-0.06635913587243612,-0.2553495357001205,0.31742544034205605,-0.018291158868918952,-0.16277959763191485,-0.0005702186820722571
2.565831744952022,-0.6860255083162797,-0.26151530513709764,-0.0009077716079459938,0.1643735049882712,-0.46639415829084385
-0.9672382134671009,-0.012545873993525095,-0.27671478627514773,-0.34058144760193054,0.051996857585329515,0.03023933920578617
0.2828562749040768,2.3665231481163604,0.44628928931042516,-0.4874727914011202,0.025790273088302007,0.061430556356735944
-1.341464663678417,0.19145542775115554,-0.3982310779387108,-0.6261935353223269,0.07197854861057973,-0.04366461945407916
-0.33373330917937805,0.17522609589981455,1.8111004983402568,0.4759264047979159,0.5554959241317711,0.370008410116742
-0.9721896717116731,1.1721818660341787,1.0266245805936636,0.1504292401567785,0.25686044204004366,0.2564016032743233
-0.2188003281592758,-0.8047353622305683,0.018008319931821837,0.007253062601531383,-0.20339944033543178,-0.25765453924470944
-1.0209015707836542,-1.0994949598640387,1.442837291744561,0.038186839769189906,0.49876847071000685,0.35341466315120723
-0.8752673895593399,-0.6111076916773357,0.7683453041231738,0.17964222276211714,0.45237986359328797,0.24211864470027195
0.44702213309065303,-0.1276867091903828,0.4215271925896286,0.31686441291629086,-0.5016548303090484,-0.32438140359474044
-0.9941594988072806,0.7453576582952699,0.38714747743531003,0.39482483737637086,0.22081064633205355,0.19449265250927333
0.06471945997534509,1.509549831379316,0.3829618237093851,0.26722905516686335,-0.2476001574571473,0.10454553909123426
0.7596370308230864,0.7071796391336804,0.7733992766470039,0.703731436688231,-0.132270633295872,-0.03441956043060411
-1.130283005595212,1.6911077526259914,1.9915666330625115,0.15216993389836875,0.4300748495432761,0.4161568330837615
0.7037763674254951,-0.6746929458703196,-2.143877682865511,-0.2233231552675281,-1.1391331191862446,-0.41904761966767834
0.2005576100092813,0.501721453229576,-2.1557790617859593,-0.233361306063689,-0.6855390711913081,-0.816524606337857
-0.13495876565269546,1.4772016876672385,0.7658496928300715,0.9645981612263173,-0.39439983542620527,-0.11893594137090323
-0.8123842127811451,0.9702955485186456,0.4196640297441083,0.4752063431352248,0.3445966935292921,0.2867161046939477
-1.2295620095815063,-0.0045918682798021665,1.0693256756483365,0.6252843150856124,0.4040918864466716,0.3308883834388708
0.6753573594233602,0.1284017102340135,-1.7542301730439636,-0.5706585704210416,-0.7952391497615781,-0.6445830042445866
0.7907844015902905,0.7818930908971508,0.5931839840940015,0.3500324275033855,-0.0749261922024764,-0.17117757572563
1.0837350235843113,-0.7790644976449523,-1.801858294607517,-0.3428897147711484,-0.8414467777127901,-0.46320226613455767
0.4583501956932912,-0.35465984330379335,-1.2863818378710765,-0.44540395946803685,-0.6112604476116223,-0.38712599552506544
-0.07506562195329314,-1.0716717255873236,1.614982467806417,0.6992402209027048,0.09293351135532038,0.04379901208470202
0.07060256084414959,0.08852700616389189,-0.43761327769081926,-0.15508747809748957,-0.05103013744048707,0.17721358840298906
1.0956356584804552,0.6721869370560839,0.024873109406090582,0.15186788711583016,0.07697622603062432,-0.15187093201751695
-1.6498105314057967,0.01907605325122421,1.3077645600930219,0.959152597772069,0.5862157080130165,0.9205695674094551
0.6887702429695401,0.7774793966528414,0.12303212773066505,0.31535547906845474,-0.12521844794380682,-0.14476354339518152
0.39118359035847994,-1.703594844464853,0.9190038130708756,-0.5896713586091014,0.777160232896677,0.47314348407804085
-0.2851604947165968,0.8028759836340191,0.2654699480656387,0.4928628684035071,-0.29034725839095676,0.06237508342185542
-0.10056298416688672,1.6810724600058564,0.3320610964907146,0.089334123586525,-0.028902119887946415,0.23262293175364018
0.005181486406622049,0.8577371894634233,-0.35400718310575613,-0.20772646030994987,-0.2460574432465451,-0.11420873348199626
1.4062674756143307,0.28108018800961765,-1.806128156886102,-0.5034612869332057,-0.8087465479750443,-0.4281903790795815
0.03411719613029465,-0.7443079180902034,2.109170005096439,0.34222317704090904,1.0101665765899024,0.6400372675786875
-1.7729077186708344,0.46716203199957207,1.22498655869826,0.5952384208215774,0.1920897938011567,0.5430683264344703
2.082871677049718,0.13707212189665477,-1.1059520285357323,-0.413773390013102,-0.5335928130858854,-0.02326545963473061
0.7150014101929509,-0.9863635659402631,-2.310705807498108,-0.3184496353529028,-1.209533882063933,-0.4110183584737774
0.9833269965364038,-1.7427899760601904,-0.6948982132152726,-0.4682946919925642,-0.3967058943692879,0.2399279032244132
0.006430891239530718,0.5820965624610612,-0.7039181352541524,-0.2883223902577516,-0.00895695876903406,-0.011950368369505117
0.5680481236843553,1.0363469300884471,-0.9505412912178387,-0.2944895418585032,-0.23744502196385425,-0.08220862597445759
0.42747989638095474,-0.6482490233799769,0.6847482088865776,0.18443963691494822,-0.0014002818480589319,-0.003518661974648875
1.5522623756275198,-1.8515492311153032,-0.45315916798776285,-0.3587931490818611,-0.319721807113483,0.25002505383486395
-1.248368085203854,1.17245201594311,-0.6389558631920651,0.03622270733800427,-0.1967733248507677,0.02064501836696432
0.14002007551995793,0.719488108930199,0.38526381803421317,0.41315443838459087,-0.3179815697418593,0.01772406808323721
-1.722457695180828,1.4604018344330856,0.49117012889421574,-0.19441094174549964,0.6872651535558676,0.1257648613058868
0.620311104004099,-0.22238057319790488,0.045741496999087985,-0.023811450825323155,-0.3482320408286155,-0.07398450026795056
0.638660179071366,0.8455580388808535,0.22401670648247457,0.2110673729258106,-0.25850687105030556,-0.24796380176515742
-0.7069659157449943,0.4175809863982559,-0.6102900295629238,-0.3751146584615951,0.0798119729205862,0.034775906629188294
0.4762452625814321,-1.2833055128629247,-0.6447955509526487,-0.4035412936626626,-0.11797329858736312,-0.06870906697142837
-0.010222588380637745,0.29141956020111637,0.5168361602196748,0.6064598909902785,-0.07325123644590822,0.19470749054597505
-0.828650991721259,-0.08096472395107593,0.357778083100329,0.1279089379054229,-0.02530303847988276,0.03624773215018749
1.2180763620247625,0.1600757545867317,-1.0745489976708216,-0.3285036959189992,-0.60304931624071,-0.2586867638568141
-0.1300538671468811,0.5187836053652519,0.39071361355059275,0.5271219693367811,-0.22400264282990445,0.13613375358217705
-0.013639988863849869,0.32162156402706643,0.2894765966234968,0.2177903824513581,-0.08574445020941895,0.1810963612042266
1.8031690302266197,-2.1363743871909584,-0.08128558996800553,-0.08466518209713648,-0.6335688374906041,0.09389494775652887
0.4513534149622419,0.12071298750794104,0.006381605416827236,-0.12030607957887553,-0.17936482858868424,0.11238156024424964
0.5957036065325922,-1.3172759538639391,0.3282656603876306,-0.0925583186768922,0.24716203693797556,-0.12619222355778204
0.12227730020375184,-0.671827354491056,0.6132046497527175,0.10120091585082082,0.21560616788398163,0.14637315356046843
-1.6688382113451803,-1.031416329845407,1.7974165652810306,0.3585058739552817,0.5892211861566968,0.9390590212411697
-0.991599520344284,0.5337433249701246,-0.2530688823107288,-0.41508307679203066,0.3592632340096236,0.11277966639527104
0.344331690383509,-1.1116075485500048,0.039839539372302404,0.025447826280286884,-0.25587849199261437,-0.32814075942404586
0.5870566959223686,1.369041850836221,0.053036958477137096,0.08651559394875301,-0.3159246536943511,-0.24653608127408994
-0.041197305065090256,0.41870419139113874,0.16845864864286206,0.2394080125721996,-0.23569293968345822,0.07594213994121134
1.6538131721674278,-0.8383448521138861,-2.234954554749117,-0.5448342506905037,-0.837032755048702,-0.4133157736477716
-0.10518306781110179,0.717403885553279,-0.09272765793079701,0.1635968911511576,-0.24529640612435166,-0.12103231579135118
-1.475119251911541,-0.5402942915438032,0.7845343353739247,0.43316264674168004,0.41402281246984596,0.1457584757964186
-0.8640138633122514,1.7904874388212915,-0.0522695766054707,-0.054134270142196836,0.2547679123589726,0.31558223329291196
0.8341256030025839,-0.5948633825106228,1.372181933103021,1.0461933968151855,-0.3780061709125421,0.39561351350854945
1.9576168605697493,-1.0172877249859424,-1.0210743871897985,-0.3971323912747892,-0.10581689797566114,-0.36508881937225157
-0.385366430817872,-0.5668166160855583,-1.0513274241443944,-0.7560789058234828,-0.632951837877639,-0.23941381766198014
-2.7461507501836246,-0.4256840268342461,0.5433781464235282,0.8457707911538597,-0.7662398014772785,-0.4219782298349231
-0.35454232084469767,0.20519370593457817,-0.8339263244092435,-0.4264186183630834,-0.12528718868919714,-0.08012821442169285
-0.7557156665273226,1.273225605099095,1.4269407026756509,0.19048611090321943,0.20476440254539235,0.17739130647319315
-0.5068765087858087,-0.08832061137225515,0.4808465845288575,0.3124226990084759,0.06530573237316767,0.14552577997949503
-0.2584943948824806,-0.5972560512412067,-0.03634798094207077,-0.22928764932061607,-0.15932016591983877,-0.0982386692089495
0.5117799214534764,1.2766552519999776,-0.9130891029455924,-0.2851497442010839,-0.4786065522792018,-0.18144426238840602
-1.3633749107162851,0.4748713762241016,1.048484155815356,0.36862074489043534,0.22043839465795328,0.34694592479506364
1.5532814962318537,-0.8400528271011455,-1.946376021408277,-0.5050657285153153,-0.7400361173890541,-0.4452919396460239
1.1842439632790678,0.8497381872741374,0.2732443735239659,-0.02941223167905084,0.07646759179211604,-0.2620047594131233
0.0720086799877716,-0.04710276752691064,0.5818707773365877,0.34366097406139434,-0.0658034307100162,-0.023351205851534558
-0.8731582416652885,0.9644591165753534,2.322723444363405,0.366818823206236,0.8225710513829031,0.634040619561208
1.1970397920533233,2.349643733537335,-2.2844600674662296,-1.0284763228234022,-1.840300505551565,-0.4008744101525713
1.123773361750243,-0.1944574729375804,0.26559049827285325,0.36330769158306153,-0.6046836700779017,-0.5249543160122383
-0.890574930822567,-0.6168042290960931,0.6770271011545844,0.12823573346638664,0.3167815779218424,0.13695773712327974
1.2039164805764333,0.5032404457728609,-2.216948664112973,-0.6740292443870064,-0.9302787583445754,-0.5580825892179995
0.9891083977667832,0.04123778577163815,-0.4392255975206577,-0.04886178420964553,-0.22902842214071656,0.05844856573350768
2.1446411253259483,2.38877605376393,-0.8921920699678464,-0.15524156307173936,-0.4219951920022064,-0.4793820324706221
-0.5928122967014315,0.41895615796569263,-3.773794237770927,0.21197584963032481,-0.8701285520122064,0.361234173867263
1.5137815996480455,-0.9449513414315752,-0.7053231018125964,-0.33581949456099724,-0.356019277588816,-0.23458217843967186
0.04455868939464332,0.36317559988677023,1.2704754619104737,0.5064508510674879,0.34954414975103154,0.06709132677189768
-0.34176739580136384,1.2934947093880482,-0.3611497003697322,-0.037967812706465376,-0.027452871674912907,0.28031390417052604
-0.7861535455812085,0.7123876867083432,-0.017346309054443575,0.009005699269105306,0.2734029259363486,0.13156837975818714
-2.2962739147507554,0.3525722396813207,-0.6018508027030148,-0.33807860289066927,-0.6954893628748007,-0.42033210328460757
0.8675597774296835,-0.37128033794918786,-1.2434883561414019,-0.40269347718504434,-0.6510821657899241,-0.28913995770580186
-1.3419297875786218,0.06866464735842417,0.8551220928367366,0.6534537645450149,0.2954901281905878,0.3328697597178679
0.982912038463388,0.7405147642320528,0.018640681446935703,0.2916930291817894,0.09906322255718866,-0.07856576154949846
-0.13789877531849992,-1.6123353682756003,0.8513591763716896,-0.40095111321944166,0.7843358376894963,0.6361367993142854
1.3713566294903585,-1.4192382013095086,-0.3634000102829059,-0.32602249177987913,-0.06583222058129845,0.15341560310874927
1.1953227944862441,1.3990045098563928,-2.4460359717796183,-0.8881414364663694,-1.1215234884211251,-0.2786864029721608
-1.1514482237712957,-0.0775277101720448,-0.03335008487829312,-0.09879915840182925,-0.2266275275735486,-0.13764747587218693
-1.237250981558421,0.09077333385330211,0.487167023142622,0.3799510332005167,-0.09595702615993143,-0.03741630578330351
-1.7337022569180693,0.47519752142180116,1.9689222434913152,0.7638935811179784,0.34163772861868735,0.9011713367873037
0.38527740258965837,0.24768316051697195,-1.0852323708108589,-0.30408967709381907,-0.567739636347453,-0.6586250260674648
-2.0359016649732964,0.7815374960850855,-0.5783774714279488,-0.19779768319647623,-0.49285422985240895,-0.08945154152126186
1.063084814281499,-0.08348202770744119,-1.4819560185360445,-0.29835020228648484,-0.7530527023957877,-0.37602461924587866
-0.024759026935742404,0.1976590386070615,0.2771252858359823,0.06923388850490392,-0.07711325959125426,0.1706495564301175
