[2026-04-24 05:46:34,409][dowhy.causal_model][INFO] - Model to find the causal effect of treatment ['X0'] on outcome ['X1']
[2026-04-24 05:46:34,409][dowhy.causal_identifier.auto_identifier][WARNING] - No directed path from treatment to outcome. Causal Effect is zero.
[2026-04-24 05:46:34,409][dowhy.causal_model][INFO] - linear_regression
[2026-04-24 05:46:34,409][dowhy.causal_estimator][INFO] - INFO: Using Linear Regression Estimator
[2026-04-24 05:46:34,409][dowhy.causal_estimator][WARNING] - No directed path from ['X0'] to ['X1'].
[2026-04-24 05:46:34,411][dowhy.causal_model][INFO] - Model to find the causal effect of treatment ['X0'] on outcome ['X2']
[2026-04-24 05:46:34,411][dowhy.causal_identifier.auto_identifier][WARNING] - No directed path from treatment to outcome. Causal Effect is zero.
[2026-04-24 05:46:34,411][dowhy.causal_model][INFO] - linear_regression
[2026-04-24 05:46:34,411][dowhy.causal_estimator][INFO] - INFO: Using Linear Regression Estimator
[2026-04-24 05:46:34,411][dowhy.causal_estimator][WARNING] - No directed path from ['X0'] to ['X2'].
[2026-04-24 05:46:34,413][dowhy.causal_model][INFO] - Model to find the causal effect of treatment ['X0'] on outcome ['X3']
[2026-04-24 05:46:34,413][dowhy.causal_identifier.auto_identifier][WARNING] - No directed path from treatment to outcome. Causal Effect is zero.
[2026-04-24 05:46:34,413][dowhy.causal_model][INFO] - linear_regression
[2026-04-24 05:46:34,413][dowhy.causal_estimator][INFO] - INFO: Using Linear Regression Estimator
[2026-04-24 05:46:34,413][dowhy.causal_estimator][WARNING] - No directed path from ['X0'] to ['X3'].
[2026-04-24 05:46:34,415][dowhy.causal_model][INFO] - Model to find the causal effect of treatment ['X0'] on outcome ['X4']
[2026-04-24 05:46:34,416][dowhy.causal_identifier.auto_identifier][INFO] - Causal effect can be identified.
[2026-04-24 05:46:34,417][dowhy.causal_identifier.auto_identifier][INFO] - Instrumental variables for treatment and outcome:[]
[2026-04-24 05:46:34,417][dowhy.causal_identifier.auto_identifier][INFO] - Frontdoor variables for treatment and outcome:[]
[2026-04-24 05:46:34,417][dowhy.causal_model][INFO] - linear_regression
[2026-04-24 05:46:34,417][dowhy.causal_estimator][INFO] - INFO: Using Linear Regression Estimator
[2026-04-24 05:46:34,417][dowhy.causal_estimator][INFO] - b: X4~X0+X0*X1
[2026-04-24 05:46:34,425][dowhy.causal_model][INFO] - Model to find the causal effect of treatment ['X0'] on outcome ['X5']
[2026-04-24 05:46:34,426][dowhy.causal_identifier.auto_identifier][INFO] - Causal effect can be identified.
[2026-04-24 05:46:34,427][dowhy.causal_identifier.auto_identifier][INFO] - Instrumental variables for treatment and outcome:[]
[2026-04-24 05:46:34,427][dowhy.causal_identifier.auto_identifier][INFO] - Frontdoor variables for treatment and outcome:[]
[2026-04-24 05:46:34,427][dowhy.causal_model][INFO] - linear_regression
[2026-04-24 05:46:34,427][dowhy.causal_estimator][INFO] - INFO: Using Linear Regression Estimator
[2026-04-24 05:46:34,427][dowhy.causal_estimator][INFO] - b: X5~X0+X0*X1
[2026-04-24 05:46:34,435][dowhy.causal_model][INFO] - Model to find the causal effect of treatment ['X0'] on outcome ['X6']
[2026-04-24 05:46:34,436][dowhy.causal_identifier.auto_identifier][INFO] - Causal effect can be identified.
[2026-04-24 05:46:34,436][dowhy.causal_identifier.auto_identifier][INFO] - Instrumental variables for treatment and outcome:[]
[2026-04-24 05:46:34,439][dowhy.causal_identifier.auto_identifier][INFO] - Frontdoor variables for treatment and outcome:['X7', 'X5', 'X4']
[2026-04-24 05:46:34,441][dowhy.causal_identifier.auto_identifier][INFO] - Causal effect can be identified.
[2026-04-24 05:46:34,442][dowhy.causal_identifier.auto_identifier][INFO] - Causal effect can be identified.
[2026-04-24 05:46:34,443][dowhy.causal_model][INFO] - linear_regression
[2026-04-24 05:46:34,443][dowhy.causal_estimator][INFO] - INFO: Using Linear Regression Estimator
[2026-04-24 05:46:34,443][dowhy.causal_estimator][INFO] - b: X6~X0+X0*X3+X0*X2+X0*X1
[2026-04-24 05:46:34,451][dowhy.causal_model][INFO] - Model to find the causal effect of treatment ['X0'] on outcome ['X7']
[2026-04-24 05:46:34,452][dowhy.causal_identifier.auto_identifier][INFO] - Causal effect can be identified.
[2026-04-24 05:46:34,452][dowhy.causal_identifier.auto_identifier][INFO] - Instrumental variables for treatment and outcome:[]
[2026-04-24 05:46:34,455][dowhy.causal_identifier.auto_identifier][INFO] - Frontdoor variables for treatment and outcome:[]
[2026-04-24 05:46:34,455][dowhy.causal_model][INFO] - linear_regression
[2026-04-24 05:46:34,455][dowhy.causal_estimator][INFO] - INFO: Using Linear Regression Estimator
[2026-04-24 05:46:34,455][dowhy.causal_estimator][INFO] - b: X7~X0+X0*X1
[2026-04-24 05:46:34,463][dowhy.causal_model][INFO] - Model to find the causal effect of treatment ['X0'] on outcome ['X8']
[2026-04-24 05:46:34,464][dowhy.causal_identifier.auto_identifier][INFO] - Causal effect can be identified.
[2026-04-24 05:46:34,464][dowhy.causal_identifier.auto_identifier][INFO] - Instrumental variables for treatment and outcome:[]
[2026-04-24 05:46:34,468][dowhy.causal_identifier.auto_identifier][INFO] - Frontdoor variables for treatment and outcome:['X7', 'X5', 'X4']
[2026-04-24 05:46:34,469][dowhy.causal_identifier.auto_identifier][INFO] - Causal effect can be identified.
[2026-04-24 05:46:34,470][dowhy.causal_identifier.auto_identifier][INFO] - Causal effect can be identified.
[2026-04-24 05:46:34,471][dowhy.causal_model][INFO] - linear_regression
[2026-04-24 05:46:34,471][dowhy.causal_estimator][INFO] - INFO: Using Linear Regression Estimator
[2026-04-24 05:46:34,471][dowhy.causal_estimator][INFO] - b: X8~X0+X0*X2+X0*X1
[2026-04-24 05:46:34,478][dowhy.causal_model][INFO] - Model to find the causal effect of treatment ['X0'] on outcome ['X9']
[2026-04-24 05:46:34,479][dowhy.causal_identifier.auto_identifier][INFO] - Causal effect can be identified.
[2026-04-24 05:46:34,480][dowhy.causal_identifier.auto_identifier][INFO] - Instrumental variables for treatment and outcome:[]
[2026-04-24 05:46:34,483][dowhy.causal_identifier.auto_identifier][INFO] - Frontdoor variables for treatment and outcome:['X7', 'X5', 'X4']
[2026-04-24 05:46:34,484][dowhy.causal_identifier.auto_identifier][INFO] - Causal effect can be identified.
[2026-04-24 05:46:34,486][dowhy.causal_identifier.auto_identifier][INFO] - Causal effect can be identified.
[2026-04-24 05:46:34,487][dowhy.causal_model][INFO] - linear_regression
[2026-04-24 05:46:34,487][dowhy.causal_estimator][INFO] - INFO: Using Linear Regression Estimator
[2026-04-24 05:46:34,487][dowhy.causal_estimator][INFO] - b: X9~X0+X0*X3+X0*X2+X0*X1
[2026-04-24 05:46:34,547][dowhy.causal_model][INFO] - Model to find the causal effect of treatment ['X1'] on outcome ['X0']
[2026-04-24 05:46:34,547][dowhy.causal_identifier.auto_identifier][WARNING] - No directed path from treatment to outcome. Causal Effect is zero.
[2026-04-24 05:46:34,547][dowhy.causal_model][INFO] - linear_regression
[2026-04-24 05:46:34,547][dowhy.causal_estimator][INFO] - INFO: Using Linear Regression Estimator
[2026-04-24 05:46:34,547][dowhy.causal_estimator][WARNING] - No directed path from ['X1'] to ['X0'].
[2026-04-24 05:46:34,549][dowhy.causal_model][INFO] - Model to find the causal effect of treatment ['X1'] on outcome ['X2']
[2026-04-24 05:46:34,549][dowhy.causal_identifier.auto_identifier][WARNING] - No directed path from treatment to outcome. Causal Effect is zero.
[2026-04-24 05:46:34,549][dowhy.causal_model][INFO] - linear_regression
[2026-04-24 05:46:34,549][dowhy.causal_estimator][INFO] - INFO: Using Linear Regression Estimator
[2026-04-24 05:46:34,549][dowhy.causal_estimator][WARNING] - No directed path from ['X1'] to ['X2'].
[2026-04-24 05:46:34,551][dowhy.causal_model][INFO] - Model to find the causal effect of treatment ['X1'] on outcome ['X3']
[2026-04-24 05:46:34,551][dowhy.causal_identifier.auto_identifier][WARNING] - No directed path from treatment to outcome. Causal Effect is zero.
[2026-04-24 05:46:34,551][dowhy.causal_model][INFO] - linear_regression
[2026-04-24 05:46:34,551][dowhy.causal_estimator][INFO] - INFO: Using Linear Regression Estimator
[2026-04-24 05:46:34,551][dowhy.causal_estimator][WARNING] - No directed path from ['X1'] to ['X3'].
[2026-04-24 05:46:34,553][dowhy.causal_model][INFO] - Model to find the causal effect of treatment ['X1'] on outcome ['X4']
[2026-04-24 05:46:34,554][dowhy.causal_identifier.auto_identifier][INFO] - Causal effect can be identified.
[2026-04-24 05:46:34,554][dowhy.causal_identifier.auto_identifier][INFO] - Instrumental variables for treatment and outcome:[]
[2026-04-24 05:46:34,554][dowhy.causal_identifier.auto_identifier][INFO] - Frontdoor variables for treatment and outcome:[]
[2026-04-24 05:46:34,555][dowhy.causal_model][INFO] - linear_regression
[2026-04-24 05:46:34,555][dowhy.causal_estimator][INFO] - INFO: Using Linear Regression Estimator
[2026-04-24 05:46:34,555][dowhy.causal_estimator][INFO] - b: X4~X1+X1*X0
[2026-04-24 05:46:34,563][dowhy.causal_model][INFO] - Model to find the causal effect of treatment ['X1'] on outcome ['X5']
[2026-04-24 05:46:34,565][dowhy.causal_identifier.auto_identifier][INFO] - Causal effect can be identified.
[2026-04-24 05:46:34,565][dowhy.causal_identifier.auto_identifier][INFO] - Instrumental variables for treatment and outcome:[]
[2026-04-24 05:46:34,565][dowhy.causal_identifier.auto_identifier][INFO] - Frontdoor variables for treatment and outcome:[]
[2026-04-24 05:46:34,566][dowhy.causal_model][INFO] - linear_regression
[2026-04-24 05:46:34,566][dowhy.causal_estimator][INFO] - INFO: Using Linear Regression Estimator
[2026-04-24 05:46:34,566][dowhy.causal_estimator][INFO] - b: X5~X1+X1*X0
[2026-04-24 05:46:34,575][dowhy.causal_model][INFO] - Model to find the causal effect of treatment ['X1'] on outcome ['X6']
[2026-04-24 05:46:34,576][dowhy.causal_identifier.auto_identifier][INFO] - Causal effect can be identified.
[2026-04-24 05:46:34,577][dowhy.causal_identifier.auto_identifier][INFO] - Instrumental variables for treatment and outcome:[]
[2026-04-24 05:46:34,579][dowhy.causal_identifier.auto_identifier][INFO] - Frontdoor variables for treatment and outcome:['X5', 'X7', 'X4']
[2026-04-24 05:46:34,581][dowhy.causal_identifier.auto_identifier][INFO] - Causal effect can be identified.
[2026-04-24 05:46:34,582][dowhy.causal_identifier.auto_identifier][INFO] - Causal effect can be identified.
[2026-04-24 05:46:34,583][dowhy.causal_model][INFO] - linear_regression
[2026-04-24 05:46:34,583][dowhy.causal_estimator][INFO] - INFO: Using Linear Regression Estimator
[2026-04-24 05:46:34,584][dowhy.causal_estimator][INFO] - b: X6~X1+X1*X3+X1*X0+X1*X2
[2026-04-24 05:46:34,592][dowhy.causal_model][INFO] - Model to find the causal effect of treatment ['X1'] on outcome ['X7']
[2026-04-24 05:46:34,593][dowhy.causal_identifier.auto_identifier][INFO] - Causal effect can be identified.
[2026-04-24 05:46:34,594][dowhy.causal_identifier.auto_identifier][INFO] - Instrumental variables for treatment and outcome:[]
[2026-04-24 05:46:34,596][dowhy.causal_identifier.auto_identifier][INFO] - Frontdoor variables for treatment and outcome:[]
[2026-04-24 05:46:34,597][dowhy.causal_model][INFO] - linear_regression
[2026-04-24 05:46:34,597][dowhy.causal_estimator][INFO] - INFO: Using Linear Regression Estimator
[2026-04-24 05:46:34,597][dowhy.causal_estimator][INFO] - b: X7~X1+X1*X0
[2026-04-24 05:46:34,606][dowhy.causal_model][INFO] - Model to find the causal effect of treatment ['X1'] on outcome ['X8']
[2026-04-24 05:46:34,607][dowhy.causal_identifier.auto_identifier][INFO] - Causal effect can be identified.
[2026-04-24 05:46:34,608][dowhy.causal_identifier.auto_identifier][INFO] - Instrumental variables for treatment and outcome:[]
[2026-04-24 05:46:34,611][dowhy.causal_identifier.auto_identifier][INFO] - Frontdoor variables for treatment and outcome:['X5', 'X7', 'X4']
[2026-04-24 05:46:34,613][dowhy.causal_identifier.auto_identifier][INFO] - Causal effect can be identified.
[2026-04-24 05:46:34,614][dowhy.causal_identifier.auto_identifier][INFO] - Causal effect can be identified.
[2026-04-24 05:46:34,615][dowhy.causal_model][INFO] - linear_regression
[2026-04-24 05:46:34,615][dowhy.causal_estimator][INFO] - INFO: Using Linear Regression Estimator
[2026-04-24 05:46:34,615][dowhy.causal_estimator][INFO] - b: X8~X1+X1*X0+X1*X2
[2026-04-24 05:46:34,624][dowhy.causal_model][INFO] - Model to find the causal effect of treatment ['X1'] on outcome ['X9']
[2026-04-24 05:46:34,625][dowhy.causal_identifier.auto_identifier][INFO] - Causal effect can be identified.
[2026-04-24 05:46:34,626][dowhy.causal_identifier.auto_identifier][INFO] - Instrumental variables for treatment and outcome:[]
[2026-04-24 05:46:34,629][dowhy.causal_identifier.auto_identifier][INFO] - Frontdoor variables for treatment and outcome:['X5', 'X7', 'X4']
[2026-04-24 05:46:34,630][dowhy.causal_identifier.auto_identifier][INFO] - Causal effect can be identified.
[2026-04-24 05:46:34,632][dowhy.causal_identifier.auto_identifier][INFO] - Causal effect can be identified.
[2026-04-24 05:46:34,633][dowhy.causal_model][INFO] - linear_regression
[2026-04-24 05:46:34,633][dowhy.causal_estimator][INFO] - INFO: Using Linear Regression Estimator
[2026-04-24 05:46:34,633][dowhy.causal_estimator][INFO] - b: X9~X1+X1*X3+X1*X0+X1*X2
[2026-04-24 05:46:34,694][dowhy.causal_model][INFO] - Model to find the causal effect of treatment ['X2'] on outcome ['X0']
[2026-04-24 05:46:34,694][dowhy.causal_identifier.auto_identifier][WARNING] - No directed path from treatment to outcome. Causal Effect is zero.
[2026-04-24 05:46:34,694][dowhy.causal_model][INFO] - linear_regression
[2026-04-24 05:46:34,694][dowhy.causal_estimator][INFO] - INFO: Using Linear Regression Estimator
[2026-04-24 05:46:34,694][dowhy.causal_estimator][WARNING] - No directed path from ['X2'] to ['X0'].
[2026-04-24 05:46:34,696][dowhy.causal_model][INFO] - Model to find the causal effect of treatment ['X2'] on outcome ['X1']
[2026-04-24 05:46:34,696][dowhy.causal_identifier.auto_identifier][WARNING] - No directed path from treatment to outcome. Causal Effect is zero.
[2026-04-24 05:46:34,696][dowhy.causal_model][INFO] - linear_regression
[2026-04-24 05:46:34,696][dowhy.causal_estimator][INFO] - INFO: Using Linear Regression Estimator
[2026-04-24 05:46:34,696][dowhy.causal_estimator][WARNING] - No directed path from ['X2'] to ['X1'].
[2026-04-24 05:46:34,698][dowhy.causal_model][INFO] - Model to find the causal effect of treatment ['X2'] on outcome ['X3']
[2026-04-24 05:46:34,698][dowhy.causal_identifier.auto_identifier][WARNING] - No directed path from treatment to outcome. Causal Effect is zero.
[2026-04-24 05:46:34,698][dowhy.causal_model][INFO] - linear_regression
[2026-04-24 05:46:34,698][dowhy.causal_estimator][INFO] - INFO: Using Linear Regression Estimator
[2026-04-24 05:46:34,698][dowhy.causal_estimator][WARNING] - No directed path from ['X2'] to ['X3'].
[2026-04-24 05:46:34,700][dowhy.causal_model][INFO] - Model to find the causal effect of treatment ['X2'] on outcome ['X4']
[2026-04-24 05:46:34,700][dowhy.causal_identifier.auto_identifier][WARNING] - No directed path from treatment to outcome. Causal Effect is zero.
[2026-04-24 05:46:34,700][dowhy.causal_model][INFO] - linear_regression
[2026-04-24 05:46:34,700][dowhy.causal_estimator][INFO] - INFO: Using Linear Regression Estimator
[2026-04-24 05:46:34,700][dowhy.causal_estimator][WARNING] - No directed path from ['X2'] to ['X4'].
[2026-04-24 05:46:34,702][dowhy.causal_model][INFO] - Model to find the causal effect of treatment ['X2'] on outcome ['X5']
[2026-04-24 05:46:34,702][dowhy.causal_identifier.auto_identifier][WARNING] - No directed path from treatment to outcome. Causal Effect is zero.
[2026-04-24 05:46:34,702][dowhy.causal_model][INFO] - linear_regression
[2026-04-24 05:46:34,702][dowhy.causal_estimator][INFO] - INFO: Using Linear Regression Estimator
[2026-04-24 05:46:34,702][dowhy.causal_estimator][WARNING] - No directed path from ['X2'] to ['X5'].
[2026-04-24 05:46:34,703][dowhy.causal_model][INFO] - Model to find the causal effect of treatment ['X2'] on outcome ['X6']
[2026-04-24 05:46:34,705][dowhy.causal_identifier.auto_identifier][INFO] - Causal effect can be identified.
[2026-04-24 05:46:34,706][dowhy.causal_identifier.auto_identifier][INFO] - Instrumental variables for treatment and outcome:[]
[2026-04-24 05:46:34,706][dowhy.causal_identifier.auto_identifier][INFO] - Frontdoor variables for treatment and outcome:[]
[2026-04-24 05:46:34,706][dowhy.causal_model][INFO] - linear_regression
[2026-04-24 05:46:34,706][dowhy.causal_estimator][INFO] - INFO: Using Linear Regression Estimator
[2026-04-24 05:46:34,707][dowhy.causal_estimator][INFO] - b: X6~X2+X2*X3+X2*X5+X2*X4+X2*X1+X2*X0
[2026-04-24 05:46:34,715][dowhy.causal_model][INFO] - Model to find the causal effect of treatment ['X2'] on outcome ['X7']
[2026-04-24 05:46:34,715][dowhy.causal_identifier.auto_identifier][WARNING] - No directed path from treatment to outcome. Causal Effect is zero.
[2026-04-24 05:46:34,715][dowhy.causal_model][INFO] - linear_regression
[2026-04-24 05:46:34,715][dowhy.causal_estimator][INFO] - INFO: Using Linear Regression Estimator
[2026-04-24 05:46:34,715][dowhy.causal_estimator][WARNING] - No directed path from ['X2'] to ['X7'].
[2026-04-24 05:46:34,717][dowhy.causal_model][INFO] - Model to find the causal effect of treatment ['X2'] on outcome ['X8']
[2026-04-24 05:46:34,718][dowhy.causal_identifier.auto_identifier][INFO] - Causal effect can be identified.
[2026-04-24 05:46:34,719][dowhy.causal_identifier.auto_identifier][INFO] - Instrumental variables for treatment and outcome:[]
[2026-04-24 05:46:34,719][dowhy.causal_identifier.auto_identifier][INFO] - Frontdoor variables for treatment and outcome:[]
[2026-04-24 05:46:34,720][dowhy.causal_model][INFO] - linear_regression
[2026-04-24 05:46:34,720][dowhy.causal_estimator][INFO] - INFO: Using Linear Regression Estimator
[2026-04-24 05:46:34,720][dowhy.causal_estimator][INFO] - b: X8~X2+X2*X1+X2*X0+X2*X5+X2*X4
[2026-04-24 05:46:34,728][dowhy.causal_model][INFO] - Model to find the causal effect of treatment ['X2'] on outcome ['X9']
[2026-04-24 05:46:34,730][dowhy.causal_identifier.auto_identifier][INFO] - Causal effect can be identified.
[2026-04-24 05:46:34,730][dowhy.causal_identifier.auto_identifier][INFO] - Instrumental variables for treatment and outcome:[]
[2026-04-24 05:46:34,731][dowhy.causal_identifier.auto_identifier][INFO] - Frontdoor variables for treatment and outcome:[]
[2026-04-24 05:46:34,731][dowhy.causal_model][INFO] - linear_regression
[2026-04-24 05:46:34,731][dowhy.causal_estimator][INFO] - INFO: Using Linear Regression Estimator
[2026-04-24 05:46:34,731][dowhy.causal_estimator][INFO] - b: X9~X2+X2*X3+X2*X5+X2*X4+X2*X1+X2*X0
[2026-04-24 05:46:34,791][dowhy.causal_model][INFO] - Model to find the causal effect of treatment ['X3'] on outcome ['X0']
[2026-04-24 05:46:34,791][dowhy.causal_identifier.auto_identifier][WARNING] - No directed path from treatment to outcome. Causal Effect is zero.
[2026-04-24 05:46:34,791][dowhy.causal_model][INFO] - linear_regression
[2026-04-24 05:46:34,791][dowhy.causal_estimator][INFO] - INFO: Using Linear Regression Estimator
[2026-04-24 05:46:34,791][dowhy.causal_estimator][WARNING] - No directed path from ['X3'] to ['X0'].
[2026-04-24 05:46:34,793][dowhy.causal_model][INFO] - Model to find the causal effect of treatment ['X3'] on outcome ['X1']
[2026-04-24 05:46:34,793][dowhy.causal_identifier.auto_identifier][WARNING] - No directed path from treatment to outcome. Causal Effect is zero.
[2026-04-24 05:46:34,793][dowhy.causal_model][INFO] - linear_regression
[2026-04-24 05:46:34,793][dowhy.causal_estimator][INFO] - INFO: Using Linear Regression Estimator
[2026-04-24 05:46:34,794][dowhy.causal_estimator][WARNING] - No directed path from ['X3'] to ['X1'].
[2026-04-24 05:46:34,795][dowhy.causal_model][INFO] - Model to find the causal effect of treatment ['X3'] on outcome ['X2']
[2026-04-24 05:46:34,795][dowhy.causal_identifier.auto_identifier][WARNING] - No directed path from treatment to outcome. Causal Effect is zero.
[2026-04-24 05:46:34,796][dowhy.causal_model][INFO] - linear_regression
[2026-04-24 05:46:34,796][dowhy.causal_estimator][INFO] - INFO: Using Linear Regression Estimator
[2026-04-24 05:46:34,796][dowhy.causal_estimator][WARNING] - No directed path from ['X3'] to ['X2'].
[2026-04-24 05:46:34,798][dowhy.causal_model][INFO] - Model to find the causal effect of treatment ['X3'] on outcome ['X4']
[2026-04-24 05:46:34,798][dowhy.causal_identifier.auto_identifier][WARNING] - No directed path from treatment to outcome. Causal Effect is zero.
[2026-04-24 05:46:34,798][dowhy.causal_model][INFO] - linear_regression
[2026-04-24 05:46:34,798][dowhy.causal_estimator][INFO] - INFO: Using Linear Regression Estimator
[2026-04-24 05:46:34,798][dowhy.causal_estimator][WARNING] - No directed path from ['X3'] to ['X4'].
[2026-04-24 05:46:34,799][dowhy.causal_model][INFO] - Model to find the causal effect of treatment ['X3'] on outcome ['X5']
[2026-04-24 05:46:34,799][dowhy.causal_identifier.auto_identifier][WARNING] - No directed path from treatment to outcome. Causal Effect is zero.
[2026-04-24 05:46:34,800][dowhy.causal_model][INFO] - linear_regression
[2026-04-24 05:46:34,800][dowhy.causal_estimator][INFO] - INFO: Using Linear Regression Estimator
[2026-04-24 05:46:34,800][dowhy.causal_estimator][WARNING] - No directed path from ['X3'] to ['X5'].
[2026-04-24 05:46:34,801][dowhy.causal_model][INFO] - Model to find the causal effect of treatment ['X3'] on outcome ['X6']
[2026-04-24 05:46:34,804][dowhy.causal_identifier.auto_identifier][INFO] - Causal effect can be identified.
[2026-04-24 05:46:34,805][dowhy.causal_identifier.auto_identifier][INFO] - Instrumental variables for treatment and outcome:[]
[2026-04-24 05:46:34,805][dowhy.causal_identifier.auto_identifier][INFO] - Frontdoor variables for treatment and outcome:[]
[2026-04-24 05:46:34,805][dowhy.causal_model][INFO] - linear_regression
[2026-04-24 05:46:34,805][dowhy.causal_estimator][INFO] - INFO: Using Linear Regression Estimator
[2026-04-24 05:46:34,805][dowhy.causal_estimator][INFO] - b: X6~X3+X3*X2+X3*X5+X3*X4+X3*X1+X3*X0
[2026-04-24 05:46:34,814][dowhy.causal_model][INFO] - Model to find the causal effect of treatment ['X3'] on outcome ['X7']
[2026-04-24 05:46:34,814][dowhy.causal_identifier.auto_identifier][WARNING] - No directed path from treatment to outcome. Causal Effect is zero.
[2026-04-24 05:46:34,814][dowhy.causal_model][INFO] - linear_regression
[2026-04-24 05:46:34,814][dowhy.causal_estimator][INFO] - INFO: Using Linear Regression Estimator
[2026-04-24 05:46:34,814][dowhy.causal_estimator][WARNING] - No directed path from ['X3'] to ['X7'].
[2026-04-24 05:46:34,816][dowhy.causal_model][INFO] - Model to find the causal effect of treatment ['X3'] on outcome ['X8']
[2026-04-24 05:46:34,816][dowhy.causal_identifier.auto_identifier][WARNING] - No directed path from treatment to outcome. Causal Effect is zero.
[2026-04-24 05:46:34,816][dowhy.causal_model][INFO] - linear_regression
[2026-04-24 05:46:34,816][dowhy.causal_estimator][INFO] - INFO: Using Linear Regression Estimator
[2026-04-24 05:46:34,816][dowhy.causal_estimator][WARNING] - No directed path from ['X3'] to ['X8'].
[2026-04-24 05:46:34,818][dowhy.causal_model][INFO] - Model to find the causal effect of treatment ['X3'] on outcome ['X9']
[2026-04-24 05:46:34,820][dowhy.causal_identifier.auto_identifier][INFO] - Causal effect can be identified.
[2026-04-24 05:46:34,821][dowhy.causal_identifier.auto_identifier][INFO] - Instrumental variables for treatment and outcome:[]
[2026-04-24 05:46:34,821][dowhy.causal_identifier.auto_identifier][INFO] - Frontdoor variables for treatment and outcome:[]
[2026-04-24 05:46:34,822][dowhy.causal_model][INFO] - linear_regression
[2026-04-24 05:46:34,822][dowhy.causal_estimator][INFO] - INFO: Using Linear Regression Estimator
[2026-04-24 05:46:34,822][dowhy.causal_estimator][INFO] - b: X9~X3+X3*X2+X3*X5+X3*X4+X3*X1+X3*X0
[2026-04-24 05:46:34,886][dowhy.causal_model][INFO] - Model to find the causal effect of treatment ['X4'] on outcome ['X0']
[2026-04-24 05:46:34,886][dowhy.causal_identifier.auto_identifier][WARNING] - No directed path from treatment to outcome. Causal Effect is zero.
[2026-04-24 05:46:34,886][dowhy.causal_model][INFO] - linear_regression
[2026-04-24 05:46:34,886][dowhy.causal_estimator][INFO] - INFO: Using Linear Regression Estimator
[2026-04-24 05:46:34,886][dowhy.causal_estimator][WARNING] - No directed path from ['X4'] to ['X0'].
[2026-04-24 05:46:34,888][dowhy.causal_model][INFO] - Model to find the causal effect of treatment ['X4'] on outcome ['X1']
[2026-04-24 05:46:34,888][dowhy.causal_identifier.auto_identifier][WARNING] - No directed path from treatment to outcome. Causal Effect is zero.
[2026-04-24 05:46:34,888][dowhy.causal_model][INFO] - linear_regression
[2026-04-24 05:46:34,888][dowhy.causal_estimator][INFO] - INFO: Using Linear Regression Estimator
[2026-04-24 05:46:34,888][dowhy.causal_estimator][WARNING] - No directed path from ['X4'] to ['X1'].
[2026-04-24 05:46:34,889][dowhy.causal_model][INFO] - Model to find the causal effect of treatment ['X4'] on outcome ['X2']
[2026-04-24 05:46:34,889][dowhy.causal_identifier.auto_identifier][WARNING] - No directed path from treatment to outcome. Causal Effect is zero.
[2026-04-24 05:46:34,890][dowhy.causal_model][INFO] - linear_regression
[2026-04-24 05:46:34,890][dowhy.causal_estimator][INFO] - INFO: Using Linear Regression Estimator
[2026-04-24 05:46:34,890][dowhy.causal_estimator][WARNING] - No directed path from ['X4'] to ['X2'].
[2026-04-24 05:46:34,891][dowhy.causal_model][INFO] - Model to find the causal effect of treatment ['X4'] on outcome ['X3']
[2026-04-24 05:46:34,891][dowhy.causal_identifier.auto_identifier][WARNING] - No directed path from treatment to outcome. Causal Effect is zero.
[2026-04-24 05:46:34,891][dowhy.causal_model][INFO] - linear_regression
[2026-04-24 05:46:34,891][dowhy.causal_estimator][INFO] - INFO: Using Linear Regression Estimator
[2026-04-24 05:46:34,891][dowhy.causal_estimator][WARNING] - No directed path from ['X4'] to ['X3'].
[2026-04-24 05:46:34,893][dowhy.causal_model][INFO] - Model to find the causal effect of treatment ['X4'] on outcome ['X5']
[2026-04-24 05:46:34,894][dowhy.causal_identifier.auto_identifier][INFO] - Causal effect can be identified.
[2026-04-24 05:46:34,895][dowhy.causal_identifier.auto_identifier][INFO] - Instrumental variables for treatment and outcome:['X0']
[2026-04-24 05:46:34,895][dowhy.causal_identifier.auto_identifier][INFO] - Frontdoor variables for treatment and outcome:[]
[2026-04-24 05:46:34,895][dowhy.causal_model][INFO] - linear_regression
[2026-04-24 05:46:34,895][dowhy.causal_estimator][INFO] - INFO: Using Linear Regression Estimator
[2026-04-24 05:46:34,896][dowhy.causal_estimator][INFO] - b: X5~X4+X1
[2026-04-24 05:46:34,903][dowhy.causal_model][INFO] - Model to find the causal effect of treatment ['X4'] on outcome ['X6']
[2026-04-24 05:46:34,905][dowhy.causal_identifier.auto_identifier][INFO] - Causal effect can be identified.
[2026-04-24 05:46:34,905][dowhy.causal_identifier.auto_identifier][INFO] - Instrumental variables for treatment and outcome:['X0']
[2026-04-24 05:46:34,906][dowhy.causal_identifier.auto_identifier][INFO] - Frontdoor variables for treatment and outcome:[]
[2026-04-24 05:46:34,906][dowhy.causal_model][INFO] - linear_regression
[2026-04-24 05:46:34,907][dowhy.causal_estimator][INFO] - INFO: Using Linear Regression Estimator
[2026-04-24 05:46:34,907][dowhy.causal_estimator][INFO] - b: X6~X4+X1+X4*X3+X4*X2
[2026-04-24 05:46:34,916][dowhy.causal_model][INFO] - Model to find the causal effect of treatment ['X4'] on outcome ['X7']
[2026-04-24 05:46:34,917][dowhy.causal_identifier.auto_identifier][INFO] - Causal effect can be identified.
[2026-04-24 05:46:34,917][dowhy.causal_identifier.auto_identifier][INFO] - Instrumental variables for treatment and outcome:['X1']
[2026-04-24 05:46:34,919][dowhy.causal_identifier.auto_identifier][INFO] - Frontdoor variables for treatment and outcome:[]
[2026-04-24 05:46:34,919][dowhy.causal_model][INFO] - linear_regression
[2026-04-24 05:46:34,919][dowhy.causal_estimator][INFO] - INFO: Using Linear Regression Estimator
[2026-04-24 05:46:34,919][dowhy.causal_estimator][INFO] - b: X7~X4+X0
[2026-04-24 05:46:34,927][dowhy.causal_model][INFO] - Model to find the causal effect of treatment ['X4'] on outcome ['X8']
[2026-04-24 05:46:34,928][dowhy.causal_identifier.auto_identifier][INFO] - Causal effect can be identified.
[2026-04-24 05:46:34,928][dowhy.causal_identifier.auto_identifier][INFO] - Instrumental variables for treatment and outcome:['X0']
[2026-04-24 05:46:34,931][dowhy.causal_identifier.auto_identifier][INFO] - Frontdoor variables for treatment and outcome:[]
[2026-04-24 05:46:34,931][dowhy.causal_model][INFO] - linear_regression
[2026-04-24 05:46:34,931][dowhy.causal_estimator][INFO] - INFO: Using Linear Regression Estimator
[2026-04-24 05:46:34,931][dowhy.causal_estimator][INFO] - b: X8~X4+X1+X4*X2
[2026-04-24 05:46:34,939][dowhy.causal_model][INFO] - Model to find the causal effect of treatment ['X4'] on outcome ['X9']
[2026-04-24 05:46:34,941][dowhy.causal_identifier.auto_identifier][INFO] - Causal effect can be identified.
[2026-04-24 05:46:34,941][dowhy.causal_identifier.auto_identifier][INFO] - Instrumental variables for treatment and outcome:['X0']
[2026-04-24 05:46:34,943][dowhy.causal_identifier.auto_identifier][INFO] - Frontdoor variables for treatment and outcome:[]
[2026-04-24 05:46:34,944][dowhy.causal_model][INFO] - linear_regression
[2026-04-24 05:46:34,944][dowhy.causal_estimator][INFO] - INFO: Using Linear Regression Estimator
[2026-04-24 05:46:34,944][dowhy.causal_estimator][INFO] - b: X9~X4+X1+X4*X3+X4*X2
[2026-04-24 05:46:35,004][dowhy.causal_model][INFO] - Model to find the causal effect of treatment ['X5'] on outcome ['X0']
[2026-04-24 05:46:35,005][dowhy.causal_identifier.auto_identifier][WARNING] - No directed path from treatment to outcome. Causal Effect is zero.
[2026-04-24 05:46:35,005][dowhy.causal_model][INFO] - linear_regression
[2026-04-24 05:46:35,005][dowhy.causal_estimator][INFO] - INFO: Using Linear Regression Estimator
[2026-04-24 05:46:35,005][dowhy.causal_estimator][WARNING] - No directed path from ['X5'] to ['X0'].
[2026-04-24 05:46:35,007][dowhy.causal_model][INFO] - Model to find the causal effect of treatment ['X5'] on outcome ['X1']
[2026-04-24 05:46:35,007][dowhy.causal_identifier.auto_identifier][WARNING] - No directed path from treatment to outcome. Causal Effect is zero.
[2026-04-24 05:46:35,007][dowhy.causal_model][INFO] - linear_regression
[2026-04-24 05:46:35,007][dowhy.causal_estimator][INFO] - INFO: Using Linear Regression Estimator
[2026-04-24 05:46:35,007][dowhy.causal_estimator][WARNING] - No directed path from ['X5'] to ['X1'].
[2026-04-24 05:46:35,008][dowhy.causal_model][INFO] - Model to find the causal effect of treatment ['X5'] on outcome ['X2']
[2026-04-24 05:46:35,008][dowhy.causal_identifier.auto_identifier][WARNING] - No directed path from treatment to outcome. Causal Effect is zero.
[2026-04-24 05:46:35,008][dowhy.causal_model][INFO] - linear_regression
[2026-04-24 05:46:35,008][dowhy.causal_estimator][INFO] - INFO: Using Linear Regression Estimator
[2026-04-24 05:46:35,009][dowhy.causal_estimator][WARNING] - No directed path from ['X5'] to ['X2'].
[2026-04-24 05:46:35,010][dowhy.causal_model][INFO] - Model to find the causal effect of treatment ['X5'] on outcome ['X3']
[2026-04-24 05:46:35,010][dowhy.causal_identifier.auto_identifier][WARNING] - No directed path from treatment to outcome. Causal Effect is zero.
[2026-04-24 05:46:35,010][dowhy.causal_model][INFO] - linear_regression
[2026-04-24 05:46:35,011][dowhy.causal_estimator][INFO] - INFO: Using Linear Regression Estimator
[2026-04-24 05:46:35,011][dowhy.causal_estimator][WARNING] - No directed path from ['X5'] to ['X3'].
[2026-04-24 05:46:35,012][dowhy.causal_model][INFO] - Model to find the causal effect of treatment ['X5'] on outcome ['X4']
[2026-04-24 05:46:35,012][dowhy.causal_identifier.auto_identifier][WARNING] - No directed path from treatment to outcome. Causal Effect is zero.
[2026-04-24 05:46:35,013][dowhy.causal_model][INFO] - linear_regression
[2026-04-24 05:46:35,013][dowhy.causal_estimator][INFO] - INFO: Using Linear Regression Estimator
[2026-04-24 05:46:35,013][dowhy.causal_estimator][WARNING] - No directed path from ['X5'] to ['X4'].
[2026-04-24 05:46:35,014][dowhy.causal_model][INFO] - Model to find the causal effect of treatment ['X5'] on outcome ['X6']
[2026-04-24 05:46:35,016][dowhy.causal_identifier.auto_identifier][INFO] - Causal effect can be identified.
[2026-04-24 05:46:35,017][dowhy.causal_identifier.auto_identifier][INFO] - Instrumental variables for treatment and outcome:['X1', 'X4']
[2026-04-24 05:46:35,018][dowhy.causal_identifier.auto_identifier][INFO] - Frontdoor variables for treatment and outcome:[]
[2026-04-24 05:46:35,018][dowhy.causal_model][INFO] - linear_regression
[2026-04-24 05:46:35,018][dowhy.causal_estimator][INFO] - INFO: Using Linear Regression Estimator
[2026-04-24 05:46:35,018][dowhy.causal_estimator][INFO] - b: X6~X5+X5*X3+X5*X2
[2026-04-24 05:46:35,026][dowhy.causal_model][INFO] - Model to find the causal effect of treatment ['X5'] on outcome ['X7']
[2026-04-24 05:46:35,026][dowhy.causal_identifier.auto_identifier][WARNING] - No directed path from treatment to outcome. Causal Effect is zero.
[2026-04-24 05:46:35,027][dowhy.causal_model][INFO] - linear_regression
[2026-04-24 05:46:35,027][dowhy.causal_estimator][INFO] - INFO: Using Linear Regression Estimator
[2026-04-24 05:46:35,027][dowhy.causal_estimator][WARNING] - No directed path from ['X5'] to ['X7'].
[2026-04-24 05:46:35,028][dowhy.causal_model][INFO] - Model to find the causal effect of treatment ['X5'] on outcome ['X8']
[2026-04-24 05:46:35,030][dowhy.causal_identifier.auto_identifier][INFO] - Causal effect can be identified.
[2026-04-24 05:46:35,031][dowhy.causal_identifier.auto_identifier][INFO] - Instrumental variables for treatment and outcome:['X1', 'X4']
[2026-04-24 05:46:35,032][dowhy.causal_identifier.auto_identifier][INFO] - Frontdoor variables for treatment and outcome:[]
[2026-04-24 05:46:35,032][dowhy.causal_model][INFO] - linear_regression
[2026-04-24 05:46:35,032][dowhy.causal_estimator][INFO] - INFO: Using Linear Regression Estimator
[2026-04-24 05:46:35,032][dowhy.causal_estimator][INFO] - b: X8~X5+X5*X2
[2026-04-24 05:46:35,040][dowhy.causal_model][INFO] - Model to find the causal effect of treatment ['X5'] on outcome ['X9']
[2026-04-24 05:46:35,042][dowhy.causal_identifier.auto_identifier][INFO] - Causal effect can be identified.
[2026-04-24 05:46:35,043][dowhy.causal_identifier.auto_identifier][INFO] - Instrumental variables for treatment and outcome:['X1', 'X4']
[2026-04-24 05:46:35,044][dowhy.causal_identifier.auto_identifier][INFO] - Frontdoor variables for treatment and outcome:[]
[2026-04-24 05:46:35,044][dowhy.causal_model][INFO] - linear_regression
[2026-04-24 05:46:35,044][dowhy.causal_estimator][INFO] - INFO: Using Linear Regression Estimator
[2026-04-24 05:46:35,044][dowhy.causal_estimator][INFO] - b: X9~X5+X5*X3+X5*X2
[2026-04-24 05:46:35,110][dowhy.causal_model][INFO] - Model to find the causal effect of treatment ['X6'] on outcome ['X0']
[2026-04-24 05:46:35,110][dowhy.causal_identifier.auto_identifier][WARNING] - No directed path from treatment to outcome. Causal Effect is zero.
[2026-04-24 05:46:35,110][dowhy.causal_model][INFO] - linear_regression
[2026-04-24 05:46:35,110][dowhy.causal_estimator][INFO] - INFO: Using Linear Regression Estimator
[2026-04-24 05:46:35,110][dowhy.causal_estimator][WARNING] - No directed path from ['X6'] to ['X0'].
[2026-04-24 05:46:35,112][dowhy.causal_model][INFO] - Model to find the causal effect of treatment ['X6'] on outcome ['X1']
[2026-04-24 05:46:35,112][dowhy.causal_identifier.auto_identifier][WARNING] - No directed path from treatment to outcome. Causal Effect is zero.
[2026-04-24 05:46:35,112][dowhy.causal_model][INFO] - linear_regression
[2026-04-24 05:46:35,112][dowhy.causal_estimator][INFO] - INFO: Using Linear Regression Estimator
[2026-04-24 05:46:35,112][dowhy.causal_estimator][WARNING] - No directed path from ['X6'] to ['X1'].
[2026-04-24 05:46:35,114][dowhy.causal_model][INFO] - Model to find the causal effect of treatment ['X6'] on outcome ['X2']
[2026-04-24 05:46:35,114][dowhy.causal_identifier.auto_identifier][WARNING] - No directed path from treatment to outcome. Causal Effect is zero.
[2026-04-24 05:46:35,114][dowhy.causal_model][INFO] - linear_regression
[2026-04-24 05:46:35,114][dowhy.causal_estimator][INFO] - INFO: Using Linear Regression Estimator
[2026-04-24 05:46:35,114][dowhy.causal_estimator][WARNING] - No directed path from ['X6'] to ['X2'].
[2026-04-24 05:46:35,116][dowhy.causal_model][INFO] - Model to find the causal effect of treatment ['X6'] on outcome ['X3']
[2026-04-24 05:46:35,116][dowhy.causal_identifier.auto_identifier][WARNING] - No directed path from treatment to outcome. Causal Effect is zero.
[2026-04-24 05:46:35,116][dowhy.causal_model][INFO] - linear_regression
[2026-04-24 05:46:35,116][dowhy.causal_estimator][INFO] - INFO: Using Linear Regression Estimator
[2026-04-24 05:46:35,116][dowhy.causal_estimator][WARNING] - No directed path from ['X6'] to ['X3'].
[2026-04-24 05:46:35,117][dowhy.causal_model][INFO] - Model to find the causal effect of treatment ['X6'] on outcome ['X4']
[2026-04-24 05:46:35,118][dowhy.causal_identifier.auto_identifier][WARNING] - No directed path from treatment to outcome. Causal Effect is zero.
[2026-04-24 05:46:35,118][dowhy.causal_model][INFO] - linear_regression
[2026-04-24 05:46:35,118][dowhy.causal_estimator][INFO] - INFO: Using Linear Regression Estimator
[2026-04-24 05:46:35,118][dowhy.causal_estimator][WARNING] - No directed path from ['X6'] to ['X4'].
[2026-04-24 05:46:35,119][dowhy.causal_model][INFO] - Model to find the causal effect of treatment ['X6'] on outcome ['X5']
[2026-04-24 05:46:35,119][dowhy.causal_identifier.auto_identifier][WARNING] - No directed path from treatment to outcome. Causal Effect is zero.
[2026-04-24 05:46:35,119][dowhy.causal_model][INFO] - linear_regression
[2026-04-24 05:46:35,119][dowhy.causal_estimator][INFO] - INFO: Using Linear Regression Estimator
[2026-04-24 05:46:35,120][dowhy.causal_estimator][WARNING] - No directed path from ['X6'] to ['X5'].
[2026-04-24 05:46:35,121][dowhy.causal_model][INFO] - Model to find the causal effect of treatment ['X6'] on outcome ['X7']
[2026-04-24 05:46:35,121][dowhy.causal_identifier.auto_identifier][WARNING] - No directed path from treatment to outcome. Causal Effect is zero.
[2026-04-24 05:46:35,121][dowhy.causal_model][INFO] - linear_regression
[2026-04-24 05:46:35,121][dowhy.causal_estimator][INFO] - INFO: Using Linear Regression Estimator
[2026-04-24 05:46:35,121][dowhy.causal_estimator][WARNING] - No directed path from ['X6'] to ['X7'].
[2026-04-24 05:46:35,123][dowhy.causal_model][INFO] - Model to find the causal effect of treatment ['X6'] on outcome ['X8']
[2026-04-24 05:46:35,123][dowhy.causal_identifier.auto_identifier][WARNING] - No directed path from treatment to outcome. Causal Effect is zero.
[2026-04-24 05:46:35,123][dowhy.causal_model][INFO] - linear_regression
[2026-04-24 05:46:35,123][dowhy.causal_estimator][INFO] - INFO: Using Linear Regression Estimator
[2026-04-24 05:46:35,123][dowhy.causal_estimator][WARNING] - No directed path from ['X6'] to ['X8'].
[2026-04-24 05:46:35,125][dowhy.causal_model][INFO] - Model to find the causal effect of treatment ['X6'] on outcome ['X9']
[2026-04-24 05:46:35,127][dowhy.causal_identifier.auto_identifier][INFO] - Causal effect can be identified.
[2026-04-24 05:46:35,127][dowhy.causal_identifier.auto_identifier][INFO] - Instrumental variables for treatment and outcome:['X2', 'X5']
[2026-04-24 05:46:35,128][dowhy.causal_identifier.auto_identifier][INFO] - Frontdoor variables for treatment and outcome:[]
[2026-04-24 05:46:35,128][dowhy.causal_model][INFO] - linear_regression
[2026-04-24 05:46:35,128][dowhy.causal_estimator][INFO] - INFO: Using Linear Regression Estimator
[2026-04-24 05:46:35,128][dowhy.causal_estimator][INFO] - b: X9~X6+X3
[2026-04-24 05:46:35,184][dowhy.causal_model][INFO] - Model to find the causal effect of treatment ['X7'] on outcome ['X0']
[2026-04-24 05:46:35,184][dowhy.causal_identifier.auto_identifier][WARNING] - No directed path from treatment to outcome. Causal Effect is zero.
[2026-04-24 05:46:35,184][dowhy.causal_model][INFO] - linear_regression
[2026-04-24 05:46:35,184][dowhy.causal_estimator][INFO] - INFO: Using Linear Regression Estimator
[2026-04-24 05:46:35,184][dowhy.causal_estimator][WARNING] - No directed path from ['X7'] to ['X0'].
[2026-04-24 05:46:35,186][dowhy.causal_model][INFO] - Model to find the causal effect of treatment ['X7'] on outcome ['X1']
[2026-04-24 05:46:35,186][dowhy.causal_identifier.auto_identifier][WARNING] - No directed path from treatment to outcome. Causal Effect is zero.
[2026-04-24 05:46:35,186][dowhy.causal_model][INFO] - linear_regression
[2026-04-24 05:46:35,186][dowhy.causal_estimator][INFO] - INFO: Using Linear Regression Estimator
[2026-04-24 05:46:35,186][dowhy.causal_estimator][WARNING] - No directed path from ['X7'] to ['X1'].
[2026-04-24 05:46:35,188][dowhy.causal_model][INFO] - Model to find the causal effect of treatment ['X7'] on outcome ['X2']
[2026-04-24 05:46:35,188][dowhy.causal_identifier.auto_identifier][WARNING] - No directed path from treatment to outcome. Causal Effect is zero.
[2026-04-24 05:46:35,188][dowhy.causal_model][INFO] - linear_regression
[2026-04-24 05:46:35,188][dowhy.causal_estimator][INFO] - INFO: Using Linear Regression Estimator
[2026-04-24 05:46:35,188][dowhy.causal_estimator][WARNING] - No directed path from ['X7'] to ['X2'].
[2026-04-24 05:46:35,190][dowhy.causal_model][INFO] - Model to find the causal effect of treatment ['X7'] on outcome ['X3']
[2026-04-24 05:46:35,190][dowhy.causal_identifier.auto_identifier][WARNING] - No directed path from treatment to outcome. Causal Effect is zero.
[2026-04-24 05:46:35,190][dowhy.causal_model][INFO] - linear_regression
[2026-04-24 05:46:35,190][dowhy.causal_estimator][INFO] - INFO: Using Linear Regression Estimator
[2026-04-24 05:46:35,190][dowhy.causal_estimator][WARNING] - No directed path from ['X7'] to ['X3'].
[2026-04-24 05:46:35,192][dowhy.causal_model][INFO] - Model to find the causal effect of treatment ['X7'] on outcome ['X4']
[2026-04-24 05:46:35,192][dowhy.causal_identifier.auto_identifier][WARNING] - No directed path from treatment to outcome. Causal Effect is zero.
[2026-04-24 05:46:35,192][dowhy.causal_model][INFO] - linear_regression
[2026-04-24 05:46:35,192][dowhy.causal_estimator][INFO] - INFO: Using Linear Regression Estimator
[2026-04-24 05:46:35,192][dowhy.causal_estimator][WARNING] - No directed path from ['X7'] to ['X4'].
[2026-04-24 05:46:35,193][dowhy.causal_model][INFO] - Model to find the causal effect of treatment ['X7'] on outcome ['X5']
[2026-04-24 05:46:35,193][dowhy.causal_identifier.auto_identifier][WARNING] - No directed path from treatment to outcome. Causal Effect is zero.
[2026-04-24 05:46:35,193][dowhy.causal_model][INFO] - linear_regression
[2026-04-24 05:46:35,193][dowhy.causal_estimator][INFO] - INFO: Using Linear Regression Estimator
[2026-04-24 05:46:35,194][dowhy.causal_estimator][WARNING] - No directed path from ['X7'] to ['X5'].
[2026-04-24 05:46:35,195][dowhy.causal_model][INFO] - Model to find the causal effect of treatment ['X7'] on outcome ['X6']
[2026-04-24 05:46:35,195][dowhy.causal_identifier.auto_identifier][WARNING] - No directed path from treatment to outcome. Causal Effect is zero.
[2026-04-24 05:46:35,195][dowhy.causal_model][INFO] - linear_regression
[2026-04-24 05:46:35,195][dowhy.causal_estimator][INFO] - INFO: Using Linear Regression Estimator
[2026-04-24 05:46:35,195][dowhy.causal_estimator][WARNING] - No directed path from ['X7'] to ['X6'].
[2026-04-24 05:46:35,197][dowhy.causal_model][INFO] - Model to find the causal effect of treatment ['X7'] on outcome ['X8']
[2026-04-24 05:46:35,197][dowhy.causal_identifier.auto_identifier][WARNING] - No directed path from treatment to outcome. Causal Effect is zero.
[2026-04-24 05:46:35,197][dowhy.causal_model][INFO] - linear_regression
[2026-04-24 05:46:35,197][dowhy.causal_estimator][INFO] - INFO: Using Linear Regression Estimator
[2026-04-24 05:46:35,197][dowhy.causal_estimator][WARNING] - No directed path from ['X7'] to ['X8'].
[2026-04-24 05:46:35,199][dowhy.causal_model][INFO] - Model to find the causal effect of treatment ['X7'] on outcome ['X9']
[2026-04-24 05:46:35,199][dowhy.causal_identifier.auto_identifier][WARNING] - No directed path from treatment to outcome. Causal Effect is zero.
[2026-04-24 05:46:35,199][dowhy.causal_model][INFO] - linear_regression
[2026-04-24 05:46:35,199][dowhy.causal_estimator][INFO] - INFO: Using Linear Regression Estimator
[2026-04-24 05:46:35,199][dowhy.causal_estimator][WARNING] - No directed path from ['X7'] to ['X9'].
[2026-04-24 05:46:35,249][dowhy.causal_model][INFO] - Model to find the causal effect of treatment ['X8'] on outcome ['X0']
[2026-04-24 05:46:35,249][dowhy.causal_identifier.auto_identifier][WARNING] - No directed path from treatment to outcome. Causal Effect is zero.
[2026-04-24 05:46:35,249][dowhy.causal_model][INFO] - linear_regression
[2026-04-24 05:46:35,249][dowhy.causal_estimator][INFO] - INFO: Using Linear Regression Estimator
[2026-04-24 05:46:35,249][dowhy.causal_estimator][WARNING] - No directed path from ['X8'] to ['X0'].
[2026-04-24 05:46:35,251][dowhy.causal_model][INFO] - Model to find the causal effect of treatment ['X8'] on outcome ['X1']
[2026-04-24 05:46:35,251][dowhy.causal_identifier.auto_identifier][WARNING] - No directed path from treatment to outcome. Causal Effect is zero.
[2026-04-24 05:46:35,251][dowhy.causal_model][INFO] - linear_regression
[2026-04-24 05:46:35,251][dowhy.causal_estimator][INFO] - INFO: Using Linear Regression Estimator
[2026-04-24 05:46:35,251][dowhy.causal_estimator][WARNING] - No directed path from ['X8'] to ['X1'].
[2026-04-24 05:46:35,253][dowhy.causal_model][INFO] - Model to find the causal effect of treatment ['X8'] on outcome ['X2']
[2026-04-24 05:46:35,254][dowhy.causal_identifier.auto_identifier][WARNING] - No directed path from treatment to outcome. Causal Effect is zero.
[2026-04-24 05:46:35,254][dowhy.causal_model][INFO] - linear_regression
[2026-04-24 05:46:35,254][dowhy.causal_estimator][INFO] - INFO: Using Linear Regression Estimator
[2026-04-24 05:46:35,254][dowhy.causal_estimator][WARNING] - No directed path from ['X8'] to ['X2'].
[2026-04-24 05:46:35,255][dowhy.causal_model][INFO] - Model to find the causal effect of treatment ['X8'] on outcome ['X3']
[2026-04-24 05:46:35,255][dowhy.causal_identifier.auto_identifier][WARNING] - No directed path from treatment to outcome. Causal Effect is zero.
[2026-04-24 05:46:35,256][dowhy.causal_model][INFO] - linear_regression
[2026-04-24 05:46:35,256][dowhy.causal_estimator][INFO] - INFO: Using Linear Regression Estimator
[2026-04-24 05:46:35,256][dowhy.causal_estimator][WARNING] - No directed path from ['X8'] to ['X3'].
[2026-04-24 05:46:35,257][dowhy.causal_model][INFO] - Model to find the causal effect of treatment ['X8'] on outcome ['X4']
[2026-04-24 05:46:35,257][dowhy.causal_identifier.auto_identifier][WARNING] - No directed path from treatment to outcome. Causal Effect is zero.
[2026-04-24 05:46:35,257][dowhy.causal_model][INFO] - linear_regression
[2026-04-24 05:46:35,258][dowhy.causal_estimator][INFO] - INFO: Using Linear Regression Estimator
[2026-04-24 05:46:35,258][dowhy.causal_estimator][WARNING] - No directed path from ['X8'] to ['X4'].
[2026-04-24 05:46:35,259][dowhy.causal_model][INFO] - Model to find the causal effect of treatment ['X8'] on outcome ['X5']
[2026-04-24 05:46:35,259][dowhy.causal_identifier.auto_identifier][WARNING] - No directed path from treatment to outcome. Causal Effect is zero.
[2026-04-24 05:46:35,259][dowhy.causal_model][INFO] - linear_regression
[2026-04-24 05:46:35,259][dowhy.causal_estimator][INFO] - INFO: Using Linear Regression Estimator
[2026-04-24 05:46:35,259][dowhy.causal_estimator][WARNING] - No directed path from ['X8'] to ['X5'].
[2026-04-24 05:46:35,261][dowhy.causal_model][INFO] - Model to find the causal effect of treatment ['X8'] on outcome ['X6']
[2026-04-24 05:46:35,261][dowhy.causal_identifier.auto_identifier][WARNING] - No directed path from treatment to outcome. Causal Effect is zero.
[2026-04-24 05:46:35,261][dowhy.causal_model][INFO] - linear_regression
[2026-04-24 05:46:35,261][dowhy.causal_estimator][INFO] - INFO: Using Linear Regression Estimator
[2026-04-24 05:46:35,261][dowhy.causal_estimator][WARNING] - No directed path from ['X8'] to ['X6'].
[2026-04-24 05:46:35,263][dowhy.causal_model][INFO] - Model to find the causal effect of treatment ['X8'] on outcome ['X7']
[2026-04-24 05:46:35,263][dowhy.causal_identifier.auto_identifier][WARNING] - No directed path from treatment to outcome. Causal Effect is zero.
[2026-04-24 05:46:35,263][dowhy.causal_model][INFO] - linear_regression
[2026-04-24 05:46:35,263][dowhy.causal_estimator][INFO] - INFO: Using Linear Regression Estimator
[2026-04-24 05:46:35,263][dowhy.causal_estimator][WARNING] - No directed path from ['X8'] to ['X7'].
[2026-04-24 05:46:35,265][dowhy.causal_model][INFO] - Model to find the causal effect of treatment ['X8'] on outcome ['X9']
[2026-04-24 05:46:35,265][dowhy.causal_identifier.auto_identifier][WARNING] - No directed path from treatment to outcome. Causal Effect is zero.
[2026-04-24 05:46:35,265][dowhy.causal_model][INFO] - linear_regression
[2026-04-24 05:46:35,265][dowhy.causal_estimator][INFO] - INFO: Using Linear Regression Estimator
[2026-04-24 05:46:35,265][dowhy.causal_estimator][WARNING] - No directed path from ['X8'] to ['X9'].
[2026-04-24 05:46:35,324][dowhy.causal_model][INFO] - Model to find the causal effect of treatment ['X9'] on outcome ['X0']
[2026-04-24 05:46:35,324][dowhy.causal_identifier.auto_identifier][WARNING] - No directed path from treatment to outcome. Causal Effect is zero.
[2026-04-24 05:46:35,324][dowhy.causal_model][INFO] - linear_regression
[2026-04-24 05:46:35,324][dowhy.causal_estimator][INFO] - INFO: Using Linear Regression Estimator
[2026-04-24 05:46:35,324][dowhy.causal_estimator][WARNING] - No directed path from ['X9'] to ['X0'].
[2026-04-24 05:46:35,326][dowhy.causal_model][INFO] - Model to find the causal effect of treatment ['X9'] on outcome ['X1']
[2026-04-24 05:46:35,326][dowhy.causal_identifier.auto_identifier][WARNING] - No directed path from treatment to outcome. Causal Effect is zero.
[2026-04-24 05:46:35,326][dowhy.causal_model][INFO] - linear_regression
[2026-04-24 05:46:35,326][dowhy.causal_estimator][INFO] - INFO: Using Linear Regression Estimator
[2026-04-24 05:46:35,326][dowhy.causal_estimator][WARNING] - No directed path from ['X9'] to ['X1'].
[2026-04-24 05:46:35,328][dowhy.causal_model][INFO] - Model to find the causal effect of treatment ['X9'] on outcome ['X2']
[2026-04-24 05:46:35,328][dowhy.causal_identifier.auto_identifier][WARNING] - No directed path from treatment to outcome. Causal Effect is zero.
[2026-04-24 05:46:35,328][dowhy.causal_model][INFO] - linear_regression
[2026-04-24 05:46:35,328][dowhy.causal_estimator][INFO] - INFO: Using Linear Regression Estimator
[2026-04-24 05:46:35,328][dowhy.causal_estimator][WARNING] - No directed path from ['X9'] to ['X2'].
[2026-04-24 05:46:35,330][dowhy.causal_model][INFO] - Model to find the causal effect of treatment ['X9'] on outcome ['X3']
[2026-04-24 05:46:35,330][dowhy.causal_identifier.auto_identifier][WARNING] - No directed path from treatment to outcome. Causal Effect is zero.
[2026-04-24 05:46:35,330][dowhy.causal_model][INFO] - linear_regression
[2026-04-24 05:46:35,330][dowhy.causal_estimator][INFO] - INFO: Using Linear Regression Estimator
[2026-04-24 05:46:35,330][dowhy.causal_estimator][WARNING] - No directed path from ['X9'] to ['X3'].
[2026-04-24 05:46:35,332][dowhy.causal_model][INFO] - Model to find the causal effect of treatment ['X9'] on outcome ['X4']
[2026-04-24 05:46:35,332][dowhy.causal_identifier.auto_identifier][WARNING] - No directed path from treatment to outcome. Causal Effect is zero.
[2026-04-24 05:46:35,332][dowhy.causal_model][INFO] - linear_regression
[2026-04-24 05:46:35,332][dowhy.causal_estimator][INFO] - INFO: Using Linear Regression Estimator
[2026-04-24 05:46:35,332][dowhy.causal_estimator][WARNING] - No directed path from ['X9'] to ['X4'].
[2026-04-24 05:46:35,334][dowhy.causal_model][INFO] - Model to find the causal effect of treatment ['X9'] on outcome ['X5']
[2026-04-24 05:46:35,334][dowhy.causal_identifier.auto_identifier][WARNING] - No directed path from treatment to outcome. Causal Effect is zero.
[2026-04-24 05:46:35,334][dowhy.causal_model][INFO] - linear_regression
[2026-04-24 05:46:35,334][dowhy.causal_estimator][INFO] - INFO: Using Linear Regression Estimator
[2026-04-24 05:46:35,334][dowhy.causal_estimator][WARNING] - No directed path from ['X9'] to ['X5'].
[2026-04-24 05:46:35,336][dowhy.causal_model][INFO] - Model to find the causal effect of treatment ['X9'] on outcome ['X6']
[2026-04-24 05:46:35,336][dowhy.causal_identifier.auto_identifier][WARNING] - No directed path from treatment to outcome. Causal Effect is zero.
[2026-04-24 05:46:35,336][dowhy.causal_model][INFO] - linear_regression
[2026-04-24 05:46:35,336][dowhy.causal_estimator][INFO] - INFO: Using Linear Regression Estimator
[2026-04-24 05:46:35,336][dowhy.causal_estimator][WARNING] - No directed path from ['X9'] to ['X6'].
[2026-04-24 05:46:35,337][dowhy.causal_model][INFO] - Model to find the causal effect of treatment ['X9'] on outcome ['X7']
[2026-04-24 05:46:35,337][dowhy.causal_identifier.auto_identifier][WARNING] - No directed path from treatment to outcome. Causal Effect is zero.
[2026-04-24 05:46:35,338][dowhy.causal_model][INFO] - linear_regression
[2026-04-24 05:46:35,338][dowhy.causal_estimator][INFO] - INFO: Using Linear Regression Estimator
[2026-04-24 05:46:35,338][dowhy.causal_estimator][WARNING] - No directed path from ['X9'] to ['X7'].
[2026-04-24 05:46:35,339][dowhy.causal_model][INFO] - Model to find the causal effect of treatment ['X9'] on outcome ['X8']
[2026-04-24 05:46:35,339][dowhy.causal_identifier.auto_identifier][WARNING] - No directed path from treatment to outcome. Causal Effect is zero.
[2026-04-24 05:46:35,339][dowhy.causal_model][INFO] - linear_regression
[2026-04-24 05:46:35,339][dowhy.causal_estimator][INFO] - INFO: Using Linear Regression Estimator
[2026-04-24 05:46:35,339][dowhy.causal_estimator][WARNING] - No directed path from ['X9'] to ['X8'].
[2026-04-24 05:46:35,419][dowhy.causal_model][INFO] - Model to find the causal effect of treatment ['X0'] on outcome ['X1']
[2026-04-24 05:46:35,419][dowhy.causal_identifier.auto_identifier][WARNING] - No directed path from treatment to outcome. Causal Effect is zero.
[2026-04-24 05:46:35,419][dowhy.causal_model][INFO] - linear_regression
[2026-04-24 05:46:35,419][dowhy.causal_estimator][INFO] - INFO: Using Linear Regression Estimator
[2026-04-24 05:46:35,419][dowhy.causal_estimator][WARNING] - No directed path from ['X0'] to ['X1'].
[2026-04-24 05:46:35,421][dowhy.causal_model][INFO] - Model to find the causal effect of treatment ['X0'] on outcome ['X2']
[2026-04-24 05:46:35,421][dowhy.causal_identifier.auto_identifier][WARNING] - No directed path from treatment to outcome. Causal Effect is zero.
[2026-04-24 05:46:35,421][dowhy.causal_model][INFO] - linear_regression
[2026-04-24 05:46:35,421][dowhy.causal_estimator][INFO] - INFO: Using Linear Regression Estimator
[2026-04-24 05:46:35,421][dowhy.causal_estimator][WARNING] - No directed path from ['X0'] to ['X2'].
[2026-04-24 05:46:35,423][dowhy.causal_model][INFO] - Model to find the causal effect of treatment ['X0'] on outcome ['X3']
[2026-04-24 05:46:35,423][dowhy.causal_identifier.auto_identifier][WARNING] - No directed path from treatment to outcome. Causal Effect is zero.
[2026-04-24 05:46:35,423][dowhy.causal_model][INFO] - linear_regression
[2026-04-24 05:46:35,423][dowhy.causal_estimator][INFO] - INFO: Using Linear Regression Estimator
[2026-04-24 05:46:35,423][dowhy.causal_estimator][WARNING] - No directed path from ['X0'] to ['X3'].
[2026-04-24 05:46:35,424][dowhy.causal_model][INFO] - Model to find the causal effect of treatment ['X0'] on outcome ['X4']
[2026-04-24 05:46:35,425][dowhy.causal_identifier.auto_identifier][INFO] - Causal effect can be identified.
[2026-04-24 05:46:35,426][dowhy.causal_identifier.auto_identifier][INFO] - Instrumental variables for treatment and outcome:[]
[2026-04-24 05:46:35,426][dowhy.causal_identifier.auto_identifier][INFO] - Frontdoor variables for treatment and outcome:[]
[2026-04-24 05:46:35,426][dowhy.causal_model][INFO] - linear_regression
[2026-04-24 05:46:35,426][dowhy.causal_estimator][INFO] - INFO: Using Linear Regression Estimator
[2026-04-24 05:46:35,426][dowhy.causal_estimator][INFO] - b: X4~X0+X0*X1
[2026-04-24 05:46:35,434][dowhy.causal_model][INFO] - Model to find the causal effect of treatment ['X0'] on outcome ['X5']
[2026-04-24 05:46:35,435][dowhy.causal_identifier.auto_identifier][INFO] - Causal effect can be identified.
[2026-04-24 05:46:35,435][dowhy.causal_identifier.auto_identifier][INFO] - Instrumental variables for treatment and outcome:[]
[2026-04-24 05:46:35,436][dowhy.causal_identifier.auto_identifier][INFO] - Frontdoor variables for treatment and outcome:[]
[2026-04-24 05:46:35,436][dowhy.causal_model][INFO] - linear_regression
[2026-04-24 05:46:35,436][dowhy.causal_estimator][INFO] - INFO: Using Linear Regression Estimator
[2026-04-24 05:46:35,436][dowhy.causal_estimator][INFO] - b: X5~X0+X0*X1
[2026-04-24 05:46:35,443][dowhy.causal_model][INFO] - Model to find the causal effect of treatment ['X0'] on outcome ['X6']
[2026-04-24 05:46:35,444][dowhy.causal_identifier.auto_identifier][INFO] - Causal effect can be identified.
[2026-04-24 05:46:35,445][dowhy.causal_identifier.auto_identifier][INFO] - Instrumental variables for treatment and outcome:[]
[2026-04-24 05:46:35,448][dowhy.causal_identifier.auto_identifier][INFO] - Frontdoor variables for treatment and outcome:['X7', 'X5', 'X4']
[2026-04-24 05:46:35,449][dowhy.causal_identifier.auto_identifier][INFO] - Causal effect can be identified.
[2026-04-24 05:46:35,450][dowhy.causal_identifier.auto_identifier][INFO] - Causal effect can be identified.
[2026-04-24 05:46:35,451][dowhy.causal_model][INFO] - linear_regression
[2026-04-24 05:46:35,451][dowhy.causal_estimator][INFO] - INFO: Using Linear Regression Estimator
[2026-04-24 05:46:35,451][dowhy.causal_estimator][INFO] - b: X6~X0+X0*X3+X0*X2+X0*X1
[2026-04-24 05:46:35,459][dowhy.causal_model][INFO] - Model to find the causal effect of treatment ['X0'] on outcome ['X7']
[2026-04-24 05:46:35,460][dowhy.causal_identifier.auto_identifier][INFO] - Causal effect can be identified.
[2026-04-24 05:46:35,460][dowhy.causal_identifier.auto_identifier][INFO] - Instrumental variables for treatment and outcome:[]
[2026-04-24 05:46:35,463][dowhy.causal_identifier.auto_identifier][INFO] - Frontdoor variables for treatment and outcome:[]
[2026-04-24 05:46:35,463][dowhy.causal_model][INFO] - linear_regression
[2026-04-24 05:46:35,463][dowhy.causal_estimator][INFO] - INFO: Using Linear Regression Estimator
[2026-04-24 05:46:35,463][dowhy.causal_estimator][INFO] - b: X7~X0+X0*X1
[2026-04-24 05:46:35,471][dowhy.causal_model][INFO] - Model to find the causal effect of treatment ['X0'] on outcome ['X8']
[2026-04-24 05:46:35,472][dowhy.causal_identifier.auto_identifier][INFO] - Causal effect can be identified.
[2026-04-24 05:46:35,472][dowhy.causal_identifier.auto_identifier][INFO] - Instrumental variables for treatment and outcome:[]
[2026-04-24 05:46:35,476][dowhy.causal_identifier.auto_identifier][INFO] - Frontdoor variables for treatment and outcome:['X7', 'X5', 'X4']
[2026-04-24 05:46:35,477][dowhy.causal_identifier.auto_identifier][INFO] - Causal effect can be identified.
[2026-04-24 05:46:35,479][dowhy.causal_identifier.auto_identifier][INFO] - Causal effect can be identified.
[2026-04-24 05:46:35,479][dowhy.causal_model][INFO] - linear_regression
[2026-04-24 05:46:35,479][dowhy.causal_estimator][INFO] - INFO: Using Linear Regression Estimator
[2026-04-24 05:46:35,480][dowhy.causal_estimator][INFO] - b: X8~X0+X0*X2+X0*X1
[2026-04-24 05:46:35,489][dowhy.causal_model][INFO] - Model to find the causal effect of treatment ['X0'] on outcome ['X9']
[2026-04-24 05:46:35,490][dowhy.causal_identifier.auto_identifier][INFO] - Causal effect can be identified.
[2026-04-24 05:46:35,491][dowhy.causal_identifier.auto_identifier][INFO] - Instrumental variables for treatment and outcome:[]
[2026-04-24 05:46:35,494][dowhy.causal_identifier.auto_identifier][INFO] - Frontdoor variables for treatment and outcome:['X7', 'X5', 'X4']
[2026-04-24 05:46:35,495][dowhy.causal_identifier.auto_identifier][INFO] - Causal effect can be identified.
[2026-04-24 05:46:35,497][dowhy.causal_identifier.auto_identifier][INFO] - Causal effect can be identified.
[2026-04-24 05:46:35,498][dowhy.causal_model][INFO] - linear_regression
[2026-04-24 05:46:35,498][dowhy.causal_estimator][INFO] - INFO: Using Linear Regression Estimator
[2026-04-24 05:46:35,498][dowhy.causal_estimator][INFO] - b: X9~X0+X0*X3+X0*X2+X0*X1
[2026-04-24 05:46:35,566][dowhy.causal_model][INFO] - Model to find the causal effect of treatment ['X1'] on outcome ['X0']
[2026-04-24 05:46:35,566][dowhy.causal_identifier.auto_identifier][WARNING] - No directed path from treatment to outcome. Causal Effect is zero.
[2026-04-24 05:46:35,566][dowhy.causal_model][INFO] - linear_regression
[2026-04-24 05:46:35,566][dowhy.causal_estimator][INFO] - INFO: Using Linear Regression Estimator
[2026-04-24 05:46:35,566][dowhy.causal_estimator][WARNING] - No directed path from ['X1'] to ['X0'].
[2026-04-24 05:46:35,568][dowhy.causal_model][INFO] - Model to find the causal effect of treatment ['X1'] on outcome ['X2']
[2026-04-24 05:46:35,568][dowhy.causal_identifier.auto_identifier][WARNING] - No directed path from treatment to outcome. Causal Effect is zero.
[2026-04-24 05:46:35,568][dowhy.causal_model][INFO] - linear_regression
[2026-04-24 05:46:35,569][dowhy.causal_estimator][INFO] - INFO: Using Linear Regression Estimator
[2026-04-24 05:46:35,569][dowhy.causal_estimator][WARNING] - No directed path from ['X1'] to ['X2'].
[2026-04-24 05:46:35,571][dowhy.causal_model][INFO] - Model to find the causal effect of treatment ['X1'] on outcome ['X3']
[2026-04-24 05:46:35,571][dowhy.causal_identifier.auto_identifier][WARNING] - No directed path from treatment to outcome. Causal Effect is zero.
[2026-04-24 05:46:35,571][dowhy.causal_model][INFO] - linear_regression
[2026-04-24 05:46:35,571][dowhy.causal_estimator][INFO] - INFO: Using Linear Regression Estimator
[2026-04-24 05:46:35,571][dowhy.causal_estimator][WARNING] - No directed path from ['X1'] to ['X3'].
[2026-04-24 05:46:35,573][dowhy.causal_model][INFO] - Model to find the causal effect of treatment ['X1'] on outcome ['X4']
[2026-04-24 05:46:35,573][dowhy.causal_identifier.auto_identifier][INFO] - Causal effect can be identified.
[2026-04-24 05:46:35,574][dowhy.causal_identifier.auto_identifier][INFO] - Instrumental variables for treatment and outcome:[]
[2026-04-24 05:46:35,574][dowhy.causal_identifier.auto_identifier][INFO] - Frontdoor variables for treatment and outcome:[]
[2026-04-24 05:46:35,574][dowhy.causal_model][INFO] - linear_regression
[2026-04-24 05:46:35,574][dowhy.causal_estimator][INFO] - INFO: Using Linear Regression Estimator
[2026-04-24 05:46:35,575][dowhy.causal_estimator][INFO] - b: X4~X1+X1*X0
[2026-04-24 05:46:35,582][dowhy.causal_model][INFO] - Model to find the causal effect of treatment ['X1'] on outcome ['X5']
[2026-04-24 05:46:35,583][dowhy.causal_identifier.auto_identifier][INFO] - Causal effect can be identified.
[2026-04-24 05:46:35,584][dowhy.causal_identifier.auto_identifier][INFO] - Instrumental variables for treatment and outcome:[]
[2026-04-24 05:46:35,584][dowhy.causal_identifier.auto_identifier][INFO] - Frontdoor variables for treatment and outcome:[]
[2026-04-24 05:46:35,584][dowhy.causal_model][INFO] - linear_regression
[2026-04-24 05:46:35,584][dowhy.causal_estimator][INFO] - INFO: Using Linear Regression Estimator
[2026-04-24 05:46:35,584][dowhy.causal_estimator][INFO] - b: X5~X1+X1*X0
[2026-04-24 05:46:35,592][dowhy.causal_model][INFO] - Model to find the causal effect of treatment ['X1'] on outcome ['X6']
[2026-04-24 05:46:35,593][dowhy.causal_identifier.auto_identifier][INFO] - Causal effect can be identified.
[2026-04-24 05:46:35,594][dowhy.causal_identifier.auto_identifier][INFO] - Instrumental variables for treatment and outcome:[]
[2026-04-24 05:46:35,596][dowhy.causal_identifier.auto_identifier][INFO] - Frontdoor variables for treatment and outcome:['X5', 'X7', 'X4']
[2026-04-24 05:46:35,597][dowhy.causal_identifier.auto_identifier][INFO] - Causal effect can be identified.
[2026-04-24 05:46:35,599][dowhy.causal_identifier.auto_identifier][INFO] - Causal effect can be identified.
[2026-04-24 05:46:35,600][dowhy.causal_model][INFO] - linear_regression
[2026-04-24 05:46:35,600][dowhy.causal_estimator][INFO] - INFO: Using Linear Regression Estimator
[2026-04-24 05:46:35,600][dowhy.causal_estimator][INFO] - b: X6~X1+X1*X3+X1*X0+X1*X2
[2026-04-24 05:46:35,607][dowhy.causal_model][INFO] - Model to find the causal effect of treatment ['X1'] on outcome ['X7']
[2026-04-24 05:46:35,608][dowhy.causal_identifier.auto_identifier][INFO] - Causal effect can be identified.
[2026-04-24 05:46:35,609][dowhy.causal_identifier.auto_identifier][INFO] - Instrumental variables for treatment and outcome:[]
[2026-04-24 05:46:35,611][dowhy.causal_identifier.auto_identifier][INFO] - Frontdoor variables for treatment and outcome:[]
[2026-04-24 05:46:35,611][dowhy.causal_model][INFO] - linear_regression
[2026-04-24 05:46:35,611][dowhy.causal_estimator][INFO] - INFO: Using Linear Regression Estimator
[2026-04-24 05:46:35,612][dowhy.causal_estimator][INFO] - b: X7~X1+X1*X0
[2026-04-24 05:46:35,619][dowhy.causal_model][INFO] - Model to find the causal effect of treatment ['X1'] on outcome ['X8']
[2026-04-24 05:46:35,620][dowhy.causal_identifier.auto_identifier][INFO] - Causal effect can be identified.
[2026-04-24 05:46:35,621][dowhy.causal_identifier.auto_identifier][INFO] - Instrumental variables for treatment and outcome:[]
[2026-04-24 05:46:35,624][dowhy.causal_identifier.auto_identifier][INFO] - Frontdoor variables for treatment and outcome:['X5', 'X7', 'X4']
[2026-04-24 05:46:35,625][dowhy.causal_identifier.auto_identifier][INFO] - Causal effect can be identified.
[2026-04-24 05:46:35,627][dowhy.causal_identifier.auto_identifier][INFO] - Causal effect can be identified.
[2026-04-24 05:46:35,627][dowhy.causal_model][INFO] - linear_regression
[2026-04-24 05:46:35,627][dowhy.causal_estimator][INFO] - INFO: Using Linear Regression Estimator
[2026-04-24 05:46:35,627][dowhy.causal_estimator][INFO] - b: X8~X1+X1*X0+X1*X2
[2026-04-24 05:46:35,635][dowhy.causal_model][INFO] - Model to find the causal effect of treatment ['X1'] on outcome ['X9']
[2026-04-24 05:46:35,636][dowhy.causal_identifier.auto_identifier][INFO] - Causal effect can be identified.
[2026-04-24 05:46:35,636][dowhy.causal_identifier.auto_identifier][INFO] - Instrumental variables for treatment and outcome:[]
[2026-04-24 05:46:35,640][dowhy.causal_identifier.auto_identifier][INFO] - Frontdoor variables for treatment and outcome:['X5', 'X7', 'X4']
[2026-04-24 05:46:35,641][dowhy.causal_identifier.auto_identifier][INFO] - Causal effect can be identified.
[2026-04-24 05:46:35,642][dowhy.causal_identifier.auto_identifier][INFO] - Causal effect can be identified.
[2026-04-24 05:46:35,643][dowhy.causal_model][INFO] - linear_regression
[2026-04-24 05:46:35,643][dowhy.causal_estimator][INFO] - INFO: Using Linear Regression Estimator
[2026-04-24 05:46:35,643][dowhy.causal_estimator][INFO] - b: X9~X1+X1*X3+X1*X0+X1*X2
[2026-04-24 05:46:35,703][dowhy.causal_model][INFO] - Model to find the causal effect of treatment ['X2'] on outcome ['X0']
[2026-04-24 05:46:35,703][dowhy.causal_identifier.auto_identifier][WARNING] - No directed path from treatment to outcome. Causal Effect is zero.
[2026-04-24 05:46:35,703][dowhy.causal_model][INFO] - linear_regression
[2026-04-24 05:46:35,703][dowhy.causal_estimator][INFO] - INFO: Using Linear Regression Estimator
[2026-04-24 05:46:35,703][dowhy.causal_estimator][WARNING] - No directed path from ['X2'] to ['X0'].
[2026-04-24 05:46:35,705][dowhy.causal_model][INFO] - Model to find the causal effect of treatment ['X2'] on outcome ['X1']
[2026-04-24 05:46:35,706][dowhy.causal_identifier.auto_identifier][WARNING] - No directed path from treatment to outcome. Causal Effect is zero.
[2026-04-24 05:46:35,706][dowhy.causal_model][INFO] - linear_regression
[2026-04-24 05:46:35,706][dowhy.causal_estimator][INFO] - INFO: Using Linear Regression Estimator
[2026-04-24 05:46:35,706][dowhy.causal_estimator][WARNING] - No directed path from ['X2'] to ['X1'].
[2026-04-24 05:46:35,708][dowhy.causal_model][INFO] - Model to find the causal effect of treatment ['X2'] on outcome ['X3']
[2026-04-24 05:46:35,708][dowhy.causal_identifier.auto_identifier][WARNING] - No directed path from treatment to outcome. Causal Effect is zero.
[2026-04-24 05:46:35,708][dowhy.causal_model][INFO] - linear_regression
[2026-04-24 05:46:35,708][dowhy.causal_estimator][INFO] - INFO: Using Linear Regression Estimator
[2026-04-24 05:46:35,708][dowhy.causal_estimator][WARNING] - No directed path from ['X2'] to ['X3'].
[2026-04-24 05:46:35,710][dowhy.causal_model][INFO] - Model to find the causal effect of treatment ['X2'] on outcome ['X4']
[2026-04-24 05:46:35,710][dowhy.causal_identifier.auto_identifier][WARNING] - No directed path from treatment to outcome. Causal Effect is zero.
[2026-04-24 05:46:35,710][dowhy.causal_model][INFO] - linear_regression
[2026-04-24 05:46:35,710][dowhy.causal_estimator][INFO] - INFO: Using Linear Regression Estimator
[2026-04-24 05:46:35,710][dowhy.causal_estimator][WARNING] - No directed path from ['X2'] to ['X4'].
[2026-04-24 05:46:35,712][dowhy.causal_model][INFO] - Model to find the causal effect of treatment ['X2'] on outcome ['X5']
[2026-04-24 05:46:35,712][dowhy.causal_identifier.auto_identifier][WARNING] - No directed path from treatment to outcome. Causal Effect is zero.
[2026-04-24 05:46:35,712][dowhy.causal_model][INFO] - linear_regression
[2026-04-24 05:46:35,712][dowhy.causal_estimator][INFO] - INFO: Using Linear Regression Estimator
[2026-04-24 05:46:35,712][dowhy.causal_estimator][WARNING] - No directed path from ['X2'] to ['X5'].
[2026-04-24 05:46:35,714][dowhy.causal_model][INFO] - Model to find the causal effect of treatment ['X2'] on outcome ['X6']
[2026-04-24 05:46:35,715][dowhy.causal_identifier.auto_identifier][INFO] - Causal effect can be identified.
[2026-04-24 05:46:35,716][dowhy.causal_identifier.auto_identifier][INFO] - Instrumental variables for treatment and outcome:[]
[2026-04-24 05:46:35,716][dowhy.causal_identifier.auto_identifier][INFO] - Frontdoor variables for treatment and outcome:[]
[2026-04-24 05:46:35,717][dowhy.causal_model][INFO] - linear_regression
[2026-04-24 05:46:35,717][dowhy.causal_estimator][INFO] - INFO: Using Linear Regression Estimator
[2026-04-24 05:46:35,717][dowhy.causal_estimator][INFO] - b: X6~X2+X2*X3+X2*X5+X2*X4+X2*X1+X2*X0
[2026-04-24 05:46:35,726][dowhy.causal_model][INFO] - Model to find the causal effect of treatment ['X2'] on outcome ['X7']
[2026-04-24 05:46:35,726][dowhy.causal_identifier.auto_identifier][WARNING] - No directed path from treatment to outcome. Causal Effect is zero.
[2026-04-24 05:46:35,726][dowhy.causal_model][INFO] - linear_regression
[2026-04-24 05:46:35,726][dowhy.causal_estimator][INFO] - INFO: Using Linear Regression Estimator
[2026-04-24 05:46:35,726][dowhy.causal_estimator][WARNING] - No directed path from ['X2'] to ['X7'].
[2026-04-24 05:46:35,728][dowhy.causal_model][INFO] - Model to find the causal effect of treatment ['X2'] on outcome ['X8']
[2026-04-24 05:46:35,730][dowhy.causal_identifier.auto_identifier][INFO] - Causal effect can be identified.
[2026-04-24 05:46:35,730][dowhy.causal_identifier.auto_identifier][INFO] - Instrumental variables for treatment and outcome:[]
[2026-04-24 05:46:35,731][dowhy.causal_identifier.auto_identifier][INFO] - Frontdoor variables for treatment and outcome:[]
[2026-04-24 05:46:35,731][dowhy.causal_model][INFO] - linear_regression
[2026-04-24 05:46:35,731][dowhy.causal_estimator][INFO] - INFO: Using Linear Regression Estimator
[2026-04-24 05:46:35,731][dowhy.causal_estimator][INFO] - b: X8~X2+X2*X1+X2*X0+X2*X5+X2*X4
[2026-04-24 05:46:35,740][dowhy.causal_model][INFO] - Model to find the causal effect of treatment ['X2'] on outcome ['X9']
[2026-04-24 05:46:35,742][dowhy.causal_identifier.auto_identifier][INFO] - Causal effect can be identified.
[2026-04-24 05:46:35,742][dowhy.causal_identifier.auto_identifier][INFO] - Instrumental variables for treatment and outcome:[]
[2026-04-24 05:46:35,743][dowhy.causal_identifier.auto_identifier][INFO] - Frontdoor variables for treatment and outcome:[]
[2026-04-24 05:46:35,743][dowhy.causal_model][INFO] - linear_regression
[2026-04-24 05:46:35,743][dowhy.causal_estimator][INFO] - INFO: Using Linear Regression Estimator
[2026-04-24 05:46:35,743][dowhy.causal_estimator][INFO] - b: X9~X2+X2*X3+X2*X5+X2*X4+X2*X1+X2*X0
[2026-04-24 05:46:35,808][dowhy.causal_model][INFO] - Model to find the causal effect of treatment ['X3'] on outcome ['X0']
[2026-04-24 05:46:35,808][dowhy.causal_identifier.auto_identifier][WARNING] - No directed path from treatment to outcome. Causal Effect is zero.
[2026-04-24 05:46:35,808][dowhy.causal_model][INFO] - linear_regression
[2026-04-24 05:46:35,808][dowhy.causal_estimator][INFO] - INFO: Using Linear Regression Estimator
[2026-04-24 05:46:35,808][dowhy.causal_estimator][WARNING] - No directed path from ['X3'] to ['X0'].
[2026-04-24 05:46:35,810][dowhy.causal_model][INFO] - Model to find the causal effect of treatment ['X3'] on outcome ['X1']
[2026-04-24 05:46:35,810][dowhy.causal_identifier.auto_identifier][WARNING] - No directed path from treatment to outcome. Causal Effect is zero.
[2026-04-24 05:46:35,810][dowhy.causal_model][INFO] - linear_regression
[2026-04-24 05:46:35,810][dowhy.causal_estimator][INFO] - INFO: Using Linear Regression Estimator
[2026-04-24 05:46:35,810][dowhy.causal_estimator][WARNING] - No directed path from ['X3'] to ['X1'].
[2026-04-24 05:46:35,812][dowhy.causal_model][INFO] - Model to find the causal effect of treatment ['X3'] on outcome ['X2']
[2026-04-24 05:46:35,812][dowhy.causal_identifier.auto_identifier][WARNING] - No directed path from treatment to outcome. Causal Effect is zero.
[2026-04-24 05:46:35,812][dowhy.causal_model][INFO] - linear_regression
[2026-04-24 05:46:35,812][dowhy.causal_estimator][INFO] - INFO: Using Linear Regression Estimator
[2026-04-24 05:46:35,812][dowhy.causal_estimator][WARNING] - No directed path from ['X3'] to ['X2'].
[2026-04-24 05:46:35,814][dowhy.causal_model][INFO] - Model to find the causal effect of treatment ['X3'] on outcome ['X4']
[2026-04-24 05:46:35,814][dowhy.causal_identifier.auto_identifier][WARNING] - No directed path from treatment to outcome. Causal Effect is zero.
[2026-04-24 05:46:35,814][dowhy.causal_model][INFO] - linear_regression
[2026-04-24 05:46:35,814][dowhy.causal_estimator][INFO] - INFO: Using Linear Regression Estimator
[2026-04-24 05:46:35,814][dowhy.causal_estimator][WARNING] - No directed path from ['X3'] to ['X4'].
[2026-04-24 05:46:35,816][dowhy.causal_model][INFO] - Model to find the causal effect of treatment ['X3'] on outcome ['X5']
[2026-04-24 05:46:35,816][dowhy.causal_identifier.auto_identifier][WARNING] - No directed path from treatment to outcome. Causal Effect is zero.
[2026-04-24 05:46:35,816][dowhy.causal_model][INFO] - linear_regression
[2026-04-24 05:46:35,816][dowhy.causal_estimator][INFO] - INFO: Using Linear Regression Estimator
[2026-04-24 05:46:35,816][dowhy.causal_estimator][WARNING] - No directed path from ['X3'] to ['X5'].
[2026-04-24 05:46:35,818][dowhy.causal_model][INFO] - Model to find the causal effect of treatment ['X3'] on outcome ['X6']
[2026-04-24 05:46:35,820][dowhy.causal_identifier.auto_identifier][INFO] - Causal effect can be identified.
[2026-04-24 05:46:35,821][dowhy.causal_identifier.auto_identifier][INFO] - Instrumental variables for treatment and outcome:[]
[2026-04-24 05:46:35,821][dowhy.causal_identifier.auto_identifier][INFO] - Frontdoor variables for treatment and outcome:[]
[2026-04-24 05:46:35,821][dowhy.causal_model][INFO] - linear_regression
[2026-04-24 05:46:35,821][dowhy.causal_estimator][INFO] - INFO: Using Linear Regression Estimator
[2026-04-24 05:46:35,821][dowhy.causal_estimator][INFO] - b: X6~X3+X3*X2+X3*X5+X3*X4+X3*X1+X3*X0
[2026-04-24 05:46:35,829][dowhy.causal_model][INFO] - Model to find the causal effect of treatment ['X3'] on outcome ['X7']
[2026-04-24 05:46:35,829][dowhy.causal_identifier.auto_identifier][WARNING] - No directed path from treatment to outcome. Causal Effect is zero.
[2026-04-24 05:46:35,829][dowhy.causal_model][INFO] - linear_regression
[2026-04-24 05:46:35,829][dowhy.causal_estimator][INFO] - INFO: Using Linear Regression Estimator
[2026-04-24 05:46:35,829][dowhy.causal_estimator][WARNING] - No directed path from ['X3'] to ['X7'].
[2026-04-24 05:46:35,831][dowhy.causal_model][INFO] - Model to find the causal effect of treatment ['X3'] on outcome ['X8']
[2026-04-24 05:46:35,831][dowhy.causal_identifier.auto_identifier][WARNING] - No directed path from treatment to outcome. Causal Effect is zero.
[2026-04-24 05:46:35,831][dowhy.causal_model][INFO] - linear_regression
[2026-04-24 05:46:35,831][dowhy.causal_estimator][INFO] - INFO: Using Linear Regression Estimator
[2026-04-24 05:46:35,831][dowhy.causal_estimator][WARNING] - No directed path from ['X3'] to ['X8'].
[2026-04-24 05:46:35,833][dowhy.causal_model][INFO] - Model to find the causal effect of treatment ['X3'] on outcome ['X9']
[2026-04-24 05:46:35,835][dowhy.causal_identifier.auto_identifier][INFO] - Causal effect can be identified.
[2026-04-24 05:46:35,836][dowhy.causal_identifier.auto_identifier][INFO] - Instrumental variables for treatment and outcome:[]
[2026-04-24 05:46:35,836][dowhy.causal_identifier.auto_identifier][INFO] - Frontdoor variables for treatment and outcome:[]
[2026-04-24 05:46:35,836][dowhy.causal_model][INFO] - linear_regression
[2026-04-24 05:46:35,836][dowhy.causal_estimator][INFO] - INFO: Using Linear Regression Estimator
[2026-04-24 05:46:35,836][dowhy.causal_estimator][INFO] - b: X9~X3+X3*X2+X3*X5+X3*X4+X3*X1+X3*X0
[2026-04-24 05:46:35,895][dowhy.causal_model][INFO] - Model to find the causal effect of treatment ['X4'] on outcome ['X0']
[2026-04-24 05:46:35,895][dowhy.causal_identifier.auto_identifier][WARNING] - No directed path from treatment to outcome. Causal Effect is zero.
[2026-04-24 05:46:35,895][dowhy.causal_model][INFO] - linear_regression
[2026-04-24 05:46:35,895][dowhy.causal_estimator][INFO] - INFO: Using Linear Regression Estimator
[2026-04-24 05:46:35,895][dowhy.causal_estimator][WARNING] - No directed path from ['X4'] to ['X0'].
[2026-04-24 05:46:35,896][dowhy.causal_model][INFO] - Model to find the causal effect of treatment ['X4'] on outcome ['X1']
[2026-04-24 05:46:35,897][dowhy.causal_identifier.auto_identifier][WARNING] - No directed path from treatment to outcome. Causal Effect is zero.
[2026-04-24 05:46:35,897][dowhy.causal_model][INFO] - linear_regression
[2026-04-24 05:46:35,897][dowhy.causal_estimator][INFO] - INFO: Using Linear Regression Estimator
[2026-04-24 05:46:35,897][dowhy.causal_estimator][WARNING] - No directed path from ['X4'] to ['X1'].
[2026-04-24 05:46:35,898][dowhy.causal_model][INFO] - Model to find the causal effect of treatment ['X4'] on outcome ['X2']
[2026-04-24 05:46:35,898][dowhy.causal_identifier.auto_identifier][WARNING] - No directed path from treatment to outcome. Causal Effect is zero.
[2026-04-24 05:46:35,898][dowhy.causal_model][INFO] - linear_regression
[2026-04-24 05:46:35,898][dowhy.causal_estimator][INFO] - INFO: Using Linear Regression Estimator
[2026-04-24 05:46:35,899][dowhy.causal_estimator][WARNING] - No directed path from ['X4'] to ['X2'].
[2026-04-24 05:46:35,900][dowhy.causal_model][INFO] - Model to find the causal effect of treatment ['X4'] on outcome ['X3']
[2026-04-24 05:46:35,900][dowhy.causal_identifier.auto_identifier][WARNING] - No directed path from treatment to outcome. Causal Effect is zero.
[2026-04-24 05:46:35,900][dowhy.causal_model][INFO] - linear_regression
[2026-04-24 05:46:35,900][dowhy.causal_estimator][INFO] - INFO: Using Linear Regression Estimator
[2026-04-24 05:46:35,900][dowhy.causal_estimator][WARNING] - No directed path from ['X4'] to ['X3'].
[2026-04-24 05:46:35,902][dowhy.causal_model][INFO] - Model to find the causal effect of treatment ['X4'] on outcome ['X5']
[2026-04-24 05:46:35,903][dowhy.causal_identifier.auto_identifier][INFO] - Causal effect can be identified.
[2026-04-24 05:46:35,903][dowhy.causal_identifier.auto_identifier][INFO] - Instrumental variables for treatment and outcome:['X0']
[2026-04-24 05:46:35,904][dowhy.causal_identifier.auto_identifier][INFO] - Frontdoor variables for treatment and outcome:[]
[2026-04-24 05:46:35,904][dowhy.causal_model][INFO] - linear_regression
[2026-04-24 05:46:35,904][dowhy.causal_estimator][INFO] - INFO: Using Linear Regression Estimator
[2026-04-24 05:46:35,904][dowhy.causal_estimator][INFO] - b: X5~X4+X1
[2026-04-24 05:46:35,912][dowhy.causal_model][INFO] - Model to find the causal effect of treatment ['X4'] on outcome ['X6']
[2026-04-24 05:46:35,914][dowhy.causal_identifier.auto_identifier][INFO] - Causal effect can be identified.
[2026-04-24 05:46:35,914][dowhy.causal_identifier.auto_identifier][INFO] - Instrumental variables for treatment and outcome:['X0']
[2026-04-24 05:46:35,916][dowhy.causal_identifier.auto_identifier][INFO] - Frontdoor variables for treatment and outcome:[]
[2026-04-24 05:46:35,916][dowhy.causal_model][INFO] - linear_regression
[2026-04-24 05:46:35,916][dowhy.causal_estimator][INFO] - INFO: Using Linear Regression Estimator
[2026-04-24 05:46:35,916][dowhy.causal_estimator][INFO] - b: X6~X4+X1+X4*X3+X4*X2
[2026-04-24 05:46:35,925][dowhy.causal_model][INFO] - Model to find the causal effect of treatment ['X4'] on outcome ['X7']
[2026-04-24 05:46:35,927][dowhy.causal_identifier.auto_identifier][INFO] - Causal effect can be identified.
[2026-04-24 05:46:35,927][dowhy.causal_identifier.auto_identifier][INFO] - Instrumental variables for treatment and outcome:['X1']
[2026-04-24 05:46:35,929][dowhy.causal_identifier.auto_identifier][INFO] - Frontdoor variables for treatment and outcome:[]
[2026-04-24 05:46:35,929][dowhy.causal_model][INFO] - linear_regression
[2026-04-24 05:46:35,929][dowhy.causal_estimator][INFO] - INFO: Using Linear Regression Estimator
[2026-04-24 05:46:35,929][dowhy.causal_estimator][INFO] - b: X7~X4+X0
[2026-04-24 05:46:35,938][dowhy.causal_model][INFO] - Model to find the causal effect of treatment ['X4'] on outcome ['X8']
[2026-04-24 05:46:35,939][dowhy.causal_identifier.auto_identifier][INFO] - Causal effect can be identified.
[2026-04-24 05:46:35,939][dowhy.causal_identifier.auto_identifier][INFO] - Instrumental variables for treatment and outcome:['X0']
[2026-04-24 05:46:35,942][dowhy.causal_identifier.auto_identifier][INFO] - Frontdoor variables for treatment and outcome:[]
[2026-04-24 05:46:35,942][dowhy.causal_model][INFO] - linear_regression
[2026-04-24 05:46:35,942][dowhy.causal_estimator][INFO] - INFO: Using Linear Regression Estimator
[2026-04-24 05:46:35,943][dowhy.causal_estimator][INFO] - b: X8~X4+X1+X4*X2
[2026-04-24 05:46:35,952][dowhy.causal_model][INFO] - Model to find the causal effect of treatment ['X4'] on outcome ['X9']
[2026-04-24 05:46:35,953][dowhy.causal_identifier.auto_identifier][INFO] - Causal effect can be identified.
[2026-04-24 05:46:35,954][dowhy.causal_identifier.auto_identifier][INFO] - Instrumental variables for treatment and outcome:['X0']
[2026-04-24 05:46:35,956][dowhy.causal_identifier.auto_identifier][INFO] - Frontdoor variables for treatment and outcome:[]
[2026-04-24 05:46:35,956][dowhy.causal_model][INFO] - linear_regression
[2026-04-24 05:46:35,957][dowhy.causal_estimator][INFO] - INFO: Using Linear Regression Estimator
[2026-04-24 05:46:35,957][dowhy.causal_estimator][INFO] - b: X9~X4+X1+X4*X3+X4*X2
[2026-04-24 05:46:36,021][dowhy.causal_model][INFO] - Model to find the causal effect of treatment ['X5'] on outcome ['X0']
[2026-04-24 05:46:36,021][dowhy.causal_identifier.auto_identifier][WARNING] - No directed path from treatment to outcome. Causal Effect is zero.
[2026-04-24 05:46:36,021][dowhy.causal_model][INFO] - linear_regression
[2026-04-24 05:46:36,021][dowhy.causal_estimator][INFO] - INFO: Using Linear Regression Estimator
[2026-04-24 05:46:36,021][dowhy.causal_estimator][WARNING] - No directed path from ['X5'] to ['X0'].
[2026-04-24 05:46:36,023][dowhy.causal_model][INFO] - Model to find the causal effect of treatment ['X5'] on outcome ['X1']
[2026-04-24 05:46:36,023][dowhy.causal_identifier.auto_identifier][WARNING] - No directed path from treatment to outcome. Causal Effect is zero.
[2026-04-24 05:46:36,023][dowhy.causal_model][INFO] - linear_regression
[2026-04-24 05:46:36,023][dowhy.causal_estimator][INFO] - INFO: Using Linear Regression Estimator
[2026-04-24 05:46:36,023][dowhy.causal_estimator][WARNING] - No directed path from ['X5'] to ['X1'].
[2026-04-24 05:46:36,024][dowhy.causal_model][INFO] - Model to find the causal effect of treatment ['X5'] on outcome ['X2']
[2026-04-24 05:46:36,024][dowhy.causal_identifier.auto_identifier][WARNING] - No directed path from treatment to outcome. Causal Effect is zero.
[2026-04-24 05:46:36,025][dowhy.causal_model][INFO] - linear_regression
[2026-04-24 05:46:36,025][dowhy.causal_estimator][INFO] - INFO: Using Linear Regression Estimator
[2026-04-24 05:46:36,025][dowhy.causal_estimator][WARNING] - No directed path from ['X5'] to ['X2'].
[2026-04-24 05:46:36,026][dowhy.causal_model][INFO] - Model to find the causal effect of treatment ['X5'] on outcome ['X3']
[2026-04-24 05:46:36,026][dowhy.causal_identifier.auto_identifier][WARNING] - No directed path from treatment to outcome. Causal Effect is zero.
[2026-04-24 05:46:36,026][dowhy.causal_model][INFO] - linear_regression
[2026-04-24 05:46:36,026][dowhy.causal_estimator][INFO] - INFO: Using Linear Regression Estimator
[2026-04-24 05:46:36,026][dowhy.causal_estimator][WARNING] - No directed path from ['X5'] to ['X3'].
[2026-04-24 05:46:36,028][dowhy.causal_model][INFO] - Model to find the causal effect of treatment ['X5'] on outcome ['X4']
[2026-04-24 05:46:36,028][dowhy.causal_identifier.auto_identifier][WARNING] - No directed path from treatment to outcome. Causal Effect is zero.
[2026-04-24 05:46:36,028][dowhy.causal_model][INFO] - linear_regression
[2026-04-24 05:46:36,028][dowhy.causal_estimator][INFO] - INFO: Using Linear Regression Estimator
[2026-04-24 05:46:36,028][dowhy.causal_estimator][WARNING] - No directed path from ['X5'] to ['X4'].
[2026-04-24 05:46:36,030][dowhy.causal_model][INFO] - Model to find the causal effect of treatment ['X5'] on outcome ['X6']
[2026-04-24 05:46:36,032][dowhy.causal_identifier.auto_identifier][INFO] - Causal effect can be identified.
[2026-04-24 05:46:36,033][dowhy.causal_identifier.auto_identifier][INFO] - Instrumental variables for treatment and outcome:['X1', 'X4']
[2026-04-24 05:46:36,033][dowhy.causal_identifier.auto_identifier][INFO] - Frontdoor variables for treatment and outcome:[]
[2026-04-24 05:46:36,033][dowhy.causal_model][INFO] - linear_regression
[2026-04-24 05:46:36,033][dowhy.causal_estimator][INFO] - INFO: Using Linear Regression Estimator
[2026-04-24 05:46:36,034][dowhy.causal_estimator][INFO] - b: X6~X5+X5*X3+X5*X2
[2026-04-24 05:46:36,041][dowhy.causal_model][INFO] - Model to find the causal effect of treatment ['X5'] on outcome ['X7']
[2026-04-24 05:46:36,041][dowhy.causal_identifier.auto_identifier][WARNING] - No directed path from treatment to outcome. Causal Effect is zero.
[2026-04-24 05:46:36,041][dowhy.causal_model][INFO] - linear_regression
[2026-04-24 05:46:36,041][dowhy.causal_estimator][INFO] - INFO: Using Linear Regression Estimator
[2026-04-24 05:46:36,041][dowhy.causal_estimator][WARNING] - No directed path from ['X5'] to ['X7'].
[2026-04-24 05:46:36,043][dowhy.causal_model][INFO] - Model to find the causal effect of treatment ['X5'] on outcome ['X8']
[2026-04-24 05:46:36,045][dowhy.causal_identifier.auto_identifier][INFO] - Causal effect can be identified.
[2026-04-24 05:46:36,045][dowhy.causal_identifier.auto_identifier][INFO] - Instrumental variables for treatment and outcome:['X1', 'X4']
[2026-04-24 05:46:36,046][dowhy.causal_identifier.auto_identifier][INFO] - Frontdoor variables for treatment and outcome:[]
[2026-04-24 05:46:36,046][dowhy.causal_model][INFO] - linear_regression
[2026-04-24 05:46:36,046][dowhy.causal_estimator][INFO] - INFO: Using Linear Regression Estimator
[2026-04-24 05:46:36,046][dowhy.causal_estimator][INFO] - b: X8~X5+X5*X2
[2026-04-24 05:46:36,054][dowhy.causal_model][INFO] - Model to find the causal effect of treatment ['X5'] on outcome ['X9']
[2026-04-24 05:46:36,055][dowhy.causal_identifier.auto_identifier][INFO] - Causal effect can be identified.
[2026-04-24 05:46:36,056][dowhy.causal_identifier.auto_identifier][INFO] - Instrumental variables for treatment and outcome:['X1', 'X4']
[2026-04-24 05:46:36,057][dowhy.causal_identifier.auto_identifier][INFO] - Frontdoor variables for treatment and outcome:[]
[2026-04-24 05:46:36,057][dowhy.causal_model][INFO] - linear_regression
[2026-04-24 05:46:36,057][dowhy.causal_estimator][INFO] - INFO: Using Linear Regression Estimator
[2026-04-24 05:46:36,057][dowhy.causal_estimator][INFO] - b: X9~X5+X5*X3+X5*X2
[2026-04-24 05:46:36,117][dowhy.causal_model][INFO] - Model to find the causal effect of treatment ['X6'] on outcome ['X0']
[2026-04-24 05:46:36,117][dowhy.causal_identifier.auto_identifier][WARNING] - No directed path from treatment to outcome. Causal Effect is zero.
[2026-04-24 05:46:36,117][dowhy.causal_model][INFO] - linear_regression
[2026-04-24 05:46:36,117][dowhy.causal_estimator][INFO] - INFO: Using Linear Regression Estimator
[2026-04-24 05:46:36,117][dowhy.causal_estimator][WARNING] - No directed path from ['X6'] to ['X0'].
[2026-04-24 05:46:36,119][dowhy.causal_model][INFO] - Model to find the causal effect of treatment ['X6'] on outcome ['X1']
[2026-04-24 05:46:36,119][dowhy.causal_identifier.auto_identifier][WARNING] - No directed path from treatment to outcome. Causal Effect is zero.
[2026-04-24 05:46:36,119][dowhy.causal_model][INFO] - linear_regression
[2026-04-24 05:46:36,119][dowhy.causal_estimator][INFO] - INFO: Using Linear Regression Estimator
[2026-04-24 05:46:36,119][dowhy.causal_estimator][WARNING] - No directed path from ['X6'] to ['X1'].
[2026-04-24 05:46:36,121][dowhy.causal_model][INFO] - Model to find the causal effect of treatment ['X6'] on outcome ['X2']
[2026-04-24 05:46:36,121][dowhy.causal_identifier.auto_identifier][WARNING] - No directed path from treatment to outcome. Causal Effect is zero.
[2026-04-24 05:46:36,121][dowhy.causal_model][INFO] - linear_regression
[2026-04-24 05:46:36,121][dowhy.causal_estimator][INFO] - INFO: Using Linear Regression Estimator
[2026-04-24 05:46:36,121][dowhy.causal_estimator][WARNING] - No directed path from ['X6'] to ['X2'].
[2026-04-24 05:46:36,123][dowhy.causal_model][INFO] - Model to find the causal effect of treatment ['X6'] on outcome ['X3']
[2026-04-24 05:46:36,123][dowhy.causal_identifier.auto_identifier][WARNING] - No directed path from treatment to outcome. Causal Effect is zero.
[2026-04-24 05:46:36,123][dowhy.causal_model][INFO] - linear_regression
[2026-04-24 05:46:36,123][dowhy.causal_estimator][INFO] - INFO: Using Linear Regression Estimator
[2026-04-24 05:46:36,123][dowhy.causal_estimator][WARNING] - No directed path from ['X6'] to ['X3'].
[2026-04-24 05:46:36,125][dowhy.causal_model][INFO] - Model to find the causal effect of treatment ['X6'] on outcome ['X4']
[2026-04-24 05:46:36,125][dowhy.causal_identifier.auto_identifier][WARNING] - No directed path from treatment to outcome. Causal Effect is zero.
[2026-04-24 05:46:36,125][dowhy.causal_model][INFO] - linear_regression
[2026-04-24 05:46:36,125][dowhy.causal_estimator][INFO] - INFO: Using Linear Regression Estimator
[2026-04-24 05:46:36,125][dowhy.causal_estimator][WARNING] - No directed path from ['X6'] to ['X4'].
[2026-04-24 05:46:36,127][dowhy.causal_model][INFO] - Model to find the causal effect of treatment ['X6'] on outcome ['X5']
[2026-04-24 05:46:36,127][dowhy.causal_identifier.auto_identifier][WARNING] - No directed path from treatment to outcome. Causal Effect is zero.
[2026-04-24 05:46:36,127][dowhy.causal_model][INFO] - linear_regression
[2026-04-24 05:46:36,127][dowhy.causal_estimator][INFO] - INFO: Using Linear Regression Estimator
[2026-04-24 05:46:36,127][dowhy.causal_estimator][WARNING] - No directed path from ['X6'] to ['X5'].
[2026-04-24 05:46:36,129][dowhy.causal_model][INFO] - Model to find the causal effect of treatment ['X6'] on outcome ['X7']
[2026-04-24 05:46:36,129][dowhy.causal_identifier.auto_identifier][WARNING] - No directed path from treatment to outcome. Causal Effect is zero.
[2026-04-24 05:46:36,129][dowhy.causal_model][INFO] - linear_regression
[2026-04-24 05:46:36,129][dowhy.causal_estimator][INFO] - INFO: Using Linear Regression Estimator
[2026-04-24 05:46:36,129][dowhy.causal_estimator][WARNING] - No directed path from ['X6'] to ['X7'].
[2026-04-24 05:46:36,131][dowhy.causal_model][INFO] - Model to find the causal effect of treatment ['X6'] on outcome ['X8']
[2026-04-24 05:46:36,131][dowhy.causal_identifier.auto_identifier][WARNING] - No directed path from treatment to outcome. Causal Effect is zero.
[2026-04-24 05:46:36,131][dowhy.causal_model][INFO] - linear_regression
[2026-04-24 05:46:36,131][dowhy.causal_estimator][INFO] - INFO: Using Linear Regression Estimator
[2026-04-24 05:46:36,131][dowhy.causal_estimator][WARNING] - No directed path from ['X6'] to ['X8'].
[2026-04-24 05:46:36,133][dowhy.causal_model][INFO] - Model to find the causal effect of treatment ['X6'] on outcome ['X9']
[2026-04-24 05:46:36,135][dowhy.causal_identifier.auto_identifier][INFO] - Causal effect can be identified.
[2026-04-24 05:46:36,136][dowhy.causal_identifier.auto_identifier][INFO] - Instrumental variables for treatment and outcome:['X2', 'X5']
[2026-04-24 05:46:36,136][dowhy.causal_identifier.auto_identifier][INFO] - Frontdoor variables for treatment and outcome:[]
[2026-04-24 05:46:36,136][dowhy.causal_model][INFO] - linear_regression
[2026-04-24 05:46:36,136][dowhy.causal_estimator][INFO] - INFO: Using Linear Regression Estimator
[2026-04-24 05:46:36,137][dowhy.causal_estimator][INFO] - b: X9~X6+X3
[2026-04-24 05:46:36,202][dowhy.causal_model][INFO] - Model to find the causal effect of treatment ['X7'] on outcome ['X0']
[2026-04-24 05:46:36,203][dowhy.causal_identifier.auto_identifier][WARNING] - No directed path from treatment to outcome. Causal Effect is zero.
[2026-04-24 05:46:36,203][dowhy.causal_model][INFO] - linear_regression
[2026-04-24 05:46:36,203][dowhy.causal_estimator][INFO] - INFO: Using Linear Regression Estimator
[2026-04-24 05:46:36,203][dowhy.causal_estimator][WARNING] - No directed path from ['X7'] to ['X0'].
[2026-04-24 05:46:36,205][dowhy.causal_model][INFO] - Model to find the causal effect of treatment ['X7'] on outcome ['X1']
[2026-04-24 05:46:36,205][dowhy.causal_identifier.auto_identifier][WARNING] - No directed path from treatment to outcome. Causal Effect is zero.
[2026-04-24 05:46:36,205][dowhy.causal_model][INFO] - linear_regression
[2026-04-24 05:46:36,205][dowhy.causal_estimator][INFO] - INFO: Using Linear Regression Estimator
[2026-04-24 05:46:36,205][dowhy.causal_estimator][WARNING] - No directed path from ['X7'] to ['X1'].
[2026-04-24 05:46:36,207][dowhy.causal_model][INFO] - Model to find the causal effect of treatment ['X7'] on outcome ['X2']
[2026-04-24 05:46:36,207][dowhy.causal_identifier.auto_identifier][WARNING] - No directed path from treatment to outcome. Causal Effect is zero.
[2026-04-24 05:46:36,207][dowhy.causal_model][INFO] - linear_regression
[2026-04-24 05:46:36,207][dowhy.causal_estimator][INFO] - INFO: Using Linear Regression Estimator
[2026-04-24 05:46:36,207][dowhy.causal_estimator][WARNING] - No directed path from ['X7'] to ['X2'].
[2026-04-24 05:46:36,209][dowhy.causal_model][INFO] - Model to find the causal effect of treatment ['X7'] on outcome ['X3']
[2026-04-24 05:46:36,209][dowhy.causal_identifier.auto_identifier][WARNING] - No directed path from treatment to outcome. Causal Effect is zero.
[2026-04-24 05:46:36,209][dowhy.causal_model][INFO] - linear_regression
[2026-04-24 05:46:36,209][dowhy.causal_estimator][INFO] - INFO: Using Linear Regression Estimator
[2026-04-24 05:46:36,209][dowhy.causal_estimator][WARNING] - No directed path from ['X7'] to ['X3'].
[2026-04-24 05:46:36,211][dowhy.causal_model][INFO] - Model to find the causal effect of treatment ['X7'] on outcome ['X4']
[2026-04-24 05:46:36,211][dowhy.causal_identifier.auto_identifier][WARNING] - No directed path from treatment to outcome. Causal Effect is zero.
[2026-04-24 05:46:36,211][dowhy.causal_model][INFO] - linear_regression
[2026-04-24 05:46:36,211][dowhy.causal_estimator][INFO] - INFO: Using Linear Regression Estimator
[2026-04-24 05:46:36,211][dowhy.causal_estimator][WARNING] - No directed path from ['X7'] to ['X4'].
[2026-04-24 05:46:36,213][dowhy.causal_model][INFO] - Model to find the causal effect of treatment ['X7'] on outcome ['X5']
[2026-04-24 05:46:36,213][dowhy.causal_identifier.auto_identifier][WARNING] - No directed path from treatment to outcome. Causal Effect is zero.
[2026-04-24 05:46:36,213][dowhy.causal_model][INFO] - linear_regression
[2026-04-24 05:46:36,213][dowhy.causal_estimator][INFO] - INFO: Using Linear Regression Estimator
[2026-04-24 05:46:36,213][dowhy.causal_estimator][WARNING] - No directed path from ['X7'] to ['X5'].
[2026-04-24 05:46:36,215][dowhy.causal_model][INFO] - Model to find the causal effect of treatment ['X7'] on outcome ['X6']
[2026-04-24 05:46:36,215][dowhy.causal_identifier.auto_identifier][WARNING] - No directed path from treatment to outcome. Causal Effect is zero.
[2026-04-24 05:46:36,215][dowhy.causal_model][INFO] - linear_regression
[2026-04-24 05:46:36,215][dowhy.causal_estimator][INFO] - INFO: Using Linear Regression Estimator
[2026-04-24 05:46:36,215][dowhy.causal_estimator][WARNING] - No directed path from ['X7'] to ['X6'].
[2026-04-24 05:46:36,216][dowhy.causal_model][INFO] - Model to find the causal effect of treatment ['X7'] on outcome ['X8']
[2026-04-24 05:46:36,216][dowhy.causal_identifier.auto_identifier][WARNING] - No directed path from treatment to outcome. Causal Effect is zero.
[2026-04-24 05:46:36,216][dowhy.causal_model][INFO] - linear_regression
[2026-04-24 05:46:36,217][dowhy.causal_estimator][INFO] - INFO: Using Linear Regression Estimator
[2026-04-24 05:46:36,217][dowhy.causal_estimator][WARNING] - No directed path from ['X7'] to ['X8'].
[2026-04-24 05:46:36,218][dowhy.causal_model][INFO] - Model to find the causal effect of treatment ['X7'] on outcome ['X9']
[2026-04-24 05:46:36,218][dowhy.causal_identifier.auto_identifier][WARNING] - No directed path from treatment to outcome. Causal Effect is zero.
[2026-04-24 05:46:36,218][dowhy.causal_model][INFO] - linear_regression
[2026-04-24 05:46:36,218][dowhy.causal_estimator][INFO] - INFO: Using Linear Regression Estimator
[2026-04-24 05:46:36,218][dowhy.causal_estimator][WARNING] - No directed path from ['X7'] to ['X9'].
[2026-04-24 05:46:36,270][dowhy.causal_model][INFO] - Model to find the causal effect of treatment ['X8'] on outcome ['X0']
[2026-04-24 05:46:36,270][dowhy.causal_identifier.auto_identifier][WARNING] - No directed path from treatment to outcome. Causal Effect is zero.
[2026-04-24 05:46:36,270][dowhy.causal_model][INFO] - linear_regression
[2026-04-24 05:46:36,270][dowhy.causal_estimator][INFO] - INFO: Using Linear Regression Estimator
[2026-04-24 05:46:36,270][dowhy.causal_estimator][WARNING] - No directed path from ['X8'] to ['X0'].
[2026-04-24 05:46:36,272][dowhy.causal_model][INFO] - Model to find the causal effect of treatment ['X8'] on outcome ['X1']
[2026-04-24 05:46:36,272][dowhy.causal_identifier.auto_identifier][WARNING] - No directed path from treatment to outcome. Causal Effect is zero.
[2026-04-24 05:46:36,272][dowhy.causal_model][INFO] - linear_regression
[2026-04-24 05:46:36,272][dowhy.causal_estimator][INFO] - INFO: Using Linear Regression Estimator
[2026-04-24 05:46:36,272][dowhy.causal_estimator][WARNING] - No directed path from ['X8'] to ['X1'].
[2026-04-24 05:46:36,274][dowhy.causal_model][INFO] - Model to find the causal effect of treatment ['X8'] on outcome ['X2']
[2026-04-24 05:46:36,274][dowhy.causal_identifier.auto_identifier][WARNING] - No directed path from treatment to outcome. Causal Effect is zero.
[2026-04-24 05:46:36,274][dowhy.causal_model][INFO] - linear_regression
[2026-04-24 05:46:36,274][dowhy.causal_estimator][INFO] - INFO: Using Linear Regression Estimator
[2026-04-24 05:46:36,274][dowhy.causal_estimator][WARNING] - No directed path from ['X8'] to ['X2'].
[2026-04-24 05:46:36,276][dowhy.causal_model][INFO] - Model to find the causal effect of treatment ['X8'] on outcome ['X3']
[2026-04-24 05:46:36,276][dowhy.causal_identifier.auto_identifier][WARNING] - No directed path from treatment to outcome. Causal Effect is zero.
[2026-04-24 05:46:36,276][dowhy.causal_model][INFO] - linear_regression
[2026-04-24 05:46:36,276][dowhy.causal_estimator][INFO] - INFO: Using Linear Regression Estimator
[2026-04-24 05:46:36,276][dowhy.causal_estimator][WARNING] - No directed path from ['X8'] to ['X3'].
[2026-04-24 05:46:36,278][dowhy.causal_model][INFO] - Model to find the causal effect of treatment ['X8'] on outcome ['X4']
[2026-04-24 05:46:36,278][dowhy.causal_identifier.auto_identifier][WARNING] - No directed path from treatment to outcome. Causal Effect is zero.
[2026-04-24 05:46:36,278][dowhy.causal_model][INFO] - linear_regression
[2026-04-24 05:46:36,278][dowhy.causal_estimator][INFO] - INFO: Using Linear Regression Estimator
[2026-04-24 05:46:36,278][dowhy.causal_estimator][WARNING] - No directed path from ['X8'] to ['X4'].
[2026-04-24 05:46:36,279][dowhy.causal_model][INFO] - Model to find the causal effect of treatment ['X8'] on outcome ['X5']
[2026-04-24 05:46:36,279][dowhy.causal_identifier.auto_identifier][WARNING] - No directed path from treatment to outcome. Causal Effect is zero.
[2026-04-24 05:46:36,279][dowhy.causal_model][INFO] - linear_regression
[2026-04-24 05:46:36,279][dowhy.causal_estimator][INFO] - INFO: Using Linear Regression Estimator
[2026-04-24 05:46:36,279][dowhy.causal_estimator][WARNING] - No directed path from ['X8'] to ['X5'].
[2026-04-24 05:46:36,281][dowhy.causal_model][INFO] - Model to find the causal effect of treatment ['X8'] on outcome ['X6']
[2026-04-24 05:46:36,281][dowhy.causal_identifier.auto_identifier][WARNING] - No directed path from treatment to outcome. Causal Effect is zero.
[2026-04-24 05:46:36,281][dowhy.causal_model][INFO] - linear_regression
[2026-04-24 05:46:36,281][dowhy.causal_estimator][INFO] - INFO: Using Linear Regression Estimator
[2026-04-24 05:46:36,281][dowhy.causal_estimator][WARNING] - No directed path from ['X8'] to ['X6'].
[2026-04-24 05:46:36,283][dowhy.causal_model][INFO] - Model to find the causal effect of treatment ['X8'] on outcome ['X7']
[2026-04-24 05:46:36,283][dowhy.causal_identifier.auto_identifier][WARNING] - No directed path from treatment to outcome. Causal Effect is zero.
[2026-04-24 05:46:36,283][dowhy.causal_model][INFO] - linear_regression
[2026-04-24 05:46:36,283][dowhy.causal_estimator][INFO] - INFO: Using Linear Regression Estimator
[2026-04-24 05:46:36,283][dowhy.causal_estimator][WARNING] - No directed path from ['X8'] to ['X7'].
[2026-04-24 05:46:36,285][dowhy.causal_model][INFO] - Model to find the causal effect of treatment ['X8'] on outcome ['X9']
[2026-04-24 05:46:36,285][dowhy.causal_identifier.auto_identifier][WARNING] - No directed path from treatment to outcome. Causal Effect is zero.
[2026-04-24 05:46:36,285][dowhy.causal_model][INFO] - linear_regression
[2026-04-24 05:46:36,285][dowhy.causal_estimator][INFO] - INFO: Using Linear Regression Estimator
[2026-04-24 05:46:36,285][dowhy.causal_estimator][WARNING] - No directed path from ['X8'] to ['X9'].
[2026-04-24 05:46:36,333][dowhy.causal_model][INFO] - Model to find the causal effect of treatment ['X9'] on outcome ['X0']
[2026-04-24 05:46:36,333][dowhy.causal_identifier.auto_identifier][WARNING] - No directed path from treatment to outcome. Causal Effect is zero.
[2026-04-24 05:46:36,334][dowhy.causal_model][INFO] - linear_regression
[2026-04-24 05:46:36,334][dowhy.causal_estimator][INFO] - INFO: Using Linear Regression Estimator
[2026-04-24 05:46:36,334][dowhy.causal_estimator][WARNING] - No directed path from ['X9'] to ['X0'].
[2026-04-24 05:46:36,336][dowhy.causal_model][INFO] - Model to find the causal effect of treatment ['X9'] on outcome ['X1']
[2026-04-24 05:46:36,336][dowhy.causal_identifier.auto_identifier][WARNING] - No directed path from treatment to outcome. Causal Effect is zero.
[2026-04-24 05:46:36,336][dowhy.causal_model][INFO] - linear_regression
[2026-04-24 05:46:36,336][dowhy.causal_estimator][INFO] - INFO: Using Linear Regression Estimator
[2026-04-24 05:46:36,336][dowhy.causal_estimator][WARNING] - No directed path from ['X9'] to ['X1'].
[2026-04-24 05:46:36,338][dowhy.causal_model][INFO] - Model to find the causal effect of treatment ['X9'] on outcome ['X2']
[2026-04-24 05:46:36,338][dowhy.causal_identifier.auto_identifier][WARNING] - No directed path from treatment to outcome. Causal Effect is zero.
[2026-04-24 05:46:36,338][dowhy.causal_model][INFO] - linear_regression
[2026-04-24 05:46:36,338][dowhy.causal_estimator][INFO] - INFO: Using Linear Regression Estimator
[2026-04-24 05:46:36,338][dowhy.causal_estimator][WARNING] - No directed path from ['X9'] to ['X2'].
[2026-04-24 05:46:36,340][dowhy.causal_model][INFO] - Model to find the causal effect of treatment ['X9'] on outcome ['X3']
[2026-04-24 05:46:36,340][dowhy.causal_identifier.auto_identifier][WARNING] - No directed path from treatment to outcome. Causal Effect is zero.
[2026-04-24 05:46:36,340][dowhy.causal_model][INFO] - linear_regression
[2026-04-24 05:46:36,340][dowhy.causal_estimator][INFO] - INFO: Using Linear Regression Estimator
[2026-04-24 05:46:36,340][dowhy.causal_estimator][WARNING] - No directed path from ['X9'] to ['X3'].
[2026-04-24 05:46:36,342][dowhy.causal_model][INFO] - Model to find the causal effect of treatment ['X9'] on outcome ['X4']
[2026-04-24 05:46:36,342][dowhy.causal_identifier.auto_identifier][WARNING] - No directed path from treatment to outcome. Causal Effect is zero.
[2026-04-24 05:46:36,342][dowhy.causal_model][INFO] - linear_regression
[2026-04-24 05:46:36,342][dowhy.causal_estimator][INFO] - INFO: Using Linear Regression Estimator
[2026-04-24 05:46:36,342][dowhy.causal_estimator][WARNING] - No directed path from ['X9'] to ['X4'].
[2026-04-24 05:46:36,344][dowhy.causal_model][INFO] - Model to find the causal effect of treatment ['X9'] on outcome ['X5']
[2026-04-24 05:46:36,344][dowhy.causal_identifier.auto_identifier][WARNING] - No directed path from treatment to outcome. Causal Effect is zero.
[2026-04-24 05:46:36,344][dowhy.causal_model][INFO] - linear_regression
[2026-04-24 05:46:36,344][dowhy.causal_estimator][INFO] - INFO: Using Linear Regression Estimator
[2026-04-24 05:46:36,344][dowhy.causal_estimator][WARNING] - No directed path from ['X9'] to ['X5'].
[2026-04-24 05:46:36,345][dowhy.causal_model][INFO] - Model to find the causal effect of treatment ['X9'] on outcome ['X6']
[2026-04-24 05:46:36,345][dowhy.causal_identifier.auto_identifier][WARNING] - No directed path from treatment to outcome. Causal Effect is zero.
[2026-04-24 05:46:36,346][dowhy.causal_model][INFO] - linear_regression
[2026-04-24 05:46:36,346][dowhy.causal_estimator][INFO] - INFO: Using Linear Regression Estimator
[2026-04-24 05:46:36,346][dowhy.causal_estimator][WARNING] - No directed path from ['X9'] to ['X6'].
[2026-04-24 05:46:36,347][dowhy.causal_model][INFO] - Model to find the causal effect of treatment ['X9'] on outcome ['X7']
[2026-04-24 05:46:36,347][dowhy.causal_identifier.auto_identifier][WARNING] - No directed path from treatment to outcome. Causal Effect is zero.
[2026-04-24 05:46:36,347][dowhy.causal_model][INFO] - linear_regression
[2026-04-24 05:46:36,347][dowhy.causal_estimator][INFO] - INFO: Using Linear Regression Estimator
[2026-04-24 05:46:36,347][dowhy.causal_estimator][WARNING] - No directed path from ['X9'] to ['X7'].
[2026-04-24 05:46:36,349][dowhy.causal_model][INFO] - Model to find the causal effect of treatment ['X9'] on outcome ['X8']
[2026-04-24 05:46:36,349][dowhy.causal_identifier.auto_identifier][WARNING] - No directed path from treatment to outcome. Causal Effect is zero.
[2026-04-24 05:46:36,349][dowhy.causal_model][INFO] - linear_regression
[2026-04-24 05:46:36,349][dowhy.causal_estimator][INFO] - INFO: Using Linear Regression Estimator
[2026-04-24 05:46:36,349][dowhy.causal_estimator][WARNING] - No directed path from ['X9'] to ['X8'].
[2026-04-24 05:46:36,435][dowhy.causal_model][INFO] - Model to find the causal effect of treatment ['X0'] on outcome ['X1']
[2026-04-24 05:46:36,435][dowhy.causal_identifier.auto_identifier][WARNING] - No directed path from treatment to outcome. Causal Effect is zero.
[2026-04-24 05:46:36,435][dowhy.causal_model][INFO] - linear_regression
[2026-04-24 05:46:36,435][dowhy.causal_estimator][INFO] - INFO: Using Linear Regression Estimator
[2026-04-24 05:46:36,435][dowhy.causal_estimator][WARNING] - No directed path from ['X0'] to ['X1'].
[2026-04-24 05:46:36,437][dowhy.causal_model][INFO] - Model to find the causal effect of treatment ['X0'] on outcome ['X2']
[2026-04-24 05:46:36,437][dowhy.causal_identifier.auto_identifier][WARNING] - No directed path from treatment to outcome. Causal Effect is zero.
[2026-04-24 05:46:36,438][dowhy.causal_model][INFO] - linear_regression
[2026-04-24 05:46:36,438][dowhy.causal_estimator][INFO] - INFO: Using Linear Regression Estimator
[2026-04-24 05:46:36,438][dowhy.causal_estimator][WARNING] - No directed path from ['X0'] to ['X2'].
[2026-04-24 05:46:36,440][dowhy.causal_model][INFO] - Model to find the causal effect of treatment ['X0'] on outcome ['X3']
[2026-04-24 05:46:36,440][dowhy.causal_identifier.auto_identifier][WARNING] - No directed path from treatment to outcome. Causal Effect is zero.
[2026-04-24 05:46:36,440][dowhy.causal_model][INFO] - linear_regression
[2026-04-24 05:46:36,440][dowhy.causal_estimator][INFO] - INFO: Using Linear Regression Estimator
[2026-04-24 05:46:36,440][dowhy.causal_estimator][WARNING] - No directed path from ['X0'] to ['X3'].
[2026-04-24 05:46:36,441][dowhy.causal_model][INFO] - Model to find the causal effect of treatment ['X0'] on outcome ['X4']
[2026-04-24 05:46:36,442][dowhy.causal_identifier.auto_identifier][INFO] - Causal effect can be identified.
[2026-04-24 05:46:36,443][dowhy.causal_identifier.auto_identifier][INFO] - Instrumental variables for treatment and outcome:[]
[2026-04-24 05:46:36,443][dowhy.causal_identifier.auto_identifier][INFO] - Frontdoor variables for treatment and outcome:[]
[2026-04-24 05:46:36,443][dowhy.causal_model][INFO] - linear_regression
[2026-04-24 05:46:36,443][dowhy.causal_estimator][INFO] - INFO: Using Linear Regression Estimator
[2026-04-24 05:46:36,443][dowhy.causal_estimator][INFO] - b: X4~X0+X0*X1
[2026-04-24 05:46:36,451][dowhy.causal_model][INFO] - Model to find the causal effect of treatment ['X0'] on outcome ['X5']
[2026-04-24 05:46:36,452][dowhy.causal_identifier.auto_identifier][INFO] - Causal effect can be identified.
[2026-04-24 05:46:36,453][dowhy.causal_identifier.auto_identifier][INFO] - Instrumental variables for treatment and outcome:[]
[2026-04-24 05:46:36,453][dowhy.causal_identifier.auto_identifier][INFO] - Frontdoor variables for treatment and outcome:[]
[2026-04-24 05:46:36,453][dowhy.causal_model][INFO] - linear_regression
[2026-04-24 05:46:36,453][dowhy.causal_estimator][INFO] - INFO: Using Linear Regression Estimator
[2026-04-24 05:46:36,453][dowhy.causal_estimator][INFO] - b: X5~X0+X0*X1
[2026-04-24 05:46:36,461][dowhy.causal_model][INFO] - Model to find the causal effect of treatment ['X0'] on outcome ['X6']
[2026-04-24 05:46:36,462][dowhy.causal_identifier.auto_identifier][INFO] - Causal effect can be identified.
[2026-04-24 05:46:36,462][dowhy.causal_identifier.auto_identifier][INFO] - Instrumental variables for treatment and outcome:[]
[2026-04-24 05:46:36,465][dowhy.causal_identifier.auto_identifier][INFO] - Frontdoor variables for treatment and outcome:['X7', 'X5', 'X4']
[2026-04-24 05:46:36,466][dowhy.causal_identifier.auto_identifier][INFO] - Causal effect can be identified.
[2026-04-24 05:46:36,468][dowhy.causal_identifier.auto_identifier][INFO] - Causal effect can be identified.
[2026-04-24 05:46:36,469][dowhy.causal_model][INFO] - linear_regression
[2026-04-24 05:46:36,469][dowhy.causal_estimator][INFO] - INFO: Using Linear Regression Estimator
[2026-04-24 05:46:36,469][dowhy.causal_estimator][INFO] - b: X6~X0+X0*X3+X0*X2+X0*X1
[2026-04-24 05:46:36,477][dowhy.causal_model][INFO] - Model to find the causal effect of treatment ['X0'] on outcome ['X7']
[2026-04-24 05:46:36,477][dowhy.causal_identifier.auto_identifier][INFO] - Causal effect can be identified.
[2026-04-24 05:46:36,478][dowhy.causal_identifier.auto_identifier][INFO] - Instrumental variables for treatment and outcome:[]
[2026-04-24 05:46:36,480][dowhy.causal_identifier.auto_identifier][INFO] - Frontdoor variables for treatment and outcome:[]
[2026-04-24 05:46:36,481][dowhy.causal_model][INFO] - linear_regression
[2026-04-24 05:46:36,481][dowhy.causal_estimator][INFO] - INFO: Using Linear Regression Estimator
[2026-04-24 05:46:36,481][dowhy.causal_estimator][INFO] - b: X7~X0+X0*X1
[2026-04-24 05:46:36,488][dowhy.causal_model][INFO] - Model to find the causal effect of treatment ['X0'] on outcome ['X8']
[2026-04-24 05:46:36,489][dowhy.causal_identifier.auto_identifier][INFO] - Causal effect can be identified.
[2026-04-24 05:46:36,490][dowhy.causal_identifier.auto_identifier][INFO] - Instrumental variables for treatment and outcome:[]
[2026-04-24 05:46:36,493][dowhy.causal_identifier.auto_identifier][INFO] - Frontdoor variables for treatment and outcome:['X7', 'X5', 'X4']
[2026-04-24 05:46:36,494][dowhy.causal_identifier.auto_identifier][INFO] - Causal effect can be identified.
[2026-04-24 05:46:36,495][dowhy.causal_identifier.auto_identifier][INFO] - Causal effect can be identified.
[2026-04-24 05:46:36,496][dowhy.causal_model][INFO] - linear_regression
[2026-04-24 05:46:36,496][dowhy.causal_estimator][INFO] - INFO: Using Linear Regression Estimator
[2026-04-24 05:46:36,496][dowhy.causal_estimator][INFO] - b: X8~X0+X0*X2+X0*X1
[2026-04-24 05:46:36,503][dowhy.causal_model][INFO] - Model to find the causal effect of treatment ['X0'] on outcome ['X9']
[2026-04-24 05:46:36,504][dowhy.causal_identifier.auto_identifier][INFO] - Causal effect can be identified.
[2026-04-24 05:46:36,505][dowhy.causal_identifier.auto_identifier][INFO] - Instrumental variables for treatment and outcome:[]
[2026-04-24 05:46:36,508][dowhy.causal_identifier.auto_identifier][INFO] - Frontdoor variables for treatment and outcome:['X7', 'X5', 'X4']
[2026-04-24 05:46:36,509][dowhy.causal_identifier.auto_identifier][INFO] - Causal effect can be identified.
[2026-04-24 05:46:36,511][dowhy.causal_identifier.auto_identifier][INFO] - Causal effect can be identified.
[2026-04-24 05:46:36,512][dowhy.causal_model][INFO] - linear_regression
[2026-04-24 05:46:36,512][dowhy.causal_estimator][INFO] - INFO: Using Linear Regression Estimator
[2026-04-24 05:46:36,512][dowhy.causal_estimator][INFO] - b: X9~X0+X0*X3+X0*X2+X0*X1
[2026-04-24 05:46:36,573][dowhy.causal_model][INFO] - Model to find the causal effect of treatment ['X1'] on outcome ['X0']
[2026-04-24 05:46:36,573][dowhy.causal_identifier.auto_identifier][WARNING] - No directed path from treatment to outcome. Causal Effect is zero.
[2026-04-24 05:46:36,573][dowhy.causal_model][INFO] - linear_regression
[2026-04-24 05:46:36,573][dowhy.causal_estimator][INFO] - INFO: Using Linear Regression Estimator
[2026-04-24 05:46:36,573][dowhy.causal_estimator][WARNING] - No directed path from ['X1'] to ['X0'].
[2026-04-24 05:46:36,575][dowhy.causal_model][INFO] - Model to find the causal effect of treatment ['X1'] on outcome ['X2']
[2026-04-24 05:46:36,575][dowhy.causal_identifier.auto_identifier][WARNING] - No directed path from treatment to outcome. Causal Effect is zero.
[2026-04-24 05:46:36,575][dowhy.causal_model][INFO] - linear_regression
[2026-04-24 05:46:36,575][dowhy.causal_estimator][INFO] - INFO: Using Linear Regression Estimator
[2026-04-24 05:46:36,575][dowhy.causal_estimator][WARNING] - No directed path from ['X1'] to ['X2'].
[2026-04-24 05:46:36,577][dowhy.causal_model][INFO] - Model to find the causal effect of treatment ['X1'] on outcome ['X3']
[2026-04-24 05:46:36,577][dowhy.causal_identifier.auto_identifier][WARNING] - No directed path from treatment to outcome. Causal Effect is zero.
[2026-04-24 05:46:36,577][dowhy.causal_model][INFO] - linear_regression
[2026-04-24 05:46:36,577][dowhy.causal_estimator][INFO] - INFO: Using Linear Regression Estimator
[2026-04-24 05:46:36,577][dowhy.causal_estimator][WARNING] - No directed path from ['X1'] to ['X3'].
[2026-04-24 05:46:36,579][dowhy.causal_model][INFO] - Model to find the causal effect of treatment ['X1'] on outcome ['X4']
[2026-04-24 05:46:36,580][dowhy.causal_identifier.auto_identifier][INFO] - Causal effect can be identified.
[2026-04-24 05:46:36,581][dowhy.causal_identifier.auto_identifier][INFO] - Instrumental variables for treatment and outcome:[]
[2026-04-24 05:46:36,581][dowhy.causal_identifier.auto_identifier][INFO] - Frontdoor variables for treatment and outcome:[]
[2026-04-24 05:46:36,581][dowhy.causal_model][INFO] - linear_regression
[2026-04-24 05:46:36,581][dowhy.causal_estimator][INFO] - INFO: Using Linear Regression Estimator
[2026-04-24 05:46:36,581][dowhy.causal_estimator][INFO] - b: X4~X1+X1*X0
[2026-04-24 05:46:36,590][dowhy.causal_model][INFO] - Model to find the causal effect of treatment ['X1'] on outcome ['X5']
[2026-04-24 05:46:36,591][dowhy.causal_identifier.auto_identifier][INFO] - Causal effect can be identified.
[2026-04-24 05:46:36,591][dowhy.causal_identifier.auto_identifier][INFO] - Instrumental variables for treatment and outcome:[]
[2026-04-24 05:46:36,591][dowhy.causal_identifier.auto_identifier][INFO] - Frontdoor variables for treatment and outcome:[]
[2026-04-24 05:46:36,592][dowhy.causal_model][INFO] - linear_regression
[2026-04-24 05:46:36,592][dowhy.causal_estimator][INFO] - INFO: Using Linear Regression Estimator
[2026-04-24 05:46:36,592][dowhy.causal_estimator][INFO] - b: X5~X1+X1*X0
[2026-04-24 05:46:36,600][dowhy.causal_model][INFO] - Model to find the causal effect of treatment ['X1'] on outcome ['X6']
[2026-04-24 05:46:36,601][dowhy.causal_identifier.auto_identifier][INFO] - Causal effect can be identified.
[2026-04-24 05:46:36,602][dowhy.causal_identifier.auto_identifier][INFO] - Instrumental variables for treatment and outcome:[]
[2026-04-24 05:46:36,605][dowhy.causal_identifier.auto_identifier][INFO] - Frontdoor variables for treatment and outcome:['X5', 'X7', 'X4']
[2026-04-24 05:46:36,606][dowhy.causal_identifier.auto_identifier][INFO] - Causal effect can be identified.
[2026-04-24 05:46:36,608][dowhy.causal_identifier.auto_identifier][INFO] - Causal effect can be identified.
[2026-04-24 05:46:36,608][dowhy.causal_model][INFO] - linear_regression
[2026-04-24 05:46:36,608][dowhy.causal_estimator][INFO] - INFO: Using Linear Regression Estimator
[2026-04-24 05:46:36,609][dowhy.causal_estimator][INFO] - b: X6~X1+X1*X3+X1*X0+X1*X2
[2026-04-24 05:46:36,617][dowhy.causal_model][INFO] - Model to find the causal effect of treatment ['X1'] on outcome ['X7']
[2026-04-24 05:46:36,618][dowhy.causal_identifier.auto_identifier][INFO] - Causal effect can be identified.
[2026-04-24 05:46:36,619][dowhy.causal_identifier.auto_identifier][INFO] - Instrumental variables for treatment and outcome:[]
[2026-04-24 05:46:36,621][dowhy.causal_identifier.auto_identifier][INFO] - Frontdoor variables for treatment and outcome:[]
[2026-04-24 05:46:36,622][dowhy.causal_model][INFO] - linear_regression
[2026-04-24 05:46:36,622][dowhy.causal_estimator][INFO] - INFO: Using Linear Regression Estimator
[2026-04-24 05:46:36,622][dowhy.causal_estimator][INFO] - b: X7~X1+X1*X0
[2026-04-24 05:46:36,630][dowhy.causal_model][INFO] - Model to find the causal effect of treatment ['X1'] on outcome ['X8']
[2026-04-24 05:46:36,631][dowhy.causal_identifier.auto_identifier][INFO] - Causal effect can be identified.
[2026-04-24 05:46:36,632][dowhy.causal_identifier.auto_identifier][INFO] - Instrumental variables for treatment and outcome:[]
[2026-04-24 05:46:36,635][dowhy.causal_identifier.auto_identifier][INFO] - Frontdoor variables for treatment and outcome:['X5', 'X7', 'X4']
[2026-04-24 05:46:36,637][dowhy.causal_identifier.auto_identifier][INFO] - Causal effect can be identified.
[2026-04-24 05:46:36,638][dowhy.causal_identifier.auto_identifier][INFO] - Causal effect can be identified.
[2026-04-24 05:46:36,639][dowhy.causal_model][INFO] - linear_regression
[2026-04-24 05:46:36,639][dowhy.causal_estimator][INFO] - INFO: Using Linear Regression Estimator
[2026-04-24 05:46:36,639][dowhy.causal_estimator][INFO] - b: X8~X1+X1*X0+X1*X2
[2026-04-24 05:46:36,647][dowhy.causal_model][INFO] - Model to find the causal effect of treatment ['X1'] on outcome ['X9']
[2026-04-24 05:46:36,648][dowhy.causal_identifier.auto_identifier][INFO] - Causal effect can be identified.
[2026-04-24 05:46:36,649][dowhy.causal_identifier.auto_identifier][INFO] - Instrumental variables for treatment and outcome:[]
[2026-04-24 05:46:36,652][dowhy.causal_identifier.auto_identifier][INFO] - Frontdoor variables for treatment and outcome:['X5', 'X7', 'X4']
[2026-04-24 05:46:36,653][dowhy.causal_identifier.auto_identifier][INFO] - Causal effect can be identified.
[2026-04-24 05:46:36,655][dowhy.causal_identifier.auto_identifier][INFO] - Causal effect can be identified.
[2026-04-24 05:46:36,655][dowhy.causal_model][INFO] - linear_regression
[2026-04-24 05:46:36,655][dowhy.causal_estimator][INFO] - INFO: Using Linear Regression Estimator
[2026-04-24 05:46:36,656][dowhy.causal_estimator][INFO] - b: X9~X1+X1*X3+X1*X0+X1*X2
[2026-04-24 05:46:36,714][dowhy.causal_model][INFO] - Model to find the causal effect of treatment ['X2'] on outcome ['X0']
[2026-04-24 05:46:36,715][dowhy.causal_identifier.auto_identifier][WARNING] - No directed path from treatment to outcome. Causal Effect is zero.
[2026-04-24 05:46:36,715][dowhy.causal_model][INFO] - linear_regression
[2026-04-24 05:46:36,715][dowhy.causal_estimator][INFO] - INFO: Using Linear Regression Estimator
[2026-04-24 05:46:36,715][dowhy.causal_estimator][WARNING] - No directed path from ['X2'] to ['X0'].
[2026-04-24 05:46:36,716][dowhy.causal_model][INFO] - Model to find the causal effect of treatment ['X2'] on outcome ['X1']
[2026-04-24 05:46:36,717][dowhy.causal_identifier.auto_identifier][WARNING] - No directed path from treatment to outcome. Causal Effect is zero.
[2026-04-24 05:46:36,717][dowhy.causal_model][INFO] - linear_regression
[2026-04-24 05:46:36,717][dowhy.causal_estimator][INFO] - INFO: Using Linear Regression Estimator
[2026-04-24 05:46:36,717][dowhy.causal_estimator][WARNING] - No directed path from ['X2'] to ['X1'].
[2026-04-24 05:46:36,718][dowhy.causal_model][INFO] - Model to find the causal effect of treatment ['X2'] on outcome ['X3']
[2026-04-24 05:46:36,718][dowhy.causal_identifier.auto_identifier][WARNING] - No directed path from treatment to outcome. Causal Effect is zero.
[2026-04-24 05:46:36,718][dowhy.causal_model][INFO] - linear_regression
[2026-04-24 05:46:36,718][dowhy.causal_estimator][INFO] - INFO: Using Linear Regression Estimator
[2026-04-24 05:46:36,719][dowhy.causal_estimator][WARNING] - No directed path from ['X2'] to ['X3'].
[2026-04-24 05:46:36,720][dowhy.causal_model][INFO] - Model to find the causal effect of treatment ['X2'] on outcome ['X4']
[2026-04-24 05:46:36,720][dowhy.causal_identifier.auto_identifier][WARNING] - No directed path from treatment to outcome. Causal Effect is zero.
[2026-04-24 05:46:36,720][dowhy.causal_model][INFO] - linear_regression
[2026-04-24 05:46:36,720][dowhy.causal_estimator][INFO] - INFO: Using Linear Regression Estimator
[2026-04-24 05:46:36,720][dowhy.causal_estimator][WARNING] - No directed path from ['X2'] to ['X4'].
[2026-04-24 05:46:36,722][dowhy.causal_model][INFO] - Model to find the causal effect of treatment ['X2'] on outcome ['X5']
[2026-04-24 05:46:36,722][dowhy.causal_identifier.auto_identifier][WARNING] - No directed path from treatment to outcome. Causal Effect is zero.
[2026-04-24 05:46:36,722][dowhy.causal_model][INFO] - linear_regression
[2026-04-24 05:46:36,722][dowhy.causal_estimator][INFO] - INFO: Using Linear Regression Estimator
[2026-04-24 05:46:36,722][dowhy.causal_estimator][WARNING] - No directed path from ['X2'] to ['X5'].
[2026-04-24 05:46:36,724][dowhy.causal_model][INFO] - Model to find the causal effect of treatment ['X2'] on outcome ['X6']
[2026-04-24 05:46:36,726][dowhy.causal_identifier.auto_identifier][INFO] - Causal effect can be identified.
[2026-04-24 05:46:36,727][dowhy.causal_identifier.auto_identifier][INFO] - Instrumental variables for treatment and outcome:[]
[2026-04-24 05:46:36,727][dowhy.causal_identifier.auto_identifier][INFO] - Frontdoor variables for treatment and outcome:[]
[2026-04-24 05:46:36,727][dowhy.causal_model][INFO] - linear_regression
[2026-04-24 05:46:36,727][dowhy.causal_estimator][INFO] - INFO: Using Linear Regression Estimator
[2026-04-24 05:46:36,727][dowhy.causal_estimator][INFO] - b: X6~X2+X2*X3+X2*X5+X2*X4+X2*X1+X2*X0
[2026-04-24 05:46:36,735][dowhy.causal_model][INFO] - Model to find the causal effect of treatment ['X2'] on outcome ['X7']
[2026-04-24 05:46:36,735][dowhy.causal_identifier.auto_identifier][WARNING] - No directed path from treatment to outcome. Causal Effect is zero.
[2026-04-24 05:46:36,735][dowhy.causal_model][INFO] - linear_regression
[2026-04-24 05:46:36,735][dowhy.causal_estimator][INFO] - INFO: Using Linear Regression Estimator
[2026-04-24 05:46:36,735][dowhy.causal_estimator][WARNING] - No directed path from ['X2'] to ['X7'].
[2026-04-24 05:46:36,737][dowhy.causal_model][INFO] - Model to find the causal effect of treatment ['X2'] on outcome ['X8']
[2026-04-24 05:46:36,739][dowhy.causal_identifier.auto_identifier][INFO] - Causal effect can be identified.
[2026-04-24 05:46:36,739][dowhy.causal_identifier.auto_identifier][INFO] - Instrumental variables for treatment and outcome:[]
[2026-04-24 05:46:36,740][dowhy.causal_identifier.auto_identifier][INFO] - Frontdoor variables for treatment and outcome:[]
[2026-04-24 05:46:36,740][dowhy.causal_model][INFO] - linear_regression
[2026-04-24 05:46:36,740][dowhy.causal_estimator][INFO] - INFO: Using Linear Regression Estimator
[2026-04-24 05:46:36,740][dowhy.causal_estimator][INFO] - b: X8~X2+X2*X1+X2*X0+X2*X5+X2*X4
[2026-04-24 05:46:36,748][dowhy.causal_model][INFO] - Model to find the causal effect of treatment ['X2'] on outcome ['X9']
[2026-04-24 05:46:36,749][dowhy.causal_identifier.auto_identifier][INFO] - Causal effect can be identified.
[2026-04-24 05:46:36,750][dowhy.causal_identifier.auto_identifier][INFO] - Instrumental variables for treatment and outcome:[]
[2026-04-24 05:46:36,750][dowhy.causal_identifier.auto_identifier][INFO] - Frontdoor variables for treatment and outcome:[]
[2026-04-24 05:46:36,751][dowhy.causal_model][INFO] - linear_regression
[2026-04-24 05:46:36,751][dowhy.causal_estimator][INFO] - INFO: Using Linear Regression Estimator
[2026-04-24 05:46:36,751][dowhy.causal_estimator][INFO] - b: X9~X2+X2*X3+X2*X5+X2*X4+X2*X1+X2*X0
[2026-04-24 05:46:36,808][dowhy.causal_model][INFO] - Model to find the causal effect of treatment ['X3'] on outcome ['X0']
[2026-04-24 05:46:36,809][dowhy.causal_identifier.auto_identifier][WARNING] - No directed path from treatment to outcome. Causal Effect is zero.
[2026-04-24 05:46:36,809][dowhy.causal_model][INFO] - linear_regression
[2026-04-24 05:46:36,809][dowhy.causal_estimator][INFO] - INFO: Using Linear Regression Estimator
[2026-04-24 05:46:36,809][dowhy.causal_estimator][WARNING] - No directed path from ['X3'] to ['X0'].
[2026-04-24 05:46:36,811][dowhy.causal_model][INFO] - Model to find the causal effect of treatment ['X3'] on outcome ['X1']
[2026-04-24 05:46:36,811][dowhy.causal_identifier.auto_identifier][WARNING] - No directed path from treatment to outcome. Causal Effect is zero.
[2026-04-24 05:46:36,811][dowhy.causal_model][INFO] - linear_regression
[2026-04-24 05:46:36,811][dowhy.causal_estimator][INFO] - INFO: Using Linear Regression Estimator
[2026-04-24 05:46:36,812][dowhy.causal_estimator][WARNING] - No directed path from ['X3'] to ['X1'].
[2026-04-24 05:46:36,813][dowhy.causal_model][INFO] - Model to find the causal effect of treatment ['X3'] on outcome ['X2']
[2026-04-24 05:46:36,813][dowhy.causal_identifier.auto_identifier][WARNING] - No directed path from treatment to outcome. Causal Effect is zero.
[2026-04-24 05:46:36,814][dowhy.causal_model][INFO] - linear_regression
[2026-04-24 05:46:36,814][dowhy.causal_estimator][INFO] - INFO: Using Linear Regression Estimator
[2026-04-24 05:46:36,814][dowhy.causal_estimator][WARNING] - No directed path from ['X3'] to ['X2'].
[2026-04-24 05:46:36,815][dowhy.causal_model][INFO] - Model to find the causal effect of treatment ['X3'] on outcome ['X4']
[2026-04-24 05:46:36,815][dowhy.causal_identifier.auto_identifier][WARNING] - No directed path from treatment to outcome. Causal Effect is zero.
[2026-04-24 05:46:36,815][dowhy.causal_model][INFO] - linear_regression
[2026-04-24 05:46:36,816][dowhy.causal_estimator][INFO] - INFO: Using Linear Regression Estimator
[2026-04-24 05:46:36,816][dowhy.causal_estimator][WARNING] - No directed path from ['X3'] to ['X4'].
[2026-04-24 05:46:36,817][dowhy.causal_model][INFO] - Model to find the causal effect of treatment ['X3'] on outcome ['X5']
[2026-04-24 05:46:36,817][dowhy.causal_identifier.auto_identifier][WARNING] - No directed path from treatment to outcome. Causal Effect is zero.
[2026-04-24 05:46:36,817][dowhy.causal_model][INFO] - linear_regression
[2026-04-24 05:46:36,817][dowhy.causal_estimator][INFO] - INFO: Using Linear Regression Estimator
[2026-04-24 05:46:36,817][dowhy.causal_estimator][WARNING] - No directed path from ['X3'] to ['X5'].
[2026-04-24 05:46:36,819][dowhy.causal_model][INFO] - Model to find the causal effect of treatment ['X3'] on outcome ['X6']
[2026-04-24 05:46:36,821][dowhy.causal_identifier.auto_identifier][INFO] - Causal effect can be identified.
[2026-04-24 05:46:36,822][dowhy.causal_identifier.auto_identifier][INFO] - Instrumental variables for treatment and outcome:[]
[2026-04-24 05:46:36,822][dowhy.causal_identifier.auto_identifier][INFO] - Frontdoor variables for treatment and outcome:[]
[2026-04-24 05:46:36,822][dowhy.causal_model][INFO] - linear_regression
[2026-04-24 05:46:36,822][dowhy.causal_estimator][INFO] - INFO: Using Linear Regression Estimator
[2026-04-24 05:46:36,823][dowhy.causal_estimator][INFO] - b: X6~X3+X3*X2+X3*X5+X3*X4+X3*X1+X3*X0
[2026-04-24 05:46:36,832][dowhy.causal_model][INFO] - Model to find the causal effect of treatment ['X3'] on outcome ['X7']
[2026-04-24 05:46:36,832][dowhy.causal_identifier.auto_identifier][WARNING] - No directed path from treatment to outcome. Causal Effect is zero.
[2026-04-24 05:46:36,832][dowhy.causal_model][INFO] - linear_regression
[2026-04-24 05:46:36,832][dowhy.causal_estimator][INFO] - INFO: Using Linear Regression Estimator
[2026-04-24 05:46:36,832][dowhy.causal_estimator][WARNING] - No directed path from ['X3'] to ['X7'].
[2026-04-24 05:46:36,834][dowhy.causal_model][INFO] - Model to find the causal effect of treatment ['X3'] on outcome ['X8']
[2026-04-24 05:46:36,834][dowhy.causal_identifier.auto_identifier][WARNING] - No directed path from treatment to outcome. Causal Effect is zero.
[2026-04-24 05:46:36,834][dowhy.causal_model][INFO] - linear_regression
[2026-04-24 05:46:36,834][dowhy.causal_estimator][INFO] - INFO: Using Linear Regression Estimator
[2026-04-24 05:46:36,834][dowhy.causal_estimator][WARNING] - No directed path from ['X3'] to ['X8'].
[2026-04-24 05:46:36,836][dowhy.causal_model][INFO] - Model to find the causal effect of treatment ['X3'] on outcome ['X9']
[2026-04-24 05:46:36,838][dowhy.causal_identifier.auto_identifier][INFO] - Causal effect can be identified.
[2026-04-24 05:46:36,839][dowhy.causal_identifier.auto_identifier][INFO] - Instrumental variables for treatment and outcome:[]
[2026-04-24 05:46:36,839][dowhy.causal_identifier.auto_identifier][INFO] - Frontdoor variables for treatment and outcome:[]
[2026-04-24 05:46:36,839][dowhy.causal_model][INFO] - linear_regression
[2026-04-24 05:46:36,839][dowhy.causal_estimator][INFO] - INFO: Using Linear Regression Estimator
[2026-04-24 05:46:36,840][dowhy.causal_estimator][INFO] - b: X9~X3+X3*X2+X3*X5+X3*X4+X3*X1+X3*X0
[2026-04-24 05:46:36,905][dowhy.causal_model][INFO] - Model to find the causal effect of treatment ['X4'] on outcome ['X0']
[2026-04-24 05:46:36,905][dowhy.causal_identifier.auto_identifier][WARNING] - No directed path from treatment to outcome. Causal Effect is zero.
[2026-04-24 05:46:36,905][dowhy.causal_model][INFO] - linear_regression
[2026-04-24 05:46:36,905][dowhy.causal_estimator][INFO] - INFO: Using Linear Regression Estimator
[2026-04-24 05:46:36,905][dowhy.causal_estimator][WARNING] - No directed path from ['X4'] to ['X0'].
[2026-04-24 05:46:36,907][dowhy.causal_model][INFO] - Model to find the causal effect of treatment ['X4'] on outcome ['X1']
[2026-04-24 05:46:36,907][dowhy.causal_identifier.auto_identifier][WARNING] - No directed path from treatment to outcome. Causal Effect is zero.
[2026-04-24 05:46:36,907][dowhy.causal_model][INFO] - linear_regression
[2026-04-24 05:46:36,907][dowhy.causal_estimator][INFO] - INFO: Using Linear Regression Estimator
[2026-04-24 05:46:36,907][dowhy.causal_estimator][WARNING] - No directed path from ['X4'] to ['X1'].
[2026-04-24 05:46:36,909][dowhy.causal_model][INFO] - Model to find the causal effect of treatment ['X4'] on outcome ['X2']
[2026-04-24 05:46:36,909][dowhy.causal_identifier.auto_identifier][WARNING] - No directed path from treatment to outcome. Causal Effect is zero.
[2026-04-24 05:46:36,909][dowhy.causal_model][INFO] - linear_regression
[2026-04-24 05:46:36,909][dowhy.causal_estimator][INFO] - INFO: Using Linear Regression Estimator
[2026-04-24 05:46:36,909][dowhy.causal_estimator][WARNING] - No directed path from ['X4'] to ['X2'].
[2026-04-24 05:46:36,911][dowhy.causal_model][INFO] - Model to find the causal effect of treatment ['X4'] on outcome ['X3']
[2026-04-24 05:46:36,911][dowhy.causal_identifier.auto_identifier][WARNING] - No directed path from treatment to outcome. Causal Effect is zero.
[2026-04-24 05:46:36,911][dowhy.causal_model][INFO] - linear_regression
[2026-04-24 05:46:36,911][dowhy.causal_estimator][INFO] - INFO: Using Linear Regression Estimator
[2026-04-24 05:46:36,911][dowhy.causal_estimator][WARNING] - No directed path from ['X4'] to ['X3'].
[2026-04-24 05:46:36,913][dowhy.causal_model][INFO] - Model to find the causal effect of treatment ['X4'] on outcome ['X5']
[2026-04-24 05:46:36,914][dowhy.causal_identifier.auto_identifier][INFO] - Causal effect can be identified.
[2026-04-24 05:46:36,914][dowhy.causal_identifier.auto_identifier][INFO] - Instrumental variables for treatment and outcome:['X0']
[2026-04-24 05:46:36,915][dowhy.causal_identifier.auto_identifier][INFO] - Frontdoor variables for treatment and outcome:[]
[2026-04-24 05:46:36,915][dowhy.causal_model][INFO] - linear_regression
[2026-04-24 05:46:36,915][dowhy.causal_estimator][INFO] - INFO: Using Linear Regression Estimator
[2026-04-24 05:46:36,915][dowhy.causal_estimator][INFO] - b: X5~X4+X1
[2026-04-24 05:46:36,923][dowhy.causal_model][INFO] - Model to find the causal effect of treatment ['X4'] on outcome ['X6']
[2026-04-24 05:46:36,924][dowhy.causal_identifier.auto_identifier][INFO] - Causal effect can be identified.
[2026-04-24 05:46:36,924][dowhy.causal_identifier.auto_identifier][INFO] - Instrumental variables for treatment and outcome:['X0']
[2026-04-24 05:46:36,926][dowhy.causal_identifier.auto_identifier][INFO] - Frontdoor variables for treatment and outcome:[]
[2026-04-24 05:46:36,926][dowhy.causal_model][INFO] - linear_regression
[2026-04-24 05:46:36,926][dowhy.causal_estimator][INFO] - INFO: Using Linear Regression Estimator
[2026-04-24 05:46:36,926][dowhy.causal_estimator][INFO] - b: X6~X4+X1+X4*X3+X4*X2
[2026-04-24 05:46:36,935][dowhy.causal_model][INFO] - Model to find the causal effect of treatment ['X4'] on outcome ['X7']
[2026-04-24 05:46:36,936][dowhy.causal_identifier.auto_identifier][INFO] - Causal effect can be identified.
[2026-04-24 05:46:36,936][dowhy.causal_identifier.auto_identifier][INFO] - Instrumental variables for treatment and outcome:['X1']
[2026-04-24 05:46:36,938][dowhy.causal_identifier.auto_identifier][INFO] - Frontdoor variables for treatment and outcome:[]
[2026-04-24 05:46:36,938][dowhy.causal_model][INFO] - linear_regression
[2026-04-24 05:46:36,938][dowhy.causal_estimator][INFO] - INFO: Using Linear Regression Estimator
[2026-04-24 05:46:36,938][dowhy.causal_estimator][INFO] - b: X7~X4+X0
[2026-04-24 05:46:36,946][dowhy.causal_model][INFO] - Model to find the causal effect of treatment ['X4'] on outcome ['X8']
[2026-04-24 05:46:36,947][dowhy.causal_identifier.auto_identifier][INFO] - Causal effect can be identified.
[2026-04-24 05:46:36,947][dowhy.causal_identifier.auto_identifier][INFO] - Instrumental variables for treatment and outcome:['X0']
[2026-04-24 05:46:36,950][dowhy.causal_identifier.auto_identifier][INFO] - Frontdoor variables for treatment and outcome:[]
[2026-04-24 05:46:36,950][dowhy.causal_model][INFO] - linear_regression
[2026-04-24 05:46:36,950][dowhy.causal_estimator][INFO] - INFO: Using Linear Regression Estimator
[2026-04-24 05:46:36,950][dowhy.causal_estimator][INFO] - b: X8~X4+X1+X4*X2
[2026-04-24 05:46:36,959][dowhy.causal_model][INFO] - Model to find the causal effect of treatment ['X4'] on outcome ['X9']
[2026-04-24 05:46:36,960][dowhy.causal_identifier.auto_identifier][INFO] - Causal effect can be identified.
[2026-04-24 05:46:36,960][dowhy.causal_identifier.auto_identifier][INFO] - Instrumental variables for treatment and outcome:['X0']
[2026-04-24 05:46:36,963][dowhy.causal_identifier.auto_identifier][INFO] - Frontdoor variables for treatment and outcome:[]
[2026-04-24 05:46:36,963][dowhy.causal_model][INFO] - linear_regression
[2026-04-24 05:46:36,963][dowhy.causal_estimator][INFO] - INFO: Using Linear Regression Estimator
[2026-04-24 05:46:36,963][dowhy.causal_estimator][INFO] - b: X9~X4+X1+X4*X3+X4*X2
[2026-04-24 05:46:37,113][dowhy.causal_model][INFO] - Model to find the causal effect of treatment ['X5'] on outcome ['X0']
[2026-04-24 05:46:37,113][dowhy.causal_identifier.auto_identifier][WARNING] - No directed path from treatment to outcome. Causal Effect is zero.
[2026-04-24 05:46:37,113][dowhy.causal_model][INFO] - linear_regression
[2026-04-24 05:46:37,113][dowhy.causal_estimator][INFO] - INFO: Using Linear Regression Estimator
[2026-04-24 05:46:37,113][dowhy.causal_estimator][WARNING] - No directed path from ['X5'] to ['X0'].
[2026-04-24 05:46:37,115][dowhy.causal_model][INFO] - Model to find the causal effect of treatment ['X5'] on outcome ['X1']
[2026-04-24 05:46:37,115][dowhy.causal_identifier.auto_identifier][WARNING] - No directed path from treatment to outcome. Causal Effect is zero.
[2026-04-24 05:46:37,115][dowhy.causal_model][INFO] - linear_regression
[2026-04-24 05:46:37,115][dowhy.causal_estimator][INFO] - INFO: Using Linear Regression Estimator
[2026-04-24 05:46:37,115][dowhy.causal_estimator][WARNING] - No directed path from ['X5'] to ['X1'].
[2026-04-24 05:46:37,117][dowhy.causal_model][INFO] - Model to find the causal effect of treatment ['X5'] on outcome ['X2']
[2026-04-24 05:46:37,117][dowhy.causal_identifier.auto_identifier][WARNING] - No directed path from treatment to outcome. Causal Effect is zero.
[2026-04-24 05:46:37,117][dowhy.causal_model][INFO] - linear_regression
[2026-04-24 05:46:37,117][dowhy.causal_estimator][INFO] - INFO: Using Linear Regression Estimator
[2026-04-24 05:46:37,117][dowhy.causal_estimator][WARNING] - No directed path from ['X5'] to ['X2'].
[2026-04-24 05:46:37,119][dowhy.causal_model][INFO] - Model to find the causal effect of treatment ['X5'] on outcome ['X3']
[2026-04-24 05:46:37,119][dowhy.causal_identifier.auto_identifier][WARNING] - No directed path from treatment to outcome. Causal Effect is zero.
[2026-04-24 05:46:37,119][dowhy.causal_model][INFO] - linear_regression
[2026-04-24 05:46:37,119][dowhy.causal_estimator][INFO] - INFO: Using Linear Regression Estimator
[2026-04-24 05:46:37,119][dowhy.causal_estimator][WARNING] - No directed path from ['X5'] to ['X3'].
[2026-04-24 05:46:37,121][dowhy.causal_model][INFO] - Model to find the causal effect of treatment ['X5'] on outcome ['X4']
[2026-04-24 05:46:37,121][dowhy.causal_identifier.auto_identifier][WARNING] - No directed path from treatment to outcome. Causal Effect is zero.
[2026-04-24 05:46:37,121][dowhy.causal_model][INFO] - linear_regression
[2026-04-24 05:46:37,121][dowhy.causal_estimator][INFO] - INFO: Using Linear Regression Estimator
[2026-04-24 05:46:37,121][dowhy.causal_estimator][WARNING] - No directed path from ['X5'] to ['X4'].
[2026-04-24 05:46:37,123][dowhy.causal_model][INFO] - Model to find the causal effect of treatment ['X5'] on outcome ['X6']
[2026-04-24 05:46:37,124][dowhy.causal_identifier.auto_identifier][INFO] - Causal effect can be identified.
[2026-04-24 05:46:37,125][dowhy.causal_identifier.auto_identifier][INFO] - Instrumental variables for treatment and outcome:['X1', 'X4']
[2026-04-24 05:46:37,126][dowhy.causal_identifier.auto_identifier][INFO] - Frontdoor variables for treatment and outcome:[]
[2026-04-24 05:46:37,126][dowhy.causal_model][INFO] - linear_regression
[2026-04-24 05:46:37,126][dowhy.causal_estimator][INFO] - INFO: Using Linear Regression Estimator
[2026-04-24 05:46:37,126][dowhy.causal_estimator][INFO] - b: X6~X5+X5*X3+X5*X2
[2026-04-24 05:46:37,134][dowhy.causal_model][INFO] - Model to find the causal effect of treatment ['X5'] on outcome ['X7']
[2026-04-24 05:46:37,134][dowhy.causal_identifier.auto_identifier][WARNING] - No directed path from treatment to outcome. Causal Effect is zero.
[2026-04-24 05:46:37,134][dowhy.causal_model][INFO] - linear_regression
[2026-04-24 05:46:37,134][dowhy.causal_estimator][INFO] - INFO: Using Linear Regression Estimator
[2026-04-24 05:46:37,134][dowhy.causal_estimator][WARNING] - No directed path from ['X5'] to ['X7'].
[2026-04-24 05:46:37,136][dowhy.causal_model][INFO] - Model to find the causal effect of treatment ['X5'] on outcome ['X8']
[2026-04-24 05:46:37,137][dowhy.causal_identifier.auto_identifier][INFO] - Causal effect can be identified.
[2026-04-24 05:46:37,138][dowhy.causal_identifier.auto_identifier][INFO] - Instrumental variables for treatment and outcome:['X1', 'X4']
[2026-04-24 05:46:37,139][dowhy.causal_identifier.auto_identifier][INFO] - Frontdoor variables for treatment and outcome:[]
[2026-04-24 05:46:37,139][dowhy.causal_model][INFO] - linear_regression
[2026-04-24 05:46:37,139][dowhy.causal_estimator][INFO] - INFO: Using Linear Regression Estimator
[2026-04-24 05:46:37,139][dowhy.causal_estimator][INFO] - b: X8~X5+X5*X2
[2026-04-24 05:46:37,147][dowhy.causal_model][INFO] - Model to find the causal effect of treatment ['X5'] on outcome ['X9']
[2026-04-24 05:46:37,148][dowhy.causal_identifier.auto_identifier][INFO] - Causal effect can be identified.
[2026-04-24 05:46:37,149][dowhy.causal_identifier.auto_identifier][INFO] - Instrumental variables for treatment and outcome:['X1', 'X4']
[2026-04-24 05:46:37,150][dowhy.causal_identifier.auto_identifier][INFO] - Frontdoor variables for treatment and outcome:[]
[2026-04-24 05:46:37,150][dowhy.causal_model][INFO] - linear_regression
[2026-04-24 05:46:37,150][dowhy.causal_estimator][INFO] - INFO: Using Linear Regression Estimator
[2026-04-24 05:46:37,150][dowhy.causal_estimator][INFO] - b: X9~X5+X5*X3+X5*X2
[2026-04-24 05:46:37,208][dowhy.causal_model][INFO] - Model to find the causal effect of treatment ['X6'] on outcome ['X0']
[2026-04-24 05:46:37,208][dowhy.causal_identifier.auto_identifier][WARNING] - No directed path from treatment to outcome. Causal Effect is zero.
[2026-04-24 05:46:37,208][dowhy.causal_model][INFO] - linear_regression
[2026-04-24 05:46:37,208][dowhy.causal_estimator][INFO] - INFO: Using Linear Regression Estimator
[2026-04-24 05:46:37,208][dowhy.causal_estimator][WARNING] - No directed path from ['X6'] to ['X0'].
[2026-04-24 05:46:37,210][dowhy.causal_model][INFO] - Model to find the causal effect of treatment ['X6'] on outcome ['X1']
[2026-04-24 05:46:37,210][dowhy.causal_identifier.auto_identifier][WARNING] - No directed path from treatment to outcome. Causal Effect is zero.
[2026-04-24 05:46:37,210][dowhy.causal_model][INFO] - linear_regression
[2026-04-24 05:46:37,210][dowhy.causal_estimator][INFO] - INFO: Using Linear Regression Estimator
[2026-04-24 05:46:37,210][dowhy.causal_estimator][WARNING] - No directed path from ['X6'] to ['X1'].
[2026-04-24 05:46:37,212][dowhy.causal_model][INFO] - Model to find the causal effect of treatment ['X6'] on outcome ['X2']
[2026-04-24 05:46:37,212][dowhy.causal_identifier.auto_identifier][WARNING] - No directed path from treatment to outcome. Causal Effect is zero.
[2026-04-24 05:46:37,212][dowhy.causal_model][INFO] - linear_regression
[2026-04-24 05:46:37,212][dowhy.causal_estimator][INFO] - INFO: Using Linear Regression Estimator
[2026-04-24 05:46:37,212][dowhy.causal_estimator][WARNING] - No directed path from ['X6'] to ['X2'].
[2026-04-24 05:46:37,213][dowhy.causal_model][INFO] - Model to find the causal effect of treatment ['X6'] on outcome ['X3']
[2026-04-24 05:46:37,213][dowhy.causal_identifier.auto_identifier][WARNING] - No directed path from treatment to outcome. Causal Effect is zero.
[2026-04-24 05:46:37,213][dowhy.causal_model][INFO] - linear_regression
[2026-04-24 05:46:37,214][dowhy.causal_estimator][INFO] - INFO: Using Linear Regression Estimator
[2026-04-24 05:46:37,214][dowhy.causal_estimator][WARNING] - No directed path from ['X6'] to ['X3'].
[2026-04-24 05:46:37,215][dowhy.causal_model][INFO] - Model to find the causal effect of treatment ['X6'] on outcome ['X4']
[2026-04-24 05:46:37,215][dowhy.causal_identifier.auto_identifier][WARNING] - No directed path from treatment to outcome. Causal Effect is zero.
[2026-04-24 05:46:37,215][dowhy.causal_model][INFO] - linear_regression
[2026-04-24 05:46:37,215][dowhy.causal_estimator][INFO] - INFO: Using Linear Regression Estimator
[2026-04-24 05:46:37,215][dowhy.causal_estimator][WARNING] - No directed path from ['X6'] to ['X4'].
[2026-04-24 05:46:37,217][dowhy.causal_model][INFO] - Model to find the causal effect of treatment ['X6'] on outcome ['X5']
[2026-04-24 05:46:37,217][dowhy.causal_identifier.auto_identifier][WARNING] - No directed path from treatment to outcome. Causal Effect is zero.
[2026-04-24 05:46:37,217][dowhy.causal_model][INFO] - linear_regression
[2026-04-24 05:46:37,217][dowhy.causal_estimator][INFO] - INFO: Using Linear Regression Estimator
[2026-04-24 05:46:37,217][dowhy.causal_estimator][WARNING] - No directed path from ['X6'] to ['X5'].
[2026-04-24 05:46:37,219][dowhy.causal_model][INFO] - Model to find the causal effect of treatment ['X6'] on outcome ['X7']
[2026-04-24 05:46:37,219][dowhy.causal_identifier.auto_identifier][WARNING] - No directed path from treatment to outcome. Causal Effect is zero.
[2026-04-24 05:46:37,219][dowhy.causal_model][INFO] - linear_regression
[2026-04-24 05:46:37,219][dowhy.causal_estimator][INFO] - INFO: Using Linear Regression Estimator
[2026-04-24 05:46:37,219][dowhy.causal_estimator][WARNING] - No directed path from ['X6'] to ['X7'].
[2026-04-24 05:46:37,220][dowhy.causal_model][INFO] - Model to find the causal effect of treatment ['X6'] on outcome ['X8']
[2026-04-24 05:46:37,220][dowhy.causal_identifier.auto_identifier][WARNING] - No directed path from treatment to outcome. Causal Effect is zero.
[2026-04-24 05:46:37,220][dowhy.causal_model][INFO] - linear_regression
[2026-04-24 05:46:37,220][dowhy.causal_estimator][INFO] - INFO: Using Linear Regression Estimator
[2026-04-24 05:46:37,221][dowhy.causal_estimator][WARNING] - No directed path from ['X6'] to ['X8'].
[2026-04-24 05:46:37,222][dowhy.causal_model][INFO] - Model to find the causal effect of treatment ['X6'] on outcome ['X9']
[2026-04-24 05:46:37,224][dowhy.causal_identifier.auto_identifier][INFO] - Causal effect can be identified.
[2026-04-24 05:46:37,225][dowhy.causal_identifier.auto_identifier][INFO] - Instrumental variables for treatment and outcome:['X2', 'X5']
[2026-04-24 05:46:37,225][dowhy.causal_identifier.auto_identifier][INFO] - Frontdoor variables for treatment and outcome:[]
[2026-04-24 05:46:37,225][dowhy.causal_model][INFO] - linear_regression
[2026-04-24 05:46:37,225][dowhy.causal_estimator][INFO] - INFO: Using Linear Regression Estimator
[2026-04-24 05:46:37,225][dowhy.causal_estimator][INFO] - b: X9~X6+X3
[2026-04-24 05:46:37,282][dowhy.causal_model][INFO] - Model to find the causal effect of treatment ['X7'] on outcome ['X0']
[2026-04-24 05:46:37,282][dowhy.causal_identifier.auto_identifier][WARNING] - No directed path from treatment to outcome. Causal Effect is zero.
[2026-04-24 05:46:37,282][dowhy.causal_model][INFO] - linear_regression
[2026-04-24 05:46:37,282][dowhy.causal_estimator][INFO] - INFO: Using Linear Regression Estimator
[2026-04-24 05:46:37,282][dowhy.causal_estimator][WARNING] - No directed path from ['X7'] to ['X0'].
[2026-04-24 05:46:37,283][dowhy.causal_model][INFO] - Model to find the causal effect of treatment ['X7'] on outcome ['X1']
[2026-04-24 05:46:37,283][dowhy.causal_identifier.auto_identifier][WARNING] - No directed path from treatment to outcome. Causal Effect is zero.
[2026-04-24 05:46:37,284][dowhy.causal_model][INFO] - linear_regression
[2026-04-24 05:46:37,284][dowhy.causal_estimator][INFO] - INFO: Using Linear Regression Estimator
[2026-04-24 05:46:37,284][dowhy.causal_estimator][WARNING] - No directed path from ['X7'] to ['X1'].
[2026-04-24 05:46:37,285][dowhy.causal_model][INFO] - Model to find the causal effect of treatment ['X7'] on outcome ['X2']
[2026-04-24 05:46:37,285][dowhy.causal_identifier.auto_identifier][WARNING] - No directed path from treatment to outcome. Causal Effect is zero.
[2026-04-24 05:46:37,285][dowhy.causal_model][INFO] - linear_regression
[2026-04-24 05:46:37,285][dowhy.causal_estimator][INFO] - INFO: Using Linear Regression Estimator
[2026-04-24 05:46:37,285][dowhy.causal_estimator][WARNING] - No directed path from ['X7'] to ['X2'].
[2026-04-24 05:46:37,287][dowhy.causal_model][INFO] - Model to find the causal effect of treatment ['X7'] on outcome ['X3']
[2026-04-24 05:46:37,287][dowhy.causal_identifier.auto_identifier][WARNING] - No directed path from treatment to outcome. Causal Effect is zero.
[2026-04-24 05:46:37,287][dowhy.causal_model][INFO] - linear_regression
[2026-04-24 05:46:37,287][dowhy.causal_estimator][INFO] - INFO: Using Linear Regression Estimator
[2026-04-24 05:46:37,287][dowhy.causal_estimator][WARNING] - No directed path from ['X7'] to ['X3'].
[2026-04-24 05:46:37,289][dowhy.causal_model][INFO] - Model to find the causal effect of treatment ['X7'] on outcome ['X4']
[2026-04-24 05:46:37,289][dowhy.causal_identifier.auto_identifier][WARNING] - No directed path from treatment to outcome. Causal Effect is zero.
[2026-04-24 05:46:37,289][dowhy.causal_model][INFO] - linear_regression
[2026-04-24 05:46:37,289][dowhy.causal_estimator][INFO] - INFO: Using Linear Regression Estimator
[2026-04-24 05:46:37,289][dowhy.causal_estimator][WARNING] - No directed path from ['X7'] to ['X4'].
[2026-04-24 05:46:37,291][dowhy.causal_model][INFO] - Model to find the causal effect of treatment ['X7'] on outcome ['X5']
[2026-04-24 05:46:37,291][dowhy.causal_identifier.auto_identifier][WARNING] - No directed path from treatment to outcome. Causal Effect is zero.
[2026-04-24 05:46:37,291][dowhy.causal_model][INFO] - linear_regression
[2026-04-24 05:46:37,291][dowhy.causal_estimator][INFO] - INFO: Using Linear Regression Estimator
[2026-04-24 05:46:37,291][dowhy.causal_estimator][WARNING] - No directed path from ['X7'] to ['X5'].
[2026-04-24 05:46:37,292][dowhy.causal_model][INFO] - Model to find the causal effect of treatment ['X7'] on outcome ['X6']
[2026-04-24 05:46:37,292][dowhy.causal_identifier.auto_identifier][WARNING] - No directed path from treatment to outcome. Causal Effect is zero.
[2026-04-24 05:46:37,293][dowhy.causal_model][INFO] - linear_regression
[2026-04-24 05:46:37,293][dowhy.causal_estimator][INFO] - INFO: Using Linear Regression Estimator
[2026-04-24 05:46:37,293][dowhy.causal_estimator][WARNING] - No directed path from ['X7'] to ['X6'].
[2026-04-24 05:46:37,294][dowhy.causal_model][INFO] - Model to find the causal effect of treatment ['X7'] on outcome ['X8']
[2026-04-24 05:46:37,294][dowhy.causal_identifier.auto_identifier][WARNING] - No directed path from treatment to outcome. Causal Effect is zero.
[2026-04-24 05:46:37,294][dowhy.causal_model][INFO] - linear_regression
[2026-04-24 05:46:37,294][dowhy.causal_estimator][INFO] - INFO: Using Linear Regression Estimator
[2026-04-24 05:46:37,294][dowhy.causal_estimator][WARNING] - No directed path from ['X7'] to ['X8'].
[2026-04-24 05:46:37,296][dowhy.causal_model][INFO] - Model to find the causal effect of treatment ['X7'] on outcome ['X9']
[2026-04-24 05:46:37,296][dowhy.causal_identifier.auto_identifier][WARNING] - No directed path from treatment to outcome. Causal Effect is zero.
[2026-04-24 05:46:37,296][dowhy.causal_model][INFO] - linear_regression
[2026-04-24 05:46:37,296][dowhy.causal_estimator][INFO] - INFO: Using Linear Regression Estimator
[2026-04-24 05:46:37,296][dowhy.causal_estimator][WARNING] - No directed path from ['X7'] to ['X9'].
[2026-04-24 05:46:37,345][dowhy.causal_model][INFO] - Model to find the causal effect of treatment ['X8'] on outcome ['X0']
[2026-04-24 05:46:37,345][dowhy.causal_identifier.auto_identifier][WARNING] - No directed path from treatment to outcome. Causal Effect is zero.
[2026-04-24 05:46:37,345][dowhy.causal_model][INFO] - linear_regression
[2026-04-24 05:46:37,346][dowhy.causal_estimator][INFO] - INFO: Using Linear Regression Estimator
[2026-04-24 05:46:37,346][dowhy.causal_estimator][WARNING] - No directed path from ['X8'] to ['X0'].
[2026-04-24 05:46:37,347][dowhy.causal_model][INFO] - Model to find the causal effect of treatment ['X8'] on outcome ['X1']
[2026-04-24 05:46:37,347][dowhy.causal_identifier.auto_identifier][WARNING] - No directed path from treatment to outcome. Causal Effect is zero.
[2026-04-24 05:46:37,347][dowhy.causal_model][INFO] - linear_regression
[2026-04-24 05:46:37,347][dowhy.causal_estimator][INFO] - INFO: Using Linear Regression Estimator
[2026-04-24 05:46:37,347][dowhy.causal_estimator][WARNING] - No directed path from ['X8'] to ['X1'].
[2026-04-24 05:46:37,349][dowhy.causal_model][INFO] - Model to find the causal effect of treatment ['X8'] on outcome ['X2']
[2026-04-24 05:46:37,349][dowhy.causal_identifier.auto_identifier][WARNING] - No directed path from treatment to outcome. Causal Effect is zero.
[2026-04-24 05:46:37,350][dowhy.causal_model][INFO] - linear_regression
[2026-04-24 05:46:37,350][dowhy.causal_estimator][INFO] - INFO: Using Linear Regression Estimator
[2026-04-24 05:46:37,350][dowhy.causal_estimator][WARNING] - No directed path from ['X8'] to ['X2'].
[2026-04-24 05:46:37,351][dowhy.causal_model][INFO] - Model to find the causal effect of treatment ['X8'] on outcome ['X3']
[2026-04-24 05:46:37,351][dowhy.causal_identifier.auto_identifier][WARNING] - No directed path from treatment to outcome. Causal Effect is zero.
[2026-04-24 05:46:37,352][dowhy.causal_model][INFO] - linear_regression
[2026-04-24 05:46:37,352][dowhy.causal_estimator][INFO] - INFO: Using Linear Regression Estimator
[2026-04-24 05:46:37,352][dowhy.causal_estimator][WARNING] - No directed path from ['X8'] to ['X3'].
[2026-04-24 05:46:37,353][dowhy.causal_model][INFO] - Model to find the causal effect of treatment ['X8'] on outcome ['X4']
[2026-04-24 05:46:37,353][dowhy.causal_identifier.auto_identifier][WARNING] - No directed path from treatment to outcome. Causal Effect is zero.
[2026-04-24 05:46:37,353][dowhy.causal_model][INFO] - linear_regression
[2026-04-24 05:46:37,353][dowhy.causal_estimator][INFO] - INFO: Using Linear Regression Estimator
[2026-04-24 05:46:37,353][dowhy.causal_estimator][WARNING] - No directed path from ['X8'] to ['X4'].
[2026-04-24 05:46:37,355][dowhy.causal_model][INFO] - Model to find the causal effect of treatment ['X8'] on outcome ['X5']
[2026-04-24 05:46:37,355][dowhy.causal_identifier.auto_identifier][WARNING] - No directed path from treatment to outcome. Causal Effect is zero.
[2026-04-24 05:46:37,355][dowhy.causal_model][INFO] - linear_regression
[2026-04-24 05:46:37,355][dowhy.causal_estimator][INFO] - INFO: Using Linear Regression Estimator
[2026-04-24 05:46:37,355][dowhy.causal_estimator][WARNING] - No directed path from ['X8'] to ['X5'].
[2026-04-24 05:46:37,357][dowhy.causal_model][INFO] - Model to find the causal effect of treatment ['X8'] on outcome ['X6']
[2026-04-24 05:46:37,357][dowhy.causal_identifier.auto_identifier][WARNING] - No directed path from treatment to outcome. Causal Effect is zero.
[2026-04-24 05:46:37,357][dowhy.causal_model][INFO] - linear_regression
[2026-04-24 05:46:37,357][dowhy.causal_estimator][INFO] - INFO: Using Linear Regression Estimator
[2026-04-24 05:46:37,357][dowhy.causal_estimator][WARNING] - No directed path from ['X8'] to ['X6'].
[2026-04-24 05:46:37,359][dowhy.causal_model][INFO] - Model to find the causal effect of treatment ['X8'] on outcome ['X7']
[2026-04-24 05:46:37,359][dowhy.causal_identifier.auto_identifier][WARNING] - No directed path from treatment to outcome. Causal Effect is zero.
[2026-04-24 05:46:37,359][dowhy.causal_model][INFO] - linear_regression
[2026-04-24 05:46:37,359][dowhy.causal_estimator][INFO] - INFO: Using Linear Regression Estimator
[2026-04-24 05:46:37,359][dowhy.causal_estimator][WARNING] - No directed path from ['X8'] to ['X7'].
[2026-04-24 05:46:37,361][dowhy.causal_model][INFO] - Model to find the causal effect of treatment ['X8'] on outcome ['X9']
[2026-04-24 05:46:37,361][dowhy.causal_identifier.auto_identifier][WARNING] - No directed path from treatment to outcome. Causal Effect is zero.
[2026-04-24 05:46:37,361][dowhy.causal_model][INFO] - linear_regression
[2026-04-24 05:46:37,361][dowhy.causal_estimator][INFO] - INFO: Using Linear Regression Estimator
[2026-04-24 05:46:37,361][dowhy.causal_estimator][WARNING] - No directed path from ['X8'] to ['X9'].
[2026-04-24 05:46:37,417][dowhy.causal_model][INFO] - Model to find the causal effect of treatment ['X9'] on outcome ['X0']
[2026-04-24 05:46:37,417][dowhy.causal_identifier.auto_identifier][WARNING] - No directed path from treatment to outcome. Causal Effect is zero.
[2026-04-24 05:46:37,417][dowhy.causal_model][INFO] - linear_regression
[2026-04-24 05:46:37,417][dowhy.causal_estimator][INFO] - INFO: Using Linear Regression Estimator
[2026-04-24 05:46:37,417][dowhy.causal_estimator][WARNING] - No directed path from ['X9'] to ['X0'].
[2026-04-24 05:46:37,419][dowhy.causal_model][INFO] - Model to find the causal effect of treatment ['X9'] on outcome ['X1']
[2026-04-24 05:46:37,419][dowhy.causal_identifier.auto_identifier][WARNING] - No directed path from treatment to outcome. Causal Effect is zero.
[2026-04-24 05:46:37,420][dowhy.causal_model][INFO] - linear_regression
[2026-04-24 05:46:37,420][dowhy.causal_estimator][INFO] - INFO: Using Linear Regression Estimator
[2026-04-24 05:46:37,420][dowhy.causal_estimator][WARNING] - No directed path from ['X9'] to ['X1'].
[2026-04-24 05:46:37,421][dowhy.causal_model][INFO] - Model to find the causal effect of treatment ['X9'] on outcome ['X2']
[2026-04-24 05:46:37,421][dowhy.causal_identifier.auto_identifier][WARNING] - No directed path from treatment to outcome. Causal Effect is zero.
[2026-04-24 05:46:37,422][dowhy.causal_model][INFO] - linear_regression
[2026-04-24 05:46:37,422][dowhy.causal_estimator][INFO] - INFO: Using Linear Regression Estimator
[2026-04-24 05:46:37,422][dowhy.causal_estimator][WARNING] - No directed path from ['X9'] to ['X2'].
[2026-04-24 05:46:37,423][dowhy.causal_model][INFO] - Model to find the causal effect of treatment ['X9'] on outcome ['X3']
[2026-04-24 05:46:37,423][dowhy.causal_identifier.auto_identifier][WARNING] - No directed path from treatment to outcome. Causal Effect is zero.
[2026-04-24 05:46:37,423][dowhy.causal_model][INFO] - linear_regression
[2026-04-24 05:46:37,423][dowhy.causal_estimator][INFO] - INFO: Using Linear Regression Estimator
[2026-04-24 05:46:37,423][dowhy.causal_estimator][WARNING] - No directed path from ['X9'] to ['X3'].
[2026-04-24 05:46:37,425][dowhy.causal_model][INFO] - Model to find the causal effect of treatment ['X9'] on outcome ['X4']
[2026-04-24 05:46:37,425][dowhy.causal_identifier.auto_identifier][WARNING] - No directed path from treatment to outcome. Causal Effect is zero.
[2026-04-24 05:46:37,425][dowhy.causal_model][INFO] - linear_regression
[2026-04-24 05:46:37,425][dowhy.causal_estimator][INFO] - INFO: Using Linear Regression Estimator
[2026-04-24 05:46:37,425][dowhy.causal_estimator][WARNING] - No directed path from ['X9'] to ['X4'].
[2026-04-24 05:46:37,427][dowhy.causal_model][INFO] - Model to find the causal effect of treatment ['X9'] on outcome ['X5']
[2026-04-24 05:46:37,427][dowhy.causal_identifier.auto_identifier][WARNING] - No directed path from treatment to outcome. Causal Effect is zero.
[2026-04-24 05:46:37,427][dowhy.causal_model][INFO] - linear_regression
[2026-04-24 05:46:37,427][dowhy.causal_estimator][INFO] - INFO: Using Linear Regression Estimator
[2026-04-24 05:46:37,427][dowhy.causal_estimator][WARNING] - No directed path from ['X9'] to ['X5'].
[2026-04-24 05:46:37,429][dowhy.causal_model][INFO] - Model to find the causal effect of treatment ['X9'] on outcome ['X6']
[2026-04-24 05:46:37,429][dowhy.causal_identifier.auto_identifier][WARNING] - No directed path from treatment to outcome. Causal Effect is zero.
[2026-04-24 05:46:37,429][dowhy.causal_model][INFO] - linear_regression
[2026-04-24 05:46:37,429][dowhy.causal_estimator][INFO] - INFO: Using Linear Regression Estimator
[2026-04-24 05:46:37,429][dowhy.causal_estimator][WARNING] - No directed path from ['X9'] to ['X6'].
[2026-04-24 05:46:37,431][dowhy.causal_model][INFO] - Model to find the causal effect of treatment ['X9'] on outcome ['X7']
[2026-04-24 05:46:37,431][dowhy.causal_identifier.auto_identifier][WARNING] - No directed path from treatment to outcome. Causal Effect is zero.
[2026-04-24 05:46:37,431][dowhy.causal_model][INFO] - linear_regression
[2026-04-24 05:46:37,431][dowhy.causal_estimator][INFO] - INFO: Using Linear Regression Estimator
[2026-04-24 05:46:37,431][dowhy.causal_estimator][WARNING] - No directed path from ['X9'] to ['X7'].
[2026-04-24 05:46:37,433][dowhy.causal_model][INFO] - Model to find the causal effect of treatment ['X9'] on outcome ['X8']
[2026-04-24 05:46:37,433][dowhy.causal_identifier.auto_identifier][WARNING] - No directed path from treatment to outcome. Causal Effect is zero.
[2026-04-24 05:46:37,433][dowhy.causal_model][INFO] - linear_regression
[2026-04-24 05:46:37,433][dowhy.causal_estimator][INFO] - INFO: Using Linear Regression Estimator
[2026-04-24 05:46:37,433][dowhy.causal_estimator][WARNING] - No directed path from ['X9'] to ['X8'].
[2026-04-24 05:46:37,511][dowhy.causal_model][INFO] - Model to find the causal effect of treatment ['X0'] on outcome ['X1']
[2026-04-24 05:46:37,511][dowhy.causal_identifier.auto_identifier][WARNING] - No directed path from treatment to outcome. Causal Effect is zero.
[2026-04-24 05:46:37,511][dowhy.causal_model][INFO] - linear_regression
[2026-04-24 05:46:37,511][dowhy.causal_estimator][INFO] - INFO: Using Linear Regression Estimator
[2026-04-24 05:46:37,511][dowhy.causal_estimator][WARNING] - No directed path from ['X0'] to ['X1'].
[2026-04-24 05:46:37,513][dowhy.causal_model][INFO] - Model to find the causal effect of treatment ['X0'] on outcome ['X2']
[2026-04-24 05:46:37,513][dowhy.causal_identifier.auto_identifier][WARNING] - No directed path from treatment to outcome. Causal Effect is zero.
[2026-04-24 05:46:37,513][dowhy.causal_model][INFO] - linear_regression
[2026-04-24 05:46:37,513][dowhy.causal_estimator][INFO] - INFO: Using Linear Regression Estimator
[2026-04-24 05:46:37,513][dowhy.causal_estimator][WARNING] - No directed path from ['X0'] to ['X2'].
[2026-04-24 05:46:37,515][dowhy.causal_model][INFO] - Model to find the causal effect of treatment ['X0'] on outcome ['X3']
[2026-04-24 05:46:37,515][dowhy.causal_identifier.auto_identifier][WARNING] - No directed path from treatment to outcome. Causal Effect is zero.
[2026-04-24 05:46:37,515][dowhy.causal_model][INFO] - linear_regression
[2026-04-24 05:46:37,515][dowhy.causal_estimator][INFO] - INFO: Using Linear Regression Estimator
[2026-04-24 05:46:37,515][dowhy.causal_estimator][WARNING] - No directed path from ['X0'] to ['X3'].
[2026-04-24 05:46:37,517][dowhy.causal_model][INFO] - Model to find the causal effect of treatment ['X0'] on outcome ['X4']
[2026-04-24 05:46:37,518][dowhy.causal_identifier.auto_identifier][INFO] - Causal effect can be identified.
[2026-04-24 05:46:37,518][dowhy.causal_identifier.auto_identifier][INFO] - Instrumental variables for treatment and outcome:[]
[2026-04-24 05:46:37,518][dowhy.causal_identifier.auto_identifier][INFO] - Frontdoor variables for treatment and outcome:[]
[2026-04-24 05:46:37,518][dowhy.causal_model][INFO] - linear_regression
[2026-04-24 05:46:37,518][dowhy.causal_estimator][INFO] - INFO: Using Linear Regression Estimator
[2026-04-24 05:46:37,519][dowhy.causal_estimator][INFO] - b: X4~X0+X0*X1
[2026-04-24 05:46:37,526][dowhy.causal_model][INFO] - Model to find the causal effect of treatment ['X0'] on outcome ['X5']
[2026-04-24 05:46:37,527][dowhy.causal_identifier.auto_identifier][INFO] - Causal effect can be identified.
[2026-04-24 05:46:37,528][dowhy.causal_identifier.auto_identifier][INFO] - Instrumental variables for treatment and outcome:[]
[2026-04-24 05:46:37,528][dowhy.causal_identifier.auto_identifier][INFO] - Frontdoor variables for treatment and outcome:[]
[2026-04-24 05:46:37,528][dowhy.causal_model][INFO] - linear_regression
[2026-04-24 05:46:37,528][dowhy.causal_estimator][INFO] - INFO: Using Linear Regression Estimator
[2026-04-24 05:46:37,528][dowhy.causal_estimator][INFO] - b: X5~X0+X0*X1
[2026-04-24 05:46:37,536][dowhy.causal_model][INFO] - Model to find the causal effect of treatment ['X0'] on outcome ['X6']
[2026-04-24 05:46:37,537][dowhy.causal_identifier.auto_identifier][INFO] - Causal effect can be identified.
[2026-04-24 05:46:37,537][dowhy.causal_identifier.auto_identifier][INFO] - Instrumental variables for treatment and outcome:[]
[2026-04-24 05:46:37,540][dowhy.causal_identifier.auto_identifier][INFO] - Frontdoor variables for treatment and outcome:['X7', 'X5', 'X4']
[2026-04-24 05:46:37,541][dowhy.causal_identifier.auto_identifier][INFO] - Causal effect can be identified.
[2026-04-24 05:46:37,542][dowhy.causal_identifier.auto_identifier][INFO] - Causal effect can be identified.
[2026-04-24 05:46:37,543][dowhy.causal_model][INFO] - linear_regression
[2026-04-24 05:46:37,543][dowhy.causal_estimator][INFO] - INFO: Using Linear Regression Estimator
[2026-04-24 05:46:37,543][dowhy.causal_estimator][INFO] - b: X6~X0+X0*X3+X0*X2+X0*X1
[2026-04-24 05:46:37,551][dowhy.causal_model][INFO] - Model to find the causal effect of treatment ['X0'] on outcome ['X7']
[2026-04-24 05:46:37,552][dowhy.causal_identifier.auto_identifier][INFO] - Causal effect can be identified.
[2026-04-24 05:46:37,552][dowhy.causal_identifier.auto_identifier][INFO] - Instrumental variables for treatment and outcome:[]
[2026-04-24 05:46:37,555][dowhy.causal_identifier.auto_identifier][INFO] - Frontdoor variables for treatment and outcome:[]
[2026-04-24 05:46:37,555][dowhy.causal_model][INFO] - linear_regression
[2026-04-24 05:46:37,555][dowhy.causal_estimator][INFO] - INFO: Using Linear Regression Estimator
[2026-04-24 05:46:37,555][dowhy.causal_estimator][INFO] - b: X7~X0+X0*X1
[2026-04-24 05:46:37,563][dowhy.causal_model][INFO] - Model to find the causal effect of treatment ['X0'] on outcome ['X8']
[2026-04-24 05:46:37,564][dowhy.causal_identifier.auto_identifier][INFO] - Causal effect can be identified.
[2026-04-24 05:46:37,565][dowhy.causal_identifier.auto_identifier][INFO] - Instrumental variables for treatment and outcome:[]
[2026-04-24 05:46:37,568][dowhy.causal_identifier.auto_identifier][INFO] - Frontdoor variables for treatment and outcome:['X7', 'X5', 'X4']
[2026-04-24 05:46:37,569][dowhy.causal_identifier.auto_identifier][INFO] - Causal effect can be identified.
[2026-04-24 05:46:37,571][dowhy.causal_identifier.auto_identifier][INFO] - Causal effect can be identified.
[2026-04-24 05:46:37,572][dowhy.causal_model][INFO] - linear_regression
[2026-04-24 05:46:37,572][dowhy.causal_estimator][INFO] - INFO: Using Linear Regression Estimator
[2026-04-24 05:46:37,572][dowhy.causal_estimator][INFO] - b: X8~X0+X0*X2+X0*X1
[2026-04-24 05:46:37,580][dowhy.causal_model][INFO] - Model to find the causal effect of treatment ['X0'] on outcome ['X9']
[2026-04-24 05:46:37,581][dowhy.causal_identifier.auto_identifier][INFO] - Causal effect can be identified.
[2026-04-24 05:46:37,582][dowhy.causal_identifier.auto_identifier][INFO] - Instrumental variables for treatment and outcome:[]
[2026-04-24 05:46:37,585][dowhy.causal_identifier.auto_identifier][INFO] - Frontdoor variables for treatment and outcome:['X7', 'X5', 'X4']
[2026-04-24 05:46:37,586][dowhy.causal_identifier.auto_identifier][INFO] - Causal effect can be identified.
[2026-04-24 05:46:37,588][dowhy.causal_identifier.auto_identifier][INFO] - Causal effect can be identified.
[2026-04-24 05:46:37,589][dowhy.causal_model][INFO] - linear_regression
[2026-04-24 05:46:37,589][dowhy.causal_estimator][INFO] - INFO: Using Linear Regression Estimator
[2026-04-24 05:46:37,589][dowhy.causal_estimator][INFO] - b: X9~X0+X0*X3+X0*X2+X0*X1
[2026-04-24 05:46:37,654][dowhy.causal_model][INFO] - Model to find the causal effect of treatment ['X1'] on outcome ['X0']
[2026-04-24 05:46:37,654][dowhy.causal_identifier.auto_identifier][WARNING] - No directed path from treatment to outcome. Causal Effect is zero.
[2026-04-24 05:46:37,654][dowhy.causal_model][INFO] - linear_regression
[2026-04-24 05:46:37,655][dowhy.causal_estimator][INFO] - INFO: Using Linear Regression Estimator
[2026-04-24 05:46:37,655][dowhy.causal_estimator][WARNING] - No directed path from ['X1'] to ['X0'].
[2026-04-24 05:46:37,656][dowhy.causal_model][INFO] - Model to find the causal effect of treatment ['X1'] on outcome ['X2']
[2026-04-24 05:46:37,657][dowhy.causal_identifier.auto_identifier][WARNING] - No directed path from treatment to outcome. Causal Effect is zero.
[2026-04-24 05:46:37,657][dowhy.causal_model][INFO] - linear_regression
[2026-04-24 05:46:37,657][dowhy.causal_estimator][INFO] - INFO: Using Linear Regression Estimator
[2026-04-24 05:46:37,657][dowhy.causal_estimator][WARNING] - No directed path from ['X1'] to ['X2'].
[2026-04-24 05:46:37,659][dowhy.causal_model][INFO] - Model to find the causal effect of treatment ['X1'] on outcome ['X3']
[2026-04-24 05:46:37,659][dowhy.causal_identifier.auto_identifier][WARNING] - No directed path from treatment to outcome. Causal Effect is zero.
[2026-04-24 05:46:37,659][dowhy.causal_model][INFO] - linear_regression
[2026-04-24 05:46:37,659][dowhy.causal_estimator][INFO] - INFO: Using Linear Regression Estimator
[2026-04-24 05:46:37,659][dowhy.causal_estimator][WARNING] - No directed path from ['X1'] to ['X3'].
[2026-04-24 05:46:37,661][dowhy.causal_model][INFO] - Model to find the causal effect of treatment ['X1'] on outcome ['X4']
[2026-04-24 05:46:37,662][dowhy.causal_identifier.auto_identifier][INFO] - Causal effect can be identified.
[2026-04-24 05:46:37,662][dowhy.causal_identifier.auto_identifier][INFO] - Instrumental variables for treatment and outcome:[]
[2026-04-24 05:46:37,662][dowhy.causal_identifier.auto_identifier][INFO] - Frontdoor variables for treatment and outcome:[]
[2026-04-24 05:46:37,662][dowhy.causal_model][INFO] - linear_regression
[2026-04-24 05:46:37,662][dowhy.causal_estimator][INFO] - INFO: Using Linear Regression Estimator
[2026-04-24 05:46:37,663][dowhy.causal_estimator][INFO] - b: X4~X1+X1*X0
[2026-04-24 05:46:37,670][dowhy.causal_model][INFO] - Model to find the causal effect of treatment ['X1'] on outcome ['X5']
[2026-04-24 05:46:37,671][dowhy.causal_identifier.auto_identifier][INFO] - Causal effect can be identified.
[2026-04-24 05:46:37,672][dowhy.causal_identifier.auto_identifier][INFO] - Instrumental variables for treatment and outcome:[]
[2026-04-24 05:46:37,672][dowhy.causal_identifier.auto_identifier][INFO] - Frontdoor variables for treatment and outcome:[]
[2026-04-24 05:46:37,672][dowhy.causal_model][INFO] - linear_regression
[2026-04-24 05:46:37,672][dowhy.causal_estimator][INFO] - INFO: Using Linear Regression Estimator
[2026-04-24 05:46:37,672][dowhy.causal_estimator][INFO] - b: X5~X1+X1*X0
[2026-04-24 05:46:37,680][dowhy.causal_model][INFO] - Model to find the causal effect of treatment ['X1'] on outcome ['X6']
[2026-04-24 05:46:37,681][dowhy.causal_identifier.auto_identifier][INFO] - Causal effect can be identified.
[2026-04-24 05:46:37,682][dowhy.causal_identifier.auto_identifier][INFO] - Instrumental variables for treatment and outcome:[]
[2026-04-24 05:46:37,684][dowhy.causal_identifier.auto_identifier][INFO] - Frontdoor variables for treatment and outcome:['X5', 'X7', 'X4']
[2026-04-24 05:46:37,685][dowhy.causal_identifier.auto_identifier][INFO] - Causal effect can be identified.
[2026-04-24 05:46:37,687][dowhy.causal_identifier.auto_identifier][INFO] - Causal effect can be identified.
[2026-04-24 05:46:37,688][dowhy.causal_model][INFO] - linear_regression
[2026-04-24 05:46:37,688][dowhy.causal_estimator][INFO] - INFO: Using Linear Regression Estimator
[2026-04-24 05:46:37,688][dowhy.causal_estimator][INFO] - b: X6~X1+X1*X3+X1*X0+X1*X2
[2026-04-24 05:46:37,695][dowhy.causal_model][INFO] - Model to find the causal effect of treatment ['X1'] on outcome ['X7']
[2026-04-24 05:46:37,696][dowhy.causal_identifier.auto_identifier][INFO] - Causal effect can be identified.
[2026-04-24 05:46:37,697][dowhy.causal_identifier.auto_identifier][INFO] - Instrumental variables for treatment and outcome:[]
[2026-04-24 05:46:37,699][dowhy.causal_identifier.auto_identifier][INFO] - Frontdoor variables for treatment and outcome:[]
[2026-04-24 05:46:37,700][dowhy.causal_model][INFO] - linear_regression
[2026-04-24 05:46:37,700][dowhy.causal_estimator][INFO] - INFO: Using Linear Regression Estimator
[2026-04-24 05:46:37,700][dowhy.causal_estimator][INFO] - b: X7~X1+X1*X0
[2026-04-24 05:46:37,707][dowhy.causal_model][INFO] - Model to find the causal effect of treatment ['X1'] on outcome ['X8']
[2026-04-24 05:46:37,708][dowhy.causal_identifier.auto_identifier][INFO] - Causal effect can be identified.
[2026-04-24 05:46:37,709][dowhy.causal_identifier.auto_identifier][INFO] - Instrumental variables for treatment and outcome:[]
[2026-04-24 05:46:37,712][dowhy.causal_identifier.auto_identifier][INFO] - Frontdoor variables for treatment and outcome:['X5', 'X7', 'X4']
[2026-04-24 05:46:37,713][dowhy.causal_identifier.auto_identifier][INFO] - Causal effect can be identified.
[2026-04-24 05:46:37,715][dowhy.causal_identifier.auto_identifier][INFO] - Causal effect can be identified.
[2026-04-24 05:46:37,715][dowhy.causal_model][INFO] - linear_regression
[2026-04-24 05:46:37,715][dowhy.causal_estimator][INFO] - INFO: Using Linear Regression Estimator
[2026-04-24 05:46:37,715][dowhy.causal_estimator][INFO] - b: X8~X1+X1*X0+X1*X2
[2026-04-24 05:46:37,723][dowhy.causal_model][INFO] - Model to find the causal effect of treatment ['X1'] on outcome ['X9']
[2026-04-24 05:46:37,724][dowhy.causal_identifier.auto_identifier][INFO] - Causal effect can be identified.
[2026-04-24 05:46:37,724][dowhy.causal_identifier.auto_identifier][INFO] - Instrumental variables for treatment and outcome:[]
[2026-04-24 05:46:37,727][dowhy.causal_identifier.auto_identifier][INFO] - Frontdoor variables for treatment and outcome:['X5', 'X7', 'X4']
[2026-04-24 05:46:37,729][dowhy.causal_identifier.auto_identifier][INFO] - Causal effect can be identified.
[2026-04-24 05:46:37,730][dowhy.causal_identifier.auto_identifier][INFO] - Causal effect can be identified.
[2026-04-24 05:46:37,731][dowhy.causal_model][INFO] - linear_regression
[2026-04-24 05:46:37,731][dowhy.causal_estimator][INFO] - INFO: Using Linear Regression Estimator
[2026-04-24 05:46:37,731][dowhy.causal_estimator][INFO] - b: X9~X1+X1*X3+X1*X0+X1*X2
[2026-04-24 05:46:37,794][dowhy.causal_model][INFO] - Model to find the causal effect of treatment ['X2'] on outcome ['X0']
[2026-04-24 05:46:37,794][dowhy.causal_identifier.auto_identifier][WARNING] - No directed path from treatment to outcome. Causal Effect is zero.
[2026-04-24 05:46:37,794][dowhy.causal_model][INFO] - linear_regression
[2026-04-24 05:46:37,794][dowhy.causal_estimator][INFO] - INFO: Using Linear Regression Estimator
[2026-04-24 05:46:37,794][dowhy.causal_estimator][WARNING] - No directed path from ['X2'] to ['X0'].
[2026-04-24 05:46:37,797][dowhy.causal_model][INFO] - Model to find the causal effect of treatment ['X2'] on outcome ['X1']
[2026-04-24 05:46:37,797][dowhy.causal_identifier.auto_identifier][WARNING] - No directed path from treatment to outcome. Causal Effect is zero.
[2026-04-24 05:46:37,797][dowhy.causal_model][INFO] - linear_regression
[2026-04-24 05:46:37,797][dowhy.causal_estimator][INFO] - INFO: Using Linear Regression Estimator
[2026-04-24 05:46:37,797][dowhy.causal_estimator][WARNING] - No directed path from ['X2'] to ['X1'].
[2026-04-24 05:46:37,798][dowhy.causal_model][INFO] - Model to find the causal effect of treatment ['X2'] on outcome ['X3']
[2026-04-24 05:46:37,799][dowhy.causal_identifier.auto_identifier][WARNING] - No directed path from treatment to outcome. Causal Effect is zero.
[2026-04-24 05:46:37,799][dowhy.causal_model][INFO] - linear_regression
[2026-04-24 05:46:37,799][dowhy.causal_estimator][INFO] - INFO: Using Linear Regression Estimator
[2026-04-24 05:46:37,799][dowhy.causal_estimator][WARNING] - No directed path from ['X2'] to ['X3'].
[2026-04-24 05:46:37,800][dowhy.causal_model][INFO] - Model to find the causal effect of treatment ['X2'] on outcome ['X4']
[2026-04-24 05:46:37,801][dowhy.causal_identifier.auto_identifier][WARNING] - No directed path from treatment to outcome. Causal Effect is zero.
[2026-04-24 05:46:37,801][dowhy.causal_model][INFO] - linear_regression
[2026-04-24 05:46:37,801][dowhy.causal_estimator][INFO] - INFO: Using Linear Regression Estimator
[2026-04-24 05:46:37,801][dowhy.causal_estimator][WARNING] - No directed path from ['X2'] to ['X4'].
[2026-04-24 05:46:37,803][dowhy.causal_model][INFO] - Model to find the causal effect of treatment ['X2'] on outcome ['X5']
[2026-04-24 05:46:37,803][dowhy.causal_identifier.auto_identifier][WARNING] - No directed path from treatment to outcome. Causal Effect is zero.
[2026-04-24 05:46:37,803][dowhy.causal_model][INFO] - linear_regression
[2026-04-24 05:46:37,803][dowhy.causal_estimator][INFO] - INFO: Using Linear Regression Estimator
[2026-04-24 05:46:37,803][dowhy.causal_estimator][WARNING] - No directed path from ['X2'] to ['X5'].
[2026-04-24 05:46:37,805][dowhy.causal_model][INFO] - Model to find the causal effect of treatment ['X2'] on outcome ['X6']
[2026-04-24 05:46:37,807][dowhy.causal_identifier.auto_identifier][INFO] - Causal effect can be identified.
[2026-04-24 05:46:37,807][dowhy.causal_identifier.auto_identifier][INFO] - Instrumental variables for treatment and outcome:[]
[2026-04-24 05:46:37,808][dowhy.causal_identifier.auto_identifier][INFO] - Frontdoor variables for treatment and outcome:[]
[2026-04-24 05:46:37,808][dowhy.causal_model][INFO] - linear_regression
[2026-04-24 05:46:37,808][dowhy.causal_estimator][INFO] - INFO: Using Linear Regression Estimator
[2026-04-24 05:46:37,808][dowhy.causal_estimator][INFO] - b: X6~X2+X2*X3+X2*X5+X2*X4+X2*X1+X2*X0
[2026-04-24 05:46:37,817][dowhy.causal_model][INFO] - Model to find the causal effect of treatment ['X2'] on outcome ['X7']
[2026-04-24 05:46:37,817][dowhy.causal_identifier.auto_identifier][WARNING] - No directed path from treatment to outcome. Causal Effect is zero.
[2026-04-24 05:46:37,817][dowhy.causal_model][INFO] - linear_regression
[2026-04-24 05:46:37,817][dowhy.causal_estimator][INFO] - INFO: Using Linear Regression Estimator
[2026-04-24 05:46:37,817][dowhy.causal_estimator][WARNING] - No directed path from ['X2'] to ['X7'].
[2026-04-24 05:46:37,819][dowhy.causal_model][INFO] - Model to find the causal effect of treatment ['X2'] on outcome ['X8']
[2026-04-24 05:46:37,821][dowhy.causal_identifier.auto_identifier][INFO] - Causal effect can be identified.
[2026-04-24 05:46:37,821][dowhy.causal_identifier.auto_identifier][INFO] - Instrumental variables for treatment and outcome:[]
[2026-04-24 05:46:37,822][dowhy.causal_identifier.auto_identifier][INFO] - Frontdoor variables for treatment and outcome:[]
[2026-04-24 05:46:37,822][dowhy.causal_model][INFO] - linear_regression
[2026-04-24 05:46:37,822][dowhy.causal_estimator][INFO] - INFO: Using Linear Regression Estimator
[2026-04-24 05:46:37,822][dowhy.causal_estimator][INFO] - b: X8~X2+X2*X1+X2*X0+X2*X5+X2*X4
[2026-04-24 05:46:37,831][dowhy.causal_model][INFO] - Model to find the causal effect of treatment ['X2'] on outcome ['X9']
[2026-04-24 05:46:37,833][dowhy.causal_identifier.auto_identifier][INFO] - Causal effect can be identified.
[2026-04-24 05:46:37,834][dowhy.causal_identifier.auto_identifier][INFO] - Instrumental variables for treatment and outcome:[]
[2026-04-24 05:46:37,834][dowhy.causal_identifier.auto_identifier][INFO] - Frontdoor variables for treatment and outcome:[]
[2026-04-24 05:46:37,834][dowhy.causal_model][INFO] - linear_regression
[2026-04-24 05:46:37,834][dowhy.causal_estimator][INFO] - INFO: Using Linear Regression Estimator
[2026-04-24 05:46:37,834][dowhy.causal_estimator][INFO] - b: X9~X2+X2*X3+X2*X5+X2*X4+X2*X1+X2*X0
[2026-04-24 05:46:37,897][dowhy.causal_model][INFO] - Model to find the causal effect of treatment ['X3'] on outcome ['X0']
[2026-04-24 05:46:37,897][dowhy.causal_identifier.auto_identifier][WARNING] - No directed path from treatment to outcome. Causal Effect is zero.
[2026-04-24 05:46:37,897][dowhy.causal_model][INFO] - linear_regression
[2026-04-24 05:46:37,897][dowhy.causal_estimator][INFO] - INFO: Using Linear Regression Estimator
[2026-04-24 05:46:37,897][dowhy.causal_estimator][WARNING] - No directed path from ['X3'] to ['X0'].
[2026-04-24 05:46:37,899][dowhy.causal_model][INFO] - Model to find the causal effect of treatment ['X3'] on outcome ['X1']
[2026-04-24 05:46:37,899][dowhy.causal_identifier.auto_identifier][WARNING] - No directed path from treatment to outcome. Causal Effect is zero.
[2026-04-24 05:46:37,899][dowhy.causal_model][INFO] - linear_regression
[2026-04-24 05:46:37,899][dowhy.causal_estimator][INFO] - INFO: Using Linear Regression Estimator
[2026-04-24 05:46:37,899][dowhy.causal_estimator][WARNING] - No directed path from ['X3'] to ['X1'].
[2026-04-24 05:46:37,901][dowhy.causal_model][INFO] - Model to find the causal effect of treatment ['X3'] on outcome ['X2']
[2026-04-24 05:46:37,901][dowhy.causal_identifier.auto_identifier][WARNING] - No directed path from treatment to outcome. Causal Effect is zero.
[2026-04-24 05:46:37,901][dowhy.causal_model][INFO] - linear_regression
[2026-04-24 05:46:37,901][dowhy.causal_estimator][INFO] - INFO: Using Linear Regression Estimator
[2026-04-24 05:46:37,901][dowhy.causal_estimator][WARNING] - No directed path from ['X3'] to ['X2'].
[2026-04-24 05:46:37,902][dowhy.causal_model][INFO] - Model to find the causal effect of treatment ['X3'] on outcome ['X4']
[2026-04-24 05:46:37,902][dowhy.causal_identifier.auto_identifier][WARNING] - No directed path from treatment to outcome. Causal Effect is zero.
[2026-04-24 05:46:37,902][dowhy.causal_model][INFO] - linear_regression
[2026-04-24 05:46:37,903][dowhy.causal_estimator][INFO] - INFO: Using Linear Regression Estimator
[2026-04-24 05:46:37,903][dowhy.causal_estimator][WARNING] - No directed path from ['X3'] to ['X4'].
[2026-04-24 05:46:37,904][dowhy.causal_model][INFO] - Model to find the causal effect of treatment ['X3'] on outcome ['X5']
[2026-04-24 05:46:37,904][dowhy.causal_identifier.auto_identifier][WARNING] - No directed path from treatment to outcome. Causal Effect is zero.
[2026-04-24 05:46:37,904][dowhy.causal_model][INFO] - linear_regression
[2026-04-24 05:46:37,904][dowhy.causal_estimator][INFO] - INFO: Using Linear Regression Estimator
[2026-04-24 05:46:37,904][dowhy.causal_estimator][WARNING] - No directed path from ['X3'] to ['X5'].
[2026-04-24 05:46:37,906][dowhy.causal_model][INFO] - Model to find the causal effect of treatment ['X3'] on outcome ['X6']
[2026-04-24 05:46:37,908][dowhy.causal_identifier.auto_identifier][INFO] - Causal effect can be identified.
[2026-04-24 05:46:37,909][dowhy.causal_identifier.auto_identifier][INFO] - Instrumental variables for treatment and outcome:[]
[2026-04-24 05:46:37,909][dowhy.causal_identifier.auto_identifier][INFO] - Frontdoor variables for treatment and outcome:[]
[2026-04-24 05:46:37,909][dowhy.causal_model][INFO] - linear_regression
[2026-04-24 05:46:37,909][dowhy.causal_estimator][INFO] - INFO: Using Linear Regression Estimator
[2026-04-24 05:46:37,909][dowhy.causal_estimator][INFO] - b: X6~X3+X3*X2+X3*X5+X3*X4+X3*X1+X3*X0
[2026-04-24 05:46:37,918][dowhy.causal_model][INFO] - Model to find the causal effect of treatment ['X3'] on outcome ['X7']
[2026-04-24 05:46:37,918][dowhy.causal_identifier.auto_identifier][WARNING] - No directed path from treatment to outcome. Causal Effect is zero.
[2026-04-24 05:46:37,918][dowhy.causal_model][INFO] - linear_regression
[2026-04-24 05:46:37,918][dowhy.causal_estimator][INFO] - INFO: Using Linear Regression Estimator
[2026-04-24 05:46:37,918][dowhy.causal_estimator][WARNING] - No directed path from ['X3'] to ['X7'].
[2026-04-24 05:46:37,920][dowhy.causal_model][INFO] - Model to find the causal effect of treatment ['X3'] on outcome ['X8']
[2026-04-24 05:46:37,920][dowhy.causal_identifier.auto_identifier][WARNING] - No directed path from treatment to outcome. Causal Effect is zero.
[2026-04-24 05:46:37,920][dowhy.causal_model][INFO] - linear_regression
[2026-04-24 05:46:37,920][dowhy.causal_estimator][INFO] - INFO: Using Linear Regression Estimator
[2026-04-24 05:46:37,920][dowhy.causal_estimator][WARNING] - No directed path from ['X3'] to ['X8'].
[2026-04-24 05:46:37,921][dowhy.causal_model][INFO] - Model to find the causal effect of treatment ['X3'] on outcome ['X9']
[2026-04-24 05:46:37,923][dowhy.causal_identifier.auto_identifier][INFO] - Causal effect can be identified.
[2026-04-24 05:46:37,924][dowhy.causal_identifier.auto_identifier][INFO] - Instrumental variables for treatment and outcome:[]
[2026-04-24 05:46:37,924][dowhy.causal_identifier.auto_identifier][INFO] - Frontdoor variables for treatment and outcome:[]
[2026-04-24 05:46:37,925][dowhy.causal_model][INFO] - linear_regression
[2026-04-24 05:46:37,925][dowhy.causal_estimator][INFO] - INFO: Using Linear Regression Estimator
[2026-04-24 05:46:37,925][dowhy.causal_estimator][INFO] - b: X9~X3+X3*X2+X3*X5+X3*X4+X3*X1+X3*X0
[2026-04-24 05:46:37,984][dowhy.causal_model][INFO] - Model to find the causal effect of treatment ['X4'] on outcome ['X0']
[2026-04-24 05:46:37,984][dowhy.causal_identifier.auto_identifier][WARNING] - No directed path from treatment to outcome. Causal Effect is zero.
[2026-04-24 05:46:37,984][dowhy.causal_model][INFO] - linear_regression
[2026-04-24 05:46:37,984][dowhy.causal_estimator][INFO] - INFO: Using Linear Regression Estimator
[2026-04-24 05:46:37,984][dowhy.causal_estimator][WARNING] - No directed path from ['X4'] to ['X0'].
[2026-04-24 05:46:37,986][dowhy.causal_model][INFO] - Model to find the causal effect of treatment ['X4'] on outcome ['X1']
[2026-04-24 05:46:37,986][dowhy.causal_identifier.auto_identifier][WARNING] - No directed path from treatment to outcome. Causal Effect is zero.
[2026-04-24 05:46:37,986][dowhy.causal_model][INFO] - linear_regression
[2026-04-24 05:46:37,986][dowhy.causal_estimator][INFO] - INFO: Using Linear Regression Estimator
[2026-04-24 05:46:37,986][dowhy.causal_estimator][WARNING] - No directed path from ['X4'] to ['X1'].
[2026-04-24 05:46:37,988][dowhy.causal_model][INFO] - Model to find the causal effect of treatment ['X4'] on outcome ['X2']
[2026-04-24 05:46:37,988][dowhy.causal_identifier.auto_identifier][WARNING] - No directed path from treatment to outcome. Causal Effect is zero.
[2026-04-24 05:46:37,988][dowhy.causal_model][INFO] - linear_regression
[2026-04-24 05:46:37,988][dowhy.causal_estimator][INFO] - INFO: Using Linear Regression Estimator
[2026-04-24 05:46:37,988][dowhy.causal_estimator][WARNING] - No directed path from ['X4'] to ['X2'].
[2026-04-24 05:46:37,990][dowhy.causal_model][INFO] - Model to find the causal effect of treatment ['X4'] on outcome ['X3']
[2026-04-24 05:46:37,990][dowhy.causal_identifier.auto_identifier][WARNING] - No directed path from treatment to outcome. Causal Effect is zero.
[2026-04-24 05:46:37,990][dowhy.causal_model][INFO] - linear_regression
[2026-04-24 05:46:37,990][dowhy.causal_estimator][INFO] - INFO: Using Linear Regression Estimator
[2026-04-24 05:46:37,990][dowhy.causal_estimator][WARNING] - No directed path from ['X4'] to ['X3'].
[2026-04-24 05:46:37,992][dowhy.causal_model][INFO] - Model to find the causal effect of treatment ['X4'] on outcome ['X5']
[2026-04-24 05:46:37,993][dowhy.causal_identifier.auto_identifier][INFO] - Causal effect can be identified.
[2026-04-24 05:46:37,993][dowhy.causal_identifier.auto_identifier][INFO] - Instrumental variables for treatment and outcome:['X0']
[2026-04-24 05:46:37,993][dowhy.causal_identifier.auto_identifier][INFO] - Frontdoor variables for treatment and outcome:[]
[2026-04-24 05:46:37,994][dowhy.causal_model][INFO] - linear_regression
[2026-04-24 05:46:37,994][dowhy.causal_estimator][INFO] - INFO: Using Linear Regression Estimator
[2026-04-24 05:46:37,994][dowhy.causal_estimator][INFO] - b: X5~X4+X1
[2026-04-24 05:46:38,001][dowhy.causal_model][INFO] - Model to find the causal effect of treatment ['X4'] on outcome ['X6']
[2026-04-24 05:46:38,003][dowhy.causal_identifier.auto_identifier][INFO] - Causal effect can be identified.
[2026-04-24 05:46:38,003][dowhy.causal_identifier.auto_identifier][INFO] - Instrumental variables for treatment and outcome:['X0']
[2026-04-24 05:46:38,004][dowhy.causal_identifier.auto_identifier][INFO] - Frontdoor variables for treatment and outcome:[]
[2026-04-24 05:46:38,005][dowhy.causal_model][INFO] - linear_regression
[2026-04-24 05:46:38,005][dowhy.causal_estimator][INFO] - INFO: Using Linear Regression Estimator
[2026-04-24 05:46:38,005][dowhy.causal_estimator][INFO] - b: X6~X4+X1+X4*X3+X4*X2
[2026-04-24 05:46:38,014][dowhy.causal_model][INFO] - Model to find the causal effect of treatment ['X4'] on outcome ['X7']
[2026-04-24 05:46:38,015][dowhy.causal_identifier.auto_identifier][INFO] - Causal effect can be identified.
[2026-04-24 05:46:38,016][dowhy.causal_identifier.auto_identifier][INFO] - Instrumental variables for treatment and outcome:['X1']
[2026-04-24 05:46:38,017][dowhy.causal_identifier.auto_identifier][INFO] - Frontdoor variables for treatment and outcome:[]
[2026-04-24 05:46:38,017][dowhy.causal_model][INFO] - linear_regression
[2026-04-24 05:46:38,017][dowhy.causal_estimator][INFO] - INFO: Using Linear Regression Estimator
[2026-04-24 05:46:38,018][dowhy.causal_estimator][INFO] - b: X7~X4+X0
[2026-04-24 05:46:38,026][dowhy.causal_model][INFO] - Model to find the causal effect of treatment ['X4'] on outcome ['X8']
[2026-04-24 05:46:38,027][dowhy.causal_identifier.auto_identifier][INFO] - Causal effect can be identified.
[2026-04-24 05:46:38,028][dowhy.causal_identifier.auto_identifier][INFO] - Instrumental variables for treatment and outcome:['X0']
[2026-04-24 05:46:38,030][dowhy.causal_identifier.auto_identifier][INFO] - Frontdoor variables for treatment and outcome:[]
[2026-04-24 05:46:38,030][dowhy.causal_model][INFO] - linear_regression
[2026-04-24 05:46:38,031][dowhy.causal_estimator][INFO] - INFO: Using Linear Regression Estimator
[2026-04-24 05:46:38,031][dowhy.causal_estimator][INFO] - b: X8~X4+X1+X4*X2
[2026-04-24 05:46:38,040][dowhy.causal_model][INFO] - Model to find the causal effect of treatment ['X4'] on outcome ['X9']
[2026-04-24 05:46:38,042][dowhy.causal_identifier.auto_identifier][INFO] - Causal effect can be identified.
[2026-04-24 05:46:38,042][dowhy.causal_identifier.auto_identifier][INFO] - Instrumental variables for treatment and outcome:['X0']
[2026-04-24 05:46:38,044][dowhy.causal_identifier.auto_identifier][INFO] - Frontdoor variables for treatment and outcome:[]
[2026-04-24 05:46:38,045][dowhy.causal_model][INFO] - linear_regression
[2026-04-24 05:46:38,045][dowhy.causal_estimator][INFO] - INFO: Using Linear Regression Estimator
[2026-04-24 05:46:38,045][dowhy.causal_estimator][INFO] - b: X9~X4+X1+X4*X3+X4*X2
[2026-04-24 05:46:38,113][dowhy.causal_model][INFO] - Model to find the causal effect of treatment ['X5'] on outcome ['X0']
[2026-04-24 05:46:38,114][dowhy.causal_identifier.auto_identifier][WARNING] - No directed path from treatment to outcome. Causal Effect is zero.
[2026-04-24 05:46:38,114][dowhy.causal_model][INFO] - linear_regression
[2026-04-24 05:46:38,114][dowhy.causal_estimator][INFO] - INFO: Using Linear Regression Estimator
[2026-04-24 05:46:38,114][dowhy.causal_estimator][WARNING] - No directed path from ['X5'] to ['X0'].
[2026-04-24 05:46:38,115][dowhy.causal_model][INFO] - Model to find the causal effect of treatment ['X5'] on outcome ['X1']
[2026-04-24 05:46:38,116][dowhy.causal_identifier.auto_identifier][WARNING] - No directed path from treatment to outcome. Causal Effect is zero.
[2026-04-24 05:46:38,116][dowhy.causal_model][INFO] - linear_regression
[2026-04-24 05:46:38,116][dowhy.causal_estimator][INFO] - INFO: Using Linear Regression Estimator
[2026-04-24 05:46:38,116][dowhy.causal_estimator][WARNING] - No directed path from ['X5'] to ['X1'].
[2026-04-24 05:46:38,117][dowhy.causal_model][INFO] - Model to find the causal effect of treatment ['X5'] on outcome ['X2']
[2026-04-24 05:46:38,117][dowhy.causal_identifier.auto_identifier][WARNING] - No directed path from treatment to outcome. Causal Effect is zero.
[2026-04-24 05:46:38,117][dowhy.causal_model][INFO] - linear_regression
[2026-04-24 05:46:38,117][dowhy.causal_estimator][INFO] - INFO: Using Linear Regression Estimator
[2026-04-24 05:46:38,117][dowhy.causal_estimator][WARNING] - No directed path from ['X5'] to ['X2'].
[2026-04-24 05:46:38,119][dowhy.causal_model][INFO] - Model to find the causal effect of treatment ['X5'] on outcome ['X3']
[2026-04-24 05:46:38,119][dowhy.causal_identifier.auto_identifier][WARNING] - No directed path from treatment to outcome. Causal Effect is zero.
[2026-04-24 05:46:38,119][dowhy.causal_model][INFO] - linear_regression
[2026-04-24 05:46:38,119][dowhy.causal_estimator][INFO] - INFO: Using Linear Regression Estimator
[2026-04-24 05:46:38,119][dowhy.causal_estimator][WARNING] - No directed path from ['X5'] to ['X3'].
[2026-04-24 05:46:38,121][dowhy.causal_model][INFO] - Model to find the causal effect of treatment ['X5'] on outcome ['X4']
[2026-04-24 05:46:38,121][dowhy.causal_identifier.auto_identifier][WARNING] - No directed path from treatment to outcome. Causal Effect is zero.
[2026-04-24 05:46:38,121][dowhy.causal_model][INFO] - linear_regression
[2026-04-24 05:46:38,121][dowhy.causal_estimator][INFO] - INFO: Using Linear Regression Estimator
[2026-04-24 05:46:38,121][dowhy.causal_estimator][WARNING] - No directed path from ['X5'] to ['X4'].
[2026-04-24 05:46:38,123][dowhy.causal_model][INFO] - Model to find the causal effect of treatment ['X5'] on outcome ['X6']
[2026-04-24 05:46:38,125][dowhy.causal_identifier.auto_identifier][INFO] - Causal effect can be identified.
[2026-04-24 05:46:38,126][dowhy.causal_identifier.auto_identifier][INFO] - Instrumental variables for treatment and outcome:['X1', 'X4']
[2026-04-24 05:46:38,126][dowhy.causal_identifier.auto_identifier][INFO] - Frontdoor variables for treatment and outcome:[]
[2026-04-24 05:46:38,126][dowhy.causal_model][INFO] - linear_regression
[2026-04-24 05:46:38,126][dowhy.causal_estimator][INFO] - INFO: Using Linear Regression Estimator
[2026-04-24 05:46:38,127][dowhy.causal_estimator][INFO] - b: X6~X5+X5*X3+X5*X2
[2026-04-24 05:46:38,134][dowhy.causal_model][INFO] - Model to find the causal effect of treatment ['X5'] on outcome ['X7']
[2026-04-24 05:46:38,134][dowhy.causal_identifier.auto_identifier][WARNING] - No directed path from treatment to outcome. Causal Effect is zero.
[2026-04-24 05:46:38,134][dowhy.causal_model][INFO] - linear_regression
[2026-04-24 05:46:38,134][dowhy.causal_estimator][INFO] - INFO: Using Linear Regression Estimator
[2026-04-24 05:46:38,134][dowhy.causal_estimator][WARNING] - No directed path from ['X5'] to ['X7'].
[2026-04-24 05:46:38,136][dowhy.causal_model][INFO] - Model to find the causal effect of treatment ['X5'] on outcome ['X8']
[2026-04-24 05:46:38,138][dowhy.causal_identifier.auto_identifier][INFO] - Causal effect can be identified.
[2026-04-24 05:46:38,138][dowhy.causal_identifier.auto_identifier][INFO] - Instrumental variables for treatment and outcome:['X1', 'X4']
[2026-04-24 05:46:38,139][dowhy.causal_identifier.auto_identifier][INFO] - Frontdoor variables for treatment and outcome:[]
[2026-04-24 05:46:38,139][dowhy.causal_model][INFO] - linear_regression
[2026-04-24 05:46:38,139][dowhy.causal_estimator][INFO] - INFO: Using Linear Regression Estimator
[2026-04-24 05:46:38,139][dowhy.causal_estimator][INFO] - b: X8~X5+X5*X2
[2026-04-24 05:46:38,147][dowhy.causal_model][INFO] - Model to find the causal effect of treatment ['X5'] on outcome ['X9']
[2026-04-24 05:46:38,148][dowhy.causal_identifier.auto_identifier][INFO] - Causal effect can be identified.
[2026-04-24 05:46:38,149][dowhy.causal_identifier.auto_identifier][INFO] - Instrumental variables for treatment and outcome:['X1', 'X4']
[2026-04-24 05:46:38,150][dowhy.causal_identifier.auto_identifier][INFO] - Frontdoor variables for treatment and outcome:[]
[2026-04-24 05:46:38,150][dowhy.causal_model][INFO] - linear_regression
[2026-04-24 05:46:38,150][dowhy.causal_estimator][INFO] - INFO: Using Linear Regression Estimator
[2026-04-24 05:46:38,150][dowhy.causal_estimator][INFO] - b: X9~X5+X5*X3+X5*X2
[2026-04-24 05:46:38,209][dowhy.causal_model][INFO] - Model to find the causal effect of treatment ['X6'] on outcome ['X0']
[2026-04-24 05:46:38,209][dowhy.causal_identifier.auto_identifier][WARNING] - No directed path from treatment to outcome. Causal Effect is zero.
[2026-04-24 05:46:38,209][dowhy.causal_model][INFO] - linear_regression
[2026-04-24 05:46:38,209][dowhy.causal_estimator][INFO] - INFO: Using Linear Regression Estimator
[2026-04-24 05:46:38,209][dowhy.causal_estimator][WARNING] - No directed path from ['X6'] to ['X0'].
[2026-04-24 05:46:38,211][dowhy.causal_model][INFO] - Model to find the causal effect of treatment ['X6'] on outcome ['X1']
[2026-04-24 05:46:38,211][dowhy.causal_identifier.auto_identifier][WARNING] - No directed path from treatment to outcome. Causal Effect is zero.
[2026-04-24 05:46:38,211][dowhy.causal_model][INFO] - linear_regression
[2026-04-24 05:46:38,211][dowhy.causal_estimator][INFO] - INFO: Using Linear Regression Estimator
[2026-04-24 05:46:38,211][dowhy.causal_estimator][WARNING] - No directed path from ['X6'] to ['X1'].
[2026-04-24 05:46:38,212][dowhy.causal_model][INFO] - Model to find the causal effect of treatment ['X6'] on outcome ['X2']
[2026-04-24 05:46:38,212][dowhy.causal_identifier.auto_identifier][WARNING] - No directed path from treatment to outcome. Causal Effect is zero.
[2026-04-24 05:46:38,213][dowhy.causal_model][INFO] - linear_regression
[2026-04-24 05:46:38,213][dowhy.causal_estimator][INFO] - INFO: Using Linear Regression Estimator
[2026-04-24 05:46:38,213][dowhy.causal_estimator][WARNING] - No directed path from ['X6'] to ['X2'].
[2026-04-24 05:46:38,214][dowhy.causal_model][INFO] - Model to find the causal effect of treatment ['X6'] on outcome ['X3']
[2026-04-24 05:46:38,214][dowhy.causal_identifier.auto_identifier][WARNING] - No directed path from treatment to outcome. Causal Effect is zero.
[2026-04-24 05:46:38,214][dowhy.causal_model][INFO] - linear_regression
[2026-04-24 05:46:38,214][dowhy.causal_estimator][INFO] - INFO: Using Linear Regression Estimator
[2026-04-24 05:46:38,215][dowhy.causal_estimator][WARNING] - No directed path from ['X6'] to ['X3'].
[2026-04-24 05:46:38,216][dowhy.causal_model][INFO] - Model to find the causal effect of treatment ['X6'] on outcome ['X4']
[2026-04-24 05:46:38,216][dowhy.causal_identifier.auto_identifier][WARNING] - No directed path from treatment to outcome. Causal Effect is zero.
[2026-04-24 05:46:38,216][dowhy.causal_model][INFO] - linear_regression
[2026-04-24 05:46:38,216][dowhy.causal_estimator][INFO] - INFO: Using Linear Regression Estimator
[2026-04-24 05:46:38,216][dowhy.causal_estimator][WARNING] - No directed path from ['X6'] to ['X4'].
[2026-04-24 05:46:38,218][dowhy.causal_model][INFO] - Model to find the causal effect of treatment ['X6'] on outcome ['X5']
[2026-04-24 05:46:38,218][dowhy.causal_identifier.auto_identifier][WARNING] - No directed path from treatment to outcome. Causal Effect is zero.
[2026-04-24 05:46:38,218][dowhy.causal_model][INFO] - linear_regression
[2026-04-24 05:46:38,218][dowhy.causal_estimator][INFO] - INFO: Using Linear Regression Estimator
[2026-04-24 05:46:38,218][dowhy.causal_estimator][WARNING] - No directed path from ['X6'] to ['X5'].
[2026-04-24 05:46:38,220][dowhy.causal_model][INFO] - Model to find the causal effect of treatment ['X6'] on outcome ['X7']
[2026-04-24 05:46:38,220][dowhy.causal_identifier.auto_identifier][WARNING] - No directed path from treatment to outcome. Causal Effect is zero.
[2026-04-24 05:46:38,220][dowhy.causal_model][INFO] - linear_regression
[2026-04-24 05:46:38,220][dowhy.causal_estimator][INFO] - INFO: Using Linear Regression Estimator
[2026-04-24 05:46:38,220][dowhy.causal_estimator][WARNING] - No directed path from ['X6'] to ['X7'].
[2026-04-24 05:46:38,222][dowhy.causal_model][INFO] - Model to find the causal effect of treatment ['X6'] on outcome ['X8']
[2026-04-24 05:46:38,222][dowhy.causal_identifier.auto_identifier][WARNING] - No directed path from treatment to outcome. Causal Effect is zero.
[2026-04-24 05:46:38,222][dowhy.causal_model][INFO] - linear_regression
[2026-04-24 05:46:38,222][dowhy.causal_estimator][INFO] - INFO: Using Linear Regression Estimator
[2026-04-24 05:46:38,222][dowhy.causal_estimator][WARNING] - No directed path from ['X6'] to ['X8'].
[2026-04-24 05:46:38,224][dowhy.causal_model][INFO] - Model to find the causal effect of treatment ['X6'] on outcome ['X9']
[2026-04-24 05:46:38,226][dowhy.causal_identifier.auto_identifier][INFO] - Causal effect can be identified.
[2026-04-24 05:46:38,227][dowhy.causal_identifier.auto_identifier][INFO] - Instrumental variables for treatment and outcome:['X2', 'X5']
[2026-04-24 05:46:38,227][dowhy.causal_identifier.auto_identifier][INFO] - Frontdoor variables for treatment and outcome:[]
[2026-04-24 05:46:38,227][dowhy.causal_model][INFO] - linear_regression
[2026-04-24 05:46:38,227][dowhy.causal_estimator][INFO] - INFO: Using Linear Regression Estimator
[2026-04-24 05:46:38,227][dowhy.causal_estimator][INFO] - b: X9~X6+X3
[2026-04-24 05:46:38,289][dowhy.causal_model][INFO] - Model to find the causal effect of treatment ['X7'] on outcome ['X0']
[2026-04-24 05:46:38,289][dowhy.causal_identifier.auto_identifier][WARNING] - No directed path from treatment to outcome. Causal Effect is zero.
[2026-04-24 05:46:38,289][dowhy.causal_model][INFO] - linear_regression
[2026-04-24 05:46:38,289][dowhy.causal_estimator][INFO] - INFO: Using Linear Regression Estimator
[2026-04-24 05:46:38,289][dowhy.causal_estimator][WARNING] - No directed path from ['X7'] to ['X0'].
[2026-04-24 05:46:38,291][dowhy.causal_model][INFO] - Model to find the causal effect of treatment ['X7'] on outcome ['X1']
[2026-04-24 05:46:38,292][dowhy.causal_identifier.auto_identifier][WARNING] - No directed path from treatment to outcome. Causal Effect is zero.
[2026-04-24 05:46:38,292][dowhy.causal_model][INFO] - linear_regression
[2026-04-24 05:46:38,292][dowhy.causal_estimator][INFO] - INFO: Using Linear Regression Estimator
[2026-04-24 05:46:38,292][dowhy.causal_estimator][WARNING] - No directed path from ['X7'] to ['X1'].
[2026-04-24 05:46:38,293][dowhy.causal_model][INFO] - Model to find the causal effect of treatment ['X7'] on outcome ['X2']
[2026-04-24 05:46:38,293][dowhy.causal_identifier.auto_identifier][WARNING] - No directed path from treatment to outcome. Causal Effect is zero.
[2026-04-24 05:46:38,293][dowhy.causal_model][INFO] - linear_regression
[2026-04-24 05:46:38,294][dowhy.causal_estimator][INFO] - INFO: Using Linear Regression Estimator
[2026-04-24 05:46:38,294][dowhy.causal_estimator][WARNING] - No directed path from ['X7'] to ['X2'].
[2026-04-24 05:46:38,295][dowhy.causal_model][INFO] - Model to find the causal effect of treatment ['X7'] on outcome ['X3']
[2026-04-24 05:46:38,295][dowhy.causal_identifier.auto_identifier][WARNING] - No directed path from treatment to outcome. Causal Effect is zero.
[2026-04-24 05:46:38,295][dowhy.causal_model][INFO] - linear_regression
[2026-04-24 05:46:38,295][dowhy.causal_estimator][INFO] - INFO: Using Linear Regression Estimator
[2026-04-24 05:46:38,296][dowhy.causal_estimator][WARNING] - No directed path from ['X7'] to ['X3'].
[2026-04-24 05:46:38,297][dowhy.causal_model][INFO] - Model to find the causal effect of treatment ['X7'] on outcome ['X4']
[2026-04-24 05:46:38,297][dowhy.causal_identifier.auto_identifier][WARNING] - No directed path from treatment to outcome. Causal Effect is zero.
[2026-04-24 05:46:38,297][dowhy.causal_model][INFO] - linear_regression
[2026-04-24 05:46:38,297][dowhy.causal_estimator][INFO] - INFO: Using Linear Regression Estimator
[2026-04-24 05:46:38,297][dowhy.causal_estimator][WARNING] - No directed path from ['X7'] to ['X4'].
[2026-04-24 05:46:38,299][dowhy.causal_model][INFO] - Model to find the causal effect of treatment ['X7'] on outcome ['X5']
[2026-04-24 05:46:38,299][dowhy.causal_identifier.auto_identifier][WARNING] - No directed path from treatment to outcome. Causal Effect is zero.
[2026-04-24 05:46:38,299][dowhy.causal_model][INFO] - linear_regression
[2026-04-24 05:46:38,300][dowhy.causal_estimator][INFO] - INFO: Using Linear Regression Estimator
[2026-04-24 05:46:38,300][dowhy.causal_estimator][WARNING] - No directed path from ['X7'] to ['X5'].
[2026-04-24 05:46:38,301][dowhy.causal_model][INFO] - Model to find the causal effect of treatment ['X7'] on outcome ['X6']
[2026-04-24 05:46:38,301][dowhy.causal_identifier.auto_identifier][WARNING] - No directed path from treatment to outcome. Causal Effect is zero.
[2026-04-24 05:46:38,301][dowhy.causal_model][INFO] - linear_regression
[2026-04-24 05:46:38,301][dowhy.causal_estimator][INFO] - INFO: Using Linear Regression Estimator
[2026-04-24 05:46:38,301][dowhy.causal_estimator][WARNING] - No directed path from ['X7'] to ['X6'].
[2026-04-24 05:46:38,303][dowhy.causal_model][INFO] - Model to find the causal effect of treatment ['X7'] on outcome ['X8']
[2026-04-24 05:46:38,303][dowhy.causal_identifier.auto_identifier][WARNING] - No directed path from treatment to outcome. Causal Effect is zero.
[2026-04-24 05:46:38,303][dowhy.causal_model][INFO] - linear_regression
[2026-04-24 05:46:38,304][dowhy.causal_estimator][INFO] - INFO: Using Linear Regression Estimator
[2026-04-24 05:46:38,304][dowhy.causal_estimator][WARNING] - No directed path from ['X7'] to ['X8'].
[2026-04-24 05:46:38,305][dowhy.causal_model][INFO] - Model to find the causal effect of treatment ['X7'] on outcome ['X9']
[2026-04-24 05:46:38,305][dowhy.causal_identifier.auto_identifier][WARNING] - No directed path from treatment to outcome. Causal Effect is zero.
[2026-04-24 05:46:38,306][dowhy.causal_model][INFO] - linear_regression
[2026-04-24 05:46:38,306][dowhy.causal_estimator][INFO] - INFO: Using Linear Regression Estimator
[2026-04-24 05:46:38,306][dowhy.causal_estimator][WARNING] - No directed path from ['X7'] to ['X9'].
[2026-04-24 05:46:38,358][dowhy.causal_model][INFO] - Model to find the causal effect of treatment ['X8'] on outcome ['X0']
[2026-04-24 05:46:38,358][dowhy.causal_identifier.auto_identifier][WARNING] - No directed path from treatment to outcome. Causal Effect is zero.
[2026-04-24 05:46:38,358][dowhy.causal_model][INFO] - linear_regression
[2026-04-24 05:46:38,358][dowhy.causal_estimator][INFO] - INFO: Using Linear Regression Estimator
[2026-04-24 05:46:38,358][dowhy.causal_estimator][WARNING] - No directed path from ['X8'] to ['X0'].
[2026-04-24 05:46:38,360][dowhy.causal_model][INFO] - Model to find the causal effect of treatment ['X8'] on outcome ['X1']
[2026-04-24 05:46:38,360][dowhy.causal_identifier.auto_identifier][WARNING] - No directed path from treatment to outcome. Causal Effect is zero.
[2026-04-24 05:46:38,360][dowhy.causal_model][INFO] - linear_regression
[2026-04-24 05:46:38,360][dowhy.causal_estimator][INFO] - INFO: Using Linear Regression Estimator
[2026-04-24 05:46:38,360][dowhy.causal_estimator][WARNING] - No directed path from ['X8'] to ['X1'].
[2026-04-24 05:46:38,361][dowhy.causal_model][INFO] - Model to find the causal effect of treatment ['X8'] on outcome ['X2']
[2026-04-24 05:46:38,361][dowhy.causal_identifier.auto_identifier][WARNING] - No directed path from treatment to outcome. Causal Effect is zero.
[2026-04-24 05:46:38,362][dowhy.causal_model][INFO] - linear_regression
[2026-04-24 05:46:38,362][dowhy.causal_estimator][INFO] - INFO: Using Linear Regression Estimator
[2026-04-24 05:46:38,362][dowhy.causal_estimator][WARNING] - No directed path from ['X8'] to ['X2'].
[2026-04-24 05:46:38,363][dowhy.causal_model][INFO] - Model to find the causal effect of treatment ['X8'] on outcome ['X3']
[2026-04-24 05:46:38,363][dowhy.causal_identifier.auto_identifier][WARNING] - No directed path from treatment to outcome. Causal Effect is zero.
[2026-04-24 05:46:38,363][dowhy.causal_model][INFO] - linear_regression
[2026-04-24 05:46:38,363][dowhy.causal_estimator][INFO] - INFO: Using Linear Regression Estimator
[2026-04-24 05:46:38,363][dowhy.causal_estimator][WARNING] - No directed path from ['X8'] to ['X3'].
[2026-04-24 05:46:38,365][dowhy.causal_model][INFO] - Model to find the causal effect of treatment ['X8'] on outcome ['X4']
[2026-04-24 05:46:38,365][dowhy.causal_identifier.auto_identifier][WARNING] - No directed path from treatment to outcome. Causal Effect is zero.
[2026-04-24 05:46:38,365][dowhy.causal_model][INFO] - linear_regression
[2026-04-24 05:46:38,365][dowhy.causal_estimator][INFO] - INFO: Using Linear Regression Estimator
[2026-04-24 05:46:38,365][dowhy.causal_estimator][WARNING] - No directed path from ['X8'] to ['X4'].
[2026-04-24 05:46:38,367][dowhy.causal_model][INFO] - Model to find the causal effect of treatment ['X8'] on outcome ['X5']
[2026-04-24 05:46:38,367][dowhy.causal_identifier.auto_identifier][WARNING] - No directed path from treatment to outcome. Causal Effect is zero.
[2026-04-24 05:46:38,367][dowhy.causal_model][INFO] - linear_regression
[2026-04-24 05:46:38,367][dowhy.causal_estimator][INFO] - INFO: Using Linear Regression Estimator
[2026-04-24 05:46:38,367][dowhy.causal_estimator][WARNING] - No directed path from ['X8'] to ['X5'].
[2026-04-24 05:46:38,369][dowhy.causal_model][INFO] - Model to find the causal effect of treatment ['X8'] on outcome ['X6']
[2026-04-24 05:46:38,369][dowhy.causal_identifier.auto_identifier][WARNING] - No directed path from treatment to outcome. Causal Effect is zero.
[2026-04-24 05:46:38,369][dowhy.causal_model][INFO] - linear_regression
[2026-04-24 05:46:38,369][dowhy.causal_estimator][INFO] - INFO: Using Linear Regression Estimator
[2026-04-24 05:46:38,369][dowhy.causal_estimator][WARNING] - No directed path from ['X8'] to ['X6'].
[2026-04-24 05:46:38,370][dowhy.causal_model][INFO] - Model to find the causal effect of treatment ['X8'] on outcome ['X7']
[2026-04-24 05:46:38,370][dowhy.causal_identifier.auto_identifier][WARNING] - No directed path from treatment to outcome. Causal Effect is zero.
[2026-04-24 05:46:38,370][dowhy.causal_model][INFO] - linear_regression
[2026-04-24 05:46:38,370][dowhy.causal_estimator][INFO] - INFO: Using Linear Regression Estimator
[2026-04-24 05:46:38,371][dowhy.causal_estimator][WARNING] - No directed path from ['X8'] to ['X7'].
[2026-04-24 05:46:38,372][dowhy.causal_model][INFO] - Model to find the causal effect of treatment ['X8'] on outcome ['X9']
[2026-04-24 05:46:38,372][dowhy.causal_identifier.auto_identifier][WARNING] - No directed path from treatment to outcome. Causal Effect is zero.
[2026-04-24 05:46:38,372][dowhy.causal_model][INFO] - linear_regression
[2026-04-24 05:46:38,372][dowhy.causal_estimator][INFO] - INFO: Using Linear Regression Estimator
[2026-04-24 05:46:38,372][dowhy.causal_estimator][WARNING] - No directed path from ['X8'] to ['X9'].
[2026-04-24 05:46:38,417][dowhy.causal_model][INFO] - Model to find the causal effect of treatment ['X9'] on outcome ['X0']
[2026-04-24 05:46:38,417][dowhy.causal_identifier.auto_identifier][WARNING] - No directed path from treatment to outcome. Causal Effect is zero.
[2026-04-24 05:46:38,417][dowhy.causal_model][INFO] - linear_regression
[2026-04-24 05:46:38,417][dowhy.causal_estimator][INFO] - INFO: Using Linear Regression Estimator
[2026-04-24 05:46:38,417][dowhy.causal_estimator][WARNING] - No directed path from ['X9'] to ['X0'].
[2026-04-24 05:46:38,419][dowhy.causal_model][INFO] - Model to find the causal effect of treatment ['X9'] on outcome ['X1']
[2026-04-24 05:46:38,419][dowhy.causal_identifier.auto_identifier][WARNING] - No directed path from treatment to outcome. Causal Effect is zero.
[2026-04-24 05:46:38,419][dowhy.causal_model][INFO] - linear_regression
[2026-04-24 05:46:38,419][dowhy.causal_estimator][INFO] - INFO: Using Linear Regression Estimator
[2026-04-24 05:46:38,419][dowhy.causal_estimator][WARNING] - No directed path from ['X9'] to ['X1'].
[2026-04-24 05:46:38,421][dowhy.causal_model][INFO] - Model to find the causal effect of treatment ['X9'] on outcome ['X2']
[2026-04-24 05:46:38,421][dowhy.causal_identifier.auto_identifier][WARNING] - No directed path from treatment to outcome. Causal Effect is zero.
[2026-04-24 05:46:38,421][dowhy.causal_model][INFO] - linear_regression
[2026-04-24 05:46:38,421][dowhy.causal_estimator][INFO] - INFO: Using Linear Regression Estimator
[2026-04-24 05:46:38,421][dowhy.causal_estimator][WARNING] - No directed path from ['X9'] to ['X2'].
[2026-04-24 05:46:38,422][dowhy.causal_model][INFO] - Model to find the causal effect of treatment ['X9'] on outcome ['X3']
[2026-04-24 05:46:38,422][dowhy.causal_identifier.auto_identifier][WARNING] - No directed path from treatment to outcome. Causal Effect is zero.
[2026-04-24 05:46:38,423][dowhy.causal_model][INFO] - linear_regression
[2026-04-24 05:46:38,423][dowhy.causal_estimator][INFO] - INFO: Using Linear Regression Estimator
[2026-04-24 05:46:38,423][dowhy.causal_estimator][WARNING] - No directed path from ['X9'] to ['X3'].
[2026-04-24 05:46:38,424][dowhy.causal_model][INFO] - Model to find the causal effect of treatment ['X9'] on outcome ['X4']
[2026-04-24 05:46:38,424][dowhy.causal_identifier.auto_identifier][WARNING] - No directed path from treatment to outcome. Causal Effect is zero.
[2026-04-24 05:46:38,425][dowhy.causal_model][INFO] - linear_regression
[2026-04-24 05:46:38,425][dowhy.causal_estimator][INFO] - INFO: Using Linear Regression Estimator
[2026-04-24 05:46:38,425][dowhy.causal_estimator][WARNING] - No directed path from ['X9'] to ['X4'].
[2026-04-24 05:46:38,426][dowhy.causal_model][INFO] - Model to find the causal effect of treatment ['X9'] on outcome ['X5']
[2026-04-24 05:46:38,426][dowhy.causal_identifier.auto_identifier][WARNING] - No directed path from treatment to outcome. Causal Effect is zero.
[2026-04-24 05:46:38,426][dowhy.causal_model][INFO] - linear_regression
[2026-04-24 05:46:38,426][dowhy.causal_estimator][INFO] - INFO: Using Linear Regression Estimator
[2026-04-24 05:46:38,426][dowhy.causal_estimator][WARNING] - No directed path from ['X9'] to ['X5'].
[2026-04-24 05:46:38,428][dowhy.causal_model][INFO] - Model to find the causal effect of treatment ['X9'] on outcome ['X6']
[2026-04-24 05:46:38,428][dowhy.causal_identifier.auto_identifier][WARNING] - No directed path from treatment to outcome. Causal Effect is zero.
[2026-04-24 05:46:38,428][dowhy.causal_model][INFO] - linear_regression
[2026-04-24 05:46:38,428][dowhy.causal_estimator][INFO] - INFO: Using Linear Regression Estimator
[2026-04-24 05:46:38,428][dowhy.causal_estimator][WARNING] - No directed path from ['X9'] to ['X6'].
[2026-04-24 05:46:38,430][dowhy.causal_model][INFO] - Model to find the causal effect of treatment ['X9'] on outcome ['X7']
[2026-04-24 05:46:38,430][dowhy.causal_identifier.auto_identifier][WARNING] - No directed path from treatment to outcome. Causal Effect is zero.
[2026-04-24 05:46:38,430][dowhy.causal_model][INFO] - linear_regression
[2026-04-24 05:46:38,430][dowhy.causal_estimator][INFO] - INFO: Using Linear Regression Estimator
[2026-04-24 05:46:38,430][dowhy.causal_estimator][WARNING] - No directed path from ['X9'] to ['X7'].
[2026-04-24 05:46:38,432][dowhy.causal_model][INFO] - Model to find the causal effect of treatment ['X9'] on outcome ['X8']
[2026-04-24 05:46:38,432][dowhy.causal_identifier.auto_identifier][WARNING] - No directed path from treatment to outcome. Causal Effect is zero.
[2026-04-24 05:46:38,432][dowhy.causal_model][INFO] - linear_regression
[2026-04-24 05:46:38,432][dowhy.causal_estimator][INFO] - INFO: Using Linear Regression Estimator
[2026-04-24 05:46:38,432][dowhy.causal_estimator][WARNING] - No directed path from ['X9'] to ['X8'].
[2026-04-24 05:46:38,514][dowhy.causal_model][INFO] - Model to find the causal effect of treatment ['X0'] on outcome ['X1']
[2026-04-24 05:46:38,515][dowhy.causal_identifier.auto_identifier][WARNING] - No directed path from treatment to outcome. Causal Effect is zero.
[2026-04-24 05:46:38,515][dowhy.causal_model][INFO] - linear_regression
[2026-04-24 05:46:38,515][dowhy.causal_estimator][INFO] - INFO: Using Linear Regression Estimator
[2026-04-24 05:46:38,515][dowhy.causal_estimator][WARNING] - No directed path from ['X0'] to ['X1'].
[2026-04-24 05:46:38,517][dowhy.causal_model][INFO] - Model to find the causal effect of treatment ['X0'] on outcome ['X2']
[2026-04-24 05:46:38,517][dowhy.causal_identifier.auto_identifier][WARNING] - No directed path from treatment to outcome. Causal Effect is zero.
[2026-04-24 05:46:38,517][dowhy.causal_model][INFO] - linear_regression
[2026-04-24 05:46:38,517][dowhy.causal_estimator][INFO] - INFO: Using Linear Regression Estimator
[2026-04-24 05:46:38,517][dowhy.causal_estimator][WARNING] - No directed path from ['X0'] to ['X2'].
[2026-04-24 05:46:38,519][dowhy.causal_model][INFO] - Model to find the causal effect of treatment ['X0'] on outcome ['X3']
[2026-04-24 05:46:38,519][dowhy.causal_identifier.auto_identifier][WARNING] - No directed path from treatment to outcome. Causal Effect is zero.
[2026-04-24 05:46:38,519][dowhy.causal_model][INFO] - linear_regression
[2026-04-24 05:46:38,519][dowhy.causal_estimator][INFO] - INFO: Using Linear Regression Estimator
[2026-04-24 05:46:38,519][dowhy.causal_estimator][WARNING] - No directed path from ['X0'] to ['X3'].
[2026-04-24 05:46:38,521][dowhy.causal_model][INFO] - Model to find the causal effect of treatment ['X0'] on outcome ['X4']
[2026-04-24 05:46:38,522][dowhy.causal_identifier.auto_identifier][INFO] - Causal effect can be identified.
[2026-04-24 05:46:38,523][dowhy.causal_identifier.auto_identifier][INFO] - Instrumental variables for treatment and outcome:[]
[2026-04-24 05:46:38,523][dowhy.causal_identifier.auto_identifier][INFO] - Frontdoor variables for treatment and outcome:[]
[2026-04-24 05:46:38,523][dowhy.causal_model][INFO] - linear_regression
[2026-04-24 05:46:38,523][dowhy.causal_estimator][INFO] - INFO: Using Linear Regression Estimator
[2026-04-24 05:46:38,523][dowhy.causal_estimator][INFO] - b: X4~X0+X0*X1
[2026-04-24 05:46:38,531][dowhy.causal_model][INFO] - Model to find the causal effect of treatment ['X0'] on outcome ['X5']
[2026-04-24 05:46:38,532][dowhy.causal_identifier.auto_identifier][INFO] - Causal effect can be identified.
[2026-04-24 05:46:38,533][dowhy.causal_identifier.auto_identifier][INFO] - Instrumental variables for treatment and outcome:[]
[2026-04-24 05:46:38,533][dowhy.causal_identifier.auto_identifier][INFO] - Frontdoor variables for treatment and outcome:[]
[2026-04-24 05:46:38,533][dowhy.causal_model][INFO] - linear_regression
[2026-04-24 05:46:38,533][dowhy.causal_estimator][INFO] - INFO: Using Linear Regression Estimator
[2026-04-24 05:46:38,533][dowhy.causal_estimator][INFO] - b: X5~X0+X0*X1
[2026-04-24 05:46:38,541][dowhy.causal_model][INFO] - Model to find the causal effect of treatment ['X0'] on outcome ['X6']
[2026-04-24 05:46:38,542][dowhy.causal_identifier.auto_identifier][INFO] - Causal effect can be identified.
[2026-04-24 05:46:38,542][dowhy.causal_identifier.auto_identifier][INFO] - Instrumental variables for treatment and outcome:[]
[2026-04-24 05:46:38,545][dowhy.causal_identifier.auto_identifier][INFO] - Frontdoor variables for treatment and outcome:['X7', 'X5', 'X4']
[2026-04-24 05:46:38,546][dowhy.causal_identifier.auto_identifier][INFO] - Causal effect can be identified.
[2026-04-24 05:46:38,548][dowhy.causal_identifier.auto_identifier][INFO] - Causal effect can be identified.
[2026-04-24 05:46:38,549][dowhy.causal_model][INFO] - linear_regression
[2026-04-24 05:46:38,549][dowhy.causal_estimator][INFO] - INFO: Using Linear Regression Estimator
[2026-04-24 05:46:38,549][dowhy.causal_estimator][INFO] - b: X6~X0+X0*X3+X0*X2+X0*X1
[2026-04-24 05:46:38,556][dowhy.causal_model][INFO] - Model to find the causal effect of treatment ['X0'] on outcome ['X7']
[2026-04-24 05:46:38,557][dowhy.causal_identifier.auto_identifier][INFO] - Causal effect can be identified.
[2026-04-24 05:46:38,558][dowhy.causal_identifier.auto_identifier][INFO] - Instrumental variables for treatment and outcome:[]
[2026-04-24 05:46:38,560][dowhy.causal_identifier.auto_identifier][INFO] - Frontdoor variables for treatment and outcome:[]
[2026-04-24 05:46:38,560][dowhy.causal_model][INFO] - linear_regression
[2026-04-24 05:46:38,560][dowhy.causal_estimator][INFO] - INFO: Using Linear Regression Estimator
[2026-04-24 05:46:38,561][dowhy.causal_estimator][INFO] - b: X7~X0+X0*X1
[2026-04-24 05:46:38,568][dowhy.causal_model][INFO] - Model to find the causal effect of treatment ['X0'] on outcome ['X8']
[2026-04-24 05:46:38,569][dowhy.causal_identifier.auto_identifier][INFO] - Causal effect can be identified.
[2026-04-24 05:46:38,570][dowhy.causal_identifier.auto_identifier][INFO] - Instrumental variables for treatment and outcome:[]
[2026-04-24 05:46:38,573][dowhy.causal_identifier.auto_identifier][INFO] - Frontdoor variables for treatment and outcome:['X7', 'X5', 'X4']
[2026-04-24 05:46:38,574][dowhy.causal_identifier.auto_identifier][INFO] - Causal effect can be identified.
[2026-04-24 05:46:38,576][dowhy.causal_identifier.auto_identifier][INFO] - Causal effect can be identified.
[2026-04-24 05:46:38,576][dowhy.causal_model][INFO] - linear_regression
[2026-04-24 05:46:38,576][dowhy.causal_estimator][INFO] - INFO: Using Linear Regression Estimator
[2026-04-24 05:46:38,576][dowhy.causal_estimator][INFO] - b: X8~X0+X0*X2+X0*X1
[2026-04-24 05:46:38,583][dowhy.causal_model][INFO] - Model to find the causal effect of treatment ['X0'] on outcome ['X9']
[2026-04-24 05:46:38,584][dowhy.causal_identifier.auto_identifier][INFO] - Causal effect can be identified.
[2026-04-24 05:46:38,585][dowhy.causal_identifier.auto_identifier][INFO] - Instrumental variables for treatment and outcome:[]
[2026-04-24 05:46:38,588][dowhy.causal_identifier.auto_identifier][INFO] - Frontdoor variables for treatment and outcome:['X7', 'X5', 'X4']
[2026-04-24 05:46:38,590][dowhy.causal_identifier.auto_identifier][INFO] - Causal effect can be identified.
[2026-04-24 05:46:38,591][dowhy.causal_identifier.auto_identifier][INFO] - Causal effect can be identified.
[2026-04-24 05:46:38,592][dowhy.causal_model][INFO] - linear_regression
[2026-04-24 05:46:38,592][dowhy.causal_estimator][INFO] - INFO: Using Linear Regression Estimator
[2026-04-24 05:46:38,592][dowhy.causal_estimator][INFO] - b: X9~X0+X0*X3+X0*X2+X0*X1
[2026-04-24 05:46:38,653][dowhy.causal_model][INFO] - Model to find the causal effect of treatment ['X1'] on outcome ['X0']
[2026-04-24 05:46:38,653][dowhy.causal_identifier.auto_identifier][WARNING] - No directed path from treatment to outcome. Causal Effect is zero.
[2026-04-24 05:46:38,653][dowhy.causal_model][INFO] - linear_regression
[2026-04-24 05:46:38,653][dowhy.causal_estimator][INFO] - INFO: Using Linear Regression Estimator
[2026-04-24 05:46:38,653][dowhy.causal_estimator][WARNING] - No directed path from ['X1'] to ['X0'].
[2026-04-24 05:46:38,655][dowhy.causal_model][INFO] - Model to find the causal effect of treatment ['X1'] on outcome ['X2']
[2026-04-24 05:46:38,655][dowhy.causal_identifier.auto_identifier][WARNING] - No directed path from treatment to outcome. Causal Effect is zero.
[2026-04-24 05:46:38,655][dowhy.causal_model][INFO] - linear_regression
[2026-04-24 05:46:38,655][dowhy.causal_estimator][INFO] - INFO: Using Linear Regression Estimator
[2026-04-24 05:46:38,655][dowhy.causal_estimator][WARNING] - No directed path from ['X1'] to ['X2'].
[2026-04-24 05:46:38,657][dowhy.causal_model][INFO] - Model to find the causal effect of treatment ['X1'] on outcome ['X3']
[2026-04-24 05:46:38,657][dowhy.causal_identifier.auto_identifier][WARNING] - No directed path from treatment to outcome. Causal Effect is zero.
[2026-04-24 05:46:38,658][dowhy.causal_model][INFO] - linear_regression
[2026-04-24 05:46:38,658][dowhy.causal_estimator][INFO] - INFO: Using Linear Regression Estimator
[2026-04-24 05:46:38,658][dowhy.causal_estimator][WARNING] - No directed path from ['X1'] to ['X3'].
[2026-04-24 05:46:38,659][dowhy.causal_model][INFO] - Model to find the causal effect of treatment ['X1'] on outcome ['X4']
[2026-04-24 05:46:38,660][dowhy.causal_identifier.auto_identifier][INFO] - Causal effect can be identified.
[2026-04-24 05:46:38,661][dowhy.causal_identifier.auto_identifier][INFO] - Instrumental variables for treatment and outcome:[]
[2026-04-24 05:46:38,661][dowhy.causal_identifier.auto_identifier][INFO] - Frontdoor variables for treatment and outcome:[]
[2026-04-24 05:46:38,661][dowhy.causal_model][INFO] - linear_regression
[2026-04-24 05:46:38,661][dowhy.causal_estimator][INFO] - INFO: Using Linear Regression Estimator
[2026-04-24 05:46:38,661][dowhy.causal_estimator][INFO] - b: X4~X1+X1*X0
[2026-04-24 05:46:38,670][dowhy.causal_model][INFO] - Model to find the causal effect of treatment ['X1'] on outcome ['X5']
[2026-04-24 05:46:38,671][dowhy.causal_identifier.auto_identifier][INFO] - Causal effect can be identified.
[2026-04-24 05:46:38,671][dowhy.causal_identifier.auto_identifier][INFO] - Instrumental variables for treatment and outcome:[]
[2026-04-24 05:46:38,672][dowhy.causal_identifier.auto_identifier][INFO] - Frontdoor variables for treatment and outcome:[]
[2026-04-24 05:46:38,672][dowhy.causal_model][INFO] - linear_regression
[2026-04-24 05:46:38,672][dowhy.causal_estimator][INFO] - INFO: Using Linear Regression Estimator
[2026-04-24 05:46:38,672][dowhy.causal_estimator][INFO] - b: X5~X1+X1*X0
[2026-04-24 05:46:38,681][dowhy.causal_model][INFO] - Model to find the causal effect of treatment ['X1'] on outcome ['X6']
[2026-04-24 05:46:38,682][dowhy.causal_identifier.auto_identifier][INFO] - Causal effect can be identified.
[2026-04-24 05:46:38,682][dowhy.causal_identifier.auto_identifier][INFO] - Instrumental variables for treatment and outcome:[]
[2026-04-24 05:46:38,685][dowhy.causal_identifier.auto_identifier][INFO] - Frontdoor variables for treatment and outcome:['X5', 'X7', 'X4']
[2026-04-24 05:46:38,686][dowhy.causal_identifier.auto_identifier][INFO] - Causal effect can be identified.
[2026-04-24 05:46:38,688][dowhy.causal_identifier.auto_identifier][INFO] - Causal effect can be identified.
[2026-04-24 05:46:38,689][dowhy.causal_model][INFO] - linear_regression
[2026-04-24 05:46:38,689][dowhy.causal_estimator][INFO] - INFO: Using Linear Regression Estimator
[2026-04-24 05:46:38,689][dowhy.causal_estimator][INFO] - b: X6~X1+X1*X3+X1*X0+X1*X2
[2026-04-24 05:46:38,698][dowhy.causal_model][INFO] - Model to find the causal effect of treatment ['X1'] on outcome ['X7']
[2026-04-24 05:46:38,699][dowhy.causal_identifier.auto_identifier][INFO] - Causal effect can be identified.
[2026-04-24 05:46:38,699][dowhy.causal_identifier.auto_identifier][INFO] - Instrumental variables for treatment and outcome:[]
[2026-04-24 05:46:38,702][dowhy.causal_identifier.auto_identifier][INFO] - Frontdoor variables for treatment and outcome:[]
[2026-04-24 05:46:38,702][dowhy.causal_model][INFO] - linear_regression
[2026-04-24 05:46:38,702][dowhy.causal_estimator][INFO] - INFO: Using Linear Regression Estimator
[2026-04-24 05:46:38,702][dowhy.causal_estimator][INFO] - b: X7~X1+X1*X0
[2026-04-24 05:46:38,711][dowhy.causal_model][INFO] - Model to find the causal effect of treatment ['X1'] on outcome ['X8']
[2026-04-24 05:46:38,711][dowhy.causal_identifier.auto_identifier][INFO] - Causal effect can be identified.
[2026-04-24 05:46:38,712][dowhy.causal_identifier.auto_identifier][INFO] - Instrumental variables for treatment and outcome:[]
[2026-04-24 05:46:38,716][dowhy.causal_identifier.auto_identifier][INFO] - Frontdoor variables for treatment and outcome:['X5', 'X7', 'X4']
[2026-04-24 05:46:38,717][dowhy.causal_identifier.auto_identifier][INFO] - Causal effect can be identified.
[2026-04-24 05:46:38,718][dowhy.causal_identifier.auto_identifier][INFO] - Causal effect can be identified.
[2026-04-24 05:46:38,719][dowhy.causal_model][INFO] - linear_regression
[2026-04-24 05:46:38,719][dowhy.causal_estimator][INFO] - INFO: Using Linear Regression Estimator
[2026-04-24 05:46:38,719][dowhy.causal_estimator][INFO] - b: X8~X1+X1*X0+X1*X2
[2026-04-24 05:46:38,727][dowhy.causal_model][INFO] - Model to find the causal effect of treatment ['X1'] on outcome ['X9']
[2026-04-24 05:46:38,728][dowhy.causal_identifier.auto_identifier][INFO] - Causal effect can be identified.
[2026-04-24 05:46:38,729][dowhy.causal_identifier.auto_identifier][INFO] - Instrumental variables for treatment and outcome:[]
[2026-04-24 05:46:38,732][dowhy.causal_identifier.auto_identifier][INFO] - Frontdoor variables for treatment and outcome:['X5', 'X7', 'X4']
[2026-04-24 05:46:38,733][dowhy.causal_identifier.auto_identifier][INFO] - Causal effect can be identified.
[2026-04-24 05:46:38,735][dowhy.causal_identifier.auto_identifier][INFO] - Causal effect can be identified.
[2026-04-24 05:46:38,736][dowhy.causal_model][INFO] - linear_regression
[2026-04-24 05:46:38,736][dowhy.causal_estimator][INFO] - INFO: Using Linear Regression Estimator
[2026-04-24 05:46:38,736][dowhy.causal_estimator][INFO] - b: X9~X1+X1*X3+X1*X0+X1*X2
[2026-04-24 05:46:38,792][dowhy.causal_model][INFO] - Model to find the causal effect of treatment ['X2'] on outcome ['X0']
[2026-04-24 05:46:38,792][dowhy.causal_identifier.auto_identifier][WARNING] - No directed path from treatment to outcome. Causal Effect is zero.
[2026-04-24 05:46:38,792][dowhy.causal_model][INFO] - linear_regression
[2026-04-24 05:46:38,792][dowhy.causal_estimator][INFO] - INFO: Using Linear Regression Estimator
[2026-04-24 05:46:38,792][dowhy.causal_estimator][WARNING] - No directed path from ['X2'] to ['X0'].
[2026-04-24 05:46:38,794][dowhy.causal_model][INFO] - Model to find the causal effect of treatment ['X2'] on outcome ['X1']
[2026-04-24 05:46:38,794][dowhy.causal_identifier.auto_identifier][WARNING] - No directed path from treatment to outcome. Causal Effect is zero.
[2026-04-24 05:46:38,794][dowhy.causal_model][INFO] - linear_regression
[2026-04-24 05:46:38,794][dowhy.causal_estimator][INFO] - INFO: Using Linear Regression Estimator
[2026-04-24 05:46:38,794][dowhy.causal_estimator][WARNING] - No directed path from ['X2'] to ['X1'].
[2026-04-24 05:46:38,796][dowhy.causal_model][INFO] - Model to find the causal effect of treatment ['X2'] on outcome ['X3']
[2026-04-24 05:46:38,796][dowhy.causal_identifier.auto_identifier][WARNING] - No directed path from treatment to outcome. Causal Effect is zero.
[2026-04-24 05:46:38,796][dowhy.causal_model][INFO] - linear_regression
[2026-04-24 05:46:38,796][dowhy.causal_estimator][INFO] - INFO: Using Linear Regression Estimator
[2026-04-24 05:46:38,796][dowhy.causal_estimator][WARNING] - No directed path from ['X2'] to ['X3'].
[2026-04-24 05:46:38,798][dowhy.causal_model][INFO] - Model to find the causal effect of treatment ['X2'] on outcome ['X4']
[2026-04-24 05:46:38,798][dowhy.causal_identifier.auto_identifier][WARNING] - No directed path from treatment to outcome. Causal Effect is zero.
[2026-04-24 05:46:38,798][dowhy.causal_model][INFO] - linear_regression
[2026-04-24 05:46:38,798][dowhy.causal_estimator][INFO] - INFO: Using Linear Regression Estimator
[2026-04-24 05:46:38,798][dowhy.causal_estimator][WARNING] - No directed path from ['X2'] to ['X4'].
[2026-04-24 05:46:38,799][dowhy.causal_model][INFO] - Model to find the causal effect of treatment ['X2'] on outcome ['X5']
[2026-04-24 05:46:38,799][dowhy.causal_identifier.auto_identifier][WARNING] - No directed path from treatment to outcome. Causal Effect is zero.
[2026-04-24 05:46:38,799][dowhy.causal_model][INFO] - linear_regression
[2026-04-24 05:46:38,799][dowhy.causal_estimator][INFO] - INFO: Using Linear Regression Estimator
[2026-04-24 05:46:38,799][dowhy.causal_estimator][WARNING] - No directed path from ['X2'] to ['X5'].
[2026-04-24 05:46:38,801][dowhy.causal_model][INFO] - Model to find the causal effect of treatment ['X2'] on outcome ['X6']
[2026-04-24 05:46:38,803][dowhy.causal_identifier.auto_identifier][INFO] - Causal effect can be identified.
[2026-04-24 05:46:38,804][dowhy.causal_identifier.auto_identifier][INFO] - Instrumental variables for treatment and outcome:[]
[2026-04-24 05:46:38,804][dowhy.causal_identifier.auto_identifier][INFO] - Frontdoor variables for treatment and outcome:[]
[2026-04-24 05:46:38,804][dowhy.causal_model][INFO] - linear_regression
[2026-04-24 05:46:38,804][dowhy.causal_estimator][INFO] - INFO: Using Linear Regression Estimator
[2026-04-24 05:46:38,804][dowhy.causal_estimator][INFO] - b: X6~X2+X2*X3+X2*X5+X2*X4+X2*X1+X2*X0
[2026-04-24 05:46:38,812][dowhy.causal_model][INFO] - Model to find the causal effect of treatment ['X2'] on outcome ['X7']
[2026-04-24 05:46:38,812][dowhy.causal_identifier.auto_identifier][WARNING] - No directed path from treatment to outcome. Causal Effect is zero.
[2026-04-24 05:46:38,812][dowhy.causal_model][INFO] - linear_regression
[2026-04-24 05:46:38,812][dowhy.causal_estimator][INFO] - INFO: Using Linear Regression Estimator
[2026-04-24 05:46:38,812][dowhy.causal_estimator][WARNING] - No directed path from ['X2'] to ['X7'].
[2026-04-24 05:46:38,814][dowhy.causal_model][INFO] - Model to find the causal effect of treatment ['X2'] on outcome ['X8']
[2026-04-24 05:46:38,816][dowhy.causal_identifier.auto_identifier][INFO] - Causal effect can be identified.
[2026-04-24 05:46:38,816][dowhy.causal_identifier.auto_identifier][INFO] - Instrumental variables for treatment and outcome:[]
[2026-04-24 05:46:38,817][dowhy.causal_identifier.auto_identifier][INFO] - Frontdoor variables for treatment and outcome:[]
[2026-04-24 05:46:38,817][dowhy.causal_model][INFO] - linear_regression
[2026-04-24 05:46:38,817][dowhy.causal_estimator][INFO] - INFO: Using Linear Regression Estimator
[2026-04-24 05:46:38,817][dowhy.causal_estimator][INFO] - b: X8~X2+X2*X1+X2*X0+X2*X5+X2*X4
[2026-04-24 05:46:38,825][dowhy.causal_model][INFO] - Model to find the causal effect of treatment ['X2'] on outcome ['X9']
[2026-04-24 05:46:38,826][dowhy.causal_identifier.auto_identifier][INFO] - Causal effect can be identified.
[2026-04-24 05:46:38,827][dowhy.causal_identifier.auto_identifier][INFO] - Instrumental variables for treatment and outcome:[]
[2026-04-24 05:46:38,828][dowhy.causal_identifier.auto_identifier][INFO] - Frontdoor variables for treatment and outcome:[]
[2026-04-24 05:46:38,828][dowhy.causal_model][INFO] - linear_regression
[2026-04-24 05:46:38,828][dowhy.causal_estimator][INFO] - INFO: Using Linear Regression Estimator
[2026-04-24 05:46:38,828][dowhy.causal_estimator][INFO] - b: X9~X2+X2*X3+X2*X5+X2*X4+X2*X1+X2*X0
[2026-04-24 05:46:38,886][dowhy.causal_model][INFO] - Model to find the causal effect of treatment ['X3'] on outcome ['X0']
[2026-04-24 05:46:38,887][dowhy.causal_identifier.auto_identifier][WARNING] - No directed path from treatment to outcome. Causal Effect is zero.
[2026-04-24 05:46:38,887][dowhy.causal_model][INFO] - linear_regression
[2026-04-24 05:46:38,887][dowhy.causal_estimator][INFO] - INFO: Using Linear Regression Estimator
[2026-04-24 05:46:38,887][dowhy.causal_estimator][WARNING] - No directed path from ['X3'] to ['X0'].
[2026-04-24 05:46:38,889][dowhy.causal_model][INFO] - Model to find the causal effect of treatment ['X3'] on outcome ['X1']
[2026-04-24 05:46:38,889][dowhy.causal_identifier.auto_identifier][WARNING] - No directed path from treatment to outcome. Causal Effect is zero.
[2026-04-24 05:46:38,889][dowhy.causal_model][INFO] - linear_regression
[2026-04-24 05:46:38,889][dowhy.causal_estimator][INFO] - INFO: Using Linear Regression Estimator
[2026-04-24 05:46:38,889][dowhy.causal_estimator][WARNING] - No directed path from ['X3'] to ['X1'].
[2026-04-24 05:46:38,891][dowhy.causal_model][INFO] - Model to find the causal effect of treatment ['X3'] on outcome ['X2']
[2026-04-24 05:46:38,891][dowhy.causal_identifier.auto_identifier][WARNING] - No directed path from treatment to outcome. Causal Effect is zero.
[2026-04-24 05:46:38,891][dowhy.causal_model][INFO] - linear_regression
[2026-04-24 05:46:38,891][dowhy.causal_estimator][INFO] - INFO: Using Linear Regression Estimator
[2026-04-24 05:46:38,891][dowhy.causal_estimator][WARNING] - No directed path from ['X3'] to ['X2'].
[2026-04-24 05:46:38,893][dowhy.causal_model][INFO] - Model to find the causal effect of treatment ['X3'] on outcome ['X4']
[2026-04-24 05:46:38,893][dowhy.causal_identifier.auto_identifier][WARNING] - No directed path from treatment to outcome. Causal Effect is zero.
[2026-04-24 05:46:38,893][dowhy.causal_model][INFO] - linear_regression
[2026-04-24 05:46:38,893][dowhy.causal_estimator][INFO] - INFO: Using Linear Regression Estimator
[2026-04-24 05:46:38,893][dowhy.causal_estimator][WARNING] - No directed path from ['X3'] to ['X4'].
[2026-04-24 05:46:38,895][dowhy.causal_model][INFO] - Model to find the causal effect of treatment ['X3'] on outcome ['X5']
[2026-04-24 05:46:38,895][dowhy.causal_identifier.auto_identifier][WARNING] - No directed path from treatment to outcome. Causal Effect is zero.
[2026-04-24 05:46:38,895][dowhy.causal_model][INFO] - linear_regression
[2026-04-24 05:46:38,895][dowhy.causal_estimator][INFO] - INFO: Using Linear Regression Estimator
[2026-04-24 05:46:38,895][dowhy.causal_estimator][WARNING] - No directed path from ['X3'] to ['X5'].
[2026-04-24 05:46:38,897][dowhy.causal_model][INFO] - Model to find the causal effect of treatment ['X3'] on outcome ['X6']
[2026-04-24 05:46:38,899][dowhy.causal_identifier.auto_identifier][INFO] - Causal effect can be identified.
[2026-04-24 05:46:38,900][dowhy.causal_identifier.auto_identifier][INFO] - Instrumental variables for treatment and outcome:[]
[2026-04-24 05:46:38,900][dowhy.causal_identifier.auto_identifier][INFO] - Frontdoor variables for treatment and outcome:[]
[2026-04-24 05:46:38,900][dowhy.causal_model][INFO] - linear_regression
[2026-04-24 05:46:38,900][dowhy.causal_estimator][INFO] - INFO: Using Linear Regression Estimator
[2026-04-24 05:46:38,901][dowhy.causal_estimator][INFO] - b: X6~X3+X3*X2+X3*X5+X3*X4+X3*X1+X3*X0
[2026-04-24 05:46:38,910][dowhy.causal_model][INFO] - Model to find the causal effect of treatment ['X3'] on outcome ['X7']
[2026-04-24 05:46:38,910][dowhy.causal_identifier.auto_identifier][WARNING] - No directed path from treatment to outcome. Causal Effect is zero.
[2026-04-24 05:46:38,910][dowhy.causal_model][INFO] - linear_regression
[2026-04-24 05:46:38,910][dowhy.causal_estimator][INFO] - INFO: Using Linear Regression Estimator
[2026-04-24 05:46:38,910][dowhy.causal_estimator][WARNING] - No directed path from ['X3'] to ['X7'].
[2026-04-24 05:46:38,912][dowhy.causal_model][INFO] - Model to find the causal effect of treatment ['X3'] on outcome ['X8']
[2026-04-24 05:46:38,912][dowhy.causal_identifier.auto_identifier][WARNING] - No directed path from treatment to outcome. Causal Effect is zero.
[2026-04-24 05:46:38,912][dowhy.causal_model][INFO] - linear_regression
[2026-04-24 05:46:38,912][dowhy.causal_estimator][INFO] - INFO: Using Linear Regression Estimator
[2026-04-24 05:46:38,912][dowhy.causal_estimator][WARNING] - No directed path from ['X3'] to ['X8'].
[2026-04-24 05:46:38,914][dowhy.causal_model][INFO] - Model to find the causal effect of treatment ['X3'] on outcome ['X9']
[2026-04-24 05:46:38,916][dowhy.causal_identifier.auto_identifier][INFO] - Causal effect can be identified.
[2026-04-24 05:46:38,917][dowhy.causal_identifier.auto_identifier][INFO] - Instrumental variables for treatment and outcome:[]
[2026-04-24 05:46:38,917][dowhy.causal_identifier.auto_identifier][INFO] - Frontdoor variables for treatment and outcome:[]
[2026-04-24 05:46:38,917][dowhy.causal_model][INFO] - linear_regression
[2026-04-24 05:46:38,917][dowhy.causal_estimator][INFO] - INFO: Using Linear Regression Estimator
[2026-04-24 05:46:38,918][dowhy.causal_estimator][INFO] - b: X9~X3+X3*X2+X3*X5+X3*X4+X3*X1+X3*X0
[2026-04-24 05:46:38,983][dowhy.causal_model][INFO] - Model to find the causal effect of treatment ['X4'] on outcome ['X0']
[2026-04-24 05:46:38,984][dowhy.causal_identifier.auto_identifier][WARNING] - No directed path from treatment to outcome. Causal Effect is zero.
[2026-04-24 05:46:38,984][dowhy.causal_model][INFO] - linear_regression
[2026-04-24 05:46:38,984][dowhy.causal_estimator][INFO] - INFO: Using Linear Regression Estimator
[2026-04-24 05:46:38,984][dowhy.causal_estimator][WARNING] - No directed path from ['X4'] to ['X0'].
[2026-04-24 05:46:38,985][dowhy.causal_model][INFO] - Model to find the causal effect of treatment ['X4'] on outcome ['X1']
[2026-04-24 05:46:38,986][dowhy.causal_identifier.auto_identifier][WARNING] - No directed path from treatment to outcome. Causal Effect is zero.
[2026-04-24 05:46:38,986][dowhy.causal_model][INFO] - linear_regression
[2026-04-24 05:46:38,986][dowhy.causal_estimator][INFO] - INFO: Using Linear Regression Estimator
[2026-04-24 05:46:38,986][dowhy.causal_estimator][WARNING] - No directed path from ['X4'] to ['X1'].
[2026-04-24 05:46:38,987][dowhy.causal_model][INFO] - Model to find the causal effect of treatment ['X4'] on outcome ['X2']
[2026-04-24 05:46:38,987][dowhy.causal_identifier.auto_identifier][WARNING] - No directed path from treatment to outcome. Causal Effect is zero.
[2026-04-24 05:46:38,987][dowhy.causal_model][INFO] - linear_regression
[2026-04-24 05:46:38,987][dowhy.causal_estimator][INFO] - INFO: Using Linear Regression Estimator
[2026-04-24 05:46:38,987][dowhy.causal_estimator][WARNING] - No directed path from ['X4'] to ['X2'].
[2026-04-24 05:46:38,989][dowhy.causal_model][INFO] - Model to find the causal effect of treatment ['X4'] on outcome ['X3']
[2026-04-24 05:46:38,989][dowhy.causal_identifier.auto_identifier][WARNING] - No directed path from treatment to outcome. Causal Effect is zero.
[2026-04-24 05:46:38,989][dowhy.causal_model][INFO] - linear_regression
[2026-04-24 05:46:38,989][dowhy.causal_estimator][INFO] - INFO: Using Linear Regression Estimator
[2026-04-24 05:46:38,989][dowhy.causal_estimator][WARNING] - No directed path from ['X4'] to ['X3'].
[2026-04-24 05:46:38,991][dowhy.causal_model][INFO] - Model to find the causal effect of treatment ['X4'] on outcome ['X5']
[2026-04-24 05:46:38,992][dowhy.causal_identifier.auto_identifier][INFO] - Causal effect can be identified.
[2026-04-24 05:46:38,992][dowhy.causal_identifier.auto_identifier][INFO] - Instrumental variables for treatment and outcome:['X0']
[2026-04-24 05:46:38,993][dowhy.causal_identifier.auto_identifier][INFO] - Frontdoor variables for treatment and outcome:[]
[2026-04-24 05:46:38,993][dowhy.causal_model][INFO] - linear_regression
[2026-04-24 05:46:38,993][dowhy.causal_estimator][INFO] - INFO: Using Linear Regression Estimator
[2026-04-24 05:46:38,993][dowhy.causal_estimator][INFO] - b: X5~X4+X1
[2026-04-24 05:46:39,001][dowhy.causal_model][INFO] - Model to find the causal effect of treatment ['X4'] on outcome ['X6']
[2026-04-24 05:46:39,002][dowhy.causal_identifier.auto_identifier][INFO] - Causal effect can be identified.
[2026-04-24 05:46:39,002][dowhy.causal_identifier.auto_identifier][INFO] - Instrumental variables for treatment and outcome:['X0']
[2026-04-24 05:46:39,004][dowhy.causal_identifier.auto_identifier][INFO] - Frontdoor variables for treatment and outcome:[]
[2026-04-24 05:46:39,004][dowhy.causal_model][INFO] - linear_regression
[2026-04-24 05:46:39,004][dowhy.causal_estimator][INFO] - INFO: Using Linear Regression Estimator
[2026-04-24 05:46:39,004][dowhy.causal_estimator][INFO] - b: X6~X4+X1+X4*X3+X4*X2
[2026-04-24 05:46:39,013][dowhy.causal_model][INFO] - Model to find the causal effect of treatment ['X4'] on outcome ['X7']
[2026-04-24 05:46:39,014][dowhy.causal_identifier.auto_identifier][INFO] - Causal effect can be identified.
[2026-04-24 05:46:39,014][dowhy.causal_identifier.auto_identifier][INFO] - Instrumental variables for treatment and outcome:['X1']
[2026-04-24 05:46:39,016][dowhy.causal_identifier.auto_identifier][INFO] - Frontdoor variables for treatment and outcome:[]
[2026-04-24 05:46:39,016][dowhy.causal_model][INFO] - linear_regression
[2026-04-24 05:46:39,016][dowhy.causal_estimator][INFO] - INFO: Using Linear Regression Estimator
[2026-04-24 05:46:39,016][dowhy.causal_estimator][INFO] - b: X7~X4+X0
[2026-04-24 05:46:39,024][dowhy.causal_model][INFO] - Model to find the causal effect of treatment ['X4'] on outcome ['X8']
[2026-04-24 05:46:39,025][dowhy.causal_identifier.auto_identifier][INFO] - Causal effect can be identified.
[2026-04-24 05:46:39,025][dowhy.causal_identifier.auto_identifier][INFO] - Instrumental variables for treatment and outcome:['X0']
[2026-04-24 05:46:39,028][dowhy.causal_identifier.auto_identifier][INFO] - Frontdoor variables for treatment and outcome:[]
[2026-04-24 05:46:39,028][dowhy.causal_model][INFO] - linear_regression
[2026-04-24 05:46:39,028][dowhy.causal_estimator][INFO] - INFO: Using Linear Regression Estimator
[2026-04-24 05:46:39,028][dowhy.causal_estimator][INFO] - b: X8~X4+X1+X4*X2
[2026-04-24 05:46:39,036][dowhy.causal_model][INFO] - Model to find the causal effect of treatment ['X4'] on outcome ['X9']
[2026-04-24 05:46:39,038][dowhy.causal_identifier.auto_identifier][INFO] - Causal effect can be identified.
[2026-04-24 05:46:39,038][dowhy.causal_identifier.auto_identifier][INFO] - Instrumental variables for treatment and outcome:['X0']
[2026-04-24 05:46:39,040][dowhy.causal_identifier.auto_identifier][INFO] - Frontdoor variables for treatment and outcome:[]
[2026-04-24 05:46:39,040][dowhy.causal_model][INFO] - linear_regression
[2026-04-24 05:46:39,041][dowhy.causal_estimator][INFO] - INFO: Using Linear Regression Estimator
[2026-04-24 05:46:39,041][dowhy.causal_estimator][INFO] - b: X9~X4+X1+X4*X3+X4*X2
[2026-04-24 05:46:39,098][dowhy.causal_model][INFO] - Model to find the causal effect of treatment ['X5'] on outcome ['X0']
[2026-04-24 05:46:39,098][dowhy.causal_identifier.auto_identifier][WARNING] - No directed path from treatment to outcome. Causal Effect is zero.
[2026-04-24 05:46:39,098][dowhy.causal_model][INFO] - linear_regression
[2026-04-24 05:46:39,098][dowhy.causal_estimator][INFO] - INFO: Using Linear Regression Estimator
[2026-04-24 05:46:39,098][dowhy.causal_estimator][WARNING] - No directed path from ['X5'] to ['X0'].
[2026-04-24 05:46:39,100][dowhy.causal_model][INFO] - Model to find the causal effect of treatment ['X5'] on outcome ['X1']
[2026-04-24 05:46:39,100][dowhy.causal_identifier.auto_identifier][WARNING] - No directed path from treatment to outcome. Causal Effect is zero.
[2026-04-24 05:46:39,100][dowhy.causal_model][INFO] - linear_regression
[2026-04-24 05:46:39,100][dowhy.causal_estimator][INFO] - INFO: Using Linear Regression Estimator
[2026-04-24 05:46:39,100][dowhy.causal_estimator][WARNING] - No directed path from ['X5'] to ['X1'].
[2026-04-24 05:46:39,102][dowhy.causal_model][INFO] - Model to find the causal effect of treatment ['X5'] on outcome ['X2']
[2026-04-24 05:46:39,102][dowhy.causal_identifier.auto_identifier][WARNING] - No directed path from treatment to outcome. Causal Effect is zero.
[2026-04-24 05:46:39,102][dowhy.causal_model][INFO] - linear_regression
[2026-04-24 05:46:39,102][dowhy.causal_estimator][INFO] - INFO: Using Linear Regression Estimator
[2026-04-24 05:46:39,102][dowhy.causal_estimator][WARNING] - No directed path from ['X5'] to ['X2'].
[2026-04-24 05:46:39,104][dowhy.causal_model][INFO] - Model to find the causal effect of treatment ['X5'] on outcome ['X3']
[2026-04-24 05:46:39,104][dowhy.causal_identifier.auto_identifier][WARNING] - No directed path from treatment to outcome. Causal Effect is zero.
[2026-04-24 05:46:39,104][dowhy.causal_model][INFO] - linear_regression
[2026-04-24 05:46:39,104][dowhy.causal_estimator][INFO] - INFO: Using Linear Regression Estimator
[2026-04-24 05:46:39,104][dowhy.causal_estimator][WARNING] - No directed path from ['X5'] to ['X3'].
[2026-04-24 05:46:39,106][dowhy.causal_model][INFO] - Model to find the causal effect of treatment ['X5'] on outcome ['X4']
[2026-04-24 05:46:39,106][dowhy.causal_identifier.auto_identifier][WARNING] - No directed path from treatment to outcome. Causal Effect is zero.
[2026-04-24 05:46:39,106][dowhy.causal_model][INFO] - linear_regression
[2026-04-24 05:46:39,106][dowhy.causal_estimator][INFO] - INFO: Using Linear Regression Estimator
[2026-04-24 05:46:39,106][dowhy.causal_estimator][WARNING] - No directed path from ['X5'] to ['X4'].
[2026-04-24 05:46:39,108][dowhy.causal_model][INFO] - Model to find the causal effect of treatment ['X5'] on outcome ['X6']
[2026-04-24 05:46:39,110][dowhy.causal_identifier.auto_identifier][INFO] - Causal effect can be identified.
[2026-04-24 05:46:39,111][dowhy.causal_identifier.auto_identifier][INFO] - Instrumental variables for treatment and outcome:['X1', 'X4']
[2026-04-24 05:46:39,111][dowhy.causal_identifier.auto_identifier][INFO] - Frontdoor variables for treatment and outcome:[]
[2026-04-24 05:46:39,111][dowhy.causal_model][INFO] - linear_regression
[2026-04-24 05:46:39,111][dowhy.causal_estimator][INFO] - INFO: Using Linear Regression Estimator
[2026-04-24 05:46:39,112][dowhy.causal_estimator][INFO] - b: X6~X5+X5*X3+X5*X2
[2026-04-24 05:46:39,119][dowhy.causal_model][INFO] - Model to find the causal effect of treatment ['X5'] on outcome ['X7']
[2026-04-24 05:46:39,119][dowhy.causal_identifier.auto_identifier][WARNING] - No directed path from treatment to outcome. Causal Effect is zero.
[2026-04-24 05:46:39,119][dowhy.causal_model][INFO] - linear_regression
[2026-04-24 05:46:39,120][dowhy.causal_estimator][INFO] - INFO: Using Linear Regression Estimator
[2026-04-24 05:46:39,120][dowhy.causal_estimator][WARNING] - No directed path from ['X5'] to ['X7'].
[2026-04-24 05:46:39,122][dowhy.causal_model][INFO] - Model to find the causal effect of treatment ['X5'] on outcome ['X8']
[2026-04-24 05:46:39,123][dowhy.causal_identifier.auto_identifier][INFO] - Causal effect can be identified.
[2026-04-24 05:46:39,124][dowhy.causal_identifier.auto_identifier][INFO] - Instrumental variables for treatment and outcome:['X1', 'X4']
[2026-04-24 05:46:39,125][dowhy.causal_identifier.auto_identifier][INFO] - Frontdoor variables for treatment and outcome:[]
[2026-04-24 05:46:39,125][dowhy.causal_model][INFO] - linear_regression
[2026-04-24 05:46:39,125][dowhy.causal_estimator][INFO] - INFO: Using Linear Regression Estimator
[2026-04-24 05:46:39,125][dowhy.causal_estimator][INFO] - b: X8~X5+X5*X2
[2026-04-24 05:46:39,134][dowhy.causal_model][INFO] - Model to find the causal effect of treatment ['X5'] on outcome ['X9']
[2026-04-24 05:46:39,136][dowhy.causal_identifier.auto_identifier][INFO] - Causal effect can be identified.
[2026-04-24 05:46:39,136][dowhy.causal_identifier.auto_identifier][INFO] - Instrumental variables for treatment and outcome:['X1', 'X4']
[2026-04-24 05:46:39,137][dowhy.causal_identifier.auto_identifier][INFO] - Frontdoor variables for treatment and outcome:[]
[2026-04-24 05:46:39,137][dowhy.causal_model][INFO] - linear_regression
[2026-04-24 05:46:39,137][dowhy.causal_estimator][INFO] - INFO: Using Linear Regression Estimator
[2026-04-24 05:46:39,138][dowhy.causal_estimator][INFO] - b: X9~X5+X5*X3+X5*X2
[2026-04-24 05:46:39,203][dowhy.causal_model][INFO] - Model to find the causal effect of treatment ['X6'] on outcome ['X0']
[2026-04-24 05:46:39,203][dowhy.causal_identifier.auto_identifier][WARNING] - No directed path from treatment to outcome. Causal Effect is zero.
[2026-04-24 05:46:39,203][dowhy.causal_model][INFO] - linear_regression
[2026-04-24 05:46:39,203][dowhy.causal_estimator][INFO] - INFO: Using Linear Regression Estimator
[2026-04-24 05:46:39,203][dowhy.causal_estimator][WARNING] - No directed path from ['X6'] to ['X0'].
[2026-04-24 05:46:39,208][dowhy.causal_model][INFO] - Model to find the causal effect of treatment ['X6'] on outcome ['X1']
[2026-04-24 05:46:39,208][dowhy.causal_identifier.auto_identifier][WARNING] - No directed path from treatment to outcome. Causal Effect is zero.
[2026-04-24 05:46:39,208][dowhy.causal_model][INFO] - linear_regression
[2026-04-24 05:46:39,208][dowhy.causal_estimator][INFO] - INFO: Using Linear Regression Estimator
[2026-04-24 05:46:39,208][dowhy.causal_estimator][WARNING] - No directed path from ['X6'] to ['X1'].
[2026-04-24 05:46:39,210][dowhy.causal_model][INFO] - Model to find the causal effect of treatment ['X6'] on outcome ['X2']
[2026-04-24 05:46:39,210][dowhy.causal_identifier.auto_identifier][WARNING] - No directed path from treatment to outcome. Causal Effect is zero.
[2026-04-24 05:46:39,210][dowhy.causal_model][INFO] - linear_regression
[2026-04-24 05:46:39,210][dowhy.causal_estimator][INFO] - INFO: Using Linear Regression Estimator
[2026-04-24 05:46:39,210][dowhy.causal_estimator][WARNING] - No directed path from ['X6'] to ['X2'].
[2026-04-24 05:46:39,212][dowhy.causal_model][INFO] - Model to find the causal effect of treatment ['X6'] on outcome ['X3']
[2026-04-24 05:46:39,212][dowhy.causal_identifier.auto_identifier][WARNING] - No directed path from treatment to outcome. Causal Effect is zero.
[2026-04-24 05:46:39,212][dowhy.causal_model][INFO] - linear_regression
[2026-04-24 05:46:39,212][dowhy.causal_estimator][INFO] - INFO: Using Linear Regression Estimator
[2026-04-24 05:46:39,212][dowhy.causal_estimator][WARNING] - No directed path from ['X6'] to ['X3'].
[2026-04-24 05:46:39,214][dowhy.causal_model][INFO] - Model to find the causal effect of treatment ['X6'] on outcome ['X4']
[2026-04-24 05:46:39,214][dowhy.causal_identifier.auto_identifier][WARNING] - No directed path from treatment to outcome. Causal Effect is zero.
[2026-04-24 05:46:39,214][dowhy.causal_model][INFO] - linear_regression
[2026-04-24 05:46:39,214][dowhy.causal_estimator][INFO] - INFO: Using Linear Regression Estimator
[2026-04-24 05:46:39,214][dowhy.causal_estimator][WARNING] - No directed path from ['X6'] to ['X4'].
[2026-04-24 05:46:39,216][dowhy.causal_model][INFO] - Model to find the causal effect of treatment ['X6'] on outcome ['X5']
[2026-04-24 05:46:39,216][dowhy.causal_identifier.auto_identifier][WARNING] - No directed path from treatment to outcome. Causal Effect is zero.
[2026-04-24 05:46:39,216][dowhy.causal_model][INFO] - linear_regression
[2026-04-24 05:46:39,216][dowhy.causal_estimator][INFO] - INFO: Using Linear Regression Estimator
[2026-04-24 05:46:39,216][dowhy.causal_estimator][WARNING] - No directed path from ['X6'] to ['X5'].
[2026-04-24 05:46:39,219][dowhy.causal_model][INFO] - Model to find the causal effect of treatment ['X6'] on outcome ['X7']
[2026-04-24 05:46:39,219][dowhy.causal_identifier.auto_identifier][WARNING] - No directed path from treatment to outcome. Causal Effect is zero.
[2026-04-24 05:46:39,219][dowhy.causal_model][INFO] - linear_regression
[2026-04-24 05:46:39,219][dowhy.causal_estimator][INFO] - INFO: Using Linear Regression Estimator
[2026-04-24 05:46:39,219][dowhy.causal_estimator][WARNING] - No directed path from ['X6'] to ['X7'].
[2026-04-24 05:46:39,222][dowhy.causal_model][INFO] - Model to find the causal effect of treatment ['X6'] on outcome ['X8']
[2026-04-24 05:46:39,222][dowhy.causal_identifier.auto_identifier][WARNING] - No directed path from treatment to outcome. Causal Effect is zero.
[2026-04-24 05:46:39,222][dowhy.causal_model][INFO] - linear_regression
[2026-04-24 05:46:39,222][dowhy.causal_estimator][INFO] - INFO: Using Linear Regression Estimator
[2026-04-24 05:46:39,222][dowhy.causal_estimator][WARNING] - No directed path from ['X6'] to ['X8'].
[2026-04-24 05:46:39,226][dowhy.causal_model][INFO] - Model to find the causal effect of treatment ['X6'] on outcome ['X9']
[2026-04-24 05:46:39,228][dowhy.causal_identifier.auto_identifier][INFO] - Causal effect can be identified.
[2026-04-24 05:46:39,229][dowhy.causal_identifier.auto_identifier][INFO] - Instrumental variables for treatment and outcome:['X2', 'X5']
[2026-04-24 05:46:39,229][dowhy.causal_identifier.auto_identifier][INFO] - Frontdoor variables for treatment and outcome:[]
[2026-04-24 05:46:39,229][dowhy.causal_model][INFO] - linear_regression
[2026-04-24 05:46:39,229][dowhy.causal_estimator][INFO] - INFO: Using Linear Regression Estimator
[2026-04-24 05:46:39,230][dowhy.causal_estimator][INFO] - b: X9~X6+X3
[2026-04-24 05:46:39,280][dowhy.causal_model][INFO] - Model to find the causal effect of treatment ['X7'] on outcome ['X0']
[2026-04-24 05:46:39,280][dowhy.causal_identifier.auto_identifier][WARNING] - No directed path from treatment to outcome. Causal Effect is zero.
[2026-04-24 05:46:39,280][dowhy.causal_model][INFO] - linear_regression
[2026-04-24 05:46:39,281][dowhy.causal_estimator][INFO] - INFO: Using Linear Regression Estimator
[2026-04-24 05:46:39,281][dowhy.causal_estimator][WARNING] - No directed path from ['X7'] to ['X0'].
[2026-04-24 05:46:39,282][dowhy.causal_model][INFO] - Model to find the causal effect of treatment ['X7'] on outcome ['X1']
[2026-04-24 05:46:39,282][dowhy.causal_identifier.auto_identifier][WARNING] - No directed path from treatment to outcome. Causal Effect is zero.
[2026-04-24 05:46:39,282][dowhy.causal_model][INFO] - linear_regression
[2026-04-24 05:46:39,282][dowhy.causal_estimator][INFO] - INFO: Using Linear Regression Estimator
[2026-04-24 05:46:39,283][dowhy.causal_estimator][WARNING] - No directed path from ['X7'] to ['X1'].
[2026-04-24 05:46:39,284][dowhy.causal_model][INFO] - Model to find the causal effect of treatment ['X7'] on outcome ['X2']
[2026-04-24 05:46:39,284][dowhy.causal_identifier.auto_identifier][WARNING] - No directed path from treatment to outcome. Causal Effect is zero.
[2026-04-24 05:46:39,284][dowhy.causal_model][INFO] - linear_regression
[2026-04-24 05:46:39,284][dowhy.causal_estimator][INFO] - INFO: Using Linear Regression Estimator
[2026-04-24 05:46:39,284][dowhy.causal_estimator][WARNING] - No directed path from ['X7'] to ['X2'].
[2026-04-24 05:46:39,286][dowhy.causal_model][INFO] - Model to find the causal effect of treatment ['X7'] on outcome ['X3']
[2026-04-24 05:46:39,286][dowhy.causal_identifier.auto_identifier][WARNING] - No directed path from treatment to outcome. Causal Effect is zero.
[2026-04-24 05:46:39,286][dowhy.causal_model][INFO] - linear_regression
[2026-04-24 05:46:39,286][dowhy.causal_estimator][INFO] - INFO: Using Linear Regression Estimator
[2026-04-24 05:46:39,286][dowhy.causal_estimator][WARNING] - No directed path from ['X7'] to ['X3'].
[2026-04-24 05:46:39,288][dowhy.causal_model][INFO] - Model to find the causal effect of treatment ['X7'] on outcome ['X4']
[2026-04-24 05:46:39,288][dowhy.causal_identifier.auto_identifier][WARNING] - No directed path from treatment to outcome. Causal Effect is zero.
[2026-04-24 05:46:39,288][dowhy.causal_model][INFO] - linear_regression
[2026-04-24 05:46:39,288][dowhy.causal_estimator][INFO] - INFO: Using Linear Regression Estimator
[2026-04-24 05:46:39,288][dowhy.causal_estimator][WARNING] - No directed path from ['X7'] to ['X4'].
[2026-04-24 05:46:39,290][dowhy.causal_model][INFO] - Model to find the causal effect of treatment ['X7'] on outcome ['X5']
[2026-04-24 05:46:39,290][dowhy.causal_identifier.auto_identifier][WARNING] - No directed path from treatment to outcome. Causal Effect is zero.
[2026-04-24 05:46:39,290][dowhy.causal_model][INFO] - linear_regression
[2026-04-24 05:46:39,290][dowhy.causal_estimator][INFO] - INFO: Using Linear Regression Estimator
[2026-04-24 05:46:39,290][dowhy.causal_estimator][WARNING] - No directed path from ['X7'] to ['X5'].
[2026-04-24 05:46:39,292][dowhy.causal_model][INFO] - Model to find the causal effect of treatment ['X7'] on outcome ['X6']
[2026-04-24 05:46:39,292][dowhy.causal_identifier.auto_identifier][WARNING] - No directed path from treatment to outcome. Causal Effect is zero.
[2026-04-24 05:46:39,292][dowhy.causal_model][INFO] - linear_regression
[2026-04-24 05:46:39,292][dowhy.causal_estimator][INFO] - INFO: Using Linear Regression Estimator
[2026-04-24 05:46:39,292][dowhy.causal_estimator][WARNING] - No directed path from ['X7'] to ['X6'].
[2026-04-24 05:46:39,295][dowhy.causal_model][INFO] - Model to find the causal effect of treatment ['X7'] on outcome ['X8']
[2026-04-24 05:46:39,295][dowhy.causal_identifier.auto_identifier][WARNING] - No directed path from treatment to outcome. Causal Effect is zero.
[2026-04-24 05:46:39,295][dowhy.causal_model][INFO] - linear_regression
[2026-04-24 05:46:39,295][dowhy.causal_estimator][INFO] - INFO: Using Linear Regression Estimator
[2026-04-24 05:46:39,295][dowhy.causal_estimator][WARNING] - No directed path from ['X7'] to ['X8'].
[2026-04-24 05:46:39,297][dowhy.causal_model][INFO] - Model to find the causal effect of treatment ['X7'] on outcome ['X9']
[2026-04-24 05:46:39,297][dowhy.causal_identifier.auto_identifier][WARNING] - No directed path from treatment to outcome. Causal Effect is zero.
[2026-04-24 05:46:39,297][dowhy.causal_model][INFO] - linear_regression
[2026-04-24 05:46:39,297][dowhy.causal_estimator][INFO] - INFO: Using Linear Regression Estimator
[2026-04-24 05:46:39,297][dowhy.causal_estimator][WARNING] - No directed path from ['X7'] to ['X9'].
[2026-04-24 05:46:39,349][dowhy.causal_model][INFO] - Model to find the causal effect of treatment ['X8'] on outcome ['X0']
[2026-04-24 05:46:39,350][dowhy.causal_identifier.auto_identifier][WARNING] - No directed path from treatment to outcome. Causal Effect is zero.
[2026-04-24 05:46:39,350][dowhy.causal_model][INFO] - linear_regression
[2026-04-24 05:46:39,350][dowhy.causal_estimator][INFO] - INFO: Using Linear Regression Estimator
[2026-04-24 05:46:39,350][dowhy.causal_estimator][WARNING] - No directed path from ['X8'] to ['X0'].
[2026-04-24 05:46:39,352][dowhy.causal_model][INFO] - Model to find the causal effect of treatment ['X8'] on outcome ['X1']
[2026-04-24 05:46:39,352][dowhy.causal_identifier.auto_identifier][WARNING] - No directed path from treatment to outcome. Causal Effect is zero.
[2026-04-24 05:46:39,352][dowhy.causal_model][INFO] - linear_regression
[2026-04-24 05:46:39,352][dowhy.causal_estimator][INFO] - INFO: Using Linear Regression Estimator
[2026-04-24 05:46:39,352][dowhy.causal_estimator][WARNING] - No directed path from ['X8'] to ['X1'].
[2026-04-24 05:46:39,355][dowhy.causal_model][INFO] - Model to find the causal effect of treatment ['X8'] on outcome ['X2']
[2026-04-24 05:46:39,355][dowhy.causal_identifier.auto_identifier][WARNING] - No directed path from treatment to outcome. Causal Effect is zero.
[2026-04-24 05:46:39,355][dowhy.causal_model][INFO] - linear_regression
[2026-04-24 05:46:39,355][dowhy.causal_estimator][INFO] - INFO: Using Linear Regression Estimator
[2026-04-24 05:46:39,355][dowhy.causal_estimator][WARNING] - No directed path from ['X8'] to ['X2'].
[2026-04-24 05:46:39,359][dowhy.causal_model][INFO] - Model to find the causal effect of treatment ['X8'] on outcome ['X3']
[2026-04-24 05:46:39,359][dowhy.causal_identifier.auto_identifier][WARNING] - No directed path from treatment to outcome. Causal Effect is zero.
[2026-04-24 05:46:39,359][dowhy.causal_model][INFO] - linear_regression
[2026-04-24 05:46:39,359][dowhy.causal_estimator][INFO] - INFO: Using Linear Regression Estimator
[2026-04-24 05:46:39,359][dowhy.causal_estimator][WARNING] - No directed path from ['X8'] to ['X3'].
[2026-04-24 05:46:39,361][dowhy.causal_model][INFO] - Model to find the causal effect of treatment ['X8'] on outcome ['X4']
[2026-04-24 05:46:39,361][dowhy.causal_identifier.auto_identifier][WARNING] - No directed path from treatment to outcome. Causal Effect is zero.
[2026-04-24 05:46:39,361][dowhy.causal_model][INFO] - linear_regression
[2026-04-24 05:46:39,361][dowhy.causal_estimator][INFO] - INFO: Using Linear Regression Estimator
[2026-04-24 05:46:39,361][dowhy.causal_estimator][WARNING] - No directed path from ['X8'] to ['X4'].
[2026-04-24 05:46:39,363][dowhy.causal_model][INFO] - Model to find the causal effect of treatment ['X8'] on outcome ['X5']
[2026-04-24 05:46:39,363][dowhy.causal_identifier.auto_identifier][WARNING] - No directed path from treatment to outcome. Causal Effect is zero.
[2026-04-24 05:46:39,363][dowhy.causal_model][INFO] - linear_regression
[2026-04-24 05:46:39,363][dowhy.causal_estimator][INFO] - INFO: Using Linear Regression Estimator
[2026-04-24 05:46:39,364][dowhy.causal_estimator][WARNING] - No directed path from ['X8'] to ['X5'].
[2026-04-24 05:46:39,366][dowhy.causal_model][INFO] - Model to find the causal effect of treatment ['X8'] on outcome ['X6']
[2026-04-24 05:46:39,366][dowhy.causal_identifier.auto_identifier][WARNING] - No directed path from treatment to outcome. Causal Effect is zero.
[2026-04-24 05:46:39,366][dowhy.causal_model][INFO] - linear_regression
[2026-04-24 05:46:39,366][dowhy.causal_estimator][INFO] - INFO: Using Linear Regression Estimator
[2026-04-24 05:46:39,366][dowhy.causal_estimator][WARNING] - No directed path from ['X8'] to ['X6'].
[2026-04-24 05:46:39,368][dowhy.causal_model][INFO] - Model to find the causal effect of treatment ['X8'] on outcome ['X7']
[2026-04-24 05:46:39,368][dowhy.causal_identifier.auto_identifier][WARNING] - No directed path from treatment to outcome. Causal Effect is zero.
[2026-04-24 05:46:39,368][dowhy.causal_model][INFO] - linear_regression
[2026-04-24 05:46:39,368][dowhy.causal_estimator][INFO] - INFO: Using Linear Regression Estimator
[2026-04-24 05:46:39,368][dowhy.causal_estimator][WARNING] - No directed path from ['X8'] to ['X7'].
[2026-04-24 05:46:39,370][dowhy.causal_model][INFO] - Model to find the causal effect of treatment ['X8'] on outcome ['X9']
[2026-04-24 05:46:39,370][dowhy.causal_identifier.auto_identifier][WARNING] - No directed path from treatment to outcome. Causal Effect is zero.
[2026-04-24 05:46:39,370][dowhy.causal_model][INFO] - linear_regression
[2026-04-24 05:46:39,370][dowhy.causal_estimator][INFO] - INFO: Using Linear Regression Estimator
[2026-04-24 05:46:39,370][dowhy.causal_estimator][WARNING] - No directed path from ['X8'] to ['X9'].
[2026-04-24 05:46:39,421][dowhy.causal_model][INFO] - Model to find the causal effect of treatment ['X9'] on outcome ['X0']
[2026-04-24 05:46:39,421][dowhy.causal_identifier.auto_identifier][WARNING] - No directed path from treatment to outcome. Causal Effect is zero.
[2026-04-24 05:46:39,421][dowhy.causal_model][INFO] - linear_regression
[2026-04-24 05:46:39,422][dowhy.causal_estimator][INFO] - INFO: Using Linear Regression Estimator
[2026-04-24 05:46:39,422][dowhy.causal_estimator][WARNING] - No directed path from ['X9'] to ['X0'].
[2026-04-24 05:46:39,423][dowhy.causal_model][INFO] - Model to find the causal effect of treatment ['X9'] on outcome ['X1']
[2026-04-24 05:46:39,423][dowhy.causal_identifier.auto_identifier][WARNING] - No directed path from treatment to outcome. Causal Effect is zero.
[2026-04-24 05:46:39,423][dowhy.causal_model][INFO] - linear_regression
[2026-04-24 05:46:39,424][dowhy.causal_estimator][INFO] - INFO: Using Linear Regression Estimator
[2026-04-24 05:46:39,424][dowhy.causal_estimator][WARNING] - No directed path from ['X9'] to ['X1'].
[2026-04-24 05:46:39,425][dowhy.causal_model][INFO] - Model to find the causal effect of treatment ['X9'] on outcome ['X2']
[2026-04-24 05:46:39,425][dowhy.causal_identifier.auto_identifier][WARNING] - No directed path from treatment to outcome. Causal Effect is zero.
[2026-04-24 05:46:39,425][dowhy.causal_model][INFO] - linear_regression
[2026-04-24 05:46:39,425][dowhy.causal_estimator][INFO] - INFO: Using Linear Regression Estimator
[2026-04-24 05:46:39,425][dowhy.causal_estimator][WARNING] - No directed path from ['X9'] to ['X2'].
[2026-04-24 05:46:39,427][dowhy.causal_model][INFO] - Model to find the causal effect of treatment ['X9'] on outcome ['X3']
[2026-04-24 05:46:39,427][dowhy.causal_identifier.auto_identifier][WARNING] - No directed path from treatment to outcome. Causal Effect is zero.
[2026-04-24 05:46:39,427][dowhy.causal_model][INFO] - linear_regression
[2026-04-24 05:46:39,427][dowhy.causal_estimator][INFO] - INFO: Using Linear Regression Estimator
[2026-04-24 05:46:39,427][dowhy.causal_estimator][WARNING] - No directed path from ['X9'] to ['X3'].
[2026-04-24 05:46:39,429][dowhy.causal_model][INFO] - Model to find the causal effect of treatment ['X9'] on outcome ['X4']
[2026-04-24 05:46:39,429][dowhy.causal_identifier.auto_identifier][WARNING] - No directed path from treatment to outcome. Causal Effect is zero.
[2026-04-24 05:46:39,429][dowhy.causal_model][INFO] - linear_regression
[2026-04-24 05:46:39,429][dowhy.causal_estimator][INFO] - INFO: Using Linear Regression Estimator
[2026-04-24 05:46:39,429][dowhy.causal_estimator][WARNING] - No directed path from ['X9'] to ['X4'].
[2026-04-24 05:46:39,431][dowhy.causal_model][INFO] - Model to find the causal effect of treatment ['X9'] on outcome ['X5']
[2026-04-24 05:46:39,431][dowhy.causal_identifier.auto_identifier][WARNING] - No directed path from treatment to outcome. Causal Effect is zero.
[2026-04-24 05:46:39,431][dowhy.causal_model][INFO] - linear_regression
[2026-04-24 05:46:39,431][dowhy.causal_estimator][INFO] - INFO: Using Linear Regression Estimator
[2026-04-24 05:46:39,431][dowhy.causal_estimator][WARNING] - No directed path from ['X9'] to ['X5'].
[2026-04-24 05:46:39,433][dowhy.causal_model][INFO] - Model to find the causal effect of treatment ['X9'] on outcome ['X6']
[2026-04-24 05:46:39,433][dowhy.causal_identifier.auto_identifier][WARNING] - No directed path from treatment to outcome. Causal Effect is zero.
[2026-04-24 05:46:39,433][dowhy.causal_model][INFO] - linear_regression
[2026-04-24 05:46:39,433][dowhy.causal_estimator][INFO] - INFO: Using Linear Regression Estimator
[2026-04-24 05:46:39,433][dowhy.causal_estimator][WARNING] - No directed path from ['X9'] to ['X6'].
[2026-04-24 05:46:39,435][dowhy.causal_model][INFO] - Model to find the causal effect of treatment ['X9'] on outcome ['X7']
[2026-04-24 05:46:39,435][dowhy.causal_identifier.auto_identifier][WARNING] - No directed path from treatment to outcome. Causal Effect is zero.
[2026-04-24 05:46:39,435][dowhy.causal_model][INFO] - linear_regression
[2026-04-24 05:46:39,435][dowhy.causal_estimator][INFO] - INFO: Using Linear Regression Estimator
[2026-04-24 05:46:39,435][dowhy.causal_estimator][WARNING] - No directed path from ['X9'] to ['X7'].
[2026-04-24 05:46:39,437][dowhy.causal_model][INFO] - Model to find the causal effect of treatment ['X9'] on outcome ['X8']
[2026-04-24 05:46:39,437][dowhy.causal_identifier.auto_identifier][WARNING] - No directed path from treatment to outcome. Causal Effect is zero.
[2026-04-24 05:46:39,437][dowhy.causal_model][INFO] - linear_regression
[2026-04-24 05:46:39,437][dowhy.causal_estimator][INFO] - INFO: Using Linear Regression Estimator
[2026-04-24 05:46:39,437][dowhy.causal_estimator][WARNING] - No directed path from ['X9'] to ['X8'].
