sem_0,sem_1,sem_2,sem_3,sem_4,sem_5
-0.8985913708868496,1.8240043566617552,2.240229694330321,1.1628884839485853,0.33168678408068336,-5.075682562601378
0.43349832616532463,1.0448526657445725,0.4470660934972367,0.99477893375975,-0.5802505471519455,-1.8023852797812079
1.025102754784075,0.5222356288053517,0.06061735948339291,1.0899430843734275,-0.5772009536559405,-0.579199691685055
-0.31093129805723413,0.4043724923916963,-0.6245114700597735,-0.7515807324193289,-1.3101285720992384,0.14780132666266055
0.6644879621765027,0.847827459381628,-1.4634979263520718,-1.0401332569543438,-2.06131661019491,0.1624942776289186
-0.381899649001788,-2.362197625688329,-1.3797066175892005,-1.6660658781162008,0.523581113490186,4.730394060768054
0.04805281752596256,0.8429096705379343,-0.06729998773789232,0.06920066404549305,-0.9036272528448271,-0.7981954245654539
-0.039546880071731884,-0.6192415662590787,-1.12381209477176,-0.8256481476687021,-0.5879703646815554,1.8819617159652287
1.417675300101788,-0.16240999439405007,-1.7983969083089948,-0.6853657514065394,-1.7825231008316451,2.037808158234294
-1.014870635851724,1.1165495514591872,3.0846500564555144,1.9348437894036787,2.3250760051478294,-4.91339439767391
0.7384937475143653,0.5114037177388532,-0.8682576577123121,-0.44566464179136545,-1.3473378626662074,0.11474777330129415
-2.377616894016115,0.6250818340477715,3.172287014027,1.0826921347122263,3.0611057040680074,-4.5543101696657144
-0.18766140153254368,0.9854965323023737,0.6294641921515848,0.4186860766730234,-0.2685582594542845,-1.6212750938629628
0.4479896654038777,1.0385620939473557,-0.37401779260556145,0.12484348643699744,-1.1757007443396472,-0.9149840334711744
0.23995214874735818,0.7395295616898001,0.21429759218606215,0.4188560418290818,-0.4165565218568382,-0.9215374956797595
-1.1572114038769443,1.2987603421481457,4.082361629142131,2.566187364556657,3.011772004437352,-6.051486161972549
0.5154937911565909,0.42437384142230017,-0.48578203559280814,-0.12096196471075309,-0.884502825842634,0.09679001111822494
0.48253036684401474,1.0524615970686688,1.7293934807621254,3.1071550541161126,0.8275923076252873,-3.4111099711426816
-1.8001328897917832,0.39626650806592206,3.2132396990971595,1.5296793622476244,3.300997172377243,-3.927751124360407
0.20724861945097509,1.2885935112019986,1.3539132554572688,1.5535990476920658,0.3634122812822054,-3.229908232068423
0.16462770314888375,0.9480776379200834,0.3314763357001808,0.4870798846248435,-0.582676349934226,-1.3628536048916529
-0.965608446682389,-0.9237180412317648,0.20573046469921233,-0.5941909894122624,0.9594691512813176,0.987838878535646
-0.26969349964939165,-0.3256972595931214,0.3645951877732814,0.18576240790042697,0.9956105306778336,-0.07391491029859976
-0.7999321658322763,1.1672627981659007,1.3901771738977413,0.5635066055346052,0.22229690806035787,-2.909130534004598
0.20608710072141814,-0.5185446073420416,-1.3015550988491509,-0.9477310245520675,-0.4753648693377856,1.8980258048262713
-1.4701444650594953,0.9717406294250394,1.128034033277788,-0.21873612423501504,0.2049198762718032,-3.1730197870736
-0.34739559322495667,0.9442978117547395,2.787137844177808,2.0709245331279624,2.532874911614769,-4.336843053946541
-0.9370718352467927,-0.5553579262625203,0.6543644215570205,-0.10338114898684266,1.3353303261647054,-0.07735200905425646
0.9792136319154957,-0.3141756343744857,-1.8279747996474331,-1.5455871290351284,-1.5316839202604222,2.1191031270064613
-0.499459616895711,0.30674267718210113,1.2925369507443383,0.8019148293923137,0.661137175936378,-1.3064874721733963
-0.5402510403213767,-0.8681907828511515,-0.9249311552237894,-1.3015223512508174,-0.37689668915292024,2.2149065152272778
-0.3034474883857971,1.0177893607846629,1.621102142289656,1.1422409740020616,0.8176882927143182,-3.1210532988453714
-0.4488271901696543,-1.2801953154996144,-1.644328227902859,-1.8435137717314904,-0.5614010282212836,3.627245725048085
-1.276821371593931,0.19688215797835923,1.6999467619632753,0.5467054630829624,1.584522179713786,-2.255665172072698
-0.7628928489037018,0.4428762473926,2.0758303418267494,1.2401769002655385,1.4268981905583007,-2.6663641544139614
0.249445024451222,1.5300200845105663,0.5269548367248079,0.7347622623805058,-0.9898102149616153,-2.8040714056408955
1.1837162346872017,0.3663437196383613,-2.889005131809754,-1.5188872324155243,-3.367331616192913,2.335636815575069
0.17318597092824448,1.6243670852425123,-0.6709636177564036,-0.23010407997139992,-1.6550731465670798,-1.3634917246022853
-1.3270411502219461,0.4617523777292581,2.428045338831227,1.2026909816759896,2.2113794318348807,-3.3417466122415753
0.4507583026727425,0.7355656396187664,1.2181507555014652,1.880388633026774,0.7321284142804443,-2.1938373652056455
1.4230062982643166,-0.7470723100949455,-3.013084174004064,-1.8385714153642443,-2.185282221540541,4.071593501825949
1.5973989433154374,0.08067129688325876,-3.2341568754152172,-1.6426696570013086,-3.4688162868437926,3.221297152846125
0.5195299077101382,-0.11487826237258571,0.9083068755488024,1.308051365324444,1.5626925574760422,-0.7361066975953607
-0.2532544079734792,0.615795444346967,1.6215638879565046,1.4338212166153226,1.0531885232691296,-2.457303565254019
1.2310315623681987,0.37661616021518435,-0.9685964418191345,-0.09208656901085978,-1.5624058034451558,0.3738684868398392
-0.6014055215851604,0.6849162535765176,3.0033212420730213,2.2285898080181687,2.909048713531754,-4.147554046228029
0.26255362350889067,0.037299562315769766,0.1119812610126524,0.28452755989155265,-0.02133211879014848,-0.1527660531940795
0.4628867845814071,-0.10978403206688155,-0.2053178215932543,0.2532647804636591,-0.19021085199263577,0.46688744713198493
1.703350236043221,2.3989217952572566,-1.5325843313427379,-0.4305671405049276,-4.100873612980533,-1.1848891992792787
0.3441399161071895,0.3026237085854936,-1.7343842805558962,-1.2685521180415507,-2.33020662240768,1.2833781407317222
0.33065027493698745,0.6118764773732615,-0.686790154227388,-0.29532362408116175,-1.2197707104921274,0.07316721807038101
1.167368908811902,0.2724634722044704,-2.1369674687414797,-1.1230387806741506,-2.5705612639666886,1.4618981110493348
0.4042492132741854,0.7539069345075082,-0.057704991360454636,0.31733237186820995,-0.6636404884269913,-0.633584979612009
0.17856354321910078,-2.2235071565055624,-2.064186666384412,-1.7085737648332884,0.15290077666647067,5.178265678279978
-1.7462160054170413,0.22019624126421666,2.9349633025086463,1.5095904962442577,3.0785925013364497,-3.421337714927062
-0.30104027283767204,-0.5560111839461177,1.700576990970798,1.0863433082212808,2.48072444063701,-1.1102000050219325
0.5121205961824797,-0.635352289569468,-1.7389037978884643,-1.1586111192714008,-0.9688107761048719,2.584401633372803
0.2910086212741074,-0.042818424019816975,-0.24054119195888668,-0.025445288603320848,-0.3671111905892096,0.3110885312324132
-0.18375907636306826,-0.14859570378101894,0.6319322682153795,0.43342845123981427,0.7179402070910126,-0.45919684208340383
1.7400410017027303,-0.33691753916820166,-2.5781023024806378,-1.142042386398458,-2.3122135232902252,3.273309038213271
-0.406054891175363,0.7261531055638554,2.9240417639935483,2.25439938164387,2.9562346195245772,-4.0674611638466835
-0.14159746719149166,1.6212416175353648,2.4449870818429433,1.9749225641386383,0.7188635679669714,-4.740536505692676
-0.3729085448018469,0.27812999579654707,0.3088924566488362,0.11774246283541981,-0.25843424876237214,-0.6031581344160523
-1.2762637671005426,2.2001648216634977,1.9602901472058014,0.2738428977635352,-0.22508538984183485,-4.661532968663891
-0.9047333806055158,-0.7482381665308407,0.7452058455595015,-6.174419094029382e-05,1.6272814274403746,0.11362842073425877
-0.03510158327783204,-1.1519254169252444,0.33908016214083564,0.3339985166582519,1.4941546259890826,1.1868478403426435
1.6640335360377947,0.5268443884932075,-2.9188035689155285,-1.265030204404007,-3.3985306695639466,2.364080981278673
-0.6242187875604507,0.2997019406830288,1.1215829889270945,0.5041420893429914,0.41693752615844226,-1.497520921486588
-0.76601597898073,1.5521241091264752,1.2170335767414069,0.32359446556129795,-0.3573900635460865,-3.047411527623436
0.8889640137068872,-0.3148020836383405,-3.0063794413240466,-1.878142488755916,-2.432368227929622,3.6083000950450677
1.1323079426715055,-0.8777025937355927,-2.132583966456122,-0.8898934764343455,-1.723178638630453,3.3351388150167436
0.26533084339904667,-0.47788474940764275,0.04400998003182298,0.23595247252312507,0.7212448454816457,0.38332460118473
-0.4222802425383897,0.31140445480803425,2.0190760062664506,1.349647724533059,1.5351385196684446,-2.425615300456113
2.5589009887303384,-0.2432177969364721,-3.9865106543132076,-1.1562623566622245,-3.9456034920634835,4.968551839169624
-0.8809055075853356,-0.8792544467989529,-1.1501655296855704,-1.972903497700495,-0.8580432475195543,2.5253048906957023
-0.15344822389123375,-0.2624883212086736,0.8908905984594948,0.6220673205711084,1.214840386305861,-0.5469613002225265
-0.5258603124936125,0.28101561147685733,0.199669888800169,-0.33627564248469627,-0.12019495869483143,-0.8442010757269313
-0.09286647669504443,-0.34935883670675805,-0.4909429499829075,-0.38710771821281054,-0.1248278377433894,0.8077078926453276
0.9930189977187097,-0.03332404047061632,-0.6189553028826915,0.3043010273534971,-0.8995377416459269,0.31025499001145396
-0.6969020446154802,0.47897215203391763,1.335143258889379,0.43493204099526667,0.5735549787067646,-1.6759557677481784
0.19607223482156,3.0676979225779824,2.0008719481370796,1.5430469847256514,-1.1002387424685087,-5.430535187816246
0.4825709317433423,-0.4177199230096512,1.528569665683634,1.5355591454848858,2.4328333448509305,-0.2476380277833592
1.487887778384659,-0.6133518153588157,-1.8542866175891672,-0.7976388206747161,-1.5366254485280233,2.7090643328693345
-0.9131428364536857,-0.2920364612309902,0.09654759178012831,-0.6680762926761588,0.2356291851909446,0.360402070659938
-0.2639778685114932,-1.2288944525050383,-0.45306600712681205,-0.46628431849140406,0.730989953032107,2.0499822811256196
-1.7526627437032345,0.70016983190078,2.5203055860538206,0.49000300219032755,1.9895820157949895,-3.813686063074363
0.4692140937340141,1.1892298892332727,1.1557341344146674,1.7486717382069374,0.20095169966300827,-2.8319384433514836
1.1351640983496372,0.583054748141018,-2.1902409467865818,-1.2180585008820441,-2.7803009268854253,1.1946538023240652
0.3406232132364593,0.16249233490545134,0.09910817304301774,0.33007113289509193,-0.07050561869281977,-0.2641560250939769
0.4200634712627069,0.01728793084542054,-0.34510184892042634,-0.051257728882969936,-0.4615611951777974,0.32709549864336873
-1.3878283537132725,0.9369991622653583,4.225205994203949,2.895555795616032,3.335738598560115,-5.650503735826292
1.9018836524964127,-1.7803813803476918,-5.18353409166955,-3.3752595320819423,-4.277384315258922,7.484944650614583
0.029824455728557898,-0.06372021219024306,-0.733934146163101,-0.773631114128655,-0.9232824655102332,0.8946747149711023
-2.3947399285047584,0.09587962690176585,5.0662077939827554,3.098218054022491,5.189489348743116,-5.598508479483715
0.8891415459530445,0.9510933350948215,0.26144441063431567,1.3336357229685303,-0.945366207613977,-1.6096046232160168
-0.07954438341257004,1.0533982674818712,0.4722457631965935,0.34648115465112905,-0.5359306538943615,-1.5010673262765584
-0.4139297298643764,1.07010616280754,2.803241332986989,2.002080913022925,2.281613666569857,-4.561693615618814
-0.7265691911067675,-0.6124965886031039,-0.6951970429799532,-1.366654169291765,-0.5313164734777237,1.7031004809536114
-1.022560332596718,-0.29712984518341795,1.5873134045675161,1.2130484132671515,1.9720194798964092,-1.307037629256133
-1.0060276539628423,-0.9063681951912006,1.6927592375000577,0.7910254187465864,2.904574030831402,-0.686377439689192
-0.3513159618180575,-0.5775509645630398,-0.10932350189090324,-0.3223420581153458,0.4675466324344335,1.0020939414438885
0.6097658484811802,0.15060148669009782,-1.6050919375144812,-1.0965775180775887,-2.2498507269990147,1.1509578668594367
0.2875797395066575,0.2891053666265853,1.5454561357047991,1.8417657148911657,1.4300578660080832,-1.7608367939719447
-0.5535236244334332,-0.04057008319113076,0.3215348724756295,-0.14797213805483406,0.5156333426889719,-0.34518131533685503
1.443294929638123,-1.0302926867917326,-3.407403729447215,-2.127082734519065,-2.7624937243766707,5.014901158103858
-0.7248215101469665,-0.8871741551155762,1.5359961471743273,0.7878435430126122,2.7667070828339146,-0.4803083405649124
0.050130807545830144,-0.22310565081633216,-0.779674871961704,-0.7201844218462248,-0.6002788500124548,1.0613166780023242
-1.9469580407323306,0.19796636690423525,4.5565507398549245,2.4407422613589005,4.81755236107696,-5.176097285809882
0.48537919841685095,0.4471336439450588,0.2789349176695114,0.6187476720511281,0.0806015965802503,-0.37725442201847864
0.26287863553405716,1.1336838433037368,-0.8990679381081316,-0.44169803950778175,-1.7475548720098586,-0.5747833634560489
-0.9425412191488509,-1.3586540488097671,0.6961808914193806,0.09814177011803331,2.306205543513083,0.7809527076614842
0.2930328729685683,0.6662967962631914,-1.2074958504119047,-0.8467531761859036,-1.7173413698012823,0.26645948792756075
-0.7887445124231475,-2.1554415218415905,-0.19016493659309458,-0.7159918628344653,2.0981881267637954,2.2390065724200845
1.939884978898644,-0.09731953663879385,-1.722291467495454,-0.2952949557151962,-2.1404384144427904,1.8913163888963542
-0.2916411622716861,-0.14750827641232606,-0.3151759529962452,-0.6215559032273947,-0.19821206694867344,0.5821340167029467
-1.198278893413811,0.5308035448625832,0.5750319879184277,-0.5552694045529212,0.3210248710302871,-1.712067237232868
0.6354661451331065,-0.4305102035318558,-1.3016766221231233,-0.7232524456316856,-0.8724620685151413,1.6878290500834474
-0.6326226849862641,-1.1961466799768217,0.6786939791830718,0.3371212022516263,2.2919994748762385,0.5575187022960962
-2.290881732581995,1.1970928340969829,5.265360786479671,3.375878441035382,4.3530839623919695,-7.182371900146137
-0.7972059807824994,-1.0161368274572287,-0.6014024183480182,-1.1962727030676779,0.08050822630655993,1.9951901700541896
-3.07726241519883,0.34008332830255444,3.8852724533939327,1.5151803301912865,4.3116696831483585,-4.962054272322154
2.522075318999054,-0.31361848174235657,-4.343034188768038,-1.665371818811914,-4.108094883966188,5.192764605557874
-1.6630737934407491,-1.4654327477472335,2.2132693675276576,0.6579818509788231,3.9016545122442907,-0.9264976306096475
-1.4618984304592244,-0.006075516085890881,2.5966873468515015,1.5090945875703792,2.907910696992341,-2.4977332211485725
1.0682936831655812,0.09258494805059772,-0.7885056049432287,0.02591609288588021,-1.115224433582972,0.576291656599019
-0.02605865015835191,0.9684119111872331,0.3422741294781496,0.3105476741716819,-0.609208390179924,-1.282328995996993
0.9393435178694234,0.11484187483381446,-1.5744819078493744,-0.9080336388812881,-2.07529234675078,1.0643732449719265
-1.5340269032967122,-0.5199524606633731,-0.4358316678174234,-2.1284470447280204,-0.7156580823834499,1.4067886811167067
-0.4877216012090037,0.20337477125068965,1.4517884941584687,0.9247133820205932,1.0402621506984857,-1.4554966433645034
2.4309997176194913,0.48534949628571544,-4.985002811967304,-2.380835665937402,-5.245995140579372,4.356643947813808
-0.05773077911449631,1.5689665448564294,-2.2228694151877977,-1.8783317280500886,-3.267553095723076,0.5630413608212183
0.2504846235175449,0.28033452016136995,0.6436687704831382,0.9969785275517236,0.4449252031346375,-0.936730603949452
-1.3313039449187307,-0.9695714864807154,0.4132623038932389,-0.7364294202920607,1.114875139930256,0.86739510172653
1.003132783158873,-0.2648599739726159,-0.8427170306754365,0.07091081879290605,-0.9923040864666235,0.9197672253562199
-0.9404369906208383,0.2217271802260466,-0.22783609824929607,-0.8772790032559843,-0.36274527277798957,-0.09505575443039607
-1.8496702275421615,-0.24389568153984847,1.8738226329531915,0.4956059155853995,2.1898363395154954,-1.8556971610549997
2.5062947363476447,-0.7587557854329909,-3.625508896591409,-1.3887356034824399,-2.934469666900886,5.172318514393412
0.4135480187429512,0.8165148971369054,0.2401332104101221,0.725143523584556,-0.49252494757052295,-1.142546470682474
1.8279910001221553,0.87126728943895,-2.2915546129564937,-0.6971689386880071,-3.560949364187297,1.3178834929075203
0.7219924708851084,-0.5360336942774518,-0.7017450734588553,0.04499463592543928,-0.3311245670821546,1.2381568518909354
1.4262226278606067,1.0843122264489997,-1.1886622766327333,-0.16034328266498438,-2.378495419241709,-0.26713539769742545
1.875993282141382,0.3677913191985763,-2.612642496449556,-0.872469143682542,-3.261332052536234,2.796168439845311
-0.27360728938408196,0.8079474856163226,2.2396956356299196,1.8245260219242605,1.6918751781427699,-3.53602829194664
-1.5189467646793064,-1.1661560424449415,2.231384755728586,0.9059821705279789,3.4954760021029068,-1.1391615487590543
2.459388740751315,-0.04617558374454776,-3.611563819030112,-0.9832246331960887,-4.111092761889664,4.72063068127647
-1.5732452860108248,-0.8504717189190548,0.3605829060037102,-1.027982617496741,0.8088361613236242,0.790484013964382
-1.2456095174141195,0.7052866316200973,2.177665400162538,0.5681819804833471,1.323219341050697,-3.2320025254424927
1.8791449147033714,0.7754503501006663,-4.115651069080439,-2.2802099053453717,-4.8343760912768365,3.02255016337563
-0.35666650377658143,-0.49698893044092624,-0.08461921404154392,-0.3141435216137869,0.4165913605392609,0.8784099427119016
1.208980363799615,-1.1997622741925682,-2.4954954038572614,-1.2805985332920666,-1.921686548171415,3.9185032728534797
-0.9611342325619302,1.4183422371061574,1.443513792790329,0.4591061469512436,-0.05411109056366011,-3.3353178248806277
0.5353550268831526,0.9668445325033428,-0.9111271992323001,-0.3525658570503944,-1.6756640766530921,-0.4290442126851184
0.8280025050041823,-1.693742991784684,-1.876423617455288,-0.9246578610091004,-0.3899145129716701,3.7615664336726127
-0.5970051983859526,1.127327108144734,-0.20189486029369375,-0.5649468313293576,-1.5364661114228144,-1.4472762587025731
-0.4263324552923141,0.6588251200661464,2.029956277001161,1.514937206326546,1.391009817122033,-2.979347088375773
0.3431035493025867,-0.18958440549101307,0.16941351172078234,0.4694372506502194,0.4259888793579226,0.09251231699203372
-0.40809760468888745,-0.1396454560459789,0.20291569204619397,-0.12012689676062359,0.5005456938723509,-0.1402351063015579
-0.22195367186557763,-0.03443049579507522,-0.30097574128764476,-0.7569567507459344,-0.2929453009106883,0.13223697380095584
0.7153493179621836,-0.6250470661680058,-1.0875244130852308,-0.1955367211184555,-0.7094289696087269,1.7781267075128275
-1.0487007977764793,0.6490670730753102,1.1149039117005715,-0.019819422217742508,0.41759238013535893,-2.4330204508128466
-0.30206897746231226,1.7012533321918861,1.9497769360591461,1.4990885326738699,0.22757943444491682,-4.55503497737174
0.3966696894955222,-0.3186443405891668,-0.7309460909818758,-0.24655427948633152,-0.4219465124332334,1.0277555973805985
-1.4836141640735991,-1.5573244924278282,2.64647975259398,1.0175028103964079,3.804818698411441,-1.054007070406319
-1.6434956150870337,0.04488907389184368,2.6275038547810836,1.5024410457935913,2.940649245751476,-2.735178974928573
-0.9230382431767621,-2.7256640582400524,-0.5856054686342357,-1.3699268659189199,2.2816299672583673,3.3612549077066136
0.6144515247323736,-2.029919553990537,-2.4843054330644145,-1.7721335072966897,-0.7838256818232991,5.0265781294464285
0.30411130161519706,-0.20954619939576358,-0.7287247878829572,-0.348582534833339,-0.6245638840090364,0.9837671029544492
-0.7746393829584516,0.08022421258586179,1.2244213624210523,0.4718443838058504,1.0766083252447662,-1.3832180324898278
0.34188792326779716,-0.011869365409085036,0.9779954712691163,1.3180762308465503,1.279409528349994,-0.9204502845922694
-1.1065853290603613,1.175753137028994,2.9150901787176573,1.5215851781514527,1.9520451197208188,-4.681228434004189
0.6687262769577001,0.8099765461577324,-0.4163244211530513,0.2398992991023779,-1.1484186631376831,-0.5668837664065761
0.6263059303796442,0.20835734696904734,-2.070756574245555,-1.399129966173283,-2.719879312353894,1.5819006504901036
-0.6149313383889097,0.05012364048247186,2.295921075298712,1.222003131704207,2.42022380451006,-2.6612563654556602
0.5169631208618465,-0.5817643407195557,-1.4588230571579492,-0.6044281889343711,-0.8104259819944803,2.18831859188547
-1.5633270637389272,-0.9960621209200891,-0.03225909714105428,-1.457808172519492,0.5910054560723083,1.4728692192206032
-0.23205043422714852,0.8556740430605883,1.2623457965599847,1.019539722921603,0.6056747515039747,-2.2972915285385573
0.7091731124655015,0.23708901191896387,-1.2261852151469066,-0.7962429860320067,-1.8000191750666077,0.5368294296155375
-1.185155315075377,1.7343527728802426,4.004699673789942,2.1117664066670034,2.5025225586162407,-6.581825191682659
-0.9523232473823131,1.5657207055558002,1.591489071706249,0.5503872132681683,-0.06701533463416551,-3.6748545139800424
0.5876995859293701,-0.06218404804471887,-2.205132486702286,-1.6548998395795438,-2.305214991176824,2.169591951941671
0.46541134687669417,-0.39680445644520274,1.0572526501345834,1.2071494423188271,1.7769288247228763,-0.42061875842027074
0.7398585125470365,0.8200302657469722,0.16814304403124422,1.1136863354680646,-0.6378683916300141,-1.211679854094783
1.3456242847188944,0.42048395784537396,0.052239764783217235,1.5718905590341636,-0.4668959090956207,-0.7730963492581286
-0.3599154045661851,-0.045048798068040324,-1.248316617183727,-1.3451839186921142,-1.5403666612322304,1.3541818704747517
-2.14007547335563,0.36014924586828895,4.248661399155269,2.1221652465166843,4.331855516659825,-4.860516859385132
0.18958870099727673,0.2842989948490581,-0.23155533725149213,-0.05067459131990075,-0.5896722935194564,-0.10011982201372895
0.08043039766506101,-0.36323144219505593,0.24422118230136158,0.11989653242471894,0.7795016104957255,0.0055936698955032504
0.13797284472191287,-1.2282167416646628,-1.4224562903341809,-0.9198544077162908,0.12120380062812963,3.1328775010969485
0.6439076692626032,0.06570597376120439,-0.15805051384995344,0.3940254095101802,-0.11913893977281201,0.08062999362715229
0.7652743783728405,1.146017552148972,0.33019853285257184,1.2540761002391885,-0.9107164853869653,-1.9004581850405406
-1.3391683298814174,-0.014759039898655318,1.829663028684981,0.9985371019240711,1.9634906445869895,-2.038783249862969
2.1189557662217218,-1.6335994831121026,-3.818560111329184,-1.585994156567172,-3.2474857106947317,6.585067292882271
0.34399187486804156,-0.1650721763687476,-0.21211486943708413,0.13709635217144828,-0.24793147361447615,0.4641434695530995
-1.8160706517566931,-0.3677298954763971,2.541854047032346,1.262335940846188,2.8840320261054697,-2.1539922832928498
0.5209999347031117,-0.8205386467848939,1.0451829210597607,1.045881249810744,1.968699596401096,0.5015923964118132
0.9428307472144862,0.5093496215688829,-1.0378661686222512,-0.40796919770679885,-1.490364472508883,0.28235850117159894
-0.8992818111595522,0.9963645946888202,2.316484127380945,1.2640384648369047,1.2662122449423243,-3.688585259475536
-2.330785216966882,-0.11753888572593062,3.5693218840452796,1.8336105707343666,3.614318363858993,-3.414418645683054
-1.6884335678799696,0.7239638921531495,2.560602789462623,0.6215937497845259,2.000363909988465,-3.8530050352981817
0.8196800812384905,-0.331986724208155,-3.038867461497604,-2.3789203891574457,-2.330974422508625,3.8266744813047406
0.1716992916864212,-0.31046627008867844,-0.927212503509114,-0.6278318344422771,-0.5924922365626615,1.3473541756515919
0.6718701729150822,-0.39823261826244266,-0.8486735708606639,-0.21180618012256475,-0.6218135086278669,1.1360132908418576
0.005779644198851248,-1.8345016763337727,-0.5455495136943973,-0.42131805268970113,1.0899233809892628,2.9496720092370268
-2.067833385805005,-0.8083547476576035,1.8540327189951327,0.47019947815409097,2.664781220703313,-1.1333927495970781
0.7178052422343917,0.9169845385635068,-1.3953947190736138,-0.8726810465807081,-2.0421119388265057,0.01670032480462047
0.36630710460762184,1.1282652758563967,0.23878415091643057,0.5817229620983023,-0.8366433405647187,-1.7413416653873932
0.7170729554573044,-1.3828752198829686,-1.3546625261771479,-0.40627162428638003,0.02291916684128487,2.9400917879985675
-1.1277399534387493,-0.4173441457139504,2.4129506384752895,1.7467970441648688,2.7051935753807226,-1.5375381467139853
-0.27477886768633797,-1.3993662837534708,-1.7087537093842002,-1.6831691766294834,-0.29882285936405023,3.8314146477756745
0.35273942609852654,-0.5974614410150906,-2.4540710769586096,-2.1129525701574834,-1.6732104831966024,3.39103851772488
0.4462160798362428,-0.5046115725324968,-1.843848280466544,-1.3570445562325584,-1.299376375220232,2.609946517306537
0.5148133949929473,-2.653681555590657,-0.1703994716471482,-0.4256444787844972,2.169180127299415,3.9114887995158254
1.3529532962920188,-2.1082903226068916,-3.1598966227478473,-1.8976489931368719,-1.9683517784286422,5.360458814012161
-0.601518508839701,0.21673003328179768,0.14312872546957311,-0.5121934824710324,0.005115994290162323,-0.6679000830640534
-1.5778460403145829,1.1405828450510298,2.5277620045553313,0.7391277794763123,1.2021657583515268,-4.611147079049841
1.1464326798011486,0.005042239509730602,-1.2060359128139553,-0.3198973665706301,-1.4493419695293868,1.278023506110625
0.41051634967524486,-0.9481008788122488,-1.3846888820684196,-0.661279752941599,-0.2416602559900699,2.459857549577386
-1.7810056325137433,0.8179090003381201,3.3640923581477877,1.79861064963467,3.1074281078920634,-4.821475874202971
-0.2265991003560516,-0.07538233097798715,0.006913013309799224,-0.41037826845060127,0.07377888655741272,-0.25174238577612806
-1.4556360878662902,-1.0238392516260568,3.013205234454547,1.7814305154614738,3.579139290280956,-1.5802992419607038
-0.1599913412516046,-0.604847559956072,-0.5583341641540539,-0.4878234916533396,0.020327508852561644,1.4126308915459913
2.024258360000543,0.4409208290061051,-1.2256169937719528,-0.5381016958534951,-2.0397133142182127,0.4283799771242688
1.0154491817142546,-1.2020291826130636,-1.9887173507999019,-0.8790514161346955,-1.2534103824599723,3.2771865743652953
0.06440520972433625,-1.4243918477565836,0.3379246016639249,0.18881529857340545,1.5974147168977009,1.467576409682242
0.016397800198117766,-1.093209703420512,-0.5882706990836057,-0.31110797000357066,0.5254629073143856,2.0314538402418227
0.658056138448829,0.5351009414417188,-0.13949393222372414,0.4273978824726197,-0.5039126462778515,-0.2223783609161118
-1.3620301072637633,-0.14925947794215538,2.4435356884283648,1.568223365732432,2.778245769590987,-2.1343042544871635
-0.13045810241968733,-0.4437004250303615,-1.1696115478179339,-1.125555107766488,-0.9309808731843445,1.7491789344162247
-0.3282554409422911,-0.6670061787197666,-0.5303644923330985,-0.7235089221909593,0.01866006262227729,1.5777811624897142
0.14433853099462035,0.06542559647912848,0.6992169752265085,0.9653397699566811,0.6030205161553406,-0.8164859472305515
0.46568041284213113,-0.917090769194331,-0.665565619641092,0.09630838262855705,0.5233576344655756,1.6894638350830717
-2.4476546536851256,-1.0569766265261387,3.3009772446024175,1.39495265731468,3.9159025798802323,-2.3181693774534384
0.3679678542208137,0.7060408221380647,1.1459618440475572,1.723724814784459,0.7029170322445766,-2.1526489679417784
0.3617084011262499,-1.089556309852975,-2.052637027794135,-1.3525548100652534,-0.830007695811045,3.4402646041395197
2.002503344953036,-0.58045452375143,-3.216605352299421,-1.6281510989526529,-2.629787763789513,4.377058375607736
-0.939654061625298,-0.6369020350583982,1.1909979262301862,0.5286889613308905,2.152411938074463,-0.5826095563760425
-1.2529315713107878,-2.076232876066122,0.4064038871251052,-0.3368177438232774,3.141139671305958,1.780484147746961
-2.0281116349585844,-2.139546725889731,0.7093092157814807,-0.7638416617013889,3.5361352205314813,1.738263879994882
1.2435691229488965,-0.11349648866938232,-2.7634965486554504,-1.8070600376921826,-2.6149841394911553,2.959195386745531
-1.086770524362127,0.9296795997419895,3.6029345543700804,2.4361549229513226,2.932955420874839,-5.0999662379878385
0.23237660593761125,-0.4456633635043384,-1.3564994740494103,-1.1146816085319018,-0.6945439438617108,1.9551603835383273
3.0011488359969802,-0.49356062706270626,-4.909419182207917,-1.6255391879829217,-4.457977077889214,6.192669502960083
-0.4808562663457931,1.0769998988495988,0.7983124129038814,0.2875032733354389,-0.1654900395906977,-1.9046896053800013
0.7288678263404224,-0.5522293316466079,-1.1876682276733834,-0.4395845598760907,-0.873129296073805,1.713884533271415
-0.696635813114064,-0.5358890276525372,0.09884576895966318,-0.5191141897786454,0.551887893319689,0.6598201083644338
1.4058292642836387,-0.9144770290930763,-4.050668840322812,-2.9008039368569998,-3.230007462044871,5.645835838811442
-0.5114813644792512,0.766667636152372,-0.08248329786060322,-0.22113058153197257,-0.9899372153544161,-0.9841655790943663
-1.0338517507941059,-0.9173374062386008,2.404098261006854,1.4861572885257872,3.069807913136835,-1.111540250261614
-1.1022865355112095,0.464671797052201,3.101261663734233,1.6974379943118187,2.8972421017437284,-4.137889245246876
-0.8771973850137292,-0.818552278436278,1.5224803875552329,0.7811108635948942,2.6618870555630427,-0.5963859227772315
0.18018270350551097,-0.0386767180698728,-0.7294853232935341,-0.5631266861387908,-1.0197624160716687,1.019251637861264
0.29023292182281785,-0.23947235356272178,-1.3674965765151665,-0.8939824354227797,-1.2877117304497885,1.7724900634723757
-0.20656802828487159,0.4971360809070829,0.5998605652294581,0.4069887283543888,-0.013290896319774134,-0.9827472803462111
-0.6366475519437825,2.201823175625392,2.8681065762526012,1.8237021678341074,0.6034048292199315,-6.05377136434067
-0.26832517626441893,1.651991341989822,1.6527838011033749,1.1402905865162605,0.16778551672737532,-4.101817244594208
-0.14914376600313456,0.8385638959922882,1.2023774201312838,1.0207765231723294,0.5839609750016552,-2.231125210035618
-0.773220122405668,0.4243981537839599,1.9662851358170663,1.1252300421296986,1.3524839472011394,-2.5537235721718217
0.15873312892333885,0.06493434738595102,0.3342898322133502,0.4679912005736307,0.07649161314255881,-0.32365130117729457
-0.38371969422013236,-1.0644865550513654,-2.24207475656577,-2.493711174140615,-1.4959961161701574,4.1186714024080375
0.7557212605654582,-0.7404134042033775,-1.5441445361458008,-0.5710432954521591,-1.1119465431077222,2.3673162590633696
-0.06404571300756398,-0.25336707600056907,0.29150307404443726,0.1081961508775728,0.6200311442881898,-0.1717575847140748
1.727342812563015,-1.826401880654253,-1.4540078884569174,0.516746746567101,-0.367650362716833,4.171918365192839
-0.2735885448911323,0.09868640252225344,-0.6381541930765654,-0.9797741980993379,-0.7648190303254986,0.2071228900767853
-0.6868888469743109,-1.3151183358280127,2.0117579011969817,0.7805305998165347,3.079533940326956,-0.5543256932047761
0.9476967462884613,-1.5904133816004296,-2.358911703566073,-1.3326787638928954,-1.180537523457087,3.99957848878625
2.0924775098094535,0.5844356671068328,-3.3560162531010795,-1.3920594250612595,-4.092406709372321,3.2439484700210715
-0.43469711264921623,1.8632136862844224,1.626859205333779,0.8659617127157719,-0.10135200087558568,-4.144646825644836
-0.6078990491297325,-0.6923765353420409,1.0995039172713978,0.6550401669366467,2.2083836654198477,-0.33934470672679556
1.0707234522540254,-0.5404594027342468,-2.7707608873297556,-1.7220226559902818,-2.057445482869848,3.594678762014542
-0.9264674690030122,0.4233708582891322,2.475279382880403,1.2972306655939807,2.133655315549379,-3.3384758307982203
0.35736693423073695,0.3766575552787573,1.4436890041668304,1.933515002854715,1.3622298723033452,-1.7920145036231097
-0.4370957359107545,1.0696741544522104,2.7159052751851402,1.9293249262402739,2.0977960286282835,-4.504474112709032
0.7763011828838599,0.9984616716740813,-0.910739116959392,-0.20604074729734417,-1.6694703852274875,-0.4983237989794474
-0.5648427744212575,-0.5777989972760985,-0.43082606231282167,-0.8972770352524604,-0.10566474080997224,1.3594853492410883
-2.9434282398628806,-0.46877892888361344,2.871947983475981,0.4199380785322542,3.8802218465797385,-2.754595104633337
0.19325987469748854,0.20976350844112457,2.0874773674219473,2.002481692967352,2.2112893766302766,-2.0534529163338684
0.09901595577446101,1.2091338538177705,2.114856118693149,2.756210994272617,0.8428983117786728,-4.007491128367991
-1.326515359405509,-0.07243487070756441,3.626004403857562,2.086946972982998,4.006486734990665,-3.8739611342861595
0.1286311903622027,-0.5726728341923004,-0.626388518574047,-0.18476643385348063,0.06312136415322193,1.1528021936057633
1.4004827585308692,-0.7540128222816026,-1.8718998090385317,-0.9353086735767263,-1.4381613698543505,2.719407963496095
0.2853695259045061,-1.863713011898123,-1.881648781334061,-1.374858400397706,0.04294914300298265,4.403791259739559
-0.5348079690250065,-0.2265809512752494,1.3906345092275376,0.8325311177281546,1.5960901053367773,-1.1079892032701335
0.43944288885463756,0.020750028361055214,-0.9685104619761474,-0.6763492393520691,-1.3145176659892632,0.9814415302466972
0.10788341716996144,0.31370549246406704,0.9286583248562242,1.0645486948450873,0.7932514907140533,-1.2067187693115127
-0.9734573806941487,-1.7754234740690829,1.16177767405501,0.13783790229150833,3.0509704522932792,0.7292684522154147
0.7322050301583669,-0.22860557682974575,-1.3762649328182717,-1.1309928585266158,-1.3242839800887272,1.5747467639935808
-1.0148641096577005,0.11275567093895807,3.7543986451303217,2.2426140649916433,3.987103235023953,-4.337161004460695
0.6683794224977607,-0.5828759456610331,-1.7993325592390965,-1.061831471860653,-1.2189894653042184,2.7381463961306807
0.15741643108908043,1.273067025012089,2.685298889811927,3.2625255690682993,1.9971665546139283,-4.77513423940525
-0.21138388651312107,2.5112343355441404,3.099840717169469,2.043105422370263,0.5763887183926046,-6.251623867809331
0.12429549140421206,-1.0570354462919263,-0.4675962126625282,-0.0695862587500491,0.6497625036731721,1.8243148059235883
0.15308101393253662,0.8582304032894571,-1.61193811657202,-1.2999601161593606,-2.2081140697773285,0.3555809517617904
0.1818776570254658,-0.33617136798136665,-0.3752378045100575,-0.10922246273658646,-0.04067583213059881,0.5922220598233287
-0.12407940197879586,-1.239944860529269,-0.06034261289893168,0.012580857110083749,1.1690665996492755,1.6207848633978885
-2.872787069642677,0.6676214779247548,4.475970560172767,2.0482003391425585,4.801985735412145,-5.974357314580822
-0.04363461291225996,0.8359524818456322,1.204685187161548,1.1481617194009384,0.6095585551972407,-2.3079217727555985
1.5515634078350118,0.7592780193828894,-1.7257335625754398,-0.5112304955650099,-2.7323621086755896,0.7695316508601191
0.34937975474882543,-0.02199415298094469,-1.9025601305826556,-1.392547506947947,-2.1515075581962844,1.938866858840538
0.8157751086429244,-0.3723492086536323,-1.3162398933789095,-0.7908035179862835,-1.0975000541086188,1.4797282838561423
1.73816940438427,-0.8094170666001268,-3.9555914917585118,-2.2393853592709525,-3.0372944750708295,5.0211808994217435
-0.08843031771603967,-0.48924587313201867,-0.24282953108955618,-0.13647282227322932,0.3605531220027789,0.8322157948844222
-0.9009955647251255,1.036974461318327,1.3104858480621986,0.4283231068340344,0.26044362923952713,-2.6781099119045377
-1.506027526165919,-0.10428739097918983,2.3240439450184307,1.3760037875345772,2.57045438889822,-2.3111423704728606
-0.3523825387685566,0.6914913784926361,-0.5656018749149803,-0.5912714847501952,-1.4323559785956304,-0.21412572669154933
0.5294336889700428,1.799304440039403,-0.2654966070497675,0.0890472431140448,-1.6279043803642417,-1.7662593694960353
0.9250404107941531,0.0009796766586184988,-1.2314184177195209,-0.6777086947228603,-1.5666908672233943,1.0858884587470672
0.2374772275980839,-0.015602013567453485,-0.2961217715393108,-0.11160845384446637,-0.47878763545270525,0.3393568629499507
-0.577634839077308,0.6244424040127444,1.4973456348338632,0.6185709545682653,0.645663983297277,-1.775606707254226
-1.4187376485934604,-2.4279949186819003,0.023787601792444116,-0.8720097777064333,3.358646809091125,2.5940202953124363
-2.0265556200399826,2.1485522810802937,4.463980492190001,2.37214730693688,2.5967504095034704,-8.091472252869352
0.31553701025466235,1.6398250813902502,1.439129648426306,1.8264338377817118,0.03182244667976572,-3.762753785502854
0.3206679956993205,-0.9286527783095021,0.9741584147012862,0.9232983162620562,2.0543680389459515,0.38950058246360597
1.3289348534322802,0.4136657705172797,-1.8348044022032957,-0.6799273611826125,-2.338159137908155,1.2896279090504055
-0.4623911829988234,1.0245614269432173,1.599431865661006,0.9081399546702171,0.7561969315633705,-2.963164515638443
0.6055178098067301,1.3691598719759148,0.23799471211389472,0.9116646054977345,-0.9902433075563859,-2.0330229426781674
0.37994696142216605,-0.26188528136032974,-0.8025171224722031,-0.3611669053092783,-0.5723575192125642,1.0451611281026392
-2.756293765485235,1.3509093422873282,4.891453425790366,2.301710154503448,4.39539290490244,-7.27104608227796
0.7829210514132743,-0.8046178289270264,-0.6948769625844108,0.3604828825805865,0.00087699592364128,1.7582572952451445
0.10940165575897676,1.0751720142229682,-0.6820061617059998,-0.3932035723977299,-1.6380521910346761,-0.7993242846725551
-0.4544191770956337,0.5352982928316578,0.2761389185281628,0.16128501604389167,-0.5112948048429456,-1.0213915112775749
0.06956585366107844,1.4520425483080281,1.0995486829060774,0.9750625504381814,-0.08042052687349743,-3.0934053580119185
-0.8586405058750879,0.798044142091588,2.297495984572526,1.6145804997594297,1.4336417377494326,-3.3882239955404945
-0.29348284922293133,-0.16470129581644505,1.042521535547158,0.7136975335929728,1.1515559359374805,-0.7736018787887671
1.5847871550524764,0.49183509694530375,-1.3748164643386778,-0.42621054157445815,-2.107267175041101,0.6514270772756086
0.49279832473660656,-0.5536410221280199,-2.553135660533789,-2.1057041627867257,-1.8106547949785623,3.416710856704672
-1.6419720487002336,-1.0811259757879526,1.3672202345154774,0.1333416198924398,2.570612908474889,-0.2778567593583463
-0.48741014403185917,-3.2977979981608847,-1.8789191985382148,-2.4600104577443855,0.8919755038641789,6.535899384205776
0.7255458692384048,-0.6805354433586153,-0.893892885416774,0.040215369440967395,-0.3993418254071261,1.6898645908437009
-2.267830929735533,0.8028490904924558,4.357753563360802,2.294893542908125,4.1731827568964786,-5.807402145621864
-0.41125328053560767,-0.43561487293592405,2.067956719607337,1.344380004653103,2.7042263537413915,-1.6305648678971822
-0.6396008400568177,0.8547672501660334,1.6067842551502705,0.7736754312930939,0.8087928328181806,-2.4954186933567293
0.34911787240002917,0.9240936376845182,0.323780995109774,0.729837425757562,-0.5793822226978869,-1.4131511070711176
0.8635596265474689,0.7773570853560423,-0.9380708924275479,-0.2819627576522702,-1.5341461683030206,-0.17671733918685073
0.8163874895234412,-0.7953871613172181,-2.7303518728485057,-2.0484750276748622,-1.8930650722500002,4.037702727378542
1.1241676529216973,0.07236341639090707,-1.6207436545975356,-0.7045684168031876,-1.9456137671988045,1.3102180976491151
0.46213270466155587,-2.3302456182838154,-2.7671138861298132,-2.2327818285509724,-0.8237180951648027,5.855975985348362
-0.24378803647687816,-0.6320083730608648,-0.0608220265805406,-0.14341899691287285,0.6610680790267615,1.0135332341772325
-0.6661929359417357,-0.28821087547048163,-0.7908258492643738,-1.4196452349759094,-0.9279090218273426,1.517321342520987
0.6254809442761856,-0.5763820542706222,-1.3810563957384667,-0.4204157887723756,-0.8696534782214898,2.0356484516108946
0.39338204581112773,1.660364827991209,0.7342253284043984,1.1907607453566018,-0.9681741754832438,-3.215869327433298
-0.44722276963234797,0.3940919936039435,0.2084904905409976,0.036756035982579614,-0.4687665857077626,-0.7564443583737817
-0.2324683000220699,1.5045078287865274,1.1022551655495083,0.6153272521804641,-0.21790107876252635,-2.812117550949898
1.5251170752169514,-0.373679200891113,-3.7051289685049156,-2.35713455708648,-3.049382137234722,4.084402999179972
-0.3500527453893255,1.0805769331916704,2.247134456486893,1.390724217667531,1.2968581284323113,-3.927080331324432
0.28071331786003223,0.7142787692611308,0.3389414482196379,0.587789729580195,-0.2875111395484813,-1.021624070049133
1.3035833972575144,-1.1351478394125345,-1.996472270036287,-0.4503017375162216,-1.5609151710829028,3.525941152801199
-0.02655144774200866,-1.302531747391517,0.34588740521775047,0.23652358347941377,1.5814883277106495,1.2685623805297772
1.0082722714382535,1.4379291660005176,-0.6450287454232936,0.10731166910541963,-2.098761477582866,-1.1567578020918226
0.31849661187769385,-0.9063317846201827,-0.6198338791021589,0.013345976810915483,0.4394341226672096,1.6832121889399088
-0.12213399565930697,0.31786538818768983,2.459032835939634,2.01063374337668,2.527399142876745,-2.7361072048269808
1.0506710055010633,-0.07640351825524373,-1.0086754156174569,-0.15915677927846023,-1.221322866335855,0.971882957346482
0.7432365906451233,-1.0182509918710512,-0.785319219264673,0.3294435454111618,0.30956124769413784,2.1107987371305903
-0.19557624265278176,-1.1375008247089604,-1.0658458320136213,-0.9841279305215614,0.03544904449683958,2.6862916321978947
-0.786445320705147,-0.5257975519578287,0.445571687427184,-0.2065614436288689,1.078404741378895,0.19411846305202551
1.1665299169624472,-0.5423212541085297,-3.0987533483236667,-1.8896146925201607,-2.3266456517755656,3.887033906754394
0.15736000183720997,-1.7798943308495678,-1.4027327805879648,-0.99156839517747,0.5703337496439373,3.851426977995721
-0.7725613589703054,-0.14808313032356063,1.2747291957737459,0.8732678279702855,1.490656005782625,-1.2130483649619723
-0.7339300488931558,0.9734724092029521,1.9190576373017043,0.9783821136402118,0.9949259424879632,-3.230011596009149
0.5913071686435393,0.7007176810120571,-1.0548524941463204,-0.7067723426192781,-1.6401422058341346,-0.01743164477164813
-1.0221852241204923,-0.1214588464339708,0.45219023807151715,-0.38761425804196087,0.6430885347645791,-0.27174556672893496
0.6621762855705519,1.1205356890954006,-0.023320744344255212,0.6850922350279905,-1.0258932037211927,-1.421971620199509
-0.1292184702453618,-2.0116605731869224,-0.4305434227743769,-0.4159672789652893,1.3569403996687854,2.709525737850159
-0.6206895121963253,-1.0244369871652472,-0.1326533432322411,-0.512939484258995,0.8118610337030824,1.4912403175988642
0.39422281952170796,-0.4047479479819615,-1.4464184638060131,-0.8792789589453819,-1.0201061253460835,2.157069994184666
0.6379896247154467,0.05909915264679658,0.07260003857038587,0.764831656064258,0.3036464868044954,-0.1609339781596892
0.4537776615344198,0.5940778575154061,-0.7221107374360056,-0.33610496577287535,-1.2689634332129511,0.05034395399640201
-1.0331144467881632,0.3054487094428639,0.5111746242592851,-0.4336475666858075,0.4928051043972858,-1.1280972670681377
0.4755313548494631,-0.9628277374087466,-0.2787784447428616,0.4892254295647874,0.8741086759468564,1.435086591224231
-1.3058160169601156,-0.6384852709409372,-0.6415274573031582,-2.105818037076221,-0.8429925307424416,1.8603000436586379
2.265437442431809,0.694884236009212,-2.6642565101507563,-0.9883677209411988,-3.772208664150162,2.242823526886651
-0.030761124196435903,1.2508566443102531,0.8328402419784962,0.680435528628416,-0.2363613101843901,-2.3439564670305195
-1.9924284641379295,-1.3420065650847863,1.1504088701278243,-0.5347424901909172,2.668829330774842,0.37646052477558745
0.6478464573960148,0.1373370198033054,0.4397676298279151,1.2242275067150923,0.7532542437474132,-0.591558639694093
-0.893958159960595,0.5967065895474509,1.347095174086103,0.13751326289663157,0.5910383628653002,-2.275571232334655
-1.1318760903316414,-1.5575638794578581,0.3625784570648553,-0.29028145320157067,2.1552080113778436,1.5038767118881735
-1.5476496172479202,-0.7520177428239161,-0.01954595967992065,-1.4824452753242587,0.16392745122036653,1.113124026921762
1.0257199138132298,0.6919646964083476,-1.621389549638538,-0.9287951697358251,-2.189201888998644,0.5042883758799632
0.8715346884267682,-0.9278581932444578,-1.9641710889378587,-0.9856300735740681,-1.4701707496491632,2.9543929206346418
-0.9989184869528668,-0.4411410037912462,1.542597392052105,1.0911963266803473,2.1460575744653725,-1.08824706422896
0.34158284861216737,0.6999644317235351,0.7066849182810514,1.0000775092688414,0.12678406302880602,-1.4258966857570312
-0.4496686027971191,-0.8154445318282377,0.24011126569673413,-0.016759987018952455,1.1211623140625202,0.8806420077084449
1.8197379552650004,-1.5488598235051918,-4.382435391951125,-2.702893026204285,-3.727152576589527,6.4555698369172845
-1.9938426021923592,0.40921370746565344,4.135098419689251,2.1195307021917564,4.191301400715269,-4.93853463121334
-0.49693366141466877,0.045659198228728104,-1.279260716917599,-1.5932496887749912,-1.604362721552724,1.3360075680459813
0.475375822211154,-1.2565058562111204,1.0377933029219966,1.4514158867698448,2.2091879785992963,1.3394664282758721
0.40982714141657883,1.3200360607612913,1.2782632371936051,1.7993910208185577,0.23766087833209415,-3.2040880669664373
-1.1060272591561997,-0.5987799572292752,0.157906722711864,-0.8234153126449685,0.5265324599685302,0.5989360154197563
-1.120164377456515,-0.5907673521846721,1.3693279918543986,0.6397011929178674,2.19589027935523,-0.8090477178552545
1.075625917834395,0.5865252081243431,-1.1192100055931868,-0.3899439225049612,-1.7207236420361844,0.25325232835750466
-0.7405997040056734,-2.076228412217091,-1.158823023951559,-1.6365283393957297,0.42828937456999366,3.939076416478283
-0.31998966878620866,0.4110247199704689,0.0014594600192143342,0.07686583829842843,-0.7053105094079185,-0.5711118804380851
-1.0802852875194007,-0.7100063117440414,0.8612555538019584,0.02202332354515417,1.6475441491464762,-0.08811171919425398
0.6391607407577916,-2.466470421702078,-2.2258913839307115,-1.5667352214702994,-0.12201796674237844,5.350581813136722
-0.056841333880578035,-0.5970889145848266,-1.8026771470473244,-1.6597826717395656,-1.141456222646709,2.7575104850350654
1.1820413220881631,0.5683993778207705,-1.3165507347362142,-0.47307782795421227,-1.9757034002135647,0.5058070296008664
-0.6910530376855599,-0.5459729028937031,1.856434640994991,1.4081264122879535,2.414895826817285,-0.9517322264442106
-1.9898763972546913,0.5594864059257416,4.852487886026456,2.794071369111081,4.86853345053836,-6.18252804280676
0.6094223773555116,1.5979605145466744,-1.329217660626299,-0.4977693793307665,-2.3488355775519163,-0.768128487537845
0.8960290794840899,1.7206823067142274,-0.801992621036681,-0.2876054059244083,-2.3176705547971466,-1.1728713545640412
-1.2373334145698818,-1.2365383517454331,-0.0270161249975389,-0.9455006808522405,1.0512473200727623,1.7089497301566539
-1.8582714589987341,-0.7503636305091881,0.9198348135391159,-0.5312770823790337,1.3637867311559067,-0.05507271697763555
-0.14489407929292802,-1.457779317139864,0.3136468225457204,0.14703679626174332,1.7116018358523275,1.3270212399972918
-1.2475154985312078,0.235255927520925,2.04043791958882,0.811678934291776,2.009468478458054,-2.474026047110611
1.0940267916101696,0.8137287399504123,-0.8741026790655538,-0.12651170775024906,-1.6339504661201434,-0.26088025245632374
1.1026115093016073,0.07367441650298856,-1.753116946766571,-0.8745635679449361,-2.104636458166437,1.4325519700453193
1.497579709539945,0.17983456272997606,-3.9654770161916564,-2.274951006235744,-4.17723990563405,3.9777206185122385
-0.2055150900979525,-0.26721634107545456,-0.41836731144377753,-0.48743959947848503,-0.17141809020560114,0.6920880257411595
-0.7332406987508445,0.7792203157493991,1.7710394763029578,0.8744975604066741,0.8259419410207088,-2.3836028417900703
-0.3158622287550838,0.42095471329180256,1.4141634382911656,0.9298330050802267,0.9402939343430574,-1.7323319657196135
0.906413322599002,-1.1800182900354683,-2.732687978195456,-1.9431341244920823,-1.7861006775228583,4.039230435084027
0.19422206420586696,0.23418516779316312,0.5404261491065381,0.785004297330825,0.25166411878784145,-0.7722183210069778
0.5028273489615523,-0.5124156444702292,-1.7609876222342171,-1.1871528433995153,-1.2312350617185588,2.620048515119173
-1.581203947768018,-1.1207689297369248,2.148604110805062,0.8440216007532062,3.5104525846684744,-1.1923826658175007
0.048427335272354655,-1.2278050791739539,-1.2856309742694971,-0.9045982840709228,0.12730400215196186,3.001324106781909
-0.02089969728141448,0.7825254569257093,1.0599823148923488,0.8233476991949231,0.5312182865895044,-1.948297142561608
-0.689441697776792,-0.9643342124164378,1.1161662177323386,0.444185964426962,2.529672425610646,-0.12392945223037406
-1.2970944237397688,-1.1210605227845698,0.5982161811954403,-0.49342292770826257,1.6476927706324718,0.8116993953700065
-0.944653078892609,0.6302968053159235,2.6129186212712656,1.659385869802933,2.0005617739540384,-3.5380699497173733
0.15417252632008674,0.3738913312968963,-1.4113971953286946,-1.083617876500897,-1.901972858722559,1.102054525798863
-1.072114609426241,-2.325436605118876,-0.35087463364775207,-1.1220479735142777,2.3016996989602916,2.840074072856053
-0.1825153420345583,-0.46723249142455264,0.44915928941368755,0.4412732913609972,1.3092661013908982,0.019142396221118213
-0.3686054692828862,0.689960130066734,0.23485659077188903,0.21405687235024656,-0.6132708224190299,-1.1315844779188655
-0.16970214111202966,1.0185072146180985,1.4013482974732783,1.2185490843541362,0.6066473235207177,-2.8903645565785263
1.1083083666048321,0.4004815759884925,-0.4552872944387229,0.24026543472610262,-0.8840089996827294,-0.0002796639739375828
-0.690388509130071,0.5338495471622335,-0.30307318323999505,-0.8960989275716937,-0.8304309912217532,-0.6677000905426713
0.27439350451637806,-0.7525881286165743,-0.5616212977255515,0.02957346789194979,0.34653496832061365,1.346390688268048
-0.7373031377144177,1.8405066983815899,2.6838708057043483,1.848980448636251,0.6372413053974185,-5.746589334367098
-0.09031635624504769,-1.8526893932975586,-0.5948937808098084,-0.5332363578539788,1.0136237525586005,2.9744436663437828
-0.6482914088443282,-0.040405711412735995,-0.7732836181534708,-1.2654097145252894,-0.9475954089528263,0.8895000185063364
0.4396500313312382,1.4552468162867818,0.5695569197675744,1.1041075662497797,-0.8492874451929778,-2.688889823167716
0.1796827842264022,-1.04278226690756,-1.1422453007751698,-0.5851895163967441,0.17367404387987656,2.5651972496377784
-0.8204439386235334,0.22027044342349683,1.9260591542737617,0.8819665531856761,1.732643756734478,-2.208453754012176
0.5084267548655734,-0.17230009690363812,-0.4918033072624703,0.03936747046112851,-0.42016710642700034,0.6940732821111756
1.0747873933865142,-0.3981082575797125,-2.817352687041615,-1.9623604548990714,-2.128293384141766,3.3078643402373977
0.7250858102455763,-0.061541675884207725,-1.4583281206164596,-1.097676985848928,-1.687821363673008,1.3674271083876475
-0.6590886386013919,-0.7830412594498283,-0.9771432767849629,-1.5350028700467364,-0.632923135942342,2.1935289514126532
-1.5088935599494318,-1.5420813669086728,0.5860388831115739,-0.5421427549603548,2.367264817286651,1.251455068807011
0.66305262540756,0.07203494649457264,-2.5668736281538265,-1.8861985406637023,-2.899554787016882,2.569523983299683
-1.5894705060929775,-1.0225678642137677,1.492047178684329,0.34523348790182323,2.654482591508295,-0.5308713936350096
-0.8871981360051919,0.38869643529868586,2.2727448580709133,1.1860942000219377,1.8788879940443788,-3.03975265884696
1.2530002004803458,-0.72499984001326,-2.664409551931848,-1.7123297927544403,-1.902065253837935,3.76412852874214
-1.0044898573186352,-0.8920061257176767,-0.19076085276429822,-1.0449465048476971,0.3138144988745654,1.4131846714672607
0.3643557946652413,0.4337805638108392,-0.9715325605139046,-0.699680322579883,-1.412103113849642,0.35102678778000285
-1.8060649796299917,0.5438440525885243,1.9576103522303572,-0.2176800478914967,1.6521081671213085,-3.1397938486524906
-1.770790468728677,-0.6909055887602416,2.4957463505222695,1.2870489306158728,3.0313820499444426,-1.681668925270839
1.5414543382994401,-0.6060664717279443,-2.207222039268375,-1.1576367426330108,-1.7033451786620972,3.0545352260386593
-2.2852162445363873,-1.0150923272844115,2.3497544974927784,0.8281372308590232,3.7429233188665263,-1.663537681796301
-0.6246338245719032,-0.570739413280281,1.6491123218680983,1.2338640160786987,2.323651109626673,-0.7545660914712806
0.39062399267957754,-0.8465205241417058,-1.0257604323444383,-0.3146772698861292,0.07406890965494227,1.947373602619981
-1.4267545549499672,0.12667367440050714,1.8032243208128653,0.7954973676468559,1.8197594515240259,-2.258717654645407
1.9970979493974466,0.4273550020652987,-2.59078043864104,-0.8701687728770057,-3.451661595945835,2.7460655155743785
1.1824401280754109,-0.8477366584752872,-2.5258651836873267,-1.4027260672984638,-1.9685073239847681,3.78506939688459
-1.3401173770451542,0.6189732664852746,1.970673331484701,0.2713736600932751,1.2859044931300685,-3.002207388013254
-3.211501523914933,-2.8209494029992004,3.2714435405343707,0.17277933836244108,6.283042705738472,-0.7241062446660191
0.4132152797527224,0.3711437133004268,-1.007318780596942,-0.721267278852285,-1.4691202205949099,0.4425438057158354
0.03189611187567799,-1.9393481996523672,-1.8400617076902805,-1.5449089265729143,0.27833960671279906,4.6464437096720745
-0.519355994829604,0.34196258264997537,2.643380288830384,1.8166629992821826,2.3905142253089244,-3.2194869667840456
-0.18905394732403089,-0.6844488074669361,-1.5947131525072933,-1.6347946297593192,-1.0897416777880247,2.683236260307142
0.4501648011811328,-0.17747574189353826,-0.8332750285467547,-0.4150798323429852,-0.775077038566608,0.9315238638121404
1.3795024761821955,2.218686301249928,0.2088252073993317,1.4164526450120796,-2.562302457984752,-3.0081007837846014
1.1386847944615448,-0.9117647028968187,-1.2246228550166607,0.05909675933435765,-0.733447042675638,2.3940572855279534
0.979980956135888,-0.5434592047041668,-2.382166537976269,-1.5907324307733821,-1.7382757223016385,3.2000882240099813
-0.05598478649392988,-1.3130976592382955,-0.416852944881764,-0.29098360000739193,0.8185059102109167,2.1231627370656225
-0.7882089105880047,-1.4844404696073281,2.4936710369069597,1.0677050577013643,3.4294636932428264,-0.9991538573779255
1.049681995172523,0.4575963249421553,-1.2554929687537646,-0.4673955964444433,-1.7224078876521758,0.5502049961656904
-0.3214143320581121,-0.6724378966906451,-0.6111339840866321,-0.7936443799777334,-0.07861329443398524,1.665981004794843
-0.9155045415992998,1.1545591303736475,2.700611646769124,1.421912517168734,1.7150197844717632,-4.467770882366374
1.340786513592351,-1.2088064599917436,-3.648456416660647,-2.5279385173638174,-2.797416070755205,5.330525945490387
-1.7346530383937795,-1.6514817566121809,1.881112295361584,0.24330252213764952,4.130373572164486,-0.37386417056507504
1.0285607080276313,-0.9683503726752816,-1.6848493235281035,-0.3985664713752329,-1.1880294956565958,2.901645704715384
0.3741714202468995,0.31010662381009113,0.2684949720790873,0.5853463744521251,0.06579636099231687,-0.5117595063560909
0.5155697276324388,-0.2167727478367738,-0.4873964604432109,0.08628565754502192,-0.35382200394936175,0.7360913115286873
-0.0801319516892012,-1.2662868245162269,-0.39821620202618535,-0.28407782090304984,0.7921014209556644,2.0265242082629493
2.2181592493865088,0.5481343894123232,-6.04679976845844,-3.3939270823645886,-6.238827157407474,5.504720921857208
0.8287072495174063,-0.5823753888280815,-1.1084955966889112,-0.3887629593578572,-0.8123716935007307,1.6507694788847318
-0.8584139439537003,1.2055314962906012,1.4373006208214312,0.5697939909944956,0.20638693410457498,-3.0559844130696368
0.28750148245481577,0.4132441101239258,0.20192011718542688,0.27263929712143886,-0.17451464673243175,-0.3763900666949037
0.2593277324744248,-2.131705412868294,-1.097264021311052,-0.6788358153025363,1.1252242992905286,3.9353737827700845
1.2580302668838432,-0.8761142160444952,-3.634900842604991,-2.2668673178066197,-3.0280177014242757,5.115730964052053
1.3571594212586617,-0.43781366727779797,-0.6993093350301123,0.7038508072933854,-1.0373447912846783,0.6456312856004646
0.2990674292387733,1.189151041745498,-0.16230491193703983,0.12735424202005793,-1.1476150711051167,-1.3320306250927896
0.7267871212070616,1.3701657084573708,-1.279654015221959,-0.46314309489688754,-2.1886457884695285,-0.5828407169878562
1.9797979298450221,1.3634267304757066,-1.7031598421776017,-0.40012858780842764,-3.4911182620316343,-0.23299297209062123
1.7358506104661346,-2.108930040934258,-5.547955027804156,-3.729264044765518,-5.036766781842738,8.063888738366092
0.09360316597351906,-0.9293286983456425,-2.734513039168345,-2.252814784936371,-2.1124216405032596,4.205191754148036
-0.07352620476612298,0.9836015266243663,1.8181362908677403,1.9407775863956163,0.9624591078960208,-3.3942869496988184
-0.3956549963258786,-0.0904624211848248,-0.20971323324504604,-0.5737488757651579,-0.10278703078157622,0.3916338710021151
-0.7545046353159294,0.5979499041942855,0.8008198021025091,0.08304804594681345,0.030098896019523827,-1.7967893884633568
-0.06181008876519452,-0.2288760024012001,0.9529857233139283,0.7819665001796344,1.178499279436079,-0.619972741518672
-0.5814378544484383,-0.6405887647623756,0.22758419804292757,-0.26654948959089475,0.9057713395898029,0.6352543620192702
1.3982272844085109,-0.0754516262566156,-3.2121374954140895,-2.0152180258297956,-3.1091538747701373,3.300241261815531
1.0265413562292838,-0.7406535194657927,-0.10994934323080331,0.8789955123706202,0.2051330366009942,0.8173177712022595
0.9337594987298791,0.7147772381602608,-0.20116221769624798,0.7496059753010433,-0.9737560294794136,-0.7529136911844673
2.21710764115796,0.970907356578722,-2.888114177656408,-0.9156041904327447,-4.305561959261954,2.0669916915442057
-0.2422988034867344,0.39371153380339563,2.6802879558632164,2.1305420107074555,2.7349468764424527,-3.1389208984302854
-0.07072761390378311,-0.4618996703079567,0.16473009026945426,0.2543815982919469,0.884261147246282,0.3143354827746794
0.7489725511821763,2.5746664717051466,0.0789098192154527,0.4822679221691326,-2.4157699689297036,-3.0877103021921144
-1.270045975856245,2.952708799154265,3.9989324358878027,1.8069052872396087,1.4454109511396243,-7.715978859209916
1.0332699297814945,1.3903194061415771,-2.433935765087468,-1.3019800999072533,-3.3023503793744347,0.49684589276562907
-0.7983259396541108,0.954099296303932,1.6656232673014626,0.7270331109446914,0.7437496274160375,-2.8387272852527614
0.14502225913488415,0.17380825853694964,-1.1091845852185127,-0.8236404639120452,-1.6049392451700781,1.1581873678095473
-0.2582645510692712,-1.5822496188785364,-1.501697448653977,-1.521692797360481,-0.009168817211614014,3.826595502936179
-0.8930444964662713,0.5233135262734139,0.9402392974408819,-0.06122911961832338,0.3839006882144314,-1.9750155574264001
0.886377901989825,-0.4944507538966229,-1.293159695543495,-0.6718395214267707,-1.037568835050616,1.649435078900909
-0.3149304555516009,0.3892786533361327,1.121421885826809,0.656646098915957,0.6268405191189277,-1.1068244620370105
-1.0648004528206232,1.2754963331366695,2.307867244824617,1.086574670343584,0.9501590257667906,-4.290678353350787
-1.5835194773843442,0.4973812647457329,2.2721272866345164,0.7748414359809028,1.9898682343797816,-3.304174451668932
1.1060988586546503,1.3007980461104496,0.5302936336245945,1.8640490734364596,-1.0959503624258968,-2.393895407728296
-0.13064944873690892,0.22644206581253873,-0.5806437803369723,-0.5372019800811124,-1.1513147467434415,0.3534198116190722
2.842343786191274,0.23456812002880623,-4.971367023964506,-1.5389456265596126,-5.370479064794953,5.308997292699093
-0.016212684122209973,1.284131453932866,0.40648445151316326,0.32907789132319654,-0.8861670669268901,-1.8442731257180836
1.076364152655265,0.8166934506034681,0.5029686593059592,1.815797370204375,-0.3762605761409555,-1.4131232276361756
-0.1211254143797293,-0.6962056895078168,-0.1128658479947789,-0.050574820752226704,0.7425631548965053,1.1477384632273018
-0.7054549526479735,-2.425326052085025,-0.23176064203622299,-0.7402018641174095,2.383572362578583,2.356442893217295
0.1298985157678529,0.005217376198618687,-1.743736615299138,-1.3136298952433243,-1.9263300371042549,1.9916203005750404
1.603560551192076,-0.002754100955300924,-2.7173547457227794,-1.1241794293935,-2.8759178274198605,2.980053807979724
-0.271133505138073,-0.7563076003875551,0.6375490027183164,0.5159366224538712,1.8420498343304292,0.21099914488734828
1.035832383856948,0.06972454508802642,-1.629660843494714,-0.8410679554034775,-2.0225108168200703,1.2803076417591162
-0.0940934793097662,-0.1711828191602725,0.34050324615728017,0.20099598116715067,0.47180225634179246,-0.23252516642765078
-0.6164735703598159,-0.03472931412917665,0.09615575778369209,-0.4661265355153996,0.21361999898519138,0.11030358060499768
-1.552664589863648,1.7060202145991317,2.548437225297203,0.9486386579636781,0.5381024550527649,-5.51315927320355
0.1078531697078565,-0.4814455956451125,-0.3217218824309433,0.06933821014320088,0.35212019305715714,0.6713369087858668
-0.1803456524788689,-0.28300688862033246,-1.4885462470136523,-1.3969634124862353,-1.468201113001139,1.8023955867457613
1.1808693176331115,-0.5631274371533347,-2.8969281783894267,-1.841143957457537,-2.148538332911439,3.688288987597563
0.4007805386625303,-0.44979585306694786,-0.11266958494182704,0.3672778632491603,0.41920245243912563,0.6843177520383655
0.5832445791131826,-1.0717412773210981,-2.5736184442014998,-2.0667431876193074,-1.4574194538594236,4.060406853311621
-1.5336885383918464,-0.22132838799242288,3.294917889411514,2.2908590287407664,3.432543459792149,-2.8977742600116168
-0.44633858656991154,-1.4617636597591268,-1.5041860944990075,-1.6990263437462345,-0.2706627807002952,3.6921600045833776
-0.2514775587936968,0.9105489123424945,2.231563678503307,1.8205247351058196,1.5788396683599168,-3.7714353498102167
0.9061954946438219,-1.433854966063755,-2.599868266625694,-1.671800698492026,-1.6292012032061396,4.097187961111915
-1.3570294223745447,0.5176149772074027,2.956454181658155,1.5306936341629207,2.7747567326607645,-3.8837207239733216
-0.7702904992356344,1.7512564574624239,2.152363367876176,1.220382671640429,0.34835497897950934,-4.902913609030743
-0.1520823271919706,1.9873735625547098,1.9002879233837062,1.5010306989153324,-0.12003693197529755,-4.642823623258285
-0.30353737179783524,1.1465141913383616,1.3815993377782305,0.8837858410662528,0.4605868913329043,-2.910376637899441
-0.9721172804774073,0.4598659348705699,2.0057448319666946,0.9369207373481514,1.484773278268449,-2.8388384007492764
-0.4599075173836744,0.7853064729841202,0.11107168678629464,0.049749400539561,-0.8324642852117439,-1.0935407476039904
-0.20212491913232197,1.5135825138693846,1.628989288460855,1.200656916029287,0.3049882694432966,-3.928301061398332
0.4353501502615107,-1.31186930483726,-0.7501704665207732,0.005113202211614584,0.8270105744874036,2.422080102892357
-0.7194248284616916,0.7365291773209229,2.4388518696881567,1.715085905547649,1.8342408051142125,-3.5571878746625476
0.8470045325161765,1.9516801723291415,-0.06147247540664687,0.5550045766268065,-2.112008643840117,-2.320475223061176
-0.052260687542169296,-1.2684116304288564,-1.628738637005991,-1.3297442738854501,-0.14362231907382123,3.483238513314898
1.0885466668927974,0.40917178692270284,-1.2193146273854283,-0.3769777583462707,-1.723140259896591,0.619550397753544
0.028434589861255268,1.7462785262971188,1.5550722762188651,1.4188066259361833,-0.10248376153085959,-4.00812634803267
0.34603927230472037,0.3584982485007631,0.31463093708374257,0.519431138833809,0.056776920487083285,-0.5040987602971072
-0.41610167128857617,1.6365331381997927,2.4922423439195955,1.7718555898906392,0.6941937181844079,-5.049632664882436
0.4641670395292361,0.2882809503397995,-1.957783613542866,-1.3939748694215401,-2.6152135896613946,1.4027509980466495
1.4614070933816992,-0.9457792677641397,-4.1661282286898915,-3.0184781519324284,-3.312115654894684,5.815715180501866
0.6757218447040638,0.5987367908141,0.8326370499947128,1.9734843328612994,0.41389776877546025,-1.5836085645196676
-0.09196841802355174,1.2375835368206294,1.9733103778682157,1.922182837884027,0.7879019193481375,-3.8925207413274547
-1.1891586196871633,-0.07621794788052523,0.6145881730366518,-0.41621332656877574,0.7580043295947487,-0.5567943932544196
-0.23883585157226922,-1.0426815484178498,0.2146904071080723,0.20608587205651108,1.4043767165093273,1.1331260434065482
0.7909538520560137,0.11742967204231587,-1.307394406775625,-0.8230508832878635,-1.9187812281183882,0.7648507038442028
-0.21253669063793706,-0.027833053202345387,1.067240349056136,0.9876269849868624,0.840940223756665,-0.8297364332058652
0.1339370441726499,-0.5551789273830693,0.05375992549819917,0.35714803772102277,0.8897122113142678,0.4169424699890424
1.0064296926154894,0.04794698284256466,-1.71244914608654,-1.0013678226107559,-2.0705933406401473,1.359098902867841
0.13546926980615423,0.21864712657513646,0.7877689246698095,1.0683443038706721,0.5321200468358914,-1.0009674221697957
0.881326628074905,0.8156393547071741,-2.2399564301833177,-1.4482293077846187,-2.8989171750498346,1.0177056181305184
-0.4664972189858345,-0.31599171850788205,-1.1349023294001557,-1.363346269916732,-1.2075927759100082,1.6955252619931152
1.232895796536096,0.6834109312816273,-1.747248153297382,-0.7740520045325497,-2.40191991712361,0.7618689056202236
1.5857394834863747,0.06414938126674125,-4.546065966833817,-2.751101714506609,-4.4364790354389445,4.8374185066675235
0.012484346317568302,0.7308338658507485,0.48748744999572097,0.439915716799394,-0.11288272825899984,-1.0573363469184631
0.3798888220520655,0.8540699458929876,1.2954309671527855,1.7365870025740815,0.6758327698830316,-2.41870010887778
1.013886339303523,-0.4702570948338371,0.09673342176538674,1.053906442611358,0.13841904118012407,0.26122425689977585
-1.6464877345548368,1.1594241086154418,3.0397970498054083,1.2827114197961296,1.9532889833279796,-4.937169661656016
0.7545367694669324,0.9298990630096767,1.1568111050900909,2.163365863854159,0.378365302879687,-2.294690855273365
2.1061641993973357,-0.9426294761986868,-5.485748358637712,-3.942749173530483,-4.133868318673934,6.975280825946202
-0.5151772907106644,-0.4816632811818327,1.8896795335603713,1.2404646609915568,2.4562480926118377,-1.3081283101485728
0.7110285647419028,0.12940256207781292,-2.163962200361658,-1.4717052667222934,-2.662590891081342,1.840047934444405
0.3221433883561627,1.2166166525172544,0.3151710328790621,0.5994077266958451,-0.8713233327524649,-1.990175386585036
1.1745495647349093,0.7320605468266731,-1.56022522524254,-0.6697908931093809,-2.229018857813905,0.515008895550896
0.8006837995712659,0.7126567245325399,-0.8171263595561425,-0.21604280515239938,-1.409639863242106,-0.17580642739029412
-0.886131712591782,0.18078798247609823,1.2310883466089457,0.36703512634737023,0.9734415914194968,-1.571037164656123
-0.5653793403991743,-0.8402403509698695,1.2742117034839777,0.6765452027641873,2.534455679760513,-0.29698561977531956
1.0492321719185003,0.14954501190105213,-0.838029895012723,-0.12608917739234915,-1.2151018854045719,0.6198321196861062
-0.6992976430591112,0.9492709751969192,0.458884314255962,-0.011389142056162538,-0.660413964992317,-1.6677028604516255
0.23697080524379002,1.046650367736517,0.9192060522410633,1.1387209278930168,0.06540948601595448,-2.3184304340294064
-1.8847540500119613,-1.2690124563217622,1.9467594061849467,0.5329698592455483,3.6807295314218726,-0.9094532478411772
-0.6452165297150442,-0.7133074139976419,-0.8003588461604492,-1.349094252106002,-0.49100301523695306,1.923862205514842
0.6837385082533065,-1.5631757242146491,-2.465212323852243,-1.6155309285662054,-1.1665810896805793,4.300662096759404
-1.041282319549681,0.5466701023648285,1.2770110346512729,0.06925845108807413,0.5751067657585944,-2.273246760296404
-0.5228609346252833,-0.06739394959053878,0.8059634905312703,0.23165130438066783,0.9353292812081038,-0.7467854972277166
0.12289119985741234,-0.2970329553652981,0.6993885923942653,0.7773114216386223,1.0962300697103233,-0.30383908210537697
0.6231909637824141,0.5036290618263742,-1.0414932695846053,-0.6848795871533374,-1.528369347199703,0.1968065563225177
-1.3169545269741014,-1.0531838880004067,0.8000036027997384,-0.2832534783354469,1.7559668598840399,0.4800711279864547
1.2501365395502768,0.1567112679585962,-0.8880262162750076,0.10344961228734004,-1.1228980667700768,0.6926325036661628
1.792090567687186,-0.07559827186354622,-2.650780400112411,-0.816133420655613,-2.7615565425641737,3.136803596211366
-0.9833982893372162,2.0448464624083718,2.528514478020899,1.2394667724422117,0.4066040218389122,-5.486123903391355
0.9425017695171304,0.2598405333743169,0.11888726425575541,1.1824678546814182,0.03096657381514166,-0.488403787413786
-2.128035455133814,-0.40807879278093695,1.5973512575940405,0.02725839859503197,1.8675444233726906,-1.4305043998431075
-0.8395495218797274,-1.9676344827586445,-0.5595651915454218,-1.0457864381667688,1.1336055271760355,2.8700534802405
-0.40883815475378255,0.10808778183313705,0.5555985569687388,0.14380082050521767,0.22886827012792763,-0.76144831309116
1.5485914359404729,-0.47865104099294126,-2.06594724385961,-0.9077136427469507,-1.7132373685022997,2.739717907019039
-0.9321624059264508,-0.030399292678565074,0.7543988667027192,0.2588375934279283,0.912866798227564,-0.8547968984112528
0.8967256116702833,-0.8028003837389653,-1.7041580731331523,-0.6037997755955278,-1.3273311741584928,2.6572898397962934
-0.24126328819434664,0.651817848122646,1.0357208920220589,0.7287074066814885,0.5493880559502132,-1.4962747130686076
-1.3441328253094311,0.9323116318246495,2.0464314262112984,0.45608639110963095,1.0337064211986842,-3.6637507168667236
0.033101991286506996,0.47873194295307975,0.989892792552768,0.9499821414449611,0.6685260079785343,-1.4856474792152141
-0.9636135510209427,1.4061384509244288,3.2280264220386137,1.6764557966106113,2.114850853852674,-5.345336278883262
0.21012083309331261,-0.34333591008174363,-1.8523767823948913,-1.5404718813700666,-1.5090591286448802,2.1951332192188087
-0.061508502437461046,-0.33203296202545557,0.07485175564482047,-0.07280733906490357,0.5627362785717072,0.08505781471822399
0.17426660310030664,-1.442140338036736,-2.020931880713056,-1.5266363889471481,-0.40567643459919056,4.0394762732680265
0.3675971029555243,-0.7141261780317778,-2.1634742151394883,-1.864690503953187,-1.287312594573095,3.2035238719415178
-0.03913360516778551,-0.2739072237744586,0.13298196717636143,-0.05084936977431319,0.512794296958118,-0.06395264645986512
-0.06999439409682662,-0.4549346740837635,-0.23438466695133103,-0.1050909971934914,0.34334665421150456,0.7297356508019922
0.5003659437608597,-0.5574950924115233,-2.136234765072064,-1.6551175750377534,-1.4736152314249906,2.991703823562097
0.14783863098549385,-1.6037423865982836,0.6833388892717412,0.24945474707383913,1.9513792462161446,1.4552897822336115
-1.35226086577103,0.5901325440756741,3.3398193385651695,1.860732889580085,3.1081228201735303,-4.51865336770196
-0.5813757323127895,-2.8940974807422033,0.14036388233267788,-0.7558466060414331,3.308731851483897,2.3105502765652552
-0.06914433986317106,2.506353683751696,1.3152127903327178,0.9475526831995486,-1.0798393602146592,-4.5683897915932095
-0.41328586749345636,-1.7172257621077855,0.7081082025384745,0.08018405240081886,2.3824484490141593,1.0001549542684995
-1.4336685195892347,-1.6285370711294724,0.8173317103761338,-0.22568740520488417,2.886393501529336,0.9498780745434567
0.8582796243030802,0.007324949274825403,-0.36083894915911435,0.44139776970682326,-0.45844664607876157,0.14092734960141784
1.5000281991099078,0.5903980846652159,-3.9156080438453915,-2.2368919286138507,-4.529952542976202,3.0536536501782887
-0.6124569511107818,-0.6394137582941453,1.1008720363629307,0.7042360303193202,2.1466761430896457,-0.4247212362590639
-1.2288214406701545,0.22042535554753473,1.7944792540532821,0.6169380724048125,1.5904607589348632,-2.2987162062805844
-0.4319503283461794,1.522365219017153,2.5241229367122693,1.6857589652984606,0.9088062250628908,-4.894049523252046
-0.6130741489120481,1.1191318576893396,3.0209503140297347,2.0256961840879617,2.4022694421238184,-4.855064132297369
0.7431436315211639,-0.405649395137031,-1.04388516092279,-0.44035078808422856,-0.8145148559738374,1.3075349270338852
0.9839322639062921,2.2537272398613024,-0.07863704150890767,0.5723824929097802,-2.5864626780246778,-2.6190359707669773
-1.3738650674575887,-1.2248930043826094,2.9548731643688186,1.5785930695787644,3.7388318309946023,-1.3546332206619072
0.14592104107030424,-1.5659540588797654,-0.9055189749684074,-0.5254036853795395,0.6976551016981977,3.000956419573619
-1.5473557604289196,0.9934580082044246,3.4427949997927008,2.0384965968551927,2.8749292516023295,-5.141671280431906
-1.7924980257834628,-0.590971000790743,1.3185726335635601,0.0904314401068062,1.735785473553019,-0.8336319199928437
0.8572823247514746,-0.3225964310411291,-0.7340478281470345,0.09213784322543196,-0.7433752383900254,0.9844372612791783
-1.128806762663687,0.4676996922543247,2.7593393012119667,1.4228773713958134,2.553912312871682,-3.6872057412300236
0.386042424293328,-0.3789151746749222,-0.7160279320247008,-0.17250824976338114,-0.26396833292010197,1.0382490922404135
0.05170059547910312,-0.6835737943264357,-1.4114775200717333,-1.0703897916269827,-0.5445215786768086,2.3534552544685523
0.2234351959576711,-0.45696232372267614,-0.10244595902501873,0.13975378109047265,0.5095764742659249,0.46107546184430637
-0.5042077757628315,-0.7642656411975953,2.6352120683486002,2.4078312533676267,4.025688734916026,-1.0806670227750175
0.2134676269361413,-0.06703048208472193,-0.11281794999077223,0.05026520045116493,-0.2433968823087006,0.21872933111355453
0.9736026219016528,0.7640363184383042,-0.2797535559080718,0.6787948616881648,-1.1245608431501068,-0.7793092897959812
-0.0745435440161533,-0.6179872550466367,0.7248258873207486,0.7464009776790947,1.7435129325147418,0.024670867557103238
0.358262370454665,-0.36823895542978086,-0.15465458303307117,0.2738662770503411,0.17999811711802494,0.6313699481097437
-0.5485297502653304,0.9059581825531027,0.1533421949828835,-0.10426897357234478,-0.9320875179427236,-1.2709858256854756
0.1621967993529952,0.38910776794117824,-0.5290380732942974,-0.26859093705292697,-1.021798762244536,0.028945186949445895
1.7186034312904355,-0.933817901675885,-2.585060785434671,-1.159812605715226,-1.7749340091624455,4.0734174415114195
0.8263788241261559,0.005961012325798445,-2.02507599231061,-1.4236850633465192,-2.2791973914430494,1.7934158644604976
-0.42050965501803705,-1.3912667382011221,1.812641238012598,0.6630443712873331,2.9041081843663474,-0.3202582430896622
-1.1332922083943981,0.795795534025576,2.631526129117623,1.6928636983461087,1.7887398234365828,-3.753643981840143
0.7778018424030251,-1.375314866250907,-2.7720808220338733,-1.9140990857218494,-1.6988603691189892,4.386814363943291
0.4907628541798045,0.7313644762660173,-0.2434980501785664,0.25146863786627405,-0.8368426193454163,-0.4841085995692078
-0.14767141800162456,-0.5101835478801885,-0.29458516003170504,-0.26584182121852307,0.2834160947700098,0.9981051350170098
0.8792886010098646,0.8208107922646599,0.14390502730671273,1.2108511851629218,-0.874647851595652,-1.2833596600769723
0.7834141124936832,1.2014668295918085,-2.9470952043447,-2.02315109816085,-3.8347678036842834,1.5589436214000363
0.03963877269093066,-0.17056348335071064,1.4872612502611182,1.394341118516381,1.5880140810192294,-1.0171475935574281
-0.6538739256949138,-1.3615843233698037,1.7313491581675056,0.47919376836871225,3.1239415218427795,-0.20755497642347343
-1.0445107071540884,0.152600452185139,1.0831933523712742,0.19211212042776254,1.0238965318760163,-1.4238707371270265
1.2936187947835636,-0.6599213933328926,-0.958961090531189,0.23812442198513611,-0.9123394500293648,1.3634063982897793
1.6459699185732066,0.25461066827426415,-1.571643752505145,-0.4329563277545637,-2.134194153376838,1.4006489305772771
0.5440193472617967,1.315054726386096,0.1317893517985401,0.7244554163891355,-0.9431977429759185,-1.8258380831194403
-0.10049052219653512,1.0330491137771654,1.1597795325409301,0.9010323601546252,0.3875560532939572,-2.5096691293578592
0.7071090992782122,-0.5736499095706095,-0.33146158946482746,0.519619895201094,0.1220347322639361,0.9578564681301613
0.019393533365214665,0.6162398702705032,0.9983675344577462,0.7723235085959084,0.6297872909394363,-1.5992730240817534
1.0240217299633392,0.33090046467904544,-0.7374911077039858,0.013567187694160779,-1.0799411613717125,0.283354746956062
-0.10258948007933563,2.252549178998816,1.5967571316054672,1.096684232342719,-0.7586314519645103,-4.639058518581555
-0.7651968186129422,0.8423474917304142,1.9622081340988904,1.0146823392406645,0.9541351891533641,-2.821416259126626
1.830045985846624,0.055328208720897346,-1.4370793745810122,-0.29914671457999,-1.943895684258281,1.332300928102398
1.584367488074612,-1.7402451675728243,-2.467892352078518,-0.8136324774972586,-1.5572978097856007,4.652511455162179
-0.6313169109990558,-1.3716842603481196,-0.08031124914381853,-0.3772611016130211,1.2790772598338505,1.7713560410714766
-2.4266411332239657,-1.134002254314001,2.319347188478956,0.6396048314118439,3.89362292550111,-1.4816032516079427
0.462349064041858,0.15021495562330017,0.7633257480914386,1.3010348873604196,1.0319768615462326,-0.9578497395683334
0.30303217555144646,2.7051475778631424,0.3086775632755932,0.44973732720234594,-1.8476610666713258,-3.4540488811683634
-0.3495124292564323,0.45570421354927304,0.3832719000543651,0.27736089773970346,-0.30663005814090394,-0.9296695025953584
-0.6115784529335204,1.4778448766438197,1.8245674956783189,1.0659251920221755,0.4306660068038364,-4.107492621464693
0.0718109228337854,1.1157197341178484,0.29130196703823846,0.3099770423533285,-0.8075377569280074,-1.4559725942504027
0.6597588782338822,1.2289283797788313,-1.0218197262026627,-0.3268735598351822,-1.8788138291313252,-0.6649329668756538
-0.13465333342454522,-0.8578897763410712,-1.7299669662788677,-1.7301947551037253,-0.8403930212092386,3.1458391808727564
0.6657278888704762,-0.8325081033866863,-0.9399036570710914,0.12049753203650554,-0.10896111449727569,1.899093076670409
0.3388621921506405,0.03173585614999799,-0.5771386761209084,-0.3873390507268745,-0.8226726658701156,0.7672634345430627
0.4206411801618262,0.579468295970258,-0.3972857462518587,-0.014557542041969393,-0.8591008901233721,-0.05889458824944244
-0.25210091919382277,0.2384053561528226,1.8675676853489533,1.3947833538438565,1.475006259052264,-2.1029025553256075
-1.5750986484091614,-0.4628192761304292,2.2292088833302928,1.261580965470354,2.6720779269358483,-1.6857997566020735
0.24744904180525143,-0.7792097955879541,-1.1518118236495714,-0.5247616087103739,-0.04250470955820116,2.1060347437856937
1.4032861352579402,-1.5317394619691767,-3.1566217307012754,-1.9583599034313302,-2.400752755908985,4.740182065542541
1.9387170428866882,-0.27563899177720197,-4.755829735553307,-2.808895790014163,-4.226041294882935,5.139766490428754
-1.8056496817702519,-0.5245825731951103,3.2210366213727935,1.8064883117910602,3.5770195997747942,-2.347225696804629
-0.5022099540208204,-1.2724053498205161,-0.4679930493378431,-0.6537796297740159,0.7673012525391675,2.10988878050947
0.49420876344004183,-1.799893123494933,-2.62944587433801,-1.9714236430363326,-1.0836914706918097,4.943939942103382
-0.39583241562738175,2.3593690640891074,2.2150854362708223,1.2082414135169468,-0.3965156208098379,-5.244930648571244
0.7471127847171815,1.0987697959175167,-1.593629621232544,-0.8924242316630012,-2.3370054095623773,0.01890975139225809
0.23569724215824386,-0.6016518520958656,-0.7132912297860847,-0.12177134296401289,0.07725304965710354,1.2304269891920079
0.26327522916640417,2.3576214918913796,0.15373606196080325,0.35150637862482503,-1.5559084519021624,-2.8042270706255374
0.17653035775508683,0.49075626117389265,-0.40468149565677486,-0.10481881565158187,-0.9280003655954387,-0.16626840124368125
-0.7449020977890018,2.0734985995642203,1.9869209640388983,0.7372486097400369,0.12535637323140866,-4.632518750941868
-0.5448441131286518,-1.4831299070852946,0.8221402851394055,0.2736016271094871,2.367098415637908,0.761492154184223
1.564458351859523,0.011535154134232735,-2.606239265001243,-1.0649593426331663,-2.782737524813269,2.8118562825690514
0.04154790058768115,-0.4804169618350012,0.7531587523457374,0.4472245540588888,1.563158046300857,-0.27472781743882047
-0.6020380496016557,0.28317712260390054,1.3645258967173461,0.7190612170773997,0.8071925033074977,-1.5748493561924921
-0.6350785703379719,-0.07625530778822247,0.029871289578612376,-0.5810808949814491,0.12548800534178306,0.31644999097652227
1.671820746173226,0.3340651120787024,-3.9135050006064955,-2.085701957454929,-4.175748341524342,3.466893728347463
-3.0568317194025316,-0.39024333303364345,4.8066779987298185,2.378622220395685,5.098385378148872,-4.641195054828365
1.8152069266629396,-1.6586842083402962,-2.177689862725713,-0.056629697650632235,-1.4297525274652862,4.620026463270248
-0.005298850087224017,1.5966283602523104,1.5377702219931884,1.3454990678436218,0.13211182559092577,-3.8019764051192393
0.8643596258640067,1.3913564565039762,1.521468501906485,2.2380065117785928,0.7041317420799176,-3.077697687127384
2.4484787628962374,-0.3777171125867994,-3.142457726217567,-1.1165771389722412,-2.933564410224108,4.324821078399111
0.7639426621731863,0.22951510879436116,-1.9641332098626374,-1.2592055871985077,-2.5705995618986948,1.3382780308108537
-0.26727683357834514,-0.9226161571790742,-0.3527301643678526,-0.3951894075730259,0.613343412065414,1.6487062480069796
-1.1070429931340422,-0.6428668586295271,-0.4627287196929905,-1.5716460958143184,-0.43589789524060246,1.4853659533978525
-0.18720466351829745,-0.5936538475116218,-0.3350890670796662,-0.33534421086178645,0.29440874240197995,1.221121129940991
-0.11654247326500342,-1.7820018570408014,-2.0059207120945803,-1.8294954035515558,-0.08111424735385098,4.6769573575511565
-0.11953689257764868,-0.9368498679966601,0.3962776190113325,0.47114668606170845,1.5444936669977605,0.8322900230135546
0.7851374902212894,-1.1009395981444614,-0.7016705541624233,0.4534095069617889,0.5102388590406931,2.1999257819098235
-1.8132781852680404,0.06775661446076023,3.1251276101402117,1.932828712673464,3.1847233826186145,-3.2343428295609966
0.10065617156632461,-0.21061250789992259,0.14852333019850908,0.17703629577183796,0.3003607443279541,0.055165130890693526
-0.13995477097148087,-1.9549381730211608,-0.188765866042431,-0.1929283213097972,1.5802318899727412,2.201057651889422
0.9054216849847949,-0.08305540578962652,-2.8978445977565426,-2.0403578025826996,-2.7906602895038874,3.1778828762785016
0.6699587924479398,-0.6657613322939301,-2.016497274358681,-1.3895838110359862,-1.3666679298750655,3.1317066412919035
0.4950767377834413,-1.0193563599444095,0.1643632911258125,0.7589326309253845,1.251126095339198,1.1471345571858482
1.139881743077158,0.8695822066471676,-1.0887112073443717,-0.34928270017346064,-1.87430094019751,-0.09910972324840053
-1.1714791115289211,-0.9285058300870284,2.7235067606823886,1.719948332304164,3.397676165907955,-1.4612137784682828
-0.9271911498855419,1.2596611972388843,1.2300973215168296,0.33712647640712845,-0.07893806961710731,-2.8728680725011664
0.2647113543413478,0.619770076283854,-1.2841952263552536,-0.9311906020021258,-1.746872592504976,0.3776550767094162
-0.1519993986662532,0.31758347447834756,-1.3478314878870787,-1.5458486697472933,-1.931241346812777,1.266281669657097
-0.3937621525056556,-0.5404164994342845,1.3910118282135044,1.0360182615680973,2.100353626450952,-0.5905229479622239
0.5199013567562604,0.49144355006477963,-0.15696160563734657,0.27637251198476315,-0.4448566659017331,-0.0790574329916003
1.5310246514097645,1.4066744779195568,-1.4589887354857347,-0.227797498329687,-2.9485674058322715,-0.2897483996698509
0.1673604127846043,-0.04181495405001069,1.5104331373055901,1.6014615973517017,1.5561017456800925,-1.222687229728453
-1.4414806637421549,0.895051289790978,2.1851043460531123,0.46150187912515006,1.1844722297812207,-3.764885989707742
0.13310573223147112,1.3685838518887683,2.443399146597709,3.2910158384047343,1.1614973471482168,-4.626137995880496
-1.897936934936417,0.015579329558352818,4.973788598854381,3.0668696356708813,6.035222324600925,-5.422475241242431
-1.1803224520588709,0.6598592134901218,2.5888293115376855,1.3848818110217829,1.95615051124946,-3.6693980357636313
0.7892576864572215,-0.849146425929093,-1.5093361242989436,-0.49827912469170976,-0.9473107957908999,2.471531239674335
-0.1557835174526125,0.5496098782868731,0.5281776901104694,0.40930604231735807,-0.09243383258259458,-0.9624820140367608
0.2378596709055478,-1.4652393343040648,-0.7006307359415519,-0.2156541096868524,0.814223327669539,2.6171684795068595
1.3588877767407042,-1.2549874161799133,-4.107063853263526,-2.921824613786212,-3.1610343026091567,5.80743558238557
0.517602106667494,0.8932293952816676,-0.800120114414045,-0.265243976821773,-1.549795042845743,-0.420043932767847
-0.12394411072950268,0.2846611146300612,-0.4986046907041068,-0.37382672957575847,-1.1129579470688071,0.18669901154393442
-0.16341043603662597,1.5101487171606638,-0.14126256182525154,-0.22418817309715638,-1.5050284873591204,-1.9805112216864094
-0.47397183259700115,0.23819217450231955,-0.3348207033679392,-0.8173516882190655,-0.5612230304824671,-0.3448398648986296
1.662322432169148,0.8123798239494175,-0.7387230396568362,0.08625576929548505,-1.9632349758305527,-0.9110268424281996
-0.13480120925163167,-0.3966830910646975,-0.8302653105289897,-0.860648888682741,-0.5297025674925744,1.3384552667812921
0.42551717162987446,-0.45844446695367375,-1.1584520119422146,-0.33543428582085,-0.53489562389138,1.6997225810461403
-1.4887837718884986,0.2195022625744688,2.269079786567306,0.9403140682704183,2.394152199971307,-2.797409009248531
0.2115499692766186,2.4293064807385347,0.8480675573003728,0.8780388496722518,-1.5164128225466382,-4.294434793816393
0.1556906850336754,-1.4809113027837257,-0.03757171870646324,0.10992567578853157,1.3006100036021628,1.9341559651646334
0.6722231899980127,-0.258414474105429,-0.7512696482293373,-0.09895951181664898,-0.6681231037135954,0.871024055447466
-0.3777406153081794,-2.3201058876125007,-1.8398329662936659,-2.0960118382323194,0.19547992570485567,5.300604938817334
-1.1315968988956933,1.3954026157466266,3.3185962540555707,1.7211065385350386,2.232683814059943,-5.423403741522101
0.3921435263023904,-0.379277640502112,-1.141077293172043,-0.5444716008205902,-0.6826028755794913,1.6186768152891085
-0.3875312585518691,-0.48457104255686606,-0.2782359241827185,-0.5527778627982555,0.12794158197493236,1.0790500984315474
-0.5136834084810447,-0.4519622110079167,-0.2775363228105964,-0.6979963783109807,0.0075724194214317544,1.0388227429506676
1.0646354993287337,-0.6038804326775773,-2.4572789888224102,-1.634875650496839,-1.774237570782978,3.3880488342180524
0.22772980484989336,1.3726814833922176,0.7150537599332392,0.894233369164217,-0.5980485860341144,-2.6582099268085955
-0.03768230954995265,-1.3937069086593843,-0.980910215520029,-0.7720270165142413,0.36601637694673367,2.9015654926403522
-2.3409892616608876,-0.4808350289148105,2.835093311521497,1.0686694621940382,3.4349156074487843,-2.416831391794771
1.2307575275192348,0.4104206765070629,-2.7334153184280767,-1.3766350256112683,-3.221811614862314,2.0137903496801997
0.6563163589603871,-1.3204746596752528,0.09472732340416186,0.7059299008845011,1.3447477440707984,1.9915049800625428
1.469178912931451,0.43528053092154706,-2.1192797743394287,-0.8125655375100164,-2.649084345771392,1.6722339735559835
-1.4687782668620804,0.2837628970003611,3.3056262883358176,1.749970016048588,3.3667029193625115,-3.85636680518253
1.8102428744855987,-0.29898033620220493,-4.02348149447307,-2.5042731319535756,-3.611280423650428,4.288453070142612
-1.445892564677175,-0.23548131165427205,1.2730144919652062,0.28737092018540833,1.5967127627068805,-1.2434207314894001
0.6937558652857088,0.3521861750691635,-0.05236944843059861,0.35933283073255534,-0.21285142176027122,0.04177106871687619
0.0789894272608688,1.5459633298272901,0.5278807068859803,0.558131575919875,-1.0577813866314707,-2.6161028936816875
-0.8430783697840539,-0.8815699112965361,0.4110500093062904,-0.30637620575217717,1.3328648713773787,0.6699729041588752
-0.9459730900992097,0.7401393003805596,2.7121052952132354,1.7983426272789487,2.1646904864911143,-3.8460576457691067
1.6011133855011617,0.1055585478056839,-3.382874070415881,-1.7983621863446164,-3.636896677465167,3.2536015811401855
-1.9939033001590025,0.9031295020317128,5.504750200593291,3.7103925108157325,4.848938402864962,-6.879804462141845
0.2914220875944031,0.595498049672465,0.7103543229433869,0.8772799267857138,0.2556367761508857,-1.2112457125446687
0.0882593915717612,-1.20972906562092,-0.39515157068126056,-0.08300493594853899,0.8152284836757444,1.9482593982682872
0.8781968266121891,0.5786812235450802,-1.9427411478410903,-1.1750885650996754,-2.483047537493393,0.9387181166089993
0.23262223049628264,0.21154667151723872,-0.46961104306717855,-0.29653676853729,-0.8070627195039144,0.28791606187819896
1.1439628059477882,0.6815010047551969,-0.6625141913693302,0.131274330885072,-1.4466521697795283,-0.3674771782334708
-0.6329853453398937,-0.716874444077836,1.420607068353232,0.8937044058874057,2.4267537142003226,-0.5102638182771135
-0.10440902529609769,1.5029600509352365,1.6496850833715495,1.4338763317642278,0.31816708247621944,-3.9002251549591405
-0.6877824272301942,-0.37959141952981645,1.2406149199155139,0.9821199137786271,1.874911569407776,-0.8731161165719777
-0.17830734998214848,-1.9111445924537809,-1.4779445493636834,-1.4726083105324832,0.3186353967246069,4.229033275045868
0.7222228082738511,2.1854692256914605,1.8131229206214863,2.7409287695963576,0.38114291774014325,-4.798329382124431
-1.3947941594242712,0.002946616397040809,1.4958057986545499,0.5172352991911222,1.6201472382205315,-1.7864847244081532
-1.1604693493205194,-0.09459932349140342,3.1318570063774254,1.8161547097810264,3.4222726122551923,-3.1551430809598786
1.4096911589696348,-1.248807569669694,-1.618168044680546,0.22558563212470084,-0.969515506557832,3.3978121301937065
-0.30881605398356876,1.891082547623384,1.4702506072280657,0.8805357447305793,-0.30215274823949817,-4.094320152610453
0.07969809290240482,0.5243089768612818,0.9977085991930168,1.091389087594014,0.6833444857277606,-1.6191110700874969
-0.013924429043991628,-0.08585489778947449,-0.837758464048112,-0.8392325927661364,-0.9151414523111063,0.9404157554255506
-1.067032117901078,0.13847338169162746,2.3933626726401074,1.2210263376495254,2.48654400457775,-2.466537871640705
-0.1313363462340126,-0.06605581007419772,-0.23750362359884225,-0.577119562559031,-0.2974173799161705,0.2120453833136527
-0.10627767858076098,0.989709429009387,0.7428709105527969,0.5833326485331632,-0.109072502487092,-1.809666091078593
-0.03933326961116306,-0.8758751604869978,0.3919010160776973,0.5308414778703734,1.4854401667535309,0.7545626792071806
-0.4439074882545193,0.3190663957185658,0.1582591138314266,-0.12994455171034985,-0.35418389936403094,-0.7037340275052698
-1.3116390452195659,-0.39260549233845576,1.8131762483647407,1.1720864797291364,2.2593953885792266,-1.4288083661793816
-1.6554708219985614,-0.6236415883946788,2.0996748794180946,1.159759709807487,2.7331106187722995,-1.4634087825801785
-0.8765211792334626,-0.29523536866453287,0.40518816841677646,-0.2506331086562519,0.7931954357717667,-0.05271922103214005
-1.993434806050896,-2.0914842801419495,1.823908350623231,-0.1634271588054771,4.80429216704598,0.16083340805266816
0.8149150908459708,1.7117702233851373,1.4202213861525121,2.4867220066391713,0.4963449839488027,-3.8436247323410564
0.2805539420364568,-1.5996439624703864,-2.6421195358041114,-2.111430020125739,-1.1376489536196872,4.8329457345968025
0.558911429906149,-0.29800985477822584,-1.0817153253960134,-0.6473505981884594,-0.848453257048159,1.2615181976800929
0.4530382562558558,1.1620953034943362,-1.2523417330515119,-0.6877207624495971,-2.06391500943887,-0.3247517828097861
-1.1618211401429295,-0.2440356973243309,0.2000667811843967,-0.9057429770424115,0.2830940224359111,0.26156031639817595
0.4076261441540858,0.5667801354670875,-3.4118486559828685,-5.606611916230049,-2.3936744585079084,3.5438380237645726
-1.137953864625909,1.08794911416739,1.6036094136522585,0.3892232188122434,0.44860675754147705,-3.346880368111721
1.0754157867910936,-1.671103712873631,-2.8933905097872112,-1.8461768460907722,-1.8409647869838461,4.668431257696841
0.42037854234707384,-0.6279908181745151,-1.8765369637408353,-1.6142411757834165,-1.085920257953032,2.708012513824203
-0.3236060170122547,0.6246816138993193,-0.16392288107832348,-0.05054069858710537,-0.9950247713034464,-0.6858999765406602
0.07928189112665945,0.8730047587745183,0.4209166645932528,0.5070836301334259,-0.38978925307130985,-1.3447568392381068
0.43467871561669763,-2.328445667954996,-2.6373003802952018,-2.1201817396048375,-0.6432585329886202,5.737681658373553
-1.0375128432415774,-0.06892786231099657,0.9909580677466656,0.4001058736047899,1.1851464272962937,-1.1221713019114734
-0.12040898217101298,1.1907674948681364,2.2568878413355926,2.0124891736420234,1.090672671983677,-4.026870072278782
-0.7457166095028976,1.0897624802693846,1.7753854966960856,0.8587031780475839,0.7270516685029554,-3.205975692171579
2.124503740656538,0.6958381475850836,-0.7987657637463265,0.003360091673278595,-2.0744887985337637,-0.974427291927174
-0.49148275743715203,-0.19888346561722725,1.3246354107223777,0.7803899976941937,1.491666834909851,-1.0414841643374366
0.49970493601751664,-1.8314751754212928,-2.442457071609224,-1.781009181644895,-0.822136416635438,4.788449539937287
0.5599090341040708,1.9657374701216122,1.6413475969583475,2.4424032155878224,0.17751413435215996,-4.412906003153286
0.14296352155639522,-0.42568050120691636,-1.4164162305151056,-1.210139279838735,-0.8350215426408855,1.9490009258474361
-1.0476312089053297,1.3227105471091387,1.3515663386539032,0.3277191702516638,-0.06098320600245268,-3.1895334713244203
0.9485703643929733,0.24130648490049955,-1.5970230573672761,-0.9078560553756911,-2.133124350818081,0.7812221451208877
0.24687643236861825,-0.17340531390491826,-0.5242118545354814,-0.19993063576290476,-0.5633687604286373,0.7562724057773976
-0.10532849835289058,0.46640428942479134,0.7247927444534095,0.31426121824406555,0.2909576715689653,-0.7894190000718962
0.5828749679354834,0.614465999740063,-1.0666263940808387,-0.7271686022951296,-1.597069488792353,0.1008467149558101
-0.8894903781245128,-0.21556708392692236,0.5880634992218932,-0.034022762262980386,0.9967986087719957,-0.4270464577498412
0.20241819683677897,0.38373795121539384,0.6507387377236046,0.8169739065802953,0.4106265262072203,-0.9808279932828902
0.5967011518452782,-0.446216411765833,-2.1210963120658137,-1.3380873134526627,-1.66042551315235,3.0267978643203204
-0.5974823963299624,-1.6936775030824738,-0.30298293501299217,-0.5847378495409841,1.1758980908499101,2.317134118778082
1.8080323619515948,0.6211226416044769,-1.3935050806540628,-0.495707136084661,-2.362615476004836,0.34173141790106176
-0.3476242893418411,0.030708365748899836,0.7964746703369566,0.5272210638389426,0.5312878844155645,-0.7450945949970207
0.012226926187207224,-0.9386394876064521,-1.9943726809564,-1.832780450023399,-0.7408757927136139,3.5897247871507263
0.154351252609611,-0.558465984447769,-1.7324752568501978,-1.5131081628156084,-1.0175644177341492,2.538879696839774
-0.43251577752584497,0.11862454992658689,1.2414813862066856,0.8745955736795125,0.7736666262239781,-1.1032406641978927
-1.057901094064815,-0.5565433017066317,0.009110081305579179,-1.011871606575378,0.2261208681303957,0.7803133671527253
1.5119080566024887,-1.2611523380204974,-3.7437694572540074,-2.384843171733127,-3.0508342080432826,5.461086487953434
-0.07627621254598409,-0.7134653831599669,0.15573289000106963,0.3052711753052085,1.1351711312970048,0.8176017593868985
0.7877926570323791,0.02256097994033204,-0.5379330316029267,0.10320329938171283,-0.7732860528912935,0.35583841110963055
-0.571790814542936,-0.9385355349879243,0.7678277103675297,0.3244367368102662,2.175323696574277,0.18881082123075527
-0.5074900018576419,-0.7080249963437855,0.24270493609799587,-0.1360455360570677,1.0001438605569235,0.7299355417330605
-1.176987649078759,1.9272132221732485,4.607099715075726,2.389947724730838,2.9218752947653903,-7.194461015323124
-1.4515990729390633,0.5422806585721147,1.8658207064454586,0.09540928120298528,1.381271554267895,-2.7782972528189225
0.4705195852143843,-1.5045573843683102,-3.358511324413314,-2.7022730271400484,-2.3658912997969543,5.4999293090582855
-0.5470333156250325,0.5157973191329605,0.7007998664688238,0.31065960926299563,-0.05557836848149474,-1.3020295775314024
0.31801829702987167,0.2631363183308045,-2.3359355927546566,-1.8148176505333986,-3.094343514126973,2.170371004010116
0.40657146315806886,-0.3201070341574003,1.3637250932738423,1.3943560237282353,2.149401691009751,-0.6541462266033518
0.35026986768512086,2.6308513566847185,2.618854915724309,2.4493015185668088,0.7145371762196645,-5.983497776658714
-0.762490584754294,-0.23310730051384537,1.7935913273817226,1.174287319584432,1.9073340486122128,-1.3971747785320643
-0.681612278425493,1.5485094060179934,1.8955864373294773,1.0591198353039748,0.39375349946101157,-4.2711274995915955
-1.1346334592936735,-0.20387878016900773,1.1110560113620402,0.4357335100379022,1.4384900669802294,-1.0681848434977186
1.2737840640056213,-0.03600162559819295,-1.0557088532310843,0.12346983220635831,-1.3497660299246335,1.073052570312636
-0.9848775680185881,-0.2095818852072367,0.7970436272448557,0.1264737211262481,1.2158259736620136,-0.7587684123628338
1.6118192139564154,0.7688337486138014,-2.0888611150110883,-0.707626192623068,-3.1599223727731447,1.1941084660441186
0.21611663214948681,-2.1525669631422173,-2.1349528571906484,-1.7397510575788284,-0.014928680568775457,5.125240679121506
-0.971300787590021,-1.082274987705782,1.4228627057156396,0.5134630696118695,2.8964378047308696,-0.3818889385362176
1.2311713376189153,0.3988875366767241,-0.3622816716580348,0.41097058292180616,-0.9504928493287849,-0.23026222724083756
0.580503893426071,-0.527951487973227,-1.783563267448799,-1.1491183814418275,-1.2259877038510945,2.738819317298793
0.1545250403548276,0.07820788577639362,-1.3878343764241108,-1.117174223723878,-1.7677811152544651,1.5612168698145792
0.029406560997144362,-0.30186829100115387,-0.5496399739340119,-0.28258891991162244,-0.20675048059914047,0.6728230965854991
0.17594957640704062,0.599428213518869,1.6573223123223835,1.8966323494985078,1.3594942555388596,-2.405321633797496
0.26352064705020856,-0.8283994513501642,-0.9542237393899337,-0.33337690316531204,0.1331624623018567,1.9605858360527402
0.6757717617081864,0.873595303017685,0.1292437154570238,0.9632494949437409,-0.678549785768695,-1.228068342514213
-2.505585194870355,-0.0443255238565433,4.135861681808245,2.3959837769903136,3.8951744353769593,-4.245555077643438
0.12767741100678676,0.31768501586234654,0.2992274478137874,0.23415166468925658,-0.10279797728918913,-0.4098159974859194
-0.0951785895469878,-0.9909251043557077,-1.9893970600598707,-1.889107643722845,-0.7395065549333766,3.656010510553517
0.23797203123749885,0.6552399587967782,-0.7656031422114394,-0.3945062148641248,-1.3655015310233491,0.052986444157085255
0.58733737088699,-1.04807699354001,-1.2207995686220872,-0.4014203839985203,-0.10702469328464662,2.276632693625295
-1.0225834409440864,0.733019217115175,2.723070124758246,1.7746295806509211,2.1136254394707694,-3.8150063417953772
-0.016660951279505426,-0.16386464128461165,0.7175291093716563,0.710441825243077,0.7721273401811376,-0.4155426373543879
-0.7911268639279518,-0.6912556793575224,1.6811935904782689,1.0753702901930433,2.5437830251571105,-0.7507336318087375
0.6438030670112095,0.30160116035773543,0.6409483784919635,1.564069227424932,0.6517106852310468,-0.9524871254663931
0.031178027226631256,0.9216667081924539,1.4827440063457489,1.7187717309267407,0.7869194245935349,-2.8642454649962703
0.8776809554818328,0.14019283830370488,-0.6908603211716662,-0.23630860307307128,-1.1201636953586072,0.502406400215211
-1.1482407579107228,0.22199201089754428,1.6061506106344057,0.5064295604716487,1.3833909260272308,-2.0979916352620873
1.0865882942824543,-1.7627949598787513,-2.735361947939879,-1.6382303909810316,-1.5897363082947784,4.575009088785227
0.5430776471601185,1.4123596692205105,1.3049421074240464,1.9769214423241719,0.374697492332435,-3.420510404717347
-0.9234493758365259,-0.2254461513181259,0.5562154775391497,-0.10815831106358172,0.9384870628697769,-0.37312193390279896
-1.208002365381966,-1.7829884612533098,0.01788895157810136,-0.6689863353760935,2.298560633952645,2.0787702967227357
0.23589611770369726,0.4826947048406012,-1.5352643600269618,-1.1621836456552197,-2.042366410361037,0.8835585568419047
0.2540225458224241,-0.40840516633069934,-0.9762290054766832,-0.24919606832395785,-0.36716682431048475,1.4008436476750477
-0.2927326086122458,-0.27476397902773464,-0.13373943808498234,-0.31855356065632257,0.15441085785439376,0.508801682169461
-0.5203611454994822,-0.41059987188024116,0.21152564130001703,-0.17247413671371586,0.7314320364393522,0.3811807854139053
-0.20380408346295062,-1.1446486528471964,-1.762628933999457,-1.5970234498303368,-0.4594334553158444,3.5221673880501374
-1.0386743350207195,-0.29510917141529086,1.0994457074117259,0.4647089872343225,1.5770359388782145,-0.928598858862748
0.36282594872326784,-0.2382703454664316,-1.7451328480754034,-1.0691288610934362,-1.6453014633867225,2.239920245409335
-0.9779005379794982,-1.6386913592295833,1.7160241297299157,0.2722249458952602,3.3227773878767586,-0.05822815869556941
-1.1095156324296547,-0.3011265764426336,0.4541810117454213,-0.41374707383238435,0.7376555784342969,-0.21013846791243027
-0.6809538272293741,0.9245484297284664,3.1631523318410815,2.1961231698761177,2.793124395907757,-4.67639166730561
0.47357047239800276,-1.209601936051937,-0.40042594458018427,0.45525905580395487,1.018115308753116,2.063176928393764
1.3378256031297648,0.4745110184235234,-1.2143855310188763,-0.2535154584708741,-1.9311804536712387,0.4917996592973729
2.4468748277252956,-1.3769380725599336,-4.68661682340484,-1.8375088141335103,-3.664824949446716,6.911006354808017
-0.25834046600428473,0.3985633532460426,0.8358020892292554,0.4590957715222668,0.2326535368899665,-0.8725683322947582
-0.3543970419881549,-0.6046613362184189,-0.8649777271722504,-1.057718980793185,-0.5131467189055616,1.799660024896102
-1.3138455173010997,0.2744297596735251,0.23018105391063415,-0.9149915855611225,0.07254194513708663,-0.5235621291182284
1.245195263873139,-0.8438322375978982,-2.8792650493671417,-1.869685390868042,-2.199029848247093,4.244778915076493
0.26401783789744776,-1.0039616122078443,-1.298099727675451,-0.6288965823520543,0.07095902963697358,2.653086203948182
1.0421367607782754,1.3835753195242384,-0.7457186052800707,0.030803929919096917,-2.1135922617145644,-1.0002051412255737
-0.5303275441970507,-0.482229439839667,-0.6799941338871117,-1.1376029968684538,-0.5041159232040776,1.5292958406092652
0.2688029030370469,0.1744636417869641,0.19520358770874277,0.3640820523604162,-0.019531736297973966,-0.39881227174815614
0.28472750991831525,1.6204905257860516,0.2586305775892129,0.5509692512092628,-1.0716214818857621,-2.4465468521444347
-0.6503266033746045,-0.06039803189356145,1.9576280602049223,1.0096981320931955,2.0330456861520725,-1.845420025396691
1.084519612914852,-0.08501816985177148,-0.7117818141266798,0.3191013952875349,-1.0804381313021256,0.47730265939125327
-0.17740583624134446,-0.3232119677504947,0.14572023168955672,0.019753729713466964,0.6747786806585631,0.11443276147307657
0.391201868456898,-0.4584440095360654,-1.1333487164826028,-0.2913717578417955,-0.47932752033875065,1.6765322373482199
0.18039344628055706,-1.934655240373423,-1.361188078001451,-0.9593363732546677,0.7323806888549934,4.0081314968713295
-1.9611326603752206,-0.304794941623198,4.704822832110259,3.715702957848336,5.570855619246662,-4.687685111493584
-0.6006581637583682,0.16180645313088338,1.802634874447827,0.9339538574594504,1.5741737099397195,-1.9987227978819835
1.3604591810907751,1.197841804649907,-1.2371876230802688,-0.20938674844203004,-2.4062138676622267,-0.2792576860748276
-1.561135936917299,1.3065129074983095,3.0828181834194055,1.3266385643297232,1.8444712952730822,-5.284891876938292
1.0908915722899526,-1.2696881233855417,-2.1592558733354967,-1.0117521863317858,-1.4425155341879903,3.516473629893694
0.38359937239371317,0.5058818650690624,0.2148664131805677,0.513063022130737,-0.11228215080179219,-0.4557842352746894
0.10555011164543646,-0.45511845468187645,-0.3939922696947752,0.011489115447082601,0.22379253981833774,0.7107065623035933
0.7104117432273437,0.3668895719452401,-1.4384853794340082,-0.9262565363855401,-1.9660244746698448,0.5538513402067503
1.1450520225851306,0.35572693292874225,-0.5929791806286099,0.1246372142105282,-0.99733268804472,0.1915603944795473
0.482070151135348,0.5764660254089182,-0.8913852442476622,-0.5225706039671023,-1.4152960123363811,0.11951674332936452
-0.4517109798982933,-0.8559092876514769,0.5299627050801978,0.2348574403484377,1.6702652209218716,0.5178369886729564
0.5475187334030792,-1.4687992194436816,-2.3110607879661984,-1.5442935428301792,-0.9667237283260264,4.10676598968458
-0.14289013341966272,0.06731360274652502,0.2045141055319397,0.2087596134392038,-0.17660971423010535,-0.2530799978628523
0.4360237414587684,-0.8421252937373815,-2.112922044538536,-1.8101956082449222,-1.1117907709941577,3.3227994904068554
0.7105678700349846,0.9563991363750615,-1.003423639133128,-0.38362869166570507,-1.7318202753006138,-0.380299238083686
1.2242096793518085,1.4195614129096934,-1.2585705518258,-0.3518035851013007,-2.557596205740585,-0.440016501510444
0.29892367504934164,0.36490381227136015,-0.7666640492163157,-0.4943109345773553,-1.1855240017854933,0.3841952084227055
-0.3736864949264282,-0.1709204716494806,-0.07817440352515985,-0.30150775534226176,0.11366361967613453,0.28393668287073426
0.46104275409138545,2.4988392675226976,1.0837316621434765,1.4800402548354947,-1.6410656563820174,-4.59185090862756
-0.12509638711113044,-1.2931759550060387,0.471712860681879,0.255263039968761,1.7523580570471842,1.0776844861169392
0.16593106941066288,0.4876452158138774,1.6090361612851949,1.8537353708417972,1.3669071267773913,-2.155928611749032
0.11582634642016004,-2.2367975162965767,-0.37206992149229784,-0.4303140025073231,1.6489071268499849,2.9473468298772323
0.7544685424013621,1.1781556356749523,-0.5860704137174872,0.029481844913027917,-1.6245747094380076,-0.8969393510079525
0.12626580237156504,-0.2394614001940028,1.1843736769333733,1.2308204393600921,1.4603833168933746,-0.6625303888882935
0.5425264924048078,1.6561581480279732,1.0734801928805116,1.7605571101934572,-0.6502706808159658,-3.556612325469178
0.6252445829157806,-1.816598182970145,-2.0317563949179043,-1.2609901573276776,-0.37799714991113503,4.2454221609423355
2.5975225759525866,1.3937713763279203,-2.686005842862559,-1.0057038885639513,-4.6529326546859435,0.9020719733217355
-1.239560439458633,0.5814756909523674,1.261892080682588,-0.1118556805603068,0.762392302321098,-2.5121834366370788
0.6485602334157624,-0.19990107163174503,-1.3789228566540135,-1.1255421062454605,-1.3910610184742251,1.5509583527843838
-0.295484306609841,-0.3338262752749132,0.6330074095339574,0.41034282364147584,1.2477280004701514,-0.30543518950020543
1.1485028562230828,-0.30632496342161764,-0.02243248927381704,0.9795261836403777,-0.2507558157624402,0.062608570123319
-0.6186213443724341,-0.46696273221031287,0.7875115885973546,0.39190697058947216,1.6296036260709805,-0.3203981297096952
1.0958415506004346,0.998830065862077,-0.951319491332444,-0.13382271202867735,-1.8274176589851987,-0.37575559609924114
-1.0846335752737128,-0.42984210967113645,2.274173661325366,1.6457679474224531,2.624377078079731,-1.4336694018730933
0.29277729088535404,1.662716486414862,0.5348743208817304,0.815078036617864,-1.0263688761135719,-2.9818553426546837
-0.12172072074868737,-1.4945845486538971,-0.598537348815553,-0.5284852358393286,0.7482871907664673,2.542284378744424
0.048863651756886575,-0.4623925803209907,0.19615644156083062,0.22835433534921412,0.8829189953187626,0.15505291360461165
0.19709469447159933,1.2155093707214688,1.4821474029989812,1.831877344460792,0.5230285169025143,-3.297354592726026
2.00449386431344,-0.9524690277191212,-3.4702023738659333,-1.5263022453223536,-2.4647867485878425,4.879330272007032
-1.4486407835625914,0.6304060301416456,2.4554032440243443,1.1061950404420833,2.00476593382381,-3.7303921324462257
-0.6709974874183675,-0.19437197229316255,1.4429894368109477,0.9916977595528336,1.639934281771346,-1.2742295197109041
1.921303450774214,-0.950948412167899,-3.363376017682562,-1.4737224498389292,-2.3968482530979385,4.776061676216207
-0.08647288965034516,-0.6461483566047088,0.12823348105151097,0.23945591677862088,1.0231102337797955,0.7481106823007304
-0.47683230796117587,2.895134763614828,2.2532376884669145,0.8043057242162637,-1.2820307548481977,-5.7280335971870295
0.45857235939187024,-0.48659715919372665,-2.2173691492144347,-1.7176242307368215,-1.644945809071856,2.9752422189188845
-0.4847941953042807,-1.040876873521775,-1.2500503124258155,-1.5213768675540147,-0.5286688464059874,2.7490162624857284
-0.7194199144692847,-0.35621804650286176,-0.09614077967038635,-0.713014384527322,0.06624788626396852,0.6983261208907054
1.379763414972912,-0.5940395464624632,-3.1291111042200233,-2.0508815565209373,-2.336754996379607,3.8519362408048226
2.052023914391602,0.5601597640244219,-2.234033049919997,-0.8263058450745393,-3.169304824048618,1.8403709732986597
-0.67652547393661,0.17562623696322707,-0.1754379706727094,-0.6302159371703931,-0.20841379363698337,-0.23296448689445914
0.6629637455199937,0.7596881785009265,-0.5707634094027734,0.01405356324909851,-1.2715676407435827,-0.36602081186307345
1.2198014771643206,-0.7210999695967348,-1.7534607237371551,-0.8951587658854596,-1.3696427153267705,2.463335078537443
0.9930232773341835,1.536095379270067,0.7048918404306959,1.9209000397470035,-1.0529459823032625,-2.869850912026263
-2.1094379607269533,1.0972943709758758,3.120754215756722,1.0217320771281937,2.355947921534302,-5.2344152907963135
-1.6916877128156116,-1.5636742250394953,1.5683192682967682,0.1246718073195485,3.724049927195539,-0.13251359417010183
-0.7769733486055811,0.7239571756108228,0.28761993386097945,-0.29955077854164414,-0.5411973399140114,-1.5142806772669348
0.6936989514295206,0.469537189819462,0.8191426338863356,2.0352006485613447,0.5678463089893959,-1.3047747735192472
-0.8564923430246203,-0.07711614210374414,1.550646643384547,0.8999166609557229,1.648883883344486,-1.5974378068770725
-1.3417274070773353,-0.5306779487091847,-0.5932137174961792,-2.07486161278265,-0.9251533825580088,1.7011581151575093
-0.4649314356495918,1.743821661896568,2.0987876100521716,1.511939207079284,0.2604018057957525,-4.846666732872985
-1.588697759625992,-0.8352149701892071,1.3837864964861797,0.27471799705722866,2.14563452737917,-0.5307699743235577
-1.0841582486268606,0.12635547714737866,2.5910864947195624,1.3893121147556495,2.67513079608601,-2.7432761781028097
-0.5444854821595635,-1.2533310807409346,-0.00808993230073217,-0.23911474457505055,1.292515460575406,1.5802281111632088
0.19456941548422088,-0.8929773941787766,-1.2571645108037899,-0.6494797409167238,-0.010169964264867722,2.4729329035180516
1.7240947065879615,-0.6961856166003306,-2.1820439956933444,-0.9208107432109779,-1.7220792468417336,3.3168958158041066
-0.5109188369234301,-1.9327969814571881,-2.0227286222661176,-2.338185191616309,-0.3281007474441623,5.030805081652932
0.34587248365629014,-1.3270579584903837,-2.30260902793962,-1.6639973542759658,-0.9541979831126359,4.046953077355431
0.4652436408151519,-0.010911875111654305,-0.00853815004456153,0.40510136467133684,0.0573112898054298,0.043283378797694894
-0.5586087600305079,0.7773323793457325,0.3557269249401826,0.17002023842238376,-0.6086936729852997,-1.3630063333462443
-0.7476563879021763,-0.3504118065613109,0.4133832870388835,-0.15135080234399406,0.9018045597621985,0.03263991932438856
-1.0167016352470297,-0.4695995739106729,0.1289413583665908,-0.7885075069492663,0.3803142217094655,0.5182552696160555
1.4228474243963491,0.6837257830041679,-0.8843139740511933,-0.102895894311839,-1.829845840578669,-0.29239905679528666
-1.9828662134162192,0.4892460210163612,1.8163589906873252,-0.4860689181970077,1.6797523274844435,-2.922106371803409
0.8408086693443598,2.071088674339671,-0.23656419416911334,0.2817247810195974,-2.332059995415975,-2.1908578507656875
1.2427051130064493,-1.0528995779114594,-3.253529724254996,-2.230348698109105,-2.4770248118026945,4.79003451798634
-0.5535454828799176,1.2684036687287872,0.8321152596318233,0.19168496655058095,-0.35575471928806673,-2.1418665162214987
2.4778270864995,-1.2100240835917815,-4.245030079904409,-1.398985408261615,-3.0656626842862176,6.15966648941004
-0.1507633962229871,0.5771430468372164,-1.676105971040034,-1.815793845246975,-2.157541035928902,1.3255500904493982
-0.22950146593480372,0.4645433985254095,-0.6301983350350836,-0.5811163503360814,-1.360176108344342,0.1269930728269919
0.8675463867507854,0.025254305970628853,-0.17722140047843593,0.6743307956898212,-0.15055644307711097,-0.04639091448121202
0.5640514374228681,-0.2665820059485911,-3.184200947171622,-4.665877770164357,-1.69972425887894,3.931421560857264
1.4342383319341028,-0.32136650690327734,-3.635050894119869,-2.3372011429988873,-3.020042675266215,4.011694169313183
-0.8538423301183914,-0.09372240139486658,1.4745080336564962,0.9153116934427538,1.590983524695032,-1.4912275474270213
-0.15435320159434887,0.2642891908131779,0.061558518126637866,0.07143877417857243,-0.46179370947914106,-0.3141112396793383
-1.5881870473717485,-0.9222634532991837,-0.3112054603743443,-1.777633939418949,0.11622800106981832,1.6997190409268363
-0.531565013573653,-2.065085399888599,-0.4433651596398834,-0.7024283889332824,1.296225433082073,2.6168610036334456
1.4658521137478422,0.10306021549030792,-2.9446313497699204,-1.5196256774554657,-3.14492093354947,2.8965686610559
0.12064425272738544,1.6671411116878874,0.5474824648077967,0.6363005226377246,-1.1095990524734838,-2.9169898160790666
-1.9804933903326523,0.2576864351508726,2.830328002494548,1.4920125427456001,2.9923054930297655,-3.5031007870069804
0.38578615765774227,-0.807624028648296,-1.9249977932991968,-1.5067687712605096,-0.909146901222605,2.9954998266137505
-0.7539337837864067,-1.9021022791595446,-0.00422633169911385,-0.4644629009367689,1.9778404248079064,1.8610987403023709
-0.425086414588768,0.6131211578802315,0.8810218216566327,0.3102774310574232,0.39262789126624537,-1.312738212564184
-0.6921871772865605,2.0860991142658687,0.7976391903552624,-0.01913426167216395,-1.2833832313586704,-3.587434218404507
-0.3147276241548463,-1.7913917466926408,0.12174414375059738,-0.056567404300922455,1.8264311429577031,1.6274245144295414
-1.220685937934125,0.9956230449914195,1.1950865817286127,0.037282985230125895,0.04262764361730622,-3.1512452661190506
-0.5172663159054267,0.6810004909377232,0.9454914610718157,0.27872611446317974,0.3950133297064317,-1.488314200365744
0.30236220620919885,2.058300295108263,2.378773308704086,2.9046826425011707,0.8131301806793687,-5.430363455240353
-0.13082807027375523,-1.864962513698259,-1.965737785831446,-1.827807268919061,-0.005576412500769429,4.747251053670668
-1.2716636238474097,-0.46561013939338464,0.2961841233076101,-0.7689231297505409,0.5184048431558033,0.228031565923415
-0.8671173123960945,-0.8654236671296927,0.034553012650585684,-0.662584695471964,0.6562478025468278,1.139069368626049
-0.5655585364053269,-1.6795891879514169,-1.267547136403073,-1.5568386430520014,0.07443109381476104,3.5742767455917974
0.1587193276796281,0.5173848836547315,-0.6207111164420748,-0.34327036880908357,-1.1870344275785307,0.07453184599925144
0.16996553149379634,0.4114719217888943,-0.820729899350981,-0.5810445688443278,-1.3566099956872566,0.4418703260690602
-0.9447612830753941,-0.2319073646398231,0.35905799395373555,-0.3419832377731064,0.632753827335527,-0.09213533584546975
0.6594086125816455,-0.8347764440714089,0.7306433532014897,1.1881385117172742,1.431272277503203,0.8390067611993799
-0.6964825771855296,-0.012521163061741516,1.0759513104954386,0.44057342987768566,1.081142258603106,-1.1289278975201782
-0.12005385285871403,0.0005569678331444616,-0.5275771717673922,-0.8170738544827733,-0.6890512620709094,0.44280051464310843
1.4144118705410493,-0.6625117983556534,-1.021212134655966,0.2971117415174032,-1.0764009558115164,1.3612482332422309
0.4668309377040953,-1.4019429175933504,-1.8784498385189783,-1.1498399282878855,-0.41941209455425954,3.6191807804944895
0.6982349232190395,-0.281844132468692,-2.7639714092643373,-1.729944260077168,-2.413215658698522,3.4212904329396787
0.26480333408361584,-1.3088010576853892,-2.6820560358358088,-2.237297477418206,-1.3605838620016344,4.565086947262149
0.718604451258655,2.129838071741044,0.09170948657600879,0.594905368159281,-1.9734529526861952,-2.6721475454753927
-1.2025183167320974,0.7890196889032199,3.79350727859863,2.6094093497152318,3.173594088487675,-5.08804839410607
