[2026-04-24 04:27:44,897][dowhy.causal_model][INFO] - Model to find the causal effect of treatment ['X0'] on outcome ['X1']
[2026-04-24 04:27:44,897][dowhy.causal_identifier.auto_identifier][WARNING] - No directed path from treatment to outcome. Causal Effect is zero.
[2026-04-24 04:27:44,897][dowhy.causal_model][INFO] - linear_regression
[2026-04-24 04:27:44,897][dowhy.causal_estimator][INFO] - INFO: Using Linear Regression Estimator
[2026-04-24 04:27:44,897][dowhy.causal_estimator][WARNING] - No directed path from ['X0'] to ['X1'].
[2026-04-24 04:27:44,899][dowhy.causal_model][INFO] - Model to find the causal effect of treatment ['X0'] on outcome ['X2']
[2026-04-24 04:27:44,899][dowhy.causal_identifier.auto_identifier][WARNING] - No directed path from treatment to outcome. Causal Effect is zero.
[2026-04-24 04:27:44,899][dowhy.causal_model][INFO] - linear_regression
[2026-04-24 04:27:44,899][dowhy.causal_estimator][INFO] - INFO: Using Linear Regression Estimator
[2026-04-24 04:27:44,899][dowhy.causal_estimator][WARNING] - No directed path from ['X0'] to ['X2'].
[2026-04-24 04:27:44,900][dowhy.causal_model][INFO] - Model to find the causal effect of treatment ['X0'] on outcome ['X3']
[2026-04-24 04:27:44,901][dowhy.causal_identifier.auto_identifier][INFO] - Causal effect can be identified.
[2026-04-24 04:27:44,902][dowhy.causal_identifier.auto_identifier][INFO] - Instrumental variables for treatment and outcome:[]
[2026-04-24 04:27:44,902][dowhy.causal_identifier.auto_identifier][INFO] - Frontdoor variables for treatment and outcome:[]
[2026-04-24 04:27:44,902][dowhy.causal_model][INFO] - linear_regression
[2026-04-24 04:27:44,902][dowhy.causal_estimator][INFO] - INFO: Using Linear Regression Estimator
[2026-04-24 04:27:44,903][dowhy.causal_estimator][INFO] - b: X3~X0+X0*X1
[2026-04-24 04:27:44,910][dowhy.causal_model][INFO] - Model to find the causal effect of treatment ['X0'] on outcome ['X4']
[2026-04-24 04:27:44,911][dowhy.causal_identifier.auto_identifier][INFO] - Causal effect can be identified.
[2026-04-24 04:27:44,911][dowhy.causal_identifier.auto_identifier][INFO] - Instrumental variables for treatment and outcome:[]
[2026-04-24 04:27:44,912][dowhy.causal_identifier.auto_identifier][INFO] - Frontdoor variables for treatment and outcome:[]
[2026-04-24 04:27:44,912][dowhy.causal_model][INFO] - linear_regression
[2026-04-24 04:27:44,912][dowhy.causal_estimator][INFO] - INFO: Using Linear Regression Estimator
[2026-04-24 04:27:44,912][dowhy.causal_estimator][INFO] - b: X4~X0+X0*X1
[2026-04-24 04:27:44,920][dowhy.causal_model][INFO] - Model to find the causal effect of treatment ['X0'] on outcome ['X5']
[2026-04-24 04:27:44,920][dowhy.causal_identifier.auto_identifier][INFO] - Causal effect can be identified.
[2026-04-24 04:27:44,921][dowhy.causal_identifier.auto_identifier][INFO] - Instrumental variables for treatment and outcome:[]
[2026-04-24 04:27:44,922][dowhy.causal_identifier.auto_identifier][INFO] - Frontdoor variables for treatment and outcome:[]
[2026-04-24 04:27:44,922][dowhy.causal_model][INFO] - linear_regression
[2026-04-24 04:27:44,922][dowhy.causal_estimator][INFO] - INFO: Using Linear Regression Estimator
[2026-04-24 04:27:44,922][dowhy.causal_estimator][INFO] - b: X5~X0+X0*X1
[2026-04-24 04:27:44,930][dowhy.causal_model][INFO] - Model to find the causal effect of treatment ['X0'] on outcome ['X6']
[2026-04-24 04:27:44,930][dowhy.causal_identifier.auto_identifier][INFO] - Causal effect can be identified.
[2026-04-24 04:27:44,931][dowhy.causal_identifier.auto_identifier][INFO] - Instrumental variables for treatment and outcome:[]
[2026-04-24 04:27:44,932][dowhy.causal_identifier.auto_identifier][INFO] - Frontdoor variables for treatment and outcome:[]
[2026-04-24 04:27:44,932][dowhy.causal_model][INFO] - linear_regression
[2026-04-24 04:27:44,932][dowhy.causal_estimator][INFO] - INFO: Using Linear Regression Estimator
[2026-04-24 04:27:44,932][dowhy.causal_estimator][INFO] - b: X6~X0+X0*X1
[2026-04-24 04:27:44,940][dowhy.causal_model][INFO] - Model to find the causal effect of treatment ['X0'] on outcome ['X7']
[2026-04-24 04:27:44,940][dowhy.causal_identifier.auto_identifier][INFO] - Causal effect can be identified.
[2026-04-24 04:27:44,941][dowhy.causal_identifier.auto_identifier][INFO] - Instrumental variables for treatment and outcome:[]
[2026-04-24 04:27:44,942][dowhy.causal_identifier.auto_identifier][INFO] - Frontdoor variables for treatment and outcome:['X4', 'X3', 'X5', 'X6']
[2026-04-24 04:27:44,943][dowhy.causal_identifier.auto_identifier][INFO] - Causal effect can be identified.
[2026-04-24 04:27:44,944][dowhy.causal_identifier.auto_identifier][INFO] - Causal effect can be identified.
[2026-04-24 04:27:44,945][dowhy.causal_model][INFO] - linear_regression
[2026-04-24 04:27:44,945][dowhy.causal_estimator][INFO] - INFO: Using Linear Regression Estimator
[2026-04-24 04:27:44,945][dowhy.causal_estimator][INFO] - b: X7~X0+X0*X2+X0*X1
[2026-04-24 04:27:44,986][dowhy.causal_model][INFO] - Model to find the causal effect of treatment ['X1'] on outcome ['X0']
[2026-04-24 04:27:44,986][dowhy.causal_identifier.auto_identifier][WARNING] - No directed path from treatment to outcome. Causal Effect is zero.
[2026-04-24 04:27:44,986][dowhy.causal_model][INFO] - linear_regression
[2026-04-24 04:27:44,986][dowhy.causal_estimator][INFO] - INFO: Using Linear Regression Estimator
[2026-04-24 04:27:44,986][dowhy.causal_estimator][WARNING] - No directed path from ['X1'] to ['X0'].
[2026-04-24 04:27:44,988][dowhy.causal_model][INFO] - Model to find the causal effect of treatment ['X1'] on outcome ['X2']
[2026-04-24 04:27:44,988][dowhy.causal_identifier.auto_identifier][WARNING] - No directed path from treatment to outcome. Causal Effect is zero.
[2026-04-24 04:27:44,988][dowhy.causal_model][INFO] - linear_regression
[2026-04-24 04:27:44,988][dowhy.causal_estimator][INFO] - INFO: Using Linear Regression Estimator
[2026-04-24 04:27:44,988][dowhy.causal_estimator][WARNING] - No directed path from ['X1'] to ['X2'].
[2026-04-24 04:27:44,990][dowhy.causal_model][INFO] - Model to find the causal effect of treatment ['X1'] on outcome ['X3']
[2026-04-24 04:27:44,991][dowhy.causal_identifier.auto_identifier][INFO] - Causal effect can be identified.
[2026-04-24 04:27:44,991][dowhy.causal_identifier.auto_identifier][INFO] - Instrumental variables for treatment and outcome:[]
[2026-04-24 04:27:44,991][dowhy.causal_identifier.auto_identifier][INFO] - Frontdoor variables for treatment and outcome:[]
[2026-04-24 04:27:44,991][dowhy.causal_model][INFO] - linear_regression
[2026-04-24 04:27:44,991][dowhy.causal_estimator][INFO] - INFO: Using Linear Regression Estimator
[2026-04-24 04:27:44,991][dowhy.causal_estimator][INFO] - b: X3~X1+X1*X0
[2026-04-24 04:27:44,999][dowhy.causal_model][INFO] - Model to find the causal effect of treatment ['X1'] on outcome ['X4']
[2026-04-24 04:27:45,000][dowhy.causal_identifier.auto_identifier][INFO] - Causal effect can be identified.
[2026-04-24 04:27:45,000][dowhy.causal_identifier.auto_identifier][INFO] - Instrumental variables for treatment and outcome:[]
[2026-04-24 04:27:45,000][dowhy.causal_identifier.auto_identifier][INFO] - Frontdoor variables for treatment and outcome:[]
[2026-04-24 04:27:45,000][dowhy.causal_model][INFO] - linear_regression
[2026-04-24 04:27:45,000][dowhy.causal_estimator][INFO] - INFO: Using Linear Regression Estimator
[2026-04-24 04:27:45,001][dowhy.causal_estimator][INFO] - b: X4~X1+X1*X0
[2026-04-24 04:27:45,008][dowhy.causal_model][INFO] - Model to find the causal effect of treatment ['X1'] on outcome ['X5']
[2026-04-24 04:27:45,009][dowhy.causal_identifier.auto_identifier][INFO] - Causal effect can be identified.
[2026-04-24 04:27:45,009][dowhy.causal_identifier.auto_identifier][INFO] - Instrumental variables for treatment and outcome:[]
[2026-04-24 04:27:45,010][dowhy.causal_identifier.auto_identifier][INFO] - Frontdoor variables for treatment and outcome:[]
[2026-04-24 04:27:45,010][dowhy.causal_model][INFO] - linear_regression
[2026-04-24 04:27:45,010][dowhy.causal_estimator][INFO] - INFO: Using Linear Regression Estimator
[2026-04-24 04:27:45,010][dowhy.causal_estimator][INFO] - b: X5~X1+X1*X0
[2026-04-24 04:27:45,018][dowhy.causal_model][INFO] - Model to find the causal effect of treatment ['X1'] on outcome ['X6']
[2026-04-24 04:27:45,018][dowhy.causal_identifier.auto_identifier][INFO] - Causal effect can be identified.
[2026-04-24 04:27:45,019][dowhy.causal_identifier.auto_identifier][INFO] - Instrumental variables for treatment and outcome:[]
[2026-04-24 04:27:45,020][dowhy.causal_identifier.auto_identifier][INFO] - Frontdoor variables for treatment and outcome:[]
[2026-04-24 04:27:45,020][dowhy.causal_model][INFO] - linear_regression
[2026-04-24 04:27:45,020][dowhy.causal_estimator][INFO] - INFO: Using Linear Regression Estimator
[2026-04-24 04:27:45,020][dowhy.causal_estimator][INFO] - b: X6~X1+X1*X0
[2026-04-24 04:27:45,028][dowhy.causal_model][INFO] - Model to find the causal effect of treatment ['X1'] on outcome ['X7']
[2026-04-24 04:27:45,028][dowhy.causal_identifier.auto_identifier][INFO] - Causal effect can be identified.
[2026-04-24 04:27:45,029][dowhy.causal_identifier.auto_identifier][INFO] - Instrumental variables for treatment and outcome:[]
[2026-04-24 04:27:45,030][dowhy.causal_identifier.auto_identifier][INFO] - Frontdoor variables for treatment and outcome:['X4', 'X3', 'X5', 'X6']
[2026-04-24 04:27:45,031][dowhy.causal_identifier.auto_identifier][INFO] - Causal effect can be identified.
[2026-04-24 04:27:45,032][dowhy.causal_identifier.auto_identifier][INFO] - Causal effect can be identified.
[2026-04-24 04:27:45,033][dowhy.causal_model][INFO] - linear_regression
[2026-04-24 04:27:45,033][dowhy.causal_estimator][INFO] - INFO: Using Linear Regression Estimator
[2026-04-24 04:27:45,033][dowhy.causal_estimator][INFO] - b: X7~X1+X1*X2+X1*X0
[2026-04-24 04:27:45,076][dowhy.causal_model][INFO] - Model to find the causal effect of treatment ['X2'] on outcome ['X0']
[2026-04-24 04:27:45,076][dowhy.causal_identifier.auto_identifier][WARNING] - No directed path from treatment to outcome. Causal Effect is zero.
[2026-04-24 04:27:45,076][dowhy.causal_model][INFO] - linear_regression
[2026-04-24 04:27:45,076][dowhy.causal_estimator][INFO] - INFO: Using Linear Regression Estimator
[2026-04-24 04:27:45,076][dowhy.causal_estimator][WARNING] - No directed path from ['X2'] to ['X0'].
[2026-04-24 04:27:45,078][dowhy.causal_model][INFO] - Model to find the causal effect of treatment ['X2'] on outcome ['X1']
[2026-04-24 04:27:45,078][dowhy.causal_identifier.auto_identifier][WARNING] - No directed path from treatment to outcome. Causal Effect is zero.
[2026-04-24 04:27:45,078][dowhy.causal_model][INFO] - linear_regression
[2026-04-24 04:27:45,078][dowhy.causal_estimator][INFO] - INFO: Using Linear Regression Estimator
[2026-04-24 04:27:45,078][dowhy.causal_estimator][WARNING] - No directed path from ['X2'] to ['X1'].
[2026-04-24 04:27:45,080][dowhy.causal_model][INFO] - Model to find the causal effect of treatment ['X2'] on outcome ['X3']
[2026-04-24 04:27:45,080][dowhy.causal_identifier.auto_identifier][WARNING] - No directed path from treatment to outcome. Causal Effect is zero.
[2026-04-24 04:27:45,080][dowhy.causal_model][INFO] - linear_regression
[2026-04-24 04:27:45,080][dowhy.causal_estimator][INFO] - INFO: Using Linear Regression Estimator
[2026-04-24 04:27:45,080][dowhy.causal_estimator][WARNING] - No directed path from ['X2'] to ['X3'].
[2026-04-24 04:27:45,081][dowhy.causal_model][INFO] - Model to find the causal effect of treatment ['X2'] on outcome ['X4']
[2026-04-24 04:27:45,081][dowhy.causal_identifier.auto_identifier][WARNING] - No directed path from treatment to outcome. Causal Effect is zero.
[2026-04-24 04:27:45,082][dowhy.causal_model][INFO] - linear_regression
[2026-04-24 04:27:45,082][dowhy.causal_estimator][INFO] - INFO: Using Linear Regression Estimator
[2026-04-24 04:27:45,082][dowhy.causal_estimator][WARNING] - No directed path from ['X2'] to ['X4'].
[2026-04-24 04:27:45,083][dowhy.causal_model][INFO] - Model to find the causal effect of treatment ['X2'] on outcome ['X5']
[2026-04-24 04:27:45,083][dowhy.causal_identifier.auto_identifier][WARNING] - No directed path from treatment to outcome. Causal Effect is zero.
[2026-04-24 04:27:45,083][dowhy.causal_model][INFO] - linear_regression
[2026-04-24 04:27:45,083][dowhy.causal_estimator][INFO] - INFO: Using Linear Regression Estimator
[2026-04-24 04:27:45,083][dowhy.causal_estimator][WARNING] - No directed path from ['X2'] to ['X5'].
[2026-04-24 04:27:45,085][dowhy.causal_model][INFO] - Model to find the causal effect of treatment ['X2'] on outcome ['X6']
[2026-04-24 04:27:45,085][dowhy.causal_identifier.auto_identifier][WARNING] - No directed path from treatment to outcome. Causal Effect is zero.
[2026-04-24 04:27:45,085][dowhy.causal_model][INFO] - linear_regression
[2026-04-24 04:27:45,085][dowhy.causal_estimator][INFO] - INFO: Using Linear Regression Estimator
[2026-04-24 04:27:45,085][dowhy.causal_estimator][WARNING] - No directed path from ['X2'] to ['X6'].
[2026-04-24 04:27:45,087][dowhy.causal_model][INFO] - Model to find the causal effect of treatment ['X2'] on outcome ['X7']
[2026-04-24 04:27:45,089][dowhy.causal_identifier.auto_identifier][INFO] - Causal effect can be identified.
[2026-04-24 04:27:45,090][dowhy.causal_identifier.auto_identifier][INFO] - Instrumental variables for treatment and outcome:[]
[2026-04-24 04:27:45,090][dowhy.causal_identifier.auto_identifier][INFO] - Frontdoor variables for treatment and outcome:[]
[2026-04-24 04:27:45,090][dowhy.causal_model][INFO] - linear_regression
[2026-04-24 04:27:45,090][dowhy.causal_estimator][INFO] - INFO: Using Linear Regression Estimator
[2026-04-24 04:27:45,090][dowhy.causal_estimator][INFO] - b: X7~X2+X2*X4+X2*X3+X2*X0+X2*X1
[2026-04-24 04:27:45,137][dowhy.causal_model][INFO] - Model to find the causal effect of treatment ['X3'] on outcome ['X0']
[2026-04-24 04:27:45,137][dowhy.causal_identifier.auto_identifier][WARNING] - No directed path from treatment to outcome. Causal Effect is zero.
[2026-04-24 04:27:45,137][dowhy.causal_model][INFO] - linear_regression
[2026-04-24 04:27:45,137][dowhy.causal_estimator][INFO] - INFO: Using Linear Regression Estimator
[2026-04-24 04:27:45,137][dowhy.causal_estimator][WARNING] - No directed path from ['X3'] to ['X0'].
[2026-04-24 04:27:45,139][dowhy.causal_model][INFO] - Model to find the causal effect of treatment ['X3'] on outcome ['X1']
[2026-04-24 04:27:45,139][dowhy.causal_identifier.auto_identifier][WARNING] - No directed path from treatment to outcome. Causal Effect is zero.
[2026-04-24 04:27:45,140][dowhy.causal_model][INFO] - linear_regression
[2026-04-24 04:27:45,140][dowhy.causal_estimator][INFO] - INFO: Using Linear Regression Estimator
[2026-04-24 04:27:45,140][dowhy.causal_estimator][WARNING] - No directed path from ['X3'] to ['X1'].
[2026-04-24 04:27:45,142][dowhy.causal_model][INFO] - Model to find the causal effect of treatment ['X3'] on outcome ['X2']
[2026-04-24 04:27:45,142][dowhy.causal_identifier.auto_identifier][WARNING] - No directed path from treatment to outcome. Causal Effect is zero.
[2026-04-24 04:27:45,142][dowhy.causal_model][INFO] - linear_regression
[2026-04-24 04:27:45,142][dowhy.causal_estimator][INFO] - INFO: Using Linear Regression Estimator
[2026-04-24 04:27:45,142][dowhy.causal_estimator][WARNING] - No directed path from ['X3'] to ['X2'].
[2026-04-24 04:27:45,144][dowhy.causal_model][INFO] - Model to find the causal effect of treatment ['X3'] on outcome ['X4']
[2026-04-24 04:27:45,144][dowhy.causal_identifier.auto_identifier][INFO] - Causal effect can be identified.
[2026-04-24 04:27:45,145][dowhy.causal_identifier.auto_identifier][INFO] - Instrumental variables for treatment and outcome:['X0']
[2026-04-24 04:27:45,145][dowhy.causal_identifier.auto_identifier][INFO] - Frontdoor variables for treatment and outcome:[]
[2026-04-24 04:27:45,145][dowhy.causal_model][INFO] - linear_regression
[2026-04-24 04:27:45,146][dowhy.causal_estimator][INFO] - INFO: Using Linear Regression Estimator
[2026-04-24 04:27:45,146][dowhy.causal_estimator][INFO] - b: X4~X3+X1
[2026-04-24 04:27:45,155][dowhy.causal_model][INFO] - Model to find the causal effect of treatment ['X3'] on outcome ['X5']
[2026-04-24 04:27:45,156][dowhy.causal_identifier.auto_identifier][INFO] - Causal effect can be identified.
[2026-04-24 04:27:45,156][dowhy.causal_identifier.auto_identifier][INFO] - Instrumental variables for treatment and outcome:['X1']
[2026-04-24 04:27:45,157][dowhy.causal_identifier.auto_identifier][INFO] - Frontdoor variables for treatment and outcome:[]
[2026-04-24 04:27:45,157][dowhy.causal_model][INFO] - linear_regression
[2026-04-24 04:27:45,157][dowhy.causal_estimator][INFO] - INFO: Using Linear Regression Estimator
[2026-04-24 04:27:45,158][dowhy.causal_estimator][INFO] - b: X5~X3+X0
[2026-04-24 04:27:45,166][dowhy.causal_model][INFO] - Model to find the causal effect of treatment ['X3'] on outcome ['X6']
[2026-04-24 04:27:45,167][dowhy.causal_identifier.auto_identifier][INFO] - Causal effect can be identified.
[2026-04-24 04:27:45,167][dowhy.causal_identifier.auto_identifier][INFO] - Instrumental variables for treatment and outcome:['X0']
[2026-04-24 04:27:45,168][dowhy.causal_identifier.auto_identifier][INFO] - Frontdoor variables for treatment and outcome:[]
[2026-04-24 04:27:45,168][dowhy.causal_model][INFO] - linear_regression
[2026-04-24 04:27:45,168][dowhy.causal_estimator][INFO] - INFO: Using Linear Regression Estimator
[2026-04-24 04:27:45,168][dowhy.causal_estimator][INFO] - b: X6~X3+X1
[2026-04-24 04:27:45,176][dowhy.causal_model][INFO] - Model to find the causal effect of treatment ['X3'] on outcome ['X7']
[2026-04-24 04:27:45,177][dowhy.causal_identifier.auto_identifier][INFO] - Causal effect can be identified.
[2026-04-24 04:27:45,177][dowhy.causal_identifier.auto_identifier][INFO] - Instrumental variables for treatment and outcome:['X0']
[2026-04-24 04:27:45,178][dowhy.causal_identifier.auto_identifier][INFO] - Frontdoor variables for treatment and outcome:[]
[2026-04-24 04:27:45,178][dowhy.causal_model][INFO] - linear_regression
[2026-04-24 04:27:45,178][dowhy.causal_estimator][INFO] - INFO: Using Linear Regression Estimator
[2026-04-24 04:27:45,179][dowhy.causal_estimator][INFO] - b: X7~X3+X1+X3*X2
[2026-04-24 04:27:45,221][dowhy.causal_model][INFO] - Model to find the causal effect of treatment ['X4'] on outcome ['X0']
[2026-04-24 04:27:45,221][dowhy.causal_identifier.auto_identifier][WARNING] - No directed path from treatment to outcome. Causal Effect is zero.
[2026-04-24 04:27:45,221][dowhy.causal_model][INFO] - linear_regression
[2026-04-24 04:27:45,221][dowhy.causal_estimator][INFO] - INFO: Using Linear Regression Estimator
[2026-04-24 04:27:45,221][dowhy.causal_estimator][WARNING] - No directed path from ['X4'] to ['X0'].
[2026-04-24 04:27:45,223][dowhy.causal_model][INFO] - Model to find the causal effect of treatment ['X4'] on outcome ['X1']
[2026-04-24 04:27:45,223][dowhy.causal_identifier.auto_identifier][WARNING] - No directed path from treatment to outcome. Causal Effect is zero.
[2026-04-24 04:27:45,223][dowhy.causal_model][INFO] - linear_regression
[2026-04-24 04:27:45,223][dowhy.causal_estimator][INFO] - INFO: Using Linear Regression Estimator
[2026-04-24 04:27:45,223][dowhy.causal_estimator][WARNING] - No directed path from ['X4'] to ['X1'].
[2026-04-24 04:27:45,224][dowhy.causal_model][INFO] - Model to find the causal effect of treatment ['X4'] on outcome ['X2']
[2026-04-24 04:27:45,224][dowhy.causal_identifier.auto_identifier][WARNING] - No directed path from treatment to outcome. Causal Effect is zero.
[2026-04-24 04:27:45,225][dowhy.causal_model][INFO] - linear_regression
[2026-04-24 04:27:45,225][dowhy.causal_estimator][INFO] - INFO: Using Linear Regression Estimator
[2026-04-24 04:27:45,225][dowhy.causal_estimator][WARNING] - No directed path from ['X4'] to ['X2'].
[2026-04-24 04:27:45,226][dowhy.causal_model][INFO] - Model to find the causal effect of treatment ['X4'] on outcome ['X3']
[2026-04-24 04:27:45,226][dowhy.causal_identifier.auto_identifier][WARNING] - No directed path from treatment to outcome. Causal Effect is zero.
[2026-04-24 04:27:45,226][dowhy.causal_model][INFO] - linear_regression
[2026-04-24 04:27:45,226][dowhy.causal_estimator][INFO] - INFO: Using Linear Regression Estimator
[2026-04-24 04:27:45,226][dowhy.causal_estimator][WARNING] - No directed path from ['X4'] to ['X3'].
[2026-04-24 04:27:45,228][dowhy.causal_model][INFO] - Model to find the causal effect of treatment ['X4'] on outcome ['X5']
[2026-04-24 04:27:45,228][dowhy.causal_identifier.auto_identifier][WARNING] - No directed path from treatment to outcome. Causal Effect is zero.
[2026-04-24 04:27:45,228][dowhy.causal_model][INFO] - linear_regression
[2026-04-24 04:27:45,228][dowhy.causal_estimator][INFO] - INFO: Using Linear Regression Estimator
[2026-04-24 04:27:45,228][dowhy.causal_estimator][WARNING] - No directed path from ['X4'] to ['X5'].
[2026-04-24 04:27:45,230][dowhy.causal_model][INFO] - Model to find the causal effect of treatment ['X4'] on outcome ['X6']
[2026-04-24 04:27:45,231][dowhy.causal_identifier.auto_identifier][INFO] - Causal effect can be identified.
[2026-04-24 04:27:45,231][dowhy.causal_identifier.auto_identifier][INFO] - Instrumental variables for treatment and outcome:[]
[2026-04-24 04:27:45,232][dowhy.causal_identifier.auto_identifier][INFO] - Frontdoor variables for treatment and outcome:[]
[2026-04-24 04:27:45,232][dowhy.causal_model][INFO] - linear_regression
[2026-04-24 04:27:45,232][dowhy.causal_estimator][INFO] - INFO: Using Linear Regression Estimator
[2026-04-24 04:27:45,232][dowhy.causal_estimator][INFO] - b: X6~X4+X1
[2026-04-24 04:27:45,240][dowhy.causal_model][INFO] - Model to find the causal effect of treatment ['X4'] on outcome ['X7']
[2026-04-24 04:27:45,241][dowhy.causal_identifier.auto_identifier][INFO] - Causal effect can be identified.
[2026-04-24 04:27:45,242][dowhy.causal_identifier.auto_identifier][INFO] - Instrumental variables for treatment and outcome:['X3', 'X1']
[2026-04-24 04:27:45,242][dowhy.causal_identifier.auto_identifier][INFO] - Frontdoor variables for treatment and outcome:[]
[2026-04-24 04:27:45,242][dowhy.causal_model][INFO] - linear_regression
[2026-04-24 04:27:45,242][dowhy.causal_estimator][INFO] - INFO: Using Linear Regression Estimator
[2026-04-24 04:27:45,243][dowhy.causal_estimator][INFO] - b: X7~X4+X4*X2
[2026-04-24 04:27:45,284][dowhy.causal_model][INFO] - Model to find the causal effect of treatment ['X5'] on outcome ['X0']
[2026-04-24 04:27:45,284][dowhy.causal_identifier.auto_identifier][WARNING] - No directed path from treatment to outcome. Causal Effect is zero.
[2026-04-24 04:27:45,284][dowhy.causal_model][INFO] - linear_regression
[2026-04-24 04:27:45,284][dowhy.causal_estimator][INFO] - INFO: Using Linear Regression Estimator
[2026-04-24 04:27:45,284][dowhy.causal_estimator][WARNING] - No directed path from ['X5'] to ['X0'].
[2026-04-24 04:27:45,286][dowhy.causal_model][INFO] - Model to find the causal effect of treatment ['X5'] on outcome ['X1']
[2026-04-24 04:27:45,286][dowhy.causal_identifier.auto_identifier][WARNING] - No directed path from treatment to outcome. Causal Effect is zero.
[2026-04-24 04:27:45,286][dowhy.causal_model][INFO] - linear_regression
[2026-04-24 04:27:45,286][dowhy.causal_estimator][INFO] - INFO: Using Linear Regression Estimator
[2026-04-24 04:27:45,286][dowhy.causal_estimator][WARNING] - No directed path from ['X5'] to ['X1'].
[2026-04-24 04:27:45,288][dowhy.causal_model][INFO] - Model to find the causal effect of treatment ['X5'] on outcome ['X2']
[2026-04-24 04:27:45,288][dowhy.causal_identifier.auto_identifier][WARNING] - No directed path from treatment to outcome. Causal Effect is zero.
[2026-04-24 04:27:45,288][dowhy.causal_model][INFO] - linear_regression
[2026-04-24 04:27:45,288][dowhy.causal_estimator][INFO] - INFO: Using Linear Regression Estimator
[2026-04-24 04:27:45,288][dowhy.causal_estimator][WARNING] - No directed path from ['X5'] to ['X2'].
[2026-04-24 04:27:45,289][dowhy.causal_model][INFO] - Model to find the causal effect of treatment ['X5'] on outcome ['X3']
[2026-04-24 04:27:45,289][dowhy.causal_identifier.auto_identifier][WARNING] - No directed path from treatment to outcome. Causal Effect is zero.
[2026-04-24 04:27:45,290][dowhy.causal_model][INFO] - linear_regression
[2026-04-24 04:27:45,290][dowhy.causal_estimator][INFO] - INFO: Using Linear Regression Estimator
[2026-04-24 04:27:45,290][dowhy.causal_estimator][WARNING] - No directed path from ['X5'] to ['X3'].
[2026-04-24 04:27:45,291][dowhy.causal_model][INFO] - Model to find the causal effect of treatment ['X5'] on outcome ['X4']
[2026-04-24 04:27:45,291][dowhy.causal_identifier.auto_identifier][WARNING] - No directed path from treatment to outcome. Causal Effect is zero.
[2026-04-24 04:27:45,291][dowhy.causal_model][INFO] - linear_regression
[2026-04-24 04:27:45,291][dowhy.causal_estimator][INFO] - INFO: Using Linear Regression Estimator
[2026-04-24 04:27:45,292][dowhy.causal_estimator][WARNING] - No directed path from ['X5'] to ['X4'].
[2026-04-24 04:27:45,293][dowhy.causal_model][INFO] - Model to find the causal effect of treatment ['X5'] on outcome ['X6']
[2026-04-24 04:27:45,293][dowhy.causal_identifier.auto_identifier][WARNING] - No directed path from treatment to outcome. Causal Effect is zero.
[2026-04-24 04:27:45,293][dowhy.causal_model][INFO] - linear_regression
[2026-04-24 04:27:45,293][dowhy.causal_estimator][INFO] - INFO: Using Linear Regression Estimator
[2026-04-24 04:27:45,293][dowhy.causal_estimator][WARNING] - No directed path from ['X5'] to ['X6'].
[2026-04-24 04:27:45,295][dowhy.causal_model][INFO] - Model to find the causal effect of treatment ['X5'] on outcome ['X7']
[2026-04-24 04:27:45,295][dowhy.causal_identifier.auto_identifier][WARNING] - No directed path from treatment to outcome. Causal Effect is zero.
[2026-04-24 04:27:45,295][dowhy.causal_model][INFO] - linear_regression
[2026-04-24 04:27:45,295][dowhy.causal_estimator][INFO] - INFO: Using Linear Regression Estimator
[2026-04-24 04:27:45,295][dowhy.causal_estimator][WARNING] - No directed path from ['X5'] to ['X7'].
[2026-04-24 04:27:45,332][dowhy.causal_model][INFO] - Model to find the causal effect of treatment ['X6'] on outcome ['X0']
[2026-04-24 04:27:45,333][dowhy.causal_identifier.auto_identifier][WARNING] - No directed path from treatment to outcome. Causal Effect is zero.
[2026-04-24 04:27:45,333][dowhy.causal_model][INFO] - linear_regression
[2026-04-24 04:27:45,333][dowhy.causal_estimator][INFO] - INFO: Using Linear Regression Estimator
[2026-04-24 04:27:45,333][dowhy.causal_estimator][WARNING] - No directed path from ['X6'] to ['X0'].
[2026-04-24 04:27:45,335][dowhy.causal_model][INFO] - Model to find the causal effect of treatment ['X6'] on outcome ['X1']
[2026-04-24 04:27:45,335][dowhy.causal_identifier.auto_identifier][WARNING] - No directed path from treatment to outcome. Causal Effect is zero.
[2026-04-24 04:27:45,335][dowhy.causal_model][INFO] - linear_regression
[2026-04-24 04:27:45,335][dowhy.causal_estimator][INFO] - INFO: Using Linear Regression Estimator
[2026-04-24 04:27:45,335][dowhy.causal_estimator][WARNING] - No directed path from ['X6'] to ['X1'].
[2026-04-24 04:27:45,336][dowhy.causal_model][INFO] - Model to find the causal effect of treatment ['X6'] on outcome ['X2']
[2026-04-24 04:27:45,336][dowhy.causal_identifier.auto_identifier][WARNING] - No directed path from treatment to outcome. Causal Effect is zero.
[2026-04-24 04:27:45,337][dowhy.causal_model][INFO] - linear_regression
[2026-04-24 04:27:45,337][dowhy.causal_estimator][INFO] - INFO: Using Linear Regression Estimator
[2026-04-24 04:27:45,337][dowhy.causal_estimator][WARNING] - No directed path from ['X6'] to ['X2'].
[2026-04-24 04:27:45,338][dowhy.causal_model][INFO] - Model to find the causal effect of treatment ['X6'] on outcome ['X3']
[2026-04-24 04:27:45,339][dowhy.causal_identifier.auto_identifier][WARNING] - No directed path from treatment to outcome. Causal Effect is zero.
[2026-04-24 04:27:45,339][dowhy.causal_model][INFO] - linear_regression
[2026-04-24 04:27:45,339][dowhy.causal_estimator][INFO] - INFO: Using Linear Regression Estimator
[2026-04-24 04:27:45,339][dowhy.causal_estimator][WARNING] - No directed path from ['X6'] to ['X3'].
[2026-04-24 04:27:45,341][dowhy.causal_model][INFO] - Model to find the causal effect of treatment ['X6'] on outcome ['X4']
[2026-04-24 04:27:45,341][dowhy.causal_identifier.auto_identifier][WARNING] - No directed path from treatment to outcome. Causal Effect is zero.
[2026-04-24 04:27:45,341][dowhy.causal_model][INFO] - linear_regression
[2026-04-24 04:27:45,341][dowhy.causal_estimator][INFO] - INFO: Using Linear Regression Estimator
[2026-04-24 04:27:45,341][dowhy.causal_estimator][WARNING] - No directed path from ['X6'] to ['X4'].
[2026-04-24 04:27:45,343][dowhy.causal_model][INFO] - Model to find the causal effect of treatment ['X6'] on outcome ['X5']
[2026-04-24 04:27:45,343][dowhy.causal_identifier.auto_identifier][WARNING] - No directed path from treatment to outcome. Causal Effect is zero.
[2026-04-24 04:27:45,343][dowhy.causal_model][INFO] - linear_regression
[2026-04-24 04:27:45,343][dowhy.causal_estimator][INFO] - INFO: Using Linear Regression Estimator
[2026-04-24 04:27:45,343][dowhy.causal_estimator][WARNING] - No directed path from ['X6'] to ['X5'].
[2026-04-24 04:27:45,345][dowhy.causal_model][INFO] - Model to find the causal effect of treatment ['X6'] on outcome ['X7']
[2026-04-24 04:27:45,345][dowhy.causal_identifier.auto_identifier][WARNING] - No directed path from treatment to outcome. Causal Effect is zero.
[2026-04-24 04:27:45,345][dowhy.causal_model][INFO] - linear_regression
[2026-04-24 04:27:45,345][dowhy.causal_estimator][INFO] - INFO: Using Linear Regression Estimator
[2026-04-24 04:27:45,345][dowhy.causal_estimator][WARNING] - No directed path from ['X6'] to ['X7'].
[2026-04-24 04:27:45,384][dowhy.causal_model][INFO] - Model to find the causal effect of treatment ['X7'] on outcome ['X0']
[2026-04-24 04:27:45,384][dowhy.causal_identifier.auto_identifier][WARNING] - No directed path from treatment to outcome. Causal Effect is zero.
[2026-04-24 04:27:45,384][dowhy.causal_model][INFO] - linear_regression
[2026-04-24 04:27:45,384][dowhy.causal_estimator][INFO] - INFO: Using Linear Regression Estimator
[2026-04-24 04:27:45,384][dowhy.causal_estimator][WARNING] - No directed path from ['X7'] to ['X0'].
[2026-04-24 04:27:45,386][dowhy.causal_model][INFO] - Model to find the causal effect of treatment ['X7'] on outcome ['X1']
[2026-04-24 04:27:45,386][dowhy.causal_identifier.auto_identifier][WARNING] - No directed path from treatment to outcome. Causal Effect is zero.
[2026-04-24 04:27:45,386][dowhy.causal_model][INFO] - linear_regression
[2026-04-24 04:27:45,386][dowhy.causal_estimator][INFO] - INFO: Using Linear Regression Estimator
[2026-04-24 04:27:45,386][dowhy.causal_estimator][WARNING] - No directed path from ['X7'] to ['X1'].
[2026-04-24 04:27:45,388][dowhy.causal_model][INFO] - Model to find the causal effect of treatment ['X7'] on outcome ['X2']
[2026-04-24 04:27:45,388][dowhy.causal_identifier.auto_identifier][WARNING] - No directed path from treatment to outcome. Causal Effect is zero.
[2026-04-24 04:27:45,388][dowhy.causal_model][INFO] - linear_regression
[2026-04-24 04:27:45,388][dowhy.causal_estimator][INFO] - INFO: Using Linear Regression Estimator
[2026-04-24 04:27:45,388][dowhy.causal_estimator][WARNING] - No directed path from ['X7'] to ['X2'].
[2026-04-24 04:27:45,390][dowhy.causal_model][INFO] - Model to find the causal effect of treatment ['X7'] on outcome ['X3']
[2026-04-24 04:27:45,390][dowhy.causal_identifier.auto_identifier][WARNING] - No directed path from treatment to outcome. Causal Effect is zero.
[2026-04-24 04:27:45,390][dowhy.causal_model][INFO] - linear_regression
[2026-04-24 04:27:45,390][dowhy.causal_estimator][INFO] - INFO: Using Linear Regression Estimator
[2026-04-24 04:27:45,390][dowhy.causal_estimator][WARNING] - No directed path from ['X7'] to ['X3'].
[2026-04-24 04:27:45,392][dowhy.causal_model][INFO] - Model to find the causal effect of treatment ['X7'] on outcome ['X4']
[2026-04-24 04:27:45,392][dowhy.causal_identifier.auto_identifier][WARNING] - No directed path from treatment to outcome. Causal Effect is zero.
[2026-04-24 04:27:45,392][dowhy.causal_model][INFO] - linear_regression
[2026-04-24 04:27:45,392][dowhy.causal_estimator][INFO] - INFO: Using Linear Regression Estimator
[2026-04-24 04:27:45,392][dowhy.causal_estimator][WARNING] - No directed path from ['X7'] to ['X4'].
[2026-04-24 04:27:45,394][dowhy.causal_model][INFO] - Model to find the causal effect of treatment ['X7'] on outcome ['X5']
[2026-04-24 04:27:45,394][dowhy.causal_identifier.auto_identifier][WARNING] - No directed path from treatment to outcome. Causal Effect is zero.
[2026-04-24 04:27:45,394][dowhy.causal_model][INFO] - linear_regression
[2026-04-24 04:27:45,394][dowhy.causal_estimator][INFO] - INFO: Using Linear Regression Estimator
[2026-04-24 04:27:45,394][dowhy.causal_estimator][WARNING] - No directed path from ['X7'] to ['X5'].
[2026-04-24 04:27:45,395][dowhy.causal_model][INFO] - Model to find the causal effect of treatment ['X7'] on outcome ['X6']
[2026-04-24 04:27:45,395][dowhy.causal_identifier.auto_identifier][WARNING] - No directed path from treatment to outcome. Causal Effect is zero.
[2026-04-24 04:27:45,395][dowhy.causal_model][INFO] - linear_regression
[2026-04-24 04:27:45,395][dowhy.causal_estimator][INFO] - INFO: Using Linear Regression Estimator
[2026-04-24 04:27:45,395][dowhy.causal_estimator][WARNING] - No directed path from ['X7'] to ['X6'].
[2026-04-24 04:27:45,446][dowhy.causal_model][INFO] - Model to find the causal effect of treatment ['X0'] on outcome ['X1']
[2026-04-24 04:27:45,446][dowhy.causal_identifier.auto_identifier][WARNING] - No directed path from treatment to outcome. Causal Effect is zero.
[2026-04-24 04:27:45,446][dowhy.causal_model][INFO] - linear_regression
[2026-04-24 04:27:45,446][dowhy.causal_estimator][INFO] - INFO: Using Linear Regression Estimator
[2026-04-24 04:27:45,446][dowhy.causal_estimator][WARNING] - No directed path from ['X0'] to ['X1'].
[2026-04-24 04:27:45,448][dowhy.causal_model][INFO] - Model to find the causal effect of treatment ['X0'] on outcome ['X2']
[2026-04-24 04:27:45,448][dowhy.causal_identifier.auto_identifier][WARNING] - No directed path from treatment to outcome. Causal Effect is zero.
[2026-04-24 04:27:45,448][dowhy.causal_model][INFO] - linear_regression
[2026-04-24 04:27:45,448][dowhy.causal_estimator][INFO] - INFO: Using Linear Regression Estimator
[2026-04-24 04:27:45,448][dowhy.causal_estimator][WARNING] - No directed path from ['X0'] to ['X2'].
[2026-04-24 04:27:45,449][dowhy.causal_model][INFO] - Model to find the causal effect of treatment ['X0'] on outcome ['X3']
[2026-04-24 04:27:45,450][dowhy.causal_identifier.auto_identifier][INFO] - Causal effect can be identified.
[2026-04-24 04:27:45,450][dowhy.causal_identifier.auto_identifier][INFO] - Instrumental variables for treatment and outcome:[]
[2026-04-24 04:27:45,451][dowhy.causal_identifier.auto_identifier][INFO] - Frontdoor variables for treatment and outcome:[]
[2026-04-24 04:27:45,451][dowhy.causal_model][INFO] - linear_regression
[2026-04-24 04:27:45,451][dowhy.causal_estimator][INFO] - INFO: Using Linear Regression Estimator
[2026-04-24 04:27:45,451][dowhy.causal_estimator][INFO] - b: X3~X0+X0*X1
[2026-04-24 04:27:45,459][dowhy.causal_model][INFO] - Model to find the causal effect of treatment ['X0'] on outcome ['X4']
[2026-04-24 04:27:45,459][dowhy.causal_identifier.auto_identifier][INFO] - Causal effect can be identified.
[2026-04-24 04:27:45,460][dowhy.causal_identifier.auto_identifier][INFO] - Instrumental variables for treatment and outcome:[]
[2026-04-24 04:27:45,460][dowhy.causal_identifier.auto_identifier][INFO] - Frontdoor variables for treatment and outcome:[]
[2026-04-24 04:27:45,460][dowhy.causal_model][INFO] - linear_regression
[2026-04-24 04:27:45,460][dowhy.causal_estimator][INFO] - INFO: Using Linear Regression Estimator
[2026-04-24 04:27:45,460][dowhy.causal_estimator][INFO] - b: X4~X0+X0*X1
[2026-04-24 04:27:45,468][dowhy.causal_model][INFO] - Model to find the causal effect of treatment ['X0'] on outcome ['X5']
[2026-04-24 04:27:45,468][dowhy.causal_identifier.auto_identifier][INFO] - Causal effect can be identified.
[2026-04-24 04:27:45,469][dowhy.causal_identifier.auto_identifier][INFO] - Instrumental variables for treatment and outcome:[]
[2026-04-24 04:27:45,470][dowhy.causal_identifier.auto_identifier][INFO] - Frontdoor variables for treatment and outcome:[]
[2026-04-24 04:27:45,470][dowhy.causal_model][INFO] - linear_regression
[2026-04-24 04:27:45,470][dowhy.causal_estimator][INFO] - INFO: Using Linear Regression Estimator
[2026-04-24 04:27:45,470][dowhy.causal_estimator][INFO] - b: X5~X0+X0*X1
[2026-04-24 04:27:45,478][dowhy.causal_model][INFO] - Model to find the causal effect of treatment ['X0'] on outcome ['X6']
[2026-04-24 04:27:45,478][dowhy.causal_identifier.auto_identifier][INFO] - Causal effect can be identified.
[2026-04-24 04:27:45,479][dowhy.causal_identifier.auto_identifier][INFO] - Instrumental variables for treatment and outcome:[]
[2026-04-24 04:27:45,480][dowhy.causal_identifier.auto_identifier][INFO] - Frontdoor variables for treatment and outcome:[]
[2026-04-24 04:27:45,480][dowhy.causal_model][INFO] - linear_regression
[2026-04-24 04:27:45,480][dowhy.causal_estimator][INFO] - INFO: Using Linear Regression Estimator
[2026-04-24 04:27:45,480][dowhy.causal_estimator][INFO] - b: X6~X0+X0*X1
[2026-04-24 04:27:45,487][dowhy.causal_model][INFO] - Model to find the causal effect of treatment ['X0'] on outcome ['X7']
[2026-04-24 04:27:45,488][dowhy.causal_identifier.auto_identifier][INFO] - Causal effect can be identified.
[2026-04-24 04:27:45,489][dowhy.causal_identifier.auto_identifier][INFO] - Instrumental variables for treatment and outcome:[]
[2026-04-24 04:27:45,490][dowhy.causal_identifier.auto_identifier][INFO] - Frontdoor variables for treatment and outcome:['X4', 'X3', 'X5', 'X6']
[2026-04-24 04:27:45,491][dowhy.causal_identifier.auto_identifier][INFO] - Causal effect can be identified.
[2026-04-24 04:27:45,492][dowhy.causal_identifier.auto_identifier][INFO] - Causal effect can be identified.
[2026-04-24 04:27:45,492][dowhy.causal_model][INFO] - linear_regression
[2026-04-24 04:27:45,492][dowhy.causal_estimator][INFO] - INFO: Using Linear Regression Estimator
[2026-04-24 04:27:45,493][dowhy.causal_estimator][INFO] - b: X7~X0+X0*X2+X0*X1
[2026-04-24 04:27:45,536][dowhy.causal_model][INFO] - Model to find the causal effect of treatment ['X1'] on outcome ['X0']
[2026-04-24 04:27:45,536][dowhy.causal_identifier.auto_identifier][WARNING] - No directed path from treatment to outcome. Causal Effect is zero.
[2026-04-24 04:27:45,536][dowhy.causal_model][INFO] - linear_regression
[2026-04-24 04:27:45,536][dowhy.causal_estimator][INFO] - INFO: Using Linear Regression Estimator
[2026-04-24 04:27:45,536][dowhy.causal_estimator][WARNING] - No directed path from ['X1'] to ['X0'].
[2026-04-24 04:27:45,538][dowhy.causal_model][INFO] - Model to find the causal effect of treatment ['X1'] on outcome ['X2']
[2026-04-24 04:27:45,538][dowhy.causal_identifier.auto_identifier][WARNING] - No directed path from treatment to outcome. Causal Effect is zero.
[2026-04-24 04:27:45,538][dowhy.causal_model][INFO] - linear_regression
[2026-04-24 04:27:45,538][dowhy.causal_estimator][INFO] - INFO: Using Linear Regression Estimator
[2026-04-24 04:27:45,538][dowhy.causal_estimator][WARNING] - No directed path from ['X1'] to ['X2'].
[2026-04-24 04:27:45,540][dowhy.causal_model][INFO] - Model to find the causal effect of treatment ['X1'] on outcome ['X3']
[2026-04-24 04:27:45,540][dowhy.causal_identifier.auto_identifier][INFO] - Causal effect can be identified.
[2026-04-24 04:27:45,541][dowhy.causal_identifier.auto_identifier][INFO] - Instrumental variables for treatment and outcome:[]
[2026-04-24 04:27:45,541][dowhy.causal_identifier.auto_identifier][INFO] - Frontdoor variables for treatment and outcome:[]
[2026-04-24 04:27:45,541][dowhy.causal_model][INFO] - linear_regression
[2026-04-24 04:27:45,541][dowhy.causal_estimator][INFO] - INFO: Using Linear Regression Estimator
[2026-04-24 04:27:45,541][dowhy.causal_estimator][INFO] - b: X3~X1+X1*X0
[2026-04-24 04:27:45,550][dowhy.causal_model][INFO] - Model to find the causal effect of treatment ['X1'] on outcome ['X4']
[2026-04-24 04:27:45,551][dowhy.causal_identifier.auto_identifier][INFO] - Causal effect can be identified.
[2026-04-24 04:27:45,551][dowhy.causal_identifier.auto_identifier][INFO] - Instrumental variables for treatment and outcome:[]
[2026-04-24 04:27:45,551][dowhy.causal_identifier.auto_identifier][INFO] - Frontdoor variables for treatment and outcome:[]
[2026-04-24 04:27:45,551][dowhy.causal_model][INFO] - linear_regression
[2026-04-24 04:27:45,551][dowhy.causal_estimator][INFO] - INFO: Using Linear Regression Estimator
[2026-04-24 04:27:45,552][dowhy.causal_estimator][INFO] - b: X4~X1+X1*X0
[2026-04-24 04:27:45,560][dowhy.causal_model][INFO] - Model to find the causal effect of treatment ['X1'] on outcome ['X5']
[2026-04-24 04:27:45,561][dowhy.causal_identifier.auto_identifier][INFO] - Causal effect can be identified.
[2026-04-24 04:27:45,561][dowhy.causal_identifier.auto_identifier][INFO] - Instrumental variables for treatment and outcome:[]
[2026-04-24 04:27:45,562][dowhy.causal_identifier.auto_identifier][INFO] - Frontdoor variables for treatment and outcome:[]
[2026-04-24 04:27:45,562][dowhy.causal_model][INFO] - linear_regression
[2026-04-24 04:27:45,563][dowhy.causal_estimator][INFO] - INFO: Using Linear Regression Estimator
[2026-04-24 04:27:45,563][dowhy.causal_estimator][INFO] - b: X5~X1+X1*X0
[2026-04-24 04:27:45,571][dowhy.causal_model][INFO] - Model to find the causal effect of treatment ['X1'] on outcome ['X6']
[2026-04-24 04:27:45,572][dowhy.causal_identifier.auto_identifier][INFO] - Causal effect can be identified.
[2026-04-24 04:27:45,572][dowhy.causal_identifier.auto_identifier][INFO] - Instrumental variables for treatment and outcome:[]
[2026-04-24 04:27:45,573][dowhy.causal_identifier.auto_identifier][INFO] - Frontdoor variables for treatment and outcome:[]
[2026-04-24 04:27:45,573][dowhy.causal_model][INFO] - linear_regression
[2026-04-24 04:27:45,574][dowhy.causal_estimator][INFO] - INFO: Using Linear Regression Estimator
[2026-04-24 04:27:45,574][dowhy.causal_estimator][INFO] - b: X6~X1+X1*X0
[2026-04-24 04:27:45,582][dowhy.causal_model][INFO] - Model to find the causal effect of treatment ['X1'] on outcome ['X7']
[2026-04-24 04:27:45,583][dowhy.causal_identifier.auto_identifier][INFO] - Causal effect can be identified.
[2026-04-24 04:27:45,584][dowhy.causal_identifier.auto_identifier][INFO] - Instrumental variables for treatment and outcome:[]
[2026-04-24 04:27:45,585][dowhy.causal_identifier.auto_identifier][INFO] - Frontdoor variables for treatment and outcome:['X4', 'X3', 'X5', 'X6']
[2026-04-24 04:27:45,586][dowhy.causal_identifier.auto_identifier][INFO] - Causal effect can be identified.
[2026-04-24 04:27:45,587][dowhy.causal_identifier.auto_identifier][INFO] - Causal effect can be identified.
[2026-04-24 04:27:45,588][dowhy.causal_model][INFO] - linear_regression
[2026-04-24 04:27:45,588][dowhy.causal_estimator][INFO] - INFO: Using Linear Regression Estimator
[2026-04-24 04:27:45,588][dowhy.causal_estimator][INFO] - b: X7~X1+X1*X2+X1*X0
[2026-04-24 04:27:45,633][dowhy.causal_model][INFO] - Model to find the causal effect of treatment ['X2'] on outcome ['X0']
[2026-04-24 04:27:45,633][dowhy.causal_identifier.auto_identifier][WARNING] - No directed path from treatment to outcome. Causal Effect is zero.
[2026-04-24 04:27:45,633][dowhy.causal_model][INFO] - linear_regression
[2026-04-24 04:27:45,633][dowhy.causal_estimator][INFO] - INFO: Using Linear Regression Estimator
[2026-04-24 04:27:45,633][dowhy.causal_estimator][WARNING] - No directed path from ['X2'] to ['X0'].
[2026-04-24 04:27:45,635][dowhy.causal_model][INFO] - Model to find the causal effect of treatment ['X2'] on outcome ['X1']
[2026-04-24 04:27:45,635][dowhy.causal_identifier.auto_identifier][WARNING] - No directed path from treatment to outcome. Causal Effect is zero.
[2026-04-24 04:27:45,635][dowhy.causal_model][INFO] - linear_regression
[2026-04-24 04:27:45,635][dowhy.causal_estimator][INFO] - INFO: Using Linear Regression Estimator
[2026-04-24 04:27:45,635][dowhy.causal_estimator][WARNING] - No directed path from ['X2'] to ['X1'].
[2026-04-24 04:27:45,637][dowhy.causal_model][INFO] - Model to find the causal effect of treatment ['X2'] on outcome ['X3']
[2026-04-24 04:27:45,637][dowhy.causal_identifier.auto_identifier][WARNING] - No directed path from treatment to outcome. Causal Effect is zero.
[2026-04-24 04:27:45,637][dowhy.causal_model][INFO] - linear_regression
[2026-04-24 04:27:45,637][dowhy.causal_estimator][INFO] - INFO: Using Linear Regression Estimator
[2026-04-24 04:27:45,637][dowhy.causal_estimator][WARNING] - No directed path from ['X2'] to ['X3'].
[2026-04-24 04:27:45,639][dowhy.causal_model][INFO] - Model to find the causal effect of treatment ['X2'] on outcome ['X4']
[2026-04-24 04:27:45,639][dowhy.causal_identifier.auto_identifier][WARNING] - No directed path from treatment to outcome. Causal Effect is zero.
[2026-04-24 04:27:45,639][dowhy.causal_model][INFO] - linear_regression
[2026-04-24 04:27:45,639][dowhy.causal_estimator][INFO] - INFO: Using Linear Regression Estimator
[2026-04-24 04:27:45,639][dowhy.causal_estimator][WARNING] - No directed path from ['X2'] to ['X4'].
[2026-04-24 04:27:45,641][dowhy.causal_model][INFO] - Model to find the causal effect of treatment ['X2'] on outcome ['X5']
[2026-04-24 04:27:45,641][dowhy.causal_identifier.auto_identifier][WARNING] - No directed path from treatment to outcome. Causal Effect is zero.
[2026-04-24 04:27:45,641][dowhy.causal_model][INFO] - linear_regression
[2026-04-24 04:27:45,641][dowhy.causal_estimator][INFO] - INFO: Using Linear Regression Estimator
[2026-04-24 04:27:45,641][dowhy.causal_estimator][WARNING] - No directed path from ['X2'] to ['X5'].
[2026-04-24 04:27:45,642][dowhy.causal_model][INFO] - Model to find the causal effect of treatment ['X2'] on outcome ['X6']
[2026-04-24 04:27:45,642][dowhy.causal_identifier.auto_identifier][WARNING] - No directed path from treatment to outcome. Causal Effect is zero.
[2026-04-24 04:27:45,643][dowhy.causal_model][INFO] - linear_regression
[2026-04-24 04:27:45,643][dowhy.causal_estimator][INFO] - INFO: Using Linear Regression Estimator
[2026-04-24 04:27:45,643][dowhy.causal_estimator][WARNING] - No directed path from ['X2'] to ['X6'].
[2026-04-24 04:27:45,644][dowhy.causal_model][INFO] - Model to find the causal effect of treatment ['X2'] on outcome ['X7']
[2026-04-24 04:27:45,646][dowhy.causal_identifier.auto_identifier][INFO] - Causal effect can be identified.
[2026-04-24 04:27:45,647][dowhy.causal_identifier.auto_identifier][INFO] - Instrumental variables for treatment and outcome:[]
[2026-04-24 04:27:45,647][dowhy.causal_identifier.auto_identifier][INFO] - Frontdoor variables for treatment and outcome:[]
[2026-04-24 04:27:45,647][dowhy.causal_model][INFO] - linear_regression
[2026-04-24 04:27:45,647][dowhy.causal_estimator][INFO] - INFO: Using Linear Regression Estimator
[2026-04-24 04:27:45,647][dowhy.causal_estimator][INFO] - b: X7~X2+X2*X4+X2*X3+X2*X0+X2*X1
[2026-04-24 04:27:45,686][dowhy.causal_model][INFO] - Model to find the causal effect of treatment ['X3'] on outcome ['X0']
[2026-04-24 04:27:45,686][dowhy.causal_identifier.auto_identifier][WARNING] - No directed path from treatment to outcome. Causal Effect is zero.
[2026-04-24 04:27:45,686][dowhy.causal_model][INFO] - linear_regression
[2026-04-24 04:27:45,686][dowhy.causal_estimator][INFO] - INFO: Using Linear Regression Estimator
[2026-04-24 04:27:45,686][dowhy.causal_estimator][WARNING] - No directed path from ['X3'] to ['X0'].
[2026-04-24 04:27:45,688][dowhy.causal_model][INFO] - Model to find the causal effect of treatment ['X3'] on outcome ['X1']
[2026-04-24 04:27:45,688][dowhy.causal_identifier.auto_identifier][WARNING] - No directed path from treatment to outcome. Causal Effect is zero.
[2026-04-24 04:27:45,688][dowhy.causal_model][INFO] - linear_regression
[2026-04-24 04:27:45,688][dowhy.causal_estimator][INFO] - INFO: Using Linear Regression Estimator
[2026-04-24 04:27:45,688][dowhy.causal_estimator][WARNING] - No directed path from ['X3'] to ['X1'].
[2026-04-24 04:27:45,690][dowhy.causal_model][INFO] - Model to find the causal effect of treatment ['X3'] on outcome ['X2']
[2026-04-24 04:27:45,690][dowhy.causal_identifier.auto_identifier][WARNING] - No directed path from treatment to outcome. Causal Effect is zero.
[2026-04-24 04:27:45,690][dowhy.causal_model][INFO] - linear_regression
[2026-04-24 04:27:45,690][dowhy.causal_estimator][INFO] - INFO: Using Linear Regression Estimator
[2026-04-24 04:27:45,690][dowhy.causal_estimator][WARNING] - No directed path from ['X3'] to ['X2'].
[2026-04-24 04:27:45,692][dowhy.causal_model][INFO] - Model to find the causal effect of treatment ['X3'] on outcome ['X4']
[2026-04-24 04:27:45,692][dowhy.causal_identifier.auto_identifier][INFO] - Causal effect can be identified.
[2026-04-24 04:27:45,693][dowhy.causal_identifier.auto_identifier][INFO] - Instrumental variables for treatment and outcome:['X0']
[2026-04-24 04:27:45,693][dowhy.causal_identifier.auto_identifier][INFO] - Frontdoor variables for treatment and outcome:[]
[2026-04-24 04:27:45,693][dowhy.causal_model][INFO] - linear_regression
[2026-04-24 04:27:45,693][dowhy.causal_estimator][INFO] - INFO: Using Linear Regression Estimator
[2026-04-24 04:27:45,694][dowhy.causal_estimator][INFO] - b: X4~X3+X1
[2026-04-24 04:27:45,701][dowhy.causal_model][INFO] - Model to find the causal effect of treatment ['X3'] on outcome ['X5']
[2026-04-24 04:27:45,702][dowhy.causal_identifier.auto_identifier][INFO] - Causal effect can be identified.
[2026-04-24 04:27:45,702][dowhy.causal_identifier.auto_identifier][INFO] - Instrumental variables for treatment and outcome:['X1']
[2026-04-24 04:27:45,703][dowhy.causal_identifier.auto_identifier][INFO] - Frontdoor variables for treatment and outcome:[]
[2026-04-24 04:27:45,703][dowhy.causal_model][INFO] - linear_regression
[2026-04-24 04:27:45,703][dowhy.causal_estimator][INFO] - INFO: Using Linear Regression Estimator
[2026-04-24 04:27:45,703][dowhy.causal_estimator][INFO] - b: X5~X3+X0
[2026-04-24 04:27:45,711][dowhy.causal_model][INFO] - Model to find the causal effect of treatment ['X3'] on outcome ['X6']
[2026-04-24 04:27:45,712][dowhy.causal_identifier.auto_identifier][INFO] - Causal effect can be identified.
[2026-04-24 04:27:45,712][dowhy.causal_identifier.auto_identifier][INFO] - Instrumental variables for treatment and outcome:['X0']
[2026-04-24 04:27:45,713][dowhy.causal_identifier.auto_identifier][INFO] - Frontdoor variables for treatment and outcome:[]
[2026-04-24 04:27:45,713][dowhy.causal_model][INFO] - linear_regression
[2026-04-24 04:27:45,713][dowhy.causal_estimator][INFO] - INFO: Using Linear Regression Estimator
[2026-04-24 04:27:45,713][dowhy.causal_estimator][INFO] - b: X6~X3+X1
[2026-04-24 04:27:45,721][dowhy.causal_model][INFO] - Model to find the causal effect of treatment ['X3'] on outcome ['X7']
[2026-04-24 04:27:45,722][dowhy.causal_identifier.auto_identifier][INFO] - Causal effect can be identified.
[2026-04-24 04:27:45,722][dowhy.causal_identifier.auto_identifier][INFO] - Instrumental variables for treatment and outcome:['X0']
[2026-04-24 04:27:45,723][dowhy.causal_identifier.auto_identifier][INFO] - Frontdoor variables for treatment and outcome:[]
[2026-04-24 04:27:45,723][dowhy.causal_model][INFO] - linear_regression
[2026-04-24 04:27:45,723][dowhy.causal_estimator][INFO] - INFO: Using Linear Regression Estimator
[2026-04-24 04:27:45,723][dowhy.causal_estimator][INFO] - b: X7~X3+X1+X3*X2
[2026-04-24 04:27:45,770][dowhy.causal_model][INFO] - Model to find the causal effect of treatment ['X4'] on outcome ['X0']
[2026-04-24 04:27:45,770][dowhy.causal_identifier.auto_identifier][WARNING] - No directed path from treatment to outcome. Causal Effect is zero.
[2026-04-24 04:27:45,770][dowhy.causal_model][INFO] - linear_regression
[2026-04-24 04:27:45,771][dowhy.causal_estimator][INFO] - INFO: Using Linear Regression Estimator
[2026-04-24 04:27:45,771][dowhy.causal_estimator][WARNING] - No directed path from ['X4'] to ['X0'].
[2026-04-24 04:27:45,773][dowhy.causal_model][INFO] - Model to find the causal effect of treatment ['X4'] on outcome ['X1']
[2026-04-24 04:27:45,773][dowhy.causal_identifier.auto_identifier][WARNING] - No directed path from treatment to outcome. Causal Effect is zero.
[2026-04-24 04:27:45,773][dowhy.causal_model][INFO] - linear_regression
[2026-04-24 04:27:45,773][dowhy.causal_estimator][INFO] - INFO: Using Linear Regression Estimator
[2026-04-24 04:27:45,773][dowhy.causal_estimator][WARNING] - No directed path from ['X4'] to ['X1'].
[2026-04-24 04:27:45,774][dowhy.causal_model][INFO] - Model to find the causal effect of treatment ['X4'] on outcome ['X2']
[2026-04-24 04:27:45,774][dowhy.causal_identifier.auto_identifier][WARNING] - No directed path from treatment to outcome. Causal Effect is zero.
[2026-04-24 04:27:45,775][dowhy.causal_model][INFO] - linear_regression
[2026-04-24 04:27:45,775][dowhy.causal_estimator][INFO] - INFO: Using Linear Regression Estimator
[2026-04-24 04:27:45,775][dowhy.causal_estimator][WARNING] - No directed path from ['X4'] to ['X2'].
[2026-04-24 04:27:45,776][dowhy.causal_model][INFO] - Model to find the causal effect of treatment ['X4'] on outcome ['X3']
[2026-04-24 04:27:45,777][dowhy.causal_identifier.auto_identifier][WARNING] - No directed path from treatment to outcome. Causal Effect is zero.
[2026-04-24 04:27:45,777][dowhy.causal_model][INFO] - linear_regression
[2026-04-24 04:27:45,777][dowhy.causal_estimator][INFO] - INFO: Using Linear Regression Estimator
[2026-04-24 04:27:45,777][dowhy.causal_estimator][WARNING] - No directed path from ['X4'] to ['X3'].
[2026-04-24 04:27:45,778][dowhy.causal_model][INFO] - Model to find the causal effect of treatment ['X4'] on outcome ['X5']
[2026-04-24 04:27:45,778][dowhy.causal_identifier.auto_identifier][WARNING] - No directed path from treatment to outcome. Causal Effect is zero.
[2026-04-24 04:27:45,778][dowhy.causal_model][INFO] - linear_regression
[2026-04-24 04:27:45,778][dowhy.causal_estimator][INFO] - INFO: Using Linear Regression Estimator
[2026-04-24 04:27:45,778][dowhy.causal_estimator][WARNING] - No directed path from ['X4'] to ['X5'].
[2026-04-24 04:27:45,780][dowhy.causal_model][INFO] - Model to find the causal effect of treatment ['X4'] on outcome ['X6']
[2026-04-24 04:27:45,782][dowhy.causal_identifier.auto_identifier][INFO] - Causal effect can be identified.
[2026-04-24 04:27:45,782][dowhy.causal_identifier.auto_identifier][INFO] - Instrumental variables for treatment and outcome:[]
[2026-04-24 04:27:45,782][dowhy.causal_identifier.auto_identifier][INFO] - Frontdoor variables for treatment and outcome:[]
[2026-04-24 04:27:45,782][dowhy.causal_model][INFO] - linear_regression
[2026-04-24 04:27:45,782][dowhy.causal_estimator][INFO] - INFO: Using Linear Regression Estimator
[2026-04-24 04:27:45,783][dowhy.causal_estimator][INFO] - b: X6~X4+X1
[2026-04-24 04:27:45,791][dowhy.causal_model][INFO] - Model to find the causal effect of treatment ['X4'] on outcome ['X7']
[2026-04-24 04:27:45,793][dowhy.causal_identifier.auto_identifier][INFO] - Causal effect can be identified.
[2026-04-24 04:27:45,793][dowhy.causal_identifier.auto_identifier][INFO] - Instrumental variables for treatment and outcome:['X3', 'X1']
[2026-04-24 04:27:45,794][dowhy.causal_identifier.auto_identifier][INFO] - Frontdoor variables for treatment and outcome:[]
[2026-04-24 04:27:45,794][dowhy.causal_model][INFO] - linear_regression
[2026-04-24 04:27:45,794][dowhy.causal_estimator][INFO] - INFO: Using Linear Regression Estimator
[2026-04-24 04:27:45,794][dowhy.causal_estimator][INFO] - b: X7~X4+X4*X2
[2026-04-24 04:27:45,841][dowhy.causal_model][INFO] - Model to find the causal effect of treatment ['X5'] on outcome ['X0']
[2026-04-24 04:27:45,841][dowhy.causal_identifier.auto_identifier][WARNING] - No directed path from treatment to outcome. Causal Effect is zero.
[2026-04-24 04:27:45,841][dowhy.causal_model][INFO] - linear_regression
[2026-04-24 04:27:45,841][dowhy.causal_estimator][INFO] - INFO: Using Linear Regression Estimator
[2026-04-24 04:27:45,841][dowhy.causal_estimator][WARNING] - No directed path from ['X5'] to ['X0'].
[2026-04-24 04:27:45,843][dowhy.causal_model][INFO] - Model to find the causal effect of treatment ['X5'] on outcome ['X1']
[2026-04-24 04:27:45,843][dowhy.causal_identifier.auto_identifier][WARNING] - No directed path from treatment to outcome. Causal Effect is zero.
[2026-04-24 04:27:45,843][dowhy.causal_model][INFO] - linear_regression
[2026-04-24 04:27:45,843][dowhy.causal_estimator][INFO] - INFO: Using Linear Regression Estimator
[2026-04-24 04:27:45,843][dowhy.causal_estimator][WARNING] - No directed path from ['X5'] to ['X1'].
[2026-04-24 04:27:45,845][dowhy.causal_model][INFO] - Model to find the causal effect of treatment ['X5'] on outcome ['X2']
[2026-04-24 04:27:45,845][dowhy.causal_identifier.auto_identifier][WARNING] - No directed path from treatment to outcome. Causal Effect is zero.
[2026-04-24 04:27:45,845][dowhy.causal_model][INFO] - linear_regression
[2026-04-24 04:27:45,845][dowhy.causal_estimator][INFO] - INFO: Using Linear Regression Estimator
[2026-04-24 04:27:45,845][dowhy.causal_estimator][WARNING] - No directed path from ['X5'] to ['X2'].
[2026-04-24 04:27:45,847][dowhy.causal_model][INFO] - Model to find the causal effect of treatment ['X5'] on outcome ['X3']
[2026-04-24 04:27:45,847][dowhy.causal_identifier.auto_identifier][WARNING] - No directed path from treatment to outcome. Causal Effect is zero.
[2026-04-24 04:27:45,847][dowhy.causal_model][INFO] - linear_regression
[2026-04-24 04:27:45,847][dowhy.causal_estimator][INFO] - INFO: Using Linear Regression Estimator
[2026-04-24 04:27:45,847][dowhy.causal_estimator][WARNING] - No directed path from ['X5'] to ['X3'].
[2026-04-24 04:27:45,849][dowhy.causal_model][INFO] - Model to find the causal effect of treatment ['X5'] on outcome ['X4']
[2026-04-24 04:27:45,849][dowhy.causal_identifier.auto_identifier][WARNING] - No directed path from treatment to outcome. Causal Effect is zero.
[2026-04-24 04:27:45,849][dowhy.causal_model][INFO] - linear_regression
[2026-04-24 04:27:45,849][dowhy.causal_estimator][INFO] - INFO: Using Linear Regression Estimator
[2026-04-24 04:27:45,849][dowhy.causal_estimator][WARNING] - No directed path from ['X5'] to ['X4'].
[2026-04-24 04:27:45,851][dowhy.causal_model][INFO] - Model to find the causal effect of treatment ['X5'] on outcome ['X6']
[2026-04-24 04:27:45,851][dowhy.causal_identifier.auto_identifier][WARNING] - No directed path from treatment to outcome. Causal Effect is zero.
[2026-04-24 04:27:45,851][dowhy.causal_model][INFO] - linear_regression
[2026-04-24 04:27:45,851][dowhy.causal_estimator][INFO] - INFO: Using Linear Regression Estimator
[2026-04-24 04:27:45,851][dowhy.causal_estimator][WARNING] - No directed path from ['X5'] to ['X6'].
[2026-04-24 04:27:45,852][dowhy.causal_model][INFO] - Model to find the causal effect of treatment ['X5'] on outcome ['X7']
[2026-04-24 04:27:45,852][dowhy.causal_identifier.auto_identifier][WARNING] - No directed path from treatment to outcome. Causal Effect is zero.
[2026-04-24 04:27:45,853][dowhy.causal_model][INFO] - linear_regression
[2026-04-24 04:27:45,853][dowhy.causal_estimator][INFO] - INFO: Using Linear Regression Estimator
[2026-04-24 04:27:45,853][dowhy.causal_estimator][WARNING] - No directed path from ['X5'] to ['X7'].
[2026-04-24 04:27:45,888][dowhy.causal_model][INFO] - Model to find the causal effect of treatment ['X6'] on outcome ['X0']
[2026-04-24 04:27:45,888][dowhy.causal_identifier.auto_identifier][WARNING] - No directed path from treatment to outcome. Causal Effect is zero.
[2026-04-24 04:27:45,888][dowhy.causal_model][INFO] - linear_regression
[2026-04-24 04:27:45,888][dowhy.causal_estimator][INFO] - INFO: Using Linear Regression Estimator
[2026-04-24 04:27:45,888][dowhy.causal_estimator][WARNING] - No directed path from ['X6'] to ['X0'].
[2026-04-24 04:27:45,890][dowhy.causal_model][INFO] - Model to find the causal effect of treatment ['X6'] on outcome ['X1']
[2026-04-24 04:27:45,890][dowhy.causal_identifier.auto_identifier][WARNING] - No directed path from treatment to outcome. Causal Effect is zero.
[2026-04-24 04:27:45,890][dowhy.causal_model][INFO] - linear_regression
[2026-04-24 04:27:45,890][dowhy.causal_estimator][INFO] - INFO: Using Linear Regression Estimator
[2026-04-24 04:27:45,890][dowhy.causal_estimator][WARNING] - No directed path from ['X6'] to ['X1'].
[2026-04-24 04:27:45,891][dowhy.causal_model][INFO] - Model to find the causal effect of treatment ['X6'] on outcome ['X2']
[2026-04-24 04:27:45,891][dowhy.causal_identifier.auto_identifier][WARNING] - No directed path from treatment to outcome. Causal Effect is zero.
[2026-04-24 04:27:45,891][dowhy.causal_model][INFO] - linear_regression
[2026-04-24 04:27:45,891][dowhy.causal_estimator][INFO] - INFO: Using Linear Regression Estimator
[2026-04-24 04:27:45,891][dowhy.causal_estimator][WARNING] - No directed path from ['X6'] to ['X2'].
[2026-04-24 04:27:45,893][dowhy.causal_model][INFO] - Model to find the causal effect of treatment ['X6'] on outcome ['X3']
[2026-04-24 04:27:45,893][dowhy.causal_identifier.auto_identifier][WARNING] - No directed path from treatment to outcome. Causal Effect is zero.
[2026-04-24 04:27:45,893][dowhy.causal_model][INFO] - linear_regression
[2026-04-24 04:27:45,893][dowhy.causal_estimator][INFO] - INFO: Using Linear Regression Estimator
[2026-04-24 04:27:45,893][dowhy.causal_estimator][WARNING] - No directed path from ['X6'] to ['X3'].
[2026-04-24 04:27:45,895][dowhy.causal_model][INFO] - Model to find the causal effect of treatment ['X6'] on outcome ['X4']
[2026-04-24 04:27:45,895][dowhy.causal_identifier.auto_identifier][WARNING] - No directed path from treatment to outcome. Causal Effect is zero.
[2026-04-24 04:27:45,895][dowhy.causal_model][INFO] - linear_regression
[2026-04-24 04:27:45,895][dowhy.causal_estimator][INFO] - INFO: Using Linear Regression Estimator
[2026-04-24 04:27:45,895][dowhy.causal_estimator][WARNING] - No directed path from ['X6'] to ['X4'].
[2026-04-24 04:27:45,896][dowhy.causal_model][INFO] - Model to find the causal effect of treatment ['X6'] on outcome ['X5']
[2026-04-24 04:27:45,896][dowhy.causal_identifier.auto_identifier][WARNING] - No directed path from treatment to outcome. Causal Effect is zero.
[2026-04-24 04:27:45,897][dowhy.causal_model][INFO] - linear_regression
[2026-04-24 04:27:45,897][dowhy.causal_estimator][INFO] - INFO: Using Linear Regression Estimator
[2026-04-24 04:27:45,897][dowhy.causal_estimator][WARNING] - No directed path from ['X6'] to ['X5'].
[2026-04-24 04:27:45,898][dowhy.causal_model][INFO] - Model to find the causal effect of treatment ['X6'] on outcome ['X7']
[2026-04-24 04:27:45,898][dowhy.causal_identifier.auto_identifier][WARNING] - No directed path from treatment to outcome. Causal Effect is zero.
[2026-04-24 04:27:45,898][dowhy.causal_model][INFO] - linear_regression
[2026-04-24 04:27:45,898][dowhy.causal_estimator][INFO] - INFO: Using Linear Regression Estimator
[2026-04-24 04:27:45,898][dowhy.causal_estimator][WARNING] - No directed path from ['X6'] to ['X7'].
[2026-04-24 04:27:45,930][dowhy.causal_model][INFO] - Model to find the causal effect of treatment ['X7'] on outcome ['X0']
[2026-04-24 04:27:45,931][dowhy.causal_identifier.auto_identifier][WARNING] - No directed path from treatment to outcome. Causal Effect is zero.
[2026-04-24 04:27:45,931][dowhy.causal_model][INFO] - linear_regression
[2026-04-24 04:27:45,931][dowhy.causal_estimator][INFO] - INFO: Using Linear Regression Estimator
[2026-04-24 04:27:45,931][dowhy.causal_estimator][WARNING] - No directed path from ['X7'] to ['X0'].
[2026-04-24 04:27:45,932][dowhy.causal_model][INFO] - Model to find the causal effect of treatment ['X7'] on outcome ['X1']
[2026-04-24 04:27:45,932][dowhy.causal_identifier.auto_identifier][WARNING] - No directed path from treatment to outcome. Causal Effect is zero.
[2026-04-24 04:27:45,932][dowhy.causal_model][INFO] - linear_regression
[2026-04-24 04:27:45,932][dowhy.causal_estimator][INFO] - INFO: Using Linear Regression Estimator
[2026-04-24 04:27:45,932][dowhy.causal_estimator][WARNING] - No directed path from ['X7'] to ['X1'].
[2026-04-24 04:27:45,934][dowhy.causal_model][INFO] - Model to find the causal effect of treatment ['X7'] on outcome ['X2']
[2026-04-24 04:27:45,934][dowhy.causal_identifier.auto_identifier][WARNING] - No directed path from treatment to outcome. Causal Effect is zero.
[2026-04-24 04:27:45,934][dowhy.causal_model][INFO] - linear_regression
[2026-04-24 04:27:45,934][dowhy.causal_estimator][INFO] - INFO: Using Linear Regression Estimator
[2026-04-24 04:27:45,934][dowhy.causal_estimator][WARNING] - No directed path from ['X7'] to ['X2'].
[2026-04-24 04:27:45,936][dowhy.causal_model][INFO] - Model to find the causal effect of treatment ['X7'] on outcome ['X3']
[2026-04-24 04:27:45,936][dowhy.causal_identifier.auto_identifier][WARNING] - No directed path from treatment to outcome. Causal Effect is zero.
[2026-04-24 04:27:45,936][dowhy.causal_model][INFO] - linear_regression
[2026-04-24 04:27:45,936][dowhy.causal_estimator][INFO] - INFO: Using Linear Regression Estimator
[2026-04-24 04:27:45,936][dowhy.causal_estimator][WARNING] - No directed path from ['X7'] to ['X3'].
[2026-04-24 04:27:45,938][dowhy.causal_model][INFO] - Model to find the causal effect of treatment ['X7'] on outcome ['X4']
[2026-04-24 04:27:45,938][dowhy.causal_identifier.auto_identifier][WARNING] - No directed path from treatment to outcome. Causal Effect is zero.
[2026-04-24 04:27:45,938][dowhy.causal_model][INFO] - linear_regression
[2026-04-24 04:27:45,938][dowhy.causal_estimator][INFO] - INFO: Using Linear Regression Estimator
[2026-04-24 04:27:45,938][dowhy.causal_estimator][WARNING] - No directed path from ['X7'] to ['X4'].
[2026-04-24 04:27:45,940][dowhy.causal_model][INFO] - Model to find the causal effect of treatment ['X7'] on outcome ['X5']
[2026-04-24 04:27:45,940][dowhy.causal_identifier.auto_identifier][WARNING] - No directed path from treatment to outcome. Causal Effect is zero.
[2026-04-24 04:27:45,940][dowhy.causal_model][INFO] - linear_regression
[2026-04-24 04:27:45,940][dowhy.causal_estimator][INFO] - INFO: Using Linear Regression Estimator
[2026-04-24 04:27:45,940][dowhy.causal_estimator][WARNING] - No directed path from ['X7'] to ['X5'].
[2026-04-24 04:27:45,941][dowhy.causal_model][INFO] - Model to find the causal effect of treatment ['X7'] on outcome ['X6']
[2026-04-24 04:27:45,941][dowhy.causal_identifier.auto_identifier][WARNING] - No directed path from treatment to outcome. Causal Effect is zero.
[2026-04-24 04:27:45,941][dowhy.causal_model][INFO] - linear_regression
[2026-04-24 04:27:45,941][dowhy.causal_estimator][INFO] - INFO: Using Linear Regression Estimator
[2026-04-24 04:27:45,941][dowhy.causal_estimator][WARNING] - No directed path from ['X7'] to ['X6'].
[2026-04-24 04:27:45,991][dowhy.causal_model][INFO] - Model to find the causal effect of treatment ['X0'] on outcome ['X1']
[2026-04-24 04:27:45,991][dowhy.causal_identifier.auto_identifier][WARNING] - No directed path from treatment to outcome. Causal Effect is zero.
[2026-04-24 04:27:45,992][dowhy.causal_model][INFO] - linear_regression
[2026-04-24 04:27:45,992][dowhy.causal_estimator][INFO] - INFO: Using Linear Regression Estimator
[2026-04-24 04:27:45,992][dowhy.causal_estimator][WARNING] - No directed path from ['X0'] to ['X1'].
[2026-04-24 04:27:45,993][dowhy.causal_model][INFO] - Model to find the causal effect of treatment ['X0'] on outcome ['X2']
[2026-04-24 04:27:45,993][dowhy.causal_identifier.auto_identifier][WARNING] - No directed path from treatment to outcome. Causal Effect is zero.
[2026-04-24 04:27:45,993][dowhy.causal_model][INFO] - linear_regression
[2026-04-24 04:27:45,994][dowhy.causal_estimator][INFO] - INFO: Using Linear Regression Estimator
[2026-04-24 04:27:45,994][dowhy.causal_estimator][WARNING] - No directed path from ['X0'] to ['X2'].
[2026-04-24 04:27:45,996][dowhy.causal_model][INFO] - Model to find the causal effect of treatment ['X0'] on outcome ['X3']
[2026-04-24 04:27:45,996][dowhy.causal_identifier.auto_identifier][INFO] - Causal effect can be identified.
[2026-04-24 04:27:45,997][dowhy.causal_identifier.auto_identifier][INFO] - Instrumental variables for treatment and outcome:[]
[2026-04-24 04:27:45,997][dowhy.causal_identifier.auto_identifier][INFO] - Frontdoor variables for treatment and outcome:[]
[2026-04-24 04:27:45,997][dowhy.causal_model][INFO] - linear_regression
[2026-04-24 04:27:45,997][dowhy.causal_estimator][INFO] - INFO: Using Linear Regression Estimator
[2026-04-24 04:27:45,997][dowhy.causal_estimator][INFO] - b: X3~X0+X0*X1
[2026-04-24 04:27:46,005][dowhy.causal_model][INFO] - Model to find the causal effect of treatment ['X0'] on outcome ['X4']
[2026-04-24 04:27:46,006][dowhy.causal_identifier.auto_identifier][INFO] - Causal effect can be identified.
[2026-04-24 04:27:46,007][dowhy.causal_identifier.auto_identifier][INFO] - Instrumental variables for treatment and outcome:[]
[2026-04-24 04:27:46,007][dowhy.causal_identifier.auto_identifier][INFO] - Frontdoor variables for treatment and outcome:[]
[2026-04-24 04:27:46,007][dowhy.causal_model][INFO] - linear_regression
[2026-04-24 04:27:46,007][dowhy.causal_estimator][INFO] - INFO: Using Linear Regression Estimator
[2026-04-24 04:27:46,007][dowhy.causal_estimator][INFO] - b: X4~X0+X0*X1
[2026-04-24 04:27:46,016][dowhy.causal_model][INFO] - Model to find the causal effect of treatment ['X0'] on outcome ['X5']
[2026-04-24 04:27:46,016][dowhy.causal_identifier.auto_identifier][INFO] - Causal effect can be identified.
[2026-04-24 04:27:46,017][dowhy.causal_identifier.auto_identifier][INFO] - Instrumental variables for treatment and outcome:[]
[2026-04-24 04:27:46,018][dowhy.causal_identifier.auto_identifier][INFO] - Frontdoor variables for treatment and outcome:[]
[2026-04-24 04:27:46,018][dowhy.causal_model][INFO] - linear_regression
[2026-04-24 04:27:46,018][dowhy.causal_estimator][INFO] - INFO: Using Linear Regression Estimator
[2026-04-24 04:27:46,018][dowhy.causal_estimator][INFO] - b: X5~X0+X0*X1
[2026-04-24 04:27:46,027][dowhy.causal_model][INFO] - Model to find the causal effect of treatment ['X0'] on outcome ['X6']
[2026-04-24 04:27:46,027][dowhy.causal_identifier.auto_identifier][INFO] - Causal effect can be identified.
[2026-04-24 04:27:46,028][dowhy.causal_identifier.auto_identifier][INFO] - Instrumental variables for treatment and outcome:[]
[2026-04-24 04:27:46,029][dowhy.causal_identifier.auto_identifier][INFO] - Frontdoor variables for treatment and outcome:[]
[2026-04-24 04:27:46,029][dowhy.causal_model][INFO] - linear_regression
[2026-04-24 04:27:46,029][dowhy.causal_estimator][INFO] - INFO: Using Linear Regression Estimator
[2026-04-24 04:27:46,030][dowhy.causal_estimator][INFO] - b: X6~X0+X0*X1
[2026-04-24 04:27:46,038][dowhy.causal_model][INFO] - Model to find the causal effect of treatment ['X0'] on outcome ['X7']
[2026-04-24 04:27:46,039][dowhy.causal_identifier.auto_identifier][INFO] - Causal effect can be identified.
[2026-04-24 04:27:46,039][dowhy.causal_identifier.auto_identifier][INFO] - Instrumental variables for treatment and outcome:[]
[2026-04-24 04:27:46,041][dowhy.causal_identifier.auto_identifier][INFO] - Frontdoor variables for treatment and outcome:['X4', 'X3', 'X5', 'X6']
[2026-04-24 04:27:46,042][dowhy.causal_identifier.auto_identifier][INFO] - Causal effect can be identified.
[2026-04-24 04:27:46,043][dowhy.causal_identifier.auto_identifier][INFO] - Causal effect can be identified.
[2026-04-24 04:27:46,044][dowhy.causal_model][INFO] - linear_regression
[2026-04-24 04:27:46,044][dowhy.causal_estimator][INFO] - INFO: Using Linear Regression Estimator
[2026-04-24 04:27:46,044][dowhy.causal_estimator][INFO] - b: X7~X0+X0*X2+X0*X1
[2026-04-24 04:27:46,093][dowhy.causal_model][INFO] - Model to find the causal effect of treatment ['X1'] on outcome ['X0']
[2026-04-24 04:27:46,094][dowhy.causal_identifier.auto_identifier][WARNING] - No directed path from treatment to outcome. Causal Effect is zero.
[2026-04-24 04:27:46,094][dowhy.causal_model][INFO] - linear_regression
[2026-04-24 04:27:46,094][dowhy.causal_estimator][INFO] - INFO: Using Linear Regression Estimator
[2026-04-24 04:27:46,094][dowhy.causal_estimator][WARNING] - No directed path from ['X1'] to ['X0'].
[2026-04-24 04:27:46,096][dowhy.causal_model][INFO] - Model to find the causal effect of treatment ['X1'] on outcome ['X2']
[2026-04-24 04:27:46,096][dowhy.causal_identifier.auto_identifier][WARNING] - No directed path from treatment to outcome. Causal Effect is zero.
[2026-04-24 04:27:46,096][dowhy.causal_model][INFO] - linear_regression
[2026-04-24 04:27:46,096][dowhy.causal_estimator][INFO] - INFO: Using Linear Regression Estimator
[2026-04-24 04:27:46,096][dowhy.causal_estimator][WARNING] - No directed path from ['X1'] to ['X2'].
[2026-04-24 04:27:46,097][dowhy.causal_model][INFO] - Model to find the causal effect of treatment ['X1'] on outcome ['X3']
[2026-04-24 04:27:46,098][dowhy.causal_identifier.auto_identifier][INFO] - Causal effect can be identified.
[2026-04-24 04:27:46,098][dowhy.causal_identifier.auto_identifier][INFO] - Instrumental variables for treatment and outcome:[]
[2026-04-24 04:27:46,098][dowhy.causal_identifier.auto_identifier][INFO] - Frontdoor variables for treatment and outcome:[]
[2026-04-24 04:27:46,099][dowhy.causal_model][INFO] - linear_regression
[2026-04-24 04:27:46,099][dowhy.causal_estimator][INFO] - INFO: Using Linear Regression Estimator
[2026-04-24 04:27:46,099][dowhy.causal_estimator][INFO] - b: X3~X1+X1*X0
[2026-04-24 04:27:46,107][dowhy.causal_model][INFO] - Model to find the causal effect of treatment ['X1'] on outcome ['X4']
[2026-04-24 04:27:46,107][dowhy.causal_identifier.auto_identifier][INFO] - Causal effect can be identified.
[2026-04-24 04:27:46,108][dowhy.causal_identifier.auto_identifier][INFO] - Instrumental variables for treatment and outcome:[]
[2026-04-24 04:27:46,108][dowhy.causal_identifier.auto_identifier][INFO] - Frontdoor variables for treatment and outcome:[]
[2026-04-24 04:27:46,108][dowhy.causal_model][INFO] - linear_regression
[2026-04-24 04:27:46,108][dowhy.causal_estimator][INFO] - INFO: Using Linear Regression Estimator
[2026-04-24 04:27:46,108][dowhy.causal_estimator][INFO] - b: X4~X1+X1*X0
[2026-04-24 04:27:46,116][dowhy.causal_model][INFO] - Model to find the causal effect of treatment ['X1'] on outcome ['X5']
[2026-04-24 04:27:46,116][dowhy.causal_identifier.auto_identifier][INFO] - Causal effect can be identified.
[2026-04-24 04:27:46,117][dowhy.causal_identifier.auto_identifier][INFO] - Instrumental variables for treatment and outcome:[]
[2026-04-24 04:27:46,118][dowhy.causal_identifier.auto_identifier][INFO] - Frontdoor variables for treatment and outcome:[]
[2026-04-24 04:27:46,118][dowhy.causal_model][INFO] - linear_regression
[2026-04-24 04:27:46,118][dowhy.causal_estimator][INFO] - INFO: Using Linear Regression Estimator
[2026-04-24 04:27:46,118][dowhy.causal_estimator][INFO] - b: X5~X1+X1*X0
[2026-04-24 04:27:46,125][dowhy.causal_model][INFO] - Model to find the causal effect of treatment ['X1'] on outcome ['X6']
[2026-04-24 04:27:46,126][dowhy.causal_identifier.auto_identifier][INFO] - Causal effect can be identified.
[2026-04-24 04:27:46,126][dowhy.causal_identifier.auto_identifier][INFO] - Instrumental variables for treatment and outcome:[]
[2026-04-24 04:27:46,128][dowhy.causal_identifier.auto_identifier][INFO] - Frontdoor variables for treatment and outcome:[]
[2026-04-24 04:27:46,128][dowhy.causal_model][INFO] - linear_regression
[2026-04-24 04:27:46,128][dowhy.causal_estimator][INFO] - INFO: Using Linear Regression Estimator
[2026-04-24 04:27:46,128][dowhy.causal_estimator][INFO] - b: X6~X1+X1*X0
[2026-04-24 04:27:46,135][dowhy.causal_model][INFO] - Model to find the causal effect of treatment ['X1'] on outcome ['X7']
[2026-04-24 04:27:46,136][dowhy.causal_identifier.auto_identifier][INFO] - Causal effect can be identified.
[2026-04-24 04:27:46,136][dowhy.causal_identifier.auto_identifier][INFO] - Instrumental variables for treatment and outcome:[]
[2026-04-24 04:27:46,137][dowhy.causal_identifier.auto_identifier][INFO] - Frontdoor variables for treatment and outcome:['X4', 'X3', 'X5', 'X6']
[2026-04-24 04:27:46,138][dowhy.causal_identifier.auto_identifier][INFO] - Causal effect can be identified.
[2026-04-24 04:27:46,140][dowhy.causal_identifier.auto_identifier][INFO] - Causal effect can be identified.
[2026-04-24 04:27:46,140][dowhy.causal_model][INFO] - linear_regression
[2026-04-24 04:27:46,140][dowhy.causal_estimator][INFO] - INFO: Using Linear Regression Estimator
[2026-04-24 04:27:46,141][dowhy.causal_estimator][INFO] - b: X7~X1+X1*X2+X1*X0
[2026-04-24 04:27:46,181][dowhy.causal_model][INFO] - Model to find the causal effect of treatment ['X2'] on outcome ['X0']
[2026-04-24 04:27:46,181][dowhy.causal_identifier.auto_identifier][WARNING] - No directed path from treatment to outcome. Causal Effect is zero.
[2026-04-24 04:27:46,181][dowhy.causal_model][INFO] - linear_regression
[2026-04-24 04:27:46,181][dowhy.causal_estimator][INFO] - INFO: Using Linear Regression Estimator
[2026-04-24 04:27:46,181][dowhy.causal_estimator][WARNING] - No directed path from ['X2'] to ['X0'].
[2026-04-24 04:27:46,183][dowhy.causal_model][INFO] - Model to find the causal effect of treatment ['X2'] on outcome ['X1']
[2026-04-24 04:27:46,183][dowhy.causal_identifier.auto_identifier][WARNING] - No directed path from treatment to outcome. Causal Effect is zero.
[2026-04-24 04:27:46,183][dowhy.causal_model][INFO] - linear_regression
[2026-04-24 04:27:46,183][dowhy.causal_estimator][INFO] - INFO: Using Linear Regression Estimator
[2026-04-24 04:27:46,183][dowhy.causal_estimator][WARNING] - No directed path from ['X2'] to ['X1'].
[2026-04-24 04:27:46,185][dowhy.causal_model][INFO] - Model to find the causal effect of treatment ['X2'] on outcome ['X3']
[2026-04-24 04:27:46,185][dowhy.causal_identifier.auto_identifier][WARNING] - No directed path from treatment to outcome. Causal Effect is zero.
[2026-04-24 04:27:46,185][dowhy.causal_model][INFO] - linear_regression
[2026-04-24 04:27:46,185][dowhy.causal_estimator][INFO] - INFO: Using Linear Regression Estimator
[2026-04-24 04:27:46,185][dowhy.causal_estimator][WARNING] - No directed path from ['X2'] to ['X3'].
[2026-04-24 04:27:46,186][dowhy.causal_model][INFO] - Model to find the causal effect of treatment ['X2'] on outcome ['X4']
[2026-04-24 04:27:46,186][dowhy.causal_identifier.auto_identifier][WARNING] - No directed path from treatment to outcome. Causal Effect is zero.
[2026-04-24 04:27:46,186][dowhy.causal_model][INFO] - linear_regression
[2026-04-24 04:27:46,186][dowhy.causal_estimator][INFO] - INFO: Using Linear Regression Estimator
[2026-04-24 04:27:46,186][dowhy.causal_estimator][WARNING] - No directed path from ['X2'] to ['X4'].
[2026-04-24 04:27:46,188][dowhy.causal_model][INFO] - Model to find the causal effect of treatment ['X2'] on outcome ['X5']
[2026-04-24 04:27:46,188][dowhy.causal_identifier.auto_identifier][WARNING] - No directed path from treatment to outcome. Causal Effect is zero.
[2026-04-24 04:27:46,188][dowhy.causal_model][INFO] - linear_regression
[2026-04-24 04:27:46,188][dowhy.causal_estimator][INFO] - INFO: Using Linear Regression Estimator
[2026-04-24 04:27:46,188][dowhy.causal_estimator][WARNING] - No directed path from ['X2'] to ['X5'].
[2026-04-24 04:27:46,190][dowhy.causal_model][INFO] - Model to find the causal effect of treatment ['X2'] on outcome ['X6']
[2026-04-24 04:27:46,190][dowhy.causal_identifier.auto_identifier][WARNING] - No directed path from treatment to outcome. Causal Effect is zero.
[2026-04-24 04:27:46,190][dowhy.causal_model][INFO] - linear_regression
[2026-04-24 04:27:46,190][dowhy.causal_estimator][INFO] - INFO: Using Linear Regression Estimator
[2026-04-24 04:27:46,190][dowhy.causal_estimator][WARNING] - No directed path from ['X2'] to ['X6'].
[2026-04-24 04:27:46,191][dowhy.causal_model][INFO] - Model to find the causal effect of treatment ['X2'] on outcome ['X7']
[2026-04-24 04:27:46,193][dowhy.causal_identifier.auto_identifier][INFO] - Causal effect can be identified.
[2026-04-24 04:27:46,194][dowhy.causal_identifier.auto_identifier][INFO] - Instrumental variables for treatment and outcome:[]
[2026-04-24 04:27:46,194][dowhy.causal_identifier.auto_identifier][INFO] - Frontdoor variables for treatment and outcome:[]
[2026-04-24 04:27:46,194][dowhy.causal_model][INFO] - linear_regression
[2026-04-24 04:27:46,194][dowhy.causal_estimator][INFO] - INFO: Using Linear Regression Estimator
[2026-04-24 04:27:46,194][dowhy.causal_estimator][INFO] - b: X7~X2+X2*X4+X2*X3+X2*X0+X2*X1
[2026-04-24 04:27:46,237][dowhy.causal_model][INFO] - Model to find the causal effect of treatment ['X3'] on outcome ['X0']
[2026-04-24 04:27:46,237][dowhy.causal_identifier.auto_identifier][WARNING] - No directed path from treatment to outcome. Causal Effect is zero.
[2026-04-24 04:27:46,238][dowhy.causal_model][INFO] - linear_regression
[2026-04-24 04:27:46,238][dowhy.causal_estimator][INFO] - INFO: Using Linear Regression Estimator
[2026-04-24 04:27:46,238][dowhy.causal_estimator][WARNING] - No directed path from ['X3'] to ['X0'].
[2026-04-24 04:27:46,239][dowhy.causal_model][INFO] - Model to find the causal effect of treatment ['X3'] on outcome ['X1']
[2026-04-24 04:27:46,240][dowhy.causal_identifier.auto_identifier][WARNING] - No directed path from treatment to outcome. Causal Effect is zero.
[2026-04-24 04:27:46,240][dowhy.causal_model][INFO] - linear_regression
[2026-04-24 04:27:46,240][dowhy.causal_estimator][INFO] - INFO: Using Linear Regression Estimator
[2026-04-24 04:27:46,240][dowhy.causal_estimator][WARNING] - No directed path from ['X3'] to ['X1'].
[2026-04-24 04:27:46,241][dowhy.causal_model][INFO] - Model to find the causal effect of treatment ['X3'] on outcome ['X2']
[2026-04-24 04:27:46,241][dowhy.causal_identifier.auto_identifier][WARNING] - No directed path from treatment to outcome. Causal Effect is zero.
[2026-04-24 04:27:46,241][dowhy.causal_model][INFO] - linear_regression
[2026-04-24 04:27:46,241][dowhy.causal_estimator][INFO] - INFO: Using Linear Regression Estimator
[2026-04-24 04:27:46,241][dowhy.causal_estimator][WARNING] - No directed path from ['X3'] to ['X2'].
[2026-04-24 04:27:46,243][dowhy.causal_model][INFO] - Model to find the causal effect of treatment ['X3'] on outcome ['X4']
[2026-04-24 04:27:46,244][dowhy.causal_identifier.auto_identifier][INFO] - Causal effect can be identified.
[2026-04-24 04:27:46,245][dowhy.causal_identifier.auto_identifier][INFO] - Instrumental variables for treatment and outcome:['X0']
[2026-04-24 04:27:46,245][dowhy.causal_identifier.auto_identifier][INFO] - Frontdoor variables for treatment and outcome:[]
[2026-04-24 04:27:46,245][dowhy.causal_model][INFO] - linear_regression
[2026-04-24 04:27:46,245][dowhy.causal_estimator][INFO] - INFO: Using Linear Regression Estimator
[2026-04-24 04:27:46,246][dowhy.causal_estimator][INFO] - b: X4~X3+X1
[2026-04-24 04:27:46,254][dowhy.causal_model][INFO] - Model to find the causal effect of treatment ['X3'] on outcome ['X5']
[2026-04-24 04:27:46,255][dowhy.causal_identifier.auto_identifier][INFO] - Causal effect can be identified.
[2026-04-24 04:27:46,255][dowhy.causal_identifier.auto_identifier][INFO] - Instrumental variables for treatment and outcome:['X1']
[2026-04-24 04:27:46,256][dowhy.causal_identifier.auto_identifier][INFO] - Frontdoor variables for treatment and outcome:[]
[2026-04-24 04:27:46,256][dowhy.causal_model][INFO] - linear_regression
[2026-04-24 04:27:46,256][dowhy.causal_estimator][INFO] - INFO: Using Linear Regression Estimator
[2026-04-24 04:27:46,257][dowhy.causal_estimator][INFO] - b: X5~X3+X0
[2026-04-24 04:27:46,265][dowhy.causal_model][INFO] - Model to find the causal effect of treatment ['X3'] on outcome ['X6']
[2026-04-24 04:27:46,266][dowhy.causal_identifier.auto_identifier][INFO] - Causal effect can be identified.
[2026-04-24 04:27:46,266][dowhy.causal_identifier.auto_identifier][INFO] - Instrumental variables for treatment and outcome:['X0']
[2026-04-24 04:27:46,267][dowhy.causal_identifier.auto_identifier][INFO] - Frontdoor variables for treatment and outcome:[]
[2026-04-24 04:27:46,267][dowhy.causal_model][INFO] - linear_regression
[2026-04-24 04:27:46,267][dowhy.causal_estimator][INFO] - INFO: Using Linear Regression Estimator
[2026-04-24 04:27:46,268][dowhy.causal_estimator][INFO] - b: X6~X3+X1
[2026-04-24 04:27:46,276][dowhy.causal_model][INFO] - Model to find the causal effect of treatment ['X3'] on outcome ['X7']
[2026-04-24 04:27:46,277][dowhy.causal_identifier.auto_identifier][INFO] - Causal effect can be identified.
[2026-04-24 04:27:46,278][dowhy.causal_identifier.auto_identifier][INFO] - Instrumental variables for treatment and outcome:['X0']
[2026-04-24 04:27:46,279][dowhy.causal_identifier.auto_identifier][INFO] - Frontdoor variables for treatment and outcome:[]
[2026-04-24 04:27:46,279][dowhy.causal_model][INFO] - linear_regression
[2026-04-24 04:27:46,279][dowhy.causal_estimator][INFO] - INFO: Using Linear Regression Estimator
[2026-04-24 04:27:46,280][dowhy.causal_estimator][INFO] - b: X7~X3+X1+X3*X2
[2026-04-24 04:27:46,327][dowhy.causal_model][INFO] - Model to find the causal effect of treatment ['X4'] on outcome ['X0']
[2026-04-24 04:27:46,327][dowhy.causal_identifier.auto_identifier][WARNING] - No directed path from treatment to outcome. Causal Effect is zero.
[2026-04-24 04:27:46,327][dowhy.causal_model][INFO] - linear_regression
[2026-04-24 04:27:46,327][dowhy.causal_estimator][INFO] - INFO: Using Linear Regression Estimator
[2026-04-24 04:27:46,327][dowhy.causal_estimator][WARNING] - No directed path from ['X4'] to ['X0'].
[2026-04-24 04:27:46,329][dowhy.causal_model][INFO] - Model to find the causal effect of treatment ['X4'] on outcome ['X1']
[2026-04-24 04:27:46,329][dowhy.causal_identifier.auto_identifier][WARNING] - No directed path from treatment to outcome. Causal Effect is zero.
[2026-04-24 04:27:46,329][dowhy.causal_model][INFO] - linear_regression
[2026-04-24 04:27:46,329][dowhy.causal_estimator][INFO] - INFO: Using Linear Regression Estimator
[2026-04-24 04:27:46,329][dowhy.causal_estimator][WARNING] - No directed path from ['X4'] to ['X1'].
[2026-04-24 04:27:46,331][dowhy.causal_model][INFO] - Model to find the causal effect of treatment ['X4'] on outcome ['X2']
[2026-04-24 04:27:46,331][dowhy.causal_identifier.auto_identifier][WARNING] - No directed path from treatment to outcome. Causal Effect is zero.
[2026-04-24 04:27:46,331][dowhy.causal_model][INFO] - linear_regression
[2026-04-24 04:27:46,331][dowhy.causal_estimator][INFO] - INFO: Using Linear Regression Estimator
[2026-04-24 04:27:46,331][dowhy.causal_estimator][WARNING] - No directed path from ['X4'] to ['X2'].
[2026-04-24 04:27:46,332][dowhy.causal_model][INFO] - Model to find the causal effect of treatment ['X4'] on outcome ['X3']
[2026-04-24 04:27:46,333][dowhy.causal_identifier.auto_identifier][WARNING] - No directed path from treatment to outcome. Causal Effect is zero.
[2026-04-24 04:27:46,333][dowhy.causal_model][INFO] - linear_regression
[2026-04-24 04:27:46,333][dowhy.causal_estimator][INFO] - INFO: Using Linear Regression Estimator
[2026-04-24 04:27:46,333][dowhy.causal_estimator][WARNING] - No directed path from ['X4'] to ['X3'].
[2026-04-24 04:27:46,334][dowhy.causal_model][INFO] - Model to find the causal effect of treatment ['X4'] on outcome ['X5']
[2026-04-24 04:27:46,334][dowhy.causal_identifier.auto_identifier][WARNING] - No directed path from treatment to outcome. Causal Effect is zero.
[2026-04-24 04:27:46,334][dowhy.causal_model][INFO] - linear_regression
[2026-04-24 04:27:46,334][dowhy.causal_estimator][INFO] - INFO: Using Linear Regression Estimator
[2026-04-24 04:27:46,334][dowhy.causal_estimator][WARNING] - No directed path from ['X4'] to ['X5'].
[2026-04-24 04:27:46,336][dowhy.causal_model][INFO] - Model to find the causal effect of treatment ['X4'] on outcome ['X6']
[2026-04-24 04:27:46,338][dowhy.causal_identifier.auto_identifier][INFO] - Causal effect can be identified.
[2026-04-24 04:27:46,338][dowhy.causal_identifier.auto_identifier][INFO] - Instrumental variables for treatment and outcome:[]
[2026-04-24 04:27:46,338][dowhy.causal_identifier.auto_identifier][INFO] - Frontdoor variables for treatment and outcome:[]
[2026-04-24 04:27:46,338][dowhy.causal_model][INFO] - linear_regression
[2026-04-24 04:27:46,338][dowhy.causal_estimator][INFO] - INFO: Using Linear Regression Estimator
[2026-04-24 04:27:46,338][dowhy.causal_estimator][INFO] - b: X6~X4+X1
[2026-04-24 04:27:46,346][dowhy.causal_model][INFO] - Model to find the causal effect of treatment ['X4'] on outcome ['X7']
[2026-04-24 04:27:46,347][dowhy.causal_identifier.auto_identifier][INFO] - Causal effect can be identified.
[2026-04-24 04:27:46,348][dowhy.causal_identifier.auto_identifier][INFO] - Instrumental variables for treatment and outcome:['X3', 'X1']
[2026-04-24 04:27:46,349][dowhy.causal_identifier.auto_identifier][INFO] - Frontdoor variables for treatment and outcome:[]
[2026-04-24 04:27:46,349][dowhy.causal_model][INFO] - linear_regression
[2026-04-24 04:27:46,349][dowhy.causal_estimator][INFO] - INFO: Using Linear Regression Estimator
[2026-04-24 04:27:46,349][dowhy.causal_estimator][INFO] - b: X7~X4+X4*X2
[2026-04-24 04:27:46,388][dowhy.causal_model][INFO] - Model to find the causal effect of treatment ['X5'] on outcome ['X0']
[2026-04-24 04:27:46,388][dowhy.causal_identifier.auto_identifier][WARNING] - No directed path from treatment to outcome. Causal Effect is zero.
[2026-04-24 04:27:46,389][dowhy.causal_model][INFO] - linear_regression
[2026-04-24 04:27:46,389][dowhy.causal_estimator][INFO] - INFO: Using Linear Regression Estimator
[2026-04-24 04:27:46,389][dowhy.causal_estimator][WARNING] - No directed path from ['X5'] to ['X0'].
[2026-04-24 04:27:46,390][dowhy.causal_model][INFO] - Model to find the causal effect of treatment ['X5'] on outcome ['X1']
[2026-04-24 04:27:46,390][dowhy.causal_identifier.auto_identifier][WARNING] - No directed path from treatment to outcome. Causal Effect is zero.
[2026-04-24 04:27:46,390][dowhy.causal_model][INFO] - linear_regression
[2026-04-24 04:27:46,391][dowhy.causal_estimator][INFO] - INFO: Using Linear Regression Estimator
[2026-04-24 04:27:46,391][dowhy.causal_estimator][WARNING] - No directed path from ['X5'] to ['X1'].
[2026-04-24 04:27:46,392][dowhy.causal_model][INFO] - Model to find the causal effect of treatment ['X5'] on outcome ['X2']
[2026-04-24 04:27:46,392][dowhy.causal_identifier.auto_identifier][WARNING] - No directed path from treatment to outcome. Causal Effect is zero.
[2026-04-24 04:27:46,392][dowhy.causal_model][INFO] - linear_regression
[2026-04-24 04:27:46,392][dowhy.causal_estimator][INFO] - INFO: Using Linear Regression Estimator
[2026-04-24 04:27:46,392][dowhy.causal_estimator][WARNING] - No directed path from ['X5'] to ['X2'].
[2026-04-24 04:27:46,394][dowhy.causal_model][INFO] - Model to find the causal effect of treatment ['X5'] on outcome ['X3']
[2026-04-24 04:27:46,394][dowhy.causal_identifier.auto_identifier][WARNING] - No directed path from treatment to outcome. Causal Effect is zero.
[2026-04-24 04:27:46,394][dowhy.causal_model][INFO] - linear_regression
[2026-04-24 04:27:46,394][dowhy.causal_estimator][INFO] - INFO: Using Linear Regression Estimator
[2026-04-24 04:27:46,394][dowhy.causal_estimator][WARNING] - No directed path from ['X5'] to ['X3'].
[2026-04-24 04:27:46,396][dowhy.causal_model][INFO] - Model to find the causal effect of treatment ['X5'] on outcome ['X4']
[2026-04-24 04:27:46,396][dowhy.causal_identifier.auto_identifier][WARNING] - No directed path from treatment to outcome. Causal Effect is zero.
[2026-04-24 04:27:46,396][dowhy.causal_model][INFO] - linear_regression
[2026-04-24 04:27:46,396][dowhy.causal_estimator][INFO] - INFO: Using Linear Regression Estimator
[2026-04-24 04:27:46,396][dowhy.causal_estimator][WARNING] - No directed path from ['X5'] to ['X4'].
[2026-04-24 04:27:46,397][dowhy.causal_model][INFO] - Model to find the causal effect of treatment ['X5'] on outcome ['X6']
[2026-04-24 04:27:46,397][dowhy.causal_identifier.auto_identifier][WARNING] - No directed path from treatment to outcome. Causal Effect is zero.
[2026-04-24 04:27:46,397][dowhy.causal_model][INFO] - linear_regression
[2026-04-24 04:27:46,397][dowhy.causal_estimator][INFO] - INFO: Using Linear Regression Estimator
[2026-04-24 04:27:46,398][dowhy.causal_estimator][WARNING] - No directed path from ['X5'] to ['X6'].
[2026-04-24 04:27:46,399][dowhy.causal_model][INFO] - Model to find the causal effect of treatment ['X5'] on outcome ['X7']
[2026-04-24 04:27:46,399][dowhy.causal_identifier.auto_identifier][WARNING] - No directed path from treatment to outcome. Causal Effect is zero.
[2026-04-24 04:27:46,399][dowhy.causal_model][INFO] - linear_regression
[2026-04-24 04:27:46,399][dowhy.causal_estimator][INFO] - INFO: Using Linear Regression Estimator
[2026-04-24 04:27:46,399][dowhy.causal_estimator][WARNING] - No directed path from ['X5'] to ['X7'].
[2026-04-24 04:27:46,431][dowhy.causal_model][INFO] - Model to find the causal effect of treatment ['X6'] on outcome ['X0']
[2026-04-24 04:27:46,431][dowhy.causal_identifier.auto_identifier][WARNING] - No directed path from treatment to outcome. Causal Effect is zero.
[2026-04-24 04:27:46,431][dowhy.causal_model][INFO] - linear_regression
[2026-04-24 04:27:46,431][dowhy.causal_estimator][INFO] - INFO: Using Linear Regression Estimator
[2026-04-24 04:27:46,431][dowhy.causal_estimator][WARNING] - No directed path from ['X6'] to ['X0'].
[2026-04-24 04:27:46,433][dowhy.causal_model][INFO] - Model to find the causal effect of treatment ['X6'] on outcome ['X1']
[2026-04-24 04:27:46,433][dowhy.causal_identifier.auto_identifier][WARNING] - No directed path from treatment to outcome. Causal Effect is zero.
[2026-04-24 04:27:46,433][dowhy.causal_model][INFO] - linear_regression
[2026-04-24 04:27:46,433][dowhy.causal_estimator][INFO] - INFO: Using Linear Regression Estimator
[2026-04-24 04:27:46,433][dowhy.causal_estimator][WARNING] - No directed path from ['X6'] to ['X1'].
[2026-04-24 04:27:46,434][dowhy.causal_model][INFO] - Model to find the causal effect of treatment ['X6'] on outcome ['X2']
[2026-04-24 04:27:46,434][dowhy.causal_identifier.auto_identifier][WARNING] - No directed path from treatment to outcome. Causal Effect is zero.
[2026-04-24 04:27:46,435][dowhy.causal_model][INFO] - linear_regression
[2026-04-24 04:27:46,435][dowhy.causal_estimator][INFO] - INFO: Using Linear Regression Estimator
[2026-04-24 04:27:46,435][dowhy.causal_estimator][WARNING] - No directed path from ['X6'] to ['X2'].
[2026-04-24 04:27:46,436][dowhy.causal_model][INFO] - Model to find the causal effect of treatment ['X6'] on outcome ['X3']
[2026-04-24 04:27:46,436][dowhy.causal_identifier.auto_identifier][WARNING] - No directed path from treatment to outcome. Causal Effect is zero.
[2026-04-24 04:27:46,436][dowhy.causal_model][INFO] - linear_regression
[2026-04-24 04:27:46,436][dowhy.causal_estimator][INFO] - INFO: Using Linear Regression Estimator
[2026-04-24 04:27:46,436][dowhy.causal_estimator][WARNING] - No directed path from ['X6'] to ['X3'].
[2026-04-24 04:27:46,438][dowhy.causal_model][INFO] - Model to find the causal effect of treatment ['X6'] on outcome ['X4']
[2026-04-24 04:27:46,438][dowhy.causal_identifier.auto_identifier][WARNING] - No directed path from treatment to outcome. Causal Effect is zero.
[2026-04-24 04:27:46,438][dowhy.causal_model][INFO] - linear_regression
[2026-04-24 04:27:46,438][dowhy.causal_estimator][INFO] - INFO: Using Linear Regression Estimator
[2026-04-24 04:27:46,438][dowhy.causal_estimator][WARNING] - No directed path from ['X6'] to ['X4'].
[2026-04-24 04:27:46,440][dowhy.causal_model][INFO] - Model to find the causal effect of treatment ['X6'] on outcome ['X5']
[2026-04-24 04:27:46,440][dowhy.causal_identifier.auto_identifier][WARNING] - No directed path from treatment to outcome. Causal Effect is zero.
[2026-04-24 04:27:46,440][dowhy.causal_model][INFO] - linear_regression
[2026-04-24 04:27:46,440][dowhy.causal_estimator][INFO] - INFO: Using Linear Regression Estimator
[2026-04-24 04:27:46,440][dowhy.causal_estimator][WARNING] - No directed path from ['X6'] to ['X5'].
[2026-04-24 04:27:46,441][dowhy.causal_model][INFO] - Model to find the causal effect of treatment ['X6'] on outcome ['X7']
[2026-04-24 04:27:46,441][dowhy.causal_identifier.auto_identifier][WARNING] - No directed path from treatment to outcome. Causal Effect is zero.
[2026-04-24 04:27:46,441][dowhy.causal_model][INFO] - linear_regression
[2026-04-24 04:27:46,442][dowhy.causal_estimator][INFO] - INFO: Using Linear Regression Estimator
[2026-04-24 04:27:46,442][dowhy.causal_estimator][WARNING] - No directed path from ['X6'] to ['X7'].
[2026-04-24 04:27:46,478][dowhy.causal_model][INFO] - Model to find the causal effect of treatment ['X7'] on outcome ['X0']
[2026-04-24 04:27:46,478][dowhy.causal_identifier.auto_identifier][WARNING] - No directed path from treatment to outcome. Causal Effect is zero.
[2026-04-24 04:27:46,478][dowhy.causal_model][INFO] - linear_regression
[2026-04-24 04:27:46,478][dowhy.causal_estimator][INFO] - INFO: Using Linear Regression Estimator
[2026-04-24 04:27:46,478][dowhy.causal_estimator][WARNING] - No directed path from ['X7'] to ['X0'].
[2026-04-24 04:27:46,480][dowhy.causal_model][INFO] - Model to find the causal effect of treatment ['X7'] on outcome ['X1']
[2026-04-24 04:27:46,480][dowhy.causal_identifier.auto_identifier][WARNING] - No directed path from treatment to outcome. Causal Effect is zero.
[2026-04-24 04:27:46,480][dowhy.causal_model][INFO] - linear_regression
[2026-04-24 04:27:46,480][dowhy.causal_estimator][INFO] - INFO: Using Linear Regression Estimator
[2026-04-24 04:27:46,480][dowhy.causal_estimator][WARNING] - No directed path from ['X7'] to ['X1'].
[2026-04-24 04:27:46,483][dowhy.causal_model][INFO] - Model to find the causal effect of treatment ['X7'] on outcome ['X2']
[2026-04-24 04:27:46,483][dowhy.causal_identifier.auto_identifier][WARNING] - No directed path from treatment to outcome. Causal Effect is zero.
[2026-04-24 04:27:46,483][dowhy.causal_model][INFO] - linear_regression
[2026-04-24 04:27:46,483][dowhy.causal_estimator][INFO] - INFO: Using Linear Regression Estimator
[2026-04-24 04:27:46,483][dowhy.causal_estimator][WARNING] - No directed path from ['X7'] to ['X2'].
[2026-04-24 04:27:46,485][dowhy.causal_model][INFO] - Model to find the causal effect of treatment ['X7'] on outcome ['X3']
[2026-04-24 04:27:46,485][dowhy.causal_identifier.auto_identifier][WARNING] - No directed path from treatment to outcome. Causal Effect is zero.
[2026-04-24 04:27:46,485][dowhy.causal_model][INFO] - linear_regression
[2026-04-24 04:27:46,485][dowhy.causal_estimator][INFO] - INFO: Using Linear Regression Estimator
[2026-04-24 04:27:46,485][dowhy.causal_estimator][WARNING] - No directed path from ['X7'] to ['X3'].
[2026-04-24 04:27:46,487][dowhy.causal_model][INFO] - Model to find the causal effect of treatment ['X7'] on outcome ['X4']
[2026-04-24 04:27:46,487][dowhy.causal_identifier.auto_identifier][WARNING] - No directed path from treatment to outcome. Causal Effect is zero.
[2026-04-24 04:27:46,487][dowhy.causal_model][INFO] - linear_regression
[2026-04-24 04:27:46,487][dowhy.causal_estimator][INFO] - INFO: Using Linear Regression Estimator
[2026-04-24 04:27:46,487][dowhy.causal_estimator][WARNING] - No directed path from ['X7'] to ['X4'].
[2026-04-24 04:27:46,488][dowhy.causal_model][INFO] - Model to find the causal effect of treatment ['X7'] on outcome ['X5']
[2026-04-24 04:27:46,489][dowhy.causal_identifier.auto_identifier][WARNING] - No directed path from treatment to outcome. Causal Effect is zero.
[2026-04-24 04:27:46,489][dowhy.causal_model][INFO] - linear_regression
[2026-04-24 04:27:46,489][dowhy.causal_estimator][INFO] - INFO: Using Linear Regression Estimator
[2026-04-24 04:27:46,489][dowhy.causal_estimator][WARNING] - No directed path from ['X7'] to ['X5'].
[2026-04-24 04:27:46,490][dowhy.causal_model][INFO] - Model to find the causal effect of treatment ['X7'] on outcome ['X6']
[2026-04-24 04:27:46,491][dowhy.causal_identifier.auto_identifier][WARNING] - No directed path from treatment to outcome. Causal Effect is zero.
[2026-04-24 04:27:46,491][dowhy.causal_model][INFO] - linear_regression
[2026-04-24 04:27:46,491][dowhy.causal_estimator][INFO] - INFO: Using Linear Regression Estimator
[2026-04-24 04:27:46,491][dowhy.causal_estimator][WARNING] - No directed path from ['X7'] to ['X6'].
[2026-04-24 04:27:46,548][dowhy.causal_model][INFO] - Model to find the causal effect of treatment ['X0'] on outcome ['X1']
[2026-04-24 04:27:46,548][dowhy.causal_identifier.auto_identifier][WARNING] - No directed path from treatment to outcome. Causal Effect is zero.
[2026-04-24 04:27:46,548][dowhy.causal_model][INFO] - linear_regression
[2026-04-24 04:27:46,548][dowhy.causal_estimator][INFO] - INFO: Using Linear Regression Estimator
[2026-04-24 04:27:46,548][dowhy.causal_estimator][WARNING] - No directed path from ['X0'] to ['X1'].
[2026-04-24 04:27:46,550][dowhy.causal_model][INFO] - Model to find the causal effect of treatment ['X0'] on outcome ['X2']
[2026-04-24 04:27:46,550][dowhy.causal_identifier.auto_identifier][WARNING] - No directed path from treatment to outcome. Causal Effect is zero.
[2026-04-24 04:27:46,550][dowhy.causal_model][INFO] - linear_regression
[2026-04-24 04:27:46,550][dowhy.causal_estimator][INFO] - INFO: Using Linear Regression Estimator
[2026-04-24 04:27:46,550][dowhy.causal_estimator][WARNING] - No directed path from ['X0'] to ['X2'].
[2026-04-24 04:27:46,552][dowhy.causal_model][INFO] - Model to find the causal effect of treatment ['X0'] on outcome ['X3']
[2026-04-24 04:27:46,552][dowhy.causal_identifier.auto_identifier][INFO] - Causal effect can be identified.
[2026-04-24 04:27:46,553][dowhy.causal_identifier.auto_identifier][INFO] - Instrumental variables for treatment and outcome:[]
[2026-04-24 04:27:46,553][dowhy.causal_identifier.auto_identifier][INFO] - Frontdoor variables for treatment and outcome:[]
[2026-04-24 04:27:46,553][dowhy.causal_model][INFO] - linear_regression
[2026-04-24 04:27:46,553][dowhy.causal_estimator][INFO] - INFO: Using Linear Regression Estimator
[2026-04-24 04:27:46,553][dowhy.causal_estimator][INFO] - b: X3~X0+X0*X1
[2026-04-24 04:27:46,561][dowhy.causal_model][INFO] - Model to find the causal effect of treatment ['X0'] on outcome ['X4']
[2026-04-24 04:27:46,562][dowhy.causal_identifier.auto_identifier][INFO] - Causal effect can be identified.
[2026-04-24 04:27:46,562][dowhy.causal_identifier.auto_identifier][INFO] - Instrumental variables for treatment and outcome:[]
[2026-04-24 04:27:46,562][dowhy.causal_identifier.auto_identifier][INFO] - Frontdoor variables for treatment and outcome:[]
[2026-04-24 04:27:46,563][dowhy.causal_model][INFO] - linear_regression
[2026-04-24 04:27:46,563][dowhy.causal_estimator][INFO] - INFO: Using Linear Regression Estimator
[2026-04-24 04:27:46,563][dowhy.causal_estimator][INFO] - b: X4~X0+X0*X1
[2026-04-24 04:27:46,570][dowhy.causal_model][INFO] - Model to find the causal effect of treatment ['X0'] on outcome ['X5']
[2026-04-24 04:27:46,571][dowhy.causal_identifier.auto_identifier][INFO] - Causal effect can be identified.
[2026-04-24 04:27:46,571][dowhy.causal_identifier.auto_identifier][INFO] - Instrumental variables for treatment and outcome:[]
[2026-04-24 04:27:46,572][dowhy.causal_identifier.auto_identifier][INFO] - Frontdoor variables for treatment and outcome:[]
[2026-04-24 04:27:46,573][dowhy.causal_model][INFO] - linear_regression
[2026-04-24 04:27:46,573][dowhy.causal_estimator][INFO] - INFO: Using Linear Regression Estimator
[2026-04-24 04:27:46,573][dowhy.causal_estimator][INFO] - b: X5~X0+X0*X1
[2026-04-24 04:27:46,580][dowhy.causal_model][INFO] - Model to find the causal effect of treatment ['X0'] on outcome ['X6']
[2026-04-24 04:27:46,581][dowhy.causal_identifier.auto_identifier][INFO] - Causal effect can be identified.
[2026-04-24 04:27:46,581][dowhy.causal_identifier.auto_identifier][INFO] - Instrumental variables for treatment and outcome:[]
[2026-04-24 04:27:46,582][dowhy.causal_identifier.auto_identifier][INFO] - Frontdoor variables for treatment and outcome:[]
[2026-04-24 04:27:46,583][dowhy.causal_model][INFO] - linear_regression
[2026-04-24 04:27:46,583][dowhy.causal_estimator][INFO] - INFO: Using Linear Regression Estimator
[2026-04-24 04:27:46,583][dowhy.causal_estimator][INFO] - b: X6~X0+X0*X1
[2026-04-24 04:27:46,590][dowhy.causal_model][INFO] - Model to find the causal effect of treatment ['X0'] on outcome ['X7']
[2026-04-24 04:27:46,591][dowhy.causal_identifier.auto_identifier][INFO] - Causal effect can be identified.
[2026-04-24 04:27:46,591][dowhy.causal_identifier.auto_identifier][INFO] - Instrumental variables for treatment and outcome:[]
[2026-04-24 04:27:46,593][dowhy.causal_identifier.auto_identifier][INFO] - Frontdoor variables for treatment and outcome:['X4', 'X3', 'X5', 'X6']
[2026-04-24 04:27:46,594][dowhy.causal_identifier.auto_identifier][INFO] - Causal effect can be identified.
[2026-04-24 04:27:46,595][dowhy.causal_identifier.auto_identifier][INFO] - Causal effect can be identified.
[2026-04-24 04:27:46,595][dowhy.causal_model][INFO] - linear_regression
[2026-04-24 04:27:46,595][dowhy.causal_estimator][INFO] - INFO: Using Linear Regression Estimator
[2026-04-24 04:27:46,596][dowhy.causal_estimator][INFO] - b: X7~X0+X0*X2+X0*X1
[2026-04-24 04:27:46,640][dowhy.causal_model][INFO] - Model to find the causal effect of treatment ['X1'] on outcome ['X0']
[2026-04-24 04:27:46,640][dowhy.causal_identifier.auto_identifier][WARNING] - No directed path from treatment to outcome. Causal Effect is zero.
[2026-04-24 04:27:46,640][dowhy.causal_model][INFO] - linear_regression
[2026-04-24 04:27:46,640][dowhy.causal_estimator][INFO] - INFO: Using Linear Regression Estimator
[2026-04-24 04:27:46,640][dowhy.causal_estimator][WARNING] - No directed path from ['X1'] to ['X0'].
[2026-04-24 04:27:46,642][dowhy.causal_model][INFO] - Model to find the causal effect of treatment ['X1'] on outcome ['X2']
[2026-04-24 04:27:46,642][dowhy.causal_identifier.auto_identifier][WARNING] - No directed path from treatment to outcome. Causal Effect is zero.
[2026-04-24 04:27:46,642][dowhy.causal_model][INFO] - linear_regression
[2026-04-24 04:27:46,642][dowhy.causal_estimator][INFO] - INFO: Using Linear Regression Estimator
[2026-04-24 04:27:46,642][dowhy.causal_estimator][WARNING] - No directed path from ['X1'] to ['X2'].
[2026-04-24 04:27:46,644][dowhy.causal_model][INFO] - Model to find the causal effect of treatment ['X1'] on outcome ['X3']
[2026-04-24 04:27:46,644][dowhy.causal_identifier.auto_identifier][INFO] - Causal effect can be identified.
[2026-04-24 04:27:46,645][dowhy.causal_identifier.auto_identifier][INFO] - Instrumental variables for treatment and outcome:[]
[2026-04-24 04:27:46,645][dowhy.causal_identifier.auto_identifier][INFO] - Frontdoor variables for treatment and outcome:[]
[2026-04-24 04:27:46,645][dowhy.causal_model][INFO] - linear_regression
[2026-04-24 04:27:46,645][dowhy.causal_estimator][INFO] - INFO: Using Linear Regression Estimator
[2026-04-24 04:27:46,645][dowhy.causal_estimator][INFO] - b: X3~X1+X1*X0
[2026-04-24 04:27:46,653][dowhy.causal_model][INFO] - Model to find the causal effect of treatment ['X1'] on outcome ['X4']
[2026-04-24 04:27:46,653][dowhy.causal_identifier.auto_identifier][INFO] - Causal effect can be identified.
[2026-04-24 04:27:46,654][dowhy.causal_identifier.auto_identifier][INFO] - Instrumental variables for treatment and outcome:[]
[2026-04-24 04:27:46,654][dowhy.causal_identifier.auto_identifier][INFO] - Frontdoor variables for treatment and outcome:[]
[2026-04-24 04:27:46,654][dowhy.causal_model][INFO] - linear_regression
[2026-04-24 04:27:46,654][dowhy.causal_estimator][INFO] - INFO: Using Linear Regression Estimator
[2026-04-24 04:27:46,654][dowhy.causal_estimator][INFO] - b: X4~X1+X1*X0
[2026-04-24 04:27:46,662][dowhy.causal_model][INFO] - Model to find the causal effect of treatment ['X1'] on outcome ['X5']
[2026-04-24 04:27:46,663][dowhy.causal_identifier.auto_identifier][INFO] - Causal effect can be identified.
[2026-04-24 04:27:46,663][dowhy.causal_identifier.auto_identifier][INFO] - Instrumental variables for treatment and outcome:[]
[2026-04-24 04:27:46,664][dowhy.causal_identifier.auto_identifier][INFO] - Frontdoor variables for treatment and outcome:[]
[2026-04-24 04:27:46,665][dowhy.causal_model][INFO] - linear_regression
[2026-04-24 04:27:46,665][dowhy.causal_estimator][INFO] - INFO: Using Linear Regression Estimator
[2026-04-24 04:27:46,665][dowhy.causal_estimator][INFO] - b: X5~X1+X1*X0
[2026-04-24 04:27:46,673][dowhy.causal_model][INFO] - Model to find the causal effect of treatment ['X1'] on outcome ['X6']
[2026-04-24 04:27:46,674][dowhy.causal_identifier.auto_identifier][INFO] - Causal effect can be identified.
[2026-04-24 04:27:46,674][dowhy.causal_identifier.auto_identifier][INFO] - Instrumental variables for treatment and outcome:[]
[2026-04-24 04:27:46,675][dowhy.causal_identifier.auto_identifier][INFO] - Frontdoor variables for treatment and outcome:[]
[2026-04-24 04:27:46,675][dowhy.causal_model][INFO] - linear_regression
[2026-04-24 04:27:46,675][dowhy.causal_estimator][INFO] - INFO: Using Linear Regression Estimator
[2026-04-24 04:27:46,676][dowhy.causal_estimator][INFO] - b: X6~X1+X1*X0
[2026-04-24 04:27:46,684][dowhy.causal_model][INFO] - Model to find the causal effect of treatment ['X1'] on outcome ['X7']
[2026-04-24 04:27:46,684][dowhy.causal_identifier.auto_identifier][INFO] - Causal effect can be identified.
[2026-04-24 04:27:46,685][dowhy.causal_identifier.auto_identifier][INFO] - Instrumental variables for treatment and outcome:[]
[2026-04-24 04:27:46,686][dowhy.causal_identifier.auto_identifier][INFO] - Frontdoor variables for treatment and outcome:['X4', 'X3', 'X5', 'X6']
[2026-04-24 04:27:46,687][dowhy.causal_identifier.auto_identifier][INFO] - Causal effect can be identified.
[2026-04-24 04:27:46,689][dowhy.causal_identifier.auto_identifier][INFO] - Causal effect can be identified.
[2026-04-24 04:27:46,689][dowhy.causal_model][INFO] - linear_regression
[2026-04-24 04:27:46,690][dowhy.causal_estimator][INFO] - INFO: Using Linear Regression Estimator
[2026-04-24 04:27:46,690][dowhy.causal_estimator][INFO] - b: X7~X1+X1*X2+X1*X0
[2026-04-24 04:27:46,736][dowhy.causal_model][INFO] - Model to find the causal effect of treatment ['X2'] on outcome ['X0']
[2026-04-24 04:27:46,736][dowhy.causal_identifier.auto_identifier][WARNING] - No directed path from treatment to outcome. Causal Effect is zero.
[2026-04-24 04:27:46,736][dowhy.causal_model][INFO] - linear_regression
[2026-04-24 04:27:46,736][dowhy.causal_estimator][INFO] - INFO: Using Linear Regression Estimator
[2026-04-24 04:27:46,736][dowhy.causal_estimator][WARNING] - No directed path from ['X2'] to ['X0'].
[2026-04-24 04:27:46,738][dowhy.causal_model][INFO] - Model to find the causal effect of treatment ['X2'] on outcome ['X1']
[2026-04-24 04:27:46,738][dowhy.causal_identifier.auto_identifier][WARNING] - No directed path from treatment to outcome. Causal Effect is zero.
[2026-04-24 04:27:46,738][dowhy.causal_model][INFO] - linear_regression
[2026-04-24 04:27:46,738][dowhy.causal_estimator][INFO] - INFO: Using Linear Regression Estimator
[2026-04-24 04:27:46,738][dowhy.causal_estimator][WARNING] - No directed path from ['X2'] to ['X1'].
[2026-04-24 04:27:46,740][dowhy.causal_model][INFO] - Model to find the causal effect of treatment ['X2'] on outcome ['X3']
[2026-04-24 04:27:46,740][dowhy.causal_identifier.auto_identifier][WARNING] - No directed path from treatment to outcome. Causal Effect is zero.
[2026-04-24 04:27:46,740][dowhy.causal_model][INFO] - linear_regression
[2026-04-24 04:27:46,740][dowhy.causal_estimator][INFO] - INFO: Using Linear Regression Estimator
[2026-04-24 04:27:46,740][dowhy.causal_estimator][WARNING] - No directed path from ['X2'] to ['X3'].
[2026-04-24 04:27:46,742][dowhy.causal_model][INFO] - Model to find the causal effect of treatment ['X2'] on outcome ['X4']
[2026-04-24 04:27:46,742][dowhy.causal_identifier.auto_identifier][WARNING] - No directed path from treatment to outcome. Causal Effect is zero.
[2026-04-24 04:27:46,742][dowhy.causal_model][INFO] - linear_regression
[2026-04-24 04:27:46,742][dowhy.causal_estimator][INFO] - INFO: Using Linear Regression Estimator
[2026-04-24 04:27:46,742][dowhy.causal_estimator][WARNING] - No directed path from ['X2'] to ['X4'].
[2026-04-24 04:27:46,743][dowhy.causal_model][INFO] - Model to find the causal effect of treatment ['X2'] on outcome ['X5']
[2026-04-24 04:27:46,743][dowhy.causal_identifier.auto_identifier][WARNING] - No directed path from treatment to outcome. Causal Effect is zero.
[2026-04-24 04:27:46,744][dowhy.causal_model][INFO] - linear_regression
[2026-04-24 04:27:46,744][dowhy.causal_estimator][INFO] - INFO: Using Linear Regression Estimator
[2026-04-24 04:27:46,744][dowhy.causal_estimator][WARNING] - No directed path from ['X2'] to ['X5'].
[2026-04-24 04:27:46,745][dowhy.causal_model][INFO] - Model to find the causal effect of treatment ['X2'] on outcome ['X6']
[2026-04-24 04:27:46,745][dowhy.causal_identifier.auto_identifier][WARNING] - No directed path from treatment to outcome. Causal Effect is zero.
[2026-04-24 04:27:46,745][dowhy.causal_model][INFO] - linear_regression
[2026-04-24 04:27:46,745][dowhy.causal_estimator][INFO] - INFO: Using Linear Regression Estimator
[2026-04-24 04:27:46,745][dowhy.causal_estimator][WARNING] - No directed path from ['X2'] to ['X6'].
[2026-04-24 04:27:46,747][dowhy.causal_model][INFO] - Model to find the causal effect of treatment ['X2'] on outcome ['X7']
[2026-04-24 04:27:46,749][dowhy.causal_identifier.auto_identifier][INFO] - Causal effect can be identified.
[2026-04-24 04:27:46,750][dowhy.causal_identifier.auto_identifier][INFO] - Instrumental variables for treatment and outcome:[]
[2026-04-24 04:27:46,750][dowhy.causal_identifier.auto_identifier][INFO] - Frontdoor variables for treatment and outcome:[]
[2026-04-24 04:27:46,750][dowhy.causal_model][INFO] - linear_regression
[2026-04-24 04:27:46,750][dowhy.causal_estimator][INFO] - INFO: Using Linear Regression Estimator
[2026-04-24 04:27:46,750][dowhy.causal_estimator][INFO] - b: X7~X2+X2*X4+X2*X3+X2*X0+X2*X1
[2026-04-24 04:27:46,791][dowhy.causal_model][INFO] - Model to find the causal effect of treatment ['X3'] on outcome ['X0']
[2026-04-24 04:27:46,792][dowhy.causal_identifier.auto_identifier][WARNING] - No directed path from treatment to outcome. Causal Effect is zero.
[2026-04-24 04:27:46,792][dowhy.causal_model][INFO] - linear_regression
[2026-04-24 04:27:46,792][dowhy.causal_estimator][INFO] - INFO: Using Linear Regression Estimator
[2026-04-24 04:27:46,792][dowhy.causal_estimator][WARNING] - No directed path from ['X3'] to ['X0'].
[2026-04-24 04:27:46,793][dowhy.causal_model][INFO] - Model to find the causal effect of treatment ['X3'] on outcome ['X1']
[2026-04-24 04:27:46,793][dowhy.causal_identifier.auto_identifier][WARNING] - No directed path from treatment to outcome. Causal Effect is zero.
[2026-04-24 04:27:46,794][dowhy.causal_model][INFO] - linear_regression
[2026-04-24 04:27:46,794][dowhy.causal_estimator][INFO] - INFO: Using Linear Regression Estimator
[2026-04-24 04:27:46,794][dowhy.causal_estimator][WARNING] - No directed path from ['X3'] to ['X1'].
[2026-04-24 04:27:46,795][dowhy.causal_model][INFO] - Model to find the causal effect of treatment ['X3'] on outcome ['X2']
[2026-04-24 04:27:46,795][dowhy.causal_identifier.auto_identifier][WARNING] - No directed path from treatment to outcome. Causal Effect is zero.
[2026-04-24 04:27:46,795][dowhy.causal_model][INFO] - linear_regression
[2026-04-24 04:27:46,795][dowhy.causal_estimator][INFO] - INFO: Using Linear Regression Estimator
[2026-04-24 04:27:46,795][dowhy.causal_estimator][WARNING] - No directed path from ['X3'] to ['X2'].
[2026-04-24 04:27:46,797][dowhy.causal_model][INFO] - Model to find the causal effect of treatment ['X3'] on outcome ['X4']
[2026-04-24 04:27:46,798][dowhy.causal_identifier.auto_identifier][INFO] - Causal effect can be identified.
[2026-04-24 04:27:46,798][dowhy.causal_identifier.auto_identifier][INFO] - Instrumental variables for treatment and outcome:['X0']
[2026-04-24 04:27:46,799][dowhy.causal_identifier.auto_identifier][INFO] - Frontdoor variables for treatment and outcome:[]
[2026-04-24 04:27:46,799][dowhy.causal_model][INFO] - linear_regression
[2026-04-24 04:27:46,799][dowhy.causal_estimator][INFO] - INFO: Using Linear Regression Estimator
[2026-04-24 04:27:46,799][dowhy.causal_estimator][INFO] - b: X4~X3+X1
[2026-04-24 04:27:46,807][dowhy.causal_model][INFO] - Model to find the causal effect of treatment ['X3'] on outcome ['X5']
[2026-04-24 04:27:46,808][dowhy.causal_identifier.auto_identifier][INFO] - Causal effect can be identified.
[2026-04-24 04:27:46,808][dowhy.causal_identifier.auto_identifier][INFO] - Instrumental variables for treatment and outcome:['X1']
[2026-04-24 04:27:46,809][dowhy.causal_identifier.auto_identifier][INFO] - Frontdoor variables for treatment and outcome:[]
[2026-04-24 04:27:46,809][dowhy.causal_model][INFO] - linear_regression
[2026-04-24 04:27:46,809][dowhy.causal_estimator][INFO] - INFO: Using Linear Regression Estimator
[2026-04-24 04:27:46,809][dowhy.causal_estimator][INFO] - b: X5~X3+X0
[2026-04-24 04:27:46,817][dowhy.causal_model][INFO] - Model to find the causal effect of treatment ['X3'] on outcome ['X6']
[2026-04-24 04:27:46,818][dowhy.causal_identifier.auto_identifier][INFO] - Causal effect can be identified.
[2026-04-24 04:27:46,818][dowhy.causal_identifier.auto_identifier][INFO] - Instrumental variables for treatment and outcome:['X0']
[2026-04-24 04:27:46,819][dowhy.causal_identifier.auto_identifier][INFO] - Frontdoor variables for treatment and outcome:[]
[2026-04-24 04:27:46,819][dowhy.causal_model][INFO] - linear_regression
[2026-04-24 04:27:46,819][dowhy.causal_estimator][INFO] - INFO: Using Linear Regression Estimator
[2026-04-24 04:27:46,819][dowhy.causal_estimator][INFO] - b: X6~X3+X1
[2026-04-24 04:27:46,826][dowhy.causal_model][INFO] - Model to find the causal effect of treatment ['X3'] on outcome ['X7']
[2026-04-24 04:27:46,827][dowhy.causal_identifier.auto_identifier][INFO] - Causal effect can be identified.
[2026-04-24 04:27:46,828][dowhy.causal_identifier.auto_identifier][INFO] - Instrumental variables for treatment and outcome:['X0']
[2026-04-24 04:27:46,829][dowhy.causal_identifier.auto_identifier][INFO] - Frontdoor variables for treatment and outcome:[]
[2026-04-24 04:27:46,829][dowhy.causal_model][INFO] - linear_regression
[2026-04-24 04:27:46,829][dowhy.causal_estimator][INFO] - INFO: Using Linear Regression Estimator
[2026-04-24 04:27:46,829][dowhy.causal_estimator][INFO] - b: X7~X3+X1+X3*X2
[2026-04-24 04:27:46,873][dowhy.causal_model][INFO] - Model to find the causal effect of treatment ['X4'] on outcome ['X0']
[2026-04-24 04:27:46,873][dowhy.causal_identifier.auto_identifier][WARNING] - No directed path from treatment to outcome. Causal Effect is zero.
[2026-04-24 04:27:46,873][dowhy.causal_model][INFO] - linear_regression
[2026-04-24 04:27:46,873][dowhy.causal_estimator][INFO] - INFO: Using Linear Regression Estimator
[2026-04-24 04:27:46,873][dowhy.causal_estimator][WARNING] - No directed path from ['X4'] to ['X0'].
[2026-04-24 04:27:46,875][dowhy.causal_model][INFO] - Model to find the causal effect of treatment ['X4'] on outcome ['X1']
[2026-04-24 04:27:46,875][dowhy.causal_identifier.auto_identifier][WARNING] - No directed path from treatment to outcome. Causal Effect is zero.
[2026-04-24 04:27:46,875][dowhy.causal_model][INFO] - linear_regression
[2026-04-24 04:27:46,876][dowhy.causal_estimator][INFO] - INFO: Using Linear Regression Estimator
[2026-04-24 04:27:46,876][dowhy.causal_estimator][WARNING] - No directed path from ['X4'] to ['X1'].
[2026-04-24 04:27:46,877][dowhy.causal_model][INFO] - Model to find the causal effect of treatment ['X4'] on outcome ['X2']
[2026-04-24 04:27:46,877][dowhy.causal_identifier.auto_identifier][WARNING] - No directed path from treatment to outcome. Causal Effect is zero.
[2026-04-24 04:27:46,877][dowhy.causal_model][INFO] - linear_regression
[2026-04-24 04:27:46,877][dowhy.causal_estimator][INFO] - INFO: Using Linear Regression Estimator
[2026-04-24 04:27:46,877][dowhy.causal_estimator][WARNING] - No directed path from ['X4'] to ['X2'].
[2026-04-24 04:27:46,879][dowhy.causal_model][INFO] - Model to find the causal effect of treatment ['X4'] on outcome ['X3']
[2026-04-24 04:27:46,879][dowhy.causal_identifier.auto_identifier][WARNING] - No directed path from treatment to outcome. Causal Effect is zero.
[2026-04-24 04:27:46,879][dowhy.causal_model][INFO] - linear_regression
[2026-04-24 04:27:46,879][dowhy.causal_estimator][INFO] - INFO: Using Linear Regression Estimator
[2026-04-24 04:27:46,879][dowhy.causal_estimator][WARNING] - No directed path from ['X4'] to ['X3'].
[2026-04-24 04:27:46,881][dowhy.causal_model][INFO] - Model to find the causal effect of treatment ['X4'] on outcome ['X5']
[2026-04-24 04:27:46,881][dowhy.causal_identifier.auto_identifier][WARNING] - No directed path from treatment to outcome. Causal Effect is zero.
[2026-04-24 04:27:46,881][dowhy.causal_model][INFO] - linear_regression
[2026-04-24 04:27:46,881][dowhy.causal_estimator][INFO] - INFO: Using Linear Regression Estimator
[2026-04-24 04:27:46,881][dowhy.causal_estimator][WARNING] - No directed path from ['X4'] to ['X5'].
[2026-04-24 04:27:46,883][dowhy.causal_model][INFO] - Model to find the causal effect of treatment ['X4'] on outcome ['X6']
[2026-04-24 04:27:46,884][dowhy.causal_identifier.auto_identifier][INFO] - Causal effect can be identified.
[2026-04-24 04:27:46,885][dowhy.causal_identifier.auto_identifier][INFO] - Instrumental variables for treatment and outcome:[]
[2026-04-24 04:27:46,885][dowhy.causal_identifier.auto_identifier][INFO] - Frontdoor variables for treatment and outcome:[]
[2026-04-24 04:27:46,885][dowhy.causal_model][INFO] - linear_regression
[2026-04-24 04:27:46,885][dowhy.causal_estimator][INFO] - INFO: Using Linear Regression Estimator
[2026-04-24 04:27:46,885][dowhy.causal_estimator][INFO] - b: X6~X4+X1
[2026-04-24 04:27:46,894][dowhy.causal_model][INFO] - Model to find the causal effect of treatment ['X4'] on outcome ['X7']
[2026-04-24 04:27:46,895][dowhy.causal_identifier.auto_identifier][INFO] - Causal effect can be identified.
[2026-04-24 04:27:46,896][dowhy.causal_identifier.auto_identifier][INFO] - Instrumental variables for treatment and outcome:['X3', 'X1']
[2026-04-24 04:27:46,896][dowhy.causal_identifier.auto_identifier][INFO] - Frontdoor variables for treatment and outcome:[]
[2026-04-24 04:27:46,896][dowhy.causal_model][INFO] - linear_regression
[2026-04-24 04:27:46,896][dowhy.causal_estimator][INFO] - INFO: Using Linear Regression Estimator
[2026-04-24 04:27:46,897][dowhy.causal_estimator][INFO] - b: X7~X4+X4*X2
[2026-04-24 04:27:46,944][dowhy.causal_model][INFO] - Model to find the causal effect of treatment ['X5'] on outcome ['X0']
[2026-04-24 04:27:46,944][dowhy.causal_identifier.auto_identifier][WARNING] - No directed path from treatment to outcome. Causal Effect is zero.
[2026-04-24 04:27:46,944][dowhy.causal_model][INFO] - linear_regression
[2026-04-24 04:27:46,944][dowhy.causal_estimator][INFO] - INFO: Using Linear Regression Estimator
[2026-04-24 04:27:46,944][dowhy.causal_estimator][WARNING] - No directed path from ['X5'] to ['X0'].
[2026-04-24 04:27:46,946][dowhy.causal_model][INFO] - Model to find the causal effect of treatment ['X5'] on outcome ['X1']
[2026-04-24 04:27:46,946][dowhy.causal_identifier.auto_identifier][WARNING] - No directed path from treatment to outcome. Causal Effect is zero.
[2026-04-24 04:27:46,946][dowhy.causal_model][INFO] - linear_regression
[2026-04-24 04:27:46,946][dowhy.causal_estimator][INFO] - INFO: Using Linear Regression Estimator
[2026-04-24 04:27:46,946][dowhy.causal_estimator][WARNING] - No directed path from ['X5'] to ['X1'].
[2026-04-24 04:27:46,948][dowhy.causal_model][INFO] - Model to find the causal effect of treatment ['X5'] on outcome ['X2']
[2026-04-24 04:27:46,948][dowhy.causal_identifier.auto_identifier][WARNING] - No directed path from treatment to outcome. Causal Effect is zero.
[2026-04-24 04:27:46,948][dowhy.causal_model][INFO] - linear_regression
[2026-04-24 04:27:46,948][dowhy.causal_estimator][INFO] - INFO: Using Linear Regression Estimator
[2026-04-24 04:27:46,948][dowhy.causal_estimator][WARNING] - No directed path from ['X5'] to ['X2'].
[2026-04-24 04:27:46,949][dowhy.causal_model][INFO] - Model to find the causal effect of treatment ['X5'] on outcome ['X3']
[2026-04-24 04:27:46,950][dowhy.causal_identifier.auto_identifier][WARNING] - No directed path from treatment to outcome. Causal Effect is zero.
[2026-04-24 04:27:46,950][dowhy.causal_model][INFO] - linear_regression
[2026-04-24 04:27:46,950][dowhy.causal_estimator][INFO] - INFO: Using Linear Regression Estimator
[2026-04-24 04:27:46,950][dowhy.causal_estimator][WARNING] - No directed path from ['X5'] to ['X3'].
[2026-04-24 04:27:46,951][dowhy.causal_model][INFO] - Model to find the causal effect of treatment ['X5'] on outcome ['X4']
[2026-04-24 04:27:46,951][dowhy.causal_identifier.auto_identifier][WARNING] - No directed path from treatment to outcome. Causal Effect is zero.
[2026-04-24 04:27:46,951][dowhy.causal_model][INFO] - linear_regression
[2026-04-24 04:27:46,952][dowhy.causal_estimator][INFO] - INFO: Using Linear Regression Estimator
[2026-04-24 04:27:46,952][dowhy.causal_estimator][WARNING] - No directed path from ['X5'] to ['X4'].
[2026-04-24 04:27:46,953][dowhy.causal_model][INFO] - Model to find the causal effect of treatment ['X5'] on outcome ['X6']
[2026-04-24 04:27:46,953][dowhy.causal_identifier.auto_identifier][WARNING] - No directed path from treatment to outcome. Causal Effect is zero.
[2026-04-24 04:27:46,953][dowhy.causal_model][INFO] - linear_regression
[2026-04-24 04:27:46,953][dowhy.causal_estimator][INFO] - INFO: Using Linear Regression Estimator
[2026-04-24 04:27:46,953][dowhy.causal_estimator][WARNING] - No directed path from ['X5'] to ['X6'].
[2026-04-24 04:27:46,955][dowhy.causal_model][INFO] - Model to find the causal effect of treatment ['X5'] on outcome ['X7']
[2026-04-24 04:27:46,955][dowhy.causal_identifier.auto_identifier][WARNING] - No directed path from treatment to outcome. Causal Effect is zero.
[2026-04-24 04:27:46,955][dowhy.causal_model][INFO] - linear_regression
[2026-04-24 04:27:46,955][dowhy.causal_estimator][INFO] - INFO: Using Linear Regression Estimator
[2026-04-24 04:27:46,955][dowhy.causal_estimator][WARNING] - No directed path from ['X5'] to ['X7'].
[2026-04-24 04:27:46,993][dowhy.causal_model][INFO] - Model to find the causal effect of treatment ['X6'] on outcome ['X0']
[2026-04-24 04:27:46,993][dowhy.causal_identifier.auto_identifier][WARNING] - No directed path from treatment to outcome. Causal Effect is zero.
[2026-04-24 04:27:46,993][dowhy.causal_model][INFO] - linear_regression
[2026-04-24 04:27:46,993][dowhy.causal_estimator][INFO] - INFO: Using Linear Regression Estimator
[2026-04-24 04:27:46,993][dowhy.causal_estimator][WARNING] - No directed path from ['X6'] to ['X0'].
[2026-04-24 04:27:46,995][dowhy.causal_model][INFO] - Model to find the causal effect of treatment ['X6'] on outcome ['X1']
[2026-04-24 04:27:46,995][dowhy.causal_identifier.auto_identifier][WARNING] - No directed path from treatment to outcome. Causal Effect is zero.
[2026-04-24 04:27:46,995][dowhy.causal_model][INFO] - linear_regression
[2026-04-24 04:27:46,995][dowhy.causal_estimator][INFO] - INFO: Using Linear Regression Estimator
[2026-04-24 04:27:46,995][dowhy.causal_estimator][WARNING] - No directed path from ['X6'] to ['X1'].
[2026-04-24 04:27:46,997][dowhy.causal_model][INFO] - Model to find the causal effect of treatment ['X6'] on outcome ['X2']
[2026-04-24 04:27:46,997][dowhy.causal_identifier.auto_identifier][WARNING] - No directed path from treatment to outcome. Causal Effect is zero.
[2026-04-24 04:27:46,997][dowhy.causal_model][INFO] - linear_regression
[2026-04-24 04:27:46,997][dowhy.causal_estimator][INFO] - INFO: Using Linear Regression Estimator
[2026-04-24 04:27:46,997][dowhy.causal_estimator][WARNING] - No directed path from ['X6'] to ['X2'].
[2026-04-24 04:27:46,998][dowhy.causal_model][INFO] - Model to find the causal effect of treatment ['X6'] on outcome ['X3']
[2026-04-24 04:27:46,998][dowhy.causal_identifier.auto_identifier][WARNING] - No directed path from treatment to outcome. Causal Effect is zero.
[2026-04-24 04:27:46,999][dowhy.causal_model][INFO] - linear_regression
[2026-04-24 04:27:46,999][dowhy.causal_estimator][INFO] - INFO: Using Linear Regression Estimator
[2026-04-24 04:27:46,999][dowhy.causal_estimator][WARNING] - No directed path from ['X6'] to ['X3'].
[2026-04-24 04:27:47,000][dowhy.causal_model][INFO] - Model to find the causal effect of treatment ['X6'] on outcome ['X4']
[2026-04-24 04:27:47,000][dowhy.causal_identifier.auto_identifier][WARNING] - No directed path from treatment to outcome. Causal Effect is zero.
[2026-04-24 04:27:47,000][dowhy.causal_model][INFO] - linear_regression
[2026-04-24 04:27:47,000][dowhy.causal_estimator][INFO] - INFO: Using Linear Regression Estimator
[2026-04-24 04:27:47,000][dowhy.causal_estimator][WARNING] - No directed path from ['X6'] to ['X4'].
[2026-04-24 04:27:47,002][dowhy.causal_model][INFO] - Model to find the causal effect of treatment ['X6'] on outcome ['X5']
[2026-04-24 04:27:47,002][dowhy.causal_identifier.auto_identifier][WARNING] - No directed path from treatment to outcome. Causal Effect is zero.
[2026-04-24 04:27:47,002][dowhy.causal_model][INFO] - linear_regression
[2026-04-24 04:27:47,002][dowhy.causal_estimator][INFO] - INFO: Using Linear Regression Estimator
[2026-04-24 04:27:47,002][dowhy.causal_estimator][WARNING] - No directed path from ['X6'] to ['X5'].
[2026-04-24 04:27:47,004][dowhy.causal_model][INFO] - Model to find the causal effect of treatment ['X6'] on outcome ['X7']
[2026-04-24 04:27:47,004][dowhy.causal_identifier.auto_identifier][WARNING] - No directed path from treatment to outcome. Causal Effect is zero.
[2026-04-24 04:27:47,004][dowhy.causal_model][INFO] - linear_regression
[2026-04-24 04:27:47,004][dowhy.causal_estimator][INFO] - INFO: Using Linear Regression Estimator
[2026-04-24 04:27:47,004][dowhy.causal_estimator][WARNING] - No directed path from ['X6'] to ['X7'].
[2026-04-24 04:27:47,034][dowhy.causal_model][INFO] - Model to find the causal effect of treatment ['X7'] on outcome ['X0']
[2026-04-24 04:27:47,034][dowhy.causal_identifier.auto_identifier][WARNING] - No directed path from treatment to outcome. Causal Effect is zero.
[2026-04-24 04:27:47,034][dowhy.causal_model][INFO] - linear_regression
[2026-04-24 04:27:47,034][dowhy.causal_estimator][INFO] - INFO: Using Linear Regression Estimator
[2026-04-24 04:27:47,034][dowhy.causal_estimator][WARNING] - No directed path from ['X7'] to ['X0'].
[2026-04-24 04:27:47,036][dowhy.causal_model][INFO] - Model to find the causal effect of treatment ['X7'] on outcome ['X1']
[2026-04-24 04:27:47,036][dowhy.causal_identifier.auto_identifier][WARNING] - No directed path from treatment to outcome. Causal Effect is zero.
[2026-04-24 04:27:47,036][dowhy.causal_model][INFO] - linear_regression
[2026-04-24 04:27:47,036][dowhy.causal_estimator][INFO] - INFO: Using Linear Regression Estimator
[2026-04-24 04:27:47,036][dowhy.causal_estimator][WARNING] - No directed path from ['X7'] to ['X1'].
[2026-04-24 04:27:47,037][dowhy.causal_model][INFO] - Model to find the causal effect of treatment ['X7'] on outcome ['X2']
[2026-04-24 04:27:47,037][dowhy.causal_identifier.auto_identifier][WARNING] - No directed path from treatment to outcome. Causal Effect is zero.
[2026-04-24 04:27:47,037][dowhy.causal_model][INFO] - linear_regression
[2026-04-24 04:27:47,037][dowhy.causal_estimator][INFO] - INFO: Using Linear Regression Estimator
[2026-04-24 04:27:47,037][dowhy.causal_estimator][WARNING] - No directed path from ['X7'] to ['X2'].
[2026-04-24 04:27:47,039][dowhy.causal_model][INFO] - Model to find the causal effect of treatment ['X7'] on outcome ['X3']
[2026-04-24 04:27:47,039][dowhy.causal_identifier.auto_identifier][WARNING] - No directed path from treatment to outcome. Causal Effect is zero.
[2026-04-24 04:27:47,039][dowhy.causal_model][INFO] - linear_regression
[2026-04-24 04:27:47,039][dowhy.causal_estimator][INFO] - INFO: Using Linear Regression Estimator
[2026-04-24 04:27:47,039][dowhy.causal_estimator][WARNING] - No directed path from ['X7'] to ['X3'].
[2026-04-24 04:27:47,041][dowhy.causal_model][INFO] - Model to find the causal effect of treatment ['X7'] on outcome ['X4']
[2026-04-24 04:27:47,041][dowhy.causal_identifier.auto_identifier][WARNING] - No directed path from treatment to outcome. Causal Effect is zero.
[2026-04-24 04:27:47,041][dowhy.causal_model][INFO] - linear_regression
[2026-04-24 04:27:47,041][dowhy.causal_estimator][INFO] - INFO: Using Linear Regression Estimator
[2026-04-24 04:27:47,041][dowhy.causal_estimator][WARNING] - No directed path from ['X7'] to ['X4'].
[2026-04-24 04:27:47,043][dowhy.causal_model][INFO] - Model to find the causal effect of treatment ['X7'] on outcome ['X5']
[2026-04-24 04:27:47,043][dowhy.causal_identifier.auto_identifier][WARNING] - No directed path from treatment to outcome. Causal Effect is zero.
[2026-04-24 04:27:47,043][dowhy.causal_model][INFO] - linear_regression
[2026-04-24 04:27:47,043][dowhy.causal_estimator][INFO] - INFO: Using Linear Regression Estimator
[2026-04-24 04:27:47,043][dowhy.causal_estimator][WARNING] - No directed path from ['X7'] to ['X5'].
[2026-04-24 04:27:47,044][dowhy.causal_model][INFO] - Model to find the causal effect of treatment ['X7'] on outcome ['X6']
[2026-04-24 04:27:47,044][dowhy.causal_identifier.auto_identifier][WARNING] - No directed path from treatment to outcome. Causal Effect is zero.
[2026-04-24 04:27:47,044][dowhy.causal_model][INFO] - linear_regression
[2026-04-24 04:27:47,044][dowhy.causal_estimator][INFO] - INFO: Using Linear Regression Estimator
[2026-04-24 04:27:47,045][dowhy.causal_estimator][WARNING] - No directed path from ['X7'] to ['X6'].
[2026-04-24 04:27:47,095][dowhy.causal_model][INFO] - Model to find the causal effect of treatment ['X0'] on outcome ['X1']
[2026-04-24 04:27:47,095][dowhy.causal_identifier.auto_identifier][WARNING] - No directed path from treatment to outcome. Causal Effect is zero.
[2026-04-24 04:27:47,095][dowhy.causal_model][INFO] - linear_regression
[2026-04-24 04:27:47,095][dowhy.causal_estimator][INFO] - INFO: Using Linear Regression Estimator
[2026-04-24 04:27:47,095][dowhy.causal_estimator][WARNING] - No directed path from ['X0'] to ['X1'].
[2026-04-24 04:27:47,097][dowhy.causal_model][INFO] - Model to find the causal effect of treatment ['X0'] on outcome ['X2']
[2026-04-24 04:27:47,097][dowhy.causal_identifier.auto_identifier][WARNING] - No directed path from treatment to outcome. Causal Effect is zero.
[2026-04-24 04:27:47,097][dowhy.causal_model][INFO] - linear_regression
[2026-04-24 04:27:47,098][dowhy.causal_estimator][INFO] - INFO: Using Linear Regression Estimator
[2026-04-24 04:27:47,098][dowhy.causal_estimator][WARNING] - No directed path from ['X0'] to ['X2'].
[2026-04-24 04:27:47,099][dowhy.causal_model][INFO] - Model to find the causal effect of treatment ['X0'] on outcome ['X3']
[2026-04-24 04:27:47,100][dowhy.causal_identifier.auto_identifier][INFO] - Causal effect can be identified.
[2026-04-24 04:27:47,101][dowhy.causal_identifier.auto_identifier][INFO] - Instrumental variables for treatment and outcome:[]
[2026-04-24 04:27:47,101][dowhy.causal_identifier.auto_identifier][INFO] - Frontdoor variables for treatment and outcome:[]
[2026-04-24 04:27:47,101][dowhy.causal_model][INFO] - linear_regression
[2026-04-24 04:27:47,101][dowhy.causal_estimator][INFO] - INFO: Using Linear Regression Estimator
[2026-04-24 04:27:47,101][dowhy.causal_estimator][INFO] - b: X3~X0+X0*X1
[2026-04-24 04:27:47,109][dowhy.causal_model][INFO] - Model to find the causal effect of treatment ['X0'] on outcome ['X4']
[2026-04-24 04:27:47,110][dowhy.causal_identifier.auto_identifier][INFO] - Causal effect can be identified.
[2026-04-24 04:27:47,111][dowhy.causal_identifier.auto_identifier][INFO] - Instrumental variables for treatment and outcome:[]
[2026-04-24 04:27:47,111][dowhy.causal_identifier.auto_identifier][INFO] - Frontdoor variables for treatment and outcome:[]
[2026-04-24 04:27:47,111][dowhy.causal_model][INFO] - linear_regression
[2026-04-24 04:27:47,111][dowhy.causal_estimator][INFO] - INFO: Using Linear Regression Estimator
[2026-04-24 04:27:47,111][dowhy.causal_estimator][INFO] - b: X4~X0+X0*X1
[2026-04-24 04:27:47,119][dowhy.causal_model][INFO] - Model to find the causal effect of treatment ['X0'] on outcome ['X5']
[2026-04-24 04:27:47,120][dowhy.causal_identifier.auto_identifier][INFO] - Causal effect can be identified.
[2026-04-24 04:27:47,120][dowhy.causal_identifier.auto_identifier][INFO] - Instrumental variables for treatment and outcome:[]
[2026-04-24 04:27:47,122][dowhy.causal_identifier.auto_identifier][INFO] - Frontdoor variables for treatment and outcome:[]
[2026-04-24 04:27:47,122][dowhy.causal_model][INFO] - linear_regression
[2026-04-24 04:27:47,122][dowhy.causal_estimator][INFO] - INFO: Using Linear Regression Estimator
[2026-04-24 04:27:47,122][dowhy.causal_estimator][INFO] - b: X5~X0+X0*X1
[2026-04-24 04:27:47,131][dowhy.causal_model][INFO] - Model to find the causal effect of treatment ['X0'] on outcome ['X6']
[2026-04-24 04:27:47,131][dowhy.causal_identifier.auto_identifier][INFO] - Causal effect can be identified.
[2026-04-24 04:27:47,132][dowhy.causal_identifier.auto_identifier][INFO] - Instrumental variables for treatment and outcome:[]
[2026-04-24 04:27:47,133][dowhy.causal_identifier.auto_identifier][INFO] - Frontdoor variables for treatment and outcome:[]
[2026-04-24 04:27:47,133][dowhy.causal_model][INFO] - linear_regression
[2026-04-24 04:27:47,133][dowhy.causal_estimator][INFO] - INFO: Using Linear Regression Estimator
[2026-04-24 04:27:47,133][dowhy.causal_estimator][INFO] - b: X6~X0+X0*X1
[2026-04-24 04:27:47,142][dowhy.causal_model][INFO] - Model to find the causal effect of treatment ['X0'] on outcome ['X7']
[2026-04-24 04:27:47,142][dowhy.causal_identifier.auto_identifier][INFO] - Causal effect can be identified.
[2026-04-24 04:27:47,143][dowhy.causal_identifier.auto_identifier][INFO] - Instrumental variables for treatment and outcome:[]
[2026-04-24 04:27:47,144][dowhy.causal_identifier.auto_identifier][INFO] - Frontdoor variables for treatment and outcome:['X4', 'X3', 'X5', 'X6']
[2026-04-24 04:27:47,145][dowhy.causal_identifier.auto_identifier][INFO] - Causal effect can be identified.
[2026-04-24 04:27:47,146][dowhy.causal_identifier.auto_identifier][INFO] - Causal effect can be identified.
[2026-04-24 04:27:47,147][dowhy.causal_model][INFO] - linear_regression
[2026-04-24 04:27:47,147][dowhy.causal_estimator][INFO] - INFO: Using Linear Regression Estimator
[2026-04-24 04:27:47,148][dowhy.causal_estimator][INFO] - b: X7~X0+X0*X2+X0*X1
[2026-04-24 04:27:47,194][dowhy.causal_model][INFO] - Model to find the causal effect of treatment ['X1'] on outcome ['X0']
[2026-04-24 04:27:47,194][dowhy.causal_identifier.auto_identifier][WARNING] - No directed path from treatment to outcome. Causal Effect is zero.
[2026-04-24 04:27:47,194][dowhy.causal_model][INFO] - linear_regression
[2026-04-24 04:27:47,194][dowhy.causal_estimator][INFO] - INFO: Using Linear Regression Estimator
[2026-04-24 04:27:47,194][dowhy.causal_estimator][WARNING] - No directed path from ['X1'] to ['X0'].
[2026-04-24 04:27:47,196][dowhy.causal_model][INFO] - Model to find the causal effect of treatment ['X1'] on outcome ['X2']
[2026-04-24 04:27:47,196][dowhy.causal_identifier.auto_identifier][WARNING] - No directed path from treatment to outcome. Causal Effect is zero.
[2026-04-24 04:27:47,196][dowhy.causal_model][INFO] - linear_regression
[2026-04-24 04:27:47,196][dowhy.causal_estimator][INFO] - INFO: Using Linear Regression Estimator
[2026-04-24 04:27:47,196][dowhy.causal_estimator][WARNING] - No directed path from ['X1'] to ['X2'].
[2026-04-24 04:27:47,198][dowhy.causal_model][INFO] - Model to find the causal effect of treatment ['X1'] on outcome ['X3']
[2026-04-24 04:27:47,198][dowhy.causal_identifier.auto_identifier][INFO] - Causal effect can be identified.
[2026-04-24 04:27:47,199][dowhy.causal_identifier.auto_identifier][INFO] - Instrumental variables for treatment and outcome:[]
[2026-04-24 04:27:47,199][dowhy.causal_identifier.auto_identifier][INFO] - Frontdoor variables for treatment and outcome:[]
[2026-04-24 04:27:47,199][dowhy.causal_model][INFO] - linear_regression
[2026-04-24 04:27:47,199][dowhy.causal_estimator][INFO] - INFO: Using Linear Regression Estimator
[2026-04-24 04:27:47,199][dowhy.causal_estimator][INFO] - b: X3~X1+X1*X0
[2026-04-24 04:27:47,207][dowhy.causal_model][INFO] - Model to find the causal effect of treatment ['X1'] on outcome ['X4']
[2026-04-24 04:27:47,207][dowhy.causal_identifier.auto_identifier][INFO] - Causal effect can be identified.
[2026-04-24 04:27:47,208][dowhy.causal_identifier.auto_identifier][INFO] - Instrumental variables for treatment and outcome:[]
[2026-04-24 04:27:47,208][dowhy.causal_identifier.auto_identifier][INFO] - Frontdoor variables for treatment and outcome:[]
[2026-04-24 04:27:47,208][dowhy.causal_model][INFO] - linear_regression
[2026-04-24 04:27:47,208][dowhy.causal_estimator][INFO] - INFO: Using Linear Regression Estimator
[2026-04-24 04:27:47,208][dowhy.causal_estimator][INFO] - b: X4~X1+X1*X0
[2026-04-24 04:27:47,216][dowhy.causal_model][INFO] - Model to find the causal effect of treatment ['X1'] on outcome ['X5']
[2026-04-24 04:27:47,216][dowhy.causal_identifier.auto_identifier][INFO] - Causal effect can be identified.
[2026-04-24 04:27:47,217][dowhy.causal_identifier.auto_identifier][INFO] - Instrumental variables for treatment and outcome:[]
[2026-04-24 04:27:47,218][dowhy.causal_identifier.auto_identifier][INFO] - Frontdoor variables for treatment and outcome:[]
[2026-04-24 04:27:47,218][dowhy.causal_model][INFO] - linear_regression
[2026-04-24 04:27:47,218][dowhy.causal_estimator][INFO] - INFO: Using Linear Regression Estimator
[2026-04-24 04:27:47,218][dowhy.causal_estimator][INFO] - b: X5~X1+X1*X0
[2026-04-24 04:27:47,226][dowhy.causal_model][INFO] - Model to find the causal effect of treatment ['X1'] on outcome ['X6']
[2026-04-24 04:27:47,226][dowhy.causal_identifier.auto_identifier][INFO] - Causal effect can be identified.
[2026-04-24 04:27:47,227][dowhy.causal_identifier.auto_identifier][INFO] - Instrumental variables for treatment and outcome:[]
[2026-04-24 04:27:47,228][dowhy.causal_identifier.auto_identifier][INFO] - Frontdoor variables for treatment and outcome:[]
[2026-04-24 04:27:47,228][dowhy.causal_model][INFO] - linear_regression
[2026-04-24 04:27:47,228][dowhy.causal_estimator][INFO] - INFO: Using Linear Regression Estimator
[2026-04-24 04:27:47,228][dowhy.causal_estimator][INFO] - b: X6~X1+X1*X0
[2026-04-24 04:27:47,235][dowhy.causal_model][INFO] - Model to find the causal effect of treatment ['X1'] on outcome ['X7']
[2026-04-24 04:27:47,236][dowhy.causal_identifier.auto_identifier][INFO] - Causal effect can be identified.
[2026-04-24 04:27:47,236][dowhy.causal_identifier.auto_identifier][INFO] - Instrumental variables for treatment and outcome:[]
[2026-04-24 04:27:47,238][dowhy.causal_identifier.auto_identifier][INFO] - Frontdoor variables for treatment and outcome:['X4', 'X3', 'X5', 'X6']
[2026-04-24 04:27:47,239][dowhy.causal_identifier.auto_identifier][INFO] - Causal effect can be identified.
[2026-04-24 04:27:47,240][dowhy.causal_identifier.auto_identifier][INFO] - Causal effect can be identified.
[2026-04-24 04:27:47,241][dowhy.causal_model][INFO] - linear_regression
[2026-04-24 04:27:47,241][dowhy.causal_estimator][INFO] - INFO: Using Linear Regression Estimator
[2026-04-24 04:27:47,241][dowhy.causal_estimator][INFO] - b: X7~X1+X1*X2+X1*X0
[2026-04-24 04:27:47,285][dowhy.causal_model][INFO] - Model to find the causal effect of treatment ['X2'] on outcome ['X0']
[2026-04-24 04:27:47,285][dowhy.causal_identifier.auto_identifier][WARNING] - No directed path from treatment to outcome. Causal Effect is zero.
[2026-04-24 04:27:47,285][dowhy.causal_model][INFO] - linear_regression
[2026-04-24 04:27:47,285][dowhy.causal_estimator][INFO] - INFO: Using Linear Regression Estimator
[2026-04-24 04:27:47,285][dowhy.causal_estimator][WARNING] - No directed path from ['X2'] to ['X0'].
[2026-04-24 04:27:47,287][dowhy.causal_model][INFO] - Model to find the causal effect of treatment ['X2'] on outcome ['X1']
[2026-04-24 04:27:47,287][dowhy.causal_identifier.auto_identifier][WARNING] - No directed path from treatment to outcome. Causal Effect is zero.
[2026-04-24 04:27:47,287][dowhy.causal_model][INFO] - linear_regression
[2026-04-24 04:27:47,287][dowhy.causal_estimator][INFO] - INFO: Using Linear Regression Estimator
[2026-04-24 04:27:47,287][dowhy.causal_estimator][WARNING] - No directed path from ['X2'] to ['X1'].
[2026-04-24 04:27:47,289][dowhy.causal_model][INFO] - Model to find the causal effect of treatment ['X2'] on outcome ['X3']
[2026-04-24 04:27:47,289][dowhy.causal_identifier.auto_identifier][WARNING] - No directed path from treatment to outcome. Causal Effect is zero.
[2026-04-24 04:27:47,289][dowhy.causal_model][INFO] - linear_regression
[2026-04-24 04:27:47,289][dowhy.causal_estimator][INFO] - INFO: Using Linear Regression Estimator
[2026-04-24 04:27:47,289][dowhy.causal_estimator][WARNING] - No directed path from ['X2'] to ['X3'].
[2026-04-24 04:27:47,291][dowhy.causal_model][INFO] - Model to find the causal effect of treatment ['X2'] on outcome ['X4']
[2026-04-24 04:27:47,291][dowhy.causal_identifier.auto_identifier][WARNING] - No directed path from treatment to outcome. Causal Effect is zero.
[2026-04-24 04:27:47,291][dowhy.causal_model][INFO] - linear_regression
[2026-04-24 04:27:47,291][dowhy.causal_estimator][INFO] - INFO: Using Linear Regression Estimator
[2026-04-24 04:27:47,291][dowhy.causal_estimator][WARNING] - No directed path from ['X2'] to ['X4'].
[2026-04-24 04:27:47,293][dowhy.causal_model][INFO] - Model to find the causal effect of treatment ['X2'] on outcome ['X5']
[2026-04-24 04:27:47,293][dowhy.causal_identifier.auto_identifier][WARNING] - No directed path from treatment to outcome. Causal Effect is zero.
[2026-04-24 04:27:47,293][dowhy.causal_model][INFO] - linear_regression
[2026-04-24 04:27:47,293][dowhy.causal_estimator][INFO] - INFO: Using Linear Regression Estimator
[2026-04-24 04:27:47,293][dowhy.causal_estimator][WARNING] - No directed path from ['X2'] to ['X5'].
[2026-04-24 04:27:47,294][dowhy.causal_model][INFO] - Model to find the causal effect of treatment ['X2'] on outcome ['X6']
[2026-04-24 04:27:47,294][dowhy.causal_identifier.auto_identifier][WARNING] - No directed path from treatment to outcome. Causal Effect is zero.
[2026-04-24 04:27:47,294][dowhy.causal_model][INFO] - linear_regression
[2026-04-24 04:27:47,294][dowhy.causal_estimator][INFO] - INFO: Using Linear Regression Estimator
[2026-04-24 04:27:47,294][dowhy.causal_estimator][WARNING] - No directed path from ['X2'] to ['X6'].
[2026-04-24 04:27:47,296][dowhy.causal_model][INFO] - Model to find the causal effect of treatment ['X2'] on outcome ['X7']
[2026-04-24 04:27:47,298][dowhy.causal_identifier.auto_identifier][INFO] - Causal effect can be identified.
[2026-04-24 04:27:47,298][dowhy.causal_identifier.auto_identifier][INFO] - Instrumental variables for treatment and outcome:[]
[2026-04-24 04:27:47,299][dowhy.causal_identifier.auto_identifier][INFO] - Frontdoor variables for treatment and outcome:[]
[2026-04-24 04:27:47,299][dowhy.causal_model][INFO] - linear_regression
[2026-04-24 04:27:47,299][dowhy.causal_estimator][INFO] - INFO: Using Linear Regression Estimator
[2026-04-24 04:27:47,299][dowhy.causal_estimator][INFO] - b: X7~X2+X2*X4+X2*X3+X2*X0+X2*X1
[2026-04-24 04:27:47,342][dowhy.causal_model][INFO] - Model to find the causal effect of treatment ['X3'] on outcome ['X0']
[2026-04-24 04:27:47,342][dowhy.causal_identifier.auto_identifier][WARNING] - No directed path from treatment to outcome. Causal Effect is zero.
[2026-04-24 04:27:47,342][dowhy.causal_model][INFO] - linear_regression
[2026-04-24 04:27:47,342][dowhy.causal_estimator][INFO] - INFO: Using Linear Regression Estimator
[2026-04-24 04:27:47,342][dowhy.causal_estimator][WARNING] - No directed path from ['X3'] to ['X0'].
[2026-04-24 04:27:47,344][dowhy.causal_model][INFO] - Model to find the causal effect of treatment ['X3'] on outcome ['X1']
[2026-04-24 04:27:47,344][dowhy.causal_identifier.auto_identifier][WARNING] - No directed path from treatment to outcome. Causal Effect is zero.
[2026-04-24 04:27:47,344][dowhy.causal_model][INFO] - linear_regression
[2026-04-24 04:27:47,344][dowhy.causal_estimator][INFO] - INFO: Using Linear Regression Estimator
[2026-04-24 04:27:47,344][dowhy.causal_estimator][WARNING] - No directed path from ['X3'] to ['X1'].
[2026-04-24 04:27:47,346][dowhy.causal_model][INFO] - Model to find the causal effect of treatment ['X3'] on outcome ['X2']
[2026-04-24 04:27:47,346][dowhy.causal_identifier.auto_identifier][WARNING] - No directed path from treatment to outcome. Causal Effect is zero.
[2026-04-24 04:27:47,346][dowhy.causal_model][INFO] - linear_regression
[2026-04-24 04:27:47,346][dowhy.causal_estimator][INFO] - INFO: Using Linear Regression Estimator
[2026-04-24 04:27:47,346][dowhy.causal_estimator][WARNING] - No directed path from ['X3'] to ['X2'].
[2026-04-24 04:27:47,348][dowhy.causal_model][INFO] - Model to find the causal effect of treatment ['X3'] on outcome ['X4']
[2026-04-24 04:27:47,349][dowhy.causal_identifier.auto_identifier][INFO] - Causal effect can be identified.
[2026-04-24 04:27:47,349][dowhy.causal_identifier.auto_identifier][INFO] - Instrumental variables for treatment and outcome:['X0']
[2026-04-24 04:27:47,350][dowhy.causal_identifier.auto_identifier][INFO] - Frontdoor variables for treatment and outcome:[]
[2026-04-24 04:27:47,350][dowhy.causal_model][INFO] - linear_regression
[2026-04-24 04:27:47,350][dowhy.causal_estimator][INFO] - INFO: Using Linear Regression Estimator
[2026-04-24 04:27:47,350][dowhy.causal_estimator][INFO] - b: X4~X3+X1
[2026-04-24 04:27:47,359][dowhy.causal_model][INFO] - Model to find the causal effect of treatment ['X3'] on outcome ['X5']
[2026-04-24 04:27:47,360][dowhy.causal_identifier.auto_identifier][INFO] - Causal effect can be identified.
[2026-04-24 04:27:47,360][dowhy.causal_identifier.auto_identifier][INFO] - Instrumental variables for treatment and outcome:['X1']
[2026-04-24 04:27:47,361][dowhy.causal_identifier.auto_identifier][INFO] - Frontdoor variables for treatment and outcome:[]
[2026-04-24 04:27:47,361][dowhy.causal_model][INFO] - linear_regression
[2026-04-24 04:27:47,361][dowhy.causal_estimator][INFO] - INFO: Using Linear Regression Estimator
[2026-04-24 04:27:47,361][dowhy.causal_estimator][INFO] - b: X5~X3+X0
[2026-04-24 04:27:47,370][dowhy.causal_model][INFO] - Model to find the causal effect of treatment ['X3'] on outcome ['X6']
[2026-04-24 04:27:47,371][dowhy.causal_identifier.auto_identifier][INFO] - Causal effect can be identified.
[2026-04-24 04:27:47,371][dowhy.causal_identifier.auto_identifier][INFO] - Instrumental variables for treatment and outcome:['X0']
[2026-04-24 04:27:47,372][dowhy.causal_identifier.auto_identifier][INFO] - Frontdoor variables for treatment and outcome:[]
[2026-04-24 04:27:47,372][dowhy.causal_model][INFO] - linear_regression
[2026-04-24 04:27:47,372][dowhy.causal_estimator][INFO] - INFO: Using Linear Regression Estimator
[2026-04-24 04:27:47,373][dowhy.causal_estimator][INFO] - b: X6~X3+X1
[2026-04-24 04:27:47,381][dowhy.causal_model][INFO] - Model to find the causal effect of treatment ['X3'] on outcome ['X7']
[2026-04-24 04:27:47,382][dowhy.causal_identifier.auto_identifier][INFO] - Causal effect can be identified.
[2026-04-24 04:27:47,382][dowhy.causal_identifier.auto_identifier][INFO] - Instrumental variables for treatment and outcome:['X0']
[2026-04-24 04:27:47,384][dowhy.causal_identifier.auto_identifier][INFO] - Frontdoor variables for treatment and outcome:[]
[2026-04-24 04:27:47,384][dowhy.causal_model][INFO] - linear_regression
[2026-04-24 04:27:47,384][dowhy.causal_estimator][INFO] - INFO: Using Linear Regression Estimator
[2026-04-24 04:27:47,384][dowhy.causal_estimator][INFO] - b: X7~X3+X1+X3*X2
[2026-04-24 04:27:47,431][dowhy.causal_model][INFO] - Model to find the causal effect of treatment ['X4'] on outcome ['X0']
[2026-04-24 04:27:47,431][dowhy.causal_identifier.auto_identifier][WARNING] - No directed path from treatment to outcome. Causal Effect is zero.
[2026-04-24 04:27:47,431][dowhy.causal_model][INFO] - linear_regression
[2026-04-24 04:27:47,431][dowhy.causal_estimator][INFO] - INFO: Using Linear Regression Estimator
[2026-04-24 04:27:47,431][dowhy.causal_estimator][WARNING] - No directed path from ['X4'] to ['X0'].
[2026-04-24 04:27:47,433][dowhy.causal_model][INFO] - Model to find the causal effect of treatment ['X4'] on outcome ['X1']
[2026-04-24 04:27:47,433][dowhy.causal_identifier.auto_identifier][WARNING] - No directed path from treatment to outcome. Causal Effect is zero.
[2026-04-24 04:27:47,433][dowhy.causal_model][INFO] - linear_regression
[2026-04-24 04:27:47,433][dowhy.causal_estimator][INFO] - INFO: Using Linear Regression Estimator
[2026-04-24 04:27:47,433][dowhy.causal_estimator][WARNING] - No directed path from ['X4'] to ['X1'].
[2026-04-24 04:27:47,435][dowhy.causal_model][INFO] - Model to find the causal effect of treatment ['X4'] on outcome ['X2']
[2026-04-24 04:27:47,435][dowhy.causal_identifier.auto_identifier][WARNING] - No directed path from treatment to outcome. Causal Effect is zero.
[2026-04-24 04:27:47,435][dowhy.causal_model][INFO] - linear_regression
[2026-04-24 04:27:47,435][dowhy.causal_estimator][INFO] - INFO: Using Linear Regression Estimator
[2026-04-24 04:27:47,435][dowhy.causal_estimator][WARNING] - No directed path from ['X4'] to ['X2'].
[2026-04-24 04:27:47,437][dowhy.causal_model][INFO] - Model to find the causal effect of treatment ['X4'] on outcome ['X3']
[2026-04-24 04:27:47,437][dowhy.causal_identifier.auto_identifier][WARNING] - No directed path from treatment to outcome. Causal Effect is zero.
[2026-04-24 04:27:47,437][dowhy.causal_model][INFO] - linear_regression
[2026-04-24 04:27:47,437][dowhy.causal_estimator][INFO] - INFO: Using Linear Regression Estimator
[2026-04-24 04:27:47,437][dowhy.causal_estimator][WARNING] - No directed path from ['X4'] to ['X3'].
[2026-04-24 04:27:47,439][dowhy.causal_model][INFO] - Model to find the causal effect of treatment ['X4'] on outcome ['X5']
[2026-04-24 04:27:47,439][dowhy.causal_identifier.auto_identifier][WARNING] - No directed path from treatment to outcome. Causal Effect is zero.
[2026-04-24 04:27:47,439][dowhy.causal_model][INFO] - linear_regression
[2026-04-24 04:27:47,439][dowhy.causal_estimator][INFO] - INFO: Using Linear Regression Estimator
[2026-04-24 04:27:47,439][dowhy.causal_estimator][WARNING] - No directed path from ['X4'] to ['X5'].
[2026-04-24 04:27:47,441][dowhy.causal_model][INFO] - Model to find the causal effect of treatment ['X4'] on outcome ['X6']
[2026-04-24 04:27:47,442][dowhy.causal_identifier.auto_identifier][INFO] - Causal effect can be identified.
[2026-04-24 04:27:47,442][dowhy.causal_identifier.auto_identifier][INFO] - Instrumental variables for treatment and outcome:[]
[2026-04-24 04:27:47,442][dowhy.causal_identifier.auto_identifier][INFO] - Frontdoor variables for treatment and outcome:[]
[2026-04-24 04:27:47,442][dowhy.causal_model][INFO] - linear_regression
[2026-04-24 04:27:47,443][dowhy.causal_estimator][INFO] - INFO: Using Linear Regression Estimator
[2026-04-24 04:27:47,443][dowhy.causal_estimator][INFO] - b: X6~X4+X1
[2026-04-24 04:27:47,451][dowhy.causal_model][INFO] - Model to find the causal effect of treatment ['X4'] on outcome ['X7']
[2026-04-24 04:27:47,452][dowhy.causal_identifier.auto_identifier][INFO] - Causal effect can be identified.
[2026-04-24 04:27:47,453][dowhy.causal_identifier.auto_identifier][INFO] - Instrumental variables for treatment and outcome:['X3', 'X1']
[2026-04-24 04:27:47,453][dowhy.causal_identifier.auto_identifier][INFO] - Frontdoor variables for treatment and outcome:[]
[2026-04-24 04:27:47,453][dowhy.causal_model][INFO] - linear_regression
[2026-04-24 04:27:47,453][dowhy.causal_estimator][INFO] - INFO: Using Linear Regression Estimator
[2026-04-24 04:27:47,453][dowhy.causal_estimator][INFO] - b: X7~X4+X4*X2
[2026-04-24 04:27:47,493][dowhy.causal_model][INFO] - Model to find the causal effect of treatment ['X5'] on outcome ['X0']
[2026-04-24 04:27:47,493][dowhy.causal_identifier.auto_identifier][WARNING] - No directed path from treatment to outcome. Causal Effect is zero.
[2026-04-24 04:27:47,494][dowhy.causal_model][INFO] - linear_regression
[2026-04-24 04:27:47,494][dowhy.causal_estimator][INFO] - INFO: Using Linear Regression Estimator
[2026-04-24 04:27:47,494][dowhy.causal_estimator][WARNING] - No directed path from ['X5'] to ['X0'].
[2026-04-24 04:27:47,495][dowhy.causal_model][INFO] - Model to find the causal effect of treatment ['X5'] on outcome ['X1']
[2026-04-24 04:27:47,495][dowhy.causal_identifier.auto_identifier][WARNING] - No directed path from treatment to outcome. Causal Effect is zero.
[2026-04-24 04:27:47,495][dowhy.causal_model][INFO] - linear_regression
[2026-04-24 04:27:47,495][dowhy.causal_estimator][INFO] - INFO: Using Linear Regression Estimator
[2026-04-24 04:27:47,495][dowhy.causal_estimator][WARNING] - No directed path from ['X5'] to ['X1'].
[2026-04-24 04:27:47,497][dowhy.causal_model][INFO] - Model to find the causal effect of treatment ['X5'] on outcome ['X2']
[2026-04-24 04:27:47,497][dowhy.causal_identifier.auto_identifier][WARNING] - No directed path from treatment to outcome. Causal Effect is zero.
[2026-04-24 04:27:47,497][dowhy.causal_model][INFO] - linear_regression
[2026-04-24 04:27:47,497][dowhy.causal_estimator][INFO] - INFO: Using Linear Regression Estimator
[2026-04-24 04:27:47,497][dowhy.causal_estimator][WARNING] - No directed path from ['X5'] to ['X2'].
[2026-04-24 04:27:47,499][dowhy.causal_model][INFO] - Model to find the causal effect of treatment ['X5'] on outcome ['X3']
[2026-04-24 04:27:47,499][dowhy.causal_identifier.auto_identifier][WARNING] - No directed path from treatment to outcome. Causal Effect is zero.
[2026-04-24 04:27:47,499][dowhy.causal_model][INFO] - linear_regression
[2026-04-24 04:27:47,499][dowhy.causal_estimator][INFO] - INFO: Using Linear Regression Estimator
[2026-04-24 04:27:47,499][dowhy.causal_estimator][WARNING] - No directed path from ['X5'] to ['X3'].
[2026-04-24 04:27:47,501][dowhy.causal_model][INFO] - Model to find the causal effect of treatment ['X5'] on outcome ['X4']
[2026-04-24 04:27:47,501][dowhy.causal_identifier.auto_identifier][WARNING] - No directed path from treatment to outcome. Causal Effect is zero.
[2026-04-24 04:27:47,501][dowhy.causal_model][INFO] - linear_regression
[2026-04-24 04:27:47,501][dowhy.causal_estimator][INFO] - INFO: Using Linear Regression Estimator
[2026-04-24 04:27:47,501][dowhy.causal_estimator][WARNING] - No directed path from ['X5'] to ['X4'].
[2026-04-24 04:27:47,502][dowhy.causal_model][INFO] - Model to find the causal effect of treatment ['X5'] on outcome ['X6']
[2026-04-24 04:27:47,503][dowhy.causal_identifier.auto_identifier][WARNING] - No directed path from treatment to outcome. Causal Effect is zero.
[2026-04-24 04:27:47,503][dowhy.causal_model][INFO] - linear_regression
[2026-04-24 04:27:47,503][dowhy.causal_estimator][INFO] - INFO: Using Linear Regression Estimator
[2026-04-24 04:27:47,503][dowhy.causal_estimator][WARNING] - No directed path from ['X5'] to ['X6'].
[2026-04-24 04:27:47,504][dowhy.causal_model][INFO] - Model to find the causal effect of treatment ['X5'] on outcome ['X7']
[2026-04-24 04:27:47,504][dowhy.causal_identifier.auto_identifier][WARNING] - No directed path from treatment to outcome. Causal Effect is zero.
[2026-04-24 04:27:47,504][dowhy.causal_model][INFO] - linear_regression
[2026-04-24 04:27:47,504][dowhy.causal_estimator][INFO] - INFO: Using Linear Regression Estimator
[2026-04-24 04:27:47,504][dowhy.causal_estimator][WARNING] - No directed path from ['X5'] to ['X7'].
[2026-04-24 04:27:47,535][dowhy.causal_model][INFO] - Model to find the causal effect of treatment ['X6'] on outcome ['X0']
[2026-04-24 04:27:47,535][dowhy.causal_identifier.auto_identifier][WARNING] - No directed path from treatment to outcome. Causal Effect is zero.
[2026-04-24 04:27:47,535][dowhy.causal_model][INFO] - linear_regression
[2026-04-24 04:27:47,535][dowhy.causal_estimator][INFO] - INFO: Using Linear Regression Estimator
[2026-04-24 04:27:47,535][dowhy.causal_estimator][WARNING] - No directed path from ['X6'] to ['X0'].
[2026-04-24 04:27:47,536][dowhy.causal_model][INFO] - Model to find the causal effect of treatment ['X6'] on outcome ['X1']
[2026-04-24 04:27:47,537][dowhy.causal_identifier.auto_identifier][WARNING] - No directed path from treatment to outcome. Causal Effect is zero.
[2026-04-24 04:27:47,537][dowhy.causal_model][INFO] - linear_regression
[2026-04-24 04:27:47,537][dowhy.causal_estimator][INFO] - INFO: Using Linear Regression Estimator
[2026-04-24 04:27:47,537][dowhy.causal_estimator][WARNING] - No directed path from ['X6'] to ['X1'].
[2026-04-24 04:27:47,538][dowhy.causal_model][INFO] - Model to find the causal effect of treatment ['X6'] on outcome ['X2']
[2026-04-24 04:27:47,538][dowhy.causal_identifier.auto_identifier][WARNING] - No directed path from treatment to outcome. Causal Effect is zero.
[2026-04-24 04:27:47,538][dowhy.causal_model][INFO] - linear_regression
[2026-04-24 04:27:47,538][dowhy.causal_estimator][INFO] - INFO: Using Linear Regression Estimator
[2026-04-24 04:27:47,538][dowhy.causal_estimator][WARNING] - No directed path from ['X6'] to ['X2'].
[2026-04-24 04:27:47,540][dowhy.causal_model][INFO] - Model to find the causal effect of treatment ['X6'] on outcome ['X3']
[2026-04-24 04:27:47,540][dowhy.causal_identifier.auto_identifier][WARNING] - No directed path from treatment to outcome. Causal Effect is zero.
[2026-04-24 04:27:47,540][dowhy.causal_model][INFO] - linear_regression
[2026-04-24 04:27:47,540][dowhy.causal_estimator][INFO] - INFO: Using Linear Regression Estimator
[2026-04-24 04:27:47,540][dowhy.causal_estimator][WARNING] - No directed path from ['X6'] to ['X3'].
[2026-04-24 04:27:47,542][dowhy.causal_model][INFO] - Model to find the causal effect of treatment ['X6'] on outcome ['X4']
[2026-04-24 04:27:47,542][dowhy.causal_identifier.auto_identifier][WARNING] - No directed path from treatment to outcome. Causal Effect is zero.
[2026-04-24 04:27:47,542][dowhy.causal_model][INFO] - linear_regression
[2026-04-24 04:27:47,542][dowhy.causal_estimator][INFO] - INFO: Using Linear Regression Estimator
[2026-04-24 04:27:47,542][dowhy.causal_estimator][WARNING] - No directed path from ['X6'] to ['X4'].
[2026-04-24 04:27:47,543][dowhy.causal_model][INFO] - Model to find the causal effect of treatment ['X6'] on outcome ['X5']
[2026-04-24 04:27:47,543][dowhy.causal_identifier.auto_identifier][WARNING] - No directed path from treatment to outcome. Causal Effect is zero.
[2026-04-24 04:27:47,543][dowhy.causal_model][INFO] - linear_regression
[2026-04-24 04:27:47,544][dowhy.causal_estimator][INFO] - INFO: Using Linear Regression Estimator
[2026-04-24 04:27:47,544][dowhy.causal_estimator][WARNING] - No directed path from ['X6'] to ['X5'].
[2026-04-24 04:27:47,545][dowhy.causal_model][INFO] - Model to find the causal effect of treatment ['X6'] on outcome ['X7']
[2026-04-24 04:27:47,545][dowhy.causal_identifier.auto_identifier][WARNING] - No directed path from treatment to outcome. Causal Effect is zero.
[2026-04-24 04:27:47,545][dowhy.causal_model][INFO] - linear_regression
[2026-04-24 04:27:47,545][dowhy.causal_estimator][INFO] - INFO: Using Linear Regression Estimator
[2026-04-24 04:27:47,545][dowhy.causal_estimator][WARNING] - No directed path from ['X6'] to ['X7'].
[2026-04-24 04:27:47,579][dowhy.causal_model][INFO] - Model to find the causal effect of treatment ['X7'] on outcome ['X0']
[2026-04-24 04:27:47,579][dowhy.causal_identifier.auto_identifier][WARNING] - No directed path from treatment to outcome. Causal Effect is zero.
[2026-04-24 04:27:47,579][dowhy.causal_model][INFO] - linear_regression
[2026-04-24 04:27:47,579][dowhy.causal_estimator][INFO] - INFO: Using Linear Regression Estimator
[2026-04-24 04:27:47,579][dowhy.causal_estimator][WARNING] - No directed path from ['X7'] to ['X0'].
[2026-04-24 04:27:47,581][dowhy.causal_model][INFO] - Model to find the causal effect of treatment ['X7'] on outcome ['X1']
[2026-04-24 04:27:47,581][dowhy.causal_identifier.auto_identifier][WARNING] - No directed path from treatment to outcome. Causal Effect is zero.
[2026-04-24 04:27:47,581][dowhy.causal_model][INFO] - linear_regression
[2026-04-24 04:27:47,581][dowhy.causal_estimator][INFO] - INFO: Using Linear Regression Estimator
[2026-04-24 04:27:47,581][dowhy.causal_estimator][WARNING] - No directed path from ['X7'] to ['X1'].
[2026-04-24 04:27:47,583][dowhy.causal_model][INFO] - Model to find the causal effect of treatment ['X7'] on outcome ['X2']
[2026-04-24 04:27:47,583][dowhy.causal_identifier.auto_identifier][WARNING] - No directed path from treatment to outcome. Causal Effect is zero.
[2026-04-24 04:27:47,583][dowhy.causal_model][INFO] - linear_regression
[2026-04-24 04:27:47,583][dowhy.causal_estimator][INFO] - INFO: Using Linear Regression Estimator
[2026-04-24 04:27:47,583][dowhy.causal_estimator][WARNING] - No directed path from ['X7'] to ['X2'].
[2026-04-24 04:27:47,584][dowhy.causal_model][INFO] - Model to find the causal effect of treatment ['X7'] on outcome ['X3']
[2026-04-24 04:27:47,585][dowhy.causal_identifier.auto_identifier][WARNING] - No directed path from treatment to outcome. Causal Effect is zero.
[2026-04-24 04:27:47,585][dowhy.causal_model][INFO] - linear_regression
[2026-04-24 04:27:47,585][dowhy.causal_estimator][INFO] - INFO: Using Linear Regression Estimator
[2026-04-24 04:27:47,585][dowhy.causal_estimator][WARNING] - No directed path from ['X7'] to ['X3'].
[2026-04-24 04:27:47,586][dowhy.causal_model][INFO] - Model to find the causal effect of treatment ['X7'] on outcome ['X4']
[2026-04-24 04:27:47,586][dowhy.causal_identifier.auto_identifier][WARNING] - No directed path from treatment to outcome. Causal Effect is zero.
[2026-04-24 04:27:47,586][dowhy.causal_model][INFO] - linear_regression
[2026-04-24 04:27:47,586][dowhy.causal_estimator][INFO] - INFO: Using Linear Regression Estimator
[2026-04-24 04:27:47,586][dowhy.causal_estimator][WARNING] - No directed path from ['X7'] to ['X4'].
[2026-04-24 04:27:47,588][dowhy.causal_model][INFO] - Model to find the causal effect of treatment ['X7'] on outcome ['X5']
[2026-04-24 04:27:47,588][dowhy.causal_identifier.auto_identifier][WARNING] - No directed path from treatment to outcome. Causal Effect is zero.
[2026-04-24 04:27:47,588][dowhy.causal_model][INFO] - linear_regression
[2026-04-24 04:27:47,588][dowhy.causal_estimator][INFO] - INFO: Using Linear Regression Estimator
[2026-04-24 04:27:47,588][dowhy.causal_estimator][WARNING] - No directed path from ['X7'] to ['X5'].
[2026-04-24 04:27:47,590][dowhy.causal_model][INFO] - Model to find the causal effect of treatment ['X7'] on outcome ['X6']
[2026-04-24 04:27:47,590][dowhy.causal_identifier.auto_identifier][WARNING] - No directed path from treatment to outcome. Causal Effect is zero.
[2026-04-24 04:27:47,590][dowhy.causal_model][INFO] - linear_regression
[2026-04-24 04:27:47,590][dowhy.causal_estimator][INFO] - INFO: Using Linear Regression Estimator
[2026-04-24 04:27:47,590][dowhy.causal_estimator][WARNING] - No directed path from ['X7'] to ['X6'].
