[2026-04-24 05:31:44,692][dowhy.causal_model][INFO] - Model to find the causal effect of treatment ['X0'] on outcome ['X1']
[2026-04-24 05:31:44,692][dowhy.causal_identifier.auto_identifier][WARNING] - No directed path from treatment to outcome. Causal Effect is zero.
[2026-04-24 05:31:44,692][dowhy.causal_model][INFO] - linear_regression
[2026-04-24 05:31:44,692][dowhy.causal_estimator][INFO] - INFO: Using Linear Regression Estimator
[2026-04-24 05:31:44,692][dowhy.causal_estimator][WARNING] - No directed path from ['X0'] to ['X1'].
[2026-04-24 05:31:44,694][dowhy.causal_model][INFO] - Model to find the causal effect of treatment ['X0'] on outcome ['X2']
[2026-04-24 05:31:44,694][dowhy.causal_identifier.auto_identifier][WARNING] - No directed path from treatment to outcome. Causal Effect is zero.
[2026-04-24 05:31:44,694][dowhy.causal_model][INFO] - linear_regression
[2026-04-24 05:31:44,694][dowhy.causal_estimator][INFO] - INFO: Using Linear Regression Estimator
[2026-04-24 05:31:44,694][dowhy.causal_estimator][WARNING] - No directed path from ['X0'] to ['X2'].
[2026-04-24 05:31:44,696][dowhy.causal_model][INFO] - Model to find the causal effect of treatment ['X0'] on outcome ['X3']
[2026-04-24 05:31:44,696][dowhy.causal_identifier.auto_identifier][WARNING] - No directed path from treatment to outcome. Causal Effect is zero.
[2026-04-24 05:31:44,696][dowhy.causal_model][INFO] - linear_regression
[2026-04-24 05:31:44,696][dowhy.causal_estimator][INFO] - INFO: Using Linear Regression Estimator
[2026-04-24 05:31:44,696][dowhy.causal_estimator][WARNING] - No directed path from ['X0'] to ['X3'].
[2026-04-24 05:31:44,698][dowhy.causal_model][INFO] - Model to find the causal effect of treatment ['X0'] on outcome ['X4']
[2026-04-24 05:31:44,698][dowhy.causal_identifier.auto_identifier][WARNING] - No directed path from treatment to outcome. Causal Effect is zero.
[2026-04-24 05:31:44,698][dowhy.causal_model][INFO] - linear_regression
[2026-04-24 05:31:44,698][dowhy.causal_estimator][INFO] - INFO: Using Linear Regression Estimator
[2026-04-24 05:31:44,698][dowhy.causal_estimator][WARNING] - No directed path from ['X0'] to ['X4'].
[2026-04-24 05:31:44,700][dowhy.causal_model][INFO] - Model to find the causal effect of treatment ['X0'] on outcome ['X5']
[2026-04-24 05:31:44,700][dowhy.causal_identifier.auto_identifier][WARNING] - No directed path from treatment to outcome. Causal Effect is zero.
[2026-04-24 05:31:44,700][dowhy.causal_model][INFO] - linear_regression
[2026-04-24 05:31:44,700][dowhy.causal_estimator][INFO] - INFO: Using Linear Regression Estimator
[2026-04-24 05:31:44,700][dowhy.causal_estimator][WARNING] - No directed path from ['X0'] to ['X5'].
[2026-04-24 05:31:44,702][dowhy.causal_model][INFO] - Model to find the causal effect of treatment ['X0'] on outcome ['X6']
[2026-04-24 05:31:44,704][dowhy.causal_identifier.auto_identifier][INFO] - Causal effect can be identified.
[2026-04-24 05:31:44,705][dowhy.causal_identifier.auto_identifier][INFO] - Instrumental variables for treatment and outcome:[]
[2026-04-24 05:31:44,705][dowhy.causal_identifier.auto_identifier][INFO] - Frontdoor variables for treatment and outcome:[]
[2026-04-24 05:31:44,705][dowhy.causal_model][INFO] - linear_regression
[2026-04-24 05:31:44,705][dowhy.causal_estimator][INFO] - INFO: Using Linear Regression Estimator
[2026-04-24 05:31:44,705][dowhy.causal_estimator][INFO] - b: X6~X0+X0*X1
[2026-04-24 05:31:44,713][dowhy.causal_model][INFO] - Model to find the causal effect of treatment ['X0'] on outcome ['X7']
[2026-04-24 05:31:44,715][dowhy.causal_identifier.auto_identifier][INFO] - Causal effect can be identified.
[2026-04-24 05:31:44,715][dowhy.causal_identifier.auto_identifier][INFO] - Instrumental variables for treatment and outcome:[]
[2026-04-24 05:31:44,716][dowhy.causal_identifier.auto_identifier][INFO] - Frontdoor variables for treatment and outcome:[]
[2026-04-24 05:31:44,716][dowhy.causal_model][INFO] - linear_regression
[2026-04-24 05:31:44,716][dowhy.causal_estimator][INFO] - INFO: Using Linear Regression Estimator
[2026-04-24 05:31:44,716][dowhy.causal_estimator][INFO] - b: X7~X0+X0*X1
[2026-04-24 05:31:44,723][dowhy.causal_model][INFO] - Model to find the causal effect of treatment ['X0'] on outcome ['X8']
[2026-04-24 05:31:44,725][dowhy.causal_identifier.auto_identifier][INFO] - Causal effect can be identified.
[2026-04-24 05:31:44,726][dowhy.causal_identifier.auto_identifier][INFO] - Instrumental variables for treatment and outcome:[]
[2026-04-24 05:31:44,727][dowhy.causal_identifier.auto_identifier][INFO] - Frontdoor variables for treatment and outcome:['X7', 'X11', 'X6']
[2026-04-24 05:31:44,729][dowhy.causal_identifier.auto_identifier][INFO] - Causal effect can be identified.
[2026-04-24 05:31:44,732][dowhy.causal_identifier.auto_identifier][INFO] - Causal effect can be identified.
[2026-04-24 05:31:44,732][dowhy.causal_model][INFO] - linear_regression
[2026-04-24 05:31:44,733][dowhy.causal_estimator][INFO] - INFO: Using Linear Regression Estimator
[2026-04-24 05:31:44,733][dowhy.causal_estimator][INFO] - b: X8~X0+X0*X3+X0*X2+X0*X1
[2026-04-24 05:31:44,741][dowhy.causal_model][INFO] - Model to find the causal effect of treatment ['X0'] on outcome ['X9']
[2026-04-24 05:31:44,742][dowhy.causal_identifier.auto_identifier][INFO] - Causal effect can be identified.
[2026-04-24 05:31:44,743][dowhy.causal_identifier.auto_identifier][INFO] - Instrumental variables for treatment and outcome:[]
[2026-04-24 05:31:44,746][dowhy.causal_identifier.auto_identifier][INFO] - Frontdoor variables for treatment and outcome:['X7', 'X6', 'X11']
[2026-04-24 05:31:44,748][dowhy.causal_identifier.auto_identifier][INFO] - Causal effect can be identified.
[2026-04-24 05:31:44,750][dowhy.causal_identifier.auto_identifier][INFO] - Causal effect can be identified.
[2026-04-24 05:31:44,751][dowhy.causal_model][INFO] - linear_regression
[2026-04-24 05:31:44,751][dowhy.causal_estimator][INFO] - INFO: Using Linear Regression Estimator
[2026-04-24 05:31:44,752][dowhy.causal_estimator][INFO] - b: X9~X0+X0*X3+X0*X2+X0*X1
[2026-04-24 05:31:44,759][dowhy.causal_model][INFO] - Model to find the causal effect of treatment ['X0'] on outcome ['X10']
[2026-04-24 05:31:44,761][dowhy.causal_identifier.auto_identifier][INFO] - Causal effect can be identified.
[2026-04-24 05:31:44,762][dowhy.causal_identifier.auto_identifier][INFO] - Instrumental variables for treatment and outcome:[]
[2026-04-24 05:31:44,765][dowhy.causal_identifier.auto_identifier][INFO] - Frontdoor variables for treatment and outcome:['X7', 'X6', 'X11', 'X8', 'X9', 'X12']
[2026-04-24 05:31:44,767][dowhy.causal_identifier.auto_identifier][INFO] - Causal effect can be identified.
[2026-04-24 05:31:44,769][dowhy.causal_identifier.auto_identifier][INFO] - Causal effect can be identified.
[2026-04-24 05:31:44,771][dowhy.causal_model][INFO] - linear_regression
[2026-04-24 05:31:44,771][dowhy.causal_estimator][INFO] - INFO: Using Linear Regression Estimator
[2026-04-24 05:31:44,771][dowhy.causal_estimator][INFO] - b: X10~X0+X0*X5+X0*X3+X0*X4+X0*X2+X0*X1
[2026-04-24 05:31:44,779][dowhy.causal_model][INFO] - Model to find the causal effect of treatment ['X0'] on outcome ['X11']
[2026-04-24 05:31:44,781][dowhy.causal_identifier.auto_identifier][INFO] - Causal effect can be identified.
[2026-04-24 05:31:44,781][dowhy.causal_identifier.auto_identifier][INFO] - Instrumental variables for treatment and outcome:[]
[2026-04-24 05:31:44,795][dowhy.causal_identifier.auto_identifier][INFO] - Frontdoor variables for treatment and outcome:[]
[2026-04-24 05:31:44,795][dowhy.causal_model][INFO] - linear_regression
[2026-04-24 05:31:44,795][dowhy.causal_estimator][INFO] - INFO: Using Linear Regression Estimator
[2026-04-24 05:31:44,795][dowhy.causal_estimator][INFO] - b: X11~X0+X0*X1
[2026-04-24 05:31:44,803][dowhy.causal_model][INFO] - Model to find the causal effect of treatment ['X0'] on outcome ['X12']
[2026-04-24 05:31:44,804][dowhy.causal_identifier.auto_identifier][INFO] - Causal effect can be identified.
[2026-04-24 05:31:44,805][dowhy.causal_identifier.auto_identifier][INFO] - Instrumental variables for treatment and outcome:[]
[2026-04-24 05:31:44,828][dowhy.causal_identifier.auto_identifier][INFO] - Frontdoor variables for treatment and outcome:['X7', 'X6', 'X11']
[2026-04-24 05:31:44,830][dowhy.causal_identifier.auto_identifier][INFO] - Causal effect can be identified.
[2026-04-24 05:31:44,832][dowhy.causal_identifier.auto_identifier][INFO] - Causal effect can be identified.
[2026-04-24 05:31:44,833][dowhy.causal_model][INFO] - linear_regression
[2026-04-24 05:31:44,833][dowhy.causal_estimator][INFO] - INFO: Using Linear Regression Estimator
[2026-04-24 05:31:44,833][dowhy.causal_estimator][INFO] - b: X12~X0+X0*X3+X0*X2+X0*X1
[2026-04-24 05:31:44,841][dowhy.causal_model][INFO] - Model to find the causal effect of treatment ['X0'] on outcome ['X13']
[2026-04-24 05:31:44,843][dowhy.causal_identifier.auto_identifier][INFO] - Causal effect can be identified.
[2026-04-24 05:31:44,844][dowhy.causal_identifier.auto_identifier][INFO] - Instrumental variables for treatment and outcome:[]
[2026-04-24 05:31:44,861][dowhy.causal_identifier.auto_identifier][INFO] - Frontdoor variables for treatment and outcome:['X7', 'X6', 'X11', 'X8', 'X9', 'X12']
[2026-04-24 05:31:44,863][dowhy.causal_identifier.auto_identifier][INFO] - Causal effect can be identified.
[2026-04-24 05:31:44,866][dowhy.causal_identifier.auto_identifier][INFO] - Causal effect can be identified.
[2026-04-24 05:31:44,867][dowhy.causal_model][INFO] - linear_regression
[2026-04-24 05:31:44,867][dowhy.causal_estimator][INFO] - INFO: Using Linear Regression Estimator
[2026-04-24 05:31:44,868][dowhy.causal_estimator][INFO] - b: X13~X0+X0*X5+X0*X3+X0*X4+X0*X2+X0*X1
[2026-04-24 05:31:44,915][dowhy.causal_model][INFO] - Model to find the causal effect of treatment ['X1'] on outcome ['X0']
[2026-04-24 05:31:44,915][dowhy.causal_identifier.auto_identifier][WARNING] - No directed path from treatment to outcome. Causal Effect is zero.
[2026-04-24 05:31:44,915][dowhy.causal_model][INFO] - linear_regression
[2026-04-24 05:31:44,915][dowhy.causal_estimator][INFO] - INFO: Using Linear Regression Estimator
[2026-04-24 05:31:44,915][dowhy.causal_estimator][WARNING] - No directed path from ['X1'] to ['X0'].
[2026-04-24 05:31:44,917][dowhy.causal_model][INFO] - Model to find the causal effect of treatment ['X1'] on outcome ['X2']
[2026-04-24 05:31:44,917][dowhy.causal_identifier.auto_identifier][WARNING] - No directed path from treatment to outcome. Causal Effect is zero.
[2026-04-24 05:31:44,917][dowhy.causal_model][INFO] - linear_regression
[2026-04-24 05:31:44,917][dowhy.causal_estimator][INFO] - INFO: Using Linear Regression Estimator
[2026-04-24 05:31:44,917][dowhy.causal_estimator][WARNING] - No directed path from ['X1'] to ['X2'].
[2026-04-24 05:31:44,919][dowhy.causal_model][INFO] - Model to find the causal effect of treatment ['X1'] on outcome ['X3']
[2026-04-24 05:31:44,919][dowhy.causal_identifier.auto_identifier][WARNING] - No directed path from treatment to outcome. Causal Effect is zero.
[2026-04-24 05:31:44,919][dowhy.causal_model][INFO] - linear_regression
[2026-04-24 05:31:44,919][dowhy.causal_estimator][INFO] - INFO: Using Linear Regression Estimator
[2026-04-24 05:31:44,919][dowhy.causal_estimator][WARNING] - No directed path from ['X1'] to ['X3'].
[2026-04-24 05:31:44,921][dowhy.causal_model][INFO] - Model to find the causal effect of treatment ['X1'] on outcome ['X4']
[2026-04-24 05:31:44,921][dowhy.causal_identifier.auto_identifier][WARNING] - No directed path from treatment to outcome. Causal Effect is zero.
[2026-04-24 05:31:44,921][dowhy.causal_model][INFO] - linear_regression
[2026-04-24 05:31:44,921][dowhy.causal_estimator][INFO] - INFO: Using Linear Regression Estimator
[2026-04-24 05:31:44,921][dowhy.causal_estimator][WARNING] - No directed path from ['X1'] to ['X4'].
[2026-04-24 05:31:44,923][dowhy.causal_model][INFO] - Model to find the causal effect of treatment ['X1'] on outcome ['X5']
[2026-04-24 05:31:44,923][dowhy.causal_identifier.auto_identifier][WARNING] - No directed path from treatment to outcome. Causal Effect is zero.
[2026-04-24 05:31:44,923][dowhy.causal_model][INFO] - linear_regression
[2026-04-24 05:31:44,923][dowhy.causal_estimator][INFO] - INFO: Using Linear Regression Estimator
[2026-04-24 05:31:44,923][dowhy.causal_estimator][WARNING] - No directed path from ['X1'] to ['X5'].
[2026-04-24 05:31:44,925][dowhy.causal_model][INFO] - Model to find the causal effect of treatment ['X1'] on outcome ['X6']
[2026-04-24 05:31:44,927][dowhy.causal_identifier.auto_identifier][INFO] - Causal effect can be identified.
[2026-04-24 05:31:44,928][dowhy.causal_identifier.auto_identifier][INFO] - Instrumental variables for treatment and outcome:[]
[2026-04-24 05:31:44,928][dowhy.causal_identifier.auto_identifier][INFO] - Frontdoor variables for treatment and outcome:[]
[2026-04-24 05:31:44,928][dowhy.causal_model][INFO] - linear_regression
[2026-04-24 05:31:44,928][dowhy.causal_estimator][INFO] - INFO: Using Linear Regression Estimator
[2026-04-24 05:31:44,928][dowhy.causal_estimator][INFO] - b: X6~X1+X1*X0
[2026-04-24 05:31:44,937][dowhy.causal_model][INFO] - Model to find the causal effect of treatment ['X1'] on outcome ['X7']
[2026-04-24 05:31:44,938][dowhy.causal_identifier.auto_identifier][INFO] - Causal effect can be identified.
[2026-04-24 05:31:44,939][dowhy.causal_identifier.auto_identifier][INFO] - Instrumental variables for treatment and outcome:[]
[2026-04-24 05:31:44,939][dowhy.causal_identifier.auto_identifier][INFO] - Frontdoor variables for treatment and outcome:[]
[2026-04-24 05:31:44,939][dowhy.causal_model][INFO] - linear_regression
[2026-04-24 05:31:44,939][dowhy.causal_estimator][INFO] - INFO: Using Linear Regression Estimator
[2026-04-24 05:31:44,940][dowhy.causal_estimator][INFO] - b: X7~X1+X1*X0
[2026-04-24 05:31:44,948][dowhy.causal_model][INFO] - Model to find the causal effect of treatment ['X1'] on outcome ['X8']
[2026-04-24 05:31:44,950][dowhy.causal_identifier.auto_identifier][INFO] - Causal effect can be identified.
[2026-04-24 05:31:44,950][dowhy.causal_identifier.auto_identifier][INFO] - Instrumental variables for treatment and outcome:[]
[2026-04-24 05:31:44,952][dowhy.causal_identifier.auto_identifier][INFO] - Frontdoor variables for treatment and outcome:['X7', 'X11', 'X6']
[2026-04-24 05:31:44,953][dowhy.causal_identifier.auto_identifier][INFO] - Causal effect can be identified.
[2026-04-24 05:31:44,956][dowhy.causal_identifier.auto_identifier][INFO] - Causal effect can be identified.
[2026-04-24 05:31:44,956][dowhy.causal_model][INFO] - linear_regression
[2026-04-24 05:31:44,956][dowhy.causal_estimator][INFO] - INFO: Using Linear Regression Estimator
[2026-04-24 05:31:44,957][dowhy.causal_estimator][INFO] - b: X8~X1+X1*X3+X1*X2+X1*X0
[2026-04-24 05:31:44,964][dowhy.causal_model][INFO] - Model to find the causal effect of treatment ['X1'] on outcome ['X9']
[2026-04-24 05:31:44,966][dowhy.causal_identifier.auto_identifier][INFO] - Causal effect can be identified.
[2026-04-24 05:31:44,967][dowhy.causal_identifier.auto_identifier][INFO] - Instrumental variables for treatment and outcome:[]
[2026-04-24 05:31:44,970][dowhy.causal_identifier.auto_identifier][INFO] - Frontdoor variables for treatment and outcome:['X7', 'X6', 'X11']
[2026-04-24 05:31:44,972][dowhy.causal_identifier.auto_identifier][INFO] - Causal effect can be identified.
[2026-04-24 05:31:44,974][dowhy.causal_identifier.auto_identifier][INFO] - Causal effect can be identified.
[2026-04-24 05:31:44,975][dowhy.causal_model][INFO] - linear_regression
[2026-04-24 05:31:44,975][dowhy.causal_estimator][INFO] - INFO: Using Linear Regression Estimator
[2026-04-24 05:31:44,975][dowhy.causal_estimator][INFO] - b: X9~X1+X1*X3+X1*X2+X1*X0
[2026-04-24 05:31:44,983][dowhy.causal_model][INFO] - Model to find the causal effect of treatment ['X1'] on outcome ['X10']
[2026-04-24 05:31:44,985][dowhy.causal_identifier.auto_identifier][INFO] - Causal effect can be identified.
[2026-04-24 05:31:44,986][dowhy.causal_identifier.auto_identifier][INFO] - Instrumental variables for treatment and outcome:[]
[2026-04-24 05:31:44,989][dowhy.causal_identifier.auto_identifier][INFO] - Frontdoor variables for treatment and outcome:['X7', 'X6', 'X11', 'X8', 'X9', 'X12']
[2026-04-24 05:31:44,991][dowhy.causal_identifier.auto_identifier][INFO] - Causal effect can be identified.
[2026-04-24 05:31:44,993][dowhy.causal_identifier.auto_identifier][INFO] - Causal effect can be identified.
[2026-04-24 05:31:44,995][dowhy.causal_model][INFO] - linear_regression
[2026-04-24 05:31:44,995][dowhy.causal_estimator][INFO] - INFO: Using Linear Regression Estimator
[2026-04-24 05:31:44,995][dowhy.causal_estimator][INFO] - b: X10~X1+X1*X5+X1*X3+X1*X4+X1*X2+X1*X0
[2026-04-24 05:31:45,003][dowhy.causal_model][INFO] - Model to find the causal effect of treatment ['X1'] on outcome ['X11']
[2026-04-24 05:31:45,005][dowhy.causal_identifier.auto_identifier][INFO] - Causal effect can be identified.
[2026-04-24 05:31:45,005][dowhy.causal_identifier.auto_identifier][INFO] - Instrumental variables for treatment and outcome:[]
[2026-04-24 05:31:45,019][dowhy.causal_identifier.auto_identifier][INFO] - Frontdoor variables for treatment and outcome:[]
[2026-04-24 05:31:45,019][dowhy.causal_model][INFO] - linear_regression
[2026-04-24 05:31:45,019][dowhy.causal_estimator][INFO] - INFO: Using Linear Regression Estimator
[2026-04-24 05:31:45,019][dowhy.causal_estimator][INFO] - b: X11~X1+X1*X0
[2026-04-24 05:31:45,027][dowhy.causal_model][INFO] - Model to find the causal effect of treatment ['X1'] on outcome ['X12']
[2026-04-24 05:31:45,028][dowhy.causal_identifier.auto_identifier][INFO] - Causal effect can be identified.
[2026-04-24 05:31:45,029][dowhy.causal_identifier.auto_identifier][INFO] - Instrumental variables for treatment and outcome:[]
[2026-04-24 05:31:45,052][dowhy.causal_identifier.auto_identifier][INFO] - Frontdoor variables for treatment and outcome:['X7', 'X6', 'X11']
[2026-04-24 05:31:45,054][dowhy.causal_identifier.auto_identifier][INFO] - Causal effect can be identified.
[2026-04-24 05:31:45,056][dowhy.causal_identifier.auto_identifier][INFO] - Causal effect can be identified.
[2026-04-24 05:31:45,057][dowhy.causal_model][INFO] - linear_regression
[2026-04-24 05:31:45,057][dowhy.causal_estimator][INFO] - INFO: Using Linear Regression Estimator
[2026-04-24 05:31:45,058][dowhy.causal_estimator][INFO] - b: X12~X1+X1*X3+X1*X2+X1*X0
[2026-04-24 05:31:45,066][dowhy.causal_model][INFO] - Model to find the causal effect of treatment ['X1'] on outcome ['X13']
[2026-04-24 05:31:45,068][dowhy.causal_identifier.auto_identifier][INFO] - Causal effect can be identified.
[2026-04-24 05:31:45,069][dowhy.causal_identifier.auto_identifier][INFO] - Instrumental variables for treatment and outcome:[]
[2026-04-24 05:31:45,085][dowhy.causal_identifier.auto_identifier][INFO] - Frontdoor variables for treatment and outcome:['X7', 'X6', 'X11', 'X8', 'X9', 'X12']
[2026-04-24 05:31:45,088][dowhy.causal_identifier.auto_identifier][INFO] - Causal effect can be identified.
[2026-04-24 05:31:45,090][dowhy.causal_identifier.auto_identifier][INFO] - Causal effect can be identified.
[2026-04-24 05:31:45,092][dowhy.causal_model][INFO] - linear_regression
[2026-04-24 05:31:45,092][dowhy.causal_estimator][INFO] - INFO: Using Linear Regression Estimator
[2026-04-24 05:31:45,092][dowhy.causal_estimator][INFO] - b: X13~X1+X1*X5+X1*X3+X1*X4+X1*X2+X1*X0
[2026-04-24 05:31:45,141][dowhy.causal_model][INFO] - Model to find the causal effect of treatment ['X2'] on outcome ['X0']
[2026-04-24 05:31:45,141][dowhy.causal_identifier.auto_identifier][WARNING] - No directed path from treatment to outcome. Causal Effect is zero.
[2026-04-24 05:31:45,141][dowhy.causal_model][INFO] - linear_regression
[2026-04-24 05:31:45,141][dowhy.causal_estimator][INFO] - INFO: Using Linear Regression Estimator
[2026-04-24 05:31:45,141][dowhy.causal_estimator][WARNING] - No directed path from ['X2'] to ['X0'].
[2026-04-24 05:31:45,143][dowhy.causal_model][INFO] - Model to find the causal effect of treatment ['X2'] on outcome ['X1']
[2026-04-24 05:31:45,143][dowhy.causal_identifier.auto_identifier][WARNING] - No directed path from treatment to outcome. Causal Effect is zero.
[2026-04-24 05:31:45,143][dowhy.causal_model][INFO] - linear_regression
[2026-04-24 05:31:45,143][dowhy.causal_estimator][INFO] - INFO: Using Linear Regression Estimator
[2026-04-24 05:31:45,143][dowhy.causal_estimator][WARNING] - No directed path from ['X2'] to ['X1'].
[2026-04-24 05:31:45,145][dowhy.causal_model][INFO] - Model to find the causal effect of treatment ['X2'] on outcome ['X3']
[2026-04-24 05:31:45,145][dowhy.causal_identifier.auto_identifier][WARNING] - No directed path from treatment to outcome. Causal Effect is zero.
[2026-04-24 05:31:45,145][dowhy.causal_model][INFO] - linear_regression
[2026-04-24 05:31:45,145][dowhy.causal_estimator][INFO] - INFO: Using Linear Regression Estimator
[2026-04-24 05:31:45,145][dowhy.causal_estimator][WARNING] - No directed path from ['X2'] to ['X3'].
[2026-04-24 05:31:45,147][dowhy.causal_model][INFO] - Model to find the causal effect of treatment ['X2'] on outcome ['X4']
[2026-04-24 05:31:45,147][dowhy.causal_identifier.auto_identifier][WARNING] - No directed path from treatment to outcome. Causal Effect is zero.
[2026-04-24 05:31:45,147][dowhy.causal_model][INFO] - linear_regression
[2026-04-24 05:31:45,148][dowhy.causal_estimator][INFO] - INFO: Using Linear Regression Estimator
[2026-04-24 05:31:45,148][dowhy.causal_estimator][WARNING] - No directed path from ['X2'] to ['X4'].
[2026-04-24 05:31:45,150][dowhy.causal_model][INFO] - Model to find the causal effect of treatment ['X2'] on outcome ['X5']
[2026-04-24 05:31:45,150][dowhy.causal_identifier.auto_identifier][WARNING] - No directed path from treatment to outcome. Causal Effect is zero.
[2026-04-24 05:31:45,150][dowhy.causal_model][INFO] - linear_regression
[2026-04-24 05:31:45,150][dowhy.causal_estimator][INFO] - INFO: Using Linear Regression Estimator
[2026-04-24 05:31:45,150][dowhy.causal_estimator][WARNING] - No directed path from ['X2'] to ['X5'].
[2026-04-24 05:31:45,152][dowhy.causal_model][INFO] - Model to find the causal effect of treatment ['X2'] on outcome ['X6']
[2026-04-24 05:31:45,152][dowhy.causal_identifier.auto_identifier][WARNING] - No directed path from treatment to outcome. Causal Effect is zero.
[2026-04-24 05:31:45,152][dowhy.causal_model][INFO] - linear_regression
[2026-04-24 05:31:45,152][dowhy.causal_estimator][INFO] - INFO: Using Linear Regression Estimator
[2026-04-24 05:31:45,152][dowhy.causal_estimator][WARNING] - No directed path from ['X2'] to ['X6'].
[2026-04-24 05:31:45,154][dowhy.causal_model][INFO] - Model to find the causal effect of treatment ['X2'] on outcome ['X7']
[2026-04-24 05:31:45,154][dowhy.causal_identifier.auto_identifier][WARNING] - No directed path from treatment to outcome. Causal Effect is zero.
[2026-04-24 05:31:45,154][dowhy.causal_model][INFO] - linear_regression
[2026-04-24 05:31:45,154][dowhy.causal_estimator][INFO] - INFO: Using Linear Regression Estimator
[2026-04-24 05:31:45,154][dowhy.causal_estimator][WARNING] - No directed path from ['X2'] to ['X7'].
[2026-04-24 05:31:45,155][dowhy.causal_model][INFO] - Model to find the causal effect of treatment ['X2'] on outcome ['X8']
[2026-04-24 05:31:45,158][dowhy.causal_identifier.auto_identifier][INFO] - Causal effect can be identified.
[2026-04-24 05:31:45,159][dowhy.causal_identifier.auto_identifier][INFO] - Instrumental variables for treatment and outcome:[]
[2026-04-24 05:31:45,159][dowhy.causal_identifier.auto_identifier][INFO] - Frontdoor variables for treatment and outcome:[]
[2026-04-24 05:31:45,159][dowhy.causal_model][INFO] - linear_regression
[2026-04-24 05:31:45,159][dowhy.causal_estimator][INFO] - INFO: Using Linear Regression Estimator
[2026-04-24 05:31:45,160][dowhy.causal_estimator][INFO] - b: X8~X2+X2*X7+X2*X3+X2*X6+X2*X1+X2*X0
[2026-04-24 05:31:45,168][dowhy.causal_model][INFO] - Model to find the causal effect of treatment ['X2'] on outcome ['X9']
[2026-04-24 05:31:45,171][dowhy.causal_identifier.auto_identifier][INFO] - Causal effect can be identified.
[2026-04-24 05:31:45,171][dowhy.causal_identifier.auto_identifier][INFO] - Instrumental variables for treatment and outcome:[]
[2026-04-24 05:31:45,172][dowhy.causal_identifier.auto_identifier][INFO] - Frontdoor variables for treatment and outcome:[]
[2026-04-24 05:31:45,172][dowhy.causal_model][INFO] - linear_regression
[2026-04-24 05:31:45,172][dowhy.causal_estimator][INFO] - INFO: Using Linear Regression Estimator
[2026-04-24 05:31:45,172][dowhy.causal_estimator][INFO] - b: X9~X2+X2*X7+X2*X3+X2*X6+X2*X1+X2*X0
[2026-04-24 05:31:45,181][dowhy.causal_model][INFO] - Model to find the causal effect of treatment ['X2'] on outcome ['X10']
[2026-04-24 05:31:45,183][dowhy.causal_identifier.auto_identifier][INFO] - Causal effect can be identified.
[2026-04-24 05:31:45,184][dowhy.causal_identifier.auto_identifier][INFO] - Instrumental variables for treatment and outcome:[]
[2026-04-24 05:31:45,186][dowhy.causal_identifier.auto_identifier][INFO] - Frontdoor variables for treatment and outcome:['X12', 'X8', 'X9']
[2026-04-24 05:31:45,189][dowhy.causal_identifier.auto_identifier][INFO] - Causal effect can be identified.
[2026-04-24 05:31:45,193][dowhy.causal_identifier.auto_identifier][INFO] - Causal effect can be identified.
[2026-04-24 05:31:45,194][dowhy.causal_model][INFO] - linear_regression
[2026-04-24 05:31:45,194][dowhy.causal_estimator][INFO] - INFO: Using Linear Regression Estimator
[2026-04-24 05:31:45,194][dowhy.causal_estimator][INFO] - b: X10~X2+X2*X7+X2*X5+X2*X6+X2*X3+X2*X4+X2*X1+X2*X0
[2026-04-24 05:31:45,203][dowhy.causal_model][INFO] - Model to find the causal effect of treatment ['X2'] on outcome ['X11']
[2026-04-24 05:31:45,203][dowhy.causal_identifier.auto_identifier][WARNING] - No directed path from treatment to outcome. Causal Effect is zero.
[2026-04-24 05:31:45,203][dowhy.causal_model][INFO] - linear_regression
[2026-04-24 05:31:45,203][dowhy.causal_estimator][INFO] - INFO: Using Linear Regression Estimator
[2026-04-24 05:31:45,203][dowhy.causal_estimator][WARNING] - No directed path from ['X2'] to ['X11'].
[2026-04-24 05:31:45,205][dowhy.causal_model][INFO] - Model to find the causal effect of treatment ['X2'] on outcome ['X12']
[2026-04-24 05:31:45,207][dowhy.causal_identifier.auto_identifier][INFO] - Causal effect can be identified.
[2026-04-24 05:31:45,208][dowhy.causal_identifier.auto_identifier][INFO] - Instrumental variables for treatment and outcome:[]
[2026-04-24 05:31:45,210][dowhy.causal_identifier.auto_identifier][INFO] - Frontdoor variables for treatment and outcome:[]
[2026-04-24 05:31:45,210][dowhy.causal_model][INFO] - linear_regression
[2026-04-24 05:31:45,210][dowhy.causal_estimator][INFO] - INFO: Using Linear Regression Estimator
[2026-04-24 05:31:45,210][dowhy.causal_estimator][INFO] - b: X12~X2+X2*X7+X2*X3+X2*X6+X2*X1+X2*X0
[2026-04-24 05:31:45,218][dowhy.causal_model][INFO] - Model to find the causal effect of treatment ['X2'] on outcome ['X13']
[2026-04-24 05:31:45,221][dowhy.causal_identifier.auto_identifier][INFO] - Causal effect can be identified.
[2026-04-24 05:31:45,222][dowhy.causal_identifier.auto_identifier][INFO] - Instrumental variables for treatment and outcome:[]
[2026-04-24 05:31:45,225][dowhy.causal_identifier.auto_identifier][INFO] - Frontdoor variables for treatment and outcome:['X8', 'X9', 'X12']
[2026-04-24 05:31:45,228][dowhy.causal_identifier.auto_identifier][INFO] - Causal effect can be identified.
[2026-04-24 05:31:45,232][dowhy.causal_identifier.auto_identifier][INFO] - Causal effect can be identified.
[2026-04-24 05:31:45,233][dowhy.causal_model][INFO] - linear_regression
[2026-04-24 05:31:45,233][dowhy.causal_estimator][INFO] - INFO: Using Linear Regression Estimator
[2026-04-24 05:31:45,234][dowhy.causal_estimator][INFO] - b: X13~X2+X2*X7+X2*X5+X2*X6+X2*X3+X2*X4+X2*X1+X2*X0
[2026-04-24 05:31:45,278][dowhy.causal_model][INFO] - Model to find the causal effect of treatment ['X3'] on outcome ['X0']
[2026-04-24 05:31:45,278][dowhy.causal_identifier.auto_identifier][WARNING] - No directed path from treatment to outcome. Causal Effect is zero.
[2026-04-24 05:31:45,278][dowhy.causal_model][INFO] - linear_regression
[2026-04-24 05:31:45,278][dowhy.causal_estimator][INFO] - INFO: Using Linear Regression Estimator
[2026-04-24 05:31:45,278][dowhy.causal_estimator][WARNING] - No directed path from ['X3'] to ['X0'].
[2026-04-24 05:31:45,280][dowhy.causal_model][INFO] - Model to find the causal effect of treatment ['X3'] on outcome ['X1']
[2026-04-24 05:31:45,280][dowhy.causal_identifier.auto_identifier][WARNING] - No directed path from treatment to outcome. Causal Effect is zero.
[2026-04-24 05:31:45,281][dowhy.causal_model][INFO] - linear_regression
[2026-04-24 05:31:45,281][dowhy.causal_estimator][INFO] - INFO: Using Linear Regression Estimator
[2026-04-24 05:31:45,281][dowhy.causal_estimator][WARNING] - No directed path from ['X3'] to ['X1'].
[2026-04-24 05:31:45,282][dowhy.causal_model][INFO] - Model to find the causal effect of treatment ['X3'] on outcome ['X2']
[2026-04-24 05:31:45,282][dowhy.causal_identifier.auto_identifier][WARNING] - No directed path from treatment to outcome. Causal Effect is zero.
[2026-04-24 05:31:45,283][dowhy.causal_model][INFO] - linear_regression
[2026-04-24 05:31:45,283][dowhy.causal_estimator][INFO] - INFO: Using Linear Regression Estimator
[2026-04-24 05:31:45,283][dowhy.causal_estimator][WARNING] - No directed path from ['X3'] to ['X2'].
[2026-04-24 05:31:45,284][dowhy.causal_model][INFO] - Model to find the causal effect of treatment ['X3'] on outcome ['X4']
[2026-04-24 05:31:45,284][dowhy.causal_identifier.auto_identifier][WARNING] - No directed path from treatment to outcome. Causal Effect is zero.
[2026-04-24 05:31:45,284][dowhy.causal_model][INFO] - linear_regression
[2026-04-24 05:31:45,285][dowhy.causal_estimator][INFO] - INFO: Using Linear Regression Estimator
[2026-04-24 05:31:45,285][dowhy.causal_estimator][WARNING] - No directed path from ['X3'] to ['X4'].
[2026-04-24 05:31:45,286][dowhy.causal_model][INFO] - Model to find the causal effect of treatment ['X3'] on outcome ['X5']
[2026-04-24 05:31:45,286][dowhy.causal_identifier.auto_identifier][WARNING] - No directed path from treatment to outcome. Causal Effect is zero.
[2026-04-24 05:31:45,287][dowhy.causal_model][INFO] - linear_regression
[2026-04-24 05:31:45,287][dowhy.causal_estimator][INFO] - INFO: Using Linear Regression Estimator
[2026-04-24 05:31:45,287][dowhy.causal_estimator][WARNING] - No directed path from ['X3'] to ['X5'].
[2026-04-24 05:31:45,289][dowhy.causal_model][INFO] - Model to find the causal effect of treatment ['X3'] on outcome ['X6']
[2026-04-24 05:31:45,289][dowhy.causal_identifier.auto_identifier][WARNING] - No directed path from treatment to outcome. Causal Effect is zero.
[2026-04-24 05:31:45,289][dowhy.causal_model][INFO] - linear_regression
[2026-04-24 05:31:45,289][dowhy.causal_estimator][INFO] - INFO: Using Linear Regression Estimator
[2026-04-24 05:31:45,289][dowhy.causal_estimator][WARNING] - No directed path from ['X3'] to ['X6'].
[2026-04-24 05:31:45,291][dowhy.causal_model][INFO] - Model to find the causal effect of treatment ['X3'] on outcome ['X7']
[2026-04-24 05:31:45,291][dowhy.causal_identifier.auto_identifier][WARNING] - No directed path from treatment to outcome. Causal Effect is zero.
[2026-04-24 05:31:45,291][dowhy.causal_model][INFO] - linear_regression
[2026-04-24 05:31:45,291][dowhy.causal_estimator][INFO] - INFO: Using Linear Regression Estimator
[2026-04-24 05:31:45,291][dowhy.causal_estimator][WARNING] - No directed path from ['X3'] to ['X7'].
[2026-04-24 05:31:45,293][dowhy.causal_model][INFO] - Model to find the causal effect of treatment ['X3'] on outcome ['X8']
[2026-04-24 05:31:45,295][dowhy.causal_identifier.auto_identifier][INFO] - Causal effect can be identified.
[2026-04-24 05:31:45,296][dowhy.causal_identifier.auto_identifier][INFO] - Instrumental variables for treatment and outcome:[]
[2026-04-24 05:31:45,296][dowhy.causal_identifier.auto_identifier][INFO] - Frontdoor variables for treatment and outcome:[]
[2026-04-24 05:31:45,296][dowhy.causal_model][INFO] - linear_regression
[2026-04-24 05:31:45,296][dowhy.causal_estimator][INFO] - INFO: Using Linear Regression Estimator
[2026-04-24 05:31:45,297][dowhy.causal_estimator][INFO] - b: X8~X3+X3*X7+X3*X6+X3*X2+X3*X1+X3*X0
[2026-04-24 05:31:45,306][dowhy.causal_model][INFO] - Model to find the causal effect of treatment ['X3'] on outcome ['X9']
[2026-04-24 05:31:45,308][dowhy.causal_identifier.auto_identifier][INFO] - Causal effect can be identified.
[2026-04-24 05:31:45,309][dowhy.causal_identifier.auto_identifier][INFO] - Instrumental variables for treatment and outcome:[]
[2026-04-24 05:31:45,310][dowhy.causal_identifier.auto_identifier][INFO] - Frontdoor variables for treatment and outcome:[]
[2026-04-24 05:31:45,310][dowhy.causal_model][INFO] - linear_regression
[2026-04-24 05:31:45,310][dowhy.causal_estimator][INFO] - INFO: Using Linear Regression Estimator
[2026-04-24 05:31:45,310][dowhy.causal_estimator][INFO] - b: X9~X3+X3*X7+X3*X6+X3*X2+X3*X1+X3*X0
[2026-04-24 05:31:45,320][dowhy.causal_model][INFO] - Model to find the causal effect of treatment ['X3'] on outcome ['X10']
[2026-04-24 05:31:45,323][dowhy.causal_identifier.auto_identifier][INFO] - Causal effect can be identified.
[2026-04-24 05:31:45,324][dowhy.causal_identifier.auto_identifier][INFO] - Instrumental variables for treatment and outcome:[]
[2026-04-24 05:31:45,326][dowhy.causal_identifier.auto_identifier][INFO] - Frontdoor variables for treatment and outcome:['X12', 'X8', 'X9']
[2026-04-24 05:31:45,329][dowhy.causal_identifier.auto_identifier][INFO] - Causal effect can be identified.
[2026-04-24 05:31:45,333][dowhy.causal_identifier.auto_identifier][INFO] - Causal effect can be identified.
[2026-04-24 05:31:45,334][dowhy.causal_model][INFO] - linear_regression
[2026-04-24 05:31:45,334][dowhy.causal_estimator][INFO] - INFO: Using Linear Regression Estimator
[2026-04-24 05:31:45,335][dowhy.causal_estimator][INFO] - b: X10~X3+X3*X7+X3*X5+X3*X6+X3*X4+X3*X2+X3*X1+X3*X0
[2026-04-24 05:31:45,344][dowhy.causal_model][INFO] - Model to find the causal effect of treatment ['X3'] on outcome ['X11']
[2026-04-24 05:31:45,344][dowhy.causal_identifier.auto_identifier][WARNING] - No directed path from treatment to outcome. Causal Effect is zero.
[2026-04-24 05:31:45,344][dowhy.causal_model][INFO] - linear_regression
[2026-04-24 05:31:45,344][dowhy.causal_estimator][INFO] - INFO: Using Linear Regression Estimator
[2026-04-24 05:31:45,344][dowhy.causal_estimator][WARNING] - No directed path from ['X3'] to ['X11'].
[2026-04-24 05:31:45,346][dowhy.causal_model][INFO] - Model to find the causal effect of treatment ['X3'] on outcome ['X12']
[2026-04-24 05:31:45,349][dowhy.causal_identifier.auto_identifier][INFO] - Causal effect can be identified.
[2026-04-24 05:31:45,350][dowhy.causal_identifier.auto_identifier][INFO] - Instrumental variables for treatment and outcome:[]
[2026-04-24 05:31:45,352][dowhy.causal_identifier.auto_identifier][INFO] - Frontdoor variables for treatment and outcome:[]
[2026-04-24 05:31:45,352][dowhy.causal_model][INFO] - linear_regression
[2026-04-24 05:31:45,352][dowhy.causal_estimator][INFO] - INFO: Using Linear Regression Estimator
[2026-04-24 05:31:45,352][dowhy.causal_estimator][INFO] - b: X12~X3+X3*X7+X3*X6+X3*X2+X3*X1+X3*X0
[2026-04-24 05:31:45,361][dowhy.causal_model][INFO] - Model to find the causal effect of treatment ['X3'] on outcome ['X13']
[2026-04-24 05:31:45,364][dowhy.causal_identifier.auto_identifier][INFO] - Causal effect can be identified.
[2026-04-24 05:31:45,365][dowhy.causal_identifier.auto_identifier][INFO] - Instrumental variables for treatment and outcome:[]
[2026-04-24 05:31:45,369][dowhy.causal_identifier.auto_identifier][INFO] - Frontdoor variables for treatment and outcome:['X8', 'X9', 'X12']
[2026-04-24 05:31:45,372][dowhy.causal_identifier.auto_identifier][INFO] - Causal effect can be identified.
[2026-04-24 05:31:45,375][dowhy.causal_identifier.auto_identifier][INFO] - Causal effect can be identified.
[2026-04-24 05:31:45,377][dowhy.causal_model][INFO] - linear_regression
[2026-04-24 05:31:45,377][dowhy.causal_estimator][INFO] - INFO: Using Linear Regression Estimator
[2026-04-24 05:31:45,377][dowhy.causal_estimator][INFO] - b: X13~X3+X3*X7+X3*X5+X3*X6+X3*X4+X3*X2+X3*X1+X3*X0
[2026-04-24 05:31:45,420][dowhy.causal_model][INFO] - Model to find the causal effect of treatment ['X4'] on outcome ['X0']
[2026-04-24 05:31:45,420][dowhy.causal_identifier.auto_identifier][WARNING] - No directed path from treatment to outcome. Causal Effect is zero.
[2026-04-24 05:31:45,420][dowhy.causal_model][INFO] - linear_regression
[2026-04-24 05:31:45,420][dowhy.causal_estimator][INFO] - INFO: Using Linear Regression Estimator
[2026-04-24 05:31:45,420][dowhy.causal_estimator][WARNING] - No directed path from ['X4'] to ['X0'].
[2026-04-24 05:31:45,422][dowhy.causal_model][INFO] - Model to find the causal effect of treatment ['X4'] on outcome ['X1']
[2026-04-24 05:31:45,422][dowhy.causal_identifier.auto_identifier][WARNING] - No directed path from treatment to outcome. Causal Effect is zero.
[2026-04-24 05:31:45,422][dowhy.causal_model][INFO] - linear_regression
[2026-04-24 05:31:45,422][dowhy.causal_estimator][INFO] - INFO: Using Linear Regression Estimator
[2026-04-24 05:31:45,422][dowhy.causal_estimator][WARNING] - No directed path from ['X4'] to ['X1'].
[2026-04-24 05:31:45,424][dowhy.causal_model][INFO] - Model to find the causal effect of treatment ['X4'] on outcome ['X2']
[2026-04-24 05:31:45,424][dowhy.causal_identifier.auto_identifier][WARNING] - No directed path from treatment to outcome. Causal Effect is zero.
[2026-04-24 05:31:45,424][dowhy.causal_model][INFO] - linear_regression
[2026-04-24 05:31:45,424][dowhy.causal_estimator][INFO] - INFO: Using Linear Regression Estimator
[2026-04-24 05:31:45,424][dowhy.causal_estimator][WARNING] - No directed path from ['X4'] to ['X2'].
[2026-04-24 05:31:45,425][dowhy.causal_model][INFO] - Model to find the causal effect of treatment ['X4'] on outcome ['X3']
[2026-04-24 05:31:45,425][dowhy.causal_identifier.auto_identifier][WARNING] - No directed path from treatment to outcome. Causal Effect is zero.
[2026-04-24 05:31:45,426][dowhy.causal_model][INFO] - linear_regression
[2026-04-24 05:31:45,426][dowhy.causal_estimator][INFO] - INFO: Using Linear Regression Estimator
[2026-04-24 05:31:45,426][dowhy.causal_estimator][WARNING] - No directed path from ['X4'] to ['X3'].
[2026-04-24 05:31:45,427][dowhy.causal_model][INFO] - Model to find the causal effect of treatment ['X4'] on outcome ['X5']
[2026-04-24 05:31:45,427][dowhy.causal_identifier.auto_identifier][WARNING] - No directed path from treatment to outcome. Causal Effect is zero.
[2026-04-24 05:31:45,427][dowhy.causal_model][INFO] - linear_regression
[2026-04-24 05:31:45,427][dowhy.causal_estimator][INFO] - INFO: Using Linear Regression Estimator
[2026-04-24 05:31:45,427][dowhy.causal_estimator][WARNING] - No directed path from ['X4'] to ['X5'].
[2026-04-24 05:31:45,429][dowhy.causal_model][INFO] - Model to find the causal effect of treatment ['X4'] on outcome ['X6']
[2026-04-24 05:31:45,429][dowhy.causal_identifier.auto_identifier][WARNING] - No directed path from treatment to outcome. Causal Effect is zero.
[2026-04-24 05:31:45,429][dowhy.causal_model][INFO] - linear_regression
[2026-04-24 05:31:45,429][dowhy.causal_estimator][INFO] - INFO: Using Linear Regression Estimator
[2026-04-24 05:31:45,429][dowhy.causal_estimator][WARNING] - No directed path from ['X4'] to ['X6'].
[2026-04-24 05:31:45,431][dowhy.causal_model][INFO] - Model to find the causal effect of treatment ['X4'] on outcome ['X7']
[2026-04-24 05:31:45,431][dowhy.causal_identifier.auto_identifier][WARNING] - No directed path from treatment to outcome. Causal Effect is zero.
[2026-04-24 05:31:45,431][dowhy.causal_model][INFO] - linear_regression
[2026-04-24 05:31:45,431][dowhy.causal_estimator][INFO] - INFO: Using Linear Regression Estimator
[2026-04-24 05:31:45,431][dowhy.causal_estimator][WARNING] - No directed path from ['X4'] to ['X7'].
[2026-04-24 05:31:45,433][dowhy.causal_model][INFO] - Model to find the causal effect of treatment ['X4'] on outcome ['X8']
[2026-04-24 05:31:45,433][dowhy.causal_identifier.auto_identifier][WARNING] - No directed path from treatment to outcome. Causal Effect is zero.
[2026-04-24 05:31:45,433][dowhy.causal_model][INFO] - linear_regression
[2026-04-24 05:31:45,433][dowhy.causal_estimator][INFO] - INFO: Using Linear Regression Estimator
[2026-04-24 05:31:45,433][dowhy.causal_estimator][WARNING] - No directed path from ['X4'] to ['X8'].
[2026-04-24 05:31:45,435][dowhy.causal_model][INFO] - Model to find the causal effect of treatment ['X4'] on outcome ['X9']
[2026-04-24 05:31:45,435][dowhy.causal_identifier.auto_identifier][WARNING] - No directed path from treatment to outcome. Causal Effect is zero.
[2026-04-24 05:31:45,435][dowhy.causal_model][INFO] - linear_regression
[2026-04-24 05:31:45,435][dowhy.causal_estimator][INFO] - INFO: Using Linear Regression Estimator
[2026-04-24 05:31:45,435][dowhy.causal_estimator][WARNING] - No directed path from ['X4'] to ['X9'].
[2026-04-24 05:31:45,436][dowhy.causal_model][INFO] - Model to find the causal effect of treatment ['X4'] on outcome ['X10']
[2026-04-24 05:31:45,440][dowhy.causal_identifier.auto_identifier][INFO] - Causal effect can be identified.
[2026-04-24 05:31:45,441][dowhy.causal_identifier.auto_identifier][INFO] - Instrumental variables for treatment and outcome:[]
[2026-04-24 05:31:45,441][dowhy.causal_identifier.auto_identifier][INFO] - Frontdoor variables for treatment and outcome:[]
[2026-04-24 05:31:45,442][dowhy.causal_model][INFO] - linear_regression
[2026-04-24 05:31:45,442][dowhy.causal_estimator][INFO] - INFO: Using Linear Regression Estimator
[2026-04-24 05:31:45,442][dowhy.causal_estimator][INFO] - b: X10~X4+X4*X7+X4*X5+X4*X6+X4*X1+X4*X8+X4*X9+X4*X3+X4*X2+X4*X0
[2026-04-24 05:31:45,451][dowhy.causal_model][INFO] - Model to find the causal effect of treatment ['X4'] on outcome ['X11']
[2026-04-24 05:31:45,451][dowhy.causal_identifier.auto_identifier][WARNING] - No directed path from treatment to outcome. Causal Effect is zero.
[2026-04-24 05:31:45,451][dowhy.causal_model][INFO] - linear_regression
[2026-04-24 05:31:45,451][dowhy.causal_estimator][INFO] - INFO: Using Linear Regression Estimator
[2026-04-24 05:31:45,451][dowhy.causal_estimator][WARNING] - No directed path from ['X4'] to ['X11'].
[2026-04-24 05:31:45,453][dowhy.causal_model][INFO] - Model to find the causal effect of treatment ['X4'] on outcome ['X12']
[2026-04-24 05:31:45,453][dowhy.causal_identifier.auto_identifier][WARNING] - No directed path from treatment to outcome. Causal Effect is zero.
[2026-04-24 05:31:45,453][dowhy.causal_model][INFO] - linear_regression
[2026-04-24 05:31:45,453][dowhy.causal_estimator][INFO] - INFO: Using Linear Regression Estimator
[2026-04-24 05:31:45,453][dowhy.causal_estimator][WARNING] - No directed path from ['X4'] to ['X12'].
[2026-04-24 05:31:45,455][dowhy.causal_model][INFO] - Model to find the causal effect of treatment ['X4'] on outcome ['X13']
[2026-04-24 05:31:45,458][dowhy.causal_identifier.auto_identifier][INFO] - Causal effect can be identified.
[2026-04-24 05:31:45,460][dowhy.causal_identifier.auto_identifier][INFO] - Instrumental variables for treatment and outcome:[]
[2026-04-24 05:31:45,460][dowhy.causal_identifier.auto_identifier][INFO] - Frontdoor variables for treatment and outcome:[]
[2026-04-24 05:31:45,460][dowhy.causal_model][INFO] - linear_regression
[2026-04-24 05:31:45,460][dowhy.causal_estimator][INFO] - INFO: Using Linear Regression Estimator
[2026-04-24 05:31:45,460][dowhy.causal_estimator][INFO] - b: X13~X4+X4*X7+X4*X5+X4*X6+X4*X1+X4*X8+X4*X9+X4*X3+X4*X2+X4*X0
[2026-04-24 05:31:45,503][dowhy.causal_model][INFO] - Model to find the causal effect of treatment ['X5'] on outcome ['X0']
[2026-04-24 05:31:45,503][dowhy.causal_identifier.auto_identifier][WARNING] - No directed path from treatment to outcome. Causal Effect is zero.
[2026-04-24 05:31:45,503][dowhy.causal_model][INFO] - linear_regression
[2026-04-24 05:31:45,503][dowhy.causal_estimator][INFO] - INFO: Using Linear Regression Estimator
[2026-04-24 05:31:45,503][dowhy.causal_estimator][WARNING] - No directed path from ['X5'] to ['X0'].
[2026-04-24 05:31:45,505][dowhy.causal_model][INFO] - Model to find the causal effect of treatment ['X5'] on outcome ['X1']
[2026-04-24 05:31:45,505][dowhy.causal_identifier.auto_identifier][WARNING] - No directed path from treatment to outcome. Causal Effect is zero.
[2026-04-24 05:31:45,505][dowhy.causal_model][INFO] - linear_regression
[2026-04-24 05:31:45,505][dowhy.causal_estimator][INFO] - INFO: Using Linear Regression Estimator
[2026-04-24 05:31:45,505][dowhy.causal_estimator][WARNING] - No directed path from ['X5'] to ['X1'].
[2026-04-24 05:31:45,507][dowhy.causal_model][INFO] - Model to find the causal effect of treatment ['X5'] on outcome ['X2']
[2026-04-24 05:31:45,507][dowhy.causal_identifier.auto_identifier][WARNING] - No directed path from treatment to outcome. Causal Effect is zero.
[2026-04-24 05:31:45,508][dowhy.causal_model][INFO] - linear_regression
[2026-04-24 05:31:45,508][dowhy.causal_estimator][INFO] - INFO: Using Linear Regression Estimator
[2026-04-24 05:31:45,508][dowhy.causal_estimator][WARNING] - No directed path from ['X5'] to ['X2'].
[2026-04-24 05:31:45,509][dowhy.causal_model][INFO] - Model to find the causal effect of treatment ['X5'] on outcome ['X3']
[2026-04-24 05:31:45,509][dowhy.causal_identifier.auto_identifier][WARNING] - No directed path from treatment to outcome. Causal Effect is zero.
[2026-04-24 05:31:45,510][dowhy.causal_model][INFO] - linear_regression
[2026-04-24 05:31:45,510][dowhy.causal_estimator][INFO] - INFO: Using Linear Regression Estimator
[2026-04-24 05:31:45,510][dowhy.causal_estimator][WARNING] - No directed path from ['X5'] to ['X3'].
[2026-04-24 05:31:45,511][dowhy.causal_model][INFO] - Model to find the causal effect of treatment ['X5'] on outcome ['X4']
[2026-04-24 05:31:45,511][dowhy.causal_identifier.auto_identifier][WARNING] - No directed path from treatment to outcome. Causal Effect is zero.
[2026-04-24 05:31:45,512][dowhy.causal_model][INFO] - linear_regression
[2026-04-24 05:31:45,512][dowhy.causal_estimator][INFO] - INFO: Using Linear Regression Estimator
[2026-04-24 05:31:45,512][dowhy.causal_estimator][WARNING] - No directed path from ['X5'] to ['X4'].
[2026-04-24 05:31:45,513][dowhy.causal_model][INFO] - Model to find the causal effect of treatment ['X5'] on outcome ['X6']
[2026-04-24 05:31:45,513][dowhy.causal_identifier.auto_identifier][WARNING] - No directed path from treatment to outcome. Causal Effect is zero.
[2026-04-24 05:31:45,513][dowhy.causal_model][INFO] - linear_regression
[2026-04-24 05:31:45,513][dowhy.causal_estimator][INFO] - INFO: Using Linear Regression Estimator
[2026-04-24 05:31:45,513][dowhy.causal_estimator][WARNING] - No directed path from ['X5'] to ['X6'].
[2026-04-24 05:31:45,516][dowhy.causal_model][INFO] - Model to find the causal effect of treatment ['X5'] on outcome ['X7']
[2026-04-24 05:31:45,516][dowhy.causal_identifier.auto_identifier][WARNING] - No directed path from treatment to outcome. Causal Effect is zero.
[2026-04-24 05:31:45,516][dowhy.causal_model][INFO] - linear_regression
[2026-04-24 05:31:45,516][dowhy.causal_estimator][INFO] - INFO: Using Linear Regression Estimator
[2026-04-24 05:31:45,516][dowhy.causal_estimator][WARNING] - No directed path from ['X5'] to ['X7'].
[2026-04-24 05:31:45,518][dowhy.causal_model][INFO] - Model to find the causal effect of treatment ['X5'] on outcome ['X8']
[2026-04-24 05:31:45,518][dowhy.causal_identifier.auto_identifier][WARNING] - No directed path from treatment to outcome. Causal Effect is zero.
[2026-04-24 05:31:45,518][dowhy.causal_model][INFO] - linear_regression
[2026-04-24 05:31:45,518][dowhy.causal_estimator][INFO] - INFO: Using Linear Regression Estimator
[2026-04-24 05:31:45,518][dowhy.causal_estimator][WARNING] - No directed path from ['X5'] to ['X8'].
[2026-04-24 05:31:45,520][dowhy.causal_model][INFO] - Model to find the causal effect of treatment ['X5'] on outcome ['X9']
[2026-04-24 05:31:45,520][dowhy.causal_identifier.auto_identifier][WARNING] - No directed path from treatment to outcome. Causal Effect is zero.
[2026-04-24 05:31:45,520][dowhy.causal_model][INFO] - linear_regression
[2026-04-24 05:31:45,520][dowhy.causal_estimator][INFO] - INFO: Using Linear Regression Estimator
[2026-04-24 05:31:45,520][dowhy.causal_estimator][WARNING] - No directed path from ['X5'] to ['X9'].
[2026-04-24 05:31:45,522][dowhy.causal_model][INFO] - Model to find the causal effect of treatment ['X5'] on outcome ['X10']
[2026-04-24 05:31:45,526][dowhy.causal_identifier.auto_identifier][INFO] - Causal effect can be identified.
[2026-04-24 05:31:45,528][dowhy.causal_identifier.auto_identifier][INFO] - Instrumental variables for treatment and outcome:[]
[2026-04-24 05:31:45,528][dowhy.causal_identifier.auto_identifier][INFO] - Frontdoor variables for treatment and outcome:[]
[2026-04-24 05:31:45,528][dowhy.causal_model][INFO] - linear_regression
[2026-04-24 05:31:45,528][dowhy.causal_estimator][INFO] - INFO: Using Linear Regression Estimator
[2026-04-24 05:31:45,528][dowhy.causal_estimator][INFO] - b: X10~X5+X5*X7+X5*X4+X5*X6+X5*X1+X5*X8+X5*X9+X5*X3+X5*X2+X5*X0
[2026-04-24 05:31:45,538][dowhy.causal_model][INFO] - Model to find the causal effect of treatment ['X5'] on outcome ['X11']
[2026-04-24 05:31:45,538][dowhy.causal_identifier.auto_identifier][WARNING] - No directed path from treatment to outcome. Causal Effect is zero.
[2026-04-24 05:31:45,538][dowhy.causal_model][INFO] - linear_regression
[2026-04-24 05:31:45,538][dowhy.causal_estimator][INFO] - INFO: Using Linear Regression Estimator
[2026-04-24 05:31:45,538][dowhy.causal_estimator][WARNING] - No directed path from ['X5'] to ['X11'].
[2026-04-24 05:31:45,540][dowhy.causal_model][INFO] - Model to find the causal effect of treatment ['X5'] on outcome ['X12']
[2026-04-24 05:31:45,540][dowhy.causal_identifier.auto_identifier][WARNING] - No directed path from treatment to outcome. Causal Effect is zero.
[2026-04-24 05:31:45,540][dowhy.causal_model][INFO] - linear_regression
[2026-04-24 05:31:45,540][dowhy.causal_estimator][INFO] - INFO: Using Linear Regression Estimator
[2026-04-24 05:31:45,540][dowhy.causal_estimator][WARNING] - No directed path from ['X5'] to ['X12'].
[2026-04-24 05:31:45,542][dowhy.causal_model][INFO] - Model to find the causal effect of treatment ['X5'] on outcome ['X13']
[2026-04-24 05:31:45,546][dowhy.causal_identifier.auto_identifier][INFO] - Causal effect can be identified.
[2026-04-24 05:31:45,547][dowhy.causal_identifier.auto_identifier][INFO] - Instrumental variables for treatment and outcome:[]
[2026-04-24 05:31:45,548][dowhy.causal_identifier.auto_identifier][INFO] - Frontdoor variables for treatment and outcome:[]
[2026-04-24 05:31:45,548][dowhy.causal_model][INFO] - linear_regression
[2026-04-24 05:31:45,548][dowhy.causal_estimator][INFO] - INFO: Using Linear Regression Estimator
[2026-04-24 05:31:45,548][dowhy.causal_estimator][INFO] - b: X13~X5+X5*X7+X5*X4+X5*X6+X5*X1+X5*X8+X5*X9+X5*X3+X5*X2+X5*X0
[2026-04-24 05:31:45,598][dowhy.causal_model][INFO] - Model to find the causal effect of treatment ['X6'] on outcome ['X0']
[2026-04-24 05:31:45,598][dowhy.causal_identifier.auto_identifier][WARNING] - No directed path from treatment to outcome. Causal Effect is zero.
[2026-04-24 05:31:45,598][dowhy.causal_model][INFO] - linear_regression
[2026-04-24 05:31:45,599][dowhy.causal_estimator][INFO] - INFO: Using Linear Regression Estimator
[2026-04-24 05:31:45,599][dowhy.causal_estimator][WARNING] - No directed path from ['X6'] to ['X0'].
[2026-04-24 05:31:45,600][dowhy.causal_model][INFO] - Model to find the causal effect of treatment ['X6'] on outcome ['X1']
[2026-04-24 05:31:45,600][dowhy.causal_identifier.auto_identifier][WARNING] - No directed path from treatment to outcome. Causal Effect is zero.
[2026-04-24 05:31:45,601][dowhy.causal_model][INFO] - linear_regression
[2026-04-24 05:31:45,601][dowhy.causal_estimator][INFO] - INFO: Using Linear Regression Estimator
[2026-04-24 05:31:45,601][dowhy.causal_estimator][WARNING] - No directed path from ['X6'] to ['X1'].
[2026-04-24 05:31:45,602][dowhy.causal_model][INFO] - Model to find the causal effect of treatment ['X6'] on outcome ['X2']
[2026-04-24 05:31:45,602][dowhy.causal_identifier.auto_identifier][WARNING] - No directed path from treatment to outcome. Causal Effect is zero.
[2026-04-24 05:31:45,603][dowhy.causal_model][INFO] - linear_regression
[2026-04-24 05:31:45,603][dowhy.causal_estimator][INFO] - INFO: Using Linear Regression Estimator
[2026-04-24 05:31:45,603][dowhy.causal_estimator][WARNING] - No directed path from ['X6'] to ['X2'].
[2026-04-24 05:31:45,604][dowhy.causal_model][INFO] - Model to find the causal effect of treatment ['X6'] on outcome ['X3']
[2026-04-24 05:31:45,604][dowhy.causal_identifier.auto_identifier][WARNING] - No directed path from treatment to outcome. Causal Effect is zero.
[2026-04-24 05:31:45,604][dowhy.causal_model][INFO] - linear_regression
[2026-04-24 05:31:45,604][dowhy.causal_estimator][INFO] - INFO: Using Linear Regression Estimator
[2026-04-24 05:31:45,604][dowhy.causal_estimator][WARNING] - No directed path from ['X6'] to ['X3'].
[2026-04-24 05:31:45,606][dowhy.causal_model][INFO] - Model to find the causal effect of treatment ['X6'] on outcome ['X4']
[2026-04-24 05:31:45,606][dowhy.causal_identifier.auto_identifier][WARNING] - No directed path from treatment to outcome. Causal Effect is zero.
[2026-04-24 05:31:45,606][dowhy.causal_model][INFO] - linear_regression
[2026-04-24 05:31:45,606][dowhy.causal_estimator][INFO] - INFO: Using Linear Regression Estimator
[2026-04-24 05:31:45,606][dowhy.causal_estimator][WARNING] - No directed path from ['X6'] to ['X4'].
[2026-04-24 05:31:45,608][dowhy.causal_model][INFO] - Model to find the causal effect of treatment ['X6'] on outcome ['X5']
[2026-04-24 05:31:45,608][dowhy.causal_identifier.auto_identifier][WARNING] - No directed path from treatment to outcome. Causal Effect is zero.
[2026-04-24 05:31:45,608][dowhy.causal_model][INFO] - linear_regression
[2026-04-24 05:31:45,608][dowhy.causal_estimator][INFO] - INFO: Using Linear Regression Estimator
[2026-04-24 05:31:45,608][dowhy.causal_estimator][WARNING] - No directed path from ['X6'] to ['X5'].
[2026-04-24 05:31:45,610][dowhy.causal_model][INFO] - Model to find the causal effect of treatment ['X6'] on outcome ['X7']
[2026-04-24 05:31:45,612][dowhy.causal_identifier.auto_identifier][INFO] - Causal effect can be identified.
[2026-04-24 05:31:45,612][dowhy.causal_identifier.auto_identifier][INFO] - Instrumental variables for treatment and outcome:['X0']
[2026-04-24 05:31:45,613][dowhy.causal_identifier.auto_identifier][INFO] - Frontdoor variables for treatment and outcome:[]
[2026-04-24 05:31:45,613][dowhy.causal_model][INFO] - linear_regression
[2026-04-24 05:31:45,613][dowhy.causal_estimator][INFO] - INFO: Using Linear Regression Estimator
[2026-04-24 05:31:45,613][dowhy.causal_estimator][INFO] - b: X7~X6+X1
[2026-04-24 05:31:45,621][dowhy.causal_model][INFO] - Model to find the causal effect of treatment ['X6'] on outcome ['X8']
[2026-04-24 05:31:45,623][dowhy.causal_identifier.auto_identifier][INFO] - Causal effect can be identified.
[2026-04-24 05:31:45,624][dowhy.causal_identifier.auto_identifier][INFO] - Instrumental variables for treatment and outcome:['X0']
[2026-04-24 05:31:45,625][dowhy.causal_identifier.auto_identifier][INFO] - Frontdoor variables for treatment and outcome:[]
[2026-04-24 05:31:45,625][dowhy.causal_model][INFO] - linear_regression
[2026-04-24 05:31:45,625][dowhy.causal_estimator][INFO] - INFO: Using Linear Regression Estimator
[2026-04-24 05:31:45,625][dowhy.causal_estimator][INFO] - b: X8~X6+X1+X6*X2+X6*X3
[2026-04-24 05:31:45,634][dowhy.causal_model][INFO] - Model to find the causal effect of treatment ['X6'] on outcome ['X9']
[2026-04-24 05:31:45,636][dowhy.causal_identifier.auto_identifier][INFO] - Causal effect can be identified.
[2026-04-24 05:31:45,637][dowhy.causal_identifier.auto_identifier][INFO] - Instrumental variables for treatment and outcome:['X0']
[2026-04-24 05:31:45,640][dowhy.causal_identifier.auto_identifier][INFO] - Frontdoor variables for treatment and outcome:[]
[2026-04-24 05:31:45,640][dowhy.causal_model][INFO] - linear_regression
[2026-04-24 05:31:45,640][dowhy.causal_estimator][INFO] - INFO: Using Linear Regression Estimator
[2026-04-24 05:31:45,640][dowhy.causal_estimator][INFO] - b: X9~X6+X1+X6*X3+X6*X2
[2026-04-24 05:31:45,649][dowhy.causal_model][INFO] - Model to find the causal effect of treatment ['X6'] on outcome ['X10']
[2026-04-24 05:31:45,651][dowhy.causal_identifier.auto_identifier][INFO] - Causal effect can be identified.
[2026-04-24 05:31:45,651][dowhy.causal_identifier.auto_identifier][INFO] - Instrumental variables for treatment and outcome:['X0']
[2026-04-24 05:31:45,658][dowhy.causal_identifier.auto_identifier][INFO] - Frontdoor variables for treatment and outcome:[]
[2026-04-24 05:31:45,658][dowhy.causal_model][INFO] - linear_regression
[2026-04-24 05:31:45,659][dowhy.causal_estimator][INFO] - INFO: Using Linear Regression Estimator
[2026-04-24 05:31:45,659][dowhy.causal_estimator][INFO] - b: X10~X6+X1+X6*X3+X6*X4+X6*X5+X6*X2
[2026-04-24 05:31:45,668][dowhy.causal_model][INFO] - Model to find the causal effect of treatment ['X6'] on outcome ['X11']
[2026-04-24 05:31:45,670][dowhy.causal_identifier.auto_identifier][INFO] - Causal effect can be identified.
[2026-04-24 05:31:45,670][dowhy.causal_identifier.auto_identifier][INFO] - Instrumental variables for treatment and outcome:['X1']
[2026-04-24 05:31:45,677][dowhy.causal_identifier.auto_identifier][INFO] - Frontdoor variables for treatment and outcome:[]
[2026-04-24 05:31:45,677][dowhy.causal_model][INFO] - linear_regression
[2026-04-24 05:31:45,677][dowhy.causal_estimator][INFO] - INFO: Using Linear Regression Estimator
[2026-04-24 05:31:45,678][dowhy.causal_estimator][INFO] - b: X11~X6+X0
[2026-04-24 05:31:45,685][dowhy.causal_model][INFO] - Model to find the causal effect of treatment ['X6'] on outcome ['X12']
[2026-04-24 05:31:45,687][dowhy.causal_identifier.auto_identifier][INFO] - Causal effect can be identified.
[2026-04-24 05:31:45,688][dowhy.causal_identifier.auto_identifier][INFO] - Instrumental variables for treatment and outcome:['X0']
[2026-04-24 05:31:45,699][dowhy.causal_identifier.auto_identifier][INFO] - Frontdoor variables for treatment and outcome:[]
[2026-04-24 05:31:45,699][dowhy.causal_model][INFO] - linear_regression
[2026-04-24 05:31:45,699][dowhy.causal_estimator][INFO] - INFO: Using Linear Regression Estimator
[2026-04-24 05:31:45,699][dowhy.causal_estimator][INFO] - b: X12~X6+X1+X6*X3+X6*X2
[2026-04-24 05:31:45,708][dowhy.causal_model][INFO] - Model to find the causal effect of treatment ['X6'] on outcome ['X13']
[2026-04-24 05:31:45,710][dowhy.causal_identifier.auto_identifier][INFO] - Causal effect can be identified.
[2026-04-24 05:31:45,711][dowhy.causal_identifier.auto_identifier][INFO] - Instrumental variables for treatment and outcome:['X0']
[2026-04-24 05:31:45,725][dowhy.causal_identifier.auto_identifier][INFO] - Frontdoor variables for treatment and outcome:[]
[2026-04-24 05:31:45,725][dowhy.causal_model][INFO] - linear_regression
[2026-04-24 05:31:45,725][dowhy.causal_estimator][INFO] - INFO: Using Linear Regression Estimator
[2026-04-24 05:31:45,726][dowhy.causal_estimator][INFO] - b: X13~X6+X1+X6*X4+X6*X2+X6*X5+X6*X3
[2026-04-24 05:31:45,777][dowhy.causal_model][INFO] - Model to find the causal effect of treatment ['X7'] on outcome ['X0']
[2026-04-24 05:31:45,777][dowhy.causal_identifier.auto_identifier][WARNING] - No directed path from treatment to outcome. Causal Effect is zero.
[2026-04-24 05:31:45,777][dowhy.causal_model][INFO] - linear_regression
[2026-04-24 05:31:45,777][dowhy.causal_estimator][INFO] - INFO: Using Linear Regression Estimator
[2026-04-24 05:31:45,777][dowhy.causal_estimator][WARNING] - No directed path from ['X7'] to ['X0'].
[2026-04-24 05:31:45,779][dowhy.causal_model][INFO] - Model to find the causal effect of treatment ['X7'] on outcome ['X1']
[2026-04-24 05:31:45,779][dowhy.causal_identifier.auto_identifier][WARNING] - No directed path from treatment to outcome. Causal Effect is zero.
[2026-04-24 05:31:45,779][dowhy.causal_model][INFO] - linear_regression
[2026-04-24 05:31:45,779][dowhy.causal_estimator][INFO] - INFO: Using Linear Regression Estimator
[2026-04-24 05:31:45,779][dowhy.causal_estimator][WARNING] - No directed path from ['X7'] to ['X1'].
[2026-04-24 05:31:45,781][dowhy.causal_model][INFO] - Model to find the causal effect of treatment ['X7'] on outcome ['X2']
[2026-04-24 05:31:45,781][dowhy.causal_identifier.auto_identifier][WARNING] - No directed path from treatment to outcome. Causal Effect is zero.
[2026-04-24 05:31:45,781][dowhy.causal_model][INFO] - linear_regression
[2026-04-24 05:31:45,781][dowhy.causal_estimator][INFO] - INFO: Using Linear Regression Estimator
[2026-04-24 05:31:45,781][dowhy.causal_estimator][WARNING] - No directed path from ['X7'] to ['X2'].
[2026-04-24 05:31:45,783][dowhy.causal_model][INFO] - Model to find the causal effect of treatment ['X7'] on outcome ['X3']
[2026-04-24 05:31:45,783][dowhy.causal_identifier.auto_identifier][WARNING] - No directed path from treatment to outcome. Causal Effect is zero.
[2026-04-24 05:31:45,783][dowhy.causal_model][INFO] - linear_regression
[2026-04-24 05:31:45,784][dowhy.causal_estimator][INFO] - INFO: Using Linear Regression Estimator
[2026-04-24 05:31:45,784][dowhy.causal_estimator][WARNING] - No directed path from ['X7'] to ['X3'].
[2026-04-24 05:31:45,785][dowhy.causal_model][INFO] - Model to find the causal effect of treatment ['X7'] on outcome ['X4']
[2026-04-24 05:31:45,785][dowhy.causal_identifier.auto_identifier][WARNING] - No directed path from treatment to outcome. Causal Effect is zero.
[2026-04-24 05:31:45,785][dowhy.causal_model][INFO] - linear_regression
[2026-04-24 05:31:45,786][dowhy.causal_estimator][INFO] - INFO: Using Linear Regression Estimator
[2026-04-24 05:31:45,786][dowhy.causal_estimator][WARNING] - No directed path from ['X7'] to ['X4'].
[2026-04-24 05:31:45,787][dowhy.causal_model][INFO] - Model to find the causal effect of treatment ['X7'] on outcome ['X5']
[2026-04-24 05:31:45,787][dowhy.causal_identifier.auto_identifier][WARNING] - No directed path from treatment to outcome. Causal Effect is zero.
[2026-04-24 05:31:45,787][dowhy.causal_model][INFO] - linear_regression
[2026-04-24 05:31:45,787][dowhy.causal_estimator][INFO] - INFO: Using Linear Regression Estimator
[2026-04-24 05:31:45,787][dowhy.causal_estimator][WARNING] - No directed path from ['X7'] to ['X5'].
[2026-04-24 05:31:45,789][dowhy.causal_model][INFO] - Model to find the causal effect of treatment ['X7'] on outcome ['X6']
[2026-04-24 05:31:45,789][dowhy.causal_identifier.auto_identifier][WARNING] - No directed path from treatment to outcome. Causal Effect is zero.
[2026-04-24 05:31:45,789][dowhy.causal_model][INFO] - linear_regression
[2026-04-24 05:31:45,789][dowhy.causal_estimator][INFO] - INFO: Using Linear Regression Estimator
[2026-04-24 05:31:45,789][dowhy.causal_estimator][WARNING] - No directed path from ['X7'] to ['X6'].
[2026-04-24 05:31:45,791][dowhy.causal_model][INFO] - Model to find the causal effect of treatment ['X7'] on outcome ['X8']
[2026-04-24 05:31:45,794][dowhy.causal_identifier.auto_identifier][INFO] - Causal effect can be identified.
[2026-04-24 05:31:45,795][dowhy.causal_identifier.auto_identifier][INFO] - Instrumental variables for treatment and outcome:['X6', 'X1']
[2026-04-24 05:31:45,796][dowhy.causal_identifier.auto_identifier][INFO] - Frontdoor variables for treatment and outcome:[]
[2026-04-24 05:31:45,796][dowhy.causal_model][INFO] - linear_regression
[2026-04-24 05:31:45,796][dowhy.causal_estimator][INFO] - INFO: Using Linear Regression Estimator
[2026-04-24 05:31:45,796][dowhy.causal_estimator][INFO] - b: X8~X7+X7*X3+X7*X2
[2026-04-24 05:31:45,805][dowhy.causal_model][INFO] - Model to find the causal effect of treatment ['X7'] on outcome ['X9']
[2026-04-24 05:31:45,807][dowhy.causal_identifier.auto_identifier][INFO] - Causal effect can be identified.
[2026-04-24 05:31:45,808][dowhy.causal_identifier.auto_identifier][INFO] - Instrumental variables for treatment and outcome:['X6', 'X1']
[2026-04-24 05:31:45,809][dowhy.causal_identifier.auto_identifier][INFO] - Frontdoor variables for treatment and outcome:[]
[2026-04-24 05:31:45,809][dowhy.causal_model][INFO] - linear_regression
[2026-04-24 05:31:45,809][dowhy.causal_estimator][INFO] - INFO: Using Linear Regression Estimator
[2026-04-24 05:31:45,810][dowhy.causal_estimator][INFO] - b: X9~X7+X7*X3+X7*X2
[2026-04-24 05:31:45,817][dowhy.causal_model][INFO] - Model to find the causal effect of treatment ['X7'] on outcome ['X10']
[2026-04-24 05:31:45,820][dowhy.causal_identifier.auto_identifier][INFO] - Causal effect can be identified.
[2026-04-24 05:31:45,821][dowhy.causal_identifier.auto_identifier][INFO] - Instrumental variables for treatment and outcome:['X6', 'X1']
[2026-04-24 05:31:45,823][dowhy.causal_identifier.auto_identifier][INFO] - Frontdoor variables for treatment and outcome:['X12', 'X8', 'X9']
[2026-04-24 05:31:45,826][dowhy.causal_identifier.auto_identifier][INFO] - Causal effect can be identified.
[2026-04-24 05:31:45,830][dowhy.causal_identifier.auto_identifier][INFO] - Causal effect can be identified.
[2026-04-24 05:31:45,831][dowhy.causal_model][INFO] - linear_regression
[2026-04-24 05:31:45,831][dowhy.causal_estimator][INFO] - INFO: Using Linear Regression Estimator
[2026-04-24 05:31:45,832][dowhy.causal_estimator][INFO] - b: X10~X7+X7*X3+X7*X4+X7*X5+X7*X2
[2026-04-24 05:31:45,840][dowhy.causal_model][INFO] - Model to find the causal effect of treatment ['X7'] on outcome ['X11']
[2026-04-24 05:31:45,840][dowhy.causal_identifier.auto_identifier][WARNING] - No directed path from treatment to outcome. Causal Effect is zero.
[2026-04-24 05:31:45,840][dowhy.causal_model][INFO] - linear_regression
[2026-04-24 05:31:45,840][dowhy.causal_estimator][INFO] - INFO: Using Linear Regression Estimator
[2026-04-24 05:31:45,840][dowhy.causal_estimator][WARNING] - No directed path from ['X7'] to ['X11'].
[2026-04-24 05:31:45,842][dowhy.causal_model][INFO] - Model to find the causal effect of treatment ['X7'] on outcome ['X12']
[2026-04-24 05:31:45,844][dowhy.causal_identifier.auto_identifier][INFO] - Causal effect can be identified.
[2026-04-24 05:31:45,845][dowhy.causal_identifier.auto_identifier][INFO] - Instrumental variables for treatment and outcome:['X6', 'X1']
[2026-04-24 05:31:45,847][dowhy.causal_identifier.auto_identifier][INFO] - Frontdoor variables for treatment and outcome:[]
[2026-04-24 05:31:45,847][dowhy.causal_model][INFO] - linear_regression
[2026-04-24 05:31:45,847][dowhy.causal_estimator][INFO] - INFO: Using Linear Regression Estimator
[2026-04-24 05:31:45,847][dowhy.causal_estimator][INFO] - b: X12~X7+X7*X3+X7*X2
[2026-04-24 05:31:45,855][dowhy.causal_model][INFO] - Model to find the causal effect of treatment ['X7'] on outcome ['X13']
[2026-04-24 05:31:45,858][dowhy.causal_identifier.auto_identifier][INFO] - Causal effect can be identified.
[2026-04-24 05:31:45,859][dowhy.causal_identifier.auto_identifier][INFO] - Instrumental variables for treatment and outcome:['X6', 'X1']
[2026-04-24 05:31:45,863][dowhy.causal_identifier.auto_identifier][INFO] - Frontdoor variables for treatment and outcome:['X8', 'X9', 'X12']
[2026-04-24 05:31:45,865][dowhy.causal_identifier.auto_identifier][INFO] - Causal effect can be identified.
[2026-04-24 05:31:45,869][dowhy.causal_identifier.auto_identifier][INFO] - Causal effect can be identified.
[2026-04-24 05:31:45,870][dowhy.causal_model][INFO] - linear_regression
[2026-04-24 05:31:45,870][dowhy.causal_estimator][INFO] - INFO: Using Linear Regression Estimator
[2026-04-24 05:31:45,871][dowhy.causal_estimator][INFO] - b: X13~X7+X7*X3+X7*X4+X7*X5+X7*X2
[2026-04-24 05:31:45,916][dowhy.causal_model][INFO] - Model to find the causal effect of treatment ['X8'] on outcome ['X0']
[2026-04-24 05:31:45,917][dowhy.causal_identifier.auto_identifier][WARNING] - No directed path from treatment to outcome. Causal Effect is zero.
[2026-04-24 05:31:45,917][dowhy.causal_model][INFO] - linear_regression
[2026-04-24 05:31:45,917][dowhy.causal_estimator][INFO] - INFO: Using Linear Regression Estimator
[2026-04-24 05:31:45,917][dowhy.causal_estimator][WARNING] - No directed path from ['X8'] to ['X0'].
[2026-04-24 05:31:45,919][dowhy.causal_model][INFO] - Model to find the causal effect of treatment ['X8'] on outcome ['X1']
[2026-04-24 05:31:45,919][dowhy.causal_identifier.auto_identifier][WARNING] - No directed path from treatment to outcome. Causal Effect is zero.
[2026-04-24 05:31:45,919][dowhy.causal_model][INFO] - linear_regression
[2026-04-24 05:31:45,919][dowhy.causal_estimator][INFO] - INFO: Using Linear Regression Estimator
[2026-04-24 05:31:45,919][dowhy.causal_estimator][WARNING] - No directed path from ['X8'] to ['X1'].
[2026-04-24 05:31:45,921][dowhy.causal_model][INFO] - Model to find the causal effect of treatment ['X8'] on outcome ['X2']
[2026-04-24 05:31:45,921][dowhy.causal_identifier.auto_identifier][WARNING] - No directed path from treatment to outcome. Causal Effect is zero.
[2026-04-24 05:31:45,921][dowhy.causal_model][INFO] - linear_regression
[2026-04-24 05:31:45,921][dowhy.causal_estimator][INFO] - INFO: Using Linear Regression Estimator
[2026-04-24 05:31:45,921][dowhy.causal_estimator][WARNING] - No directed path from ['X8'] to ['X2'].
[2026-04-24 05:31:45,923][dowhy.causal_model][INFO] - Model to find the causal effect of treatment ['X8'] on outcome ['X3']
[2026-04-24 05:31:45,923][dowhy.causal_identifier.auto_identifier][WARNING] - No directed path from treatment to outcome. Causal Effect is zero.
[2026-04-24 05:31:45,923][dowhy.causal_model][INFO] - linear_regression
[2026-04-24 05:31:45,923][dowhy.causal_estimator][INFO] - INFO: Using Linear Regression Estimator
[2026-04-24 05:31:45,923][dowhy.causal_estimator][WARNING] - No directed path from ['X8'] to ['X3'].
[2026-04-24 05:31:45,925][dowhy.causal_model][INFO] - Model to find the causal effect of treatment ['X8'] on outcome ['X4']
[2026-04-24 05:31:45,925][dowhy.causal_identifier.auto_identifier][WARNING] - No directed path from treatment to outcome. Causal Effect is zero.
[2026-04-24 05:31:45,925][dowhy.causal_model][INFO] - linear_regression
[2026-04-24 05:31:45,925][dowhy.causal_estimator][INFO] - INFO: Using Linear Regression Estimator
[2026-04-24 05:31:45,925][dowhy.causal_estimator][WARNING] - No directed path from ['X8'] to ['X4'].
[2026-04-24 05:31:45,927][dowhy.causal_model][INFO] - Model to find the causal effect of treatment ['X8'] on outcome ['X5']
[2026-04-24 05:31:45,927][dowhy.causal_identifier.auto_identifier][WARNING] - No directed path from treatment to outcome. Causal Effect is zero.
[2026-04-24 05:31:45,927][dowhy.causal_model][INFO] - linear_regression
[2026-04-24 05:31:45,927][dowhy.causal_estimator][INFO] - INFO: Using Linear Regression Estimator
[2026-04-24 05:31:45,927][dowhy.causal_estimator][WARNING] - No directed path from ['X8'] to ['X5'].
[2026-04-24 05:31:45,929][dowhy.causal_model][INFO] - Model to find the causal effect of treatment ['X8'] on outcome ['X6']
[2026-04-24 05:31:45,929][dowhy.causal_identifier.auto_identifier][WARNING] - No directed path from treatment to outcome. Causal Effect is zero.
[2026-04-24 05:31:45,929][dowhy.causal_model][INFO] - linear_regression
[2026-04-24 05:31:45,929][dowhy.causal_estimator][INFO] - INFO: Using Linear Regression Estimator
[2026-04-24 05:31:45,929][dowhy.causal_estimator][WARNING] - No directed path from ['X8'] to ['X6'].
[2026-04-24 05:31:45,931][dowhy.causal_model][INFO] - Model to find the causal effect of treatment ['X8'] on outcome ['X7']
[2026-04-24 05:31:45,931][dowhy.causal_identifier.auto_identifier][WARNING] - No directed path from treatment to outcome. Causal Effect is zero.
[2026-04-24 05:31:45,931][dowhy.causal_model][INFO] - linear_regression
[2026-04-24 05:31:45,931][dowhy.causal_estimator][INFO] - INFO: Using Linear Regression Estimator
[2026-04-24 05:31:45,931][dowhy.causal_estimator][WARNING] - No directed path from ['X8'] to ['X7'].
[2026-04-24 05:31:45,933][dowhy.causal_model][INFO] - Model to find the causal effect of treatment ['X8'] on outcome ['X9']
[2026-04-24 05:31:45,936][dowhy.causal_identifier.auto_identifier][INFO] - Causal effect can be identified.
[2026-04-24 05:31:45,936][dowhy.causal_identifier.auto_identifier][INFO] - Instrumental variables for treatment and outcome:['X7', 'X2']
[2026-04-24 05:31:45,937][dowhy.causal_identifier.auto_identifier][INFO] - Frontdoor variables for treatment and outcome:[]
[2026-04-24 05:31:45,937][dowhy.causal_model][INFO] - linear_regression
[2026-04-24 05:31:45,937][dowhy.causal_estimator][INFO] - INFO: Using Linear Regression Estimator
[2026-04-24 05:31:45,937][dowhy.causal_estimator][INFO] - b: X9~X8+X3
[2026-04-24 05:31:45,946][dowhy.causal_model][INFO] - Model to find the causal effect of treatment ['X8'] on outcome ['X10']
[2026-04-24 05:31:45,949][dowhy.causal_identifier.auto_identifier][INFO] - Causal effect can be identified.
[2026-04-24 05:31:45,950][dowhy.causal_identifier.auto_identifier][INFO] - Instrumental variables for treatment and outcome:['X7', 'X2']
[2026-04-24 05:31:45,951][dowhy.causal_identifier.auto_identifier][INFO] - Frontdoor variables for treatment and outcome:[]
[2026-04-24 05:31:45,951][dowhy.causal_model][INFO] - linear_regression
[2026-04-24 05:31:45,951][dowhy.causal_estimator][INFO] - INFO: Using Linear Regression Estimator
[2026-04-24 05:31:45,951][dowhy.causal_estimator][INFO] - b: X10~X8+X3+X8*X4+X8*X5
[2026-04-24 05:31:45,961][dowhy.causal_model][INFO] - Model to find the causal effect of treatment ['X8'] on outcome ['X11']
[2026-04-24 05:31:45,961][dowhy.causal_identifier.auto_identifier][WARNING] - No directed path from treatment to outcome. Causal Effect is zero.
[2026-04-24 05:31:45,961][dowhy.causal_model][INFO] - linear_regression
[2026-04-24 05:31:45,961][dowhy.causal_estimator][INFO] - INFO: Using Linear Regression Estimator
[2026-04-24 05:31:45,961][dowhy.causal_estimator][WARNING] - No directed path from ['X8'] to ['X11'].
[2026-04-24 05:31:45,963][dowhy.causal_model][INFO] - Model to find the causal effect of treatment ['X8'] on outcome ['X12']
[2026-04-24 05:31:45,966][dowhy.causal_identifier.auto_identifier][INFO] - Causal effect can be identified.
[2026-04-24 05:31:45,967][dowhy.causal_identifier.auto_identifier][INFO] - Instrumental variables for treatment and outcome:['X7', 'X2']
[2026-04-24 05:31:45,968][dowhy.causal_identifier.auto_identifier][INFO] - Frontdoor variables for treatment and outcome:[]
[2026-04-24 05:31:45,968][dowhy.causal_model][INFO] - linear_regression
[2026-04-24 05:31:45,968][dowhy.causal_estimator][INFO] - INFO: Using Linear Regression Estimator
[2026-04-24 05:31:45,968][dowhy.causal_estimator][INFO] - b: X12~X8+X3
[2026-04-24 05:31:45,977][dowhy.causal_model][INFO] - Model to find the causal effect of treatment ['X8'] on outcome ['X13']
[2026-04-24 05:31:45,980][dowhy.causal_identifier.auto_identifier][INFO] - Causal effect can be identified.
[2026-04-24 05:31:45,981][dowhy.causal_identifier.auto_identifier][INFO] - Instrumental variables for treatment and outcome:['X7', 'X2']
[2026-04-24 05:31:45,982][dowhy.causal_identifier.auto_identifier][INFO] - Frontdoor variables for treatment and outcome:[]
[2026-04-24 05:31:45,983][dowhy.causal_model][INFO] - linear_regression
[2026-04-24 05:31:45,983][dowhy.causal_estimator][INFO] - INFO: Using Linear Regression Estimator
[2026-04-24 05:31:45,983][dowhy.causal_estimator][INFO] - b: X13~X8+X3+X8*X4+X8*X5
[2026-04-24 05:31:46,033][dowhy.causal_model][INFO] - Model to find the causal effect of treatment ['X9'] on outcome ['X0']
[2026-04-24 05:31:46,033][dowhy.causal_identifier.auto_identifier][WARNING] - No directed path from treatment to outcome. Causal Effect is zero.
[2026-04-24 05:31:46,033][dowhy.causal_model][INFO] - linear_regression
[2026-04-24 05:31:46,033][dowhy.causal_estimator][INFO] - INFO: Using Linear Regression Estimator
[2026-04-24 05:31:46,033][dowhy.causal_estimator][WARNING] - No directed path from ['X9'] to ['X0'].
[2026-04-24 05:31:46,035][dowhy.causal_model][INFO] - Model to find the causal effect of treatment ['X9'] on outcome ['X1']
[2026-04-24 05:31:46,035][dowhy.causal_identifier.auto_identifier][WARNING] - No directed path from treatment to outcome. Causal Effect is zero.
[2026-04-24 05:31:46,035][dowhy.causal_model][INFO] - linear_regression
[2026-04-24 05:31:46,035][dowhy.causal_estimator][INFO] - INFO: Using Linear Regression Estimator
[2026-04-24 05:31:46,035][dowhy.causal_estimator][WARNING] - No directed path from ['X9'] to ['X1'].
[2026-04-24 05:31:46,037][dowhy.causal_model][INFO] - Model to find the causal effect of treatment ['X9'] on outcome ['X2']
[2026-04-24 05:31:46,037][dowhy.causal_identifier.auto_identifier][WARNING] - No directed path from treatment to outcome. Causal Effect is zero.
[2026-04-24 05:31:46,037][dowhy.causal_model][INFO] - linear_regression
[2026-04-24 05:31:46,037][dowhy.causal_estimator][INFO] - INFO: Using Linear Regression Estimator
[2026-04-24 05:31:46,037][dowhy.causal_estimator][WARNING] - No directed path from ['X9'] to ['X2'].
[2026-04-24 05:31:46,039][dowhy.causal_model][INFO] - Model to find the causal effect of treatment ['X9'] on outcome ['X3']
[2026-04-24 05:31:46,039][dowhy.causal_identifier.auto_identifier][WARNING] - No directed path from treatment to outcome. Causal Effect is zero.
[2026-04-24 05:31:46,039][dowhy.causal_model][INFO] - linear_regression
[2026-04-24 05:31:46,039][dowhy.causal_estimator][INFO] - INFO: Using Linear Regression Estimator
[2026-04-24 05:31:46,039][dowhy.causal_estimator][WARNING] - No directed path from ['X9'] to ['X3'].
[2026-04-24 05:31:46,041][dowhy.causal_model][INFO] - Model to find the causal effect of treatment ['X9'] on outcome ['X4']
[2026-04-24 05:31:46,041][dowhy.causal_identifier.auto_identifier][WARNING] - No directed path from treatment to outcome. Causal Effect is zero.
[2026-04-24 05:31:46,041][dowhy.causal_model][INFO] - linear_regression
[2026-04-24 05:31:46,041][dowhy.causal_estimator][INFO] - INFO: Using Linear Regression Estimator
[2026-04-24 05:31:46,041][dowhy.causal_estimator][WARNING] - No directed path from ['X9'] to ['X4'].
[2026-04-24 05:31:46,043][dowhy.causal_model][INFO] - Model to find the causal effect of treatment ['X9'] on outcome ['X5']
[2026-04-24 05:31:46,043][dowhy.causal_identifier.auto_identifier][WARNING] - No directed path from treatment to outcome. Causal Effect is zero.
[2026-04-24 05:31:46,043][dowhy.causal_model][INFO] - linear_regression
[2026-04-24 05:31:46,043][dowhy.causal_estimator][INFO] - INFO: Using Linear Regression Estimator
[2026-04-24 05:31:46,043][dowhy.causal_estimator][WARNING] - No directed path from ['X9'] to ['X5'].
[2026-04-24 05:31:46,045][dowhy.causal_model][INFO] - Model to find the causal effect of treatment ['X9'] on outcome ['X6']
[2026-04-24 05:31:46,045][dowhy.causal_identifier.auto_identifier][WARNING] - No directed path from treatment to outcome. Causal Effect is zero.
[2026-04-24 05:31:46,045][dowhy.causal_model][INFO] - linear_regression
[2026-04-24 05:31:46,045][dowhy.causal_estimator][INFO] - INFO: Using Linear Regression Estimator
[2026-04-24 05:31:46,045][dowhy.causal_estimator][WARNING] - No directed path from ['X9'] to ['X6'].
[2026-04-24 05:31:46,046][dowhy.causal_model][INFO] - Model to find the causal effect of treatment ['X9'] on outcome ['X7']
[2026-04-24 05:31:46,046][dowhy.causal_identifier.auto_identifier][WARNING] - No directed path from treatment to outcome. Causal Effect is zero.
[2026-04-24 05:31:46,046][dowhy.causal_model][INFO] - linear_regression
[2026-04-24 05:31:46,047][dowhy.causal_estimator][INFO] - INFO: Using Linear Regression Estimator
[2026-04-24 05:31:46,047][dowhy.causal_estimator][WARNING] - No directed path from ['X9'] to ['X7'].
[2026-04-24 05:31:46,048][dowhy.causal_model][INFO] - Model to find the causal effect of treatment ['X9'] on outcome ['X8']
[2026-04-24 05:31:46,048][dowhy.causal_identifier.auto_identifier][WARNING] - No directed path from treatment to outcome. Causal Effect is zero.
[2026-04-24 05:31:46,048][dowhy.causal_model][INFO] - linear_regression
[2026-04-24 05:31:46,048][dowhy.causal_estimator][INFO] - INFO: Using Linear Regression Estimator
[2026-04-24 05:31:46,048][dowhy.causal_estimator][WARNING] - No directed path from ['X9'] to ['X8'].
[2026-04-24 05:31:46,050][dowhy.causal_model][INFO] - Model to find the causal effect of treatment ['X9'] on outcome ['X10']
[2026-04-24 05:31:46,054][dowhy.causal_identifier.auto_identifier][INFO] - Causal effect can be identified.
[2026-04-24 05:31:46,055][dowhy.causal_identifier.auto_identifier][INFO] - Instrumental variables for treatment and outcome:['X3', 'X8']
[2026-04-24 05:31:46,056][dowhy.causal_identifier.auto_identifier][INFO] - Frontdoor variables for treatment and outcome:[]
[2026-04-24 05:31:46,056][dowhy.causal_model][INFO] - linear_regression
[2026-04-24 05:31:46,056][dowhy.causal_estimator][INFO] - INFO: Using Linear Regression Estimator
[2026-04-24 05:31:46,056][dowhy.causal_estimator][INFO] - b: X10~X9+X9*X4+X9*X5
[2026-04-24 05:31:46,064][dowhy.causal_model][INFO] - Model to find the causal effect of treatment ['X9'] on outcome ['X11']
[2026-04-24 05:31:46,064][dowhy.causal_identifier.auto_identifier][WARNING] - No directed path from treatment to outcome. Causal Effect is zero.
[2026-04-24 05:31:46,064][dowhy.causal_model][INFO] - linear_regression
[2026-04-24 05:31:46,064][dowhy.causal_estimator][INFO] - INFO: Using Linear Regression Estimator
[2026-04-24 05:31:46,064][dowhy.causal_estimator][WARNING] - No directed path from ['X9'] to ['X11'].
[2026-04-24 05:31:46,066][dowhy.causal_model][INFO] - Model to find the causal effect of treatment ['X9'] on outcome ['X12']
[2026-04-24 05:31:46,066][dowhy.causal_identifier.auto_identifier][WARNING] - No directed path from treatment to outcome. Causal Effect is zero.
[2026-04-24 05:31:46,066][dowhy.causal_model][INFO] - linear_regression
[2026-04-24 05:31:46,066][dowhy.causal_estimator][INFO] - INFO: Using Linear Regression Estimator
[2026-04-24 05:31:46,066][dowhy.causal_estimator][WARNING] - No directed path from ['X9'] to ['X12'].
[2026-04-24 05:31:46,068][dowhy.causal_model][INFO] - Model to find the causal effect of treatment ['X9'] on outcome ['X13']
[2026-04-24 05:31:46,071][dowhy.causal_identifier.auto_identifier][INFO] - Causal effect can be identified.
[2026-04-24 05:31:46,072][dowhy.causal_identifier.auto_identifier][INFO] - Instrumental variables for treatment and outcome:['X3', 'X8']
[2026-04-24 05:31:46,073][dowhy.causal_identifier.auto_identifier][INFO] - Frontdoor variables for treatment and outcome:[]
[2026-04-24 05:31:46,073][dowhy.causal_model][INFO] - linear_regression
[2026-04-24 05:31:46,073][dowhy.causal_estimator][INFO] - INFO: Using Linear Regression Estimator
[2026-04-24 05:31:46,073][dowhy.causal_estimator][INFO] - b: X13~X9+X9*X4+X9*X5
[2026-04-24 05:31:46,198][dowhy.causal_model][INFO] - Model to find the causal effect of treatment ['X10'] on outcome ['X0']
[2026-04-24 05:31:46,198][dowhy.causal_identifier.auto_identifier][WARNING] - No directed path from treatment to outcome. Causal Effect is zero.
[2026-04-24 05:31:46,198][dowhy.causal_model][INFO] - linear_regression
[2026-04-24 05:31:46,198][dowhy.causal_estimator][INFO] - INFO: Using Linear Regression Estimator
[2026-04-24 05:31:46,198][dowhy.causal_estimator][WARNING] - No directed path from ['X10'] to ['X0'].
[2026-04-24 05:31:46,200][dowhy.causal_model][INFO] - Model to find the causal effect of treatment ['X10'] on outcome ['X1']
[2026-04-24 05:31:46,200][dowhy.causal_identifier.auto_identifier][WARNING] - No directed path from treatment to outcome. Causal Effect is zero.
[2026-04-24 05:31:46,200][dowhy.causal_model][INFO] - linear_regression
[2026-04-24 05:31:46,200][dowhy.causal_estimator][INFO] - INFO: Using Linear Regression Estimator
[2026-04-24 05:31:46,200][dowhy.causal_estimator][WARNING] - No directed path from ['X10'] to ['X1'].
[2026-04-24 05:31:46,202][dowhy.causal_model][INFO] - Model to find the causal effect of treatment ['X10'] on outcome ['X2']
[2026-04-24 05:31:46,202][dowhy.causal_identifier.auto_identifier][WARNING] - No directed path from treatment to outcome. Causal Effect is zero.
[2026-04-24 05:31:46,202][dowhy.causal_model][INFO] - linear_regression
[2026-04-24 05:31:46,203][dowhy.causal_estimator][INFO] - INFO: Using Linear Regression Estimator
[2026-04-24 05:31:46,203][dowhy.causal_estimator][WARNING] - No directed path from ['X10'] to ['X2'].
[2026-04-24 05:31:46,204][dowhy.causal_model][INFO] - Model to find the causal effect of treatment ['X10'] on outcome ['X3']
[2026-04-24 05:31:46,204][dowhy.causal_identifier.auto_identifier][WARNING] - No directed path from treatment to outcome. Causal Effect is zero.
[2026-04-24 05:31:46,204][dowhy.causal_model][INFO] - linear_regression
[2026-04-24 05:31:46,204][dowhy.causal_estimator][INFO] - INFO: Using Linear Regression Estimator
[2026-04-24 05:31:46,204][dowhy.causal_estimator][WARNING] - No directed path from ['X10'] to ['X3'].
[2026-04-24 05:31:46,206][dowhy.causal_model][INFO] - Model to find the causal effect of treatment ['X10'] on outcome ['X4']
[2026-04-24 05:31:46,206][dowhy.causal_identifier.auto_identifier][WARNING] - No directed path from treatment to outcome. Causal Effect is zero.
[2026-04-24 05:31:46,207][dowhy.causal_model][INFO] - linear_regression
[2026-04-24 05:31:46,207][dowhy.causal_estimator][INFO] - INFO: Using Linear Regression Estimator
[2026-04-24 05:31:46,207][dowhy.causal_estimator][WARNING] - No directed path from ['X10'] to ['X4'].
[2026-04-24 05:31:46,208][dowhy.causal_model][INFO] - Model to find the causal effect of treatment ['X10'] on outcome ['X5']
[2026-04-24 05:31:46,209][dowhy.causal_identifier.auto_identifier][WARNING] - No directed path from treatment to outcome. Causal Effect is zero.
[2026-04-24 05:31:46,209][dowhy.causal_model][INFO] - linear_regression
[2026-04-24 05:31:46,209][dowhy.causal_estimator][INFO] - INFO: Using Linear Regression Estimator
[2026-04-24 05:31:46,209][dowhy.causal_estimator][WARNING] - No directed path from ['X10'] to ['X5'].
[2026-04-24 05:31:46,210][dowhy.causal_model][INFO] - Model to find the causal effect of treatment ['X10'] on outcome ['X6']
[2026-04-24 05:31:46,210][dowhy.causal_identifier.auto_identifier][WARNING] - No directed path from treatment to outcome. Causal Effect is zero.
[2026-04-24 05:31:46,211][dowhy.causal_model][INFO] - linear_regression
[2026-04-24 05:31:46,211][dowhy.causal_estimator][INFO] - INFO: Using Linear Regression Estimator
[2026-04-24 05:31:46,211][dowhy.causal_estimator][WARNING] - No directed path from ['X10'] to ['X6'].
[2026-04-24 05:31:46,212][dowhy.causal_model][INFO] - Model to find the causal effect of treatment ['X10'] on outcome ['X7']
[2026-04-24 05:31:46,212][dowhy.causal_identifier.auto_identifier][WARNING] - No directed path from treatment to outcome. Causal Effect is zero.
[2026-04-24 05:31:46,212][dowhy.causal_model][INFO] - linear_regression
[2026-04-24 05:31:46,212][dowhy.causal_estimator][INFO] - INFO: Using Linear Regression Estimator
[2026-04-24 05:31:46,213][dowhy.causal_estimator][WARNING] - No directed path from ['X10'] to ['X7'].
[2026-04-24 05:31:46,214][dowhy.causal_model][INFO] - Model to find the causal effect of treatment ['X10'] on outcome ['X8']
[2026-04-24 05:31:46,214][dowhy.causal_identifier.auto_identifier][WARNING] - No directed path from treatment to outcome. Causal Effect is zero.
[2026-04-24 05:31:46,214][dowhy.causal_model][INFO] - linear_regression
[2026-04-24 05:31:46,214][dowhy.causal_estimator][INFO] - INFO: Using Linear Regression Estimator
[2026-04-24 05:31:46,214][dowhy.causal_estimator][WARNING] - No directed path from ['X10'] to ['X8'].
[2026-04-24 05:31:46,216][dowhy.causal_model][INFO] - Model to find the causal effect of treatment ['X10'] on outcome ['X9']
[2026-04-24 05:31:46,216][dowhy.causal_identifier.auto_identifier][WARNING] - No directed path from treatment to outcome. Causal Effect is zero.
[2026-04-24 05:31:46,216][dowhy.causal_model][INFO] - linear_regression
[2026-04-24 05:31:46,216][dowhy.causal_estimator][INFO] - INFO: Using Linear Regression Estimator
[2026-04-24 05:31:46,216][dowhy.causal_estimator][WARNING] - No directed path from ['X10'] to ['X9'].
[2026-04-24 05:31:46,218][dowhy.causal_model][INFO] - Model to find the causal effect of treatment ['X10'] on outcome ['X11']
[2026-04-24 05:31:46,218][dowhy.causal_identifier.auto_identifier][WARNING] - No directed path from treatment to outcome. Causal Effect is zero.
[2026-04-24 05:31:46,218][dowhy.causal_model][INFO] - linear_regression
[2026-04-24 05:31:46,218][dowhy.causal_estimator][INFO] - INFO: Using Linear Regression Estimator
[2026-04-24 05:31:46,218][dowhy.causal_estimator][WARNING] - No directed path from ['X10'] to ['X11'].
[2026-04-24 05:31:46,220][dowhy.causal_model][INFO] - Model to find the causal effect of treatment ['X10'] on outcome ['X12']
[2026-04-24 05:31:46,220][dowhy.causal_identifier.auto_identifier][WARNING] - No directed path from treatment to outcome. Causal Effect is zero.
[2026-04-24 05:31:46,220][dowhy.causal_model][INFO] - linear_regression
[2026-04-24 05:31:46,220][dowhy.causal_estimator][INFO] - INFO: Using Linear Regression Estimator
[2026-04-24 05:31:46,220][dowhy.causal_estimator][WARNING] - No directed path from ['X10'] to ['X12'].
[2026-04-24 05:31:46,222][dowhy.causal_model][INFO] - Model to find the causal effect of treatment ['X10'] on outcome ['X13']
[2026-04-24 05:31:46,226][dowhy.causal_identifier.auto_identifier][INFO] - Causal effect can be identified.
[2026-04-24 05:31:46,227][dowhy.causal_identifier.auto_identifier][INFO] - Instrumental variables for treatment and outcome:['X4', 'X9']
[2026-04-24 05:31:46,227][dowhy.causal_identifier.auto_identifier][INFO] - Frontdoor variables for treatment and outcome:[]
[2026-04-24 05:31:46,227][dowhy.causal_model][INFO] - linear_regression
[2026-04-24 05:31:46,227][dowhy.causal_estimator][INFO] - INFO: Using Linear Regression Estimator
[2026-04-24 05:31:46,228][dowhy.causal_estimator][INFO] - b: X13~X10+X5
[2026-04-24 05:31:46,271][dowhy.causal_model][INFO] - Model to find the causal effect of treatment ['X11'] on outcome ['X0']
[2026-04-24 05:31:46,271][dowhy.causal_identifier.auto_identifier][WARNING] - No directed path from treatment to outcome. Causal Effect is zero.
[2026-04-24 05:31:46,272][dowhy.causal_model][INFO] - linear_regression
[2026-04-24 05:31:46,272][dowhy.causal_estimator][INFO] - INFO: Using Linear Regression Estimator
[2026-04-24 05:31:46,272][dowhy.causal_estimator][WARNING] - No directed path from ['X11'] to ['X0'].
[2026-04-24 05:31:46,273][dowhy.causal_model][INFO] - Model to find the causal effect of treatment ['X11'] on outcome ['X1']
[2026-04-24 05:31:46,274][dowhy.causal_identifier.auto_identifier][WARNING] - No directed path from treatment to outcome. Causal Effect is zero.
[2026-04-24 05:31:46,274][dowhy.causal_model][INFO] - linear_regression
[2026-04-24 05:31:46,274][dowhy.causal_estimator][INFO] - INFO: Using Linear Regression Estimator
[2026-04-24 05:31:46,274][dowhy.causal_estimator][WARNING] - No directed path from ['X11'] to ['X1'].
[2026-04-24 05:31:46,275][dowhy.causal_model][INFO] - Model to find the causal effect of treatment ['X11'] on outcome ['X2']
[2026-04-24 05:31:46,275][dowhy.causal_identifier.auto_identifier][WARNING] - No directed path from treatment to outcome. Causal Effect is zero.
[2026-04-24 05:31:46,276][dowhy.causal_model][INFO] - linear_regression
[2026-04-24 05:31:46,276][dowhy.causal_estimator][INFO] - INFO: Using Linear Regression Estimator
[2026-04-24 05:31:46,276][dowhy.causal_estimator][WARNING] - No directed path from ['X11'] to ['X2'].
[2026-04-24 05:31:46,277][dowhy.causal_model][INFO] - Model to find the causal effect of treatment ['X11'] on outcome ['X3']
[2026-04-24 05:31:46,277][dowhy.causal_identifier.auto_identifier][WARNING] - No directed path from treatment to outcome. Causal Effect is zero.
[2026-04-24 05:31:46,277][dowhy.causal_model][INFO] - linear_regression
[2026-04-24 05:31:46,277][dowhy.causal_estimator][INFO] - INFO: Using Linear Regression Estimator
[2026-04-24 05:31:46,277][dowhy.causal_estimator][WARNING] - No directed path from ['X11'] to ['X3'].
[2026-04-24 05:31:46,279][dowhy.causal_model][INFO] - Model to find the causal effect of treatment ['X11'] on outcome ['X4']
[2026-04-24 05:31:46,279][dowhy.causal_identifier.auto_identifier][WARNING] - No directed path from treatment to outcome. Causal Effect is zero.
[2026-04-24 05:31:46,279][dowhy.causal_model][INFO] - linear_regression
[2026-04-24 05:31:46,279][dowhy.causal_estimator][INFO] - INFO: Using Linear Regression Estimator
[2026-04-24 05:31:46,279][dowhy.causal_estimator][WARNING] - No directed path from ['X11'] to ['X4'].
[2026-04-24 05:31:46,281][dowhy.causal_model][INFO] - Model to find the causal effect of treatment ['X11'] on outcome ['X5']
[2026-04-24 05:31:46,281][dowhy.causal_identifier.auto_identifier][WARNING] - No directed path from treatment to outcome. Causal Effect is zero.
[2026-04-24 05:31:46,281][dowhy.causal_model][INFO] - linear_regression
[2026-04-24 05:31:46,281][dowhy.causal_estimator][INFO] - INFO: Using Linear Regression Estimator
[2026-04-24 05:31:46,281][dowhy.causal_estimator][WARNING] - No directed path from ['X11'] to ['X5'].
[2026-04-24 05:31:46,283][dowhy.causal_model][INFO] - Model to find the causal effect of treatment ['X11'] on outcome ['X6']
[2026-04-24 05:31:46,283][dowhy.causal_identifier.auto_identifier][WARNING] - No directed path from treatment to outcome. Causal Effect is zero.
[2026-04-24 05:31:46,283][dowhy.causal_model][INFO] - linear_regression
[2026-04-24 05:31:46,283][dowhy.causal_estimator][INFO] - INFO: Using Linear Regression Estimator
[2026-04-24 05:31:46,283][dowhy.causal_estimator][WARNING] - No directed path from ['X11'] to ['X6'].
[2026-04-24 05:31:46,285][dowhy.causal_model][INFO] - Model to find the causal effect of treatment ['X11'] on outcome ['X7']
[2026-04-24 05:31:46,285][dowhy.causal_identifier.auto_identifier][WARNING] - No directed path from treatment to outcome. Causal Effect is zero.
[2026-04-24 05:31:46,285][dowhy.causal_model][INFO] - linear_regression
[2026-04-24 05:31:46,285][dowhy.causal_estimator][INFO] - INFO: Using Linear Regression Estimator
[2026-04-24 05:31:46,285][dowhy.causal_estimator][WARNING] - No directed path from ['X11'] to ['X7'].
[2026-04-24 05:31:46,287][dowhy.causal_model][INFO] - Model to find the causal effect of treatment ['X11'] on outcome ['X8']
[2026-04-24 05:31:46,287][dowhy.causal_identifier.auto_identifier][WARNING] - No directed path from treatment to outcome. Causal Effect is zero.
[2026-04-24 05:31:46,287][dowhy.causal_model][INFO] - linear_regression
[2026-04-24 05:31:46,287][dowhy.causal_estimator][INFO] - INFO: Using Linear Regression Estimator
[2026-04-24 05:31:46,287][dowhy.causal_estimator][WARNING] - No directed path from ['X11'] to ['X8'].
[2026-04-24 05:31:46,289][dowhy.causal_model][INFO] - Model to find the causal effect of treatment ['X11'] on outcome ['X9']
[2026-04-24 05:31:46,289][dowhy.causal_identifier.auto_identifier][WARNING] - No directed path from treatment to outcome. Causal Effect is zero.
[2026-04-24 05:31:46,289][dowhy.causal_model][INFO] - linear_regression
[2026-04-24 05:31:46,289][dowhy.causal_estimator][INFO] - INFO: Using Linear Regression Estimator
[2026-04-24 05:31:46,289][dowhy.causal_estimator][WARNING] - No directed path from ['X11'] to ['X9'].
[2026-04-24 05:31:46,290][dowhy.causal_model][INFO] - Model to find the causal effect of treatment ['X11'] on outcome ['X10']
[2026-04-24 05:31:46,290][dowhy.causal_identifier.auto_identifier][WARNING] - No directed path from treatment to outcome. Causal Effect is zero.
[2026-04-24 05:31:46,291][dowhy.causal_model][INFO] - linear_regression
[2026-04-24 05:31:46,291][dowhy.causal_estimator][INFO] - INFO: Using Linear Regression Estimator
[2026-04-24 05:31:46,291][dowhy.causal_estimator][WARNING] - No directed path from ['X11'] to ['X10'].
[2026-04-24 05:31:46,292][dowhy.causal_model][INFO] - Model to find the causal effect of treatment ['X11'] on outcome ['X12']
[2026-04-24 05:31:46,292][dowhy.causal_identifier.auto_identifier][WARNING] - No directed path from treatment to outcome. Causal Effect is zero.
[2026-04-24 05:31:46,292][dowhy.causal_model][INFO] - linear_regression
[2026-04-24 05:31:46,292][dowhy.causal_estimator][INFO] - INFO: Using Linear Regression Estimator
[2026-04-24 05:31:46,292][dowhy.causal_estimator][WARNING] - No directed path from ['X11'] to ['X12'].
[2026-04-24 05:31:46,294][dowhy.causal_model][INFO] - Model to find the causal effect of treatment ['X11'] on outcome ['X13']
[2026-04-24 05:31:46,294][dowhy.causal_identifier.auto_identifier][WARNING] - No directed path from treatment to outcome. Causal Effect is zero.
[2026-04-24 05:31:46,294][dowhy.causal_model][INFO] - linear_regression
[2026-04-24 05:31:46,294][dowhy.causal_estimator][INFO] - INFO: Using Linear Regression Estimator
[2026-04-24 05:31:46,294][dowhy.causal_estimator][WARNING] - No directed path from ['X11'] to ['X13'].
[2026-04-24 05:31:46,327][dowhy.causal_model][INFO] - Model to find the causal effect of treatment ['X12'] on outcome ['X0']
[2026-04-24 05:31:46,327][dowhy.causal_identifier.auto_identifier][WARNING] - No directed path from treatment to outcome. Causal Effect is zero.
[2026-04-24 05:31:46,327][dowhy.causal_model][INFO] - linear_regression
[2026-04-24 05:31:46,327][dowhy.causal_estimator][INFO] - INFO: Using Linear Regression Estimator
[2026-04-24 05:31:46,327][dowhy.causal_estimator][WARNING] - No directed path from ['X12'] to ['X0'].
[2026-04-24 05:31:46,329][dowhy.causal_model][INFO] - Model to find the causal effect of treatment ['X12'] on outcome ['X1']
[2026-04-24 05:31:46,329][dowhy.causal_identifier.auto_identifier][WARNING] - No directed path from treatment to outcome. Causal Effect is zero.
[2026-04-24 05:31:46,329][dowhy.causal_model][INFO] - linear_regression
[2026-04-24 05:31:46,329][dowhy.causal_estimator][INFO] - INFO: Using Linear Regression Estimator
[2026-04-24 05:31:46,329][dowhy.causal_estimator][WARNING] - No directed path from ['X12'] to ['X1'].
[2026-04-24 05:31:46,331][dowhy.causal_model][INFO] - Model to find the causal effect of treatment ['X12'] on outcome ['X2']
[2026-04-24 05:31:46,331][dowhy.causal_identifier.auto_identifier][WARNING] - No directed path from treatment to outcome. Causal Effect is zero.
[2026-04-24 05:31:46,331][dowhy.causal_model][INFO] - linear_regression
[2026-04-24 05:31:46,331][dowhy.causal_estimator][INFO] - INFO: Using Linear Regression Estimator
[2026-04-24 05:31:46,331][dowhy.causal_estimator][WARNING] - No directed path from ['X12'] to ['X2'].
[2026-04-24 05:31:46,333][dowhy.causal_model][INFO] - Model to find the causal effect of treatment ['X12'] on outcome ['X3']
[2026-04-24 05:31:46,333][dowhy.causal_identifier.auto_identifier][WARNING] - No directed path from treatment to outcome. Causal Effect is zero.
[2026-04-24 05:31:46,333][dowhy.causal_model][INFO] - linear_regression
[2026-04-24 05:31:46,333][dowhy.causal_estimator][INFO] - INFO: Using Linear Regression Estimator
[2026-04-24 05:31:46,333][dowhy.causal_estimator][WARNING] - No directed path from ['X12'] to ['X3'].
[2026-04-24 05:31:46,335][dowhy.causal_model][INFO] - Model to find the causal effect of treatment ['X12'] on outcome ['X4']
[2026-04-24 05:31:46,335][dowhy.causal_identifier.auto_identifier][WARNING] - No directed path from treatment to outcome. Causal Effect is zero.
[2026-04-24 05:31:46,335][dowhy.causal_model][INFO] - linear_regression
[2026-04-24 05:31:46,335][dowhy.causal_estimator][INFO] - INFO: Using Linear Regression Estimator
[2026-04-24 05:31:46,335][dowhy.causal_estimator][WARNING] - No directed path from ['X12'] to ['X4'].
[2026-04-24 05:31:46,337][dowhy.causal_model][INFO] - Model to find the causal effect of treatment ['X12'] on outcome ['X5']
[2026-04-24 05:31:46,337][dowhy.causal_identifier.auto_identifier][WARNING] - No directed path from treatment to outcome. Causal Effect is zero.
[2026-04-24 05:31:46,337][dowhy.causal_model][INFO] - linear_regression
[2026-04-24 05:31:46,337][dowhy.causal_estimator][INFO] - INFO: Using Linear Regression Estimator
[2026-04-24 05:31:46,337][dowhy.causal_estimator][WARNING] - No directed path from ['X12'] to ['X5'].
[2026-04-24 05:31:46,338][dowhy.causal_model][INFO] - Model to find the causal effect of treatment ['X12'] on outcome ['X6']
[2026-04-24 05:31:46,339][dowhy.causal_identifier.auto_identifier][WARNING] - No directed path from treatment to outcome. Causal Effect is zero.
[2026-04-24 05:31:46,339][dowhy.causal_model][INFO] - linear_regression
[2026-04-24 05:31:46,339][dowhy.causal_estimator][INFO] - INFO: Using Linear Regression Estimator
[2026-04-24 05:31:46,339][dowhy.causal_estimator][WARNING] - No directed path from ['X12'] to ['X6'].
[2026-04-24 05:31:46,340][dowhy.causal_model][INFO] - Model to find the causal effect of treatment ['X12'] on outcome ['X7']
[2026-04-24 05:31:46,340][dowhy.causal_identifier.auto_identifier][WARNING] - No directed path from treatment to outcome. Causal Effect is zero.
[2026-04-24 05:31:46,340][dowhy.causal_model][INFO] - linear_regression
[2026-04-24 05:31:46,341][dowhy.causal_estimator][INFO] - INFO: Using Linear Regression Estimator
[2026-04-24 05:31:46,341][dowhy.causal_estimator][WARNING] - No directed path from ['X12'] to ['X7'].
[2026-04-24 05:31:46,342][dowhy.causal_model][INFO] - Model to find the causal effect of treatment ['X12'] on outcome ['X8']
[2026-04-24 05:31:46,342][dowhy.causal_identifier.auto_identifier][WARNING] - No directed path from treatment to outcome. Causal Effect is zero.
[2026-04-24 05:31:46,342][dowhy.causal_model][INFO] - linear_regression
[2026-04-24 05:31:46,342][dowhy.causal_estimator][INFO] - INFO: Using Linear Regression Estimator
[2026-04-24 05:31:46,342][dowhy.causal_estimator][WARNING] - No directed path from ['X12'] to ['X8'].
[2026-04-24 05:31:46,344][dowhy.causal_model][INFO] - Model to find the causal effect of treatment ['X12'] on outcome ['X9']
[2026-04-24 05:31:46,344][dowhy.causal_identifier.auto_identifier][WARNING] - No directed path from treatment to outcome. Causal Effect is zero.
[2026-04-24 05:31:46,344][dowhy.causal_model][INFO] - linear_regression
[2026-04-24 05:31:46,344][dowhy.causal_estimator][INFO] - INFO: Using Linear Regression Estimator
[2026-04-24 05:31:46,344][dowhy.causal_estimator][WARNING] - No directed path from ['X12'] to ['X9'].
[2026-04-24 05:31:46,346][dowhy.causal_model][INFO] - Model to find the causal effect of treatment ['X12'] on outcome ['X10']
[2026-04-24 05:31:46,346][dowhy.causal_identifier.auto_identifier][WARNING] - No directed path from treatment to outcome. Causal Effect is zero.
[2026-04-24 05:31:46,346][dowhy.causal_model][INFO] - linear_regression
[2026-04-24 05:31:46,346][dowhy.causal_estimator][INFO] - INFO: Using Linear Regression Estimator
[2026-04-24 05:31:46,346][dowhy.causal_estimator][WARNING] - No directed path from ['X12'] to ['X10'].
[2026-04-24 05:31:46,348][dowhy.causal_model][INFO] - Model to find the causal effect of treatment ['X12'] on outcome ['X11']
[2026-04-24 05:31:46,348][dowhy.causal_identifier.auto_identifier][WARNING] - No directed path from treatment to outcome. Causal Effect is zero.
[2026-04-24 05:31:46,348][dowhy.causal_model][INFO] - linear_regression
[2026-04-24 05:31:46,348][dowhy.causal_estimator][INFO] - INFO: Using Linear Regression Estimator
[2026-04-24 05:31:46,348][dowhy.causal_estimator][WARNING] - No directed path from ['X12'] to ['X11'].
[2026-04-24 05:31:46,350][dowhy.causal_model][INFO] - Model to find the causal effect of treatment ['X12'] on outcome ['X13']
[2026-04-24 05:31:46,350][dowhy.causal_identifier.auto_identifier][WARNING] - No directed path from treatment to outcome. Causal Effect is zero.
[2026-04-24 05:31:46,350][dowhy.causal_model][INFO] - linear_regression
[2026-04-24 05:31:46,350][dowhy.causal_estimator][INFO] - INFO: Using Linear Regression Estimator
[2026-04-24 05:31:46,350][dowhy.causal_estimator][WARNING] - No directed path from ['X12'] to ['X13'].
[2026-04-24 05:31:46,383][dowhy.causal_model][INFO] - Model to find the causal effect of treatment ['X13'] on outcome ['X0']
[2026-04-24 05:31:46,383][dowhy.causal_identifier.auto_identifier][WARNING] - No directed path from treatment to outcome. Causal Effect is zero.
[2026-04-24 05:31:46,383][dowhy.causal_model][INFO] - linear_regression
[2026-04-24 05:31:46,383][dowhy.causal_estimator][INFO] - INFO: Using Linear Regression Estimator
[2026-04-24 05:31:46,383][dowhy.causal_estimator][WARNING] - No directed path from ['X13'] to ['X0'].
[2026-04-24 05:31:46,385][dowhy.causal_model][INFO] - Model to find the causal effect of treatment ['X13'] on outcome ['X1']
[2026-04-24 05:31:46,385][dowhy.causal_identifier.auto_identifier][WARNING] - No directed path from treatment to outcome. Causal Effect is zero.
[2026-04-24 05:31:46,385][dowhy.causal_model][INFO] - linear_regression
[2026-04-24 05:31:46,385][dowhy.causal_estimator][INFO] - INFO: Using Linear Regression Estimator
[2026-04-24 05:31:46,385][dowhy.causal_estimator][WARNING] - No directed path from ['X13'] to ['X1'].
[2026-04-24 05:31:46,387][dowhy.causal_model][INFO] - Model to find the causal effect of treatment ['X13'] on outcome ['X2']
[2026-04-24 05:31:46,387][dowhy.causal_identifier.auto_identifier][WARNING] - No directed path from treatment to outcome. Causal Effect is zero.
[2026-04-24 05:31:46,387][dowhy.causal_model][INFO] - linear_regression
[2026-04-24 05:31:46,387][dowhy.causal_estimator][INFO] - INFO: Using Linear Regression Estimator
[2026-04-24 05:31:46,387][dowhy.causal_estimator][WARNING] - No directed path from ['X13'] to ['X2'].
[2026-04-24 05:31:46,389][dowhy.causal_model][INFO] - Model to find the causal effect of treatment ['X13'] on outcome ['X3']
[2026-04-24 05:31:46,389][dowhy.causal_identifier.auto_identifier][WARNING] - No directed path from treatment to outcome. Causal Effect is zero.
[2026-04-24 05:31:46,389][dowhy.causal_model][INFO] - linear_regression
[2026-04-24 05:31:46,389][dowhy.causal_estimator][INFO] - INFO: Using Linear Regression Estimator
[2026-04-24 05:31:46,389][dowhy.causal_estimator][WARNING] - No directed path from ['X13'] to ['X3'].
[2026-04-24 05:31:46,390][dowhy.causal_model][INFO] - Model to find the causal effect of treatment ['X13'] on outcome ['X4']
[2026-04-24 05:31:46,390][dowhy.causal_identifier.auto_identifier][WARNING] - No directed path from treatment to outcome. Causal Effect is zero.
[2026-04-24 05:31:46,390][dowhy.causal_model][INFO] - linear_regression
[2026-04-24 05:31:46,391][dowhy.causal_estimator][INFO] - INFO: Using Linear Regression Estimator
[2026-04-24 05:31:46,391][dowhy.causal_estimator][WARNING] - No directed path from ['X13'] to ['X4'].
[2026-04-24 05:31:46,392][dowhy.causal_model][INFO] - Model to find the causal effect of treatment ['X13'] on outcome ['X5']
[2026-04-24 05:31:46,392][dowhy.causal_identifier.auto_identifier][WARNING] - No directed path from treatment to outcome. Causal Effect is zero.
[2026-04-24 05:31:46,392][dowhy.causal_model][INFO] - linear_regression
[2026-04-24 05:31:46,392][dowhy.causal_estimator][INFO] - INFO: Using Linear Regression Estimator
[2026-04-24 05:31:46,392][dowhy.causal_estimator][WARNING] - No directed path from ['X13'] to ['X5'].
[2026-04-24 05:31:46,394][dowhy.causal_model][INFO] - Model to find the causal effect of treatment ['X13'] on outcome ['X6']
[2026-04-24 05:31:46,394][dowhy.causal_identifier.auto_identifier][WARNING] - No directed path from treatment to outcome. Causal Effect is zero.
[2026-04-24 05:31:46,394][dowhy.causal_model][INFO] - linear_regression
[2026-04-24 05:31:46,394][dowhy.causal_estimator][INFO] - INFO: Using Linear Regression Estimator
[2026-04-24 05:31:46,394][dowhy.causal_estimator][WARNING] - No directed path from ['X13'] to ['X6'].
[2026-04-24 05:31:46,396][dowhy.causal_model][INFO] - Model to find the causal effect of treatment ['X13'] on outcome ['X7']
[2026-04-24 05:31:46,396][dowhy.causal_identifier.auto_identifier][WARNING] - No directed path from treatment to outcome. Causal Effect is zero.
[2026-04-24 05:31:46,396][dowhy.causal_model][INFO] - linear_regression
[2026-04-24 05:31:46,396][dowhy.causal_estimator][INFO] - INFO: Using Linear Regression Estimator
[2026-04-24 05:31:46,396][dowhy.causal_estimator][WARNING] - No directed path from ['X13'] to ['X7'].
[2026-04-24 05:31:46,398][dowhy.causal_model][INFO] - Model to find the causal effect of treatment ['X13'] on outcome ['X8']
[2026-04-24 05:31:46,398][dowhy.causal_identifier.auto_identifier][WARNING] - No directed path from treatment to outcome. Causal Effect is zero.
[2026-04-24 05:31:46,398][dowhy.causal_model][INFO] - linear_regression
[2026-04-24 05:31:46,398][dowhy.causal_estimator][INFO] - INFO: Using Linear Regression Estimator
[2026-04-24 05:31:46,398][dowhy.causal_estimator][WARNING] - No directed path from ['X13'] to ['X8'].
[2026-04-24 05:31:46,400][dowhy.causal_model][INFO] - Model to find the causal effect of treatment ['X13'] on outcome ['X9']
[2026-04-24 05:31:46,400][dowhy.causal_identifier.auto_identifier][WARNING] - No directed path from treatment to outcome. Causal Effect is zero.
[2026-04-24 05:31:46,400][dowhy.causal_model][INFO] - linear_regression
[2026-04-24 05:31:46,400][dowhy.causal_estimator][INFO] - INFO: Using Linear Regression Estimator
[2026-04-24 05:31:46,400][dowhy.causal_estimator][WARNING] - No directed path from ['X13'] to ['X9'].
[2026-04-24 05:31:46,402][dowhy.causal_model][INFO] - Model to find the causal effect of treatment ['X13'] on outcome ['X10']
[2026-04-24 05:31:46,402][dowhy.causal_identifier.auto_identifier][WARNING] - No directed path from treatment to outcome. Causal Effect is zero.
[2026-04-24 05:31:46,402][dowhy.causal_model][INFO] - linear_regression
[2026-04-24 05:31:46,402][dowhy.causal_estimator][INFO] - INFO: Using Linear Regression Estimator
[2026-04-24 05:31:46,402][dowhy.causal_estimator][WARNING] - No directed path from ['X13'] to ['X10'].
[2026-04-24 05:31:46,404][dowhy.causal_model][INFO] - Model to find the causal effect of treatment ['X13'] on outcome ['X11']
[2026-04-24 05:31:46,404][dowhy.causal_identifier.auto_identifier][WARNING] - No directed path from treatment to outcome. Causal Effect is zero.
[2026-04-24 05:31:46,404][dowhy.causal_model][INFO] - linear_regression
[2026-04-24 05:31:46,404][dowhy.causal_estimator][INFO] - INFO: Using Linear Regression Estimator
[2026-04-24 05:31:46,404][dowhy.causal_estimator][WARNING] - No directed path from ['X13'] to ['X11'].
[2026-04-24 05:31:46,406][dowhy.causal_model][INFO] - Model to find the causal effect of treatment ['X13'] on outcome ['X12']
[2026-04-24 05:31:46,406][dowhy.causal_identifier.auto_identifier][WARNING] - No directed path from treatment to outcome. Causal Effect is zero.
[2026-04-24 05:31:46,406][dowhy.causal_model][INFO] - linear_regression
[2026-04-24 05:31:46,406][dowhy.causal_estimator][INFO] - INFO: Using Linear Regression Estimator
[2026-04-24 05:31:46,406][dowhy.causal_estimator][WARNING] - No directed path from ['X13'] to ['X12'].
[2026-04-24 05:31:46,467][dowhy.causal_model][INFO] - Model to find the causal effect of treatment ['X0'] on outcome ['X1']
[2026-04-24 05:31:46,467][dowhy.causal_identifier.auto_identifier][WARNING] - No directed path from treatment to outcome. Causal Effect is zero.
[2026-04-24 05:31:46,467][dowhy.causal_model][INFO] - linear_regression
[2026-04-24 05:31:46,467][dowhy.causal_estimator][INFO] - INFO: Using Linear Regression Estimator
[2026-04-24 05:31:46,467][dowhy.causal_estimator][WARNING] - No directed path from ['X0'] to ['X1'].
[2026-04-24 05:31:46,469][dowhy.causal_model][INFO] - Model to find the causal effect of treatment ['X0'] on outcome ['X2']
[2026-04-24 05:31:46,469][dowhy.causal_identifier.auto_identifier][WARNING] - No directed path from treatment to outcome. Causal Effect is zero.
[2026-04-24 05:31:46,469][dowhy.causal_model][INFO] - linear_regression
[2026-04-24 05:31:46,469][dowhy.causal_estimator][INFO] - INFO: Using Linear Regression Estimator
[2026-04-24 05:31:46,469][dowhy.causal_estimator][WARNING] - No directed path from ['X0'] to ['X2'].
[2026-04-24 05:31:46,471][dowhy.causal_model][INFO] - Model to find the causal effect of treatment ['X0'] on outcome ['X3']
[2026-04-24 05:31:46,471][dowhy.causal_identifier.auto_identifier][WARNING] - No directed path from treatment to outcome. Causal Effect is zero.
[2026-04-24 05:31:46,471][dowhy.causal_model][INFO] - linear_regression
[2026-04-24 05:31:46,471][dowhy.causal_estimator][INFO] - INFO: Using Linear Regression Estimator
[2026-04-24 05:31:46,472][dowhy.causal_estimator][WARNING] - No directed path from ['X0'] to ['X3'].
[2026-04-24 05:31:46,473][dowhy.causal_model][INFO] - Model to find the causal effect of treatment ['X0'] on outcome ['X4']
[2026-04-24 05:31:46,473][dowhy.causal_identifier.auto_identifier][WARNING] - No directed path from treatment to outcome. Causal Effect is zero.
[2026-04-24 05:31:46,473][dowhy.causal_model][INFO] - linear_regression
[2026-04-24 05:31:46,473][dowhy.causal_estimator][INFO] - INFO: Using Linear Regression Estimator
[2026-04-24 05:31:46,473][dowhy.causal_estimator][WARNING] - No directed path from ['X0'] to ['X4'].
[2026-04-24 05:31:46,475][dowhy.causal_model][INFO] - Model to find the causal effect of treatment ['X0'] on outcome ['X5']
[2026-04-24 05:31:46,476][dowhy.causal_identifier.auto_identifier][WARNING] - No directed path from treatment to outcome. Causal Effect is zero.
[2026-04-24 05:31:46,476][dowhy.causal_model][INFO] - linear_regression
[2026-04-24 05:31:46,476][dowhy.causal_estimator][INFO] - INFO: Using Linear Regression Estimator
[2026-04-24 05:31:46,476][dowhy.causal_estimator][WARNING] - No directed path from ['X0'] to ['X5'].
[2026-04-24 05:31:46,478][dowhy.causal_model][INFO] - Model to find the causal effect of treatment ['X0'] on outcome ['X6']
[2026-04-24 05:31:46,479][dowhy.causal_identifier.auto_identifier][INFO] - Causal effect can be identified.
[2026-04-24 05:31:46,480][dowhy.causal_identifier.auto_identifier][INFO] - Instrumental variables for treatment and outcome:[]
[2026-04-24 05:31:46,480][dowhy.causal_identifier.auto_identifier][INFO] - Frontdoor variables for treatment and outcome:[]
[2026-04-24 05:31:46,480][dowhy.causal_model][INFO] - linear_regression
[2026-04-24 05:31:46,480][dowhy.causal_estimator][INFO] - INFO: Using Linear Regression Estimator
[2026-04-24 05:31:46,480][dowhy.causal_estimator][INFO] - b: X6~X0+X0*X1
[2026-04-24 05:31:46,489][dowhy.causal_model][INFO] - Model to find the causal effect of treatment ['X0'] on outcome ['X7']
[2026-04-24 05:31:46,490][dowhy.causal_identifier.auto_identifier][INFO] - Causal effect can be identified.
[2026-04-24 05:31:46,491][dowhy.causal_identifier.auto_identifier][INFO] - Instrumental variables for treatment and outcome:[]
[2026-04-24 05:31:46,491][dowhy.causal_identifier.auto_identifier][INFO] - Frontdoor variables for treatment and outcome:[]
[2026-04-24 05:31:46,491][dowhy.causal_model][INFO] - linear_regression
[2026-04-24 05:31:46,491][dowhy.causal_estimator][INFO] - INFO: Using Linear Regression Estimator
[2026-04-24 05:31:46,492][dowhy.causal_estimator][INFO] - b: X7~X0+X0*X1
[2026-04-24 05:31:46,500][dowhy.causal_model][INFO] - Model to find the causal effect of treatment ['X0'] on outcome ['X8']
[2026-04-24 05:31:46,502][dowhy.causal_identifier.auto_identifier][INFO] - Causal effect can be identified.
[2026-04-24 05:31:46,502][dowhy.causal_identifier.auto_identifier][INFO] - Instrumental variables for treatment and outcome:[]
[2026-04-24 05:31:46,504][dowhy.causal_identifier.auto_identifier][INFO] - Frontdoor variables for treatment and outcome:['X7', 'X11', 'X6']
[2026-04-24 05:31:46,506][dowhy.causal_identifier.auto_identifier][INFO] - Causal effect can be identified.
[2026-04-24 05:31:46,508][dowhy.causal_identifier.auto_identifier][INFO] - Causal effect can be identified.
[2026-04-24 05:31:46,509][dowhy.causal_model][INFO] - linear_regression
[2026-04-24 05:31:46,509][dowhy.causal_estimator][INFO] - INFO: Using Linear Regression Estimator
[2026-04-24 05:31:46,509][dowhy.causal_estimator][INFO] - b: X8~X0+X0*X3+X0*X2+X0*X1
[2026-04-24 05:31:46,517][dowhy.causal_model][INFO] - Model to find the causal effect of treatment ['X0'] on outcome ['X9']
[2026-04-24 05:31:46,519][dowhy.causal_identifier.auto_identifier][INFO] - Causal effect can be identified.
[2026-04-24 05:31:46,519][dowhy.causal_identifier.auto_identifier][INFO] - Instrumental variables for treatment and outcome:[]
[2026-04-24 05:31:46,523][dowhy.causal_identifier.auto_identifier][INFO] - Frontdoor variables for treatment and outcome:['X7', 'X6', 'X11']
[2026-04-24 05:31:46,525][dowhy.causal_identifier.auto_identifier][INFO] - Causal effect can be identified.
[2026-04-24 05:31:46,527][dowhy.causal_identifier.auto_identifier][INFO] - Causal effect can be identified.
[2026-04-24 05:31:46,528][dowhy.causal_model][INFO] - linear_regression
[2026-04-24 05:31:46,528][dowhy.causal_estimator][INFO] - INFO: Using Linear Regression Estimator
[2026-04-24 05:31:46,528][dowhy.causal_estimator][INFO] - b: X9~X0+X0*X3+X0*X2+X0*X1
[2026-04-24 05:31:46,536][dowhy.causal_model][INFO] - Model to find the causal effect of treatment ['X0'] on outcome ['X10']
[2026-04-24 05:31:46,538][dowhy.causal_identifier.auto_identifier][INFO] - Causal effect can be identified.
[2026-04-24 05:31:46,538][dowhy.causal_identifier.auto_identifier][INFO] - Instrumental variables for treatment and outcome:[]
[2026-04-24 05:31:46,541][dowhy.causal_identifier.auto_identifier][INFO] - Frontdoor variables for treatment and outcome:['X7', 'X6', 'X11', 'X8', 'X9', 'X12']
[2026-04-24 05:31:46,543][dowhy.causal_identifier.auto_identifier][INFO] - Causal effect can be identified.
[2026-04-24 05:31:46,546][dowhy.causal_identifier.auto_identifier][INFO] - Causal effect can be identified.
[2026-04-24 05:31:46,547][dowhy.causal_model][INFO] - linear_regression
[2026-04-24 05:31:46,547][dowhy.causal_estimator][INFO] - INFO: Using Linear Regression Estimator
[2026-04-24 05:31:46,547][dowhy.causal_estimator][INFO] - b: X10~X0+X0*X5+X0*X3+X0*X4+X0*X2+X0*X1
[2026-04-24 05:31:46,555][dowhy.causal_model][INFO] - Model to find the causal effect of treatment ['X0'] on outcome ['X11']
[2026-04-24 05:31:46,557][dowhy.causal_identifier.auto_identifier][INFO] - Causal effect can be identified.
[2026-04-24 05:31:46,557][dowhy.causal_identifier.auto_identifier][INFO] - Instrumental variables for treatment and outcome:[]
[2026-04-24 05:31:46,571][dowhy.causal_identifier.auto_identifier][INFO] - Frontdoor variables for treatment and outcome:[]
[2026-04-24 05:31:46,571][dowhy.causal_model][INFO] - linear_regression
[2026-04-24 05:31:46,571][dowhy.causal_estimator][INFO] - INFO: Using Linear Regression Estimator
[2026-04-24 05:31:46,571][dowhy.causal_estimator][INFO] - b: X11~X0+X0*X1
[2026-04-24 05:31:46,579][dowhy.causal_model][INFO] - Model to find the causal effect of treatment ['X0'] on outcome ['X12']
[2026-04-24 05:31:46,581][dowhy.causal_identifier.auto_identifier][INFO] - Causal effect can be identified.
[2026-04-24 05:31:46,581][dowhy.causal_identifier.auto_identifier][INFO] - Instrumental variables for treatment and outcome:[]
[2026-04-24 05:31:46,604][dowhy.causal_identifier.auto_identifier][INFO] - Frontdoor variables for treatment and outcome:['X7', 'X6', 'X11']
[2026-04-24 05:31:46,606][dowhy.causal_identifier.auto_identifier][INFO] - Causal effect can be identified.
[2026-04-24 05:31:46,608][dowhy.causal_identifier.auto_identifier][INFO] - Causal effect can be identified.
[2026-04-24 05:31:46,609][dowhy.causal_model][INFO] - linear_regression
[2026-04-24 05:31:46,609][dowhy.causal_estimator][INFO] - INFO: Using Linear Regression Estimator
[2026-04-24 05:31:46,609][dowhy.causal_estimator][INFO] - b: X12~X0+X0*X3+X0*X2+X0*X1
[2026-04-24 05:31:46,617][dowhy.causal_model][INFO] - Model to find the causal effect of treatment ['X0'] on outcome ['X13']
[2026-04-24 05:31:46,619][dowhy.causal_identifier.auto_identifier][INFO] - Causal effect can be identified.
[2026-04-24 05:31:46,620][dowhy.causal_identifier.auto_identifier][INFO] - Instrumental variables for treatment and outcome:[]
[2026-04-24 05:31:46,637][dowhy.causal_identifier.auto_identifier][INFO] - Frontdoor variables for treatment and outcome:['X7', 'X6', 'X11', 'X8', 'X9', 'X12']
[2026-04-24 05:31:46,639][dowhy.causal_identifier.auto_identifier][INFO] - Causal effect can be identified.
[2026-04-24 05:31:46,642][dowhy.causal_identifier.auto_identifier][INFO] - Causal effect can be identified.
[2026-04-24 05:31:46,643][dowhy.causal_model][INFO] - linear_regression
[2026-04-24 05:31:46,643][dowhy.causal_estimator][INFO] - INFO: Using Linear Regression Estimator
[2026-04-24 05:31:46,643][dowhy.causal_estimator][INFO] - b: X13~X0+X0*X5+X0*X3+X0*X4+X0*X2+X0*X1
[2026-04-24 05:31:46,693][dowhy.causal_model][INFO] - Model to find the causal effect of treatment ['X1'] on outcome ['X0']
[2026-04-24 05:31:46,693][dowhy.causal_identifier.auto_identifier][WARNING] - No directed path from treatment to outcome. Causal Effect is zero.
[2026-04-24 05:31:46,693][dowhy.causal_model][INFO] - linear_regression
[2026-04-24 05:31:46,693][dowhy.causal_estimator][INFO] - INFO: Using Linear Regression Estimator
[2026-04-24 05:31:46,693][dowhy.causal_estimator][WARNING] - No directed path from ['X1'] to ['X0'].
[2026-04-24 05:31:46,695][dowhy.causal_model][INFO] - Model to find the causal effect of treatment ['X1'] on outcome ['X2']
[2026-04-24 05:31:46,695][dowhy.causal_identifier.auto_identifier][WARNING] - No directed path from treatment to outcome. Causal Effect is zero.
[2026-04-24 05:31:46,696][dowhy.causal_model][INFO] - linear_regression
[2026-04-24 05:31:46,696][dowhy.causal_estimator][INFO] - INFO: Using Linear Regression Estimator
[2026-04-24 05:31:46,696][dowhy.causal_estimator][WARNING] - No directed path from ['X1'] to ['X2'].
[2026-04-24 05:31:46,697][dowhy.causal_model][INFO] - Model to find the causal effect of treatment ['X1'] on outcome ['X3']
[2026-04-24 05:31:46,698][dowhy.causal_identifier.auto_identifier][WARNING] - No directed path from treatment to outcome. Causal Effect is zero.
[2026-04-24 05:31:46,698][dowhy.causal_model][INFO] - linear_regression
[2026-04-24 05:31:46,698][dowhy.causal_estimator][INFO] - INFO: Using Linear Regression Estimator
[2026-04-24 05:31:46,698][dowhy.causal_estimator][WARNING] - No directed path from ['X1'] to ['X3'].
[2026-04-24 05:31:46,700][dowhy.causal_model][INFO] - Model to find the causal effect of treatment ['X1'] on outcome ['X4']
[2026-04-24 05:31:46,700][dowhy.causal_identifier.auto_identifier][WARNING] - No directed path from treatment to outcome. Causal Effect is zero.
[2026-04-24 05:31:46,700][dowhy.causal_model][INFO] - linear_regression
[2026-04-24 05:31:46,700][dowhy.causal_estimator][INFO] - INFO: Using Linear Regression Estimator
[2026-04-24 05:31:46,700][dowhy.causal_estimator][WARNING] - No directed path from ['X1'] to ['X4'].
[2026-04-24 05:31:46,702][dowhy.causal_model][INFO] - Model to find the causal effect of treatment ['X1'] on outcome ['X5']
[2026-04-24 05:31:46,702][dowhy.causal_identifier.auto_identifier][WARNING] - No directed path from treatment to outcome. Causal Effect is zero.
[2026-04-24 05:31:46,702][dowhy.causal_model][INFO] - linear_regression
[2026-04-24 05:31:46,702][dowhy.causal_estimator][INFO] - INFO: Using Linear Regression Estimator
[2026-04-24 05:31:46,702][dowhy.causal_estimator][WARNING] - No directed path from ['X1'] to ['X5'].
[2026-04-24 05:31:46,704][dowhy.causal_model][INFO] - Model to find the causal effect of treatment ['X1'] on outcome ['X6']
[2026-04-24 05:31:46,705][dowhy.causal_identifier.auto_identifier][INFO] - Causal effect can be identified.
[2026-04-24 05:31:46,706][dowhy.causal_identifier.auto_identifier][INFO] - Instrumental variables for treatment and outcome:[]
[2026-04-24 05:31:46,706][dowhy.causal_identifier.auto_identifier][INFO] - Frontdoor variables for treatment and outcome:[]
[2026-04-24 05:31:46,706][dowhy.causal_model][INFO] - linear_regression
[2026-04-24 05:31:46,706][dowhy.causal_estimator][INFO] - INFO: Using Linear Regression Estimator
[2026-04-24 05:31:46,706][dowhy.causal_estimator][INFO] - b: X6~X1+X1*X0
[2026-04-24 05:31:46,715][dowhy.causal_model][INFO] - Model to find the causal effect of treatment ['X1'] on outcome ['X7']
[2026-04-24 05:31:46,716][dowhy.causal_identifier.auto_identifier][INFO] - Causal effect can be identified.
[2026-04-24 05:31:46,717][dowhy.causal_identifier.auto_identifier][INFO] - Instrumental variables for treatment and outcome:[]
[2026-04-24 05:31:46,717][dowhy.causal_identifier.auto_identifier][INFO] - Frontdoor variables for treatment and outcome:[]
[2026-04-24 05:31:46,717][dowhy.causal_model][INFO] - linear_regression
[2026-04-24 05:31:46,717][dowhy.causal_estimator][INFO] - INFO: Using Linear Regression Estimator
[2026-04-24 05:31:46,718][dowhy.causal_estimator][INFO] - b: X7~X1+X1*X0
[2026-04-24 05:31:46,726][dowhy.causal_model][INFO] - Model to find the causal effect of treatment ['X1'] on outcome ['X8']
[2026-04-24 05:31:46,727][dowhy.causal_identifier.auto_identifier][INFO] - Causal effect can be identified.
[2026-04-24 05:31:46,728][dowhy.causal_identifier.auto_identifier][INFO] - Instrumental variables for treatment and outcome:[]
[2026-04-24 05:31:46,729][dowhy.causal_identifier.auto_identifier][INFO] - Frontdoor variables for treatment and outcome:['X7', 'X11', 'X6']
[2026-04-24 05:31:46,731][dowhy.causal_identifier.auto_identifier][INFO] - Causal effect can be identified.
[2026-04-24 05:31:46,734][dowhy.causal_identifier.auto_identifier][INFO] - Causal effect can be identified.
[2026-04-24 05:31:46,734][dowhy.causal_model][INFO] - linear_regression
[2026-04-24 05:31:46,734][dowhy.causal_estimator][INFO] - INFO: Using Linear Regression Estimator
[2026-04-24 05:31:46,735][dowhy.causal_estimator][INFO] - b: X8~X1+X1*X3+X1*X2+X1*X0
[2026-04-24 05:31:46,742][dowhy.causal_model][INFO] - Model to find the causal effect of treatment ['X1'] on outcome ['X9']
[2026-04-24 05:31:46,744][dowhy.causal_identifier.auto_identifier][INFO] - Causal effect can be identified.
[2026-04-24 05:31:46,745][dowhy.causal_identifier.auto_identifier][INFO] - Instrumental variables for treatment and outcome:[]
[2026-04-24 05:31:46,748][dowhy.causal_identifier.auto_identifier][INFO] - Frontdoor variables for treatment and outcome:['X7', 'X6', 'X11']
[2026-04-24 05:31:46,750][dowhy.causal_identifier.auto_identifier][INFO] - Causal effect can be identified.
[2026-04-24 05:31:46,752][dowhy.causal_identifier.auto_identifier][INFO] - Causal effect can be identified.
[2026-04-24 05:31:46,753][dowhy.causal_model][INFO] - linear_regression
[2026-04-24 05:31:46,753][dowhy.causal_estimator][INFO] - INFO: Using Linear Regression Estimator
[2026-04-24 05:31:46,753][dowhy.causal_estimator][INFO] - b: X9~X1+X1*X3+X1*X2+X1*X0
[2026-04-24 05:31:46,761][dowhy.causal_model][INFO] - Model to find the causal effect of treatment ['X1'] on outcome ['X10']
[2026-04-24 05:31:46,763][dowhy.causal_identifier.auto_identifier][INFO] - Causal effect can be identified.
[2026-04-24 05:31:46,763][dowhy.causal_identifier.auto_identifier][INFO] - Instrumental variables for treatment and outcome:[]
[2026-04-24 05:31:46,766][dowhy.causal_identifier.auto_identifier][INFO] - Frontdoor variables for treatment and outcome:['X7', 'X6', 'X11', 'X8', 'X9', 'X12']
[2026-04-24 05:31:46,769][dowhy.causal_identifier.auto_identifier][INFO] - Causal effect can be identified.
[2026-04-24 05:31:46,771][dowhy.causal_identifier.auto_identifier][INFO] - Causal effect can be identified.
[2026-04-24 05:31:46,772][dowhy.causal_model][INFO] - linear_regression
[2026-04-24 05:31:46,772][dowhy.causal_estimator][INFO] - INFO: Using Linear Regression Estimator
[2026-04-24 05:31:46,773][dowhy.causal_estimator][INFO] - b: X10~X1+X1*X5+X1*X3+X1*X4+X1*X2+X1*X0
[2026-04-24 05:31:46,781][dowhy.causal_model][INFO] - Model to find the causal effect of treatment ['X1'] on outcome ['X11']
[2026-04-24 05:31:46,782][dowhy.causal_identifier.auto_identifier][INFO] - Causal effect can be identified.
[2026-04-24 05:31:46,782][dowhy.causal_identifier.auto_identifier][INFO] - Instrumental variables for treatment and outcome:[]
[2026-04-24 05:31:46,796][dowhy.causal_identifier.auto_identifier][INFO] - Frontdoor variables for treatment and outcome:[]
[2026-04-24 05:31:46,796][dowhy.causal_model][INFO] - linear_regression
[2026-04-24 05:31:46,796][dowhy.causal_estimator][INFO] - INFO: Using Linear Regression Estimator
[2026-04-24 05:31:46,797][dowhy.causal_estimator][INFO] - b: X11~X1+X1*X0
[2026-04-24 05:31:46,804][dowhy.causal_model][INFO] - Model to find the causal effect of treatment ['X1'] on outcome ['X12']
[2026-04-24 05:31:46,806][dowhy.causal_identifier.auto_identifier][INFO] - Causal effect can be identified.
[2026-04-24 05:31:46,806][dowhy.causal_identifier.auto_identifier][INFO] - Instrumental variables for treatment and outcome:[]
[2026-04-24 05:31:46,830][dowhy.causal_identifier.auto_identifier][INFO] - Frontdoor variables for treatment and outcome:['X7', 'X6', 'X11']
[2026-04-24 05:31:46,832][dowhy.causal_identifier.auto_identifier][INFO] - Causal effect can be identified.
[2026-04-24 05:31:46,835][dowhy.causal_identifier.auto_identifier][INFO] - Causal effect can be identified.
[2026-04-24 05:31:46,836][dowhy.causal_model][INFO] - linear_regression
[2026-04-24 05:31:46,836][dowhy.causal_estimator][INFO] - INFO: Using Linear Regression Estimator
[2026-04-24 05:31:46,836][dowhy.causal_estimator][INFO] - b: X12~X1+X1*X3+X1*X2+X1*X0
[2026-04-24 05:31:46,845][dowhy.causal_model][INFO] - Model to find the causal effect of treatment ['X1'] on outcome ['X13']
[2026-04-24 05:31:46,847][dowhy.causal_identifier.auto_identifier][INFO] - Causal effect can be identified.
[2026-04-24 05:31:46,848][dowhy.causal_identifier.auto_identifier][INFO] - Instrumental variables for treatment and outcome:[]
[2026-04-24 05:31:46,864][dowhy.causal_identifier.auto_identifier][INFO] - Frontdoor variables for treatment and outcome:['X7', 'X6', 'X11', 'X8', 'X9', 'X12']
[2026-04-24 05:31:46,867][dowhy.causal_identifier.auto_identifier][INFO] - Causal effect can be identified.
[2026-04-24 05:31:46,870][dowhy.causal_identifier.auto_identifier][INFO] - Causal effect can be identified.
[2026-04-24 05:31:46,871][dowhy.causal_model][INFO] - linear_regression
[2026-04-24 05:31:46,871][dowhy.causal_estimator][INFO] - INFO: Using Linear Regression Estimator
[2026-04-24 05:31:46,871][dowhy.causal_estimator][INFO] - b: X13~X1+X1*X5+X1*X3+X1*X4+X1*X2+X1*X0
[2026-04-24 05:31:46,923][dowhy.causal_model][INFO] - Model to find the causal effect of treatment ['X2'] on outcome ['X0']
[2026-04-24 05:31:46,923][dowhy.causal_identifier.auto_identifier][WARNING] - No directed path from treatment to outcome. Causal Effect is zero.
[2026-04-24 05:31:46,923][dowhy.causal_model][INFO] - linear_regression
[2026-04-24 05:31:46,923][dowhy.causal_estimator][INFO] - INFO: Using Linear Regression Estimator
[2026-04-24 05:31:46,923][dowhy.causal_estimator][WARNING] - No directed path from ['X2'] to ['X0'].
[2026-04-24 05:31:46,925][dowhy.causal_model][INFO] - Model to find the causal effect of treatment ['X2'] on outcome ['X1']
[2026-04-24 05:31:46,925][dowhy.causal_identifier.auto_identifier][WARNING] - No directed path from treatment to outcome. Causal Effect is zero.
[2026-04-24 05:31:46,925][dowhy.causal_model][INFO] - linear_regression
[2026-04-24 05:31:46,925][dowhy.causal_estimator][INFO] - INFO: Using Linear Regression Estimator
[2026-04-24 05:31:46,925][dowhy.causal_estimator][WARNING] - No directed path from ['X2'] to ['X1'].
[2026-04-24 05:31:46,927][dowhy.causal_model][INFO] - Model to find the causal effect of treatment ['X2'] on outcome ['X3']
[2026-04-24 05:31:46,927][dowhy.causal_identifier.auto_identifier][WARNING] - No directed path from treatment to outcome. Causal Effect is zero.
[2026-04-24 05:31:46,927][dowhy.causal_model][INFO] - linear_regression
[2026-04-24 05:31:46,927][dowhy.causal_estimator][INFO] - INFO: Using Linear Regression Estimator
[2026-04-24 05:31:46,927][dowhy.causal_estimator][WARNING] - No directed path from ['X2'] to ['X3'].
[2026-04-24 05:31:46,929][dowhy.causal_model][INFO] - Model to find the causal effect of treatment ['X2'] on outcome ['X4']
[2026-04-24 05:31:46,929][dowhy.causal_identifier.auto_identifier][WARNING] - No directed path from treatment to outcome. Causal Effect is zero.
[2026-04-24 05:31:46,929][dowhy.causal_model][INFO] - linear_regression
[2026-04-24 05:31:46,929][dowhy.causal_estimator][INFO] - INFO: Using Linear Regression Estimator
[2026-04-24 05:31:46,929][dowhy.causal_estimator][WARNING] - No directed path from ['X2'] to ['X4'].
[2026-04-24 05:31:46,931][dowhy.causal_model][INFO] - Model to find the causal effect of treatment ['X2'] on outcome ['X5']
[2026-04-24 05:31:46,931][dowhy.causal_identifier.auto_identifier][WARNING] - No directed path from treatment to outcome. Causal Effect is zero.
[2026-04-24 05:31:46,931][dowhy.causal_model][INFO] - linear_regression
[2026-04-24 05:31:46,931][dowhy.causal_estimator][INFO] - INFO: Using Linear Regression Estimator
[2026-04-24 05:31:46,931][dowhy.causal_estimator][WARNING] - No directed path from ['X2'] to ['X5'].
[2026-04-24 05:31:46,933][dowhy.causal_model][INFO] - Model to find the causal effect of treatment ['X2'] on outcome ['X6']
[2026-04-24 05:31:46,933][dowhy.causal_identifier.auto_identifier][WARNING] - No directed path from treatment to outcome. Causal Effect is zero.
[2026-04-24 05:31:46,933][dowhy.causal_model][INFO] - linear_regression
[2026-04-24 05:31:46,933][dowhy.causal_estimator][INFO] - INFO: Using Linear Regression Estimator
[2026-04-24 05:31:46,933][dowhy.causal_estimator][WARNING] - No directed path from ['X2'] to ['X6'].
[2026-04-24 05:31:46,935][dowhy.causal_model][INFO] - Model to find the causal effect of treatment ['X2'] on outcome ['X7']
[2026-04-24 05:31:46,935][dowhy.causal_identifier.auto_identifier][WARNING] - No directed path from treatment to outcome. Causal Effect is zero.
[2026-04-24 05:31:46,935][dowhy.causal_model][INFO] - linear_regression
[2026-04-24 05:31:46,935][dowhy.causal_estimator][INFO] - INFO: Using Linear Regression Estimator
[2026-04-24 05:31:46,935][dowhy.causal_estimator][WARNING] - No directed path from ['X2'] to ['X7'].
[2026-04-24 05:31:46,937][dowhy.causal_model][INFO] - Model to find the causal effect of treatment ['X2'] on outcome ['X8']
[2026-04-24 05:31:46,939][dowhy.causal_identifier.auto_identifier][INFO] - Causal effect can be identified.
[2026-04-24 05:31:46,940][dowhy.causal_identifier.auto_identifier][INFO] - Instrumental variables for treatment and outcome:[]
[2026-04-24 05:31:46,940][dowhy.causal_identifier.auto_identifier][INFO] - Frontdoor variables for treatment and outcome:[]
[2026-04-24 05:31:46,940][dowhy.causal_model][INFO] - linear_regression
[2026-04-24 05:31:46,941][dowhy.causal_estimator][INFO] - INFO: Using Linear Regression Estimator
[2026-04-24 05:31:46,941][dowhy.causal_estimator][INFO] - b: X8~X2+X2*X7+X2*X3+X2*X6+X2*X1+X2*X0
[2026-04-24 05:31:46,949][dowhy.causal_model][INFO] - Model to find the causal effect of treatment ['X2'] on outcome ['X9']
[2026-04-24 05:31:46,952][dowhy.causal_identifier.auto_identifier][INFO] - Causal effect can be identified.
[2026-04-24 05:31:46,953][dowhy.causal_identifier.auto_identifier][INFO] - Instrumental variables for treatment and outcome:[]
[2026-04-24 05:31:46,953][dowhy.causal_identifier.auto_identifier][INFO] - Frontdoor variables for treatment and outcome:[]
[2026-04-24 05:31:46,953][dowhy.causal_model][INFO] - linear_regression
[2026-04-24 05:31:46,953][dowhy.causal_estimator][INFO] - INFO: Using Linear Regression Estimator
[2026-04-24 05:31:46,953][dowhy.causal_estimator][INFO] - b: X9~X2+X2*X7+X2*X3+X2*X6+X2*X1+X2*X0
[2026-04-24 05:31:46,962][dowhy.causal_model][INFO] - Model to find the causal effect of treatment ['X2'] on outcome ['X10']
[2026-04-24 05:31:46,965][dowhy.causal_identifier.auto_identifier][INFO] - Causal effect can be identified.
[2026-04-24 05:31:46,966][dowhy.causal_identifier.auto_identifier][INFO] - Instrumental variables for treatment and outcome:[]
[2026-04-24 05:31:46,967][dowhy.causal_identifier.auto_identifier][INFO] - Frontdoor variables for treatment and outcome:['X12', 'X8', 'X9']
[2026-04-24 05:31:46,970][dowhy.causal_identifier.auto_identifier][INFO] - Causal effect can be identified.
[2026-04-24 05:31:46,974][dowhy.causal_identifier.auto_identifier][INFO] - Causal effect can be identified.
[2026-04-24 05:31:46,975][dowhy.causal_model][INFO] - linear_regression
[2026-04-24 05:31:46,975][dowhy.causal_estimator][INFO] - INFO: Using Linear Regression Estimator
[2026-04-24 05:31:46,976][dowhy.causal_estimator][INFO] - b: X10~X2+X2*X7+X2*X5+X2*X6+X2*X3+X2*X4+X2*X1+X2*X0
[2026-04-24 05:31:46,985][dowhy.causal_model][INFO] - Model to find the causal effect of treatment ['X2'] on outcome ['X11']
[2026-04-24 05:31:46,986][dowhy.causal_identifier.auto_identifier][WARNING] - No directed path from treatment to outcome. Causal Effect is zero.
[2026-04-24 05:31:46,986][dowhy.causal_model][INFO] - linear_regression
[2026-04-24 05:31:46,986][dowhy.causal_estimator][INFO] - INFO: Using Linear Regression Estimator
[2026-04-24 05:31:46,986][dowhy.causal_estimator][WARNING] - No directed path from ['X2'] to ['X11'].
[2026-04-24 05:31:46,988][dowhy.causal_model][INFO] - Model to find the causal effect of treatment ['X2'] on outcome ['X12']
[2026-04-24 05:31:46,990][dowhy.causal_identifier.auto_identifier][INFO] - Causal effect can be identified.
[2026-04-24 05:31:46,991][dowhy.causal_identifier.auto_identifier][INFO] - Instrumental variables for treatment and outcome:[]
[2026-04-24 05:31:46,993][dowhy.causal_identifier.auto_identifier][INFO] - Frontdoor variables for treatment and outcome:[]
[2026-04-24 05:31:46,993][dowhy.causal_model][INFO] - linear_regression
[2026-04-24 05:31:46,993][dowhy.causal_estimator][INFO] - INFO: Using Linear Regression Estimator
[2026-04-24 05:31:46,993][dowhy.causal_estimator][INFO] - b: X12~X2+X2*X7+X2*X3+X2*X6+X2*X1+X2*X0
[2026-04-24 05:31:47,001][dowhy.causal_model][INFO] - Model to find the causal effect of treatment ['X2'] on outcome ['X13']
[2026-04-24 05:31:47,004][dowhy.causal_identifier.auto_identifier][INFO] - Causal effect can be identified.
[2026-04-24 05:31:47,005][dowhy.causal_identifier.auto_identifier][INFO] - Instrumental variables for treatment and outcome:[]
[2026-04-24 05:31:47,009][dowhy.causal_identifier.auto_identifier][INFO] - Frontdoor variables for treatment and outcome:['X8', 'X9', 'X12']
[2026-04-24 05:31:47,011][dowhy.causal_identifier.auto_identifier][INFO] - Causal effect can be identified.
[2026-04-24 05:31:47,015][dowhy.causal_identifier.auto_identifier][INFO] - Causal effect can be identified.
[2026-04-24 05:31:47,016][dowhy.causal_model][INFO] - linear_regression
[2026-04-24 05:31:47,017][dowhy.causal_estimator][INFO] - INFO: Using Linear Regression Estimator
[2026-04-24 05:31:47,017][dowhy.causal_estimator][INFO] - b: X13~X2+X2*X7+X2*X5+X2*X6+X2*X3+X2*X4+X2*X1+X2*X0
[2026-04-24 05:31:47,062][dowhy.causal_model][INFO] - Model to find the causal effect of treatment ['X3'] on outcome ['X0']
[2026-04-24 05:31:47,062][dowhy.causal_identifier.auto_identifier][WARNING] - No directed path from treatment to outcome. Causal Effect is zero.
[2026-04-24 05:31:47,062][dowhy.causal_model][INFO] - linear_regression
[2026-04-24 05:31:47,062][dowhy.causal_estimator][INFO] - INFO: Using Linear Regression Estimator
[2026-04-24 05:31:47,062][dowhy.causal_estimator][WARNING] - No directed path from ['X3'] to ['X0'].
[2026-04-24 05:31:47,065][dowhy.causal_model][INFO] - Model to find the causal effect of treatment ['X3'] on outcome ['X1']
[2026-04-24 05:31:47,065][dowhy.causal_identifier.auto_identifier][WARNING] - No directed path from treatment to outcome. Causal Effect is zero.
[2026-04-24 05:31:47,065][dowhy.causal_model][INFO] - linear_regression
[2026-04-24 05:31:47,065][dowhy.causal_estimator][INFO] - INFO: Using Linear Regression Estimator
[2026-04-24 05:31:47,065][dowhy.causal_estimator][WARNING] - No directed path from ['X3'] to ['X1'].
[2026-04-24 05:31:47,068][dowhy.causal_model][INFO] - Model to find the causal effect of treatment ['X3'] on outcome ['X2']
[2026-04-24 05:31:47,068][dowhy.causal_identifier.auto_identifier][WARNING] - No directed path from treatment to outcome. Causal Effect is zero.
[2026-04-24 05:31:47,068][dowhy.causal_model][INFO] - linear_regression
[2026-04-24 05:31:47,068][dowhy.causal_estimator][INFO] - INFO: Using Linear Regression Estimator
[2026-04-24 05:31:47,068][dowhy.causal_estimator][WARNING] - No directed path from ['X3'] to ['X2'].
[2026-04-24 05:31:47,070][dowhy.causal_model][INFO] - Model to find the causal effect of treatment ['X3'] on outcome ['X4']
[2026-04-24 05:31:47,070][dowhy.causal_identifier.auto_identifier][WARNING] - No directed path from treatment to outcome. Causal Effect is zero.
[2026-04-24 05:31:47,070][dowhy.causal_model][INFO] - linear_regression
[2026-04-24 05:31:47,070][dowhy.causal_estimator][INFO] - INFO: Using Linear Regression Estimator
[2026-04-24 05:31:47,070][dowhy.causal_estimator][WARNING] - No directed path from ['X3'] to ['X4'].
[2026-04-24 05:31:47,072][dowhy.causal_model][INFO] - Model to find the causal effect of treatment ['X3'] on outcome ['X5']
[2026-04-24 05:31:47,072][dowhy.causal_identifier.auto_identifier][WARNING] - No directed path from treatment to outcome. Causal Effect is zero.
[2026-04-24 05:31:47,072][dowhy.causal_model][INFO] - linear_regression
[2026-04-24 05:31:47,072][dowhy.causal_estimator][INFO] - INFO: Using Linear Regression Estimator
[2026-04-24 05:31:47,072][dowhy.causal_estimator][WARNING] - No directed path from ['X3'] to ['X5'].
[2026-04-24 05:31:47,074][dowhy.causal_model][INFO] - Model to find the causal effect of treatment ['X3'] on outcome ['X6']
[2026-04-24 05:31:47,074][dowhy.causal_identifier.auto_identifier][WARNING] - No directed path from treatment to outcome. Causal Effect is zero.
[2026-04-24 05:31:47,074][dowhy.causal_model][INFO] - linear_regression
[2026-04-24 05:31:47,074][dowhy.causal_estimator][INFO] - INFO: Using Linear Regression Estimator
[2026-04-24 05:31:47,074][dowhy.causal_estimator][WARNING] - No directed path from ['X3'] to ['X6'].
[2026-04-24 05:31:47,076][dowhy.causal_model][INFO] - Model to find the causal effect of treatment ['X3'] on outcome ['X7']
[2026-04-24 05:31:47,076][dowhy.causal_identifier.auto_identifier][WARNING] - No directed path from treatment to outcome. Causal Effect is zero.
[2026-04-24 05:31:47,076][dowhy.causal_model][INFO] - linear_regression
[2026-04-24 05:31:47,076][dowhy.causal_estimator][INFO] - INFO: Using Linear Regression Estimator
[2026-04-24 05:31:47,076][dowhy.causal_estimator][WARNING] - No directed path from ['X3'] to ['X7'].
[2026-04-24 05:31:47,078][dowhy.causal_model][INFO] - Model to find the causal effect of treatment ['X3'] on outcome ['X8']
[2026-04-24 05:31:47,081][dowhy.causal_identifier.auto_identifier][INFO] - Causal effect can be identified.
[2026-04-24 05:31:47,082][dowhy.causal_identifier.auto_identifier][INFO] - Instrumental variables for treatment and outcome:[]
[2026-04-24 05:31:47,082][dowhy.causal_identifier.auto_identifier][INFO] - Frontdoor variables for treatment and outcome:[]
[2026-04-24 05:31:47,082][dowhy.causal_model][INFO] - linear_regression
[2026-04-24 05:31:47,082][dowhy.causal_estimator][INFO] - INFO: Using Linear Regression Estimator
[2026-04-24 05:31:47,082][dowhy.causal_estimator][INFO] - b: X8~X3+X3*X7+X3*X6+X3*X2+X3*X1+X3*X0
[2026-04-24 05:31:47,092][dowhy.causal_model][INFO] - Model to find the causal effect of treatment ['X3'] on outcome ['X9']
[2026-04-24 05:31:47,095][dowhy.causal_identifier.auto_identifier][INFO] - Causal effect can be identified.
[2026-04-24 05:31:47,096][dowhy.causal_identifier.auto_identifier][INFO] - Instrumental variables for treatment and outcome:[]
[2026-04-24 05:31:47,096][dowhy.causal_identifier.auto_identifier][INFO] - Frontdoor variables for treatment and outcome:[]
[2026-04-24 05:31:47,096][dowhy.causal_model][INFO] - linear_regression
[2026-04-24 05:31:47,096][dowhy.causal_estimator][INFO] - INFO: Using Linear Regression Estimator
[2026-04-24 05:31:47,096][dowhy.causal_estimator][INFO] - b: X9~X3+X3*X7+X3*X6+X3*X2+X3*X1+X3*X0
[2026-04-24 05:31:47,106][dowhy.causal_model][INFO] - Model to find the causal effect of treatment ['X3'] on outcome ['X10']
[2026-04-24 05:31:47,109][dowhy.causal_identifier.auto_identifier][INFO] - Causal effect can be identified.
[2026-04-24 05:31:47,111][dowhy.causal_identifier.auto_identifier][INFO] - Instrumental variables for treatment and outcome:[]
[2026-04-24 05:31:47,112][dowhy.causal_identifier.auto_identifier][INFO] - Frontdoor variables for treatment and outcome:['X12', 'X8', 'X9']
[2026-04-24 05:31:47,115][dowhy.causal_identifier.auto_identifier][INFO] - Causal effect can be identified.
[2026-04-24 05:31:47,119][dowhy.causal_identifier.auto_identifier][INFO] - Causal effect can be identified.
[2026-04-24 05:31:47,121][dowhy.causal_model][INFO] - linear_regression
[2026-04-24 05:31:47,121][dowhy.causal_estimator][INFO] - INFO: Using Linear Regression Estimator
[2026-04-24 05:31:47,121][dowhy.causal_estimator][INFO] - b: X10~X3+X3*X7+X3*X5+X3*X6+X3*X4+X3*X2+X3*X1+X3*X0
[2026-04-24 05:31:47,131][dowhy.causal_model][INFO] - Model to find the causal effect of treatment ['X3'] on outcome ['X11']
[2026-04-24 05:31:47,131][dowhy.causal_identifier.auto_identifier][WARNING] - No directed path from treatment to outcome. Causal Effect is zero.
[2026-04-24 05:31:47,131][dowhy.causal_model][INFO] - linear_regression
[2026-04-24 05:31:47,131][dowhy.causal_estimator][INFO] - INFO: Using Linear Regression Estimator
[2026-04-24 05:31:47,131][dowhy.causal_estimator][WARNING] - No directed path from ['X3'] to ['X11'].
[2026-04-24 05:31:47,133][dowhy.causal_model][INFO] - Model to find the causal effect of treatment ['X3'] on outcome ['X12']
[2026-04-24 05:31:47,136][dowhy.causal_identifier.auto_identifier][INFO] - Causal effect can be identified.
[2026-04-24 05:31:47,137][dowhy.causal_identifier.auto_identifier][INFO] - Instrumental variables for treatment and outcome:[]
[2026-04-24 05:31:47,138][dowhy.causal_identifier.auto_identifier][INFO] - Frontdoor variables for treatment and outcome:[]
[2026-04-24 05:31:47,139][dowhy.causal_model][INFO] - linear_regression
[2026-04-24 05:31:47,139][dowhy.causal_estimator][INFO] - INFO: Using Linear Regression Estimator
[2026-04-24 05:31:47,139][dowhy.causal_estimator][INFO] - b: X12~X3+X3*X7+X3*X6+X3*X2+X3*X1+X3*X0
[2026-04-24 05:31:47,148][dowhy.causal_model][INFO] - Model to find the causal effect of treatment ['X3'] on outcome ['X13']
[2026-04-24 05:31:47,151][dowhy.causal_identifier.auto_identifier][INFO] - Causal effect can be identified.
[2026-04-24 05:31:47,152][dowhy.causal_identifier.auto_identifier][INFO] - Instrumental variables for treatment and outcome:[]
[2026-04-24 05:31:47,155][dowhy.causal_identifier.auto_identifier][INFO] - Frontdoor variables for treatment and outcome:['X8', 'X9', 'X12']
[2026-04-24 05:31:47,158][dowhy.causal_identifier.auto_identifier][INFO] - Causal effect can be identified.
[2026-04-24 05:31:47,162][dowhy.causal_identifier.auto_identifier][INFO] - Causal effect can be identified.
[2026-04-24 05:31:47,163][dowhy.causal_model][INFO] - linear_regression
[2026-04-24 05:31:47,163][dowhy.causal_estimator][INFO] - INFO: Using Linear Regression Estimator
[2026-04-24 05:31:47,163][dowhy.causal_estimator][INFO] - b: X13~X3+X3*X7+X3*X5+X3*X6+X3*X4+X3*X2+X3*X1+X3*X0
[2026-04-24 05:31:47,208][dowhy.causal_model][INFO] - Model to find the causal effect of treatment ['X4'] on outcome ['X0']
[2026-04-24 05:31:47,208][dowhy.causal_identifier.auto_identifier][WARNING] - No directed path from treatment to outcome. Causal Effect is zero.
[2026-04-24 05:31:47,208][dowhy.causal_model][INFO] - linear_regression
[2026-04-24 05:31:47,208][dowhy.causal_estimator][INFO] - INFO: Using Linear Regression Estimator
[2026-04-24 05:31:47,208][dowhy.causal_estimator][WARNING] - No directed path from ['X4'] to ['X0'].
[2026-04-24 05:31:47,210][dowhy.causal_model][INFO] - Model to find the causal effect of treatment ['X4'] on outcome ['X1']
[2026-04-24 05:31:47,210][dowhy.causal_identifier.auto_identifier][WARNING] - No directed path from treatment to outcome. Causal Effect is zero.
[2026-04-24 05:31:47,210][dowhy.causal_model][INFO] - linear_regression
[2026-04-24 05:31:47,210][dowhy.causal_estimator][INFO] - INFO: Using Linear Regression Estimator
[2026-04-24 05:31:47,210][dowhy.causal_estimator][WARNING] - No directed path from ['X4'] to ['X1'].
[2026-04-24 05:31:47,212][dowhy.causal_model][INFO] - Model to find the causal effect of treatment ['X4'] on outcome ['X2']
[2026-04-24 05:31:47,212][dowhy.causal_identifier.auto_identifier][WARNING] - No directed path from treatment to outcome. Causal Effect is zero.
[2026-04-24 05:31:47,212][dowhy.causal_model][INFO] - linear_regression
[2026-04-24 05:31:47,212][dowhy.causal_estimator][INFO] - INFO: Using Linear Regression Estimator
[2026-04-24 05:31:47,212][dowhy.causal_estimator][WARNING] - No directed path from ['X4'] to ['X2'].
[2026-04-24 05:31:47,214][dowhy.causal_model][INFO] - Model to find the causal effect of treatment ['X4'] on outcome ['X3']
[2026-04-24 05:31:47,214][dowhy.causal_identifier.auto_identifier][WARNING] - No directed path from treatment to outcome. Causal Effect is zero.
[2026-04-24 05:31:47,214][dowhy.causal_model][INFO] - linear_regression
[2026-04-24 05:31:47,214][dowhy.causal_estimator][INFO] - INFO: Using Linear Regression Estimator
[2026-04-24 05:31:47,214][dowhy.causal_estimator][WARNING] - No directed path from ['X4'] to ['X3'].
[2026-04-24 05:31:47,216][dowhy.causal_model][INFO] - Model to find the causal effect of treatment ['X4'] on outcome ['X5']
[2026-04-24 05:31:47,216][dowhy.causal_identifier.auto_identifier][WARNING] - No directed path from treatment to outcome. Causal Effect is zero.
[2026-04-24 05:31:47,216][dowhy.causal_model][INFO] - linear_regression
[2026-04-24 05:31:47,216][dowhy.causal_estimator][INFO] - INFO: Using Linear Regression Estimator
[2026-04-24 05:31:47,216][dowhy.causal_estimator][WARNING] - No directed path from ['X4'] to ['X5'].
[2026-04-24 05:31:47,218][dowhy.causal_model][INFO] - Model to find the causal effect of treatment ['X4'] on outcome ['X6']
[2026-04-24 05:31:47,218][dowhy.causal_identifier.auto_identifier][WARNING] - No directed path from treatment to outcome. Causal Effect is zero.
[2026-04-24 05:31:47,218][dowhy.causal_model][INFO] - linear_regression
[2026-04-24 05:31:47,218][dowhy.causal_estimator][INFO] - INFO: Using Linear Regression Estimator
[2026-04-24 05:31:47,218][dowhy.causal_estimator][WARNING] - No directed path from ['X4'] to ['X6'].
[2026-04-24 05:31:47,219][dowhy.causal_model][INFO] - Model to find the causal effect of treatment ['X4'] on outcome ['X7']
[2026-04-24 05:31:47,220][dowhy.causal_identifier.auto_identifier][WARNING] - No directed path from treatment to outcome. Causal Effect is zero.
[2026-04-24 05:31:47,220][dowhy.causal_model][INFO] - linear_regression
[2026-04-24 05:31:47,220][dowhy.causal_estimator][INFO] - INFO: Using Linear Regression Estimator
[2026-04-24 05:31:47,220][dowhy.causal_estimator][WARNING] - No directed path from ['X4'] to ['X7'].
[2026-04-24 05:31:47,221][dowhy.causal_model][INFO] - Model to find the causal effect of treatment ['X4'] on outcome ['X8']
[2026-04-24 05:31:47,221][dowhy.causal_identifier.auto_identifier][WARNING] - No directed path from treatment to outcome. Causal Effect is zero.
[2026-04-24 05:31:47,221][dowhy.causal_model][INFO] - linear_regression
[2026-04-24 05:31:47,221][dowhy.causal_estimator][INFO] - INFO: Using Linear Regression Estimator
[2026-04-24 05:31:47,221][dowhy.causal_estimator][WARNING] - No directed path from ['X4'] to ['X8'].
[2026-04-24 05:31:47,223][dowhy.causal_model][INFO] - Model to find the causal effect of treatment ['X4'] on outcome ['X9']
[2026-04-24 05:31:47,223][dowhy.causal_identifier.auto_identifier][WARNING] - No directed path from treatment to outcome. Causal Effect is zero.
[2026-04-24 05:31:47,223][dowhy.causal_model][INFO] - linear_regression
[2026-04-24 05:31:47,223][dowhy.causal_estimator][INFO] - INFO: Using Linear Regression Estimator
[2026-04-24 05:31:47,223][dowhy.causal_estimator][WARNING] - No directed path from ['X4'] to ['X9'].
[2026-04-24 05:31:47,225][dowhy.causal_model][INFO] - Model to find the causal effect of treatment ['X4'] on outcome ['X10']
[2026-04-24 05:31:47,229][dowhy.causal_identifier.auto_identifier][INFO] - Causal effect can be identified.
[2026-04-24 05:31:47,230][dowhy.causal_identifier.auto_identifier][INFO] - Instrumental variables for treatment and outcome:[]
[2026-04-24 05:31:47,230][dowhy.causal_identifier.auto_identifier][INFO] - Frontdoor variables for treatment and outcome:[]
[2026-04-24 05:31:47,230][dowhy.causal_model][INFO] - linear_regression
[2026-04-24 05:31:47,230][dowhy.causal_estimator][INFO] - INFO: Using Linear Regression Estimator
[2026-04-24 05:31:47,230][dowhy.causal_estimator][INFO] - b: X10~X4+X4*X7+X4*X5+X4*X6+X4*X1+X4*X8+X4*X9+X4*X3+X4*X2+X4*X0
[2026-04-24 05:31:47,239][dowhy.causal_model][INFO] - Model to find the causal effect of treatment ['X4'] on outcome ['X11']
[2026-04-24 05:31:47,239][dowhy.causal_identifier.auto_identifier][WARNING] - No directed path from treatment to outcome. Causal Effect is zero.
[2026-04-24 05:31:47,239][dowhy.causal_model][INFO] - linear_regression
[2026-04-24 05:31:47,239][dowhy.causal_estimator][INFO] - INFO: Using Linear Regression Estimator
[2026-04-24 05:31:47,239][dowhy.causal_estimator][WARNING] - No directed path from ['X4'] to ['X11'].
[2026-04-24 05:31:47,241][dowhy.causal_model][INFO] - Model to find the causal effect of treatment ['X4'] on outcome ['X12']
[2026-04-24 05:31:47,241][dowhy.causal_identifier.auto_identifier][WARNING] - No directed path from treatment to outcome. Causal Effect is zero.
[2026-04-24 05:31:47,241][dowhy.causal_model][INFO] - linear_regression
[2026-04-24 05:31:47,241][dowhy.causal_estimator][INFO] - INFO: Using Linear Regression Estimator
[2026-04-24 05:31:47,241][dowhy.causal_estimator][WARNING] - No directed path from ['X4'] to ['X12'].
[2026-04-24 05:31:47,243][dowhy.causal_model][INFO] - Model to find the causal effect of treatment ['X4'] on outcome ['X13']
[2026-04-24 05:31:47,247][dowhy.causal_identifier.auto_identifier][INFO] - Causal effect can be identified.
[2026-04-24 05:31:47,248][dowhy.causal_identifier.auto_identifier][INFO] - Instrumental variables for treatment and outcome:[]
[2026-04-24 05:31:47,248][dowhy.causal_identifier.auto_identifier][INFO] - Frontdoor variables for treatment and outcome:[]
[2026-04-24 05:31:47,248][dowhy.causal_model][INFO] - linear_regression
[2026-04-24 05:31:47,248][dowhy.causal_estimator][INFO] - INFO: Using Linear Regression Estimator
[2026-04-24 05:31:47,249][dowhy.causal_estimator][INFO] - b: X13~X4+X4*X7+X4*X5+X4*X6+X4*X1+X4*X8+X4*X9+X4*X3+X4*X2+X4*X0
[2026-04-24 05:31:47,291][dowhy.causal_model][INFO] - Model to find the causal effect of treatment ['X5'] on outcome ['X0']
[2026-04-24 05:31:47,291][dowhy.causal_identifier.auto_identifier][WARNING] - No directed path from treatment to outcome. Causal Effect is zero.
[2026-04-24 05:31:47,292][dowhy.causal_model][INFO] - linear_regression
[2026-04-24 05:31:47,292][dowhy.causal_estimator][INFO] - INFO: Using Linear Regression Estimator
[2026-04-24 05:31:47,292][dowhy.causal_estimator][WARNING] - No directed path from ['X5'] to ['X0'].
[2026-04-24 05:31:47,294][dowhy.causal_model][INFO] - Model to find the causal effect of treatment ['X5'] on outcome ['X1']
[2026-04-24 05:31:47,294][dowhy.causal_identifier.auto_identifier][WARNING] - No directed path from treatment to outcome. Causal Effect is zero.
[2026-04-24 05:31:47,294][dowhy.causal_model][INFO] - linear_regression
[2026-04-24 05:31:47,294][dowhy.causal_estimator][INFO] - INFO: Using Linear Regression Estimator
[2026-04-24 05:31:47,294][dowhy.causal_estimator][WARNING] - No directed path from ['X5'] to ['X1'].
[2026-04-24 05:31:47,296][dowhy.causal_model][INFO] - Model to find the causal effect of treatment ['X5'] on outcome ['X2']
[2026-04-24 05:31:47,296][dowhy.causal_identifier.auto_identifier][WARNING] - No directed path from treatment to outcome. Causal Effect is zero.
[2026-04-24 05:31:47,296][dowhy.causal_model][INFO] - linear_regression
[2026-04-24 05:31:47,296][dowhy.causal_estimator][INFO] - INFO: Using Linear Regression Estimator
[2026-04-24 05:31:47,296][dowhy.causal_estimator][WARNING] - No directed path from ['X5'] to ['X2'].
[2026-04-24 05:31:47,298][dowhy.causal_model][INFO] - Model to find the causal effect of treatment ['X5'] on outcome ['X3']
[2026-04-24 05:31:47,298][dowhy.causal_identifier.auto_identifier][WARNING] - No directed path from treatment to outcome. Causal Effect is zero.
[2026-04-24 05:31:47,298][dowhy.causal_model][INFO] - linear_regression
[2026-04-24 05:31:47,298][dowhy.causal_estimator][INFO] - INFO: Using Linear Regression Estimator
[2026-04-24 05:31:47,298][dowhy.causal_estimator][WARNING] - No directed path from ['X5'] to ['X3'].
[2026-04-24 05:31:47,300][dowhy.causal_model][INFO] - Model to find the causal effect of treatment ['X5'] on outcome ['X4']
[2026-04-24 05:31:47,300][dowhy.causal_identifier.auto_identifier][WARNING] - No directed path from treatment to outcome. Causal Effect is zero.
[2026-04-24 05:31:47,301][dowhy.causal_model][INFO] - linear_regression
[2026-04-24 05:31:47,301][dowhy.causal_estimator][INFO] - INFO: Using Linear Regression Estimator
[2026-04-24 05:31:47,301][dowhy.causal_estimator][WARNING] - No directed path from ['X5'] to ['X4'].
[2026-04-24 05:31:47,303][dowhy.causal_model][INFO] - Model to find the causal effect of treatment ['X5'] on outcome ['X6']
[2026-04-24 05:31:47,303][dowhy.causal_identifier.auto_identifier][WARNING] - No directed path from treatment to outcome. Causal Effect is zero.
[2026-04-24 05:31:47,303][dowhy.causal_model][INFO] - linear_regression
[2026-04-24 05:31:47,303][dowhy.causal_estimator][INFO] - INFO: Using Linear Regression Estimator
[2026-04-24 05:31:47,303][dowhy.causal_estimator][WARNING] - No directed path from ['X5'] to ['X6'].
[2026-04-24 05:31:47,305][dowhy.causal_model][INFO] - Model to find the causal effect of treatment ['X5'] on outcome ['X7']
[2026-04-24 05:31:47,305][dowhy.causal_identifier.auto_identifier][WARNING] - No directed path from treatment to outcome. Causal Effect is zero.
[2026-04-24 05:31:47,305][dowhy.causal_model][INFO] - linear_regression
[2026-04-24 05:31:47,305][dowhy.causal_estimator][INFO] - INFO: Using Linear Regression Estimator
[2026-04-24 05:31:47,305][dowhy.causal_estimator][WARNING] - No directed path from ['X5'] to ['X7'].
[2026-04-24 05:31:47,307][dowhy.causal_model][INFO] - Model to find the causal effect of treatment ['X5'] on outcome ['X8']
[2026-04-24 05:31:47,307][dowhy.causal_identifier.auto_identifier][WARNING] - No directed path from treatment to outcome. Causal Effect is zero.
[2026-04-24 05:31:47,307][dowhy.causal_model][INFO] - linear_regression
[2026-04-24 05:31:47,307][dowhy.causal_estimator][INFO] - INFO: Using Linear Regression Estimator
[2026-04-24 05:31:47,307][dowhy.causal_estimator][WARNING] - No directed path from ['X5'] to ['X8'].
[2026-04-24 05:31:47,309][dowhy.causal_model][INFO] - Model to find the causal effect of treatment ['X5'] on outcome ['X9']
[2026-04-24 05:31:47,309][dowhy.causal_identifier.auto_identifier][WARNING] - No directed path from treatment to outcome. Causal Effect is zero.
[2026-04-24 05:31:47,309][dowhy.causal_model][INFO] - linear_regression
[2026-04-24 05:31:47,309][dowhy.causal_estimator][INFO] - INFO: Using Linear Regression Estimator
[2026-04-24 05:31:47,309][dowhy.causal_estimator][WARNING] - No directed path from ['X5'] to ['X9'].
[2026-04-24 05:31:47,311][dowhy.causal_model][INFO] - Model to find the causal effect of treatment ['X5'] on outcome ['X10']
[2026-04-24 05:31:47,315][dowhy.causal_identifier.auto_identifier][INFO] - Causal effect can be identified.
[2026-04-24 05:31:47,316][dowhy.causal_identifier.auto_identifier][INFO] - Instrumental variables for treatment and outcome:[]
[2026-04-24 05:31:47,316][dowhy.causal_identifier.auto_identifier][INFO] - Frontdoor variables for treatment and outcome:[]
[2026-04-24 05:31:47,316][dowhy.causal_model][INFO] - linear_regression
[2026-04-24 05:31:47,316][dowhy.causal_estimator][INFO] - INFO: Using Linear Regression Estimator
[2026-04-24 05:31:47,317][dowhy.causal_estimator][INFO] - b: X10~X5+X5*X7+X5*X4+X5*X6+X5*X1+X5*X8+X5*X9+X5*X3+X5*X2+X5*X0
[2026-04-24 05:31:47,327][dowhy.causal_model][INFO] - Model to find the causal effect of treatment ['X5'] on outcome ['X11']
[2026-04-24 05:31:47,327][dowhy.causal_identifier.auto_identifier][WARNING] - No directed path from treatment to outcome. Causal Effect is zero.
[2026-04-24 05:31:47,327][dowhy.causal_model][INFO] - linear_regression
[2026-04-24 05:31:47,327][dowhy.causal_estimator][INFO] - INFO: Using Linear Regression Estimator
[2026-04-24 05:31:47,327][dowhy.causal_estimator][WARNING] - No directed path from ['X5'] to ['X11'].
[2026-04-24 05:31:47,330][dowhy.causal_model][INFO] - Model to find the causal effect of treatment ['X5'] on outcome ['X12']
[2026-04-24 05:31:47,330][dowhy.causal_identifier.auto_identifier][WARNING] - No directed path from treatment to outcome. Causal Effect is zero.
[2026-04-24 05:31:47,330][dowhy.causal_model][INFO] - linear_regression
[2026-04-24 05:31:47,330][dowhy.causal_estimator][INFO] - INFO: Using Linear Regression Estimator
[2026-04-24 05:31:47,330][dowhy.causal_estimator][WARNING] - No directed path from ['X5'] to ['X12'].
[2026-04-24 05:31:47,332][dowhy.causal_model][INFO] - Model to find the causal effect of treatment ['X5'] on outcome ['X13']
[2026-04-24 05:31:47,336][dowhy.causal_identifier.auto_identifier][INFO] - Causal effect can be identified.
[2026-04-24 05:31:47,337][dowhy.causal_identifier.auto_identifier][INFO] - Instrumental variables for treatment and outcome:[]
[2026-04-24 05:31:47,337][dowhy.causal_identifier.auto_identifier][INFO] - Frontdoor variables for treatment and outcome:[]
[2026-04-24 05:31:47,337][dowhy.causal_model][INFO] - linear_regression
[2026-04-24 05:31:47,338][dowhy.causal_estimator][INFO] - INFO: Using Linear Regression Estimator
[2026-04-24 05:31:47,338][dowhy.causal_estimator][INFO] - b: X13~X5+X5*X7+X5*X4+X5*X6+X5*X1+X5*X8+X5*X9+X5*X3+X5*X2+X5*X0
[2026-04-24 05:31:47,388][dowhy.causal_model][INFO] - Model to find the causal effect of treatment ['X6'] on outcome ['X0']
[2026-04-24 05:31:47,388][dowhy.causal_identifier.auto_identifier][WARNING] - No directed path from treatment to outcome. Causal Effect is zero.
[2026-04-24 05:31:47,389][dowhy.causal_model][INFO] - linear_regression
[2026-04-24 05:31:47,389][dowhy.causal_estimator][INFO] - INFO: Using Linear Regression Estimator
[2026-04-24 05:31:47,389][dowhy.causal_estimator][WARNING] - No directed path from ['X6'] to ['X0'].
[2026-04-24 05:31:47,391][dowhy.causal_model][INFO] - Model to find the causal effect of treatment ['X6'] on outcome ['X1']
[2026-04-24 05:31:47,391][dowhy.causal_identifier.auto_identifier][WARNING] - No directed path from treatment to outcome. Causal Effect is zero.
[2026-04-24 05:31:47,391][dowhy.causal_model][INFO] - linear_regression
[2026-04-24 05:31:47,391][dowhy.causal_estimator][INFO] - INFO: Using Linear Regression Estimator
[2026-04-24 05:31:47,391][dowhy.causal_estimator][WARNING] - No directed path from ['X6'] to ['X1'].
[2026-04-24 05:31:47,393][dowhy.causal_model][INFO] - Model to find the causal effect of treatment ['X6'] on outcome ['X2']
[2026-04-24 05:31:47,393][dowhy.causal_identifier.auto_identifier][WARNING] - No directed path from treatment to outcome. Causal Effect is zero.
[2026-04-24 05:31:47,393][dowhy.causal_model][INFO] - linear_regression
[2026-04-24 05:31:47,393][dowhy.causal_estimator][INFO] - INFO: Using Linear Regression Estimator
[2026-04-24 05:31:47,393][dowhy.causal_estimator][WARNING] - No directed path from ['X6'] to ['X2'].
[2026-04-24 05:31:47,394][dowhy.causal_model][INFO] - Model to find the causal effect of treatment ['X6'] on outcome ['X3']
[2026-04-24 05:31:47,395][dowhy.causal_identifier.auto_identifier][WARNING] - No directed path from treatment to outcome. Causal Effect is zero.
[2026-04-24 05:31:47,395][dowhy.causal_model][INFO] - linear_regression
[2026-04-24 05:31:47,395][dowhy.causal_estimator][INFO] - INFO: Using Linear Regression Estimator
[2026-04-24 05:31:47,395][dowhy.causal_estimator][WARNING] - No directed path from ['X6'] to ['X3'].
[2026-04-24 05:31:47,396][dowhy.causal_model][INFO] - Model to find the causal effect of treatment ['X6'] on outcome ['X4']
[2026-04-24 05:31:47,396][dowhy.causal_identifier.auto_identifier][WARNING] - No directed path from treatment to outcome. Causal Effect is zero.
[2026-04-24 05:31:47,396][dowhy.causal_model][INFO] - linear_regression
[2026-04-24 05:31:47,397][dowhy.causal_estimator][INFO] - INFO: Using Linear Regression Estimator
[2026-04-24 05:31:47,397][dowhy.causal_estimator][WARNING] - No directed path from ['X6'] to ['X4'].
[2026-04-24 05:31:47,398][dowhy.causal_model][INFO] - Model to find the causal effect of treatment ['X6'] on outcome ['X5']
[2026-04-24 05:31:47,398][dowhy.causal_identifier.auto_identifier][WARNING] - No directed path from treatment to outcome. Causal Effect is zero.
[2026-04-24 05:31:47,398][dowhy.causal_model][INFO] - linear_regression
[2026-04-24 05:31:47,398][dowhy.causal_estimator][INFO] - INFO: Using Linear Regression Estimator
[2026-04-24 05:31:47,398][dowhy.causal_estimator][WARNING] - No directed path from ['X6'] to ['X5'].
[2026-04-24 05:31:47,400][dowhy.causal_model][INFO] - Model to find the causal effect of treatment ['X6'] on outcome ['X7']
[2026-04-24 05:31:47,402][dowhy.causal_identifier.auto_identifier][INFO] - Causal effect can be identified.
[2026-04-24 05:31:47,403][dowhy.causal_identifier.auto_identifier][INFO] - Instrumental variables for treatment and outcome:['X0']
[2026-04-24 05:31:47,403][dowhy.causal_identifier.auto_identifier][INFO] - Frontdoor variables for treatment and outcome:[]
[2026-04-24 05:31:47,403][dowhy.causal_model][INFO] - linear_regression
[2026-04-24 05:31:47,403][dowhy.causal_estimator][INFO] - INFO: Using Linear Regression Estimator
[2026-04-24 05:31:47,403][dowhy.causal_estimator][INFO] - b: X7~X6+X1
[2026-04-24 05:31:47,411][dowhy.causal_model][INFO] - Model to find the causal effect of treatment ['X6'] on outcome ['X8']
[2026-04-24 05:31:47,413][dowhy.causal_identifier.auto_identifier][INFO] - Causal effect can be identified.
[2026-04-24 05:31:47,414][dowhy.causal_identifier.auto_identifier][INFO] - Instrumental variables for treatment and outcome:['X0']
[2026-04-24 05:31:47,415][dowhy.causal_identifier.auto_identifier][INFO] - Frontdoor variables for treatment and outcome:[]
[2026-04-24 05:31:47,415][dowhy.causal_model][INFO] - linear_regression
[2026-04-24 05:31:47,415][dowhy.causal_estimator][INFO] - INFO: Using Linear Regression Estimator
[2026-04-24 05:31:47,415][dowhy.causal_estimator][INFO] - b: X8~X6+X1+X6*X2+X6*X3
[2026-04-24 05:31:47,424][dowhy.causal_model][INFO] - Model to find the causal effect of treatment ['X6'] on outcome ['X9']
[2026-04-24 05:31:47,426][dowhy.causal_identifier.auto_identifier][INFO] - Causal effect can be identified.
[2026-04-24 05:31:47,426][dowhy.causal_identifier.auto_identifier][INFO] - Instrumental variables for treatment and outcome:['X0']
[2026-04-24 05:31:47,429][dowhy.causal_identifier.auto_identifier][INFO] - Frontdoor variables for treatment and outcome:[]
[2026-04-24 05:31:47,430][dowhy.causal_model][INFO] - linear_regression
[2026-04-24 05:31:47,430][dowhy.causal_estimator][INFO] - INFO: Using Linear Regression Estimator
[2026-04-24 05:31:47,430][dowhy.causal_estimator][INFO] - b: X9~X6+X1+X6*X3+X6*X2
[2026-04-24 05:31:47,439][dowhy.causal_model][INFO] - Model to find the causal effect of treatment ['X6'] on outcome ['X10']
[2026-04-24 05:31:47,441][dowhy.causal_identifier.auto_identifier][INFO] - Causal effect can be identified.
[2026-04-24 05:31:47,441][dowhy.causal_identifier.auto_identifier][INFO] - Instrumental variables for treatment and outcome:['X0']
[2026-04-24 05:31:47,448][dowhy.causal_identifier.auto_identifier][INFO] - Frontdoor variables for treatment and outcome:[]
[2026-04-24 05:31:47,448][dowhy.causal_model][INFO] - linear_regression
[2026-04-24 05:31:47,448][dowhy.causal_estimator][INFO] - INFO: Using Linear Regression Estimator
[2026-04-24 05:31:47,449][dowhy.causal_estimator][INFO] - b: X10~X6+X1+X6*X3+X6*X4+X6*X5+X6*X2
[2026-04-24 05:31:47,458][dowhy.causal_model][INFO] - Model to find the causal effect of treatment ['X6'] on outcome ['X11']
[2026-04-24 05:31:47,460][dowhy.causal_identifier.auto_identifier][INFO] - Causal effect can be identified.
[2026-04-24 05:31:47,460][dowhy.causal_identifier.auto_identifier][INFO] - Instrumental variables for treatment and outcome:['X1']
[2026-04-24 05:31:47,467][dowhy.causal_identifier.auto_identifier][INFO] - Frontdoor variables for treatment and outcome:[]
[2026-04-24 05:31:47,467][dowhy.causal_model][INFO] - linear_regression
[2026-04-24 05:31:47,467][dowhy.causal_estimator][INFO] - INFO: Using Linear Regression Estimator
[2026-04-24 05:31:47,467][dowhy.causal_estimator][INFO] - b: X11~X6+X0
[2026-04-24 05:31:47,475][dowhy.causal_model][INFO] - Model to find the causal effect of treatment ['X6'] on outcome ['X12']
[2026-04-24 05:31:47,477][dowhy.causal_identifier.auto_identifier][INFO] - Causal effect can be identified.
[2026-04-24 05:31:47,477][dowhy.causal_identifier.auto_identifier][INFO] - Instrumental variables for treatment and outcome:['X0']
[2026-04-24 05:31:47,489][dowhy.causal_identifier.auto_identifier][INFO] - Frontdoor variables for treatment and outcome:[]
[2026-04-24 05:31:47,489][dowhy.causal_model][INFO] - linear_regression
[2026-04-24 05:31:47,489][dowhy.causal_estimator][INFO] - INFO: Using Linear Regression Estimator
[2026-04-24 05:31:47,489][dowhy.causal_estimator][INFO] - b: X12~X6+X1+X6*X3+X6*X2
[2026-04-24 05:31:47,498][dowhy.causal_model][INFO] - Model to find the causal effect of treatment ['X6'] on outcome ['X13']
[2026-04-24 05:31:47,500][dowhy.causal_identifier.auto_identifier][INFO] - Causal effect can be identified.
[2026-04-24 05:31:47,500][dowhy.causal_identifier.auto_identifier][INFO] - Instrumental variables for treatment and outcome:['X0']
[2026-04-24 05:31:47,514][dowhy.causal_identifier.auto_identifier][INFO] - Frontdoor variables for treatment and outcome:[]
[2026-04-24 05:31:47,515][dowhy.causal_model][INFO] - linear_regression
[2026-04-24 05:31:47,515][dowhy.causal_estimator][INFO] - INFO: Using Linear Regression Estimator
[2026-04-24 05:31:47,515][dowhy.causal_estimator][INFO] - b: X13~X6+X1+X6*X4+X6*X2+X6*X5+X6*X3
[2026-04-24 05:31:47,565][dowhy.causal_model][INFO] - Model to find the causal effect of treatment ['X7'] on outcome ['X0']
[2026-04-24 05:31:47,566][dowhy.causal_identifier.auto_identifier][WARNING] - No directed path from treatment to outcome. Causal Effect is zero.
[2026-04-24 05:31:47,566][dowhy.causal_model][INFO] - linear_regression
[2026-04-24 05:31:47,566][dowhy.causal_estimator][INFO] - INFO: Using Linear Regression Estimator
[2026-04-24 05:31:47,566][dowhy.causal_estimator][WARNING] - No directed path from ['X7'] to ['X0'].
[2026-04-24 05:31:47,568][dowhy.causal_model][INFO] - Model to find the causal effect of treatment ['X7'] on outcome ['X1']
[2026-04-24 05:31:47,568][dowhy.causal_identifier.auto_identifier][WARNING] - No directed path from treatment to outcome. Causal Effect is zero.
[2026-04-24 05:31:47,568][dowhy.causal_model][INFO] - linear_regression
[2026-04-24 05:31:47,568][dowhy.causal_estimator][INFO] - INFO: Using Linear Regression Estimator
[2026-04-24 05:31:47,568][dowhy.causal_estimator][WARNING] - No directed path from ['X7'] to ['X1'].
[2026-04-24 05:31:47,570][dowhy.causal_model][INFO] - Model to find the causal effect of treatment ['X7'] on outcome ['X2']
[2026-04-24 05:31:47,570][dowhy.causal_identifier.auto_identifier][WARNING] - No directed path from treatment to outcome. Causal Effect is zero.
[2026-04-24 05:31:47,570][dowhy.causal_model][INFO] - linear_regression
[2026-04-24 05:31:47,570][dowhy.causal_estimator][INFO] - INFO: Using Linear Regression Estimator
[2026-04-24 05:31:47,570][dowhy.causal_estimator][WARNING] - No directed path from ['X7'] to ['X2'].
[2026-04-24 05:31:47,572][dowhy.causal_model][INFO] - Model to find the causal effect of treatment ['X7'] on outcome ['X3']
[2026-04-24 05:31:47,572][dowhy.causal_identifier.auto_identifier][WARNING] - No directed path from treatment to outcome. Causal Effect is zero.
[2026-04-24 05:31:47,573][dowhy.causal_model][INFO] - linear_regression
[2026-04-24 05:31:47,573][dowhy.causal_estimator][INFO] - INFO: Using Linear Regression Estimator
[2026-04-24 05:31:47,573][dowhy.causal_estimator][WARNING] - No directed path from ['X7'] to ['X3'].
[2026-04-24 05:31:47,574][dowhy.causal_model][INFO] - Model to find the causal effect of treatment ['X7'] on outcome ['X4']
[2026-04-24 05:31:47,575][dowhy.causal_identifier.auto_identifier][WARNING] - No directed path from treatment to outcome. Causal Effect is zero.
[2026-04-24 05:31:47,575][dowhy.causal_model][INFO] - linear_regression
[2026-04-24 05:31:47,575][dowhy.causal_estimator][INFO] - INFO: Using Linear Regression Estimator
[2026-04-24 05:31:47,575][dowhy.causal_estimator][WARNING] - No directed path from ['X7'] to ['X4'].
[2026-04-24 05:31:47,577][dowhy.causal_model][INFO] - Model to find the causal effect of treatment ['X7'] on outcome ['X5']
[2026-04-24 05:31:47,577][dowhy.causal_identifier.auto_identifier][WARNING] - No directed path from treatment to outcome. Causal Effect is zero.
[2026-04-24 05:31:47,577][dowhy.causal_model][INFO] - linear_regression
[2026-04-24 05:31:47,577][dowhy.causal_estimator][INFO] - INFO: Using Linear Regression Estimator
[2026-04-24 05:31:47,577][dowhy.causal_estimator][WARNING] - No directed path from ['X7'] to ['X5'].
[2026-04-24 05:31:47,579][dowhy.causal_model][INFO] - Model to find the causal effect of treatment ['X7'] on outcome ['X6']
[2026-04-24 05:31:47,579][dowhy.causal_identifier.auto_identifier][WARNING] - No directed path from treatment to outcome. Causal Effect is zero.
[2026-04-24 05:31:47,579][dowhy.causal_model][INFO] - linear_regression
[2026-04-24 05:31:47,579][dowhy.causal_estimator][INFO] - INFO: Using Linear Regression Estimator
[2026-04-24 05:31:47,579][dowhy.causal_estimator][WARNING] - No directed path from ['X7'] to ['X6'].
[2026-04-24 05:31:47,581][dowhy.causal_model][INFO] - Model to find the causal effect of treatment ['X7'] on outcome ['X8']
[2026-04-24 05:31:47,584][dowhy.causal_identifier.auto_identifier][INFO] - Causal effect can be identified.
[2026-04-24 05:31:47,585][dowhy.causal_identifier.auto_identifier][INFO] - Instrumental variables for treatment and outcome:['X6', 'X1']
[2026-04-24 05:31:47,585][dowhy.causal_identifier.auto_identifier][INFO] - Frontdoor variables for treatment and outcome:[]
[2026-04-24 05:31:47,585][dowhy.causal_model][INFO] - linear_regression
[2026-04-24 05:31:47,585][dowhy.causal_estimator][INFO] - INFO: Using Linear Regression Estimator
[2026-04-24 05:31:47,586][dowhy.causal_estimator][INFO] - b: X8~X7+X7*X3+X7*X2
[2026-04-24 05:31:47,594][dowhy.causal_model][INFO] - Model to find the causal effect of treatment ['X7'] on outcome ['X9']
[2026-04-24 05:31:47,597][dowhy.causal_identifier.auto_identifier][INFO] - Causal effect can be identified.
[2026-04-24 05:31:47,598][dowhy.causal_identifier.auto_identifier][INFO] - Instrumental variables for treatment and outcome:['X6', 'X1']
[2026-04-24 05:31:47,599][dowhy.causal_identifier.auto_identifier][INFO] - Frontdoor variables for treatment and outcome:[]
[2026-04-24 05:31:47,599][dowhy.causal_model][INFO] - linear_regression
[2026-04-24 05:31:47,599][dowhy.causal_estimator][INFO] - INFO: Using Linear Regression Estimator
[2026-04-24 05:31:47,599][dowhy.causal_estimator][INFO] - b: X9~X7+X7*X3+X7*X2
[2026-04-24 05:31:47,608][dowhy.causal_model][INFO] - Model to find the causal effect of treatment ['X7'] on outcome ['X10']
[2026-04-24 05:31:47,611][dowhy.causal_identifier.auto_identifier][INFO] - Causal effect can be identified.
[2026-04-24 05:31:47,612][dowhy.causal_identifier.auto_identifier][INFO] - Instrumental variables for treatment and outcome:['X6', 'X1']
[2026-04-24 05:31:47,614][dowhy.causal_identifier.auto_identifier][INFO] - Frontdoor variables for treatment and outcome:['X12', 'X8', 'X9']
[2026-04-24 05:31:47,617][dowhy.causal_identifier.auto_identifier][INFO] - Causal effect can be identified.
[2026-04-24 05:31:47,621][dowhy.causal_identifier.auto_identifier][INFO] - Causal effect can be identified.
[2026-04-24 05:31:47,622][dowhy.causal_model][INFO] - linear_regression
[2026-04-24 05:31:47,622][dowhy.causal_estimator][INFO] - INFO: Using Linear Regression Estimator
[2026-04-24 05:31:47,622][dowhy.causal_estimator][INFO] - b: X10~X7+X7*X3+X7*X4+X7*X5+X7*X2
[2026-04-24 05:31:47,630][dowhy.causal_model][INFO] - Model to find the causal effect of treatment ['X7'] on outcome ['X11']
[2026-04-24 05:31:47,630][dowhy.causal_identifier.auto_identifier][WARNING] - No directed path from treatment to outcome. Causal Effect is zero.
[2026-04-24 05:31:47,630][dowhy.causal_model][INFO] - linear_regression
[2026-04-24 05:31:47,630][dowhy.causal_estimator][INFO] - INFO: Using Linear Regression Estimator
[2026-04-24 05:31:47,630][dowhy.causal_estimator][WARNING] - No directed path from ['X7'] to ['X11'].
[2026-04-24 05:31:47,632][dowhy.causal_model][INFO] - Model to find the causal effect of treatment ['X7'] on outcome ['X12']
[2026-04-24 05:31:47,635][dowhy.causal_identifier.auto_identifier][INFO] - Causal effect can be identified.
[2026-04-24 05:31:47,636][dowhy.causal_identifier.auto_identifier][INFO] - Instrumental variables for treatment and outcome:['X6', 'X1']
[2026-04-24 05:31:47,637][dowhy.causal_identifier.auto_identifier][INFO] - Frontdoor variables for treatment and outcome:[]
[2026-04-24 05:31:47,638][dowhy.causal_model][INFO] - linear_regression
[2026-04-24 05:31:47,638][dowhy.causal_estimator][INFO] - INFO: Using Linear Regression Estimator
[2026-04-24 05:31:47,638][dowhy.causal_estimator][INFO] - b: X12~X7+X7*X3+X7*X2
[2026-04-24 05:31:47,645][dowhy.causal_model][INFO] - Model to find the causal effect of treatment ['X7'] on outcome ['X13']
[2026-04-24 05:31:47,648][dowhy.causal_identifier.auto_identifier][INFO] - Causal effect can be identified.
[2026-04-24 05:31:47,649][dowhy.causal_identifier.auto_identifier][INFO] - Instrumental variables for treatment and outcome:['X6', 'X1']
[2026-04-24 05:31:47,653][dowhy.causal_identifier.auto_identifier][INFO] - Frontdoor variables for treatment and outcome:['X8', 'X9', 'X12']
[2026-04-24 05:31:47,656][dowhy.causal_identifier.auto_identifier][INFO] - Causal effect can be identified.
[2026-04-24 05:31:47,659][dowhy.causal_identifier.auto_identifier][INFO] - Causal effect can be identified.
[2026-04-24 05:31:47,661][dowhy.causal_model][INFO] - linear_regression
[2026-04-24 05:31:47,661][dowhy.causal_estimator][INFO] - INFO: Using Linear Regression Estimator
[2026-04-24 05:31:47,661][dowhy.causal_estimator][INFO] - b: X13~X7+X7*X3+X7*X4+X7*X5+X7*X2
[2026-04-24 05:31:47,703][dowhy.causal_model][INFO] - Model to find the causal effect of treatment ['X8'] on outcome ['X0']
[2026-04-24 05:31:47,704][dowhy.causal_identifier.auto_identifier][WARNING] - No directed path from treatment to outcome. Causal Effect is zero.
[2026-04-24 05:31:47,704][dowhy.causal_model][INFO] - linear_regression
[2026-04-24 05:31:47,704][dowhy.causal_estimator][INFO] - INFO: Using Linear Regression Estimator
[2026-04-24 05:31:47,704][dowhy.causal_estimator][WARNING] - No directed path from ['X8'] to ['X0'].
[2026-04-24 05:31:47,706][dowhy.causal_model][INFO] - Model to find the causal effect of treatment ['X8'] on outcome ['X1']
[2026-04-24 05:31:47,706][dowhy.causal_identifier.auto_identifier][WARNING] - No directed path from treatment to outcome. Causal Effect is zero.
[2026-04-24 05:31:47,706][dowhy.causal_model][INFO] - linear_regression
[2026-04-24 05:31:47,706][dowhy.causal_estimator][INFO] - INFO: Using Linear Regression Estimator
[2026-04-24 05:31:47,706][dowhy.causal_estimator][WARNING] - No directed path from ['X8'] to ['X1'].
[2026-04-24 05:31:47,707][dowhy.causal_model][INFO] - Model to find the causal effect of treatment ['X8'] on outcome ['X2']
[2026-04-24 05:31:47,708][dowhy.causal_identifier.auto_identifier][WARNING] - No directed path from treatment to outcome. Causal Effect is zero.
[2026-04-24 05:31:47,708][dowhy.causal_model][INFO] - linear_regression
[2026-04-24 05:31:47,708][dowhy.causal_estimator][INFO] - INFO: Using Linear Regression Estimator
[2026-04-24 05:31:47,708][dowhy.causal_estimator][WARNING] - No directed path from ['X8'] to ['X2'].
[2026-04-24 05:31:47,709][dowhy.causal_model][INFO] - Model to find the causal effect of treatment ['X8'] on outcome ['X3']
[2026-04-24 05:31:47,710][dowhy.causal_identifier.auto_identifier][WARNING] - No directed path from treatment to outcome. Causal Effect is zero.
[2026-04-24 05:31:47,710][dowhy.causal_model][INFO] - linear_regression
[2026-04-24 05:31:47,710][dowhy.causal_estimator][INFO] - INFO: Using Linear Regression Estimator
[2026-04-24 05:31:47,710][dowhy.causal_estimator][WARNING] - No directed path from ['X8'] to ['X3'].
[2026-04-24 05:31:47,712][dowhy.causal_model][INFO] - Model to find the causal effect of treatment ['X8'] on outcome ['X4']
[2026-04-24 05:31:47,712][dowhy.causal_identifier.auto_identifier][WARNING] - No directed path from treatment to outcome. Causal Effect is zero.
[2026-04-24 05:31:47,712][dowhy.causal_model][INFO] - linear_regression
[2026-04-24 05:31:47,712][dowhy.causal_estimator][INFO] - INFO: Using Linear Regression Estimator
[2026-04-24 05:31:47,712][dowhy.causal_estimator][WARNING] - No directed path from ['X8'] to ['X4'].
[2026-04-24 05:31:47,714][dowhy.causal_model][INFO] - Model to find the causal effect of treatment ['X8'] on outcome ['X5']
[2026-04-24 05:31:47,714][dowhy.causal_identifier.auto_identifier][WARNING] - No directed path from treatment to outcome. Causal Effect is zero.
[2026-04-24 05:31:47,714][dowhy.causal_model][INFO] - linear_regression
[2026-04-24 05:31:47,714][dowhy.causal_estimator][INFO] - INFO: Using Linear Regression Estimator
[2026-04-24 05:31:47,714][dowhy.causal_estimator][WARNING] - No directed path from ['X8'] to ['X5'].
[2026-04-24 05:31:47,716][dowhy.causal_model][INFO] - Model to find the causal effect of treatment ['X8'] on outcome ['X6']
[2026-04-24 05:31:47,716][dowhy.causal_identifier.auto_identifier][WARNING] - No directed path from treatment to outcome. Causal Effect is zero.
[2026-04-24 05:31:47,716][dowhy.causal_model][INFO] - linear_regression
[2026-04-24 05:31:47,716][dowhy.causal_estimator][INFO] - INFO: Using Linear Regression Estimator
[2026-04-24 05:31:47,716][dowhy.causal_estimator][WARNING] - No directed path from ['X8'] to ['X6'].
[2026-04-24 05:31:47,718][dowhy.causal_model][INFO] - Model to find the causal effect of treatment ['X8'] on outcome ['X7']
[2026-04-24 05:31:47,718][dowhy.causal_identifier.auto_identifier][WARNING] - No directed path from treatment to outcome. Causal Effect is zero.
[2026-04-24 05:31:47,718][dowhy.causal_model][INFO] - linear_regression
[2026-04-24 05:31:47,719][dowhy.causal_estimator][INFO] - INFO: Using Linear Regression Estimator
[2026-04-24 05:31:47,719][dowhy.causal_estimator][WARNING] - No directed path from ['X8'] to ['X7'].
[2026-04-24 05:31:47,721][dowhy.causal_model][INFO] - Model to find the causal effect of treatment ['X8'] on outcome ['X9']
[2026-04-24 05:31:47,724][dowhy.causal_identifier.auto_identifier][INFO] - Causal effect can be identified.
[2026-04-24 05:31:47,724][dowhy.causal_identifier.auto_identifier][INFO] - Instrumental variables for treatment and outcome:['X7', 'X2']
[2026-04-24 05:31:47,725][dowhy.causal_identifier.auto_identifier][INFO] - Frontdoor variables for treatment and outcome:[]
[2026-04-24 05:31:47,725][dowhy.causal_model][INFO] - linear_regression
[2026-04-24 05:31:47,725][dowhy.causal_estimator][INFO] - INFO: Using Linear Regression Estimator
[2026-04-24 05:31:47,725][dowhy.causal_estimator][INFO] - b: X9~X8+X3
[2026-04-24 05:31:47,734][dowhy.causal_model][INFO] - Model to find the causal effect of treatment ['X8'] on outcome ['X10']
[2026-04-24 05:31:47,737][dowhy.causal_identifier.auto_identifier][INFO] - Causal effect can be identified.
[2026-04-24 05:31:47,738][dowhy.causal_identifier.auto_identifier][INFO] - Instrumental variables for treatment and outcome:['X7', 'X2']
[2026-04-24 05:31:47,739][dowhy.causal_identifier.auto_identifier][INFO] - Frontdoor variables for treatment and outcome:[]
[2026-04-24 05:31:47,739][dowhy.causal_model][INFO] - linear_regression
[2026-04-24 05:31:47,739][dowhy.causal_estimator][INFO] - INFO: Using Linear Regression Estimator
[2026-04-24 05:31:47,739][dowhy.causal_estimator][INFO] - b: X10~X8+X3+X8*X4+X8*X5
[2026-04-24 05:31:47,749][dowhy.causal_model][INFO] - Model to find the causal effect of treatment ['X8'] on outcome ['X11']
[2026-04-24 05:31:47,750][dowhy.causal_identifier.auto_identifier][WARNING] - No directed path from treatment to outcome. Causal Effect is zero.
[2026-04-24 05:31:47,750][dowhy.causal_model][INFO] - linear_regression
[2026-04-24 05:31:47,750][dowhy.causal_estimator][INFO] - INFO: Using Linear Regression Estimator
[2026-04-24 05:31:47,750][dowhy.causal_estimator][WARNING] - No directed path from ['X8'] to ['X11'].
[2026-04-24 05:31:47,752][dowhy.causal_model][INFO] - Model to find the causal effect of treatment ['X8'] on outcome ['X12']
[2026-04-24 05:31:47,755][dowhy.causal_identifier.auto_identifier][INFO] - Causal effect can be identified.
[2026-04-24 05:31:47,755][dowhy.causal_identifier.auto_identifier][INFO] - Instrumental variables for treatment and outcome:['X7', 'X2']
[2026-04-24 05:31:47,757][dowhy.causal_identifier.auto_identifier][INFO] - Frontdoor variables for treatment and outcome:[]
[2026-04-24 05:31:47,757][dowhy.causal_model][INFO] - linear_regression
[2026-04-24 05:31:47,757][dowhy.causal_estimator][INFO] - INFO: Using Linear Regression Estimator
[2026-04-24 05:31:47,757][dowhy.causal_estimator][INFO] - b: X12~X8+X3
[2026-04-24 05:31:47,766][dowhy.causal_model][INFO] - Model to find the causal effect of treatment ['X8'] on outcome ['X13']
[2026-04-24 05:31:47,769][dowhy.causal_identifier.auto_identifier][INFO] - Causal effect can be identified.
[2026-04-24 05:31:47,770][dowhy.causal_identifier.auto_identifier][INFO] - Instrumental variables for treatment and outcome:['X7', 'X2']
[2026-04-24 05:31:47,771][dowhy.causal_identifier.auto_identifier][INFO] - Frontdoor variables for treatment and outcome:[]
[2026-04-24 05:31:47,771][dowhy.causal_model][INFO] - linear_regression
[2026-04-24 05:31:47,771][dowhy.causal_estimator][INFO] - INFO: Using Linear Regression Estimator
[2026-04-24 05:31:47,772][dowhy.causal_estimator][INFO] - b: X13~X8+X3+X8*X4+X8*X5
[2026-04-24 05:31:47,822][dowhy.causal_model][INFO] - Model to find the causal effect of treatment ['X9'] on outcome ['X0']
[2026-04-24 05:31:47,822][dowhy.causal_identifier.auto_identifier][WARNING] - No directed path from treatment to outcome. Causal Effect is zero.
[2026-04-24 05:31:47,823][dowhy.causal_model][INFO] - linear_regression
[2026-04-24 05:31:47,823][dowhy.causal_estimator][INFO] - INFO: Using Linear Regression Estimator
[2026-04-24 05:31:47,823][dowhy.causal_estimator][WARNING] - No directed path from ['X9'] to ['X0'].
[2026-04-24 05:31:47,824][dowhy.causal_model][INFO] - Model to find the causal effect of treatment ['X9'] on outcome ['X1']
[2026-04-24 05:31:47,825][dowhy.causal_identifier.auto_identifier][WARNING] - No directed path from treatment to outcome. Causal Effect is zero.
[2026-04-24 05:31:47,825][dowhy.causal_model][INFO] - linear_regression
[2026-04-24 05:31:47,825][dowhy.causal_estimator][INFO] - INFO: Using Linear Regression Estimator
[2026-04-24 05:31:47,825][dowhy.causal_estimator][WARNING] - No directed path from ['X9'] to ['X1'].
[2026-04-24 05:31:47,826][dowhy.causal_model][INFO] - Model to find the causal effect of treatment ['X9'] on outcome ['X2']
[2026-04-24 05:31:47,826][dowhy.causal_identifier.auto_identifier][WARNING] - No directed path from treatment to outcome. Causal Effect is zero.
[2026-04-24 05:31:47,827][dowhy.causal_model][INFO] - linear_regression
[2026-04-24 05:31:47,827][dowhy.causal_estimator][INFO] - INFO: Using Linear Regression Estimator
[2026-04-24 05:31:47,827][dowhy.causal_estimator][WARNING] - No directed path from ['X9'] to ['X2'].
[2026-04-24 05:31:47,828][dowhy.causal_model][INFO] - Model to find the causal effect of treatment ['X9'] on outcome ['X3']
[2026-04-24 05:31:47,828][dowhy.causal_identifier.auto_identifier][WARNING] - No directed path from treatment to outcome. Causal Effect is zero.
[2026-04-24 05:31:47,828][dowhy.causal_model][INFO] - linear_regression
[2026-04-24 05:31:47,828][dowhy.causal_estimator][INFO] - INFO: Using Linear Regression Estimator
[2026-04-24 05:31:47,828][dowhy.causal_estimator][WARNING] - No directed path from ['X9'] to ['X3'].
[2026-04-24 05:31:47,830][dowhy.causal_model][INFO] - Model to find the causal effect of treatment ['X9'] on outcome ['X4']
[2026-04-24 05:31:47,830][dowhy.causal_identifier.auto_identifier][WARNING] - No directed path from treatment to outcome. Causal Effect is zero.
[2026-04-24 05:31:47,830][dowhy.causal_model][INFO] - linear_regression
[2026-04-24 05:31:47,830][dowhy.causal_estimator][INFO] - INFO: Using Linear Regression Estimator
[2026-04-24 05:31:47,830][dowhy.causal_estimator][WARNING] - No directed path from ['X9'] to ['X4'].
[2026-04-24 05:31:47,832][dowhy.causal_model][INFO] - Model to find the causal effect of treatment ['X9'] on outcome ['X5']
[2026-04-24 05:31:47,832][dowhy.causal_identifier.auto_identifier][WARNING] - No directed path from treatment to outcome. Causal Effect is zero.
[2026-04-24 05:31:47,832][dowhy.causal_model][INFO] - linear_regression
[2026-04-24 05:31:47,832][dowhy.causal_estimator][INFO] - INFO: Using Linear Regression Estimator
[2026-04-24 05:31:47,832][dowhy.causal_estimator][WARNING] - No directed path from ['X9'] to ['X5'].
[2026-04-24 05:31:47,834][dowhy.causal_model][INFO] - Model to find the causal effect of treatment ['X9'] on outcome ['X6']
[2026-04-24 05:31:47,834][dowhy.causal_identifier.auto_identifier][WARNING] - No directed path from treatment to outcome. Causal Effect is zero.
[2026-04-24 05:31:47,834][dowhy.causal_model][INFO] - linear_regression
[2026-04-24 05:31:47,834][dowhy.causal_estimator][INFO] - INFO: Using Linear Regression Estimator
[2026-04-24 05:31:47,834][dowhy.causal_estimator][WARNING] - No directed path from ['X9'] to ['X6'].
[2026-04-24 05:31:47,836][dowhy.causal_model][INFO] - Model to find the causal effect of treatment ['X9'] on outcome ['X7']
[2026-04-24 05:31:47,836][dowhy.causal_identifier.auto_identifier][WARNING] - No directed path from treatment to outcome. Causal Effect is zero.
[2026-04-24 05:31:47,836][dowhy.causal_model][INFO] - linear_regression
[2026-04-24 05:31:47,836][dowhy.causal_estimator][INFO] - INFO: Using Linear Regression Estimator
[2026-04-24 05:31:47,836][dowhy.causal_estimator][WARNING] - No directed path from ['X9'] to ['X7'].
[2026-04-24 05:31:47,838][dowhy.causal_model][INFO] - Model to find the causal effect of treatment ['X9'] on outcome ['X8']
[2026-04-24 05:31:47,838][dowhy.causal_identifier.auto_identifier][WARNING] - No directed path from treatment to outcome. Causal Effect is zero.
[2026-04-24 05:31:47,838][dowhy.causal_model][INFO] - linear_regression
[2026-04-24 05:31:47,838][dowhy.causal_estimator][INFO] - INFO: Using Linear Regression Estimator
[2026-04-24 05:31:47,838][dowhy.causal_estimator][WARNING] - No directed path from ['X9'] to ['X8'].
[2026-04-24 05:31:47,840][dowhy.causal_model][INFO] - Model to find the causal effect of treatment ['X9'] on outcome ['X10']
[2026-04-24 05:31:47,844][dowhy.causal_identifier.auto_identifier][INFO] - Causal effect can be identified.
[2026-04-24 05:31:47,845][dowhy.causal_identifier.auto_identifier][INFO] - Instrumental variables for treatment and outcome:['X3', 'X8']
[2026-04-24 05:31:47,845][dowhy.causal_identifier.auto_identifier][INFO] - Frontdoor variables for treatment and outcome:[]
[2026-04-24 05:31:47,845][dowhy.causal_model][INFO] - linear_regression
[2026-04-24 05:31:47,845][dowhy.causal_estimator][INFO] - INFO: Using Linear Regression Estimator
[2026-04-24 05:31:47,846][dowhy.causal_estimator][INFO] - b: X10~X9+X9*X4+X9*X5
[2026-04-24 05:31:47,853][dowhy.causal_model][INFO] - Model to find the causal effect of treatment ['X9'] on outcome ['X11']
[2026-04-24 05:31:47,853][dowhy.causal_identifier.auto_identifier][WARNING] - No directed path from treatment to outcome. Causal Effect is zero.
[2026-04-24 05:31:47,853][dowhy.causal_model][INFO] - linear_regression
[2026-04-24 05:31:47,853][dowhy.causal_estimator][INFO] - INFO: Using Linear Regression Estimator
[2026-04-24 05:31:47,853][dowhy.causal_estimator][WARNING] - No directed path from ['X9'] to ['X11'].
[2026-04-24 05:31:47,855][dowhy.causal_model][INFO] - Model to find the causal effect of treatment ['X9'] on outcome ['X12']
[2026-04-24 05:31:47,855][dowhy.causal_identifier.auto_identifier][WARNING] - No directed path from treatment to outcome. Causal Effect is zero.
[2026-04-24 05:31:47,855][dowhy.causal_model][INFO] - linear_regression
[2026-04-24 05:31:47,855][dowhy.causal_estimator][INFO] - INFO: Using Linear Regression Estimator
[2026-04-24 05:31:47,855][dowhy.causal_estimator][WARNING] - No directed path from ['X9'] to ['X12'].
[2026-04-24 05:31:47,857][dowhy.causal_model][INFO] - Model to find the causal effect of treatment ['X9'] on outcome ['X13']
[2026-04-24 05:31:47,861][dowhy.causal_identifier.auto_identifier][INFO] - Causal effect can be identified.
[2026-04-24 05:31:47,862][dowhy.causal_identifier.auto_identifier][INFO] - Instrumental variables for treatment and outcome:['X3', 'X8']
[2026-04-24 05:31:47,862][dowhy.causal_identifier.auto_identifier][INFO] - Frontdoor variables for treatment and outcome:[]
[2026-04-24 05:31:47,862][dowhy.causal_model][INFO] - linear_regression
[2026-04-24 05:31:47,862][dowhy.causal_estimator][INFO] - INFO: Using Linear Regression Estimator
[2026-04-24 05:31:47,863][dowhy.causal_estimator][INFO] - b: X13~X9+X9*X4+X9*X5
[2026-04-24 05:31:47,906][dowhy.causal_model][INFO] - Model to find the causal effect of treatment ['X10'] on outcome ['X0']
[2026-04-24 05:31:47,906][dowhy.causal_identifier.auto_identifier][WARNING] - No directed path from treatment to outcome. Causal Effect is zero.
[2026-04-24 05:31:47,906][dowhy.causal_model][INFO] - linear_regression
[2026-04-24 05:31:47,906][dowhy.causal_estimator][INFO] - INFO: Using Linear Regression Estimator
[2026-04-24 05:31:47,906][dowhy.causal_estimator][WARNING] - No directed path from ['X10'] to ['X0'].
[2026-04-24 05:31:47,908][dowhy.causal_model][INFO] - Model to find the causal effect of treatment ['X10'] on outcome ['X1']
[2026-04-24 05:31:47,908][dowhy.causal_identifier.auto_identifier][WARNING] - No directed path from treatment to outcome. Causal Effect is zero.
[2026-04-24 05:31:47,908][dowhy.causal_model][INFO] - linear_regression
[2026-04-24 05:31:47,908][dowhy.causal_estimator][INFO] - INFO: Using Linear Regression Estimator
[2026-04-24 05:31:47,908][dowhy.causal_estimator][WARNING] - No directed path from ['X10'] to ['X1'].
[2026-04-24 05:31:47,910][dowhy.causal_model][INFO] - Model to find the causal effect of treatment ['X10'] on outcome ['X2']
[2026-04-24 05:31:47,910][dowhy.causal_identifier.auto_identifier][WARNING] - No directed path from treatment to outcome. Causal Effect is zero.
[2026-04-24 05:31:47,910][dowhy.causal_model][INFO] - linear_regression
[2026-04-24 05:31:47,910][dowhy.causal_estimator][INFO] - INFO: Using Linear Regression Estimator
[2026-04-24 05:31:47,910][dowhy.causal_estimator][WARNING] - No directed path from ['X10'] to ['X2'].
[2026-04-24 05:31:47,912][dowhy.causal_model][INFO] - Model to find the causal effect of treatment ['X10'] on outcome ['X3']
[2026-04-24 05:31:47,912][dowhy.causal_identifier.auto_identifier][WARNING] - No directed path from treatment to outcome. Causal Effect is zero.
[2026-04-24 05:31:47,912][dowhy.causal_model][INFO] - linear_regression
[2026-04-24 05:31:47,912][dowhy.causal_estimator][INFO] - INFO: Using Linear Regression Estimator
[2026-04-24 05:31:47,912][dowhy.causal_estimator][WARNING] - No directed path from ['X10'] to ['X3'].
[2026-04-24 05:31:47,914][dowhy.causal_model][INFO] - Model to find the causal effect of treatment ['X10'] on outcome ['X4']
[2026-04-24 05:31:47,914][dowhy.causal_identifier.auto_identifier][WARNING] - No directed path from treatment to outcome. Causal Effect is zero.
[2026-04-24 05:31:47,914][dowhy.causal_model][INFO] - linear_regression
[2026-04-24 05:31:47,914][dowhy.causal_estimator][INFO] - INFO: Using Linear Regression Estimator
[2026-04-24 05:31:47,914][dowhy.causal_estimator][WARNING] - No directed path from ['X10'] to ['X4'].
[2026-04-24 05:31:47,916][dowhy.causal_model][INFO] - Model to find the causal effect of treatment ['X10'] on outcome ['X5']
[2026-04-24 05:31:47,916][dowhy.causal_identifier.auto_identifier][WARNING] - No directed path from treatment to outcome. Causal Effect is zero.
[2026-04-24 05:31:47,916][dowhy.causal_model][INFO] - linear_regression
[2026-04-24 05:31:47,916][dowhy.causal_estimator][INFO] - INFO: Using Linear Regression Estimator
[2026-04-24 05:31:47,916][dowhy.causal_estimator][WARNING] - No directed path from ['X10'] to ['X5'].
[2026-04-24 05:31:47,917][dowhy.causal_model][INFO] - Model to find the causal effect of treatment ['X10'] on outcome ['X6']
[2026-04-24 05:31:47,918][dowhy.causal_identifier.auto_identifier][WARNING] - No directed path from treatment to outcome. Causal Effect is zero.
[2026-04-24 05:31:47,918][dowhy.causal_model][INFO] - linear_regression
[2026-04-24 05:31:47,918][dowhy.causal_estimator][INFO] - INFO: Using Linear Regression Estimator
[2026-04-24 05:31:47,918][dowhy.causal_estimator][WARNING] - No directed path from ['X10'] to ['X6'].
[2026-04-24 05:31:47,919][dowhy.causal_model][INFO] - Model to find the causal effect of treatment ['X10'] on outcome ['X7']
[2026-04-24 05:31:47,919][dowhy.causal_identifier.auto_identifier][WARNING] - No directed path from treatment to outcome. Causal Effect is zero.
[2026-04-24 05:31:47,919][dowhy.causal_model][INFO] - linear_regression
[2026-04-24 05:31:47,920][dowhy.causal_estimator][INFO] - INFO: Using Linear Regression Estimator
[2026-04-24 05:31:47,920][dowhy.causal_estimator][WARNING] - No directed path from ['X10'] to ['X7'].
[2026-04-24 05:31:47,921][dowhy.causal_model][INFO] - Model to find the causal effect of treatment ['X10'] on outcome ['X8']
[2026-04-24 05:31:47,921][dowhy.causal_identifier.auto_identifier][WARNING] - No directed path from treatment to outcome. Causal Effect is zero.
[2026-04-24 05:31:47,921][dowhy.causal_model][INFO] - linear_regression
[2026-04-24 05:31:47,922][dowhy.causal_estimator][INFO] - INFO: Using Linear Regression Estimator
[2026-04-24 05:31:47,922][dowhy.causal_estimator][WARNING] - No directed path from ['X10'] to ['X8'].
[2026-04-24 05:31:47,924][dowhy.causal_model][INFO] - Model to find the causal effect of treatment ['X10'] on outcome ['X9']
[2026-04-24 05:31:47,924][dowhy.causal_identifier.auto_identifier][WARNING] - No directed path from treatment to outcome. Causal Effect is zero.
[2026-04-24 05:31:47,924][dowhy.causal_model][INFO] - linear_regression
[2026-04-24 05:31:47,924][dowhy.causal_estimator][INFO] - INFO: Using Linear Regression Estimator
[2026-04-24 05:31:47,924][dowhy.causal_estimator][WARNING] - No directed path from ['X10'] to ['X9'].
[2026-04-24 05:31:47,925][dowhy.causal_model][INFO] - Model to find the causal effect of treatment ['X10'] on outcome ['X11']
[2026-04-24 05:31:47,925][dowhy.causal_identifier.auto_identifier][WARNING] - No directed path from treatment to outcome. Causal Effect is zero.
[2026-04-24 05:31:47,926][dowhy.causal_model][INFO] - linear_regression
[2026-04-24 05:31:47,926][dowhy.causal_estimator][INFO] - INFO: Using Linear Regression Estimator
[2026-04-24 05:31:47,926][dowhy.causal_estimator][WARNING] - No directed path from ['X10'] to ['X11'].
[2026-04-24 05:31:47,927][dowhy.causal_model][INFO] - Model to find the causal effect of treatment ['X10'] on outcome ['X12']
[2026-04-24 05:31:47,927][dowhy.causal_identifier.auto_identifier][WARNING] - No directed path from treatment to outcome. Causal Effect is zero.
[2026-04-24 05:31:47,927][dowhy.causal_model][INFO] - linear_regression
[2026-04-24 05:31:47,927][dowhy.causal_estimator][INFO] - INFO: Using Linear Regression Estimator
[2026-04-24 05:31:47,927][dowhy.causal_estimator][WARNING] - No directed path from ['X10'] to ['X12'].
[2026-04-24 05:31:47,930][dowhy.causal_model][INFO] - Model to find the causal effect of treatment ['X10'] on outcome ['X13']
[2026-04-24 05:31:47,934][dowhy.causal_identifier.auto_identifier][INFO] - Causal effect can be identified.
[2026-04-24 05:31:47,934][dowhy.causal_identifier.auto_identifier][INFO] - Instrumental variables for treatment and outcome:['X4', 'X9']
[2026-04-24 05:31:47,935][dowhy.causal_identifier.auto_identifier][INFO] - Frontdoor variables for treatment and outcome:[]
[2026-04-24 05:31:47,935][dowhy.causal_model][INFO] - linear_regression
[2026-04-24 05:31:47,935][dowhy.causal_estimator][INFO] - INFO: Using Linear Regression Estimator
[2026-04-24 05:31:47,935][dowhy.causal_estimator][INFO] - b: X13~X10+X5
[2026-04-24 05:31:47,984][dowhy.causal_model][INFO] - Model to find the causal effect of treatment ['X11'] on outcome ['X0']
[2026-04-24 05:31:47,984][dowhy.causal_identifier.auto_identifier][WARNING] - No directed path from treatment to outcome. Causal Effect is zero.
[2026-04-24 05:31:47,984][dowhy.causal_model][INFO] - linear_regression
[2026-04-24 05:31:47,984][dowhy.causal_estimator][INFO] - INFO: Using Linear Regression Estimator
[2026-04-24 05:31:47,984][dowhy.causal_estimator][WARNING] - No directed path from ['X11'] to ['X0'].
[2026-04-24 05:31:47,986][dowhy.causal_model][INFO] - Model to find the causal effect of treatment ['X11'] on outcome ['X1']
[2026-04-24 05:31:47,986][dowhy.causal_identifier.auto_identifier][WARNING] - No directed path from treatment to outcome. Causal Effect is zero.
[2026-04-24 05:31:47,986][dowhy.causal_model][INFO] - linear_regression
[2026-04-24 05:31:47,986][dowhy.causal_estimator][INFO] - INFO: Using Linear Regression Estimator
[2026-04-24 05:31:47,987][dowhy.causal_estimator][WARNING] - No directed path from ['X11'] to ['X1'].
[2026-04-24 05:31:47,988][dowhy.causal_model][INFO] - Model to find the causal effect of treatment ['X11'] on outcome ['X2']
[2026-04-24 05:31:47,989][dowhy.causal_identifier.auto_identifier][WARNING] - No directed path from treatment to outcome. Causal Effect is zero.
[2026-04-24 05:31:47,989][dowhy.causal_model][INFO] - linear_regression
[2026-04-24 05:31:47,989][dowhy.causal_estimator][INFO] - INFO: Using Linear Regression Estimator
[2026-04-24 05:31:47,989][dowhy.causal_estimator][WARNING] - No directed path from ['X11'] to ['X2'].
[2026-04-24 05:31:47,991][dowhy.causal_model][INFO] - Model to find the causal effect of treatment ['X11'] on outcome ['X3']
[2026-04-24 05:31:47,991][dowhy.causal_identifier.auto_identifier][WARNING] - No directed path from treatment to outcome. Causal Effect is zero.
[2026-04-24 05:31:47,991][dowhy.causal_model][INFO] - linear_regression
[2026-04-24 05:31:47,991][dowhy.causal_estimator][INFO] - INFO: Using Linear Regression Estimator
[2026-04-24 05:31:47,991][dowhy.causal_estimator][WARNING] - No directed path from ['X11'] to ['X3'].
[2026-04-24 05:31:47,993][dowhy.causal_model][INFO] - Model to find the causal effect of treatment ['X11'] on outcome ['X4']
[2026-04-24 05:31:47,993][dowhy.causal_identifier.auto_identifier][WARNING] - No directed path from treatment to outcome. Causal Effect is zero.
[2026-04-24 05:31:47,993][dowhy.causal_model][INFO] - linear_regression
[2026-04-24 05:31:47,993][dowhy.causal_estimator][INFO] - INFO: Using Linear Regression Estimator
[2026-04-24 05:31:47,993][dowhy.causal_estimator][WARNING] - No directed path from ['X11'] to ['X4'].
[2026-04-24 05:31:47,995][dowhy.causal_model][INFO] - Model to find the causal effect of treatment ['X11'] on outcome ['X5']
[2026-04-24 05:31:47,995][dowhy.causal_identifier.auto_identifier][WARNING] - No directed path from treatment to outcome. Causal Effect is zero.
[2026-04-24 05:31:47,995][dowhy.causal_model][INFO] - linear_regression
[2026-04-24 05:31:47,995][dowhy.causal_estimator][INFO] - INFO: Using Linear Regression Estimator
[2026-04-24 05:31:47,995][dowhy.causal_estimator][WARNING] - No directed path from ['X11'] to ['X5'].
[2026-04-24 05:31:47,997][dowhy.causal_model][INFO] - Model to find the causal effect of treatment ['X11'] on outcome ['X6']
[2026-04-24 05:31:47,997][dowhy.causal_identifier.auto_identifier][WARNING] - No directed path from treatment to outcome. Causal Effect is zero.
[2026-04-24 05:31:47,997][dowhy.causal_model][INFO] - linear_regression
[2026-04-24 05:31:47,997][dowhy.causal_estimator][INFO] - INFO: Using Linear Regression Estimator
[2026-04-24 05:31:47,997][dowhy.causal_estimator][WARNING] - No directed path from ['X11'] to ['X6'].
[2026-04-24 05:31:47,999][dowhy.causal_model][INFO] - Model to find the causal effect of treatment ['X11'] on outcome ['X7']
[2026-04-24 05:31:47,999][dowhy.causal_identifier.auto_identifier][WARNING] - No directed path from treatment to outcome. Causal Effect is zero.
[2026-04-24 05:31:47,999][dowhy.causal_model][INFO] - linear_regression
[2026-04-24 05:31:47,999][dowhy.causal_estimator][INFO] - INFO: Using Linear Regression Estimator
[2026-04-24 05:31:47,999][dowhy.causal_estimator][WARNING] - No directed path from ['X11'] to ['X7'].
[2026-04-24 05:31:48,001][dowhy.causal_model][INFO] - Model to find the causal effect of treatment ['X11'] on outcome ['X8']
[2026-04-24 05:31:48,001][dowhy.causal_identifier.auto_identifier][WARNING] - No directed path from treatment to outcome. Causal Effect is zero.
[2026-04-24 05:31:48,001][dowhy.causal_model][INFO] - linear_regression
[2026-04-24 05:31:48,001][dowhy.causal_estimator][INFO] - INFO: Using Linear Regression Estimator
[2026-04-24 05:31:48,001][dowhy.causal_estimator][WARNING] - No directed path from ['X11'] to ['X8'].
[2026-04-24 05:31:48,003][dowhy.causal_model][INFO] - Model to find the causal effect of treatment ['X11'] on outcome ['X9']
[2026-04-24 05:31:48,003][dowhy.causal_identifier.auto_identifier][WARNING] - No directed path from treatment to outcome. Causal Effect is zero.
[2026-04-24 05:31:48,003][dowhy.causal_model][INFO] - linear_regression
[2026-04-24 05:31:48,003][dowhy.causal_estimator][INFO] - INFO: Using Linear Regression Estimator
[2026-04-24 05:31:48,003][dowhy.causal_estimator][WARNING] - No directed path from ['X11'] to ['X9'].
[2026-04-24 05:31:48,005][dowhy.causal_model][INFO] - Model to find the causal effect of treatment ['X11'] on outcome ['X10']
[2026-04-24 05:31:48,005][dowhy.causal_identifier.auto_identifier][WARNING] - No directed path from treatment to outcome. Causal Effect is zero.
[2026-04-24 05:31:48,005][dowhy.causal_model][INFO] - linear_regression
[2026-04-24 05:31:48,005][dowhy.causal_estimator][INFO] - INFO: Using Linear Regression Estimator
[2026-04-24 05:31:48,005][dowhy.causal_estimator][WARNING] - No directed path from ['X11'] to ['X10'].
[2026-04-24 05:31:48,007][dowhy.causal_model][INFO] - Model to find the causal effect of treatment ['X11'] on outcome ['X12']
[2026-04-24 05:31:48,007][dowhy.causal_identifier.auto_identifier][WARNING] - No directed path from treatment to outcome. Causal Effect is zero.
[2026-04-24 05:31:48,007][dowhy.causal_model][INFO] - linear_regression
[2026-04-24 05:31:48,007][dowhy.causal_estimator][INFO] - INFO: Using Linear Regression Estimator
[2026-04-24 05:31:48,007][dowhy.causal_estimator][WARNING] - No directed path from ['X11'] to ['X12'].
[2026-04-24 05:31:48,009][dowhy.causal_model][INFO] - Model to find the causal effect of treatment ['X11'] on outcome ['X13']
[2026-04-24 05:31:48,009][dowhy.causal_identifier.auto_identifier][WARNING] - No directed path from treatment to outcome. Causal Effect is zero.
[2026-04-24 05:31:48,009][dowhy.causal_model][INFO] - linear_regression
[2026-04-24 05:31:48,009][dowhy.causal_estimator][INFO] - INFO: Using Linear Regression Estimator
[2026-04-24 05:31:48,009][dowhy.causal_estimator][WARNING] - No directed path from ['X11'] to ['X13'].
[2026-04-24 05:31:48,048][dowhy.causal_model][INFO] - Model to find the causal effect of treatment ['X12'] on outcome ['X0']
[2026-04-24 05:31:48,048][dowhy.causal_identifier.auto_identifier][WARNING] - No directed path from treatment to outcome. Causal Effect is zero.
[2026-04-24 05:31:48,048][dowhy.causal_model][INFO] - linear_regression
[2026-04-24 05:31:48,048][dowhy.causal_estimator][INFO] - INFO: Using Linear Regression Estimator
[2026-04-24 05:31:48,048][dowhy.causal_estimator][WARNING] - No directed path from ['X12'] to ['X0'].
[2026-04-24 05:31:48,050][dowhy.causal_model][INFO] - Model to find the causal effect of treatment ['X12'] on outcome ['X1']
[2026-04-24 05:31:48,050][dowhy.causal_identifier.auto_identifier][WARNING] - No directed path from treatment to outcome. Causal Effect is zero.
[2026-04-24 05:31:48,050][dowhy.causal_model][INFO] - linear_regression
[2026-04-24 05:31:48,050][dowhy.causal_estimator][INFO] - INFO: Using Linear Regression Estimator
[2026-04-24 05:31:48,050][dowhy.causal_estimator][WARNING] - No directed path from ['X12'] to ['X1'].
[2026-04-24 05:31:48,052][dowhy.causal_model][INFO] - Model to find the causal effect of treatment ['X12'] on outcome ['X2']
[2026-04-24 05:31:48,052][dowhy.causal_identifier.auto_identifier][WARNING] - No directed path from treatment to outcome. Causal Effect is zero.
[2026-04-24 05:31:48,052][dowhy.causal_model][INFO] - linear_regression
[2026-04-24 05:31:48,052][dowhy.causal_estimator][INFO] - INFO: Using Linear Regression Estimator
[2026-04-24 05:31:48,052][dowhy.causal_estimator][WARNING] - No directed path from ['X12'] to ['X2'].
[2026-04-24 05:31:48,053][dowhy.causal_model][INFO] - Model to find the causal effect of treatment ['X12'] on outcome ['X3']
[2026-04-24 05:31:48,054][dowhy.causal_identifier.auto_identifier][WARNING] - No directed path from treatment to outcome. Causal Effect is zero.
[2026-04-24 05:31:48,054][dowhy.causal_model][INFO] - linear_regression
[2026-04-24 05:31:48,054][dowhy.causal_estimator][INFO] - INFO: Using Linear Regression Estimator
[2026-04-24 05:31:48,054][dowhy.causal_estimator][WARNING] - No directed path from ['X12'] to ['X3'].
[2026-04-24 05:31:48,055][dowhy.causal_model][INFO] - Model to find the causal effect of treatment ['X12'] on outcome ['X4']
[2026-04-24 05:31:48,055][dowhy.causal_identifier.auto_identifier][WARNING] - No directed path from treatment to outcome. Causal Effect is zero.
[2026-04-24 05:31:48,055][dowhy.causal_model][INFO] - linear_regression
[2026-04-24 05:31:48,055][dowhy.causal_estimator][INFO] - INFO: Using Linear Regression Estimator
[2026-04-24 05:31:48,055][dowhy.causal_estimator][WARNING] - No directed path from ['X12'] to ['X4'].
[2026-04-24 05:31:48,057][dowhy.causal_model][INFO] - Model to find the causal effect of treatment ['X12'] on outcome ['X5']
[2026-04-24 05:31:48,057][dowhy.causal_identifier.auto_identifier][WARNING] - No directed path from treatment to outcome. Causal Effect is zero.
[2026-04-24 05:31:48,057][dowhy.causal_model][INFO] - linear_regression
[2026-04-24 05:31:48,057][dowhy.causal_estimator][INFO] - INFO: Using Linear Regression Estimator
[2026-04-24 05:31:48,057][dowhy.causal_estimator][WARNING] - No directed path from ['X12'] to ['X5'].
[2026-04-24 05:31:48,059][dowhy.causal_model][INFO] - Model to find the causal effect of treatment ['X12'] on outcome ['X6']
[2026-04-24 05:31:48,059][dowhy.causal_identifier.auto_identifier][WARNING] - No directed path from treatment to outcome. Causal Effect is zero.
[2026-04-24 05:31:48,059][dowhy.causal_model][INFO] - linear_regression
[2026-04-24 05:31:48,059][dowhy.causal_estimator][INFO] - INFO: Using Linear Regression Estimator
[2026-04-24 05:31:48,059][dowhy.causal_estimator][WARNING] - No directed path from ['X12'] to ['X6'].
[2026-04-24 05:31:48,061][dowhy.causal_model][INFO] - Model to find the causal effect of treatment ['X12'] on outcome ['X7']
[2026-04-24 05:31:48,061][dowhy.causal_identifier.auto_identifier][WARNING] - No directed path from treatment to outcome. Causal Effect is zero.
[2026-04-24 05:31:48,061][dowhy.causal_model][INFO] - linear_regression
[2026-04-24 05:31:48,061][dowhy.causal_estimator][INFO] - INFO: Using Linear Regression Estimator
[2026-04-24 05:31:48,061][dowhy.causal_estimator][WARNING] - No directed path from ['X12'] to ['X7'].
[2026-04-24 05:31:48,063][dowhy.causal_model][INFO] - Model to find the causal effect of treatment ['X12'] on outcome ['X8']
[2026-04-24 05:31:48,063][dowhy.causal_identifier.auto_identifier][WARNING] - No directed path from treatment to outcome. Causal Effect is zero.
[2026-04-24 05:31:48,063][dowhy.causal_model][INFO] - linear_regression
[2026-04-24 05:31:48,063][dowhy.causal_estimator][INFO] - INFO: Using Linear Regression Estimator
[2026-04-24 05:31:48,063][dowhy.causal_estimator][WARNING] - No directed path from ['X12'] to ['X8'].
[2026-04-24 05:31:48,065][dowhy.causal_model][INFO] - Model to find the causal effect of treatment ['X12'] on outcome ['X9']
[2026-04-24 05:31:48,065][dowhy.causal_identifier.auto_identifier][WARNING] - No directed path from treatment to outcome. Causal Effect is zero.
[2026-04-24 05:31:48,065][dowhy.causal_model][INFO] - linear_regression
[2026-04-24 05:31:48,065][dowhy.causal_estimator][INFO] - INFO: Using Linear Regression Estimator
[2026-04-24 05:31:48,065][dowhy.causal_estimator][WARNING] - No directed path from ['X12'] to ['X9'].
[2026-04-24 05:31:48,066][dowhy.causal_model][INFO] - Model to find the causal effect of treatment ['X12'] on outcome ['X10']
[2026-04-24 05:31:48,066][dowhy.causal_identifier.auto_identifier][WARNING] - No directed path from treatment to outcome. Causal Effect is zero.
[2026-04-24 05:31:48,066][dowhy.causal_model][INFO] - linear_regression
[2026-04-24 05:31:48,067][dowhy.causal_estimator][INFO] - INFO: Using Linear Regression Estimator
[2026-04-24 05:31:48,067][dowhy.causal_estimator][WARNING] - No directed path from ['X12'] to ['X10'].
[2026-04-24 05:31:48,068][dowhy.causal_model][INFO] - Model to find the causal effect of treatment ['X12'] on outcome ['X11']
[2026-04-24 05:31:48,068][dowhy.causal_identifier.auto_identifier][WARNING] - No directed path from treatment to outcome. Causal Effect is zero.
[2026-04-24 05:31:48,068][dowhy.causal_model][INFO] - linear_regression
[2026-04-24 05:31:48,068][dowhy.causal_estimator][INFO] - INFO: Using Linear Regression Estimator
[2026-04-24 05:31:48,068][dowhy.causal_estimator][WARNING] - No directed path from ['X12'] to ['X11'].
[2026-04-24 05:31:48,070][dowhy.causal_model][INFO] - Model to find the causal effect of treatment ['X12'] on outcome ['X13']
[2026-04-24 05:31:48,070][dowhy.causal_identifier.auto_identifier][WARNING] - No directed path from treatment to outcome. Causal Effect is zero.
[2026-04-24 05:31:48,070][dowhy.causal_model][INFO] - linear_regression
[2026-04-24 05:31:48,070][dowhy.causal_estimator][INFO] - INFO: Using Linear Regression Estimator
[2026-04-24 05:31:48,070][dowhy.causal_estimator][WARNING] - No directed path from ['X12'] to ['X13'].
[2026-04-24 05:31:48,104][dowhy.causal_model][INFO] - Model to find the causal effect of treatment ['X13'] on outcome ['X0']
[2026-04-24 05:31:48,104][dowhy.causal_identifier.auto_identifier][WARNING] - No directed path from treatment to outcome. Causal Effect is zero.
[2026-04-24 05:31:48,104][dowhy.causal_model][INFO] - linear_regression
[2026-04-24 05:31:48,104][dowhy.causal_estimator][INFO] - INFO: Using Linear Regression Estimator
[2026-04-24 05:31:48,104][dowhy.causal_estimator][WARNING] - No directed path from ['X13'] to ['X0'].
[2026-04-24 05:31:48,106][dowhy.causal_model][INFO] - Model to find the causal effect of treatment ['X13'] on outcome ['X1']
[2026-04-24 05:31:48,106][dowhy.causal_identifier.auto_identifier][WARNING] - No directed path from treatment to outcome. Causal Effect is zero.
[2026-04-24 05:31:48,106][dowhy.causal_model][INFO] - linear_regression
[2026-04-24 05:31:48,106][dowhy.causal_estimator][INFO] - INFO: Using Linear Regression Estimator
[2026-04-24 05:31:48,106][dowhy.causal_estimator][WARNING] - No directed path from ['X13'] to ['X1'].
[2026-04-24 05:31:48,107][dowhy.causal_model][INFO] - Model to find the causal effect of treatment ['X13'] on outcome ['X2']
[2026-04-24 05:31:48,107][dowhy.causal_identifier.auto_identifier][WARNING] - No directed path from treatment to outcome. Causal Effect is zero.
[2026-04-24 05:31:48,108][dowhy.causal_model][INFO] - linear_regression
[2026-04-24 05:31:48,108][dowhy.causal_estimator][INFO] - INFO: Using Linear Regression Estimator
[2026-04-24 05:31:48,108][dowhy.causal_estimator][WARNING] - No directed path from ['X13'] to ['X2'].
[2026-04-24 05:31:48,109][dowhy.causal_model][INFO] - Model to find the causal effect of treatment ['X13'] on outcome ['X3']
[2026-04-24 05:31:48,109][dowhy.causal_identifier.auto_identifier][WARNING] - No directed path from treatment to outcome. Causal Effect is zero.
[2026-04-24 05:31:48,109][dowhy.causal_model][INFO] - linear_regression
[2026-04-24 05:31:48,109][dowhy.causal_estimator][INFO] - INFO: Using Linear Regression Estimator
[2026-04-24 05:31:48,109][dowhy.causal_estimator][WARNING] - No directed path from ['X13'] to ['X3'].
[2026-04-24 05:31:48,111][dowhy.causal_model][INFO] - Model to find the causal effect of treatment ['X13'] on outcome ['X4']
[2026-04-24 05:31:48,111][dowhy.causal_identifier.auto_identifier][WARNING] - No directed path from treatment to outcome. Causal Effect is zero.
[2026-04-24 05:31:48,111][dowhy.causal_model][INFO] - linear_regression
[2026-04-24 05:31:48,111][dowhy.causal_estimator][INFO] - INFO: Using Linear Regression Estimator
[2026-04-24 05:31:48,111][dowhy.causal_estimator][WARNING] - No directed path from ['X13'] to ['X4'].
[2026-04-24 05:31:48,113][dowhy.causal_model][INFO] - Model to find the causal effect of treatment ['X13'] on outcome ['X5']
[2026-04-24 05:31:48,113][dowhy.causal_identifier.auto_identifier][WARNING] - No directed path from treatment to outcome. Causal Effect is zero.
[2026-04-24 05:31:48,113][dowhy.causal_model][INFO] - linear_regression
[2026-04-24 05:31:48,113][dowhy.causal_estimator][INFO] - INFO: Using Linear Regression Estimator
[2026-04-24 05:31:48,113][dowhy.causal_estimator][WARNING] - No directed path from ['X13'] to ['X5'].
[2026-04-24 05:31:48,115][dowhy.causal_model][INFO] - Model to find the causal effect of treatment ['X13'] on outcome ['X6']
[2026-04-24 05:31:48,115][dowhy.causal_identifier.auto_identifier][WARNING] - No directed path from treatment to outcome. Causal Effect is zero.
[2026-04-24 05:31:48,115][dowhy.causal_model][INFO] - linear_regression
[2026-04-24 05:31:48,115][dowhy.causal_estimator][INFO] - INFO: Using Linear Regression Estimator
[2026-04-24 05:31:48,115][dowhy.causal_estimator][WARNING] - No directed path from ['X13'] to ['X6'].
[2026-04-24 05:31:48,117][dowhy.causal_model][INFO] - Model to find the causal effect of treatment ['X13'] on outcome ['X7']
[2026-04-24 05:31:48,117][dowhy.causal_identifier.auto_identifier][WARNING] - No directed path from treatment to outcome. Causal Effect is zero.
[2026-04-24 05:31:48,117][dowhy.causal_model][INFO] - linear_regression
[2026-04-24 05:31:48,117][dowhy.causal_estimator][INFO] - INFO: Using Linear Regression Estimator
[2026-04-24 05:31:48,117][dowhy.causal_estimator][WARNING] - No directed path from ['X13'] to ['X7'].
[2026-04-24 05:31:48,119][dowhy.causal_model][INFO] - Model to find the causal effect of treatment ['X13'] on outcome ['X8']
[2026-04-24 05:31:48,119][dowhy.causal_identifier.auto_identifier][WARNING] - No directed path from treatment to outcome. Causal Effect is zero.
[2026-04-24 05:31:48,119][dowhy.causal_model][INFO] - linear_regression
[2026-04-24 05:31:48,119][dowhy.causal_estimator][INFO] - INFO: Using Linear Regression Estimator
[2026-04-24 05:31:48,119][dowhy.causal_estimator][WARNING] - No directed path from ['X13'] to ['X8'].
[2026-04-24 05:31:48,120][dowhy.causal_model][INFO] - Model to find the causal effect of treatment ['X13'] on outcome ['X9']
[2026-04-24 05:31:48,121][dowhy.causal_identifier.auto_identifier][WARNING] - No directed path from treatment to outcome. Causal Effect is zero.
[2026-04-24 05:31:48,121][dowhy.causal_model][INFO] - linear_regression
[2026-04-24 05:31:48,121][dowhy.causal_estimator][INFO] - INFO: Using Linear Regression Estimator
[2026-04-24 05:31:48,121][dowhy.causal_estimator][WARNING] - No directed path from ['X13'] to ['X9'].
[2026-04-24 05:31:48,122][dowhy.causal_model][INFO] - Model to find the causal effect of treatment ['X13'] on outcome ['X10']
[2026-04-24 05:31:48,122][dowhy.causal_identifier.auto_identifier][WARNING] - No directed path from treatment to outcome. Causal Effect is zero.
[2026-04-24 05:31:48,122][dowhy.causal_model][INFO] - linear_regression
[2026-04-24 05:31:48,122][dowhy.causal_estimator][INFO] - INFO: Using Linear Regression Estimator
[2026-04-24 05:31:48,122][dowhy.causal_estimator][WARNING] - No directed path from ['X13'] to ['X10'].
[2026-04-24 05:31:48,124][dowhy.causal_model][INFO] - Model to find the causal effect of treatment ['X13'] on outcome ['X11']
[2026-04-24 05:31:48,124][dowhy.causal_identifier.auto_identifier][WARNING] - No directed path from treatment to outcome. Causal Effect is zero.
[2026-04-24 05:31:48,124][dowhy.causal_model][INFO] - linear_regression
[2026-04-24 05:31:48,124][dowhy.causal_estimator][INFO] - INFO: Using Linear Regression Estimator
[2026-04-24 05:31:48,124][dowhy.causal_estimator][WARNING] - No directed path from ['X13'] to ['X11'].
[2026-04-24 05:31:48,126][dowhy.causal_model][INFO] - Model to find the causal effect of treatment ['X13'] on outcome ['X12']
[2026-04-24 05:31:48,126][dowhy.causal_identifier.auto_identifier][WARNING] - No directed path from treatment to outcome. Causal Effect is zero.
[2026-04-24 05:31:48,126][dowhy.causal_model][INFO] - linear_regression
[2026-04-24 05:31:48,126][dowhy.causal_estimator][INFO] - INFO: Using Linear Regression Estimator
[2026-04-24 05:31:48,126][dowhy.causal_estimator][WARNING] - No directed path from ['X13'] to ['X12'].
[2026-04-24 05:31:48,192][dowhy.causal_model][INFO] - Model to find the causal effect of treatment ['X0'] on outcome ['X1']
[2026-04-24 05:31:48,192][dowhy.causal_identifier.auto_identifier][WARNING] - No directed path from treatment to outcome. Causal Effect is zero.
[2026-04-24 05:31:48,193][dowhy.causal_model][INFO] - linear_regression
[2026-04-24 05:31:48,193][dowhy.causal_estimator][INFO] - INFO: Using Linear Regression Estimator
[2026-04-24 05:31:48,193][dowhy.causal_estimator][WARNING] - No directed path from ['X0'] to ['X1'].
[2026-04-24 05:31:48,195][dowhy.causal_model][INFO] - Model to find the causal effect of treatment ['X0'] on outcome ['X2']
[2026-04-24 05:31:48,195][dowhy.causal_identifier.auto_identifier][WARNING] - No directed path from treatment to outcome. Causal Effect is zero.
[2026-04-24 05:31:48,195][dowhy.causal_model][INFO] - linear_regression
[2026-04-24 05:31:48,195][dowhy.causal_estimator][INFO] - INFO: Using Linear Regression Estimator
[2026-04-24 05:31:48,195][dowhy.causal_estimator][WARNING] - No directed path from ['X0'] to ['X2'].
[2026-04-24 05:31:48,197][dowhy.causal_model][INFO] - Model to find the causal effect of treatment ['X0'] on outcome ['X3']
[2026-04-24 05:31:48,197][dowhy.causal_identifier.auto_identifier][WARNING] - No directed path from treatment to outcome. Causal Effect is zero.
[2026-04-24 05:31:48,197][dowhy.causal_model][INFO] - linear_regression
[2026-04-24 05:31:48,197][dowhy.causal_estimator][INFO] - INFO: Using Linear Regression Estimator
[2026-04-24 05:31:48,197][dowhy.causal_estimator][WARNING] - No directed path from ['X0'] to ['X3'].
[2026-04-24 05:31:48,199][dowhy.causal_model][INFO] - Model to find the causal effect of treatment ['X0'] on outcome ['X4']
[2026-04-24 05:31:48,199][dowhy.causal_identifier.auto_identifier][WARNING] - No directed path from treatment to outcome. Causal Effect is zero.
[2026-04-24 05:31:48,199][dowhy.causal_model][INFO] - linear_regression
[2026-04-24 05:31:48,199][dowhy.causal_estimator][INFO] - INFO: Using Linear Regression Estimator
[2026-04-24 05:31:48,199][dowhy.causal_estimator][WARNING] - No directed path from ['X0'] to ['X4'].
[2026-04-24 05:31:48,201][dowhy.causal_model][INFO] - Model to find the causal effect of treatment ['X0'] on outcome ['X5']
[2026-04-24 05:31:48,201][dowhy.causal_identifier.auto_identifier][WARNING] - No directed path from treatment to outcome. Causal Effect is zero.
[2026-04-24 05:31:48,202][dowhy.causal_model][INFO] - linear_regression
[2026-04-24 05:31:48,202][dowhy.causal_estimator][INFO] - INFO: Using Linear Regression Estimator
[2026-04-24 05:31:48,202][dowhy.causal_estimator][WARNING] - No directed path from ['X0'] to ['X5'].
[2026-04-24 05:31:48,204][dowhy.causal_model][INFO] - Model to find the causal effect of treatment ['X0'] on outcome ['X6']
[2026-04-24 05:31:48,206][dowhy.causal_identifier.auto_identifier][INFO] - Causal effect can be identified.
[2026-04-24 05:31:48,206][dowhy.causal_identifier.auto_identifier][INFO] - Instrumental variables for treatment and outcome:[]
[2026-04-24 05:31:48,206][dowhy.causal_identifier.auto_identifier][INFO] - Frontdoor variables for treatment and outcome:[]
[2026-04-24 05:31:48,206][dowhy.causal_model][INFO] - linear_regression
[2026-04-24 05:31:48,206][dowhy.causal_estimator][INFO] - INFO: Using Linear Regression Estimator
[2026-04-24 05:31:48,207][dowhy.causal_estimator][INFO] - b: X6~X0+X0*X1
[2026-04-24 05:31:48,216][dowhy.causal_model][INFO] - Model to find the causal effect of treatment ['X0'] on outcome ['X7']
[2026-04-24 05:31:48,217][dowhy.causal_identifier.auto_identifier][INFO] - Causal effect can be identified.
[2026-04-24 05:31:48,218][dowhy.causal_identifier.auto_identifier][INFO] - Instrumental variables for treatment and outcome:[]
[2026-04-24 05:31:48,218][dowhy.causal_identifier.auto_identifier][INFO] - Frontdoor variables for treatment and outcome:[]
[2026-04-24 05:31:48,218][dowhy.causal_model][INFO] - linear_regression
[2026-04-24 05:31:48,219][dowhy.causal_estimator][INFO] - INFO: Using Linear Regression Estimator
[2026-04-24 05:31:48,219][dowhy.causal_estimator][INFO] - b: X7~X0+X0*X1
[2026-04-24 05:31:48,228][dowhy.causal_model][INFO] - Model to find the causal effect of treatment ['X0'] on outcome ['X8']
[2026-04-24 05:31:48,229][dowhy.causal_identifier.auto_identifier][INFO] - Causal effect can be identified.
[2026-04-24 05:31:48,230][dowhy.causal_identifier.auto_identifier][INFO] - Instrumental variables for treatment and outcome:[]
[2026-04-24 05:31:48,232][dowhy.causal_identifier.auto_identifier][INFO] - Frontdoor variables for treatment and outcome:['X7', 'X11', 'X6']
[2026-04-24 05:31:48,233][dowhy.causal_identifier.auto_identifier][INFO] - Causal effect can be identified.
[2026-04-24 05:31:48,236][dowhy.causal_identifier.auto_identifier][INFO] - Causal effect can be identified.
[2026-04-24 05:31:48,236][dowhy.causal_model][INFO] - linear_regression
[2026-04-24 05:31:48,236][dowhy.causal_estimator][INFO] - INFO: Using Linear Regression Estimator
[2026-04-24 05:31:48,237][dowhy.causal_estimator][INFO] - b: X8~X0+X0*X3+X0*X2+X0*X1
[2026-04-24 05:31:48,246][dowhy.causal_model][INFO] - Model to find the causal effect of treatment ['X0'] on outcome ['X9']
[2026-04-24 05:31:48,248][dowhy.causal_identifier.auto_identifier][INFO] - Causal effect can be identified.
[2026-04-24 05:31:48,249][dowhy.causal_identifier.auto_identifier][INFO] - Instrumental variables for treatment and outcome:[]
[2026-04-24 05:31:48,252][dowhy.causal_identifier.auto_identifier][INFO] - Frontdoor variables for treatment and outcome:['X7', 'X6', 'X11']
[2026-04-24 05:31:48,254][dowhy.causal_identifier.auto_identifier][INFO] - Causal effect can be identified.
[2026-04-24 05:31:48,256][dowhy.causal_identifier.auto_identifier][INFO] - Causal effect can be identified.
[2026-04-24 05:31:48,257][dowhy.causal_model][INFO] - linear_regression
[2026-04-24 05:31:48,257][dowhy.causal_estimator][INFO] - INFO: Using Linear Regression Estimator
[2026-04-24 05:31:48,257][dowhy.causal_estimator][INFO] - b: X9~X0+X0*X3+X0*X2+X0*X1
[2026-04-24 05:31:48,265][dowhy.causal_model][INFO] - Model to find the causal effect of treatment ['X0'] on outcome ['X10']
[2026-04-24 05:31:48,267][dowhy.causal_identifier.auto_identifier][INFO] - Causal effect can be identified.
[2026-04-24 05:31:48,268][dowhy.causal_identifier.auto_identifier][INFO] - Instrumental variables for treatment and outcome:[]
[2026-04-24 05:31:48,271][dowhy.causal_identifier.auto_identifier][INFO] - Frontdoor variables for treatment and outcome:['X7', 'X6', 'X11', 'X8', 'X9', 'X12']
[2026-04-24 05:31:48,273][dowhy.causal_identifier.auto_identifier][INFO] - Causal effect can be identified.
[2026-04-24 05:31:48,276][dowhy.causal_identifier.auto_identifier][INFO] - Causal effect can be identified.
[2026-04-24 05:31:48,277][dowhy.causal_model][INFO] - linear_regression
[2026-04-24 05:31:48,277][dowhy.causal_estimator][INFO] - INFO: Using Linear Regression Estimator
[2026-04-24 05:31:48,277][dowhy.causal_estimator][INFO] - b: X10~X0+X0*X5+X0*X3+X0*X4+X0*X2+X0*X1
[2026-04-24 05:31:48,285][dowhy.causal_model][INFO] - Model to find the causal effect of treatment ['X0'] on outcome ['X11']
[2026-04-24 05:31:48,287][dowhy.causal_identifier.auto_identifier][INFO] - Causal effect can be identified.
[2026-04-24 05:31:48,287][dowhy.causal_identifier.auto_identifier][INFO] - Instrumental variables for treatment and outcome:[]
[2026-04-24 05:31:48,301][dowhy.causal_identifier.auto_identifier][INFO] - Frontdoor variables for treatment and outcome:[]
[2026-04-24 05:31:48,301][dowhy.causal_model][INFO] - linear_regression
[2026-04-24 05:31:48,301][dowhy.causal_estimator][INFO] - INFO: Using Linear Regression Estimator
[2026-04-24 05:31:48,301][dowhy.causal_estimator][INFO] - b: X11~X0+X0*X1
[2026-04-24 05:31:48,309][dowhy.causal_model][INFO] - Model to find the causal effect of treatment ['X0'] on outcome ['X12']
[2026-04-24 05:31:48,310][dowhy.causal_identifier.auto_identifier][INFO] - Causal effect can be identified.
[2026-04-24 05:31:48,311][dowhy.causal_identifier.auto_identifier][INFO] - Instrumental variables for treatment and outcome:[]
[2026-04-24 05:31:48,334][dowhy.causal_identifier.auto_identifier][INFO] - Frontdoor variables for treatment and outcome:['X7', 'X6', 'X11']
[2026-04-24 05:31:48,336][dowhy.causal_identifier.auto_identifier][INFO] - Causal effect can be identified.
[2026-04-24 05:31:48,338][dowhy.causal_identifier.auto_identifier][INFO] - Causal effect can be identified.
[2026-04-24 05:31:48,339][dowhy.causal_model][INFO] - linear_regression
[2026-04-24 05:31:48,339][dowhy.causal_estimator][INFO] - INFO: Using Linear Regression Estimator
[2026-04-24 05:31:48,339][dowhy.causal_estimator][INFO] - b: X12~X0+X0*X3+X0*X2+X0*X1
[2026-04-24 05:31:48,347][dowhy.causal_model][INFO] - Model to find the causal effect of treatment ['X0'] on outcome ['X13']
[2026-04-24 05:31:48,349][dowhy.causal_identifier.auto_identifier][INFO] - Causal effect can be identified.
[2026-04-24 05:31:48,349][dowhy.causal_identifier.auto_identifier][INFO] - Instrumental variables for treatment and outcome:[]
[2026-04-24 05:31:48,366][dowhy.causal_identifier.auto_identifier][INFO] - Frontdoor variables for treatment and outcome:['X7', 'X6', 'X11', 'X8', 'X9', 'X12']
[2026-04-24 05:31:48,369][dowhy.causal_identifier.auto_identifier][INFO] - Causal effect can be identified.
[2026-04-24 05:31:48,371][dowhy.causal_identifier.auto_identifier][INFO] - Causal effect can be identified.
[2026-04-24 05:31:48,373][dowhy.causal_model][INFO] - linear_regression
[2026-04-24 05:31:48,373][dowhy.causal_estimator][INFO] - INFO: Using Linear Regression Estimator
[2026-04-24 05:31:48,374][dowhy.causal_estimator][INFO] - b: X13~X0+X0*X5+X0*X3+X0*X4+X0*X2+X0*X1
[2026-04-24 05:31:48,426][dowhy.causal_model][INFO] - Model to find the causal effect of treatment ['X1'] on outcome ['X0']
[2026-04-24 05:31:48,426][dowhy.causal_identifier.auto_identifier][WARNING] - No directed path from treatment to outcome. Causal Effect is zero.
[2026-04-24 05:31:48,426][dowhy.causal_model][INFO] - linear_regression
[2026-04-24 05:31:48,426][dowhy.causal_estimator][INFO] - INFO: Using Linear Regression Estimator
[2026-04-24 05:31:48,426][dowhy.causal_estimator][WARNING] - No directed path from ['X1'] to ['X0'].
[2026-04-24 05:31:48,428][dowhy.causal_model][INFO] - Model to find the causal effect of treatment ['X1'] on outcome ['X2']
[2026-04-24 05:31:48,428][dowhy.causal_identifier.auto_identifier][WARNING] - No directed path from treatment to outcome. Causal Effect is zero.
[2026-04-24 05:31:48,428][dowhy.causal_model][INFO] - linear_regression
[2026-04-24 05:31:48,428][dowhy.causal_estimator][INFO] - INFO: Using Linear Regression Estimator
[2026-04-24 05:31:48,428][dowhy.causal_estimator][WARNING] - No directed path from ['X1'] to ['X2'].
[2026-04-24 05:31:48,430][dowhy.causal_model][INFO] - Model to find the causal effect of treatment ['X1'] on outcome ['X3']
[2026-04-24 05:31:48,430][dowhy.causal_identifier.auto_identifier][WARNING] - No directed path from treatment to outcome. Causal Effect is zero.
[2026-04-24 05:31:48,431][dowhy.causal_model][INFO] - linear_regression
[2026-04-24 05:31:48,431][dowhy.causal_estimator][INFO] - INFO: Using Linear Regression Estimator
[2026-04-24 05:31:48,431][dowhy.causal_estimator][WARNING] - No directed path from ['X1'] to ['X3'].
[2026-04-24 05:31:48,433][dowhy.causal_model][INFO] - Model to find the causal effect of treatment ['X1'] on outcome ['X4']
[2026-04-24 05:31:48,433][dowhy.causal_identifier.auto_identifier][WARNING] - No directed path from treatment to outcome. Causal Effect is zero.
[2026-04-24 05:31:48,433][dowhy.causal_model][INFO] - linear_regression
[2026-04-24 05:31:48,433][dowhy.causal_estimator][INFO] - INFO: Using Linear Regression Estimator
[2026-04-24 05:31:48,433][dowhy.causal_estimator][WARNING] - No directed path from ['X1'] to ['X4'].
[2026-04-24 05:31:48,435][dowhy.causal_model][INFO] - Model to find the causal effect of treatment ['X1'] on outcome ['X5']
[2026-04-24 05:31:48,435][dowhy.causal_identifier.auto_identifier][WARNING] - No directed path from treatment to outcome. Causal Effect is zero.
[2026-04-24 05:31:48,435][dowhy.causal_model][INFO] - linear_regression
[2026-04-24 05:31:48,435][dowhy.causal_estimator][INFO] - INFO: Using Linear Regression Estimator
[2026-04-24 05:31:48,435][dowhy.causal_estimator][WARNING] - No directed path from ['X1'] to ['X5'].
[2026-04-24 05:31:48,437][dowhy.causal_model][INFO] - Model to find the causal effect of treatment ['X1'] on outcome ['X6']
[2026-04-24 05:31:48,438][dowhy.causal_identifier.auto_identifier][INFO] - Causal effect can be identified.
[2026-04-24 05:31:48,439][dowhy.causal_identifier.auto_identifier][INFO] - Instrumental variables for treatment and outcome:[]
[2026-04-24 05:31:48,439][dowhy.causal_identifier.auto_identifier][INFO] - Frontdoor variables for treatment and outcome:[]
[2026-04-24 05:31:48,439][dowhy.causal_model][INFO] - linear_regression
[2026-04-24 05:31:48,439][dowhy.causal_estimator][INFO] - INFO: Using Linear Regression Estimator
[2026-04-24 05:31:48,439][dowhy.causal_estimator][INFO] - b: X6~X1+X1*X0
[2026-04-24 05:31:48,448][dowhy.causal_model][INFO] - Model to find the causal effect of treatment ['X1'] on outcome ['X7']
[2026-04-24 05:31:48,450][dowhy.causal_identifier.auto_identifier][INFO] - Causal effect can be identified.
[2026-04-24 05:31:48,450][dowhy.causal_identifier.auto_identifier][INFO] - Instrumental variables for treatment and outcome:[]
[2026-04-24 05:31:48,451][dowhy.causal_identifier.auto_identifier][INFO] - Frontdoor variables for treatment and outcome:[]
[2026-04-24 05:31:48,451][dowhy.causal_model][INFO] - linear_regression
[2026-04-24 05:31:48,451][dowhy.causal_estimator][INFO] - INFO: Using Linear Regression Estimator
[2026-04-24 05:31:48,451][dowhy.causal_estimator][INFO] - b: X7~X1+X1*X0
[2026-04-24 05:31:48,460][dowhy.causal_model][INFO] - Model to find the causal effect of treatment ['X1'] on outcome ['X8']
[2026-04-24 05:31:48,462][dowhy.causal_identifier.auto_identifier][INFO] - Causal effect can be identified.
[2026-04-24 05:31:48,462][dowhy.causal_identifier.auto_identifier][INFO] - Instrumental variables for treatment and outcome:[]
[2026-04-24 05:31:48,463][dowhy.causal_identifier.auto_identifier][INFO] - Frontdoor variables for treatment and outcome:['X7', 'X11', 'X6']
[2026-04-24 05:31:48,465][dowhy.causal_identifier.auto_identifier][INFO] - Causal effect can be identified.
[2026-04-24 05:31:48,468][dowhy.causal_identifier.auto_identifier][INFO] - Causal effect can be identified.
[2026-04-24 05:31:48,469][dowhy.causal_model][INFO] - linear_regression
[2026-04-24 05:31:48,469][dowhy.causal_estimator][INFO] - INFO: Using Linear Regression Estimator
[2026-04-24 05:31:48,469][dowhy.causal_estimator][INFO] - b: X8~X1+X1*X3+X1*X2+X1*X0
[2026-04-24 05:31:48,476][dowhy.causal_model][INFO] - Model to find the causal effect of treatment ['X1'] on outcome ['X9']
[2026-04-24 05:31:48,478][dowhy.causal_identifier.auto_identifier][INFO] - Causal effect can be identified.
[2026-04-24 05:31:48,479][dowhy.causal_identifier.auto_identifier][INFO] - Instrumental variables for treatment and outcome:[]
[2026-04-24 05:31:48,482][dowhy.causal_identifier.auto_identifier][INFO] - Frontdoor variables for treatment and outcome:['X7', 'X6', 'X11']
[2026-04-24 05:31:48,484][dowhy.causal_identifier.auto_identifier][INFO] - Causal effect can be identified.
[2026-04-24 05:31:48,486][dowhy.causal_identifier.auto_identifier][INFO] - Causal effect can be identified.
[2026-04-24 05:31:48,487][dowhy.causal_model][INFO] - linear_regression
[2026-04-24 05:31:48,487][dowhy.causal_estimator][INFO] - INFO: Using Linear Regression Estimator
[2026-04-24 05:31:48,487][dowhy.causal_estimator][INFO] - b: X9~X1+X1*X3+X1*X2+X1*X0
[2026-04-24 05:31:48,495][dowhy.causal_model][INFO] - Model to find the causal effect of treatment ['X1'] on outcome ['X10']
[2026-04-24 05:31:48,497][dowhy.causal_identifier.auto_identifier][INFO] - Causal effect can be identified.
[2026-04-24 05:31:48,498][dowhy.causal_identifier.auto_identifier][INFO] - Instrumental variables for treatment and outcome:[]
[2026-04-24 05:31:48,501][dowhy.causal_identifier.auto_identifier][INFO] - Frontdoor variables for treatment and outcome:['X7', 'X6', 'X11', 'X8', 'X9', 'X12']
[2026-04-24 05:31:48,503][dowhy.causal_identifier.auto_identifier][INFO] - Causal effect can be identified.
[2026-04-24 05:31:48,505][dowhy.causal_identifier.auto_identifier][INFO] - Causal effect can be identified.
[2026-04-24 05:31:48,507][dowhy.causal_model][INFO] - linear_regression
[2026-04-24 05:31:48,507][dowhy.causal_estimator][INFO] - INFO: Using Linear Regression Estimator
[2026-04-24 05:31:48,507][dowhy.causal_estimator][INFO] - b: X10~X1+X1*X5+X1*X3+X1*X4+X1*X2+X1*X0
[2026-04-24 05:31:48,515][dowhy.causal_model][INFO] - Model to find the causal effect of treatment ['X1'] on outcome ['X11']
[2026-04-24 05:31:48,517][dowhy.causal_identifier.auto_identifier][INFO] - Causal effect can be identified.
[2026-04-24 05:31:48,517][dowhy.causal_identifier.auto_identifier][INFO] - Instrumental variables for treatment and outcome:[]
[2026-04-24 05:31:48,531][dowhy.causal_identifier.auto_identifier][INFO] - Frontdoor variables for treatment and outcome:[]
[2026-04-24 05:31:48,531][dowhy.causal_model][INFO] - linear_regression
[2026-04-24 05:31:48,531][dowhy.causal_estimator][INFO] - INFO: Using Linear Regression Estimator
[2026-04-24 05:31:48,531][dowhy.causal_estimator][INFO] - b: X11~X1+X1*X0
[2026-04-24 05:31:48,539][dowhy.causal_model][INFO] - Model to find the causal effect of treatment ['X1'] on outcome ['X12']
[2026-04-24 05:31:48,540][dowhy.causal_identifier.auto_identifier][INFO] - Causal effect can be identified.
[2026-04-24 05:31:48,541][dowhy.causal_identifier.auto_identifier][INFO] - Instrumental variables for treatment and outcome:[]
[2026-04-24 05:31:48,565][dowhy.causal_identifier.auto_identifier][INFO] - Frontdoor variables for treatment and outcome:['X7', 'X6', 'X11']
[2026-04-24 05:31:48,567][dowhy.causal_identifier.auto_identifier][INFO] - Causal effect can be identified.
[2026-04-24 05:31:48,569][dowhy.causal_identifier.auto_identifier][INFO] - Causal effect can be identified.
[2026-04-24 05:31:48,570][dowhy.causal_model][INFO] - linear_regression
[2026-04-24 05:31:48,570][dowhy.causal_estimator][INFO] - INFO: Using Linear Regression Estimator
[2026-04-24 05:31:48,570][dowhy.causal_estimator][INFO] - b: X12~X1+X1*X3+X1*X2+X1*X0
[2026-04-24 05:31:48,579][dowhy.causal_model][INFO] - Model to find the causal effect of treatment ['X1'] on outcome ['X13']
[2026-04-24 05:31:48,581][dowhy.causal_identifier.auto_identifier][INFO] - Causal effect can be identified.
[2026-04-24 05:31:48,582][dowhy.causal_identifier.auto_identifier][INFO] - Instrumental variables for treatment and outcome:[]
[2026-04-24 05:31:48,599][dowhy.causal_identifier.auto_identifier][INFO] - Frontdoor variables for treatment and outcome:['X7', 'X6', 'X11', 'X8', 'X9', 'X12']
[2026-04-24 05:31:48,602][dowhy.causal_identifier.auto_identifier][INFO] - Causal effect can be identified.
[2026-04-24 05:31:48,605][dowhy.causal_identifier.auto_identifier][INFO] - Causal effect can be identified.
[2026-04-24 05:31:48,606][dowhy.causal_model][INFO] - linear_regression
[2026-04-24 05:31:48,606][dowhy.causal_estimator][INFO] - INFO: Using Linear Regression Estimator
[2026-04-24 05:31:48,607][dowhy.causal_estimator][INFO] - b: X13~X1+X1*X5+X1*X3+X1*X4+X1*X2+X1*X0
[2026-04-24 05:31:48,652][dowhy.causal_model][INFO] - Model to find the causal effect of treatment ['X2'] on outcome ['X0']
[2026-04-24 05:31:48,652][dowhy.causal_identifier.auto_identifier][WARNING] - No directed path from treatment to outcome. Causal Effect is zero.
[2026-04-24 05:31:48,652][dowhy.causal_model][INFO] - linear_regression
[2026-04-24 05:31:48,652][dowhy.causal_estimator][INFO] - INFO: Using Linear Regression Estimator
[2026-04-24 05:31:48,652][dowhy.causal_estimator][WARNING] - No directed path from ['X2'] to ['X0'].
[2026-04-24 05:31:48,654][dowhy.causal_model][INFO] - Model to find the causal effect of treatment ['X2'] on outcome ['X1']
[2026-04-24 05:31:48,654][dowhy.causal_identifier.auto_identifier][WARNING] - No directed path from treatment to outcome. Causal Effect is zero.
[2026-04-24 05:31:48,654][dowhy.causal_model][INFO] - linear_regression
[2026-04-24 05:31:48,654][dowhy.causal_estimator][INFO] - INFO: Using Linear Regression Estimator
[2026-04-24 05:31:48,654][dowhy.causal_estimator][WARNING] - No directed path from ['X2'] to ['X1'].
[2026-04-24 05:31:48,656][dowhy.causal_model][INFO] - Model to find the causal effect of treatment ['X2'] on outcome ['X3']
[2026-04-24 05:31:48,656][dowhy.causal_identifier.auto_identifier][WARNING] - No directed path from treatment to outcome. Causal Effect is zero.
[2026-04-24 05:31:48,656][dowhy.causal_model][INFO] - linear_regression
[2026-04-24 05:31:48,656][dowhy.causal_estimator][INFO] - INFO: Using Linear Regression Estimator
[2026-04-24 05:31:48,656][dowhy.causal_estimator][WARNING] - No directed path from ['X2'] to ['X3'].
[2026-04-24 05:31:48,658][dowhy.causal_model][INFO] - Model to find the causal effect of treatment ['X2'] on outcome ['X4']
[2026-04-24 05:31:48,658][dowhy.causal_identifier.auto_identifier][WARNING] - No directed path from treatment to outcome. Causal Effect is zero.
[2026-04-24 05:31:48,658][dowhy.causal_model][INFO] - linear_regression
[2026-04-24 05:31:48,658][dowhy.causal_estimator][INFO] - INFO: Using Linear Regression Estimator
[2026-04-24 05:31:48,658][dowhy.causal_estimator][WARNING] - No directed path from ['X2'] to ['X4'].
[2026-04-24 05:31:48,660][dowhy.causal_model][INFO] - Model to find the causal effect of treatment ['X2'] on outcome ['X5']
[2026-04-24 05:31:48,660][dowhy.causal_identifier.auto_identifier][WARNING] - No directed path from treatment to outcome. Causal Effect is zero.
[2026-04-24 05:31:48,660][dowhy.causal_model][INFO] - linear_regression
[2026-04-24 05:31:48,660][dowhy.causal_estimator][INFO] - INFO: Using Linear Regression Estimator
[2026-04-24 05:31:48,660][dowhy.causal_estimator][WARNING] - No directed path from ['X2'] to ['X5'].
[2026-04-24 05:31:48,662][dowhy.causal_model][INFO] - Model to find the causal effect of treatment ['X2'] on outcome ['X6']
[2026-04-24 05:31:48,662][dowhy.causal_identifier.auto_identifier][WARNING] - No directed path from treatment to outcome. Causal Effect is zero.
[2026-04-24 05:31:48,662][dowhy.causal_model][INFO] - linear_regression
[2026-04-24 05:31:48,662][dowhy.causal_estimator][INFO] - INFO: Using Linear Regression Estimator
[2026-04-24 05:31:48,662][dowhy.causal_estimator][WARNING] - No directed path from ['X2'] to ['X6'].
[2026-04-24 05:31:48,664][dowhy.causal_model][INFO] - Model to find the causal effect of treatment ['X2'] on outcome ['X7']
[2026-04-24 05:31:48,664][dowhy.causal_identifier.auto_identifier][WARNING] - No directed path from treatment to outcome. Causal Effect is zero.
[2026-04-24 05:31:48,664][dowhy.causal_model][INFO] - linear_regression
[2026-04-24 05:31:48,664][dowhy.causal_estimator][INFO] - INFO: Using Linear Regression Estimator
[2026-04-24 05:31:48,664][dowhy.causal_estimator][WARNING] - No directed path from ['X2'] to ['X7'].
[2026-04-24 05:31:48,666][dowhy.causal_model][INFO] - Model to find the causal effect of treatment ['X2'] on outcome ['X8']
[2026-04-24 05:31:48,669][dowhy.causal_identifier.auto_identifier][INFO] - Causal effect can be identified.
[2026-04-24 05:31:48,669][dowhy.causal_identifier.auto_identifier][INFO] - Instrumental variables for treatment and outcome:[]
[2026-04-24 05:31:48,670][dowhy.causal_identifier.auto_identifier][INFO] - Frontdoor variables for treatment and outcome:[]
[2026-04-24 05:31:48,670][dowhy.causal_model][INFO] - linear_regression
[2026-04-24 05:31:48,670][dowhy.causal_estimator][INFO] - INFO: Using Linear Regression Estimator
[2026-04-24 05:31:48,670][dowhy.causal_estimator][INFO] - b: X8~X2+X2*X7+X2*X3+X2*X6+X2*X1+X2*X0
[2026-04-24 05:31:48,679][dowhy.causal_model][INFO] - Model to find the causal effect of treatment ['X2'] on outcome ['X9']
[2026-04-24 05:31:48,681][dowhy.causal_identifier.auto_identifier][INFO] - Causal effect can be identified.
[2026-04-24 05:31:48,682][dowhy.causal_identifier.auto_identifier][INFO] - Instrumental variables for treatment and outcome:[]
[2026-04-24 05:31:48,683][dowhy.causal_identifier.auto_identifier][INFO] - Frontdoor variables for treatment and outcome:[]
[2026-04-24 05:31:48,683][dowhy.causal_model][INFO] - linear_regression
[2026-04-24 05:31:48,683][dowhy.causal_estimator][INFO] - INFO: Using Linear Regression Estimator
[2026-04-24 05:31:48,683][dowhy.causal_estimator][INFO] - b: X9~X2+X2*X7+X2*X3+X2*X6+X2*X1+X2*X0
[2026-04-24 05:31:48,692][dowhy.causal_model][INFO] - Model to find the causal effect of treatment ['X2'] on outcome ['X10']
[2026-04-24 05:31:48,695][dowhy.causal_identifier.auto_identifier][INFO] - Causal effect can be identified.
[2026-04-24 05:31:48,696][dowhy.causal_identifier.auto_identifier][INFO] - Instrumental variables for treatment and outcome:[]
[2026-04-24 05:31:48,698][dowhy.causal_identifier.auto_identifier][INFO] - Frontdoor variables for treatment and outcome:['X12', 'X8', 'X9']
[2026-04-24 05:31:48,701][dowhy.causal_identifier.auto_identifier][INFO] - Causal effect can be identified.
[2026-04-24 05:31:48,704][dowhy.causal_identifier.auto_identifier][INFO] - Causal effect can be identified.
[2026-04-24 05:31:48,705][dowhy.causal_model][INFO] - linear_regression
[2026-04-24 05:31:48,706][dowhy.causal_estimator][INFO] - INFO: Using Linear Regression Estimator
[2026-04-24 05:31:48,706][dowhy.causal_estimator][INFO] - b: X10~X2+X2*X7+X2*X5+X2*X6+X2*X3+X2*X4+X2*X1+X2*X0
[2026-04-24 05:31:48,715][dowhy.causal_model][INFO] - Model to find the causal effect of treatment ['X2'] on outcome ['X11']
[2026-04-24 05:31:48,715][dowhy.causal_identifier.auto_identifier][WARNING] - No directed path from treatment to outcome. Causal Effect is zero.
[2026-04-24 05:31:48,715][dowhy.causal_model][INFO] - linear_regression
[2026-04-24 05:31:48,715][dowhy.causal_estimator][INFO] - INFO: Using Linear Regression Estimator
[2026-04-24 05:31:48,715][dowhy.causal_estimator][WARNING] - No directed path from ['X2'] to ['X11'].
[2026-04-24 05:31:48,717][dowhy.causal_model][INFO] - Model to find the causal effect of treatment ['X2'] on outcome ['X12']
[2026-04-24 05:31:48,720][dowhy.causal_identifier.auto_identifier][INFO] - Causal effect can be identified.
[2026-04-24 05:31:48,721][dowhy.causal_identifier.auto_identifier][INFO] - Instrumental variables for treatment and outcome:[]
[2026-04-24 05:31:48,722][dowhy.causal_identifier.auto_identifier][INFO] - Frontdoor variables for treatment and outcome:[]
[2026-04-24 05:31:48,722][dowhy.causal_model][INFO] - linear_regression
[2026-04-24 05:31:48,722][dowhy.causal_estimator][INFO] - INFO: Using Linear Regression Estimator
[2026-04-24 05:31:48,723][dowhy.causal_estimator][INFO] - b: X12~X2+X2*X7+X2*X3+X2*X6+X2*X1+X2*X0
[2026-04-24 05:31:48,731][dowhy.causal_model][INFO] - Model to find the causal effect of treatment ['X2'] on outcome ['X13']
[2026-04-24 05:31:48,734][dowhy.causal_identifier.auto_identifier][INFO] - Causal effect can be identified.
[2026-04-24 05:31:48,735][dowhy.causal_identifier.auto_identifier][INFO] - Instrumental variables for treatment and outcome:[]
[2026-04-24 05:31:48,738][dowhy.causal_identifier.auto_identifier][INFO] - Frontdoor variables for treatment and outcome:['X8', 'X9', 'X12']
[2026-04-24 05:31:48,741][dowhy.causal_identifier.auto_identifier][INFO] - Causal effect can be identified.
[2026-04-24 05:31:48,745][dowhy.causal_identifier.auto_identifier][INFO] - Causal effect can be identified.
[2026-04-24 05:31:48,746][dowhy.causal_model][INFO] - linear_regression
[2026-04-24 05:31:48,746][dowhy.causal_estimator][INFO] - INFO: Using Linear Regression Estimator
[2026-04-24 05:31:48,747][dowhy.causal_estimator][INFO] - b: X13~X2+X2*X7+X2*X5+X2*X6+X2*X3+X2*X4+X2*X1+X2*X0
[2026-04-24 05:31:48,790][dowhy.causal_model][INFO] - Model to find the causal effect of treatment ['X3'] on outcome ['X0']
[2026-04-24 05:31:48,790][dowhy.causal_identifier.auto_identifier][WARNING] - No directed path from treatment to outcome. Causal Effect is zero.
[2026-04-24 05:31:48,791][dowhy.causal_model][INFO] - linear_regression
[2026-04-24 05:31:48,791][dowhy.causal_estimator][INFO] - INFO: Using Linear Regression Estimator
[2026-04-24 05:31:48,791][dowhy.causal_estimator][WARNING] - No directed path from ['X3'] to ['X0'].
[2026-04-24 05:31:48,793][dowhy.causal_model][INFO] - Model to find the causal effect of treatment ['X3'] on outcome ['X1']
[2026-04-24 05:31:48,793][dowhy.causal_identifier.auto_identifier][WARNING] - No directed path from treatment to outcome. Causal Effect is zero.
[2026-04-24 05:31:48,793][dowhy.causal_model][INFO] - linear_regression
[2026-04-24 05:31:48,793][dowhy.causal_estimator][INFO] - INFO: Using Linear Regression Estimator
[2026-04-24 05:31:48,793][dowhy.causal_estimator][WARNING] - No directed path from ['X3'] to ['X1'].
[2026-04-24 05:31:48,795][dowhy.causal_model][INFO] - Model to find the causal effect of treatment ['X3'] on outcome ['X2']
[2026-04-24 05:31:48,795][dowhy.causal_identifier.auto_identifier][WARNING] - No directed path from treatment to outcome. Causal Effect is zero.
[2026-04-24 05:31:48,795][dowhy.causal_model][INFO] - linear_regression
[2026-04-24 05:31:48,795][dowhy.causal_estimator][INFO] - INFO: Using Linear Regression Estimator
[2026-04-24 05:31:48,795][dowhy.causal_estimator][WARNING] - No directed path from ['X3'] to ['X2'].
[2026-04-24 05:31:48,797][dowhy.causal_model][INFO] - Model to find the causal effect of treatment ['X3'] on outcome ['X4']
[2026-04-24 05:31:48,797][dowhy.causal_identifier.auto_identifier][WARNING] - No directed path from treatment to outcome. Causal Effect is zero.
[2026-04-24 05:31:48,797][dowhy.causal_model][INFO] - linear_regression
[2026-04-24 05:31:48,797][dowhy.causal_estimator][INFO] - INFO: Using Linear Regression Estimator
[2026-04-24 05:31:48,797][dowhy.causal_estimator][WARNING] - No directed path from ['X3'] to ['X4'].
[2026-04-24 05:31:48,799][dowhy.causal_model][INFO] - Model to find the causal effect of treatment ['X3'] on outcome ['X5']
[2026-04-24 05:31:48,799][dowhy.causal_identifier.auto_identifier][WARNING] - No directed path from treatment to outcome. Causal Effect is zero.
[2026-04-24 05:31:48,799][dowhy.causal_model][INFO] - linear_regression
[2026-04-24 05:31:48,799][dowhy.causal_estimator][INFO] - INFO: Using Linear Regression Estimator
[2026-04-24 05:31:48,799][dowhy.causal_estimator][WARNING] - No directed path from ['X3'] to ['X5'].
[2026-04-24 05:31:48,801][dowhy.causal_model][INFO] - Model to find the causal effect of treatment ['X3'] on outcome ['X6']
[2026-04-24 05:31:48,801][dowhy.causal_identifier.auto_identifier][WARNING] - No directed path from treatment to outcome. Causal Effect is zero.
[2026-04-24 05:31:48,801][dowhy.causal_model][INFO] - linear_regression
[2026-04-24 05:31:48,801][dowhy.causal_estimator][INFO] - INFO: Using Linear Regression Estimator
[2026-04-24 05:31:48,801][dowhy.causal_estimator][WARNING] - No directed path from ['X3'] to ['X6'].
[2026-04-24 05:31:48,803][dowhy.causal_model][INFO] - Model to find the causal effect of treatment ['X3'] on outcome ['X7']
[2026-04-24 05:31:48,803][dowhy.causal_identifier.auto_identifier][WARNING] - No directed path from treatment to outcome. Causal Effect is zero.
[2026-04-24 05:31:48,803][dowhy.causal_model][INFO] - linear_regression
[2026-04-24 05:31:48,803][dowhy.causal_estimator][INFO] - INFO: Using Linear Regression Estimator
[2026-04-24 05:31:48,803][dowhy.causal_estimator][WARNING] - No directed path from ['X3'] to ['X7'].
[2026-04-24 05:31:48,805][dowhy.causal_model][INFO] - Model to find the causal effect of treatment ['X3'] on outcome ['X8']
[2026-04-24 05:31:48,808][dowhy.causal_identifier.auto_identifier][INFO] - Causal effect can be identified.
[2026-04-24 05:31:48,809][dowhy.causal_identifier.auto_identifier][INFO] - Instrumental variables for treatment and outcome:[]
[2026-04-24 05:31:48,809][dowhy.causal_identifier.auto_identifier][INFO] - Frontdoor variables for treatment and outcome:[]
[2026-04-24 05:31:48,809][dowhy.causal_model][INFO] - linear_regression
[2026-04-24 05:31:48,809][dowhy.causal_estimator][INFO] - INFO: Using Linear Regression Estimator
[2026-04-24 05:31:48,809][dowhy.causal_estimator][INFO] - b: X8~X3+X3*X7+X3*X6+X3*X2+X3*X1+X3*X0
[2026-04-24 05:31:48,819][dowhy.causal_model][INFO] - Model to find the causal effect of treatment ['X3'] on outcome ['X9']
[2026-04-24 05:31:48,822][dowhy.causal_identifier.auto_identifier][INFO] - Causal effect can be identified.
[2026-04-24 05:31:48,823][dowhy.causal_identifier.auto_identifier][INFO] - Instrumental variables for treatment and outcome:[]
[2026-04-24 05:31:48,823][dowhy.causal_identifier.auto_identifier][INFO] - Frontdoor variables for treatment and outcome:[]
[2026-04-24 05:31:48,823][dowhy.causal_model][INFO] - linear_regression
[2026-04-24 05:31:48,823][dowhy.causal_estimator][INFO] - INFO: Using Linear Regression Estimator
[2026-04-24 05:31:48,824][dowhy.causal_estimator][INFO] - b: X9~X3+X3*X7+X3*X6+X3*X2+X3*X1+X3*X0
[2026-04-24 05:31:48,833][dowhy.causal_model][INFO] - Model to find the causal effect of treatment ['X3'] on outcome ['X10']
[2026-04-24 05:31:48,836][dowhy.causal_identifier.auto_identifier][INFO] - Causal effect can be identified.
[2026-04-24 05:31:48,837][dowhy.causal_identifier.auto_identifier][INFO] - Instrumental variables for treatment and outcome:[]
[2026-04-24 05:31:48,839][dowhy.causal_identifier.auto_identifier][INFO] - Frontdoor variables for treatment and outcome:['X12', 'X8', 'X9']
[2026-04-24 05:31:48,842][dowhy.causal_identifier.auto_identifier][INFO] - Causal effect can be identified.
[2026-04-24 05:31:48,846][dowhy.causal_identifier.auto_identifier][INFO] - Causal effect can be identified.
[2026-04-24 05:31:48,847][dowhy.causal_model][INFO] - linear_regression
[2026-04-24 05:31:48,847][dowhy.causal_estimator][INFO] - INFO: Using Linear Regression Estimator
[2026-04-24 05:31:48,848][dowhy.causal_estimator][INFO] - b: X10~X3+X3*X7+X3*X5+X3*X6+X3*X4+X3*X2+X3*X1+X3*X0
[2026-04-24 05:31:48,858][dowhy.causal_model][INFO] - Model to find the causal effect of treatment ['X3'] on outcome ['X11']
[2026-04-24 05:31:48,858][dowhy.causal_identifier.auto_identifier][WARNING] - No directed path from treatment to outcome. Causal Effect is zero.
[2026-04-24 05:31:48,858][dowhy.causal_model][INFO] - linear_regression
[2026-04-24 05:31:48,858][dowhy.causal_estimator][INFO] - INFO: Using Linear Regression Estimator
[2026-04-24 05:31:48,858][dowhy.causal_estimator][WARNING] - No directed path from ['X3'] to ['X11'].
[2026-04-24 05:31:48,860][dowhy.causal_model][INFO] - Model to find the causal effect of treatment ['X3'] on outcome ['X12']
[2026-04-24 05:31:48,863][dowhy.causal_identifier.auto_identifier][INFO] - Causal effect can be identified.
[2026-04-24 05:31:48,863][dowhy.causal_identifier.auto_identifier][INFO] - Instrumental variables for treatment and outcome:[]
[2026-04-24 05:31:48,865][dowhy.causal_identifier.auto_identifier][INFO] - Frontdoor variables for treatment and outcome:[]
[2026-04-24 05:31:48,865][dowhy.causal_model][INFO] - linear_regression
[2026-04-24 05:31:48,865][dowhy.causal_estimator][INFO] - INFO: Using Linear Regression Estimator
[2026-04-24 05:31:48,866][dowhy.causal_estimator][INFO] - b: X12~X3+X3*X7+X3*X6+X3*X2+X3*X1+X3*X0
[2026-04-24 05:31:48,874][dowhy.causal_model][INFO] - Model to find the causal effect of treatment ['X3'] on outcome ['X13']
[2026-04-24 05:31:48,878][dowhy.causal_identifier.auto_identifier][INFO] - Causal effect can be identified.
[2026-04-24 05:31:48,879][dowhy.causal_identifier.auto_identifier][INFO] - Instrumental variables for treatment and outcome:[]
[2026-04-24 05:31:48,882][dowhy.causal_identifier.auto_identifier][INFO] - Frontdoor variables for treatment and outcome:['X8', 'X9', 'X12']
[2026-04-24 05:31:48,885][dowhy.causal_identifier.auto_identifier][INFO] - Causal effect can be identified.
[2026-04-24 05:31:48,889][dowhy.causal_identifier.auto_identifier][INFO] - Causal effect can be identified.
[2026-04-24 05:31:48,890][dowhy.causal_model][INFO] - linear_regression
[2026-04-24 05:31:48,890][dowhy.causal_estimator][INFO] - INFO: Using Linear Regression Estimator
[2026-04-24 05:31:48,891][dowhy.causal_estimator][INFO] - b: X13~X3+X3*X7+X3*X5+X3*X6+X3*X4+X3*X2+X3*X1+X3*X0
[2026-04-24 05:31:48,933][dowhy.causal_model][INFO] - Model to find the causal effect of treatment ['X4'] on outcome ['X0']
[2026-04-24 05:31:48,933][dowhy.causal_identifier.auto_identifier][WARNING] - No directed path from treatment to outcome. Causal Effect is zero.
[2026-04-24 05:31:48,933][dowhy.causal_model][INFO] - linear_regression
[2026-04-24 05:31:48,933][dowhy.causal_estimator][INFO] - INFO: Using Linear Regression Estimator
[2026-04-24 05:31:48,934][dowhy.causal_estimator][WARNING] - No directed path from ['X4'] to ['X0'].
[2026-04-24 05:31:48,935][dowhy.causal_model][INFO] - Model to find the causal effect of treatment ['X4'] on outcome ['X1']
[2026-04-24 05:31:48,935][dowhy.causal_identifier.auto_identifier][WARNING] - No directed path from treatment to outcome. Causal Effect is zero.
[2026-04-24 05:31:48,935][dowhy.causal_model][INFO] - linear_regression
[2026-04-24 05:31:48,935][dowhy.causal_estimator][INFO] - INFO: Using Linear Regression Estimator
[2026-04-24 05:31:48,935][dowhy.causal_estimator][WARNING] - No directed path from ['X4'] to ['X1'].
[2026-04-24 05:31:48,937][dowhy.causal_model][INFO] - Model to find the causal effect of treatment ['X4'] on outcome ['X2']
[2026-04-24 05:31:48,937][dowhy.causal_identifier.auto_identifier][WARNING] - No directed path from treatment to outcome. Causal Effect is zero.
[2026-04-24 05:31:48,937][dowhy.causal_model][INFO] - linear_regression
[2026-04-24 05:31:48,937][dowhy.causal_estimator][INFO] - INFO: Using Linear Regression Estimator
[2026-04-24 05:31:48,937][dowhy.causal_estimator][WARNING] - No directed path from ['X4'] to ['X2'].
[2026-04-24 05:31:48,939][dowhy.causal_model][INFO] - Model to find the causal effect of treatment ['X4'] on outcome ['X3']
[2026-04-24 05:31:48,939][dowhy.causal_identifier.auto_identifier][WARNING] - No directed path from treatment to outcome. Causal Effect is zero.
[2026-04-24 05:31:48,939][dowhy.causal_model][INFO] - linear_regression
[2026-04-24 05:31:48,939][dowhy.causal_estimator][INFO] - INFO: Using Linear Regression Estimator
[2026-04-24 05:31:48,939][dowhy.causal_estimator][WARNING] - No directed path from ['X4'] to ['X3'].
[2026-04-24 05:31:48,941][dowhy.causal_model][INFO] - Model to find the causal effect of treatment ['X4'] on outcome ['X5']
[2026-04-24 05:31:48,941][dowhy.causal_identifier.auto_identifier][WARNING] - No directed path from treatment to outcome. Causal Effect is zero.
[2026-04-24 05:31:48,941][dowhy.causal_model][INFO] - linear_regression
[2026-04-24 05:31:48,941][dowhy.causal_estimator][INFO] - INFO: Using Linear Regression Estimator
[2026-04-24 05:31:48,941][dowhy.causal_estimator][WARNING] - No directed path from ['X4'] to ['X5'].
[2026-04-24 05:31:48,943][dowhy.causal_model][INFO] - Model to find the causal effect of treatment ['X4'] on outcome ['X6']
[2026-04-24 05:31:48,943][dowhy.causal_identifier.auto_identifier][WARNING] - No directed path from treatment to outcome. Causal Effect is zero.
[2026-04-24 05:31:48,943][dowhy.causal_model][INFO] - linear_regression
[2026-04-24 05:31:48,943][dowhy.causal_estimator][INFO] - INFO: Using Linear Regression Estimator
[2026-04-24 05:31:48,943][dowhy.causal_estimator][WARNING] - No directed path from ['X4'] to ['X6'].
[2026-04-24 05:31:48,945][dowhy.causal_model][INFO] - Model to find the causal effect of treatment ['X4'] on outcome ['X7']
[2026-04-24 05:31:48,945][dowhy.causal_identifier.auto_identifier][WARNING] - No directed path from treatment to outcome. Causal Effect is zero.
[2026-04-24 05:31:48,945][dowhy.causal_model][INFO] - linear_regression
[2026-04-24 05:31:48,945][dowhy.causal_estimator][INFO] - INFO: Using Linear Regression Estimator
[2026-04-24 05:31:48,945][dowhy.causal_estimator][WARNING] - No directed path from ['X4'] to ['X7'].
[2026-04-24 05:31:48,947][dowhy.causal_model][INFO] - Model to find the causal effect of treatment ['X4'] on outcome ['X8']
[2026-04-24 05:31:48,947][dowhy.causal_identifier.auto_identifier][WARNING] - No directed path from treatment to outcome. Causal Effect is zero.
[2026-04-24 05:31:48,947][dowhy.causal_model][INFO] - linear_regression
[2026-04-24 05:31:48,947][dowhy.causal_estimator][INFO] - INFO: Using Linear Regression Estimator
[2026-04-24 05:31:48,947][dowhy.causal_estimator][WARNING] - No directed path from ['X4'] to ['X8'].
[2026-04-24 05:31:48,949][dowhy.causal_model][INFO] - Model to find the causal effect of treatment ['X4'] on outcome ['X9']
[2026-04-24 05:31:48,949][dowhy.causal_identifier.auto_identifier][WARNING] - No directed path from treatment to outcome. Causal Effect is zero.
[2026-04-24 05:31:48,949][dowhy.causal_model][INFO] - linear_regression
[2026-04-24 05:31:48,949][dowhy.causal_estimator][INFO] - INFO: Using Linear Regression Estimator
[2026-04-24 05:31:48,949][dowhy.causal_estimator][WARNING] - No directed path from ['X4'] to ['X9'].
[2026-04-24 05:31:48,951][dowhy.causal_model][INFO] - Model to find the causal effect of treatment ['X4'] on outcome ['X10']
[2026-04-24 05:31:48,954][dowhy.causal_identifier.auto_identifier][INFO] - Causal effect can be identified.
[2026-04-24 05:31:48,956][dowhy.causal_identifier.auto_identifier][INFO] - Instrumental variables for treatment and outcome:[]
[2026-04-24 05:31:48,956][dowhy.causal_identifier.auto_identifier][INFO] - Frontdoor variables for treatment and outcome:[]
[2026-04-24 05:31:48,956][dowhy.causal_model][INFO] - linear_regression
[2026-04-24 05:31:48,956][dowhy.causal_estimator][INFO] - INFO: Using Linear Regression Estimator
[2026-04-24 05:31:48,956][dowhy.causal_estimator][INFO] - b: X10~X4+X4*X7+X4*X5+X4*X6+X4*X1+X4*X8+X4*X9+X4*X3+X4*X2+X4*X0
[2026-04-24 05:31:48,965][dowhy.causal_model][INFO] - Model to find the causal effect of treatment ['X4'] on outcome ['X11']
[2026-04-24 05:31:48,965][dowhy.causal_identifier.auto_identifier][WARNING] - No directed path from treatment to outcome. Causal Effect is zero.
[2026-04-24 05:31:48,965][dowhy.causal_model][INFO] - linear_regression
[2026-04-24 05:31:48,965][dowhy.causal_estimator][INFO] - INFO: Using Linear Regression Estimator
[2026-04-24 05:31:48,965][dowhy.causal_estimator][WARNING] - No directed path from ['X4'] to ['X11'].
[2026-04-24 05:31:48,967][dowhy.causal_model][INFO] - Model to find the causal effect of treatment ['X4'] on outcome ['X12']
[2026-04-24 05:31:48,967][dowhy.causal_identifier.auto_identifier][WARNING] - No directed path from treatment to outcome. Causal Effect is zero.
[2026-04-24 05:31:48,967][dowhy.causal_model][INFO] - linear_regression
[2026-04-24 05:31:48,967][dowhy.causal_estimator][INFO] - INFO: Using Linear Regression Estimator
[2026-04-24 05:31:48,967][dowhy.causal_estimator][WARNING] - No directed path from ['X4'] to ['X12'].
[2026-04-24 05:31:48,969][dowhy.causal_model][INFO] - Model to find the causal effect of treatment ['X4'] on outcome ['X13']
[2026-04-24 05:31:48,972][dowhy.causal_identifier.auto_identifier][INFO] - Causal effect can be identified.
[2026-04-24 05:31:48,974][dowhy.causal_identifier.auto_identifier][INFO] - Instrumental variables for treatment and outcome:[]
[2026-04-24 05:31:48,974][dowhy.causal_identifier.auto_identifier][INFO] - Frontdoor variables for treatment and outcome:[]
[2026-04-24 05:31:48,974][dowhy.causal_model][INFO] - linear_regression
[2026-04-24 05:31:48,974][dowhy.causal_estimator][INFO] - INFO: Using Linear Regression Estimator
[2026-04-24 05:31:48,974][dowhy.causal_estimator][INFO] - b: X13~X4+X4*X7+X4*X5+X4*X6+X4*X1+X4*X8+X4*X9+X4*X3+X4*X2+X4*X0
[2026-04-24 05:31:49,018][dowhy.causal_model][INFO] - Model to find the causal effect of treatment ['X5'] on outcome ['X0']
[2026-04-24 05:31:49,018][dowhy.causal_identifier.auto_identifier][WARNING] - No directed path from treatment to outcome. Causal Effect is zero.
[2026-04-24 05:31:49,018][dowhy.causal_model][INFO] - linear_regression
[2026-04-24 05:31:49,018][dowhy.causal_estimator][INFO] - INFO: Using Linear Regression Estimator
[2026-04-24 05:31:49,018][dowhy.causal_estimator][WARNING] - No directed path from ['X5'] to ['X0'].
[2026-04-24 05:31:49,020][dowhy.causal_model][INFO] - Model to find the causal effect of treatment ['X5'] on outcome ['X1']
[2026-04-24 05:31:49,020][dowhy.causal_identifier.auto_identifier][WARNING] - No directed path from treatment to outcome. Causal Effect is zero.
[2026-04-24 05:31:49,020][dowhy.causal_model][INFO] - linear_regression
[2026-04-24 05:31:49,020][dowhy.causal_estimator][INFO] - INFO: Using Linear Regression Estimator
[2026-04-24 05:31:49,020][dowhy.causal_estimator][WARNING] - No directed path from ['X5'] to ['X1'].
[2026-04-24 05:31:49,021][dowhy.causal_model][INFO] - Model to find the causal effect of treatment ['X5'] on outcome ['X2']
[2026-04-24 05:31:49,022][dowhy.causal_identifier.auto_identifier][WARNING] - No directed path from treatment to outcome. Causal Effect is zero.
[2026-04-24 05:31:49,022][dowhy.causal_model][INFO] - linear_regression
[2026-04-24 05:31:49,022][dowhy.causal_estimator][INFO] - INFO: Using Linear Regression Estimator
[2026-04-24 05:31:49,022][dowhy.causal_estimator][WARNING] - No directed path from ['X5'] to ['X2'].
[2026-04-24 05:31:49,024][dowhy.causal_model][INFO] - Model to find the causal effect of treatment ['X5'] on outcome ['X3']
[2026-04-24 05:31:49,024][dowhy.causal_identifier.auto_identifier][WARNING] - No directed path from treatment to outcome. Causal Effect is zero.
[2026-04-24 05:31:49,024][dowhy.causal_model][INFO] - linear_regression
[2026-04-24 05:31:49,024][dowhy.causal_estimator][INFO] - INFO: Using Linear Regression Estimator
[2026-04-24 05:31:49,024][dowhy.causal_estimator][WARNING] - No directed path from ['X5'] to ['X3'].
[2026-04-24 05:31:49,026][dowhy.causal_model][INFO] - Model to find the causal effect of treatment ['X5'] on outcome ['X4']
[2026-04-24 05:31:49,026][dowhy.causal_identifier.auto_identifier][WARNING] - No directed path from treatment to outcome. Causal Effect is zero.
[2026-04-24 05:31:49,026][dowhy.causal_model][INFO] - linear_regression
[2026-04-24 05:31:49,026][dowhy.causal_estimator][INFO] - INFO: Using Linear Regression Estimator
[2026-04-24 05:31:49,026][dowhy.causal_estimator][WARNING] - No directed path from ['X5'] to ['X4'].
[2026-04-24 05:31:49,028][dowhy.causal_model][INFO] - Model to find the causal effect of treatment ['X5'] on outcome ['X6']
[2026-04-24 05:31:49,028][dowhy.causal_identifier.auto_identifier][WARNING] - No directed path from treatment to outcome. Causal Effect is zero.
[2026-04-24 05:31:49,028][dowhy.causal_model][INFO] - linear_regression
[2026-04-24 05:31:49,028][dowhy.causal_estimator][INFO] - INFO: Using Linear Regression Estimator
[2026-04-24 05:31:49,028][dowhy.causal_estimator][WARNING] - No directed path from ['X5'] to ['X6'].
[2026-04-24 05:31:49,030][dowhy.causal_model][INFO] - Model to find the causal effect of treatment ['X5'] on outcome ['X7']
[2026-04-24 05:31:49,030][dowhy.causal_identifier.auto_identifier][WARNING] - No directed path from treatment to outcome. Causal Effect is zero.
[2026-04-24 05:31:49,030][dowhy.causal_model][INFO] - linear_regression
[2026-04-24 05:31:49,030][dowhy.causal_estimator][INFO] - INFO: Using Linear Regression Estimator
[2026-04-24 05:31:49,030][dowhy.causal_estimator][WARNING] - No directed path from ['X5'] to ['X7'].
[2026-04-24 05:31:49,032][dowhy.causal_model][INFO] - Model to find the causal effect of treatment ['X5'] on outcome ['X8']
[2026-04-24 05:31:49,032][dowhy.causal_identifier.auto_identifier][WARNING] - No directed path from treatment to outcome. Causal Effect is zero.
[2026-04-24 05:31:49,032][dowhy.causal_model][INFO] - linear_regression
[2026-04-24 05:31:49,033][dowhy.causal_estimator][INFO] - INFO: Using Linear Regression Estimator
[2026-04-24 05:31:49,033][dowhy.causal_estimator][WARNING] - No directed path from ['X5'] to ['X8'].
[2026-04-24 05:31:49,035][dowhy.causal_model][INFO] - Model to find the causal effect of treatment ['X5'] on outcome ['X9']
[2026-04-24 05:31:49,035][dowhy.causal_identifier.auto_identifier][WARNING] - No directed path from treatment to outcome. Causal Effect is zero.
[2026-04-24 05:31:49,035][dowhy.causal_model][INFO] - linear_regression
[2026-04-24 05:31:49,035][dowhy.causal_estimator][INFO] - INFO: Using Linear Regression Estimator
[2026-04-24 05:31:49,035][dowhy.causal_estimator][WARNING] - No directed path from ['X5'] to ['X9'].
[2026-04-24 05:31:49,037][dowhy.causal_model][INFO] - Model to find the causal effect of treatment ['X5'] on outcome ['X10']
[2026-04-24 05:31:49,041][dowhy.causal_identifier.auto_identifier][INFO] - Causal effect can be identified.
[2026-04-24 05:31:49,042][dowhy.causal_identifier.auto_identifier][INFO] - Instrumental variables for treatment and outcome:[]
[2026-04-24 05:31:49,043][dowhy.causal_identifier.auto_identifier][INFO] - Frontdoor variables for treatment and outcome:[]
[2026-04-24 05:31:49,043][dowhy.causal_model][INFO] - linear_regression
[2026-04-24 05:31:49,043][dowhy.causal_estimator][INFO] - INFO: Using Linear Regression Estimator
[2026-04-24 05:31:49,043][dowhy.causal_estimator][INFO] - b: X10~X5+X5*X7+X5*X4+X5*X6+X5*X1+X5*X8+X5*X9+X5*X3+X5*X2+X5*X0
[2026-04-24 05:31:49,053][dowhy.causal_model][INFO] - Model to find the causal effect of treatment ['X5'] on outcome ['X11']
[2026-04-24 05:31:49,053][dowhy.causal_identifier.auto_identifier][WARNING] - No directed path from treatment to outcome. Causal Effect is zero.
[2026-04-24 05:31:49,054][dowhy.causal_model][INFO] - linear_regression
[2026-04-24 05:31:49,054][dowhy.causal_estimator][INFO] - INFO: Using Linear Regression Estimator
[2026-04-24 05:31:49,054][dowhy.causal_estimator][WARNING] - No directed path from ['X5'] to ['X11'].
[2026-04-24 05:31:49,056][dowhy.causal_model][INFO] - Model to find the causal effect of treatment ['X5'] on outcome ['X12']
[2026-04-24 05:31:49,056][dowhy.causal_identifier.auto_identifier][WARNING] - No directed path from treatment to outcome. Causal Effect is zero.
[2026-04-24 05:31:49,056][dowhy.causal_model][INFO] - linear_regression
[2026-04-24 05:31:49,056][dowhy.causal_estimator][INFO] - INFO: Using Linear Regression Estimator
[2026-04-24 05:31:49,056][dowhy.causal_estimator][WARNING] - No directed path from ['X5'] to ['X12'].
[2026-04-24 05:31:49,058][dowhy.causal_model][INFO] - Model to find the causal effect of treatment ['X5'] on outcome ['X13']
[2026-04-24 05:31:49,062][dowhy.causal_identifier.auto_identifier][INFO] - Causal effect can be identified.
[2026-04-24 05:31:49,063][dowhy.causal_identifier.auto_identifier][INFO] - Instrumental variables for treatment and outcome:[]
[2026-04-24 05:31:49,064][dowhy.causal_identifier.auto_identifier][INFO] - Frontdoor variables for treatment and outcome:[]
[2026-04-24 05:31:49,064][dowhy.causal_model][INFO] - linear_regression
[2026-04-24 05:31:49,064][dowhy.causal_estimator][INFO] - INFO: Using Linear Regression Estimator
[2026-04-24 05:31:49,064][dowhy.causal_estimator][INFO] - b: X13~X5+X5*X7+X5*X4+X5*X6+X5*X1+X5*X8+X5*X9+X5*X3+X5*X2+X5*X0
[2026-04-24 05:31:49,114][dowhy.causal_model][INFO] - Model to find the causal effect of treatment ['X6'] on outcome ['X0']
[2026-04-24 05:31:49,114][dowhy.causal_identifier.auto_identifier][WARNING] - No directed path from treatment to outcome. Causal Effect is zero.
[2026-04-24 05:31:49,115][dowhy.causal_model][INFO] - linear_regression
[2026-04-24 05:31:49,115][dowhy.causal_estimator][INFO] - INFO: Using Linear Regression Estimator
[2026-04-24 05:31:49,115][dowhy.causal_estimator][WARNING] - No directed path from ['X6'] to ['X0'].
[2026-04-24 05:31:49,117][dowhy.causal_model][INFO] - Model to find the causal effect of treatment ['X6'] on outcome ['X1']
[2026-04-24 05:31:49,117][dowhy.causal_identifier.auto_identifier][WARNING] - No directed path from treatment to outcome. Causal Effect is zero.
[2026-04-24 05:31:49,117][dowhy.causal_model][INFO] - linear_regression
[2026-04-24 05:31:49,117][dowhy.causal_estimator][INFO] - INFO: Using Linear Regression Estimator
[2026-04-24 05:31:49,117][dowhy.causal_estimator][WARNING] - No directed path from ['X6'] to ['X1'].
[2026-04-24 05:31:49,119][dowhy.causal_model][INFO] - Model to find the causal effect of treatment ['X6'] on outcome ['X2']
[2026-04-24 05:31:49,119][dowhy.causal_identifier.auto_identifier][WARNING] - No directed path from treatment to outcome. Causal Effect is zero.
[2026-04-24 05:31:49,119][dowhy.causal_model][INFO] - linear_regression
[2026-04-24 05:31:49,119][dowhy.causal_estimator][INFO] - INFO: Using Linear Regression Estimator
[2026-04-24 05:31:49,119][dowhy.causal_estimator][WARNING] - No directed path from ['X6'] to ['X2'].
[2026-04-24 05:31:49,121][dowhy.causal_model][INFO] - Model to find the causal effect of treatment ['X6'] on outcome ['X3']
[2026-04-24 05:31:49,121][dowhy.causal_identifier.auto_identifier][WARNING] - No directed path from treatment to outcome. Causal Effect is zero.
[2026-04-24 05:31:49,121][dowhy.causal_model][INFO] - linear_regression
[2026-04-24 05:31:49,121][dowhy.causal_estimator][INFO] - INFO: Using Linear Regression Estimator
[2026-04-24 05:31:49,121][dowhy.causal_estimator][WARNING] - No directed path from ['X6'] to ['X3'].
[2026-04-24 05:31:49,123][dowhy.causal_model][INFO] - Model to find the causal effect of treatment ['X6'] on outcome ['X4']
[2026-04-24 05:31:49,123][dowhy.causal_identifier.auto_identifier][WARNING] - No directed path from treatment to outcome. Causal Effect is zero.
[2026-04-24 05:31:49,123][dowhy.causal_model][INFO] - linear_regression
[2026-04-24 05:31:49,123][dowhy.causal_estimator][INFO] - INFO: Using Linear Regression Estimator
[2026-04-24 05:31:49,123][dowhy.causal_estimator][WARNING] - No directed path from ['X6'] to ['X4'].
[2026-04-24 05:31:49,124][dowhy.causal_model][INFO] - Model to find the causal effect of treatment ['X6'] on outcome ['X5']
[2026-04-24 05:31:49,125][dowhy.causal_identifier.auto_identifier][WARNING] - No directed path from treatment to outcome. Causal Effect is zero.
[2026-04-24 05:31:49,125][dowhy.causal_model][INFO] - linear_regression
[2026-04-24 05:31:49,125][dowhy.causal_estimator][INFO] - INFO: Using Linear Regression Estimator
[2026-04-24 05:31:49,125][dowhy.causal_estimator][WARNING] - No directed path from ['X6'] to ['X5'].
[2026-04-24 05:31:49,127][dowhy.causal_model][INFO] - Model to find the causal effect of treatment ['X6'] on outcome ['X7']
[2026-04-24 05:31:49,128][dowhy.causal_identifier.auto_identifier][INFO] - Causal effect can be identified.
[2026-04-24 05:31:49,129][dowhy.causal_identifier.auto_identifier][INFO] - Instrumental variables for treatment and outcome:['X0']
[2026-04-24 05:31:49,129][dowhy.causal_identifier.auto_identifier][INFO] - Frontdoor variables for treatment and outcome:[]
[2026-04-24 05:31:49,129][dowhy.causal_model][INFO] - linear_regression
[2026-04-24 05:31:49,129][dowhy.causal_estimator][INFO] - INFO: Using Linear Regression Estimator
[2026-04-24 05:31:49,130][dowhy.causal_estimator][INFO] - b: X7~X6+X1
[2026-04-24 05:31:49,138][dowhy.causal_model][INFO] - Model to find the causal effect of treatment ['X6'] on outcome ['X8']
[2026-04-24 05:31:49,140][dowhy.causal_identifier.auto_identifier][INFO] - Causal effect can be identified.
[2026-04-24 05:31:49,140][dowhy.causal_identifier.auto_identifier][INFO] - Instrumental variables for treatment and outcome:['X0']
[2026-04-24 05:31:49,141][dowhy.causal_identifier.auto_identifier][INFO] - Frontdoor variables for treatment and outcome:[]
[2026-04-24 05:31:49,141][dowhy.causal_model][INFO] - linear_regression
[2026-04-24 05:31:49,141][dowhy.causal_estimator][INFO] - INFO: Using Linear Regression Estimator
[2026-04-24 05:31:49,142][dowhy.causal_estimator][INFO] - b: X8~X6+X1+X6*X2+X6*X3
[2026-04-24 05:31:49,150][dowhy.causal_model][INFO] - Model to find the causal effect of treatment ['X6'] on outcome ['X9']
[2026-04-24 05:31:49,152][dowhy.causal_identifier.auto_identifier][INFO] - Causal effect can be identified.
[2026-04-24 05:31:49,153][dowhy.causal_identifier.auto_identifier][INFO] - Instrumental variables for treatment and outcome:['X0']
[2026-04-24 05:31:49,156][dowhy.causal_identifier.auto_identifier][INFO] - Frontdoor variables for treatment and outcome:[]
[2026-04-24 05:31:49,156][dowhy.causal_model][INFO] - linear_regression
[2026-04-24 05:31:49,156][dowhy.causal_estimator][INFO] - INFO: Using Linear Regression Estimator
[2026-04-24 05:31:49,156][dowhy.causal_estimator][INFO] - b: X9~X6+X1+X6*X3+X6*X2
[2026-04-24 05:31:49,165][dowhy.causal_model][INFO] - Model to find the causal effect of treatment ['X6'] on outcome ['X10']
[2026-04-24 05:31:49,167][dowhy.causal_identifier.auto_identifier][INFO] - Causal effect can be identified.
[2026-04-24 05:31:49,167][dowhy.causal_identifier.auto_identifier][INFO] - Instrumental variables for treatment and outcome:['X0']
[2026-04-24 05:31:49,174][dowhy.causal_identifier.auto_identifier][INFO] - Frontdoor variables for treatment and outcome:[]
[2026-04-24 05:31:49,174][dowhy.causal_model][INFO] - linear_regression
[2026-04-24 05:31:49,174][dowhy.causal_estimator][INFO] - INFO: Using Linear Regression Estimator
[2026-04-24 05:31:49,175][dowhy.causal_estimator][INFO] - b: X10~X6+X1+X6*X3+X6*X4+X6*X5+X6*X2
[2026-04-24 05:31:49,184][dowhy.causal_model][INFO] - Model to find the causal effect of treatment ['X6'] on outcome ['X11']
[2026-04-24 05:31:49,186][dowhy.causal_identifier.auto_identifier][INFO] - Causal effect can be identified.
[2026-04-24 05:31:49,186][dowhy.causal_identifier.auto_identifier][INFO] - Instrumental variables for treatment and outcome:['X1']
[2026-04-24 05:31:49,193][dowhy.causal_identifier.auto_identifier][INFO] - Frontdoor variables for treatment and outcome:[]
[2026-04-24 05:31:49,193][dowhy.causal_model][INFO] - linear_regression
[2026-04-24 05:31:49,193][dowhy.causal_estimator][INFO] - INFO: Using Linear Regression Estimator
[2026-04-24 05:31:49,194][dowhy.causal_estimator][INFO] - b: X11~X6+X0
[2026-04-24 05:31:49,201][dowhy.causal_model][INFO] - Model to find the causal effect of treatment ['X6'] on outcome ['X12']
[2026-04-24 05:31:49,203][dowhy.causal_identifier.auto_identifier][INFO] - Causal effect can be identified.
[2026-04-24 05:31:49,204][dowhy.causal_identifier.auto_identifier][INFO] - Instrumental variables for treatment and outcome:['X0']
[2026-04-24 05:31:49,215][dowhy.causal_identifier.auto_identifier][INFO] - Frontdoor variables for treatment and outcome:[]
[2026-04-24 05:31:49,215][dowhy.causal_model][INFO] - linear_regression
[2026-04-24 05:31:49,215][dowhy.causal_estimator][INFO] - INFO: Using Linear Regression Estimator
[2026-04-24 05:31:49,215][dowhy.causal_estimator][INFO] - b: X12~X6+X1+X6*X3+X6*X2
[2026-04-24 05:31:49,224][dowhy.causal_model][INFO] - Model to find the causal effect of treatment ['X6'] on outcome ['X13']
[2026-04-24 05:31:49,226][dowhy.causal_identifier.auto_identifier][INFO] - Causal effect can be identified.
[2026-04-24 05:31:49,227][dowhy.causal_identifier.auto_identifier][INFO] - Instrumental variables for treatment and outcome:['X0']
[2026-04-24 05:31:49,241][dowhy.causal_identifier.auto_identifier][INFO] - Frontdoor variables for treatment and outcome:[]
[2026-04-24 05:31:49,241][dowhy.causal_model][INFO] - linear_regression
[2026-04-24 05:31:49,241][dowhy.causal_estimator][INFO] - INFO: Using Linear Regression Estimator
[2026-04-24 05:31:49,241][dowhy.causal_estimator][INFO] - b: X13~X6+X1+X6*X4+X6*X2+X6*X5+X6*X3
[2026-04-24 05:31:49,293][dowhy.causal_model][INFO] - Model to find the causal effect of treatment ['X7'] on outcome ['X0']
[2026-04-24 05:31:49,293][dowhy.causal_identifier.auto_identifier][WARNING] - No directed path from treatment to outcome. Causal Effect is zero.
[2026-04-24 05:31:49,293][dowhy.causal_model][INFO] - linear_regression
[2026-04-24 05:31:49,294][dowhy.causal_estimator][INFO] - INFO: Using Linear Regression Estimator
[2026-04-24 05:31:49,294][dowhy.causal_estimator][WARNING] - No directed path from ['X7'] to ['X0'].
[2026-04-24 05:31:49,295][dowhy.causal_model][INFO] - Model to find the causal effect of treatment ['X7'] on outcome ['X1']
[2026-04-24 05:31:49,296][dowhy.causal_identifier.auto_identifier][WARNING] - No directed path from treatment to outcome. Causal Effect is zero.
[2026-04-24 05:31:49,296][dowhy.causal_model][INFO] - linear_regression
[2026-04-24 05:31:49,296][dowhy.causal_estimator][INFO] - INFO: Using Linear Regression Estimator
[2026-04-24 05:31:49,296][dowhy.causal_estimator][WARNING] - No directed path from ['X7'] to ['X1'].
[2026-04-24 05:31:49,298][dowhy.causal_model][INFO] - Model to find the causal effect of treatment ['X7'] on outcome ['X2']
[2026-04-24 05:31:49,298][dowhy.causal_identifier.auto_identifier][WARNING] - No directed path from treatment to outcome. Causal Effect is zero.
[2026-04-24 05:31:49,298][dowhy.causal_model][INFO] - linear_regression
[2026-04-24 05:31:49,298][dowhy.causal_estimator][INFO] - INFO: Using Linear Regression Estimator
[2026-04-24 05:31:49,298][dowhy.causal_estimator][WARNING] - No directed path from ['X7'] to ['X2'].
[2026-04-24 05:31:49,300][dowhy.causal_model][INFO] - Model to find the causal effect of treatment ['X7'] on outcome ['X3']
[2026-04-24 05:31:49,300][dowhy.causal_identifier.auto_identifier][WARNING] - No directed path from treatment to outcome. Causal Effect is zero.
[2026-04-24 05:31:49,300][dowhy.causal_model][INFO] - linear_regression
[2026-04-24 05:31:49,300][dowhy.causal_estimator][INFO] - INFO: Using Linear Regression Estimator
[2026-04-24 05:31:49,300][dowhy.causal_estimator][WARNING] - No directed path from ['X7'] to ['X3'].
[2026-04-24 05:31:49,302][dowhy.causal_model][INFO] - Model to find the causal effect of treatment ['X7'] on outcome ['X4']
[2026-04-24 05:31:49,302][dowhy.causal_identifier.auto_identifier][WARNING] - No directed path from treatment to outcome. Causal Effect is zero.
[2026-04-24 05:31:49,302][dowhy.causal_model][INFO] - linear_regression
[2026-04-24 05:31:49,302][dowhy.causal_estimator][INFO] - INFO: Using Linear Regression Estimator
[2026-04-24 05:31:49,302][dowhy.causal_estimator][WARNING] - No directed path from ['X7'] to ['X4'].
[2026-04-24 05:31:49,304][dowhy.causal_model][INFO] - Model to find the causal effect of treatment ['X7'] on outcome ['X5']
[2026-04-24 05:31:49,304][dowhy.causal_identifier.auto_identifier][WARNING] - No directed path from treatment to outcome. Causal Effect is zero.
[2026-04-24 05:31:49,304][dowhy.causal_model][INFO] - linear_regression
[2026-04-24 05:31:49,304][dowhy.causal_estimator][INFO] - INFO: Using Linear Regression Estimator
[2026-04-24 05:31:49,304][dowhy.causal_estimator][WARNING] - No directed path from ['X7'] to ['X5'].
[2026-04-24 05:31:49,307][dowhy.causal_model][INFO] - Model to find the causal effect of treatment ['X7'] on outcome ['X6']
[2026-04-24 05:31:49,307][dowhy.causal_identifier.auto_identifier][WARNING] - No directed path from treatment to outcome. Causal Effect is zero.
[2026-04-24 05:31:49,307][dowhy.causal_model][INFO] - linear_regression
[2026-04-24 05:31:49,307][dowhy.causal_estimator][INFO] - INFO: Using Linear Regression Estimator
[2026-04-24 05:31:49,307][dowhy.causal_estimator][WARNING] - No directed path from ['X7'] to ['X6'].
[2026-04-24 05:31:49,309][dowhy.causal_model][INFO] - Model to find the causal effect of treatment ['X7'] on outcome ['X8']
[2026-04-24 05:31:49,312][dowhy.causal_identifier.auto_identifier][INFO] - Causal effect can be identified.
[2026-04-24 05:31:49,313][dowhy.causal_identifier.auto_identifier][INFO] - Instrumental variables for treatment and outcome:['X6', 'X1']
[2026-04-24 05:31:49,313][dowhy.causal_identifier.auto_identifier][INFO] - Frontdoor variables for treatment and outcome:[]
[2026-04-24 05:31:49,313][dowhy.causal_model][INFO] - linear_regression
[2026-04-24 05:31:49,313][dowhy.causal_estimator][INFO] - INFO: Using Linear Regression Estimator
[2026-04-24 05:31:49,313][dowhy.causal_estimator][INFO] - b: X8~X7+X7*X3+X7*X2
[2026-04-24 05:31:49,322][dowhy.causal_model][INFO] - Model to find the causal effect of treatment ['X7'] on outcome ['X9']
[2026-04-24 05:31:49,325][dowhy.causal_identifier.auto_identifier][INFO] - Causal effect can be identified.
[2026-04-24 05:31:49,326][dowhy.causal_identifier.auto_identifier][INFO] - Instrumental variables for treatment and outcome:['X6', 'X1']
[2026-04-24 05:31:49,326][dowhy.causal_identifier.auto_identifier][INFO] - Frontdoor variables for treatment and outcome:[]
[2026-04-24 05:31:49,327][dowhy.causal_model][INFO] - linear_regression
[2026-04-24 05:31:49,327][dowhy.causal_estimator][INFO] - INFO: Using Linear Regression Estimator
[2026-04-24 05:31:49,327][dowhy.causal_estimator][INFO] - b: X9~X7+X7*X3+X7*X2
[2026-04-24 05:31:49,335][dowhy.causal_model][INFO] - Model to find the causal effect of treatment ['X7'] on outcome ['X10']
[2026-04-24 05:31:49,339][dowhy.causal_identifier.auto_identifier][INFO] - Causal effect can be identified.
[2026-04-24 05:31:49,340][dowhy.causal_identifier.auto_identifier][INFO] - Instrumental variables for treatment and outcome:['X6', 'X1']
[2026-04-24 05:31:49,342][dowhy.causal_identifier.auto_identifier][INFO] - Frontdoor variables for treatment and outcome:['X12', 'X8', 'X9']
[2026-04-24 05:31:49,345][dowhy.causal_identifier.auto_identifier][INFO] - Causal effect can be identified.
[2026-04-24 05:31:49,349][dowhy.causal_identifier.auto_identifier][INFO] - Causal effect can be identified.
[2026-04-24 05:31:49,350][dowhy.causal_model][INFO] - linear_regression
[2026-04-24 05:31:49,350][dowhy.causal_estimator][INFO] - INFO: Using Linear Regression Estimator
[2026-04-24 05:31:49,350][dowhy.causal_estimator][INFO] - b: X10~X7+X7*X3+X7*X4+X7*X5+X7*X2
[2026-04-24 05:31:49,359][dowhy.causal_model][INFO] - Model to find the causal effect of treatment ['X7'] on outcome ['X11']
[2026-04-24 05:31:49,359][dowhy.causal_identifier.auto_identifier][WARNING] - No directed path from treatment to outcome. Causal Effect is zero.
[2026-04-24 05:31:49,359][dowhy.causal_model][INFO] - linear_regression
[2026-04-24 05:31:49,359][dowhy.causal_estimator][INFO] - INFO: Using Linear Regression Estimator
[2026-04-24 05:31:49,359][dowhy.causal_estimator][WARNING] - No directed path from ['X7'] to ['X11'].
[2026-04-24 05:31:49,361][dowhy.causal_model][INFO] - Model to find the causal effect of treatment ['X7'] on outcome ['X12']
[2026-04-24 05:31:49,364][dowhy.causal_identifier.auto_identifier][INFO] - Causal effect can be identified.
[2026-04-24 05:31:49,365][dowhy.causal_identifier.auto_identifier][INFO] - Instrumental variables for treatment and outcome:['X6', 'X1']
[2026-04-24 05:31:49,367][dowhy.causal_identifier.auto_identifier][INFO] - Frontdoor variables for treatment and outcome:[]
[2026-04-24 05:31:49,367][dowhy.causal_model][INFO] - linear_regression
[2026-04-24 05:31:49,367][dowhy.causal_estimator][INFO] - INFO: Using Linear Regression Estimator
[2026-04-24 05:31:49,368][dowhy.causal_estimator][INFO] - b: X12~X7+X7*X3+X7*X2
[2026-04-24 05:31:49,376][dowhy.causal_model][INFO] - Model to find the causal effect of treatment ['X7'] on outcome ['X13']
[2026-04-24 05:31:49,378][dowhy.causal_identifier.auto_identifier][INFO] - Causal effect can be identified.
[2026-04-24 05:31:49,379][dowhy.causal_identifier.auto_identifier][INFO] - Instrumental variables for treatment and outcome:['X6', 'X1']
[2026-04-24 05:31:49,383][dowhy.causal_identifier.auto_identifier][INFO] - Frontdoor variables for treatment and outcome:['X8', 'X9', 'X12']
[2026-04-24 05:31:49,386][dowhy.causal_identifier.auto_identifier][INFO] - Causal effect can be identified.
[2026-04-24 05:31:49,390][dowhy.causal_identifier.auto_identifier][INFO] - Causal effect can be identified.
[2026-04-24 05:31:49,391][dowhy.causal_model][INFO] - linear_regression
[2026-04-24 05:31:49,391][dowhy.causal_estimator][INFO] - INFO: Using Linear Regression Estimator
[2026-04-24 05:31:49,391][dowhy.causal_estimator][INFO] - b: X13~X7+X7*X3+X7*X4+X7*X5+X7*X2
[2026-04-24 05:31:49,439][dowhy.causal_model][INFO] - Model to find the causal effect of treatment ['X8'] on outcome ['X0']
[2026-04-24 05:31:49,439][dowhy.causal_identifier.auto_identifier][WARNING] - No directed path from treatment to outcome. Causal Effect is zero.
[2026-04-24 05:31:49,439][dowhy.causal_model][INFO] - linear_regression
[2026-04-24 05:31:49,439][dowhy.causal_estimator][INFO] - INFO: Using Linear Regression Estimator
[2026-04-24 05:31:49,439][dowhy.causal_estimator][WARNING] - No directed path from ['X8'] to ['X0'].
[2026-04-24 05:31:49,441][dowhy.causal_model][INFO] - Model to find the causal effect of treatment ['X8'] on outcome ['X1']
[2026-04-24 05:31:49,441][dowhy.causal_identifier.auto_identifier][WARNING] - No directed path from treatment to outcome. Causal Effect is zero.
[2026-04-24 05:31:49,441][dowhy.causal_model][INFO] - linear_regression
[2026-04-24 05:31:49,441][dowhy.causal_estimator][INFO] - INFO: Using Linear Regression Estimator
[2026-04-24 05:31:49,441][dowhy.causal_estimator][WARNING] - No directed path from ['X8'] to ['X1'].
[2026-04-24 05:31:49,443][dowhy.causal_model][INFO] - Model to find the causal effect of treatment ['X8'] on outcome ['X2']
[2026-04-24 05:31:49,443][dowhy.causal_identifier.auto_identifier][WARNING] - No directed path from treatment to outcome. Causal Effect is zero.
[2026-04-24 05:31:49,443][dowhy.causal_model][INFO] - linear_regression
[2026-04-24 05:31:49,443][dowhy.causal_estimator][INFO] - INFO: Using Linear Regression Estimator
[2026-04-24 05:31:49,443][dowhy.causal_estimator][WARNING] - No directed path from ['X8'] to ['X2'].
[2026-04-24 05:31:49,445][dowhy.causal_model][INFO] - Model to find the causal effect of treatment ['X8'] on outcome ['X3']
[2026-04-24 05:31:49,445][dowhy.causal_identifier.auto_identifier][WARNING] - No directed path from treatment to outcome. Causal Effect is zero.
[2026-04-24 05:31:49,445][dowhy.causal_model][INFO] - linear_regression
[2026-04-24 05:31:49,445][dowhy.causal_estimator][INFO] - INFO: Using Linear Regression Estimator
[2026-04-24 05:31:49,445][dowhy.causal_estimator][WARNING] - No directed path from ['X8'] to ['X3'].
[2026-04-24 05:31:49,447][dowhy.causal_model][INFO] - Model to find the causal effect of treatment ['X8'] on outcome ['X4']
[2026-04-24 05:31:49,447][dowhy.causal_identifier.auto_identifier][WARNING] - No directed path from treatment to outcome. Causal Effect is zero.
[2026-04-24 05:31:49,447][dowhy.causal_model][INFO] - linear_regression
[2026-04-24 05:31:49,447][dowhy.causal_estimator][INFO] - INFO: Using Linear Regression Estimator
[2026-04-24 05:31:49,447][dowhy.causal_estimator][WARNING] - No directed path from ['X8'] to ['X4'].
[2026-04-24 05:31:49,449][dowhy.causal_model][INFO] - Model to find the causal effect of treatment ['X8'] on outcome ['X5']
[2026-04-24 05:31:49,449][dowhy.causal_identifier.auto_identifier][WARNING] - No directed path from treatment to outcome. Causal Effect is zero.
[2026-04-24 05:31:49,449][dowhy.causal_model][INFO] - linear_regression
[2026-04-24 05:31:49,449][dowhy.causal_estimator][INFO] - INFO: Using Linear Regression Estimator
[2026-04-24 05:31:49,449][dowhy.causal_estimator][WARNING] - No directed path from ['X8'] to ['X5'].
[2026-04-24 05:31:49,450][dowhy.causal_model][INFO] - Model to find the causal effect of treatment ['X8'] on outcome ['X6']
[2026-04-24 05:31:49,451][dowhy.causal_identifier.auto_identifier][WARNING] - No directed path from treatment to outcome. Causal Effect is zero.
[2026-04-24 05:31:49,451][dowhy.causal_model][INFO] - linear_regression
[2026-04-24 05:31:49,451][dowhy.causal_estimator][INFO] - INFO: Using Linear Regression Estimator
[2026-04-24 05:31:49,451][dowhy.causal_estimator][WARNING] - No directed path from ['X8'] to ['X6'].
[2026-04-24 05:31:49,452][dowhy.causal_model][INFO] - Model to find the causal effect of treatment ['X8'] on outcome ['X7']
[2026-04-24 05:31:49,452][dowhy.causal_identifier.auto_identifier][WARNING] - No directed path from treatment to outcome. Causal Effect is zero.
[2026-04-24 05:31:49,453][dowhy.causal_model][INFO] - linear_regression
[2026-04-24 05:31:49,453][dowhy.causal_estimator][INFO] - INFO: Using Linear Regression Estimator
[2026-04-24 05:31:49,453][dowhy.causal_estimator][WARNING] - No directed path from ['X8'] to ['X7'].
[2026-04-24 05:31:49,455][dowhy.causal_model][INFO] - Model to find the causal effect of treatment ['X8'] on outcome ['X9']
[2026-04-24 05:31:49,458][dowhy.causal_identifier.auto_identifier][INFO] - Causal effect can be identified.
[2026-04-24 05:31:49,458][dowhy.causal_identifier.auto_identifier][INFO] - Instrumental variables for treatment and outcome:['X7', 'X2']
[2026-04-24 05:31:49,459][dowhy.causal_identifier.auto_identifier][INFO] - Frontdoor variables for treatment and outcome:[]
[2026-04-24 05:31:49,459][dowhy.causal_model][INFO] - linear_regression
[2026-04-24 05:31:49,459][dowhy.causal_estimator][INFO] - INFO: Using Linear Regression Estimator
[2026-04-24 05:31:49,459][dowhy.causal_estimator][INFO] - b: X9~X8+X3
[2026-04-24 05:31:49,468][dowhy.causal_model][INFO] - Model to find the causal effect of treatment ['X8'] on outcome ['X10']
[2026-04-24 05:31:49,471][dowhy.causal_identifier.auto_identifier][INFO] - Causal effect can be identified.
[2026-04-24 05:31:49,472][dowhy.causal_identifier.auto_identifier][INFO] - Instrumental variables for treatment and outcome:['X7', 'X2']
[2026-04-24 05:31:49,473][dowhy.causal_identifier.auto_identifier][INFO] - Frontdoor variables for treatment and outcome:[]
[2026-04-24 05:31:49,473][dowhy.causal_model][INFO] - linear_regression
[2026-04-24 05:31:49,473][dowhy.causal_estimator][INFO] - INFO: Using Linear Regression Estimator
[2026-04-24 05:31:49,473][dowhy.causal_estimator][INFO] - b: X10~X8+X3+X8*X4+X8*X5
[2026-04-24 05:31:49,483][dowhy.causal_model][INFO] - Model to find the causal effect of treatment ['X8'] on outcome ['X11']
[2026-04-24 05:31:49,483][dowhy.causal_identifier.auto_identifier][WARNING] - No directed path from treatment to outcome. Causal Effect is zero.
[2026-04-24 05:31:49,483][dowhy.causal_model][INFO] - linear_regression
[2026-04-24 05:31:49,483][dowhy.causal_estimator][INFO] - INFO: Using Linear Regression Estimator
[2026-04-24 05:31:49,483][dowhy.causal_estimator][WARNING] - No directed path from ['X8'] to ['X11'].
[2026-04-24 05:31:49,485][dowhy.causal_model][INFO] - Model to find the causal effect of treatment ['X8'] on outcome ['X12']
[2026-04-24 05:31:49,488][dowhy.causal_identifier.auto_identifier][INFO] - Causal effect can be identified.
[2026-04-24 05:31:49,489][dowhy.causal_identifier.auto_identifier][INFO] - Instrumental variables for treatment and outcome:['X7', 'X2']
[2026-04-24 05:31:49,490][dowhy.causal_identifier.auto_identifier][INFO] - Frontdoor variables for treatment and outcome:[]
[2026-04-24 05:31:49,490][dowhy.causal_model][INFO] - linear_regression
[2026-04-24 05:31:49,490][dowhy.causal_estimator][INFO] - INFO: Using Linear Regression Estimator
[2026-04-24 05:31:49,490][dowhy.causal_estimator][INFO] - b: X12~X8+X3
[2026-04-24 05:31:49,499][dowhy.causal_model][INFO] - Model to find the causal effect of treatment ['X8'] on outcome ['X13']
[2026-04-24 05:31:49,502][dowhy.causal_identifier.auto_identifier][INFO] - Causal effect can be identified.
[2026-04-24 05:31:49,503][dowhy.causal_identifier.auto_identifier][INFO] - Instrumental variables for treatment and outcome:['X7', 'X2']
[2026-04-24 05:31:49,504][dowhy.causal_identifier.auto_identifier][INFO] - Frontdoor variables for treatment and outcome:[]
[2026-04-24 05:31:49,505][dowhy.causal_model][INFO] - linear_regression
[2026-04-24 05:31:49,505][dowhy.causal_estimator][INFO] - INFO: Using Linear Regression Estimator
[2026-04-24 05:31:49,505][dowhy.causal_estimator][INFO] - b: X13~X8+X3+X8*X4+X8*X5
[2026-04-24 05:31:49,556][dowhy.causal_model][INFO] - Model to find the causal effect of treatment ['X9'] on outcome ['X0']
[2026-04-24 05:31:49,557][dowhy.causal_identifier.auto_identifier][WARNING] - No directed path from treatment to outcome. Causal Effect is zero.
[2026-04-24 05:31:49,557][dowhy.causal_model][INFO] - linear_regression
[2026-04-24 05:31:49,557][dowhy.causal_estimator][INFO] - INFO: Using Linear Regression Estimator
[2026-04-24 05:31:49,557][dowhy.causal_estimator][WARNING] - No directed path from ['X9'] to ['X0'].
[2026-04-24 05:31:49,559][dowhy.causal_model][INFO] - Model to find the causal effect of treatment ['X9'] on outcome ['X1']
[2026-04-24 05:31:49,559][dowhy.causal_identifier.auto_identifier][WARNING] - No directed path from treatment to outcome. Causal Effect is zero.
[2026-04-24 05:31:49,559][dowhy.causal_model][INFO] - linear_regression
[2026-04-24 05:31:49,559][dowhy.causal_estimator][INFO] - INFO: Using Linear Regression Estimator
[2026-04-24 05:31:49,559][dowhy.causal_estimator][WARNING] - No directed path from ['X9'] to ['X1'].
[2026-04-24 05:31:49,561][dowhy.causal_model][INFO] - Model to find the causal effect of treatment ['X9'] on outcome ['X2']
[2026-04-24 05:31:49,561][dowhy.causal_identifier.auto_identifier][WARNING] - No directed path from treatment to outcome. Causal Effect is zero.
[2026-04-24 05:31:49,561][dowhy.causal_model][INFO] - linear_regression
[2026-04-24 05:31:49,561][dowhy.causal_estimator][INFO] - INFO: Using Linear Regression Estimator
[2026-04-24 05:31:49,561][dowhy.causal_estimator][WARNING] - No directed path from ['X9'] to ['X2'].
[2026-04-24 05:31:49,562][dowhy.causal_model][INFO] - Model to find the causal effect of treatment ['X9'] on outcome ['X3']
[2026-04-24 05:31:49,562][dowhy.causal_identifier.auto_identifier][WARNING] - No directed path from treatment to outcome. Causal Effect is zero.
[2026-04-24 05:31:49,563][dowhy.causal_model][INFO] - linear_regression
[2026-04-24 05:31:49,563][dowhy.causal_estimator][INFO] - INFO: Using Linear Regression Estimator
[2026-04-24 05:31:49,563][dowhy.causal_estimator][WARNING] - No directed path from ['X9'] to ['X3'].
[2026-04-24 05:31:49,564][dowhy.causal_model][INFO] - Model to find the causal effect of treatment ['X9'] on outcome ['X4']
[2026-04-24 05:31:49,564][dowhy.causal_identifier.auto_identifier][WARNING] - No directed path from treatment to outcome. Causal Effect is zero.
[2026-04-24 05:31:49,564][dowhy.causal_model][INFO] - linear_regression
[2026-04-24 05:31:49,565][dowhy.causal_estimator][INFO] - INFO: Using Linear Regression Estimator
[2026-04-24 05:31:49,565][dowhy.causal_estimator][WARNING] - No directed path from ['X9'] to ['X4'].
[2026-04-24 05:31:49,566][dowhy.causal_model][INFO] - Model to find the causal effect of treatment ['X9'] on outcome ['X5']
[2026-04-24 05:31:49,566][dowhy.causal_identifier.auto_identifier][WARNING] - No directed path from treatment to outcome. Causal Effect is zero.
[2026-04-24 05:31:49,566][dowhy.causal_model][INFO] - linear_regression
[2026-04-24 05:31:49,567][dowhy.causal_estimator][INFO] - INFO: Using Linear Regression Estimator
[2026-04-24 05:31:49,567][dowhy.causal_estimator][WARNING] - No directed path from ['X9'] to ['X5'].
[2026-04-24 05:31:49,568][dowhy.causal_model][INFO] - Model to find the causal effect of treatment ['X9'] on outcome ['X6']
[2026-04-24 05:31:49,568][dowhy.causal_identifier.auto_identifier][WARNING] - No directed path from treatment to outcome. Causal Effect is zero.
[2026-04-24 05:31:49,568][dowhy.causal_model][INFO] - linear_regression
[2026-04-24 05:31:49,568][dowhy.causal_estimator][INFO] - INFO: Using Linear Regression Estimator
[2026-04-24 05:31:49,569][dowhy.causal_estimator][WARNING] - No directed path from ['X9'] to ['X6'].
[2026-04-24 05:31:49,570][dowhy.causal_model][INFO] - Model to find the causal effect of treatment ['X9'] on outcome ['X7']
[2026-04-24 05:31:49,570][dowhy.causal_identifier.auto_identifier][WARNING] - No directed path from treatment to outcome. Causal Effect is zero.
[2026-04-24 05:31:49,570][dowhy.causal_model][INFO] - linear_regression
[2026-04-24 05:31:49,570][dowhy.causal_estimator][INFO] - INFO: Using Linear Regression Estimator
[2026-04-24 05:31:49,570][dowhy.causal_estimator][WARNING] - No directed path from ['X9'] to ['X7'].
[2026-04-24 05:31:49,572][dowhy.causal_model][INFO] - Model to find the causal effect of treatment ['X9'] on outcome ['X8']
[2026-04-24 05:31:49,572][dowhy.causal_identifier.auto_identifier][WARNING] - No directed path from treatment to outcome. Causal Effect is zero.
[2026-04-24 05:31:49,572][dowhy.causal_model][INFO] - linear_regression
[2026-04-24 05:31:49,572][dowhy.causal_estimator][INFO] - INFO: Using Linear Regression Estimator
[2026-04-24 05:31:49,572][dowhy.causal_estimator][WARNING] - No directed path from ['X9'] to ['X8'].
[2026-04-24 05:31:49,574][dowhy.causal_model][INFO] - Model to find the causal effect of treatment ['X9'] on outcome ['X10']
[2026-04-24 05:31:49,578][dowhy.causal_identifier.auto_identifier][INFO] - Causal effect can be identified.
[2026-04-24 05:31:49,579][dowhy.causal_identifier.auto_identifier][INFO] - Instrumental variables for treatment and outcome:['X3', 'X8']
[2026-04-24 05:31:49,579][dowhy.causal_identifier.auto_identifier][INFO] - Frontdoor variables for treatment and outcome:[]
[2026-04-24 05:31:49,579][dowhy.causal_model][INFO] - linear_regression
[2026-04-24 05:31:49,580][dowhy.causal_estimator][INFO] - INFO: Using Linear Regression Estimator
[2026-04-24 05:31:49,580][dowhy.causal_estimator][INFO] - b: X10~X9+X9*X4+X9*X5
[2026-04-24 05:31:49,587][dowhy.causal_model][INFO] - Model to find the causal effect of treatment ['X9'] on outcome ['X11']
[2026-04-24 05:31:49,587][dowhy.causal_identifier.auto_identifier][WARNING] - No directed path from treatment to outcome. Causal Effect is zero.
[2026-04-24 05:31:49,588][dowhy.causal_model][INFO] - linear_regression
[2026-04-24 05:31:49,588][dowhy.causal_estimator][INFO] - INFO: Using Linear Regression Estimator
[2026-04-24 05:31:49,588][dowhy.causal_estimator][WARNING] - No directed path from ['X9'] to ['X11'].
[2026-04-24 05:31:49,589][dowhy.causal_model][INFO] - Model to find the causal effect of treatment ['X9'] on outcome ['X12']
[2026-04-24 05:31:49,589][dowhy.causal_identifier.auto_identifier][WARNING] - No directed path from treatment to outcome. Causal Effect is zero.
[2026-04-24 05:31:49,589][dowhy.causal_model][INFO] - linear_regression
[2026-04-24 05:31:49,589][dowhy.causal_estimator][INFO] - INFO: Using Linear Regression Estimator
[2026-04-24 05:31:49,589][dowhy.causal_estimator][WARNING] - No directed path from ['X9'] to ['X12'].
[2026-04-24 05:31:49,591][dowhy.causal_model][INFO] - Model to find the causal effect of treatment ['X9'] on outcome ['X13']
[2026-04-24 05:31:49,595][dowhy.causal_identifier.auto_identifier][INFO] - Causal effect can be identified.
[2026-04-24 05:31:49,596][dowhy.causal_identifier.auto_identifier][INFO] - Instrumental variables for treatment and outcome:['X3', 'X8']
[2026-04-24 05:31:49,596][dowhy.causal_identifier.auto_identifier][INFO] - Frontdoor variables for treatment and outcome:[]
[2026-04-24 05:31:49,597][dowhy.causal_model][INFO] - linear_regression
[2026-04-24 05:31:49,597][dowhy.causal_estimator][INFO] - INFO: Using Linear Regression Estimator
[2026-04-24 05:31:49,597][dowhy.causal_estimator][INFO] - b: X13~X9+X9*X4+X9*X5
[2026-04-24 05:31:49,639][dowhy.causal_model][INFO] - Model to find the causal effect of treatment ['X10'] on outcome ['X0']
[2026-04-24 05:31:49,639][dowhy.causal_identifier.auto_identifier][WARNING] - No directed path from treatment to outcome. Causal Effect is zero.
[2026-04-24 05:31:49,639][dowhy.causal_model][INFO] - linear_regression
[2026-04-24 05:31:49,639][dowhy.causal_estimator][INFO] - INFO: Using Linear Regression Estimator
[2026-04-24 05:31:49,639][dowhy.causal_estimator][WARNING] - No directed path from ['X10'] to ['X0'].
[2026-04-24 05:31:49,641][dowhy.causal_model][INFO] - Model to find the causal effect of treatment ['X10'] on outcome ['X1']
[2026-04-24 05:31:49,641][dowhy.causal_identifier.auto_identifier][WARNING] - No directed path from treatment to outcome. Causal Effect is zero.
[2026-04-24 05:31:49,641][dowhy.causal_model][INFO] - linear_regression
[2026-04-24 05:31:49,641][dowhy.causal_estimator][INFO] - INFO: Using Linear Regression Estimator
[2026-04-24 05:31:49,641][dowhy.causal_estimator][WARNING] - No directed path from ['X10'] to ['X1'].
[2026-04-24 05:31:49,643][dowhy.causal_model][INFO] - Model to find the causal effect of treatment ['X10'] on outcome ['X2']
[2026-04-24 05:31:49,643][dowhy.causal_identifier.auto_identifier][WARNING] - No directed path from treatment to outcome. Causal Effect is zero.
[2026-04-24 05:31:49,643][dowhy.causal_model][INFO] - linear_regression
[2026-04-24 05:31:49,643][dowhy.causal_estimator][INFO] - INFO: Using Linear Regression Estimator
[2026-04-24 05:31:49,643][dowhy.causal_estimator][WARNING] - No directed path from ['X10'] to ['X2'].
[2026-04-24 05:31:49,645][dowhy.causal_model][INFO] - Model to find the causal effect of treatment ['X10'] on outcome ['X3']
[2026-04-24 05:31:49,645][dowhy.causal_identifier.auto_identifier][WARNING] - No directed path from treatment to outcome. Causal Effect is zero.
[2026-04-24 05:31:49,645][dowhy.causal_model][INFO] - linear_regression
[2026-04-24 05:31:49,645][dowhy.causal_estimator][INFO] - INFO: Using Linear Regression Estimator
[2026-04-24 05:31:49,645][dowhy.causal_estimator][WARNING] - No directed path from ['X10'] to ['X3'].
[2026-04-24 05:31:49,646][dowhy.causal_model][INFO] - Model to find the causal effect of treatment ['X10'] on outcome ['X4']
[2026-04-24 05:31:49,646][dowhy.causal_identifier.auto_identifier][WARNING] - No directed path from treatment to outcome. Causal Effect is zero.
[2026-04-24 05:31:49,647][dowhy.causal_model][INFO] - linear_regression
[2026-04-24 05:31:49,647][dowhy.causal_estimator][INFO] - INFO: Using Linear Regression Estimator
[2026-04-24 05:31:49,647][dowhy.causal_estimator][WARNING] - No directed path from ['X10'] to ['X4'].
[2026-04-24 05:31:49,648][dowhy.causal_model][INFO] - Model to find the causal effect of treatment ['X10'] on outcome ['X5']
[2026-04-24 05:31:49,648][dowhy.causal_identifier.auto_identifier][WARNING] - No directed path from treatment to outcome. Causal Effect is zero.
[2026-04-24 05:31:49,648][dowhy.causal_model][INFO] - linear_regression
[2026-04-24 05:31:49,648][dowhy.causal_estimator][INFO] - INFO: Using Linear Regression Estimator
[2026-04-24 05:31:49,648][dowhy.causal_estimator][WARNING] - No directed path from ['X10'] to ['X5'].
[2026-04-24 05:31:49,650][dowhy.causal_model][INFO] - Model to find the causal effect of treatment ['X10'] on outcome ['X6']
[2026-04-24 05:31:49,650][dowhy.causal_identifier.auto_identifier][WARNING] - No directed path from treatment to outcome. Causal Effect is zero.
[2026-04-24 05:31:49,650][dowhy.causal_model][INFO] - linear_regression
[2026-04-24 05:31:49,650][dowhy.causal_estimator][INFO] - INFO: Using Linear Regression Estimator
[2026-04-24 05:31:49,650][dowhy.causal_estimator][WARNING] - No directed path from ['X10'] to ['X6'].
[2026-04-24 05:31:49,652][dowhy.causal_model][INFO] - Model to find the causal effect of treatment ['X10'] on outcome ['X7']
[2026-04-24 05:31:49,652][dowhy.causal_identifier.auto_identifier][WARNING] - No directed path from treatment to outcome. Causal Effect is zero.
[2026-04-24 05:31:49,652][dowhy.causal_model][INFO] - linear_regression
[2026-04-24 05:31:49,652][dowhy.causal_estimator][INFO] - INFO: Using Linear Regression Estimator
[2026-04-24 05:31:49,652][dowhy.causal_estimator][WARNING] - No directed path from ['X10'] to ['X7'].
[2026-04-24 05:31:49,654][dowhy.causal_model][INFO] - Model to find the causal effect of treatment ['X10'] on outcome ['X8']
[2026-04-24 05:31:49,654][dowhy.causal_identifier.auto_identifier][WARNING] - No directed path from treatment to outcome. Causal Effect is zero.
[2026-04-24 05:31:49,654][dowhy.causal_model][INFO] - linear_regression
[2026-04-24 05:31:49,654][dowhy.causal_estimator][INFO] - INFO: Using Linear Regression Estimator
[2026-04-24 05:31:49,654][dowhy.causal_estimator][WARNING] - No directed path from ['X10'] to ['X8'].
[2026-04-24 05:31:49,656][dowhy.causal_model][INFO] - Model to find the causal effect of treatment ['X10'] on outcome ['X9']
[2026-04-24 05:31:49,656][dowhy.causal_identifier.auto_identifier][WARNING] - No directed path from treatment to outcome. Causal Effect is zero.
[2026-04-24 05:31:49,656][dowhy.causal_model][INFO] - linear_regression
[2026-04-24 05:31:49,656][dowhy.causal_estimator][INFO] - INFO: Using Linear Regression Estimator
[2026-04-24 05:31:49,656][dowhy.causal_estimator][WARNING] - No directed path from ['X10'] to ['X9'].
[2026-04-24 05:31:49,658][dowhy.causal_model][INFO] - Model to find the causal effect of treatment ['X10'] on outcome ['X11']
[2026-04-24 05:31:49,658][dowhy.causal_identifier.auto_identifier][WARNING] - No directed path from treatment to outcome. Causal Effect is zero.
[2026-04-24 05:31:49,658][dowhy.causal_model][INFO] - linear_regression
[2026-04-24 05:31:49,658][dowhy.causal_estimator][INFO] - INFO: Using Linear Regression Estimator
[2026-04-24 05:31:49,658][dowhy.causal_estimator][WARNING] - No directed path from ['X10'] to ['X11'].
[2026-04-24 05:31:49,660][dowhy.causal_model][INFO] - Model to find the causal effect of treatment ['X10'] on outcome ['X12']
[2026-04-24 05:31:49,660][dowhy.causal_identifier.auto_identifier][WARNING] - No directed path from treatment to outcome. Causal Effect is zero.
[2026-04-24 05:31:49,660][dowhy.causal_model][INFO] - linear_regression
[2026-04-24 05:31:49,660][dowhy.causal_estimator][INFO] - INFO: Using Linear Regression Estimator
[2026-04-24 05:31:49,660][dowhy.causal_estimator][WARNING] - No directed path from ['X10'] to ['X12'].
[2026-04-24 05:31:49,662][dowhy.causal_model][INFO] - Model to find the causal effect of treatment ['X10'] on outcome ['X13']
[2026-04-24 05:31:49,666][dowhy.causal_identifier.auto_identifier][INFO] - Causal effect can be identified.
[2026-04-24 05:31:49,667][dowhy.causal_identifier.auto_identifier][INFO] - Instrumental variables for treatment and outcome:['X4', 'X9']
[2026-04-24 05:31:49,667][dowhy.causal_identifier.auto_identifier][INFO] - Frontdoor variables for treatment and outcome:[]
[2026-04-24 05:31:49,667][dowhy.causal_model][INFO] - linear_regression
[2026-04-24 05:31:49,667][dowhy.causal_estimator][INFO] - INFO: Using Linear Regression Estimator
[2026-04-24 05:31:49,668][dowhy.causal_estimator][INFO] - b: X13~X10+X5
[2026-04-24 05:31:49,718][dowhy.causal_model][INFO] - Model to find the causal effect of treatment ['X11'] on outcome ['X0']
[2026-04-24 05:31:49,718][dowhy.causal_identifier.auto_identifier][WARNING] - No directed path from treatment to outcome. Causal Effect is zero.
[2026-04-24 05:31:49,718][dowhy.causal_model][INFO] - linear_regression
[2026-04-24 05:31:49,718][dowhy.causal_estimator][INFO] - INFO: Using Linear Regression Estimator
[2026-04-24 05:31:49,718][dowhy.causal_estimator][WARNING] - No directed path from ['X11'] to ['X0'].
[2026-04-24 05:31:49,720][dowhy.causal_model][INFO] - Model to find the causal effect of treatment ['X11'] on outcome ['X1']
[2026-04-24 05:31:49,720][dowhy.causal_identifier.auto_identifier][WARNING] - No directed path from treatment to outcome. Causal Effect is zero.
[2026-04-24 05:31:49,720][dowhy.causal_model][INFO] - linear_regression
[2026-04-24 05:31:49,720][dowhy.causal_estimator][INFO] - INFO: Using Linear Regression Estimator
[2026-04-24 05:31:49,720][dowhy.causal_estimator][WARNING] - No directed path from ['X11'] to ['X1'].
[2026-04-24 05:31:49,722][dowhy.causal_model][INFO] - Model to find the causal effect of treatment ['X11'] on outcome ['X2']
[2026-04-24 05:31:49,722][dowhy.causal_identifier.auto_identifier][WARNING] - No directed path from treatment to outcome. Causal Effect is zero.
[2026-04-24 05:31:49,722][dowhy.causal_model][INFO] - linear_regression
[2026-04-24 05:31:49,722][dowhy.causal_estimator][INFO] - INFO: Using Linear Regression Estimator
[2026-04-24 05:31:49,722][dowhy.causal_estimator][WARNING] - No directed path from ['X11'] to ['X2'].
[2026-04-24 05:31:49,724][dowhy.causal_model][INFO] - Model to find the causal effect of treatment ['X11'] on outcome ['X3']
[2026-04-24 05:31:49,724][dowhy.causal_identifier.auto_identifier][WARNING] - No directed path from treatment to outcome. Causal Effect is zero.
[2026-04-24 05:31:49,724][dowhy.causal_model][INFO] - linear_regression
[2026-04-24 05:31:49,724][dowhy.causal_estimator][INFO] - INFO: Using Linear Regression Estimator
[2026-04-24 05:31:49,724][dowhy.causal_estimator][WARNING] - No directed path from ['X11'] to ['X3'].
[2026-04-24 05:31:49,726][dowhy.causal_model][INFO] - Model to find the causal effect of treatment ['X11'] on outcome ['X4']
[2026-04-24 05:31:49,726][dowhy.causal_identifier.auto_identifier][WARNING] - No directed path from treatment to outcome. Causal Effect is zero.
[2026-04-24 05:31:49,726][dowhy.causal_model][INFO] - linear_regression
[2026-04-24 05:31:49,726][dowhy.causal_estimator][INFO] - INFO: Using Linear Regression Estimator
[2026-04-24 05:31:49,726][dowhy.causal_estimator][WARNING] - No directed path from ['X11'] to ['X4'].
[2026-04-24 05:31:49,729][dowhy.causal_model][INFO] - Model to find the causal effect of treatment ['X11'] on outcome ['X5']
[2026-04-24 05:31:49,729][dowhy.causal_identifier.auto_identifier][WARNING] - No directed path from treatment to outcome. Causal Effect is zero.
[2026-04-24 05:31:49,729][dowhy.causal_model][INFO] - linear_regression
[2026-04-24 05:31:49,729][dowhy.causal_estimator][INFO] - INFO: Using Linear Regression Estimator
[2026-04-24 05:31:49,729][dowhy.causal_estimator][WARNING] - No directed path from ['X11'] to ['X5'].
[2026-04-24 05:31:49,731][dowhy.causal_model][INFO] - Model to find the causal effect of treatment ['X11'] on outcome ['X6']
[2026-04-24 05:31:49,731][dowhy.causal_identifier.auto_identifier][WARNING] - No directed path from treatment to outcome. Causal Effect is zero.
[2026-04-24 05:31:49,731][dowhy.causal_model][INFO] - linear_regression
[2026-04-24 05:31:49,731][dowhy.causal_estimator][INFO] - INFO: Using Linear Regression Estimator
[2026-04-24 05:31:49,731][dowhy.causal_estimator][WARNING] - No directed path from ['X11'] to ['X6'].
[2026-04-24 05:31:49,733][dowhy.causal_model][INFO] - Model to find the causal effect of treatment ['X11'] on outcome ['X7']
[2026-04-24 05:31:49,733][dowhy.causal_identifier.auto_identifier][WARNING] - No directed path from treatment to outcome. Causal Effect is zero.
[2026-04-24 05:31:49,733][dowhy.causal_model][INFO] - linear_regression
[2026-04-24 05:31:49,733][dowhy.causal_estimator][INFO] - INFO: Using Linear Regression Estimator
[2026-04-24 05:31:49,733][dowhy.causal_estimator][WARNING] - No directed path from ['X11'] to ['X7'].
[2026-04-24 05:31:49,735][dowhy.causal_model][INFO] - Model to find the causal effect of treatment ['X11'] on outcome ['X8']
[2026-04-24 05:31:49,735][dowhy.causal_identifier.auto_identifier][WARNING] - No directed path from treatment to outcome. Causal Effect is zero.
[2026-04-24 05:31:49,735][dowhy.causal_model][INFO] - linear_regression
[2026-04-24 05:31:49,735][dowhy.causal_estimator][INFO] - INFO: Using Linear Regression Estimator
[2026-04-24 05:31:49,735][dowhy.causal_estimator][WARNING] - No directed path from ['X11'] to ['X8'].
[2026-04-24 05:31:49,737][dowhy.causal_model][INFO] - Model to find the causal effect of treatment ['X11'] on outcome ['X9']
[2026-04-24 05:31:49,737][dowhy.causal_identifier.auto_identifier][WARNING] - No directed path from treatment to outcome. Causal Effect is zero.
[2026-04-24 05:31:49,737][dowhy.causal_model][INFO] - linear_regression
[2026-04-24 05:31:49,737][dowhy.causal_estimator][INFO] - INFO: Using Linear Regression Estimator
[2026-04-24 05:31:49,737][dowhy.causal_estimator][WARNING] - No directed path from ['X11'] to ['X9'].
[2026-04-24 05:31:49,739][dowhy.causal_model][INFO] - Model to find the causal effect of treatment ['X11'] on outcome ['X10']
[2026-04-24 05:31:49,739][dowhy.causal_identifier.auto_identifier][WARNING] - No directed path from treatment to outcome. Causal Effect is zero.
[2026-04-24 05:31:49,739][dowhy.causal_model][INFO] - linear_regression
[2026-04-24 05:31:49,739][dowhy.causal_estimator][INFO] - INFO: Using Linear Regression Estimator
[2026-04-24 05:31:49,739][dowhy.causal_estimator][WARNING] - No directed path from ['X11'] to ['X10'].
[2026-04-24 05:31:49,741][dowhy.causal_model][INFO] - Model to find the causal effect of treatment ['X11'] on outcome ['X12']
[2026-04-24 05:31:49,741][dowhy.causal_identifier.auto_identifier][WARNING] - No directed path from treatment to outcome. Causal Effect is zero.
[2026-04-24 05:31:49,741][dowhy.causal_model][INFO] - linear_regression
[2026-04-24 05:31:49,741][dowhy.causal_estimator][INFO] - INFO: Using Linear Regression Estimator
[2026-04-24 05:31:49,741][dowhy.causal_estimator][WARNING] - No directed path from ['X11'] to ['X12'].
[2026-04-24 05:31:49,743][dowhy.causal_model][INFO] - Model to find the causal effect of treatment ['X11'] on outcome ['X13']
[2026-04-24 05:31:49,743][dowhy.causal_identifier.auto_identifier][WARNING] - No directed path from treatment to outcome. Causal Effect is zero.
[2026-04-24 05:31:49,743][dowhy.causal_model][INFO] - linear_regression
[2026-04-24 05:31:49,743][dowhy.causal_estimator][INFO] - INFO: Using Linear Regression Estimator
[2026-04-24 05:31:49,743][dowhy.causal_estimator][WARNING] - No directed path from ['X11'] to ['X13'].
[2026-04-24 05:31:49,781][dowhy.causal_model][INFO] - Model to find the causal effect of treatment ['X12'] on outcome ['X0']
[2026-04-24 05:31:49,781][dowhy.causal_identifier.auto_identifier][WARNING] - No directed path from treatment to outcome. Causal Effect is zero.
[2026-04-24 05:31:49,781][dowhy.causal_model][INFO] - linear_regression
[2026-04-24 05:31:49,781][dowhy.causal_estimator][INFO] - INFO: Using Linear Regression Estimator
[2026-04-24 05:31:49,782][dowhy.causal_estimator][WARNING] - No directed path from ['X12'] to ['X0'].
[2026-04-24 05:31:49,783][dowhy.causal_model][INFO] - Model to find the causal effect of treatment ['X12'] on outcome ['X1']
[2026-04-24 05:31:49,783][dowhy.causal_identifier.auto_identifier][WARNING] - No directed path from treatment to outcome. Causal Effect is zero.
[2026-04-24 05:31:49,783][dowhy.causal_model][INFO] - linear_regression
[2026-04-24 05:31:49,783][dowhy.causal_estimator][INFO] - INFO: Using Linear Regression Estimator
[2026-04-24 05:31:49,783][dowhy.causal_estimator][WARNING] - No directed path from ['X12'] to ['X1'].
[2026-04-24 05:31:49,785][dowhy.causal_model][INFO] - Model to find the causal effect of treatment ['X12'] on outcome ['X2']
[2026-04-24 05:31:49,785][dowhy.causal_identifier.auto_identifier][WARNING] - No directed path from treatment to outcome. Causal Effect is zero.
[2026-04-24 05:31:49,785][dowhy.causal_model][INFO] - linear_regression
[2026-04-24 05:31:49,785][dowhy.causal_estimator][INFO] - INFO: Using Linear Regression Estimator
[2026-04-24 05:31:49,785][dowhy.causal_estimator][WARNING] - No directed path from ['X12'] to ['X2'].
[2026-04-24 05:31:49,787][dowhy.causal_model][INFO] - Model to find the causal effect of treatment ['X12'] on outcome ['X3']
[2026-04-24 05:31:49,787][dowhy.causal_identifier.auto_identifier][WARNING] - No directed path from treatment to outcome. Causal Effect is zero.
[2026-04-24 05:31:49,787][dowhy.causal_model][INFO] - linear_regression
[2026-04-24 05:31:49,787][dowhy.causal_estimator][INFO] - INFO: Using Linear Regression Estimator
[2026-04-24 05:31:49,787][dowhy.causal_estimator][WARNING] - No directed path from ['X12'] to ['X3'].
[2026-04-24 05:31:49,789][dowhy.causal_model][INFO] - Model to find the causal effect of treatment ['X12'] on outcome ['X4']
[2026-04-24 05:31:49,789][dowhy.causal_identifier.auto_identifier][WARNING] - No directed path from treatment to outcome. Causal Effect is zero.
[2026-04-24 05:31:49,789][dowhy.causal_model][INFO] - linear_regression
[2026-04-24 05:31:49,789][dowhy.causal_estimator][INFO] - INFO: Using Linear Regression Estimator
[2026-04-24 05:31:49,789][dowhy.causal_estimator][WARNING] - No directed path from ['X12'] to ['X4'].
[2026-04-24 05:31:49,791][dowhy.causal_model][INFO] - Model to find the causal effect of treatment ['X12'] on outcome ['X5']
[2026-04-24 05:31:49,791][dowhy.causal_identifier.auto_identifier][WARNING] - No directed path from treatment to outcome. Causal Effect is zero.
[2026-04-24 05:31:49,791][dowhy.causal_model][INFO] - linear_regression
[2026-04-24 05:31:49,791][dowhy.causal_estimator][INFO] - INFO: Using Linear Regression Estimator
[2026-04-24 05:31:49,791][dowhy.causal_estimator][WARNING] - No directed path from ['X12'] to ['X5'].
[2026-04-24 05:31:49,793][dowhy.causal_model][INFO] - Model to find the causal effect of treatment ['X12'] on outcome ['X6']
[2026-04-24 05:31:49,793][dowhy.causal_identifier.auto_identifier][WARNING] - No directed path from treatment to outcome. Causal Effect is zero.
[2026-04-24 05:31:49,793][dowhy.causal_model][INFO] - linear_regression
[2026-04-24 05:31:49,793][dowhy.causal_estimator][INFO] - INFO: Using Linear Regression Estimator
[2026-04-24 05:31:49,793][dowhy.causal_estimator][WARNING] - No directed path from ['X12'] to ['X6'].
[2026-04-24 05:31:49,794][dowhy.causal_model][INFO] - Model to find the causal effect of treatment ['X12'] on outcome ['X7']
[2026-04-24 05:31:49,795][dowhy.causal_identifier.auto_identifier][WARNING] - No directed path from treatment to outcome. Causal Effect is zero.
[2026-04-24 05:31:49,795][dowhy.causal_model][INFO] - linear_regression
[2026-04-24 05:31:49,795][dowhy.causal_estimator][INFO] - INFO: Using Linear Regression Estimator
[2026-04-24 05:31:49,795][dowhy.causal_estimator][WARNING] - No directed path from ['X12'] to ['X7'].
[2026-04-24 05:31:49,796][dowhy.causal_model][INFO] - Model to find the causal effect of treatment ['X12'] on outcome ['X8']
[2026-04-24 05:31:49,796][dowhy.causal_identifier.auto_identifier][WARNING] - No directed path from treatment to outcome. Causal Effect is zero.
[2026-04-24 05:31:49,796][dowhy.causal_model][INFO] - linear_regression
[2026-04-24 05:31:49,796][dowhy.causal_estimator][INFO] - INFO: Using Linear Regression Estimator
[2026-04-24 05:31:49,796][dowhy.causal_estimator][WARNING] - No directed path from ['X12'] to ['X8'].
[2026-04-24 05:31:49,798][dowhy.causal_model][INFO] - Model to find the causal effect of treatment ['X12'] on outcome ['X9']
[2026-04-24 05:31:49,798][dowhy.causal_identifier.auto_identifier][WARNING] - No directed path from treatment to outcome. Causal Effect is zero.
[2026-04-24 05:31:49,798][dowhy.causal_model][INFO] - linear_regression
[2026-04-24 05:31:49,798][dowhy.causal_estimator][INFO] - INFO: Using Linear Regression Estimator
[2026-04-24 05:31:49,798][dowhy.causal_estimator][WARNING] - No directed path from ['X12'] to ['X9'].
[2026-04-24 05:31:49,800][dowhy.causal_model][INFO] - Model to find the causal effect of treatment ['X12'] on outcome ['X10']
[2026-04-24 05:31:49,800][dowhy.causal_identifier.auto_identifier][WARNING] - No directed path from treatment to outcome. Causal Effect is zero.
[2026-04-24 05:31:49,800][dowhy.causal_model][INFO] - linear_regression
[2026-04-24 05:31:49,800][dowhy.causal_estimator][INFO] - INFO: Using Linear Regression Estimator
[2026-04-24 05:31:49,800][dowhy.causal_estimator][WARNING] - No directed path from ['X12'] to ['X10'].
[2026-04-24 05:31:49,802][dowhy.causal_model][INFO] - Model to find the causal effect of treatment ['X12'] on outcome ['X11']
[2026-04-24 05:31:49,802][dowhy.causal_identifier.auto_identifier][WARNING] - No directed path from treatment to outcome. Causal Effect is zero.
[2026-04-24 05:31:49,802][dowhy.causal_model][INFO] - linear_regression
[2026-04-24 05:31:49,802][dowhy.causal_estimator][INFO] - INFO: Using Linear Regression Estimator
[2026-04-24 05:31:49,802][dowhy.causal_estimator][WARNING] - No directed path from ['X12'] to ['X11'].
[2026-04-24 05:31:49,804][dowhy.causal_model][INFO] - Model to find the causal effect of treatment ['X12'] on outcome ['X13']
[2026-04-24 05:31:49,804][dowhy.causal_identifier.auto_identifier][WARNING] - No directed path from treatment to outcome. Causal Effect is zero.
[2026-04-24 05:31:49,804][dowhy.causal_model][INFO] - linear_regression
[2026-04-24 05:31:49,804][dowhy.causal_estimator][INFO] - INFO: Using Linear Regression Estimator
[2026-04-24 05:31:49,804][dowhy.causal_estimator][WARNING] - No directed path from ['X12'] to ['X13'].
[2026-04-24 05:31:49,838][dowhy.causal_model][INFO] - Model to find the causal effect of treatment ['X13'] on outcome ['X0']
[2026-04-24 05:31:49,838][dowhy.causal_identifier.auto_identifier][WARNING] - No directed path from treatment to outcome. Causal Effect is zero.
[2026-04-24 05:31:49,838][dowhy.causal_model][INFO] - linear_regression
[2026-04-24 05:31:49,838][dowhy.causal_estimator][INFO] - INFO: Using Linear Regression Estimator
[2026-04-24 05:31:49,838][dowhy.causal_estimator][WARNING] - No directed path from ['X13'] to ['X0'].
[2026-04-24 05:31:49,840][dowhy.causal_model][INFO] - Model to find the causal effect of treatment ['X13'] on outcome ['X1']
[2026-04-24 05:31:49,840][dowhy.causal_identifier.auto_identifier][WARNING] - No directed path from treatment to outcome. Causal Effect is zero.
[2026-04-24 05:31:49,840][dowhy.causal_model][INFO] - linear_regression
[2026-04-24 05:31:49,840][dowhy.causal_estimator][INFO] - INFO: Using Linear Regression Estimator
[2026-04-24 05:31:49,840][dowhy.causal_estimator][WARNING] - No directed path from ['X13'] to ['X1'].
[2026-04-24 05:31:49,842][dowhy.causal_model][INFO] - Model to find the causal effect of treatment ['X13'] on outcome ['X2']
[2026-04-24 05:31:49,842][dowhy.causal_identifier.auto_identifier][WARNING] - No directed path from treatment to outcome. Causal Effect is zero.
[2026-04-24 05:31:49,842][dowhy.causal_model][INFO] - linear_regression
[2026-04-24 05:31:49,842][dowhy.causal_estimator][INFO] - INFO: Using Linear Regression Estimator
[2026-04-24 05:31:49,842][dowhy.causal_estimator][WARNING] - No directed path from ['X13'] to ['X2'].
[2026-04-24 05:31:49,844][dowhy.causal_model][INFO] - Model to find the causal effect of treatment ['X13'] on outcome ['X3']
[2026-04-24 05:31:49,844][dowhy.causal_identifier.auto_identifier][WARNING] - No directed path from treatment to outcome. Causal Effect is zero.
[2026-04-24 05:31:49,844][dowhy.causal_model][INFO] - linear_regression
[2026-04-24 05:31:49,844][dowhy.causal_estimator][INFO] - INFO: Using Linear Regression Estimator
[2026-04-24 05:31:49,844][dowhy.causal_estimator][WARNING] - No directed path from ['X13'] to ['X3'].
[2026-04-24 05:31:49,846][dowhy.causal_model][INFO] - Model to find the causal effect of treatment ['X13'] on outcome ['X4']
[2026-04-24 05:31:49,846][dowhy.causal_identifier.auto_identifier][WARNING] - No directed path from treatment to outcome. Causal Effect is zero.
[2026-04-24 05:31:49,846][dowhy.causal_model][INFO] - linear_regression
[2026-04-24 05:31:49,846][dowhy.causal_estimator][INFO] - INFO: Using Linear Regression Estimator
[2026-04-24 05:31:49,846][dowhy.causal_estimator][WARNING] - No directed path from ['X13'] to ['X4'].
[2026-04-24 05:31:49,848][dowhy.causal_model][INFO] - Model to find the causal effect of treatment ['X13'] on outcome ['X5']
[2026-04-24 05:31:49,848][dowhy.causal_identifier.auto_identifier][WARNING] - No directed path from treatment to outcome. Causal Effect is zero.
[2026-04-24 05:31:49,848][dowhy.causal_model][INFO] - linear_regression
[2026-04-24 05:31:49,848][dowhy.causal_estimator][INFO] - INFO: Using Linear Regression Estimator
[2026-04-24 05:31:49,848][dowhy.causal_estimator][WARNING] - No directed path from ['X13'] to ['X5'].
[2026-04-24 05:31:49,849][dowhy.causal_model][INFO] - Model to find the causal effect of treatment ['X13'] on outcome ['X6']
[2026-04-24 05:31:49,849][dowhy.causal_identifier.auto_identifier][WARNING] - No directed path from treatment to outcome. Causal Effect is zero.
[2026-04-24 05:31:49,850][dowhy.causal_model][INFO] - linear_regression
[2026-04-24 05:31:49,850][dowhy.causal_estimator][INFO] - INFO: Using Linear Regression Estimator
[2026-04-24 05:31:49,850][dowhy.causal_estimator][WARNING] - No directed path from ['X13'] to ['X6'].
[2026-04-24 05:31:49,851][dowhy.causal_model][INFO] - Model to find the causal effect of treatment ['X13'] on outcome ['X7']
[2026-04-24 05:31:49,851][dowhy.causal_identifier.auto_identifier][WARNING] - No directed path from treatment to outcome. Causal Effect is zero.
[2026-04-24 05:31:49,851][dowhy.causal_model][INFO] - linear_regression
[2026-04-24 05:31:49,851][dowhy.causal_estimator][INFO] - INFO: Using Linear Regression Estimator
[2026-04-24 05:31:49,851][dowhy.causal_estimator][WARNING] - No directed path from ['X13'] to ['X7'].
[2026-04-24 05:31:49,853][dowhy.causal_model][INFO] - Model to find the causal effect of treatment ['X13'] on outcome ['X8']
[2026-04-24 05:31:49,853][dowhy.causal_identifier.auto_identifier][WARNING] - No directed path from treatment to outcome. Causal Effect is zero.
[2026-04-24 05:31:49,853][dowhy.causal_model][INFO] - linear_regression
[2026-04-24 05:31:49,853][dowhy.causal_estimator][INFO] - INFO: Using Linear Regression Estimator
[2026-04-24 05:31:49,853][dowhy.causal_estimator][WARNING] - No directed path from ['X13'] to ['X8'].
[2026-04-24 05:31:49,855][dowhy.causal_model][INFO] - Model to find the causal effect of treatment ['X13'] on outcome ['X9']
[2026-04-24 05:31:49,855][dowhy.causal_identifier.auto_identifier][WARNING] - No directed path from treatment to outcome. Causal Effect is zero.
[2026-04-24 05:31:49,855][dowhy.causal_model][INFO] - linear_regression
[2026-04-24 05:31:49,855][dowhy.causal_estimator][INFO] - INFO: Using Linear Regression Estimator
[2026-04-24 05:31:49,855][dowhy.causal_estimator][WARNING] - No directed path from ['X13'] to ['X9'].
[2026-04-24 05:31:49,857][dowhy.causal_model][INFO] - Model to find the causal effect of treatment ['X13'] on outcome ['X10']
[2026-04-24 05:31:49,857][dowhy.causal_identifier.auto_identifier][WARNING] - No directed path from treatment to outcome. Causal Effect is zero.
[2026-04-24 05:31:49,857][dowhy.causal_model][INFO] - linear_regression
[2026-04-24 05:31:49,857][dowhy.causal_estimator][INFO] - INFO: Using Linear Regression Estimator
[2026-04-24 05:31:49,857][dowhy.causal_estimator][WARNING] - No directed path from ['X13'] to ['X10'].
[2026-04-24 05:31:49,859][dowhy.causal_model][INFO] - Model to find the causal effect of treatment ['X13'] on outcome ['X11']
[2026-04-24 05:31:49,859][dowhy.causal_identifier.auto_identifier][WARNING] - No directed path from treatment to outcome. Causal Effect is zero.
[2026-04-24 05:31:49,859][dowhy.causal_model][INFO] - linear_regression
[2026-04-24 05:31:49,859][dowhy.causal_estimator][INFO] - INFO: Using Linear Regression Estimator
[2026-04-24 05:31:49,859][dowhy.causal_estimator][WARNING] - No directed path from ['X13'] to ['X11'].
[2026-04-24 05:31:49,860][dowhy.causal_model][INFO] - Model to find the causal effect of treatment ['X13'] on outcome ['X12']
[2026-04-24 05:31:49,861][dowhy.causal_identifier.auto_identifier][WARNING] - No directed path from treatment to outcome. Causal Effect is zero.
[2026-04-24 05:31:49,861][dowhy.causal_model][INFO] - linear_regression
[2026-04-24 05:31:49,861][dowhy.causal_estimator][INFO] - INFO: Using Linear Regression Estimator
[2026-04-24 05:31:49,861][dowhy.causal_estimator][WARNING] - No directed path from ['X13'] to ['X12'].
[2026-04-24 05:31:49,923][dowhy.causal_model][INFO] - Model to find the causal effect of treatment ['X0'] on outcome ['X1']
[2026-04-24 05:31:49,923][dowhy.causal_identifier.auto_identifier][WARNING] - No directed path from treatment to outcome. Causal Effect is zero.
[2026-04-24 05:31:49,923][dowhy.causal_model][INFO] - linear_regression
[2026-04-24 05:31:49,923][dowhy.causal_estimator][INFO] - INFO: Using Linear Regression Estimator
[2026-04-24 05:31:49,923][dowhy.causal_estimator][WARNING] - No directed path from ['X0'] to ['X1'].
[2026-04-24 05:31:49,925][dowhy.causal_model][INFO] - Model to find the causal effect of treatment ['X0'] on outcome ['X2']
[2026-04-24 05:31:49,925][dowhy.causal_identifier.auto_identifier][WARNING] - No directed path from treatment to outcome. Causal Effect is zero.
[2026-04-24 05:31:49,925][dowhy.causal_model][INFO] - linear_regression
[2026-04-24 05:31:49,925][dowhy.causal_estimator][INFO] - INFO: Using Linear Regression Estimator
[2026-04-24 05:31:49,926][dowhy.causal_estimator][WARNING] - No directed path from ['X0'] to ['X2'].
[2026-04-24 05:31:49,927][dowhy.causal_model][INFO] - Model to find the causal effect of treatment ['X0'] on outcome ['X3']
[2026-04-24 05:31:49,927][dowhy.causal_identifier.auto_identifier][WARNING] - No directed path from treatment to outcome. Causal Effect is zero.
[2026-04-24 05:31:49,927][dowhy.causal_model][INFO] - linear_regression
[2026-04-24 05:31:49,928][dowhy.causal_estimator][INFO] - INFO: Using Linear Regression Estimator
[2026-04-24 05:31:49,928][dowhy.causal_estimator][WARNING] - No directed path from ['X0'] to ['X3'].
[2026-04-24 05:31:49,930][dowhy.causal_model][INFO] - Model to find the causal effect of treatment ['X0'] on outcome ['X4']
[2026-04-24 05:31:49,930][dowhy.causal_identifier.auto_identifier][WARNING] - No directed path from treatment to outcome. Causal Effect is zero.
[2026-04-24 05:31:49,930][dowhy.causal_model][INFO] - linear_regression
[2026-04-24 05:31:49,930][dowhy.causal_estimator][INFO] - INFO: Using Linear Regression Estimator
[2026-04-24 05:31:49,930][dowhy.causal_estimator][WARNING] - No directed path from ['X0'] to ['X4'].
[2026-04-24 05:31:49,932][dowhy.causal_model][INFO] - Model to find the causal effect of treatment ['X0'] on outcome ['X5']
[2026-04-24 05:31:49,932][dowhy.causal_identifier.auto_identifier][WARNING] - No directed path from treatment to outcome. Causal Effect is zero.
[2026-04-24 05:31:49,932][dowhy.causal_model][INFO] - linear_regression
[2026-04-24 05:31:49,932][dowhy.causal_estimator][INFO] - INFO: Using Linear Regression Estimator
[2026-04-24 05:31:49,932][dowhy.causal_estimator][WARNING] - No directed path from ['X0'] to ['X5'].
[2026-04-24 05:31:49,934][dowhy.causal_model][INFO] - Model to find the causal effect of treatment ['X0'] on outcome ['X6']
[2026-04-24 05:31:49,936][dowhy.causal_identifier.auto_identifier][INFO] - Causal effect can be identified.
[2026-04-24 05:31:49,936][dowhy.causal_identifier.auto_identifier][INFO] - Instrumental variables for treatment and outcome:[]
[2026-04-24 05:31:49,936][dowhy.causal_identifier.auto_identifier][INFO] - Frontdoor variables for treatment and outcome:[]
[2026-04-24 05:31:49,937][dowhy.causal_model][INFO] - linear_regression
[2026-04-24 05:31:49,937][dowhy.causal_estimator][INFO] - INFO: Using Linear Regression Estimator
[2026-04-24 05:31:49,937][dowhy.causal_estimator][INFO] - b: X6~X0+X0*X1
[2026-04-24 05:31:49,945][dowhy.causal_model][INFO] - Model to find the causal effect of treatment ['X0'] on outcome ['X7']
[2026-04-24 05:31:49,946][dowhy.causal_identifier.auto_identifier][INFO] - Causal effect can be identified.
[2026-04-24 05:31:49,947][dowhy.causal_identifier.auto_identifier][INFO] - Instrumental variables for treatment and outcome:[]
[2026-04-24 05:31:49,947][dowhy.causal_identifier.auto_identifier][INFO] - Frontdoor variables for treatment and outcome:[]
[2026-04-24 05:31:49,948][dowhy.causal_model][INFO] - linear_regression
[2026-04-24 05:31:49,948][dowhy.causal_estimator][INFO] - INFO: Using Linear Regression Estimator
[2026-04-24 05:31:49,948][dowhy.causal_estimator][INFO] - b: X7~X0+X0*X1
[2026-04-24 05:31:49,957][dowhy.causal_model][INFO] - Model to find the causal effect of treatment ['X0'] on outcome ['X8']
[2026-04-24 05:31:49,959][dowhy.causal_identifier.auto_identifier][INFO] - Causal effect can be identified.
[2026-04-24 05:31:49,959][dowhy.causal_identifier.auto_identifier][INFO] - Instrumental variables for treatment and outcome:[]
[2026-04-24 05:31:49,961][dowhy.causal_identifier.auto_identifier][INFO] - Frontdoor variables for treatment and outcome:['X7', 'X11', 'X6']
[2026-04-24 05:31:49,963][dowhy.causal_identifier.auto_identifier][INFO] - Causal effect can be identified.
[2026-04-24 05:31:49,965][dowhy.causal_identifier.auto_identifier][INFO] - Causal effect can be identified.
[2026-04-24 05:31:49,966][dowhy.causal_model][INFO] - linear_regression
[2026-04-24 05:31:49,966][dowhy.causal_estimator][INFO] - INFO: Using Linear Regression Estimator
[2026-04-24 05:31:49,966][dowhy.causal_estimator][INFO] - b: X8~X0+X0*X3+X0*X2+X0*X1
[2026-04-24 05:31:49,975][dowhy.causal_model][INFO] - Model to find the causal effect of treatment ['X0'] on outcome ['X9']
[2026-04-24 05:31:49,977][dowhy.causal_identifier.auto_identifier][INFO] - Causal effect can be identified.
[2026-04-24 05:31:49,978][dowhy.causal_identifier.auto_identifier][INFO] - Instrumental variables for treatment and outcome:[]
[2026-04-24 05:31:49,982][dowhy.causal_identifier.auto_identifier][INFO] - Frontdoor variables for treatment and outcome:['X7', 'X6', 'X11']
[2026-04-24 05:31:49,984][dowhy.causal_identifier.auto_identifier][INFO] - Causal effect can be identified.
[2026-04-24 05:31:49,986][dowhy.causal_identifier.auto_identifier][INFO] - Causal effect can be identified.
[2026-04-24 05:31:49,987][dowhy.causal_model][INFO] - linear_regression
[2026-04-24 05:31:49,987][dowhy.causal_estimator][INFO] - INFO: Using Linear Regression Estimator
[2026-04-24 05:31:49,987][dowhy.causal_estimator][INFO] - b: X9~X0+X0*X3+X0*X2+X0*X1
[2026-04-24 05:31:49,995][dowhy.causal_model][INFO] - Model to find the causal effect of treatment ['X0'] on outcome ['X10']
[2026-04-24 05:31:49,997][dowhy.causal_identifier.auto_identifier][INFO] - Causal effect can be identified.
[2026-04-24 05:31:49,998][dowhy.causal_identifier.auto_identifier][INFO] - Instrumental variables for treatment and outcome:[]
[2026-04-24 05:31:50,001][dowhy.causal_identifier.auto_identifier][INFO] - Frontdoor variables for treatment and outcome:['X7', 'X6', 'X11', 'X8', 'X9', 'X12']
[2026-04-24 05:31:50,003][dowhy.causal_identifier.auto_identifier][INFO] - Causal effect can be identified.
[2026-04-24 05:31:50,005][dowhy.causal_identifier.auto_identifier][INFO] - Causal effect can be identified.
[2026-04-24 05:31:50,007][dowhy.causal_model][INFO] - linear_regression
[2026-04-24 05:31:50,007][dowhy.causal_estimator][INFO] - INFO: Using Linear Regression Estimator
[2026-04-24 05:31:50,007][dowhy.causal_estimator][INFO] - b: X10~X0+X0*X5+X0*X3+X0*X4+X0*X2+X0*X1
[2026-04-24 05:31:50,015][dowhy.causal_model][INFO] - Model to find the causal effect of treatment ['X0'] on outcome ['X11']
[2026-04-24 05:31:50,017][dowhy.causal_identifier.auto_identifier][INFO] - Causal effect can be identified.
[2026-04-24 05:31:50,017][dowhy.causal_identifier.auto_identifier][INFO] - Instrumental variables for treatment and outcome:[]
[2026-04-24 05:31:50,031][dowhy.causal_identifier.auto_identifier][INFO] - Frontdoor variables for treatment and outcome:[]
[2026-04-24 05:31:50,031][dowhy.causal_model][INFO] - linear_regression
[2026-04-24 05:31:50,031][dowhy.causal_estimator][INFO] - INFO: Using Linear Regression Estimator
[2026-04-24 05:31:50,031][dowhy.causal_estimator][INFO] - b: X11~X0+X0*X1
[2026-04-24 05:31:50,039][dowhy.causal_model][INFO] - Model to find the causal effect of treatment ['X0'] on outcome ['X12']
[2026-04-24 05:31:50,040][dowhy.causal_identifier.auto_identifier][INFO] - Causal effect can be identified.
[2026-04-24 05:31:50,041][dowhy.causal_identifier.auto_identifier][INFO] - Instrumental variables for treatment and outcome:[]
[2026-04-24 05:31:50,064][dowhy.causal_identifier.auto_identifier][INFO] - Frontdoor variables for treatment and outcome:['X7', 'X6', 'X11']
[2026-04-24 05:31:50,066][dowhy.causal_identifier.auto_identifier][INFO] - Causal effect can be identified.
[2026-04-24 05:31:50,068][dowhy.causal_identifier.auto_identifier][INFO] - Causal effect can be identified.
[2026-04-24 05:31:50,069][dowhy.causal_model][INFO] - linear_regression
[2026-04-24 05:31:50,069][dowhy.causal_estimator][INFO] - INFO: Using Linear Regression Estimator
[2026-04-24 05:31:50,069][dowhy.causal_estimator][INFO] - b: X12~X0+X0*X3+X0*X2+X0*X1
[2026-04-24 05:31:50,076][dowhy.causal_model][INFO] - Model to find the causal effect of treatment ['X0'] on outcome ['X13']
[2026-04-24 05:31:50,078][dowhy.causal_identifier.auto_identifier][INFO] - Causal effect can be identified.
[2026-04-24 05:31:50,079][dowhy.causal_identifier.auto_identifier][INFO] - Instrumental variables for treatment and outcome:[]
[2026-04-24 05:31:50,096][dowhy.causal_identifier.auto_identifier][INFO] - Frontdoor variables for treatment and outcome:['X7', 'X6', 'X11', 'X8', 'X9', 'X12']
[2026-04-24 05:31:50,098][dowhy.causal_identifier.auto_identifier][INFO] - Causal effect can be identified.
[2026-04-24 05:31:50,101][dowhy.causal_identifier.auto_identifier][INFO] - Causal effect can be identified.
[2026-04-24 05:31:50,102][dowhy.causal_model][INFO] - linear_regression
[2026-04-24 05:31:50,102][dowhy.causal_estimator][INFO] - INFO: Using Linear Regression Estimator
[2026-04-24 05:31:50,103][dowhy.causal_estimator][INFO] - b: X13~X0+X0*X5+X0*X3+X0*X4+X0*X2+X0*X1
[2026-04-24 05:31:50,154][dowhy.causal_model][INFO] - Model to find the causal effect of treatment ['X1'] on outcome ['X0']
[2026-04-24 05:31:50,154][dowhy.causal_identifier.auto_identifier][WARNING] - No directed path from treatment to outcome. Causal Effect is zero.
[2026-04-24 05:31:50,154][dowhy.causal_model][INFO] - linear_regression
[2026-04-24 05:31:50,154][dowhy.causal_estimator][INFO] - INFO: Using Linear Regression Estimator
[2026-04-24 05:31:50,154][dowhy.causal_estimator][WARNING] - No directed path from ['X1'] to ['X0'].
[2026-04-24 05:31:50,156][dowhy.causal_model][INFO] - Model to find the causal effect of treatment ['X1'] on outcome ['X2']
[2026-04-24 05:31:50,156][dowhy.causal_identifier.auto_identifier][WARNING] - No directed path from treatment to outcome. Causal Effect is zero.
[2026-04-24 05:31:50,156][dowhy.causal_model][INFO] - linear_regression
[2026-04-24 05:31:50,156][dowhy.causal_estimator][INFO] - INFO: Using Linear Regression Estimator
[2026-04-24 05:31:50,156][dowhy.causal_estimator][WARNING] - No directed path from ['X1'] to ['X2'].
[2026-04-24 05:31:50,158][dowhy.causal_model][INFO] - Model to find the causal effect of treatment ['X1'] on outcome ['X3']
[2026-04-24 05:31:50,158][dowhy.causal_identifier.auto_identifier][WARNING] - No directed path from treatment to outcome. Causal Effect is zero.
[2026-04-24 05:31:50,158][dowhy.causal_model][INFO] - linear_regression
[2026-04-24 05:31:50,158][dowhy.causal_estimator][INFO] - INFO: Using Linear Regression Estimator
[2026-04-24 05:31:50,158][dowhy.causal_estimator][WARNING] - No directed path from ['X1'] to ['X3'].
[2026-04-24 05:31:50,161][dowhy.causal_model][INFO] - Model to find the causal effect of treatment ['X1'] on outcome ['X4']
[2026-04-24 05:31:50,161][dowhy.causal_identifier.auto_identifier][WARNING] - No directed path from treatment to outcome. Causal Effect is zero.
[2026-04-24 05:31:50,161][dowhy.causal_model][INFO] - linear_regression
[2026-04-24 05:31:50,161][dowhy.causal_estimator][INFO] - INFO: Using Linear Regression Estimator
[2026-04-24 05:31:50,161][dowhy.causal_estimator][WARNING] - No directed path from ['X1'] to ['X4'].
[2026-04-24 05:31:50,163][dowhy.causal_model][INFO] - Model to find the causal effect of treatment ['X1'] on outcome ['X5']
[2026-04-24 05:31:50,163][dowhy.causal_identifier.auto_identifier][WARNING] - No directed path from treatment to outcome. Causal Effect is zero.
[2026-04-24 05:31:50,163][dowhy.causal_model][INFO] - linear_regression
[2026-04-24 05:31:50,163][dowhy.causal_estimator][INFO] - INFO: Using Linear Regression Estimator
[2026-04-24 05:31:50,163][dowhy.causal_estimator][WARNING] - No directed path from ['X1'] to ['X5'].
[2026-04-24 05:31:50,165][dowhy.causal_model][INFO] - Model to find the causal effect of treatment ['X1'] on outcome ['X6']
[2026-04-24 05:31:50,167][dowhy.causal_identifier.auto_identifier][INFO] - Causal effect can be identified.
[2026-04-24 05:31:50,167][dowhy.causal_identifier.auto_identifier][INFO] - Instrumental variables for treatment and outcome:[]
[2026-04-24 05:31:50,167][dowhy.causal_identifier.auto_identifier][INFO] - Frontdoor variables for treatment and outcome:[]
[2026-04-24 05:31:50,167][dowhy.causal_model][INFO] - linear_regression
[2026-04-24 05:31:50,168][dowhy.causal_estimator][INFO] - INFO: Using Linear Regression Estimator
[2026-04-24 05:31:50,168][dowhy.causal_estimator][INFO] - b: X6~X1+X1*X0
[2026-04-24 05:31:50,177][dowhy.causal_model][INFO] - Model to find the causal effect of treatment ['X1'] on outcome ['X7']
[2026-04-24 05:31:50,178][dowhy.causal_identifier.auto_identifier][INFO] - Causal effect can be identified.
[2026-04-24 05:31:50,179][dowhy.causal_identifier.auto_identifier][INFO] - Instrumental variables for treatment and outcome:[]
[2026-04-24 05:31:50,179][dowhy.causal_identifier.auto_identifier][INFO] - Frontdoor variables for treatment and outcome:[]
[2026-04-24 05:31:50,179][dowhy.causal_model][INFO] - linear_regression
[2026-04-24 05:31:50,180][dowhy.causal_estimator][INFO] - INFO: Using Linear Regression Estimator
[2026-04-24 05:31:50,180][dowhy.causal_estimator][INFO] - b: X7~X1+X1*X0
[2026-04-24 05:31:50,188][dowhy.causal_model][INFO] - Model to find the causal effect of treatment ['X1'] on outcome ['X8']
[2026-04-24 05:31:50,190][dowhy.causal_identifier.auto_identifier][INFO] - Causal effect can be identified.
[2026-04-24 05:31:50,191][dowhy.causal_identifier.auto_identifier][INFO] - Instrumental variables for treatment and outcome:[]
[2026-04-24 05:31:50,192][dowhy.causal_identifier.auto_identifier][INFO] - Frontdoor variables for treatment and outcome:['X7', 'X11', 'X6']
[2026-04-24 05:31:50,194][dowhy.causal_identifier.auto_identifier][INFO] - Causal effect can be identified.
[2026-04-24 05:31:50,196][dowhy.causal_identifier.auto_identifier][INFO] - Causal effect can be identified.
[2026-04-24 05:31:50,197][dowhy.causal_model][INFO] - linear_regression
[2026-04-24 05:31:50,197][dowhy.causal_estimator][INFO] - INFO: Using Linear Regression Estimator
[2026-04-24 05:31:50,197][dowhy.causal_estimator][INFO] - b: X8~X1+X1*X3+X1*X2+X1*X0
[2026-04-24 05:31:50,205][dowhy.causal_model][INFO] - Model to find the causal effect of treatment ['X1'] on outcome ['X9']
[2026-04-24 05:31:50,206][dowhy.causal_identifier.auto_identifier][INFO] - Causal effect can be identified.
[2026-04-24 05:31:50,207][dowhy.causal_identifier.auto_identifier][INFO] - Instrumental variables for treatment and outcome:[]
[2026-04-24 05:31:50,210][dowhy.causal_identifier.auto_identifier][INFO] - Frontdoor variables for treatment and outcome:['X7', 'X6', 'X11']
[2026-04-24 05:31:50,212][dowhy.causal_identifier.auto_identifier][INFO] - Causal effect can be identified.
[2026-04-24 05:31:50,215][dowhy.causal_identifier.auto_identifier][INFO] - Causal effect can be identified.
[2026-04-24 05:31:50,215][dowhy.causal_model][INFO] - linear_regression
[2026-04-24 05:31:50,215][dowhy.causal_estimator][INFO] - INFO: Using Linear Regression Estimator
[2026-04-24 05:31:50,216][dowhy.causal_estimator][INFO] - b: X9~X1+X1*X3+X1*X2+X1*X0
[2026-04-24 05:31:50,223][dowhy.causal_model][INFO] - Model to find the causal effect of treatment ['X1'] on outcome ['X10']
[2026-04-24 05:31:50,225][dowhy.causal_identifier.auto_identifier][INFO] - Causal effect can be identified.
[2026-04-24 05:31:50,226][dowhy.causal_identifier.auto_identifier][INFO] - Instrumental variables for treatment and outcome:[]
[2026-04-24 05:31:50,229][dowhy.causal_identifier.auto_identifier][INFO] - Frontdoor variables for treatment and outcome:['X7', 'X6', 'X11', 'X8', 'X9', 'X12']
[2026-04-24 05:31:50,231][dowhy.causal_identifier.auto_identifier][INFO] - Causal effect can be identified.
[2026-04-24 05:31:50,233][dowhy.causal_identifier.auto_identifier][INFO] - Causal effect can be identified.
[2026-04-24 05:31:50,235][dowhy.causal_model][INFO] - linear_regression
[2026-04-24 05:31:50,235][dowhy.causal_estimator][INFO] - INFO: Using Linear Regression Estimator
[2026-04-24 05:31:50,235][dowhy.causal_estimator][INFO] - b: X10~X1+X1*X5+X1*X3+X1*X4+X1*X2+X1*X0
[2026-04-24 05:31:50,243][dowhy.causal_model][INFO] - Model to find the causal effect of treatment ['X1'] on outcome ['X11']
[2026-04-24 05:31:50,245][dowhy.causal_identifier.auto_identifier][INFO] - Causal effect can be identified.
[2026-04-24 05:31:50,245][dowhy.causal_identifier.auto_identifier][INFO] - Instrumental variables for treatment and outcome:[]
[2026-04-24 05:31:50,259][dowhy.causal_identifier.auto_identifier][INFO] - Frontdoor variables for treatment and outcome:[]
[2026-04-24 05:31:50,259][dowhy.causal_model][INFO] - linear_regression
[2026-04-24 05:31:50,259][dowhy.causal_estimator][INFO] - INFO: Using Linear Regression Estimator
[2026-04-24 05:31:50,259][dowhy.causal_estimator][INFO] - b: X11~X1+X1*X0
[2026-04-24 05:31:50,267][dowhy.causal_model][INFO] - Model to find the causal effect of treatment ['X1'] on outcome ['X12']
[2026-04-24 05:31:50,268][dowhy.causal_identifier.auto_identifier][INFO] - Causal effect can be identified.
[2026-04-24 05:31:50,269][dowhy.causal_identifier.auto_identifier][INFO] - Instrumental variables for treatment and outcome:[]
[2026-04-24 05:31:50,293][dowhy.causal_identifier.auto_identifier][INFO] - Frontdoor variables for treatment and outcome:['X7', 'X6', 'X11']
[2026-04-24 05:31:50,295][dowhy.causal_identifier.auto_identifier][INFO] - Causal effect can be identified.
[2026-04-24 05:31:50,297][dowhy.causal_identifier.auto_identifier][INFO] - Causal effect can be identified.
[2026-04-24 05:31:50,298][dowhy.causal_model][INFO] - linear_regression
[2026-04-24 05:31:50,298][dowhy.causal_estimator][INFO] - INFO: Using Linear Regression Estimator
[2026-04-24 05:31:50,299][dowhy.causal_estimator][INFO] - b: X12~X1+X1*X3+X1*X2+X1*X0
[2026-04-24 05:31:50,307][dowhy.causal_model][INFO] - Model to find the causal effect of treatment ['X1'] on outcome ['X13']
[2026-04-24 05:31:50,309][dowhy.causal_identifier.auto_identifier][INFO] - Causal effect can be identified.
[2026-04-24 05:31:50,310][dowhy.causal_identifier.auto_identifier][INFO] - Instrumental variables for treatment and outcome:[]
[2026-04-24 05:31:50,326][dowhy.causal_identifier.auto_identifier][INFO] - Frontdoor variables for treatment and outcome:['X7', 'X6', 'X11', 'X8', 'X9', 'X12']
[2026-04-24 05:31:50,329][dowhy.causal_identifier.auto_identifier][INFO] - Causal effect can be identified.
[2026-04-24 05:31:50,331][dowhy.causal_identifier.auto_identifier][INFO] - Causal effect can be identified.
[2026-04-24 05:31:50,333][dowhy.causal_model][INFO] - linear_regression
[2026-04-24 05:31:50,333][dowhy.causal_estimator][INFO] - INFO: Using Linear Regression Estimator
[2026-04-24 05:31:50,333][dowhy.causal_estimator][INFO] - b: X13~X1+X1*X5+X1*X3+X1*X4+X1*X2+X1*X0
[2026-04-24 05:31:50,384][dowhy.causal_model][INFO] - Model to find the causal effect of treatment ['X2'] on outcome ['X0']
[2026-04-24 05:31:50,384][dowhy.causal_identifier.auto_identifier][WARNING] - No directed path from treatment to outcome. Causal Effect is zero.
[2026-04-24 05:31:50,384][dowhy.causal_model][INFO] - linear_regression
[2026-04-24 05:31:50,384][dowhy.causal_estimator][INFO] - INFO: Using Linear Regression Estimator
[2026-04-24 05:31:50,384][dowhy.causal_estimator][WARNING] - No directed path from ['X2'] to ['X0'].
[2026-04-24 05:31:50,386][dowhy.causal_model][INFO] - Model to find the causal effect of treatment ['X2'] on outcome ['X1']
[2026-04-24 05:31:50,386][dowhy.causal_identifier.auto_identifier][WARNING] - No directed path from treatment to outcome. Causal Effect is zero.
[2026-04-24 05:31:50,386][dowhy.causal_model][INFO] - linear_regression
[2026-04-24 05:31:50,386][dowhy.causal_estimator][INFO] - INFO: Using Linear Regression Estimator
[2026-04-24 05:31:50,386][dowhy.causal_estimator][WARNING] - No directed path from ['X2'] to ['X1'].
[2026-04-24 05:31:50,388][dowhy.causal_model][INFO] - Model to find the causal effect of treatment ['X2'] on outcome ['X3']
[2026-04-24 05:31:50,388][dowhy.causal_identifier.auto_identifier][WARNING] - No directed path from treatment to outcome. Causal Effect is zero.
[2026-04-24 05:31:50,388][dowhy.causal_model][INFO] - linear_regression
[2026-04-24 05:31:50,388][dowhy.causal_estimator][INFO] - INFO: Using Linear Regression Estimator
[2026-04-24 05:31:50,388][dowhy.causal_estimator][WARNING] - No directed path from ['X2'] to ['X3'].
[2026-04-24 05:31:50,390][dowhy.causal_model][INFO] - Model to find the causal effect of treatment ['X2'] on outcome ['X4']
[2026-04-24 05:31:50,390][dowhy.causal_identifier.auto_identifier][WARNING] - No directed path from treatment to outcome. Causal Effect is zero.
[2026-04-24 05:31:50,390][dowhy.causal_model][INFO] - linear_regression
[2026-04-24 05:31:50,390][dowhy.causal_estimator][INFO] - INFO: Using Linear Regression Estimator
[2026-04-24 05:31:50,390][dowhy.causal_estimator][WARNING] - No directed path from ['X2'] to ['X4'].
[2026-04-24 05:31:50,392][dowhy.causal_model][INFO] - Model to find the causal effect of treatment ['X2'] on outcome ['X5']
[2026-04-24 05:31:50,392][dowhy.causal_identifier.auto_identifier][WARNING] - No directed path from treatment to outcome. Causal Effect is zero.
[2026-04-24 05:31:50,392][dowhy.causal_model][INFO] - linear_regression
[2026-04-24 05:31:50,392][dowhy.causal_estimator][INFO] - INFO: Using Linear Regression Estimator
[2026-04-24 05:31:50,392][dowhy.causal_estimator][WARNING] - No directed path from ['X2'] to ['X5'].
[2026-04-24 05:31:50,394][dowhy.causal_model][INFO] - Model to find the causal effect of treatment ['X2'] on outcome ['X6']
[2026-04-24 05:31:50,394][dowhy.causal_identifier.auto_identifier][WARNING] - No directed path from treatment to outcome. Causal Effect is zero.
[2026-04-24 05:31:50,394][dowhy.causal_model][INFO] - linear_regression
[2026-04-24 05:31:50,394][dowhy.causal_estimator][INFO] - INFO: Using Linear Regression Estimator
[2026-04-24 05:31:50,394][dowhy.causal_estimator][WARNING] - No directed path from ['X2'] to ['X6'].
[2026-04-24 05:31:50,396][dowhy.causal_model][INFO] - Model to find the causal effect of treatment ['X2'] on outcome ['X7']
[2026-04-24 05:31:50,396][dowhy.causal_identifier.auto_identifier][WARNING] - No directed path from treatment to outcome. Causal Effect is zero.
[2026-04-24 05:31:50,396][dowhy.causal_model][INFO] - linear_regression
[2026-04-24 05:31:50,396][dowhy.causal_estimator][INFO] - INFO: Using Linear Regression Estimator
[2026-04-24 05:31:50,396][dowhy.causal_estimator][WARNING] - No directed path from ['X2'] to ['X7'].
[2026-04-24 05:31:50,398][dowhy.causal_model][INFO] - Model to find the causal effect of treatment ['X2'] on outcome ['X8']
[2026-04-24 05:31:50,400][dowhy.causal_identifier.auto_identifier][INFO] - Causal effect can be identified.
[2026-04-24 05:31:50,401][dowhy.causal_identifier.auto_identifier][INFO] - Instrumental variables for treatment and outcome:[]
[2026-04-24 05:31:50,401][dowhy.causal_identifier.auto_identifier][INFO] - Frontdoor variables for treatment and outcome:[]
[2026-04-24 05:31:50,401][dowhy.causal_model][INFO] - linear_regression
[2026-04-24 05:31:50,401][dowhy.causal_estimator][INFO] - INFO: Using Linear Regression Estimator
[2026-04-24 05:31:50,402][dowhy.causal_estimator][INFO] - b: X8~X2+X2*X7+X2*X3+X2*X6+X2*X1+X2*X0
[2026-04-24 05:31:50,410][dowhy.causal_model][INFO] - Model to find the causal effect of treatment ['X2'] on outcome ['X9']
[2026-04-24 05:31:50,413][dowhy.causal_identifier.auto_identifier][INFO] - Causal effect can be identified.
[2026-04-24 05:31:50,414][dowhy.causal_identifier.auto_identifier][INFO] - Instrumental variables for treatment and outcome:[]
[2026-04-24 05:31:50,414][dowhy.causal_identifier.auto_identifier][INFO] - Frontdoor variables for treatment and outcome:[]
[2026-04-24 05:31:50,414][dowhy.causal_model][INFO] - linear_regression
[2026-04-24 05:31:50,414][dowhy.causal_estimator][INFO] - INFO: Using Linear Regression Estimator
[2026-04-24 05:31:50,414][dowhy.causal_estimator][INFO] - b: X9~X2+X2*X7+X2*X3+X2*X6+X2*X1+X2*X0
[2026-04-24 05:31:50,422][dowhy.causal_model][INFO] - Model to find the causal effect of treatment ['X2'] on outcome ['X10']
[2026-04-24 05:31:50,425][dowhy.causal_identifier.auto_identifier][INFO] - Causal effect can be identified.
[2026-04-24 05:31:50,426][dowhy.causal_identifier.auto_identifier][INFO] - Instrumental variables for treatment and outcome:[]
[2026-04-24 05:31:50,428][dowhy.causal_identifier.auto_identifier][INFO] - Frontdoor variables for treatment and outcome:['X12', 'X8', 'X9']
[2026-04-24 05:31:50,431][dowhy.causal_identifier.auto_identifier][INFO] - Causal effect can be identified.
[2026-04-24 05:31:50,435][dowhy.causal_identifier.auto_identifier][INFO] - Causal effect can be identified.
[2026-04-24 05:31:50,436][dowhy.causal_model][INFO] - linear_regression
[2026-04-24 05:31:50,436][dowhy.causal_estimator][INFO] - INFO: Using Linear Regression Estimator
[2026-04-24 05:31:50,436][dowhy.causal_estimator][INFO] - b: X10~X2+X2*X7+X2*X5+X2*X6+X2*X3+X2*X4+X2*X1+X2*X0
[2026-04-24 05:31:50,444][dowhy.causal_model][INFO] - Model to find the causal effect of treatment ['X2'] on outcome ['X11']
[2026-04-24 05:31:50,444][dowhy.causal_identifier.auto_identifier][WARNING] - No directed path from treatment to outcome. Causal Effect is zero.
[2026-04-24 05:31:50,444][dowhy.causal_model][INFO] - linear_regression
[2026-04-24 05:31:50,444][dowhy.causal_estimator][INFO] - INFO: Using Linear Regression Estimator
[2026-04-24 05:31:50,445][dowhy.causal_estimator][WARNING] - No directed path from ['X2'] to ['X11'].
[2026-04-24 05:31:50,446][dowhy.causal_model][INFO] - Model to find the causal effect of treatment ['X2'] on outcome ['X12']
[2026-04-24 05:31:50,449][dowhy.causal_identifier.auto_identifier][INFO] - Causal effect can be identified.
[2026-04-24 05:31:50,450][dowhy.causal_identifier.auto_identifier][INFO] - Instrumental variables for treatment and outcome:[]
[2026-04-24 05:31:50,451][dowhy.causal_identifier.auto_identifier][INFO] - Frontdoor variables for treatment and outcome:[]
[2026-04-24 05:31:50,451][dowhy.causal_model][INFO] - linear_regression
[2026-04-24 05:31:50,451][dowhy.causal_estimator][INFO] - INFO: Using Linear Regression Estimator
[2026-04-24 05:31:50,452][dowhy.causal_estimator][INFO] - b: X12~X2+X2*X7+X2*X3+X2*X6+X2*X1+X2*X0
[2026-04-24 05:31:50,460][dowhy.causal_model][INFO] - Model to find the causal effect of treatment ['X2'] on outcome ['X13']
[2026-04-24 05:31:50,462][dowhy.causal_identifier.auto_identifier][INFO] - Causal effect can be identified.
[2026-04-24 05:31:50,463][dowhy.causal_identifier.auto_identifier][INFO] - Instrumental variables for treatment and outcome:[]
[2026-04-24 05:31:50,467][dowhy.causal_identifier.auto_identifier][INFO] - Frontdoor variables for treatment and outcome:['X8', 'X9', 'X12']
[2026-04-24 05:31:50,470][dowhy.causal_identifier.auto_identifier][INFO] - Causal effect can be identified.
[2026-04-24 05:31:50,473][dowhy.causal_identifier.auto_identifier][INFO] - Causal effect can be identified.
[2026-04-24 05:31:50,475][dowhy.causal_model][INFO] - linear_regression
[2026-04-24 05:31:50,475][dowhy.causal_estimator][INFO] - INFO: Using Linear Regression Estimator
[2026-04-24 05:31:50,475][dowhy.causal_estimator][INFO] - b: X13~X2+X2*X7+X2*X5+X2*X6+X2*X3+X2*X4+X2*X1+X2*X0
[2026-04-24 05:31:50,520][dowhy.causal_model][INFO] - Model to find the causal effect of treatment ['X3'] on outcome ['X0']
[2026-04-24 05:31:50,520][dowhy.causal_identifier.auto_identifier][WARNING] - No directed path from treatment to outcome. Causal Effect is zero.
[2026-04-24 05:31:50,520][dowhy.causal_model][INFO] - linear_regression
[2026-04-24 05:31:50,520][dowhy.causal_estimator][INFO] - INFO: Using Linear Regression Estimator
[2026-04-24 05:31:50,520][dowhy.causal_estimator][WARNING] - No directed path from ['X3'] to ['X0'].
[2026-04-24 05:31:50,522][dowhy.causal_model][INFO] - Model to find the causal effect of treatment ['X3'] on outcome ['X1']
[2026-04-24 05:31:50,522][dowhy.causal_identifier.auto_identifier][WARNING] - No directed path from treatment to outcome. Causal Effect is zero.
[2026-04-24 05:31:50,522][dowhy.causal_model][INFO] - linear_regression
[2026-04-24 05:31:50,522][dowhy.causal_estimator][INFO] - INFO: Using Linear Regression Estimator
[2026-04-24 05:31:50,522][dowhy.causal_estimator][WARNING] - No directed path from ['X3'] to ['X1'].
[2026-04-24 05:31:50,524][dowhy.causal_model][INFO] - Model to find the causal effect of treatment ['X3'] on outcome ['X2']
[2026-04-24 05:31:50,524][dowhy.causal_identifier.auto_identifier][WARNING] - No directed path from treatment to outcome. Causal Effect is zero.
[2026-04-24 05:31:50,524][dowhy.causal_model][INFO] - linear_regression
[2026-04-24 05:31:50,524][dowhy.causal_estimator][INFO] - INFO: Using Linear Regression Estimator
[2026-04-24 05:31:50,524][dowhy.causal_estimator][WARNING] - No directed path from ['X3'] to ['X2'].
[2026-04-24 05:31:50,526][dowhy.causal_model][INFO] - Model to find the causal effect of treatment ['X3'] on outcome ['X4']
[2026-04-24 05:31:50,526][dowhy.causal_identifier.auto_identifier][WARNING] - No directed path from treatment to outcome. Causal Effect is zero.
[2026-04-24 05:31:50,526][dowhy.causal_model][INFO] - linear_regression
[2026-04-24 05:31:50,526][dowhy.causal_estimator][INFO] - INFO: Using Linear Regression Estimator
[2026-04-24 05:31:50,526][dowhy.causal_estimator][WARNING] - No directed path from ['X3'] to ['X4'].
[2026-04-24 05:31:50,528][dowhy.causal_model][INFO] - Model to find the causal effect of treatment ['X3'] on outcome ['X5']
[2026-04-24 05:31:50,528][dowhy.causal_identifier.auto_identifier][WARNING] - No directed path from treatment to outcome. Causal Effect is zero.
[2026-04-24 05:31:50,528][dowhy.causal_model][INFO] - linear_regression
[2026-04-24 05:31:50,529][dowhy.causal_estimator][INFO] - INFO: Using Linear Regression Estimator
[2026-04-24 05:31:50,529][dowhy.causal_estimator][WARNING] - No directed path from ['X3'] to ['X5'].
[2026-04-24 05:31:50,531][dowhy.causal_model][INFO] - Model to find the causal effect of treatment ['X3'] on outcome ['X6']
[2026-04-24 05:31:50,531][dowhy.causal_identifier.auto_identifier][WARNING] - No directed path from treatment to outcome. Causal Effect is zero.
[2026-04-24 05:31:50,531][dowhy.causal_model][INFO] - linear_regression
[2026-04-24 05:31:50,531][dowhy.causal_estimator][INFO] - INFO: Using Linear Regression Estimator
[2026-04-24 05:31:50,531][dowhy.causal_estimator][WARNING] - No directed path from ['X3'] to ['X6'].
[2026-04-24 05:31:50,533][dowhy.causal_model][INFO] - Model to find the causal effect of treatment ['X3'] on outcome ['X7']
[2026-04-24 05:31:50,533][dowhy.causal_identifier.auto_identifier][WARNING] - No directed path from treatment to outcome. Causal Effect is zero.
[2026-04-24 05:31:50,533][dowhy.causal_model][INFO] - linear_regression
[2026-04-24 05:31:50,533][dowhy.causal_estimator][INFO] - INFO: Using Linear Regression Estimator
[2026-04-24 05:31:50,533][dowhy.causal_estimator][WARNING] - No directed path from ['X3'] to ['X7'].
[2026-04-24 05:31:50,535][dowhy.causal_model][INFO] - Model to find the causal effect of treatment ['X3'] on outcome ['X8']
[2026-04-24 05:31:50,538][dowhy.causal_identifier.auto_identifier][INFO] - Causal effect can be identified.
[2026-04-24 05:31:50,539][dowhy.causal_identifier.auto_identifier][INFO] - Instrumental variables for treatment and outcome:[]
[2026-04-24 05:31:50,539][dowhy.causal_identifier.auto_identifier][INFO] - Frontdoor variables for treatment and outcome:[]
[2026-04-24 05:31:50,539][dowhy.causal_model][INFO] - linear_regression
[2026-04-24 05:31:50,539][dowhy.causal_estimator][INFO] - INFO: Using Linear Regression Estimator
[2026-04-24 05:31:50,539][dowhy.causal_estimator][INFO] - b: X8~X3+X3*X7+X3*X6+X3*X2+X3*X1+X3*X0
[2026-04-24 05:31:50,549][dowhy.causal_model][INFO] - Model to find the causal effect of treatment ['X3'] on outcome ['X9']
[2026-04-24 05:31:50,551][dowhy.causal_identifier.auto_identifier][INFO] - Causal effect can be identified.
[2026-04-24 05:31:50,552][dowhy.causal_identifier.auto_identifier][INFO] - Instrumental variables for treatment and outcome:[]
[2026-04-24 05:31:50,553][dowhy.causal_identifier.auto_identifier][INFO] - Frontdoor variables for treatment and outcome:[]
[2026-04-24 05:31:50,553][dowhy.causal_model][INFO] - linear_regression
[2026-04-24 05:31:50,553][dowhy.causal_estimator][INFO] - INFO: Using Linear Regression Estimator
[2026-04-24 05:31:50,553][dowhy.causal_estimator][INFO] - b: X9~X3+X3*X7+X3*X6+X3*X2+X3*X1+X3*X0
[2026-04-24 05:31:50,562][dowhy.causal_model][INFO] - Model to find the causal effect of treatment ['X3'] on outcome ['X10']
[2026-04-24 05:31:50,565][dowhy.causal_identifier.auto_identifier][INFO] - Causal effect can be identified.
[2026-04-24 05:31:50,566][dowhy.causal_identifier.auto_identifier][INFO] - Instrumental variables for treatment and outcome:[]
[2026-04-24 05:31:50,568][dowhy.causal_identifier.auto_identifier][INFO] - Frontdoor variables for treatment and outcome:['X12', 'X8', 'X9']
[2026-04-24 05:31:50,571][dowhy.causal_identifier.auto_identifier][INFO] - Causal effect can be identified.
[2026-04-24 05:31:50,575][dowhy.causal_identifier.auto_identifier][INFO] - Causal effect can be identified.
[2026-04-24 05:31:50,576][dowhy.causal_model][INFO] - linear_regression
[2026-04-24 05:31:50,576][dowhy.causal_estimator][INFO] - INFO: Using Linear Regression Estimator
[2026-04-24 05:31:50,577][dowhy.causal_estimator][INFO] - b: X10~X3+X3*X7+X3*X5+X3*X6+X3*X4+X3*X2+X3*X1+X3*X0
[2026-04-24 05:31:50,586][dowhy.causal_model][INFO] - Model to find the causal effect of treatment ['X3'] on outcome ['X11']
[2026-04-24 05:31:50,586][dowhy.causal_identifier.auto_identifier][WARNING] - No directed path from treatment to outcome. Causal Effect is zero.
[2026-04-24 05:31:50,586][dowhy.causal_model][INFO] - linear_regression
[2026-04-24 05:31:50,586][dowhy.causal_estimator][INFO] - INFO: Using Linear Regression Estimator
[2026-04-24 05:31:50,586][dowhy.causal_estimator][WARNING] - No directed path from ['X3'] to ['X11'].
[2026-04-24 05:31:50,588][dowhy.causal_model][INFO] - Model to find the causal effect of treatment ['X3'] on outcome ['X12']
[2026-04-24 05:31:50,591][dowhy.causal_identifier.auto_identifier][INFO] - Causal effect can be identified.
[2026-04-24 05:31:50,592][dowhy.causal_identifier.auto_identifier][INFO] - Instrumental variables for treatment and outcome:[]
[2026-04-24 05:31:50,594][dowhy.causal_identifier.auto_identifier][INFO] - Frontdoor variables for treatment and outcome:[]
[2026-04-24 05:31:50,594][dowhy.causal_model][INFO] - linear_regression
[2026-04-24 05:31:50,594][dowhy.causal_estimator][INFO] - INFO: Using Linear Regression Estimator
[2026-04-24 05:31:50,594][dowhy.causal_estimator][INFO] - b: X12~X3+X3*X7+X3*X6+X3*X2+X3*X1+X3*X0
[2026-04-24 05:31:50,603][dowhy.causal_model][INFO] - Model to find the causal effect of treatment ['X3'] on outcome ['X13']
[2026-04-24 05:31:50,606][dowhy.causal_identifier.auto_identifier][INFO] - Causal effect can be identified.
[2026-04-24 05:31:50,607][dowhy.causal_identifier.auto_identifier][INFO] - Instrumental variables for treatment and outcome:[]
[2026-04-24 05:31:50,610][dowhy.causal_identifier.auto_identifier][INFO] - Frontdoor variables for treatment and outcome:['X8', 'X9', 'X12']
[2026-04-24 05:31:50,613][dowhy.causal_identifier.auto_identifier][INFO] - Causal effect can be identified.
[2026-04-24 05:31:50,617][dowhy.causal_identifier.auto_identifier][INFO] - Causal effect can be identified.
[2026-04-24 05:31:50,618][dowhy.causal_model][INFO] - linear_regression
[2026-04-24 05:31:50,618][dowhy.causal_estimator][INFO] - INFO: Using Linear Regression Estimator
[2026-04-24 05:31:50,619][dowhy.causal_estimator][INFO] - b: X13~X3+X3*X7+X3*X5+X3*X6+X3*X4+X3*X2+X3*X1+X3*X0
[2026-04-24 05:31:50,663][dowhy.causal_model][INFO] - Model to find the causal effect of treatment ['X4'] on outcome ['X0']
[2026-04-24 05:31:50,663][dowhy.causal_identifier.auto_identifier][WARNING] - No directed path from treatment to outcome. Causal Effect is zero.
[2026-04-24 05:31:50,663][dowhy.causal_model][INFO] - linear_regression
[2026-04-24 05:31:50,663][dowhy.causal_estimator][INFO] - INFO: Using Linear Regression Estimator
[2026-04-24 05:31:50,663][dowhy.causal_estimator][WARNING] - No directed path from ['X4'] to ['X0'].
[2026-04-24 05:31:50,665][dowhy.causal_model][INFO] - Model to find the causal effect of treatment ['X4'] on outcome ['X1']
[2026-04-24 05:31:50,665][dowhy.causal_identifier.auto_identifier][WARNING] - No directed path from treatment to outcome. Causal Effect is zero.
[2026-04-24 05:31:50,665][dowhy.causal_model][INFO] - linear_regression
[2026-04-24 05:31:50,665][dowhy.causal_estimator][INFO] - INFO: Using Linear Regression Estimator
[2026-04-24 05:31:50,665][dowhy.causal_estimator][WARNING] - No directed path from ['X4'] to ['X1'].
[2026-04-24 05:31:50,666][dowhy.causal_model][INFO] - Model to find the causal effect of treatment ['X4'] on outcome ['X2']
[2026-04-24 05:31:50,666][dowhy.causal_identifier.auto_identifier][WARNING] - No directed path from treatment to outcome. Causal Effect is zero.
[2026-04-24 05:31:50,667][dowhy.causal_model][INFO] - linear_regression
[2026-04-24 05:31:50,667][dowhy.causal_estimator][INFO] - INFO: Using Linear Regression Estimator
[2026-04-24 05:31:50,667][dowhy.causal_estimator][WARNING] - No directed path from ['X4'] to ['X2'].
[2026-04-24 05:31:50,668][dowhy.causal_model][INFO] - Model to find the causal effect of treatment ['X4'] on outcome ['X3']
[2026-04-24 05:31:50,668][dowhy.causal_identifier.auto_identifier][WARNING] - No directed path from treatment to outcome. Causal Effect is zero.
[2026-04-24 05:31:50,668][dowhy.causal_model][INFO] - linear_regression
[2026-04-24 05:31:50,668][dowhy.causal_estimator][INFO] - INFO: Using Linear Regression Estimator
[2026-04-24 05:31:50,668][dowhy.causal_estimator][WARNING] - No directed path from ['X4'] to ['X3'].
[2026-04-24 05:31:50,670][dowhy.causal_model][INFO] - Model to find the causal effect of treatment ['X4'] on outcome ['X5']
[2026-04-24 05:31:50,670][dowhy.causal_identifier.auto_identifier][WARNING] - No directed path from treatment to outcome. Causal Effect is zero.
[2026-04-24 05:31:50,670][dowhy.causal_model][INFO] - linear_regression
[2026-04-24 05:31:50,670][dowhy.causal_estimator][INFO] - INFO: Using Linear Regression Estimator
[2026-04-24 05:31:50,670][dowhy.causal_estimator][WARNING] - No directed path from ['X4'] to ['X5'].
[2026-04-24 05:31:50,672][dowhy.causal_model][INFO] - Model to find the causal effect of treatment ['X4'] on outcome ['X6']
[2026-04-24 05:31:50,672][dowhy.causal_identifier.auto_identifier][WARNING] - No directed path from treatment to outcome. Causal Effect is zero.
[2026-04-24 05:31:50,672][dowhy.causal_model][INFO] - linear_regression
[2026-04-24 05:31:50,672][dowhy.causal_estimator][INFO] - INFO: Using Linear Regression Estimator
[2026-04-24 05:31:50,672][dowhy.causal_estimator][WARNING] - No directed path from ['X4'] to ['X6'].
[2026-04-24 05:31:50,674][dowhy.causal_model][INFO] - Model to find the causal effect of treatment ['X4'] on outcome ['X7']
[2026-04-24 05:31:50,674][dowhy.causal_identifier.auto_identifier][WARNING] - No directed path from treatment to outcome. Causal Effect is zero.
[2026-04-24 05:31:50,674][dowhy.causal_model][INFO] - linear_regression
[2026-04-24 05:31:50,674][dowhy.causal_estimator][INFO] - INFO: Using Linear Regression Estimator
[2026-04-24 05:31:50,674][dowhy.causal_estimator][WARNING] - No directed path from ['X4'] to ['X7'].
[2026-04-24 05:31:50,676][dowhy.causal_model][INFO] - Model to find the causal effect of treatment ['X4'] on outcome ['X8']
[2026-04-24 05:31:50,676][dowhy.causal_identifier.auto_identifier][WARNING] - No directed path from treatment to outcome. Causal Effect is zero.
[2026-04-24 05:31:50,676][dowhy.causal_model][INFO] - linear_regression
[2026-04-24 05:31:50,676][dowhy.causal_estimator][INFO] - INFO: Using Linear Regression Estimator
[2026-04-24 05:31:50,676][dowhy.causal_estimator][WARNING] - No directed path from ['X4'] to ['X8'].
[2026-04-24 05:31:50,678][dowhy.causal_model][INFO] - Model to find the causal effect of treatment ['X4'] on outcome ['X9']
[2026-04-24 05:31:50,678][dowhy.causal_identifier.auto_identifier][WARNING] - No directed path from treatment to outcome. Causal Effect is zero.
[2026-04-24 05:31:50,678][dowhy.causal_model][INFO] - linear_regression
[2026-04-24 05:31:50,678][dowhy.causal_estimator][INFO] - INFO: Using Linear Regression Estimator
[2026-04-24 05:31:50,678][dowhy.causal_estimator][WARNING] - No directed path from ['X4'] to ['X9'].
[2026-04-24 05:31:50,680][dowhy.causal_model][INFO] - Model to find the causal effect of treatment ['X4'] on outcome ['X10']
[2026-04-24 05:31:50,683][dowhy.causal_identifier.auto_identifier][INFO] - Causal effect can be identified.
[2026-04-24 05:31:50,685][dowhy.causal_identifier.auto_identifier][INFO] - Instrumental variables for treatment and outcome:[]
[2026-04-24 05:31:50,685][dowhy.causal_identifier.auto_identifier][INFO] - Frontdoor variables for treatment and outcome:[]
[2026-04-24 05:31:50,685][dowhy.causal_model][INFO] - linear_regression
[2026-04-24 05:31:50,685][dowhy.causal_estimator][INFO] - INFO: Using Linear Regression Estimator
[2026-04-24 05:31:50,685][dowhy.causal_estimator][INFO] - b: X10~X4+X4*X7+X4*X5+X4*X6+X4*X1+X4*X8+X4*X9+X4*X3+X4*X2+X4*X0
[2026-04-24 05:31:50,694][dowhy.causal_model][INFO] - Model to find the causal effect of treatment ['X4'] on outcome ['X11']
[2026-04-24 05:31:50,694][dowhy.causal_identifier.auto_identifier][WARNING] - No directed path from treatment to outcome. Causal Effect is zero.
[2026-04-24 05:31:50,694][dowhy.causal_model][INFO] - linear_regression
[2026-04-24 05:31:50,694][dowhy.causal_estimator][INFO] - INFO: Using Linear Regression Estimator
[2026-04-24 05:31:50,694][dowhy.causal_estimator][WARNING] - No directed path from ['X4'] to ['X11'].
[2026-04-24 05:31:50,696][dowhy.causal_model][INFO] - Model to find the causal effect of treatment ['X4'] on outcome ['X12']
[2026-04-24 05:31:50,696][dowhy.causal_identifier.auto_identifier][WARNING] - No directed path from treatment to outcome. Causal Effect is zero.
[2026-04-24 05:31:50,696][dowhy.causal_model][INFO] - linear_regression
[2026-04-24 05:31:50,696][dowhy.causal_estimator][INFO] - INFO: Using Linear Regression Estimator
[2026-04-24 05:31:50,696][dowhy.causal_estimator][WARNING] - No directed path from ['X4'] to ['X12'].
[2026-04-24 05:31:50,698][dowhy.causal_model][INFO] - Model to find the causal effect of treatment ['X4'] on outcome ['X13']
[2026-04-24 05:31:50,701][dowhy.causal_identifier.auto_identifier][INFO] - Causal effect can be identified.
[2026-04-24 05:31:50,703][dowhy.causal_identifier.auto_identifier][INFO] - Instrumental variables for treatment and outcome:[]
[2026-04-24 05:31:50,703][dowhy.causal_identifier.auto_identifier][INFO] - Frontdoor variables for treatment and outcome:[]
[2026-04-24 05:31:50,703][dowhy.causal_model][INFO] - linear_regression
[2026-04-24 05:31:50,703][dowhy.causal_estimator][INFO] - INFO: Using Linear Regression Estimator
[2026-04-24 05:31:50,703][dowhy.causal_estimator][INFO] - b: X13~X4+X4*X7+X4*X5+X4*X6+X4*X1+X4*X8+X4*X9+X4*X3+X4*X2+X4*X0
[2026-04-24 05:31:50,747][dowhy.causal_model][INFO] - Model to find the causal effect of treatment ['X5'] on outcome ['X0']
[2026-04-24 05:31:50,747][dowhy.causal_identifier.auto_identifier][WARNING] - No directed path from treatment to outcome. Causal Effect is zero.
[2026-04-24 05:31:50,747][dowhy.causal_model][INFO] - linear_regression
[2026-04-24 05:31:50,747][dowhy.causal_estimator][INFO] - INFO: Using Linear Regression Estimator
[2026-04-24 05:31:50,747][dowhy.causal_estimator][WARNING] - No directed path from ['X5'] to ['X0'].
[2026-04-24 05:31:50,749][dowhy.causal_model][INFO] - Model to find the causal effect of treatment ['X5'] on outcome ['X1']
[2026-04-24 05:31:50,749][dowhy.causal_identifier.auto_identifier][WARNING] - No directed path from treatment to outcome. Causal Effect is zero.
[2026-04-24 05:31:50,749][dowhy.causal_model][INFO] - linear_regression
[2026-04-24 05:31:50,749][dowhy.causal_estimator][INFO] - INFO: Using Linear Regression Estimator
[2026-04-24 05:31:50,749][dowhy.causal_estimator][WARNING] - No directed path from ['X5'] to ['X1'].
[2026-04-24 05:31:50,751][dowhy.causal_model][INFO] - Model to find the causal effect of treatment ['X5'] on outcome ['X2']
[2026-04-24 05:31:50,751][dowhy.causal_identifier.auto_identifier][WARNING] - No directed path from treatment to outcome. Causal Effect is zero.
[2026-04-24 05:31:50,751][dowhy.causal_model][INFO] - linear_regression
[2026-04-24 05:31:50,751][dowhy.causal_estimator][INFO] - INFO: Using Linear Regression Estimator
[2026-04-24 05:31:50,751][dowhy.causal_estimator][WARNING] - No directed path from ['X5'] to ['X2'].
[2026-04-24 05:31:50,753][dowhy.causal_model][INFO] - Model to find the causal effect of treatment ['X5'] on outcome ['X3']
[2026-04-24 05:31:50,753][dowhy.causal_identifier.auto_identifier][WARNING] - No directed path from treatment to outcome. Causal Effect is zero.
[2026-04-24 05:31:50,753][dowhy.causal_model][INFO] - linear_regression
[2026-04-24 05:31:50,753][dowhy.causal_estimator][INFO] - INFO: Using Linear Regression Estimator
[2026-04-24 05:31:50,753][dowhy.causal_estimator][WARNING] - No directed path from ['X5'] to ['X3'].
[2026-04-24 05:31:50,755][dowhy.causal_model][INFO] - Model to find the causal effect of treatment ['X5'] on outcome ['X4']
[2026-04-24 05:31:50,755][dowhy.causal_identifier.auto_identifier][WARNING] - No directed path from treatment to outcome. Causal Effect is zero.
[2026-04-24 05:31:50,755][dowhy.causal_model][INFO] - linear_regression
[2026-04-24 05:31:50,755][dowhy.causal_estimator][INFO] - INFO: Using Linear Regression Estimator
[2026-04-24 05:31:50,755][dowhy.causal_estimator][WARNING] - No directed path from ['X5'] to ['X4'].
[2026-04-24 05:31:50,757][dowhy.causal_model][INFO] - Model to find the causal effect of treatment ['X5'] on outcome ['X6']
[2026-04-24 05:31:50,757][dowhy.causal_identifier.auto_identifier][WARNING] - No directed path from treatment to outcome. Causal Effect is zero.
[2026-04-24 05:31:50,757][dowhy.causal_model][INFO] - linear_regression
[2026-04-24 05:31:50,758][dowhy.causal_estimator][INFO] - INFO: Using Linear Regression Estimator
[2026-04-24 05:31:50,758][dowhy.causal_estimator][WARNING] - No directed path from ['X5'] to ['X6'].
[2026-04-24 05:31:50,760][dowhy.causal_model][INFO] - Model to find the causal effect of treatment ['X5'] on outcome ['X7']
[2026-04-24 05:31:50,760][dowhy.causal_identifier.auto_identifier][WARNING] - No directed path from treatment to outcome. Causal Effect is zero.
[2026-04-24 05:31:50,760][dowhy.causal_model][INFO] - linear_regression
[2026-04-24 05:31:50,760][dowhy.causal_estimator][INFO] - INFO: Using Linear Regression Estimator
[2026-04-24 05:31:50,760][dowhy.causal_estimator][WARNING] - No directed path from ['X5'] to ['X7'].
[2026-04-24 05:31:50,762][dowhy.causal_model][INFO] - Model to find the causal effect of treatment ['X5'] on outcome ['X8']
[2026-04-24 05:31:50,762][dowhy.causal_identifier.auto_identifier][WARNING] - No directed path from treatment to outcome. Causal Effect is zero.
[2026-04-24 05:31:50,762][dowhy.causal_model][INFO] - linear_regression
[2026-04-24 05:31:50,762][dowhy.causal_estimator][INFO] - INFO: Using Linear Regression Estimator
[2026-04-24 05:31:50,762][dowhy.causal_estimator][WARNING] - No directed path from ['X5'] to ['X8'].
[2026-04-24 05:31:50,764][dowhy.causal_model][INFO] - Model to find the causal effect of treatment ['X5'] on outcome ['X9']
[2026-04-24 05:31:50,764][dowhy.causal_identifier.auto_identifier][WARNING] - No directed path from treatment to outcome. Causal Effect is zero.
[2026-04-24 05:31:50,764][dowhy.causal_model][INFO] - linear_regression
[2026-04-24 05:31:50,764][dowhy.causal_estimator][INFO] - INFO: Using Linear Regression Estimator
[2026-04-24 05:31:50,764][dowhy.causal_estimator][WARNING] - No directed path from ['X5'] to ['X9'].
[2026-04-24 05:31:50,766][dowhy.causal_model][INFO] - Model to find the causal effect of treatment ['X5'] on outcome ['X10']
[2026-04-24 05:31:50,770][dowhy.causal_identifier.auto_identifier][INFO] - Causal effect can be identified.
[2026-04-24 05:31:50,772][dowhy.causal_identifier.auto_identifier][INFO] - Instrumental variables for treatment and outcome:[]
[2026-04-24 05:31:50,772][dowhy.causal_identifier.auto_identifier][INFO] - Frontdoor variables for treatment and outcome:[]
[2026-04-24 05:31:50,772][dowhy.causal_model][INFO] - linear_regression
[2026-04-24 05:31:50,772][dowhy.causal_estimator][INFO] - INFO: Using Linear Regression Estimator
[2026-04-24 05:31:50,772][dowhy.causal_estimator][INFO] - b: X10~X5+X5*X7+X5*X4+X5*X6+X5*X1+X5*X8+X5*X9+X5*X3+X5*X2+X5*X0
[2026-04-24 05:31:50,782][dowhy.causal_model][INFO] - Model to find the causal effect of treatment ['X5'] on outcome ['X11']
[2026-04-24 05:31:50,782][dowhy.causal_identifier.auto_identifier][WARNING] - No directed path from treatment to outcome. Causal Effect is zero.
[2026-04-24 05:31:50,782][dowhy.causal_model][INFO] - linear_regression
[2026-04-24 05:31:50,783][dowhy.causal_estimator][INFO] - INFO: Using Linear Regression Estimator
[2026-04-24 05:31:50,783][dowhy.causal_estimator][WARNING] - No directed path from ['X5'] to ['X11'].
[2026-04-24 05:31:50,784][dowhy.causal_model][INFO] - Model to find the causal effect of treatment ['X5'] on outcome ['X12']
[2026-04-24 05:31:50,785][dowhy.causal_identifier.auto_identifier][WARNING] - No directed path from treatment to outcome. Causal Effect is zero.
[2026-04-24 05:31:50,785][dowhy.causal_model][INFO] - linear_regression
[2026-04-24 05:31:50,785][dowhy.causal_estimator][INFO] - INFO: Using Linear Regression Estimator
[2026-04-24 05:31:50,785][dowhy.causal_estimator][WARNING] - No directed path from ['X5'] to ['X12'].
[2026-04-24 05:31:50,787][dowhy.causal_model][INFO] - Model to find the causal effect of treatment ['X5'] on outcome ['X13']
[2026-04-24 05:31:50,790][dowhy.causal_identifier.auto_identifier][INFO] - Causal effect can be identified.
[2026-04-24 05:31:50,792][dowhy.causal_identifier.auto_identifier][INFO] - Instrumental variables for treatment and outcome:[]
[2026-04-24 05:31:50,792][dowhy.causal_identifier.auto_identifier][INFO] - Frontdoor variables for treatment and outcome:[]
[2026-04-24 05:31:50,792][dowhy.causal_model][INFO] - linear_regression
[2026-04-24 05:31:50,792][dowhy.causal_estimator][INFO] - INFO: Using Linear Regression Estimator
[2026-04-24 05:31:50,793][dowhy.causal_estimator][INFO] - b: X13~X5+X5*X7+X5*X4+X5*X6+X5*X1+X5*X8+X5*X9+X5*X3+X5*X2+X5*X0
[2026-04-24 05:31:50,843][dowhy.causal_model][INFO] - Model to find the causal effect of treatment ['X6'] on outcome ['X0']
[2026-04-24 05:31:50,844][dowhy.causal_identifier.auto_identifier][WARNING] - No directed path from treatment to outcome. Causal Effect is zero.
[2026-04-24 05:31:50,844][dowhy.causal_model][INFO] - linear_regression
[2026-04-24 05:31:50,844][dowhy.causal_estimator][INFO] - INFO: Using Linear Regression Estimator
[2026-04-24 05:31:50,844][dowhy.causal_estimator][WARNING] - No directed path from ['X6'] to ['X0'].
[2026-04-24 05:31:50,846][dowhy.causal_model][INFO] - Model to find the causal effect of treatment ['X6'] on outcome ['X1']
[2026-04-24 05:31:50,846][dowhy.causal_identifier.auto_identifier][WARNING] - No directed path from treatment to outcome. Causal Effect is zero.
[2026-04-24 05:31:50,846][dowhy.causal_model][INFO] - linear_regression
[2026-04-24 05:31:50,846][dowhy.causal_estimator][INFO] - INFO: Using Linear Regression Estimator
[2026-04-24 05:31:50,846][dowhy.causal_estimator][WARNING] - No directed path from ['X6'] to ['X1'].
[2026-04-24 05:31:50,848][dowhy.causal_model][INFO] - Model to find the causal effect of treatment ['X6'] on outcome ['X2']
[2026-04-24 05:31:50,848][dowhy.causal_identifier.auto_identifier][WARNING] - No directed path from treatment to outcome. Causal Effect is zero.
[2026-04-24 05:31:50,848][dowhy.causal_model][INFO] - linear_regression
[2026-04-24 05:31:50,848][dowhy.causal_estimator][INFO] - INFO: Using Linear Regression Estimator
[2026-04-24 05:31:50,848][dowhy.causal_estimator][WARNING] - No directed path from ['X6'] to ['X2'].
[2026-04-24 05:31:50,850][dowhy.causal_model][INFO] - Model to find the causal effect of treatment ['X6'] on outcome ['X3']
[2026-04-24 05:31:50,850][dowhy.causal_identifier.auto_identifier][WARNING] - No directed path from treatment to outcome. Causal Effect is zero.
[2026-04-24 05:31:50,850][dowhy.causal_model][INFO] - linear_regression
[2026-04-24 05:31:50,850][dowhy.causal_estimator][INFO] - INFO: Using Linear Regression Estimator
[2026-04-24 05:31:50,850][dowhy.causal_estimator][WARNING] - No directed path from ['X6'] to ['X3'].
[2026-04-24 05:31:50,851][dowhy.causal_model][INFO] - Model to find the causal effect of treatment ['X6'] on outcome ['X4']
[2026-04-24 05:31:50,852][dowhy.causal_identifier.auto_identifier][WARNING] - No directed path from treatment to outcome. Causal Effect is zero.
[2026-04-24 05:31:50,852][dowhy.causal_model][INFO] - linear_regression
[2026-04-24 05:31:50,852][dowhy.causal_estimator][INFO] - INFO: Using Linear Regression Estimator
[2026-04-24 05:31:50,852][dowhy.causal_estimator][WARNING] - No directed path from ['X6'] to ['X4'].
[2026-04-24 05:31:50,853][dowhy.causal_model][INFO] - Model to find the causal effect of treatment ['X6'] on outcome ['X5']
[2026-04-24 05:31:50,853][dowhy.causal_identifier.auto_identifier][WARNING] - No directed path from treatment to outcome. Causal Effect is zero.
[2026-04-24 05:31:50,854][dowhy.causal_model][INFO] - linear_regression
[2026-04-24 05:31:50,854][dowhy.causal_estimator][INFO] - INFO: Using Linear Regression Estimator
[2026-04-24 05:31:50,854][dowhy.causal_estimator][WARNING] - No directed path from ['X6'] to ['X5'].
[2026-04-24 05:31:50,855][dowhy.causal_model][INFO] - Model to find the causal effect of treatment ['X6'] on outcome ['X7']
[2026-04-24 05:31:50,857][dowhy.causal_identifier.auto_identifier][INFO] - Causal effect can be identified.
[2026-04-24 05:31:50,858][dowhy.causal_identifier.auto_identifier][INFO] - Instrumental variables for treatment and outcome:['X0']
[2026-04-24 05:31:50,858][dowhy.causal_identifier.auto_identifier][INFO] - Frontdoor variables for treatment and outcome:[]
[2026-04-24 05:31:50,858][dowhy.causal_model][INFO] - linear_regression
[2026-04-24 05:31:50,858][dowhy.causal_estimator][INFO] - INFO: Using Linear Regression Estimator
[2026-04-24 05:31:50,859][dowhy.causal_estimator][INFO] - b: X7~X6+X1
[2026-04-24 05:31:50,867][dowhy.causal_model][INFO] - Model to find the causal effect of treatment ['X6'] on outcome ['X8']
[2026-04-24 05:31:50,869][dowhy.causal_identifier.auto_identifier][INFO] - Causal effect can be identified.
[2026-04-24 05:31:50,869][dowhy.causal_identifier.auto_identifier][INFO] - Instrumental variables for treatment and outcome:['X0']
[2026-04-24 05:31:50,870][dowhy.causal_identifier.auto_identifier][INFO] - Frontdoor variables for treatment and outcome:[]
[2026-04-24 05:31:50,870][dowhy.causal_model][INFO] - linear_regression
[2026-04-24 05:31:50,870][dowhy.causal_estimator][INFO] - INFO: Using Linear Regression Estimator
[2026-04-24 05:31:50,871][dowhy.causal_estimator][INFO] - b: X8~X6+X1+X6*X2+X6*X3
[2026-04-24 05:31:50,879][dowhy.causal_model][INFO] - Model to find the causal effect of treatment ['X6'] on outcome ['X9']
[2026-04-24 05:31:50,881][dowhy.causal_identifier.auto_identifier][INFO] - Causal effect can be identified.
[2026-04-24 05:31:50,882][dowhy.causal_identifier.auto_identifier][INFO] - Instrumental variables for treatment and outcome:['X0']
[2026-04-24 05:31:50,885][dowhy.causal_identifier.auto_identifier][INFO] - Frontdoor variables for treatment and outcome:[]
[2026-04-24 05:31:50,885][dowhy.causal_model][INFO] - linear_regression
[2026-04-24 05:31:50,885][dowhy.causal_estimator][INFO] - INFO: Using Linear Regression Estimator
[2026-04-24 05:31:50,885][dowhy.causal_estimator][INFO] - b: X9~X6+X1+X6*X3+X6*X2
[2026-04-24 05:31:50,894][dowhy.causal_model][INFO] - Model to find the causal effect of treatment ['X6'] on outcome ['X10']
[2026-04-24 05:31:50,896][dowhy.causal_identifier.auto_identifier][INFO] - Causal effect can be identified.
[2026-04-24 05:31:50,896][dowhy.causal_identifier.auto_identifier][INFO] - Instrumental variables for treatment and outcome:['X0']
[2026-04-24 05:31:50,903][dowhy.causal_identifier.auto_identifier][INFO] - Frontdoor variables for treatment and outcome:[]
[2026-04-24 05:31:50,903][dowhy.causal_model][INFO] - linear_regression
[2026-04-24 05:31:50,903][dowhy.causal_estimator][INFO] - INFO: Using Linear Regression Estimator
[2026-04-24 05:31:50,904][dowhy.causal_estimator][INFO] - b: X10~X6+X1+X6*X3+X6*X4+X6*X5+X6*X2
[2026-04-24 05:31:50,913][dowhy.causal_model][INFO] - Model to find the causal effect of treatment ['X6'] on outcome ['X11']
[2026-04-24 05:31:50,915][dowhy.causal_identifier.auto_identifier][INFO] - Causal effect can be identified.
[2026-04-24 05:31:50,915][dowhy.causal_identifier.auto_identifier][INFO] - Instrumental variables for treatment and outcome:['X1']
[2026-04-24 05:31:50,922][dowhy.causal_identifier.auto_identifier][INFO] - Frontdoor variables for treatment and outcome:[]
[2026-04-24 05:31:50,922][dowhy.causal_model][INFO] - linear_regression
[2026-04-24 05:31:50,922][dowhy.causal_estimator][INFO] - INFO: Using Linear Regression Estimator
[2026-04-24 05:31:50,922][dowhy.causal_estimator][INFO] - b: X11~X6+X0
[2026-04-24 05:31:50,930][dowhy.causal_model][INFO] - Model to find the causal effect of treatment ['X6'] on outcome ['X12']
[2026-04-24 05:31:50,932][dowhy.causal_identifier.auto_identifier][INFO] - Causal effect can be identified.
[2026-04-24 05:31:50,932][dowhy.causal_identifier.auto_identifier][INFO] - Instrumental variables for treatment and outcome:['X0']
[2026-04-24 05:31:50,944][dowhy.causal_identifier.auto_identifier][INFO] - Frontdoor variables for treatment and outcome:[]
[2026-04-24 05:31:50,944][dowhy.causal_model][INFO] - linear_regression
[2026-04-24 05:31:50,944][dowhy.causal_estimator][INFO] - INFO: Using Linear Regression Estimator
[2026-04-24 05:31:50,944][dowhy.causal_estimator][INFO] - b: X12~X6+X1+X6*X3+X6*X2
[2026-04-24 05:31:50,953][dowhy.causal_model][INFO] - Model to find the causal effect of treatment ['X6'] on outcome ['X13']
[2026-04-24 05:31:50,955][dowhy.causal_identifier.auto_identifier][INFO] - Causal effect can be identified.
[2026-04-24 05:31:50,955][dowhy.causal_identifier.auto_identifier][INFO] - Instrumental variables for treatment and outcome:['X0']
[2026-04-24 05:31:50,970][dowhy.causal_identifier.auto_identifier][INFO] - Frontdoor variables for treatment and outcome:[]
[2026-04-24 05:31:50,971][dowhy.causal_model][INFO] - linear_regression
[2026-04-24 05:31:50,971][dowhy.causal_estimator][INFO] - INFO: Using Linear Regression Estimator
[2026-04-24 05:31:50,971][dowhy.causal_estimator][INFO] - b: X13~X6+X1+X6*X4+X6*X2+X6*X5+X6*X3
[2026-04-24 05:31:51,022][dowhy.causal_model][INFO] - Model to find the causal effect of treatment ['X7'] on outcome ['X0']
[2026-04-24 05:31:51,022][dowhy.causal_identifier.auto_identifier][WARNING] - No directed path from treatment to outcome. Causal Effect is zero.
[2026-04-24 05:31:51,022][dowhy.causal_model][INFO] - linear_regression
[2026-04-24 05:31:51,022][dowhy.causal_estimator][INFO] - INFO: Using Linear Regression Estimator
[2026-04-24 05:31:51,022][dowhy.causal_estimator][WARNING] - No directed path from ['X7'] to ['X0'].
[2026-04-24 05:31:51,024][dowhy.causal_model][INFO] - Model to find the causal effect of treatment ['X7'] on outcome ['X1']
[2026-04-24 05:31:51,024][dowhy.causal_identifier.auto_identifier][WARNING] - No directed path from treatment to outcome. Causal Effect is zero.
[2026-04-24 05:31:51,024][dowhy.causal_model][INFO] - linear_regression
[2026-04-24 05:31:51,024][dowhy.causal_estimator][INFO] - INFO: Using Linear Regression Estimator
[2026-04-24 05:31:51,024][dowhy.causal_estimator][WARNING] - No directed path from ['X7'] to ['X1'].
[2026-04-24 05:31:51,026][dowhy.causal_model][INFO] - Model to find the causal effect of treatment ['X7'] on outcome ['X2']
[2026-04-24 05:31:51,026][dowhy.causal_identifier.auto_identifier][WARNING] - No directed path from treatment to outcome. Causal Effect is zero.
[2026-04-24 05:31:51,026][dowhy.causal_model][INFO] - linear_regression
[2026-04-24 05:31:51,027][dowhy.causal_estimator][INFO] - INFO: Using Linear Regression Estimator
[2026-04-24 05:31:51,027][dowhy.causal_estimator][WARNING] - No directed path from ['X7'] to ['X2'].
[2026-04-24 05:31:51,028][dowhy.causal_model][INFO] - Model to find the causal effect of treatment ['X7'] on outcome ['X3']
[2026-04-24 05:31:51,029][dowhy.causal_identifier.auto_identifier][WARNING] - No directed path from treatment to outcome. Causal Effect is zero.
[2026-04-24 05:31:51,029][dowhy.causal_model][INFO] - linear_regression
[2026-04-24 05:31:51,029][dowhy.causal_estimator][INFO] - INFO: Using Linear Regression Estimator
[2026-04-24 05:31:51,029][dowhy.causal_estimator][WARNING] - No directed path from ['X7'] to ['X3'].
[2026-04-24 05:31:51,030][dowhy.causal_model][INFO] - Model to find the causal effect of treatment ['X7'] on outcome ['X4']
[2026-04-24 05:31:51,030][dowhy.causal_identifier.auto_identifier][WARNING] - No directed path from treatment to outcome. Causal Effect is zero.
[2026-04-24 05:31:51,031][dowhy.causal_model][INFO] - linear_regression
[2026-04-24 05:31:51,031][dowhy.causal_estimator][INFO] - INFO: Using Linear Regression Estimator
[2026-04-24 05:31:51,031][dowhy.causal_estimator][WARNING] - No directed path from ['X7'] to ['X4'].
[2026-04-24 05:31:51,032][dowhy.causal_model][INFO] - Model to find the causal effect of treatment ['X7'] on outcome ['X5']
[2026-04-24 05:31:51,033][dowhy.causal_identifier.auto_identifier][WARNING] - No directed path from treatment to outcome. Causal Effect is zero.
[2026-04-24 05:31:51,033][dowhy.causal_model][INFO] - linear_regression
[2026-04-24 05:31:51,033][dowhy.causal_estimator][INFO] - INFO: Using Linear Regression Estimator
[2026-04-24 05:31:51,033][dowhy.causal_estimator][WARNING] - No directed path from ['X7'] to ['X5'].
[2026-04-24 05:31:51,035][dowhy.causal_model][INFO] - Model to find the causal effect of treatment ['X7'] on outcome ['X6']
[2026-04-24 05:31:51,035][dowhy.causal_identifier.auto_identifier][WARNING] - No directed path from treatment to outcome. Causal Effect is zero.
[2026-04-24 05:31:51,035][dowhy.causal_model][INFO] - linear_regression
[2026-04-24 05:31:51,035][dowhy.causal_estimator][INFO] - INFO: Using Linear Regression Estimator
[2026-04-24 05:31:51,035][dowhy.causal_estimator][WARNING] - No directed path from ['X7'] to ['X6'].
[2026-04-24 05:31:51,037][dowhy.causal_model][INFO] - Model to find the causal effect of treatment ['X7'] on outcome ['X8']
[2026-04-24 05:31:51,039][dowhy.causal_identifier.auto_identifier][INFO] - Causal effect can be identified.
[2026-04-24 05:31:51,040][dowhy.causal_identifier.auto_identifier][INFO] - Instrumental variables for treatment and outcome:['X6', 'X1']
[2026-04-24 05:31:51,041][dowhy.causal_identifier.auto_identifier][INFO] - Frontdoor variables for treatment and outcome:[]
[2026-04-24 05:31:51,041][dowhy.causal_model][INFO] - linear_regression
[2026-04-24 05:31:51,041][dowhy.causal_estimator][INFO] - INFO: Using Linear Regression Estimator
[2026-04-24 05:31:51,041][dowhy.causal_estimator][INFO] - b: X8~X7+X7*X3+X7*X2
[2026-04-24 05:31:51,049][dowhy.causal_model][INFO] - Model to find the causal effect of treatment ['X7'] on outcome ['X9']
[2026-04-24 05:31:51,052][dowhy.causal_identifier.auto_identifier][INFO] - Causal effect can be identified.
[2026-04-24 05:31:51,053][dowhy.causal_identifier.auto_identifier][INFO] - Instrumental variables for treatment and outcome:['X6', 'X1']
[2026-04-24 05:31:51,054][dowhy.causal_identifier.auto_identifier][INFO] - Frontdoor variables for treatment and outcome:[]
[2026-04-24 05:31:51,054][dowhy.causal_model][INFO] - linear_regression
[2026-04-24 05:31:51,054][dowhy.causal_estimator][INFO] - INFO: Using Linear Regression Estimator
[2026-04-24 05:31:51,055][dowhy.causal_estimator][INFO] - b: X9~X7+X7*X3+X7*X2
[2026-04-24 05:31:51,063][dowhy.causal_model][INFO] - Model to find the causal effect of treatment ['X7'] on outcome ['X10']
[2026-04-24 05:31:51,066][dowhy.causal_identifier.auto_identifier][INFO] - Causal effect can be identified.
[2026-04-24 05:31:51,067][dowhy.causal_identifier.auto_identifier][INFO] - Instrumental variables for treatment and outcome:['X6', 'X1']
[2026-04-24 05:31:51,069][dowhy.causal_identifier.auto_identifier][INFO] - Frontdoor variables for treatment and outcome:['X12', 'X8', 'X9']
[2026-04-24 05:31:51,072][dowhy.causal_identifier.auto_identifier][INFO] - Causal effect can be identified.
[2026-04-24 05:31:51,076][dowhy.causal_identifier.auto_identifier][INFO] - Causal effect can be identified.
[2026-04-24 05:31:51,077][dowhy.causal_model][INFO] - linear_regression
[2026-04-24 05:31:51,077][dowhy.causal_estimator][INFO] - INFO: Using Linear Regression Estimator
[2026-04-24 05:31:51,078][dowhy.causal_estimator][INFO] - b: X10~X7+X7*X3+X7*X4+X7*X5+X7*X2
[2026-04-24 05:31:51,086][dowhy.causal_model][INFO] - Model to find the causal effect of treatment ['X7'] on outcome ['X11']
[2026-04-24 05:31:51,086][dowhy.causal_identifier.auto_identifier][WARNING] - No directed path from treatment to outcome. Causal Effect is zero.
[2026-04-24 05:31:51,086][dowhy.causal_model][INFO] - linear_regression
[2026-04-24 05:31:51,086][dowhy.causal_estimator][INFO] - INFO: Using Linear Regression Estimator
[2026-04-24 05:31:51,086][dowhy.causal_estimator][WARNING] - No directed path from ['X7'] to ['X11'].
[2026-04-24 05:31:51,088][dowhy.causal_model][INFO] - Model to find the causal effect of treatment ['X7'] on outcome ['X12']
[2026-04-24 05:31:51,090][dowhy.causal_identifier.auto_identifier][INFO] - Causal effect can be identified.
[2026-04-24 05:31:51,091][dowhy.causal_identifier.auto_identifier][INFO] - Instrumental variables for treatment and outcome:['X6', 'X1']
[2026-04-24 05:31:51,093][dowhy.causal_identifier.auto_identifier][INFO] - Frontdoor variables for treatment and outcome:[]
[2026-04-24 05:31:51,093][dowhy.causal_model][INFO] - linear_regression
[2026-04-24 05:31:51,093][dowhy.causal_estimator][INFO] - INFO: Using Linear Regression Estimator
[2026-04-24 05:31:51,093][dowhy.causal_estimator][INFO] - b: X12~X7+X7*X3+X7*X2
[2026-04-24 05:31:51,101][dowhy.causal_model][INFO] - Model to find the causal effect of treatment ['X7'] on outcome ['X13']
[2026-04-24 05:31:51,104][dowhy.causal_identifier.auto_identifier][INFO] - Causal effect can be identified.
[2026-04-24 05:31:51,104][dowhy.causal_identifier.auto_identifier][INFO] - Instrumental variables for treatment and outcome:['X6', 'X1']
[2026-04-24 05:31:51,108][dowhy.causal_identifier.auto_identifier][INFO] - Frontdoor variables for treatment and outcome:['X8', 'X9', 'X12']
[2026-04-24 05:31:51,111][dowhy.causal_identifier.auto_identifier][INFO] - Causal effect can be identified.
[2026-04-24 05:31:51,115][dowhy.causal_identifier.auto_identifier][INFO] - Causal effect can be identified.
[2026-04-24 05:31:51,116][dowhy.causal_model][INFO] - linear_regression
[2026-04-24 05:31:51,116][dowhy.causal_estimator][INFO] - INFO: Using Linear Regression Estimator
[2026-04-24 05:31:51,116][dowhy.causal_estimator][INFO] - b: X13~X7+X7*X3+X7*X4+X7*X5+X7*X2
[2026-04-24 05:31:51,162][dowhy.causal_model][INFO] - Model to find the causal effect of treatment ['X8'] on outcome ['X0']
[2026-04-24 05:31:51,162][dowhy.causal_identifier.auto_identifier][WARNING] - No directed path from treatment to outcome. Causal Effect is zero.
[2026-04-24 05:31:51,163][dowhy.causal_model][INFO] - linear_regression
[2026-04-24 05:31:51,163][dowhy.causal_estimator][INFO] - INFO: Using Linear Regression Estimator
[2026-04-24 05:31:51,163][dowhy.causal_estimator][WARNING] - No directed path from ['X8'] to ['X0'].
[2026-04-24 05:31:51,164][dowhy.causal_model][INFO] - Model to find the causal effect of treatment ['X8'] on outcome ['X1']
[2026-04-24 05:31:51,164][dowhy.causal_identifier.auto_identifier][WARNING] - No directed path from treatment to outcome. Causal Effect is zero.
[2026-04-24 05:31:51,165][dowhy.causal_model][INFO] - linear_regression
[2026-04-24 05:31:51,165][dowhy.causal_estimator][INFO] - INFO: Using Linear Regression Estimator
[2026-04-24 05:31:51,165][dowhy.causal_estimator][WARNING] - No directed path from ['X8'] to ['X1'].
[2026-04-24 05:31:51,166][dowhy.causal_model][INFO] - Model to find the causal effect of treatment ['X8'] on outcome ['X2']
[2026-04-24 05:31:51,167][dowhy.causal_identifier.auto_identifier][WARNING] - No directed path from treatment to outcome. Causal Effect is zero.
[2026-04-24 05:31:51,167][dowhy.causal_model][INFO] - linear_regression
[2026-04-24 05:31:51,167][dowhy.causal_estimator][INFO] - INFO: Using Linear Regression Estimator
[2026-04-24 05:31:51,167][dowhy.causal_estimator][WARNING] - No directed path from ['X8'] to ['X2'].
[2026-04-24 05:31:51,168][dowhy.causal_model][INFO] - Model to find the causal effect of treatment ['X8'] on outcome ['X3']
[2026-04-24 05:31:51,169][dowhy.causal_identifier.auto_identifier][WARNING] - No directed path from treatment to outcome. Causal Effect is zero.
[2026-04-24 05:31:51,169][dowhy.causal_model][INFO] - linear_regression
[2026-04-24 05:31:51,169][dowhy.causal_estimator][INFO] - INFO: Using Linear Regression Estimator
[2026-04-24 05:31:51,169][dowhy.causal_estimator][WARNING] - No directed path from ['X8'] to ['X3'].
[2026-04-24 05:31:51,171][dowhy.causal_model][INFO] - Model to find the causal effect of treatment ['X8'] on outcome ['X4']
[2026-04-24 05:31:51,171][dowhy.causal_identifier.auto_identifier][WARNING] - No directed path from treatment to outcome. Causal Effect is zero.
[2026-04-24 05:31:51,171][dowhy.causal_model][INFO] - linear_regression
[2026-04-24 05:31:51,171][dowhy.causal_estimator][INFO] - INFO: Using Linear Regression Estimator
[2026-04-24 05:31:51,171][dowhy.causal_estimator][WARNING] - No directed path from ['X8'] to ['X4'].
[2026-04-24 05:31:51,173][dowhy.causal_model][INFO] - Model to find the causal effect of treatment ['X8'] on outcome ['X5']
[2026-04-24 05:31:51,173][dowhy.causal_identifier.auto_identifier][WARNING] - No directed path from treatment to outcome. Causal Effect is zero.
[2026-04-24 05:31:51,173][dowhy.causal_model][INFO] - linear_regression
[2026-04-24 05:31:51,173][dowhy.causal_estimator][INFO] - INFO: Using Linear Regression Estimator
[2026-04-24 05:31:51,173][dowhy.causal_estimator][WARNING] - No directed path from ['X8'] to ['X5'].
[2026-04-24 05:31:51,175][dowhy.causal_model][INFO] - Model to find the causal effect of treatment ['X8'] on outcome ['X6']
[2026-04-24 05:31:51,175][dowhy.causal_identifier.auto_identifier][WARNING] - No directed path from treatment to outcome. Causal Effect is zero.
[2026-04-24 05:31:51,175][dowhy.causal_model][INFO] - linear_regression
[2026-04-24 05:31:51,175][dowhy.causal_estimator][INFO] - INFO: Using Linear Regression Estimator
[2026-04-24 05:31:51,175][dowhy.causal_estimator][WARNING] - No directed path from ['X8'] to ['X6'].
[2026-04-24 05:31:51,177][dowhy.causal_model][INFO] - Model to find the causal effect of treatment ['X8'] on outcome ['X7']
[2026-04-24 05:31:51,177][dowhy.causal_identifier.auto_identifier][WARNING] - No directed path from treatment to outcome. Causal Effect is zero.
[2026-04-24 05:31:51,177][dowhy.causal_model][INFO] - linear_regression
[2026-04-24 05:31:51,177][dowhy.causal_estimator][INFO] - INFO: Using Linear Regression Estimator
[2026-04-24 05:31:51,177][dowhy.causal_estimator][WARNING] - No directed path from ['X8'] to ['X7'].
[2026-04-24 05:31:51,179][dowhy.causal_model][INFO] - Model to find the causal effect of treatment ['X8'] on outcome ['X9']
[2026-04-24 05:31:51,182][dowhy.causal_identifier.auto_identifier][INFO] - Causal effect can be identified.
[2026-04-24 05:31:51,182][dowhy.causal_identifier.auto_identifier][INFO] - Instrumental variables for treatment and outcome:['X7', 'X2']
[2026-04-24 05:31:51,182][dowhy.causal_identifier.auto_identifier][INFO] - Frontdoor variables for treatment and outcome:[]
[2026-04-24 05:31:51,183][dowhy.causal_model][INFO] - linear_regression
[2026-04-24 05:31:51,183][dowhy.causal_estimator][INFO] - INFO: Using Linear Regression Estimator
[2026-04-24 05:31:51,183][dowhy.causal_estimator][INFO] - b: X9~X8+X3
[2026-04-24 05:31:51,192][dowhy.causal_model][INFO] - Model to find the causal effect of treatment ['X8'] on outcome ['X10']
[2026-04-24 05:31:51,195][dowhy.causal_identifier.auto_identifier][INFO] - Causal effect can be identified.
[2026-04-24 05:31:51,195][dowhy.causal_identifier.auto_identifier][INFO] - Instrumental variables for treatment and outcome:['X7', 'X2']
[2026-04-24 05:31:51,196][dowhy.causal_identifier.auto_identifier][INFO] - Frontdoor variables for treatment and outcome:[]
[2026-04-24 05:31:51,197][dowhy.causal_model][INFO] - linear_regression
[2026-04-24 05:31:51,197][dowhy.causal_estimator][INFO] - INFO: Using Linear Regression Estimator
[2026-04-24 05:31:51,197][dowhy.causal_estimator][INFO] - b: X10~X8+X3+X8*X4+X8*X5
[2026-04-24 05:31:51,207][dowhy.causal_model][INFO] - Model to find the causal effect of treatment ['X8'] on outcome ['X11']
[2026-04-24 05:31:51,207][dowhy.causal_identifier.auto_identifier][WARNING] - No directed path from treatment to outcome. Causal Effect is zero.
[2026-04-24 05:31:51,207][dowhy.causal_model][INFO] - linear_regression
[2026-04-24 05:31:51,208][dowhy.causal_estimator][INFO] - INFO: Using Linear Regression Estimator
[2026-04-24 05:31:51,208][dowhy.causal_estimator][WARNING] - No directed path from ['X8'] to ['X11'].
[2026-04-24 05:31:51,210][dowhy.causal_model][INFO] - Model to find the causal effect of treatment ['X8'] on outcome ['X12']
[2026-04-24 05:31:51,213][dowhy.causal_identifier.auto_identifier][INFO] - Causal effect can be identified.
[2026-04-24 05:31:51,213][dowhy.causal_identifier.auto_identifier][INFO] - Instrumental variables for treatment and outcome:['X7', 'X2']
[2026-04-24 05:31:51,215][dowhy.causal_identifier.auto_identifier][INFO] - Frontdoor variables for treatment and outcome:[]
[2026-04-24 05:31:51,215][dowhy.causal_model][INFO] - linear_regression
[2026-04-24 05:31:51,215][dowhy.causal_estimator][INFO] - INFO: Using Linear Regression Estimator
[2026-04-24 05:31:51,215][dowhy.causal_estimator][INFO] - b: X12~X8+X3
[2026-04-24 05:31:51,223][dowhy.causal_model][INFO] - Model to find the causal effect of treatment ['X8'] on outcome ['X13']
[2026-04-24 05:31:51,227][dowhy.causal_identifier.auto_identifier][INFO] - Causal effect can be identified.
[2026-04-24 05:31:51,227][dowhy.causal_identifier.auto_identifier][INFO] - Instrumental variables for treatment and outcome:['X7', 'X2']
[2026-04-24 05:31:51,229][dowhy.causal_identifier.auto_identifier][INFO] - Frontdoor variables for treatment and outcome:[]
[2026-04-24 05:31:51,229][dowhy.causal_model][INFO] - linear_regression
[2026-04-24 05:31:51,229][dowhy.causal_estimator][INFO] - INFO: Using Linear Regression Estimator
[2026-04-24 05:31:51,230][dowhy.causal_estimator][INFO] - b: X13~X8+X3+X8*X4+X8*X5
[2026-04-24 05:31:51,280][dowhy.causal_model][INFO] - Model to find the causal effect of treatment ['X9'] on outcome ['X0']
[2026-04-24 05:31:51,281][dowhy.causal_identifier.auto_identifier][WARNING] - No directed path from treatment to outcome. Causal Effect is zero.
[2026-04-24 05:31:51,281][dowhy.causal_model][INFO] - linear_regression
[2026-04-24 05:31:51,281][dowhy.causal_estimator][INFO] - INFO: Using Linear Regression Estimator
[2026-04-24 05:31:51,281][dowhy.causal_estimator][WARNING] - No directed path from ['X9'] to ['X0'].
[2026-04-24 05:31:51,283][dowhy.causal_model][INFO] - Model to find the causal effect of treatment ['X9'] on outcome ['X1']
[2026-04-24 05:31:51,283][dowhy.causal_identifier.auto_identifier][WARNING] - No directed path from treatment to outcome. Causal Effect is zero.
[2026-04-24 05:31:51,283][dowhy.causal_model][INFO] - linear_regression
[2026-04-24 05:31:51,283][dowhy.causal_estimator][INFO] - INFO: Using Linear Regression Estimator
[2026-04-24 05:31:51,283][dowhy.causal_estimator][WARNING] - No directed path from ['X9'] to ['X1'].
[2026-04-24 05:31:51,285][dowhy.causal_model][INFO] - Model to find the causal effect of treatment ['X9'] on outcome ['X2']
[2026-04-24 05:31:51,285][dowhy.causal_identifier.auto_identifier][WARNING] - No directed path from treatment to outcome. Causal Effect is zero.
[2026-04-24 05:31:51,285][dowhy.causal_model][INFO] - linear_regression
[2026-04-24 05:31:51,285][dowhy.causal_estimator][INFO] - INFO: Using Linear Regression Estimator
[2026-04-24 05:31:51,285][dowhy.causal_estimator][WARNING] - No directed path from ['X9'] to ['X2'].
[2026-04-24 05:31:51,287][dowhy.causal_model][INFO] - Model to find the causal effect of treatment ['X9'] on outcome ['X3']
[2026-04-24 05:31:51,287][dowhy.causal_identifier.auto_identifier][WARNING] - No directed path from treatment to outcome. Causal Effect is zero.
[2026-04-24 05:31:51,287][dowhy.causal_model][INFO] - linear_regression
[2026-04-24 05:31:51,287][dowhy.causal_estimator][INFO] - INFO: Using Linear Regression Estimator
[2026-04-24 05:31:51,287][dowhy.causal_estimator][WARNING] - No directed path from ['X9'] to ['X3'].
[2026-04-24 05:31:51,288][dowhy.causal_model][INFO] - Model to find the causal effect of treatment ['X9'] on outcome ['X4']
[2026-04-24 05:31:51,288][dowhy.causal_identifier.auto_identifier][WARNING] - No directed path from treatment to outcome. Causal Effect is zero.
[2026-04-24 05:31:51,289][dowhy.causal_model][INFO] - linear_regression
[2026-04-24 05:31:51,289][dowhy.causal_estimator][INFO] - INFO: Using Linear Regression Estimator
[2026-04-24 05:31:51,289][dowhy.causal_estimator][WARNING] - No directed path from ['X9'] to ['X4'].
[2026-04-24 05:31:51,290][dowhy.causal_model][INFO] - Model to find the causal effect of treatment ['X9'] on outcome ['X5']
[2026-04-24 05:31:51,290][dowhy.causal_identifier.auto_identifier][WARNING] - No directed path from treatment to outcome. Causal Effect is zero.
[2026-04-24 05:31:51,290][dowhy.causal_model][INFO] - linear_regression
[2026-04-24 05:31:51,290][dowhy.causal_estimator][INFO] - INFO: Using Linear Regression Estimator
[2026-04-24 05:31:51,290][dowhy.causal_estimator][WARNING] - No directed path from ['X9'] to ['X5'].
[2026-04-24 05:31:51,292][dowhy.causal_model][INFO] - Model to find the causal effect of treatment ['X9'] on outcome ['X6']
[2026-04-24 05:31:51,292][dowhy.causal_identifier.auto_identifier][WARNING] - No directed path from treatment to outcome. Causal Effect is zero.
[2026-04-24 05:31:51,292][dowhy.causal_model][INFO] - linear_regression
[2026-04-24 05:31:51,292][dowhy.causal_estimator][INFO] - INFO: Using Linear Regression Estimator
[2026-04-24 05:31:51,292][dowhy.causal_estimator][WARNING] - No directed path from ['X9'] to ['X6'].
[2026-04-24 05:31:51,294][dowhy.causal_model][INFO] - Model to find the causal effect of treatment ['X9'] on outcome ['X7']
[2026-04-24 05:31:51,294][dowhy.causal_identifier.auto_identifier][WARNING] - No directed path from treatment to outcome. Causal Effect is zero.
[2026-04-24 05:31:51,294][dowhy.causal_model][INFO] - linear_regression
[2026-04-24 05:31:51,294][dowhy.causal_estimator][INFO] - INFO: Using Linear Regression Estimator
[2026-04-24 05:31:51,294][dowhy.causal_estimator][WARNING] - No directed path from ['X9'] to ['X7'].
[2026-04-24 05:31:51,296][dowhy.causal_model][INFO] - Model to find the causal effect of treatment ['X9'] on outcome ['X8']
[2026-04-24 05:31:51,296][dowhy.causal_identifier.auto_identifier][WARNING] - No directed path from treatment to outcome. Causal Effect is zero.
[2026-04-24 05:31:51,296][dowhy.causal_model][INFO] - linear_regression
[2026-04-24 05:31:51,296][dowhy.causal_estimator][INFO] - INFO: Using Linear Regression Estimator
[2026-04-24 05:31:51,296][dowhy.causal_estimator][WARNING] - No directed path from ['X9'] to ['X8'].
[2026-04-24 05:31:51,298][dowhy.causal_model][INFO] - Model to find the causal effect of treatment ['X9'] on outcome ['X10']
[2026-04-24 05:31:51,302][dowhy.causal_identifier.auto_identifier][INFO] - Causal effect can be identified.
[2026-04-24 05:31:51,303][dowhy.causal_identifier.auto_identifier][INFO] - Instrumental variables for treatment and outcome:['X3', 'X8']
[2026-04-24 05:31:51,303][dowhy.causal_identifier.auto_identifier][INFO] - Frontdoor variables for treatment and outcome:[]
[2026-04-24 05:31:51,304][dowhy.causal_model][INFO] - linear_regression
[2026-04-24 05:31:51,304][dowhy.causal_estimator][INFO] - INFO: Using Linear Regression Estimator
[2026-04-24 05:31:51,304][dowhy.causal_estimator][INFO] - b: X10~X9+X9*X4+X9*X5
[2026-04-24 05:31:51,312][dowhy.causal_model][INFO] - Model to find the causal effect of treatment ['X9'] on outcome ['X11']
[2026-04-24 05:31:51,312][dowhy.causal_identifier.auto_identifier][WARNING] - No directed path from treatment to outcome. Causal Effect is zero.
[2026-04-24 05:31:51,312][dowhy.causal_model][INFO] - linear_regression
[2026-04-24 05:31:51,312][dowhy.causal_estimator][INFO] - INFO: Using Linear Regression Estimator
[2026-04-24 05:31:51,312][dowhy.causal_estimator][WARNING] - No directed path from ['X9'] to ['X11'].
[2026-04-24 05:31:51,314][dowhy.causal_model][INFO] - Model to find the causal effect of treatment ['X9'] on outcome ['X12']
[2026-04-24 05:31:51,314][dowhy.causal_identifier.auto_identifier][WARNING] - No directed path from treatment to outcome. Causal Effect is zero.
[2026-04-24 05:31:51,314][dowhy.causal_model][INFO] - linear_regression
[2026-04-24 05:31:51,314][dowhy.causal_estimator][INFO] - INFO: Using Linear Regression Estimator
[2026-04-24 05:31:51,314][dowhy.causal_estimator][WARNING] - No directed path from ['X9'] to ['X12'].
[2026-04-24 05:31:51,315][dowhy.causal_model][INFO] - Model to find the causal effect of treatment ['X9'] on outcome ['X13']
[2026-04-24 05:31:51,319][dowhy.causal_identifier.auto_identifier][INFO] - Causal effect can be identified.
[2026-04-24 05:31:51,320][dowhy.causal_identifier.auto_identifier][INFO] - Instrumental variables for treatment and outcome:['X3', 'X8']
[2026-04-24 05:31:51,321][dowhy.causal_identifier.auto_identifier][INFO] - Frontdoor variables for treatment and outcome:[]
[2026-04-24 05:31:51,321][dowhy.causal_model][INFO] - linear_regression
[2026-04-24 05:31:51,321][dowhy.causal_estimator][INFO] - INFO: Using Linear Regression Estimator
[2026-04-24 05:31:51,321][dowhy.causal_estimator][INFO] - b: X13~X9+X9*X4+X9*X5
[2026-04-24 05:31:51,366][dowhy.causal_model][INFO] - Model to find the causal effect of treatment ['X10'] on outcome ['X0']
[2026-04-24 05:31:51,366][dowhy.causal_identifier.auto_identifier][WARNING] - No directed path from treatment to outcome. Causal Effect is zero.
[2026-04-24 05:31:51,366][dowhy.causal_model][INFO] - linear_regression
[2026-04-24 05:31:51,366][dowhy.causal_estimator][INFO] - INFO: Using Linear Regression Estimator
[2026-04-24 05:31:51,366][dowhy.causal_estimator][WARNING] - No directed path from ['X10'] to ['X0'].
[2026-04-24 05:31:51,368][dowhy.causal_model][INFO] - Model to find the causal effect of treatment ['X10'] on outcome ['X1']
[2026-04-24 05:31:51,368][dowhy.causal_identifier.auto_identifier][WARNING] - No directed path from treatment to outcome. Causal Effect is zero.
[2026-04-24 05:31:51,368][dowhy.causal_model][INFO] - linear_regression
[2026-04-24 05:31:51,368][dowhy.causal_estimator][INFO] - INFO: Using Linear Regression Estimator
[2026-04-24 05:31:51,368][dowhy.causal_estimator][WARNING] - No directed path from ['X10'] to ['X1'].
[2026-04-24 05:31:51,370][dowhy.causal_model][INFO] - Model to find the causal effect of treatment ['X10'] on outcome ['X2']
[2026-04-24 05:31:51,370][dowhy.causal_identifier.auto_identifier][WARNING] - No directed path from treatment to outcome. Causal Effect is zero.
[2026-04-24 05:31:51,370][dowhy.causal_model][INFO] - linear_regression
[2026-04-24 05:31:51,370][dowhy.causal_estimator][INFO] - INFO: Using Linear Regression Estimator
[2026-04-24 05:31:51,370][dowhy.causal_estimator][WARNING] - No directed path from ['X10'] to ['X2'].
[2026-04-24 05:31:51,372][dowhy.causal_model][INFO] - Model to find the causal effect of treatment ['X10'] on outcome ['X3']
[2026-04-24 05:31:51,372][dowhy.causal_identifier.auto_identifier][WARNING] - No directed path from treatment to outcome. Causal Effect is zero.
[2026-04-24 05:31:51,372][dowhy.causal_model][INFO] - linear_regression
[2026-04-24 05:31:51,372][dowhy.causal_estimator][INFO] - INFO: Using Linear Regression Estimator
[2026-04-24 05:31:51,372][dowhy.causal_estimator][WARNING] - No directed path from ['X10'] to ['X3'].
[2026-04-24 05:31:51,374][dowhy.causal_model][INFO] - Model to find the causal effect of treatment ['X10'] on outcome ['X4']
[2026-04-24 05:31:51,374][dowhy.causal_identifier.auto_identifier][WARNING] - No directed path from treatment to outcome. Causal Effect is zero.
[2026-04-24 05:31:51,374][dowhy.causal_model][INFO] - linear_regression
[2026-04-24 05:31:51,374][dowhy.causal_estimator][INFO] - INFO: Using Linear Regression Estimator
[2026-04-24 05:31:51,374][dowhy.causal_estimator][WARNING] - No directed path from ['X10'] to ['X4'].
[2026-04-24 05:31:51,375][dowhy.causal_model][INFO] - Model to find the causal effect of treatment ['X10'] on outcome ['X5']
[2026-04-24 05:31:51,375][dowhy.causal_identifier.auto_identifier][WARNING] - No directed path from treatment to outcome. Causal Effect is zero.
[2026-04-24 05:31:51,375][dowhy.causal_model][INFO] - linear_regression
[2026-04-24 05:31:51,376][dowhy.causal_estimator][INFO] - INFO: Using Linear Regression Estimator
[2026-04-24 05:31:51,376][dowhy.causal_estimator][WARNING] - No directed path from ['X10'] to ['X5'].
[2026-04-24 05:31:51,377][dowhy.causal_model][INFO] - Model to find the causal effect of treatment ['X10'] on outcome ['X6']
[2026-04-24 05:31:51,377][dowhy.causal_identifier.auto_identifier][WARNING] - No directed path from treatment to outcome. Causal Effect is zero.
[2026-04-24 05:31:51,377][dowhy.causal_model][INFO] - linear_regression
[2026-04-24 05:31:51,377][dowhy.causal_estimator][INFO] - INFO: Using Linear Regression Estimator
[2026-04-24 05:31:51,377][dowhy.causal_estimator][WARNING] - No directed path from ['X10'] to ['X6'].
[2026-04-24 05:31:51,379][dowhy.causal_model][INFO] - Model to find the causal effect of treatment ['X10'] on outcome ['X7']
[2026-04-24 05:31:51,379][dowhy.causal_identifier.auto_identifier][WARNING] - No directed path from treatment to outcome. Causal Effect is zero.
[2026-04-24 05:31:51,379][dowhy.causal_model][INFO] - linear_regression
[2026-04-24 05:31:51,379][dowhy.causal_estimator][INFO] - INFO: Using Linear Regression Estimator
[2026-04-24 05:31:51,379][dowhy.causal_estimator][WARNING] - No directed path from ['X10'] to ['X7'].
[2026-04-24 05:31:51,381][dowhy.causal_model][INFO] - Model to find the causal effect of treatment ['X10'] on outcome ['X8']
[2026-04-24 05:31:51,381][dowhy.causal_identifier.auto_identifier][WARNING] - No directed path from treatment to outcome. Causal Effect is zero.
[2026-04-24 05:31:51,382][dowhy.causal_model][INFO] - linear_regression
[2026-04-24 05:31:51,382][dowhy.causal_estimator][INFO] - INFO: Using Linear Regression Estimator
[2026-04-24 05:31:51,382][dowhy.causal_estimator][WARNING] - No directed path from ['X10'] to ['X8'].
[2026-04-24 05:31:51,383][dowhy.causal_model][INFO] - Model to find the causal effect of treatment ['X10'] on outcome ['X9']
[2026-04-24 05:31:51,383][dowhy.causal_identifier.auto_identifier][WARNING] - No directed path from treatment to outcome. Causal Effect is zero.
[2026-04-24 05:31:51,383][dowhy.causal_model][INFO] - linear_regression
[2026-04-24 05:31:51,384][dowhy.causal_estimator][INFO] - INFO: Using Linear Regression Estimator
[2026-04-24 05:31:51,384][dowhy.causal_estimator][WARNING] - No directed path from ['X10'] to ['X9'].
[2026-04-24 05:31:51,385][dowhy.causal_model][INFO] - Model to find the causal effect of treatment ['X10'] on outcome ['X11']
[2026-04-24 05:31:51,385][dowhy.causal_identifier.auto_identifier][WARNING] - No directed path from treatment to outcome. Causal Effect is zero.
[2026-04-24 05:31:51,385][dowhy.causal_model][INFO] - linear_regression
[2026-04-24 05:31:51,386][dowhy.causal_estimator][INFO] - INFO: Using Linear Regression Estimator
[2026-04-24 05:31:51,386][dowhy.causal_estimator][WARNING] - No directed path from ['X10'] to ['X11'].
[2026-04-24 05:31:51,387][dowhy.causal_model][INFO] - Model to find the causal effect of treatment ['X10'] on outcome ['X12']
[2026-04-24 05:31:51,387][dowhy.causal_identifier.auto_identifier][WARNING] - No directed path from treatment to outcome. Causal Effect is zero.
[2026-04-24 05:31:51,387][dowhy.causal_model][INFO] - linear_regression
[2026-04-24 05:31:51,387][dowhy.causal_estimator][INFO] - INFO: Using Linear Regression Estimator
[2026-04-24 05:31:51,387][dowhy.causal_estimator][WARNING] - No directed path from ['X10'] to ['X12'].
[2026-04-24 05:31:51,389][dowhy.causal_model][INFO] - Model to find the causal effect of treatment ['X10'] on outcome ['X13']
[2026-04-24 05:31:51,394][dowhy.causal_identifier.auto_identifier][INFO] - Causal effect can be identified.
[2026-04-24 05:31:51,394][dowhy.causal_identifier.auto_identifier][INFO] - Instrumental variables for treatment and outcome:['X4', 'X9']
[2026-04-24 05:31:51,394][dowhy.causal_identifier.auto_identifier][INFO] - Frontdoor variables for treatment and outcome:[]
[2026-04-24 05:31:51,395][dowhy.causal_model][INFO] - linear_regression
[2026-04-24 05:31:51,395][dowhy.causal_estimator][INFO] - INFO: Using Linear Regression Estimator
[2026-04-24 05:31:51,395][dowhy.causal_estimator][INFO] - b: X13~X10+X5
[2026-04-24 05:31:51,505][dowhy.causal_model][INFO] - Model to find the causal effect of treatment ['X11'] on outcome ['X0']
[2026-04-24 05:31:51,505][dowhy.causal_identifier.auto_identifier][WARNING] - No directed path from treatment to outcome. Causal Effect is zero.
[2026-04-24 05:31:51,505][dowhy.causal_model][INFO] - linear_regression
[2026-04-24 05:31:51,505][dowhy.causal_estimator][INFO] - INFO: Using Linear Regression Estimator
[2026-04-24 05:31:51,505][dowhy.causal_estimator][WARNING] - No directed path from ['X11'] to ['X0'].
[2026-04-24 05:31:51,507][dowhy.causal_model][INFO] - Model to find the causal effect of treatment ['X11'] on outcome ['X1']
[2026-04-24 05:31:51,507][dowhy.causal_identifier.auto_identifier][WARNING] - No directed path from treatment to outcome. Causal Effect is zero.
[2026-04-24 05:31:51,507][dowhy.causal_model][INFO] - linear_regression
[2026-04-24 05:31:51,507][dowhy.causal_estimator][INFO] - INFO: Using Linear Regression Estimator
[2026-04-24 05:31:51,507][dowhy.causal_estimator][WARNING] - No directed path from ['X11'] to ['X1'].
[2026-04-24 05:31:51,509][dowhy.causal_model][INFO] - Model to find the causal effect of treatment ['X11'] on outcome ['X2']
[2026-04-24 05:31:51,509][dowhy.causal_identifier.auto_identifier][WARNING] - No directed path from treatment to outcome. Causal Effect is zero.
[2026-04-24 05:31:51,509][dowhy.causal_model][INFO] - linear_regression
[2026-04-24 05:31:51,509][dowhy.causal_estimator][INFO] - INFO: Using Linear Regression Estimator
[2026-04-24 05:31:51,509][dowhy.causal_estimator][WARNING] - No directed path from ['X11'] to ['X2'].
[2026-04-24 05:31:51,510][dowhy.causal_model][INFO] - Model to find the causal effect of treatment ['X11'] on outcome ['X3']
[2026-04-24 05:31:51,510][dowhy.causal_identifier.auto_identifier][WARNING] - No directed path from treatment to outcome. Causal Effect is zero.
[2026-04-24 05:31:51,511][dowhy.causal_model][INFO] - linear_regression
[2026-04-24 05:31:51,511][dowhy.causal_estimator][INFO] - INFO: Using Linear Regression Estimator
[2026-04-24 05:31:51,511][dowhy.causal_estimator][WARNING] - No directed path from ['X11'] to ['X3'].
[2026-04-24 05:31:51,512][dowhy.causal_model][INFO] - Model to find the causal effect of treatment ['X11'] on outcome ['X4']
[2026-04-24 05:31:51,512][dowhy.causal_identifier.auto_identifier][WARNING] - No directed path from treatment to outcome. Causal Effect is zero.
[2026-04-24 05:31:51,512][dowhy.causal_model][INFO] - linear_regression
[2026-04-24 05:31:51,512][dowhy.causal_estimator][INFO] - INFO: Using Linear Regression Estimator
[2026-04-24 05:31:51,512][dowhy.causal_estimator][WARNING] - No directed path from ['X11'] to ['X4'].
[2026-04-24 05:31:51,514][dowhy.causal_model][INFO] - Model to find the causal effect of treatment ['X11'] on outcome ['X5']
[2026-04-24 05:31:51,514][dowhy.causal_identifier.auto_identifier][WARNING] - No directed path from treatment to outcome. Causal Effect is zero.
[2026-04-24 05:31:51,514][dowhy.causal_model][INFO] - linear_regression
[2026-04-24 05:31:51,514][dowhy.causal_estimator][INFO] - INFO: Using Linear Regression Estimator
[2026-04-24 05:31:51,514][dowhy.causal_estimator][WARNING] - No directed path from ['X11'] to ['X5'].
[2026-04-24 05:31:51,516][dowhy.causal_model][INFO] - Model to find the causal effect of treatment ['X11'] on outcome ['X6']
[2026-04-24 05:31:51,516][dowhy.causal_identifier.auto_identifier][WARNING] - No directed path from treatment to outcome. Causal Effect is zero.
[2026-04-24 05:31:51,516][dowhy.causal_model][INFO] - linear_regression
[2026-04-24 05:31:51,516][dowhy.causal_estimator][INFO] - INFO: Using Linear Regression Estimator
[2026-04-24 05:31:51,516][dowhy.causal_estimator][WARNING] - No directed path from ['X11'] to ['X6'].
[2026-04-24 05:31:51,518][dowhy.causal_model][INFO] - Model to find the causal effect of treatment ['X11'] on outcome ['X7']
[2026-04-24 05:31:51,518][dowhy.causal_identifier.auto_identifier][WARNING] - No directed path from treatment to outcome. Causal Effect is zero.
[2026-04-24 05:31:51,518][dowhy.causal_model][INFO] - linear_regression
[2026-04-24 05:31:51,518][dowhy.causal_estimator][INFO] - INFO: Using Linear Regression Estimator
[2026-04-24 05:31:51,518][dowhy.causal_estimator][WARNING] - No directed path from ['X11'] to ['X7'].
[2026-04-24 05:31:51,520][dowhy.causal_model][INFO] - Model to find the causal effect of treatment ['X11'] on outcome ['X8']
[2026-04-24 05:31:51,520][dowhy.causal_identifier.auto_identifier][WARNING] - No directed path from treatment to outcome. Causal Effect is zero.
[2026-04-24 05:31:51,520][dowhy.causal_model][INFO] - linear_regression
[2026-04-24 05:31:51,520][dowhy.causal_estimator][INFO] - INFO: Using Linear Regression Estimator
[2026-04-24 05:31:51,520][dowhy.causal_estimator][WARNING] - No directed path from ['X11'] to ['X8'].
[2026-04-24 05:31:51,522][dowhy.causal_model][INFO] - Model to find the causal effect of treatment ['X11'] on outcome ['X9']
[2026-04-24 05:31:51,522][dowhy.causal_identifier.auto_identifier][WARNING] - No directed path from treatment to outcome. Causal Effect is zero.
[2026-04-24 05:31:51,522][dowhy.causal_model][INFO] - linear_regression
[2026-04-24 05:31:51,522][dowhy.causal_estimator][INFO] - INFO: Using Linear Regression Estimator
[2026-04-24 05:31:51,522][dowhy.causal_estimator][WARNING] - No directed path from ['X11'] to ['X9'].
[2026-04-24 05:31:51,524][dowhy.causal_model][INFO] - Model to find the causal effect of treatment ['X11'] on outcome ['X10']
[2026-04-24 05:31:51,524][dowhy.causal_identifier.auto_identifier][WARNING] - No directed path from treatment to outcome. Causal Effect is zero.
[2026-04-24 05:31:51,524][dowhy.causal_model][INFO] - linear_regression
[2026-04-24 05:31:51,524][dowhy.causal_estimator][INFO] - INFO: Using Linear Regression Estimator
[2026-04-24 05:31:51,524][dowhy.causal_estimator][WARNING] - No directed path from ['X11'] to ['X10'].
[2026-04-24 05:31:51,525][dowhy.causal_model][INFO] - Model to find the causal effect of treatment ['X11'] on outcome ['X12']
[2026-04-24 05:31:51,526][dowhy.causal_identifier.auto_identifier][WARNING] - No directed path from treatment to outcome. Causal Effect is zero.
[2026-04-24 05:31:51,526][dowhy.causal_model][INFO] - linear_regression
[2026-04-24 05:31:51,526][dowhy.causal_estimator][INFO] - INFO: Using Linear Regression Estimator
[2026-04-24 05:31:51,526][dowhy.causal_estimator][WARNING] - No directed path from ['X11'] to ['X12'].
[2026-04-24 05:31:51,527][dowhy.causal_model][INFO] - Model to find the causal effect of treatment ['X11'] on outcome ['X13']
[2026-04-24 05:31:51,527][dowhy.causal_identifier.auto_identifier][WARNING] - No directed path from treatment to outcome. Causal Effect is zero.
[2026-04-24 05:31:51,527][dowhy.causal_model][INFO] - linear_regression
[2026-04-24 05:31:51,527][dowhy.causal_estimator][INFO] - INFO: Using Linear Regression Estimator
[2026-04-24 05:31:51,528][dowhy.causal_estimator][WARNING] - No directed path from ['X11'] to ['X13'].
[2026-04-24 05:31:51,563][dowhy.causal_model][INFO] - Model to find the causal effect of treatment ['X12'] on outcome ['X0']
[2026-04-24 05:31:51,563][dowhy.causal_identifier.auto_identifier][WARNING] - No directed path from treatment to outcome. Causal Effect is zero.
[2026-04-24 05:31:51,564][dowhy.causal_model][INFO] - linear_regression
[2026-04-24 05:31:51,564][dowhy.causal_estimator][INFO] - INFO: Using Linear Regression Estimator
[2026-04-24 05:31:51,564][dowhy.causal_estimator][WARNING] - No directed path from ['X12'] to ['X0'].
[2026-04-24 05:31:51,565][dowhy.causal_model][INFO] - Model to find the causal effect of treatment ['X12'] on outcome ['X1']
[2026-04-24 05:31:51,565][dowhy.causal_identifier.auto_identifier][WARNING] - No directed path from treatment to outcome. Causal Effect is zero.
[2026-04-24 05:31:51,566][dowhy.causal_model][INFO] - linear_regression
[2026-04-24 05:31:51,566][dowhy.causal_estimator][INFO] - INFO: Using Linear Regression Estimator
[2026-04-24 05:31:51,566][dowhy.causal_estimator][WARNING] - No directed path from ['X12'] to ['X1'].
[2026-04-24 05:31:51,567][dowhy.causal_model][INFO] - Model to find the causal effect of treatment ['X12'] on outcome ['X2']
[2026-04-24 05:31:51,567][dowhy.causal_identifier.auto_identifier][WARNING] - No directed path from treatment to outcome. Causal Effect is zero.
[2026-04-24 05:31:51,567][dowhy.causal_model][INFO] - linear_regression
[2026-04-24 05:31:51,567][dowhy.causal_estimator][INFO] - INFO: Using Linear Regression Estimator
[2026-04-24 05:31:51,567][dowhy.causal_estimator][WARNING] - No directed path from ['X12'] to ['X2'].
[2026-04-24 05:31:51,569][dowhy.causal_model][INFO] - Model to find the causal effect of treatment ['X12'] on outcome ['X3']
[2026-04-24 05:31:51,569][dowhy.causal_identifier.auto_identifier][WARNING] - No directed path from treatment to outcome. Causal Effect is zero.
[2026-04-24 05:31:51,569][dowhy.causal_model][INFO] - linear_regression
[2026-04-24 05:31:51,569][dowhy.causal_estimator][INFO] - INFO: Using Linear Regression Estimator
[2026-04-24 05:31:51,569][dowhy.causal_estimator][WARNING] - No directed path from ['X12'] to ['X3'].
[2026-04-24 05:31:51,571][dowhy.causal_model][INFO] - Model to find the causal effect of treatment ['X12'] on outcome ['X4']
[2026-04-24 05:31:51,571][dowhy.causal_identifier.auto_identifier][WARNING] - No directed path from treatment to outcome. Causal Effect is zero.
[2026-04-24 05:31:51,571][dowhy.causal_model][INFO] - linear_regression
[2026-04-24 05:31:51,571][dowhy.causal_estimator][INFO] - INFO: Using Linear Regression Estimator
[2026-04-24 05:31:51,571][dowhy.causal_estimator][WARNING] - No directed path from ['X12'] to ['X4'].
[2026-04-24 05:31:51,573][dowhy.causal_model][INFO] - Model to find the causal effect of treatment ['X12'] on outcome ['X5']
[2026-04-24 05:31:51,573][dowhy.causal_identifier.auto_identifier][WARNING] - No directed path from treatment to outcome. Causal Effect is zero.
[2026-04-24 05:31:51,573][dowhy.causal_model][INFO] - linear_regression
[2026-04-24 05:31:51,573][dowhy.causal_estimator][INFO] - INFO: Using Linear Regression Estimator
[2026-04-24 05:31:51,573][dowhy.causal_estimator][WARNING] - No directed path from ['X12'] to ['X5'].
[2026-04-24 05:31:51,575][dowhy.causal_model][INFO] - Model to find the causal effect of treatment ['X12'] on outcome ['X6']
[2026-04-24 05:31:51,575][dowhy.causal_identifier.auto_identifier][WARNING] - No directed path from treatment to outcome. Causal Effect is zero.
[2026-04-24 05:31:51,575][dowhy.causal_model][INFO] - linear_regression
[2026-04-24 05:31:51,575][dowhy.causal_estimator][INFO] - INFO: Using Linear Regression Estimator
[2026-04-24 05:31:51,575][dowhy.causal_estimator][WARNING] - No directed path from ['X12'] to ['X6'].
[2026-04-24 05:31:51,577][dowhy.causal_model][INFO] - Model to find the causal effect of treatment ['X12'] on outcome ['X7']
[2026-04-24 05:31:51,577][dowhy.causal_identifier.auto_identifier][WARNING] - No directed path from treatment to outcome. Causal Effect is zero.
[2026-04-24 05:31:51,577][dowhy.causal_model][INFO] - linear_regression
[2026-04-24 05:31:51,577][dowhy.causal_estimator][INFO] - INFO: Using Linear Regression Estimator
[2026-04-24 05:31:51,577][dowhy.causal_estimator][WARNING] - No directed path from ['X12'] to ['X7'].
[2026-04-24 05:31:51,579][dowhy.causal_model][INFO] - Model to find the causal effect of treatment ['X12'] on outcome ['X8']
[2026-04-24 05:31:51,579][dowhy.causal_identifier.auto_identifier][WARNING] - No directed path from treatment to outcome. Causal Effect is zero.
[2026-04-24 05:31:51,579][dowhy.causal_model][INFO] - linear_regression
[2026-04-24 05:31:51,579][dowhy.causal_estimator][INFO] - INFO: Using Linear Regression Estimator
[2026-04-24 05:31:51,579][dowhy.causal_estimator][WARNING] - No directed path from ['X12'] to ['X8'].
[2026-04-24 05:31:51,580][dowhy.causal_model][INFO] - Model to find the causal effect of treatment ['X12'] on outcome ['X9']
[2026-04-24 05:31:51,580][dowhy.causal_identifier.auto_identifier][WARNING] - No directed path from treatment to outcome. Causal Effect is zero.
[2026-04-24 05:31:51,581][dowhy.causal_model][INFO] - linear_regression
[2026-04-24 05:31:51,581][dowhy.causal_estimator][INFO] - INFO: Using Linear Regression Estimator
[2026-04-24 05:31:51,581][dowhy.causal_estimator][WARNING] - No directed path from ['X12'] to ['X9'].
[2026-04-24 05:31:51,582][dowhy.causal_model][INFO] - Model to find the causal effect of treatment ['X12'] on outcome ['X10']
[2026-04-24 05:31:51,582][dowhy.causal_identifier.auto_identifier][WARNING] - No directed path from treatment to outcome. Causal Effect is zero.
[2026-04-24 05:31:51,582][dowhy.causal_model][INFO] - linear_regression
[2026-04-24 05:31:51,582][dowhy.causal_estimator][INFO] - INFO: Using Linear Regression Estimator
[2026-04-24 05:31:51,582][dowhy.causal_estimator][WARNING] - No directed path from ['X12'] to ['X10'].
[2026-04-24 05:31:51,584][dowhy.causal_model][INFO] - Model to find the causal effect of treatment ['X12'] on outcome ['X11']
[2026-04-24 05:31:51,584][dowhy.causal_identifier.auto_identifier][WARNING] - No directed path from treatment to outcome. Causal Effect is zero.
[2026-04-24 05:31:51,584][dowhy.causal_model][INFO] - linear_regression
[2026-04-24 05:31:51,584][dowhy.causal_estimator][INFO] - INFO: Using Linear Regression Estimator
[2026-04-24 05:31:51,584][dowhy.causal_estimator][WARNING] - No directed path from ['X12'] to ['X11'].
[2026-04-24 05:31:51,586][dowhy.causal_model][INFO] - Model to find the causal effect of treatment ['X12'] on outcome ['X13']
[2026-04-24 05:31:51,586][dowhy.causal_identifier.auto_identifier][WARNING] - No directed path from treatment to outcome. Causal Effect is zero.
[2026-04-24 05:31:51,586][dowhy.causal_model][INFO] - linear_regression
[2026-04-24 05:31:51,586][dowhy.causal_estimator][INFO] - INFO: Using Linear Regression Estimator
[2026-04-24 05:31:51,586][dowhy.causal_estimator][WARNING] - No directed path from ['X12'] to ['X13'].
[2026-04-24 05:31:51,623][dowhy.causal_model][INFO] - Model to find the causal effect of treatment ['X13'] on outcome ['X0']
[2026-04-24 05:31:51,624][dowhy.causal_identifier.auto_identifier][WARNING] - No directed path from treatment to outcome. Causal Effect is zero.
[2026-04-24 05:31:51,624][dowhy.causal_model][INFO] - linear_regression
[2026-04-24 05:31:51,624][dowhy.causal_estimator][INFO] - INFO: Using Linear Regression Estimator
[2026-04-24 05:31:51,624][dowhy.causal_estimator][WARNING] - No directed path from ['X13'] to ['X0'].
[2026-04-24 05:31:51,626][dowhy.causal_model][INFO] - Model to find the causal effect of treatment ['X13'] on outcome ['X1']
[2026-04-24 05:31:51,626][dowhy.causal_identifier.auto_identifier][WARNING] - No directed path from treatment to outcome. Causal Effect is zero.
[2026-04-24 05:31:51,626][dowhy.causal_model][INFO] - linear_regression
[2026-04-24 05:31:51,626][dowhy.causal_estimator][INFO] - INFO: Using Linear Regression Estimator
[2026-04-24 05:31:51,626][dowhy.causal_estimator][WARNING] - No directed path from ['X13'] to ['X1'].
[2026-04-24 05:31:51,628][dowhy.causal_model][INFO] - Model to find the causal effect of treatment ['X13'] on outcome ['X2']
[2026-04-24 05:31:51,628][dowhy.causal_identifier.auto_identifier][WARNING] - No directed path from treatment to outcome. Causal Effect is zero.
[2026-04-24 05:31:51,628][dowhy.causal_model][INFO] - linear_regression
[2026-04-24 05:31:51,628][dowhy.causal_estimator][INFO] - INFO: Using Linear Regression Estimator
[2026-04-24 05:31:51,628][dowhy.causal_estimator][WARNING] - No directed path from ['X13'] to ['X2'].
[2026-04-24 05:31:51,630][dowhy.causal_model][INFO] - Model to find the causal effect of treatment ['X13'] on outcome ['X3']
[2026-04-24 05:31:51,630][dowhy.causal_identifier.auto_identifier][WARNING] - No directed path from treatment to outcome. Causal Effect is zero.
[2026-04-24 05:31:51,630][dowhy.causal_model][INFO] - linear_regression
[2026-04-24 05:31:51,630][dowhy.causal_estimator][INFO] - INFO: Using Linear Regression Estimator
[2026-04-24 05:31:51,630][dowhy.causal_estimator][WARNING] - No directed path from ['X13'] to ['X3'].
[2026-04-24 05:31:51,632][dowhy.causal_model][INFO] - Model to find the causal effect of treatment ['X13'] on outcome ['X4']
[2026-04-24 05:31:51,633][dowhy.causal_identifier.auto_identifier][WARNING] - No directed path from treatment to outcome. Causal Effect is zero.
[2026-04-24 05:31:51,633][dowhy.causal_model][INFO] - linear_regression
[2026-04-24 05:31:51,633][dowhy.causal_estimator][INFO] - INFO: Using Linear Regression Estimator
[2026-04-24 05:31:51,633][dowhy.causal_estimator][WARNING] - No directed path from ['X13'] to ['X4'].
[2026-04-24 05:31:51,635][dowhy.causal_model][INFO] - Model to find the causal effect of treatment ['X13'] on outcome ['X5']
[2026-04-24 05:31:51,635][dowhy.causal_identifier.auto_identifier][WARNING] - No directed path from treatment to outcome. Causal Effect is zero.
[2026-04-24 05:31:51,635][dowhy.causal_model][INFO] - linear_regression
[2026-04-24 05:31:51,635][dowhy.causal_estimator][INFO] - INFO: Using Linear Regression Estimator
[2026-04-24 05:31:51,635][dowhy.causal_estimator][WARNING] - No directed path from ['X13'] to ['X5'].
[2026-04-24 05:31:51,637][dowhy.causal_model][INFO] - Model to find the causal effect of treatment ['X13'] on outcome ['X6']
[2026-04-24 05:31:51,637][dowhy.causal_identifier.auto_identifier][WARNING] - No directed path from treatment to outcome. Causal Effect is zero.
[2026-04-24 05:31:51,637][dowhy.causal_model][INFO] - linear_regression
[2026-04-24 05:31:51,637][dowhy.causal_estimator][INFO] - INFO: Using Linear Regression Estimator
[2026-04-24 05:31:51,637][dowhy.causal_estimator][WARNING] - No directed path from ['X13'] to ['X6'].
[2026-04-24 05:31:51,638][dowhy.causal_model][INFO] - Model to find the causal effect of treatment ['X13'] on outcome ['X7']
[2026-04-24 05:31:51,638][dowhy.causal_identifier.auto_identifier][WARNING] - No directed path from treatment to outcome. Causal Effect is zero.
[2026-04-24 05:31:51,639][dowhy.causal_model][INFO] - linear_regression
[2026-04-24 05:31:51,639][dowhy.causal_estimator][INFO] - INFO: Using Linear Regression Estimator
[2026-04-24 05:31:51,639][dowhy.causal_estimator][WARNING] - No directed path from ['X13'] to ['X7'].
[2026-04-24 05:31:51,640][dowhy.causal_model][INFO] - Model to find the causal effect of treatment ['X13'] on outcome ['X8']
[2026-04-24 05:31:51,641][dowhy.causal_identifier.auto_identifier][WARNING] - No directed path from treatment to outcome. Causal Effect is zero.
[2026-04-24 05:31:51,641][dowhy.causal_model][INFO] - linear_regression
[2026-04-24 05:31:51,641][dowhy.causal_estimator][INFO] - INFO: Using Linear Regression Estimator
[2026-04-24 05:31:51,641][dowhy.causal_estimator][WARNING] - No directed path from ['X13'] to ['X8'].
[2026-04-24 05:31:51,642][dowhy.causal_model][INFO] - Model to find the causal effect of treatment ['X13'] on outcome ['X9']
[2026-04-24 05:31:51,643][dowhy.causal_identifier.auto_identifier][WARNING] - No directed path from treatment to outcome. Causal Effect is zero.
[2026-04-24 05:31:51,643][dowhy.causal_model][INFO] - linear_regression
[2026-04-24 05:31:51,643][dowhy.causal_estimator][INFO] - INFO: Using Linear Regression Estimator
[2026-04-24 05:31:51,643][dowhy.causal_estimator][WARNING] - No directed path from ['X13'] to ['X9'].
[2026-04-24 05:31:51,644][dowhy.causal_model][INFO] - Model to find the causal effect of treatment ['X13'] on outcome ['X10']
[2026-04-24 05:31:51,645][dowhy.causal_identifier.auto_identifier][WARNING] - No directed path from treatment to outcome. Causal Effect is zero.
[2026-04-24 05:31:51,645][dowhy.causal_model][INFO] - linear_regression
[2026-04-24 05:31:51,645][dowhy.causal_estimator][INFO] - INFO: Using Linear Regression Estimator
[2026-04-24 05:31:51,645][dowhy.causal_estimator][WARNING] - No directed path from ['X13'] to ['X10'].
[2026-04-24 05:31:51,646][dowhy.causal_model][INFO] - Model to find the causal effect of treatment ['X13'] on outcome ['X11']
[2026-04-24 05:31:51,646][dowhy.causal_identifier.auto_identifier][WARNING] - No directed path from treatment to outcome. Causal Effect is zero.
[2026-04-24 05:31:51,646][dowhy.causal_model][INFO] - linear_regression
[2026-04-24 05:31:51,647][dowhy.causal_estimator][INFO] - INFO: Using Linear Regression Estimator
[2026-04-24 05:31:51,647][dowhy.causal_estimator][WARNING] - No directed path from ['X13'] to ['X11'].
[2026-04-24 05:31:51,648][dowhy.causal_model][INFO] - Model to find the causal effect of treatment ['X13'] on outcome ['X12']
[2026-04-24 05:31:51,648][dowhy.causal_identifier.auto_identifier][WARNING] - No directed path from treatment to outcome. Causal Effect is zero.
[2026-04-24 05:31:51,649][dowhy.causal_model][INFO] - linear_regression
[2026-04-24 05:31:51,649][dowhy.causal_estimator][INFO] - INFO: Using Linear Regression Estimator
[2026-04-24 05:31:51,649][dowhy.causal_estimator][WARNING] - No directed path from ['X13'] to ['X12'].
[2026-04-24 05:31:51,713][dowhy.causal_model][INFO] - Model to find the causal effect of treatment ['X0'] on outcome ['X1']
[2026-04-24 05:31:51,713][dowhy.causal_identifier.auto_identifier][WARNING] - No directed path from treatment to outcome. Causal Effect is zero.
[2026-04-24 05:31:51,713][dowhy.causal_model][INFO] - linear_regression
[2026-04-24 05:31:51,713][dowhy.causal_estimator][INFO] - INFO: Using Linear Regression Estimator
[2026-04-24 05:31:51,713][dowhy.causal_estimator][WARNING] - No directed path from ['X0'] to ['X1'].
[2026-04-24 05:31:51,715][dowhy.causal_model][INFO] - Model to find the causal effect of treatment ['X0'] on outcome ['X2']
[2026-04-24 05:31:51,715][dowhy.causal_identifier.auto_identifier][WARNING] - No directed path from treatment to outcome. Causal Effect is zero.
[2026-04-24 05:31:51,715][dowhy.causal_model][INFO] - linear_regression
[2026-04-24 05:31:51,715][dowhy.causal_estimator][INFO] - INFO: Using Linear Regression Estimator
[2026-04-24 05:31:51,715][dowhy.causal_estimator][WARNING] - No directed path from ['X0'] to ['X2'].
[2026-04-24 05:31:51,717][dowhy.causal_model][INFO] - Model to find the causal effect of treatment ['X0'] on outcome ['X3']
[2026-04-24 05:31:51,717][dowhy.causal_identifier.auto_identifier][WARNING] - No directed path from treatment to outcome. Causal Effect is zero.
[2026-04-24 05:31:51,717][dowhy.causal_model][INFO] - linear_regression
[2026-04-24 05:31:51,717][dowhy.causal_estimator][INFO] - INFO: Using Linear Regression Estimator
[2026-04-24 05:31:51,717][dowhy.causal_estimator][WARNING] - No directed path from ['X0'] to ['X3'].
[2026-04-24 05:31:51,719][dowhy.causal_model][INFO] - Model to find the causal effect of treatment ['X0'] on outcome ['X4']
[2026-04-24 05:31:51,719][dowhy.causal_identifier.auto_identifier][WARNING] - No directed path from treatment to outcome. Causal Effect is zero.
[2026-04-24 05:31:51,719][dowhy.causal_model][INFO] - linear_regression
[2026-04-24 05:31:51,719][dowhy.causal_estimator][INFO] - INFO: Using Linear Regression Estimator
[2026-04-24 05:31:51,719][dowhy.causal_estimator][WARNING] - No directed path from ['X0'] to ['X4'].
[2026-04-24 05:31:51,721][dowhy.causal_model][INFO] - Model to find the causal effect of treatment ['X0'] on outcome ['X5']
[2026-04-24 05:31:51,721][dowhy.causal_identifier.auto_identifier][WARNING] - No directed path from treatment to outcome. Causal Effect is zero.
[2026-04-24 05:31:51,721][dowhy.causal_model][INFO] - linear_regression
[2026-04-24 05:31:51,721][dowhy.causal_estimator][INFO] - INFO: Using Linear Regression Estimator
[2026-04-24 05:31:51,721][dowhy.causal_estimator][WARNING] - No directed path from ['X0'] to ['X5'].
[2026-04-24 05:31:51,723][dowhy.causal_model][INFO] - Model to find the causal effect of treatment ['X0'] on outcome ['X6']
[2026-04-24 05:31:51,724][dowhy.causal_identifier.auto_identifier][INFO] - Causal effect can be identified.
[2026-04-24 05:31:51,725][dowhy.causal_identifier.auto_identifier][INFO] - Instrumental variables for treatment and outcome:[]
[2026-04-24 05:31:51,725][dowhy.causal_identifier.auto_identifier][INFO] - Frontdoor variables for treatment and outcome:[]
[2026-04-24 05:31:51,725][dowhy.causal_model][INFO] - linear_regression
[2026-04-24 05:31:51,725][dowhy.causal_estimator][INFO] - INFO: Using Linear Regression Estimator
[2026-04-24 05:31:51,725][dowhy.causal_estimator][INFO] - b: X6~X0+X0*X1
[2026-04-24 05:31:51,733][dowhy.causal_model][INFO] - Model to find the causal effect of treatment ['X0'] on outcome ['X7']
[2026-04-24 05:31:51,735][dowhy.causal_identifier.auto_identifier][INFO] - Causal effect can be identified.
[2026-04-24 05:31:51,735][dowhy.causal_identifier.auto_identifier][INFO] - Instrumental variables for treatment and outcome:[]
[2026-04-24 05:31:51,735][dowhy.causal_identifier.auto_identifier][INFO] - Frontdoor variables for treatment and outcome:[]
[2026-04-24 05:31:51,736][dowhy.causal_model][INFO] - linear_regression
[2026-04-24 05:31:51,736][dowhy.causal_estimator][INFO] - INFO: Using Linear Regression Estimator
[2026-04-24 05:31:51,736][dowhy.causal_estimator][INFO] - b: X7~X0+X0*X1
[2026-04-24 05:31:51,743][dowhy.causal_model][INFO] - Model to find the causal effect of treatment ['X0'] on outcome ['X8']
[2026-04-24 05:31:51,745][dowhy.causal_identifier.auto_identifier][INFO] - Causal effect can be identified.
[2026-04-24 05:31:51,746][dowhy.causal_identifier.auto_identifier][INFO] - Instrumental variables for treatment and outcome:[]
[2026-04-24 05:31:51,747][dowhy.causal_identifier.auto_identifier][INFO] - Frontdoor variables for treatment and outcome:['X7', 'X11', 'X6']
[2026-04-24 05:31:51,749][dowhy.causal_identifier.auto_identifier][INFO] - Causal effect can be identified.
[2026-04-24 05:31:51,751][dowhy.causal_identifier.auto_identifier][INFO] - Causal effect can be identified.
[2026-04-24 05:31:51,752][dowhy.causal_model][INFO] - linear_regression
[2026-04-24 05:31:51,752][dowhy.causal_estimator][INFO] - INFO: Using Linear Regression Estimator
[2026-04-24 05:31:51,752][dowhy.causal_estimator][INFO] - b: X8~X0+X0*X3+X0*X2+X0*X1
[2026-04-24 05:31:51,759][dowhy.causal_model][INFO] - Model to find the causal effect of treatment ['X0'] on outcome ['X9']
[2026-04-24 05:31:51,761][dowhy.causal_identifier.auto_identifier][INFO] - Causal effect can be identified.
[2026-04-24 05:31:51,762][dowhy.causal_identifier.auto_identifier][INFO] - Instrumental variables for treatment and outcome:[]
[2026-04-24 05:31:51,765][dowhy.causal_identifier.auto_identifier][INFO] - Frontdoor variables for treatment and outcome:['X7', 'X6', 'X11']
[2026-04-24 05:31:51,767][dowhy.causal_identifier.auto_identifier][INFO] - Causal effect can be identified.
[2026-04-24 05:31:51,769][dowhy.causal_identifier.auto_identifier][INFO] - Causal effect can be identified.
[2026-04-24 05:31:51,770][dowhy.causal_model][INFO] - linear_regression
[2026-04-24 05:31:51,770][dowhy.causal_estimator][INFO] - INFO: Using Linear Regression Estimator
[2026-04-24 05:31:51,770][dowhy.causal_estimator][INFO] - b: X9~X0+X0*X3+X0*X2+X0*X1
[2026-04-24 05:31:51,778][dowhy.causal_model][INFO] - Model to find the causal effect of treatment ['X0'] on outcome ['X10']
[2026-04-24 05:31:51,780][dowhy.causal_identifier.auto_identifier][INFO] - Causal effect can be identified.
[2026-04-24 05:31:51,781][dowhy.causal_identifier.auto_identifier][INFO] - Instrumental variables for treatment and outcome:[]
[2026-04-24 05:31:51,784][dowhy.causal_identifier.auto_identifier][INFO] - Frontdoor variables for treatment and outcome:['X7', 'X6', 'X11', 'X8', 'X9', 'X12']
[2026-04-24 05:31:51,786][dowhy.causal_identifier.auto_identifier][INFO] - Causal effect can be identified.
[2026-04-24 05:31:51,788][dowhy.causal_identifier.auto_identifier][INFO] - Causal effect can be identified.
[2026-04-24 05:31:51,789][dowhy.causal_model][INFO] - linear_regression
[2026-04-24 05:31:51,789][dowhy.causal_estimator][INFO] - INFO: Using Linear Regression Estimator
[2026-04-24 05:31:51,790][dowhy.causal_estimator][INFO] - b: X10~X0+X0*X5+X0*X3+X0*X4+X0*X2+X0*X1
[2026-04-24 05:31:51,798][dowhy.causal_model][INFO] - Model to find the causal effect of treatment ['X0'] on outcome ['X11']
[2026-04-24 05:31:51,799][dowhy.causal_identifier.auto_identifier][INFO] - Causal effect can be identified.
[2026-04-24 05:31:51,800][dowhy.causal_identifier.auto_identifier][INFO] - Instrumental variables for treatment and outcome:[]
[2026-04-24 05:31:51,813][dowhy.causal_identifier.auto_identifier][INFO] - Frontdoor variables for treatment and outcome:[]
[2026-04-24 05:31:51,813][dowhy.causal_model][INFO] - linear_regression
[2026-04-24 05:31:51,813][dowhy.causal_estimator][INFO] - INFO: Using Linear Regression Estimator
[2026-04-24 05:31:51,813][dowhy.causal_estimator][INFO] - b: X11~X0+X0*X1
[2026-04-24 05:31:51,821][dowhy.causal_model][INFO] - Model to find the causal effect of treatment ['X0'] on outcome ['X12']
[2026-04-24 05:31:51,823][dowhy.causal_identifier.auto_identifier][INFO] - Causal effect can be identified.
[2026-04-24 05:31:51,823][dowhy.causal_identifier.auto_identifier][INFO] - Instrumental variables for treatment and outcome:[]
[2026-04-24 05:31:51,846][dowhy.causal_identifier.auto_identifier][INFO] - Frontdoor variables for treatment and outcome:['X7', 'X6', 'X11']
[2026-04-24 05:31:51,849][dowhy.causal_identifier.auto_identifier][INFO] - Causal effect can be identified.
[2026-04-24 05:31:51,852][dowhy.causal_identifier.auto_identifier][INFO] - Causal effect can be identified.
[2026-04-24 05:31:51,852][dowhy.causal_model][INFO] - linear_regression
[2026-04-24 05:31:51,852][dowhy.causal_estimator][INFO] - INFO: Using Linear Regression Estimator
[2026-04-24 05:31:51,853][dowhy.causal_estimator][INFO] - b: X12~X0+X0*X3+X0*X2+X0*X1
[2026-04-24 05:31:51,862][dowhy.causal_model][INFO] - Model to find the causal effect of treatment ['X0'] on outcome ['X13']
[2026-04-24 05:31:51,864][dowhy.causal_identifier.auto_identifier][INFO] - Causal effect can be identified.
[2026-04-24 05:31:51,865][dowhy.causal_identifier.auto_identifier][INFO] - Instrumental variables for treatment and outcome:[]
[2026-04-24 05:31:51,882][dowhy.causal_identifier.auto_identifier][INFO] - Frontdoor variables for treatment and outcome:['X7', 'X6', 'X11', 'X8', 'X9', 'X12']
[2026-04-24 05:31:51,884][dowhy.causal_identifier.auto_identifier][INFO] - Causal effect can be identified.
[2026-04-24 05:31:51,887][dowhy.causal_identifier.auto_identifier][INFO] - Causal effect can be identified.
[2026-04-24 05:31:51,888][dowhy.causal_model][INFO] - linear_regression
[2026-04-24 05:31:51,888][dowhy.causal_estimator][INFO] - INFO: Using Linear Regression Estimator
[2026-04-24 05:31:51,889][dowhy.causal_estimator][INFO] - b: X13~X0+X0*X5+X0*X3+X0*X4+X0*X2+X0*X1
[2026-04-24 05:31:51,940][dowhy.causal_model][INFO] - Model to find the causal effect of treatment ['X1'] on outcome ['X0']
[2026-04-24 05:31:51,941][dowhy.causal_identifier.auto_identifier][WARNING] - No directed path from treatment to outcome. Causal Effect is zero.
[2026-04-24 05:31:51,941][dowhy.causal_model][INFO] - linear_regression
[2026-04-24 05:31:51,941][dowhy.causal_estimator][INFO] - INFO: Using Linear Regression Estimator
[2026-04-24 05:31:51,941][dowhy.causal_estimator][WARNING] - No directed path from ['X1'] to ['X0'].
[2026-04-24 05:31:51,943][dowhy.causal_model][INFO] - Model to find the causal effect of treatment ['X1'] on outcome ['X2']
[2026-04-24 05:31:51,943][dowhy.causal_identifier.auto_identifier][WARNING] - No directed path from treatment to outcome. Causal Effect is zero.
[2026-04-24 05:31:51,943][dowhy.causal_model][INFO] - linear_regression
[2026-04-24 05:31:51,943][dowhy.causal_estimator][INFO] - INFO: Using Linear Regression Estimator
[2026-04-24 05:31:51,943][dowhy.causal_estimator][WARNING] - No directed path from ['X1'] to ['X2'].
[2026-04-24 05:31:51,945][dowhy.causal_model][INFO] - Model to find the causal effect of treatment ['X1'] on outcome ['X3']
[2026-04-24 05:31:51,945][dowhy.causal_identifier.auto_identifier][WARNING] - No directed path from treatment to outcome. Causal Effect is zero.
[2026-04-24 05:31:51,945][dowhy.causal_model][INFO] - linear_regression
[2026-04-24 05:31:51,945][dowhy.causal_estimator][INFO] - INFO: Using Linear Regression Estimator
[2026-04-24 05:31:51,945][dowhy.causal_estimator][WARNING] - No directed path from ['X1'] to ['X3'].
[2026-04-24 05:31:51,947][dowhy.causal_model][INFO] - Model to find the causal effect of treatment ['X1'] on outcome ['X4']
[2026-04-24 05:31:51,947][dowhy.causal_identifier.auto_identifier][WARNING] - No directed path from treatment to outcome. Causal Effect is zero.
[2026-04-24 05:31:51,947][dowhy.causal_model][INFO] - linear_regression
[2026-04-24 05:31:51,947][dowhy.causal_estimator][INFO] - INFO: Using Linear Regression Estimator
[2026-04-24 05:31:51,947][dowhy.causal_estimator][WARNING] - No directed path from ['X1'] to ['X4'].
[2026-04-24 05:31:51,949][dowhy.causal_model][INFO] - Model to find the causal effect of treatment ['X1'] on outcome ['X5']
[2026-04-24 05:31:51,949][dowhy.causal_identifier.auto_identifier][WARNING] - No directed path from treatment to outcome. Causal Effect is zero.
[2026-04-24 05:31:51,949][dowhy.causal_model][INFO] - linear_regression
[2026-04-24 05:31:51,949][dowhy.causal_estimator][INFO] - INFO: Using Linear Regression Estimator
[2026-04-24 05:31:51,949][dowhy.causal_estimator][WARNING] - No directed path from ['X1'] to ['X5'].
[2026-04-24 05:31:51,951][dowhy.causal_model][INFO] - Model to find the causal effect of treatment ['X1'] on outcome ['X6']
[2026-04-24 05:31:51,952][dowhy.causal_identifier.auto_identifier][INFO] - Causal effect can be identified.
[2026-04-24 05:31:51,953][dowhy.causal_identifier.auto_identifier][INFO] - Instrumental variables for treatment and outcome:[]
[2026-04-24 05:31:51,953][dowhy.causal_identifier.auto_identifier][INFO] - Frontdoor variables for treatment and outcome:[]
[2026-04-24 05:31:51,953][dowhy.causal_model][INFO] - linear_regression
[2026-04-24 05:31:51,953][dowhy.causal_estimator][INFO] - INFO: Using Linear Regression Estimator
[2026-04-24 05:31:51,953][dowhy.causal_estimator][INFO] - b: X6~X1+X1*X0
[2026-04-24 05:31:51,961][dowhy.causal_model][INFO] - Model to find the causal effect of treatment ['X1'] on outcome ['X7']
[2026-04-24 05:31:51,963][dowhy.causal_identifier.auto_identifier][INFO] - Causal effect can be identified.
[2026-04-24 05:31:51,963][dowhy.causal_identifier.auto_identifier][INFO] - Instrumental variables for treatment and outcome:[]
[2026-04-24 05:31:51,964][dowhy.causal_identifier.auto_identifier][INFO] - Frontdoor variables for treatment and outcome:[]
[2026-04-24 05:31:51,964][dowhy.causal_model][INFO] - linear_regression
[2026-04-24 05:31:51,964][dowhy.causal_estimator][INFO] - INFO: Using Linear Regression Estimator
[2026-04-24 05:31:51,964][dowhy.causal_estimator][INFO] - b: X7~X1+X1*X0
[2026-04-24 05:31:51,971][dowhy.causal_model][INFO] - Model to find the causal effect of treatment ['X1'] on outcome ['X8']
[2026-04-24 05:31:51,973][dowhy.causal_identifier.auto_identifier][INFO] - Causal effect can be identified.
[2026-04-24 05:31:51,974][dowhy.causal_identifier.auto_identifier][INFO] - Instrumental variables for treatment and outcome:[]
[2026-04-24 05:31:51,975][dowhy.causal_identifier.auto_identifier][INFO] - Frontdoor variables for treatment and outcome:['X7', 'X11', 'X6']
[2026-04-24 05:31:51,977][dowhy.causal_identifier.auto_identifier][INFO] - Causal effect can be identified.
[2026-04-24 05:31:51,979][dowhy.causal_identifier.auto_identifier][INFO] - Causal effect can be identified.
[2026-04-24 05:31:51,980][dowhy.causal_model][INFO] - linear_regression
[2026-04-24 05:31:51,980][dowhy.causal_estimator][INFO] - INFO: Using Linear Regression Estimator
[2026-04-24 05:31:51,980][dowhy.causal_estimator][INFO] - b: X8~X1+X1*X3+X1*X2+X1*X0
[2026-04-24 05:31:51,987][dowhy.causal_model][INFO] - Model to find the causal effect of treatment ['X1'] on outcome ['X9']
[2026-04-24 05:31:51,989][dowhy.causal_identifier.auto_identifier][INFO] - Causal effect can be identified.
[2026-04-24 05:31:51,990][dowhy.causal_identifier.auto_identifier][INFO] - Instrumental variables for treatment and outcome:[]
[2026-04-24 05:31:51,993][dowhy.causal_identifier.auto_identifier][INFO] - Frontdoor variables for treatment and outcome:['X7', 'X6', 'X11']
[2026-04-24 05:31:51,995][dowhy.causal_identifier.auto_identifier][INFO] - Causal effect can be identified.
[2026-04-24 05:31:51,997][dowhy.causal_identifier.auto_identifier][INFO] - Causal effect can be identified.
[2026-04-24 05:31:51,998][dowhy.causal_model][INFO] - linear_regression
[2026-04-24 05:31:51,998][dowhy.causal_estimator][INFO] - INFO: Using Linear Regression Estimator
[2026-04-24 05:31:51,998][dowhy.causal_estimator][INFO] - b: X9~X1+X1*X3+X1*X2+X1*X0
[2026-04-24 05:31:52,006][dowhy.causal_model][INFO] - Model to find the causal effect of treatment ['X1'] on outcome ['X10']
[2026-04-24 05:31:52,008][dowhy.causal_identifier.auto_identifier][INFO] - Causal effect can be identified.
[2026-04-24 05:31:52,009][dowhy.causal_identifier.auto_identifier][INFO] - Instrumental variables for treatment and outcome:[]
[2026-04-24 05:31:52,012][dowhy.causal_identifier.auto_identifier][INFO] - Frontdoor variables for treatment and outcome:['X7', 'X6', 'X11', 'X8', 'X9', 'X12']
[2026-04-24 05:31:52,014][dowhy.causal_identifier.auto_identifier][INFO] - Causal effect can be identified.
[2026-04-24 05:31:52,016][dowhy.causal_identifier.auto_identifier][INFO] - Causal effect can be identified.
[2026-04-24 05:31:52,018][dowhy.causal_model][INFO] - linear_regression
[2026-04-24 05:31:52,018][dowhy.causal_estimator][INFO] - INFO: Using Linear Regression Estimator
[2026-04-24 05:31:52,018][dowhy.causal_estimator][INFO] - b: X10~X1+X1*X5+X1*X3+X1*X4+X1*X2+X1*X0
[2026-04-24 05:31:52,026][dowhy.causal_model][INFO] - Model to find the causal effect of treatment ['X1'] on outcome ['X11']
[2026-04-24 05:31:52,028][dowhy.causal_identifier.auto_identifier][INFO] - Causal effect can be identified.
[2026-04-24 05:31:52,028][dowhy.causal_identifier.auto_identifier][INFO] - Instrumental variables for treatment and outcome:[]
[2026-04-24 05:31:52,042][dowhy.causal_identifier.auto_identifier][INFO] - Frontdoor variables for treatment and outcome:[]
[2026-04-24 05:31:52,042][dowhy.causal_model][INFO] - linear_regression
[2026-04-24 05:31:52,042][dowhy.causal_estimator][INFO] - INFO: Using Linear Regression Estimator
[2026-04-24 05:31:52,042][dowhy.causal_estimator][INFO] - b: X11~X1+X1*X0
[2026-04-24 05:31:52,049][dowhy.causal_model][INFO] - Model to find the causal effect of treatment ['X1'] on outcome ['X12']
[2026-04-24 05:31:52,051][dowhy.causal_identifier.auto_identifier][INFO] - Causal effect can be identified.
[2026-04-24 05:31:52,052][dowhy.causal_identifier.auto_identifier][INFO] - Instrumental variables for treatment and outcome:[]
[2026-04-24 05:31:52,075][dowhy.causal_identifier.auto_identifier][INFO] - Frontdoor variables for treatment and outcome:['X7', 'X6', 'X11']
[2026-04-24 05:31:52,077][dowhy.causal_identifier.auto_identifier][INFO] - Causal effect can be identified.
[2026-04-24 05:31:52,080][dowhy.causal_identifier.auto_identifier][INFO] - Causal effect can be identified.
[2026-04-24 05:31:52,081][dowhy.causal_model][INFO] - linear_regression
[2026-04-24 05:31:52,081][dowhy.causal_estimator][INFO] - INFO: Using Linear Regression Estimator
[2026-04-24 05:31:52,081][dowhy.causal_estimator][INFO] - b: X12~X1+X1*X3+X1*X2+X1*X0
[2026-04-24 05:31:52,090][dowhy.causal_model][INFO] - Model to find the causal effect of treatment ['X1'] on outcome ['X13']
[2026-04-24 05:31:52,092][dowhy.causal_identifier.auto_identifier][INFO] - Causal effect can be identified.
[2026-04-24 05:31:52,093][dowhy.causal_identifier.auto_identifier][INFO] - Instrumental variables for treatment and outcome:[]
[2026-04-24 05:31:52,110][dowhy.causal_identifier.auto_identifier][INFO] - Frontdoor variables for treatment and outcome:['X7', 'X6', 'X11', 'X8', 'X9', 'X12']
[2026-04-24 05:31:52,112][dowhy.causal_identifier.auto_identifier][INFO] - Causal effect can be identified.
[2026-04-24 05:31:52,115][dowhy.causal_identifier.auto_identifier][INFO] - Causal effect can be identified.
[2026-04-24 05:31:52,116][dowhy.causal_model][INFO] - linear_regression
[2026-04-24 05:31:52,116][dowhy.causal_estimator][INFO] - INFO: Using Linear Regression Estimator
[2026-04-24 05:31:52,117][dowhy.causal_estimator][INFO] - b: X13~X1+X1*X5+X1*X3+X1*X4+X1*X2+X1*X0
[2026-04-24 05:31:52,167][dowhy.causal_model][INFO] - Model to find the causal effect of treatment ['X2'] on outcome ['X0']
[2026-04-24 05:31:52,167][dowhy.causal_identifier.auto_identifier][WARNING] - No directed path from treatment to outcome. Causal Effect is zero.
[2026-04-24 05:31:52,168][dowhy.causal_model][INFO] - linear_regression
[2026-04-24 05:31:52,168][dowhy.causal_estimator][INFO] - INFO: Using Linear Regression Estimator
[2026-04-24 05:31:52,168][dowhy.causal_estimator][WARNING] - No directed path from ['X2'] to ['X0'].
[2026-04-24 05:31:52,170][dowhy.causal_model][INFO] - Model to find the causal effect of treatment ['X2'] on outcome ['X1']
[2026-04-24 05:31:52,170][dowhy.causal_identifier.auto_identifier][WARNING] - No directed path from treatment to outcome. Causal Effect is zero.
[2026-04-24 05:31:52,170][dowhy.causal_model][INFO] - linear_regression
[2026-04-24 05:31:52,170][dowhy.causal_estimator][INFO] - INFO: Using Linear Regression Estimator
[2026-04-24 05:31:52,170][dowhy.causal_estimator][WARNING] - No directed path from ['X2'] to ['X1'].
[2026-04-24 05:31:52,172][dowhy.causal_model][INFO] - Model to find the causal effect of treatment ['X2'] on outcome ['X3']
[2026-04-24 05:31:52,172][dowhy.causal_identifier.auto_identifier][WARNING] - No directed path from treatment to outcome. Causal Effect is zero.
[2026-04-24 05:31:52,172][dowhy.causal_model][INFO] - linear_regression
[2026-04-24 05:31:52,172][dowhy.causal_estimator][INFO] - INFO: Using Linear Regression Estimator
[2026-04-24 05:31:52,172][dowhy.causal_estimator][WARNING] - No directed path from ['X2'] to ['X3'].
[2026-04-24 05:31:52,174][dowhy.causal_model][INFO] - Model to find the causal effect of treatment ['X2'] on outcome ['X4']
[2026-04-24 05:31:52,174][dowhy.causal_identifier.auto_identifier][WARNING] - No directed path from treatment to outcome. Causal Effect is zero.
[2026-04-24 05:31:52,174][dowhy.causal_model][INFO] - linear_regression
[2026-04-24 05:31:52,174][dowhy.causal_estimator][INFO] - INFO: Using Linear Regression Estimator
[2026-04-24 05:31:52,174][dowhy.causal_estimator][WARNING] - No directed path from ['X2'] to ['X4'].
[2026-04-24 05:31:52,175][dowhy.causal_model][INFO] - Model to find the causal effect of treatment ['X2'] on outcome ['X5']
[2026-04-24 05:31:52,176][dowhy.causal_identifier.auto_identifier][WARNING] - No directed path from treatment to outcome. Causal Effect is zero.
[2026-04-24 05:31:52,176][dowhy.causal_model][INFO] - linear_regression
[2026-04-24 05:31:52,176][dowhy.causal_estimator][INFO] - INFO: Using Linear Regression Estimator
[2026-04-24 05:31:52,176][dowhy.causal_estimator][WARNING] - No directed path from ['X2'] to ['X5'].
[2026-04-24 05:31:52,177][dowhy.causal_model][INFO] - Model to find the causal effect of treatment ['X2'] on outcome ['X6']
[2026-04-24 05:31:52,177][dowhy.causal_identifier.auto_identifier][WARNING] - No directed path from treatment to outcome. Causal Effect is zero.
[2026-04-24 05:31:52,178][dowhy.causal_model][INFO] - linear_regression
[2026-04-24 05:31:52,178][dowhy.causal_estimator][INFO] - INFO: Using Linear Regression Estimator
[2026-04-24 05:31:52,178][dowhy.causal_estimator][WARNING] - No directed path from ['X2'] to ['X6'].
[2026-04-24 05:31:52,179][dowhy.causal_model][INFO] - Model to find the causal effect of treatment ['X2'] on outcome ['X7']
[2026-04-24 05:31:52,179][dowhy.causal_identifier.auto_identifier][WARNING] - No directed path from treatment to outcome. Causal Effect is zero.
[2026-04-24 05:31:52,179][dowhy.causal_model][INFO] - linear_regression
[2026-04-24 05:31:52,179][dowhy.causal_estimator][INFO] - INFO: Using Linear Regression Estimator
[2026-04-24 05:31:52,180][dowhy.causal_estimator][WARNING] - No directed path from ['X2'] to ['X7'].
[2026-04-24 05:31:52,181][dowhy.causal_model][INFO] - Model to find the causal effect of treatment ['X2'] on outcome ['X8']
[2026-04-24 05:31:52,184][dowhy.causal_identifier.auto_identifier][INFO] - Causal effect can be identified.
[2026-04-24 05:31:52,185][dowhy.causal_identifier.auto_identifier][INFO] - Instrumental variables for treatment and outcome:[]
[2026-04-24 05:31:52,185][dowhy.causal_identifier.auto_identifier][INFO] - Frontdoor variables for treatment and outcome:[]
[2026-04-24 05:31:52,185][dowhy.causal_model][INFO] - linear_regression
[2026-04-24 05:31:52,185][dowhy.causal_estimator][INFO] - INFO: Using Linear Regression Estimator
[2026-04-24 05:31:52,185][dowhy.causal_estimator][INFO] - b: X8~X2+X2*X7+X2*X3+X2*X6+X2*X1+X2*X0
[2026-04-24 05:31:52,194][dowhy.causal_model][INFO] - Model to find the causal effect of treatment ['X2'] on outcome ['X9']
[2026-04-24 05:31:52,197][dowhy.causal_identifier.auto_identifier][INFO] - Causal effect can be identified.
[2026-04-24 05:31:52,198][dowhy.causal_identifier.auto_identifier][INFO] - Instrumental variables for treatment and outcome:[]
[2026-04-24 05:31:52,198][dowhy.causal_identifier.auto_identifier][INFO] - Frontdoor variables for treatment and outcome:[]
[2026-04-24 05:31:52,198][dowhy.causal_model][INFO] - linear_regression
[2026-04-24 05:31:52,198][dowhy.causal_estimator][INFO] - INFO: Using Linear Regression Estimator
[2026-04-24 05:31:52,198][dowhy.causal_estimator][INFO] - b: X9~X2+X2*X7+X2*X3+X2*X6+X2*X1+X2*X0
[2026-04-24 05:31:52,206][dowhy.causal_model][INFO] - Model to find the causal effect of treatment ['X2'] on outcome ['X10']
[2026-04-24 05:31:52,209][dowhy.causal_identifier.auto_identifier][INFO] - Causal effect can be identified.
[2026-04-24 05:31:52,210][dowhy.causal_identifier.auto_identifier][INFO] - Instrumental variables for treatment and outcome:[]
[2026-04-24 05:31:52,212][dowhy.causal_identifier.auto_identifier][INFO] - Frontdoor variables for treatment and outcome:['X12', 'X8', 'X9']
[2026-04-24 05:31:52,215][dowhy.causal_identifier.auto_identifier][INFO] - Causal effect can be identified.
[2026-04-24 05:31:52,218][dowhy.causal_identifier.auto_identifier][INFO] - Causal effect can be identified.
[2026-04-24 05:31:52,220][dowhy.causal_model][INFO] - linear_regression
[2026-04-24 05:31:52,220][dowhy.causal_estimator][INFO] - INFO: Using Linear Regression Estimator
[2026-04-24 05:31:52,220][dowhy.causal_estimator][INFO] - b: X10~X2+X2*X7+X2*X5+X2*X6+X2*X3+X2*X4+X2*X1+X2*X0
[2026-04-24 05:31:52,228][dowhy.causal_model][INFO] - Model to find the causal effect of treatment ['X2'] on outcome ['X11']
[2026-04-24 05:31:52,228][dowhy.causal_identifier.auto_identifier][WARNING] - No directed path from treatment to outcome. Causal Effect is zero.
[2026-04-24 05:31:52,228][dowhy.causal_model][INFO] - linear_regression
[2026-04-24 05:31:52,228][dowhy.causal_estimator][INFO] - INFO: Using Linear Regression Estimator
[2026-04-24 05:31:52,228][dowhy.causal_estimator][WARNING] - No directed path from ['X2'] to ['X11'].
[2026-04-24 05:31:52,230][dowhy.causal_model][INFO] - Model to find the causal effect of treatment ['X2'] on outcome ['X12']
[2026-04-24 05:31:52,233][dowhy.causal_identifier.auto_identifier][INFO] - Causal effect can be identified.
[2026-04-24 05:31:52,233][dowhy.causal_identifier.auto_identifier][INFO] - Instrumental variables for treatment and outcome:[]
[2026-04-24 05:31:52,235][dowhy.causal_identifier.auto_identifier][INFO] - Frontdoor variables for treatment and outcome:[]
[2026-04-24 05:31:52,235][dowhy.causal_model][INFO] - linear_regression
[2026-04-24 05:31:52,235][dowhy.causal_estimator][INFO] - INFO: Using Linear Regression Estimator
[2026-04-24 05:31:52,235][dowhy.causal_estimator][INFO] - b: X12~X2+X2*X7+X2*X3+X2*X6+X2*X1+X2*X0
[2026-04-24 05:31:52,244][dowhy.causal_model][INFO] - Model to find the causal effect of treatment ['X2'] on outcome ['X13']
[2026-04-24 05:31:52,247][dowhy.causal_identifier.auto_identifier][INFO] - Causal effect can be identified.
[2026-04-24 05:31:52,248][dowhy.causal_identifier.auto_identifier][INFO] - Instrumental variables for treatment and outcome:[]
[2026-04-24 05:31:52,251][dowhy.causal_identifier.auto_identifier][INFO] - Frontdoor variables for treatment and outcome:['X8', 'X9', 'X12']
[2026-04-24 05:31:52,254][dowhy.causal_identifier.auto_identifier][INFO] - Causal effect can be identified.
[2026-04-24 05:31:52,258][dowhy.causal_identifier.auto_identifier][INFO] - Causal effect can be identified.
[2026-04-24 05:31:52,259][dowhy.causal_model][INFO] - linear_regression
[2026-04-24 05:31:52,259][dowhy.causal_estimator][INFO] - INFO: Using Linear Regression Estimator
[2026-04-24 05:31:52,259][dowhy.causal_estimator][INFO] - b: X13~X2+X2*X7+X2*X5+X2*X6+X2*X3+X2*X4+X2*X1+X2*X0
[2026-04-24 05:31:52,302][dowhy.causal_model][INFO] - Model to find the causal effect of treatment ['X3'] on outcome ['X0']
[2026-04-24 05:31:52,303][dowhy.causal_identifier.auto_identifier][WARNING] - No directed path from treatment to outcome. Causal Effect is zero.
[2026-04-24 05:31:52,303][dowhy.causal_model][INFO] - linear_regression
[2026-04-24 05:31:52,303][dowhy.causal_estimator][INFO] - INFO: Using Linear Regression Estimator
[2026-04-24 05:31:52,303][dowhy.causal_estimator][WARNING] - No directed path from ['X3'] to ['X0'].
[2026-04-24 05:31:52,305][dowhy.causal_model][INFO] - Model to find the causal effect of treatment ['X3'] on outcome ['X1']
[2026-04-24 05:31:52,305][dowhy.causal_identifier.auto_identifier][WARNING] - No directed path from treatment to outcome. Causal Effect is zero.
[2026-04-24 05:31:52,306][dowhy.causal_model][INFO] - linear_regression
[2026-04-24 05:31:52,306][dowhy.causal_estimator][INFO] - INFO: Using Linear Regression Estimator
[2026-04-24 05:31:52,306][dowhy.causal_estimator][WARNING] - No directed path from ['X3'] to ['X1'].
[2026-04-24 05:31:52,307][dowhy.causal_model][INFO] - Model to find the causal effect of treatment ['X3'] on outcome ['X2']
[2026-04-24 05:31:52,308][dowhy.causal_identifier.auto_identifier][WARNING] - No directed path from treatment to outcome. Causal Effect is zero.
[2026-04-24 05:31:52,308][dowhy.causal_model][INFO] - linear_regression
[2026-04-24 05:31:52,308][dowhy.causal_estimator][INFO] - INFO: Using Linear Regression Estimator
[2026-04-24 05:31:52,308][dowhy.causal_estimator][WARNING] - No directed path from ['X3'] to ['X2'].
[2026-04-24 05:31:52,310][dowhy.causal_model][INFO] - Model to find the causal effect of treatment ['X3'] on outcome ['X4']
[2026-04-24 05:31:52,310][dowhy.causal_identifier.auto_identifier][WARNING] - No directed path from treatment to outcome. Causal Effect is zero.
[2026-04-24 05:31:52,310][dowhy.causal_model][INFO] - linear_regression
[2026-04-24 05:31:52,310][dowhy.causal_estimator][INFO] - INFO: Using Linear Regression Estimator
[2026-04-24 05:31:52,310][dowhy.causal_estimator][WARNING] - No directed path from ['X3'] to ['X4'].
[2026-04-24 05:31:52,312][dowhy.causal_model][INFO] - Model to find the causal effect of treatment ['X3'] on outcome ['X5']
[2026-04-24 05:31:52,312][dowhy.causal_identifier.auto_identifier][WARNING] - No directed path from treatment to outcome. Causal Effect is zero.
[2026-04-24 05:31:52,312][dowhy.causal_model][INFO] - linear_regression
[2026-04-24 05:31:52,312][dowhy.causal_estimator][INFO] - INFO: Using Linear Regression Estimator
[2026-04-24 05:31:52,312][dowhy.causal_estimator][WARNING] - No directed path from ['X3'] to ['X5'].
[2026-04-24 05:31:52,314][dowhy.causal_model][INFO] - Model to find the causal effect of treatment ['X3'] on outcome ['X6']
[2026-04-24 05:31:52,314][dowhy.causal_identifier.auto_identifier][WARNING] - No directed path from treatment to outcome. Causal Effect is zero.
[2026-04-24 05:31:52,314][dowhy.causal_model][INFO] - linear_regression
[2026-04-24 05:31:52,314][dowhy.causal_estimator][INFO] - INFO: Using Linear Regression Estimator
[2026-04-24 05:31:52,314][dowhy.causal_estimator][WARNING] - No directed path from ['X3'] to ['X6'].
[2026-04-24 05:31:52,316][dowhy.causal_model][INFO] - Model to find the causal effect of treatment ['X3'] on outcome ['X7']
[2026-04-24 05:31:52,316][dowhy.causal_identifier.auto_identifier][WARNING] - No directed path from treatment to outcome. Causal Effect is zero.
[2026-04-24 05:31:52,316][dowhy.causal_model][INFO] - linear_regression
[2026-04-24 05:31:52,316][dowhy.causal_estimator][INFO] - INFO: Using Linear Regression Estimator
[2026-04-24 05:31:52,316][dowhy.causal_estimator][WARNING] - No directed path from ['X3'] to ['X7'].
[2026-04-24 05:31:52,318][dowhy.causal_model][INFO] - Model to find the causal effect of treatment ['X3'] on outcome ['X8']
[2026-04-24 05:31:52,321][dowhy.causal_identifier.auto_identifier][INFO] - Causal effect can be identified.
[2026-04-24 05:31:52,322][dowhy.causal_identifier.auto_identifier][INFO] - Instrumental variables for treatment and outcome:[]
[2026-04-24 05:31:52,322][dowhy.causal_identifier.auto_identifier][INFO] - Frontdoor variables for treatment and outcome:[]
[2026-04-24 05:31:52,322][dowhy.causal_model][INFO] - linear_regression
[2026-04-24 05:31:52,322][dowhy.causal_estimator][INFO] - INFO: Using Linear Regression Estimator
[2026-04-24 05:31:52,322][dowhy.causal_estimator][INFO] - b: X8~X3+X3*X7+X3*X6+X3*X2+X3*X1+X3*X0
[2026-04-24 05:31:52,332][dowhy.causal_model][INFO] - Model to find the causal effect of treatment ['X3'] on outcome ['X9']
[2026-04-24 05:31:52,334][dowhy.causal_identifier.auto_identifier][INFO] - Causal effect can be identified.
[2026-04-24 05:31:52,335][dowhy.causal_identifier.auto_identifier][INFO] - Instrumental variables for treatment and outcome:[]
[2026-04-24 05:31:52,336][dowhy.causal_identifier.auto_identifier][INFO] - Frontdoor variables for treatment and outcome:[]
[2026-04-24 05:31:52,336][dowhy.causal_model][INFO] - linear_regression
[2026-04-24 05:31:52,336][dowhy.causal_estimator][INFO] - INFO: Using Linear Regression Estimator
[2026-04-24 05:31:52,336][dowhy.causal_estimator][INFO] - b: X9~X3+X3*X7+X3*X6+X3*X2+X3*X1+X3*X0
[2026-04-24 05:31:52,345][dowhy.causal_model][INFO] - Model to find the causal effect of treatment ['X3'] on outcome ['X10']
[2026-04-24 05:31:52,349][dowhy.causal_identifier.auto_identifier][INFO] - Causal effect can be identified.
[2026-04-24 05:31:52,350][dowhy.causal_identifier.auto_identifier][INFO] - Instrumental variables for treatment and outcome:[]
[2026-04-24 05:31:52,351][dowhy.causal_identifier.auto_identifier][INFO] - Frontdoor variables for treatment and outcome:['X12', 'X8', 'X9']
[2026-04-24 05:31:52,355][dowhy.causal_identifier.auto_identifier][INFO] - Causal effect can be identified.
[2026-04-24 05:31:52,359][dowhy.causal_identifier.auto_identifier][INFO] - Causal effect can be identified.
[2026-04-24 05:31:52,360][dowhy.causal_model][INFO] - linear_regression
[2026-04-24 05:31:52,360][dowhy.causal_estimator][INFO] - INFO: Using Linear Regression Estimator
[2026-04-24 05:31:52,361][dowhy.causal_estimator][INFO] - b: X10~X3+X3*X7+X3*X5+X3*X6+X3*X4+X3*X2+X3*X1+X3*X0
[2026-04-24 05:31:52,370][dowhy.causal_model][INFO] - Model to find the causal effect of treatment ['X3'] on outcome ['X11']
[2026-04-24 05:31:52,371][dowhy.causal_identifier.auto_identifier][WARNING] - No directed path from treatment to outcome. Causal Effect is zero.
[2026-04-24 05:31:52,371][dowhy.causal_model][INFO] - linear_regression
[2026-04-24 05:31:52,371][dowhy.causal_estimator][INFO] - INFO: Using Linear Regression Estimator
[2026-04-24 05:31:52,371][dowhy.causal_estimator][WARNING] - No directed path from ['X3'] to ['X11'].
[2026-04-24 05:31:52,373][dowhy.causal_model][INFO] - Model to find the causal effect of treatment ['X3'] on outcome ['X12']
[2026-04-24 05:31:52,375][dowhy.causal_identifier.auto_identifier][INFO] - Causal effect can be identified.
[2026-04-24 05:31:52,377][dowhy.causal_identifier.auto_identifier][INFO] - Instrumental variables for treatment and outcome:[]
[2026-04-24 05:31:52,378][dowhy.causal_identifier.auto_identifier][INFO] - Frontdoor variables for treatment and outcome:[]
[2026-04-24 05:31:52,378][dowhy.causal_model][INFO] - linear_regression
[2026-04-24 05:31:52,378][dowhy.causal_estimator][INFO] - INFO: Using Linear Regression Estimator
[2026-04-24 05:31:52,379][dowhy.causal_estimator][INFO] - b: X12~X3+X3*X7+X3*X6+X3*X2+X3*X1+X3*X0
[2026-04-24 05:31:52,388][dowhy.causal_model][INFO] - Model to find the causal effect of treatment ['X3'] on outcome ['X13']
[2026-04-24 05:31:52,391][dowhy.causal_identifier.auto_identifier][INFO] - Causal effect can be identified.
[2026-04-24 05:31:52,392][dowhy.causal_identifier.auto_identifier][INFO] - Instrumental variables for treatment and outcome:[]
[2026-04-24 05:31:52,395][dowhy.causal_identifier.auto_identifier][INFO] - Frontdoor variables for treatment and outcome:['X8', 'X9', 'X12']
[2026-04-24 05:31:52,398][dowhy.causal_identifier.auto_identifier][INFO] - Causal effect can be identified.
[2026-04-24 05:31:52,402][dowhy.causal_identifier.auto_identifier][INFO] - Causal effect can be identified.
[2026-04-24 05:31:52,403][dowhy.causal_model][INFO] - linear_regression
[2026-04-24 05:31:52,403][dowhy.causal_estimator][INFO] - INFO: Using Linear Regression Estimator
[2026-04-24 05:31:52,403][dowhy.causal_estimator][INFO] - b: X13~X3+X3*X7+X3*X5+X3*X6+X3*X4+X3*X2+X3*X1+X3*X0
[2026-04-24 05:31:52,447][dowhy.causal_model][INFO] - Model to find the causal effect of treatment ['X4'] on outcome ['X0']
[2026-04-24 05:31:52,447][dowhy.causal_identifier.auto_identifier][WARNING] - No directed path from treatment to outcome. Causal Effect is zero.
[2026-04-24 05:31:52,447][dowhy.causal_model][INFO] - linear_regression
[2026-04-24 05:31:52,447][dowhy.causal_estimator][INFO] - INFO: Using Linear Regression Estimator
[2026-04-24 05:31:52,447][dowhy.causal_estimator][WARNING] - No directed path from ['X4'] to ['X0'].
[2026-04-24 05:31:52,449][dowhy.causal_model][INFO] - Model to find the causal effect of treatment ['X4'] on outcome ['X1']
[2026-04-24 05:31:52,449][dowhy.causal_identifier.auto_identifier][WARNING] - No directed path from treatment to outcome. Causal Effect is zero.
[2026-04-24 05:31:52,449][dowhy.causal_model][INFO] - linear_regression
[2026-04-24 05:31:52,449][dowhy.causal_estimator][INFO] - INFO: Using Linear Regression Estimator
[2026-04-24 05:31:52,449][dowhy.causal_estimator][WARNING] - No directed path from ['X4'] to ['X1'].
[2026-04-24 05:31:52,451][dowhy.causal_model][INFO] - Model to find the causal effect of treatment ['X4'] on outcome ['X2']
[2026-04-24 05:31:52,451][dowhy.causal_identifier.auto_identifier][WARNING] - No directed path from treatment to outcome. Causal Effect is zero.
[2026-04-24 05:31:52,451][dowhy.causal_model][INFO] - linear_regression
[2026-04-24 05:31:52,451][dowhy.causal_estimator][INFO] - INFO: Using Linear Regression Estimator
[2026-04-24 05:31:52,451][dowhy.causal_estimator][WARNING] - No directed path from ['X4'] to ['X2'].
[2026-04-24 05:31:52,453][dowhy.causal_model][INFO] - Model to find the causal effect of treatment ['X4'] on outcome ['X3']
[2026-04-24 05:31:52,453][dowhy.causal_identifier.auto_identifier][WARNING] - No directed path from treatment to outcome. Causal Effect is zero.
[2026-04-24 05:31:52,453][dowhy.causal_model][INFO] - linear_regression
[2026-04-24 05:31:52,453][dowhy.causal_estimator][INFO] - INFO: Using Linear Regression Estimator
[2026-04-24 05:31:52,453][dowhy.causal_estimator][WARNING] - No directed path from ['X4'] to ['X3'].
[2026-04-24 05:31:52,455][dowhy.causal_model][INFO] - Model to find the causal effect of treatment ['X4'] on outcome ['X5']
[2026-04-24 05:31:52,455][dowhy.causal_identifier.auto_identifier][WARNING] - No directed path from treatment to outcome. Causal Effect is zero.
[2026-04-24 05:31:52,455][dowhy.causal_model][INFO] - linear_regression
[2026-04-24 05:31:52,455][dowhy.causal_estimator][INFO] - INFO: Using Linear Regression Estimator
[2026-04-24 05:31:52,455][dowhy.causal_estimator][WARNING] - No directed path from ['X4'] to ['X5'].
[2026-04-24 05:31:52,457][dowhy.causal_model][INFO] - Model to find the causal effect of treatment ['X4'] on outcome ['X6']
[2026-04-24 05:31:52,457][dowhy.causal_identifier.auto_identifier][WARNING] - No directed path from treatment to outcome. Causal Effect is zero.
[2026-04-24 05:31:52,457][dowhy.causal_model][INFO] - linear_regression
[2026-04-24 05:31:52,457][dowhy.causal_estimator][INFO] - INFO: Using Linear Regression Estimator
[2026-04-24 05:31:52,457][dowhy.causal_estimator][WARNING] - No directed path from ['X4'] to ['X6'].
[2026-04-24 05:31:52,458][dowhy.causal_model][INFO] - Model to find the causal effect of treatment ['X4'] on outcome ['X7']
[2026-04-24 05:31:52,459][dowhy.causal_identifier.auto_identifier][WARNING] - No directed path from treatment to outcome. Causal Effect is zero.
[2026-04-24 05:31:52,459][dowhy.causal_model][INFO] - linear_regression
[2026-04-24 05:31:52,459][dowhy.causal_estimator][INFO] - INFO: Using Linear Regression Estimator
[2026-04-24 05:31:52,459][dowhy.causal_estimator][WARNING] - No directed path from ['X4'] to ['X7'].
[2026-04-24 05:31:52,460][dowhy.causal_model][INFO] - Model to find the causal effect of treatment ['X4'] on outcome ['X8']
[2026-04-24 05:31:52,460][dowhy.causal_identifier.auto_identifier][WARNING] - No directed path from treatment to outcome. Causal Effect is zero.
[2026-04-24 05:31:52,460][dowhy.causal_model][INFO] - linear_regression
[2026-04-24 05:31:52,461][dowhy.causal_estimator][INFO] - INFO: Using Linear Regression Estimator
[2026-04-24 05:31:52,461][dowhy.causal_estimator][WARNING] - No directed path from ['X4'] to ['X8'].
[2026-04-24 05:31:52,462][dowhy.causal_model][INFO] - Model to find the causal effect of treatment ['X4'] on outcome ['X9']
[2026-04-24 05:31:52,462][dowhy.causal_identifier.auto_identifier][WARNING] - No directed path from treatment to outcome. Causal Effect is zero.
[2026-04-24 05:31:52,462][dowhy.causal_model][INFO] - linear_regression
[2026-04-24 05:31:52,462][dowhy.causal_estimator][INFO] - INFO: Using Linear Regression Estimator
[2026-04-24 05:31:52,462][dowhy.causal_estimator][WARNING] - No directed path from ['X4'] to ['X9'].
[2026-04-24 05:31:52,464][dowhy.causal_model][INFO] - Model to find the causal effect of treatment ['X4'] on outcome ['X10']
[2026-04-24 05:31:52,468][dowhy.causal_identifier.auto_identifier][INFO] - Causal effect can be identified.
[2026-04-24 05:31:52,469][dowhy.causal_identifier.auto_identifier][INFO] - Instrumental variables for treatment and outcome:[]
[2026-04-24 05:31:52,469][dowhy.causal_identifier.auto_identifier][INFO] - Frontdoor variables for treatment and outcome:[]
[2026-04-24 05:31:52,469][dowhy.causal_model][INFO] - linear_regression
[2026-04-24 05:31:52,469][dowhy.causal_estimator][INFO] - INFO: Using Linear Regression Estimator
[2026-04-24 05:31:52,470][dowhy.causal_estimator][INFO] - b: X10~X4+X4*X7+X4*X5+X4*X6+X4*X1+X4*X8+X4*X9+X4*X3+X4*X2+X4*X0
[2026-04-24 05:31:52,478][dowhy.causal_model][INFO] - Model to find the causal effect of treatment ['X4'] on outcome ['X11']
[2026-04-24 05:31:52,478][dowhy.causal_identifier.auto_identifier][WARNING] - No directed path from treatment to outcome. Causal Effect is zero.
[2026-04-24 05:31:52,478][dowhy.causal_model][INFO] - linear_regression
[2026-04-24 05:31:52,479][dowhy.causal_estimator][INFO] - INFO: Using Linear Regression Estimator
[2026-04-24 05:31:52,479][dowhy.causal_estimator][WARNING] - No directed path from ['X4'] to ['X11'].
[2026-04-24 05:31:52,480][dowhy.causal_model][INFO] - Model to find the causal effect of treatment ['X4'] on outcome ['X12']
[2026-04-24 05:31:52,480][dowhy.causal_identifier.auto_identifier][WARNING] - No directed path from treatment to outcome. Causal Effect is zero.
[2026-04-24 05:31:52,480][dowhy.causal_model][INFO] - linear_regression
[2026-04-24 05:31:52,480][dowhy.causal_estimator][INFO] - INFO: Using Linear Regression Estimator
[2026-04-24 05:31:52,480][dowhy.causal_estimator][WARNING] - No directed path from ['X4'] to ['X12'].
[2026-04-24 05:31:52,482][dowhy.causal_model][INFO] - Model to find the causal effect of treatment ['X4'] on outcome ['X13']
[2026-04-24 05:31:52,486][dowhy.causal_identifier.auto_identifier][INFO] - Causal effect can be identified.
[2026-04-24 05:31:52,487][dowhy.causal_identifier.auto_identifier][INFO] - Instrumental variables for treatment and outcome:[]
[2026-04-24 05:31:52,487][dowhy.causal_identifier.auto_identifier][INFO] - Frontdoor variables for treatment and outcome:[]
[2026-04-24 05:31:52,487][dowhy.causal_model][INFO] - linear_regression
[2026-04-24 05:31:52,487][dowhy.causal_estimator][INFO] - INFO: Using Linear Regression Estimator
[2026-04-24 05:31:52,488][dowhy.causal_estimator][INFO] - b: X13~X4+X4*X7+X4*X5+X4*X6+X4*X1+X4*X8+X4*X9+X4*X3+X4*X2+X4*X0
[2026-04-24 05:31:52,531][dowhy.causal_model][INFO] - Model to find the causal effect of treatment ['X5'] on outcome ['X0']
[2026-04-24 05:31:52,531][dowhy.causal_identifier.auto_identifier][WARNING] - No directed path from treatment to outcome. Causal Effect is zero.
[2026-04-24 05:31:52,531][dowhy.causal_model][INFO] - linear_regression
[2026-04-24 05:31:52,531][dowhy.causal_estimator][INFO] - INFO: Using Linear Regression Estimator
[2026-04-24 05:31:52,531][dowhy.causal_estimator][WARNING] - No directed path from ['X5'] to ['X0'].
[2026-04-24 05:31:52,533][dowhy.causal_model][INFO] - Model to find the causal effect of treatment ['X5'] on outcome ['X1']
[2026-04-24 05:31:52,533][dowhy.causal_identifier.auto_identifier][WARNING] - No directed path from treatment to outcome. Causal Effect is zero.
[2026-04-24 05:31:52,533][dowhy.causal_model][INFO] - linear_regression
[2026-04-24 05:31:52,533][dowhy.causal_estimator][INFO] - INFO: Using Linear Regression Estimator
[2026-04-24 05:31:52,533][dowhy.causal_estimator][WARNING] - No directed path from ['X5'] to ['X1'].
[2026-04-24 05:31:52,535][dowhy.causal_model][INFO] - Model to find the causal effect of treatment ['X5'] on outcome ['X2']
[2026-04-24 05:31:52,535][dowhy.causal_identifier.auto_identifier][WARNING] - No directed path from treatment to outcome. Causal Effect is zero.
[2026-04-24 05:31:52,535][dowhy.causal_model][INFO] - linear_regression
[2026-04-24 05:31:52,535][dowhy.causal_estimator][INFO] - INFO: Using Linear Regression Estimator
[2026-04-24 05:31:52,535][dowhy.causal_estimator][WARNING] - No directed path from ['X5'] to ['X2'].
[2026-04-24 05:31:52,537][dowhy.causal_model][INFO] - Model to find the causal effect of treatment ['X5'] on outcome ['X3']
[2026-04-24 05:31:52,537][dowhy.causal_identifier.auto_identifier][WARNING] - No directed path from treatment to outcome. Causal Effect is zero.
[2026-04-24 05:31:52,537][dowhy.causal_model][INFO] - linear_regression
[2026-04-24 05:31:52,537][dowhy.causal_estimator][INFO] - INFO: Using Linear Regression Estimator
[2026-04-24 05:31:52,537][dowhy.causal_estimator][WARNING] - No directed path from ['X5'] to ['X3'].
[2026-04-24 05:31:52,539][dowhy.causal_model][INFO] - Model to find the causal effect of treatment ['X5'] on outcome ['X4']
[2026-04-24 05:31:52,539][dowhy.causal_identifier.auto_identifier][WARNING] - No directed path from treatment to outcome. Causal Effect is zero.
[2026-04-24 05:31:52,539][dowhy.causal_model][INFO] - linear_regression
[2026-04-24 05:31:52,539][dowhy.causal_estimator][INFO] - INFO: Using Linear Regression Estimator
[2026-04-24 05:31:52,539][dowhy.causal_estimator][WARNING] - No directed path from ['X5'] to ['X4'].
[2026-04-24 05:31:52,541][dowhy.causal_model][INFO] - Model to find the causal effect of treatment ['X5'] on outcome ['X6']
[2026-04-24 05:31:52,541][dowhy.causal_identifier.auto_identifier][WARNING] - No directed path from treatment to outcome. Causal Effect is zero.
[2026-04-24 05:31:52,541][dowhy.causal_model][INFO] - linear_regression
[2026-04-24 05:31:52,541][dowhy.causal_estimator][INFO] - INFO: Using Linear Regression Estimator
[2026-04-24 05:31:52,541][dowhy.causal_estimator][WARNING] - No directed path from ['X5'] to ['X6'].
[2026-04-24 05:31:52,543][dowhy.causal_model][INFO] - Model to find the causal effect of treatment ['X5'] on outcome ['X7']
[2026-04-24 05:31:52,543][dowhy.causal_identifier.auto_identifier][WARNING] - No directed path from treatment to outcome. Causal Effect is zero.
[2026-04-24 05:31:52,543][dowhy.causal_model][INFO] - linear_regression
[2026-04-24 05:31:52,543][dowhy.causal_estimator][INFO] - INFO: Using Linear Regression Estimator
[2026-04-24 05:31:52,543][dowhy.causal_estimator][WARNING] - No directed path from ['X5'] to ['X7'].
[2026-04-24 05:31:52,545][dowhy.causal_model][INFO] - Model to find the causal effect of treatment ['X5'] on outcome ['X8']
[2026-04-24 05:31:52,545][dowhy.causal_identifier.auto_identifier][WARNING] - No directed path from treatment to outcome. Causal Effect is zero.
[2026-04-24 05:31:52,545][dowhy.causal_model][INFO] - linear_regression
[2026-04-24 05:31:52,545][dowhy.causal_estimator][INFO] - INFO: Using Linear Regression Estimator
[2026-04-24 05:31:52,545][dowhy.causal_estimator][WARNING] - No directed path from ['X5'] to ['X8'].
[2026-04-24 05:31:52,547][dowhy.causal_model][INFO] - Model to find the causal effect of treatment ['X5'] on outcome ['X9']
[2026-04-24 05:31:52,547][dowhy.causal_identifier.auto_identifier][WARNING] - No directed path from treatment to outcome. Causal Effect is zero.
[2026-04-24 05:31:52,547][dowhy.causal_model][INFO] - linear_regression
[2026-04-24 05:31:52,547][dowhy.causal_estimator][INFO] - INFO: Using Linear Regression Estimator
[2026-04-24 05:31:52,547][dowhy.causal_estimator][WARNING] - No directed path from ['X5'] to ['X9'].
[2026-04-24 05:31:52,549][dowhy.causal_model][INFO] - Model to find the causal effect of treatment ['X5'] on outcome ['X10']
[2026-04-24 05:31:52,553][dowhy.causal_identifier.auto_identifier][INFO] - Causal effect can be identified.
[2026-04-24 05:31:52,555][dowhy.causal_identifier.auto_identifier][INFO] - Instrumental variables for treatment and outcome:[]
[2026-04-24 05:31:52,555][dowhy.causal_identifier.auto_identifier][INFO] - Frontdoor variables for treatment and outcome:[]
[2026-04-24 05:31:52,555][dowhy.causal_model][INFO] - linear_regression
[2026-04-24 05:31:52,555][dowhy.causal_estimator][INFO] - INFO: Using Linear Regression Estimator
[2026-04-24 05:31:52,555][dowhy.causal_estimator][INFO] - b: X10~X5+X5*X7+X5*X4+X5*X6+X5*X1+X5*X8+X5*X9+X5*X3+X5*X2+X5*X0
[2026-04-24 05:31:52,565][dowhy.causal_model][INFO] - Model to find the causal effect of treatment ['X5'] on outcome ['X11']
[2026-04-24 05:31:52,565][dowhy.causal_identifier.auto_identifier][WARNING] - No directed path from treatment to outcome. Causal Effect is zero.
[2026-04-24 05:31:52,565][dowhy.causal_model][INFO] - linear_regression
[2026-04-24 05:31:52,565][dowhy.causal_estimator][INFO] - INFO: Using Linear Regression Estimator
[2026-04-24 05:31:52,565][dowhy.causal_estimator][WARNING] - No directed path from ['X5'] to ['X11'].
[2026-04-24 05:31:52,567][dowhy.causal_model][INFO] - Model to find the causal effect of treatment ['X5'] on outcome ['X12']
[2026-04-24 05:31:52,567][dowhy.causal_identifier.auto_identifier][WARNING] - No directed path from treatment to outcome. Causal Effect is zero.
[2026-04-24 05:31:52,567][dowhy.causal_model][INFO] - linear_regression
[2026-04-24 05:31:52,567][dowhy.causal_estimator][INFO] - INFO: Using Linear Regression Estimator
[2026-04-24 05:31:52,568][dowhy.causal_estimator][WARNING] - No directed path from ['X5'] to ['X12'].
[2026-04-24 05:31:52,569][dowhy.causal_model][INFO] - Model to find the causal effect of treatment ['X5'] on outcome ['X13']
[2026-04-24 05:31:52,573][dowhy.causal_identifier.auto_identifier][INFO] - Causal effect can be identified.
[2026-04-24 05:31:52,575][dowhy.causal_identifier.auto_identifier][INFO] - Instrumental variables for treatment and outcome:[]
[2026-04-24 05:31:52,575][dowhy.causal_identifier.auto_identifier][INFO] - Frontdoor variables for treatment and outcome:[]
[2026-04-24 05:31:52,575][dowhy.causal_model][INFO] - linear_regression
[2026-04-24 05:31:52,575][dowhy.causal_estimator][INFO] - INFO: Using Linear Regression Estimator
[2026-04-24 05:31:52,575][dowhy.causal_estimator][INFO] - b: X13~X5+X5*X7+X5*X4+X5*X6+X5*X1+X5*X8+X5*X9+X5*X3+X5*X2+X5*X0
[2026-04-24 05:31:52,628][dowhy.causal_model][INFO] - Model to find the causal effect of treatment ['X6'] on outcome ['X0']
[2026-04-24 05:31:52,628][dowhy.causal_identifier.auto_identifier][WARNING] - No directed path from treatment to outcome. Causal Effect is zero.
[2026-04-24 05:31:52,628][dowhy.causal_model][INFO] - linear_regression
[2026-04-24 05:31:52,628][dowhy.causal_estimator][INFO] - INFO: Using Linear Regression Estimator
[2026-04-24 05:31:52,628][dowhy.causal_estimator][WARNING] - No directed path from ['X6'] to ['X0'].
[2026-04-24 05:31:52,630][dowhy.causal_model][INFO] - Model to find the causal effect of treatment ['X6'] on outcome ['X1']
[2026-04-24 05:31:52,630][dowhy.causal_identifier.auto_identifier][WARNING] - No directed path from treatment to outcome. Causal Effect is zero.
[2026-04-24 05:31:52,630][dowhy.causal_model][INFO] - linear_regression
[2026-04-24 05:31:52,631][dowhy.causal_estimator][INFO] - INFO: Using Linear Regression Estimator
[2026-04-24 05:31:52,631][dowhy.causal_estimator][WARNING] - No directed path from ['X6'] to ['X1'].
[2026-04-24 05:31:52,632][dowhy.causal_model][INFO] - Model to find the causal effect of treatment ['X6'] on outcome ['X2']
[2026-04-24 05:31:52,632][dowhy.causal_identifier.auto_identifier][WARNING] - No directed path from treatment to outcome. Causal Effect is zero.
[2026-04-24 05:31:52,632][dowhy.causal_model][INFO] - linear_regression
[2026-04-24 05:31:52,632][dowhy.causal_estimator][INFO] - INFO: Using Linear Regression Estimator
[2026-04-24 05:31:52,633][dowhy.causal_estimator][WARNING] - No directed path from ['X6'] to ['X2'].
[2026-04-24 05:31:52,634][dowhy.causal_model][INFO] - Model to find the causal effect of treatment ['X6'] on outcome ['X3']
[2026-04-24 05:31:52,634][dowhy.causal_identifier.auto_identifier][WARNING] - No directed path from treatment to outcome. Causal Effect is zero.
[2026-04-24 05:31:52,634][dowhy.causal_model][INFO] - linear_regression
[2026-04-24 05:31:52,634][dowhy.causal_estimator][INFO] - INFO: Using Linear Regression Estimator
[2026-04-24 05:31:52,634][dowhy.causal_estimator][WARNING] - No directed path from ['X6'] to ['X3'].
[2026-04-24 05:31:52,636][dowhy.causal_model][INFO] - Model to find the causal effect of treatment ['X6'] on outcome ['X4']
[2026-04-24 05:31:52,636][dowhy.causal_identifier.auto_identifier][WARNING] - No directed path from treatment to outcome. Causal Effect is zero.
[2026-04-24 05:31:52,636][dowhy.causal_model][INFO] - linear_regression
[2026-04-24 05:31:52,636][dowhy.causal_estimator][INFO] - INFO: Using Linear Regression Estimator
[2026-04-24 05:31:52,636][dowhy.causal_estimator][WARNING] - No directed path from ['X6'] to ['X4'].
[2026-04-24 05:31:52,638][dowhy.causal_model][INFO] - Model to find the causal effect of treatment ['X6'] on outcome ['X5']
[2026-04-24 05:31:52,638][dowhy.causal_identifier.auto_identifier][WARNING] - No directed path from treatment to outcome. Causal Effect is zero.
[2026-04-24 05:31:52,638][dowhy.causal_model][INFO] - linear_regression
[2026-04-24 05:31:52,638][dowhy.causal_estimator][INFO] - INFO: Using Linear Regression Estimator
[2026-04-24 05:31:52,638][dowhy.causal_estimator][WARNING] - No directed path from ['X6'] to ['X5'].
[2026-04-24 05:31:52,640][dowhy.causal_model][INFO] - Model to find the causal effect of treatment ['X6'] on outcome ['X7']
[2026-04-24 05:31:52,642][dowhy.causal_identifier.auto_identifier][INFO] - Causal effect can be identified.
[2026-04-24 05:31:52,642][dowhy.causal_identifier.auto_identifier][INFO] - Instrumental variables for treatment and outcome:['X0']
[2026-04-24 05:31:52,643][dowhy.causal_identifier.auto_identifier][INFO] - Frontdoor variables for treatment and outcome:[]
[2026-04-24 05:31:52,643][dowhy.causal_model][INFO] - linear_regression
[2026-04-24 05:31:52,643][dowhy.causal_estimator][INFO] - INFO: Using Linear Regression Estimator
[2026-04-24 05:31:52,643][dowhy.causal_estimator][INFO] - b: X7~X6+X1
[2026-04-24 05:31:52,651][dowhy.causal_model][INFO] - Model to find the causal effect of treatment ['X6'] on outcome ['X8']
[2026-04-24 05:31:52,653][dowhy.causal_identifier.auto_identifier][INFO] - Causal effect can be identified.
[2026-04-24 05:31:52,654][dowhy.causal_identifier.auto_identifier][INFO] - Instrumental variables for treatment and outcome:['X0']
[2026-04-24 05:31:52,655][dowhy.causal_identifier.auto_identifier][INFO] - Frontdoor variables for treatment and outcome:[]
[2026-04-24 05:31:52,655][dowhy.causal_model][INFO] - linear_regression
[2026-04-24 05:31:52,655][dowhy.causal_estimator][INFO] - INFO: Using Linear Regression Estimator
[2026-04-24 05:31:52,655][dowhy.causal_estimator][INFO] - b: X8~X6+X1+X6*X2+X6*X3
[2026-04-24 05:31:52,665][dowhy.causal_model][INFO] - Model to find the causal effect of treatment ['X6'] on outcome ['X9']
[2026-04-24 05:31:52,667][dowhy.causal_identifier.auto_identifier][INFO] - Causal effect can be identified.
[2026-04-24 05:31:52,667][dowhy.causal_identifier.auto_identifier][INFO] - Instrumental variables for treatment and outcome:['X0']
[2026-04-24 05:31:52,670][dowhy.causal_identifier.auto_identifier][INFO] - Frontdoor variables for treatment and outcome:[]
[2026-04-24 05:31:52,670][dowhy.causal_model][INFO] - linear_regression
[2026-04-24 05:31:52,670][dowhy.causal_estimator][INFO] - INFO: Using Linear Regression Estimator
[2026-04-24 05:31:52,671][dowhy.causal_estimator][INFO] - b: X9~X6+X1+X6*X3+X6*X2
[2026-04-24 05:31:52,680][dowhy.causal_model][INFO] - Model to find the causal effect of treatment ['X6'] on outcome ['X10']
[2026-04-24 05:31:52,682][dowhy.causal_identifier.auto_identifier][INFO] - Causal effect can be identified.
[2026-04-24 05:31:52,683][dowhy.causal_identifier.auto_identifier][INFO] - Instrumental variables for treatment and outcome:['X0']
[2026-04-24 05:31:52,689][dowhy.causal_identifier.auto_identifier][INFO] - Frontdoor variables for treatment and outcome:[]
[2026-04-24 05:31:52,690][dowhy.causal_model][INFO] - linear_regression
[2026-04-24 05:31:52,690][dowhy.causal_estimator][INFO] - INFO: Using Linear Regression Estimator
[2026-04-24 05:31:52,690][dowhy.causal_estimator][INFO] - b: X10~X6+X1+X6*X3+X6*X4+X6*X5+X6*X2
[2026-04-24 05:31:52,700][dowhy.causal_model][INFO] - Model to find the causal effect of treatment ['X6'] on outcome ['X11']
[2026-04-24 05:31:52,701][dowhy.causal_identifier.auto_identifier][INFO] - Causal effect can be identified.
[2026-04-24 05:31:52,702][dowhy.causal_identifier.auto_identifier][INFO] - Instrumental variables for treatment and outcome:['X1']
[2026-04-24 05:31:52,708][dowhy.causal_identifier.auto_identifier][INFO] - Frontdoor variables for treatment and outcome:[]
[2026-04-24 05:31:52,708][dowhy.causal_model][INFO] - linear_regression
[2026-04-24 05:31:52,709][dowhy.causal_estimator][INFO] - INFO: Using Linear Regression Estimator
[2026-04-24 05:31:52,709][dowhy.causal_estimator][INFO] - b: X11~X6+X0
[2026-04-24 05:31:52,717][dowhy.causal_model][INFO] - Model to find the causal effect of treatment ['X6'] on outcome ['X12']
[2026-04-24 05:31:52,719][dowhy.causal_identifier.auto_identifier][INFO] - Causal effect can be identified.
[2026-04-24 05:31:52,719][dowhy.causal_identifier.auto_identifier][INFO] - Instrumental variables for treatment and outcome:['X0']
[2026-04-24 05:31:52,730][dowhy.causal_identifier.auto_identifier][INFO] - Frontdoor variables for treatment and outcome:[]
[2026-04-24 05:31:52,730][dowhy.causal_model][INFO] - linear_regression
[2026-04-24 05:31:52,730][dowhy.causal_estimator][INFO] - INFO: Using Linear Regression Estimator
[2026-04-24 05:31:52,731][dowhy.causal_estimator][INFO] - b: X12~X6+X1+X6*X3+X6*X2
[2026-04-24 05:31:52,740][dowhy.causal_model][INFO] - Model to find the causal effect of treatment ['X6'] on outcome ['X13']
[2026-04-24 05:31:52,742][dowhy.causal_identifier.auto_identifier][INFO] - Causal effect can be identified.
[2026-04-24 05:31:52,742][dowhy.causal_identifier.auto_identifier][INFO] - Instrumental variables for treatment and outcome:['X0']
[2026-04-24 05:31:52,757][dowhy.causal_identifier.auto_identifier][INFO] - Frontdoor variables for treatment and outcome:[]
[2026-04-24 05:31:52,757][dowhy.causal_model][INFO] - linear_regression
[2026-04-24 05:31:52,757][dowhy.causal_estimator][INFO] - INFO: Using Linear Regression Estimator
[2026-04-24 05:31:52,757][dowhy.causal_estimator][INFO] - b: X13~X6+X1+X6*X4+X6*X2+X6*X5+X6*X3
[2026-04-24 05:31:52,808][dowhy.causal_model][INFO] - Model to find the causal effect of treatment ['X7'] on outcome ['X0']
[2026-04-24 05:31:52,808][dowhy.causal_identifier.auto_identifier][WARNING] - No directed path from treatment to outcome. Causal Effect is zero.
[2026-04-24 05:31:52,808][dowhy.causal_model][INFO] - linear_regression
[2026-04-24 05:31:52,808][dowhy.causal_estimator][INFO] - INFO: Using Linear Regression Estimator
[2026-04-24 05:31:52,808][dowhy.causal_estimator][WARNING] - No directed path from ['X7'] to ['X0'].
[2026-04-24 05:31:52,810][dowhy.causal_model][INFO] - Model to find the causal effect of treatment ['X7'] on outcome ['X1']
[2026-04-24 05:31:52,810][dowhy.causal_identifier.auto_identifier][WARNING] - No directed path from treatment to outcome. Causal Effect is zero.
[2026-04-24 05:31:52,810][dowhy.causal_model][INFO] - linear_regression
[2026-04-24 05:31:52,811][dowhy.causal_estimator][INFO] - INFO: Using Linear Regression Estimator
[2026-04-24 05:31:52,811][dowhy.causal_estimator][WARNING] - No directed path from ['X7'] to ['X1'].
[2026-04-24 05:31:52,812][dowhy.causal_model][INFO] - Model to find the causal effect of treatment ['X7'] on outcome ['X2']
[2026-04-24 05:31:52,812][dowhy.causal_identifier.auto_identifier][WARNING] - No directed path from treatment to outcome. Causal Effect is zero.
[2026-04-24 05:31:52,813][dowhy.causal_model][INFO] - linear_regression
[2026-04-24 05:31:52,813][dowhy.causal_estimator][INFO] - INFO: Using Linear Regression Estimator
[2026-04-24 05:31:52,813][dowhy.causal_estimator][WARNING] - No directed path from ['X7'] to ['X2'].
[2026-04-24 05:31:52,814][dowhy.causal_model][INFO] - Model to find the causal effect of treatment ['X7'] on outcome ['X3']
[2026-04-24 05:31:52,814][dowhy.causal_identifier.auto_identifier][WARNING] - No directed path from treatment to outcome. Causal Effect is zero.
[2026-04-24 05:31:52,815][dowhy.causal_model][INFO] - linear_regression
[2026-04-24 05:31:52,815][dowhy.causal_estimator][INFO] - INFO: Using Linear Regression Estimator
[2026-04-24 05:31:52,815][dowhy.causal_estimator][WARNING] - No directed path from ['X7'] to ['X3'].
[2026-04-24 05:31:52,817][dowhy.causal_model][INFO] - Model to find the causal effect of treatment ['X7'] on outcome ['X4']
[2026-04-24 05:31:52,817][dowhy.causal_identifier.auto_identifier][WARNING] - No directed path from treatment to outcome. Causal Effect is zero.
[2026-04-24 05:31:52,817][dowhy.causal_model][INFO] - linear_regression
[2026-04-24 05:31:52,817][dowhy.causal_estimator][INFO] - INFO: Using Linear Regression Estimator
[2026-04-24 05:31:52,817][dowhy.causal_estimator][WARNING] - No directed path from ['X7'] to ['X4'].
[2026-04-24 05:31:52,819][dowhy.causal_model][INFO] - Model to find the causal effect of treatment ['X7'] on outcome ['X5']
[2026-04-24 05:31:52,819][dowhy.causal_identifier.auto_identifier][WARNING] - No directed path from treatment to outcome. Causal Effect is zero.
[2026-04-24 05:31:52,819][dowhy.causal_model][INFO] - linear_regression
[2026-04-24 05:31:52,819][dowhy.causal_estimator][INFO] - INFO: Using Linear Regression Estimator
[2026-04-24 05:31:52,819][dowhy.causal_estimator][WARNING] - No directed path from ['X7'] to ['X5'].
[2026-04-24 05:31:52,821][dowhy.causal_model][INFO] - Model to find the causal effect of treatment ['X7'] on outcome ['X6']
[2026-04-24 05:31:52,821][dowhy.causal_identifier.auto_identifier][WARNING] - No directed path from treatment to outcome. Causal Effect is zero.
[2026-04-24 05:31:52,821][dowhy.causal_model][INFO] - linear_regression
[2026-04-24 05:31:52,821][dowhy.causal_estimator][INFO] - INFO: Using Linear Regression Estimator
[2026-04-24 05:31:52,821][dowhy.causal_estimator][WARNING] - No directed path from ['X7'] to ['X6'].
[2026-04-24 05:31:52,823][dowhy.causal_model][INFO] - Model to find the causal effect of treatment ['X7'] on outcome ['X8']
[2026-04-24 05:31:52,825][dowhy.causal_identifier.auto_identifier][INFO] - Causal effect can be identified.
[2026-04-24 05:31:52,826][dowhy.causal_identifier.auto_identifier][INFO] - Instrumental variables for treatment and outcome:['X6', 'X1']
[2026-04-24 05:31:52,827][dowhy.causal_identifier.auto_identifier][INFO] - Frontdoor variables for treatment and outcome:[]
[2026-04-24 05:31:52,827][dowhy.causal_model][INFO] - linear_regression
[2026-04-24 05:31:52,827][dowhy.causal_estimator][INFO] - INFO: Using Linear Regression Estimator
[2026-04-24 05:31:52,827][dowhy.causal_estimator][INFO] - b: X8~X7+X7*X3+X7*X2
[2026-04-24 05:31:52,836][dowhy.causal_model][INFO] - Model to find the causal effect of treatment ['X7'] on outcome ['X9']
[2026-04-24 05:31:52,838][dowhy.causal_identifier.auto_identifier][INFO] - Causal effect can be identified.
[2026-04-24 05:31:52,839][dowhy.causal_identifier.auto_identifier][INFO] - Instrumental variables for treatment and outcome:['X6', 'X1']
[2026-04-24 05:31:52,840][dowhy.causal_identifier.auto_identifier][INFO] - Frontdoor variables for treatment and outcome:[]
[2026-04-24 05:31:52,840][dowhy.causal_model][INFO] - linear_regression
[2026-04-24 05:31:52,840][dowhy.causal_estimator][INFO] - INFO: Using Linear Regression Estimator
[2026-04-24 05:31:52,840][dowhy.causal_estimator][INFO] - b: X9~X7+X7*X3+X7*X2
[2026-04-24 05:31:52,848][dowhy.causal_model][INFO] - Model to find the causal effect of treatment ['X7'] on outcome ['X10']
[2026-04-24 05:31:52,851][dowhy.causal_identifier.auto_identifier][INFO] - Causal effect can be identified.
[2026-04-24 05:31:52,852][dowhy.causal_identifier.auto_identifier][INFO] - Instrumental variables for treatment and outcome:['X6', 'X1']
[2026-04-24 05:31:52,854][dowhy.causal_identifier.auto_identifier][INFO] - Frontdoor variables for treatment and outcome:['X12', 'X8', 'X9']
[2026-04-24 05:31:52,857][dowhy.causal_identifier.auto_identifier][INFO] - Causal effect can be identified.
[2026-04-24 05:31:52,861][dowhy.causal_identifier.auto_identifier][INFO] - Causal effect can be identified.
[2026-04-24 05:31:52,862][dowhy.causal_model][INFO] - linear_regression
[2026-04-24 05:31:52,862][dowhy.causal_estimator][INFO] - INFO: Using Linear Regression Estimator
[2026-04-24 05:31:52,862][dowhy.causal_estimator][INFO] - b: X10~X7+X7*X3+X7*X4+X7*X5+X7*X2
[2026-04-24 05:31:52,870][dowhy.causal_model][INFO] - Model to find the causal effect of treatment ['X7'] on outcome ['X11']
[2026-04-24 05:31:52,871][dowhy.causal_identifier.auto_identifier][WARNING] - No directed path from treatment to outcome. Causal Effect is zero.
[2026-04-24 05:31:52,871][dowhy.causal_model][INFO] - linear_regression
[2026-04-24 05:31:52,871][dowhy.causal_estimator][INFO] - INFO: Using Linear Regression Estimator
[2026-04-24 05:31:52,871][dowhy.causal_estimator][WARNING] - No directed path from ['X7'] to ['X11'].
[2026-04-24 05:31:52,872][dowhy.causal_model][INFO] - Model to find the causal effect of treatment ['X7'] on outcome ['X12']
[2026-04-24 05:31:52,875][dowhy.causal_identifier.auto_identifier][INFO] - Causal effect can be identified.
[2026-04-24 05:31:52,876][dowhy.causal_identifier.auto_identifier][INFO] - Instrumental variables for treatment and outcome:['X6', 'X1']
[2026-04-24 05:31:52,878][dowhy.causal_identifier.auto_identifier][INFO] - Frontdoor variables for treatment and outcome:[]
[2026-04-24 05:31:52,878][dowhy.causal_model][INFO] - linear_regression
[2026-04-24 05:31:52,878][dowhy.causal_estimator][INFO] - INFO: Using Linear Regression Estimator
[2026-04-24 05:31:52,878][dowhy.causal_estimator][INFO] - b: X12~X7+X7*X3+X7*X2
[2026-04-24 05:31:52,885][dowhy.causal_model][INFO] - Model to find the causal effect of treatment ['X7'] on outcome ['X13']
[2026-04-24 05:31:52,888][dowhy.causal_identifier.auto_identifier][INFO] - Causal effect can be identified.
[2026-04-24 05:31:52,889][dowhy.causal_identifier.auto_identifier][INFO] - Instrumental variables for treatment and outcome:['X6', 'X1']
[2026-04-24 05:31:52,893][dowhy.causal_identifier.auto_identifier][INFO] - Frontdoor variables for treatment and outcome:['X8', 'X9', 'X12']
[2026-04-24 05:31:52,896][dowhy.causal_identifier.auto_identifier][INFO] - Causal effect can be identified.
[2026-04-24 05:31:52,899][dowhy.causal_identifier.auto_identifier][INFO] - Causal effect can be identified.
[2026-04-24 05:31:52,900][dowhy.causal_model][INFO] - linear_regression
[2026-04-24 05:31:52,900][dowhy.causal_estimator][INFO] - INFO: Using Linear Regression Estimator
[2026-04-24 05:31:52,901][dowhy.causal_estimator][INFO] - b: X13~X7+X7*X3+X7*X4+X7*X5+X7*X2
[2026-04-24 05:31:52,949][dowhy.causal_model][INFO] - Model to find the causal effect of treatment ['X8'] on outcome ['X0']
[2026-04-24 05:31:52,949][dowhy.causal_identifier.auto_identifier][WARNING] - No directed path from treatment to outcome. Causal Effect is zero.
[2026-04-24 05:31:52,949][dowhy.causal_model][INFO] - linear_regression
[2026-04-24 05:31:52,949][dowhy.causal_estimator][INFO] - INFO: Using Linear Regression Estimator
[2026-04-24 05:31:52,949][dowhy.causal_estimator][WARNING] - No directed path from ['X8'] to ['X0'].
[2026-04-24 05:31:52,951][dowhy.causal_model][INFO] - Model to find the causal effect of treatment ['X8'] on outcome ['X1']
[2026-04-24 05:31:52,951][dowhy.causal_identifier.auto_identifier][WARNING] - No directed path from treatment to outcome. Causal Effect is zero.
[2026-04-24 05:31:52,952][dowhy.causal_model][INFO] - linear_regression
[2026-04-24 05:31:52,952][dowhy.causal_estimator][INFO] - INFO: Using Linear Regression Estimator
[2026-04-24 05:31:52,952][dowhy.causal_estimator][WARNING] - No directed path from ['X8'] to ['X1'].
[2026-04-24 05:31:52,954][dowhy.causal_model][INFO] - Model to find the causal effect of treatment ['X8'] on outcome ['X2']
[2026-04-24 05:31:52,954][dowhy.causal_identifier.auto_identifier][WARNING] - No directed path from treatment to outcome. Causal Effect is zero.
[2026-04-24 05:31:52,954][dowhy.causal_model][INFO] - linear_regression
[2026-04-24 05:31:52,954][dowhy.causal_estimator][INFO] - INFO: Using Linear Regression Estimator
[2026-04-24 05:31:52,954][dowhy.causal_estimator][WARNING] - No directed path from ['X8'] to ['X2'].
[2026-04-24 05:31:52,956][dowhy.causal_model][INFO] - Model to find the causal effect of treatment ['X8'] on outcome ['X3']
[2026-04-24 05:31:52,956][dowhy.causal_identifier.auto_identifier][WARNING] - No directed path from treatment to outcome. Causal Effect is zero.
[2026-04-24 05:31:52,956][dowhy.causal_model][INFO] - linear_regression
[2026-04-24 05:31:52,956][dowhy.causal_estimator][INFO] - INFO: Using Linear Regression Estimator
[2026-04-24 05:31:52,956][dowhy.causal_estimator][WARNING] - No directed path from ['X8'] to ['X3'].
[2026-04-24 05:31:52,958][dowhy.causal_model][INFO] - Model to find the causal effect of treatment ['X8'] on outcome ['X4']
[2026-04-24 05:31:52,958][dowhy.causal_identifier.auto_identifier][WARNING] - No directed path from treatment to outcome. Causal Effect is zero.
[2026-04-24 05:31:52,958][dowhy.causal_model][INFO] - linear_regression
[2026-04-24 05:31:52,958][dowhy.causal_estimator][INFO] - INFO: Using Linear Regression Estimator
[2026-04-24 05:31:52,958][dowhy.causal_estimator][WARNING] - No directed path from ['X8'] to ['X4'].
[2026-04-24 05:31:52,961][dowhy.causal_model][INFO] - Model to find the causal effect of treatment ['X8'] on outcome ['X5']
[2026-04-24 05:31:52,961][dowhy.causal_identifier.auto_identifier][WARNING] - No directed path from treatment to outcome. Causal Effect is zero.
[2026-04-24 05:31:52,961][dowhy.causal_model][INFO] - linear_regression
[2026-04-24 05:31:52,961][dowhy.causal_estimator][INFO] - INFO: Using Linear Regression Estimator
[2026-04-24 05:31:52,961][dowhy.causal_estimator][WARNING] - No directed path from ['X8'] to ['X5'].
[2026-04-24 05:31:52,963][dowhy.causal_model][INFO] - Model to find the causal effect of treatment ['X8'] on outcome ['X6']
[2026-04-24 05:31:52,963][dowhy.causal_identifier.auto_identifier][WARNING] - No directed path from treatment to outcome. Causal Effect is zero.
[2026-04-24 05:31:52,963][dowhy.causal_model][INFO] - linear_regression
[2026-04-24 05:31:52,963][dowhy.causal_estimator][INFO] - INFO: Using Linear Regression Estimator
[2026-04-24 05:31:52,963][dowhy.causal_estimator][WARNING] - No directed path from ['X8'] to ['X6'].
[2026-04-24 05:31:52,965][dowhy.causal_model][INFO] - Model to find the causal effect of treatment ['X8'] on outcome ['X7']
[2026-04-24 05:31:52,965][dowhy.causal_identifier.auto_identifier][WARNING] - No directed path from treatment to outcome. Causal Effect is zero.
[2026-04-24 05:31:52,965][dowhy.causal_model][INFO] - linear_regression
[2026-04-24 05:31:52,965][dowhy.causal_estimator][INFO] - INFO: Using Linear Regression Estimator
[2026-04-24 05:31:52,965][dowhy.causal_estimator][WARNING] - No directed path from ['X8'] to ['X7'].
[2026-04-24 05:31:52,967][dowhy.causal_model][INFO] - Model to find the causal effect of treatment ['X8'] on outcome ['X9']
[2026-04-24 05:31:52,970][dowhy.causal_identifier.auto_identifier][INFO] - Causal effect can be identified.
[2026-04-24 05:31:52,970][dowhy.causal_identifier.auto_identifier][INFO] - Instrumental variables for treatment and outcome:['X7', 'X2']
[2026-04-24 05:31:52,971][dowhy.causal_identifier.auto_identifier][INFO] - Frontdoor variables for treatment and outcome:[]
[2026-04-24 05:31:52,971][dowhy.causal_model][INFO] - linear_regression
[2026-04-24 05:31:52,971][dowhy.causal_estimator][INFO] - INFO: Using Linear Regression Estimator
[2026-04-24 05:31:52,971][dowhy.causal_estimator][INFO] - b: X9~X8+X3
[2026-04-24 05:31:52,980][dowhy.causal_model][INFO] - Model to find the causal effect of treatment ['X8'] on outcome ['X10']
[2026-04-24 05:31:52,983][dowhy.causal_identifier.auto_identifier][INFO] - Causal effect can be identified.
[2026-04-24 05:31:52,984][dowhy.causal_identifier.auto_identifier][INFO] - Instrumental variables for treatment and outcome:['X7', 'X2']
[2026-04-24 05:31:52,985][dowhy.causal_identifier.auto_identifier][INFO] - Frontdoor variables for treatment and outcome:[]
[2026-04-24 05:31:52,985][dowhy.causal_model][INFO] - linear_regression
[2026-04-24 05:31:52,985][dowhy.causal_estimator][INFO] - INFO: Using Linear Regression Estimator
[2026-04-24 05:31:52,986][dowhy.causal_estimator][INFO] - b: X10~X8+X3+X8*X4+X8*X5
[2026-04-24 05:31:52,995][dowhy.causal_model][INFO] - Model to find the causal effect of treatment ['X8'] on outcome ['X11']
[2026-04-24 05:31:52,995][dowhy.causal_identifier.auto_identifier][WARNING] - No directed path from treatment to outcome. Causal Effect is zero.
[2026-04-24 05:31:52,995][dowhy.causal_model][INFO] - linear_regression
[2026-04-24 05:31:52,995][dowhy.causal_estimator][INFO] - INFO: Using Linear Regression Estimator
[2026-04-24 05:31:52,995][dowhy.causal_estimator][WARNING] - No directed path from ['X8'] to ['X11'].
[2026-04-24 05:31:52,997][dowhy.causal_model][INFO] - Model to find the causal effect of treatment ['X8'] on outcome ['X12']
[2026-04-24 05:31:53,000][dowhy.causal_identifier.auto_identifier][INFO] - Causal effect can be identified.
[2026-04-24 05:31:53,001][dowhy.causal_identifier.auto_identifier][INFO] - Instrumental variables for treatment and outcome:['X7', 'X2']
[2026-04-24 05:31:53,002][dowhy.causal_identifier.auto_identifier][INFO] - Frontdoor variables for treatment and outcome:[]
[2026-04-24 05:31:53,002][dowhy.causal_model][INFO] - linear_regression
[2026-04-24 05:31:53,002][dowhy.causal_estimator][INFO] - INFO: Using Linear Regression Estimator
[2026-04-24 05:31:53,002][dowhy.causal_estimator][INFO] - b: X12~X8+X3
[2026-04-24 05:31:53,011][dowhy.causal_model][INFO] - Model to find the causal effect of treatment ['X8'] on outcome ['X13']
[2026-04-24 05:31:53,014][dowhy.causal_identifier.auto_identifier][INFO] - Causal effect can be identified.
[2026-04-24 05:31:53,014][dowhy.causal_identifier.auto_identifier][INFO] - Instrumental variables for treatment and outcome:['X7', 'X2']
[2026-04-24 05:31:53,016][dowhy.causal_identifier.auto_identifier][INFO] - Frontdoor variables for treatment and outcome:[]
[2026-04-24 05:31:53,016][dowhy.causal_model][INFO] - linear_regression
[2026-04-24 05:31:53,016][dowhy.causal_estimator][INFO] - INFO: Using Linear Regression Estimator
[2026-04-24 05:31:53,017][dowhy.causal_estimator][INFO] - b: X13~X8+X3+X8*X4+X8*X5
[2026-04-24 05:31:53,067][dowhy.causal_model][INFO] - Model to find the causal effect of treatment ['X9'] on outcome ['X0']
[2026-04-24 05:31:53,067][dowhy.causal_identifier.auto_identifier][WARNING] - No directed path from treatment to outcome. Causal Effect is zero.
[2026-04-24 05:31:53,067][dowhy.causal_model][INFO] - linear_regression
[2026-04-24 05:31:53,067][dowhy.causal_estimator][INFO] - INFO: Using Linear Regression Estimator
[2026-04-24 05:31:53,068][dowhy.causal_estimator][WARNING] - No directed path from ['X9'] to ['X0'].
[2026-04-24 05:31:53,069][dowhy.causal_model][INFO] - Model to find the causal effect of treatment ['X9'] on outcome ['X1']
[2026-04-24 05:31:53,069][dowhy.causal_identifier.auto_identifier][WARNING] - No directed path from treatment to outcome. Causal Effect is zero.
[2026-04-24 05:31:53,069][dowhy.causal_model][INFO] - linear_regression
[2026-04-24 05:31:53,070][dowhy.causal_estimator][INFO] - INFO: Using Linear Regression Estimator
[2026-04-24 05:31:53,070][dowhy.causal_estimator][WARNING] - No directed path from ['X9'] to ['X1'].
[2026-04-24 05:31:53,071][dowhy.causal_model][INFO] - Model to find the causal effect of treatment ['X9'] on outcome ['X2']
[2026-04-24 05:31:53,071][dowhy.causal_identifier.auto_identifier][WARNING] - No directed path from treatment to outcome. Causal Effect is zero.
[2026-04-24 05:31:53,071][dowhy.causal_model][INFO] - linear_regression
[2026-04-24 05:31:53,071][dowhy.causal_estimator][INFO] - INFO: Using Linear Regression Estimator
[2026-04-24 05:31:53,071][dowhy.causal_estimator][WARNING] - No directed path from ['X9'] to ['X2'].
[2026-04-24 05:31:53,073][dowhy.causal_model][INFO] - Model to find the causal effect of treatment ['X9'] on outcome ['X3']
[2026-04-24 05:31:53,073][dowhy.causal_identifier.auto_identifier][WARNING] - No directed path from treatment to outcome. Causal Effect is zero.
[2026-04-24 05:31:53,073][dowhy.causal_model][INFO] - linear_regression
[2026-04-24 05:31:53,073][dowhy.causal_estimator][INFO] - INFO: Using Linear Regression Estimator
[2026-04-24 05:31:53,073][dowhy.causal_estimator][WARNING] - No directed path from ['X9'] to ['X3'].
[2026-04-24 05:31:53,075][dowhy.causal_model][INFO] - Model to find the causal effect of treatment ['X9'] on outcome ['X4']
[2026-04-24 05:31:53,075][dowhy.causal_identifier.auto_identifier][WARNING] - No directed path from treatment to outcome. Causal Effect is zero.
[2026-04-24 05:31:53,075][dowhy.causal_model][INFO] - linear_regression
[2026-04-24 05:31:53,075][dowhy.causal_estimator][INFO] - INFO: Using Linear Regression Estimator
[2026-04-24 05:31:53,075][dowhy.causal_estimator][WARNING] - No directed path from ['X9'] to ['X4'].
[2026-04-24 05:31:53,077][dowhy.causal_model][INFO] - Model to find the causal effect of treatment ['X9'] on outcome ['X5']
[2026-04-24 05:31:53,077][dowhy.causal_identifier.auto_identifier][WARNING] - No directed path from treatment to outcome. Causal Effect is zero.
[2026-04-24 05:31:53,077][dowhy.causal_model][INFO] - linear_regression
[2026-04-24 05:31:53,077][dowhy.causal_estimator][INFO] - INFO: Using Linear Regression Estimator
[2026-04-24 05:31:53,077][dowhy.causal_estimator][WARNING] - No directed path from ['X9'] to ['X5'].
[2026-04-24 05:31:53,079][dowhy.causal_model][INFO] - Model to find the causal effect of treatment ['X9'] on outcome ['X6']
[2026-04-24 05:31:53,079][dowhy.causal_identifier.auto_identifier][WARNING] - No directed path from treatment to outcome. Causal Effect is zero.
[2026-04-24 05:31:53,079][dowhy.causal_model][INFO] - linear_regression
[2026-04-24 05:31:53,079][dowhy.causal_estimator][INFO] - INFO: Using Linear Regression Estimator
[2026-04-24 05:31:53,079][dowhy.causal_estimator][WARNING] - No directed path from ['X9'] to ['X6'].
[2026-04-24 05:31:53,081][dowhy.causal_model][INFO] - Model to find the causal effect of treatment ['X9'] on outcome ['X7']
[2026-04-24 05:31:53,081][dowhy.causal_identifier.auto_identifier][WARNING] - No directed path from treatment to outcome. Causal Effect is zero.
[2026-04-24 05:31:53,081][dowhy.causal_model][INFO] - linear_regression
[2026-04-24 05:31:53,081][dowhy.causal_estimator][INFO] - INFO: Using Linear Regression Estimator
[2026-04-24 05:31:53,081][dowhy.causal_estimator][WARNING] - No directed path from ['X9'] to ['X7'].
[2026-04-24 05:31:53,083][dowhy.causal_model][INFO] - Model to find the causal effect of treatment ['X9'] on outcome ['X8']
[2026-04-24 05:31:53,083][dowhy.causal_identifier.auto_identifier][WARNING] - No directed path from treatment to outcome. Causal Effect is zero.
[2026-04-24 05:31:53,083][dowhy.causal_model][INFO] - linear_regression
[2026-04-24 05:31:53,083][dowhy.causal_estimator][INFO] - INFO: Using Linear Regression Estimator
[2026-04-24 05:31:53,083][dowhy.causal_estimator][WARNING] - No directed path from ['X9'] to ['X8'].
[2026-04-24 05:31:53,085][dowhy.causal_model][INFO] - Model to find the causal effect of treatment ['X9'] on outcome ['X10']
[2026-04-24 05:31:53,088][dowhy.causal_identifier.auto_identifier][INFO] - Causal effect can be identified.
[2026-04-24 05:31:53,090][dowhy.causal_identifier.auto_identifier][INFO] - Instrumental variables for treatment and outcome:['X3', 'X8']
[2026-04-24 05:31:53,090][dowhy.causal_identifier.auto_identifier][INFO] - Frontdoor variables for treatment and outcome:[]
[2026-04-24 05:31:53,090][dowhy.causal_model][INFO] - linear_regression
[2026-04-24 05:31:53,090][dowhy.causal_estimator][INFO] - INFO: Using Linear Regression Estimator
[2026-04-24 05:31:53,090][dowhy.causal_estimator][INFO] - b: X10~X9+X9*X4+X9*X5
[2026-04-24 05:31:53,098][dowhy.causal_model][INFO] - Model to find the causal effect of treatment ['X9'] on outcome ['X11']
[2026-04-24 05:31:53,098][dowhy.causal_identifier.auto_identifier][WARNING] - No directed path from treatment to outcome. Causal Effect is zero.
[2026-04-24 05:31:53,098][dowhy.causal_model][INFO] - linear_regression
[2026-04-24 05:31:53,098][dowhy.causal_estimator][INFO] - INFO: Using Linear Regression Estimator
[2026-04-24 05:31:53,098][dowhy.causal_estimator][WARNING] - No directed path from ['X9'] to ['X11'].
[2026-04-24 05:31:53,100][dowhy.causal_model][INFO] - Model to find the causal effect of treatment ['X9'] on outcome ['X12']
[2026-04-24 05:31:53,100][dowhy.causal_identifier.auto_identifier][WARNING] - No directed path from treatment to outcome. Causal Effect is zero.
[2026-04-24 05:31:53,100][dowhy.causal_model][INFO] - linear_regression
[2026-04-24 05:31:53,100][dowhy.causal_estimator][INFO] - INFO: Using Linear Regression Estimator
[2026-04-24 05:31:53,100][dowhy.causal_estimator][WARNING] - No directed path from ['X9'] to ['X12'].
[2026-04-24 05:31:53,102][dowhy.causal_model][INFO] - Model to find the causal effect of treatment ['X9'] on outcome ['X13']
[2026-04-24 05:31:53,105][dowhy.causal_identifier.auto_identifier][INFO] - Causal effect can be identified.
[2026-04-24 05:31:53,106][dowhy.causal_identifier.auto_identifier][INFO] - Instrumental variables for treatment and outcome:['X3', 'X8']
[2026-04-24 05:31:53,107][dowhy.causal_identifier.auto_identifier][INFO] - Frontdoor variables for treatment and outcome:[]
[2026-04-24 05:31:53,107][dowhy.causal_model][INFO] - linear_regression
[2026-04-24 05:31:53,107][dowhy.causal_estimator][INFO] - INFO: Using Linear Regression Estimator
[2026-04-24 05:31:53,107][dowhy.causal_estimator][INFO] - b: X13~X9+X9*X4+X9*X5
[2026-04-24 05:31:53,147][dowhy.causal_model][INFO] - Model to find the causal effect of treatment ['X10'] on outcome ['X0']
[2026-04-24 05:31:53,147][dowhy.causal_identifier.auto_identifier][WARNING] - No directed path from treatment to outcome. Causal Effect is zero.
[2026-04-24 05:31:53,147][dowhy.causal_model][INFO] - linear_regression
[2026-04-24 05:31:53,147][dowhy.causal_estimator][INFO] - INFO: Using Linear Regression Estimator
[2026-04-24 05:31:53,147][dowhy.causal_estimator][WARNING] - No directed path from ['X10'] to ['X0'].
[2026-04-24 05:31:53,149][dowhy.causal_model][INFO] - Model to find the causal effect of treatment ['X10'] on outcome ['X1']
[2026-04-24 05:31:53,149][dowhy.causal_identifier.auto_identifier][WARNING] - No directed path from treatment to outcome. Causal Effect is zero.
[2026-04-24 05:31:53,149][dowhy.causal_model][INFO] - linear_regression
[2026-04-24 05:31:53,149][dowhy.causal_estimator][INFO] - INFO: Using Linear Regression Estimator
[2026-04-24 05:31:53,149][dowhy.causal_estimator][WARNING] - No directed path from ['X10'] to ['X1'].
[2026-04-24 05:31:53,151][dowhy.causal_model][INFO] - Model to find the causal effect of treatment ['X10'] on outcome ['X2']
[2026-04-24 05:31:53,151][dowhy.causal_identifier.auto_identifier][WARNING] - No directed path from treatment to outcome. Causal Effect is zero.
[2026-04-24 05:31:53,151][dowhy.causal_model][INFO] - linear_regression
[2026-04-24 05:31:53,151][dowhy.causal_estimator][INFO] - INFO: Using Linear Regression Estimator
[2026-04-24 05:31:53,151][dowhy.causal_estimator][WARNING] - No directed path from ['X10'] to ['X2'].
[2026-04-24 05:31:53,153][dowhy.causal_model][INFO] - Model to find the causal effect of treatment ['X10'] on outcome ['X3']
[2026-04-24 05:31:53,153][dowhy.causal_identifier.auto_identifier][WARNING] - No directed path from treatment to outcome. Causal Effect is zero.
[2026-04-24 05:31:53,153][dowhy.causal_model][INFO] - linear_regression
[2026-04-24 05:31:53,153][dowhy.causal_estimator][INFO] - INFO: Using Linear Regression Estimator
[2026-04-24 05:31:53,153][dowhy.causal_estimator][WARNING] - No directed path from ['X10'] to ['X3'].
[2026-04-24 05:31:53,155][dowhy.causal_model][INFO] - Model to find the causal effect of treatment ['X10'] on outcome ['X4']
[2026-04-24 05:31:53,155][dowhy.causal_identifier.auto_identifier][WARNING] - No directed path from treatment to outcome. Causal Effect is zero.
[2026-04-24 05:31:53,155][dowhy.causal_model][INFO] - linear_regression
[2026-04-24 05:31:53,155][dowhy.causal_estimator][INFO] - INFO: Using Linear Regression Estimator
[2026-04-24 05:31:53,155][dowhy.causal_estimator][WARNING] - No directed path from ['X10'] to ['X4'].
[2026-04-24 05:31:53,157][dowhy.causal_model][INFO] - Model to find the causal effect of treatment ['X10'] on outcome ['X5']
[2026-04-24 05:31:53,157][dowhy.causal_identifier.auto_identifier][WARNING] - No directed path from treatment to outcome. Causal Effect is zero.
[2026-04-24 05:31:53,157][dowhy.causal_model][INFO] - linear_regression
[2026-04-24 05:31:53,157][dowhy.causal_estimator][INFO] - INFO: Using Linear Regression Estimator
[2026-04-24 05:31:53,157][dowhy.causal_estimator][WARNING] - No directed path from ['X10'] to ['X5'].
[2026-04-24 05:31:53,159][dowhy.causal_model][INFO] - Model to find the causal effect of treatment ['X10'] on outcome ['X6']
[2026-04-24 05:31:53,159][dowhy.causal_identifier.auto_identifier][WARNING] - No directed path from treatment to outcome. Causal Effect is zero.
[2026-04-24 05:31:53,159][dowhy.causal_model][INFO] - linear_regression
[2026-04-24 05:31:53,159][dowhy.causal_estimator][INFO] - INFO: Using Linear Regression Estimator
[2026-04-24 05:31:53,159][dowhy.causal_estimator][WARNING] - No directed path from ['X10'] to ['X6'].
[2026-04-24 05:31:53,161][dowhy.causal_model][INFO] - Model to find the causal effect of treatment ['X10'] on outcome ['X7']
[2026-04-24 05:31:53,161][dowhy.causal_identifier.auto_identifier][WARNING] - No directed path from treatment to outcome. Causal Effect is zero.
[2026-04-24 05:31:53,161][dowhy.causal_model][INFO] - linear_regression
[2026-04-24 05:31:53,161][dowhy.causal_estimator][INFO] - INFO: Using Linear Regression Estimator
[2026-04-24 05:31:53,161][dowhy.causal_estimator][WARNING] - No directed path from ['X10'] to ['X7'].
[2026-04-24 05:31:53,163][dowhy.causal_model][INFO] - Model to find the causal effect of treatment ['X10'] on outcome ['X8']
[2026-04-24 05:31:53,163][dowhy.causal_identifier.auto_identifier][WARNING] - No directed path from treatment to outcome. Causal Effect is zero.
[2026-04-24 05:31:53,163][dowhy.causal_model][INFO] - linear_regression
[2026-04-24 05:31:53,163][dowhy.causal_estimator][INFO] - INFO: Using Linear Regression Estimator
[2026-04-24 05:31:53,163][dowhy.causal_estimator][WARNING] - No directed path from ['X10'] to ['X8'].
[2026-04-24 05:31:53,165][dowhy.causal_model][INFO] - Model to find the causal effect of treatment ['X10'] on outcome ['X9']
[2026-04-24 05:31:53,165][dowhy.causal_identifier.auto_identifier][WARNING] - No directed path from treatment to outcome. Causal Effect is zero.
[2026-04-24 05:31:53,165][dowhy.causal_model][INFO] - linear_regression
[2026-04-24 05:31:53,165][dowhy.causal_estimator][INFO] - INFO: Using Linear Regression Estimator
[2026-04-24 05:31:53,165][dowhy.causal_estimator][WARNING] - No directed path from ['X10'] to ['X9'].
[2026-04-24 05:31:53,167][dowhy.causal_model][INFO] - Model to find the causal effect of treatment ['X10'] on outcome ['X11']
[2026-04-24 05:31:53,167][dowhy.causal_identifier.auto_identifier][WARNING] - No directed path from treatment to outcome. Causal Effect is zero.
[2026-04-24 05:31:53,167][dowhy.causal_model][INFO] - linear_regression
[2026-04-24 05:31:53,167][dowhy.causal_estimator][INFO] - INFO: Using Linear Regression Estimator
[2026-04-24 05:31:53,167][dowhy.causal_estimator][WARNING] - No directed path from ['X10'] to ['X11'].
[2026-04-24 05:31:53,169][dowhy.causal_model][INFO] - Model to find the causal effect of treatment ['X10'] on outcome ['X12']
[2026-04-24 05:31:53,169][dowhy.causal_identifier.auto_identifier][WARNING] - No directed path from treatment to outcome. Causal Effect is zero.
[2026-04-24 05:31:53,169][dowhy.causal_model][INFO] - linear_regression
[2026-04-24 05:31:53,170][dowhy.causal_estimator][INFO] - INFO: Using Linear Regression Estimator
[2026-04-24 05:31:53,170][dowhy.causal_estimator][WARNING] - No directed path from ['X10'] to ['X12'].
[2026-04-24 05:31:53,171][dowhy.causal_model][INFO] - Model to find the causal effect of treatment ['X10'] on outcome ['X13']
[2026-04-24 05:31:53,176][dowhy.causal_identifier.auto_identifier][INFO] - Causal effect can be identified.
[2026-04-24 05:31:53,176][dowhy.causal_identifier.auto_identifier][INFO] - Instrumental variables for treatment and outcome:['X4', 'X9']
[2026-04-24 05:31:53,177][dowhy.causal_identifier.auto_identifier][INFO] - Frontdoor variables for treatment and outcome:[]
[2026-04-24 05:31:53,177][dowhy.causal_model][INFO] - linear_regression
[2026-04-24 05:31:53,177][dowhy.causal_estimator][INFO] - INFO: Using Linear Regression Estimator
[2026-04-24 05:31:53,177][dowhy.causal_estimator][INFO] - b: X13~X10+X5
[2026-04-24 05:31:53,227][dowhy.causal_model][INFO] - Model to find the causal effect of treatment ['X11'] on outcome ['X0']
[2026-04-24 05:31:53,227][dowhy.causal_identifier.auto_identifier][WARNING] - No directed path from treatment to outcome. Causal Effect is zero.
[2026-04-24 05:31:53,227][dowhy.causal_model][INFO] - linear_regression
[2026-04-24 05:31:53,227][dowhy.causal_estimator][INFO] - INFO: Using Linear Regression Estimator
[2026-04-24 05:31:53,227][dowhy.causal_estimator][WARNING] - No directed path from ['X11'] to ['X0'].
[2026-04-24 05:31:53,229][dowhy.causal_model][INFO] - Model to find the causal effect of treatment ['X11'] on outcome ['X1']
[2026-04-24 05:31:53,229][dowhy.causal_identifier.auto_identifier][WARNING] - No directed path from treatment to outcome. Causal Effect is zero.
[2026-04-24 05:31:53,229][dowhy.causal_model][INFO] - linear_regression
[2026-04-24 05:31:53,229][dowhy.causal_estimator][INFO] - INFO: Using Linear Regression Estimator
[2026-04-24 05:31:53,229][dowhy.causal_estimator][WARNING] - No directed path from ['X11'] to ['X1'].
[2026-04-24 05:31:53,231][dowhy.causal_model][INFO] - Model to find the causal effect of treatment ['X11'] on outcome ['X2']
[2026-04-24 05:31:53,231][dowhy.causal_identifier.auto_identifier][WARNING] - No directed path from treatment to outcome. Causal Effect is zero.
[2026-04-24 05:31:53,231][dowhy.causal_model][INFO] - linear_regression
[2026-04-24 05:31:53,232][dowhy.causal_estimator][INFO] - INFO: Using Linear Regression Estimator
[2026-04-24 05:31:53,232][dowhy.causal_estimator][WARNING] - No directed path from ['X11'] to ['X2'].
[2026-04-24 05:31:53,233][dowhy.causal_model][INFO] - Model to find the causal effect of treatment ['X11'] on outcome ['X3']
[2026-04-24 05:31:53,233][dowhy.causal_identifier.auto_identifier][WARNING] - No directed path from treatment to outcome. Causal Effect is zero.
[2026-04-24 05:31:53,233][dowhy.causal_model][INFO] - linear_regression
[2026-04-24 05:31:53,234][dowhy.causal_estimator][INFO] - INFO: Using Linear Regression Estimator
[2026-04-24 05:31:53,234][dowhy.causal_estimator][WARNING] - No directed path from ['X11'] to ['X3'].
[2026-04-24 05:31:53,235][dowhy.causal_model][INFO] - Model to find the causal effect of treatment ['X11'] on outcome ['X4']
[2026-04-24 05:31:53,235][dowhy.causal_identifier.auto_identifier][WARNING] - No directed path from treatment to outcome. Causal Effect is zero.
[2026-04-24 05:31:53,235][dowhy.causal_model][INFO] - linear_regression
[2026-04-24 05:31:53,236][dowhy.causal_estimator][INFO] - INFO: Using Linear Regression Estimator
[2026-04-24 05:31:53,236][dowhy.causal_estimator][WARNING] - No directed path from ['X11'] to ['X4'].
[2026-04-24 05:31:53,237][dowhy.causal_model][INFO] - Model to find the causal effect of treatment ['X11'] on outcome ['X5']
[2026-04-24 05:31:53,237][dowhy.causal_identifier.auto_identifier][WARNING] - No directed path from treatment to outcome. Causal Effect is zero.
[2026-04-24 05:31:53,237][dowhy.causal_model][INFO] - linear_regression
[2026-04-24 05:31:53,237][dowhy.causal_estimator][INFO] - INFO: Using Linear Regression Estimator
[2026-04-24 05:31:53,237][dowhy.causal_estimator][WARNING] - No directed path from ['X11'] to ['X5'].
[2026-04-24 05:31:53,239][dowhy.causal_model][INFO] - Model to find the causal effect of treatment ['X11'] on outcome ['X6']
[2026-04-24 05:31:53,239][dowhy.causal_identifier.auto_identifier][WARNING] - No directed path from treatment to outcome. Causal Effect is zero.
[2026-04-24 05:31:53,239][dowhy.causal_model][INFO] - linear_regression
[2026-04-24 05:31:53,239][dowhy.causal_estimator][INFO] - INFO: Using Linear Regression Estimator
[2026-04-24 05:31:53,239][dowhy.causal_estimator][WARNING] - No directed path from ['X11'] to ['X6'].
[2026-04-24 05:31:53,241][dowhy.causal_model][INFO] - Model to find the causal effect of treatment ['X11'] on outcome ['X7']
[2026-04-24 05:31:53,241][dowhy.causal_identifier.auto_identifier][WARNING] - No directed path from treatment to outcome. Causal Effect is zero.
[2026-04-24 05:31:53,241][dowhy.causal_model][INFO] - linear_regression
[2026-04-24 05:31:53,242][dowhy.causal_estimator][INFO] - INFO: Using Linear Regression Estimator
[2026-04-24 05:31:53,242][dowhy.causal_estimator][WARNING] - No directed path from ['X11'] to ['X7'].
[2026-04-24 05:31:53,243][dowhy.causal_model][INFO] - Model to find the causal effect of treatment ['X11'] on outcome ['X8']
[2026-04-24 05:31:53,243][dowhy.causal_identifier.auto_identifier][WARNING] - No directed path from treatment to outcome. Causal Effect is zero.
[2026-04-24 05:31:53,244][dowhy.causal_model][INFO] - linear_regression
[2026-04-24 05:31:53,244][dowhy.causal_estimator][INFO] - INFO: Using Linear Regression Estimator
[2026-04-24 05:31:53,244][dowhy.causal_estimator][WARNING] - No directed path from ['X11'] to ['X8'].
[2026-04-24 05:31:53,245][dowhy.causal_model][INFO] - Model to find the causal effect of treatment ['X11'] on outcome ['X9']
[2026-04-24 05:31:53,245][dowhy.causal_identifier.auto_identifier][WARNING] - No directed path from treatment to outcome. Causal Effect is zero.
[2026-04-24 05:31:53,245][dowhy.causal_model][INFO] - linear_regression
[2026-04-24 05:31:53,245][dowhy.causal_estimator][INFO] - INFO: Using Linear Regression Estimator
[2026-04-24 05:31:53,245][dowhy.causal_estimator][WARNING] - No directed path from ['X11'] to ['X9'].
[2026-04-24 05:31:53,247][dowhy.causal_model][INFO] - Model to find the causal effect of treatment ['X11'] on outcome ['X10']
[2026-04-24 05:31:53,247][dowhy.causal_identifier.auto_identifier][WARNING] - No directed path from treatment to outcome. Causal Effect is zero.
[2026-04-24 05:31:53,247][dowhy.causal_model][INFO] - linear_regression
[2026-04-24 05:31:53,247][dowhy.causal_estimator][INFO] - INFO: Using Linear Regression Estimator
[2026-04-24 05:31:53,247][dowhy.causal_estimator][WARNING] - No directed path from ['X11'] to ['X10'].
[2026-04-24 05:31:53,249][dowhy.causal_model][INFO] - Model to find the causal effect of treatment ['X11'] on outcome ['X12']
[2026-04-24 05:31:53,249][dowhy.causal_identifier.auto_identifier][WARNING] - No directed path from treatment to outcome. Causal Effect is zero.
[2026-04-24 05:31:53,249][dowhy.causal_model][INFO] - linear_regression
[2026-04-24 05:31:53,249][dowhy.causal_estimator][INFO] - INFO: Using Linear Regression Estimator
[2026-04-24 05:31:53,249][dowhy.causal_estimator][WARNING] - No directed path from ['X11'] to ['X12'].
[2026-04-24 05:31:53,251][dowhy.causal_model][INFO] - Model to find the causal effect of treatment ['X11'] on outcome ['X13']
[2026-04-24 05:31:53,251][dowhy.causal_identifier.auto_identifier][WARNING] - No directed path from treatment to outcome. Causal Effect is zero.
[2026-04-24 05:31:53,251][dowhy.causal_model][INFO] - linear_regression
[2026-04-24 05:31:53,251][dowhy.causal_estimator][INFO] - INFO: Using Linear Regression Estimator
[2026-04-24 05:31:53,251][dowhy.causal_estimator][WARNING] - No directed path from ['X11'] to ['X13'].
[2026-04-24 05:31:53,290][dowhy.causal_model][INFO] - Model to find the causal effect of treatment ['X12'] on outcome ['X0']
[2026-04-24 05:31:53,290][dowhy.causal_identifier.auto_identifier][WARNING] - No directed path from treatment to outcome. Causal Effect is zero.
[2026-04-24 05:31:53,290][dowhy.causal_model][INFO] - linear_regression
[2026-04-24 05:31:53,290][dowhy.causal_estimator][INFO] - INFO: Using Linear Regression Estimator
[2026-04-24 05:31:53,290][dowhy.causal_estimator][WARNING] - No directed path from ['X12'] to ['X0'].
[2026-04-24 05:31:53,292][dowhy.causal_model][INFO] - Model to find the causal effect of treatment ['X12'] on outcome ['X1']
[2026-04-24 05:31:53,292][dowhy.causal_identifier.auto_identifier][WARNING] - No directed path from treatment to outcome. Causal Effect is zero.
[2026-04-24 05:31:53,292][dowhy.causal_model][INFO] - linear_regression
[2026-04-24 05:31:53,292][dowhy.causal_estimator][INFO] - INFO: Using Linear Regression Estimator
[2026-04-24 05:31:53,292][dowhy.causal_estimator][WARNING] - No directed path from ['X12'] to ['X1'].
[2026-04-24 05:31:53,294][dowhy.causal_model][INFO] - Model to find the causal effect of treatment ['X12'] on outcome ['X2']
[2026-04-24 05:31:53,294][dowhy.causal_identifier.auto_identifier][WARNING] - No directed path from treatment to outcome. Causal Effect is zero.
[2026-04-24 05:31:53,294][dowhy.causal_model][INFO] - linear_regression
[2026-04-24 05:31:53,294][dowhy.causal_estimator][INFO] - INFO: Using Linear Regression Estimator
[2026-04-24 05:31:53,294][dowhy.causal_estimator][WARNING] - No directed path from ['X12'] to ['X2'].
[2026-04-24 05:31:53,296][dowhy.causal_model][INFO] - Model to find the causal effect of treatment ['X12'] on outcome ['X3']
[2026-04-24 05:31:53,296][dowhy.causal_identifier.auto_identifier][WARNING] - No directed path from treatment to outcome. Causal Effect is zero.
[2026-04-24 05:31:53,296][dowhy.causal_model][INFO] - linear_regression
[2026-04-24 05:31:53,296][dowhy.causal_estimator][INFO] - INFO: Using Linear Regression Estimator
[2026-04-24 05:31:53,296][dowhy.causal_estimator][WARNING] - No directed path from ['X12'] to ['X3'].
[2026-04-24 05:31:53,298][dowhy.causal_model][INFO] - Model to find the causal effect of treatment ['X12'] on outcome ['X4']
[2026-04-24 05:31:53,298][dowhy.causal_identifier.auto_identifier][WARNING] - No directed path from treatment to outcome. Causal Effect is zero.
[2026-04-24 05:31:53,298][dowhy.causal_model][INFO] - linear_regression
[2026-04-24 05:31:53,298][dowhy.causal_estimator][INFO] - INFO: Using Linear Regression Estimator
[2026-04-24 05:31:53,298][dowhy.causal_estimator][WARNING] - No directed path from ['X12'] to ['X4'].
[2026-04-24 05:31:53,300][dowhy.causal_model][INFO] - Model to find the causal effect of treatment ['X12'] on outcome ['X5']
[2026-04-24 05:31:53,300][dowhy.causal_identifier.auto_identifier][WARNING] - No directed path from treatment to outcome. Causal Effect is zero.
[2026-04-24 05:31:53,300][dowhy.causal_model][INFO] - linear_regression
[2026-04-24 05:31:53,300][dowhy.causal_estimator][INFO] - INFO: Using Linear Regression Estimator
[2026-04-24 05:31:53,300][dowhy.causal_estimator][WARNING] - No directed path from ['X12'] to ['X5'].
[2026-04-24 05:31:53,301][dowhy.causal_model][INFO] - Model to find the causal effect of treatment ['X12'] on outcome ['X6']
[2026-04-24 05:31:53,302][dowhy.causal_identifier.auto_identifier][WARNING] - No directed path from treatment to outcome. Causal Effect is zero.
[2026-04-24 05:31:53,302][dowhy.causal_model][INFO] - linear_regression
[2026-04-24 05:31:53,302][dowhy.causal_estimator][INFO] - INFO: Using Linear Regression Estimator
[2026-04-24 05:31:53,302][dowhy.causal_estimator][WARNING] - No directed path from ['X12'] to ['X6'].
[2026-04-24 05:31:53,303][dowhy.causal_model][INFO] - Model to find the causal effect of treatment ['X12'] on outcome ['X7']
[2026-04-24 05:31:53,303][dowhy.causal_identifier.auto_identifier][WARNING] - No directed path from treatment to outcome. Causal Effect is zero.
[2026-04-24 05:31:53,303][dowhy.causal_model][INFO] - linear_regression
[2026-04-24 05:31:53,304][dowhy.causal_estimator][INFO] - INFO: Using Linear Regression Estimator
[2026-04-24 05:31:53,304][dowhy.causal_estimator][WARNING] - No directed path from ['X12'] to ['X7'].
[2026-04-24 05:31:53,305][dowhy.causal_model][INFO] - Model to find the causal effect of treatment ['X12'] on outcome ['X8']
[2026-04-24 05:31:53,305][dowhy.causal_identifier.auto_identifier][WARNING] - No directed path from treatment to outcome. Causal Effect is zero.
[2026-04-24 05:31:53,305][dowhy.causal_model][INFO] - linear_regression
[2026-04-24 05:31:53,305][dowhy.causal_estimator][INFO] - INFO: Using Linear Regression Estimator
[2026-04-24 05:31:53,305][dowhy.causal_estimator][WARNING] - No directed path from ['X12'] to ['X8'].
[2026-04-24 05:31:53,307][dowhy.causal_model][INFO] - Model to find the causal effect of treatment ['X12'] on outcome ['X9']
[2026-04-24 05:31:53,307][dowhy.causal_identifier.auto_identifier][WARNING] - No directed path from treatment to outcome. Causal Effect is zero.
[2026-04-24 05:31:53,307][dowhy.causal_model][INFO] - linear_regression
[2026-04-24 05:31:53,307][dowhy.causal_estimator][INFO] - INFO: Using Linear Regression Estimator
[2026-04-24 05:31:53,307][dowhy.causal_estimator][WARNING] - No directed path from ['X12'] to ['X9'].
[2026-04-24 05:31:53,309][dowhy.causal_model][INFO] - Model to find the causal effect of treatment ['X12'] on outcome ['X10']
[2026-04-24 05:31:53,309][dowhy.causal_identifier.auto_identifier][WARNING] - No directed path from treatment to outcome. Causal Effect is zero.
[2026-04-24 05:31:53,309][dowhy.causal_model][INFO] - linear_regression
[2026-04-24 05:31:53,309][dowhy.causal_estimator][INFO] - INFO: Using Linear Regression Estimator
[2026-04-24 05:31:53,309][dowhy.causal_estimator][WARNING] - No directed path from ['X12'] to ['X10'].
[2026-04-24 05:31:53,311][dowhy.causal_model][INFO] - Model to find the causal effect of treatment ['X12'] on outcome ['X11']
[2026-04-24 05:31:53,311][dowhy.causal_identifier.auto_identifier][WARNING] - No directed path from treatment to outcome. Causal Effect is zero.
[2026-04-24 05:31:53,311][dowhy.causal_model][INFO] - linear_regression
[2026-04-24 05:31:53,311][dowhy.causal_estimator][INFO] - INFO: Using Linear Regression Estimator
[2026-04-24 05:31:53,311][dowhy.causal_estimator][WARNING] - No directed path from ['X12'] to ['X11'].
[2026-04-24 05:31:53,313][dowhy.causal_model][INFO] - Model to find the causal effect of treatment ['X12'] on outcome ['X13']
[2026-04-24 05:31:53,313][dowhy.causal_identifier.auto_identifier][WARNING] - No directed path from treatment to outcome. Causal Effect is zero.
[2026-04-24 05:31:53,313][dowhy.causal_model][INFO] - linear_regression
[2026-04-24 05:31:53,313][dowhy.causal_estimator][INFO] - INFO: Using Linear Regression Estimator
[2026-04-24 05:31:53,313][dowhy.causal_estimator][WARNING] - No directed path from ['X12'] to ['X13'].
[2026-04-24 05:31:53,348][dowhy.causal_model][INFO] - Model to find the causal effect of treatment ['X13'] on outcome ['X0']
[2026-04-24 05:31:53,348][dowhy.causal_identifier.auto_identifier][WARNING] - No directed path from treatment to outcome. Causal Effect is zero.
[2026-04-24 05:31:53,348][dowhy.causal_model][INFO] - linear_regression
[2026-04-24 05:31:53,348][dowhy.causal_estimator][INFO] - INFO: Using Linear Regression Estimator
[2026-04-24 05:31:53,348][dowhy.causal_estimator][WARNING] - No directed path from ['X13'] to ['X0'].
[2026-04-24 05:31:53,350][dowhy.causal_model][INFO] - Model to find the causal effect of treatment ['X13'] on outcome ['X1']
[2026-04-24 05:31:53,350][dowhy.causal_identifier.auto_identifier][WARNING] - No directed path from treatment to outcome. Causal Effect is zero.
[2026-04-24 05:31:53,350][dowhy.causal_model][INFO] - linear_regression
[2026-04-24 05:31:53,350][dowhy.causal_estimator][INFO] - INFO: Using Linear Regression Estimator
[2026-04-24 05:31:53,350][dowhy.causal_estimator][WARNING] - No directed path from ['X13'] to ['X1'].
[2026-04-24 05:31:53,351][dowhy.causal_model][INFO] - Model to find the causal effect of treatment ['X13'] on outcome ['X2']
[2026-04-24 05:31:53,351][dowhy.causal_identifier.auto_identifier][WARNING] - No directed path from treatment to outcome. Causal Effect is zero.
[2026-04-24 05:31:53,351][dowhy.causal_model][INFO] - linear_regression
[2026-04-24 05:31:53,352][dowhy.causal_estimator][INFO] - INFO: Using Linear Regression Estimator
[2026-04-24 05:31:53,352][dowhy.causal_estimator][WARNING] - No directed path from ['X13'] to ['X2'].
[2026-04-24 05:31:53,353][dowhy.causal_model][INFO] - Model to find the causal effect of treatment ['X13'] on outcome ['X3']
[2026-04-24 05:31:53,353][dowhy.causal_identifier.auto_identifier][WARNING] - No directed path from treatment to outcome. Causal Effect is zero.
[2026-04-24 05:31:53,353][dowhy.causal_model][INFO] - linear_regression
[2026-04-24 05:31:53,353][dowhy.causal_estimator][INFO] - INFO: Using Linear Regression Estimator
[2026-04-24 05:31:53,353][dowhy.causal_estimator][WARNING] - No directed path from ['X13'] to ['X3'].
[2026-04-24 05:31:53,355][dowhy.causal_model][INFO] - Model to find the causal effect of treatment ['X13'] on outcome ['X4']
[2026-04-24 05:31:53,355][dowhy.causal_identifier.auto_identifier][WARNING] - No directed path from treatment to outcome. Causal Effect is zero.
[2026-04-24 05:31:53,355][dowhy.causal_model][INFO] - linear_regression
[2026-04-24 05:31:53,355][dowhy.causal_estimator][INFO] - INFO: Using Linear Regression Estimator
[2026-04-24 05:31:53,355][dowhy.causal_estimator][WARNING] - No directed path from ['X13'] to ['X4'].
[2026-04-24 05:31:53,357][dowhy.causal_model][INFO] - Model to find the causal effect of treatment ['X13'] on outcome ['X5']
[2026-04-24 05:31:53,357][dowhy.causal_identifier.auto_identifier][WARNING] - No directed path from treatment to outcome. Causal Effect is zero.
[2026-04-24 05:31:53,357][dowhy.causal_model][INFO] - linear_regression
[2026-04-24 05:31:53,357][dowhy.causal_estimator][INFO] - INFO: Using Linear Regression Estimator
[2026-04-24 05:31:53,357][dowhy.causal_estimator][WARNING] - No directed path from ['X13'] to ['X5'].
[2026-04-24 05:31:53,359][dowhy.causal_model][INFO] - Model to find the causal effect of treatment ['X13'] on outcome ['X6']
[2026-04-24 05:31:53,359][dowhy.causal_identifier.auto_identifier][WARNING] - No directed path from treatment to outcome. Causal Effect is zero.
[2026-04-24 05:31:53,359][dowhy.causal_model][INFO] - linear_regression
[2026-04-24 05:31:53,359][dowhy.causal_estimator][INFO] - INFO: Using Linear Regression Estimator
[2026-04-24 05:31:53,359][dowhy.causal_estimator][WARNING] - No directed path from ['X13'] to ['X6'].
[2026-04-24 05:31:53,361][dowhy.causal_model][INFO] - Model to find the causal effect of treatment ['X13'] on outcome ['X7']
[2026-04-24 05:31:53,361][dowhy.causal_identifier.auto_identifier][WARNING] - No directed path from treatment to outcome. Causal Effect is zero.
[2026-04-24 05:31:53,361][dowhy.causal_model][INFO] - linear_regression
[2026-04-24 05:31:53,361][dowhy.causal_estimator][INFO] - INFO: Using Linear Regression Estimator
[2026-04-24 05:31:53,361][dowhy.causal_estimator][WARNING] - No directed path from ['X13'] to ['X7'].
[2026-04-24 05:31:53,362][dowhy.causal_model][INFO] - Model to find the causal effect of treatment ['X13'] on outcome ['X8']
[2026-04-24 05:31:53,362][dowhy.causal_identifier.auto_identifier][WARNING] - No directed path from treatment to outcome. Causal Effect is zero.
[2026-04-24 05:31:53,363][dowhy.causal_model][INFO] - linear_regression
[2026-04-24 05:31:53,363][dowhy.causal_estimator][INFO] - INFO: Using Linear Regression Estimator
[2026-04-24 05:31:53,363][dowhy.causal_estimator][WARNING] - No directed path from ['X13'] to ['X8'].
[2026-04-24 05:31:53,364][dowhy.causal_model][INFO] - Model to find the causal effect of treatment ['X13'] on outcome ['X9']
[2026-04-24 05:31:53,364][dowhy.causal_identifier.auto_identifier][WARNING] - No directed path from treatment to outcome. Causal Effect is zero.
[2026-04-24 05:31:53,365][dowhy.causal_model][INFO] - linear_regression
[2026-04-24 05:31:53,365][dowhy.causal_estimator][INFO] - INFO: Using Linear Regression Estimator
[2026-04-24 05:31:53,365][dowhy.causal_estimator][WARNING] - No directed path from ['X13'] to ['X9'].
[2026-04-24 05:31:53,366][dowhy.causal_model][INFO] - Model to find the causal effect of treatment ['X13'] on outcome ['X10']
[2026-04-24 05:31:53,367][dowhy.causal_identifier.auto_identifier][WARNING] - No directed path from treatment to outcome. Causal Effect is zero.
[2026-04-24 05:31:53,367][dowhy.causal_model][INFO] - linear_regression
[2026-04-24 05:31:53,367][dowhy.causal_estimator][INFO] - INFO: Using Linear Regression Estimator
[2026-04-24 05:31:53,367][dowhy.causal_estimator][WARNING] - No directed path from ['X13'] to ['X10'].
[2026-04-24 05:31:53,369][dowhy.causal_model][INFO] - Model to find the causal effect of treatment ['X13'] on outcome ['X11']
[2026-04-24 05:31:53,369][dowhy.causal_identifier.auto_identifier][WARNING] - No directed path from treatment to outcome. Causal Effect is zero.
[2026-04-24 05:31:53,369][dowhy.causal_model][INFO] - linear_regression
[2026-04-24 05:31:53,369][dowhy.causal_estimator][INFO] - INFO: Using Linear Regression Estimator
[2026-04-24 05:31:53,369][dowhy.causal_estimator][WARNING] - No directed path from ['X13'] to ['X11'].
[2026-04-24 05:31:53,371][dowhy.causal_model][INFO] - Model to find the causal effect of treatment ['X13'] on outcome ['X12']
[2026-04-24 05:31:53,371][dowhy.causal_identifier.auto_identifier][WARNING] - No directed path from treatment to outcome. Causal Effect is zero.
[2026-04-24 05:31:53,371][dowhy.causal_model][INFO] - linear_regression
[2026-04-24 05:31:53,371][dowhy.causal_estimator][INFO] - INFO: Using Linear Regression Estimator
[2026-04-24 05:31:53,371][dowhy.causal_estimator][WARNING] - No directed path from ['X13'] to ['X12'].
