input_0,input_1,input_2,output_0,output_1,output_2
0.09247938775217895,1.5892848268417885,1.172039828043107,0.07435195297758797,0.06544791241707992,0.07145558914187228
0.2552457523914973,1.4267152926084572,1.250218431240055,0.2218415994100866,0.20778649847716346,0.2772954235610327
-2.481076989341751,2.39146172423998,1.4618123904793856,-1.11863858451076,-1.0956378150482549,-1.5079186517547187
-0.45411593960091046,9.984887277849847,1.269551351963573,-0.04328812698308539,-0.03729660325026621,-0.05260145253846643
-1.0799128759166565,3.0115488767865135,1.149274878864795,-0.426959704886094,-0.4206821600513841,-0.47644602611319153
-0.7388161090015757,2.828640226055844,1.416870860034324,-0.2873216880697809,-0.29298672067481396,-0.4547223274268544
0.21777087208759943,1.2066951535243327,1.765107510393281,0.18238921290571047,0.15126446494842666,0.27024150661432483
-0.11457461887320852,8.628885595720739,1.6337935627826128,-0.019841931012570917,-0.011275800368967177,-0.02605294514841484
-1.4290204673899851,9.337959345515294,1.174989379547094,-0.1423506265926155,-0.15644325633313608,-0.16938684038821894
0.870393843683933,4.972406799959011,1.0240674708922837,0.18463994911505005,0.17882327262906153,0.13793148602681649
0.6170443656675136,9.10584406883552,1.4115639179543868,0.061297726469971336,0.07225995169062285,0.09681260617873598
-0.8858148964423556,8.367366723191951,1.9205535917495866,-0.08678410170188035,-0.09642576095071602,-0.1866694698124049
0.6442363041959593,9.119376597304798,0.7249581826950627,0.05512515788363738,0.06390120584212942,0.049215562170333974
-0.01522435820161178,1.4866623543126671,0.9376342706534492,-0.026903350706520876,-0.014882646669517146,-0.018617345028695775
1.8920511104307323,1.9201529300493152,1.2757570627515662,0.9901604290689627,1.00133168294197,1.2526847795749532
2.2624504301952864,3.062640766745607,1.942381858905066,0.8220355600356629,0.8356539258092466,1.4346602081287785
0.09426505399711163,7.122592806620576,1.4461567659598598,0.0014475947720859177,0.01839435458920516,0.025754737644205074
-0.11905299621425708,9.175319061205446,1.7938678459941193,-0.010129118628865704,-0.007697629522681309,-0.01320890314093742
-0.986867259377023,2.017526176562778,0.6419404580284189,-0.506259253051433,-0.47569807426274935,-0.3631121294344926
3.5377797901339476,8.792096889215017,1.9049627732595766,0.5222409129063991,0.5285161135408947,0.8573830747023456
-0.5516676238345128,6.66556058952209,0.5024197154952238,-0.06914453127284076,-0.08714330385964256,-0.02056755593924311
-0.24654420559535728,8.738745395787731,1.7926619774619477,-0.023040621854292155,-0.021326649930641442,-0.040812892733946796
0.13660264603167893,8.876503608257906,0.9692856926095302,0.0016462465780668137,0.006813102551732982,6.632664054595332e-05
0.8542561268595239,5.056227881635566,1.4405157111628437,0.15210817061065698,0.15859900156122533,0.23484858902319974
0.7034949078151032,9.371469055694561,0.5650488982933559,0.06707980818264653,0.08091113953932322,0.05008467091709139
1.8293718396507057,3.2445088375352644,1.2829433094837723,0.6843866251538082,0.680612671395177,0.8996231236245157
-0.4717105013489247,5.484945121000595,1.989950333065237,-0.061684316346285725,-0.07015397207194816,-0.14143116209637627
-0.7020894705055544,7.721756769379791,1.6308120563397983,-0.07445143757386646,-0.0700458645884052,-0.1487573209998911
0.3150001358385102,5.641404076930055,1.142016831233,0.05755584302170044,0.06296116655505915,0.044223133748328536
1.2878510513187231,4.168823698470467,1.730233149039222,0.3323145264581859,0.3463200673853313,0.6145084675252567
-0.4627994015004408,1.6003700906370524,0.9040565151959195,-0.3155588173693854,-0.3000883109606756,-0.25792351847536493
-1.3566438400878542,5.638099247554666,1.127153889832501,-0.2152121093688819,-0.22330444415423953,-0.21187411605211467
0.5977012891805972,4.018012290692585,1.3771223833551314,0.14355336844917696,0.13997459324553682,0.2107516408291374
-0.6608893823993524,5.897875936515907,1.6930790931029145,-0.08618607951323305,-0.07593545881220258,-0.16656618819462474
-0.005586604147350103,6.958935724058078,1.453258402379904,-0.009153385870482754,0.008813939817782468,0.006266033743680831
-0.06978429042047815,5.402945961672641,0.5002473612716543,0.0045582573164396276,-0.011779782070352851,0.001728960720272529
0.7792695643388913,9.600587679726008,1.8346387760934098,0.07516909071365771,0.07470058075434297,0.18535324519291813
0.08678568135412817,6.353951213887633,1.5531050242323503,0.007881955115734203,0.026962045661053195,0.048708726766608715
-1.6356971511443705,2.458752202546352,1.2687965851453964,-0.7902483506508584,-0.7787446680213782,-1.013139304011571
-1.351883550766193,6.944426109045014,1.8888489605915613,-0.17451063113822687,-0.1770053568754437,-0.36474276308601
-0.46849620258622965,6.360741712285764,0.6960870431205345,-0.059085220566967425,-0.07884659654313544,-0.02271317937051299
-1.1369654768517226,1.417841389028859,0.7922871342639632,-0.7119658264102282,-0.6861447204573788,-0.648797482369391
0.9733328112123566,8.804594462968895,0.758762413156655,0.10951358008637595,0.11443800687680263,0.08940769345616043
0.21618985129504353,6.300352857725638,1.9056838696719591,0.030652556996745173,0.04053177912868741,0.09109060295800826
-0.6269582717699521,7.643994430997392,1.3677657592441144,-0.06400338456756434,-0.061229702374120086,-0.10099495621311028
-0.9003842229372406,2.5915163857194488,1.9380915526893707,-0.3705659181978023,-0.3907730961486801,-0.6954474514306576
-0.1793468130224212,5.3524160474001725,0.6473081196142862,-0.022119329857372617,-0.04128379368704877,-0.008189092521171079
0.73681592184524,5.49111054840313,1.8837472707465146,0.11052736404732821,0.1265604266880186,0.2583404739761104
-1.125231397686125,1.5990543590115518,1.5536296134168361,-0.692054669966496,-0.6861971622659199,-1.046073896580258
1.4201310692028544,2.964384716086597,0.8290794043155736,0.6018556568139412,0.6157756960018198,0.5111767744935275
-0.15231700424415429,4.382223442349334,1.5751212243634618,-0.026085696819444056,-0.01857851220858516,-0.047441588851981784
-0.5143104509812435,5.688952058846367,1.4544633083928535,-0.07458857713829851,-0.05643649723323018,-0.129460810352068
0.3471077882622311,3.5105948558778195,1.6461711269876165,0.09405667898837845,0.09379799979154077,0.17837261649158026
-0.1938226294943929,6.495270850099258,1.6067449522861068,-0.022016115550094417,-0.0063657503632860435,-0.019460326971683525
-0.5697364606074173,6.95155975607728,1.5667302365621272,-0.06598874522946122,-0.0564408859016796,-0.1248532454713482
-0.5956537628103162,8.501783425895553,0.8606895670855599,-0.06156501680644515,-0.06658337260792059,-0.04781504737081725
2.1480408783617064,6.571014637990661,1.2141998036440964,0.3215884841329271,0.3097908501814415,0.35603395179330727
0.4941009308773942,8.878748194947402,0.9647245076643451,0.04596033091975758,0.05446468494057128,0.048352668678447064
0.4779508887042047,6.255675037802966,1.6765962067760967,0.05132119244984423,0.06736022089907558,0.14479141042252539
-0.26606053418761927,4.140226947962118,0.7183426881662832,-0.06747930445664052,-0.08734292397738572,-0.052323634440111
-0.4993023919381806,7.499167837691015,0.9509410729428491,-0.0606623787489913,-0.06262594175701941,-0.0493847565984282
-0.06202439334393897,8.984604267554312,1.1173698639325294,-0.014794627595774778,-0.009639932674887282,-0.019722911831509
0.5127222773072034,3.318517263272426,0.9166869353932965,0.16219600600076423,0.16245071104544045,0.12754989373154504
-0.5303514061110547,7.988829763182254,1.0046374910859197,-0.05688342586590803,-0.05439915931337589,-0.05088320476677609
-0.2835074968967015,1.3791101805639467,0.6022005027962224,-0.21134818820130372,-0.1741239844037828,-0.11764557445559914
1.2581482784657816,2.473983072316766,0.9337465961711056,0.6454204326750038,0.6595761211354041,0.6143848884592841
-0.8986867298845206,8.91560168038393,1.0444333760265934,-0.09425766207079476,-0.09599674969766646,-0.0909603751647331
0.3586113395306574,3.7771352222318675,0.9875572573244886,0.10211303392971328,0.09611699911833824,0.07551982741468637
-1.8316634673951178,8.500451706757646,1.4955020357896345,-0.19298314918176024,-0.20508290619966113,-0.3152880332505634
-0.9638042097114692,5.15791728264838,0.9699645156469636,-0.1778923025813253,-0.19136497592522858,-0.14233930809127593
-0.20782637801857778,2.537757018699924,1.0197325630139311,-0.07051765771228415,-0.07574073497578676,-0.05607626067866485
-0.621493244360019,8.583513735952353,1.1662241945102656,-0.06637413852554867,-0.06139862393025721,-0.07313946560454716
1.1817824363270526,6.553482427064668,1.3072767940606966,0.15226431553671402,0.14552430526673946,0.19265013757230887
0.4472333920028115,2.16944699109007,1.0166775763032192,0.24457537742008187,0.25619315425040007,0.2255621068177874
-0.3340428932341723,1.8973629360705373,0.5210846599803185,-0.18503746549314204,-0.1690695448147668,-0.09563188490344098
1.0539173414937033,1.960171852542822,1.4282060194804471,0.63633005598438,0.6294285699587693,0.8994262573007776
-0.688067786931626,4.619792407706867,1.8701221819135896,-0.11934215442342129,-0.12276906797307596,-0.25914020782009534
-0.7539257705758562,5.735550790433964,0.6395661777944122,-0.12226209437948114,-0.13751797560719953,-0.0527179444320347
0.8327820546530517,4.788508889660964,0.889470041856881,0.18722024341333188,0.17726280356453644,0.13205049879318131
-1.884241805001046,9.90854649072747,1.66442747863973,-0.1689757989349585,-0.18953097703126917,-0.3253685428516051
0.9621290790261242,2.205824041433035,1.774392519686213,0.5090204113039978,0.5136454454689976,0.8981673354469364
0.2602376991197693,6.84655115396216,0.8486353986191143,0.04572640198454586,0.04630504598068563,0.04109612679526853
-0.7235940982880898,4.626552893573427,1.0328029463207418,-0.1576338661916014,-0.16829699766382797,-0.1348953836964998
-1.1030607162947834,2.484404836430407,1.2193028954767902,-0.5352115856657024,-0.5312417633398703,-0.6677142054237891
-0.11119441992952356,5.272901034208677,1.6729063754425564,0.0009802124346002389,0.013537649476877295,0.023520877712286562
0.040522818583031105,2.4214359971905797,1.1045815304186313,0.020568408937425873,0.015126593192103325,0.014929750437632613
-0.5939144878291749,6.645025736634306,1.8977082429643,-0.07275553073673753,-0.07206337678376415,-0.13589635910106576
0.6511815525022203,3.5253159794896334,0.6159906332085289,0.1907075874781371,0.1788605098802584,0.1108979403264442
0.26540781205669656,1.9181414897563012,0.5827171498841371,0.15433836269815732,0.176312984068507,0.1264643720405072
0.9700337065209809,2.985767653217821,1.5428999987656784,0.39396541333914176,0.386859929168239,0.6572575371189189
-1.1913551618483984,4.84834215754261,1.3954652340625475,-0.2480011927213904,-0.2409118751912091,-0.3519357358208017
-0.5634893280685377,7.425627848155943,1.3934183808768452,-0.05987151223935337,-0.05522745397391503,-0.09498837744917143
-0.5853640929621112,3.7436333188337425,0.6572348537741818,-0.1495490542031162,-0.15553713093611654,-0.09263925863333165
-0.6023830901479575,5.03046576570634,0.5403781643737166,-0.11283034268427115,-0.1250790107243642,-0.04864725525409437
-0.3275231325374306,1.447744155446955,0.7863580766578135,-0.24599170849014704,-0.21992894330495805,-0.17167606427799986
-0.2777610905942108,2.3862675806235125,1.3472233781618872,-0.1125572964242544,-0.12227571968080435,-0.19871473722319297
0.6863189442978934,1.0662336449170837,1.9211614735078182,0.5214136339470936,0.5160331304350932,0.8381871854535575
1.204296241442355,5.907472272990415,1.506258324051146,0.16904310746742807,0.16641867601161336,0.2674072266500851
0.8081013947743619,6.5900865986849455,1.719209022423672,0.09291176587436918,0.09732047096318326,0.21506546413048394
-1.7283300455934172,5.322577502078532,0.9923351106007352,-0.3186954157122648,-0.3206198906742049,-0.2623619583729998
0.4599803836760141,1.2812304957984715,0.5619589116383107,0.3151458864292693,0.3508205195901508,0.25832902539821734
0.5045109960978982,4.000339492670667,1.6141082073761372,0.11517286341555354,0.11745078005639059,0.21911639948937522
-0.2840353881266694,1.2612434563451522,1.9837523144234686,-0.19508614304916652,-0.22346904246499721,-0.33372314456917
-1.5193923708601924,5.990475384289276,1.2986232909759887,-0.22637245756015284,-0.23155099416269753,-0.2937922776496296
0.9554153024634854,3.8343130012795448,1.310627338421305,0.27896837152599085,0.2774452621616786,0.39352101492665753
-0.251386103659235,2.1858793885884706,1.220416342187021,-0.11229253441074549,-0.12466531632421449,-0.15475279549596793
0.8936953468373926,3.47696363616251,0.645051197039526,0.26164270628395786,0.2557687353427377,0.15824752259150937
-0.1317223925057656,1.245346513526271,1.509747233388365,-0.11872349152587744,-0.13463795249002575,-0.17410147326873193
-0.06676405428873118,5.706024490572645,1.0488757055535318,-0.017532738398210016,-0.021273527121696164,-0.01664987300124368
0.8780094428779885,9.919955736908745,1.3791460512380973,0.08710889832156832,0.09801635693768744,0.11634410070679356
-1.722105169755991,3.7662677333079753,0.8856689099931064,-0.4988216747634033,-0.49289847899208356,-0.42654007014951334
-0.906540353847642,7.89684846233732,1.0994796491155328,-0.10319674275476833,-0.1058562293840671,-0.10206524983022937
-0.7377242527307712,6.49866555357905,1.5073418656179627,-0.08741329380887125,-0.07517275170928855,-0.16075949884934773
0.452776656976398,7.618136924251087,1.47232127112227,0.044658593840546754,0.05589237095288182,0.0985429755341365
2.008986751206938,3.322507720092435,1.9304968909796059,0.6817490867129897,0.6948755997072863,1.2383630199826985
0.013737439658009533,7.909218809869666,0.5497804682107325,0.016340401526688808,0.01251920016948351,0.019381934166031966
-0.7226493515711081,1.4665304034717086,1.839815358512714,-0.514839936177402,-0.5210472327351467,-0.8392338995048516
-0.2856373143375378,3.515847870343187,0.8681000696700889,-0.08515941163973424,-0.08977828636126048,-0.06675988646729272
0.794541668667367,2.887918606251363,1.0506790095262324,0.34222702284865536,0.3496344321888814,0.33849831403843234
-0.5193047692821913,8.764835014231082,1.1428451866854745,-0.056337155623183394,-0.04958311609236546,-0.06038856178005901
-0.629759144788207,1.0966588499809315,1.2161569623278425,-0.48107270647322337,-0.47506077072315656,-0.6127467355506856
-0.14302019777627795,1.7686783706679496,0.9375394302804076,-0.09989931290729663,-0.09578287399054516,-0.08001523449734363
-1.066938894000005,3.8914722616654718,1.2945811241180194,-0.31133987460924295,-0.304645152559888,-0.3898376564666013
2.4505286906256836,5.398653129938707,0.6677629426128325,0.49548292708654434,0.4951144062583887,0.32511138552636754
0.5450807117945978,2.6856250377102473,0.5039336562897374,0.20203048700300494,0.20521209600980891,0.12281819337459511
-0.26622876425584274,3.2483380516429885,1.8353163420270595,-0.09575961322585011,-0.10480698244038623,-0.19867625271655237
-1.0945003296441793,3.6016686719894,1.9803526419239352,-0.2993247388404427,-0.30991608204446675,-0.5936891134468182
0.6214112787105512,1.5481409593110849,1.6040467971525703,0.4501372632333536,0.4378739940993727,0.6907317911429113
-1.2817785381398714,4.970232972945429,0.6043145287868003,-0.2524312707116607,-0.2591009786171106,-0.13805867689347628
1.2797529777039807,4.509787345416002,1.4960459021630341,0.2977463118177619,0.2929438434732044,0.46623700277314994
-1.719622531844694,7.883779544644533,0.9219159955184697,-0.20521471658954438,-0.21837327244489982,-0.17374419540200414
0.5697361785761991,2.502839718664843,1.4653446417014895,0.26356265827989067,0.25163337066611463,0.4354103458412763
-0.1511904890380272,1.6952997349827332,0.6983414173265196,-0.10638679004094397,-0.08582612051622163,-0.051349811527997155
0.639434798248557,4.072435791562484,1.7037282055497118,0.1473819864500451,0.15436358516124016,0.2902289427945366
-1.504232625105711,7.4609533955620435,0.8651181882471979,-0.1938711690327624,-0.20624946582694909,-0.14858086649245192
0.1772899609665228,5.184740212508415,1.7537129887592073,0.03246996260434294,0.03908418529280571,0.07931051928023729
-0.603075155453613,3.4046165317011643,1.9123606626840464,-0.17558621986596756,-0.18283639351071676,-0.3528592359241734
-0.024152193177112993,6.781506003887665,1.1876715532774151,0.0037301845199459276,0.014955415646617407,-0.0012102256360114636
-0.34931464542453894,7.981094017459039,1.336783048187412,-0.04737726928068044,-0.038784234360887196,-0.05920827125221041
-0.29369057176955715,2.6235158482373575,1.0264464404848108,-0.10364948514906855,-0.10928698419899552,-0.08475443660696723
1.607873310000639,8.150529000529943,1.9907721884429708,0.20951587535449806,0.21943397636769155,0.44988903500334904
0.8469942925056692,3.587620634361845,0.5795297449828901,0.2341825832603251,0.22611340042904704,0.12722262318605537
-1.0102649137747708,9.927907747805953,1.5919809211554934,-0.08306153599546261,-0.09123107690131832,-0.16451494958713023
1.3276209124763307,4.700647347308449,1.1435767146785665,0.2925807708349245,0.27839202561983994,0.312807628114493
-1.2811328449718835,9.142417328189769,1.356304030438471,-0.12262541067084845,-0.13350168652225722,-0.1849972504219305
-1.2204123134888096,5.314355790343852,1.3091674783298481,-0.20786430791839813,-0.2085619280244035,-0.27412300014616864
0.2448043221759631,8.063407924937238,1.2427775212440788,0.018268882918308544,0.03280183345604734,0.02341751677714058
0.5797461772726306,6.351134923757181,0.6564237422032763,0.1098093804936589,0.10705100570332207,0.06922519828763214
-0.13898146065075848,7.6100256896836225,1.8905997390531637,-0.015757906996349713,-0.010719786409026946,-0.008785792578063086
1.1506717026563194,5.662099312784085,1.7467048209715135,0.18618737367738186,0.20050970690071382,0.3760667168284398
1.6921020153350042,1.0008066250692744,1.6953978735048296,1.0953771090261857,1.119436655028294,1.6390860013115922
0.015415184754079957,6.514764595414636,1.3189921607405157,0.0009046450163619751,0.02013199003046485,0.0020078224987904354
0.6614582069087417,9.354783965191713,1.0599766166057891,0.06648635586397188,0.07369143287343978,0.06968612142593615
0.021868673238623723,6.288823853256762,1.4933845126684313,0.0013532011007008782,0.019723728347313105,0.030168754115891355
-1.296786049238654,4.404076419848175,0.6013765405399667,-0.2858599197994264,-0.29340124447431637,-0.1689102661459744
-0.39802016277439944,5.387330286616371,1.514076710876506,-0.05378053989136944,-0.036357330164926614,-0.08833616424986557
-0.24652116507980879,1.997640409069191,1.2731748812344132,-0.13288018193142068,-0.14140969588523683,-0.20252546945798677
-1.7939553999348163,7.421065994073947,1.3876565926807085,-0.2049747883076576,-0.21871980093877977,-0.3041498393000541
0.8817377072310132,8.418029217102829,1.2558728214826194,0.09631762264589142,0.1084933292888203,0.11940527808498104
-0.8107633483471385,9.141320230455417,1.0704831831258483,-0.08260933408846574,-0.08192538717397925,-0.08177776971347896
-0.24730567494496078,9.2825225964358,1.4203578680526041,-0.031902466048251484,-0.021459613580627167,-0.038938342831348394
0.9258446564246198,2.54501330399782,1.2603704293181484,0.47588886208963166,0.47174408823313,0.609532552637579
-0.1667367598803512,3.540307050864118,1.5455746779448305,-0.06731070042643057,-0.06616001894493202,-0.12110529328101084
-0.06388072358898421,1.1578284154068879,1.356382505288672,-0.06042309797915156,-0.07052881337066515,-0.09056563276612824
1.690051298553068,8.325419211159234,0.6224803030624687,0.22054587795048836,0.2230665717559475,0.13069703480543948
0.7842040491092548,2.242252943504564,1.8790124274220381,0.397428926131048,0.40362627191514594,0.7323816832050101
0.3447447521019816,7.684655880310805,0.5734534917230293,0.05865806466748899,0.06191058192548702,0.04798178244940651
0.8032208183522269,6.835150916324286,1.4760897283786398,0.09253140702629124,0.1018859285215799,0.16921045422158174
0.7263655989221963,3.9502824309583047,0.6845076819515445,0.18775162370093462,0.17415323485980166,0.11612253947064555
-0.5733938948523806,1.0113897093574753,1.2485798627002542,-0.45434528791073225,-0.4491770880218186,-0.5972884588759826
-0.7701715162687444,4.055861593641144,1.98675899686275,-0.17470562077570612,-0.1830333076179084,-0.36780231195905566
0.9002209844549903,3.6272394253392175,1.8432608985538361,0.2658103276843959,0.28371073210604425,0.5296824045686516
-0.14419344644773188,9.342129822105926,0.9660896657935071,-0.02372396284855474,-0.020991292303323836,-0.024436879356297427
-0.6307456696858545,5.003592962828989,1.259247328011776,-0.12335988267425174,-0.12069098844708681,-0.1539853645771403
0.264141442161702,3.539675402344293,1.861259086215797,0.07187691660375624,0.06597561064769514,0.13564127981315807
0.5860292397427493,1.5396392691578562,0.7816363120713778,0.40866370759624854,0.43660931259269536,0.3343912375628123
-2.5874082823488713,6.290544395680923,1.9540056479312788,-0.44944403378178915,-0.4303220814606588,-0.7723688411631978
0.009613543663862398,9.822487943391408,1.4261988751574368,-0.0028287749232107917,0.008855534029450602,0.008617346494009137
-1.5014338088597132,2.54501981801023,0.9020653368495348,-0.6654385673515875,-0.645163551762312,-0.6364346597682735
-0.5548861507790084,6.794638292000233,0.6081734962769317,-0.07023631123040054,-0.09043698128686456,-0.03167787033558128
-0.5347529978699914,7.0109647615986415,0.8992706325615799,-0.07249619577488547,-0.07896498841654478,-0.053208519785331115
-0.056823009959223195,2.788686973117268,1.171717688599366,-0.010321296967247791,-0.017561166150563752,-0.020536630713095003
0.17707597178983997,1.6490484269559804,1.9704965893613233,0.13662444603980758,0.12227546136287895,0.23427911005824392
0.2334735390868048,1.4913685269061463,0.8388004700923525,0.17168577297888724,0.19544602182403825,0.16108657353709496
-0.29658525771713506,2.1658605773544815,0.5434839164737189,-0.14791913451665428,-0.13697688206177996,-0.07098566065315065
-0.24243978537242122,4.696538433155974,1.5742935938352902,-0.03417495241355196,-0.02171499749339186,-0.056251518579313584
-0.8698433725557495,4.948314983904652,1.3190318146641729,-0.16463657301786866,-0.16436555617884407,-0.22831009341162847
2.190891843111708,2.009256406600452,1.1809341465065957,1.063014163369337,1.0792186744951546,1.2749478719215355
1.3738988095152747,2.321355080708327,1.049453676324015,0.7377796619812563,0.748100445544648,0.7918487728322098
0.338740717520808,4.462850819055122,1.3239339318620587,0.07033254825436454,0.07811651004966548,0.10450144041825274
1.398275589523692,9.098138915412886,1.510860273168674,0.16190117433562554,0.1578755490912803,0.2450775203606064
-0.5190118162807394,9.281312862688573,1.6033433218466857,-0.050160585682969036,-0.04621925870383204,-0.09678555739151333
1.5576235014254365,8.223713991258958,1.5255947786110764,0.18213753314355188,0.17395875356591775,0.2681617064507343
-1.445037118657277,9.1307612826685,1.365168826000078,-0.1404368168279627,-0.15428642867744038,-0.21248730301292856
-0.5089365928726534,6.882557591018509,0.8593859839673454,-0.07212120577432858,-0.0814796355164134,-0.050324394078319165
1.2125778153498903,8.179008015122507,1.6133603169222805,0.13758485679421836,0.13452048269628578,0.24033846663936312
0.07576001855240416,6.842664391812647,1.0557470238352442,0.008571087067744686,0.01745631821292496,0.0023473075966874493
1.3897880631394133,8.586434426290245,0.9478420841937509,0.16595872231160647,0.16752413686353038,0.14564607832126866
-0.5249818528453759,6.742663796828224,1.6148407128870752,-0.060132612288019055,-0.05290223708126988,-0.1101364480695608
0.736497514689486,8.869167603297003,1.521461492955912,0.07965241236271042,0.08616408616912896,0.14733664919178163
-0.40201270127581956,7.189405536237984,1.328913460691496,-0.04523391125510812,-0.038904252366863575,-0.06353450697410325
0.5457501344791118,4.6417179173472665,1.0700166249362728,0.12999742670956546,0.1288851262110319,0.09730888866223766
-0.20581762336832887,7.1718846066950075,0.6645211875620822,-0.01666598247136778,-0.028846943462136287,-0.002036429301134377
-1.2160824151351486,4.4179918684642825,1.315734967984467,-0.29916453867398773,-0.29000708152544835,-0.3746458735393771
2.049783882911496,9.586285502283067,0.9105160074299641,0.22842620422392856,0.23580120168804702,0.18485519965899158
-0.8832879481378625,7.294790159425446,1.7660365997636034,-0.09949510429686,-0.10136479608191976,-0.2025200301104831
1.9863286225436712,7.718732853670009,1.5908880630431772,0.2550890719845845,0.24821563549739917,0.39598769055309924
-0.012845087095720485,3.0490420790715103,1.745979579827914,-0.023749663694061483,-0.030967021489514412,-0.051094262772614696
-0.9590781715823632,6.804991184164859,1.2508284367521976,-0.10878417162545247,-0.11123965677193584,-0.13712742019442353
0.07748774561040289,3.7331226808847253,0.9106964596976699,0.015610722624679468,0.005238222600937051,0.005419471214203378
-1.8188266757367848,8.565987679250284,1.3639952305517404,-0.1854136221878703,-0.20037527119604434,-0.2687610524484895
0.09661980585579286,9.585054445731354,1.2609318991209368,0.008190421976353054,0.01644164853891747,0.014250016576510382
0.5007083586812989,6.970424696243473,1.1169928905506825,0.05891148730563267,0.06922514938790411,0.0538699022144916
-3.1888053793272917,9.695192425602084,0.8934287918515449,-0.3831912259961697,-0.3628507269977215,-0.3030371329694877
0.5614127221882335,2.658242626708526,1.7992086438154309,0.2535632991353276,0.25380055810739155,0.4724760015940169
-0.07413737743332446,3.6635073449654847,1.8025240222716374,-0.02636910459235885,-0.03262526894989859,-0.06607051340107062
-0.4431359474309946,9.102745094649027,1.890485925298658,-0.034563331859669796,-0.03882355006727794,-0.07279353049237373
2.1030231484816437,1.4546523473399415,0.5092301244647852,1.0998380858223116,1.147898014097103,0.896743463863092
-0.6775500549565733,2.91977165098739,0.5015946668196106,-0.22946667816931746,-0.22484839566489612,-0.1331153709415392
-0.12329122183221236,8.736887813226298,1.2867563433980451,-0.021190049159506206,-0.012119941994712828,-0.027221376022658523
-0.8739910509938411,7.914456254215393,0.987630474985748,-0.09798183532838062,-0.10155399191206751,-0.08434751182965028
-2.82391116523348,2.0285724168273607,1.5309059278726522,-1.322523139697681,-1.2894964828144042,-1.7946455077568226
0.4832109313798952,5.5387597365050185,1.0106488046054722,0.09999808686335578,0.09466850132842783,0.07618165477268407
-0.00048338257406289886,8.324145000956243,1.963481142415691,0.0031385716996062303,0.0068689899789660756,0.027275395576733166
-0.6727288712809792,9.579924149098936,0.5322426477565806,-0.06487372624030052,-0.06727437746304328,-0.041224404969124634
0.7564990805805529,8.417831058817209,0.7923521128302513,0.08726361586574209,0.0922358374005698,0.07838955622767896
0.41676723398877596,2.8531332031065753,1.5570210180278203,0.15711550744862945,0.15000523506243787,0.2779560701823229
-1.368445383019419,7.8039346445660955,0.5359837778516308,-0.1858290912433372,-0.1850330835621373,-0.08744786958997212
1.4743255178887784,7.160731796721175,0.5109040552769181,0.21756103684731515,0.2240171703390761,0.11519739453607124
1.2569784686847756,7.828315716811434,0.9579840235169719,0.16230946472335978,0.1610923715925071,0.13793224775604973
-0.7426491832982566,7.920882746744293,1.0918687066647204,-0.08288257173849586,-0.080901715875551,-0.08046748387938804
-0.051697272958462895,1.0575727256371126,0.8828251998190524,-0.06192700576911252,-0.03449860339557218,-0.043016294552410614
-1.0598968962899653,8.250425476617067,1.4564477703778764,-0.10192199566868498,-0.10806599209861249,-0.17957175455879623
-0.17792539652285988,9.952240157129488,1.1780866148806277,-0.017956679154206543,-0.012931259643202941,-0.01941222142561011
0.8038120409772394,7.572068047211758,0.5354789476091905,0.11798927638161642,0.12681823105632892,0.07088974902365552
1.662199077660166,9.402912126761855,1.2041078306829496,0.18390718399050512,0.1915736080574775,0.20094506668789094
1.6953863924029844,5.075523458970858,1.5165265199053037,0.34375659950940574,0.3315279354820802,0.5318562554713376
-1.1981379266506331,3.1138161795550254,1.4378499588800042,-0.4620341459098544,-0.46450997568455377,-0.6851198209840336
0.4300376884606462,8.949800903621485,0.9576722768490027,0.03732509184563702,0.04603651921922306,0.040025145195109815
-1.4249330638781894,1.7150088555469583,0.5625813199945802,-0.7243859135043308,-0.68916906695087,-0.5523546267115785
-1.0802573200872259,6.876240749639209,0.7277810396443236,-0.15599373133745928,-0.16292506271689908,-0.0908465863258498
0.59674204323194,9.46678465561001,1.25447799174691,0.057422844199837064,0.06790422936967164,0.07189802695861867
0.4485084274003952,5.189428502327446,1.4600126809328373,0.07255057933205865,0.09069932110054822,0.15380513246190677
-0.47028771910782247,6.785285669155517,1.2831901158498447,-0.05585151013131573,-0.04765830953940017,-0.07271353650245949
-0.13725123872085843,5.573517683917699,0.753316478025407,-0.015595798925308546,-0.03532728269577546,-0.003521986614897635
-0.07716520657554204,6.281831061783354,1.981112946295569,-0.008313491889313802,-0.005044654703747822,-0.0004340851119055281
0.9679105716598814,5.786886880538976,1.674348074248482,0.13682977082534237,0.1450744307753429,0.2767523703914447
-0.2564878135214271,4.811943511096386,0.7253566235815416,-0.0505701233233212,-0.07205490335892689,-0.03330807607983238
1.4002552452478478,9.700163566727841,1.3679621910005784,0.15451324650302511,0.16010278343195333,0.2043047949314912
0.09177471798344428,8.61013668843321,0.5681129327014413,0.015198730763663227,0.015410760563422653,0.016879211491034187
-0.6599151799713068,7.96813152307333,1.2634257282884278,-0.06943479536320633,-0.06627438191737293,-0.08703540301923933
-1.1727949385095375,4.147087949543107,0.7309408130671766,-0.2751967109918507,-0.28583798952815953,-0.18121832787937794
-0.9773085074010239,5.0508425079140595,0.5437795530067211,-0.18026059846160394,-0.1866225125631163,-0.08441130783071164
1.2357665136966909,3.574864942272157,1.753298751005932,0.3891654721592194,0.4021311441814161,0.727053772289995
0.30174313739446784,2.849383437014217,1.392045379697443,0.09260331710229612,0.085235628962043,0.15287583017109158
1.5649629058731143,9.77392786886446,0.5232173696930091,0.17476755853484005,0.18555299103049333,0.10625297590131672
0.0173715124877623,1.1467355344859316,1.353696690320609,0.01677021113240487,0.004318980063227404,0.015260496160768522
2.268494030022962,4.009975720605823,1.0448507601086428,0.6516610845119332,0.6519626408092153,0.717682229181016
-0.06469208890202438,3.6071718527721894,1.0318461287447331,-0.020876940970490046,-0.0237104554626928,-0.01906900483010362
2.618461658516633,7.387522052635967,1.5342561634976208,0.3830679204403081,0.3752066147830843,0.5553948187879901
-2.148661425245504,7.473311468610373,0.6035175045015889,-0.31894718782163245,-0.30850145441594234,-0.18324093739494868
0.8158404962582321,1.4183330972193318,1.5775132374046457,0.5840407762940157,0.5791269770258216,0.8839879282348292
-2.1003594912338084,6.161951696958508,0.8048429833788588,-0.3541003466554544,-0.34517654851918356,-0.24700402962761808
-0.46060621232443333,1.5716283616453346,1.2095952858094807,-0.3191114702994139,-0.31779716873100144,-0.3996925117490967
0.026854546913554204,5.533562290828232,1.8539767579352562,0.009162451010975875,0.012243356975827057,0.030712454792536013
1.9441254246389703,9.354376744862247,1.6057231438862227,0.2261190219328397,0.21973106409496013,0.3359388940953795
0.02185351512931296,6.306140640373771,0.9016929256709112,0.00409973903308293,-0.0016569062953041037,0.007421303543698793
-0.7362457440966454,1.5664569885215989,1.2786924141542253,-0.4823210877985075,-0.47916060177287817,-0.6438323647071322
0.7992252460542864,8.138514873630621,0.7257136107473678,0.10107321681519116,0.1078186616204744,0.07856441194741591
0.3837791576650895,3.160587664819849,1.1933394940998638,0.11089477831250602,0.10530488908954838,0.12423258277330361
-0.30756974353868116,6.712939673460802,1.5988881535906962,-0.040180986193329035,-0.029144661372146843,-0.06269664846266992
1.6667513511710237,9.576258579441944,1.837099645131912,0.1862312440626606,0.18639015195019334,0.3468204755627674
0.745931311973441,8.384509404026446,0.8263682612985095,0.08627577231826876,0.09144902659393582,0.07968686950056016
0.7091627490850526,9.042289339712358,0.8749849259873107,0.06572060982582928,0.07425651981684454,0.0649291363416145
1.4734050066996216,9.101572904161314,1.9917732573879587,0.16959085278208938,0.1789645346407553,0.37723549274004947
-0.08656155523374798,3.22680046540076,1.7961246133802484,-0.04087394541858301,-0.04911987289218712,-0.08974279788992306
0.7097124410621147,6.620339527127394,0.5677467518488539,0.12435561184655887,0.1249395683182484,0.07117139489011177
0.03925940980699708,5.924011363005832,0.8155761454605026,0.011530424387357924,-0.002468335403941117,0.01595518452204061
-0.26518420863259407,4.046196848290381,1.6015783090489681,-0.06482247212919975,-0.060920718204328664,-0.12285192712262598
-0.30876004872207286,6.025771704848804,1.422694636680155,-0.040055713024061676,-0.018137467341487037,-0.060786265587095614
2.266676442482908,8.92291548169522,1.5189197032557775,0.2683008163991628,0.26420071704662923,0.37502255117324296
1.597516692352482,2.5710519268982064,0.8551249469655842,0.7563968417967359,0.7731749047249336,0.6973939246290729
1.2464613885539175,4.609499521061847,1.9675386800049663,0.2696591470703377,0.2947735601887841,0.5722607500491559
0.3157815636511552,7.291957534727333,1.2697349584790696,0.026130087011647655,0.04441144418730223,0.03342304624266433
-1.3228389784808583,5.483786382658245,1.799950024559725,-0.2083637895286161,-0.19507951175200908,-0.40787225642801633
-0.7532743627964873,1.1335242618466062,1.6628291256056498,-0.5835352943911568,-0.5805306060307165,-0.9163431578807685
-0.49334510648619945,1.293297798796921,1.627484541075743,-0.3890527022610077,-0.3956541900505086,-0.6132032925046211
0.6966980308339852,1.4751411922334232,1.7407356079369136,0.4875743579510182,0.48233204139122354,0.7842335228382291
-0.6259670244705243,8.415962346578835,1.0592540010051579,-0.0644361253632217,-0.05918520352396722,-0.06079691858588174
-1.1394658811955043,1.0362535670796937,1.4957019001016763,-0.7886087708623417,-0.7798178447113876,-1.1525221846823699
0.255500357046403,9.073348481678615,0.8223530932380472,0.015024895729919486,0.02001809356800035,0.015914452479768203
-1.1104063288051704,3.7501946143467517,0.8956626636785332,-0.3130769356164711,-0.3205722825299103,-0.24268523212370335
-0.16271488050326235,8.887434221908926,0.7997868890129904,-0.019739922127300025,-0.01951435434994491,-0.019320986883105205
-0.13257469086356133,7.072772788614854,1.1084133632385718,-0.013613474028825368,-0.00593430245076736,-0.0180776576005971
0.0066195429576204196,4.329770713101274,1.2310162798763276,6.8505888956117e-05,0.006983780967174903,-0.006642233593023877
0.4876746267573691,8.211431042662094,0.5304343622853007,0.06626404168702814,0.07579223079355885,0.04899983854052732
-0.6255338956106411,6.5103652759690345,1.8771838545219597,-0.07598705617257555,-0.0751873411531975,-0.14434956845165597
-0.974887550618357,7.954440278363586,1.1084707236988454,-0.10914438368239644,-0.11350967175755348,-0.11151032101725622
-0.8392477501738653,7.185447325419069,1.264098845277713,-0.09323770835072315,-0.09209736799532792,-0.12037369375000792
-0.9200417373716941,4.215908409044987,0.8531957141701128,-0.2232895908993338,-0.2353573355395301,-0.1627007767438428
0.9843029587372306,1.52945862000447,1.6657913008616414,0.6522003547703369,0.6549320912712215,1.0295815630628506
0.4322499099750814,2.106449538386844,1.2223576482512961,0.25386454306541834,0.24952802813113328,0.3178271773695153
0.3950890292865828,9.843364880820367,1.915410264245529,0.03744938743648908,0.03806697824441242,0.10067104033108036
0.022416696281654137,3.2102488426911306,0.5018154658764806,0.01358879994925834,0.009929219988675167,0.022339571248564744
-1.3113594952153045,7.028391957050216,0.8305572621531874,-0.18112758498274428,-0.19186965310246554,-0.1278797847284948
-1.0887960066550093,8.426707623329143,1.928525477039826,-0.1089069295863872,-0.1204819207597072,-0.2392649252177161
-0.5153827682124439,1.1795884702700494,1.5401816106135344,-0.41579789122389693,-0.4176172247388543,-0.6447932860220075
0.4484084708868422,4.056931200372019,1.934250964625189,0.10110948834147045,0.10263219159035865,0.20673214894635614
-0.5677690891653457,1.2993980338579014,0.7003537614187297,-0.41456654352461275,-0.3784788840507625,-0.3037905460208796
-1.4568346700818082,2.3952630424458796,0.717108548176839,-0.6359755193903786,-0.611998267122539,-0.5050473280403037
-0.035007948066825514,5.928340177350958,0.9408599399673618,-0.008158120901150995,-0.016006118658024815,-0.002578414903122033
-0.14866816649227751,4.964870120379076,1.0412246088775712,-0.03592864836522852,-0.04436108423342832,-0.03535560965482215
-0.4605543513012634,1.920135296178045,1.0907506183237297,-0.2659190701309841,-0.2652352437883793,-0.26535951915573813
0.07218237169651298,7.304428097793569,1.1618473684748976,0.007864080191794753,0.018270161933047396,0.00010416826179594166
-0.3374121370376816,3.3711799168610033,1.0571472864887468,-0.10326733880808463,-0.10862581753741285,-0.09035916849381502
-1.212949505849787,4.8334790560537355,1.0719878788796333,-0.2487379850131728,-0.25299527843376807,-0.22305217103805375
1.404143029476595,1.3898781723595866,0.739788159068427,0.8882238897141475,0.919537155101108,0.7837677101554481
0.38632104372276943,3.459613418373169,1.429061424506825,0.09552136886483548,0.09382097085147924,0.15909311713314658
0.2524226370486942,1.5089683862943462,1.7884676671433413,0.19260014588196978,0.17080262843877875,0.3141241365059692
1.32959179371235,3.483697047684071,1.9089244338894482,0.42551596992366697,0.448035643774979,0.8361149942887263
-0.4279006584656562,5.31878352599703,1.5612216228592415,-0.055396470352096994,-0.0393425372870865,-0.09372805155484372
1.4651408215797204,5.055612060998233,0.7700610368177945,0.27996437984337696,0.2698833358637273,0.17559045748998944
2.0624063248355786,2.6040490106147387,0.532524136114514,0.8427300672515866,0.8844144824767916,0.6266554922259644
-0.2166297669744641,9.338637707407132,1.8950746708727895,-0.01318342575468461,-0.01522447871421272,-0.025410771237653878
-0.22243293684082519,8.813557454804531,1.9468957731659007,-0.014528367534999559,-0.01581322636643643,-0.02116946582315626
-1.2367862244871575,2.255925110711879,0.7332188299437385,-0.5859418359493648,-0.5610512108901557,-0.4531180388898164
0.7586679197463468,4.6185770116629845,0.8296820311438226,0.17352395545658386,0.16332976144817488,0.11504498148753722
-0.45378378013021076,9.346950563756145,1.9863334126756254,-0.030687876267537564,-0.0383278433290046,-0.06591685765653352
0.8057312397820405,1.1772873235702228,1.2334817340004742,0.6396378752982279,0.6386356416188641,0.7788198171512696
-0.9069181637685062,3.8228586413007175,0.5865676071201128,-0.22192842577558017,-0.22600372360124146,-0.12869700636563838
-0.20731443886370005,1.3225670623215207,0.5284582784741811,-0.15386659133277442,-0.11499388764312439,-0.06885923295028001
0.28649584466891065,6.613329829317504,0.8288701698200756,0.055915241733409296,0.05261488088378632,0.048775863094882646
-0.02018551293429284,6.853526076560424,1.1316815627361965,0.0008373381728074003,0.010268073018589655,-0.004327396704194637
-0.8047662949538691,2.1168145546811368,1.880102232389728,-0.42924769111026423,-0.44253581193730007,-0.7506882836906685
-0.79361297644209,8.244324046991627,1.32338978993602,-0.08018246269851345,-0.08085358075433072,-0.11614392944012414
1.4894453335959998,2.562070859519745,0.7585820052815322,0.6913802405253666,0.714312359601606,0.572759526749075
0.3524683410981461,5.546564447410367,1.865484712691078,0.04665103749737867,0.050391378078733076,0.10951052025899824
-0.32605058578712776,5.230814963289932,1.2698827855292378,-0.06831215763071,-0.05460572191779075,-0.07777584549569265
0.4905423248799636,7.99829945047045,1.9195724462427002,0.05889964237911058,0.06915984481714457,0.15297598797533596
-1.8027808842522635,3.365242429504651,0.5996831814211261,-0.5544914902482333,-0.5432101765331669,-0.39255758996906165
-1.0625888056459558,6.528236207905669,1.6748623791042632,-0.13483175663781174,-0.12757488223369265,-0.2711845060010449
-0.8626170589852991,3.4185841128408496,0.7187594116893693,-0.26424618998504223,-0.26990967225303186,-0.18414875762631303
1.5960622617866314,8.698007503157875,1.5476953359505377,0.18607791576667054,0.1788592210810502,0.27766543312878605
1.021143059825842,1.9707753551165617,1.4542038341620134,0.6124081442380971,0.6042142797961388,0.8818222811088964
-1.1683433814723683,9.253254176538752,1.3496250062154511,-0.10938594456908161,-0.11854521120800803,-0.16434199848745876
-0.27650802526053125,2.8019718026910017,1.6992203293867238,-0.13245768407673778,-0.14027550937717076,-0.24513807638647378
-1.0491638873946052,4.61370726494631,0.9068578856679224,-0.22881426525107842,-0.2418623190529222,-0.17200476298102174
0.8461145316471548,1.9637432316692753,1.7559764737012713,0.495318064934728,0.49587148311481494,0.8489933132977221
-1.6216014074966285,5.259507573692368,1.6798280806814008,-0.2974487333142977,-0.28430297590837944,-0.5099610025846308
-0.1570679654646779,4.9507313779181255,1.8802279310469343,-0.014429612071348678,-0.021218668164227534,-0.041846569948716536
0.006082774863296565,5.280387407319756,1.7232107660496796,0.013917484633777694,0.023238975089533778,0.0462842720806524
1.0493024906015198,6.321933512047278,0.9755181183771404,0.17603048567306598,0.1677643783011415,0.13727779153511135
1.1644534792623271,7.558517580685732,0.8041861583516909,0.16336507358955152,0.16231523396313483,0.11592846369906025
0.24447064901083704,1.4370276041633838,1.6357540990336767,0.2037752641034512,0.18063940338580314,0.30966245407132026
1.4671409995842593,4.7542795464423335,0.5292569586648493,0.2921296120316958,0.2912020519390148,0.15207049809280454
-1.2175061739422213,5.235639853490118,0.879977072582241,-0.22458698132626925,-0.23471272214876643,-0.15942724328924632
0.8965581960730811,2.4549882929314326,0.6317063326737078,0.40497586955628334,0.41963764182528596,0.28998737570554234
0.30387989708279745,1.203872899750345,1.9453066069216618,0.23714954095270757,0.214802980707189,0.3897021803903119
0.2749680614726879,7.533821502542567,0.7691149669330781,0.0426029526937519,0.04457820357538512,0.04405497792982664
0.42464250888683314,8.248947057574929,1.8058886969282868,0.044715291558006354,0.052752355457823544,0.11939216011535932
-0.21919354338581917,8.580060999611288,1.9346148708340736,-0.015967201215616324,-0.016218944069408645,-0.02161889864883681
-2.6737211549415387,7.1334172578917805,0.7256713934174799,-0.41679188545648904,-0.3914200565145626,-0.2773063230641488
0.43941576283485934,7.2130876945269184,1.1130980216926023,0.04761993336786663,0.05995755792867805,0.045029868779393314
0.8799560698046283,2.2742594609217317,1.4835304578137154,0.4790274334776763,0.4680596078076932,0.7246509735989397
1.8059349633091075,3.993375831423621,1.624808953328031,0.5173824281661342,0.5120902595276198,0.8715371541024928
0.07704037051973558,4.092618757883918,0.9527895377568183,0.013845458278775421,0.002719827845892968,0.0008372974755531878
1.5137402393996051,6.021506354643206,1.3765049023214504,0.2275286832510427,0.20949669615932873,0.3049217179837226
0.7131161621755068,8.511018918775767,1.9805945698096843,0.08349249157040568,0.09166662308826339,0.21056666308625457
0.6517602213358236,7.2751272972327525,0.6096080478605014,0.10111843744561054,0.10604567124105788,0.06586578260421187
0.33484177915587127,9.392165735827517,1.2850139358215371,0.026356753709806963,0.03759981327643523,0.038499810089880196
0.9106315058772143,6.488374035820271,0.6618499495042546,0.15275599397745568,0.15464221567097028,0.09466992674852914
-0.09359637794551126,4.279641924291188,1.2065212204378646,-0.023466107314305908,-0.017630911151583988,-0.026978656121237
0.2922671215841811,6.127173292735403,1.2034542492580909,0.03681482905239643,0.052491012118087294,0.03129608296019999
0.1740825748837493,9.628151384261344,1.404981997416594,0.011647929619447304,0.02508325628464391,0.02794906879116438
-1.3490526373698923,1.718910690897272,1.6320896542819345,-0.7842970880481246,-0.7776709715310616,-1.1977508084831487
-1.765625614947989,9.24052451129247,1.677650850700436,-0.16927056634771206,-0.18840709178204632,-0.3279351174662806
-1.4631337950844225,2.444836037737843,1.6973288273526328,-0.6927244220108362,-0.6950260190817182,-1.1041023298153905
-0.4704570940024726,8.002576876559017,1.3735987435128707,-0.05599081502742319,-0.049768295620433486,-0.0804090196518815
1.3485499254048954,4.836424263505632,1.9792061253530537,0.283892627145943,0.3088775984843762,0.6050213734499147
-0.3190623721524732,3.9586680852769502,1.4941471179553478,-0.08707229349435183,-0.08060444584665971,-0.15200951762400797
0.5602225152368774,5.177714506018355,1.224688729003032,0.11127785625115406,0.11688240374266642,0.12143563139437437
1.0843439740699043,7.724416896723232,0.7912362069145678,0.14866225348020878,0.14932311527889244,0.10778882224980223
0.001751473100834823,7.230860977753296,1.0009586309407295,-0.0013742634137052893,0.005498776891694861,-0.006487326722084751
0.8400014727644848,4.892352985725197,0.7980397906632573,0.1820455115240441,0.17250323322799022,0.12047995428903095
-0.9261384335864288,7.139265494367375,1.0620723540626438,-0.1139192212813199,-0.12109924207166928,-0.10694366345121836
-0.08386788490087346,7.2210177637200665,1.7508244603172334,-0.014594721403395738,-0.003701326944219193,-0.003420294687137889
-0.09680123064566393,2.4449532583879523,0.5183657623661985,-0.026494928502427142,-0.016663958739249887,0.008565633125807416
2.157073581526691,8.266356971903328,0.8121652947923028,0.27412198630024437,0.27410900285236955,0.18573953339071933
1.4452143317290964,5.041931399384026,1.6485542923689736,0.2863831234599752,0.28957765881654834,0.4950054587767821
0.062107858765624184,8.99461786725091,1.9342578144943028,0.011214279632733838,0.014362245211434052,0.037097525975239035
-3.372719952084752,6.3604525349309435,1.2778454387055165,-0.6673465941290813,-0.6247241885792347,-0.7431770301882542
-0.3115102613248622,4.282291921350975,1.7542209008764904,-0.054029771108910704,-0.05401892721297726,-0.12021902105766374
0.8671243895751177,6.294950713491925,1.483406931233461,0.10425430660649837,0.11310843225705976,0.18383003288841104
-0.930077310730951,6.9192105505016706,1.265768304025938,-0.10460253039030513,-0.10586734331088904,-0.135567384986172
-1.0452184720898239,5.070037080580486,0.7640325096785581,-0.1979657247203444,-0.2130263595931856,-0.1254698093181787
0.5331352290293607,7.122918407984792,1.6319337815245534,0.05797780443739005,0.07097304528462198,0.14813486000067433
0.16951263285002827,2.6019130147334995,1.7541993813700163,0.06863694014742022,0.057528284076312254,0.11778354691892844
0.9999012146598371,7.101822263654892,1.165701556908584,0.1250601210354536,0.1280591447714695,0.13073380635759121
1.348613714987058,1.3172684173308005,1.817283621983501,0.8593579225124577,0.8792091010701285,1.3859773468734813
1.0971081467071853,2.435071640076892,0.7355421063237091,0.5359910577518152,0.5568394693317904,0.40843265711872045
-1.024215387438114,2.2163023106115705,1.1327594815814492,-0.5397224694727603,-0.5328509863245758,-0.6264994288316217
0.29010780460995367,9.102102143881568,1.463579746525724,0.01823993410946817,0.030983886335104016,0.04529544851378703
-0.6015800310260959,7.400270646627371,0.621870875648249,-0.07499784882044368,-0.09205281237468377,-0.041740231029609484
-1.413833577957045,9.283858736353597,1.9940756912556554,-0.13461586165566186,-0.1521194111430071,-0.3126111766345784
-1.4564972535179428,6.4090637085605335,0.8120840494579008,-0.2213631464669643,-0.22896627045162998,-0.1490133508744379
1.8981282850379997,5.960325114197881,0.9214922281648237,0.3082155612845589,0.298854725761344,0.2174216130547516
0.34331408964812477,1.9943864796043402,1.1997400714752537,0.2196302506060205,0.2150798905841727,0.2613545649554799
0.7261477845605383,7.952263599190944,1.5283990972881858,0.08095577727668016,0.08835245419730274,0.1622259300457965
-0.7765836805972389,5.988694048071602,0.9218550024558723,-0.12130364942796076,-0.13379356367781317,-0.09236062410915452
-0.2353194734006117,7.963705059701281,1.4732619046676751,-0.03878950874108915,-0.02765738682370121,-0.056042148301291936
-0.34214568010454854,6.918207095628339,1.247680344910637,-0.039529176824470325,-0.031572543239414844,-0.04941771690635466
-0.6847543529440195,9.021435086725209,1.924363078350983,-0.055990022209324364,-0.0642909499437843,-0.12177742061322008
0.288051001391038,7.6611478217012925,1.5521055525322494,0.024356315293047954,0.03604554906350308,0.07106816145812286
-1.8633791066427863,9.311949528526675,0.8381825539082469,-0.20350329981649773,-0.20859470213330347,-0.15370409278836636
0.10506551611502471,1.382517487980075,1.3836903907198939,0.09873473324254765,0.08070074108432763,0.13846669450631915
-1.0170958680975537,2.511843096551104,0.8770598023816774,-0.4693753759631874,-0.45348886117904114,-0.37857946870925624
0.6800158546812661,6.928373870000622,0.7422768866035847,0.1109301197769056,0.11429943891137692,0.08353648870037272
0.1799490540722806,3.9409187575610245,1.0940948601320064,0.04403739572533172,0.038887641541996136,0.027467182281176773
-0.19241220987985794,1.0324142680141888,1.1071285138037388,-0.18307871318780067,-0.17664803220222922,-0.196636874978679
-0.45384802376170585,8.78343757282478,1.5184640801750702,-0.04938265384431863,-0.04336350055642921,-0.08413480409400192
-0.3148301315662768,7.697430992647043,1.739293042749761,-0.03657004908171616,-0.03197584395490432,-0.061047182702527944
1.0783948174813252,9.557126821742282,0.8730745625410332,0.10486461180155839,0.11188483175680566,0.09345748376528464
0.090899458079777,4.1398952856213755,1.4189162608756636,0.010256588437748456,0.020287727053203204,0.02641334448284571
0.37156402433763847,4.990697083065141,1.105064005930822,0.08256921783968352,0.08134953373186392,0.06325267597011126
-0.4197228667874186,4.814944225305313,0.7088446713257704,-0.08440706757399345,-0.1036486506750897,-0.049965619305272685
0.3150228953127647,1.6346999478013906,0.828446895946199,0.22848845278687607,0.2498705981295209,0.19881182328549293
-1.5352075067362785,7.93672885646262,1.7167700257232916,-0.17325170308511365,-0.18320475111171114,-0.34430605696685435
-0.6373193098621655,5.781123543394347,1.8414995632795954,-0.08337774473779291,-0.07784452623768319,-0.16345291067962192
-0.43257646611000833,5.158121086115902,0.678008926660969,-0.07889096253986792,-0.09859248687220444,-0.039718638095931263
1.5981799121856943,1.2541298671372605,0.8563034007199839,1.0269543580565041,1.0532469062557082,1.0007280023580352
1.8015101928978896,8.273631845383663,1.14674440420061,0.2137565471824119,0.21130517424364806,0.20725341119444457
0.09747143393383245,9.909469191464055,1.8334546037667405,0.012769634449854038,0.016192653439088343,0.0397989083123383
0.9507204086350501,5.969470115867312,1.4872152886319425,0.12192747558589821,0.12741249983155054,0.2010683674072195
-2.0614170933984934,7.111073486048067,1.0884075012545145,-0.2814272778517817,-0.2855328871304169,-0.26749509934396265
-0.6809988151080594,9.988203072423914,0.6874597692166894,-0.059514285903716976,-0.06113848813373787,-0.046499997568992035
0.05178869142154469,6.714836263461078,1.5383870744742694,0.0013118042704463977,0.02015675597435948,0.03146897805459509
0.7207069453570616,9.294322098709475,1.659786588477128,0.07536042191845391,0.08002860150759566,0.16499401348710233
0.24532612128991071,7.013348036919181,1.8618512967338847,0.03361780165041468,0.05277906868739448,0.1110642532757373
0.6691899233851074,9.844561055615085,0.8311118827026744,0.04982135234809486,0.05873708798920584,0.0451730433677025
-0.7559814661410699,7.038226406714433,1.4530708961979013,-0.08436855581980979,-0.07700008608556731,-0.14672237275831784
-1.8569985923986057,6.283253254633736,0.8795092328198039,-0.2964048975180136,-0.2992286721476161,-0.22423918140299873
1.9376716264548777,2.2291009260629484,1.772712708075483,0.9077855183339004,0.9222567355876546,1.4534062055925605
-0.8145804452461288,3.7254015726002976,0.6935992602537118,-0.21620316197905926,-0.22231330470573243,-0.14288590415286803
-1.070073969744163,9.397968545606393,0.6515010371824782,-0.10774215215277634,-0.11370670774902991,-0.06630517831676676
0.08861304693518199,9.252718552224358,1.5289040688077855,-0.0018734082841425671,0.010102799094544318,0.014505152649256205
-0.26540148388462415,6.924777559079163,1.6414664613203154,-0.0393645672584884,-0.029434359602551446,-0.058768916180874056
0.07511891788334593,4.511210161693985,1.8230025206846614,0.01929496289060935,0.012728708284173608,0.02544854404295065
-1.445016148706557,8.456270007947522,0.6312359485609522,-0.17188824757757998,-0.17617411930087334,-0.095938992538079
-1.3182345531864728,4.059682520576923,1.2289531187677332,-0.3567666303999068,-0.3447517103495316,-0.39942312718472345
1.342554395143354,5.863286399788931,1.0319911305898117,0.2194825294496221,0.21009022386812917,0.16862068254924106
-1.8284599076540515,8.344784030010242,0.6644181439665482,-0.23101650762426232,-0.23211107928409033,-0.1381726515446017
-0.46454440184230805,1.8512499908958002,1.3618939473183422,-0.28545168576559976,-0.2876608769492008,-0.430529315339046
-1.2492328137458342,7.0514309800318875,0.7630972786650918,-0.17463873397023774,-0.1827064904355709,-0.11139216263580187
0.9044707092217193,4.468568633110603,1.4342158852580804,0.20394612499319056,0.2062265139907117,0.31153393729743123
-0.2516866577295425,7.110739703118194,0.7639506554765032,-0.028784292196015943,-0.03968385182213958,-0.014072405695499852
-0.2452621621839149,1.3210897338862733,0.713491273150106,-0.1953177327755759,-0.1600082641211501,-0.11805843146214966
-1.2984463914415911,7.923842232124583,1.6506484967482016,-0.14043326166949566,-0.1468481233102011,-0.2742663048325479
2.008444571720423,9.64831450282474,1.4878873592785409,0.22973250351127672,0.22295602400862596,0.30466374895681103
0.6036635177889949,2.6436457804185145,0.5767129966253964,0.23289629265292733,0.2398099018320239,0.1554536038591852
-0.7377383518784446,4.1377089477128415,1.3073574160425754,-0.18986400596794692,-0.18497015594055477,-0.248726952886092
1.0530729963456613,8.636308429745256,1.4309203234908296,0.11876914183776498,0.1243850242961563,0.18547277293042294
-0.36677630812548395,7.323288209377256,1.5364129322570932,-0.05117644195078369,-0.04017103327716953,-0.0879616268149391
0.45485559151527466,2.4071443450594567,1.335320851649209,0.21315976884547283,0.20315377560982384,0.3213490130493799
0.4983592465724311,8.50452197678973,1.2394019023087557,0.049623586366085895,0.06211786661084943,0.062345674533663464
-0.6259365530715232,6.764943429741283,1.1276222919945578,-0.08093768672633507,-0.07905316697625303,-0.07865751319224888
0.06876959328826723,9.383354329867192,1.891663648848431,0.011649172187181193,0.01364909618658384,0.03441504304593253
-0.9397278767999006,1.0531734582827497,1.532389763659745,-0.6892719067824853,-0.6820068625678106,-1.0315646607376778
-0.35472376306204456,5.978190586827274,1.3841109493294896,-0.049772111940088876,-0.028142099566788127,-0.07375590809401777
-1.5939171803195402,4.169761657297323,1.7137542696275356,-0.38927597630976213,-0.3911738205579343,-0.6908062689871536
-0.7114893633882944,1.2854102738148034,0.843643721210652,-0.501233722969569,-0.4803156478254927,-0.43470547425789263
0.36263561989805937,3.8892636693020632,0.8929616201138632,0.10211754462658686,0.09465569222559383,0.07359638936433954
-2.193497780511602,2.3127384400278372,1.7640873001147455,-0.992883149988417,-0.9918282480364616,-1.535374346543189
-0.31968035242128157,3.846329665577174,0.9474765532120919,-0.0886257267771233,-0.09416407008653602,-0.0738023919803512
-1.2223403218884672,2.038522444186827,1.5993768517814622,-0.6665907684714942,-0.6631383805847784,-1.0283397577017441
-0.772506129994739,4.880331779008987,0.8056926898639194,-0.1482477266445633,-0.1636582807008999,-0.0980263057692734
0.6131206790920891,7.964211131293592,1.7831207657423036,0.06941791904779578,0.07793677876958642,0.17800958503814532
-0.8343285266583906,5.543639102574915,1.0684096821822642,-0.13748683702998218,-0.1492597587614387,-0.1278919968228307
-1.4949230411009924,2.9907406783667865,0.7606862790423998,-0.5465824113313409,-0.5340402618382637,-0.4283025081017288
-0.7269128024736432,6.526238208871087,0.8072480795805497,-0.10628995651834097,-0.11966183430981453,-0.06906665502541964
0.2658718805547726,4.376641577494251,0.7982748318456564,0.06622820783449702,0.04931624514240862,0.03773723093603899
-0.8476855901721093,6.309094536408318,1.8117185636552824,-0.10860785296393005,-0.10477873146458994,-0.21753408729239845
-0.4459318283867535,9.896665096543149,1.326262990073004,-0.0423745229521351,-0.03725967834627352,-0.05409096471931098
0.4616468748974701,2.4717785752425065,0.6582913843445471,0.2026489130566144,0.21397975034541147,0.14929674330866174
0.20011231654453834,1.3067091365303325,1.1491966425426692,0.18150087511945884,0.1767792656326906,0.1910734397423221
-0.4552438682131432,7.707630075419404,0.566618290946054,-0.05156312660496912,-0.06657386197329719,-0.027387554665209844
-1.0974896630589837,8.078974324335633,1.637999460095486,-0.1097681312571586,-0.1142114470197593,-0.21702637294928936
-1.124413706922998,2.3945446177748875,1.7401476161746845,-0.5498141269896047,-0.5526004653387595,-0.920219403279001
0.32831453362162316,5.0907320889475045,0.9259442505139053,0.07285142491552371,0.06174650039708913,0.052110598661303645
-0.4240288121067027,2.5438361568055856,1.282569706207371,-0.1630465829330917,-0.17399652152966452,-0.24283970958459172
0.34835353514692796,1.1057528882551413,1.117878163512325,0.3175021747758682,0.3168624734214766,0.3399632056486931
-1.1666270322021934,2.6699657581597447,1.449992574048571,-0.5289639817403311,-0.5289164388414781,-0.7825661353313965
-1.4302501980727964,8.916559532895636,0.5866369005054164,-0.16228612814130625,-0.16630249357792903,-0.08952978369688881
0.6783654230531728,6.014546829095641,0.8673532151203875,0.12899340441828186,0.1269155551279396,0.10074328689505063
-1.9974332069640113,8.938993143385105,1.6347499910066168,-0.21035628489988564,-0.22361370483782256,-0.37045383444820923
-1.4028884138494404,9.739999121406065,1.0877925847492778,-0.14042446840961925,-0.15353912968800365,-0.1498918859706136
0.5171787841611365,4.020315258879392,1.955295528422298,0.12177355907412939,0.12649418278842545,0.2494859386454479
1.0415300045994524,1.553138790333513,0.7533486611940843,0.6669516387234797,0.7020036848976647,0.5592635155423787
-0.657170293297088,4.429490900416988,1.309792719127159,-0.14413626059110604,-0.13863638471892045,-0.19203567014357065
2.462427921558291,2.3037331221400708,1.2228553927329169,1.0812855071982896,1.0959357865322656,1.328210880139153
-1.0339513872714827,7.723085102042147,1.445685816696719,-0.10305071599456016,-0.10636673278857516,-0.17786316387351006
-1.9129834312258371,4.018048295894694,0.5886914560236762,-0.47452181399526255,-0.46680002444547,-0.3081917669696666
-0.06117540508521309,3.438860569291905,1.2075691185517003,-0.017286692271300794,-0.018149195166068888,-0.028335328140300337
1.0625319050275506,1.9926033218803942,1.0016326434235212,0.6447263202082274,0.6592437452636,0.6595129202601402
1.637846284775056,4.449816391704821,0.5446047268001295,0.3660214173578193,0.3706490967644862,0.2022053806022938
-2.3959696987117334,4.75424522078092,1.363398465216426,-0.5874442064220066,-0.565795279338814,-0.7187062885013655
0.42253217101802104,4.023049519477239,1.6205268377548825,0.09676364432877105,0.1003616298723188,0.18482230983357986
-0.393945809072436,4.198519978297627,1.9557780721659948,-0.07716380393114387,-0.08954580475598777,-0.1832492573144519
-0.5758794902859954,6.043599273188301,1.2348032119473993,-0.08475183351889871,-0.07838003783794778,-0.09634759912948007
1.6393494157318054,4.81205532643989,0.8601010915425434,0.3334436513798087,0.3227548078025601,0.22909374873607458
-0.4395891585033834,9.170378833052085,1.6789601049990843,-0.04254844767098237,-0.0382245256883206,-0.08674195292603347
0.34268401037162743,8.815041711330394,1.406435664544326,0.027066747753767117,0.042109310019950996,0.05128629415637287
-0.5577064417297851,1.7789224984760361,0.6112230416552263,-0.32972850204254467,-0.30002619932115937,-0.21089718757846648
-0.2696921993759529,3.399217204640619,0.8359982807020512,-0.0808275019087652,-0.08492504499055606,-0.06036979571916441
1.0284312525582044,3.5179112872131153,0.7181326109590074,0.3158872025235503,0.3166859441005896,0.21013730646878698
1.7192519714141035,9.044420088779614,1.5242387159103274,0.19986574070947882,0.19239348993689637,0.2855936913680327
-1.7870305352663138,2.733403314541379,0.662871521877859,-0.6880414026459958,-0.6623565078583779,-0.543606565619982
-1.7739917563603083,4.209077831841743,1.3368501710702059,-0.46830098396042125,-0.4569726846568283,-0.5900934088567895
0.06998874633202518,9.678980636965392,1.1347054751052377,0.004742944484017915,0.01042234016327837,0.004863927020284948
-0.3893944390870276,4.679255199555355,1.6396927337767602,-0.05837753279354478,-0.04993686050159926,-0.1167534624480777
-1.3051515717759943,3.6649385551605778,1.0269147947136539,-0.39481505107265563,-0.38871956159717247,-0.3621452168221134
0.9647814174714625,8.877213125204005,1.5376416974703333,0.10848933034440633,0.11185423813740017,0.19104523098400725
-0.6859382616154297,7.3594162405205115,1.206494081960337,-0.0794197139400131,-0.0750524534446665,-0.08974414798329575
0.04780046836629725,3.3702281194063555,0.6453576147883597,0.014249027293692651,0.005780016041827011,0.01685776432024958
1.7385583316712174,5.600330365423734,1.2971261926984998,0.30064247253298615,0.28488043695805193,0.3778669225006279
0.361035744875097,3.8518446897805525,1.4374719682133328,0.07779754165402998,0.0791210235147931,0.13029918762575485
-1.4423856017952348,6.8764052232329504,0.9239980776130476,-0.1948688478213729,-0.20899890823652723,-0.15861618011810957
0.03481363614345943,8.215753589021983,0.5195733814963184,0.017790439806048122,0.01536142969607372,0.01882502071172022
0.17610426583691402,6.651559437360003,0.8374427836757302,0.03241762980790522,0.02879255168544545,0.030340319713383013
-1.2569012902860741,2.744062902822323,1.974558386616291,-0.49906893249547707,-0.5148058327168246,-0.9138457558813691
0.001492718058074577,6.111922437974406,0.9186968936837429,-0.0002114934215280695,-0.007145488631028851,0.004299242213429899
-0.5804831651588005,4.798310090288113,1.88994986056816,-0.09466899667895096,-0.09988735355972408,-0.21024179768786194
-0.7738835970665099,2.2461040133620984,1.956559970502501,-0.37464689961790976,-0.3951087079886917,-0.6863812263055585
1.9653917820484104,4.647371545612714,0.6561411459106394,0.45267204580335,0.4543896097688733,0.28475465503280506
0.7619345569482363,4.698677366369289,1.4892030455347371,0.1437395435050849,0.14753024725093802,0.2422852516197301
0.35482857757158154,1.4989714254906104,1.010299828455677,0.27699416245530617,0.29159574960143253,0.2618536389682263
-0.18225120143702567,4.367105596807443,1.933218053277443,-0.033310997661830016,-0.04575952277177252,-0.0904816509392031
0.2414416181641404,9.511175757223224,1.5722428981307497,0.014664372262520223,0.025187043559362826,0.05044842292261527
-0.4547005704540204,4.613669134389155,0.9311288275497449,-0.097025630336025,-0.11002905366770041,-0.08016485931755651
-0.1914796280325524,1.104902476657033,0.5815923965094203,-0.16427199449147153,-0.11658578077211819,-0.07589793306192791
0.4917822373692304,9.17803537989575,1.9579995644866268,0.048811835866632305,0.05088436807378723,0.1274184993511881
2.1369913530325806,4.320213314530416,1.9636415905060516,0.5771747661246712,0.5897555453749929,1.0763349747641218
0.6605306378585691,9.8912780404866,1.5103990800975948,0.06287198161118075,0.07164813604551301,0.11113271606769774
-0.3944678134854713,7.932062349294386,0.6728265721500095,-0.048737998369384,-0.05797720024270668,-0.03268356843055996
0.3096072490488622,9.863657974515064,1.2558786996458395,0.027580812981452745,0.03810827473477551,0.03855508432463063
-2.135352139069506,1.4881615072130527,1.7914248240631845,-1.1479171344899415,-1.1391581247217648,-1.7520478569822997
0.31701548769347226,7.041767292308749,1.5612503131526299,0.031354597350346125,0.04756656729334352,0.09174993736816225
-0.9453260604005768,8.992270814295013,1.5598192304252867,-0.08373011674789559,-0.08951145878037751,-0.16054228398941667
2.294922930181263,1.0324398083135744,1.3809843554830967,1.303368284215264,1.3250142045601752,1.696053994381317
-0.41815264502956206,6.622080221479178,0.5914986549431039,-0.04324335080391177,-0.06366833198814788,-0.009787174928193197
-0.21096352000673615,6.9392423904883165,1.9680229092241341,-0.027172191186669917,-0.02279910415275299,-0.03017037001044224
-0.8718935160330741,8.075594838176325,1.81841643105354,-0.08697942007303035,-0.09197880627247261,-0.18360321285224163
-0.33135543768910575,8.527483267993569,1.7551618489087653,-0.033023895668954334,-0.03053110724901003,-0.06149325063667349
-1.5729455359175946,9.981246676939763,0.5026497960214779,-0.1692223090340245,-0.1683111628053161,-0.08986870813482155
-0.8781899016273808,6.722510890032086,0.6296126717150187,-0.12780378525702596,-0.13829297610308572,-0.058606566730469115
0.11546404593338602,6.941984903724683,0.8449252451473583,0.022430237050164916,0.021395827354272284,0.022247576344884227
-0.0047304909635740335,5.369317296191586,1.4297379388714258,6.619662458597249e-05,0.020284616504436484,0.027216873567919502
1.1771102961012743,8.350415200034204,1.8004975375606687,0.132365093340469,0.13777876381336568,0.28073991465245995
-0.9319722348864152,9.217671697093742,0.7079316410819443,-0.09337064300782504,-0.09898106232218913,-0.06011570112281532
1.8153438064029956,9.144055330064578,1.053497171321841,0.2029236145325671,0.20896493981292374,0.18757262542182246
-1.1979733184916816,1.9354851684858518,0.6390404223687038,-0.612269975894317,-0.58087728338446,-0.45883305092011994
-1.2179478824402556,4.611186122072254,1.8118597347424719,-0.25313712784026376,-0.24300299001735987,-0.480423496864116
-0.2061931823877811,7.243942536785918,1.883057189860663,-0.023989264334255682,-0.018770106457118955,-0.023449849910343105
1.1436707154410617,2.605752284526923,1.2678174096680377,0.5857367396983468,0.5862257873990885,0.757843489102726
0.8666126261118162,3.5882511695513473,0.6233832284302893,0.24351711307736937,0.23569635700415437,0.14078984380220577
1.7083566940490966,2.2310237527394867,1.617996493994593,0.8459639195188663,0.854811858983964,1.2946427143080872
-0.884440293428394,2.9542365212251593,1.3980231401397538,-0.3385637491577196,-0.34288303112241597,-0.511142983510471
-0.0872226521887859,3.430882566650095,0.5781111653305246,-0.018278756430411217,-0.026881790711001573,-0.002495815611312727
1.0647576506721694,7.4063404329433045,1.1608352924524574,0.1315327789936801,0.13528975517011874,0.1391427347027219
1.3524492508268213,9.141549398786555,1.5451288079160712,0.15483613296131057,0.15198807581328952,0.24498966321716006
0.6606189290687308,6.220120165403734,1.7004420581082884,0.07455240727005674,0.08342331395142667,0.1816327548929133
-0.05145355411770798,5.186790511665633,0.5004206478022568,0.00500871237929475,-0.011068742010999558,-4.416885549663602e-05
0.7774770858947221,9.249584769645272,0.5307030700664077,0.07874002204453412,0.0943984055025188,0.052788655498325204
-1.6091398405640942,2.303428629445001,0.7927826858976998,-0.7323233879933865,-0.7072215691535195,-0.6630116529897864
-0.6046984387088525,7.068016613843586,1.8883300546395467,-0.0703633968345064,-0.0704555649229571,-0.13103482597106952
-0.5212725979906649,9.308840410255486,1.880014058017318,-0.040511674900937315,-0.044916604836879884,-0.08903979146152306
-0.4452437026322613,2.1054111540449045,1.638037155816265,-0.26323127032610044,-0.27319438725828515,-0.4485811507319085
-1.0749351373629827,7.937676542149208,0.956883638065788,-0.12355208174810066,-0.13413436109551716,-0.10729995008451172
-0.6456458652187282,3.6928465764412604,1.3602052335273804,-0.1868782144233517,-0.18734430875887878,-0.28512625614061576
0.07841683215816408,5.802020109578818,1.375206190731097,0.012827879184232543,0.030226462943135864,0.04257438957042087
-1.1570899715905232,7.521335679408736,1.5243144145907068,-0.12202295279172543,-0.12346239013798282,-0.22313607928606932
0.018690796163023084,2.9034670017725968,1.8895583817228183,0.008320998959743125,-0.004032981162999302,0.0016063217787952722
0.30484460040221234,7.9418494107963795,1.3244799227828636,0.02407722167173586,0.041506247411822475,0.03635170881005258
0.01761982576453268,1.3147997536038067,1.3805684019359177,0.015954965009157517,0.0011716157780771383,0.021612905148456135
0.17093299525849645,9.087124175109526,1.480455738315578,0.00623396838147448,0.01809676616069532,0.026837206575928575
-0.05373445181806949,7.574397882580458,1.2627950377189903,-0.014655546786582884,-0.0033354054523175997,-0.019809869430826917
-2.001607750047482,1.4938456397900532,1.2705900836730506,-1.1330281302828846,-1.1111720855804923,-1.4579449052129954
-0.48357116343726275,5.210401126232039,1.4191918190369799,-0.08070120609025735,-0.06539823098631256,-0.13391082349992964
-1.6799929718079025,6.577679584166407,0.8084084252935408,-0.2556064850634288,-0.26092109939141983,-0.17832952801885327
1.5344523722754955,9.063657176794464,1.9843483516774498,0.1795388532530845,0.18767590700722592,0.3897730236613026
-0.06499991039057626,4.489900602452932,0.5798893149818654,-0.009684549199652864,-0.026170781499128395,-0.010583850469047206
-1.9212252614175676,6.620293025923415,1.5550636605222548,-0.28433288419298325,-0.288368966163872,-0.4596625098378158
-0.7783037886450901,4.281293256799267,1.7301363863560382,-0.17004499015918562,-0.16553816535633833,-0.32907420960684736
-0.6795144194104168,8.263566102515078,1.7488899597235743,-0.06495805165441895,-0.06509508258794929,-0.1340793407874572
1.3806244626084478,7.512645490680612,1.8169086978961877,0.17770569500549668,0.1831034674569739,0.3601443590574945
0.6259486160861535,7.051602565188743,0.6648616509724243,0.10072097923204093,0.10365689750291435,0.06887921605461961
-0.7368317783968998,6.151929704552934,1.0308481097567714,-0.10587091480738242,-0.11475027989169916,-0.09319763425234014
1.124789784771215,2.2272240309323856,1.0800259210154122,0.637559741782835,0.6477784604904154,0.6960853438009568
0.06583725312003347,6.05746487687048,1.0678573572539207,0.007757238020064287,0.009453182887378559,0.005166371906430697
-1.1853221062782815,9.098661850243708,1.8345677382541337,-0.10863970601463452,-0.11867050510653925,-0.24236058761924498
0.038645415460563944,9.140111025139133,0.884737656951798,-0.007472546141150106,-0.005170916507096073,-0.008765309843285015
2.034922902358542,2.092932905310619,1.9966867638618508,0.9473249005101523,0.9732532722755631,1.606971503313743
0.03817079266725399,8.829551119189496,1.946086602789713,0.008654502165345603,0.011736163909166044,0.033351185830734015
-1.3988813707842582,1.9135301016054456,0.7340824400085982,-0.7129588070998236,-0.6861798137393934,-0.6102223071864904
-0.22246949976014999,4.5268310561268805,1.3735485462858756,-0.05750044308430527,-0.04173580139568836,-0.08626076727761241
-0.285605901213041,8.599136806729607,0.9561461546903585,-0.03297035309649732,-0.03186602838546623,-0.03751786243959625
1.5358040871008432,8.419008639004327,0.6790710978286455,0.19688069950862866,0.19930697293430377,0.12564445727788512
0.08962361796060467,4.519534334475028,0.838007804399743,0.025708663790031613,0.00860177561538101,0.011250257302155113
-1.1334561760263808,9.093136981643177,1.1134018817045443,-0.1187699572606336,-0.12599935787790026,-0.1278060119099471
-0.9929711091144497,6.3296382417854185,0.7829136169315327,-0.1538089181871556,-0.16298812902297774,-0.09512849411503317
-0.29706736284000795,7.291844196072526,1.8458961251262525,-0.03318934884845601,-0.028969805031749077,-0.04629153904897919
-1.6695682176362425,2.4189367320784223,0.5790614897849551,-0.6865866566374802,-0.6614942704751304,-0.5203990732635814
-0.026690155880165038,3.434396142119292,1.8067241031570926,-0.0189698412320844,-0.025727752542823647,-0.04812421234816272
0.6744528650574116,5.411882726776473,1.1805427159183712,0.12318853878614376,0.12302705908746106,0.11666411238020243
-1.2367970741226701,8.417040041844281,1.2769732604958475,-0.1265363479463776,-0.1342645934698676,-0.17183795117636189
0.3372280975375078,2.6546094115164918,0.9258916497476362,0.12761602183729817,0.13070242624573009,0.10502513480205498
1.0876291944983976,7.95903995676413,1.1823417812602073,0.12657409425001098,0.13442407068954218,0.1408949041721873
-0.812391714433102,6.619914867771122,1.5278523845510548,-0.0940689941015593,-0.08374368506870573,-0.17498500557992241
0.3796052453255049,1.0325468940317197,0.8098672761719667,0.3033057272376169,0.3439515245287796,0.2781722428466153
-0.5358409143107965,2.2541387235515615,1.3742289408627675,-0.26594988622571064,-0.2707119908365247,-0.4102245838434816
0.21160668061871996,8.427352557758741,0.6605847679697661,0.02658948619390236,0.02844410857231361,0.028475263335577438
-0.1220625112734349,5.937079587940238,1.611851860977648,-0.007652480490890093,0.008698585447066887,0.011327257022941926
0.3947272597877064,8.629238314236222,0.9222657799366439,0.034042653895444,0.043653742176814184,0.036745561136210456
-0.8543553408675052,4.109072417012407,0.6829966410802452,-0.19800376617787777,-0.20637140328246203,-0.1232145884060815
1.116963698690044,1.0428113404848869,1.742179266472154,0.8037268532933994,0.814202023238354,1.2554867962580272
1.3731629216785262,5.277346016042956,0.5984302816824566,0.24406948574154783,0.24145780953616552,0.13171023715915167
0.19470462193729637,7.787360336042926,0.8273294700646328,0.02426501103592445,0.028764049836947136,0.025144635200719658
1.5024771181085528,3.035900437629959,1.0074973580582738,0.6313048397487803,0.6358940497778184,0.6471294458361839
-0.6639639313403163,8.80096486750281,1.1509172308210376,-0.0700459443828378,-0.06587859753674596,-0.07585608232120984
0.9276427436649856,1.598215486833841,0.7062853430754646,0.5870362544821226,0.6220248450512291,0.47272035503205306
0.282607255699134,8.391062963155658,1.193924105607077,0.02361485507287806,0.03604501284003895,0.027589341692410906
0.25025685105295964,1.620859417471829,0.5984628110742853,0.14807239632065092,0.1767465118791619,0.1325864725195075
-1.7354836022617075,7.321727399121663,1.7241887792110622,-0.2077202833102649,-0.21585076258850586,-0.41079905603430045
-0.9186577329289277,1.087259420239147,1.3110174630796438,-0.6613492513609363,-0.653293277219445,-0.8921257271761055
0.4346439589304625,8.586636019532055,0.8665078175997201,0.037524341029809546,0.047185790131630254,0.04057424551848811
0.6171918688924831,9.864346868071456,1.8268338865695162,0.04985784056123803,0.05035319409190726,0.13610564005473602
-0.1415714462760049,6.2172807892848345,1.898894671520713,-0.016295511436033947,-0.008754295043718071,-0.008151188500590129
-0.9165298090658283,2.907207611407723,1.1966179831662644,-0.3660460364594266,-0.36567101779665656,-0.43452702454104863
0.108586676461531,9.537822927736126,0.9304447550189145,-0.0026860597937774094,0.0013955238622609493,-0.0031115617570967573
-0.7104036851678207,4.648025463102391,1.366189173536501,-0.13723929276431865,-0.13190548315884082,-0.20834113459043316
0.10679869154598787,6.312930569803008,1.4480871907141557,0.010217377697802808,0.028526305072457868,0.045809354524751364
0.690166185619737,5.4908628769563155,0.779974691650526,0.14411972212666602,0.13783408978558598,0.09929354034009379
0.19572471084202084,4.563564608180204,1.7057673328758582,0.04368475973059291,0.04702942234758255,0.08803224800629594
1.0034827351271922,4.837970806097236,0.8757826391954255,0.2113174919102284,0.20166496595512093,0.14485725141498093
-0.03975487320501049,7.095691252477849,0.8990182290565243,-0.0024744872902038636,-0.002026409125813194,-0.0006787232341073741
-0.8648523782456528,3.786051067965151,1.0571005706112286,-0.24988381731375,-0.25286883509136393,-0.2212934203476964
2.8942440657637123,8.574358393909213,0.6865408455232973,0.3760043108366695,0.37838952840582313,0.23764809954537983
-0.41707266942609966,1.8989287440010223,1.191420111533142,-0.24487458279763674,-0.24608707256016357,-0.2930855037799094
-1.4014606462807555,3.4470120648034466,1.6199963131084065,-0.45718008005378247,-0.46876859182611424,-0.7667519520932704
-2.3080399354559575,1.5052251518714406,1.1107271715957716,-1.221193941056355,-1.1793748080073914,-1.4519514025593732
-0.11816825113972096,1.0404112366950242,1.8682457752689603,-0.09910784972071583,-0.13006606804512058,-0.16138988786806302
0.16343980908486594,1.8850805852750452,0.9471809713491994,0.10446689757839601,0.11400116389289143,0.09671441096730099
0.9708587546310358,7.4599974942960205,0.60761978200453,0.13998894687207725,0.1487013934165987,0.08666443725278863
-0.0025196720092408656,8.793792002573303,1.063944595544369,-0.011221402703047677,-0.006444702458665812,-0.016142078481018812
0.40334702355478524,5.0631880933426965,0.6158180942926601,0.09497978734425609,0.08067339342335246,0.053440946458325256
-0.46980845334665505,8.032966774130328,0.7496671811684543,-0.05601961430869673,-0.06435275024882846,-0.039025398644631656
1.308877847590896,2.9157838363744455,1.7276941932474872,0.5247121854049592,0.533174444077592,0.928621202040375
-0.18190260789505416,6.762467162594479,0.7612113323585469,-0.016089343191837874,-0.028320858209963273,-0.0009279374828183229
0.09803934408689388,1.5702633022290757,1.3726517809454302,0.0861946904283119,0.06666389661671115,0.12436297184266427
1.2652450920218994,6.741141200450343,1.5119879109654473,0.1571380379931172,0.15164972886499734,0.24598707330315064
0.061730250028728305,6.141202403553516,1.8244232913240008,0.010506552524978795,0.023219372474867057,0.0545338314537164
-0.7009176208423253,6.504065551003573,1.7980306206604104,-0.08519835351596453,-0.08245240706612823,-0.1646920957344774
-2.412818016111304,2.753920285277677,0.910741280560236,-0.9547108992994608,-0.9035749191836986,-0.9641381974543307
-0.41980684626995696,3.4481626213364405,1.6236724626741244,-0.13854368408142217,-0.13872768289227072,-0.2547353337348444
0.4548405737059119,4.125811643555764,1.3253600272812933,0.1020166005800216,0.10292216777075144,0.1388218264601114
1.2732274884964854,2.3247734183783177,1.1045621051014598,0.6946407050470068,0.7023336262538142,0.7749481525081506
-0.05404458031736063,9.303119787900563,0.6167201330499569,-0.009723671447714681,-0.006832619352759604,-0.005356899275225461
-1.3741468991612127,5.682877530132883,0.6630487080038937,-0.23990632724892777,-0.24318564452276328,-0.133199654720065
-0.9666827339495407,5.542630775399006,1.5339482356758354,-0.1382359307083389,-0.12807207882403918,-0.25802382401020474
0.8598092194234597,9.348018964240126,1.9644324589872761,0.08707191167581514,0.08962799911450732,0.22095402604820572
-0.4529620072255772,5.6527550242291715,0.9870560506674236,-0.07307417026487724,-0.08406821936261129,-0.06032490866541361
0.31898111624670195,9.482378298273668,1.7690614478206343,0.02423944461436538,0.0285367857257927,0.07532873930305024
-0.2928938193081945,4.345951476022206,1.298552354479024,-0.0733808129945961,-0.06503478357891229,-0.10023897257030029
0.3996762091672321,9.23812289899672,0.9828641045562612,0.03197194207250499,0.0403570674801592,0.03427501588892279
0.4134136223310951,1.2861550232954588,1.5187104406278538,0.3566815969728542,0.3371924504315868,0.5121003768930991
-0.023845292802715592,7.877206163573738,1.3487075474421688,-0.017932223466965626,-0.00591666181352621,-0.019728441198015083
-2.1419932880340937,2.296191514015464,1.4723452560908272,-1.0211181074767484,-1.0098372048137894,-1.4133953266477863
-0.9084498147991927,3.56453239235719,0.7668206252367613,-0.26674151629191606,-0.27437335346496966,-0.19009284061589196
-0.3714591354356327,1.296680219854962,0.5005476406941787,-0.26334662992930796,-0.22196368077184211,-0.14647456439987083
0.25591730653389094,9.274824568286983,1.692476055179433,0.015183126199458344,0.022559257933306376,0.05734145967219614
-0.41629390640864095,3.085646914687679,1.762036901111255,-0.15867770423522637,-0.16480535755982778,-0.30049140725204404
-0.8104173120803183,2.4979688785097514,1.9005176850545236,-0.353726926329516,-0.37266175228594056,-0.6558404153810297
-0.08844335953555502,1.6107666297085133,1.639462637147529,-0.05443882752994825,-0.07740307169771445,-0.09579594589592848
-0.9345745919079925,3.7166374880446615,1.0948205091744712,-0.2738959695886453,-0.27308301711703176,-0.25854866343997684
0.2934493817349766,8.621797445689923,1.967964409149238,0.03100408234055624,0.0386606025687956,0.089174151625944
-0.013628844091475658,6.727597548971317,1.5381862047888353,-0.005415931593458295,0.012935847818529687,0.016011886030734546
0.49533130495401473,6.634059603049769,1.239747155427862,0.051772840536379205,0.06474357249638887,0.05792612489400284
0.2626347083052023,5.144996799275958,1.8824042426168761,0.04145499397109337,0.039239995602983024,0.08734399187668943
0.5525428008086037,6.273291282490063,1.2370320254380094,0.0700227496539418,0.07882374967982592,0.07715063345674242
0.6595363961010831,9.623992430367112,0.741282173704056,0.04571342257833247,0.056067928886451075,0.04003823536278028
-0.02165115406039137,5.852852891742895,1.3539892284805737,-0.004025406430851193,0.01479523745822803,0.00998453072281421
-0.6237108848084962,7.891840922374761,0.6942170144759325,-0.07702037740603629,-0.08840456793124267,-0.048017261156375404
0.14747980144258832,9.956798230590817,0.9681987788233503,0.002754741785447384,0.008145595928531599,0.0032209579324394035
-0.5295330409743214,2.0368290004983245,1.5681007535179263,-0.31683843500561587,-0.321278378665421,-0.5218142494072626
-0.7867947320591233,1.7398498179763733,0.6760715403934089,-0.4603527652717229,-0.4244828748442933,-0.32737652999873623
0.6351103023592284,7.510674904040343,0.8002216799417474,0.09160147153345159,0.09564771059640914,0.08136413946452312
-0.7738620061445444,4.954273799876155,1.7245021240465648,-0.12237952023626154,-0.11619342324449937,-0.2510887508553255
-0.08410029782172697,8.846719239083916,1.0519526934389902,-0.01883933304649443,-0.014735753793960804,-0.02378920632117954
-2.625232762552696,1.7984587832499876,0.5908223072119101,-1.144248773241981,-1.070977171655324,-1.0411087832828827
-2.5432976360928325,8.92524572252266,1.2562317643483636,-0.2902882113472429,-0.296688460396007,-0.3423606429443365
2.7489097101300226,5.237836355815773,0.7052564964704054,0.6030863680908817,0.6059436721183287,0.4760145289345269
-0.7404694465605351,1.4881552026194358,1.295349207054914,-0.4967646564611507,-0.4932512688001422,-0.6717570252543515
-0.14268598372978689,6.60803253486168,1.4917995553796572,-0.017820532363117744,0.0004161700848491958,-0.01451066250835538
-0.0632797141930139,4.923667247650931,0.5124726429953474,-0.0018416573092466144,-0.017218259776580744,-0.004057318007207289
0.7117040800896636,6.590931056327058,1.4491246424749722,0.08062647646016034,0.0924101759061965,0.1479503693993736
0.11798387138334107,5.62427433033064,1.3955896170530115,0.019303493243155945,0.036882765869047346,0.05967027160339744
0.832059265186329,2.967089551219152,1.5916251671645338,0.33339817355753626,0.3285775350852687,0.5857755759013857
-1.0993608028251307,7.392699867376466,1.4823701881039948,-0.1136305126342326,-0.11378092219798239,-0.20375875165761367
0.3237478452920817,7.490542083785664,1.082139529188441,0.0374428237428131,0.04939726230924153,0.035054552606460246
-2.101907130903197,1.3792368381175892,0.6265932756113441,-1.0718912159083926,-1.017093442355209,-0.9890397900488539
0.01183411931705075,7.184985493429024,1.0853504154299713,0.0011658388868950147,0.009566398834280234,-0.005109065638574488
0.868426687459136,6.03690685065877,1.3330439012124624,0.11887946125689515,0.12115233293014974,0.1632326985781385
-0.28666345929888126,3.7636984713873156,0.9269653488226692,-0.08179680305875832,-0.087774559884852,-0.06841196022311136
0.46670545407047875,7.661387403268991,1.6546169099661892,0.049485567955127846,0.060424312202814044,0.13045239445188447
1.7084786787918322,7.390141534749602,1.3807797774255064,0.21024491351901745,0.1976068441223758,0.26902200413549365
-0.2764756897565398,2.070610151833803,1.249077177812265,-0.1397484195201461,-0.14905222730339826,-0.1997326523170407
-0.4467791240419711,4.694531654943709,0.9161012808401956,-0.09202579049581149,-0.10671346195155415,-0.07535104668867523
-0.7096949180499473,4.441346003052503,0.6093909118598493,-0.145527191092235,-0.15494109564026223,-0.07821258716861768
-1.4488750297402069,1.1673678863877353,1.3495016282458587,-0.9328232165025597,-0.9181443372633662,-1.2544145678025649
1.529401582595708,9.040607947298582,0.6269216879945624,0.18395811274184787,0.1898756226935493,0.11787025067943764
-0.6987549842881876,6.033404645741429,1.2520461489111812,-0.10031884315922336,-0.09702842167149704,-0.12413556546167095
0.13566847753380262,7.678517615115412,1.308487141276155,0.003402650184964138,0.01932467493931416,0.006734588382235125
1.1089276390988958,7.919619411274269,1.4214481778585641,0.13024170244795624,0.13195831838994368,0.20043911568322914
1.4177404749001434,6.145130628054364,1.7533677894849617,0.22470937399958432,0.23276352596036332,0.42976963376152344
-0.23884919703083793,7.037455953169345,1.7332618071174457,-0.03363006500272818,-0.025518974066619605,-0.04540102008237888
0.693604664320501,4.3396503752548545,1.6585332426421868,0.14197344427046937,0.14933675888667422,0.28298220961678067
0.5982589828604249,6.270118695071648,0.8125178401270559,0.11320619132548602,0.1108113867746385,0.08835295654577686
-1.905531376220745,8.114620777917505,0.7598489594699471,-0.23976489203678192,-0.2434297544328093,-0.16284663068558725
1.1887955873256513,3.6361638295906964,0.6242568445847806,0.3389584409392366,0.34034389055506714,0.20442974441998174
-1.9164733507264566,5.132775231184821,0.7642404978559827,-0.373781165080364,-0.3646257765340591,-0.24959127577180848
0.5561874211414676,5.04577190429236,1.1900300885180577,0.11625894889330972,0.11990514196241148,0.11623791234909395
-1.7256947124375406,8.013388799449679,0.8640331385248877,-0.20855472268172612,-0.21922330363611092,-0.16333442360210318
0.3987859795477179,7.931144745475651,1.093007785443751,0.041803348684251104,0.053044447854077297,0.04103908817123636
0.33726225322916015,6.417299206113034,1.559493468210472,0.03289516554537786,0.05095314563605298,0.10397650695605848
-1.6136559855062589,9.239255538473621,1.3053303977883106,-0.16155416659822375,-0.17658164452815042,-0.2238309847606706
-0.1473534324065469,6.6306682381163755,1.3742707632142306,-0.020054221021229966,-0.0009778590773834254,-0.022902743480184565
1.1799490443112486,8.890939993669752,1.9166864799223324,0.13134378744998002,0.14169670922941144,0.3066870104877279
-1.2326459820133606,6.291117843415239,1.6961482177378813,-0.15927680942268865,-0.15326121135440493,-0.322400716619456
0.987916601676882,1.8184149512802557,1.40007425455968,0.6254794342852645,0.6176773859437865,0.8624578356261361
-0.28969168627467046,8.120670626778747,1.8423052738969121,-0.028178371996916765,-0.026431537671004597,-0.04553283250284766
0.6961845157240468,2.7943270791988466,1.0768758576547601,0.2983423972448762,0.3026239274049046,0.306589243190142
0.6447706828623105,7.4292372495838785,0.8470941273191057,0.09412854271586757,0.09596270971448688,0.0855808444231982
-0.8421700500928414,4.793924746489026,0.6700617467251476,-0.16210200257508808,-0.17222062290612214,-0.09092067219192135
1.093191021281027,1.5317858943008136,1.2781289462922163,0.7443744115206977,0.7490009105089757,0.9362799254171642
0.5038680538797577,6.701126296268231,1.0855462374592766,0.0709826637263042,0.07698719122415563,0.0596553101243258
-0.007833090400673485,3.0926348786129405,1.138084071266623,0.003251045013102291,0.0014614557885869617,8.90037826069244e-05
-0.2539089413667325,4.183485658108324,1.9562949815044148,-0.05173470451259893,-0.06542190314985263,-0.13125598365021546
0.10137686351781214,7.836873540741784,1.4958887497360882,-0.004486642925703259,0.008167159683934931,0.012624281391491278
-0.48975106748012004,1.6817118919415686,1.5629468983069281,-0.34680011100176783,-0.35060629814679,-0.5558360737136531
-0.280024624754801,7.857142644251187,1.3417549237986446,-0.042695906123477304,-0.03349940270053119,-0.052191313800116004
0.5110362667356242,5.6878792883443,1.3966933250765474,0.07114075600669696,0.08603873219284719,0.13068006470961513
-0.5427260192018613,3.7522621719602176,1.8928303763762417,-0.13418667214160426,-0.1408219723990688,-0.2812836825448602
2.3738816028615117,5.337248991465217,1.9588539477733948,0.5307004574638843,0.5366452983525791,0.9750320653701137
-0.6757818393599253,5.561315837245511,1.7285953849643332,-0.09452066900470206,-0.08498026181315813,-0.18612146850547112
-0.29564313320711627,6.35165226753713,1.8158907081639772,-0.03462179474050928,-0.026255878405871957,-0.046601898128240435
0.5112456946069559,9.462384868851029,1.498704559447646,0.045756951261802445,0.05689700914355358,0.08940859659532498
0.48222641896806956,2.270804288659922,1.361548788471453,0.2529538801468324,0.24243472915262454,0.37878017892275995
0.04322295920307253,2.728087731752824,1.9075004396211646,0.0246823918925899,0.01120677848952018,0.030708119955674327
0.9397079014763552,1.1711088342517026,0.8666962348045602,0.6950040473757576,0.7240671502310395,0.6593195124417649
-0.47316339220596576,1.2594337984964126,1.031937293776591,-0.3628616476238187,-0.3567543906458638,-0.3623244247821066
0.05272879126276312,7.939634415172992,1.0838727761480407,-0.001678004176283764,0.00595539938946167,-0.008533175032773222
0.7931390521106897,1.023937341388688,1.9800312765878492,0.5846954350123108,0.584846146434743,0.9528072044312567
-0.9183653831790636,5.056390197174749,1.2853419926015852,-0.16811934727503203,-0.17127605918896113,-0.22237429102886702
-0.0817056795279521,6.296226673510624,1.231592919436921,-0.007892851364276966,0.006236714331109004,-0.015521238739028229
0.31481043334551917,8.156557961257922,1.4337146791391762,0.024943340461252506,0.03869166053795335,0.05682156788748606
-2.3542540537873777,4.870434959042715,1.1654957783906925,-0.544600840404199,-0.5248053964125311,-0.5752272130865961
-0.13763952689592893,5.655679138928524,0.7790386688760949,-0.016405347482423012,-0.035425959152661717,-0.0030708428555086048
-0.7120609878375669,7.811562883475704,1.0877014550286384,-0.07978864483968878,-0.07713153771820495,-0.07641029974139824
-0.891052774536291,5.6579712359217345,0.5475118480701054,-0.14832058783509858,-0.15873502622166755,-0.0594655660381221
0.4597074959128819,8.4230175253825,0.9833105315778582,0.04541222969530043,0.05490724479642035,0.04715598930072441
-1.0627866961323713,1.636371488890831,1.6014212498705533,-0.6601149106309607,-0.654138132852362,-1.0173491038515365
1.2293654330965784,1.9058064707260867,0.5777471752232346,0.653827478597888,0.6838342615847532,0.4825682785910964
-2.062610502319129,3.8526590969062173,0.8905795656208344,-0.5975398017009678,-0.5783894010602065,-0.5330137371191217
0.7873013271871472,8.835870587268907,1.9828660324930585,0.08778655737810546,0.0940561763075233,0.22058030909532406
-1.625037142233534,6.076640243313022,0.8354137423891685,-0.2668327065216491,-0.27124544434017483,-0.18914194526319647
0.9956022642638908,7.502434025649812,0.8102234093164228,0.14237235915810612,0.14215381629856777,0.10546746567181374
0.01799204442368752,6.030606429521721,1.153886820287266,-0.0014311900384274961,0.006986317783574425,-0.006791613809973562
-1.6165058311169074,4.792441317296535,0.5472793207640314,-0.33116460193582065,-0.3286218885334313,-0.17817847306851975
-0.414212904894309,6.8988209000617156,0.7155518166607232,-0.049718404866201465,-0.0659877106907634,-0.023899356884339168
0.5912275641650433,2.792833584717613,1.6338089725211298,0.24871967023805755,0.2437081582803155,0.45116300234085227
-0.115689619801397,8.306512419659771,1.0299713891920055,-0.023899413699802932,-0.02058429057799881,-0.03229196721413796
1.23910963182863,9.641936483485576,0.9491410541625506,0.12635408537791024,0.13336577036638536,0.11769271697536084
0.24914998007065198,4.658601237082369,1.854274984752386,0.047153911501128534,0.04186389947864009,0.08983358519188878
-0.2102335059387618,1.856671407558658,0.7191743812077205,-0.1339340637818278,-0.11927502596061838,-0.07451024392232047
1.6168381502461255,1.798680930380343,1.5225948224773636,0.9141805702775425,0.9244864350936862,1.3192904308982327
0.011695694133064233,8.468208112008124,1.6680698270950827,-0.008576926151664957,-0.001208494098517806,-2.899484514015064e-05
0.7057829359291482,4.669662089113751,0.9057926534539911,0.1651214059663645,0.15729606684153957,0.1145378962470109
1.1719793910154759,2.3054081468402443,1.947724130039664,0.5492991397201639,0.5711675521450825,1.0206474329256552
-0.9765634094213403,8.109899798412732,0.9019526591163044,-0.10948520375015952,-0.11764762908389297,-0.08751602236518959
1.7814716272498086,9.138083205799468,1.785690797197928,0.20918056294273393,0.20674483606521324,0.36989110978515743
1.154402831754001,5.9810154629623655,0.8679593178818849,0.20475610973396696,0.19590771650881583,0.14211636438285913
0.6884140818626491,7.216728621948077,1.5307267109329068,0.07564258559306383,0.0874964460757473,0.1602692255299914
-0.6940121457518625,1.1207994154788272,1.1235636310720776,-0.5199406263619807,-0.5116504064519758,-0.6117189273824433
0.46262929019963817,7.408289083137622,1.356274161978812,0.0447560788725444,0.05941372962236411,0.07662377944775788
-1.2685435365192845,6.373996234859697,0.8345591954794598,-0.19257807413405373,-0.20225642385312956,-0.1317595414203235
-0.21510829671064038,9.050638349650917,1.5673943501686605,-0.029521134998436352,-0.018321311662374495,-0.04905822805434906
1.5660209285965334,4.1421379119461985,1.413887879781146,0.4288963018857035,0.4163951268931435,0.6504621134889883
0.4344494703943297,8.062781198283975,0.5929155399983441,0.05997203376121221,0.06653323019190299,0.049334328750931175
3.189951557503446,4.9391762769336545,1.6524750248540152,0.7672694401673569,0.7754727586903666,1.219418940980191
-1.6722373742496428,5.875568264331777,0.7807435493949523,-0.2907596816763771,-0.29083000688119093,-0.19351019067766392
-1.3537531095800368,4.4290339711388995,1.4223376791201403,-0.32622129255901344,-0.3129908482249338,-0.4508136141747177
-0.571033528987869,1.0186510091819967,1.0860863823631772,-0.45257408715474684,-0.44476908823779304,-0.5073544557262443
1.0549135750611534,2.8467285871024792,1.7973257798389775,0.428604929241325,0.4420134377489561,0.8029809517497063
-0.26682952152753137,5.831574548018099,1.818719163852204,-0.027523020164740113,-0.019527185554122105,-0.035756448598661866
-0.06400141611571107,5.726660888510365,1.2311794722982976,-0.01995129252539582,-0.006252466116428364,-0.02578322494030477
-0.8848149198505667,7.504737105944242,0.5398483368134591,-0.12273259598782979,-0.13365348548228156,-0.05832530402444484
-2.411892174092535,9.510684374798945,1.6454682940229166,-0.2569987724749867,-0.26766602117787053,-0.426856170986662
0.07536910458878673,9.45405645064928,1.2847177659712439,0.004535624102689383,0.013486255397697188,0.01076319956643237
-1.9174303459464,8.949198873660073,0.6090778860546505,-0.2308919385436997,-0.2275503791452731,-0.1281606652681506
-1.7777172159721777,1.3380685936694299,1.4555642318359843,-1.074328540217711,-1.0569035048455477,-1.4876405632486338
0.3683608703661198,7.892787746540952,1.3591244842286765,0.0332938007906889,0.04906714484759622,0.056682049736014845
-0.6131243608324282,8.824752440051032,1.062263916937812,-0.06276724840958713,-0.05792592020441103,-0.06192972593942063
-0.6408950696617428,5.063269812114666,1.2055843229494096,-0.1265665189182952,-0.12687264363995207,-0.14066632545173735
-0.340093059850573,5.198197824825662,1.8176393010587555,-0.04155318386939716,-0.04050339475187657,-0.08571988991929758
1.1667340358016332,6.788629074830224,1.8253347147038856,0.1585145837326607,0.1708344176641194,0.34686070912868855
-0.06347840939634025,7.9946828230631315,1.6923741646356962,-0.015010703931852283,-0.007349444185641473,-0.012667828759332214
-3.105083179414141,6.627752696970144,1.1925200779448175,-0.5527183887531429,-0.515678596265062,-0.574159502817252
1.162881741686263,4.732188720089633,1.4480934619905648,0.2467440884311757,0.24142080671385613,0.3678541144766431
-0.6822113003096214,7.244483068734263,1.6262654357665571,-0.07449447677976283,-0.06923780554938014,-0.14547261936778486
1.0356170172636516,6.9732132467863295,0.5849139459278715,0.159638704356614,0.16557274904813107,0.09184531081209737
-1.3240833259297629,8.117256193102744,1.3830569077912123,-0.13262548818469092,-0.1408115148092244,-0.20709551313880065
0.4988049911480403,9.223878875983946,0.7534256859665334,0.03648404050288109,0.04653401093164591,0.03612222384383734
1.766907711006168,6.2208047425804915,1.9108097413697875,0.3147858301581252,0.3240163923740473,0.613080393543498
0.38987732536225794,4.672657191250616,1.0638889792463284,0.09275923236179541,0.09017213666000962,0.06901710933652433
1.6636995088345767,2.88823198148584,1.129985135199756,0.7131683504425936,0.7160563023883167,0.8252301780701721
-0.21374150746290851,8.754803974157792,1.2892123019306794,-0.02919579055653892,-0.020679608196992563,-0.03718250549455274
0.7768757627629754,9.404266979746861,1.0116599733420149,0.0784418131222932,0.08510501855172169,0.07934893297895926
0.66325068607891,6.079370434377293,0.7835088697561922,0.12739326528336953,0.1248607569132413,0.0934106766209181
-2.5413966319540333,7.35027999571222,0.8382951084313046,-0.3739482028137327,-0.3577972799878893,-0.2724408471926447
0.07412154006914243,3.4471230889288127,1.5689904787810294,0.0005855476594438247,-0.00015522458115729137,-0.00304967868030721
0.09625484805751416,1.181707945927858,1.6689904297654223,0.0812488252743409,0.049450938651388394,0.11452698626810928
0.015722786819495828,9.855107081306564,0.9631624203763998,-0.008742834772237768,-0.004567051411442513,-0.00792578749647012
-1.2586215974289725,4.215152061635797,1.2035142959459857,-0.32670356999589195,-0.31876743238150873,-0.35783449268795536
0.6426581585122925,7.945565992228598,0.8952551766737684,0.08088491124867649,0.08618319318240258,0.07884202977041714
-0.5190885144046283,6.300680531862383,1.8084268424770285,-0.06177207840916461,-0.057887538884374104,-0.11268587735884882
1.5004257206395197,2.6678366863347005,0.6132270116892007,0.6264528257287946,0.655140446992154,0.44916689413769745
0.4052879363221102,7.255044833672085,0.868573133908997,0.05933599083293242,0.06412304381538925,0.05761345806753419
-0.6193770403191989,9.018224818890229,1.5804832349858104,-0.05929535679068554,-0.057456219901356784,-0.11251369330909212
-1.1983261493292634,3.639267571649908,0.9635906960272798,-0.3535992662568566,-0.3560302043794073,-0.2955542474834996
1.411443587251321,5.659474645931206,1.7429168656772536,0.24505553428226592,0.25559826008277425,0.4634215875744657
1.640922960531286,6.668734568893624,1.500762088141111,0.22707000709021796,0.21630497213725913,0.34359493883163605
0.2840386980929314,3.622891856578548,0.9455664976936657,0.08169802297668669,0.07499954703033147,0.061208844906567736
0.26941704447704234,2.3243300784866476,1.6300022460044095,0.1363938432638528,0.1231050960999005,0.23190125866358738
0.09768450593793826,8.302935704279802,0.8958195790578004,0.004870762823107892,0.009987642426099367,0.003920612876684021
-0.15355335747264273,3.8657034780285215,1.1442505266315515,-0.043252231204462074,-0.042947652574740085,-0.039086989461805374
0.28937796504530167,4.471340457771867,0.5814539291541009,0.07402538214439441,0.0554849959177196,0.03527868792553647
1.8803359827748642,9.249793042593218,1.346647430709875,0.213992180097929,0.2084251193384351,0.2556917653180777
0.4938520954031201,2.8139464310976194,0.7341023820607311,0.18686148140605774,0.19388921514522162,0.13712227661150245
-0.8522606857184265,5.652054321284817,0.6076780298106159,-0.14160686071249276,-0.15382284431439783,-0.061284643881093157
1.176977953637738,3.1801037059933015,1.14431143448397,0.4816615745158152,0.48417403001014314,0.555325888091909
0.15136358777348777,1.3573381465910872,1.726970261537753,0.1254936531648373,0.09444905754440981,0.19042101830406516
-0.7224153608590019,6.331621055316248,1.936296566101102,-0.08838416511676134,-0.08939420536072455,-0.1769806058109637
1.9841162526352618,7.522125026906183,0.8486621418209472,0.2669501932913277,0.2642061524129938,0.18014062400578232
1.0200099827002096,3.3287741419887795,0.808175270788978,0.34968182853552277,0.3573024531105544,0.2525128971041387
1.6685760333111028,4.071735876437742,1.7577199668087693,0.4633191377792376,0.47068823921555314,0.8298600140316067
0.016603597006317,3.820629721541987,0.5054924560767523,0.00804929183883988,-0.0035993349825872104,0.0022453429725494013
-0.225870396701176,4.50699210528153,0.8333238814460532,-0.05356200545902849,-0.07286406684461716,-0.047870047628298884
1.1501085294680937,6.3766866802322655,1.7588946122936504,0.16208348597966651,0.174231358551191,0.33631227522049323
0.7184328488645998,6.793174083031854,1.949988356014065,0.08978584818056991,0.10313737662907381,0.22232947184124416
0.7245903452078559,3.7681422026426623,0.9277207477738066,0.2060829238628832,0.2041312074665554,0.15427930483553726
0.22835702746476338,1.830797562102429,1.462898650220117,0.16156432713839214,0.14267011398656756,0.25334497365020225
0.3463298203603746,6.5269730103800905,1.3703798796817481,0.03650402019551707,0.05332857497986756,0.0697311885976388
-0.48034320284051457,2.456853009687736,1.3519536537033385,-0.2020931906150953,-0.20956059066058583,-0.318993311319925
1.3069411915304219,9.270694234913892,1.765650809893636,0.1440440235537012,0.1457703567069433,0.28247343939684905
-0.06935657815418993,8.191622452966604,0.7449868743562347,-0.009027053760210516,-0.009083892684566634,-0.00867483943982527
2.05945621077399,2.4426992098332083,1.0411746323814444,0.9312110855478819,0.9456796870636083,1.02301485808583
0.4889890803322195,2.278225135123412,0.9531935890280536,0.25159585414045127,0.26651653885911136,0.21632912785250885
-0.058901914890077144,9.620180436920899,1.727473634694746,-0.006447648424890209,-0.0002544649541999077,-0.004070501563682185
0.3019856186237758,7.551881259307537,1.5490829543482363,0.02751330965076774,0.03956215992663632,0.0773252133477139
0.9316194764358633,9.230776668470046,1.1500084668986221,0.0983696431023075,0.10753818574180073,0.11199342816948261
0.4829007627105047,8.45109022730692,0.8355957840716253,0.046808341446301874,0.05540578598182395,0.04904586390553514
0.7003335959072902,6.583753128398585,0.9121482090900486,0.11907731533835368,0.11672020948688153,0.09991904674735491
-0.2041002497888423,1.4450099162625785,1.1353309949451609,-0.16955746744927655,-0.16953557084315765,-0.17313824599300498
-0.49488793178032314,5.913559738593061,1.0740916521230337,-0.07811017477959166,-0.0809440005275284,-0.06995728840424131
-0.2889720701721214,9.012634279725404,1.482900264088131,-0.03664649561141398,-0.026902830936379477,-0.053838517746140874
-0.6283668508407764,4.0214921040772245,1.960609700211856,-0.13897338233844514,-0.14828481843943894,-0.300082402297148
-1.6731143415940022,5.090602156542527,0.8574354484473814,-0.32334311443053865,-0.3224684843329706,-0.2299334013129083
0.6800898487962053,3.57449859679849,0.7902084271712602,0.20689296471738527,0.2006643771237988,0.14303875371865007
1.1332737387118739,4.462467192804084,1.0905841994224978,0.2633390570923826,0.25672566519997914,0.24961729862975804
1.3633620835840623,9.733629701224176,0.6097875303161361,0.14303078336175185,0.1519758058245972,0.0936096110562273
-0.5261015363454837,5.194994328710484,0.9511550546100481,-0.09370265497723779,-0.10890446161055344,-0.07313107671055977
0.7091277161470333,3.8162127159519477,1.1878072899966816,0.1914913168918329,0.18963018995278755,0.21493260267983424
-0.1020420893422625,9.996644477886658,1.8523359882607695,-0.002574943854705653,-0.0019132671276300183,-0.002917016752565345
-0.08814111228298462,6.236002153159977,0.5606550676498131,0.006243301951561843,-0.009265769947801891,0.013871328493220435
-1.6724722350502563,9.0644536483186,1.8485975686806921,-0.166461634585784,-0.1867010403584266,-0.35436372487437734
0.22244959253864194,8.73008018933129,0.929918535620593,0.012123023326977185,0.019112407066106445,0.012238927226933847
0.3380752477758788,3.896625851006352,1.7771158556651918,0.08078656395318026,0.07949052156202291,0.15703457599310994
1.2846692132486695,5.3264735484101005,1.0029373406635858,0.2307463796305807,0.2190547611186821,0.17013782039435574
-0.8364860597188221,7.984402781512626,1.6579225455817261,-0.08315586319612714,-0.08184069078876981,-0.17086496820658822
0.7359712932435091,1.9190625137084254,1.4689900826417792,0.4620074208747422,0.45013254947970854,0.6805186129597565
-0.03056193733578732,7.705629717301241,1.7720299047718582,-0.010113872199906773,-0.0014314285035503822,0.0018894359391537028
-1.8213930135050878,3.2315935798429756,1.316457537779843,-0.6944747815267669,-0.6848531525188699,-0.8955233452462694
-1.5026515726949878,9.935375982088708,1.630038421930977,-0.11860378826431243,-0.1384453109944141,-0.24262824585775378
-1.1042114551880065,1.5537531987027862,1.8885809798677058,-0.6804807467408329,-0.6795291351472859,-1.122419469674119
0.33651099940887436,4.508647736571033,1.5463990546687105,0.06542874802788899,0.07634851685225669,0.1366431589850509
1.019633714077078,3.2027340860661506,1.0309497493871036,0.3982216110852002,0.4051500559284455,0.38571385203786934
-0.11440146542807134,9.90093053195741,1.0901260869667442,-0.015432115201183922,-0.010680372386460016,-0.013909022561694717
-0.08387824179458314,5.194405603756251,1.6781116409096855,0.004888517824306,0.016178930018640257,0.029006106401436086
-0.41732442959165417,8.555054850527137,0.6526954053221397,-0.04579564708943416,-0.05078845220348263,-0.03121754501496214
1.0876595718464297,2.245956541875573,0.9961253626556112,0.6099024601162901,0.6228820725868347,0.6133304176736188
0.12135647293429686,2.887985555118305,1.9559544162162381,0.052935411147986736,0.04275858795168838,0.08731514469071792
1.0266597671666946,1.9118738561441138,1.9820301012931578,0.5445367532920361,0.5607310204521258,0.9864812458880019
1.5839375693539444,9.33041304282511,0.661374745994829,0.1850797510004071,0.190868773261994,0.12469326850660874
1.4390566987581115,9.005675214959082,1.1665703095729996,0.16094969095605113,0.17018187640670002,0.1702547650754108
0.10560147691411506,4.739441187494368,1.0480819425912908,0.019636530071099636,0.012227851179705306,0.008018223494509752
1.1769119745174945,2.9339744025064007,1.6746181185056779,0.47550593961254195,0.4805307907370581,0.8343706550514128
0.11014214753339369,5.288267264789604,1.791293436716071,0.02423848841025768,0.02921772299549722,0.06222545543251831
2.2046007827286456,3.597077820913748,1.9519856456065838,0.6911477801326212,0.7027399041708287,1.2643915804733472
-0.5501612461733133,1.41419738485705,1.351003593740034,-0.3938189417736911,-0.3928168547505185,-0.5719727551170442
1.2654648077243758,5.873240358880025,1.032293242550518,0.21002705904381075,0.20065759867629218,0.16261875330581546
0.24072966631000842,4.644012710773259,0.6491214914771117,0.062390652449740666,0.04294044822072995,0.03111967440839634
-0.23282957931124687,3.966833909716553,0.9977161699052997,-0.06654503824176135,-0.07078669377732467,-0.057013444645059044
-1.2849051610089741,7.193611469856031,0.7242063835943913,-0.17803657044324164,-0.18449280193754886,-0.10776527556772192
-3.106318363679197,5.4629365759036,1.0091064227882005,-0.6771827537737493,-0.6418446926851115,-0.6588778914865836
1.3559047902934744,4.259320067607775,1.2499187321738958,0.35076685334108176,0.3357530664369623,0.4517671764076971
-0.8499430844821453,4.227662137169946,0.7038810666117769,-0.19139753249661628,-0.20102133760899032,-0.12028929801148382
1.3909621297740162,7.394930324089103,1.4881128901593854,0.16414548294642903,0.1555398944637547,0.2407046685281528
-0.16238244494507992,2.1713740214407276,0.635838748165861,-0.08359372746611024,-0.0751748429434978,-0.03394290638580892
1.3129768384363096,7.416384478234247,1.943897924199538,0.17498785070046977,0.18841184443258266,0.39988494805600566
0.5214779761162464,9.796464801689378,1.1500169812644372,0.04894731376196339,0.05647853536858546,0.055509549461353655
-0.3307212840243806,3.57710212162135,0.5415089846986519,-0.08405931793909084,-0.09362429388602397,-0.04903192603927979
1.0712740870692474,9.627868553748826,1.4021939245583068,0.11401938904909052,0.12177483449951729,0.16119582752563236
1.3980463296853383,3.873085326308248,0.5584354397637968,0.3673242068575865,0.3703435373437354,0.20867614099597143
-0.993188975730935,2.9094469893551436,0.6324577587552315,-0.361666659643583,-0.3602423731059485,-0.24789212269412034
-0.12488806069492628,1.21925116316355,0.8583211630718071,-0.11937641792714886,-0.09429555505037322,-0.08891097919045671
-0.883247911398891,3.741579490076767,1.255891403934349,-0.26301162636772346,-0.25967181202074957,-0.3194580867118144
-0.721173517332012,9.602027985233129,1.5408550127347032,-0.06436560156766846,-0.06538188851331227,-0.11913289533107532
-0.024502057928022056,1.0492562028046466,1.6260192630215802,-0.03094217468591294,-0.05680010161920038,-0.04745110525986279
0.8050206846642303,6.954196806431649,1.888201879534484,0.09460841982565228,0.1045183365571259,0.2324811877874947
-0.5967974329444468,7.512606167535564,1.4434050116411732,-0.06555168035950341,-0.06101669876428157,-0.10923623910652806
1.785862210021969,3.1236262295986172,0.8528124502666298,0.6949422773473841,0.7061464645544938,0.6300743680798578
1.4169889417415262,5.228706520134468,1.299669569849995,0.26818742064462053,0.25069668457512356,0.3405223027602871
1.0768194694450826,8.259960104569082,0.8904636236906333,0.13558388204394112,0.135262080058895,0.11668990543322934
-0.05329679764518441,2.2766286619355465,1.2887616059316789,-0.021392881639531368,-0.0347175389228996,-0.04812471074807996
0.41647056485308054,6.142288944194045,1.310740523917891,0.050218553697732454,0.06565816838231801,0.07539625180794474
0.3229475900055252,5.731293302336323,0.6272977189540729,0.07387938368468143,0.06305218492913847,0.045462441766084924
-0.1831881983649564,3.768818014812096,1.5002965047908432,-0.06411900180857344,-0.060001164314911586,-0.11003485962936888
-0.8269307571478256,9.573010544026673,1.593481023809617,-0.07142451187121061,-0.0749714006188895,-0.14005662822228088
-1.0029682622210796,2.7230314010031833,0.9563948893770435,-0.42905880671180224,-0.41708962510173675,-0.36982454521307423
-1.3636971253201682,8.67305183842584,0.5296065479642326,-0.16431175953139057,-0.1663018246842133,-0.08285721712245156
0.8514861258881333,5.509011059982744,1.9385280375549998,0.13424373448519974,0.1534220550926085,0.3124692206170888
0.41406829115879135,4.940680783916731,1.749639047335977,0.06942032601422912,0.07659246447000823,0.14941424725442723
-0.7770975479450748,3.0463401991914503,1.9487680313660074,-0.2524153699042059,-0.26614518439942936,-0.5013135528156739
-0.25765472436913256,7.520207343477352,1.8819891566108857,-0.02709929561228864,-0.02361764462003401,-0.0344831013744242
-0.6943231790552068,5.072865816626132,0.5346113225656646,-0.1277696461360724,-0.13872050590335394,-0.05509045093802148
-0.7342290497410576,8.945953576458724,1.1245191658868863,-0.07664690315645048,-0.07428214129369778,-0.0806223863861108
1.540079139587944,6.834879487553542,1.4611469774742876,0.19852528688181145,0.18791204383878474,0.2879819735534941
-0.5694171215124118,5.057593605796384,1.3095419421626344,-0.10649361873372265,-0.09941309704150433,-0.14728035250938687
-1.1845151725775753,9.136165845444912,1.606303981707124,-0.1001324534902486,-0.11162738310463671,-0.19981572236055714
0.15681745092710656,2.4410337380278277,0.9664881033941524,0.06925486913742808,0.072718159945882,0.06594612224131356
-0.8016056134832478,2.7962488488234736,0.5542884048531688,-0.29089588440656744,-0.28812803448518515,-0.18742410492125605
0.14117984944179063,6.6398676046642855,1.7302526929365092,0.016416301587731757,0.03616818706524271,0.07390000255030926
0.04514889525241276,8.74393587203053,0.6053789410180036,0.005018154515330626,0.005812071090972457,0.007041678540122682
-1.60815435387013,8.406039822664619,0.6302095698232656,-0.19773606694761012,-0.20104996035329004,-0.11327315325501257
1.0437792278817317,8.406074989914469,1.3494061382665996,0.11944727992224345,0.12661346783641514,0.17011182926418164
-0.09907367573607678,6.159243905034989,1.0484360324749913,-0.021281454772073577,-0.019725867856980984,-0.018646667866481798
-0.5019052246320688,1.264648165917377,1.7189620675490278,-0.3932520676202136,-0.4034323035091147,-0.6250623254219445
0.9830667231145859,3.36747370192301,1.2438197860836464,0.3557755673943067,0.35288723306693953,0.4746958223967954
-1.6706035117836677,8.878813972494475,1.8967611074208748,-0.1722594556270842,-0.19072354035312472,-0.3728732699781597
-0.8941102377573497,2.349488867433489,0.5606938453600855,-0.3939714305140447,-0.3754952774711219,-0.2610418880940404
1.1220369765626257,3.079483308005213,0.6568924012866152,0.4002019201801537,0.4118724351474731,0.2705594849627626
0.8206403541528207,3.5174986898390603,1.5918789506412585,0.2605541431915022,0.2588022996467273,0.46283866946060986
0.4556060676898727,6.921631560519358,0.8449534581794678,0.07602576938678066,0.07598613677228938,0.07001883262815706
-1.2277805460733344,2.0969170863680096,1.468084800115625,-0.6593367938545474,-0.655147027982937,-0.9635564517459783
-0.8128968313947582,9.972173273799873,1.1249136318084922,-0.08356160433544035,-0.08407680058079406,-0.0858760036059489
-0.2826533283448812,2.5192845431462634,1.998458832748995,-0.11102827922232995,-0.1277661840800029,-0.22315420240300105
-0.029483449201464486,9.111293131799721,1.4596083165734641,-0.013790353235412165,-0.0014191288671482616,-0.010932927432182361
-0.07347550615367149,6.020195232130873,1.5640518558353862,-0.0038112693071448676,0.014865780294695414,0.020788252555080152
-1.3486857001973946,5.790799637437629,1.5959549066454781,-0.19825570012366786,-0.1938070338319887,-0.364658269637603
1.0908981465375391,9.303997102215025,0.7940472447827027,0.11315267040020306,0.11826360091795401,0.09496978309974623
-2.071697592511078,7.648429175911614,1.62856066840548,-0.2595359085174946,-0.2656826689659299,-0.4466113203925119
-1.1374431971214964,7.154903420889685,1.9192851516431246,-0.1385396028330413,-0.14391478142262604,-0.28870186851396007
-1.1235437589564041,2.234119822521857,0.9288762953517291,-0.5720381833753334,-0.5555483354667171,-0.5414413050871305
-0.7709779250580892,1.6763214844391774,0.7087832608040353,-0.468614035257994,-0.4352068562567742,-0.34757492935486833
1.4508769758015405,7.2327421392648,1.7587015149974068,0.19125433752862703,0.1933468698829774,0.36603333858495696
0.3738995993814919,4.450847415688904,1.1542098797722886,0.08485814494995872,0.08456984077029889,0.06710624445320595
-0.656817755887182,4.363535251589239,0.7427127443897448,-0.1382842998555894,-0.15028144258227705,-0.08900504451827655
0.8336585441569465,7.915164222268026,1.614817995073438,0.09412066248846408,0.10213139537120292,0.20015132630244803
0.6123339307072382,2.379662133793128,1.4460915134877206,0.3100063709983332,0.297469567857486,0.48459102388108843
0.5195559733848428,7.2973363043751736,0.8154216913687323,0.07903208817999093,0.08176168550471419,0.0741191088308978
-0.38520538321101044,5.611523515420323,1.8062423567088834,-0.04427824029547894,-0.0381286191550997,-0.07758740681270317
-0.2984041688781013,5.855173274944623,0.537641767157745,-0.03445152169007122,-0.051140447716765736,-0.007961068418044772
-0.03516767259085112,4.856422424312412,0.9756076567951353,-0.009847195862863466,-0.022936927744794486,-0.014621894908225947
0.3196152502027641,5.655433010294118,1.365628061902502,0.046004324791004844,0.0632098867460242,0.09024030071259234
-0.15651051831880547,8.885547272807727,1.9030116943359334,-0.009935685395973231,-0.009523632178933476,-0.011848459841669844
-0.11938757363212493,1.1057577706111958,0.5100212055193409,-0.10320630766731732,-0.05262115225049501,-0.024443907167948295
0.6345415549608177,2.4485786874676534,1.6619332463680818,0.31530161852423366,0.3086022644821809,0.5579538145578035
-0.82344201229067,4.543037635201037,1.9690516768784994,-0.16039463598388304,-0.16735016419985863,-0.34358072695363684
-1.2616089874699008,6.476029991077823,1.8155840772632368,-0.1651124763382332,-0.16275963699930582,-0.3422381159797553
-1.1845760250987352,1.4885280602176234,1.4831884045087287,-0.7374149826466443,-0.7304607554593212,-1.076498675665126
-0.1335076759397281,8.926964622295316,1.427966075017845,-0.024393639566444424,-0.012978325557979849,-0.02800200210301521
-0.5140927768053852,6.861041257768168,1.1445879975222715,-0.06575049441757458,-0.060532931383294,-0.06669722858527556
-0.09373922642964196,1.1184575214209147,1.385010844286367,-0.0895502370800277,-0.10012352016870495,-0.13155030329001924
-0.2925648901211132,3.7458144222166134,0.599981368794235,-0.07590282406437153,-0.08924378674918865,-0.04944456661677725
1.0117061962587053,4.646925032844549,0.9772104434736664,0.2241637080530407,0.21766887610547409,0.16684204602821606
-0.08633032313789843,6.102353880607152,0.6448186647419207,0.001435246239131046,-0.015334134131962152,0.011029404888081771
-0.4154685896958398,5.931607397518871,1.0968178746885344,-0.06802005738654565,-0.06811965789195747,-0.06305519015755308
0.7984151726592563,1.4406770543772698,0.7943874672290865,0.5489376685437333,0.5848031193547345,0.4617743510023613
0.9241494900427314,9.991814165634642,0.9656437291521638,0.08803661225099037,0.09439347207954765,0.08298593961671914
1.886248157606595,6.425939701381133,1.4502424505346108,0.2847390994201718,0.27024493438594815,0.4052305559237333
0.3023046802117231,6.434008151659941,1.2422524230601197,0.029749098461648197,0.047324348104625096,0.03138762148523841
