[2026-04-24 05:47:37,044][dowhy.causal_model][INFO] - Model to find the causal effect of treatment ['X0'] on outcome ['X1']
[2026-04-24 05:47:37,044][dowhy.causal_identifier.auto_identifier][WARNING] - No directed path from treatment to outcome. Causal Effect is zero.
[2026-04-24 05:47:37,044][dowhy.causal_model][INFO] - linear_regression
[2026-04-24 05:47:37,044][dowhy.causal_estimator][INFO] - INFO: Using Linear Regression Estimator
[2026-04-24 05:47:37,044][dowhy.causal_estimator][WARNING] - No directed path from ['X0'] to ['X1'].
[2026-04-24 05:47:37,046][dowhy.causal_model][INFO] - Model to find the causal effect of treatment ['X0'] on outcome ['X2']
[2026-04-24 05:47:37,046][dowhy.causal_identifier.auto_identifier][WARNING] - No directed path from treatment to outcome. Causal Effect is zero.
[2026-04-24 05:47:37,046][dowhy.causal_model][INFO] - linear_regression
[2026-04-24 05:47:37,046][dowhy.causal_estimator][INFO] - INFO: Using Linear Regression Estimator
[2026-04-24 05:47:37,046][dowhy.causal_estimator][WARNING] - No directed path from ['X0'] to ['X2'].
[2026-04-24 05:47:37,048][dowhy.causal_model][INFO] - Model to find the causal effect of treatment ['X0'] on outcome ['X3']
[2026-04-24 05:47:37,048][dowhy.causal_identifier.auto_identifier][WARNING] - No directed path from treatment to outcome. Causal Effect is zero.
[2026-04-24 05:47:37,048][dowhy.causal_model][INFO] - linear_regression
[2026-04-24 05:47:37,048][dowhy.causal_estimator][INFO] - INFO: Using Linear Regression Estimator
[2026-04-24 05:47:37,048][dowhy.causal_estimator][WARNING] - No directed path from ['X0'] to ['X3'].
[2026-04-24 05:47:37,050][dowhy.causal_model][INFO] - Model to find the causal effect of treatment ['X0'] on outcome ['X4']
[2026-04-24 05:47:37,051][dowhy.causal_identifier.auto_identifier][INFO] - Causal effect can be identified.
[2026-04-24 05:47:37,051][dowhy.causal_identifier.auto_identifier][INFO] - Instrumental variables for treatment and outcome:[]
[2026-04-24 05:47:37,052][dowhy.causal_identifier.auto_identifier][INFO] - Frontdoor variables for treatment and outcome:[]
[2026-04-24 05:47:37,052][dowhy.causal_model][INFO] - linear_regression
[2026-04-24 05:47:37,052][dowhy.causal_estimator][INFO] - INFO: Using Linear Regression Estimator
[2026-04-24 05:47:37,052][dowhy.causal_estimator][INFO] - b: X4~X0+X0*X1
[2026-04-24 05:47:37,060][dowhy.causal_model][INFO] - Model to find the causal effect of treatment ['X0'] on outcome ['X5']
[2026-04-24 05:47:37,061][dowhy.causal_identifier.auto_identifier][INFO] - Causal effect can be identified.
[2026-04-24 05:47:37,061][dowhy.causal_identifier.auto_identifier][INFO] - Instrumental variables for treatment and outcome:[]
[2026-04-24 05:47:37,061][dowhy.causal_identifier.auto_identifier][INFO] - Frontdoor variables for treatment and outcome:[]
[2026-04-24 05:47:37,062][dowhy.causal_model][INFO] - linear_regression
[2026-04-24 05:47:37,062][dowhy.causal_estimator][INFO] - INFO: Using Linear Regression Estimator
[2026-04-24 05:47:37,062][dowhy.causal_estimator][INFO] - b: X5~X0+X0*X1
[2026-04-24 05:47:37,069][dowhy.causal_model][INFO] - Model to find the causal effect of treatment ['X0'] on outcome ['X6']
[2026-04-24 05:47:37,070][dowhy.causal_identifier.auto_identifier][INFO] - Causal effect can be identified.
[2026-04-24 05:47:37,071][dowhy.causal_identifier.auto_identifier][INFO] - Instrumental variables for treatment and outcome:[]
[2026-04-24 05:47:37,074][dowhy.causal_identifier.auto_identifier][INFO] - Frontdoor variables for treatment and outcome:['X7', 'X5', 'X4']
[2026-04-24 05:47:37,075][dowhy.causal_identifier.auto_identifier][INFO] - Causal effect can be identified.
[2026-04-24 05:47:37,077][dowhy.causal_identifier.auto_identifier][INFO] - Causal effect can be identified.
[2026-04-24 05:47:37,077][dowhy.causal_model][INFO] - linear_regression
[2026-04-24 05:47:37,077][dowhy.causal_estimator][INFO] - INFO: Using Linear Regression Estimator
[2026-04-24 05:47:37,078][dowhy.causal_estimator][INFO] - b: X6~X0+X0*X2+X0*X3+X0*X1
[2026-04-24 05:47:37,085][dowhy.causal_model][INFO] - Model to find the causal effect of treatment ['X0'] on outcome ['X7']
[2026-04-24 05:47:37,086][dowhy.causal_identifier.auto_identifier][INFO] - Causal effect can be identified.
[2026-04-24 05:47:37,086][dowhy.causal_identifier.auto_identifier][INFO] - Instrumental variables for treatment and outcome:[]
[2026-04-24 05:47:37,089][dowhy.causal_identifier.auto_identifier][INFO] - Frontdoor variables for treatment and outcome:[]
[2026-04-24 05:47:37,089][dowhy.causal_model][INFO] - linear_regression
[2026-04-24 05:47:37,089][dowhy.causal_estimator][INFO] - INFO: Using Linear Regression Estimator
[2026-04-24 05:47:37,089][dowhy.causal_estimator][INFO] - b: X7~X0+X0*X1
[2026-04-24 05:47:37,097][dowhy.causal_model][INFO] - Model to find the causal effect of treatment ['X0'] on outcome ['X8']
[2026-04-24 05:47:37,098][dowhy.causal_identifier.auto_identifier][INFO] - Causal effect can be identified.
[2026-04-24 05:47:37,098][dowhy.causal_identifier.auto_identifier][INFO] - Instrumental variables for treatment and outcome:[]
[2026-04-24 05:47:37,103][dowhy.causal_identifier.auto_identifier][INFO] - Frontdoor variables for treatment and outcome:['X5', 'X4', 'X7']
[2026-04-24 05:47:37,104][dowhy.causal_identifier.auto_identifier][INFO] - Causal effect can be identified.
[2026-04-24 05:47:37,106][dowhy.causal_identifier.auto_identifier][INFO] - Causal effect can be identified.
[2026-04-24 05:47:37,106][dowhy.causal_model][INFO] - linear_regression
[2026-04-24 05:47:37,106][dowhy.causal_estimator][INFO] - INFO: Using Linear Regression Estimator
[2026-04-24 05:47:37,107][dowhy.causal_estimator][INFO] - b: X8~X0+X0*X2+X0*X1
[2026-04-24 05:47:37,114][dowhy.causal_model][INFO] - Model to find the causal effect of treatment ['X0'] on outcome ['X9']
[2026-04-24 05:47:37,115][dowhy.causal_identifier.auto_identifier][INFO] - Causal effect can be identified.
[2026-04-24 05:47:37,115][dowhy.causal_identifier.auto_identifier][INFO] - Instrumental variables for treatment and outcome:[]
[2026-04-24 05:47:37,121][dowhy.causal_identifier.auto_identifier][INFO] - Frontdoor variables for treatment and outcome:['X5', 'X4', 'X7']
[2026-04-24 05:47:37,122][dowhy.causal_identifier.auto_identifier][INFO] - Causal effect can be identified.
[2026-04-24 05:47:37,124][dowhy.causal_identifier.auto_identifier][INFO] - Causal effect can be identified.
[2026-04-24 05:47:37,125][dowhy.causal_model][INFO] - linear_regression
[2026-04-24 05:47:37,125][dowhy.causal_estimator][INFO] - INFO: Using Linear Regression Estimator
[2026-04-24 05:47:37,125][dowhy.causal_estimator][INFO] - b: X9~X0+X0*X2+X0*X3+X0*X1
[2026-04-24 05:47:37,186][dowhy.causal_model][INFO] - Model to find the causal effect of treatment ['X1'] on outcome ['X0']
[2026-04-24 05:47:37,186][dowhy.causal_identifier.auto_identifier][WARNING] - No directed path from treatment to outcome. Causal Effect is zero.
[2026-04-24 05:47:37,186][dowhy.causal_model][INFO] - linear_regression
[2026-04-24 05:47:37,186][dowhy.causal_estimator][INFO] - INFO: Using Linear Regression Estimator
[2026-04-24 05:47:37,186][dowhy.causal_estimator][WARNING] - No directed path from ['X1'] to ['X0'].
[2026-04-24 05:47:37,188][dowhy.causal_model][INFO] - Model to find the causal effect of treatment ['X1'] on outcome ['X2']
[2026-04-24 05:47:37,188][dowhy.causal_identifier.auto_identifier][WARNING] - No directed path from treatment to outcome. Causal Effect is zero.
[2026-04-24 05:47:37,188][dowhy.causal_model][INFO] - linear_regression
[2026-04-24 05:47:37,189][dowhy.causal_estimator][INFO] - INFO: Using Linear Regression Estimator
[2026-04-24 05:47:37,189][dowhy.causal_estimator][WARNING] - No directed path from ['X1'] to ['X2'].
[2026-04-24 05:47:37,190][dowhy.causal_model][INFO] - Model to find the causal effect of treatment ['X1'] on outcome ['X3']
[2026-04-24 05:47:37,190][dowhy.causal_identifier.auto_identifier][WARNING] - No directed path from treatment to outcome. Causal Effect is zero.
[2026-04-24 05:47:37,191][dowhy.causal_model][INFO] - linear_regression
[2026-04-24 05:47:37,191][dowhy.causal_estimator][INFO] - INFO: Using Linear Regression Estimator
[2026-04-24 05:47:37,191][dowhy.causal_estimator][WARNING] - No directed path from ['X1'] to ['X3'].
[2026-04-24 05:47:37,192][dowhy.causal_model][INFO] - Model to find the causal effect of treatment ['X1'] on outcome ['X4']
[2026-04-24 05:47:37,193][dowhy.causal_identifier.auto_identifier][INFO] - Causal effect can be identified.
[2026-04-24 05:47:37,194][dowhy.causal_identifier.auto_identifier][INFO] - Instrumental variables for treatment and outcome:[]
[2026-04-24 05:47:37,194][dowhy.causal_identifier.auto_identifier][INFO] - Frontdoor variables for treatment and outcome:[]
[2026-04-24 05:47:37,194][dowhy.causal_model][INFO] - linear_regression
[2026-04-24 05:47:37,194][dowhy.causal_estimator][INFO] - INFO: Using Linear Regression Estimator
[2026-04-24 05:47:37,194][dowhy.causal_estimator][INFO] - b: X4~X1+X1*X0
[2026-04-24 05:47:37,203][dowhy.causal_model][INFO] - Model to find the causal effect of treatment ['X1'] on outcome ['X5']
[2026-04-24 05:47:37,204][dowhy.causal_identifier.auto_identifier][INFO] - Causal effect can be identified.
[2026-04-24 05:47:37,205][dowhy.causal_identifier.auto_identifier][INFO] - Instrumental variables for treatment and outcome:[]
[2026-04-24 05:47:37,205][dowhy.causal_identifier.auto_identifier][INFO] - Frontdoor variables for treatment and outcome:[]
[2026-04-24 05:47:37,205][dowhy.causal_model][INFO] - linear_regression
[2026-04-24 05:47:37,205][dowhy.causal_estimator][INFO] - INFO: Using Linear Regression Estimator
[2026-04-24 05:47:37,205][dowhy.causal_estimator][INFO] - b: X5~X1+X1*X0
[2026-04-24 05:47:37,214][dowhy.causal_model][INFO] - Model to find the causal effect of treatment ['X1'] on outcome ['X6']
[2026-04-24 05:47:37,215][dowhy.causal_identifier.auto_identifier][INFO] - Causal effect can be identified.
[2026-04-24 05:47:37,216][dowhy.causal_identifier.auto_identifier][INFO] - Instrumental variables for treatment and outcome:[]
[2026-04-24 05:47:37,218][dowhy.causal_identifier.auto_identifier][INFO] - Frontdoor variables for treatment and outcome:['X7', 'X5', 'X4']
[2026-04-24 05:47:37,219][dowhy.causal_identifier.auto_identifier][INFO] - Causal effect can be identified.
[2026-04-24 05:47:37,221][dowhy.causal_identifier.auto_identifier][INFO] - Causal effect can be identified.
[2026-04-24 05:47:37,222][dowhy.causal_model][INFO] - linear_regression
[2026-04-24 05:47:37,222][dowhy.causal_estimator][INFO] - INFO: Using Linear Regression Estimator
[2026-04-24 05:47:37,222][dowhy.causal_estimator][INFO] - b: X6~X1+X1*X2+X1*X3+X1*X0
[2026-04-24 05:47:37,231][dowhy.causal_model][INFO] - Model to find the causal effect of treatment ['X1'] on outcome ['X7']
[2026-04-24 05:47:37,232][dowhy.causal_identifier.auto_identifier][INFO] - Causal effect can be identified.
[2026-04-24 05:47:37,232][dowhy.causal_identifier.auto_identifier][INFO] - Instrumental variables for treatment and outcome:[]
[2026-04-24 05:47:37,235][dowhy.causal_identifier.auto_identifier][INFO] - Frontdoor variables for treatment and outcome:[]
[2026-04-24 05:47:37,235][dowhy.causal_model][INFO] - linear_regression
[2026-04-24 05:47:37,235][dowhy.causal_estimator][INFO] - INFO: Using Linear Regression Estimator
[2026-04-24 05:47:37,236][dowhy.causal_estimator][INFO] - b: X7~X1+X1*X0
[2026-04-24 05:47:37,244][dowhy.causal_model][INFO] - Model to find the causal effect of treatment ['X1'] on outcome ['X8']
[2026-04-24 05:47:37,245][dowhy.causal_identifier.auto_identifier][INFO] - Causal effect can be identified.
[2026-04-24 05:47:37,246][dowhy.causal_identifier.auto_identifier][INFO] - Instrumental variables for treatment and outcome:[]
[2026-04-24 05:47:37,251][dowhy.causal_identifier.auto_identifier][INFO] - Frontdoor variables for treatment and outcome:['X5', 'X4', 'X7']
[2026-04-24 05:47:37,252][dowhy.causal_identifier.auto_identifier][INFO] - Causal effect can be identified.
[2026-04-24 05:47:37,254][dowhy.causal_identifier.auto_identifier][INFO] - Causal effect can be identified.
[2026-04-24 05:47:37,255][dowhy.causal_model][INFO] - linear_regression
[2026-04-24 05:47:37,255][dowhy.causal_estimator][INFO] - INFO: Using Linear Regression Estimator
[2026-04-24 05:47:37,255][dowhy.causal_estimator][INFO] - b: X8~X1+X1*X2+X1*X0
[2026-04-24 05:47:37,264][dowhy.causal_model][INFO] - Model to find the causal effect of treatment ['X1'] on outcome ['X9']
[2026-04-24 05:47:37,265][dowhy.causal_identifier.auto_identifier][INFO] - Causal effect can be identified.
[2026-04-24 05:47:37,265][dowhy.causal_identifier.auto_identifier][INFO] - Instrumental variables for treatment and outcome:[]
[2026-04-24 05:47:37,271][dowhy.causal_identifier.auto_identifier][INFO] - Frontdoor variables for treatment and outcome:['X5', 'X4', 'X7']
[2026-04-24 05:47:37,272][dowhy.causal_identifier.auto_identifier][INFO] - Causal effect can be identified.
[2026-04-24 05:47:37,274][dowhy.causal_identifier.auto_identifier][INFO] - Causal effect can be identified.
[2026-04-24 05:47:37,275][dowhy.causal_model][INFO] - linear_regression
[2026-04-24 05:47:37,275][dowhy.causal_estimator][INFO] - INFO: Using Linear Regression Estimator
[2026-04-24 05:47:37,275][dowhy.causal_estimator][INFO] - b: X9~X1+X1*X2+X1*X3+X1*X0
[2026-04-24 05:47:37,334][dowhy.causal_model][INFO] - Model to find the causal effect of treatment ['X2'] on outcome ['X0']
[2026-04-24 05:47:37,334][dowhy.causal_identifier.auto_identifier][WARNING] - No directed path from treatment to outcome. Causal Effect is zero.
[2026-04-24 05:47:37,334][dowhy.causal_model][INFO] - linear_regression
[2026-04-24 05:47:37,334][dowhy.causal_estimator][INFO] - INFO: Using Linear Regression Estimator
[2026-04-24 05:47:37,334][dowhy.causal_estimator][WARNING] - No directed path from ['X2'] to ['X0'].
[2026-04-24 05:47:37,336][dowhy.causal_model][INFO] - Model to find the causal effect of treatment ['X2'] on outcome ['X1']
[2026-04-24 05:47:37,336][dowhy.causal_identifier.auto_identifier][WARNING] - No directed path from treatment to outcome. Causal Effect is zero.
[2026-04-24 05:47:37,336][dowhy.causal_model][INFO] - linear_regression
[2026-04-24 05:47:37,336][dowhy.causal_estimator][INFO] - INFO: Using Linear Regression Estimator
[2026-04-24 05:47:37,336][dowhy.causal_estimator][WARNING] - No directed path from ['X2'] to ['X1'].
[2026-04-24 05:47:37,338][dowhy.causal_model][INFO] - Model to find the causal effect of treatment ['X2'] on outcome ['X3']
[2026-04-24 05:47:37,338][dowhy.causal_identifier.auto_identifier][WARNING] - No directed path from treatment to outcome. Causal Effect is zero.
[2026-04-24 05:47:37,338][dowhy.causal_model][INFO] - linear_regression
[2026-04-24 05:47:37,338][dowhy.causal_estimator][INFO] - INFO: Using Linear Regression Estimator
[2026-04-24 05:47:37,338][dowhy.causal_estimator][WARNING] - No directed path from ['X2'] to ['X3'].
[2026-04-24 05:47:37,340][dowhy.causal_model][INFO] - Model to find the causal effect of treatment ['X2'] on outcome ['X4']
[2026-04-24 05:47:37,340][dowhy.causal_identifier.auto_identifier][WARNING] - No directed path from treatment to outcome. Causal Effect is zero.
[2026-04-24 05:47:37,340][dowhy.causal_model][INFO] - linear_regression
[2026-04-24 05:47:37,340][dowhy.causal_estimator][INFO] - INFO: Using Linear Regression Estimator
[2026-04-24 05:47:37,340][dowhy.causal_estimator][WARNING] - No directed path from ['X2'] to ['X4'].
[2026-04-24 05:47:37,341][dowhy.causal_model][INFO] - Model to find the causal effect of treatment ['X2'] on outcome ['X5']
[2026-04-24 05:47:37,341][dowhy.causal_identifier.auto_identifier][WARNING] - No directed path from treatment to outcome. Causal Effect is zero.
[2026-04-24 05:47:37,341][dowhy.causal_model][INFO] - linear_regression
[2026-04-24 05:47:37,342][dowhy.causal_estimator][INFO] - INFO: Using Linear Regression Estimator
[2026-04-24 05:47:37,342][dowhy.causal_estimator][WARNING] - No directed path from ['X2'] to ['X5'].
[2026-04-24 05:47:37,343][dowhy.causal_model][INFO] - Model to find the causal effect of treatment ['X2'] on outcome ['X6']
[2026-04-24 05:47:37,345][dowhy.causal_identifier.auto_identifier][INFO] - Causal effect can be identified.
[2026-04-24 05:47:37,346][dowhy.causal_identifier.auto_identifier][INFO] - Instrumental variables for treatment and outcome:[]
[2026-04-24 05:47:37,346][dowhy.causal_identifier.auto_identifier][INFO] - Frontdoor variables for treatment and outcome:[]
[2026-04-24 05:47:37,346][dowhy.causal_model][INFO] - linear_regression
[2026-04-24 05:47:37,346][dowhy.causal_estimator][INFO] - INFO: Using Linear Regression Estimator
[2026-04-24 05:47:37,347][dowhy.causal_estimator][INFO] - b: X6~X2+X2*X5+X2*X4+X2*X1+X2*X3+X2*X0
[2026-04-24 05:47:37,355][dowhy.causal_model][INFO] - Model to find the causal effect of treatment ['X2'] on outcome ['X7']
[2026-04-24 05:47:37,355][dowhy.causal_identifier.auto_identifier][WARNING] - No directed path from treatment to outcome. Causal Effect is zero.
[2026-04-24 05:47:37,355][dowhy.causal_model][INFO] - linear_regression
[2026-04-24 05:47:37,355][dowhy.causal_estimator][INFO] - INFO: Using Linear Regression Estimator
[2026-04-24 05:47:37,355][dowhy.causal_estimator][WARNING] - No directed path from ['X2'] to ['X7'].
[2026-04-24 05:47:37,357][dowhy.causal_model][INFO] - Model to find the causal effect of treatment ['X2'] on outcome ['X8']
[2026-04-24 05:47:37,358][dowhy.causal_identifier.auto_identifier][INFO] - Causal effect can be identified.
[2026-04-24 05:47:37,359][dowhy.causal_identifier.auto_identifier][INFO] - Instrumental variables for treatment and outcome:[]
[2026-04-24 05:47:37,359][dowhy.causal_identifier.auto_identifier][INFO] - Frontdoor variables for treatment and outcome:[]
[2026-04-24 05:47:37,360][dowhy.causal_model][INFO] - linear_regression
[2026-04-24 05:47:37,360][dowhy.causal_estimator][INFO] - INFO: Using Linear Regression Estimator
[2026-04-24 05:47:37,360][dowhy.causal_estimator][INFO] - b: X8~X2+X2*X0+X2*X5+X2*X4+X2*X1
[2026-04-24 05:47:37,367][dowhy.causal_model][INFO] - Model to find the causal effect of treatment ['X2'] on outcome ['X9']
[2026-04-24 05:47:37,369][dowhy.causal_identifier.auto_identifier][INFO] - Causal effect can be identified.
[2026-04-24 05:47:37,370][dowhy.causal_identifier.auto_identifier][INFO] - Instrumental variables for treatment and outcome:[]
[2026-04-24 05:47:37,370][dowhy.causal_identifier.auto_identifier][INFO] - Frontdoor variables for treatment and outcome:[]
[2026-04-24 05:47:37,370][dowhy.causal_model][INFO] - linear_regression
[2026-04-24 05:47:37,370][dowhy.causal_estimator][INFO] - INFO: Using Linear Regression Estimator
[2026-04-24 05:47:37,371][dowhy.causal_estimator][INFO] - b: X9~X2+X2*X5+X2*X4+X2*X1+X2*X3+X2*X0
[2026-04-24 05:47:37,432][dowhy.causal_model][INFO] - Model to find the causal effect of treatment ['X3'] on outcome ['X0']
[2026-04-24 05:47:37,432][dowhy.causal_identifier.auto_identifier][WARNING] - No directed path from treatment to outcome. Causal Effect is zero.
[2026-04-24 05:47:37,432][dowhy.causal_model][INFO] - linear_regression
[2026-04-24 05:47:37,432][dowhy.causal_estimator][INFO] - INFO: Using Linear Regression Estimator
[2026-04-24 05:47:37,432][dowhy.causal_estimator][WARNING] - No directed path from ['X3'] to ['X0'].
[2026-04-24 05:47:37,434][dowhy.causal_model][INFO] - Model to find the causal effect of treatment ['X3'] on outcome ['X1']
[2026-04-24 05:47:37,434][dowhy.causal_identifier.auto_identifier][WARNING] - No directed path from treatment to outcome. Causal Effect is zero.
[2026-04-24 05:47:37,434][dowhy.causal_model][INFO] - linear_regression
[2026-04-24 05:47:37,434][dowhy.causal_estimator][INFO] - INFO: Using Linear Regression Estimator
[2026-04-24 05:47:37,434][dowhy.causal_estimator][WARNING] - No directed path from ['X3'] to ['X1'].
[2026-04-24 05:47:37,436][dowhy.causal_model][INFO] - Model to find the causal effect of treatment ['X3'] on outcome ['X2']
[2026-04-24 05:47:37,436][dowhy.causal_identifier.auto_identifier][WARNING] - No directed path from treatment to outcome. Causal Effect is zero.
[2026-04-24 05:47:37,436][dowhy.causal_model][INFO] - linear_regression
[2026-04-24 05:47:37,436][dowhy.causal_estimator][INFO] - INFO: Using Linear Regression Estimator
[2026-04-24 05:47:37,436][dowhy.causal_estimator][WARNING] - No directed path from ['X3'] to ['X2'].
[2026-04-24 05:47:37,438][dowhy.causal_model][INFO] - Model to find the causal effect of treatment ['X3'] on outcome ['X4']
[2026-04-24 05:47:37,438][dowhy.causal_identifier.auto_identifier][WARNING] - No directed path from treatment to outcome. Causal Effect is zero.
[2026-04-24 05:47:37,438][dowhy.causal_model][INFO] - linear_regression
[2026-04-24 05:47:37,438][dowhy.causal_estimator][INFO] - INFO: Using Linear Regression Estimator
[2026-04-24 05:47:37,438][dowhy.causal_estimator][WARNING] - No directed path from ['X3'] to ['X4'].
[2026-04-24 05:47:37,440][dowhy.causal_model][INFO] - Model to find the causal effect of treatment ['X3'] on outcome ['X5']
[2026-04-24 05:47:37,440][dowhy.causal_identifier.auto_identifier][WARNING] - No directed path from treatment to outcome. Causal Effect is zero.
[2026-04-24 05:47:37,440][dowhy.causal_model][INFO] - linear_regression
[2026-04-24 05:47:37,440][dowhy.causal_estimator][INFO] - INFO: Using Linear Regression Estimator
[2026-04-24 05:47:37,440][dowhy.causal_estimator][WARNING] - No directed path from ['X3'] to ['X5'].
[2026-04-24 05:47:37,442][dowhy.causal_model][INFO] - Model to find the causal effect of treatment ['X3'] on outcome ['X6']
[2026-04-24 05:47:37,444][dowhy.causal_identifier.auto_identifier][INFO] - Causal effect can be identified.
[2026-04-24 05:47:37,445][dowhy.causal_identifier.auto_identifier][INFO] - Instrumental variables for treatment and outcome:[]
[2026-04-24 05:47:37,445][dowhy.causal_identifier.auto_identifier][INFO] - Frontdoor variables for treatment and outcome:[]
[2026-04-24 05:47:37,445][dowhy.causal_model][INFO] - linear_regression
[2026-04-24 05:47:37,445][dowhy.causal_estimator][INFO] - INFO: Using Linear Regression Estimator
[2026-04-24 05:47:37,446][dowhy.causal_estimator][INFO] - b: X6~X3+X3*X5+X3*X4+X3*X1+X3*X2+X3*X0
[2026-04-24 05:47:37,455][dowhy.causal_model][INFO] - Model to find the causal effect of treatment ['X3'] on outcome ['X7']
[2026-04-24 05:47:37,455][dowhy.causal_identifier.auto_identifier][WARNING] - No directed path from treatment to outcome. Causal Effect is zero.
[2026-04-24 05:47:37,455][dowhy.causal_model][INFO] - linear_regression
[2026-04-24 05:47:37,455][dowhy.causal_estimator][INFO] - INFO: Using Linear Regression Estimator
[2026-04-24 05:47:37,455][dowhy.causal_estimator][WARNING] - No directed path from ['X3'] to ['X7'].
[2026-04-24 05:47:37,457][dowhy.causal_model][INFO] - Model to find the causal effect of treatment ['X3'] on outcome ['X8']
[2026-04-24 05:47:37,457][dowhy.causal_identifier.auto_identifier][WARNING] - No directed path from treatment to outcome. Causal Effect is zero.
[2026-04-24 05:47:37,457][dowhy.causal_model][INFO] - linear_regression
[2026-04-24 05:47:37,457][dowhy.causal_estimator][INFO] - INFO: Using Linear Regression Estimator
[2026-04-24 05:47:37,457][dowhy.causal_estimator][WARNING] - No directed path from ['X3'] to ['X8'].
[2026-04-24 05:47:37,459][dowhy.causal_model][INFO] - Model to find the causal effect of treatment ['X3'] on outcome ['X9']
[2026-04-24 05:47:37,461][dowhy.causal_identifier.auto_identifier][INFO] - Causal effect can be identified.
[2026-04-24 05:47:37,462][dowhy.causal_identifier.auto_identifier][INFO] - Instrumental variables for treatment and outcome:[]
[2026-04-24 05:47:37,462][dowhy.causal_identifier.auto_identifier][INFO] - Frontdoor variables for treatment and outcome:[]
[2026-04-24 05:47:37,462][dowhy.causal_model][INFO] - linear_regression
[2026-04-24 05:47:37,462][dowhy.causal_estimator][INFO] - INFO: Using Linear Regression Estimator
[2026-04-24 05:47:37,463][dowhy.causal_estimator][INFO] - b: X9~X3+X3*X5+X3*X4+X3*X1+X3*X2+X3*X0
[2026-04-24 05:47:37,527][dowhy.causal_model][INFO] - Model to find the causal effect of treatment ['X4'] on outcome ['X0']
[2026-04-24 05:47:37,527][dowhy.causal_identifier.auto_identifier][WARNING] - No directed path from treatment to outcome. Causal Effect is zero.
[2026-04-24 05:47:37,527][dowhy.causal_model][INFO] - linear_regression
[2026-04-24 05:47:37,527][dowhy.causal_estimator][INFO] - INFO: Using Linear Regression Estimator
[2026-04-24 05:47:37,527][dowhy.causal_estimator][WARNING] - No directed path from ['X4'] to ['X0'].
[2026-04-24 05:47:37,529][dowhy.causal_model][INFO] - Model to find the causal effect of treatment ['X4'] on outcome ['X1']
[2026-04-24 05:47:37,529][dowhy.causal_identifier.auto_identifier][WARNING] - No directed path from treatment to outcome. Causal Effect is zero.
[2026-04-24 05:47:37,529][dowhy.causal_model][INFO] - linear_regression
[2026-04-24 05:47:37,529][dowhy.causal_estimator][INFO] - INFO: Using Linear Regression Estimator
[2026-04-24 05:47:37,529][dowhy.causal_estimator][WARNING] - No directed path from ['X4'] to ['X1'].
[2026-04-24 05:47:37,530][dowhy.causal_model][INFO] - Model to find the causal effect of treatment ['X4'] on outcome ['X2']
[2026-04-24 05:47:37,530][dowhy.causal_identifier.auto_identifier][WARNING] - No directed path from treatment to outcome. Causal Effect is zero.
[2026-04-24 05:47:37,531][dowhy.causal_model][INFO] - linear_regression
[2026-04-24 05:47:37,531][dowhy.causal_estimator][INFO] - INFO: Using Linear Regression Estimator
[2026-04-24 05:47:37,531][dowhy.causal_estimator][WARNING] - No directed path from ['X4'] to ['X2'].
[2026-04-24 05:47:37,532][dowhy.causal_model][INFO] - Model to find the causal effect of treatment ['X4'] on outcome ['X3']
[2026-04-24 05:47:37,532][dowhy.causal_identifier.auto_identifier][WARNING] - No directed path from treatment to outcome. Causal Effect is zero.
[2026-04-24 05:47:37,532][dowhy.causal_model][INFO] - linear_regression
[2026-04-24 05:47:37,532][dowhy.causal_estimator][INFO] - INFO: Using Linear Regression Estimator
[2026-04-24 05:47:37,532][dowhy.causal_estimator][WARNING] - No directed path from ['X4'] to ['X3'].
[2026-04-24 05:47:37,534][dowhy.causal_model][INFO] - Model to find the causal effect of treatment ['X4'] on outcome ['X5']
[2026-04-24 05:47:37,535][dowhy.causal_identifier.auto_identifier][INFO] - Causal effect can be identified.
[2026-04-24 05:47:37,536][dowhy.causal_identifier.auto_identifier][INFO] - Instrumental variables for treatment and outcome:['X0']
[2026-04-24 05:47:37,536][dowhy.causal_identifier.auto_identifier][INFO] - Frontdoor variables for treatment and outcome:[]
[2026-04-24 05:47:37,536][dowhy.causal_model][INFO] - linear_regression
[2026-04-24 05:47:37,536][dowhy.causal_estimator][INFO] - INFO: Using Linear Regression Estimator
[2026-04-24 05:47:37,537][dowhy.causal_estimator][INFO] - b: X5~X4+X1
[2026-04-24 05:47:37,544][dowhy.causal_model][INFO] - Model to find the causal effect of treatment ['X4'] on outcome ['X6']
[2026-04-24 05:47:37,546][dowhy.causal_identifier.auto_identifier][INFO] - Causal effect can be identified.
[2026-04-24 05:47:37,546][dowhy.causal_identifier.auto_identifier][INFO] - Instrumental variables for treatment and outcome:['X0']
[2026-04-24 05:47:37,547][dowhy.causal_identifier.auto_identifier][INFO] - Frontdoor variables for treatment and outcome:[]
[2026-04-24 05:47:37,547][dowhy.causal_model][INFO] - linear_regression
[2026-04-24 05:47:37,547][dowhy.causal_estimator][INFO] - INFO: Using Linear Regression Estimator
[2026-04-24 05:47:37,548][dowhy.causal_estimator][INFO] - b: X6~X4+X1+X4*X2+X4*X3
[2026-04-24 05:47:37,556][dowhy.causal_model][INFO] - Model to find the causal effect of treatment ['X4'] on outcome ['X7']
[2026-04-24 05:47:37,557][dowhy.causal_identifier.auto_identifier][INFO] - Causal effect can be identified.
[2026-04-24 05:47:37,558][dowhy.causal_identifier.auto_identifier][INFO] - Instrumental variables for treatment and outcome:['X1']
[2026-04-24 05:47:37,559][dowhy.causal_identifier.auto_identifier][INFO] - Frontdoor variables for treatment and outcome:[]
[2026-04-24 05:47:37,559][dowhy.causal_model][INFO] - linear_regression
[2026-04-24 05:47:37,560][dowhy.causal_estimator][INFO] - INFO: Using Linear Regression Estimator
[2026-04-24 05:47:37,560][dowhy.causal_estimator][INFO] - b: X7~X4+X0
[2026-04-24 05:47:37,567][dowhy.causal_model][INFO] - Model to find the causal effect of treatment ['X4'] on outcome ['X8']
[2026-04-24 05:47:37,568][dowhy.causal_identifier.auto_identifier][INFO] - Causal effect can be identified.
[2026-04-24 05:47:37,569][dowhy.causal_identifier.auto_identifier][INFO] - Instrumental variables for treatment and outcome:['X0']
[2026-04-24 05:47:37,571][dowhy.causal_identifier.auto_identifier][INFO] - Frontdoor variables for treatment and outcome:[]
[2026-04-24 05:47:37,571][dowhy.causal_model][INFO] - linear_regression
[2026-04-24 05:47:37,571][dowhy.causal_estimator][INFO] - INFO: Using Linear Regression Estimator
[2026-04-24 05:47:37,572][dowhy.causal_estimator][INFO] - b: X8~X4+X1+X4*X2
[2026-04-24 05:47:37,580][dowhy.causal_model][INFO] - Model to find the causal effect of treatment ['X4'] on outcome ['X9']
[2026-04-24 05:47:37,582][dowhy.causal_identifier.auto_identifier][INFO] - Causal effect can be identified.
[2026-04-24 05:47:37,582][dowhy.causal_identifier.auto_identifier][INFO] - Instrumental variables for treatment and outcome:['X0']
[2026-04-24 05:47:37,585][dowhy.causal_identifier.auto_identifier][INFO] - Frontdoor variables for treatment and outcome:[]
[2026-04-24 05:47:37,585][dowhy.causal_model][INFO] - linear_regression
[2026-04-24 05:47:37,585][dowhy.causal_estimator][INFO] - INFO: Using Linear Regression Estimator
[2026-04-24 05:47:37,585][dowhy.causal_estimator][INFO] - b: X9~X4+X1+X4*X2+X4*X3
[2026-04-24 05:47:37,643][dowhy.causal_model][INFO] - Model to find the causal effect of treatment ['X5'] on outcome ['X0']
[2026-04-24 05:47:37,643][dowhy.causal_identifier.auto_identifier][WARNING] - No directed path from treatment to outcome. Causal Effect is zero.
[2026-04-24 05:47:37,643][dowhy.causal_model][INFO] - linear_regression
[2026-04-24 05:47:37,643][dowhy.causal_estimator][INFO] - INFO: Using Linear Regression Estimator
[2026-04-24 05:47:37,643][dowhy.causal_estimator][WARNING] - No directed path from ['X5'] to ['X0'].
[2026-04-24 05:47:37,645][dowhy.causal_model][INFO] - Model to find the causal effect of treatment ['X5'] on outcome ['X1']
[2026-04-24 05:47:37,645][dowhy.causal_identifier.auto_identifier][WARNING] - No directed path from treatment to outcome. Causal Effect is zero.
[2026-04-24 05:47:37,645][dowhy.causal_model][INFO] - linear_regression
[2026-04-24 05:47:37,645][dowhy.causal_estimator][INFO] - INFO: Using Linear Regression Estimator
[2026-04-24 05:47:37,645][dowhy.causal_estimator][WARNING] - No directed path from ['X5'] to ['X1'].
[2026-04-24 05:47:37,647][dowhy.causal_model][INFO] - Model to find the causal effect of treatment ['X5'] on outcome ['X2']
[2026-04-24 05:47:37,647][dowhy.causal_identifier.auto_identifier][WARNING] - No directed path from treatment to outcome. Causal Effect is zero.
[2026-04-24 05:47:37,647][dowhy.causal_model][INFO] - linear_regression
[2026-04-24 05:47:37,647][dowhy.causal_estimator][INFO] - INFO: Using Linear Regression Estimator
[2026-04-24 05:47:37,647][dowhy.causal_estimator][WARNING] - No directed path from ['X5'] to ['X2'].
[2026-04-24 05:47:37,649][dowhy.causal_model][INFO] - Model to find the causal effect of treatment ['X5'] on outcome ['X3']
[2026-04-24 05:47:37,649][dowhy.causal_identifier.auto_identifier][WARNING] - No directed path from treatment to outcome. Causal Effect is zero.
[2026-04-24 05:47:37,649][dowhy.causal_model][INFO] - linear_regression
[2026-04-24 05:47:37,649][dowhy.causal_estimator][INFO] - INFO: Using Linear Regression Estimator
[2026-04-24 05:47:37,649][dowhy.causal_estimator][WARNING] - No directed path from ['X5'] to ['X3'].
[2026-04-24 05:47:37,651][dowhy.causal_model][INFO] - Model to find the causal effect of treatment ['X5'] on outcome ['X4']
[2026-04-24 05:47:37,651][dowhy.causal_identifier.auto_identifier][WARNING] - No directed path from treatment to outcome. Causal Effect is zero.
[2026-04-24 05:47:37,651][dowhy.causal_model][INFO] - linear_regression
[2026-04-24 05:47:37,651][dowhy.causal_estimator][INFO] - INFO: Using Linear Regression Estimator
[2026-04-24 05:47:37,651][dowhy.causal_estimator][WARNING] - No directed path from ['X5'] to ['X4'].
[2026-04-24 05:47:37,653][dowhy.causal_model][INFO] - Model to find the causal effect of treatment ['X5'] on outcome ['X6']
[2026-04-24 05:47:37,655][dowhy.causal_identifier.auto_identifier][INFO] - Causal effect can be identified.
[2026-04-24 05:47:37,656][dowhy.causal_identifier.auto_identifier][INFO] - Instrumental variables for treatment and outcome:['X4', 'X1']
[2026-04-24 05:47:37,656][dowhy.causal_identifier.auto_identifier][INFO] - Frontdoor variables for treatment and outcome:[]
[2026-04-24 05:47:37,656][dowhy.causal_model][INFO] - linear_regression
[2026-04-24 05:47:37,656][dowhy.causal_estimator][INFO] - INFO: Using Linear Regression Estimator
[2026-04-24 05:47:37,657][dowhy.causal_estimator][INFO] - b: X6~X5+X5*X2+X5*X3
[2026-04-24 05:47:37,664][dowhy.causal_model][INFO] - Model to find the causal effect of treatment ['X5'] on outcome ['X7']
[2026-04-24 05:47:37,665][dowhy.causal_identifier.auto_identifier][WARNING] - No directed path from treatment to outcome. Causal Effect is zero.
[2026-04-24 05:47:37,665][dowhy.causal_model][INFO] - linear_regression
[2026-04-24 05:47:37,665][dowhy.causal_estimator][INFO] - INFO: Using Linear Regression Estimator
[2026-04-24 05:47:37,665][dowhy.causal_estimator][WARNING] - No directed path from ['X5'] to ['X7'].
[2026-04-24 05:47:37,666][dowhy.causal_model][INFO] - Model to find the causal effect of treatment ['X5'] on outcome ['X8']
[2026-04-24 05:47:37,668][dowhy.causal_identifier.auto_identifier][INFO] - Causal effect can be identified.
[2026-04-24 05:47:37,669][dowhy.causal_identifier.auto_identifier][INFO] - Instrumental variables for treatment and outcome:['X4', 'X1']
[2026-04-24 05:47:37,670][dowhy.causal_identifier.auto_identifier][INFO] - Frontdoor variables for treatment and outcome:[]
[2026-04-24 05:47:37,670][dowhy.causal_model][INFO] - linear_regression
[2026-04-24 05:47:37,670][dowhy.causal_estimator][INFO] - INFO: Using Linear Regression Estimator
[2026-04-24 05:47:37,670][dowhy.causal_estimator][INFO] - b: X8~X5+X5*X2
[2026-04-24 05:47:37,679][dowhy.causal_model][INFO] - Model to find the causal effect of treatment ['X5'] on outcome ['X9']
[2026-04-24 05:47:37,681][dowhy.causal_identifier.auto_identifier][INFO] - Causal effect can be identified.
[2026-04-24 05:47:37,682][dowhy.causal_identifier.auto_identifier][INFO] - Instrumental variables for treatment and outcome:['X4', 'X1']
[2026-04-24 05:47:37,683][dowhy.causal_identifier.auto_identifier][INFO] - Frontdoor variables for treatment and outcome:[]
[2026-04-24 05:47:37,683][dowhy.causal_model][INFO] - linear_regression
[2026-04-24 05:47:37,683][dowhy.causal_estimator][INFO] - INFO: Using Linear Regression Estimator
[2026-04-24 05:47:37,683][dowhy.causal_estimator][INFO] - b: X9~X5+X5*X2+X5*X3
[2026-04-24 05:47:37,748][dowhy.causal_model][INFO] - Model to find the causal effect of treatment ['X6'] on outcome ['X0']
[2026-04-24 05:47:37,748][dowhy.causal_identifier.auto_identifier][WARNING] - No directed path from treatment to outcome. Causal Effect is zero.
[2026-04-24 05:47:37,748][dowhy.causal_model][INFO] - linear_regression
[2026-04-24 05:47:37,748][dowhy.causal_estimator][INFO] - INFO: Using Linear Regression Estimator
[2026-04-24 05:47:37,748][dowhy.causal_estimator][WARNING] - No directed path from ['X6'] to ['X0'].
[2026-04-24 05:47:37,750][dowhy.causal_model][INFO] - Model to find the causal effect of treatment ['X6'] on outcome ['X1']
[2026-04-24 05:47:37,750][dowhy.causal_identifier.auto_identifier][WARNING] - No directed path from treatment to outcome. Causal Effect is zero.
[2026-04-24 05:47:37,750][dowhy.causal_model][INFO] - linear_regression
[2026-04-24 05:47:37,750][dowhy.causal_estimator][INFO] - INFO: Using Linear Regression Estimator
[2026-04-24 05:47:37,750][dowhy.causal_estimator][WARNING] - No directed path from ['X6'] to ['X1'].
[2026-04-24 05:47:37,752][dowhy.causal_model][INFO] - Model to find the causal effect of treatment ['X6'] on outcome ['X2']
[2026-04-24 05:47:37,752][dowhy.causal_identifier.auto_identifier][WARNING] - No directed path from treatment to outcome. Causal Effect is zero.
[2026-04-24 05:47:37,752][dowhy.causal_model][INFO] - linear_regression
[2026-04-24 05:47:37,752][dowhy.causal_estimator][INFO] - INFO: Using Linear Regression Estimator
[2026-04-24 05:47:37,752][dowhy.causal_estimator][WARNING] - No directed path from ['X6'] to ['X2'].
[2026-04-24 05:47:37,754][dowhy.causal_model][INFO] - Model to find the causal effect of treatment ['X6'] on outcome ['X3']
[2026-04-24 05:47:37,754][dowhy.causal_identifier.auto_identifier][WARNING] - No directed path from treatment to outcome. Causal Effect is zero.
[2026-04-24 05:47:37,754][dowhy.causal_model][INFO] - linear_regression
[2026-04-24 05:47:37,754][dowhy.causal_estimator][INFO] - INFO: Using Linear Regression Estimator
[2026-04-24 05:47:37,754][dowhy.causal_estimator][WARNING] - No directed path from ['X6'] to ['X3'].
[2026-04-24 05:47:37,756][dowhy.causal_model][INFO] - Model to find the causal effect of treatment ['X6'] on outcome ['X4']
[2026-04-24 05:47:37,756][dowhy.causal_identifier.auto_identifier][WARNING] - No directed path from treatment to outcome. Causal Effect is zero.
[2026-04-24 05:47:37,756][dowhy.causal_model][INFO] - linear_regression
[2026-04-24 05:47:37,756][dowhy.causal_estimator][INFO] - INFO: Using Linear Regression Estimator
[2026-04-24 05:47:37,756][dowhy.causal_estimator][WARNING] - No directed path from ['X6'] to ['X4'].
[2026-04-24 05:47:37,758][dowhy.causal_model][INFO] - Model to find the causal effect of treatment ['X6'] on outcome ['X5']
[2026-04-24 05:47:37,758][dowhy.causal_identifier.auto_identifier][WARNING] - No directed path from treatment to outcome. Causal Effect is zero.
[2026-04-24 05:47:37,758][dowhy.causal_model][INFO] - linear_regression
[2026-04-24 05:47:37,758][dowhy.causal_estimator][INFO] - INFO: Using Linear Regression Estimator
[2026-04-24 05:47:37,758][dowhy.causal_estimator][WARNING] - No directed path from ['X6'] to ['X5'].
[2026-04-24 05:47:37,760][dowhy.causal_model][INFO] - Model to find the causal effect of treatment ['X6'] on outcome ['X7']
[2026-04-24 05:47:37,760][dowhy.causal_identifier.auto_identifier][WARNING] - No directed path from treatment to outcome. Causal Effect is zero.
[2026-04-24 05:47:37,760][dowhy.causal_model][INFO] - linear_regression
[2026-04-24 05:47:37,760][dowhy.causal_estimator][INFO] - INFO: Using Linear Regression Estimator
[2026-04-24 05:47:37,760][dowhy.causal_estimator][WARNING] - No directed path from ['X6'] to ['X7'].
[2026-04-24 05:47:37,762][dowhy.causal_model][INFO] - Model to find the causal effect of treatment ['X6'] on outcome ['X8']
[2026-04-24 05:47:37,762][dowhy.causal_identifier.auto_identifier][WARNING] - No directed path from treatment to outcome. Causal Effect is zero.
[2026-04-24 05:47:37,762][dowhy.causal_model][INFO] - linear_regression
[2026-04-24 05:47:37,762][dowhy.causal_estimator][INFO] - INFO: Using Linear Regression Estimator
[2026-04-24 05:47:37,762][dowhy.causal_estimator][WARNING] - No directed path from ['X6'] to ['X8'].
[2026-04-24 05:47:37,764][dowhy.causal_model][INFO] - Model to find the causal effect of treatment ['X6'] on outcome ['X9']
[2026-04-24 05:47:37,766][dowhy.causal_identifier.auto_identifier][INFO] - Causal effect can be identified.
[2026-04-24 05:47:37,766][dowhy.causal_identifier.auto_identifier][INFO] - Instrumental variables for treatment and outcome:['X2', 'X5']
[2026-04-24 05:47:37,767][dowhy.causal_identifier.auto_identifier][INFO] - Frontdoor variables for treatment and outcome:[]
[2026-04-24 05:47:37,767][dowhy.causal_model][INFO] - linear_regression
[2026-04-24 05:47:37,767][dowhy.causal_estimator][INFO] - INFO: Using Linear Regression Estimator
[2026-04-24 05:47:37,767][dowhy.causal_estimator][INFO] - b: X9~X6+X3
[2026-04-24 05:47:37,823][dowhy.causal_model][INFO] - Model to find the causal effect of treatment ['X7'] on outcome ['X0']
[2026-04-24 05:47:37,823][dowhy.causal_identifier.auto_identifier][WARNING] - No directed path from treatment to outcome. Causal Effect is zero.
[2026-04-24 05:47:37,823][dowhy.causal_model][INFO] - linear_regression
[2026-04-24 05:47:37,823][dowhy.causal_estimator][INFO] - INFO: Using Linear Regression Estimator
[2026-04-24 05:47:37,823][dowhy.causal_estimator][WARNING] - No directed path from ['X7'] to ['X0'].
[2026-04-24 05:47:37,825][dowhy.causal_model][INFO] - Model to find the causal effect of treatment ['X7'] on outcome ['X1']
[2026-04-24 05:47:37,825][dowhy.causal_identifier.auto_identifier][WARNING] - No directed path from treatment to outcome. Causal Effect is zero.
[2026-04-24 05:47:37,825][dowhy.causal_model][INFO] - linear_regression
[2026-04-24 05:47:37,825][dowhy.causal_estimator][INFO] - INFO: Using Linear Regression Estimator
[2026-04-24 05:47:37,825][dowhy.causal_estimator][WARNING] - No directed path from ['X7'] to ['X1'].
[2026-04-24 05:47:37,827][dowhy.causal_model][INFO] - Model to find the causal effect of treatment ['X7'] on outcome ['X2']
[2026-04-24 05:47:37,827][dowhy.causal_identifier.auto_identifier][WARNING] - No directed path from treatment to outcome. Causal Effect is zero.
[2026-04-24 05:47:37,827][dowhy.causal_model][INFO] - linear_regression
[2026-04-24 05:47:37,827][dowhy.causal_estimator][INFO] - INFO: Using Linear Regression Estimator
[2026-04-24 05:47:37,827][dowhy.causal_estimator][WARNING] - No directed path from ['X7'] to ['X2'].
[2026-04-24 05:47:37,829][dowhy.causal_model][INFO] - Model to find the causal effect of treatment ['X7'] on outcome ['X3']
[2026-04-24 05:47:37,829][dowhy.causal_identifier.auto_identifier][WARNING] - No directed path from treatment to outcome. Causal Effect is zero.
[2026-04-24 05:47:37,829][dowhy.causal_model][INFO] - linear_regression
[2026-04-24 05:47:37,829][dowhy.causal_estimator][INFO] - INFO: Using Linear Regression Estimator
[2026-04-24 05:47:37,829][dowhy.causal_estimator][WARNING] - No directed path from ['X7'] to ['X3'].
[2026-04-24 05:47:37,830][dowhy.causal_model][INFO] - Model to find the causal effect of treatment ['X7'] on outcome ['X4']
[2026-04-24 05:47:37,831][dowhy.causal_identifier.auto_identifier][WARNING] - No directed path from treatment to outcome. Causal Effect is zero.
[2026-04-24 05:47:37,831][dowhy.causal_model][INFO] - linear_regression
[2026-04-24 05:47:37,831][dowhy.causal_estimator][INFO] - INFO: Using Linear Regression Estimator
[2026-04-24 05:47:37,831][dowhy.causal_estimator][WARNING] - No directed path from ['X7'] to ['X4'].
[2026-04-24 05:47:37,832][dowhy.causal_model][INFO] - Model to find the causal effect of treatment ['X7'] on outcome ['X5']
[2026-04-24 05:47:37,832][dowhy.causal_identifier.auto_identifier][WARNING] - No directed path from treatment to outcome. Causal Effect is zero.
[2026-04-24 05:47:37,832][dowhy.causal_model][INFO] - linear_regression
[2026-04-24 05:47:37,832][dowhy.causal_estimator][INFO] - INFO: Using Linear Regression Estimator
[2026-04-24 05:47:37,832][dowhy.causal_estimator][WARNING] - No directed path from ['X7'] to ['X5'].
[2026-04-24 05:47:37,834][dowhy.causal_model][INFO] - Model to find the causal effect of treatment ['X7'] on outcome ['X6']
[2026-04-24 05:47:37,834][dowhy.causal_identifier.auto_identifier][WARNING] - No directed path from treatment to outcome. Causal Effect is zero.
[2026-04-24 05:47:37,834][dowhy.causal_model][INFO] - linear_regression
[2026-04-24 05:47:37,834][dowhy.causal_estimator][INFO] - INFO: Using Linear Regression Estimator
[2026-04-24 05:47:37,834][dowhy.causal_estimator][WARNING] - No directed path from ['X7'] to ['X6'].
[2026-04-24 05:47:37,836][dowhy.causal_model][INFO] - Model to find the causal effect of treatment ['X7'] on outcome ['X8']
[2026-04-24 05:47:37,836][dowhy.causal_identifier.auto_identifier][WARNING] - No directed path from treatment to outcome. Causal Effect is zero.
[2026-04-24 05:47:37,836][dowhy.causal_model][INFO] - linear_regression
[2026-04-24 05:47:37,836][dowhy.causal_estimator][INFO] - INFO: Using Linear Regression Estimator
[2026-04-24 05:47:37,836][dowhy.causal_estimator][WARNING] - No directed path from ['X7'] to ['X8'].
[2026-04-24 05:47:37,838][dowhy.causal_model][INFO] - Model to find the causal effect of treatment ['X7'] on outcome ['X9']
[2026-04-24 05:47:37,838][dowhy.causal_identifier.auto_identifier][WARNING] - No directed path from treatment to outcome. Causal Effect is zero.
[2026-04-24 05:47:37,838][dowhy.causal_model][INFO] - linear_regression
[2026-04-24 05:47:37,838][dowhy.causal_estimator][INFO] - INFO: Using Linear Regression Estimator
[2026-04-24 05:47:37,838][dowhy.causal_estimator][WARNING] - No directed path from ['X7'] to ['X9'].
[2026-04-24 05:47:37,892][dowhy.causal_model][INFO] - Model to find the causal effect of treatment ['X8'] on outcome ['X0']
[2026-04-24 05:47:37,892][dowhy.causal_identifier.auto_identifier][WARNING] - No directed path from treatment to outcome. Causal Effect is zero.
[2026-04-24 05:47:37,892][dowhy.causal_model][INFO] - linear_regression
[2026-04-24 05:47:37,892][dowhy.causal_estimator][INFO] - INFO: Using Linear Regression Estimator
[2026-04-24 05:47:37,892][dowhy.causal_estimator][WARNING] - No directed path from ['X8'] to ['X0'].
[2026-04-24 05:47:37,894][dowhy.causal_model][INFO] - Model to find the causal effect of treatment ['X8'] on outcome ['X1']
[2026-04-24 05:47:37,894][dowhy.causal_identifier.auto_identifier][WARNING] - No directed path from treatment to outcome. Causal Effect is zero.
[2026-04-24 05:47:37,894][dowhy.causal_model][INFO] - linear_regression
[2026-04-24 05:47:37,894][dowhy.causal_estimator][INFO] - INFO: Using Linear Regression Estimator
[2026-04-24 05:47:37,894][dowhy.causal_estimator][WARNING] - No directed path from ['X8'] to ['X1'].
[2026-04-24 05:47:37,896][dowhy.causal_model][INFO] - Model to find the causal effect of treatment ['X8'] on outcome ['X2']
[2026-04-24 05:47:37,896][dowhy.causal_identifier.auto_identifier][WARNING] - No directed path from treatment to outcome. Causal Effect is zero.
[2026-04-24 05:47:37,896][dowhy.causal_model][INFO] - linear_regression
[2026-04-24 05:47:37,896][dowhy.causal_estimator][INFO] - INFO: Using Linear Regression Estimator
[2026-04-24 05:47:37,896][dowhy.causal_estimator][WARNING] - No directed path from ['X8'] to ['X2'].
[2026-04-24 05:47:37,898][dowhy.causal_model][INFO] - Model to find the causal effect of treatment ['X8'] on outcome ['X3']
[2026-04-24 05:47:37,898][dowhy.causal_identifier.auto_identifier][WARNING] - No directed path from treatment to outcome. Causal Effect is zero.
[2026-04-24 05:47:37,898][dowhy.causal_model][INFO] - linear_regression
[2026-04-24 05:47:37,898][dowhy.causal_estimator][INFO] - INFO: Using Linear Regression Estimator
[2026-04-24 05:47:37,898][dowhy.causal_estimator][WARNING] - No directed path from ['X8'] to ['X3'].
[2026-04-24 05:47:37,900][dowhy.causal_model][INFO] - Model to find the causal effect of treatment ['X8'] on outcome ['X4']
[2026-04-24 05:47:37,900][dowhy.causal_identifier.auto_identifier][WARNING] - No directed path from treatment to outcome. Causal Effect is zero.
[2026-04-24 05:47:37,900][dowhy.causal_model][INFO] - linear_regression
[2026-04-24 05:47:37,900][dowhy.causal_estimator][INFO] - INFO: Using Linear Regression Estimator
[2026-04-24 05:47:37,900][dowhy.causal_estimator][WARNING] - No directed path from ['X8'] to ['X4'].
[2026-04-24 05:47:37,901][dowhy.causal_model][INFO] - Model to find the causal effect of treatment ['X8'] on outcome ['X5']
[2026-04-24 05:47:37,901][dowhy.causal_identifier.auto_identifier][WARNING] - No directed path from treatment to outcome. Causal Effect is zero.
[2026-04-24 05:47:37,901][dowhy.causal_model][INFO] - linear_regression
[2026-04-24 05:47:37,902][dowhy.causal_estimator][INFO] - INFO: Using Linear Regression Estimator
[2026-04-24 05:47:37,902][dowhy.causal_estimator][WARNING] - No directed path from ['X8'] to ['X5'].
[2026-04-24 05:47:37,903][dowhy.causal_model][INFO] - Model to find the causal effect of treatment ['X8'] on outcome ['X6']
[2026-04-24 05:47:37,903][dowhy.causal_identifier.auto_identifier][WARNING] - No directed path from treatment to outcome. Causal Effect is zero.
[2026-04-24 05:47:37,903][dowhy.causal_model][INFO] - linear_regression
[2026-04-24 05:47:37,903][dowhy.causal_estimator][INFO] - INFO: Using Linear Regression Estimator
[2026-04-24 05:47:37,904][dowhy.causal_estimator][WARNING] - No directed path from ['X8'] to ['X6'].
[2026-04-24 05:47:37,905][dowhy.causal_model][INFO] - Model to find the causal effect of treatment ['X8'] on outcome ['X7']
[2026-04-24 05:47:37,906][dowhy.causal_identifier.auto_identifier][WARNING] - No directed path from treatment to outcome. Causal Effect is zero.
[2026-04-24 05:47:37,906][dowhy.causal_model][INFO] - linear_regression
[2026-04-24 05:47:37,906][dowhy.causal_estimator][INFO] - INFO: Using Linear Regression Estimator
[2026-04-24 05:47:37,906][dowhy.causal_estimator][WARNING] - No directed path from ['X8'] to ['X7'].
[2026-04-24 05:47:37,907][dowhy.causal_model][INFO] - Model to find the causal effect of treatment ['X8'] on outcome ['X9']
[2026-04-24 05:47:37,908][dowhy.causal_identifier.auto_identifier][WARNING] - No directed path from treatment to outcome. Causal Effect is zero.
[2026-04-24 05:47:37,908][dowhy.causal_model][INFO] - linear_regression
[2026-04-24 05:47:37,908][dowhy.causal_estimator][INFO] - INFO: Using Linear Regression Estimator
[2026-04-24 05:47:37,908][dowhy.causal_estimator][WARNING] - No directed path from ['X8'] to ['X9'].
[2026-04-24 05:47:37,966][dowhy.causal_model][INFO] - Model to find the causal effect of treatment ['X9'] on outcome ['X0']
[2026-04-24 05:47:37,966][dowhy.causal_identifier.auto_identifier][WARNING] - No directed path from treatment to outcome. Causal Effect is zero.
[2026-04-24 05:47:37,966][dowhy.causal_model][INFO] - linear_regression
[2026-04-24 05:47:37,966][dowhy.causal_estimator][INFO] - INFO: Using Linear Regression Estimator
[2026-04-24 05:47:37,966][dowhy.causal_estimator][WARNING] - No directed path from ['X9'] to ['X0'].
[2026-04-24 05:47:37,968][dowhy.causal_model][INFO] - Model to find the causal effect of treatment ['X9'] on outcome ['X1']
[2026-04-24 05:47:37,968][dowhy.causal_identifier.auto_identifier][WARNING] - No directed path from treatment to outcome. Causal Effect is zero.
[2026-04-24 05:47:37,968][dowhy.causal_model][INFO] - linear_regression
[2026-04-24 05:47:37,968][dowhy.causal_estimator][INFO] - INFO: Using Linear Regression Estimator
[2026-04-24 05:47:37,968][dowhy.causal_estimator][WARNING] - No directed path from ['X9'] to ['X1'].
[2026-04-24 05:47:37,970][dowhy.causal_model][INFO] - Model to find the causal effect of treatment ['X9'] on outcome ['X2']
[2026-04-24 05:47:37,970][dowhy.causal_identifier.auto_identifier][WARNING] - No directed path from treatment to outcome. Causal Effect is zero.
[2026-04-24 05:47:37,970][dowhy.causal_model][INFO] - linear_regression
[2026-04-24 05:47:37,970][dowhy.causal_estimator][INFO] - INFO: Using Linear Regression Estimator
[2026-04-24 05:47:37,970][dowhy.causal_estimator][WARNING] - No directed path from ['X9'] to ['X2'].
[2026-04-24 05:47:37,972][dowhy.causal_model][INFO] - Model to find the causal effect of treatment ['X9'] on outcome ['X3']
[2026-04-24 05:47:37,972][dowhy.causal_identifier.auto_identifier][WARNING] - No directed path from treatment to outcome. Causal Effect is zero.
[2026-04-24 05:47:37,972][dowhy.causal_model][INFO] - linear_regression
[2026-04-24 05:47:37,972][dowhy.causal_estimator][INFO] - INFO: Using Linear Regression Estimator
[2026-04-24 05:47:37,972][dowhy.causal_estimator][WARNING] - No directed path from ['X9'] to ['X3'].
[2026-04-24 05:47:37,974][dowhy.causal_model][INFO] - Model to find the causal effect of treatment ['X9'] on outcome ['X4']
[2026-04-24 05:47:37,974][dowhy.causal_identifier.auto_identifier][WARNING] - No directed path from treatment to outcome. Causal Effect is zero.
[2026-04-24 05:47:37,974][dowhy.causal_model][INFO] - linear_regression
[2026-04-24 05:47:37,974][dowhy.causal_estimator][INFO] - INFO: Using Linear Regression Estimator
[2026-04-24 05:47:37,974][dowhy.causal_estimator][WARNING] - No directed path from ['X9'] to ['X4'].
[2026-04-24 05:47:37,976][dowhy.causal_model][INFO] - Model to find the causal effect of treatment ['X9'] on outcome ['X5']
[2026-04-24 05:47:37,976][dowhy.causal_identifier.auto_identifier][WARNING] - No directed path from treatment to outcome. Causal Effect is zero.
[2026-04-24 05:47:37,976][dowhy.causal_model][INFO] - linear_regression
[2026-04-24 05:47:37,976][dowhy.causal_estimator][INFO] - INFO: Using Linear Regression Estimator
[2026-04-24 05:47:37,976][dowhy.causal_estimator][WARNING] - No directed path from ['X9'] to ['X5'].
[2026-04-24 05:47:37,977][dowhy.causal_model][INFO] - Model to find the causal effect of treatment ['X9'] on outcome ['X6']
[2026-04-24 05:47:37,977][dowhy.causal_identifier.auto_identifier][WARNING] - No directed path from treatment to outcome. Causal Effect is zero.
[2026-04-24 05:47:37,978][dowhy.causal_model][INFO] - linear_regression
[2026-04-24 05:47:37,978][dowhy.causal_estimator][INFO] - INFO: Using Linear Regression Estimator
[2026-04-24 05:47:37,978][dowhy.causal_estimator][WARNING] - No directed path from ['X9'] to ['X6'].
[2026-04-24 05:47:37,979][dowhy.causal_model][INFO] - Model to find the causal effect of treatment ['X9'] on outcome ['X7']
[2026-04-24 05:47:37,979][dowhy.causal_identifier.auto_identifier][WARNING] - No directed path from treatment to outcome. Causal Effect is zero.
[2026-04-24 05:47:37,979][dowhy.causal_model][INFO] - linear_regression
[2026-04-24 05:47:37,979][dowhy.causal_estimator][INFO] - INFO: Using Linear Regression Estimator
[2026-04-24 05:47:37,979][dowhy.causal_estimator][WARNING] - No directed path from ['X9'] to ['X7'].
[2026-04-24 05:47:37,981][dowhy.causal_model][INFO] - Model to find the causal effect of treatment ['X9'] on outcome ['X8']
[2026-04-24 05:47:37,981][dowhy.causal_identifier.auto_identifier][WARNING] - No directed path from treatment to outcome. Causal Effect is zero.
[2026-04-24 05:47:37,981][dowhy.causal_model][INFO] - linear_regression
[2026-04-24 05:47:37,981][dowhy.causal_estimator][INFO] - INFO: Using Linear Regression Estimator
[2026-04-24 05:47:37,981][dowhy.causal_estimator][WARNING] - No directed path from ['X9'] to ['X8'].
[2026-04-24 05:47:38,059][dowhy.causal_model][INFO] - Model to find the causal effect of treatment ['X0'] on outcome ['X1']
[2026-04-24 05:47:38,059][dowhy.causal_identifier.auto_identifier][WARNING] - No directed path from treatment to outcome. Causal Effect is zero.
[2026-04-24 05:47:38,060][dowhy.causal_model][INFO] - linear_regression
[2026-04-24 05:47:38,060][dowhy.causal_estimator][INFO] - INFO: Using Linear Regression Estimator
[2026-04-24 05:47:38,060][dowhy.causal_estimator][WARNING] - No directed path from ['X0'] to ['X1'].
[2026-04-24 05:47:38,061][dowhy.causal_model][INFO] - Model to find the causal effect of treatment ['X0'] on outcome ['X2']
[2026-04-24 05:47:38,061][dowhy.causal_identifier.auto_identifier][WARNING] - No directed path from treatment to outcome. Causal Effect is zero.
[2026-04-24 05:47:38,062][dowhy.causal_model][INFO] - linear_regression
[2026-04-24 05:47:38,062][dowhy.causal_estimator][INFO] - INFO: Using Linear Regression Estimator
[2026-04-24 05:47:38,062][dowhy.causal_estimator][WARNING] - No directed path from ['X0'] to ['X2'].
[2026-04-24 05:47:38,063][dowhy.causal_model][INFO] - Model to find the causal effect of treatment ['X0'] on outcome ['X3']
[2026-04-24 05:47:38,063][dowhy.causal_identifier.auto_identifier][WARNING] - No directed path from treatment to outcome. Causal Effect is zero.
[2026-04-24 05:47:38,063][dowhy.causal_model][INFO] - linear_regression
[2026-04-24 05:47:38,064][dowhy.causal_estimator][INFO] - INFO: Using Linear Regression Estimator
[2026-04-24 05:47:38,064][dowhy.causal_estimator][WARNING] - No directed path from ['X0'] to ['X3'].
[2026-04-24 05:47:38,065][dowhy.causal_model][INFO] - Model to find the causal effect of treatment ['X0'] on outcome ['X4']
[2026-04-24 05:47:38,066][dowhy.causal_identifier.auto_identifier][INFO] - Causal effect can be identified.
[2026-04-24 05:47:38,067][dowhy.causal_identifier.auto_identifier][INFO] - Instrumental variables for treatment and outcome:[]
[2026-04-24 05:47:38,067][dowhy.causal_identifier.auto_identifier][INFO] - Frontdoor variables for treatment and outcome:[]
[2026-04-24 05:47:38,067][dowhy.causal_model][INFO] - linear_regression
[2026-04-24 05:47:38,067][dowhy.causal_estimator][INFO] - INFO: Using Linear Regression Estimator
[2026-04-24 05:47:38,067][dowhy.causal_estimator][INFO] - b: X4~X0+X0*X1
[2026-04-24 05:47:38,075][dowhy.causal_model][INFO] - Model to find the causal effect of treatment ['X0'] on outcome ['X5']
[2026-04-24 05:47:38,076][dowhy.causal_identifier.auto_identifier][INFO] - Causal effect can be identified.
[2026-04-24 05:47:38,076][dowhy.causal_identifier.auto_identifier][INFO] - Instrumental variables for treatment and outcome:[]
[2026-04-24 05:47:38,076][dowhy.causal_identifier.auto_identifier][INFO] - Frontdoor variables for treatment and outcome:[]
[2026-04-24 05:47:38,076][dowhy.causal_model][INFO] - linear_regression
[2026-04-24 05:47:38,076][dowhy.causal_estimator][INFO] - INFO: Using Linear Regression Estimator
[2026-04-24 05:47:38,077][dowhy.causal_estimator][INFO] - b: X5~X0+X0*X1
[2026-04-24 05:47:38,084][dowhy.causal_model][INFO] - Model to find the causal effect of treatment ['X0'] on outcome ['X6']
[2026-04-24 05:47:38,085][dowhy.causal_identifier.auto_identifier][INFO] - Causal effect can be identified.
[2026-04-24 05:47:38,086][dowhy.causal_identifier.auto_identifier][INFO] - Instrumental variables for treatment and outcome:[]
[2026-04-24 05:47:38,088][dowhy.causal_identifier.auto_identifier][INFO] - Frontdoor variables for treatment and outcome:['X7', 'X5', 'X4']
[2026-04-24 05:47:38,089][dowhy.causal_identifier.auto_identifier][INFO] - Causal effect can be identified.
[2026-04-24 05:47:38,091][dowhy.causal_identifier.auto_identifier][INFO] - Causal effect can be identified.
[2026-04-24 05:47:38,092][dowhy.causal_model][INFO] - linear_regression
[2026-04-24 05:47:38,092][dowhy.causal_estimator][INFO] - INFO: Using Linear Regression Estimator
[2026-04-24 05:47:38,092][dowhy.causal_estimator][INFO] - b: X6~X0+X0*X2+X0*X3+X0*X1
[2026-04-24 05:47:38,099][dowhy.causal_model][INFO] - Model to find the causal effect of treatment ['X0'] on outcome ['X7']
[2026-04-24 05:47:38,100][dowhy.causal_identifier.auto_identifier][INFO] - Causal effect can be identified.
[2026-04-24 05:47:38,101][dowhy.causal_identifier.auto_identifier][INFO] - Instrumental variables for treatment and outcome:[]
[2026-04-24 05:47:38,103][dowhy.causal_identifier.auto_identifier][INFO] - Frontdoor variables for treatment and outcome:[]
[2026-04-24 05:47:38,104][dowhy.causal_model][INFO] - linear_regression
[2026-04-24 05:47:38,104][dowhy.causal_estimator][INFO] - INFO: Using Linear Regression Estimator
[2026-04-24 05:47:38,104][dowhy.causal_estimator][INFO] - b: X7~X0+X0*X1
[2026-04-24 05:47:38,112][dowhy.causal_model][INFO] - Model to find the causal effect of treatment ['X0'] on outcome ['X8']
[2026-04-24 05:47:38,113][dowhy.causal_identifier.auto_identifier][INFO] - Causal effect can be identified.
[2026-04-24 05:47:38,113][dowhy.causal_identifier.auto_identifier][INFO] - Instrumental variables for treatment and outcome:[]
[2026-04-24 05:47:38,118][dowhy.causal_identifier.auto_identifier][INFO] - Frontdoor variables for treatment and outcome:['X5', 'X4', 'X7']
[2026-04-24 05:47:38,120][dowhy.causal_identifier.auto_identifier][INFO] - Causal effect can be identified.
[2026-04-24 05:47:38,121][dowhy.causal_identifier.auto_identifier][INFO] - Causal effect can be identified.
[2026-04-24 05:47:38,122][dowhy.causal_model][INFO] - linear_regression
[2026-04-24 05:47:38,122][dowhy.causal_estimator][INFO] - INFO: Using Linear Regression Estimator
[2026-04-24 05:47:38,122][dowhy.causal_estimator][INFO] - b: X8~X0+X0*X2+X0*X1
[2026-04-24 05:47:38,130][dowhy.causal_model][INFO] - Model to find the causal effect of treatment ['X0'] on outcome ['X9']
[2026-04-24 05:47:38,131][dowhy.causal_identifier.auto_identifier][INFO] - Causal effect can be identified.
[2026-04-24 05:47:38,132][dowhy.causal_identifier.auto_identifier][INFO] - Instrumental variables for treatment and outcome:[]
[2026-04-24 05:47:38,138][dowhy.causal_identifier.auto_identifier][INFO] - Frontdoor variables for treatment and outcome:['X5', 'X4', 'X7']
[2026-04-24 05:47:38,139][dowhy.causal_identifier.auto_identifier][INFO] - Causal effect can be identified.
[2026-04-24 05:47:38,141][dowhy.causal_identifier.auto_identifier][INFO] - Causal effect can be identified.
[2026-04-24 05:47:38,142][dowhy.causal_model][INFO] - linear_regression
[2026-04-24 05:47:38,142][dowhy.causal_estimator][INFO] - INFO: Using Linear Regression Estimator
[2026-04-24 05:47:38,142][dowhy.causal_estimator][INFO] - b: X9~X0+X0*X2+X0*X3+X0*X1
[2026-04-24 05:47:38,209][dowhy.causal_model][INFO] - Model to find the causal effect of treatment ['X1'] on outcome ['X0']
[2026-04-24 05:47:38,209][dowhy.causal_identifier.auto_identifier][WARNING] - No directed path from treatment to outcome. Causal Effect is zero.
[2026-04-24 05:47:38,209][dowhy.causal_model][INFO] - linear_regression
[2026-04-24 05:47:38,209][dowhy.causal_estimator][INFO] - INFO: Using Linear Regression Estimator
[2026-04-24 05:47:38,209][dowhy.causal_estimator][WARNING] - No directed path from ['X1'] to ['X0'].
[2026-04-24 05:47:38,211][dowhy.causal_model][INFO] - Model to find the causal effect of treatment ['X1'] on outcome ['X2']
[2026-04-24 05:47:38,211][dowhy.causal_identifier.auto_identifier][WARNING] - No directed path from treatment to outcome. Causal Effect is zero.
[2026-04-24 05:47:38,211][dowhy.causal_model][INFO] - linear_regression
[2026-04-24 05:47:38,211][dowhy.causal_estimator][INFO] - INFO: Using Linear Regression Estimator
[2026-04-24 05:47:38,211][dowhy.causal_estimator][WARNING] - No directed path from ['X1'] to ['X2'].
[2026-04-24 05:47:38,213][dowhy.causal_model][INFO] - Model to find the causal effect of treatment ['X1'] on outcome ['X3']
[2026-04-24 05:47:38,213][dowhy.causal_identifier.auto_identifier][WARNING] - No directed path from treatment to outcome. Causal Effect is zero.
[2026-04-24 05:47:38,213][dowhy.causal_model][INFO] - linear_regression
[2026-04-24 05:47:38,213][dowhy.causal_estimator][INFO] - INFO: Using Linear Regression Estimator
[2026-04-24 05:47:38,213][dowhy.causal_estimator][WARNING] - No directed path from ['X1'] to ['X3'].
[2026-04-24 05:47:38,215][dowhy.causal_model][INFO] - Model to find the causal effect of treatment ['X1'] on outcome ['X4']
[2026-04-24 05:47:38,215][dowhy.causal_identifier.auto_identifier][INFO] - Causal effect can be identified.
[2026-04-24 05:47:38,216][dowhy.causal_identifier.auto_identifier][INFO] - Instrumental variables for treatment and outcome:[]
[2026-04-24 05:47:38,216][dowhy.causal_identifier.auto_identifier][INFO] - Frontdoor variables for treatment and outcome:[]
[2026-04-24 05:47:38,216][dowhy.causal_model][INFO] - linear_regression
[2026-04-24 05:47:38,216][dowhy.causal_estimator][INFO] - INFO: Using Linear Regression Estimator
[2026-04-24 05:47:38,216][dowhy.causal_estimator][INFO] - b: X4~X1+X1*X0
[2026-04-24 05:47:38,224][dowhy.causal_model][INFO] - Model to find the causal effect of treatment ['X1'] on outcome ['X5']
[2026-04-24 05:47:38,225][dowhy.causal_identifier.auto_identifier][INFO] - Causal effect can be identified.
[2026-04-24 05:47:38,226][dowhy.causal_identifier.auto_identifier][INFO] - Instrumental variables for treatment and outcome:[]
[2026-04-24 05:47:38,226][dowhy.causal_identifier.auto_identifier][INFO] - Frontdoor variables for treatment and outcome:[]
[2026-04-24 05:47:38,226][dowhy.causal_model][INFO] - linear_regression
[2026-04-24 05:47:38,226][dowhy.causal_estimator][INFO] - INFO: Using Linear Regression Estimator
[2026-04-24 05:47:38,226][dowhy.causal_estimator][INFO] - b: X5~X1+X1*X0
[2026-04-24 05:47:38,234][dowhy.causal_model][INFO] - Model to find the causal effect of treatment ['X1'] on outcome ['X6']
[2026-04-24 05:47:38,235][dowhy.causal_identifier.auto_identifier][INFO] - Causal effect can be identified.
[2026-04-24 05:47:38,235][dowhy.causal_identifier.auto_identifier][INFO] - Instrumental variables for treatment and outcome:[]
[2026-04-24 05:47:38,238][dowhy.causal_identifier.auto_identifier][INFO] - Frontdoor variables for treatment and outcome:['X7', 'X5', 'X4']
[2026-04-24 05:47:38,239][dowhy.causal_identifier.auto_identifier][INFO] - Causal effect can be identified.
[2026-04-24 05:47:38,241][dowhy.causal_identifier.auto_identifier][INFO] - Causal effect can be identified.
[2026-04-24 05:47:38,241][dowhy.causal_model][INFO] - linear_regression
[2026-04-24 05:47:38,241][dowhy.causal_estimator][INFO] - INFO: Using Linear Regression Estimator
[2026-04-24 05:47:38,242][dowhy.causal_estimator][INFO] - b: X6~X1+X1*X2+X1*X3+X1*X0
[2026-04-24 05:47:38,249][dowhy.causal_model][INFO] - Model to find the causal effect of treatment ['X1'] on outcome ['X7']
[2026-04-24 05:47:38,250][dowhy.causal_identifier.auto_identifier][INFO] - Causal effect can be identified.
[2026-04-24 05:47:38,250][dowhy.causal_identifier.auto_identifier][INFO] - Instrumental variables for treatment and outcome:[]
[2026-04-24 05:47:38,253][dowhy.causal_identifier.auto_identifier][INFO] - Frontdoor variables for treatment and outcome:[]
[2026-04-24 05:47:38,253][dowhy.causal_model][INFO] - linear_regression
[2026-04-24 05:47:38,253][dowhy.causal_estimator][INFO] - INFO: Using Linear Regression Estimator
[2026-04-24 05:47:38,253][dowhy.causal_estimator][INFO] - b: X7~X1+X1*X0
[2026-04-24 05:47:38,261][dowhy.causal_model][INFO] - Model to find the causal effect of treatment ['X1'] on outcome ['X8']
[2026-04-24 05:47:38,262][dowhy.causal_identifier.auto_identifier][INFO] - Causal effect can be identified.
[2026-04-24 05:47:38,263][dowhy.causal_identifier.auto_identifier][INFO] - Instrumental variables for treatment and outcome:[]
[2026-04-24 05:47:38,267][dowhy.causal_identifier.auto_identifier][INFO] - Frontdoor variables for treatment and outcome:['X5', 'X4', 'X7']
[2026-04-24 05:47:38,268][dowhy.causal_identifier.auto_identifier][INFO] - Causal effect can be identified.
[2026-04-24 05:47:38,270][dowhy.causal_identifier.auto_identifier][INFO] - Causal effect can be identified.
[2026-04-24 05:47:38,270][dowhy.causal_model][INFO] - linear_regression
[2026-04-24 05:47:38,271][dowhy.causal_estimator][INFO] - INFO: Using Linear Regression Estimator
[2026-04-24 05:47:38,271][dowhy.causal_estimator][INFO] - b: X8~X1+X1*X2+X1*X0
[2026-04-24 05:47:38,278][dowhy.causal_model][INFO] - Model to find the causal effect of treatment ['X1'] on outcome ['X9']
[2026-04-24 05:47:38,279][dowhy.causal_identifier.auto_identifier][INFO] - Causal effect can be identified.
[2026-04-24 05:47:38,279][dowhy.causal_identifier.auto_identifier][INFO] - Instrumental variables for treatment and outcome:[]
[2026-04-24 05:47:38,285][dowhy.causal_identifier.auto_identifier][INFO] - Frontdoor variables for treatment and outcome:['X5', 'X4', 'X7']
[2026-04-24 05:47:38,286][dowhy.causal_identifier.auto_identifier][INFO] - Causal effect can be identified.
[2026-04-24 05:47:38,288][dowhy.causal_identifier.auto_identifier][INFO] - Causal effect can be identified.
[2026-04-24 05:47:38,289][dowhy.causal_model][INFO] - linear_regression
[2026-04-24 05:47:38,289][dowhy.causal_estimator][INFO] - INFO: Using Linear Regression Estimator
[2026-04-24 05:47:38,289][dowhy.causal_estimator][INFO] - b: X9~X1+X1*X2+X1*X3+X1*X0
[2026-04-24 05:47:38,353][dowhy.causal_model][INFO] - Model to find the causal effect of treatment ['X2'] on outcome ['X0']
[2026-04-24 05:47:38,353][dowhy.causal_identifier.auto_identifier][WARNING] - No directed path from treatment to outcome. Causal Effect is zero.
[2026-04-24 05:47:38,353][dowhy.causal_model][INFO] - linear_regression
[2026-04-24 05:47:38,353][dowhy.causal_estimator][INFO] - INFO: Using Linear Regression Estimator
[2026-04-24 05:47:38,353][dowhy.causal_estimator][WARNING] - No directed path from ['X2'] to ['X0'].
[2026-04-24 05:47:38,355][dowhy.causal_model][INFO] - Model to find the causal effect of treatment ['X2'] on outcome ['X1']
[2026-04-24 05:47:38,355][dowhy.causal_identifier.auto_identifier][WARNING] - No directed path from treatment to outcome. Causal Effect is zero.
[2026-04-24 05:47:38,355][dowhy.causal_model][INFO] - linear_regression
[2026-04-24 05:47:38,355][dowhy.causal_estimator][INFO] - INFO: Using Linear Regression Estimator
[2026-04-24 05:47:38,355][dowhy.causal_estimator][WARNING] - No directed path from ['X2'] to ['X1'].
[2026-04-24 05:47:38,357][dowhy.causal_model][INFO] - Model to find the causal effect of treatment ['X2'] on outcome ['X3']
[2026-04-24 05:47:38,357][dowhy.causal_identifier.auto_identifier][WARNING] - No directed path from treatment to outcome. Causal Effect is zero.
[2026-04-24 05:47:38,357][dowhy.causal_model][INFO] - linear_regression
[2026-04-24 05:47:38,357][dowhy.causal_estimator][INFO] - INFO: Using Linear Regression Estimator
[2026-04-24 05:47:38,357][dowhy.causal_estimator][WARNING] - No directed path from ['X2'] to ['X3'].
[2026-04-24 05:47:38,359][dowhy.causal_model][INFO] - Model to find the causal effect of treatment ['X2'] on outcome ['X4']
[2026-04-24 05:47:38,359][dowhy.causal_identifier.auto_identifier][WARNING] - No directed path from treatment to outcome. Causal Effect is zero.
[2026-04-24 05:47:38,359][dowhy.causal_model][INFO] - linear_regression
[2026-04-24 05:47:38,359][dowhy.causal_estimator][INFO] - INFO: Using Linear Regression Estimator
[2026-04-24 05:47:38,359][dowhy.causal_estimator][WARNING] - No directed path from ['X2'] to ['X4'].
[2026-04-24 05:47:38,361][dowhy.causal_model][INFO] - Model to find the causal effect of treatment ['X2'] on outcome ['X5']
[2026-04-24 05:47:38,361][dowhy.causal_identifier.auto_identifier][WARNING] - No directed path from treatment to outcome. Causal Effect is zero.
[2026-04-24 05:47:38,361][dowhy.causal_model][INFO] - linear_regression
[2026-04-24 05:47:38,361][dowhy.causal_estimator][INFO] - INFO: Using Linear Regression Estimator
[2026-04-24 05:47:38,361][dowhy.causal_estimator][WARNING] - No directed path from ['X2'] to ['X5'].
[2026-04-24 05:47:38,363][dowhy.causal_model][INFO] - Model to find the causal effect of treatment ['X2'] on outcome ['X6']
[2026-04-24 05:47:38,365][dowhy.causal_identifier.auto_identifier][INFO] - Causal effect can be identified.
[2026-04-24 05:47:38,366][dowhy.causal_identifier.auto_identifier][INFO] - Instrumental variables for treatment and outcome:[]
[2026-04-24 05:47:38,366][dowhy.causal_identifier.auto_identifier][INFO] - Frontdoor variables for treatment and outcome:[]
[2026-04-24 05:47:38,366][dowhy.causal_model][INFO] - linear_regression
[2026-04-24 05:47:38,366][dowhy.causal_estimator][INFO] - INFO: Using Linear Regression Estimator
[2026-04-24 05:47:38,366][dowhy.causal_estimator][INFO] - b: X6~X2+X2*X5+X2*X4+X2*X1+X2*X3+X2*X0
[2026-04-24 05:47:38,375][dowhy.causal_model][INFO] - Model to find the causal effect of treatment ['X2'] on outcome ['X7']
[2026-04-24 05:47:38,375][dowhy.causal_identifier.auto_identifier][WARNING] - No directed path from treatment to outcome. Causal Effect is zero.
[2026-04-24 05:47:38,375][dowhy.causal_model][INFO] - linear_regression
[2026-04-24 05:47:38,375][dowhy.causal_estimator][INFO] - INFO: Using Linear Regression Estimator
[2026-04-24 05:47:38,375][dowhy.causal_estimator][WARNING] - No directed path from ['X2'] to ['X7'].
[2026-04-24 05:47:38,377][dowhy.causal_model][INFO] - Model to find the causal effect of treatment ['X2'] on outcome ['X8']
[2026-04-24 05:47:38,379][dowhy.causal_identifier.auto_identifier][INFO] - Causal effect can be identified.
[2026-04-24 05:47:38,380][dowhy.causal_identifier.auto_identifier][INFO] - Instrumental variables for treatment and outcome:[]
[2026-04-24 05:47:38,380][dowhy.causal_identifier.auto_identifier][INFO] - Frontdoor variables for treatment and outcome:[]
[2026-04-24 05:47:38,380][dowhy.causal_model][INFO] - linear_regression
[2026-04-24 05:47:38,380][dowhy.causal_estimator][INFO] - INFO: Using Linear Regression Estimator
[2026-04-24 05:47:38,381][dowhy.causal_estimator][INFO] - b: X8~X2+X2*X0+X2*X5+X2*X4+X2*X1
[2026-04-24 05:47:38,390][dowhy.causal_model][INFO] - Model to find the causal effect of treatment ['X2'] on outcome ['X9']
[2026-04-24 05:47:38,392][dowhy.causal_identifier.auto_identifier][INFO] - Causal effect can be identified.
[2026-04-24 05:47:38,393][dowhy.causal_identifier.auto_identifier][INFO] - Instrumental variables for treatment and outcome:[]
[2026-04-24 05:47:38,393][dowhy.causal_identifier.auto_identifier][INFO] - Frontdoor variables for treatment and outcome:[]
[2026-04-24 05:47:38,393][dowhy.causal_model][INFO] - linear_regression
[2026-04-24 05:47:38,393][dowhy.causal_estimator][INFO] - INFO: Using Linear Regression Estimator
[2026-04-24 05:47:38,394][dowhy.causal_estimator][INFO] - b: X9~X2+X2*X5+X2*X4+X2*X1+X2*X3+X2*X0
[2026-04-24 05:47:38,453][dowhy.causal_model][INFO] - Model to find the causal effect of treatment ['X3'] on outcome ['X0']
[2026-04-24 05:47:38,453][dowhy.causal_identifier.auto_identifier][WARNING] - No directed path from treatment to outcome. Causal Effect is zero.
[2026-04-24 05:47:38,453][dowhy.causal_model][INFO] - linear_regression
[2026-04-24 05:47:38,453][dowhy.causal_estimator][INFO] - INFO: Using Linear Regression Estimator
[2026-04-24 05:47:38,453][dowhy.causal_estimator][WARNING] - No directed path from ['X3'] to ['X0'].
[2026-04-24 05:47:38,455][dowhy.causal_model][INFO] - Model to find the causal effect of treatment ['X3'] on outcome ['X1']
[2026-04-24 05:47:38,455][dowhy.causal_identifier.auto_identifier][WARNING] - No directed path from treatment to outcome. Causal Effect is zero.
[2026-04-24 05:47:38,455][dowhy.causal_model][INFO] - linear_regression
[2026-04-24 05:47:38,455][dowhy.causal_estimator][INFO] - INFO: Using Linear Regression Estimator
[2026-04-24 05:47:38,455][dowhy.causal_estimator][WARNING] - No directed path from ['X3'] to ['X1'].
[2026-04-24 05:47:38,457][dowhy.causal_model][INFO] - Model to find the causal effect of treatment ['X3'] on outcome ['X2']
[2026-04-24 05:47:38,457][dowhy.causal_identifier.auto_identifier][WARNING] - No directed path from treatment to outcome. Causal Effect is zero.
[2026-04-24 05:47:38,457][dowhy.causal_model][INFO] - linear_regression
[2026-04-24 05:47:38,457][dowhy.causal_estimator][INFO] - INFO: Using Linear Regression Estimator
[2026-04-24 05:47:38,457][dowhy.causal_estimator][WARNING] - No directed path from ['X3'] to ['X2'].
[2026-04-24 05:47:38,459][dowhy.causal_model][INFO] - Model to find the causal effect of treatment ['X3'] on outcome ['X4']
[2026-04-24 05:47:38,459][dowhy.causal_identifier.auto_identifier][WARNING] - No directed path from treatment to outcome. Causal Effect is zero.
[2026-04-24 05:47:38,459][dowhy.causal_model][INFO] - linear_regression
[2026-04-24 05:47:38,459][dowhy.causal_estimator][INFO] - INFO: Using Linear Regression Estimator
[2026-04-24 05:47:38,459][dowhy.causal_estimator][WARNING] - No directed path from ['X3'] to ['X4'].
[2026-04-24 05:47:38,460][dowhy.causal_model][INFO] - Model to find the causal effect of treatment ['X3'] on outcome ['X5']
[2026-04-24 05:47:38,460][dowhy.causal_identifier.auto_identifier][WARNING] - No directed path from treatment to outcome. Causal Effect is zero.
[2026-04-24 05:47:38,461][dowhy.causal_model][INFO] - linear_regression
[2026-04-24 05:47:38,461][dowhy.causal_estimator][INFO] - INFO: Using Linear Regression Estimator
[2026-04-24 05:47:38,461][dowhy.causal_estimator][WARNING] - No directed path from ['X3'] to ['X5'].
[2026-04-24 05:47:38,462][dowhy.causal_model][INFO] - Model to find the causal effect of treatment ['X3'] on outcome ['X6']
[2026-04-24 05:47:38,464][dowhy.causal_identifier.auto_identifier][INFO] - Causal effect can be identified.
[2026-04-24 05:47:38,465][dowhy.causal_identifier.auto_identifier][INFO] - Instrumental variables for treatment and outcome:[]
[2026-04-24 05:47:38,465][dowhy.causal_identifier.auto_identifier][INFO] - Frontdoor variables for treatment and outcome:[]
[2026-04-24 05:47:38,465][dowhy.causal_model][INFO] - linear_regression
[2026-04-24 05:47:38,465][dowhy.causal_estimator][INFO] - INFO: Using Linear Regression Estimator
[2026-04-24 05:47:38,466][dowhy.causal_estimator][INFO] - b: X6~X3+X3*X5+X3*X4+X3*X1+X3*X2+X3*X0
[2026-04-24 05:47:38,474][dowhy.causal_model][INFO] - Model to find the causal effect of treatment ['X3'] on outcome ['X7']
[2026-04-24 05:47:38,474][dowhy.causal_identifier.auto_identifier][WARNING] - No directed path from treatment to outcome. Causal Effect is zero.
[2026-04-24 05:47:38,474][dowhy.causal_model][INFO] - linear_regression
[2026-04-24 05:47:38,474][dowhy.causal_estimator][INFO] - INFO: Using Linear Regression Estimator
[2026-04-24 05:47:38,474][dowhy.causal_estimator][WARNING] - No directed path from ['X3'] to ['X7'].
[2026-04-24 05:47:38,476][dowhy.causal_model][INFO] - Model to find the causal effect of treatment ['X3'] on outcome ['X8']
[2026-04-24 05:47:38,476][dowhy.causal_identifier.auto_identifier][WARNING] - No directed path from treatment to outcome. Causal Effect is zero.
[2026-04-24 05:47:38,476][dowhy.causal_model][INFO] - linear_regression
[2026-04-24 05:47:38,476][dowhy.causal_estimator][INFO] - INFO: Using Linear Regression Estimator
[2026-04-24 05:47:38,476][dowhy.causal_estimator][WARNING] - No directed path from ['X3'] to ['X8'].
[2026-04-24 05:47:38,478][dowhy.causal_model][INFO] - Model to find the causal effect of treatment ['X3'] on outcome ['X9']
[2026-04-24 05:47:38,480][dowhy.causal_identifier.auto_identifier][INFO] - Causal effect can be identified.
[2026-04-24 05:47:38,480][dowhy.causal_identifier.auto_identifier][INFO] - Instrumental variables for treatment and outcome:[]
[2026-04-24 05:47:38,481][dowhy.causal_identifier.auto_identifier][INFO] - Frontdoor variables for treatment and outcome:[]
[2026-04-24 05:47:38,481][dowhy.causal_model][INFO] - linear_regression
[2026-04-24 05:47:38,481][dowhy.causal_estimator][INFO] - INFO: Using Linear Regression Estimator
[2026-04-24 05:47:38,481][dowhy.causal_estimator][INFO] - b: X9~X3+X3*X5+X3*X4+X3*X1+X3*X2+X3*X0
[2026-04-24 05:47:38,538][dowhy.causal_model][INFO] - Model to find the causal effect of treatment ['X4'] on outcome ['X0']
[2026-04-24 05:47:38,538][dowhy.causal_identifier.auto_identifier][WARNING] - No directed path from treatment to outcome. Causal Effect is zero.
[2026-04-24 05:47:38,538][dowhy.causal_model][INFO] - linear_regression
[2026-04-24 05:47:38,538][dowhy.causal_estimator][INFO] - INFO: Using Linear Regression Estimator
[2026-04-24 05:47:38,538][dowhy.causal_estimator][WARNING] - No directed path from ['X4'] to ['X0'].
[2026-04-24 05:47:38,540][dowhy.causal_model][INFO] - Model to find the causal effect of treatment ['X4'] on outcome ['X1']
[2026-04-24 05:47:38,540][dowhy.causal_identifier.auto_identifier][WARNING] - No directed path from treatment to outcome. Causal Effect is zero.
[2026-04-24 05:47:38,540][dowhy.causal_model][INFO] - linear_regression
[2026-04-24 05:47:38,540][dowhy.causal_estimator][INFO] - INFO: Using Linear Regression Estimator
[2026-04-24 05:47:38,540][dowhy.causal_estimator][WARNING] - No directed path from ['X4'] to ['X1'].
[2026-04-24 05:47:38,541][dowhy.causal_model][INFO] - Model to find the causal effect of treatment ['X4'] on outcome ['X2']
[2026-04-24 05:47:38,541][dowhy.causal_identifier.auto_identifier][WARNING] - No directed path from treatment to outcome. Causal Effect is zero.
[2026-04-24 05:47:38,541][dowhy.causal_model][INFO] - linear_regression
[2026-04-24 05:47:38,542][dowhy.causal_estimator][INFO] - INFO: Using Linear Regression Estimator
[2026-04-24 05:47:38,542][dowhy.causal_estimator][WARNING] - No directed path from ['X4'] to ['X2'].
[2026-04-24 05:47:38,543][dowhy.causal_model][INFO] - Model to find the causal effect of treatment ['X4'] on outcome ['X3']
[2026-04-24 05:47:38,543][dowhy.causal_identifier.auto_identifier][WARNING] - No directed path from treatment to outcome. Causal Effect is zero.
[2026-04-24 05:47:38,543][dowhy.causal_model][INFO] - linear_regression
[2026-04-24 05:47:38,543][dowhy.causal_estimator][INFO] - INFO: Using Linear Regression Estimator
[2026-04-24 05:47:38,543][dowhy.causal_estimator][WARNING] - No directed path from ['X4'] to ['X3'].
[2026-04-24 05:47:38,545][dowhy.causal_model][INFO] - Model to find the causal effect of treatment ['X4'] on outcome ['X5']
[2026-04-24 05:47:38,546][dowhy.causal_identifier.auto_identifier][INFO] - Causal effect can be identified.
[2026-04-24 05:47:38,547][dowhy.causal_identifier.auto_identifier][INFO] - Instrumental variables for treatment and outcome:['X0']
[2026-04-24 05:47:38,547][dowhy.causal_identifier.auto_identifier][INFO] - Frontdoor variables for treatment and outcome:[]
[2026-04-24 05:47:38,547][dowhy.causal_model][INFO] - linear_regression
[2026-04-24 05:47:38,547][dowhy.causal_estimator][INFO] - INFO: Using Linear Regression Estimator
[2026-04-24 05:47:38,547][dowhy.causal_estimator][INFO] - b: X5~X4+X1
[2026-04-24 05:47:38,555][dowhy.causal_model][INFO] - Model to find the causal effect of treatment ['X4'] on outcome ['X6']
[2026-04-24 05:47:38,556][dowhy.causal_identifier.auto_identifier][INFO] - Causal effect can be identified.
[2026-04-24 05:47:38,556][dowhy.causal_identifier.auto_identifier][INFO] - Instrumental variables for treatment and outcome:['X0']
[2026-04-24 05:47:38,558][dowhy.causal_identifier.auto_identifier][INFO] - Frontdoor variables for treatment and outcome:[]
[2026-04-24 05:47:38,558][dowhy.causal_model][INFO] - linear_regression
[2026-04-24 05:47:38,558][dowhy.causal_estimator][INFO] - INFO: Using Linear Regression Estimator
[2026-04-24 05:47:38,558][dowhy.causal_estimator][INFO] - b: X6~X4+X1+X4*X2+X4*X3
[2026-04-24 05:47:38,567][dowhy.causal_model][INFO] - Model to find the causal effect of treatment ['X4'] on outcome ['X7']
[2026-04-24 05:47:38,569][dowhy.causal_identifier.auto_identifier][INFO] - Causal effect can be identified.
[2026-04-24 05:47:38,569][dowhy.causal_identifier.auto_identifier][INFO] - Instrumental variables for treatment and outcome:['X1']
[2026-04-24 05:47:38,571][dowhy.causal_identifier.auto_identifier][INFO] - Frontdoor variables for treatment and outcome:[]
[2026-04-24 05:47:38,571][dowhy.causal_model][INFO] - linear_regression
[2026-04-24 05:47:38,571][dowhy.causal_estimator][INFO] - INFO: Using Linear Regression Estimator
[2026-04-24 05:47:38,571][dowhy.causal_estimator][INFO] - b: X7~X4+X0
[2026-04-24 05:47:38,579][dowhy.causal_model][INFO] - Model to find the causal effect of treatment ['X4'] on outcome ['X8']
[2026-04-24 05:47:38,581][dowhy.causal_identifier.auto_identifier][INFO] - Causal effect can be identified.
[2026-04-24 05:47:38,581][dowhy.causal_identifier.auto_identifier][INFO] - Instrumental variables for treatment and outcome:['X0']
[2026-04-24 05:47:38,583][dowhy.causal_identifier.auto_identifier][INFO] - Frontdoor variables for treatment and outcome:[]
[2026-04-24 05:47:38,584][dowhy.causal_model][INFO] - linear_regression
[2026-04-24 05:47:38,584][dowhy.causal_estimator][INFO] - INFO: Using Linear Regression Estimator
[2026-04-24 05:47:38,584][dowhy.causal_estimator][INFO] - b: X8~X4+X1+X4*X2
[2026-04-24 05:47:38,593][dowhy.causal_model][INFO] - Model to find the causal effect of treatment ['X4'] on outcome ['X9']
[2026-04-24 05:47:38,595][dowhy.causal_identifier.auto_identifier][INFO] - Causal effect can be identified.
[2026-04-24 05:47:38,595][dowhy.causal_identifier.auto_identifier][INFO] - Instrumental variables for treatment and outcome:['X0']
[2026-04-24 05:47:38,598][dowhy.causal_identifier.auto_identifier][INFO] - Frontdoor variables for treatment and outcome:[]
[2026-04-24 05:47:38,598][dowhy.causal_model][INFO] - linear_regression
[2026-04-24 05:47:38,598][dowhy.causal_estimator][INFO] - INFO: Using Linear Regression Estimator
[2026-04-24 05:47:38,598][dowhy.causal_estimator][INFO] - b: X9~X4+X1+X4*X2+X4*X3
[2026-04-24 05:47:38,666][dowhy.causal_model][INFO] - Model to find the causal effect of treatment ['X5'] on outcome ['X0']
[2026-04-24 05:47:38,666][dowhy.causal_identifier.auto_identifier][WARNING] - No directed path from treatment to outcome. Causal Effect is zero.
[2026-04-24 05:47:38,666][dowhy.causal_model][INFO] - linear_regression
[2026-04-24 05:47:38,666][dowhy.causal_estimator][INFO] - INFO: Using Linear Regression Estimator
[2026-04-24 05:47:38,666][dowhy.causal_estimator][WARNING] - No directed path from ['X5'] to ['X0'].
[2026-04-24 05:47:38,668][dowhy.causal_model][INFO] - Model to find the causal effect of treatment ['X5'] on outcome ['X1']
[2026-04-24 05:47:38,668][dowhy.causal_identifier.auto_identifier][WARNING] - No directed path from treatment to outcome. Causal Effect is zero.
[2026-04-24 05:47:38,668][dowhy.causal_model][INFO] - linear_regression
[2026-04-24 05:47:38,668][dowhy.causal_estimator][INFO] - INFO: Using Linear Regression Estimator
[2026-04-24 05:47:38,668][dowhy.causal_estimator][WARNING] - No directed path from ['X5'] to ['X1'].
[2026-04-24 05:47:38,669][dowhy.causal_model][INFO] - Model to find the causal effect of treatment ['X5'] on outcome ['X2']
[2026-04-24 05:47:38,669][dowhy.causal_identifier.auto_identifier][WARNING] - No directed path from treatment to outcome. Causal Effect is zero.
[2026-04-24 05:47:38,670][dowhy.causal_model][INFO] - linear_regression
[2026-04-24 05:47:38,670][dowhy.causal_estimator][INFO] - INFO: Using Linear Regression Estimator
[2026-04-24 05:47:38,670][dowhy.causal_estimator][WARNING] - No directed path from ['X5'] to ['X2'].
[2026-04-24 05:47:38,671][dowhy.causal_model][INFO] - Model to find the causal effect of treatment ['X5'] on outcome ['X3']
[2026-04-24 05:47:38,671][dowhy.causal_identifier.auto_identifier][WARNING] - No directed path from treatment to outcome. Causal Effect is zero.
[2026-04-24 05:47:38,671][dowhy.causal_model][INFO] - linear_regression
[2026-04-24 05:47:38,671][dowhy.causal_estimator][INFO] - INFO: Using Linear Regression Estimator
[2026-04-24 05:47:38,671][dowhy.causal_estimator][WARNING] - No directed path from ['X5'] to ['X3'].
[2026-04-24 05:47:38,673][dowhy.causal_model][INFO] - Model to find the causal effect of treatment ['X5'] on outcome ['X4']
[2026-04-24 05:47:38,673][dowhy.causal_identifier.auto_identifier][WARNING] - No directed path from treatment to outcome. Causal Effect is zero.
[2026-04-24 05:47:38,673][dowhy.causal_model][INFO] - linear_regression
[2026-04-24 05:47:38,673][dowhy.causal_estimator][INFO] - INFO: Using Linear Regression Estimator
[2026-04-24 05:47:38,673][dowhy.causal_estimator][WARNING] - No directed path from ['X5'] to ['X4'].
[2026-04-24 05:47:38,675][dowhy.causal_model][INFO] - Model to find the causal effect of treatment ['X5'] on outcome ['X6']
[2026-04-24 05:47:38,677][dowhy.causal_identifier.auto_identifier][INFO] - Causal effect can be identified.
[2026-04-24 05:47:38,678][dowhy.causal_identifier.auto_identifier][INFO] - Instrumental variables for treatment and outcome:['X4', 'X1']
[2026-04-24 05:47:38,678][dowhy.causal_identifier.auto_identifier][INFO] - Frontdoor variables for treatment and outcome:[]
[2026-04-24 05:47:38,678][dowhy.causal_model][INFO] - linear_regression
[2026-04-24 05:47:38,678][dowhy.causal_estimator][INFO] - INFO: Using Linear Regression Estimator
[2026-04-24 05:47:38,678][dowhy.causal_estimator][INFO] - b: X6~X5+X5*X2+X5*X3
[2026-04-24 05:47:38,686][dowhy.causal_model][INFO] - Model to find the causal effect of treatment ['X5'] on outcome ['X7']
[2026-04-24 05:47:38,686][dowhy.causal_identifier.auto_identifier][WARNING] - No directed path from treatment to outcome. Causal Effect is zero.
[2026-04-24 05:47:38,686][dowhy.causal_model][INFO] - linear_regression
[2026-04-24 05:47:38,686][dowhy.causal_estimator][INFO] - INFO: Using Linear Regression Estimator
[2026-04-24 05:47:38,686][dowhy.causal_estimator][WARNING] - No directed path from ['X5'] to ['X7'].
[2026-04-24 05:47:38,688][dowhy.causal_model][INFO] - Model to find the causal effect of treatment ['X5'] on outcome ['X8']
[2026-04-24 05:47:38,689][dowhy.causal_identifier.auto_identifier][INFO] - Causal effect can be identified.
[2026-04-24 05:47:38,690][dowhy.causal_identifier.auto_identifier][INFO] - Instrumental variables for treatment and outcome:['X4', 'X1']
[2026-04-24 05:47:38,691][dowhy.causal_identifier.auto_identifier][INFO] - Frontdoor variables for treatment and outcome:[]
[2026-04-24 05:47:38,691][dowhy.causal_model][INFO] - linear_regression
[2026-04-24 05:47:38,691][dowhy.causal_estimator][INFO] - INFO: Using Linear Regression Estimator
[2026-04-24 05:47:38,691][dowhy.causal_estimator][INFO] - b: X8~X5+X5*X2
[2026-04-24 05:47:38,699][dowhy.causal_model][INFO] - Model to find the causal effect of treatment ['X5'] on outcome ['X9']
[2026-04-24 05:47:38,700][dowhy.causal_identifier.auto_identifier][INFO] - Causal effect can be identified.
[2026-04-24 05:47:38,701][dowhy.causal_identifier.auto_identifier][INFO] - Instrumental variables for treatment and outcome:['X4', 'X1']
[2026-04-24 05:47:38,702][dowhy.causal_identifier.auto_identifier][INFO] - Frontdoor variables for treatment and outcome:[]
[2026-04-24 05:47:38,702][dowhy.causal_model][INFO] - linear_regression
[2026-04-24 05:47:38,702][dowhy.causal_estimator][INFO] - INFO: Using Linear Regression Estimator
[2026-04-24 05:47:38,702][dowhy.causal_estimator][INFO] - b: X9~X5+X5*X2+X5*X3
[2026-04-24 05:47:38,760][dowhy.causal_model][INFO] - Model to find the causal effect of treatment ['X6'] on outcome ['X0']
[2026-04-24 05:47:38,760][dowhy.causal_identifier.auto_identifier][WARNING] - No directed path from treatment to outcome. Causal Effect is zero.
[2026-04-24 05:47:38,760][dowhy.causal_model][INFO] - linear_regression
[2026-04-24 05:47:38,760][dowhy.causal_estimator][INFO] - INFO: Using Linear Regression Estimator
[2026-04-24 05:47:38,760][dowhy.causal_estimator][WARNING] - No directed path from ['X6'] to ['X0'].
[2026-04-24 05:47:38,762][dowhy.causal_model][INFO] - Model to find the causal effect of treatment ['X6'] on outcome ['X1']
[2026-04-24 05:47:38,762][dowhy.causal_identifier.auto_identifier][WARNING] - No directed path from treatment to outcome. Causal Effect is zero.
[2026-04-24 05:47:38,762][dowhy.causal_model][INFO] - linear_regression
[2026-04-24 05:47:38,762][dowhy.causal_estimator][INFO] - INFO: Using Linear Regression Estimator
[2026-04-24 05:47:38,762][dowhy.causal_estimator][WARNING] - No directed path from ['X6'] to ['X1'].
[2026-04-24 05:47:38,764][dowhy.causal_model][INFO] - Model to find the causal effect of treatment ['X6'] on outcome ['X2']
[2026-04-24 05:47:38,764][dowhy.causal_identifier.auto_identifier][WARNING] - No directed path from treatment to outcome. Causal Effect is zero.
[2026-04-24 05:47:38,764][dowhy.causal_model][INFO] - linear_regression
[2026-04-24 05:47:38,764][dowhy.causal_estimator][INFO] - INFO: Using Linear Regression Estimator
[2026-04-24 05:47:38,764][dowhy.causal_estimator][WARNING] - No directed path from ['X6'] to ['X2'].
[2026-04-24 05:47:38,766][dowhy.causal_model][INFO] - Model to find the causal effect of treatment ['X6'] on outcome ['X3']
[2026-04-24 05:47:38,766][dowhy.causal_identifier.auto_identifier][WARNING] - No directed path from treatment to outcome. Causal Effect is zero.
[2026-04-24 05:47:38,766][dowhy.causal_model][INFO] - linear_regression
[2026-04-24 05:47:38,766][dowhy.causal_estimator][INFO] - INFO: Using Linear Regression Estimator
[2026-04-24 05:47:38,766][dowhy.causal_estimator][WARNING] - No directed path from ['X6'] to ['X3'].
[2026-04-24 05:47:38,767][dowhy.causal_model][INFO] - Model to find the causal effect of treatment ['X6'] on outcome ['X4']
[2026-04-24 05:47:38,767][dowhy.causal_identifier.auto_identifier][WARNING] - No directed path from treatment to outcome. Causal Effect is zero.
[2026-04-24 05:47:38,767][dowhy.causal_model][INFO] - linear_regression
[2026-04-24 05:47:38,767][dowhy.causal_estimator][INFO] - INFO: Using Linear Regression Estimator
[2026-04-24 05:47:38,767][dowhy.causal_estimator][WARNING] - No directed path from ['X6'] to ['X4'].
[2026-04-24 05:47:38,769][dowhy.causal_model][INFO] - Model to find the causal effect of treatment ['X6'] on outcome ['X5']
[2026-04-24 05:47:38,769][dowhy.causal_identifier.auto_identifier][WARNING] - No directed path from treatment to outcome. Causal Effect is zero.
[2026-04-24 05:47:38,769][dowhy.causal_model][INFO] - linear_regression
[2026-04-24 05:47:38,769][dowhy.causal_estimator][INFO] - INFO: Using Linear Regression Estimator
[2026-04-24 05:47:38,769][dowhy.causal_estimator][WARNING] - No directed path from ['X6'] to ['X5'].
[2026-04-24 05:47:38,771][dowhy.causal_model][INFO] - Model to find the causal effect of treatment ['X6'] on outcome ['X7']
[2026-04-24 05:47:38,771][dowhy.causal_identifier.auto_identifier][WARNING] - No directed path from treatment to outcome. Causal Effect is zero.
[2026-04-24 05:47:38,771][dowhy.causal_model][INFO] - linear_regression
[2026-04-24 05:47:38,771][dowhy.causal_estimator][INFO] - INFO: Using Linear Regression Estimator
[2026-04-24 05:47:38,771][dowhy.causal_estimator][WARNING] - No directed path from ['X6'] to ['X7'].
[2026-04-24 05:47:38,773][dowhy.causal_model][INFO] - Model to find the causal effect of treatment ['X6'] on outcome ['X8']
[2026-04-24 05:47:38,773][dowhy.causal_identifier.auto_identifier][WARNING] - No directed path from treatment to outcome. Causal Effect is zero.
[2026-04-24 05:47:38,773][dowhy.causal_model][INFO] - linear_regression
[2026-04-24 05:47:38,773][dowhy.causal_estimator][INFO] - INFO: Using Linear Regression Estimator
[2026-04-24 05:47:38,773][dowhy.causal_estimator][WARNING] - No directed path from ['X6'] to ['X8'].
[2026-04-24 05:47:38,775][dowhy.causal_model][INFO] - Model to find the causal effect of treatment ['X6'] on outcome ['X9']
[2026-04-24 05:47:38,777][dowhy.causal_identifier.auto_identifier][INFO] - Causal effect can be identified.
[2026-04-24 05:47:38,777][dowhy.causal_identifier.auto_identifier][INFO] - Instrumental variables for treatment and outcome:['X2', 'X5']
[2026-04-24 05:47:38,778][dowhy.causal_identifier.auto_identifier][INFO] - Frontdoor variables for treatment and outcome:[]
[2026-04-24 05:47:38,778][dowhy.causal_model][INFO] - linear_regression
[2026-04-24 05:47:38,778][dowhy.causal_estimator][INFO] - INFO: Using Linear Regression Estimator
[2026-04-24 05:47:38,778][dowhy.causal_estimator][INFO] - b: X9~X6+X3
[2026-04-24 05:47:38,842][dowhy.causal_model][INFO] - Model to find the causal effect of treatment ['X7'] on outcome ['X0']
[2026-04-24 05:47:38,842][dowhy.causal_identifier.auto_identifier][WARNING] - No directed path from treatment to outcome. Causal Effect is zero.
[2026-04-24 05:47:38,842][dowhy.causal_model][INFO] - linear_regression
[2026-04-24 05:47:38,842][dowhy.causal_estimator][INFO] - INFO: Using Linear Regression Estimator
[2026-04-24 05:47:38,842][dowhy.causal_estimator][WARNING] - No directed path from ['X7'] to ['X0'].
[2026-04-24 05:47:38,844][dowhy.causal_model][INFO] - Model to find the causal effect of treatment ['X7'] on outcome ['X1']
[2026-04-24 05:47:38,844][dowhy.causal_identifier.auto_identifier][WARNING] - No directed path from treatment to outcome. Causal Effect is zero.
[2026-04-24 05:47:38,844][dowhy.causal_model][INFO] - linear_regression
[2026-04-24 05:47:38,844][dowhy.causal_estimator][INFO] - INFO: Using Linear Regression Estimator
[2026-04-24 05:47:38,844][dowhy.causal_estimator][WARNING] - No directed path from ['X7'] to ['X1'].
[2026-04-24 05:47:38,846][dowhy.causal_model][INFO] - Model to find the causal effect of treatment ['X7'] on outcome ['X2']
[2026-04-24 05:47:38,846][dowhy.causal_identifier.auto_identifier][WARNING] - No directed path from treatment to outcome. Causal Effect is zero.
[2026-04-24 05:47:38,846][dowhy.causal_model][INFO] - linear_regression
[2026-04-24 05:47:38,846][dowhy.causal_estimator][INFO] - INFO: Using Linear Regression Estimator
[2026-04-24 05:47:38,846][dowhy.causal_estimator][WARNING] - No directed path from ['X7'] to ['X2'].
[2026-04-24 05:47:38,848][dowhy.causal_model][INFO] - Model to find the causal effect of treatment ['X7'] on outcome ['X3']
[2026-04-24 05:47:38,848][dowhy.causal_identifier.auto_identifier][WARNING] - No directed path from treatment to outcome. Causal Effect is zero.
[2026-04-24 05:47:38,848][dowhy.causal_model][INFO] - linear_regression
[2026-04-24 05:47:38,848][dowhy.causal_estimator][INFO] - INFO: Using Linear Regression Estimator
[2026-04-24 05:47:38,848][dowhy.causal_estimator][WARNING] - No directed path from ['X7'] to ['X3'].
[2026-04-24 05:47:38,850][dowhy.causal_model][INFO] - Model to find the causal effect of treatment ['X7'] on outcome ['X4']
[2026-04-24 05:47:38,850][dowhy.causal_identifier.auto_identifier][WARNING] - No directed path from treatment to outcome. Causal Effect is zero.
[2026-04-24 05:47:38,850][dowhy.causal_model][INFO] - linear_regression
[2026-04-24 05:47:38,850][dowhy.causal_estimator][INFO] - INFO: Using Linear Regression Estimator
[2026-04-24 05:47:38,850][dowhy.causal_estimator][WARNING] - No directed path from ['X7'] to ['X4'].
[2026-04-24 05:47:38,852][dowhy.causal_model][INFO] - Model to find the causal effect of treatment ['X7'] on outcome ['X5']
[2026-04-24 05:47:38,852][dowhy.causal_identifier.auto_identifier][WARNING] - No directed path from treatment to outcome. Causal Effect is zero.
[2026-04-24 05:47:38,852][dowhy.causal_model][INFO] - linear_regression
[2026-04-24 05:47:38,852][dowhy.causal_estimator][INFO] - INFO: Using Linear Regression Estimator
[2026-04-24 05:47:38,852][dowhy.causal_estimator][WARNING] - No directed path from ['X7'] to ['X5'].
[2026-04-24 05:47:38,854][dowhy.causal_model][INFO] - Model to find the causal effect of treatment ['X7'] on outcome ['X6']
[2026-04-24 05:47:38,854][dowhy.causal_identifier.auto_identifier][WARNING] - No directed path from treatment to outcome. Causal Effect is zero.
[2026-04-24 05:47:38,854][dowhy.causal_model][INFO] - linear_regression
[2026-04-24 05:47:38,854][dowhy.causal_estimator][INFO] - INFO: Using Linear Regression Estimator
[2026-04-24 05:47:38,854][dowhy.causal_estimator][WARNING] - No directed path from ['X7'] to ['X6'].
[2026-04-24 05:47:38,856][dowhy.causal_model][INFO] - Model to find the causal effect of treatment ['X7'] on outcome ['X8']
[2026-04-24 05:47:38,856][dowhy.causal_identifier.auto_identifier][WARNING] - No directed path from treatment to outcome. Causal Effect is zero.
[2026-04-24 05:47:38,856][dowhy.causal_model][INFO] - linear_regression
[2026-04-24 05:47:38,856][dowhy.causal_estimator][INFO] - INFO: Using Linear Regression Estimator
[2026-04-24 05:47:38,856][dowhy.causal_estimator][WARNING] - No directed path from ['X7'] to ['X8'].
[2026-04-24 05:47:38,857][dowhy.causal_model][INFO] - Model to find the causal effect of treatment ['X7'] on outcome ['X9']
[2026-04-24 05:47:38,857][dowhy.causal_identifier.auto_identifier][WARNING] - No directed path from treatment to outcome. Causal Effect is zero.
[2026-04-24 05:47:38,858][dowhy.causal_model][INFO] - linear_regression
[2026-04-24 05:47:38,858][dowhy.causal_estimator][INFO] - INFO: Using Linear Regression Estimator
[2026-04-24 05:47:38,858][dowhy.causal_estimator][WARNING] - No directed path from ['X7'] to ['X9'].
[2026-04-24 05:47:38,911][dowhy.causal_model][INFO] - Model to find the causal effect of treatment ['X8'] on outcome ['X0']
[2026-04-24 05:47:38,911][dowhy.causal_identifier.auto_identifier][WARNING] - No directed path from treatment to outcome. Causal Effect is zero.
[2026-04-24 05:47:38,911][dowhy.causal_model][INFO] - linear_regression
[2026-04-24 05:47:38,911][dowhy.causal_estimator][INFO] - INFO: Using Linear Regression Estimator
[2026-04-24 05:47:38,911][dowhy.causal_estimator][WARNING] - No directed path from ['X8'] to ['X0'].
[2026-04-24 05:47:38,913][dowhy.causal_model][INFO] - Model to find the causal effect of treatment ['X8'] on outcome ['X1']
[2026-04-24 05:47:38,913][dowhy.causal_identifier.auto_identifier][WARNING] - No directed path from treatment to outcome. Causal Effect is zero.
[2026-04-24 05:47:38,913][dowhy.causal_model][INFO] - linear_regression
[2026-04-24 05:47:38,913][dowhy.causal_estimator][INFO] - INFO: Using Linear Regression Estimator
[2026-04-24 05:47:38,913][dowhy.causal_estimator][WARNING] - No directed path from ['X8'] to ['X1'].
[2026-04-24 05:47:38,915][dowhy.causal_model][INFO] - Model to find the causal effect of treatment ['X8'] on outcome ['X2']
[2026-04-24 05:47:38,915][dowhy.causal_identifier.auto_identifier][WARNING] - No directed path from treatment to outcome. Causal Effect is zero.
[2026-04-24 05:47:38,915][dowhy.causal_model][INFO] - linear_regression
[2026-04-24 05:47:38,915][dowhy.causal_estimator][INFO] - INFO: Using Linear Regression Estimator
[2026-04-24 05:47:38,915][dowhy.causal_estimator][WARNING] - No directed path from ['X8'] to ['X2'].
[2026-04-24 05:47:38,916][dowhy.causal_model][INFO] - Model to find the causal effect of treatment ['X8'] on outcome ['X3']
[2026-04-24 05:47:38,916][dowhy.causal_identifier.auto_identifier][WARNING] - No directed path from treatment to outcome. Causal Effect is zero.
[2026-04-24 05:47:38,916][dowhy.causal_model][INFO] - linear_regression
[2026-04-24 05:47:38,917][dowhy.causal_estimator][INFO] - INFO: Using Linear Regression Estimator
[2026-04-24 05:47:38,917][dowhy.causal_estimator][WARNING] - No directed path from ['X8'] to ['X3'].
[2026-04-24 05:47:38,918][dowhy.causal_model][INFO] - Model to find the causal effect of treatment ['X8'] on outcome ['X4']
[2026-04-24 05:47:38,918][dowhy.causal_identifier.auto_identifier][WARNING] - No directed path from treatment to outcome. Causal Effect is zero.
[2026-04-24 05:47:38,918][dowhy.causal_model][INFO] - linear_regression
[2026-04-24 05:47:38,918][dowhy.causal_estimator][INFO] - INFO: Using Linear Regression Estimator
[2026-04-24 05:47:38,918][dowhy.causal_estimator][WARNING] - No directed path from ['X8'] to ['X4'].
[2026-04-24 05:47:38,920][dowhy.causal_model][INFO] - Model to find the causal effect of treatment ['X8'] on outcome ['X5']
[2026-04-24 05:47:38,920][dowhy.causal_identifier.auto_identifier][WARNING] - No directed path from treatment to outcome. Causal Effect is zero.
[2026-04-24 05:47:38,920][dowhy.causal_model][INFO] - linear_regression
[2026-04-24 05:47:38,920][dowhy.causal_estimator][INFO] - INFO: Using Linear Regression Estimator
[2026-04-24 05:47:38,920][dowhy.causal_estimator][WARNING] - No directed path from ['X8'] to ['X5'].
[2026-04-24 05:47:38,922][dowhy.causal_model][INFO] - Model to find the causal effect of treatment ['X8'] on outcome ['X6']
[2026-04-24 05:47:38,922][dowhy.causal_identifier.auto_identifier][WARNING] - No directed path from treatment to outcome. Causal Effect is zero.
[2026-04-24 05:47:38,922][dowhy.causal_model][INFO] - linear_regression
[2026-04-24 05:47:38,922][dowhy.causal_estimator][INFO] - INFO: Using Linear Regression Estimator
[2026-04-24 05:47:38,922][dowhy.causal_estimator][WARNING] - No directed path from ['X8'] to ['X6'].
[2026-04-24 05:47:38,923][dowhy.causal_model][INFO] - Model to find the causal effect of treatment ['X8'] on outcome ['X7']
[2026-04-24 05:47:38,924][dowhy.causal_identifier.auto_identifier][WARNING] - No directed path from treatment to outcome. Causal Effect is zero.
[2026-04-24 05:47:38,924][dowhy.causal_model][INFO] - linear_regression
[2026-04-24 05:47:38,924][dowhy.causal_estimator][INFO] - INFO: Using Linear Regression Estimator
[2026-04-24 05:47:38,924][dowhy.causal_estimator][WARNING] - No directed path from ['X8'] to ['X7'].
[2026-04-24 05:47:38,925][dowhy.causal_model][INFO] - Model to find the causal effect of treatment ['X8'] on outcome ['X9']
[2026-04-24 05:47:38,925][dowhy.causal_identifier.auto_identifier][WARNING] - No directed path from treatment to outcome. Causal Effect is zero.
[2026-04-24 05:47:38,925][dowhy.causal_model][INFO] - linear_regression
[2026-04-24 05:47:38,925][dowhy.causal_estimator][INFO] - INFO: Using Linear Regression Estimator
[2026-04-24 05:47:38,926][dowhy.causal_estimator][WARNING] - No directed path from ['X8'] to ['X9'].
[2026-04-24 05:47:38,974][dowhy.causal_model][INFO] - Model to find the causal effect of treatment ['X9'] on outcome ['X0']
[2026-04-24 05:47:38,974][dowhy.causal_identifier.auto_identifier][WARNING] - No directed path from treatment to outcome. Causal Effect is zero.
[2026-04-24 05:47:38,974][dowhy.causal_model][INFO] - linear_regression
[2026-04-24 05:47:38,974][dowhy.causal_estimator][INFO] - INFO: Using Linear Regression Estimator
[2026-04-24 05:47:38,974][dowhy.causal_estimator][WARNING] - No directed path from ['X9'] to ['X0'].
[2026-04-24 05:47:38,976][dowhy.causal_model][INFO] - Model to find the causal effect of treatment ['X9'] on outcome ['X1']
[2026-04-24 05:47:38,976][dowhy.causal_identifier.auto_identifier][WARNING] - No directed path from treatment to outcome. Causal Effect is zero.
[2026-04-24 05:47:38,976][dowhy.causal_model][INFO] - linear_regression
[2026-04-24 05:47:38,976][dowhy.causal_estimator][INFO] - INFO: Using Linear Regression Estimator
[2026-04-24 05:47:38,976][dowhy.causal_estimator][WARNING] - No directed path from ['X9'] to ['X1'].
[2026-04-24 05:47:38,977][dowhy.causal_model][INFO] - Model to find the causal effect of treatment ['X9'] on outcome ['X2']
[2026-04-24 05:47:38,977][dowhy.causal_identifier.auto_identifier][WARNING] - No directed path from treatment to outcome. Causal Effect is zero.
[2026-04-24 05:47:38,978][dowhy.causal_model][INFO] - linear_regression
[2026-04-24 05:47:38,978][dowhy.causal_estimator][INFO] - INFO: Using Linear Regression Estimator
[2026-04-24 05:47:38,978][dowhy.causal_estimator][WARNING] - No directed path from ['X9'] to ['X2'].
[2026-04-24 05:47:38,979][dowhy.causal_model][INFO] - Model to find the causal effect of treatment ['X9'] on outcome ['X3']
[2026-04-24 05:47:38,979][dowhy.causal_identifier.auto_identifier][WARNING] - No directed path from treatment to outcome. Causal Effect is zero.
[2026-04-24 05:47:38,979][dowhy.causal_model][INFO] - linear_regression
[2026-04-24 05:47:38,979][dowhy.causal_estimator][INFO] - INFO: Using Linear Regression Estimator
[2026-04-24 05:47:38,979][dowhy.causal_estimator][WARNING] - No directed path from ['X9'] to ['X3'].
[2026-04-24 05:47:38,981][dowhy.causal_model][INFO] - Model to find the causal effect of treatment ['X9'] on outcome ['X4']
[2026-04-24 05:47:38,981][dowhy.causal_identifier.auto_identifier][WARNING] - No directed path from treatment to outcome. Causal Effect is zero.
[2026-04-24 05:47:38,981][dowhy.causal_model][INFO] - linear_regression
[2026-04-24 05:47:38,981][dowhy.causal_estimator][INFO] - INFO: Using Linear Regression Estimator
[2026-04-24 05:47:38,981][dowhy.causal_estimator][WARNING] - No directed path from ['X9'] to ['X4'].
[2026-04-24 05:47:38,983][dowhy.causal_model][INFO] - Model to find the causal effect of treatment ['X9'] on outcome ['X5']
[2026-04-24 05:47:38,983][dowhy.causal_identifier.auto_identifier][WARNING] - No directed path from treatment to outcome. Causal Effect is zero.
[2026-04-24 05:47:38,983][dowhy.causal_model][INFO] - linear_regression
[2026-04-24 05:47:38,983][dowhy.causal_estimator][INFO] - INFO: Using Linear Regression Estimator
[2026-04-24 05:47:38,983][dowhy.causal_estimator][WARNING] - No directed path from ['X9'] to ['X5'].
[2026-04-24 05:47:38,985][dowhy.causal_model][INFO] - Model to find the causal effect of treatment ['X9'] on outcome ['X6']
[2026-04-24 05:47:38,985][dowhy.causal_identifier.auto_identifier][WARNING] - No directed path from treatment to outcome. Causal Effect is zero.
[2026-04-24 05:47:38,985][dowhy.causal_model][INFO] - linear_regression
[2026-04-24 05:47:38,985][dowhy.causal_estimator][INFO] - INFO: Using Linear Regression Estimator
[2026-04-24 05:47:38,985][dowhy.causal_estimator][WARNING] - No directed path from ['X9'] to ['X6'].
[2026-04-24 05:47:38,986][dowhy.causal_model][INFO] - Model to find the causal effect of treatment ['X9'] on outcome ['X7']
[2026-04-24 05:47:38,986][dowhy.causal_identifier.auto_identifier][WARNING] - No directed path from treatment to outcome. Causal Effect is zero.
[2026-04-24 05:47:38,987][dowhy.causal_model][INFO] - linear_regression
[2026-04-24 05:47:38,987][dowhy.causal_estimator][INFO] - INFO: Using Linear Regression Estimator
[2026-04-24 05:47:38,987][dowhy.causal_estimator][WARNING] - No directed path from ['X9'] to ['X7'].
[2026-04-24 05:47:38,989][dowhy.causal_model][INFO] - Model to find the causal effect of treatment ['X9'] on outcome ['X8']
[2026-04-24 05:47:38,989][dowhy.causal_identifier.auto_identifier][WARNING] - No directed path from treatment to outcome. Causal Effect is zero.
[2026-04-24 05:47:38,989][dowhy.causal_model][INFO] - linear_regression
[2026-04-24 05:47:38,989][dowhy.causal_estimator][INFO] - INFO: Using Linear Regression Estimator
[2026-04-24 05:47:38,989][dowhy.causal_estimator][WARNING] - No directed path from ['X9'] to ['X8'].
[2026-04-24 05:47:39,075][dowhy.causal_model][INFO] - Model to find the causal effect of treatment ['X0'] on outcome ['X1']
[2026-04-24 05:47:39,075][dowhy.causal_identifier.auto_identifier][WARNING] - No directed path from treatment to outcome. Causal Effect is zero.
[2026-04-24 05:47:39,075][dowhy.causal_model][INFO] - linear_regression
[2026-04-24 05:47:39,075][dowhy.causal_estimator][INFO] - INFO: Using Linear Regression Estimator
[2026-04-24 05:47:39,075][dowhy.causal_estimator][WARNING] - No directed path from ['X0'] to ['X1'].
[2026-04-24 05:47:39,078][dowhy.causal_model][INFO] - Model to find the causal effect of treatment ['X0'] on outcome ['X2']
[2026-04-24 05:47:39,078][dowhy.causal_identifier.auto_identifier][WARNING] - No directed path from treatment to outcome. Causal Effect is zero.
[2026-04-24 05:47:39,078][dowhy.causal_model][INFO] - linear_regression
[2026-04-24 05:47:39,078][dowhy.causal_estimator][INFO] - INFO: Using Linear Regression Estimator
[2026-04-24 05:47:39,078][dowhy.causal_estimator][WARNING] - No directed path from ['X0'] to ['X2'].
[2026-04-24 05:47:39,080][dowhy.causal_model][INFO] - Model to find the causal effect of treatment ['X0'] on outcome ['X3']
[2026-04-24 05:47:39,080][dowhy.causal_identifier.auto_identifier][WARNING] - No directed path from treatment to outcome. Causal Effect is zero.
[2026-04-24 05:47:39,080][dowhy.causal_model][INFO] - linear_regression
[2026-04-24 05:47:39,080][dowhy.causal_estimator][INFO] - INFO: Using Linear Regression Estimator
[2026-04-24 05:47:39,080][dowhy.causal_estimator][WARNING] - No directed path from ['X0'] to ['X3'].
[2026-04-24 05:47:39,082][dowhy.causal_model][INFO] - Model to find the causal effect of treatment ['X0'] on outcome ['X4']
[2026-04-24 05:47:39,083][dowhy.causal_identifier.auto_identifier][INFO] - Causal effect can be identified.
[2026-04-24 05:47:39,083][dowhy.causal_identifier.auto_identifier][INFO] - Instrumental variables for treatment and outcome:[]
[2026-04-24 05:47:39,083][dowhy.causal_identifier.auto_identifier][INFO] - Frontdoor variables for treatment and outcome:[]
[2026-04-24 05:47:39,083][dowhy.causal_model][INFO] - linear_regression
[2026-04-24 05:47:39,083][dowhy.causal_estimator][INFO] - INFO: Using Linear Regression Estimator
[2026-04-24 05:47:39,084][dowhy.causal_estimator][INFO] - b: X4~X0+X0*X1
[2026-04-24 05:47:39,092][dowhy.causal_model][INFO] - Model to find the causal effect of treatment ['X0'] on outcome ['X5']
[2026-04-24 05:47:39,093][dowhy.causal_identifier.auto_identifier][INFO] - Causal effect can be identified.
[2026-04-24 05:47:39,094][dowhy.causal_identifier.auto_identifier][INFO] - Instrumental variables for treatment and outcome:[]
[2026-04-24 05:47:39,094][dowhy.causal_identifier.auto_identifier][INFO] - Frontdoor variables for treatment and outcome:[]
[2026-04-24 05:47:39,094][dowhy.causal_model][INFO] - linear_regression
[2026-04-24 05:47:39,094][dowhy.causal_estimator][INFO] - INFO: Using Linear Regression Estimator
[2026-04-24 05:47:39,095][dowhy.causal_estimator][INFO] - b: X5~X0+X0*X1
[2026-04-24 05:47:39,102][dowhy.causal_model][INFO] - Model to find the causal effect of treatment ['X0'] on outcome ['X6']
[2026-04-24 05:47:39,103][dowhy.causal_identifier.auto_identifier][INFO] - Causal effect can be identified.
[2026-04-24 05:47:39,104][dowhy.causal_identifier.auto_identifier][INFO] - Instrumental variables for treatment and outcome:[]
[2026-04-24 05:47:39,107][dowhy.causal_identifier.auto_identifier][INFO] - Frontdoor variables for treatment and outcome:['X7', 'X5', 'X4']
[2026-04-24 05:47:39,108][dowhy.causal_identifier.auto_identifier][INFO] - Causal effect can be identified.
[2026-04-24 05:47:39,109][dowhy.causal_identifier.auto_identifier][INFO] - Causal effect can be identified.
[2026-04-24 05:47:39,110][dowhy.causal_model][INFO] - linear_regression
[2026-04-24 05:47:39,110][dowhy.causal_estimator][INFO] - INFO: Using Linear Regression Estimator
[2026-04-24 05:47:39,110][dowhy.causal_estimator][INFO] - b: X6~X0+X0*X2+X0*X3+X0*X1
[2026-04-24 05:47:39,118][dowhy.causal_model][INFO] - Model to find the causal effect of treatment ['X0'] on outcome ['X7']
[2026-04-24 05:47:39,119][dowhy.causal_identifier.auto_identifier][INFO] - Causal effect can be identified.
[2026-04-24 05:47:39,119][dowhy.causal_identifier.auto_identifier][INFO] - Instrumental variables for treatment and outcome:[]
[2026-04-24 05:47:39,122][dowhy.causal_identifier.auto_identifier][INFO] - Frontdoor variables for treatment and outcome:[]
[2026-04-24 05:47:39,122][dowhy.causal_model][INFO] - linear_regression
[2026-04-24 05:47:39,122][dowhy.causal_estimator][INFO] - INFO: Using Linear Regression Estimator
[2026-04-24 05:47:39,122][dowhy.causal_estimator][INFO] - b: X7~X0+X0*X1
[2026-04-24 05:47:39,130][dowhy.causal_model][INFO] - Model to find the causal effect of treatment ['X0'] on outcome ['X8']
[2026-04-24 05:47:39,131][dowhy.causal_identifier.auto_identifier][INFO] - Causal effect can be identified.
[2026-04-24 05:47:39,131][dowhy.causal_identifier.auto_identifier][INFO] - Instrumental variables for treatment and outcome:[]
[2026-04-24 05:47:39,136][dowhy.causal_identifier.auto_identifier][INFO] - Frontdoor variables for treatment and outcome:['X5', 'X4', 'X7']
[2026-04-24 05:47:39,137][dowhy.causal_identifier.auto_identifier][INFO] - Causal effect can be identified.
[2026-04-24 05:47:39,139][dowhy.causal_identifier.auto_identifier][INFO] - Causal effect can be identified.
[2026-04-24 05:47:39,139][dowhy.causal_model][INFO] - linear_regression
[2026-04-24 05:47:39,139][dowhy.causal_estimator][INFO] - INFO: Using Linear Regression Estimator
[2026-04-24 05:47:39,140][dowhy.causal_estimator][INFO] - b: X8~X0+X0*X2+X0*X1
[2026-04-24 05:47:39,147][dowhy.causal_model][INFO] - Model to find the causal effect of treatment ['X0'] on outcome ['X9']
[2026-04-24 05:47:39,148][dowhy.causal_identifier.auto_identifier][INFO] - Causal effect can be identified.
[2026-04-24 05:47:39,148][dowhy.causal_identifier.auto_identifier][INFO] - Instrumental variables for treatment and outcome:[]
[2026-04-24 05:47:39,154][dowhy.causal_identifier.auto_identifier][INFO] - Frontdoor variables for treatment and outcome:['X5', 'X4', 'X7']
[2026-04-24 05:47:39,155][dowhy.causal_identifier.auto_identifier][INFO] - Causal effect can be identified.
[2026-04-24 05:47:39,157][dowhy.causal_identifier.auto_identifier][INFO] - Causal effect can be identified.
[2026-04-24 05:47:39,158][dowhy.causal_model][INFO] - linear_regression
[2026-04-24 05:47:39,158][dowhy.causal_estimator][INFO] - INFO: Using Linear Regression Estimator
[2026-04-24 05:47:39,158][dowhy.causal_estimator][INFO] - b: X9~X0+X0*X2+X0*X3+X0*X1
[2026-04-24 05:47:39,219][dowhy.causal_model][INFO] - Model to find the causal effect of treatment ['X1'] on outcome ['X0']
[2026-04-24 05:47:39,219][dowhy.causal_identifier.auto_identifier][WARNING] - No directed path from treatment to outcome. Causal Effect is zero.
[2026-04-24 05:47:39,219][dowhy.causal_model][INFO] - linear_regression
[2026-04-24 05:47:39,219][dowhy.causal_estimator][INFO] - INFO: Using Linear Regression Estimator
[2026-04-24 05:47:39,219][dowhy.causal_estimator][WARNING] - No directed path from ['X1'] to ['X0'].
[2026-04-24 05:47:39,221][dowhy.causal_model][INFO] - Model to find the causal effect of treatment ['X1'] on outcome ['X2']
[2026-04-24 05:47:39,221][dowhy.causal_identifier.auto_identifier][WARNING] - No directed path from treatment to outcome. Causal Effect is zero.
[2026-04-24 05:47:39,221][dowhy.causal_model][INFO] - linear_regression
[2026-04-24 05:47:39,221][dowhy.causal_estimator][INFO] - INFO: Using Linear Regression Estimator
[2026-04-24 05:47:39,221][dowhy.causal_estimator][WARNING] - No directed path from ['X1'] to ['X2'].
[2026-04-24 05:47:39,223][dowhy.causal_model][INFO] - Model to find the causal effect of treatment ['X1'] on outcome ['X3']
[2026-04-24 05:47:39,223][dowhy.causal_identifier.auto_identifier][WARNING] - No directed path from treatment to outcome. Causal Effect is zero.
[2026-04-24 05:47:39,223][dowhy.causal_model][INFO] - linear_regression
[2026-04-24 05:47:39,223][dowhy.causal_estimator][INFO] - INFO: Using Linear Regression Estimator
[2026-04-24 05:47:39,223][dowhy.causal_estimator][WARNING] - No directed path from ['X1'] to ['X3'].
[2026-04-24 05:47:39,226][dowhy.causal_model][INFO] - Model to find the causal effect of treatment ['X1'] on outcome ['X4']
[2026-04-24 05:47:39,226][dowhy.causal_identifier.auto_identifier][INFO] - Causal effect can be identified.
[2026-04-24 05:47:39,227][dowhy.causal_identifier.auto_identifier][INFO] - Instrumental variables for treatment and outcome:[]
[2026-04-24 05:47:39,227][dowhy.causal_identifier.auto_identifier][INFO] - Frontdoor variables for treatment and outcome:[]
[2026-04-24 05:47:39,227][dowhy.causal_model][INFO] - linear_regression
[2026-04-24 05:47:39,227][dowhy.causal_estimator][INFO] - INFO: Using Linear Regression Estimator
[2026-04-24 05:47:39,228][dowhy.causal_estimator][INFO] - b: X4~X1+X1*X0
[2026-04-24 05:47:39,236][dowhy.causal_model][INFO] - Model to find the causal effect of treatment ['X1'] on outcome ['X5']
[2026-04-24 05:47:39,237][dowhy.causal_identifier.auto_identifier][INFO] - Causal effect can be identified.
[2026-04-24 05:47:39,238][dowhy.causal_identifier.auto_identifier][INFO] - Instrumental variables for treatment and outcome:[]
[2026-04-24 05:47:39,238][dowhy.causal_identifier.auto_identifier][INFO] - Frontdoor variables for treatment and outcome:[]
[2026-04-24 05:47:39,238][dowhy.causal_model][INFO] - linear_regression
[2026-04-24 05:47:39,238][dowhy.causal_estimator][INFO] - INFO: Using Linear Regression Estimator
[2026-04-24 05:47:39,238][dowhy.causal_estimator][INFO] - b: X5~X1+X1*X0
[2026-04-24 05:47:39,247][dowhy.causal_model][INFO] - Model to find the causal effect of treatment ['X1'] on outcome ['X6']
[2026-04-24 05:47:39,248][dowhy.causal_identifier.auto_identifier][INFO] - Causal effect can be identified.
[2026-04-24 05:47:39,249][dowhy.causal_identifier.auto_identifier][INFO] - Instrumental variables for treatment and outcome:[]
[2026-04-24 05:47:39,251][dowhy.causal_identifier.auto_identifier][INFO] - Frontdoor variables for treatment and outcome:['X7', 'X5', 'X4']
[2026-04-24 05:47:39,253][dowhy.causal_identifier.auto_identifier][INFO] - Causal effect can be identified.
[2026-04-24 05:47:39,254][dowhy.causal_identifier.auto_identifier][INFO] - Causal effect can be identified.
[2026-04-24 05:47:39,255][dowhy.causal_model][INFO] - linear_regression
[2026-04-24 05:47:39,255][dowhy.causal_estimator][INFO] - INFO: Using Linear Regression Estimator
[2026-04-24 05:47:39,255][dowhy.causal_estimator][INFO] - b: X6~X1+X1*X2+X1*X3+X1*X0
[2026-04-24 05:47:39,264][dowhy.causal_model][INFO] - Model to find the causal effect of treatment ['X1'] on outcome ['X7']
[2026-04-24 05:47:39,265][dowhy.causal_identifier.auto_identifier][INFO] - Causal effect can be identified.
[2026-04-24 05:47:39,265][dowhy.causal_identifier.auto_identifier][INFO] - Instrumental variables for treatment and outcome:[]
[2026-04-24 05:47:39,268][dowhy.causal_identifier.auto_identifier][INFO] - Frontdoor variables for treatment and outcome:[]
[2026-04-24 05:47:39,268][dowhy.causal_model][INFO] - linear_regression
[2026-04-24 05:47:39,268][dowhy.causal_estimator][INFO] - INFO: Using Linear Regression Estimator
[2026-04-24 05:47:39,269][dowhy.causal_estimator][INFO] - b: X7~X1+X1*X0
[2026-04-24 05:47:39,277][dowhy.causal_model][INFO] - Model to find the causal effect of treatment ['X1'] on outcome ['X8']
[2026-04-24 05:47:39,278][dowhy.causal_identifier.auto_identifier][INFO] - Causal effect can be identified.
[2026-04-24 05:47:39,279][dowhy.causal_identifier.auto_identifier][INFO] - Instrumental variables for treatment and outcome:[]
[2026-04-24 05:47:39,284][dowhy.causal_identifier.auto_identifier][INFO] - Frontdoor variables for treatment and outcome:['X5', 'X4', 'X7']
[2026-04-24 05:47:39,285][dowhy.causal_identifier.auto_identifier][INFO] - Causal effect can be identified.
[2026-04-24 05:47:39,287][dowhy.causal_identifier.auto_identifier][INFO] - Causal effect can be identified.
[2026-04-24 05:47:39,287][dowhy.causal_model][INFO] - linear_regression
[2026-04-24 05:47:39,287][dowhy.causal_estimator][INFO] - INFO: Using Linear Regression Estimator
[2026-04-24 05:47:39,288][dowhy.causal_estimator][INFO] - b: X8~X1+X1*X2+X1*X0
[2026-04-24 05:47:39,296][dowhy.causal_model][INFO] - Model to find the causal effect of treatment ['X1'] on outcome ['X9']
[2026-04-24 05:47:39,297][dowhy.causal_identifier.auto_identifier][INFO] - Causal effect can be identified.
[2026-04-24 05:47:39,298][dowhy.causal_identifier.auto_identifier][INFO] - Instrumental variables for treatment and outcome:[]
[2026-04-24 05:47:39,304][dowhy.causal_identifier.auto_identifier][INFO] - Frontdoor variables for treatment and outcome:['X5', 'X4', 'X7']
[2026-04-24 05:47:39,305][dowhy.causal_identifier.auto_identifier][INFO] - Causal effect can be identified.
[2026-04-24 05:47:39,306][dowhy.causal_identifier.auto_identifier][INFO] - Causal effect can be identified.
[2026-04-24 05:47:39,307][dowhy.causal_model][INFO] - linear_regression
[2026-04-24 05:47:39,307][dowhy.causal_estimator][INFO] - INFO: Using Linear Regression Estimator
[2026-04-24 05:47:39,307][dowhy.causal_estimator][INFO] - b: X9~X1+X1*X2+X1*X3+X1*X0
[2026-04-24 05:47:39,366][dowhy.causal_model][INFO] - Model to find the causal effect of treatment ['X2'] on outcome ['X0']
[2026-04-24 05:47:39,366][dowhy.causal_identifier.auto_identifier][WARNING] - No directed path from treatment to outcome. Causal Effect is zero.
[2026-04-24 05:47:39,366][dowhy.causal_model][INFO] - linear_regression
[2026-04-24 05:47:39,366][dowhy.causal_estimator][INFO] - INFO: Using Linear Regression Estimator
[2026-04-24 05:47:39,366][dowhy.causal_estimator][WARNING] - No directed path from ['X2'] to ['X0'].
[2026-04-24 05:47:39,368][dowhy.causal_model][INFO] - Model to find the causal effect of treatment ['X2'] on outcome ['X1']
[2026-04-24 05:47:39,368][dowhy.causal_identifier.auto_identifier][WARNING] - No directed path from treatment to outcome. Causal Effect is zero.
[2026-04-24 05:47:39,368][dowhy.causal_model][INFO] - linear_regression
[2026-04-24 05:47:39,368][dowhy.causal_estimator][INFO] - INFO: Using Linear Regression Estimator
[2026-04-24 05:47:39,368][dowhy.causal_estimator][WARNING] - No directed path from ['X2'] to ['X1'].
[2026-04-24 05:47:39,370][dowhy.causal_model][INFO] - Model to find the causal effect of treatment ['X2'] on outcome ['X3']
[2026-04-24 05:47:39,370][dowhy.causal_identifier.auto_identifier][WARNING] - No directed path from treatment to outcome. Causal Effect is zero.
[2026-04-24 05:47:39,370][dowhy.causal_model][INFO] - linear_regression
[2026-04-24 05:47:39,370][dowhy.causal_estimator][INFO] - INFO: Using Linear Regression Estimator
[2026-04-24 05:47:39,370][dowhy.causal_estimator][WARNING] - No directed path from ['X2'] to ['X3'].
[2026-04-24 05:47:39,372][dowhy.causal_model][INFO] - Model to find the causal effect of treatment ['X2'] on outcome ['X4']
[2026-04-24 05:47:39,372][dowhy.causal_identifier.auto_identifier][WARNING] - No directed path from treatment to outcome. Causal Effect is zero.
[2026-04-24 05:47:39,372][dowhy.causal_model][INFO] - linear_regression
[2026-04-24 05:47:39,372][dowhy.causal_estimator][INFO] - INFO: Using Linear Regression Estimator
[2026-04-24 05:47:39,372][dowhy.causal_estimator][WARNING] - No directed path from ['X2'] to ['X4'].
[2026-04-24 05:47:39,374][dowhy.causal_model][INFO] - Model to find the causal effect of treatment ['X2'] on outcome ['X5']
[2026-04-24 05:47:39,374][dowhy.causal_identifier.auto_identifier][WARNING] - No directed path from treatment to outcome. Causal Effect is zero.
[2026-04-24 05:47:39,374][dowhy.causal_model][INFO] - linear_regression
[2026-04-24 05:47:39,374][dowhy.causal_estimator][INFO] - INFO: Using Linear Regression Estimator
[2026-04-24 05:47:39,374][dowhy.causal_estimator][WARNING] - No directed path from ['X2'] to ['X5'].
[2026-04-24 05:47:39,376][dowhy.causal_model][INFO] - Model to find the causal effect of treatment ['X2'] on outcome ['X6']
[2026-04-24 05:47:39,377][dowhy.causal_identifier.auto_identifier][INFO] - Causal effect can be identified.
[2026-04-24 05:47:39,378][dowhy.causal_identifier.auto_identifier][INFO] - Instrumental variables for treatment and outcome:[]
[2026-04-24 05:47:39,378][dowhy.causal_identifier.auto_identifier][INFO] - Frontdoor variables for treatment and outcome:[]
[2026-04-24 05:47:39,379][dowhy.causal_model][INFO] - linear_regression
[2026-04-24 05:47:39,379][dowhy.causal_estimator][INFO] - INFO: Using Linear Regression Estimator
[2026-04-24 05:47:39,379][dowhy.causal_estimator][INFO] - b: X6~X2+X2*X5+X2*X4+X2*X1+X2*X3+X2*X0
[2026-04-24 05:47:39,387][dowhy.causal_model][INFO] - Model to find the causal effect of treatment ['X2'] on outcome ['X7']
[2026-04-24 05:47:39,387][dowhy.causal_identifier.auto_identifier][WARNING] - No directed path from treatment to outcome. Causal Effect is zero.
[2026-04-24 05:47:39,387][dowhy.causal_model][INFO] - linear_regression
[2026-04-24 05:47:39,387][dowhy.causal_estimator][INFO] - INFO: Using Linear Regression Estimator
[2026-04-24 05:47:39,387][dowhy.causal_estimator][WARNING] - No directed path from ['X2'] to ['X7'].
[2026-04-24 05:47:39,389][dowhy.causal_model][INFO] - Model to find the causal effect of treatment ['X2'] on outcome ['X8']
[2026-04-24 05:47:39,391][dowhy.causal_identifier.auto_identifier][INFO] - Causal effect can be identified.
[2026-04-24 05:47:39,391][dowhy.causal_identifier.auto_identifier][INFO] - Instrumental variables for treatment and outcome:[]
[2026-04-24 05:47:39,392][dowhy.causal_identifier.auto_identifier][INFO] - Frontdoor variables for treatment and outcome:[]
[2026-04-24 05:47:39,392][dowhy.causal_model][INFO] - linear_regression
[2026-04-24 05:47:39,392][dowhy.causal_estimator][INFO] - INFO: Using Linear Regression Estimator
[2026-04-24 05:47:39,392][dowhy.causal_estimator][INFO] - b: X8~X2+X2*X0+X2*X5+X2*X4+X2*X1
[2026-04-24 05:47:39,400][dowhy.causal_model][INFO] - Model to find the causal effect of treatment ['X2'] on outcome ['X9']
[2026-04-24 05:47:39,401][dowhy.causal_identifier.auto_identifier][INFO] - Causal effect can be identified.
[2026-04-24 05:47:39,402][dowhy.causal_identifier.auto_identifier][INFO] - Instrumental variables for treatment and outcome:[]
[2026-04-24 05:47:39,402][dowhy.causal_identifier.auto_identifier][INFO] - Frontdoor variables for treatment and outcome:[]
[2026-04-24 05:47:39,403][dowhy.causal_model][INFO] - linear_regression
[2026-04-24 05:47:39,403][dowhy.causal_estimator][INFO] - INFO: Using Linear Regression Estimator
[2026-04-24 05:47:39,403][dowhy.causal_estimator][INFO] - b: X9~X2+X2*X5+X2*X4+X2*X1+X2*X3+X2*X0
[2026-04-24 05:47:39,464][dowhy.causal_model][INFO] - Model to find the causal effect of treatment ['X3'] on outcome ['X0']
[2026-04-24 05:47:39,464][dowhy.causal_identifier.auto_identifier][WARNING] - No directed path from treatment to outcome. Causal Effect is zero.
[2026-04-24 05:47:39,464][dowhy.causal_model][INFO] - linear_regression
[2026-04-24 05:47:39,464][dowhy.causal_estimator][INFO] - INFO: Using Linear Regression Estimator
[2026-04-24 05:47:39,464][dowhy.causal_estimator][WARNING] - No directed path from ['X3'] to ['X0'].
[2026-04-24 05:47:39,466][dowhy.causal_model][INFO] - Model to find the causal effect of treatment ['X3'] on outcome ['X1']
[2026-04-24 05:47:39,466][dowhy.causal_identifier.auto_identifier][WARNING] - No directed path from treatment to outcome. Causal Effect is zero.
[2026-04-24 05:47:39,466][dowhy.causal_model][INFO] - linear_regression
[2026-04-24 05:47:39,466][dowhy.causal_estimator][INFO] - INFO: Using Linear Regression Estimator
[2026-04-24 05:47:39,466][dowhy.causal_estimator][WARNING] - No directed path from ['X3'] to ['X1'].
[2026-04-24 05:47:39,468][dowhy.causal_model][INFO] - Model to find the causal effect of treatment ['X3'] on outcome ['X2']
[2026-04-24 05:47:39,468][dowhy.causal_identifier.auto_identifier][WARNING] - No directed path from treatment to outcome. Causal Effect is zero.
[2026-04-24 05:47:39,468][dowhy.causal_model][INFO] - linear_regression
[2026-04-24 05:47:39,468][dowhy.causal_estimator][INFO] - INFO: Using Linear Regression Estimator
[2026-04-24 05:47:39,468][dowhy.causal_estimator][WARNING] - No directed path from ['X3'] to ['X2'].
[2026-04-24 05:47:39,470][dowhy.causal_model][INFO] - Model to find the causal effect of treatment ['X3'] on outcome ['X4']
[2026-04-24 05:47:39,470][dowhy.causal_identifier.auto_identifier][WARNING] - No directed path from treatment to outcome. Causal Effect is zero.
[2026-04-24 05:47:39,470][dowhy.causal_model][INFO] - linear_regression
[2026-04-24 05:47:39,470][dowhy.causal_estimator][INFO] - INFO: Using Linear Regression Estimator
[2026-04-24 05:47:39,470][dowhy.causal_estimator][WARNING] - No directed path from ['X3'] to ['X4'].
[2026-04-24 05:47:39,472][dowhy.causal_model][INFO] - Model to find the causal effect of treatment ['X3'] on outcome ['X5']
[2026-04-24 05:47:39,472][dowhy.causal_identifier.auto_identifier][WARNING] - No directed path from treatment to outcome. Causal Effect is zero.
[2026-04-24 05:47:39,472][dowhy.causal_model][INFO] - linear_regression
[2026-04-24 05:47:39,472][dowhy.causal_estimator][INFO] - INFO: Using Linear Regression Estimator
[2026-04-24 05:47:39,472][dowhy.causal_estimator][WARNING] - No directed path from ['X3'] to ['X5'].
[2026-04-24 05:47:39,474][dowhy.causal_model][INFO] - Model to find the causal effect of treatment ['X3'] on outcome ['X6']
[2026-04-24 05:47:39,476][dowhy.causal_identifier.auto_identifier][INFO] - Causal effect can be identified.
[2026-04-24 05:47:39,477][dowhy.causal_identifier.auto_identifier][INFO] - Instrumental variables for treatment and outcome:[]
[2026-04-24 05:47:39,477][dowhy.causal_identifier.auto_identifier][INFO] - Frontdoor variables for treatment and outcome:[]
[2026-04-24 05:47:39,477][dowhy.causal_model][INFO] - linear_regression
[2026-04-24 05:47:39,477][dowhy.causal_estimator][INFO] - INFO: Using Linear Regression Estimator
[2026-04-24 05:47:39,477][dowhy.causal_estimator][INFO] - b: X6~X3+X3*X5+X3*X4+X3*X1+X3*X2+X3*X0
[2026-04-24 05:47:39,486][dowhy.causal_model][INFO] - Model to find the causal effect of treatment ['X3'] on outcome ['X7']
[2026-04-24 05:47:39,486][dowhy.causal_identifier.auto_identifier][WARNING] - No directed path from treatment to outcome. Causal Effect is zero.
[2026-04-24 05:47:39,486][dowhy.causal_model][INFO] - linear_regression
[2026-04-24 05:47:39,486][dowhy.causal_estimator][INFO] - INFO: Using Linear Regression Estimator
[2026-04-24 05:47:39,486][dowhy.causal_estimator][WARNING] - No directed path from ['X3'] to ['X7'].
[2026-04-24 05:47:39,488][dowhy.causal_model][INFO] - Model to find the causal effect of treatment ['X3'] on outcome ['X8']
[2026-04-24 05:47:39,488][dowhy.causal_identifier.auto_identifier][WARNING] - No directed path from treatment to outcome. Causal Effect is zero.
[2026-04-24 05:47:39,488][dowhy.causal_model][INFO] - linear_regression
[2026-04-24 05:47:39,488][dowhy.causal_estimator][INFO] - INFO: Using Linear Regression Estimator
[2026-04-24 05:47:39,488][dowhy.causal_estimator][WARNING] - No directed path from ['X3'] to ['X8'].
[2026-04-24 05:47:39,490][dowhy.causal_model][INFO] - Model to find the causal effect of treatment ['X3'] on outcome ['X9']
[2026-04-24 05:47:39,492][dowhy.causal_identifier.auto_identifier][INFO] - Causal effect can be identified.
[2026-04-24 05:47:39,493][dowhy.causal_identifier.auto_identifier][INFO] - Instrumental variables for treatment and outcome:[]
[2026-04-24 05:47:39,493][dowhy.causal_identifier.auto_identifier][INFO] - Frontdoor variables for treatment and outcome:[]
[2026-04-24 05:47:39,494][dowhy.causal_model][INFO] - linear_regression
[2026-04-24 05:47:39,494][dowhy.causal_estimator][INFO] - INFO: Using Linear Regression Estimator
[2026-04-24 05:47:39,494][dowhy.causal_estimator][INFO] - b: X9~X3+X3*X5+X3*X4+X3*X1+X3*X2+X3*X0
[2026-04-24 05:47:39,559][dowhy.causal_model][INFO] - Model to find the causal effect of treatment ['X4'] on outcome ['X0']
[2026-04-24 05:47:39,559][dowhy.causal_identifier.auto_identifier][WARNING] - No directed path from treatment to outcome. Causal Effect is zero.
[2026-04-24 05:47:39,559][dowhy.causal_model][INFO] - linear_regression
[2026-04-24 05:47:39,559][dowhy.causal_estimator][INFO] - INFO: Using Linear Regression Estimator
[2026-04-24 05:47:39,559][dowhy.causal_estimator][WARNING] - No directed path from ['X4'] to ['X0'].
[2026-04-24 05:47:39,561][dowhy.causal_model][INFO] - Model to find the causal effect of treatment ['X4'] on outcome ['X1']
[2026-04-24 05:47:39,561][dowhy.causal_identifier.auto_identifier][WARNING] - No directed path from treatment to outcome. Causal Effect is zero.
[2026-04-24 05:47:39,561][dowhy.causal_model][INFO] - linear_regression
[2026-04-24 05:47:39,561][dowhy.causal_estimator][INFO] - INFO: Using Linear Regression Estimator
[2026-04-24 05:47:39,561][dowhy.causal_estimator][WARNING] - No directed path from ['X4'] to ['X1'].
[2026-04-24 05:47:39,563][dowhy.causal_model][INFO] - Model to find the causal effect of treatment ['X4'] on outcome ['X2']
[2026-04-24 05:47:39,563][dowhy.causal_identifier.auto_identifier][WARNING] - No directed path from treatment to outcome. Causal Effect is zero.
[2026-04-24 05:47:39,563][dowhy.causal_model][INFO] - linear_regression
[2026-04-24 05:47:39,563][dowhy.causal_estimator][INFO] - INFO: Using Linear Regression Estimator
[2026-04-24 05:47:39,563][dowhy.causal_estimator][WARNING] - No directed path from ['X4'] to ['X2'].
[2026-04-24 05:47:39,565][dowhy.causal_model][INFO] - Model to find the causal effect of treatment ['X4'] on outcome ['X3']
[2026-04-24 05:47:39,565][dowhy.causal_identifier.auto_identifier][WARNING] - No directed path from treatment to outcome. Causal Effect is zero.
[2026-04-24 05:47:39,565][dowhy.causal_model][INFO] - linear_regression
[2026-04-24 05:47:39,565][dowhy.causal_estimator][INFO] - INFO: Using Linear Regression Estimator
[2026-04-24 05:47:39,565][dowhy.causal_estimator][WARNING] - No directed path from ['X4'] to ['X3'].
[2026-04-24 05:47:39,567][dowhy.causal_model][INFO] - Model to find the causal effect of treatment ['X4'] on outcome ['X5']
[2026-04-24 05:47:39,568][dowhy.causal_identifier.auto_identifier][INFO] - Causal effect can be identified.
[2026-04-24 05:47:39,568][dowhy.causal_identifier.auto_identifier][INFO] - Instrumental variables for treatment and outcome:['X0']
[2026-04-24 05:47:39,569][dowhy.causal_identifier.auto_identifier][INFO] - Frontdoor variables for treatment and outcome:[]
[2026-04-24 05:47:39,569][dowhy.causal_model][INFO] - linear_regression
[2026-04-24 05:47:39,569][dowhy.causal_estimator][INFO] - INFO: Using Linear Regression Estimator
[2026-04-24 05:47:39,569][dowhy.causal_estimator][INFO] - b: X5~X4+X1
[2026-04-24 05:47:39,577][dowhy.causal_model][INFO] - Model to find the causal effect of treatment ['X4'] on outcome ['X6']
[2026-04-24 05:47:39,578][dowhy.causal_identifier.auto_identifier][INFO] - Causal effect can be identified.
[2026-04-24 05:47:39,578][dowhy.causal_identifier.auto_identifier][INFO] - Instrumental variables for treatment and outcome:['X0']
[2026-04-24 05:47:39,580][dowhy.causal_identifier.auto_identifier][INFO] - Frontdoor variables for treatment and outcome:[]
[2026-04-24 05:47:39,580][dowhy.causal_model][INFO] - linear_regression
[2026-04-24 05:47:39,580][dowhy.causal_estimator][INFO] - INFO: Using Linear Regression Estimator
[2026-04-24 05:47:39,580][dowhy.causal_estimator][INFO] - b: X6~X4+X1+X4*X2+X4*X3
[2026-04-24 05:47:39,589][dowhy.causal_model][INFO] - Model to find the causal effect of treatment ['X4'] on outcome ['X7']
[2026-04-24 05:47:39,590][dowhy.causal_identifier.auto_identifier][INFO] - Causal effect can be identified.
[2026-04-24 05:47:39,590][dowhy.causal_identifier.auto_identifier][INFO] - Instrumental variables for treatment and outcome:['X1']
[2026-04-24 05:47:39,592][dowhy.causal_identifier.auto_identifier][INFO] - Frontdoor variables for treatment and outcome:[]
[2026-04-24 05:47:39,592][dowhy.causal_model][INFO] - linear_regression
[2026-04-24 05:47:39,592][dowhy.causal_estimator][INFO] - INFO: Using Linear Regression Estimator
[2026-04-24 05:47:39,592][dowhy.causal_estimator][INFO] - b: X7~X4+X0
[2026-04-24 05:47:39,599][dowhy.causal_model][INFO] - Model to find the causal effect of treatment ['X4'] on outcome ['X8']
[2026-04-24 05:47:39,600][dowhy.causal_identifier.auto_identifier][INFO] - Causal effect can be identified.
[2026-04-24 05:47:39,601][dowhy.causal_identifier.auto_identifier][INFO] - Instrumental variables for treatment and outcome:['X0']
[2026-04-24 05:47:39,603][dowhy.causal_identifier.auto_identifier][INFO] - Frontdoor variables for treatment and outcome:[]
[2026-04-24 05:47:39,603][dowhy.causal_model][INFO] - linear_regression
[2026-04-24 05:47:39,603][dowhy.causal_estimator][INFO] - INFO: Using Linear Regression Estimator
[2026-04-24 05:47:39,604][dowhy.causal_estimator][INFO] - b: X8~X4+X1+X4*X2
[2026-04-24 05:47:39,612][dowhy.causal_model][INFO] - Model to find the causal effect of treatment ['X4'] on outcome ['X9']
[2026-04-24 05:47:39,613][dowhy.causal_identifier.auto_identifier][INFO] - Causal effect can be identified.
[2026-04-24 05:47:39,614][dowhy.causal_identifier.auto_identifier][INFO] - Instrumental variables for treatment and outcome:['X0']
[2026-04-24 05:47:39,616][dowhy.causal_identifier.auto_identifier][INFO] - Frontdoor variables for treatment and outcome:[]
[2026-04-24 05:47:39,616][dowhy.causal_model][INFO] - linear_regression
[2026-04-24 05:47:39,616][dowhy.causal_estimator][INFO] - INFO: Using Linear Regression Estimator
[2026-04-24 05:47:39,616][dowhy.causal_estimator][INFO] - b: X9~X4+X1+X4*X2+X4*X3
[2026-04-24 05:47:39,674][dowhy.causal_model][INFO] - Model to find the causal effect of treatment ['X5'] on outcome ['X0']
[2026-04-24 05:47:39,674][dowhy.causal_identifier.auto_identifier][WARNING] - No directed path from treatment to outcome. Causal Effect is zero.
[2026-04-24 05:47:39,674][dowhy.causal_model][INFO] - linear_regression
[2026-04-24 05:47:39,674][dowhy.causal_estimator][INFO] - INFO: Using Linear Regression Estimator
[2026-04-24 05:47:39,674][dowhy.causal_estimator][WARNING] - No directed path from ['X5'] to ['X0'].
[2026-04-24 05:47:39,676][dowhy.causal_model][INFO] - Model to find the causal effect of treatment ['X5'] on outcome ['X1']
[2026-04-24 05:47:39,676][dowhy.causal_identifier.auto_identifier][WARNING] - No directed path from treatment to outcome. Causal Effect is zero.
[2026-04-24 05:47:39,676][dowhy.causal_model][INFO] - linear_regression
[2026-04-24 05:47:39,676][dowhy.causal_estimator][INFO] - INFO: Using Linear Regression Estimator
[2026-04-24 05:47:39,676][dowhy.causal_estimator][WARNING] - No directed path from ['X5'] to ['X1'].
[2026-04-24 05:47:39,678][dowhy.causal_model][INFO] - Model to find the causal effect of treatment ['X5'] on outcome ['X2']
[2026-04-24 05:47:39,678][dowhy.causal_identifier.auto_identifier][WARNING] - No directed path from treatment to outcome. Causal Effect is zero.
[2026-04-24 05:47:39,678][dowhy.causal_model][INFO] - linear_regression
[2026-04-24 05:47:39,678][dowhy.causal_estimator][INFO] - INFO: Using Linear Regression Estimator
[2026-04-24 05:47:39,678][dowhy.causal_estimator][WARNING] - No directed path from ['X5'] to ['X2'].
[2026-04-24 05:47:39,680][dowhy.causal_model][INFO] - Model to find the causal effect of treatment ['X5'] on outcome ['X3']
[2026-04-24 05:47:39,680][dowhy.causal_identifier.auto_identifier][WARNING] - No directed path from treatment to outcome. Causal Effect is zero.
[2026-04-24 05:47:39,680][dowhy.causal_model][INFO] - linear_regression
[2026-04-24 05:47:39,680][dowhy.causal_estimator][INFO] - INFO: Using Linear Regression Estimator
[2026-04-24 05:47:39,680][dowhy.causal_estimator][WARNING] - No directed path from ['X5'] to ['X3'].
[2026-04-24 05:47:39,682][dowhy.causal_model][INFO] - Model to find the causal effect of treatment ['X5'] on outcome ['X4']
[2026-04-24 05:47:39,682][dowhy.causal_identifier.auto_identifier][WARNING] - No directed path from treatment to outcome. Causal Effect is zero.
[2026-04-24 05:47:39,682][dowhy.causal_model][INFO] - linear_regression
[2026-04-24 05:47:39,683][dowhy.causal_estimator][INFO] - INFO: Using Linear Regression Estimator
[2026-04-24 05:47:39,683][dowhy.causal_estimator][WARNING] - No directed path from ['X5'] to ['X4'].
[2026-04-24 05:47:39,684][dowhy.causal_model][INFO] - Model to find the causal effect of treatment ['X5'] on outcome ['X6']
[2026-04-24 05:47:39,686][dowhy.causal_identifier.auto_identifier][INFO] - Causal effect can be identified.
[2026-04-24 05:47:39,687][dowhy.causal_identifier.auto_identifier][INFO] - Instrumental variables for treatment and outcome:['X4', 'X1']
[2026-04-24 05:47:39,687][dowhy.causal_identifier.auto_identifier][INFO] - Frontdoor variables for treatment and outcome:[]
[2026-04-24 05:47:39,688][dowhy.causal_model][INFO] - linear_regression
[2026-04-24 05:47:39,688][dowhy.causal_estimator][INFO] - INFO: Using Linear Regression Estimator
[2026-04-24 05:47:39,688][dowhy.causal_estimator][INFO] - b: X6~X5+X5*X2+X5*X3
[2026-04-24 05:47:39,697][dowhy.causal_model][INFO] - Model to find the causal effect of treatment ['X5'] on outcome ['X7']
[2026-04-24 05:47:39,697][dowhy.causal_identifier.auto_identifier][WARNING] - No directed path from treatment to outcome. Causal Effect is zero.
[2026-04-24 05:47:39,697][dowhy.causal_model][INFO] - linear_regression
[2026-04-24 05:47:39,697][dowhy.causal_estimator][INFO] - INFO: Using Linear Regression Estimator
[2026-04-24 05:47:39,697][dowhy.causal_estimator][WARNING] - No directed path from ['X5'] to ['X7'].
[2026-04-24 05:47:39,699][dowhy.causal_model][INFO] - Model to find the causal effect of treatment ['X5'] on outcome ['X8']
[2026-04-24 05:47:39,701][dowhy.causal_identifier.auto_identifier][INFO] - Causal effect can be identified.
[2026-04-24 05:47:39,701][dowhy.causal_identifier.auto_identifier][INFO] - Instrumental variables for treatment and outcome:['X4', 'X1']
[2026-04-24 05:47:39,702][dowhy.causal_identifier.auto_identifier][INFO] - Frontdoor variables for treatment and outcome:[]
[2026-04-24 05:47:39,702][dowhy.causal_model][INFO] - linear_regression
[2026-04-24 05:47:39,702][dowhy.causal_estimator][INFO] - INFO: Using Linear Regression Estimator
[2026-04-24 05:47:39,703][dowhy.causal_estimator][INFO] - b: X8~X5+X5*X2
[2026-04-24 05:47:39,711][dowhy.causal_model][INFO] - Model to find the causal effect of treatment ['X5'] on outcome ['X9']
[2026-04-24 05:47:39,713][dowhy.causal_identifier.auto_identifier][INFO] - Causal effect can be identified.
[2026-04-24 05:47:39,714][dowhy.causal_identifier.auto_identifier][INFO] - Instrumental variables for treatment and outcome:['X4', 'X1']
[2026-04-24 05:47:39,714][dowhy.causal_identifier.auto_identifier][INFO] - Frontdoor variables for treatment and outcome:[]
[2026-04-24 05:47:39,714][dowhy.causal_model][INFO] - linear_regression
[2026-04-24 05:47:39,714][dowhy.causal_estimator][INFO] - INFO: Using Linear Regression Estimator
[2026-04-24 05:47:39,715][dowhy.causal_estimator][INFO] - b: X9~X5+X5*X2+X5*X3
[2026-04-24 05:47:39,780][dowhy.causal_model][INFO] - Model to find the causal effect of treatment ['X6'] on outcome ['X0']
[2026-04-24 05:47:39,780][dowhy.causal_identifier.auto_identifier][WARNING] - No directed path from treatment to outcome. Causal Effect is zero.
[2026-04-24 05:47:39,780][dowhy.causal_model][INFO] - linear_regression
[2026-04-24 05:47:39,780][dowhy.causal_estimator][INFO] - INFO: Using Linear Regression Estimator
[2026-04-24 05:47:39,780][dowhy.causal_estimator][WARNING] - No directed path from ['X6'] to ['X0'].
[2026-04-24 05:47:39,782][dowhy.causal_model][INFO] - Model to find the causal effect of treatment ['X6'] on outcome ['X1']
[2026-04-24 05:47:39,782][dowhy.causal_identifier.auto_identifier][WARNING] - No directed path from treatment to outcome. Causal Effect is zero.
[2026-04-24 05:47:39,782][dowhy.causal_model][INFO] - linear_regression
[2026-04-24 05:47:39,782][dowhy.causal_estimator][INFO] - INFO: Using Linear Regression Estimator
[2026-04-24 05:47:39,782][dowhy.causal_estimator][WARNING] - No directed path from ['X6'] to ['X1'].
[2026-04-24 05:47:39,784][dowhy.causal_model][INFO] - Model to find the causal effect of treatment ['X6'] on outcome ['X2']
[2026-04-24 05:47:39,784][dowhy.causal_identifier.auto_identifier][WARNING] - No directed path from treatment to outcome. Causal Effect is zero.
[2026-04-24 05:47:39,784][dowhy.causal_model][INFO] - linear_regression
[2026-04-24 05:47:39,784][dowhy.causal_estimator][INFO] - INFO: Using Linear Regression Estimator
[2026-04-24 05:47:39,784][dowhy.causal_estimator][WARNING] - No directed path from ['X6'] to ['X2'].
[2026-04-24 05:47:39,786][dowhy.causal_model][INFO] - Model to find the causal effect of treatment ['X6'] on outcome ['X3']
[2026-04-24 05:47:39,786][dowhy.causal_identifier.auto_identifier][WARNING] - No directed path from treatment to outcome. Causal Effect is zero.
[2026-04-24 05:47:39,786][dowhy.causal_model][INFO] - linear_regression
[2026-04-24 05:47:39,786][dowhy.causal_estimator][INFO] - INFO: Using Linear Regression Estimator
[2026-04-24 05:47:39,786][dowhy.causal_estimator][WARNING] - No directed path from ['X6'] to ['X3'].
[2026-04-24 05:47:39,788][dowhy.causal_model][INFO] - Model to find the causal effect of treatment ['X6'] on outcome ['X4']
[2026-04-24 05:47:39,788][dowhy.causal_identifier.auto_identifier][WARNING] - No directed path from treatment to outcome. Causal Effect is zero.
[2026-04-24 05:47:39,788][dowhy.causal_model][INFO] - linear_regression
[2026-04-24 05:47:39,788][dowhy.causal_estimator][INFO] - INFO: Using Linear Regression Estimator
[2026-04-24 05:47:39,788][dowhy.causal_estimator][WARNING] - No directed path from ['X6'] to ['X4'].
[2026-04-24 05:47:39,790][dowhy.causal_model][INFO] - Model to find the causal effect of treatment ['X6'] on outcome ['X5']
[2026-04-24 05:47:39,790][dowhy.causal_identifier.auto_identifier][WARNING] - No directed path from treatment to outcome. Causal Effect is zero.
[2026-04-24 05:47:39,790][dowhy.causal_model][INFO] - linear_regression
[2026-04-24 05:47:39,790][dowhy.causal_estimator][INFO] - INFO: Using Linear Regression Estimator
[2026-04-24 05:47:39,790][dowhy.causal_estimator][WARNING] - No directed path from ['X6'] to ['X5'].
[2026-04-24 05:47:39,791][dowhy.causal_model][INFO] - Model to find the causal effect of treatment ['X6'] on outcome ['X7']
[2026-04-24 05:47:39,791][dowhy.causal_identifier.auto_identifier][WARNING] - No directed path from treatment to outcome. Causal Effect is zero.
[2026-04-24 05:47:39,791][dowhy.causal_model][INFO] - linear_regression
[2026-04-24 05:47:39,791][dowhy.causal_estimator][INFO] - INFO: Using Linear Regression Estimator
[2026-04-24 05:47:39,792][dowhy.causal_estimator][WARNING] - No directed path from ['X6'] to ['X7'].
[2026-04-24 05:47:39,793][dowhy.causal_model][INFO] - Model to find the causal effect of treatment ['X6'] on outcome ['X8']
[2026-04-24 05:47:39,793][dowhy.causal_identifier.auto_identifier][WARNING] - No directed path from treatment to outcome. Causal Effect is zero.
[2026-04-24 05:47:39,793][dowhy.causal_model][INFO] - linear_regression
[2026-04-24 05:47:39,793][dowhy.causal_estimator][INFO] - INFO: Using Linear Regression Estimator
[2026-04-24 05:47:39,793][dowhy.causal_estimator][WARNING] - No directed path from ['X6'] to ['X8'].
[2026-04-24 05:47:39,795][dowhy.causal_model][INFO] - Model to find the causal effect of treatment ['X6'] on outcome ['X9']
[2026-04-24 05:47:39,797][dowhy.causal_identifier.auto_identifier][INFO] - Causal effect can be identified.
[2026-04-24 05:47:39,798][dowhy.causal_identifier.auto_identifier][INFO] - Instrumental variables for treatment and outcome:['X2', 'X5']
[2026-04-24 05:47:39,798][dowhy.causal_identifier.auto_identifier][INFO] - Frontdoor variables for treatment and outcome:[]
[2026-04-24 05:47:39,798][dowhy.causal_model][INFO] - linear_regression
[2026-04-24 05:47:39,798][dowhy.causal_estimator][INFO] - INFO: Using Linear Regression Estimator
[2026-04-24 05:47:39,799][dowhy.causal_estimator][INFO] - b: X9~X6+X3
[2026-04-24 05:47:39,856][dowhy.causal_model][INFO] - Model to find the causal effect of treatment ['X7'] on outcome ['X0']
[2026-04-24 05:47:39,856][dowhy.causal_identifier.auto_identifier][WARNING] - No directed path from treatment to outcome. Causal Effect is zero.
[2026-04-24 05:47:39,856][dowhy.causal_model][INFO] - linear_regression
[2026-04-24 05:47:39,856][dowhy.causal_estimator][INFO] - INFO: Using Linear Regression Estimator
[2026-04-24 05:47:39,856][dowhy.causal_estimator][WARNING] - No directed path from ['X7'] to ['X0'].
[2026-04-24 05:47:39,858][dowhy.causal_model][INFO] - Model to find the causal effect of treatment ['X7'] on outcome ['X1']
[2026-04-24 05:47:39,858][dowhy.causal_identifier.auto_identifier][WARNING] - No directed path from treatment to outcome. Causal Effect is zero.
[2026-04-24 05:47:39,858][dowhy.causal_model][INFO] - linear_regression
[2026-04-24 05:47:39,858][dowhy.causal_estimator][INFO] - INFO: Using Linear Regression Estimator
[2026-04-24 05:47:39,858][dowhy.causal_estimator][WARNING] - No directed path from ['X7'] to ['X1'].
[2026-04-24 05:47:39,860][dowhy.causal_model][INFO] - Model to find the causal effect of treatment ['X7'] on outcome ['X2']
[2026-04-24 05:47:39,860][dowhy.causal_identifier.auto_identifier][WARNING] - No directed path from treatment to outcome. Causal Effect is zero.
[2026-04-24 05:47:39,860][dowhy.causal_model][INFO] - linear_regression
[2026-04-24 05:47:39,860][dowhy.causal_estimator][INFO] - INFO: Using Linear Regression Estimator
[2026-04-24 05:47:39,860][dowhy.causal_estimator][WARNING] - No directed path from ['X7'] to ['X2'].
[2026-04-24 05:47:39,861][dowhy.causal_model][INFO] - Model to find the causal effect of treatment ['X7'] on outcome ['X3']
[2026-04-24 05:47:39,861][dowhy.causal_identifier.auto_identifier][WARNING] - No directed path from treatment to outcome. Causal Effect is zero.
[2026-04-24 05:47:39,862][dowhy.causal_model][INFO] - linear_regression
[2026-04-24 05:47:39,862][dowhy.causal_estimator][INFO] - INFO: Using Linear Regression Estimator
[2026-04-24 05:47:39,862][dowhy.causal_estimator][WARNING] - No directed path from ['X7'] to ['X3'].
[2026-04-24 05:47:39,863][dowhy.causal_model][INFO] - Model to find the causal effect of treatment ['X7'] on outcome ['X4']
[2026-04-24 05:47:39,863][dowhy.causal_identifier.auto_identifier][WARNING] - No directed path from treatment to outcome. Causal Effect is zero.
[2026-04-24 05:47:39,863][dowhy.causal_model][INFO] - linear_regression
[2026-04-24 05:47:39,863][dowhy.causal_estimator][INFO] - INFO: Using Linear Regression Estimator
[2026-04-24 05:47:39,863][dowhy.causal_estimator][WARNING] - No directed path from ['X7'] to ['X4'].
[2026-04-24 05:47:39,865][dowhy.causal_model][INFO] - Model to find the causal effect of treatment ['X7'] on outcome ['X5']
[2026-04-24 05:47:39,865][dowhy.causal_identifier.auto_identifier][WARNING] - No directed path from treatment to outcome. Causal Effect is zero.
[2026-04-24 05:47:39,865][dowhy.causal_model][INFO] - linear_regression
[2026-04-24 05:47:39,865][dowhy.causal_estimator][INFO] - INFO: Using Linear Regression Estimator
[2026-04-24 05:47:39,865][dowhy.causal_estimator][WARNING] - No directed path from ['X7'] to ['X5'].
[2026-04-24 05:47:39,867][dowhy.causal_model][INFO] - Model to find the causal effect of treatment ['X7'] on outcome ['X6']
[2026-04-24 05:47:39,867][dowhy.causal_identifier.auto_identifier][WARNING] - No directed path from treatment to outcome. Causal Effect is zero.
[2026-04-24 05:47:39,867][dowhy.causal_model][INFO] - linear_regression
[2026-04-24 05:47:39,867][dowhy.causal_estimator][INFO] - INFO: Using Linear Regression Estimator
[2026-04-24 05:47:39,867][dowhy.causal_estimator][WARNING] - No directed path from ['X7'] to ['X6'].
[2026-04-24 05:47:39,868][dowhy.causal_model][INFO] - Model to find the causal effect of treatment ['X7'] on outcome ['X8']
[2026-04-24 05:47:39,869][dowhy.causal_identifier.auto_identifier][WARNING] - No directed path from treatment to outcome. Causal Effect is zero.
[2026-04-24 05:47:39,869][dowhy.causal_model][INFO] - linear_regression
[2026-04-24 05:47:39,869][dowhy.causal_estimator][INFO] - INFO: Using Linear Regression Estimator
[2026-04-24 05:47:39,869][dowhy.causal_estimator][WARNING] - No directed path from ['X7'] to ['X8'].
[2026-04-24 05:47:39,870][dowhy.causal_model][INFO] - Model to find the causal effect of treatment ['X7'] on outcome ['X9']
[2026-04-24 05:47:39,870][dowhy.causal_identifier.auto_identifier][WARNING] - No directed path from treatment to outcome. Causal Effect is zero.
[2026-04-24 05:47:39,870][dowhy.causal_model][INFO] - linear_regression
[2026-04-24 05:47:39,870][dowhy.causal_estimator][INFO] - INFO: Using Linear Regression Estimator
[2026-04-24 05:47:39,870][dowhy.causal_estimator][WARNING] - No directed path from ['X7'] to ['X9'].
[2026-04-24 05:47:39,920][dowhy.causal_model][INFO] - Model to find the causal effect of treatment ['X8'] on outcome ['X0']
[2026-04-24 05:47:39,920][dowhy.causal_identifier.auto_identifier][WARNING] - No directed path from treatment to outcome. Causal Effect is zero.
[2026-04-24 05:47:39,920][dowhy.causal_model][INFO] - linear_regression
[2026-04-24 05:47:39,920][dowhy.causal_estimator][INFO] - INFO: Using Linear Regression Estimator
[2026-04-24 05:47:39,920][dowhy.causal_estimator][WARNING] - No directed path from ['X8'] to ['X0'].
[2026-04-24 05:47:39,922][dowhy.causal_model][INFO] - Model to find the causal effect of treatment ['X8'] on outcome ['X1']
[2026-04-24 05:47:39,922][dowhy.causal_identifier.auto_identifier][WARNING] - No directed path from treatment to outcome. Causal Effect is zero.
[2026-04-24 05:47:39,922][dowhy.causal_model][INFO] - linear_regression
[2026-04-24 05:47:39,922][dowhy.causal_estimator][INFO] - INFO: Using Linear Regression Estimator
[2026-04-24 05:47:39,922][dowhy.causal_estimator][WARNING] - No directed path from ['X8'] to ['X1'].
[2026-04-24 05:47:39,924][dowhy.causal_model][INFO] - Model to find the causal effect of treatment ['X8'] on outcome ['X2']
[2026-04-24 05:47:39,924][dowhy.causal_identifier.auto_identifier][WARNING] - No directed path from treatment to outcome. Causal Effect is zero.
[2026-04-24 05:47:39,924][dowhy.causal_model][INFO] - linear_regression
[2026-04-24 05:47:39,924][dowhy.causal_estimator][INFO] - INFO: Using Linear Regression Estimator
[2026-04-24 05:47:39,924][dowhy.causal_estimator][WARNING] - No directed path from ['X8'] to ['X2'].
[2026-04-24 05:47:39,925][dowhy.causal_model][INFO] - Model to find the causal effect of treatment ['X8'] on outcome ['X3']
[2026-04-24 05:47:39,925][dowhy.causal_identifier.auto_identifier][WARNING] - No directed path from treatment to outcome. Causal Effect is zero.
[2026-04-24 05:47:39,925][dowhy.causal_model][INFO] - linear_regression
[2026-04-24 05:47:39,925][dowhy.causal_estimator][INFO] - INFO: Using Linear Regression Estimator
[2026-04-24 05:47:39,926][dowhy.causal_estimator][WARNING] - No directed path from ['X8'] to ['X3'].
[2026-04-24 05:47:39,927][dowhy.causal_model][INFO] - Model to find the causal effect of treatment ['X8'] on outcome ['X4']
[2026-04-24 05:47:39,927][dowhy.causal_identifier.auto_identifier][WARNING] - No directed path from treatment to outcome. Causal Effect is zero.
[2026-04-24 05:47:39,928][dowhy.causal_model][INFO] - linear_regression
[2026-04-24 05:47:39,928][dowhy.causal_estimator][INFO] - INFO: Using Linear Regression Estimator
[2026-04-24 05:47:39,928][dowhy.causal_estimator][WARNING] - No directed path from ['X8'] to ['X4'].
[2026-04-24 05:47:39,929][dowhy.causal_model][INFO] - Model to find the causal effect of treatment ['X8'] on outcome ['X5']
[2026-04-24 05:47:39,929][dowhy.causal_identifier.auto_identifier][WARNING] - No directed path from treatment to outcome. Causal Effect is zero.
[2026-04-24 05:47:39,929][dowhy.causal_model][INFO] - linear_regression
[2026-04-24 05:47:39,930][dowhy.causal_estimator][INFO] - INFO: Using Linear Regression Estimator
[2026-04-24 05:47:39,930][dowhy.causal_estimator][WARNING] - No directed path from ['X8'] to ['X5'].
[2026-04-24 05:47:39,931][dowhy.causal_model][INFO] - Model to find the causal effect of treatment ['X8'] on outcome ['X6']
[2026-04-24 05:47:39,931][dowhy.causal_identifier.auto_identifier][WARNING] - No directed path from treatment to outcome. Causal Effect is zero.
[2026-04-24 05:47:39,931][dowhy.causal_model][INFO] - linear_regression
[2026-04-24 05:47:39,931][dowhy.causal_estimator][INFO] - INFO: Using Linear Regression Estimator
[2026-04-24 05:47:39,931][dowhy.causal_estimator][WARNING] - No directed path from ['X8'] to ['X6'].
[2026-04-24 05:47:39,933][dowhy.causal_model][INFO] - Model to find the causal effect of treatment ['X8'] on outcome ['X7']
[2026-04-24 05:47:39,933][dowhy.causal_identifier.auto_identifier][WARNING] - No directed path from treatment to outcome. Causal Effect is zero.
[2026-04-24 05:47:39,933][dowhy.causal_model][INFO] - linear_regression
[2026-04-24 05:47:39,933][dowhy.causal_estimator][INFO] - INFO: Using Linear Regression Estimator
[2026-04-24 05:47:39,933][dowhy.causal_estimator][WARNING] - No directed path from ['X8'] to ['X7'].
[2026-04-24 05:47:39,935][dowhy.causal_model][INFO] - Model to find the causal effect of treatment ['X8'] on outcome ['X9']
[2026-04-24 05:47:39,935][dowhy.causal_identifier.auto_identifier][WARNING] - No directed path from treatment to outcome. Causal Effect is zero.
[2026-04-24 05:47:39,935][dowhy.causal_model][INFO] - linear_regression
[2026-04-24 05:47:39,935][dowhy.causal_estimator][INFO] - INFO: Using Linear Regression Estimator
[2026-04-24 05:47:39,935][dowhy.causal_estimator][WARNING] - No directed path from ['X8'] to ['X9'].
[2026-04-24 05:47:39,987][dowhy.causal_model][INFO] - Model to find the causal effect of treatment ['X9'] on outcome ['X0']
[2026-04-24 05:47:39,987][dowhy.causal_identifier.auto_identifier][WARNING] - No directed path from treatment to outcome. Causal Effect is zero.
[2026-04-24 05:47:39,987][dowhy.causal_model][INFO] - linear_regression
[2026-04-24 05:47:39,987][dowhy.causal_estimator][INFO] - INFO: Using Linear Regression Estimator
[2026-04-24 05:47:39,987][dowhy.causal_estimator][WARNING] - No directed path from ['X9'] to ['X0'].
[2026-04-24 05:47:39,989][dowhy.causal_model][INFO] - Model to find the causal effect of treatment ['X9'] on outcome ['X1']
[2026-04-24 05:47:39,989][dowhy.causal_identifier.auto_identifier][WARNING] - No directed path from treatment to outcome. Causal Effect is zero.
[2026-04-24 05:47:39,989][dowhy.causal_model][INFO] - linear_regression
[2026-04-24 05:47:39,989][dowhy.causal_estimator][INFO] - INFO: Using Linear Regression Estimator
[2026-04-24 05:47:39,989][dowhy.causal_estimator][WARNING] - No directed path from ['X9'] to ['X1'].
[2026-04-24 05:47:39,991][dowhy.causal_model][INFO] - Model to find the causal effect of treatment ['X9'] on outcome ['X2']
[2026-04-24 05:47:39,991][dowhy.causal_identifier.auto_identifier][WARNING] - No directed path from treatment to outcome. Causal Effect is zero.
[2026-04-24 05:47:39,991][dowhy.causal_model][INFO] - linear_regression
[2026-04-24 05:47:39,991][dowhy.causal_estimator][INFO] - INFO: Using Linear Regression Estimator
[2026-04-24 05:47:39,991][dowhy.causal_estimator][WARNING] - No directed path from ['X9'] to ['X2'].
[2026-04-24 05:47:39,993][dowhy.causal_model][INFO] - Model to find the causal effect of treatment ['X9'] on outcome ['X3']
[2026-04-24 05:47:39,993][dowhy.causal_identifier.auto_identifier][WARNING] - No directed path from treatment to outcome. Causal Effect is zero.
[2026-04-24 05:47:39,993][dowhy.causal_model][INFO] - linear_regression
[2026-04-24 05:47:39,993][dowhy.causal_estimator][INFO] - INFO: Using Linear Regression Estimator
[2026-04-24 05:47:39,993][dowhy.causal_estimator][WARNING] - No directed path from ['X9'] to ['X3'].
[2026-04-24 05:47:39,995][dowhy.causal_model][INFO] - Model to find the causal effect of treatment ['X9'] on outcome ['X4']
[2026-04-24 05:47:39,995][dowhy.causal_identifier.auto_identifier][WARNING] - No directed path from treatment to outcome. Causal Effect is zero.
[2026-04-24 05:47:39,995][dowhy.causal_model][INFO] - linear_regression
[2026-04-24 05:47:39,995][dowhy.causal_estimator][INFO] - INFO: Using Linear Regression Estimator
[2026-04-24 05:47:39,995][dowhy.causal_estimator][WARNING] - No directed path from ['X9'] to ['X4'].
[2026-04-24 05:47:39,997][dowhy.causal_model][INFO] - Model to find the causal effect of treatment ['X9'] on outcome ['X5']
[2026-04-24 05:47:39,997][dowhy.causal_identifier.auto_identifier][WARNING] - No directed path from treatment to outcome. Causal Effect is zero.
[2026-04-24 05:47:39,997][dowhy.causal_model][INFO] - linear_regression
[2026-04-24 05:47:39,997][dowhy.causal_estimator][INFO] - INFO: Using Linear Regression Estimator
[2026-04-24 05:47:39,997][dowhy.causal_estimator][WARNING] - No directed path from ['X9'] to ['X5'].
[2026-04-24 05:47:39,998][dowhy.causal_model][INFO] - Model to find the causal effect of treatment ['X9'] on outcome ['X6']
[2026-04-24 05:47:39,998][dowhy.causal_identifier.auto_identifier][WARNING] - No directed path from treatment to outcome. Causal Effect is zero.
[2026-04-24 05:47:39,999][dowhy.causal_model][INFO] - linear_regression
[2026-04-24 05:47:39,999][dowhy.causal_estimator][INFO] - INFO: Using Linear Regression Estimator
[2026-04-24 05:47:39,999][dowhy.causal_estimator][WARNING] - No directed path from ['X9'] to ['X6'].
[2026-04-24 05:47:40,000][dowhy.causal_model][INFO] - Model to find the causal effect of treatment ['X9'] on outcome ['X7']
[2026-04-24 05:47:40,000][dowhy.causal_identifier.auto_identifier][WARNING] - No directed path from treatment to outcome. Causal Effect is zero.
[2026-04-24 05:47:40,000][dowhy.causal_model][INFO] - linear_regression
[2026-04-24 05:47:40,000][dowhy.causal_estimator][INFO] - INFO: Using Linear Regression Estimator
[2026-04-24 05:47:40,000][dowhy.causal_estimator][WARNING] - No directed path from ['X9'] to ['X7'].
[2026-04-24 05:47:40,002][dowhy.causal_model][INFO] - Model to find the causal effect of treatment ['X9'] on outcome ['X8']
[2026-04-24 05:47:40,002][dowhy.causal_identifier.auto_identifier][WARNING] - No directed path from treatment to outcome. Causal Effect is zero.
[2026-04-24 05:47:40,002][dowhy.causal_model][INFO] - linear_regression
[2026-04-24 05:47:40,002][dowhy.causal_estimator][INFO] - INFO: Using Linear Regression Estimator
[2026-04-24 05:47:40,002][dowhy.causal_estimator][WARNING] - No directed path from ['X9'] to ['X8'].
[2026-04-24 05:47:40,079][dowhy.causal_model][INFO] - Model to find the causal effect of treatment ['X0'] on outcome ['X1']
[2026-04-24 05:47:40,079][dowhy.causal_identifier.auto_identifier][WARNING] - No directed path from treatment to outcome. Causal Effect is zero.
[2026-04-24 05:47:40,079][dowhy.causal_model][INFO] - linear_regression
[2026-04-24 05:47:40,079][dowhy.causal_estimator][INFO] - INFO: Using Linear Regression Estimator
[2026-04-24 05:47:40,079][dowhy.causal_estimator][WARNING] - No directed path from ['X0'] to ['X1'].
[2026-04-24 05:47:40,081][dowhy.causal_model][INFO] - Model to find the causal effect of treatment ['X0'] on outcome ['X2']
[2026-04-24 05:47:40,081][dowhy.causal_identifier.auto_identifier][WARNING] - No directed path from treatment to outcome. Causal Effect is zero.
[2026-04-24 05:47:40,081][dowhy.causal_model][INFO] - linear_regression
[2026-04-24 05:47:40,081][dowhy.causal_estimator][INFO] - INFO: Using Linear Regression Estimator
[2026-04-24 05:47:40,081][dowhy.causal_estimator][WARNING] - No directed path from ['X0'] to ['X2'].
[2026-04-24 05:47:40,083][dowhy.causal_model][INFO] - Model to find the causal effect of treatment ['X0'] on outcome ['X3']
[2026-04-24 05:47:40,083][dowhy.causal_identifier.auto_identifier][WARNING] - No directed path from treatment to outcome. Causal Effect is zero.
[2026-04-24 05:47:40,083][dowhy.causal_model][INFO] - linear_regression
[2026-04-24 05:47:40,083][dowhy.causal_estimator][INFO] - INFO: Using Linear Regression Estimator
[2026-04-24 05:47:40,083][dowhy.causal_estimator][WARNING] - No directed path from ['X0'] to ['X3'].
[2026-04-24 05:47:40,085][dowhy.causal_model][INFO] - Model to find the causal effect of treatment ['X0'] on outcome ['X4']
[2026-04-24 05:47:40,086][dowhy.causal_identifier.auto_identifier][INFO] - Causal effect can be identified.
[2026-04-24 05:47:40,086][dowhy.causal_identifier.auto_identifier][INFO] - Instrumental variables for treatment and outcome:[]
[2026-04-24 05:47:40,086][dowhy.causal_identifier.auto_identifier][INFO] - Frontdoor variables for treatment and outcome:[]
[2026-04-24 05:47:40,086][dowhy.causal_model][INFO] - linear_regression
[2026-04-24 05:47:40,086][dowhy.causal_estimator][INFO] - INFO: Using Linear Regression Estimator
[2026-04-24 05:47:40,087][dowhy.causal_estimator][INFO] - b: X4~X0+X0*X1
[2026-04-24 05:47:40,094][dowhy.causal_model][INFO] - Model to find the causal effect of treatment ['X0'] on outcome ['X5']
[2026-04-24 05:47:40,095][dowhy.causal_identifier.auto_identifier][INFO] - Causal effect can be identified.
[2026-04-24 05:47:40,096][dowhy.causal_identifier.auto_identifier][INFO] - Instrumental variables for treatment and outcome:[]
[2026-04-24 05:47:40,096][dowhy.causal_identifier.auto_identifier][INFO] - Frontdoor variables for treatment and outcome:[]
[2026-04-24 05:47:40,096][dowhy.causal_model][INFO] - linear_regression
[2026-04-24 05:47:40,096][dowhy.causal_estimator][INFO] - INFO: Using Linear Regression Estimator
[2026-04-24 05:47:40,096][dowhy.causal_estimator][INFO] - b: X5~X0+X0*X1
[2026-04-24 05:47:40,104][dowhy.causal_model][INFO] - Model to find the causal effect of treatment ['X0'] on outcome ['X6']
[2026-04-24 05:47:40,105][dowhy.causal_identifier.auto_identifier][INFO] - Causal effect can be identified.
[2026-04-24 05:47:40,105][dowhy.causal_identifier.auto_identifier][INFO] - Instrumental variables for treatment and outcome:[]
[2026-04-24 05:47:40,108][dowhy.causal_identifier.auto_identifier][INFO] - Frontdoor variables for treatment and outcome:['X7', 'X5', 'X4']
[2026-04-24 05:47:40,109][dowhy.causal_identifier.auto_identifier][INFO] - Causal effect can be identified.
[2026-04-24 05:47:40,111][dowhy.causal_identifier.auto_identifier][INFO] - Causal effect can be identified.
[2026-04-24 05:47:40,112][dowhy.causal_model][INFO] - linear_regression
[2026-04-24 05:47:40,112][dowhy.causal_estimator][INFO] - INFO: Using Linear Regression Estimator
[2026-04-24 05:47:40,112][dowhy.causal_estimator][INFO] - b: X6~X0+X0*X2+X0*X3+X0*X1
[2026-04-24 05:47:40,119][dowhy.causal_model][INFO] - Model to find the causal effect of treatment ['X0'] on outcome ['X7']
[2026-04-24 05:47:40,120][dowhy.causal_identifier.auto_identifier][INFO] - Causal effect can be identified.
[2026-04-24 05:47:40,121][dowhy.causal_identifier.auto_identifier][INFO] - Instrumental variables for treatment and outcome:[]
[2026-04-24 05:47:40,123][dowhy.causal_identifier.auto_identifier][INFO] - Frontdoor variables for treatment and outcome:[]
[2026-04-24 05:47:40,123][dowhy.causal_model][INFO] - linear_regression
[2026-04-24 05:47:40,123][dowhy.causal_estimator][INFO] - INFO: Using Linear Regression Estimator
[2026-04-24 05:47:40,124][dowhy.causal_estimator][INFO] - b: X7~X0+X0*X1
[2026-04-24 05:47:40,131][dowhy.causal_model][INFO] - Model to find the causal effect of treatment ['X0'] on outcome ['X8']
[2026-04-24 05:47:40,132][dowhy.causal_identifier.auto_identifier][INFO] - Causal effect can be identified.
[2026-04-24 05:47:40,133][dowhy.causal_identifier.auto_identifier][INFO] - Instrumental variables for treatment and outcome:[]
[2026-04-24 05:47:40,138][dowhy.causal_identifier.auto_identifier][INFO] - Frontdoor variables for treatment and outcome:['X5', 'X4', 'X7']
[2026-04-24 05:47:40,139][dowhy.causal_identifier.auto_identifier][INFO] - Causal effect can be identified.
[2026-04-24 05:47:40,141][dowhy.causal_identifier.auto_identifier][INFO] - Causal effect can be identified.
[2026-04-24 05:47:40,141][dowhy.causal_model][INFO] - linear_regression
[2026-04-24 05:47:40,141][dowhy.causal_estimator][INFO] - INFO: Using Linear Regression Estimator
[2026-04-24 05:47:40,142][dowhy.causal_estimator][INFO] - b: X8~X0+X0*X2+X0*X1
[2026-04-24 05:47:40,150][dowhy.causal_model][INFO] - Model to find the causal effect of treatment ['X0'] on outcome ['X9']
[2026-04-24 05:47:40,151][dowhy.causal_identifier.auto_identifier][INFO] - Causal effect can be identified.
[2026-04-24 05:47:40,152][dowhy.causal_identifier.auto_identifier][INFO] - Instrumental variables for treatment and outcome:[]
[2026-04-24 05:47:40,157][dowhy.causal_identifier.auto_identifier][INFO] - Frontdoor variables for treatment and outcome:['X5', 'X4', 'X7']
[2026-04-24 05:47:40,159][dowhy.causal_identifier.auto_identifier][INFO] - Causal effect can be identified.
[2026-04-24 05:47:40,160][dowhy.causal_identifier.auto_identifier][INFO] - Causal effect can be identified.
[2026-04-24 05:47:40,161][dowhy.causal_model][INFO] - linear_regression
[2026-04-24 05:47:40,161][dowhy.causal_estimator][INFO] - INFO: Using Linear Regression Estimator
[2026-04-24 05:47:40,162][dowhy.causal_estimator][INFO] - b: X9~X0+X0*X2+X0*X3+X0*X1
[2026-04-24 05:47:40,224][dowhy.causal_model][INFO] - Model to find the causal effect of treatment ['X1'] on outcome ['X0']
[2026-04-24 05:47:40,224][dowhy.causal_identifier.auto_identifier][WARNING] - No directed path from treatment to outcome. Causal Effect is zero.
[2026-04-24 05:47:40,224][dowhy.causal_model][INFO] - linear_regression
[2026-04-24 05:47:40,224][dowhy.causal_estimator][INFO] - INFO: Using Linear Regression Estimator
[2026-04-24 05:47:40,224][dowhy.causal_estimator][WARNING] - No directed path from ['X1'] to ['X0'].
[2026-04-24 05:47:40,226][dowhy.causal_model][INFO] - Model to find the causal effect of treatment ['X1'] on outcome ['X2']
[2026-04-24 05:47:40,226][dowhy.causal_identifier.auto_identifier][WARNING] - No directed path from treatment to outcome. Causal Effect is zero.
[2026-04-24 05:47:40,226][dowhy.causal_model][INFO] - linear_regression
[2026-04-24 05:47:40,226][dowhy.causal_estimator][INFO] - INFO: Using Linear Regression Estimator
[2026-04-24 05:47:40,226][dowhy.causal_estimator][WARNING] - No directed path from ['X1'] to ['X2'].
[2026-04-24 05:47:40,228][dowhy.causal_model][INFO] - Model to find the causal effect of treatment ['X1'] on outcome ['X3']
[2026-04-24 05:47:40,228][dowhy.causal_identifier.auto_identifier][WARNING] - No directed path from treatment to outcome. Causal Effect is zero.
[2026-04-24 05:47:40,228][dowhy.causal_model][INFO] - linear_regression
[2026-04-24 05:47:40,228][dowhy.causal_estimator][INFO] - INFO: Using Linear Regression Estimator
[2026-04-24 05:47:40,228][dowhy.causal_estimator][WARNING] - No directed path from ['X1'] to ['X3'].
[2026-04-24 05:47:40,230][dowhy.causal_model][INFO] - Model to find the causal effect of treatment ['X1'] on outcome ['X4']
[2026-04-24 05:47:40,231][dowhy.causal_identifier.auto_identifier][INFO] - Causal effect can be identified.
[2026-04-24 05:47:40,231][dowhy.causal_identifier.auto_identifier][INFO] - Instrumental variables for treatment and outcome:[]
[2026-04-24 05:47:40,231][dowhy.causal_identifier.auto_identifier][INFO] - Frontdoor variables for treatment and outcome:[]
[2026-04-24 05:47:40,232][dowhy.causal_model][INFO] - linear_regression
[2026-04-24 05:47:40,232][dowhy.causal_estimator][INFO] - INFO: Using Linear Regression Estimator
[2026-04-24 05:47:40,232][dowhy.causal_estimator][INFO] - b: X4~X1+X1*X0
[2026-04-24 05:47:40,240][dowhy.causal_model][INFO] - Model to find the causal effect of treatment ['X1'] on outcome ['X5']
[2026-04-24 05:47:40,241][dowhy.causal_identifier.auto_identifier][INFO] - Causal effect can be identified.
[2026-04-24 05:47:40,241][dowhy.causal_identifier.auto_identifier][INFO] - Instrumental variables for treatment and outcome:[]
[2026-04-24 05:47:40,242][dowhy.causal_identifier.auto_identifier][INFO] - Frontdoor variables for treatment and outcome:[]
[2026-04-24 05:47:40,242][dowhy.causal_model][INFO] - linear_regression
[2026-04-24 05:47:40,242][dowhy.causal_estimator][INFO] - INFO: Using Linear Regression Estimator
[2026-04-24 05:47:40,242][dowhy.causal_estimator][INFO] - b: X5~X1+X1*X0
[2026-04-24 05:47:40,249][dowhy.causal_model][INFO] - Model to find the causal effect of treatment ['X1'] on outcome ['X6']
[2026-04-24 05:47:40,250][dowhy.causal_identifier.auto_identifier][INFO] - Causal effect can be identified.
[2026-04-24 05:47:40,251][dowhy.causal_identifier.auto_identifier][INFO] - Instrumental variables for treatment and outcome:[]
[2026-04-24 05:47:40,254][dowhy.causal_identifier.auto_identifier][INFO] - Frontdoor variables for treatment and outcome:['X7', 'X5', 'X4']
[2026-04-24 05:47:40,255][dowhy.causal_identifier.auto_identifier][INFO] - Causal effect can be identified.
[2026-04-24 05:47:40,256][dowhy.causal_identifier.auto_identifier][INFO] - Causal effect can be identified.
[2026-04-24 05:47:40,257][dowhy.causal_model][INFO] - linear_regression
[2026-04-24 05:47:40,257][dowhy.causal_estimator][INFO] - INFO: Using Linear Regression Estimator
[2026-04-24 05:47:40,258][dowhy.causal_estimator][INFO] - b: X6~X1+X1*X2+X1*X3+X1*X0
[2026-04-24 05:47:40,265][dowhy.causal_model][INFO] - Model to find the causal effect of treatment ['X1'] on outcome ['X7']
[2026-04-24 05:47:40,266][dowhy.causal_identifier.auto_identifier][INFO] - Causal effect can be identified.
[2026-04-24 05:47:40,266][dowhy.causal_identifier.auto_identifier][INFO] - Instrumental variables for treatment and outcome:[]
[2026-04-24 05:47:40,269][dowhy.causal_identifier.auto_identifier][INFO] - Frontdoor variables for treatment and outcome:[]
[2026-04-24 05:47:40,269][dowhy.causal_model][INFO] - linear_regression
[2026-04-24 05:47:40,269][dowhy.causal_estimator][INFO] - INFO: Using Linear Regression Estimator
[2026-04-24 05:47:40,269][dowhy.causal_estimator][INFO] - b: X7~X1+X1*X0
[2026-04-24 05:47:40,277][dowhy.causal_model][INFO] - Model to find the causal effect of treatment ['X1'] on outcome ['X8']
[2026-04-24 05:47:40,278][dowhy.causal_identifier.auto_identifier][INFO] - Causal effect can be identified.
[2026-04-24 05:47:40,278][dowhy.causal_identifier.auto_identifier][INFO] - Instrumental variables for treatment and outcome:[]
[2026-04-24 05:47:40,283][dowhy.causal_identifier.auto_identifier][INFO] - Frontdoor variables for treatment and outcome:['X5', 'X4', 'X7']
[2026-04-24 05:47:40,284][dowhy.causal_identifier.auto_identifier][INFO] - Causal effect can be identified.
[2026-04-24 05:47:40,286][dowhy.causal_identifier.auto_identifier][INFO] - Causal effect can be identified.
[2026-04-24 05:47:40,286][dowhy.causal_model][INFO] - linear_regression
[2026-04-24 05:47:40,286][dowhy.causal_estimator][INFO] - INFO: Using Linear Regression Estimator
[2026-04-24 05:47:40,286][dowhy.causal_estimator][INFO] - b: X8~X1+X1*X2+X1*X0
[2026-04-24 05:47:40,294][dowhy.causal_model][INFO] - Model to find the causal effect of treatment ['X1'] on outcome ['X9']
[2026-04-24 05:47:40,295][dowhy.causal_identifier.auto_identifier][INFO] - Causal effect can be identified.
[2026-04-24 05:47:40,295][dowhy.causal_identifier.auto_identifier][INFO] - Instrumental variables for treatment and outcome:[]
[2026-04-24 05:47:40,301][dowhy.causal_identifier.auto_identifier][INFO] - Frontdoor variables for treatment and outcome:['X5', 'X4', 'X7']
[2026-04-24 05:47:40,302][dowhy.causal_identifier.auto_identifier][INFO] - Causal effect can be identified.
[2026-04-24 05:47:40,304][dowhy.causal_identifier.auto_identifier][INFO] - Causal effect can be identified.
[2026-04-24 05:47:40,305][dowhy.causal_model][INFO] - linear_regression
[2026-04-24 05:47:40,305][dowhy.causal_estimator][INFO] - INFO: Using Linear Regression Estimator
[2026-04-24 05:47:40,305][dowhy.causal_estimator][INFO] - b: X9~X1+X1*X2+X1*X3+X1*X0
[2026-04-24 05:47:40,366][dowhy.causal_model][INFO] - Model to find the causal effect of treatment ['X2'] on outcome ['X0']
[2026-04-24 05:47:40,366][dowhy.causal_identifier.auto_identifier][WARNING] - No directed path from treatment to outcome. Causal Effect is zero.
[2026-04-24 05:47:40,366][dowhy.causal_model][INFO] - linear_regression
[2026-04-24 05:47:40,366][dowhy.causal_estimator][INFO] - INFO: Using Linear Regression Estimator
[2026-04-24 05:47:40,366][dowhy.causal_estimator][WARNING] - No directed path from ['X2'] to ['X0'].
[2026-04-24 05:47:40,368][dowhy.causal_model][INFO] - Model to find the causal effect of treatment ['X2'] on outcome ['X1']
[2026-04-24 05:47:40,368][dowhy.causal_identifier.auto_identifier][WARNING] - No directed path from treatment to outcome. Causal Effect is zero.
[2026-04-24 05:47:40,368][dowhy.causal_model][INFO] - linear_regression
[2026-04-24 05:47:40,368][dowhy.causal_estimator][INFO] - INFO: Using Linear Regression Estimator
[2026-04-24 05:47:40,368][dowhy.causal_estimator][WARNING] - No directed path from ['X2'] to ['X1'].
[2026-04-24 05:47:40,370][dowhy.causal_model][INFO] - Model to find the causal effect of treatment ['X2'] on outcome ['X3']
[2026-04-24 05:47:40,370][dowhy.causal_identifier.auto_identifier][WARNING] - No directed path from treatment to outcome. Causal Effect is zero.
[2026-04-24 05:47:40,370][dowhy.causal_model][INFO] - linear_regression
[2026-04-24 05:47:40,370][dowhy.causal_estimator][INFO] - INFO: Using Linear Regression Estimator
[2026-04-24 05:47:40,370][dowhy.causal_estimator][WARNING] - No directed path from ['X2'] to ['X3'].
[2026-04-24 05:47:40,372][dowhy.causal_model][INFO] - Model to find the causal effect of treatment ['X2'] on outcome ['X4']
[2026-04-24 05:47:40,372][dowhy.causal_identifier.auto_identifier][WARNING] - No directed path from treatment to outcome. Causal Effect is zero.
[2026-04-24 05:47:40,372][dowhy.causal_model][INFO] - linear_regression
[2026-04-24 05:47:40,372][dowhy.causal_estimator][INFO] - INFO: Using Linear Regression Estimator
[2026-04-24 05:47:40,372][dowhy.causal_estimator][WARNING] - No directed path from ['X2'] to ['X4'].
[2026-04-24 05:47:40,374][dowhy.causal_model][INFO] - Model to find the causal effect of treatment ['X2'] on outcome ['X5']
[2026-04-24 05:47:40,374][dowhy.causal_identifier.auto_identifier][WARNING] - No directed path from treatment to outcome. Causal Effect is zero.
[2026-04-24 05:47:40,374][dowhy.causal_model][INFO] - linear_regression
[2026-04-24 05:47:40,374][dowhy.causal_estimator][INFO] - INFO: Using Linear Regression Estimator
[2026-04-24 05:47:40,374][dowhy.causal_estimator][WARNING] - No directed path from ['X2'] to ['X5'].
[2026-04-24 05:47:40,376][dowhy.causal_model][INFO] - Model to find the causal effect of treatment ['X2'] on outcome ['X6']
[2026-04-24 05:47:40,378][dowhy.causal_identifier.auto_identifier][INFO] - Causal effect can be identified.
[2026-04-24 05:47:40,379][dowhy.causal_identifier.auto_identifier][INFO] - Instrumental variables for treatment and outcome:[]
[2026-04-24 05:47:40,379][dowhy.causal_identifier.auto_identifier][INFO] - Frontdoor variables for treatment and outcome:[]
[2026-04-24 05:47:40,379][dowhy.causal_model][INFO] - linear_regression
[2026-04-24 05:47:40,379][dowhy.causal_estimator][INFO] - INFO: Using Linear Regression Estimator
[2026-04-24 05:47:40,380][dowhy.causal_estimator][INFO] - b: X6~X2+X2*X5+X2*X4+X2*X1+X2*X3+X2*X0
[2026-04-24 05:47:40,388][dowhy.causal_model][INFO] - Model to find the causal effect of treatment ['X2'] on outcome ['X7']
[2026-04-24 05:47:40,388][dowhy.causal_identifier.auto_identifier][WARNING] - No directed path from treatment to outcome. Causal Effect is zero.
[2026-04-24 05:47:40,388][dowhy.causal_model][INFO] - linear_regression
[2026-04-24 05:47:40,388][dowhy.causal_estimator][INFO] - INFO: Using Linear Regression Estimator
[2026-04-24 05:47:40,389][dowhy.causal_estimator][WARNING] - No directed path from ['X2'] to ['X7'].
[2026-04-24 05:47:40,390][dowhy.causal_model][INFO] - Model to find the causal effect of treatment ['X2'] on outcome ['X8']
[2026-04-24 05:47:40,392][dowhy.causal_identifier.auto_identifier][INFO] - Causal effect can be identified.
[2026-04-24 05:47:40,393][dowhy.causal_identifier.auto_identifier][INFO] - Instrumental variables for treatment and outcome:[]
[2026-04-24 05:47:40,393][dowhy.causal_identifier.auto_identifier][INFO] - Frontdoor variables for treatment and outcome:[]
[2026-04-24 05:47:40,393][dowhy.causal_model][INFO] - linear_regression
[2026-04-24 05:47:40,393][dowhy.causal_estimator][INFO] - INFO: Using Linear Regression Estimator
[2026-04-24 05:47:40,393][dowhy.causal_estimator][INFO] - b: X8~X2+X2*X0+X2*X5+X2*X4+X2*X1
[2026-04-24 05:47:40,402][dowhy.causal_model][INFO] - Model to find the causal effect of treatment ['X2'] on outcome ['X9']
[2026-04-24 05:47:40,404][dowhy.causal_identifier.auto_identifier][INFO] - Causal effect can be identified.
[2026-04-24 05:47:40,405][dowhy.causal_identifier.auto_identifier][INFO] - Instrumental variables for treatment and outcome:[]
[2026-04-24 05:47:40,405][dowhy.causal_identifier.auto_identifier][INFO] - Frontdoor variables for treatment and outcome:[]
[2026-04-24 05:47:40,405][dowhy.causal_model][INFO] - linear_regression
[2026-04-24 05:47:40,405][dowhy.causal_estimator][INFO] - INFO: Using Linear Regression Estimator
[2026-04-24 05:47:40,406][dowhy.causal_estimator][INFO] - b: X9~X2+X2*X5+X2*X4+X2*X1+X2*X3+X2*X0
[2026-04-24 05:47:40,469][dowhy.causal_model][INFO] - Model to find the causal effect of treatment ['X3'] on outcome ['X0']
[2026-04-24 05:47:40,469][dowhy.causal_identifier.auto_identifier][WARNING] - No directed path from treatment to outcome. Causal Effect is zero.
[2026-04-24 05:47:40,470][dowhy.causal_model][INFO] - linear_regression
[2026-04-24 05:47:40,470][dowhy.causal_estimator][INFO] - INFO: Using Linear Regression Estimator
[2026-04-24 05:47:40,470][dowhy.causal_estimator][WARNING] - No directed path from ['X3'] to ['X0'].
[2026-04-24 05:47:40,471][dowhy.causal_model][INFO] - Model to find the causal effect of treatment ['X3'] on outcome ['X1']
[2026-04-24 05:47:40,471][dowhy.causal_identifier.auto_identifier][WARNING] - No directed path from treatment to outcome. Causal Effect is zero.
[2026-04-24 05:47:40,471][dowhy.causal_model][INFO] - linear_regression
[2026-04-24 05:47:40,472][dowhy.causal_estimator][INFO] - INFO: Using Linear Regression Estimator
[2026-04-24 05:47:40,472][dowhy.causal_estimator][WARNING] - No directed path from ['X3'] to ['X1'].
[2026-04-24 05:47:40,473][dowhy.causal_model][INFO] - Model to find the causal effect of treatment ['X3'] on outcome ['X2']
[2026-04-24 05:47:40,473][dowhy.causal_identifier.auto_identifier][WARNING] - No directed path from treatment to outcome. Causal Effect is zero.
[2026-04-24 05:47:40,473][dowhy.causal_model][INFO] - linear_regression
[2026-04-24 05:47:40,473][dowhy.causal_estimator][INFO] - INFO: Using Linear Regression Estimator
[2026-04-24 05:47:40,473][dowhy.causal_estimator][WARNING] - No directed path from ['X3'] to ['X2'].
[2026-04-24 05:47:40,475][dowhy.causal_model][INFO] - Model to find the causal effect of treatment ['X3'] on outcome ['X4']
[2026-04-24 05:47:40,475][dowhy.causal_identifier.auto_identifier][WARNING] - No directed path from treatment to outcome. Causal Effect is zero.
[2026-04-24 05:47:40,475][dowhy.causal_model][INFO] - linear_regression
[2026-04-24 05:47:40,475][dowhy.causal_estimator][INFO] - INFO: Using Linear Regression Estimator
[2026-04-24 05:47:40,475][dowhy.causal_estimator][WARNING] - No directed path from ['X3'] to ['X4'].
[2026-04-24 05:47:40,477][dowhy.causal_model][INFO] - Model to find the causal effect of treatment ['X3'] on outcome ['X5']
[2026-04-24 05:47:40,477][dowhy.causal_identifier.auto_identifier][WARNING] - No directed path from treatment to outcome. Causal Effect is zero.
[2026-04-24 05:47:40,477][dowhy.causal_model][INFO] - linear_regression
[2026-04-24 05:47:40,477][dowhy.causal_estimator][INFO] - INFO: Using Linear Regression Estimator
[2026-04-24 05:47:40,477][dowhy.causal_estimator][WARNING] - No directed path from ['X3'] to ['X5'].
[2026-04-24 05:47:40,479][dowhy.causal_model][INFO] - Model to find the causal effect of treatment ['X3'] on outcome ['X6']
[2026-04-24 05:47:40,481][dowhy.causal_identifier.auto_identifier][INFO] - Causal effect can be identified.
[2026-04-24 05:47:40,482][dowhy.causal_identifier.auto_identifier][INFO] - Instrumental variables for treatment and outcome:[]
[2026-04-24 05:47:40,482][dowhy.causal_identifier.auto_identifier][INFO] - Frontdoor variables for treatment and outcome:[]
[2026-04-24 05:47:40,482][dowhy.causal_model][INFO] - linear_regression
[2026-04-24 05:47:40,482][dowhy.causal_estimator][INFO] - INFO: Using Linear Regression Estimator
[2026-04-24 05:47:40,482][dowhy.causal_estimator][INFO] - b: X6~X3+X3*X5+X3*X4+X3*X1+X3*X2+X3*X0
[2026-04-24 05:47:40,490][dowhy.causal_model][INFO] - Model to find the causal effect of treatment ['X3'] on outcome ['X7']
[2026-04-24 05:47:40,491][dowhy.causal_identifier.auto_identifier][WARNING] - No directed path from treatment to outcome. Causal Effect is zero.
[2026-04-24 05:47:40,491][dowhy.causal_model][INFO] - linear_regression
[2026-04-24 05:47:40,491][dowhy.causal_estimator][INFO] - INFO: Using Linear Regression Estimator
[2026-04-24 05:47:40,491][dowhy.causal_estimator][WARNING] - No directed path from ['X3'] to ['X7'].
[2026-04-24 05:47:40,492][dowhy.causal_model][INFO] - Model to find the causal effect of treatment ['X3'] on outcome ['X8']
[2026-04-24 05:47:40,492][dowhy.causal_identifier.auto_identifier][WARNING] - No directed path from treatment to outcome. Causal Effect is zero.
[2026-04-24 05:47:40,493][dowhy.causal_model][INFO] - linear_regression
[2026-04-24 05:47:40,493][dowhy.causal_estimator][INFO] - INFO: Using Linear Regression Estimator
[2026-04-24 05:47:40,493][dowhy.causal_estimator][WARNING] - No directed path from ['X3'] to ['X8'].
[2026-04-24 05:47:40,494][dowhy.causal_model][INFO] - Model to find the causal effect of treatment ['X3'] on outcome ['X9']
[2026-04-24 05:47:40,496][dowhy.causal_identifier.auto_identifier][INFO] - Causal effect can be identified.
[2026-04-24 05:47:40,497][dowhy.causal_identifier.auto_identifier][INFO] - Instrumental variables for treatment and outcome:[]
[2026-04-24 05:47:40,497][dowhy.causal_identifier.auto_identifier][INFO] - Frontdoor variables for treatment and outcome:[]
[2026-04-24 05:47:40,497][dowhy.causal_model][INFO] - linear_regression
[2026-04-24 05:47:40,497][dowhy.causal_estimator][INFO] - INFO: Using Linear Regression Estimator
[2026-04-24 05:47:40,498][dowhy.causal_estimator][INFO] - b: X9~X3+X3*X5+X3*X4+X3*X1+X3*X2+X3*X0
[2026-04-24 05:47:40,557][dowhy.causal_model][INFO] - Model to find the causal effect of treatment ['X4'] on outcome ['X0']
[2026-04-24 05:47:40,557][dowhy.causal_identifier.auto_identifier][WARNING] - No directed path from treatment to outcome. Causal Effect is zero.
[2026-04-24 05:47:40,557][dowhy.causal_model][INFO] - linear_regression
[2026-04-24 05:47:40,557][dowhy.causal_estimator][INFO] - INFO: Using Linear Regression Estimator
[2026-04-24 05:47:40,557][dowhy.causal_estimator][WARNING] - No directed path from ['X4'] to ['X0'].
[2026-04-24 05:47:40,559][dowhy.causal_model][INFO] - Model to find the causal effect of treatment ['X4'] on outcome ['X1']
[2026-04-24 05:47:40,559][dowhy.causal_identifier.auto_identifier][WARNING] - No directed path from treatment to outcome. Causal Effect is zero.
[2026-04-24 05:47:40,559][dowhy.causal_model][INFO] - linear_regression
[2026-04-24 05:47:40,559][dowhy.causal_estimator][INFO] - INFO: Using Linear Regression Estimator
[2026-04-24 05:47:40,559][dowhy.causal_estimator][WARNING] - No directed path from ['X4'] to ['X1'].
[2026-04-24 05:47:40,561][dowhy.causal_model][INFO] - Model to find the causal effect of treatment ['X4'] on outcome ['X2']
[2026-04-24 05:47:40,561][dowhy.causal_identifier.auto_identifier][WARNING] - No directed path from treatment to outcome. Causal Effect is zero.
[2026-04-24 05:47:40,561][dowhy.causal_model][INFO] - linear_regression
[2026-04-24 05:47:40,561][dowhy.causal_estimator][INFO] - INFO: Using Linear Regression Estimator
[2026-04-24 05:47:40,561][dowhy.causal_estimator][WARNING] - No directed path from ['X4'] to ['X2'].
[2026-04-24 05:47:40,563][dowhy.causal_model][INFO] - Model to find the causal effect of treatment ['X4'] on outcome ['X3']
[2026-04-24 05:47:40,563][dowhy.causal_identifier.auto_identifier][WARNING] - No directed path from treatment to outcome. Causal Effect is zero.
[2026-04-24 05:47:40,563][dowhy.causal_model][INFO] - linear_regression
[2026-04-24 05:47:40,563][dowhy.causal_estimator][INFO] - INFO: Using Linear Regression Estimator
[2026-04-24 05:47:40,563][dowhy.causal_estimator][WARNING] - No directed path from ['X4'] to ['X3'].
[2026-04-24 05:47:40,565][dowhy.causal_model][INFO] - Model to find the causal effect of treatment ['X4'] on outcome ['X5']
[2026-04-24 05:47:40,566][dowhy.causal_identifier.auto_identifier][INFO] - Causal effect can be identified.
[2026-04-24 05:47:40,566][dowhy.causal_identifier.auto_identifier][INFO] - Instrumental variables for treatment and outcome:['X0']
[2026-04-24 05:47:40,566][dowhy.causal_identifier.auto_identifier][INFO] - Frontdoor variables for treatment and outcome:[]
[2026-04-24 05:47:40,566][dowhy.causal_model][INFO] - linear_regression
[2026-04-24 05:47:40,566][dowhy.causal_estimator][INFO] - INFO: Using Linear Regression Estimator
[2026-04-24 05:47:40,567][dowhy.causal_estimator][INFO] - b: X5~X4+X1
[2026-04-24 05:47:40,574][dowhy.causal_model][INFO] - Model to find the causal effect of treatment ['X4'] on outcome ['X6']
[2026-04-24 05:47:40,575][dowhy.causal_identifier.auto_identifier][INFO] - Causal effect can be identified.
[2026-04-24 05:47:40,576][dowhy.causal_identifier.auto_identifier][INFO] - Instrumental variables for treatment and outcome:['X0']
[2026-04-24 05:47:40,577][dowhy.causal_identifier.auto_identifier][INFO] - Frontdoor variables for treatment and outcome:[]
[2026-04-24 05:47:40,577][dowhy.causal_model][INFO] - linear_regression
[2026-04-24 05:47:40,577][dowhy.causal_estimator][INFO] - INFO: Using Linear Regression Estimator
[2026-04-24 05:47:40,578][dowhy.causal_estimator][INFO] - b: X6~X4+X1+X4*X2+X4*X3
[2026-04-24 05:47:40,587][dowhy.causal_model][INFO] - Model to find the causal effect of treatment ['X4'] on outcome ['X7']
[2026-04-24 05:47:40,588][dowhy.causal_identifier.auto_identifier][INFO] - Causal effect can be identified.
[2026-04-24 05:47:40,588][dowhy.causal_identifier.auto_identifier][INFO] - Instrumental variables for treatment and outcome:['X1']
[2026-04-24 05:47:40,590][dowhy.causal_identifier.auto_identifier][INFO] - Frontdoor variables for treatment and outcome:[]
[2026-04-24 05:47:40,590][dowhy.causal_model][INFO] - linear_regression
[2026-04-24 05:47:40,590][dowhy.causal_estimator][INFO] - INFO: Using Linear Regression Estimator
[2026-04-24 05:47:40,590][dowhy.causal_estimator][INFO] - b: X7~X4+X0
[2026-04-24 05:47:40,598][dowhy.causal_model][INFO] - Model to find the causal effect of treatment ['X4'] on outcome ['X8']
[2026-04-24 05:47:40,599][dowhy.causal_identifier.auto_identifier][INFO] - Causal effect can be identified.
[2026-04-24 05:47:40,600][dowhy.causal_identifier.auto_identifier][INFO] - Instrumental variables for treatment and outcome:['X0']
[2026-04-24 05:47:40,603][dowhy.causal_identifier.auto_identifier][INFO] - Frontdoor variables for treatment and outcome:[]
[2026-04-24 05:47:40,603][dowhy.causal_model][INFO] - linear_regression
[2026-04-24 05:47:40,603][dowhy.causal_estimator][INFO] - INFO: Using Linear Regression Estimator
[2026-04-24 05:47:40,603][dowhy.causal_estimator][INFO] - b: X8~X4+X1+X4*X2
[2026-04-24 05:47:40,612][dowhy.causal_model][INFO] - Model to find the causal effect of treatment ['X4'] on outcome ['X9']
[2026-04-24 05:47:40,614][dowhy.causal_identifier.auto_identifier][INFO] - Causal effect can be identified.
[2026-04-24 05:47:40,614][dowhy.causal_identifier.auto_identifier][INFO] - Instrumental variables for treatment and outcome:['X0']
[2026-04-24 05:47:40,616][dowhy.causal_identifier.auto_identifier][INFO] - Frontdoor variables for treatment and outcome:[]
[2026-04-24 05:47:40,616][dowhy.causal_model][INFO] - linear_regression
[2026-04-24 05:47:40,616][dowhy.causal_estimator][INFO] - INFO: Using Linear Regression Estimator
[2026-04-24 05:47:40,617][dowhy.causal_estimator][INFO] - b: X9~X4+X1+X4*X2+X4*X3
[2026-04-24 05:47:40,686][dowhy.causal_model][INFO] - Model to find the causal effect of treatment ['X5'] on outcome ['X0']
[2026-04-24 05:47:40,686][dowhy.causal_identifier.auto_identifier][WARNING] - No directed path from treatment to outcome. Causal Effect is zero.
[2026-04-24 05:47:40,686][dowhy.causal_model][INFO] - linear_regression
[2026-04-24 05:47:40,686][dowhy.causal_estimator][INFO] - INFO: Using Linear Regression Estimator
[2026-04-24 05:47:40,686][dowhy.causal_estimator][WARNING] - No directed path from ['X5'] to ['X0'].
[2026-04-24 05:47:40,688][dowhy.causal_model][INFO] - Model to find the causal effect of treatment ['X5'] on outcome ['X1']
[2026-04-24 05:47:40,688][dowhy.causal_identifier.auto_identifier][WARNING] - No directed path from treatment to outcome. Causal Effect is zero.
[2026-04-24 05:47:40,688][dowhy.causal_model][INFO] - linear_regression
[2026-04-24 05:47:40,688][dowhy.causal_estimator][INFO] - INFO: Using Linear Regression Estimator
[2026-04-24 05:47:40,688][dowhy.causal_estimator][WARNING] - No directed path from ['X5'] to ['X1'].
[2026-04-24 05:47:40,690][dowhy.causal_model][INFO] - Model to find the causal effect of treatment ['X5'] on outcome ['X2']
[2026-04-24 05:47:40,690][dowhy.causal_identifier.auto_identifier][WARNING] - No directed path from treatment to outcome. Causal Effect is zero.
[2026-04-24 05:47:40,690][dowhy.causal_model][INFO] - linear_regression
[2026-04-24 05:47:40,690][dowhy.causal_estimator][INFO] - INFO: Using Linear Regression Estimator
[2026-04-24 05:47:40,690][dowhy.causal_estimator][WARNING] - No directed path from ['X5'] to ['X2'].
[2026-04-24 05:47:40,692][dowhy.causal_model][INFO] - Model to find the causal effect of treatment ['X5'] on outcome ['X3']
[2026-04-24 05:47:40,692][dowhy.causal_identifier.auto_identifier][WARNING] - No directed path from treatment to outcome. Causal Effect is zero.
[2026-04-24 05:47:40,692][dowhy.causal_model][INFO] - linear_regression
[2026-04-24 05:47:40,692][dowhy.causal_estimator][INFO] - INFO: Using Linear Regression Estimator
[2026-04-24 05:47:40,692][dowhy.causal_estimator][WARNING] - No directed path from ['X5'] to ['X3'].
[2026-04-24 05:47:40,694][dowhy.causal_model][INFO] - Model to find the causal effect of treatment ['X5'] on outcome ['X4']
[2026-04-24 05:47:40,694][dowhy.causal_identifier.auto_identifier][WARNING] - No directed path from treatment to outcome. Causal Effect is zero.
[2026-04-24 05:47:40,694][dowhy.causal_model][INFO] - linear_regression
[2026-04-24 05:47:40,694][dowhy.causal_estimator][INFO] - INFO: Using Linear Regression Estimator
[2026-04-24 05:47:40,694][dowhy.causal_estimator][WARNING] - No directed path from ['X5'] to ['X4'].
[2026-04-24 05:47:40,696][dowhy.causal_model][INFO] - Model to find the causal effect of treatment ['X5'] on outcome ['X6']
[2026-04-24 05:47:40,698][dowhy.causal_identifier.auto_identifier][INFO] - Causal effect can be identified.
[2026-04-24 05:47:40,699][dowhy.causal_identifier.auto_identifier][INFO] - Instrumental variables for treatment and outcome:['X4', 'X1']
[2026-04-24 05:47:40,699][dowhy.causal_identifier.auto_identifier][INFO] - Frontdoor variables for treatment and outcome:[]
[2026-04-24 05:47:40,699][dowhy.causal_model][INFO] - linear_regression
[2026-04-24 05:47:40,699][dowhy.causal_estimator][INFO] - INFO: Using Linear Regression Estimator
[2026-04-24 05:47:40,699][dowhy.causal_estimator][INFO] - b: X6~X5+X5*X2+X5*X3
[2026-04-24 05:47:40,707][dowhy.causal_model][INFO] - Model to find the causal effect of treatment ['X5'] on outcome ['X7']
[2026-04-24 05:47:40,707][dowhy.causal_identifier.auto_identifier][WARNING] - No directed path from treatment to outcome. Causal Effect is zero.
[2026-04-24 05:47:40,707][dowhy.causal_model][INFO] - linear_regression
[2026-04-24 05:47:40,707][dowhy.causal_estimator][INFO] - INFO: Using Linear Regression Estimator
[2026-04-24 05:47:40,707][dowhy.causal_estimator][WARNING] - No directed path from ['X5'] to ['X7'].
[2026-04-24 05:47:40,709][dowhy.causal_model][INFO] - Model to find the causal effect of treatment ['X5'] on outcome ['X8']
[2026-04-24 05:47:40,710][dowhy.causal_identifier.auto_identifier][INFO] - Causal effect can be identified.
[2026-04-24 05:47:40,711][dowhy.causal_identifier.auto_identifier][INFO] - Instrumental variables for treatment and outcome:['X4', 'X1']
[2026-04-24 05:47:40,712][dowhy.causal_identifier.auto_identifier][INFO] - Frontdoor variables for treatment and outcome:[]
[2026-04-24 05:47:40,712][dowhy.causal_model][INFO] - linear_regression
[2026-04-24 05:47:40,712][dowhy.causal_estimator][INFO] - INFO: Using Linear Regression Estimator
[2026-04-24 05:47:40,712][dowhy.causal_estimator][INFO] - b: X8~X5+X5*X2
[2026-04-24 05:47:40,720][dowhy.causal_model][INFO] - Model to find the causal effect of treatment ['X5'] on outcome ['X9']
[2026-04-24 05:47:40,721][dowhy.causal_identifier.auto_identifier][INFO] - Causal effect can be identified.
[2026-04-24 05:47:40,722][dowhy.causal_identifier.auto_identifier][INFO] - Instrumental variables for treatment and outcome:['X4', 'X1']
[2026-04-24 05:47:40,723][dowhy.causal_identifier.auto_identifier][INFO] - Frontdoor variables for treatment and outcome:[]
[2026-04-24 05:47:40,723][dowhy.causal_model][INFO] - linear_regression
[2026-04-24 05:47:40,723][dowhy.causal_estimator][INFO] - INFO: Using Linear Regression Estimator
[2026-04-24 05:47:40,723][dowhy.causal_estimator][INFO] - b: X9~X5+X5*X2+X5*X3
[2026-04-24 05:47:40,783][dowhy.causal_model][INFO] - Model to find the causal effect of treatment ['X6'] on outcome ['X0']
[2026-04-24 05:47:40,783][dowhy.causal_identifier.auto_identifier][WARNING] - No directed path from treatment to outcome. Causal Effect is zero.
[2026-04-24 05:47:40,783][dowhy.causal_model][INFO] - linear_regression
[2026-04-24 05:47:40,783][dowhy.causal_estimator][INFO] - INFO: Using Linear Regression Estimator
[2026-04-24 05:47:40,783][dowhy.causal_estimator][WARNING] - No directed path from ['X6'] to ['X0'].
[2026-04-24 05:47:40,785][dowhy.causal_model][INFO] - Model to find the causal effect of treatment ['X6'] on outcome ['X1']
[2026-04-24 05:47:40,785][dowhy.causal_identifier.auto_identifier][WARNING] - No directed path from treatment to outcome. Causal Effect is zero.
[2026-04-24 05:47:40,785][dowhy.causal_model][INFO] - linear_regression
[2026-04-24 05:47:40,785][dowhy.causal_estimator][INFO] - INFO: Using Linear Regression Estimator
[2026-04-24 05:47:40,785][dowhy.causal_estimator][WARNING] - No directed path from ['X6'] to ['X1'].
[2026-04-24 05:47:40,787][dowhy.causal_model][INFO] - Model to find the causal effect of treatment ['X6'] on outcome ['X2']
[2026-04-24 05:47:40,787][dowhy.causal_identifier.auto_identifier][WARNING] - No directed path from treatment to outcome. Causal Effect is zero.
[2026-04-24 05:47:40,787][dowhy.causal_model][INFO] - linear_regression
[2026-04-24 05:47:40,787][dowhy.causal_estimator][INFO] - INFO: Using Linear Regression Estimator
[2026-04-24 05:47:40,787][dowhy.causal_estimator][WARNING] - No directed path from ['X6'] to ['X2'].
[2026-04-24 05:47:40,789][dowhy.causal_model][INFO] - Model to find the causal effect of treatment ['X6'] on outcome ['X3']
[2026-04-24 05:47:40,789][dowhy.causal_identifier.auto_identifier][WARNING] - No directed path from treatment to outcome. Causal Effect is zero.
[2026-04-24 05:47:40,789][dowhy.causal_model][INFO] - linear_regression
[2026-04-24 05:47:40,789][dowhy.causal_estimator][INFO] - INFO: Using Linear Regression Estimator
[2026-04-24 05:47:40,789][dowhy.causal_estimator][WARNING] - No directed path from ['X6'] to ['X3'].
[2026-04-24 05:47:40,791][dowhy.causal_model][INFO] - Model to find the causal effect of treatment ['X6'] on outcome ['X4']
[2026-04-24 05:47:40,791][dowhy.causal_identifier.auto_identifier][WARNING] - No directed path from treatment to outcome. Causal Effect is zero.
[2026-04-24 05:47:40,791][dowhy.causal_model][INFO] - linear_regression
[2026-04-24 05:47:40,791][dowhy.causal_estimator][INFO] - INFO: Using Linear Regression Estimator
[2026-04-24 05:47:40,791][dowhy.causal_estimator][WARNING] - No directed path from ['X6'] to ['X4'].
[2026-04-24 05:47:40,793][dowhy.causal_model][INFO] - Model to find the causal effect of treatment ['X6'] on outcome ['X5']
[2026-04-24 05:47:40,793][dowhy.causal_identifier.auto_identifier][WARNING] - No directed path from treatment to outcome. Causal Effect is zero.
[2026-04-24 05:47:40,793][dowhy.causal_model][INFO] - linear_regression
[2026-04-24 05:47:40,793][dowhy.causal_estimator][INFO] - INFO: Using Linear Regression Estimator
[2026-04-24 05:47:40,793][dowhy.causal_estimator][WARNING] - No directed path from ['X6'] to ['X5'].
[2026-04-24 05:47:40,795][dowhy.causal_model][INFO] - Model to find the causal effect of treatment ['X6'] on outcome ['X7']
[2026-04-24 05:47:40,795][dowhy.causal_identifier.auto_identifier][WARNING] - No directed path from treatment to outcome. Causal Effect is zero.
[2026-04-24 05:47:40,795][dowhy.causal_model][INFO] - linear_regression
[2026-04-24 05:47:40,795][dowhy.causal_estimator][INFO] - INFO: Using Linear Regression Estimator
[2026-04-24 05:47:40,795][dowhy.causal_estimator][WARNING] - No directed path from ['X6'] to ['X7'].
[2026-04-24 05:47:40,796][dowhy.causal_model][INFO] - Model to find the causal effect of treatment ['X6'] on outcome ['X8']
[2026-04-24 05:47:40,796][dowhy.causal_identifier.auto_identifier][WARNING] - No directed path from treatment to outcome. Causal Effect is zero.
[2026-04-24 05:47:40,797][dowhy.causal_model][INFO] - linear_regression
[2026-04-24 05:47:40,797][dowhy.causal_estimator][INFO] - INFO: Using Linear Regression Estimator
[2026-04-24 05:47:40,797][dowhy.causal_estimator][WARNING] - No directed path from ['X6'] to ['X8'].
[2026-04-24 05:47:40,798][dowhy.causal_model][INFO] - Model to find the causal effect of treatment ['X6'] on outcome ['X9']
[2026-04-24 05:47:40,801][dowhy.causal_identifier.auto_identifier][INFO] - Causal effect can be identified.
[2026-04-24 05:47:40,801][dowhy.causal_identifier.auto_identifier][INFO] - Instrumental variables for treatment and outcome:['X2', 'X5']
[2026-04-24 05:47:40,802][dowhy.causal_identifier.auto_identifier][INFO] - Frontdoor variables for treatment and outcome:[]
[2026-04-24 05:47:40,802][dowhy.causal_model][INFO] - linear_regression
[2026-04-24 05:47:40,802][dowhy.causal_estimator][INFO] - INFO: Using Linear Regression Estimator
[2026-04-24 05:47:40,802][dowhy.causal_estimator][INFO] - b: X9~X6+X3
[2026-04-24 05:47:40,865][dowhy.causal_model][INFO] - Model to find the causal effect of treatment ['X7'] on outcome ['X0']
[2026-04-24 05:47:40,865][dowhy.causal_identifier.auto_identifier][WARNING] - No directed path from treatment to outcome. Causal Effect is zero.
[2026-04-24 05:47:40,865][dowhy.causal_model][INFO] - linear_regression
[2026-04-24 05:47:40,865][dowhy.causal_estimator][INFO] - INFO: Using Linear Regression Estimator
[2026-04-24 05:47:40,865][dowhy.causal_estimator][WARNING] - No directed path from ['X7'] to ['X0'].
[2026-04-24 05:47:40,867][dowhy.causal_model][INFO] - Model to find the causal effect of treatment ['X7'] on outcome ['X1']
[2026-04-24 05:47:40,867][dowhy.causal_identifier.auto_identifier][WARNING] - No directed path from treatment to outcome. Causal Effect is zero.
[2026-04-24 05:47:40,867][dowhy.causal_model][INFO] - linear_regression
[2026-04-24 05:47:40,868][dowhy.causal_estimator][INFO] - INFO: Using Linear Regression Estimator
[2026-04-24 05:47:40,868][dowhy.causal_estimator][WARNING] - No directed path from ['X7'] to ['X1'].
[2026-04-24 05:47:40,869][dowhy.causal_model][INFO] - Model to find the causal effect of treatment ['X7'] on outcome ['X2']
[2026-04-24 05:47:40,870][dowhy.causal_identifier.auto_identifier][WARNING] - No directed path from treatment to outcome. Causal Effect is zero.
[2026-04-24 05:47:40,870][dowhy.causal_model][INFO] - linear_regression
[2026-04-24 05:47:40,870][dowhy.causal_estimator][INFO] - INFO: Using Linear Regression Estimator
[2026-04-24 05:47:40,870][dowhy.causal_estimator][WARNING] - No directed path from ['X7'] to ['X2'].
[2026-04-24 05:47:40,871][dowhy.causal_model][INFO] - Model to find the causal effect of treatment ['X7'] on outcome ['X3']
[2026-04-24 05:47:40,872][dowhy.causal_identifier.auto_identifier][WARNING] - No directed path from treatment to outcome. Causal Effect is zero.
[2026-04-24 05:47:40,872][dowhy.causal_model][INFO] - linear_regression
[2026-04-24 05:47:40,872][dowhy.causal_estimator][INFO] - INFO: Using Linear Regression Estimator
[2026-04-24 05:47:40,872][dowhy.causal_estimator][WARNING] - No directed path from ['X7'] to ['X3'].
[2026-04-24 05:47:40,873][dowhy.causal_model][INFO] - Model to find the causal effect of treatment ['X7'] on outcome ['X4']
[2026-04-24 05:47:40,873][dowhy.causal_identifier.auto_identifier][WARNING] - No directed path from treatment to outcome. Causal Effect is zero.
[2026-04-24 05:47:40,873][dowhy.causal_model][INFO] - linear_regression
[2026-04-24 05:47:40,874][dowhy.causal_estimator][INFO] - INFO: Using Linear Regression Estimator
[2026-04-24 05:47:40,874][dowhy.causal_estimator][WARNING] - No directed path from ['X7'] to ['X4'].
[2026-04-24 05:47:40,875][dowhy.causal_model][INFO] - Model to find the causal effect of treatment ['X7'] on outcome ['X5']
[2026-04-24 05:47:40,875][dowhy.causal_identifier.auto_identifier][WARNING] - No directed path from treatment to outcome. Causal Effect is zero.
[2026-04-24 05:47:40,875][dowhy.causal_model][INFO] - linear_regression
[2026-04-24 05:47:40,875][dowhy.causal_estimator][INFO] - INFO: Using Linear Regression Estimator
[2026-04-24 05:47:40,875][dowhy.causal_estimator][WARNING] - No directed path from ['X7'] to ['X5'].
[2026-04-24 05:47:40,877][dowhy.causal_model][INFO] - Model to find the causal effect of treatment ['X7'] on outcome ['X6']
[2026-04-24 05:47:40,877][dowhy.causal_identifier.auto_identifier][WARNING] - No directed path from treatment to outcome. Causal Effect is zero.
[2026-04-24 05:47:40,877][dowhy.causal_model][INFO] - linear_regression
[2026-04-24 05:47:40,877][dowhy.causal_estimator][INFO] - INFO: Using Linear Regression Estimator
[2026-04-24 05:47:40,877][dowhy.causal_estimator][WARNING] - No directed path from ['X7'] to ['X6'].
[2026-04-24 05:47:40,879][dowhy.causal_model][INFO] - Model to find the causal effect of treatment ['X7'] on outcome ['X8']
[2026-04-24 05:47:40,879][dowhy.causal_identifier.auto_identifier][WARNING] - No directed path from treatment to outcome. Causal Effect is zero.
[2026-04-24 05:47:40,879][dowhy.causal_model][INFO] - linear_regression
[2026-04-24 05:47:40,879][dowhy.causal_estimator][INFO] - INFO: Using Linear Regression Estimator
[2026-04-24 05:47:40,879][dowhy.causal_estimator][WARNING] - No directed path from ['X7'] to ['X8'].
[2026-04-24 05:47:40,881][dowhy.causal_model][INFO] - Model to find the causal effect of treatment ['X7'] on outcome ['X9']
[2026-04-24 05:47:40,881][dowhy.causal_identifier.auto_identifier][WARNING] - No directed path from treatment to outcome. Causal Effect is zero.
[2026-04-24 05:47:40,881][dowhy.causal_model][INFO] - linear_regression
[2026-04-24 05:47:40,881][dowhy.causal_estimator][INFO] - INFO: Using Linear Regression Estimator
[2026-04-24 05:47:40,881][dowhy.causal_estimator][WARNING] - No directed path from ['X7'] to ['X9'].
[2026-04-24 05:47:40,932][dowhy.causal_model][INFO] - Model to find the causal effect of treatment ['X8'] on outcome ['X0']
[2026-04-24 05:47:40,932][dowhy.causal_identifier.auto_identifier][WARNING] - No directed path from treatment to outcome. Causal Effect is zero.
[2026-04-24 05:47:40,932][dowhy.causal_model][INFO] - linear_regression
[2026-04-24 05:47:40,933][dowhy.causal_estimator][INFO] - INFO: Using Linear Regression Estimator
[2026-04-24 05:47:40,933][dowhy.causal_estimator][WARNING] - No directed path from ['X8'] to ['X0'].
[2026-04-24 05:47:40,934][dowhy.causal_model][INFO] - Model to find the causal effect of treatment ['X8'] on outcome ['X1']
[2026-04-24 05:47:40,934][dowhy.causal_identifier.auto_identifier][WARNING] - No directed path from treatment to outcome. Causal Effect is zero.
[2026-04-24 05:47:40,934][dowhy.causal_model][INFO] - linear_regression
[2026-04-24 05:47:40,934][dowhy.causal_estimator][INFO] - INFO: Using Linear Regression Estimator
[2026-04-24 05:47:40,934][dowhy.causal_estimator][WARNING] - No directed path from ['X8'] to ['X1'].
[2026-04-24 05:47:40,936][dowhy.causal_model][INFO] - Model to find the causal effect of treatment ['X8'] on outcome ['X2']
[2026-04-24 05:47:40,936][dowhy.causal_identifier.auto_identifier][WARNING] - No directed path from treatment to outcome. Causal Effect is zero.
[2026-04-24 05:47:40,936][dowhy.causal_model][INFO] - linear_regression
[2026-04-24 05:47:40,936][dowhy.causal_estimator][INFO] - INFO: Using Linear Regression Estimator
[2026-04-24 05:47:40,936][dowhy.causal_estimator][WARNING] - No directed path from ['X8'] to ['X2'].
[2026-04-24 05:47:40,938][dowhy.causal_model][INFO] - Model to find the causal effect of treatment ['X8'] on outcome ['X3']
[2026-04-24 05:47:40,938][dowhy.causal_identifier.auto_identifier][WARNING] - No directed path from treatment to outcome. Causal Effect is zero.
[2026-04-24 05:47:40,938][dowhy.causal_model][INFO] - linear_regression
[2026-04-24 05:47:40,938][dowhy.causal_estimator][INFO] - INFO: Using Linear Regression Estimator
[2026-04-24 05:47:40,938][dowhy.causal_estimator][WARNING] - No directed path from ['X8'] to ['X3'].
[2026-04-24 05:47:40,940][dowhy.causal_model][INFO] - Model to find the causal effect of treatment ['X8'] on outcome ['X4']
[2026-04-24 05:47:40,940][dowhy.causal_identifier.auto_identifier][WARNING] - No directed path from treatment to outcome. Causal Effect is zero.
[2026-04-24 05:47:40,940][dowhy.causal_model][INFO] - linear_regression
[2026-04-24 05:47:40,940][dowhy.causal_estimator][INFO] - INFO: Using Linear Regression Estimator
[2026-04-24 05:47:40,940][dowhy.causal_estimator][WARNING] - No directed path from ['X8'] to ['X4'].
[2026-04-24 05:47:40,942][dowhy.causal_model][INFO] - Model to find the causal effect of treatment ['X8'] on outcome ['X5']
[2026-04-24 05:47:40,942][dowhy.causal_identifier.auto_identifier][WARNING] - No directed path from treatment to outcome. Causal Effect is zero.
[2026-04-24 05:47:40,942][dowhy.causal_model][INFO] - linear_regression
[2026-04-24 05:47:40,942][dowhy.causal_estimator][INFO] - INFO: Using Linear Regression Estimator
[2026-04-24 05:47:40,942][dowhy.causal_estimator][WARNING] - No directed path from ['X8'] to ['X5'].
[2026-04-24 05:47:40,943][dowhy.causal_model][INFO] - Model to find the causal effect of treatment ['X8'] on outcome ['X6']
[2026-04-24 05:47:40,943][dowhy.causal_identifier.auto_identifier][WARNING] - No directed path from treatment to outcome. Causal Effect is zero.
[2026-04-24 05:47:40,944][dowhy.causal_model][INFO] - linear_regression
[2026-04-24 05:47:40,944][dowhy.causal_estimator][INFO] - INFO: Using Linear Regression Estimator
[2026-04-24 05:47:40,944][dowhy.causal_estimator][WARNING] - No directed path from ['X8'] to ['X6'].
[2026-04-24 05:47:40,945][dowhy.causal_model][INFO] - Model to find the causal effect of treatment ['X8'] on outcome ['X7']
[2026-04-24 05:47:40,945][dowhy.causal_identifier.auto_identifier][WARNING] - No directed path from treatment to outcome. Causal Effect is zero.
[2026-04-24 05:47:40,945][dowhy.causal_model][INFO] - linear_regression
[2026-04-24 05:47:40,945][dowhy.causal_estimator][INFO] - INFO: Using Linear Regression Estimator
[2026-04-24 05:47:40,945][dowhy.causal_estimator][WARNING] - No directed path from ['X8'] to ['X7'].
[2026-04-24 05:47:40,947][dowhy.causal_model][INFO] - Model to find the causal effect of treatment ['X8'] on outcome ['X9']
[2026-04-24 05:47:40,947][dowhy.causal_identifier.auto_identifier][WARNING] - No directed path from treatment to outcome. Causal Effect is zero.
[2026-04-24 05:47:40,947][dowhy.causal_model][INFO] - linear_regression
[2026-04-24 05:47:40,947][dowhy.causal_estimator][INFO] - INFO: Using Linear Regression Estimator
[2026-04-24 05:47:40,947][dowhy.causal_estimator][WARNING] - No directed path from ['X8'] to ['X9'].
[2026-04-24 05:47:40,993][dowhy.causal_model][INFO] - Model to find the causal effect of treatment ['X9'] on outcome ['X0']
[2026-04-24 05:47:40,993][dowhy.causal_identifier.auto_identifier][WARNING] - No directed path from treatment to outcome. Causal Effect is zero.
[2026-04-24 05:47:40,993][dowhy.causal_model][INFO] - linear_regression
[2026-04-24 05:47:40,993][dowhy.causal_estimator][INFO] - INFO: Using Linear Regression Estimator
[2026-04-24 05:47:40,993][dowhy.causal_estimator][WARNING] - No directed path from ['X9'] to ['X0'].
[2026-04-24 05:47:40,995][dowhy.causal_model][INFO] - Model to find the causal effect of treatment ['X9'] on outcome ['X1']
[2026-04-24 05:47:40,995][dowhy.causal_identifier.auto_identifier][WARNING] - No directed path from treatment to outcome. Causal Effect is zero.
[2026-04-24 05:47:40,995][dowhy.causal_model][INFO] - linear_regression
[2026-04-24 05:47:40,995][dowhy.causal_estimator][INFO] - INFO: Using Linear Regression Estimator
[2026-04-24 05:47:40,995][dowhy.causal_estimator][WARNING] - No directed path from ['X9'] to ['X1'].
[2026-04-24 05:47:40,997][dowhy.causal_model][INFO] - Model to find the causal effect of treatment ['X9'] on outcome ['X2']
[2026-04-24 05:47:40,997][dowhy.causal_identifier.auto_identifier][WARNING] - No directed path from treatment to outcome. Causal Effect is zero.
[2026-04-24 05:47:40,997][dowhy.causal_model][INFO] - linear_regression
[2026-04-24 05:47:40,997][dowhy.causal_estimator][INFO] - INFO: Using Linear Regression Estimator
[2026-04-24 05:47:40,997][dowhy.causal_estimator][WARNING] - No directed path from ['X9'] to ['X2'].
[2026-04-24 05:47:40,998][dowhy.causal_model][INFO] - Model to find the causal effect of treatment ['X9'] on outcome ['X3']
[2026-04-24 05:47:40,999][dowhy.causal_identifier.auto_identifier][WARNING] - No directed path from treatment to outcome. Causal Effect is zero.
[2026-04-24 05:47:40,999][dowhy.causal_model][INFO] - linear_regression
[2026-04-24 05:47:40,999][dowhy.causal_estimator][INFO] - INFO: Using Linear Regression Estimator
[2026-04-24 05:47:40,999][dowhy.causal_estimator][WARNING] - No directed path from ['X9'] to ['X3'].
[2026-04-24 05:47:41,000][dowhy.causal_model][INFO] - Model to find the causal effect of treatment ['X9'] on outcome ['X4']
[2026-04-24 05:47:41,000][dowhy.causal_identifier.auto_identifier][WARNING] - No directed path from treatment to outcome. Causal Effect is zero.
[2026-04-24 05:47:41,001][dowhy.causal_model][INFO] - linear_regression
[2026-04-24 05:47:41,001][dowhy.causal_estimator][INFO] - INFO: Using Linear Regression Estimator
[2026-04-24 05:47:41,001][dowhy.causal_estimator][WARNING] - No directed path from ['X9'] to ['X4'].
[2026-04-24 05:47:41,002][dowhy.causal_model][INFO] - Model to find the causal effect of treatment ['X9'] on outcome ['X5']
[2026-04-24 05:47:41,002][dowhy.causal_identifier.auto_identifier][WARNING] - No directed path from treatment to outcome. Causal Effect is zero.
[2026-04-24 05:47:41,002][dowhy.causal_model][INFO] - linear_regression
[2026-04-24 05:47:41,002][dowhy.causal_estimator][INFO] - INFO: Using Linear Regression Estimator
[2026-04-24 05:47:41,002][dowhy.causal_estimator][WARNING] - No directed path from ['X9'] to ['X5'].
[2026-04-24 05:47:41,004][dowhy.causal_model][INFO] - Model to find the causal effect of treatment ['X9'] on outcome ['X6']
[2026-04-24 05:47:41,004][dowhy.causal_identifier.auto_identifier][WARNING] - No directed path from treatment to outcome. Causal Effect is zero.
[2026-04-24 05:47:41,004][dowhy.causal_model][INFO] - linear_regression
[2026-04-24 05:47:41,004][dowhy.causal_estimator][INFO] - INFO: Using Linear Regression Estimator
[2026-04-24 05:47:41,004][dowhy.causal_estimator][WARNING] - No directed path from ['X9'] to ['X6'].
[2026-04-24 05:47:41,006][dowhy.causal_model][INFO] - Model to find the causal effect of treatment ['X9'] on outcome ['X7']
[2026-04-24 05:47:41,006][dowhy.causal_identifier.auto_identifier][WARNING] - No directed path from treatment to outcome. Causal Effect is zero.
[2026-04-24 05:47:41,006][dowhy.causal_model][INFO] - linear_regression
[2026-04-24 05:47:41,006][dowhy.causal_estimator][INFO] - INFO: Using Linear Regression Estimator
[2026-04-24 05:47:41,006][dowhy.causal_estimator][WARNING] - No directed path from ['X9'] to ['X7'].
[2026-04-24 05:47:41,008][dowhy.causal_model][INFO] - Model to find the causal effect of treatment ['X9'] on outcome ['X8']
[2026-04-24 05:47:41,008][dowhy.causal_identifier.auto_identifier][WARNING] - No directed path from treatment to outcome. Causal Effect is zero.
[2026-04-24 05:47:41,008][dowhy.causal_model][INFO] - linear_regression
[2026-04-24 05:47:41,008][dowhy.causal_estimator][INFO] - INFO: Using Linear Regression Estimator
[2026-04-24 05:47:41,008][dowhy.causal_estimator][WARNING] - No directed path from ['X9'] to ['X8'].
[2026-04-24 05:47:41,097][dowhy.causal_model][INFO] - Model to find the causal effect of treatment ['X0'] on outcome ['X1']
[2026-04-24 05:47:41,098][dowhy.causal_identifier.auto_identifier][WARNING] - No directed path from treatment to outcome. Causal Effect is zero.
[2026-04-24 05:47:41,098][dowhy.causal_model][INFO] - linear_regression
[2026-04-24 05:47:41,098][dowhy.causal_estimator][INFO] - INFO: Using Linear Regression Estimator
[2026-04-24 05:47:41,098][dowhy.causal_estimator][WARNING] - No directed path from ['X0'] to ['X1'].
[2026-04-24 05:47:41,100][dowhy.causal_model][INFO] - Model to find the causal effect of treatment ['X0'] on outcome ['X2']
[2026-04-24 05:47:41,100][dowhy.causal_identifier.auto_identifier][WARNING] - No directed path from treatment to outcome. Causal Effect is zero.
[2026-04-24 05:47:41,100][dowhy.causal_model][INFO] - linear_regression
[2026-04-24 05:47:41,100][dowhy.causal_estimator][INFO] - INFO: Using Linear Regression Estimator
[2026-04-24 05:47:41,100][dowhy.causal_estimator][WARNING] - No directed path from ['X0'] to ['X2'].
[2026-04-24 05:47:41,102][dowhy.causal_model][INFO] - Model to find the causal effect of treatment ['X0'] on outcome ['X3']
[2026-04-24 05:47:41,102][dowhy.causal_identifier.auto_identifier][WARNING] - No directed path from treatment to outcome. Causal Effect is zero.
[2026-04-24 05:47:41,102][dowhy.causal_model][INFO] - linear_regression
[2026-04-24 05:47:41,102][dowhy.causal_estimator][INFO] - INFO: Using Linear Regression Estimator
[2026-04-24 05:47:41,102][dowhy.causal_estimator][WARNING] - No directed path from ['X0'] to ['X3'].
[2026-04-24 05:47:41,103][dowhy.causal_model][INFO] - Model to find the causal effect of treatment ['X0'] on outcome ['X4']
[2026-04-24 05:47:41,104][dowhy.causal_identifier.auto_identifier][INFO] - Causal effect can be identified.
[2026-04-24 05:47:41,105][dowhy.causal_identifier.auto_identifier][INFO] - Instrumental variables for treatment and outcome:[]
[2026-04-24 05:47:41,105][dowhy.causal_identifier.auto_identifier][INFO] - Frontdoor variables for treatment and outcome:[]
[2026-04-24 05:47:41,105][dowhy.causal_model][INFO] - linear_regression
[2026-04-24 05:47:41,105][dowhy.causal_estimator][INFO] - INFO: Using Linear Regression Estimator
[2026-04-24 05:47:41,105][dowhy.causal_estimator][INFO] - b: X4~X0+X0*X1
[2026-04-24 05:47:41,113][dowhy.causal_model][INFO] - Model to find the causal effect of treatment ['X0'] on outcome ['X5']
[2026-04-24 05:47:41,114][dowhy.causal_identifier.auto_identifier][INFO] - Causal effect can be identified.
[2026-04-24 05:47:41,114][dowhy.causal_identifier.auto_identifier][INFO] - Instrumental variables for treatment and outcome:[]
[2026-04-24 05:47:41,115][dowhy.causal_identifier.auto_identifier][INFO] - Frontdoor variables for treatment and outcome:[]
[2026-04-24 05:47:41,115][dowhy.causal_model][INFO] - linear_regression
[2026-04-24 05:47:41,115][dowhy.causal_estimator][INFO] - INFO: Using Linear Regression Estimator
[2026-04-24 05:47:41,115][dowhy.causal_estimator][INFO] - b: X5~X0+X0*X1
[2026-04-24 05:47:41,123][dowhy.causal_model][INFO] - Model to find the causal effect of treatment ['X0'] on outcome ['X6']
[2026-04-24 05:47:41,124][dowhy.causal_identifier.auto_identifier][INFO] - Causal effect can be identified.
[2026-04-24 05:47:41,124][dowhy.causal_identifier.auto_identifier][INFO] - Instrumental variables for treatment and outcome:[]
[2026-04-24 05:47:41,127][dowhy.causal_identifier.auto_identifier][INFO] - Frontdoor variables for treatment and outcome:['X7', 'X5', 'X4']
[2026-04-24 05:47:41,128][dowhy.causal_identifier.auto_identifier][INFO] - Causal effect can be identified.
[2026-04-24 05:47:41,129][dowhy.causal_identifier.auto_identifier][INFO] - Causal effect can be identified.
[2026-04-24 05:47:41,130][dowhy.causal_model][INFO] - linear_regression
[2026-04-24 05:47:41,130][dowhy.causal_estimator][INFO] - INFO: Using Linear Regression Estimator
[2026-04-24 05:47:41,130][dowhy.causal_estimator][INFO] - b: X6~X0+X0*X2+X0*X3+X0*X1
[2026-04-24 05:47:41,138][dowhy.causal_model][INFO] - Model to find the causal effect of treatment ['X0'] on outcome ['X7']
[2026-04-24 05:47:41,139][dowhy.causal_identifier.auto_identifier][INFO] - Causal effect can be identified.
[2026-04-24 05:47:41,139][dowhy.causal_identifier.auto_identifier][INFO] - Instrumental variables for treatment and outcome:[]
[2026-04-24 05:47:41,142][dowhy.causal_identifier.auto_identifier][INFO] - Frontdoor variables for treatment and outcome:[]
[2026-04-24 05:47:41,142][dowhy.causal_model][INFO] - linear_regression
[2026-04-24 05:47:41,142][dowhy.causal_estimator][INFO] - INFO: Using Linear Regression Estimator
[2026-04-24 05:47:41,142][dowhy.causal_estimator][INFO] - b: X7~X0+X0*X1
[2026-04-24 05:47:41,150][dowhy.causal_model][INFO] - Model to find the causal effect of treatment ['X0'] on outcome ['X8']
[2026-04-24 05:47:41,151][dowhy.causal_identifier.auto_identifier][INFO] - Causal effect can be identified.
[2026-04-24 05:47:41,151][dowhy.causal_identifier.auto_identifier][INFO] - Instrumental variables for treatment and outcome:[]
[2026-04-24 05:47:41,156][dowhy.causal_identifier.auto_identifier][INFO] - Frontdoor variables for treatment and outcome:['X5', 'X4', 'X7']
[2026-04-24 05:47:41,157][dowhy.causal_identifier.auto_identifier][INFO] - Causal effect can be identified.
[2026-04-24 05:47:41,158][dowhy.causal_identifier.auto_identifier][INFO] - Causal effect can be identified.
[2026-04-24 05:47:41,159][dowhy.causal_model][INFO] - linear_regression
[2026-04-24 05:47:41,159][dowhy.causal_estimator][INFO] - INFO: Using Linear Regression Estimator
[2026-04-24 05:47:41,159][dowhy.causal_estimator][INFO] - b: X8~X0+X0*X2+X0*X1
[2026-04-24 05:47:41,167][dowhy.causal_model][INFO] - Model to find the causal effect of treatment ['X0'] on outcome ['X9']
[2026-04-24 05:47:41,168][dowhy.causal_identifier.auto_identifier][INFO] - Causal effect can be identified.
[2026-04-24 05:47:41,168][dowhy.causal_identifier.auto_identifier][INFO] - Instrumental variables for treatment and outcome:[]
[2026-04-24 05:47:41,174][dowhy.causal_identifier.auto_identifier][INFO] - Frontdoor variables for treatment and outcome:['X5', 'X4', 'X7']
[2026-04-24 05:47:41,175][dowhy.causal_identifier.auto_identifier][INFO] - Causal effect can be identified.
[2026-04-24 05:47:41,176][dowhy.causal_identifier.auto_identifier][INFO] - Causal effect can be identified.
[2026-04-24 05:47:41,177][dowhy.causal_model][INFO] - linear_regression
[2026-04-24 05:47:41,177][dowhy.causal_estimator][INFO] - INFO: Using Linear Regression Estimator
[2026-04-24 05:47:41,177][dowhy.causal_estimator][INFO] - b: X9~X0+X0*X2+X0*X3+X0*X1
[2026-04-24 05:47:41,239][dowhy.causal_model][INFO] - Model to find the causal effect of treatment ['X1'] on outcome ['X0']
[2026-04-24 05:47:41,239][dowhy.causal_identifier.auto_identifier][WARNING] - No directed path from treatment to outcome. Causal Effect is zero.
[2026-04-24 05:47:41,239][dowhy.causal_model][INFO] - linear_regression
[2026-04-24 05:47:41,239][dowhy.causal_estimator][INFO] - INFO: Using Linear Regression Estimator
[2026-04-24 05:47:41,239][dowhy.causal_estimator][WARNING] - No directed path from ['X1'] to ['X0'].
[2026-04-24 05:47:41,241][dowhy.causal_model][INFO] - Model to find the causal effect of treatment ['X1'] on outcome ['X2']
[2026-04-24 05:47:41,241][dowhy.causal_identifier.auto_identifier][WARNING] - No directed path from treatment to outcome. Causal Effect is zero.
[2026-04-24 05:47:41,241][dowhy.causal_model][INFO] - linear_regression
[2026-04-24 05:47:41,241][dowhy.causal_estimator][INFO] - INFO: Using Linear Regression Estimator
[2026-04-24 05:47:41,241][dowhy.causal_estimator][WARNING] - No directed path from ['X1'] to ['X2'].
[2026-04-24 05:47:41,243][dowhy.causal_model][INFO] - Model to find the causal effect of treatment ['X1'] on outcome ['X3']
[2026-04-24 05:47:41,243][dowhy.causal_identifier.auto_identifier][WARNING] - No directed path from treatment to outcome. Causal Effect is zero.
[2026-04-24 05:47:41,243][dowhy.causal_model][INFO] - linear_regression
[2026-04-24 05:47:41,243][dowhy.causal_estimator][INFO] - INFO: Using Linear Regression Estimator
[2026-04-24 05:47:41,243][dowhy.causal_estimator][WARNING] - No directed path from ['X1'] to ['X3'].
[2026-04-24 05:47:41,245][dowhy.causal_model][INFO] - Model to find the causal effect of treatment ['X1'] on outcome ['X4']
[2026-04-24 05:47:41,246][dowhy.causal_identifier.auto_identifier][INFO] - Causal effect can be identified.
[2026-04-24 05:47:41,247][dowhy.causal_identifier.auto_identifier][INFO] - Instrumental variables for treatment and outcome:[]
[2026-04-24 05:47:41,247][dowhy.causal_identifier.auto_identifier][INFO] - Frontdoor variables for treatment and outcome:[]
[2026-04-24 05:47:41,247][dowhy.causal_model][INFO] - linear_regression
[2026-04-24 05:47:41,247][dowhy.causal_estimator][INFO] - INFO: Using Linear Regression Estimator
[2026-04-24 05:47:41,247][dowhy.causal_estimator][INFO] - b: X4~X1+X1*X0
[2026-04-24 05:47:41,255][dowhy.causal_model][INFO] - Model to find the causal effect of treatment ['X1'] on outcome ['X5']
[2026-04-24 05:47:41,256][dowhy.causal_identifier.auto_identifier][INFO] - Causal effect can be identified.
[2026-04-24 05:47:41,257][dowhy.causal_identifier.auto_identifier][INFO] - Instrumental variables for treatment and outcome:[]
[2026-04-24 05:47:41,257][dowhy.causal_identifier.auto_identifier][INFO] - Frontdoor variables for treatment and outcome:[]
[2026-04-24 05:47:41,257][dowhy.causal_model][INFO] - linear_regression
[2026-04-24 05:47:41,257][dowhy.causal_estimator][INFO] - INFO: Using Linear Regression Estimator
[2026-04-24 05:47:41,257][dowhy.causal_estimator][INFO] - b: X5~X1+X1*X0
[2026-04-24 05:47:41,265][dowhy.causal_model][INFO] - Model to find the causal effect of treatment ['X1'] on outcome ['X6']
[2026-04-24 05:47:41,267][dowhy.causal_identifier.auto_identifier][INFO] - Causal effect can be identified.
[2026-04-24 05:47:41,267][dowhy.causal_identifier.auto_identifier][INFO] - Instrumental variables for treatment and outcome:[]
[2026-04-24 05:47:41,270][dowhy.causal_identifier.auto_identifier][INFO] - Frontdoor variables for treatment and outcome:['X7', 'X5', 'X4']
[2026-04-24 05:47:41,271][dowhy.causal_identifier.auto_identifier][INFO] - Causal effect can be identified.
[2026-04-24 05:47:41,273][dowhy.causal_identifier.auto_identifier][INFO] - Causal effect can be identified.
[2026-04-24 05:47:41,274][dowhy.causal_model][INFO] - linear_regression
[2026-04-24 05:47:41,274][dowhy.causal_estimator][INFO] - INFO: Using Linear Regression Estimator
[2026-04-24 05:47:41,274][dowhy.causal_estimator][INFO] - b: X6~X1+X1*X2+X1*X3+X1*X0
[2026-04-24 05:47:41,282][dowhy.causal_model][INFO] - Model to find the causal effect of treatment ['X1'] on outcome ['X7']
[2026-04-24 05:47:41,283][dowhy.causal_identifier.auto_identifier][INFO] - Causal effect can be identified.
[2026-04-24 05:47:41,284][dowhy.causal_identifier.auto_identifier][INFO] - Instrumental variables for treatment and outcome:[]
[2026-04-24 05:47:41,287][dowhy.causal_identifier.auto_identifier][INFO] - Frontdoor variables for treatment and outcome:[]
[2026-04-24 05:47:41,287][dowhy.causal_model][INFO] - linear_regression
[2026-04-24 05:47:41,287][dowhy.causal_estimator][INFO] - INFO: Using Linear Regression Estimator
[2026-04-24 05:47:41,287][dowhy.causal_estimator][INFO] - b: X7~X1+X1*X0
[2026-04-24 05:47:41,295][dowhy.causal_model][INFO] - Model to find the causal effect of treatment ['X1'] on outcome ['X8']
[2026-04-24 05:47:41,296][dowhy.causal_identifier.auto_identifier][INFO] - Causal effect can be identified.
[2026-04-24 05:47:41,297][dowhy.causal_identifier.auto_identifier][INFO] - Instrumental variables for treatment and outcome:[]
[2026-04-24 05:47:41,302][dowhy.causal_identifier.auto_identifier][INFO] - Frontdoor variables for treatment and outcome:['X5', 'X4', 'X7']
[2026-04-24 05:47:41,303][dowhy.causal_identifier.auto_identifier][INFO] - Causal effect can be identified.
[2026-04-24 05:47:41,305][dowhy.causal_identifier.auto_identifier][INFO] - Causal effect can be identified.
[2026-04-24 05:47:41,306][dowhy.causal_model][INFO] - linear_regression
[2026-04-24 05:47:41,306][dowhy.causal_estimator][INFO] - INFO: Using Linear Regression Estimator
[2026-04-24 05:47:41,306][dowhy.causal_estimator][INFO] - b: X8~X1+X1*X2+X1*X0
[2026-04-24 05:47:41,314][dowhy.causal_model][INFO] - Model to find the causal effect of treatment ['X1'] on outcome ['X9']
[2026-04-24 05:47:41,315][dowhy.causal_identifier.auto_identifier][INFO] - Causal effect can be identified.
[2026-04-24 05:47:41,316][dowhy.causal_identifier.auto_identifier][INFO] - Instrumental variables for treatment and outcome:[]
[2026-04-24 05:47:41,322][dowhy.causal_identifier.auto_identifier][INFO] - Frontdoor variables for treatment and outcome:['X5', 'X4', 'X7']
[2026-04-24 05:47:41,323][dowhy.causal_identifier.auto_identifier][INFO] - Causal effect can be identified.
[2026-04-24 05:47:41,324][dowhy.causal_identifier.auto_identifier][INFO] - Causal effect can be identified.
[2026-04-24 05:47:41,325][dowhy.causal_model][INFO] - linear_regression
[2026-04-24 05:47:41,325][dowhy.causal_estimator][INFO] - INFO: Using Linear Regression Estimator
[2026-04-24 05:47:41,325][dowhy.causal_estimator][INFO] - b: X9~X1+X1*X2+X1*X3+X1*X0
[2026-04-24 05:47:41,384][dowhy.causal_model][INFO] - Model to find the causal effect of treatment ['X2'] on outcome ['X0']
[2026-04-24 05:47:41,384][dowhy.causal_identifier.auto_identifier][WARNING] - No directed path from treatment to outcome. Causal Effect is zero.
[2026-04-24 05:47:41,384][dowhy.causal_model][INFO] - linear_regression
[2026-04-24 05:47:41,384][dowhy.causal_estimator][INFO] - INFO: Using Linear Regression Estimator
[2026-04-24 05:47:41,384][dowhy.causal_estimator][WARNING] - No directed path from ['X2'] to ['X0'].
[2026-04-24 05:47:41,386][dowhy.causal_model][INFO] - Model to find the causal effect of treatment ['X2'] on outcome ['X1']
[2026-04-24 05:47:41,386][dowhy.causal_identifier.auto_identifier][WARNING] - No directed path from treatment to outcome. Causal Effect is zero.
[2026-04-24 05:47:41,386][dowhy.causal_model][INFO] - linear_regression
[2026-04-24 05:47:41,386][dowhy.causal_estimator][INFO] - INFO: Using Linear Regression Estimator
[2026-04-24 05:47:41,386][dowhy.causal_estimator][WARNING] - No directed path from ['X2'] to ['X1'].
[2026-04-24 05:47:41,388][dowhy.causal_model][INFO] - Model to find the causal effect of treatment ['X2'] on outcome ['X3']
[2026-04-24 05:47:41,388][dowhy.causal_identifier.auto_identifier][WARNING] - No directed path from treatment to outcome. Causal Effect is zero.
[2026-04-24 05:47:41,388][dowhy.causal_model][INFO] - linear_regression
[2026-04-24 05:47:41,388][dowhy.causal_estimator][INFO] - INFO: Using Linear Regression Estimator
[2026-04-24 05:47:41,388][dowhy.causal_estimator][WARNING] - No directed path from ['X2'] to ['X3'].
[2026-04-24 05:47:41,390][dowhy.causal_model][INFO] - Model to find the causal effect of treatment ['X2'] on outcome ['X4']
[2026-04-24 05:47:41,390][dowhy.causal_identifier.auto_identifier][WARNING] - No directed path from treatment to outcome. Causal Effect is zero.
[2026-04-24 05:47:41,390][dowhy.causal_model][INFO] - linear_regression
[2026-04-24 05:47:41,390][dowhy.causal_estimator][INFO] - INFO: Using Linear Regression Estimator
[2026-04-24 05:47:41,390][dowhy.causal_estimator][WARNING] - No directed path from ['X2'] to ['X4'].
[2026-04-24 05:47:41,392][dowhy.causal_model][INFO] - Model to find the causal effect of treatment ['X2'] on outcome ['X5']
[2026-04-24 05:47:41,392][dowhy.causal_identifier.auto_identifier][WARNING] - No directed path from treatment to outcome. Causal Effect is zero.
[2026-04-24 05:47:41,392][dowhy.causal_model][INFO] - linear_regression
[2026-04-24 05:47:41,392][dowhy.causal_estimator][INFO] - INFO: Using Linear Regression Estimator
[2026-04-24 05:47:41,392][dowhy.causal_estimator][WARNING] - No directed path from ['X2'] to ['X5'].
[2026-04-24 05:47:41,393][dowhy.causal_model][INFO] - Model to find the causal effect of treatment ['X2'] on outcome ['X6']
[2026-04-24 05:47:41,395][dowhy.causal_identifier.auto_identifier][INFO] - Causal effect can be identified.
[2026-04-24 05:47:41,396][dowhy.causal_identifier.auto_identifier][INFO] - Instrumental variables for treatment and outcome:[]
[2026-04-24 05:47:41,396][dowhy.causal_identifier.auto_identifier][INFO] - Frontdoor variables for treatment and outcome:[]
[2026-04-24 05:47:41,396][dowhy.causal_model][INFO] - linear_regression
[2026-04-24 05:47:41,396][dowhy.causal_estimator][INFO] - INFO: Using Linear Regression Estimator
[2026-04-24 05:47:41,397][dowhy.causal_estimator][INFO] - b: X6~X2+X2*X5+X2*X4+X2*X1+X2*X3+X2*X0
[2026-04-24 05:47:41,405][dowhy.causal_model][INFO] - Model to find the causal effect of treatment ['X2'] on outcome ['X7']
[2026-04-24 05:47:41,405][dowhy.causal_identifier.auto_identifier][WARNING] - No directed path from treatment to outcome. Causal Effect is zero.
[2026-04-24 05:47:41,405][dowhy.causal_model][INFO] - linear_regression
[2026-04-24 05:47:41,405][dowhy.causal_estimator][INFO] - INFO: Using Linear Regression Estimator
[2026-04-24 05:47:41,405][dowhy.causal_estimator][WARNING] - No directed path from ['X2'] to ['X7'].
[2026-04-24 05:47:41,407][dowhy.causal_model][INFO] - Model to find the causal effect of treatment ['X2'] on outcome ['X8']
[2026-04-24 05:47:41,408][dowhy.causal_identifier.auto_identifier][INFO] - Causal effect can be identified.
[2026-04-24 05:47:41,409][dowhy.causal_identifier.auto_identifier][INFO] - Instrumental variables for treatment and outcome:[]
[2026-04-24 05:47:41,409][dowhy.causal_identifier.auto_identifier][INFO] - Frontdoor variables for treatment and outcome:[]
[2026-04-24 05:47:41,409][dowhy.causal_model][INFO] - linear_regression
[2026-04-24 05:47:41,409][dowhy.causal_estimator][INFO] - INFO: Using Linear Regression Estimator
[2026-04-24 05:47:41,410][dowhy.causal_estimator][INFO] - b: X8~X2+X2*X0+X2*X5+X2*X4+X2*X1
[2026-04-24 05:47:41,417][dowhy.causal_model][INFO] - Model to find the causal effect of treatment ['X2'] on outcome ['X9']
[2026-04-24 05:47:41,419][dowhy.causal_identifier.auto_identifier][INFO] - Causal effect can be identified.
[2026-04-24 05:47:41,420][dowhy.causal_identifier.auto_identifier][INFO] - Instrumental variables for treatment and outcome:[]
[2026-04-24 05:47:41,420][dowhy.causal_identifier.auto_identifier][INFO] - Frontdoor variables for treatment and outcome:[]
[2026-04-24 05:47:41,420][dowhy.causal_model][INFO] - linear_regression
[2026-04-24 05:47:41,420][dowhy.causal_estimator][INFO] - INFO: Using Linear Regression Estimator
[2026-04-24 05:47:41,421][dowhy.causal_estimator][INFO] - b: X9~X2+X2*X5+X2*X4+X2*X1+X2*X3+X2*X0
[2026-04-24 05:47:41,486][dowhy.causal_model][INFO] - Model to find the causal effect of treatment ['X3'] on outcome ['X0']
[2026-04-24 05:47:41,486][dowhy.causal_identifier.auto_identifier][WARNING] - No directed path from treatment to outcome. Causal Effect is zero.
[2026-04-24 05:47:41,486][dowhy.causal_model][INFO] - linear_regression
[2026-04-24 05:47:41,486][dowhy.causal_estimator][INFO] - INFO: Using Linear Regression Estimator
[2026-04-24 05:47:41,486][dowhy.causal_estimator][WARNING] - No directed path from ['X3'] to ['X0'].
[2026-04-24 05:47:41,489][dowhy.causal_model][INFO] - Model to find the causal effect of treatment ['X3'] on outcome ['X1']
[2026-04-24 05:47:41,489][dowhy.causal_identifier.auto_identifier][WARNING] - No directed path from treatment to outcome. Causal Effect is zero.
[2026-04-24 05:47:41,489][dowhy.causal_model][INFO] - linear_regression
[2026-04-24 05:47:41,489][dowhy.causal_estimator][INFO] - INFO: Using Linear Regression Estimator
[2026-04-24 05:47:41,489][dowhy.causal_estimator][WARNING] - No directed path from ['X3'] to ['X1'].
[2026-04-24 05:47:41,490][dowhy.causal_model][INFO] - Model to find the causal effect of treatment ['X3'] on outcome ['X2']
[2026-04-24 05:47:41,491][dowhy.causal_identifier.auto_identifier][WARNING] - No directed path from treatment to outcome. Causal Effect is zero.
[2026-04-24 05:47:41,491][dowhy.causal_model][INFO] - linear_regression
[2026-04-24 05:47:41,491][dowhy.causal_estimator][INFO] - INFO: Using Linear Regression Estimator
[2026-04-24 05:47:41,491][dowhy.causal_estimator][WARNING] - No directed path from ['X3'] to ['X2'].
[2026-04-24 05:47:41,492][dowhy.causal_model][INFO] - Model to find the causal effect of treatment ['X3'] on outcome ['X4']
[2026-04-24 05:47:41,492][dowhy.causal_identifier.auto_identifier][WARNING] - No directed path from treatment to outcome. Causal Effect is zero.
[2026-04-24 05:47:41,492][dowhy.causal_model][INFO] - linear_regression
[2026-04-24 05:47:41,492][dowhy.causal_estimator][INFO] - INFO: Using Linear Regression Estimator
[2026-04-24 05:47:41,492][dowhy.causal_estimator][WARNING] - No directed path from ['X3'] to ['X4'].
[2026-04-24 05:47:41,494][dowhy.causal_model][INFO] - Model to find the causal effect of treatment ['X3'] on outcome ['X5']
[2026-04-24 05:47:41,494][dowhy.causal_identifier.auto_identifier][WARNING] - No directed path from treatment to outcome. Causal Effect is zero.
[2026-04-24 05:47:41,495][dowhy.causal_model][INFO] - linear_regression
[2026-04-24 05:47:41,495][dowhy.causal_estimator][INFO] - INFO: Using Linear Regression Estimator
[2026-04-24 05:47:41,495][dowhy.causal_estimator][WARNING] - No directed path from ['X3'] to ['X5'].
[2026-04-24 05:47:41,497][dowhy.causal_model][INFO] - Model to find the causal effect of treatment ['X3'] on outcome ['X6']
[2026-04-24 05:47:41,499][dowhy.causal_identifier.auto_identifier][INFO] - Causal effect can be identified.
[2026-04-24 05:47:41,500][dowhy.causal_identifier.auto_identifier][INFO] - Instrumental variables for treatment and outcome:[]
[2026-04-24 05:47:41,500][dowhy.causal_identifier.auto_identifier][INFO] - Frontdoor variables for treatment and outcome:[]
[2026-04-24 05:47:41,500][dowhy.causal_model][INFO] - linear_regression
[2026-04-24 05:47:41,500][dowhy.causal_estimator][INFO] - INFO: Using Linear Regression Estimator
[2026-04-24 05:47:41,500][dowhy.causal_estimator][INFO] - b: X6~X3+X3*X5+X3*X4+X3*X1+X3*X2+X3*X0
[2026-04-24 05:47:41,509][dowhy.causal_model][INFO] - Model to find the causal effect of treatment ['X3'] on outcome ['X7']
[2026-04-24 05:47:41,509][dowhy.causal_identifier.auto_identifier][WARNING] - No directed path from treatment to outcome. Causal Effect is zero.
[2026-04-24 05:47:41,509][dowhy.causal_model][INFO] - linear_regression
[2026-04-24 05:47:41,509][dowhy.causal_estimator][INFO] - INFO: Using Linear Regression Estimator
[2026-04-24 05:47:41,509][dowhy.causal_estimator][WARNING] - No directed path from ['X3'] to ['X7'].
[2026-04-24 05:47:41,511][dowhy.causal_model][INFO] - Model to find the causal effect of treatment ['X3'] on outcome ['X8']
[2026-04-24 05:47:41,511][dowhy.causal_identifier.auto_identifier][WARNING] - No directed path from treatment to outcome. Causal Effect is zero.
[2026-04-24 05:47:41,511][dowhy.causal_model][INFO] - linear_regression
[2026-04-24 05:47:41,511][dowhy.causal_estimator][INFO] - INFO: Using Linear Regression Estimator
[2026-04-24 05:47:41,511][dowhy.causal_estimator][WARNING] - No directed path from ['X3'] to ['X8'].
[2026-04-24 05:47:41,513][dowhy.causal_model][INFO] - Model to find the causal effect of treatment ['X3'] on outcome ['X9']
[2026-04-24 05:47:41,515][dowhy.causal_identifier.auto_identifier][INFO] - Causal effect can be identified.
[2026-04-24 05:47:41,516][dowhy.causal_identifier.auto_identifier][INFO] - Instrumental variables for treatment and outcome:[]
[2026-04-24 05:47:41,516][dowhy.causal_identifier.auto_identifier][INFO] - Frontdoor variables for treatment and outcome:[]
[2026-04-24 05:47:41,517][dowhy.causal_model][INFO] - linear_regression
[2026-04-24 05:47:41,517][dowhy.causal_estimator][INFO] - INFO: Using Linear Regression Estimator
[2026-04-24 05:47:41,517][dowhy.causal_estimator][INFO] - b: X9~X3+X3*X5+X3*X4+X3*X1+X3*X2+X3*X0
[2026-04-24 05:47:41,581][dowhy.causal_model][INFO] - Model to find the causal effect of treatment ['X4'] on outcome ['X0']
[2026-04-24 05:47:41,581][dowhy.causal_identifier.auto_identifier][WARNING] - No directed path from treatment to outcome. Causal Effect is zero.
[2026-04-24 05:47:41,581][dowhy.causal_model][INFO] - linear_regression
[2026-04-24 05:47:41,581][dowhy.causal_estimator][INFO] - INFO: Using Linear Regression Estimator
[2026-04-24 05:47:41,581][dowhy.causal_estimator][WARNING] - No directed path from ['X4'] to ['X0'].
[2026-04-24 05:47:41,583][dowhy.causal_model][INFO] - Model to find the causal effect of treatment ['X4'] on outcome ['X1']
[2026-04-24 05:47:41,583][dowhy.causal_identifier.auto_identifier][WARNING] - No directed path from treatment to outcome. Causal Effect is zero.
[2026-04-24 05:47:41,583][dowhy.causal_model][INFO] - linear_regression
[2026-04-24 05:47:41,583][dowhy.causal_estimator][INFO] - INFO: Using Linear Regression Estimator
[2026-04-24 05:47:41,583][dowhy.causal_estimator][WARNING] - No directed path from ['X4'] to ['X1'].
[2026-04-24 05:47:41,585][dowhy.causal_model][INFO] - Model to find the causal effect of treatment ['X4'] on outcome ['X2']
[2026-04-24 05:47:41,585][dowhy.causal_identifier.auto_identifier][WARNING] - No directed path from treatment to outcome. Causal Effect is zero.
[2026-04-24 05:47:41,585][dowhy.causal_model][INFO] - linear_regression
[2026-04-24 05:47:41,585][dowhy.causal_estimator][INFO] - INFO: Using Linear Regression Estimator
[2026-04-24 05:47:41,585][dowhy.causal_estimator][WARNING] - No directed path from ['X4'] to ['X2'].
[2026-04-24 05:47:41,587][dowhy.causal_model][INFO] - Model to find the causal effect of treatment ['X4'] on outcome ['X3']
[2026-04-24 05:47:41,587][dowhy.causal_identifier.auto_identifier][WARNING] - No directed path from treatment to outcome. Causal Effect is zero.
[2026-04-24 05:47:41,587][dowhy.causal_model][INFO] - linear_regression
[2026-04-24 05:47:41,587][dowhy.causal_estimator][INFO] - INFO: Using Linear Regression Estimator
[2026-04-24 05:47:41,587][dowhy.causal_estimator][WARNING] - No directed path from ['X4'] to ['X3'].
[2026-04-24 05:47:41,589][dowhy.causal_model][INFO] - Model to find the causal effect of treatment ['X4'] on outcome ['X5']
[2026-04-24 05:47:41,590][dowhy.causal_identifier.auto_identifier][INFO] - Causal effect can be identified.
[2026-04-24 05:47:41,590][dowhy.causal_identifier.auto_identifier][INFO] - Instrumental variables for treatment and outcome:['X0']
[2026-04-24 05:47:41,591][dowhy.causal_identifier.auto_identifier][INFO] - Frontdoor variables for treatment and outcome:[]
[2026-04-24 05:47:41,591][dowhy.causal_model][INFO] - linear_regression
[2026-04-24 05:47:41,591][dowhy.causal_estimator][INFO] - INFO: Using Linear Regression Estimator
[2026-04-24 05:47:41,591][dowhy.causal_estimator][INFO] - b: X5~X4+X1
[2026-04-24 05:47:41,599][dowhy.causal_model][INFO] - Model to find the causal effect of treatment ['X4'] on outcome ['X6']
[2026-04-24 05:47:41,600][dowhy.causal_identifier.auto_identifier][INFO] - Causal effect can be identified.
[2026-04-24 05:47:41,600][dowhy.causal_identifier.auto_identifier][INFO] - Instrumental variables for treatment and outcome:['X0']
[2026-04-24 05:47:41,602][dowhy.causal_identifier.auto_identifier][INFO] - Frontdoor variables for treatment and outcome:[]
[2026-04-24 05:47:41,602][dowhy.causal_model][INFO] - linear_regression
[2026-04-24 05:47:41,602][dowhy.causal_estimator][INFO] - INFO: Using Linear Regression Estimator
[2026-04-24 05:47:41,602][dowhy.causal_estimator][INFO] - b: X6~X4+X1+X4*X2+X4*X3
[2026-04-24 05:47:41,611][dowhy.causal_model][INFO] - Model to find the causal effect of treatment ['X4'] on outcome ['X7']
[2026-04-24 05:47:41,612][dowhy.causal_identifier.auto_identifier][INFO] - Causal effect can be identified.
[2026-04-24 05:47:41,612][dowhy.causal_identifier.auto_identifier][INFO] - Instrumental variables for treatment and outcome:['X1']
[2026-04-24 05:47:41,614][dowhy.causal_identifier.auto_identifier][INFO] - Frontdoor variables for treatment and outcome:[]
[2026-04-24 05:47:41,614][dowhy.causal_model][INFO] - linear_regression
[2026-04-24 05:47:41,614][dowhy.causal_estimator][INFO] - INFO: Using Linear Regression Estimator
[2026-04-24 05:47:41,614][dowhy.causal_estimator][INFO] - b: X7~X4+X0
[2026-04-24 05:47:41,621][dowhy.causal_model][INFO] - Model to find the causal effect of treatment ['X4'] on outcome ['X8']
[2026-04-24 05:47:41,623][dowhy.causal_identifier.auto_identifier][INFO] - Causal effect can be identified.
[2026-04-24 05:47:41,623][dowhy.causal_identifier.auto_identifier][INFO] - Instrumental variables for treatment and outcome:['X0']
[2026-04-24 05:47:41,625][dowhy.causal_identifier.auto_identifier][INFO] - Frontdoor variables for treatment and outcome:[]
[2026-04-24 05:47:41,625][dowhy.causal_model][INFO] - linear_regression
[2026-04-24 05:47:41,626][dowhy.causal_estimator][INFO] - INFO: Using Linear Regression Estimator
[2026-04-24 05:47:41,626][dowhy.causal_estimator][INFO] - b: X8~X4+X1+X4*X2
[2026-04-24 05:47:41,634][dowhy.causal_model][INFO] - Model to find the causal effect of treatment ['X4'] on outcome ['X9']
[2026-04-24 05:47:41,636][dowhy.causal_identifier.auto_identifier][INFO] - Causal effect can be identified.
[2026-04-24 05:47:41,636][dowhy.causal_identifier.auto_identifier][INFO] - Instrumental variables for treatment and outcome:['X0']
[2026-04-24 05:47:41,638][dowhy.causal_identifier.auto_identifier][INFO] - Frontdoor variables for treatment and outcome:[]
[2026-04-24 05:47:41,638][dowhy.causal_model][INFO] - linear_regression
[2026-04-24 05:47:41,638][dowhy.causal_estimator][INFO] - INFO: Using Linear Regression Estimator
[2026-04-24 05:47:41,639][dowhy.causal_estimator][INFO] - b: X9~X4+X1+X4*X2+X4*X3
[2026-04-24 05:47:41,698][dowhy.causal_model][INFO] - Model to find the causal effect of treatment ['X5'] on outcome ['X0']
[2026-04-24 05:47:41,698][dowhy.causal_identifier.auto_identifier][WARNING] - No directed path from treatment to outcome. Causal Effect is zero.
[2026-04-24 05:47:41,698][dowhy.causal_model][INFO] - linear_regression
[2026-04-24 05:47:41,698][dowhy.causal_estimator][INFO] - INFO: Using Linear Regression Estimator
[2026-04-24 05:47:41,698][dowhy.causal_estimator][WARNING] - No directed path from ['X5'] to ['X0'].
[2026-04-24 05:47:41,700][dowhy.causal_model][INFO] - Model to find the causal effect of treatment ['X5'] on outcome ['X1']
[2026-04-24 05:47:41,700][dowhy.causal_identifier.auto_identifier][WARNING] - No directed path from treatment to outcome. Causal Effect is zero.
[2026-04-24 05:47:41,700][dowhy.causal_model][INFO] - linear_regression
[2026-04-24 05:47:41,700][dowhy.causal_estimator][INFO] - INFO: Using Linear Regression Estimator
[2026-04-24 05:47:41,700][dowhy.causal_estimator][WARNING] - No directed path from ['X5'] to ['X1'].
[2026-04-24 05:47:41,702][dowhy.causal_model][INFO] - Model to find the causal effect of treatment ['X5'] on outcome ['X2']
[2026-04-24 05:47:41,702][dowhy.causal_identifier.auto_identifier][WARNING] - No directed path from treatment to outcome. Causal Effect is zero.
[2026-04-24 05:47:41,702][dowhy.causal_model][INFO] - linear_regression
[2026-04-24 05:47:41,703][dowhy.causal_estimator][INFO] - INFO: Using Linear Regression Estimator
[2026-04-24 05:47:41,703][dowhy.causal_estimator][WARNING] - No directed path from ['X5'] to ['X2'].
[2026-04-24 05:47:41,704][dowhy.causal_model][INFO] - Model to find the causal effect of treatment ['X5'] on outcome ['X3']
[2026-04-24 05:47:41,704][dowhy.causal_identifier.auto_identifier][WARNING] - No directed path from treatment to outcome. Causal Effect is zero.
[2026-04-24 05:47:41,704][dowhy.causal_model][INFO] - linear_regression
[2026-04-24 05:47:41,704][dowhy.causal_estimator][INFO] - INFO: Using Linear Regression Estimator
[2026-04-24 05:47:41,704][dowhy.causal_estimator][WARNING] - No directed path from ['X5'] to ['X3'].
[2026-04-24 05:47:41,706][dowhy.causal_model][INFO] - Model to find the causal effect of treatment ['X5'] on outcome ['X4']
[2026-04-24 05:47:41,706][dowhy.causal_identifier.auto_identifier][WARNING] - No directed path from treatment to outcome. Causal Effect is zero.
[2026-04-24 05:47:41,706][dowhy.causal_model][INFO] - linear_regression
[2026-04-24 05:47:41,706][dowhy.causal_estimator][INFO] - INFO: Using Linear Regression Estimator
[2026-04-24 05:47:41,706][dowhy.causal_estimator][WARNING] - No directed path from ['X5'] to ['X4'].
[2026-04-24 05:47:41,708][dowhy.causal_model][INFO] - Model to find the causal effect of treatment ['X5'] on outcome ['X6']
[2026-04-24 05:47:41,710][dowhy.causal_identifier.auto_identifier][INFO] - Causal effect can be identified.
[2026-04-24 05:47:41,711][dowhy.causal_identifier.auto_identifier][INFO] - Instrumental variables for treatment and outcome:['X4', 'X1']
[2026-04-24 05:47:41,711][dowhy.causal_identifier.auto_identifier][INFO] - Frontdoor variables for treatment and outcome:[]
[2026-04-24 05:47:41,711][dowhy.causal_model][INFO] - linear_regression
[2026-04-24 05:47:41,712][dowhy.causal_estimator][INFO] - INFO: Using Linear Regression Estimator
[2026-04-24 05:47:41,712][dowhy.causal_estimator][INFO] - b: X6~X5+X5*X2+X5*X3
[2026-04-24 05:47:41,720][dowhy.causal_model][INFO] - Model to find the causal effect of treatment ['X5'] on outcome ['X7']
[2026-04-24 05:47:41,720][dowhy.causal_identifier.auto_identifier][WARNING] - No directed path from treatment to outcome. Causal Effect is zero.
[2026-04-24 05:47:41,720][dowhy.causal_model][INFO] - linear_regression
[2026-04-24 05:47:41,720][dowhy.causal_estimator][INFO] - INFO: Using Linear Regression Estimator
[2026-04-24 05:47:41,720][dowhy.causal_estimator][WARNING] - No directed path from ['X5'] to ['X7'].
[2026-04-24 05:47:41,722][dowhy.causal_model][INFO] - Model to find the causal effect of treatment ['X5'] on outcome ['X8']
[2026-04-24 05:47:41,724][dowhy.causal_identifier.auto_identifier][INFO] - Causal effect can be identified.
[2026-04-24 05:47:41,724][dowhy.causal_identifier.auto_identifier][INFO] - Instrumental variables for treatment and outcome:['X4', 'X1']
[2026-04-24 05:47:41,725][dowhy.causal_identifier.auto_identifier][INFO] - Frontdoor variables for treatment and outcome:[]
[2026-04-24 05:47:41,725][dowhy.causal_model][INFO] - linear_regression
[2026-04-24 05:47:41,725][dowhy.causal_estimator][INFO] - INFO: Using Linear Regression Estimator
[2026-04-24 05:47:41,725][dowhy.causal_estimator][INFO] - b: X8~X5+X5*X2
[2026-04-24 05:47:41,734][dowhy.causal_model][INFO] - Model to find the causal effect of treatment ['X5'] on outcome ['X9']
[2026-04-24 05:47:41,736][dowhy.causal_identifier.auto_identifier][INFO] - Causal effect can be identified.
[2026-04-24 05:47:41,736][dowhy.causal_identifier.auto_identifier][INFO] - Instrumental variables for treatment and outcome:['X4', 'X1']
[2026-04-24 05:47:41,737][dowhy.causal_identifier.auto_identifier][INFO] - Frontdoor variables for treatment and outcome:[]
[2026-04-24 05:47:41,737][dowhy.causal_model][INFO] - linear_regression
[2026-04-24 05:47:41,737][dowhy.causal_estimator][INFO] - INFO: Using Linear Regression Estimator
[2026-04-24 05:47:41,738][dowhy.causal_estimator][INFO] - b: X9~X5+X5*X2+X5*X3
[2026-04-24 05:47:41,800][dowhy.causal_model][INFO] - Model to find the causal effect of treatment ['X6'] on outcome ['X0']
[2026-04-24 05:47:41,800][dowhy.causal_identifier.auto_identifier][WARNING] - No directed path from treatment to outcome. Causal Effect is zero.
[2026-04-24 05:47:41,800][dowhy.causal_model][INFO] - linear_regression
[2026-04-24 05:47:41,800][dowhy.causal_estimator][INFO] - INFO: Using Linear Regression Estimator
[2026-04-24 05:47:41,800][dowhy.causal_estimator][WARNING] - No directed path from ['X6'] to ['X0'].
[2026-04-24 05:47:41,802][dowhy.causal_model][INFO] - Model to find the causal effect of treatment ['X6'] on outcome ['X1']
[2026-04-24 05:47:41,802][dowhy.causal_identifier.auto_identifier][WARNING] - No directed path from treatment to outcome. Causal Effect is zero.
[2026-04-24 05:47:41,802][dowhy.causal_model][INFO] - linear_regression
[2026-04-24 05:47:41,802][dowhy.causal_estimator][INFO] - INFO: Using Linear Regression Estimator
[2026-04-24 05:47:41,802][dowhy.causal_estimator][WARNING] - No directed path from ['X6'] to ['X1'].
[2026-04-24 05:47:41,804][dowhy.causal_model][INFO] - Model to find the causal effect of treatment ['X6'] on outcome ['X2']
[2026-04-24 05:47:41,804][dowhy.causal_identifier.auto_identifier][WARNING] - No directed path from treatment to outcome. Causal Effect is zero.
[2026-04-24 05:47:41,804][dowhy.causal_model][INFO] - linear_regression
[2026-04-24 05:47:41,804][dowhy.causal_estimator][INFO] - INFO: Using Linear Regression Estimator
[2026-04-24 05:47:41,804][dowhy.causal_estimator][WARNING] - No directed path from ['X6'] to ['X2'].
[2026-04-24 05:47:41,806][dowhy.causal_model][INFO] - Model to find the causal effect of treatment ['X6'] on outcome ['X3']
[2026-04-24 05:47:41,806][dowhy.causal_identifier.auto_identifier][WARNING] - No directed path from treatment to outcome. Causal Effect is zero.
[2026-04-24 05:47:41,806][dowhy.causal_model][INFO] - linear_regression
[2026-04-24 05:47:41,806][dowhy.causal_estimator][INFO] - INFO: Using Linear Regression Estimator
[2026-04-24 05:47:41,806][dowhy.causal_estimator][WARNING] - No directed path from ['X6'] to ['X3'].
[2026-04-24 05:47:41,808][dowhy.causal_model][INFO] - Model to find the causal effect of treatment ['X6'] on outcome ['X4']
[2026-04-24 05:47:41,808][dowhy.causal_identifier.auto_identifier][WARNING] - No directed path from treatment to outcome. Causal Effect is zero.
[2026-04-24 05:47:41,808][dowhy.causal_model][INFO] - linear_regression
[2026-04-24 05:47:41,808][dowhy.causal_estimator][INFO] - INFO: Using Linear Regression Estimator
[2026-04-24 05:47:41,808][dowhy.causal_estimator][WARNING] - No directed path from ['X6'] to ['X4'].
[2026-04-24 05:47:41,810][dowhy.causal_model][INFO] - Model to find the causal effect of treatment ['X6'] on outcome ['X5']
[2026-04-24 05:47:41,810][dowhy.causal_identifier.auto_identifier][WARNING] - No directed path from treatment to outcome. Causal Effect is zero.
[2026-04-24 05:47:41,810][dowhy.causal_model][INFO] - linear_regression
[2026-04-24 05:47:41,810][dowhy.causal_estimator][INFO] - INFO: Using Linear Regression Estimator
[2026-04-24 05:47:41,810][dowhy.causal_estimator][WARNING] - No directed path from ['X6'] to ['X5'].
[2026-04-24 05:47:41,812][dowhy.causal_model][INFO] - Model to find the causal effect of treatment ['X6'] on outcome ['X7']
[2026-04-24 05:47:41,812][dowhy.causal_identifier.auto_identifier][WARNING] - No directed path from treatment to outcome. Causal Effect is zero.
[2026-04-24 05:47:41,812][dowhy.causal_model][INFO] - linear_regression
[2026-04-24 05:47:41,812][dowhy.causal_estimator][INFO] - INFO: Using Linear Regression Estimator
[2026-04-24 05:47:41,812][dowhy.causal_estimator][WARNING] - No directed path from ['X6'] to ['X7'].
[2026-04-24 05:47:41,813][dowhy.causal_model][INFO] - Model to find the causal effect of treatment ['X6'] on outcome ['X8']
[2026-04-24 05:47:41,813][dowhy.causal_identifier.auto_identifier][WARNING] - No directed path from treatment to outcome. Causal Effect is zero.
[2026-04-24 05:47:41,814][dowhy.causal_model][INFO] - linear_regression
[2026-04-24 05:47:41,814][dowhy.causal_estimator][INFO] - INFO: Using Linear Regression Estimator
[2026-04-24 05:47:41,814][dowhy.causal_estimator][WARNING] - No directed path from ['X6'] to ['X8'].
[2026-04-24 05:47:41,815][dowhy.causal_model][INFO] - Model to find the causal effect of treatment ['X6'] on outcome ['X9']
[2026-04-24 05:47:41,817][dowhy.causal_identifier.auto_identifier][INFO] - Causal effect can be identified.
[2026-04-24 05:47:41,818][dowhy.causal_identifier.auto_identifier][INFO] - Instrumental variables for treatment and outcome:['X2', 'X5']
[2026-04-24 05:47:41,818][dowhy.causal_identifier.auto_identifier][INFO] - Frontdoor variables for treatment and outcome:[]
[2026-04-24 05:47:41,818][dowhy.causal_model][INFO] - linear_regression
[2026-04-24 05:47:41,818][dowhy.causal_estimator][INFO] - INFO: Using Linear Regression Estimator
[2026-04-24 05:47:41,819][dowhy.causal_estimator][INFO] - b: X9~X6+X3
[2026-04-24 05:47:41,876][dowhy.causal_model][INFO] - Model to find the causal effect of treatment ['X7'] on outcome ['X0']
[2026-04-24 05:47:41,876][dowhy.causal_identifier.auto_identifier][WARNING] - No directed path from treatment to outcome. Causal Effect is zero.
[2026-04-24 05:47:41,876][dowhy.causal_model][INFO] - linear_regression
[2026-04-24 05:47:41,876][dowhy.causal_estimator][INFO] - INFO: Using Linear Regression Estimator
[2026-04-24 05:47:41,876][dowhy.causal_estimator][WARNING] - No directed path from ['X7'] to ['X0'].
[2026-04-24 05:47:41,878][dowhy.causal_model][INFO] - Model to find the causal effect of treatment ['X7'] on outcome ['X1']
[2026-04-24 05:47:41,878][dowhy.causal_identifier.auto_identifier][WARNING] - No directed path from treatment to outcome. Causal Effect is zero.
[2026-04-24 05:47:41,878][dowhy.causal_model][INFO] - linear_regression
[2026-04-24 05:47:41,878][dowhy.causal_estimator][INFO] - INFO: Using Linear Regression Estimator
[2026-04-24 05:47:41,878][dowhy.causal_estimator][WARNING] - No directed path from ['X7'] to ['X1'].
[2026-04-24 05:47:41,879][dowhy.causal_model][INFO] - Model to find the causal effect of treatment ['X7'] on outcome ['X2']
[2026-04-24 05:47:41,879][dowhy.causal_identifier.auto_identifier][WARNING] - No directed path from treatment to outcome. Causal Effect is zero.
[2026-04-24 05:47:41,880][dowhy.causal_model][INFO] - linear_regression
[2026-04-24 05:47:41,880][dowhy.causal_estimator][INFO] - INFO: Using Linear Regression Estimator
[2026-04-24 05:47:41,880][dowhy.causal_estimator][WARNING] - No directed path from ['X7'] to ['X2'].
[2026-04-24 05:47:41,881][dowhy.causal_model][INFO] - Model to find the causal effect of treatment ['X7'] on outcome ['X3']
[2026-04-24 05:47:41,881][dowhy.causal_identifier.auto_identifier][WARNING] - No directed path from treatment to outcome. Causal Effect is zero.
[2026-04-24 05:47:41,881][dowhy.causal_model][INFO] - linear_regression
[2026-04-24 05:47:41,881][dowhy.causal_estimator][INFO] - INFO: Using Linear Regression Estimator
[2026-04-24 05:47:41,881][dowhy.causal_estimator][WARNING] - No directed path from ['X7'] to ['X3'].
[2026-04-24 05:47:41,883][dowhy.causal_model][INFO] - Model to find the causal effect of treatment ['X7'] on outcome ['X4']
[2026-04-24 05:47:41,883][dowhy.causal_identifier.auto_identifier][WARNING] - No directed path from treatment to outcome. Causal Effect is zero.
[2026-04-24 05:47:41,883][dowhy.causal_model][INFO] - linear_regression
[2026-04-24 05:47:41,883][dowhy.causal_estimator][INFO] - INFO: Using Linear Regression Estimator
[2026-04-24 05:47:41,883][dowhy.causal_estimator][WARNING] - No directed path from ['X7'] to ['X4'].
[2026-04-24 05:47:41,885][dowhy.causal_model][INFO] - Model to find the causal effect of treatment ['X7'] on outcome ['X5']
[2026-04-24 05:47:41,885][dowhy.causal_identifier.auto_identifier][WARNING] - No directed path from treatment to outcome. Causal Effect is zero.
[2026-04-24 05:47:41,885][dowhy.causal_model][INFO] - linear_regression
[2026-04-24 05:47:41,885][dowhy.causal_estimator][INFO] - INFO: Using Linear Regression Estimator
[2026-04-24 05:47:41,885][dowhy.causal_estimator][WARNING] - No directed path from ['X7'] to ['X5'].
[2026-04-24 05:47:41,886][dowhy.causal_model][INFO] - Model to find the causal effect of treatment ['X7'] on outcome ['X6']
[2026-04-24 05:47:41,887][dowhy.causal_identifier.auto_identifier][WARNING] - No directed path from treatment to outcome. Causal Effect is zero.
[2026-04-24 05:47:41,887][dowhy.causal_model][INFO] - linear_regression
[2026-04-24 05:47:41,887][dowhy.causal_estimator][INFO] - INFO: Using Linear Regression Estimator
[2026-04-24 05:47:41,887][dowhy.causal_estimator][WARNING] - No directed path from ['X7'] to ['X6'].
[2026-04-24 05:47:41,888][dowhy.causal_model][INFO] - Model to find the causal effect of treatment ['X7'] on outcome ['X8']
[2026-04-24 05:47:41,888][dowhy.causal_identifier.auto_identifier][WARNING] - No directed path from treatment to outcome. Causal Effect is zero.
[2026-04-24 05:47:41,888][dowhy.causal_model][INFO] - linear_regression
[2026-04-24 05:47:41,888][dowhy.causal_estimator][INFO] - INFO: Using Linear Regression Estimator
[2026-04-24 05:47:41,888][dowhy.causal_estimator][WARNING] - No directed path from ['X7'] to ['X8'].
[2026-04-24 05:47:41,890][dowhy.causal_model][INFO] - Model to find the causal effect of treatment ['X7'] on outcome ['X9']
[2026-04-24 05:47:41,890][dowhy.causal_identifier.auto_identifier][WARNING] - No directed path from treatment to outcome. Causal Effect is zero.
[2026-04-24 05:47:41,890][dowhy.causal_model][INFO] - linear_regression
[2026-04-24 05:47:41,890][dowhy.causal_estimator][INFO] - INFO: Using Linear Regression Estimator
[2026-04-24 05:47:41,890][dowhy.causal_estimator][WARNING] - No directed path from ['X7'] to ['X9'].
[2026-04-24 05:47:41,941][dowhy.causal_model][INFO] - Model to find the causal effect of treatment ['X8'] on outcome ['X0']
[2026-04-24 05:47:41,941][dowhy.causal_identifier.auto_identifier][WARNING] - No directed path from treatment to outcome. Causal Effect is zero.
[2026-04-24 05:47:41,941][dowhy.causal_model][INFO] - linear_regression
[2026-04-24 05:47:41,941][dowhy.causal_estimator][INFO] - INFO: Using Linear Regression Estimator
[2026-04-24 05:47:41,941][dowhy.causal_estimator][WARNING] - No directed path from ['X8'] to ['X0'].
[2026-04-24 05:47:41,943][dowhy.causal_model][INFO] - Model to find the causal effect of treatment ['X8'] on outcome ['X1']
[2026-04-24 05:47:41,943][dowhy.causal_identifier.auto_identifier][WARNING] - No directed path from treatment to outcome. Causal Effect is zero.
[2026-04-24 05:47:41,943][dowhy.causal_model][INFO] - linear_regression
[2026-04-24 05:47:41,943][dowhy.causal_estimator][INFO] - INFO: Using Linear Regression Estimator
[2026-04-24 05:47:41,944][dowhy.causal_estimator][WARNING] - No directed path from ['X8'] to ['X1'].
[2026-04-24 05:47:41,945][dowhy.causal_model][INFO] - Model to find the causal effect of treatment ['X8'] on outcome ['X2']
[2026-04-24 05:47:41,945][dowhy.causal_identifier.auto_identifier][WARNING] - No directed path from treatment to outcome. Causal Effect is zero.
[2026-04-24 05:47:41,945][dowhy.causal_model][INFO] - linear_regression
[2026-04-24 05:47:41,945][dowhy.causal_estimator][INFO] - INFO: Using Linear Regression Estimator
[2026-04-24 05:47:41,945][dowhy.causal_estimator][WARNING] - No directed path from ['X8'] to ['X2'].
[2026-04-24 05:47:41,947][dowhy.causal_model][INFO] - Model to find the causal effect of treatment ['X8'] on outcome ['X3']
[2026-04-24 05:47:41,947][dowhy.causal_identifier.auto_identifier][WARNING] - No directed path from treatment to outcome. Causal Effect is zero.
[2026-04-24 05:47:41,947][dowhy.causal_model][INFO] - linear_regression
[2026-04-24 05:47:41,947][dowhy.causal_estimator][INFO] - INFO: Using Linear Regression Estimator
[2026-04-24 05:47:41,947][dowhy.causal_estimator][WARNING] - No directed path from ['X8'] to ['X3'].
[2026-04-24 05:47:41,949][dowhy.causal_model][INFO] - Model to find the causal effect of treatment ['X8'] on outcome ['X4']
[2026-04-24 05:47:41,949][dowhy.causal_identifier.auto_identifier][WARNING] - No directed path from treatment to outcome. Causal Effect is zero.
[2026-04-24 05:47:41,949][dowhy.causal_model][INFO] - linear_regression
[2026-04-24 05:47:41,949][dowhy.causal_estimator][INFO] - INFO: Using Linear Regression Estimator
[2026-04-24 05:47:41,949][dowhy.causal_estimator][WARNING] - No directed path from ['X8'] to ['X4'].
[2026-04-24 05:47:41,951][dowhy.causal_model][INFO] - Model to find the causal effect of treatment ['X8'] on outcome ['X5']
[2026-04-24 05:47:41,951][dowhy.causal_identifier.auto_identifier][WARNING] - No directed path from treatment to outcome. Causal Effect is zero.
[2026-04-24 05:47:41,951][dowhy.causal_model][INFO] - linear_regression
[2026-04-24 05:47:41,951][dowhy.causal_estimator][INFO] - INFO: Using Linear Regression Estimator
[2026-04-24 05:47:41,951][dowhy.causal_estimator][WARNING] - No directed path from ['X8'] to ['X5'].
[2026-04-24 05:47:41,953][dowhy.causal_model][INFO] - Model to find the causal effect of treatment ['X8'] on outcome ['X6']
[2026-04-24 05:47:41,953][dowhy.causal_identifier.auto_identifier][WARNING] - No directed path from treatment to outcome. Causal Effect is zero.
[2026-04-24 05:47:41,953][dowhy.causal_model][INFO] - linear_regression
[2026-04-24 05:47:41,953][dowhy.causal_estimator][INFO] - INFO: Using Linear Regression Estimator
[2026-04-24 05:47:41,953][dowhy.causal_estimator][WARNING] - No directed path from ['X8'] to ['X6'].
[2026-04-24 05:47:41,955][dowhy.causal_model][INFO] - Model to find the causal effect of treatment ['X8'] on outcome ['X7']
[2026-04-24 05:47:41,955][dowhy.causal_identifier.auto_identifier][WARNING] - No directed path from treatment to outcome. Causal Effect is zero.
[2026-04-24 05:47:41,955][dowhy.causal_model][INFO] - linear_regression
[2026-04-24 05:47:41,955][dowhy.causal_estimator][INFO] - INFO: Using Linear Regression Estimator
[2026-04-24 05:47:41,955][dowhy.causal_estimator][WARNING] - No directed path from ['X8'] to ['X7'].
[2026-04-24 05:47:41,957][dowhy.causal_model][INFO] - Model to find the causal effect of treatment ['X8'] on outcome ['X9']
[2026-04-24 05:47:41,957][dowhy.causal_identifier.auto_identifier][WARNING] - No directed path from treatment to outcome. Causal Effect is zero.
[2026-04-24 05:47:41,957][dowhy.causal_model][INFO] - linear_regression
[2026-04-24 05:47:41,957][dowhy.causal_estimator][INFO] - INFO: Using Linear Regression Estimator
[2026-04-24 05:47:41,957][dowhy.causal_estimator][WARNING] - No directed path from ['X8'] to ['X9'].
[2026-04-24 05:47:42,013][dowhy.causal_model][INFO] - Model to find the causal effect of treatment ['X9'] on outcome ['X0']
[2026-04-24 05:47:42,013][dowhy.causal_identifier.auto_identifier][WARNING] - No directed path from treatment to outcome. Causal Effect is zero.
[2026-04-24 05:47:42,013][dowhy.causal_model][INFO] - linear_regression
[2026-04-24 05:47:42,013][dowhy.causal_estimator][INFO] - INFO: Using Linear Regression Estimator
[2026-04-24 05:47:42,013][dowhy.causal_estimator][WARNING] - No directed path from ['X9'] to ['X0'].
[2026-04-24 05:47:42,015][dowhy.causal_model][INFO] - Model to find the causal effect of treatment ['X9'] on outcome ['X1']
[2026-04-24 05:47:42,015][dowhy.causal_identifier.auto_identifier][WARNING] - No directed path from treatment to outcome. Causal Effect is zero.
[2026-04-24 05:47:42,015][dowhy.causal_model][INFO] - linear_regression
[2026-04-24 05:47:42,015][dowhy.causal_estimator][INFO] - INFO: Using Linear Regression Estimator
[2026-04-24 05:47:42,015][dowhy.causal_estimator][WARNING] - No directed path from ['X9'] to ['X1'].
[2026-04-24 05:47:42,017][dowhy.causal_model][INFO] - Model to find the causal effect of treatment ['X9'] on outcome ['X2']
[2026-04-24 05:47:42,017][dowhy.causal_identifier.auto_identifier][WARNING] - No directed path from treatment to outcome. Causal Effect is zero.
[2026-04-24 05:47:42,017][dowhy.causal_model][INFO] - linear_regression
[2026-04-24 05:47:42,017][dowhy.causal_estimator][INFO] - INFO: Using Linear Regression Estimator
[2026-04-24 05:47:42,017][dowhy.causal_estimator][WARNING] - No directed path from ['X9'] to ['X2'].
[2026-04-24 05:47:42,019][dowhy.causal_model][INFO] - Model to find the causal effect of treatment ['X9'] on outcome ['X3']
[2026-04-24 05:47:42,019][dowhy.causal_identifier.auto_identifier][WARNING] - No directed path from treatment to outcome. Causal Effect is zero.
[2026-04-24 05:47:42,019][dowhy.causal_model][INFO] - linear_regression
[2026-04-24 05:47:42,019][dowhy.causal_estimator][INFO] - INFO: Using Linear Regression Estimator
[2026-04-24 05:47:42,019][dowhy.causal_estimator][WARNING] - No directed path from ['X9'] to ['X3'].
[2026-04-24 05:47:42,021][dowhy.causal_model][INFO] - Model to find the causal effect of treatment ['X9'] on outcome ['X4']
[2026-04-24 05:47:42,021][dowhy.causal_identifier.auto_identifier][WARNING] - No directed path from treatment to outcome. Causal Effect is zero.
[2026-04-24 05:47:42,021][dowhy.causal_model][INFO] - linear_regression
[2026-04-24 05:47:42,021][dowhy.causal_estimator][INFO] - INFO: Using Linear Regression Estimator
[2026-04-24 05:47:42,021][dowhy.causal_estimator][WARNING] - No directed path from ['X9'] to ['X4'].
[2026-04-24 05:47:42,023][dowhy.causal_model][INFO] - Model to find the causal effect of treatment ['X9'] on outcome ['X5']
[2026-04-24 05:47:42,023][dowhy.causal_identifier.auto_identifier][WARNING] - No directed path from treatment to outcome. Causal Effect is zero.
[2026-04-24 05:47:42,023][dowhy.causal_model][INFO] - linear_regression
[2026-04-24 05:47:42,023][dowhy.causal_estimator][INFO] - INFO: Using Linear Regression Estimator
[2026-04-24 05:47:42,023][dowhy.causal_estimator][WARNING] - No directed path from ['X9'] to ['X5'].
[2026-04-24 05:47:42,024][dowhy.causal_model][INFO] - Model to find the causal effect of treatment ['X9'] on outcome ['X6']
[2026-04-24 05:47:42,024][dowhy.causal_identifier.auto_identifier][WARNING] - No directed path from treatment to outcome. Causal Effect is zero.
[2026-04-24 05:47:42,024][dowhy.causal_model][INFO] - linear_regression
[2026-04-24 05:47:42,025][dowhy.causal_estimator][INFO] - INFO: Using Linear Regression Estimator
[2026-04-24 05:47:42,025][dowhy.causal_estimator][WARNING] - No directed path from ['X9'] to ['X6'].
[2026-04-24 05:47:42,026][dowhy.causal_model][INFO] - Model to find the causal effect of treatment ['X9'] on outcome ['X7']
[2026-04-24 05:47:42,026][dowhy.causal_identifier.auto_identifier][WARNING] - No directed path from treatment to outcome. Causal Effect is zero.
[2026-04-24 05:47:42,026][dowhy.causal_model][INFO] - linear_regression
[2026-04-24 05:47:42,026][dowhy.causal_estimator][INFO] - INFO: Using Linear Regression Estimator
[2026-04-24 05:47:42,026][dowhy.causal_estimator][WARNING] - No directed path from ['X9'] to ['X7'].
[2026-04-24 05:47:42,028][dowhy.causal_model][INFO] - Model to find the causal effect of treatment ['X9'] on outcome ['X8']
[2026-04-24 05:47:42,028][dowhy.causal_identifier.auto_identifier][WARNING] - No directed path from treatment to outcome. Causal Effect is zero.
[2026-04-24 05:47:42,028][dowhy.causal_model][INFO] - linear_regression
[2026-04-24 05:47:42,028][dowhy.causal_estimator][INFO] - INFO: Using Linear Regression Estimator
[2026-04-24 05:47:42,028][dowhy.causal_estimator][WARNING] - No directed path from ['X9'] to ['X8'].
