[2026-04-24 05:42:18,919][dowhy.causal_model][INFO] - Model to find the causal effect of treatment ['X0'] on outcome ['X1']
[2026-04-24 05:42:18,920][dowhy.causal_identifier.auto_identifier][WARNING] - No directed path from treatment to outcome. Causal Effect is zero.
[2026-04-24 05:42:18,920][dowhy.causal_model][INFO] - linear_regression
[2026-04-24 05:42:18,920][dowhy.causal_estimator][INFO] - INFO: Using Linear Regression Estimator
[2026-04-24 05:42:18,920][dowhy.causal_estimator][WARNING] - No directed path from ['X0'] to ['X1'].
[2026-04-24 05:42:18,922][dowhy.causal_model][INFO] - Model to find the causal effect of treatment ['X0'] on outcome ['X2']
[2026-04-24 05:42:18,922][dowhy.causal_identifier.auto_identifier][WARNING] - No directed path from treatment to outcome. Causal Effect is zero.
[2026-04-24 05:42:18,922][dowhy.causal_model][INFO] - linear_regression
[2026-04-24 05:42:18,922][dowhy.causal_estimator][INFO] - INFO: Using Linear Regression Estimator
[2026-04-24 05:42:18,922][dowhy.causal_estimator][WARNING] - No directed path from ['X0'] to ['X2'].
[2026-04-24 05:42:18,923][dowhy.causal_model][INFO] - Model to find the causal effect of treatment ['X0'] on outcome ['X3']
[2026-04-24 05:42:18,924][dowhy.causal_identifier.auto_identifier][INFO] - Causal effect can be identified.
[2026-04-24 05:42:18,925][dowhy.causal_identifier.auto_identifier][INFO] - Instrumental variables for treatment and outcome:[]
[2026-04-24 05:42:18,925][dowhy.causal_identifier.auto_identifier][INFO] - Frontdoor variables for treatment and outcome:[]
[2026-04-24 05:42:18,925][dowhy.causal_model][INFO] - linear_regression
[2026-04-24 05:42:18,925][dowhy.causal_estimator][INFO] - INFO: Using Linear Regression Estimator
[2026-04-24 05:42:18,926][dowhy.causal_estimator][INFO] - b: X3~X0+X0*X1
[2026-04-24 05:42:18,933][dowhy.causal_model][INFO] - Model to find the causal effect of treatment ['X0'] on outcome ['X4']
[2026-04-24 05:42:18,934][dowhy.causal_identifier.auto_identifier][INFO] - Causal effect can be identified.
[2026-04-24 05:42:18,935][dowhy.causal_identifier.auto_identifier][INFO] - Instrumental variables for treatment and outcome:[]
[2026-04-24 05:42:18,935][dowhy.causal_identifier.auto_identifier][INFO] - Frontdoor variables for treatment and outcome:[]
[2026-04-24 05:42:18,935][dowhy.causal_model][INFO] - linear_regression
[2026-04-24 05:42:18,935][dowhy.causal_estimator][INFO] - INFO: Using Linear Regression Estimator
[2026-04-24 05:42:18,935][dowhy.causal_estimator][INFO] - b: X4~X0+X0*X1
[2026-04-24 05:42:18,942][dowhy.causal_model][INFO] - Model to find the causal effect of treatment ['X0'] on outcome ['X5']
[2026-04-24 05:42:18,943][dowhy.causal_identifier.auto_identifier][INFO] - Causal effect can be identified.
[2026-04-24 05:42:18,943][dowhy.causal_identifier.auto_identifier][INFO] - Instrumental variables for treatment and outcome:[]
[2026-04-24 05:42:18,945][dowhy.causal_identifier.auto_identifier][INFO] - Frontdoor variables for treatment and outcome:[]
[2026-04-24 05:42:18,945][dowhy.causal_model][INFO] - linear_regression
[2026-04-24 05:42:18,945][dowhy.causal_estimator][INFO] - INFO: Using Linear Regression Estimator
[2026-04-24 05:42:18,945][dowhy.causal_estimator][INFO] - b: X5~X0+X0*X1
[2026-04-24 05:42:18,952][dowhy.causal_model][INFO] - Model to find the causal effect of treatment ['X0'] on outcome ['X6']
[2026-04-24 05:42:18,953][dowhy.causal_identifier.auto_identifier][INFO] - Causal effect can be identified.
[2026-04-24 05:42:18,953][dowhy.causal_identifier.auto_identifier][INFO] - Instrumental variables for treatment and outcome:[]
[2026-04-24 05:42:18,955][dowhy.causal_identifier.auto_identifier][INFO] - Frontdoor variables for treatment and outcome:[]
[2026-04-24 05:42:18,955][dowhy.causal_model][INFO] - linear_regression
[2026-04-24 05:42:18,955][dowhy.causal_estimator][INFO] - INFO: Using Linear Regression Estimator
[2026-04-24 05:42:18,955][dowhy.causal_estimator][INFO] - b: X6~X0+X0*X1
[2026-04-24 05:42:18,962][dowhy.causal_model][INFO] - Model to find the causal effect of treatment ['X0'] on outcome ['X7']
[2026-04-24 05:42:18,963][dowhy.causal_identifier.auto_identifier][INFO] - Causal effect can be identified.
[2026-04-24 05:42:18,963][dowhy.causal_identifier.auto_identifier][INFO] - Instrumental variables for treatment and outcome:[]
[2026-04-24 05:42:18,965][dowhy.causal_identifier.auto_identifier][INFO] - Frontdoor variables for treatment and outcome:['X3', 'X6', 'X5', 'X4']
[2026-04-24 05:42:18,966][dowhy.causal_identifier.auto_identifier][INFO] - Causal effect can be identified.
[2026-04-24 05:42:18,967][dowhy.causal_identifier.auto_identifier][INFO] - Causal effect can be identified.
[2026-04-24 05:42:18,968][dowhy.causal_model][INFO] - linear_regression
[2026-04-24 05:42:18,968][dowhy.causal_estimator][INFO] - INFO: Using Linear Regression Estimator
[2026-04-24 05:42:18,968][dowhy.causal_estimator][INFO] - b: X7~X0+X0*X2+X0*X1
[2026-04-24 05:42:19,026][dowhy.causal_model][INFO] - Model to find the causal effect of treatment ['X1'] on outcome ['X0']
[2026-04-24 05:42:19,027][dowhy.causal_identifier.auto_identifier][WARNING] - No directed path from treatment to outcome. Causal Effect is zero.
[2026-04-24 05:42:19,027][dowhy.causal_model][INFO] - linear_regression
[2026-04-24 05:42:19,027][dowhy.causal_estimator][INFO] - INFO: Using Linear Regression Estimator
[2026-04-24 05:42:19,027][dowhy.causal_estimator][WARNING] - No directed path from ['X1'] to ['X0'].
[2026-04-24 05:42:19,029][dowhy.causal_model][INFO] - Model to find the causal effect of treatment ['X1'] on outcome ['X2']
[2026-04-24 05:42:19,029][dowhy.causal_identifier.auto_identifier][WARNING] - No directed path from treatment to outcome. Causal Effect is zero.
[2026-04-24 05:42:19,029][dowhy.causal_model][INFO] - linear_regression
[2026-04-24 05:42:19,029][dowhy.causal_estimator][INFO] - INFO: Using Linear Regression Estimator
[2026-04-24 05:42:19,029][dowhy.causal_estimator][WARNING] - No directed path from ['X1'] to ['X2'].
[2026-04-24 05:42:19,031][dowhy.causal_model][INFO] - Model to find the causal effect of treatment ['X1'] on outcome ['X3']
[2026-04-24 05:42:19,031][dowhy.causal_identifier.auto_identifier][INFO] - Causal effect can be identified.
[2026-04-24 05:42:19,032][dowhy.causal_identifier.auto_identifier][INFO] - Instrumental variables for treatment and outcome:[]
[2026-04-24 05:42:19,032][dowhy.causal_identifier.auto_identifier][INFO] - Frontdoor variables for treatment and outcome:[]
[2026-04-24 05:42:19,032][dowhy.causal_model][INFO] - linear_regression
[2026-04-24 05:42:19,032][dowhy.causal_estimator][INFO] - INFO: Using Linear Regression Estimator
[2026-04-24 05:42:19,032][dowhy.causal_estimator][INFO] - b: X3~X1+X1*X0
[2026-04-24 05:42:19,040][dowhy.causal_model][INFO] - Model to find the causal effect of treatment ['X1'] on outcome ['X4']
[2026-04-24 05:42:19,041][dowhy.causal_identifier.auto_identifier][INFO] - Causal effect can be identified.
[2026-04-24 05:42:19,041][dowhy.causal_identifier.auto_identifier][INFO] - Instrumental variables for treatment and outcome:[]
[2026-04-24 05:42:19,042][dowhy.causal_identifier.auto_identifier][INFO] - Frontdoor variables for treatment and outcome:[]
[2026-04-24 05:42:19,042][dowhy.causal_model][INFO] - linear_regression
[2026-04-24 05:42:19,042][dowhy.causal_estimator][INFO] - INFO: Using Linear Regression Estimator
[2026-04-24 05:42:19,042][dowhy.causal_estimator][INFO] - b: X4~X1+X1*X0
[2026-04-24 05:42:19,050][dowhy.causal_model][INFO] - Model to find the causal effect of treatment ['X1'] on outcome ['X5']
[2026-04-24 05:42:19,050][dowhy.causal_identifier.auto_identifier][INFO] - Causal effect can be identified.
[2026-04-24 05:42:19,051][dowhy.causal_identifier.auto_identifier][INFO] - Instrumental variables for treatment and outcome:[]
[2026-04-24 05:42:19,052][dowhy.causal_identifier.auto_identifier][INFO] - Frontdoor variables for treatment and outcome:[]
[2026-04-24 05:42:19,052][dowhy.causal_model][INFO] - linear_regression
[2026-04-24 05:42:19,052][dowhy.causal_estimator][INFO] - INFO: Using Linear Regression Estimator
[2026-04-24 05:42:19,053][dowhy.causal_estimator][INFO] - b: X5~X1+X1*X0
[2026-04-24 05:42:19,061][dowhy.causal_model][INFO] - Model to find the causal effect of treatment ['X1'] on outcome ['X6']
[2026-04-24 05:42:19,062][dowhy.causal_identifier.auto_identifier][INFO] - Causal effect can be identified.
[2026-04-24 05:42:19,063][dowhy.causal_identifier.auto_identifier][INFO] - Instrumental variables for treatment and outcome:[]
[2026-04-24 05:42:19,064][dowhy.causal_identifier.auto_identifier][INFO] - Frontdoor variables for treatment and outcome:[]
[2026-04-24 05:42:19,064][dowhy.causal_model][INFO] - linear_regression
[2026-04-24 05:42:19,064][dowhy.causal_estimator][INFO] - INFO: Using Linear Regression Estimator
[2026-04-24 05:42:19,064][dowhy.causal_estimator][INFO] - b: X6~X1+X1*X0
[2026-04-24 05:42:19,073][dowhy.causal_model][INFO] - Model to find the causal effect of treatment ['X1'] on outcome ['X7']
[2026-04-24 05:42:19,073][dowhy.causal_identifier.auto_identifier][INFO] - Causal effect can be identified.
[2026-04-24 05:42:19,074][dowhy.causal_identifier.auto_identifier][INFO] - Instrumental variables for treatment and outcome:[]
[2026-04-24 05:42:19,076][dowhy.causal_identifier.auto_identifier][INFO] - Frontdoor variables for treatment and outcome:['X3', 'X6', 'X5', 'X4']
[2026-04-24 05:42:19,077][dowhy.causal_identifier.auto_identifier][INFO] - Causal effect can be identified.
[2026-04-24 05:42:19,078][dowhy.causal_identifier.auto_identifier][INFO] - Causal effect can be identified.
[2026-04-24 05:42:19,079][dowhy.causal_model][INFO] - linear_regression
[2026-04-24 05:42:19,079][dowhy.causal_estimator][INFO] - INFO: Using Linear Regression Estimator
[2026-04-24 05:42:19,080][dowhy.causal_estimator][INFO] - b: X7~X1+X1*X0+X1*X2
[2026-04-24 05:42:19,147][dowhy.causal_model][INFO] - Model to find the causal effect of treatment ['X2'] on outcome ['X0']
[2026-04-24 05:42:19,147][dowhy.causal_identifier.auto_identifier][WARNING] - No directed path from treatment to outcome. Causal Effect is zero.
[2026-04-24 05:42:19,147][dowhy.causal_model][INFO] - linear_regression
[2026-04-24 05:42:19,147][dowhy.causal_estimator][INFO] - INFO: Using Linear Regression Estimator
[2026-04-24 05:42:19,147][dowhy.causal_estimator][WARNING] - No directed path from ['X2'] to ['X0'].
[2026-04-24 05:42:19,149][dowhy.causal_model][INFO] - Model to find the causal effect of treatment ['X2'] on outcome ['X1']
[2026-04-24 05:42:19,149][dowhy.causal_identifier.auto_identifier][WARNING] - No directed path from treatment to outcome. Causal Effect is zero.
[2026-04-24 05:42:19,149][dowhy.causal_model][INFO] - linear_regression
[2026-04-24 05:42:19,149][dowhy.causal_estimator][INFO] - INFO: Using Linear Regression Estimator
[2026-04-24 05:42:19,149][dowhy.causal_estimator][WARNING] - No directed path from ['X2'] to ['X1'].
[2026-04-24 05:42:19,151][dowhy.causal_model][INFO] - Model to find the causal effect of treatment ['X2'] on outcome ['X3']
[2026-04-24 05:42:19,151][dowhy.causal_identifier.auto_identifier][WARNING] - No directed path from treatment to outcome. Causal Effect is zero.
[2026-04-24 05:42:19,151][dowhy.causal_model][INFO] - linear_regression
[2026-04-24 05:42:19,151][dowhy.causal_estimator][INFO] - INFO: Using Linear Regression Estimator
[2026-04-24 05:42:19,151][dowhy.causal_estimator][WARNING] - No directed path from ['X2'] to ['X3'].
[2026-04-24 05:42:19,153][dowhy.causal_model][INFO] - Model to find the causal effect of treatment ['X2'] on outcome ['X4']
[2026-04-24 05:42:19,153][dowhy.causal_identifier.auto_identifier][WARNING] - No directed path from treatment to outcome. Causal Effect is zero.
[2026-04-24 05:42:19,153][dowhy.causal_model][INFO] - linear_regression
[2026-04-24 05:42:19,153][dowhy.causal_estimator][INFO] - INFO: Using Linear Regression Estimator
[2026-04-24 05:42:19,153][dowhy.causal_estimator][WARNING] - No directed path from ['X2'] to ['X4'].
[2026-04-24 05:42:19,155][dowhy.causal_model][INFO] - Model to find the causal effect of treatment ['X2'] on outcome ['X5']
[2026-04-24 05:42:19,155][dowhy.causal_identifier.auto_identifier][WARNING] - No directed path from treatment to outcome. Causal Effect is zero.
[2026-04-24 05:42:19,155][dowhy.causal_model][INFO] - linear_regression
[2026-04-24 05:42:19,155][dowhy.causal_estimator][INFO] - INFO: Using Linear Regression Estimator
[2026-04-24 05:42:19,155][dowhy.causal_estimator][WARNING] - No directed path from ['X2'] to ['X5'].
[2026-04-24 05:42:19,157][dowhy.causal_model][INFO] - Model to find the causal effect of treatment ['X2'] on outcome ['X6']
[2026-04-24 05:42:19,157][dowhy.causal_identifier.auto_identifier][WARNING] - No directed path from treatment to outcome. Causal Effect is zero.
[2026-04-24 05:42:19,157][dowhy.causal_model][INFO] - linear_regression
[2026-04-24 05:42:19,157][dowhy.causal_estimator][INFO] - INFO: Using Linear Regression Estimator
[2026-04-24 05:42:19,157][dowhy.causal_estimator][WARNING] - No directed path from ['X2'] to ['X6'].
[2026-04-24 05:42:19,158][dowhy.causal_model][INFO] - Model to find the causal effect of treatment ['X2'] on outcome ['X7']
[2026-04-24 05:42:19,160][dowhy.causal_identifier.auto_identifier][INFO] - Causal effect can be identified.
[2026-04-24 05:42:19,161][dowhy.causal_identifier.auto_identifier][INFO] - Instrumental variables for treatment and outcome:[]
[2026-04-24 05:42:19,161][dowhy.causal_identifier.auto_identifier][INFO] - Frontdoor variables for treatment and outcome:[]
[2026-04-24 05:42:19,161][dowhy.causal_model][INFO] - linear_regression
[2026-04-24 05:42:19,161][dowhy.causal_estimator][INFO] - INFO: Using Linear Regression Estimator
[2026-04-24 05:42:19,161][dowhy.causal_estimator][INFO] - b: X7~X2+X2*X0+X2*X3+X2*X4+X2*X1
[2026-04-24 05:42:19,217][dowhy.causal_model][INFO] - Model to find the causal effect of treatment ['X3'] on outcome ['X0']
[2026-04-24 05:42:19,217][dowhy.causal_identifier.auto_identifier][WARNING] - No directed path from treatment to outcome. Causal Effect is zero.
[2026-04-24 05:42:19,217][dowhy.causal_model][INFO] - linear_regression
[2026-04-24 05:42:19,217][dowhy.causal_estimator][INFO] - INFO: Using Linear Regression Estimator
[2026-04-24 05:42:19,217][dowhy.causal_estimator][WARNING] - No directed path from ['X3'] to ['X0'].
[2026-04-24 05:42:19,219][dowhy.causal_model][INFO] - Model to find the causal effect of treatment ['X3'] on outcome ['X1']
[2026-04-24 05:42:19,219][dowhy.causal_identifier.auto_identifier][WARNING] - No directed path from treatment to outcome. Causal Effect is zero.
[2026-04-24 05:42:19,219][dowhy.causal_model][INFO] - linear_regression
[2026-04-24 05:42:19,219][dowhy.causal_estimator][INFO] - INFO: Using Linear Regression Estimator
[2026-04-24 05:42:19,219][dowhy.causal_estimator][WARNING] - No directed path from ['X3'] to ['X1'].
[2026-04-24 05:42:19,221][dowhy.causal_model][INFO] - Model to find the causal effect of treatment ['X3'] on outcome ['X2']
[2026-04-24 05:42:19,221][dowhy.causal_identifier.auto_identifier][WARNING] - No directed path from treatment to outcome. Causal Effect is zero.
[2026-04-24 05:42:19,221][dowhy.causal_model][INFO] - linear_regression
[2026-04-24 05:42:19,221][dowhy.causal_estimator][INFO] - INFO: Using Linear Regression Estimator
[2026-04-24 05:42:19,221][dowhy.causal_estimator][WARNING] - No directed path from ['X3'] to ['X2'].
[2026-04-24 05:42:19,223][dowhy.causal_model][INFO] - Model to find the causal effect of treatment ['X3'] on outcome ['X4']
[2026-04-24 05:42:19,223][dowhy.causal_identifier.auto_identifier][INFO] - Causal effect can be identified.
[2026-04-24 05:42:19,224][dowhy.causal_identifier.auto_identifier][INFO] - Instrumental variables for treatment and outcome:['X0']
[2026-04-24 05:42:19,224][dowhy.causal_identifier.auto_identifier][INFO] - Frontdoor variables for treatment and outcome:[]
[2026-04-24 05:42:19,224][dowhy.causal_model][INFO] - linear_regression
[2026-04-24 05:42:19,224][dowhy.causal_estimator][INFO] - INFO: Using Linear Regression Estimator
[2026-04-24 05:42:19,225][dowhy.causal_estimator][INFO] - b: X4~X3+X1
[2026-04-24 05:42:19,232][dowhy.causal_model][INFO] - Model to find the causal effect of treatment ['X3'] on outcome ['X5']
[2026-04-24 05:42:19,233][dowhy.causal_identifier.auto_identifier][INFO] - Causal effect can be identified.
[2026-04-24 05:42:19,233][dowhy.causal_identifier.auto_identifier][INFO] - Instrumental variables for treatment and outcome:['X1']
[2026-04-24 05:42:19,234][dowhy.causal_identifier.auto_identifier][INFO] - Frontdoor variables for treatment and outcome:[]
[2026-04-24 05:42:19,234][dowhy.causal_model][INFO] - linear_regression
[2026-04-24 05:42:19,234][dowhy.causal_estimator][INFO] - INFO: Using Linear Regression Estimator
[2026-04-24 05:42:19,235][dowhy.causal_estimator][INFO] - b: X5~X3+X0
[2026-04-24 05:42:19,242][dowhy.causal_model][INFO] - Model to find the causal effect of treatment ['X3'] on outcome ['X6']
[2026-04-24 05:42:19,243][dowhy.causal_identifier.auto_identifier][INFO] - Causal effect can be identified.
[2026-04-24 05:42:19,243][dowhy.causal_identifier.auto_identifier][INFO] - Instrumental variables for treatment and outcome:['X0']
[2026-04-24 05:42:19,244][dowhy.causal_identifier.auto_identifier][INFO] - Frontdoor variables for treatment and outcome:[]
[2026-04-24 05:42:19,244][dowhy.causal_model][INFO] - linear_regression
[2026-04-24 05:42:19,244][dowhy.causal_estimator][INFO] - INFO: Using Linear Regression Estimator
[2026-04-24 05:42:19,244][dowhy.causal_estimator][INFO] - b: X6~X3+X1
[2026-04-24 05:42:19,252][dowhy.causal_model][INFO] - Model to find the causal effect of treatment ['X3'] on outcome ['X7']
[2026-04-24 05:42:19,253][dowhy.causal_identifier.auto_identifier][INFO] - Causal effect can be identified.
[2026-04-24 05:42:19,253][dowhy.causal_identifier.auto_identifier][INFO] - Instrumental variables for treatment and outcome:['X0']
[2026-04-24 05:42:19,254][dowhy.causal_identifier.auto_identifier][INFO] - Frontdoor variables for treatment and outcome:[]
[2026-04-24 05:42:19,254][dowhy.causal_model][INFO] - linear_regression
[2026-04-24 05:42:19,254][dowhy.causal_estimator][INFO] - INFO: Using Linear Regression Estimator
[2026-04-24 05:42:19,255][dowhy.causal_estimator][INFO] - b: X7~X3+X1+X3*X2
[2026-04-24 05:42:19,320][dowhy.causal_model][INFO] - Model to find the causal effect of treatment ['X4'] on outcome ['X0']
[2026-04-24 05:42:19,320][dowhy.causal_identifier.auto_identifier][WARNING] - No directed path from treatment to outcome. Causal Effect is zero.
[2026-04-24 05:42:19,320][dowhy.causal_model][INFO] - linear_regression
[2026-04-24 05:42:19,320][dowhy.causal_estimator][INFO] - INFO: Using Linear Regression Estimator
[2026-04-24 05:42:19,320][dowhy.causal_estimator][WARNING] - No directed path from ['X4'] to ['X0'].
[2026-04-24 05:42:19,322][dowhy.causal_model][INFO] - Model to find the causal effect of treatment ['X4'] on outcome ['X1']
[2026-04-24 05:42:19,322][dowhy.causal_identifier.auto_identifier][WARNING] - No directed path from treatment to outcome. Causal Effect is zero.
[2026-04-24 05:42:19,322][dowhy.causal_model][INFO] - linear_regression
[2026-04-24 05:42:19,322][dowhy.causal_estimator][INFO] - INFO: Using Linear Regression Estimator
[2026-04-24 05:42:19,322][dowhy.causal_estimator][WARNING] - No directed path from ['X4'] to ['X1'].
[2026-04-24 05:42:19,324][dowhy.causal_model][INFO] - Model to find the causal effect of treatment ['X4'] on outcome ['X2']
[2026-04-24 05:42:19,324][dowhy.causal_identifier.auto_identifier][WARNING] - No directed path from treatment to outcome. Causal Effect is zero.
[2026-04-24 05:42:19,324][dowhy.causal_model][INFO] - linear_regression
[2026-04-24 05:42:19,324][dowhy.causal_estimator][INFO] - INFO: Using Linear Regression Estimator
[2026-04-24 05:42:19,324][dowhy.causal_estimator][WARNING] - No directed path from ['X4'] to ['X2'].
[2026-04-24 05:42:19,326][dowhy.causal_model][INFO] - Model to find the causal effect of treatment ['X4'] on outcome ['X3']
[2026-04-24 05:42:19,326][dowhy.causal_identifier.auto_identifier][WARNING] - No directed path from treatment to outcome. Causal Effect is zero.
[2026-04-24 05:42:19,326][dowhy.causal_model][INFO] - linear_regression
[2026-04-24 05:42:19,326][dowhy.causal_estimator][INFO] - INFO: Using Linear Regression Estimator
[2026-04-24 05:42:19,326][dowhy.causal_estimator][WARNING] - No directed path from ['X4'] to ['X3'].
[2026-04-24 05:42:19,328][dowhy.causal_model][INFO] - Model to find the causal effect of treatment ['X4'] on outcome ['X5']
[2026-04-24 05:42:19,328][dowhy.causal_identifier.auto_identifier][WARNING] - No directed path from treatment to outcome. Causal Effect is zero.
[2026-04-24 05:42:19,328][dowhy.causal_model][INFO] - linear_regression
[2026-04-24 05:42:19,328][dowhy.causal_estimator][INFO] - INFO: Using Linear Regression Estimator
[2026-04-24 05:42:19,328][dowhy.causal_estimator][WARNING] - No directed path from ['X4'] to ['X5'].
[2026-04-24 05:42:19,330][dowhy.causal_model][INFO] - Model to find the causal effect of treatment ['X4'] on outcome ['X6']
[2026-04-24 05:42:19,331][dowhy.causal_identifier.auto_identifier][INFO] - Causal effect can be identified.
[2026-04-24 05:42:19,331][dowhy.causal_identifier.auto_identifier][INFO] - Instrumental variables for treatment and outcome:[]
[2026-04-24 05:42:19,332][dowhy.causal_identifier.auto_identifier][INFO] - Frontdoor variables for treatment and outcome:[]
[2026-04-24 05:42:19,332][dowhy.causal_model][INFO] - linear_regression
[2026-04-24 05:42:19,332][dowhy.causal_estimator][INFO] - INFO: Using Linear Regression Estimator
[2026-04-24 05:42:19,332][dowhy.causal_estimator][INFO] - b: X6~X4+X1
[2026-04-24 05:42:19,340][dowhy.causal_model][INFO] - Model to find the causal effect of treatment ['X4'] on outcome ['X7']
[2026-04-24 05:42:19,342][dowhy.causal_identifier.auto_identifier][INFO] - Causal effect can be identified.
[2026-04-24 05:42:19,343][dowhy.causal_identifier.auto_identifier][INFO] - Instrumental variables for treatment and outcome:['X3', 'X1']
[2026-04-24 05:42:19,343][dowhy.causal_identifier.auto_identifier][INFO] - Frontdoor variables for treatment and outcome:[]
[2026-04-24 05:42:19,343][dowhy.causal_model][INFO] - linear_regression
[2026-04-24 05:42:19,343][dowhy.causal_estimator][INFO] - INFO: Using Linear Regression Estimator
[2026-04-24 05:42:19,344][dowhy.causal_estimator][INFO] - b: X7~X4+X4*X2
[2026-04-24 05:42:19,403][dowhy.causal_model][INFO] - Model to find the causal effect of treatment ['X5'] on outcome ['X0']
[2026-04-24 05:42:19,403][dowhy.causal_identifier.auto_identifier][WARNING] - No directed path from treatment to outcome. Causal Effect is zero.
[2026-04-24 05:42:19,403][dowhy.causal_model][INFO] - linear_regression
[2026-04-24 05:42:19,403][dowhy.causal_estimator][INFO] - INFO: Using Linear Regression Estimator
[2026-04-24 05:42:19,403][dowhy.causal_estimator][WARNING] - No directed path from ['X5'] to ['X0'].
[2026-04-24 05:42:19,405][dowhy.causal_model][INFO] - Model to find the causal effect of treatment ['X5'] on outcome ['X1']
[2026-04-24 05:42:19,405][dowhy.causal_identifier.auto_identifier][WARNING] - No directed path from treatment to outcome. Causal Effect is zero.
[2026-04-24 05:42:19,405][dowhy.causal_model][INFO] - linear_regression
[2026-04-24 05:42:19,405][dowhy.causal_estimator][INFO] - INFO: Using Linear Regression Estimator
[2026-04-24 05:42:19,405][dowhy.causal_estimator][WARNING] - No directed path from ['X5'] to ['X1'].
[2026-04-24 05:42:19,407][dowhy.causal_model][INFO] - Model to find the causal effect of treatment ['X5'] on outcome ['X2']
[2026-04-24 05:42:19,407][dowhy.causal_identifier.auto_identifier][WARNING] - No directed path from treatment to outcome. Causal Effect is zero.
[2026-04-24 05:42:19,407][dowhy.causal_model][INFO] - linear_regression
[2026-04-24 05:42:19,407][dowhy.causal_estimator][INFO] - INFO: Using Linear Regression Estimator
[2026-04-24 05:42:19,407][dowhy.causal_estimator][WARNING] - No directed path from ['X5'] to ['X2'].
[2026-04-24 05:42:19,408][dowhy.causal_model][INFO] - Model to find the causal effect of treatment ['X5'] on outcome ['X3']
[2026-04-24 05:42:19,408][dowhy.causal_identifier.auto_identifier][WARNING] - No directed path from treatment to outcome. Causal Effect is zero.
[2026-04-24 05:42:19,408][dowhy.causal_model][INFO] - linear_regression
[2026-04-24 05:42:19,408][dowhy.causal_estimator][INFO] - INFO: Using Linear Regression Estimator
[2026-04-24 05:42:19,409][dowhy.causal_estimator][WARNING] - No directed path from ['X5'] to ['X3'].
[2026-04-24 05:42:19,410][dowhy.causal_model][INFO] - Model to find the causal effect of treatment ['X5'] on outcome ['X4']
[2026-04-24 05:42:19,410][dowhy.causal_identifier.auto_identifier][WARNING] - No directed path from treatment to outcome. Causal Effect is zero.
[2026-04-24 05:42:19,410][dowhy.causal_model][INFO] - linear_regression
[2026-04-24 05:42:19,410][dowhy.causal_estimator][INFO] - INFO: Using Linear Regression Estimator
[2026-04-24 05:42:19,410][dowhy.causal_estimator][WARNING] - No directed path from ['X5'] to ['X4'].
[2026-04-24 05:42:19,412][dowhy.causal_model][INFO] - Model to find the causal effect of treatment ['X5'] on outcome ['X6']
[2026-04-24 05:42:19,412][dowhy.causal_identifier.auto_identifier][WARNING] - No directed path from treatment to outcome. Causal Effect is zero.
[2026-04-24 05:42:19,412][dowhy.causal_model][INFO] - linear_regression
[2026-04-24 05:42:19,412][dowhy.causal_estimator][INFO] - INFO: Using Linear Regression Estimator
[2026-04-24 05:42:19,412][dowhy.causal_estimator][WARNING] - No directed path from ['X5'] to ['X6'].
[2026-04-24 05:42:19,414][dowhy.causal_model][INFO] - Model to find the causal effect of treatment ['X5'] on outcome ['X7']
[2026-04-24 05:42:19,414][dowhy.causal_identifier.auto_identifier][WARNING] - No directed path from treatment to outcome. Causal Effect is zero.
[2026-04-24 05:42:19,414][dowhy.causal_model][INFO] - linear_regression
[2026-04-24 05:42:19,414][dowhy.causal_estimator][INFO] - INFO: Using Linear Regression Estimator
[2026-04-24 05:42:19,414][dowhy.causal_estimator][WARNING] - No directed path from ['X5'] to ['X7'].
[2026-04-24 05:42:19,461][dowhy.causal_model][INFO] - Model to find the causal effect of treatment ['X6'] on outcome ['X0']
[2026-04-24 05:42:19,461][dowhy.causal_identifier.auto_identifier][WARNING] - No directed path from treatment to outcome. Causal Effect is zero.
[2026-04-24 05:42:19,462][dowhy.causal_model][INFO] - linear_regression
[2026-04-24 05:42:19,462][dowhy.causal_estimator][INFO] - INFO: Using Linear Regression Estimator
[2026-04-24 05:42:19,462][dowhy.causal_estimator][WARNING] - No directed path from ['X6'] to ['X0'].
[2026-04-24 05:42:19,463][dowhy.causal_model][INFO] - Model to find the causal effect of treatment ['X6'] on outcome ['X1']
[2026-04-24 05:42:19,464][dowhy.causal_identifier.auto_identifier][WARNING] - No directed path from treatment to outcome. Causal Effect is zero.
[2026-04-24 05:42:19,464][dowhy.causal_model][INFO] - linear_regression
[2026-04-24 05:42:19,464][dowhy.causal_estimator][INFO] - INFO: Using Linear Regression Estimator
[2026-04-24 05:42:19,464][dowhy.causal_estimator][WARNING] - No directed path from ['X6'] to ['X1'].
[2026-04-24 05:42:19,465][dowhy.causal_model][INFO] - Model to find the causal effect of treatment ['X6'] on outcome ['X2']
[2026-04-24 05:42:19,465][dowhy.causal_identifier.auto_identifier][WARNING] - No directed path from treatment to outcome. Causal Effect is zero.
[2026-04-24 05:42:19,465][dowhy.causal_model][INFO] - linear_regression
[2026-04-24 05:42:19,465][dowhy.causal_estimator][INFO] - INFO: Using Linear Regression Estimator
[2026-04-24 05:42:19,465][dowhy.causal_estimator][WARNING] - No directed path from ['X6'] to ['X2'].
[2026-04-24 05:42:19,467][dowhy.causal_model][INFO] - Model to find the causal effect of treatment ['X6'] on outcome ['X3']
[2026-04-24 05:42:19,467][dowhy.causal_identifier.auto_identifier][WARNING] - No directed path from treatment to outcome. Causal Effect is zero.
[2026-04-24 05:42:19,467][dowhy.causal_model][INFO] - linear_regression
[2026-04-24 05:42:19,467][dowhy.causal_estimator][INFO] - INFO: Using Linear Regression Estimator
[2026-04-24 05:42:19,467][dowhy.causal_estimator][WARNING] - No directed path from ['X6'] to ['X3'].
[2026-04-24 05:42:19,469][dowhy.causal_model][INFO] - Model to find the causal effect of treatment ['X6'] on outcome ['X4']
[2026-04-24 05:42:19,469][dowhy.causal_identifier.auto_identifier][WARNING] - No directed path from treatment to outcome. Causal Effect is zero.
[2026-04-24 05:42:19,469][dowhy.causal_model][INFO] - linear_regression
[2026-04-24 05:42:19,469][dowhy.causal_estimator][INFO] - INFO: Using Linear Regression Estimator
[2026-04-24 05:42:19,469][dowhy.causal_estimator][WARNING] - No directed path from ['X6'] to ['X4'].
[2026-04-24 05:42:19,471][dowhy.causal_model][INFO] - Model to find the causal effect of treatment ['X6'] on outcome ['X5']
[2026-04-24 05:42:19,471][dowhy.causal_identifier.auto_identifier][WARNING] - No directed path from treatment to outcome. Causal Effect is zero.
[2026-04-24 05:42:19,471][dowhy.causal_model][INFO] - linear_regression
[2026-04-24 05:42:19,471][dowhy.causal_estimator][INFO] - INFO: Using Linear Regression Estimator
[2026-04-24 05:42:19,471][dowhy.causal_estimator][WARNING] - No directed path from ['X6'] to ['X5'].
[2026-04-24 05:42:19,473][dowhy.causal_model][INFO] - Model to find the causal effect of treatment ['X6'] on outcome ['X7']
[2026-04-24 05:42:19,473][dowhy.causal_identifier.auto_identifier][WARNING] - No directed path from treatment to outcome. Causal Effect is zero.
[2026-04-24 05:42:19,473][dowhy.causal_model][INFO] - linear_regression
[2026-04-24 05:42:19,473][dowhy.causal_estimator][INFO] - INFO: Using Linear Regression Estimator
[2026-04-24 05:42:19,473][dowhy.causal_estimator][WARNING] - No directed path from ['X6'] to ['X7'].
[2026-04-24 05:42:19,529][dowhy.causal_model][INFO] - Model to find the causal effect of treatment ['X7'] on outcome ['X0']
[2026-04-24 05:42:19,529][dowhy.causal_identifier.auto_identifier][WARNING] - No directed path from treatment to outcome. Causal Effect is zero.
[2026-04-24 05:42:19,529][dowhy.causal_model][INFO] - linear_regression
[2026-04-24 05:42:19,529][dowhy.causal_estimator][INFO] - INFO: Using Linear Regression Estimator
[2026-04-24 05:42:19,529][dowhy.causal_estimator][WARNING] - No directed path from ['X7'] to ['X0'].
[2026-04-24 05:42:19,531][dowhy.causal_model][INFO] - Model to find the causal effect of treatment ['X7'] on outcome ['X1']
[2026-04-24 05:42:19,531][dowhy.causal_identifier.auto_identifier][WARNING] - No directed path from treatment to outcome. Causal Effect is zero.
[2026-04-24 05:42:19,531][dowhy.causal_model][INFO] - linear_regression
[2026-04-24 05:42:19,531][dowhy.causal_estimator][INFO] - INFO: Using Linear Regression Estimator
[2026-04-24 05:42:19,531][dowhy.causal_estimator][WARNING] - No directed path from ['X7'] to ['X1'].
[2026-04-24 05:42:19,533][dowhy.causal_model][INFO] - Model to find the causal effect of treatment ['X7'] on outcome ['X2']
[2026-04-24 05:42:19,533][dowhy.causal_identifier.auto_identifier][WARNING] - No directed path from treatment to outcome. Causal Effect is zero.
[2026-04-24 05:42:19,533][dowhy.causal_model][INFO] - linear_regression
[2026-04-24 05:42:19,533][dowhy.causal_estimator][INFO] - INFO: Using Linear Regression Estimator
[2026-04-24 05:42:19,533][dowhy.causal_estimator][WARNING] - No directed path from ['X7'] to ['X2'].
[2026-04-24 05:42:19,534][dowhy.causal_model][INFO] - Model to find the causal effect of treatment ['X7'] on outcome ['X3']
[2026-04-24 05:42:19,535][dowhy.causal_identifier.auto_identifier][WARNING] - No directed path from treatment to outcome. Causal Effect is zero.
[2026-04-24 05:42:19,535][dowhy.causal_model][INFO] - linear_regression
[2026-04-24 05:42:19,535][dowhy.causal_estimator][INFO] - INFO: Using Linear Regression Estimator
[2026-04-24 05:42:19,535][dowhy.causal_estimator][WARNING] - No directed path from ['X7'] to ['X3'].
[2026-04-24 05:42:19,536][dowhy.causal_model][INFO] - Model to find the causal effect of treatment ['X7'] on outcome ['X4']
[2026-04-24 05:42:19,536][dowhy.causal_identifier.auto_identifier][WARNING] - No directed path from treatment to outcome. Causal Effect is zero.
[2026-04-24 05:42:19,536][dowhy.causal_model][INFO] - linear_regression
[2026-04-24 05:42:19,536][dowhy.causal_estimator][INFO] - INFO: Using Linear Regression Estimator
[2026-04-24 05:42:19,536][dowhy.causal_estimator][WARNING] - No directed path from ['X7'] to ['X4'].
[2026-04-24 05:42:19,538][dowhy.causal_model][INFO] - Model to find the causal effect of treatment ['X7'] on outcome ['X5']
[2026-04-24 05:42:19,538][dowhy.causal_identifier.auto_identifier][WARNING] - No directed path from treatment to outcome. Causal Effect is zero.
[2026-04-24 05:42:19,538][dowhy.causal_model][INFO] - linear_regression
[2026-04-24 05:42:19,538][dowhy.causal_estimator][INFO] - INFO: Using Linear Regression Estimator
[2026-04-24 05:42:19,538][dowhy.causal_estimator][WARNING] - No directed path from ['X7'] to ['X5'].
[2026-04-24 05:42:19,540][dowhy.causal_model][INFO] - Model to find the causal effect of treatment ['X7'] on outcome ['X6']
[2026-04-24 05:42:19,540][dowhy.causal_identifier.auto_identifier][WARNING] - No directed path from treatment to outcome. Causal Effect is zero.
[2026-04-24 05:42:19,540][dowhy.causal_model][INFO] - linear_regression
[2026-04-24 05:42:19,540][dowhy.causal_estimator][INFO] - INFO: Using Linear Regression Estimator
[2026-04-24 05:42:19,540][dowhy.causal_estimator][WARNING] - No directed path from ['X7'] to ['X6'].
[2026-04-24 05:42:19,621][dowhy.causal_model][INFO] - Model to find the causal effect of treatment ['X0'] on outcome ['X1']
[2026-04-24 05:42:19,621][dowhy.causal_identifier.auto_identifier][WARNING] - No directed path from treatment to outcome. Causal Effect is zero.
[2026-04-24 05:42:19,621][dowhy.causal_model][INFO] - linear_regression
[2026-04-24 05:42:19,621][dowhy.causal_estimator][INFO] - INFO: Using Linear Regression Estimator
[2026-04-24 05:42:19,621][dowhy.causal_estimator][WARNING] - No directed path from ['X0'] to ['X1'].
[2026-04-24 05:42:19,623][dowhy.causal_model][INFO] - Model to find the causal effect of treatment ['X0'] on outcome ['X2']
[2026-04-24 05:42:19,623][dowhy.causal_identifier.auto_identifier][WARNING] - No directed path from treatment to outcome. Causal Effect is zero.
[2026-04-24 05:42:19,623][dowhy.causal_model][INFO] - linear_regression
[2026-04-24 05:42:19,623][dowhy.causal_estimator][INFO] - INFO: Using Linear Regression Estimator
[2026-04-24 05:42:19,623][dowhy.causal_estimator][WARNING] - No directed path from ['X0'] to ['X2'].
[2026-04-24 05:42:19,625][dowhy.causal_model][INFO] - Model to find the causal effect of treatment ['X0'] on outcome ['X3']
[2026-04-24 05:42:19,626][dowhy.causal_identifier.auto_identifier][INFO] - Causal effect can be identified.
[2026-04-24 05:42:19,626][dowhy.causal_identifier.auto_identifier][INFO] - Instrumental variables for treatment and outcome:[]
[2026-04-24 05:42:19,626][dowhy.causal_identifier.auto_identifier][INFO] - Frontdoor variables for treatment and outcome:[]
[2026-04-24 05:42:19,626][dowhy.causal_model][INFO] - linear_regression
[2026-04-24 05:42:19,626][dowhy.causal_estimator][INFO] - INFO: Using Linear Regression Estimator
[2026-04-24 05:42:19,627][dowhy.causal_estimator][INFO] - b: X3~X0+X0*X1
[2026-04-24 05:42:19,634][dowhy.causal_model][INFO] - Model to find the causal effect of treatment ['X0'] on outcome ['X4']
[2026-04-24 05:42:19,635][dowhy.causal_identifier.auto_identifier][INFO] - Causal effect can be identified.
[2026-04-24 05:42:19,635][dowhy.causal_identifier.auto_identifier][INFO] - Instrumental variables for treatment and outcome:[]
[2026-04-24 05:42:19,635][dowhy.causal_identifier.auto_identifier][INFO] - Frontdoor variables for treatment and outcome:[]
[2026-04-24 05:42:19,636][dowhy.causal_model][INFO] - linear_regression
[2026-04-24 05:42:19,636][dowhy.causal_estimator][INFO] - INFO: Using Linear Regression Estimator
[2026-04-24 05:42:19,636][dowhy.causal_estimator][INFO] - b: X4~X0+X0*X1
[2026-04-24 05:42:19,643][dowhy.causal_model][INFO] - Model to find the causal effect of treatment ['X0'] on outcome ['X5']
[2026-04-24 05:42:19,644][dowhy.causal_identifier.auto_identifier][INFO] - Causal effect can be identified.
[2026-04-24 05:42:19,644][dowhy.causal_identifier.auto_identifier][INFO] - Instrumental variables for treatment and outcome:[]
[2026-04-24 05:42:19,645][dowhy.causal_identifier.auto_identifier][INFO] - Frontdoor variables for treatment and outcome:[]
[2026-04-24 05:42:19,645][dowhy.causal_model][INFO] - linear_regression
[2026-04-24 05:42:19,645][dowhy.causal_estimator][INFO] - INFO: Using Linear Regression Estimator
[2026-04-24 05:42:19,646][dowhy.causal_estimator][INFO] - b: X5~X0+X0*X1
[2026-04-24 05:42:19,653][dowhy.causal_model][INFO] - Model to find the causal effect of treatment ['X0'] on outcome ['X6']
[2026-04-24 05:42:19,654][dowhy.causal_identifier.auto_identifier][INFO] - Causal effect can be identified.
[2026-04-24 05:42:19,654][dowhy.causal_identifier.auto_identifier][INFO] - Instrumental variables for treatment and outcome:[]
[2026-04-24 05:42:19,655][dowhy.causal_identifier.auto_identifier][INFO] - Frontdoor variables for treatment and outcome:[]
[2026-04-24 05:42:19,655][dowhy.causal_model][INFO] - linear_regression
[2026-04-24 05:42:19,655][dowhy.causal_estimator][INFO] - INFO: Using Linear Regression Estimator
[2026-04-24 05:42:19,655][dowhy.causal_estimator][INFO] - b: X6~X0+X0*X1
[2026-04-24 05:42:19,663][dowhy.causal_model][INFO] - Model to find the causal effect of treatment ['X0'] on outcome ['X7']
[2026-04-24 05:42:19,663][dowhy.causal_identifier.auto_identifier][INFO] - Causal effect can be identified.
[2026-04-24 05:42:19,664][dowhy.causal_identifier.auto_identifier][INFO] - Instrumental variables for treatment and outcome:[]
[2026-04-24 05:42:19,665][dowhy.causal_identifier.auto_identifier][INFO] - Frontdoor variables for treatment and outcome:['X3', 'X6', 'X5', 'X4']
[2026-04-24 05:42:19,666][dowhy.causal_identifier.auto_identifier][INFO] - Causal effect can be identified.
[2026-04-24 05:42:19,668][dowhy.causal_identifier.auto_identifier][INFO] - Causal effect can be identified.
[2026-04-24 05:42:19,668][dowhy.causal_model][INFO] - linear_regression
[2026-04-24 05:42:19,668][dowhy.causal_estimator][INFO] - INFO: Using Linear Regression Estimator
[2026-04-24 05:42:19,669][dowhy.causal_estimator][INFO] - b: X7~X0+X0*X2+X0*X1
[2026-04-24 05:42:19,732][dowhy.causal_model][INFO] - Model to find the causal effect of treatment ['X1'] on outcome ['X0']
[2026-04-24 05:42:19,732][dowhy.causal_identifier.auto_identifier][WARNING] - No directed path from treatment to outcome. Causal Effect is zero.
[2026-04-24 05:42:19,732][dowhy.causal_model][INFO] - linear_regression
[2026-04-24 05:42:19,732][dowhy.causal_estimator][INFO] - INFO: Using Linear Regression Estimator
[2026-04-24 05:42:19,732][dowhy.causal_estimator][WARNING] - No directed path from ['X1'] to ['X0'].
[2026-04-24 05:42:19,734][dowhy.causal_model][INFO] - Model to find the causal effect of treatment ['X1'] on outcome ['X2']
[2026-04-24 05:42:19,734][dowhy.causal_identifier.auto_identifier][WARNING] - No directed path from treatment to outcome. Causal Effect is zero.
[2026-04-24 05:42:19,735][dowhy.causal_model][INFO] - linear_regression
[2026-04-24 05:42:19,735][dowhy.causal_estimator][INFO] - INFO: Using Linear Regression Estimator
[2026-04-24 05:42:19,735][dowhy.causal_estimator][WARNING] - No directed path from ['X1'] to ['X2'].
[2026-04-24 05:42:19,736][dowhy.causal_model][INFO] - Model to find the causal effect of treatment ['X1'] on outcome ['X3']
[2026-04-24 05:42:19,737][dowhy.causal_identifier.auto_identifier][INFO] - Causal effect can be identified.
[2026-04-24 05:42:19,737][dowhy.causal_identifier.auto_identifier][INFO] - Instrumental variables for treatment and outcome:[]
[2026-04-24 05:42:19,738][dowhy.causal_identifier.auto_identifier][INFO] - Frontdoor variables for treatment and outcome:[]
[2026-04-24 05:42:19,738][dowhy.causal_model][INFO] - linear_regression
[2026-04-24 05:42:19,738][dowhy.causal_estimator][INFO] - INFO: Using Linear Regression Estimator
[2026-04-24 05:42:19,738][dowhy.causal_estimator][INFO] - b: X3~X1+X1*X0
[2026-04-24 05:42:19,746][dowhy.causal_model][INFO] - Model to find the causal effect of treatment ['X1'] on outcome ['X4']
[2026-04-24 05:42:19,747][dowhy.causal_identifier.auto_identifier][INFO] - Causal effect can be identified.
[2026-04-24 05:42:19,747][dowhy.causal_identifier.auto_identifier][INFO] - Instrumental variables for treatment and outcome:[]
[2026-04-24 05:42:19,748][dowhy.causal_identifier.auto_identifier][INFO] - Frontdoor variables for treatment and outcome:[]
[2026-04-24 05:42:19,748][dowhy.causal_model][INFO] - linear_regression
[2026-04-24 05:42:19,748][dowhy.causal_estimator][INFO] - INFO: Using Linear Regression Estimator
[2026-04-24 05:42:19,748][dowhy.causal_estimator][INFO] - b: X4~X1+X1*X0
[2026-04-24 05:42:19,756][dowhy.causal_model][INFO] - Model to find the causal effect of treatment ['X1'] on outcome ['X5']
[2026-04-24 05:42:19,757][dowhy.causal_identifier.auto_identifier][INFO] - Causal effect can be identified.
[2026-04-24 05:42:19,758][dowhy.causal_identifier.auto_identifier][INFO] - Instrumental variables for treatment and outcome:[]
[2026-04-24 05:42:19,759][dowhy.causal_identifier.auto_identifier][INFO] - Frontdoor variables for treatment and outcome:[]
[2026-04-24 05:42:19,759][dowhy.causal_model][INFO] - linear_regression
[2026-04-24 05:42:19,759][dowhy.causal_estimator][INFO] - INFO: Using Linear Regression Estimator
[2026-04-24 05:42:19,759][dowhy.causal_estimator][INFO] - b: X5~X1+X1*X0
[2026-04-24 05:42:19,768][dowhy.causal_model][INFO] - Model to find the causal effect of treatment ['X1'] on outcome ['X6']
[2026-04-24 05:42:19,768][dowhy.causal_identifier.auto_identifier][INFO] - Causal effect can be identified.
[2026-04-24 05:42:19,769][dowhy.causal_identifier.auto_identifier][INFO] - Instrumental variables for treatment and outcome:[]
[2026-04-24 05:42:19,770][dowhy.causal_identifier.auto_identifier][INFO] - Frontdoor variables for treatment and outcome:[]
[2026-04-24 05:42:19,770][dowhy.causal_model][INFO] - linear_regression
[2026-04-24 05:42:19,770][dowhy.causal_estimator][INFO] - INFO: Using Linear Regression Estimator
[2026-04-24 05:42:19,771][dowhy.causal_estimator][INFO] - b: X6~X1+X1*X0
[2026-04-24 05:42:19,779][dowhy.causal_model][INFO] - Model to find the causal effect of treatment ['X1'] on outcome ['X7']
[2026-04-24 05:42:19,780][dowhy.causal_identifier.auto_identifier][INFO] - Causal effect can be identified.
[2026-04-24 05:42:19,780][dowhy.causal_identifier.auto_identifier][INFO] - Instrumental variables for treatment and outcome:[]
[2026-04-24 05:42:19,782][dowhy.causal_identifier.auto_identifier][INFO] - Frontdoor variables for treatment and outcome:['X3', 'X6', 'X5', 'X4']
[2026-04-24 05:42:19,783][dowhy.causal_identifier.auto_identifier][INFO] - Causal effect can be identified.
[2026-04-24 05:42:19,784][dowhy.causal_identifier.auto_identifier][INFO] - Causal effect can be identified.
[2026-04-24 05:42:19,785][dowhy.causal_model][INFO] - linear_regression
[2026-04-24 05:42:19,785][dowhy.causal_estimator][INFO] - INFO: Using Linear Regression Estimator
[2026-04-24 05:42:19,785][dowhy.causal_estimator][INFO] - b: X7~X1+X1*X0+X1*X2
[2026-04-24 05:42:19,845][dowhy.causal_model][INFO] - Model to find the causal effect of treatment ['X2'] on outcome ['X0']
[2026-04-24 05:42:19,845][dowhy.causal_identifier.auto_identifier][WARNING] - No directed path from treatment to outcome. Causal Effect is zero.
[2026-04-24 05:42:19,845][dowhy.causal_model][INFO] - linear_regression
[2026-04-24 05:42:19,845][dowhy.causal_estimator][INFO] - INFO: Using Linear Regression Estimator
[2026-04-24 05:42:19,845][dowhy.causal_estimator][WARNING] - No directed path from ['X2'] to ['X0'].
[2026-04-24 05:42:19,847][dowhy.causal_model][INFO] - Model to find the causal effect of treatment ['X2'] on outcome ['X1']
[2026-04-24 05:42:19,847][dowhy.causal_identifier.auto_identifier][WARNING] - No directed path from treatment to outcome. Causal Effect is zero.
[2026-04-24 05:42:19,847][dowhy.causal_model][INFO] - linear_regression
[2026-04-24 05:42:19,847][dowhy.causal_estimator][INFO] - INFO: Using Linear Regression Estimator
[2026-04-24 05:42:19,847][dowhy.causal_estimator][WARNING] - No directed path from ['X2'] to ['X1'].
[2026-04-24 05:42:19,849][dowhy.causal_model][INFO] - Model to find the causal effect of treatment ['X2'] on outcome ['X3']
[2026-04-24 05:42:19,849][dowhy.causal_identifier.auto_identifier][WARNING] - No directed path from treatment to outcome. Causal Effect is zero.
[2026-04-24 05:42:19,849][dowhy.causal_model][INFO] - linear_regression
[2026-04-24 05:42:19,849][dowhy.causal_estimator][INFO] - INFO: Using Linear Regression Estimator
[2026-04-24 05:42:19,849][dowhy.causal_estimator][WARNING] - No directed path from ['X2'] to ['X3'].
[2026-04-24 05:42:19,850][dowhy.causal_model][INFO] - Model to find the causal effect of treatment ['X2'] on outcome ['X4']
[2026-04-24 05:42:19,850][dowhy.causal_identifier.auto_identifier][WARNING] - No directed path from treatment to outcome. Causal Effect is zero.
[2026-04-24 05:42:19,850][dowhy.causal_model][INFO] - linear_regression
[2026-04-24 05:42:19,850][dowhy.causal_estimator][INFO] - INFO: Using Linear Regression Estimator
[2026-04-24 05:42:19,850][dowhy.causal_estimator][WARNING] - No directed path from ['X2'] to ['X4'].
[2026-04-24 05:42:19,852][dowhy.causal_model][INFO] - Model to find the causal effect of treatment ['X2'] on outcome ['X5']
[2026-04-24 05:42:19,852][dowhy.causal_identifier.auto_identifier][WARNING] - No directed path from treatment to outcome. Causal Effect is zero.
[2026-04-24 05:42:19,852][dowhy.causal_model][INFO] - linear_regression
[2026-04-24 05:42:19,852][dowhy.causal_estimator][INFO] - INFO: Using Linear Regression Estimator
[2026-04-24 05:42:19,852][dowhy.causal_estimator][WARNING] - No directed path from ['X2'] to ['X5'].
[2026-04-24 05:42:19,854][dowhy.causal_model][INFO] - Model to find the causal effect of treatment ['X2'] on outcome ['X6']
[2026-04-24 05:42:19,854][dowhy.causal_identifier.auto_identifier][WARNING] - No directed path from treatment to outcome. Causal Effect is zero.
[2026-04-24 05:42:19,854][dowhy.causal_model][INFO] - linear_regression
[2026-04-24 05:42:19,854][dowhy.causal_estimator][INFO] - INFO: Using Linear Regression Estimator
[2026-04-24 05:42:19,854][dowhy.causal_estimator][WARNING] - No directed path from ['X2'] to ['X6'].
[2026-04-24 05:42:19,856][dowhy.causal_model][INFO] - Model to find the causal effect of treatment ['X2'] on outcome ['X7']
[2026-04-24 05:42:19,857][dowhy.causal_identifier.auto_identifier][INFO] - Causal effect can be identified.
[2026-04-24 05:42:19,858][dowhy.causal_identifier.auto_identifier][INFO] - Instrumental variables for treatment and outcome:[]
[2026-04-24 05:42:19,858][dowhy.causal_identifier.auto_identifier][INFO] - Frontdoor variables for treatment and outcome:[]
[2026-04-24 05:42:19,858][dowhy.causal_model][INFO] - linear_regression
[2026-04-24 05:42:19,858][dowhy.causal_estimator][INFO] - INFO: Using Linear Regression Estimator
[2026-04-24 05:42:19,859][dowhy.causal_estimator][INFO] - b: X7~X2+X2*X0+X2*X3+X2*X4+X2*X1
[2026-04-24 05:42:19,915][dowhy.causal_model][INFO] - Model to find the causal effect of treatment ['X3'] on outcome ['X0']
[2026-04-24 05:42:19,915][dowhy.causal_identifier.auto_identifier][WARNING] - No directed path from treatment to outcome. Causal Effect is zero.
[2026-04-24 05:42:19,915][dowhy.causal_model][INFO] - linear_regression
[2026-04-24 05:42:19,915][dowhy.causal_estimator][INFO] - INFO: Using Linear Regression Estimator
[2026-04-24 05:42:19,915][dowhy.causal_estimator][WARNING] - No directed path from ['X3'] to ['X0'].
[2026-04-24 05:42:19,917][dowhy.causal_model][INFO] - Model to find the causal effect of treatment ['X3'] on outcome ['X1']
[2026-04-24 05:42:19,917][dowhy.causal_identifier.auto_identifier][WARNING] - No directed path from treatment to outcome. Causal Effect is zero.
[2026-04-24 05:42:19,917][dowhy.causal_model][INFO] - linear_regression
[2026-04-24 05:42:19,917][dowhy.causal_estimator][INFO] - INFO: Using Linear Regression Estimator
[2026-04-24 05:42:19,917][dowhy.causal_estimator][WARNING] - No directed path from ['X3'] to ['X1'].
[2026-04-24 05:42:19,919][dowhy.causal_model][INFO] - Model to find the causal effect of treatment ['X3'] on outcome ['X2']
[2026-04-24 05:42:19,919][dowhy.causal_identifier.auto_identifier][WARNING] - No directed path from treatment to outcome. Causal Effect is zero.
[2026-04-24 05:42:19,919][dowhy.causal_model][INFO] - linear_regression
[2026-04-24 05:42:19,919][dowhy.causal_estimator][INFO] - INFO: Using Linear Regression Estimator
[2026-04-24 05:42:19,919][dowhy.causal_estimator][WARNING] - No directed path from ['X3'] to ['X2'].
[2026-04-24 05:42:19,920][dowhy.causal_model][INFO] - Model to find the causal effect of treatment ['X3'] on outcome ['X4']
[2026-04-24 05:42:19,921][dowhy.causal_identifier.auto_identifier][INFO] - Causal effect can be identified.
[2026-04-24 05:42:19,922][dowhy.causal_identifier.auto_identifier][INFO] - Instrumental variables for treatment and outcome:['X0']
[2026-04-24 05:42:19,922][dowhy.causal_identifier.auto_identifier][INFO] - Frontdoor variables for treatment and outcome:[]
[2026-04-24 05:42:19,922][dowhy.causal_model][INFO] - linear_regression
[2026-04-24 05:42:19,922][dowhy.causal_estimator][INFO] - INFO: Using Linear Regression Estimator
[2026-04-24 05:42:19,922][dowhy.causal_estimator][INFO] - b: X4~X3+X1
[2026-04-24 05:42:19,930][dowhy.causal_model][INFO] - Model to find the causal effect of treatment ['X3'] on outcome ['X5']
[2026-04-24 05:42:19,931][dowhy.causal_identifier.auto_identifier][INFO] - Causal effect can be identified.
[2026-04-24 05:42:19,931][dowhy.causal_identifier.auto_identifier][INFO] - Instrumental variables for treatment and outcome:['X1']
[2026-04-24 05:42:19,932][dowhy.causal_identifier.auto_identifier][INFO] - Frontdoor variables for treatment and outcome:[]
[2026-04-24 05:42:19,932][dowhy.causal_model][INFO] - linear_regression
[2026-04-24 05:42:19,932][dowhy.causal_estimator][INFO] - INFO: Using Linear Regression Estimator
[2026-04-24 05:42:19,932][dowhy.causal_estimator][INFO] - b: X5~X3+X0
[2026-04-24 05:42:19,939][dowhy.causal_model][INFO] - Model to find the causal effect of treatment ['X3'] on outcome ['X6']
[2026-04-24 05:42:19,940][dowhy.causal_identifier.auto_identifier][INFO] - Causal effect can be identified.
[2026-04-24 05:42:19,941][dowhy.causal_identifier.auto_identifier][INFO] - Instrumental variables for treatment and outcome:['X0']
[2026-04-24 05:42:19,941][dowhy.causal_identifier.auto_identifier][INFO] - Frontdoor variables for treatment and outcome:[]
[2026-04-24 05:42:19,941][dowhy.causal_model][INFO] - linear_regression
[2026-04-24 05:42:19,941][dowhy.causal_estimator][INFO] - INFO: Using Linear Regression Estimator
[2026-04-24 05:42:19,942][dowhy.causal_estimator][INFO] - b: X6~X3+X1
[2026-04-24 05:42:19,949][dowhy.causal_model][INFO] - Model to find the causal effect of treatment ['X3'] on outcome ['X7']
[2026-04-24 05:42:19,950][dowhy.causal_identifier.auto_identifier][INFO] - Causal effect can be identified.
[2026-04-24 05:42:19,951][dowhy.causal_identifier.auto_identifier][INFO] - Instrumental variables for treatment and outcome:['X0']
[2026-04-24 05:42:19,952][dowhy.causal_identifier.auto_identifier][INFO] - Frontdoor variables for treatment and outcome:[]
[2026-04-24 05:42:19,952][dowhy.causal_model][INFO] - linear_regression
[2026-04-24 05:42:19,952][dowhy.causal_estimator][INFO] - INFO: Using Linear Regression Estimator
[2026-04-24 05:42:19,952][dowhy.causal_estimator][INFO] - b: X7~X3+X1+X3*X2
[2026-04-24 05:42:20,020][dowhy.causal_model][INFO] - Model to find the causal effect of treatment ['X4'] on outcome ['X0']
[2026-04-24 05:42:20,020][dowhy.causal_identifier.auto_identifier][WARNING] - No directed path from treatment to outcome. Causal Effect is zero.
[2026-04-24 05:42:20,020][dowhy.causal_model][INFO] - linear_regression
[2026-04-24 05:42:20,020][dowhy.causal_estimator][INFO] - INFO: Using Linear Regression Estimator
[2026-04-24 05:42:20,020][dowhy.causal_estimator][WARNING] - No directed path from ['X4'] to ['X0'].
[2026-04-24 05:42:20,022][dowhy.causal_model][INFO] - Model to find the causal effect of treatment ['X4'] on outcome ['X1']
[2026-04-24 05:42:20,022][dowhy.causal_identifier.auto_identifier][WARNING] - No directed path from treatment to outcome. Causal Effect is zero.
[2026-04-24 05:42:20,023][dowhy.causal_model][INFO] - linear_regression
[2026-04-24 05:42:20,023][dowhy.causal_estimator][INFO] - INFO: Using Linear Regression Estimator
[2026-04-24 05:42:20,023][dowhy.causal_estimator][WARNING] - No directed path from ['X4'] to ['X1'].
[2026-04-24 05:42:20,024][dowhy.causal_model][INFO] - Model to find the causal effect of treatment ['X4'] on outcome ['X2']
[2026-04-24 05:42:20,024][dowhy.causal_identifier.auto_identifier][WARNING] - No directed path from treatment to outcome. Causal Effect is zero.
[2026-04-24 05:42:20,024][dowhy.causal_model][INFO] - linear_regression
[2026-04-24 05:42:20,025][dowhy.causal_estimator][INFO] - INFO: Using Linear Regression Estimator
[2026-04-24 05:42:20,025][dowhy.causal_estimator][WARNING] - No directed path from ['X4'] to ['X2'].
[2026-04-24 05:42:20,026][dowhy.causal_model][INFO] - Model to find the causal effect of treatment ['X4'] on outcome ['X3']
[2026-04-24 05:42:20,027][dowhy.causal_identifier.auto_identifier][WARNING] - No directed path from treatment to outcome. Causal Effect is zero.
[2026-04-24 05:42:20,027][dowhy.causal_model][INFO] - linear_regression
[2026-04-24 05:42:20,027][dowhy.causal_estimator][INFO] - INFO: Using Linear Regression Estimator
[2026-04-24 05:42:20,027][dowhy.causal_estimator][WARNING] - No directed path from ['X4'] to ['X3'].
[2026-04-24 05:42:20,029][dowhy.causal_model][INFO] - Model to find the causal effect of treatment ['X4'] on outcome ['X5']
[2026-04-24 05:42:20,029][dowhy.causal_identifier.auto_identifier][WARNING] - No directed path from treatment to outcome. Causal Effect is zero.
[2026-04-24 05:42:20,029][dowhy.causal_model][INFO] - linear_regression
[2026-04-24 05:42:20,029][dowhy.causal_estimator][INFO] - INFO: Using Linear Regression Estimator
[2026-04-24 05:42:20,029][dowhy.causal_estimator][WARNING] - No directed path from ['X4'] to ['X5'].
[2026-04-24 05:42:20,031][dowhy.causal_model][INFO] - Model to find the causal effect of treatment ['X4'] on outcome ['X6']
[2026-04-24 05:42:20,032][dowhy.causal_identifier.auto_identifier][INFO] - Causal effect can be identified.
[2026-04-24 05:42:20,033][dowhy.causal_identifier.auto_identifier][INFO] - Instrumental variables for treatment and outcome:[]
[2026-04-24 05:42:20,033][dowhy.causal_identifier.auto_identifier][INFO] - Frontdoor variables for treatment and outcome:[]
[2026-04-24 05:42:20,033][dowhy.causal_model][INFO] - linear_regression
[2026-04-24 05:42:20,033][dowhy.causal_estimator][INFO] - INFO: Using Linear Regression Estimator
[2026-04-24 05:42:20,033][dowhy.causal_estimator][INFO] - b: X6~X4+X1
[2026-04-24 05:42:20,042][dowhy.causal_model][INFO] - Model to find the causal effect of treatment ['X4'] on outcome ['X7']
[2026-04-24 05:42:20,043][dowhy.causal_identifier.auto_identifier][INFO] - Causal effect can be identified.
[2026-04-24 05:42:20,044][dowhy.causal_identifier.auto_identifier][INFO] - Instrumental variables for treatment and outcome:['X3', 'X1']
[2026-04-24 05:42:20,044][dowhy.causal_identifier.auto_identifier][INFO] - Frontdoor variables for treatment and outcome:[]
[2026-04-24 05:42:20,044][dowhy.causal_model][INFO] - linear_regression
[2026-04-24 05:42:20,044][dowhy.causal_estimator][INFO] - INFO: Using Linear Regression Estimator
[2026-04-24 05:42:20,045][dowhy.causal_estimator][INFO] - b: X7~X4+X4*X2
[2026-04-24 05:42:20,101][dowhy.causal_model][INFO] - Model to find the causal effect of treatment ['X5'] on outcome ['X0']
[2026-04-24 05:42:20,101][dowhy.causal_identifier.auto_identifier][WARNING] - No directed path from treatment to outcome. Causal Effect is zero.
[2026-04-24 05:42:20,101][dowhy.causal_model][INFO] - linear_regression
[2026-04-24 05:42:20,101][dowhy.causal_estimator][INFO] - INFO: Using Linear Regression Estimator
[2026-04-24 05:42:20,101][dowhy.causal_estimator][WARNING] - No directed path from ['X5'] to ['X0'].
[2026-04-24 05:42:20,103][dowhy.causal_model][INFO] - Model to find the causal effect of treatment ['X5'] on outcome ['X1']
[2026-04-24 05:42:20,103][dowhy.causal_identifier.auto_identifier][WARNING] - No directed path from treatment to outcome. Causal Effect is zero.
[2026-04-24 05:42:20,103][dowhy.causal_model][INFO] - linear_regression
[2026-04-24 05:42:20,103][dowhy.causal_estimator][INFO] - INFO: Using Linear Regression Estimator
[2026-04-24 05:42:20,103][dowhy.causal_estimator][WARNING] - No directed path from ['X5'] to ['X1'].
[2026-04-24 05:42:20,105][dowhy.causal_model][INFO] - Model to find the causal effect of treatment ['X5'] on outcome ['X2']
[2026-04-24 05:42:20,105][dowhy.causal_identifier.auto_identifier][WARNING] - No directed path from treatment to outcome. Causal Effect is zero.
[2026-04-24 05:42:20,105][dowhy.causal_model][INFO] - linear_regression
[2026-04-24 05:42:20,105][dowhy.causal_estimator][INFO] - INFO: Using Linear Regression Estimator
[2026-04-24 05:42:20,105][dowhy.causal_estimator][WARNING] - No directed path from ['X5'] to ['X2'].
[2026-04-24 05:42:20,107][dowhy.causal_model][INFO] - Model to find the causal effect of treatment ['X5'] on outcome ['X3']
[2026-04-24 05:42:20,107][dowhy.causal_identifier.auto_identifier][WARNING] - No directed path from treatment to outcome. Causal Effect is zero.
[2026-04-24 05:42:20,107][dowhy.causal_model][INFO] - linear_regression
[2026-04-24 05:42:20,107][dowhy.causal_estimator][INFO] - INFO: Using Linear Regression Estimator
[2026-04-24 05:42:20,107][dowhy.causal_estimator][WARNING] - No directed path from ['X5'] to ['X3'].
[2026-04-24 05:42:20,109][dowhy.causal_model][INFO] - Model to find the causal effect of treatment ['X5'] on outcome ['X4']
[2026-04-24 05:42:20,109][dowhy.causal_identifier.auto_identifier][WARNING] - No directed path from treatment to outcome. Causal Effect is zero.
[2026-04-24 05:42:20,109][dowhy.causal_model][INFO] - linear_regression
[2026-04-24 05:42:20,109][dowhy.causal_estimator][INFO] - INFO: Using Linear Regression Estimator
[2026-04-24 05:42:20,109][dowhy.causal_estimator][WARNING] - No directed path from ['X5'] to ['X4'].
[2026-04-24 05:42:20,110][dowhy.causal_model][INFO] - Model to find the causal effect of treatment ['X5'] on outcome ['X6']
[2026-04-24 05:42:20,110][dowhy.causal_identifier.auto_identifier][WARNING] - No directed path from treatment to outcome. Causal Effect is zero.
[2026-04-24 05:42:20,111][dowhy.causal_model][INFO] - linear_regression
[2026-04-24 05:42:20,111][dowhy.causal_estimator][INFO] - INFO: Using Linear Regression Estimator
[2026-04-24 05:42:20,111][dowhy.causal_estimator][WARNING] - No directed path from ['X5'] to ['X6'].
[2026-04-24 05:42:20,112][dowhy.causal_model][INFO] - Model to find the causal effect of treatment ['X5'] on outcome ['X7']
[2026-04-24 05:42:20,112][dowhy.causal_identifier.auto_identifier][WARNING] - No directed path from treatment to outcome. Causal Effect is zero.
[2026-04-24 05:42:20,112][dowhy.causal_model][INFO] - linear_regression
[2026-04-24 05:42:20,112][dowhy.causal_estimator][INFO] - INFO: Using Linear Regression Estimator
[2026-04-24 05:42:20,112][dowhy.causal_estimator][WARNING] - No directed path from ['X5'] to ['X7'].
[2026-04-24 05:42:20,159][dowhy.causal_model][INFO] - Model to find the causal effect of treatment ['X6'] on outcome ['X0']
[2026-04-24 05:42:20,159][dowhy.causal_identifier.auto_identifier][WARNING] - No directed path from treatment to outcome. Causal Effect is zero.
[2026-04-24 05:42:20,159][dowhy.causal_model][INFO] - linear_regression
[2026-04-24 05:42:20,159][dowhy.causal_estimator][INFO] - INFO: Using Linear Regression Estimator
[2026-04-24 05:42:20,159][dowhy.causal_estimator][WARNING] - No directed path from ['X6'] to ['X0'].
[2026-04-24 05:42:20,161][dowhy.causal_model][INFO] - Model to find the causal effect of treatment ['X6'] on outcome ['X1']
[2026-04-24 05:42:20,161][dowhy.causal_identifier.auto_identifier][WARNING] - No directed path from treatment to outcome. Causal Effect is zero.
[2026-04-24 05:42:20,161][dowhy.causal_model][INFO] - linear_regression
[2026-04-24 05:42:20,161][dowhy.causal_estimator][INFO] - INFO: Using Linear Regression Estimator
[2026-04-24 05:42:20,161][dowhy.causal_estimator][WARNING] - No directed path from ['X6'] to ['X1'].
[2026-04-24 05:42:20,163][dowhy.causal_model][INFO] - Model to find the causal effect of treatment ['X6'] on outcome ['X2']
[2026-04-24 05:42:20,163][dowhy.causal_identifier.auto_identifier][WARNING] - No directed path from treatment to outcome. Causal Effect is zero.
[2026-04-24 05:42:20,163][dowhy.causal_model][INFO] - linear_regression
[2026-04-24 05:42:20,163][dowhy.causal_estimator][INFO] - INFO: Using Linear Regression Estimator
[2026-04-24 05:42:20,163][dowhy.causal_estimator][WARNING] - No directed path from ['X6'] to ['X2'].
[2026-04-24 05:42:20,164][dowhy.causal_model][INFO] - Model to find the causal effect of treatment ['X6'] on outcome ['X3']
[2026-04-24 05:42:20,164][dowhy.causal_identifier.auto_identifier][WARNING] - No directed path from treatment to outcome. Causal Effect is zero.
[2026-04-24 05:42:20,165][dowhy.causal_model][INFO] - linear_regression
[2026-04-24 05:42:20,165][dowhy.causal_estimator][INFO] - INFO: Using Linear Regression Estimator
[2026-04-24 05:42:20,165][dowhy.causal_estimator][WARNING] - No directed path from ['X6'] to ['X3'].
[2026-04-24 05:42:20,166][dowhy.causal_model][INFO] - Model to find the causal effect of treatment ['X6'] on outcome ['X4']
[2026-04-24 05:42:20,166][dowhy.causal_identifier.auto_identifier][WARNING] - No directed path from treatment to outcome. Causal Effect is zero.
[2026-04-24 05:42:20,166][dowhy.causal_model][INFO] - linear_regression
[2026-04-24 05:42:20,166][dowhy.causal_estimator][INFO] - INFO: Using Linear Regression Estimator
[2026-04-24 05:42:20,166][dowhy.causal_estimator][WARNING] - No directed path from ['X6'] to ['X4'].
[2026-04-24 05:42:20,168][dowhy.causal_model][INFO] - Model to find the causal effect of treatment ['X6'] on outcome ['X5']
[2026-04-24 05:42:20,168][dowhy.causal_identifier.auto_identifier][WARNING] - No directed path from treatment to outcome. Causal Effect is zero.
[2026-04-24 05:42:20,168][dowhy.causal_model][INFO] - linear_regression
[2026-04-24 05:42:20,168][dowhy.causal_estimator][INFO] - INFO: Using Linear Regression Estimator
[2026-04-24 05:42:20,168][dowhy.causal_estimator][WARNING] - No directed path from ['X6'] to ['X5'].
[2026-04-24 05:42:20,170][dowhy.causal_model][INFO] - Model to find the causal effect of treatment ['X6'] on outcome ['X7']
[2026-04-24 05:42:20,170][dowhy.causal_identifier.auto_identifier][WARNING] - No directed path from treatment to outcome. Causal Effect is zero.
[2026-04-24 05:42:20,170][dowhy.causal_model][INFO] - linear_regression
[2026-04-24 05:42:20,170][dowhy.causal_estimator][INFO] - INFO: Using Linear Regression Estimator
[2026-04-24 05:42:20,170][dowhy.causal_estimator][WARNING] - No directed path from ['X6'] to ['X7'].
[2026-04-24 05:42:20,226][dowhy.causal_model][INFO] - Model to find the causal effect of treatment ['X7'] on outcome ['X0']
[2026-04-24 05:42:20,226][dowhy.causal_identifier.auto_identifier][WARNING] - No directed path from treatment to outcome. Causal Effect is zero.
[2026-04-24 05:42:20,226][dowhy.causal_model][INFO] - linear_regression
[2026-04-24 05:42:20,226][dowhy.causal_estimator][INFO] - INFO: Using Linear Regression Estimator
[2026-04-24 05:42:20,226][dowhy.causal_estimator][WARNING] - No directed path from ['X7'] to ['X0'].
[2026-04-24 05:42:20,228][dowhy.causal_model][INFO] - Model to find the causal effect of treatment ['X7'] on outcome ['X1']
[2026-04-24 05:42:20,228][dowhy.causal_identifier.auto_identifier][WARNING] - No directed path from treatment to outcome. Causal Effect is zero.
[2026-04-24 05:42:20,228][dowhy.causal_model][INFO] - linear_regression
[2026-04-24 05:42:20,228][dowhy.causal_estimator][INFO] - INFO: Using Linear Regression Estimator
[2026-04-24 05:42:20,229][dowhy.causal_estimator][WARNING] - No directed path from ['X7'] to ['X1'].
[2026-04-24 05:42:20,230][dowhy.causal_model][INFO] - Model to find the causal effect of treatment ['X7'] on outcome ['X2']
[2026-04-24 05:42:20,230][dowhy.causal_identifier.auto_identifier][WARNING] - No directed path from treatment to outcome. Causal Effect is zero.
[2026-04-24 05:42:20,230][dowhy.causal_model][INFO] - linear_regression
[2026-04-24 05:42:20,230][dowhy.causal_estimator][INFO] - INFO: Using Linear Regression Estimator
[2026-04-24 05:42:20,230][dowhy.causal_estimator][WARNING] - No directed path from ['X7'] to ['X2'].
[2026-04-24 05:42:20,232][dowhy.causal_model][INFO] - Model to find the causal effect of treatment ['X7'] on outcome ['X3']
[2026-04-24 05:42:20,232][dowhy.causal_identifier.auto_identifier][WARNING] - No directed path from treatment to outcome. Causal Effect is zero.
[2026-04-24 05:42:20,232][dowhy.causal_model][INFO] - linear_regression
[2026-04-24 05:42:20,232][dowhy.causal_estimator][INFO] - INFO: Using Linear Regression Estimator
[2026-04-24 05:42:20,232][dowhy.causal_estimator][WARNING] - No directed path from ['X7'] to ['X3'].
[2026-04-24 05:42:20,234][dowhy.causal_model][INFO] - Model to find the causal effect of treatment ['X7'] on outcome ['X4']
[2026-04-24 05:42:20,234][dowhy.causal_identifier.auto_identifier][WARNING] - No directed path from treatment to outcome. Causal Effect is zero.
[2026-04-24 05:42:20,234][dowhy.causal_model][INFO] - linear_regression
[2026-04-24 05:42:20,234][dowhy.causal_estimator][INFO] - INFO: Using Linear Regression Estimator
[2026-04-24 05:42:20,234][dowhy.causal_estimator][WARNING] - No directed path from ['X7'] to ['X4'].
[2026-04-24 05:42:20,236][dowhy.causal_model][INFO] - Model to find the causal effect of treatment ['X7'] on outcome ['X5']
[2026-04-24 05:42:20,236][dowhy.causal_identifier.auto_identifier][WARNING] - No directed path from treatment to outcome. Causal Effect is zero.
[2026-04-24 05:42:20,236][dowhy.causal_model][INFO] - linear_regression
[2026-04-24 05:42:20,236][dowhy.causal_estimator][INFO] - INFO: Using Linear Regression Estimator
[2026-04-24 05:42:20,236][dowhy.causal_estimator][WARNING] - No directed path from ['X7'] to ['X5'].
[2026-04-24 05:42:20,238][dowhy.causal_model][INFO] - Model to find the causal effect of treatment ['X7'] on outcome ['X6']
[2026-04-24 05:42:20,238][dowhy.causal_identifier.auto_identifier][WARNING] - No directed path from treatment to outcome. Causal Effect is zero.
[2026-04-24 05:42:20,238][dowhy.causal_model][INFO] - linear_regression
[2026-04-24 05:42:20,238][dowhy.causal_estimator][INFO] - INFO: Using Linear Regression Estimator
[2026-04-24 05:42:20,238][dowhy.causal_estimator][WARNING] - No directed path from ['X7'] to ['X6'].
[2026-04-24 05:42:20,319][dowhy.causal_model][INFO] - Model to find the causal effect of treatment ['X0'] on outcome ['X1']
[2026-04-24 05:42:20,319][dowhy.causal_identifier.auto_identifier][WARNING] - No directed path from treatment to outcome. Causal Effect is zero.
[2026-04-24 05:42:20,319][dowhy.causal_model][INFO] - linear_regression
[2026-04-24 05:42:20,319][dowhy.causal_estimator][INFO] - INFO: Using Linear Regression Estimator
[2026-04-24 05:42:20,319][dowhy.causal_estimator][WARNING] - No directed path from ['X0'] to ['X1'].
[2026-04-24 05:42:20,321][dowhy.causal_model][INFO] - Model to find the causal effect of treatment ['X0'] on outcome ['X2']
[2026-04-24 05:42:20,321][dowhy.causal_identifier.auto_identifier][WARNING] - No directed path from treatment to outcome. Causal Effect is zero.
[2026-04-24 05:42:20,321][dowhy.causal_model][INFO] - linear_regression
[2026-04-24 05:42:20,321][dowhy.causal_estimator][INFO] - INFO: Using Linear Regression Estimator
[2026-04-24 05:42:20,321][dowhy.causal_estimator][WARNING] - No directed path from ['X0'] to ['X2'].
[2026-04-24 05:42:20,323][dowhy.causal_model][INFO] - Model to find the causal effect of treatment ['X0'] on outcome ['X3']
[2026-04-24 05:42:20,323][dowhy.causal_identifier.auto_identifier][INFO] - Causal effect can be identified.
[2026-04-24 05:42:20,324][dowhy.causal_identifier.auto_identifier][INFO] - Instrumental variables for treatment and outcome:[]
[2026-04-24 05:42:20,324][dowhy.causal_identifier.auto_identifier][INFO] - Frontdoor variables for treatment and outcome:[]
[2026-04-24 05:42:20,324][dowhy.causal_model][INFO] - linear_regression
[2026-04-24 05:42:20,324][dowhy.causal_estimator][INFO] - INFO: Using Linear Regression Estimator
[2026-04-24 05:42:20,324][dowhy.causal_estimator][INFO] - b: X3~X0+X0*X1
[2026-04-24 05:42:20,332][dowhy.causal_model][INFO] - Model to find the causal effect of treatment ['X0'] on outcome ['X4']
[2026-04-24 05:42:20,333][dowhy.causal_identifier.auto_identifier][INFO] - Causal effect can be identified.
[2026-04-24 05:42:20,333][dowhy.causal_identifier.auto_identifier][INFO] - Instrumental variables for treatment and outcome:[]
[2026-04-24 05:42:20,333][dowhy.causal_identifier.auto_identifier][INFO] - Frontdoor variables for treatment and outcome:[]
[2026-04-24 05:42:20,333][dowhy.causal_model][INFO] - linear_regression
[2026-04-24 05:42:20,333][dowhy.causal_estimator][INFO] - INFO: Using Linear Regression Estimator
[2026-04-24 05:42:20,334][dowhy.causal_estimator][INFO] - b: X4~X0+X0*X1
[2026-04-24 05:42:20,341][dowhy.causal_model][INFO] - Model to find the causal effect of treatment ['X0'] on outcome ['X5']
[2026-04-24 05:42:20,342][dowhy.causal_identifier.auto_identifier][INFO] - Causal effect can be identified.
[2026-04-24 05:42:20,342][dowhy.causal_identifier.auto_identifier][INFO] - Instrumental variables for treatment and outcome:[]
[2026-04-24 05:42:20,343][dowhy.causal_identifier.auto_identifier][INFO] - Frontdoor variables for treatment and outcome:[]
[2026-04-24 05:42:20,343][dowhy.causal_model][INFO] - linear_regression
[2026-04-24 05:42:20,343][dowhy.causal_estimator][INFO] - INFO: Using Linear Regression Estimator
[2026-04-24 05:42:20,343][dowhy.causal_estimator][INFO] - b: X5~X0+X0*X1
[2026-04-24 05:42:20,351][dowhy.causal_model][INFO] - Model to find the causal effect of treatment ['X0'] on outcome ['X6']
[2026-04-24 05:42:20,351][dowhy.causal_identifier.auto_identifier][INFO] - Causal effect can be identified.
[2026-04-24 05:42:20,352][dowhy.causal_identifier.auto_identifier][INFO] - Instrumental variables for treatment and outcome:[]
[2026-04-24 05:42:20,353][dowhy.causal_identifier.auto_identifier][INFO] - Frontdoor variables for treatment and outcome:[]
[2026-04-24 05:42:20,353][dowhy.causal_model][INFO] - linear_regression
[2026-04-24 05:42:20,353][dowhy.causal_estimator][INFO] - INFO: Using Linear Regression Estimator
[2026-04-24 05:42:20,353][dowhy.causal_estimator][INFO] - b: X6~X0+X0*X1
[2026-04-24 05:42:20,360][dowhy.causal_model][INFO] - Model to find the causal effect of treatment ['X0'] on outcome ['X7']
[2026-04-24 05:42:20,361][dowhy.causal_identifier.auto_identifier][INFO] - Causal effect can be identified.
[2026-04-24 05:42:20,362][dowhy.causal_identifier.auto_identifier][INFO] - Instrumental variables for treatment and outcome:[]
[2026-04-24 05:42:20,363][dowhy.causal_identifier.auto_identifier][INFO] - Frontdoor variables for treatment and outcome:['X3', 'X6', 'X5', 'X4']
[2026-04-24 05:42:20,364][dowhy.causal_identifier.auto_identifier][INFO] - Causal effect can be identified.
[2026-04-24 05:42:20,365][dowhy.causal_identifier.auto_identifier][INFO] - Causal effect can be identified.
[2026-04-24 05:42:20,366][dowhy.causal_model][INFO] - linear_regression
[2026-04-24 05:42:20,366][dowhy.causal_estimator][INFO] - INFO: Using Linear Regression Estimator
[2026-04-24 05:42:20,366][dowhy.causal_estimator][INFO] - b: X7~X0+X0*X2+X0*X1
[2026-04-24 05:42:20,432][dowhy.causal_model][INFO] - Model to find the causal effect of treatment ['X1'] on outcome ['X0']
[2026-04-24 05:42:20,432][dowhy.causal_identifier.auto_identifier][WARNING] - No directed path from treatment to outcome. Causal Effect is zero.
[2026-04-24 05:42:20,432][dowhy.causal_model][INFO] - linear_regression
[2026-04-24 05:42:20,432][dowhy.causal_estimator][INFO] - INFO: Using Linear Regression Estimator
[2026-04-24 05:42:20,432][dowhy.causal_estimator][WARNING] - No directed path from ['X1'] to ['X0'].
[2026-04-24 05:42:20,434][dowhy.causal_model][INFO] - Model to find the causal effect of treatment ['X1'] on outcome ['X2']
[2026-04-24 05:42:20,434][dowhy.causal_identifier.auto_identifier][WARNING] - No directed path from treatment to outcome. Causal Effect is zero.
[2026-04-24 05:42:20,434][dowhy.causal_model][INFO] - linear_regression
[2026-04-24 05:42:20,434][dowhy.causal_estimator][INFO] - INFO: Using Linear Regression Estimator
[2026-04-24 05:42:20,434][dowhy.causal_estimator][WARNING] - No directed path from ['X1'] to ['X2'].
[2026-04-24 05:42:20,436][dowhy.causal_model][INFO] - Model to find the causal effect of treatment ['X1'] on outcome ['X3']
[2026-04-24 05:42:20,436][dowhy.causal_identifier.auto_identifier][INFO] - Causal effect can be identified.
[2026-04-24 05:42:20,437][dowhy.causal_identifier.auto_identifier][INFO] - Instrumental variables for treatment and outcome:[]
[2026-04-24 05:42:20,437][dowhy.causal_identifier.auto_identifier][INFO] - Frontdoor variables for treatment and outcome:[]
[2026-04-24 05:42:20,437][dowhy.causal_model][INFO] - linear_regression
[2026-04-24 05:42:20,437][dowhy.causal_estimator][INFO] - INFO: Using Linear Regression Estimator
[2026-04-24 05:42:20,438][dowhy.causal_estimator][INFO] - b: X3~X1+X1*X0
[2026-04-24 05:42:20,446][dowhy.causal_model][INFO] - Model to find the causal effect of treatment ['X1'] on outcome ['X4']
[2026-04-24 05:42:20,446][dowhy.causal_identifier.auto_identifier][INFO] - Causal effect can be identified.
[2026-04-24 05:42:20,447][dowhy.causal_identifier.auto_identifier][INFO] - Instrumental variables for treatment and outcome:[]
[2026-04-24 05:42:20,447][dowhy.causal_identifier.auto_identifier][INFO] - Frontdoor variables for treatment and outcome:[]
[2026-04-24 05:42:20,447][dowhy.causal_model][INFO] - linear_regression
[2026-04-24 05:42:20,447][dowhy.causal_estimator][INFO] - INFO: Using Linear Regression Estimator
[2026-04-24 05:42:20,448][dowhy.causal_estimator][INFO] - b: X4~X1+X1*X0
[2026-04-24 05:42:20,456][dowhy.causal_model][INFO] - Model to find the causal effect of treatment ['X1'] on outcome ['X5']
[2026-04-24 05:42:20,457][dowhy.causal_identifier.auto_identifier][INFO] - Causal effect can be identified.
[2026-04-24 05:42:20,457][dowhy.causal_identifier.auto_identifier][INFO] - Instrumental variables for treatment and outcome:[]
[2026-04-24 05:42:20,458][dowhy.causal_identifier.auto_identifier][INFO] - Frontdoor variables for treatment and outcome:[]
[2026-04-24 05:42:20,459][dowhy.causal_model][INFO] - linear_regression
[2026-04-24 05:42:20,459][dowhy.causal_estimator][INFO] - INFO: Using Linear Regression Estimator
[2026-04-24 05:42:20,459][dowhy.causal_estimator][INFO] - b: X5~X1+X1*X0
[2026-04-24 05:42:20,467][dowhy.causal_model][INFO] - Model to find the causal effect of treatment ['X1'] on outcome ['X6']
[2026-04-24 05:42:20,468][dowhy.causal_identifier.auto_identifier][INFO] - Causal effect can be identified.
[2026-04-24 05:42:20,468][dowhy.causal_identifier.auto_identifier][INFO] - Instrumental variables for treatment and outcome:[]
[2026-04-24 05:42:20,470][dowhy.causal_identifier.auto_identifier][INFO] - Frontdoor variables for treatment and outcome:[]
[2026-04-24 05:42:20,470][dowhy.causal_model][INFO] - linear_regression
[2026-04-24 05:42:20,470][dowhy.causal_estimator][INFO] - INFO: Using Linear Regression Estimator
[2026-04-24 05:42:20,470][dowhy.causal_estimator][INFO] - b: X6~X1+X1*X0
[2026-04-24 05:42:20,478][dowhy.causal_model][INFO] - Model to find the causal effect of treatment ['X1'] on outcome ['X7']
[2026-04-24 05:42:20,479][dowhy.causal_identifier.auto_identifier][INFO] - Causal effect can be identified.
[2026-04-24 05:42:20,479][dowhy.causal_identifier.auto_identifier][INFO] - Instrumental variables for treatment and outcome:[]
[2026-04-24 05:42:20,481][dowhy.causal_identifier.auto_identifier][INFO] - Frontdoor variables for treatment and outcome:['X3', 'X6', 'X5', 'X4']
[2026-04-24 05:42:20,482][dowhy.causal_identifier.auto_identifier][INFO] - Causal effect can be identified.
[2026-04-24 05:42:20,483][dowhy.causal_identifier.auto_identifier][INFO] - Causal effect can be identified.
[2026-04-24 05:42:20,484][dowhy.causal_model][INFO] - linear_regression
[2026-04-24 05:42:20,484][dowhy.causal_estimator][INFO] - INFO: Using Linear Regression Estimator
[2026-04-24 05:42:20,484][dowhy.causal_estimator][INFO] - b: X7~X1+X1*X0+X1*X2
[2026-04-24 05:42:20,543][dowhy.causal_model][INFO] - Model to find the causal effect of treatment ['X2'] on outcome ['X0']
[2026-04-24 05:42:20,543][dowhy.causal_identifier.auto_identifier][WARNING] - No directed path from treatment to outcome. Causal Effect is zero.
[2026-04-24 05:42:20,543][dowhy.causal_model][INFO] - linear_regression
[2026-04-24 05:42:20,543][dowhy.causal_estimator][INFO] - INFO: Using Linear Regression Estimator
[2026-04-24 05:42:20,544][dowhy.causal_estimator][WARNING] - No directed path from ['X2'] to ['X0'].
[2026-04-24 05:42:20,545][dowhy.causal_model][INFO] - Model to find the causal effect of treatment ['X2'] on outcome ['X1']
[2026-04-24 05:42:20,545][dowhy.causal_identifier.auto_identifier][WARNING] - No directed path from treatment to outcome. Causal Effect is zero.
[2026-04-24 05:42:20,545][dowhy.causal_model][INFO] - linear_regression
[2026-04-24 05:42:20,545][dowhy.causal_estimator][INFO] - INFO: Using Linear Regression Estimator
[2026-04-24 05:42:20,545][dowhy.causal_estimator][WARNING] - No directed path from ['X2'] to ['X1'].
[2026-04-24 05:42:20,547][dowhy.causal_model][INFO] - Model to find the causal effect of treatment ['X2'] on outcome ['X3']
[2026-04-24 05:42:20,547][dowhy.causal_identifier.auto_identifier][WARNING] - No directed path from treatment to outcome. Causal Effect is zero.
[2026-04-24 05:42:20,547][dowhy.causal_model][INFO] - linear_regression
[2026-04-24 05:42:20,547][dowhy.causal_estimator][INFO] - INFO: Using Linear Regression Estimator
[2026-04-24 05:42:20,547][dowhy.causal_estimator][WARNING] - No directed path from ['X2'] to ['X3'].
[2026-04-24 05:42:20,549][dowhy.causal_model][INFO] - Model to find the causal effect of treatment ['X2'] on outcome ['X4']
[2026-04-24 05:42:20,549][dowhy.causal_identifier.auto_identifier][WARNING] - No directed path from treatment to outcome. Causal Effect is zero.
[2026-04-24 05:42:20,549][dowhy.causal_model][INFO] - linear_regression
[2026-04-24 05:42:20,549][dowhy.causal_estimator][INFO] - INFO: Using Linear Regression Estimator
[2026-04-24 05:42:20,549][dowhy.causal_estimator][WARNING] - No directed path from ['X2'] to ['X4'].
[2026-04-24 05:42:20,551][dowhy.causal_model][INFO] - Model to find the causal effect of treatment ['X2'] on outcome ['X5']
[2026-04-24 05:42:20,551][dowhy.causal_identifier.auto_identifier][WARNING] - No directed path from treatment to outcome. Causal Effect is zero.
[2026-04-24 05:42:20,551][dowhy.causal_model][INFO] - linear_regression
[2026-04-24 05:42:20,551][dowhy.causal_estimator][INFO] - INFO: Using Linear Regression Estimator
[2026-04-24 05:42:20,551][dowhy.causal_estimator][WARNING] - No directed path from ['X2'] to ['X5'].
[2026-04-24 05:42:20,552][dowhy.causal_model][INFO] - Model to find the causal effect of treatment ['X2'] on outcome ['X6']
[2026-04-24 05:42:20,552][dowhy.causal_identifier.auto_identifier][WARNING] - No directed path from treatment to outcome. Causal Effect is zero.
[2026-04-24 05:42:20,552][dowhy.causal_model][INFO] - linear_regression
[2026-04-24 05:42:20,552][dowhy.causal_estimator][INFO] - INFO: Using Linear Regression Estimator
[2026-04-24 05:42:20,553][dowhy.causal_estimator][WARNING] - No directed path from ['X2'] to ['X6'].
[2026-04-24 05:42:20,554][dowhy.causal_model][INFO] - Model to find the causal effect of treatment ['X2'] on outcome ['X7']
[2026-04-24 05:42:20,556][dowhy.causal_identifier.auto_identifier][INFO] - Causal effect can be identified.
[2026-04-24 05:42:20,557][dowhy.causal_identifier.auto_identifier][INFO] - Instrumental variables for treatment and outcome:[]
[2026-04-24 05:42:20,557][dowhy.causal_identifier.auto_identifier][INFO] - Frontdoor variables for treatment and outcome:[]
[2026-04-24 05:42:20,557][dowhy.causal_model][INFO] - linear_regression
[2026-04-24 05:42:20,557][dowhy.causal_estimator][INFO] - INFO: Using Linear Regression Estimator
[2026-04-24 05:42:20,557][dowhy.causal_estimator][INFO] - b: X7~X2+X2*X0+X2*X3+X2*X4+X2*X1
[2026-04-24 05:42:20,612][dowhy.causal_model][INFO] - Model to find the causal effect of treatment ['X3'] on outcome ['X0']
[2026-04-24 05:42:20,612][dowhy.causal_identifier.auto_identifier][WARNING] - No directed path from treatment to outcome. Causal Effect is zero.
[2026-04-24 05:42:20,612][dowhy.causal_model][INFO] - linear_regression
[2026-04-24 05:42:20,612][dowhy.causal_estimator][INFO] - INFO: Using Linear Regression Estimator
[2026-04-24 05:42:20,612][dowhy.causal_estimator][WARNING] - No directed path from ['X3'] to ['X0'].
[2026-04-24 05:42:20,614][dowhy.causal_model][INFO] - Model to find the causal effect of treatment ['X3'] on outcome ['X1']
[2026-04-24 05:42:20,614][dowhy.causal_identifier.auto_identifier][WARNING] - No directed path from treatment to outcome. Causal Effect is zero.
[2026-04-24 05:42:20,614][dowhy.causal_model][INFO] - linear_regression
[2026-04-24 05:42:20,614][dowhy.causal_estimator][INFO] - INFO: Using Linear Regression Estimator
[2026-04-24 05:42:20,614][dowhy.causal_estimator][WARNING] - No directed path from ['X3'] to ['X1'].
[2026-04-24 05:42:20,616][dowhy.causal_model][INFO] - Model to find the causal effect of treatment ['X3'] on outcome ['X2']
[2026-04-24 05:42:20,616][dowhy.causal_identifier.auto_identifier][WARNING] - No directed path from treatment to outcome. Causal Effect is zero.
[2026-04-24 05:42:20,616][dowhy.causal_model][INFO] - linear_regression
[2026-04-24 05:42:20,616][dowhy.causal_estimator][INFO] - INFO: Using Linear Regression Estimator
[2026-04-24 05:42:20,616][dowhy.causal_estimator][WARNING] - No directed path from ['X3'] to ['X2'].
[2026-04-24 05:42:20,618][dowhy.causal_model][INFO] - Model to find the causal effect of treatment ['X3'] on outcome ['X4']
[2026-04-24 05:42:20,619][dowhy.causal_identifier.auto_identifier][INFO] - Causal effect can be identified.
[2026-04-24 05:42:20,619][dowhy.causal_identifier.auto_identifier][INFO] - Instrumental variables for treatment and outcome:['X0']
[2026-04-24 05:42:20,619][dowhy.causal_identifier.auto_identifier][INFO] - Frontdoor variables for treatment and outcome:[]
[2026-04-24 05:42:20,620][dowhy.causal_model][INFO] - linear_regression
[2026-04-24 05:42:20,620][dowhy.causal_estimator][INFO] - INFO: Using Linear Regression Estimator
[2026-04-24 05:42:20,620][dowhy.causal_estimator][INFO] - b: X4~X3+X1
[2026-04-24 05:42:20,627][dowhy.causal_model][INFO] - Model to find the causal effect of treatment ['X3'] on outcome ['X5']
[2026-04-24 05:42:20,628][dowhy.causal_identifier.auto_identifier][INFO] - Causal effect can be identified.
[2026-04-24 05:42:20,628][dowhy.causal_identifier.auto_identifier][INFO] - Instrumental variables for treatment and outcome:['X1']
[2026-04-24 05:42:20,629][dowhy.causal_identifier.auto_identifier][INFO] - Frontdoor variables for treatment and outcome:[]
[2026-04-24 05:42:20,629][dowhy.causal_model][INFO] - linear_regression
[2026-04-24 05:42:20,629][dowhy.causal_estimator][INFO] - INFO: Using Linear Regression Estimator
[2026-04-24 05:42:20,630][dowhy.causal_estimator][INFO] - b: X5~X3+X0
[2026-04-24 05:42:20,637][dowhy.causal_model][INFO] - Model to find the causal effect of treatment ['X3'] on outcome ['X6']
[2026-04-24 05:42:20,638][dowhy.causal_identifier.auto_identifier][INFO] - Causal effect can be identified.
[2026-04-24 05:42:20,638][dowhy.causal_identifier.auto_identifier][INFO] - Instrumental variables for treatment and outcome:['X0']
[2026-04-24 05:42:20,639][dowhy.causal_identifier.auto_identifier][INFO] - Frontdoor variables for treatment and outcome:[]
[2026-04-24 05:42:20,639][dowhy.causal_model][INFO] - linear_regression
[2026-04-24 05:42:20,639][dowhy.causal_estimator][INFO] - INFO: Using Linear Regression Estimator
[2026-04-24 05:42:20,639][dowhy.causal_estimator][INFO] - b: X6~X3+X1
[2026-04-24 05:42:20,647][dowhy.causal_model][INFO] - Model to find the causal effect of treatment ['X3'] on outcome ['X7']
[2026-04-24 05:42:20,648][dowhy.causal_identifier.auto_identifier][INFO] - Causal effect can be identified.
[2026-04-24 05:42:20,649][dowhy.causal_identifier.auto_identifier][INFO] - Instrumental variables for treatment and outcome:['X0']
[2026-04-24 05:42:20,650][dowhy.causal_identifier.auto_identifier][INFO] - Frontdoor variables for treatment and outcome:[]
[2026-04-24 05:42:20,650][dowhy.causal_model][INFO] - linear_regression
[2026-04-24 05:42:20,650][dowhy.causal_estimator][INFO] - INFO: Using Linear Regression Estimator
[2026-04-24 05:42:20,651][dowhy.causal_estimator][INFO] - b: X7~X3+X1+X3*X2
[2026-04-24 05:42:20,717][dowhy.causal_model][INFO] - Model to find the causal effect of treatment ['X4'] on outcome ['X0']
[2026-04-24 05:42:20,718][dowhy.causal_identifier.auto_identifier][WARNING] - No directed path from treatment to outcome. Causal Effect is zero.
[2026-04-24 05:42:20,718][dowhy.causal_model][INFO] - linear_regression
[2026-04-24 05:42:20,718][dowhy.causal_estimator][INFO] - INFO: Using Linear Regression Estimator
[2026-04-24 05:42:20,718][dowhy.causal_estimator][WARNING] - No directed path from ['X4'] to ['X0'].
[2026-04-24 05:42:20,720][dowhy.causal_model][INFO] - Model to find the causal effect of treatment ['X4'] on outcome ['X1']
[2026-04-24 05:42:20,720][dowhy.causal_identifier.auto_identifier][WARNING] - No directed path from treatment to outcome. Causal Effect is zero.
[2026-04-24 05:42:20,720][dowhy.causal_model][INFO] - linear_regression
[2026-04-24 05:42:20,720][dowhy.causal_estimator][INFO] - INFO: Using Linear Regression Estimator
[2026-04-24 05:42:20,720][dowhy.causal_estimator][WARNING] - No directed path from ['X4'] to ['X1'].
[2026-04-24 05:42:20,722][dowhy.causal_model][INFO] - Model to find the causal effect of treatment ['X4'] on outcome ['X2']
[2026-04-24 05:42:20,722][dowhy.causal_identifier.auto_identifier][WARNING] - No directed path from treatment to outcome. Causal Effect is zero.
[2026-04-24 05:42:20,722][dowhy.causal_model][INFO] - linear_regression
[2026-04-24 05:42:20,722][dowhy.causal_estimator][INFO] - INFO: Using Linear Regression Estimator
[2026-04-24 05:42:20,722][dowhy.causal_estimator][WARNING] - No directed path from ['X4'] to ['X2'].
[2026-04-24 05:42:20,724][dowhy.causal_model][INFO] - Model to find the causal effect of treatment ['X4'] on outcome ['X3']
[2026-04-24 05:42:20,724][dowhy.causal_identifier.auto_identifier][WARNING] - No directed path from treatment to outcome. Causal Effect is zero.
[2026-04-24 05:42:20,724][dowhy.causal_model][INFO] - linear_regression
[2026-04-24 05:42:20,724][dowhy.causal_estimator][INFO] - INFO: Using Linear Regression Estimator
[2026-04-24 05:42:20,724][dowhy.causal_estimator][WARNING] - No directed path from ['X4'] to ['X3'].
[2026-04-24 05:42:20,726][dowhy.causal_model][INFO] - Model to find the causal effect of treatment ['X4'] on outcome ['X5']
[2026-04-24 05:42:20,726][dowhy.causal_identifier.auto_identifier][WARNING] - No directed path from treatment to outcome. Causal Effect is zero.
[2026-04-24 05:42:20,726][dowhy.causal_model][INFO] - linear_regression
[2026-04-24 05:42:20,726][dowhy.causal_estimator][INFO] - INFO: Using Linear Regression Estimator
[2026-04-24 05:42:20,726][dowhy.causal_estimator][WARNING] - No directed path from ['X4'] to ['X5'].
[2026-04-24 05:42:20,728][dowhy.causal_model][INFO] - Model to find the causal effect of treatment ['X4'] on outcome ['X6']
[2026-04-24 05:42:20,730][dowhy.causal_identifier.auto_identifier][INFO] - Causal effect can be identified.
[2026-04-24 05:42:20,730][dowhy.causal_identifier.auto_identifier][INFO] - Instrumental variables for treatment and outcome:[]
[2026-04-24 05:42:20,730][dowhy.causal_identifier.auto_identifier][INFO] - Frontdoor variables for treatment and outcome:[]
[2026-04-24 05:42:20,730][dowhy.causal_model][INFO] - linear_regression
[2026-04-24 05:42:20,730][dowhy.causal_estimator][INFO] - INFO: Using Linear Regression Estimator
[2026-04-24 05:42:20,731][dowhy.causal_estimator][INFO] - b: X6~X4+X1
[2026-04-24 05:42:20,739][dowhy.causal_model][INFO] - Model to find the causal effect of treatment ['X4'] on outcome ['X7']
[2026-04-24 05:42:20,740][dowhy.causal_identifier.auto_identifier][INFO] - Causal effect can be identified.
[2026-04-24 05:42:20,741][dowhy.causal_identifier.auto_identifier][INFO] - Instrumental variables for treatment and outcome:['X3', 'X1']
[2026-04-24 05:42:20,742][dowhy.causal_identifier.auto_identifier][INFO] - Frontdoor variables for treatment and outcome:[]
[2026-04-24 05:42:20,742][dowhy.causal_model][INFO] - linear_regression
[2026-04-24 05:42:20,742][dowhy.causal_estimator][INFO] - INFO: Using Linear Regression Estimator
[2026-04-24 05:42:20,742][dowhy.causal_estimator][INFO] - b: X7~X4+X4*X2
[2026-04-24 05:42:20,800][dowhy.causal_model][INFO] - Model to find the causal effect of treatment ['X5'] on outcome ['X0']
[2026-04-24 05:42:20,800][dowhy.causal_identifier.auto_identifier][WARNING] - No directed path from treatment to outcome. Causal Effect is zero.
[2026-04-24 05:42:20,800][dowhy.causal_model][INFO] - linear_regression
[2026-04-24 05:42:20,800][dowhy.causal_estimator][INFO] - INFO: Using Linear Regression Estimator
[2026-04-24 05:42:20,800][dowhy.causal_estimator][WARNING] - No directed path from ['X5'] to ['X0'].
[2026-04-24 05:42:20,802][dowhy.causal_model][INFO] - Model to find the causal effect of treatment ['X5'] on outcome ['X1']
[2026-04-24 05:42:20,802][dowhy.causal_identifier.auto_identifier][WARNING] - No directed path from treatment to outcome. Causal Effect is zero.
[2026-04-24 05:42:20,802][dowhy.causal_model][INFO] - linear_regression
[2026-04-24 05:42:20,802][dowhy.causal_estimator][INFO] - INFO: Using Linear Regression Estimator
[2026-04-24 05:42:20,802][dowhy.causal_estimator][WARNING] - No directed path from ['X5'] to ['X1'].
[2026-04-24 05:42:20,804][dowhy.causal_model][INFO] - Model to find the causal effect of treatment ['X5'] on outcome ['X2']
[2026-04-24 05:42:20,804][dowhy.causal_identifier.auto_identifier][WARNING] - No directed path from treatment to outcome. Causal Effect is zero.
[2026-04-24 05:42:20,804][dowhy.causal_model][INFO] - linear_regression
[2026-04-24 05:42:20,804][dowhy.causal_estimator][INFO] - INFO: Using Linear Regression Estimator
[2026-04-24 05:42:20,804][dowhy.causal_estimator][WARNING] - No directed path from ['X5'] to ['X2'].
[2026-04-24 05:42:20,806][dowhy.causal_model][INFO] - Model to find the causal effect of treatment ['X5'] on outcome ['X3']
[2026-04-24 05:42:20,806][dowhy.causal_identifier.auto_identifier][WARNING] - No directed path from treatment to outcome. Causal Effect is zero.
[2026-04-24 05:42:20,806][dowhy.causal_model][INFO] - linear_regression
[2026-04-24 05:42:20,806][dowhy.causal_estimator][INFO] - INFO: Using Linear Regression Estimator
[2026-04-24 05:42:20,806][dowhy.causal_estimator][WARNING] - No directed path from ['X5'] to ['X3'].
[2026-04-24 05:42:20,807][dowhy.causal_model][INFO] - Model to find the causal effect of treatment ['X5'] on outcome ['X4']
[2026-04-24 05:42:20,807][dowhy.causal_identifier.auto_identifier][WARNING] - No directed path from treatment to outcome. Causal Effect is zero.
[2026-04-24 05:42:20,807][dowhy.causal_model][INFO] - linear_regression
[2026-04-24 05:42:20,808][dowhy.causal_estimator][INFO] - INFO: Using Linear Regression Estimator
[2026-04-24 05:42:20,808][dowhy.causal_estimator][WARNING] - No directed path from ['X5'] to ['X4'].
[2026-04-24 05:42:20,809][dowhy.causal_model][INFO] - Model to find the causal effect of treatment ['X5'] on outcome ['X6']
[2026-04-24 05:42:20,809][dowhy.causal_identifier.auto_identifier][WARNING] - No directed path from treatment to outcome. Causal Effect is zero.
[2026-04-24 05:42:20,809][dowhy.causal_model][INFO] - linear_regression
[2026-04-24 05:42:20,809][dowhy.causal_estimator][INFO] - INFO: Using Linear Regression Estimator
[2026-04-24 05:42:20,809][dowhy.causal_estimator][WARNING] - No directed path from ['X5'] to ['X6'].
[2026-04-24 05:42:20,811][dowhy.causal_model][INFO] - Model to find the causal effect of treatment ['X5'] on outcome ['X7']
[2026-04-24 05:42:20,811][dowhy.causal_identifier.auto_identifier][WARNING] - No directed path from treatment to outcome. Causal Effect is zero.
[2026-04-24 05:42:20,811][dowhy.causal_model][INFO] - linear_regression
[2026-04-24 05:42:20,811][dowhy.causal_estimator][INFO] - INFO: Using Linear Regression Estimator
[2026-04-24 05:42:20,811][dowhy.causal_estimator][WARNING] - No directed path from ['X5'] to ['X7'].
[2026-04-24 05:42:20,859][dowhy.causal_model][INFO] - Model to find the causal effect of treatment ['X6'] on outcome ['X0']
[2026-04-24 05:42:20,859][dowhy.causal_identifier.auto_identifier][WARNING] - No directed path from treatment to outcome. Causal Effect is zero.
[2026-04-24 05:42:20,859][dowhy.causal_model][INFO] - linear_regression
[2026-04-24 05:42:20,859][dowhy.causal_estimator][INFO] - INFO: Using Linear Regression Estimator
[2026-04-24 05:42:20,859][dowhy.causal_estimator][WARNING] - No directed path from ['X6'] to ['X0'].
[2026-04-24 05:42:20,861][dowhy.causal_model][INFO] - Model to find the causal effect of treatment ['X6'] on outcome ['X1']
[2026-04-24 05:42:20,861][dowhy.causal_identifier.auto_identifier][WARNING] - No directed path from treatment to outcome. Causal Effect is zero.
[2026-04-24 05:42:20,861][dowhy.causal_model][INFO] - linear_regression
[2026-04-24 05:42:20,861][dowhy.causal_estimator][INFO] - INFO: Using Linear Regression Estimator
[2026-04-24 05:42:20,861][dowhy.causal_estimator][WARNING] - No directed path from ['X6'] to ['X1'].
[2026-04-24 05:42:20,863][dowhy.causal_model][INFO] - Model to find the causal effect of treatment ['X6'] on outcome ['X2']
[2026-04-24 05:42:20,863][dowhy.causal_identifier.auto_identifier][WARNING] - No directed path from treatment to outcome. Causal Effect is zero.
[2026-04-24 05:42:20,863][dowhy.causal_model][INFO] - linear_regression
[2026-04-24 05:42:20,863][dowhy.causal_estimator][INFO] - INFO: Using Linear Regression Estimator
[2026-04-24 05:42:20,863][dowhy.causal_estimator][WARNING] - No directed path from ['X6'] to ['X2'].
[2026-04-24 05:42:20,865][dowhy.causal_model][INFO] - Model to find the causal effect of treatment ['X6'] on outcome ['X3']
[2026-04-24 05:42:20,865][dowhy.causal_identifier.auto_identifier][WARNING] - No directed path from treatment to outcome. Causal Effect is zero.
[2026-04-24 05:42:20,865][dowhy.causal_model][INFO] - linear_regression
[2026-04-24 05:42:20,865][dowhy.causal_estimator][INFO] - INFO: Using Linear Regression Estimator
[2026-04-24 05:42:20,865][dowhy.causal_estimator][WARNING] - No directed path from ['X6'] to ['X3'].
[2026-04-24 05:42:20,866][dowhy.causal_model][INFO] - Model to find the causal effect of treatment ['X6'] on outcome ['X4']
[2026-04-24 05:42:20,867][dowhy.causal_identifier.auto_identifier][WARNING] - No directed path from treatment to outcome. Causal Effect is zero.
[2026-04-24 05:42:20,867][dowhy.causal_model][INFO] - linear_regression
[2026-04-24 05:42:20,867][dowhy.causal_estimator][INFO] - INFO: Using Linear Regression Estimator
[2026-04-24 05:42:20,867][dowhy.causal_estimator][WARNING] - No directed path from ['X6'] to ['X4'].
[2026-04-24 05:42:20,868][dowhy.causal_model][INFO] - Model to find the causal effect of treatment ['X6'] on outcome ['X5']
[2026-04-24 05:42:20,868][dowhy.causal_identifier.auto_identifier][WARNING] - No directed path from treatment to outcome. Causal Effect is zero.
[2026-04-24 05:42:20,869][dowhy.causal_model][INFO] - linear_regression
[2026-04-24 05:42:20,869][dowhy.causal_estimator][INFO] - INFO: Using Linear Regression Estimator
[2026-04-24 05:42:20,869][dowhy.causal_estimator][WARNING] - No directed path from ['X6'] to ['X5'].
[2026-04-24 05:42:20,870][dowhy.causal_model][INFO] - Model to find the causal effect of treatment ['X6'] on outcome ['X7']
[2026-04-24 05:42:20,870][dowhy.causal_identifier.auto_identifier][WARNING] - No directed path from treatment to outcome. Causal Effect is zero.
[2026-04-24 05:42:20,870][dowhy.causal_model][INFO] - linear_regression
[2026-04-24 05:42:20,870][dowhy.causal_estimator][INFO] - INFO: Using Linear Regression Estimator
[2026-04-24 05:42:20,871][dowhy.causal_estimator][WARNING] - No directed path from ['X6'] to ['X7'].
[2026-04-24 05:42:20,923][dowhy.causal_model][INFO] - Model to find the causal effect of treatment ['X7'] on outcome ['X0']
[2026-04-24 05:42:20,923][dowhy.causal_identifier.auto_identifier][WARNING] - No directed path from treatment to outcome. Causal Effect is zero.
[2026-04-24 05:42:20,923][dowhy.causal_model][INFO] - linear_regression
[2026-04-24 05:42:20,923][dowhy.causal_estimator][INFO] - INFO: Using Linear Regression Estimator
[2026-04-24 05:42:20,923][dowhy.causal_estimator][WARNING] - No directed path from ['X7'] to ['X0'].
[2026-04-24 05:42:20,925][dowhy.causal_model][INFO] - Model to find the causal effect of treatment ['X7'] on outcome ['X1']
[2026-04-24 05:42:20,925][dowhy.causal_identifier.auto_identifier][WARNING] - No directed path from treatment to outcome. Causal Effect is zero.
[2026-04-24 05:42:20,925][dowhy.causal_model][INFO] - linear_regression
[2026-04-24 05:42:20,925][dowhy.causal_estimator][INFO] - INFO: Using Linear Regression Estimator
[2026-04-24 05:42:20,925][dowhy.causal_estimator][WARNING] - No directed path from ['X7'] to ['X1'].
[2026-04-24 05:42:20,927][dowhy.causal_model][INFO] - Model to find the causal effect of treatment ['X7'] on outcome ['X2']
[2026-04-24 05:42:20,927][dowhy.causal_identifier.auto_identifier][WARNING] - No directed path from treatment to outcome. Causal Effect is zero.
[2026-04-24 05:42:20,927][dowhy.causal_model][INFO] - linear_regression
[2026-04-24 05:42:20,927][dowhy.causal_estimator][INFO] - INFO: Using Linear Regression Estimator
[2026-04-24 05:42:20,927][dowhy.causal_estimator][WARNING] - No directed path from ['X7'] to ['X2'].
[2026-04-24 05:42:20,929][dowhy.causal_model][INFO] - Model to find the causal effect of treatment ['X7'] on outcome ['X3']
[2026-04-24 05:42:20,929][dowhy.causal_identifier.auto_identifier][WARNING] - No directed path from treatment to outcome. Causal Effect is zero.
[2026-04-24 05:42:20,929][dowhy.causal_model][INFO] - linear_regression
[2026-04-24 05:42:20,929][dowhy.causal_estimator][INFO] - INFO: Using Linear Regression Estimator
[2026-04-24 05:42:20,929][dowhy.causal_estimator][WARNING] - No directed path from ['X7'] to ['X3'].
[2026-04-24 05:42:20,931][dowhy.causal_model][INFO] - Model to find the causal effect of treatment ['X7'] on outcome ['X4']
[2026-04-24 05:42:20,931][dowhy.causal_identifier.auto_identifier][WARNING] - No directed path from treatment to outcome. Causal Effect is zero.
[2026-04-24 05:42:20,931][dowhy.causal_model][INFO] - linear_regression
[2026-04-24 05:42:20,931][dowhy.causal_estimator][INFO] - INFO: Using Linear Regression Estimator
[2026-04-24 05:42:20,931][dowhy.causal_estimator][WARNING] - No directed path from ['X7'] to ['X4'].
[2026-04-24 05:42:20,933][dowhy.causal_model][INFO] - Model to find the causal effect of treatment ['X7'] on outcome ['X5']
[2026-04-24 05:42:20,933][dowhy.causal_identifier.auto_identifier][WARNING] - No directed path from treatment to outcome. Causal Effect is zero.
[2026-04-24 05:42:20,933][dowhy.causal_model][INFO] - linear_regression
[2026-04-24 05:42:20,933][dowhy.causal_estimator][INFO] - INFO: Using Linear Regression Estimator
[2026-04-24 05:42:20,933][dowhy.causal_estimator][WARNING] - No directed path from ['X7'] to ['X5'].
[2026-04-24 05:42:20,935][dowhy.causal_model][INFO] - Model to find the causal effect of treatment ['X7'] on outcome ['X6']
[2026-04-24 05:42:20,935][dowhy.causal_identifier.auto_identifier][WARNING] - No directed path from treatment to outcome. Causal Effect is zero.
[2026-04-24 05:42:20,935][dowhy.causal_model][INFO] - linear_regression
[2026-04-24 05:42:20,935][dowhy.causal_estimator][INFO] - INFO: Using Linear Regression Estimator
[2026-04-24 05:42:20,935][dowhy.causal_estimator][WARNING] - No directed path from ['X7'] to ['X6'].
[2026-04-24 05:42:21,019][dowhy.causal_model][INFO] - Model to find the causal effect of treatment ['X0'] on outcome ['X1']
[2026-04-24 05:42:21,019][dowhy.causal_identifier.auto_identifier][WARNING] - No directed path from treatment to outcome. Causal Effect is zero.
[2026-04-24 05:42:21,019][dowhy.causal_model][INFO] - linear_regression
[2026-04-24 05:42:21,019][dowhy.causal_estimator][INFO] - INFO: Using Linear Regression Estimator
[2026-04-24 05:42:21,019][dowhy.causal_estimator][WARNING] - No directed path from ['X0'] to ['X1'].
[2026-04-24 05:42:21,021][dowhy.causal_model][INFO] - Model to find the causal effect of treatment ['X0'] on outcome ['X2']
[2026-04-24 05:42:21,021][dowhy.causal_identifier.auto_identifier][WARNING] - No directed path from treatment to outcome. Causal Effect is zero.
[2026-04-24 05:42:21,021][dowhy.causal_model][INFO] - linear_regression
[2026-04-24 05:42:21,021][dowhy.causal_estimator][INFO] - INFO: Using Linear Regression Estimator
[2026-04-24 05:42:21,021][dowhy.causal_estimator][WARNING] - No directed path from ['X0'] to ['X2'].
[2026-04-24 05:42:21,023][dowhy.causal_model][INFO] - Model to find the causal effect of treatment ['X0'] on outcome ['X3']
[2026-04-24 05:42:21,023][dowhy.causal_identifier.auto_identifier][INFO] - Causal effect can be identified.
[2026-04-24 05:42:21,024][dowhy.causal_identifier.auto_identifier][INFO] - Instrumental variables for treatment and outcome:[]
[2026-04-24 05:42:21,024][dowhy.causal_identifier.auto_identifier][INFO] - Frontdoor variables for treatment and outcome:[]
[2026-04-24 05:42:21,024][dowhy.causal_model][INFO] - linear_regression
[2026-04-24 05:42:21,024][dowhy.causal_estimator][INFO] - INFO: Using Linear Regression Estimator
[2026-04-24 05:42:21,024][dowhy.causal_estimator][INFO] - b: X3~X0+X0*X1
[2026-04-24 05:42:21,032][dowhy.causal_model][INFO] - Model to find the causal effect of treatment ['X0'] on outcome ['X4']
[2026-04-24 05:42:21,033][dowhy.causal_identifier.auto_identifier][INFO] - Causal effect can be identified.
[2026-04-24 05:42:21,033][dowhy.causal_identifier.auto_identifier][INFO] - Instrumental variables for treatment and outcome:[]
[2026-04-24 05:42:21,033][dowhy.causal_identifier.auto_identifier][INFO] - Frontdoor variables for treatment and outcome:[]
[2026-04-24 05:42:21,033][dowhy.causal_model][INFO] - linear_regression
[2026-04-24 05:42:21,033][dowhy.causal_estimator][INFO] - INFO: Using Linear Regression Estimator
[2026-04-24 05:42:21,034][dowhy.causal_estimator][INFO] - b: X4~X0+X0*X1
[2026-04-24 05:42:21,041][dowhy.causal_model][INFO] - Model to find the causal effect of treatment ['X0'] on outcome ['X5']
[2026-04-24 05:42:21,042][dowhy.causal_identifier.auto_identifier][INFO] - Causal effect can be identified.
[2026-04-24 05:42:21,042][dowhy.causal_identifier.auto_identifier][INFO] - Instrumental variables for treatment and outcome:[]
[2026-04-24 05:42:21,043][dowhy.causal_identifier.auto_identifier][INFO] - Frontdoor variables for treatment and outcome:[]
[2026-04-24 05:42:21,043][dowhy.causal_model][INFO] - linear_regression
[2026-04-24 05:42:21,043][dowhy.causal_estimator][INFO] - INFO: Using Linear Regression Estimator
[2026-04-24 05:42:21,043][dowhy.causal_estimator][INFO] - b: X5~X0+X0*X1
[2026-04-24 05:42:21,051][dowhy.causal_model][INFO] - Model to find the causal effect of treatment ['X0'] on outcome ['X6']
[2026-04-24 05:42:21,051][dowhy.causal_identifier.auto_identifier][INFO] - Causal effect can be identified.
[2026-04-24 05:42:21,052][dowhy.causal_identifier.auto_identifier][INFO] - Instrumental variables for treatment and outcome:[]
[2026-04-24 05:42:21,053][dowhy.causal_identifier.auto_identifier][INFO] - Frontdoor variables for treatment and outcome:[]
[2026-04-24 05:42:21,053][dowhy.causal_model][INFO] - linear_regression
[2026-04-24 05:42:21,053][dowhy.causal_estimator][INFO] - INFO: Using Linear Regression Estimator
[2026-04-24 05:42:21,053][dowhy.causal_estimator][INFO] - b: X6~X0+X0*X1
[2026-04-24 05:42:21,060][dowhy.causal_model][INFO] - Model to find the causal effect of treatment ['X0'] on outcome ['X7']
[2026-04-24 05:42:21,061][dowhy.causal_identifier.auto_identifier][INFO] - Causal effect can be identified.
[2026-04-24 05:42:21,061][dowhy.causal_identifier.auto_identifier][INFO] - Instrumental variables for treatment and outcome:[]
[2026-04-24 05:42:21,063][dowhy.causal_identifier.auto_identifier][INFO] - Frontdoor variables for treatment and outcome:['X3', 'X6', 'X5', 'X4']
[2026-04-24 05:42:21,064][dowhy.causal_identifier.auto_identifier][INFO] - Causal effect can be identified.
[2026-04-24 05:42:21,065][dowhy.causal_identifier.auto_identifier][INFO] - Causal effect can be identified.
[2026-04-24 05:42:21,066][dowhy.causal_model][INFO] - linear_regression
[2026-04-24 05:42:21,066][dowhy.causal_estimator][INFO] - INFO: Using Linear Regression Estimator
[2026-04-24 05:42:21,066][dowhy.causal_estimator][INFO] - b: X7~X0+X0*X2+X0*X1
[2026-04-24 05:42:21,126][dowhy.causal_model][INFO] - Model to find the causal effect of treatment ['X1'] on outcome ['X0']
[2026-04-24 05:42:21,126][dowhy.causal_identifier.auto_identifier][WARNING] - No directed path from treatment to outcome. Causal Effect is zero.
[2026-04-24 05:42:21,126][dowhy.causal_model][INFO] - linear_regression
[2026-04-24 05:42:21,127][dowhy.causal_estimator][INFO] - INFO: Using Linear Regression Estimator
[2026-04-24 05:42:21,127][dowhy.causal_estimator][WARNING] - No directed path from ['X1'] to ['X0'].
[2026-04-24 05:42:21,129][dowhy.causal_model][INFO] - Model to find the causal effect of treatment ['X1'] on outcome ['X2']
[2026-04-24 05:42:21,129][dowhy.causal_identifier.auto_identifier][WARNING] - No directed path from treatment to outcome. Causal Effect is zero.
[2026-04-24 05:42:21,129][dowhy.causal_model][INFO] - linear_regression
[2026-04-24 05:42:21,129][dowhy.causal_estimator][INFO] - INFO: Using Linear Regression Estimator
[2026-04-24 05:42:21,129][dowhy.causal_estimator][WARNING] - No directed path from ['X1'] to ['X2'].
[2026-04-24 05:42:21,131][dowhy.causal_model][INFO] - Model to find the causal effect of treatment ['X1'] on outcome ['X3']
[2026-04-24 05:42:21,131][dowhy.causal_identifier.auto_identifier][INFO] - Causal effect can be identified.
[2026-04-24 05:42:21,132][dowhy.causal_identifier.auto_identifier][INFO] - Instrumental variables for treatment and outcome:[]
[2026-04-24 05:42:21,132][dowhy.causal_identifier.auto_identifier][INFO] - Frontdoor variables for treatment and outcome:[]
[2026-04-24 05:42:21,132][dowhy.causal_model][INFO] - linear_regression
[2026-04-24 05:42:21,132][dowhy.causal_estimator][INFO] - INFO: Using Linear Regression Estimator
[2026-04-24 05:42:21,132][dowhy.causal_estimator][INFO] - b: X3~X1+X1*X0
[2026-04-24 05:42:21,141][dowhy.causal_model][INFO] - Model to find the causal effect of treatment ['X1'] on outcome ['X4']
[2026-04-24 05:42:21,141][dowhy.causal_identifier.auto_identifier][INFO] - Causal effect can be identified.
[2026-04-24 05:42:21,142][dowhy.causal_identifier.auto_identifier][INFO] - Instrumental variables for treatment and outcome:[]
[2026-04-24 05:42:21,142][dowhy.causal_identifier.auto_identifier][INFO] - Frontdoor variables for treatment and outcome:[]
[2026-04-24 05:42:21,142][dowhy.causal_model][INFO] - linear_regression
[2026-04-24 05:42:21,142][dowhy.causal_estimator][INFO] - INFO: Using Linear Regression Estimator
[2026-04-24 05:42:21,142][dowhy.causal_estimator][INFO] - b: X4~X1+X1*X0
[2026-04-24 05:42:21,150][dowhy.causal_model][INFO] - Model to find the causal effect of treatment ['X1'] on outcome ['X5']
[2026-04-24 05:42:21,151][dowhy.causal_identifier.auto_identifier][INFO] - Causal effect can be identified.
[2026-04-24 05:42:21,152][dowhy.causal_identifier.auto_identifier][INFO] - Instrumental variables for treatment and outcome:[]
[2026-04-24 05:42:21,153][dowhy.causal_identifier.auto_identifier][INFO] - Frontdoor variables for treatment and outcome:[]
[2026-04-24 05:42:21,153][dowhy.causal_model][INFO] - linear_regression
[2026-04-24 05:42:21,153][dowhy.causal_estimator][INFO] - INFO: Using Linear Regression Estimator
[2026-04-24 05:42:21,154][dowhy.causal_estimator][INFO] - b: X5~X1+X1*X0
[2026-04-24 05:42:21,162][dowhy.causal_model][INFO] - Model to find the causal effect of treatment ['X1'] on outcome ['X6']
[2026-04-24 05:42:21,163][dowhy.causal_identifier.auto_identifier][INFO] - Causal effect can be identified.
[2026-04-24 05:42:21,163][dowhy.causal_identifier.auto_identifier][INFO] - Instrumental variables for treatment and outcome:[]
[2026-04-24 05:42:21,164][dowhy.causal_identifier.auto_identifier][INFO] - Frontdoor variables for treatment and outcome:[]
[2026-04-24 05:42:21,164][dowhy.causal_model][INFO] - linear_regression
[2026-04-24 05:42:21,164][dowhy.causal_estimator][INFO] - INFO: Using Linear Regression Estimator
[2026-04-24 05:42:21,165][dowhy.causal_estimator][INFO] - b: X6~X1+X1*X0
[2026-04-24 05:42:21,173][dowhy.causal_model][INFO] - Model to find the causal effect of treatment ['X1'] on outcome ['X7']
[2026-04-24 05:42:21,174][dowhy.causal_identifier.auto_identifier][INFO] - Causal effect can be identified.
[2026-04-24 05:42:21,174][dowhy.causal_identifier.auto_identifier][INFO] - Instrumental variables for treatment and outcome:[]
[2026-04-24 05:42:21,176][dowhy.causal_identifier.auto_identifier][INFO] - Frontdoor variables for treatment and outcome:['X3', 'X6', 'X5', 'X4']
[2026-04-24 05:42:21,177][dowhy.causal_identifier.auto_identifier][INFO] - Causal effect can be identified.
[2026-04-24 05:42:21,178][dowhy.causal_identifier.auto_identifier][INFO] - Causal effect can be identified.
[2026-04-24 05:42:21,179][dowhy.causal_model][INFO] - linear_regression
[2026-04-24 05:42:21,179][dowhy.causal_estimator][INFO] - INFO: Using Linear Regression Estimator
[2026-04-24 05:42:21,179][dowhy.causal_estimator][INFO] - b: X7~X1+X1*X0+X1*X2
[2026-04-24 05:42:21,238][dowhy.causal_model][INFO] - Model to find the causal effect of treatment ['X2'] on outcome ['X0']
[2026-04-24 05:42:21,238][dowhy.causal_identifier.auto_identifier][WARNING] - No directed path from treatment to outcome. Causal Effect is zero.
[2026-04-24 05:42:21,238][dowhy.causal_model][INFO] - linear_regression
[2026-04-24 05:42:21,238][dowhy.causal_estimator][INFO] - INFO: Using Linear Regression Estimator
[2026-04-24 05:42:21,238][dowhy.causal_estimator][WARNING] - No directed path from ['X2'] to ['X0'].
[2026-04-24 05:42:21,240][dowhy.causal_model][INFO] - Model to find the causal effect of treatment ['X2'] on outcome ['X1']
[2026-04-24 05:42:21,240][dowhy.causal_identifier.auto_identifier][WARNING] - No directed path from treatment to outcome. Causal Effect is zero.
[2026-04-24 05:42:21,240][dowhy.causal_model][INFO] - linear_regression
[2026-04-24 05:42:21,240][dowhy.causal_estimator][INFO] - INFO: Using Linear Regression Estimator
[2026-04-24 05:42:21,240][dowhy.causal_estimator][WARNING] - No directed path from ['X2'] to ['X1'].
[2026-04-24 05:42:21,242][dowhy.causal_model][INFO] - Model to find the causal effect of treatment ['X2'] on outcome ['X3']
[2026-04-24 05:42:21,242][dowhy.causal_identifier.auto_identifier][WARNING] - No directed path from treatment to outcome. Causal Effect is zero.
[2026-04-24 05:42:21,242][dowhy.causal_model][INFO] - linear_regression
[2026-04-24 05:42:21,242][dowhy.causal_estimator][INFO] - INFO: Using Linear Regression Estimator
[2026-04-24 05:42:21,242][dowhy.causal_estimator][WARNING] - No directed path from ['X2'] to ['X3'].
[2026-04-24 05:42:21,244][dowhy.causal_model][INFO] - Model to find the causal effect of treatment ['X2'] on outcome ['X4']
[2026-04-24 05:42:21,244][dowhy.causal_identifier.auto_identifier][WARNING] - No directed path from treatment to outcome. Causal Effect is zero.
[2026-04-24 05:42:21,244][dowhy.causal_model][INFO] - linear_regression
[2026-04-24 05:42:21,244][dowhy.causal_estimator][INFO] - INFO: Using Linear Regression Estimator
[2026-04-24 05:42:21,244][dowhy.causal_estimator][WARNING] - No directed path from ['X2'] to ['X4'].
[2026-04-24 05:42:21,245][dowhy.causal_model][INFO] - Model to find the causal effect of treatment ['X2'] on outcome ['X5']
[2026-04-24 05:42:21,245][dowhy.causal_identifier.auto_identifier][WARNING] - No directed path from treatment to outcome. Causal Effect is zero.
[2026-04-24 05:42:21,246][dowhy.causal_model][INFO] - linear_regression
[2026-04-24 05:42:21,246][dowhy.causal_estimator][INFO] - INFO: Using Linear Regression Estimator
[2026-04-24 05:42:21,246][dowhy.causal_estimator][WARNING] - No directed path from ['X2'] to ['X5'].
[2026-04-24 05:42:21,247][dowhy.causal_model][INFO] - Model to find the causal effect of treatment ['X2'] on outcome ['X6']
[2026-04-24 05:42:21,247][dowhy.causal_identifier.auto_identifier][WARNING] - No directed path from treatment to outcome. Causal Effect is zero.
[2026-04-24 05:42:21,247][dowhy.causal_model][INFO] - linear_regression
[2026-04-24 05:42:21,247][dowhy.causal_estimator][INFO] - INFO: Using Linear Regression Estimator
[2026-04-24 05:42:21,247][dowhy.causal_estimator][WARNING] - No directed path from ['X2'] to ['X6'].
[2026-04-24 05:42:21,249][dowhy.causal_model][INFO] - Model to find the causal effect of treatment ['X2'] on outcome ['X7']
[2026-04-24 05:42:21,251][dowhy.causal_identifier.auto_identifier][INFO] - Causal effect can be identified.
[2026-04-24 05:42:21,251][dowhy.causal_identifier.auto_identifier][INFO] - Instrumental variables for treatment and outcome:[]
[2026-04-24 05:42:21,251][dowhy.causal_identifier.auto_identifier][INFO] - Frontdoor variables for treatment and outcome:[]
[2026-04-24 05:42:21,252][dowhy.causal_model][INFO] - linear_regression
[2026-04-24 05:42:21,252][dowhy.causal_estimator][INFO] - INFO: Using Linear Regression Estimator
[2026-04-24 05:42:21,252][dowhy.causal_estimator][INFO] - b: X7~X2+X2*X0+X2*X3+X2*X4+X2*X1
[2026-04-24 05:42:21,311][dowhy.causal_model][INFO] - Model to find the causal effect of treatment ['X3'] on outcome ['X0']
[2026-04-24 05:42:21,311][dowhy.causal_identifier.auto_identifier][WARNING] - No directed path from treatment to outcome. Causal Effect is zero.
[2026-04-24 05:42:21,311][dowhy.causal_model][INFO] - linear_regression
[2026-04-24 05:42:21,311][dowhy.causal_estimator][INFO] - INFO: Using Linear Regression Estimator
[2026-04-24 05:42:21,311][dowhy.causal_estimator][WARNING] - No directed path from ['X3'] to ['X0'].
[2026-04-24 05:42:21,313][dowhy.causal_model][INFO] - Model to find the causal effect of treatment ['X3'] on outcome ['X1']
[2026-04-24 05:42:21,313][dowhy.causal_identifier.auto_identifier][WARNING] - No directed path from treatment to outcome. Causal Effect is zero.
[2026-04-24 05:42:21,313][dowhy.causal_model][INFO] - linear_regression
[2026-04-24 05:42:21,313][dowhy.causal_estimator][INFO] - INFO: Using Linear Regression Estimator
[2026-04-24 05:42:21,313][dowhy.causal_estimator][WARNING] - No directed path from ['X3'] to ['X1'].
[2026-04-24 05:42:21,315][dowhy.causal_model][INFO] - Model to find the causal effect of treatment ['X3'] on outcome ['X2']
[2026-04-24 05:42:21,315][dowhy.causal_identifier.auto_identifier][WARNING] - No directed path from treatment to outcome. Causal Effect is zero.
[2026-04-24 05:42:21,315][dowhy.causal_model][INFO] - linear_regression
[2026-04-24 05:42:21,315][dowhy.causal_estimator][INFO] - INFO: Using Linear Regression Estimator
[2026-04-24 05:42:21,315][dowhy.causal_estimator][WARNING] - No directed path from ['X3'] to ['X2'].
[2026-04-24 05:42:21,317][dowhy.causal_model][INFO] - Model to find the causal effect of treatment ['X3'] on outcome ['X4']
[2026-04-24 05:42:21,318][dowhy.causal_identifier.auto_identifier][INFO] - Causal effect can be identified.
[2026-04-24 05:42:21,318][dowhy.causal_identifier.auto_identifier][INFO] - Instrumental variables for treatment and outcome:['X0']
[2026-04-24 05:42:21,318][dowhy.causal_identifier.auto_identifier][INFO] - Frontdoor variables for treatment and outcome:[]
[2026-04-24 05:42:21,319][dowhy.causal_model][INFO] - linear_regression
[2026-04-24 05:42:21,319][dowhy.causal_estimator][INFO] - INFO: Using Linear Regression Estimator
[2026-04-24 05:42:21,319][dowhy.causal_estimator][INFO] - b: X4~X3+X1
[2026-04-24 05:42:21,327][dowhy.causal_model][INFO] - Model to find the causal effect of treatment ['X3'] on outcome ['X5']
[2026-04-24 05:42:21,328][dowhy.causal_identifier.auto_identifier][INFO] - Causal effect can be identified.
[2026-04-24 05:42:21,328][dowhy.causal_identifier.auto_identifier][INFO] - Instrumental variables for treatment and outcome:['X1']
[2026-04-24 05:42:21,329][dowhy.causal_identifier.auto_identifier][INFO] - Frontdoor variables for treatment and outcome:[]
[2026-04-24 05:42:21,329][dowhy.causal_model][INFO] - linear_regression
[2026-04-24 05:42:21,329][dowhy.causal_estimator][INFO] - INFO: Using Linear Regression Estimator
[2026-04-24 05:42:21,330][dowhy.causal_estimator][INFO] - b: X5~X3+X0
[2026-04-24 05:42:21,338][dowhy.causal_model][INFO] - Model to find the causal effect of treatment ['X3'] on outcome ['X6']
[2026-04-24 05:42:21,339][dowhy.causal_identifier.auto_identifier][INFO] - Causal effect can be identified.
[2026-04-24 05:42:21,339][dowhy.causal_identifier.auto_identifier][INFO] - Instrumental variables for treatment and outcome:['X0']
[2026-04-24 05:42:21,340][dowhy.causal_identifier.auto_identifier][INFO] - Frontdoor variables for treatment and outcome:[]
[2026-04-24 05:42:21,340][dowhy.causal_model][INFO] - linear_regression
[2026-04-24 05:42:21,340][dowhy.causal_estimator][INFO] - INFO: Using Linear Regression Estimator
[2026-04-24 05:42:21,341][dowhy.causal_estimator][INFO] - b: X6~X3+X1
[2026-04-24 05:42:21,349][dowhy.causal_model][INFO] - Model to find the causal effect of treatment ['X3'] on outcome ['X7']
[2026-04-24 05:42:21,350][dowhy.causal_identifier.auto_identifier][INFO] - Causal effect can be identified.
[2026-04-24 05:42:21,350][dowhy.causal_identifier.auto_identifier][INFO] - Instrumental variables for treatment and outcome:['X0']
[2026-04-24 05:42:21,352][dowhy.causal_identifier.auto_identifier][INFO] - Frontdoor variables for treatment and outcome:[]
[2026-04-24 05:42:21,352][dowhy.causal_model][INFO] - linear_regression
[2026-04-24 05:42:21,352][dowhy.causal_estimator][INFO] - INFO: Using Linear Regression Estimator
[2026-04-24 05:42:21,352][dowhy.causal_estimator][INFO] - b: X7~X3+X1+X3*X2
[2026-04-24 05:42:21,415][dowhy.causal_model][INFO] - Model to find the causal effect of treatment ['X4'] on outcome ['X0']
[2026-04-24 05:42:21,415][dowhy.causal_identifier.auto_identifier][WARNING] - No directed path from treatment to outcome. Causal Effect is zero.
[2026-04-24 05:42:21,416][dowhy.causal_model][INFO] - linear_regression
[2026-04-24 05:42:21,416][dowhy.causal_estimator][INFO] - INFO: Using Linear Regression Estimator
[2026-04-24 05:42:21,416][dowhy.causal_estimator][WARNING] - No directed path from ['X4'] to ['X0'].
[2026-04-24 05:42:21,417][dowhy.causal_model][INFO] - Model to find the causal effect of treatment ['X4'] on outcome ['X1']
[2026-04-24 05:42:21,417][dowhy.causal_identifier.auto_identifier][WARNING] - No directed path from treatment to outcome. Causal Effect is zero.
[2026-04-24 05:42:21,417][dowhy.causal_model][INFO] - linear_regression
[2026-04-24 05:42:21,418][dowhy.causal_estimator][INFO] - INFO: Using Linear Regression Estimator
[2026-04-24 05:42:21,418][dowhy.causal_estimator][WARNING] - No directed path from ['X4'] to ['X1'].
[2026-04-24 05:42:21,419][dowhy.causal_model][INFO] - Model to find the causal effect of treatment ['X4'] on outcome ['X2']
[2026-04-24 05:42:21,419][dowhy.causal_identifier.auto_identifier][WARNING] - No directed path from treatment to outcome. Causal Effect is zero.
[2026-04-24 05:42:21,419][dowhy.causal_model][INFO] - linear_regression
[2026-04-24 05:42:21,419][dowhy.causal_estimator][INFO] - INFO: Using Linear Regression Estimator
[2026-04-24 05:42:21,419][dowhy.causal_estimator][WARNING] - No directed path from ['X4'] to ['X2'].
[2026-04-24 05:42:21,421][dowhy.causal_model][INFO] - Model to find the causal effect of treatment ['X4'] on outcome ['X3']
[2026-04-24 05:42:21,421][dowhy.causal_identifier.auto_identifier][WARNING] - No directed path from treatment to outcome. Causal Effect is zero.
[2026-04-24 05:42:21,421][dowhy.causal_model][INFO] - linear_regression
[2026-04-24 05:42:21,421][dowhy.causal_estimator][INFO] - INFO: Using Linear Regression Estimator
[2026-04-24 05:42:21,421][dowhy.causal_estimator][WARNING] - No directed path from ['X4'] to ['X3'].
[2026-04-24 05:42:21,423][dowhy.causal_model][INFO] - Model to find the causal effect of treatment ['X4'] on outcome ['X5']
[2026-04-24 05:42:21,423][dowhy.causal_identifier.auto_identifier][WARNING] - No directed path from treatment to outcome. Causal Effect is zero.
[2026-04-24 05:42:21,423][dowhy.causal_model][INFO] - linear_regression
[2026-04-24 05:42:21,423][dowhy.causal_estimator][INFO] - INFO: Using Linear Regression Estimator
[2026-04-24 05:42:21,423][dowhy.causal_estimator][WARNING] - No directed path from ['X4'] to ['X5'].
[2026-04-24 05:42:21,425][dowhy.causal_model][INFO] - Model to find the causal effect of treatment ['X4'] on outcome ['X6']
[2026-04-24 05:42:21,426][dowhy.causal_identifier.auto_identifier][INFO] - Causal effect can be identified.
[2026-04-24 05:42:21,426][dowhy.causal_identifier.auto_identifier][INFO] - Instrumental variables for treatment and outcome:[]
[2026-04-24 05:42:21,426][dowhy.causal_identifier.auto_identifier][INFO] - Frontdoor variables for treatment and outcome:[]
[2026-04-24 05:42:21,427][dowhy.causal_model][INFO] - linear_regression
[2026-04-24 05:42:21,427][dowhy.causal_estimator][INFO] - INFO: Using Linear Regression Estimator
[2026-04-24 05:42:21,427][dowhy.causal_estimator][INFO] - b: X6~X4+X1
[2026-04-24 05:42:21,435][dowhy.causal_model][INFO] - Model to find the causal effect of treatment ['X4'] on outcome ['X7']
[2026-04-24 05:42:21,436][dowhy.causal_identifier.auto_identifier][INFO] - Causal effect can be identified.
[2026-04-24 05:42:21,436][dowhy.causal_identifier.auto_identifier][INFO] - Instrumental variables for treatment and outcome:['X3', 'X1']
[2026-04-24 05:42:21,437][dowhy.causal_identifier.auto_identifier][INFO] - Frontdoor variables for treatment and outcome:[]
[2026-04-24 05:42:21,437][dowhy.causal_model][INFO] - linear_regression
[2026-04-24 05:42:21,437][dowhy.causal_estimator][INFO] - INFO: Using Linear Regression Estimator
[2026-04-24 05:42:21,437][dowhy.causal_estimator][INFO] - b: X7~X4+X4*X2
[2026-04-24 05:42:21,494][dowhy.causal_model][INFO] - Model to find the causal effect of treatment ['X5'] on outcome ['X0']
[2026-04-24 05:42:21,494][dowhy.causal_identifier.auto_identifier][WARNING] - No directed path from treatment to outcome. Causal Effect is zero.
[2026-04-24 05:42:21,494][dowhy.causal_model][INFO] - linear_regression
[2026-04-24 05:42:21,494][dowhy.causal_estimator][INFO] - INFO: Using Linear Regression Estimator
[2026-04-24 05:42:21,494][dowhy.causal_estimator][WARNING] - No directed path from ['X5'] to ['X0'].
[2026-04-24 05:42:21,496][dowhy.causal_model][INFO] - Model to find the causal effect of treatment ['X5'] on outcome ['X1']
[2026-04-24 05:42:21,496][dowhy.causal_identifier.auto_identifier][WARNING] - No directed path from treatment to outcome. Causal Effect is zero.
[2026-04-24 05:42:21,496][dowhy.causal_model][INFO] - linear_regression
[2026-04-24 05:42:21,496][dowhy.causal_estimator][INFO] - INFO: Using Linear Regression Estimator
[2026-04-24 05:42:21,496][dowhy.causal_estimator][WARNING] - No directed path from ['X5'] to ['X1'].
[2026-04-24 05:42:21,498][dowhy.causal_model][INFO] - Model to find the causal effect of treatment ['X5'] on outcome ['X2']
[2026-04-24 05:42:21,498][dowhy.causal_identifier.auto_identifier][WARNING] - No directed path from treatment to outcome. Causal Effect is zero.
[2026-04-24 05:42:21,498][dowhy.causal_model][INFO] - linear_regression
[2026-04-24 05:42:21,498][dowhy.causal_estimator][INFO] - INFO: Using Linear Regression Estimator
[2026-04-24 05:42:21,498][dowhy.causal_estimator][WARNING] - No directed path from ['X5'] to ['X2'].
[2026-04-24 05:42:21,499][dowhy.causal_model][INFO] - Model to find the causal effect of treatment ['X5'] on outcome ['X3']
[2026-04-24 05:42:21,499][dowhy.causal_identifier.auto_identifier][WARNING] - No directed path from treatment to outcome. Causal Effect is zero.
[2026-04-24 05:42:21,499][dowhy.causal_model][INFO] - linear_regression
[2026-04-24 05:42:21,499][dowhy.causal_estimator][INFO] - INFO: Using Linear Regression Estimator
[2026-04-24 05:42:21,499][dowhy.causal_estimator][WARNING] - No directed path from ['X5'] to ['X3'].
[2026-04-24 05:42:21,501][dowhy.causal_model][INFO] - Model to find the causal effect of treatment ['X5'] on outcome ['X4']
[2026-04-24 05:42:21,501][dowhy.causal_identifier.auto_identifier][WARNING] - No directed path from treatment to outcome. Causal Effect is zero.
[2026-04-24 05:42:21,501][dowhy.causal_model][INFO] - linear_regression
[2026-04-24 05:42:21,501][dowhy.causal_estimator][INFO] - INFO: Using Linear Regression Estimator
[2026-04-24 05:42:21,501][dowhy.causal_estimator][WARNING] - No directed path from ['X5'] to ['X4'].
[2026-04-24 05:42:21,503][dowhy.causal_model][INFO] - Model to find the causal effect of treatment ['X5'] on outcome ['X6']
[2026-04-24 05:42:21,503][dowhy.causal_identifier.auto_identifier][WARNING] - No directed path from treatment to outcome. Causal Effect is zero.
[2026-04-24 05:42:21,503][dowhy.causal_model][INFO] - linear_regression
[2026-04-24 05:42:21,503][dowhy.causal_estimator][INFO] - INFO: Using Linear Regression Estimator
[2026-04-24 05:42:21,503][dowhy.causal_estimator][WARNING] - No directed path from ['X5'] to ['X6'].
[2026-04-24 05:42:21,504][dowhy.causal_model][INFO] - Model to find the causal effect of treatment ['X5'] on outcome ['X7']
[2026-04-24 05:42:21,505][dowhy.causal_identifier.auto_identifier][WARNING] - No directed path from treatment to outcome. Causal Effect is zero.
[2026-04-24 05:42:21,505][dowhy.causal_model][INFO] - linear_regression
[2026-04-24 05:42:21,505][dowhy.causal_estimator][INFO] - INFO: Using Linear Regression Estimator
[2026-04-24 05:42:21,505][dowhy.causal_estimator][WARNING] - No directed path from ['X5'] to ['X7'].
[2026-04-24 05:42:21,553][dowhy.causal_model][INFO] - Model to find the causal effect of treatment ['X6'] on outcome ['X0']
[2026-04-24 05:42:21,553][dowhy.causal_identifier.auto_identifier][WARNING] - No directed path from treatment to outcome. Causal Effect is zero.
[2026-04-24 05:42:21,553][dowhy.causal_model][INFO] - linear_regression
[2026-04-24 05:42:21,553][dowhy.causal_estimator][INFO] - INFO: Using Linear Regression Estimator
[2026-04-24 05:42:21,553][dowhy.causal_estimator][WARNING] - No directed path from ['X6'] to ['X0'].
[2026-04-24 05:42:21,555][dowhy.causal_model][INFO] - Model to find the causal effect of treatment ['X6'] on outcome ['X1']
[2026-04-24 05:42:21,555][dowhy.causal_identifier.auto_identifier][WARNING] - No directed path from treatment to outcome. Causal Effect is zero.
[2026-04-24 05:42:21,555][dowhy.causal_model][INFO] - linear_regression
[2026-04-24 05:42:21,555][dowhy.causal_estimator][INFO] - INFO: Using Linear Regression Estimator
[2026-04-24 05:42:21,555][dowhy.causal_estimator][WARNING] - No directed path from ['X6'] to ['X1'].
[2026-04-24 05:42:21,557][dowhy.causal_model][INFO] - Model to find the causal effect of treatment ['X6'] on outcome ['X2']
[2026-04-24 05:42:21,557][dowhy.causal_identifier.auto_identifier][WARNING] - No directed path from treatment to outcome. Causal Effect is zero.
[2026-04-24 05:42:21,557][dowhy.causal_model][INFO] - linear_regression
[2026-04-24 05:42:21,557][dowhy.causal_estimator][INFO] - INFO: Using Linear Regression Estimator
[2026-04-24 05:42:21,557][dowhy.causal_estimator][WARNING] - No directed path from ['X6'] to ['X2'].
[2026-04-24 05:42:21,559][dowhy.causal_model][INFO] - Model to find the causal effect of treatment ['X6'] on outcome ['X3']
[2026-04-24 05:42:21,559][dowhy.causal_identifier.auto_identifier][WARNING] - No directed path from treatment to outcome. Causal Effect is zero.
[2026-04-24 05:42:21,559][dowhy.causal_model][INFO] - linear_regression
[2026-04-24 05:42:21,559][dowhy.causal_estimator][INFO] - INFO: Using Linear Regression Estimator
[2026-04-24 05:42:21,559][dowhy.causal_estimator][WARNING] - No directed path from ['X6'] to ['X3'].
[2026-04-24 05:42:21,561][dowhy.causal_model][INFO] - Model to find the causal effect of treatment ['X6'] on outcome ['X4']
[2026-04-24 05:42:21,561][dowhy.causal_identifier.auto_identifier][WARNING] - No directed path from treatment to outcome. Causal Effect is zero.
[2026-04-24 05:42:21,561][dowhy.causal_model][INFO] - linear_regression
[2026-04-24 05:42:21,561][dowhy.causal_estimator][INFO] - INFO: Using Linear Regression Estimator
[2026-04-24 05:42:21,561][dowhy.causal_estimator][WARNING] - No directed path from ['X6'] to ['X4'].
[2026-04-24 05:42:21,563][dowhy.causal_model][INFO] - Model to find the causal effect of treatment ['X6'] on outcome ['X5']
[2026-04-24 05:42:21,563][dowhy.causal_identifier.auto_identifier][WARNING] - No directed path from treatment to outcome. Causal Effect is zero.
[2026-04-24 05:42:21,563][dowhy.causal_model][INFO] - linear_regression
[2026-04-24 05:42:21,563][dowhy.causal_estimator][INFO] - INFO: Using Linear Regression Estimator
[2026-04-24 05:42:21,563][dowhy.causal_estimator][WARNING] - No directed path from ['X6'] to ['X5'].
[2026-04-24 05:42:21,565][dowhy.causal_model][INFO] - Model to find the causal effect of treatment ['X6'] on outcome ['X7']
[2026-04-24 05:42:21,565][dowhy.causal_identifier.auto_identifier][WARNING] - No directed path from treatment to outcome. Causal Effect is zero.
[2026-04-24 05:42:21,565][dowhy.causal_model][INFO] - linear_regression
[2026-04-24 05:42:21,565][dowhy.causal_estimator][INFO] - INFO: Using Linear Regression Estimator
[2026-04-24 05:42:21,565][dowhy.causal_estimator][WARNING] - No directed path from ['X6'] to ['X7'].
[2026-04-24 05:42:21,619][dowhy.causal_model][INFO] - Model to find the causal effect of treatment ['X7'] on outcome ['X0']
[2026-04-24 05:42:21,619][dowhy.causal_identifier.auto_identifier][WARNING] - No directed path from treatment to outcome. Causal Effect is zero.
[2026-04-24 05:42:21,619][dowhy.causal_model][INFO] - linear_regression
[2026-04-24 05:42:21,619][dowhy.causal_estimator][INFO] - INFO: Using Linear Regression Estimator
[2026-04-24 05:42:21,619][dowhy.causal_estimator][WARNING] - No directed path from ['X7'] to ['X0'].
[2026-04-24 05:42:21,621][dowhy.causal_model][INFO] - Model to find the causal effect of treatment ['X7'] on outcome ['X1']
[2026-04-24 05:42:21,621][dowhy.causal_identifier.auto_identifier][WARNING] - No directed path from treatment to outcome. Causal Effect is zero.
[2026-04-24 05:42:21,621][dowhy.causal_model][INFO] - linear_regression
[2026-04-24 05:42:21,621][dowhy.causal_estimator][INFO] - INFO: Using Linear Regression Estimator
[2026-04-24 05:42:21,621][dowhy.causal_estimator][WARNING] - No directed path from ['X7'] to ['X1'].
[2026-04-24 05:42:21,623][dowhy.causal_model][INFO] - Model to find the causal effect of treatment ['X7'] on outcome ['X2']
[2026-04-24 05:42:21,623][dowhy.causal_identifier.auto_identifier][WARNING] - No directed path from treatment to outcome. Causal Effect is zero.
[2026-04-24 05:42:21,623][dowhy.causal_model][INFO] - linear_regression
[2026-04-24 05:42:21,623][dowhy.causal_estimator][INFO] - INFO: Using Linear Regression Estimator
[2026-04-24 05:42:21,623][dowhy.causal_estimator][WARNING] - No directed path from ['X7'] to ['X2'].
[2026-04-24 05:42:21,625][dowhy.causal_model][INFO] - Model to find the causal effect of treatment ['X7'] on outcome ['X3']
[2026-04-24 05:42:21,625][dowhy.causal_identifier.auto_identifier][WARNING] - No directed path from treatment to outcome. Causal Effect is zero.
[2026-04-24 05:42:21,625][dowhy.causal_model][INFO] - linear_regression
[2026-04-24 05:42:21,625][dowhy.causal_estimator][INFO] - INFO: Using Linear Regression Estimator
[2026-04-24 05:42:21,625][dowhy.causal_estimator][WARNING] - No directed path from ['X7'] to ['X3'].
[2026-04-24 05:42:21,627][dowhy.causal_model][INFO] - Model to find the causal effect of treatment ['X7'] on outcome ['X4']
[2026-04-24 05:42:21,627][dowhy.causal_identifier.auto_identifier][WARNING] - No directed path from treatment to outcome. Causal Effect is zero.
[2026-04-24 05:42:21,627][dowhy.causal_model][INFO] - linear_regression
[2026-04-24 05:42:21,627][dowhy.causal_estimator][INFO] - INFO: Using Linear Regression Estimator
[2026-04-24 05:42:21,627][dowhy.causal_estimator][WARNING] - No directed path from ['X7'] to ['X4'].
[2026-04-24 05:42:21,629][dowhy.causal_model][INFO] - Model to find the causal effect of treatment ['X7'] on outcome ['X5']
[2026-04-24 05:42:21,629][dowhy.causal_identifier.auto_identifier][WARNING] - No directed path from treatment to outcome. Causal Effect is zero.
[2026-04-24 05:42:21,629][dowhy.causal_model][INFO] - linear_regression
[2026-04-24 05:42:21,629][dowhy.causal_estimator][INFO] - INFO: Using Linear Regression Estimator
[2026-04-24 05:42:21,629][dowhy.causal_estimator][WARNING] - No directed path from ['X7'] to ['X5'].
[2026-04-24 05:42:21,631][dowhy.causal_model][INFO] - Model to find the causal effect of treatment ['X7'] on outcome ['X6']
[2026-04-24 05:42:21,631][dowhy.causal_identifier.auto_identifier][WARNING] - No directed path from treatment to outcome. Causal Effect is zero.
[2026-04-24 05:42:21,631][dowhy.causal_model][INFO] - linear_regression
[2026-04-24 05:42:21,631][dowhy.causal_estimator][INFO] - INFO: Using Linear Regression Estimator
[2026-04-24 05:42:21,631][dowhy.causal_estimator][WARNING] - No directed path from ['X7'] to ['X6'].
[2026-04-24 05:42:21,708][dowhy.causal_model][INFO] - Model to find the causal effect of treatment ['X0'] on outcome ['X1']
[2026-04-24 05:42:21,708][dowhy.causal_identifier.auto_identifier][WARNING] - No directed path from treatment to outcome. Causal Effect is zero.
[2026-04-24 05:42:21,708][dowhy.causal_model][INFO] - linear_regression
[2026-04-24 05:42:21,708][dowhy.causal_estimator][INFO] - INFO: Using Linear Regression Estimator
[2026-04-24 05:42:21,708][dowhy.causal_estimator][WARNING] - No directed path from ['X0'] to ['X1'].
[2026-04-24 05:42:21,710][dowhy.causal_model][INFO] - Model to find the causal effect of treatment ['X0'] on outcome ['X2']
[2026-04-24 05:42:21,710][dowhy.causal_identifier.auto_identifier][WARNING] - No directed path from treatment to outcome. Causal Effect is zero.
[2026-04-24 05:42:21,710][dowhy.causal_model][INFO] - linear_regression
[2026-04-24 05:42:21,710][dowhy.causal_estimator][INFO] - INFO: Using Linear Regression Estimator
[2026-04-24 05:42:21,710][dowhy.causal_estimator][WARNING] - No directed path from ['X0'] to ['X2'].
[2026-04-24 05:42:21,712][dowhy.causal_model][INFO] - Model to find the causal effect of treatment ['X0'] on outcome ['X3']
[2026-04-24 05:42:21,713][dowhy.causal_identifier.auto_identifier][INFO] - Causal effect can be identified.
[2026-04-24 05:42:21,713][dowhy.causal_identifier.auto_identifier][INFO] - Instrumental variables for treatment and outcome:[]
[2026-04-24 05:42:21,713][dowhy.causal_identifier.auto_identifier][INFO] - Frontdoor variables for treatment and outcome:[]
[2026-04-24 05:42:21,713][dowhy.causal_model][INFO] - linear_regression
[2026-04-24 05:42:21,713][dowhy.causal_estimator][INFO] - INFO: Using Linear Regression Estimator
[2026-04-24 05:42:21,713][dowhy.causal_estimator][INFO] - b: X3~X0+X0*X1
[2026-04-24 05:42:21,721][dowhy.causal_model][INFO] - Model to find the causal effect of treatment ['X0'] on outcome ['X4']
[2026-04-24 05:42:21,722][dowhy.causal_identifier.auto_identifier][INFO] - Causal effect can be identified.
[2026-04-24 05:42:21,722][dowhy.causal_identifier.auto_identifier][INFO] - Instrumental variables for treatment and outcome:[]
[2026-04-24 05:42:21,722][dowhy.causal_identifier.auto_identifier][INFO] - Frontdoor variables for treatment and outcome:[]
[2026-04-24 05:42:21,722][dowhy.causal_model][INFO] - linear_regression
[2026-04-24 05:42:21,722][dowhy.causal_estimator][INFO] - INFO: Using Linear Regression Estimator
[2026-04-24 05:42:21,723][dowhy.causal_estimator][INFO] - b: X4~X0+X0*X1
[2026-04-24 05:42:21,730][dowhy.causal_model][INFO] - Model to find the causal effect of treatment ['X0'] on outcome ['X5']
[2026-04-24 05:42:21,731][dowhy.causal_identifier.auto_identifier][INFO] - Causal effect can be identified.
[2026-04-24 05:42:21,731][dowhy.causal_identifier.auto_identifier][INFO] - Instrumental variables for treatment and outcome:[]
[2026-04-24 05:42:21,732][dowhy.causal_identifier.auto_identifier][INFO] - Frontdoor variables for treatment and outcome:[]
[2026-04-24 05:42:21,732][dowhy.causal_model][INFO] - linear_regression
[2026-04-24 05:42:21,732][dowhy.causal_estimator][INFO] - INFO: Using Linear Regression Estimator
[2026-04-24 05:42:21,732][dowhy.causal_estimator][INFO] - b: X5~X0+X0*X1
[2026-04-24 05:42:21,740][dowhy.causal_model][INFO] - Model to find the causal effect of treatment ['X0'] on outcome ['X6']
[2026-04-24 05:42:21,740][dowhy.causal_identifier.auto_identifier][INFO] - Causal effect can be identified.
[2026-04-24 05:42:21,741][dowhy.causal_identifier.auto_identifier][INFO] - Instrumental variables for treatment and outcome:[]
[2026-04-24 05:42:21,742][dowhy.causal_identifier.auto_identifier][INFO] - Frontdoor variables for treatment and outcome:[]
[2026-04-24 05:42:21,742][dowhy.causal_model][INFO] - linear_regression
[2026-04-24 05:42:21,742][dowhy.causal_estimator][INFO] - INFO: Using Linear Regression Estimator
[2026-04-24 05:42:21,742][dowhy.causal_estimator][INFO] - b: X6~X0+X0*X1
[2026-04-24 05:42:21,749][dowhy.causal_model][INFO] - Model to find the causal effect of treatment ['X0'] on outcome ['X7']
[2026-04-24 05:42:21,750][dowhy.causal_identifier.auto_identifier][INFO] - Causal effect can be identified.
[2026-04-24 05:42:21,751][dowhy.causal_identifier.auto_identifier][INFO] - Instrumental variables for treatment and outcome:[]
[2026-04-24 05:42:21,752][dowhy.causal_identifier.auto_identifier][INFO] - Frontdoor variables for treatment and outcome:['X3', 'X6', 'X5', 'X4']
[2026-04-24 05:42:21,753][dowhy.causal_identifier.auto_identifier][INFO] - Causal effect can be identified.
[2026-04-24 05:42:21,754][dowhy.causal_identifier.auto_identifier][INFO] - Causal effect can be identified.
[2026-04-24 05:42:21,755][dowhy.causal_model][INFO] - linear_regression
[2026-04-24 05:42:21,755][dowhy.causal_estimator][INFO] - INFO: Using Linear Regression Estimator
[2026-04-24 05:42:21,755][dowhy.causal_estimator][INFO] - b: X7~X0+X0*X2+X0*X1
[2026-04-24 05:42:21,816][dowhy.causal_model][INFO] - Model to find the causal effect of treatment ['X1'] on outcome ['X0']
[2026-04-24 05:42:21,816][dowhy.causal_identifier.auto_identifier][WARNING] - No directed path from treatment to outcome. Causal Effect is zero.
[2026-04-24 05:42:21,816][dowhy.causal_model][INFO] - linear_regression
[2026-04-24 05:42:21,816][dowhy.causal_estimator][INFO] - INFO: Using Linear Regression Estimator
[2026-04-24 05:42:21,816][dowhy.causal_estimator][WARNING] - No directed path from ['X1'] to ['X0'].
[2026-04-24 05:42:21,818][dowhy.causal_model][INFO] - Model to find the causal effect of treatment ['X1'] on outcome ['X2']
[2026-04-24 05:42:21,818][dowhy.causal_identifier.auto_identifier][WARNING] - No directed path from treatment to outcome. Causal Effect is zero.
[2026-04-24 05:42:21,818][dowhy.causal_model][INFO] - linear_regression
[2026-04-24 05:42:21,818][dowhy.causal_estimator][INFO] - INFO: Using Linear Regression Estimator
[2026-04-24 05:42:21,818][dowhy.causal_estimator][WARNING] - No directed path from ['X1'] to ['X2'].
[2026-04-24 05:42:21,820][dowhy.causal_model][INFO] - Model to find the causal effect of treatment ['X1'] on outcome ['X3']
[2026-04-24 05:42:21,821][dowhy.causal_identifier.auto_identifier][INFO] - Causal effect can be identified.
[2026-04-24 05:42:21,821][dowhy.causal_identifier.auto_identifier][INFO] - Instrumental variables for treatment and outcome:[]
[2026-04-24 05:42:21,821][dowhy.causal_identifier.auto_identifier][INFO] - Frontdoor variables for treatment and outcome:[]
[2026-04-24 05:42:21,822][dowhy.causal_model][INFO] - linear_regression
[2026-04-24 05:42:21,822][dowhy.causal_estimator][INFO] - INFO: Using Linear Regression Estimator
[2026-04-24 05:42:21,822][dowhy.causal_estimator][INFO] - b: X3~X1+X1*X0
[2026-04-24 05:42:21,831][dowhy.causal_model][INFO] - Model to find the causal effect of treatment ['X1'] on outcome ['X4']
[2026-04-24 05:42:21,831][dowhy.causal_identifier.auto_identifier][INFO] - Causal effect can be identified.
[2026-04-24 05:42:21,832][dowhy.causal_identifier.auto_identifier][INFO] - Instrumental variables for treatment and outcome:[]
[2026-04-24 05:42:21,832][dowhy.causal_identifier.auto_identifier][INFO] - Frontdoor variables for treatment and outcome:[]
[2026-04-24 05:42:21,833][dowhy.causal_model][INFO] - linear_regression
[2026-04-24 05:42:21,833][dowhy.causal_estimator][INFO] - INFO: Using Linear Regression Estimator
[2026-04-24 05:42:21,833][dowhy.causal_estimator][INFO] - b: X4~X1+X1*X0
[2026-04-24 05:42:21,841][dowhy.causal_model][INFO] - Model to find the causal effect of treatment ['X1'] on outcome ['X5']
[2026-04-24 05:42:21,842][dowhy.causal_identifier.auto_identifier][INFO] - Causal effect can be identified.
[2026-04-24 05:42:21,842][dowhy.causal_identifier.auto_identifier][INFO] - Instrumental variables for treatment and outcome:[]
[2026-04-24 05:42:21,843][dowhy.causal_identifier.auto_identifier][INFO] - Frontdoor variables for treatment and outcome:[]
[2026-04-24 05:42:21,843][dowhy.causal_model][INFO] - linear_regression
[2026-04-24 05:42:21,844][dowhy.causal_estimator][INFO] - INFO: Using Linear Regression Estimator
[2026-04-24 05:42:21,844][dowhy.causal_estimator][INFO] - b: X5~X1+X1*X0
[2026-04-24 05:42:21,852][dowhy.causal_model][INFO] - Model to find the causal effect of treatment ['X1'] on outcome ['X6']
[2026-04-24 05:42:21,853][dowhy.causal_identifier.auto_identifier][INFO] - Causal effect can be identified.
[2026-04-24 05:42:21,854][dowhy.causal_identifier.auto_identifier][INFO] - Instrumental variables for treatment and outcome:[]
[2026-04-24 05:42:21,855][dowhy.causal_identifier.auto_identifier][INFO] - Frontdoor variables for treatment and outcome:[]
[2026-04-24 05:42:21,855][dowhy.causal_model][INFO] - linear_regression
[2026-04-24 05:42:21,855][dowhy.causal_estimator][INFO] - INFO: Using Linear Regression Estimator
[2026-04-24 05:42:21,855][dowhy.causal_estimator][INFO] - b: X6~X1+X1*X0
[2026-04-24 05:42:21,863][dowhy.causal_model][INFO] - Model to find the causal effect of treatment ['X1'] on outcome ['X7']
[2026-04-24 05:42:21,864][dowhy.causal_identifier.auto_identifier][INFO] - Causal effect can be identified.
[2026-04-24 05:42:21,865][dowhy.causal_identifier.auto_identifier][INFO] - Instrumental variables for treatment and outcome:[]
[2026-04-24 05:42:21,866][dowhy.causal_identifier.auto_identifier][INFO] - Frontdoor variables for treatment and outcome:['X3', 'X6', 'X5', 'X4']
[2026-04-24 05:42:21,867][dowhy.causal_identifier.auto_identifier][INFO] - Causal effect can be identified.
[2026-04-24 05:42:21,869][dowhy.causal_identifier.auto_identifier][INFO] - Causal effect can be identified.
[2026-04-24 05:42:21,869][dowhy.causal_model][INFO] - linear_regression
[2026-04-24 05:42:21,869][dowhy.causal_estimator][INFO] - INFO: Using Linear Regression Estimator
[2026-04-24 05:42:21,870][dowhy.causal_estimator][INFO] - b: X7~X1+X1*X0+X1*X2
[2026-04-24 05:42:21,930][dowhy.causal_model][INFO] - Model to find the causal effect of treatment ['X2'] on outcome ['X0']
[2026-04-24 05:42:21,930][dowhy.causal_identifier.auto_identifier][WARNING] - No directed path from treatment to outcome. Causal Effect is zero.
[2026-04-24 05:42:21,930][dowhy.causal_model][INFO] - linear_regression
[2026-04-24 05:42:21,930][dowhy.causal_estimator][INFO] - INFO: Using Linear Regression Estimator
[2026-04-24 05:42:21,930][dowhy.causal_estimator][WARNING] - No directed path from ['X2'] to ['X0'].
[2026-04-24 05:42:21,932][dowhy.causal_model][INFO] - Model to find the causal effect of treatment ['X2'] on outcome ['X1']
[2026-04-24 05:42:21,932][dowhy.causal_identifier.auto_identifier][WARNING] - No directed path from treatment to outcome. Causal Effect is zero.
[2026-04-24 05:42:21,932][dowhy.causal_model][INFO] - linear_regression
[2026-04-24 05:42:21,932][dowhy.causal_estimator][INFO] - INFO: Using Linear Regression Estimator
[2026-04-24 05:42:21,932][dowhy.causal_estimator][WARNING] - No directed path from ['X2'] to ['X1'].
[2026-04-24 05:42:21,933][dowhy.causal_model][INFO] - Model to find the causal effect of treatment ['X2'] on outcome ['X3']
[2026-04-24 05:42:21,933][dowhy.causal_identifier.auto_identifier][WARNING] - No directed path from treatment to outcome. Causal Effect is zero.
[2026-04-24 05:42:21,933][dowhy.causal_model][INFO] - linear_regression
[2026-04-24 05:42:21,934][dowhy.causal_estimator][INFO] - INFO: Using Linear Regression Estimator
[2026-04-24 05:42:21,934][dowhy.causal_estimator][WARNING] - No directed path from ['X2'] to ['X3'].
[2026-04-24 05:42:21,935][dowhy.causal_model][INFO] - Model to find the causal effect of treatment ['X2'] on outcome ['X4']
[2026-04-24 05:42:21,935][dowhy.causal_identifier.auto_identifier][WARNING] - No directed path from treatment to outcome. Causal Effect is zero.
[2026-04-24 05:42:21,935][dowhy.causal_model][INFO] - linear_regression
[2026-04-24 05:42:21,935][dowhy.causal_estimator][INFO] - INFO: Using Linear Regression Estimator
[2026-04-24 05:42:21,935][dowhy.causal_estimator][WARNING] - No directed path from ['X2'] to ['X4'].
[2026-04-24 05:42:21,937][dowhy.causal_model][INFO] - Model to find the causal effect of treatment ['X2'] on outcome ['X5']
[2026-04-24 05:42:21,937][dowhy.causal_identifier.auto_identifier][WARNING] - No directed path from treatment to outcome. Causal Effect is zero.
[2026-04-24 05:42:21,937][dowhy.causal_model][INFO] - linear_regression
[2026-04-24 05:42:21,937][dowhy.causal_estimator][INFO] - INFO: Using Linear Regression Estimator
[2026-04-24 05:42:21,937][dowhy.causal_estimator][WARNING] - No directed path from ['X2'] to ['X5'].
[2026-04-24 05:42:21,939][dowhy.causal_model][INFO] - Model to find the causal effect of treatment ['X2'] on outcome ['X6']
[2026-04-24 05:42:21,939][dowhy.causal_identifier.auto_identifier][WARNING] - No directed path from treatment to outcome. Causal Effect is zero.
[2026-04-24 05:42:21,939][dowhy.causal_model][INFO] - linear_regression
[2026-04-24 05:42:21,939][dowhy.causal_estimator][INFO] - INFO: Using Linear Regression Estimator
[2026-04-24 05:42:21,939][dowhy.causal_estimator][WARNING] - No directed path from ['X2'] to ['X6'].
[2026-04-24 05:42:21,941][dowhy.causal_model][INFO] - Model to find the causal effect of treatment ['X2'] on outcome ['X7']
[2026-04-24 05:42:21,942][dowhy.causal_identifier.auto_identifier][INFO] - Causal effect can be identified.
[2026-04-24 05:42:21,943][dowhy.causal_identifier.auto_identifier][INFO] - Instrumental variables for treatment and outcome:[]
[2026-04-24 05:42:21,943][dowhy.causal_identifier.auto_identifier][INFO] - Frontdoor variables for treatment and outcome:[]
[2026-04-24 05:42:21,943][dowhy.causal_model][INFO] - linear_regression
[2026-04-24 05:42:21,943][dowhy.causal_estimator][INFO] - INFO: Using Linear Regression Estimator
[2026-04-24 05:42:21,943][dowhy.causal_estimator][INFO] - b: X7~X2+X2*X0+X2*X3+X2*X4+X2*X1
[2026-04-24 05:42:21,999][dowhy.causal_model][INFO] - Model to find the causal effect of treatment ['X3'] on outcome ['X0']
[2026-04-24 05:42:21,999][dowhy.causal_identifier.auto_identifier][WARNING] - No directed path from treatment to outcome. Causal Effect is zero.
[2026-04-24 05:42:21,999][dowhy.causal_model][INFO] - linear_regression
[2026-04-24 05:42:21,999][dowhy.causal_estimator][INFO] - INFO: Using Linear Regression Estimator
[2026-04-24 05:42:21,999][dowhy.causal_estimator][WARNING] - No directed path from ['X3'] to ['X0'].
[2026-04-24 05:42:22,001][dowhy.causal_model][INFO] - Model to find the causal effect of treatment ['X3'] on outcome ['X1']
[2026-04-24 05:42:22,001][dowhy.causal_identifier.auto_identifier][WARNING] - No directed path from treatment to outcome. Causal Effect is zero.
[2026-04-24 05:42:22,001][dowhy.causal_model][INFO] - linear_regression
[2026-04-24 05:42:22,001][dowhy.causal_estimator][INFO] - INFO: Using Linear Regression Estimator
[2026-04-24 05:42:22,001][dowhy.causal_estimator][WARNING] - No directed path from ['X3'] to ['X1'].
[2026-04-24 05:42:22,003][dowhy.causal_model][INFO] - Model to find the causal effect of treatment ['X3'] on outcome ['X2']
[2026-04-24 05:42:22,003][dowhy.causal_identifier.auto_identifier][WARNING] - No directed path from treatment to outcome. Causal Effect is zero.
[2026-04-24 05:42:22,003][dowhy.causal_model][INFO] - linear_regression
[2026-04-24 05:42:22,003][dowhy.causal_estimator][INFO] - INFO: Using Linear Regression Estimator
[2026-04-24 05:42:22,003][dowhy.causal_estimator][WARNING] - No directed path from ['X3'] to ['X2'].
[2026-04-24 05:42:22,005][dowhy.causal_model][INFO] - Model to find the causal effect of treatment ['X3'] on outcome ['X4']
[2026-04-24 05:42:22,006][dowhy.causal_identifier.auto_identifier][INFO] - Causal effect can be identified.
[2026-04-24 05:42:22,006][dowhy.causal_identifier.auto_identifier][INFO] - Instrumental variables for treatment and outcome:['X0']
[2026-04-24 05:42:22,006][dowhy.causal_identifier.auto_identifier][INFO] - Frontdoor variables for treatment and outcome:[]
[2026-04-24 05:42:22,006][dowhy.causal_model][INFO] - linear_regression
[2026-04-24 05:42:22,006][dowhy.causal_estimator][INFO] - INFO: Using Linear Regression Estimator
[2026-04-24 05:42:22,007][dowhy.causal_estimator][INFO] - b: X4~X3+X1
[2026-04-24 05:42:22,014][dowhy.causal_model][INFO] - Model to find the causal effect of treatment ['X3'] on outcome ['X5']
[2026-04-24 05:42:22,015][dowhy.causal_identifier.auto_identifier][INFO] - Causal effect can be identified.
[2026-04-24 05:42:22,015][dowhy.causal_identifier.auto_identifier][INFO] - Instrumental variables for treatment and outcome:['X1']
[2026-04-24 05:42:22,016][dowhy.causal_identifier.auto_identifier][INFO] - Frontdoor variables for treatment and outcome:[]
[2026-04-24 05:42:22,016][dowhy.causal_model][INFO] - linear_regression
[2026-04-24 05:42:22,016][dowhy.causal_estimator][INFO] - INFO: Using Linear Regression Estimator
[2026-04-24 05:42:22,016][dowhy.causal_estimator][INFO] - b: X5~X3+X0
[2026-04-24 05:42:22,024][dowhy.causal_model][INFO] - Model to find the causal effect of treatment ['X3'] on outcome ['X6']
[2026-04-24 05:42:22,024][dowhy.causal_identifier.auto_identifier][INFO] - Causal effect can be identified.
[2026-04-24 05:42:22,025][dowhy.causal_identifier.auto_identifier][INFO] - Instrumental variables for treatment and outcome:['X0']
[2026-04-24 05:42:22,026][dowhy.causal_identifier.auto_identifier][INFO] - Frontdoor variables for treatment and outcome:[]
[2026-04-24 05:42:22,026][dowhy.causal_model][INFO] - linear_regression
[2026-04-24 05:42:22,026][dowhy.causal_estimator][INFO] - INFO: Using Linear Regression Estimator
[2026-04-24 05:42:22,026][dowhy.causal_estimator][INFO] - b: X6~X3+X1
[2026-04-24 05:42:22,033][dowhy.causal_model][INFO] - Model to find the causal effect of treatment ['X3'] on outcome ['X7']
[2026-04-24 05:42:22,034][dowhy.causal_identifier.auto_identifier][INFO] - Causal effect can be identified.
[2026-04-24 05:42:22,035][dowhy.causal_identifier.auto_identifier][INFO] - Instrumental variables for treatment and outcome:['X0']
[2026-04-24 05:42:22,036][dowhy.causal_identifier.auto_identifier][INFO] - Frontdoor variables for treatment and outcome:[]
[2026-04-24 05:42:22,036][dowhy.causal_model][INFO] - linear_regression
[2026-04-24 05:42:22,036][dowhy.causal_estimator][INFO] - INFO: Using Linear Regression Estimator
[2026-04-24 05:42:22,036][dowhy.causal_estimator][INFO] - b: X7~X3+X1+X3*X2
[2026-04-24 05:42:22,095][dowhy.causal_model][INFO] - Model to find the causal effect of treatment ['X4'] on outcome ['X0']
[2026-04-24 05:42:22,095][dowhy.causal_identifier.auto_identifier][WARNING] - No directed path from treatment to outcome. Causal Effect is zero.
[2026-04-24 05:42:22,095][dowhy.causal_model][INFO] - linear_regression
[2026-04-24 05:42:22,095][dowhy.causal_estimator][INFO] - INFO: Using Linear Regression Estimator
[2026-04-24 05:42:22,095][dowhy.causal_estimator][WARNING] - No directed path from ['X4'] to ['X0'].
[2026-04-24 05:42:22,097][dowhy.causal_model][INFO] - Model to find the causal effect of treatment ['X4'] on outcome ['X1']
[2026-04-24 05:42:22,097][dowhy.causal_identifier.auto_identifier][WARNING] - No directed path from treatment to outcome. Causal Effect is zero.
[2026-04-24 05:42:22,097][dowhy.causal_model][INFO] - linear_regression
[2026-04-24 05:42:22,097][dowhy.causal_estimator][INFO] - INFO: Using Linear Regression Estimator
[2026-04-24 05:42:22,097][dowhy.causal_estimator][WARNING] - No directed path from ['X4'] to ['X1'].
[2026-04-24 05:42:22,099][dowhy.causal_model][INFO] - Model to find the causal effect of treatment ['X4'] on outcome ['X2']
[2026-04-24 05:42:22,099][dowhy.causal_identifier.auto_identifier][WARNING] - No directed path from treatment to outcome. Causal Effect is zero.
[2026-04-24 05:42:22,099][dowhy.causal_model][INFO] - linear_regression
[2026-04-24 05:42:22,099][dowhy.causal_estimator][INFO] - INFO: Using Linear Regression Estimator
[2026-04-24 05:42:22,099][dowhy.causal_estimator][WARNING] - No directed path from ['X4'] to ['X2'].
[2026-04-24 05:42:22,101][dowhy.causal_model][INFO] - Model to find the causal effect of treatment ['X4'] on outcome ['X3']
[2026-04-24 05:42:22,101][dowhy.causal_identifier.auto_identifier][WARNING] - No directed path from treatment to outcome. Causal Effect is zero.
[2026-04-24 05:42:22,101][dowhy.causal_model][INFO] - linear_regression
[2026-04-24 05:42:22,101][dowhy.causal_estimator][INFO] - INFO: Using Linear Regression Estimator
[2026-04-24 05:42:22,101][dowhy.causal_estimator][WARNING] - No directed path from ['X4'] to ['X3'].
[2026-04-24 05:42:22,103][dowhy.causal_model][INFO] - Model to find the causal effect of treatment ['X4'] on outcome ['X5']
[2026-04-24 05:42:22,103][dowhy.causal_identifier.auto_identifier][WARNING] - No directed path from treatment to outcome. Causal Effect is zero.
[2026-04-24 05:42:22,103][dowhy.causal_model][INFO] - linear_regression
[2026-04-24 05:42:22,104][dowhy.causal_estimator][INFO] - INFO: Using Linear Regression Estimator
[2026-04-24 05:42:22,104][dowhy.causal_estimator][WARNING] - No directed path from ['X4'] to ['X5'].
[2026-04-24 05:42:22,105][dowhy.causal_model][INFO] - Model to find the causal effect of treatment ['X4'] on outcome ['X6']
[2026-04-24 05:42:22,107][dowhy.causal_identifier.auto_identifier][INFO] - Causal effect can be identified.
[2026-04-24 05:42:22,107][dowhy.causal_identifier.auto_identifier][INFO] - Instrumental variables for treatment and outcome:[]
[2026-04-24 05:42:22,107][dowhy.causal_identifier.auto_identifier][INFO] - Frontdoor variables for treatment and outcome:[]
[2026-04-24 05:42:22,107][dowhy.causal_model][INFO] - linear_regression
[2026-04-24 05:42:22,107][dowhy.causal_estimator][INFO] - INFO: Using Linear Regression Estimator
[2026-04-24 05:42:22,108][dowhy.causal_estimator][INFO] - b: X6~X4+X1
[2026-04-24 05:42:22,116][dowhy.causal_model][INFO] - Model to find the causal effect of treatment ['X4'] on outcome ['X7']
[2026-04-24 05:42:22,117][dowhy.causal_identifier.auto_identifier][INFO] - Causal effect can be identified.
[2026-04-24 05:42:22,118][dowhy.causal_identifier.auto_identifier][INFO] - Instrumental variables for treatment and outcome:['X3', 'X1']
[2026-04-24 05:42:22,118][dowhy.causal_identifier.auto_identifier][INFO] - Frontdoor variables for treatment and outcome:[]
[2026-04-24 05:42:22,119][dowhy.causal_model][INFO] - linear_regression
[2026-04-24 05:42:22,119][dowhy.causal_estimator][INFO] - INFO: Using Linear Regression Estimator
[2026-04-24 05:42:22,119][dowhy.causal_estimator][INFO] - b: X7~X4+X4*X2
[2026-04-24 05:42:22,178][dowhy.causal_model][INFO] - Model to find the causal effect of treatment ['X5'] on outcome ['X0']
[2026-04-24 05:42:22,178][dowhy.causal_identifier.auto_identifier][WARNING] - No directed path from treatment to outcome. Causal Effect is zero.
[2026-04-24 05:42:22,178][dowhy.causal_model][INFO] - linear_regression
[2026-04-24 05:42:22,178][dowhy.causal_estimator][INFO] - INFO: Using Linear Regression Estimator
[2026-04-24 05:42:22,178][dowhy.causal_estimator][WARNING] - No directed path from ['X5'] to ['X0'].
[2026-04-24 05:42:22,180][dowhy.causal_model][INFO] - Model to find the causal effect of treatment ['X5'] on outcome ['X1']
[2026-04-24 05:42:22,180][dowhy.causal_identifier.auto_identifier][WARNING] - No directed path from treatment to outcome. Causal Effect is zero.
[2026-04-24 05:42:22,180][dowhy.causal_model][INFO] - linear_regression
[2026-04-24 05:42:22,180][dowhy.causal_estimator][INFO] - INFO: Using Linear Regression Estimator
[2026-04-24 05:42:22,180][dowhy.causal_estimator][WARNING] - No directed path from ['X5'] to ['X1'].
[2026-04-24 05:42:22,182][dowhy.causal_model][INFO] - Model to find the causal effect of treatment ['X5'] on outcome ['X2']
[2026-04-24 05:42:22,182][dowhy.causal_identifier.auto_identifier][WARNING] - No directed path from treatment to outcome. Causal Effect is zero.
[2026-04-24 05:42:22,182][dowhy.causal_model][INFO] - linear_regression
[2026-04-24 05:42:22,182][dowhy.causal_estimator][INFO] - INFO: Using Linear Regression Estimator
[2026-04-24 05:42:22,182][dowhy.causal_estimator][WARNING] - No directed path from ['X5'] to ['X2'].
[2026-04-24 05:42:22,184][dowhy.causal_model][INFO] - Model to find the causal effect of treatment ['X5'] on outcome ['X3']
[2026-04-24 05:42:22,184][dowhy.causal_identifier.auto_identifier][WARNING] - No directed path from treatment to outcome. Causal Effect is zero.
[2026-04-24 05:42:22,184][dowhy.causal_model][INFO] - linear_regression
[2026-04-24 05:42:22,184][dowhy.causal_estimator][INFO] - INFO: Using Linear Regression Estimator
[2026-04-24 05:42:22,184][dowhy.causal_estimator][WARNING] - No directed path from ['X5'] to ['X3'].
[2026-04-24 05:42:22,185][dowhy.causal_model][INFO] - Model to find the causal effect of treatment ['X5'] on outcome ['X4']
[2026-04-24 05:42:22,185][dowhy.causal_identifier.auto_identifier][WARNING] - No directed path from treatment to outcome. Causal Effect is zero.
[2026-04-24 05:42:22,186][dowhy.causal_model][INFO] - linear_regression
[2026-04-24 05:42:22,186][dowhy.causal_estimator][INFO] - INFO: Using Linear Regression Estimator
[2026-04-24 05:42:22,186][dowhy.causal_estimator][WARNING] - No directed path from ['X5'] to ['X4'].
[2026-04-24 05:42:22,187][dowhy.causal_model][INFO] - Model to find the causal effect of treatment ['X5'] on outcome ['X6']
[2026-04-24 05:42:22,187][dowhy.causal_identifier.auto_identifier][WARNING] - No directed path from treatment to outcome. Causal Effect is zero.
[2026-04-24 05:42:22,187][dowhy.causal_model][INFO] - linear_regression
[2026-04-24 05:42:22,187][dowhy.causal_estimator][INFO] - INFO: Using Linear Regression Estimator
[2026-04-24 05:42:22,187][dowhy.causal_estimator][WARNING] - No directed path from ['X5'] to ['X6'].
[2026-04-24 05:42:22,189][dowhy.causal_model][INFO] - Model to find the causal effect of treatment ['X5'] on outcome ['X7']
[2026-04-24 05:42:22,189][dowhy.causal_identifier.auto_identifier][WARNING] - No directed path from treatment to outcome. Causal Effect is zero.
[2026-04-24 05:42:22,189][dowhy.causal_model][INFO] - linear_regression
[2026-04-24 05:42:22,189][dowhy.causal_estimator][INFO] - INFO: Using Linear Regression Estimator
[2026-04-24 05:42:22,189][dowhy.causal_estimator][WARNING] - No directed path from ['X5'] to ['X7'].
[2026-04-24 05:42:22,236][dowhy.causal_model][INFO] - Model to find the causal effect of treatment ['X6'] on outcome ['X0']
[2026-04-24 05:42:22,236][dowhy.causal_identifier.auto_identifier][WARNING] - No directed path from treatment to outcome. Causal Effect is zero.
[2026-04-24 05:42:22,236][dowhy.causal_model][INFO] - linear_regression
[2026-04-24 05:42:22,236][dowhy.causal_estimator][INFO] - INFO: Using Linear Regression Estimator
[2026-04-24 05:42:22,236][dowhy.causal_estimator][WARNING] - No directed path from ['X6'] to ['X0'].
[2026-04-24 05:42:22,238][dowhy.causal_model][INFO] - Model to find the causal effect of treatment ['X6'] on outcome ['X1']
[2026-04-24 05:42:22,238][dowhy.causal_identifier.auto_identifier][WARNING] - No directed path from treatment to outcome. Causal Effect is zero.
[2026-04-24 05:42:22,238][dowhy.causal_model][INFO] - linear_regression
[2026-04-24 05:42:22,238][dowhy.causal_estimator][INFO] - INFO: Using Linear Regression Estimator
[2026-04-24 05:42:22,238][dowhy.causal_estimator][WARNING] - No directed path from ['X6'] to ['X1'].
[2026-04-24 05:42:22,239][dowhy.causal_model][INFO] - Model to find the causal effect of treatment ['X6'] on outcome ['X2']
[2026-04-24 05:42:22,240][dowhy.causal_identifier.auto_identifier][WARNING] - No directed path from treatment to outcome. Causal Effect is zero.
[2026-04-24 05:42:22,240][dowhy.causal_model][INFO] - linear_regression
[2026-04-24 05:42:22,240][dowhy.causal_estimator][INFO] - INFO: Using Linear Regression Estimator
[2026-04-24 05:42:22,240][dowhy.causal_estimator][WARNING] - No directed path from ['X6'] to ['X2'].
[2026-04-24 05:42:22,241][dowhy.causal_model][INFO] - Model to find the causal effect of treatment ['X6'] on outcome ['X3']
[2026-04-24 05:42:22,241][dowhy.causal_identifier.auto_identifier][WARNING] - No directed path from treatment to outcome. Causal Effect is zero.
[2026-04-24 05:42:22,241][dowhy.causal_model][INFO] - linear_regression
[2026-04-24 05:42:22,241][dowhy.causal_estimator][INFO] - INFO: Using Linear Regression Estimator
[2026-04-24 05:42:22,241][dowhy.causal_estimator][WARNING] - No directed path from ['X6'] to ['X3'].
[2026-04-24 05:42:22,243][dowhy.causal_model][INFO] - Model to find the causal effect of treatment ['X6'] on outcome ['X4']
[2026-04-24 05:42:22,243][dowhy.causal_identifier.auto_identifier][WARNING] - No directed path from treatment to outcome. Causal Effect is zero.
[2026-04-24 05:42:22,243][dowhy.causal_model][INFO] - linear_regression
[2026-04-24 05:42:22,243][dowhy.causal_estimator][INFO] - INFO: Using Linear Regression Estimator
[2026-04-24 05:42:22,243][dowhy.causal_estimator][WARNING] - No directed path from ['X6'] to ['X4'].
[2026-04-24 05:42:22,245][dowhy.causal_model][INFO] - Model to find the causal effect of treatment ['X6'] on outcome ['X5']
[2026-04-24 05:42:22,245][dowhy.causal_identifier.auto_identifier][WARNING] - No directed path from treatment to outcome. Causal Effect is zero.
[2026-04-24 05:42:22,245][dowhy.causal_model][INFO] - linear_regression
[2026-04-24 05:42:22,245][dowhy.causal_estimator][INFO] - INFO: Using Linear Regression Estimator
[2026-04-24 05:42:22,245][dowhy.causal_estimator][WARNING] - No directed path from ['X6'] to ['X5'].
[2026-04-24 05:42:22,247][dowhy.causal_model][INFO] - Model to find the causal effect of treatment ['X6'] on outcome ['X7']
[2026-04-24 05:42:22,247][dowhy.causal_identifier.auto_identifier][WARNING] - No directed path from treatment to outcome. Causal Effect is zero.
[2026-04-24 05:42:22,247][dowhy.causal_model][INFO] - linear_regression
[2026-04-24 05:42:22,247][dowhy.causal_estimator][INFO] - INFO: Using Linear Regression Estimator
[2026-04-24 05:42:22,247][dowhy.causal_estimator][WARNING] - No directed path from ['X6'] to ['X7'].
[2026-04-24 05:42:22,306][dowhy.causal_model][INFO] - Model to find the causal effect of treatment ['X7'] on outcome ['X0']
[2026-04-24 05:42:22,306][dowhy.causal_identifier.auto_identifier][WARNING] - No directed path from treatment to outcome. Causal Effect is zero.
[2026-04-24 05:42:22,306][dowhy.causal_model][INFO] - linear_regression
[2026-04-24 05:42:22,306][dowhy.causal_estimator][INFO] - INFO: Using Linear Regression Estimator
[2026-04-24 05:42:22,306][dowhy.causal_estimator][WARNING] - No directed path from ['X7'] to ['X0'].
[2026-04-24 05:42:22,308][dowhy.causal_model][INFO] - Model to find the causal effect of treatment ['X7'] on outcome ['X1']
[2026-04-24 05:42:22,308][dowhy.causal_identifier.auto_identifier][WARNING] - No directed path from treatment to outcome. Causal Effect is zero.
[2026-04-24 05:42:22,308][dowhy.causal_model][INFO] - linear_regression
[2026-04-24 05:42:22,308][dowhy.causal_estimator][INFO] - INFO: Using Linear Regression Estimator
[2026-04-24 05:42:22,309][dowhy.causal_estimator][WARNING] - No directed path from ['X7'] to ['X1'].
[2026-04-24 05:42:22,310][dowhy.causal_model][INFO] - Model to find the causal effect of treatment ['X7'] on outcome ['X2']
[2026-04-24 05:42:22,310][dowhy.causal_identifier.auto_identifier][WARNING] - No directed path from treatment to outcome. Causal Effect is zero.
[2026-04-24 05:42:22,310][dowhy.causal_model][INFO] - linear_regression
[2026-04-24 05:42:22,310][dowhy.causal_estimator][INFO] - INFO: Using Linear Regression Estimator
[2026-04-24 05:42:22,311][dowhy.causal_estimator][WARNING] - No directed path from ['X7'] to ['X2'].
[2026-04-24 05:42:22,312][dowhy.causal_model][INFO] - Model to find the causal effect of treatment ['X7'] on outcome ['X3']
[2026-04-24 05:42:22,312][dowhy.causal_identifier.auto_identifier][WARNING] - No directed path from treatment to outcome. Causal Effect is zero.
[2026-04-24 05:42:22,313][dowhy.causal_model][INFO] - linear_regression
[2026-04-24 05:42:22,313][dowhy.causal_estimator][INFO] - INFO: Using Linear Regression Estimator
[2026-04-24 05:42:22,313][dowhy.causal_estimator][WARNING] - No directed path from ['X7'] to ['X3'].
[2026-04-24 05:42:22,314][dowhy.causal_model][INFO] - Model to find the causal effect of treatment ['X7'] on outcome ['X4']
[2026-04-24 05:42:22,314][dowhy.causal_identifier.auto_identifier][WARNING] - No directed path from treatment to outcome. Causal Effect is zero.
[2026-04-24 05:42:22,314][dowhy.causal_model][INFO] - linear_regression
[2026-04-24 05:42:22,314][dowhy.causal_estimator][INFO] - INFO: Using Linear Regression Estimator
[2026-04-24 05:42:22,314][dowhy.causal_estimator][WARNING] - No directed path from ['X7'] to ['X4'].
[2026-04-24 05:42:22,316][dowhy.causal_model][INFO] - Model to find the causal effect of treatment ['X7'] on outcome ['X5']
[2026-04-24 05:42:22,316][dowhy.causal_identifier.auto_identifier][WARNING] - No directed path from treatment to outcome. Causal Effect is zero.
[2026-04-24 05:42:22,316][dowhy.causal_model][INFO] - linear_regression
[2026-04-24 05:42:22,316][dowhy.causal_estimator][INFO] - INFO: Using Linear Regression Estimator
[2026-04-24 05:42:22,316][dowhy.causal_estimator][WARNING] - No directed path from ['X7'] to ['X5'].
[2026-04-24 05:42:22,318][dowhy.causal_model][INFO] - Model to find the causal effect of treatment ['X7'] on outcome ['X6']
[2026-04-24 05:42:22,318][dowhy.causal_identifier.auto_identifier][WARNING] - No directed path from treatment to outcome. Causal Effect is zero.
[2026-04-24 05:42:22,318][dowhy.causal_model][INFO] - linear_regression
[2026-04-24 05:42:22,318][dowhy.causal_estimator][INFO] - INFO: Using Linear Regression Estimator
[2026-04-24 05:42:22,318][dowhy.causal_estimator][WARNING] - No directed path from ['X7'] to ['X6'].
