sem_0,sem_1,sem_2,sem_3,sem_4,sem_5,sem_6,sem_7,sem_8,sem_9,sem_10,sem_11,sem_12,sem_13
-0.7881233410317992,-0.8000466958371741,0.7369622046362235,0.4593742300536025,0.2534035887757094,0.8610737576639587,0.8630361765116162,0.9660905805085289,-4.288397373323758,-6.091788170276765,3.9337448269217123,-2.146157128476448,6.676650822191137,5.436774265531351
-0.7251359504210537,1.6944382234108608,-2.0744841540629237,0.03150215737299261,-0.7328242238595893,-0.09255243489728204,3.6619294570387084,3.4458565198555133,-3.1913611787349203,-4.043363181882383,4.724578599324668,-4.1544681792303395,4.694844317460857,5.887923731350783
-0.7146107631931837,-1.291122466416734,-0.27353430472817863,-1.868455217585598,-1.889907000642942,-1.1199084139404043,0.8300533912455939,-1.0270588635042772,-0.2812926721837398,2.2599269136375115,0.44002112911896185,-1.4136411069364359,1.2929805111736998,-1.671977798235027
1.0669863656098637,-0.46337229490750503,1.667992187899217,0.07549588090687377,-0.25681705522553994,-1.1158257917991599,-2.1446869182979635,-3.2290444556281397,3.083365879265601,2.0837989530622485,-1.420395050498086,3.679926947949432,-4.003489486553398,-4.091514457293453
-0.5439470146878812,-0.4992224366619671,0.4749475609219029,-0.9166116692289982,-0.2509848368789801,-1.6049558046463335,0.6009276763829182,0.602009882791216,-3.5453891670296427,-2.0789894854066446,2.501516311269368,0.03511196609729661,5.397002144719724,0.4007225862495024
-0.14530463584974376,0.5526582402758412,0.9091413962800956,0.9708804110626958,-0.11337365776701319,-0.32029834737440044,1.1885625334900698,1.512193474537032,-3.1194512599684585,-3.813951206237663,4.154192455385786,-1.6406008175190827,3.6854184138360266,3.7782264113189896
-0.6669806260270281,-0.815455021224358,-0.9893440599472477,-1.2117164528024744,-0.9387994131125066,1.8903306009441467,0.7276164545478966,2.2349770960368316,-3.1334183076524997,-2.264168920946523,2.9246728242187756,-0.9468696345314785,5.8760240298626965,5.406186602382862
1.0376918208767623,-0.3426627457232695,-0.6040987314079259,-0.2151396640584936,0.11487616379082909,-1.0658450529705497,-2.973248949513161,-2.6171766137113055,5.1278108597857,4.286104785634681,-3.0446220036352782,5.533680302601268,-5.169350490561285,-3.340137889735471
-1.7824988837894928,0.9404536302875287,-1.1144691015489658,-0.05081802247617225,0.34906716212376737,1.2615436472187245,4.361204269377047,4.000997859847909,-2.909067375750637,-5.43640296133126,4.867150135721471,-6.776476841851157,2.8056821420944495,6.045286210428464
0.8486797154402655,-0.7033081173833072,-0.8315871173626356,-0.44907607203383215,1.2434358796602767,-0.902942287218074,-2.0063604497485104,-2.898406350236129,1.5656705541751035,1.8695325497139785,-2.797496617088148,2.662677051482666,-2.060691673426278,-4.416883088602079
-0.4928479913231929,0.02147457461674145,0.3579816547441321,-0.4402957683356826,0.5671342189374203,-1.5320737725358353,0.8254213280429196,1.194054276807036,-1.9389077273115392,-2.4791717489405842,3.2697253429646853,-0.8795365798528157,2.848007635920124,1.4928963567848974
-2.699941053130117,-0.4454548395067638,0.35749764155985153,-1.5007524629564397,-1.385777511410771,-0.2842688059654731,2.8106438735254744,3.0207647693184962,-4.260294903994774,-3.6460144619574044,3.7582734877338435,-4.062726693745325,8.353371790078228,3.096992580905477
0.24855676824401188,0.24666406752663114,1.6069602579970625,-0.27942832976690496,0.1280581717910405,0.3475150882155913,-0.025796237350536377,-0.2705292986264575,-0.4949224407597957,-1.9271479991201723,2.714557675186878,0.9983232217136083,0.6064371775180131,2.1649839945052785
-0.2848901251395221,-0.43795733131597075,0.3942307917748531,-0.2584516491307886,0.7361207632417781,-1.1311716354423407,-0.39712653288958294,-0.2418017503135046,0.1609899022733916,-0.23698701384569126,-0.19559945417776056,0.13293219648896284,-0.1390963396813878,-1.5483761713637088
1.3240142148947098,-0.05762656756854903,-0.13847389109772676,0.8661696604613573,0.7621727984311419,-0.05300675929136396,-1.6723875286384513,0.10328928724449842,1.4075190097491874,0.7056560216828681,-1.088899721818839,3.1387365574888277,-2.246225365691951,-0.30068430302943056
-1.6764789273153422,-1.8125184125244689,-0.07185379105098576,0.4663395654947144,-0.6761275507173526,-0.8831410406965985,2.5168963630098933,-1.2104951577742273,2.4846566011779925,2.2195144840860928,0.13668800242641396,-4.507910031746962,-4.581837501812762,-4.186906960023938
-0.5175460240975055,-1.1804472612280408,-1.050872637908191,0.5051088635765257,0.18104004853715133,-0.40732788583947754,-0.40474836355404475,-2.718488036482199,6.1594641664010235,6.8957719092531775,-4.32555732860225,0.2668678189838298,-8.339007741810228,-6.858612683839048
0.07271500291785017,-0.20624697802327252,-0.3452283516367045,-1.122636599582558,0.07891694121845014,-1.8667099773537603,1.535238452580985,3.045131449805608,-4.172774380074314,-4.282172879692374,5.292509604941909,-1.7535376194720242,7.192359081351679,3.228550488087619
1.1293981074313835,-0.3386930251915849,-0.4529121994970734,0.16184487959397206,-0.6462489693071448,0.07212564206638347,-1.126872953705562,-1.0924963131598482,3.2896191875153304,2.4176842407800634,0.5407243055045604,2.035379865378189,-4.655199102107939,1.5189997265453214
0.3140945352378224,0.22458989471967947,1.1018015194780513,0.07758115129738347,-1.9978115154441631,-1.104748071875744,-1.3513328483092861,-1.4961508321019106,1.7371959975995117,0.9855934820896798,1.3118684373582852,0.97570577672513,-3.3984485588318365,0.21025751060111258
-0.19697202803561156,-0.08743568658609996,2.084204350682262,0.7386639876358925,-0.2032492014847409,0.840046271123335,-0.04962635474897464,-0.22968154956970563,-1.1232618717914749,-1.8114375080526453,1.8483014842236716,0.4001534573358048,0.4372771520181059,2.837939281906881
0.2623445978584939,1.3025637094564426,-0.2322610724486963,-1.32605272029146,-1.0275753282350315,-1.114398295658466,1.3746322659589607,2.2937654541398125,-3.86692705087114,-3.98767677461353,3.0208117658204454,-2.481835643278735,8.11391922308993,0.559796063332474
-0.18530545983093855,0.3586637010999824,-0.6590992692599302,0.348724612153862,-0.9023053797354779,-1.2800648487390032,-1.1375425125065335,-1.8975410748640829,4.2981122965285135,6.735367141395329,-4.541862322302743,1.2099626157164352,-5.383314540830558,-7.438369660076052
1.3659279840537504,0.4951005630071532,-0.3417933779752468,-0.2084330321042418,-0.20338309270385685,-1.0736734470516969,-3.397248848474776,-2.9133301646288565,3.2761325490240267,4.116187127927621,-3.9287149404431987,5.553869385426787,-4.80914148585071,-5.623355702606264
-1.3140265181735886,-0.7309655252821101,-0.6608427593561627,-0.8888541724088357,-0.7109518190316095,0.13950162915934522,3.045617131335182,4.379473483667893,-4.4614185122435055,-5.859676972350336,6.26153693455692,-3.775175737902598,7.867555339294606,7.586711700569236
-0.0013963002353180667,-0.13197892450145562,-0.17584675907863265,0.8261731402602778,1.2305019181351193,0.2541155433497451,-0.8654056736616444,-0.8403699146584709,2.3361374571498756,1.5000115838706978,-2.438280519302295,0.9176732452662947,-4.172820532924525,-1.8753615413738551
-0.22113064687741482,-0.9402726379156977,0.4473466971428807,0.7072603819650404,0.3255513847985057,1.5322709112802935,-0.0685035021626559,-0.05105984510235282,1.2785084765054369,0.7796424313492362,-2.1205550152945096,0.938210433236251,-2.236608545385195,-0.6480691651789557
-0.6440465726489208,0.37816516482529994,0.3332633535200814,-1.3284009237216226,-0.1831342715060621,1.1818299740514264,1.0404478868021605,-0.589890357814528,-1.866425244827481,-2.17020298124373,1.8552978499770136,-1.3745052364136707,4.056627273816425,3.8154421628558257
-1.0311217062007796,0.28661667892861825,-0.6293004236376387,0.042040417056677035,2.031052121404674,-0.5846516780322515,1.7902604169265026,1.4434795617739518,-0.7550209605538593,-2.2165286942751075,-0.06182226855666228,-2.914805169232519,0.9057276098800114,-1.3703465117634097
1.065988866107505,-0.34339470438122277,1.2368651985958892,-0.9239304930061623,1.097439105438397,0.3100396493326192,-1.6337502912386304,-1.3592612211085209,1.116928861050624,2.2184404157205204,-3.6878400815431807,3.112097276916046,-0.8357332151970802,-3.555226266998814
0.12816279089640753,-0.8537259839856647,0.2663823758456011,-0.8229681930374632,0.46442762260141923,-1.3720049461246535,0.6000986554083579,1.5589410965461978,-1.5115259869826554,-0.10747322560404747,0.8983090126149398,0.07811476735641806,2.5997847413665167,-0.4747927748674634
0.6737762280535536,-0.350667827650674,-0.06927447337909813,0.017096194564312838,0.6476962489216829,0.11362474260072036,-2.1557733083992763,-3.4862925915581795,5.509281616738747,7.952610270409447,-9.320758212688826,3.607115867775494,-8.042416127508837,-10.470077515432692
1.2400071397289942,-1.9680532093231775,0.12605707728244636,1.0948597664639497,-0.14063206258643857,0.5675003440500592,-2.980523893354427,-3.2361847135082584,4.885611134769799,6.1677338638992865,-5.871514406767734,4.799971420362365,-8.16998124172567,-5.970494586359831
0.11960739468094052,-0.4828082907952464,-0.9954957564527601,-0.13175444118275093,0.4167984947280302,1.2263905787119025,2.028301796284672,0.7991823844857288,-2.1752230614358816,-2.064147879790556,0.08608570394319276,-1.7301017152650688,4.612140028732675,1.8372238820268656
-0.8713757878162774,-0.267524352477535,-1.0282160489946215,-0.17486774457704157,-1.2837928266164185,-0.32296912288687996,0.23270723882647332,-0.378640629231392,2.431898555897199,3.286675137169389,-1.2325593125772267,-1.2637849268922339,-3.2246434096377117,-2.298294807401955
0.09350151229560227,-0.2816945019626514,0.11042096256732474,-0.7082620116870175,-0.6538523079499922,0.7126508278931668,-1.2520793408676034,-1.1404941929416021,0.2917518774744488,1.4814602748063848,-0.5853358065916006,1.3287242168666566,-0.1131942878398044,-0.04502843163907928
1.771361593216391,0.1025484246505587,0.004260136876060392,0.8615290593970755,-0.7008419820587545,-1.0644041857297006,-3.0748296762945766,-2.802060814916476,5.687927976836669,6.829740980509246,-4.846712056920649,4.944986589315929,-9.005359322556412,-5.479358370322756
-1.8261959542404667,0.14150923705136118,1.2888115680642984,-1.5912483915099733,1.4394095947764554,-0.9682445010131229,2.60942769910582,2.0514003783755004,-5.411597151720033,-6.914360547772471,4.844203640849824,-5.23432157856967,9.305715559081076,5.9356478517212645
0.8682946066196816,0.5916576051899405,-0.5847825139262831,-1.2218149158124683,0.9821688274296568,-1.43678281124643,0.13000456389308596,1.0420721906509192,-2.5534380432110835,-2.703209715954387,1.1158576856417308,0.3192022462559028,5.9045636520210705,-1.6463039580979328
0.7492168538348939,0.29126384860219995,-0.5532768485342782,0.5175631036003292,-0.20510813474892692,0.2897724599130588,-2.4982736231775418,-1.795935063730582,2.3847523437752285,1.7589315384058462,-2.2714032174546346,3.519346201227574,-4.676313051689471,-2.160675472609223
-0.46888645667234186,0.9064744728145386,-1.0489310022936098,-0.7542557598928684,2.340101300436441,1.0357544868725308,2.8312382021275657,3.6549292332952965,-4.264805150742506,-4.530182392320884,1.7329189190970051,-4.325142939075215,8.666877737273449,3.0481646716101016
-0.6171919388891001,-1.3169262281324152,-0.5518162084704487,0.6221493455941376,0.8254970905566305,0.028568960194294012,-0.17252115444677227,-0.7977790594274029,1.5620033197436285,3.570955884472605,-4.270924327355611,0.035768542252448035,-2.3148791645455282,-4.608090856383782
-0.7676794257122106,0.46859197567790195,-0.6349977960521226,-0.09242947548422561,0.2062866175786498,0.6612368927292729,0.951140352294585,0.5446734768207728,-0.06036438986791406,-0.2821678157957386,-0.1352073153270772,-1.5220085248756958,0.03705695434935238,0.133398218978859
-0.9911465913402292,0.057697047415015884,-0.22940422480806674,-0.024520639748639737,0.8215131667798106,-1.6644483284071816,-0.7283880567118018,-0.33338304887492415,0.6286764312661767,-0.3309938523473913,1.301151333221364,0.19895796113820274,-0.7983588322245422,-1.2066278641348642
-1.1911665829347782,0.18582898577344822,0.8800317497087448,0.9505649282158041,0.10743312508887572,0.4419367423745949,1.5233449656835565,0.5902768978539046,1.4760939433573779,-0.4055968254177157,-0.6982411973533108,-2.758263221792732,-2.5392110654101594,-0.1345251366125012
-2.109675842032924,1.6320352766959485,-0.6337079661445074,0.8477626621065443,1.0252106473214857,-1.1736765775417908,4.581070327692179,4.94839636919344,-5.919723550604367,-7.258270517363356,6.33233790084611,-7.313211439767029,10.616994956563431,3.5628171747852697
0.6657679803515973,-0.2409074826673946,0.6132111662597427,-0.41777341846918353,1.0843671235326344,1.791156517403791,-1.1657714994428359,-1.3486651758704087,-0.3962239259475418,1.5048851953042268,-5.457433895119074,1.2653474850163466,-0.1916055520408927,-2.966559010438935
0.27280694653647375,0.3147658068840648,-0.6949847864777752,0.2766806239180097,1.0805893382039347,1.0054168443049332,-1.0986482164825695,1.0530646051658112,0.7489277281469042,-0.14885862652992926,-1.467028908802489,2.7112226424552133,-1.5487057450558308,-0.27544854637253985
0.5883755422284063,0.14397928908053964,-1.3377025582251032,0.4941083239148079,-0.569825979127275,-1.89116706916838,-0.015462506985025362,0.8165144962114356,1.4506377093429135,-0.4734739294442153,3.921704905046124,0.5575274708532082,-1.5349427807813982,1.9810324113286946
-0.7519442667567179,-0.03036983372875855,-1.3970391532104554,1.606396362202844,1.1923623790968827,1.5568226535162408,1.5516378183676858,3.4458281581779717,-2.2568772919953317,-4.954765729396581,2.507540645537557,-0.3021731778136092,1.2909563041987573,3.507753191535267
-1.110268860233554,0.9884805192770474,0.3128902289464917,-0.34886612078578644,-1.0335614107853097,-1.391465784012931,1.714465342482671,3.5072121713155133,-3.42466953245321,-4.951737378294689,6.768129794773881,-2.384434428330058,4.368876746217306,5.201960398954572
-1.6921039802244766,-0.06251485102304968,1.046828202870378,-1.0268446775475426,-1.166313276400798,0.5099735457683098,1.1771554932238204,2.346517101869178,-4.592510546280802,-4.614678273967461,4.7937607772439055,-2.1517291169497286,8.878594728844893,5.861039358050084
1.1855763520535227,-0.28000760172494477,1.4444409129526548,-1.3850285947684502,-0.5626386455131176,0.828989885298839,-2.7647593391927168,-3.4109685860536834,1.0114199342443613,2.912141107323434,-2.7503611799874856,4.54939445582009,-0.4544805140756525,-2.671213600269746
-0.5451913409221059,-0.7847627117363546,0.3686757843590829,-0.4642574432766099,-1.0346430394133417,1.0663628090158732,-1.4174453039110342,-4.014882418624372,4.170374390827931,5.855970544691187,-4.150043559403141,-1.7715288631319976,-6.550677624476418,-2.6162308572711135
-2.9177064647281234,0.016949552928493285,0.029675110192786458,-0.7622980026657038,-1.9731528760218282,-0.607108052249343,5.556194913245254,4.967825810013633,-6.977016165493941,-8.75166761380178,10.567211973950755,-11.28334221015361,10.50019285608711,13.26481155909347
0.46628902656631266,0.20864964455593699,-0.4834881252932659,-0.9349126331823693,1.2979192197540637,0.1119124627081332,-0.95751144197037,-0.6646159091522926,0.24097094074730271,2.0746906023862604,-4.4308918313088475,1.4313503589537633,0.6061152826716565,-3.8665488155179766
-0.4527330363445907,1.0729971517041952,-1.9960071223385727,-1.314813015916784,-0.09227915980586174,1.3094742253855896,1.4641500319871323,3.676002941619094,-1.319870775993196,1.408952470733219,-2.978664007918194,-0.004593597247718942,4.904211175449181,-0.928241471317216
-1.149033978397792,-0.05271171190718425,0.5138491362243116,-0.3785697737915906,-0.195117902894694,0.3683161565472579,1.082883988711869,-2.2065493593519925,1.4179112361004742,1.5287462637732652,-0.7417148826509857,-2.2380634635481744,-1.4232527162980961,0.4209850740402544
-0.4113982887030352,-0.6736036796381836,-0.5009809167463068,0.8337984538075989,0.3671711427448257,0.6208483170118555,0.8027623744495891,-0.15400924062989935,2.089169488705758,2.8833288120313942,-4.012492469947874,-1.4231609300510033,-3.6625253980643153,-3.244389517582474
-0.36596766611400655,0.6164498590489345,-0.4507595599581824,0.7500349121486102,-0.599025728468644,-1.0504139703966286,1.320885555271578,0.6849938732575125,-0.45862349483215625,-1.8645456070823503,1.898186478681648,-2.0205664293282175,-0.11227543003138905,0.8940009458930404
0.9499094039746269,-0.10965510694037514,1.64395755120735,0.9857243120692353,-1.465362844198408,0.09804431914397656,-1.6816810304049987,-2.075672366008178,0.969485652903756,-0.9062495614845193,3.617016601759589,4.641248100128043,-1.930888440101732,3.680777114610577
-1.5707682852025706,-0.9028058096140003,-0.08570044745814068,-1.5887105360248583,0.30425953865087313,-0.7778504253916485,2.1868076862169232,1.2750204519743837,-1.7772026033650052,0.5492553575945951,-0.4135006828229117,-2.1570819559354826,3.8888300647523852,-0.5521844662781288
-0.99249538895289,0.901856406493868,1.19774454340296,0.46538731953621676,-0.14415689451644104,-0.4705759166176781,0.6418634688692445,1.5081343630309803,-0.9864768898910969,-0.5953725419699353,1.7633987558134196,-0.23831221636549174,1.0027536315276595,1.9190865439481808
0.24090827232710962,0.39385217727973587,-0.0434168056251491,1.668293618365002,0.8858192174817536,-0.16921960622587612,0.11118679669412322,0.8542039116147603,0.8209972097403685,-1.9210577785015464,1.3713306336637692,0.20935400409863303,-2.7594746183133414,2.1103998596067752
1.7834055309742807,-0.5883725599613064,-0.2740896030584535,0.7629416393528936,-1.481048024293403,1.4084533405771642,-3.151772455142984,-2.622265606672185,3.18845988694061,2.8280803375487893,-1.2553712066407237,6.480997694088299,-6.549000809410624,-2.1103524163224785
1.4974918338156615,-1.1782195662739159,0.37600089379431145,-2.3163501734428538,1.3620845699157573,1.4037395343814154,-4.091620712026023,-5.367759974111156,3.4938638012836005,6.159852533446725,-7.191900693374952,8.864800774152242,-2.0630285847429297,-6.848300173654513
0.5268502120739937,-0.48145002277728444,0.25828354399114783,-1.290796154958387,0.050400843309281365,0.8146257323966674,-2.4864831500790214,-2.014699285804046,0.37263421569364635,2.147307936572465,0.03404297160480133,4.383346402693961,0.19639621914437713,1.0411149023023816
0.962677796847043,-1.0946930978614662,0.6785923762169283,0.30976603799993463,0.07138563418738009,-0.12707351730517288,-4.360334403456063,-4.487710989384124,5.120833312843796,6.003236964391962,-4.716778464645508,6.588543071195226,-7.977039260281148,-5.56534773342822
-0.5807679488627725,-0.07163721230385886,0.74646357287109,1.1443595431274027,0.26182967392635453,-0.36668035717761205,1.5391259429711897,1.6985295291140707,-2.937229899779388,-4.0462603715870245,6.102958547850631,-3.3236657837229395,2.895474191693642,5.651952098976251
1.6964705366679527,-1.9336117858488222,-1.8481111619274844,0.08019437268631696,-0.6625615211180622,0.24278842612583587,-4.389777306335821,-5.8052486561459435,11.109341500636491,15.415127407262139,-14.229106595218122,4.771114214509169,-21.430896083146198,-12.095105526732928
-0.04853737754111672,0.1544419472935376,-0.11200944413288319,0.720396385742848,1.1220821268913934,0.41752355323803925,-1.2839853017033704,0.09592507639313248,2.4630925908793437,3.1672970044313056,-5.452518768006901,2.272914956632008,-5.420402899300579,-5.893138737790216
0.8731626271419158,0.8898725464208938,-1.8416167774291146,1.1169583642104288,1.0280022373659166,0.5159645708172111,0.3966588765050369,-0.08462953268802054,2.6907664131559965,4.22226472696839,-5.683823792330529,-0.40086127891528806,-4.501273613652118,-4.145081505844426
-0.4770497633169409,-0.4588915662049595,-1.8612244863566363,-2.363637166916447,1.2970080925437917,1.2677900826541229,0.46043334737863284,-0.6099818499265403,0.6150232502710733,3.15231744775421,-4.457039293101838,0.5081080516199749,-1.0899230707007372,-3.4872206156096044
-0.20954665760530158,-0.3466236656208895,-0.810469730180601,-0.4438280659042403,2.8000118877495197,0.09109726942852717,-0.9441895282793756,-1.1398861192595982,2.0337574153948075,1.9237608130851591,-4.454238208892534,0.6046229184118779,-2.2073320699147727,-5.307674338558551
1.411660395903998,-1.2078911511003354,0.5387762293765448,-0.9005706081588378,2.867578048137694,-0.6378284865432992,-3.9590655338694325,-3.9664885445432914,4.4111365832889655,6.51825416876275,-6.726004362687934,4.764407727448633,-8.290321366194679,-5.790372475553124
1.2700863390255275,0.025915187058149214,-1.8411671701743242,-1.2479930346604002,-0.2594516834601851,0.9119436631523568,0.13264991492458678,1.8465966596109198,-3.721844359104257,-3.3082518170069024,1.957021978829091,1.500636281356111,8.432271827168625,3.0180293303907475
-0.42754610555415185,-0.22718193354309482,0.9641222157687,-0.5543476371504032,-0.07665030986627147,-0.9905056439952911,1.353644181910781,1.3990765632164155,-3.546181040516838,-3.735781120312185,2.3561901457954386,-1.93223902901157,5.34904440552194,0.6275504449309649
-1.5489157216477303,-0.9393727293294567,1.1506982103071168,0.3230525710491315,0.12308211065116408,-0.6939990815578756,0.6753352513803801,0.3095921531161597,-0.5833901518833617,-0.48698735995628495,0.5636659708109001,-0.9969992939347732,0.2078373615104768,0.1979985933945112
-0.5322501920785997,0.5818438354957001,-0.013491537540715656,-0.4833698625108769,0.5546257082419122,-0.5433563819642095,-0.4484234256710163,1.199826581052501,-1.072873086937266,-1.8446778689901715,1.513607610050158,1.063188095088939,1.9065423019784824,0.26858330034448125
1.2522103132657656,-0.6617259472081632,0.8440493708570622,-0.3128217528656732,0.9826989548330273,-0.6700686734718726,-1.787020979894293,-2.0642841899967808,3.166153099719223,5.4821750891785745,-6.479176037439692,2.7688122245858966,-4.267615205518132,-7.400690587436239
-1.2987047230935023,1.0198688362413857,1.6853534248407014,-1.3027515588638332,1.5819119395366914,-1.6448970745165468,2.0696598221886733,1.829249447298823,-4.720212161629494,-3.17772326763058,3.2176046321150458,-1.354906708820163,7.385711866262246,5.4320146906304885
-0.20190591163360774,1.6293373187504798,-1.168007571133204,1.8774116495828745,-1.2115645188751323,-2.172099899831,1.9797091213712235,4.436550986622894,-2.7014165352406243,-6.410258183988776,9.359498514873692,-6.031003933555519,3.641702128236263,4.98159113030464
1.0911361947173475,-0.8901182030869538,-1.244617748300294,-0.9638189009885272,1.407721003098651,-1.9980661965549589,-3.302582611906496,-4.292848968914004,4.742168837982252,7.2032471558674604,-5.059500696514354,4.234102997571291,-5.483328890763897,-6.5300871375364276
-1.0322921237958982,0.16253935132767977,-0.48886242450367273,0.9314187564757037,-0.48676396793603116,0.9239479000107044,0.8545530178434866,-0.13023571507102688,0.9664874214752238,0.4266305816128424,-2.2124924512705646,-2.214184436419342,-2.913339646072285,-0.5987930590665422
0.5840746384270105,-0.4481193669038949,1.33596085029222,-0.011962290835826457,-0.046350652812396316,1.5315607515155425,-1.9424324802324926,-1.682127993184603,-0.6159387744678189,0.019826180647065646,-2.88336981861368,1.862333700921472,0.16022628007576525,-0.26265938216592505
-0.2566797314868455,1.1722292144912334,0.5205195902779948,-0.7917375280257246,1.1668583740182275,0.010833665481169236,2.3899293859736295,2.9402333362607274,-4.417099821878743,-4.99465087825514,4.020945802901511,-3.196029515777587,7.485329257437081,3.977487582878846
0.5478253673012728,0.6862238858534465,1.3645157067785207,0.3418115093289614,-0.7501609259516094,0.30664253771024313,-0.23028376983569734,0.6861901626690774,-3.276757576328437,-4.909626796571888,6.961830590367233,2.578238611289282,3.5904657441410732,7.082250190850499
-0.1987712067629918,-0.13589478366689853,-1.0334341364112323,0.6916904772454163,-0.4323404637390302,-0.28488405038568565,-0.45059622637137076,-1.9178402833581356,4.975042884506938,4.954729841745106,-4.5842743478946915,0.35823042424263923,-8.350750501421363,-5.84974833508451
-1.0918033622520489,0.64383048053633,-1.0015745522488995,-0.5547166658790966,1.167351046267394,1.9706807688953356,1.9803036569984953,1.123785106915545,-2.193687982625865,-2.5123172179573796,-0.5731545219657032,-2.4072444511649453,3.9006974952105,1.631105747823867
-0.37909226887424236,0.03964145844698337,-0.4017012796135382,-0.047800166134666595,-1.4106495052784156,1.1330649855153296,0.5351609279999214,1.681025788284926,0.934828863069699,0.9916856059461555,-1.6454593399228665,-1.1715810446126564,-1.4408943642112235,0.12330029759400422
-1.4757966602008474,0.8557098727228984,-0.8086947242908962,-0.24359177459739378,-0.20891331070439573,0.05081388352065523,3.878982835974573,5.529743209625382,-7.285962161082553,-8.428049058601328,7.981293053311132,-4.951065048311148,11.83344032592222,7.808335486238429
-0.11066190995933503,-0.4844152899173132,-0.20767999784600338,-0.7756872980512298,-0.6059214399794259,0.9864784508534309,-0.2840084350311075,-1.3468196662386556,1.0603628425614489,2.7649711928616187,-3.028612228063769,-0.487208945774003,-0.7645329272624489,-1.903767108261598
0.02729587955415625,-0.6367039064172337,-0.6296307979644751,-1.0930570218481914,2.4729688257610745,0.35178662616512535,-1.0345545911182679,-0.8525259291790035,-0.7256068692403895,-0.5429379718978107,-0.6245022396074579,0.406286608543513,3.0657122117637132,0.3671944653367118
1.1448397555244778,0.8993835214002768,0.2570550943993581,0.29718309731823733,1.1240018422823888,1.1762941372016278,-2.319650053448931,-1.9230795719063887,1.9270021075230335,2.582401842690824,-4.840090763279257,3.8548527943200943,-3.3971524951231165,-3.3651746811433116
-0.6947729779991325,-0.7919580677683679,-0.9693026890746504,1.0677384194853132,-0.36136740896930697,0.9830072499668111,1.0294022736047808,0.6971803227437623,0.8725930705777439,0.08800584976183491,-0.8717734106448619,-1.4278017710419013,-2.467545110367724,0.6160420163882119
-0.501017802879265,-1.105032571953089,-0.4299729764893749,2.2294212512131515,1.6056928016548173,-1.2266024710002166,0.3503149462045567,-0.36675601967862814,2.725501200588843,0.7873724369014932,-1.775582119869566,-0.9158849559768505,-7.440264436080792,-4.295297313086535
0.6616279886077638,1.0209796826629798,1.6594691828927977,-0.2944818957829695,1.0878756656372675,-0.6287586614048006,0.01707241018960275,0.28440010219116996,-1.745211018160126,-1.33004249427773,1.2980273853297335,1.3618514324254647,2.362331518125755,0.07985788303461998
-0.7121034088846303,2.1996018179571024,-0.40365696991805466,-0.8641420148790738,0.7067789564180104,1.1043393835239121,2.97594344313354,4.180529068019769,-5.613901552779277,-6.075048370859528,3.644117716708492,-4.462330715389513,10.020261849419425,5.195021112736371
-0.6347434133205649,1.1570111415998785,-0.6185874559069293,1.2841260570424287,0.27516150085938895,0.8502364329513256,1.1550483206728117,2.557500030608537,-0.8676264206310883,-1.949106888540149,0.6481761921375423,-1.9323972468747461,-0.6134097911741978,1.8088660973224873
0.6799675349289458,0.36111558176460856,-0.17572154688969674,-0.6035150188445169,2.176129361339388,0.014500334282149818,-1.2631406383775396,-0.6834196330234255,-0.1192507868799263,1.9753852671246415,-3.94686109630301,2.3077644121211356,0.7621941892852386,-3.8084131790043205
1.769819346711832,-0.3824577868776068,0.8871403496668624,0.4706685350045762,2.143016694143335,0.7716449958799517,-3.466287570740478,-2.4101315394448455,3.8194988229869975,4.212577405022949,-5.092898982345329,7.667234752973876,-7.635701150626571,-3.3127040464042214
-1.4551858561459958,-2.6558008838904743,1.2099365567232296,1.0899071209904283,-1.14159588953789,2.1124134990255152,0.30097044627735364,-1.5407424462184753,1.8243283944351991,0.5568307780954828,-0.6918048328818871,1.90058965667763,-0.7334857095338817,2.9524663928023167
0.2065767884889936,-2.6580118923861944,0.23082785698127525,0.06596949423427179,-0.6726826845485477,-0.8928773144061853,-2.283243492023774,-3.3778547988397585,3.6960743896104145,2.662133362613988,-1.1802991013144304,3.7146957490752373,-4.812417524442896,-4.338723699166431
-1.2517100918071677,0.21079303690127132,-0.7640893715357361,-1.754651932008832,-0.11774331819060126,-0.5663846844864694,2.3978037729095125,2.0895411351289317,-2.726436090372132,-2.1643614962209696,3.6011559833013393,-4.2189339560210515,6.87408182317471,2.2299576311869025
-0.5541965687687503,-0.5287254652635545,0.46154642187546685,-0.3941510298171032,0.022772530238684974,-1.2817522812778002,0.44256868367359964,-1.6138461725468465,0.23261704774007097,1.0645806119055192,0.044302491221069294,-0.9295228066624742,0.16300271339761682,-1.4709569255742976
-0.031195979838457844,-0.9321386923460686,0.6391759141118825,0.09782653822664127,-0.6416243224284012,-0.29457979209240126,-0.4278434504652072,-0.34205308814437885,-1.3754959995830507,-1.8963447403345872,4.664474720291436,0.80664419134152,0.15784542859422754,5.011088874141197
0.8074866425233518,1.6024837985132685,1.3127458228388678,-1.1431057116454328,-0.19179378357479315,-0.18519613512658872,-0.972180587060551,-0.8007974029276477,-2.469095444107672,-0.541400440305633,0.911064758815944,1.4901915506155192,4.498649561898203,1.5358915238029516
0.4718159988026972,0.7041038243322647,1.6252990587204503,1.2196499595628993,-0.1309533791946376,0.5453008684735384,0.404031593727483,0.29835949194955536,-1.3935490883659047,-2.144371541547869,1.7604700729589409,-0.08857456982024985,0.6845816532222536,2.4519243606882877
0.0027568342450941547,0.13553221906914983,1.1761243686166303,0.5075371090255674,-0.17068160277518107,1.7025243667936796,1.858593835891538,1.4141916237235064,-2.2241211814430613,-3.932576372860277,5.109218807585862,-3.431875063074679,2.1918245685322435,8.003683981146267
-1.1245916345020244,-0.408725973160056,0.3114477492666992,0.16329862636110812,-0.9737958834948541,-0.9719844492558619,2.837935977471154,1.8148608712484893,-3.5572609644750317,-5.022421087119596,6.15696542653643,-6.104692949558908,4.491050112762209,4.454960582331585
0.5553289472240281,-0.14893063187568392,-0.4998307423010346,-1.634393759824667,0.32170626685191844,1.4154922683501234,0.09392735419619636,-1.8920535439861028,0.10130783657747647,4.238885346820269,-4.203760271134603,1.022396468414748,1.1238008397095791,-1.945380242049189
-1.1310661685376058,-0.706064005630763,0.7628089720927042,0.3034787756870035,-0.6884113142632031,-0.012414267311672906,1.3025163529742512,0.8872182209385276,-1.1489435184313572,-1.8171535475873128,3.507818270698338,-1.831907492481136,1.4704515458984047,3.438440684370688
0.028972074953326175,-1.269994916671826,0.783398689147067,0.5893434551874597,1.901201171553441,-0.8404226314581301,-1.3312242653798074,-4.312896424209659,3.637957772206635,4.882683948585932,-4.843489858189612,2.3159570743464233,-5.864534548754036,-5.963453861356089
-0.3483915682381927,0.3246446231620546,-0.5167350106060765,0.006779443219457594,-0.01095612303314408,-0.17184457852572074,-0.20025174862021855,-0.09829123853913645,0.2158915412230117,-0.25333544523523377,0.5627613458220684,0.4204883912628849,-0.49338726004960787,-0.1022286689770636
0.8718539299764195,0.7770254795114265,-0.8016124973041026,-0.48782886441436457,-1.6264993747322425,-1.0477378108825002,-1.7505033717679233,-0.5805015104770339,1.5147494485555215,0.6889990747478325,2.341147827571837,4.022235644500341,-2.534921408244401,-0.22375956920637025
-0.7308027144265316,-0.1068928745582617,-0.8122894945805239,-0.9263108353520334,-0.7071459514224093,-0.6960761755473374,-0.20358019061515858,-1.0550597167197944,1.179646461896379,-0.4015545610412425,0.601201019491105,0.3815959787722397,-0.8619449659515382,-1.0464738866165841
0.6106156063616033,1.350571050313032,-0.8279089476686805,-0.9503485710329976,-0.7848042801321282,-1.4680396977675685,-0.13012810076026532,0.5353808883755765,-1.3237667586874333,-1.0135379287591824,3.1551966443676096,1.0657405144188004,3.418460649269761,0.8637852452097857
1.2778349756064624,0.621644541427816,0.23530947051970824,-0.3127364645542169,0.015783313407037043,1.1041463680934613,-1.4505970292965336,-1.2140701329996708,1.178652326240227,2.014599605541038,-0.8374947664604183,2.741584297052226,-1.666524809540048,-0.05638442131042132
0.4855264041839526,1.3123205273335241,-0.07879981886373945,-0.3610403698055658,-0.05440060745071648,0.021071173433554836,-1.166910832858749,-0.6158712857592223,1.236662795666858,2.3268666693648483,-1.256095861799922,1.1943425351503434,-1.3414641461253507,-1.8409928689570132
-0.48638536249869885,-0.8863386635808616,0.3074620399090772,-0.600880055079336,1.5237183822028515,-0.4773610213571557,-0.10311605677038103,-2.84608632963416,1.5822945002965267,2.2152494418181585,-2.0194110562491376,-0.553810715817091,-0.49533585273218084,-1.5671577613536407
0.14529906344325585,0.09665310119771066,-0.4307880809926798,0.6510525601330345,0.01485642092867738,-0.1607759570220358,-1.793136237053717,-2.3204789374842325,2.349973251139705,2.7160875928606862,-1.7028213768237122,2.1607532190044814,-3.89962011767905,-1.9457968746617336
-1.5681970930956695,0.8490266330907514,-0.9866136954529409,-1.1669762359800273,-0.20078115834925386,-0.036375176369548866,2.208104895987598,4.3668972601336185,-5.713219435807902,-5.931053629385448,5.215511770895714,-2.460355062465821,11.146805040532039,3.9995698577237353
0.9631102410781687,1.6668402198535617,-0.1283387186207239,0.7544023541883528,-0.26645311543149486,-0.6260525753603328,0.027840139969208352,2.4979045524661156,-2.230375154577844,-3.7141374503362115,3.160352632526167,0.6758481498978423,2.4688171259830387,2.3691338688583494
-1.845995710626374,0.3706004707149468,0.9000608410497847,0.2826824100846674,1.0670499597046015,0.014311455910054543,3.41417885157125,4.196432395248549,-4.193915298602893,-4.062290064692326,1.8260158560636879,-6.94315405028975,5.078660710518419,2.2240791992964093
-0.10416732145914627,-1.6108576928565312,-0.5977409927990015,-1.498658058531756,1.808811879076328,-0.47734984289207716,-0.8337631178840342,-3.206502249046788,2.7350731977996237,4.304318005784207,-5.621820442121388,1.2783321130007392,-1.1767557141314777,-6.811762560805396
0.26397645309186485,-0.760263529298761,0.4781865057356654,1.725431109144714,0.2702187611232143,0.7516966648420496,-1.8745984914297753,-2.386170237370672,5.015096929876666,3.826079618692899,-4.162425560100037,3.5653178257054456,-9.370897763037327,-2.7633223492549996
0.5398175946810478,-0.1766532535720348,-1.0083461285936066,-0.5545197753917155,-0.14463254553724678,0.7554532633508869,-1.2456419747415042,-0.98181718842966,2.7044207081832563,4.229025657091909,-6.238077990729149,1.2753876564503817,-3.373043661028758,-5.362598895592962
-0.7692513041493035,-0.4981983285129328,-0.5515192365293519,-0.4254328676857411,-1.4915646639427889,-1.7974007610316112,0.28230114067933165,1.6043436174984331,-1.9121083426923227,-2.5806456090036947,5.225182903414222,-1.0152645969089844,2.8399750285613905,2.7956443534931577
-1.1249107020723792,0.9039178330733727,-1.4134018203119587,-2.1844876495896592,-0.9847761943556986,-1.667100011313057,1.0910136312102077,3.269442329715232,-6.2448587849012105,-4.987138478608942,6.154135925570802,-2.7957086767761643,11.936932992868615,6.808927020161615
-1.0084987053796017,-0.6221302344479486,-0.48847427538400195,0.41474019321378913,0.2473318976922616,0.18746833484127445,-0.04024737714573601,-0.5083320758769045,1.9063930718476443,1.0023623043457563,-0.7320665322551348,-0.35949908862949864,-2.931237653998233,-0.506383674656254
0.27611051798008,-0.6553785325676115,-1.6356493575411923,-0.873992571851492,-1.116590315630222,0.06645178069400823,-0.21496084888896466,-0.31294518951801104,1.5557012690990215,1.9512332756587973,-0.3173599643950148,1.0171417235541473,-1.736674182435937,-1.4732710317840179
-0.14191202133682002,1.7399221651922898,1.188905675698209,-0.051843288490402574,0.04783973753971883,0.3446482092287574,2.1075214945974756,2.258130748787841,-3.0857140016892632,-3.78518755288273,1.7481485143362623,-3.242034584694248,4.297411460395891,2.866921544702156
0.498057006530421,-0.6194103088450817,-1.5983114713985362,0.175338823251864,-0.47065616605455335,-0.804682938554,-0.11802345763475418,0.45966767613885556,1.473669796109693,0.7388933570492525,-0.055899200913917514,0.46888249920008684,-2.3077809912865255,-0.8774845567380913
-1.3227750249246846,-0.3021842776801498,2.2054555096138784,-0.4903346734829086,-0.5059680988609753,-0.7423177866532171,0.9507662243986259,1.2044963112046052,-4.081979874083268,-5.369912156515429,6.162476201046002,-1.2344433211435266,6.988533419969192,8.427336975777752
1.9698838172521278,0.0853186208667025,-1.349116975007837,-0.5373367342297659,0.7763043101182684,0.36355662126599275,-2.462674031374524,-0.4992057425730829,1.1735337941169446,2.131514659911045,-3.7428624410633256,7.525058108006846,0.699248816149487,-2.4659600744487578
-0.38346367234811723,-2.1023241196168527,-0.3044720140639722,0.4031526339333285,0.7340767401436523,-0.826536334781132,-0.10249422201627174,-2.937583526330609,4.28080429420557,4.4627313261808474,-3.4940727596887537,0.786798572275829,-6.360236548002358,-4.8208313121631186
-0.7852915859456755,-0.1006698497626941,0.7474141519852812,-0.16601406163677504,0.8977806582629443,1.4180583844061734,2.182048178818347,1.8627849989123626,-4.210358630726834,-4.840898329621895,4.077956425099351,-3.4225045642813217,7.065555111483483,5.708941458368221
-1.613605616830342,1.0113095680719097,0.3968029901758429,-0.4447659041396485,0.12977332254224527,0.06058704031074555,2.2586212883252257,3.2320932186011726,-5.526581028181464,-6.961758468646825,4.627007820615131,-4.730626916720816,8.723384034337306,4.986832914960731
-1.046103121816671,1.4465823613328979,-1.3993902718038196,-1.0484716378065237,-0.8431800415474864,0.32593822954264734,2.3063842925317757,4.650861049161114,-6.167113663930725,-7.738214545623732,8.558751416471875,-2.7337298532674836,10.256126813207269,9.369491475644226
0.17061375067281526,-0.4302350433304758,0.710704230611019,0.19661181827069038,0.06692293471971479,-0.7015925633806772,-0.7378054308507498,-1.3737855491773454,1.0832234986279177,0.4172299185396486,-1.0827899422576075,0.7573825003923006,-1.7994242016555002,-2.0684354191890857
-0.07169900740212654,-0.2778503949449234,-0.7014425128473455,-0.7297382837139781,0.8416319478295614,0.10602774635924396,1.8631207158215097,1.047885573913809,-0.6421511021548786,-0.777419410194998,-0.826183744642254,-2.673007482431538,1.3905781333462783,-0.6969163170050753
0.25994698825789775,1.2843907297536716,0.5216062377561967,0.09443941739361178,-0.08423965799804113,1.3956335009235838,-0.32759490782610456,0.45705668123760773,0.8407512010958862,0.25338282587296307,-0.5425596827728495,0.7533545374847261,-2.2942951573199903,0.46101717238019957
1.9183384967579347,1.8576439522867874,-0.5563438695257019,-0.4573017207645278,0.5234308883913364,0.9202290031436022,-1.917657091019136,-0.7202450219289147,2.2886390321383954,0.4995844003189711,-1.9457386572098254,2.1061538012709207,-4.782907002834802,0.27819500098012534
-1.1047398994162412,-0.435226879966648,-0.6347031118991854,-2.1285666893305457,0.7179993517588498,-0.5104828680842635,1.069040571748687,1.474377837726949,-4.798038177873737,-3.3636791498371124,3.1798009451350375,-1.3386097313241134,8.043387965931005,2.4591023924998363
-1.7450216924230404,0.19006972227581945,-0.01161793912983673,-0.5212638169540719,-1.109518916697239,1.1199860215632493,2.700140553063516,3.167307187367535,-5.413865404404637,-6.6630145913051,5.0623814724494265,-4.5579975324146735,10.16278675862803,6.0766310117609805
1.9415094379050943,-0.3990393193998258,-0.2327923879632983,-0.08745238640700234,-1.6328218984540268,-0.2088603013980581,-1.9520246468941522,-2.242473021448054,1.3857448042547114,-0.15308880613399456,2.4815426117263786,7.735733574646214,-0.9601864891265821,0.8227015336921852
-0.05093183668377388,-0.18712667446097378,0.15725950811378223,0.35852232209026497,1.0208888761612884,-1.191613652288348,-0.19911091659360658,-2.4407734310693088,2.3191172069067094,2.2071642523976425,-3.9448561284036368,0.11535214657554078,-3.607576129202188,-5.58777447444951
0.6794880283794318,0.25774262769737033,1.193693000142815,-1.495403111422012,0.7609084555843503,0.9717599291796526,0.538871644751942,1.139267496019253,-5.763724613038937,-5.924848142417537,4.709220992188736,0.8412519930728344,11.187080085037442,3.743518175383902
0.5334635183812878,0.015075296429256963,-0.8496861187639662,0.05526021520098762,-0.108445103846891,-0.10844936491893456,0.4905997871236825,2.681241435574048,-2.7643324971203502,-4.712218506373189,3.2513236628773945,-0.43306710307350493,4.809536570082397,3.756280861941025
1.2068485383902257,-1.366748700232485,-0.09451816508760691,-0.41501438286954406,0.5451119946543254,1.169039509269159,-3.52891795015321,-4.554881106825857,6.491625171870665,10.220194391674326,-11.54189261534846,5.912465816939367,-8.371339856911915,-11.51247293346454
2.0865975534588324,-0.6839801397177893,-0.7461726099113178,-1.517896682133809,0.692127710434176,0.32310236738407944,-3.902037239732934,-3.3269088590469025,2.888502797640478,6.469814426235175,-6.911150350182668,7.982061328034371,-2.2572572904596346,-5.148850267454694
1.3418347932673287,1.527172804507849,-1.3938227471867635,0.5732438154748004,-1.1022592512000595,-1.6557504357725477,-1.9585870858514591,-0.4854140520293157,2.5078951283626196,1.7655979306344542,0.635083796635263,4.740481244408607,-5.2197918527658045,-2.38761147426885
-1.1523663313858337,0.1160532842905039,-1.8581850106889755,0.4923245383098744,-1.422794220706374,0.5978420981150354,-0.3795476211317787,-0.5282194679510431,3.879895566405285,4.449671788534286,-2.428487151487101,-1.457298521348606,-6.620844453914275,-3.5998787457518384
0.5757000080900693,1.238588622269792,1.3450925566172487,-2.628953613537091,-1.3886566433952259,0.7459671482075906,-1.1629131237809596,0.1354198128405489,-3.630092402255159,-4.054347699501214,4.571605839904388,0.8149262568086095,2.9764978263262014,7.80459268709553
-1.473525739471708,0.42853257114800697,-0.8898661821802597,1.4399596039162952,1.003652605259574,-0.9430258379229485,2.1429868612223255,1.1954676497086967,0.14530618204411216,-0.27361201006766994,-0.625879010789283,-3.021344677072094,-1.1971363496814014,-1.2315453157166936
-0.6782554532232867,0.7661965997468524,0.04557626471491156,1.7546822672777231,0.2094560658657066,-0.696320286460661,1.3865684194978973,3.6827547720467146,-3.3574739770089943,-5.582712464682002,5.162648770320379,-2.209218709961279,3.6400904325784036,4.2174322146397385
1.0164570399062978,-2.2134584221486087,-0.4725176875970166,0.12713969210477022,0.2518439561946387,-0.29514096046922766,-4.062528339182358,-6.094478501096114,8.234929707743886,10.550754134442329,-8.640932340495858,5.3841776857861845,-12.172697432934847,-7.667932827177601
0.20062490139880465,2.8385090816118295,-0.11614989697207984,1.0793929128572426,0.45401088355619956,-0.6369348879833862,1.9648828384459642,3.739015374737977,-2.4856598110748824,-3.3902348569828087,4.048517044196514,-2.587863278619601,2.7557638745050226,3.47257265176224
-0.1850248725546077,-1.566796539902023,1.020429968786713,0.4236830256497457,-0.0607604970301407,-0.7810117624040142,-1.513061782731966,-4.475421207516227,4.217139383264884,5.726712344445119,-4.886184282390643,1.2407655439426548,-7.309926421206163,-4.8193171299533315
-0.0010751028606765575,3.06448103301046,2.3871970508268894,-0.5146175150878247,1.0710780254781318,-0.20851265106185798,1.3247293692416386,2.5060030840104432,-4.882939228891435,-5.130693099600232,4.010783388891215,1.8532356665891483,5.227902204984722,5.923277477661225
2.090574181948829,-0.5542417622135718,0.6433397898672739,0.10659910634706293,-0.3627923338964816,-0.35462662124903704,-3.484962158351987,-5.1445682382639895,6.111480277679991,6.786124396546302,-6.311038005685812,7.2450330614864225,-9.310329043133857,-8.080160340828659
2.029254334959433,-1.773735910857476,-0.487778423458563,-0.662738966343543,-1.0265111285467443,0.6344984084482624,-3.242243038548556,-3.3210746575838317,4.027866159466994,6.443272546733414,-6.6103047584878185,6.407763720547582,-6.130282169290721,-4.906953443852283
-0.05294193329558559,0.8765793419690038,-0.9496172814008359,0.12142087431205933,-0.7166020009196284,0.17211113036381573,0.7194736004820894,2.377397698415467,-3.7010749120635866,-4.943807816549193,4.969904083802964,-0.7588581732137987,5.498908608670752,6.043192443791436
-0.16834632599168975,0.38934825896170433,-1.9946712950945806,-0.22932000832694127,0.8929899407169515,-0.6293867541232919,0.10166292073968382,-1.1384233080710566,2.550029684613635,4.218675422503291,-4.754904010629917,-0.42805633663109804,-2.9563406232316067,-5.885751799421122
2.0608534305487782,-0.5870904769315477,0.7099154686243644,0.4493831460493148,0.4218513958593446,0.06544613815221108,-2.924435254753359,-4.298241895886018,4.59608603536281,5.7339753481563625,-6.019696088799915,5.8766635676722565,-6.816762800207562,-7.103925559453847
-1.110975772060916,0.11731043371116091,-0.8027551197459021,0.3360533109988397,-0.4796780396088542,0.48308805252508186,2.932706045530641,2.5606923834449913,-2.0875407567439996,-2.35518269369695,1.2551466238768592,-4.660994652577522,3.1406104962380867,2.026371000009759
-0.7982774563740467,-0.029459345729347105,0.4997279468395773,0.5372577011871718,-0.6734553213031796,1.4259917886553048,2.0952012421737907,1.9868796354051672,-2.620263878739164,-5.0477864940694674,3.394123099175913,-3.28113158656883,3.9356346438501038,4.765871024981573
1.7988870821837672,-1.7385599084706014,0.3835766404182641,-0.43569560856946693,1.6813846000121084,-0.06736584310550751,-4.0247325144927855,-4.209063015303563,4.5033209667968,6.933760526776462,-8.546933039383061,4.45776759806979,-7.891315332462361,-6.351319730964237
0.8131675571746554,-2.3958353954511926,1.58607824538772,-1.6888667137725148,-0.1218730941279374,0.7649324536132277,-4.474528278687865,-5.72179793863709,5.174356639857896,7.781909347860274,-6.764738861332919,7.852471589845592,-5.473846761932098,-6.579588011848995
0.1977583162904095,0.4789691901467426,0.3445130081430419,-1.003197396094653,0.2700651520302841,-1.0516139256107642,0.5300340463614884,0.4597705790232253,-4.99979295035096,-5.681608565791535,4.892848190690945,-0.5263882209643542,8.26434311517946,3.9972545648079865
0.5800062389554156,-0.5792629613512217,-0.11288198635595911,-1.417505727226456,-1.4670830666250516,0.06768807676238787,-1.5829391946123126,-3.7497718570665333,1.2382365864379155,6.0713612007141995,-5.471761976801605,2.429914878154494,-1.6220989531190042,-8.06889524476525
-0.5904104107773891,-0.6258843059218829,0.4594882752880654,-1.1755348529904668,0.2662878498661721,0.17581172873976955,0.06951184408805357,-1.4142765103951742,0.4012540672017929,2.2528882977539837,-0.23830324055627003,-0.7665692656527583,0.46404200556833275,-0.16183244268176272
-1.1196540280136031,0.6662160385931044,-2.0206825705627853,-0.6994831255818408,-1.4927376049987207,-0.8232369775404106,2.2319344147188946,1.5556457370922832,-2.0858369169663513,-2.429692116401037,5.4331613027958765,-1.8611824375960015,3.274652537201293,5.08856379853356
-1.0694609690998986,-0.9281504315124647,0.062210159709490793,1.732502775818378,0.44290591872577534,1.3940122184854038,1.175621569562974,0.6701282976500474,-0.9974622757412377,-1.2394425577750026,-0.29239585139379926,-1.1204170491640884,-0.40335479152047815,0.930240501424803
1.5537469993518997,-1.3886169650819773,0.9156503779284172,1.047388863016942,-0.03604913179941085,0.07374531462708375,-2.45433801578376,-1.9826708303509588,4.385384858304915,4.909902287490943,-3.9808730429066976,5.771495716988899,-6.121265167305683,-4.02867505316346
0.47827407509537306,0.991182264839318,-0.004377181282583452,-0.19341031226590039,-0.6423968479236404,0.3459579674483828,0.2181589866734856,0.8689872636323135,-0.9205776878235206,0.08077150249111995,1.3857618322897116,0.1313891672515944,1.2575095851439606,1.4445970147599592
0.0010643377982466704,0.4495358015159692,-0.10056625259145248,0.3301347373253706,-0.04186476400289021,0.16598761085231534,-1.2359644366865785,-0.2273490809033339,1.942143265638441,0.9972161387756543,-0.9545704362335822,1.8051014874654983,-3.4853023257663924,-1.1576512161772277
-0.5294856281002963,-0.45038190745982043,-1.8787156548339394,-1.0540584388076568,-0.016507638075643802,-0.3329154478153754,0.8440198474018579,0.410706264372546,-0.2680937112995174,-0.5261820502981877,-0.7508618961784833,-1.4778547752174103,1.1246831576353602,-2.1472576059164394
-0.7409589688205492,-0.8034541188343768,-0.7790816159262682,-0.2342956205003815,0.3211694518851135,0.9808263912851637,1.8793040554749212,1.5091680818510254,-1.5854422768177903,-2.9099986018603694,2.194433802095491,-3.36310837768661,2.5648470415742177,3.6264286866774524
-0.49300536016725743,0.6270675264287249,-0.13003445012905748,0.07196064056758325,1.8395622056849048,-0.5114243466973422,0.33201550477447184,-1.351090248224645,1.5679510558210383,2.393832064779036,-3.7823857930375206,-1.4699695619922586,-1.4518680238818817,-3.4410822914857175
1.5616000987692171,0.32867074634360893,1.5753981111525532,-1.4628559789529927,1.1463502606099105,1.0717329810884764,-2.4505999964020013,-1.6955713300596267,-1.5098146750733503,-0.3138805183513428,-2.033700150739409,5.434170789605628,3.9179589120230687,-1.0403109103215549
-0.4493141781802408,-0.2888965248848503,-0.6899233671572571,-0.18805566639944016,-1.0957633449015443,-0.3008907438608299,-1.8979959129559367,-0.9928934543045583,2.986932176666087,2.9164346299862838,-0.7678154357462742,2.607670523824352,-3.5974412516432044,-1.4369406492040637
1.385827282901632,-0.37829861612961635,-0.09370078859730521,0.2775741899191332,0.3076833861147425,0.7324156782964187,-1.7489394677116081,-2.5896434820737673,5.2242967598551315,6.861237858036103,-7.445571935913101,3.231083644361759,-7.843955792230855,-7.5000082598369415
-1.2638189495940904,-0.10889374806413028,-0.2236367983210555,1.7502043874691415,0.23973340319512193,-1.6001592509154778,1.0437481261379655,1.5956818951358187,1.753031027157659,1.7726034400312627,-0.21621173359589924,-1.7269411910334325,-4.981332897703221,-1.9014159989291468
-0.5467017256322734,1.678660009667119,2.0497422066499977,0.3169372012011971,0.4164095937395589,1.2703227998139384,2.9480985487748206,5.0241642952869325,-9.575016934412744,-11.082089541635764,9.952104895223245,-1.8966409689963912,14.284144969640924,14.178568055342756
1.2674684389388622,1.5304093289335992,-0.7806872444753076,0.43182988364165786,-0.5282350608837475,0.5098996973827989,-0.5307666854819751,1.018148059733126,-0.6278135282048889,-2.9474777963737924,2.4462995230341797,2.35835474492621,0.0665587118321733,1.8679161789725314
0.43595713231648675,-0.35662102150577235,-0.05218556870224991,-0.7323150530728685,0.020307602328568118,-0.3383264471229737,-0.6386655544680607,-2.10193897985132,0.030088991056611246,1.9214029804952883,-0.37066926951169993,0.6904061328576084,0.5421578329739061,-0.577488254312757
-0.5612388500491771,-0.10162579081509522,-1.601380117940266,0.6706565030834446,-0.3593654325448784,1.2842522959590459,-0.39156544971540785,-1.08416864324011,3.452487684954151,4.65138822953634,-4.385899098325229,-0.5135517369719071,-6.94242798962901,-3.720515376012695
-1.3591101051638976,0.8728002747270719,-2.343284902183938,-0.510616327072862,0.8574832769286044,-1.9977149177753513,2.7109805894255103,2.4816716513843624,-2.0831038667126585,-1.6300863465703035,0.7375198246994186,-7.514321871360237,4.79105778601644,0.9468206528990237
0.9980164852619419,0.32223767958036337,0.4721865546375883,-0.7053955373686753,-0.5652125059734963,-1.9856177873376966,-0.9645757377463577,1.344402701746179,-3.407169191254082,-2.5026464879290935,4.679690403173655,-0.14422669756613965,8.399462665598485,3.6774298043486273
0.8618823218273409,1.2820019986370024,1.9969194523261464,0.05160181866031591,0.5743579653545728,1.2170703389970985,-1.1762476761550467,0.6891700079844307,-3.078544968512899,-4.02118770805416,2.10831317061418,3.235595105506896,5.821923500588791,4.5862821431383365
-0.8102662093691266,-1.1918550227338087,2.873909320786092,1.6882036301195644,-0.39425463228150537,-1.5087789935615794,-1.1725097235034925,-3.2211787952725945,3.9842937171259183,2.5415265264129845,-2.0024121870981304,-4.070494586382015,-7.951986341074514,-3.304102882678878
0.6068728521390669,1.1829522105059591,-0.7142745969658031,-0.8610192608109004,0.09326593768451645,0.2916222490610608,-0.621415180939321,-0.35283406573209314,0.33520514625802883,0.4484156284604892,-1.4834591968183142,1.2573629325184796,-0.0034175546761752162,-0.6470325831823346
0.6949644842419852,0.2349741494230125,0.2462723602956525,0.6550312169191322,-0.7210151970522118,0.4284908784988956,-1.2151947709477033,-1.8682240650869317,1.9541818971926666,2.6241791874842137,-2.4155506943867495,1.6739769781003078,-3.28380804791143,-2.44543127832412
-0.5040706662410956,0.03807721762390662,0.6403928497269932,-0.05814441785844555,0.6525206305129221,-0.9868843186558374,1.4595916253327497,2.160207075758125,-3.6693201023390585,-5.745279721732492,6.2044964260912,-2.250006152013993,5.2020252056254135,4.8825984920227645
1.87268737914985,-0.7429113762306048,1.286533232073536,-1.3288165877669358,0.9806601399298932,-0.2563622271670877,-4.0541632736741136,-3.7975803555390764,1.4770511667367063,3.724538553988267,-3.0168274915029816,8.276282716730769,0.2404931457141065,-3.1085844241447282
1.299162557188438,0.21527237858007015,-0.6623279187242098,0.3228918485386876,0.10291448757035078,-1.6396890740066359,-1.7905416348375518,-0.9627688187083479,0.5585624703185845,1.5427197325915663,1.1590131968547572,1.8027491897308043,-1.0171252051174582,0.964678601658634
-1.4517118919630885,1.3830931200889416,-0.07421085733184137,-0.18667337583830684,-1.039829762052624,-0.6914582410473523,2.926828769342812,3.5039655244410635,-4.750683406984412,-5.26961566912202,7.462146392387608,-5.0982857704313265,6.9691392094696605,6.258688323985492
0.9377807876807135,-0.6486913861227545,0.6482035794548687,0.2847128373597319,0.7518863800150146,-0.970694919276124,-2.82308550522994,-3.0509787281425638,3.3098309865304256,2.3261195898839997,-0.23662063431618116,3.6583750388003997,-4.645608003393531,-1.7272861927264225
-0.8844548065703917,1.1144566235081876,-0.6579321719487908,-0.07964962585670224,0.060935341927199904,-2.026315329382353,1.419328766014668,2.885817287239561,-4.609844378594472,-7.259054503855338,6.599758997519882,-2.1516617107689027,6.734145734049894,2.958445176250989
0.17911756011644928,0.6094497851052049,1.0111080868309796,-0.18901488627747373,-0.14432996300893625,-0.18745045606565575,0.6022490230999493,0.6233660434453266,-1.3066186393678285,-2.143612416999799,2.1883438258582593,0.030610016947305762,1.9650811251478435,1.6766159363984823
-1.508162363234606,-0.41514631038820776,-0.03302198681666044,-0.7744850938462648,0.9250368529280136,-1.1655919691908447,1.9757462186256394,2.8173581217018087,-3.785005670121097,-4.178877526867853,4.3980177698765015,-2.581545467160275,5.347037509877928,3.300997909257643
-0.2297587943351905,-0.11267361526073383,-0.5731039378458753,0.7471256204749113,-0.6161617701236191,-0.05200216266143823,1.1854766528724179,1.7163949209620128,-0.753214148454233,-1.8073338721943644,1.9983091165242175,-1.348963965261191,0.10353042323899986,1.882195484222955
-0.12033084217570868,-0.17440002200365484,-0.4416446484467754,0.11926791151243657,-0.2534115655286358,0.4894497709483599,0.8131410213581844,3.5322506022193,-4.641864240394038,-5.6886671958002095,5.365050797786188,-0.6528131967514365,6.396689450592077,6.825549737546726
0.6186091276061633,0.036084079785133574,-0.31719404652282257,-0.8946392188184469,-1.5007806175578156,0.6376216368805561,-0.9746723205986563,-1.506596501009815,1.1160476603450245,1.8005986829598155,-1.2871671389387678,0.9588465548685329,-1.5336894012572164,-0.8380534856078161
-1.1349408791036437,-1.0938909701268789,0.16750859390991255,-0.4789593056786363,-1.1302472178742542,-1.6759473926559418,1.2605353003824982,-1.1099802447044904,1.3901468146169138,0.3933354909679053,0.5315847936708012,-2.6583911146201515,-0.6851719087613588,-1.9541857327368823
0.12408272866912502,-0.5070993595406987,-0.5410106173243965,0.7774977750441316,-0.4099201750254448,0.9443654875276384,-1.9201192845551993,-1.8381899314483008,1.2386028306345598,0.9336459880233662,0.15163685244545755,2.3515436051599945,-2.9128395630655244,0.7259308943657535
1.5035601467808166,0.05721956484388878,-0.009063465716627818,1.52506550130224,-0.7121514909038632,0.4487720768289928,-2.4995707468701553,-1.0415531442744579,1.7019447548613271,1.8174897555696683,-0.34731665301234216,4.26113448312437,-3.5931961008668893,1.2438659368360327
0.9866318924370067,-0.2537789226618573,-0.003991048418214871,-0.25822227786793683,0.28900343471966083,-0.13307870224361254,-2.3259324268156996,-3.235365019011338,4.026459887069018,5.202916049221733,-4.8303886834770955,3.8255948560138515,-5.515897356476701,-5.319870553159696
-0.05383468781783059,0.5811952593924022,-0.16394684244682434,-1.2126145618235475,-0.11313273516446912,-1.9275464139762168,-0.707724450705453,-1.100493530731958,0.7902106814800639,1.2745923804614312,-0.07945515501959571,-0.167018259502717,0.7918916118214793,-3.475919013550127
-1.0802624555601994,0.10175155846577782,0.03509820861391851,0.5631368330539779,-0.5923101993562663,0.7323024103048552,0.15151697985564275,-0.8229003785892209,-2.082713806209185,-2.9834212586509303,1.8278898032944075,-1.7613043164407085,3.2122304301139635,2.0363297827434916
-1.9898025985901726,1.7699261484332958,-1.8398126571690139,1.1292936866969296,-0.6468797539385941,0.5119437627167106,2.603437338481787,4.0710557456427665,-0.741749051987441,-3.995022445963582,5.39329294420931,-6.562554622199151,-1.2254980357715906,7.050501076506445
0.31957745801726983,1.8321611606731447,2.0053753094330635,0.08036408284694008,-0.5547586129120397,0.6231285734545063,-0.4239365965328891,3.02505734941959,-5.221913328878822,-7.637681850527463,9.271512612485616,4.006034352123865,6.209284808078322,11.096735787650934
0.565640752191274,0.4901620275789361,0.33305095768773335,0.46760925052740065,1.0900175421276015,1.4108563532519818,-0.11421410108682194,1.0311508689378337,0.06987238417112496,0.045163627430073044,-2.482898785798735,0.6647871371233517,-0.9695546220063438,-0.6045524414187331
0.24040240704806107,-0.854793624528374,-0.5676632851636946,0.3101809843332902,0.5256699697013864,-0.3799804233007161,-1.3467180157873304,-1.0012747017019643,3.4663097682558623,3.5948201234376076,-3.8410438743220126,1.7882506066733999,-5.1485864238370125,-4.429829386833351
-0.7138297858095024,-0.18753202254552226,0.6540421519932743,0.10880353806015391,0.19193326583503967,1.621682246466052,0.9083919895137469,1.7936331158232681,-2.107153641766488,-2.726972781259401,-0.538593579221212,-1.5443933878555227,2.363030515442947,1.1683360008367607
-1.1580305297587088,0.275555521410179,2.2507204998423083,-0.8836532639443594,-0.7704395028264482,-0.23661236275833492,0.4950554573950437,2.155843256302139,-5.727262827114356,-5.882804561829314,6.12092697278126,-0.68490835703121,10.054578305926615,9.203501924560092
-2.098708832012172,0.624675335162038,-1.046289512573035,-0.799913144909649,0.12198734456828651,1.7157379930674175,5.194091181643387,4.802537394455833,-4.231566810159584,-2.8926022617298046,2.860299115636347,-7.716770539202695,9.392471810693289,4.56630899251768
0.07858244180951178,2.774619261411056,-0.21135854726030864,0.9459296700869516,-0.03685881237499232,0.6118495185590852,2.7918631673784,4.96189828766119,-5.184120556664348,-7.622833130005998,8.14536643206265,-2.44818022220515,4.952259325928922,9.792886697358828
0.14573160596709864,0.6900132880152225,-1.507443212282407,-0.04175666896649668,-0.6349010508741506,0.2788557372461212,0.23847914969371548,1.915534162222013,-0.2893361681207786,0.844773085521748,-0.07164723308178073,-0.517586717862278,0.6214697027769176,0.157162448599518
0.19806963575131903,-0.9261969683692212,-1.6457823495037653,1.3275063002050445,-0.3396795262095035,-1.7799368553080566,-0.16130866459745552,-0.8753570975804508,4.449467311451332,3.6611592541878544,-1.6341367681441807,0.9628854965334104,-7.1687579736380105,-5.169126982801685
-1.0113740596092602,0.3304876328185476,0.49196022498859315,-0.8816232771289725,0.6127311208013967,1.0964175342317652,1.4721245538748537,2.0490919700186088,-4.1485809266330325,-4.148884238349148,2.2805958880094717,-1.6520303523086288,6.490268797211744,3.220131967134068
-0.07255035900953956,0.7544886979494189,0.714972288552162,-0.35173225148708426,-1.0086591174101023,-0.15853865790944502,1.9014015869278234,1.6202155773344653,-3.9959868601463064,-4.242531415188162,4.347343431738628,-3.0520171402755083,6.445490436380879,3.392537079777211
-0.5188851920422232,0.28225015084001115,0.5470338151990858,2.0417787637285256,-0.25234717520523464,0.036429903557565056,-0.5753193107170472,0.008020198410559187,2.551579374643556,2.3156290345720665,-3.735693007915153,1.084258151487006,-6.055432652130256,-4.531205867439625
-0.008732544184847188,-2.2622359374514276,-2.330822023898263,-0.4459945266968254,-0.7004755225662225,0.8372099911292044,-1.4282991750889829,-5.369183663106079,7.035322283648881,9.333893496322501,-9.424624718228781,2.0084599966821455,-9.014138378384658,-11.292003204664612
-0.5346979666083959,-0.2282628779038817,0.4666377261933626,-1.2902527332944353,0.09177794329483176,-0.7127584655372226,0.3856379135649986,0.9649443813024796,-2.6019176797690506,-2.8084949078785106,0.8388397841931394,-0.8622812811060515,4.452016915909417,0.16793816474406925
-1.0710150704717991,0.6595990358189584,1.4432767551365728,0.27966270872433674,-0.6329310597044042,1.0047229179227297,1.3443124890121474,2.3686837507745273,-3.1279400665251287,-4.288532756166435,4.704328415344618,-1.7517879049028686,4.885027066978608,5.989371545100634
-1.096333157138542,-2.2132002475415673,0.423206102825772,0.6454615466830907,-0.056402504217238116,1.4897433937816966,-0.3845964348306465,-2.8080084092254873,3.722160600317086,3.3858314241361716,-4.797572357481641,0.011061612975693797,-6.458425655282898,-2.241847815395933
-1.4945673454764654,1.513165898901949,0.017495338017807602,0.5380845492369412,0.8193008993866533,-0.6050673658253001,2.8238189163135883,4.7914325382804455,-6.339420079140706,-6.9860622189055155,5.637857897474761,-4.651646254574329,9.681085253589064,5.10952119689705
0.6848417503884785,0.5475047827347767,-0.1489936061824804,1.8634986487291658,-1.0498693782041595,-1.0667772138666598,-1.5882379174747567,-1.0512211483690375,3.829342356769706,1.3183887864497859,2.039447446511371,4.178538686465396,-6.261721528545476,1.8409197173122063
0.4851403643554692,-0.9694155830258867,0.5953741071938837,-0.030293266979628093,-0.7787607280478226,1.2294148434776357,-1.8366962836531675,-3.417463600987014,3.872557906376125,6.491784041152802,-5.478158991206711,1.765867594483263,-5.851521928095519,-5.456259928892263
0.042966880130158744,1.9738575217928003,0.13180819587218093,0.28036695142286916,-0.9766464059678467,-0.788269770152554,2.2374766915668025,3.4985939312664094,-3.5642812790323664,-3.385713464199739,5.511908334519969,-4.705051364449175,3.8956757986696244,4.197697911033196
-0.09104800762949289,1.5362505578946302,1.1627146858935227,0.545693944864025,1.5682422261527411,-0.5439280945116768,1.3024080274409975,3.241852097856426,-4.5457867458179475,-6.852708604561856,5.226469244974312,-1.2758938157195214,5.79162382600085,4.657592616289434
-0.38086032322402835,0.32223462451620577,0.9978739090031027,-1.2499337891737918,-0.04884423449747686,-0.14118389633071127,2.160629343792425,2.3115587484381104,-5.5873886700177104,-4.547119827515945,3.718574564672953,-3.516839037966119,10.0579050311515,3.2119100168474963
-0.5959932090954473,-0.5703742000143679,-0.44412300615851685,-0.04076898232497419,-0.17466132340847756,0.6194697580928243,0.7320234184177206,0.4394524915402373,-2.378758216464406,-2.796057183828426,1.9249495215343353,-1.2318406209564032,2.9666289255488607,2.491014042274681
0.13400263517428757,2.018177573443832,-2.086456985608608,0.8656732482256664,0.6467537778198083,2.0157801259061725,1.4102414177029152,2.975856236822638,-1.9183048719764177,-3.5730596437715327,1.6757995537060295,-1.2869406453444465,2.277478526795286,1.5969128152919052
-0.3487870303787748,1.5309842480802975,-1.6624319674046761,2.457429100647433,0.7583580133915521,0.5857295282174486,1.8188266613826445,3.1760958202037832,-0.5449333931022465,-4.408401754673851,5.173695868934251,-1.2169071392426631,-3.7761424250095286,5.510961981839056
0.5315940905108546,-0.8846279138013697,1.3084954437558562,1.5312207916308465,-0.5446104594330161,-1.4617822392949544,-0.7314311262594906,-3.691765339410953,5.826982681670072,4.97330422594177,-2.0915150722617084,1.7341158598833646,-6.622407550359607,-3.9229592668609135
-0.06811908218076491,-0.25470704988184456,-0.9376656766749666,-3.31605760247481,0.7392377301693877,0.5291871661415658,-0.3145151806641773,-0.11079554188551759,-4.00620695037386,-1.2745652645311556,-0.2452211989656724,-1.4629169947990912,10.800583243712438,-2.187970257993316
-0.10622712391055672,0.3623684931631996,-1.4373594105335195,2.0929666442535124,0.9478097590801295,-0.3397194296438324,1.1550352763110965,1.19577492721546,0.8813532736941586,-0.8988373577499614,-1.6480521830705062,-2.9128292203289554,-3.0936100138520537,-2.240005263524604
-1.1764709427996562,-1.6426529052389232,-1.3233504945110452,-2.0039210227529276,-0.09016890600266828,-0.47925164028728967,2.1970057369669527,0.38975554416838026,-1.600272490366932,0.8077862917426689,-0.8492225566690695,-4.912523251333016,4.10428668551691,-2.038580193994652
1.7972270404795796,-0.10100234088449668,-1.6152301717804844,0.2866803352142824,-0.8473465351266438,-0.03803198351141759,-2.6789158722608137,-2.3294466262278983,3.6788179942872348,6.19690290223457,-3.5336506606976887,4.647641527840786,-7.285747727785699,-3.801619931874373
0.4253273776296537,-0.6566108930731243,-0.7287809556121049,0.8860997151328839,0.7160707654260483,2.088504767566629,-2.6343329611104105,-1.3788965678469314,4.081704822559114,2.345291415162413,-4.448522653635971,5.861714078219317,-6.88898687182672,-2.9513348400791113
-0.17440124872470245,0.2600778604845911,0.40320590689904356,-0.7547132995294833,-1.2720617032321255,-0.17302048428951675,0.24538322756332653,0.7577221075713626,-2.7461293219649083,-3.433974897475183,7.087831561897059,0.9183979143429502,2.022662147945388,7.0769800106644
0.4247837519402178,1.2946014010300637,-0.15227096873824367,-0.9401652121494112,0.4401288713109749,-0.3513177867896593,0.5626780052290135,3.129372766745436,-4.823807613848658,-4.292696876750738,3.5653671874669097,0.01636831780215646,8.356799110173183,3.140408159176778
0.5782745888490226,2.0497052168268564,0.04330997490785328,0.5522071157697498,0.5473415386005005,0.4286341102771422,1.7041437481169344,3.0596220324799406,-3.8096759280211536,-5.8302473682844385,5.259703332907232,-1.9021005716023969,4.590405586753137,6.408395778853198
-1.0422978405656886,-0.40014046189331776,-0.3816682156288107,-0.06777269539628891,-0.8573247453341937,0.22593217347761246,2.2976860798807994,1.0590760391906404,-0.14464144313295835,0.6809568946632094,0.8762579640449512,-4.035486590784777,0.44740569940601116,1.0656924954782245
-1.6557814122625327,0.2264984576108022,-0.8049951899120876,-0.22926178611999098,-0.8450073637469132,-0.5327698732951472,4.497894058784968,3.949579633642447,-5.878846894714454,-7.344795593452139,8.697648205793428,-8.28425890299694,9.150791859873765,9.090210551053548
1.3265131648832906,-1.5051265937549438,0.17989926460768235,-1.0373361243121526,0.24604111989685845,-0.7789636143640944,-2.3720925968356106,-2.739263581033671,3.0891542295466516,6.010260872789345,-7.066997901102753,3.2621906398021907,-3.981412618062666,-7.3091726499347125
-0.963140799081252,1.075190260140007,0.723141970783112,-1.4232764688189843,0.7974821455757365,-1.018516154747893,2.6120883744329126,2.626304381638375,-5.940746275995319,-6.956001897441379,6.526426827153982,-5.093788949554984,10.680217938318862,5.461624349617838
-1.4047327517721013,-0.41380673407610563,0.3946683722956783,-0.726136602322209,0.2874427904039144,0.6095376262132429,0.8591738060265774,-0.02241656923180637,-1.0580481296629172,-0.6127474356315704,0.1989415232824273,-1.1501677517107922,2.1881946724953694,0.9355653026239663
-1.462385635382023,0.31074689345696,1.1978175128245985,-0.9233252849849908,0.609513542046924,0.758768266903137,4.718336381525166,4.3426699550078025,-7.236027216569003,-7.136299883783743,3.904926208578977,-11.912766222026779,13.254294174005882,6.299393312968978
-0.045707576470564885,0.35648538816596176,1.5752428334451172,-0.054421823500436166,-0.9294992980445687,2.310604760738904,0.9016749010260835,3.143182697355663,-5.233413673355664,-6.648793091909015,4.65844242169613,-0.4970198969434012,5.653542488070772,7.5831482908628765
1.5020128404747344,1.7827537540101692,-1.1158042660719856,-0.27592329099650026,-0.9850507723945157,0.3021001980108896,-1.252308422655006,-1.2837809978572707,2.187128863092414,4.3203420059812965,-3.218811591105883,2.5864673638623983,-2.3454579254491916,-2.8137427796538823
-1.3397950122434261,-1.6704507649930236,0.6683022974939623,0.9141249833501234,-0.23091283909721932,0.09018124525877191,1.8739978369889745,0.3431083793292772,1.7223260126886573,1.7288914584198016,-0.7096846685819362,-2.0253118055794554,-3.5413273870452504,-1.9583060631583022
-0.6915525077885674,-1.2967929190653582,-2.5665228268012132,-1.4132159375750144,-1.3571380323919413,0.18024262011025138,-0.523904394005623,-0.5746509543090617,2.9671729088997782,5.136018897790749,-3.5853441863243436,4.7122761011598016,-2.0695474477923304,-3.115676548438402
-0.3086648994982373,2.558814240852726,0.18348836207932948,0.5409469286247672,-1.440901033297677,0.054495755036248275,2.75782893937656,6.172005587035534,-7.633313825431945,-10.110888600847181,11.733046523513934,-1.5042705876785463,8.660762791902524,12.885751616909207
3.7978550989076982,-0.7035400870854464,1.4431582517212573,-0.7025818039250493,0.36703883163239376,1.1356346683080563,-5.149352672545879,-5.933707181380048,5.103158903223677,9.680744419554072,-9.934400279290976,8.346178601633582,-6.1886064440287685,-8.783928133586418
0.7459919225122558,-0.3090672289597935,-1.4851130666478418,-3.8093607229261566,0.8619995941212467,0.42040527127890875,-3.2447211792017017,-3.87684693427341,2.55378631611328,6.429676307093937,-6.4760369658263475,7.589824577762632,-1.507346880889814,-1.610903881416119
0.0667409552700013,0.04841446783287133,-0.03180398366224562,0.5841015515485039,-0.2249702335296596,0.4896917783527405,-2.084073782326656,-1.8055385224816967,2.662058076748709,2.8646607335398846,-3.02974059033845,2.346645973035577,-5.04688745619196,-3.036028641890841
-0.14182713060879928,0.10674726885867142,0.4529944086130146,-0.9864851444074154,-0.483732678446421,0.5192905580745812,-0.517434807428294,-0.6899385428200839,2.087297746592705,4.12317671138566,-4.288242882345389,-0.7727887205701895,-1.8546482928846633,-4.253835190617452
0.18608183865903216,-1.4827827057596508,-0.5673456912279703,-1.5755484682893406,0.13795651975643658,-0.30266782316570545,-0.91350779786671,-2.2926157429646907,1.9904768874969072,4.6336593776273425,-4.334325263347718,0.420956352789857,-1.428018325060188,-4.7963858882471895
0.025361633281982217,0.8402382708676631,0.20459665920485742,0.027178655966299092,-0.08296109387256256,0.7029839986502696,-0.49355429422994285,-0.3092712887427011,0.8478393858106331,-1.3438443043110977,-1.130738533432476,0.6190022736447391,-1.7211998092950909,0.005435862568256483
0.9879630160806899,0.141084134154015,0.2006374931977941,0.9313193899003714,-0.6408574654995611,-1.232869506504487,-1.2092269348113114,-2.801795321191433,4.724137822233811,3.973057541224541,-3.672826841917979,3.3264423521019033,-6.3180505176854425,-7.171934112222508
-0.7132983112546893,-0.9466113071261743,0.8296423967654674,-0.008406299907579191,-0.8158517982966641,0.7677889139424436,-0.7645912554867493,-0.7518378270013164,-1.4379446612015825,0.0846566709775842,1.2705933664926798,0.7785779872573926,1.9845181109821535,1.8694487174953733
-2.30942416254174,1.279837770316752,-0.8016066361965476,-1.5794479814628943,-1.0153521727663375,-0.9087893449967104,5.212743937294198,3.0800290688003344,-3.896911331660216,-4.364780985787932,5.124072022537833,-10.12137325344624,11.257622274541285,8.850531222885605
-0.4339751149055536,-0.6482575488905803,-0.5542706785002327,0.34271067637404945,0.40429531089741255,1.5274636489194582,0.8488071813296362,1.427549481450069,-1.861969272200951,-1.661410918879797,-0.7950231948470018,-0.7573906728902865,2.4077450290923728,0.912660710706646
1.2499850566544568,0.1891336094552962,-0.08298805826498783,0.025023318336356418,-0.17756076927110143,-0.3115864886743073,-2.6352145673149994,-1.881563642428719,4.419998670528922,7.504287693434256,-4.748495312992362,3.521158992842336,-5.558980079426612,-4.860191869885133
-1.4350406063205172,0.5803047236994702,0.4324025597655936,-0.5312457698851639,-0.4422324774149134,-0.5160288252554446,5.113905048108766,6.406565634657772,-8.978109878842943,-10.414991980062329,10.983499412045553,-7.865967177086709,14.261931027349746,11.570324688661122
0.1304060023673777,0.33257072626793255,-0.8566971725257592,-2.2082847194633137,-0.48903783554837965,-0.04033452391033699,-0.8513253261930147,0.6723159871179062,-1.565303358246652,1.2712798169640303,-2.371428771133031,-0.5627213762747583,5.371417620926102,-2.0732227803611085
-0.0172460520496635,-0.06800101004896998,-0.830319905129549,-1.056538968493956,-2.2010842423213575,0.9716376193511866,-1.4712738550739628,-1.181495612326356,0.8517248081766211,2.1548070258713654,-0.6331196022539983,0.6175833332856133,-1.245200835802755,-0.897933928996381
-1.0407126840827496,-1.841705626894066,-1.33211062930336,-2.1598679023237937,0.9536066057792177,0.9231220311291456,2.0882397017618737,1.2978948342084444,-3.321555860524047,-1.6590830197860076,-0.13385113469825996,-6.019479143317656,6.222019210848346,0.8808542624887126
-1.7067728965487416,0.9964494528081077,0.34054244005042766,-0.6683156436237638,-0.609096624248463,-0.7685153918001225,2.4564619016870015,1.8995345132326364,-4.040199917030662,-3.14934551705655,4.649736813877171,-2.666804097172737,8.921597868223284,3.444447592997033
0.01335268826002132,0.8243430941122577,1.5242110885056004,0.569404445318158,-0.5629021595274102,1.5688088413238956,0.9089303366964824,0.20514960821599745,-1.5982724339521737,-1.4643962837920654,1.3174722652665576,-1.5567335609891788,2.0534753589528103,2.661731998582184
-0.6890829344181726,1.0680594803025047,-1.0501960553950578,-0.4018806104198944,0.795309933568202,1.5499357791066593,2.16341308339016,4.009447839460684,-6.369014247699425,-6.848459776920782,5.265971039487631,-1.8322355043707512,10.7279840476705,6.772886130203323
-1.1646539082226226,2.108702381094696,0.010808629933105449,1.8152231086703097,-0.13475816843892854,2.1238324530947588,3.2603150480394794,5.656734025131336,-5.2454334542862195,-9.518978655693953,5.612272342023714,-4.373882126760074,3.130749640422815,9.07573706149015
-1.46986218664464,1.1692927096729286,-0.5148449351998501,-0.26118250719445624,0.591347582459804,-0.39992275040538006,4.383429850697411,5.3161573671623685,-5.534182503153845,-7.047356227657171,6.280397964531716,-8.218663449735534,9.77424103241027,5.693995975849441
-0.5049114370396515,0.8867254029928126,-0.25226918435467127,0.32165144065036744,0.8338228568690588,5.413756430325267e-05,0.5041377921035493,3.4478116636132614,-4.598611305789333,-7.587647773095661,6.761301329092083,-1.8329932228420323,5.894237237815218,7.237823323564758
-1.3630986219523722,-1.426881835191967,-0.27089520848003795,0.20178197672579626,0.6437052270365858,-2.567600896100807,3.6619057131570596,1.964183075066725,-2.5433386882130224,-1.6804008186648414,2.890705154917917,-4.784470514093227,3.198004594080692,0.9783084278304324
0.3553247914382954,1.8472802695940838,1.3299497706245564,0.6437066295170764,1.1516723548604764,0.5618083816979741,0.19938873969176896,1.3779431819223213,-2.8730356337939837,-2.9079321745638835,0.554998283794941,0.2974859521619508,2.2801046044262163,1.791450045358422
-0.9567913763668889,1.2524943536720718,0.01675022645693389,0.23746376236150302,0.14456396565922353,1.1823433433156048,2.6958801384305993,3.2800657244422555,-5.139330131455889,-6.264393303604573,5.225707920864737,-3.8299289956329083,7.819855925438116,6.315275223479923
-1.613687501675551,0.6377607329850539,-0.34126259354615546,-0.38377286636295976,0.06055501467127672,0.9562785532366331,2.544743990691722,1.548998276720513,-0.17114055186082508,0.4903391021829359,-1.65102661347113,-5.310009804160517,0.014490080172511313,0.46049862409439335
1.7201312410531875,-0.37456992367054925,-0.7729942293251092,-0.5228897173023163,-0.04586362079851926,-1.2341438997767857,-1.947393030056463,-1.1686349935966451,-0.18779827080972722,0.9892290332588717,-0.4839599768663902,3.625976138639646,2.1875380670261304,-1.4188221142792967
0.5905790694160964,-0.6809929046797073,1.1587962646087417,-1.4999782899530327,0.2783644058309087,1.3624676766818673,-2.0702399834000706,-2.1441763057602183,-0.4473257072478341,1.1328037653272114,-3.2084705667079665,3.0321771557569184,1.6428188181393935,-1.7761788669536727
1.9164092825991033,-0.15960946570981527,-0.2413637018328172,0.3692228876636329,1.3761748344142932,-0.632587736945576,-2.435788070579872,-1.7233954127357956,1.8313225588565327,4.376530508086438,-5.22380568903024,5.803135352371629,-3.492317400259276,-5.543322456641554
0.9843172180551036,0.33565307875710637,0.3080729441524201,1.0793608128074323,0.47513531848436985,-0.8324101230529203,-1.710034957639884,-1.786022151468954,4.723859108282947,2.51390230821326,-1.999686385403062,4.104564249955588,-7.433973413417441,-2.938967309970246
-0.01409403385293163,1.1303449492736406,1.181929343306833,-0.38961948587591005,0.4117871650342545,0.6372619899310606,0.188651187662951,3.7600586553387942,-5.4918520217944975,-6.314877186370507,1.8935831914077916,-0.45173793646568944,6.9106083279425246,0.7436575671343517
-0.187376541792253,1.9408117632369744,0.023495255963919617,-0.5013738269382735,0.6185518494244545,0.7181072501041761,1.3152861309922135,3.7387246769492197,-3.9363542878808695,-4.040979817299196,3.336905236617335,-1.0946268231958969,5.708851516007653,3.7291148946079473
-0.26553920962113786,1.1329117339744719,-1.1463890844921028,0.22088335426380432,0.8358416722857868,1.1194335111502485,0.11614121033208155,0.6212368952903934,1.8124495292303302,2.1244141387135014,-5.711219771690948,0.4565825342521459,-2.857117396785013,-4.935037688516569
-0.4513429360986744,-0.8735982032763915,0.6182414328983726,-2.2252482150572943,-0.9980856881966111,0.8785836290454837,1.1088628630138997,1.6731415391603024,-4.14175579577743,-4.47356028710104,4.887402114080385,-2.2376661490372687,7.2148039550076035,7.136858031959497
-0.18438219296330358,1.1313570314268144,-1.6948624117997282,0.0817902091521096,0.029371515724915268,-1.701014937438362,0.9858951221581691,0.2500487075365229,2.802112844044552,3.259223497501887,-2.5161720280028037,-3.1876610062392383,-2.828448348834063,-6.1096018838984625
0.3145913109614098,-1.6264879455121983,-1.1169749464844876,0.6500674080771359,-1.6690349599202914,0.13387846265786546,-1.3665922403421162,-0.517151705708271,3.4065458166710436,4.044892404047154,-1.514892287496371,2.938763352525611,-4.271324672475507,-0.6605102095741909
0.07091513743645227,-2.3268220752638884,-0.8864825116541262,-0.08950551660084916,-0.7435603316433268,0.9060955383402161,-1.1918533062650314,-5.888293642617977,6.602118579945519,7.737357654468991,-6.57020195835159,-0.5312120005361153,-8.34071395505748,-7.772034930450757
-1.0121625737275306,0.01583258660469706,1.3413929724970834,-1.1944329170778154,1.974068672800783,0.7238998535807706,2.2418390827970374,2.599847907707398,-7.638798350828367,-8.091414563176114,4.844544566668303,-3.087898584130104,10.717386329383803,5.94347991042899
-1.2062131551743203,0.8285999037256668,1.1350391606777606,0.021579472894179563,-1.222716947919692,-1.4020495206011487,2.8971118484911784,3.2884634690154524,-6.698403820632088,-7.616777522554936,8.458519178939477,-6.783520171169393,9.8615513649167,5.306648191867662
0.2054732377846748,-0.5027425900908559,0.471779799128211,1.0859306296505755,-0.1410250911496979,1.6716374510820677,-1.0846051539269448,-1.3240667784043967,2.4196848305546554,2.8620236001649415,-2.9332039037153397,1.8210615856620749,-4.889082430262102,-1.325077158710059
-0.030657040080023075,0.7033885959862953,-2.599407156657565,-1.070743183380743,-0.7387056768271426,0.06578455750723497,-0.42113231358210473,-0.30618016443446844,0.9374853190315813,0.8997809153940499,-0.30977850240536503,2.7468349224729876,-1.7480028462931603,-2.744532921628482
-0.18048924300275374,-0.5843876941211369,-0.9744373376543027,-1.2521489276924245,-0.3797128258757276,-0.06806675871023346,-0.08209751654918018,-0.03938742252286835,0.5858099201611406,2.1183813862979535,-1.7211667604423486,-0.39933233045946814,0.3694792441527902,-1.8711897597389335
0.12537330325053447,0.2715948573126015,0.24719723792826667,-0.8018021565742216,0.44651567042744383,2.2072748939662845,1.8456439345397426,1.0256609043665668,-1.8777506928232728,-1.523570314072977,-0.8519298319385188,-0.9389264862367062,4.433531873726424,2.9937182105940314
1.2877261021474644,2.135941806186181,-0.18653634910863645,1.522139248675155,0.18825423007613473,-0.13463267740417587,1.6178970682647504,2.4143773038820147,-0.2136942829640837,-1.0951179481698963,1.3831820518188536,-1.1598792321737357,-0.9797266566714689,0.7578674926627142
-0.8872470471862804,1.2892882262203849,-0.8528009238339683,1.1127371996616626,0.18276897160816863,0.6004967160971831,2.243207304192762,4.765438866660568,-4.48595383288254,-6.191979820730053,5.528513634554784,-3.0804744543453864,4.630174950148208,6.757564360105735
0.5378928270912013,-0.44860089698618816,0.20388728329838987,-0.466279873659767,-0.47504923041909325,-0.34991663761736563,-1.671740727720947,-2.320186063778397,1.396841132002829,3.5499107581606397,-3.793375437200706,1.90545328652492,-2.6863853582633865,-4.487540304914545
-0.10486222957269793,-2.651253494036,0.10103495884009933,-0.850087164403082,-0.333478379985479,1.4929597971945598,-2.2769244906867723,-3.120061526053242,2.8731529663289215,5.471059517443576,-5.976747470094233,1.7783441608092856,-3.529489764235416,-2.2963067265969634
0.17309941068064189,0.3789220671549814,2.1174331390286025,-1.3266680132253024,-1.188999418807184,0.3882550444306572,0.3622458488931784,-0.4372576586676472,-3.151380471450638,-3.1558051014558632,1.2622854245641226,0.7832463964291796,6.310024123702486,0.43978263338255685
-0.8781617228619337,-0.22176153333615717,-0.0626733542556006,-0.5734240750395427,-0.819060150407942,0.1442047063562255,0.9326354507054242,-0.43186064097523996,-0.3352623741795542,-1.3465429330215386,1.6785499359848464,-1.4193091595451623,0.7968634786138022,1.6894769049632044
1.9259914578605148,-2.5342577776320794,0.0030376254445775817,-1.337131634529816,-0.5571479567457341,2.3702584053095985,-4.542295676433281,-7.640137056678728,8.32774110003943,10.697613240224893,-10.40514874717097,10.49826629354577,-9.897071062569715,-9.138944228327734
0.6291513034888693,0.18807794608139652,0.5899098015477677,0.11667534672373617,1.3680921530660544,1.1450562105105035,-1.7648724297272982,-1.1716616843276457,-0.09920854389948777,-0.3186483759056683,-0.08795622954272977,2.843790598280636,0.6826684503834723,1.6615211576044528
-0.31682853188015847,1.2795305197324052,-0.40133640074830557,1.1688471663957436,0.7413784311673323,-0.05632537694244741,2.200911830750153,4.13417329747705,-3.820660535740596,-6.618782811036054,7.358538790839248,-3.588220340378527,3.2917896101495243,6.704445264098171
0.27313621067523397,0.6372975671230148,-0.7995018289828301,0.835767159264193,-1.6936108957392768,0.23979247831734452,-0.4828262052090981,0.061524076277812624,2.1271996091663072,2.316278895225314,-2.8507441259055417,0.5537302865418277,-3.9281158142367203,-3.370352336903308
-0.03650841580594744,2.047033744589697,0.7952757890084677,1.5813741755750144,0.37565077748115006,-0.1169038272703807,2.214459678976287,2.6474149186553326,-1.982751042802844,-5.565136393109841,4.440184303102868,-3.4504600449799048,2.219873608389038,5.382706676498673
1.4065425552460575,1.3319350828805547,0.9567452898176495,-0.12567787998506394,-1.3576708522192,-0.7563100046598435,-2.515579438389487,-0.22197734665871324,-0.20254556076372585,1.3143420136852275,-0.23393111973071337,3.3234948000772406,-0.7966834127830766,-0.7904324774837312
1.0266779512629358,-0.48748089517366644,0.14615003632497467,-1.1148221312133517,-2.041171875233655,2.2247287121960553,-1.0418348585019062,-2.3109683772172294,1.338949904952401,4.52465575304517,-3.943110741676238,1.8208155772617174,-0.1708518193610011,-2.3790435564203993
-0.036145588778440346,1.0373429054146286,-0.6940370976595193,-1.8900125870028746,0.4224220298579028,-1.145688468531726,1.698091091323687,3.450404826283365,-7.5135137519356805,-9.315786245931497,8.807109905353713,-2.108098659054346,9.839591134411325,7.895025393482888
-1.7264647858007243,-0.5507723709765903,1.0562159859036668,-1.0404522367395477,1.0500545515834516,-1.7874082884319042,1.272235134765071,1.4859208606604792,-4.005158943875892,-3.828379437262096,4.272132440011528,0.031548548041426115,5.797156791290835,5.019185936771911
1.02817026787039,-0.5091346904937676,1.169271447971861,-0.625286031106527,-0.3931647728960433,-1.3259694737243584,-1.8845367706491827,-1.9744800914714606,0.7830605021269393,2.536509083681787,-0.844402741902173,2.753389850358264,-0.5662537282173367,-1.910989430600811
-0.6700753033128067,-1.052688755422648,1.0952925966707985,-0.3243065088579343,-1.1387254521458354,-0.676314858340038,0.24482340972808994,-2.772447503884223,1.0806120832068684,1.3056509612655187,1.6154196160936234,-1.0057054279401647,-2.1845940338631973,2.2065241421792816
-1.115800423662507,1.3907515741608167,-0.8766484487825805,-0.19722673958190776,0.7646030793330784,0.11213361823467874,2.4879008179127613,2.348689003663381,-4.030764465719992,-4.994800546915655,5.267893415917152,-4.1635933502592435,6.690934301626278,4.405287476292111
-0.07221413839745666,0.8474829054142747,-0.4864079402810935,-0.0417197315404813,-1.2128876153223431,-0.9215527135605339,1.4827371821885709,3.935290757253549,-2.934292028374797,-2.4450170724737705,2.625455522010903,-2.591597831136042,4.354771734310544,1.2329929017541414
0.259306882960424,0.21299859578663652,1.608424337939233,-1.028013992858559,-0.9797146533187662,-0.3632778600497199,-0.3325848418049164,-1.75402554795194,-2.4652399674380807,-1.7754332850376886,2.6928898072924197,1.831485313199701,4.368469713212122,2.231433119967464
0.26906781703891625,-0.9623670021174705,1.5981822976191964,-0.29689264381388725,-0.1596846222238439,-0.9231492883771849,-1.7614880755569313,-2.200423498878413,1.477118886863252,2.3944129926716045,-2.499237191639189,1.6403921723704757,-2.5787042115770458,-3.4462151703397668
0.42307649570782535,-1.3858931988786545,0.9577221109875681,-0.4595804255163016,0.38947777999676647,2.3895732375101506,-2.393675012432283,-2.9486395053914087,1.0027049324009594,1.8812231582805512,-1.7031546475222867,3.7439757380490217,-3.528910332513102,-2.411937880104648
-1.225800939062757,-0.9243834870198732,0.4040190299614663,-0.10987644510117012,0.18732537402662375,0.23176156501051487,1.5455135486597427,1.3350619369315817,-2.717045256122233,-1.8718119598391845,0.20548298120135935,-1.5569988414481797,3.285790196248657,0.0750504377472828
0.21970047961991346,0.916490048602749,-0.5290820059423219,-2.3830172009242117,-0.6020711305807881,-0.05325887899816233,-0.646986212615661,-1.4615704996391166,0.794859110910636,0.5226710112557635,0.40968234245618596,0.4938538592402224,1.649495262972609,-0.25934791320153744
2.339609072262589,0.23536239373945633,0.10847586964501078,-0.8027799805598606,0.5548066768489878,1.1576998913015706,-1.5798195208410117,-1.9055101926064912,1.506743770139169,2.5393475591862016,-4.129564132237242,4.576671996943205,-1.2632565145499344,-1.9326326711215729
-0.7983198323831706,0.5026002979967421,0.9212991105467286,-0.03757975965236678,1.7536469158501986,0.9156620517667059,0.8999067163711452,0.5298262449971882,-2.7085717315545046,-2.1671969470349874,0.1948325886556556,-1.6224191903069038,3.3140740680080203,1.8526294208366403
0.17532855618184232,0.2116919133314861,-0.5746004281435343,-1.6187553759088655,0.8970124932689918,0.3062681311435162,-1.3391476041019068,0.44507283659554453,-2.897871810158165,-2.1193478353102093,0.09166128895408077,0.737698187320189,5.050198229378646,0.5886503972023195
0.9075503865503792,1.6948244406056445,-0.22105404916174087,-0.4757617076607358,-0.9731019973220808,1.8455724255390658,-1.9411847657305932,0.35905706092733647,-0.5712728810106923,-0.7940551023996038,0.9620349655416058,2.4087393796067835,0.7476475652852536,2.2238682744718425
0.1850115597368478,-1.541380716299296,-0.4855327152528815,-1.8708104093159001,1.6707882913278773,-0.6718743173827596,-0.6845219055000072,-3.31116041777224,5.0272091252720035,9.105892258474075,-8.840746251664463,0.7095445107470654,-8.777609228603708,-6.8712079823222325
-0.20822720002368333,-0.3444871634359181,0.5067615360079795,1.4167460599418795,-2.4868723777279307,1.440442261450721,-0.10469303144585247,-0.9111656444421414,2.028088254918602,0.12730722115538154,0.7135802912300929,-2.1509203853883334,-4.885629960636777,6.61997595573494
1.9388901224072168,-0.03678375111682203,0.18174860673820084,-0.28063191885598826,-1.2891501495937687,0.2647726145118232,-1.9125092970080415,-1.4572502705672092,1.6061846734720129,3.0362400769037574,-3.0318044986214843,3.270390700833593,-2.764655007508543,-3.100071466661661
-0.9892910145870383,-1.510770666236088,-0.18953564282617524,-1.8892458240192942,-1.4200566985795984,0.561910996428929,-0.3416327863061043,-2.5381264514702337,2.2400652691005822,4.210959720793332,-2.0929913382807013,-2.985020828316188,-3.0162596167929863,-0.5140911306605638
-0.789583980488234,0.06570486833502427,-0.302266885063128,-0.615941027003266,0.5336740402425514,-0.5022662868366145,0.6936828758580467,-0.0642322739602324,-0.6274625021543359,-0.23379603100300655,-0.3340101561950993,-1.1433155169459903,1.6016735637902622,-1.1663965880658225
2.071213351803772,1.8786517835701113,0.5594142048634105,0.6894172762658816,1.164135952074732,-0.6733650949347261,-0.8009197793544465,-1.970187776013515,1.8122828548883214,1.5187591922142403,-2.30553893053133,3.695722701623849,-2.8859195521416883,-5.335253815168787
-1.0938420084205274,-0.9112426155629978,-0.5064307947146427,-2.2518049408848,-0.6626856268015969,1.1227583665312695,-0.6195087087468172,-2.4492769170450677,2.9706808167180876,6.34885753813069,-7.060930601386094,-1.7912330705256465,-6.954233062003528,-4.292515738682608
1.4939879267634795,0.6972976954459003,-0.1606274303241691,0.015820049781539197,-0.7674791197946178,0.3138734311188748,-1.494813856619857,-0.5250591488472037,1.16312953947119,-0.6502073137159371,0.5246758830641006,3.0514410748373892,-2.7126337253541766,0.5189996130961934
-1.098313148638608,-0.413639388836504,-1.9155026967145428,-0.6277054219269312,-0.6539936532465229,-1.20785931567366,0.8996457028223676,2.9714620131108047,-1.4378077806621463,-2.0209680188469816,4.019687751631468,-2.527729434606174,2.433035099739087,3.3960557136439493
-2.324757350385422,-0.16441731508660948,-0.650380851946832,1.5472788856852653,1.5335492064263094,0.6013979397395446,3.3945623960955786,2.9457928436285945,-1.2604163827425863,-4.740668588563952,2.629854933463238,-3.6389376997774465,-0.02189583500972067,2.3771753487350926
0.5511748866337512,-0.6508736425033131,0.15724654546914618,-0.5197916909349398,-0.7194389989239633,-1.326834339504284,-1.118438272455583,-3.878285912397704,3.031883024246414,5.069821919038301,-5.862507457846628,1.9702512673756973,-4.656881367109937,-9.634267210962111
-0.07086972337267289,1.2422612291770758,0.07677449095721883,-0.6407165242589897,0.04539894300839015,0.6658358891567526,-0.7204318133953426,0.13293312547502104,-0.893513612701506,-0.6236857424356316,1.2017766494972355,1.0335078617916575,2.4830703177699194,1.2760133107884837
-1.148853933376071,-0.19765096913252514,-1.6152690036074562,0.24290547715117458,0.03232553977753161,0.13570859918749492,2.040663010918305,1.8009556965759614,-0.9349281820120868,-2.762989585986128,2.275094842291764,-4.034720646371723,0.41324741678607924,2.7278723358012127
-0.47289154578478726,-0.9690005594221534,0.1470867340574957,-0.12874022940853566,0.7946245552270699,0.87226418638733,0.7522472506314761,-0.20327721989637315,1.0513017159807738,1.874104245870454,-2.0577460644224055,-0.9987081451272433,-1.1211350769923223,-0.9294124431267051
-0.5049119386747994,0.11684461331964004,0.2780659940474263,-0.5745588872603297,-0.0880159879492732,0.23245425885820808,0.9896067793440565,0.674469685385456,-2.3957144261997905,-3.3700901868948,3.5710521461636495,-1.1660036093621864,3.754762667663809,3.6501170488369645
1.1442776613309933,0.4056137259005914,0.48220768593693625,-0.730391743503637,2.0214182511345977,-0.5297782574632316,-2.1147254901240977,-1.957157400371493,1.4158864369180033,2.5931511971776815,-3.7565488108575003,3.1094715300701763,-1.3748739299753523,-4.940249695202868
-0.6273240954485452,0.6907515639057206,-1.5629316880908453,-0.14723658131739784,-0.3780631133816995,0.6714182102284156,1.8651687537629087,2.15234711414057,-2.004089808948568,-1.5662191771684808,-0.21090540874337155,-2.2450608222513337,4.255131369011705,0.16800741001419178
-0.4917714955647537,-1.697361293162173,-2.037980375656692,-1.4808824871839348,-0.26028113046060297,1.415006249839864,-2.464206913708595,-2.6285774313781265,3.239743079882793,5.854388953377573,-6.9304525669465455,2.7745430515339997,-2.8377531170859087,-4.273150933090006
1.024917855796251,0.19436139941227937,-0.27678164991587434,0.6723463582216305,1.6460927746730312,0.9069697628798175,-2.4033401440850777,-1.3850566579394428,4.107707825379961,4.70182779365094,-6.131669554428757,4.572216874203055,-7.143589617024769,-5.1551374916304935
0.5938830733693595,1.4310153086549933,-0.08580832007355328,-0.2983672619579719,1.5627286095804327,0.764015695348566,0.7850940676602325,1.285366289772371,-1.167377559816358,-1.0871424666606024,0.9767205123292976,-0.6922349065109614,1.0929985901279728,1.9788040807795904
1.8770634377801299,2.6250571731411254,0.02609045082492028,-0.071186511626388,-2.69658644840199,-1.4864940713549861,-1.137570029976076,1.4805451906093245,-0.20794299063317845,0.32449369602971256,3.312234690732119,0.3886885350883985,-0.26516969763394926,1.1976026878346688
-0.06431645657163962,-0.6187075896114868,0.9408830860691605,0.2729335799087674,-0.7019609931576132,2.046521102678001,0.07445834004825228,0.29220409967694577,-0.5778495071732604,-0.9700625266171183,1.7073398869690808,-0.11295598184517806,-0.07231517631839979,4.396341868118252
0.36769800067458264,-1.3979381679766336,0.5811867849761942,-0.04689158985496771,-0.25908209580483355,0.3430354565080797,-2.2901749946228076,-3.7047076748322567,2.794909336070745,4.265195377846263,-5.174098432240638,1.9090690846982092,-4.885345607173872,-5.724140969213233
1.7127546798433615,0.47865423498902143,-1.1165594236186671,1.937042703830802,-0.8094333265675034,-1.4106181723117337,-0.9616095105120072,-1.9388481028061009,5.1421014082140895,3.2247025741648465,-0.9529510281502326,2.9671985767258566,-9.482070940277657,-4.171027499381261
0.38925565718285565,0.29765615347619767,-0.3740423181786055,-2.7080556056327847,-0.7738301761982594,0.13754336570295864,-0.21635097989352392,-0.5803802608696979,-1.4740562621164437,0.512565649000775,0.9553195634871384,-0.6761129598943565,5.372069894145442,1.7153300185289597
1.1506195721078434,-1.2404649579266471,-0.26117657972706715,-0.46982461319754476,-0.08342099179938552,-0.5543003593790127,-2.2938828134065847,-1.7751475237795684,2.4107030584966718,2.8669239037920073,-2.3113609977773195,3.952600556352088,-3.254434653494984,-2.5195218970773503
-0.164022336969492,-1.4541243068738825,0.14163153301614392,-0.2796330184108563,-0.12442936302067614,0.15784950934860748,1.0530786633266063,1.4823313651097958,-2.7764865639642236,-4.490393546306176,3.3455838591658105,-1.2933373727874933,5.123307843405782,3.306245995319311
-0.5584290598413391,-0.7508204635196547,-2.233585373700966,-1.437988607667219,0.1483960035215805,1.1331639646109195,-0.7940298346476127,-1.8154413175177753,2.925578982926145,6.967127732646028,-6.260756867073554,0.6796727647509087,-3.103136869927745,-5.308398333365614
0.12095243910249383,-0.15576543908121845,-1.0542703206202275,0.44665984382265805,0.35249573313155863,0.44164836552995135,0.6688456048960628,0.5129896879893359,-0.3517434298583112,-2.271263699177028,0.47876847249791304,-0.49537709488942316,-0.19451846174589377,1.4457288217774518
-1.0773216083304775,0.6478390188542055,-1.1703065608550591,2.1875069306468222,-1.403038492981696,0.10306192304967551,0.8032260480197729,0.7846638430913804,2.5462634060818443,3.224067492540512,-1.5769382267658616,-2.6760339586526922,-7.316563470941579,-2.7940038370999343
0.034035148553605746,-1.0060526191609893,-1.6051267023925877,-0.40558969466068506,-0.10837416289619836,-0.5441584209198568,-2.9069503063200104,-2.649411191888339,1.5406090723577959,2.3466084272114567,-0.5214948616991917,3.276575666737814,-2.478940806385528,-2.012627124343753
1.3383327756925893,0.10786866515980718,1.956998730313901,-1.498450550005531,0.3528719979121091,-0.9184929178403485,-2.2659218828019934,-0.44403900239422445,-2.574650836125691,-2.4725107438305907,2.9628689138244058,2.565646225418757,4.904352739099538,3.2439148575330505
1.1124566692861206,-0.4308550074111296,0.27425060780341154,-0.9027056511005539,-1.8039177455239335,0.8280518346518838,-0.9832408841126364,-2.1483611552141824,-1.0337524255609523,1.0535477646265659,1.0488619867664788,4.676613119277045,0.4430434991668961,2.8298013194009553
-0.09586897327920404,-0.3082625207247382,0.5162543506678479,1.73691704063899,-1.602571069763884,1.3580150781181006,-0.3602126483861094,-1.2753049758230903,3.0501410286853754,3.611555876963448,-4.0595318064854835,1.1857461817486508,-5.791159334721045,-2.567929030483047
0.7463456087450125,-0.9316057519704855,0.23861513393550093,0.8484791329957582,-0.4847091431872686,-1.4373914926752278,-2.351529444926322,-2.6069643558186577,3.493491502348297,4.151581536201797,-1.6087028353752801,3.9736567157566416,-5.690585792367952,-2.9434506518722503
-0.23339424476927173,-0.9374364630470383,-0.6907190071067966,0.5066790812508273,-0.4394032235400051,0.22044905264735223,-1.272234071821197,-0.8446730574940281,2.570727207793351,2.480406904965412,-0.620387216942554,1.4483321008200505,-3.913481799744491,-0.17728157202489087
-0.2912965663757334,-0.4488511996505945,0.9838262404739154,-1.0734959468022833,-0.8537631512144553,0.18743167373247485,0.8778896970870078,0.8412283855113318,-3.6888883858534562,-2.55795399329864,2.9787360831952285,-1.056481973331454,6.664846997729764,3.0934355406029
-0.622251473308706,1.077471521348007,0.05437394898368857,1.4926763536205374,-0.4940898786460858,0.23482941656317316,1.84351105601947,3.0993885999637754,-1.817034234074494,-4.893697677767299,4.438992737025525,-3.30597338021242,1.226551593007172,4.354534113006691
0.04767269396678199,0.04048830237629068,0.9704616038611881,-1.2454034237465605,-0.280477993696902,-0.4753605932154812,2.0685221752885012,2.0792352728091474,-6.682057719721045,-4.740600274912124,5.346342774956632,-3.2799224513290164,11.126575321746005,3.3098487953722118
-1.6060322445376467,1.930011602263372,1.2075229952105846,-0.12510159699247173,-1.5100209776162765,-0.7818344405563703,4.718250426294819,6.041658862371273,-9.405823770890276,-10.722409632796591,10.974480180140969,-12.100524273343114,15.039265474575798,10.159949796974674
-0.27455505875651237,0.36127175500479586,-0.6942711477962321,0.7560382766590767,-0.955302017386664,1.6129172680822057,0.8676098875445214,1.214833205098895,-0.15109496280263585,-1.192384994006798,-0.3271289795336478,-1.1272280842460187,-0.7958764851665209,1.5803077527705836
-0.35838313145660855,0.4521124413090337,0.740867757631642,-1.0243095508534565,0.9489453414581275,0.2798124791256736,-0.32174622291547555,1.5974574954385008,-5.036472707447708,-5.8554422897157625,3.857421600914044,-0.575649938416164,7.4381328198487,3.614884249247299
-1.0908569975585511,-0.4749834047387983,1.2447283589334153,-0.07402324854530326,-0.2638210940357589,-0.15729503545052578,1.3083898887463707,1.0191753326103845,-4.736625782697891,-6.171045742984746,4.902828551057956,-3.3613218161276732,7.268546564808011,5.302141084141078
-1.2376515666701786,-1.012972671806061,-0.8165040096271906,1.131244962469438,-0.6282525479510713,-0.8584835989313303,1.152820569130423,-0.34890117400070003,1.695593099869523,2.4959491661329785,0.27484039254303805,-2.7363380160293094,-2.3755119220696352,-0.6078117589124665
-1.9405506003869146,0.7426693477102811,-0.5924686375800376,-0.14412608549399208,-0.09126662738142342,0.8216084346571162,2.469123324350621,4.179050025498497,-4.834957928172639,-6.852580125345985,5.442881775202668,-4.191475778409697,7.901022549388704,6.139116181840533
0.962274941983241,-1.0928948845861295,0.37014523026797,-1.2556528287046345,0.4527440204116548,-1.5789598716982505,-0.5075244226259619,0.7120135963264393,-2.0165673982072616,-2.2381674658763346,1.3788443945663564,1.2219457838652354,4.335150576352122,-2.7200280489983744
2.0635966066562226,2.2267330391384834,-0.09630322022119733,-0.6519625358107962,1.11508850146647,0.7575370055660946,-0.23611495700618768,2.090540925235432,-3.7753172663186034,-3.7978914806543718,2.6164298870395646,1.1257286706431515,7.4999066996303245,4.462761857958042
-0.9305702485890573,-0.05093001918360969,-0.847335623283904,-0.7081440141178383,-2.6238417188342265,-0.36225539228916726,1.0859458995047662,1.4300240184506798,-2.505206937960545,-0.3042482348509807,3.7257157912020666,-1.2181784732259786,4.045472970690225,3.763009591771803
1.2114808732376423,-0.653890979274672,-2.629624541611123,0.5206637660790399,-2.3552189622736814,0.04160779254925336,-3.084062401002479,-3.551894820530963,6.626408437538267,7.0390402921907755,-5.3129689174751595,6.8543636729709245,-11.387058084356648,-5.277448594386229
1.5973436235009624,-0.1393481260838901,-2.2564433871847087,1.1477829578314784,0.15429244337262976,-0.3277923371559541,-1.3049682135430791,0.11034048764173958,3.3021064912400453,4.3138218959103325,-4.8614834949657,1.929104339434413,-8.096828905323857,-6.246346479241159
1.2221136990210266,-0.7455690107457711,0.37443576575583487,0.20052304122392503,-0.38928917943171615,1.5242831954284044,0.996721391993184,0.6179264141872169,-1.2199796426468643,-4.01649629748109,2.3202208745724757,0.1514780545777154,4.260114718506544,4.462629641215502
0.44337679096148985,0.23135984160718912,0.9987742466059368,-1.451362525141193,-0.2534973612757428,1.3446768886422438,-0.33329112960430823,0.5666195038785423,-2.8783455020555455,-2.5980290501103522,1.302245327631218,1.5494991793938635,6.146886890555474,2.8939728482048146
0.16521697812162456,-0.42337767154955436,2.5861801588831663,0.059751937565852536,-0.4249111049416027,2.1985372927602107,-1.749226627680714,-1.3202116309220322,-1.1091007915677618,-0.6420067608356637,0.23453224567620082,1.7629169646675122,0.9296362993354207,4.125049163355614
-0.2816281552680887,0.4356344448483599,0.9483819786019466,0.6066349863396494,-1.1405984121668091,-1.2360014628679823,2.79116426792145,2.921925100995777,-4.681809629212233,-5.845698317251041,5.887453778995082,-5.436271535455434,6.035701954131674,3.867670561888964
0.09191829020930864,-0.40292950298921004,1.8971620080114282,-1.3972141195519725,0.8748097834386402,0.4041131820184931,-0.9500818334124774,-2.9172784173827977,0.5424695345665086,3.052038528033355,-2.3471910474419615,0.2502747223337965,0.38322761991244736,-3.613566542460748
-0.6246127173975047,0.2781663912471344,-1.8531861631554618,-0.8765345864265803,-0.20078766885508442,-1.4916725281592442,1.3549640372152476,2.9946638012105478,-3.7774963520348797,-4.510792717561053,5.2813102912758305,-3.355618345876179,5.123663272687731,4.594396844984395
-0.8056420675470426,0.6737395655081487,-1.011117746329548,-0.9411262674308345,-0.2642402514236346,-0.4684155657918907,2.679582435843719,4.488542738387128,-6.051105822255328,-6.350496543445738,6.992665674625374,-3.39572382427429,9.575142389184405,6.0002704259068125
-0.16414024343502265,-1.8816818902092107,0.13509665618773647,0.591963267109376,-0.2508280461370638,-0.2681943703590891,-1.641782599327263,-1.582633628729993,1.667462523751395,0.2741848775491236,0.47633169632462247,1.760375215086609,-3.2152830904497782,0.017232258076355478
0.6144429454270083,0.33693685352151537,-0.8839483735759376,-2.195181291819026,-0.2353871980095406,-0.3384195601444685,-1.6506996503143418,-1.4242317005924836,0.30430091353661054,2.5916597213527335,-1.0944660920754836,2.113795822832313,1.627432088258349,-0.8515354412513306
0.33850063612389625,-0.6757717637232098,-0.02276764431592372,-0.1567275148451371,-0.20968180787438517,-1.6870659135546806,-0.906303712840015,-0.5430792045906301,0.21542811379290253,1.8602629787769125,-0.040025767034553364,1.0915686319296665,-0.5489283275865546,-1.3042263117837487
-0.05688244956154125,-0.1490843480245087,-0.8032604800123218,1.1498622077468719,1.8092240958591779,-0.07628209847813712,-0.3994249566592575,0.23798627346546783,0.7695312752418361,0.31591986552470896,-1.086556480511562,0.6048198669548598,-1.592137123066746,-1.2341532612375972
0.28809765735240334,1.0811858305549547,1.517631562756588,-0.3285879769103054,-0.4519196896077453,-1.3579617121590255,1.7603495232190607,2.900035060254271,-5.538764399663833,-6.901005067581281,8.135898736216681,-2.1611768894801746,9.359660401345407,4.458065313029268
1.6664027037421165,1.0290094215210612,0.975045475030287,-1.3228261576374931,0.04133207997178025,-0.5222060544397723,-2.450904920560974,-0.642019657037751,-1.1520539826981,-0.38296878257359307,1.633022707997517,3.207038806802538,3.378641582201848,3.478928911029153
2.0255756932312723,-0.23640226166038536,0.09458771607042393,-0.15491621982225817,0.08444897505822718,-0.05589988915207909,-4.550775364972231,-3.5173693275384434,3.737703293008354,4.174134146034935,-2.4417698028384414,7.485150618948879,-5.67059492158716,-4.0404197649268365
-0.7525295347123623,-0.7561408883675218,-1.6857027370827173,-0.7027221022234503,0.4180396841537777,-0.46241151637687483,1.3468631207620714,-2.226174046731777,2.8755139989710963,5.1045428985047625,-4.9479255074300506,-2.8185825821525663,-2.5733863386791183,-7.876513854783365
-0.07317691083137771,-1.713047539504234,0.6071344859299728,-0.6534886190537245,-0.8850216631409572,0.1341607801633782,-1.51550118570656,-2.6493386915524204,3.2970953819349407,5.785223969308441,-5.414779311616857,1.0777158085108454,-5.599049978425648,-4.248577079375439
-0.5444002919524848,0.6596424263094031,-0.07548139274573008,0.2948812977326205,1.510544754774229,0.10479040014854338,0.9059623074988608,2.7519483380211387,-2.2548643252960914,-3.6145504204517245,1.4910539198836712,-1.1548492346108217,2.5810905825375734,1.4401292357673778
1.4329346925653181,-0.913269271317877,0.6992926056585661,0.13145111643258883,1.7473613910158405,-1.549516895417988,-2.6735623529087906,-3.441804143959348,4.5166090672463906,4.8580371395022,-6.345475162505294,3.8144115191414416,-6.942718135341772,-10.02255702360334
0.09931568649236963,0.19485003576052823,0.7529780296084063,1.1942477834264567,-1.4583482234514928,-0.8923055767585584,0.043321838615377896,1.114966915964283,-2.7930037743457508,-3.7630406703319985,3.736684951925948,-0.26586859565957854,2.5314546754397647,1.569143795605171
-0.819645003929876,-0.47742289880323807,-1.1215694528489188,-1.0705361913109546,0.5387496477851642,0.5669540120773832,0.006499160920404405,-1.4947936921452123,2.929262131644209,6.05461139852321,-7.838987145825318,-0.2658854445505591,-4.480234116592209,-6.621193024260985
-1.0872220013200968,2.4058498905722274,-1.970706074784056,1.8826938021709245,0.8620395368925449,-2.249581848569778,2.7446060917198913,4.630936258360668,-0.36922393811300885,-3.3085834165805403,3.9891568369145225,-7.161609863597394,0.9204936557809539,2.2645130769040187
0.6025418139809305,0.7436093473111496,0.48181436745245393,0.7652660700183346,1.2252574471995272,0.2808014777874911,-1.10030561922537,-1.1500865154013182,2.173568185893151,0.48361051274037675,-0.7687141181102071,1.8019473040092167,-4.595138087868433,-0.10508829030979208
0.8969309288467775,0.5757997905607862,-0.2486678870120625,-0.41617127485829,1.6986456854019192,-0.46681681164075034,0.10727929262826165,0.7379336915023303,-0.2928031645660058,0.5325776207309983,-1.9143558510383802,0.3004273570810885,1.108548062711112,-2.986267999746955
2.311811529975721,-0.233050597861764,-0.189570625883209,-0.4273426829595196,1.4646989612294226,0.5440096410925168,-2.407978094504513,-1.0288048794376086,1.2354241088830262,1.3006132138065578,-2.7119636777322724,7.660873706762958,0.25099355703504955,-1.3538975527517212
-0.16713316241768572,0.30521882039589737,-0.5621221176202994,0.9079540490843064,1.9861914533528968,0.045152573148820714,0.5601852446605972,0.708569306496282,0.9194997594675847,0.032027802694818024,-1.793212303257729,-0.905981603670764,-1.6326150470885314,-1.529197287213424
-1.1188588508667838,-1.4090828743511692,-0.49164567870180537,0.771494477914226,-0.6754146835386402,-0.05859887997750827,2.1392262550449654,2.2669221024713986,-1.5474810555048608,-1.1514691921885785,2.626076769521222,-2.827941871588542,1.1493546603774782,3.7971912202248466
-0.66449402118949,-0.9620363436214432,0.5116373043934876,1.086464899142135,-0.24559211158977362,-1.8242266647694974,-0.5653853553317358,-0.9952723788708403,0.8956240275250064,2.423962932818411,-2.3882653631659996,-0.8107530597591692,-2.9891163458931627,-2.94885301587246
0.08961917435600757,0.6748759577497045,-1.3574911852028722,-2.445267131399594,-0.38698533943560226,-0.5574380059805584,0.21702198222267732,-0.7948181685106588,0.9826930505059643,2.3300181481377162,-1.357999970218171,0.7571126449714124,0.01330130745374225,-4.110007825667535
1.2073577459355156,-0.14730865108164062,1.4556683030637458,-2.890649006590569,0.9251465053654098,0.6998671473150414,-2.065830295914995,-3.3215212262590867,0.972192256406761,5.149383978166873,-5.930267390069499,2.664688388011566,4.027751808551245,-7.967158648001988
1.3561429153815268,-0.16824330853619926,-0.499908642815073,-0.7056725351664098,-1.2008515286220287,-0.7829146297245784,-2.872575159631573,-2.3690878888868085,3.7403706767896483,6.200475830190713,-4.4876410036827314,5.137999140368341,-5.196585082826768,-5.1242831148491765
0.3229370001078197,-0.26358073260150305,-0.5825836843646993,-0.9452900376621672,1.881563716800313,-0.9551290042615221,-0.16772356459633253,-3.332033442584306,5.76344623717024,9.444505213649089,-9.499151284393895,-1.3111550992918974,-10.521883958526793,-7.797714857221217
0.6050211591704806,0.34634051279040057,1.286174077065125,0.8244670599167897,0.00800945163154685,-0.018972108953173358,-0.6193230628952416,-0.8333477781286879,0.5376882568418851,-0.460874945199617,0.09767313890728255,1.3460000101579543,-1.408563916221657,-0.03410865824786796
0.2864301092903095,-0.9096683894072859,0.21473955814579535,0.05640207563548957,-0.41448724194921654,-0.5484742519672453,0.5448489728514239,-0.9347853125660976,1.8039835092207819,3.6630250918513716,-3.517521681345258,-1.112545785778773,-2.5453905491219926,-3.9435730550631583
-0.9271189511849353,0.3304987155845299,1.0003720175395665,-0.03877022984477053,0.48675476962187203,1.0178632195125603,3.094207114130134,4.308007701103664,-6.164343473977969,-6.4770596731998,4.0976294620746545,-6.466479477965384,8.75953624234418,5.736115376456722
1.1820723927402996,-1.0639642323043275,0.9197673417860197,-1.7142391536892985,0.04478121222112236,1.2303521031500606,-2.221253258278078,-2.126543000569331,-0.01484400638903885,1.0814678883083673,-2.8532657338397507,4.197433895530897,1.2923647090664727,-1.6025493938528734
-0.1305350418030618,-0.4404284647240268,-0.1363387022620312,0.4266607091090508,-0.3488151429329263,-0.9014301291235787,-0.25451098097673536,-2.559893484355165,4.545335995374287,4.903777791685121,-2.8028173042752735,0.41325242765044173,-6.709452255828473,-4.17264124658085
-0.1280427957078998,-0.7278270078114619,-1.7982410704561396,-0.35873280541001795,1.2267822886814748,0.5855712749268334,-0.1255858846255685,-0.9911837963511764,1.833870857085681,2.0108555495974607,-3.424209846873176,0.4848529369691155,-2.52751461936097,-2.7748813135997845
-0.8898326417054209,0.17457464878221648,0.15625431645762378,-0.5513239205260798,0.5971823888510052,0.18860003223427663,0.24330296935141793,1.2350617222878495,-2.5727258217192537,-4.053160314341439,3.879464396304367,-0.5165685847628918,4.441798995846839,3.7967098075872228
-1.0889953928298461,2.756558086395834,0.92250189595762,-1.3986026346286489,-0.5258346979787258,-0.8452721726627603,2.4592006050931308,3.8266694579276854,-5.964634048365083,-7.656379668237945,7.80231371146182,-2.1848444002375933,9.360890065936815,7.358159745250398
1.7436343273057597,2.191096837170336,-1.052488116884995,-0.5611339529011414,-0.4589251768661072,0.667256912214756,-0.7604961688785626,1.4611202930914662,-1.9502929553417914,-3.7283380695988924,3.0311155129855933,2.5484279430411076,3.5920686423508794,2.9430861085531372
0.0316092518451344,0.0626898900590343,1.3197909224653188,1.4074687935540777,1.183924258184325,1.4486931553544422,-0.6196597341877742,-0.532878987727254,-1.1984645947225985,-2.0595907338354875,-0.7584091437846996,2.0739825920526784,0.1227861903646146,2.5158540512821825
0.343814678014981,-0.052957122185023825,-0.8552425016515165,1.2716556152072758,-0.16657910986001362,-0.6385903772747946,-0.3728180608675304,1.2273660566084927,-1.3990712064222552,-1.9463118364639174,2.1331996202310677,0.031891567664681215,0.8682021116677474,1.8240399601075408
0.01873122347884707,-0.6379391999737397,1.1651688118535106,0.034342299794167544,-0.3770318995996913,1.153012799777108,0.8980683445459551,0.8196438958199149,-2.521561938133886,-3.1282118834571033,3.509392812344487,-0.8779141003287012,4.001762556921008,4.320978548965672
1.385238120044249,-1.3894686433290693,0.7541289055925019,0.11087417979177266,0.667117801864374,0.5099832574075422,-3.6849932762090725,-2.829765042778727,1.9194221300045426,1.7441007778018367,-2.9892637123042127,5.735748598099523,-3.4221631470884852,-1.519151334237204
-0.5491644387028746,1.404413398906078,1.0666879096003388,-0.6883456517756911,0.24660040665268762,1.8122227401507645,1.7892445329814872,2.947306682603613,-4.615891822228825,-6.776547688328672,4.467707381455119,-1.9544594942054143,5.551940150350648,6.840294512105886
-0.8458730299574573,-0.2780100209333824,1.6458086438938002,-0.061937708109722454,1.4489598215336548,1.2420567647270142,0.9997193936543322,0.40135940053995617,-1.7518544199605766,-2.1620493933695686,-0.5841734633052977,-1.863486382754429,2.048242328865227,0.99763204051507
0.6777787817183234,-1.7710024884501838,-1.2887544236210173,0.34475581382169956,-1.8320953179452442,0.17155800071692437,-2.025163540814449,-4.514824341596701,6.245731745415351,6.591129422439197,-3.8291847267864356,2.2302590793235297,-9.350144001232843,-3.0737311973093076
2.43519338946717,-1.7294011127181252,-0.7930452353704069,-0.9634256263957783,0.4639264352087773,0.4475108118378292,-4.677652896544478,-5.53855492746587,6.447397890631132,9.341400921257813,-9.331830076582461,6.17449964336096,-9.75514695297562,-6.432724690777601
-2.3841186378705252,-0.3767191523400772,1.117946101186542,1.4964658229617043,-0.6423297880766781,-0.6235204374787936,4.448864512593236,2.2448098273556414,-4.756886309772424,-7.892307099944719,6.425793614215433,-11.032195373370005,5.029376691546652,4.326610026163609
0.5470927881998319,2.1329160855663933,0.23102290710780013,-1.036705838452532,-0.7288495281779996,1.3539111871514464,0.4037607194594494,2.0589460691181634,-2.62153446436622,-3.374573427862647,3.6436371117892015,-0.17496557662528797,3.258528321954604,6.322691754916936
0.8109783028841134,-0.22785638280607456,-0.2659876888885047,-0.051982572853065324,0.4571501369760627,0.9225141711195619,-0.8101618308689931,0.10864284488305449,0.7216609966236558,2.239089061904078,-2.412067977531993,1.7386268263445515,-1.0498444563421223,-1.2257434086074996
0.4138995309481948,1.7713084119355338,-0.8126154732960773,-0.4425788024925512,0.24805027498181664,1.171569385600979,1.268652936174806,3.1550214703945167,-2.862467312874944,-5.512791483423952,3.5472814596086133,-1.878957788537093,5.320054255598153,6.25010820226021
0.17546842285153874,-1.9716447031724056,1.003415483357426,0.093052158738719,0.49103997243395936,2.0220691562325546,-1.076117392800826,-1.8580159098487974,1.851619730221422,2.636853736987588,-5.283993546623321,1.6189434542327203,-2.1172447654768285,-2.3393241897241963
2.2891516331926196,0.30944862045278493,1.2689585383064392,1.05753328787377,1.132545466762762,-0.1304465313347594,-2.120097482568166,-2.218470467473598,2.0784276152882586,1.2744584171800466,-2.5596731821921135,4.809493724631728,-3.416633700694726,-2.5676058387679666
1.5442865517069704,-2.186236894429628,-0.5372308007566925,0.1608345077953819,-1.1139701828101995,-0.6574064075390634,-3.6763335659098506,-5.747546516006205,8.616015017952689,9.418877124487706,-6.11849174310459,5.459422280572761,-11.881316239087734,-5.418103633303237
-0.45973777129674886,-1.2828871852384995,-0.11408049549180538,0.352872419033462,1.6124644089083755,0.009296153532469743,-1.3395279291760323,-1.4360043091428296,3.441137969037711,3.7640086950473406,-4.742454111296803,1.372857236665778,-6.158854378605995,-5.449695190707362
1.1296698392077045,-0.44237320789571744,0.10476654381623984,-0.22382506577593037,-1.0585555529131359,1.1054082268807488,-3.7203262281201916,-3.8834734086043303,3.729957798739801,6.547674624487131,-5.598511575177869,5.580290366636698,-6.140373964078001,-6.173260333261858
0.6264196623050988,-2.0903953928327397,-1.2191845935040235,-1.0214617415000669,0.48395021415502937,-1.1708199610904975,-1.7410015801566026,-4.557696044213876,5.809130084589669,7.066651450668942,-5.135120130063501,3.688271957360368,-6.625958500742922,-7.708569691094607
-1.3634502072715022,2.521151105532652,-1.1602908676804407,0.36170654485222226,-0.06989372401190647,0.014144568044140604,2.813086496885377,5.323096185139134,-6.682538969772507,-8.883863941457571,8.743187285100586,-2.7216675986724326,9.640198396176473,9.9056952061823
1.6065290706627255,0.8756698640481649,0.5788178918951554,0.07387135289510786,-0.2113241815346641,-1.6842881933482938,-1.891265438426699,-2.405532596998248,3.3950496019792027,4.381331841798059,-2.7487593646163377,4.668983134208498,-4.408814430376786,-6.092230878295249
2.0755203706805654,-1.1163704777074646,-0.7099851683362354,-1.0259574132804172,-1.0577328099821077,-0.31224487149310015,-2.540618925115675,-3.0732068349969306,2.9133606432277204,5.098871630156956,-4.167331665651774,4.737752282123069,-4.624539705381976,-3.4911096777639963
-1.5794949159433354,0.5709723522057669,0.2601624145200371,0.5658625897859294,0.3390980670727666,0.39821044054117233,1.3602383419478377,1.4053318543724174,-2.784484724768902,-3.91261966574995,3.9252040246877153,-2.200111608367891,4.7657922522092075,4.402361229088652
1.366231342852152,-0.482676335546065,-0.5932799127735413,0.4502534271818197,0.9110390613512325,-0.9293487632017156,-3.578730582629183,-4.119384854786158,6.754446843381591,9.167211618169578,-9.814013192893846,4.067448776240082,-11.067723349502696,-10.448541147118743
-0.48955179684192274,0.4588544748694767,2.4754163540419656,-0.19621124318760777,0.5434701461802665,-0.7425673170353315,1.2405937995430252,1.6694260357857562,-4.264234249037559,-5.936684874520013,4.253096921594212,-1.5895882739653058,5.846085574072766,3.6721904835196972
0.32478179040373684,0.43533744508070327,-2.096917686656538,-0.6470499885937535,1.2234516260057995,-0.11477592214150631,-2.0323757747213897,-3.4541501991445966,4.938290382985007,7.7141433143677505,-9.04127754947585,5.293641730191814,-6.482425861043063,-9.291308905669244
0.9897728868756929,-0.9483439084540145,1.3097159272648031,1.0599766159739765,0.09052627125387962,-0.24017226997235228,-2.6926822427837096,-3.777856808115827,6.1242056629523525,6.74667594326244,-4.9381146353123295,4.589294477469653,-9.355691318982716,-6.088518481503417
-0.498546776062754,0.540077735225672,-0.21492823150065252,-1.1045505664898971,1.192492335784854,-1.8312547115068103,-0.17126116590315282,-0.4741712994635616,0.2865639247370524,1.5475758678168123,-1.4337198786688472,-1.4010417231569516,0.8895251485661172,-4.169712404249217
-0.7900283086885871,-1.0780214185372445,0.25198062199850013,-0.00682316533577864,-0.5420468637126759,-0.7580399672766815,0.24020324546906022,-0.6374872830222897,1.9886523516832044,1.5508225524659127,-1.0666829734610777,-1.0488148880870731,-2.4235409719543113,-2.0083943797735486
-0.3681001799649681,1.008535027406706,-0.6657112599769505,-1.806777042517663,1.2056734611043367,-0.8362489719410073,2.105222669846777,3.2493326842691856,-5.030871338637698,-5.03481652972701,3.73219515838801,-3.78276901174174,8.935831179987218,1.8128091312877481
-0.033732409758323326,-1.3163030174647437,-1.7075360956935133,0.3221777876529478,0.9038437725260079,-0.7270567668073057,-1.188358782274633,-2.8632997104400877,4.1070825470965735,5.982391825405076,-6.083820941508757,1.805788841663596,-5.731964907673277,-8.140503887331551
-1.5246169780010919,-0.14082514080757233,1.11769217590949,0.35179722867849106,-1.252963722224661,-0.16822326162347728,0.38565480296681137,-0.7238639182444416,-0.08477398593326893,-0.8261227204750634,1.6238876733775605,-0.21545934618269036,0.5224978538756109,1.6879828885100225
0.15381545824361656,-0.4819695278518816,0.1401993350352236,-2.004863830813961,-0.6897774592356898,0.02801953148163443,-1.524827527395139,-1.2025834216661067,0.6380800301572447,1.900105849122019,-1.1757207397766225,0.9611538928860959,1.2502772718799786,-0.7045473437719997
-1.2939970168714454,-2.714933054261449,-0.22811710281747688,1.3812906785903913,-0.4337400232389513,-0.11150068150386233,-0.43798077728904866,-1.3856871398358663,5.971708838161874,4.622571186629179,-3.8567779008061605,1.6870075429172493,-8.384699516387068,-5.084305170882464
0.4350103786808455,1.0882939065489226,0.9065444354711804,-0.4470005469235941,-1.428722008684878,0.7685901219199623,0.40071850562756195,2.6019127462192646,-5.132346608298353,-6.328117023107079,7.9624671657809145,1.2791635907750187,5.239252743824521,9.880737277247096
-0.1661156521096018,0.10333196105992164,-0.508150029129121,0.30656386939475994,-0.7583023195808722,0.14078703172027485,0.577562549917127,-0.6233070273327257,2.949156531019517,2.7686828597697257,-1.6456996565569695,-1.0982554406029696,-4.9593377309289695,-2.0099620748337896
-1.4285031152355478,-0.8118113325585211,-0.12492176628777096,-1.0696199483700064,1.0653373189860686,1.2927610167263748,-0.8318891635295435,-0.24546694843634026,0.8512197708065095,-0.3819377882698227,-1.620424661269455,0.07081818718271042,-0.1053177321213113,0.7156490704380064
0.6200997328469035,-1.09281054995724,-0.9554471155157019,1.8208767561319965,0.5165168074206555,1.0363196573071967,-1.7210326973180026,-2.765610563251313,6.572169657581199,4.462551900660943,-5.608690803034625,2.802598645868941,-10.828034845665904,-2.7850770246386274
-1.4081164869943552,0.20625117634737494,-1.278031679079562,1.7857693993974189,-1.5149052688397076,0.5639603778464565,2.698982552007905,2.232944206867103,0.6628844473946329,-1.1153942581594185,2.0911560017458584,-4.215147200699201,-5.507513576347747,1.8094781547252006
-0.5534736607569186,1.7461491592267366,-0.288059674119658,-1.3262982020875203,-1.003752867512302,-1.513804075453594,3.6019593510601027,4.9212370924726745,-8.75378587158749,-9.716004061522359,10.974790593306713,-5.719131990334091,13.71360798933685,5.766696136416995
0.9520225517589521,-1.1546141861872952,1.2850430920579972,0.11464693111162147,-0.6448445532457573,0.011137370172857382,-1.0636202305628557,-1.0957048404635565,0.9451786088011707,-0.08354598368853335,0.34784332280466873,1.9653970144254296,0.12345836228907617,0.4993295699198287
0.689100090680598,-0.3469668717812195,-0.5490069543700279,2.127002769108606,1.1177620426968415,0.2831897201912347,0.40801480097814,1.259069190607493,0.703894900432086,-1.3752326340485066,-0.8864074438152337,0.3058274603584065,-4.158171525353299,-1.7566619141865338
0.2594326953226536,-1.143700474330678,0.1590353297335125,2.006226367591842,2.5905782713291723,-1.1363351341442378,-3.0763301177742712,-4.0512630769447355,6.0797224986091445,6.069038137501495,-6.820453069499567,3.470535840270326,-12.860613919919999,-10.806077621694461
0.05803753963959638,0.18792766208301287,0.235585600775684,0.45932307273277123,-0.8690216390722342,-0.2456111647320209,-0.2544467819138864,0.5674473944500676,-0.8921507730411634,-2.7463856337280936,2.491746930884377,0.6115716352740649,0.7336350410729758,1.9054721121357105
0.06505004935446575,-1.0484116134192254,1.2955830322147044,0.4412344746447515,-0.46278020008415127,-0.16517327477445543,-1.7473940472184122,-1.2320156869048722,0.577818457831681,-1.1365591063522915,0.5021358905780104,1.7690832831411782,-0.8664665425993752,0.022957924340543404
-0.6607482742264429,0.696086404938332,-1.3972608797362636,0.5595900871054149,0.44317108091567,-0.5930238379235075,1.7786321371377778,2.071494409436525,-2.460006917410126,-3.558001140175458,3.3840703869997215,-2.6964114292551042,3.0902265646578546,2.850227079518412
-1.3135497021176212,0.7683066230324415,0.8934821724396679,-1.3690061171288075,0.035021322510276176,-0.5591265965422139,1.0164697224783572,0.7691404454822632,-4.677112085548481,-3.5268606991597604,5.044048877692338,0.31382135752177476,9.497473477441924,5.679666698071186
2.2661279585216407,0.47024338467199334,-0.9924355507068882,-0.6532208880227376,-0.09011745695527973,-1.8067304926576666,-3.4853437952682818,-3.7272442348427264,4.753068898955024,7.442140143967373,-3.892282683035166,6.113727252881999,-6.6534593809743745,-5.309996205504405
0.47669955180456525,-1.1228334640584618,1.059236244843672,1.0888392749854932,-0.23925730859401428,-0.35292037072131444,-0.24726183633823157,-1.8538676527203448,2.483365199558294,2.670018009583668,-1.6438053925508644,0.5444539770233732,-3.9198982041921764,-2.096282016417987
0.45805500745919137,-0.5556017999234272,1.6314733480592143,0.856511176173616,-0.6015924002117794,-0.7810735183405877,0.28248206785752145,-1.5044705200542017,2.1978765235539854,2.972819857271831,-1.4131499152836715,-0.6629763486418098,-2.965633374038062,-2.43102141043104
0.16390619491006023,-0.3470525140583573,-0.3751834689431263,1.0640685016078417,1.3799985259739402,0.46893337566130383,-0.3661839407914129,-0.45295966655791947,2.473616442474423,1.9663402023884726,-3.420055755066211,0.5375096126336522,-4.701117364450916,-2.8597635466221627
0.2766617495153232,-0.564854863184788,0.6015546873005966,-1.5546642581222339,0.9900376626414992,0.31635832216109466,-0.6685285224808469,-0.5049588564111661,-1.2716749182337106,1.302670865329001,-2.248238941829028,1.1634594024891447,3.0586871606059884,-2.337206220092361
-0.9795677075026061,-0.1044337674762834,-1.1165011718939502,-0.5550191412597467,1.5203556125468514,-0.8524952884845293,0.9165240489115433,-0.0927000492160035,1.823926385165581,1.7266526209936406,-1.4795564270071626,-2.547596937603827,-0.9768052166495216,-3.4270787559140676
-0.6508274306778397,-0.4593587074535218,-0.9071303259168509,0.11086353362005016,-0.010493169928982377,-0.7205452957611052,0.9147380932640585,3.1349893454802285,-5.037651706351876,-6.758782159480875,8.082623737774966,-2.8950995240187773,4.032368442245245,10.59355199563162
1.0179763355657958,0.5368092535533978,0.49017677460671444,-0.03961404937433307,-1.487435082492439,1.3418356713718282,-1.9722106215193422,-2.0977910596493565,1.830455504498923,2.791963337659553,-1.680082625421639,2.5662448971671976,-4.044775200064992,-1.3089597074036654
0.6782864820095118,2.692255119312082,0.2657680113998889,-1.4675302775171106,0.28788595658568483,-0.43113978303829686,-1.0467777552725595,0.6009038987536579,-4.406021267630178,-4.360030297561615,3.22549246264204,-0.7216803972185571,8.42829806889482,3.0893868644537816
0.4213148966981893,-0.5645890913447491,-2.589714117499978,0.6835853309770281,-1.2684444719456638,-1.768203937051422,-2.109763221337346,-3.858705215318106,6.846931462321492,9.159356344712965,-4.961001478384224,2.1104167790599275,-9.367965741777807,-11.87098975605938
-0.15761274567679667,1.3513388059418983,1.5249641901543192,0.12138373745720848,-0.5116429387948078,-1.8628597036654742,-0.030374815117650222,1.612227723691788,-3.5941991211819495,-4.851572595992305,6.018010406311677,0.04633688181349412,4.653350988459918,2.9394548408198053
-1.9849199426309265,-1.9356556740383237,-0.15356471700235125,-1.5867487268638687,-0.4716007042134416,0.4656661549839473,2.363887924242857,1.0203040924254365,-2.1851732548206693,-0.24534815019803197,-0.34178216035349696,-3.467791665327817,3.9964675901703646,-0.6160345871761654
1.1001875553927294,0.23903900227030697,0.9704029636827267,-0.6612892775588628,0.7192343047467656,1.0491570965266541,-2.641661096955512,-1.11183705202311,0.14002331806757412,0.9826760428363621,-2.874169872932241,4.930258528677981,0.08418546509399544,-1.2936623310192554
0.21714848927456074,-1.9831267398370365,-0.6689343201806174,0.6875773878771618,0.6642205911676454,0.017427523851480588,-2.0535091974510946,-1.9178663242617482,3.711164262465464,3.9648668102466873,-4.355484240948623,2.9442188178252517,-5.392090437851227,-5.537493784883802
-0.24539733549148526,1.1486056964257167,0.036088302430659365,0.5288858834908068,0.2402412027901767,0.8691053043622112,0.2476080129430111,1.060612918715375,-1.2056039822060478,-2.123898489242206,1.6185814982920823,-0.2067728558848044,1.3873389476679134,2.1860024796125175
0.7895574222383127,-1.8567589025617395,1.3842597033895445,-0.41732189599863384,-0.9238027971676136,-0.6684973447692154,-2.335998328804786,-4.862419562757759,4.90623505857937,8.146843565088254,-5.650129270851496,3.267513510516217,-8.10638742929761,-5.005547717275763
-0.6491389511130682,-0.9473797385512702,1.6957749726470392,-0.9619460210599504,-0.9234374674581087,-0.1889866466608495,-0.5784678679335461,-0.7847347259527202,-0.4558544255484352,0.1413642427860929,0.6899423661708266,-0.49206579567045966,2.7409882988653136,1.4090150407977868
0.5684379518842244,-1.1170227347104327,-0.6993718019390388,-0.08795199526903635,0.25998712451752004,-1.5392745165697759,-1.7099334657698624,-1.4770282241985897,2.859246220230116,3.6886009926585475,-2.9500202297271683,2.5764510663675027,-3.65800030007702,-4.85684373986311
2.322438717249223,-0.14816634358209427,0.35573700880602016,1.504327041645569,2.8279833834537285,-1.8027355368953506,-4.618655736566012,-4.696910690906157,6.891787286315506,7.839776297072417,-10.540933850274618,5.829611000741465,-21.77586694931796,-18.57894095435991
-0.03347073526867034,-0.15224275173391605,-1.1941657850060343,-0.058183990798882,0.5834337940653709,-0.35947043540156104,0.6835750247103507,0.6409982498947404,-1.6858137922550882,-3.4517218450967566,3.043175822594812,-0.9929415092693814,1.6408968272529716,3.2280436724622428
0.8939710801766154,0.36057532174912715,1.5226956267465508,0.6306048293463731,1.0910872343767142,1.1362665468145727,-1.9483624138657947,-1.678134732283857,2.2811597436876285,3.107588817515431,-5.414262771766607,2.426672906731959,-4.338284067544047,-4.192666062746148
1.2655346343275877,0.3008566814003404,-0.4140518913693755,0.4540870392318036,1.254270895720816,0.16249774941937817,-2.3799395974953907,-0.14094727430797685,0.6088904208218072,-1.2400218956536013,0.6193561746528387,3.8011852634035304,-1.2478996195244645,1.119682909420165
0.721728821933776,0.9322889852660611,-1.9080216337827427,-0.9799394493658318,0.6660465653231916,1.2618499501301446,-2.0883872729922035,-2.0423228965329163,2.723559319768597,5.329394716332696,-5.412431006130866,5.8655114979907825,-4.635276089289665,-2.247517196084829
0.04446595488674147,0.4330304334581399,-1.4103381066801128,-1.4238163152392707,-0.9427862866680078,-1.0561652959607877,0.6389405694559411,0.36264524591491126,-3.051988034042287,-3.289309783264871,4.498598788757742,-0.11581294133565966,5.881615201625902,2.9729449071213523
1.591135957717484,1.5669151238525758,0.802276869274269,1.354812325898807,0.2412233710048612,2.7338428501457326,-0.9776445195558149,1.9635450732889224,-2.449369596459735,-4.147696505467882,3.6600046661723584,4.987666513730754,5.027391431663944,10.101506249696895
-0.5421868523893585,-0.13365498840527426,-1.032073631280261,0.5277610644359944,1.2499043357230641,-0.1455477213717814,0.29225797829003725,-0.9781225507061067,3.118228574576313,2.4811673642598016,-2.338414256869133,-0.4906860828101622,-4.664822375154111,-2.3751390664867182
-0.2983147163455777,0.9810926362875935,0.7527745514607371,-0.673091233822165,-0.38191372512260696,0.18880243631933555,-0.0830325721297294,1.5262290908725729,-2.6315378911250917,-2.029546978676492,2.009156765379634,0.6740918820045766,4.238887446677915,2.0753140256036433
1.245599983817617,-1.37476553850372,2.0452882041911855,-0.4068916934848285,-0.2640049242637754,0.5904229075369313,-1.0891832240437074,-1.889478100194499,-0.89765049757065,-0.684447506122947,1.8416841489636737,2.6507072323596805,2.054747006347976,2.325267006731968
0.18927189811704273,-0.46689728747358283,0.0686320984126032,0.021088931465420537,-0.5297782490084022,-0.6855341800369391,-1.8216947407428061,-1.777037865327379,1.645693244124318,1.8155944526284375,-0.21968627729119677,2.350521433590328,-2.555354432101843,-1.2062250475035992
-0.10922871872963093,1.8320475342862748,0.5312771957888012,0.5376013520390683,0.22365784847353565,0.9405623100145372,0.8630246824415124,3.06970914093426,-2.401306853317418,-2.048566345684921,0.1485010564391498,-1.3234207080267322,1.773083107523086,1.0958068859113683
-0.33428592938627133,-1.1047691900009182,0.6341870760542314,0.058344717613722105,1.7362066602726864,0.8511660178683279,1.5907258074204667,0.1454895853518587,0.6868377827332061,0.9227631448178288,-1.4815222261503145,-1.906717472661191,-0.823835837352134,0.46618989943395384
0.9142408016914326,-1.7832604183012821,0.6453029361118039,-0.1408018884003416,-0.6811718216385232,-1.2553738325152453,-1.0674391790785076,-2.0542300142390895,0.7857871379962956,0.4218885792181357,0.8121570967534506,1.3639193347094432,-0.795047639065142,-1.141639699572623
1.0336710899548576,0.32319007233830543,0.5747432015888507,-0.45472722890149553,-1.4930955213788912,-0.41652191195160393,-1.7187201628271993,-0.752424218988669,0.45644018828304267,0.8866823099738241,0.9006641500795665,2.969260434732858,-0.7588058341348155,0.3992969733687926
-1.9951037812553456,-0.3431247848695113,2.345479609836142,1.1974926613687844,-0.45414540751342347,0.7168848007996004,2.053421067155019,1.8624359421223948,-2.795850169797421,-4.7806780693887685,4.028268840395558,-4.2863449501558115,5.734201457656955,5.158578618109677
-1.0530778014150104,1.4063705769982748,-0.20007820831959383,0.4070618425621655,1.6515114699818625,0.5429340714258557,2.11736937575295,3.9571843845523134,-3.832823963973524,-3.979655479447354,1.9522006499154008,-3.178111592029199,5.961986827699812,3.66163705742387
0.17237817203434216,-0.08227926908299556,-1.3701577171757826,1.569194955378028,-0.8985912479981497,-0.9093027438488696,0.21697267600032596,1.177693010318025,1.2435767415269998,-1.182349609596812,2.2810182450415946,0.4226813234296213,-3.053058054763033,0.7740934739545664
0.1771360594860516,0.7312073100399292,-0.889384287306138,1.9211263872876474,0.9836214914594189,0.6136429526305093,0.5044648148801947,1.824405382321712,2.368552831418286,0.677415368778769,-0.29626372947413937,-0.6770662084252048,-7.175780204982395,0.6771325937387385
3.391193577451204,0.9459954441172398,0.6386545040632612,-0.5638462000473753,0.300409713970002,-2.0375058779681967,-4.978710078261731,-3.5473016139039912,2.3182667972679187,5.690595540549382,-5.736625689687429,17.77385828807252,2.3674346621087947,-9.736284649146707
1.3081575244132508,1.3672208464617617,1.1443977512740156,-2.4324537467152836,-1.713866849588195,0.9814393829839592,-0.5288383819580018,2.3445577146620784,-6.769142214989504,-6.862498008410361,6.325906571702212,2.2175938037896756,7.464646332000477,9.26670713933412
1.256227101058305,-0.5260892632622018,-1.5285224370247077,-0.3470163374507514,0.38456001716139604,0.5790541659153036,-3.48883196314003,-3.728914095244888,6.084774820383522,7.1779512710032645,-7.628995538393784,6.054532378357479,-8.362426708038576,-5.539427822688768
0.7233816698267717,0.27396551188651447,2.1501042014001275,-0.08660188400457908,-0.3916391680283483,2.0178760956125394,0.18735520739871314,-2.4709229035050644,2.6197580885545833,1.9171901776580942,-1.1128780762893837,-3.418953337848944,-5.602090905122642,1.3703643584240832
0.5353350596503219,-1.3622657384093928,0.7919462422922818,0.6295793591150904,0.180231221195138,-0.47951383497539285,-3.755408242629083,-4.839827040447909,6.847285584875626,7.803003010412822,-6.462033338142861,5.068419416670759,-10.453426931848053,-6.937861910390539
-0.5577999616896038,-0.2135084745712392,-1.8585648105338504,-2.353723722718268,-0.0642995573223045,0.040414436060084345,1.096794921181591,0.4745471031155175,-2.0490739604101247,1.6317419724856996,-2.3568020996497547,-0.8774934830457214,3.7009155265262845,-3.012432006394507
0.18280606207772926,0.17887851167712837,-0.2750949016487062,0.8914707069613206,-0.01027829985995335,-3.0530415984530492,1.1888480481106527,1.5614239096083617,-0.6003644766613598,-1.919787940291844,2.230410141199106,-1.4699751982655935,2.462353051420858,-2.784868309320023
0.9164817318896836,-0.4589897355027149,0.682690487553948,1.0962065967940262,0.021596728006886202,1.3917182114246214,-0.9823172983512491,-2.239364229200029,3.5687153744128333,3.742238422472479,-5.402036284986363,1.6924999255432276,-6.204484306516892,-4.379613229859232
-3.1804224596777475,-0.5173163923026532,0.9796172351808266,-1.5292890830040347,-0.21393879276540378,-1.3383885219306997,3.9863081527531947,3.5797790086150703,-7.317472674051335,-7.394576426996527,8.092370936289434,-7.141697986124148,14.835939091062171,10.103714148090777
-0.04240918209951464,-0.2776869470631944,0.17482930496717863,0.9849259501348214,-2.046406912168284,-0.10063187026998627,0.18862935036358996,1.4301085221112988,-1.635791984228964,-4.6182022522516855,4.5286692162811875,-0.41658252636877924,0.6195270839183995,4.030434350470369
0.5139738240597875,1.191336354558233,0.007956742320985416,0.30434545547726505,1.815459285074983,-1.003869930408943,-0.2925874195741032,1.6302399734595439,-1.8318872336796421,-2.136941094993706,1.4152143016421028,0.9100913570403101,2.0978597736968845,0.6230186364454876
-0.7583781189414291,1.5259543281506485,-1.0035095795070086,1.0350069729727291,-1.1789886993816208,-2.007325655943312,0.5965736702712716,0.7730609262948491,1.1673994589740364,-1.0559141743702827,2.8908954611746114,-0.6501142456349337,-0.2820077909605039,0.20908187548527407
-0.8600990415693418,0.11516945688177825,1.6705317708448149,0.6216872403615955,-2.039928379236191,0.31579284403948144,0.5871299696933497,-0.6433758569787871,-1.0269719955343164,0.22609650694340144,2.1138835397083238,-0.274864818701737,1.2766786202778506,1.183630805753605
-0.6544667167833267,0.32761767656803936,-2.147104263355008,2.9705621762700902,-2.0742329477771144,1.0115592344502888,0.6955004432916199,1.461898429723858,2.425975611284288,-0.9456991019840268,2.531839576276759,-3.8318055228176715,-8.458469583196218,4.230925404330017
0.5802792727513727,0.14467812867964674,-0.688568501627951,0.3240293874478082,-1.1573601870346595,1.3024688816356902,-0.9567984404947734,-1.4591543652444954,1.7916202394602239,1.7305555604721765,-1.014882204149619,1.2015551780980505,-3.4595371222113975,-0.2180095275843335
0.22672509923697556,-0.05536565944207256,-0.4095970468835713,-0.7527226041722687,-0.23930062186720907,0.031768820721816346,-0.30132816878844104,0.1454288241860778,-0.5449876559225636,0.6813587295333073,-0.3324743866023905,0.43145816356069616,1.3216798022535061,-0.2890312701580744
0.7055950156511613,-1.2462574620934288,-0.7836933767609207,-0.4070735802436485,-0.5723151220454922,0.2713027969378029,-2.1148197981546,-3.3276793896917995,4.617228555982896,4.693130107398347,-3.352768716047942,2.8579468796936403,-6.676940060662114,-2.4000389999662755
-0.40242731897135636,0.05501169413096936,0.31145352193577314,-0.7335940189303771,-1.3092156064823963,1.2875628781710222,1.3827148256077948,1.7868077831917968,-3.401742848795959,-4.1085373770040645,1.6012165035119084,-2.5223677753474543,6.689595876862889,3.3437963480820194
-0.38452493147260586,0.6293576631493193,-0.7761506172714175,-0.22717256475223335,0.8897555712272078,-0.7601991276675991,1.53883818571287,-0.1606693109924904,0.48463221200566386,1.797477411265888,-0.667255549375297,-3.1026155154853226,0.575898861402519,-1.8443476367687495
2.2170677300258035,-1.5180302945330453,0.18809441428463633,0.042672766683838084,-0.2899642825564263,1.5960586917991888,-5.90191190065755,-6.684698787308343,7.388070007225262,8.784385276436593,-7.22790412003588,9.56686427965848,-12.935122255797815,-11.260274946523618
0.9832765965170235,1.3192681136886761,0.7266709379722242,0.4392001944109119,-0.8912894843287414,-0.9441010035577243,0.4668688311039064,-0.0210374155659937,0.5329961736273547,-0.37126743552686253,3.101332572873888,0.02424219468309997,-2.200386839696931,1.7550186468516862
0.05538706382006504,-0.9668697732006882,0.15490467033384647,-0.4283621414085767,0.6240316784348845,0.5289637670401983,1.3411708161935338,-0.4530643923187079,-0.6993560174347409,0.23399744004774875,-0.6602467829111671,-1.660295093786916,1.420600131133094,0.2706158694866977
-1.7456049125365372,-0.5035323094459064,0.15761590288159205,0.03920047851747408,-0.34643338218412917,-0.33761393450808336,3.114250646584317,2.1939056729499247,-2.7767532161013047,-3.8143288578205716,4.066557222939021,-5.950285796916842,4.054786043522073,3.6018995894659827
-0.3854345595117182,-0.5636584188325439,0.17242176333543532,0.47359478057736926,0.433113617683614,1.1254283195308148,1.4332324327873736,0.7328801083351916,0.3778961146681121,-0.8085336882025885,-0.8420857394626428,-1.6529337862525262,-0.7054061411125561,0.7006073026590768
-1.5455459044008266,-0.25259293641078956,0.7801111779240282,-0.16038447907757253,0.44159192545543496,0.14610191333628644,1.4653425092095713,1.9919082199377594,-2.8678056534563106,-3.960445550915211,2.490595367670548,-2.41472525120586,3.986215637546152,2.7244270741134367
0.8712599267391801,0.27008255408886606,-2.159575300232637,-1.3574022454410573,-0.9648488305712124,0.5410787071677169,-0.5870644345642562,-0.11275862891826824,0.4196039995447191,1.4835266204635797,0.9364714123304039,1.2703666691663897,2.5315661176504425,-1.535755653585579
-0.839070366315492,0.6707133453612111,-1.209357558801818,0.03588190295357349,0.8326516849810885,0.3805359142347948,3.0525499469277686,2.688175908037243,-1.1097534132686857,-2.452887397761061,-1.081097424460594,-4.670732732112954,0.8042787962848055,-1.4622112750600909
0.6734510790718694,0.44132658758738147,1.6776260857378538,1.294465763827316,-1.0237648927019285,1.711360287798269,-0.35104615372272513,-0.1813964171573199,0.45711486470043183,-1.0769291920388695,1.7021843312617608,-0.9450773168090905,-1.9340649333158422,5.341136951845477
-0.4469929843054015,-0.27916983722425043,-1.1769104187951287,0.6412345791820687,-0.018010983121948713,1.4397163926896173,0.2991687716066407,1.9003254004066705,-0.18796065511152665,-2.3920105804638583,2.23896752452414,-0.4134058878177897,-0.6511425560560555,2.4574190416183783
-1.500652441238046,-0.8209262119692432,1.3221838624030695,1.3907219695760065,0.8203155304530594,-2.7709493565661885,1.6652522397772842,0.0033574261538524223,-1.128591221485718,-2.8708669542426444,4.861525009462071,-6.2910396972468385,-1.2182677090456056,1.1191655276606298
0.34852309908721785,-0.5069936005718858,-1.01871521425473,-2.0823316174755138,0.04595530001541494,-1.5480505756330214,-0.2802491285275448,0.2950832537064481,-1.2074965731685896,0.9628120779063866,-1.3345178386982322,1.154422035217556,5.185877973910713,-2.8600673627758684
-1.187093767875945,-0.00901109447039124,-0.5129665733540454,0.37679837565105173,0.41325223418519497,0.2464778519276556,0.30212947630707604,0.8224267891510895,1.3499873264958608,3.7156034536350315,-3.2944993691524833,-0.3504130923268523,-2.829460154927254,-2.1638614181682985
1.38508880697564,0.3926556690265246,0.4067522327222363,1.3582701630329483,-0.6901784358341508,-0.6344219051668949,-1.8567658771565125,-1.8640775580734645,2.271806774541031,0.7897675120356333,1.2106201526347784,3.7513433699201073,-4.2275272690259005,1.2969818244239926
0.018082226408665025,0.7057516804830174,0.2685958721719884,-1.3093892348214848,-0.6227522401794112,-0.45654236801882647,0.5988453287138653,3.2928567409084954,-5.600434184894156,-5.972143491415131,7.605622435414266,-1.2878501063490722,9.585051644146994,8.016629042057831
0.6818241626935472,0.16040970883523323,0.8936655598733484,-1.517256672574408,-2.2575505596592995,0.6375214336944046,0.3807066815175164,0.4058811666037872,-2.2161689114869194,-1.201743212941607,3.661985181742865,1.3034753676711193,3.825538299837327,5.375316676903539
-1.0200113244837594,-1.475191154413663,-0.5289874823095223,1.790704004155907,0.16486241398841817,-1.2878227783615126,-0.4597341940569103,-3.60292994822759,6.41099580286662,7.914191742511384,-5.913831900541675,0.2003540388365015,-8.791322649388576,-5.750439628547824
-0.3348913406698349,-1.8496374713638166,1.2051934910703643,0.7032110448854523,0.7678654770303593,0.24247611996311721,0.6607236483292842,-2.2199805717941765,1.5617850011270817,1.5276216826113496,-3.650610823796781,-1.2561574229818815,-4.000977817906626,-3.1822421583866927
-0.21372262836032566,1.0226223534408645,-1.4151432975433849,-0.3771294517189029,0.365653376892644,0.1295225104289147,-0.4106713025428873,-1.1887028240178281,0.7574589233041998,-0.5571986819330624,-0.8930190452219124,1.0680306340448822,-1.8080026099860027,-1.2888419722397675
-2.22066447616225,-0.8755934646451323,1.617686792233012,0.5111404071263174,-0.14163831152718592,-1.755813384469062,2.385929689451196,0.2647516533573701,-1.3486536459329452,-2.0867733414758782,4.757917536433285,-4.107324751334443,1.042458440276378,2.2149797371395863
-1.2975076481419805,0.44358053229209377,-1.3387561951137323,0.721222747703682,-0.8174794147438367,-1.2171807265222507,4.318925824259149,3.9453799161054635,-3.276097592952117,-4.17588360692909,6.4084743622592795,-5.357269064159841,2.5938117010134936,5.809673185704124
0.5855908828832999,-0.9146043642499396,-1.7510931162828116,0.3440773683362827,-2.3485954783723626,0.08266197529568545,-1.2798232952921167,-2.136159115345697,6.600108528758303,8.45465726296287,-4.113986082825355,1.1654248171384631,-9.007566957410893,-3.963955650180154
0.21618857310211406,0.23810330810849262,-0.7916944400927255,2.1053488505515867,-0.8682431465638584,-1.4375486675786282,0.4918190676381004,2.0670721316216873,0.42756711293234373,-3.4288107906735004,5.652507046408324,-0.8221456149076712,-1.408559387405441,5.114842780326944
1.3925137424944047,-1.4949789377975065,-1.065149604430178,-2.2742509559483324,0.4438048133808529,-0.7015899685008455,-2.9979240447680415,-4.999927896824984,3.35227771468987,6.173136221463236,-6.759911797132651,2.5380398333686984,-2.0647601130573587,-7.588498698072251
0.13537531951611279,1.223937382426995,-0.41367425383774636,-0.07554495295864447,0.07668728777897775,0.14925348137100278,0.3876353218321705,1.1444245699798679,-0.017572311618725106,0.1805394561965682,-1.2379630273830171,-0.6837682580606211,0.3524128221590226,-1.2492141677640507
-0.9136550775737657,-0.04691965947230446,-0.5439074807455778,1.1109968279164844,-1.7009116221052862,-0.2583732022988586,1.195092130948164,-0.7945233147071246,0.9924499539778486,-0.1916585641846179,2.3510419292248472,-1.8300738806039198,-2.6457986526129313,2.4317712357149595
0.09092919690315548,0.9076208639210752,0.24303042266622937,0.3070307013350227,0.5007083404188014,0.23818841398835564,1.11156395973281,2.6175535202716365,-4.357060965045313,-5.748446268812769,3.2405628027443143,-1.593945148003345,6.127791045636887,3.225235359598878
0.40189950254137347,1.1373511846590987,-0.6974746369634433,0.04641758277714065,1.271054206412004,0.6426687052397028,-1.0195724388413092,1.1182732928227317,-0.6779705088131205,-1.3471020103610623,-0.1879934534340592,2.303816212735068,1.288336252799809,0.43673822309814525
-0.5346645347724258,0.31054825156058763,0.7057464844082527,0.6008054812837321,0.03825590962339824,-0.9228654719067189,1.6319068538188188,0.5397833220921977,-0.3881715323329334,-1.2640793000791362,-0.12134389295443024,-2.9851487121357003,-0.11121860575093384,-0.3781622168038256
0.32734470332485427,-0.28605947808453186,-1.741676982172245,1.529498230894015,-0.11988897588765385,1.2963600517435288,0.42409626698829817,-1.1514650669760582,3.9819915004481117,3.7783956198612954,-3.3740040279226386,-1.2475714855627018,-8.675845129302466,-1.6378331713904848
1.242979985279847,-1.331141521703852,1.7142471677566902,-1.7564996780233553,-0.8327570619875693,-0.9644399189874578,-2.013229575259225,-3.435344146755424,-1.5634390951453927,0.5783457500733699,1.4665986121492625,3.3084768169365506,4.214130215906847,-0.8683579282039326
0.8925888901600797,0.13313959798425506,-0.9587290042751274,0.3976066188612077,-1.6024836641956806,1.228189831769673,-0.6560792284395613,-0.5478355142929483,0.6908378877645056,1.5538811196488869,-0.5480866206008534,1.3435359417435473,-2.428033528063548,0.3676304461409817
0.45935826088563136,0.2909233063275459,-1.2714456549650737,0.5206221893162679,-0.549497237021057,0.35482947680290206,-2.9862385680220664,-3.02936475648452,5.7976044885733256,8.458565930291732,-7.713283367199747,5.048329260581684,-8.105055147292349,-9.199071029229563
1.1530264591201975,-0.023214109611600395,0.6283889025260042,-0.6166193450046819,-1.3923470695011082,-1.8603979479334907,-1.5626380746961128,-0.7375467541499371,2.4302757267964785,3.19058036394841,1.2308986235445587,1.8680888602794714,-2.8209693019556323,1.684835028307659
-0.4972760220665901,-0.4267686478488147,-0.7472764635318855,-0.028558993131501044,-0.9530002466885772,0.2715754105610683,0.049998897814531304,-0.41009889093009877,-0.9966997143733305,-1.1854162723194135,3.552394262170709,-0.48024429330189927,-0.13723810932891675,3.867521262571705
1.8624030483576577,-0.44864666375738843,-1.4356587492322606,2.688681668976664,-0.543571777137009,-0.7053070480743646,-4.928730430514767,-4.533544102329953,9.502054561069578,8.053874320745159,-5.963801395076412,6.531926316926279,-18.23122938157584,-5.777325060540383
0.687747448828564,-0.8094676985364994,0.9286950050041402,0.9903360252296611,-0.3786117464109813,1.4223185085117618,-0.8934564342711093,-1.8166272468863423,2.8614147614277674,1.1411149602651556,-0.7941172805956647,1.9023083768058298,-5.677916332438959,2.48219830585708
-0.022049962316078475,-0.8278958340616048,1.0101542226970273,0.732139266702022,0.540092156364927,0.5362455103814394,-1.8500730650913306,-1.550759774185102,2.508980128645558,2.149461478232618,-3.751049587901402,2.2944867160233837,-5.136851174994219,-3.765425162664251
-0.7700240246985042,-1.4627048306060817,-0.9318923086419145,1.2390682916479734,0.7256111193174564,0.2680922108449926,0.19783509414096084,0.23403512387174177,1.7700377753122793,0.9478457446448262,-2.211292571453573,-0.5331112852377233,-3.756590960430009,-2.4828602085795892
0.04768979851423284,-0.22430449574714362,0.0950368100385535,-1.0525741017636434,-0.4031668999113677,1.8798914702631004,-0.4206013360909756,0.7528309152741837,-1.0905967740969489,1.0281844130982372,0.017308658691950682,0.7934153790681694,2.006054275275742,2.4926464898456238
-0.14940196479461548,0.690506961978867,-0.737937758327552,-1.5635233454223953,1.809792149504344,-0.4433139588856628,3.102359962171815,2.1156388533810215,-3.1106322472978554,-2.0667818456118545,1.3637997540120415,-7.3586825269188765,5.513144887100985,-0.8894737679494393
0.8171018896161434,-0.6397336272685376,-0.26808910488987153,-0.6154847243130301,-1.0368444233798233,0.7000802147358155,-1.749987286696125,-1.3515043107661862,0.2527585931102683,0.7462061667889689,0.6047880276460073,4.2448770354826815,-1.1837655118388204,1.011199149761349
-0.44050844547043266,-0.3837692933476236,-0.8756455836896488,-0.5211798680120537,-1.0601794069606985,-2.1267372236133686,1.0879412972420248,0.29968340713069863,-1.6830708490658723,-2.3509787271690152,4.177808885782982,-1.2611680531004898,3.99561203594931,-0.43674607462664394
-0.6821264167753726,0.2644977284290332,-0.31856746422220483,-0.4901026136413531,0.2391577760569349,0.21218655235329473,3.330878231222275,3.92079189923221,-4.995341876846317,-5.832023230702503,5.315814424975904,-5.391585547768179,8.949274501955072,6.15439938097096
0.19217321630550466,0.08261353528179226,0.35507412896473056,1.3308159392181425,-1.103397953070813,2.405450495126136,-0.3041226298980706,-1.3980709134280553,3.341500324394027,3.961349051304665,-5.611152891465855,1.5724097531036818,-5.8747240850014215,-1.7092037340771677
-0.2730148940992162,-0.5538751314738642,-0.5851435837009805,-0.47623108682902116,-2.026411010882102,0.11088870244796738,2.105065434478359,0.34014889863550984,-1.4222110877129694,-1.0855149091186291,3.491787130206999,-3.033576251650077,2.2669443653565855,3.705340810526424
1.1597685705782517,-0.9418437016361849,2.5751162611496583,0.4231230525905689,0.006616179021436172,-0.5712274806802974,-2.5236747178752235,-2.867892738919187,0.18941478331805087,1.6669306260381722,-0.1552874435502038,5.621730717480964,-0.654445859581052,-1.5378733241305869
-0.20289651625302887,-0.5165334221863443,-0.9429811675824985,-0.153205741817405,0.7353665177858157,1.2914020586529364,0.6416904158134946,0.6709987123316409,0.29050521308295757,1.4335049853570563,-2.76768503209729,-0.8923724737727324,-0.05961328189140942,-1.155636450082508
0.5575893391312832,1.0038237354036454,-1.0123676395408379,0.11819503109387816,0.6001770822519601,0.3706569434574654,1.6464202423997238,2.94069292905661,-3.5002982022171967,-3.6738999760723527,2.0768576721746763,-1.6807170413835957,6.283055211709758,2.838094738269005
-0.6339726193810582,-1.8565170825783486,-0.9738103893136367,-0.7572996483448119,-1.1430524086552583,0.3001090581779032,-1.163637419181319,-2.6005845956693325,3.184746075128386,4.837718848438937,-2.472380281861281,0.33979869833128085,-3.12037954422108,-1.8249911437607584
1.0575131301412555,-0.554918987712493,-0.35323929418117317,-1.0399879294916585,-0.3074256027406474,-0.60218668683143,-1.576661766961881,-1.0639284174534505,0.9443969864592242,1.0854195915376814,0.2789548142429654,2.8818378748196984,-0.5850344938496777,0.2221620843165023
-1.0516311692299403,1.0947318065312615,0.0978975940687769,0.6244012812633591,0.2592918689185954,0.21635372746933146,1.5142579516584997,3.5604389094401827,-2.605550769682059,-3.1415637025933867,3.6259165892986283,-2.0578962572406563,2.9101640138433997,4.053965338370155
-0.7170492616112185,-0.9391091924944501,0.5191067814028134,0.2586159643057642,0.056136847788602826,0.0010643985952413291,-0.730119870086731,-1.7714942730235308,1.6805218748045399,1.1762031385465634,-1.824713878309794,0.2797825441483261,-3.1090601595829135,-2.0343242008514992
-0.9706527604347821,-0.23867539315416741,0.4109291673341325,-0.020917552615936676,0.38714737957810513,-0.9618365081285837,0.24737463978080448,-1.912544731216125,1.4155670557662232,0.6597309217118874,-0.3363800645174209,-0.9232154524236622,-1.8867836068457113,-1.0362251936358327
0.11721466638758711,-0.34793274432466254,1.9623641179354174,0.1615706009255154,-0.8124638868809179,-0.17104637951322832,0.37310871619247665,-1.7827062616980993,-0.4870125165037507,0.07542048596714201,0.6352223553186022,-0.13743818576205738,0.23726680577541023,0.4114718761049616
-1.4698065975216532,-0.09782097591591839,-0.5760862615265957,1.3527094483661752,-0.910624483828379,0.5166106362920558,1.4526149305231795,2.6520312639198518,-1.7776887700101376,-2.9559829479293427,1.1105478325460552,-2.44619611513682,-0.0636714820249592,2.429232894806896
-0.9498382674027493,0.6690959653961084,-0.1373572809166321,0.6688914772985223,-1.0828166356012943,-1.3989657880402346,2.9026898895308215,2.6468909030318635,-1.5410285402737145,-2.464683897344384,5.755971840967688,-5.314275808268166,0.8263005341193971,3.7047002445729893
-0.38640267842813236,0.20672869366051763,-0.43764056292913656,0.6766989247776257,0.09994109182251433,-0.19542909398054073,2.0415690954689683,1.294761488867885,-0.45718750638845046,-1.7761352907607144,3.1784020949365703,-3.1002803589132637,-0.6407678070248851,3.21073405735065
-0.8227293995429293,0.6617363642173312,1.1996987253920492,-1.456331381167324,0.21071781354831048,-0.9288150660862979,0.7407108162949764,1.0464545989558018,-5.612188953924932,-5.724670149234775,5.288897147084159,-0.582237874575237,10.118317537427187,5.400938199068197
0.09980040066518445,-0.7857142077496405,0.41726954606881295,-0.17146496308045134,-0.706447305470384,0.21950822274450751,0.4055190796887201,-0.28236402698392393,-1.3983740052832905,-1.4929949469212125,0.5053806367581207,-0.23960536814492223,2.310212359578657,0.5492287907265613
-1.1390154390131044,0.03822996911541556,-0.2047878038035752,0.3544483442847069,-0.8167525939841191,0.2558689965202311,1.3660141172664333,2.1920660865409523,-1.9609379384067405,-4.091706581694946,2.9070173444702756,-2.766030614993506,2.294362831506447,2.9897208552792525
0.5872092824257412,-3.057137182458898,-1.5369821031643327,-1.2467506319422,-0.6359046370844794,1.917548241058147,-3.1432712057775474,-7.043221266479805,9.367765855484109,12.709765241638122,-13.287745068571471,3.6623612719369794,-13.418676942772137,-11.733264113166257
1.0657519252500454,-0.8947834165828137,1.1676741518525207,2.0267636922294794,-0.4091739306173416,-1.3600878899240139,-2.5789567876716837,-2.3805038199091526,4.105590557607497,2.2262303237433665,-0.14734455002783345,5.109552531890647,-8.07764077977635,-0.8470601622963604
1.057323196979043,-1.2092352788344334,0.8695785928826674,1.2660224515384657,-0.9109335146585624,-0.053629786035311995,-2.3116444596755374,-2.517245454038737,2.6353222016811344,2.086512806368155,-2.624625362794793,3.6450908076618918,-3.739839076924418,-3.366328280519943
-0.39288757214316483,0.27540130780325656,0.1960234595110974,0.9681104012216534,-0.666908085301623,0.7887785505667053,1.0052401370802426,1.823987768001073,-1.034319215299,-2.464649087921008,1.7650495535194721,-1.2423934436037212,0.4277747634294795,2.6357661555122625
0.8784260450006234,1.5378204961209534,1.1116078372092284,-1.019061011789798,-1.031464600398774,0.556623795536868,0.8016294791427074,3.2622010407842734,-5.663472119529128,-5.569673115220108,6.257089653569149,0.621441799572975,8.573834580601691,6.9680607219275394
-0.7690559273012354,-0.515322185289167,-1.929152738489661,0.42396400358472636,-0.6696053848960201,-1.0362409744610281,1.4308407010244262,1.4986393273500584,0.5846392186506963,-0.0014698558927664918,0.9723001211112684,-2.24934498160037,-0.9074452744070665,-0.25001995378336694
1.0043835454678083,-0.9550592671519356,1.5674086691697848,-0.9080982322505541,-0.19186182291713189,-0.1144655664584908,-2.944756459722265,-3.9383452132324948,1.6973827735336995,3.7715240738232776,-4.513271741120527,3.8064784026277496,-2.2643030731036133,-5.588592882889457
2.355958474584691,0.8692984033733129,0.25016957632499637,0.12083218807661186,0.2674388992866004,-1.728486927799199,-2.349711363051787,-1.5517039041725167,2.3331331428642192,2.983013635859938,-0.006888494598479584,3.8906878855769906,-3.3419847201641275,-0.22897316714750865
0.8629069077137462,-1.2189131340237014,0.11868835829611768,-1.069122401831237,0.9229259197897202,-0.9282472230439246,-4.099403353786323,-5.538202240466244,5.244074216913683,7.667502113898625,-6.753941951457016,5.819311476262086,-5.909847982527996,-7.129555563477156
-1.2023299277707964,-1.4027955606112792,0.565741769916957,0.5393229155945647,0.9390153670547646,1.317600637270071,0.5902257721582892,1.2481903945594097,-2.391702615502893,-4.990613119840793,4.335945065469002,-1.1519431023464635,2.8714958678976057,5.330628178002099
1.263985390723586,-0.3799037195233178,0.020879707527163397,-0.316180326143725,0.05444777352302482,-1.7022233807142726,-3.3332903804096947,-2.9466068263027005,3.659419374165179,4.361326483841506,-3.9461927581959086,5.506686355752979,-4.527486579247811,-5.78334687612002
0.8090263219973068,-1.4520820477982337,-0.7661966621907614,0.10623181158768621,1.0989340749544962,0.2926726242601208,-2.1279988010823185,-3.40445084663537,4.9522011694589265,4.10551120098041,-6.523182873758975,3.041285217081055,-7.1953714606458075,-5.60731289075725
-0.06303513578057109,-2.4709736472453687,-0.5660851897490465,-0.7293006559912267,0.09420404986758922,-0.9678846755052314,-0.3309640151075102,-2.3388648035435233,3.3910440819434102,4.984860742502505,-3.03700993417505,0.8671007036418694,-3.1272398091212343,-5.81054853255486
-0.897133728618427,1.5519171563057976,0.3045645486477936,0.33120881228331256,0.8867234679176739,0.6793528857909997,1.928071886007293,3.0569714141445714,-2.20795501034044,-3.0217362188819177,0.8790669041703826,-3.1611137908632267,1.8716464725176083,2.467281325936958
-1.1699517931158276,-2.0753583754108114,0.25460679344775666,-1.6628898030490993,0.1887322364392523,-1.7307043320104754,1.4928441448865621,0.15896263953064493,-1.9359479135100273,-0.3506074021295571,1.7882688404823917,-1.1352441289347153,5.627364827500913,-1.1986527096066162
2.444025840682277,-1.083021333941009,-0.037273187677357024,1.1016496520516499,-0.2987675756684271,-1.3735773589191742,-5.805831897994659,-6.7640981777238505,9.090647702033904,8.911262752192918,-6.970376961031935,9.476394769899457,-18.808640634347825,-7.903141430740242
-0.4551222143137876,0.3710924956960764,0.05659512695728032,0.44522443521075633,1.1867570105838547,2.5087789063448014,-0.2789204173618177,-0.34097428863030466,-0.16681969209408856,-0.4379700834477701,-2.276244010859567,-0.6939298031370762,-0.05559565548368466,-0.17674346471931274
0.6812339160662376,0.0333039246467032,-0.048077985504352244,0.5745354144228283,-0.7596032173241664,0.17332287650519868,-0.406215659590517,-0.310130957170141,2.2510611549741992,1.1115366779377704,-1.240204333329658,0.8868668618443404,-3.7731377706923013,-1.0733749098702006
0.21332395787940248,-0.8655580824498355,-1.651136562841835,-0.059787757927033995,1.167438561678165,-0.2792628851522936,0.17576904907106758,0.5831985453957931,1.614022357204506,3.470266713063087,-4.492799234302976,-0.3514793694765565,-1.6621372929465423,-5.737288899864148
-0.42806542145334336,0.371462826092767,0.002137573988663018,2.332173643113617,-0.7622143057394445,0.817065342484616,0.031596804850332,-1.44048375945274,2.506845375760804,0.813345745606767,-1.5316827175160435,-1.4606337607323574,-4.5216089659725895,0.411687877353491
-0.3355176522466226,0.33344742762547075,0.7345271498347135,0.31350916381880506,-1.163421631002069,-1.0905142591956734,2.4965458691091613,2.184981494684468,-3.349387177285824,-2.370663894688377,3.700149231053865,-4.79126470211732,4.094890333348019,2.2801035101919567
-0.1562986994500809,-1.4191476612628466,1.74326747603124,1.0792947201610357,1.0445476809827707,-0.1237894158419281,-2.5513439688219726,-3.0251666625318614,3.7546248343183386,2.518865230732283,-3.040799152015673,2.728855888499731,-8.466763522660106,-3.208367783814589
-1.0643569317831938,1.1601933374068247,-0.907642628975751,2.2591399276391937,-0.6247481216875796,-0.8404607982865838,2.755715832437361,4.122952167912947,-1.9195300048559272,-6.730633447079897,6.107834919935529,-4.863725497491294,-0.04815465593095659,5.340905226512581
0.6102290507473417,1.3703910030120472,0.3792898551707858,1.4688066119182142,-0.7185047276606068,-0.9592141378091765,1.581187429652469,0.9715559863481988,0.5778522780192371,0.03221050807388299,1.4379972269347003,-1.9179847109487922,-0.7312266411373722,1.4979867541256051
-0.6690196509991941,0.31285856267284823,0.9640048088787506,-2.3065856621818885,-1.1811839692794066,-1.5147435096424826,1.1736263095508441,1.8858194236916372,-7.699705933456535,-6.8039271747809,8.780991786146776,-1.698396461761038,15.158949095418569,8.077306939061767
0.6665091821676871,0.5582571000410335,-0.39352726309076813,-1.4465701418730965,-0.5718414890841184,-0.044204062355115564,-1.5487288096160994,-1.5635631631069804,-0.4951441322804217,0.740644927103443,-0.7183895373175243,1.60139276816526,1.1823024786535623,-0.3577733629437023
0.32207506041706174,1.6832482546625562,0.8884943913583155,0.008429626364410324,0.5436268294463923,-1.323760663989187,1.2930091319137031,3.895693310839063,-5.826748165496465,-9.572910383876277,9.067347130708194,-2.1319416056676213,9.28865242329333,6.40775807720415
0.46608202734257714,-1.6834997292790426,-2.0510884668236304,0.07583024449915379,-2.0502534044150638,-0.06574897715307626,-1.2755638839383243,-4.462245837504054,7.927049796970065,10.389660741092815,-8.736482401717417,2.8510060800471217,-11.584093902926538,-9.268625537767743
1.663501321775847,0.6612601048747861,-0.17522007107907245,-0.0386179353860352,0.15883350490333947,-0.221360198410456,-0.2193555964939524,1.3267429380864362,-2.195873783475933,-1.9966543175616234,2.9724495966591573,1.4384362394667864,3.209508375436262,4.114690360779454
-0.3779917243592724,0.48371152835298836,0.44686242144615085,0.6284998943739314,0.7890728434664411,-0.9144652626054913,2.7933416895409042,2.790580039935227,-3.187782083721618,-4.946265536398035,4.624349557830411,-4.246466563320592,5.20950209025653,4.2834611906402635
2.0428602569166308,-1.7738086895565612,-3.472569498042605,0.4309895396658867,0.9280614495591869,-0.20356389825216076,-2.718047422572701,-3.763240401797383,9.608255522484091,12.823735630160098,-13.031959717307382,1.3457346894341746,-17.56492673252618,-5.975449269994101
0.2564234762150746,0.4538080685021235,-0.15413017039371937,0.18500130901521777,-0.2564493245292772,-0.3321660445820879,0.30614978544353944,0.320646487088022,-1.9290253723987987,-3.8837164106173914,3.5303343876120747,0.5370243792281553,2.3515894508506343,3.342629552331717
-0.5894450173659241,-0.9422423355929959,0.5626824104854354,1.3794160050311997,0.11907980851091883,1.1607385070921499,-0.03222597899036372,-2.1547985392978597,5.234069659241136,5.886578039372105,-5.363757571588893,-0.25517496931489253,-8.831084030616655,-3.5973988689060374
0.14312135966722062,-0.7443110455160229,-0.047740396295093884,-1.0582318143245866,1.0155651049465462,1.5500792134394832,-1.1787347953853622,-2.4109088011873974,3.4498960258795583,5.924031360524382,-7.2643329339939235,1.1626731887592747,-4.176682944957389,-6.5082136924335146
2.0470985466995306,0.6853795304000468,-0.8406659189617357,1.1555816549393614,2.2236019155639895,0.5511413596606086,-2.6230070069022657,-3.140720852260789,5.531214752265728,5.881043294358869,-7.292734588446576,6.5935573169637385,-8.88268444247623,-7.921426616851361
-1.1007977995524592,-1.105508714904871,-1.2697896211254212,-0.7018075022799369,0.3969773240999052,-1.0424880769222469,1.537330246716613,-0.19185709642210028,0.4333230665745221,1.1708777604062997,0.046465202228822035,-4.400543188514816,2.8369013085464134,-2.0383797222164457
-0.465199750072815,0.5867737122065189,0.5030575738584957,-0.7244669320180738,0.5721900466279918,0.9812170004538783,1.2666932980172396,3.19623217407834,-5.156790451963937,-5.635366132189934,3.2283573975360103,-1.7424504442355937,7.876051748302719,3.906055404805843
0.36453423557565057,-0.6285826905969918,1.384102190774193,-1.301349167930146,0.7760630890286762,-0.7272782362159171,-1.0938816549646486,-2.4180555172731446,0.8213726073718078,3.0741915805898476,-0.8306406831574847,0.7228628032321828,-0.17395494656832447,-1.679239169579961
-0.47028314396858223,1.470435151659497,0.7799193729731637,0.7573669768063992,-0.9449395328805568,-1.0045595434817087,2.0801640119181424,2.7971631222752267,-3.097781647099245,-4.945650206385156,5.49396378575696,-4.278956508889178,3.814819575293468,3.8524978269210535
-0.5109343774108699,-0.9467854462412283,-1.3057664869351782,0.1769256395842821,0.25879717804372854,-2.4517001921767756,0.48953862581315166,-0.6430336022162862,1.6940490289031211,1.9834894886358936,-0.02438955478525786,-1.6542072334297913,-1.1971793949676728,-4.719435189969249
-1.6628649929192871,-1.329127039572648,-0.3826618151992671,0.3499544339323776,-1.6122628944154227,-2.4533942674569635,2.739670621278548,2.150024984359569,-1.9753825826515345,-3.616507801537536,6.944342968906663,-5.255916053047231,1.479897586334983,3.612448301900679
-0.48297858568172586,-0.9108148804569836,-0.1116182570927759,-0.9528678124539115,-0.1908112443604334,2.291209639955224,1.5595108119706325,1.1420699870880187,-1.3693842232026434,0.9290671704555277,-0.9509324961274702,-0.6890667630515381,4.850238616978868,2.759153863248723
0.9512291255621294,-0.09945507930188639,-0.18514115603102496,2.2966266670363935,-0.030986722091650563,0.7152009013512344,-2.114449927842027,-1.7030358958162983,5.77623059109431,5.579482427465244,-6.671575817879473,6.29158715142864,-11.391383136462444,-6.098825087315362
-0.5995008482564188,-0.649553639180538,0.000879600344088665,1.1616688845754246,0.6158404099104399,-0.5915367245912011,0.4932071015011261,-0.04691990507833766,1.9947554743761482,1.9146293625012087,-2.108404111793251,-1.1470198841652606,-4.45311676611521,-2.6633889144059895
-0.11106820813244177,0.06574029272581343,-1.2943189562896593,-0.45913594375577127,-1.2340736894291418,1.6883451639098759,-0.4689750814353144,-0.8776459505562263,1.7556184993637498,3.2038811207149505,-2.4510592019088913,-0.35539419594450994,-2.281909815474032,-2.0364845897250086
-0.25658023923431184,1.290243175733136,1.004129925341111,1.3310579857130895,-0.10472102179111256,0.22766496489100033,1.1239728802704227,2.937936019359029,-4.297968802648186,-8.695700884036553,7.582287489364395,-2.998436089880655,5.921895442912113,6.541416811781313
-0.692119483594933,0.19426641350596613,0.6028543083358898,-2.2045596617810483,-1.6522085274539944,2.2205330531439955,-0.3341488498548607,-0.540650344686658,-2.51472366536182,-0.9560665373981261,0.6869321728686976,-4.312565666564826,4.257615363927054,4.021546656184793
0.14780018896807104,-1.2500244770788647,-1.3308065284257031,-1.3464616421727615,-1.3562511258402772,-1.7064177789529775,-0.9211418440765069,-3.8933950174787215,4.321762113285958,6.815127269116412,-3.8851168460392165,-0.3790731502861041,-4.741708223625473,-7.499758731409101
-2.0835733237598615,-1.4940840233216695,0.7603889243635769,0.3686781034540915,-1.2411480598504967,-0.262975238607248,2.393660227980225,-0.62926336853467,-1.179245634353788,-3.6579280059240697,3.844038186235157,-5.526572370446124,1.00555260486133,1.8483730443739272
0.3724553091016542,-0.021863304283257518,-0.7540429760742208,-0.2551751471601798,0.6152344479263804,0.35114499318042847,0.29395507332581344,0.33338105830725634,-0.544547409364011,1.8034928979744709,-2.4454298704033226,-0.13136094513843258,1.5738162040849126,-1.6738552993055946
-1.161962251123174,-0.13400370067369552,0.2194802494337263,-0.13569795272117996,0.34165323876029435,0.8200808457673087,0.4137955826394107,0.8539641086438111,-1.3399014702058003,-1.4572582366172764,-0.9029259559708451,-0.8855518922856707,1.1137007274740185,0.09847021414771505
-1.300744854985243,-1.1254331109448754,0.1489551018148051,-0.9939159871047141,0.30982304995630244,-0.21495792532029867,-0.352645228945342,-1.6161746795741656,1.758610155870826,3.5409653853186684,-3.460624602009885,-0.43202281213737465,-2.20343973201374,-3.065640064356451
-0.6294994917264557,1.2691964118783154,0.07940314743721427,-0.8233334471096837,-0.9980961002242517,-0.26341275851725016,3.0791824920513253,5.17123275579558,-7.955501471076556,-9.871288408698595,10.43089129421584,-3.7976709763152843,11.995170926772154,9.244020344151766
0.8839936143915815,0.3486035085174998,-0.3238432632538188,-1.1067844366210073,-0.9956124785557242,-0.8444341726644232,-2.0002631727111564,-2.5255724142644644,2.180379716153222,5.7549123014171295,-6.587480334970327,2.902519355522413,-2.646417923676716,-10.636349331110086
-0.44972481590715413,-0.7574505304748198,0.07134345218385166,0.2554829484961813,-0.07064075367636394,-0.03644611882322207,-1.1456469864241832,-3.3347665954098944,4.2439849216360965,3.807016314694745,-1.9602519233140634,0.9415373870163595,-5.824103791947714,-1.5318549833874795
0.5750280355187638,0.42841662854890594,1.4579514891862926,-0.4088436606813426,0.7143477229621553,-0.4662535646670321,-0.622272893543158,0.7684075990425125,-3.6883340037433068,-5.411297652569017,3.9617583460806434,0.6990122100734024,6.483395434067448,2.635039614469553
-0.2165252001307887,0.8320515473693729,2.0687982879584648,-0.26356726315184337,1.148923552611629,0.519233882942725,0.7390044110244722,2.2508288284632654,-2.2150099439769724,-3.3895431993055096,1.8193338782931632,-0.6578891763336786,2.370355526373049,2.8543045631314734
1.2780360383722187,0.7565030124550561,0.04175568611035644,-0.5263031857583381,1.0901944163152586,-0.17736008119487584,-1.7490907947336958,-0.5765752248740351,2.271619676232362,4.5921574548804704,-4.933712614872358,2.5500423750262797,-2.7438283387444122,-6.237741914862016
0.7071340878569266,-1.1805356197457584,-1.4044701956581838,-0.3106338861036269,0.7777862990402794,0.7525414949787056,-0.39373014484360197,-2.7010946406564216,5.353530739349617,6.580159124728105,-5.492242879321821,2.5622946825575363,-9.31789140124208,-6.741357179758686
-0.43572125695300234,0.6681592508205687,-0.9944955066607678,-0.9773344480123913,-0.7997207434497168,1.274325723335553,0.4976704672312155,1.2320781090389348,-4.245689589899129,-5.686634387819543,4.681326583262702,-4.072687844741958,8.634873611944819,7.350957914439818
0.07722041623848562,0.7391603364546974,0.5162621040852093,-1.3198536177545748,0.416050437199472,0.152086159456921,1.1290152348597875,-0.521543788603183,-1.989433333595935,-0.16612664264112514,-0.1431668443619881,-0.07042145130530758,3.7569515888351637,-0.6281956674463218
-0.6227920691197423,0.6311189189506728,-0.906414024694959,-0.16671229101547055,0.2953818159589413,-1.880284869746624,1.2001158273639305,3.445641483772807,-3.3075811584663226,-4.7309878576200495,5.6309391264375686,-2.5446737287704555,3.3509163584466424,3.97679552957572
-0.11897797664422255,-2.815004087073981,-0.7675601555465613,0.7517562485222035,-0.4030316613638732,-0.5614273758814124,-1.7421388354493097,-2.0941131054284856,4.932340971863443,4.908424386890924,-4.163602866922769,3.562406384434503,-5.4311922959724255,-6.299549279234602
1.1738595159606275,-1.3891684609496981,1.245206768531827,0.4824389718099629,-0.14376517585191623,-0.6931168004696133,-3.867589383243416,-4.946090698086835,5.848007956999334,7.970998976947354,-8.061951709406893,5.294325627367237,-8.886484426921616,-8.43279715799724
-1.2289652467218897,-0.6236868590237072,0.7764584705071955,-0.8200371266199412,-1.2114456534649827,0.7618219081031793,1.4408049445960218,1.5817151181369649,-2.43792542084327,-3.0948259641260325,1.8512362848666677,-3.1468206293508074,5.672026625055343,2.295873577174164
0.17360969162054343,-0.19132084048371936,0.267999563812388,-0.5284414627525306,0.5859845091352522,0.012617000993800757,1.3481377850523828,2.0291221527416794,-4.249022523046793,-4.43957313798065,2.9105225839664466,-1.5404470884025694,6.873953396877275,2.5687007196578624
-0.11520804563271346,1.0703757921103958,1.2500344454302477,0.9408270157401235,0.15333840931314552,0.3291778496693372,-1.0191327682291196,-0.8089468901642667,1.4925098923530453,1.3252507025781493,-1.9936444111953278,0.18658437322217347,-4.147834989868302,-1.3597148881040313
0.26244369778198334,1.5846262858024989,0.05682619002814038,0.13348444152159802,0.31278052039503046,0.19099014612819037,1.219435333430962,2.611077344916536,-4.654574224520952,-4.940512924775794,5.092754405497595,-1.7154431000998047,7.083376422234785,5.685766153927776
0.06472041134041247,-0.6940869761162934,-0.47543792048208594,-1.8040860252314512,0.6177115215743082,-0.23016253477594206,-1.1602420336633117,-0.6519326880231833,-0.8168873972086959,0.040746397770271836,-0.7857343901370251,1.4484090384887962,2.6771448205611414,-1.1662476302330798
-0.12049217795616564,0.5482916630314166,1.352922481397916,1.5836665398206835,0.09113790364356507,1.6556598899757218,-0.08115743044058622,1.5966937559462826,-0.34069339736132453,-3.477692504338467,2.762310913017418,-1.6061918294238333,-0.49902471551831773,5.9830576701497105
-1.3558652237535558,-1.039208668970882,-0.6550040590749919,-1.188537156167424,2.0822755092626926,-1.6542966103943537,-0.17175203613597687,-2.231725724909914,2.180868762619572,3.9636641763492375,-1.3317506540881432,-1.9577709549446052,2.0778402836787695,-4.0065868522119255
-2.0026661729619097,-0.2693317480676431,0.6088438038577656,1.013953799076446,-0.9307967596991573,1.1732963002008336,3.414257872042669,2.6709016683623266,-4.322558836828289,-7.080590191656206,8.360867810597055,-9.656850600232397,8.81814744939078,10.240166780712963
0.19685324059892617,0.09640434921393659,-0.6051339054105749,0.8507359130537919,1.638936881469087,-1.7418777664366887,-0.8913982650914573,-0.5364983151065761,3.8641659170730254,3.938867479823327,-4.441848516273582,0.9168059547406304,-8.067909866568327,-9.81346991400645
-0.20859259509347267,-0.3803629365626158,-0.815256036938135,-0.0634937460004936,0.1235447842129651,-0.5065587984444447,0.25614126276541455,-0.5124827208425076,-1.348459734086763,-0.9697299393013613,2.091937218723382,-0.7877165785252637,1.3238003319465894,1.5711468084420894
-1.6991010445576569,0.6220242907336562,0.305509137747396,-0.08419163903537313,-0.5667224934075811,0.4085529253631543,2.8957548274678833,3.112450315415926,-2.2580004685216144,-2.8977139529421723,3.0882498799690454,-5.014088264143128,2.7566337598130692,3.885064426632954
-0.4215493456148424,-1.7675753854462066,-0.3361783255356923,0.4794244416521541,1.0964597307777522,-0.5596092031992949,0.5303884706753911,-2.45997048485795,3.7563374689669344,4.668732468999187,-6.207505818901073,-0.69351148754365,-6.265288599222354,-7.115169508584857
-0.02814857552688372,0.9069393206435203,1.130604459571889,-1.886135272510849,0.5483183585444334,-0.454984267591467,1.5817267011542868,0.6778225744763002,-4.797660876654507,-4.05251607918771,4.017834387170651,-0.9152103571560849,8.757598624249848,2.0662163693951165
0.16806509794106628,-1.6154948231367525,0.26303294924617365,-0.6919380749600411,-0.6470481100182331,0.5651704358056233,-1.1197292914921697,-2.8262503267163748,2.1370453642627147,3.0364486539301074,-3.193795444558327,0.24667960155348947,-2.772869101406711,-2.382029452366977
-0.8913837843500766,-1.7079504329851118,-2.558243551176977,0.00034893589221389465,-1.1460598676490015,0.09128577000493145,-0.6421280046206002,-0.9075349149982767,2.2387876903483113,2.553707989344546,-1.9386570010599002,3.9108107324876134,-1.9672260317105912,-2.4026242484847513
0.40617366462715854,1.686077181362565,1.0920071069883202,1.6991883453451226,0.1444320223368563,0.7820978648943164,1.8496438672973947,2.698983976758605,-1.453727631604135,-3.560253435484175,2.7869564284376764,-3.370015591808163,0.4510644853560857,4.078594018948493
0.9805906216090232,0.03387790246204553,-1.1192013835903873,0.25333822591490573,-2.047855764142084,0.2655789138744591,-1.3059535784204082,-1.2622027176684543,2.3493309636459365,3.2907497222896747,-2.0048798566612125,2.1842658086299065,-5.144039618491545,-2.6319925001520037
-0.32527015660062963,-0.5392324811786434,0.35060311342804107,0.4686342126112945,0.7957729911195517,0.36970801824145105,1.0388742078449755,0.24556514655694725,-0.5758731356779627,-1.4828327705067763,-0.4906970649573309,-1.1615990364979827,0.278757825687064,0.09334124371226034
-1.3650449548438728,-0.1263290233696878,0.2633897183925503,-2.1532238670194026,1.034042701674572,0.7101959181311001,2.235423086812558,2.7135718299629055,-6.649545061725223,-5.062401991484753,2.7545154594060643,-1.4447517330428379,11.904275938479921,3.8872299415964036
-0.95475822651014,0.53452498060408,-0.9533125150447949,-0.09426669163482401,-0.5046334188999411,0.29263317807342937,0.4165464468360373,0.2866081278193109,-0.04976381789796983,0.02350607463726863,-2.1621247356843774,-1.223628662928235,-0.4539835157297165,-2.062394062445181
1.0430675449937499,-0.5907196041394134,-0.1516589575742717,-0.23514025413881118,1.1117855894200097,0.3758994310166263,-1.537579951710083,-2.1709829817942135,4.3899506276806095,6.98472795110574,-9.04044454620744,1.58517161153139,-6.346217817548727,-9.508241936345446
0.03710824098172767,0.6020977829146992,-0.42353531352400536,-0.031104548114906573,0.9329565185229536,0.843569366580576,-1.0025969978685498,0.20609012956804612,1.061185668681982,0.7355624433838862,-3.6292393115364474,1.0954824124220826,-1.9075870892641564,-2.8958619605868527
0.19701952479547033,1.232326748161763,-0.3698654354542034,-2.180657689466758,0.6061581447383437,-1.9563915317011624,-0.4610665796423234,0.14196433095962444,-1.7784472365454425,-0.33050745416505206,-0.16441486501095337,-0.39842317282709855,5.290873800803103,-3.9771100408460645
-3.3766683563881768,-0.6177557949920279,1.4715429328172727,-0.4944113077656884,0.16014686942814121,0.6165333658850948,4.241225864017116,1.9488322804449942,-3.873070918562833,-5.268192728120862,3.740641681594462,-7.164052840451095,7.30517453645208,1.6291879118274855
-0.8660009449981448,-1.5890539408866644,-0.2798006475345488,-0.7770787954717328,0.712214393411839,0.12078593378926734,1.019553121648006,0.27913406448344236,-1.862645719965193,0.8149299811460412,-2.1978487648357063,-0.2910548295622861,3.0697059336020187,-2.4371891997339317
0.5240912161655592,0.9738108080578711,0.684518746287295,-0.5619388554622773,-0.6722752501216748,2.181142330471562,0.004105995655905333,3.0370653583046474,-4.982393642482378,-4.014653703357754,1.2209401910465552,1.3220607396139845,5.417439257510268,4.0646683238495145
-1.7604816418755884,-0.4348020622878511,0.10501003771493073,-0.6368312496723554,-0.020844481299878603,0.114454990529995,1.751330083077414,1.7698261067520853,-4.542772056450832,-6.25392539114865,4.8996041830969475,-4.592306813644394,7.24672301548682,5.3979741376940815
0.10148885215691764,1.8942732905329136,0.48908757411407616,-0.19864135623670834,2.2858864770292953,1.7108041141764796,0.7189160596267986,1.7194254124612773,-1.9339788223298138,-2.2205228156183177,-0.493204372402656,-1.5931231233499317,2.4908962936303007,1.5364644745558873
0.14573576786184647,1.0396359527215893,-1.2099070731393737,0.42013465028160324,0.7128470272237227,-2.3570208053132693,0.03470916623615349,-0.017993527879738236,1.2749332708206005,0.6846383719779094,-0.7500678405789711,-1.384214269087102,-1.610307564419775,-4.475822199075529
0.7204446990784698,-0.5283055694378074,-1.3845964295817437,-1.0063004652740117,1.7631755868994716,0.22375954959614922,0.013778632936145232,0.7024355847848003,-0.5345779306366394,-0.017383774568026124,0.10253172209089564,0.14324081107400488,1.96462011263889,0.7645382495472169
0.6299675572982262,0.018121385151379513,-0.8758238282934186,-0.7949329739641068,-0.13563106314123483,-1.05080314425039,0.6083424593978359,0.47413945746267505,0.10054976015547495,0.6476399943501451,0.5554172813757848,-0.8988441901837929,0.9091911178595832,-0.8743210803039939
-0.2992280444975389,-1.1145745320348441,0.30332917408454774,-0.3355223195354132,0.7158505754876525,-0.8447086834494455,1.7354500664545678,1.3973851825032226,-2.134408170465588,-2.897922491914725,1.1763178065136077,-1.7532009417571834,3.3805773653766362,-0.1294197735374661
1.7852694940728406,-0.5940473719238593,0.8150822444002787,-0.5035265376833208,-0.1377391070021105,0.702174941538409,-3.131654414964863,-3.2010543603232544,3.273812344920373,4.98039424342488,-4.591023735474682,6.036697589993343,-4.300900222913757,-4.8919870454393735
-0.5582930336113852,-1.5861471645308258,1.1317121206493128,0.18684696046876292,1.1216229627771694,1.2222335135494322,-1.01243535381956,-1.1239063629962014,0.9531160616366942,-1.1928050790262115,-1.5768131699145402,1.3698420086744514,-1.391558648509744,1.5900181210121367
-0.6420659874442832,-1.0390283130280868,0.25840940626948833,-1.218207469294339,-0.701973065396458,0.090922721361417,2.440522808700961,2.938591814191913,-5.530293534426112,-7.421378530184756,6.455563867233494,-4.297644639476509,9.453125698058134,7.872421444945057
-0.16249651981878147,-1.5927888431635013,-0.7505190614866498,-0.7652351338105186,0.03018664832168641,-1.3366447107604236,-0.5791362056613616,0.5961544020566512,-1.683405406762393,-2.806712436739557,3.388026840611815,-0.7744863036383337,2.6424647822196627,1.8882039320791346
-0.9306209095173522,1.3235353278828001,0.7990021491058255,1.3756486267114534,1.49761632811128,1.124742299334028,0.7545070666569706,0.9484206175826766,0.6608925097115916,-0.10983281871672672,-1.9429241477096701,-4.137703464130125,-2.833755714715165,0.6944330290721508
-0.9431451134828714,2.063872244935669,0.2872591534752445,2.1731078158396637,-0.801892675625464,1.8979828322228907,2.8558136877867133,5.800905540436725,-4.934254107859843,-6.642601225252127,5.559028307074636,-3.450642088559442,3.069179128732182,7.847193506941666
0.8039356878248983,-1.4948782607033602,2.7299541284300344,0.07510713415633981,2.0666480660645457,1.2803507837800598,-2.7388292508008054,-1.3707601181779394,1.290586300351623,0.06892366888985144,-1.371334001092989,6.969087268848969,-6.510249868064167,0.8247966896154139
0.46620615542901106,-0.6760643977388512,0.150056075085493,-0.20460831364877144,0.5773130834363196,0.460322904290836,-0.7813421566533746,0.11273879285586207,-0.4426214115458517,1.2223056246385113,-4.0815708601898235,1.8711642633574428,0.7238130618683616,-3.020065951593755
-1.0411723251582345,2.209803942713663,0.16997790821969724,0.8232738560059777,0.46158985538874975,1.8634870650528887,2.5111042277259736,3.712069452765471,-3.7606070584349367,-4.796811394215151,3.474617906092817,-4.040326969152213,3.223573179053027,4.679590980687454
0.5281195418867832,-1.269574216435496,-1.0610698057140937,-1.2286527325955117,-1.6969304574776407,0.20504485794595464,-3.258268975401895,-5.640301358312412,5.760641128161036,8.08707545287656,-7.7140874511421265,4.552589015759376,-6.74115976202025,-8.251011690396222
-0.19357031194439386,0.645352697300319,-0.9265837029385967,1.6459549806100906,-0.6104848991060936,-0.10283401224551077,2.2084726100860252,1.9029836298771583,0.7427121418963201,0.5547711921094651,-1.093924244840115,-2.599377007005485,-2.725748103914488,-1.5360003140732958
0.6886958008465559,1.1272096150999251,3.163354795772042,0.19552434790777698,0.22869362188480818,0.2394446651145038,-0.43058930192057804,-0.47142212649633497,-0.9247016643662732,-1.6452450916969714,1.63656072666359,3.5291158040383124,0.9436897740554518,0.16162334462597383
0.7412127336375965,0.22753920312778883,0.192469101966521,-0.6100296295820014,-0.6279070736285626,-2.133747096353888,-1.1496207588289225,-1.505635385854388,0.4848777830586599,0.9875765218645162,0.023820606658640567,1.616052477098428,0.3327030428206076,-3.4013603804049413
-0.9170547052712202,0.2259635406392446,-1.03869247112086,0.5843527291379583,-0.2465327929360172,-0.11036064492253292,1.639307958424047,0.011935406785253365,0.8519270291032514,1.2614765416344662,-1.2732602513134263,-3.1890471587440015,-1.4687194379042803,-1.5510474235562877
2.002795594110067,0.4974435280281576,0.7558459337147226,1.557753220947051,-0.5289417404080745,-0.7977754493862957,-0.3607504224642712,-0.9173654771486841,2.3526175654021517,-0.8483215911219242,1.594392051709125,-0.16753556539498465,-5.600554335908418,2.0780119509136243
-0.08325553983059014,-0.04295666747215064,1.8219645040964387,1.082537286060433,0.15246772151753551,-1.5952579150038364,-0.7670609788243365,-0.7265914219037256,2.9518338629391887,2.9942542399379057,-1.9998181521131915,-0.661693060260289,-5.374998747745752,-6.066771004772781
-0.1002430147845635,0.6903308800686946,-0.6412614751629753,0.41326998008580673,-0.07889097849014459,-0.3837206638194994,-0.12334098746138229,2.0734255549132947,-2.7134433937370006,-3.27859529166307,3.507582544197684,0.09713064566857368,3.190935446758535,3.714618793910296
-1.19708920771874,-0.6019777023591546,-0.1772750765010146,-0.45516161113186737,-1.9751254458759937,-0.7699982264766121,-0.9798406500183926,-0.6521599802738927,-0.7932658571101214,0.44949198128556894,1.9976978070193614,0.5954564189400565,0.8016213643042793,0.6330277642348764
-1.5991007655254783,1.7778769679428301,0.1182399104261892,0.6661636052055083,2.0965938601686385,-1.5340459072878727,2.1741608308208464,5.022674260479087,-5.003446088272868,-7.387547869358026,8.174738331581546,-1.2797931590174372,9.554815069420036,7.594794480778745
-0.3219042756059108,1.4007797743357169,-0.3135836950982635,0.8166320669641011,1.0332247760840403,0.4879152602652406,1.2329979767637138,1.8134103107837711,-1.415936852499144,-4.077657651273522,3.631663669517017,-1.3772353557532582,0.742960815069705,3.8753355310288766
-0.8200831137344784,0.9069584284677796,-0.10478679707356499,-0.5503673679003368,0.396351104843352,-1.434640638661273,1.9718315660149919,1.443599017905549,-2.101479116434308,-2.3402412450775136,2.5267223128169336,-3.4400161882761573,3.759542889626355,0.5532081029060257
1.9142294227777834,-1.1788453406266903,1.1578765134092832,1.6634233205712041,-0.17547833693436493,1.2281309295876337,-3.43675589680569,-3.408326187321188,4.621981025922057,3.9858754204569324,-3.7149627924648247,6.669918280278467,-8.715600620949703,-1.5025246495581892
1.4264765126332128,0.5398946372889284,1.3949807871633435,-1.110148194846407,-0.2913983801678292,0.012890538222606853,-0.5332686958086348,0.8594821188997177,-2.8294860059126443,-2.3832689504970057,3.5540052965154123,2.0464579753173333,5.50888075899739,3.487170797433304
1.6101795564149888,-0.5621879479645477,0.6525908377118126,1.2055163708728482,-0.9074156912727485,0.17658909831419928,-2.358409583880441,-2.3542466591726208,4.895403113172287,3.620670646895473,-3.0768592759462523,4.586033316075011,-7.238503330139861,-3.601687036875216
-0.21219198121646116,-0.18869917908926215,-0.9438847273577893,0.45000815812801415,-0.7106304543674663,0.14307995993435232,-0.8250325803731361,-2.3688396142301626,3.97676043565762,5.669847764993408,-4.921702662431859,0.3833799759067014,-6.221428706687396,-5.606058650190445
2.341709599652444,1.2085543040425792,-0.16085833395079532,-1.747977651591376,1.1602369131651311,1.4103080760599873,-1.0970006719001215,-0.7548904613638743,-0.6755512379223804,0.48750779264747823,-1.433538118617304,4.39000229983491,4.3617213342491095,2.157971441014918
-0.4973392018887568,-0.18397682494782275,0.7573648012099726,1.3860092400977497,1.1228958155237783,0.2871780852122199,1.262720391156647,1.5767698149769598,1.384102652868472,0.9799989261472669,-1.701688972583844,-2.06388077486064,-3.786014277545332,-1.3443111701406087
-1.4172518862045298,-0.7039036929305884,-0.6919174283119369,-0.24548068256894706,-1.7217867732597936,0.05418951069419741,0.634592360150315,-1.8089484567320626,3.493622881318915,3.0343496314571192,-0.9290454626864404,-2.0261982269006777,-4.848351063383356,-0.698544374367335
-0.3157712491733603,-0.834421834672074,-0.5341628977017998,-0.11981761217796635,-0.884304157260667,1.062923744509917,-0.2317445689816095,-1.4177747691855682,1.1509180755896524,2.1546533162624164,-2.7010820412005714,-0.4545961895807577,-1.741209540223889,-1.6989696931764504
0.5241114381915488,-0.5968180183088941,-0.533221986431524,1.7019695058963238,0.7029360034634361,1.3497166725041134,-1.6268652411461764,-4.626244149250015,8.061746792639514,9.003389432826715,-9.970379237385389,3.2085203805371285,-10.822458150086964,-8.672243253284503
-0.34003869399706244,1.1997919820426668,1.6037891179297956,1.2069510236468455,0.037704302553672145,-1.241398835326059,2.354163455148312,3.919900972133438,-6.003245710291554,-10.41898896449216,9.71014333797829,-4.625068310850304,8.248133918981107,6.633316372632319
-0.6402975929369269,-0.36403371493479797,-2.083876396687598,0.3483273598578725,-0.17489119427419547,0.3611052352343691,2.5119354566786014,1.280962869176824,-0.5104505400317326,-0.9615418670513891,2.2859408206714176,-4.280940212729304,0.12892871807988388,3.57538541163228
-0.5716565572105662,-0.3154111501235377,0.9959246618973941,0.2355080515072869,0.26931857629053046,-0.39513212563504524,0.9071131078407436,-0.2522042399539198,-0.20748939458667878,-0.11248704879736134,-1.139359546789465,-1.3110963839402974,-0.35146219976469195,-1.1763278326270552
-0.7981144594092495,1.6947362946548599,0.566172780489038,0.1509586318434895,0.837140414630254,-0.27267786536669364,0.8456641719140964,-1.0245715749292104,0.609858658053446,-0.06856855115448883,-3.018967517383917,-2.7490157339209045,0.8780056089207499,-1.3924059006462524
-0.3485581759302224,-1.9466132878219453,-1.7774509065880597,0.04322565549171044,-1.6356855070409109,-0.46998957717204304,-0.5199546940211143,-3.416522653437427,4.606641710394156,5.25139471640939,-2.6661363428597165,1.1092966491332237,-5.541701392893985,-5.298735873785786
0.2489560799664863,1.113543937703228,0.7773162801076687,-0.07315103280286059,0.05181324033711994,2.9592708851984257,1.083999347318521,1.458203390628917,-3.235126659754725,-4.18789118307779,1.802526342461448,-0.27721708658066785,5.3208181133133525,5.750313904109987
-0.05948809440219286,0.5521359678499693,0.051576246164083336,-0.08361409571234268,0.3703363037459091,0.48548505596068997,0.30007530293619983,1.8571612023707957,-4.002449083538262,-4.033180863643201,4.639278199215222,-0.6109915461484875,5.525119877302509,5.92555966394037
-0.7626857001160229,0.22167619170181468,-0.3010659856422176,0.06400007985817428,-1.583177864732521,-2.3259433099415365,0.8098833639769445,0.5949668392604243,0.8813183025869948,1.106477633469102,1.4065279197347813,-0.5769026881999207,0.21476282444710867,-2.611244166546419
1.0707532628739251,0.7791040025595551,1.5087582092937595,-0.9315516607053772,0.3161452249917317,0.41816313359265994,-2.523231516597836,-0.7974480474999522,-1.8857588814884667,-1.309856431641663,-0.8140679306497551,3.622999539572827,3.1588771565938027,1.2217583586376393
0.30385871993706587,-0.4657330382381037,-1.7136389292569632,-0.6042768626299891,0.7689000565435484,-0.21456643406621662,0.3628453164638878,0.464550563414223,-0.14416553958740974,-0.05647428728886332,-2.6156676728748636,-0.9746150660483952,0.9395617305453895,-3.435798240360189
0.8589712774998812,-2.253270505257146,0.047079043423056265,1.3734022732340336,-0.9553962290638457,-0.5191134777255484,-2.631844076509512,-5.09492449830863,7.54076732637553,8.482569900500241,-9.327610341332305,5.19359259663094,-10.995340208256835,-9.22192530366228
-0.5297682405151435,0.5334738714983878,-0.5912790736270144,-0.4930518135982265,-2.29588380986014,0.03319696045557748,1.625851634247194,3.326109334052066,-4.1448243177992685,-5.959717360271303,7.699114189032954,-3.0190304935604404,6.81942195875647,7.796044589960577
-1.2021471688837557,1.011676155807982,0.12828708623629684,0.7976846046601755,1.3500192887783897,0.9272056981908375,3.569497320235669,3.002684753028023,-3.7002397317321982,-5.231891487446359,3.9240396819749876,-5.4563841763146215,6.203398823406399,5.0249547934662875
-0.659151258810058,0.8794824835469395,1.6645769518500735,1.9373953976650502,0.5699973599511869,-0.6942240944201605,1.3485806623861822,2.399076613061854,-2.1221332264989403,-4.515445071944976,3.7503674353953027,-2.584924344698017,2.5578015214804477,2.887651561814378
-0.7629421282227089,-0.38206016787937525,-0.07350184907539115,-0.29730609024096966,0.7501556393220382,-0.17008944244612356,2.8758964217565204,3.0605656373202925,-4.735280943173201,-6.305134937626928,4.183969972308958,-5.48644142543693,7.921512297194126,4.098902236831296
-0.8258180801991521,0.7099938905374311,-0.2672746441903835,-0.05728961631412865,-1.2607554444008158,-1.5475223727355536,2.6135003459927226,3.555107716046167,-3.255287190089835,-6.351505470503939,6.528442191926756,-5.119789117085437,4.001765565900868,3.969392186706758
1.225173105169384,-0.19876029651238125,-0.1252114189726178,-0.2788288137657251,0.729008832380311,1.0412822278886043,-1.656926379913905,-1.5958717191301224,1.4391900635016923,3.169498374761069,-2.3817964858905265,3.2626868254306003,-2.5027516567316344,-1.3340914723435016
-0.21104105154761535,-0.8398859277028841,-0.17970333277573577,0.47424858125267566,-0.8731863728958886,-0.5110700029220242,0.8034625770953057,-0.4859787887349746,-0.08533244915466695,-0.9493054102712065,1.341360504739623,-1.0838029456599363,-0.6279326629548637,0.764855406008982
1.8451061255753178,-0.8325704140257015,0.31950585159596034,2.009176370705108,1.2816633257830092,-0.3662729233037338,-3.8783930072785893,-3.943611801260312,7.465416890517881,6.824983267116005,-7.795952110627988,6.09137414255936,-14.472830276066134,-8.385654771882427
0.14315146183978558,0.05219289245845393,-0.02179081583744079,-0.7120101213648963,0.4835758388049367,-0.6399254354304061,-1.20069431560349,0.3684759841579498,-1.3395664132428708,-1.5921522500846952,0.8757074165082116,1.6000723995827844,1.8167897944268396,0.4769320948877751
-2.0920089917289983,-0.1376501366991643,-1.6554582892740426,0.30555348250821884,-0.11709628545843397,0.5895873722581988,3.2045524915019263,2.187860517062127,-0.42250679760039545,1.7769653799149152,-1.4071502887449379,-5.6060874811778305,1.1895634336470025,1.4928864454315125
2.0207715468918552,0.941331987214072,-0.06009491094367074,-1.0022705917152455,0.3635922465738872,0.22763026368904576,-1.6533632282215838,-0.368408294639547,-0.6449099099988083,-1.1989966040139297,0.5654163245221507,3.976450597960738,1.788089334516645,1.5593357543043769
1.6488043317598542,0.0009117583149651116,0.681501605145918,2.801606396374651,-0.635296643002404,-0.8708885434236007,-2.938291900194071,-3.199806475816903,5.2878784242214225,5.269952917132238,-3.993036728597889,5.409871548948189,-10.407371604497339,-6.229642415811403
1.6438054884202484,0.8098131773849725,0.5526242822137972,1.7919210720291463,0.5346303505170076,-0.5238246011785608,1.198534188872658,2.312867015965877,-2.4361706562434042,-6.970369785547672,7.225634212522712,-2.3864001456391675,-2.8058609797893386,6.120595496761782
1.475497935090204,0.9713870336775241,-1.322510714246919,0.7722971854242472,0.3775341052196686,-1.039208909208469,-1.3650947330589265,0.04511578904337374,2.0221316135203615,2.100710053142397,-3.415372004683251,2.646473803438539,-2.85432456291348,-6.333521158014458
-0.4315245446943521,1.6777814605565817,-1.771611214812359,-1.8049671259418247,-0.41796920084907174,-0.9786716267863014,2.548932487632739,3.0048124566634837,-4.252001671801352,-3.9194309668313907,4.359905853249418,-4.415324161287192,8.177012172622643,1.797544383351869
-0.7919743191267433,-0.01852822793359084,0.08370574782804721,-0.2861030523151329,1.5439279775624783,0.8539734038153276,-0.11348116654552086,-0.2876248959139155,1.0325283378019865,0.5240645930695421,-3.231466492424702,-0.791977971776687,-0.9199991236367865,-2.7244252148587407
-2.045242015137425,1.633875531503712,-0.45319846029944794,-0.5433542699406556,-1.252656263305347,1.1769619160801676,4.7345551073292675,4.865913417182285,-6.490975354715446,-7.720686176234041,5.3171465666963265,-9.178586806311998,12.970576956939134,7.456577987818106
-0.9184514007240844,0.7754710908618846,-0.1854302517162625,-0.22821179371067202,0.1395890839893394,-0.7462444983007095,0.965301220449354,0.8653749512062966,-2.2372576762526815,-1.9395081106827654,1.8922319427402796,-0.6636378125026938,3.9051286004241343,0.5138922414770117
0.46550451156327627,-0.3302388291674162,0.3482228822107307,-0.06681795980811456,0.7237674312394751,0.661818876023356,-0.9159208569098691,-2.5948231618890842,4.243901471284414,5.652541448836343,-5.0415381598491145,0.8389370145580757,-6.35651366934537,-4.755032792457704
-1.3286339819984763,-0.25221505425091784,1.1581347159806052,-0.7887681514217967,-0.08400262732512376,-0.07067867955809826,1.6186314960932597,1.8794644841630828,-5.242177428551767,-6.416427670281287,5.8290903381978465,-3.657355830922227,8.476318084236278,6.737125986640191
0.7992606297149907,-0.15653178402612072,-0.005937158304560456,-1.2283571657710541,-1.374641147309054,0.6517256335961642,0.7451693451341534,-0.19687012608393936,-2.879625232684579,-4.045805751271803,4.201980652638824,0.3882521200565028,6.057594861636649,5.5724059376991315
1.0410349404084271,-0.8523097484655661,0.37576561736153374,-1.5513777440881538,0.8301452099405155,0.4501194283692315,-2.367380163619551,-2.376388202701371,1.7262955958209598,6.120457361781446,-6.762105548577768,3.3736270002989435,-0.7337919399168514,-6.355412115699364
-2.175277433819643,0.4239158708215511,0.11267753184197561,-1.0252112946439917,0.08056859938152462,1.1028420067532414,3.9675356981659364,4.827925268974555,-5.155977000588069,-5.646609520137853,3.4243699452406213,-7.343355368617437,9.448650761145691,4.1309904004052544
0.27942076427076923,1.6248257662024095,0.1350430441826119,0.19409773588180726,-1.9230728270507387,-0.7905361482998451,0.5872194025600508,2.5546432233749523,-3.5942244498635207,-3.1778277686736645,6.396033994908144,-1.265609988551098,4.920569399654055,6.296855362141589
-0.652959218272025,-0.7761010252254329,-0.5128861627579134,-1.6018293771471204,0.26292471917740523,-0.693783148108243,0.5903154589218529,-0.3978563514484145,-1.5287810110246316,-1.2935293415738482,1.8357449195127429,-0.8196404370432179,3.5720356811497336,0.6097343433434234
-0.5213774845056365,0.490076158925345,-1.6591005560725685,0.7162609724871113,-0.7996868948927853,0.7745789852843258,1.5194187098042806,1.1931105648649203,1.9982681907685675,2.39077433553235,-1.8713744236504248,-2.1741944258962946,-4.726664086134675,-2.5042888329267496
0.04867837323272468,-1.4114932657844685,-0.10974204132304213,-0.9741636941172092,-0.9881891630695758,-0.027964380559590264,-1.4793425454242417,-3.0922073822588483,3.8479381129091452,6.49764802892813,-4.356713233361269,0.21900356311690997,-5.40644100754562,-4.157199881341055
-0.1515819866461463,0.11070458561829002,-2.0831118490033034,0.33805458807785804,-1.8001405192581044,1.7196120586728616,-0.35780054132863065,0.7134917600256991,2.9585668019349245,3.731516219360713,-3.4690278295660897,0.389849711665201,-5.765621226121709,-2.3326119424781298
-0.9555740949726004,-0.23060822313798535,0.8553516155482894,-0.8688414145235059,0.024533501563052444,-0.5766953170716895,0.39078471404796516,-0.7877627734461071,-0.08369247948844238,1.5569122140160163,-2.3034267943115427,0.1582469006055502,0.7869211034249545,-2.4487667536044073
-0.11448934490829565,-0.5444443489404961,-1.8682402453774098,0.6877473914501244,0.5100986850471184,-1.4681250148006666,-1.221119264933034,-3.1703718022293517,5.964060336975335,6.53944130053272,-4.6806523172392955,1.352018784238004,-7.762487356346338,-8.91019382978408
0.4137942254073313,-0.919093316235266,-1.4554270683699626,0.4948309860044081,-2.7842397098150418,1.9739905629944527,-1.2412877335571382,-2.101623457622001,4.093956955501299,4.783339613496515,-2.3573904446854415,-1.6254031456168374,-5.485129207436123,2.1293635644606517
0.854955102682919,-0.24749317417749467,0.6381379102680693,-1.0243697933111184,0.11417308863687976,1.1381045533617513,-2.3271709641761364,-3.046979101636937,1.9692163041893822,4.27719349372823,-5.13414311528635,3.560642416127068,-2.3307098678283706,-4.448660188139705
0.6183262662822487,-1.6369512997691151,-0.5361104858218451,0.8671647787964818,0.5206907886671288,1.2818656723687507,0.3379486307837003,-1.6872852111692023,2.3988972549472996,0.33384421546757886,1.1458472384180705,-1.5943186031294074,-7.513962884456332,6.23455241976394
0.7789978214008425,-1.2900298470108,-0.7949107688867344,0.5868585464957743,-1.2900973223083287,1.6179738185288932,-2.7745229314276822,-3.2736265781988934,5.040236718193246,5.247057629088099,-4.380340342234223,2.96050797514759,-8.717233103406157,-1.6131036267811976
-2.539952063843435,0.53747223927318,1.424552776745442,-0.4409605691713399,0.23457480190106927,-0.5622194156578344,4.597394269648463,3.390123016047232,-6.71545977682581,-10.022457609983963,9.35863771660531,-12.489458672871862,12.431909708860557,10.830951645430064
0.38889956328474146,0.8249129741007631,0.8511482420442942,0.7286888494094629,1.0049511808889577,-0.5240344000452464,-1.10447356093756,0.6403717880830697,-1.8817430694993784,-3.425021895068715,1.8412588053702856,1.3321502617733834,1.932052329225906,1.3547079553068953
0.49732228625455127,-0.6297221401379649,0.855072629728845,-1.7939003212652378,2.0597326135861387,2.0112894795661114,-0.4092137842811006,-1.2425756922048274,-1.2083156989799897,-1.4278202211100839,-1.3133461034062592,3.0387468287571755,6.037790371974898,-1.8463674466571514
1.576896157333093,-1.168256823067093,-0.6000667914759431,0.20118759616024318,-1.551670350113888,0.8580654815511725,-1.6981885694862366,-2.1212120113541837,4.1988092611372005,5.586917959636992,-5.462668746667158,2.742133709638868,-5.893076512320919,-4.006320832116837
-1.2141488225651302,-0.09658321336808665,0.21801288123642104,0.3104228778758019,0.8070169377327592,-0.48823920304245605,1.1231651230953479,0.8269666550649186,-2.174266809095085,-4.301180909901297,3.671569460207405,-2.0296027347089507,2.622449299145073,3.038348190229774
0.5680480354844465,-0.9109343197516472,0.27713731479878284,1.4753908958495536,1.8048944316993871,0.4083355342699537,0.7612507006700102,2.00545643997497,-1.6915903201400158,-3.992519198637079,3.1575434558688293,-0.5865854769411483,1.1332862504700958,1.9182540718683598
-1.2072459269512945,-0.1401819129633197,-0.19387933551393113,-0.048077289090134805,1.7259966592734888,-1.4172182451728546,3.0085884986304974,3.628775793554258,-2.1705763416312265,-3.552237534338391,2.0890441664475294,-4.677309257883922,1.769565151283841,0.3741030426514004
-0.5630493421607421,0.27711231502845657,0.5852314499851261,-0.029050930160200848,0.3516863684931798,0.7979685102113873,0.9416847319502851,0.4002656990235251,-1.1984039749443434,-0.3109979822026455,0.4782976441981778,-1.2850364490918929,1.6839726205612007,1.3990246899152465
-0.7152330630498044,-0.6453805500950045,-0.11069391360331748,0.9361749366942487,1.246447555481785,0.6710256098495374,2.849060908469854,3.674236502326614,-3.4167078914890356,-4.702888425974469,3.364313311947512,-5.07849847621734,5.209751495884046,3.991851325382908
-0.019597363957621166,-1.3264070395805303,0.3678760089255104,1.7118145864016319,-0.34669464986603243,-1.038894839710914,-0.5724001841483879,-3.5959156332894993,6.166033605286624,8.173042093260143,-6.7333627000609315,1.1341015829749252,-7.99865359269943,-6.5287340859536656
-0.8330181803066681,-2.4922866983094702,1.2207086550653867,0.23120932017264445,-0.8070909147849038,0.9018072375171883,-1.9430853596930446,-4.70243298226345,5.067704446173414,7.010047318351656,-2.39652406544475,1.5762912234695647,-7.242690791702832,2.9294517101069038
1.6681722229849538,-1.1704963337629029,0.21532846737701355,-0.35372372838736665,-0.48688513949984386,-1.2197018183374122,-3.910395099799549,-5.761344868256844,7.2306499051729665,9.4277653480175,-8.354182318968995,6.651068242450578,-11.408325487574706,-8.201470939311777
-0.11397185187308762,-0.36147387173238993,-0.05086310451148898,0.6399581557345227,0.40987910674355665,0.23393251846963167,0.19989156450465148,-1.2823161862053982,2.6133365668665287,1.566304462536262,-1.4999258219643095,-0.07626612998691824,-4.54495191116814,-0.652934487886113
0.15534357577805752,2.6126225195577266,-0.24306712352240595,-1.2261631599908729,-0.24038670831297543,-0.38620101982539384,2.4723807195197094,3.8279080336756373,-5.753937463255311,-5.607962442817274,5.5704780931600855,-4.126620790633045,9.81652172182825,4.3491574938370485
-1.4153913014397423,0.4093527448145422,-1.436276142139639,1.7074418579203972,0.036148636239352425,0.22170355982046733,-0.17642233866359813,1.1597023858701916,1.795437964819872,0.35588770003781084,-2.3398935208509792,-1.1465079310248512,-6.193230106054808,-1.4160467126000296
-0.15212967051169832,0.8026974594284145,-0.28731333335247855,0.4094988490693759,-0.7626892000765594,0.3427096537804838,0.16072499089325853,1.851617462329413,-0.47838466684921926,-3.0064247811551152,4.068634880919416,-0.26630379401404985,-0.04257118920373439,3.48974502367206
-1.2158242534863384,1.4585132904488622,-0.38673788757959854,0.8142811195805928,-0.09814521659021379,0.14045094718340945,2.6842475723559067,2.997754114651945,-2.5400997832747234,-3.6506980864556406,4.168889279637387,-4.612102842390671,3.02836499814984,4.055522141091492
-0.058163592062452044,0.29822460568979775,1.014390071910402,-0.30737341320843375,-0.374932246653138,-0.40568581541861126,-0.28131666827598145,-0.5701047528285065,-0.018717608773735683,0.595869212891065,0.6349448424512542,0.5675100197812325,0.30172659837201,-0.007370239926397612
0.8513957888396945,-0.3005912243955448,0.10592447373305036,-0.057599069864165166,0.38918475178447415,-0.8162801872555899,-2.841669010116673,-2.788950494087703,3.7456133645094623,4.327419531842037,-2.976886213292079,4.193247189498571,-4.7560675102959475,-3.730761423408957
0.7860054833133061,0.033341153694529085,0.23040100283821913,0.005164149119991787,1.917929749215111,-0.8497474676640526,-0.9814687093476916,0.27068819608785977,-1.3666357216792617,-1.140518537560528,0.16975105963777593,1.9930740498178205,1.7189670575584024,-0.5571584925998236
-0.191832274247791,-0.3205155524294546,-0.6228199123401569,1.1768469578057725,1.6985122883832362,1.1336657001675712,-0.6629906087259558,-2.9099878852592975,4.878318602426589,4.85147859379779,-8.375906228447214,-0.9669762742624048,-6.5283596882308785,-7.458492149707627
-0.8918027332975367,-0.0347778148138832,-0.47564821355582243,-1.507468009464289,0.07962779019264123,0.8112803073536481,0.6273672337741448,-0.5516499874504068,-0.6095804733226616,0.0529083692202213,0.7613327367485831,-1.6269514354826762,2.529156950504108,1.4722759582391791
0.524567053229927,0.7302429090314646,0.5220503476316137,-0.351692858824165,0.26589537368288735,-0.03210521831081082,-1.1721864539166442,0.7144694033701268,-3.0237506759745076,-2.545892856144452,-0.1291953999268309,1.8657164657031662,3.4422603476550653,-0.2193357065677306
-0.2654191853877822,1.1111205642402744,-1.2352956621847602,0.3480687333769099,0.053777041652266364,-0.6841405207262984,1.499271732321188,2.9709070984240844,-0.05148832781009679,0.9900957520703829,1.5586306011928284,-3.5290230946851646,-0.5739549021118566,-0.39730568205742944
1.3824505635089428,-0.4425952616984908,0.5296480464649774,1.0065931856581516,-0.45465956587357054,-0.11879313699606035,-2.697145350271101,-1.6427615687845756,1.2829780365258219,0.5212611872873982,-1.794670326571024,3.4717589228230485,-1.9647747848064563,-1.172914226605698
0.1943546256717175,1.3343296638623823,-0.7628653395230584,-0.2602802904180522,-0.48257948230154485,1.2032192928704721,2.0597427638138837,0.7945271450826965,-1.7246934162006722,-2.6146192346127073,3.6491500427779915,-3.753782058489881,3.1490956078139587,5.011726001646291
0.8696979053932158,-0.8025477428295242,0.009239577513773974,0.6768339575099246,0.9989400974505308,-0.8796641645810536,-1.9382016410406162,-2.0726257085112483,4.625751141905299,3.2222620444190047,-2.8304978932458127,3.1835391526205856,-5.86217138869083,-4.420478943166695
1.7892398639104543,-0.5493521259723294,1.4283505016439622,1.2575141780741765,-0.1103357911841986,0.21512649871798514,-1.9368095549942164,-2.7477798709482366,3.473636324542036,3.654129121484759,-3.369474782767448,4.437461820790682,-4.509364367559384,-4.6193485401370165
-1.0225596285831882,0.04694271995076365,-0.2280687857958692,0.2579805532275513,-0.39708385118818995,0.6326144698524002,3.9848362478571815,5.321202167568757,-6.417106064676087,-8.207346138978242,7.775327105826583,-4.117083266301995,10.36927002471759,10.080054995376626
-0.4033181265928585,1.4901061064676162,1.0033618009935426,0.01886998761374209,0.1025762930539582,0.2934033189852394,2.511489827043464,2.854102894521307,-4.8207603866019175,-5.152990232415557,4.116426088140837,-4.709758502265226,7.529188874725597,5.289962545705383
0.36935965304729657,-0.8715051270141252,-2.391314026897328,-0.2605888621624419,-1.210011709152811,-1.0524576467547295,-3.4782749474346786,-4.183339083550991,8.8068977568784,14.331237749760005,-11.511619330515284,6.2377432670727835,-13.42020759242257,-13.757088909542471
-0.49915199167620206,1.0259633364720273,2.8973957264462675,-0.32793151126433123,-1.6348437282762622,0.09100829189330689,2.0869370861501926,3.398596790445868,-7.046683280341187,-10.196472973486015,11.385468891989335,-0.789418073752379,7.434727759899025,12.874122873086081
0.19326647269424646,-2.142862427045109,-1.0397092142097932,0.0486109237489625,0.5347706274087218,0.17921600847295507,-0.6983558174222305,-2.1629329476043346,5.25980806108266,6.440237260349026,-7.232834644043756,1.4443532849069456,-7.652276982864241,-7.685863489862879
1.1778673187805007,0.41230558224973957,1.5071760688041993,-1.5896860890079083,0.8753547744856042,1.1296885712703881,-0.7851054753158315,-0.02592418484501878,-3.1582342355996964,-3.1497427395221655,2.0288327138549307,2.7936406614860916,7.581994712599924,1.3203609759733017
-0.9621491435406074,1.0276292581644106,0.6127060070665495,-1.9513641832796784,2.4077840008431677,0.4113047112814559,1.933804183756662,0.3703423573694493,-3.1798584570778567,-1.9162391634315894,-1.202289769275817,-2.2380226294025833,5.27647155545564,-2.6821778625395476
1.0865935329557437,-0.7909751142197337,0.3904495390844737,0.5302988870597091,-0.6855983995092486,-1.2405383333074318,-0.7741773571862304,-0.8042627578112241,1.591196993553753,0.7619542078977538,1.0348046091318066,1.0530638657542788,-1.8623211649385214,0.9421957837231203
1.4755801405937499,0.9075202610895831,-1.3046329525799107,1.5536111622908668,0.5022425906571497,-1.6046936024633098,-1.7536204198730474,-2.7398975683614095,6.37640116675803,6.302517591761291,-2.587728513893049,4.011303983353878,-6.942028312572992,-7.968989035680155
-0.7314949660578801,0.8935708785795757,1.6478893907921612,0.6263250704460651,0.18051920598893934,0.3689330267727735,1.740655065673518,3.6375961382080177,-4.8208352196904,-7.056459887917261,4.93102963240324,-3.5758779144446393,5.709184918196086,5.453769024264482
-0.969807130838975,0.2587523978605186,0.9433191541240544,1.212146734813803,-0.3220474217628779,-0.8123947642418686,1.2774810145341278,0.9222515458920518,0.7346757876915462,-0.29496251883386404,2.4386283852377746,-1.3479515228490069,-1.7475122775270053,1.8296259175731007
0.6495387309413836,-0.9304201474804441,-0.527402304892189,-0.5494251417476129,0.7480699913092917,-0.4066796132501274,-2.802024704491699,-2.843840431302236,6.004164871185156,8.05571090799025,-8.50651561848338,3.479184176481441,-7.129531760410687,-9.08619827897918
-0.8042184498664173,-0.08666450525618759,1.6174496216483114,-0.0071264666323821585,3.099234902622643,-0.9005174265701025,0.3450583364101443,-1.22508108128187,0.2634911243271008,0.03332581822679917,-0.5508208478217282,-4.942686152578756,-2.0708476820732664,0.3221909913567566
0.08469467186132598,0.7740563325525183,-0.062396766205192564,-0.8588745521101685,0.12980760022765808,-0.991070382569184,1.8171149890009866,3.134304013659409,-3.970649210459549,-4.038744704956933,4.0221558419920305,-2.0324675708558764,6.781722825011966,2.1108883832516465
-0.016647085985544943,0.6607724965055288,-2.3612796741810813,-0.4237431403615555,0.5958656886551009,0.32532352945014703,0.1812123820145745,-0.6197399732470463,3.107312659648912,4.9749329170896734,-5.078124373938385,1.6988888132913667,-4.674761877810516,-5.6536941526995985
-0.4821672281677623,-0.698201243427921,1.785829614609317,1.356955322794814,1.237485800674667,-0.29689551185472257,1.5353418144643916,1.5569285848016325,-0.9405120357119062,-2.1995080299977765,1.0734180669839086,-2.7308908480772174,-0.4036857958134029,-0.4158136575168062
1.5712025182453224,2.158110433121648,0.3119298534733958,-0.12338355202117418,-1.27298230588207,-0.48528255979927176,-1.1998578057277627,0.49036037356764833,-0.9424382943983306,-0.9298074028362721,2.8351219388293845,3.0487986712058963,0.5606351257856076,2.0512774028081404
0.7896435683313873,-1.630511760368343,0.7046935014733208,0.31893932014123777,-0.8528695337398882,0.16741344692892351,-2.3523770577993264,-2.007641514671312,2.922364844158649,2.0108934359810426,-2.671829835182589,3.207964612380508,-3.8171478168234567,-2.874323888841505
-2.0297577437776586,-0.10953861333086404,1.9178491282632038,0.763308649013397,-2.1686303083541674,1.1765045110227739,2.5396045230511683,2.3016662962214505,-4.046900192962468,-7.480080376952326,8.491654171634544,-7.665993145803906,7.266450678080691,12.054905094513861
0.427913620892614,-1.0113814215392805,-0.13667520806968358,-0.08677014157026786,-0.9300111066731024,-1.7447690123945077,-1.395622935554663,-2.830943425003903,3.5972265363258105,4.645090471375848,-2.812597364371655,2.3329168361311057,-5.334572453025206,-4.804738542819819
-0.9774754694622385,0.023954627711781074,-0.7344803073802194,1.031015484211471,-0.8412572475576013,-1.0912497624002617,0.1418565926077508,-0.4658510481099023,1.3293782880215608,0.3496534700582208,1.295208836378377,-0.1853309328377224,-1.5890153135626939,-0.5071525828688216
-0.05050166714810823,0.14832938262051837,1.5393763283954516,-0.8938553881974154,0.19559961619215394,-1.982940341990864,-0.9367080269083903,-0.08195210958009688,-2.366695711874272,-0.5314721021539247,1.3532781240442013,0.8906887844327033,3.1034131397797253,0.07016838099185042
0.47864285114666644,0.5421926078114339,0.8814215775590368,-0.7445079117907256,-1.195315392871755,0.45165028405226043,0.27089678066133405,0.18125407728252374,-2.2840270371565237,-0.8214937620185634,2.5797453216348654,0.7772436203458203,3.7032847902183215,2.794947065194268
-0.4926031275855093,0.7114829032519718,1.5407630126341307,-1.3614248160537157,-1.1997942054844966,1.6462293546712365,1.2056173844561033,3.819599030664489,-9.945699798886487,-12.385308504630165,10.67190375716597,-5.065332958463971,9.805646757305299,19.382654177689897
-0.6152835503116225,-1.3859997089810971,0.32443380859258936,-0.144882204910989,-0.7185842897594674,0.6971483716039085,-0.16493747033294162,-1.4407470216436022,0.860404293969893,1.0512477640646405,-0.026774198555440963,0.08306201384282652,-0.8719390154242623,0.9771583406336029
0.5848025740448974,1.754145102872966,1.6624902049152857,0.675356988459725,1.0391116959412456,0.6163422518349004,1.1698796818603312,4.202913934560041,-4.580694098346628,-4.837842855032891,3.4057983446358935,-1.460753630607502,4.525969174701459,4.175395094446129
1.0379775395360282,-1.5868147444067298,-1.6855501551632373,-1.564726416379015,-0.23084837064249625,-1.378878495276006,-1.0592981773541683,-3.353944286163652,4.478946895738214,7.643829543378934,-4.539141078857287,1.4544248174007315,-5.682195094882146,-6.280009381351148
0.13093874815514492,-0.5169290697061806,0.7279448176671236,0.8791992352109826,-1.2731923055401522,0.2900820585269421,-0.44469874556481065,0.5633027189125004,-1.2691090759456143,-1.4510128855398592,2.719734873001514,1.4027189873215666,0.634296911360659,3.448985356300846
-0.14967549594747787,-1.0123236458611498,0.19984271382783708,-1.367621584119743,0.12234902743754585,0.6735748254320104,0.05476200082826474,-0.08336096545738518,-3.569548559694703,-2.4528858820536286,1.384239862204973,-0.031168724950907247,5.3895934886032455,1.6823905728574031
-1.0775443191538452,-1.2155032795155163,-0.12518148710431426,-1.4541175641199862,-3.1815085928375786,1.943402854130934,-0.2997208428039615,-0.008280339863227374,-0.27537827534565873,0.37817769746011964,0.3265853201902507,-3.6587844013001614,2.2552753822251947,3.305760045898696
0.24404998775332368,-0.43249316205630656,0.06347782889704882,0.002604438519361575,1.5511540057901754,-0.5502314907451177,0.23582791536314,-0.029237686902242974,1.0194159274879055,3.005582723381913,-2.2513030586147647,-0.5617856055227262,-1.6005113937871993,-2.735591824842173
0.11158880012985038,1.0317225022450545,0.8027288303526328,0.17146026439664458,0.24106681660147544,0.8740624453394127,0.7374461237947001,2.6482531197751635,-4.7120332505360984,-6.908902936049379,6.763576756882347,-1.0423926354258104,6.514905500874153,8.280375708178173
-0.8457886795504795,-2.8512974501309754,0.8433122826035324,0.5484157198657315,1.0122045227205283,0.6506643284470713,-2.197825038145182,-5.206796420798215,5.881383912198052,7.233685384157361,-8.390382190043288,3.155102467883909,-10.854511457962348,-4.746739542915753
-0.4602187524095676,-0.4617915824951977,0.810423850967835,0.7157525777586538,-0.06686954447054216,-1.1123912573908346,0.5127702443092972,0.9009297328780209,-1.08509138392142,-2.573458946062037,3.0782374482293915,-1.0347464421212083,1.249619360170262,2.328234957442567
-0.05771049464032758,0.4261651700551834,0.5648379653129337,0.8074491216165748,-0.1934732382545304,-1.2546588223696815,-0.3860085168788431,1.9788611557424014,-2.5733200612067293,-2.734556602521571,3.2537357184888593,0.30886402437330385,2.7299394175673632,1.7694807259807481
-0.0838437027440557,-1.280255787497376,1.9115312723184268,-0.5640149156123188,-0.056671326812847325,-1.5137040886972482,-1.267241383609238,-3.1406578351875503,2.1364499611648564,4.435748192087018,-3.9226190272040187,1.4510839871764507,-4.532897462206556,-4.8403564485998425
-0.9130310623762952,0.09978301698784092,0.9292789291343846,0.14949888841019845,-1.1665591041411243,0.033012623323410484,3.158339734707239,2.9782591900948745,-5.265525286363927,-6.64318484609527,6.706239340408749,-6.457715595828867,7.406172982903326,6.169190447408115
0.3280733361571564,2.292955097128575,-1.4633015950157384,0.2669472395695507,-0.016787391617930223,-0.47626407634610934,-0.7838529399265438,1.3475736448324613,-0.36143622488576144,0.9151365862643949,-1.2504717768743638,1.9463217390360465,1.4816428933517176,-2.2627398263473535
-0.27375020905658204,-0.8813480839953665,-0.1777948432824299,0.8324368713605239,0.5087939600115554,0.7315546704926743,-0.285830297070275,-1.7152178058257819,3.9180453649935196,3.2266725035394925,-3.6770977336231856,-0.04270234457138646,-6.6871765028211705,-2.607391859090376
0.2117525154852533,0.530787846529989,-0.42516757094334956,0.28155214142214546,-0.9427574092494296,-1.0449772297473445,-0.5735694570985861,-0.5539034552354489,-0.2640872326918482,-0.9131424799110237,1.4048205805094094,1.5205871099901012,-0.21144856385737026,-0.18235235392435642
1.083888080575996,0.8779454540517053,-0.806133354996972,1.2267878871290336,-0.2786036271870609,1.2497453900249427,-1.5533064372252554,-1.2347204496453914,4.058184835987892,4.398542636598003,-6.253444185233777,3.4005284217289713,-6.6079565293254925,-4.674740450937972
-1.2315211521468479,-1.2990324018986623,1.7911665494306341,-0.025061180477166455,0.2237332398145786,1.1420346262464847,-0.5068088714091011,0.6517160785970453,-4.318934538425929,-7.310414319970423,5.3622370153137435,-2.0511567359342586,8.589865059197814,6.247485169498864
-1.0374818818863745,-0.5864612275906229,-0.021613412412955085,-0.6362307235716862,2.212709667196783,-0.8573638361333433,3.778502020709893,4.355476199490285,-4.862269309728785,-5.05223543440668,2.242068962862994,-6.966757343576586,7.058576056978984,2.0812841154327475
0.03458222256241186,-0.17257631987798494,0.7382862111660063,1.334570315867566,0.3100284189014386,0.48692164028550206,0.03313533144615796,-1.2910797880453984,0.8987343576785579,0.7311003121095446,-2.0049135792237287,0.05077556044955795,-2.4075898701217997,-1.1440303543148438
-2.3710082027762645,0.974708005081576,-0.3693285878736283,-0.3639022936807329,-0.2515825614463848,0.9987797767358515,4.767347593735289,6.87230824095088,-7.713127238132395,-10.113323697251163,9.291290430891632,-5.20361073682079,10.74077251836073,9.375755510901655
0.2338861490714107,-0.5300635481983844,-3.2135564125889444,-0.07347695417401984,-0.11888933421266659,1.0317597512389431,-0.6458360332288595,-0.2778836847739316,1.400068793290267,1.5727714031369955,-3.8235700364927916,3.5143215092363356,-4.1114172679905625,-4.763551885070688
-0.06414157043364532,-0.7088760110811755,-0.5115402127814442,-0.4851817906989696,0.22227600377248702,-0.014577476136479924,0.9298378686922523,1.135659904610384,-2.0151114501079443,0.11248642379284628,0.010819286122754675,-0.8320009588986255,3.3229276892611814,-0.21731688332497864
-0.5250374756662542,-1.6728102847113726,-0.6628533580203952,-1.2808291088959194,0.7415603314512774,1.315411293877712,-0.9469241288777065,-1.9539975176012871,1.4785668843542747,3.4513004113204113,-4.168386238668455,-0.7744604052808011,-0.7246415669782675,-2.7868504702076082
0.882236761157314,1.0860789412277416,0.3502245456706914,-1.98666731184332,-0.630939439989212,-0.7729471416987456,0.34811180412144865,0.682592052599914,-2.685814986033613,-1.7327212027869972,3.0484147145812117,-0.042926172667654805,6.6163516257064305,1.5847744246608035
-0.8235884005705522,-0.36113323427614186,-2.9198101611994325,2.300225884872898,-0.7330838110386816,-0.7227959420698286,2.1784626370481917,1.6091792240340341,3.763737897488198,3.5446171617875217,-0.9286365518958573,-3.8193135579139517,-9.764062054013843,-5.953508139338426
-0.018265563909770174,-0.29297777724029306,2.294842678293139,2.5421574071398543,-0.29209371316132776,-0.7719089605646265,-1.1591230072566623,-1.0879092278901554,3.6976941425173484,3.0768222972644144,-2.0759413191730345,0.8318777380193539,-8.912120638690698,-5.889862385144706
-0.5327740239356632,-0.46406049749627326,-0.20531012810569924,0.3468269590133819,-1.522148944959955,-0.6931591326248566,-0.4384894864857037,-2.424753278656727,2.6698758672826632,2.6379112242291987,-1.2826992522439744,-0.38993598965284676,-4.425663898227786,-2.4812933516566402
-0.10680169250070376,0.6501160215049244,-0.38398154069184554,2.3466101350279294,0.9418929892043247,-0.7973030356182651,0.7405566232981389,1.867430890673854,1.388840059376371,-0.6221598070873183,-0.7223293855515208,-1.8535186142657314,-3.2740428693162267,-1.0958311201711621
-0.5130691444312204,0.1710291256738624,-1.3236858748766502,-0.4069672785409057,0.8456760316390072,-0.24897296306786174,-0.15668939329470366,0.6935939530604488,-1.5052440379397816,-1.2002043019326556,0.6871474775658118,-0.08289626625609861,1.9876972040422578,-0.17329708134066213
1.2543295816020852,-0.24241880144937256,-1.5758819074126311,0.6858019688415459,-1.1790769378310408,-1.1711845544872763,-0.8481425531655021,2.3079653666872444,-1.1341267153413452,-1.905010929483955,3.17975557265587,-1.4321221057200106,3.2410079598958257,2.5253855226749615
1.8675698224500705,-0.9996356861476275,-0.6580778628972653,0.13777627089301767,0.5686923513319293,0.7679906141168904,-3.652874936180953,-4.744999680087361,5.9398176684201305,8.359484418394672,-10.229537116769773,4.926480907469673,-8.425172249830261,-8.328858986116328
0.2114343856090055,-0.20006269510720318,0.6983869892786836,0.8756141180002951,-1.178877836366879,0.9778262172515184,-0.6169660754091593,0.1769047166741671,-0.1810952938845809,-0.4049067982427343,3.266229078417805,0.9806674836965846,-2.5628164537793836,5.696629170198681
-0.4308873802618463,0.42605178566966206,-1.8659546336387753,-0.7379051698466874,0.41962893200378787,0.3361366111250413,0.5796787747401729,0.17966343401019247,0.8794491404764059,2.16842327883012,-3.2544362340862816,0.16051640378620646,-0.8098989252035692,-3.7655325274174616
0.1453138614532514,-0.023205156010518643,-1.5544806454889648,0.1898158177681673,0.6949327942831052,1.257336420064058,0.10267315444577155,2.5344132585722217,-0.08745743361339614,-0.024957680967595465,-1.6040337011855046,1.2924005307445052,-0.030025272902895597,0.022524186668234844
-0.22162477020155272,-0.09608673785804478,1.3134308480772308,0.8610807747175625,0.0031764176439776637,-0.7526908893978099,0.6438617813809461,0.46202743194508467,-0.7379737510100354,-1.5402239790870489,1.8473909838922187,-0.7529879369890498,0.331327567656277,1.2046084292663268
0.2518796353520352,-1.7352412685686143,2.3349884902359808,-0.9398267300992046,-2.9517114875147756,-0.9327375882837932,-1.2933103810500106,-3.40843655609034,1.0424785533125152,5.243113983710529,-1.0634975126362964,0.1587483055622345,-3.266385788978589,1.2399858750858972
-0.2818915692193022,-0.37424713822556765,-0.6358915449977628,1.1300736293384215,1.121611000413103,0.9290072599321615,0.3206743033779641,-0.38058124919488434,2.0752045245023525,0.6142157821109209,-2.0664718356336325,-0.4449673752701326,-4.135903456481398,-0.37470576553168233
0.5091608882201272,-0.5652913808006975,0.9939967882206436,0.27453878288231165,-0.5955391455505447,0.23448855908633628,-0.7864326875359616,-1.7530592845520856,0.6634399259393556,-0.31411859475043824,-0.015545667344841151,1.4237605558376027,-0.9017860832744881,0.4030777235289456
-0.8100265452657225,-0.6763076334731247,0.6192713273687152,-1.9889459025511524,0.4173784434133663,0.30912935421785476,1.0035828825743875,-0.1847681913019807,-2.941692323989169,-4.64689636954998,4.161442410376299,-0.15279109083347456,5.171634866108131,4.098850455996238
-1.5531427527845576,1.648114378987088,-1.6314514606419988,0.03278103126110495,-0.6128454257916579,-0.6861380666230318,3.15574491633179,1.993094733262988,-0.6658909641888485,-0.988929008659132,1.062157071354733,-5.882667005315896,1.6614156510679399,1.866485544403555
0.03769067409972423,-0.44012644656484523,1.7318488925538105,1.649693455292551,1.2778739545859006,1.7467882367478547,0.32129767854864155,0.004334266883828051,-1.303232241804957,-4.2382705335062045,1.647013671561932,0.17934899269479268,0.35386729265167083,5.834216252340837
0.44469772176663086,0.7889445133872998,0.9111777695121085,-1.2291324565261683,-0.05809233954522953,-0.643985928420529,-0.7999341337204671,-1.5885165614848722,-0.7744164771556891,-0.6932433756108465,0.6587357483864981,1.527737955230589,2.565537597811462,0.302501231656743
0.5157543185740769,-1.1031177205219844,1.9166939294807221,-0.7746503499104905,0.9389437020129158,2.0315533417733045,0.48384093079320123,2.028682576606372,-5.465917287689275,-4.902699153650607,2.174141028956067,-1.7404828159933667,11.906254091375283,-0.1534122824626856
-0.17314459525133793,1.543792746752703,-1.9810081455659723,-1.9147618140904916,0.7088800876321889,0.17314949002922483,1.3424075678987308,2.0935954710730655,-3.329998633885436,-1.809459129270868,-0.9161216859933503,-1.184577139695531,6.246292366994012,-1.7889232494101257
1.46291521483678,-1.8237329476348503,-0.11183209440441952,-1.5541055498274248,0.263943329619228,0.4943117129780688,-2.4843026971340065,-3.9241943308618192,2.9401203927652646,4.681467121455122,-3.8182678256276126,4.659657636671831,-3.4016657303575553,-4.049271625549348
0.41272706052963914,-0.3206674960662553,0.1887110813136369,-0.1390467347292765,-0.03641522099040361,0.3338194091740828,1.0657764910130727,1.5268041092710998,-3.1907148692217495,-2.728047401665137,2.660749570540936,-0.6809130747390552,5.171581842789979,3.1927091023406335
-0.8327911444270809,1.1014653909363836,-0.7951789754268169,-0.32124926446165614,-0.2432893182936759,-1.477575126126914,2.064606957536935,2.6500700747959254,-4.048601356768724,-4.193834434081677,5.3220683839437575,-3.206733361886708,6.13206387396915,2.564105699823697
-0.78363095395797,0.521528303568409,-0.05894297930796322,0.584032861644271,-0.606245788732758,0.8768203850775343,1.933715992826925,2.0932674748761406,-1.9153503041815725,-1.669773096788139,0.9044846289445968,-3.019043776051422,2.139739224073244,1.8793300502862211
-1.4946257966771257,-0.5262016605122205,0.4134665037048121,-0.18546972236701406,1.0873754458955835,0.09414584472151283,1.1860523646495091,2.285579835264095,-1.0332685487923419,-2.630997941427223,3.365466986141496,-1.9448400332903402,2.464401739102655,3.7284990759366994
0.8445774117660123,-0.8505554945849183,0.9733903794967859,-0.5036095643512868,0.8106611333791092,1.3221259098067353,-2.0089262457880985,-3.368368988514472,2.8035162696353924,4.003410825870732,-4.646733710851921,2.96125675466743,-4.561162256652272,-4.338810186581767
-0.7425870078578019,1.5930448732183677,-0.35460064532568564,0.8860847964402591,-0.22139907358978933,-1.1254392918251424,3.3155657006007457,1.970145589338523,-1.405826190732223,-2.3541451157630195,2.239527288025805,-5.515334959456684,0.9309199816707358,3.2143632839283054
0.3199428375121507,0.6800769810161756,-0.04142581719420594,0.14482294592547654,-0.2199859331216934,-0.29798109546932694,-0.2586516929258015,0.9106762515166563,-2.0616217864345403,-1.1248567913834693,3.467104804778035,0.6952834663994034,2.4978022776019264,3.7499395079933615
0.6598352203377424,-1.6523689685649372,-0.749382690000599,0.32650084000880825,-0.5160083315277574,-0.9940588714803582,-0.6601658805868009,-1.8348505919258857,4.0413857502816635,2.3347032998652235,0.025375930928952448,1.497988258853375,-5.568540138556974,-0.5943042729155323
0.4233489660866734,0.6650214023514147,-1.1084276020832622,1.3230163946082054,-0.45468297736829333,-0.37278365934186286,0.23470227803139299,1.0147791984773131,1.1082085215087631,0.6164373501070693,0.023751398596043242,-0.09760031213766444,-3.1003423195009843,-0.4195830153668071
-1.0314004200720748,0.19082431834568375,0.14758088092431837,-0.6279011534404563,1.5708113364886351,0.36116223238720396,1.2915808602281975,0.9353544626716251,-2.308797206104618,-3.257718187671067,0.9318721796992168,-1.6626475598437946,3.315085647946538,1.0284135859096208
0.0337383696050279,-0.3020023501524013,1.4521630124199902,0.20320755794067985,-0.9217750893534999,-1.893349017894837,-1.1327102069031745,0.09557608243611866,-3.372916807221898,-5.864538241671442,7.227031360262738,1.864877072978384,5.09626363084988,4.571381827740053
0.5322596615066865,0.10447526740593795,-0.8288891198835702,0.050317756244710826,0.47499427292917595,-0.35061852926405646,-1.1982382984373758,-1.0840786500486888,2.5804202984292948,3.1377023791343848,-3.4308282811019137,1.472523431788005,-3.796231245854448,-3.7015149620844503
-0.10886577365824858,-1.2674835490375724,-1.5326973446460561,-0.7241971572779012,-1.9389322542159098,0.9827322017507175,-1.6922248138499052,-3.4532002701843134,5.6633281960417365,8.041955154389345,-5.231429499093799,0.19369948234760137,-6.065158746403484,-3.665049671121716
-0.4527705383000656,0.10426483995540226,-1.149696338467275,1.2698403521898498,1.1067659695076775,0.4298315174624381,-2.5646826907138096,-1.8501245156850694,5.364330742593555,4.3192903788851735,-6.766746239043061,3.807360212086069,-11.740278821217265,-7.668847940773708
-0.7812404992169201,0.36659553949319956,0.5691000784034712,0.5230586720806372,-0.9623276322224402,-0.40669706030169944,1.9097408413579147,3.553960929995661,-5.721142796157321,-8.654303749383457,8.561206130246651,-4.115423138377413,7.61442966818234,8.164383210833108
0.43888845952739547,1.6182123000995263,-0.7987176380532651,0.3651989472666056,-0.6701291503528667,0.9564680413908052,-0.3601573103501417,-0.39854687615498147,2.487536863492146,2.972552299506135,-1.7240472013010992,0.5299135517898672,-4.210689738476436,-1.4974349509457288
0.4031255449684774,-0.7007260217480821,0.30150521637124117,-0.4703780139222832,0.02498551979984892,-1.2473572576196805,-1.281284095555415,-2.106496010894549,1.3483989755874488,1.9771290423934307,0.7149848893211913,1.5094153802694668,-1.137136391210395,-0.25518413480163343
-1.1733837336686164,0.34420882292476523,1.4950173621420548,0.20561269166637702,0.28052257912568485,0.9927641560770283,2.2826397919031085,2.664704970382224,-3.7042805213338226,-4.359757286861118,3.741361086106984,-3.671029871071406,5.210485092437469,5.086864411557872
0.6236266750239622,-0.5679950424434017,0.027231168922546976,1.6377428827034206,-1.4307030267171887,-1.3028381515543146,-0.9737881129665709,-0.24284039969221016,2.2463373664785666,0.43390217644500295,1.4870117212633243,1.9736548624997274,-3.3822887801452737,1.3659875642023183
0.5520696320471612,-0.2571985081130028,0.45985798525396554,-0.0008808441893649183,0.5095734321845233,1.6809231092974066,0.8056998187295235,1.9298067182974936,-0.27750822767241956,-1.6128912641063258,0.20752942056017737,-0.9662200022877063,0.4846070543805301,2.59853817883012
-1.3173546151369855,-0.12444134715158028,1.0071483905101644,2.0191637402393092,0.11929221006647821,0.24234752422652467,2.4405479289648344,3.955650343832604,-3.968826725571844,-7.352835297650258,7.473265705712703,-6.460526623036731,4.921102476265608,8.918098043372208
0.4175552643509515,0.12015385669988826,-0.6910906047256805,0.7403951886277427,0.3953372057717272,-0.2179833218369067,-1.510327876918178,-3.403181428349543,4.8093932625117,4.6017427848248715,-5.849899940867201,3.410054035654725,-6.706070343427587,-6.400365272799908
2.206461944450732,-0.1715134859144097,0.7371435712396875,0.7223890563043034,-0.7381246289052014,-0.037637221550940125,-3.412115056375849,-2.809441785029214,4.0389722104623145,5.002771073228766,-3.410306422294606,6.073034927683209,-6.636912437900936,-3.4818315234791997
-0.24839084161060526,0.41564374127858245,0.0003073079683029202,-0.007397519343834265,-0.7466156146116312,-0.7258216347280705,0.8590589370998216,1.437307158276279,-2.74971639238231,-4.008916788750151,4.396338500617841,-1.0949664633326495,3.933266303065945,3.0299610776535757
-1.1734335809744756,0.43053203865356876,0.6061301699684041,-0.5999650549898434,0.15999514029145673,1.4272730144714005,2.617213190357905,2.1437961014496243,-3.69231650109893,-5.443910809891161,3.427868816867536,-3.55577895904812,5.521198162469626,5.043078781211744
-0.5170607111825487,0.7536388718874973,1.5488630160993924,-1.6089105093874483,1.4940569467088172,1.8162887466838373,1.3608140050729058,1.1182639560188,-3.506189175168816,-3.828776382841056,-0.22566340384884032,0.4270964420844689,6.626821888567942,0.6221448083296957
0.15854146432255176,-1.7335330735498136,-2.376063798400056,-0.008085330726788506,-0.13654106059239995,1.5579828347685034,-0.3332124693669168,-1.7968277652053306,4.781055627840373,4.870716089308576,-4.845870020385436,0.21809746513296768,-10.22379303979007,-5.5920603301972704
0.9693804382989557,2.3770042198802708,1.2650739088239447,-2.210737303037711,-1.7094697974086386,0.34333994054640793,-0.13044293523142098,1.0732976113085795,-4.622706889651245,-5.384923488089588,6.545871803631,0.7263590450996628,4.400512655754593,8.195945831265043
0.6867522282330578,0.3705118070193391,0.9553142946407575,-0.8537075666129329,1.526310874535451,1.2761810122715471,-1.1521472738518328,-1.2632994846884182,0.3933367834619136,2.1423798710348434,-2.386204193212612,2.1008416954658737,-0.43562860066348497,-2.4044197731926076
-0.31010388910536346,-1.391897097271716,1.5554087538528794,-0.15249845900749323,1.1414616991947437,-1.0711480714577761,0.37468540161523833,-0.04992013399250377,-1.9679007589281285,-1.4094259162722174,2.3733050183110103,0.03189523896649986,2.6983540268969413,1.825344253247617
-0.4540262813457213,0.8947497471900275,-0.8669292162257541,-0.809138365876802,1.6026424129991153,1.3527817226101566,-0.04546626189569735,-1.3863902464991933,2.120040446613589,5.141987089383646,-6.837150928076784,0.3629163878793359,-1.831200914286326,-4.930748343383384
-0.34736953755433164,0.31566066232845724,-0.4365492108824133,-0.8349768107871857,2.068766458831146,1.2002357100951113,0.04946451814931531,-0.5739355746654998,1.0576050224353934,4.2428412369998165,-7.531599968332658,-0.9209363073639327,0.17010439186539913,-6.782814684384668
-0.47531516751051084,1.1421143147110853,0.9367809812707363,-3.3838674800085218,-0.9682438055419336,-0.9695163080039372,2.3550361035807446,3.2192565824377053,-9.75483161840628,-9.317423135699405,9.696168247580049,-1.60980276708935,19.20000929812651,6.997390865286282
-0.6673634638358337,0.3388688699272912,-0.4042645476716252,-1.0056407181782245,0.8723911449122814,0.36514972971213905,1.2109107283983376,1.3495324821244894,-1.802531982485073,-0.20686783626113164,-0.07485774825211947,-1.5276705412080458,3.83113250950824,-0.3651987962439613
-0.1667181894265824,0.15644451245146582,0.23490299209313123,-1.0379724632132745,0.7886908813021323,-0.1764501910800806,1.063181291686614,0.9734159565076353,-0.5179793636311556,-0.030408526892452208,0.29467046676299496,-1.3972962253633159,1.6871009449466507,-0.10208029368829288
-0.07195289639032612,0.2675428388744011,-1.319179098685744,-0.3947176482375746,0.22876995420051466,1.1372817554854855,-0.3545810237995995,0.32549837019923195,-0.173020772417394,0.5688223529653694,-0.9166736942499921,0.3688872012135791,0.45036313338678025,-0.16484980354374695
-0.627967448192247,0.5825818485543747,1.3972645461048738,-0.20209408250414468,-0.4195156124397253,0.9108822293472145,1.6737665666308659,1.3450340015647553,-2.1807085851091057,-2.014536234166281,1.4883197634111467,-2.113771071454602,3.180481352155472,2.513039699125604
-0.058368755761850716,0.4139614521545664,-0.7033243418591821,0.8463915036921325,0.049015246660334244,0.007484811241683049,-0.597063013310554,-0.46027852233746885,3.0194632858346746,3.900165915356422,-4.261809544880826,0.7010064623295885,-5.757899682075104,-4.2688034108457575
-0.21540500654075664,0.7374639731846647,-0.48856704646161025,0.7367088224725522,1.018450258005482,0.8712493374005482,2.436166347040311,2.8555027611124744,-2.0420059429937636,-3.490599400961468,3.2328077711038365,-3.7889624737151473,2.001488519576512,4.910589702685507
0.010202020364899778,0.24962643259006284,1.986461723583006,1.05189208919811,0.10234632686916713,0.12108299826540017,1.0229909624259999,1.7231275117948712,-1.5421569434823343,-4.00037109837859,4.2530769445330785,-1.709865339196771,0.873331041080384,2.5223258851921435
1.2530578507721053,-0.2023766300892059,-1.7752186526906044,-1.2558600820315278,-0.41291216915030365,-0.5914696494108872,-1.1990232701597394,-2.160091056500672,1.8899027574033627,3.7336644857644994,-4.044317127333554,1.4036484752024425,-1.1449159990472337,-4.122191440856339
0.7455158546253428,0.6920644489897494,-0.98540635222906,-1.8766055981261416,-0.2776412017120153,1.3467387897686,-0.4664272905217202,-0.6276273784996976,-0.18879692410680798,1.2648560547892544,-2.3454095837922617,1.2117877154448906,2.4590375640415623,1.063843712245566
1.0647394362112357,0.7631809735985958,-0.30896178703315874,0.21614568117751914,-0.0164565013461362,0.7484213431927825,-1.0690290799198992,-2.7179586127596913,2.497370215829858,3.444571944935025,-4.383584722414168,2.480390971969527,-3.4551910779827066,-3.04593689565331
-0.5215742141552361,-0.8202499104461591,0.4016815358628117,-0.774789197175347,0.20332671287754978,-0.64578338061228,-0.46964354527936525,-0.44430055095451165,-1.5804371739919034,-0.8552781839991015,0.8452760681568677,0.6827481190662195,2.304384135184349,0.19534377821415078
1.6654960256919416,0.5639648857947134,0.21907571396646217,0.7813874929133603,0.4436379561769963,-0.07728744407818976,-1.5390975414468835,0.7558348123542847,-1.0011247777346077,-0.18777690327736768,-0.041274595568874875,4.036296800091788,1.3557349266620295,1.6789571261968337
-1.2332647805874806,-0.15123824007463188,0.048980397244868155,0.2626499989601119,-0.7418581064368553,-0.09723253903462369,0.09640602009443335,-0.4570131105980348,0.551296884353677,0.9363242509927593,-0.008261753621823081,-0.5115536450071728,-0.8804648544389033,-0.5659173717240376
-0.15337546851664682,-0.2555884188180079,1.606784440014093,1.1381965766855555,-1.1294279825483386,-0.2542657301291918,-0.7778145696131994,-0.7289297353338962,2.4029716702173576,0.6049435266556614,-0.04433319348572809,1.1204853973803173,-4.090003494296638,-0.598377509412161
0.9789988928102799,-1.078337883419404,-0.3203627225398538,0.0006532389333752386,-0.2594960401883013,-0.7236807486031196,-2.5097192447244603,-3.1942153325956983,5.148313213285572,6.37923971999984,-4.73311847884005,4.025294223563148,-6.992790560086591,-4.818317997827439
-0.06464179135412751,0.2708569985479002,-1.8057367839634204,0.34026252036718113,0.40667494946559357,-0.25963471209783656,-0.7022706256152892,0.8428734557843082,0.8303065782324033,0.4672638695012298,-0.4682465135071412,1.1427313322855344,-2.289835592604799,-0.9877610497328578
0.06789272400006194,0.90821321317273,0.5229345359851468,1.1947227623920755,-0.1905696809621948,0.09233903687107112,2.173156941502532,2.161860446049024,0.3525592828833441,-0.6352286823439739,0.9236799097732614,-3.2088977673198538,-1.2232039261034504,1.341681945596874
-0.5537382282335126,0.6391242305696054,0.052171719393782616,0.6462433067126425,-0.557668722023649,-1.418696441022866,2.270200055189875,2.882236442395084,-4.434403489115804,-6.88541404957103,7.506425775266327,-4.094078380839883,6.284571764261258,4.795622214898606
-0.48572673072945927,-0.14336420981708384,1.1886785366392008,-0.07600618381642105,0.2925480930831455,-0.9443158935220685,0.4273543320088776,0.17414502549791697,-2.456647041353086,-1.459231284573248,3.202780423269904,0.19205411953033563,3.2086343011736282,2.8401914783924673
-0.2994179507057212,0.1556281255496858,1.8940399692430423,-0.8155892027624714,0.1090763779015113,0.27328977911255886,2.0784947277480046,4.6718594106864835,-7.072895615583462,-7.535492264884937,6.979840984113212,-3.7994726794028186,11.360180941246217,7.2709604069844875
-0.2716614509603783,-0.03270509153218233,0.19544274927632438,0.2658654869850508,2.2378320493508146,-0.21106948952885948,1.1123442745018184,2.2975885195056494,-0.36736066603027545,-0.5161537809459933,-0.6480463796861309,-1.201784550318248,-0.2550593166441744,-1.0600157205148752
-0.1807735071549346,-0.16349913562270263,1.4857858199826421,1.5115116495552205,-0.011049268469399125,0.68153830033256,-0.35002073161165853,-1.0298157493462101,0.882527255231492,-1.1028714754105289,-0.06989442692034983,0.3070359928607216,-2.9875717637272894,1.144332951923965
1.4942762647470424,1.5324830736852233,0.16711681981477824,-0.6963053289682195,1.552585640400362,0.3485131099516355,-1.522641895286676,0.43690081939568043,-0.7511834808982444,0.7062284005873943,-1.2398864320566307,3.1860063245100942,1.7517886761595933,-0.924345376248448
-0.9208722712881068,-1.463642904568278,2.0513038013846616,0.5856466267460464,-0.36905740890865624,1.2428218176774084,-0.4266940846895694,-0.8952642001050495,0.051043208540359535,1.0506953001982617,-1.3167741339192849,1.8209795174622814,0.7895548277053422,-0.21393890902473756
1.8698457762739162,0.6948286863534431,-0.3334936066162769,0.9873235883234707,-0.40831923587462376,0.2884665627550252,-2.935785046180557,-2.189123559057621,5.509501332484574,4.070228881312654,-2.831350796016477,4.052155949078784,-9.569167402115093,-0.7979042846634004
-0.40523047368330173,-0.5661623611746576,-1.5951542331982227,0.5779692519333027,0.7343274666479174,-0.19972881220953376,0.6911506776060968,1.6124649048126558,0.04618973697332101,-0.8775012623793228,0.483322402378131,-1.2386958281213014,-0.4581374207059711,0.10962591224726857
0.4651158252436156,-0.8572350286626457,-0.5704776077701378,-0.06047818700073925,-3.2253745935945544,1.2324892489833887,-1.4504143120265163,-1.7972434926032674,2.4953879906212797,3.7717020694258316,-1.3355592214578424,2.4103280887726215,-3.941119202446455,0.23079977536175295
0.1714727701064284,0.6891169953470896,-0.6206823349122426,1.0594387941458971,-0.9428053326244344,1.0915082345666114,1.447179010544144,3.3206268746640903,-2.0804359548816937,-5.569949657324922,4.645507413708484,-2.153827046867194,2.0875635965050443,5.5122259794902755
0.4902609628598327,0.6650089094581358,-0.7229111412501379,-0.7823327374992213,1.6066985907674964,1.415848716913164,-1.160909680141513,-2.886111061608969,3.090051024397064,2.6132768998156815,-4.341875389916265,4.408005437661729,-4.221059068617503,-0.6560740475080175
-1.6259014615187743,0.538333561304574,-1.2881575420105384,0.6674465278813387,0.8281752626857247,-1.322594099888168,4.693103582464913,5.899197749014759,-4.498669402310107,-7.313213867319679,4.195903565683613,-5.927509399743871,3.211281489849493,0.4249118919639966
-0.09154528293630415,-0.6047342356909803,-0.7919916112774246,1.5477574753539822,1.3497963247847686,1.197456035355029,-0.08592436407640135,-0.4074744588616449,4.140905351739698,5.3935621236997155,-4.844078819627953,0.24364000976851338,-8.259689713275664,-3.30403382535531
0.29463407941233893,-0.6397209198308714,0.1765174283401928,-0.2638885810653737,-1.0020920326180984,-0.721493481373071,-0.21535223938831338,-0.7575480410694858,0.04493615539929899,-0.607928842590245,4.097704647768438,1.1785453519551137,-0.6094899294754148,3.5156254687801773
1.9592885112474219,0.8327871989495729,1.0493338346076757,-0.053780467835773456,-0.17023197892470954,-0.22603105906414325,-3.5357262468453614,-1.0745671694492631,1.9721722343963206,2.467771515920359,-2.8858866720100402,4.929540055383344,-2.257993816797468,-1.9802907181878846
-0.9386937533161487,0.19627784262328338,0.9944065407110347,-1.4434497165152902,1.0841085075901233,1.4595900338863042,0.5860440991884587,1.3260935612205391,-2.728886060014618,-1.6981808629013744,-1.018553026132851,-0.546235525751455,4.802193344997268,0.6160730068173293
1.5462236952670534,-0.4038613890652884,-2.0439311770035515,1.1776081095261257,0.08044909371836399,0.9308935620328075,-2.1500883093733627,-1.5571479233704666,4.888466787391839,5.998316076281592,-6.143345399800688,3.3077054499453666,-10.152347597722692,-3.998899038699019
-1.1381925460316622,-0.6110566119697165,-1.1481031602061946,0.11561221151387696,-0.9188767012428642,0.028974283657184532,0.3902137583305108,-0.9616351092173506,2.32242805159328,1.4133985590742963,-2.1965384291504515,-0.9582118909350992,-4.1699136545286715,-2.360148367507639
-0.7304488470925063,-0.7320971407199999,2.3450113161830686,0.05501362398745514,0.9054530180826585,1.3241336693332824,0.6874042290080808,1.3129605055890086,-4.061459764980386,-6.173875295831912,3.4716892905844094,-1.7864672897069145,6.597888890833589,4.53630090425432
-0.08209368572630224,-3.2519502972298113,-0.9450897354709232,-0.9573588741074568,-1.4857323928594997,0.040490206673443184,-2.6029764649161025,-5.790386738732612,6.569837702789987,9.753042550641682,-7.245486768849155,2.0197751897002125,-8.611373645895702,-7.027620745805105
-1.3614349791200777,-0.8534291224535492,0.2525949613260255,-2.596487518490291,0.08922396043372928,-1.4841057837480631,1.2813998049791289,1.0402350540818412,-5.90928434458643,-5.908185312019142,5.132036078592299,-2.3109456508641766,10.541979636749556,4.207904458595891
-0.31282380871845544,1.2910715255858871,0.041172853657923614,0.5989668066529333,1.2456031556825704,-0.0042101465459205385,3.096359485308464,4.756227260100217,-5.08063282565236,-6.0451900406773875,3.5804583753833206,-4.9883477071108,8.391586880043546,3.7915920564709156
-1.2472752884221008,-0.08615348907181859,-0.21637864987031888,0.49820118588464213,0.18927869258410013,-1.2243656693981435,0.5823034935130653,-0.030223861357823942,1.4491758014288436,2.581472453856455,-2.314278130388042,-1.6232271780181178,-3.1928018113722425,-3.1591047280531814
-0.0928301071773742,-0.18187684279527913,-0.5833544717909475,-0.5282278434109632,0.5543318256735974,-1.2214316546457105,1.0446188481105974,1.2883312750086433,-2.574896919354404,-2.4092381088173735,2.092996148399104,-1.2818220796370297,3.8397042340576926,0.15094593110049614
1.6750687031257958,0.1794920492232063,0.2155740650046193,0.08900294458429392,-0.05501663366117154,-0.3833731047579656,-3.44323362567695,-2.6165303513937426,3.618133182385489,4.353131753530543,-3.6944339841625133,5.748197406581403,-5.331953895570514,-3.691661668766315
1.0706578850246058,-0.6852300167110651,-2.628749332568553,0.38095457264204985,-0.295961679705639,-0.15785371808552687,-1.8574698383125567,-2.6752846565928587,6.503756414930521,7.671795535814761,-6.79809555786695,2.376384658763249,-10.730507243468283,-4.660606812530091
0.09096956118967378,-0.605821286682141,-0.4200453569904951,0.24845465026742733,-1.762780134798434,-0.5464498072903866,-0.6181085589267284,-2.1163939302811143,3.552643861728783,3.1373206058954324,-0.04805251049871234,0.9303962804924931,-5.118644942681851,-0.625394937456946
0.9426753790557598,-2.6659390994292114,0.049805101242749145,-0.38374115512031987,-0.31428821123502615,-0.28441482551140035,-2.195762586566886,-3.561041962035677,3.0897760002044268,4.755877462597501,-5.02848457218734,3.656156134019671,-4.851646784624388,-6.366392727233455
-1.0582211991981711,1.286822221383925,2.4948936434284033,0.2896281602301645,1.3755186377737154,0.42692981967469523,2.4455854294056287,1.755155995544508,-3.700754227857132,-6.203764292714689,4.294804756165557,-1.5766785326574908,5.643902446971497,5.481635615023688
0.10807928165066975,-0.8202337135191511,-1.0467808211610916,0.3163217761488842,-0.7398302367292999,1.1847674348688546,-0.47097693777798805,0.752244858872166,0.40682057650086667,-0.08425616074565012,0.3069799649261496,0.5935733236541425,-1.151439507168946,1.0848129318828994
1.5048666691260166,0.2872640647544791,-0.7669421559287531,0.30907982654257693,1.229684676671705,0.18460662738990216,-1.9029706149289152,-1.7880226238883878,2.2883360820926244,2.8811765865062884,-2.674458794500778,3.6607854948645624,-3.5929043558740648,-1.8899072901832343
2.5748203938437353,-2.044638367280564,-0.21842047924217284,0.5206980619088645,-0.6676349032321275,-0.06650614117653594,-3.9702989766585666,-4.6000025310004915,6.410149826882143,6.880583335801186,-5.868886642871977,7.48443163685994,-11.7038008038062,-6.005326770496769
-1.3600805723822553,-3.8632607642588455,0.12617738396693204,-0.07071292305867385,0.2647005549086492,0.085258249054815,-1.4641945606881983,-5.01459554772263,4.887310993712159,5.740643569709254,-6.121194450022363,2.2909846015433466,-7.429474030897462,-4.768958843042356
-0.12708862489492254,0.44635152368594067,0.12485355133575916,0.37024957417030147,-1.3095906829546782,-0.37380130718493015,0.14853643317232804,-0.08479696015873134,1.5679558328365386,2.957735209106316,-1.7699514924245856,-0.6668846045983164,-2.4436704867175747,-2.6506429227760724
-0.3533617659062858,-0.503714882598109,-1.0029377651468074,-0.040938610934329954,0.7163764024169801,0.22831128303115572,0.12460561054014577,0.4330636776010754,-0.46224698888156557,0.10301369939488636,-1.109515334957216,-0.6038704350587957,0.7592459856578073,-1.0635963347355457
0.6646190252474332,1.3670139091671987,0.5117898034621292,0.07518604680459617,0.8491523211161948,0.4473365901918901,-2.9377618986030622,-2.771598344584539,3.947556915012366,5.104195220976275,-6.007844414535029,5.019118883995282,-5.1850990646085595,-5.050699612496387
-0.787493758220392,0.3424023042530288,1.3147274901356552,-0.4549496798155986,-1.4947394901740243,1.5000765043674744,2.191746310722745,3.5485803361139334,-8.308689065085785,-11.168302288640714,10.191231230207112,-5.169295230978765,9.604773017882316,15.861646420688114
-0.7514190992797887,2.0305557593773047,0.1913985198468666,0.6003841003753317,0.15902128423043427,-1.3885115470986327,2.7787562848544733,5.125203527303093,-5.335996027042299,-7.717386712366255,7.229953416181037,-5.289355250866799,7.2637582492203085,5.041717391435733
0.06740644783080757,-1.1433076316707043,2.450649386181197,0.27537012600786326,0.7224280531958716,-0.001500878129169155,-0.9699770813625541,-1.464268612133151,0.16974400107040793,-0.49461541763741723,0.026730149151236282,1.630870508586094,-0.8700806456157509,0.171216747393945
0.22763165344494246,-0.3886974592974392,-0.1063800796447047,0.65569914560599,0.3277906031193954,0.22799936343907815,-0.3988087427080302,-1.4314602162962344,3.328355681819684,3.411093882776711,-3.645930938476642,0.2942100340885468,-5.70063027240336,-3.2840863584776825
-0.34160482157484706,0.10248336482350524,0.1646140763768745,1.6352037476220962,0.4812596512241415,-1.4364525226009555,-0.07620990560336373,0.8067958919435589,0.9455339655699183,0.6394869048445323,-0.17262771681042796,-0.5408566532463414,-2.4960639558716236,-0.9633492706934897
0.6575908554529053,0.40956797865784617,1.1430113553872006,-0.5060916170337229,-0.7601967148851552,-0.7172864928691371,-1.661019580630986,0.6751104884258876,-1.7596557661326118,-2.5169940033830898,3.3376624388135,2.0639218644719253,3.3709832205889407,2.599052395087188
-0.3504516966808266,1.194182992836898,1.150653025590071,-0.30574063675529306,0.8653756655779594,0.48971053497784905,1.9634974956625335,2.99386065100579,-5.879335508080426,-6.701645066625742,5.55145644424905,-2.500712664545715,9.054392142369872,6.749864678547056
0.5850354968641864,0.916903433936769,-0.16404765082766934,0.422079252618416,-0.9042578605427471,-1.1578860036328884,-1.2304360165299892,-1.980830988359279,1.872333361381883,2.8149240791810093,-0.48184798904164444,1.8885669303591837,-2.427152141907146,-1.8800564534747028
-1.2427120071691335,-0.012436486849368301,0.10784003975301759,0.22577851877078103,0.16958678630236085,1.2995878712000464,1.9725349945579393,1.2083351982563622,-1.212529457551096,-1.0150829836826603,2.2634769664419605,-3.107718171200832,1.491178724854762,3.4641853474008264
-0.05003090445124112,0.045318556143010724,0.10870118268605859,-0.9105948319608276,-0.03163653910383239,0.26904988844636396,-1.2515275038672897,-2.9497059693418004,2.8105259040767505,3.9562671839140395,-5.686326566848724,0.9937256554937878,-3.6738381392662056,-5.56241532477452
-0.40834123767091063,-0.23396005133263323,-0.7744837109779364,0.22378658811754662,-1.2928812286387918,0.7243352117947603,1.187683817863399,-0.22892903845379153,2.6433456643755098,1.9566731645386186,-3.0077035718048544,-2.19910446738319,-5.220476423898401,-2.136110198277919
-0.030565288574807496,0.436417054127855,-0.11476742107340207,0.9445073205317626,0.09808590920285158,0.7073873430747484,0.25425122569227926,1.802565061170012,-2.04891818962751,-2.146156643112566,1.1965597710991174,0.2820105980703077,2.0642557232895085,2.1658409424428844
-0.44149950351429035,-1.2841936815188528,-0.31777542983609147,-0.16995576320376807,-1.265921196859951,0.626461185834862,0.23324707399697783,-1.3104305568952526,3.3755966986104666,4.282040912177611,-2.5890840389848124,-0.7928879636715704,-4.388663520849184,-1.4738015115364296
-0.10986438295422403,1.0930381145828343,-1.139800739293564,0.6147307214195074,-0.4080161185439665,-0.403983532057492,0.9130453240933972,0.7127609808169929,2.322796980255449,2.360436532476555,-1.240734634577372,-2.116023341039745,-3.889275928655905,-2.756056430120448
-0.06854932126643355,-1.0767698342871668,0.1212193356466874,-0.9563239513336392,-1.6367196214452724,0.7508425240063107,-2.0191753787527484,-3.0663935228861394,2.7172421947121803,5.288335755449009,-3.8454003563758405,0.6127020822225302,-3.5172491348522157,-3.4209685525492675
-0.2558086401861301,-1.0254970480257928,0.23756561597438547,-0.6569984788978828,0.4431913012511923,-2.11865546698671,0.09929242826522036,-0.6290487364102759,0.22952036914973054,1.5953523129313028,-0.9323120442002912,0.6822710239865636,0.7061096753400006,-4.097848862227187
0.08807250435058442,-1.330049445670316,-1.9082306757859784,1.7768251955346361,0.38803023924116553,0.5594628713337285,-0.0774185721019448,-2.217589128622341,6.706007538694399,7.622736049333728,-8.363999070589674,0.2906950733365275,-11.369046271077522,-7.689421877716784
0.9456302807413642,-2.1520865071285864,1.0285557595311652,-0.761166310088161,1.3165495618661787,-1.1174520101346743,-2.7671830873788124,-3.525959770632756,1.566818811051117,2.9669275004148705,-1.5241344230137839,5.890653967091098,-2.245392106978571,-3.7578111647773547
0.2936148322547225,-0.39641422779475305,-0.8118435613091216,-2.2832927032789123,-0.9529572995009509,-0.7778301666367421,-0.9297021552721371,0.1931486129488777,0.15331504827100523,1.7775447345083935,0.9651240242263809,2.951169213003956,2.4129049299330303,0.015627666811776922
-0.4526582147318752,-0.4614831618936126,-1.6786618237121447,0.42011656845563816,-1.1350125103840683,1.0874402139287196,-0.07612685744316167,0.683512198152902,-0.33811194552985074,-2.8339059266947797,2.500923225381012,-1.3720091631023423,-0.10289783143221813,1.330417848371446
0.8635198126486513,0.6675644442477231,0.7627329571842233,-0.24702729791814249,-0.6874069200721474,1.1370334656526366,-1.357361322057806,-0.6307083385397283,0.9000166210127858,-0.26587379097025937,-0.7430133915982251,2.1781862397591714,-1.366423117148685,0.4043747851426064
0.5844143573202929,1.0028923726859762,-0.25851675803578955,-0.9776677674273742,-0.20309212523727616,-0.4025042968934949,0.5377206939541898,0.5556950261799842,-1.6291282833873442,0.11898602682599824,-2.10007633212922,0.499011069368123,3.8801333415354216,-3.043202607291731
-1.7211745265023228,1.9017531695772092,-0.5104668063065336,-0.23274587127750007,0.21408570697892443,-0.7193945941789777,5.6901713794186195,7.828318911614067,-10.68012079962468,-14.659511858800359,14.887820475988594,-9.372429380236788,15.370980667324627,13.380404710271623
-0.4035568295138353,0.0013354405981087347,-0.5959181152909925,-0.5951593295600823,-1.060442411905345,1.7580969983854353,-0.4445269225498886,-0.16255300223671304,0.2303354139629305,0.11812645589004502,-0.7725472461988971,-1.089439101275527,-0.08959298585385773,0.6503807397765815
0.4278355736004927,-0.3689411766894161,1.3371469205940025,-0.2688809544238079,-0.5383146378797977,-1.1985622076668871,-1.5696323369647964,0.5202207845917132,-1.3782092784754458,-0.18299717502742485,1.3254016665750334,2.042097239063652,2.1783821808122927,1.4773180257452017
-0.4022278093089661,0.683364250395557,2.5198483606798527,-1.2223297509824824,0.09114565470798104,0.1733866662767147,0.12065473788837724,1.060330094373081,-4.626988998808026,-5.28190047470885,4.5875440598459045,0.6645646063402502,7.691848539839811,5.331344918736394
0.43895002814093004,0.5679407707537127,1.7336163230646127,-1.0467904726974437,-0.1642757217614509,-0.714288762350742,-0.17576299698777587,0.9432565201041415,-4.663928029613505,-6.127323970908322,4.963411488759145,0.04236832643326919,8.788811973735928,2.181230795713929
1.276365921442559,1.7436821496324308,1.2251332682396092,0.5359439847773044,-1.8678752139095156,0.7107874241092623,-1.641920261907816,0.04195106093834619,0.20229900807015944,-1.2449687695228162,1.641541504580862,0.8502337591023429,-1.1915187542748906,1.9125717197684624
-0.8204234988418639,-0.268902210052936,0.019354342909220543,-1.0944338876100332,0.7639303987001468,1.5140378486236907,1.272999447590197,2.406938241316627,-4.693725806657134,-4.62204066348496,2.9562293169691087,-1.6756392100427722,8.329828875907387,4.048016960317032
0.16153687282495358,-1.0363332581993583,1.0434923728694003,0.19703850090801367,-0.1722051105858407,0.5944808044894733,-0.1725196554094697,-2.5161502205944983,2.0387710721700043,1.6499245004926306,-1.9008879460065324,-0.3378056484553887,-3.354234737034245,-0.2779326942392011
-1.3707241245454131,2.590276145441532,0.3539800728756522,0.5756094202419018,0.4257455697144054,-0.11044265463900106,1.7945337714764944,3.26900583133078,-3.025275904475954,-5.083525080167858,4.349108162226784,-2.0969173460373813,5.189377813095272,5.263647500112457
-0.3430306485350023,-0.41835653573941983,-0.6807727568630264,-1.7285871077142658,-0.22924453543411166,0.37756377873357344,-1.1772860634900097,-2.4872701366451926,3.186304125185208,6.895352670407674,-7.365467401732298,0.39234777443066304,-3.275091282971791,-7.390098052044823
-0.3265984462904714,-0.8016953748688649,-0.7582724552869968,-0.581519903115539,-1.4476696432393565,-0.08418922437379195,1.688646224887558,-0.7789614177834799,2.000939087877362,2.7134944101911715,0.9556915881416168,-2.2808683783504318,-2.019421044380973,0.12756187507303257
0.2910044163206678,3.113098962242509,-0.7935200813359337,-2.0080675332027167,-1.388115008997854,-0.5631505963758222,1.116610192050068,3.412341812185967,-4.720234637180973,-4.6628120914284485,7.9402429840714746,-1.8486899135167445,8.239098591888125,9.925833192991924
-2.322788294658897,-0.5363763539553152,-0.06567388313436309,0.733568056388469,0.35851914513788435,-0.13088678156851366,2.0150544606334897,2.0089866314629616,-2.0531216535826067,-1.1016027589982027,1.4606896489710306,-2.9730853837790265,1.9049848968856307,2.738230801849061
-1.4941979888664458,1.0611459501388305,1.2185170871863296,-0.7162734498080155,1.2200397104215726,0.4540175742907531,1.8743117967510876,2.4814329033463007,-4.405629597678964,-3.5477331511371504,3.1071481402280794,-2.3532488833537526,6.76969216774483,5.411336217793577
-1.6357637302586114,-1.6237325514358834,-0.4713937305918252,-1.1717050940318012,-0.611187922082304,-0.3796463230245321,0.9962083306813335,0.285499871772281,-0.09299154161483533,1.3393928265113315,0.027684863865517162,-2.6605161184477244,2.7789255556988346,-1.2453541186432928
0.14693148693928004,-0.32497595359306447,0.27427680608577754,0.8976896395093177,-1.4281095318050743,-1.5021279397988219,-0.24564183693561592,0.5260112819358936,0.46111089474068595,0.757747396910513,3.386491143224578,0.4987253303189141,-0.3665163931171649,2.712518055428612
-0.8005526680139053,-0.4610508995041983,1.0259044545242357,-1.2394471964192082,0.2529693051696905,0.3263098643480589,0.20400901477356334,-0.04921631951893428,-2.874964670701743,-2.3081428911485116,3.0537563484841974,-0.14854255559111487,5.01723637502967,3.3975726847434955
-1.3791707122773234,0.03231585601964426,0.3250586109027705,1.2263169356983998,-0.20372077999374583,0.6194513516440945,2.5472329978127237,2.1680844725807034,-1.6919441187705437,-2.6701935077022596,0.2570693403842544,-4.773095874929107,0.17453046902493216,0.8874987493930725
-0.47718045704024487,-1.2827049812952576,0.22491707570341912,0.2807466466472423,0.047898992944385654,-0.3174200824178398,-0.804667681264508,-2.146464563877349,1.8732300152693677,1.3375154291898388,-0.9929165978737017,0.5278788666671183,-3.0214734539579475,-1.2269658011301032
-0.33742106225071794,1.3397439809259444,2.2847429472136653,0.7804942411028981,-0.7066719140048462,-0.34442894401026486,-0.7697949227181597,-0.6982269396108134,0.02470924552208934,-1.2263486409567828,1.045737999657119,-0.2914412761355812,-1.6600693956574324,0.45616647698060275
0.18233323617417113,1.1303026362082897,-0.7416589502251689,-0.4417796415489254,-2.0697274048539676,0.0546608289875666,0.7642385673238117,0.6737588938654855,0.37922777965450694,2.522630653131511,-0.12954132759278217,-1.1021538006757052,0.7989227823326968,-0.7011998992536597
0.1587091461864626,-1.4389532744465714,-0.4241019342365226,0.5500969378548053,-1.611887621262804,-0.1665094839297179,-1.037051857881112,-2.644449724683697,2.8085411550058685,3.4633004614757814,-1.066274051000911,1.8152213321284203,-4.734368284282839,-1.3741627278543922
-0.40083253772510685,0.5363035037263798,1.0210471587466687,1.2421022888098185,0.48652092885040465,0.7318580847295729,0.19080972731675078,0.28572571082006853,1.0240237885586343,0.15005284783328793,0.7471520937907536,-0.7222930313121956,-3.134473214684905,1.897199639980159
-0.31909152889934594,-1.1154530171496502,-0.5517788800203633,0.6266330161345641,0.00516561096972374,0.24505790192069624,1.623317074123545,1.8974179882763174,-0.2532706273711055,-1.0119373391375066,1.2265661310011475,-1.792937598512317,0.1465359328009501,2.312545076819226
0.17607574897033657,-0.6074658185970782,-0.41033179281360055,-1.7470005406128768,0.348906985065524,-0.7034189554271274,-1.944327988377659,-2.122619945005726,2.694682854271569,6.649253241321667,-5.705390544414469,2.9688250939954046,-1.372303123137475,-6.384753159361923
0.5848064221268097,-0.6685814726888725,2.330176413601318,1.7424455756163322,-1.5066605627309162,0.02389224153887523,-1.1182442772134118,-0.633977091583663,-0.42020171345738794,-1.1200247021276846,2.0185942013666525,2.6037895540339386,-2.9962018594882145,2.95727813411412
-0.6084773419900155,-0.058131990377489506,-1.8880163413863553,-0.8548152629133722,-0.3601769696098627,-0.73439260359235,3.6009080388244543,2.7398782367303136,-2.3459573357470025,-2.1622067821294233,1.2585656388259954,-4.338430681181707,6.510929167824004,0.43353923629083535
-0.35348913502342527,-0.5868022648859584,1.8173903670541822,0.43053959345106085,-0.14054690210034443,-0.6008081959878653,-1.3673157660084976,-1.5127855142304236,2.6398363575514203,1.3772288043141971,-0.7120878032548249,0.8677620888622373,-4.456718787869331,-1.9880145399509246
-0.6074222794083833,0.5917185749275968,0.09383007549343612,0.9635298947462078,-1.3371662022783861,0.8709340239236689,2.5191975220969516,3.3300458865862854,-2.4100471549880584,-4.015882738381966,5.322780407160222,-3.8794318769353127,2.416814677090154,6.092881050066217
1.4288863613723963,-0.7771394569934222,-0.6197647885509422,0.38764655748468996,1.051500486211608,-1.0323667888958523,-3.0415314061350074,-2.993521616867866,4.0371949795659665,4.826910233879571,-4.120149747967923,4.676228320648604,-5.971030459423394,-5.161496394409269
-0.7006851795836586,-0.5206809175698106,-0.757143949273838,-1.6878155533686505,-1.5272450300884888,2.220700740794184,1.2259750867814085,0.4943545179292004,-1.8677165924625112,-1.2653934843627457,-0.7499057621232192,-4.475916997046562,5.895509385675497,3.141535994397171
1.381919700069692,0.1476557288225369,0.8776555863235337,0.32538975555012384,0.7606346984156985,0.17487035627472514,-2.0042431041680873,-1.7726138008229266,0.9927110259807679,1.4529481622926521,-2.520825498869893,3.791199115302372,-1.4930287189394216,-1.9902594438434118
-0.5907558938147491,0.5123291380651033,-0.8625090811120035,-0.5171558262809534,1.3373659928124877,-0.6426085622618652,-0.030701025131756536,-0.30588737641271097,0.8492138713238458,1.0208600661036806,-1.756075639121551,-0.6108598034721703,-0.18043771708766582,-3.145984502813845
-0.8577933386115124,-0.19223003051285809,0.01548404839901579,0.384108697146601,0.9071760601550442,0.031500442708476004,1.6025905183193492,1.3196053517829616,-0.6072875153731626,-0.84024571515947,-0.1389869433937226,-2.359936521334351,0.318140715092071,-0.1286677011948571
-1.0851720020444007,-0.8625001604662668,0.6555506938735927,-1.3670665114103138,0.5069046809322446,1.2471922407151879,0.1488254777935394,-0.12225311969960781,-3.1608687685329007,-1.9962808906844394,0.5866145598343129,-0.5993446211087169,5.003906917360291,1.2684253154312493
0.626407600250743,0.008334394767912486,-1.7685945974141888,1.8891128178024499,1.062555518139622,0.18011316992401397,-0.801879404073767,-1.0517063349715212,5.778878569299853,3.992918310558534,-5.939686051593947,-0.44899016479379356,-12.63703398376186,-6.313853360540795
0.48968522833532296,-0.7285004188801659,-1.2970727104007438,-1.8051785574337458,0.9308603126043851,-0.14856021666207644,-0.4322156365571437,-1.3776808333873087,1.3424158832918018,4.763051719915653,-5.387147717585501,0.5232603164561929,-0.9623889746729382,-5.258693581733955
0.20743954352240843,1.6560926990858311,-0.1046756944235064,0.9016690639813227,-0.5572303215729311,-0.9782357380901416,-0.0806861122287825,2.0642433473956454,-3.433493516142988,-7.104450675342689,8.648967329259673,1.0390192792664785,3.726592148617844,7.464789455721227
1.1267976198781096,2.3642517072063045,0.1436974476614251,-1.7962726684538144,-0.05545896648478424,0.7319842243912787,-0.8937515345787646,0.2182818101915826,-1.9501095555129333,-0.9398439455629665,-0.9048503872611726,-1.7919092251274815,3.1885161044755983,1.8078487948882824
0.9993405844176891,1.3264855554576924,-0.9628474255337165,-0.1605363702706251,1.4153111245424623,-1.104001544053651,0.2845589839077203,-0.34213499233400785,3.0204913794259047,2.9953205273025816,-1.7451305409041447,-0.2750946033606885,-3.4769018288654943,-6.490834418263107
-0.4092757004805179,-1.2178064694197666,-0.4533034953534601,1.7990300670216588,-1.5325571944632541,0.2763095477849554,-1.3106850329317108,-1.7815011466201305,4.484271058087211,4.376804265641957,-3.495345327223587,1.536240451928685,-8.475654931616592,-4.370380725140341
-2.27444613192416,-0.18345326416050867,2.3614140974052438,-0.7241747635566749,-0.8892873060603829,-0.141420928410565,2.8747153899660343,3.072999594297719,-8.43868260583023,-9.279186641923584,9.053331585699226,-8.648785033084554,14.566140331837097,14.303087454230974
