sem_0,sem_1,sem_2,sem_3,sem_4,sem_5
-0.05990140480829883,-0.6414176562303466,-1.3866883208821672,-1.103902730968071,-1.1530367576101073,0.8773756552885558
0.34442388020633563,0.014672064246491756,1.2093271078000933,0.5432421118781366,0.2820877123732986,-0.07578064814326553
-0.7406244987510615,0.7258770766259401,0.0567478488679845,0.16975099261961635,0.1094008818575399,-0.19750823544120455
0.210391189431826,0.3954201486141305,0.7602458491408064,0.673651192645569,0.40251812711690266,-0.25307456549558244
-1.9918518235048215,2.2672117808270027,1.6611285966827474,1.2653892722314775,1.0912436228624505,-0.8867301876453954
-0.23043875088485852,0.12438421591099554,-0.014866399915922342,-0.0017081305588628921,-0.16388892887756296,0.36146832447744104
-1.0246445148534873,0.7697579948380031,1.0819429453562737,0.8109672696099375,0.7996576693734012,-0.6261030325151077
0.27030043453040253,-1.1587221616377978,-0.4025910045599759,-0.37312144904802425,-0.2623916682726746,0.15686310353336105
1.1168579130845653,-1.9823708187618605,0.9946203090327826,0.9910153213420951,1.1027715134325058,-1.139774982001128
-1.316053235024113,4.795858872619182,3.9831484461870246,3.8177071085279,4.275414134936729,-4.578008190493504
-0.406910938165121,-0.13542359113607272,0.12499356770454335,0.17054677651759298,0.06558839468939372,-0.01820405493161198
0.009951222265938838,0.44686936403408495,-1.1931867392876057,-0.811974857617641,-0.9604498637065129,0.851940024276654
-0.22805736198053408,-1.2264349828926795,-0.5449114948312841,-0.605538097092749,-0.6906367106302043,0.5792651462168845
-2.4410896177852406,3.1674937982296183,2.3250984669285146,2.079315450443818,1.7827918865612558,-1.4240440044849636
-0.0006513026342297385,-0.1453099146449943,1.2247257180865316,0.6092253395049511,0.4117885575921185,-0.12114366163745412
0.40518714971661707,-0.738958508203615,-1.5771182463313385,-1.483142856979664,-1.37571614023659,1.3616247307973448
0.8396250720436391,-0.6085163966128676,-1.2820802238149138,-1.0377409261237902,-0.7580867563291668,0.9132323982666914
1.260905321857027,0.43478021525102567,-0.20927529479049486,-0.11450843361099776,-0.2589892126906032,0.29449486997371405
-0.04956090735191613,0.0015077488833492008,-0.8886831609899423,-0.7409744634576301,-0.8118878547790243,0.647714384161584
-1.7166482899239102,3.293230921197921,1.7578772623059473,1.5736568318214137,1.4728341983923252,-1.3259516241888247
0.41531650050958746,-0.6693259482798203,-1.6946765097729388,-1.6431083579542158,-1.5629481875469418,1.6517976117497464
0.21475333044712971,0.11303398242669231,-0.8006738595043493,-0.5497621698609091,-0.5797652652657456,0.526826176104989
-0.9113969402904808,0.4403523057286199,1.835135169804278,1.1536980126446974,1.156768018399145,-0.5634341186214034
-0.31006879858307224,-0.5061047235295858,-0.9317366411437203,-0.8675936921513278,-0.9675748704604488,0.7490074221778128
0.7343535068741728,0.28605259398177707,-0.5447472638673375,-0.3663163680027698,-0.2218487643348355,0.5764583516379782
-0.8526932724168196,0.3609699419554848,0.5218600292953373,0.47960384333536055,0.4460444284959348,-0.4353274031169885
1.737316658011605,-4.705069700839369,-2.962255607991412,-2.8302422638733375,-2.665498811351385,2.958223756644752
0.43717463981430854,-0.9843357725640564,1.3796634438512143,1.3020001553967162,1.108825514766725,-0.971028135172326
-0.6608879113243648,1.715580232618664,3.018121161051261,2.3871337608468326,2.449077786584818,-2.32628089779907
-0.7971695695396237,0.16767354448663233,-0.49265774648656635,-0.37854456445633317,-0.7521098917121745,0.7682577252029156
-0.09757071649877323,-0.2412579721846033,0.00426834348295399,-0.11302164337282487,-0.24554582145827503,0.4020663982434477
-2.0875851142356527,4.3328607234267835,3.666715484758872,2.8232927725053645,2.5657619175884303,-2.044749045816984
0.1807240129746377,-1.35586572702958,-1.2350932775103356,-1.0382138475484735,-1.0402684374541047,0.8782699875146641
0.834792185763012,0.9856536899132922,2.2583390433146393,1.2280679773307148,0.5885054740295691,-0.6680801031385908
0.009732790207711905,0.5301974465096944,1.3815902009881091,0.8923925884277134,0.7544418303280344,-0.6222208587046573
1.005705746402395,-0.9393383705304587,-1.3737122620086772,-0.9579309407197958,-0.6698073539751526,0.6416188226104103
-0.940777118718057,2.0879116508216655,0.6424149877707297,0.5446167141201437,0.46171076353438756,-0.49928898312470427
0.39631129856821556,0.750027873534864,2.4177758400369775,1.828929438186377,1.2204723107383442,-1.175817745748973
-1.0093811207982337,3.1620712816274716,2.859613136853529,2.2828094975245725,2.4615269845296304,-2.672755330675102
0.29218212045522757,1.3332225659441677,-0.2538843869532019,-0.13716040204211796,0.012345589353777938,0.03646430232214538
-0.9910614843032123,1.8883937553476435,1.0454717626985908,0.8285340771936558,0.7512309218015695,-0.5479202598569161
-1.1371548228415667,0.8688318586781415,1.5951843728152248,1.1295314481474863,1.1196575856469515,-0.6880115512211962
-0.09570700377657484,0.9045778827492023,0.4355355317731672,0.43458116643341993,0.22957390015899456,-0.2063978770940587
0.9851896676472253,-1.4686848193693698,-1.1291903251205722,-0.7647736571589321,-0.42830646643742065,0.234352787931207
-0.6505228592121378,2.075209754077945,1.644474533596784,1.3186289021640503,1.1579390493614707,-0.900595790399566
0.33236982957443867,-2.7436029265403223,-0.5382638999969676,-0.6178876690937747,-0.8007649720271013,1.2872367497087425
-2.5802271971625172,5.266398361868305,4.571681120462168,3.603970855576103,3.0932702037369353,-2.194584964300016
-1.4384007219539938,2.6370988576310217,0.2882266086183793,-0.06674860885820354,-0.0729255516198374,-0.18583923798209717
-0.22638591139278547,-1.0338986921051285,-2.328150931890122,-1.9119128492446429,-2.0676941693544335,2.2029487544381956
0.4444247461726852,-0.34244469118244314,1.2458205462142224,0.8687628494886075,0.8265278196546766,-0.4957586808595692
-0.5401873524955129,1.0725330050715909,2.2058713737170015,1.572905571727792,1.6403192097123773,-1.4285505218584809
-0.24030915212697004,0.14063726204498006,1.1579350122724137,0.7321011351960008,0.5564348942801309,-0.24978367780514993
0.2529984135837872,-0.13390860436999513,0.8869859935340271,0.515836325891568,0.2084524175197194,-0.006138453441944122
-1.5953742786189475,3.57381181791897,1.442579667728666,1.1299293535850952,1.1160697418299654,-1.1097955137956532
1.8366820084782598,-3.218846507167471,-2.251237048054472,-1.8130417387298752,-1.4676561300288844,1.3223421599376675
0.21522168168954012,0.9971418745417148,0.46602023617526145,0.5912885815106182,0.5374582353535623,-0.3697013437135841
0.02861459316138445,-0.3838955880260421,1.7735182354198078,1.110176274418043,0.9131800128725711,-0.625066728415777
0.3342900318618881,0.8259816075873727,-0.276924411905201,-0.11300868076630201,-0.0554509320763225,0.27942161340202953
-0.22429146847192538,0.3392701937018169,0.45441591110174684,0.30161760582339375,-0.02383766673128335,0.09001604646378462
-1.4707759643452618,3.193293642862779,2.462822331555603,1.9975344348713913,1.9717442532406215,-1.7866508112347694
-0.8057115583895722,0.5972522380329816,0.5126467809503212,0.4384588608092637,0.38732291225236104,-0.3880767228529439
-0.755704346846923,0.9792390474452806,3.109162322102205,2.5137725588890674,2.4899708359459836,-1.94687330797087
-0.6735280425770575,-0.08324531090702307,-1.1311934827652657,-1.247044912345866,-1.6467116127845836,1.394525407947727
-1.0500357846133865,2.081378440337888,1.0735309169053115,0.8822338649127317,0.8026749501916053,-0.6089016671829701
0.44381876293987854,0.8408133410571526,0.0790564867219828,0.2654905833974436,0.3708499064555656,-0.021055742285467957
0.47928605525012286,-1.895332851423951,-2.404307759896876,-1.8671501755326638,-2.072535187637223,1.6658506249069984
0.35825086254217986,-0.7165520747031404,-2.039503318130476,-2.02334904218066,-1.9696536879360524,2.078075389204454
-0.14353526375017728,0.7440952645102907,0.06437848173732821,0.07855395214512478,-0.002608526771289473,0.15481101580914547
0.3806056075897065,-0.5167835356166074,-0.5472957184242532,-0.476161009524576,-0.3855733888264958,0.37429397941797554
0.050821124581222725,-1.0546905159483544,-0.008230198821549212,-0.13748601850854572,-0.020743119798875304,0.04154086448390137
0.3758943711184467,-1.5958498568326651,-0.9509472029786705,-0.830784621157841,-0.8199722329117175,0.6674806002412547
0.5162138838098334,-1.4020664167962724,-0.7037248268864084,-0.7339082754441721,-0.6975727970603982,0.6063208510951319
-0.24165130176448427,0.9030770289163234,1.9929828459357553,1.1426584591102493,1.246923688695897,-1.0393301536808537
1.6467041422579292,-0.36604619174612957,-0.12079234968672335,-0.27675667590340486,-0.1679805250903068,-0.11981982238437582
-0.2869656740474607,1.9226065568637913,1.388562224166422,1.1088846951087192,0.8465667592507617,-0.631486367816559
0.7270693869703762,-3.262701516869265,-2.3307916095441072,-1.9760965872535974,-1.9530921176457845,1.8829458459704262
0.38643037566802624,-1.3131079317027814,0.632944458173707,0.7484505165187851,1.0335244689331775,-1.114949674151643
-0.13062691355211367,0.4256968729940928,0.29717422188845644,0.2003482906182588,-0.09339729999680749,0.2506041049515432
-0.4575878563608613,0.1375832957800307,1.7395760018019686,0.9964565425964671,0.9667384333051668,-0.33645835939951646
0.5361249766621948,-2.877051401984457,-2.4588581549609754,-2.1513275628309425,-2.3182363388036666,2.153650935669807
-0.2116110670121491,0.9862122348278354,0.8895024998714842,0.8299155758451514,0.6307903015983091,-0.47599075786894274
-0.24577743684621248,-0.8126935680842969,-0.3908390539716006,-0.48325083454050527,-0.6165807427402269,0.5266266213708352
0.13963570511688692,-2.1355638624822144,-1.2557123682349558,-1.1571657180391248,-1.4685923719295606,1.7500344742107756
0.5594742787480407,-0.9812368977110496,-1.557256844675358,-1.3419119136305706,-1.211849290191419,1.1443381100109518
1.065856892284995,-1.882043750540511,-2.8068821926614897,-1.9611728243992064,-1.8411228521905252,1.4275531378553796
0.2528034572976202,-1.2390241995597489,-0.179656170311807,-0.2162183498676186,-0.01596052761135666,-0.030524006392899844
-0.6828724438756594,2.189819264581169,0.7694044497334408,0.7041979075936154,0.5431869269308928,-0.4452273088779035
-1.2317234810635163,1.4354766586184051,-0.4479439649220527,-0.5692902832944082,-0.5835835282079063,0.5343394817904407
-0.7052975875780676,1.4897035066376083,0.1366929214399032,0.007965022193879411,-0.11764008151767352,-0.05983517914362149
-0.6292250402401707,0.16296150442736557,-1.872188160945274,-1.3805834161573804,-1.4939322689526466,1.3265252296881958
0.19149765021081883,0.22208348188484706,-1.1300226375223625,-0.7561754828572269,-0.8090457780052625,0.8101470048054815
-0.3974401723071229,1.8156353286634335,2.9034813279069027,2.2967170144029043,2.352016569625637,-2.3411806520003937
0.8630525602893809,-3.602595939745702,-0.44662231923151224,-0.506156241926231,-0.8820476900710826,1.6819104660956872
-1.3070437407635749,1.2889517192536397,1.1296774066546766,0.8172745721141024,0.7872246228030698,-0.5710067474831552
-0.9728742555933924,2.4503853055141542,1.5275947795156717,1.33512444026961,1.2540006417438185,-1.0544329821722338
-0.4654575747711305,2.6440830992395497,0.11179488042032322,0.2303355513445333,0.37584388296447657,-0.27043193625308765
1.0991333559513796,-3.273270702716071,-3.95461506501926,-2.4220299100127556,-2.003355507881283,1.450071801491166
0.262878930836869,-0.04891907727548368,-1.091942711807278,-0.8355848946491401,-0.8338255605872036,0.7729253233872952
0.37519536548640464,0.3413087514424182,1.0001026259235037,0.6421529726753012,0.3962633894692321,-0.29972787688189484
-0.8604068021416449,1.2703258218652778,1.166976287429594,0.8646761650558662,0.8259729430826802,-0.5776027848586782
0.10667851167204859,-1.7973840743900444,0.9564191305129547,1.472983429408439,1.3325793655283082,-0.8731690652155772
-0.41450414268717384,3.195724339639432,0.9050273630485162,0.5577229015239537,0.3223005076544435,-0.32759800975038844
1.0731973788692093,-2.4691064772741482,-0.05847638363955011,-0.19079708745046614,-0.2235548861903263,0.1738430877997681
-0.1644043985074187,-0.37185636610384476,0.21784932399635798,0.03893963956161127,-0.17393822833968173,0.3973924550144462
-0.04139751959246352,-1.155822117282269,-0.6323955288928995,-0.5860535657634072,-0.5183451329147228,0.3121415156284656
0.22272945728474988,-0.7407892184144512,-0.9922141746207271,-0.981982903455988,-0.9519504835729967,0.7775679055678701
-0.5002795662720758,1.7003732501105684,0.8916155978819168,0.7912173013666418,0.6323649398557805,-0.48646588043422045
0.29196793211323724,-0.7366871064446311,-0.4403529639087422,-0.3555597552236042,-0.2735175353343903,0.21086013157900407
-0.35499936361671797,-0.2671861188782191,0.7311397711055961,0.31788141846890594,0.11596975908629162,0.04094945376133192
-1.851306230451029,1.6887484950016534,0.8280110181170064,0.6563378169496294,0.45528479984677495,-0.3179943630511678
-0.13646435669023405,-2.049550720718093,-0.2755682509114887,-0.6778745108153714,-0.7586415773933174,1.1726812944951337
-1.202045149214215,3.4657665393949615,2.1845497813303996,1.8348805189103066,1.698780646557493,-1.5213706061107102
0.2604657445822142,1.499306601356316,0.5599176117166856,0.6497220885828107,0.6925911330768068,-0.5556446240454814
-0.4917893613991567,1.2971279441931995,1.5175537931256529,1.1619306236342826,1.0843647443925986,-0.8150302097977301
0.5799722414329233,0.13523254626653042,0.5395965025279061,0.6774198283883791,0.9765233094984177,-0.7840356030855455
0.24513201015898736,-1.2485526868546395,-1.415795784212622,-1.2542780363411477,-1.211757377209713,1.0565178252261898
-0.0455804057379875,-1.3741303683894384,-1.5744458684023852,-1.230440041132448,-1.3542586744369258,1.2833161013694285
-0.30447560228281534,0.3191344657502255,1.6615795502133106,0.8523392466432782,0.8723513146831541,-0.4428463681392546
0.11647470170389042,0.9815175603546148,1.741255210170574,0.9909555631445544,0.9237234894585826,-0.8920584364232166
-0.3650150441981876,1.5482098513829472,1.1715517214242224,0.9355208998983683,0.7510261323705493,-0.4853461334327904
-0.626687246393662,1.4109821456434999,1.9617274688658766,1.5223751815448157,1.53199049706761,-1.34889409431614
-1.789393243818631,0.7679799328146025,2.0983488410709716,1.4529427514720283,1.043605745760959,-0.19691954428979858
-2.040155547311608,0.46481508125301185,0.53191256260216,0.6856095942763191,0.03780823043477197,0.5907872409217257
-1.4634657754535185,1.1655535399288137,1.2844640058546077,0.9013584156202707,0.831916601583123,-0.5416332784027518
-1.2275618830896282,0.6184283487401148,-0.72082664868013,-0.6519219169461259,-0.9800263232699934,0.8977198284406864
0.191921804982044,0.4138738068776324,1.064980392089427,0.757974428642487,0.4345250694812977,-0.30716715331210614
-0.2520064267424672,1.302985951841437,1.7204964125321225,1.3445474410780796,1.2648957853461265,-1.1779335213653899
-1.1802330894575253,3.0905788047436746,1.865975712280362,1.627049876547739,1.512621666041773,-1.3186389083519932
-0.42674461421324833,1.140557465829094,1.5739510270008568,1.2068474094956212,1.150202328479958,-0.9034224450439425
-1.1421070888491232,1.9986592666675518,0.39450350617563806,0.1518804831527794,0.1164996720813696,-0.3469092364660096
1.136793657607321,-4.30472668265746,-3.841418651977206,-1.8848075655540077,-0.5307050511256608,-0.6322316129682182
-1.351235818159328,3.1458983804402294,1.3071719838675335,1.0733385815627907,1.042308012685683,-0.9842135552761837
0.5760843883245951,-1.0516681703839401,-0.8305842129158211,-0.9555550856386855,-0.8201402568729547,0.7494132849830903
-1.7133752529041342,4.81919475979404,2.3535885533386125,1.7956283425677786,1.6835939403113267,-1.6969286886534338
0.09539236759914294,-0.810489915810862,-0.5212063403287294,-0.46600094366198225,-0.387452317097959,0.25405135576325316
0.6951673978441908,-0.5385167502127205,-0.14914702920956108,-0.13425418552571564,0.07756003995334217,0.1401165814897991
-0.8470503707769678,0.4477194442026988,0.6447799724283647,0.5331611035927056,0.4903260753141802,-0.45374116000224296
0.15772965240635106,-0.49985671526686154,-1.7448920846642082,-1.5231447306485004,-1.586389300631579,1.4950606145037761
1.7939246341472956,-2.2384997780513705,-1.4260392275352394,-0.8810759068611952,-0.7885713616728052,0.6224667562740175
-0.7862899531228034,-0.11746403731060787,0.6596763121859588,0.4515039423795475,0.3833175467594729,-0.2575573685269428
-1.8569855662022785,3.815952269610439,2.994994232257689,2.293366604628036,2.1782364463869888,-1.9732662244868469
-1.5876966060407316,2.8864492936397443,0.9168674063376775,0.5556563049380083,0.4902561429230315,-0.4284763938870061
0.10548370809534081,-1.0769311270425665,1.690203705965112,1.6374259146122296,1.1721086011736932,-0.8828282590428769
-0.035022437737150997,-0.6443096167671573,-1.5445246689609067,-1.1863350052602373,-1.224216557088366,0.9308758403207374
-0.01151194366367839,-0.2527787564399748,-1.3512695140964153,-1.0424417721410133,-1.1977125591521265,0.9197305410408996
1.9351951787409605,-3.0297465570530315,-1.8065193744324861,-1.3965637347173105,-1.154655787486673,1.19018077278944
-1.5840796519738798,1.6961166474183074,1.120318598868705,0.7849835742402979,0.6843139769933716,-0.5042664498120735
-0.2251712135897106,-1.9444337449989904,-0.3770154666207143,-0.7117943674830787,-0.8926196578699925,1.2586880569751155
0.8240306368960753,-1.697209960943251,0.08389969318108875,-0.1345834053457545,-0.1512862351517938,0.13308386238322037
-0.9815936288351249,0.6942315422771819,-0.6368653464266082,-0.7268738378577958,-1.004442302878196,0.9440178394096496
-0.8573871979636696,0.5952389182477719,0.8092818007668439,0.6050183292061428,0.550756738476993,-0.47410615352587715
1.4283249253481731,-1.646234113425647,-1.189967323389256,-0.5959138829334293,-0.3804355398623561,0.17688833555319397
-0.09488987713497468,-0.6117926680464136,0.3044589105462663,0.061293245978153194,-0.06283634242719864,0.22837822562195415
-2.037151942103889,4.1168485999818945,1.1462750943265663,0.6320232720339879,0.5201164621417134,-0.5346372126537038
0.9680576646842651,-0.8579717712112978,0.38189047275130134,0.30374893320081253,0.592763428444905,-0.5390922305082476
2.105738611475608,-2.8899726230658067,-1.9119718802069934,-1.3871009575733362,-1.3219468024417556,1.096369497067263
0.3031163410747254,0.5600282559283614,0.20709914367789242,0.21314524685429848,0.27777080353530725,-0.006928525422706264
-1.093723614625116,3.0454644742081394,1.943300365808632,1.6529141696883214,1.5043267680017727,-1.2908517240936968
0.5810830562528828,-1.0611573141058952,-1.8917416960059936,-1.6535542454271164,-1.5395645500248991,1.4722311414678697
1.3154123768622588,-1.580280010779572,0.4691827732829606,0.4132143219949565,0.5133419145600787,-0.869077623663259
0.10202747210520485,0.2552688426840297,-0.059373673824058254,-0.021968559307138404,0.05147725103959738,0.16896963152009076
2.298345842886294,-4.742139217266336,-4.895022108614827,-4.050217409129061,-4.2565249458757135,4.2038072254034535
1.3324802064949466,-2.464623893837783,-3.3461173310215173,-2.4276211516747646,-2.3656776722352557,1.9567919848637105
0.9154505631545365,-0.407705985544945,-0.5145384516193817,-0.7074644620475545,-0.34403970393068817,0.766626493756119
0.9196726400523807,-0.4369149776946509,-0.12580327494847843,-0.24594270207009178,0.08765230954081292,0.318715508339529
0.15411031787974877,0.9342838842909932,0.3748676582160531,0.4399987249769423,0.35753832544993946,-0.20353023691249267
-0.47862119612308196,0.4168908858067414,0.7335427744581827,0.4982145786234233,0.31129822979518323,-0.2415428507698335
0.15695941081476866,-1.8654677853248105,-2.8315699305300708,-2.300540120562219,-2.7186901254472153,2.2277437095457517
-1.8761983014045547,2.318588881730368,1.0415620243565524,0.769205356050411,0.5637806224070279,-0.35738565858483057
-1.166500494732016,2.47420974446224,1.2974960632333516,1.123680176674613,1.0562025958370165,-0.8764994019362662
0.3027629261578325,-0.5679009867060543,-0.4722600106614706,-0.35940011876308725,-0.30019416587541403,0.2594939953265266
0.8340253514633902,-2.1094722894931945,-0.6840836928649994,-0.5163714179608295,-0.410961853929822,0.38605000371303305
-0.9033075831039588,0.9853351269702338,0.09254437419079287,0.17034688825786198,0.13388830920272943,-0.22653933258302067
0.5603523423405188,0.3570730918657697,0.8961390982645134,0.756440736113109,0.8290649763553339,-0.8117929201966317
-0.8438988582390107,-0.0499347404520271,1.905128608403478,1.3939196182328581,1.1994349579939594,-0.4782877952606379
0.8247875772918031,-1.4054812578330753,-0.5014497504348567,-0.5512189307989904,-0.4453978731679349,0.35677826124386475
-0.8367504698118783,0.10801977578527157,0.22231888913726172,0.36281952374747095,0.3281314317149104,-0.290308992282106
1.5489624693423354,-2.534744518909853,-1.5567423942223189,-1.0986188613799106,-0.7086759480208135,0.7729429215224621
-0.7710243479147891,0.20623343023935112,2.771310025607334,2.023141240323716,1.9545513322748993,-1.2302433240490507
-0.23430932694981374,0.8705514240892727,1.9571783646226242,1.1137259228935297,1.2181616550659689,-1.0018748927440062
0.5016484845700351,-0.3004231279579638,-1.1698247170081255,-1.0684067923206344,-0.9688712627661695,1.0810564207534261
0.8078761787302534,-2.1328667956845457,-2.3682877509714246,-1.7219389638138543,-1.5965373779082275,1.1108885410311082
1.3900426170821585,-0.9256721884049393,-1.0733148622807651,-0.6574842731156116,-0.44021965833811616,0.2819644628408553
-0.35333448848398974,0.313152809758852,0.22627289085642224,0.2244084703569564,-0.09091848502710338,0.16733545389820992
-0.05873799321532073,1.4666789824889617,-0.12479848317054333,-0.2534157771058526,0.006347647314958127,-0.055145038674874636
3.2076358975867483,-2.521093000192217,-2.3729225305926804,-1.3983813879530127,2.297892754372609,-3.686116280272924
0.5643563913280205,-1.810181281705338,-0.9057271691135141,-0.6120648326339285,-0.4946763301851916,0.2989063322721241
0.22927468567110645,-1.349505626711661,0.0961455955602961,0.0038011115523157307,0.3245888382204158,-0.36631106169804084
1.648998527233453,-1.1899525364755168,-1.2479172069784636,-0.6653645731587305,-0.639744081242641,0.2784768729817869
-0.14163503466561178,-0.6652797175061684,-1.4403320569023608,-1.1140047236107133,-1.175527545185949,0.881846099490756
-0.823332395050125,0.9430558482719711,1.9006454151750787,1.3492819281436352,1.3412578134150093,-0.8760464308129552
-0.050154972054685755,0.869003618605363,1.9024367336562436,1.0046080726805913,1.076670787387839,-0.9859914003330534
1.7274246084407858,-4.265446043842885,-4.014424105247103,-3.499128396048823,-3.450707318496844,3.5542333042007215
-0.03785328092393567,-1.7181321237588791,-0.7578314357160555,-0.6738027378470625,-0.8085285083320563,0.8336704670055853
-1.3634111274622416,2.0441029402989463,3.2426959711414267,2.161021131743872,1.9359874686823006,-1.2589420744848887
0.44350617396051134,-1.4558469000205065,-0.08492963797290164,-0.13885026450137597,-0.01850102292673012,-0.02433969076578202
-0.14969691121424292,0.19823295024182028,1.1953320585183447,0.7920077060150945,0.614404094267157,-0.37889257934791515
0.4267004971585944,0.04407313383863032,-1.397102660443363,-0.9867379567588478,-0.9859666273342101,1.2794962104232783
0.12146817948937229,0.7923258083173,-0.21485666625919497,-0.16563264628280344,-0.05636354469623771,0.22819195319023267
-0.6562209203270585,2.7786919565495762,2.7124511812912258,2.154952123687876,2.3320365115208697,-2.6573199099527187
-0.5176558722362387,1.1216671658367605,1.3550593391546142,1.0297926985255699,0.9517966147670645,-0.6622385211449092
-1.3573387116912345,1.1571237906366358,1.9009465973808206,1.3227102636657784,1.2348924818659557,-0.725465375794113
0.13760512139730813,-0.511734078898826,-1.0327725107063113,-0.9699359983466784,-0.9976241878127515,0.8175200917347294
0.456238314351948,-0.9456197075588061,-0.20637847234981418,-0.16285165190861114,-0.011093048017114823,0.03709080892855157
1.3496115859542055,-1.4095449878541448,0.38831431972545627,0.3804606147274176,0.5125610363773494,-0.863898103738731
-0.8313167921242908,2.3477549303092937,1.503752461180857,1.2867183016184685,1.1603097249179102,-0.9409656538295847
0.5563081304816163,-0.8916829092015456,-1.556224297605058,-1.3988385282127258,-1.2546714919432493,1.2146060391632485
0.23386637151541415,-0.09229032003362578,-1.1675833471917354,-0.891350676705363,-0.9181760070916931,0.834333579460951
-1.9484619552859703,2.1242859161328056,-0.039646115044809124,-0.2765161886653084,-0.341955397821178,0.2300788015547754
-0.1771693008196071,1.6971863529170133,0.00904636841677405,-0.2649315627312533,-0.0830365769857089,-0.041288452234041276
1.434860572505295,-2.747795080060128,-1.3991489604219554,-0.8945383946418245,-0.5398121821506301,0.6184465382345711
-0.740210768031435,3.225154696985908,1.9944078134168328,1.6154724605597588,1.4695295497030207,-1.418344978591087
-0.058505987240891684,-1.3007785806347756,-0.5557343939983218,-0.5226529682348606,-0.41795145034745285,0.24302586454600955
1.1458766086308247,0.26605795154104545,-0.08478303176307088,-0.18684188870228308,-0.16674564303115616,0.326347037948264
-1.109410768262501,1.6797152378822753,1.7575662638477245,1.3223704052351946,1.3625130381631378,-1.1373486068348073
0.14313276674580258,-1.2307032564180593,-1.9940552548098658,-1.8824560939350605,-1.999253183063733,1.8539147428507183
0.20405977849934,-0.09514683444254088,-0.9250213264709317,-0.7025466375797863,-0.7274764788860124,0.6154875019643132
0.1326366178081143,-0.48327451731662463,-0.14472413886679003,-0.14017693203558876,0.06471423836666594,-0.02249868900098201
0.054986723177500765,-0.12699295110865802,-0.3158917512780678,-0.24989118656117593,-0.11434638340519254,0.13955668398826926
0.2866178705470979,-1.5963490484601826,-2.221338409105989,-1.923312127844802,-2.214414058879046,1.902794494096722
1.5451012155814385,-2.8135923913302423,-3.202414104551498,-2.392791199547985,-2.218135664912946,1.8761253401614215
-1.1578050091514616,3.4497048629434754,1.6289977052296087,1.3519583954190826,1.2001002283683129,-1.0874519081334153
-0.645290904516527,0.584313016541927,-0.047563423877878895,0.06753130744563728,-0.1372813428241983,0.13785121493039082
0.3110406894143899,-2.210301733494204,0.08417717109083958,-0.41087820360384275,-0.2826387845772069,0.5913820080001339
1.1741211377366878,-1.026388643537881,-0.3996269289582093,-0.5191339527755469,-0.13320118591778005,0.36394722627689
0.0517586096204682,-0.7245603400989069,-1.3508196266011205,-1.1161509947587884,-1.1046701787631747,0.8682434874864264
-0.6913442389511011,1.113037424284685,0.6572045517234105,0.5324703968351447,0.4420166218654558,-0.41645821523253673
0.6936227581910942,-0.2224573697949239,-0.8008088017825453,-0.7633957165749683,-0.5059954178861099,0.8133415529528584
-0.6397353175582114,0.03220333322952393,0.581612641111603,0.40116246440727,0.24760587073735588,-0.15778595373977544
-0.294972982432787,-0.16821547098762274,-0.03518767862219397,-0.08540260606827617,-0.3034466360275977,0.43759520995040874
-0.5334933415922158,0.18455744762424758,-0.2107546203279505,-0.10522742586371792,-0.3571479220857593,0.45416006581520246
0.6068540246982881,0.23125548322969944,-0.2404978824602231,-0.13406626207643912,0.027483698923684626,0.3532427055944851
-0.10756376152033238,0.0169317523165746,-1.956349624063662,-1.8140505634520538,-2.117366020917934,1.9879892878416616
-0.8165089628050295,2.2064059019999744,2.7280641748989876,2.1927617576806173,2.2092497037879952,-2.1364977413817026
0.1056949118268066,-1.458606768722585,0.9519697686351053,1.32511092423325,1.0860811391552372,-0.8379692549386655
0.45442742653741414,-0.9387641844546539,-0.1063229675505076,-0.0865282476740672,0.102160851669892,-0.04061669421935826
2.034731087123588,-4.33271962366786,-2.015159464858203,-1.9949615279574455,-1.814670850355496,2.5514407523243214
1.9895108292638943,-2.8382586763176043,-1.0457587536437893,-0.5304304073300536,-0.3284190840865285,0.23825531879087491
-0.1919604838077821,-0.03991325494728412,-0.5582992947955314,-0.5230695819395981,-0.6148700266293264,0.5464246647323995
0.3593595851109087,0.5486574805879144,-1.271795469342352,-0.7984078898658822,-0.823469980705192,1.10219047404065
0.6036412776368083,0.004076243223165254,-0.006638446607547954,0.12254100275801923,0.2734687220755596,0.03957983187946963
-1.5962056624355092,3.694778674821748,1.688471840609774,1.4325946709855897,1.4187576998063796,-1.3901188491419654
-1.2727315464059132,2.094881357834149,2.484598973738214,1.825354214520987,1.7911189405232002,-1.3764370916964608
-0.41787483310441,-0.2740598616667404,0.3613709898147855,0.22446365927241424,0.12162747335935725,-0.026136731154272605
0.7426748902652099,-2.0217775995312914,-0.46831301866223096,-0.4729560524969701,-0.43717525463159873,0.47528032804468917
0.20727945386090255,-0.27461596252505327,0.7984604759004796,0.32773429103897866,5.722826811487003e-06,0.17315701616267165
0.5949624622722807,-0.5511999099739844,-1.2052578592398153,-1.1877494369977628,-1.0563458608474112,1.2063140857441372
-0.31043367181968684,-1.405799541681814,-1.0523192956820389,-0.8236545342661584,-1.040329191472391,1.0086492509848113
-1.3642171717558338,1.8647708401856335,0.8863510822000058,0.6831222990054198,0.6368506544373774,-0.571402612187449
-0.2573279994304455,-0.41000174440866677,-0.5696562391064154,-0.5844799555778986,-0.7202222474493336,0.61680878235513
0.01591873504612965,-0.3616296033631946,0.561867832750161,0.1485391338650908,-0.13989490545703884,0.31849837494829836
-0.7011268794124549,2.9720238647631794,0.48883471817281954,0.27724136092367013,0.0917175869999123,-0.05334982297735898
-0.7959756222988783,0.8120679014741293,-1.1351288977659586,-1.114226788139528,-1.3428241791437499,1.2465617848481814
-0.9794436167680822,0.43956974442015523,0.9079722162759586,0.696504167090004,0.6468610927416675,-0.5416014750614473
0.30021146569871937,0.31726502572449344,0.019733939372897233,0.10783916423193686,0.30126445916624234,-0.0134601739816997
0.42176553287211577,0.5658010660786362,0.7226671129155001,0.7292554968221581,0.6971885250004927,-0.6080322422218802
0.45673169100390437,-0.04527065889777497,-0.9902423463772307,-0.8105303816491064,-0.7034020497994399,0.8315053979421347
0.6013541199814164,-2.128213031031165,-1.4230607968375977,-0.7690822617394573,-0.6270054896045558,0.4139512628353045
0.15244422190800783,-0.7478706653656131,0.21665585960678124,0.08044038881926818,0.2175477346139116,-0.050032810017672485
0.7488529197674839,-1.348217715853608,-1.114487182132934,-0.805728968443623,-0.5624896698701577,0.3191479013226688
0.02862330746780792,-1.3640602377982747,-1.9204627885906957,-1.7384055216830594,-1.8194806869900813,1.7062741549570917
-2.1256251522469496,3.930402209380419,1.5447675402957717,1.1202702557471818,0.9871114090313051,-0.9912509815411248
-1.8446427232275648,1.5257863868940116,1.0274714517979888,0.7906752815817546,0.5789838337242509,-0.41044153909809206
0.21371297558474728,0.18281561022606213,1.5188195407951726,0.6623575381046755,0.5624646911996343,-0.37562643766518083
1.3319084667738137,-1.8692454666317275,-1.1451975738922848,-0.6947588738581841,-0.3826427062093106,0.3354558209104274
-0.8129069853750412,1.4299722486634046,1.6170574152965902,1.2109204884519722,1.197831845659185,-0.9499312645254887
1.2472246753725709,-1.1268798764966708,0.4728324729012945,0.39665168569729864,0.6888714415510617,-0.9020591285898207
-0.516541750371833,2.0760824252706245,0.40862518805424525,0.348097052087161,0.2554201053252313,-0.3752599593055146
-0.25295793548662737,1.4487011289200764,2.0775191638362362,1.6538982894815133,1.6275137341401862,-1.690165130425385
-2.594351395185479,4.467671197986427,3.116245036911387,2.4003184382465323,1.8759434427338777,-1.4451660731215894
0.4340038512300641,-3.037864587830356,-2.9893550310155725,-1.7846801299931414,-1.241011436326383,0.2082490207783967
1.2722107435305778,-2.5088015263925096,-1.1455410184910573,-0.6354338028872406,-0.36741872377655127,0.37189072615363533
-0.09534151998878962,0.8083647943941207,0.8210231127568605,0.8161337972257825,0.549265986729425,-0.42475812978381194
1.8294554149760236,-2.342791102401084,-0.5623107402129378,-0.3397476051941198,-0.22068891862372134,-0.012833973365446907
0.5926479810077174,-1.0987419896887682,-0.9616169784381252,-0.971348394167128,-0.8007550536101418,0.6540834943685663
0.1434753956509484,0.039063499331380425,-0.44706316281770314,-0.3119340717833206,-0.24911341308705956,0.28236948052391403
0.6058223911562407,-0.9223648258758876,-1.7100534540865913,-1.524366058514457,-1.383175764514977,1.3960445883304773
-0.03281847136825293,0.22286209882588015,-1.3066493173226819,-0.9064487350338445,-1.0900495762956213,0.8839727297761271
1.4957991480614106,-0.5088146093733901,0.403204747995225,0.4306015114473108,0.6163340426021335,-0.6977941199551098
0.7012329242555386,0.7095653755672433,0.6565145316255676,0.9351596388139557,1.1091654915078732,-1.1370745083645302
-2.414024588788507,3.7951295572411294,3.582196052024118,2.447329719354825,1.7440120845113456,-0.8025988860308545
-1.666085292763549,1.1802142254337362,1.2986647944936456,0.9174746775547433,0.7579544030710749,-0.5017735205307341
-0.8316129696492339,-0.13886450309188722,-1.5199439226821272,-1.297860692873061,-1.4439700390166552,1.076506123272401
0.7554729743588381,-0.6278362030349592,-0.8065564017660325,-0.9446042248268818,-0.615771913190083,0.8097332140585007
-0.7054938111211503,0.3644741495289888,0.1252894937529645,0.2634515287437391,0.1615531944404958,-0.20959588728865614
-0.3054170207368369,1.0979314605855288,0.6327364401977578,0.6405424434399574,0.45799019013655423,-0.4355026919951359
0.046748524945925324,1.1046790707476062,-0.5344302067674976,-0.48849425321464274,-0.3658026431791973,0.37263000740145347
1.0828897795966743,-2.9590881742428543,-2.12414017863131,-1.6865230862668281,-1.4544544107909083,1.2837112130550308
-0.9878023432953266,0.6133084617992601,-0.8733786377826186,-1.017512101864827,-1.3320421196578849,1.2158559403238511
0.3860645866903058,-1.1717095301643752,-0.7852584834093906,-0.8060547859284918,-0.7203343483424858,0.5906830919651735
1.2283738349939428,0.45792937895874647,0.05446241422713818,0.18015642329359216,0.15640658760837053,-0.08801724201741414
-2.0942505610851554,4.069374862898114,1.529006291153041,1.0789561626385298,0.9694809652541664,-1.0057032903624286
-1.0574614927579864,2.75399017160571,1.5716859341353722,1.4005619521484087,1.2999367655205276,-1.1097768989494292
-1.6316333114342574,2.314962370150154,0.7276055255914533,0.47222496122990926,0.3740835537068822,-0.396424280888768
0.662479760919804,-0.9181420475569646,-1.8114177093174826,-1.5939013463366514,-1.4299738544389782,1.4704584972727106
0.04429298263974546,-0.7585722150313204,-1.3597203893565293,-1.120035698550716,-1.0941034371239031,0.8554289098081974
-1.2520533767847004,2.7011002746000736,2.205545110089665,1.8323051149470406,1.8282303056287135,-1.6236360555540663
-0.6025274070985716,0.9591819478514877,0.4527393467996406,0.33688361296546127,0.22852675580683737,-0.24576410324195025
-1.577063502272583,0.8650015357274187,1.5277518832004175,1.0891330039726035,0.8443804065363372,-0.4052380355169041
0.36867349246335673,-2.6644005954109335,-0.28734601602588594,-0.5888455879882963,-0.6999611716462193,1.1874077651205746
0.7522395971012991,1.1436397649068082,2.058684413553096,1.3836762868554717,0.7237260787147974,-0.8470013832806611
0.23427394254901024,0.1802241062221182,-0.4322227708025931,-0.26496097261028695,-0.219888066942977,0.3080977097890573
-0.654709089712896,2.044292282240037,2.253519528006642,1.810097970417734,1.7790937110995246,-1.735162524657091
-0.43913611772821537,-0.7605254618217696,-0.08748582763341524,-0.12325350167625031,-0.18175271072220806,0.13648416581531025
1.0462666155795488,-2.1771201862886094,-0.781657623677491,-0.5255219177339675,-0.40946809764115916,0.35824875404984136
-0.6637181507392278,0.25513236768350117,0.5039680705735139,0.43240125150308667,0.31205922069368497,-0.2755242569836433
-0.9343932213422871,1.2334364402089997,3.5741791102336076,3.156662936413822,3.064583306978251,-2.413735303293016
0.38588167269612295,0.20653701828401383,-1.2816737875867394,-0.8593452493520294,-0.8481296104942296,1.115808037820349
1.380882757765752,-3.532049139344966,-3.2645354385880476,-2.804899850395708,-2.6661111329530245,2.4937111981395805
-0.1948252825493921,1.134220403537877,2.904970377550968,2.540537480811533,2.4935622700056768,-2.146122001227977
-0.7384875620543668,1.1960774504116582,0.7829571161103375,0.6872298235817659,0.6230455883059118,-0.5520797782012755
-0.4457782483221488,1.3664373762674715,1.5742221931295661,1.2106761238456347,1.116795989314396,-0.8753725504576654
1.4637399599378924,-2.0029630411953776,-1.368098856633036,-0.8051609658172699,-0.5296078300466475,0.4114513173333087
-0.6595816862660071,2.881657931231724,1.8339093597943898,1.4910784759113611,1.2864820372551036,-1.1501925876397872
-1.3148473894983441,2.136022800303832,0.7799663714031243,0.6082711271194903,0.574833946676109,-0.5461348801768887
-0.008346895119015568,-0.619356008819881,0.4757204586856967,0.10965757690531598,-0.0549012784926855,0.24108474056275359
1.326373178539394,-2.9543402490507944,0.30292316347981463,0.07467753318701856,-0.0008703592575171927,-0.09224541260348994
0.0832359836676963,-1.2862438523017412,-1.6137865039818258,-1.336230320198365,-1.43726796905531,1.3147619310761973
0.986195002761471,-1.1327195376530836,-0.963826339720792,-0.8511217425132942,-0.489294690851351,0.44523337353059794
-1.8004073189581358,2.4271778295562814,1.1191909598675374,0.8692541208216109,0.6917196687103279,-0.4955334572251603
0.7701064878138475,-1.0065679585418095,-1.43311927447687,-1.086545897050432,-0.8378840066782695,0.7881430845577092
-0.5247623878465585,0.36035309666082727,-0.29482101998347343,-0.19656204927501716,-0.4204658657663664,0.48936919079764074
-0.09243427584316592,-0.7163597425962641,-0.42541758343511893,-0.4362136102788871,-0.3853435455932585,0.27923449878066103
0.16612697500397458,0.5630864788417268,0.27788182177214726,0.1513492972002144,-0.01297766182731728,0.2381817107182978
0.2053034549089411,-0.9080655708325653,-1.7821753510042784,-1.6137847086072277,-1.5881986180578607,1.3943283647949378
-0.3441679058912832,2.0737372372284324,2.339006684393038,1.8590329391592046,1.9244079520324056,-2.157931859223726
-1.1935167728409732,4.80518288722797,4.417517838875326,4.419384081088168,4.882704651009357,-5.097147429730894
1.164719389645428,-1.2764972832830812,1.0250628263892922,0.9325112003998589,1.464763158870723,-1.7868010014796065
-0.8807074730049796,1.9383406826177898,-1.1970230486926798,-0.8883591817859929,-0.733323287887682,1.019110593102899
-0.8050905061647569,0.8331734990353271,-0.16427527378730797,-0.032606066051644886,-0.1774293793217193,0.1985787602934425
-0.04046911386238873,-2.1810875575436577,-2.492852474908726,-2.617256187941099,-2.5843646257555375,1.4663361611902477
-1.4073864355833792,1.3763073075188337,0.5293647812125161,0.43852035660770405,0.36629437285343225,-0.36032648601025485
-0.10668146869799283,-0.6176994669173443,0.892510465903785,0.26753023301011175,0.04468560135891393,0.18730679512956427
-0.41671640785155667,0.3996851237302445,-0.8174075979287159,-0.9528257832512229,-1.107795092486982,0.9106186084131509
-0.8983123167484853,-0.09713297428926443,0.3331376888715361,0.40180571565833695,0.40171209682821724,-0.3042809893086524
1.045358245398191,-1.9760850899751072,-2.051145538024429,-1.446617520720031,-1.1631834037797775,0.7550180710217845
1.5800968912515059,-2.971061581680703,-2.12271368734614,-1.6964738263409906,-1.268822330446831,1.2155627906783357
-0.23065157625850044,1.5959648420480195,1.5823454611983891,1.2519842822908278,1.0842594602249478,-0.9634361780706284
1.5117696098811475,-2.4912331556411482,-2.0417967120101617,-1.5117763825727761,-1.1600007628182103,0.905036128193989
-1.9755446028605246,5.763093777111413,3.3179822987699334,2.8061006637604815,2.975102061280563,-3.0331494176318037
0.6019160376823323,-1.396046924046741,-1.1074044564108554,-0.8354353005628903,-0.6650103786196753,0.39214643474716915
-1.9871325846749006,4.686206465025545,1.8600169439155334,1.391098109830746,1.3588280410401388,-1.474254628804686
-0.013004375041516551,-0.513992425939405,-0.3304243221681895,-0.3264344804883841,-0.2264379634649226,0.17132789945518706
1.7591794812964718,-3.882998847366622,-3.9401851145496782,-3.265224908470514,-3.1875902073283386,3.2404437751314346
-0.9136041188904452,1.6378352560621832,-0.4022662287285177,-0.63614368701686,-0.5739948634588179,0.6444030119721518
-0.7970634478455436,0.8392262208409523,0.5032694410465353,0.40262130195649587,0.34104363563539175,-0.3499098441947432
0.0981726575570191,-0.8703117381848661,-1.3203283578106904,-1.1279260156329247,-1.0338801985533623,0.8097926588226108
-0.427578592588148,-0.8546471443818188,0.5387127022276587,0.19384954024385642,0.23033414327937843,-0.01632799252503106
-0.060797017568110644,0.09931950533216655,2.828904949153409,2.431088030439037,2.425611789505946,-1.4523964584864182
-1.169352988804991,0.44662426591771187,-0.8606958513517939,-0.9425670650862987,-1.4074648509433967,1.2656409899742112
-1.253674238378888,3.5373816834891656,0.3759850197330471,0.10966227360360135,-0.02821604086307172,0.17316231826373712
1.4137889802742123,-0.6866323561569172,-0.6344913396519954,-0.5494585730891527,-0.20095246456384602,0.17114437612771694
-0.8188197404640639,1.5205100625563044,2.011009342227804,1.5380025783865743,1.5467631480921737,-1.256842330918636
-0.007332814398939569,-1.4124728213231923,-0.09047288807951626,-0.2429810598294506,-0.14285944656404556,0.1046433902746187
1.817341797519657,-2.8529305737042776,-1.6065658960514981,-1.2263712986750699,-0.9554999123323887,1.074637037798751
-0.31835838177506337,0.5442266676101083,-1.2390656868003913,-1.0741993428128487,-1.2295497477563686,1.0107644528653223
-0.2068676807355036,0.06364199727764817,-1.9967314212937002,-1.8579769846378327,-2.2863284430086144,2.149541692610099
-0.9815282154726439,1.720787428622609,0.9499978778168693,0.752090378247454,0.6954734115038652,-0.5735970956636718
-1.048956350385858,2.5710032988523603,2.147375369998146,1.7439908321203732,1.668310145391027,-1.4357338816103258
-1.2714268675605582,2.3957984565855037,1.0164995379382338,0.8309559728631217,0.7737171299148234,-0.6222352596009965
1.6578462107002314,-2.0711101069417492,-0.5019863336385639,-0.3788604501974005,-0.2665984987328102,0.10781333556888233
-1.8587750115781616,3.4410666068833655,0.6537418714662296,0.1558335618735741,0.026857156553981295,0.0382618535716017
-1.5818488903107164,1.8040000955994837,-0.6580689912361377,-0.7138704598435762,-0.7981560453634683,0.9319265308955252
-0.3827827310943187,1.3319254393200042,1.2837340802071118,0.9974608770581086,0.8645746164739841,-0.5949892695156149
-0.4243577545562947,0.14274625451584563,0.3121858465672293,0.27090257210837504,0.049304041297668535,-0.0028759399699079813
1.074535387738814,-2.2114242886663242,-1.9281779352032244,-1.3605675816999339,-1.0218365743421496,0.6770353774703471
0.6126482701547024,-0.8405588593683612,-0.31197106627702886,-0.33235686127126457,-0.12871499123311186,0.22064642402931617
0.19709908810068713,1.2659869245029745,1.0044990462078873,0.9160303585339745,0.7199101009700773,-0.6937878068473974
-0.25601630506348977,-0.3509844382687308,0.49841600210411896,0.20840612705538064,0.0381407236423596,0.10208207531164538
-0.5341831579090869,-0.042445038127308043,1.5099451457034665,0.7565040303800239,0.614655970420156,-0.05739756676021021
0.4118222141553643,0.053687641803510516,0.6932018192594113,0.6250728934890746,0.6362272732430099,-0.4960911978175009
-0.13083884675169408,1.1054613900262933,1.130525803881981,0.8941013588135203,0.6699621427047439,-0.41977459677069456
1.800879317336134,-3.0238088200114723,-3.680267460879685,-2.6921462302935826,-2.674865281244566,2.1366582767344044
0.13788237869323774,-0.7949312325091266,-0.0150535149141277,-0.08348235908115513,0.11622641418322241,-0.06961698741275031
-0.3911747777510111,1.9963213831047553,1.27057928850329,1.0257103373074115,0.760082132361458,-0.4884043332275043
-0.586812529071483,2.2532121786007755,1.6761200494323043,1.3487442518470143,1.1367194291914198,-0.899528462725177
0.12333207944978802,-0.3360560484258234,0.18334590874373155,0.08776637775006377,0.16302302081211395,0.06479522564965885
1.7405564962975049,-2.7139358522574284,-1.2202500240250995,-0.7316330656154477,-0.45373067181893506,0.6142047201400358
1.355164847273946,-1.0341815924848334,0.9175208642597646,1.1515746973787224,1.6435167289695145,-1.9062061103024925
-0.2650253107911104,1.3039816644573923,1.7520489395548553,1.3699560886238347,1.2992190077887542,-1.2184982991180981
-0.16524355508177224,0.812799354249484,0.3491061630931339,0.273815840145862,0.03305061332921036,-0.018012529108125716
-1.248813366191243,0.9070524146130898,-0.6551449289232754,-0.6701553283740337,-0.9212783886031862,0.9162507570264355
-0.2369128645235042,2.421205412725498,2.1903491592862916,1.740408598091084,1.7655435029968292,-2.0541520039006387
-0.7173214811258333,0.6466640929916055,1.237649444745826,0.9242240602028828,0.9090638278889113,-0.5767973614279555
0.5619856897542758,0.08743297785321638,-0.5061630921500637,-0.45137542671690595,-0.2872980799254419,0.5711463155789864
-0.1382448717991434,1.6145983247440925,2.7553375878698914,1.8358093246507698,1.9639088826087177,-1.9107312818420352
-0.13874430523854822,-0.2942804031872471,0.29529961047066394,0.08958258290305389,-0.1509145474265042,0.33115207812645747
-1.615769366240211,1.4108104341474819,-0.8052862550101653,-0.7174905568787663,-0.9115786011729022,1.1411412881007
0.5990020518119672,0.20779777162047,0.3031289665998974,0.45250085046771854,0.7054649342584246,-0.3549034207915336
0.716417846879773,-0.10440747692853791,-1.118756735530642,-0.9575873632468799,-0.829330705965916,1.1383834822394923
0.3666266320421459,0.043797586995482224,-1.376580763056125,-0.9576370847960987,-0.9784953554279315,1.1964038065048455
0.053221965099154736,1.0562135394608327,-0.49055669990665607,-0.47070687999073973,-0.3390189818660185,0.33485871708231546
-1.0488689534431197,0.39346326363476863,-0.6915226215639855,-0.6766775026430275,-1.0649087914257114,0.9659088852723884
0.9989158032795379,-0.1727716886165168,-1.1994986994055328,-0.7752522666603264,-0.6369654011060869,0.7699788920931256
-0.40009682671026453,1.8561239472652766,0.26025627422888115,0.12231691323307041,0.12042760602683997,-0.25432955155102854
-1.0190746243737432,0.9892042053945308,-0.26415113403511165,-0.09838072125386144,-0.11791953779051251,0.013294800282093712
2.191934293081769,-3.1719681007954836,-1.5890582261956523,-1.254176554085242,-1.106814619392765,1.1121909294900416
0.8660423158068518,-2.382176019753796,-1.6238566541880213,-1.0834968887007708,-0.8265509477955326,0.5834403408286795
1.2960446119294091,-3.2431988034265244,-2.3812947814579837,-1.9905148744624888,-1.7375142993566264,1.628350879425668
-1.9916388876277429,2.5278448400168005,3.2968752097394542,2.1820398964992913,1.6273150105352625,-0.5716318569326402
1.091948478746692,-1.354667254492443,-0.9562364495619023,-0.7566818966007757,-0.39269648697172127,0.30049487491941956
0.4697048387526732,0.6899162706709394,0.38606917169056915,0.5634456773669513,0.7226191459492497,-0.4338690683335412
0.1578348858972487,0.7620288436696526,-0.738483828169926,-0.48840721338668797,-0.4969902054761087,0.5600583921518669
0.6430922359754165,-0.19295608554536323,-1.1072014521815836,-1.0148695912238896,-0.8413691133220949,1.1365681143751831
-0.031170433773338783,1.9251536092247974,0.17589433598656815,0.12998085252183267,0.4201206031511717,-0.4615443964514918
0.38647528110055923,0.6988830735706352,0.03576229447362154,0.18278718977318267,0.29344073450042907,0.0025985443144235926
-0.9363630479527598,3.934151990747216,4.024663791964289,3.8938699727903163,4.240084489624121,-4.414203426307269
1.4363567740024572,-2.52889035431227,-1.3851508728699242,-0.9037499337239576,-0.540373676156566,0.5933583080168808
1.3539972587713087,-3.2174255548887927,-1.6462456447260119,-1.2454392859441648,-1.0354668828612186,1.2399146593736363
1.5353376354915602,-1.4579740701027553,0.386391121338265,0.3625009995152595,0.45477423929334804,-0.8873678811762082
-0.9271865670085736,0.6651202694933306,1.8215087252226734,1.2252409107965705,1.2298778602000107,-0.6905420036962026
1.4164535112065058,0.0007702826120812023,1.0554678971755282,1.002621977967945,0.7259945115191833,-1.3554837141378306
0.19971099008654022,-2.006889097397342,-2.3897512008124315,-2.0991053454873714,-2.4922633108927115,2.222990075458138
0.37773377538616476,-1.1056432829144993,-1.946955670143939,-1.7831985385627969,-1.7578850404825421,1.6092624793379755
0.30968368271935254,-1.1530535120850984,-1.1448512489420424,-1.058260549983051,-0.9507585270986587,0.7808193525198645
0.07464966138667055,0.4598044243269614,2.172062614641019,1.6729010264924757,1.6127502598491195,-1.2219817883993205
-0.34602215312540924,1.1797409667292196,3.0575467920859043,2.492796010139362,2.4536596852091903,-2.2060828482246224
-1.4807247920404447,1.3454879223837386,1.085739350198942,0.7904909411736021,0.7157753244114702,-0.5233787760662243
0.36742636038254717,-0.5595669730043323,-2.409097679616093,-2.4627893838261836,-2.6762123833591267,3.1181267769418692
-0.1059114443470834,0.04804267228633316,2.3003942072106978,1.7130788022985335,1.6142252402486392,-1.2795075248390833
1.4015380320048034,-1.7090742213843595,0.801742127426155,0.5946171134556664,0.7735851156726938,-1.2233961646500382
1.556115896566503,-3.2837451270384146,-1.9809349044671232,-1.625311360267447,-1.2552636707224296,1.3697157865013216
0.06731463694958925,-0.47045197323255716,-2.586998795363166,-3.2875784754662196,-4.271943804801294,4.359229671692884
-0.8495231319543232,1.0304202678404475,-1.0500729899836763,-1.053764561359211,-1.2536120836451656,1.2676974330088586
0.18776760468456719,-0.17434145102511361,1.1033223260169087,0.5580961352770443,0.33868092146780515,-0.07730823720353407
0.6487537718100114,0.3971634763040909,0.6674132441917833,0.8998562524046974,1.1588687924077272,-1.0789831205327898
-1.2514539826905828,1.4253127108906725,0.48581667391317096,0.3725324141836161,0.35587412061817764,-0.39064807526558015
3.027268171980528,-3.2474588754464104,-1.8631099678630063,-1.2834940085948066,-0.9981043316683663,0.135417589666305
-0.9268065463236419,2.258479438257495,2.4035195636537763,1.929012513185634,1.928877541446112,-1.806878730548414
0.8270985645636718,-1.7083054352797307,-1.34942860685191,-0.7292925195796103,-0.4797302583313163,0.12441630462956219
-0.39140559438668665,0.39943584623709966,1.675258561756137,0.9104165349816515,0.9469839980717016,-0.526198362644043
-1.680849616904856,2.6625968171317265,1.8812742923734416,1.5561888496297827,1.476134315761363,-1.2888879909366586
0.49001067200761367,-0.9382608386133816,-1.3740335964023047,-1.2399117202053462,-1.1129112965400105,1.0356873520415422
0.38729486307055727,-0.6839984370880872,-1.6044704224658775,-1.5068466634900177,-1.4284207545254062,1.4377896379979724
-0.5158034984013985,1.6160334522202764,-0.4999168757956601,-0.5262164478118253,-0.21519173078747925,0.3377065851531645
1.0807287421375786,-2.2786409074743177,-1.8677048076954705,-1.312799551025664,-0.960238427187708,0.6442356108097986
0.3308925742815561,-0.7473708999713649,-1.4082758619208775,-1.221787881004379,-1.1413566745773738,0.9986551799827532
0.5158814645240606,-0.7184822792125792,-0.5902803127299611,-0.6111891803940858,-0.44735891037107406,0.45586588878862244
-1.0796606231801,2.3630781033703214,1.895969356630832,1.5851472534345985,1.5711337717639324,-1.3634032228680115
0.9189804152230657,0.04958489010439884,-0.8896609228109779,-0.7185706409157117,-0.616251545283105,0.8855386934492515
-0.9499322179429168,1.139887023289193,0.6310297459871482,0.45341236673239504,0.40935616145216397,-0.3981658685118079
-1.117759636064141,2.111492800812368,1.4985068862087085,1.211408041294644,1.1874505552837276,-0.985868046669296
0.3038822071595541,-0.23994282213084453,-1.1274290096531503,-0.9490887759276847,-0.9343117772039476,0.8523019340940902
-1.0406120562390309,2.1386152215433096,1.6589364716491846,1.357864736900156,1.3323572442398002,-1.1220347579830159
-0.4980179517971815,-0.18191538479965383,0.270277226842352,0.233612273618803,0.1514212341989091,-0.08535817854343473
0.38618124967704764,-0.2701219586177308,1.2081439944083738,0.7425163653297594,0.6642003897705857,-0.3703601855253206
0.17893305594306333,-0.5302827583129635,-0.40848403238897846,-0.3350231626793792,-0.23303666244034268,0.18765184068330887
-0.026390776760315895,0.13556917223626952,-0.13075610265088622,-0.13467485658856268,-0.1761481837708463,0.33839218615665007
0.40183784021995334,0.34492033863941507,1.6661104956385218,1.5597751412864427,1.1455837787708982,-0.47720237467809956
1.1159881777952356,-1.9284710800588665,-0.7320365239507235,-0.5430490782158376,-0.43651307969381165,0.40043124615884107
1.2456362167172896,-3.156812281632232,-4.8676147487855905,-2.966970731429549,-2.383280824403765,2.0244736899747315
-0.5898205917276534,-0.0017367072205397068,-1.9553866835838185,-1.3972459232704806,-1.5237963330742519,1.4662555192291584
-0.29969202487216656,-0.24593283755090595,-1.6653290378986496,-1.2163326972435138,-1.4282035049914665,1.0890029933516348
-2.777352276145005,2.5773720216367186,1.9538831203499016,1.610786438928567,1.171596434575793,-0.7210829454824836
-1.957301688813788,3.667390203394739,3.2934386030071643,2.416589833049421,2.07693394043129,-1.511375833073792
0.2328647252777702,-1.7447671763137818,0.08307427271771152,-0.21230616781061934,0.06328155961491969,-0.024019437399960014
-1.8026223524051752,1.1615254054381794,1.8561170981451147,1.2679951744880853,1.0216840852923383,-0.4074411159352703
-1.1220100833783238,2.663238475410923,3.2628713039642077,2.753109869030451,2.734496861198779,-2.4285543125464404
0.33864521190698776,1.4686437205023029,0.4233822823185322,0.5946002445859552,0.6900612313850409,-0.5587557301732766
1.2169323516913604,-2.411074206158273,-1.6411664719625887,-1.1272430352935412,-0.7336134600781993,0.5801556998998101
-0.10442885758966755,-0.39986761928411535,0.5023693493776957,0.15955765986811085,-0.057009422218882416,0.21812537817992117
0.7025330824148074,-1.0496448120581432,-1.2227616040665612,-1.0189154538921241,-0.7811178969119571,0.6796136665373582
-0.709486098307546,2.0217003771331385,0.6277648221671344,0.5902950013889267,0.46173481206343336,-0.4847359268583675
0.3808109272254589,-2.5929503825935467,-2.5591755906555633,-2.0541701177419913,-2.17886260245131,1.8061255263693679
-0.3665090116824014,1.462010964712748,1.0855233736273946,0.8842127176654488,0.722680901446838,-0.4771237824384593
0.29727318212834397,0.11021534992536655,-0.028456662527761467,0.04854187655328315,0.2359092389118672,-0.002639962869470741
0.2820877556202271,-1.0974598947813663,-0.15468970980677463,-0.17846046389862769,0.02806063957885006,-0.053195944279845184
0.5399769688842626,-1.3486732855980001,-1.0266076869268976,-0.8832943456905159,-0.7522919682686869,0.5499454564204961
-0.35544790788475134,0.7351230117614135,-0.09389502153993266,-0.021388645672664155,-0.11290655229204576,0.20245006995761278
0.2458341655478115,0.43121132035925014,1.3236157792175791,0.718277170990839,0.4922545636652966,-0.3709969525533063
0.023465286334068542,0.14377428278249424,-0.40872682161520807,-0.3029749529821837,-0.21167295255252808,0.2456285094541078
0.6191128340280175,-0.621355107075887,-2.3145559020252424,-2.1821920795039813,-2.02751482149843,2.257191669062073
0.5167404301310345,-0.2921685938991476,-0.435438674184754,-0.37217996343810944,-0.24334536081666389,0.35890994186666386
1.0336664477053987,-1.6596283071764195,0.6365755790716453,0.3051649394780366,0.5394983805158642,-0.7264165475281711
0.2705051277903132,-0.2920539558204127,-0.34600110041379,-0.24148142061716726,-0.14505690501098162,0.18877950167070257
0.07275936806007437,0.299327041398218,0.2712761749595569,0.10874665348607075,-0.08953226503381474,0.33232570881748624
-1.320055344277307,0.7022440984662847,0.7669041989319219,0.6634074230994045,0.546149539017855,-0.4384135211919177
1.028518506536157,-2.7814862275872136,-1.5921693902345648,-1.0592764567172295,-0.833882701355382,0.7678337110833638
-0.04527780921498561,0.4826399990935601,2.327019363516846,1.6233743128875906,1.6065489240887056,-1.3955360230499996
-0.6997373232610905,0.5516189718638079,0.0788406825719082,0.21024541106503225,0.1234690294120031,-0.20718576824244356
0.2676184633348576,-0.15432533891731023,-0.3220538850108284,-0.20930203389648389,-0.11099981360740371,0.18685971219886183
0.5340912073557157,-1.1595877750830943,-0.5486735155715429,-0.6318073076887609,-0.5119703248384634,0.47009103245687706
-0.7692305080609322,0.6895868434044748,1.7257086124002496,1.1776933275268386,1.1748413061937129,-0.7291372773273141
-1.815596164428497,1.9458705565883234,1.2345777884838463,0.8805645125264985,0.7216697130433533,-0.5196938204445792
-0.6292379792513223,2.119835893729597,0.9655892753771027,0.8823452663440613,0.7015385047280257,-0.48644075066815917
1.192588070790944,0.6921458724656778,-0.24085459522387867,0.07158499142814943,-0.18745469282269034,0.17171290373357873
1.120772863593832,-0.4627880641451867,-1.4066420536793,-0.989065351855018,-0.8558714785209678,0.8099957993268792
-0.621633173106428,1.8332833474368206,2.2560018055122057,1.8006786306567237,1.8009762669383325,-1.7647388040125593
-0.0385911318459155,-0.5855194437272175,-1.206732841930986,-1.0530157332481582,-1.1321565531239128,0.8865697989164966
0.7982496347792405,-1.67131204144526,-1.3517269232968512,-0.7428493465536523,-0.5053447788533121,0.15113598998954858
2.0043684743892554,-2.510041666069239,-1.1395143057691433,-0.6192545325889472,-0.5094724613512367,0.3226430370228801
0.3195162756903273,1.0863787338393565,-0.4935903666834561,-0.23493212267904284,-0.26073421796445745,0.37332117236555923
-1.3667425150328822,2.5209462074265634,0.2406417522081222,-0.13670470714007407,-0.13320590082901135,-0.1661383153362555
-0.23967309594045794,1.5746344673927153,0.7422608779724347,0.7280138488964721,0.5287074070598723,-0.4604444723459986
-0.24714901800581018,-0.18722645131110882,1.2405032872149355,0.6152120723346657,0.3569783757393331,-0.013362936515613308
-0.8889065892587763,1.1963200758105195,0.640564695512578,0.4719068620225585,0.40852167265051775,-0.4064322644617271
-1.4176446947667893,1.1223823751701203,1.1080600273825782,0.8327101844684693,0.7368131140366981,-0.5669353930058333
-0.27744502164583845,1.008235192846978,-0.9511865826246187,-0.8516015436620098,-0.8284927881002064,0.6901430081482747
-0.18263415751362358,0.7534344460591823,1.2702593062341148,0.9660838619787467,0.8242239646076842,-0.6049755685493395
-0.5390303566348442,-0.48915110889827745,0.7274496211519418,0.3363661739933861,0.26766099884192923,-0.07318546053268031
-0.7208253242811511,2.1675529554567134,1.4989195430271236,1.2495209527666036,1.1063298192599444,-0.8705208131399264
1.4477209148845271,-2.3855199583706597,-2.6028346700388,-1.8605533059222037,-1.5900134939788433,1.1549294577796512
-0.5389587823586319,2.0771430350837994,0.9301485514009176,0.8533227902741681,0.6483911614514727,-0.42527152510396155
-1.0959857934089685,2.3455000191219413,2.783373068625229,2.2004962472587555,2.2213395095315707,-1.979154665281228
0.5580605713049418,-0.5818559988415062,-0.6262143819815678,-0.6573527996979847,-0.4812948809957098,0.5319089489922226
-0.1429067041531846,0.5540039777763187,-1.883509008173228,-1.7437153800170624,-2.1294855378355706,2.098141606952428
1.3039113834118554,-0.03801814417564942,0.9135743634881829,0.9834672518988712,0.861020684873673,-1.2260299728473312
-1.0190045705534752,1.9160668012479367,0.3727724517087672,0.16044241715416696,0.10053731476979141,-0.33259121011431264
-0.002415190766069822,-0.7583845436825002,-1.569779131538551,-1.228984566232831,-1.208905868157111,0.9146428363574648
-1.3786496219054536,1.5399874706771752,-0.2630015216073096,-0.3219305140844673,-0.273645329322252,0.056375184811723364
0.44653837819334014,-1.0609837014327088,-0.1396320725152074,-0.12661153792663224,0.05777617261985679,-0.03177653232723249
0.8347031294391978,-1.9890027067780018,-0.9538549961386016,-0.5476037674804143,-0.32518650749991873,0.0958915471041811
-0.18910203654224553,-0.08394356565571508,-0.36937851480503686,-0.3887972393094373,-0.5255597985785713,0.5322684022964097
0.19983604507603478,-1.6487552406359138,-1.253023485796119,-1.0417772987910277,-1.2024049822952938,1.1328614457342265
2.1722702332014987,-4.48403978961034,-4.380742292420177,-3.653092042890693,-3.7543103664204143,3.751079031993322
-0.7609010718171579,0.7074622494552506,0.8728182178429327,0.6368897577956455,0.5650519390005976,-0.45610743003468257
1.5118091196540087,-2.6086278434866648,-1.9916055636660144,-1.4965099620205027,-1.0931235654215745,0.9292113780950356
-0.010257669556109702,0.7147703179135332,1.204355960451041,0.9121484908010782,0.6873853024295702,-0.5456372011418026
0.42353568009481635,-1.792576191573985,-0.8883780268906025,-0.7200178438084041,-0.6810899929635881,0.557653740227139
0.4702129985121184,0.2093954523819878,1.5812774295755452,1.51980696688611,1.1018123011104466,-0.36412872248541533
-0.6463002768997389,0.6383718810151754,-0.5278844853074743,-0.5621568380605452,-0.7461627718366715,0.677957332459349
-0.7804046130938604,2.550643050166787,-0.1426879628922373,-0.25462992179065486,-0.2667819833054184,0.31506511947187965
0.9611770881071279,-2.0577817548767885,-0.8764546928451302,-0.5366754709416208,-0.3661772177520474,0.21245674279402282
-0.8352682463215372,0.4316278787294144,-0.30418759001367135,-0.08189646267174673,-0.2714945759709487,0.31467425016703315
-0.47759128002892104,0.19729828695459142,-0.719996515880426,-0.7164915659564984,-0.971837246517451,0.8726911893681273
0.6424063007917402,0.9064094086157105,2.646998314639976,1.0944012360396116,0.5834189898007802,-1.0525978253777373
-1.0152864784327467,0.23917225409153806,1.373109654538048,0.8763457977171074,0.6980189357461372,-0.3602374020515137
-0.12616435761824693,1.333335124499734,1.5510176255422008,1.215341408368494,1.0725915778670887,-0.9816688266678752
-0.23503270079634017,-0.6041350209075894,-1.358317261843352,-1.063107816522048,-1.20658838982062,0.9349106791288081
-2.1527963039127025,1.4208378801155632,1.361064579343934,1.0183949783435364,0.657861683462082,-0.3256318189441627
0.2803219196475362,0.8388210724590173,1.5694401601376298,0.786665185761616,0.5110268658523357,-0.5603114441758654
0.11835344132285419,0.2459446503299009,0.22075378828509964,0.10458243005719979,0.015426757432264602,0.26040586390724907
-0.5950371894908616,0.09762492047456664,0.43087688762876425,0.35074440363460563,0.18753268347738208,-0.12813209540046722
-0.8398755876955284,1.564457111865522,1.178313945155886,0.8897380612511279,0.8243159292584978,-0.5962500100885344
-0.31873849804448073,-0.44147745178097453,-1.692986881992974,-1.1788655247572757,-1.2582949589436112,0.9432800833170066
-0.8619325134082512,2.090726843854732,1.3317061860398052,1.1220654635152514,1.0299419949391666,-0.8169478238374728
-0.7455648341091939,2.4786890047574697,3.535754667961502,3.2474281552376483,3.2843167730088814,-3.0736434613535755
-0.6084512242939659,0.2044022334789399,0.5099532632043312,0.4051415741946602,0.2539490762628762,-0.20488989561986243
1.0953315750787014,-0.6664380328470583,-0.5111060543347975,-0.6472698246796843,-0.14306416226690682,0.42979148278534374
0.4201182536766197,-0.48249974264554,-1.3009266665819663,-1.218838216668655,-1.1778562434537738,1.1594880823008673
-1.6399397470079997,2.820517406002167,1.2026344315100193,0.9399936641604318,0.8439952159074781,-0.7225413444795932
0.0059129857155383585,-1.5839163995336567,-0.5209117729155135,-0.5168811016737035,-0.501102802531907,0.4444019420369877
-1.2628664759204682,3.257564435552295,4.1680222547710315,3.7378474585193424,3.6751596859386773,-3.1622871821874967
0.049453563559964026,-0.7635579084717318,0.34980945417182485,0.12396566578730799,0.09963967951081908,0.1281820850936056
-0.3037212950103496,1.4900296713970917,0.5850491165238492,0.6408506925755112,0.4660906455203189,-0.4927900746602931
1.04062139151562,-0.5160779042305165,0.8051302275852671,0.8782594921393019,1.3137721867757342,-1.2771649135854564
-0.02060260269671675,1.0490607995567665,1.1746751061906389,0.9183601058758735,0.6641661580923254,-0.4950207107522301
0.32136833530531767,-0.5994542428090539,0.5702473814790113,0.34019843178962705,0.4385107863201332,-0.27639410477322807
-0.10821213555465423,-0.47338785733372657,0.39945920272772706,0.1194735752176518,-0.05253577686370933,0.2049960150467599
-1.088635433525612,1.2083526532708617,-0.2877785517402548,-0.24798522741934778,-0.23234121000068242,0.06958358249863639
0.4898962770158931,-0.9349930904694205,-0.4767889831980304,-0.48988940378316276,-0.3260105392868176,0.30875977859279063
-1.5578130857186954,3.5509615212685453,2.8520442932931824,2.200026580335085,2.2439221660482462,-2.1447379089349488
-1.0788148119647447,1.7475175019391214,0.8276761076182111,0.673056251893156,0.6364807955237978,-0.5987262070518333
0.18371455871015943,-1.567377500732373,-1.4910043218063729,-1.2533125478132172,-1.4244100696693862,1.3756110822356673
-0.27063188621600837,-0.7950507806772598,0.4625894081024846,0.13872632057949913,0.12075151062259148,0.056264256913212594
0.8457725206961499,-1.5316499965770918,-1.6556476910759275,-1.1015677882389028,-0.8875221821311656,0.6309916637676045
0.5331203581444872,-1.2833316809032245,-0.25983830341303227,-0.29909410973996203,-0.18819619439128613,0.1862912802390247
0.12579190176913643,1.149308682399369,0.38775914665562444,0.51299502902421,0.48926395763432134,-0.41390771541933685
0.8911879175955776,-3.17501556538059,-3.3139941074374635,-1.8083306487192308,-1.262967996552538,0.5337170131647723
0.12824806766205643,0.5829642002432974,1.3149516278418818,0.8349735054267059,0.6243031446534415,-0.5224371000538247
0.5496730442172173,-1.6972911271724003,-2.6496068073342034,-2.1593428820119187,-2.333519775519842,2.0521550203811207
-0.21937635012976522,1.5672831845007291,1.659111200373298,1.3150981118641767,1.1680698976291577,-1.0828902991205824
1.6494765832737976,-2.1498159085746855,-1.1204025552464543,-0.6819107995797509,-0.5023360001691254,0.4824810321571257
0.11023984595209987,-1.0827659517995265,-1.1642136112843038,-0.9756086679335372,-0.8771666349965705,0.6491305400055933
-1.2109158544774177,2.9241462303069645,2.1600912248574993,1.806621318911861,1.7371024608322359,-1.5276289831773417
-0.5178051012300202,0.17661791652860348,-0.8797556526412112,-0.9556770399827582,-1.2149517343105618,1.0291540967370325
0.2534275717000313,0.10809658453815586,-1.1750090537652078,-0.7905656754427267,-0.8182233925419538,0.8599027958003612
-1.5553157757661666,2.2649119225761627,2.4359485391315245,1.8646640419121845,1.7714590712348146,-1.3616635604972556
1.2063565401999037,-2.025972724451996,0.3430770193848256,0.11442392808364381,0.07554921707980485,-0.3259705358878741
-0.01119187884955152,0.09248612402498593,0.23385739953690637,0.08112634680202911,-0.11026685482615813,0.35102132905082833
-1.6052437830061392,2.6197960079698084,1.699478569274097,1.41171781742328,1.3374105581113764,-1.155863160751715
1.1745957005536516,0.05332022931263826,0.15417823251474194,0.14188751836224556,0.30913095395034035,-0.13852865834112138
2.3117979950616965,-6.063305147707044,-5.328017139315441,-5.370376102396477,-4.9753476537288535,3.9769746686145737
-2.2525100676563095,3.6114009609932083,3.3442221316321423,2.3003207916376325,1.733340124799812,-0.9704474381558255
-1.115391811511363,1.9753520768898436,1.8622909598090054,1.4686720256162142,1.4944286169117225,-1.276770408169066
-0.054850214343023666,-0.7293886929369332,-0.7535376455560685,-0.6758669446529147,-0.6839277353766758,0.4900024696525801
0.43544004187391094,1.0876124293236313,0.2594998398297743,0.520728699763945,0.6953446241673862,-0.39476954507975986
0.029422781329882172,-0.34558422925507,-1.0265629497264932,-0.8951016226368023,-0.9867582655102607,0.7923778121251146
-1.5148163060558832,4.065917835376362,2.5426102250903377,2.0804071266033555,2.039229254771676,-1.954793602400066
1.7003937489354606,-2.9895727779288923,-1.9676145934087261,-1.535860073097041,-1.1216178407552333,1.0954163226388784
0.6035526263152263,-0.5357305621183276,-0.21060531777776217,-0.16855052667070924,0.006262770643317098,0.1556546547717177
-0.05522532320092873,0.6822015773290702,-0.46811270014473644,-0.5415806301441701,-0.5194516687689775,0.5215150737229552
-0.21466898731412296,-0.29361605619042874,-2.7410251344774084,-2.855596382462413,-3.6703706116044725,4.107142026214303
-0.8183276852797711,-0.27689942535845957,0.39091972187045276,0.3630021778652512,0.3995491616370275,-0.2866566616637486
0.6424502492790665,-2.2460284308725105,-2.1313963703978938,-1.6593405747598313,-1.6863072018522853,1.3320001801287922
0.8383594243215741,-1.565694833710506,-2.3509637086188193,-1.7740304371839954,-1.6150026163934683,1.3367937904311522
0.5250420040365578,1.8111320481205149,0.9247144759986659,1.0501904776042843,0.8784921264338255,-1.1376108671327874
0.05492491793625591,0.4752573386725121,-0.19887737432258024,-0.11162771805600301,-0.0684704070215798,0.26196304446117985
-0.14951231458185982,0.7469224483333563,0.8032400332255607,0.7949952549579917,0.5469792195629316,-0.4235772135503511
0.015341309289346376,0.023992159012123048,1.344665769115303,0.6860739968416344,0.5590166457527889,-0.2839488785186143
-0.45644894254629714,-0.4533879979836981,0.3818079830298712,0.21602652027512972,0.1810410455842534,-0.06877164737664386
-0.5798570758326872,3.0362214425001146,0.48863065630689156,0.2955724295989813,0.17760257177847438,-0.05813560705948492
-0.990186723043522,0.6243706439345744,0.34979709407904613,0.3740189333394047,0.3668176202080225,-0.4010972116037722
-1.3832962201417318,2.64560539383247,2.0068961956440483,1.6852413358118594,1.6922638355014397,-1.5052160204414622
-0.015693040869523372,0.4981415678276065,1.1602382446423154,0.8668884886316726,0.6466446275486062,-0.4633340674654909
1.8107350399753204,-1.2456963575052147,1.1612446518322415,1.6915479799609123,1.9085788948710984,-2.834503491379318
-0.9526112172522663,1.7440640737014648,2.530666931225145,1.9505699456996715,1.9849808949272225,-1.6405263318144243
1.1510098363662646,-2.6923365468588485,-2.1388602505009113,-1.6519210586196136,-1.3552068494464096,1.106844605920383
-0.31537068023052983,1.365991748789425,0.31713909645500665,0.27384428582853715,0.14072584918638645,-0.18509251134204419
-0.6268727496815836,0.5562503201098531,-0.3771980706791242,-0.29617066538924025,-0.5174947041533698,0.5515719399857915
-0.12752093631065844,-0.9231636252805528,-0.5921755375288572,-0.578275565124079,-0.5085130511380986,0.32660532951325294
-1.0909630909437313,2.93867209454837,1.9041411361300629,1.6225981445964268,1.4952729011799355,-1.2849416780256098
0.2121245833469548,-0.6016520164682995,-0.6121181432025926,-0.49223467912725405,-0.4651107176030373,0.34589578039758906
0.11560178343318554,0.6623530113673789,1.4092566344629982,0.8621039935912476,0.6889896415479195,-0.6037747075062531
-0.016662187510353192,2.0202921181774527,0.5974959708582097,0.6046860372549114,0.6239896515396569,-0.48829398413345815
-0.8587078966423072,1.9655677442824337,1.1233655014838115,0.9309929761571383,0.8277033711308737,-0.616528838659509
-0.3990167027295221,1.511684994270839,1.6201452593728936,1.2635495801961067,1.145991620612012,-0.9523173304476622
-2.8976259289470283,5.555373748511102,1.9628494669883056,1.4844898394364974,1.2218912723665467,-1.21339291096855
-0.5780542940684747,0.6622526396110542,-0.5810531249723216,-0.6623089193822261,-0.8088935366349692,0.702803379224192
0.9637200449079315,-0.22833056179937838,1.108385231834204,0.8463437480803164,1.168563489705253,-1.4230072043327602
0.30330039787919133,-0.30476236814105595,0.5162286213621919,0.2714085550232032,0.2783924608423161,-0.04967373837822618
-0.6697314997281278,2.387735807353506,2.161732598532186,1.740584170369794,1.6708610781300466,-1.623099602698019
-0.6885491492357175,1.6744916352628887,0.48416871874402817,0.48178343501077797,0.35683722490181957,-0.4655359864903442
2.461914084730397,-4.0998004144190805,-3.068802644269712,-2.62151699573031,-2.5439663945706323,2.0651072984771752
-0.7964995797537283,0.14716582625706354,-0.6063539183330476,-0.5069606797729739,-0.892498532768001,0.8688098922949539
0.4382851732297905,-0.849417332333075,-0.004628996452815412,-0.003449306664286094,0.2207573769414672,-0.11226331873524438
-0.6294610619472332,0.23486666239622433,0.750728390237805,0.5052423463411868,0.37506178007403396,-0.2977945862847657
-0.42552061795589646,0.3371695323649318,0.8281926199430816,0.5176354902136214,0.31182048421736697,-0.20161421160412107
-0.676655473769069,1.950963226956813,0.12931013545605072,-0.237703235437075,-0.3484321653791378,0.08754468841224154
0.5102462444598166,2.5376316810681714,2.6916438843008734,2.2598665404930185,1.8424557649839475,-3.1506431716500995
-0.2834977425267291,-0.018094137813956343,2.268469189002279,1.3522682371641472,1.3058657525162018,-1.0170187634648407
-1.020830943066355,2.6749067326446085,1.328711884727252,1.2188877598148407,1.1066893865839944,-0.9240552520716486
-1.1112160030379061,-0.1966798573702892,0.39509133211816283,0.5058490352535785,0.4784419586753365,-0.29049135385602015
-1.1866182734410466,2.93295612895904,2.516400701193383,2.03302153417949,2.0261513918233662,-1.8842973150061557
-0.2775411005927383,2.367328629339174,0.48826741117227845,0.3805745827635094,0.4174050437743731,-0.4099116578668102
-1.2209745378918673,1.794547353998187,2.7528635168177344,1.8340611138043574,1.7543943989252413,-1.25108818018543
-0.6535664522827166,1.2882172073725118,0.37220484645039104,0.2826677075012129,0.1497802121931997,-0.25466033178005854
0.5245824966626859,-1.804461948523683,-2.7853867559479366,-2.2651187850890264,-2.5308708736367698,2.232683542962954
-1.041653529454064,1.7617498035388244,0.44916312779249046,0.2907609134425742,0.22296320689389276,-0.3775943139944595
-0.7581635760184251,0.9588973269443526,0.3802729146598567,0.31681302538870126,0.24813894607832646,-0.2912573813498384
0.7729219577044062,0.8776873379839298,-0.35691325580922045,-0.0686099994351268,-0.2911059222901054,0.35718135438713056
-0.19156715857679632,0.08654296830492644,-0.2632011361519031,-0.2718990255587285,-0.4306691028017169,0.516035946498893
-0.01788306959174996,-1.009199970095544,0.9331173984347817,0.6627195337717129,0.35950778109635306,-0.11894197992798601
-0.40381148980594195,-0.16103307931526792,0.8349791390115157,0.3778240068380873,0.14205576159206015,0.015069184094637582
-0.9480788419702206,2.234449030777455,1.5953880752207785,1.3456961338274374,1.2859417414150034,-1.0752012798688644
0.3310748489172148,0.3643489361288132,0.9319458317509108,0.6963134312880872,0.4425041996892291,-0.37930975416234664
-0.2708851524439384,-0.5686879240402533,0.1607971977872294,0.0731554496152962,0.033359478619271174,0.06577747761729044
-1.1687337631124775,3.525092727966137,2.896936137471845,2.318046397386782,2.487126102374294,-2.6625779519425348
0.14947099959790008,-1.5001147813487978,-2.1327656135756614,-1.958972690373749,-2.2051905764969177,2.026243824484313
0.6171243879924756,-2.139015103040257,-1.299332861523314,-0.6988341359826886,-0.5342727648290713,0.3271006966604788
0.3591460938939121,-2.1845126733338858,-2.0532055881245803,-1.7620400870001591,-1.9661055487530152,1.8056299134499136
0.7029112247273798,-1.288846468943357,-2.7852028110201337,-2.3543386184839608,-2.331775287124654,2.313779909792331
-1.622647514978473,1.6065043052322316,1.672868787008136,1.17470611420341,1.0900484574090883,-0.8300847200912294
0.48080915643453875,0.17758052997096516,0.9742075035670241,0.682909766420664,0.6015858213908166,-0.5708998233321878
1.6279893392843072,-3.730591114571142,-2.656215655331781,-2.3518462339281503,-2.061977549674598,2.103205621632391
2.0158455992139617,-3.3982698081358933,-1.3125882708630996,-0.820233418393287,-0.4892315282339894,0.6561263622971505
-0.8954336476599394,1.6389188831767791,0.699716622932174,0.6306399602931326,0.5657375197260629,-0.5802225267786119
1.0849650768402175,-2.4091960241157175,1.1476825117875242,1.1030992342149213,1.0168271934557624,-0.9918630091763627
-0.017349936402121128,-0.39850652986033175,-0.6957438445375571,-0.5943775430163676,-0.5851920745220556,0.43778185505712713
-0.7117897298999492,-0.6776442139891414,-1.7761722230312607,-2.4902899846162487,-2.2866385808541563,1.002275159995275
-0.8616057118752399,2.7202027581825536,2.343713045895388,1.886817959892948,1.8638524134937815,-1.8299679053563405
-0.44408671465512833,1.188504985810226,2.1864734765716083,1.6206523619973066,1.666015517267314,-1.5703561076472299
-0.7556415461716123,0.5657726757809879,1.1159026186066976,0.8750590974731096,0.8511112660279531,-0.6204992147808022
1.0601581200436967,-1.8182127910813377,-0.25217854930459926,-0.3632340001636666,-0.405743902700754,0.3501540393701088
-0.1944404441795679,2.5875264418215678,0.9045766974979148,0.7282687126564467,0.5072987628673655,-0.3546165516214177
0.8415278812645571,0.45648181397722254,1.4367238021971567,1.4582377766676742,1.2755103564346342,-0.904825041410016
-0.5593848538648347,0.3964785193452233,0.4607873520782321,0.4157026232584902,0.25712067175104864,-0.23466106403082648
-0.6665789970465094,1.2799388985960956,1.199958543016464,0.9033418168652235,0.8269279129887193,-0.5630832164394425
0.0887373577352152,-0.23047274708158866,0.06016681425219806,0.002585893522561212,0.06759375739558654,0.11998633621117935
-0.6111146827291358,2.5064946000765866,3.135934131166403,2.693417040642556,2.83522948112443,-2.969123373698647
-1.8513394516758717,2.267343406632602,1.5484737987095796,1.191803337451848,1.0452363197490577,-0.8472651241072279
-1.48495362096518,2.6967494299893273,2.5620914640311105,1.8748553290161596,1.806427718815409,-1.5362546517923017
-0.4891899840082255,1.5975927030615296,0.9279937176283986,0.798487776654054,0.6499150537029831,-0.496425988873224
0.16648646762771738,0.19192794490297366,-0.6756058232645014,-0.4582785574467444,-0.4949161179689016,0.4835981401064733
-0.175744337905846,-1.2245418399697328,-2.086085927674724,-1.8070015324887327,-1.8399834580017518,1.7542071931879621
0.43018700163624224,-0.46617081325581355,0.1310047711709716,0.13849016458059918,0.3933953066315742,-0.17148931920491828
0.06666074907788538,-1.26003058204971,-0.3158314196107742,-0.35852798429054017,-0.19418065563242368,0.08536763224489624
-1.2367710851904914,2.3662757514919988,1.826449459935501,1.5040584633669956,1.51594222807879,-1.3205659598408332
1.292973274922339,-3.0598638337018143,-0.29685582802462085,-0.1909690895206184,-0.13689733613312663,0.0816328113318679
-1.200430186678818,1.7749370505177828,-0.5289691985298451,-0.6924363074469405,-0.734092047289873,0.9259045422554352
-0.1973402911707379,0.20998924291968213,1.5254080548869293,0.7953134339375333,0.7555158076709387,-0.39186936359196034
0.30723256667571025,0.1250229741312654,0.12644312703101956,0.17003894882628315,0.4121875762752462,-0.11967041976623476
-0.4713423102086563,-0.4725018168087739,-0.11720354172294262,-0.12269103590949984,-0.30525580732881824,0.32610762823196293
-0.5083670084937036,1.2470294792959207,0.6194070507853504,0.5839968802776068,0.4572773285632775,-0.4549020723400361
-0.8915000830487926,-0.0528148469898084,-0.49780775310364384,-0.2600521879765723,-0.4891436723661042,0.43777289796045493
-0.912186695861535,0.936272469224942,0.8094505332072389,0.5825882833899124,0.5347920746609924,-0.46154379503635923
0.6866407454164877,-0.08828213327255037,-0.40376210725062095,-0.4081822051562332,-0.17881945232729637,0.5208346682200832
-1.8089515277676422,3.00713222373041,3.1702388352215563,2.134066237647381,1.7653543511402652,-1.0977861622306218
1.0112367232208934,-1.332428633919631,-0.6982650604571565,-0.669381374322249,-0.43672398377123417,0.37726987092274766
0.9887583303872949,-1.416067863037325,0.9810745182210567,1.0086181162265047,1.3557600544608153,-1.6071734734181116
1.209284778723947,-1.6689945828013029,-1.9049223745485133,-1.3506965170037266,-1.0791874901629217,0.7758170495116292
0.3675333939528227,-1.66090408012583,-1.4687864652497167,-1.0531504264690923,-1.093138132182432,0.888556321851375
0.2508711543423051,0.08801160361335668,0.2077030553396472,0.19791916416553018,0.37117720618138794,-0.05331363541647345
-0.04571466046055007,-0.5511284615405537,-0.7108123566010617,-0.6252690725851375,-0.6182836448278151,0.45136009201071325
0.5308564280473758,0.10384592410357359,0.13816754565565886,0.22735671446511943,0.43664512961055013,-0.08317860382104698
1.4225342307966697,-1.6966529333437903,-0.7766672145366798,-0.6032121724766779,-0.47257520890871024,0.46404458258098363
-0.9100172292745498,0.9634043839202935,0.7384810449825236,0.52811380405283,0.4759439652564059,-0.42974925710880435
0.05392198559116276,1.1612167425036029,2.3098387222367713,1.4892613952052094,1.5048676811004764,-1.2557436141502354
4.033301708108011,-6.390488045816308,-3.3999529325409115,-3.289567139958044,-1.7490431322485918,1.4706673512384876
-0.3479081480939105,0.9873608073060147,1.4862027160763251,1.1325242715033335,1.0746628731227046,-0.8381930535460677
-1.1203504819363097,1.577042617181073,1.8234869603602604,1.3497010064676287,1.40788930914648,-1.177063496926155
-0.4933935307549031,-0.38513460603988925,-0.14758235147161972,-0.14269981218307504,-0.37770160718379214,0.4142498812120131
0.5741568739530399,-1.1684454685066843,-0.7249838077928253,-0.8417320803708226,-0.745981574653584,0.6776438182343356
0.6451469545860676,-2.3902138516886784,-0.7599152160946372,-0.5731169793382278,-0.5055560915797657,0.6184047903514477
-1.041535156875613,1.7773853509351618,0.5597311375882783,0.47032245275804274,0.4089376651566682,-0.5018382818493582
0.14553069657834644,1.3542322439385064,1.4493378871278864,1.1722918754581109,0.9124946997465299,-0.9205538238959706
0.6177090418068111,-0.4119875117085122,-1.1932808296570154,-1.1501850086320577,-1.0046014115633028,1.214367561625946
-0.4368238764718682,0.02341592997679746,-1.5666632015818203,-1.2816435215160946,-1.5758533895089069,1.257649651358692
0.1531225641114015,-1.4869817111258936,-1.5295020476128074,-1.2808062165101293,-1.4325361763947573,1.3683538509314794
0.16649946846898409,0.4409474519675041,-0.6321788394068019,-0.41566766876627365,-0.422819499089865,0.4247396631056584
-1.1512783622944134,0.9440844965966522,1.0603584971586648,0.8047455732500439,0.7795499515519982,-0.6130429957249977
-0.0770924167512864,-0.11033294156017251,-0.8632942713366077,-0.7212891239963727,-0.7854210849149335,0.6275362567234344
-0.5849536752608253,0.9849458139035218,0.11345150784863457,0.09820225251664562,-0.05248855791184118,0.01565385306994975
0.0451523753425221,1.7989652601073307,0.6335302253505769,0.6713636599604063,0.6533432125612225,-0.515826747367735
0.4477327479423948,-1.8140252513934998,-2.358637464316254,-1.8874662447684865,-2.1486555670472884,1.7639802903724766
0.08571526447987142,-0.20009253443111327,-0.6466117972005633,-0.5120586432042135,-0.5015151000327109,0.4099731153164741
0.00954042440012624,-0.7335992378173729,1.675586925760992,1.2721350561962181,0.9195056112396209,-0.6241123974884195
-0.6076220859650551,1.7333327729705497,0.710908796341983,0.6791413642517652,0.5427017471125944,-0.5173443200023458
0.10400429318001864,-1.8976055579641544,-1.1366588480390334,-1.001005235538749,-1.2568461244003999,1.3802905098742975
0.5405989602096445,-1.3593391723342527,-2.8958000296620607,-2.5312131059484617,-2.825164347295596,2.9028258075676496
-0.7456536995894826,1.3138550254919592,1.040735371024109,0.8157212061178845,0.7490661260841439,-0.5603876007211126
-2.6674191227049113,3.7706242253432567,2.5852033489040704,2.3282979268277244,1.9161099989554031,-1.496003254415032
-0.9796938285775556,1.1500509261526433,-0.9018145600674597,-0.9607987148058991,-1.1582052799042803,1.2524493760517388
0.9114170183101343,-0.5816598544363154,-0.43385031159359333,-0.6368637543446785,-0.27628717078598936,0.65487594796317
-0.48375178860172696,0.17782079121888827,0.7145656938780698,0.43379025527040777,0.22733090913665127,-0.13321336376805992
0.43599532411227365,0.20622866664160946,0.33260023518970633,0.3432481234243225,0.5678357922304503,-0.2434626087975182
1.0334131015633026,-0.10956223199337313,-0.9268810695672052,-0.6471957587081689,-0.47890096312517616,0.6768720563954943
0.6437690965123575,-1.0548132996349773,-0.8811256361306364,-0.9243852491093363,-0.7447924200581733,0.6425368670174763
0.3059989455690784,-0.13389067000968802,-0.3892400049422142,-0.24946238854866976,-0.18371032814379423,0.2502534732793242
-0.7456394663841808,2.244025969943312,2.658026005188865,2.13281063467907,2.178146995846774,-2.2010782717418538
-0.06992769460810512,0.10959762369800104,-0.3420381604338734,-0.2985523911986224,-0.321914962510839,0.3780451108565619
-0.30724231614554603,0.5784610823366672,-0.9475934218429516,-0.9766296456796706,-1.0508434103452993,0.8298852804447969
-2.33735547759348,4.713641227414958,3.9254816910261416,2.9899622727917405,2.6024860512585337,-1.9254372758688216
1.4660462833881889,-1.8722651171534896,-1.7182270496999084,-1.092223417709425,-0.9394483834151286,0.5962901185852753
-0.5154395590886532,-0.22099566493544498,-1.6091439248698627,-1.2581979119845323,-1.3679859798893959,1.0632000532952686
1.48662071316343,-0.10678771305698366,-1.3699025234023436,-0.7220857423920123,-0.7099568613852016,0.5344157373536657
-0.18811005045312149,0.04742231494636347,0.8209134524601757,0.38604501062328417,0.047489690258653086,0.12879480637353208
0.6635233750328178,1.2476091912198497,0.23895588154549724,0.8354507301763402,0.7337819521261866,-0.574318118027648
1.4718610931978273,-0.877871899888907,-0.46911049292814455,-0.5238169511197949,-0.25092772230808674,0.18903676459499535
0.0052473791683402445,-0.03950729678857714,-0.07035912423099701,-0.09920915109918221,-0.10697490535771191,0.2661385049751361
0.21740411448735103,-0.48171210859121255,-0.22243416670951022,-0.17982336630317305,-0.018291450360960165,0.0567436592947023
0.4437840072818335,-1.1942413711584898,-1.7521577790609737,-1.5324127205738016,-1.4898811034058455,1.2912297873628977
-0.2746832160096557,-0.9256521185781622,-1.7012702868424998,-1.2294785189962831,-1.0805047402378463,0.8659392431157195
1.3687460385988057,-1.7227537920017055,-1.5162907057577932,-0.9268655390084753,-0.6875560291323816,0.43430701220991674
0.8780730399872864,-1.335531277640998,-0.14307726500653334,-0.2873091085852445,-0.17471066002568955,0.2578615187116195
0.2007996667911935,1.5245347047554987,3.256527166869599,3.28110425285751,2.7996925030667015,-2.6151321120226596
1.0380920641437312,-1.8378074304395466,-2.1337225990907838,-1.514457030219682,-1.2722173443956557,0.8661321756995182
-0.3243816761131138,1.5214807168843667,1.5747340636043607,1.2324360482625603,1.0913025051930463,-0.9172664957358143
1.1926261520638013,-1.253225596064647,-0.5545300204813957,-0.6402558619244952,-0.40004666593045435,0.546523501451677
-1.3299285639601384,2.2883575640790235,1.333112085200729,1.0834960530523736,1.0549389651354573,-0.8751213182389229
0.31838206601357455,-1.1420669496569638,-0.8218284643367775,-0.8035629765294894,-0.7104170352322522,0.5532386599608822
-1.5689509876690935,0.39269168248399344,-0.220330124079241,0.21450505830351627,-0.15890760194276224,0.49805750568092555
-0.6527505531822929,1.412299167550946,1.120519875956478,0.8572315712697377,0.7644488401264962,-0.5383371177103846
-0.6099704367112633,1.7690578999412132,-0.2972535037214587,-0.48718186896692234,-0.3098836439459017,0.31951021921156075
1.522846717118019,-1.245189016125151,-2.469597445370154,-1.6490638648688936,-1.6723355319441136,1.1004612460476997
1.6965555603739237,-1.5423050413738078,-0.7797093793671271,-0.5578887574476415,-0.5626422633768133,0.25309091717921794
-0.630038390494567,2.592725993335325,3.6130364850147356,3.3523219309329564,3.4616487171597874,-3.3902326057263683
-1.4449434305335254,2.4279315633019696,3.3351937914269367,2.3589036511706336,2.132609682604101,-1.4893908314124735
-1.1969515167633709,0.6846771053970326,2.071570871692378,1.3849471000941103,1.2694682959249253,-0.5300861361623338
-0.5363199008217546,-0.6703754022529762,-1.22955511213479,-1.083037802920367,-1.306391089405906,1.2293781311439982
-0.48959964970651204,0.8941161101671943,0.5367684900107731,0.4012313109688657,0.2550750321334663,-0.2552714553745949
0.43751068647603386,-1.9015143182033976,0.0044690654316276186,-0.3547780202820834,-0.270303711254254,0.3787009345072627
1.2919393433539423,-1.2785583794794253,-0.41366850645667624,-0.48842791700412796,-0.26054032516002107,0.3700782305507892
-0.26953504555040486,0.47343891559230283,0.7346472681835928,0.5566312818751981,0.3207174523388667,-0.18334800531805828
0.692072757433151,-1.362841953591071,1.4146346120830071,1.435887843468074,1.449331481350574,-1.57094137768266
0.028468959246172414,-0.19042143008555995,0.9532678757788573,0.4590270325696784,0.13445060374561837,0.09148923697481615
-1.4613013036929046,-0.016996183068485788,-0.8270040488538901,-0.4086679962228087,-1.094965013034494,1.3722670797619947
0.011408224439267015,0.36010201700236005,-1.067793037610872,-0.7356450415326804,-0.8691862655573479,0.7010080324236373
-0.8443642136857309,0.9417182329987315,1.6122972181070618,1.1722976444674118,1.187144386247836,-0.8489742276533019
-2.014524265616777,4.352134782973739,3.7642763505338475,2.9844795035958223,2.7877460951320265,-2.308933143309762
-1.2897039726388797,1.4301681153860006,0.4292583267475636,0.3458529585714056,0.3207617264929194,-0.3670067196195717
-0.18932798106413717,1.3465517410614023,1.0706601271003235,0.8406163056107641,0.6226778905340538,-0.3755090815197191
0.6715764612607167,-2.0703380227144614,-2.7329692020893934,-2.0614457903226695,-2.181509713747888,1.8028704744143353
-0.6657712133205731,1.343621788860023,0.6991851107715744,0.6529900800053456,0.5622566829429434,-0.5404685043047849
0.7229715765362988,-0.25482729991042985,-1.9590384335263287,-1.886916806796695,-1.900399530293269,2.2194650810901453
-0.027922278436903557,1.4491407750452716,1.525840566100377,1.210829728655019,1.025878244219715,-0.978760082259158
0.33407027153210284,-0.6453333935717124,-0.9540969593891766,-0.9685405046552696,-0.885040923677845,0.7502251401739017
0.1239239332099177,-0.8275102936421033,-1.3943298293969386,-1.1567303157876665,-1.0854100755730174,0.8675805996469502
-0.2946871813607238,2.2408930660970428,0.49027470289438935,0.43394378869054373,0.4374248414233509,-0.44269215573371057
-0.9556860345973526,2.035148276868212,1.3424900740712742,1.1012723862566876,1.0345497798144152,-0.8250683496215795
-0.07519950889691235,-0.08850051460100036,0.3164009581669877,0.10321059626033456,-0.17059907750873737,0.37088883138684114
0.21225208987045321,0.1481375491601504,-0.7750641511867838,-0.5206395905363526,-0.5536639442041367,0.5106136202675344
-1.0818729184977558,2.0557611953176242,2.8218897917177874,2.0892286462475695,2.1025866251351153,-1.7791489820390096
-1.7359836882732955,3.993904414193018,4.261990545571987,3.631245245567251,3.4593153132133883,-2.8553388743345676
2.2384101718029186,-1.18464206456964,-0.7732166185893815,-0.2788652079052428,0.5589049629710885,-1.4684105636311418
-1.9083535578705122,1.1093976850205118,0.9627939566784283,0.8502587704082594,0.5653411735248862,-0.3044362649357271
1.6563514051990027,-1.0260110748854874,-2.4275482713883516,-1.5956152450393948,-1.7002478380040735,1.1070594714487945
-0.5131112063734817,0.9461186515029336,1.1840285875910186,0.9194579350552685,0.8358898031050008,-0.5345446188638728
1.512421739927234,-1.6565536866595076,-1.3922537564482749,-0.773059759730876,-0.6346809719003992,0.3239126731253202
0.24089745325172185,-0.5619099984978524,-0.9060841923695112,-0.8610112604514757,-0.8272578913028295,0.6788565208186075
-0.27457418379606374,-1.2538688136265912,-1.1517141228236092,-0.8702823665232875,-1.0541351441032818,0.9615672585163779
-0.5766100956507121,2.2041945986480815,0.6831500537112847,0.6297424267092401,0.4592460728404985,-0.4178490249515117
0.6058626470043886,0.09799352587774855,-0.9383730131283788,-0.7446715164247159,-0.5930587993277365,0.8708227390917813
0.6019270935874655,-2.19388758155599,0.7770221327643907,0.8750593077732514,0.9631522682970931,-0.604405603783299
-0.14341045405649638,0.018099881416715185,0.7756823482677306,0.33078106672867696,-0.04226749864896039,0.20984341229247772
0.31769618532839244,0.7624322062081704,1.2723323201567458,0.769322416557412,0.4731272360429682,-0.44421327950614087
-0.6316801606022727,1.3296833182415877,-0.5389960884633206,-0.6576445250941109,-0.4827750410449611,0.5343884015154061
0.7252849426094411,-0.04120653134279872,-0.6503057408921891,-0.6008196453349937,-0.3465630762491815,0.7113347756040289
0.5022457483744333,-1.787405511797983,-0.9188712686525558,-0.6679233601253834,-0.5818169460455482,0.40347412683907574
0.516898708544972,1.2038198301887058,0.5982979757563014,0.7943557690182386,0.8634661758302984,-0.8357774174192116
0.20083186535346162,-1.0404027730046348,-0.4867335143152372,-0.43972741062900517,-0.3561871343946816,0.22694651656102582
1.2669237116675298,-1.9141240226794511,-0.7742777239308052,-0.590192035436014,-0.4613571770023008,0.5072908438189065
-1.4426277905974176,2.7362555490940905,0.6897462222010856,0.3410572930075456,0.32632193649295005,-0.3724355676588587
0.35637487296266185,0.5982289200338363,1.1605387584065678,0.7122972574184032,0.4510253290025364,-0.4012654349367788
2.736253662942069,-4.141138437876339,-5.7997408762304525,-3.755519115400843,-2.7696727541336976,2.122635345857005
-0.2981107537317045,0.6486881822057962,0.3585377932970962,0.2919769520920975,0.006128714840851427,0.006443125442760836
0.5646017390421361,1.854940543781975,0.02415151364733096,0.8489911803146716,0.6428081698753617,-0.6760830747774916
0.1112396758376328,0.29087218395793873,2.7018830544821086,2.224599676723573,1.947171182934781,-1.342303101617995
0.5403622933837738,-0.8679961608173772,-1.232218531188247,-1.2114899547263125,-1.0464627034679135,1.0070944035779161
1.3872720495405506,-2.6220774526610935,-1.7467261045311073,-1.2725237725382397,-0.8524148485952772,0.7794112829496985
1.2706021118231412,-2.2229757503930734,-1.0722997099744358,-0.6382293597814936,-0.3861014025035267,0.3744480809510493
1.2655597988442966,-2.672047595432382,-0.3270013797473275,-0.25433848638501744,-0.21918206979831595,0.14703733345536654
-0.6380846187300827,0.08055336330308879,-0.28111978165941154,-0.16960130875350846,-0.48388440202224564,0.5622875902083961
1.5384784059682284,-1.9503261728556878,-0.8854822853861619,-0.6171607782891774,-0.4647462139213202,0.4619847081709527
0.9465861332767668,-1.3941108730203042,-1.6442615065604091,-1.146102399221331,-0.8776377918258079,0.7135381023299174
1.7847515687077693,-2.0894214900608885,0.2419546093697367,0.1024420703407723,0.07747536062098456,-0.515046147235009
1.181327196584305,-0.13166689411455318,-0.490360958420068,-0.5863433089800429,-0.4080093460665889,0.6919232269504962
1.0394269266790888,-2.1021826032958857,-1.9613051518106772,-1.375186671324005,-1.0631246886751258,0.686240978064245
-0.714492307316127,0.5476854763905998,0.5193838537223423,0.4369294359284626,0.36634783467643695,-0.36000406359598014
-2.9912327271451464,6.655116797431794,4.073221632720682,3.8945746402267227,3.660958592607712,-3.2051802467148685
-1.32944178774785,0.816195935817423,-0.7176232453009551,-0.6458617202882228,-0.9441244712111282,0.8946540793996136
-1.4169322116510983,1.9618121304541516,-0.2831039030107396,-0.4966235031163322,-0.4107705241889462,0.22045111985954657
0.18967189117264502,-0.8415461328044643,-0.31778467359081586,-0.29653182996012356,-0.14683155695498465,0.08224310840091258
1.6220692864281645,-2.886290373860239,-2.697332692082173,-2.1541676279568405,-1.866618492549395,1.4735882988776807
-1.7326524790180486,1.9454988929403183,0.9669386344350046,0.6982669994491383,0.551133871236555,-0.44056271712781003
1.3351288574773783,-1.9655670235775802,-1.0330371446346984,-0.6628299675895455,-0.41167703147241846,0.4193665842462206
-0.7331175142875949,-0.44469136570356815,-0.46217389216441457,-0.3864938374517196,-0.7242369508511922,0.7023016732420718
-1.9369158797819879,3.3440159518829056,1.0239732799803734,0.5619800679478381,0.4394442634945061,-0.4221124619797691
-0.3277826055170217,1.5480335984903144,1.7891457408481732,1.4135511404207148,1.316055911648911,-1.2280926642032683
1.4046052544973886,-3.5753824161310397,-1.2247969500562168,-0.6439194630312526,-0.6033719985087754,0.9228324422635938
-1.557844186404446,1.575355135679734,0.17690678182208766,0.15075136201732872,0.07184532833633561,-0.10626870659716615
0.08996589289621278,1.1755671205806395,0.745860493142218,0.7707609831440504,0.6076224894769561,-0.5410496256443578
-0.10723662719537123,0.42976877951085257,1.605653465376328,0.9105110519075214,0.907144655702356,-0.6722006110205628
0.9768341613650215,-1.9735077147670823,-1.5269422443635232,-0.9344875019312929,-0.6086257545788736,0.3047363887392189
1.3316196707377534,-0.9947454781535362,-0.3402578921928888,-0.41858959569011434,-0.08744180294927197,0.18888560729486337
-0.31346744452543374,-0.12173824346999813,1.097495941928808,0.5267055833589216,0.25547014732522383,0.004949933282504232
-0.2564170605413722,1.1965033699694443,0.8455843937316022,0.7823373189510118,0.6116663964174972,-0.4869054596356638
0.6417149096138113,-1.5646897304073395,-1.9268911723529785,-1.4837269297559685,-1.383869778296337,1.0188511538568377
0.7029459629561144,-1.4980718389518497,-2.1368877229687633,-1.6629227450658508,-1.5498769356518947,1.2580108952190185
-1.8575153369145845,1.8391448285587118,1.4794536583855784,1.0477795805310268,0.8981885600854094,-0.6816093990981449
-0.1265098579790965,2.2473027204436553,0.11357971539311347,0.201837051865111,0.5269293308968614,-0.45358916108471614
-0.24594168029180338,1.126432965671199,1.236467330030225,0.9506024777432472,0.7916339304107187,-0.4925009054187701
1.2748615447617875,-3.0149368123640654,-1.925925348994608,-1.5101922041794507,-1.1930452571623336,1.1470110612511943
0.7054568482518428,-2.3089106128441004,-1.7749126047907178,-1.249637811097958,-1.1280938584896223,0.857465186258818
2.1124404061737345,-1.8001076743592779,-2.9204314361347383,-1.7727285767831078,-2.0700204146258585,1.0529511305990604
-0.9000342819597844,1.1421735477019124,-0.34734005307402854,-0.4781212269023109,-0.5398342799111726,0.5375242618808057
1.6624796088303861,-3.7156935547704624,-2.2321012953146893,-1.9504985077678092,-1.6203886755123411,1.81590798976362
-0.3349909538432168,-0.22620014683687065,0.32449888388192233,0.19671221866487873,0.05269850038520554,0.04099774107713501
1.9875594377868977,-1.6164560910559134,-1.4723068378698618,-0.7151378871120233,-0.9084712741553386,0.2188882093412453
-0.7308421156388338,1.7373066681844298,0.7780559294826226,0.6978879963091653,0.5868958605225919,-0.5356300942686938
-0.010800077638368391,0.4573893848484357,-0.10010201848448236,-0.07038619428007525,-0.1284702474196246,0.36506424356536143
1.129118532504056,-0.4058783989682369,-1.5854838393722,-1.145601917699404,-1.0923366465230702,1.0455063035786751
0.5283371042476099,-0.4202213381052028,0.5106953036905217,0.47566248124258165,0.8655781609499271,-0.6954806325315442
-0.513738758120646,0.021165325488967813,-0.14694292833912362,-0.054985566777613806,-0.32168412914108807,0.4326135465570473
-1.374622006713551,2.6511186633739663,1.0300117744682518,0.7817854665981306,0.7484392605975203,-0.6412809334575019
0.01731749454517516,0.8570467117741862,1.8887600520354222,0.9643505040076596,1.0151368923780195,-0.9515760389961512
-1.0987249881217995,0.6332223908603772,-0.5238792885343759,-0.3387689989832499,-0.5206623084144523,0.5017385857800376
-1.9372240517893562,2.716436733435368,2.57150265321358,1.9627815341798642,1.732366465652198,-1.2889436900256543
-0.10054093161632219,0.23488606414532928,1.4933361200934343,0.8074605262355669,0.7529828445051385,-0.4676445100539619
-0.24944274506491168,-1.6116221245757005,-1.8050536233697934,-1.3741051491235199,-1.494929595273844,1.5218384014880797
0.34281387841645616,0.7195998372844176,-0.7261510047883285,-0.4331394466913566,-0.3737470694855225,0.6115615709434862
-0.08466316425549304,0.21644304278623247,0.8100396770310071,0.5220637710429619,0.20678600922654153,0.02579455954714969
-0.4013890188036873,1.6948766772785389,1.1271495990101628,0.9239557888032672,0.7276534386261806,-0.4701823569973306
-1.910641941128357,4.714656775991816,3.473597222988241,2.816499562643414,2.9086252961947037,-2.8365460589812574
-1.4056539482969768,0.8902001031958524,-0.3991770171865969,-0.06507837853284347,-0.178355629249631,0.18152208236234224
-1.136855102399876,1.145220937974039,1.1029204655358074,0.8160941450713234,0.8301598259315388,-0.6176026041633365
1.0032799081246626,-1.9335085597869621,-1.2909901602136196,-0.6836582657889799,-0.3353078432408799,0.05146228627189932
0.14308798428731875,-0.7426764910056385,0.5149418657702566,0.20884336678504647,0.16019908148962345,0.038099148886354545
0.0891557378514331,-0.05613485458267557,0.34579915487548357,0.11195658947750477,-0.06972679771438486,0.3096037163803755
-0.19038009706464742,0.3875589634638995,0.5677287758205833,0.3447339833121717,0.011640491878920366,0.06905705511067428
0.35351023142870275,-1.7237089494186968,-2.9857273321748736,-2.590625587982208,-3.2181214551154493,3.165398052305586
-1.251712851500785,1.169550001726926,0.5070077716206447,0.4238712442224972,0.3879836002836328,-0.4090733907348727
0.9198597750245766,-3.062118302467805,-1.566681948220817,-1.0023508262726966,-0.9124667397619218,1.041271379938663
-0.16989420528318167,-0.9830388740279069,-0.0017858503076007195,-0.21601032191462288,-0.3667369414812145,0.4115186818686233
0.35873660125792556,-1.6097976931653555,-2.437015449881615,-2.0858058206214385,-2.3535342744234726,2.0744333447775767
1.1634449619936689,-0.8796397921336143,0.04277885944754463,-0.11355274139756631,0.30489674904741226,-0.11876719342725543
0.5794767544787646,-0.3043785569443076,-0.4299019439775703,-0.40035197717601795,-0.23364864622744994,0.40300173669384487
-0.7374605029077774,-0.17022145698465418,-0.036735045394996314,0.21960764341654862,0.28228809739430627,-0.24407960291697584
0.027914765905474766,-0.1789104835722111,1.2853810858227017,0.5744660138480502,0.39108134884700374,-0.048249357079633015
-1.5313751391609276,1.4279450729861964,1.2300825049711037,0.8554830597175967,0.7679359970189922,-0.5173749353214628
-0.42945624035278157,0.18475000913017892,0.6913799482361112,0.4106666911666629,0.17799080282108112,-0.0822112622997044
-0.3073955662197224,0.49725789549648086,0.6111874359726306,0.4302230567905272,0.16805718862562044,-0.10214564277120074
0.5987116096841688,-0.9815232972815549,0.34964220593870216,0.30003488516706145,0.6742950274807656,-0.6212336844330765
-2.538291155752839,5.78226578306883,5.134145169345595,4.338330626757741,3.9814218112493647,-3.1628600763085206
-0.025411912459762518,-0.4089918061241438,-0.3048632929131337,-0.3041380526606898,-0.23676102309642336,0.21342951579946084
-1.0210057260690704,1.258712364504028,2.2670035172817897,1.6138832992102052,1.625120601676927,-1.0996403974411733
1.1552352286358811,-1.3171555868640075,-0.9713602484422267,-0.7818007297666251,-0.401708264438397,0.35832966547715733
0.6484583156161874,-2.3497742954841527,-0.9972859540400847,-0.6155129424118998,-0.4798517890749811,0.4690549529758051
0.4966540585500759,-0.5003050608464397,-0.36089862820413926,-0.2993565218368292,-0.1671516544709038,0.2529483809366947
-0.6314837036937142,-0.29641528295468156,1.20301769811865,0.5309633587921029,0.2990762979340059,0.06452383067789283
-0.9036658132765771,1.8634267395702675,1.7324896760535087,1.3804394190267253,1.3591584253340765,-1.1284876217475437
-0.5214191247417167,-1.0778421799060687,-1.614118041526642,-1.0573398920551784,-0.9401491920906866,0.9028560568097868
0.4945414766918095,0.8391061980443106,0.7552353381169484,0.7717144306138709,0.8116411010844395,-0.8028816038282427
-0.6567210691544814,-1.0010259814994211,-0.737168312975027,-0.9269116410098166,-1.6400768753105137,1.732004282644636
-0.07763320905801571,1.6959687361585762,0.3158942847748312,0.35946666593696447,0.4685872499892951,-0.4887228817695535
0.23215048906255722,-2.1006617029509673,-1.6744522456180555,-1.3285438649225305,-1.552963488329288,1.610090105054356
0.44598903672715934,0.19270122264615014,0.10433239233898706,0.19188382006720456,0.3983686808207037,-0.06382830075598216
-0.41988485819313026,1.165070413576166,0.6746794060947268,0.6549196996588162,0.5242335908839514,-0.48566156152187645
-0.9816258447116627,2.030064733271283,0.6834751606922169,0.5946693626218856,0.5159576897221496,-0.5272368061272596
0.9412089759856748,-3.1079052572230994,-2.501678052438037,-2.077425077261375,-1.976440434185935,1.721822640773197
-0.9850134382270135,1.9744939334622247,3.015434726861744,2.296581835762924,2.311290230119394,-1.9833255261731921
0.34398815587201426,-1.4855742033768016,-1.9238214440222616,-1.651910526558344,-1.7866516987542305,1.4777980459580824
-0.7115861202395483,2.809332842329031,1.0837545652316678,0.8680445521039715,0.6426387588653867,-0.5084754163180039
2.0738682614580695,-2.6793729661802534,-2.5209169717640014,-1.8202861412127338,-1.8551097777074084,1.0937771368444684
-2.2671166323660246,3.0593514904181727,2.5317443447357366,2.120623417717496,1.813070928164451,-1.3524840289168107
-0.7619599913761319,0.6678850754300024,1.0765603826411205,0.8624796864350237,0.8435888537972223,-0.6039415943084564
-0.07351585672293695,0.3060960277193835,-0.5876155893921328,-0.48608238961152933,-0.45909553073598675,0.42632910717213957
-0.8828859640341806,1.5799726573647765,0.8041873761408845,0.6824303081171311,0.6205539954363881,-0.5777979946149184
-1.5152961588730771,-0.12708253850301177,-0.3094986297084669,0.1330120483228834,-0.3057648916228684,0.859355220700862
-0.7071965757708584,1.1992712957724634,1.974294401957916,1.4693060600742014,1.4805685930494241,-1.1680069710461853
1.5472384056181012,-2.2973706164527306,-1.3170825774422084,-0.8587705158522315,-0.5449632671147249,0.602416296439499
-0.14413374598725592,-0.32519169798818554,-0.37962154519720764,-0.3952270630433348,-0.4499791305502831,0.4050794800269786
0.16210700511923595,0.3017895664682567,1.5949273646407787,0.7249798835683519,0.661534789053154,-0.49324201209902474
-0.6349347658912814,1.22710436919237,0.506452150387292,0.40534931723341977,0.2806450465653076,-0.3311480927513005
-1.3646034764439663,3.208264999041784,0.9253099180113005,0.5530469163010403,0.5290029114208943,-0.5373859949676851
2.2655607380769065,-3.3263475082183747,-2.4892807069319134,-1.9355940154887323,-1.8438763176988862,1.3116005942130944
-0.20195975030974914,0.7796276369628454,-0.2742552543358868,-0.26750464286602044,-0.275374292438206,0.35814283056933743
-0.2034084749310095,-0.044543367442401866,0.3208741734571065,0.18158401841064642,-0.07500218634256169,0.16856494191583044
-0.5997536792781893,0.8181272954251725,-1.1402163003672527,-1.0625357822586905,-1.215207815061347,1.0690153287456745
-0.05151398531333584,0.6876722904547107,-0.31823794672096994,-0.32474621012288774,-0.3394187866646985,0.4455788642740846
-1.6484716175041447,1.2842363677462725,1.402765664916015,0.975866669924917,0.869371629310159,-0.5891737187973946
0.321588230210331,-0.930070054181231,0.026426501931250956,-0.014875345107461697,0.2452056276049537,-0.1719549408701473
-1.1042528488849792,0.9112304316784124,0.7949562861090202,0.5933098601222668,0.558900700088697,-0.5009546732408244
-0.27701360128284186,2.0731012204639434,0.6395588750880382,0.6536314359607676,0.5042924821339293,-0.4522612952977305
-0.022482188828940465,0.5936127280745256,-0.8312841166678102,-0.6803416264225696,-0.7034123649104927,0.5672507666469286
-0.20859688519081207,1.1728069692211165,0.3734973202877991,0.3578141993424706,0.19990901965580465,-0.21503467416739386
-1.2384121768673408,1.743335803085961,1.4763780932191675,1.094292193999516,1.1057490338014977,-0.8959343283339563
-0.2306904986401407,0.3494843040765748,0.2998122218901616,0.2110398688383684,-0.14361305314470738,0.2702320188110694
-0.45631852889548763,0.3551155245108827,1.809368963461576,0.9660267978986098,1.0191639832760049,-0.4631750213717025
-0.22268675790833503,1.4598223383167508,2.3697923801129925,1.7179267479800084,1.762089045925,-1.8053964984050968
0.9389817561918847,0.23981799849390353,-0.4000312535689526,-0.3750790714445326,-0.32071030250481064,0.6343879410817511
0.9336570630314601,0.2867817047229828,1.6513665492470908,2.002225549691087,1.5441197596589018,-0.8621560012882031
-1.1384380733856527,1.036888423418385,-0.3917650769502759,-0.2838117613645911,-0.2882978869321321,0.18649274623747275
-0.009118555106092788,-0.06322703366730004,-0.9534581432406877,-0.7527523784710305,-0.8507543543362573,0.6553972242158703
1.0304431423666138,-2.0634351041645314,-0.8051928989702734,-0.5298534191932885,-0.39760412647184923,0.2992143922422167
-0.8765215958361389,0.9126183272714321,0.6818830403176415,0.49970493457329973,0.44460655357454976,-0.4108605143081539
1.8023712226889574,-2.9727610147881705,-2.8066365303111307,-2.1810234755396314,-1.982542588896495,1.474568572068628
-0.10015136537585786,0.955368073031182,0.7940272540023676,0.8136895378104433,0.5530863165221548,-0.44876258796762436
1.4105543692406306,-2.1920755700116707,-3.174174250333014,-2.160246064434005,-2.1160983315307234,1.4782061640347648
0.8430238879082977,-0.5173322793853886,-0.2939485749768303,-0.41167150617348774,-0.10621852005000887,0.44881209111050746
-0.17888252116813344,-0.3835286053088584,0.5387709849153963,0.1938988898532415,-0.004933986263100432,0.16232031199884261
-0.25168826762818325,0.9096722957515703,-0.43010427925647116,-0.5504936214760295,-0.4824317353905975,0.4220940765283064
1.3239792469306453,-2.4307455008993846,0.1565641262205531,0.0009977011359519963,-0.03229021479731865,-0.2390052986013475
-0.6306242570947098,1.7534652242401851,3.216838406910497,2.588838312462563,2.634883281096143,-2.571825181297125
1.5177521542804384,-2.449403516513671,-1.8307849227955701,-1.3226474412575984,-0.9812032216421375,0.8518399924725797
-0.3642503115646314,-0.2638876633892211,0.8233882500825671,0.34850533888524066,0.13140310904431957,0.038142498308024214
-1.2590573281639945,1.5271117331195914,-0.06533700058483538,-0.14339788984364418,-0.08312626040451965,-0.11830497791321813
0.13831686473590293,-1.0174637010442482,-0.4907500893540607,-0.4533591934109451,-0.36569062762951376,0.23032521695709512
1.0469500881448057,-0.5211598968635599,-0.3244439666774271,-0.5628028869288701,-0.17099458205680912,0.622797640241744
2.025590700462052,-2.659908703444427,-1.7536286509616803,-1.2206155874859643,-1.1792591241817159,0.9766446447406075
-0.1999308577114789,-0.01260645114892246,1.076857416422629,0.6220975721707126,0.36835663750277464,-0.06756999273090193
-1.3969294282682396,1.6777623591272186,0.32833524037387757,0.20267987646529795,0.1892899864164819,-0.28145561849932543
-0.34537784832680557,0.825884745879823,0.047924005458592635,0.06578284201199483,-0.05254379873437798,0.10212277537254642
-0.6006732154454354,2.1069640584195892,2.163615924945682,1.7393001251342959,1.6801583256525583,-1.637242056089559
0.5067824097858182,-0.5330424649672797,0.8719420596205678,0.7047736279470467,0.8781396141687603,-1.0141575558058673
-0.18040852921834272,-1.6817687234698635,-0.19763105966246236,-0.530923741782586,-0.6138243661683944,0.7947743080496147
0.858594598902133,-0.8105237490016426,-1.508294649005625,-1.220367481110239,-0.9628258773578393,1.0312930709031711
-0.3560257548179181,-0.3211040542825389,-0.1250543601780368,-0.1942644277099716,-0.4504896915216291,0.5165844766723452
1.304681944937326,-0.39436899631560074,-0.7865274122922155,-0.5164189144837618,-0.16332591381948186,0.19314140423867127
1.4767457929700485,-1.2813428278597587,0.7784133665607509,0.9932390697801416,1.3167587292836183,-1.7577383135344609
-1.7879599071032246,2.6230954669014603,0.6324262922360337,0.27325616797574903,0.16783369209916593,-0.2692277798049299
-2.269024482799328,2.6097455096440636,0.4037385986913004,0.028174819585243416,-0.13080215483156438,0.06996561458947452
0.9562552033547045,-1.8441984204757969,-1.239130018898073,-0.6630960831384953,-0.3314711288666121,0.020419005336421527
0.7471479374879191,-1.826104135173767,-3.557351566836162,-2.898830986453083,-3.3647389707335873,3.3996203117061046
-0.304800708122161,-1.0191048980462531,0.5871150608853977,0.1595434676745999,0.18166979293943572,0.08428062653703522
-0.7393464028809151,2.536962649627275,3.0526115101009332,2.577108291363924,2.6855695126848724,-2.751411678333949
0.15019793702474923,-0.9129881977024131,0.39142088771324973,0.18454852017001225,0.28172603710644606,-0.0760322772370746
-0.7419085330826687,1.2079866554411292,0.9415551557711723,0.7748490350738562,0.7150304032749016,-0.5674062194390836
-0.47671033612170083,1.4616189617745385,1.441752324760569,1.1227290000495096,1.0066401878306845,-0.7399138626246786
-0.9932993239982555,1.4243424612512037,-0.41409969651025513,-0.6317630520148648,-0.6631255662163476,0.7245221372578255
-1.1806285780797527,1.8315394454609553,0.3604710899193425,0.14634974022662792,0.129949409065899,-0.3281369119889376
-0.5964157589668795,2.310664215513441,0.6718983701503692,0.5883341604666851,0.42351116136772504,-0.3951952251640867
1.1403508905492012,-0.7851192166202292,-0.5124450544213791,-0.6261825287326728,-0.11601009341509254,0.3623990127840587
-0.8900566559985976,0.3952419438398349,-0.0830488404869389,0.1717553777777588,0.13285806334987488,-0.1757698957931192
-0.7031538598664294,0.45837776154850873,-0.09444124613103991,0.09413251892642108,-0.07357297792131322,0.06427511414687176
-1.8352135217850827,3.7717599890175784,1.8374454627250056,1.5804431203189655,1.5012222777421587,-1.4459014294128882
1.0468653510916637,-0.6541556573854737,-2.01595840413126,-1.549360142852004,-1.4979130013304904,1.416768401254923
-2.351033446271059,3.51992275036963,2.2120792922376005,1.9006443614922184,1.6604099859600203,-1.493553494368419
-2.1827654043153193,3.3113952517410423,2.359858523351598,1.972601855519837,1.7727207901718858,-1.5768705699029522
0.10148006833104631,-0.3924322136214637,-0.10964874186347201,-0.120625502268935,0.029488599245755646,0.045993782027989046
-0.2986180097762081,-0.05785317529732034,-0.03231517436475661,-0.047051973055245555,-0.25180729267949004,0.4047745600959256
1.1346554608965636,-0.10557280154912978,-0.9202552745486967,-0.5886276987301062,-0.42397292361792294,0.5513492719816528
1.5028889167571247,-0.2909811253030542,0.015978755547505524,-0.15734620015583942,-0.04277511296178625,-0.03297252057238678
-0.4059154171426868,0.5702177053016775,1.012761571139172,0.8195207995680824,0.7073154251024532,-0.5064386002991658
0.5266855005370149,-2.4097791678007088,-1.4780485795901173,-0.864956791753744,-0.8438212407182457,0.8505511540555424
0.9553693364560325,-0.6101897755736706,-0.08281052718778252,-0.23596863585054556,0.11381377635996676,0.23965870375915815
1.551127401235681,-2.4432443991924773,-1.3425015028353562,-0.908685599001865,-0.5572722867277594,0.6857151096530192
0.09392713634325944,-0.2677515552666121,0.6557649512227411,0.16773461933861858,-0.19972843662720915,0.39121064438159814
-2.109787426629339,3.068219849986663,1.1696111525298671,0.7792814293609136,0.5744247524558916,-0.467238881881066
-1.8037685074051,1.3101148421393132,1.5447714520347,1.0618516748411018,0.8821279998249842,-0.4975665864659107
-0.3586113906984422,-0.18289326880202175,1.6767508829649218,1.0512370551184025,0.8699274101392683,-0.27890070194886535
0.14784606310285808,-1.5916070600191448,-2.5971488798195006,-2.366712986899955,-2.99733715955113,2.90847310908044
0.22559665546624255,2.4667869251147065,2.259462752725564,1.7809692936667594,1.8117189365619546,-2.576701756582929
-1.1849659581829886,2.853944942823313,-0.07384975470109492,-0.2994288457412271,-0.524268615421257,0.4930754156111405
-0.3858633885454662,0.6902301815912383,0.7368992506120223,0.6375246696167169,0.46735974765490124,-0.3674662832277349
0.06295154740356297,-1.8798262133765604,-0.33287766856654605,-0.5480583527069424,-0.5020372232553283,0.6838297246913903
-0.8351321995119511,0.3535018075727021,-0.6770947511717047,-0.6687649616154462,-0.9992396127042866,0.9076202596125696
0.09095521248813333,0.10672798077757956,0.34226565294323275,0.10349645616944836,-0.12468074764458524,0.3599098208394221
0.32412783599869227,0.013324498473042488,0.8073204323139184,0.6192354775694404,0.4042357260068907,-0.28613806418026577
0.5671390744003811,-1.1304178335925024,-0.3132795908074695,-0.35242792086546637,-0.16988295476085308,0.19219160759116483
-1.9341038111901505,4.029662636303323,2.416982018259981,1.7702045991214943,1.549250114781969,-1.4481968000046177
0.14676699185756087,-1.180688223259356,0.574335894603992,0.36700868147636334,0.5669485977108054,-0.46917269197502687
-0.33257726898572476,1.8211565320091176,0.2709933827478383,0.16818648431203168,0.1980966023394344,-0.307675574226665
0.3774637138865445,-0.9838019547242205,-0.30196139805036254,-0.25735557507346213,-0.12536053494426921,0.08992160511251657
-0.9749047131656117,0.8313808671337085,-1.6975242815196216,-1.139928213726579,-1.2995126324112545,0.9962455921000707
0.08708682782627129,-0.8795140479197042,-0.7979069319359816,-0.702648036173919,-0.7250508891802329,0.518097468272018
0.5396385530526772,-0.24249978466022915,-2.1846644392494206,-2.295907544929294,-2.3348666522216566,2.7563386315616842
-0.3535618788179426,-0.20421036500153525,0.45872286240806287,0.24515475099967093,0.07567785357134006,0.03416842942265743
-1.6449245503778689,5.271452511119688,1.6922015465937272,1.0813355452401032,0.915583016986353,-0.8873425259532145
0.8341425810827943,-2.337257927494563,-1.3741023552387535,-0.6609803113952921,-0.3710267241481041,0.11823638378484705
