input_0,input_1,input_2,input_3,input_4,input_5,input_6,input_7,input_8,output_0,output_1,output_2
1.6235921682602314,-0.7785571849576366,-0.9475532520421139,0.2093161777509955,0.7695234354942361,-1.934576144063336,-3.8167158009094035,5.463895600127719,7.718359734154543,-0.0037993087427787425,5.057238677912067,-8.269740991853153
-0.5037278788065365,0.4980756550001836,0.2352953993242872,0.6253414061082699,0.6881670982718056,1.170484078995095,3.4672058724526122,-4.080336765892493,-5.675712514456765,-0.2757310872327088,-3.3990426805624847,4.7577295102642125
-1.8908768220861765,-0.345230994634687,-0.005951545491157562,0.12803758704772655,-0.6298821068203915,3.754017826080276,2.2618833048045914,-3.4928015985182808,-3.55092158623161,-0.9193805422624673,-2.4732184346150072,4.476996127672873
1.2088859412353468,-0.714412849705369,1.0767059958255083,-0.22314294186357972,0.2757304859054233,-3.012338058012906,-3.986171176942564,4.401848857197931,6.717036275673692,1.0668605403132536,2.397330529755465,-6.614980977395737
-0.3026823915271166,-0.4506874871848265,0.3582022868094758,1.3599164906703356,-0.8209325490981189,-0.42674392558190677,-1.0898535293610967,1.9254913978628445,0.6125019749038202,0.5357410776089612,1.3156548619884214,0.4355255247766504
-0.46787866399780265,0.2348190596947896,1.2528492471238923,0.14268126004464046,-1.4217280991889023,1.1497707585690198,1.6089758014897424,-3.864971203238145,-6.5379305039230315,-0.2653734830552338,-3.9497847717561574,7.864435021407625
0.8486819931746973,-1.3943595952610928,1.1609409623711107,0.8159494972199923,0.5256486202835821,-0.8018127221448128,-1.2910425933730747,-0.437862594043801,-1.8274041362417477,-0.18893556100150152,-1.229947288542431,1.3290945176903814
0.40495798682397854,0.36223423957637874,0.7183187796771952,0.4211686539252614,1.7406129076921082,0.3198226429681546,1.2723736420200136,-2.314115980064993,-4.824733495908617,-0.41063185056344853,-2.340011642825685,2.5261678593106214
-0.5334125701843548,-1.5647829465756642,0.24465520796658982,-1.6577645887074237,0.02484939979340453,-0.6856896212356978,-1.6317717583290576,-0.14261165887307908,2.826876973009573,0.7560205624100391,-0.19282458809712594,-2.5710586561841855
1.2401302831278842,-0.44893239820889097,1.4009467090323064,0.3147349399745977,-0.4573165152066507,-3.4283991126148488,-2.86286333532855,3.2527842345235665,2.967048180722881,1.259888633039757,0.9900123497222029,-2.3372345237797463
0.15673651378161244,0.44368810694782723,1.3889685479277083,-0.18111459746464276,-0.8015151523514448,1.1907457960002283,1.7034592538133995,-3.991089552344534,-5.209758597141572,-0.9436816082582877,-4.274395405690094,5.998665382700588
-0.5809382879521163,0.4619887550114615,-0.603255664704199,1.1381350134047137,-0.743661146413225,0.3003863829907742,0.5202837585348171,0.16451379908957908,1.1899460941481288,0.30109387799910425,0.7852947549323644,-0.25819112822497337
-0.39891989984016774,0.08887429731061688,-0.0842645057477455,0.8854033825548554,0.4787052824513316,-1.3895068672897748,-0.6601167265906512,0.3761810477043137,-1.4129516758498788,1.0809784875051103,0.40359971868226485,0.7219773851636981
-0.355234445597129,0.3871602604271162,0.12195655068743153,0.13445109117903528,-1.7992473688832842,2.4305537398725616,3.215297493263157,-3.539265205953059,-5.787254382472449,-1.1650200120777168,-2.880838299404342,7.521421703822456
1.349839729953841,-0.32076987935411033,1.6047555028378269,0.13017373650067177,-2.5380241446112506,-2.273625122189513,-3.509681471511942,3.636393920397044,4.417128958081244,0.40945375581999965,1.3546368503302686,-0.8416635561570504
0.36734934184836765,1.0289129815445563,-1.2695746877129552,-0.17447867330695102,0.5391200858272915,-0.455790642880974,0.5118990766698766,2.3441734276216675,3.5256952043154706,0.11125828706762482,2.708818842216102,-4.1170637400041405
1.0711813961581962,-1.2048441907629577,-0.27588769396999063,0.2757926345350311,-0.0001882070673964809,-3.0716404406296958,-3.04213214451168,4.139355918005695,4.290876643898608,1.3120907382074192,3.292588858708219,-4.367476995098209
-0.7653197288195102,0.20544617512423102,0.3440663577951842,-0.16739849761365944,-0.45066203272939015,2.1323663530390093,2.501589172661035,-3.865632098845684,-7.913876925810882,-0.6920529640951824,-3.3733474127330294,7.865440571716005
-0.0027859227747615706,0.5086122285080115,-1.368556181253408,-0.689802818704056,0.28007986347514097,0.12285004256167689,-0.13310705173272747,0.7072006464285788,4.290230245071387,0.15017809565388396,1.6879121745775922,-4.385891490505001
-0.7309023454690409,0.09121722317666328,-2.1623023766904765,-2.278888628144758,-0.8455014650880512,-0.4363033893316604,0.07971734553178447,-1.1796061463868754,-0.10115469405591467,0.7813621462379804,0.8812975569245922,0.8874475563244489
1.8618672102548366,-0.2811035641814837,1.3862768761440307,-0.8222520473236167,0.7780769966844525,-1.5254613077357493,-1.6780877695103205,-0.6313084680825654,-1.0494698592096448,-0.3317943281135117,-1.722820649129499,-0.2610936357970569
-1.5167870498166114,0.3727460268262893,1.1508827746128638,-0.8766681223020864,-0.006133399171792486,5.122443560428134,5.626441832465053,-9.551296752420832,-10.415178445992076,-2.2410811057051396,-8.25993994973099,10.479669834263703
0.7690122968843932,-1.484083149792998,-0.035634549335434175,-0.3685413030590926,-0.9840797889009735,-4.290191216619681,-2.9809660444830923,3.511307617791231,4.493804010193204,2.160926384455496,2.53599368912891,-3.338306997006071
0.7147687547832396,-0.6854607096145519,-1.7254868120398927,-0.39978010801619307,-0.6286354874188604,-0.8203683899537271,-2.1336723270666202,4.825098215954859,7.217542795370476,0.08496324201800931,5.129294059877844,-6.215216253150102
1.2951114819653569,0.7872158908483995,-0.7975341901408441,-0.08823106653162785,0.6932753567285602,-1.1147625808018498,0.39586147413891193,0.7167338058572265,0.6895368043427118,-0.36219789967183547,1.2717524373204414,-1.6016801913814567
1.3131337070093503,0.9006707398882887,-0.5478125175905314,-0.1595558017070868,1.3955807141109033,-0.9537503979186497,-1.702998672093143,1.3558758749849977,1.4059491889259303,-0.5597821032583993,1.7038413847569345,-3.2385870275341286
-1.3722011398206981,1.3163418183826314,1.7536869223435607,0.49844055301235773,-0.28471894555296273,2.3023722276806016,1.7915145721773544,-4.712430343242868,-5.701700057486363,-0.4327660304233313,-5.067161530976809,5.84638158085831
0.8371612398983215,1.493883390542453,-0.45374833464196257,-0.9453333381354488,0.6973661671442329,-2.7231072347957412,-0.6900903621063194,0.612007505342525,0.10745392429956768,0.9103590204981832,0.7822649952972098,-0.7856764853379973
1.803158479156374,0.1316703609158221,-2.943194473084103,0.2360314396309419,2.772323544587461,-2.863607679484933,-3.2889073266294373,8.810792560153038,10.501286744148375,0.5120058555621247,8.985744391551401,-13.492745042668169
-0.26400835679440715,-0.7364658242747596,0.059055131876543765,-0.4499157776548201,-0.36553281081904315,-1.0936179872405887,-1.9889876912229156,1.6423780980120892,2.7422930528588214,0.9110868940034432,1.1873025589617905,-2.2990011685432195
-0.6296201497539932,-0.5275090070311749,-0.4675655403820705,-0.6917107786123714,-1.3903837729263948,0.7591484791065083,0.253936356477438,0.7335409760863798,2.0740696855270633,-0.01718866038547895,0.9012818163563734,-0.2976008641211443
-0.27479535931629195,-1.89087500679518,0.38406857162285246,-1.3350029588473546,-0.6663076712690232,-3.3889679038189024,-4.187706052966675,2.3301999788149774,4.272769384074468,2.311575797005499,1.2756353595318748,-3.455651065255853
-0.2535831381974716,-0.252496559018047,-0.33127055575246656,-2.8140276618705413,-0.07307600217733566,1.7310050661519976,-0.3278192507246964,-0.5854036257392488,2.258132762361235,-0.5868669910041183,-0.07101065458171306,-1.9871202182333325
-0.7727774428865749,-0.017722349466291074,0.28875019178601186,-0.5504627671696013,0.4436923402619474,-0.7417921481510186,-0.7342519034766045,0.3180581744264011,0.57007209352945,0.9969402619505406,-0.05698950592761057,-1.0526928343689377
0.7310052737398205,0.9975297888020772,-0.014428304293138655,-1.9443121983572245,0.25244235214986,-0.3771658810601862,-0.3255659846976621,-0.9120131533162561,1.4007536562092575,-0.3570882389143517,-0.5703048147939662,-1.6530929746663137
-0.557156693112935,-0.6639437634233464,1.0688685132799984,0.2758514530813211,0.6016352888407259,0.6140218761040691,0.5835430190811115,-0.554419879978128,0.5726322251916136,0.06118452805583411,-1.211892343947038,-1.181437518870404
0.33813664376270525,0.8670924811856693,0.7757307768311268,0.9515078965975803,-1.1767550216752254,-1.041402749213096,-0.45151300550884493,-0.3678492932340151,-2.126344864581245,0.3924992983111054,-0.8742940617525036,3.355913136250899
1.3212187575548848,0.57412315777412,0.23089602051353297,-2.17549724067008,0.20137446074370752,-0.5475814074861719,0.7520446837125687,-4.67982724549456,-4.355838630632628,-0.6673028240819366,-4.011088310655913,3.8907151163840146
-2.2644017178780236,0.5646376911185726,2.216148869931556,1.2887113811540956,1.0469845906702575,4.281035941947405,5.798951115860572,-8.675672067821855,-10.963519526207428,-1.2656534569639697,-8.500131952260578,9.602839118952005
-0.4855626049017997,0.7474899244821576,-1.322482114268936,0.5507180706028756,1.6762044850562077,1.2084443665573108,0.554742430626156,1.480964025695823,0.19316240409539712,-0.467655169931785,2.444027672279136,-2.274856330330223
0.023113532355244742,0.5158285746954947,0.1297283903855727,1.1931015258166056,1.102410228940578,1.3317867294318262,2.220327160923682,-0.02438374658814935,-1.139240783971087,-0.8021495364522028,-0.12520458318380379,-0.27275144893468783
-0.09314852960257039,0.7434555144994298,-0.4725130062939235,-0.0398139291844567,-1.5585220564415156,-0.3152613629367141,0.5270779596531059,-1.332692032861044,-1.9630220260129374,0.21273812550824306,-0.5916896459879769,3.618478351147686
-0.23317625548960352,-1.9904040744366185,0.47171175595178355,0.5172386675216732,-0.4047404383491589,-0.9301185922479487,-3.78588842932677,4.318222727003229,5.721369520322141,0.8931810018597054,3.0157970153564686,-5.041185969187841
-0.2195697746450023,0.407858626247164,-1.2454395339008673,-0.2200996655669796,-0.7991856395443478,-0.20295384307031034,-0.45733286884578633,2.940008014400017,3.5218284417178096,0.43680493571121504,3.1371165505454086,-2.492536519226518
0.6717998179699695,-0.10558445835619493,-0.4719858212524524,0.6301346092055288,0.664146448910807,0.1815953362228772,-1.4331721191955709,3.338924906054957,4.849205956397651,-0.5303385722839729,2.9926396514848745,-5.2647202385243554
-0.5281057584797753,0.9245250813959602,0.013619088713986607,0.10458470003884593,0.7548629408711447,0.3826594372918635,-0.1707533157919237,0.596455593372988,0.7953027613853064,0.20730896217068634,0.4762990831056942,-1.7164718511504122
-1.996746959730377,-0.19006959496680295,-0.24632619135321338,0.9370790031845901,0.2961603131728486,4.1881562862737285,1.1194854017849165,-0.7188355340547266,-1.7602094933851526,-1.0714160107196116,-0.10819566516190397,1.5102236283474297
-0.2579445597219808,0.12055793980304605,1.011279526985165,-0.5208747788209666,0.36724823299232673,-0.6013650815756411,0.36083461568546704,-1.7705438368509605,-3.6419529454842894,0.5512626118061315,-2.3027979605642463,3.151364114534104
0.34302873214183716,0.37689479015817196,-1.0173240574612703,0.048880340171526426,0.6946014835857566,0.4158997098622669,0.6250691066366867,0.9105292416423175,0.5803226423194157,-0.598652818641589,1.6098224712419873,-1.456806553241451
1.8052656765539168,-0.5809351888173494,-0.7232349508875445,-0.42262421311265497,-0.7928479186917172,-1.8822477872760708,-3.9069826501817113,4.474699410167352,6.360674231348266,-0.3557750206327609,4.176568585975033,-5.198873802642842
0.41584865001273874,-0.18503498234040403,0.3375763852352565,1.2537320399770389,-0.8517718902959905,-1.0344644182675078,-1.349963802843415,4.258936098783321,4.64819229427683,0.332133248076691,2.9113036122385547,-3.4315995009184377
-1.975938443273286,-1.2645120826131167,-0.48534790620580265,0.6759219589208093,-0.348602692268115,2.7983875871551875,2.193118624348252,-2.740115801174652,-5.591504955996963,-0.33062645173863736,-1.6862200915718453,5.653006871767005
0.16120433603291062,0.8662007989395635,-0.7863569690922596,1.786461543894134,0.0689605903562868,1.3047126261694515,-0.38283511097382716,4.842198303152866,5.31110588819199,-1.0506628751474087,4.337816263831633,-4.862871450230223
-0.23871622981416654,2.01093435432604,0.8675497981313735,-0.6070542647363143,0.793590956237865,1.4707527654800918,3.439778256496965,-3.852342226649576,-2.7661538454621715,-0.7678099617873511,-3.7590968440002706,2.031012567970106
0.3239834966360732,0.28519672642340305,-0.052778007778651874,0.0031092313978075036,-0.5765829699834637,-0.3358462481753732,-2.4241151204516598,4.430986990950741,4.964399861516877,-0.06374822539832295,3.368587189471591,-4.233589440605923
-0.0559003170184694,-0.4666436457688098,2.3600794346638567,0.5337423660864178,-0.8571554498820272,-0.5738186357704146,-1.2021603144643724,-0.8865065427305044,0.15701013714130288,0.3496321758139004,-2.5563005711154867,1.1914824999397842
-1.4663639024423802,2.1958604068862964,-0.08853995672658602,-0.911678327817118,0.5906939751656534,1.050585837253885,3.244530636169391,-5.334674497168398,-5.53140359196912,0.3692200771906806,-3.93944071217972,4.706700283534874
0.8865289663963348,-1.299336022294053,0.34992140669592864,-0.7436605419299744,-0.47495020021927253,-2.951219482905265,-3.7839779653293273,2.800466999995069,2.9140387472626585,1.300092710119521,1.5773118197413494,-2.536742991973611
-0.9929380764459674,0.7551045153749836,0.07949054845736145,-0.7349767992784717,-0.8732065052064596,1.1010988361258214,2.3134377271593847,-3.7059419631278554,-4.41044412495576,0.06792350008305845,-2.9139625176941677,5.272320239046433
-1.456040716756942,0.37670418523533683,1.7954497671765641,1.2706505162924346,-0.6677580051646399,1.8065849510951053,2.3106940205523605,-3.2109860868423477,-5.860600825636988,0.0034653630978573255,-4.001910485321096,6.370048568415229
-0.2753081057154678,-0.9338494115463111,-1.468258526692895,0.7391087577427646,0.19179063196183974,-1.0250877007969736,-2.6404695327600463,5.441930905952593,6.964206680570602,1.1438483177067382,5.360834910204926,-7.020411878855512
0.5873987697628938,-1.626721762393823,-0.6027393039707049,0.6650681041156635,-0.07516893866229643,-2.1109960658194353,-3.0676092811698195,5.449822546456303,7.083535821263021,1.06032737719248,4.676295334976522,-6.763183512620331
-0.6565398913845633,0.6243002905547843,0.5524619971161827,2.2262752250109807,-0.38345261403771574,1.3583912446736204,1.6443407448444192,-1.3196000128059064,-2.6180594657544085,-0.30740398663148216,-1.3995508433618886,3.1323893538702414
-1.605922442917001,-0.9901839246128696,-1.1604555737751834,-1.6178806835074167,-0.031871544247924107,1.0681845396012029,1.323497193958624,-1.8449415342633033,-0.7669086872179801,0.3269327246820052,-0.3929194731689938,0.7552738125044317
0.046986032177406906,-1.9316131806932573,-1.1326536823011173,1.6949192588921427,-0.5064275198115755,-1.622572508981747,-4.075409315775614,7.291363432510026,7.487705809981762,1.1509065622427315,6.497105173466207,-6.906060033722482
-0.5044559598077001,0.8641913820429926,0.4282721511110483,0.6891986211832605,-1.6688512681536452,-0.2036029012025729,0.7433719904303299,-0.38717002641316955,-0.8854370282824531,0.4685113032941236,-0.6213568178619707,2.9170620453528726
-0.20614739891810238,0.1161941415997271,-0.9632109605048245,-0.9881856257018213,-0.866732429866405,0.9909590289022946,1.317836674216118,-3.462247196167074,-3.279786304109903,-0.445724088486944,-1.7675699045846367,4.268006763120399
1.485338714123515,-0.2990887770793816,-2.838362532528618,-0.1555811474347417,0.4543011255797073,0.005017333757648304,-0.5210810305944148,1.3894594936712128,0.7916316375617551,-1.5306778580774587,3.7187448362609463,-1.7926668271681394
0.8622674872059232,-0.20779461523744067,-0.7812156778165735,0.15533335011177085,0.5855720382385027,-0.3009720610945648,-0.8669476401052628,0.2218860532978107,-0.30148303072920335,-0.635450891766349,0.8287534298604415,-0.5007679877012837
0.34531351921991216,0.3237577983766915,1.356437500451712,-0.8811829917602197,-0.7218205990033755,-2.2035418939817495,-3.4031010886807245,3.3308993269210405,7.136029030523873,1.2939725579345893,1.3687067719748947,-5.8625431645295745
-1.4561172388225292,0.29161115085060163,-1.5012470106113207,2.3041570558885236,-0.8334249879295733,1.848089876809732,2.7178867947350667,1.8677237888190747,-0.974076082529865,0.10593265350114112,2.373548263623594,1.8026217130098285
1.3199617639137131,-0.22227227668013333,0.8644040283207689,-0.4450128737174031,1.2643469907964273,0.6746469227980659,1.4220495091993335,-3.5869614735260718,-3.3691986488365435,-1.2950529217605655,-3.4760968935516474,1.692621059903329
-0.4327925088141398,-0.13839531624156823,0.6282056029947901,0.888893115539122,-1.3203529994972607,1.6737635774319535,1.673318763436189,-0.930965049100387,-3.065838173436258,-0.6938422673002989,-1.2514151662978152,4.62755428218784
1.3073112378300147,1.4686313063739134,-0.42765682432457847,-0.09116131874990367,0.42928684448200743,0.3646837437314803,2.054419259509872,-1.4436152227872894,-0.4188571852741011,-1.3965883266868024,-0.7717577101463108,-0.03882668650498658
0.12865955791865807,-0.8682860102483805,0.6638199602349497,-0.693191766953159,-0.5334526878965922,-0.4245067080556052,-1.46956969302469,0.943496292551091,2.6667429718819613,0.15166944019641515,0.16761374165482923,-1.939669620273733
-0.1945975875945818,-0.5944371022223085,0.059246293451055754,-0.09506233410446614,-0.2494257892036747,-1.2670873941678804,-2.267582475792743,4.246112294347035,4.1778116749969625,0.9920231850423271,3.0486592590916946,-3.978484961835564
-0.05594667092909536,0.45543812969950404,-0.266787013486343,0.8484862009635574,0.24522830157699355,3.1006306831374952,3.391465280615947,-5.406966495094314,-6.523122117339739,-1.8297894496109628,-4.037963202811441,5.944960599891759
0.8735156797528322,1.2697950446012012,0.5884951830561342,-0.4321650341121078,0.6981232426530899,-0.4969497452804175,0.20173028708875512,-1.6955845358413828,-2.3986181793535217,-0.3972014592656089,-1.7862802368039497,1.472376609238066
0.7485690175392967,0.4838606739908131,-0.11989091183492165,1.6556930027170014,0.5049658710252362,-1.2568514639350263,-2.7258695281272574,5.515910457465456,3.9809737999005126,0.15851115502705307,4.345644730646893,-4.694680215371841
1.5031890080207602,-0.9144691875793237,-0.04918519152613362,1.299826525981989,-0.49625499000334705,-2.414824074276787,-2.465042205386378,5.882503585668164,6.344906373222835,0.3703713104150218,4.394566033280448,-5.566330161207575
0.6318913456706573,1.205145485964547,0.6386716730951095,-0.6921763138036705,-0.3790135369792407,-2.0943708827346676,-2.7164232000900177,2.1015248482987245,3.9627593744657608,0.8815744653949492,1.1442116840093755,-3.3047611783376833
0.14986808686399095,-0.002191515903104367,-0.5847138254850215,-0.3661294803298492,0.5647081594857316,-0.9888091985502543,-2.0922255371236727,0.9914466756503786,0.985929193120328,0.47874932580262475,1.2558717357343703,-1.69747949454858
-1.0838143715439967,0.36179849168165423,0.15044886231745525,-1.715672870462485,-0.5175221497766749,2.3971805944002678,1.3575651303350462,-3.4326216143955675,-2.6757307732808417,-0.5978002044392925,-2.732758904014574,3.3964510902045904
-0.8174626762865936,-0.4493270740449431,-1.3159730872872013,1.1606169331865388,0.3157549228568464,0.7940279531910556,2.1283231758014227,1.1868299863795235,0.19075595019387556,0.22242760984605386,2.0617273297993246,-0.8366943189521042
0.24145658378980586,0.16354925831165124,-0.10374249306738637,1.7318908815902463,1.2248796325703528,0.5205842784946989,0.027192914380456405,2.4261999337157145,1.9539943413508574,-0.3971473373503016,1.952388026927704,-3.2549741133144483
0.9763724710252579,-0.592090751415462,0.1686236236257841,0.6303884176172407,-0.49769945968026463,-2.52225556931454,-2.246713997574967,5.046555313584478,5.1538687599319,0.9101112557295519,3.5690260870192283,-4.454105524793156
-0.10790580554879388,0.62510649244968,1.0145511608350712,-0.005235025548827113,-0.013397961271611853,2.873009244312429,3.1588780548165882,-3.3623004247661177,-3.9855615513233564,-1.8433716447034518,-3.770846345106766,4.032708723326406
0.2991809778642319,-1.186429507599188,0.8628999868741117,0.5233848134518732,0.14105025064014534,-1.3030236497480565,-1.6674041392736085,1.824550245367514,2.7833460456544126,0.6229206843389073,0.741687489049833,-2.752443977635784
-1.0255443802018798,0.0834383788497634,-0.5659156479403519,1.6417016927495935,0.7313169159566997,1.3646807203286644,1.2821510159773835,-0.5883841499301214,-2.7009085827002672,-0.11536271213634305,0.16085311876844355,1.7787544382845157
-0.4954076137453537,-0.13775083101317503,-0.13645176085933627,0.48573563735101083,0.5022221786824408,0.6096583139651126,-0.009203012896227457,-0.19471465849548225,0.10682019688243591,0.01071400271950828,0.05862781455025068,-0.6623646922303994
1.39375136919864,1.3468883336648165,-0.5942432792143504,-2.220688773144431,-1.507093697626449,0.537586222323273,1.3083895629205344,-3.312976180258504,-3.393593058356482,-1.4775151021906863,-2.0950361684916117,4.9572250270413525
-1.0772866374913919,0.36477845822531296,1.6847350962188816,3.2279657937579764,-0.3441643213751594,3.2188028795499957,4.306596441168508,-4.535918533114634,-8.754730747006445,-0.8228120281818536,-4.9956252070591995,8.881491728545809
0.505989121915136,0.6746742035529584,0.1398848604921546,0.5473114328880127,1.1271598449765552,-0.641247447199852,-0.1633949003562801,0.9216443809136676,-0.059951298324744426,0.03573377624905336,0.5896538096964719,-1.3572285822360082
-0.894776344459591,-2.267609367813888,-0.21704366509353995,1.1696649015359457,-0.2391215935387172,-2.5905453251589092,-4.785555453363124,7.856066238775878,8.057352618643678,2.3216694701066363,6.183118431378794,-7.917627414577598
-0.07794108859536363,0.11980953578857573,0.45723903150542883,0.1810954007473074,-1.2263964818168687,-0.26659578769920167,-1.4097384356077356,0.48274803505291014,-1.3139221578694305,0.1973408216291418,0.0033403156270030362,2.60906274303477
0.8626522020471871,1.1876596563171913,-0.418314720650216,-2.617221141029228,-0.08013622756728792,-1.0724539475227468,0.3204657889596285,-4.623530845595823,-3.889034653245105,-0.07644294923079946,-3.248863087026905,4.008444484517868
0.6481196338964414,-0.21182355970241123,1.3001468366164353,-1.4871186479607539,-0.4709879980985036,-1.0446977191036178,-1.63696009859002,0.6272602164524246,3.443785436336331,0.13547773847843675,-0.5278466815225921,-2.6679928364926466
1.5272685644480637,-1.1180433142928017,-0.6204785949378069,-0.6956916972836605,1.0725497501914323,-1.939737618782589,-2.722979607254977,2.507882766507108,2.942491255631958,0.03683301655768187,2.385377959971831,-4.591729258317658
0.6208182886072859,0.019168611086484107,1.3070982646715916,0.04690434505710814,-0.2761202901544715,-1.0358527283518997,-0.8002501637815485,0.3966778074187202,0.48140251833402514,0.1482573104425586,-0.7884183258730261,-0.0950092886567249
-0.5770786015494626,0.3593664191078506,1.306489770727678,-0.2696389459305056,2.212146171002749,1.5044243984194128,3.5378872575273648,-4.9686237693382225,-6.521903003116577,-0.39625555583367755,-5.035807188528306,3.776715260913926
-0.8958938651351129,0.44234234681790596,-0.6950548649012367,1.69946880820631,-0.7866207344965233,0.95886894766832,1.9081826551950505,0.8276071099335743,-2.729773536583529,0.11771763250485802,1.1532507734073123,3.5239174632041945
-0.4263904030188411,-0.4261181140492446,-0.9997023172634025,1.3086468629319912,-0.9311904212016022,-1.2028026445555255,-0.16846598144694191,2.6196359721202214,0.6412551253965024,1.094100784322534,2.9453266629928434,0.3599554658374846
0.8286943819975381,1.5561784454758458,-0.5315017858123489,1.3424655641417926,-1.7162281579805727,0.6294969683082972,2.042921884489502,-0.21733842112851987,-2.0637648559763457,-1.1389846638711922,0.26327734646554773,3.7721554983317174
-0.030940956840961452,-1.0137170446179704,-0.1288685515949825,-0.6819920374117,-0.685876932428282,-0.6868419719876963,-2.6868858162486915,-0.06207372932917075,0.9169341153044079,0.4181075020130903,0.057276882399884654,-0.11303230277813561
0.014501649875683836,-0.4107761600325849,-0.41698304310834067,-0.6405994638244737,-0.24521617720269093,-0.3375327498035793,-1.86868331172,2.8077322085141505,4.896865733671616,0.3438665877815833,2.469668418245787,-4.4524966394076975
-0.4434188237462521,-0.6864937777635242,0.20639701056962523,-2.9552291445378223,-0.09513155923941607,-1.770247914023351,-1.9131575571435693,-1.181208404797051,-0.2832952039035773,1.1969636062905016,-1.077294161775262,0.7250346313562096
0.020331757401114453,0.4155642451010647,-1.461204073297856,-0.6227462073800262,-0.8930811890157064,-1.513463668633159,-1.9187196841295298,3.4864368712073115,6.13093831966121,1.199355122584483,3.7386813209007013,-5.032523487034357
-1.6623410991143788,-0.33591093958446894,-0.38563488458695205,0.0805009190993013,-0.14898599460143622,2.118685736801276,0.8227723694196887,-0.7516475752540935,-1.8836954734504603,-0.029213225257310356,-0.13586275015023744,2.0583203850796337
0.5791745612070686,-1.9041921191175106,-1.4298227588724295,-0.06358036724658857,-0.3627619500872272,-1.9693465259510263,-2.9739410286469425,5.512111624451319,7.8471126758122445,0.9651426893971587,5.451104312976024,-7.249195493188722
-1.005735761378774,0.15226620621368486,0.568485553807793,-0.06727461966656804,0.3887522458111728,1.3513323099317371,1.5882838704204638,-1.7228024325624918,-0.9335512085889957,0.010532787061469418,-1.7839947739958173,0.4553835265509649
-1.519047236728276,-0.8341492265046225,-0.3084168175478506,-0.08425579302455953,-0.045456738642683715,0.6083997261966511,0.09114604733156115,-0.017324440517260568,-0.7993267973813167,0.7183744620112916,0.264663453231386,0.6526753760860586
-0.7996806912203431,-1.3280828372793063,0.20646584656307793,0.24251811925033914,-0.2601549508914803,0.19842141684837417,-2.4578394904755605,3.8600930215832268,3.7655167034162886,0.6000971373424909,2.7465232989795463,-3.502933993647272
0.2977423691359483,-1.514287923830417,0.976519056175694,1.470601660333502,1.237502984105249,-2.5182685536606373,-3.1274251120049303,4.321278440532154,1.1608771187439766,1.3876528961821148,2.2851082708806034,-2.9210947557748455
2.066764077717152,0.05107918391468038,-0.28691947152412806,-0.26988152140190796,1.463473002755992,-2.937971254511602,-2.5597560788066627,1.5251935097227487,2.063888679074514,0.265774541248324,1.3396082154831184,-3.9534801716292343
-0.24210679672615695,0.15591629318863448,0.44174885642222417,-0.9886181955804055,1.5402343412408614,-0.812877046854575,-1.563974830067265,0.5823720743791261,2.639140480153397,0.7884233124374954,0.19281615730649138,-4.280462428591368
-2.3864208152730018,-0.025808298541046038,-0.05324074302001792,-0.4920046539442374,1.1075870350090349,3.851880839005004,3.5516526251535607,-5.011319375360784,-4.826123536287288,-0.45906945743634753,-3.4432756971775977,3.38575489828557
1.764921159844947,0.19121216173166392,-0.12240700410626953,-0.6224938721528688,2.4570021042911216,-2.748723424902762,-2.5004843436720283,3.3956050685897265,4.810809480931354,0.4084304148902316,2.694296913976,-7.7871102873585825
0.5751256212252527,0.02412121460043807,-0.28021895366772664,-1.0311455407016887,-0.3239131798939402,1.2761300645860407,0.09523462317280562,-2.6200149890446425,-2.892739739320345,-1.3462814257449895,-1.7566919474311993,3.0009793957598254
-0.9164242942424488,2.0377063240855215,1.9949622026745388,-1.1629758772833256,1.8860679122352386,2.0523800760625304,3.2727731892636016,-7.207236455857902,-7.760734883392266,-0.6245933900214091,-7.138419304794285,5.362659278965301
0.6607504488031994,1.1947975869682388,0.799236311560205,-0.7572141061255407,0.3783584260442215,-0.1669093081094089,0.9508369399057613,-3.119129807701804,-4.01092000690176,-0.43725532844254544,-3.1380525092805507,3.4545955390512932
0.6293860598436254,-0.6954786496935025,0.15564368830490474,-2.071944568822072,0.8685285479348901,-2.148555775572662,-1.1483222890183051,0.5800636858913099,4.477886865934048,0.8518999882542986,0.487970543300603,-5.2744453788020875
-0.44053376353276563,0.2428261216892434,-0.8736384448389295,-0.11060740623015003,-0.9201597140607425,0.4319152019648262,0.7209070560503505,-0.9511443272981472,-2.1582722166996446,0.0185971253139095,0.04997924354059295,3.158838578249621
-0.07346859529565106,-1.4236333086319075,-0.9008521684942394,1.0452608948764062,1.340346804712664,-0.05155077186840963,-1.963610496246993,3.8343603005896782,5.115211239608502,0.3153738043966229,3.7413306627855234,-6.311063226064326
-0.8061871616864446,-1.6667913308633246,-0.7459571313521942,1.0845737090477392,-1.8609500520747206,-0.8157246600364606,-3.8672690457398313,4.959496462124338,4.489017568211781,1.1456197917063546,4.61147015759297,-2.4006963936363372
1.099547562446326,-0.150545167541259,-0.910604392904728,0.17247343635767862,0.2347861304690148,-1.7464100511105625,-1.8093263122127081,3.7278838784267196,4.7841096074253695,0.3324912142135983,3.594107941043541,-5.007239245295807
-0.6750808257160031,0.928302610051697,-0.9827412002853146,1.3723794074881954,-0.46501240368783503,0.14907080624454222,2.2576817424232307,-0.5320883655934269,-3.1329936887950436,0.4110209123702958,0.4499749095157976,3.5494325428887583
-0.009839466675923322,0.30333025581107553,0.712264546662929,-1.1188234784012394,-0.3547804247879929,1.4670414023434972,4.065840689128656,-7.428104966316888,-9.433694456891972,-0.9942884550956879,-6.535018260506144,9.265457988267087
-0.23945493158189265,1.2760256693304173,0.8309748153779888,0.8752699768020431,-0.43011307981558494,1.2017262639806923,1.877203044167643,-0.6210727119599319,-1.2289529377642179,-0.7133090250817916,-1.2690152923754072,1.8663675450696924
-1.539636595280472,1.0967032028393184,0.9445300311903206,1.7191964026400928,0.4362754487330596,2.2441994032274235,0.2737881369075356,0.8866153070872638,-1.0284933757653991,-0.45968198523810755,0.050840012214575264,0.6519759282212
-0.8070699674897623,0.5393876097267493,1.4267975799699402,-1.0417535957491386,0.06065023075580609,0.7225537067324219,0.8862571820268104,-3.6738227363204183,-5.331032003894529,0.22453687146004042,-4.103694027104975,5.152708539399226
1.0750309664401063,-0.5028878156290434,0.1943483656402264,-0.4011265223470372,1.3590651001539675,-1.3735257427717005,-0.9305301434741803,-1.1109708032564212,-2.3761854116706598,0.09772776123148988,-1.2544659353162404,0.4950131660781498
-0.5326344260285459,0.948515297444908,0.29527035096217086,1.2523981159713518,0.5806632661629676,1.2052911092883272,1.2932642524795086,-0.7682551249004831,-2.052016900576819,-0.39117632362127297,-0.7447978918085457,1.4157802732288853
-1.7436197947297647,0.20698069206231995,-1.0827300606601566,0.260363372611893,0.809145794241435,3.375865800191738,2.790902497343838,-1.2675896809200555,-1.386190942345891,-0.6358719859781247,0.2189798612645419,0.29154953270193196
0.8302107871748967,1.5212186356412964,0.7793067222700055,0.9835249920640532,1.2176148464449448,-0.14523152060070726,2.0413646955947446,-3.9817398859212063,-6.269850101817148,-0.5268246274093268,-3.645707748316251,4.737938381629661
0.9215571580461275,0.19423021015750508,-0.03487728891864344,-0.45000919912345727,-0.2587404746266723,-1.577296458771399,0.031213693097074065,-1.7386397482421916,-0.7074114920719233,0.2343530758713405,-1.2428437604062181,1.1535263214431408
-0.0703926240947873,1.625941653104999,1.324747389276919,-0.9331701247172212,0.4694309715514564,1.1032756737969032,3.521928154568752,-7.110914463669262,-7.357830427631852,-0.8384006546364007,-6.635100026155774,6.705269898164571
0.023981416593387345,-0.0024226757986906614,0.1337943692634181,0.7031309439234359,-0.057800082927328765,0.970417427227091,1.9743950816748033,-0.7025097548967429,-0.47863650180142514,-0.688037990361458,-0.6875038806083044,0.56613971055082
0.7063556723716635,0.5791551901548004,0.9569136685484682,-1.6229545259610136,-0.7322106588187951,-1.6288892002268187,-1.2655898671057562,-0.6495072443316844,1.6384945050935695,0.44379577936158343,-1.2474440976813463,-0.3985820658683352
-0.2098909965064213,0.36080867586640974,-0.3621302493999939,0.4967815187756902,-1.1357256041429504,-0.4393849289105792,0.6197737856930788,0.0984291086552067,1.4951804579253603,0.4299351570584369,0.45340108624268577,-0.09328289040979118
0.8157968389964273,-0.09945173998804294,-0.1577144770260082,0.6108163091376743,-0.18371184222480988,-1.6298939061719233,-1.3804257847139036,2.825071053938849,1.2422589685552898,0.45133986689454364,2.226079352283881,-1.1078844343782952
0.6489346824700064,-1.3289089558789056,-0.5494390790235676,0.5748782787669027,0.6819411786118368,-0.19496453365164368,-1.5444336416069435,2.745421820187439,3.0262358704982457,-0.32690928120492657,2.523214471630539,-3.7755071942059972
-2.1348387747638697,1.7872971080158162,-0.988746535133908,-0.13576121232996083,-0.6004321091882153,6.903976675867066,6.182665237808487,-7.7677578071239815,-9.47089450839318,-2.6646007476381732,-4.953988331562779,9.92012351509542
0.3364488366642845,-1.30815425017568,-0.08307433834730008,1.281386053445374,-0.5933995856706278,-2.196778984671749,-3.69923189676926,4.34078854593156,2.9252154957892897,1.2615285156844493,3.4312807574208217,-2.4259823216674983
0.3181384250684126,1.0640922712233325,-0.5656914789282578,-0.9910233450101248,0.5363820628898015,-1.0143320300489516,-0.5591313076723191,1.1615098908153214,3.38011258423068,0.473452851914559,1.3204348582321135,-3.93059230368298
0.6997262165810592,1.1849481077894504,-1.0028407183854486,-2.247316622779697,0.6398508044847004,0.3019715100992934,-0.5091573229773501,-1.849925630069041,0.11749207022918648,-0.7477135573584143,-0.29696497038360725,-0.935591609192176
0.8537762806654757,-0.821082986418374,-0.41771461491515544,-0.738905957710339,0.3644635719166893,-1.1437949301881125,-2.671467116436833,3.3909788645852386,5.57597299552363,0.15965905812641856,3.0359930070458416,-5.816637219314561
0.7335645515061897,2.348377143469885,1.2824639816245536,0.22299260158220618,1.0189429894013704,0.3395026238941088,2.0406114382366587,-2.783494405622177,-4.332667857744913,-0.8315628387756959,-3.1684266468033035,2.882927565670982
0.36013959644506144,-0.11266355215129853,1.2803878217542857,2.5035468693516214,-0.18535169264575815,0.2999918669300194,1.2125563486311637,0.45569774319703354,-0.8917745700548269,-0.40636222994218896,-0.6804882177746336,1.1541151165172772
-0.2129196107969535,0.2977732659506865,0.13902116081881616,-1.9951462575627985,-0.3891797218278868,-0.03709505312022199,0.35379443435423286,-1.909320971655446,1.0042049367410515,0.18311485772422628,-1.5471237238606876,-0.277525539490168
0.6077905802993283,-0.05140359772454959,-0.7248203667650915,0.5720339971608365,-1.1963205915965724,-0.16715729642965216,-1.3951573884746977,0.7529815982718456,1.7054139474561005,-0.5153042402669018,1.2745700517517644,-0.12428012625581963
-0.404614305195766,-0.40235355312799675,0.05682899159090153,0.6855072603426435,-0.3601005477159257,2.301197793885835,1.3192411660691779,-0.3543385998392503,-0.6132071568328966,-1.2174803752637187,-0.3929387215979043,1.085726722918631
1.6970782269851967,0.16168852299643086,-1.056713780080696,0.33909761166415164,0.6659470926260501,-2.7674108286233055,-1.8580687504347233,6.066729923346427,8.079072689097844,0.5441073071545949,5.295211637492516,-8.62956620999194
-0.8198903382683844,0.7218694636381016,-0.8631657574411685,0.4608562194944865,-2.1946009325052716,1.1323243635071294,2.4514639013410964,-2.849497848566737,-5.775241866473334,-0.09930230226031311,-1.5904304404093237,7.54065962289979
1.0980869345115774,-0.6175466444386225,1.1054124189786836,1.2245026548002325,-0.598786534643654,-3.4203479823311302,-3.1495784785892758,3.622436337729284,2.216510681804452,1.374259178339425,1.6372754613058988,-1.531818450456388
2.3924979386551137,-0.08406163432222688,-0.911280532108966,1.0594499360005587,1.2368299480586555,-2.8045832267879027,-3.820007555985199,8.541087075861599,11.636312989840116,-0.03770022065402115,7.210053647057599,-11.954239600529148
-1.7990560804562667,-1.1776520854034886,-0.7025358716974919,1.0997899591666513,-0.20153823863582124,2.934177454932705,1.1575870284480194,1.3577257350255012,2.378489029828119,-0.21245392422727866,1.7546793169965125,-2.1726180966949165
0.7597569041061708,-1.1350782865893196,1.7708541592625975,-2.461505911120663,1.4838377897415023,-2.250786916506247,-2.973983856146537,0.8350413839026258,4.334765603349222,0.9471693101883151,-0.7098431951091669,-6.1266297837581405
1.2921127857249022,-0.7998637567638366,1.327126038473964,-1.2782996722359325,0.159548691458858,-1.943449014239149,-3.3042816935242225,1.7506486443990001,4.345914074512226,0.3172207416635531,0.34929470242555893,-4.422287050440247
-0.9426548359185656,-0.8076967932765294,2.9980665493178287,2.3732213349233646,1.6117122394187993,1.599664973538841,0.6455113209279713,-0.9921892190591106,-3.9908082348373717,-0.6077582140136146,-3.1630754648243076,2.174269547689549
1.2212168911837062,1.747265443053998,-0.9370243383082907,0.5107199183686693,-0.8100742697245014,-0.7970939784301176,1.7896590947521656,-0.5470529934857645,-1.2076022687804826,-0.513559102554655,0.3772674058199918,2.243882131336578
-1.2774656505448752,-1.0405692063108378,-0.5492675934760416,-0.6996274534041274,1.8683233039068876,0.6765793329519417,0.42614078353490437,1.154554694691344,3.5498274643435432,0.6746061067535898,1.436793202096744,-5.504631990623542
0.2652270060216547,1.0365654124193449,0.6517224721410394,-0.012730736067774404,-0.06061728668894576,-0.26053256146524895,-0.41993260380160685,-0.3237986989635506,0.23522468793607074,-0.06626518522248091,-0.7804953958604124,-0.1409076465696579
0.20224173120623687,0.07982972116851023,-0.8777637610299361,0.760389996344562,0.2125206408440819,-1.1023024755910507,-0.8048043450014338,3.5125123739786015,3.399120505965299,0.6768763528987558,3.3597888771426194,-3.64043064958281
0.21289013903783002,-0.13381215958958556,0.4193530708551154,0.42029540060842213,0.5923628212947455,-0.8358900531212623,0.07840793585576675,-0.2634661929287018,-0.5395551205061883,0.36620900653433064,-0.501568384401811,-0.13094814072324612
-2.418495138294007,0.9944433802948524,1.6036881748460505,-1.8701917540370743,0.45649489209120714,3.317014275061346,3.527354471767716,-6.606049944239308,-6.087183778465541,-0.10462633005880764,-6.435492041677296,5.572675994613034
1.1902833392643957,-1.6856606731365509,0.288311114620502,0.35967333062966067,-0.24715212797449032,-3.020576775176407,-3.581634048491257,4.749075740119405,6.890917844707736,1.1126128560783926,3.4355671557033327,-6.288080364382422
1.2109783008701704,-1.3954801824275622,-1.2526311942458188,-0.10226356052230551,0.3522563863138171,-2.4397383735138862,-2.913448631684019,5.423262164041745,6.757492404373065,0.747887778013254,5.203105970010164,-7.24061765620215
-0.8252908570662032,-0.1898930952327733,1.6937116000677608,-1.0425477322624723,-0.12720046691521608,1.5781615230039234,1.1205707214125917,-3.459802205522995,-2.764393548447525,-0.36169922680556,-4.223122266053593,3.0496791494877504
-0.03271448741674127,-0.2537314204233934,0.5275246712771788,-0.6421945741677769,1.391400992128823,-0.1140256933610168,-1.4790945549830965,1.2490434336596707,1.9026035858253703,0.1774952734390046,0.6437286260808466,-3.5605185859071513
-0.3168417406308731,0.18247950952791311,-0.6022013422789292,2.8701970434148505,0.6279451337805239,2.537687953425271,2.5511048293612597,1.2797044283234578,-0.18754648094278614,-1.1506372892519139,1.5031231073981617,-0.35632726097198775
0.884269361644785,-1.3629671122061315,-0.20420164835235893,-0.4168823012116078,0.2531890570676002,-0.6593602093507868,-1.5708006904861502,1.9436581662250547,1.6707225812732964,-0.3027196855309082,1.621760999566494,-2.239483136497731
-0.02699808174536763,-1.0352708517656244,1.1207843157352624,-1.0949697572783583,0.879440512600788,0.961615940123178,0.49064898607663887,-3.7087547694440413,-3.327726921990867,-0.4574591174389334,-3.8896550340794365,2.1578671504902736
-0.6390904057394831,-1.484855871235177,-0.5294313578818177,0.2577484843767,-0.30612001524546084,-0.06662996222672922,-1.7923257092533003,2.8774172446868236,3.07074579791942,0.6130121736560379,2.650474562798394,-2.7170498267434096
-2.482356021910033,1.245172542798233,-2.4522941007168995,0.1374446833855698,0.0334745864957016,4.431383863466864,6.720077351605646,-6.324908320189375,-8.346285950483658,-0.7959697473405309,-2.5997876352520777,7.440425364737964
-0.35436426480827643,0.8837185109583495,-0.2901041559322583,0.24575943229169134,-0.6975554782909134,0.2648084163072777,2.2667782259915135,-3.3559279535829005,-5.374162041246378,0.07774026919648322,-2.3413591371959446,5.824489783397763
0.21983889773285123,-0.02802772203516299,-1.59616004873158,-0.9065210401806321,0.9747910867261355,0.7596791901531801,1.9865166169144044,-1.0888361250090228,-1.2381878696569504,-0.611969904046176,0.5919098797092857,-0.19084105460053083
1.2285966422214976,0.7035281661412572,-1.4345811674653985,-0.35456992700661283,1.2699137827372085,-0.7266331396621597,-0.048753885300209514,0.866942567288126,0.8051414130687856,-0.6694282339496209,2.123905051778417,-2.5301100753114834
0.3042926531406973,2.354026545903489,0.06274622889235452,1.418188964818192,0.5848022608129203,1.2154684179842519,3.8630001094471065,-4.956119138798407,-6.96032522689188,-0.9361150735500404,-3.823445109939952,6.130658976242042
0.6275656805078419,0.5381239078268256,-0.3988755522219748,0.0695462751074024,-2.309150835145267,-1.1687856536775072,-1.6123125981809134,1.8982063066736952,1.7807664743186167,0.2607794761771681,1.671208788844514,0.955689527611656
-1.5335877583326012,-0.21216915019924404,-1.414031358728301,-1.191099366178009,0.3246816292571768,2.277150038465189,1.489677244650635,-2.0500496726508524,-1.1028968386108708,-0.14736685751170767,-0.2358595283475497,0.6595235261876491
0.6993388530744307,1.1836109087454914,-0.8868839316796674,-1.1984608611852345,-0.7578522915482971,-0.8032282410136207,1.954806386271652,-3.1278345589930394,-2.5137285259144626,-0.0990596540620492,-1.6441689436999345,3.573402171389114
-1.0056521681615689,-0.7551923638582405,-1.226385157530904,0.5016163731242984,-0.6029926833625406,0.47536588815596287,0.9510011025757766,0.09550244951620011,-0.18840754498311396,0.3886363328345884,1.2450568213099895,0.8232465568580758
-1.2227585918649229,-0.4358180632524651,-2.190850212299002,0.30680557413249165,1.3907204755902864,1.6273796857457066,0.846606480439349,0.48309478640286857,0.9018817401199468,-0.04944586339899902,2.2849566928313387,-2.6418077621253433
0.6442595496547452,-0.44717497405788537,0.34913306019331675,-0.25313778089964417,0.6946636760687228,-2.3537314876166175,-1.91258010947539,0.4827785926064711,2.0494667634697263,1.0309573077403031,0.03157085807501395,-2.6252594267992633
-0.1706216268733233,0.19011050788390746,-0.9468751305883284,0.43302113842163714,1.9343500547129913,0.1717518561304815,0.9856205562872847,1.316535634329369,0.8174984855297797,0.11789999967028321,1.8654344350609953,-3.3007198864658296
-0.6641775877746462,0.4071321561129796,-0.8987891705680331,1.2203751405798915,2.3875825113589535,-0.4434418159116003,-1.4690791373214418,3.982135626334852,5.643308230367002,1.0258947859243421,4.0493813614734036,-8.047304267891624
-0.6421755287743032,-0.32231292174782994,-0.3862441862105428,0.42958081052962344,-0.2408471916032885,0.8883826745974226,2.3901428261533946,-1.7891922659057469,-1.5973540241975055,-0.0810962321686169,-0.9053850525670774,1.875994363731704
0.6181573633785636,0.2816384971682306,1.4478722764984566,0.33466935290638666,-0.2423811500366187,-1.118141925875142,-0.385176729733294,0.8301798964604582,-0.09062415357761042,0.17296143988593254,-0.6093477854036319,0.42242943494922636
-0.9537668459251523,2.1901828992086534,0.24889867008897568,-0.3086785832498445,0.3520676725626278,1.7504622400837642,4.416971669598625,-6.074567813480692,-7.680789632095239,-0.3886243190664087,-4.872129907949689,6.909434939190459
1.2115857051018373,-1.134668458769305,-0.5595075800225571,-1.4023877158840647,0.9297977392325854,-1.846170201941722,-1.5489455921805928,0.48728048645486494,4.335170649953506,0.22276723365119366,1.0275985666113034,-5.226508828301526
-1.1009562269442215,0.1730661470006389,-0.6458219753696453,0.17645031093159477,1.086243752798198,0.8786026916226899,1.1344471850236628,-2.5932988655645177,-3.921860692190012,0.19472444855547708,-1.4317414025668502,2.387047638490187
0.6515060707142352,-0.7188605368317632,-0.3651901518078577,-0.6411278363927706,-1.5630245015566513,-0.9917520862156939,-1.72110433342928,3.491918689494743,4.494651188201071,0.14298317416453854,2.8549564317867353,-2.4515422831814417
-0.29359846289262215,-1.435823605873905,-0.7382498080398168,-2.4685142842128833,0.5391364444637605,0.5259627847638367,-0.7492405186751979,-2.5048419683509,-1.7774610172401821,-0.021267651567785748,-1.41708491904886,0.8695049071081331
0.0632585101254346,0.18530388458822675,-1.3050561245892551,0.06202815241727104,0.37007223397166134,-0.428986948255993,0.1330736502503499,1.1678072966432957,1.1490201369299058,0.254595799523171,1.9814086609051844,-1.5965858305215304
0.743110590192325,-1.4733697773065237,-0.047595980689495825,-0.2694355805583628,0.6224431068406715,-0.7309295029960122,-1.6113448114379778,0.6902502058046945,2.0473606250313083,-0.1430285727106692,0.571683821343431,-2.7604495578519295
-0.7861832768412443,1.554648239173719,0.6702772824624321,0.28412976985598287,-0.5344510822770177,0.5587285661359248,1.5926678259102394,-0.578911563063589,-2.0203324215901457,0.15176613786316853,-1.1688624846919486,2.8423881654173133
1.1674539496460654,-2.7956033901027935,-0.09586795992684016,0.6724342341620768,1.0539781201832576,-5.747295828705943,-7.2127857222892535,9.505102272985667,12.52377247402117,2.992718157917947,7.201006910572316,-13.232148631292933
0.03774143787120261,-1.2038594707177446,0.6321852515041875,-1.317070636859595,-0.735342255080628,-0.7107569695762871,-1.3376602125391723,1.229992908183052,3.6743335724592314,0.360793235104358,0.4137832804234293,-2.677479589500742
-0.5922983825715555,0.31882371261708914,1.2766228408265359,1.1274266862072926,0.6316501295845868,1.3608507120115216,1.731519761445004,-3.1429450859963217,-5.922299376426469,-0.40488724564291145,-3.4441575347750515,5.161987024709783
0.1708137543209018,-0.26296187852021885,0.17476740353631529,-0.4162118716042662,0.07668091903585693,-0.19914079724358452,-0.47260983036028675,-0.36777813541119386,1.529771993632846,-0.014683527298211721,-0.3779144276245309,-1.529501760681459
0.3314932490253616,0.2804120440917535,-1.2934694912763198,1.3774584456027714,0.21749773684341867,0.5576532850610967,0.342692048464255,1.231816150857191,-1.5599829817179698,-0.818144433868376,2.1659530561416562,1.2144260764282073
0.5320867455717941,0.04193417360193575,0.21440457250148168,-0.27744948105628925,-0.07081756735324875,0.6111784326915901,0.058511783616958156,-0.06279302502539723,1.4736051227904305,-0.8664629604398498,-0.27207597551476265,-1.2594130096874696
0.06547630346219821,2.1436165802923868,-0.24958931760164904,-0.5664785167756076,0.09397222299006418,1.0716940293516948,2.2574841084483057,-2.04479228010534,-2.074091909348566,-0.9112414937112334,-1.4256027293067808,1.999300810081576
-0.8382155701216714,-0.8516181148090716,2.0024369503155928,-0.24952768050452553,0.875976051758714,1.051498937014881,1.4185499957521015,-5.025400385063333,-6.683431324773049,-0.005686940044025937,-5.614048914503405,5.594745931060861
0.23585404112251604,-0.10022974830933057,-0.974676131695734,-0.9082196560942919,0.6462867671571179,-0.6430894124177339,-1.3026650530547357,0.385316905908179,0.23001158967265492,0.18588213233161993,1.115271641606898,-1.1627792641952248
-1.2197627672499913,0.8063495087380682,-0.003900954410657513,0.5873242179505709,1.4480094398505343,1.015132196338304,3.2547296268567005,-3.212946125977725,-4.294633488163154,0.3906938574562878,-2.4234149182907,2.3532229008556804
-0.8739832211646431,-0.6087326957785424,0.6148292224979593,0.3185017409680108,0.20780967986551366,1.8485467383293315,1.8924910143439857,-2.8843119086707607,-3.6480176264255033,-0.47050247220020325,-2.685852265016393,3.4008726240434632
1.3620444274318375,-0.8971692613494742,0.6106816585732717,0.2788128727087662,-1.595328015788716,-2.3264511758853126,-2.9543682452768247,2.97599868364235,3.2000031204652144,0.4494163241795206,1.7668730681812963,-1.1591204215540145
0.49474470312541197,-0.5742928475073862,-0.16274646501713969,2.0639057006948116,-0.3587269233364016,0.28141786427331755,-0.1739734621634115,1.9284386100228115,0.547644093317773,-0.5569629844116257,1.614833075968952,0.01606905994222739
1.032371182788301,0.21880718267997756,0.29052502939274805,1.5861587980420182,-2.1907021689966353,-0.43385306718623556,-0.5230003680775407,2.6965113810147088,3.8592933067549664,-0.6554919343523016,1.8635768408921312,-0.7556644544480603
-0.8271049847485914,1.6654253892302868,-0.8087370006877657,-1.2540512448686738,-0.5176795931437748,4.2933313320316495,6.259641300520004,-7.732460025569092,-8.413579660418366,-2.0879674174005953,-5.289968820719143,8.95949161122308
-0.4685253132308932,-1.8577825025758765,0.06812365075366583,0.6112281575645189,0.4198334293044232,0.09580974976614476,-1.8444150103904842,4.246075395663034,6.0221088775758655,0.5070248111306258,3.144314426591161,-6.186269819242249
0.7545110473793396,-0.4489145631700236,-0.47097212645044634,-1.8830959300358883,0.4861737980050943,-2.2058108753513315,-2.6189650593774667,2.2260194039270154,5.968325302925793,0.8819213614183847,2.34945254597704,-6.27041795075382
0.5694299115279692,-1.020503442036874,-0.2364786816099092,-1.0278114357966803,-0.6952080952120364,-2.116064647946733,-2.610701399365581,2.6510550003171,5.389726105057808,0.9806214438270979,2.314930571959576,-4.38980064766472
0.5888334773295362,2.16378322209082,0.3457236849394158,1.5914275849115183,1.278929694179577,0.18620217699122388,1.8456682484248577,-1.3974768424605566,-4.6404664912587545,-0.5375783940586211,-1.274526300609587,2.834822249303141
1.2562670542148193,0.8646486180825402,-1.3350966693837754,-0.7328240644520159,-0.655972384245453,-1.3519241342389232,0.2602172788048206,-0.769452457172788,0.5544386867290129,-0.16520737903211993,0.6136373192017672,0.5433926327937685
-0.252863049740764,-0.3348531112704794,-0.9481673795497838,-0.39283611779521427,1.5756615529198676,1.5748628009963168,-1.1452548499638655,2.9954821299897336,5.000300862387734,-0.4613877856596278,3.3565714583350466,-6.289987816474249
-0.8603105013090259,-0.5661245255424032,-0.8796733115654748,1.6497785949925632,0.708144651260938,-0.5447145889582949,-1.3902275893956695,4.323815220819215,4.90058439698491,1.2115731219009886,4.218348164668297,-5.624206554997418
0.9585869329111638,1.033956244508258,-1.676438759121517,0.9525579717799748,0.40435801403265637,1.8787558775157254,2.864469448245345,-0.1837870135709455,-0.3905433012466998,-2.0292177191232983,1.3681600093992445,-0.0478742312036588
-1.8274728263498574,1.633803773718319,1.197056773756401,-0.1103383795350635,0.9765974032007071,2.5452282390811134,4.207348795896095,-4.238412357675349,-4.172752150199132,0.012893802086841242,-4.396676073081212,3.1745737164586982
-0.37197855197974616,-2.4989019593604023,1.2528684425055094,-0.2203450765716497,0.7131690568063962,0.39222047621891004,-2.329593366350865,1.0774664141330306,1.9454776117839814,0.04207497312444841,-0.21046336260561582,-2.678403481451278
1.1024635886540264,0.9241423481764842,0.9041126103245136,0.3566114433851852,-1.4801636498025115,-1.057977814273954,-0.631506539235415,-0.3566111463740221,-1.554686328785584,-0.15823690910150898,-0.9726044291616327,3.2213674783751576
-0.7591260097183242,0.5803413836807095,-0.16342644825203173,1.3210193417966174,-1.334440409739795,2.794935202162907,3.59245310825432,-4.174235221305012,-6.573347156573663,-1.0163372842567824,-3.015735467101526,7.829392901999656
-0.11555792694627513,-0.10123979576586625,0.27256587290297357,-0.22731007665623398,1.6263320267431873,0.18687565531797473,-1.634422874269095,2.503496165283802,4.6602250619974335,0.21799320189994933,1.886725072182435,-6.040030251878147
0.045718007626818755,-1.1615371500005318,0.22218305231646376,1.0716982038904435,-1.8706839522830006,-0.9272348994544871,-2.7081726174805767,4.583482688270749,3.7975789180164026,0.5729976291220853,3.3717653998604167,-1.3903923974010608
-0.15112045974901944,-0.4910076128215465,-0.5298219982374156,0.52533064442089,-0.6213464538751123,-1.3828105130644994,-2.059247381629361,3.4350891099640513,3.6719218858784415,1.1011515979242137,3.077530533924281,-2.986063047194091
0.23500819193456454,0.8617721344770948,1.1543295513621248,0.7653071400218922,-1.1130542473216658,0.3164522188302224,0.37212437026304984,-2.305470414248288,-5.065503821583195,-0.36261711568055066,-2.5975290180936415,6.12242865443634
0.06572535466328727,-0.44229912835067964,-0.16074709710992616,0.8994562101846572,-0.6267193946400722,-2.6095605610394657,-3.1692590550880646,5.649256217916763,5.688592173156052,1.6980017435755759,4.415149070511626,-4.972186232865095
0.914859582246316,-0.4874157586266478,-0.7237852019806159,-0.7459692100956263,-0.6080349582525081,-2.869282380170069,-1.5510030870275948,3.405473304260719,5.242665319193718,1.1799392430959719,3.139718047427765,-4.384371674963765
-0.17496844388501404,-0.040966428312683115,-0.8651778996377133,0.8004497367277978,1.6432812311222316,-0.20099488948780486,-0.8561213320273251,2.4043550534487297,4.681780753885423,0.5327655582824277,2.6914903960401078,-6.189949134767344
-1.6728854649971105,-0.5431125625118914,-0.4394006195997317,1.4468693535070667,-2.554163535011966,0.9493263659573933,2.043000323524301,-2.247601251824056,-3.9859504605475222,0.5862466908475854,-1.0658900264142541,6.626405050762834
0.8312543951705819,-0.10820276295878431,-0.09382674683676753,-1.3808917760688073,0.5245563916506484,-0.44846499718147387,0.8230276684364425,-2.104061924340996,-1.8583273322342313,-0.3350541527220843,-1.6194898260657151,0.9380241515221169
-0.1313269663655028,0.15533686056504586,-1.2251717839900307,0.8330828613519111,-0.24097955303768978,1.5210071942199137,2.6602098812955166,0.21019938531467164,-0.16426117367540954,-0.8776648035304585,1.1855578008845409,0.4941524335906955
-0.7155312738541345,0.588779151098375,0.3183409731976394,1.0564572939458263,0.8988898283178319,0.6865299488846119,0.6458523868498146,-0.16523433888803854,-2.543947461127421,0.05326091516475561,-0.27687160769676067,1.5351208966671792
0.6891329625559446,-0.30857972918212717,-0.3335752597486798,0.8657376435980456,0.9495400742870527,0.06662248798337823,-1.803253859637013,4.811219931963312,4.652833367598485,-0.48361207127930306,3.923157666999441,-5.652912270233012
0.3780699745466498,-0.14034126721637802,-0.6080610322502146,-1.7071122083208032,-0.8168596620267689,-0.21348270695016824,-0.12021977019582102,-1.702358385853121,-0.5414840681515959,-0.15922294317245753,-0.7077717261163866,1.490556292547133
0.38454889046935914,2.4570058455860386,-1.125369014216398,1.1848950919803565,-1.0538532520896404,1.4190395954053225,3.0894488823776687,-3.5702699026140974,-6.464475405159328,-1.230600066933954,-1.6209889730455782,7.116212055748962
-2.0600734079685434,-0.73489607427529,-0.6014891735146715,0.05539526151512482,-0.5731850552269421,1.1819409468612565,1.1511844795700454,0.5242921073910453,1.46374464008989,0.8930028977585284,1.0512600245643082,-1.0231327366425749
-0.006355292955518052,1.064694213426228,0.7339484047233359,0.11267617393120978,0.032156346915704355,-1.3388901795662864,-1.4628053843121844,1.3315143386099142,2.5783143127016053,0.8800430583404931,0.3543837419683336,-2.6073187302424405
0.63187686235821,0.9609977973420204,-1.3493576289033944,-0.24178167691145366,0.9903631731155167,2.4436163575010394,2.2914203410680853,-0.42861048015062025,-1.5088056522882891,-2.182596742478294,1.0716786451876932,0.044985506504170644
1.0650488497109818,0.8995882728248862,-1.6292354946534244,1.092277723986008,1.0294263365714071,-0.08134994155869453,1.0730926319486451,0.32414937593681814,-1.028865375704698,-0.9630566528821006,1.8808934399056925,-0.372683489601366
-1.7568037667851055,1.6921558572872841,0.249473362949782,-0.5634236580371795,0.4648009632134148,5.287543111400437,5.015969821165945,-7.344659691977257,-9.812943458273983,-2.1521551011470574,-5.550355767647178,8.916558015756149
0.9047641013671595,1.7907420830632883,0.9463630348034694,0.17158279990871445,-1.0288243511877468,-0.33911330297540754,0.6915180045539359,-0.04727346111725635,-1.0794647566887232,-0.6335997206140801,-0.886820171897797,2.394408386989423
1.4215831079318986,-0.20846445908782343,-1.4545516938851881,1.5865158693182178,-1.3776762406189988,-0.68448471186547,-0.4768504365628002,2.978728462585791,0.9693122894304378,-0.7498540518787173,3.6307994947037323,0.7272582711544591
0.41986235271851147,0.05472254584155251,-0.05754105261442644,0.3431662457743319,0.8290338942390518,-0.9576215188151946,-3.062002200861743,4.935927590893363,6.154305673910246,0.35235289656844215,3.8534014455725574,-6.901644390371762
-1.4692448339419342,1.3354890084364004,0.5774495993840605,1.6085776066884843,0.5965429847568309,3.701623954945627,4.194383429167438,-3.8914406194568416,-4.995415939794758,-1.0532312717720538,-3.524921269418385,4.423517403872008
1.8767526754116044,-0.6224451608654336,0.31483567691524916,-2.2314523492208154,0.26378300144283257,-3.2847406028593893,-5.207563998962718,3.9062628116812497,10.288916633205492,0.8096742619114622,3.1536815464426895,-9.298207331874629
0.5217252301489765,-0.9412351213084521,-0.03067574349618645,0.7511436364483483,-1.105825263471789,-3.3191832317301544,-3.905891701167575,5.580312222783242,4.708121340961697,1.7963094375781128,4.164621191330534,-3.592890608760958
0.573548700729939,-1.1309565781387245,-0.15475536334935278,-0.7047281361346799,0.647974731658075,0.2660326338903682,0.006639134180418905,-1.1898693446226862,-0.38521171937384036,-0.6478650992482137,-0.7779508638639678,-0.635077807974223
0.9831353554907236,-0.4885698941583105,1.6124479474844091,0.3906792034489058,1.7420164262682531,-1.0515296101570661,-2.28812856182408,2.5096275248574917,1.6955028201996687,0.04336863503486464,0.5880064426797755,-3.9960132871010883
-0.6234569557782829,2.0340310276607294,0.02978468600652444,-0.07872931762876731,0.2916141609417721,1.890970104547338,4.130568974105223,-7.0001569916448805,-9.03044848989225,-0.7787034230816671,-5.33596840589298,8.257505142045787
1.5541544354035435,-0.48221108834755433,-2.3890181287164745,0.21040327262860906,-0.5609839202411049,-2.718960505603225,-2.2335722601909476,4.558056243086215,5.524486407000231,0.662087783553365,5.64471525924668,-4.695927243525822
-0.5739928005285402,-0.27840806916345157,-0.7514077033047547,1.767173279178097,1.0449114898661152,1.3279924570776995,1.2067642071727125,-0.06623394478108535,-1.802588755403863,-0.4514301898696189,0.6819588677587279,0.4760778058178684
-0.038052756910797306,0.02542066959922453,0.16806585530215934,0.9669686424504177,1.129661209656718,-0.5013895239864116,-1.7975609175437985,3.298298826331404,3.779616790860057,0.4295802833209803,2.465647863623363,-4.9867078139238465
-1.2870726556017835,-0.7042192058928021,-0.683366933849856,0.7778509862834255,0.29074006566851257,3.0051791069397074,1.281624710425257,0.25042234095748694,-1.6208272878158712,-0.8930778810396843,0.8414519940663812,1.0625400554599036
0.554835839380913,0.04836469552984463,-0.6555636756872566,-1.9184765042317364,0.06425209387040752,-2.4051738814204295,-2.1079727355394033,1.0654919413976545,2.1719988240933894,1.0232051297793319,1.4623015224526277,-2.1244901252707784
-0.3480768727169532,-0.12001612627930128,0.9844433579860331,1.125312099950119,0.12882258180135134,2.2884403847200674,1.7691263334822938,-2.89103132092203,-5.26996701264799,-1.1374555982280294,-3.0934257487929506,5.069205175867485
0.49271742351338343,1.1902277022548662,-0.20091431973218307,-0.41219568336671053,0.26118825156694997,0.3099912857397706,1.596752960524749,-2.8875968027232597,-3.328661563553796,-0.6391980258569162,-2.083885254823338,2.9062131418884514
0.42513915968301974,-1.399780614785834,0.03398648618976506,-0.807644333216754,0.2999341689619872,-2.4070403059267758,-2.9080206786673424,1.21752045298499,2.4790461600389073,1.2408477034242873,0.8223150028737383,-2.7416282887031285
-1.5823333802955748,0.7097209600267247,-0.15452569030845456,-0.6268814600736573,-0.30294669401138236,2.573253750914173,1.6838027731994754,-2.3926024267594905,-3.1211229999149146,-0.3329747297075728,-1.6314942019811853,3.5595864382092506
-0.7206566177062267,2.3913995572854536,-0.8842135245913297,-0.8271156619783525,0.11807183722460911,1.9205434832155805,3.653508936716751,-4.167625804228245,-5.180539269988711,-0.678034222018708,-2.4859540895597956,4.967795067688388
0.403974662592811,0.5321965539203108,0.5470959485813252,-1.5036728570876303,1.8154622744381972,1.0961930497857961,0.515110042361659,-2.406001038827154,-3.0378864187933057,-0.8386114807219188,-2.1798948492946746,0.28164965792580854
0.49222927451738685,0.6051290396489717,-0.7123163127054788,-1.1206259044258604,-2.098044494358713,-1.9622849919703997,-1.798024633648842,3.1664803771901653,5.51456906598905,0.9456974929232543,2.6783846648980907,-2.631110593994669
1.933968963030619,0.3340601289057287,-0.23785259766348554,-2.3014716700662023,-1.8720982153743777,-2.7720660564468678,-0.6404217353374495,-1.0079850843424614,1.1151550598340971,0.285756726632879,-0.46270635944172533,1.5220430639005929
1.274884581076739,-0.6642983707848257,-0.24965042342909466,0.3050181146465591,-0.39884735193186377,-1.4642277534684744,-1.2771125094594689,3.2579026356219742,4.524478429342009,-0.05842377420525589,2.66649235568043,-3.923166632446846
-0.6870831089740645,0.9080802560499174,-0.20794538620275893,0.03971523134892044,0.8712987264019225,1.1397596427264807,1.0701107645088073,-2.0108450365269577,-3.847656427286841,-0.21358926830744218,-1.2845493439031732,2.7202209336031693
0.8820955327508384,0.3006151715724732,-0.5870641576650013,1.1955923792708558,-1.0169127749507023,-0.5467651262017675,0.050893172290692214,2.8125821184167554,1.1591987000792838,-0.3767216181912326,2.624475004977664,0.15355097550237107
0.9962157867363854,-0.09119745402263138,-1.4065024501449113,0.6173082478404002,-0.6098379790675142,-0.9942868489410166,2.0497114249590913,-1.3805443643836053,-3.8394048492760016,-0.15086819359327838,0.2954218014242076,4.212280782735643
0.4899715795030172,-0.3528854609906142,-0.1657325811137615,-0.1419373282611076,1.4387732732025027,-0.27494837645102005,0.4178595228977631,-2.840191703541391,-3.041914465036643,-0.21891100418727588,-2.1458370725327436,1.2323845614286362
-0.5989752442540708,-0.9667113198545612,-1.3609964781053565,0.5010444291860779,-0.18818654831672368,-1.3825528953779485,-2.024586190566863,1.9619247703735296,2.447516047049538,1.3146122331732355,2.7659024964431236,-2.395603299384536
0.8585810320975952,-0.9411396304959139,0.3532989178320221,-0.15952166252156325,-0.9052224625777071,-1.8346289201164032,-4.172862683263827,5.515115613571056,7.762852627563107,0.5522367340388322,3.9346582106802925,-6.3000165574545886
0.24586316570720826,-0.2157309631881419,-0.1802387704623779,1.6952616300524153,-0.32138294806620626,-0.06018132198291386,-2.6896284528235617,5.818674926334642,4.315269660541494,-0.2596448504827775,4.559072193427588,-4.081494689115683
-0.18523696953224725,0.1119887513806739,-1.5958712409616864,1.2340212468641056,-0.6456386265806482,-0.11632446954930943,0.9715560954817204,2.1484628905749235,1.1151767658379708,0.30932620755077256,3.0286821733254876,-0.1623354945693329
-0.9754688498915615,0.6458660510839322,-0.9538207060205721,0.7931472425315008,-0.41489899938192826,0.4702168049930434,1.9516593860590452,-1.5233569120407966,-3.667747157560042,0.3861739302023336,-0.34329935518786553,3.9170864015371794
1.7082983867895414,0.9689375605690952,0.19379745202667414,-1.3010290513325449,1.6089581290273953,-2.4658741841363208,-1.2733657700719991,0.8190453454821294,2.072928053148451,0.2019232324085686,0.5113062231808568,-4.232094287085921
-1.276089919429487,1.2338014514737001,0.019107790597410027,-0.36927591664058734,0.5217090075174573,3.5402452610690394,6.387750861689531,-9.232002989195635,-10.258658780730844,-1.4562350390597414,-7.000620073615823,9.3936857188424
0.7799933300638275,1.1994975524867946,-0.224538390368396,1.708869549136656,-1.2755462299016098,-0.8516309249373964,-1.1104478586280855,4.737967755660886,3.5144208046495238,-0.16994964241494617,3.7086987222828447,-1.6813829479211653
-0.9682123706215813,0.6576695206878348,0.42839089528146146,-0.23856261460426975,-0.9208584223786012,1.871820094614788,3.4794682296030173,-6.147378893032465,-9.074198572200762,-0.44410003169120105,-5.149571852497547,9.354032325741999
1.1271933849130444,-0.9657942117213716,0.6038511374340151,-1.2126558267715302,0.3304735278620478,-2.4953079992728235,-2.133405813254061,0.37372144722200523,2.1876428067635807,0.7443318071010213,-0.2701200519667691,-2.4944296403953397
1.7266254197790616,0.20890526708967627,0.7967609597781998,-0.05287987103313968,2.1578250684138833,-1.390434590495534,-0.06579621001554817,1.5827172435398804,0.974939947052126,-0.24649082500643996,0.6804232859985637,-4.054302014592327
0.04759244387496833,0.5553798258716415,-0.8302992349289654,-0.5516906643267573,-0.891218263584412,-0.27138265181527477,0.1200544981435121,0.302501305926238,0.7672395891941103,0.1251602410818382,0.8590385322923751,0.3432095886670461
1.7485052127715501,-1.7527757947314455,-1.2259853247426176,-1.0885315657698513,-0.6882923215777083,-3.399710401267485,-4.330192883225671,7.963571029472988,10.670154048052915,0.8506469013994727,6.9851693791481635,-9.871356654611061
-0.06544309170382327,1.5150665840306599,-0.05721506093346567,-0.9452244734399805,0.7453783055464582,-0.699945128833524,1.3361347067840026,-2.9078791756387523,-2.628527373813294,0.42133916444458197,-2.293530205234386,1.832906734413566
1.6471170410630052,-0.009521909955429508,0.4179737059664973,0.27518206332846235,0.5938530909596148,-3.1114714901285847,-2.8017639218355788,4.445318356192603,6.947794345722016,0.8007785042597251,3.013722369052402,-7.16154156595565
1.6157918544516099,1.4087578458556154,0.9851028464290501,2.3240712332222127,-0.7416728774909593,-1.2767804769013276,0.05943978292486161,0.6511189435413707,-1.2717642416704533,-0.32203653649346276,-0.08282454877535157,1.9777650974972472
0.8564185409914665,1.476976527045177,0.4761680207571285,1.423024119315526,0.508070227169236,-0.9168163450620745,0.6700522568248788,0.11253991642301563,-2.889522085302004,-0.06721536210424134,-0.2585121122611448,2.161157104101897
-0.12634363971730111,0.107380344173932,0.5348601423890698,-1.2087600314284137,-1.7402333753657706,-0.10186793260935782,-0.9850087812982989,-1.4749857261036212,-2.0817618313335013,0.1679786796069509,-1.6563317513386273,3.9975407425828475
0.8149974520722836,0.5769971241860806,1.0848682545886241,-0.7132502921029235,0.7357833020449124,-1.7067790294196399,-0.4811656597914833,-0.6244478311004054,-0.22645001776999618,0.47225189278745516,-1.4909338842336706,-0.6412913402515084
1.059866246638526,-1.0697693605923133,0.23168355476264704,-0.11852742661638388,1.1468331791233917,-1.2278070693664336,-2.1151357139320006,2.2254778614867203,3.6661572908538598,0.0507479860182635,1.5636379858415732,-4.890023188709087
0.23266282433998395,-0.028992402806918612,0.8182887266591212,-0.8983882469346973,-0.3465909938854732,-1.0829447871661722,-0.8455858809427161,-2.4215259916814382,-2.3219224702007146,0.49835239679734666,-2.5360365658919632,2.823073612802837
0.058148333272551034,-0.05558706776650968,0.25884222434607995,-0.7478778882921332,0.5290590279821914,0.7078477246782916,-0.09134496414979416,0.2319861831725758,2.5421755690990757,-0.39517415663547506,0.00528974806116303,-2.9345387378037917
0.531020563395343,0.03851946017366247,0.2394807368298159,0.7667466095922565,0.21741540753148575,-1.785302488824555,-2.3699211932492847,4.920206410765744,7.382360926666175,0.8369456474652273,3.491609357755481,-7.255932010831083
0.13227213339250446,0.14482557349295253,0.640567110545755,1.1568221525881321,0.05262013882186979,0.17665621518416957,-0.2178914746204407,1.790553729338203,0.989053688328051,-0.2558209998754031,0.842273519231,-1.0031695491056327
-0.10740557936959011,0.4243721222898384,0.71183531266779,-0.28403698462784494,0.4335728866998169,0.21505886114790995,-0.018263243868899312,-1.4156014688309544,-1.323655919816302,-0.03320248473249975,-1.6180434169549276,0.7951104926634739
0.19327348849641893,-0.16337639172242752,-0.09148068843234847,1.4497670312627826,-0.2664325506109514,-0.4356680255776448,-0.8927673232244026,3.867282946988877,3.8748138961013385,0.19526957323791524,2.9877318200864993,-3.4347661764569515
-0.2591665991140521,0.0024231515700782053,-1.6813117838550062,-1.235659444025808,0.3622872739808478,1.5793545983833057,0.44622990230853316,-0.1932779328514429,1.7542754717439095,-0.6649673406463267,1.4707301872296936,-2.141318458750875
1.353740067078552,1.205269687480189,1.8011913567165767,0.9325707511743119,-0.05119394180948774,-1.3768284874395729,0.5724527107405293,-1.0767241476184801,-1.9442828015615892,-0.11403195568274416,-2.085549196676345,2.0073313271326096
0.0862058345374159,0.4456742754841198,-0.9250049765266144,-0.6425236288394548,-0.6001042080807614,-0.5919337966571238,-2.3817781784926164,3.788410008227722,5.670976176613116,0.4692373098284154,3.6541913869543357,-4.93562763746178
-0.866605474782688,-1.8371065987582333,0.05540156127270439,-0.22280601593634886,-0.3451849595286915,-0.4692453866733674,-0.9157255549712673,-0.05266707953524972,1.7133682587431058,0.8541790072313008,0.13339402376548565,-1.0862297334620907
1.400582821489765,-0.8548279489327306,-0.2613727696660263,-0.5515177637749576,-0.5135990989506631,-1.7128203372016397,-1.7133553989934802,2.574756071997839,3.854236058556515,-0.026186298970277543,2.251532835902212,-3.239399159469684
0.3445960398573866,-0.8746395252559788,0.9554646356385949,-0.7623527274844606,-0.8096670277559324,-1.1228884603247113,-0.3774067737288398,-0.16765079435264896,-0.263664126515746,0.3703211961058165,-0.9588780421649143,1.231724202928317
-0.25397110751414864,0.08472011007968216,0.2224952764950128,-1.1612417070083794,0.815920469467061,0.5315656148571545,-0.06678600772170491,-0.22806842803792432,1.5813321791165393,-0.028893089559785055,-0.28110712682982314,-2.487368630461956
1.5763446372089174,0.7228082951399949,-0.7859088795544892,0.7370836800949367,-0.08814300444014143,-1.7648136861913284,0.8814505254406464,1.0044052017694307,-0.4658143310957189,-0.07315211238717163,1.4651647311558211,0.49806932011121674
1.2841071731450677,-0.7654202060600828,0.19630864489766928,-1.1068935743144974,2.3608311810205005,-3.762020756793524,-5.581094731889867,5.230054353610053,8.127843862726003,1.359233441804682,3.7290705672056017,-10.635708128742216
-1.4881210166823733,-0.6343232531882801,-0.8723553779036964,-0.06865272818379178,-0.8003961971285034,3.2666648721673806,1.2548662288500776,0.10513269181339348,1.5596038237043008,-0.8737038745289551,0.99835831807669,-0.4216309734401208
0.5063531244396724,-0.9052775392382166,0.9136529969578623,0.2771443984219639,0.14379175080212106,-1.470003984956585,-2.9900809304222027,5.010401000965671,6.278055958020678,0.5608705610990435,2.9812632685904545,-6.169857706388836
0.3828243150740963,0.6782140921621329,-1.0264237811469072,-0.4572634289632076,-0.02941329329449361,0.7358114663397027,0.16181256336158317,-0.10703400321499332,0.0100557337292001,-0.9484843739298181,0.848637559528055,0.012574348728710674
0.44577877769841867,0.4731013917201138,0.1708145480219444,-0.131290006118813,1.1498352164770003,-0.6025583652535343,-0.9066273651078913,-0.027250775469895537,-1.100394582267958,0.017489829930353785,-0.14353925643081772,-0.3935420679707615
-1.8898183745297048,-2.1595489394564193,-0.4914518902881801,1.2511916664822063,-0.4602591164319983,1.7909399555559251,-0.7660353676041529,2.2410682146262855,2.235545768377708,0.3917159306923226,2.2680854692566177,-1.796059265474547
-1.5954210280145493,-1.1017802752157937,0.2755482869883161,0.7141680276365503,0.7058351520837497,0.7200513773244682,0.9650774337806167,1.1076781754200686,-0.31360936287578844,0.7936550755507499,0.586642201956161,-0.8800174354213864
0.5762324375971469,-0.1602635549719243,1.1164837283425098,-0.6519788819899633,0.0458154447825577,0.9873614245514087,0.9152737882844756,-2.8869874724983093,-2.861105186678592,-1.1200327042139222,-3.21545268286871,2.697727820096569
-1.4599776389618369,0.9766368035060141,0.02854025932640488,1.7427809220216808,0.12641587692566422,1.7002042478646502,4.069053968752293,-4.125430085130209,-6.6492216573433245,0.257533915081303,-3.1418800628126986,6.163344740998914
0.06942508130845104,0.5725516061261158,-2.741866267307278,-1.7761735986525586,-0.32505060499707844,0.9507546664702903,0.7573438256351609,-1.7755122902656595,-1.9397733062512887,-0.5467064076679383,0.9030252697133369,2.084459281944308
-0.626726741022213,1.2759910486519235,0.6457707462118323,0.4149485459679231,1.0207214543735459,2.935758345239865,4.736178776546275,-5.3056243667309,-7.160356168117281,-1.3934936819983954,-4.72359970621175,5.8347568614825995
0.2793891750276559,-0.7445681965384296,0.007952376556654268,-0.5897997973275492,0.9500805368887746,-1.635727606658646,-4.189021889353942,4.838894254051753,7.2260584750394745,0.907707524736937,3.7694143999296164,-7.941636576739368
1.5118297572135293,-0.5741054894320091,0.5294517296992778,-1.6268655435177601,-0.7475538715722885,-4.130209628089073,-4.366970792723671,1.930562460908503,2.755032979645793,1.461936037692,0.6771721048740997,-1.5971747273429309
-0.5459111838956655,1.1909076842989539,0.2317599520870396,-0.5109666303093178,0.8854877479940806,0.6387149134860941,0.8136706642123844,-1.8026295768774263,-2.2393121299930896,0.07661973803779928,-1.5912713803789167,1.1640548893393563
-1.0064759354263544,-0.5185243491056502,-0.9659034790712222,-0.029483552018927165,0.12794710646310353,0.6743976627210044,1.516309341312194,0.5503443016936757,0.2507520549335862,0.351449375694023,1.238044241448654,-0.5845132673391172
0.9408125650636734,1.5786766351338113,-0.27014090766796894,0.8557368118771495,0.47164498105204117,0.7114332302973029,4.456192747869632,-4.815600759776896,-7.331907512214748,-1.1255743127358149,-3.5629186608985846,6.51380354119895
1.8692620420053057,0.7949725199926877,-0.2160827491467613,1.1460115161000601,0.5860742097486851,-3.8532735883160205,-3.2981758780285,6.446184492157302,8.622532874137791,1.0918792329164813,4.9189189990393585,-8.907058273886417
0.5347628261956414,2.2241217176139334,0.07577790511092342,-0.4192518584545771,0.10967028026517818,-1.3819321045901753,1.1320739428546573,-1.5971693328756986,-2.0427799245386686,0.3021566548243876,-1.403299323224331,2.0821633693953943
2.7747721043697373,1.087284545915468,-1.217084489770003,-0.6869178324915156,-1.0678212238575115,-4.322479663225944,-1.831650205266739,3.193468081491748,6.1202237385435385,0.4765653963489689,3.453427415673423,-3.87908361202505
1.5935556040284724,0.4701548485773761,-0.2810077915007874,-0.0792517863762452,0.1320102886967265,-0.7013066516594425,-1.1871259921832564,3.1514113577806766,3.378199519253007,-0.9181695869555202,2.6398714426428063,-3.558912020397638
-0.15332579941662428,-0.9101220295795408,1.0191863726528696,0.5879266602170662,0.7807173865329813,-0.7641729036509023,-1.5531342084888324,2.778487685511389,2.1096565496959174,0.5830183382099255,1.237716486988671,-3.0135891970659565
0.6528699062663414,-0.5985466337745066,2.8217469482132684,0.2644310867041224,-0.03743730057459197,-1.5019533647025756,-2.356804944614054,0.417517277481345,0.8524354464906123,0.4136353276402778,-2.082861103129345,-0.48225346436994077
-0.46445272557790274,-1.2722983866915618,-1.6959103253202654,1.773817737411467,0.11630969339156513,-0.33631543645649453,-1.7662269356899896,7.771899579480391,8.831305003909039,0.9429904770344708,6.9872935176043764,-8.584026673685639
-1.1055754028146854,-0.6935279484904039,-0.17145679854439572,0.8248413961986302,-1.4003158005237515,0.48299082059010995,-0.9817070487667331,3.278590111891412,3.0971733787672506,0.6531634815681612,2.7387996693069385,-1.3001988699086666
1.865809487352495,0.09198369814582352,-0.7707368617904387,-0.8601179004822778,-0.26967047448129927,-3.3297829072953666,-1.8918881260377673,3.1567548490606674,5.839544796801554,0.689955001153528,3.1386971472789242,-5.164420619777862
0.46430761108133733,1.0720698648666178,-2.021483371931059,-0.7921471421890777,0.753910180429697,0.6243459512415492,0.6512114914189253,1.4731680421698974,2.371195785130147,-0.8536077651225943,3.007954464744536,-3.2294961553371024
1.37176813041874,-0.03645616124313035,0.980622270854115,-1.324381866081499,-0.7048239500678563,-2.9996015016272146,-1.5849562132132862,0.17911259103915383,1.739123451023986,0.8071450347155642,-0.754473910335745,-0.5458179986073066
-2.0062714528327152,2.424364325914022,0.3472461121362034,-0.817515867597461,0.1883171148877196,3.5749904904943133,6.839931989765873,-8.299026767204298,-9.420598815715321,-0.8189840288760861,-6.553405538158799,8.829514703644566
-1.6524629206475299,-0.256428971652736,0.9024811002353278,-2.155099618283973,-0.6802663769957554,2.6496710231360385,1.6283977902305444,-5.967950978063471,-7.932471895859751,-0.3161214957767319,-5.4610072820888815,8.272001700190053
-1.0749765568122622,-0.5740132708158112,0.48604688543805896,1.5350922022240223,-0.785620747837686,0.1354622419893908,-1.3342935770476143,4.265469586174913,2.9905669914815487,0.7488135004165036,2.9200641700208827,-2.116408177810547
0.4964923232529501,-0.30984487229260094,-0.18912814561628455,-1.5250690973383365,0.4835520728131154,1.1554779166835927,-0.0358334974018956,-3.3741197248298875,-1.4673873855659767,-1.0439267945167598,-2.38944768519784,0.7174104705850055
0.5789315580445752,-0.34927911661047223,-0.24571946835666558,0.28432387493215305,0.4954959480608245,0.4391848807864542,-0.5673765702241198,1.8322724538457391,3.925288069732189,-0.628031957768585,1.604011861003612,-4.1424876650360805
0.4781501651483493,-0.33625727244176595,-0.10975156905704611,0.37147120094660374,1.6853611895833163,-1.3485598290849612,-1.9891872159114197,2.2120705001688794,4.347641444376142,0.6246037522551328,1.9179252137383973,-5.874913906003052
-0.7186252314739059,1.5608511509540735,-0.6098368081402985,0.3735349447333846,-0.36057067624359534,2.599038463095057,4.022745767464405,-2.921137807382126,-4.53423603724922,-1.116996662197463,-1.8028810188939588,4.844719105834146
-0.37055464315213493,-0.8490910964535383,-0.7889684115741857,-0.5178393696993836,-0.45428145805209974,-1.2807977090127494,-3.0669579440123456,2.793485257688434,4.926538344091103,1.2411306252555316,2.8616362221885447,-4.379232951265593
-0.9400320893206043,0.01620092087621535,0.6713911037002064,-1.348420991938242,-0.6044939669406783,1.597838526073868,1.906784774293092,-3.8776471740174063,-3.9615033467488447,-0.2505467183847492,-3.6284916212148284,4.663674062643566
-1.076204416496406,0.6867622042075089,-0.7679953712918349,0.4374652093799089,1.5492242275857708,2.2270328304143985,2.9230341627828875,-3.3725919403634905,-4.200547379752008,-0.5297302299237251,-1.751815527016145,2.189938758050992
-0.6996803200467688,-0.3543118370468394,-0.7122565195954407,0.07388991676424281,-1.4491220774389058,1.5353385315561516,2.7354387933442426,-0.946660050506969,-1.3986963160961812,-0.45068536213574384,-0.11636979673111394,3.21473185654026
2.37687842926299,-0.1520495764416622,1.0042492742703517,-1.19318540257858,0.5478725415627697,-4.174569485262763,-3.177684597467264,0.15877058470844657,2.3065740853086165,0.9790452978596677,-0.9413432772425413,-2.5723152562396736
0.3649542634536388,-0.45122113447789175,-0.3675255091240807,-0.026938136687912412,-0.1302230493515947,-1.0989333371627859,-2.2293903555912347,3.272409469029122,3.4436457224383847,0.4767609189140002,2.768375182635213,-3.3190131385170076
0.7935237882752803,-0.24435861785327176,0.21907975647277142,2.1278514496876753,-0.8632501030365378,-1.4157322567397643,-1.686307747441193,3.638371563792656,2.181438112063824,0.31630935876436705,2.7366031876521895,-0.9539655522026264
0.1641118002694036,-0.4520895428862449,-0.8215342430977134,0.30480951068628986,0.5375709264342704,0.6111054339501096,0.18745189297315246,-0.48795575361551613,-0.5969203408992614,-0.6118029123636172,0.33569138853921626,-0.08291334267744785
1.4493049115883543,0.5170429135790547,0.35000591294997857,-1.2594053491918749,-0.47859337379301164,-2.8444207759805713,-2.8851996104071813,2.379517900906008,3.7660890416590442,0.6393441398253937,1.5849552577696997,-2.956366463577102
-0.23287927740719164,-0.11720126658231061,0.7427191619766194,-0.2271155984476597,-0.3929452518906349,-0.04716485043490974,1.3604177155940242,-3.1475118760841507,-4.470009422875557,0.21809278279043315,-3.0219490906665243,4.8120852581740605
0.6979516048414688,-0.5868184851209735,0.5367887299829437,0.27610511965357626,-0.8938099253732807,-0.583711900274273,-1.4686105477710394,0.945199740890986,1.8197352447212596,-0.23032878155252737,0.3310030058093837,-0.668415832133763
2.2934332749670623,-0.6786531984500264,0.92080073611795,-0.2703924615599075,-1.0694382558573412,-3.8494702491211967,-2.4832721667049262,0.11464879225572074,0.43226557871364957,0.7384451536554297,-0.8041131855473255,1.0121577836937565
0.9369076998666424,-0.15785939977038985,0.12105297803029094,-1.7969580330099135,0.023280506879402557,-3.2572565387486976,-4.113142109146637,1.946204114039079,4.93146090952217,1.348453953878123,1.6164612738037742,-4.559552550469629
1.7136588759459426,-0.778615029481306,1.2886938784523403,-0.2999508484637341,0.9637925078905858,-3.0138551780726472,-3.963127182200359,5.251965062685476,6.987356754045675,0.627677260545136,2.823308150006481,-7.796774245611037
-0.9682573767129637,-0.6942846439890864,-1.8676410527522525,1.05213822343275,1.1326554179930501,0.20054224438977702,-0.7270229348709427,1.6893299407659914,1.0487986072307633,0.521698189292643,2.9424677955169267,-2.5474728222530443
-0.4841370746633388,0.07789226212636513,-0.24086788765697054,1.2853382470733994,2.5815445389457445,-0.10570419938327376,-0.6070803503154049,1.2203195586083204,-0.20957859833228593,0.39436347782394465,1.3483532703786236,-2.998256332676147
0.5171089930546383,0.2064436688041964,-0.10433290507292395,0.9077484929373637,0.23631484282719184,-3.5026499031690923,-2.083178179671681,2.559209638152274,0.31030951312172705,1.790838505056591,1.9614432238521435,-0.9099900532670503
1.3760893467802118,0.49384688691669176,-0.7147600052524148,2.0362887245532697,0.20490477567890517,-1.0336131951185898,1.4990021262258897,0.12329318143777766,-2.945823849586423,-0.38716666763264873,0.8374657727830843,2.544745120180317
-0.3183847736976594,-0.1080685368399674,0.5273125151178838,-1.4969909580958989,1.735221691354868,1.3249300508081518,0.9436124411026199,-3.426182211281922,-1.3678059703127181,-0.347683567091822,-2.927583796160104,-0.6398319594925043
0.7855177114804593,0.7194031534426932,-0.0611718994373845,-1.603189787009258,-0.10529157855592076,-1.1730263516880344,-1.2814200687236441,1.0200747063639337,4.302817298393538,0.17754417751735138,0.981097879582544,-3.8930556936917577
-0.06723191385177306,-0.15017865828659702,0.07191093500523477,-1.635858798617564,-0.2949011628626015,-0.2711689472681176,-1.633839249434217,-0.5615727592568661,0.5900576920283682,0.21165011536580436,-0.3954782534499526,-0.19972204690012665
0.6929835351315264,0.7899752243617887,-0.6108804305399965,0.9855559358088792,0.18860049123848122,-1.0668068442899539,-0.8240334300736576,3.410739066040555,2.526228908623702,0.15262323675706568,3.0816885569206733,-2.714900452193891
0.6856110454559602,1.4728758500519712,-0.5489606232403945,-0.08272147996825283,0.6434376864984209,0.6952258740302477,2.5729241984152935,-2.689099841356349,-4.524848991586472,-1.0619703143535262,-1.6212186693033068,3.464972650421949
-0.729080821751809,1.3088530970935228,-0.2651422879600767,1.9141375565338843,1.203096031981338,0.923687772396127,2.213718205133093,1.4128466965926527,0.08617431508774184,0.11237348071281081,1.417673542434604,-1.451799903245513
1.7257396637625808,0.3107333518376354,-1.670644661534423,-1.028459692601873,0.9656915707051782,-4.964952834194626,-1.1534465058878023,2.191469321963651,2.54167456773885,1.7728401567577252,3.10234197578924,-3.5031448919377612
1.1384488617867037,0.9787563630123909,-0.41732631331534514,-0.4242917997921943,0.4136229954441002,-1.9770997334099831,-2.095313317969973,3.3753564448528364,4.263054122564851,0.33445697585833556,2.947070825402149,-4.759818127519241
-0.150851485514393,0.45005550829488494,-0.643531996084488,-0.016020871157736125,-1.052602481718856,1.3660185383211352,1.1921254962935648,-1.194279120731029,-0.6053874066388542,-0.869747373453269,-0.40935642391908844,1.9517752789167286
-0.33411243142304115,-0.767569749020761,-1.7092997657501994,0.4803321663300533,0.4136765513848898,-0.9282466205474523,-1.8442121425021087,5.46593091185086,9.7801240339961,1.3239952761548608,5.425390273020104,-9.612415167572706
-0.7557247959415776,1.0544205815089291,1.065875755939946,2.240888459065959,0.18539350097561594,2.6362038676683346,2.064950357555672,-0.34959568538730873,-3.813434908206671,-1.1000099562156025,-1.3221428172399432,3.515591879017777
-0.8032796544124274,-0.36535727332255596,-2.422797550404919,-0.5029014192949889,0.09620769433832342,1.0592694318283027,1.238574398216312,-1.3153761158897062,1.12762012122677,-0.03144183066422724,1.224488334019462,-1.0008826139096776
0.2622527474277525,-1.5260344175410503,-0.2991243549817736,0.29084589056729376,-0.6881403587199858,0.25914741715656775,0.39408796698958515,-0.38303013120998614,-0.8178551950410359,-0.4553771841088664,0.12861912190350966,1.73100564895262
-0.34255829040418717,0.25670084041161156,-0.6597674016826485,1.6455437957869994,-0.13051754068566454,0.6680671827639376,0.9892745237307282,0.9749194445598088,-1.0936787532591477,-0.1684062622644359,1.3995408822961533,1.3440575583417622
-0.403422581782789,0.05583580754516657,1.7113996907048745,-0.018097640125526976,-2.192816777610323,1.4193579260034797,1.6676379982696885,-4.072815005592494,-4.154868058176189,-0.5382021750089365,-4.363439759110271,6.925981160650112
-0.8030252298696017,0.11962092259274892,0.6052099204350289,0.4611698067991625,0.3825613852352648,0.8237116049764223,1.323938209628969,-2.842913234219282,-3.1728360138193614,0.1364708300711021,-2.606169931964076,2.6728610969007023
-0.9040975908062601,0.49035715278341574,-1.1623813978530908,0.8231674248018198,1.6560042691566337,2.3312655083979448,2.5557516079083977,-0.5184365120957422,-2.159377272887027,-0.7308423321170625,0.8136262560136597,-0.01108071063418474
-0.16270156018226895,-1.646685778367004,-0.49332058937022,-1.9900630672814488,-1.057047728978516,-0.7216002272511471,-3.231301254094412,0.2792599698510282,1.8383434923507054,0.5016279064762921,0.5370638169799896,-0.6653186948045651
0.7275146344929174,-0.6559510235981897,0.5798402761922046,-0.07346771493997278,1.3615827652710877,-2.8656048933304605,-4.412211238038738,4.990066493317296,6.697018354190328,1.283885816109073,3.2997219590985463,-7.970104481052827
0.6093702352991212,-0.5164027722441371,0.8571100555241583,0.9734888781125313,-0.17581530060262007,-0.1470410972003811,-0.5337628270130862,-1.2935559605892528,-1.9997352228101433,-0.440280688549175,-1.5432982932924129,2.3414628917504516
0.7895448639580525,-0.7719684060597194,0.24168129167275668,0.03113109268257772,-0.43690553360291823,-1.220336014230468,-1.3926544983202644,0.18453379645364026,1.4208762909507398,0.11148393743289599,0.013034798828822733,-0.8359199500620474
-1.1562240168846,-0.40194056422775176,-0.5517962575504533,-1.7550805084005314,-1.373126329194075,1.3308430160006814,1.5931980126473533,-5.004534117571241,-5.598282409960305,-0.07238422351718557,-3.2751428888136527,6.962781998848939
0.051132049159808735,1.9185235925217488,-0.0791622441459911,0.5743185441633588,-0.6010273164217095,1.7207514758127385,3.767409708189471,-2.3626998194266786,-2.5409997504630595,-1.3116906390966767,-1.8563950855903828,3.3131415623632736
-1.9424830509239437,-0.3308033660286172,0.00044888995893840183,0.3606092102758942,0.3107836380322287,0.9317753659126107,0.7739544583980953,0.11620814571410927,-1.9961640059435186,0.834466037465262,-0.0013550863582049225,1.3188899061697434
-1.0144448379445685,-0.5760295211727747,-0.5893796543149993,0.7649183450959816,-1.7352900227148826,-0.19965790104450987,0.4475000881851638,0.3715676009242229,0.19997923443460988,0.8220136102585407,1.0479356275633218,1.8458622476762112
1.1171617488225034,0.757371232717021,-0.2609532858064484,0.601283767621249,-1.057392762237895,-1.0924429481519233,-0.6568201265165057,2.8300383085104492,5.209193807986554,-0.19561287959325377,2.2769333508694025,-3.580236253197815
-0.9283246647818897,-0.40899934442529096,0.8831109200204601,1.9160477031139533,1.564756531831917,0.7972306162210844,1.4664297430157327,0.1651527720314695,-2.1183493420265815,0.213887882750336,-0.488581303522745,0.09618123132591248
0.06639755722657889,-0.2524167425073951,-0.6106906884470731,-0.24103294582950766,0.6600458119764652,0.23455813365549832,0.04754617735721829,-1.54525610498974,-2.773728412557218,-0.2662274048808705,-0.7069871797530934,1.751747120865109
-1.0395708140936601,0.28445671109299336,0.44885900757426267,-0.09156791128306356,-1.8667458408299282,1.967820432592014,2.191393621528056,-3.046124985812714,-3.5476885015299726,-0.42841416560417234,-2.6342375215055274,5.852009498776637
0.19668149866995058,-0.22563662485822403,2.3885621328291555,-0.5188194570465758,0.7089798682136872,-1.473342223897003,-1.6505164637432732,-1.7109088121763305,-2.358635205469044,0.8223057079777801,-3.4767349456622125,1.7277396543548458
-0.5250368331115962,-0.26940839606461947,0.00929950119565448,0.160450771901723,-0.7672130576389555,1.8266466968188289,1.8787278941147438,-1.7654931727993877,-2.3419302679260983,-0.8047179988858105,-1.3422816946960565,3.2749973611959393
0.7392545849432189,-1.101214152128757,0.9014420809967455,1.0170606868234602,0.5116847845662995,-1.0867015807645686,-2.6063306258043344,3.2363646831444686,2.3347177928301526,0.18283297204099924,1.6818178138490791,-2.948665658282975
-1.574144835367531,-0.23318532074733894,0.8557028536256501,0.2435850552312386,-0.14957708242043186,0.5933331905030341,-1.288651777711404,0.5036829274249633,0.1979998561376651,0.8537516433413753,-0.24409052002657322,0.006935780073974593
0.3220508691267767,1.3772327512509008,-0.8181839887343058,0.8439116515955725,-0.022227181385811257,0.8818435661146865,1.187631709501305,-0.9315482333565286,-1.3403995465993075,-1.020348128627005,0.029993512613827822,1.2986900284360097
0.018977081663263146,-0.9834529117521668,-0.17005171121898197,-1.7128766074360613,-0.5672450484433345,1.0099187286622275,-0.4003178160306582,0.9429203393818987,3.3499815640439037,-0.6102733251206343,0.7399414561713372,-2.4873927377999507
-1.1335179755777003,-1.4667881240150382,-0.6589724145051533,0.8219902629986164,0.008329329353893633,0.8919962825130036,-0.09267981281700505,1.3863394939528584,0.873450914430751,0.3356852211466409,1.681512160758793,-0.9834382814008572
-1.4140934027942893,-1.1630362309800069,-0.5838605616154701,-1.4307179881786005,0.4390352591551278,2.915471094082925,0.8231004204394613,-1.291898565852812,0.4809281202377408,-0.6171621884112242,-0.35206047475758995,-0.9396520169839938
0.3173470435431551,1.421640059723813,0.055720046790741794,1.116546809016083,-0.07743648185328311,-0.14061158675971458,1.2982487527667492,1.211957253174495,-0.5432265789024765,-0.2451638651228609,0.8151447505175801,0.7872295963922473
1.643180041703019,-0.8295948029272066,-0.5719208028612255,-0.1495350495797421,-0.4429735101872175,-1.542093473055984,-3.075327522811016,2.410083102433563,4.46591518274239,-0.43923594588265347,2.432325483645265,-3.727463633457285
-0.9875138232246146,-0.783988072265278,0.35392813279157254,-0.8485969675902933,-0.429818483275522,1.934168999380349,2.5359258708196912,-4.252941398990935,-5.7960338555040165,-0.44531066937624186,-3.6240277380481936,6.077149530832556
-0.6995307249910071,-0.5753392695746848,-0.8353812996318253,0.6997699303199908,-0.21326965450015284,1.2298202803747005,-0.5847777565896719,2.6226765013907825,0.6461193312807816,-0.27726260464864294,2.7292546328700027,-0.4306243865932642
-0.7292321870392175,0.5929352725048399,-0.23125329489866425,0.630762450939736,0.4338265545718548,2.0549868533939653,3.413391530773991,-2.1413043989508966,-3.15334779296811,-0.6884784595717807,-1.4578802353854718,2.5796674963059028
0.8437715849848229,-0.5695989553220042,-0.06226307735892426,-0.148148429401759,0.004280681170467375,-1.1014424553662951,0.973951620496893,-2.0899258278669084,-3.449690422951969,0.06356030234273788,-1.5279636696804098,3.3178344209041875
0.4370405013686104,-1.0573365119371638,-0.5056306853854203,-2.207663332746082,-0.5899060060996055,-2.293070876664332,-2.797654047851015,1.5516579743192342,4.67793261118417,1.1196391764732014,1.8537734865119624,-3.839852207102842
0.14932794972747965,-0.9762130584729007,1.0274161218572027,0.5654610638161571,-0.792816060430994,-0.27924022180341995,-1.6572350454321298,4.194912332495523,4.910293666363674,0.05716274822948502,2.1959001119941126,-3.8135894919429285
0.981703459782147,0.290045124579843,1.2454879406928823,0.45465130156027617,-0.18206606926093571,-1.0254776585531216,-1.35981805331018,-0.07205003739365887,-1.3756742167273561,-0.09799361313297644,-1.0424175911767257,1.5865949941910216
-0.7315778377485294,0.06485115706223274,-0.28747743938825043,-0.3829087684536928,0.181520736744833,2.6256257353560444,2.5802339114103567,-4.012549109185762,-5.294956343185307,-1.062101600277622,-2.8023507928962887,4.794330756273977
1.932697668760043,0.36776295556544564,-0.8416401916064298,-0.3907736687198623,0.580279287326571,-2.6972869151752232,-1.889210507992733,3.1767134079228,4.975348744379583,0.17983008648672136,3.237353428501339,-5.5963823256283725
-0.07088606943711782,0.018372490593282116,-1.8850566822339856,1.4695194969415688,-1.5974272648896395,1.0204954609209398,0.9397731052641546,1.2332677445162314,-0.16505784806427437,-0.6035549683370248,2.6540734817643847,2.249756333613189
-0.9263539076316284,0.638021855031031,0.38927586294387395,1.1291543778967537,-1.7254974127486624,1.011769640516363,2.1210769780953873,-2.2870107054339903,-5.749415384625145,0.13274130642319515,-2.1552293863751593,7.203222760676828
-0.22681631093664348,-0.8042437065877475,-0.12371660668846696,-0.23830666755530105,-0.6445422952610385,-0.9453001401348591,-0.7965528144034627,1.285749731138834,2.3869791526307877,0.7406861153349015,1.1007668239729216,-1.6382445363602167
1.2252374430783186,0.793736371563235,-1.6222238518007368,1.430016817015144,0.3984838100370801,-0.6323347566265339,-0.6072782044354185,5.156500522361973,5.256590470128046,-0.5971345685224566,5.243243948857233,-5.557315221709259
-1.4080340972545549,-1.3076989458318227,0.0667234431491275,-0.5987176155702365,-0.0047527601194871545,1.3907011984993471,0.3034902471008608,-1.8232884795186461,-1.298392124793927,0.1748478815776037,-1.3427381484879803,1.3807154768068146
-0.22625533693282363,0.6487797309339107,-0.3360683501104459,0.36000664286124756,-0.40782603481722274,1.868458274153863,2.6820729188465187,-4.7665785243997245,-6.426550522579056,-0.999210390945817,-3.3504602230236507,6.567003564809221
0.5005930689454585,-0.23600406530370405,1.557672247655495,-1.6946113560281733,-0.12410402615180828,-1.6113377267384195,-1.7957362893341438,-0.15042592018162362,0.6750047618649756,0.6016091185966873,-1.5376935853662728,-0.3415869189771249
2.0702119110497117,0.6550267375258849,1.2801955441590023,-1.3345319896603018,-0.2825600610613998,-3.3645854150603727,-1.9665677584736958,-1.565306092814894,-1.3701170049149265,0.5695234939181556,-2.523004548156767,2.0873556805354063
-0.12726142840616964,0.7574384492124095,2.2042677018702768,-0.07485455655642419,0.2282430765392921,0.5912957437128622,0.8083232834650403,-2.3942243297720958,-3.5168617804475395,-0.3423087940445758,-3.7164730960360033,3.290258784948549
0.6804605969537005,0.1225496664574372,0.41126586488433436,0.5673914693411989,-1.4262538786850014,-0.9475009764743691,-0.8933245214797743,1.7445364480835364,0.7731567096520537,0.048849040368975694,1.0006182769461407,0.9318018564139993
-0.9964365142050071,0.6637848092982276,0.07859878666783583,0.8728992230632546,0.6938407335933101,2.69570357775941,2.5342816009356324,-2.2745293860397204,-4.775140427465165,-0.9568305471954074,-1.740597154454956,3.8995607974422466
0.4511505048589338,0.6474107807866174,-1.3569853379831762,-1.7575779414599764,0.234908987708921,-0.21765817427134904,0.2923626372677699,0.3366080998333777,2.344510285075958,-0.13693128827133083,1.4339928892182867,-2.583896819444816
0.4156050289390255,-2.6739951727836044,0.3617149650810278,1.4584413392454856,-0.52497180268416,-1.8202283666817964,-2.7738303963799966,5.223942529748304,3.9658702802642454,0.8465847424285468,3.589048710957465,-3.5398383629704324
0.3138852699735186,-0.21600962833323653,-0.35417208143388546,2.4062054011099363,-0.6762782828201002,-0.008436903976725571,-0.3828469397345021,2.602447419680223,1.1161762488544955,-0.21794964271374756,2.386693351418163,-0.15416193897765232
1.3629631558425697,-1.0300742278198667,-1.8302812326923121,0.3904876704171042,1.9674984869343162,-3.305651122189755,-3.621451211737485,7.415221067408146,6.81299776423075,1.1000470924623449,7.121906173806074,-9.758760835604646
-0.18868698461924985,-0.297700667824928,-2.1291002044905842,-0.8174296890760708,0.30906287482284833,-1.908139013209513,-3.2198897594564193,3.934194080776608,5.437926657652231,1.5176451317957929,4.81863465435229,-5.980239493491949
-0.2641485212676249,-1.9655735221201711,0.5745286802439815,-0.1628968737346667,0.4917167377292625,0.8974528621771142,-0.8221276578865946,0.8001290582644967,0.8138473565915046,-0.34987224951038354,0.13401099064590427,-1.4282839587433043
-0.8053420883405702,0.3285286737492635,-1.0636621636145516,-1.4267579290865453,-0.33165900135039617,1.2712980848578157,1.5017194441459099,-1.2233950300146652,1.2711331379596287,-0.04177004202102834,-0.025413060169875046,-0.7261282432041845
-0.08185786562957591,0.5924011079478693,-0.006530557620762149,-1.1588619185847517,-0.33039415437225345,0.6492385639884243,1.1951795592727328,-3.3869777243573918,-2.989682565037838,-0.3291608118025564,-2.5926934326274234,3.3476713377975313
0.1762553065006773,-0.4938635380933455,0.5351680328223946,-0.04977329450394011,-0.390805347679274,0.29297755870077563,0.5960023585029063,-1.8920931794045448,-2.1727802200018056,-0.36779129813248435,-1.8255011022258445,2.62208527365252
-0.12108564668958871,-0.05324841166629677,0.6979716495131943,-1.3278718878101348,0.3400017802500455,0.5451948622242239,-1.9884623958994745,0.5527674636663924,1.7534607723857645,-0.1877416853434546,0.008286155099225631,-2.2057507537017216
-0.4568227664646849,-1.4030969938976496,-0.5537235873159891,0.07972424866864601,-1.6908089676094489,0.46045942205155427,-0.8889931163449462,1.6636694069497444,2.6821100024759184,0.0020726291159482192,1.879646998079121,-0.3624760942153502
3.042117533324039,0.1898648611018463,1.146127501484208,-0.265389007186168,-1.1722699757349115,-4.944409452126945,-2.672595857277471,0.6441588491868098,0.960597617603703,0.8992286491802453,-0.8178650530302237,0.8858051470191737
0.734303234284632,-1.9931466502086472,0.8138215472497257,1.4378395466435743,-0.165772796854854,-4.766352596533774,-6.350528821514233,8.162922634158033,10.294695866573122,2.5448835280093878,5.42622923298243,-9.6698130791688
-0.21810886992953288,-0.8862694813216458,1.4548234735398666,1.4690384789153106,0.35617855982971697,-0.999271304501363,-1.3772370444120428,1.6994410870427872,-0.3173010663990766,0.7057738508114794,0.12959258766594844,0.03915149143039698
-0.22457675660566598,-0.6068147092436373,0.24856191833842767,0.10156739105836872,0.2617212916763514,0.8695582818842875,0.5390331619169854,0.4260695989175556,2.5493581070198816,-0.32018127235875093,0.1102842209772953,-2.6647301802868375
1.2528032591333138,0.16373155680729173,-0.4857223382717822,0.9460379431482692,0.17397840799712455,-2.7552469942169653,-1.0906558662122163,1.721761321830635,2.5350617839085907,0.9491644424642651,1.7531856890925956,-2.655784589647969
-0.6504196086804841,0.48288009599177206,-0.11794871935084644,0.10063897638624734,-0.8681648878770916,1.2003458376563085,2.162127200823873,-3.039959997967349,-3.7678784821035256,-0.2481278542330966,-2.1648027788818154,4.710769396481347
-1.0098955700866254,-0.12316907057117638,0.38203440976712494,-1.4719829677619993,0.0684494038619313,3.350943116326812,4.5816552787580775,-6.9451819673457065,-5.598587085563244,-1.3613512905052196,-5.746430586526201,5.6813498827819
-0.09949315134191107,0.6306106950015211,0.9656498219550365,-0.13809338018261808,-0.33487943757173505,1.6774128795948315,5.343193470551957,-8.043133331077927,-7.95763647760558,-1.2981711822641295,-7.149537601044237,8.576965486297329
-0.5963385725223722,-1.4957989712406556,-1.1665180035557887,0.21303999448165772,0.8409127545478671,-1.373646691533182,-1.5635257187254328,3.0733841777975552,2.977307866344567,1.3177968254714116,3.3024433558758144,-4.190287416798143
-0.6858821888041373,0.3051286046102059,-0.905077613564877,-0.9379231939388436,0.25679272997777697,-1.4009609956582074,-1.1642706645556784,3.5042456329783915,5.199639240921646,1.5419271969013122,3.1504955350451262,-5.6564455837331575
1.0185551405111584,-0.40318453722600395,0.3902232318788055,-0.03800588669254473,0.7838193632241759,-2.072836875659823,-2.7860361685409023,2.680975756432369,2.878716421874191,0.6026891252759964,1.6334263669182927,-3.8369784598449708
-0.134956448157676,-0.2804794513490802,-0.7061091752033847,1.429474091301352,-0.9317438707261796,0.048435022253018205,1.0801640023112844,0.8844992978112274,0.5807534024848112,0.10977548340104568,1.4135794861404354,0.6902536403132208
0.3778701481848369,-0.7329938823329423,-1.4987411585105639,-1.2967419839899197,-0.6827830634188169,-1.6184366240998185,-3.7690480801927535,2.5869010033202744,3.344074820425193,0.8530773784687767,3.276399311289765,-2.723194797890456
-0.0295647589990344,0.7926914356366641,-0.11868574595915105,1.2077382567751127,1.067568735670745,-0.4893160377265215,-1.2086505728226085,3.86014636934435,3.229205133347648,0.3451306403875317,3.0920454619254563,-4.546330237703967
-0.052839704052738315,-0.1608107743492241,1.461322469285569,-0.8854305281112824,0.01875697087699604,0.6948700921270635,0.01888356944062754,-2.1049091580616515,-0.06513307856961853,-0.41218283112515264,-2.8644971426231765,0.22775105765871673
-1.0529874086040805,1.0572704103576531,-0.7435330744104799,0.5372515848274915,-1.3764614413504084,1.1968699356199886,2.266101928381805,-2.209958924826991,-4.119078107863012,0.05169602591858963,-1.1048675476114467,5.5311480281273955
1.1000002841084493,0.11386504925358426,-1.5564558089106353,-0.41619980904672377,0.23050936414451054,-1.9328657205540372,-1.8390650382518519,2.591939060994552,3.0594161653682157,0.3662005451547867,3.380992838821294,-3.4037171544882616
0.321360139854754,1.3768651096662403,-0.5640930351101312,-0.19209438568717505,-1.5592749683406946,0.7939867678259449,2.1197610345040876,-3.1357229503968913,-4.750420916259291,-0.7816603342052918,-1.935471831039968,6.207001562252071
1.0735712634655818,-0.8361703515906548,-1.4044723915382455,0.74258363359839,-0.5900247827416711,-1.6900231240428045,-2.2286972400835556,3.7522518590978464,3.985094416518508,0.27344382192509303,4.100057041400872,-3.196763219416853
-0.46313067280489695,-2.066595017232747,0.4983851763112136,-1.5635890885464594,0.29584984654408275,-1.4291021223558213,-5.387250477000737,3.6200171711386204,6.564373859298185,1.380155920824183,2.47591526253098,-6.704897792501254
2.164417908229809,-1.7681907682938838,-0.9451917329006364,0.9815492122897118,-0.2827215875643708,-2.4373881571349565,-2.8112955839018494,6.353244931944483,7.246565277180587,-0.21026824469628466,5.512118256546487,-6.953743553265293
-0.5009996808584182,-1.1170059107788008,0.92791058504638,0.16488361365421447,1.5074644561908574,-0.04247210861365511,0.4115075344454768,-0.7919317732181959,-0.8509587979298795,0.4111956467009381,-1.2253522188824482,-0.7917333448860143
0.8026447579558044,-2.010241252316336,0.9373300085152743,0.24976965546950894,0.08858080700005021,-3.392099200460921,-6.002595771248951,7.265042347410854,8.398159551457121,1.643321093094467,4.5583791439268735,-8.38540220395396
1.2630170930492748,0.5051991897531641,2.196827286408521,0.22221692513053762,-1.3122298320648005,-1.5439572336998713,-2.478025024716439,0.05048659934365553,-0.9993100437209915,0.14340075460523108,-1.8006278459339053,2.7180524648888156
0.4258575264557749,0.7713167202866474,-0.6214366173694434,-1.460154433907005,-0.17233090427782843,-1.7367598273894647,0.13350687806565859,-0.35015408097173994,0.6617666592012396,0.6522138875839615,0.20628382303124515,-0.2786177776121247
-0.6046828491709128,0.3986918106566734,0.28519661797346224,1.4144686547877707,-0.6821323927000765,-0.15923470320676808,-1.0205565945431132,2.013733722791458,1.88497921380058,0.5663135282655871,1.493935070801684,-1.0113211366987787
0.9330960562471295,0.07642896643472949,0.6573534579471529,0.8886307474287379,-0.25794833435507547,-2.1408527379969997,-1.9565401841322916,2.759320400333442,3.1134259356443588,0.6937005574590296,1.548123703959892,-2.705883479065093
-0.7380791025070832,0.5492693446523793,0.42046536161353437,0.8387299774678758,-0.6124096919220737,2.679182056152479,3.77581151074726,-3.5051770868013366,-4.936970340438038,-1.1093479481595652,-3.186038668960574,5.630334907777127
0.18674413758508798,-1.0975730991844845,0.359081231989329,-0.9048387259060647,-0.8006554496672158,-1.6929783089345485,-2.259120655242522,2.153518647374636,1.6228325749367338,0.8828734486676979,1.1306428592805342,-0.9292010312341069
-0.6727966138341076,-0.7352077099704429,-1.5890801669591625,-0.05919689285946207,-0.47906749629791356,0.6147860324573359,-0.08336292407465509,2.1896388838751193,2.210987650434401,0.20788745708966744,3.0010298912168905,-1.6397692354688853
-0.49854111251338973,0.5803492493576563,-0.7424937183327415,1.1415579658057824,0.7052701500563322,1.899334780706224,3.3948981460232623,-1.421444247054247,-2.8938372761647573,-0.7479093297252786,-0.4124386206278736,1.915024575798651
-0.15847168365792486,0.20085934567150893,-1.227663653048713,-2.197960115574692,-0.8681550584535539,2.3655303068319675,0.8780034915556335,-2.5809507241675647,-1.097484040265513,-1.2294304645687446,-0.9433944834345278,2.1118191656205156
-0.8365618519779278,1.2609505675192898,-2.374526275532948,1.1771896060335905,-0.88587250612456,2.2548289521505844,4.249926281773056,-2.264367067925479,-3.3768993424751517,-0.6235924810778206,0.3030013557635058,4.422521240928005
0.19527218880939431,1.5545534369728993,0.517701672697388,2.048098639033255,-0.9889812446119151,0.9915076463330079,2.611716248359765,-1.761818767355023,-3.304733487705428,-0.7556901992137086,-1.7185982206749855,4.372758409480986
3.3371596324401254,0.9568962517616758,1.28747100176962,-0.05225795815198844,-0.48449779025100065,-4.939763352356092,-3.6025487336273607,3.2547873213804785,4.131828130806314,0.6196235136268639,1.3444968490939797,-2.943687034237838
0.2586682359046878,1.122160532250275,-0.08308285961374778,-1.60630346268549,1.1845972067651476,1.1829788927036562,1.3851831776870451,-3.040962473040402,-3.2463263124586126,-0.9438653708700634,-2.2198967070993865,1.474876325413215
1.2968178939177804,-0.35837360772826476,0.678185328788342,0.5311179364505692,-0.6229940047074272,-2.090292306612255,-1.4794344794527785,2.00898274903535,0.7570840903379734,0.37342914460981524,0.9126126574552101,-0.06489979164001489
0.9010327327700568,1.8556992326714514,0.3661993926513745,-0.7890777646832916,-0.5674908115444796,-0.9035236273385812,0.26512138300143495,-1.6056699933646428,-1.6122364004866052,-0.22992992001211807,-1.5865468956240867,2.447778637565967
0.1176004303855433,-0.2580998519903571,-1.2932318455852938,-0.049888531091728874,-0.08176208579635474,0.6264833822851126,-0.08709831521369676,1.8597523365222999,4.956033677962644,-0.35248478959722696,2.437495018664677,-4.516299564777962
1.7536353791140273,-0.27365609466352325,-0.021253651757717547,-0.7252325873487141,-0.9015656407388373,-3.4399835547004805,-4.554599743706261,3.289491032613277,6.199895262472865,0.9118609323312301,2.662799654440045,-4.624839714062358
-2.0979178656698054,-1.0130553874512753,0.7184750543154306,-0.22006721555342898,-0.9672494739109032,2.613565855741395,0.36048236653479915,-1.8647432516108047,-2.7084556402194493,-0.011011931631423034,-1.8867461186715906,4.052180409763673
-1.3308088486775478,-0.887720279941297,-0.04538664442261358,1.291347261085644,0.4182498772592385,-1.5345728698404217,-2.171317263877082,4.0038341538377455,3.9506667041592136,1.9092963252643302,3.276329644225575,-4.578856614484902
-0.848397529563324,0.3670582794078801,1.0607105225317954,-0.1646423292823898,0.927962138923278,1.12947007288109,1.080219708931536,-1.5762109737718033,-1.8369257157722414,0.032972884579070855,-2.060457158423756,0.7450025137627294
-1.0728433474549341,-1.9977284564719007,-1.8492972786234023,-0.4710911159420691,-0.6573818282430218,-0.7373710813001609,-2.119537993494481,5.3333450231574755,7.548044194914544,1.4289885432458764,5.414311446697576,-6.679563777185516
-0.5788420408737897,0.9803578747611709,0.7874351598040459,1.2885959389139794,-1.4907579156077675,-0.27424149071780785,0.4069224402107706,-2.1129616271464893,-4.341776986577917,0.6352378210225127,-2.203614729743651,5.651592618009692
0.6842239773354051,0.5197051994891319,-0.15964361972286034,-0.6135695196580025,-1.5836044349912342,-1.3796626578762072,-1.3115526799109054,1.917794698579055,2.742919530492309,0.3326519385795461,1.4424833114245705,-0.7459351071056453
0.47791669031998485,0.29064365412128745,1.3049138115432652,-2.418953179059402,-0.9766222934757743,1.143269567810001,1.100190881014484,-2.7676749158280516,-1.639660059196846,-1.1916060691289243,-3.384996360273602,2.847977296328468
-1.7490635254454636,-2.2394303541001546,-0.9376972589315569,-0.11190395769214087,0.507479306477151,0.8730820647081285,-0.16156804253103624,1.3921517363940064,4.136479346919097,0.7560005779425306,2.0642693798602694,-4.452694188426951
1.004665354187298,-0.6656694267269588,-0.3973150997469202,0.3795321542357939,0.316969086398215,-0.7858573402106065,-1.6829827635269545,2.8618005869255008,2.1159439515281493,-0.31206961913630704,2.4732027891706303,-2.5902974903141995
-1.8764994322870072,-0.9477859931289614,-0.26940060859628123,-0.06936428476011905,-0.5459220770228624,4.106563133182546,2.2179729900636613,-2.9063663956236443,-3.4167716520907288,-1.1271655993570067,-1.845915457151117,4.179130843571336
0.7445232709781403,0.11263863991309447,-0.010722119850997414,-0.2966509877998405,1.7096774413639937,-1.729633253490221,-0.2600878136655057,-1.1084163818216899,-1.6535437112549853,0.547769881163724,-0.9344014013133916,-0.41950225495397764
0.3526263611833227,2.203112544435398,-0.5360439223310305,0.5428444473301755,0.48135342102214823,2.0093059455327458,4.60791347040205,-5.762406750987802,-9.57713229402549,-1.5357975568590816,-3.99962183160449,8.455782469884713
0.14383262486982543,2.128568953936171,-0.42789593432190803,-0.12191204672294845,-0.5743232172425246,0.007939913232134221,1.5939419053301302,-1.1864750164627431,-1.3658119516663088,-0.21337189898113615,-0.6570583197221463,2.226237545154841
-0.4503154553285509,0.19911769239923982,0.6877586551807204,0.3861458051751854,0.5850308003118271,2.831782309689609,2.2472520310588147,-3.6884649261850226,-5.797791253489037,-1.4265433745062444,-3.4023640378814446,4.886132572997986
-0.6664239180619833,-1.1688532404684833,0.24258909790667618,-0.15209835877461433,0.761508937716409,-0.22973972009291532,-1.0398049323657013,1.0929728824653653,1.9228145619795256,0.6736197798773994,0.6832336114101758,-2.6788432022811484
2.035628411609213,-0.3819144014753396,-0.5701318764467851,-0.3637916149066906,-2.601445224357845,-4.293591478582603,-3.4058635702706743,4.409238416271995,6.2577357138145935,1.1655312938646045,3.5416851528414695,-2.4332196097823955
-2.21286165237168,-2.2437046861556964,-0.9128391073087181,0.5192000606529363,0.4729793887186588,0.17281346487268756,-1.1829114936809297,1.7119723294980034,1.616007278978955,1.3770883754167913,2.138245520174639,-2.5073211700932214
0.3681519391179253,-2.2811471851908327,-1.1946006434374081,1.0690568796546382,0.8560798818581876,-1.80032454217011,-3.0558702659878705,5.883937459533981,4.925615234049545,1.1165546142734946,5.407998128257702,-6.40089429967814
0.2759383116249571,-1.639788171020608,-0.7182058047826655,0.18311125911285236,0.5449028184805828,-1.790174980302867,-3.714103308711628,4.118417112652416,4.659950067230614,1.0990985568401206,3.7333089482074673,-5.365061382937619
-1.2217474454799748,-0.16317440540722591,-1.8364742136077847,-0.5544552402430455,-0.9989235016337736,2.4100078280209734,4.548592647217148,-4.68731449708316,-3.236680344495928,-0.6033716847063012,-1.8653175965301683,4.902964739393484
-0.1513480418780609,-0.16661669460418788,0.57216896787324,-0.14591153193405998,-1.9477523298650457,0.27114090170067445,-0.8829065571188001,1.1796947667240567,0.6854769759392324,-0.10691180228339331,0.37161447256560276,1.6920129803631532
1.0110854305341614,-0.9648183343826296,1.2310915491110488,-0.6411226797808953,0.8782315436948167,-2.820029949262377,-3.385358335763588,1.3506015548603607,1.5346054546173375,1.1606973000729008,-0.3738960301492437,-2.54584486817837
-0.2907847506565434,-1.0416815364732566,1.5002738943719685,0.6613059116322123,-1.0996238060054373,-0.5666440011346162,-2.6886519873824595,2.5732779808497304,3.633923791476263,0.5998686788242659,0.7571563797083029,-2.19791875138799
1.3366286439038002,0.18143148221770594,0.11137915607699278,0.8095800725680214,-0.4399250434537838,-2.2716538842410094,-2.8089970662168917,6.299919465279627,6.87719006811611,0.3173142291307628,4.519857438112709,-6.144906926059166
1.2158103698264382,-0.9214627987127241,0.3492184061559331,0.18764370079452342,1.0515178100804032,-0.4819420268173242,-1.6067257960348527,2.392856838502514,2.5929902233314848,-0.5325777085466792,1.5719033963011086,-3.898311975372871
0.8453117878382301,2.217155307687306,-0.2231535530427407,0.700736419681667,0.49435263890836684,-0.940374327592941,-0.10874410788347456,1.2364888772313598,1.5703105851516048,-0.0893253463768592,1.1289905205424042,-2.206707723438491
0.20811384147764786,-0.27098552782173924,0.6902709701142494,-1.1976777339975044,0.3844070049819502,-0.6472980623744858,1.0823537940796344,-2.691438702805493,-2.0918451459571723,0.24056124439248786,-2.7529757125027716,1.6928808059586018
0.017992987615423853,1.0610782928423188,-1.7273204446049186,0.539335361357985,-0.7328091835330754,0.5575961509844541,1.3646185807329125,-1.080038099477527,-1.7365724446546913,-0.42769550245722654,0.7435082152106793,2.730004805060331
-1.5121375123443113,0.5303285372344515,-1.0767560141007662,1.1191368749768844,-0.8007626336537298,1.5531893710133673,0.6608920671095104,-0.1949790886172309,-0.47539433332752246,0.2179559116967555,0.9707907629759001,1.61457586123194
-2.2514069277417565,-0.3798179657762855,0.38198311023146425,0.82260755175804,-1.4126690013828003,3.9901569436156783,4.773279893554526,-4.752402618161502,-5.575616712428083,-0.7173474829621839,-3.862240577070056,7.311080709510339
-0.634988669778316,-0.13135299358237823,1.622755979290693,0.6257902577614466,0.055519263393010415,3.160707380522999,3.061942453006284,-3.639398618581415,-5.187135783007047,-1.5164431313308109,-4.505134421715908,5.273569701169282
1.2695668091196906,1.6977109364219019,-0.8283674442111494,0.0011575880068246912,-0.12150786456275707,-0.8096356696190244,0.4756528428569638,0.9788777896219467,1.2599413832340751,-0.6330994100193419,1.4104147426754037,-1.0392271378273827
1.4028542987911832,0.9200016644790446,0.8549051298979102,-1.5261623789314172,-1.7352422384422281,-1.4982568145668576,-2.372301229165318,0.8472960153055137,2.226232246007374,-0.15301985530659987,-0.042982974731714134,-0.044431568798768833
0.1582967043458431,-0.465961065240024,0.8854521804628149,0.2773905390886545,0.1263076440606997,-0.39139962714386745,-1.8112095346400614,1.4517190602924466,3.0622807877605243,0.1742327335662909,0.4386125369268458,-3.0401749152704274
1.6668495516930468,1.2363202712550803,-0.36507544723587465,-0.42066743253871147,0.5426969629484201,-2.253697858325018,-1.4736933410753879,2.458475021854951,2.5065515102925233,0.024594222486753747,2.211619686870283,-3.258427546003031
-1.2958707338762467,0.8834548552518877,-0.3504489809454566,-0.9016980884935921,-0.6259121838257398,2.4912954179368505,3.050678769497677,-4.837765366470418,-5.743249311011945,-0.5154996077035454,-3.386368607934047,6.303868853653222
1.7516810830798761,1.7669532590076997,1.001680671485312,-1.9306066602957361,0.853806595839424,1.0556171405815127,2.150143834677623,-5.162967127955223,-2.418868638171084,-2.0577712732378606,-4.6810243822796584,1.7729653279718471
0.9264320815588596,0.13337041489400672,0.7081075387293859,0.06660012645405726,0.08023823526885919,-0.25712544319323916,-0.07455742335983176,-1.090002814721812,-1.9018485948692097,-0.6051335691496005,-1.3804062968908488,1.7036865284478262
0.5064912266189256,1.268768468973453,-1.4760239725404447,-0.8064119514540448,0.8981924148677493,1.384817492555185,3.0271871613475647,-4.266517099388837,-3.59075150923695,-1.2641503836051167,-1.9633751306801654,2.5002297550393386
0.4390528602010121,0.8616389724222404,-0.07902955105665552,0.33427751715627146,0.2620855551379905,0.8453925164630535,2.4610739107608763,-3.25203174698911,-5.297103518152172,-0.891811507474974,-2.4898800773850858,4.708957045012989
-0.591537954867065,-0.037260121742120914,-0.43071041014438466,-0.5952989639415099,-0.721893383297368,1.3874569459031865,0.4758477354860171,-0.9376757968966892,0.32687256133806175,-0.4413489959016572,-0.34000494799165126,0.6171364389197456
1.001695208109975,1.6029069706430066,-2.2427856161618673,0.03654193276845438,-0.12801011004007926,-2.2580657001685642,-0.5144802414862789,3.3651084833198652,3.514896329,0.7353343751471357,4.345871598800615,-3.22540259373512
0.25377606912754336,0.044786177652133365,0.5620835885577649,-0.7871583373370791,-0.399872875479127,1.8129181870974214,2.76081162787518,-3.709305743554835,-5.0338930902913255,-1.369446169603547,-3.5600612922149963,5.15152658200113
0.10596852312971392,-1.1418022812256188,-1.718412303564278,0.4931663033266255,0.8961895435883723,0.4080781639072342,0.7816563782549756,2.001404798196532,-0.2026577608180814,-0.41341988767875815,2.949578703436017,-1.5111153625648317
-0.5298076355999664,-0.014488682703303536,1.0259697685084959,0.46894816358021646,0.6843375671287977,0.20915063792899624,-1.4018028129333557,1.939492834198533,1.7855987813895418,0.2562587522237105,0.6959097787397919,-2.5658953809247986
1.5039445720071625,-0.6396826096402878,-0.8286195130569444,0.16913261580288771,0.12060686364474936,-1.74674213763067,-2.2888470811923787,2.230438072808899,2.6031144313636188,-0.1456714394526901,2.3810082957100516,-2.753638777853811
0.33818688913666606,0.7412751461651231,-0.40184166008703975,2.871935379100312,-0.39593988453430845,-0.9727544084502511,0.9038146095230443,1.7716358039926943,-0.7251521785971815,0.46982921012931533,1.926628913500316,1.406870027431867
1.3534875179974575,-0.18851957345377984,0.7031807046920917,0.8958995197059486,0.4236363615492512,-2.1272920500720955,-0.8298193601987754,1.9690877541285796,0.5736865730413185,0.39256094520830487,0.8626764468650253,-1.1124930820820802
-0.8948600644200572,0.16018203376872775,0.40951232443490754,-0.4385995815002821,0.7616412462219292,1.4615749048141595,2.41524083506776,-3.757191951098339,-3.8628593968162233,-0.13782043875711952,-3.258309484467065,2.836372068027994
0.8458404427478691,0.3099707000047555,-1.7013563498876447,0.6918200828910204,-0.49565074460723657,0.0795653483112913,-2.038221732169194,4.269106850079606,5.337125022715156,-0.9607515202980114,4.850666694696321,-4.651974653991758
-0.20706827635283892,-0.4852817679251846,0.20298162950706108,0.1438155000378304,-0.28159792055564087,-0.007001717791555978,-0.6525425626730531,0.7615817013106828,0.7894641066170303,0.16218075518477365,0.4439506175975843,-0.4393218787890898
-0.8411227064988995,0.6206640025519609,0.4130760019756314,1.255989141021913,2.7512484704973637,0.28120739786287013,-0.0736334725240527,0.5408488353866463,-0.11083844005614933,0.49760215755988657,0.4119120328262981,-3.324952214834288
-0.551051948582175,-0.5570994515139681,-0.6204786916032843,1.5956054717655688,0.30609802760660326,0.6393672087408749,-1.1655229966461818,2.709499537961566,2.0195298360378886,0.0514842955155114,2.710021818621759,-2.2371403517888324
-1.261930651594589,1.4477524730987592,0.17036524956361399,-0.33858045245224644,0.020219755970251392,3.0883832468663046,0.8859054922421395,-0.9158793010615672,-2.9743972396652985,-1.3294425044709026,-0.7100860919684671,2.937440841753643
0.28992566732894665,-2.0456719965401295,-2.352015610497617,-0.11970721353933206,-0.4939851882861446,-3.6796693282636186,-5.773136075934112,9.90710874106097,13.698843733174332,2.4851578872991107,9.215048677692,-12.908625468963878
0.4342829605480759,2.120081598235641,-1.7962454949284725,1.0097835804424138,0.3213053328649838,1.0682859501169957,3.624106481896642,-2.3778400984489183,-4.787411129659418,-0.9546398294878367,-0.09835047453901853,4.257151115279726
0.6776786527715761,-1.4146656969379097,-0.2967573186504232,-0.007170905830607151,-1.0474642831810037,-2.0955710890316785,-3.837077441734432,6.014945658831264,7.262124313072133,0.9278807904868536,4.786227658709337,-5.892199574809058
0.42125775906715845,-0.3285291442479785,0.4135189301571967,-0.01870654450046367,-0.4967726054120605,-1.1063983163614957,-1.6936244700933523,2.0567238700675565,2.073581341777653,0.37779033551846264,1.1774460111246403,-1.5039542623040405
-0.31101374987570213,-0.6841828186406335,0.5335044632696662,-0.46046064180046675,-0.14239326087489754,-0.4812880048326836,-2.874289131815277,2.618315816424139,5.385803124159034,0.6922263734477587,1.6487124362575447,-4.8901400746545765
1.6409745839770546,-0.19857232927774268,1.0261661199744196,-1.320671242751297,0.14080834961383712,-1.7685011579753842,-1.5199789392639558,0.9166369359275915,4.191797847604052,-0.10905300603996962,0.0465679164606162,-4.101193008999876
-0.9465269151512304,1.339638132058619,1.2331291685652157,-0.27572878882606566,0.1390155672782766,1.0012421987311098,0.6855169471997691,-1.9726180482833346,-2.00469427087981,0.1566516705699408,-2.6239338750935475,1.9481411809237454
0.05129605615567576,-0.07930383558085821,-0.22810301908347252,-1.4491904995217424,0.7842817630893157,1.9335738080731362,0.9041459301940598,-3.0391747627431993,-2.134305670868694,-1.148935560519393,-2.009885624701137,0.9274944152845742
-0.25198615879111913,0.7408525177352888,-0.4934129611251345,-0.08047442845302165,0.1169269487801912,-0.8969906625253198,0.2472382000701406,-0.13779436269778572,0.5926306877693576,0.7130827019304761,0.2964205818935467,-0.7141759204268552
-0.9187925437245854,0.41118308319980007,0.3185945957545489,0.04179316426776823,0.6344286416035949,0.41470561948567114,1.2917132613832407,-2.005451587650191,-1.8477238496308641,0.47663910353743777,-1.7766044258307523,1.0218281166303391
1.7610433267812824,0.7128582869090732,2.4600356622164528,-1.0904625728314818,0.8476921301081036,-2.682919835617758,-1.6215326282938496,-2.8397567694368973,-2.623808201612884,0.5845324310857944,-4.33652915914107,1.7481345323391617
-0.45121508776246977,-0.4532156777391589,0.6568523486533276,0.5599985900817909,0.08656240619544228,2.5110999919677486,-0.742250952571953,1.0437292717101725,0.6278808456332942,-1.2125622135409322,0.24280175061748205,-0.5851463755161764
-1.8886655733417617,-0.8999008588030857,-2.7453759960047655,0.08243922875113681,-0.6727583579672414,3.0030628310728784,1.8893063039348628,1.0750098138948008,2.9115892671594135,-0.2894402447592729,3.1176273174054634,-2.08213903445643
-0.27904192215934326,-0.1022820988913819,0.6241876644513769,0.13862566105661478,0.30706993713240793,0.6110161368335337,-0.37640976330890463,-0.49772030389811656,-1.3838902235271933,-0.18519035283776097,-0.7886043869298334,1.0120715882287024
-0.3021845316713529,-2.17059884174573,0.5056342300917026,1.098723667385175,0.1801632144695126,-0.696126411807352,-2.5448492806239,3.646678911249138,3.1445958841771797,0.7734402016713283,2.3766333543518394,-3.412486026015281
1.1391932987258941,-0.16997378631279011,-0.10539678799704538,0.22339824661491087,-1.6615143109864385,-1.732401034030683,-2.8707789064634563,4.04956530299555,5.833888667272586,0.22319296380987597,3.1943594007191627,-3.4926749775761983
0.3519980805369384,0.22377587040326657,1.5701044360468728,-0.8539696740081647,0.8998680272632604,-1.455539786646341,-2.7600206821164943,1.4604586996157434,3.459321966173725,0.7319009706953419,-0.1467612832784027,-4.376226888919525
0.12748895563238224,-1.2762514758717871,-0.31397747586123237,-1.4477687629054758,-0.15272596796904545,-0.05515003062764845,-0.6880884052041818,0.16291057509078355,1.4359891274726062,-0.12302961075635635,0.42847041326504987,-1.4279625900848043
0.5575158696710708,0.5694678892913703,1.3414970125493113,0.7337615955687706,0.3714606182522678,2.8157737123121738,3.060649167572834,-2.701189064552934,-3.991541898822793,-2.117800433586145,-3.5618726677192925,3.6043028406147726
-0.12567870109280316,0.024067940387147387,0.3134918945000132,1.5416290564016537,-1.8814789122487399,-0.23352894133203594,2.038544726886814,-0.2288815171931211,-1.8080760541433285,0.2971411707856738,-0.22578577420549262,4.188249171647936
-0.2858586151848238,-1.6635831361185902,0.19225078374136773,-1.7258844484496774,-1.7827437402927528,-1.1426362880999783,-3.528029980295688,2.826689288177384,5.5208788493804315,1.035948786231769,1.8906419073190768,-3.235015121294646
-1.6645465109028392,-1.0299044078665522,-1.792615439359974,-1.2471644558266761,0.18487492347731316,0.5447156142887116,-0.8998486719224547,3.4922634185198524,5.137676362377954,1.1326809767709116,3.790481466674057,-5.567660943383435
-0.7338028591181979,1.1454730075967916,-2.163494315189426,-0.4580625456504838,0.10191139628451865,1.287942269246135,2.359383510900822,-1.8891524134251123,-1.4980891517799786,-0.13467761919602794,0.4192866201481843,1.6048549712846039
-0.7276034320596269,-0.5613593670565504,-1.3478667250973821,-0.4309827130185467,-0.055222732148952666,3.239657689818734,1.8080670640178345,-0.825959859133305,-0.7879832025907698,-1.4354920846525294,0.6255424584270417,0.713883747145635
-0.6948169586504566,-0.1057622008390929,0.4387085878387104,-0.6892780703801767,0.4190535858608287,0.8665980943438256,0.800824954235884,-1.3930783848774617,-1.9145786331644996,0.02857617996794266,-1.4078792253092574,1.35180544626422
-0.21960464906479563,0.621658950866306,-0.808578839923074,1.5267220300614441,-1.416498082545181,0.3071425733483878,1.6623386727815328,-1.1446009959505685,-4.0974254111962685,-0.026906606691024362,-0.08082932738811426,5.420889661703594
0.5978057976889839,-0.5642418694118717,0.37870627101412513,-0.032480086218703505,0.6069845598517973,-0.8635306453584533,-2.817944876191658,3.3449385129805607,5.308677561837919,0.21224209071974182,2.324425562827096,-5.661944327514418
0.6897836943844836,-0.2603795515953814,0.09414840551860046,1.322923798677172,-0.2413697652772803,0.0263539656956768,-0.3010908153497265,3.1973133206319844,2.243542969240895,-0.561523611187525,2.2318621039625324,-1.9137067722620638
2.7965302253473574,0.09232293532882246,0.09025152829635497,0.34988533439044917,0.8437068670891678,-4.51248858579672,-4.862815675526092,6.1453694458047154,7.502149775098908,0.6113822368013296,4.525700803561156,-8.288429666903832
-2.366775908880615,-0.9559643632670739,0.11931690444108062,-1.8349349922374125,0.2456886750747387,1.699903200504395,1.0212099242703647,-3.531803198510951,-2.960520526723297,0.6514536690568998,-2.866664944451435,2.6561633602257153
-0.9369114680478716,0.7601011979988322,-1.7121638736707843,-1.0491227822629534,-0.18699875808745767,0.16822245760568455,0.8834541146232752,0.8421349427758028,1.9771174198771886,0.7717801090036256,1.90560119787704,-1.7564136813998072
-0.37426527564426026,1.9999577945564535,-0.07892156105192702,1.307127044150724,-0.27965056774930147,2.9236562092373903,3.8411506896455965,-2.998998451115843,-5.186516059195367,-1.664322245637473,-2.301607477412858,5.225835903838164
-1.4130610717829035,0.9174763848272816,-0.6484075202054805,-1.089207382117292,0.8181247684568428,3.1074779617953556,1.8761349868985295,-3.377510668436729,-3.8699802776363663,-0.7851495061277124,-1.74163588621028,2.797033787291973
0.8028900050632457,1.241422059528713,0.39578248806225585,0.967476021876858,0.14038211314897137,-1.9064366867228284,-2.4176315499597107,4.91500063526699,3.6007233828908793,0.4775474288902183,3.3656737308541214,-3.82214256531631
0.6312327834660496,-1.348084022442255,-2.442482017920016,0.05466455501861682,2.1822498530698122,-2.0859429432544205,-2.0189502596845186,3.615925594117696,4.971293447681487,0.904406242471094,5.022651558122492,-7.627819163962296
1.6366851685697852,-0.4496958038478091,0.5534821581219865,0.5027625403627162,1.2115759480813186,-1.7402370605319601,-2.428756866637951,3.4038310012950554,3.6690816978577985,-0.03954388045029425,2.115736653006629,-5.091429488745587
2.3178397409306917,1.5443007114404557,0.6716773645639877,-0.663605387308112,-1.4244946941438337,-0.9246358459165519,1.093592899958061,-4.371484501472036,-4.83284361412947,-1.206326303002577,-3.7290054389521528,6.544448589953474
0.4262376019315487,-1.4369112874839414,-1.3918112900011383,-0.19285464741237668,0.011466200699597903,-0.47702806865024344,-2.707216973594734,4.579320362546262,6.736168916939555,0.10197141696493549,4.707507564972668,-6.5548306108683825
-0.2597900851346743,0.3782826043393709,0.2636128112162697,0.8459387074142315,0.2723095229477363,0.23888667582620438,1.5472015132494459,-1.1939853313329893,-1.7342043943505334,0.07284121533257348,-1.0755671140668879,1.385437852818937
0.6099269491872619,1.0860384372315326,0.17816300327583473,1.3327092530044125,-1.5615223872826802,-0.7089992093532215,-0.1899201983019575,-0.41720191193478456,-0.9400255359960578,-0.023383287478324633,-0.24307518628062375,2.758846965232922
0.7860806542702748,-0.40842742119190806,0.42703131540176953,0.28957394516052304,-0.34878229987569154,-0.7979405091309838,-0.9659221808638316,2.4148133558677127,2.921122981930454,-0.11623475026259533,1.4332590545280024,-2.451812327858926
0.09668225412305981,-0.6842205037809594,-2.2844554190340407,0.5082306384087598,-0.9214253230954017,0.18329409321797863,-0.20664587389588743,2.569612950910618,2.084401193899322,-0.18391789901156697,3.9512481150344634,-0.7705146894825619
1.3389112913737506,0.6932395839421474,-0.7912500770599132,-0.36691777453745456,0.693439124036958,-0.8826787386218427,0.07192819387389268,0.2743633422381947,-0.0905610589125739,-0.625355374989527,0.9838960265240786,-0.9046794580919263
0.28200551012086617,-0.03542636638365617,1.4394015180903041,-1.4834516351593734,1.855691613286281,-1.2867292493204747,-1.098430902570969,0.8710955570848314,3.4676164245199885,0.7564897666941441,-0.46407094502731444,-5.5597930362064885
0.8452236730977715,1.1525307315697986,-0.05284105446049484,-0.6562783882584124,-0.16729415788113602,-0.014315284393333391,1.774732344957776,-3.091460745870416,-3.15033424870925,-0.7301170997565153,-2.388191006086806,3.2861832470667247
1.3575189587814231,0.38033158691778146,1.4199386772224434,-0.45157428990802034,0.5538930883078845,-0.6316971705344739,-0.5935903403437293,-1.8044193862444342,-1.6335551856188228,-0.590639031729703,-2.4895704468637936,0.9250329360414385
0.6009513424185556,-1.2953277241829408,0.12303122135943431,0.29536124752313747,0.5447503118154261,-2.88459800290053,-5.632471352304413,6.660230346239429,8.265319848088446,1.456746168007983,4.992012630638495,-8.69326972454097
-0.49026012899110283,0.5360367084685377,0.17899101287861474,-0.43578574682133386,-0.08148649423225533,2.024335789576981,1.504471949786136,-1.0238012191720693,-1.0957891748116821,-1.011810187396909,-0.980394651589904,1.205775263927167
1.1034235205153282,-0.24693888521708063,0.6954812102343085,0.101280598208512,-0.20775831599005923,-3.7328470660287847,-5.047354281504132,5.878310226751627,8.3484076174226,1.6273721507133636,3.7529999221037733,-7.654204398720473
0.677945108405918,1.7894682751716655,-2.4346324551553837,0.9335729173142265,-0.6849640317765789,-0.1882883551343169,2.473382663586775,-1.7391346797403178,-2.991159805658182,-0.43466920519965646,1.0085531770083993,3.7865010761912785
-0.6016293107374404,0.6161605313461741,1.3690188921164637,0.6334008585617724,0.5040514026572952,-0.34515740878374845,0.820952492615766,-2.1893056716475483,-2.910804028672242,0.6208256652154752,-2.7739687400974917,2.3434399799029233
-0.7451663983847099,0.6483504302967978,-1.084243225420006,0.8155940993209664,0.42446311146456434,1.3397723244486912,2.086226977966131,-2.177721254936696,-3.3219166546483643,-0.30920904929418125,-0.6418486567324148,2.729046691694364
-1.4696396604143118,-0.9483140628600241,1.2858556562306462,-1.4527441676644937,-0.7919768235986308,3.027596749546911,0.5740300435255291,-4.944940332385605,-4.867372206626968,-0.816491429043916,-4.848701645492104,5.9436047375937715
0.4134877748031963,-1.5099536374694176,0.6920624581086399,0.5747167404986301,-0.6920435226751119,-1.3411452606696352,-3.0088583039001704,2.80531237166859,2.573867793477154,0.6003285094341813,1.5575510154088308,-1.7236946796511083
-0.8958430352564453,1.8704810623613868,-1.5906532956899686,-1.446554167069517,1.2040230553031668,1.5254925338213752,4.935613623063801,-5.666898410684182,-4.4809263163578,-0.3093844974171378,-2.9317263848327175,3.381026943609863
0.5048266902396261,-0.3509788615677079,-0.6843835084132878,-1.0647393058093118,-0.16742674857103598,-1.148219511867548,-0.8194635607283527,1.4726764036440396,2.2459184639637195,0.3369497175370746,1.714307990866257,-2.1318601379230193
0.915048899623069,-0.7804307924129454,-0.6554777972791572,0.5896158224572966,-0.24931681215528517,-0.9040658609977877,-2.7340212762531033,3.6246256105333656,2.667715742055653,-0.20704984285354913,3.2928544561767144,-2.4519686740350535
-1.6787658326019668,0.26856279255874377,-1.6934326759004377,-1.1395100524379989,-2.2535853334735685,2.5152312604372344,1.9588225813533615,-3.023288963546137,-2.8316454615110156,-0.2623727067355712,-0.982795949399719,5.694226427957771
0.5247634715230861,1.9703909071061816,-0.7922296793019538,1.7145979323098415,-1.0209613216702518,0.12303370255835627,2.9004969269657273,-1.0019453544660444,-1.944865503957556,-0.480705584927279,-0.023299884359080085,3.26664311435167
-0.5346429671458612,-0.009075755436047134,-1.3241581698278257,0.015571088905525911,-1.352452722554008,-0.9437628796959769,0.3523110571215851,1.0638653427184634,0.10247342785466576,0.8789224465065417,1.8885922430790658,1.3316084663573429
0.004036422847063806,-1.3727813182354411,0.3869834693934311,1.1633460856736848,0.4225829995012506,-0.8263055186440611,1.0999591349510627,0.3337792370925857,-0.9214794834952212,0.5527893538822255,0.11185826529278793,0.5461186955741046
1.2930031034171505,-0.49351051001396107,0.7604651281607663,0.4626886171507508,0.24951774159177978,-2.3815037194205964,-1.0956153270776818,2.1628912838666494,1.6530251438419103,0.5742536089897324,0.9605211012298536,-1.9706024699797513
0.5988242033518552,-1.101832759354779,0.5914418534765867,-1.0846664102291272,0.554214724844043,0.6460747797119918,-1.0167772750430255,0.9285366191381319,1.2148858258103974,-0.8151713480118836,0.25714907361404304,-2.2027450836286873
-1.9617263824136588,-0.5244258833888226,-1.1100479274132857,1.9691425946747745,-0.37263934007263755,2.619354137559564,1.1650820865667864,-0.1608921094826294,-2.653375484625404,-0.1915922120077112,0.749762731801759,2.7266756508088887
-2.0689197714211343,-0.8531645072361194,-1.1102571718404364,-0.32308493533149324,-0.3872068283339962,3.5693554266156853,2.5987779190916673,-5.289524861833067,-7.572324275747551,-0.7896765447486268,-3.036761524898922,7.471678984589327
0.19501362072493858,1.5554153507843107,-0.386296565925065,0.5486564302268109,-0.8037726424304452,0.5914091336713038,0.6697605624313556,0.6799904014857457,-0.43668207834629924,-0.7635640059388364,0.7979152187186022,1.4515370720164362
0.19003234312717035,0.4045686873033702,0.28966973236074217,-0.12973033505002252,0.7251018288072714,0.491121829475977,-0.35014785465878917,1.4814650941806013,2.779640773413913,-0.3540542989116776,0.9037597568699949,-3.474744972266425
0.24213140839429534,-0.4368814993554895,0.11987255911581723,0.9467670215571837,-0.20060526080299768,0.12342075292517893,-0.18705798554981964,2.488567105292209,2.4714943173729615,-0.24344007750611577,1.722085832419282,-2.165599520156446
-0.1378725382873123,-0.5865950990467265,-1.2134062040993494,-1.103918364229716,-0.5162236391472231,0.49234719515976594,2.3158582108242056,-2.2011597382109844,-0.6018128262152141,-0.26676595641489353,-0.5402038300844288,1.3752685680449943
0.6946997763455992,0.20375183605907388,1.5513843964411151,2.4546034585931644,-0.5587133419033181,0.24976070289825725,1.7030253708884866,-0.7675021915524265,-3.1596581576456124,-0.5645141092048637,-1.7589599826796014,3.7700092742189826
0.9442743674512708,0.5263381341210892,0.4251434419945632,0.054890735763300516,0.05264690785020161,-2.278252831133377,-2.5300301901311246,4.107453963000224,6.1784851242303205,0.7808728405872052,2.719156252004666,-5.957277184152501
0.8547331412351349,0.3336656205736986,-1.6823466153049145,-0.741096030026453,-0.15262889560488796,-0.14710194830593476,2.661925363713671,-1.2409443287881536,-1.6940689537905964,-0.5195715734820415,0.5132539026178313,1.883924250457037
-1.3553081410894767,-0.3014235169813659,0.3675277713219578,-0.6143806082028149,0.04097806513332562,-0.5895005162084332,-1.1429912980879193,3.065413257855806,3.1929327845316213,1.4209319800803382,1.7502379338212704,-3.4608814842687607
0.5994470343838609,1.1577454562406988,0.7869768639030533,0.8534589288522738,0.627134015169623,2.4720540050698236,3.0737858911085283,-1.938526734581432,-3.88312993012416,-2.030947787457299,-2.367758102913979,2.8671416940649155
0.15158318939335433,0.9388099239133948,-0.16834096316519961,0.9385516264729789,0.9038714819978051,-0.2271028713670618,0.11727695097696522,1.390461046350146,1.1803485285108257,0.0681798649673167,1.200782955650365,-2.2679965671275992
-0.6211319983400035,1.8374473831464428,-0.3209439904264951,-2.0755701334389185,0.8183381600812788,3.3719059914988083,3.034656387429647,-6.646103606202098,-6.417129370278635,-1.7012239575042205,-4.507521792315414,5.272547688223241
0.2599164555892226,-1.6374476382385585,-0.18692654693082444,-0.5755857405299327,1.2692257492833467,-1.834268037072724,-5.387424129299813,6.532580523004064,8.392638378154453,1.063037482665944,5.048237817995247,-9.643624109058631
0.5163318521572874,-0.6700991026700911,0.36048742490958774,2.1195570593891007,-0.3388980308012302,-1.7675009546044171,-1.9279671567285033,2.958181107354727,1.9620231795136884,0.7946342464031521,2.1719204346726957,-1.3527625464486783
-0.2366215230638127,0.9699568972833527,0.058014947753963875,0.11857614882900108,1.2964684244045686,1.1787629155316692,1.611007048868619,-2.3229170124270273,-3.3028701184278346,-0.5296604768162347,-1.7576747977478546,1.60159213423904
-0.7872344640099614,0.16996382609718425,0.07231599730722109,0.4264875929107022,0.7360056571667805,2.561139369542384,0.7168909553003393,-1.9243497098482325,-1.8451240587558841,-1.054968089825537,-1.3304265847612515,1.04359386694617
0.6148075526479171,-1.8602766025106778,-1.929376979767145,-0.20965720066610627,-0.5194158463994286,-2.2347939223951063,-5.009774257246472,6.166987507033078,10.454641726852454,1.1851187977330142,6.522789432420779,-9.352756777034797
-1.4882750364854225,0.12671291172198837,-0.3053192679659027,1.0607786584883916,0.6104933165785265,2.53029228069104,2.958488411221768,-1.4832162404129137,-4.227901155216297,-0.3706677228210693,-0.8710746247161784,3.276213688779803
-1.571234245898298,1.8216177687091688,0.7710727276535884,-0.45431048856432654,0.0426129850107382,1.9427325285978339,4.341319355306336,-4.9945839135894,-6.304003928490382,0.008238617391260625,-4.612035359110922,5.978408032316752
-0.2006482721503618,0.0024051968206853305,3.110503060742423,0.13933631762934887,-0.5373258179979856,-0.24526675869872006,-0.7877972250055476,0.100108763179115,0.3240206086929114,0.11032580118059811,-2.6439104119101944,0.5184365851997913
-0.6142572991265819,1.1446818084488393,-1.0931974895436896,-0.48246112212961784,-0.4211491213057324,1.8711781521263842,3.003572609192025,-2.466383984915896,-1.7893175022508345,-0.6847486333654349,-0.9658831846265411,2.476134462079508
-0.45865098052297903,-0.6521825405669325,0.012831550663861886,-0.9858671949873065,0.3004597740308975,-0.02035002038295028,-1.0295604770099684,-1.5486828238532673,-0.22227302007122543,0.35803088718673737,-1.1213212922137694,-0.04348543549752995
1.9381795592815396,-0.2983525612098532,-1.0089511804954654,1.182637128914678,-0.8043704366379907,-2.6269811190907713,-2.1188547181111757,3.937683843913755,4.206278565840525,0.16749482882626515,3.9272139894828393,-3.0351219210825313
0.2059563578100694,0.8434034778045769,1.2150477976503753,1.2161583389469472,1.0272708837262035,-1.0329535027987724,0.4286122780093283,-1.4437159261271921,-3.015174517149091,0.4746806597889286,-1.9901306457438974,1.796128561280253
-1.3559110142377264,1.3824242334819858,-0.3917899759193494,0.35339350678677345,-1.3130712144970325,3.298155219873007,4.312591582140546,-3.663118860778303,-4.863522860092965,-0.9986471262289442,-2.5146927268340877,6.4100769414857925
1.5861358339684462,0.3836278443268946,-2.0704009053024017,1.81895924970766,0.3379190332191346,-2.8562695916686285,-1.6140654034059414,8.534355517615309,8.745213548148387,0.8797170279394573,7.81512616239215,-9.151416987109192
1.3189651215228524,0.590283959925299,0.3395559498224598,1.594475276084082,-1.7547245953751125,-2.3732199258045514,-0.13825643776636384,1.4194567450002504,-0.48606029888995617,0.5155365498734892,0.9692076326743031,2.456323476314165
-1.2877062730304891,0.8669058971648522,-0.9733546898517995,-0.2583745158463993,-0.7030646828050333,4.3054025302765355,5.042518424216856,-6.525247804034812,-6.470311632498552,-1.658154247015116,-4.045536909141871,7.342257569533401
1.1298846981041337,-0.8846182136178539,0.37095924707544853,1.38677904924784,-1.024227037526681,-1.1383504900807162,-1.276073978265854,4.125566401025255,2.8812157125321343,-0.15276579270185095,2.760943406974248,-1.5875309724077638
0.7005705079230885,-0.12201371000052083,-0.7640587823411722,0.23295765307123917,0.8807201335629836,0.27796486947056753,-1.5194078151504096,2.8410120747746856,2.4779938607913436,-0.814129937169504,2.934864880160857,-3.5793223361817845
-0.3542590391402465,-0.5435894681474619,-1.5935432538820418,-0.7193887073519293,-0.18628937738411697,0.8155943255838357,1.9059858351662788,-0.3890468778661136,1.6552446442432702,-0.19778336941597116,1.1241021095523267,-1.2808840129880017
-0.028184392384995607,3.0482564741271916,1.531806989149449,-0.2641169217285784,-0.5115190398639855,0.18760555577270713,1.8097869107642988,-4.636887902154252,-6.204849393037399,-0.28495761417240684,-4.795262615226358,6.757313742164344
0.6016958618903517,-0.15217901981366874,-0.29725441310063977,1.4543742224589,2.728518298311676,-0.567459994933577,-1.1445850351942033,2.4035661115735083,1.632338576710869,0.031516240596824195,2.216900443243625,-4.8251706399738294
0.693595588588318,1.4093363130339758,-0.21318953842791238,0.12523908512381665,0.13982713262413504,-0.2688746753774363,1.5054151881137632,0.015859481334012944,0.9960066164918444,-0.4036193608841795,0.07213015077222674,-1.0682547171449952
-0.9152542277010647,-0.08969858067367406,-0.87553291087259,-0.5116888039859917,0.3153327154735699,2.13302676791043,-0.7415638632814242,-0.17655883920814375,0.9606525735071927,-0.5684585477414378,0.8396211868844009,-1.2560941599233038
-1.2196942306706868,-0.6959613530528062,-0.8863689165786407,1.2961567503839901,0.17717549293720672,1.2639337191048254,0.22704629286234823,3.560743361718446,3.9407619848358433,0.4109842978764633,3.417108630142215,-4.1378113180091205
-0.19753069333134288,-0.5712296011329944,1.364372993926064,-1.093819588712792,0.15507242297475918,0.9324167549979291,0.7753282978411219,-3.5404034723912052,-4.090531829039143,-0.36485064156861247,-3.9672455802990334,3.7915198042080904
1.4055011881304083,1.5749278977776284,-1.6262000851637153,-0.03614737968674735,-2.2063977225757436,0.14788583285970808,0.6987780648353281,-1.3755698156389105,-0.9640994879783629,-1.2902302597021726,0.3863262784198803,3.655979841357082
-0.7034005807552864,-0.48682601985067225,0.07371549224241783,-0.47619348958663305,0.7616809458312563,0.9181135052976754,0.9740898145903287,-0.645994468394495,1.1019114531926568,0.0400334084461287,-0.4863137139400745,-1.9489527316260122
0.32033938637691994,-0.07293232602970519,1.0113307408721555,-0.37944464016498947,-0.6905056062703948,-0.5565330335807483,-2.115484032189812,1.0208799687855539,1.8352423904936634,0.08466678181589117,-0.05118426159851909,-0.9757247729382529
0.8774769989123742,1.9575213142927026,1.1549571080684036,0.9643700008495363,0.31976256962369465,-0.2168628524741078,-0.8615869150071814,0.825923404955826,-0.7117469656569146,-0.6655760402959202,-0.18853633729545893,0.1666470275220728
-1.6221081269092041,-1.6167611518618639,1.2398290030903767,-0.673647522834583,-0.8007977651547659,0.6011494319573855,0.6949363564095304,-3.3537334520178175,-4.284359096133737,0.8594600471239828,-3.600521786429444,5.171526883619222
0.9798994179629894,-0.07204670379558624,0.8032135896045898,-0.11656819181427455,0.5083997067605266,-3.583746596406144,-4.659174124313714,3.3972370742501705,3.9293209458490086,1.6227111829912941,1.6785711286688105,-4.445771501942605
-0.374662271697784,-1.8751354855618132,-0.19742434979809578,0.5157926861908775,-0.9463707031350906,0.05183247423030971,-1.7178507613470249,1.264198301244825,1.3578935142060313,0.1906107835937299,1.2733096829632968,-0.06481964960769318
1.691804373339785,1.9995882881038598,0.5674601847696844,-0.03629401101012164,-1.7265161049204354,-1.863075678451147,2.016680325629517,-3.1032491695441373,-4.218834186790152,-0.1524085727792237,-2.6706489015392703,6.053127925975464
1.3096300163034198,-0.36285636639545915,0.2655115240027539,1.3857890384785903,0.3457195633452018,-2.0512802960762975,-2.55494206565883,5.277915252098015,3.6555585401619637,0.35520038193078685,3.6694816618238857,-4.174656953257675
-0.46600920498667664,0.1593846625221427,0.6031435574460352,1.2829519470954212,-0.4839620241693292,1.7000858021216132,1.1320889205226201,-2.0843470109011086,-4.003941390790696,-0.7292467617937299,-2.0292026558170964,4.5794778298415775
-0.1662700015910333,1.964858792606704,1.0935940393709178,-0.15766735546570507,-0.6980303454241482,0.8006346998902658,2.373722223879972,-6.295307654604786,-7.821659816342399,-0.48800833327699356,-5.597936796438534,8.295797334785705
-0.6637093149492103,-0.15768057094132262,0.7036160524771933,-0.1519025528029232,-0.1347801352864333,1.112055712208818,-0.5975578268905073,1.0632788744930723,4.419444097934763,0.016189891486123494,0.1466048026903949,-3.877327266904132
-0.21084147784730425,2.1402828063268737,-1.0363716208063316,-0.10216676792727009,0.4435282712099396,1.1527576942107545,3.4406294458449542,-3.0069424923295482,-3.141517625896097,-0.5449216864051409,-1.4337717134619596,2.7485034179271004
0.40906228236423736,0.9807532445162944,0.3915916440842973,-1.4385901320926933,-0.19385914115509462,0.0899622967603334,-0.19818332312079115,-2.4064976440568198,-1.1876626224172713,-0.41513208579427885,-2.0918844147977422,1.5013044045213928
2.4359095598869485,-1.700992274500135,-0.35312056129478975,-1.1231242761736289,-0.20913733810298962,-3.847855642104298,-5.115849846293933,4.440402062368485,6.139581970348429,0.5794636669948404,3.666010098750874,-5.995854238424926
0.34604708780114113,0.2755272999505741,-0.01427128434133386,-0.39497692595797224,0.8183606126718771,-0.410185428587775,0.3292932350171362,-1.9724646758557676,-3.547570309982237,0.0013451786418210744,-1.5719834050318051,2.385349262935138
2.212363933434009,1.178677212491413,0.07482771233519171,-0.18137136913484694,-2.12785959794224,-1.5862833424200216,-0.9076102447370492,-0.5945391034483618,-0.7603610344009999,-0.6095083361621632,-0.3932675109842626,3.2174752193038016
0.1868215928695657,0.19671605574116702,-1.989887005670235,1.0356825254916422,0.4119944435128295,-0.4784674715630178,1.5611402371517795,1.4452755478050885,-0.4517815566577913,0.16407822261627394,2.884639059736816,-0.284611871382896
-1.142301488726449,-0.3190082958101316,-0.4733433576215403,0.2786973829296624,1.6082646568856072,1.4642814852162345,0.6731353465905798,0.524850909204364,0.45090393648865024,0.07145116252808442,0.9469848933431513,-2.471798533642996
-0.4416672485978703,-0.4987095702294689,-0.8841372837772462,0.6113977388635206,0.2418733871021754,0.4516275854470496,-0.9378628428545689,4.5474156122941025,5.075054486278721,0.24168477556491083,4.100506903920237,-5.326933162279255
-0.2696764439741848,-0.26358249466281125,-0.02253846489341777,2.472941825421195,-2.083396634950363,0.441230786612246,0.4781135146380126,0.0940991058225361,-2.6506337776020934,0.03139476864793535,0.27946700391049994,5.033916595536295
0.701555017325116,1.1518756491449513,0.08460977094879271,-1.283752123976349,1.4566751412528671,-1.6429303215488378,-0.012702752480273048,0.2802605309038224,2.1451857236211915,0.5170492385685598,0.03406310490522087,-3.8745903661833943
-1.4013583800250566,0.20019283144239802,-1.3728617351078454,-0.37098955706107,-1.6542444492411126,0.7064198502370423,0.026962909414313962,1.8818008800022217,2.9092557240297237,0.8437514337176757,2.551935536458473,-0.8582192892611854
-0.7778744653768809,-1.468952157277844,0.7721360759053305,-0.576374245380901,-0.8335418142334491,-0.404176256953849,-1.519424556475863,1.3712668386910565,3.2245467894275985,0.8798784623422705,0.3993848358371228,-2.049180117875808
-0.7849839297632162,0.15294320152091379,-1.6401932212114865,-0.06566466052942119,0.5254100427016966,0.9744789578716405,1.7526055101632458,-2.8728453707611217,-2.356432047090546,-0.1199715312746123,-0.7037486127994999,1.6930599375773985
0.0835163448177488,0.433864653295493,1.0031852967597397,-0.5641284037777983,-1.6990208748077757,0.7742324805091948,0.824291637587513,-2.2694620792311264,-2.1745539095616424,-0.6092608607668035,-2.5918425394513966,4.240905019429734
-0.3830394152684893,0.5441807408245327,1.170728202344604,0.16911253562712714,-0.4309982639231448,1.6473517315864004,0.953817040938455,-3.737532627846798,-5.526031547400704,-0.7745646258823017,-3.7633222548204315,5.83677504681733
-0.614235147639791,1.6667100169794689,-0.08228466851880273,-1.6737115891063625,-0.6932896294046035,2.1677475736295198,2.6356456783108775,-5.3494611682787205,-4.7729549006740335,-0.902213719467247,-3.9151236961349385,5.733648005394298
-0.17581359252250217,-2.1194266945334115,-0.25781583567482996,-1.52388118257226,-1.588051829748872,-0.13616050099829902,-0.802981027751824,-0.08975334564694305,1.2714298391198384,-0.06890506967912714,0.2788146771029582,0.7634300453771362
-1.0335906176157348,0.38717947642107503,-1.6493286474940834,0.3451975682032687,1.7315812806669377,1.4539268563480945,1.4212666268451255,0.06451028389033868,-1.0350597057745377,-0.12520143598467093,1.561372799044015,-1.2534162888508233
1.6935722503110677,1.8179896059866618,-2.3405459687404995,-1.4776386809645436,2.338385730028974,-2.351462689328006,-1.9423564463544958,2.2834608730478854,4.091748720523342,0.01731054786744037,3.940253142325783,-7.172468964523273
-0.9594763527540524,1.041798831274229,1.0593641683592077,0.12901794246387355,-0.40483320351511454,1.3603310736876393,3.2614302503340844,-4.447808724866403,-5.235692560578289,-0.09968422702202517,-4.366454456329974,5.568763030181066
-0.18052738984285954,0.5763447767255924,-1.1323855129070892,-0.7179701519118598,0.4258223137649635,1.2484285208981538,2.2306598813336143,-3.7418315040362726,-3.583024396364517,-0.6254672865901305,-1.9159274373152815,2.999693333475992
-1.9589314778972127,-0.317121769028454,-0.7418824392956247,-0.03696601573736512,-0.1280611212021473,3.33956749658053,2.350822000793477,-0.728341944151727,-0.08259062329521738,-0.4324674980251476,0.26336469701455645,0.17575584144526268
-0.6311095806639032,-1.3042324822756666,-0.40825948493336944,0.5524093099867604,-0.07654099915692131,-0.19743573276968845,-2.0144425638785357,2.7792490628586752,4.140327141845094,0.7537459337131095,2.5710186009222595,-3.872932332548418
2.2056008468514294,0.8711260025556367,0.386132370784164,-0.6384103753279845,-1.581999423396408,-3.2536708772496987,-0.8861858845744782,0.28527062807463277,0.38988708372541037,0.40202761129210796,-0.24807216291823853,1.7748013989937603
-1.0256244354965087,-0.054785883077928664,0.92435455049307,-0.2445991059975526,-0.8716285514187607,1.3907451536414948,0.8299615880145144,-2.6919275767785575,-1.745070727228899,-0.06394200551447937,-2.803941518284105,2.8535333616784726
-0.7976010776978653,1.2506551147678016,-0.5517297125939933,0.9230621296905036,-0.13115583213663945,1.3901576299795868,2.4978440832952846,-2.6336564287843074,-4.786505286568265,-0.22747817205045576,-1.518495650975642,4.822673513796957
0.2701560093947616,0.3578459189106817,2.2234661078641027,0.8003327702995525,1.0210764266100392,-0.10905785846243231,-0.1019054806997453,-1.9524582768917964,-5.104442305581309,-0.21306966257580343,-3.214672620833563,3.833829970472367
0.9666646351823287,-0.9523168145091341,0.6784831239527819,-1.0532811056125533,0.5066707335596442,-1.6145190216676877,-1.5488681873024595,-0.6020469223295194,0.4586117683386084,0.298274390606146,-1.1176320414920098,-1.1447058983289873
0.7403298497604127,-1.7478396040829545,0.5251605519951138,-0.6367729554624524,-0.030732598924848184,-0.586622106189699,-0.4787825324786019,0.3172380041706016,1.3357478826804352,-0.33749813482200475,-0.11764469095471333,-1.4536784179922488
0.6134503784096623,-1.216477529687014,-0.4821996869146115,-1.8516904999589172,1.1073212920748234,-2.052803457783952,-5.379048947041904,5.135678485400661,9.145101686759638,1.001879140017054,4.431695822003066,-9.857408737731912
0.7954914302340901,0.17934675577347486,-0.07770694968757544,-0.47765709997309924,-0.18553583782642344,0.8631960046648548,1.8188127428979688,-3.672892142325864,-5.453445240910258,-1.1529098892471699,-2.866212777563338,5.240549389599874
0.5291244062068282,0.2113708758570086,-0.5899798444808219,0.6424552832513292,0.9050210169393299,-2.6769268044855896,-2.3769796891016277,4.296743244677027,4.838856118254288,1.3899305888369133,3.759876082906054,-5.863405658186829
0.5140673943633074,0.4626522192314193,-0.46024158120785946,-0.7703330274440915,-0.46211751755577796,-0.9778299943971989,1.803220366992633,-3.640221446368526,-2.608298919385634,0.14095463302645567,-2.341445267099279,3.3440490119116966
1.3187427968775727,0.33091623571828016,-0.6988376779195574,0.7180621733449549,-0.3967962617253558,-1.1567483386460853,0.4122418981328077,-0.10586111506759895,-1.749565857834946,-0.32983597331201475,0.5934640833626057,2.1548007472548405
-0.8908683263400843,-0.8709555891474035,0.17818340579855335,0.1580931430812202,-0.19824600068267179,-0.6136063652649474,-1.3621853893630858,0.9650894298315986,1.2029896042979058,1.0596322051042784,0.6307087276984593,-0.9905340061853857
-0.336964132353053,1.8191802330340274,0.5564157605690693,-0.2710926300612865,-2.1386148859608056,1.6285381224216888,4.538471017038293,-6.519655142353505,-9.442873502433468,-0.7964894209660799,-5.422270530569593,11.188379631206463
-1.695148050616252,-0.048145175486845694,-0.7085629691757505,0.8511255144602208,0.03853765011689404,0.7006519059821427,2.1200212083412446,-0.4885319634423136,-1.6521448639889733,0.7805645719715353,0.3160364995055017,1.2501198778249043
-0.46503874917619503,-0.0003724831235652967,0.45962736958001743,0.09250837665842464,0.7130313581098131,1.5234246787339831,1.8155476624386626,-2.6142735697359574,-3.7452104233460317,-0.5669954008260176,-2.3489929743302564,2.766960915343035
0.9423645719248657,-1.6295213416532202,0.941738433022895,1.8312754121631754,1.1669374691704186,-2.734678779902925,-3.7663467346799497,5.640415896282635,4.658869440080174,1.0610100596915262,3.5378904857741027,-6.02131726801518
0.6030731914847394,-0.17236033371976936,0.69537348789223,0.5674419257023634,-1.3792778747034453,-0.29095673752375656,-0.5882539093943285,2.1047151920670393,2.58223099037506,-0.37063909207938905,0.9792088370324825,-0.7510253586480009
-0.6156234196238849,-1.068767792507056,-0.2443847730815999,-0.18945075973369757,-1.278010562187674,0.19600184676865756,-0.6405172735924773,1.225922319779582,1.5306369223759482,0.31201050712777634,1.1844539274521162,0.04087159676851175
0.016970986852431674,0.1400645350099867,-0.4237897906635631,0.8628781138525561,1.1688130187823387,-0.15472855303461236,-0.9859364060323308,1.6041928800616552,1.5345733115495284,0.1079830225678629,1.666670789519665,-2.82482395526542
1.701692568679938,-1.1151020444585948,1.4771399617634884,1.4350273298895284,1.0208150309843766,-3.7706375293191834,-4.433445472200636,5.459552118821196,4.33612532057508,1.1525126309684148,2.672655614326111,-5.5802986584104675
-1.4553458367149108,2.4291744218144444,0.01695789197990809,0.1971550257461035,-1.3987343252619275,4.320324951587328,4.807091696226138,-5.199723368743974,-5.925334986769997,-1.7193665774700053,-3.878494133660491,7.666713598136057
0.18983228081234718,0.5609199685608237,-1.1236824827576817,1.2719611471433974,-0.2254323963942827,0.013007787330254116,-0.8318697829161185,5.272548755141911,5.627382126476967,-0.12307391358676537,4.867910399991666,-5.164476390490147
-0.5449412429326915,-1.2628757894591474,-0.991664775564183,-1.9250794928975448,-0.30434801181105203,-1.3661763568009808,-0.8677605171829932,0.41040547494723645,0.9357423648614409,1.0312898392638041,1.1454077119971569,-0.7434841353038618
2.602963017994906,-0.6268966318907794,-0.42367907094048046,-0.2071863032295293,-1.9958647506516434,-5.702310119712764,-7.52540650505285,10.377663851024565,13.277477213098573,1.4475489201900322,8.04263852583191,-10.266482671217945
-1.021769343142909,2.0536463923015336,-0.43628551197581933,0.537228130470088,-0.23581067563444877,4.086590046071565,5.805808038298157,-6.977202492308632,-9.225941573628141,-1.7909578358816014,-4.845373476258223,9.112821059077184
0.8339435619684992,0.8722591620131975,0.33736664538695116,2.0236132801554936,0.9511448164007299,0.4070641577774628,2.737830243003309,-0.7834141905941455,-3.944641276829747,-0.7367145812587752,-0.9501128209287539,2.5638681954138174
-0.007224752522666772,0.09811143537065245,0.02177087805285396,-0.6009451740400766,1.5959832678497645,2.527829932776929,2.4219983606891757,-4.959821620560003,-6.239213575163334,-1.4199266229393819,-3.771936451742832,3.8860800914278775
-0.7392290729455245,0.8247093204028788,-0.4619592415785571,0.10396958876238731,-0.5307262180131406,1.4563322080375327,2.096565788297296,-2.5470552789008796,-2.9954234980077343,-0.3455498199277176,-1.512290420195191,3.6214955050956923
0.2084673251817105,-0.7180639459794032,0.25178489881112504,0.7093088093746358,0.8635271653509717,-1.0160604564916786,-1.399178412617108,2.356708513825781,3.2774167073551257,0.5747808680414146,1.6443540601868096,-4.080652524359416
-1.4446388276319708,-0.28948829646148194,0.8951995002675727,-0.10908150830104656,1.0478273082062262,0.7807510513729569,0.5941906122275946,-1.692658762483897,-1.597537324131457,0.6860602613005023,-1.9605903587427518,0.4044571442899876
0.2817890725771617,-0.5431334081811121,1.9211488586161845,-0.295036285848069,-0.4190495179227472,-0.5082072665880021,-2.5061383975575113,0.855834483977454,0.7662672561570866,0.10295862032209861,-0.9933782439540927,-0.2514030680297873
-0.5599356408590724,-1.8446742944985883,-0.7918348857090245,-0.5244607950485909,-0.11387646812704486,-0.22245115235050744,-1.8227438091511254,2.369562140210566,3.8353918512382092,0.5818852887780475,2.51769381690103,-3.63384145330051
-0.045334793103458774,0.9997825918977424,-0.7727753476648589,0.7477017304746658,-1.4611097452742792,-0.6653986527861907,1.7402894453186168,0.08521875869787827,-0.3831647895301662,0.39151576692023116,0.7309739795361311,2.3037991214600084
-0.6848925292159747,-2.174213981538179,-1.8722236624961206,-1.1189380782696945,1.5935139628203587,-1.84754632495255,-2.8140448909663047,2.8103528749001483,6.29364041429757,1.6802320468203473,3.912638101493132,-7.8241827995469
-0.15550302344078729,1.208060299578996,1.181303469246744,-0.23340648101113268,-0.8050959189159207,-0.05047291121659732,0.46525372009386373,-2.1968311954090156,-2.5829246327405073,0.13027395395346814,-2.720797715500769,3.62709633192708
0.5545764962775545,-0.24255039757000338,-1.2487657402738783,-1.0486071214504156,0.01622298528773318,-2.264759117694316,-1.8346769572351673,4.849726695436645,9.064356326800773,1.28451994207558,4.522083771896905,-8.710768204445666
-0.3830076524707976,1.367264917319963,1.4248850684426537,-2.23244876786128,0.6609882647481393,2.0262139177385916,5.354677267462697,-10.41974327459323,-11.228496557423343,-1.3375544935292278,-9.373014799570223,9.98036452136865
2.0834936519707563,-2.0648971083996708,0.9145478463998383,0.4882327520020622,-0.3219144334563749,-3.245245347944757,-7.071244230694973,9.681902643159836,12.511480193048959,0.20449387900478785,6.424188924085905,-11.489242463096323
1.0199650283234396,-1.6224019387112232,-0.5155734463078064,-0.9209093717514164,-0.7855036492366165,-1.441438132106008,-1.5587416100388076,1.8409765875124862,5.130116628103567,0.042662045861366904,2.124243165520265,-3.9664220972054727
-0.05166427559091059,0.5691909606655232,-1.043786127050526,-1.7735474676614822,-0.10320280097524055,-1.1080434217888506,-0.7478567873874546,-0.3822606027740184,0.4486123847320014,0.6998299413121761,0.6040732403166458,-0.2657256395971216
0.8832343069656869,0.5802022404921472,0.17019413770899586,0.009956087750504378,-1.042998737109203,-1.0856060535793013,-0.30064697271162244,0.8686545137275586,0.31585349791900375,-0.04663907704200804,0.4562933266617119,0.9014716215162929
0.40505491575123787,-0.9390627773106115,-1.5398408966585553,0.13675014554167608,0.46792408497680604,-2.0758847705666477,-3.510385588030303,4.926045653189565,5.336542609315173,1.1809965100104036,5.083313332430284,-6.0829795854392
-0.5351659693850309,-1.1228710334466467,-1.1828586057711052,-0.22797045083477238,-0.7518304838453019,1.3049053489222262,-0.7403479540005902,2.0677385120105027,3.8864177239747875,-0.34807441760091296,2.6286095046484172,-2.7199265985001237
0.7396864982561318,1.0713807337553347,-0.9839624528952304,0.7255481785994574,1.6139805828163838,-1.2115369963184492,0.5144351417758435,1.1170247921156198,2.6625200164621186,0.3784723016425947,1.6771552177172189,-4.532377903351654
-0.535137751791339,0.4989871013419097,0.9422288326287691,-0.468579930504131,0.11513562129726876,0.8017569374336193,0.8156278995156067,-0.8884015663254464,-1.7214062597151178,-0.12222663275351234,-1.5213941280668655,1.6108922428495336
0.5534646777548247,0.40899043539913194,-0.553127572381864,0.06453187530074433,-0.06134279649599956,-0.9118114256791471,-0.35161765287057484,2.2038377716453046,3.084370436132655,0.20134905051220436,2.028800148731094,-2.949490051386397
-0.3656892852568441,3.0983993637554397,1.3861053836024204,1.6874480742228568,0.2682481512412538,2.227512132891941,3.632359034187116,-4.069834492701267,-8.040505900669576,-1.2100568424458156,-4.325955559900453,7.546198439118268
-0.5037577118729252,1.3247386171953186,-0.8436669362070806,-0.7951842559735196,0.7796781924593452,2.5756061310398835,4.362710839797451,-7.0838903203904655,-7.817112764224813,-1.2381631695265054,-4.668679368352198,6.614825740405719
0.11716236056735002,1.5459675932992345,-0.529077704894508,-1.7335232686637476,0.3744305700532881,-0.08241363317132964,2.959667136986211,-4.05993743805446,-3.540089810538656,-0.14985416783565433,-2.8311189368100207,3.1374658807370763
-0.8627267873516965,-0.7254305375417858,-0.9053698507739465,0.6095364185091104,-0.18466831752817087,1.8268579184035993,0.03796351468241345,3.0664429579215944,3.9339025123077596,-0.3507827388461079,3.0848357816451273,-3.6184531115953957
0.5023310935359764,-1.250925066774301,1.6468402502892814,-0.07699903131875128,-0.014020898232974024,-0.21496257095021543,0.13839069191161113,-2.3900715235060006,-2.8574175745287116,-0.325103516328497,-3.1195194644235342,3.0569367978304784
0.6754025625971027,-0.6518100567679642,0.20864579443428227,0.535406905279782,-0.3403722144257538,-1.7934799553240885,-1.904131687975894,2.3732179185011186,1.6406842084217639,0.682038421396811,1.5878634846131874,-1.294129474132144
0.3023852677340191,0.23954790327617242,0.04373097338063579,-0.7324797857093266,0.10438677206637867,-1.6145969650665468,-1.4232327200686452,0.39884324490343925,0.8882464605774867,0.7356241961318388,0.24749353528854534,-0.9406925964388818
-0.3958029890021093,0.25012107603195693,-0.572009115237683,-0.048075913093327774,1.1917525115895897,1.2471059904010653,0.5307776468340027,1.5560300192106225,0.8814779726269226,-0.4700065699034479,1.7700244424742326,-2.41678210491903
-2.0312705650071754,-0.3437276424997101,-0.7622874838247357,-1.12030445020692,-0.8944191031722667,4.622241629204965,4.057012929760681,-4.218907362223762,-3.2767489469722797,-1.322190612401002,-2.5432213804869566,4.444121524877517
-0.050975740052627574,-1.0721819638191186,-0.4265532271672936,3.117961094079795,-0.018545577310956574,-0.9937916904631066,-2.185215955480689,5.830676302236085,5.47945779244654,0.8372336387631905,4.876947602612647,-5.192841441163977
0.41314846715792863,0.30761847008801296,0.108419658031926,0.20620591850037595,0.8340490428636841,-1.837121659699166,-1.7074815248900752,2.5213317444364316,2.5254858344202598,0.862014577508569,1.7669808543656378,-3.5117003828033564
-0.5931071165540986,-0.3791371372263559,-0.07104745258698436,-0.8160991531684499,1.1396211011056205,-0.7537189938098017,-2.365663823464802,1.5376441924780695,1.97288990013753,0.9102141802661482,1.2764728500174634,-3.324516853226015
-0.08789627631899757,-0.4956019134517071,1.3597192706660974,-0.7103376909837038,0.5217490052115713,-0.8533576610706316,-2.1185720686770413,-1.3035362805759079,-1.2623721041442897,0.6901838274833669,-2.1808223606262924,0.7798322310212302
0.586892357395152,-0.6807657556417368,0.9185434600231447,-0.9301957671150934,0.8192394062993805,-0.6419358691748782,0.4028056790700007,-2.009711766558607,-1.2322996762916136,-0.02400426555517219,-2.3677027966349806,0.1663576576234159
0.43517886929586436,0.19825322540585558,-0.45670888399147086,-0.20991711608405436,1.0901305285879086,-0.3067201195643097,0.17326655231633986,1.2458029715652599,1.110865537415804,-0.1220388414670742,1.3500665166529813,-2.524690695347556
0.4611106419724963,2.288782954631946,-0.6528234345598365,-1.1049871083487939,1.491450014912566,0.8718639056491977,3.7589579433377858,-6.039453114582484,-6.892921919328146,-1.0287533947398713,-4.0809404565579,4.828218158892263
-0.9465006611212204,0.3276231797706672,-0.8364840665214509,1.353483896940073,-0.6779387093508927,1.739762543449645,2.2538931744934922,0.73798194600445,-0.39175110633326793,-0.3027512861578868,1.2769708069728243,1.3002818442862476
-0.38824835238931354,0.3229314572006442,-2.793244575831699,-0.3415619093309619,-0.26827716220209175,0.964079497269765,1.7647215067579463,-0.33724597553717595,-2.6673361674915217,-0.27555583808010475,1.9063451288501576,2.7743513257839583
0.8832174953290258,0.20665210068628942,-0.26010117054787496,0.7136804859020126,-0.6181395101833198,-0.9638949863282265,-2.299402208490543,4.773967232906084,5.248520322214507,-0.13142549114551516,3.7986013458080086,-4.423810658342455
-0.35513832162081727,0.0470702931612079,0.7604790500237867,0.13297365195415403,-1.3543948967070483,0.13000803008596495,0.7626726913397455,-0.9808591170681594,-1.2488923610926352,0.16875184941521915,-1.3337209354339654,2.899645452358182
-0.3539633481786152,-0.7441271521065883,0.764491854329867,-1.3971605478359979,-0.2034435397176327,1.090948279892863,0.954509839431736,-4.222335735354723,-3.6617243041390184,-0.37007679730260623,-3.977695594085905,3.87766776773964
0.2193153829976511,0.22176698881607232,-0.7533010037756218,-0.041044825181748235,0.5760629937227305,-1.6502927171255135,-0.727925468177838,-0.6502397304262222,-0.21919929453366588,0.7849844226070112,0.15759667315349063,-0.4181895522557979
0.2049380900447634,-0.12714853994048156,-1.7872365428365404,-2.4467518970580757,-0.4539813366102144,-1.6763446436506555,-1.7402148687662653,-0.14405277596485003,2.85033300639522,0.9451601202598267,1.666559311246283,-2.2333514382380284
-0.9533844985703802,-0.023592077327684265,-0.5778594524304517,0.9644461902964984,0.7135744181141516,0.5753375267427978,1.4629421789559351,-1.256844710583164,-2.6581351943933704,0.32529364822181683,-0.36927217427554315,1.6237499698914188
1.0655354780083788,-0.2840766540936532,2.1184929198534204,0.09194560079333612,-1.1107472342101672,-2.812228547663922,-4.127541475106621,4.544103424064967,5.7232229586704895,0.912945826267497,1.434886048530659,-4.016848673451829
-1.573302810402994,-0.06366474830356322,1.4659864867945727,0.6961969233000761,-1.887745713272043,1.7820956796982605,1.339985022801531,-2.201739433994081,-4.6403404431408015,0.19196613648682426,-2.9556014234033645,6.695178458046538
1.2266982698649453,-0.4118291831040302,1.0355889823610414,1.5245821733615121,-1.2817457782167252,-0.44182398135566164,-0.00107755030704588,-0.48679805964237755,-3.1311028406218364,-0.5369819097350853,-0.9540246448910814,4.682972088879734
-0.16406738173548027,1.3675951655947154,0.04808096170602548,-2.817812602029191,-0.019757639513218662,0.9363052720553351,2.320357900853058,-6.9745697359662575,-6.235279146841224,-0.4535502624796528,-5.403005701305789,6.260244417218467
1.51901247362542,0.6618119843662522,0.5542431506673501,-0.30999806934209984,-0.07844653512021389,-1.6905679968309022,-2.0784195320155363,1.8595386079194638,3.990680704939665,-0.08789068531530617,1.1224714706751127,-3.6520493963673997
-0.3503674659929136,0.4350290145419457,-2.1155626384043655,0.6332325099294505,-1.4633562683901165,0.2281195694046127,0.7233318808219266,0.020401023898926812,-2.3033053283850173,0.07511888910528391,1.7711268783105893,3.863449465549269
0.2658472542409168,0.7285016611066704,3.2785786830948265,-2.7139824699511883,-0.40609832257181055,-1.5884867783222305,-1.8625346067823418,-1.7615516934879811,-0.33825158208808004,0.7299196028637807,-4.327832761390819,1.349518345915193
1.780189272468287,-1.8677702249262353,1.4504797561223663,0.9994762230965079,1.9071450159666656,-3.9053569686914202,-3.3295871511078596,4.193008088832738,5.042014455313309,1.161106258913398,1.9433126313436972,-6.967194091867952
-0.5641782855074968,0.07644106645277557,1.63939912561831,0.6631561612624233,0.17331775477899655,-0.8339913612375429,-1.5973494757600064,-0.10662394126642842,-1.4458708425107043,0.8549540890596451,-1.4842711925325336,1.3846041918506833
1.9171985363112254,0.4030047680890102,0.06795680501342402,0.270939337747446,-1.544658930691631,-2.805395255323776,-4.141514116812008,4.630562181082634,6.194419981304012,0.22105614077504543,3.541411622050828,-3.97799995761338
-0.26461676769704756,-1.014348587485492,-1.7894358908504018,0.5343127278946355,-0.9239206606029431,0.6395798299233127,-0.24490787833329342,2.536492604150582,3.4042378661070845,-0.1750836823323526,3.499091486827963,-2.0257938630609043
-0.8031343535008022,-1.3283285954402346,0.8180409407237795,-1.0221902936389335,0.9151197693823983,1.0054574117687638,-0.06550266120634805,-0.8574509305673634,-0.5182031451466592,0.029842795182800655,-1.2807756210169274,-0.5637852314439668
-0.11268153104422923,-0.5072014923760764,1.8936604010464952,-0.6401598429509596,0.2315738025484178,-0.4373647702050521,-1.3258858240399518,-2.752487141635759,-3.5489614396320555,0.4773173239415416,-3.7317479534086906,3.335500308605023
-0.24414502888035292,-1.0272716399154627,-0.5549326196596099,-1.4880646867695557,0.3689700661843392,1.054984631136017,-0.675615592518329,1.1947202813709712,2.8418162193630225,-0.36225482241789064,1.4361784195282263,-3.297114383508603
0.06591470995566939,-0.9464602872268716,0.5873272115065691,0.5149025418470895,0.8421627169921927,-0.5794064098712655,-1.4252943048003541,2.38396582627531,0.4865873696392925,0.3393580686725489,1.2546847255724034,-1.613951875486174
0.9365568746198405,1.209057236873394,0.4086724948155212,0.030443211614464033,-1.3970263885902507,-1.9305560063610347,-0.2899794873229227,0.1872817351305523,-0.08474261772234581,0.44438209453487443,-0.31089521613749355,1.8002683194167524
-0.008336345100487239,1.120827232865521,0.21327863549240828,-1.1317016480439517,-0.048396920447911454,-0.16665236408883288,-0.7705520192966927,0.9384063045103334,3.5487185230262934,0.2273715589998797,0.5590095558492382,-3.352025066407409
0.4277415156301777,1.0032551827491105,-0.4873370516427952,0.7277047427294756,-1.7746715800071398,1.0181761512262657,1.213341967761897,-1.0319848868818824,-3.0503697925706095,-1.0720158430656461,-0.3497288628191169,4.766226772493843
0.14117011747066438,-0.33709227257583985,2.2047824282017996,0.22978714739314565,1.0042343092060009,-2.6284323593607053,-2.2442519786761452,3.043350514874602,6.733654117917566,1.52696258690284,0.24254838653005867,-7.512054823907003
-0.3749212544579342,-0.42908089033717767,-1.2904780180593465,-0.4849602218291267,-0.22903346769523378,-0.9170918420620169,-0.6028022002518213,0.24439533736205982,0.7852019684089271,0.7727655980043806,1.3168524936689592,-0.6176967213093786
-0.1338603943412551,-1.1669108409883697,-0.3434307473148474,-0.27086644914001834,0.7297221783766886,-1.1201823808115718,-1.8986331767075333,2.7331094835076946,2.7299269475790164,0.8352721312512605,2.3018082917100626,-3.688579174368039
-1.1559580214237142,1.074034190933013,2.3695374198617976,0.5330952098360124,-0.8462399445971506,2.0865862579994996,2.2503077393612063,-5.13772510512303,-5.742119434532536,-0.5850190934745132,-5.972677824936289,6.5661684980259425
2.8463393074305445,-0.8988861281894519,2.0153131357939307,-0.3678725013267425,-1.8387253592495858,-4.495177434875076,-4.939617068871518,6.612833237495677,8.62916619114214,0.4931282037706882,3.1615190895479044,-5.5693324865844644
0.9016375543808873,-1.5632547679633244,-0.6645564708874605,-0.5835496406355353,-0.7850252090952636,-2.788718721374228,-2.9197189291265166,5.653513235974293,7.838478577170837,1.1898165727242185,4.805042685861838,-6.80600716137848
0.734136296019456,-0.057071217081274474,-1.0472393122574897,-0.37064490503934133,0.7438898901873802,-2.60886767007129,-1.5012350467745244,0.706918306698915,-0.16404814257917794,1.0519188435644569,1.3617044705305192,-0.8281112336726337
-0.557074575773947,-0.4205768783857579,1.6893394095170982,-1.2426376403727477,-1.5045321403798364,1.010235893922732,0.8764409422894588,-2.914183611458512,-3.6556136488643025,-0.216600392576722,-3.791000306639939,5.551511124035254
0.8917981933889735,1.4695206192816828,-0.07478755764702669,-1.143669737346833,-1.1602188981389225,-1.6555008018343011,0.9086383112208106,-2.472149454293131,-1.609246262191396,0.24152082851893072,-1.8221672713603065,3.2518055442489686
-0.3585253080338481,0.016565036037382318,0.1764610192500292,-0.09711706248052261,-0.9927620805460466,2.5420763807177247,2.0066044781346566,-3.547820533409236,-6.311037744584227,-1.2818941197192926,-2.868690780975222,7.102465668507853
-0.5085729684030303,2.4583857419609454,-3.130327947874881,0.30594491054630873,-0.3889318079035427,3.4300533330386243,6.248895730422408,-4.0006830476337765,-7.757163773307497,-1.4130965583709314,-0.4741222084868199,7.694461525106079
1.3093445762330844,1.1217556678535476,-0.47695923540347557,1.2619479630023736,-0.9755054837458593,-1.862345711549173,0.4324945569544459,3.0106877858999446,3.7342738272654947,0.20778556530345482,2.5788163257925114,-2.0829207392023696
-0.5690514557613982,0.11423095834837776,0.8760540626208424,0.5204543613306581,-1.2027020001224786,0.03310781010074882,-0.8806290357379185,1.990129664876362,0.5263289481107033,0.3363924938814117,0.7650587891999487,0.948954755448318
-0.9189953330180172,-1.4225766213861306,-0.7230788750222048,1.4569129196259407,0.799781479666172,-0.19952830206686217,-1.8249157970306393,2.6040959597971987,2.1399706145283264,0.90326254409409,2.7314460227901627,-3.115367906875687
-0.06977079767513095,0.542316140204472,1.3749636653827135,0.04894481583367792,0.24328892588741763,0.4046724107056356,1.8757177834708794,-3.5835064824758263,-4.9077709210454925,-0.21817110473935197,-3.951213094168172,4.543457719572194
-0.05540601213762987,0.37770098077282466,0.7548223112071539,2.2099249985491487,0.25713516282354826,0.6275501909903699,0.17334562232810008,1.4230328361604376,-1.6221295092594428,-0.43684593217398626,0.5003654001050928,1.3563054392510228
-0.7225711238940009,0.9052163149350726,-0.7981708827628691,1.621257419149994,-0.9103450476194463,0.41143248982451225,-0.04022862140775279,1.951702086434991,0.26206206330904536,0.2889013929183344,2.343521175611816,1.1472582381251903
1.9138489596552242,0.7352742305763386,-0.10731167471409489,0.2585149552150996,0.3672147094782534,-2.689599124621683,-1.052451684704278,1.597572102315463,2.422707820514745,0.29096342976317624,1.3217704773661973,-2.7781951213620433
-0.058392997128899934,-0.26413549868050074,-0.015228823953359956,0.5835555820311678,0.11916346956270696,-1.026184414906609,-1.7767058772837232,1.7037843449155143,1.6747748553382953,0.7246183198747418,1.361853169477926,-1.7910052195417705
0.2209491185143649,-1.2249094314426165,0.35691199285497144,-0.5442909012973806,0.1328434289589039,-0.2252948423033163,-0.39116494452550216,-0.18934932614732186,-0.49538652732946953,-0.06947491193583893,-0.4414018559204081,0.2067156555334005
0.6595185273933761,1.2969397717078628,0.08687084431971298,-0.5029144930360595,0.19781433394713258,-0.3561342432293561,0.9741654453637137,-0.8044380840713382,1.513287154437447,-0.2934129595243856,-0.7321141825751193,-1.5472887930183312
-0.69700797849466,0.36922823100256535,2.3182346956009976,-0.28903637028184237,-0.47484102417680735,1.537764010625756,0.23581266266329026,-3.1898695148966834,-2.6547338225149435,-0.5165488574248343,-4.427787161644196,3.3457633518291594
1.3953896845316967,0.30797158775938077,0.8882584542067729,-0.21311155299517281,-1.2195069793069266,-3.267863256795343,-4.552183791432901,3.5183291495022715,5.3434344343314395,1.0916394890857595,1.8832185127821606,-3.490417810171283
0.24821645399522077,1.0537293774478471,-0.2440819440766575,0.0753899821019582,0.29795854539926603,0.5104372085079347,0.32946017640425374,0.26565563062415765,1.4620448085159876,-0.5543896170097685,0.3779636301752217,-1.7747910070733146
0.32864784590028684,0.9656905649167297,0.6556702347264018,1.0878720523021341,1.2916155895518509,0.31357580385236494,1.4450899960869543,-0.17615760446714623,-2.5362968707385907,-0.4181584012861749,-0.6371809134077682,0.8376019737903666
-0.15879779659823054,0.7629963117820382,-0.33013673669357224,-0.09800424854266969,-0.6831772381949589,1.6157270209018197,0.5836139522615341,-2.65714368205,-2.1457961294149,-1.086483090391117,-1.6954315224818906,2.898263902551034
-0.5013773472189365,-0.15113189932002502,-0.3838308879772958,-0.02013302364227804,0.304793423963667,-0.40348397286132803,-1.7473520548034889,1.5767486529444656,1.8766366244018522,0.6680659327551473,1.57318201989654,-2.24180221398181
-0.904946477663399,-1.8958486006801043,0.6578176075448042,-1.7336279460893553,-1.8060333021120005,-0.12835968268322945,-1.2261196582553389,1.7695254269580274,2.3342159023981757,0.5739927370221416,0.46532806145580435,-0.09990136053661672
2.2381442547122674,0.25217292890985804,-0.5545456217161604,-0.6224947567850897,0.06818865686742288,-3.450819458997162,-2.8622272869005383,2.1610800679775144,3.289932580597268,0.407371188596507,2.1740569266702248,-3.188729931152756
-1.0061224028191262,-0.6776810376164251,0.014335891747930346,1.2282985931017365,0.20637164418587933,1.546295867323892,0.610660320041404,0.06618319169283779,-2.5010329943835354,-0.1902249224452572,0.0759398884880297,2.1932628250963044
0.38132339911205637,0.19773011524723852,-1.1161248088330558,0.40755007656462583,-1.7903524257602106,-2.6975760701635956,-1.6902879679909533,4.9058797908754945,5.081455267726114,1.5014307815594827,4.3864570463911905,-2.6891820570456075
-0.23484687513611754,0.20997855372455704,0.9487172450600737,0.18333694064218464,0.3716087791657611,1.3024907455142152,-1.1432621206755336,0.8433169858418956,0.5703884934530153,-0.6645648432996407,-0.010042631987008908,-0.9708523719173819
-0.7044875659475945,0.137597729761922,-1.5820155748680111,-0.19142486040650383,1.2473868975752305,0.8526908397053926,-0.977510632111079,1.587840610562009,2.779844058771882,0.14361422951021233,2.694094477660771,-4.263832400675889
-0.01555882711707908,0.7433921540107881,1.671710306530074,0.18226638096263256,-0.07760227304780135,-0.7329773486478594,0.8006193854808679,-2.258800904385589,-2.5060623600330683,0.4291448014457462,-3.150607340109463,2.698055215658563
-1.073170782337329,1.1767035288047942,-0.01925293630738629,2.0221143035840528,-0.9249845638669218,1.6076400132914948,2.85137662076857,-0.751866019906049,-1.1886467719420235,-0.09570916381235495,-0.49731525017042155,2.5241430247644634
-0.2808593494600964,0.23683746757946622,0.4888082195679569,-0.3781428938545969,-0.3313279710193695,2.3951883946649835,4.419723127146253,-5.128075409156161,-5.109636498979194,-1.3962071590891314,-4.609050586087142,5.529047059742001
0.045199700786704974,1.2987115948714771,-0.8767722376165081,-0.11042588179035084,0.10810073399452551,-1.318964336784937,0.2031558649734172,-0.7104588162352606,-1.5609747907899165,0.6759575020585523,0.19382996984377804,1.431911835572858
0.5993948190797294,-0.22370992870729547,2.0440376577536923,-1.4248400875128229,-0.789585220102849,-0.5580110924593121,-1.1383657618194816,-1.9522756479266499,-1.171788493095038,-0.09031993455291272,-3.243965210356018,2.3419784481012913
0.03421298621441861,-2.2314986684824456,0.20062942206416284,0.6604243154123703,-0.9420268791915144,-2.009530960065487,-3.717477982742194,6.147710844434968,6.95020119333895,1.2951133958619558,4.504086888753926,-5.755053319076502
1.35645395326023,0.2919058912023005,1.9079654345299513,1.6962373055390096,-0.6398149064764778,-0.6771500542331234,-1.7691545209472848,2.655794064730658,0.4450688494669368,-0.6042274300658518,0.5401272392217755,0.14836647225350902
-0.381608867250086,-1.8539503517375089,-1.3904520354483623,-2.1498288852411873,0.2758797175412801,1.3105342740497492,-2.416654215423239,1.9737351783880381,2.6742123673999854,-0.3390180979756947,2.6212234741522704,-3.617689295773219
0.5699746101795458,0.34560811020864907,-2.545365067585482,0.6314943472001043,0.4030090506173666,-1.0809381927108233,-0.7110257193724964,4.579256991945958,5.656041676022148,0.45040046109699494,5.60178458630232,-6.148061216745415
-0.3466271968033323,0.059890515319996236,0.41536630243687267,2.6253104807273067,-0.8316101196434181,0.3724173688914273,0.9305021537751011,1.8121273023438698,-1.066103008082069,0.08353854123034782,1.0563013938187646,2.130058775956079
1.5965572084695483,-0.35971989332075893,0.6123367482832376,1.0443937018481955,0.5521576695432009,-3.03914817150979,-3.6176116467896087,6.797603260813887,7.015832665708059,0.6401893978833216,4.487426351895421,-7.4773507276954225
0.4603085809577848,1.3987162059852507,0.6499131715355322,0.366107331126069,0.06992200355787459,-0.36260928987005003,1.1213978718054876,-2.678111987424451,-4.496875228607153,-0.154706844330063,-2.5731075364668823,4.289051133215009
-0.2581734604770244,0.8972120004175521,-1.813576470062721,0.527950061596686,0.8666606600231926,3.2733542418459467,3.0813880612846307,-2.2342524510790946,-4.415583783764523,-1.8543313791894858,0.16173630646606335,3.0154091548244106
0.6442993353750837,0.46042483102070486,0.07236321779700257,0.274604913472655,-1.481441700374935,-0.3326738261093288,0.08148574112619515,0.5808039890520422,1.395191537693276,-0.3715969618407887,0.3499984746849452,0.5082507695223566
-0.4670723695829294,-1.3029502622668434,1.4669146814347516,1.9944720573534804,0.9181010501056996,-1.0335770424147503,-2.407131454016973,3.5633316939890376,3.0348242793303264,0.8372171333884278,1.6520568047276345,-4.138160580874893
0.7700096509348786,0.6129627804564333,-1.47594142800279,0.5418222858522963,0.219098755834657,-0.3899715095805457,-1.5560616573254344,4.611977407970819,6.017792308615658,-0.38948210437076913,4.821937254342952,-6.162929178010525
-0.9114990351520893,-0.5482149265303425,1.4760054238754652,-1.2072512564063476,-1.6583276276136882,0.8395567313487953,0.9251265266090233,-4.702939313241632,-3.9246765065420948,0.22912675195695748,-4.7933074679752385,6.064902398612824
0.9091659074876309,-0.14180214840180516,0.667588924203437,1.5804012165773618,-0.029384508283722556,-1.6722484241035485,-2.883926188196016,5.165762055080585,4.566090686890536,0.30903169384006757,3.3831623449407093,-4.478413869786098
0.14808862098058298,1.9857982221893853,0.5179861901504759,-1.0097268869871552,0.5803176153380664,1.049217714246002,2.1264457479802172,-5.147753773377651,-4.552540460385781,-0.8578568205958151,-4.354655737522122,3.8563393816889713
0.4922087964290055,0.6370300491362583,0.5350273336825305,-0.33789799614100063,-0.8803761053508645,0.2263721364447117,0.5335622418604403,-3.550936745376629,-3.6259564739663475,-0.5730047422345652,-3.0986619670845204,4.5819651224724085
-0.5684330375640172,-1.7011638044854784,0.9018584848474506,-1.1036858796094535,-0.8710087042144451,-0.40714733804035136,-1.295968731067873,-0.18406825406634636,-0.07484098393253386,0.6278730053782813,-0.99364018819215,1.209612918856854
-0.26398898761796874,1.429123563475806,-0.3253751203409271,-0.6029027920043856,-2.1185542081719677,0.06672268934524646,1.1829340948984608,-1.1561934717790117,0.262174812922331,0.1506196501992028,-0.6818766818880473,2.5124912574107316
0.7682729184493041,1.4275310158172703,-0.6564542563635039,-2.7996452357958996,-0.587884883396606,1.0645673795989947,2.9737629151208633,-7.419118582777967,-6.284601442111613,-1.3435066469855457,-5.035732386379678,7.220188688080429
-0.2525272752804846,-0.65201522907168,-0.20792861850272149,-1.0303088128814375,0.9209816605795992,0.05904057837731021,0.23250700813051717,-0.0701365321372509,0.6706780819641466,0.16219395499366582,0.15063164259050232,-1.8781709534017477
1.9671546474625834,0.1392430259555811,-1.0590547545976159,-0.8695664729526039,-1.0637327916584989,-1.207989987605645,-2.406396152556614,3.430041625513064,4.861598130837897,-0.9410650212946644,3.5533127172043746,-3.3946202151219262
-0.3108880866811323,2.0796506461109034,-0.24598178443103402,0.5580453666302617,0.480261748449905,1.7916762582097137,2.1178214861231393,-1.75029518834604,-4.030527719802523,-1.1398750654708014,-1.0822972757146718,3.3694196169132535
1.5638263131192727,0.4551493982875625,0.5325195084722525,-0.21781684091905137,-0.28505163599623745,-1.2827774660132092,-0.2818176616933932,-0.6065264960047103,-1.2160428945976074,-0.437790818463338,-0.893144375502654,1.5050013942135805
-0.9458176780082868,-0.21121351675134936,-1.1164081614416257,0.4409405474753173,-0.540186689412413,2.822072309067976,2.5387322692830394,-2.1520932628339238,-3.5536905686152807,-1.031233744039548,-0.6578308076721642,4.095764655782744
-0.7384263068749262,0.9575508049861269,1.6552335782109755,2.2436970431667316,0.8425851397702764,2.863276564354137,3.3398114010811146,-1.3003221720992095,-4.147931959870368,-1.071366711535971,-2.6450598031558874,3.2226034034630096
1.190247977082042,1.4507927027510235,-0.40352061232971526,-1.1280485521786374,1.5737628931767644,-1.5274613263911272,-2.9648174165112042,2.4331661775791935,4.5165321674481875,0.014978083649731511,2.5427892746624985,-6.2544972150905895
0.15346710640389635,-1.0917809989021512,-0.5983616603546161,-0.04978664344897714,-0.0959934874246387,-1.5966741576795367,-2.590055728639112,2.478158632779793,2.4882952160483165,0.9589932057083105,2.3273838017273194,-2.505620618788088
0.491452017513786,-0.7743836672508244,-0.7956131189898045,1.0819063514554343,0.01767059612172732,-0.5599318292462978,-2.1744566289364378,3.8382968148791345,4.313105049384626,0.030808628990591856,3.6146948637327307,-4.194319208708314
2.3491791985958717,-0.8532325857500561,1.3920005454340967,0.26175297160365973,-1.0006943033134923,-3.103538993185483,-2.6834334837120766,2.5655670679840568,1.827415481636222,0.22796032083927503,0.7517763907148738,-0.516878421809484
0.4524770670151088,1.9899113304309084,0.23077928864474778,1.6342867290740937,-1.1561211841168653,0.22602853225988034,1.1849074269119508,1.0380355482980548,-1.1273129930297396,-0.6594800078428037,0.6234430797000434,2.5256675885816033
-0.5875290429732741,-1.0576127542380769,-0.025250233217885963,0.7008347474161234,-0.09323372256655632,0.20900897911851668,0.06448623855209626,1.7663240145302292,2.5324065987005486,0.4110993088008974,1.4192464048574802,-2.4002963300465194
0.09708494453320565,-0.2400540163036751,1.4558293844170387,-0.007680412235395746,-0.7867667083931384,1.3807981783394851,0.7776017283369966,-2.3153774795642943,-3.1659660998695354,-1.0248070361369144,-3.0617260004841595,4.132084327831606
-0.1292601295199795,-0.2899514164248541,-0.6560178495525799,-0.5104701889927348,0.3376371406154461,0.24770334185853854,-0.06377485671826458,-0.7766659130728616,-0.5227182496784366,-0.08414532003782244,-0.009374433441699616,0.057686090102862186
-0.7324202428151368,1.2556021815692178,0.6414155291995466,0.337314942253016,-1.3563214114764761,2.968263038408059,3.9576032172713553,-4.263253757020888,-6.04966875576823,-1.367887076693908,-3.8762021583470854,7.516688637604223
0.5093869828886931,-0.5918061188879034,0.35076835782804033,-0.2713035094466584,-1.0899394150865152,-0.4683580076252268,-1.1088411160083282,0.9454322644978169,1.868632575538484,-0.1578574803323176,0.4369433294889822,-0.507040824402029
-0.9880836767133895,1.0946844326310248,-1.5454855706824153,-0.5027761344740999,1.5585114780444744,1.5440562103023872,1.6281515476313075,-1.2954112660160013,-0.525337605357721,-0.054208313043446435,0.4552041431432577,-1.3295831338229
0.5540992704696276,-0.022541273673382423,-1.435211556737336,-1.9061217962723869,-0.15237360295185737,-2.918094186640837,-2.129142505138083,1.619947969628128,4.772869135992974,1.422463260588616,2.611722545185402,-4.347697422906751
-1.261094249120826,1.357405545521313,-0.1022220422759059,-1.8955892678703457,0.8278477222917376,3.483440522016474,3.369325698302867,-6.014115969803557,-7.25744459139008,-1.1503962121374052,-4.391203858595525,5.954392709464191
-0.37230120977014225,-1.2272896334061545,0.31079320056261905,-0.33754642496816506,1.065638600125325,0.3926303232252046,0.852127913274056,-1.384197693720211,-2.2609042140757425,0.06170373854393252,-1.319918799469114,0.891731321058344
-0.45576939942782435,-3.734295227735471,-0.25086270083145185,0.6057570790328592,-0.0527079615298625,-1.0895513762639026,-5.760907830894778,9.252098874016536,11.28130449152,1.0050301640560502,7.023949995917913,-10.785813261976013
0.07496258671460865,0.918977276080612,-0.10439719655268206,1.979297126906886,-0.39221673616172886,-0.8290276621394513,0.480758251330574,1.5135666921239246,2.3213595004509195,0.5542688834120489,1.4240686154093316,-1.7051151744395554
-1.0811149742529742,-0.05434574975278918,-1.702322899615013,1.226801932965501,-0.24802915763480443,0.7496981878103604,0.6624251638187125,1.14380948928539,-1.9271279697215074,0.28179079649975247,2.259290610080518,1.9896345911479156
0.9042553545668229,-0.7567730392153548,-0.8407501165318693,-1.282715434591631,0.4904833404811886,-2.161697324158256,-3.067992196725093,2.449691351569219,4.464731781560594,0.7351093213848341,2.7135071353481135,-5.037286865705055
-1.138717904372691,2.8140056846549997,-1.5168371995388936,0.24927207874112334,-0.613178143394557,4.8613337789348305,7.421547492244566,-6.656600175347318,-8.491513402384447,-2.0594251721210552,-3.7776006769051547,9.007686971615414
0.18867868522664386,0.2799925503719475,-0.6254474553756508,-1.7251222924671652,0.6222686409483617,-0.5360610468060876,0.6104804880687413,-3.0606037282317566,-3.0803144004180454,0.22460101367752117,-1.9547284920771129,2.258055802162693
-0.5690524338756532,-1.481494764076797,-1.568720921411003,-0.17829213583657383,1.385123619206235,-0.5259689577791021,-0.994944145277375,1.7646731469880712,3.17795415807334,0.7567819862854228,2.7479549853714977,-4.73855579608466
0.7649210287597648,1.077502063787185,-0.06379984206967743,-0.8607627545446311,-0.40525873508110044,-1.2762241105594208,1.091318536999543,-1.083164940717736,-1.6048821947745748,0.11244082320489639,-0.9086472698462695,2.1333613485446397
-0.8643457110511769,1.4731878004692718,-0.02948412148735554,0.6277037030680283,-0.5254627138511817,1.5438924715759648,1.8659132060705572,-1.63305314915977,-4.002480660742069,-0.37322813431103674,-1.2147837232673602,4.656543048697308
0.05103414012937524,0.8806114199851015,0.2627305799745046,0.43323773907510893,-2.3117771800601052,0.8987655964132022,2.2462469052005405,-2.612360498777575,-5.405757908395253,-0.5124236748861698,-2.238840246478041,7.48555706746946
0.49135701244440644,0.7756739966947267,0.7372108729094119,-0.508320107682013,-0.1282579003561712,-1.3531902523067243,1.1451572918972608,-0.44030532938571937,-0.3715848777018531,0.3674796280493552,-1.0896882766561593,0.5816076162745139
-0.3311280022063603,-0.4941700282018145,-0.2686063948075301,-0.3279395988346226,0.6014456105629505,2.181476191766202,3.0803021807483395,-3.4767689151463563,-3.9738415718191287,-1.0725083705908973,-2.480187543326397,2.9956396085294146
0.38059236380645356,-0.5686422125453139,0.5048973691636077,-0.03554122391408868,-0.2301183113055581,-0.5994420365222007,-0.062027604969259784,1.8532499514331051,3.4058543273873556,0.057353437316581594,0.9405703592209572,-3.0266244311698363
1.1575130630075003,0.33186049874660417,-0.8792263666876693,-0.6137199784443281,-1.073022006682853,-1.207601951023875,-0.09488419242325234,1.2306494150924452,2.0557659690023296,-0.14085755446271736,1.6259175191306705,-0.6094845316377578
-0.4588479172938712,-0.16094572366440765,-0.3679459316561191,-0.386996094327502,-0.5613601377937696,1.443109558399995,0.8484701531400554,-0.6167718587492124,1.3100713654588403,-0.5877771386303187,-0.2146817522629597,-0.5099266515960122
0.5243340394160516,-0.19876472452389868,-1.3363327103671434,-1.6797918014213797,-0.10426313720380509,-2.368201110903114,-1.314414805984877,1.7493557014912064,4.3088602502280535,1.1233383782052428,2.5412263062015787,-4.064624482811318
0.9327144575679678,-1.48818053037583,0.12143254030050024,-0.16126332119865291,0.4759838707593732,-1.3839219356690131,-3.303545657729478,3.2236033457697335,5.848005554206515,0.2715106220067555,2.497483027348782,-6.028352030014532
0.3119830407513726,-1.298091081796428,-0.2658992989097717,-0.3586570489427941,0.24913461756084673,-1.0060538044079028,-2.538834637671798,2.3176908165501806,2.563171181209254,0.4473861128714447,1.9147440192889429,-2.9467499733464755
-0.12175945366660476,0.27495083644187257,0.09585914297561407,0.09932374610385514,0.9464734547501795,1.1431040441450984,2.565881977400512,-4.672196325459488,-6.039683986888898,-0.5904413590296433,-3.776885599460452,4.71665075369716
1.1515350086552363,-0.2102603046983633,0.3777422703127104,-0.2504536384116996,0.008612356407979745,-1.9028537805647905,-1.1446558460507685,1.945272572070426,3.144836378046411,0.33594861299986045,1.1650686658131686,-3.0950160758816057
-0.8661625601061423,1.058397572887127,1.171031502412253,-0.8483366200049152,0.3928984982604971,0.867837010987424,2.4516278018446314,-5.628385357714052,-7.488353077136143,0.08452055804263314,-5.409275855785014,6.574672067023703
-0.6314939754139856,-1.510520290275038,-1.3109030855611294,0.8199919363168259,0.26497443143551286,0.8367646761532587,-2.9986694743837092,4.826845570764981,5.656581997559222,0.1018098400016132,4.820959505839531,-5.869107588170421
0.5024497405198959,0.6167057740472508,-0.48811319144714166,-0.8650923693378585,-0.8687564400705531,-1.3856618638800071,-0.021914298116932972,-0.9868012038989621,-0.39408764125259965,0.4061912920704359,-0.34496604668727676,1.481632805894398
-0.011687290438850806,0.8310396651488863,-0.05772475893185217,1.0889608606675958,2.3361654610606397,-0.4012405935803524,0.2754267778242041,1.8843773637457224,-0.12579387078916418,0.30091762910563136,1.5461214782624666,-2.950978082801222
1.3014389899346264,0.9484792327536263,-0.5901535700845424,-2.0391625628685475,-0.06864360479681808,-1.0318917987459302,0.48423710963895095,-2.5235452940306202,-2.428850670639825,-0.4491392077388665,-1.5320695814856007,2.3762350379243338
-0.229415225847345,0.9975875287503394,1.112030930951113,0.44502935697988416,0.26554787380011075,2.239833208019531,4.835667465842701,-6.612594335082015,-9.209602684136641,-1.370527913075704,-6.212538299159845,8.650809122000224
-0.7168177791154352,-0.09606477444826317,0.013304228058383695,-0.3086089444700901,0.13694282255599374,0.7140393070882091,-1.6477190842677585,1.9300633981818687,1.698231754268507,0.13476128403929094,1.5278356236398285,-1.887252648545043
0.27736051845477605,0.984922558134716,2.1593801274565787,-0.9946614163587738,-0.03450194651742644,-0.2105629973886305,-0.11337186138041744,-3.659200081317727,-4.610705409096257,-0.07176922172460817,-4.632146922448394,4.7078881541575734
-0.005029663873252335,-0.9513394995080245,-1.4933412021279526,-0.7007305764659053,-0.4198181107756353,-0.8178776495104948,-2.177159155210691,2.677610643875555,4.642793008108545,0.6684719473593521,3.3482292759011845,-4.10621846475051
0.3342576566422777,-0.6974192591235128,-0.10663067387135447,-0.9083999516272542,1.0149421882682308,-1.619808730993857,0.37714241644078605,0.6297222123191711,3.4655399344562525,0.7210034232756146,0.636009875845578,-4.445788602796424
0.9324784493334328,-0.7799845792032438,-0.0035428214954884574,-0.9274869153566855,-1.1524685535466945,-0.46767097115770256,-0.011880232127092622,-1.609755836602148,-1.1660885641938368,-0.4865548383504956,-1.1371784171722268,2.477251251658591
-1.9382270077470192,0.4959224339241899,0.5238423139298821,-0.09642631087064302,0.311881670609013,2.362404401498518,2.880008401784502,-3.655153625444155,-4.347262745377582,0.16368564188054896,-3.2610987515012795,3.8149415916352885
-1.8930916917511775,-1.5461681908109697,-1.9458166489668334,-1.088487145673118,1.0950057076655952,2.135928980498459,0.18665765304116733,-0.14158428776694637,1.3069810205267263,0.08333210539289215,1.5815838930039419,-2.6588821363990514
-1.11736289787986,-0.40747398353759373,0.6289192442763397,1.5412600566870773,1.5622809133498692,2.3189538949481845,3.1001253750388527,-2.594829010873074,-5.178607577041764,-0.5119853708436202,-2.502341191321882,3.234453597445597
0.4466888427627258,-0.4231908900513441,2.590015303282556,1.5705336091321944,0.47032148371815424,-0.9909909204245815,-1.0662722066336625,0.862475089962808,-1.325494950977152,0.057768983898264695,-1.3626889170887224,0.8558357557546044
-0.5312012478235972,1.0421428188228528,-2.0039357154903312,1.4029173087567868,-1.1390239751194322,1.8684876882618877,1.877909397051,0.6754694066565939,-0.08597537868620604,-0.8217424679899087,2.327452744659395,1.7975860086611195
1.1219120963903932,-0.5430327888094858,0.8289756071769402,0.8185643983978331,-0.3551674768683161,-2.5222150554971496,-2.0375459498585293,1.2102024259525268,0.7852851236380054,0.8066735463777317,0.22363056489660232,-0.299569990420246
-0.6152201677771858,-0.3759845340918119,-0.5653085356750899,1.029437984731607,0.525170626924468,0.5240960067789432,0.6608094838125446,1.311791527638234,1.569833247194013,0.2585904739492885,1.5469610965835374,-2.2156366450270037
0.8473201134145438,1.0055453968580637,1.4825445303451639,-0.6359462614901064,1.2199622001349408,-2.1293520122041447,-0.7045908436680162,-1.8951186426879605,-1.555201071644617,0.7710012367957156,-2.8368459988329704,0.17186391652092925
0.21283878334531012,0.7624082452439355,-0.984879516938848,1.3247464985397768,-2.6201368677319348,1.5734417330490116,1.0407199595407965,2.3585717408670632,1.006288217168583,-1.2660559652637293,2.4112085203737847,2.0557993767383564
0.4076226202634592,0.7771577771274171,-0.10953468870774863,0.1740882053687227,-0.6168186599710929,1.0904742826578318,1.8257728768301922,-0.9111027533310253,-1.2558049982816788,-1.1834298624907353,-0.7494000180643168,1.9457821866510838
-0.2087066795346246,0.6343038183269165,1.304102404733741,-0.2658541500089683,0.19797785888288907,0.8582027560076751,1.0390697360945613,-1.6759673096034087,-2.0762469386233775,-0.41113136976646025,-2.4209044600589484,1.8617384323924746
1.315437734908142,-0.10459101595726737,-0.582203900818417,0.7367627327372552,-1.4869297903321022,-3.020077132522172,-3.0976765042122096,3.5085085368345226,2.7464494049653836,1.0009716809793003,3.145834054291171,-1.045420639748316
-0.8829512274404423,0.5599680269428376,-1.1027301760304178,-0.12325309336131535,-0.2267638883507783,2.3734139713027544,1.440167934569969,-0.953064515763869,0.9608450167333689,-0.8060243818801927,0.3180227845105972,-0.5710130158028844
-0.23157523994197915,0.32082701560163845,2.0628162649222315,0.4533033107566663,-0.5800339190493634,0.7073863682024368,0.9595711158298488,-2.138876866186143,-1.9560698609212093,-0.36963036053361176,-3.3819219207026388,2.8053476510689626
0.595458948858825,0.12318585371755297,0.17871880908825594,0.5334685417181931,0.008592735913563094,-0.8279124587704423,-1.305499746777774,1.8697827270092091,-0.2042132728700774,0.021170677210906784,1.268167128455228,0.0942325170240327
0.6890197618792635,0.45286412271891585,1.112873309487667,-0.12301170905984593,-0.258448812876274,-1.187737350176129,-1.4990042826384373,3.3230732191414294,6.27819809319917,0.2838645617428518,1.4976320442765507,-5.4868106149634555
1.0099408820906997,0.5378941109206719,-1.6743921783438582,-1.1003126945348196,-1.173030457854989,-1.1457860306334864,-1.1456382455959027,2.9333359657883067,3.6465350805549526,-0.02695681944884696,3.5206699266309873,-2.149851932378151
0.3233774979073235,-1.2170884101329424,0.6810291782737617,1.1915638459848574,0.40115997243851353,-0.9715287955945398,-2.097647816312967,3.6397764215477846,5.450004198651114,0.47209925208978043,2.274811949519401,-5.574008411501618
0.81413739911398,0.265830498152279,0.06834664120845052,0.21956930820602102,-1.4777618895456408,-2.4642721524580344,-1.9558084925697763,2.9102245061802123,4.36896240938071,0.9697334087181722,2.0788431266227954,-2.3956010511977133
-0.20814655619779462,0.6749092871995721,-0.1109994926235214,1.1492960367703877,-0.7150087758262705,-0.5544192297328984,-0.17527097880881634,2.9311870516612633,3.0664900663770873,0.5401737372716392,2.307184562391157,-2.0375892421070363
0.3512217480985109,1.4334126980863902,-0.24764096074829567,-1.215172616427814,0.8309601841849369,1.52367967722634,3.8778375649107213,-7.100270906021421,-7.4788617594534825,-1.3083200297044137,-5.3694378336532305,6.254619287782378
0.9930719436806776,0.19368934986825365,-0.6530345051208464,1.610965951640245,-0.09531224273312164,-1.7098375079975512,-2.7455326917635645,6.45649512513622,4.79848586221523,0.31151267426666573,5.406277233131276,-4.817504227289323
0.30266308867001623,-0.29409489522355353,1.41544890593318,-0.07256051304569476,-1.3996977543922056,-0.0764421517842261,1.0036219118385932,-0.7675582261239675,-1.0682708069947773,-0.26941101969237746,-1.7372564523884568,2.9559069289188966
0.8654130360183373,-0.2823484862070262,-0.717577943422156,-1.1659624593264286,-0.10375747271535296,-2.1954190843753065,-2.9422264985784508,3.2700561661349417,6.238642754421318,0.829307574123488,3.2328884161008338,-5.878893259818677
-1.4508702752995097,0.7689461727408352,0.362732698085071,1.0406531523500433,-1.4540393061854613,1.283591586514846,1.4922626632185694,-1.388273428876659,-3.0330201846935987,0.35796224423807943,-1.339452675955566,4.71010687291615
-0.779938710222971,0.09713055002908497,0.6496941696512787,0.16936678511177378,-0.7086681058033659,2.6054255501453456,3.0685437917073854,-4.275290329775027,-4.645446995138859,-1.1129971049389218,-3.9366667481164717,5.490122666164844
-0.5822949312451734,-0.9078569876614998,1.1017350844629759,-0.9351595513658139,0.09261712387194669,-0.09744002587653429,-0.5288512696335621,-0.5712453990804451,0.27797115440440634,0.5042162932776332,-1.3742869462592342,-0.23678568458094726
-0.2673685007889702,-0.061694728402641716,0.3419653935679101,1.7209473563264697,-1.3899054358008138,1.1194634376552552,0.9116406182393129,0.33421478296276574,-2.362600484812604,-0.4329913747893853,0.013704974859572894,3.9498280029132133
-0.32540150075736773,0.2842356841464634,-0.13962944579599162,-1.114226269118014,-0.5791555191511758,0.2887401173199909,0.9743545801943788,-4.026137694599319,-4.650050678648289,0.0700849308297514,-2.93945905736272,5.121869577645469
0.019818428211116276,-0.819775364940967,-0.3977418937231696,-0.4410205733832973,-0.5763569156537436,-1.2235459699315598,-2.1193797367957323,2.6072121952198657,4.634752663725239,0.8596494375651754,2.320302297088015,-3.858542769560901
-1.1872642623416148,-1.2592484314050056,-1.3150930277592958,-1.517322298274137,-0.5367413711638231,2.310234819734916,0.047169812913454665,0.2619562886171986,-0.24295573883165933,-0.5159838831349406,1.1862740974262296,0.45787171159659756
-0.6007727856117369,-2.7384756048704193,-1.2492880918627611,1.2835874071893112,-0.18747706656195737,-1.3271782705338995,-2.9754449142583557,5.738777041727478,5.716089785571408,1.4021085265578999,5.440010367823551,-5.707067113369351
1.3214120824612734,-0.6286883444400136,-0.5220961816349499,-0.09683785553890142,-0.41514761723402227,-2.452852110431409,-3.376307359573574,4.725042926242613,6.289439508179607,0.6042573595827205,4.0617450143633125,-5.642564275944938
0.17628721585104104,0.02054028222592951,-0.9377189522348258,-1.6673938153717451,-0.25022687542115585,-1.496657046667602,-0.6477693026170478,-0.14191845631103314,1.378282026450713,0.7494580712805259,0.7553099614839872,-0.9902631014794078
-0.5648121286165355,0.6064859547514542,-0.3428271416528134,1.4444867677036821,1.419263752999865,0.5244032599758621,1.382621445440321,0.2222301824853693,-1.9497504381472825,0.11856332203696396,0.5999156380304193,0.17953168925809043
-1.0234410911922474,-1.7159618692791234,-1.0146865955061286,-1.61305625691385,0.23721648882637533,-1.5522588558676578,-1.2513082110527503,-0.37267481690580767,1.8346609143428094,1.3883323665100569,0.7915167033758321,-1.938673210830779
-1.191109401863203,-0.7046620131475516,0.24052404524128984,-0.7059981309894777,-1.8447174641225332,1.2138718951160359,-0.5534599746941341,-0.7268710923567888,-0.888261815763897,0.11505880250922611,-0.6990994751655737,3.237658267837454
1.0580157091431452,-0.17616158756686529,0.6778399347834582,0.9155387221877824,1.3231908018194223,-1.5657515974143346,-0.6784419510365177,2.7544397178606834,2.135886664339253,0.2825028147431071,1.4909033901689546,-3.7567685383961615
-0.22418496101038732,1.9175504950315228,-0.9142796118277865,-0.9062478651827011,0.6227633006092569,1.8631151998104385,4.040407184972856,-5.428258152629373,-4.753001315863612,-1.0147012189281928,-3.3380047665725807,4.133742057408747
-1.6339150972569179,0.6712285518116783,0.7598839903255513,0.463461170051367,0.2239223946202232,2.176166858287814,3.4043595432980815,-5.97973675042315,-7.201542299343287,-0.05983279792485452,-5.15170380781795,6.578726949130367
0.3959456443734325,1.1951345256012045,0.7288871637269326,1.0066126452126136,1.432886729007771,-0.744945898322162,0.968253448168618,0.6046096855678206,0.5301760741875302,0.3083346567862322,-0.16938118028138038,-2.452786892482921
1.651974448543323,-0.7289276078790393,1.0959913961311172,0.06634844767362352,0.22999043617723774,-4.485014966717639,-2.0303427251858213,-0.2717232930804408,0.8439617349753554,1.6711106342779753,-1.2985636338232553,-0.7357398905421536
-0.8080339122706589,1.4237394136999395,-0.8633702911178093,0.9595061226877272,1.0033457008995927,1.3270898264646958,1.2947793855857561,0.2347430615750628,-1.8217204087323335,-0.31039241647241234,1.0802195217751285,0.7809184563181812
-1.270666964302094,-0.2643026326689676,-0.8673211710841329,1.3478468974164377,1.0939223529532378,2.571424932052137,4.000590029699205,-2.463193883055674,-4.164430397963069,-0.5464985593190556,-0.9450437654810939,2.4383790395765854
-0.7522599957634934,-1.0155276418080723,-2.2071087606339574,0.7339735971774318,1.3558524315786735,-0.015825744989986137,0.15496540723905886,2.2974579007290448,1.1056462960031024,0.5204701296629217,3.603161591275489,-3.248759149761638
-0.5753913413145668,-0.5644572607759559,-1.1110797761886022,-0.6361722178550331,-1.1155420121079118,0.5900113495193742,-1.7325735779651639,3.098920504551882,6.284007162228482,0.3764249697870955,3.263412700264102,-4.671726659457909
0.5931621307755999,0.7753623904970901,-0.05190598795052392,-0.2863304558163719,-1.0129943897664615,1.1831828000637834,1.0902054633023894,-1.5591237646713727,-3.5676636112932893,-1.3981752820553706,-1.2142787105632815,4.400948128597128
0.06996904689090691,-0.24242125036298418,-1.1029455560783357,0.5682364958508371,0.06837735903590933,-1.3779520097579379,-2.111306458937164,5.300618875943394,5.538154904438527,1.0052244416282032,4.884882744260003,-5.670427745901412
0.4978083075589952,0.46575855488061735,0.568301422769413,0.13203461367519936,0.29487940930584844,0.3112253599998637,0.1356646951844534,0.294538143682437,-0.7750590728104932,-0.6676706214776227,-0.22033535263365028,0.33210630172017186
-1.0437463746105557,-0.22381961038773576,2.282823214092584,-0.18303102123981607,1.817460261621147,1.4141431559611701,1.6697148243766482,-2.8925503705441677,-3.5437048032272678,-0.08056384316880093,-4.038297446145036,1.5495870876137259
0.8662614942854449,0.9239947772294903,0.9755009284194137,-0.5364100658977684,0.8236452919943026,-0.7779054143235965,0.2541884820667024,-2.1322828788842605,-0.34410212478419744,-0.09842591894940544,-2.3983941524841694,-0.5247012337017041
1.1651297723314606,-0.12144101153290815,1.3064179556594586,2.461041619781242,0.16917042157694745,0.10765490570703609,0.2115206396659432,-0.7042199670179135,-3.0642003685375503,-0.8819429833792688,-1.4764663610695505,3.018527202957413
0.500626431434621,0.15188643477071245,-0.9754171767744335,-0.3762420279085293,-0.05844426089394881,-0.030640693049342804,0.8336178469904408,-0.6753376612769613,-0.5058901543893103,-0.4132125951728466,0.3273944899035449,0.5693108670325298
-1.0077231196980863,-0.719315335509179,-1.4887462436355088,0.5410519071171995,-1.2572965461070225,1.7900200049481638,-0.5154930878990209,0.3004244174465261,-0.38116326472564876,-0.4596825857543885,1.6411148817726806,2.1093190271912965
1.300120492260197,-3.1906275944514215,-1.765777270886133,-0.4054505637496107,0.07450989133143952,-2.7899207016657486,-5.280370348008014,7.21422741412525,8.863834450483429,0.9037463511771693,7.103033250815784,-9.19214344094321
-0.8588141344435823,-1.0240495094918376,-0.0719773417286575,1.7209083943471257,0.445381615897556,0.8470459298881992,-0.6075107319978,2.1928296614896428,0.6058084881671779,0.19513412440487954,1.7741146659756044,-1.1859313718803106
-0.7193137892092953,0.7122138008870398,-0.7756139290696521,0.3955860639122354,1.8448802584859243,3.1138273842954387,3.6257435078388798,-4.373868352814859,-6.617699521274843,-1.3366355763621434,-2.4131464292330067,4.079321611993955
-0.11491682676724797,0.48252816512692076,0.7078607162248868,0.19806276111451707,-0.28008901315387774,-0.6572345325505993,-0.22903497756459476,-0.8170603354774387,-2.338100396238684,0.45633426239247166,-1.2105879577778393,2.591334260078524
-0.9351305554300849,0.44025403587753453,-0.3448891927441073,-1.1533746167680279,-1.3867901381677705,2.740893188266621,2.1815237842126494,-5.5801902437393025,-7.043570651731554,-0.9148153662569627,-3.8852560089139736,8.302145898042687
0.19942215094567697,1.8135031002414397,0.741292812140356,2.3012943433833764,0.9962100106611348,1.0237336747131913,4.155528314020202,-4.951693558480212,-7.537405734686118,-0.5909003678038648,-4.463413699002776,6.361884827322183
0.6788290618996624,-0.7735307075027371,1.0338869907863875,0.11544891063362756,-0.580877569255241,-3.398675289657545,-3.24269433632311,3.515144121665188,3.644752448447525,1.6675117815193001,1.5031122757851034,-2.9511859598986994
-0.5439999506941737,-1.0251070891430338,-2.1054893915864876,-0.5116217394501016,0.510909442910013,0.4789305427563726,0.4644884173443582,-0.20026608674512475,3.3997598508877607,0.1494294268113881,1.801349014796831,-3.59016639391091
-0.6870771730262135,-2.700854463647956,-0.5855345207647078,0.8921698399323624,-1.3371217054337081,0.9770207243171066,-1.0973165631886201,3.5803441074244837,3.613183826011499,-0.13361106775314466,3.313514512199535,-2.095486323027561
-0.020282241739827428,0.07046322236727925,-0.19852584461583273,-0.07107450992423552,-0.5426125174515809,-1.35274419596075,-3.081991081305915,4.599738315231674,4.625980187209205,0.936870982847808,3.651535124500573,-4.064851882073689
1.735135238512713,1.0104117354625228,-0.12365525353421611,-1.4247576736522378,1.6111371266459864,0.29726403240680455,0.6755225786210431,-4.893695911017695,-3.2563844200493803,-1.4461888420773077,-3.6015580201566015,1.3245055449113003
1.1410673735784387,-0.38612086056668443,0.4453588216077478,0.7083344971543977,0.8169665067323479,-2.027751599881312,-3.806888510794311,4.335192685888651,6.078927876575889,0.49354922368074794,3.041539383064842,-6.6614724259625415
-1.4063398488688077,-0.8721708614152226,-0.32578638220591016,0.08392914860298044,0.3038431216679582,1.3095657826822604,1.1217198233127188,1.1629167426476281,0.8621682810966521,0.33727608982335666,1.1446899746695056,-1.4457016615070077
-1.580322677837352,-0.8804403033478367,-1.2980857475352052,-0.019770065508749674,-1.5726839347050623,2.7161468405349805,0.8254934980555784,-0.06827194993715241,0.6376644618335321,-0.5157199937415223,1.249886497203,1.5333701998528282
1.599634714818871,0.23217924086251895,-1.6866660228777495,0.00852143109359713,0.9228625570750172,-2.1777656967281676,-1.418124823388214,1.8145810853027444,1.5308215478396654,-0.021464905447808665,2.9867583872917494,-2.8918559021289743
-0.38684590720742373,-0.2798331164689604,-0.7225521241540851,-0.3868256097304673,0.5100638527980942,-0.1732743612947727,1.9600196092705895,-3.4479955765911336,-3.9352542228130947,0.30934472423618,-2.032856818158138,3.2122446813128276
0.5973729438197763,-1.0913521308461,-0.2790227803541938,0.41889812371429697,1.9869249729622975,0.3872068524832685,-0.09712246812212845,1.6721167691068106,3.0517589783306165,-0.4662223490008204,1.6812850600022622,-5.107526599682766
0.9662252219651644,-0.17976314867584928,-1.089566222305744,-1.3333549992312415,0.706757821855459,-0.5038259122722575,-2.8343141866780233,1.8877510760535743,3.052777331265964,-0.4623382390495552,2.608273695723501,-4.165276699149619
1.396418564610036,-0.6381144138973556,0.7871109260948503,-1.1355400825822561,-0.5325131518815328,-2.725413639375531,-1.8993687740631728,1.2211120189391793,2.0781721279993755,0.6546840182657493,0.20162085253174983,-1.4091873846327074
-0.7988455455971368,-1.4718696843643306,0.07185961462839993,0.3432106408123458,-1.5765739846719526,-1.031608052746079,-3.112432747167977,4.28160093321801,5.563253936556914,1.3946076489790704,3.3042559046218227,-3.6231286851850433
2.6876702431800843,0.3326972359897747,1.1068602350900016,0.6336104269166761,0.48107055933792553,-2.0615870009623647,-2.327162254094488,0.7465118491615327,-0.6493754765512902,-0.6696057311453036,-0.2712374657016597,0.09084498021188704
-1.8689236357229821,-1.1676607912800936,-0.6245641492647984,0.9883126691137667,-0.018497727395326083,1.9166047502626917,1.7553598744907017,1.1827837945827324,0.39127658492319084,0.3735050184012385,1.4595528357303647,-0.7582230849589321
0.2310248619543094,0.02217224101457444,-0.4468222811236305,-0.41404041298542965,-2.07567567717668,-0.7055617433141808,1.4837330792849106,-0.9427680314335111,-2.2535456790271144,0.1739847568194807,-0.3996452535699846,4.308820217528221
0.019546467079827337,-2.0936455728898866,1.3068624904380006,1.4262083157838974,-0.20948720204416582,-0.7564922962805697,-3.8423688071105566,6.226336095051103,8.14459613402437,0.4584872451824933,3.5081443808962196,-7.477543351984837
0.02341943137787683,-0.7596081814401874,0.12393886909486787,-0.7199202047100216,1.21002013368713,-0.3294279836400353,-0.6934332321098742,0.44812484900661925,1.7672959082182786,0.22561345160833415,0.3237200473401955,-3.143990268968863
-0.049097457512549875,1.1041876023430444,0.27478860742627975,0.8549308792062573,1.2435071908691073,0.4634416193456995,2.635976725420214,-2.667954004813997,-4.900945000829921,-0.15002593882116827,-2.2830693083988436,3.2712502183413514
-0.34333610840811135,-0.14444684514079445,0.5477731465345013,-1.6422225480406694,-1.6406338001155463,-0.1117736233659024,-0.025044172393057094,-3.489363237896721,-1.2514134480227743,0.3006624948684473,-2.984810391588789,3.5281661978589587
0.6551786512528883,0.9070890990167582,1.2822496671974755,-0.9389288828094308,0.786409245834319,-0.7870059292694801,-1.600285809455444,0.3382494342640372,-0.1373513117387599,-0.022092767197556804,-0.7747730292429291,-0.9716581036603197
0.8348448973825505,-1.932019158037806,-0.09346673441897427,-0.5093745278682773,0.10646373539825432,-2.2858981850241693,-5.316301998902504,5.983230214869096,8.521592577363508,0.9694469739498915,4.677121057483848,-8.385305228438883
0.11895797787856713,-0.19360380555903134,1.549539564178816,-1.7815172770699457,1.4831388501332277,0.14488506374209187,1.339165974711775,-5.41172460527239,-4.089889892748263,0.02390686240138199,-5.680517054601427,2.3748213811292698
0.9192484327535947,1.741339507692659,-0.8390993084036209,-0.3795111001665794,-0.21033553024847995,0.6733565948646262,2.362499539378601,-3.691441167286196,-3.758601541746383,-1.3088961664180294,-2.1272190877248756,3.871548182147096
0.45559178129830447,-0.04920498135630984,-1.65708324295829,0.271689271938397,-0.380612533108272,-0.4725364216911056,0.8926741508804072,0.861730627517799,1.5346595007603558,-0.021833019619590124,2.0963808247066247,-0.9044097668448364
0.36765734893570856,0.08606127988846063,0.24294883870185704,-0.7939557606563256,0.6140126271894841,-0.5508731364872821,-0.011122803361964292,-0.9708923851317262,-0.0017092688841168213,0.07244238403920517,-0.932190287650425,-0.7503455153731792
-0.8277985536288482,0.09326688629159544,1.26844190068489,-1.3899953194899664,1.7058846609214717,2.619828106369249,2.5030970952779423,-5.561438275242769,-4.3844731612695576,-0.760499345816187,-5.269088728276934,2.535310470034869
0.24794424107143212,-0.1081027841918144,-0.8745230969030597,-0.9985824008255838,-0.1446931042502458,0.5128319512975884,-0.39202468395427303,-0.3622827433902092,0.04307556887739411,-0.5703894066840466,0.5228087519055271,0.03301645859259966
-2.316409296579563,-0.5839665504261926,-0.5743290512650829,-0.039883961297457,-0.7233212978717327,3.639395894558314,1.3527191508364078,-2.495150655457781,-1.5909599715508211,-0.48906781961805945,-1.0614608852947,2.6923733211564866
0.16976904829442618,-0.28734436521461015,1.0917551655800002,-0.7864402633497658,-2.216756494657633,-0.38572816375625774,-0.8519492233332197,-0.9868592348641347,0.40647714917487143,0.14876120116773595,-1.6260030358411972,2.4848712050284645
2.5744249427068806,1.1299122658870178,-0.891117020643727,0.4735797154562549,-1.3107229425660532,-2.898967419879678,-1.7121235379716977,3.1211342947582645,3.92413088180097,-0.19339197549062515,3.1978209735465675,-1.9853819645799102
-0.2958980275065114,0.3875892069090117,-1.1026623156249253,0.31686769397351117,-0.5769672273717902,0.6951644959107601,0.38004614969733624,-0.6567237073541404,-1.9645445396217218,-0.3062183871435191,0.5216162425278738,2.657931333781421
1.7062675458080332,0.6238398276308618,-0.5994992950814328,0.24363168137892435,-0.6881624183701931,-2.2469405245794296,-3.261353592228624,4.371282749572097,5.338396102294993,-0.007302824111136093,3.9170899146885207,-4.451281069501836
-0.18130893150138888,-0.5437528517127085,1.1815749494566528,-0.9251757293348438,-0.9127746056233389,-1.089706326833327,-0.4940187135780944,-1.484654955450685,-1.2546083054884016,0.779578627234576,-2.1833543010537166,2.503745219935508
1.0529998925048243,-0.08894887830613271,-0.0089468928224564,-0.503625020329114,1.2948778261652258,0.09324525648054327,0.6771655499476479,-2.2858092137609276,-2.35975392853027,-0.8428612919627414,-1.7538605539878391,0.4601491617143817
-0.4287389096744072,0.8616328741744997,0.40443799048359774,0.04323866932004103,1.296417043201631,1.6579619410408655,4.340966834235574,-6.532530692433179,-8.986158315130838,-0.7293442319525921,-5.486292465676873,7.1725768559021645
-0.7476207835305542,0.2743100560243234,-0.7782885486574321,-1.195983499098934,-0.9054778398626205,2.0634475714181777,1.1064220774509845,-1.3948781894896662,-1.3685419973544708,-0.734553956319792,-0.4337475934117504,2.4486139763583026
-2.3344390398368553,0.8413084050641615,-1.0085286398576374,0.6726374662602524,0.8767497791156675,4.355543599020224,5.536532082494385,-6.035096959017954,-8.350355741653836,-0.9203591781766144,-3.4068668804275104,6.607512537040563
-0.2943553125488113,1.966201829885127,-0.473161603251308,2.109452611559767,-0.9992914271696147,3.0609579253944292,4.16006604882734,-4.5762552348441,-8.353730479657136,-1.5434464819859972,-2.8954519525206086,8.84743126071964
-1.714671283142002,0.14213787347006077,-0.37655420464750744,-1.6971091802266802,-0.243690649197551,2.1073139797483487,1.6765476562318942,-3.788126133697202,-5.378798245396972,0.041340778554602414,-2.7175265943295512,5.380264321910129
-0.9723219673043751,0.012231976375630692,-0.4278590842135334,-0.14326708653887557,0.1611440060816079,1.966712083170044,0.2488527092014506,1.7362065694068762,2.5517774584780906,-0.37505364103313044,1.7194888426861046,-2.6999840727725637
0.4316506543006373,0.0008768644908552989,-0.7649126343820428,0.7700644780843497,0.8242347567110669,-1.1247182310300325,-0.9909915987651984,1.433558284438887,2.224699802025097,0.43944900923860886,1.7523989763864365,-3.0894326161317847
-0.6854107884458519,-1.408152943119312,-1.6752334182557103,0.7403237813201785,0.5110838476605217,-0.8009098775381479,-1.3981144576623499,4.40716432287799,5.148432924803898,1.2356024259556273,4.749179064661578,-5.7868839921787325
-1.558051399434342,-1.1482002880705193,-0.38537733924067774,0.2382277273704953,-0.21878217785320808,1.3810466532631134,0.8291379128998556,0.07860890102873984,-0.1910435857026443,0.33533916758143467,0.48981927625195304,0.3346922918517199
-0.6952120051287737,-1.587136845583368,-2.11125145903407,-0.946798799698912,3.3242634498976193,0.8506470004380421,0.5935086582465456,-0.3294822829179364,-0.6105382010113172,-0.20565354824593654,1.46925802493978,-3.7627434489704563
1.2515924446151059,1.8567711958581452,-1.2626832737472289,1.5264773319025955,-1.8616603475548956,-0.2174030217305622,3.194853647897344,-1.0365898473452506,-3.100210417231996,-0.7892205533379035,0.3475338668403671,4.9355396843124435
0.05865605974277591,0.4077650750751794,-1.3975531350939223,0.4069874301977013,0.003289852351991044,0.34418570139732246,0.04483945693742297,2.3828862615620165,3.5195811383012168,-0.20675992862975986,2.963862557582544,-3.4091166302567
0.16996602547662967,-0.8691064102042296,-0.5171674330153111,0.7037369663574234,0.16551382739721132,-1.4462792980541188,-1.3437564305528213,3.0872149719725805,4.685798214476479,0.9391676263803548,2.8258971696321336,-4.706533695874933
0.05391262961018589,-0.1522183049306719,1.290550947970432,-0.5374371766203985,0.36143731140982926,0.26938177162869636,2.7810461105115722,-6.745171765595977,-7.955718098531362,-0.28584171442656725,-6.406476514774416,7.391975726252323
-0.7639634357147048,2.438455450712336,0.03568802459667175,0.3478586231582822,1.086705024666189,2.7682376028800175,3.774925698405692,-5.272589977867241,-7.660371746836811,-1.255239721056367,-3.9403049293154897,6.117020199405661
0.10130618942211422,-0.023966179844511007,2.1222259985138954,-1.397960171401554,0.4695599064046182,-0.007614925921572105,-1.8699477782566105,-0.1590741474342672,0.07545864016258114,-0.035575291563091735,-1.830339128950543,-0.821092074784283
0.6510268712148594,1.4336318250377782,0.07373995348846177,-0.5410253969718951,0.26529369279130915,-0.2562305428080515,0.14897166011439011,-2.2168354115843196,-2.4313787392853103,-0.4386066152431032,-1.7281192159886964,2.1081039340015337
0.41761673514152964,-0.9034749087327948,-0.025832448775126436,-1.1364920881095941,-0.5486373244446164,-2.9444807479809714,-5.146559312327016,5.833914523820824,9.809053349690759,1.783440472112458,4.458959729579484,-8.682820806150133
-0.5491628521859692,-0.24254439320532042,-0.31418506640232774,0.028690362794337832,-0.8904992029657997,0.04638000269460624,-0.7901977940486306,0.554272263489212,-1.316147014704301,0.34247338189747056,0.7076393725662489,2.1981993172243333
0.5688672945863068,0.12906867256831372,1.0017334519159877,1.5066720914438223,-0.2946935571116363,-0.32223805044648995,0.3243450970661747,0.13376721936336727,-0.238763037275377,-0.25929602338572233,-0.617401639471603,0.6990895708163535
0.5617053827290328,-1.6874752501126717,-0.7853461548629697,-1.9214991590695696,-1.1015070791168915,-3.3498211886059797,-4.057606649026594,5.078845604593478,9.69830585249495,1.899982389616858,4.565496823384425,-8.172803209213923
-0.2358272819212187,-0.2911055659131368,1.7115639211131715,0.9238211790261528,-0.6020115875325601,-0.09848660269984248,-1.9963867587361972,2.133630876221455,0.3201558461745292,0.11829357935696282,0.2307361987570543,0.35801668294752187
1.8364314147891279,0.5603412652068371,0.30050411154720147,-1.163717763160163,1.1921251475406687,-3.1368418365390687,-3.894287522116578,3.3119460413260424,5.197768555886726,0.5082874926434345,2.4479173178978537,-6.538411479172006
0.8676205969841011,-0.8071779098974872,1.553709482163947,2.007680571941033,-0.31401593645101084,-2.315822229185292,-2.6922553198453443,3.777760564435089,3.7673624107974124,0.6938778536769357,1.7304827829992016,-3.15450977260055
-1.6621009650061478,0.357105721328975,1.3627665819867538,-1.605708030402654,-0.242645975057956,1.8771930378512993,2.9351156312744067,-6.114855917441464,-7.233849926248668,0.10474928782423204,-6.025149473694169,7.096401362618058
0.5032946164456952,0.5891935408066284,-0.028373916128067687,-0.7253516731263738,0.14135509888984327,1.1447861837996833,1.2577023553595303,-3.143045366757282,-2.673119318315643,-1.2085898209000827,-2.4080513677037936,2.3477082302399936
0.7454988023825108,-0.4437645596447609,0.22800019892383783,-0.3081240623889175,-0.9507709734353488,-1.296254004537364,-1.9725765753270965,1.3433303342397394,3.255179469031913,0.2479469756793698,0.8870359619503789,-2.005298817644759
-0.6323949294797342,-0.17847768000893988,0.16318416854895462,1.8776244977965304,0.07724828249281945,1.4435556774222442,-0.551718204039902,3.8106368227986134,3.323383872659918,-0.3714413790636488,2.7031592152088186,-3.33218878883546
0.930310202471953,-0.04023134412834283,-0.08611447042543263,-0.43890305544075786,1.1683825556150618,-1.102134502904174,-0.6896769186958959,-0.6329000506139153,-0.31770605934944035,-0.017145882295632388,-0.44190833964511433,-1.160223794072337
-1.0461739990055772,-0.8566640838134997,-0.5153709791891323,0.945611360547078,-2.07783356707877,0.9737564354295071,-0.005427484612631348,1.2389517194355486,-1.528261424730068,0.180338869080189,1.3113010934747455,3.922957470748627
-0.9610001064332704,-0.25613748051446117,1.6433754922490662,-3.1078539029309327,-1.5874565882468263,1.7987679085553931,1.541649749831608,-6.682926919344612,-6.821108210101133,-0.32901859041816683,-6.567072424006493,8.924969933223878
1.712650802140666,-1.175038814004166,-1.5880194158776586,-1.6700642535624446,0.40534333437657827,-5.073160874925285,-4.002726960864959,7.037109858386655,11.781508634699291,2.099301940497626,6.4005595187543225,-11.961487800635656
-2.767150931789776,0.012715682312462735,-0.16229143682637573,1.0721045128951117,-0.7824368307682403,4.041388704385545,2.458948490214533,-3.8097569577043533,-5.003411291112081,-0.3422576632444949,-2.5159690199997704,5.812196180367928
-0.8073988568305689,0.16033442076884896,-0.8804096807281575,-0.40360124151192994,1.378134659211637,1.8732650471539747,1.4117324311421304,-0.509519015932663,2.013814549083054,-0.2663904327984802,0.5119960333105384,-3.41278736968669
-0.13962172244378898,-0.4941259922390657,1.252114232684126,-0.9835328499260129,2.0082101668160863,-0.2993102478645011,-1.5087757424893629,1.654044609922096,2.8601836891523815,0.4224383263611511,0.43991431810837245,-5.225668002799205
0.11520828449572401,-1.7200745972073532,-0.11729014918943281,0.24445660935041294,-0.6878846223777729,-0.8420785950314856,-2.7883277575122776,4.225765215545864,6.1780318431283066,0.5618677448461994,3.3798792840907557,-5.087191539627837
-0.7096101100318019,-0.6166124733800656,-0.29415014302475906,1.7553997371326826,-0.3900808453958482,0.99320685570111,-1.1110153188727068,4.3323551282793185,3.0737030525839595,-0.038063605806870016,3.529515940875924,-2.59628953385903
-0.7210964104421632,-0.7356867185818426,-1.2521982157921956,-1.7357822308774622,0.09169510602086287,-0.23077766144843942,0.7399080718695491,-0.9974375297017779,0.3503196322791563,0.5435088204192546,0.3437436069857013,-0.48411961467372355
-1.5369121356077604,0.8981501057772142,0.2972141524512528,-1.59581521373311,-0.49903600973613815,0.7018048702920188,0.8777594257899488,-4.131480559436982,-3.8019793170840317,0.694625946149858,-3.3332763175074436,4.408044236621923
0.018601722495744072,-1.4475771172430618,1.7744582011084886,0.49050098036671713,-0.7382813197419958,-0.8959931306643644,-1.8128044276649016,-0.35121085652157763,-1.4626739084143245,0.6087212484481079,-1.6867593033349493,2.641409626379044
-1.3682650556202642,0.36113510834652285,-1.8493292952773703,-0.3576647877212268,-0.9333948422951609,2.9742476163177423,2.6794699174428485,-1.9625207117057903,-2.016443189239682,-0.735419476434495,0.07785245265735667,3.263286664785656
-0.3310112213219385,0.8884430038989347,-0.35363268897661765,3.275059033485979,0.09621864446133117,1.6570582032116479,3.20415545761234,-1.8059408326524684,-6.239596149080852,-0.5689283164676976,-1.0974765723337476,5.6429352261677765
-0.1990395602434371,-0.6261394774050328,1.4601644250107226,-1.2055231377150806,-1.4485785188023979,1.3201246280643342,-0.3251035140170249,-2.430188623316014,-1.5257766952691056,-0.7730954630095926,-3.1663548856782806,3.443112047705366
-1.5161526926939173,-0.7006764139066971,-0.8727742935010069,1.349983127749821,0.3141761163132806,0.8158853641527701,0.3316979631312943,2.215277784076237,2.6213592495914577,0.8285063395445796,2.5831535793647915,-3.09682382707422
-0.03029796614320169,0.4074296890077367,0.29786232067776963,-1.0279077517121782,-0.3747326517824032,1.2803582466199706,2.371049926794712,-3.080539822700237,-2.182893408242015,-0.8609110844724653,-2.7572095190530646,2.6184981736898987
-1.9392795563158556,-1.057751181336221,-0.027328406220857783,-0.5686765251864702,-1.4640880423765381,3.2034127772763923,1.6421240926418308,-3.623807014395203,-2.4865977812456337,-0.64993743441321,-2.489379000864345,4.69507445680033
0.037714369983804896,0.8634781623441362,0.8334533745958416,0.5313040570350795,-0.46371204244186354,1.693695793967308,2.5377849152047465,-2.230343915149043,-3.015559268914065,-1.2437442452331342,-2.5837815146305942,3.5487116732157253
-1.0904469872661966,0.12290910986226242,0.8763299538019492,1.2977330863880145,-0.5959274273484146,0.22157727500036667,1.1689783147334658,-0.43257218248726714,-1.7595415181511889,0.7167387021547154,-0.9902486113274765,2.429912804172032
-0.2957274907097028,2.036801543600143,0.049504175625452396,-0.2413211162599723,0.2668648673578048,2.012003474377761,3.939210635871227,-4.480493637570071,-5.119282547366126,-1.153762182881745,-3.496133770237086,4.699713585023971
-0.1970171393853619,-0.748790397264322,-1.4615356685216412,-0.6373527344675053,-0.268904089864349,-1.462533522598434,-1.338314805564199,1.4790073630159746,3.3701419663481404,1.0805541737420918,2.4268863174686945,-3.0557807014042213
-1.842009030589923,1.3154926962656246,0.8281826016317635,-0.22206575910877688,0.2841094430024256,3.4197164140213387,2.9827881103504326,-3.693986160979784,-3.2917514248942608,-0.6208595381914948,-3.5415510512339,3.2051158974317504
1.5892696793851795,-1.1667147626374714,0.7130801664485162,1.5012602766565135,-0.007447622533604292,-3.648586001007049,-3.818665670124134,7.238626486890473,6.797543214453666,1.0642038025243925,4.723520790980639,-6.6357019493398886
-2.181445488099866,-0.705118581832384,0.5184789238606288,0.139321741815877,-0.6642687469529319,2.783515891735856,2.9129887045080967,-3.8765085067052785,-4.917698605746303,-0.05188713478752251,-3.3097518618152995,5.591835578860837
-0.7852061013622768,-0.2721240902051353,-0.6912172046321164,2.0941874205433395,-1.4689723368852492,1.1942761583186536,1.0180902171879587,1.974696137035917,2.818418547825799,-0.06400309399578767,2.191865013150311,-0.8488126278013357
