[2026-04-24 05:53:00,125][dowhy.causal_model][INFO] - Model to find the causal effect of treatment ['X0'] on outcome ['X1']
[2026-04-24 05:53:00,125][dowhy.causal_identifier.auto_identifier][WARNING] - No directed path from treatment to outcome. Causal Effect is zero.
[2026-04-24 05:53:00,125][dowhy.causal_model][INFO] - linear_regression
[2026-04-24 05:53:00,125][dowhy.causal_estimator][INFO] - INFO: Using Linear Regression Estimator
[2026-04-24 05:53:00,125][dowhy.causal_estimator][WARNING] - No directed path from ['X0'] to ['X1'].
[2026-04-24 05:53:00,127][dowhy.causal_model][INFO] - Model to find the causal effect of treatment ['X0'] on outcome ['X2']
[2026-04-24 05:53:00,127][dowhy.causal_identifier.auto_identifier][WARNING] - No directed path from treatment to outcome. Causal Effect is zero.
[2026-04-24 05:53:00,127][dowhy.causal_model][INFO] - linear_regression
[2026-04-24 05:53:00,127][dowhy.causal_estimator][INFO] - INFO: Using Linear Regression Estimator
[2026-04-24 05:53:00,127][dowhy.causal_estimator][WARNING] - No directed path from ['X0'] to ['X2'].
[2026-04-24 05:53:00,129][dowhy.causal_model][INFO] - Model to find the causal effect of treatment ['X0'] on outcome ['X3']
[2026-04-24 05:53:00,129][dowhy.causal_identifier.auto_identifier][WARNING] - No directed path from treatment to outcome. Causal Effect is zero.
[2026-04-24 05:53:00,129][dowhy.causal_model][INFO] - linear_regression
[2026-04-24 05:53:00,129][dowhy.causal_estimator][INFO] - INFO: Using Linear Regression Estimator
[2026-04-24 05:53:00,129][dowhy.causal_estimator][WARNING] - No directed path from ['X0'] to ['X3'].
[2026-04-24 05:53:00,131][dowhy.causal_model][INFO] - Model to find the causal effect of treatment ['X0'] on outcome ['X4']
[2026-04-24 05:53:00,131][dowhy.causal_identifier.auto_identifier][WARNING] - No directed path from treatment to outcome. Causal Effect is zero.
[2026-04-24 05:53:00,131][dowhy.causal_model][INFO] - linear_regression
[2026-04-24 05:53:00,131][dowhy.causal_estimator][INFO] - INFO: Using Linear Regression Estimator
[2026-04-24 05:53:00,131][dowhy.causal_estimator][WARNING] - No directed path from ['X0'] to ['X4'].
[2026-04-24 05:53:00,132][dowhy.causal_model][INFO] - Model to find the causal effect of treatment ['X0'] on outcome ['X5']
[2026-04-24 05:53:00,134][dowhy.causal_identifier.auto_identifier][INFO] - Causal effect can be identified.
[2026-04-24 05:53:00,135][dowhy.causal_identifier.auto_identifier][INFO] - Instrumental variables for treatment and outcome:[]
[2026-04-24 05:53:00,135][dowhy.causal_identifier.auto_identifier][INFO] - Frontdoor variables for treatment and outcome:[]
[2026-04-24 05:53:00,135][dowhy.causal_model][INFO] - linear_regression
[2026-04-24 05:53:00,135][dowhy.causal_estimator][INFO] - INFO: Using Linear Regression Estimator
[2026-04-24 05:53:00,135][dowhy.causal_estimator][INFO] - b: X5~X0+X0*X1
[2026-04-24 05:53:00,144][dowhy.causal_model][INFO] - Model to find the causal effect of treatment ['X0'] on outcome ['X6']
[2026-04-24 05:53:00,145][dowhy.causal_identifier.auto_identifier][INFO] - Causal effect can be identified.
[2026-04-24 05:53:00,145][dowhy.causal_identifier.auto_identifier][INFO] - Instrumental variables for treatment and outcome:[]
[2026-04-24 05:53:00,146][dowhy.causal_identifier.auto_identifier][INFO] - Frontdoor variables for treatment and outcome:[]
[2026-04-24 05:53:00,146][dowhy.causal_model][INFO] - linear_regression
[2026-04-24 05:53:00,146][dowhy.causal_estimator][INFO] - INFO: Using Linear Regression Estimator
[2026-04-24 05:53:00,146][dowhy.causal_estimator][INFO] - b: X6~X0+X0*X1
[2026-04-24 05:53:00,153][dowhy.causal_model][INFO] - Model to find the causal effect of treatment ['X0'] on outcome ['X7']
[2026-04-24 05:53:00,155][dowhy.causal_identifier.auto_identifier][INFO] - Causal effect can be identified.
[2026-04-24 05:53:00,155][dowhy.causal_identifier.auto_identifier][INFO] - Instrumental variables for treatment and outcome:[]
[2026-04-24 05:53:00,157][dowhy.causal_identifier.auto_identifier][INFO] - Frontdoor variables for treatment and outcome:['X9', 'X5', 'X6']
[2026-04-24 05:53:00,159][dowhy.causal_identifier.auto_identifier][INFO] - Causal effect can be identified.
[2026-04-24 05:53:00,161][dowhy.causal_identifier.auto_identifier][INFO] - Causal effect can be identified.
[2026-04-24 05:53:00,161][dowhy.causal_model][INFO] - linear_regression
[2026-04-24 05:53:00,161][dowhy.causal_estimator][INFO] - INFO: Using Linear Regression Estimator
[2026-04-24 05:53:00,162][dowhy.causal_estimator][INFO] - b: X7~X0+X0*X2+X0*X1+X0*X3
[2026-04-24 05:53:00,169][dowhy.causal_model][INFO] - Model to find the causal effect of treatment ['X0'] on outcome ['X8']
[2026-04-24 05:53:00,171][dowhy.causal_identifier.auto_identifier][INFO] - Causal effect can be identified.
[2026-04-24 05:53:00,171][dowhy.causal_identifier.auto_identifier][INFO] - Instrumental variables for treatment and outcome:[]
[2026-04-24 05:53:00,177][dowhy.causal_identifier.auto_identifier][INFO] - Frontdoor variables for treatment and outcome:['X5', 'X9', 'X6']
[2026-04-24 05:53:00,178][dowhy.causal_identifier.auto_identifier][INFO] - Causal effect can be identified.
[2026-04-24 05:53:00,180][dowhy.causal_identifier.auto_identifier][INFO] - Causal effect can be identified.
[2026-04-24 05:53:00,181][dowhy.causal_model][INFO] - linear_regression
[2026-04-24 05:53:00,181][dowhy.causal_estimator][INFO] - INFO: Using Linear Regression Estimator
[2026-04-24 05:53:00,181][dowhy.causal_estimator][INFO] - b: X8~X0+X0*X2+X0*X1+X0*X3
[2026-04-24 05:53:00,189][dowhy.causal_model][INFO] - Model to find the causal effect of treatment ['X0'] on outcome ['X9']
[2026-04-24 05:53:00,190][dowhy.causal_identifier.auto_identifier][INFO] - Causal effect can be identified.
[2026-04-24 05:53:00,191][dowhy.causal_identifier.auto_identifier][INFO] - Instrumental variables for treatment and outcome:[]
[2026-04-24 05:53:00,197][dowhy.causal_identifier.auto_identifier][INFO] - Frontdoor variables for treatment and outcome:[]
[2026-04-24 05:53:00,197][dowhy.causal_model][INFO] - linear_regression
[2026-04-24 05:53:00,197][dowhy.causal_estimator][INFO] - INFO: Using Linear Regression Estimator
[2026-04-24 05:53:00,197][dowhy.causal_estimator][INFO] - b: X9~X0+X0*X1
[2026-04-24 05:53:00,205][dowhy.causal_model][INFO] - Model to find the causal effect of treatment ['X0'] on outcome ['X10']
[2026-04-24 05:53:00,206][dowhy.causal_identifier.auto_identifier][INFO] - Causal effect can be identified.
[2026-04-24 05:53:00,207][dowhy.causal_identifier.auto_identifier][INFO] - Instrumental variables for treatment and outcome:[]
[2026-04-24 05:53:00,220][dowhy.causal_identifier.auto_identifier][INFO] - Frontdoor variables for treatment and outcome:['X5', 'X9', 'X6']
[2026-04-24 05:53:00,221][dowhy.causal_identifier.auto_identifier][INFO] - Causal effect can be identified.
[2026-04-24 05:53:00,223][dowhy.causal_identifier.auto_identifier][INFO] - Causal effect can be identified.
[2026-04-24 05:53:00,224][dowhy.causal_model][INFO] - linear_regression
[2026-04-24 05:53:00,224][dowhy.causal_estimator][INFO] - INFO: Using Linear Regression Estimator
[2026-04-24 05:53:00,224][dowhy.causal_estimator][INFO] - b: X10~X0+X0*X2+X0*X1+X0*X3
[2026-04-24 05:53:00,232][dowhy.causal_model][INFO] - Model to find the causal effect of treatment ['X0'] on outcome ['X11']
[2026-04-24 05:53:00,233][dowhy.causal_identifier.auto_identifier][INFO] - Causal effect can be identified.
[2026-04-24 05:53:00,234][dowhy.causal_identifier.auto_identifier][INFO] - Instrumental variables for treatment and outcome:[]
[2026-04-24 05:53:00,236][dowhy.causal_identifier.auto_identifier][INFO] - Frontdoor variables for treatment and outcome:['X8', 'X7', 'X5', 'X9', 'X6', 'X10']
[2026-04-24 05:53:00,238][dowhy.causal_identifier.auto_identifier][INFO] - Causal effect can be identified.
[2026-04-24 05:53:00,241][dowhy.causal_identifier.auto_identifier][INFO] - Causal effect can be identified.
[2026-04-24 05:53:00,242][dowhy.causal_model][INFO] - linear_regression
[2026-04-24 05:53:00,242][dowhy.causal_estimator][INFO] - INFO: Using Linear Regression Estimator
[2026-04-24 05:53:00,242][dowhy.causal_estimator][INFO] - b: X11~X0+X0*X2+X0*X1+X0*X3+X0*X4
[2026-04-24 05:53:00,307][dowhy.causal_model][INFO] - Model to find the causal effect of treatment ['X1'] on outcome ['X0']
[2026-04-24 05:53:00,307][dowhy.causal_identifier.auto_identifier][WARNING] - No directed path from treatment to outcome. Causal Effect is zero.
[2026-04-24 05:53:00,307][dowhy.causal_model][INFO] - linear_regression
[2026-04-24 05:53:00,307][dowhy.causal_estimator][INFO] - INFO: Using Linear Regression Estimator
[2026-04-24 05:53:00,307][dowhy.causal_estimator][WARNING] - No directed path from ['X1'] to ['X0'].
[2026-04-24 05:53:00,309][dowhy.causal_model][INFO] - Model to find the causal effect of treatment ['X1'] on outcome ['X2']
[2026-04-24 05:53:00,309][dowhy.causal_identifier.auto_identifier][WARNING] - No directed path from treatment to outcome. Causal Effect is zero.
[2026-04-24 05:53:00,309][dowhy.causal_model][INFO] - linear_regression
[2026-04-24 05:53:00,309][dowhy.causal_estimator][INFO] - INFO: Using Linear Regression Estimator
[2026-04-24 05:53:00,309][dowhy.causal_estimator][WARNING] - No directed path from ['X1'] to ['X2'].
[2026-04-24 05:53:00,311][dowhy.causal_model][INFO] - Model to find the causal effect of treatment ['X1'] on outcome ['X3']
[2026-04-24 05:53:00,311][dowhy.causal_identifier.auto_identifier][WARNING] - No directed path from treatment to outcome. Causal Effect is zero.
[2026-04-24 05:53:00,311][dowhy.causal_model][INFO] - linear_regression
[2026-04-24 05:53:00,311][dowhy.causal_estimator][INFO] - INFO: Using Linear Regression Estimator
[2026-04-24 05:53:00,311][dowhy.causal_estimator][WARNING] - No directed path from ['X1'] to ['X3'].
[2026-04-24 05:53:00,313][dowhy.causal_model][INFO] - Model to find the causal effect of treatment ['X1'] on outcome ['X4']
[2026-04-24 05:53:00,313][dowhy.causal_identifier.auto_identifier][WARNING] - No directed path from treatment to outcome. Causal Effect is zero.
[2026-04-24 05:53:00,314][dowhy.causal_model][INFO] - linear_regression
[2026-04-24 05:53:00,314][dowhy.causal_estimator][INFO] - INFO: Using Linear Regression Estimator
[2026-04-24 05:53:00,314][dowhy.causal_estimator][WARNING] - No directed path from ['X1'] to ['X4'].
[2026-04-24 05:53:00,315][dowhy.causal_model][INFO] - Model to find the causal effect of treatment ['X1'] on outcome ['X5']
[2026-04-24 05:53:00,317][dowhy.causal_identifier.auto_identifier][INFO] - Causal effect can be identified.
[2026-04-24 05:53:00,317][dowhy.causal_identifier.auto_identifier][INFO] - Instrumental variables for treatment and outcome:[]
[2026-04-24 05:53:00,317][dowhy.causal_identifier.auto_identifier][INFO] - Frontdoor variables for treatment and outcome:[]
[2026-04-24 05:53:00,317][dowhy.causal_model][INFO] - linear_regression
[2026-04-24 05:53:00,317][dowhy.causal_estimator][INFO] - INFO: Using Linear Regression Estimator
[2026-04-24 05:53:00,318][dowhy.causal_estimator][INFO] - b: X5~X1+X1*X0
[2026-04-24 05:53:00,327][dowhy.causal_model][INFO] - Model to find the causal effect of treatment ['X1'] on outcome ['X6']
[2026-04-24 05:53:00,328][dowhy.causal_identifier.auto_identifier][INFO] - Causal effect can be identified.
[2026-04-24 05:53:00,328][dowhy.causal_identifier.auto_identifier][INFO] - Instrumental variables for treatment and outcome:[]
[2026-04-24 05:53:00,329][dowhy.causal_identifier.auto_identifier][INFO] - Frontdoor variables for treatment and outcome:[]
[2026-04-24 05:53:00,329][dowhy.causal_model][INFO] - linear_regression
[2026-04-24 05:53:00,329][dowhy.causal_estimator][INFO] - INFO: Using Linear Regression Estimator
[2026-04-24 05:53:00,329][dowhy.causal_estimator][INFO] - b: X6~X1+X1*X0
[2026-04-24 05:53:00,338][dowhy.causal_model][INFO] - Model to find the causal effect of treatment ['X1'] on outcome ['X7']
[2026-04-24 05:53:00,340][dowhy.causal_identifier.auto_identifier][INFO] - Causal effect can be identified.
[2026-04-24 05:53:00,340][dowhy.causal_identifier.auto_identifier][INFO] - Instrumental variables for treatment and outcome:[]
[2026-04-24 05:53:00,342][dowhy.causal_identifier.auto_identifier][INFO] - Frontdoor variables for treatment and outcome:['X9', 'X5', 'X6']
[2026-04-24 05:53:00,343][dowhy.causal_identifier.auto_identifier][INFO] - Causal effect can be identified.
[2026-04-24 05:53:00,345][dowhy.causal_identifier.auto_identifier][INFO] - Causal effect can be identified.
[2026-04-24 05:53:00,346][dowhy.causal_model][INFO] - linear_regression
[2026-04-24 05:53:00,346][dowhy.causal_estimator][INFO] - INFO: Using Linear Regression Estimator
[2026-04-24 05:53:00,346][dowhy.causal_estimator][INFO] - b: X7~X1+X1*X2+X1*X3+X1*X0
[2026-04-24 05:53:00,356][dowhy.causal_model][INFO] - Model to find the causal effect of treatment ['X1'] on outcome ['X8']
[2026-04-24 05:53:00,358][dowhy.causal_identifier.auto_identifier][INFO] - Causal effect can be identified.
[2026-04-24 05:53:00,358][dowhy.causal_identifier.auto_identifier][INFO] - Instrumental variables for treatment and outcome:[]
[2026-04-24 05:53:00,366][dowhy.causal_identifier.auto_identifier][INFO] - Frontdoor variables for treatment and outcome:['X5', 'X9', 'X6']
[2026-04-24 05:53:00,367][dowhy.causal_identifier.auto_identifier][INFO] - Causal effect can be identified.
[2026-04-24 05:53:00,370][dowhy.causal_identifier.auto_identifier][INFO] - Causal effect can be identified.
[2026-04-24 05:53:00,370][dowhy.causal_model][INFO] - linear_regression
[2026-04-24 05:53:00,371][dowhy.causal_estimator][INFO] - INFO: Using Linear Regression Estimator
[2026-04-24 05:53:00,371][dowhy.causal_estimator][INFO] - b: X8~X1+X1*X2+X1*X3+X1*X0
[2026-04-24 05:53:00,378][dowhy.causal_model][INFO] - Model to find the causal effect of treatment ['X1'] on outcome ['X9']
[2026-04-24 05:53:00,380][dowhy.causal_identifier.auto_identifier][INFO] - Causal effect can be identified.
[2026-04-24 05:53:00,380][dowhy.causal_identifier.auto_identifier][INFO] - Instrumental variables for treatment and outcome:[]
[2026-04-24 05:53:00,386][dowhy.causal_identifier.auto_identifier][INFO] - Frontdoor variables for treatment and outcome:[]
[2026-04-24 05:53:00,386][dowhy.causal_model][INFO] - linear_regression
[2026-04-24 05:53:00,386][dowhy.causal_estimator][INFO] - INFO: Using Linear Regression Estimator
[2026-04-24 05:53:00,386][dowhy.causal_estimator][INFO] - b: X9~X1+X1*X0
[2026-04-24 05:53:00,394][dowhy.causal_model][INFO] - Model to find the causal effect of treatment ['X1'] on outcome ['X10']
[2026-04-24 05:53:00,395][dowhy.causal_identifier.auto_identifier][INFO] - Causal effect can be identified.
[2026-04-24 05:53:00,396][dowhy.causal_identifier.auto_identifier][INFO] - Instrumental variables for treatment and outcome:[]
[2026-04-24 05:53:00,409][dowhy.causal_identifier.auto_identifier][INFO] - Frontdoor variables for treatment and outcome:['X5', 'X9', 'X6']
[2026-04-24 05:53:00,410][dowhy.causal_identifier.auto_identifier][INFO] - Causal effect can be identified.
[2026-04-24 05:53:00,412][dowhy.causal_identifier.auto_identifier][INFO] - Causal effect can be identified.
[2026-04-24 05:53:00,413][dowhy.causal_model][INFO] - linear_regression
[2026-04-24 05:53:00,413][dowhy.causal_estimator][INFO] - INFO: Using Linear Regression Estimator
[2026-04-24 05:53:00,413][dowhy.causal_estimator][INFO] - b: X10~X1+X1*X2+X1*X3+X1*X0
[2026-04-24 05:53:00,421][dowhy.causal_model][INFO] - Model to find the causal effect of treatment ['X1'] on outcome ['X11']
[2026-04-24 05:53:00,422][dowhy.causal_identifier.auto_identifier][INFO] - Causal effect can be identified.
[2026-04-24 05:53:00,423][dowhy.causal_identifier.auto_identifier][INFO] - Instrumental variables for treatment and outcome:[]
[2026-04-24 05:53:00,425][dowhy.causal_identifier.auto_identifier][INFO] - Frontdoor variables for treatment and outcome:['X8', 'X7', 'X5', 'X9', 'X6', 'X10']
[2026-04-24 05:53:00,427][dowhy.causal_identifier.auto_identifier][INFO] - Causal effect can be identified.
[2026-04-24 05:53:00,429][dowhy.causal_identifier.auto_identifier][INFO] - Causal effect can be identified.
[2026-04-24 05:53:00,430][dowhy.causal_model][INFO] - linear_regression
[2026-04-24 05:53:00,430][dowhy.causal_estimator][INFO] - INFO: Using Linear Regression Estimator
[2026-04-24 05:53:00,430][dowhy.causal_estimator][INFO] - b: X11~X1+X1*X2+X1*X3+X1*X0+X1*X4
[2026-04-24 05:53:00,496][dowhy.causal_model][INFO] - Model to find the causal effect of treatment ['X2'] on outcome ['X0']
[2026-04-24 05:53:00,496][dowhy.causal_identifier.auto_identifier][WARNING] - No directed path from treatment to outcome. Causal Effect is zero.
[2026-04-24 05:53:00,496][dowhy.causal_model][INFO] - linear_regression
[2026-04-24 05:53:00,496][dowhy.causal_estimator][INFO] - INFO: Using Linear Regression Estimator
[2026-04-24 05:53:00,496][dowhy.causal_estimator][WARNING] - No directed path from ['X2'] to ['X0'].
[2026-04-24 05:53:00,498][dowhy.causal_model][INFO] - Model to find the causal effect of treatment ['X2'] on outcome ['X1']
[2026-04-24 05:53:00,498][dowhy.causal_identifier.auto_identifier][WARNING] - No directed path from treatment to outcome. Causal Effect is zero.
[2026-04-24 05:53:00,498][dowhy.causal_model][INFO] - linear_regression
[2026-04-24 05:53:00,498][dowhy.causal_estimator][INFO] - INFO: Using Linear Regression Estimator
[2026-04-24 05:53:00,498][dowhy.causal_estimator][WARNING] - No directed path from ['X2'] to ['X1'].
[2026-04-24 05:53:00,500][dowhy.causal_model][INFO] - Model to find the causal effect of treatment ['X2'] on outcome ['X3']
[2026-04-24 05:53:00,500][dowhy.causal_identifier.auto_identifier][WARNING] - No directed path from treatment to outcome. Causal Effect is zero.
[2026-04-24 05:53:00,500][dowhy.causal_model][INFO] - linear_regression
[2026-04-24 05:53:00,500][dowhy.causal_estimator][INFO] - INFO: Using Linear Regression Estimator
[2026-04-24 05:53:00,500][dowhy.causal_estimator][WARNING] - No directed path from ['X2'] to ['X3'].
[2026-04-24 05:53:00,502][dowhy.causal_model][INFO] - Model to find the causal effect of treatment ['X2'] on outcome ['X4']
[2026-04-24 05:53:00,502][dowhy.causal_identifier.auto_identifier][WARNING] - No directed path from treatment to outcome. Causal Effect is zero.
[2026-04-24 05:53:00,502][dowhy.causal_model][INFO] - linear_regression
[2026-04-24 05:53:00,502][dowhy.causal_estimator][INFO] - INFO: Using Linear Regression Estimator
[2026-04-24 05:53:00,502][dowhy.causal_estimator][WARNING] - No directed path from ['X2'] to ['X4'].
[2026-04-24 05:53:00,504][dowhy.causal_model][INFO] - Model to find the causal effect of treatment ['X2'] on outcome ['X5']
[2026-04-24 05:53:00,504][dowhy.causal_identifier.auto_identifier][WARNING] - No directed path from treatment to outcome. Causal Effect is zero.
[2026-04-24 05:53:00,504][dowhy.causal_model][INFO] - linear_regression
[2026-04-24 05:53:00,504][dowhy.causal_estimator][INFO] - INFO: Using Linear Regression Estimator
[2026-04-24 05:53:00,504][dowhy.causal_estimator][WARNING] - No directed path from ['X2'] to ['X5'].
[2026-04-24 05:53:00,506][dowhy.causal_model][INFO] - Model to find the causal effect of treatment ['X2'] on outcome ['X6']
[2026-04-24 05:53:00,506][dowhy.causal_identifier.auto_identifier][WARNING] - No directed path from treatment to outcome. Causal Effect is zero.
[2026-04-24 05:53:00,506][dowhy.causal_model][INFO] - linear_regression
[2026-04-24 05:53:00,506][dowhy.causal_estimator][INFO] - INFO: Using Linear Regression Estimator
[2026-04-24 05:53:00,506][dowhy.causal_estimator][WARNING] - No directed path from ['X2'] to ['X6'].
[2026-04-24 05:53:00,508][dowhy.causal_model][INFO] - Model to find the causal effect of treatment ['X2'] on outcome ['X7']
[2026-04-24 05:53:00,510][dowhy.causal_identifier.auto_identifier][INFO] - Causal effect can be identified.
[2026-04-24 05:53:00,511][dowhy.causal_identifier.auto_identifier][INFO] - Instrumental variables for treatment and outcome:[]
[2026-04-24 05:53:00,511][dowhy.causal_identifier.auto_identifier][INFO] - Frontdoor variables for treatment and outcome:[]
[2026-04-24 05:53:00,511][dowhy.causal_model][INFO] - linear_regression
[2026-04-24 05:53:00,511][dowhy.causal_estimator][INFO] - INFO: Using Linear Regression Estimator
[2026-04-24 05:53:00,512][dowhy.causal_estimator][INFO] - b: X7~X2+X2*X1+X2*X5+X2*X3+X2*X0+X2*X6
[2026-04-24 05:53:00,521][dowhy.causal_model][INFO] - Model to find the causal effect of treatment ['X2'] on outcome ['X8']
[2026-04-24 05:53:00,523][dowhy.causal_identifier.auto_identifier][INFO] - Causal effect can be identified.
[2026-04-24 05:53:00,524][dowhy.causal_identifier.auto_identifier][INFO] - Instrumental variables for treatment and outcome:[]
[2026-04-24 05:53:00,524][dowhy.causal_identifier.auto_identifier][INFO] - Frontdoor variables for treatment and outcome:[]
[2026-04-24 05:53:00,524][dowhy.causal_model][INFO] - linear_regression
[2026-04-24 05:53:00,524][dowhy.causal_estimator][INFO] - INFO: Using Linear Regression Estimator
[2026-04-24 05:53:00,525][dowhy.causal_estimator][INFO] - b: X8~X2+X2*X1+X2*X5+X2*X3+X2*X0+X2*X6
[2026-04-24 05:53:00,533][dowhy.causal_model][INFO] - Model to find the causal effect of treatment ['X2'] on outcome ['X9']
[2026-04-24 05:53:00,534][dowhy.causal_identifier.auto_identifier][WARNING] - No directed path from treatment to outcome. Causal Effect is zero.
[2026-04-24 05:53:00,534][dowhy.causal_model][INFO] - linear_regression
[2026-04-24 05:53:00,534][dowhy.causal_estimator][INFO] - INFO: Using Linear Regression Estimator
[2026-04-24 05:53:00,534][dowhy.causal_estimator][WARNING] - No directed path from ['X2'] to ['X9'].
[2026-04-24 05:53:00,536][dowhy.causal_model][INFO] - Model to find the causal effect of treatment ['X2'] on outcome ['X10']
[2026-04-24 05:53:00,538][dowhy.causal_identifier.auto_identifier][INFO] - Causal effect can be identified.
[2026-04-24 05:53:00,539][dowhy.causal_identifier.auto_identifier][INFO] - Instrumental variables for treatment and outcome:[]
[2026-04-24 05:53:00,540][dowhy.causal_identifier.auto_identifier][INFO] - Frontdoor variables for treatment and outcome:[]
[2026-04-24 05:53:00,540][dowhy.causal_model][INFO] - linear_regression
[2026-04-24 05:53:00,540][dowhy.causal_estimator][INFO] - INFO: Using Linear Regression Estimator
[2026-04-24 05:53:00,541][dowhy.causal_estimator][INFO] - b: X10~X2+X2*X1+X2*X5+X2*X3+X2*X0+X2*X6
[2026-04-24 05:53:00,550][dowhy.causal_model][INFO] - Model to find the causal effect of treatment ['X2'] on outcome ['X11']
[2026-04-24 05:53:00,552][dowhy.causal_identifier.auto_identifier][INFO] - Causal effect can be identified.
[2026-04-24 05:53:00,553][dowhy.causal_identifier.auto_identifier][INFO] - Instrumental variables for treatment and outcome:[]
[2026-04-24 05:53:00,555][dowhy.causal_identifier.auto_identifier][INFO] - Frontdoor variables for treatment and outcome:['X8', 'X7', 'X10']
[2026-04-24 05:53:00,557][dowhy.causal_identifier.auto_identifier][INFO] - Causal effect can be identified.
[2026-04-24 05:53:00,560][dowhy.causal_identifier.auto_identifier][INFO] - Causal effect can be identified.
[2026-04-24 05:53:00,561][dowhy.causal_model][INFO] - linear_regression
[2026-04-24 05:53:00,561][dowhy.causal_estimator][INFO] - INFO: Using Linear Regression Estimator
[2026-04-24 05:53:00,562][dowhy.causal_estimator][INFO] - b: X11~X2+X2*X1+X2*X5+X2*X3+X2*X0+X2*X6+X2*X4
[2026-04-24 05:53:00,622][dowhy.causal_model][INFO] - Model to find the causal effect of treatment ['X3'] on outcome ['X0']
[2026-04-24 05:53:00,622][dowhy.causal_identifier.auto_identifier][WARNING] - No directed path from treatment to outcome. Causal Effect is zero.
[2026-04-24 05:53:00,622][dowhy.causal_model][INFO] - linear_regression
[2026-04-24 05:53:00,622][dowhy.causal_estimator][INFO] - INFO: Using Linear Regression Estimator
[2026-04-24 05:53:00,622][dowhy.causal_estimator][WARNING] - No directed path from ['X3'] to ['X0'].
[2026-04-24 05:53:00,624][dowhy.causal_model][INFO] - Model to find the causal effect of treatment ['X3'] on outcome ['X1']
[2026-04-24 05:53:00,624][dowhy.causal_identifier.auto_identifier][WARNING] - No directed path from treatment to outcome. Causal Effect is zero.
[2026-04-24 05:53:00,624][dowhy.causal_model][INFO] - linear_regression
[2026-04-24 05:53:00,624][dowhy.causal_estimator][INFO] - INFO: Using Linear Regression Estimator
[2026-04-24 05:53:00,624][dowhy.causal_estimator][WARNING] - No directed path from ['X3'] to ['X1'].
[2026-04-24 05:53:00,626][dowhy.causal_model][INFO] - Model to find the causal effect of treatment ['X3'] on outcome ['X2']
[2026-04-24 05:53:00,626][dowhy.causal_identifier.auto_identifier][WARNING] - No directed path from treatment to outcome. Causal Effect is zero.
[2026-04-24 05:53:00,626][dowhy.causal_model][INFO] - linear_regression
[2026-04-24 05:53:00,626][dowhy.causal_estimator][INFO] - INFO: Using Linear Regression Estimator
[2026-04-24 05:53:00,626][dowhy.causal_estimator][WARNING] - No directed path from ['X3'] to ['X2'].
[2026-04-24 05:53:00,627][dowhy.causal_model][INFO] - Model to find the causal effect of treatment ['X3'] on outcome ['X4']
[2026-04-24 05:53:00,627][dowhy.causal_identifier.auto_identifier][WARNING] - No directed path from treatment to outcome. Causal Effect is zero.
[2026-04-24 05:53:00,628][dowhy.causal_model][INFO] - linear_regression
[2026-04-24 05:53:00,628][dowhy.causal_estimator][INFO] - INFO: Using Linear Regression Estimator
[2026-04-24 05:53:00,628][dowhy.causal_estimator][WARNING] - No directed path from ['X3'] to ['X4'].
[2026-04-24 05:53:00,629][dowhy.causal_model][INFO] - Model to find the causal effect of treatment ['X3'] on outcome ['X5']
[2026-04-24 05:53:00,629][dowhy.causal_identifier.auto_identifier][WARNING] - No directed path from treatment to outcome. Causal Effect is zero.
[2026-04-24 05:53:00,629][dowhy.causal_model][INFO] - linear_regression
[2026-04-24 05:53:00,629][dowhy.causal_estimator][INFO] - INFO: Using Linear Regression Estimator
[2026-04-24 05:53:00,629][dowhy.causal_estimator][WARNING] - No directed path from ['X3'] to ['X5'].
[2026-04-24 05:53:00,631][dowhy.causal_model][INFO] - Model to find the causal effect of treatment ['X3'] on outcome ['X6']
[2026-04-24 05:53:00,631][dowhy.causal_identifier.auto_identifier][WARNING] - No directed path from treatment to outcome. Causal Effect is zero.
[2026-04-24 05:53:00,631][dowhy.causal_model][INFO] - linear_regression
[2026-04-24 05:53:00,631][dowhy.causal_estimator][INFO] - INFO: Using Linear Regression Estimator
[2026-04-24 05:53:00,631][dowhy.causal_estimator][WARNING] - No directed path from ['X3'] to ['X6'].
[2026-04-24 05:53:00,633][dowhy.causal_model][INFO] - Model to find the causal effect of treatment ['X3'] on outcome ['X7']
[2026-04-24 05:53:00,635][dowhy.causal_identifier.auto_identifier][INFO] - Causal effect can be identified.
[2026-04-24 05:53:00,636][dowhy.causal_identifier.auto_identifier][INFO] - Instrumental variables for treatment and outcome:[]
[2026-04-24 05:53:00,636][dowhy.causal_identifier.auto_identifier][INFO] - Frontdoor variables for treatment and outcome:[]
[2026-04-24 05:53:00,636][dowhy.causal_model][INFO] - linear_regression
[2026-04-24 05:53:00,636][dowhy.causal_estimator][INFO] - INFO: Using Linear Regression Estimator
[2026-04-24 05:53:00,636][dowhy.causal_estimator][INFO] - b: X7~X3+X3*X2+X3*X1+X3*X5+X3*X0+X3*X6
[2026-04-24 05:53:00,645][dowhy.causal_model][INFO] - Model to find the causal effect of treatment ['X3'] on outcome ['X8']
[2026-04-24 05:53:00,647][dowhy.causal_identifier.auto_identifier][INFO] - Causal effect can be identified.
[2026-04-24 05:53:00,648][dowhy.causal_identifier.auto_identifier][INFO] - Instrumental variables for treatment and outcome:[]
[2026-04-24 05:53:00,648][dowhy.causal_identifier.auto_identifier][INFO] - Frontdoor variables for treatment and outcome:[]
[2026-04-24 05:53:00,648][dowhy.causal_model][INFO] - linear_regression
[2026-04-24 05:53:00,648][dowhy.causal_estimator][INFO] - INFO: Using Linear Regression Estimator
[2026-04-24 05:53:00,649][dowhy.causal_estimator][INFO] - b: X8~X3+X3*X2+X3*X1+X3*X5+X3*X0+X3*X6
[2026-04-24 05:53:00,657][dowhy.causal_model][INFO] - Model to find the causal effect of treatment ['X3'] on outcome ['X9']
[2026-04-24 05:53:00,657][dowhy.causal_identifier.auto_identifier][WARNING] - No directed path from treatment to outcome. Causal Effect is zero.
[2026-04-24 05:53:00,657][dowhy.causal_model][INFO] - linear_regression
[2026-04-24 05:53:00,657][dowhy.causal_estimator][INFO] - INFO: Using Linear Regression Estimator
[2026-04-24 05:53:00,657][dowhy.causal_estimator][WARNING] - No directed path from ['X3'] to ['X9'].
[2026-04-24 05:53:00,659][dowhy.causal_model][INFO] - Model to find the causal effect of treatment ['X3'] on outcome ['X10']
[2026-04-24 05:53:00,661][dowhy.causal_identifier.auto_identifier][INFO] - Causal effect can be identified.
[2026-04-24 05:53:00,662][dowhy.causal_identifier.auto_identifier][INFO] - Instrumental variables for treatment and outcome:[]
[2026-04-24 05:53:00,662][dowhy.causal_identifier.auto_identifier][INFO] - Frontdoor variables for treatment and outcome:[]
[2026-04-24 05:53:00,662][dowhy.causal_model][INFO] - linear_regression
[2026-04-24 05:53:00,662][dowhy.causal_estimator][INFO] - INFO: Using Linear Regression Estimator
[2026-04-24 05:53:00,663][dowhy.causal_estimator][INFO] - b: X10~X3+X3*X2+X3*X1+X3*X5+X3*X0+X3*X6
[2026-04-24 05:53:00,671][dowhy.causal_model][INFO] - Model to find the causal effect of treatment ['X3'] on outcome ['X11']
[2026-04-24 05:53:00,674][dowhy.causal_identifier.auto_identifier][INFO] - Causal effect can be identified.
[2026-04-24 05:53:00,675][dowhy.causal_identifier.auto_identifier][INFO] - Instrumental variables for treatment and outcome:[]
[2026-04-24 05:53:00,676][dowhy.causal_identifier.auto_identifier][INFO] - Frontdoor variables for treatment and outcome:['X8', 'X7', 'X10']
[2026-04-24 05:53:00,678][dowhy.causal_identifier.auto_identifier][INFO] - Causal effect can be identified.
[2026-04-24 05:53:00,681][dowhy.causal_identifier.auto_identifier][INFO] - Causal effect can be identified.
[2026-04-24 05:53:00,683][dowhy.causal_model][INFO] - linear_regression
[2026-04-24 05:53:00,683][dowhy.causal_estimator][INFO] - INFO: Using Linear Regression Estimator
[2026-04-24 05:53:00,683][dowhy.causal_estimator][INFO] - b: X11~X3+X3*X2+X3*X1+X3*X5+X3*X0+X3*X6+X3*X4
[2026-04-24 05:53:00,743][dowhy.causal_model][INFO] - Model to find the causal effect of treatment ['X4'] on outcome ['X0']
[2026-04-24 05:53:00,743][dowhy.causal_identifier.auto_identifier][WARNING] - No directed path from treatment to outcome. Causal Effect is zero.
[2026-04-24 05:53:00,743][dowhy.causal_model][INFO] - linear_regression
[2026-04-24 05:53:00,743][dowhy.causal_estimator][INFO] - INFO: Using Linear Regression Estimator
[2026-04-24 05:53:00,743][dowhy.causal_estimator][WARNING] - No directed path from ['X4'] to ['X0'].
[2026-04-24 05:53:00,746][dowhy.causal_model][INFO] - Model to find the causal effect of treatment ['X4'] on outcome ['X1']
[2026-04-24 05:53:00,746][dowhy.causal_identifier.auto_identifier][WARNING] - No directed path from treatment to outcome. Causal Effect is zero.
[2026-04-24 05:53:00,746][dowhy.causal_model][INFO] - linear_regression
[2026-04-24 05:53:00,746][dowhy.causal_estimator][INFO] - INFO: Using Linear Regression Estimator
[2026-04-24 05:53:00,746][dowhy.causal_estimator][WARNING] - No directed path from ['X4'] to ['X1'].
[2026-04-24 05:53:00,748][dowhy.causal_model][INFO] - Model to find the causal effect of treatment ['X4'] on outcome ['X2']
[2026-04-24 05:53:00,748][dowhy.causal_identifier.auto_identifier][WARNING] - No directed path from treatment to outcome. Causal Effect is zero.
[2026-04-24 05:53:00,748][dowhy.causal_model][INFO] - linear_regression
[2026-04-24 05:53:00,748][dowhy.causal_estimator][INFO] - INFO: Using Linear Regression Estimator
[2026-04-24 05:53:00,748][dowhy.causal_estimator][WARNING] - No directed path from ['X4'] to ['X2'].
[2026-04-24 05:53:00,750][dowhy.causal_model][INFO] - Model to find the causal effect of treatment ['X4'] on outcome ['X3']
[2026-04-24 05:53:00,750][dowhy.causal_identifier.auto_identifier][WARNING] - No directed path from treatment to outcome. Causal Effect is zero.
[2026-04-24 05:53:00,750][dowhy.causal_model][INFO] - linear_regression
[2026-04-24 05:53:00,750][dowhy.causal_estimator][INFO] - INFO: Using Linear Regression Estimator
[2026-04-24 05:53:00,750][dowhy.causal_estimator][WARNING] - No directed path from ['X4'] to ['X3'].
[2026-04-24 05:53:00,752][dowhy.causal_model][INFO] - Model to find the causal effect of treatment ['X4'] on outcome ['X5']
[2026-04-24 05:53:00,752][dowhy.causal_identifier.auto_identifier][WARNING] - No directed path from treatment to outcome. Causal Effect is zero.
[2026-04-24 05:53:00,752][dowhy.causal_model][INFO] - linear_regression
[2026-04-24 05:53:00,752][dowhy.causal_estimator][INFO] - INFO: Using Linear Regression Estimator
[2026-04-24 05:53:00,752][dowhy.causal_estimator][WARNING] - No directed path from ['X4'] to ['X5'].
[2026-04-24 05:53:00,754][dowhy.causal_model][INFO] - Model to find the causal effect of treatment ['X4'] on outcome ['X6']
[2026-04-24 05:53:00,754][dowhy.causal_identifier.auto_identifier][WARNING] - No directed path from treatment to outcome. Causal Effect is zero.
[2026-04-24 05:53:00,754][dowhy.causal_model][INFO] - linear_regression
[2026-04-24 05:53:00,754][dowhy.causal_estimator][INFO] - INFO: Using Linear Regression Estimator
[2026-04-24 05:53:00,754][dowhy.causal_estimator][WARNING] - No directed path from ['X4'] to ['X6'].
[2026-04-24 05:53:00,756][dowhy.causal_model][INFO] - Model to find the causal effect of treatment ['X4'] on outcome ['X7']
[2026-04-24 05:53:00,756][dowhy.causal_identifier.auto_identifier][WARNING] - No directed path from treatment to outcome. Causal Effect is zero.
[2026-04-24 05:53:00,756][dowhy.causal_model][INFO] - linear_regression
[2026-04-24 05:53:00,756][dowhy.causal_estimator][INFO] - INFO: Using Linear Regression Estimator
[2026-04-24 05:53:00,756][dowhy.causal_estimator][WARNING] - No directed path from ['X4'] to ['X7'].
[2026-04-24 05:53:00,758][dowhy.causal_model][INFO] - Model to find the causal effect of treatment ['X4'] on outcome ['X8']
[2026-04-24 05:53:00,758][dowhy.causal_identifier.auto_identifier][WARNING] - No directed path from treatment to outcome. Causal Effect is zero.
[2026-04-24 05:53:00,758][dowhy.causal_model][INFO] - linear_regression
[2026-04-24 05:53:00,758][dowhy.causal_estimator][INFO] - INFO: Using Linear Regression Estimator
[2026-04-24 05:53:00,758][dowhy.causal_estimator][WARNING] - No directed path from ['X4'] to ['X8'].
[2026-04-24 05:53:00,760][dowhy.causal_model][INFO] - Model to find the causal effect of treatment ['X4'] on outcome ['X9']
[2026-04-24 05:53:00,760][dowhy.causal_identifier.auto_identifier][WARNING] - No directed path from treatment to outcome. Causal Effect is zero.
[2026-04-24 05:53:00,760][dowhy.causal_model][INFO] - linear_regression
[2026-04-24 05:53:00,760][dowhy.causal_estimator][INFO] - INFO: Using Linear Regression Estimator
[2026-04-24 05:53:00,760][dowhy.causal_estimator][WARNING] - No directed path from ['X4'] to ['X9'].
[2026-04-24 05:53:00,761][dowhy.causal_model][INFO] - Model to find the causal effect of treatment ['X4'] on outcome ['X10']
[2026-04-24 05:53:00,761][dowhy.causal_identifier.auto_identifier][WARNING] - No directed path from treatment to outcome. Causal Effect is zero.
[2026-04-24 05:53:00,762][dowhy.causal_model][INFO] - linear_regression
[2026-04-24 05:53:00,762][dowhy.causal_estimator][INFO] - INFO: Using Linear Regression Estimator
[2026-04-24 05:53:00,762][dowhy.causal_estimator][WARNING] - No directed path from ['X4'] to ['X10'].
[2026-04-24 05:53:00,764][dowhy.causal_model][INFO] - Model to find the causal effect of treatment ['X4'] on outcome ['X11']
[2026-04-24 05:53:00,767][dowhy.causal_identifier.auto_identifier][INFO] - Causal effect can be identified.
[2026-04-24 05:53:00,768][dowhy.causal_identifier.auto_identifier][INFO] - Instrumental variables for treatment and outcome:[]
[2026-04-24 05:53:00,768][dowhy.causal_identifier.auto_identifier][INFO] - Frontdoor variables for treatment and outcome:[]
[2026-04-24 05:53:00,768][dowhy.causal_model][INFO] - linear_regression
[2026-04-24 05:53:00,768][dowhy.causal_estimator][INFO] - INFO: Using Linear Regression Estimator
[2026-04-24 05:53:00,769][dowhy.causal_estimator][INFO] - b: X11~X4+X4*X8+X4*X7+X4*X5+X4*X3+X4*X2+X4*X1+X4*X0+X4*X6
[2026-04-24 05:53:00,836][dowhy.causal_model][INFO] - Model to find the causal effect of treatment ['X5'] on outcome ['X0']
[2026-04-24 05:53:00,836][dowhy.causal_identifier.auto_identifier][WARNING] - No directed path from treatment to outcome. Causal Effect is zero.
[2026-04-24 05:53:00,837][dowhy.causal_model][INFO] - linear_regression
[2026-04-24 05:53:00,837][dowhy.causal_estimator][INFO] - INFO: Using Linear Regression Estimator
[2026-04-24 05:53:00,837][dowhy.causal_estimator][WARNING] - No directed path from ['X5'] to ['X0'].
[2026-04-24 05:53:00,839][dowhy.causal_model][INFO] - Model to find the causal effect of treatment ['X5'] on outcome ['X1']
[2026-04-24 05:53:00,839][dowhy.causal_identifier.auto_identifier][WARNING] - No directed path from treatment to outcome. Causal Effect is zero.
[2026-04-24 05:53:00,839][dowhy.causal_model][INFO] - linear_regression
[2026-04-24 05:53:00,839][dowhy.causal_estimator][INFO] - INFO: Using Linear Regression Estimator
[2026-04-24 05:53:00,839][dowhy.causal_estimator][WARNING] - No directed path from ['X5'] to ['X1'].
[2026-04-24 05:53:00,840][dowhy.causal_model][INFO] - Model to find the causal effect of treatment ['X5'] on outcome ['X2']
[2026-04-24 05:53:00,840][dowhy.causal_identifier.auto_identifier][WARNING] - No directed path from treatment to outcome. Causal Effect is zero.
[2026-04-24 05:53:00,841][dowhy.causal_model][INFO] - linear_regression
[2026-04-24 05:53:00,841][dowhy.causal_estimator][INFO] - INFO: Using Linear Regression Estimator
[2026-04-24 05:53:00,841][dowhy.causal_estimator][WARNING] - No directed path from ['X5'] to ['X2'].
[2026-04-24 05:53:00,842][dowhy.causal_model][INFO] - Model to find the causal effect of treatment ['X5'] on outcome ['X3']
[2026-04-24 05:53:00,842][dowhy.causal_identifier.auto_identifier][WARNING] - No directed path from treatment to outcome. Causal Effect is zero.
[2026-04-24 05:53:00,843][dowhy.causal_model][INFO] - linear_regression
[2026-04-24 05:53:00,843][dowhy.causal_estimator][INFO] - INFO: Using Linear Regression Estimator
[2026-04-24 05:53:00,843][dowhy.causal_estimator][WARNING] - No directed path from ['X5'] to ['X3'].
[2026-04-24 05:53:00,844][dowhy.causal_model][INFO] - Model to find the causal effect of treatment ['X5'] on outcome ['X4']
[2026-04-24 05:53:00,844][dowhy.causal_identifier.auto_identifier][WARNING] - No directed path from treatment to outcome. Causal Effect is zero.
[2026-04-24 05:53:00,844][dowhy.causal_model][INFO] - linear_regression
[2026-04-24 05:53:00,844][dowhy.causal_estimator][INFO] - INFO: Using Linear Regression Estimator
[2026-04-24 05:53:00,844][dowhy.causal_estimator][WARNING] - No directed path from ['X5'] to ['X4'].
[2026-04-24 05:53:00,846][dowhy.causal_model][INFO] - Model to find the causal effect of treatment ['X5'] on outcome ['X6']
[2026-04-24 05:53:00,848][dowhy.causal_identifier.auto_identifier][INFO] - Causal effect can be identified.
[2026-04-24 05:53:00,848][dowhy.causal_identifier.auto_identifier][INFO] - Instrumental variables for treatment and outcome:['X0']
[2026-04-24 05:53:00,849][dowhy.causal_identifier.auto_identifier][INFO] - Frontdoor variables for treatment and outcome:[]
[2026-04-24 05:53:00,849][dowhy.causal_model][INFO] - linear_regression
[2026-04-24 05:53:00,849][dowhy.causal_estimator][INFO] - INFO: Using Linear Regression Estimator
[2026-04-24 05:53:00,849][dowhy.causal_estimator][INFO] - b: X6~X5+X1
[2026-04-24 05:53:00,857][dowhy.causal_model][INFO] - Model to find the causal effect of treatment ['X5'] on outcome ['X7']
[2026-04-24 05:53:00,858][dowhy.causal_identifier.auto_identifier][INFO] - Causal effect can be identified.
[2026-04-24 05:53:00,859][dowhy.causal_identifier.auto_identifier][INFO] - Instrumental variables for treatment and outcome:['X0']
[2026-04-24 05:53:00,860][dowhy.causal_identifier.auto_identifier][INFO] - Frontdoor variables for treatment and outcome:[]
[2026-04-24 05:53:00,860][dowhy.causal_model][INFO] - linear_regression
[2026-04-24 05:53:00,860][dowhy.causal_estimator][INFO] - INFO: Using Linear Regression Estimator
[2026-04-24 05:53:00,860][dowhy.causal_estimator][INFO] - b: X7~X5+X1+X5*X2+X5*X3
[2026-04-24 05:53:00,869][dowhy.causal_model][INFO] - Model to find the causal effect of treatment ['X5'] on outcome ['X8']
[2026-04-24 05:53:00,871][dowhy.causal_identifier.auto_identifier][INFO] - Causal effect can be identified.
[2026-04-24 05:53:00,871][dowhy.causal_identifier.auto_identifier][INFO] - Instrumental variables for treatment and outcome:['X0']
[2026-04-24 05:53:00,874][dowhy.causal_identifier.auto_identifier][INFO] - Frontdoor variables for treatment and outcome:[]
[2026-04-24 05:53:00,874][dowhy.causal_model][INFO] - linear_regression
[2026-04-24 05:53:00,874][dowhy.causal_estimator][INFO] - INFO: Using Linear Regression Estimator
[2026-04-24 05:53:00,875][dowhy.causal_estimator][INFO] - b: X8~X5+X1+X5*X2+X5*X3
[2026-04-24 05:53:00,883][dowhy.causal_model][INFO] - Model to find the causal effect of treatment ['X5'] on outcome ['X9']
[2026-04-24 05:53:00,885][dowhy.causal_identifier.auto_identifier][INFO] - Causal effect can be identified.
[2026-04-24 05:53:00,885][dowhy.causal_identifier.auto_identifier][INFO] - Instrumental variables for treatment and outcome:['X1']
[2026-04-24 05:53:00,888][dowhy.causal_identifier.auto_identifier][INFO] - Frontdoor variables for treatment and outcome:[]
[2026-04-24 05:53:00,889][dowhy.causal_model][INFO] - linear_regression
[2026-04-24 05:53:00,889][dowhy.causal_estimator][INFO] - INFO: Using Linear Regression Estimator
[2026-04-24 05:53:00,889][dowhy.causal_estimator][INFO] - b: X9~X5+X0
[2026-04-24 05:53:00,896][dowhy.causal_model][INFO] - Model to find the causal effect of treatment ['X5'] on outcome ['X10']
[2026-04-24 05:53:00,898][dowhy.causal_identifier.auto_identifier][INFO] - Causal effect can be identified.
[2026-04-24 05:53:00,898][dowhy.causal_identifier.auto_identifier][INFO] - Instrumental variables for treatment and outcome:['X0']
[2026-04-24 05:53:00,903][dowhy.causal_identifier.auto_identifier][INFO] - Frontdoor variables for treatment and outcome:[]
[2026-04-24 05:53:00,903][dowhy.causal_model][INFO] - linear_regression
[2026-04-24 05:53:00,903][dowhy.causal_estimator][INFO] - INFO: Using Linear Regression Estimator
[2026-04-24 05:53:00,904][dowhy.causal_estimator][INFO] - b: X10~X5+X1+X5*X2+X5*X3
[2026-04-24 05:53:00,912][dowhy.causal_model][INFO] - Model to find the causal effect of treatment ['X5'] on outcome ['X11']
[2026-04-24 05:53:00,914][dowhy.causal_identifier.auto_identifier][INFO] - Causal effect can be identified.
[2026-04-24 05:53:00,914][dowhy.causal_identifier.auto_identifier][INFO] - Instrumental variables for treatment and outcome:['X0']
[2026-04-24 05:53:00,921][dowhy.causal_identifier.auto_identifier][INFO] - Frontdoor variables for treatment and outcome:[]
[2026-04-24 05:53:00,921][dowhy.causal_model][INFO] - linear_regression
[2026-04-24 05:53:00,921][dowhy.causal_estimator][INFO] - INFO: Using Linear Regression Estimator
[2026-04-24 05:53:00,921][dowhy.causal_estimator][INFO] - b: X11~X5+X1+X5*X2+X5*X3+X5*X4
[2026-04-24 05:53:00,984][dowhy.causal_model][INFO] - Model to find the causal effect of treatment ['X6'] on outcome ['X0']
[2026-04-24 05:53:00,984][dowhy.causal_identifier.auto_identifier][WARNING] - No directed path from treatment to outcome. Causal Effect is zero.
[2026-04-24 05:53:00,984][dowhy.causal_model][INFO] - linear_regression
[2026-04-24 05:53:00,984][dowhy.causal_estimator][INFO] - INFO: Using Linear Regression Estimator
[2026-04-24 05:53:00,984][dowhy.causal_estimator][WARNING] - No directed path from ['X6'] to ['X0'].
[2026-04-24 05:53:00,986][dowhy.causal_model][INFO] - Model to find the causal effect of treatment ['X6'] on outcome ['X1']
[2026-04-24 05:53:00,986][dowhy.causal_identifier.auto_identifier][WARNING] - No directed path from treatment to outcome. Causal Effect is zero.
[2026-04-24 05:53:00,986][dowhy.causal_model][INFO] - linear_regression
[2026-04-24 05:53:00,986][dowhy.causal_estimator][INFO] - INFO: Using Linear Regression Estimator
[2026-04-24 05:53:00,986][dowhy.causal_estimator][WARNING] - No directed path from ['X6'] to ['X1'].
[2026-04-24 05:53:00,988][dowhy.causal_model][INFO] - Model to find the causal effect of treatment ['X6'] on outcome ['X2']
[2026-04-24 05:53:00,988][dowhy.causal_identifier.auto_identifier][WARNING] - No directed path from treatment to outcome. Causal Effect is zero.
[2026-04-24 05:53:00,989][dowhy.causal_model][INFO] - linear_regression
[2026-04-24 05:53:00,989][dowhy.causal_estimator][INFO] - INFO: Using Linear Regression Estimator
[2026-04-24 05:53:00,989][dowhy.causal_estimator][WARNING] - No directed path from ['X6'] to ['X2'].
[2026-04-24 05:53:00,990][dowhy.causal_model][INFO] - Model to find the causal effect of treatment ['X6'] on outcome ['X3']
[2026-04-24 05:53:00,990][dowhy.causal_identifier.auto_identifier][WARNING] - No directed path from treatment to outcome. Causal Effect is zero.
[2026-04-24 05:53:00,990][dowhy.causal_model][INFO] - linear_regression
[2026-04-24 05:53:00,991][dowhy.causal_estimator][INFO] - INFO: Using Linear Regression Estimator
[2026-04-24 05:53:00,991][dowhy.causal_estimator][WARNING] - No directed path from ['X6'] to ['X3'].
[2026-04-24 05:53:00,992][dowhy.causal_model][INFO] - Model to find the causal effect of treatment ['X6'] on outcome ['X4']
[2026-04-24 05:53:00,992][dowhy.causal_identifier.auto_identifier][WARNING] - No directed path from treatment to outcome. Causal Effect is zero.
[2026-04-24 05:53:00,992][dowhy.causal_model][INFO] - linear_regression
[2026-04-24 05:53:00,992][dowhy.causal_estimator][INFO] - INFO: Using Linear Regression Estimator
[2026-04-24 05:53:00,992][dowhy.causal_estimator][WARNING] - No directed path from ['X6'] to ['X4'].
[2026-04-24 05:53:00,994][dowhy.causal_model][INFO] - Model to find the causal effect of treatment ['X6'] on outcome ['X5']
[2026-04-24 05:53:00,994][dowhy.causal_identifier.auto_identifier][WARNING] - No directed path from treatment to outcome. Causal Effect is zero.
[2026-04-24 05:53:00,994][dowhy.causal_model][INFO] - linear_regression
[2026-04-24 05:53:00,994][dowhy.causal_estimator][INFO] - INFO: Using Linear Regression Estimator
[2026-04-24 05:53:00,994][dowhy.causal_estimator][WARNING] - No directed path from ['X6'] to ['X5'].
[2026-04-24 05:53:00,996][dowhy.causal_model][INFO] - Model to find the causal effect of treatment ['X6'] on outcome ['X7']
[2026-04-24 05:53:00,998][dowhy.causal_identifier.auto_identifier][INFO] - Causal effect can be identified.
[2026-04-24 05:53:00,999][dowhy.causal_identifier.auto_identifier][INFO] - Instrumental variables for treatment and outcome:['X1', 'X5']
[2026-04-24 05:53:01,000][dowhy.causal_identifier.auto_identifier][INFO] - Frontdoor variables for treatment and outcome:[]
[2026-04-24 05:53:01,000][dowhy.causal_model][INFO] - linear_regression
[2026-04-24 05:53:01,000][dowhy.causal_estimator][INFO] - INFO: Using Linear Regression Estimator
[2026-04-24 05:53:01,000][dowhy.causal_estimator][INFO] - b: X7~X6+X6*X2+X6*X3
[2026-04-24 05:53:01,008][dowhy.causal_model][INFO] - Model to find the causal effect of treatment ['X6'] on outcome ['X8']
[2026-04-24 05:53:01,011][dowhy.causal_identifier.auto_identifier][INFO] - Causal effect can be identified.
[2026-04-24 05:53:01,011][dowhy.causal_identifier.auto_identifier][INFO] - Instrumental variables for treatment and outcome:['X1', 'X5']
[2026-04-24 05:53:01,012][dowhy.causal_identifier.auto_identifier][INFO] - Frontdoor variables for treatment and outcome:[]
[2026-04-24 05:53:01,012][dowhy.causal_model][INFO] - linear_regression
[2026-04-24 05:53:01,012][dowhy.causal_estimator][INFO] - INFO: Using Linear Regression Estimator
[2026-04-24 05:53:01,013][dowhy.causal_estimator][INFO] - b: X8~X6+X6*X2+X6*X3
[2026-04-24 05:53:01,021][dowhy.causal_model][INFO] - Model to find the causal effect of treatment ['X6'] on outcome ['X9']
[2026-04-24 05:53:01,021][dowhy.causal_identifier.auto_identifier][WARNING] - No directed path from treatment to outcome. Causal Effect is zero.
[2026-04-24 05:53:01,021][dowhy.causal_model][INFO] - linear_regression
[2026-04-24 05:53:01,021][dowhy.causal_estimator][INFO] - INFO: Using Linear Regression Estimator
[2026-04-24 05:53:01,021][dowhy.causal_estimator][WARNING] - No directed path from ['X6'] to ['X9'].
[2026-04-24 05:53:01,023][dowhy.causal_model][INFO] - Model to find the causal effect of treatment ['X6'] on outcome ['X10']
[2026-04-24 05:53:01,025][dowhy.causal_identifier.auto_identifier][INFO] - Causal effect can be identified.
[2026-04-24 05:53:01,026][dowhy.causal_identifier.auto_identifier][INFO] - Instrumental variables for treatment and outcome:['X1', 'X5']
[2026-04-24 05:53:01,027][dowhy.causal_identifier.auto_identifier][INFO] - Frontdoor variables for treatment and outcome:[]
[2026-04-24 05:53:01,027][dowhy.causal_model][INFO] - linear_regression
[2026-04-24 05:53:01,027][dowhy.causal_estimator][INFO] - INFO: Using Linear Regression Estimator
[2026-04-24 05:53:01,027][dowhy.causal_estimator][INFO] - b: X10~X6+X6*X2+X6*X3
[2026-04-24 05:53:01,036][dowhy.causal_model][INFO] - Model to find the causal effect of treatment ['X6'] on outcome ['X11']
[2026-04-24 05:53:01,038][dowhy.causal_identifier.auto_identifier][INFO] - Causal effect can be identified.
[2026-04-24 05:53:01,039][dowhy.causal_identifier.auto_identifier][INFO] - Instrumental variables for treatment and outcome:['X1', 'X5']
[2026-04-24 05:53:01,041][dowhy.causal_identifier.auto_identifier][INFO] - Frontdoor variables for treatment and outcome:['X8', 'X7', 'X10']
[2026-04-24 05:53:01,043][dowhy.causal_identifier.auto_identifier][INFO] - Causal effect can be identified.
[2026-04-24 05:53:01,047][dowhy.causal_identifier.auto_identifier][INFO] - Causal effect can be identified.
[2026-04-24 05:53:01,048][dowhy.causal_model][INFO] - linear_regression
[2026-04-24 05:53:01,048][dowhy.causal_estimator][INFO] - INFO: Using Linear Regression Estimator
[2026-04-24 05:53:01,048][dowhy.causal_estimator][INFO] - b: X11~X6+X6*X2+X6*X3+X6*X4
[2026-04-24 05:53:01,108][dowhy.causal_model][INFO] - Model to find the causal effect of treatment ['X7'] on outcome ['X0']
[2026-04-24 05:53:01,108][dowhy.causal_identifier.auto_identifier][WARNING] - No directed path from treatment to outcome. Causal Effect is zero.
[2026-04-24 05:53:01,108][dowhy.causal_model][INFO] - linear_regression
[2026-04-24 05:53:01,108][dowhy.causal_estimator][INFO] - INFO: Using Linear Regression Estimator
[2026-04-24 05:53:01,108][dowhy.causal_estimator][WARNING] - No directed path from ['X7'] to ['X0'].
[2026-04-24 05:53:01,110][dowhy.causal_model][INFO] - Model to find the causal effect of treatment ['X7'] on outcome ['X1']
[2026-04-24 05:53:01,110][dowhy.causal_identifier.auto_identifier][WARNING] - No directed path from treatment to outcome. Causal Effect is zero.
[2026-04-24 05:53:01,110][dowhy.causal_model][INFO] - linear_regression
[2026-04-24 05:53:01,110][dowhy.causal_estimator][INFO] - INFO: Using Linear Regression Estimator
[2026-04-24 05:53:01,110][dowhy.causal_estimator][WARNING] - No directed path from ['X7'] to ['X1'].
[2026-04-24 05:53:01,112][dowhy.causal_model][INFO] - Model to find the causal effect of treatment ['X7'] on outcome ['X2']
[2026-04-24 05:53:01,112][dowhy.causal_identifier.auto_identifier][WARNING] - No directed path from treatment to outcome. Causal Effect is zero.
[2026-04-24 05:53:01,112][dowhy.causal_model][INFO] - linear_regression
[2026-04-24 05:53:01,112][dowhy.causal_estimator][INFO] - INFO: Using Linear Regression Estimator
[2026-04-24 05:53:01,112][dowhy.causal_estimator][WARNING] - No directed path from ['X7'] to ['X2'].
[2026-04-24 05:53:01,114][dowhy.causal_model][INFO] - Model to find the causal effect of treatment ['X7'] on outcome ['X3']
[2026-04-24 05:53:01,114][dowhy.causal_identifier.auto_identifier][WARNING] - No directed path from treatment to outcome. Causal Effect is zero.
[2026-04-24 05:53:01,114][dowhy.causal_model][INFO] - linear_regression
[2026-04-24 05:53:01,114][dowhy.causal_estimator][INFO] - INFO: Using Linear Regression Estimator
[2026-04-24 05:53:01,114][dowhy.causal_estimator][WARNING] - No directed path from ['X7'] to ['X3'].
[2026-04-24 05:53:01,115][dowhy.causal_model][INFO] - Model to find the causal effect of treatment ['X7'] on outcome ['X4']
[2026-04-24 05:53:01,116][dowhy.causal_identifier.auto_identifier][WARNING] - No directed path from treatment to outcome. Causal Effect is zero.
[2026-04-24 05:53:01,116][dowhy.causal_model][INFO] - linear_regression
[2026-04-24 05:53:01,116][dowhy.causal_estimator][INFO] - INFO: Using Linear Regression Estimator
[2026-04-24 05:53:01,116][dowhy.causal_estimator][WARNING] - No directed path from ['X7'] to ['X4'].
[2026-04-24 05:53:01,117][dowhy.causal_model][INFO] - Model to find the causal effect of treatment ['X7'] on outcome ['X5']
[2026-04-24 05:53:01,117][dowhy.causal_identifier.auto_identifier][WARNING] - No directed path from treatment to outcome. Causal Effect is zero.
[2026-04-24 05:53:01,117][dowhy.causal_model][INFO] - linear_regression
[2026-04-24 05:53:01,117][dowhy.causal_estimator][INFO] - INFO: Using Linear Regression Estimator
[2026-04-24 05:53:01,117][dowhy.causal_estimator][WARNING] - No directed path from ['X7'] to ['X5'].
[2026-04-24 05:53:01,119][dowhy.causal_model][INFO] - Model to find the causal effect of treatment ['X7'] on outcome ['X6']
[2026-04-24 05:53:01,119][dowhy.causal_identifier.auto_identifier][WARNING] - No directed path from treatment to outcome. Causal Effect is zero.
[2026-04-24 05:53:01,119][dowhy.causal_model][INFO] - linear_regression
[2026-04-24 05:53:01,119][dowhy.causal_estimator][INFO] - INFO: Using Linear Regression Estimator
[2026-04-24 05:53:01,119][dowhy.causal_estimator][WARNING] - No directed path from ['X7'] to ['X6'].
[2026-04-24 05:53:01,121][dowhy.causal_model][INFO] - Model to find the causal effect of treatment ['X7'] on outcome ['X8']
[2026-04-24 05:53:01,123][dowhy.causal_identifier.auto_identifier][INFO] - Causal effect can be identified.
[2026-04-24 05:53:01,124][dowhy.causal_identifier.auto_identifier][INFO] - Instrumental variables for treatment and outcome:['X2', 'X6']
[2026-04-24 05:53:01,124][dowhy.causal_identifier.auto_identifier][INFO] - Frontdoor variables for treatment and outcome:[]
[2026-04-24 05:53:01,124][dowhy.causal_model][INFO] - linear_regression
[2026-04-24 05:53:01,125][dowhy.causal_estimator][INFO] - INFO: Using Linear Regression Estimator
[2026-04-24 05:53:01,125][dowhy.causal_estimator][INFO] - b: X8~X7+X3
[2026-04-24 05:53:01,133][dowhy.causal_model][INFO] - Model to find the causal effect of treatment ['X7'] on outcome ['X9']
[2026-04-24 05:53:01,133][dowhy.causal_identifier.auto_identifier][WARNING] - No directed path from treatment to outcome. Causal Effect is zero.
[2026-04-24 05:53:01,133][dowhy.causal_model][INFO] - linear_regression
[2026-04-24 05:53:01,133][dowhy.causal_estimator][INFO] - INFO: Using Linear Regression Estimator
[2026-04-24 05:53:01,133][dowhy.causal_estimator][WARNING] - No directed path from ['X7'] to ['X9'].
[2026-04-24 05:53:01,135][dowhy.causal_model][INFO] - Model to find the causal effect of treatment ['X7'] on outcome ['X10']
[2026-04-24 05:53:01,137][dowhy.causal_identifier.auto_identifier][INFO] - Causal effect can be identified.
[2026-04-24 05:53:01,137][dowhy.causal_identifier.auto_identifier][INFO] - Instrumental variables for treatment and outcome:['X3', 'X6']
[2026-04-24 05:53:01,138][dowhy.causal_identifier.auto_identifier][INFO] - Frontdoor variables for treatment and outcome:[]
[2026-04-24 05:53:01,138][dowhy.causal_model][INFO] - linear_regression
[2026-04-24 05:53:01,138][dowhy.causal_estimator][INFO] - INFO: Using Linear Regression Estimator
[2026-04-24 05:53:01,138][dowhy.causal_estimator][INFO] - b: X10~X7+X2
[2026-04-24 05:53:01,146][dowhy.causal_model][INFO] - Model to find the causal effect of treatment ['X7'] on outcome ['X11']
[2026-04-24 05:53:01,148][dowhy.causal_identifier.auto_identifier][INFO] - Causal effect can be identified.
[2026-04-24 05:53:01,149][dowhy.causal_identifier.auto_identifier][INFO] - Instrumental variables for treatment and outcome:['X2', 'X6']
[2026-04-24 05:53:01,150][dowhy.causal_identifier.auto_identifier][INFO] - Frontdoor variables for treatment and outcome:[]
[2026-04-24 05:53:01,150][dowhy.causal_model][INFO] - linear_regression
[2026-04-24 05:53:01,150][dowhy.causal_estimator][INFO] - INFO: Using Linear Regression Estimator
[2026-04-24 05:53:01,150][dowhy.causal_estimator][INFO] - b: X11~X7+X3+X7*X4
[2026-04-24 05:53:01,207][dowhy.causal_model][INFO] - Model to find the causal effect of treatment ['X8'] on outcome ['X0']
[2026-04-24 05:53:01,207][dowhy.causal_identifier.auto_identifier][WARNING] - No directed path from treatment to outcome. Causal Effect is zero.
[2026-04-24 05:53:01,207][dowhy.causal_model][INFO] - linear_regression
[2026-04-24 05:53:01,207][dowhy.causal_estimator][INFO] - INFO: Using Linear Regression Estimator
[2026-04-24 05:53:01,207][dowhy.causal_estimator][WARNING] - No directed path from ['X8'] to ['X0'].
[2026-04-24 05:53:01,209][dowhy.causal_model][INFO] - Model to find the causal effect of treatment ['X8'] on outcome ['X1']
[2026-04-24 05:53:01,209][dowhy.causal_identifier.auto_identifier][WARNING] - No directed path from treatment to outcome. Causal Effect is zero.
[2026-04-24 05:53:01,209][dowhy.causal_model][INFO] - linear_regression
[2026-04-24 05:53:01,209][dowhy.causal_estimator][INFO] - INFO: Using Linear Regression Estimator
[2026-04-24 05:53:01,209][dowhy.causal_estimator][WARNING] - No directed path from ['X8'] to ['X1'].
[2026-04-24 05:53:01,211][dowhy.causal_model][INFO] - Model to find the causal effect of treatment ['X8'] on outcome ['X2']
[2026-04-24 05:53:01,211][dowhy.causal_identifier.auto_identifier][WARNING] - No directed path from treatment to outcome. Causal Effect is zero.
[2026-04-24 05:53:01,211][dowhy.causal_model][INFO] - linear_regression
[2026-04-24 05:53:01,211][dowhy.causal_estimator][INFO] - INFO: Using Linear Regression Estimator
[2026-04-24 05:53:01,211][dowhy.causal_estimator][WARNING] - No directed path from ['X8'] to ['X2'].
[2026-04-24 05:53:01,213][dowhy.causal_model][INFO] - Model to find the causal effect of treatment ['X8'] on outcome ['X3']
[2026-04-24 05:53:01,213][dowhy.causal_identifier.auto_identifier][WARNING] - No directed path from treatment to outcome. Causal Effect is zero.
[2026-04-24 05:53:01,213][dowhy.causal_model][INFO] - linear_regression
[2026-04-24 05:53:01,213][dowhy.causal_estimator][INFO] - INFO: Using Linear Regression Estimator
[2026-04-24 05:53:01,213][dowhy.causal_estimator][WARNING] - No directed path from ['X8'] to ['X3'].
[2026-04-24 05:53:01,215][dowhy.causal_model][INFO] - Model to find the causal effect of treatment ['X8'] on outcome ['X4']
[2026-04-24 05:53:01,215][dowhy.causal_identifier.auto_identifier][WARNING] - No directed path from treatment to outcome. Causal Effect is zero.
[2026-04-24 05:53:01,215][dowhy.causal_model][INFO] - linear_regression
[2026-04-24 05:53:01,215][dowhy.causal_estimator][INFO] - INFO: Using Linear Regression Estimator
[2026-04-24 05:53:01,215][dowhy.causal_estimator][WARNING] - No directed path from ['X8'] to ['X4'].
[2026-04-24 05:53:01,217][dowhy.causal_model][INFO] - Model to find the causal effect of treatment ['X8'] on outcome ['X5']
[2026-04-24 05:53:01,217][dowhy.causal_identifier.auto_identifier][WARNING] - No directed path from treatment to outcome. Causal Effect is zero.
[2026-04-24 05:53:01,217][dowhy.causal_model][INFO] - linear_regression
[2026-04-24 05:53:01,217][dowhy.causal_estimator][INFO] - INFO: Using Linear Regression Estimator
[2026-04-24 05:53:01,217][dowhy.causal_estimator][WARNING] - No directed path from ['X8'] to ['X5'].
[2026-04-24 05:53:01,219][dowhy.causal_model][INFO] - Model to find the causal effect of treatment ['X8'] on outcome ['X6']
[2026-04-24 05:53:01,219][dowhy.causal_identifier.auto_identifier][WARNING] - No directed path from treatment to outcome. Causal Effect is zero.
[2026-04-24 05:53:01,219][dowhy.causal_model][INFO] - linear_regression
[2026-04-24 05:53:01,219][dowhy.causal_estimator][INFO] - INFO: Using Linear Regression Estimator
[2026-04-24 05:53:01,219][dowhy.causal_estimator][WARNING] - No directed path from ['X8'] to ['X6'].
[2026-04-24 05:53:01,221][dowhy.causal_model][INFO] - Model to find the causal effect of treatment ['X8'] on outcome ['X7']
[2026-04-24 05:53:01,221][dowhy.causal_identifier.auto_identifier][WARNING] - No directed path from treatment to outcome. Causal Effect is zero.
[2026-04-24 05:53:01,221][dowhy.causal_model][INFO] - linear_regression
[2026-04-24 05:53:01,221][dowhy.causal_estimator][INFO] - INFO: Using Linear Regression Estimator
[2026-04-24 05:53:01,221][dowhy.causal_estimator][WARNING] - No directed path from ['X8'] to ['X7'].
[2026-04-24 05:53:01,222][dowhy.causal_model][INFO] - Model to find the causal effect of treatment ['X8'] on outcome ['X9']
[2026-04-24 05:53:01,223][dowhy.causal_identifier.auto_identifier][WARNING] - No directed path from treatment to outcome. Causal Effect is zero.
[2026-04-24 05:53:01,223][dowhy.causal_model][INFO] - linear_regression
[2026-04-24 05:53:01,223][dowhy.causal_estimator][INFO] - INFO: Using Linear Regression Estimator
[2026-04-24 05:53:01,223][dowhy.causal_estimator][WARNING] - No directed path from ['X8'] to ['X9'].
[2026-04-24 05:53:01,225][dowhy.causal_model][INFO] - Model to find the causal effect of treatment ['X8'] on outcome ['X10']
[2026-04-24 05:53:01,225][dowhy.causal_identifier.auto_identifier][WARNING] - No directed path from treatment to outcome. Causal Effect is zero.
[2026-04-24 05:53:01,225][dowhy.causal_model][INFO] - linear_regression
[2026-04-24 05:53:01,225][dowhy.causal_estimator][INFO] - INFO: Using Linear Regression Estimator
[2026-04-24 05:53:01,225][dowhy.causal_estimator][WARNING] - No directed path from ['X8'] to ['X10'].
[2026-04-24 05:53:01,226][dowhy.causal_model][INFO] - Model to find the causal effect of treatment ['X8'] on outcome ['X11']
[2026-04-24 05:53:01,230][dowhy.causal_identifier.auto_identifier][INFO] - Causal effect can be identified.
[2026-04-24 05:53:01,231][dowhy.causal_identifier.auto_identifier][INFO] - Instrumental variables for treatment and outcome:['X7', 'X3']
[2026-04-24 05:53:01,231][dowhy.causal_identifier.auto_identifier][INFO] - Frontdoor variables for treatment and outcome:[]
[2026-04-24 05:53:01,232][dowhy.causal_model][INFO] - linear_regression
[2026-04-24 05:53:01,232][dowhy.causal_estimator][INFO] - INFO: Using Linear Regression Estimator
[2026-04-24 05:53:01,232][dowhy.causal_estimator][INFO] - b: X11~X8+X8*X4
[2026-04-24 05:53:01,296][dowhy.causal_model][INFO] - Model to find the causal effect of treatment ['X9'] on outcome ['X0']
[2026-04-24 05:53:01,296][dowhy.causal_identifier.auto_identifier][WARNING] - No directed path from treatment to outcome. Causal Effect is zero.
[2026-04-24 05:53:01,296][dowhy.causal_model][INFO] - linear_regression
[2026-04-24 05:53:01,297][dowhy.causal_estimator][INFO] - INFO: Using Linear Regression Estimator
[2026-04-24 05:53:01,297][dowhy.causal_estimator][WARNING] - No directed path from ['X9'] to ['X0'].
[2026-04-24 05:53:01,299][dowhy.causal_model][INFO] - Model to find the causal effect of treatment ['X9'] on outcome ['X1']
[2026-04-24 05:53:01,299][dowhy.causal_identifier.auto_identifier][WARNING] - No directed path from treatment to outcome. Causal Effect is zero.
[2026-04-24 05:53:01,299][dowhy.causal_model][INFO] - linear_regression
[2026-04-24 05:53:01,299][dowhy.causal_estimator][INFO] - INFO: Using Linear Regression Estimator
[2026-04-24 05:53:01,299][dowhy.causal_estimator][WARNING] - No directed path from ['X9'] to ['X1'].
[2026-04-24 05:53:01,301][dowhy.causal_model][INFO] - Model to find the causal effect of treatment ['X9'] on outcome ['X2']
[2026-04-24 05:53:01,301][dowhy.causal_identifier.auto_identifier][WARNING] - No directed path from treatment to outcome. Causal Effect is zero.
[2026-04-24 05:53:01,301][dowhy.causal_model][INFO] - linear_regression
[2026-04-24 05:53:01,301][dowhy.causal_estimator][INFO] - INFO: Using Linear Regression Estimator
[2026-04-24 05:53:01,301][dowhy.causal_estimator][WARNING] - No directed path from ['X9'] to ['X2'].
[2026-04-24 05:53:01,303][dowhy.causal_model][INFO] - Model to find the causal effect of treatment ['X9'] on outcome ['X3']
[2026-04-24 05:53:01,303][dowhy.causal_identifier.auto_identifier][WARNING] - No directed path from treatment to outcome. Causal Effect is zero.
[2026-04-24 05:53:01,303][dowhy.causal_model][INFO] - linear_regression
[2026-04-24 05:53:01,303][dowhy.causal_estimator][INFO] - INFO: Using Linear Regression Estimator
[2026-04-24 05:53:01,303][dowhy.causal_estimator][WARNING] - No directed path from ['X9'] to ['X3'].
[2026-04-24 05:53:01,305][dowhy.causal_model][INFO] - Model to find the causal effect of treatment ['X9'] on outcome ['X4']
[2026-04-24 05:53:01,305][dowhy.causal_identifier.auto_identifier][WARNING] - No directed path from treatment to outcome. Causal Effect is zero.
[2026-04-24 05:53:01,305][dowhy.causal_model][INFO] - linear_regression
[2026-04-24 05:53:01,305][dowhy.causal_estimator][INFO] - INFO: Using Linear Regression Estimator
[2026-04-24 05:53:01,305][dowhy.causal_estimator][WARNING] - No directed path from ['X9'] to ['X4'].
[2026-04-24 05:53:01,307][dowhy.causal_model][INFO] - Model to find the causal effect of treatment ['X9'] on outcome ['X5']
[2026-04-24 05:53:01,307][dowhy.causal_identifier.auto_identifier][WARNING] - No directed path from treatment to outcome. Causal Effect is zero.
[2026-04-24 05:53:01,307][dowhy.causal_model][INFO] - linear_regression
[2026-04-24 05:53:01,307][dowhy.causal_estimator][INFO] - INFO: Using Linear Regression Estimator
[2026-04-24 05:53:01,307][dowhy.causal_estimator][WARNING] - No directed path from ['X9'] to ['X5'].
[2026-04-24 05:53:01,308][dowhy.causal_model][INFO] - Model to find the causal effect of treatment ['X9'] on outcome ['X6']
[2026-04-24 05:53:01,308][dowhy.causal_identifier.auto_identifier][WARNING] - No directed path from treatment to outcome. Causal Effect is zero.
[2026-04-24 05:53:01,308][dowhy.causal_model][INFO] - linear_regression
[2026-04-24 05:53:01,309][dowhy.causal_estimator][INFO] - INFO: Using Linear Regression Estimator
[2026-04-24 05:53:01,309][dowhy.causal_estimator][WARNING] - No directed path from ['X9'] to ['X6'].
[2026-04-24 05:53:01,310][dowhy.causal_model][INFO] - Model to find the causal effect of treatment ['X9'] on outcome ['X7']
[2026-04-24 05:53:01,310][dowhy.causal_identifier.auto_identifier][WARNING] - No directed path from treatment to outcome. Causal Effect is zero.
[2026-04-24 05:53:01,310][dowhy.causal_model][INFO] - linear_regression
[2026-04-24 05:53:01,310][dowhy.causal_estimator][INFO] - INFO: Using Linear Regression Estimator
[2026-04-24 05:53:01,310][dowhy.causal_estimator][WARNING] - No directed path from ['X9'] to ['X7'].
[2026-04-24 05:53:01,312][dowhy.causal_model][INFO] - Model to find the causal effect of treatment ['X9'] on outcome ['X8']
[2026-04-24 05:53:01,312][dowhy.causal_identifier.auto_identifier][WARNING] - No directed path from treatment to outcome. Causal Effect is zero.
[2026-04-24 05:53:01,312][dowhy.causal_model][INFO] - linear_regression
[2026-04-24 05:53:01,312][dowhy.causal_estimator][INFO] - INFO: Using Linear Regression Estimator
[2026-04-24 05:53:01,312][dowhy.causal_estimator][WARNING] - No directed path from ['X9'] to ['X8'].
[2026-04-24 05:53:01,314][dowhy.causal_model][INFO] - Model to find the causal effect of treatment ['X9'] on outcome ['X10']
[2026-04-24 05:53:01,314][dowhy.causal_identifier.auto_identifier][WARNING] - No directed path from treatment to outcome. Causal Effect is zero.
[2026-04-24 05:53:01,314][dowhy.causal_model][INFO] - linear_regression
[2026-04-24 05:53:01,314][dowhy.causal_estimator][INFO] - INFO: Using Linear Regression Estimator
[2026-04-24 05:53:01,314][dowhy.causal_estimator][WARNING] - No directed path from ['X9'] to ['X10'].
[2026-04-24 05:53:01,316][dowhy.causal_model][INFO] - Model to find the causal effect of treatment ['X9'] on outcome ['X11']
[2026-04-24 05:53:01,316][dowhy.causal_identifier.auto_identifier][WARNING] - No directed path from treatment to outcome. Causal Effect is zero.
[2026-04-24 05:53:01,316][dowhy.causal_model][INFO] - linear_regression
[2026-04-24 05:53:01,316][dowhy.causal_estimator][INFO] - INFO: Using Linear Regression Estimator
[2026-04-24 05:53:01,316][dowhy.causal_estimator][WARNING] - No directed path from ['X9'] to ['X11'].
[2026-04-24 05:53:01,365][dowhy.causal_model][INFO] - Model to find the causal effect of treatment ['X10'] on outcome ['X0']
[2026-04-24 05:53:01,365][dowhy.causal_identifier.auto_identifier][WARNING] - No directed path from treatment to outcome. Causal Effect is zero.
[2026-04-24 05:53:01,365][dowhy.causal_model][INFO] - linear_regression
[2026-04-24 05:53:01,365][dowhy.causal_estimator][INFO] - INFO: Using Linear Regression Estimator
[2026-04-24 05:53:01,365][dowhy.causal_estimator][WARNING] - No directed path from ['X10'] to ['X0'].
[2026-04-24 05:53:01,367][dowhy.causal_model][INFO] - Model to find the causal effect of treatment ['X10'] on outcome ['X1']
[2026-04-24 05:53:01,367][dowhy.causal_identifier.auto_identifier][WARNING] - No directed path from treatment to outcome. Causal Effect is zero.
[2026-04-24 05:53:01,367][dowhy.causal_model][INFO] - linear_regression
[2026-04-24 05:53:01,367][dowhy.causal_estimator][INFO] - INFO: Using Linear Regression Estimator
[2026-04-24 05:53:01,367][dowhy.causal_estimator][WARNING] - No directed path from ['X10'] to ['X1'].
[2026-04-24 05:53:01,369][dowhy.causal_model][INFO] - Model to find the causal effect of treatment ['X10'] on outcome ['X2']
[2026-04-24 05:53:01,369][dowhy.causal_identifier.auto_identifier][WARNING] - No directed path from treatment to outcome. Causal Effect is zero.
[2026-04-24 05:53:01,369][dowhy.causal_model][INFO] - linear_regression
[2026-04-24 05:53:01,369][dowhy.causal_estimator][INFO] - INFO: Using Linear Regression Estimator
[2026-04-24 05:53:01,369][dowhy.causal_estimator][WARNING] - No directed path from ['X10'] to ['X2'].
[2026-04-24 05:53:01,371][dowhy.causal_model][INFO] - Model to find the causal effect of treatment ['X10'] on outcome ['X3']
[2026-04-24 05:53:01,371][dowhy.causal_identifier.auto_identifier][WARNING] - No directed path from treatment to outcome. Causal Effect is zero.
[2026-04-24 05:53:01,371][dowhy.causal_model][INFO] - linear_regression
[2026-04-24 05:53:01,371][dowhy.causal_estimator][INFO] - INFO: Using Linear Regression Estimator
[2026-04-24 05:53:01,371][dowhy.causal_estimator][WARNING] - No directed path from ['X10'] to ['X3'].
[2026-04-24 05:53:01,372][dowhy.causal_model][INFO] - Model to find the causal effect of treatment ['X10'] on outcome ['X4']
[2026-04-24 05:53:01,372][dowhy.causal_identifier.auto_identifier][WARNING] - No directed path from treatment to outcome. Causal Effect is zero.
[2026-04-24 05:53:01,372][dowhy.causal_model][INFO] - linear_regression
[2026-04-24 05:53:01,372][dowhy.causal_estimator][INFO] - INFO: Using Linear Regression Estimator
[2026-04-24 05:53:01,372][dowhy.causal_estimator][WARNING] - No directed path from ['X10'] to ['X4'].
[2026-04-24 05:53:01,374][dowhy.causal_model][INFO] - Model to find the causal effect of treatment ['X10'] on outcome ['X5']
[2026-04-24 05:53:01,374][dowhy.causal_identifier.auto_identifier][WARNING] - No directed path from treatment to outcome. Causal Effect is zero.
[2026-04-24 05:53:01,374][dowhy.causal_model][INFO] - linear_regression
[2026-04-24 05:53:01,374][dowhy.causal_estimator][INFO] - INFO: Using Linear Regression Estimator
[2026-04-24 05:53:01,374][dowhy.causal_estimator][WARNING] - No directed path from ['X10'] to ['X5'].
[2026-04-24 05:53:01,376][dowhy.causal_model][INFO] - Model to find the causal effect of treatment ['X10'] on outcome ['X6']
[2026-04-24 05:53:01,376][dowhy.causal_identifier.auto_identifier][WARNING] - No directed path from treatment to outcome. Causal Effect is zero.
[2026-04-24 05:53:01,376][dowhy.causal_model][INFO] - linear_regression
[2026-04-24 05:53:01,376][dowhy.causal_estimator][INFO] - INFO: Using Linear Regression Estimator
[2026-04-24 05:53:01,376][dowhy.causal_estimator][WARNING] - No directed path from ['X10'] to ['X6'].
[2026-04-24 05:53:01,378][dowhy.causal_model][INFO] - Model to find the causal effect of treatment ['X10'] on outcome ['X7']
[2026-04-24 05:53:01,378][dowhy.causal_identifier.auto_identifier][WARNING] - No directed path from treatment to outcome. Causal Effect is zero.
[2026-04-24 05:53:01,378][dowhy.causal_model][INFO] - linear_regression
[2026-04-24 05:53:01,378][dowhy.causal_estimator][INFO] - INFO: Using Linear Regression Estimator
[2026-04-24 05:53:01,378][dowhy.causal_estimator][WARNING] - No directed path from ['X10'] to ['X7'].
[2026-04-24 05:53:01,380][dowhy.causal_model][INFO] - Model to find the causal effect of treatment ['X10'] on outcome ['X8']
[2026-04-24 05:53:01,380][dowhy.causal_identifier.auto_identifier][WARNING] - No directed path from treatment to outcome. Causal Effect is zero.
[2026-04-24 05:53:01,380][dowhy.causal_model][INFO] - linear_regression
[2026-04-24 05:53:01,380][dowhy.causal_estimator][INFO] - INFO: Using Linear Regression Estimator
[2026-04-24 05:53:01,380][dowhy.causal_estimator][WARNING] - No directed path from ['X10'] to ['X8'].
[2026-04-24 05:53:01,381][dowhy.causal_model][INFO] - Model to find the causal effect of treatment ['X10'] on outcome ['X9']
[2026-04-24 05:53:01,381][dowhy.causal_identifier.auto_identifier][WARNING] - No directed path from treatment to outcome. Causal Effect is zero.
[2026-04-24 05:53:01,381][dowhy.causal_model][INFO] - linear_regression
[2026-04-24 05:53:01,381][dowhy.causal_estimator][INFO] - INFO: Using Linear Regression Estimator
[2026-04-24 05:53:01,381][dowhy.causal_estimator][WARNING] - No directed path from ['X10'] to ['X9'].
[2026-04-24 05:53:01,383][dowhy.causal_model][INFO] - Model to find the causal effect of treatment ['X10'] on outcome ['X11']
[2026-04-24 05:53:01,383][dowhy.causal_identifier.auto_identifier][WARNING] - No directed path from treatment to outcome. Causal Effect is zero.
[2026-04-24 05:53:01,383][dowhy.causal_model][INFO] - linear_regression
[2026-04-24 05:53:01,383][dowhy.causal_estimator][INFO] - INFO: Using Linear Regression Estimator
[2026-04-24 05:53:01,383][dowhy.causal_estimator][WARNING] - No directed path from ['X10'] to ['X11'].
[2026-04-24 05:53:01,430][dowhy.causal_model][INFO] - Model to find the causal effect of treatment ['X11'] on outcome ['X0']
[2026-04-24 05:53:01,430][dowhy.causal_identifier.auto_identifier][WARNING] - No directed path from treatment to outcome. Causal Effect is zero.
[2026-04-24 05:53:01,430][dowhy.causal_model][INFO] - linear_regression
[2026-04-24 05:53:01,430][dowhy.causal_estimator][INFO] - INFO: Using Linear Regression Estimator
[2026-04-24 05:53:01,430][dowhy.causal_estimator][WARNING] - No directed path from ['X11'] to ['X0'].
[2026-04-24 05:53:01,433][dowhy.causal_model][INFO] - Model to find the causal effect of treatment ['X11'] on outcome ['X1']
[2026-04-24 05:53:01,433][dowhy.causal_identifier.auto_identifier][WARNING] - No directed path from treatment to outcome. Causal Effect is zero.
[2026-04-24 05:53:01,433][dowhy.causal_model][INFO] - linear_regression
[2026-04-24 05:53:01,433][dowhy.causal_estimator][INFO] - INFO: Using Linear Regression Estimator
[2026-04-24 05:53:01,433][dowhy.causal_estimator][WARNING] - No directed path from ['X11'] to ['X1'].
[2026-04-24 05:53:01,435][dowhy.causal_model][INFO] - Model to find the causal effect of treatment ['X11'] on outcome ['X2']
[2026-04-24 05:53:01,435][dowhy.causal_identifier.auto_identifier][WARNING] - No directed path from treatment to outcome. Causal Effect is zero.
[2026-04-24 05:53:01,435][dowhy.causal_model][INFO] - linear_regression
[2026-04-24 05:53:01,435][dowhy.causal_estimator][INFO] - INFO: Using Linear Regression Estimator
[2026-04-24 05:53:01,435][dowhy.causal_estimator][WARNING] - No directed path from ['X11'] to ['X2'].
[2026-04-24 05:53:01,437][dowhy.causal_model][INFO] - Model to find the causal effect of treatment ['X11'] on outcome ['X3']
[2026-04-24 05:53:01,437][dowhy.causal_identifier.auto_identifier][WARNING] - No directed path from treatment to outcome. Causal Effect is zero.
[2026-04-24 05:53:01,437][dowhy.causal_model][INFO] - linear_regression
[2026-04-24 05:53:01,437][dowhy.causal_estimator][INFO] - INFO: Using Linear Regression Estimator
[2026-04-24 05:53:01,437][dowhy.causal_estimator][WARNING] - No directed path from ['X11'] to ['X3'].
[2026-04-24 05:53:01,439][dowhy.causal_model][INFO] - Model to find the causal effect of treatment ['X11'] on outcome ['X4']
[2026-04-24 05:53:01,439][dowhy.causal_identifier.auto_identifier][WARNING] - No directed path from treatment to outcome. Causal Effect is zero.
[2026-04-24 05:53:01,439][dowhy.causal_model][INFO] - linear_regression
[2026-04-24 05:53:01,439][dowhy.causal_estimator][INFO] - INFO: Using Linear Regression Estimator
[2026-04-24 05:53:01,439][dowhy.causal_estimator][WARNING] - No directed path from ['X11'] to ['X4'].
[2026-04-24 05:53:01,441][dowhy.causal_model][INFO] - Model to find the causal effect of treatment ['X11'] on outcome ['X5']
[2026-04-24 05:53:01,441][dowhy.causal_identifier.auto_identifier][WARNING] - No directed path from treatment to outcome. Causal Effect is zero.
[2026-04-24 05:53:01,441][dowhy.causal_model][INFO] - linear_regression
[2026-04-24 05:53:01,441][dowhy.causal_estimator][INFO] - INFO: Using Linear Regression Estimator
[2026-04-24 05:53:01,441][dowhy.causal_estimator][WARNING] - No directed path from ['X11'] to ['X5'].
[2026-04-24 05:53:01,443][dowhy.causal_model][INFO] - Model to find the causal effect of treatment ['X11'] on outcome ['X6']
[2026-04-24 05:53:01,443][dowhy.causal_identifier.auto_identifier][WARNING] - No directed path from treatment to outcome. Causal Effect is zero.
[2026-04-24 05:53:01,443][dowhy.causal_model][INFO] - linear_regression
[2026-04-24 05:53:01,443][dowhy.causal_estimator][INFO] - INFO: Using Linear Regression Estimator
[2026-04-24 05:53:01,443][dowhy.causal_estimator][WARNING] - No directed path from ['X11'] to ['X6'].
[2026-04-24 05:53:01,445][dowhy.causal_model][INFO] - Model to find the causal effect of treatment ['X11'] on outcome ['X7']
[2026-04-24 05:53:01,445][dowhy.causal_identifier.auto_identifier][WARNING] - No directed path from treatment to outcome. Causal Effect is zero.
[2026-04-24 05:53:01,445][dowhy.causal_model][INFO] - linear_regression
[2026-04-24 05:53:01,445][dowhy.causal_estimator][INFO] - INFO: Using Linear Regression Estimator
[2026-04-24 05:53:01,445][dowhy.causal_estimator][WARNING] - No directed path from ['X11'] to ['X7'].
[2026-04-24 05:53:01,447][dowhy.causal_model][INFO] - Model to find the causal effect of treatment ['X11'] on outcome ['X8']
[2026-04-24 05:53:01,447][dowhy.causal_identifier.auto_identifier][WARNING] - No directed path from treatment to outcome. Causal Effect is zero.
[2026-04-24 05:53:01,447][dowhy.causal_model][INFO] - linear_regression
[2026-04-24 05:53:01,447][dowhy.causal_estimator][INFO] - INFO: Using Linear Regression Estimator
[2026-04-24 05:53:01,447][dowhy.causal_estimator][WARNING] - No directed path from ['X11'] to ['X8'].
[2026-04-24 05:53:01,449][dowhy.causal_model][INFO] - Model to find the causal effect of treatment ['X11'] on outcome ['X9']
[2026-04-24 05:53:01,449][dowhy.causal_identifier.auto_identifier][WARNING] - No directed path from treatment to outcome. Causal Effect is zero.
[2026-04-24 05:53:01,449][dowhy.causal_model][INFO] - linear_regression
[2026-04-24 05:53:01,449][dowhy.causal_estimator][INFO] - INFO: Using Linear Regression Estimator
[2026-04-24 05:53:01,449][dowhy.causal_estimator][WARNING] - No directed path from ['X11'] to ['X9'].
[2026-04-24 05:53:01,451][dowhy.causal_model][INFO] - Model to find the causal effect of treatment ['X11'] on outcome ['X10']
[2026-04-24 05:53:01,451][dowhy.causal_identifier.auto_identifier][WARNING] - No directed path from treatment to outcome. Causal Effect is zero.
[2026-04-24 05:53:01,451][dowhy.causal_model][INFO] - linear_regression
[2026-04-24 05:53:01,451][dowhy.causal_estimator][INFO] - INFO: Using Linear Regression Estimator
[2026-04-24 05:53:01,451][dowhy.causal_estimator][WARNING] - No directed path from ['X11'] to ['X10'].
[2026-04-24 05:53:01,539][dowhy.causal_model][INFO] - Model to find the causal effect of treatment ['X0'] on outcome ['X1']
[2026-04-24 05:53:01,539][dowhy.causal_identifier.auto_identifier][WARNING] - No directed path from treatment to outcome. Causal Effect is zero.
[2026-04-24 05:53:01,539][dowhy.causal_model][INFO] - linear_regression
[2026-04-24 05:53:01,539][dowhy.causal_estimator][INFO] - INFO: Using Linear Regression Estimator
[2026-04-24 05:53:01,539][dowhy.causal_estimator][WARNING] - No directed path from ['X0'] to ['X1'].
[2026-04-24 05:53:01,541][dowhy.causal_model][INFO] - Model to find the causal effect of treatment ['X0'] on outcome ['X2']
[2026-04-24 05:53:01,541][dowhy.causal_identifier.auto_identifier][WARNING] - No directed path from treatment to outcome. Causal Effect is zero.
[2026-04-24 05:53:01,541][dowhy.causal_model][INFO] - linear_regression
[2026-04-24 05:53:01,541][dowhy.causal_estimator][INFO] - INFO: Using Linear Regression Estimator
[2026-04-24 05:53:01,541][dowhy.causal_estimator][WARNING] - No directed path from ['X0'] to ['X2'].
[2026-04-24 05:53:01,543][dowhy.causal_model][INFO] - Model to find the causal effect of treatment ['X0'] on outcome ['X3']
[2026-04-24 05:53:01,543][dowhy.causal_identifier.auto_identifier][WARNING] - No directed path from treatment to outcome. Causal Effect is zero.
[2026-04-24 05:53:01,543][dowhy.causal_model][INFO] - linear_regression
[2026-04-24 05:53:01,543][dowhy.causal_estimator][INFO] - INFO: Using Linear Regression Estimator
[2026-04-24 05:53:01,543][dowhy.causal_estimator][WARNING] - No directed path from ['X0'] to ['X3'].
[2026-04-24 05:53:01,545][dowhy.causal_model][INFO] - Model to find the causal effect of treatment ['X0'] on outcome ['X4']
[2026-04-24 05:53:01,545][dowhy.causal_identifier.auto_identifier][WARNING] - No directed path from treatment to outcome. Causal Effect is zero.
[2026-04-24 05:53:01,545][dowhy.causal_model][INFO] - linear_regression
[2026-04-24 05:53:01,545][dowhy.causal_estimator][INFO] - INFO: Using Linear Regression Estimator
[2026-04-24 05:53:01,545][dowhy.causal_estimator][WARNING] - No directed path from ['X0'] to ['X4'].
[2026-04-24 05:53:01,547][dowhy.causal_model][INFO] - Model to find the causal effect of treatment ['X0'] on outcome ['X5']
[2026-04-24 05:53:01,548][dowhy.causal_identifier.auto_identifier][INFO] - Causal effect can be identified.
[2026-04-24 05:53:01,548][dowhy.causal_identifier.auto_identifier][INFO] - Instrumental variables for treatment and outcome:[]
[2026-04-24 05:53:01,548][dowhy.causal_identifier.auto_identifier][INFO] - Frontdoor variables for treatment and outcome:[]
[2026-04-24 05:53:01,548][dowhy.causal_model][INFO] - linear_regression
[2026-04-24 05:53:01,549][dowhy.causal_estimator][INFO] - INFO: Using Linear Regression Estimator
[2026-04-24 05:53:01,549][dowhy.causal_estimator][INFO] - b: X5~X0+X0*X1
[2026-04-24 05:53:01,557][dowhy.causal_model][INFO] - Model to find the causal effect of treatment ['X0'] on outcome ['X6']
[2026-04-24 05:53:01,558][dowhy.causal_identifier.auto_identifier][INFO] - Causal effect can be identified.
[2026-04-24 05:53:01,558][dowhy.causal_identifier.auto_identifier][INFO] - Instrumental variables for treatment and outcome:[]
[2026-04-24 05:53:01,559][dowhy.causal_identifier.auto_identifier][INFO] - Frontdoor variables for treatment and outcome:[]
[2026-04-24 05:53:01,559][dowhy.causal_model][INFO] - linear_regression
[2026-04-24 05:53:01,559][dowhy.causal_estimator][INFO] - INFO: Using Linear Regression Estimator
[2026-04-24 05:53:01,559][dowhy.causal_estimator][INFO] - b: X6~X0+X0*X1
[2026-04-24 05:53:01,566][dowhy.causal_model][INFO] - Model to find the causal effect of treatment ['X0'] on outcome ['X7']
[2026-04-24 05:53:01,568][dowhy.causal_identifier.auto_identifier][INFO] - Causal effect can be identified.
[2026-04-24 05:53:01,568][dowhy.causal_identifier.auto_identifier][INFO] - Instrumental variables for treatment and outcome:[]
[2026-04-24 05:53:01,570][dowhy.causal_identifier.auto_identifier][INFO] - Frontdoor variables for treatment and outcome:['X9', 'X5', 'X6']
[2026-04-24 05:53:01,571][dowhy.causal_identifier.auto_identifier][INFO] - Causal effect can be identified.
[2026-04-24 05:53:01,573][dowhy.causal_identifier.auto_identifier][INFO] - Causal effect can be identified.
[2026-04-24 05:53:01,574][dowhy.causal_model][INFO] - linear_regression
[2026-04-24 05:53:01,574][dowhy.causal_estimator][INFO] - INFO: Using Linear Regression Estimator
[2026-04-24 05:53:01,574][dowhy.causal_estimator][INFO] - b: X7~X0+X0*X2+X0*X1+X0*X3
[2026-04-24 05:53:01,582][dowhy.causal_model][INFO] - Model to find the causal effect of treatment ['X0'] on outcome ['X8']
[2026-04-24 05:53:01,583][dowhy.causal_identifier.auto_identifier][INFO] - Causal effect can be identified.
[2026-04-24 05:53:01,584][dowhy.causal_identifier.auto_identifier][INFO] - Instrumental variables for treatment and outcome:[]
[2026-04-24 05:53:01,589][dowhy.causal_identifier.auto_identifier][INFO] - Frontdoor variables for treatment and outcome:['X5', 'X9', 'X6']
[2026-04-24 05:53:01,590][dowhy.causal_identifier.auto_identifier][INFO] - Causal effect can be identified.
[2026-04-24 05:53:01,592][dowhy.causal_identifier.auto_identifier][INFO] - Causal effect can be identified.
[2026-04-24 05:53:01,593][dowhy.causal_model][INFO] - linear_regression
[2026-04-24 05:53:01,593][dowhy.causal_estimator][INFO] - INFO: Using Linear Regression Estimator
[2026-04-24 05:53:01,593][dowhy.causal_estimator][INFO] - b: X8~X0+X0*X2+X0*X1+X0*X3
[2026-04-24 05:53:01,601][dowhy.causal_model][INFO] - Model to find the causal effect of treatment ['X0'] on outcome ['X9']
[2026-04-24 05:53:01,602][dowhy.causal_identifier.auto_identifier][INFO] - Causal effect can be identified.
[2026-04-24 05:53:01,602][dowhy.causal_identifier.auto_identifier][INFO] - Instrumental variables for treatment and outcome:[]
[2026-04-24 05:53:01,608][dowhy.causal_identifier.auto_identifier][INFO] - Frontdoor variables for treatment and outcome:[]
[2026-04-24 05:53:01,608][dowhy.causal_model][INFO] - linear_regression
[2026-04-24 05:53:01,608][dowhy.causal_estimator][INFO] - INFO: Using Linear Regression Estimator
[2026-04-24 05:53:01,609][dowhy.causal_estimator][INFO] - b: X9~X0+X0*X1
[2026-04-24 05:53:01,616][dowhy.causal_model][INFO] - Model to find the causal effect of treatment ['X0'] on outcome ['X10']
[2026-04-24 05:53:01,617][dowhy.causal_identifier.auto_identifier][INFO] - Causal effect can be identified.
[2026-04-24 05:53:01,618][dowhy.causal_identifier.auto_identifier][INFO] - Instrumental variables for treatment and outcome:[]
[2026-04-24 05:53:01,631][dowhy.causal_identifier.auto_identifier][INFO] - Frontdoor variables for treatment and outcome:['X5', 'X9', 'X6']
[2026-04-24 05:53:01,632][dowhy.causal_identifier.auto_identifier][INFO] - Causal effect can be identified.
[2026-04-24 05:53:01,634][dowhy.causal_identifier.auto_identifier][INFO] - Causal effect can be identified.
[2026-04-24 05:53:01,635][dowhy.causal_model][INFO] - linear_regression
[2026-04-24 05:53:01,635][dowhy.causal_estimator][INFO] - INFO: Using Linear Regression Estimator
[2026-04-24 05:53:01,635][dowhy.causal_estimator][INFO] - b: X10~X0+X0*X2+X0*X1+X0*X3
[2026-04-24 05:53:01,642][dowhy.causal_model][INFO] - Model to find the causal effect of treatment ['X0'] on outcome ['X11']
[2026-04-24 05:53:01,644][dowhy.causal_identifier.auto_identifier][INFO] - Causal effect can be identified.
[2026-04-24 05:53:01,645][dowhy.causal_identifier.auto_identifier][INFO] - Instrumental variables for treatment and outcome:[]
[2026-04-24 05:53:01,647][dowhy.causal_identifier.auto_identifier][INFO] - Frontdoor variables for treatment and outcome:['X8', 'X7', 'X5', 'X9', 'X6', 'X10']
[2026-04-24 05:53:01,649][dowhy.causal_identifier.auto_identifier][INFO] - Causal effect can be identified.
[2026-04-24 05:53:01,651][dowhy.causal_identifier.auto_identifier][INFO] - Causal effect can be identified.
[2026-04-24 05:53:01,652][dowhy.causal_model][INFO] - linear_regression
[2026-04-24 05:53:01,652][dowhy.causal_estimator][INFO] - INFO: Using Linear Regression Estimator
[2026-04-24 05:53:01,652][dowhy.causal_estimator][INFO] - b: X11~X0+X0*X2+X0*X1+X0*X3+X0*X4
[2026-04-24 05:53:01,718][dowhy.causal_model][INFO] - Model to find the causal effect of treatment ['X1'] on outcome ['X0']
[2026-04-24 05:53:01,718][dowhy.causal_identifier.auto_identifier][WARNING] - No directed path from treatment to outcome. Causal Effect is zero.
[2026-04-24 05:53:01,718][dowhy.causal_model][INFO] - linear_regression
[2026-04-24 05:53:01,718][dowhy.causal_estimator][INFO] - INFO: Using Linear Regression Estimator
[2026-04-24 05:53:01,718][dowhy.causal_estimator][WARNING] - No directed path from ['X1'] to ['X0'].
[2026-04-24 05:53:01,720][dowhy.causal_model][INFO] - Model to find the causal effect of treatment ['X1'] on outcome ['X2']
[2026-04-24 05:53:01,720][dowhy.causal_identifier.auto_identifier][WARNING] - No directed path from treatment to outcome. Causal Effect is zero.
[2026-04-24 05:53:01,720][dowhy.causal_model][INFO] - linear_regression
[2026-04-24 05:53:01,720][dowhy.causal_estimator][INFO] - INFO: Using Linear Regression Estimator
[2026-04-24 05:53:01,720][dowhy.causal_estimator][WARNING] - No directed path from ['X1'] to ['X2'].
[2026-04-24 05:53:01,722][dowhy.causal_model][INFO] - Model to find the causal effect of treatment ['X1'] on outcome ['X3']
[2026-04-24 05:53:01,722][dowhy.causal_identifier.auto_identifier][WARNING] - No directed path from treatment to outcome. Causal Effect is zero.
[2026-04-24 05:53:01,722][dowhy.causal_model][INFO] - linear_regression
[2026-04-24 05:53:01,722][dowhy.causal_estimator][INFO] - INFO: Using Linear Regression Estimator
[2026-04-24 05:53:01,723][dowhy.causal_estimator][WARNING] - No directed path from ['X1'] to ['X3'].
[2026-04-24 05:53:01,725][dowhy.causal_model][INFO] - Model to find the causal effect of treatment ['X1'] on outcome ['X4']
[2026-04-24 05:53:01,725][dowhy.causal_identifier.auto_identifier][WARNING] - No directed path from treatment to outcome. Causal Effect is zero.
[2026-04-24 05:53:01,725][dowhy.causal_model][INFO] - linear_regression
[2026-04-24 05:53:01,725][dowhy.causal_estimator][INFO] - INFO: Using Linear Regression Estimator
[2026-04-24 05:53:01,725][dowhy.causal_estimator][WARNING] - No directed path from ['X1'] to ['X4'].
[2026-04-24 05:53:01,727][dowhy.causal_model][INFO] - Model to find the causal effect of treatment ['X1'] on outcome ['X5']
[2026-04-24 05:53:01,728][dowhy.causal_identifier.auto_identifier][INFO] - Causal effect can be identified.
[2026-04-24 05:53:01,729][dowhy.causal_identifier.auto_identifier][INFO] - Instrumental variables for treatment and outcome:[]
[2026-04-24 05:53:01,729][dowhy.causal_identifier.auto_identifier][INFO] - Frontdoor variables for treatment and outcome:[]
[2026-04-24 05:53:01,729][dowhy.causal_model][INFO] - linear_regression
[2026-04-24 05:53:01,729][dowhy.causal_estimator][INFO] - INFO: Using Linear Regression Estimator
[2026-04-24 05:53:01,729][dowhy.causal_estimator][INFO] - b: X5~X1+X1*X0
[2026-04-24 05:53:01,738][dowhy.causal_model][INFO] - Model to find the causal effect of treatment ['X1'] on outcome ['X6']
[2026-04-24 05:53:01,739][dowhy.causal_identifier.auto_identifier][INFO] - Causal effect can be identified.
[2026-04-24 05:53:01,740][dowhy.causal_identifier.auto_identifier][INFO] - Instrumental variables for treatment and outcome:[]
[2026-04-24 05:53:01,740][dowhy.causal_identifier.auto_identifier][INFO] - Frontdoor variables for treatment and outcome:[]
[2026-04-24 05:53:01,740][dowhy.causal_model][INFO] - linear_regression
[2026-04-24 05:53:01,740][dowhy.causal_estimator][INFO] - INFO: Using Linear Regression Estimator
[2026-04-24 05:53:01,741][dowhy.causal_estimator][INFO] - b: X6~X1+X1*X0
[2026-04-24 05:53:01,750][dowhy.causal_model][INFO] - Model to find the causal effect of treatment ['X1'] on outcome ['X7']
[2026-04-24 05:53:01,751][dowhy.causal_identifier.auto_identifier][INFO] - Causal effect can be identified.
[2026-04-24 05:53:01,752][dowhy.causal_identifier.auto_identifier][INFO] - Instrumental variables for treatment and outcome:[]
[2026-04-24 05:53:01,753][dowhy.causal_identifier.auto_identifier][INFO] - Frontdoor variables for treatment and outcome:['X9', 'X5', 'X6']
[2026-04-24 05:53:01,755][dowhy.causal_identifier.auto_identifier][INFO] - Causal effect can be identified.
[2026-04-24 05:53:01,757][dowhy.causal_identifier.auto_identifier][INFO] - Causal effect can be identified.
[2026-04-24 05:53:01,757][dowhy.causal_model][INFO] - linear_regression
[2026-04-24 05:53:01,757][dowhy.causal_estimator][INFO] - INFO: Using Linear Regression Estimator
[2026-04-24 05:53:01,758][dowhy.causal_estimator][INFO] - b: X7~X1+X1*X2+X1*X3+X1*X0
[2026-04-24 05:53:01,766][dowhy.causal_model][INFO] - Model to find the causal effect of treatment ['X1'] on outcome ['X8']
[2026-04-24 05:53:01,767][dowhy.causal_identifier.auto_identifier][INFO] - Causal effect can be identified.
[2026-04-24 05:53:01,768][dowhy.causal_identifier.auto_identifier][INFO] - Instrumental variables for treatment and outcome:[]
[2026-04-24 05:53:01,773][dowhy.causal_identifier.auto_identifier][INFO] - Frontdoor variables for treatment and outcome:['X5', 'X9', 'X6']
[2026-04-24 05:53:01,775][dowhy.causal_identifier.auto_identifier][INFO] - Causal effect can be identified.
[2026-04-24 05:53:01,776][dowhy.causal_identifier.auto_identifier][INFO] - Causal effect can be identified.
[2026-04-24 05:53:01,777][dowhy.causal_model][INFO] - linear_regression
[2026-04-24 05:53:01,777][dowhy.causal_estimator][INFO] - INFO: Using Linear Regression Estimator
[2026-04-24 05:53:01,777][dowhy.causal_estimator][INFO] - b: X8~X1+X1*X2+X1*X3+X1*X0
[2026-04-24 05:53:01,785][dowhy.causal_model][INFO] - Model to find the causal effect of treatment ['X1'] on outcome ['X9']
[2026-04-24 05:53:01,786][dowhy.causal_identifier.auto_identifier][INFO] - Causal effect can be identified.
[2026-04-24 05:53:01,786][dowhy.causal_identifier.auto_identifier][INFO] - Instrumental variables for treatment and outcome:[]
[2026-04-24 05:53:01,793][dowhy.causal_identifier.auto_identifier][INFO] - Frontdoor variables for treatment and outcome:[]
[2026-04-24 05:53:01,793][dowhy.causal_model][INFO] - linear_regression
[2026-04-24 05:53:01,793][dowhy.causal_estimator][INFO] - INFO: Using Linear Regression Estimator
[2026-04-24 05:53:01,793][dowhy.causal_estimator][INFO] - b: X9~X1+X1*X0
[2026-04-24 05:53:01,800][dowhy.causal_model][INFO] - Model to find the causal effect of treatment ['X1'] on outcome ['X10']
[2026-04-24 05:53:01,802][dowhy.causal_identifier.auto_identifier][INFO] - Causal effect can be identified.
[2026-04-24 05:53:01,802][dowhy.causal_identifier.auto_identifier][INFO] - Instrumental variables for treatment and outcome:[]
[2026-04-24 05:53:01,815][dowhy.causal_identifier.auto_identifier][INFO] - Frontdoor variables for treatment and outcome:['X5', 'X9', 'X6']
[2026-04-24 05:53:01,817][dowhy.causal_identifier.auto_identifier][INFO] - Causal effect can be identified.
[2026-04-24 05:53:01,818][dowhy.causal_identifier.auto_identifier][INFO] - Causal effect can be identified.
[2026-04-24 05:53:01,819][dowhy.causal_model][INFO] - linear_regression
[2026-04-24 05:53:01,819][dowhy.causal_estimator][INFO] - INFO: Using Linear Regression Estimator
[2026-04-24 05:53:01,820][dowhy.causal_estimator][INFO] - b: X10~X1+X1*X2+X1*X3+X1*X0
[2026-04-24 05:53:01,827][dowhy.causal_model][INFO] - Model to find the causal effect of treatment ['X1'] on outcome ['X11']
[2026-04-24 05:53:01,828][dowhy.causal_identifier.auto_identifier][INFO] - Causal effect can be identified.
[2026-04-24 05:53:01,829][dowhy.causal_identifier.auto_identifier][INFO] - Instrumental variables for treatment and outcome:[]
[2026-04-24 05:53:01,831][dowhy.causal_identifier.auto_identifier][INFO] - Frontdoor variables for treatment and outcome:['X8', 'X7', 'X5', 'X9', 'X6', 'X10']
[2026-04-24 05:53:01,833][dowhy.causal_identifier.auto_identifier][INFO] - Causal effect can be identified.
[2026-04-24 05:53:01,835][dowhy.causal_identifier.auto_identifier][INFO] - Causal effect can be identified.
[2026-04-24 05:53:01,836][dowhy.causal_model][INFO] - linear_regression
[2026-04-24 05:53:01,836][dowhy.causal_estimator][INFO] - INFO: Using Linear Regression Estimator
[2026-04-24 05:53:01,836][dowhy.causal_estimator][INFO] - b: X11~X1+X1*X2+X1*X3+X1*X0+X1*X4
[2026-04-24 05:53:01,896][dowhy.causal_model][INFO] - Model to find the causal effect of treatment ['X2'] on outcome ['X0']
[2026-04-24 05:53:01,897][dowhy.causal_identifier.auto_identifier][WARNING] - No directed path from treatment to outcome. Causal Effect is zero.
[2026-04-24 05:53:01,897][dowhy.causal_model][INFO] - linear_regression
[2026-04-24 05:53:01,897][dowhy.causal_estimator][INFO] - INFO: Using Linear Regression Estimator
[2026-04-24 05:53:01,897][dowhy.causal_estimator][WARNING] - No directed path from ['X2'] to ['X0'].
[2026-04-24 05:53:01,899][dowhy.causal_model][INFO] - Model to find the causal effect of treatment ['X2'] on outcome ['X1']
[2026-04-24 05:53:01,899][dowhy.causal_identifier.auto_identifier][WARNING] - No directed path from treatment to outcome. Causal Effect is zero.
[2026-04-24 05:53:01,899][dowhy.causal_model][INFO] - linear_regression
[2026-04-24 05:53:01,899][dowhy.causal_estimator][INFO] - INFO: Using Linear Regression Estimator
[2026-04-24 05:53:01,899][dowhy.causal_estimator][WARNING] - No directed path from ['X2'] to ['X1'].
[2026-04-24 05:53:01,901][dowhy.causal_model][INFO] - Model to find the causal effect of treatment ['X2'] on outcome ['X3']
[2026-04-24 05:53:01,901][dowhy.causal_identifier.auto_identifier][WARNING] - No directed path from treatment to outcome. Causal Effect is zero.
[2026-04-24 05:53:01,901][dowhy.causal_model][INFO] - linear_regression
[2026-04-24 05:53:01,901][dowhy.causal_estimator][INFO] - INFO: Using Linear Regression Estimator
[2026-04-24 05:53:01,901][dowhy.causal_estimator][WARNING] - No directed path from ['X2'] to ['X3'].
[2026-04-24 05:53:01,903][dowhy.causal_model][INFO] - Model to find the causal effect of treatment ['X2'] on outcome ['X4']
[2026-04-24 05:53:01,903][dowhy.causal_identifier.auto_identifier][WARNING] - No directed path from treatment to outcome. Causal Effect is zero.
[2026-04-24 05:53:01,903][dowhy.causal_model][INFO] - linear_regression
[2026-04-24 05:53:01,903][dowhy.causal_estimator][INFO] - INFO: Using Linear Regression Estimator
[2026-04-24 05:53:01,903][dowhy.causal_estimator][WARNING] - No directed path from ['X2'] to ['X4'].
[2026-04-24 05:53:01,905][dowhy.causal_model][INFO] - Model to find the causal effect of treatment ['X2'] on outcome ['X5']
[2026-04-24 05:53:01,905][dowhy.causal_identifier.auto_identifier][WARNING] - No directed path from treatment to outcome. Causal Effect is zero.
[2026-04-24 05:53:01,905][dowhy.causal_model][INFO] - linear_regression
[2026-04-24 05:53:01,905][dowhy.causal_estimator][INFO] - INFO: Using Linear Regression Estimator
[2026-04-24 05:53:01,905][dowhy.causal_estimator][WARNING] - No directed path from ['X2'] to ['X5'].
[2026-04-24 05:53:01,907][dowhy.causal_model][INFO] - Model to find the causal effect of treatment ['X2'] on outcome ['X6']
[2026-04-24 05:53:01,907][dowhy.causal_identifier.auto_identifier][WARNING] - No directed path from treatment to outcome. Causal Effect is zero.
[2026-04-24 05:53:01,907][dowhy.causal_model][INFO] - linear_regression
[2026-04-24 05:53:01,907][dowhy.causal_estimator][INFO] - INFO: Using Linear Regression Estimator
[2026-04-24 05:53:01,907][dowhy.causal_estimator][WARNING] - No directed path from ['X2'] to ['X6'].
[2026-04-24 05:53:01,909][dowhy.causal_model][INFO] - Model to find the causal effect of treatment ['X2'] on outcome ['X7']
[2026-04-24 05:53:01,911][dowhy.causal_identifier.auto_identifier][INFO] - Causal effect can be identified.
[2026-04-24 05:53:01,912][dowhy.causal_identifier.auto_identifier][INFO] - Instrumental variables for treatment and outcome:[]
[2026-04-24 05:53:01,912][dowhy.causal_identifier.auto_identifier][INFO] - Frontdoor variables for treatment and outcome:[]
[2026-04-24 05:53:01,912][dowhy.causal_model][INFO] - linear_regression
[2026-04-24 05:53:01,912][dowhy.causal_estimator][INFO] - INFO: Using Linear Regression Estimator
[2026-04-24 05:53:01,912][dowhy.causal_estimator][INFO] - b: X7~X2+X2*X1+X2*X5+X2*X3+X2*X0+X2*X6
[2026-04-24 05:53:01,922][dowhy.causal_model][INFO] - Model to find the causal effect of treatment ['X2'] on outcome ['X8']
[2026-04-24 05:53:01,924][dowhy.causal_identifier.auto_identifier][INFO] - Causal effect can be identified.
[2026-04-24 05:53:01,925][dowhy.causal_identifier.auto_identifier][INFO] - Instrumental variables for treatment and outcome:[]
[2026-04-24 05:53:01,926][dowhy.causal_identifier.auto_identifier][INFO] - Frontdoor variables for treatment and outcome:[]
[2026-04-24 05:53:01,926][dowhy.causal_model][INFO] - linear_regression
[2026-04-24 05:53:01,926][dowhy.causal_estimator][INFO] - INFO: Using Linear Regression Estimator
[2026-04-24 05:53:01,926][dowhy.causal_estimator][INFO] - b: X8~X2+X2*X1+X2*X5+X2*X3+X2*X0+X2*X6
[2026-04-24 05:53:01,935][dowhy.causal_model][INFO] - Model to find the causal effect of treatment ['X2'] on outcome ['X9']
[2026-04-24 05:53:01,935][dowhy.causal_identifier.auto_identifier][WARNING] - No directed path from treatment to outcome. Causal Effect is zero.
[2026-04-24 05:53:01,935][dowhy.causal_model][INFO] - linear_regression
[2026-04-24 05:53:01,935][dowhy.causal_estimator][INFO] - INFO: Using Linear Regression Estimator
[2026-04-24 05:53:01,935][dowhy.causal_estimator][WARNING] - No directed path from ['X2'] to ['X9'].
[2026-04-24 05:53:01,937][dowhy.causal_model][INFO] - Model to find the causal effect of treatment ['X2'] on outcome ['X10']
[2026-04-24 05:53:01,939][dowhy.causal_identifier.auto_identifier][INFO] - Causal effect can be identified.
[2026-04-24 05:53:01,940][dowhy.causal_identifier.auto_identifier][INFO] - Instrumental variables for treatment and outcome:[]
[2026-04-24 05:53:01,941][dowhy.causal_identifier.auto_identifier][INFO] - Frontdoor variables for treatment and outcome:[]
[2026-04-24 05:53:01,941][dowhy.causal_model][INFO] - linear_regression
[2026-04-24 05:53:01,941][dowhy.causal_estimator][INFO] - INFO: Using Linear Regression Estimator
[2026-04-24 05:53:01,941][dowhy.causal_estimator][INFO] - b: X10~X2+X2*X1+X2*X5+X2*X3+X2*X0+X2*X6
[2026-04-24 05:53:01,950][dowhy.causal_model][INFO] - Model to find the causal effect of treatment ['X2'] on outcome ['X11']
[2026-04-24 05:53:01,953][dowhy.causal_identifier.auto_identifier][INFO] - Causal effect can be identified.
[2026-04-24 05:53:01,954][dowhy.causal_identifier.auto_identifier][INFO] - Instrumental variables for treatment and outcome:[]
[2026-04-24 05:53:01,955][dowhy.causal_identifier.auto_identifier][INFO] - Frontdoor variables for treatment and outcome:['X8', 'X7', 'X10']
[2026-04-24 05:53:01,958][dowhy.causal_identifier.auto_identifier][INFO] - Causal effect can be identified.
[2026-04-24 05:53:01,961][dowhy.causal_identifier.auto_identifier][INFO] - Causal effect can be identified.
[2026-04-24 05:53:01,963][dowhy.causal_model][INFO] - linear_regression
[2026-04-24 05:53:01,963][dowhy.causal_estimator][INFO] - INFO: Using Linear Regression Estimator
[2026-04-24 05:53:01,963][dowhy.causal_estimator][INFO] - b: X11~X2+X2*X1+X2*X5+X2*X3+X2*X0+X2*X6+X2*X4
[2026-04-24 05:53:02,023][dowhy.causal_model][INFO] - Model to find the causal effect of treatment ['X3'] on outcome ['X0']
[2026-04-24 05:53:02,024][dowhy.causal_identifier.auto_identifier][WARNING] - No directed path from treatment to outcome. Causal Effect is zero.
[2026-04-24 05:53:02,024][dowhy.causal_model][INFO] - linear_regression
[2026-04-24 05:53:02,024][dowhy.causal_estimator][INFO] - INFO: Using Linear Regression Estimator
[2026-04-24 05:53:02,024][dowhy.causal_estimator][WARNING] - No directed path from ['X3'] to ['X0'].
[2026-04-24 05:53:02,026][dowhy.causal_model][INFO] - Model to find the causal effect of treatment ['X3'] on outcome ['X1']
[2026-04-24 05:53:02,026][dowhy.causal_identifier.auto_identifier][WARNING] - No directed path from treatment to outcome. Causal Effect is zero.
[2026-04-24 05:53:02,026][dowhy.causal_model][INFO] - linear_regression
[2026-04-24 05:53:02,026][dowhy.causal_estimator][INFO] - INFO: Using Linear Regression Estimator
[2026-04-24 05:53:02,026][dowhy.causal_estimator][WARNING] - No directed path from ['X3'] to ['X1'].
[2026-04-24 05:53:02,028][dowhy.causal_model][INFO] - Model to find the causal effect of treatment ['X3'] on outcome ['X2']
[2026-04-24 05:53:02,028][dowhy.causal_identifier.auto_identifier][WARNING] - No directed path from treatment to outcome. Causal Effect is zero.
[2026-04-24 05:53:02,028][dowhy.causal_model][INFO] - linear_regression
[2026-04-24 05:53:02,028][dowhy.causal_estimator][INFO] - INFO: Using Linear Regression Estimator
[2026-04-24 05:53:02,028][dowhy.causal_estimator][WARNING] - No directed path from ['X3'] to ['X2'].
[2026-04-24 05:53:02,029][dowhy.causal_model][INFO] - Model to find the causal effect of treatment ['X3'] on outcome ['X4']
[2026-04-24 05:53:02,029][dowhy.causal_identifier.auto_identifier][WARNING] - No directed path from treatment to outcome. Causal Effect is zero.
[2026-04-24 05:53:02,030][dowhy.causal_model][INFO] - linear_regression
[2026-04-24 05:53:02,030][dowhy.causal_estimator][INFO] - INFO: Using Linear Regression Estimator
[2026-04-24 05:53:02,030][dowhy.causal_estimator][WARNING] - No directed path from ['X3'] to ['X4'].
[2026-04-24 05:53:02,031][dowhy.causal_model][INFO] - Model to find the causal effect of treatment ['X3'] on outcome ['X5']
[2026-04-24 05:53:02,031][dowhy.causal_identifier.auto_identifier][WARNING] - No directed path from treatment to outcome. Causal Effect is zero.
[2026-04-24 05:53:02,031][dowhy.causal_model][INFO] - linear_regression
[2026-04-24 05:53:02,031][dowhy.causal_estimator][INFO] - INFO: Using Linear Regression Estimator
[2026-04-24 05:53:02,031][dowhy.causal_estimator][WARNING] - No directed path from ['X3'] to ['X5'].
[2026-04-24 05:53:02,033][dowhy.causal_model][INFO] - Model to find the causal effect of treatment ['X3'] on outcome ['X6']
[2026-04-24 05:53:02,033][dowhy.causal_identifier.auto_identifier][WARNING] - No directed path from treatment to outcome. Causal Effect is zero.
[2026-04-24 05:53:02,033][dowhy.causal_model][INFO] - linear_regression
[2026-04-24 05:53:02,033][dowhy.causal_estimator][INFO] - INFO: Using Linear Regression Estimator
[2026-04-24 05:53:02,033][dowhy.causal_estimator][WARNING] - No directed path from ['X3'] to ['X6'].
[2026-04-24 05:53:02,035][dowhy.causal_model][INFO] - Model to find the causal effect of treatment ['X3'] on outcome ['X7']
[2026-04-24 05:53:02,037][dowhy.causal_identifier.auto_identifier][INFO] - Causal effect can be identified.
[2026-04-24 05:53:02,038][dowhy.causal_identifier.auto_identifier][INFO] - Instrumental variables for treatment and outcome:[]
[2026-04-24 05:53:02,038][dowhy.causal_identifier.auto_identifier][INFO] - Frontdoor variables for treatment and outcome:[]
[2026-04-24 05:53:02,038][dowhy.causal_model][INFO] - linear_regression
[2026-04-24 05:53:02,038][dowhy.causal_estimator][INFO] - INFO: Using Linear Regression Estimator
[2026-04-24 05:53:02,039][dowhy.causal_estimator][INFO] - b: X7~X3+X3*X2+X3*X1+X3*X5+X3*X0+X3*X6
[2026-04-24 05:53:02,047][dowhy.causal_model][INFO] - Model to find the causal effect of treatment ['X3'] on outcome ['X8']
[2026-04-24 05:53:02,049][dowhy.causal_identifier.auto_identifier][INFO] - Causal effect can be identified.
[2026-04-24 05:53:02,050][dowhy.causal_identifier.auto_identifier][INFO] - Instrumental variables for treatment and outcome:[]
[2026-04-24 05:53:02,050][dowhy.causal_identifier.auto_identifier][INFO] - Frontdoor variables for treatment and outcome:[]
[2026-04-24 05:53:02,050][dowhy.causal_model][INFO] - linear_regression
[2026-04-24 05:53:02,050][dowhy.causal_estimator][INFO] - INFO: Using Linear Regression Estimator
[2026-04-24 05:53:02,051][dowhy.causal_estimator][INFO] - b: X8~X3+X3*X2+X3*X1+X3*X5+X3*X0+X3*X6
[2026-04-24 05:53:02,059][dowhy.causal_model][INFO] - Model to find the causal effect of treatment ['X3'] on outcome ['X9']
[2026-04-24 05:53:02,059][dowhy.causal_identifier.auto_identifier][WARNING] - No directed path from treatment to outcome. Causal Effect is zero.
[2026-04-24 05:53:02,059][dowhy.causal_model][INFO] - linear_regression
[2026-04-24 05:53:02,059][dowhy.causal_estimator][INFO] - INFO: Using Linear Regression Estimator
[2026-04-24 05:53:02,059][dowhy.causal_estimator][WARNING] - No directed path from ['X3'] to ['X9'].
[2026-04-24 05:53:02,060][dowhy.causal_model][INFO] - Model to find the causal effect of treatment ['X3'] on outcome ['X10']
[2026-04-24 05:53:02,063][dowhy.causal_identifier.auto_identifier][INFO] - Causal effect can be identified.
[2026-04-24 05:53:02,064][dowhy.causal_identifier.auto_identifier][INFO] - Instrumental variables for treatment and outcome:[]
[2026-04-24 05:53:02,064][dowhy.causal_identifier.auto_identifier][INFO] - Frontdoor variables for treatment and outcome:[]
[2026-04-24 05:53:02,064][dowhy.causal_model][INFO] - linear_regression
[2026-04-24 05:53:02,064][dowhy.causal_estimator][INFO] - INFO: Using Linear Regression Estimator
[2026-04-24 05:53:02,065][dowhy.causal_estimator][INFO] - b: X10~X3+X3*X2+X3*X1+X3*X5+X3*X0+X3*X6
[2026-04-24 05:53:02,073][dowhy.causal_model][INFO] - Model to find the causal effect of treatment ['X3'] on outcome ['X11']
[2026-04-24 05:53:02,075][dowhy.causal_identifier.auto_identifier][INFO] - Causal effect can be identified.
[2026-04-24 05:53:02,076][dowhy.causal_identifier.auto_identifier][INFO] - Instrumental variables for treatment and outcome:[]
[2026-04-24 05:53:02,077][dowhy.causal_identifier.auto_identifier][INFO] - Frontdoor variables for treatment and outcome:['X8', 'X7', 'X10']
[2026-04-24 05:53:02,080][dowhy.causal_identifier.auto_identifier][INFO] - Causal effect can be identified.
[2026-04-24 05:53:02,083][dowhy.causal_identifier.auto_identifier][INFO] - Causal effect can be identified.
[2026-04-24 05:53:02,084][dowhy.causal_model][INFO] - linear_regression
[2026-04-24 05:53:02,084][dowhy.causal_estimator][INFO] - INFO: Using Linear Regression Estimator
[2026-04-24 05:53:02,084][dowhy.causal_estimator][INFO] - b: X11~X3+X3*X2+X3*X1+X3*X5+X3*X0+X3*X6+X3*X4
[2026-04-24 05:53:02,146][dowhy.causal_model][INFO] - Model to find the causal effect of treatment ['X4'] on outcome ['X0']
[2026-04-24 05:53:02,146][dowhy.causal_identifier.auto_identifier][WARNING] - No directed path from treatment to outcome. Causal Effect is zero.
[2026-04-24 05:53:02,146][dowhy.causal_model][INFO] - linear_regression
[2026-04-24 05:53:02,146][dowhy.causal_estimator][INFO] - INFO: Using Linear Regression Estimator
[2026-04-24 05:53:02,146][dowhy.causal_estimator][WARNING] - No directed path from ['X4'] to ['X0'].
[2026-04-24 05:53:02,148][dowhy.causal_model][INFO] - Model to find the causal effect of treatment ['X4'] on outcome ['X1']
[2026-04-24 05:53:02,148][dowhy.causal_identifier.auto_identifier][WARNING] - No directed path from treatment to outcome. Causal Effect is zero.
[2026-04-24 05:53:02,148][dowhy.causal_model][INFO] - linear_regression
[2026-04-24 05:53:02,148][dowhy.causal_estimator][INFO] - INFO: Using Linear Regression Estimator
[2026-04-24 05:53:02,148][dowhy.causal_estimator][WARNING] - No directed path from ['X4'] to ['X1'].
[2026-04-24 05:53:02,150][dowhy.causal_model][INFO] - Model to find the causal effect of treatment ['X4'] on outcome ['X2']
[2026-04-24 05:53:02,150][dowhy.causal_identifier.auto_identifier][WARNING] - No directed path from treatment to outcome. Causal Effect is zero.
[2026-04-24 05:53:02,150][dowhy.causal_model][INFO] - linear_regression
[2026-04-24 05:53:02,150][dowhy.causal_estimator][INFO] - INFO: Using Linear Regression Estimator
[2026-04-24 05:53:02,150][dowhy.causal_estimator][WARNING] - No directed path from ['X4'] to ['X2'].
[2026-04-24 05:53:02,152][dowhy.causal_model][INFO] - Model to find the causal effect of treatment ['X4'] on outcome ['X3']
[2026-04-24 05:53:02,152][dowhy.causal_identifier.auto_identifier][WARNING] - No directed path from treatment to outcome. Causal Effect is zero.
[2026-04-24 05:53:02,152][dowhy.causal_model][INFO] - linear_regression
[2026-04-24 05:53:02,152][dowhy.causal_estimator][INFO] - INFO: Using Linear Regression Estimator
[2026-04-24 05:53:02,152][dowhy.causal_estimator][WARNING] - No directed path from ['X4'] to ['X3'].
[2026-04-24 05:53:02,154][dowhy.causal_model][INFO] - Model to find the causal effect of treatment ['X4'] on outcome ['X5']
[2026-04-24 05:53:02,154][dowhy.causal_identifier.auto_identifier][WARNING] - No directed path from treatment to outcome. Causal Effect is zero.
[2026-04-24 05:53:02,154][dowhy.causal_model][INFO] - linear_regression
[2026-04-24 05:53:02,154][dowhy.causal_estimator][INFO] - INFO: Using Linear Regression Estimator
[2026-04-24 05:53:02,154][dowhy.causal_estimator][WARNING] - No directed path from ['X4'] to ['X5'].
[2026-04-24 05:53:02,156][dowhy.causal_model][INFO] - Model to find the causal effect of treatment ['X4'] on outcome ['X6']
[2026-04-24 05:53:02,156][dowhy.causal_identifier.auto_identifier][WARNING] - No directed path from treatment to outcome. Causal Effect is zero.
[2026-04-24 05:53:02,156][dowhy.causal_model][INFO] - linear_regression
[2026-04-24 05:53:02,156][dowhy.causal_estimator][INFO] - INFO: Using Linear Regression Estimator
[2026-04-24 05:53:02,156][dowhy.causal_estimator][WARNING] - No directed path from ['X4'] to ['X6'].
[2026-04-24 05:53:02,158][dowhy.causal_model][INFO] - Model to find the causal effect of treatment ['X4'] on outcome ['X7']
[2026-04-24 05:53:02,158][dowhy.causal_identifier.auto_identifier][WARNING] - No directed path from treatment to outcome. Causal Effect is zero.
[2026-04-24 05:53:02,158][dowhy.causal_model][INFO] - linear_regression
[2026-04-24 05:53:02,158][dowhy.causal_estimator][INFO] - INFO: Using Linear Regression Estimator
[2026-04-24 05:53:02,158][dowhy.causal_estimator][WARNING] - No directed path from ['X4'] to ['X7'].
[2026-04-24 05:53:02,160][dowhy.causal_model][INFO] - Model to find the causal effect of treatment ['X4'] on outcome ['X8']
[2026-04-24 05:53:02,160][dowhy.causal_identifier.auto_identifier][WARNING] - No directed path from treatment to outcome. Causal Effect is zero.
[2026-04-24 05:53:02,160][dowhy.causal_model][INFO] - linear_regression
[2026-04-24 05:53:02,160][dowhy.causal_estimator][INFO] - INFO: Using Linear Regression Estimator
[2026-04-24 05:53:02,160][dowhy.causal_estimator][WARNING] - No directed path from ['X4'] to ['X8'].
[2026-04-24 05:53:02,162][dowhy.causal_model][INFO] - Model to find the causal effect of treatment ['X4'] on outcome ['X9']
[2026-04-24 05:53:02,162][dowhy.causal_identifier.auto_identifier][WARNING] - No directed path from treatment to outcome. Causal Effect is zero.
[2026-04-24 05:53:02,162][dowhy.causal_model][INFO] - linear_regression
[2026-04-24 05:53:02,163][dowhy.causal_estimator][INFO] - INFO: Using Linear Regression Estimator
[2026-04-24 05:53:02,163][dowhy.causal_estimator][WARNING] - No directed path from ['X4'] to ['X9'].
[2026-04-24 05:53:02,164][dowhy.causal_model][INFO] - Model to find the causal effect of treatment ['X4'] on outcome ['X10']
[2026-04-24 05:53:02,164][dowhy.causal_identifier.auto_identifier][WARNING] - No directed path from treatment to outcome. Causal Effect is zero.
[2026-04-24 05:53:02,165][dowhy.causal_model][INFO] - linear_regression
[2026-04-24 05:53:02,165][dowhy.causal_estimator][INFO] - INFO: Using Linear Regression Estimator
[2026-04-24 05:53:02,165][dowhy.causal_estimator][WARNING] - No directed path from ['X4'] to ['X10'].
[2026-04-24 05:53:02,167][dowhy.causal_model][INFO] - Model to find the causal effect of treatment ['X4'] on outcome ['X11']
[2026-04-24 05:53:02,170][dowhy.causal_identifier.auto_identifier][INFO] - Causal effect can be identified.
[2026-04-24 05:53:02,171][dowhy.causal_identifier.auto_identifier][INFO] - Instrumental variables for treatment and outcome:[]
[2026-04-24 05:53:02,171][dowhy.causal_identifier.auto_identifier][INFO] - Frontdoor variables for treatment and outcome:[]
[2026-04-24 05:53:02,171][dowhy.causal_model][INFO] - linear_regression
[2026-04-24 05:53:02,171][dowhy.causal_estimator][INFO] - INFO: Using Linear Regression Estimator
[2026-04-24 05:53:02,172][dowhy.causal_estimator][INFO] - b: X11~X4+X4*X8+X4*X7+X4*X5+X4*X3+X4*X2+X4*X1+X4*X0+X4*X6
[2026-04-24 05:53:02,235][dowhy.causal_model][INFO] - Model to find the causal effect of treatment ['X5'] on outcome ['X0']
[2026-04-24 05:53:02,235][dowhy.causal_identifier.auto_identifier][WARNING] - No directed path from treatment to outcome. Causal Effect is zero.
[2026-04-24 05:53:02,235][dowhy.causal_model][INFO] - linear_regression
[2026-04-24 05:53:02,235][dowhy.causal_estimator][INFO] - INFO: Using Linear Regression Estimator
[2026-04-24 05:53:02,235][dowhy.causal_estimator][WARNING] - No directed path from ['X5'] to ['X0'].
[2026-04-24 05:53:02,237][dowhy.causal_model][INFO] - Model to find the causal effect of treatment ['X5'] on outcome ['X1']
[2026-04-24 05:53:02,237][dowhy.causal_identifier.auto_identifier][WARNING] - No directed path from treatment to outcome. Causal Effect is zero.
[2026-04-24 05:53:02,237][dowhy.causal_model][INFO] - linear_regression
[2026-04-24 05:53:02,237][dowhy.causal_estimator][INFO] - INFO: Using Linear Regression Estimator
[2026-04-24 05:53:02,237][dowhy.causal_estimator][WARNING] - No directed path from ['X5'] to ['X1'].
[2026-04-24 05:53:02,239][dowhy.causal_model][INFO] - Model to find the causal effect of treatment ['X5'] on outcome ['X2']
[2026-04-24 05:53:02,239][dowhy.causal_identifier.auto_identifier][WARNING] - No directed path from treatment to outcome. Causal Effect is zero.
[2026-04-24 05:53:02,239][dowhy.causal_model][INFO] - linear_regression
[2026-04-24 05:53:02,239][dowhy.causal_estimator][INFO] - INFO: Using Linear Regression Estimator
[2026-04-24 05:53:02,239][dowhy.causal_estimator][WARNING] - No directed path from ['X5'] to ['X2'].
[2026-04-24 05:53:02,241][dowhy.causal_model][INFO] - Model to find the causal effect of treatment ['X5'] on outcome ['X3']
[2026-04-24 05:53:02,241][dowhy.causal_identifier.auto_identifier][WARNING] - No directed path from treatment to outcome. Causal Effect is zero.
[2026-04-24 05:53:02,241][dowhy.causal_model][INFO] - linear_regression
[2026-04-24 05:53:02,241][dowhy.causal_estimator][INFO] - INFO: Using Linear Regression Estimator
[2026-04-24 05:53:02,241][dowhy.causal_estimator][WARNING] - No directed path from ['X5'] to ['X3'].
[2026-04-24 05:53:02,243][dowhy.causal_model][INFO] - Model to find the causal effect of treatment ['X5'] on outcome ['X4']
[2026-04-24 05:53:02,243][dowhy.causal_identifier.auto_identifier][WARNING] - No directed path from treatment to outcome. Causal Effect is zero.
[2026-04-24 05:53:02,243][dowhy.causal_model][INFO] - linear_regression
[2026-04-24 05:53:02,243][dowhy.causal_estimator][INFO] - INFO: Using Linear Regression Estimator
[2026-04-24 05:53:02,243][dowhy.causal_estimator][WARNING] - No directed path from ['X5'] to ['X4'].
[2026-04-24 05:53:02,245][dowhy.causal_model][INFO] - Model to find the causal effect of treatment ['X5'] on outcome ['X6']
[2026-04-24 05:53:02,246][dowhy.causal_identifier.auto_identifier][INFO] - Causal effect can be identified.
[2026-04-24 05:53:02,246][dowhy.causal_identifier.auto_identifier][INFO] - Instrumental variables for treatment and outcome:['X0']
[2026-04-24 05:53:02,247][dowhy.causal_identifier.auto_identifier][INFO] - Frontdoor variables for treatment and outcome:[]
[2026-04-24 05:53:02,247][dowhy.causal_model][INFO] - linear_regression
[2026-04-24 05:53:02,247][dowhy.causal_estimator][INFO] - INFO: Using Linear Regression Estimator
[2026-04-24 05:53:02,247][dowhy.causal_estimator][INFO] - b: X6~X5+X1
[2026-04-24 05:53:02,255][dowhy.causal_model][INFO] - Model to find the causal effect of treatment ['X5'] on outcome ['X7']
[2026-04-24 05:53:02,257][dowhy.causal_identifier.auto_identifier][INFO] - Causal effect can be identified.
[2026-04-24 05:53:02,257][dowhy.causal_identifier.auto_identifier][INFO] - Instrumental variables for treatment and outcome:['X0']
[2026-04-24 05:53:02,258][dowhy.causal_identifier.auto_identifier][INFO] - Frontdoor variables for treatment and outcome:[]
[2026-04-24 05:53:02,258][dowhy.causal_model][INFO] - linear_regression
[2026-04-24 05:53:02,258][dowhy.causal_estimator][INFO] - INFO: Using Linear Regression Estimator
[2026-04-24 05:53:02,259][dowhy.causal_estimator][INFO] - b: X7~X5+X1+X5*X2+X5*X3
[2026-04-24 05:53:02,268][dowhy.causal_model][INFO] - Model to find the causal effect of treatment ['X5'] on outcome ['X8']
[2026-04-24 05:53:02,269][dowhy.causal_identifier.auto_identifier][INFO] - Causal effect can be identified.
[2026-04-24 05:53:02,270][dowhy.causal_identifier.auto_identifier][INFO] - Instrumental variables for treatment and outcome:['X0']
[2026-04-24 05:53:02,272][dowhy.causal_identifier.auto_identifier][INFO] - Frontdoor variables for treatment and outcome:[]
[2026-04-24 05:53:02,273][dowhy.causal_model][INFO] - linear_regression
[2026-04-24 05:53:02,273][dowhy.causal_estimator][INFO] - INFO: Using Linear Regression Estimator
[2026-04-24 05:53:02,273][dowhy.causal_estimator][INFO] - b: X8~X5+X1+X5*X2+X5*X3
[2026-04-24 05:53:02,282][dowhy.causal_model][INFO] - Model to find the causal effect of treatment ['X5'] on outcome ['X9']
[2026-04-24 05:53:02,283][dowhy.causal_identifier.auto_identifier][INFO] - Causal effect can be identified.
[2026-04-24 05:53:02,283][dowhy.causal_identifier.auto_identifier][INFO] - Instrumental variables for treatment and outcome:['X1']
[2026-04-24 05:53:02,287][dowhy.causal_identifier.auto_identifier][INFO] - Frontdoor variables for treatment and outcome:[]
[2026-04-24 05:53:02,287][dowhy.causal_model][INFO] - linear_regression
[2026-04-24 05:53:02,287][dowhy.causal_estimator][INFO] - INFO: Using Linear Regression Estimator
[2026-04-24 05:53:02,287][dowhy.causal_estimator][INFO] - b: X9~X5+X0
[2026-04-24 05:53:02,294][dowhy.causal_model][INFO] - Model to find the causal effect of treatment ['X5'] on outcome ['X10']
[2026-04-24 05:53:02,296][dowhy.causal_identifier.auto_identifier][INFO] - Causal effect can be identified.
[2026-04-24 05:53:02,296][dowhy.causal_identifier.auto_identifier][INFO] - Instrumental variables for treatment and outcome:['X0']
[2026-04-24 05:53:02,302][dowhy.causal_identifier.auto_identifier][INFO] - Frontdoor variables for treatment and outcome:[]
[2026-04-24 05:53:02,302][dowhy.causal_model][INFO] - linear_regression
[2026-04-24 05:53:02,302][dowhy.causal_estimator][INFO] - INFO: Using Linear Regression Estimator
[2026-04-24 05:53:02,302][dowhy.causal_estimator][INFO] - b: X10~X5+X1+X5*X2+X5*X3
[2026-04-24 05:53:02,311][dowhy.causal_model][INFO] - Model to find the causal effect of treatment ['X5'] on outcome ['X11']
[2026-04-24 05:53:02,312][dowhy.causal_identifier.auto_identifier][INFO] - Causal effect can be identified.
[2026-04-24 05:53:02,313][dowhy.causal_identifier.auto_identifier][INFO] - Instrumental variables for treatment and outcome:['X0']
[2026-04-24 05:53:02,319][dowhy.causal_identifier.auto_identifier][INFO] - Frontdoor variables for treatment and outcome:[]
[2026-04-24 05:53:02,319][dowhy.causal_model][INFO] - linear_regression
[2026-04-24 05:53:02,319][dowhy.causal_estimator][INFO] - INFO: Using Linear Regression Estimator
[2026-04-24 05:53:02,319][dowhy.causal_estimator][INFO] - b: X11~X5+X1+X5*X2+X5*X3+X5*X4
[2026-04-24 05:53:02,381][dowhy.causal_model][INFO] - Model to find the causal effect of treatment ['X6'] on outcome ['X0']
[2026-04-24 05:53:02,381][dowhy.causal_identifier.auto_identifier][WARNING] - No directed path from treatment to outcome. Causal Effect is zero.
[2026-04-24 05:53:02,381][dowhy.causal_model][INFO] - linear_regression
[2026-04-24 05:53:02,381][dowhy.causal_estimator][INFO] - INFO: Using Linear Regression Estimator
[2026-04-24 05:53:02,381][dowhy.causal_estimator][WARNING] - No directed path from ['X6'] to ['X0'].
[2026-04-24 05:53:02,383][dowhy.causal_model][INFO] - Model to find the causal effect of treatment ['X6'] on outcome ['X1']
[2026-04-24 05:53:02,383][dowhy.causal_identifier.auto_identifier][WARNING] - No directed path from treatment to outcome. Causal Effect is zero.
[2026-04-24 05:53:02,383][dowhy.causal_model][INFO] - linear_regression
[2026-04-24 05:53:02,383][dowhy.causal_estimator][INFO] - INFO: Using Linear Regression Estimator
[2026-04-24 05:53:02,384][dowhy.causal_estimator][WARNING] - No directed path from ['X6'] to ['X1'].
[2026-04-24 05:53:02,385][dowhy.causal_model][INFO] - Model to find the causal effect of treatment ['X6'] on outcome ['X2']
[2026-04-24 05:53:02,385][dowhy.causal_identifier.auto_identifier][WARNING] - No directed path from treatment to outcome. Causal Effect is zero.
[2026-04-24 05:53:02,385][dowhy.causal_model][INFO] - linear_regression
[2026-04-24 05:53:02,386][dowhy.causal_estimator][INFO] - INFO: Using Linear Regression Estimator
[2026-04-24 05:53:02,386][dowhy.causal_estimator][WARNING] - No directed path from ['X6'] to ['X2'].
[2026-04-24 05:53:02,387][dowhy.causal_model][INFO] - Model to find the causal effect of treatment ['X6'] on outcome ['X3']
[2026-04-24 05:53:02,387][dowhy.causal_identifier.auto_identifier][WARNING] - No directed path from treatment to outcome. Causal Effect is zero.
[2026-04-24 05:53:02,387][dowhy.causal_model][INFO] - linear_regression
[2026-04-24 05:53:02,388][dowhy.causal_estimator][INFO] - INFO: Using Linear Regression Estimator
[2026-04-24 05:53:02,388][dowhy.causal_estimator][WARNING] - No directed path from ['X6'] to ['X3'].
[2026-04-24 05:53:02,389][dowhy.causal_model][INFO] - Model to find the causal effect of treatment ['X6'] on outcome ['X4']
[2026-04-24 05:53:02,389][dowhy.causal_identifier.auto_identifier][WARNING] - No directed path from treatment to outcome. Causal Effect is zero.
[2026-04-24 05:53:02,390][dowhy.causal_model][INFO] - linear_regression
[2026-04-24 05:53:02,390][dowhy.causal_estimator][INFO] - INFO: Using Linear Regression Estimator
[2026-04-24 05:53:02,390][dowhy.causal_estimator][WARNING] - No directed path from ['X6'] to ['X4'].
[2026-04-24 05:53:02,391][dowhy.causal_model][INFO] - Model to find the causal effect of treatment ['X6'] on outcome ['X5']
[2026-04-24 05:53:02,391][dowhy.causal_identifier.auto_identifier][WARNING] - No directed path from treatment to outcome. Causal Effect is zero.
[2026-04-24 05:53:02,391][dowhy.causal_model][INFO] - linear_regression
[2026-04-24 05:53:02,392][dowhy.causal_estimator][INFO] - INFO: Using Linear Regression Estimator
[2026-04-24 05:53:02,392][dowhy.causal_estimator][WARNING] - No directed path from ['X6'] to ['X5'].
[2026-04-24 05:53:02,393][dowhy.causal_model][INFO] - Model to find the causal effect of treatment ['X6'] on outcome ['X7']
[2026-04-24 05:53:02,396][dowhy.causal_identifier.auto_identifier][INFO] - Causal effect can be identified.
[2026-04-24 05:53:02,397][dowhy.causal_identifier.auto_identifier][INFO] - Instrumental variables for treatment and outcome:['X1', 'X5']
[2026-04-24 05:53:02,397][dowhy.causal_identifier.auto_identifier][INFO] - Frontdoor variables for treatment and outcome:[]
[2026-04-24 05:53:02,397][dowhy.causal_model][INFO] - linear_regression
[2026-04-24 05:53:02,397][dowhy.causal_estimator][INFO] - INFO: Using Linear Regression Estimator
[2026-04-24 05:53:02,398][dowhy.causal_estimator][INFO] - b: X7~X6+X6*X2+X6*X3
[2026-04-24 05:53:02,406][dowhy.causal_model][INFO] - Model to find the causal effect of treatment ['X6'] on outcome ['X8']
[2026-04-24 05:53:02,408][dowhy.causal_identifier.auto_identifier][INFO] - Causal effect can be identified.
[2026-04-24 05:53:02,409][dowhy.causal_identifier.auto_identifier][INFO] - Instrumental variables for treatment and outcome:['X1', 'X5']
[2026-04-24 05:53:02,410][dowhy.causal_identifier.auto_identifier][INFO] - Frontdoor variables for treatment and outcome:[]
[2026-04-24 05:53:02,410][dowhy.causal_model][INFO] - linear_regression
[2026-04-24 05:53:02,410][dowhy.causal_estimator][INFO] - INFO: Using Linear Regression Estimator
[2026-04-24 05:53:02,410][dowhy.causal_estimator][INFO] - b: X8~X6+X6*X2+X6*X3
[2026-04-24 05:53:02,419][dowhy.causal_model][INFO] - Model to find the causal effect of treatment ['X6'] on outcome ['X9']
[2026-04-24 05:53:02,419][dowhy.causal_identifier.auto_identifier][WARNING] - No directed path from treatment to outcome. Causal Effect is zero.
[2026-04-24 05:53:02,419][dowhy.causal_model][INFO] - linear_regression
[2026-04-24 05:53:02,419][dowhy.causal_estimator][INFO] - INFO: Using Linear Regression Estimator
[2026-04-24 05:53:02,419][dowhy.causal_estimator][WARNING] - No directed path from ['X6'] to ['X9'].
[2026-04-24 05:53:02,421][dowhy.causal_model][INFO] - Model to find the causal effect of treatment ['X6'] on outcome ['X10']
[2026-04-24 05:53:02,423][dowhy.causal_identifier.auto_identifier][INFO] - Causal effect can be identified.
[2026-04-24 05:53:02,424][dowhy.causal_identifier.auto_identifier][INFO] - Instrumental variables for treatment and outcome:['X1', 'X5']
[2026-04-24 05:53:02,425][dowhy.causal_identifier.auto_identifier][INFO] - Frontdoor variables for treatment and outcome:[]
[2026-04-24 05:53:02,425][dowhy.causal_model][INFO] - linear_regression
[2026-04-24 05:53:02,425][dowhy.causal_estimator][INFO] - INFO: Using Linear Regression Estimator
[2026-04-24 05:53:02,425][dowhy.causal_estimator][INFO] - b: X10~X6+X6*X2+X6*X3
[2026-04-24 05:53:02,433][dowhy.causal_model][INFO] - Model to find the causal effect of treatment ['X6'] on outcome ['X11']
[2026-04-24 05:53:02,436][dowhy.causal_identifier.auto_identifier][INFO] - Causal effect can be identified.
[2026-04-24 05:53:02,437][dowhy.causal_identifier.auto_identifier][INFO] - Instrumental variables for treatment and outcome:['X1', 'X5']
[2026-04-24 05:53:02,438][dowhy.causal_identifier.auto_identifier][INFO] - Frontdoor variables for treatment and outcome:['X8', 'X7', 'X10']
[2026-04-24 05:53:02,441][dowhy.causal_identifier.auto_identifier][INFO] - Causal effect can be identified.
[2026-04-24 05:53:02,444][dowhy.causal_identifier.auto_identifier][INFO] - Causal effect can be identified.
[2026-04-24 05:53:02,445][dowhy.causal_model][INFO] - linear_regression
[2026-04-24 05:53:02,446][dowhy.causal_estimator][INFO] - INFO: Using Linear Regression Estimator
[2026-04-24 05:53:02,446][dowhy.causal_estimator][INFO] - b: X11~X6+X6*X2+X6*X3+X6*X4
[2026-04-24 05:53:02,508][dowhy.causal_model][INFO] - Model to find the causal effect of treatment ['X7'] on outcome ['X0']
[2026-04-24 05:53:02,508][dowhy.causal_identifier.auto_identifier][WARNING] - No directed path from treatment to outcome. Causal Effect is zero.
[2026-04-24 05:53:02,508][dowhy.causal_model][INFO] - linear_regression
[2026-04-24 05:53:02,508][dowhy.causal_estimator][INFO] - INFO: Using Linear Regression Estimator
[2026-04-24 05:53:02,508][dowhy.causal_estimator][WARNING] - No directed path from ['X7'] to ['X0'].
[2026-04-24 05:53:02,510][dowhy.causal_model][INFO] - Model to find the causal effect of treatment ['X7'] on outcome ['X1']
[2026-04-24 05:53:02,510][dowhy.causal_identifier.auto_identifier][WARNING] - No directed path from treatment to outcome. Causal Effect is zero.
[2026-04-24 05:53:02,510][dowhy.causal_model][INFO] - linear_regression
[2026-04-24 05:53:02,510][dowhy.causal_estimator][INFO] - INFO: Using Linear Regression Estimator
[2026-04-24 05:53:02,510][dowhy.causal_estimator][WARNING] - No directed path from ['X7'] to ['X1'].
[2026-04-24 05:53:02,512][dowhy.causal_model][INFO] - Model to find the causal effect of treatment ['X7'] on outcome ['X2']
[2026-04-24 05:53:02,512][dowhy.causal_identifier.auto_identifier][WARNING] - No directed path from treatment to outcome. Causal Effect is zero.
[2026-04-24 05:53:02,512][dowhy.causal_model][INFO] - linear_regression
[2026-04-24 05:53:02,512][dowhy.causal_estimator][INFO] - INFO: Using Linear Regression Estimator
[2026-04-24 05:53:02,512][dowhy.causal_estimator][WARNING] - No directed path from ['X7'] to ['X2'].
[2026-04-24 05:53:02,513][dowhy.causal_model][INFO] - Model to find the causal effect of treatment ['X7'] on outcome ['X3']
[2026-04-24 05:53:02,514][dowhy.causal_identifier.auto_identifier][WARNING] - No directed path from treatment to outcome. Causal Effect is zero.
[2026-04-24 05:53:02,514][dowhy.causal_model][INFO] - linear_regression
[2026-04-24 05:53:02,514][dowhy.causal_estimator][INFO] - INFO: Using Linear Regression Estimator
[2026-04-24 05:53:02,514][dowhy.causal_estimator][WARNING] - No directed path from ['X7'] to ['X3'].
[2026-04-24 05:53:02,515][dowhy.causal_model][INFO] - Model to find the causal effect of treatment ['X7'] on outcome ['X4']
[2026-04-24 05:53:02,515][dowhy.causal_identifier.auto_identifier][WARNING] - No directed path from treatment to outcome. Causal Effect is zero.
[2026-04-24 05:53:02,515][dowhy.causal_model][INFO] - linear_regression
[2026-04-24 05:53:02,515][dowhy.causal_estimator][INFO] - INFO: Using Linear Regression Estimator
[2026-04-24 05:53:02,515][dowhy.causal_estimator][WARNING] - No directed path from ['X7'] to ['X4'].
[2026-04-24 05:53:02,517][dowhy.causal_model][INFO] - Model to find the causal effect of treatment ['X7'] on outcome ['X5']
[2026-04-24 05:53:02,517][dowhy.causal_identifier.auto_identifier][WARNING] - No directed path from treatment to outcome. Causal Effect is zero.
[2026-04-24 05:53:02,517][dowhy.causal_model][INFO] - linear_regression
[2026-04-24 05:53:02,517][dowhy.causal_estimator][INFO] - INFO: Using Linear Regression Estimator
[2026-04-24 05:53:02,517][dowhy.causal_estimator][WARNING] - No directed path from ['X7'] to ['X5'].
[2026-04-24 05:53:02,519][dowhy.causal_model][INFO] - Model to find the causal effect of treatment ['X7'] on outcome ['X6']
[2026-04-24 05:53:02,519][dowhy.causal_identifier.auto_identifier][WARNING] - No directed path from treatment to outcome. Causal Effect is zero.
[2026-04-24 05:53:02,519][dowhy.causal_model][INFO] - linear_regression
[2026-04-24 05:53:02,519][dowhy.causal_estimator][INFO] - INFO: Using Linear Regression Estimator
[2026-04-24 05:53:02,519][dowhy.causal_estimator][WARNING] - No directed path from ['X7'] to ['X6'].
[2026-04-24 05:53:02,521][dowhy.causal_model][INFO] - Model to find the causal effect of treatment ['X7'] on outcome ['X8']
[2026-04-24 05:53:02,523][dowhy.causal_identifier.auto_identifier][INFO] - Causal effect can be identified.
[2026-04-24 05:53:02,524][dowhy.causal_identifier.auto_identifier][INFO] - Instrumental variables for treatment and outcome:['X2', 'X6']
[2026-04-24 05:53:02,524][dowhy.causal_identifier.auto_identifier][INFO] - Frontdoor variables for treatment and outcome:[]
[2026-04-24 05:53:02,524][dowhy.causal_model][INFO] - linear_regression
[2026-04-24 05:53:02,524][dowhy.causal_estimator][INFO] - INFO: Using Linear Regression Estimator
[2026-04-24 05:53:02,525][dowhy.causal_estimator][INFO] - b: X8~X7+X3
[2026-04-24 05:53:02,532][dowhy.causal_model][INFO] - Model to find the causal effect of treatment ['X7'] on outcome ['X9']
[2026-04-24 05:53:02,533][dowhy.causal_identifier.auto_identifier][WARNING] - No directed path from treatment to outcome. Causal Effect is zero.
[2026-04-24 05:53:02,533][dowhy.causal_model][INFO] - linear_regression
[2026-04-24 05:53:02,533][dowhy.causal_estimator][INFO] - INFO: Using Linear Regression Estimator
[2026-04-24 05:53:02,533][dowhy.causal_estimator][WARNING] - No directed path from ['X7'] to ['X9'].
[2026-04-24 05:53:02,534][dowhy.causal_model][INFO] - Model to find the causal effect of treatment ['X7'] on outcome ['X10']
[2026-04-24 05:53:02,537][dowhy.causal_identifier.auto_identifier][INFO] - Causal effect can be identified.
[2026-04-24 05:53:02,537][dowhy.causal_identifier.auto_identifier][INFO] - Instrumental variables for treatment and outcome:['X3', 'X6']
[2026-04-24 05:53:02,538][dowhy.causal_identifier.auto_identifier][INFO] - Frontdoor variables for treatment and outcome:[]
[2026-04-24 05:53:02,538][dowhy.causal_model][INFO] - linear_regression
[2026-04-24 05:53:02,538][dowhy.causal_estimator][INFO] - INFO: Using Linear Regression Estimator
[2026-04-24 05:53:02,538][dowhy.causal_estimator][INFO] - b: X10~X7+X2
[2026-04-24 05:53:02,546][dowhy.causal_model][INFO] - Model to find the causal effect of treatment ['X7'] on outcome ['X11']
[2026-04-24 05:53:02,548][dowhy.causal_identifier.auto_identifier][INFO] - Causal effect can be identified.
[2026-04-24 05:53:02,549][dowhy.causal_identifier.auto_identifier][INFO] - Instrumental variables for treatment and outcome:['X2', 'X6']
[2026-04-24 05:53:02,550][dowhy.causal_identifier.auto_identifier][INFO] - Frontdoor variables for treatment and outcome:[]
[2026-04-24 05:53:02,550][dowhy.causal_model][INFO] - linear_regression
[2026-04-24 05:53:02,550][dowhy.causal_estimator][INFO] - INFO: Using Linear Regression Estimator
[2026-04-24 05:53:02,550][dowhy.causal_estimator][INFO] - b: X11~X7+X3+X7*X4
[2026-04-24 05:53:02,609][dowhy.causal_model][INFO] - Model to find the causal effect of treatment ['X8'] on outcome ['X0']
[2026-04-24 05:53:02,609][dowhy.causal_identifier.auto_identifier][WARNING] - No directed path from treatment to outcome. Causal Effect is zero.
[2026-04-24 05:53:02,609][dowhy.causal_model][INFO] - linear_regression
[2026-04-24 05:53:02,609][dowhy.causal_estimator][INFO] - INFO: Using Linear Regression Estimator
[2026-04-24 05:53:02,609][dowhy.causal_estimator][WARNING] - No directed path from ['X8'] to ['X0'].
[2026-04-24 05:53:02,611][dowhy.causal_model][INFO] - Model to find the causal effect of treatment ['X8'] on outcome ['X1']
[2026-04-24 05:53:02,611][dowhy.causal_identifier.auto_identifier][WARNING] - No directed path from treatment to outcome. Causal Effect is zero.
[2026-04-24 05:53:02,611][dowhy.causal_model][INFO] - linear_regression
[2026-04-24 05:53:02,611][dowhy.causal_estimator][INFO] - INFO: Using Linear Regression Estimator
[2026-04-24 05:53:02,611][dowhy.causal_estimator][WARNING] - No directed path from ['X8'] to ['X1'].
[2026-04-24 05:53:02,613][dowhy.causal_model][INFO] - Model to find the causal effect of treatment ['X8'] on outcome ['X2']
[2026-04-24 05:53:02,613][dowhy.causal_identifier.auto_identifier][WARNING] - No directed path from treatment to outcome. Causal Effect is zero.
[2026-04-24 05:53:02,613][dowhy.causal_model][INFO] - linear_regression
[2026-04-24 05:53:02,613][dowhy.causal_estimator][INFO] - INFO: Using Linear Regression Estimator
[2026-04-24 05:53:02,613][dowhy.causal_estimator][WARNING] - No directed path from ['X8'] to ['X2'].
[2026-04-24 05:53:02,615][dowhy.causal_model][INFO] - Model to find the causal effect of treatment ['X8'] on outcome ['X3']
[2026-04-24 05:53:02,615][dowhy.causal_identifier.auto_identifier][WARNING] - No directed path from treatment to outcome. Causal Effect is zero.
[2026-04-24 05:53:02,615][dowhy.causal_model][INFO] - linear_regression
[2026-04-24 05:53:02,615][dowhy.causal_estimator][INFO] - INFO: Using Linear Regression Estimator
[2026-04-24 05:53:02,615][dowhy.causal_estimator][WARNING] - No directed path from ['X8'] to ['X3'].
[2026-04-24 05:53:02,617][dowhy.causal_model][INFO] - Model to find the causal effect of treatment ['X8'] on outcome ['X4']
[2026-04-24 05:53:02,617][dowhy.causal_identifier.auto_identifier][WARNING] - No directed path from treatment to outcome. Causal Effect is zero.
[2026-04-24 05:53:02,617][dowhy.causal_model][INFO] - linear_regression
[2026-04-24 05:53:02,617][dowhy.causal_estimator][INFO] - INFO: Using Linear Regression Estimator
[2026-04-24 05:53:02,617][dowhy.causal_estimator][WARNING] - No directed path from ['X8'] to ['X4'].
[2026-04-24 05:53:02,619][dowhy.causal_model][INFO] - Model to find the causal effect of treatment ['X8'] on outcome ['X5']
[2026-04-24 05:53:02,619][dowhy.causal_identifier.auto_identifier][WARNING] - No directed path from treatment to outcome. Causal Effect is zero.
[2026-04-24 05:53:02,619][dowhy.causal_model][INFO] - linear_regression
[2026-04-24 05:53:02,619][dowhy.causal_estimator][INFO] - INFO: Using Linear Regression Estimator
[2026-04-24 05:53:02,619][dowhy.causal_estimator][WARNING] - No directed path from ['X8'] to ['X5'].
[2026-04-24 05:53:02,621][dowhy.causal_model][INFO] - Model to find the causal effect of treatment ['X8'] on outcome ['X6']
[2026-04-24 05:53:02,621][dowhy.causal_identifier.auto_identifier][WARNING] - No directed path from treatment to outcome. Causal Effect is zero.
[2026-04-24 05:53:02,621][dowhy.causal_model][INFO] - linear_regression
[2026-04-24 05:53:02,621][dowhy.causal_estimator][INFO] - INFO: Using Linear Regression Estimator
[2026-04-24 05:53:02,621][dowhy.causal_estimator][WARNING] - No directed path from ['X8'] to ['X6'].
[2026-04-24 05:53:02,623][dowhy.causal_model][INFO] - Model to find the causal effect of treatment ['X8'] on outcome ['X7']
[2026-04-24 05:53:02,623][dowhy.causal_identifier.auto_identifier][WARNING] - No directed path from treatment to outcome. Causal Effect is zero.
[2026-04-24 05:53:02,623][dowhy.causal_model][INFO] - linear_regression
[2026-04-24 05:53:02,623][dowhy.causal_estimator][INFO] - INFO: Using Linear Regression Estimator
[2026-04-24 05:53:02,623][dowhy.causal_estimator][WARNING] - No directed path from ['X8'] to ['X7'].
[2026-04-24 05:53:02,625][dowhy.causal_model][INFO] - Model to find the causal effect of treatment ['X8'] on outcome ['X9']
[2026-04-24 05:53:02,625][dowhy.causal_identifier.auto_identifier][WARNING] - No directed path from treatment to outcome. Causal Effect is zero.
[2026-04-24 05:53:02,625][dowhy.causal_model][INFO] - linear_regression
[2026-04-24 05:53:02,625][dowhy.causal_estimator][INFO] - INFO: Using Linear Regression Estimator
[2026-04-24 05:53:02,625][dowhy.causal_estimator][WARNING] - No directed path from ['X8'] to ['X9'].
[2026-04-24 05:53:02,627][dowhy.causal_model][INFO] - Model to find the causal effect of treatment ['X8'] on outcome ['X10']
[2026-04-24 05:53:02,627][dowhy.causal_identifier.auto_identifier][WARNING] - No directed path from treatment to outcome. Causal Effect is zero.
[2026-04-24 05:53:02,627][dowhy.causal_model][INFO] - linear_regression
[2026-04-24 05:53:02,627][dowhy.causal_estimator][INFO] - INFO: Using Linear Regression Estimator
[2026-04-24 05:53:02,627][dowhy.causal_estimator][WARNING] - No directed path from ['X8'] to ['X10'].
[2026-04-24 05:53:02,629][dowhy.causal_model][INFO] - Model to find the causal effect of treatment ['X8'] on outcome ['X11']
[2026-04-24 05:53:02,632][dowhy.causal_identifier.auto_identifier][INFO] - Causal effect can be identified.
[2026-04-24 05:53:02,633][dowhy.causal_identifier.auto_identifier][INFO] - Instrumental variables for treatment and outcome:['X7', 'X3']
[2026-04-24 05:53:02,634][dowhy.causal_identifier.auto_identifier][INFO] - Frontdoor variables for treatment and outcome:[]
[2026-04-24 05:53:02,634][dowhy.causal_model][INFO] - linear_regression
[2026-04-24 05:53:02,634][dowhy.causal_estimator][INFO] - INFO: Using Linear Regression Estimator
[2026-04-24 05:53:02,634][dowhy.causal_estimator][INFO] - b: X11~X8+X8*X4
[2026-04-24 05:53:02,696][dowhy.causal_model][INFO] - Model to find the causal effect of treatment ['X9'] on outcome ['X0']
[2026-04-24 05:53:02,696][dowhy.causal_identifier.auto_identifier][WARNING] - No directed path from treatment to outcome. Causal Effect is zero.
[2026-04-24 05:53:02,696][dowhy.causal_model][INFO] - linear_regression
[2026-04-24 05:53:02,696][dowhy.causal_estimator][INFO] - INFO: Using Linear Regression Estimator
[2026-04-24 05:53:02,696][dowhy.causal_estimator][WARNING] - No directed path from ['X9'] to ['X0'].
[2026-04-24 05:53:02,698][dowhy.causal_model][INFO] - Model to find the causal effect of treatment ['X9'] on outcome ['X1']
[2026-04-24 05:53:02,698][dowhy.causal_identifier.auto_identifier][WARNING] - No directed path from treatment to outcome. Causal Effect is zero.
[2026-04-24 05:53:02,698][dowhy.causal_model][INFO] - linear_regression
[2026-04-24 05:53:02,698][dowhy.causal_estimator][INFO] - INFO: Using Linear Regression Estimator
[2026-04-24 05:53:02,698][dowhy.causal_estimator][WARNING] - No directed path from ['X9'] to ['X1'].
[2026-04-24 05:53:02,700][dowhy.causal_model][INFO] - Model to find the causal effect of treatment ['X9'] on outcome ['X2']
[2026-04-24 05:53:02,700][dowhy.causal_identifier.auto_identifier][WARNING] - No directed path from treatment to outcome. Causal Effect is zero.
[2026-04-24 05:53:02,700][dowhy.causal_model][INFO] - linear_regression
[2026-04-24 05:53:02,700][dowhy.causal_estimator][INFO] - INFO: Using Linear Regression Estimator
[2026-04-24 05:53:02,700][dowhy.causal_estimator][WARNING] - No directed path from ['X9'] to ['X2'].
[2026-04-24 05:53:02,702][dowhy.causal_model][INFO] - Model to find the causal effect of treatment ['X9'] on outcome ['X3']
[2026-04-24 05:53:02,702][dowhy.causal_identifier.auto_identifier][WARNING] - No directed path from treatment to outcome. Causal Effect is zero.
[2026-04-24 05:53:02,702][dowhy.causal_model][INFO] - linear_regression
[2026-04-24 05:53:02,702][dowhy.causal_estimator][INFO] - INFO: Using Linear Regression Estimator
[2026-04-24 05:53:02,702][dowhy.causal_estimator][WARNING] - No directed path from ['X9'] to ['X3'].
[2026-04-24 05:53:02,704][dowhy.causal_model][INFO] - Model to find the causal effect of treatment ['X9'] on outcome ['X4']
[2026-04-24 05:53:02,704][dowhy.causal_identifier.auto_identifier][WARNING] - No directed path from treatment to outcome. Causal Effect is zero.
[2026-04-24 05:53:02,704][dowhy.causal_model][INFO] - linear_regression
[2026-04-24 05:53:02,704][dowhy.causal_estimator][INFO] - INFO: Using Linear Regression Estimator
[2026-04-24 05:53:02,704][dowhy.causal_estimator][WARNING] - No directed path from ['X9'] to ['X4'].
[2026-04-24 05:53:02,705][dowhy.causal_model][INFO] - Model to find the causal effect of treatment ['X9'] on outcome ['X5']
[2026-04-24 05:53:02,705][dowhy.causal_identifier.auto_identifier][WARNING] - No directed path from treatment to outcome. Causal Effect is zero.
[2026-04-24 05:53:02,705][dowhy.causal_model][INFO] - linear_regression
[2026-04-24 05:53:02,705][dowhy.causal_estimator][INFO] - INFO: Using Linear Regression Estimator
[2026-04-24 05:53:02,706][dowhy.causal_estimator][WARNING] - No directed path from ['X9'] to ['X5'].
[2026-04-24 05:53:02,707][dowhy.causal_model][INFO] - Model to find the causal effect of treatment ['X9'] on outcome ['X6']
[2026-04-24 05:53:02,707][dowhy.causal_identifier.auto_identifier][WARNING] - No directed path from treatment to outcome. Causal Effect is zero.
[2026-04-24 05:53:02,707][dowhy.causal_model][INFO] - linear_regression
[2026-04-24 05:53:02,707][dowhy.causal_estimator][INFO] - INFO: Using Linear Regression Estimator
[2026-04-24 05:53:02,707][dowhy.causal_estimator][WARNING] - No directed path from ['X9'] to ['X6'].
[2026-04-24 05:53:02,709][dowhy.causal_model][INFO] - Model to find the causal effect of treatment ['X9'] on outcome ['X7']
[2026-04-24 05:53:02,709][dowhy.causal_identifier.auto_identifier][WARNING] - No directed path from treatment to outcome. Causal Effect is zero.
[2026-04-24 05:53:02,709][dowhy.causal_model][INFO] - linear_regression
[2026-04-24 05:53:02,709][dowhy.causal_estimator][INFO] - INFO: Using Linear Regression Estimator
[2026-04-24 05:53:02,709][dowhy.causal_estimator][WARNING] - No directed path from ['X9'] to ['X7'].
[2026-04-24 05:53:02,711][dowhy.causal_model][INFO] - Model to find the causal effect of treatment ['X9'] on outcome ['X8']
[2026-04-24 05:53:02,711][dowhy.causal_identifier.auto_identifier][WARNING] - No directed path from treatment to outcome. Causal Effect is zero.
[2026-04-24 05:53:02,711][dowhy.causal_model][INFO] - linear_regression
[2026-04-24 05:53:02,711][dowhy.causal_estimator][INFO] - INFO: Using Linear Regression Estimator
[2026-04-24 05:53:02,711][dowhy.causal_estimator][WARNING] - No directed path from ['X9'] to ['X8'].
[2026-04-24 05:53:02,712][dowhy.causal_model][INFO] - Model to find the causal effect of treatment ['X9'] on outcome ['X10']
[2026-04-24 05:53:02,712][dowhy.causal_identifier.auto_identifier][WARNING] - No directed path from treatment to outcome. Causal Effect is zero.
[2026-04-24 05:53:02,713][dowhy.causal_model][INFO] - linear_regression
[2026-04-24 05:53:02,713][dowhy.causal_estimator][INFO] - INFO: Using Linear Regression Estimator
[2026-04-24 05:53:02,713][dowhy.causal_estimator][WARNING] - No directed path from ['X9'] to ['X10'].
[2026-04-24 05:53:02,714][dowhy.causal_model][INFO] - Model to find the causal effect of treatment ['X9'] on outcome ['X11']
[2026-04-24 05:53:02,714][dowhy.causal_identifier.auto_identifier][WARNING] - No directed path from treatment to outcome. Causal Effect is zero.
[2026-04-24 05:53:02,714][dowhy.causal_model][INFO] - linear_regression
[2026-04-24 05:53:02,714][dowhy.causal_estimator][INFO] - INFO: Using Linear Regression Estimator
[2026-04-24 05:53:02,714][dowhy.causal_estimator][WARNING] - No directed path from ['X9'] to ['X11'].
[2026-04-24 05:53:02,761][dowhy.causal_model][INFO] - Model to find the causal effect of treatment ['X10'] on outcome ['X0']
[2026-04-24 05:53:02,761][dowhy.causal_identifier.auto_identifier][WARNING] - No directed path from treatment to outcome. Causal Effect is zero.
[2026-04-24 05:53:02,761][dowhy.causal_model][INFO] - linear_regression
[2026-04-24 05:53:02,761][dowhy.causal_estimator][INFO] - INFO: Using Linear Regression Estimator
[2026-04-24 05:53:02,761][dowhy.causal_estimator][WARNING] - No directed path from ['X10'] to ['X0'].
[2026-04-24 05:53:02,763][dowhy.causal_model][INFO] - Model to find the causal effect of treatment ['X10'] on outcome ['X1']
[2026-04-24 05:53:02,763][dowhy.causal_identifier.auto_identifier][WARNING] - No directed path from treatment to outcome. Causal Effect is zero.
[2026-04-24 05:53:02,763][dowhy.causal_model][INFO] - linear_regression
[2026-04-24 05:53:02,763][dowhy.causal_estimator][INFO] - INFO: Using Linear Regression Estimator
[2026-04-24 05:53:02,763][dowhy.causal_estimator][WARNING] - No directed path from ['X10'] to ['X1'].
[2026-04-24 05:53:02,765][dowhy.causal_model][INFO] - Model to find the causal effect of treatment ['X10'] on outcome ['X2']
[2026-04-24 05:53:02,765][dowhy.causal_identifier.auto_identifier][WARNING] - No directed path from treatment to outcome. Causal Effect is zero.
[2026-04-24 05:53:02,765][dowhy.causal_model][INFO] - linear_regression
[2026-04-24 05:53:02,765][dowhy.causal_estimator][INFO] - INFO: Using Linear Regression Estimator
[2026-04-24 05:53:02,765][dowhy.causal_estimator][WARNING] - No directed path from ['X10'] to ['X2'].
[2026-04-24 05:53:02,767][dowhy.causal_model][INFO] - Model to find the causal effect of treatment ['X10'] on outcome ['X3']
[2026-04-24 05:53:02,767][dowhy.causal_identifier.auto_identifier][WARNING] - No directed path from treatment to outcome. Causal Effect is zero.
[2026-04-24 05:53:02,767][dowhy.causal_model][INFO] - linear_regression
[2026-04-24 05:53:02,767][dowhy.causal_estimator][INFO] - INFO: Using Linear Regression Estimator
[2026-04-24 05:53:02,767][dowhy.causal_estimator][WARNING] - No directed path from ['X10'] to ['X3'].
[2026-04-24 05:53:02,769][dowhy.causal_model][INFO] - Model to find the causal effect of treatment ['X10'] on outcome ['X4']
[2026-04-24 05:53:02,769][dowhy.causal_identifier.auto_identifier][WARNING] - No directed path from treatment to outcome. Causal Effect is zero.
[2026-04-24 05:53:02,769][dowhy.causal_model][INFO] - linear_regression
[2026-04-24 05:53:02,769][dowhy.causal_estimator][INFO] - INFO: Using Linear Regression Estimator
[2026-04-24 05:53:02,769][dowhy.causal_estimator][WARNING] - No directed path from ['X10'] to ['X4'].
[2026-04-24 05:53:02,770][dowhy.causal_model][INFO] - Model to find the causal effect of treatment ['X10'] on outcome ['X5']
[2026-04-24 05:53:02,770][dowhy.causal_identifier.auto_identifier][WARNING] - No directed path from treatment to outcome. Causal Effect is zero.
[2026-04-24 05:53:02,770][dowhy.causal_model][INFO] - linear_regression
[2026-04-24 05:53:02,770][dowhy.causal_estimator][INFO] - INFO: Using Linear Regression Estimator
[2026-04-24 05:53:02,770][dowhy.causal_estimator][WARNING] - No directed path from ['X10'] to ['X5'].
[2026-04-24 05:53:02,772][dowhy.causal_model][INFO] - Model to find the causal effect of treatment ['X10'] on outcome ['X6']
[2026-04-24 05:53:02,772][dowhy.causal_identifier.auto_identifier][WARNING] - No directed path from treatment to outcome. Causal Effect is zero.
[2026-04-24 05:53:02,772][dowhy.causal_model][INFO] - linear_regression
[2026-04-24 05:53:02,772][dowhy.causal_estimator][INFO] - INFO: Using Linear Regression Estimator
[2026-04-24 05:53:02,772][dowhy.causal_estimator][WARNING] - No directed path from ['X10'] to ['X6'].
[2026-04-24 05:53:02,774][dowhy.causal_model][INFO] - Model to find the causal effect of treatment ['X10'] on outcome ['X7']
[2026-04-24 05:53:02,774][dowhy.causal_identifier.auto_identifier][WARNING] - No directed path from treatment to outcome. Causal Effect is zero.
[2026-04-24 05:53:02,774][dowhy.causal_model][INFO] - linear_regression
[2026-04-24 05:53:02,774][dowhy.causal_estimator][INFO] - INFO: Using Linear Regression Estimator
[2026-04-24 05:53:02,774][dowhy.causal_estimator][WARNING] - No directed path from ['X10'] to ['X7'].
[2026-04-24 05:53:02,776][dowhy.causal_model][INFO] - Model to find the causal effect of treatment ['X10'] on outcome ['X8']
[2026-04-24 05:53:02,776][dowhy.causal_identifier.auto_identifier][WARNING] - No directed path from treatment to outcome. Causal Effect is zero.
[2026-04-24 05:53:02,776][dowhy.causal_model][INFO] - linear_regression
[2026-04-24 05:53:02,776][dowhy.causal_estimator][INFO] - INFO: Using Linear Regression Estimator
[2026-04-24 05:53:02,776][dowhy.causal_estimator][WARNING] - No directed path from ['X10'] to ['X8'].
[2026-04-24 05:53:02,777][dowhy.causal_model][INFO] - Model to find the causal effect of treatment ['X10'] on outcome ['X9']
[2026-04-24 05:53:02,777][dowhy.causal_identifier.auto_identifier][WARNING] - No directed path from treatment to outcome. Causal Effect is zero.
[2026-04-24 05:53:02,778][dowhy.causal_model][INFO] - linear_regression
[2026-04-24 05:53:02,778][dowhy.causal_estimator][INFO] - INFO: Using Linear Regression Estimator
[2026-04-24 05:53:02,778][dowhy.causal_estimator][WARNING] - No directed path from ['X10'] to ['X9'].
[2026-04-24 05:53:02,779][dowhy.causal_model][INFO] - Model to find the causal effect of treatment ['X10'] on outcome ['X11']
[2026-04-24 05:53:02,779][dowhy.causal_identifier.auto_identifier][WARNING] - No directed path from treatment to outcome. Causal Effect is zero.
[2026-04-24 05:53:02,779][dowhy.causal_model][INFO] - linear_regression
[2026-04-24 05:53:02,779][dowhy.causal_estimator][INFO] - INFO: Using Linear Regression Estimator
[2026-04-24 05:53:02,779][dowhy.causal_estimator][WARNING] - No directed path from ['X10'] to ['X11'].
[2026-04-24 05:53:02,828][dowhy.causal_model][INFO] - Model to find the causal effect of treatment ['X11'] on outcome ['X0']
[2026-04-24 05:53:02,829][dowhy.causal_identifier.auto_identifier][WARNING] - No directed path from treatment to outcome. Causal Effect is zero.
[2026-04-24 05:53:02,829][dowhy.causal_model][INFO] - linear_regression
[2026-04-24 05:53:02,829][dowhy.causal_estimator][INFO] - INFO: Using Linear Regression Estimator
[2026-04-24 05:53:02,829][dowhy.causal_estimator][WARNING] - No directed path from ['X11'] to ['X0'].
[2026-04-24 05:53:02,831][dowhy.causal_model][INFO] - Model to find the causal effect of treatment ['X11'] on outcome ['X1']
[2026-04-24 05:53:02,831][dowhy.causal_identifier.auto_identifier][WARNING] - No directed path from treatment to outcome. Causal Effect is zero.
[2026-04-24 05:53:02,831][dowhy.causal_model][INFO] - linear_regression
[2026-04-24 05:53:02,831][dowhy.causal_estimator][INFO] - INFO: Using Linear Regression Estimator
[2026-04-24 05:53:02,831][dowhy.causal_estimator][WARNING] - No directed path from ['X11'] to ['X1'].
[2026-04-24 05:53:02,833][dowhy.causal_model][INFO] - Model to find the causal effect of treatment ['X11'] on outcome ['X2']
[2026-04-24 05:53:02,833][dowhy.causal_identifier.auto_identifier][WARNING] - No directed path from treatment to outcome. Causal Effect is zero.
[2026-04-24 05:53:02,833][dowhy.causal_model][INFO] - linear_regression
[2026-04-24 05:53:02,833][dowhy.causal_estimator][INFO] - INFO: Using Linear Regression Estimator
[2026-04-24 05:53:02,833][dowhy.causal_estimator][WARNING] - No directed path from ['X11'] to ['X2'].
[2026-04-24 05:53:02,835][dowhy.causal_model][INFO] - Model to find the causal effect of treatment ['X11'] on outcome ['X3']
[2026-04-24 05:53:02,835][dowhy.causal_identifier.auto_identifier][WARNING] - No directed path from treatment to outcome. Causal Effect is zero.
[2026-04-24 05:53:02,835][dowhy.causal_model][INFO] - linear_regression
[2026-04-24 05:53:02,835][dowhy.causal_estimator][INFO] - INFO: Using Linear Regression Estimator
[2026-04-24 05:53:02,835][dowhy.causal_estimator][WARNING] - No directed path from ['X11'] to ['X3'].
[2026-04-24 05:53:02,836][dowhy.causal_model][INFO] - Model to find the causal effect of treatment ['X11'] on outcome ['X4']
[2026-04-24 05:53:02,837][dowhy.causal_identifier.auto_identifier][WARNING] - No directed path from treatment to outcome. Causal Effect is zero.
[2026-04-24 05:53:02,837][dowhy.causal_model][INFO] - linear_regression
[2026-04-24 05:53:02,837][dowhy.causal_estimator][INFO] - INFO: Using Linear Regression Estimator
[2026-04-24 05:53:02,837][dowhy.causal_estimator][WARNING] - No directed path from ['X11'] to ['X4'].
[2026-04-24 05:53:02,838][dowhy.causal_model][INFO] - Model to find the causal effect of treatment ['X11'] on outcome ['X5']
[2026-04-24 05:53:02,838][dowhy.causal_identifier.auto_identifier][WARNING] - No directed path from treatment to outcome. Causal Effect is zero.
[2026-04-24 05:53:02,838][dowhy.causal_model][INFO] - linear_regression
[2026-04-24 05:53:02,839][dowhy.causal_estimator][INFO] - INFO: Using Linear Regression Estimator
[2026-04-24 05:53:02,839][dowhy.causal_estimator][WARNING] - No directed path from ['X11'] to ['X5'].
[2026-04-24 05:53:02,840][dowhy.causal_model][INFO] - Model to find the causal effect of treatment ['X11'] on outcome ['X6']
[2026-04-24 05:53:02,840][dowhy.causal_identifier.auto_identifier][WARNING] - No directed path from treatment to outcome. Causal Effect is zero.
[2026-04-24 05:53:02,841][dowhy.causal_model][INFO] - linear_regression
[2026-04-24 05:53:02,841][dowhy.causal_estimator][INFO] - INFO: Using Linear Regression Estimator
[2026-04-24 05:53:02,841][dowhy.causal_estimator][WARNING] - No directed path from ['X11'] to ['X6'].
[2026-04-24 05:53:02,842][dowhy.causal_model][INFO] - Model to find the causal effect of treatment ['X11'] on outcome ['X7']
[2026-04-24 05:53:02,842][dowhy.causal_identifier.auto_identifier][WARNING] - No directed path from treatment to outcome. Causal Effect is zero.
[2026-04-24 05:53:02,842][dowhy.causal_model][INFO] - linear_regression
[2026-04-24 05:53:02,842][dowhy.causal_estimator][INFO] - INFO: Using Linear Regression Estimator
[2026-04-24 05:53:02,842][dowhy.causal_estimator][WARNING] - No directed path from ['X11'] to ['X7'].
[2026-04-24 05:53:02,844][dowhy.causal_model][INFO] - Model to find the causal effect of treatment ['X11'] on outcome ['X8']
[2026-04-24 05:53:02,844][dowhy.causal_identifier.auto_identifier][WARNING] - No directed path from treatment to outcome. Causal Effect is zero.
[2026-04-24 05:53:02,844][dowhy.causal_model][INFO] - linear_regression
[2026-04-24 05:53:02,844][dowhy.causal_estimator][INFO] - INFO: Using Linear Regression Estimator
[2026-04-24 05:53:02,844][dowhy.causal_estimator][WARNING] - No directed path from ['X11'] to ['X8'].
[2026-04-24 05:53:02,846][dowhy.causal_model][INFO] - Model to find the causal effect of treatment ['X11'] on outcome ['X9']
[2026-04-24 05:53:02,846][dowhy.causal_identifier.auto_identifier][WARNING] - No directed path from treatment to outcome. Causal Effect is zero.
[2026-04-24 05:53:02,846][dowhy.causal_model][INFO] - linear_regression
[2026-04-24 05:53:02,846][dowhy.causal_estimator][INFO] - INFO: Using Linear Regression Estimator
[2026-04-24 05:53:02,846][dowhy.causal_estimator][WARNING] - No directed path from ['X11'] to ['X9'].
[2026-04-24 05:53:02,848][dowhy.causal_model][INFO] - Model to find the causal effect of treatment ['X11'] on outcome ['X10']
[2026-04-24 05:53:02,848][dowhy.causal_identifier.auto_identifier][WARNING] - No directed path from treatment to outcome. Causal Effect is zero.
[2026-04-24 05:53:02,848][dowhy.causal_model][INFO] - linear_regression
[2026-04-24 05:53:02,848][dowhy.causal_estimator][INFO] - INFO: Using Linear Regression Estimator
[2026-04-24 05:53:02,848][dowhy.causal_estimator][WARNING] - No directed path from ['X11'] to ['X10'].
[2026-04-24 05:53:02,935][dowhy.causal_model][INFO] - Model to find the causal effect of treatment ['X0'] on outcome ['X1']
[2026-04-24 05:53:02,935][dowhy.causal_identifier.auto_identifier][WARNING] - No directed path from treatment to outcome. Causal Effect is zero.
[2026-04-24 05:53:02,936][dowhy.causal_model][INFO] - linear_regression
[2026-04-24 05:53:02,936][dowhy.causal_estimator][INFO] - INFO: Using Linear Regression Estimator
[2026-04-24 05:53:02,936][dowhy.causal_estimator][WARNING] - No directed path from ['X0'] to ['X1'].
[2026-04-24 05:53:02,938][dowhy.causal_model][INFO] - Model to find the causal effect of treatment ['X0'] on outcome ['X2']
[2026-04-24 05:53:02,938][dowhy.causal_identifier.auto_identifier][WARNING] - No directed path from treatment to outcome. Causal Effect is zero.
[2026-04-24 05:53:02,938][dowhy.causal_model][INFO] - linear_regression
[2026-04-24 05:53:02,938][dowhy.causal_estimator][INFO] - INFO: Using Linear Regression Estimator
[2026-04-24 05:53:02,938][dowhy.causal_estimator][WARNING] - No directed path from ['X0'] to ['X2'].
[2026-04-24 05:53:02,939][dowhy.causal_model][INFO] - Model to find the causal effect of treatment ['X0'] on outcome ['X3']
[2026-04-24 05:53:02,939][dowhy.causal_identifier.auto_identifier][WARNING] - No directed path from treatment to outcome. Causal Effect is zero.
[2026-04-24 05:53:02,940][dowhy.causal_model][INFO] - linear_regression
[2026-04-24 05:53:02,940][dowhy.causal_estimator][INFO] - INFO: Using Linear Regression Estimator
[2026-04-24 05:53:02,940][dowhy.causal_estimator][WARNING] - No directed path from ['X0'] to ['X3'].
[2026-04-24 05:53:02,941][dowhy.causal_model][INFO] - Model to find the causal effect of treatment ['X0'] on outcome ['X4']
[2026-04-24 05:53:02,941][dowhy.causal_identifier.auto_identifier][WARNING] - No directed path from treatment to outcome. Causal Effect is zero.
[2026-04-24 05:53:02,941][dowhy.causal_model][INFO] - linear_regression
[2026-04-24 05:53:02,941][dowhy.causal_estimator][INFO] - INFO: Using Linear Regression Estimator
[2026-04-24 05:53:02,942][dowhy.causal_estimator][WARNING] - No directed path from ['X0'] to ['X4'].
[2026-04-24 05:53:02,943][dowhy.causal_model][INFO] - Model to find the causal effect of treatment ['X0'] on outcome ['X5']
[2026-04-24 05:53:02,944][dowhy.causal_identifier.auto_identifier][INFO] - Causal effect can be identified.
[2026-04-24 05:53:02,945][dowhy.causal_identifier.auto_identifier][INFO] - Instrumental variables for treatment and outcome:[]
[2026-04-24 05:53:02,945][dowhy.causal_identifier.auto_identifier][INFO] - Frontdoor variables for treatment and outcome:[]
[2026-04-24 05:53:02,945][dowhy.causal_model][INFO] - linear_regression
[2026-04-24 05:53:02,945][dowhy.causal_estimator][INFO] - INFO: Using Linear Regression Estimator
[2026-04-24 05:53:02,945][dowhy.causal_estimator][INFO] - b: X5~X0+X0*X1
[2026-04-24 05:53:02,953][dowhy.causal_model][INFO] - Model to find the causal effect of treatment ['X0'] on outcome ['X6']
[2026-04-24 05:53:02,954][dowhy.causal_identifier.auto_identifier][INFO] - Causal effect can be identified.
[2026-04-24 05:53:02,955][dowhy.causal_identifier.auto_identifier][INFO] - Instrumental variables for treatment and outcome:[]
[2026-04-24 05:53:02,955][dowhy.causal_identifier.auto_identifier][INFO] - Frontdoor variables for treatment and outcome:[]
[2026-04-24 05:53:02,955][dowhy.causal_model][INFO] - linear_regression
[2026-04-24 05:53:02,955][dowhy.causal_estimator][INFO] - INFO: Using Linear Regression Estimator
[2026-04-24 05:53:02,955][dowhy.causal_estimator][INFO] - b: X6~X0+X0*X1
[2026-04-24 05:53:02,963][dowhy.causal_model][INFO] - Model to find the causal effect of treatment ['X0'] on outcome ['X7']
[2026-04-24 05:53:02,964][dowhy.causal_identifier.auto_identifier][INFO] - Causal effect can be identified.
[2026-04-24 05:53:02,965][dowhy.causal_identifier.auto_identifier][INFO] - Instrumental variables for treatment and outcome:[]
[2026-04-24 05:53:02,966][dowhy.causal_identifier.auto_identifier][INFO] - Frontdoor variables for treatment and outcome:['X9', 'X5', 'X6']
[2026-04-24 05:53:02,968][dowhy.causal_identifier.auto_identifier][INFO] - Causal effect can be identified.
[2026-04-24 05:53:02,969][dowhy.causal_identifier.auto_identifier][INFO] - Causal effect can be identified.
[2026-04-24 05:53:02,970][dowhy.causal_model][INFO] - linear_regression
[2026-04-24 05:53:02,970][dowhy.causal_estimator][INFO] - INFO: Using Linear Regression Estimator
[2026-04-24 05:53:02,970][dowhy.causal_estimator][INFO] - b: X7~X0+X0*X2+X0*X1+X0*X3
[2026-04-24 05:53:02,978][dowhy.causal_model][INFO] - Model to find the causal effect of treatment ['X0'] on outcome ['X8']
[2026-04-24 05:53:02,979][dowhy.causal_identifier.auto_identifier][INFO] - Causal effect can be identified.
[2026-04-24 05:53:02,980][dowhy.causal_identifier.auto_identifier][INFO] - Instrumental variables for treatment and outcome:[]
[2026-04-24 05:53:02,985][dowhy.causal_identifier.auto_identifier][INFO] - Frontdoor variables for treatment and outcome:['X5', 'X9', 'X6']
[2026-04-24 05:53:02,987][dowhy.causal_identifier.auto_identifier][INFO] - Causal effect can be identified.
[2026-04-24 05:53:02,989][dowhy.causal_identifier.auto_identifier][INFO] - Causal effect can be identified.
[2026-04-24 05:53:02,989][dowhy.causal_model][INFO] - linear_regression
[2026-04-24 05:53:02,989][dowhy.causal_estimator][INFO] - INFO: Using Linear Regression Estimator
[2026-04-24 05:53:02,990][dowhy.causal_estimator][INFO] - b: X8~X0+X0*X2+X0*X1+X0*X3
[2026-04-24 05:53:02,997][dowhy.causal_model][INFO] - Model to find the causal effect of treatment ['X0'] on outcome ['X9']
[2026-04-24 05:53:02,998][dowhy.causal_identifier.auto_identifier][INFO] - Causal effect can be identified.
[2026-04-24 05:53:02,998][dowhy.causal_identifier.auto_identifier][INFO] - Instrumental variables for treatment and outcome:[]
[2026-04-24 05:53:03,005][dowhy.causal_identifier.auto_identifier][INFO] - Frontdoor variables for treatment and outcome:[]
[2026-04-24 05:53:03,005][dowhy.causal_model][INFO] - linear_regression
[2026-04-24 05:53:03,005][dowhy.causal_estimator][INFO] - INFO: Using Linear Regression Estimator
[2026-04-24 05:53:03,005][dowhy.causal_estimator][INFO] - b: X9~X0+X0*X1
[2026-04-24 05:53:03,012][dowhy.causal_model][INFO] - Model to find the causal effect of treatment ['X0'] on outcome ['X10']
[2026-04-24 05:53:03,014][dowhy.causal_identifier.auto_identifier][INFO] - Causal effect can be identified.
[2026-04-24 05:53:03,014][dowhy.causal_identifier.auto_identifier][INFO] - Instrumental variables for treatment and outcome:[]
[2026-04-24 05:53:03,027][dowhy.causal_identifier.auto_identifier][INFO] - Frontdoor variables for treatment and outcome:['X5', 'X9', 'X6']
[2026-04-24 05:53:03,028][dowhy.causal_identifier.auto_identifier][INFO] - Causal effect can be identified.
[2026-04-24 05:53:03,030][dowhy.causal_identifier.auto_identifier][INFO] - Causal effect can be identified.
[2026-04-24 05:53:03,031][dowhy.causal_model][INFO] - linear_regression
[2026-04-24 05:53:03,031][dowhy.causal_estimator][INFO] - INFO: Using Linear Regression Estimator
[2026-04-24 05:53:03,031][dowhy.causal_estimator][INFO] - b: X10~X0+X0*X2+X0*X1+X0*X3
[2026-04-24 05:53:03,039][dowhy.causal_model][INFO] - Model to find the causal effect of treatment ['X0'] on outcome ['X11']
[2026-04-24 05:53:03,040][dowhy.causal_identifier.auto_identifier][INFO] - Causal effect can be identified.
[2026-04-24 05:53:03,041][dowhy.causal_identifier.auto_identifier][INFO] - Instrumental variables for treatment and outcome:[]
[2026-04-24 05:53:03,043][dowhy.causal_identifier.auto_identifier][INFO] - Frontdoor variables for treatment and outcome:['X8', 'X7', 'X5', 'X9', 'X6', 'X10']
[2026-04-24 05:53:03,045][dowhy.causal_identifier.auto_identifier][INFO] - Causal effect can be identified.
[2026-04-24 05:53:03,047][dowhy.causal_identifier.auto_identifier][INFO] - Causal effect can be identified.
[2026-04-24 05:53:03,048][dowhy.causal_model][INFO] - linear_regression
[2026-04-24 05:53:03,048][dowhy.causal_estimator][INFO] - INFO: Using Linear Regression Estimator
[2026-04-24 05:53:03,048][dowhy.causal_estimator][INFO] - b: X11~X0+X0*X2+X0*X1+X0*X3+X0*X4
[2026-04-24 05:53:03,113][dowhy.causal_model][INFO] - Model to find the causal effect of treatment ['X1'] on outcome ['X0']
[2026-04-24 05:53:03,113][dowhy.causal_identifier.auto_identifier][WARNING] - No directed path from treatment to outcome. Causal Effect is zero.
[2026-04-24 05:53:03,113][dowhy.causal_model][INFO] - linear_regression
[2026-04-24 05:53:03,113][dowhy.causal_estimator][INFO] - INFO: Using Linear Regression Estimator
[2026-04-24 05:53:03,114][dowhy.causal_estimator][WARNING] - No directed path from ['X1'] to ['X0'].
[2026-04-24 05:53:03,116][dowhy.causal_model][INFO] - Model to find the causal effect of treatment ['X1'] on outcome ['X2']
[2026-04-24 05:53:03,116][dowhy.causal_identifier.auto_identifier][WARNING] - No directed path from treatment to outcome. Causal Effect is zero.
[2026-04-24 05:53:03,116][dowhy.causal_model][INFO] - linear_regression
[2026-04-24 05:53:03,116][dowhy.causal_estimator][INFO] - INFO: Using Linear Regression Estimator
[2026-04-24 05:53:03,116][dowhy.causal_estimator][WARNING] - No directed path from ['X1'] to ['X2'].
[2026-04-24 05:53:03,118][dowhy.causal_model][INFO] - Model to find the causal effect of treatment ['X1'] on outcome ['X3']
[2026-04-24 05:53:03,118][dowhy.causal_identifier.auto_identifier][WARNING] - No directed path from treatment to outcome. Causal Effect is zero.
[2026-04-24 05:53:03,118][dowhy.causal_model][INFO] - linear_regression
[2026-04-24 05:53:03,118][dowhy.causal_estimator][INFO] - INFO: Using Linear Regression Estimator
[2026-04-24 05:53:03,118][dowhy.causal_estimator][WARNING] - No directed path from ['X1'] to ['X3'].
[2026-04-24 05:53:03,119][dowhy.causal_model][INFO] - Model to find the causal effect of treatment ['X1'] on outcome ['X4']
[2026-04-24 05:53:03,120][dowhy.causal_identifier.auto_identifier][WARNING] - No directed path from treatment to outcome. Causal Effect is zero.
[2026-04-24 05:53:03,120][dowhy.causal_model][INFO] - linear_regression
[2026-04-24 05:53:03,120][dowhy.causal_estimator][INFO] - INFO: Using Linear Regression Estimator
[2026-04-24 05:53:03,120][dowhy.causal_estimator][WARNING] - No directed path from ['X1'] to ['X4'].
[2026-04-24 05:53:03,121][dowhy.causal_model][INFO] - Model to find the causal effect of treatment ['X1'] on outcome ['X5']
[2026-04-24 05:53:03,123][dowhy.causal_identifier.auto_identifier][INFO] - Causal effect can be identified.
[2026-04-24 05:53:03,123][dowhy.causal_identifier.auto_identifier][INFO] - Instrumental variables for treatment and outcome:[]
[2026-04-24 05:53:03,123][dowhy.causal_identifier.auto_identifier][INFO] - Frontdoor variables for treatment and outcome:[]
[2026-04-24 05:53:03,123][dowhy.causal_model][INFO] - linear_regression
[2026-04-24 05:53:03,124][dowhy.causal_estimator][INFO] - INFO: Using Linear Regression Estimator
[2026-04-24 05:53:03,124][dowhy.causal_estimator][INFO] - b: X5~X1+X1*X0
[2026-04-24 05:53:03,133][dowhy.causal_model][INFO] - Model to find the causal effect of treatment ['X1'] on outcome ['X6']
[2026-04-24 05:53:03,134][dowhy.causal_identifier.auto_identifier][INFO] - Causal effect can be identified.
[2026-04-24 05:53:03,134][dowhy.causal_identifier.auto_identifier][INFO] - Instrumental variables for treatment and outcome:[]
[2026-04-24 05:53:03,135][dowhy.causal_identifier.auto_identifier][INFO] - Frontdoor variables for treatment and outcome:[]
[2026-04-24 05:53:03,135][dowhy.causal_model][INFO] - linear_regression
[2026-04-24 05:53:03,135][dowhy.causal_estimator][INFO] - INFO: Using Linear Regression Estimator
[2026-04-24 05:53:03,135][dowhy.causal_estimator][INFO] - b: X6~X1+X1*X0
[2026-04-24 05:53:03,144][dowhy.causal_model][INFO] - Model to find the causal effect of treatment ['X1'] on outcome ['X7']
[2026-04-24 05:53:03,145][dowhy.causal_identifier.auto_identifier][INFO] - Causal effect can be identified.
[2026-04-24 05:53:03,146][dowhy.causal_identifier.auto_identifier][INFO] - Instrumental variables for treatment and outcome:[]
[2026-04-24 05:53:03,147][dowhy.causal_identifier.auto_identifier][INFO] - Frontdoor variables for treatment and outcome:['X9', 'X5', 'X6']
[2026-04-24 05:53:03,149][dowhy.causal_identifier.auto_identifier][INFO] - Causal effect can be identified.
[2026-04-24 05:53:03,151][dowhy.causal_identifier.auto_identifier][INFO] - Causal effect can be identified.
[2026-04-24 05:53:03,151][dowhy.causal_model][INFO] - linear_regression
[2026-04-24 05:53:03,151][dowhy.causal_estimator][INFO] - INFO: Using Linear Regression Estimator
[2026-04-24 05:53:03,152][dowhy.causal_estimator][INFO] - b: X7~X1+X1*X2+X1*X3+X1*X0
[2026-04-24 05:53:03,160][dowhy.causal_model][INFO] - Model to find the causal effect of treatment ['X1'] on outcome ['X8']
[2026-04-24 05:53:03,161][dowhy.causal_identifier.auto_identifier][INFO] - Causal effect can be identified.
[2026-04-24 05:53:03,162][dowhy.causal_identifier.auto_identifier][INFO] - Instrumental variables for treatment and outcome:[]
[2026-04-24 05:53:03,168][dowhy.causal_identifier.auto_identifier][INFO] - Frontdoor variables for treatment and outcome:['X5', 'X9', 'X6']
[2026-04-24 05:53:03,169][dowhy.causal_identifier.auto_identifier][INFO] - Causal effect can be identified.
[2026-04-24 05:53:03,171][dowhy.causal_identifier.auto_identifier][INFO] - Causal effect can be identified.
[2026-04-24 05:53:03,172][dowhy.causal_model][INFO] - linear_regression
[2026-04-24 05:53:03,172][dowhy.causal_estimator][INFO] - INFO: Using Linear Regression Estimator
[2026-04-24 05:53:03,172][dowhy.causal_estimator][INFO] - b: X8~X1+X1*X2+X1*X3+X1*X0
[2026-04-24 05:53:03,179][dowhy.causal_model][INFO] - Model to find the causal effect of treatment ['X1'] on outcome ['X9']
[2026-04-24 05:53:03,181][dowhy.causal_identifier.auto_identifier][INFO] - Causal effect can be identified.
[2026-04-24 05:53:03,181][dowhy.causal_identifier.auto_identifier][INFO] - Instrumental variables for treatment and outcome:[]
[2026-04-24 05:53:03,187][dowhy.causal_identifier.auto_identifier][INFO] - Frontdoor variables for treatment and outcome:[]
[2026-04-24 05:53:03,187][dowhy.causal_model][INFO] - linear_regression
[2026-04-24 05:53:03,187][dowhy.causal_estimator][INFO] - INFO: Using Linear Regression Estimator
[2026-04-24 05:53:03,188][dowhy.causal_estimator][INFO] - b: X9~X1+X1*X0
[2026-04-24 05:53:03,195][dowhy.causal_model][INFO] - Model to find the causal effect of treatment ['X1'] on outcome ['X10']
[2026-04-24 05:53:03,196][dowhy.causal_identifier.auto_identifier][INFO] - Causal effect can be identified.
[2026-04-24 05:53:03,197][dowhy.causal_identifier.auto_identifier][INFO] - Instrumental variables for treatment and outcome:[]
[2026-04-24 05:53:03,210][dowhy.causal_identifier.auto_identifier][INFO] - Frontdoor variables for treatment and outcome:['X5', 'X9', 'X6']
[2026-04-24 05:53:03,211][dowhy.causal_identifier.auto_identifier][INFO] - Causal effect can be identified.
[2026-04-24 05:53:03,213][dowhy.causal_identifier.auto_identifier][INFO] - Causal effect can be identified.
[2026-04-24 05:53:03,214][dowhy.causal_model][INFO] - linear_regression
[2026-04-24 05:53:03,214][dowhy.causal_estimator][INFO] - INFO: Using Linear Regression Estimator
[2026-04-24 05:53:03,214][dowhy.causal_estimator][INFO] - b: X10~X1+X1*X2+X1*X3+X1*X0
[2026-04-24 05:53:03,221][dowhy.causal_model][INFO] - Model to find the causal effect of treatment ['X1'] on outcome ['X11']
[2026-04-24 05:53:03,223][dowhy.causal_identifier.auto_identifier][INFO] - Causal effect can be identified.
[2026-04-24 05:53:03,223][dowhy.causal_identifier.auto_identifier][INFO] - Instrumental variables for treatment and outcome:[]
[2026-04-24 05:53:03,226][dowhy.causal_identifier.auto_identifier][INFO] - Frontdoor variables for treatment and outcome:['X8', 'X7', 'X5', 'X9', 'X6', 'X10']
[2026-04-24 05:53:03,227][dowhy.causal_identifier.auto_identifier][INFO] - Causal effect can be identified.
[2026-04-24 05:53:03,229][dowhy.causal_identifier.auto_identifier][INFO] - Causal effect can be identified.
[2026-04-24 05:53:03,231][dowhy.causal_model][INFO] - linear_regression
[2026-04-24 05:53:03,231][dowhy.causal_estimator][INFO] - INFO: Using Linear Regression Estimator
[2026-04-24 05:53:03,231][dowhy.causal_estimator][INFO] - b: X11~X1+X1*X2+X1*X3+X1*X0+X1*X4
[2026-04-24 05:53:03,294][dowhy.causal_model][INFO] - Model to find the causal effect of treatment ['X2'] on outcome ['X0']
[2026-04-24 05:53:03,295][dowhy.causal_identifier.auto_identifier][WARNING] - No directed path from treatment to outcome. Causal Effect is zero.
[2026-04-24 05:53:03,295][dowhy.causal_model][INFO] - linear_regression
[2026-04-24 05:53:03,295][dowhy.causal_estimator][INFO] - INFO: Using Linear Regression Estimator
[2026-04-24 05:53:03,295][dowhy.causal_estimator][WARNING] - No directed path from ['X2'] to ['X0'].
[2026-04-24 05:53:03,297][dowhy.causal_model][INFO] - Model to find the causal effect of treatment ['X2'] on outcome ['X1']
[2026-04-24 05:53:03,297][dowhy.causal_identifier.auto_identifier][WARNING] - No directed path from treatment to outcome. Causal Effect is zero.
[2026-04-24 05:53:03,297][dowhy.causal_model][INFO] - linear_regression
[2026-04-24 05:53:03,297][dowhy.causal_estimator][INFO] - INFO: Using Linear Regression Estimator
[2026-04-24 05:53:03,297][dowhy.causal_estimator][WARNING] - No directed path from ['X2'] to ['X1'].
[2026-04-24 05:53:03,299][dowhy.causal_model][INFO] - Model to find the causal effect of treatment ['X2'] on outcome ['X3']
[2026-04-24 05:53:03,299][dowhy.causal_identifier.auto_identifier][WARNING] - No directed path from treatment to outcome. Causal Effect is zero.
[2026-04-24 05:53:03,299][dowhy.causal_model][INFO] - linear_regression
[2026-04-24 05:53:03,299][dowhy.causal_estimator][INFO] - INFO: Using Linear Regression Estimator
[2026-04-24 05:53:03,299][dowhy.causal_estimator][WARNING] - No directed path from ['X2'] to ['X3'].
[2026-04-24 05:53:03,301][dowhy.causal_model][INFO] - Model to find the causal effect of treatment ['X2'] on outcome ['X4']
[2026-04-24 05:53:03,301][dowhy.causal_identifier.auto_identifier][WARNING] - No directed path from treatment to outcome. Causal Effect is zero.
[2026-04-24 05:53:03,301][dowhy.causal_model][INFO] - linear_regression
[2026-04-24 05:53:03,301][dowhy.causal_estimator][INFO] - INFO: Using Linear Regression Estimator
[2026-04-24 05:53:03,301][dowhy.causal_estimator][WARNING] - No directed path from ['X2'] to ['X4'].
[2026-04-24 05:53:03,303][dowhy.causal_model][INFO] - Model to find the causal effect of treatment ['X2'] on outcome ['X5']
[2026-04-24 05:53:03,303][dowhy.causal_identifier.auto_identifier][WARNING] - No directed path from treatment to outcome. Causal Effect is zero.
[2026-04-24 05:53:03,303][dowhy.causal_model][INFO] - linear_regression
[2026-04-24 05:53:03,303][dowhy.causal_estimator][INFO] - INFO: Using Linear Regression Estimator
[2026-04-24 05:53:03,303][dowhy.causal_estimator][WARNING] - No directed path from ['X2'] to ['X5'].
[2026-04-24 05:53:03,305][dowhy.causal_model][INFO] - Model to find the causal effect of treatment ['X2'] on outcome ['X6']
[2026-04-24 05:53:03,305][dowhy.causal_identifier.auto_identifier][WARNING] - No directed path from treatment to outcome. Causal Effect is zero.
[2026-04-24 05:53:03,305][dowhy.causal_model][INFO] - linear_regression
[2026-04-24 05:53:03,305][dowhy.causal_estimator][INFO] - INFO: Using Linear Regression Estimator
[2026-04-24 05:53:03,305][dowhy.causal_estimator][WARNING] - No directed path from ['X2'] to ['X6'].
[2026-04-24 05:53:03,307][dowhy.causal_model][INFO] - Model to find the causal effect of treatment ['X2'] on outcome ['X7']
[2026-04-24 05:53:03,309][dowhy.causal_identifier.auto_identifier][INFO] - Causal effect can be identified.
[2026-04-24 05:53:03,310][dowhy.causal_identifier.auto_identifier][INFO] - Instrumental variables for treatment and outcome:[]
[2026-04-24 05:53:03,311][dowhy.causal_identifier.auto_identifier][INFO] - Frontdoor variables for treatment and outcome:[]
[2026-04-24 05:53:03,311][dowhy.causal_model][INFO] - linear_regression
[2026-04-24 05:53:03,311][dowhy.causal_estimator][INFO] - INFO: Using Linear Regression Estimator
[2026-04-24 05:53:03,311][dowhy.causal_estimator][INFO] - b: X7~X2+X2*X1+X2*X5+X2*X3+X2*X0+X2*X6
[2026-04-24 05:53:03,320][dowhy.causal_model][INFO] - Model to find the causal effect of treatment ['X2'] on outcome ['X8']
[2026-04-24 05:53:03,322][dowhy.causal_identifier.auto_identifier][INFO] - Causal effect can be identified.
[2026-04-24 05:53:03,323][dowhy.causal_identifier.auto_identifier][INFO] - Instrumental variables for treatment and outcome:[]
[2026-04-24 05:53:03,323][dowhy.causal_identifier.auto_identifier][INFO] - Frontdoor variables for treatment and outcome:[]
[2026-04-24 05:53:03,324][dowhy.causal_model][INFO] - linear_regression
[2026-04-24 05:53:03,324][dowhy.causal_estimator][INFO] - INFO: Using Linear Regression Estimator
[2026-04-24 05:53:03,324][dowhy.causal_estimator][INFO] - b: X8~X2+X2*X1+X2*X5+X2*X3+X2*X0+X2*X6
[2026-04-24 05:53:03,333][dowhy.causal_model][INFO] - Model to find the causal effect of treatment ['X2'] on outcome ['X9']
[2026-04-24 05:53:03,333][dowhy.causal_identifier.auto_identifier][WARNING] - No directed path from treatment to outcome. Causal Effect is zero.
[2026-04-24 05:53:03,333][dowhy.causal_model][INFO] - linear_regression
[2026-04-24 05:53:03,333][dowhy.causal_estimator][INFO] - INFO: Using Linear Regression Estimator
[2026-04-24 05:53:03,333][dowhy.causal_estimator][WARNING] - No directed path from ['X2'] to ['X9'].
[2026-04-24 05:53:03,335][dowhy.causal_model][INFO] - Model to find the causal effect of treatment ['X2'] on outcome ['X10']
[2026-04-24 05:53:03,337][dowhy.causal_identifier.auto_identifier][INFO] - Causal effect can be identified.
[2026-04-24 05:53:03,338][dowhy.causal_identifier.auto_identifier][INFO] - Instrumental variables for treatment and outcome:[]
[2026-04-24 05:53:03,339][dowhy.causal_identifier.auto_identifier][INFO] - Frontdoor variables for treatment and outcome:[]
[2026-04-24 05:53:03,339][dowhy.causal_model][INFO] - linear_regression
[2026-04-24 05:53:03,339][dowhy.causal_estimator][INFO] - INFO: Using Linear Regression Estimator
[2026-04-24 05:53:03,339][dowhy.causal_estimator][INFO] - b: X10~X2+X2*X1+X2*X5+X2*X3+X2*X0+X2*X6
[2026-04-24 05:53:03,349][dowhy.causal_model][INFO] - Model to find the causal effect of treatment ['X2'] on outcome ['X11']
[2026-04-24 05:53:03,351][dowhy.causal_identifier.auto_identifier][INFO] - Causal effect can be identified.
[2026-04-24 05:53:03,352][dowhy.causal_identifier.auto_identifier][INFO] - Instrumental variables for treatment and outcome:[]
[2026-04-24 05:53:03,353][dowhy.causal_identifier.auto_identifier][INFO] - Frontdoor variables for treatment and outcome:['X8', 'X7', 'X10']
[2026-04-24 05:53:03,356][dowhy.causal_identifier.auto_identifier][INFO] - Causal effect can be identified.
[2026-04-24 05:53:03,359][dowhy.causal_identifier.auto_identifier][INFO] - Causal effect can be identified.
[2026-04-24 05:53:03,360][dowhy.causal_model][INFO] - linear_regression
[2026-04-24 05:53:03,360][dowhy.causal_estimator][INFO] - INFO: Using Linear Regression Estimator
[2026-04-24 05:53:03,360][dowhy.causal_estimator][INFO] - b: X11~X2+X2*X1+X2*X5+X2*X3+X2*X0+X2*X6+X2*X4
[2026-04-24 05:53:03,419][dowhy.causal_model][INFO] - Model to find the causal effect of treatment ['X3'] on outcome ['X0']
[2026-04-24 05:53:03,419][dowhy.causal_identifier.auto_identifier][WARNING] - No directed path from treatment to outcome. Causal Effect is zero.
[2026-04-24 05:53:03,419][dowhy.causal_model][INFO] - linear_regression
[2026-04-24 05:53:03,419][dowhy.causal_estimator][INFO] - INFO: Using Linear Regression Estimator
[2026-04-24 05:53:03,419][dowhy.causal_estimator][WARNING] - No directed path from ['X3'] to ['X0'].
[2026-04-24 05:53:03,421][dowhy.causal_model][INFO] - Model to find the causal effect of treatment ['X3'] on outcome ['X1']
[2026-04-24 05:53:03,421][dowhy.causal_identifier.auto_identifier][WARNING] - No directed path from treatment to outcome. Causal Effect is zero.
[2026-04-24 05:53:03,421][dowhy.causal_model][INFO] - linear_regression
[2026-04-24 05:53:03,421][dowhy.causal_estimator][INFO] - INFO: Using Linear Regression Estimator
[2026-04-24 05:53:03,421][dowhy.causal_estimator][WARNING] - No directed path from ['X3'] to ['X1'].
[2026-04-24 05:53:03,423][dowhy.causal_model][INFO] - Model to find the causal effect of treatment ['X3'] on outcome ['X2']
[2026-04-24 05:53:03,423][dowhy.causal_identifier.auto_identifier][WARNING] - No directed path from treatment to outcome. Causal Effect is zero.
[2026-04-24 05:53:03,423][dowhy.causal_model][INFO] - linear_regression
[2026-04-24 05:53:03,423][dowhy.causal_estimator][INFO] - INFO: Using Linear Regression Estimator
[2026-04-24 05:53:03,423][dowhy.causal_estimator][WARNING] - No directed path from ['X3'] to ['X2'].
[2026-04-24 05:53:03,425][dowhy.causal_model][INFO] - Model to find the causal effect of treatment ['X3'] on outcome ['X4']
[2026-04-24 05:53:03,425][dowhy.causal_identifier.auto_identifier][WARNING] - No directed path from treatment to outcome. Causal Effect is zero.
[2026-04-24 05:53:03,425][dowhy.causal_model][INFO] - linear_regression
[2026-04-24 05:53:03,425][dowhy.causal_estimator][INFO] - INFO: Using Linear Regression Estimator
[2026-04-24 05:53:03,425][dowhy.causal_estimator][WARNING] - No directed path from ['X3'] to ['X4'].
[2026-04-24 05:53:03,426][dowhy.causal_model][INFO] - Model to find the causal effect of treatment ['X3'] on outcome ['X5']
[2026-04-24 05:53:03,426][dowhy.causal_identifier.auto_identifier][WARNING] - No directed path from treatment to outcome. Causal Effect is zero.
[2026-04-24 05:53:03,427][dowhy.causal_model][INFO] - linear_regression
[2026-04-24 05:53:03,427][dowhy.causal_estimator][INFO] - INFO: Using Linear Regression Estimator
[2026-04-24 05:53:03,427][dowhy.causal_estimator][WARNING] - No directed path from ['X3'] to ['X5'].
[2026-04-24 05:53:03,428][dowhy.causal_model][INFO] - Model to find the causal effect of treatment ['X3'] on outcome ['X6']
[2026-04-24 05:53:03,428][dowhy.causal_identifier.auto_identifier][WARNING] - No directed path from treatment to outcome. Causal Effect is zero.
[2026-04-24 05:53:03,428][dowhy.causal_model][INFO] - linear_regression
[2026-04-24 05:53:03,428][dowhy.causal_estimator][INFO] - INFO: Using Linear Regression Estimator
[2026-04-24 05:53:03,428][dowhy.causal_estimator][WARNING] - No directed path from ['X3'] to ['X6'].
[2026-04-24 05:53:03,430][dowhy.causal_model][INFO] - Model to find the causal effect of treatment ['X3'] on outcome ['X7']
[2026-04-24 05:53:03,432][dowhy.causal_identifier.auto_identifier][INFO] - Causal effect can be identified.
[2026-04-24 05:53:03,433][dowhy.causal_identifier.auto_identifier][INFO] - Instrumental variables for treatment and outcome:[]
[2026-04-24 05:53:03,433][dowhy.causal_identifier.auto_identifier][INFO] - Frontdoor variables for treatment and outcome:[]
[2026-04-24 05:53:03,433][dowhy.causal_model][INFO] - linear_regression
[2026-04-24 05:53:03,433][dowhy.causal_estimator][INFO] - INFO: Using Linear Regression Estimator
[2026-04-24 05:53:03,434][dowhy.causal_estimator][INFO] - b: X7~X3+X3*X2+X3*X1+X3*X5+X3*X0+X3*X6
[2026-04-24 05:53:03,442][dowhy.causal_model][INFO] - Model to find the causal effect of treatment ['X3'] on outcome ['X8']
[2026-04-24 05:53:03,444][dowhy.causal_identifier.auto_identifier][INFO] - Causal effect can be identified.
[2026-04-24 05:53:03,445][dowhy.causal_identifier.auto_identifier][INFO] - Instrumental variables for treatment and outcome:[]
[2026-04-24 05:53:03,445][dowhy.causal_identifier.auto_identifier][INFO] - Frontdoor variables for treatment and outcome:[]
[2026-04-24 05:53:03,445][dowhy.causal_model][INFO] - linear_regression
[2026-04-24 05:53:03,445][dowhy.causal_estimator][INFO] - INFO: Using Linear Regression Estimator
[2026-04-24 05:53:03,445][dowhy.causal_estimator][INFO] - b: X8~X3+X3*X2+X3*X1+X3*X5+X3*X0+X3*X6
[2026-04-24 05:53:03,453][dowhy.causal_model][INFO] - Model to find the causal effect of treatment ['X3'] on outcome ['X9']
[2026-04-24 05:53:03,453][dowhy.causal_identifier.auto_identifier][WARNING] - No directed path from treatment to outcome. Causal Effect is zero.
[2026-04-24 05:53:03,454][dowhy.causal_model][INFO] - linear_regression
[2026-04-24 05:53:03,454][dowhy.causal_estimator][INFO] - INFO: Using Linear Regression Estimator
[2026-04-24 05:53:03,454][dowhy.causal_estimator][WARNING] - No directed path from ['X3'] to ['X9'].
[2026-04-24 05:53:03,455][dowhy.causal_model][INFO] - Model to find the causal effect of treatment ['X3'] on outcome ['X10']
[2026-04-24 05:53:03,457][dowhy.causal_identifier.auto_identifier][INFO] - Causal effect can be identified.
[2026-04-24 05:53:03,458][dowhy.causal_identifier.auto_identifier][INFO] - Instrumental variables for treatment and outcome:[]
[2026-04-24 05:53:03,459][dowhy.causal_identifier.auto_identifier][INFO] - Frontdoor variables for treatment and outcome:[]
[2026-04-24 05:53:03,459][dowhy.causal_model][INFO] - linear_regression
[2026-04-24 05:53:03,459][dowhy.causal_estimator][INFO] - INFO: Using Linear Regression Estimator
[2026-04-24 05:53:03,459][dowhy.causal_estimator][INFO] - b: X10~X3+X3*X2+X3*X1+X3*X5+X3*X0+X3*X6
[2026-04-24 05:53:03,467][dowhy.causal_model][INFO] - Model to find the causal effect of treatment ['X3'] on outcome ['X11']
[2026-04-24 05:53:03,469][dowhy.causal_identifier.auto_identifier][INFO] - Causal effect can be identified.
[2026-04-24 05:53:03,470][dowhy.causal_identifier.auto_identifier][INFO] - Instrumental variables for treatment and outcome:[]
[2026-04-24 05:53:03,471][dowhy.causal_identifier.auto_identifier][INFO] - Frontdoor variables for treatment and outcome:['X8', 'X7', 'X10']
[2026-04-24 05:53:03,474][dowhy.causal_identifier.auto_identifier][INFO] - Causal effect can be identified.
[2026-04-24 05:53:03,477][dowhy.causal_identifier.auto_identifier][INFO] - Causal effect can be identified.
[2026-04-24 05:53:03,478][dowhy.causal_model][INFO] - linear_regression
[2026-04-24 05:53:03,478][dowhy.causal_estimator][INFO] - INFO: Using Linear Regression Estimator
[2026-04-24 05:53:03,479][dowhy.causal_estimator][INFO] - b: X11~X3+X3*X2+X3*X1+X3*X5+X3*X0+X3*X6+X3*X4
[2026-04-24 05:53:03,540][dowhy.causal_model][INFO] - Model to find the causal effect of treatment ['X4'] on outcome ['X0']
[2026-04-24 05:53:03,540][dowhy.causal_identifier.auto_identifier][WARNING] - No directed path from treatment to outcome. Causal Effect is zero.
[2026-04-24 05:53:03,540][dowhy.causal_model][INFO] - linear_regression
[2026-04-24 05:53:03,540][dowhy.causal_estimator][INFO] - INFO: Using Linear Regression Estimator
[2026-04-24 05:53:03,540][dowhy.causal_estimator][WARNING] - No directed path from ['X4'] to ['X0'].
[2026-04-24 05:53:03,542][dowhy.causal_model][INFO] - Model to find the causal effect of treatment ['X4'] on outcome ['X1']
[2026-04-24 05:53:03,542][dowhy.causal_identifier.auto_identifier][WARNING] - No directed path from treatment to outcome. Causal Effect is zero.
[2026-04-24 05:53:03,542][dowhy.causal_model][INFO] - linear_regression
[2026-04-24 05:53:03,542][dowhy.causal_estimator][INFO] - INFO: Using Linear Regression Estimator
[2026-04-24 05:53:03,542][dowhy.causal_estimator][WARNING] - No directed path from ['X4'] to ['X1'].
[2026-04-24 05:53:03,545][dowhy.causal_model][INFO] - Model to find the causal effect of treatment ['X4'] on outcome ['X2']
[2026-04-24 05:53:03,545][dowhy.causal_identifier.auto_identifier][WARNING] - No directed path from treatment to outcome. Causal Effect is zero.
[2026-04-24 05:53:03,545][dowhy.causal_model][INFO] - linear_regression
[2026-04-24 05:53:03,545][dowhy.causal_estimator][INFO] - INFO: Using Linear Regression Estimator
[2026-04-24 05:53:03,545][dowhy.causal_estimator][WARNING] - No directed path from ['X4'] to ['X2'].
[2026-04-24 05:53:03,547][dowhy.causal_model][INFO] - Model to find the causal effect of treatment ['X4'] on outcome ['X3']
[2026-04-24 05:53:03,547][dowhy.causal_identifier.auto_identifier][WARNING] - No directed path from treatment to outcome. Causal Effect is zero.
[2026-04-24 05:53:03,547][dowhy.causal_model][INFO] - linear_regression
[2026-04-24 05:53:03,547][dowhy.causal_estimator][INFO] - INFO: Using Linear Regression Estimator
[2026-04-24 05:53:03,547][dowhy.causal_estimator][WARNING] - No directed path from ['X4'] to ['X3'].
[2026-04-24 05:53:03,549][dowhy.causal_model][INFO] - Model to find the causal effect of treatment ['X4'] on outcome ['X5']
[2026-04-24 05:53:03,549][dowhy.causal_identifier.auto_identifier][WARNING] - No directed path from treatment to outcome. Causal Effect is zero.
[2026-04-24 05:53:03,549][dowhy.causal_model][INFO] - linear_regression
[2026-04-24 05:53:03,549][dowhy.causal_estimator][INFO] - INFO: Using Linear Regression Estimator
[2026-04-24 05:53:03,549][dowhy.causal_estimator][WARNING] - No directed path from ['X4'] to ['X5'].
[2026-04-24 05:53:03,551][dowhy.causal_model][INFO] - Model to find the causal effect of treatment ['X4'] on outcome ['X6']
[2026-04-24 05:53:03,551][dowhy.causal_identifier.auto_identifier][WARNING] - No directed path from treatment to outcome. Causal Effect is zero.
[2026-04-24 05:53:03,551][dowhy.causal_model][INFO] - linear_regression
[2026-04-24 05:53:03,551][dowhy.causal_estimator][INFO] - INFO: Using Linear Regression Estimator
[2026-04-24 05:53:03,551][dowhy.causal_estimator][WARNING] - No directed path from ['X4'] to ['X6'].
[2026-04-24 05:53:03,553][dowhy.causal_model][INFO] - Model to find the causal effect of treatment ['X4'] on outcome ['X7']
[2026-04-24 05:53:03,553][dowhy.causal_identifier.auto_identifier][WARNING] - No directed path from treatment to outcome. Causal Effect is zero.
[2026-04-24 05:53:03,553][dowhy.causal_model][INFO] - linear_regression
[2026-04-24 05:53:03,553][dowhy.causal_estimator][INFO] - INFO: Using Linear Regression Estimator
[2026-04-24 05:53:03,553][dowhy.causal_estimator][WARNING] - No directed path from ['X4'] to ['X7'].
[2026-04-24 05:53:03,555][dowhy.causal_model][INFO] - Model to find the causal effect of treatment ['X4'] on outcome ['X8']
[2026-04-24 05:53:03,555][dowhy.causal_identifier.auto_identifier][WARNING] - No directed path from treatment to outcome. Causal Effect is zero.
[2026-04-24 05:53:03,555][dowhy.causal_model][INFO] - linear_regression
[2026-04-24 05:53:03,555][dowhy.causal_estimator][INFO] - INFO: Using Linear Regression Estimator
[2026-04-24 05:53:03,555][dowhy.causal_estimator][WARNING] - No directed path from ['X4'] to ['X8'].
[2026-04-24 05:53:03,556][dowhy.causal_model][INFO] - Model to find the causal effect of treatment ['X4'] on outcome ['X9']
[2026-04-24 05:53:03,557][dowhy.causal_identifier.auto_identifier][WARNING] - No directed path from treatment to outcome. Causal Effect is zero.
[2026-04-24 05:53:03,557][dowhy.causal_model][INFO] - linear_regression
[2026-04-24 05:53:03,557][dowhy.causal_estimator][INFO] - INFO: Using Linear Regression Estimator
[2026-04-24 05:53:03,557][dowhy.causal_estimator][WARNING] - No directed path from ['X4'] to ['X9'].
[2026-04-24 05:53:03,558][dowhy.causal_model][INFO] - Model to find the causal effect of treatment ['X4'] on outcome ['X10']
[2026-04-24 05:53:03,558][dowhy.causal_identifier.auto_identifier][WARNING] - No directed path from treatment to outcome. Causal Effect is zero.
[2026-04-24 05:53:03,559][dowhy.causal_model][INFO] - linear_regression
[2026-04-24 05:53:03,559][dowhy.causal_estimator][INFO] - INFO: Using Linear Regression Estimator
[2026-04-24 05:53:03,559][dowhy.causal_estimator][WARNING] - No directed path from ['X4'] to ['X10'].
[2026-04-24 05:53:03,560][dowhy.causal_model][INFO] - Model to find the causal effect of treatment ['X4'] on outcome ['X11']
[2026-04-24 05:53:03,564][dowhy.causal_identifier.auto_identifier][INFO] - Causal effect can be identified.
[2026-04-24 05:53:03,565][dowhy.causal_identifier.auto_identifier][INFO] - Instrumental variables for treatment and outcome:[]
[2026-04-24 05:53:03,565][dowhy.causal_identifier.auto_identifier][INFO] - Frontdoor variables for treatment and outcome:[]
[2026-04-24 05:53:03,565][dowhy.causal_model][INFO] - linear_regression
[2026-04-24 05:53:03,565][dowhy.causal_estimator][INFO] - INFO: Using Linear Regression Estimator
[2026-04-24 05:53:03,565][dowhy.causal_estimator][INFO] - b: X11~X4+X4*X8+X4*X7+X4*X5+X4*X3+X4*X2+X4*X1+X4*X0+X4*X6
[2026-04-24 05:53:03,629][dowhy.causal_model][INFO] - Model to find the causal effect of treatment ['X5'] on outcome ['X0']
[2026-04-24 05:53:03,629][dowhy.causal_identifier.auto_identifier][WARNING] - No directed path from treatment to outcome. Causal Effect is zero.
[2026-04-24 05:53:03,629][dowhy.causal_model][INFO] - linear_regression
[2026-04-24 05:53:03,629][dowhy.causal_estimator][INFO] - INFO: Using Linear Regression Estimator
[2026-04-24 05:53:03,629][dowhy.causal_estimator][WARNING] - No directed path from ['X5'] to ['X0'].
[2026-04-24 05:53:03,631][dowhy.causal_model][INFO] - Model to find the causal effect of treatment ['X5'] on outcome ['X1']
[2026-04-24 05:53:03,631][dowhy.causal_identifier.auto_identifier][WARNING] - No directed path from treatment to outcome. Causal Effect is zero.
[2026-04-24 05:53:03,631][dowhy.causal_model][INFO] - linear_regression
[2026-04-24 05:53:03,631][dowhy.causal_estimator][INFO] - INFO: Using Linear Regression Estimator
[2026-04-24 05:53:03,631][dowhy.causal_estimator][WARNING] - No directed path from ['X5'] to ['X1'].
[2026-04-24 05:53:03,632][dowhy.causal_model][INFO] - Model to find the causal effect of treatment ['X5'] on outcome ['X2']
[2026-04-24 05:53:03,633][dowhy.causal_identifier.auto_identifier][WARNING] - No directed path from treatment to outcome. Causal Effect is zero.
[2026-04-24 05:53:03,633][dowhy.causal_model][INFO] - linear_regression
[2026-04-24 05:53:03,633][dowhy.causal_estimator][INFO] - INFO: Using Linear Regression Estimator
[2026-04-24 05:53:03,633][dowhy.causal_estimator][WARNING] - No directed path from ['X5'] to ['X2'].
[2026-04-24 05:53:03,634][dowhy.causal_model][INFO] - Model to find the causal effect of treatment ['X5'] on outcome ['X3']
[2026-04-24 05:53:03,634][dowhy.causal_identifier.auto_identifier][WARNING] - No directed path from treatment to outcome. Causal Effect is zero.
[2026-04-24 05:53:03,634][dowhy.causal_model][INFO] - linear_regression
[2026-04-24 05:53:03,634][dowhy.causal_estimator][INFO] - INFO: Using Linear Regression Estimator
[2026-04-24 05:53:03,634][dowhy.causal_estimator][WARNING] - No directed path from ['X5'] to ['X3'].
[2026-04-24 05:53:03,636][dowhy.causal_model][INFO] - Model to find the causal effect of treatment ['X5'] on outcome ['X4']
[2026-04-24 05:53:03,636][dowhy.causal_identifier.auto_identifier][WARNING] - No directed path from treatment to outcome. Causal Effect is zero.
[2026-04-24 05:53:03,636][dowhy.causal_model][INFO] - linear_regression
[2026-04-24 05:53:03,636][dowhy.causal_estimator][INFO] - INFO: Using Linear Regression Estimator
[2026-04-24 05:53:03,636][dowhy.causal_estimator][WARNING] - No directed path from ['X5'] to ['X4'].
[2026-04-24 05:53:03,638][dowhy.causal_model][INFO] - Model to find the causal effect of treatment ['X5'] on outcome ['X6']
[2026-04-24 05:53:03,639][dowhy.causal_identifier.auto_identifier][INFO] - Causal effect can be identified.
[2026-04-24 05:53:03,640][dowhy.causal_identifier.auto_identifier][INFO] - Instrumental variables for treatment and outcome:['X0']
[2026-04-24 05:53:03,640][dowhy.causal_identifier.auto_identifier][INFO] - Frontdoor variables for treatment and outcome:[]
[2026-04-24 05:53:03,640][dowhy.causal_model][INFO] - linear_regression
[2026-04-24 05:53:03,640][dowhy.causal_estimator][INFO] - INFO: Using Linear Regression Estimator
[2026-04-24 05:53:03,641][dowhy.causal_estimator][INFO] - b: X6~X5+X1
[2026-04-24 05:53:03,648][dowhy.causal_model][INFO] - Model to find the causal effect of treatment ['X5'] on outcome ['X7']
[2026-04-24 05:53:03,650][dowhy.causal_identifier.auto_identifier][INFO] - Causal effect can be identified.
[2026-04-24 05:53:03,650][dowhy.causal_identifier.auto_identifier][INFO] - Instrumental variables for treatment and outcome:['X0']
[2026-04-24 05:53:03,651][dowhy.causal_identifier.auto_identifier][INFO] - Frontdoor variables for treatment and outcome:[]
[2026-04-24 05:53:03,651][dowhy.causal_model][INFO] - linear_regression
[2026-04-24 05:53:03,651][dowhy.causal_estimator][INFO] - INFO: Using Linear Regression Estimator
[2026-04-24 05:53:03,652][dowhy.causal_estimator][INFO] - b: X7~X5+X1+X5*X2+X5*X3
[2026-04-24 05:53:03,660][dowhy.causal_model][INFO] - Model to find the causal effect of treatment ['X5'] on outcome ['X8']
[2026-04-24 05:53:03,662][dowhy.causal_identifier.auto_identifier][INFO] - Causal effect can be identified.
[2026-04-24 05:53:03,662][dowhy.causal_identifier.auto_identifier][INFO] - Instrumental variables for treatment and outcome:['X0']
[2026-04-24 05:53:03,665][dowhy.causal_identifier.auto_identifier][INFO] - Frontdoor variables for treatment and outcome:[]
[2026-04-24 05:53:03,665][dowhy.causal_model][INFO] - linear_regression
[2026-04-24 05:53:03,665][dowhy.causal_estimator][INFO] - INFO: Using Linear Regression Estimator
[2026-04-24 05:53:03,666][dowhy.causal_estimator][INFO] - b: X8~X5+X1+X5*X2+X5*X3
[2026-04-24 05:53:03,674][dowhy.causal_model][INFO] - Model to find the causal effect of treatment ['X5'] on outcome ['X9']
[2026-04-24 05:53:03,676][dowhy.causal_identifier.auto_identifier][INFO] - Causal effect can be identified.
[2026-04-24 05:53:03,676][dowhy.causal_identifier.auto_identifier][INFO] - Instrumental variables for treatment and outcome:['X1']
[2026-04-24 05:53:03,679][dowhy.causal_identifier.auto_identifier][INFO] - Frontdoor variables for treatment and outcome:[]
[2026-04-24 05:53:03,679][dowhy.causal_model][INFO] - linear_regression
[2026-04-24 05:53:03,679][dowhy.causal_estimator][INFO] - INFO: Using Linear Regression Estimator
[2026-04-24 05:53:03,679][dowhy.causal_estimator][INFO] - b: X9~X5+X0
[2026-04-24 05:53:03,687][dowhy.causal_model][INFO] - Model to find the causal effect of treatment ['X5'] on outcome ['X10']
[2026-04-24 05:53:03,689][dowhy.causal_identifier.auto_identifier][INFO] - Causal effect can be identified.
[2026-04-24 05:53:03,689][dowhy.causal_identifier.auto_identifier][INFO] - Instrumental variables for treatment and outcome:['X0']
[2026-04-24 05:53:03,694][dowhy.causal_identifier.auto_identifier][INFO] - Frontdoor variables for treatment and outcome:[]
[2026-04-24 05:53:03,694][dowhy.causal_model][INFO] - linear_regression
[2026-04-24 05:53:03,694][dowhy.causal_estimator][INFO] - INFO: Using Linear Regression Estimator
[2026-04-24 05:53:03,695][dowhy.causal_estimator][INFO] - b: X10~X5+X1+X5*X2+X5*X3
[2026-04-24 05:53:03,703][dowhy.causal_model][INFO] - Model to find the causal effect of treatment ['X5'] on outcome ['X11']
[2026-04-24 05:53:03,705][dowhy.causal_identifier.auto_identifier][INFO] - Causal effect can be identified.
[2026-04-24 05:53:03,705][dowhy.causal_identifier.auto_identifier][INFO] - Instrumental variables for treatment and outcome:['X0']
[2026-04-24 05:53:03,711][dowhy.causal_identifier.auto_identifier][INFO] - Frontdoor variables for treatment and outcome:[]
[2026-04-24 05:53:03,711][dowhy.causal_model][INFO] - linear_regression
[2026-04-24 05:53:03,711][dowhy.causal_estimator][INFO] - INFO: Using Linear Regression Estimator
[2026-04-24 05:53:03,712][dowhy.causal_estimator][INFO] - b: X11~X5+X1+X5*X2+X5*X3+X5*X4
[2026-04-24 05:53:03,772][dowhy.causal_model][INFO] - Model to find the causal effect of treatment ['X6'] on outcome ['X0']
[2026-04-24 05:53:03,772][dowhy.causal_identifier.auto_identifier][WARNING] - No directed path from treatment to outcome. Causal Effect is zero.
[2026-04-24 05:53:03,772][dowhy.causal_model][INFO] - linear_regression
[2026-04-24 05:53:03,772][dowhy.causal_estimator][INFO] - INFO: Using Linear Regression Estimator
[2026-04-24 05:53:03,772][dowhy.causal_estimator][WARNING] - No directed path from ['X6'] to ['X0'].
[2026-04-24 05:53:03,774][dowhy.causal_model][INFO] - Model to find the causal effect of treatment ['X6'] on outcome ['X1']
[2026-04-24 05:53:03,774][dowhy.causal_identifier.auto_identifier][WARNING] - No directed path from treatment to outcome. Causal Effect is zero.
[2026-04-24 05:53:03,774][dowhy.causal_model][INFO] - linear_regression
[2026-04-24 05:53:03,774][dowhy.causal_estimator][INFO] - INFO: Using Linear Regression Estimator
[2026-04-24 05:53:03,774][dowhy.causal_estimator][WARNING] - No directed path from ['X6'] to ['X1'].
[2026-04-24 05:53:03,776][dowhy.causal_model][INFO] - Model to find the causal effect of treatment ['X6'] on outcome ['X2']
[2026-04-24 05:53:03,776][dowhy.causal_identifier.auto_identifier][WARNING] - No directed path from treatment to outcome. Causal Effect is zero.
[2026-04-24 05:53:03,776][dowhy.causal_model][INFO] - linear_regression
[2026-04-24 05:53:03,776][dowhy.causal_estimator][INFO] - INFO: Using Linear Regression Estimator
[2026-04-24 05:53:03,776][dowhy.causal_estimator][WARNING] - No directed path from ['X6'] to ['X2'].
[2026-04-24 05:53:03,778][dowhy.causal_model][INFO] - Model to find the causal effect of treatment ['X6'] on outcome ['X3']
[2026-04-24 05:53:03,778][dowhy.causal_identifier.auto_identifier][WARNING] - No directed path from treatment to outcome. Causal Effect is zero.
[2026-04-24 05:53:03,778][dowhy.causal_model][INFO] - linear_regression
[2026-04-24 05:53:03,778][dowhy.causal_estimator][INFO] - INFO: Using Linear Regression Estimator
[2026-04-24 05:53:03,778][dowhy.causal_estimator][WARNING] - No directed path from ['X6'] to ['X3'].
[2026-04-24 05:53:03,780][dowhy.causal_model][INFO] - Model to find the causal effect of treatment ['X6'] on outcome ['X4']
[2026-04-24 05:53:03,780][dowhy.causal_identifier.auto_identifier][WARNING] - No directed path from treatment to outcome. Causal Effect is zero.
[2026-04-24 05:53:03,780][dowhy.causal_model][INFO] - linear_regression
[2026-04-24 05:53:03,780][dowhy.causal_estimator][INFO] - INFO: Using Linear Regression Estimator
[2026-04-24 05:53:03,780][dowhy.causal_estimator][WARNING] - No directed path from ['X6'] to ['X4'].
[2026-04-24 05:53:03,782][dowhy.causal_model][INFO] - Model to find the causal effect of treatment ['X6'] on outcome ['X5']
[2026-04-24 05:53:03,782][dowhy.causal_identifier.auto_identifier][WARNING] - No directed path from treatment to outcome. Causal Effect is zero.
[2026-04-24 05:53:03,782][dowhy.causal_model][INFO] - linear_regression
[2026-04-24 05:53:03,782][dowhy.causal_estimator][INFO] - INFO: Using Linear Regression Estimator
[2026-04-24 05:53:03,782][dowhy.causal_estimator][WARNING] - No directed path from ['X6'] to ['X5'].
[2026-04-24 05:53:03,784][dowhy.causal_model][INFO] - Model to find the causal effect of treatment ['X6'] on outcome ['X7']
[2026-04-24 05:53:03,786][dowhy.causal_identifier.auto_identifier][INFO] - Causal effect can be identified.
[2026-04-24 05:53:03,787][dowhy.causal_identifier.auto_identifier][INFO] - Instrumental variables for treatment and outcome:['X1', 'X5']
[2026-04-24 05:53:03,787][dowhy.causal_identifier.auto_identifier][INFO] - Frontdoor variables for treatment and outcome:[]
[2026-04-24 05:53:03,787][dowhy.causal_model][INFO] - linear_regression
[2026-04-24 05:53:03,788][dowhy.causal_estimator][INFO] - INFO: Using Linear Regression Estimator
[2026-04-24 05:53:03,788][dowhy.causal_estimator][INFO] - b: X7~X6+X6*X2+X6*X3
[2026-04-24 05:53:03,796][dowhy.causal_model][INFO] - Model to find the causal effect of treatment ['X6'] on outcome ['X8']
[2026-04-24 05:53:03,798][dowhy.causal_identifier.auto_identifier][INFO] - Causal effect can be identified.
[2026-04-24 05:53:03,799][dowhy.causal_identifier.auto_identifier][INFO] - Instrumental variables for treatment and outcome:['X1', 'X5']
[2026-04-24 05:53:03,800][dowhy.causal_identifier.auto_identifier][INFO] - Frontdoor variables for treatment and outcome:[]
[2026-04-24 05:53:03,800][dowhy.causal_model][INFO] - linear_regression
[2026-04-24 05:53:03,800][dowhy.causal_estimator][INFO] - INFO: Using Linear Regression Estimator
[2026-04-24 05:53:03,800][dowhy.causal_estimator][INFO] - b: X8~X6+X6*X2+X6*X3
[2026-04-24 05:53:03,808][dowhy.causal_model][INFO] - Model to find the causal effect of treatment ['X6'] on outcome ['X9']
[2026-04-24 05:53:03,808][dowhy.causal_identifier.auto_identifier][WARNING] - No directed path from treatment to outcome. Causal Effect is zero.
[2026-04-24 05:53:03,808][dowhy.causal_model][INFO] - linear_regression
[2026-04-24 05:53:03,808][dowhy.causal_estimator][INFO] - INFO: Using Linear Regression Estimator
[2026-04-24 05:53:03,809][dowhy.causal_estimator][WARNING] - No directed path from ['X6'] to ['X9'].
[2026-04-24 05:53:03,810][dowhy.causal_model][INFO] - Model to find the causal effect of treatment ['X6'] on outcome ['X10']
[2026-04-24 05:53:03,813][dowhy.causal_identifier.auto_identifier][INFO] - Causal effect can be identified.
[2026-04-24 05:53:03,813][dowhy.causal_identifier.auto_identifier][INFO] - Instrumental variables for treatment and outcome:['X1', 'X5']
[2026-04-24 05:53:03,815][dowhy.causal_identifier.auto_identifier][INFO] - Frontdoor variables for treatment and outcome:[]
[2026-04-24 05:53:03,815][dowhy.causal_model][INFO] - linear_regression
[2026-04-24 05:53:03,815][dowhy.causal_estimator][INFO] - INFO: Using Linear Regression Estimator
[2026-04-24 05:53:03,815][dowhy.causal_estimator][INFO] - b: X10~X6+X6*X2+X6*X3
[2026-04-24 05:53:03,823][dowhy.causal_model][INFO] - Model to find the causal effect of treatment ['X6'] on outcome ['X11']
[2026-04-24 05:53:03,825][dowhy.causal_identifier.auto_identifier][INFO] - Causal effect can be identified.
[2026-04-24 05:53:03,826][dowhy.causal_identifier.auto_identifier][INFO] - Instrumental variables for treatment and outcome:['X1', 'X5']
[2026-04-24 05:53:03,828][dowhy.causal_identifier.auto_identifier][INFO] - Frontdoor variables for treatment and outcome:['X8', 'X7', 'X10']
[2026-04-24 05:53:03,830][dowhy.causal_identifier.auto_identifier][INFO] - Causal effect can be identified.
[2026-04-24 05:53:03,834][dowhy.causal_identifier.auto_identifier][INFO] - Causal effect can be identified.
[2026-04-24 05:53:03,835][dowhy.causal_model][INFO] - linear_regression
[2026-04-24 05:53:03,835][dowhy.causal_estimator][INFO] - INFO: Using Linear Regression Estimator
[2026-04-24 05:53:03,835][dowhy.causal_estimator][INFO] - b: X11~X6+X6*X2+X6*X3+X6*X4
[2026-04-24 05:53:03,962][dowhy.causal_model][INFO] - Model to find the causal effect of treatment ['X7'] on outcome ['X0']
[2026-04-24 05:53:03,962][dowhy.causal_identifier.auto_identifier][WARNING] - No directed path from treatment to outcome. Causal Effect is zero.
[2026-04-24 05:53:03,962][dowhy.causal_model][INFO] - linear_regression
[2026-04-24 05:53:03,962][dowhy.causal_estimator][INFO] - INFO: Using Linear Regression Estimator
[2026-04-24 05:53:03,962][dowhy.causal_estimator][WARNING] - No directed path from ['X7'] to ['X0'].
[2026-04-24 05:53:03,964][dowhy.causal_model][INFO] - Model to find the causal effect of treatment ['X7'] on outcome ['X1']
[2026-04-24 05:53:03,964][dowhy.causal_identifier.auto_identifier][WARNING] - No directed path from treatment to outcome. Causal Effect is zero.
[2026-04-24 05:53:03,964][dowhy.causal_model][INFO] - linear_regression
[2026-04-24 05:53:03,964][dowhy.causal_estimator][INFO] - INFO: Using Linear Regression Estimator
[2026-04-24 05:53:03,964][dowhy.causal_estimator][WARNING] - No directed path from ['X7'] to ['X1'].
[2026-04-24 05:53:03,966][dowhy.causal_model][INFO] - Model to find the causal effect of treatment ['X7'] on outcome ['X2']
[2026-04-24 05:53:03,966][dowhy.causal_identifier.auto_identifier][WARNING] - No directed path from treatment to outcome. Causal Effect is zero.
[2026-04-24 05:53:03,966][dowhy.causal_model][INFO] - linear_regression
[2026-04-24 05:53:03,966][dowhy.causal_estimator][INFO] - INFO: Using Linear Regression Estimator
[2026-04-24 05:53:03,966][dowhy.causal_estimator][WARNING] - No directed path from ['X7'] to ['X2'].
[2026-04-24 05:53:03,967][dowhy.causal_model][INFO] - Model to find the causal effect of treatment ['X7'] on outcome ['X3']
[2026-04-24 05:53:03,967][dowhy.causal_identifier.auto_identifier][WARNING] - No directed path from treatment to outcome. Causal Effect is zero.
[2026-04-24 05:53:03,968][dowhy.causal_model][INFO] - linear_regression
[2026-04-24 05:53:03,968][dowhy.causal_estimator][INFO] - INFO: Using Linear Regression Estimator
[2026-04-24 05:53:03,968][dowhy.causal_estimator][WARNING] - No directed path from ['X7'] to ['X3'].
[2026-04-24 05:53:03,969][dowhy.causal_model][INFO] - Model to find the causal effect of treatment ['X7'] on outcome ['X4']
[2026-04-24 05:53:03,969][dowhy.causal_identifier.auto_identifier][WARNING] - No directed path from treatment to outcome. Causal Effect is zero.
[2026-04-24 05:53:03,969][dowhy.causal_model][INFO] - linear_regression
[2026-04-24 05:53:03,969][dowhy.causal_estimator][INFO] - INFO: Using Linear Regression Estimator
[2026-04-24 05:53:03,969][dowhy.causal_estimator][WARNING] - No directed path from ['X7'] to ['X4'].
[2026-04-24 05:53:03,971][dowhy.causal_model][INFO] - Model to find the causal effect of treatment ['X7'] on outcome ['X5']
[2026-04-24 05:53:03,971][dowhy.causal_identifier.auto_identifier][WARNING] - No directed path from treatment to outcome. Causal Effect is zero.
[2026-04-24 05:53:03,971][dowhy.causal_model][INFO] - linear_regression
[2026-04-24 05:53:03,971][dowhy.causal_estimator][INFO] - INFO: Using Linear Regression Estimator
[2026-04-24 05:53:03,971][dowhy.causal_estimator][WARNING] - No directed path from ['X7'] to ['X5'].
[2026-04-24 05:53:03,973][dowhy.causal_model][INFO] - Model to find the causal effect of treatment ['X7'] on outcome ['X6']
[2026-04-24 05:53:03,973][dowhy.causal_identifier.auto_identifier][WARNING] - No directed path from treatment to outcome. Causal Effect is zero.
[2026-04-24 05:53:03,973][dowhy.causal_model][INFO] - linear_regression
[2026-04-24 05:53:03,973][dowhy.causal_estimator][INFO] - INFO: Using Linear Regression Estimator
[2026-04-24 05:53:03,973][dowhy.causal_estimator][WARNING] - No directed path from ['X7'] to ['X6'].
[2026-04-24 05:53:03,975][dowhy.causal_model][INFO] - Model to find the causal effect of treatment ['X7'] on outcome ['X8']
[2026-04-24 05:53:03,977][dowhy.causal_identifier.auto_identifier][INFO] - Causal effect can be identified.
[2026-04-24 05:53:03,978][dowhy.causal_identifier.auto_identifier][INFO] - Instrumental variables for treatment and outcome:['X2', 'X6']
[2026-04-24 05:53:03,978][dowhy.causal_identifier.auto_identifier][INFO] - Frontdoor variables for treatment and outcome:[]
[2026-04-24 05:53:03,978][dowhy.causal_model][INFO] - linear_regression
[2026-04-24 05:53:03,978][dowhy.causal_estimator][INFO] - INFO: Using Linear Regression Estimator
[2026-04-24 05:53:03,978][dowhy.causal_estimator][INFO] - b: X8~X7+X3
[2026-04-24 05:53:03,986][dowhy.causal_model][INFO] - Model to find the causal effect of treatment ['X7'] on outcome ['X9']
[2026-04-24 05:53:03,986][dowhy.causal_identifier.auto_identifier][WARNING] - No directed path from treatment to outcome. Causal Effect is zero.
[2026-04-24 05:53:03,986][dowhy.causal_model][INFO] - linear_regression
[2026-04-24 05:53:03,986][dowhy.causal_estimator][INFO] - INFO: Using Linear Regression Estimator
[2026-04-24 05:53:03,986][dowhy.causal_estimator][WARNING] - No directed path from ['X7'] to ['X9'].
[2026-04-24 05:53:03,988][dowhy.causal_model][INFO] - Model to find the causal effect of treatment ['X7'] on outcome ['X10']
[2026-04-24 05:53:03,991][dowhy.causal_identifier.auto_identifier][INFO] - Causal effect can be identified.
[2026-04-24 05:53:03,991][dowhy.causal_identifier.auto_identifier][INFO] - Instrumental variables for treatment and outcome:['X3', 'X6']
[2026-04-24 05:53:03,992][dowhy.causal_identifier.auto_identifier][INFO] - Frontdoor variables for treatment and outcome:[]
[2026-04-24 05:53:03,992][dowhy.causal_model][INFO] - linear_regression
[2026-04-24 05:53:03,992][dowhy.causal_estimator][INFO] - INFO: Using Linear Regression Estimator
[2026-04-24 05:53:03,992][dowhy.causal_estimator][INFO] - b: X10~X7+X2
[2026-04-24 05:53:04,000][dowhy.causal_model][INFO] - Model to find the causal effect of treatment ['X7'] on outcome ['X11']
[2026-04-24 05:53:04,003][dowhy.causal_identifier.auto_identifier][INFO] - Causal effect can be identified.
[2026-04-24 05:53:04,003][dowhy.causal_identifier.auto_identifier][INFO] - Instrumental variables for treatment and outcome:['X2', 'X6']
[2026-04-24 05:53:04,004][dowhy.causal_identifier.auto_identifier][INFO] - Frontdoor variables for treatment and outcome:[]
[2026-04-24 05:53:04,004][dowhy.causal_model][INFO] - linear_regression
[2026-04-24 05:53:04,004][dowhy.causal_estimator][INFO] - INFO: Using Linear Regression Estimator
[2026-04-24 05:53:04,005][dowhy.causal_estimator][INFO] - b: X11~X7+X3+X7*X4
[2026-04-24 05:53:04,067][dowhy.causal_model][INFO] - Model to find the causal effect of treatment ['X8'] on outcome ['X0']
[2026-04-24 05:53:04,067][dowhy.causal_identifier.auto_identifier][WARNING] - No directed path from treatment to outcome. Causal Effect is zero.
[2026-04-24 05:53:04,067][dowhy.causal_model][INFO] - linear_regression
[2026-04-24 05:53:04,067][dowhy.causal_estimator][INFO] - INFO: Using Linear Regression Estimator
[2026-04-24 05:53:04,067][dowhy.causal_estimator][WARNING] - No directed path from ['X8'] to ['X0'].
[2026-04-24 05:53:04,069][dowhy.causal_model][INFO] - Model to find the causal effect of treatment ['X8'] on outcome ['X1']
[2026-04-24 05:53:04,069][dowhy.causal_identifier.auto_identifier][WARNING] - No directed path from treatment to outcome. Causal Effect is zero.
[2026-04-24 05:53:04,069][dowhy.causal_model][INFO] - linear_regression
[2026-04-24 05:53:04,069][dowhy.causal_estimator][INFO] - INFO: Using Linear Regression Estimator
[2026-04-24 05:53:04,069][dowhy.causal_estimator][WARNING] - No directed path from ['X8'] to ['X1'].
[2026-04-24 05:53:04,071][dowhy.causal_model][INFO] - Model to find the causal effect of treatment ['X8'] on outcome ['X2']
[2026-04-24 05:53:04,071][dowhy.causal_identifier.auto_identifier][WARNING] - No directed path from treatment to outcome. Causal Effect is zero.
[2026-04-24 05:53:04,071][dowhy.causal_model][INFO] - linear_regression
[2026-04-24 05:53:04,071][dowhy.causal_estimator][INFO] - INFO: Using Linear Regression Estimator
[2026-04-24 05:53:04,071][dowhy.causal_estimator][WARNING] - No directed path from ['X8'] to ['X2'].
[2026-04-24 05:53:04,073][dowhy.causal_model][INFO] - Model to find the causal effect of treatment ['X8'] on outcome ['X3']
[2026-04-24 05:53:04,073][dowhy.causal_identifier.auto_identifier][WARNING] - No directed path from treatment to outcome. Causal Effect is zero.
[2026-04-24 05:53:04,074][dowhy.causal_model][INFO] - linear_regression
[2026-04-24 05:53:04,074][dowhy.causal_estimator][INFO] - INFO: Using Linear Regression Estimator
[2026-04-24 05:53:04,074][dowhy.causal_estimator][WARNING] - No directed path from ['X8'] to ['X3'].
[2026-04-24 05:53:04,075][dowhy.causal_model][INFO] - Model to find the causal effect of treatment ['X8'] on outcome ['X4']
[2026-04-24 05:53:04,075][dowhy.causal_identifier.auto_identifier][WARNING] - No directed path from treatment to outcome. Causal Effect is zero.
[2026-04-24 05:53:04,075][dowhy.causal_model][INFO] - linear_regression
[2026-04-24 05:53:04,075][dowhy.causal_estimator][INFO] - INFO: Using Linear Regression Estimator
[2026-04-24 05:53:04,075][dowhy.causal_estimator][WARNING] - No directed path from ['X8'] to ['X4'].
[2026-04-24 05:53:04,077][dowhy.causal_model][INFO] - Model to find the causal effect of treatment ['X8'] on outcome ['X5']
[2026-04-24 05:53:04,077][dowhy.causal_identifier.auto_identifier][WARNING] - No directed path from treatment to outcome. Causal Effect is zero.
[2026-04-24 05:53:04,077][dowhy.causal_model][INFO] - linear_regression
[2026-04-24 05:53:04,077][dowhy.causal_estimator][INFO] - INFO: Using Linear Regression Estimator
[2026-04-24 05:53:04,077][dowhy.causal_estimator][WARNING] - No directed path from ['X8'] to ['X5'].
[2026-04-24 05:53:04,079][dowhy.causal_model][INFO] - Model to find the causal effect of treatment ['X8'] on outcome ['X6']
[2026-04-24 05:53:04,079][dowhy.causal_identifier.auto_identifier][WARNING] - No directed path from treatment to outcome. Causal Effect is zero.
[2026-04-24 05:53:04,079][dowhy.causal_model][INFO] - linear_regression
[2026-04-24 05:53:04,079][dowhy.causal_estimator][INFO] - INFO: Using Linear Regression Estimator
[2026-04-24 05:53:04,079][dowhy.causal_estimator][WARNING] - No directed path from ['X8'] to ['X6'].
[2026-04-24 05:53:04,081][dowhy.causal_model][INFO] - Model to find the causal effect of treatment ['X8'] on outcome ['X7']
[2026-04-24 05:53:04,081][dowhy.causal_identifier.auto_identifier][WARNING] - No directed path from treatment to outcome. Causal Effect is zero.
[2026-04-24 05:53:04,081][dowhy.causal_model][INFO] - linear_regression
[2026-04-24 05:53:04,081][dowhy.causal_estimator][INFO] - INFO: Using Linear Regression Estimator
[2026-04-24 05:53:04,081][dowhy.causal_estimator][WARNING] - No directed path from ['X8'] to ['X7'].
[2026-04-24 05:53:04,083][dowhy.causal_model][INFO] - Model to find the causal effect of treatment ['X8'] on outcome ['X9']
[2026-04-24 05:53:04,083][dowhy.causal_identifier.auto_identifier][WARNING] - No directed path from treatment to outcome. Causal Effect is zero.
[2026-04-24 05:53:04,083][dowhy.causal_model][INFO] - linear_regression
[2026-04-24 05:53:04,083][dowhy.causal_estimator][INFO] - INFO: Using Linear Regression Estimator
[2026-04-24 05:53:04,083][dowhy.causal_estimator][WARNING] - No directed path from ['X8'] to ['X9'].
[2026-04-24 05:53:04,085][dowhy.causal_model][INFO] - Model to find the causal effect of treatment ['X8'] on outcome ['X10']
[2026-04-24 05:53:04,085][dowhy.causal_identifier.auto_identifier][WARNING] - No directed path from treatment to outcome. Causal Effect is zero.
[2026-04-24 05:53:04,085][dowhy.causal_model][INFO] - linear_regression
[2026-04-24 05:53:04,085][dowhy.causal_estimator][INFO] - INFO: Using Linear Regression Estimator
[2026-04-24 05:53:04,085][dowhy.causal_estimator][WARNING] - No directed path from ['X8'] to ['X10'].
[2026-04-24 05:53:04,087][dowhy.causal_model][INFO] - Model to find the causal effect of treatment ['X8'] on outcome ['X11']
[2026-04-24 05:53:04,090][dowhy.causal_identifier.auto_identifier][INFO] - Causal effect can be identified.
[2026-04-24 05:53:04,091][dowhy.causal_identifier.auto_identifier][INFO] - Instrumental variables for treatment and outcome:['X7', 'X3']
[2026-04-24 05:53:04,092][dowhy.causal_identifier.auto_identifier][INFO] - Frontdoor variables for treatment and outcome:[]
[2026-04-24 05:53:04,092][dowhy.causal_model][INFO] - linear_regression
[2026-04-24 05:53:04,092][dowhy.causal_estimator][INFO] - INFO: Using Linear Regression Estimator
[2026-04-24 05:53:04,092][dowhy.causal_estimator][INFO] - b: X11~X8+X8*X4
[2026-04-24 05:53:04,148][dowhy.causal_model][INFO] - Model to find the causal effect of treatment ['X9'] on outcome ['X0']
[2026-04-24 05:53:04,148][dowhy.causal_identifier.auto_identifier][WARNING] - No directed path from treatment to outcome. Causal Effect is zero.
[2026-04-24 05:53:04,148][dowhy.causal_model][INFO] - linear_regression
[2026-04-24 05:53:04,148][dowhy.causal_estimator][INFO] - INFO: Using Linear Regression Estimator
[2026-04-24 05:53:04,148][dowhy.causal_estimator][WARNING] - No directed path from ['X9'] to ['X0'].
[2026-04-24 05:53:04,150][dowhy.causal_model][INFO] - Model to find the causal effect of treatment ['X9'] on outcome ['X1']
[2026-04-24 05:53:04,150][dowhy.causal_identifier.auto_identifier][WARNING] - No directed path from treatment to outcome. Causal Effect is zero.
[2026-04-24 05:53:04,150][dowhy.causal_model][INFO] - linear_regression
[2026-04-24 05:53:04,150][dowhy.causal_estimator][INFO] - INFO: Using Linear Regression Estimator
[2026-04-24 05:53:04,150][dowhy.causal_estimator][WARNING] - No directed path from ['X9'] to ['X1'].
[2026-04-24 05:53:04,151][dowhy.causal_model][INFO] - Model to find the causal effect of treatment ['X9'] on outcome ['X2']
[2026-04-24 05:53:04,151][dowhy.causal_identifier.auto_identifier][WARNING] - No directed path from treatment to outcome. Causal Effect is zero.
[2026-04-24 05:53:04,151][dowhy.causal_model][INFO] - linear_regression
[2026-04-24 05:53:04,152][dowhy.causal_estimator][INFO] - INFO: Using Linear Regression Estimator
[2026-04-24 05:53:04,152][dowhy.causal_estimator][WARNING] - No directed path from ['X9'] to ['X2'].
[2026-04-24 05:53:04,153][dowhy.causal_model][INFO] - Model to find the causal effect of treatment ['X9'] on outcome ['X3']
[2026-04-24 05:53:04,153][dowhy.causal_identifier.auto_identifier][WARNING] - No directed path from treatment to outcome. Causal Effect is zero.
[2026-04-24 05:53:04,153][dowhy.causal_model][INFO] - linear_regression
[2026-04-24 05:53:04,153][dowhy.causal_estimator][INFO] - INFO: Using Linear Regression Estimator
[2026-04-24 05:53:04,153][dowhy.causal_estimator][WARNING] - No directed path from ['X9'] to ['X3'].
[2026-04-24 05:53:04,155][dowhy.causal_model][INFO] - Model to find the causal effect of treatment ['X9'] on outcome ['X4']
[2026-04-24 05:53:04,155][dowhy.causal_identifier.auto_identifier][WARNING] - No directed path from treatment to outcome. Causal Effect is zero.
[2026-04-24 05:53:04,155][dowhy.causal_model][INFO] - linear_regression
[2026-04-24 05:53:04,155][dowhy.causal_estimator][INFO] - INFO: Using Linear Regression Estimator
[2026-04-24 05:53:04,155][dowhy.causal_estimator][WARNING] - No directed path from ['X9'] to ['X4'].
[2026-04-24 05:53:04,157][dowhy.causal_model][INFO] - Model to find the causal effect of treatment ['X9'] on outcome ['X5']
[2026-04-24 05:53:04,157][dowhy.causal_identifier.auto_identifier][WARNING] - No directed path from treatment to outcome. Causal Effect is zero.
[2026-04-24 05:53:04,157][dowhy.causal_model][INFO] - linear_regression
[2026-04-24 05:53:04,157][dowhy.causal_estimator][INFO] - INFO: Using Linear Regression Estimator
[2026-04-24 05:53:04,157][dowhy.causal_estimator][WARNING] - No directed path from ['X9'] to ['X5'].
[2026-04-24 05:53:04,159][dowhy.causal_model][INFO] - Model to find the causal effect of treatment ['X9'] on outcome ['X6']
[2026-04-24 05:53:04,159][dowhy.causal_identifier.auto_identifier][WARNING] - No directed path from treatment to outcome. Causal Effect is zero.
[2026-04-24 05:53:04,159][dowhy.causal_model][INFO] - linear_regression
[2026-04-24 05:53:04,159][dowhy.causal_estimator][INFO] - INFO: Using Linear Regression Estimator
[2026-04-24 05:53:04,159][dowhy.causal_estimator][WARNING] - No directed path from ['X9'] to ['X6'].
[2026-04-24 05:53:04,161][dowhy.causal_model][INFO] - Model to find the causal effect of treatment ['X9'] on outcome ['X7']
[2026-04-24 05:53:04,161][dowhy.causal_identifier.auto_identifier][WARNING] - No directed path from treatment to outcome. Causal Effect is zero.
[2026-04-24 05:53:04,161][dowhy.causal_model][INFO] - linear_regression
[2026-04-24 05:53:04,161][dowhy.causal_estimator][INFO] - INFO: Using Linear Regression Estimator
[2026-04-24 05:53:04,161][dowhy.causal_estimator][WARNING] - No directed path from ['X9'] to ['X7'].
[2026-04-24 05:53:04,162][dowhy.causal_model][INFO] - Model to find the causal effect of treatment ['X9'] on outcome ['X8']
[2026-04-24 05:53:04,162][dowhy.causal_identifier.auto_identifier][WARNING] - No directed path from treatment to outcome. Causal Effect is zero.
[2026-04-24 05:53:04,162][dowhy.causal_model][INFO] - linear_regression
[2026-04-24 05:53:04,162][dowhy.causal_estimator][INFO] - INFO: Using Linear Regression Estimator
[2026-04-24 05:53:04,163][dowhy.causal_estimator][WARNING] - No directed path from ['X9'] to ['X8'].
[2026-04-24 05:53:04,164][dowhy.causal_model][INFO] - Model to find the causal effect of treatment ['X9'] on outcome ['X10']
[2026-04-24 05:53:04,164][dowhy.causal_identifier.auto_identifier][WARNING] - No directed path from treatment to outcome. Causal Effect is zero.
[2026-04-24 05:53:04,164][dowhy.causal_model][INFO] - linear_regression
[2026-04-24 05:53:04,164][dowhy.causal_estimator][INFO] - INFO: Using Linear Regression Estimator
[2026-04-24 05:53:04,164][dowhy.causal_estimator][WARNING] - No directed path from ['X9'] to ['X10'].
[2026-04-24 05:53:04,166][dowhy.causal_model][INFO] - Model to find the causal effect of treatment ['X9'] on outcome ['X11']
[2026-04-24 05:53:04,166][dowhy.causal_identifier.auto_identifier][WARNING] - No directed path from treatment to outcome. Causal Effect is zero.
[2026-04-24 05:53:04,166][dowhy.causal_model][INFO] - linear_regression
[2026-04-24 05:53:04,166][dowhy.causal_estimator][INFO] - INFO: Using Linear Regression Estimator
[2026-04-24 05:53:04,166][dowhy.causal_estimator][WARNING] - No directed path from ['X9'] to ['X11'].
[2026-04-24 05:53:04,214][dowhy.causal_model][INFO] - Model to find the causal effect of treatment ['X10'] on outcome ['X0']
[2026-04-24 05:53:04,214][dowhy.causal_identifier.auto_identifier][WARNING] - No directed path from treatment to outcome. Causal Effect is zero.
[2026-04-24 05:53:04,214][dowhy.causal_model][INFO] - linear_regression
[2026-04-24 05:53:04,214][dowhy.causal_estimator][INFO] - INFO: Using Linear Regression Estimator
[2026-04-24 05:53:04,214][dowhy.causal_estimator][WARNING] - No directed path from ['X10'] to ['X0'].
[2026-04-24 05:53:04,216][dowhy.causal_model][INFO] - Model to find the causal effect of treatment ['X10'] on outcome ['X1']
[2026-04-24 05:53:04,216][dowhy.causal_identifier.auto_identifier][WARNING] - No directed path from treatment to outcome. Causal Effect is zero.
[2026-04-24 05:53:04,216][dowhy.causal_model][INFO] - linear_regression
[2026-04-24 05:53:04,216][dowhy.causal_estimator][INFO] - INFO: Using Linear Regression Estimator
[2026-04-24 05:53:04,216][dowhy.causal_estimator][WARNING] - No directed path from ['X10'] to ['X1'].
[2026-04-24 05:53:04,218][dowhy.causal_model][INFO] - Model to find the causal effect of treatment ['X10'] on outcome ['X2']
[2026-04-24 05:53:04,218][dowhy.causal_identifier.auto_identifier][WARNING] - No directed path from treatment to outcome. Causal Effect is zero.
[2026-04-24 05:53:04,218][dowhy.causal_model][INFO] - linear_regression
[2026-04-24 05:53:04,218][dowhy.causal_estimator][INFO] - INFO: Using Linear Regression Estimator
[2026-04-24 05:53:04,218][dowhy.causal_estimator][WARNING] - No directed path from ['X10'] to ['X2'].
[2026-04-24 05:53:04,220][dowhy.causal_model][INFO] - Model to find the causal effect of treatment ['X10'] on outcome ['X3']
[2026-04-24 05:53:04,220][dowhy.causal_identifier.auto_identifier][WARNING] - No directed path from treatment to outcome. Causal Effect is zero.
[2026-04-24 05:53:04,220][dowhy.causal_model][INFO] - linear_regression
[2026-04-24 05:53:04,220][dowhy.causal_estimator][INFO] - INFO: Using Linear Regression Estimator
[2026-04-24 05:53:04,220][dowhy.causal_estimator][WARNING] - No directed path from ['X10'] to ['X3'].
[2026-04-24 05:53:04,222][dowhy.causal_model][INFO] - Model to find the causal effect of treatment ['X10'] on outcome ['X4']
[2026-04-24 05:53:04,222][dowhy.causal_identifier.auto_identifier][WARNING] - No directed path from treatment to outcome. Causal Effect is zero.
[2026-04-24 05:53:04,222][dowhy.causal_model][INFO] - linear_regression
[2026-04-24 05:53:04,222][dowhy.causal_estimator][INFO] - INFO: Using Linear Regression Estimator
[2026-04-24 05:53:04,222][dowhy.causal_estimator][WARNING] - No directed path from ['X10'] to ['X4'].
[2026-04-24 05:53:04,224][dowhy.causal_model][INFO] - Model to find the causal effect of treatment ['X10'] on outcome ['X5']
[2026-04-24 05:53:04,224][dowhy.causal_identifier.auto_identifier][WARNING] - No directed path from treatment to outcome. Causal Effect is zero.
[2026-04-24 05:53:04,224][dowhy.causal_model][INFO] - linear_regression
[2026-04-24 05:53:04,224][dowhy.causal_estimator][INFO] - INFO: Using Linear Regression Estimator
[2026-04-24 05:53:04,224][dowhy.causal_estimator][WARNING] - No directed path from ['X10'] to ['X5'].
[2026-04-24 05:53:04,225][dowhy.causal_model][INFO] - Model to find the causal effect of treatment ['X10'] on outcome ['X6']
[2026-04-24 05:53:04,226][dowhy.causal_identifier.auto_identifier][WARNING] - No directed path from treatment to outcome. Causal Effect is zero.
[2026-04-24 05:53:04,226][dowhy.causal_model][INFO] - linear_regression
[2026-04-24 05:53:04,226][dowhy.causal_estimator][INFO] - INFO: Using Linear Regression Estimator
[2026-04-24 05:53:04,226][dowhy.causal_estimator][WARNING] - No directed path from ['X10'] to ['X6'].
[2026-04-24 05:53:04,227][dowhy.causal_model][INFO] - Model to find the causal effect of treatment ['X10'] on outcome ['X7']
[2026-04-24 05:53:04,227][dowhy.causal_identifier.auto_identifier][WARNING] - No directed path from treatment to outcome. Causal Effect is zero.
[2026-04-24 05:53:04,227][dowhy.causal_model][INFO] - linear_regression
[2026-04-24 05:53:04,228][dowhy.causal_estimator][INFO] - INFO: Using Linear Regression Estimator
[2026-04-24 05:53:04,228][dowhy.causal_estimator][WARNING] - No directed path from ['X10'] to ['X7'].
[2026-04-24 05:53:04,229][dowhy.causal_model][INFO] - Model to find the causal effect of treatment ['X10'] on outcome ['X8']
[2026-04-24 05:53:04,229][dowhy.causal_identifier.auto_identifier][WARNING] - No directed path from treatment to outcome. Causal Effect is zero.
[2026-04-24 05:53:04,229][dowhy.causal_model][INFO] - linear_regression
[2026-04-24 05:53:04,230][dowhy.causal_estimator][INFO] - INFO: Using Linear Regression Estimator
[2026-04-24 05:53:04,230][dowhy.causal_estimator][WARNING] - No directed path from ['X10'] to ['X8'].
[2026-04-24 05:53:04,231][dowhy.causal_model][INFO] - Model to find the causal effect of treatment ['X10'] on outcome ['X9']
[2026-04-24 05:53:04,231][dowhy.causal_identifier.auto_identifier][WARNING] - No directed path from treatment to outcome. Causal Effect is zero.
[2026-04-24 05:53:04,231][dowhy.causal_model][INFO] - linear_regression
[2026-04-24 05:53:04,231][dowhy.causal_estimator][INFO] - INFO: Using Linear Regression Estimator
[2026-04-24 05:53:04,231][dowhy.causal_estimator][WARNING] - No directed path from ['X10'] to ['X9'].
[2026-04-24 05:53:04,233][dowhy.causal_model][INFO] - Model to find the causal effect of treatment ['X10'] on outcome ['X11']
[2026-04-24 05:53:04,233][dowhy.causal_identifier.auto_identifier][WARNING] - No directed path from treatment to outcome. Causal Effect is zero.
[2026-04-24 05:53:04,233][dowhy.causal_model][INFO] - linear_regression
[2026-04-24 05:53:04,233][dowhy.causal_estimator][INFO] - INFO: Using Linear Regression Estimator
[2026-04-24 05:53:04,233][dowhy.causal_estimator][WARNING] - No directed path from ['X10'] to ['X11'].
[2026-04-24 05:53:04,290][dowhy.causal_model][INFO] - Model to find the causal effect of treatment ['X11'] on outcome ['X0']
[2026-04-24 05:53:04,290][dowhy.causal_identifier.auto_identifier][WARNING] - No directed path from treatment to outcome. Causal Effect is zero.
[2026-04-24 05:53:04,290][dowhy.causal_model][INFO] - linear_regression
[2026-04-24 05:53:04,291][dowhy.causal_estimator][INFO] - INFO: Using Linear Regression Estimator
[2026-04-24 05:53:04,291][dowhy.causal_estimator][WARNING] - No directed path from ['X11'] to ['X0'].
[2026-04-24 05:53:04,292][dowhy.causal_model][INFO] - Model to find the causal effect of treatment ['X11'] on outcome ['X1']
[2026-04-24 05:53:04,292][dowhy.causal_identifier.auto_identifier][WARNING] - No directed path from treatment to outcome. Causal Effect is zero.
[2026-04-24 05:53:04,292][dowhy.causal_model][INFO] - linear_regression
[2026-04-24 05:53:04,293][dowhy.causal_estimator][INFO] - INFO: Using Linear Regression Estimator
[2026-04-24 05:53:04,293][dowhy.causal_estimator][WARNING] - No directed path from ['X11'] to ['X1'].
[2026-04-24 05:53:04,294][dowhy.causal_model][INFO] - Model to find the causal effect of treatment ['X11'] on outcome ['X2']
[2026-04-24 05:53:04,294][dowhy.causal_identifier.auto_identifier][WARNING] - No directed path from treatment to outcome. Causal Effect is zero.
[2026-04-24 05:53:04,294][dowhy.causal_model][INFO] - linear_regression
[2026-04-24 05:53:04,294][dowhy.causal_estimator][INFO] - INFO: Using Linear Regression Estimator
[2026-04-24 05:53:04,294][dowhy.causal_estimator][WARNING] - No directed path from ['X11'] to ['X2'].
[2026-04-24 05:53:04,296][dowhy.causal_model][INFO] - Model to find the causal effect of treatment ['X11'] on outcome ['X3']
[2026-04-24 05:53:04,296][dowhy.causal_identifier.auto_identifier][WARNING] - No directed path from treatment to outcome. Causal Effect is zero.
[2026-04-24 05:53:04,296][dowhy.causal_model][INFO] - linear_regression
[2026-04-24 05:53:04,296][dowhy.causal_estimator][INFO] - INFO: Using Linear Regression Estimator
[2026-04-24 05:53:04,296][dowhy.causal_estimator][WARNING] - No directed path from ['X11'] to ['X3'].
[2026-04-24 05:53:04,298][dowhy.causal_model][INFO] - Model to find the causal effect of treatment ['X11'] on outcome ['X4']
[2026-04-24 05:53:04,298][dowhy.causal_identifier.auto_identifier][WARNING] - No directed path from treatment to outcome. Causal Effect is zero.
[2026-04-24 05:53:04,298][dowhy.causal_model][INFO] - linear_regression
[2026-04-24 05:53:04,298][dowhy.causal_estimator][INFO] - INFO: Using Linear Regression Estimator
[2026-04-24 05:53:04,298][dowhy.causal_estimator][WARNING] - No directed path from ['X11'] to ['X4'].
[2026-04-24 05:53:04,300][dowhy.causal_model][INFO] - Model to find the causal effect of treatment ['X11'] on outcome ['X5']
[2026-04-24 05:53:04,300][dowhy.causal_identifier.auto_identifier][WARNING] - No directed path from treatment to outcome. Causal Effect is zero.
[2026-04-24 05:53:04,300][dowhy.causal_model][INFO] - linear_regression
[2026-04-24 05:53:04,300][dowhy.causal_estimator][INFO] - INFO: Using Linear Regression Estimator
[2026-04-24 05:53:04,300][dowhy.causal_estimator][WARNING] - No directed path from ['X11'] to ['X5'].
[2026-04-24 05:53:04,302][dowhy.causal_model][INFO] - Model to find the causal effect of treatment ['X11'] on outcome ['X6']
[2026-04-24 05:53:04,302][dowhy.causal_identifier.auto_identifier][WARNING] - No directed path from treatment to outcome. Causal Effect is zero.
[2026-04-24 05:53:04,302][dowhy.causal_model][INFO] - linear_regression
[2026-04-24 05:53:04,302][dowhy.causal_estimator][INFO] - INFO: Using Linear Regression Estimator
[2026-04-24 05:53:04,302][dowhy.causal_estimator][WARNING] - No directed path from ['X11'] to ['X6'].
[2026-04-24 05:53:04,303][dowhy.causal_model][INFO] - Model to find the causal effect of treatment ['X11'] on outcome ['X7']
[2026-04-24 05:53:04,304][dowhy.causal_identifier.auto_identifier][WARNING] - No directed path from treatment to outcome. Causal Effect is zero.
[2026-04-24 05:53:04,304][dowhy.causal_model][INFO] - linear_regression
[2026-04-24 05:53:04,304][dowhy.causal_estimator][INFO] - INFO: Using Linear Regression Estimator
[2026-04-24 05:53:04,304][dowhy.causal_estimator][WARNING] - No directed path from ['X11'] to ['X7'].
[2026-04-24 05:53:04,305][dowhy.causal_model][INFO] - Model to find the causal effect of treatment ['X11'] on outcome ['X8']
[2026-04-24 05:53:04,305][dowhy.causal_identifier.auto_identifier][WARNING] - No directed path from treatment to outcome. Causal Effect is zero.
[2026-04-24 05:53:04,305][dowhy.causal_model][INFO] - linear_regression
[2026-04-24 05:53:04,305][dowhy.causal_estimator][INFO] - INFO: Using Linear Regression Estimator
[2026-04-24 05:53:04,305][dowhy.causal_estimator][WARNING] - No directed path from ['X11'] to ['X8'].
[2026-04-24 05:53:04,307][dowhy.causal_model][INFO] - Model to find the causal effect of treatment ['X11'] on outcome ['X9']
[2026-04-24 05:53:04,307][dowhy.causal_identifier.auto_identifier][WARNING] - No directed path from treatment to outcome. Causal Effect is zero.
[2026-04-24 05:53:04,307][dowhy.causal_model][INFO] - linear_regression
[2026-04-24 05:53:04,307][dowhy.causal_estimator][INFO] - INFO: Using Linear Regression Estimator
[2026-04-24 05:53:04,307][dowhy.causal_estimator][WARNING] - No directed path from ['X11'] to ['X9'].
[2026-04-24 05:53:04,309][dowhy.causal_model][INFO] - Model to find the causal effect of treatment ['X11'] on outcome ['X10']
[2026-04-24 05:53:04,309][dowhy.causal_identifier.auto_identifier][WARNING] - No directed path from treatment to outcome. Causal Effect is zero.
[2026-04-24 05:53:04,309][dowhy.causal_model][INFO] - linear_regression
[2026-04-24 05:53:04,309][dowhy.causal_estimator][INFO] - INFO: Using Linear Regression Estimator
[2026-04-24 05:53:04,309][dowhy.causal_estimator][WARNING] - No directed path from ['X11'] to ['X10'].
[2026-04-24 05:53:04,387][dowhy.causal_model][INFO] - Model to find the causal effect of treatment ['X0'] on outcome ['X1']
[2026-04-24 05:53:04,387][dowhy.causal_identifier.auto_identifier][WARNING] - No directed path from treatment to outcome. Causal Effect is zero.
[2026-04-24 05:53:04,387][dowhy.causal_model][INFO] - linear_regression
[2026-04-24 05:53:04,387][dowhy.causal_estimator][INFO] - INFO: Using Linear Regression Estimator
[2026-04-24 05:53:04,387][dowhy.causal_estimator][WARNING] - No directed path from ['X0'] to ['X1'].
[2026-04-24 05:53:04,389][dowhy.causal_model][INFO] - Model to find the causal effect of treatment ['X0'] on outcome ['X2']
[2026-04-24 05:53:04,389][dowhy.causal_identifier.auto_identifier][WARNING] - No directed path from treatment to outcome. Causal Effect is zero.
[2026-04-24 05:53:04,389][dowhy.causal_model][INFO] - linear_regression
[2026-04-24 05:53:04,389][dowhy.causal_estimator][INFO] - INFO: Using Linear Regression Estimator
[2026-04-24 05:53:04,389][dowhy.causal_estimator][WARNING] - No directed path from ['X0'] to ['X2'].
[2026-04-24 05:53:04,391][dowhy.causal_model][INFO] - Model to find the causal effect of treatment ['X0'] on outcome ['X3']
[2026-04-24 05:53:04,391][dowhy.causal_identifier.auto_identifier][WARNING] - No directed path from treatment to outcome. Causal Effect is zero.
[2026-04-24 05:53:04,391][dowhy.causal_model][INFO] - linear_regression
[2026-04-24 05:53:04,391][dowhy.causal_estimator][INFO] - INFO: Using Linear Regression Estimator
[2026-04-24 05:53:04,391][dowhy.causal_estimator][WARNING] - No directed path from ['X0'] to ['X3'].
[2026-04-24 05:53:04,393][dowhy.causal_model][INFO] - Model to find the causal effect of treatment ['X0'] on outcome ['X4']
[2026-04-24 05:53:04,393][dowhy.causal_identifier.auto_identifier][WARNING] - No directed path from treatment to outcome. Causal Effect is zero.
[2026-04-24 05:53:04,393][dowhy.causal_model][INFO] - linear_regression
[2026-04-24 05:53:04,393][dowhy.causal_estimator][INFO] - INFO: Using Linear Regression Estimator
[2026-04-24 05:53:04,393][dowhy.causal_estimator][WARNING] - No directed path from ['X0'] to ['X4'].
[2026-04-24 05:53:04,395][dowhy.causal_model][INFO] - Model to find the causal effect of treatment ['X0'] on outcome ['X5']
[2026-04-24 05:53:04,396][dowhy.causal_identifier.auto_identifier][INFO] - Causal effect can be identified.
[2026-04-24 05:53:04,396][dowhy.causal_identifier.auto_identifier][INFO] - Instrumental variables for treatment and outcome:[]
[2026-04-24 05:53:04,396][dowhy.causal_identifier.auto_identifier][INFO] - Frontdoor variables for treatment and outcome:[]
[2026-04-24 05:53:04,396][dowhy.causal_model][INFO] - linear_regression
[2026-04-24 05:53:04,396][dowhy.causal_estimator][INFO] - INFO: Using Linear Regression Estimator
[2026-04-24 05:53:04,397][dowhy.causal_estimator][INFO] - b: X5~X0+X0*X1
[2026-04-24 05:53:04,404][dowhy.causal_model][INFO] - Model to find the causal effect of treatment ['X0'] on outcome ['X6']
[2026-04-24 05:53:04,405][dowhy.causal_identifier.auto_identifier][INFO] - Causal effect can be identified.
[2026-04-24 05:53:04,406][dowhy.causal_identifier.auto_identifier][INFO] - Instrumental variables for treatment and outcome:[]
[2026-04-24 05:53:04,406][dowhy.causal_identifier.auto_identifier][INFO] - Frontdoor variables for treatment and outcome:[]
[2026-04-24 05:53:04,406][dowhy.causal_model][INFO] - linear_regression
[2026-04-24 05:53:04,406][dowhy.causal_estimator][INFO] - INFO: Using Linear Regression Estimator
[2026-04-24 05:53:04,407][dowhy.causal_estimator][INFO] - b: X6~X0+X0*X1
[2026-04-24 05:53:04,414][dowhy.causal_model][INFO] - Model to find the causal effect of treatment ['X0'] on outcome ['X7']
[2026-04-24 05:53:04,415][dowhy.causal_identifier.auto_identifier][INFO] - Causal effect can be identified.
[2026-04-24 05:53:04,416][dowhy.causal_identifier.auto_identifier][INFO] - Instrumental variables for treatment and outcome:[]
[2026-04-24 05:53:04,417][dowhy.causal_identifier.auto_identifier][INFO] - Frontdoor variables for treatment and outcome:['X9', 'X5', 'X6']
[2026-04-24 05:53:04,419][dowhy.causal_identifier.auto_identifier][INFO] - Causal effect can be identified.
[2026-04-24 05:53:04,420][dowhy.causal_identifier.auto_identifier][INFO] - Causal effect can be identified.
[2026-04-24 05:53:04,421][dowhy.causal_model][INFO] - linear_regression
[2026-04-24 05:53:04,421][dowhy.causal_estimator][INFO] - INFO: Using Linear Regression Estimator
[2026-04-24 05:53:04,421][dowhy.causal_estimator][INFO] - b: X7~X0+X0*X2+X0*X1+X0*X3
[2026-04-24 05:53:04,429][dowhy.causal_model][INFO] - Model to find the causal effect of treatment ['X0'] on outcome ['X8']
[2026-04-24 05:53:04,430][dowhy.causal_identifier.auto_identifier][INFO] - Causal effect can be identified.
[2026-04-24 05:53:04,431][dowhy.causal_identifier.auto_identifier][INFO] - Instrumental variables for treatment and outcome:[]
[2026-04-24 05:53:04,436][dowhy.causal_identifier.auto_identifier][INFO] - Frontdoor variables for treatment and outcome:['X5', 'X9', 'X6']
[2026-04-24 05:53:04,438][dowhy.causal_identifier.auto_identifier][INFO] - Causal effect can be identified.
[2026-04-24 05:53:04,439][dowhy.causal_identifier.auto_identifier][INFO] - Causal effect can be identified.
[2026-04-24 05:53:04,440][dowhy.causal_model][INFO] - linear_regression
[2026-04-24 05:53:04,440][dowhy.causal_estimator][INFO] - INFO: Using Linear Regression Estimator
[2026-04-24 05:53:04,441][dowhy.causal_estimator][INFO] - b: X8~X0+X0*X2+X0*X1+X0*X3
[2026-04-24 05:53:04,449][dowhy.causal_model][INFO] - Model to find the causal effect of treatment ['X0'] on outcome ['X9']
[2026-04-24 05:53:04,450][dowhy.causal_identifier.auto_identifier][INFO] - Causal effect can be identified.
[2026-04-24 05:53:04,451][dowhy.causal_identifier.auto_identifier][INFO] - Instrumental variables for treatment and outcome:[]
[2026-04-24 05:53:04,457][dowhy.causal_identifier.auto_identifier][INFO] - Frontdoor variables for treatment and outcome:[]
[2026-04-24 05:53:04,457][dowhy.causal_model][INFO] - linear_regression
[2026-04-24 05:53:04,457][dowhy.causal_estimator][INFO] - INFO: Using Linear Regression Estimator
[2026-04-24 05:53:04,458][dowhy.causal_estimator][INFO] - b: X9~X0+X0*X1
[2026-04-24 05:53:04,466][dowhy.causal_model][INFO] - Model to find the causal effect of treatment ['X0'] on outcome ['X10']
[2026-04-24 05:53:04,468][dowhy.causal_identifier.auto_identifier][INFO] - Causal effect can be identified.
[2026-04-24 05:53:04,469][dowhy.causal_identifier.auto_identifier][INFO] - Instrumental variables for treatment and outcome:[]
[2026-04-24 05:53:04,482][dowhy.causal_identifier.auto_identifier][INFO] - Frontdoor variables for treatment and outcome:['X5', 'X9', 'X6']
[2026-04-24 05:53:04,484][dowhy.causal_identifier.auto_identifier][INFO] - Causal effect can be identified.
[2026-04-24 05:53:04,486][dowhy.causal_identifier.auto_identifier][INFO] - Causal effect can be identified.
[2026-04-24 05:53:04,486][dowhy.causal_model][INFO] - linear_regression
[2026-04-24 05:53:04,487][dowhy.causal_estimator][INFO] - INFO: Using Linear Regression Estimator
[2026-04-24 05:53:04,487][dowhy.causal_estimator][INFO] - b: X10~X0+X0*X2+X0*X1+X0*X3
[2026-04-24 05:53:04,495][dowhy.causal_model][INFO] - Model to find the causal effect of treatment ['X0'] on outcome ['X11']
[2026-04-24 05:53:04,497][dowhy.causal_identifier.auto_identifier][INFO] - Causal effect can be identified.
[2026-04-24 05:53:04,498][dowhy.causal_identifier.auto_identifier][INFO] - Instrumental variables for treatment and outcome:[]
[2026-04-24 05:53:04,500][dowhy.causal_identifier.auto_identifier][INFO] - Frontdoor variables for treatment and outcome:['X8', 'X7', 'X5', 'X9', 'X6', 'X10']
[2026-04-24 05:53:04,502][dowhy.causal_identifier.auto_identifier][INFO] - Causal effect can be identified.
[2026-04-24 05:53:04,504][dowhy.causal_identifier.auto_identifier][INFO] - Causal effect can be identified.
[2026-04-24 05:53:04,505][dowhy.causal_model][INFO] - linear_regression
[2026-04-24 05:53:04,505][dowhy.causal_estimator][INFO] - INFO: Using Linear Regression Estimator
[2026-04-24 05:53:04,506][dowhy.causal_estimator][INFO] - b: X11~X0+X0*X2+X0*X1+X0*X3+X0*X4
[2026-04-24 05:53:04,568][dowhy.causal_model][INFO] - Model to find the causal effect of treatment ['X1'] on outcome ['X0']
[2026-04-24 05:53:04,568][dowhy.causal_identifier.auto_identifier][WARNING] - No directed path from treatment to outcome. Causal Effect is zero.
[2026-04-24 05:53:04,568][dowhy.causal_model][INFO] - linear_regression
[2026-04-24 05:53:04,568][dowhy.causal_estimator][INFO] - INFO: Using Linear Regression Estimator
[2026-04-24 05:53:04,569][dowhy.causal_estimator][WARNING] - No directed path from ['X1'] to ['X0'].
[2026-04-24 05:53:04,570][dowhy.causal_model][INFO] - Model to find the causal effect of treatment ['X1'] on outcome ['X2']
[2026-04-24 05:53:04,570][dowhy.causal_identifier.auto_identifier][WARNING] - No directed path from treatment to outcome. Causal Effect is zero.
[2026-04-24 05:53:04,570][dowhy.causal_model][INFO] - linear_regression
[2026-04-24 05:53:04,570][dowhy.causal_estimator][INFO] - INFO: Using Linear Regression Estimator
[2026-04-24 05:53:04,570][dowhy.causal_estimator][WARNING] - No directed path from ['X1'] to ['X2'].
[2026-04-24 05:53:04,572][dowhy.causal_model][INFO] - Model to find the causal effect of treatment ['X1'] on outcome ['X3']
[2026-04-24 05:53:04,572][dowhy.causal_identifier.auto_identifier][WARNING] - No directed path from treatment to outcome. Causal Effect is zero.
[2026-04-24 05:53:04,572][dowhy.causal_model][INFO] - linear_regression
[2026-04-24 05:53:04,572][dowhy.causal_estimator][INFO] - INFO: Using Linear Regression Estimator
[2026-04-24 05:53:04,572][dowhy.causal_estimator][WARNING] - No directed path from ['X1'] to ['X3'].
[2026-04-24 05:53:04,574][dowhy.causal_model][INFO] - Model to find the causal effect of treatment ['X1'] on outcome ['X4']
[2026-04-24 05:53:04,574][dowhy.causal_identifier.auto_identifier][WARNING] - No directed path from treatment to outcome. Causal Effect is zero.
[2026-04-24 05:53:04,574][dowhy.causal_model][INFO] - linear_regression
[2026-04-24 05:53:04,574][dowhy.causal_estimator][INFO] - INFO: Using Linear Regression Estimator
[2026-04-24 05:53:04,574][dowhy.causal_estimator][WARNING] - No directed path from ['X1'] to ['X4'].
[2026-04-24 05:53:04,576][dowhy.causal_model][INFO] - Model to find the causal effect of treatment ['X1'] on outcome ['X5']
[2026-04-24 05:53:04,577][dowhy.causal_identifier.auto_identifier][INFO] - Causal effect can be identified.
[2026-04-24 05:53:04,578][dowhy.causal_identifier.auto_identifier][INFO] - Instrumental variables for treatment and outcome:[]
[2026-04-24 05:53:04,578][dowhy.causal_identifier.auto_identifier][INFO] - Frontdoor variables for treatment and outcome:[]
[2026-04-24 05:53:04,578][dowhy.causal_model][INFO] - linear_regression
[2026-04-24 05:53:04,578][dowhy.causal_estimator][INFO] - INFO: Using Linear Regression Estimator
[2026-04-24 05:53:04,578][dowhy.causal_estimator][INFO] - b: X5~X1+X1*X0
[2026-04-24 05:53:04,586][dowhy.causal_model][INFO] - Model to find the causal effect of treatment ['X1'] on outcome ['X6']
[2026-04-24 05:53:04,587][dowhy.causal_identifier.auto_identifier][INFO] - Causal effect can be identified.
[2026-04-24 05:53:04,587][dowhy.causal_identifier.auto_identifier][INFO] - Instrumental variables for treatment and outcome:[]
[2026-04-24 05:53:04,588][dowhy.causal_identifier.auto_identifier][INFO] - Frontdoor variables for treatment and outcome:[]
[2026-04-24 05:53:04,588][dowhy.causal_model][INFO] - linear_regression
[2026-04-24 05:53:04,588][dowhy.causal_estimator][INFO] - INFO: Using Linear Regression Estimator
[2026-04-24 05:53:04,588][dowhy.causal_estimator][INFO] - b: X6~X1+X1*X0
[2026-04-24 05:53:04,595][dowhy.causal_model][INFO] - Model to find the causal effect of treatment ['X1'] on outcome ['X7']
[2026-04-24 05:53:04,597][dowhy.causal_identifier.auto_identifier][INFO] - Causal effect can be identified.
[2026-04-24 05:53:04,597][dowhy.causal_identifier.auto_identifier][INFO] - Instrumental variables for treatment and outcome:[]
[2026-04-24 05:53:04,599][dowhy.causal_identifier.auto_identifier][INFO] - Frontdoor variables for treatment and outcome:['X9', 'X5', 'X6']
[2026-04-24 05:53:04,600][dowhy.causal_identifier.auto_identifier][INFO] - Causal effect can be identified.
[2026-04-24 05:53:04,602][dowhy.causal_identifier.auto_identifier][INFO] - Causal effect can be identified.
[2026-04-24 05:53:04,603][dowhy.causal_model][INFO] - linear_regression
[2026-04-24 05:53:04,603][dowhy.causal_estimator][INFO] - INFO: Using Linear Regression Estimator
[2026-04-24 05:53:04,603][dowhy.causal_estimator][INFO] - b: X7~X1+X1*X2+X1*X3+X1*X0
[2026-04-24 05:53:04,610][dowhy.causal_model][INFO] - Model to find the causal effect of treatment ['X1'] on outcome ['X8']
[2026-04-24 05:53:04,612][dowhy.causal_identifier.auto_identifier][INFO] - Causal effect can be identified.
[2026-04-24 05:53:04,612][dowhy.causal_identifier.auto_identifier][INFO] - Instrumental variables for treatment and outcome:[]
[2026-04-24 05:53:04,618][dowhy.causal_identifier.auto_identifier][INFO] - Frontdoor variables for treatment and outcome:['X5', 'X9', 'X6']
[2026-04-24 05:53:04,619][dowhy.causal_identifier.auto_identifier][INFO] - Causal effect can be identified.
[2026-04-24 05:53:04,621][dowhy.causal_identifier.auto_identifier][INFO] - Causal effect can be identified.
[2026-04-24 05:53:04,622][dowhy.causal_model][INFO] - linear_regression
[2026-04-24 05:53:04,622][dowhy.causal_estimator][INFO] - INFO: Using Linear Regression Estimator
[2026-04-24 05:53:04,622][dowhy.causal_estimator][INFO] - b: X8~X1+X1*X2+X1*X3+X1*X0
[2026-04-24 05:53:04,629][dowhy.causal_model][INFO] - Model to find the causal effect of treatment ['X1'] on outcome ['X9']
[2026-04-24 05:53:04,631][dowhy.causal_identifier.auto_identifier][INFO] - Causal effect can be identified.
[2026-04-24 05:53:04,631][dowhy.causal_identifier.auto_identifier][INFO] - Instrumental variables for treatment and outcome:[]
[2026-04-24 05:53:04,637][dowhy.causal_identifier.auto_identifier][INFO] - Frontdoor variables for treatment and outcome:[]
[2026-04-24 05:53:04,637][dowhy.causal_model][INFO] - linear_regression
[2026-04-24 05:53:04,637][dowhy.causal_estimator][INFO] - INFO: Using Linear Regression Estimator
[2026-04-24 05:53:04,638][dowhy.causal_estimator][INFO] - b: X9~X1+X1*X0
[2026-04-24 05:53:04,646][dowhy.causal_model][INFO] - Model to find the causal effect of treatment ['X1'] on outcome ['X10']
[2026-04-24 05:53:04,647][dowhy.causal_identifier.auto_identifier][INFO] - Causal effect can be identified.
[2026-04-24 05:53:04,648][dowhy.causal_identifier.auto_identifier][INFO] - Instrumental variables for treatment and outcome:[]
[2026-04-24 05:53:04,661][dowhy.causal_identifier.auto_identifier][INFO] - Frontdoor variables for treatment and outcome:['X5', 'X9', 'X6']
[2026-04-24 05:53:04,663][dowhy.causal_identifier.auto_identifier][INFO] - Causal effect can be identified.
[2026-04-24 05:53:04,665][dowhy.causal_identifier.auto_identifier][INFO] - Causal effect can be identified.
[2026-04-24 05:53:04,666][dowhy.causal_model][INFO] - linear_regression
[2026-04-24 05:53:04,666][dowhy.causal_estimator][INFO] - INFO: Using Linear Regression Estimator
[2026-04-24 05:53:04,666][dowhy.causal_estimator][INFO] - b: X10~X1+X1*X2+X1*X3+X1*X0
[2026-04-24 05:53:04,675][dowhy.causal_model][INFO] - Model to find the causal effect of treatment ['X1'] on outcome ['X11']
[2026-04-24 05:53:04,676][dowhy.causal_identifier.auto_identifier][INFO] - Causal effect can be identified.
[2026-04-24 05:53:04,677][dowhy.causal_identifier.auto_identifier][INFO] - Instrumental variables for treatment and outcome:[]
[2026-04-24 05:53:04,679][dowhy.causal_identifier.auto_identifier][INFO] - Frontdoor variables for treatment and outcome:['X8', 'X7', 'X5', 'X9', 'X6', 'X10']
[2026-04-24 05:53:04,681][dowhy.causal_identifier.auto_identifier][INFO] - Causal effect can be identified.
[2026-04-24 05:53:04,684][dowhy.causal_identifier.auto_identifier][INFO] - Causal effect can be identified.
[2026-04-24 05:53:04,685][dowhy.causal_model][INFO] - linear_regression
[2026-04-24 05:53:04,685][dowhy.causal_estimator][INFO] - INFO: Using Linear Regression Estimator
[2026-04-24 05:53:04,685][dowhy.causal_estimator][INFO] - b: X11~X1+X1*X2+X1*X3+X1*X0+X1*X4
[2026-04-24 05:53:04,750][dowhy.causal_model][INFO] - Model to find the causal effect of treatment ['X2'] on outcome ['X0']
[2026-04-24 05:53:04,750][dowhy.causal_identifier.auto_identifier][WARNING] - No directed path from treatment to outcome. Causal Effect is zero.
[2026-04-24 05:53:04,750][dowhy.causal_model][INFO] - linear_regression
[2026-04-24 05:53:04,750][dowhy.causal_estimator][INFO] - INFO: Using Linear Regression Estimator
[2026-04-24 05:53:04,750][dowhy.causal_estimator][WARNING] - No directed path from ['X2'] to ['X0'].
[2026-04-24 05:53:04,752][dowhy.causal_model][INFO] - Model to find the causal effect of treatment ['X2'] on outcome ['X1']
[2026-04-24 05:53:04,752][dowhy.causal_identifier.auto_identifier][WARNING] - No directed path from treatment to outcome. Causal Effect is zero.
[2026-04-24 05:53:04,752][dowhy.causal_model][INFO] - linear_regression
[2026-04-24 05:53:04,752][dowhy.causal_estimator][INFO] - INFO: Using Linear Regression Estimator
[2026-04-24 05:53:04,752][dowhy.causal_estimator][WARNING] - No directed path from ['X2'] to ['X1'].
[2026-04-24 05:53:04,754][dowhy.causal_model][INFO] - Model to find the causal effect of treatment ['X2'] on outcome ['X3']
[2026-04-24 05:53:04,754][dowhy.causal_identifier.auto_identifier][WARNING] - No directed path from treatment to outcome. Causal Effect is zero.
[2026-04-24 05:53:04,754][dowhy.causal_model][INFO] - linear_regression
[2026-04-24 05:53:04,754][dowhy.causal_estimator][INFO] - INFO: Using Linear Regression Estimator
[2026-04-24 05:53:04,755][dowhy.causal_estimator][WARNING] - No directed path from ['X2'] to ['X3'].
[2026-04-24 05:53:04,756][dowhy.causal_model][INFO] - Model to find the causal effect of treatment ['X2'] on outcome ['X4']
[2026-04-24 05:53:04,756][dowhy.causal_identifier.auto_identifier][WARNING] - No directed path from treatment to outcome. Causal Effect is zero.
[2026-04-24 05:53:04,756][dowhy.causal_model][INFO] - linear_regression
[2026-04-24 05:53:04,756][dowhy.causal_estimator][INFO] - INFO: Using Linear Regression Estimator
[2026-04-24 05:53:04,756][dowhy.causal_estimator][WARNING] - No directed path from ['X2'] to ['X4'].
[2026-04-24 05:53:04,758][dowhy.causal_model][INFO] - Model to find the causal effect of treatment ['X2'] on outcome ['X5']
[2026-04-24 05:53:04,758][dowhy.causal_identifier.auto_identifier][WARNING] - No directed path from treatment to outcome. Causal Effect is zero.
[2026-04-24 05:53:04,758][dowhy.causal_model][INFO] - linear_regression
[2026-04-24 05:53:04,758][dowhy.causal_estimator][INFO] - INFO: Using Linear Regression Estimator
[2026-04-24 05:53:04,758][dowhy.causal_estimator][WARNING] - No directed path from ['X2'] to ['X5'].
[2026-04-24 05:53:04,760][dowhy.causal_model][INFO] - Model to find the causal effect of treatment ['X2'] on outcome ['X6']
[2026-04-24 05:53:04,760][dowhy.causal_identifier.auto_identifier][WARNING] - No directed path from treatment to outcome. Causal Effect is zero.
[2026-04-24 05:53:04,760][dowhy.causal_model][INFO] - linear_regression
[2026-04-24 05:53:04,760][dowhy.causal_estimator][INFO] - INFO: Using Linear Regression Estimator
[2026-04-24 05:53:04,760][dowhy.causal_estimator][WARNING] - No directed path from ['X2'] to ['X6'].
[2026-04-24 05:53:04,762][dowhy.causal_model][INFO] - Model to find the causal effect of treatment ['X2'] on outcome ['X7']
[2026-04-24 05:53:04,764][dowhy.causal_identifier.auto_identifier][INFO] - Causal effect can be identified.
[2026-04-24 05:53:04,765][dowhy.causal_identifier.auto_identifier][INFO] - Instrumental variables for treatment and outcome:[]
[2026-04-24 05:53:04,765][dowhy.causal_identifier.auto_identifier][INFO] - Frontdoor variables for treatment and outcome:[]
[2026-04-24 05:53:04,765][dowhy.causal_model][INFO] - linear_regression
[2026-04-24 05:53:04,765][dowhy.causal_estimator][INFO] - INFO: Using Linear Regression Estimator
[2026-04-24 05:53:04,765][dowhy.causal_estimator][INFO] - b: X7~X2+X2*X1+X2*X5+X2*X3+X2*X0+X2*X6
[2026-04-24 05:53:04,774][dowhy.causal_model][INFO] - Model to find the causal effect of treatment ['X2'] on outcome ['X8']
[2026-04-24 05:53:04,776][dowhy.causal_identifier.auto_identifier][INFO] - Causal effect can be identified.
[2026-04-24 05:53:04,777][dowhy.causal_identifier.auto_identifier][INFO] - Instrumental variables for treatment and outcome:[]
[2026-04-24 05:53:04,777][dowhy.causal_identifier.auto_identifier][INFO] - Frontdoor variables for treatment and outcome:[]
[2026-04-24 05:53:04,777][dowhy.causal_model][INFO] - linear_regression
[2026-04-24 05:53:04,777][dowhy.causal_estimator][INFO] - INFO: Using Linear Regression Estimator
[2026-04-24 05:53:04,777][dowhy.causal_estimator][INFO] - b: X8~X2+X2*X1+X2*X5+X2*X3+X2*X0+X2*X6
[2026-04-24 05:53:04,785][dowhy.causal_model][INFO] - Model to find the causal effect of treatment ['X2'] on outcome ['X9']
[2026-04-24 05:53:04,785][dowhy.causal_identifier.auto_identifier][WARNING] - No directed path from treatment to outcome. Causal Effect is zero.
[2026-04-24 05:53:04,786][dowhy.causal_model][INFO] - linear_regression
[2026-04-24 05:53:04,786][dowhy.causal_estimator][INFO] - INFO: Using Linear Regression Estimator
[2026-04-24 05:53:04,786][dowhy.causal_estimator][WARNING] - No directed path from ['X2'] to ['X9'].
[2026-04-24 05:53:04,787][dowhy.causal_model][INFO] - Model to find the causal effect of treatment ['X2'] on outcome ['X10']
[2026-04-24 05:53:04,789][dowhy.causal_identifier.auto_identifier][INFO] - Causal effect can be identified.
[2026-04-24 05:53:04,790][dowhy.causal_identifier.auto_identifier][INFO] - Instrumental variables for treatment and outcome:[]
[2026-04-24 05:53:04,791][dowhy.causal_identifier.auto_identifier][INFO] - Frontdoor variables for treatment and outcome:[]
[2026-04-24 05:53:04,791][dowhy.causal_model][INFO] - linear_regression
[2026-04-24 05:53:04,791][dowhy.causal_estimator][INFO] - INFO: Using Linear Regression Estimator
[2026-04-24 05:53:04,791][dowhy.causal_estimator][INFO] - b: X10~X2+X2*X1+X2*X5+X2*X3+X2*X0+X2*X6
[2026-04-24 05:53:04,799][dowhy.causal_model][INFO] - Model to find the causal effect of treatment ['X2'] on outcome ['X11']
[2026-04-24 05:53:04,802][dowhy.causal_identifier.auto_identifier][INFO] - Causal effect can be identified.
[2026-04-24 05:53:04,802][dowhy.causal_identifier.auto_identifier][INFO] - Instrumental variables for treatment and outcome:[]
[2026-04-24 05:53:04,804][dowhy.causal_identifier.auto_identifier][INFO] - Frontdoor variables for treatment and outcome:['X8', 'X7', 'X10']
[2026-04-24 05:53:04,806][dowhy.causal_identifier.auto_identifier][INFO] - Causal effect can be identified.
[2026-04-24 05:53:04,809][dowhy.causal_identifier.auto_identifier][INFO] - Causal effect can be identified.
[2026-04-24 05:53:04,810][dowhy.causal_model][INFO] - linear_regression
[2026-04-24 05:53:04,810][dowhy.causal_estimator][INFO] - INFO: Using Linear Regression Estimator
[2026-04-24 05:53:04,811][dowhy.causal_estimator][INFO] - b: X11~X2+X2*X1+X2*X5+X2*X3+X2*X0+X2*X6+X2*X4
[2026-04-24 05:53:04,869][dowhy.causal_model][INFO] - Model to find the causal effect of treatment ['X3'] on outcome ['X0']
[2026-04-24 05:53:04,870][dowhy.causal_identifier.auto_identifier][WARNING] - No directed path from treatment to outcome. Causal Effect is zero.
[2026-04-24 05:53:04,870][dowhy.causal_model][INFO] - linear_regression
[2026-04-24 05:53:04,870][dowhy.causal_estimator][INFO] - INFO: Using Linear Regression Estimator
[2026-04-24 05:53:04,870][dowhy.causal_estimator][WARNING] - No directed path from ['X3'] to ['X0'].
[2026-04-24 05:53:04,872][dowhy.causal_model][INFO] - Model to find the causal effect of treatment ['X3'] on outcome ['X1']
[2026-04-24 05:53:04,872][dowhy.causal_identifier.auto_identifier][WARNING] - No directed path from treatment to outcome. Causal Effect is zero.
[2026-04-24 05:53:04,872][dowhy.causal_model][INFO] - linear_regression
[2026-04-24 05:53:04,872][dowhy.causal_estimator][INFO] - INFO: Using Linear Regression Estimator
[2026-04-24 05:53:04,872][dowhy.causal_estimator][WARNING] - No directed path from ['X3'] to ['X1'].
[2026-04-24 05:53:04,874][dowhy.causal_model][INFO] - Model to find the causal effect of treatment ['X3'] on outcome ['X2']
[2026-04-24 05:53:04,874][dowhy.causal_identifier.auto_identifier][WARNING] - No directed path from treatment to outcome. Causal Effect is zero.
[2026-04-24 05:53:04,874][dowhy.causal_model][INFO] - linear_regression
[2026-04-24 05:53:04,874][dowhy.causal_estimator][INFO] - INFO: Using Linear Regression Estimator
[2026-04-24 05:53:04,874][dowhy.causal_estimator][WARNING] - No directed path from ['X3'] to ['X2'].
[2026-04-24 05:53:04,876][dowhy.causal_model][INFO] - Model to find the causal effect of treatment ['X3'] on outcome ['X4']
[2026-04-24 05:53:04,876][dowhy.causal_identifier.auto_identifier][WARNING] - No directed path from treatment to outcome. Causal Effect is zero.
[2026-04-24 05:53:04,876][dowhy.causal_model][INFO] - linear_regression
[2026-04-24 05:53:04,876][dowhy.causal_estimator][INFO] - INFO: Using Linear Regression Estimator
[2026-04-24 05:53:04,876][dowhy.causal_estimator][WARNING] - No directed path from ['X3'] to ['X4'].
[2026-04-24 05:53:04,878][dowhy.causal_model][INFO] - Model to find the causal effect of treatment ['X3'] on outcome ['X5']
[2026-04-24 05:53:04,878][dowhy.causal_identifier.auto_identifier][WARNING] - No directed path from treatment to outcome. Causal Effect is zero.
[2026-04-24 05:53:04,878][dowhy.causal_model][INFO] - linear_regression
[2026-04-24 05:53:04,878][dowhy.causal_estimator][INFO] - INFO: Using Linear Regression Estimator
[2026-04-24 05:53:04,878][dowhy.causal_estimator][WARNING] - No directed path from ['X3'] to ['X5'].
[2026-04-24 05:53:04,880][dowhy.causal_model][INFO] - Model to find the causal effect of treatment ['X3'] on outcome ['X6']
[2026-04-24 05:53:04,880][dowhy.causal_identifier.auto_identifier][WARNING] - No directed path from treatment to outcome. Causal Effect is zero.
[2026-04-24 05:53:04,880][dowhy.causal_model][INFO] - linear_regression
[2026-04-24 05:53:04,880][dowhy.causal_estimator][INFO] - INFO: Using Linear Regression Estimator
[2026-04-24 05:53:04,880][dowhy.causal_estimator][WARNING] - No directed path from ['X3'] to ['X6'].
[2026-04-24 05:53:04,882][dowhy.causal_model][INFO] - Model to find the causal effect of treatment ['X3'] on outcome ['X7']
[2026-04-24 05:53:04,884][dowhy.causal_identifier.auto_identifier][INFO] - Causal effect can be identified.
[2026-04-24 05:53:04,885][dowhy.causal_identifier.auto_identifier][INFO] - Instrumental variables for treatment and outcome:[]
[2026-04-24 05:53:04,885][dowhy.causal_identifier.auto_identifier][INFO] - Frontdoor variables for treatment and outcome:[]
[2026-04-24 05:53:04,885][dowhy.causal_model][INFO] - linear_regression
[2026-04-24 05:53:04,885][dowhy.causal_estimator][INFO] - INFO: Using Linear Regression Estimator
[2026-04-24 05:53:04,886][dowhy.causal_estimator][INFO] - b: X7~X3+X3*X2+X3*X1+X3*X5+X3*X0+X3*X6
[2026-04-24 05:53:04,895][dowhy.causal_model][INFO] - Model to find the causal effect of treatment ['X3'] on outcome ['X8']
[2026-04-24 05:53:04,897][dowhy.causal_identifier.auto_identifier][INFO] - Causal effect can be identified.
[2026-04-24 05:53:04,898][dowhy.causal_identifier.auto_identifier][INFO] - Instrumental variables for treatment and outcome:[]
[2026-04-24 05:53:04,898][dowhy.causal_identifier.auto_identifier][INFO] - Frontdoor variables for treatment and outcome:[]
[2026-04-24 05:53:04,898][dowhy.causal_model][INFO] - linear_regression
[2026-04-24 05:53:04,899][dowhy.causal_estimator][INFO] - INFO: Using Linear Regression Estimator
[2026-04-24 05:53:04,899][dowhy.causal_estimator][INFO] - b: X8~X3+X3*X2+X3*X1+X3*X5+X3*X0+X3*X6
[2026-04-24 05:53:04,908][dowhy.causal_model][INFO] - Model to find the causal effect of treatment ['X3'] on outcome ['X9']
[2026-04-24 05:53:04,908][dowhy.causal_identifier.auto_identifier][WARNING] - No directed path from treatment to outcome. Causal Effect is zero.
[2026-04-24 05:53:04,908][dowhy.causal_model][INFO] - linear_regression
[2026-04-24 05:53:04,908][dowhy.causal_estimator][INFO] - INFO: Using Linear Regression Estimator
[2026-04-24 05:53:04,908][dowhy.causal_estimator][WARNING] - No directed path from ['X3'] to ['X9'].
[2026-04-24 05:53:04,910][dowhy.causal_model][INFO] - Model to find the causal effect of treatment ['X3'] on outcome ['X10']
[2026-04-24 05:53:04,912][dowhy.causal_identifier.auto_identifier][INFO] - Causal effect can be identified.
[2026-04-24 05:53:04,913][dowhy.causal_identifier.auto_identifier][INFO] - Instrumental variables for treatment and outcome:[]
[2026-04-24 05:53:04,914][dowhy.causal_identifier.auto_identifier][INFO] - Frontdoor variables for treatment and outcome:[]
[2026-04-24 05:53:04,914][dowhy.causal_model][INFO] - linear_regression
[2026-04-24 05:53:04,914][dowhy.causal_estimator][INFO] - INFO: Using Linear Regression Estimator
[2026-04-24 05:53:04,914][dowhy.causal_estimator][INFO] - b: X10~X3+X3*X2+X3*X1+X3*X5+X3*X0+X3*X6
[2026-04-24 05:53:04,923][dowhy.causal_model][INFO] - Model to find the causal effect of treatment ['X3'] on outcome ['X11']
[2026-04-24 05:53:04,925][dowhy.causal_identifier.auto_identifier][INFO] - Causal effect can be identified.
[2026-04-24 05:53:04,926][dowhy.causal_identifier.auto_identifier][INFO] - Instrumental variables for treatment and outcome:[]
[2026-04-24 05:53:04,928][dowhy.causal_identifier.auto_identifier][INFO] - Frontdoor variables for treatment and outcome:['X8', 'X7', 'X10']
[2026-04-24 05:53:04,930][dowhy.causal_identifier.auto_identifier][INFO] - Causal effect can be identified.
[2026-04-24 05:53:04,933][dowhy.causal_identifier.auto_identifier][INFO] - Causal effect can be identified.
[2026-04-24 05:53:04,935][dowhy.causal_model][INFO] - linear_regression
[2026-04-24 05:53:04,935][dowhy.causal_estimator][INFO] - INFO: Using Linear Regression Estimator
[2026-04-24 05:53:04,935][dowhy.causal_estimator][INFO] - b: X11~X3+X3*X2+X3*X1+X3*X5+X3*X0+X3*X6+X3*X4
[2026-04-24 05:53:04,994][dowhy.causal_model][INFO] - Model to find the causal effect of treatment ['X4'] on outcome ['X0']
[2026-04-24 05:53:04,994][dowhy.causal_identifier.auto_identifier][WARNING] - No directed path from treatment to outcome. Causal Effect is zero.
[2026-04-24 05:53:04,995][dowhy.causal_model][INFO] - linear_regression
[2026-04-24 05:53:04,995][dowhy.causal_estimator][INFO] - INFO: Using Linear Regression Estimator
[2026-04-24 05:53:04,995][dowhy.causal_estimator][WARNING] - No directed path from ['X4'] to ['X0'].
[2026-04-24 05:53:04,996][dowhy.causal_model][INFO] - Model to find the causal effect of treatment ['X4'] on outcome ['X1']
[2026-04-24 05:53:04,996][dowhy.causal_identifier.auto_identifier][WARNING] - No directed path from treatment to outcome. Causal Effect is zero.
[2026-04-24 05:53:04,996][dowhy.causal_model][INFO] - linear_regression
[2026-04-24 05:53:04,997][dowhy.causal_estimator][INFO] - INFO: Using Linear Regression Estimator
[2026-04-24 05:53:04,997][dowhy.causal_estimator][WARNING] - No directed path from ['X4'] to ['X1'].
[2026-04-24 05:53:04,998][dowhy.causal_model][INFO] - Model to find the causal effect of treatment ['X4'] on outcome ['X2']
[2026-04-24 05:53:04,998][dowhy.causal_identifier.auto_identifier][WARNING] - No directed path from treatment to outcome. Causal Effect is zero.
[2026-04-24 05:53:04,998][dowhy.causal_model][INFO] - linear_regression
[2026-04-24 05:53:04,998][dowhy.causal_estimator][INFO] - INFO: Using Linear Regression Estimator
[2026-04-24 05:53:04,998][dowhy.causal_estimator][WARNING] - No directed path from ['X4'] to ['X2'].
[2026-04-24 05:53:05,000][dowhy.causal_model][INFO] - Model to find the causal effect of treatment ['X4'] on outcome ['X3']
[2026-04-24 05:53:05,000][dowhy.causal_identifier.auto_identifier][WARNING] - No directed path from treatment to outcome. Causal Effect is zero.
[2026-04-24 05:53:05,000][dowhy.causal_model][INFO] - linear_regression
[2026-04-24 05:53:05,000][dowhy.causal_estimator][INFO] - INFO: Using Linear Regression Estimator
[2026-04-24 05:53:05,000][dowhy.causal_estimator][WARNING] - No directed path from ['X4'] to ['X3'].
[2026-04-24 05:53:05,002][dowhy.causal_model][INFO] - Model to find the causal effect of treatment ['X4'] on outcome ['X5']
[2026-04-24 05:53:05,002][dowhy.causal_identifier.auto_identifier][WARNING] - No directed path from treatment to outcome. Causal Effect is zero.
[2026-04-24 05:53:05,002][dowhy.causal_model][INFO] - linear_regression
[2026-04-24 05:53:05,002][dowhy.causal_estimator][INFO] - INFO: Using Linear Regression Estimator
[2026-04-24 05:53:05,002][dowhy.causal_estimator][WARNING] - No directed path from ['X4'] to ['X5'].
[2026-04-24 05:53:05,004][dowhy.causal_model][INFO] - Model to find the causal effect of treatment ['X4'] on outcome ['X6']
[2026-04-24 05:53:05,004][dowhy.causal_identifier.auto_identifier][WARNING] - No directed path from treatment to outcome. Causal Effect is zero.
[2026-04-24 05:53:05,004][dowhy.causal_model][INFO] - linear_regression
[2026-04-24 05:53:05,004][dowhy.causal_estimator][INFO] - INFO: Using Linear Regression Estimator
[2026-04-24 05:53:05,004][dowhy.causal_estimator][WARNING] - No directed path from ['X4'] to ['X6'].
[2026-04-24 05:53:05,006][dowhy.causal_model][INFO] - Model to find the causal effect of treatment ['X4'] on outcome ['X7']
[2026-04-24 05:53:05,006][dowhy.causal_identifier.auto_identifier][WARNING] - No directed path from treatment to outcome. Causal Effect is zero.
[2026-04-24 05:53:05,006][dowhy.causal_model][INFO] - linear_regression
[2026-04-24 05:53:05,006][dowhy.causal_estimator][INFO] - INFO: Using Linear Regression Estimator
[2026-04-24 05:53:05,006][dowhy.causal_estimator][WARNING] - No directed path from ['X4'] to ['X7'].
[2026-04-24 05:53:05,007][dowhy.causal_model][INFO] - Model to find the causal effect of treatment ['X4'] on outcome ['X8']
[2026-04-24 05:53:05,007][dowhy.causal_identifier.auto_identifier][WARNING] - No directed path from treatment to outcome. Causal Effect is zero.
[2026-04-24 05:53:05,007][dowhy.causal_model][INFO] - linear_regression
[2026-04-24 05:53:05,008][dowhy.causal_estimator][INFO] - INFO: Using Linear Regression Estimator
[2026-04-24 05:53:05,008][dowhy.causal_estimator][WARNING] - No directed path from ['X4'] to ['X8'].
[2026-04-24 05:53:05,009][dowhy.causal_model][INFO] - Model to find the causal effect of treatment ['X4'] on outcome ['X9']
[2026-04-24 05:53:05,009][dowhy.causal_identifier.auto_identifier][WARNING] - No directed path from treatment to outcome. Causal Effect is zero.
[2026-04-24 05:53:05,009][dowhy.causal_model][INFO] - linear_regression
[2026-04-24 05:53:05,009][dowhy.causal_estimator][INFO] - INFO: Using Linear Regression Estimator
[2026-04-24 05:53:05,009][dowhy.causal_estimator][WARNING] - No directed path from ['X4'] to ['X9'].
[2026-04-24 05:53:05,011][dowhy.causal_model][INFO] - Model to find the causal effect of treatment ['X4'] on outcome ['X10']
[2026-04-24 05:53:05,011][dowhy.causal_identifier.auto_identifier][WARNING] - No directed path from treatment to outcome. Causal Effect is zero.
[2026-04-24 05:53:05,011][dowhy.causal_model][INFO] - linear_regression
[2026-04-24 05:53:05,011][dowhy.causal_estimator][INFO] - INFO: Using Linear Regression Estimator
[2026-04-24 05:53:05,011][dowhy.causal_estimator][WARNING] - No directed path from ['X4'] to ['X10'].
[2026-04-24 05:53:05,013][dowhy.causal_model][INFO] - Model to find the causal effect of treatment ['X4'] on outcome ['X11']
[2026-04-24 05:53:05,016][dowhy.causal_identifier.auto_identifier][INFO] - Causal effect can be identified.
[2026-04-24 05:53:05,017][dowhy.causal_identifier.auto_identifier][INFO] - Instrumental variables for treatment and outcome:[]
[2026-04-24 05:53:05,017][dowhy.causal_identifier.auto_identifier][INFO] - Frontdoor variables for treatment and outcome:[]
[2026-04-24 05:53:05,017][dowhy.causal_model][INFO] - linear_regression
[2026-04-24 05:53:05,017][dowhy.causal_estimator][INFO] - INFO: Using Linear Regression Estimator
[2026-04-24 05:53:05,017][dowhy.causal_estimator][INFO] - b: X11~X4+X4*X8+X4*X7+X4*X5+X4*X3+X4*X2+X4*X1+X4*X0+X4*X6
[2026-04-24 05:53:05,077][dowhy.causal_model][INFO] - Model to find the causal effect of treatment ['X5'] on outcome ['X0']
[2026-04-24 05:53:05,077][dowhy.causal_identifier.auto_identifier][WARNING] - No directed path from treatment to outcome. Causal Effect is zero.
[2026-04-24 05:53:05,077][dowhy.causal_model][INFO] - linear_regression
[2026-04-24 05:53:05,077][dowhy.causal_estimator][INFO] - INFO: Using Linear Regression Estimator
[2026-04-24 05:53:05,077][dowhy.causal_estimator][WARNING] - No directed path from ['X5'] to ['X0'].
[2026-04-24 05:53:05,079][dowhy.causal_model][INFO] - Model to find the causal effect of treatment ['X5'] on outcome ['X1']
[2026-04-24 05:53:05,079][dowhy.causal_identifier.auto_identifier][WARNING] - No directed path from treatment to outcome. Causal Effect is zero.
[2026-04-24 05:53:05,079][dowhy.causal_model][INFO] - linear_regression
[2026-04-24 05:53:05,079][dowhy.causal_estimator][INFO] - INFO: Using Linear Regression Estimator
[2026-04-24 05:53:05,079][dowhy.causal_estimator][WARNING] - No directed path from ['X5'] to ['X1'].
[2026-04-24 05:53:05,081][dowhy.causal_model][INFO] - Model to find the causal effect of treatment ['X5'] on outcome ['X2']
[2026-04-24 05:53:05,081][dowhy.causal_identifier.auto_identifier][WARNING] - No directed path from treatment to outcome. Causal Effect is zero.
[2026-04-24 05:53:05,081][dowhy.causal_model][INFO] - linear_regression
[2026-04-24 05:53:05,081][dowhy.causal_estimator][INFO] - INFO: Using Linear Regression Estimator
[2026-04-24 05:53:05,081][dowhy.causal_estimator][WARNING] - No directed path from ['X5'] to ['X2'].
[2026-04-24 05:53:05,083][dowhy.causal_model][INFO] - Model to find the causal effect of treatment ['X5'] on outcome ['X3']
[2026-04-24 05:53:05,083][dowhy.causal_identifier.auto_identifier][WARNING] - No directed path from treatment to outcome. Causal Effect is zero.
[2026-04-24 05:53:05,083][dowhy.causal_model][INFO] - linear_regression
[2026-04-24 05:53:05,083][dowhy.causal_estimator][INFO] - INFO: Using Linear Regression Estimator
[2026-04-24 05:53:05,083][dowhy.causal_estimator][WARNING] - No directed path from ['X5'] to ['X3'].
[2026-04-24 05:53:05,085][dowhy.causal_model][INFO] - Model to find the causal effect of treatment ['X5'] on outcome ['X4']
[2026-04-24 05:53:05,085][dowhy.causal_identifier.auto_identifier][WARNING] - No directed path from treatment to outcome. Causal Effect is zero.
[2026-04-24 05:53:05,085][dowhy.causal_model][INFO] - linear_regression
[2026-04-24 05:53:05,085][dowhy.causal_estimator][INFO] - INFO: Using Linear Regression Estimator
[2026-04-24 05:53:05,085][dowhy.causal_estimator][WARNING] - No directed path from ['X5'] to ['X4'].
[2026-04-24 05:53:05,087][dowhy.causal_model][INFO] - Model to find the causal effect of treatment ['X5'] on outcome ['X6']
[2026-04-24 05:53:05,088][dowhy.causal_identifier.auto_identifier][INFO] - Causal effect can be identified.
[2026-04-24 05:53:05,089][dowhy.causal_identifier.auto_identifier][INFO] - Instrumental variables for treatment and outcome:['X0']
[2026-04-24 05:53:05,089][dowhy.causal_identifier.auto_identifier][INFO] - Frontdoor variables for treatment and outcome:[]
[2026-04-24 05:53:05,089][dowhy.causal_model][INFO] - linear_regression
[2026-04-24 05:53:05,089][dowhy.causal_estimator][INFO] - INFO: Using Linear Regression Estimator
[2026-04-24 05:53:05,090][dowhy.causal_estimator][INFO] - b: X6~X5+X1
[2026-04-24 05:53:05,098][dowhy.causal_model][INFO] - Model to find the causal effect of treatment ['X5'] on outcome ['X7']
[2026-04-24 05:53:05,100][dowhy.causal_identifier.auto_identifier][INFO] - Causal effect can be identified.
[2026-04-24 05:53:05,100][dowhy.causal_identifier.auto_identifier][INFO] - Instrumental variables for treatment and outcome:['X0']
[2026-04-24 05:53:05,101][dowhy.causal_identifier.auto_identifier][INFO] - Frontdoor variables for treatment and outcome:[]
[2026-04-24 05:53:05,101][dowhy.causal_model][INFO] - linear_regression
[2026-04-24 05:53:05,101][dowhy.causal_estimator][INFO] - INFO: Using Linear Regression Estimator
[2026-04-24 05:53:05,102][dowhy.causal_estimator][INFO] - b: X7~X5+X1+X5*X2+X5*X3
[2026-04-24 05:53:05,111][dowhy.causal_model][INFO] - Model to find the causal effect of treatment ['X5'] on outcome ['X8']
[2026-04-24 05:53:05,113][dowhy.causal_identifier.auto_identifier][INFO] - Causal effect can be identified.
[2026-04-24 05:53:05,113][dowhy.causal_identifier.auto_identifier][INFO] - Instrumental variables for treatment and outcome:['X0']
[2026-04-24 05:53:05,116][dowhy.causal_identifier.auto_identifier][INFO] - Frontdoor variables for treatment and outcome:[]
[2026-04-24 05:53:05,116][dowhy.causal_model][INFO] - linear_regression
[2026-04-24 05:53:05,116][dowhy.causal_estimator][INFO] - INFO: Using Linear Regression Estimator
[2026-04-24 05:53:05,117][dowhy.causal_estimator][INFO] - b: X8~X5+X1+X5*X2+X5*X3
[2026-04-24 05:53:05,126][dowhy.causal_model][INFO] - Model to find the causal effect of treatment ['X5'] on outcome ['X9']
[2026-04-24 05:53:05,128][dowhy.causal_identifier.auto_identifier][INFO] - Causal effect can be identified.
[2026-04-24 05:53:05,128][dowhy.causal_identifier.auto_identifier][INFO] - Instrumental variables for treatment and outcome:['X1']
[2026-04-24 05:53:05,132][dowhy.causal_identifier.auto_identifier][INFO] - Frontdoor variables for treatment and outcome:[]
[2026-04-24 05:53:05,132][dowhy.causal_model][INFO] - linear_regression
[2026-04-24 05:53:05,132][dowhy.causal_estimator][INFO] - INFO: Using Linear Regression Estimator
[2026-04-24 05:53:05,132][dowhy.causal_estimator][INFO] - b: X9~X5+X0
[2026-04-24 05:53:05,141][dowhy.causal_model][INFO] - Model to find the causal effect of treatment ['X5'] on outcome ['X10']
[2026-04-24 05:53:05,142][dowhy.causal_identifier.auto_identifier][INFO] - Causal effect can be identified.
[2026-04-24 05:53:05,143][dowhy.causal_identifier.auto_identifier][INFO] - Instrumental variables for treatment and outcome:['X0']
[2026-04-24 05:53:05,148][dowhy.causal_identifier.auto_identifier][INFO] - Frontdoor variables for treatment and outcome:[]
[2026-04-24 05:53:05,148][dowhy.causal_model][INFO] - linear_regression
[2026-04-24 05:53:05,148][dowhy.causal_estimator][INFO] - INFO: Using Linear Regression Estimator
[2026-04-24 05:53:05,149][dowhy.causal_estimator][INFO] - b: X10~X5+X1+X5*X2+X5*X3
[2026-04-24 05:53:05,158][dowhy.causal_model][INFO] - Model to find the causal effect of treatment ['X5'] on outcome ['X11']
[2026-04-24 05:53:05,160][dowhy.causal_identifier.auto_identifier][INFO] - Causal effect can be identified.
[2026-04-24 05:53:05,161][dowhy.causal_identifier.auto_identifier][INFO] - Instrumental variables for treatment and outcome:['X0']
[2026-04-24 05:53:05,167][dowhy.causal_identifier.auto_identifier][INFO] - Frontdoor variables for treatment and outcome:[]
[2026-04-24 05:53:05,167][dowhy.causal_model][INFO] - linear_regression
[2026-04-24 05:53:05,167][dowhy.causal_estimator][INFO] - INFO: Using Linear Regression Estimator
[2026-04-24 05:53:05,168][dowhy.causal_estimator][INFO] - b: X11~X5+X1+X5*X2+X5*X3+X5*X4
[2026-04-24 05:53:05,229][dowhy.causal_model][INFO] - Model to find the causal effect of treatment ['X6'] on outcome ['X0']
[2026-04-24 05:53:05,229][dowhy.causal_identifier.auto_identifier][WARNING] - No directed path from treatment to outcome. Causal Effect is zero.
[2026-04-24 05:53:05,230][dowhy.causal_model][INFO] - linear_regression
[2026-04-24 05:53:05,230][dowhy.causal_estimator][INFO] - INFO: Using Linear Regression Estimator
[2026-04-24 05:53:05,230][dowhy.causal_estimator][WARNING] - No directed path from ['X6'] to ['X0'].
[2026-04-24 05:53:05,231][dowhy.causal_model][INFO] - Model to find the causal effect of treatment ['X6'] on outcome ['X1']
[2026-04-24 05:53:05,231][dowhy.causal_identifier.auto_identifier][WARNING] - No directed path from treatment to outcome. Causal Effect is zero.
[2026-04-24 05:53:05,231][dowhy.causal_model][INFO] - linear_regression
[2026-04-24 05:53:05,231][dowhy.causal_estimator][INFO] - INFO: Using Linear Regression Estimator
[2026-04-24 05:53:05,231][dowhy.causal_estimator][WARNING] - No directed path from ['X6'] to ['X1'].
[2026-04-24 05:53:05,233][dowhy.causal_model][INFO] - Model to find the causal effect of treatment ['X6'] on outcome ['X2']
[2026-04-24 05:53:05,233][dowhy.causal_identifier.auto_identifier][WARNING] - No directed path from treatment to outcome. Causal Effect is zero.
[2026-04-24 05:53:05,233][dowhy.causal_model][INFO] - linear_regression
[2026-04-24 05:53:05,233][dowhy.causal_estimator][INFO] - INFO: Using Linear Regression Estimator
[2026-04-24 05:53:05,233][dowhy.causal_estimator][WARNING] - No directed path from ['X6'] to ['X2'].
[2026-04-24 05:53:05,235][dowhy.causal_model][INFO] - Model to find the causal effect of treatment ['X6'] on outcome ['X3']
[2026-04-24 05:53:05,235][dowhy.causal_identifier.auto_identifier][WARNING] - No directed path from treatment to outcome. Causal Effect is zero.
[2026-04-24 05:53:05,235][dowhy.causal_model][INFO] - linear_regression
[2026-04-24 05:53:05,235][dowhy.causal_estimator][INFO] - INFO: Using Linear Regression Estimator
[2026-04-24 05:53:05,235][dowhy.causal_estimator][WARNING] - No directed path from ['X6'] to ['X3'].
[2026-04-24 05:53:05,237][dowhy.causal_model][INFO] - Model to find the causal effect of treatment ['X6'] on outcome ['X4']
[2026-04-24 05:53:05,237][dowhy.causal_identifier.auto_identifier][WARNING] - No directed path from treatment to outcome. Causal Effect is zero.
[2026-04-24 05:53:05,237][dowhy.causal_model][INFO] - linear_regression
[2026-04-24 05:53:05,237][dowhy.causal_estimator][INFO] - INFO: Using Linear Regression Estimator
[2026-04-24 05:53:05,237][dowhy.causal_estimator][WARNING] - No directed path from ['X6'] to ['X4'].
[2026-04-24 05:53:05,239][dowhy.causal_model][INFO] - Model to find the causal effect of treatment ['X6'] on outcome ['X5']
[2026-04-24 05:53:05,239][dowhy.causal_identifier.auto_identifier][WARNING] - No directed path from treatment to outcome. Causal Effect is zero.
[2026-04-24 05:53:05,239][dowhy.causal_model][INFO] - linear_regression
[2026-04-24 05:53:05,239][dowhy.causal_estimator][INFO] - INFO: Using Linear Regression Estimator
[2026-04-24 05:53:05,239][dowhy.causal_estimator][WARNING] - No directed path from ['X6'] to ['X5'].
[2026-04-24 05:53:05,241][dowhy.causal_model][INFO] - Model to find the causal effect of treatment ['X6'] on outcome ['X7']
[2026-04-24 05:53:05,243][dowhy.causal_identifier.auto_identifier][INFO] - Causal effect can be identified.
[2026-04-24 05:53:05,244][dowhy.causal_identifier.auto_identifier][INFO] - Instrumental variables for treatment and outcome:['X1', 'X5']
[2026-04-24 05:53:05,244][dowhy.causal_identifier.auto_identifier][INFO] - Frontdoor variables for treatment and outcome:[]
[2026-04-24 05:53:05,244][dowhy.causal_model][INFO] - linear_regression
[2026-04-24 05:53:05,244][dowhy.causal_estimator][INFO] - INFO: Using Linear Regression Estimator
[2026-04-24 05:53:05,244][dowhy.causal_estimator][INFO] - b: X7~X6+X6*X2+X6*X3
[2026-04-24 05:53:05,252][dowhy.causal_model][INFO] - Model to find the causal effect of treatment ['X6'] on outcome ['X8']
[2026-04-24 05:53:05,254][dowhy.causal_identifier.auto_identifier][INFO] - Causal effect can be identified.
[2026-04-24 05:53:05,255][dowhy.causal_identifier.auto_identifier][INFO] - Instrumental variables for treatment and outcome:['X1', 'X5']
[2026-04-24 05:53:05,255][dowhy.causal_identifier.auto_identifier][INFO] - Frontdoor variables for treatment and outcome:[]
[2026-04-24 05:53:05,256][dowhy.causal_model][INFO] - linear_regression
[2026-04-24 05:53:05,256][dowhy.causal_estimator][INFO] - INFO: Using Linear Regression Estimator
[2026-04-24 05:53:05,256][dowhy.causal_estimator][INFO] - b: X8~X6+X6*X2+X6*X3
[2026-04-24 05:53:05,263][dowhy.causal_model][INFO] - Model to find the causal effect of treatment ['X6'] on outcome ['X9']
[2026-04-24 05:53:05,263][dowhy.causal_identifier.auto_identifier][WARNING] - No directed path from treatment to outcome. Causal Effect is zero.
[2026-04-24 05:53:05,263][dowhy.causal_model][INFO] - linear_regression
[2026-04-24 05:53:05,263][dowhy.causal_estimator][INFO] - INFO: Using Linear Regression Estimator
[2026-04-24 05:53:05,263][dowhy.causal_estimator][WARNING] - No directed path from ['X6'] to ['X9'].
[2026-04-24 05:53:05,265][dowhy.causal_model][INFO] - Model to find the causal effect of treatment ['X6'] on outcome ['X10']
[2026-04-24 05:53:05,267][dowhy.causal_identifier.auto_identifier][INFO] - Causal effect can be identified.
[2026-04-24 05:53:05,268][dowhy.causal_identifier.auto_identifier][INFO] - Instrumental variables for treatment and outcome:['X1', 'X5']
[2026-04-24 05:53:05,269][dowhy.causal_identifier.auto_identifier][INFO] - Frontdoor variables for treatment and outcome:[]
[2026-04-24 05:53:05,269][dowhy.causal_model][INFO] - linear_regression
[2026-04-24 05:53:05,269][dowhy.causal_estimator][INFO] - INFO: Using Linear Regression Estimator
[2026-04-24 05:53:05,269][dowhy.causal_estimator][INFO] - b: X10~X6+X6*X2+X6*X3
[2026-04-24 05:53:05,277][dowhy.causal_model][INFO] - Model to find the causal effect of treatment ['X6'] on outcome ['X11']
[2026-04-24 05:53:05,279][dowhy.causal_identifier.auto_identifier][INFO] - Causal effect can be identified.
[2026-04-24 05:53:05,280][dowhy.causal_identifier.auto_identifier][INFO] - Instrumental variables for treatment and outcome:['X1', 'X5']
[2026-04-24 05:53:05,281][dowhy.causal_identifier.auto_identifier][INFO] - Frontdoor variables for treatment and outcome:['X8', 'X7', 'X10']
[2026-04-24 05:53:05,284][dowhy.causal_identifier.auto_identifier][INFO] - Causal effect can be identified.
[2026-04-24 05:53:05,287][dowhy.causal_identifier.auto_identifier][INFO] - Causal effect can be identified.
[2026-04-24 05:53:05,288][dowhy.causal_model][INFO] - linear_regression
[2026-04-24 05:53:05,288][dowhy.causal_estimator][INFO] - INFO: Using Linear Regression Estimator
[2026-04-24 05:53:05,288][dowhy.causal_estimator][INFO] - b: X11~X6+X6*X2+X6*X3+X6*X4
[2026-04-24 05:53:05,352][dowhy.causal_model][INFO] - Model to find the causal effect of treatment ['X7'] on outcome ['X0']
[2026-04-24 05:53:05,352][dowhy.causal_identifier.auto_identifier][WARNING] - No directed path from treatment to outcome. Causal Effect is zero.
[2026-04-24 05:53:05,352][dowhy.causal_model][INFO] - linear_regression
[2026-04-24 05:53:05,352][dowhy.causal_estimator][INFO] - INFO: Using Linear Regression Estimator
[2026-04-24 05:53:05,352][dowhy.causal_estimator][WARNING] - No directed path from ['X7'] to ['X0'].
[2026-04-24 05:53:05,354][dowhy.causal_model][INFO] - Model to find the causal effect of treatment ['X7'] on outcome ['X1']
[2026-04-24 05:53:05,354][dowhy.causal_identifier.auto_identifier][WARNING] - No directed path from treatment to outcome. Causal Effect is zero.
[2026-04-24 05:53:05,354][dowhy.causal_model][INFO] - linear_regression
[2026-04-24 05:53:05,354][dowhy.causal_estimator][INFO] - INFO: Using Linear Regression Estimator
[2026-04-24 05:53:05,354][dowhy.causal_estimator][WARNING] - No directed path from ['X7'] to ['X1'].
[2026-04-24 05:53:05,356][dowhy.causal_model][INFO] - Model to find the causal effect of treatment ['X7'] on outcome ['X2']
[2026-04-24 05:53:05,356][dowhy.causal_identifier.auto_identifier][WARNING] - No directed path from treatment to outcome. Causal Effect is zero.
[2026-04-24 05:53:05,356][dowhy.causal_model][INFO] - linear_regression
[2026-04-24 05:53:05,356][dowhy.causal_estimator][INFO] - INFO: Using Linear Regression Estimator
[2026-04-24 05:53:05,356][dowhy.causal_estimator][WARNING] - No directed path from ['X7'] to ['X2'].
[2026-04-24 05:53:05,358][dowhy.causal_model][INFO] - Model to find the causal effect of treatment ['X7'] on outcome ['X3']
[2026-04-24 05:53:05,358][dowhy.causal_identifier.auto_identifier][WARNING] - No directed path from treatment to outcome. Causal Effect is zero.
[2026-04-24 05:53:05,358][dowhy.causal_model][INFO] - linear_regression
[2026-04-24 05:53:05,358][dowhy.causal_estimator][INFO] - INFO: Using Linear Regression Estimator
[2026-04-24 05:53:05,358][dowhy.causal_estimator][WARNING] - No directed path from ['X7'] to ['X3'].
[2026-04-24 05:53:05,360][dowhy.causal_model][INFO] - Model to find the causal effect of treatment ['X7'] on outcome ['X4']
[2026-04-24 05:53:05,360][dowhy.causal_identifier.auto_identifier][WARNING] - No directed path from treatment to outcome. Causal Effect is zero.
[2026-04-24 05:53:05,360][dowhy.causal_model][INFO] - linear_regression
[2026-04-24 05:53:05,360][dowhy.causal_estimator][INFO] - INFO: Using Linear Regression Estimator
[2026-04-24 05:53:05,360][dowhy.causal_estimator][WARNING] - No directed path from ['X7'] to ['X4'].
[2026-04-24 05:53:05,362][dowhy.causal_model][INFO] - Model to find the causal effect of treatment ['X7'] on outcome ['X5']
[2026-04-24 05:53:05,362][dowhy.causal_identifier.auto_identifier][WARNING] - No directed path from treatment to outcome. Causal Effect is zero.
[2026-04-24 05:53:05,362][dowhy.causal_model][INFO] - linear_regression
[2026-04-24 05:53:05,362][dowhy.causal_estimator][INFO] - INFO: Using Linear Regression Estimator
[2026-04-24 05:53:05,362][dowhy.causal_estimator][WARNING] - No directed path from ['X7'] to ['X5'].
[2026-04-24 05:53:05,364][dowhy.causal_model][INFO] - Model to find the causal effect of treatment ['X7'] on outcome ['X6']
[2026-04-24 05:53:05,364][dowhy.causal_identifier.auto_identifier][WARNING] - No directed path from treatment to outcome. Causal Effect is zero.
[2026-04-24 05:53:05,364][dowhy.causal_model][INFO] - linear_regression
[2026-04-24 05:53:05,364][dowhy.causal_estimator][INFO] - INFO: Using Linear Regression Estimator
[2026-04-24 05:53:05,364][dowhy.causal_estimator][WARNING] - No directed path from ['X7'] to ['X6'].
[2026-04-24 05:53:05,366][dowhy.causal_model][INFO] - Model to find the causal effect of treatment ['X7'] on outcome ['X8']
[2026-04-24 05:53:05,369][dowhy.causal_identifier.auto_identifier][INFO] - Causal effect can be identified.
[2026-04-24 05:53:05,369][dowhy.causal_identifier.auto_identifier][INFO] - Instrumental variables for treatment and outcome:['X2', 'X6']
[2026-04-24 05:53:05,369][dowhy.causal_identifier.auto_identifier][INFO] - Frontdoor variables for treatment and outcome:[]
[2026-04-24 05:53:05,370][dowhy.causal_model][INFO] - linear_regression
[2026-04-24 05:53:05,370][dowhy.causal_estimator][INFO] - INFO: Using Linear Regression Estimator
[2026-04-24 05:53:05,370][dowhy.causal_estimator][INFO] - b: X8~X7+X3
[2026-04-24 05:53:05,378][dowhy.causal_model][INFO] - Model to find the causal effect of treatment ['X7'] on outcome ['X9']
[2026-04-24 05:53:05,379][dowhy.causal_identifier.auto_identifier][WARNING] - No directed path from treatment to outcome. Causal Effect is zero.
[2026-04-24 05:53:05,379][dowhy.causal_model][INFO] - linear_regression
[2026-04-24 05:53:05,379][dowhy.causal_estimator][INFO] - INFO: Using Linear Regression Estimator
[2026-04-24 05:53:05,379][dowhy.causal_estimator][WARNING] - No directed path from ['X7'] to ['X9'].
[2026-04-24 05:53:05,380][dowhy.causal_model][INFO] - Model to find the causal effect of treatment ['X7'] on outcome ['X10']
[2026-04-24 05:53:05,383][dowhy.causal_identifier.auto_identifier][INFO] - Causal effect can be identified.
[2026-04-24 05:53:05,383][dowhy.causal_identifier.auto_identifier][INFO] - Instrumental variables for treatment and outcome:['X3', 'X6']
[2026-04-24 05:53:05,384][dowhy.causal_identifier.auto_identifier][INFO] - Frontdoor variables for treatment and outcome:[]
[2026-04-24 05:53:05,384][dowhy.causal_model][INFO] - linear_regression
[2026-04-24 05:53:05,384][dowhy.causal_estimator][INFO] - INFO: Using Linear Regression Estimator
[2026-04-24 05:53:05,385][dowhy.causal_estimator][INFO] - b: X10~X7+X2
[2026-04-24 05:53:05,393][dowhy.causal_model][INFO] - Model to find the causal effect of treatment ['X7'] on outcome ['X11']
[2026-04-24 05:53:05,395][dowhy.causal_identifier.auto_identifier][INFO] - Causal effect can be identified.
[2026-04-24 05:53:05,396][dowhy.causal_identifier.auto_identifier][INFO] - Instrumental variables for treatment and outcome:['X2', 'X6']
[2026-04-24 05:53:05,397][dowhy.causal_identifier.auto_identifier][INFO] - Frontdoor variables for treatment and outcome:[]
[2026-04-24 05:53:05,397][dowhy.causal_model][INFO] - linear_regression
[2026-04-24 05:53:05,397][dowhy.causal_estimator][INFO] - INFO: Using Linear Regression Estimator
[2026-04-24 05:53:05,397][dowhy.causal_estimator][INFO] - b: X11~X7+X3+X7*X4
[2026-04-24 05:53:05,456][dowhy.causal_model][INFO] - Model to find the causal effect of treatment ['X8'] on outcome ['X0']
[2026-04-24 05:53:05,456][dowhy.causal_identifier.auto_identifier][WARNING] - No directed path from treatment to outcome. Causal Effect is zero.
[2026-04-24 05:53:05,456][dowhy.causal_model][INFO] - linear_regression
[2026-04-24 05:53:05,456][dowhy.causal_estimator][INFO] - INFO: Using Linear Regression Estimator
[2026-04-24 05:53:05,456][dowhy.causal_estimator][WARNING] - No directed path from ['X8'] to ['X0'].
[2026-04-24 05:53:05,457][dowhy.causal_model][INFO] - Model to find the causal effect of treatment ['X8'] on outcome ['X1']
[2026-04-24 05:53:05,458][dowhy.causal_identifier.auto_identifier][WARNING] - No directed path from treatment to outcome. Causal Effect is zero.
[2026-04-24 05:53:05,458][dowhy.causal_model][INFO] - linear_regression
[2026-04-24 05:53:05,458][dowhy.causal_estimator][INFO] - INFO: Using Linear Regression Estimator
[2026-04-24 05:53:05,458][dowhy.causal_estimator][WARNING] - No directed path from ['X8'] to ['X1'].
[2026-04-24 05:53:05,459][dowhy.causal_model][INFO] - Model to find the causal effect of treatment ['X8'] on outcome ['X2']
[2026-04-24 05:53:05,459][dowhy.causal_identifier.auto_identifier][WARNING] - No directed path from treatment to outcome. Causal Effect is zero.
[2026-04-24 05:53:05,460][dowhy.causal_model][INFO] - linear_regression
[2026-04-24 05:53:05,460][dowhy.causal_estimator][INFO] - INFO: Using Linear Regression Estimator
[2026-04-24 05:53:05,460][dowhy.causal_estimator][WARNING] - No directed path from ['X8'] to ['X2'].
[2026-04-24 05:53:05,461][dowhy.causal_model][INFO] - Model to find the causal effect of treatment ['X8'] on outcome ['X3']
[2026-04-24 05:53:05,461][dowhy.causal_identifier.auto_identifier][WARNING] - No directed path from treatment to outcome. Causal Effect is zero.
[2026-04-24 05:53:05,461][dowhy.causal_model][INFO] - linear_regression
[2026-04-24 05:53:05,461][dowhy.causal_estimator][INFO] - INFO: Using Linear Regression Estimator
[2026-04-24 05:53:05,461][dowhy.causal_estimator][WARNING] - No directed path from ['X8'] to ['X3'].
[2026-04-24 05:53:05,463][dowhy.causal_model][INFO] - Model to find the causal effect of treatment ['X8'] on outcome ['X4']
[2026-04-24 05:53:05,463][dowhy.causal_identifier.auto_identifier][WARNING] - No directed path from treatment to outcome. Causal Effect is zero.
[2026-04-24 05:53:05,463][dowhy.causal_model][INFO] - linear_regression
[2026-04-24 05:53:05,463][dowhy.causal_estimator][INFO] - INFO: Using Linear Regression Estimator
[2026-04-24 05:53:05,463][dowhy.causal_estimator][WARNING] - No directed path from ['X8'] to ['X4'].
[2026-04-24 05:53:05,465][dowhy.causal_model][INFO] - Model to find the causal effect of treatment ['X8'] on outcome ['X5']
[2026-04-24 05:53:05,465][dowhy.causal_identifier.auto_identifier][WARNING] - No directed path from treatment to outcome. Causal Effect is zero.
[2026-04-24 05:53:05,465][dowhy.causal_model][INFO] - linear_regression
[2026-04-24 05:53:05,465][dowhy.causal_estimator][INFO] - INFO: Using Linear Regression Estimator
[2026-04-24 05:53:05,465][dowhy.causal_estimator][WARNING] - No directed path from ['X8'] to ['X5'].
[2026-04-24 05:53:05,467][dowhy.causal_model][INFO] - Model to find the causal effect of treatment ['X8'] on outcome ['X6']
[2026-04-24 05:53:05,467][dowhy.causal_identifier.auto_identifier][WARNING] - No directed path from treatment to outcome. Causal Effect is zero.
[2026-04-24 05:53:05,467][dowhy.causal_model][INFO] - linear_regression
[2026-04-24 05:53:05,467][dowhy.causal_estimator][INFO] - INFO: Using Linear Regression Estimator
[2026-04-24 05:53:05,467][dowhy.causal_estimator][WARNING] - No directed path from ['X8'] to ['X6'].
[2026-04-24 05:53:05,468][dowhy.causal_model][INFO] - Model to find the causal effect of treatment ['X8'] on outcome ['X7']
[2026-04-24 05:53:05,468][dowhy.causal_identifier.auto_identifier][WARNING] - No directed path from treatment to outcome. Causal Effect is zero.
[2026-04-24 05:53:05,469][dowhy.causal_model][INFO] - linear_regression
[2026-04-24 05:53:05,469][dowhy.causal_estimator][INFO] - INFO: Using Linear Regression Estimator
[2026-04-24 05:53:05,469][dowhy.causal_estimator][WARNING] - No directed path from ['X8'] to ['X7'].
[2026-04-24 05:53:05,470][dowhy.causal_model][INFO] - Model to find the causal effect of treatment ['X8'] on outcome ['X9']
[2026-04-24 05:53:05,470][dowhy.causal_identifier.auto_identifier][WARNING] - No directed path from treatment to outcome. Causal Effect is zero.
[2026-04-24 05:53:05,470][dowhy.causal_model][INFO] - linear_regression
[2026-04-24 05:53:05,470][dowhy.causal_estimator][INFO] - INFO: Using Linear Regression Estimator
[2026-04-24 05:53:05,470][dowhy.causal_estimator][WARNING] - No directed path from ['X8'] to ['X9'].
[2026-04-24 05:53:05,472][dowhy.causal_model][INFO] - Model to find the causal effect of treatment ['X8'] on outcome ['X10']
[2026-04-24 05:53:05,472][dowhy.causal_identifier.auto_identifier][WARNING] - No directed path from treatment to outcome. Causal Effect is zero.
[2026-04-24 05:53:05,472][dowhy.causal_model][INFO] - linear_regression
[2026-04-24 05:53:05,472][dowhy.causal_estimator][INFO] - INFO: Using Linear Regression Estimator
[2026-04-24 05:53:05,472][dowhy.causal_estimator][WARNING] - No directed path from ['X8'] to ['X10'].
[2026-04-24 05:53:05,474][dowhy.causal_model][INFO] - Model to find the causal effect of treatment ['X8'] on outcome ['X11']
[2026-04-24 05:53:05,477][dowhy.causal_identifier.auto_identifier][INFO] - Causal effect can be identified.
[2026-04-24 05:53:05,478][dowhy.causal_identifier.auto_identifier][INFO] - Instrumental variables for treatment and outcome:['X7', 'X3']
[2026-04-24 05:53:05,478][dowhy.causal_identifier.auto_identifier][INFO] - Frontdoor variables for treatment and outcome:[]
[2026-04-24 05:53:05,478][dowhy.causal_model][INFO] - linear_regression
[2026-04-24 05:53:05,478][dowhy.causal_estimator][INFO] - INFO: Using Linear Regression Estimator
[2026-04-24 05:53:05,479][dowhy.causal_estimator][INFO] - b: X11~X8+X8*X4
[2026-04-24 05:53:05,540][dowhy.causal_model][INFO] - Model to find the causal effect of treatment ['X9'] on outcome ['X0']
[2026-04-24 05:53:05,540][dowhy.causal_identifier.auto_identifier][WARNING] - No directed path from treatment to outcome. Causal Effect is zero.
[2026-04-24 05:53:05,540][dowhy.causal_model][INFO] - linear_regression
[2026-04-24 05:53:05,540][dowhy.causal_estimator][INFO] - INFO: Using Linear Regression Estimator
[2026-04-24 05:53:05,540][dowhy.causal_estimator][WARNING] - No directed path from ['X9'] to ['X0'].
[2026-04-24 05:53:05,542][dowhy.causal_model][INFO] - Model to find the causal effect of treatment ['X9'] on outcome ['X1']
[2026-04-24 05:53:05,542][dowhy.causal_identifier.auto_identifier][WARNING] - No directed path from treatment to outcome. Causal Effect is zero.
[2026-04-24 05:53:05,542][dowhy.causal_model][INFO] - linear_regression
[2026-04-24 05:53:05,542][dowhy.causal_estimator][INFO] - INFO: Using Linear Regression Estimator
[2026-04-24 05:53:05,542][dowhy.causal_estimator][WARNING] - No directed path from ['X9'] to ['X1'].
[2026-04-24 05:53:05,544][dowhy.causal_model][INFO] - Model to find the causal effect of treatment ['X9'] on outcome ['X2']
[2026-04-24 05:53:05,544][dowhy.causal_identifier.auto_identifier][WARNING] - No directed path from treatment to outcome. Causal Effect is zero.
[2026-04-24 05:53:05,544][dowhy.causal_model][INFO] - linear_regression
[2026-04-24 05:53:05,544][dowhy.causal_estimator][INFO] - INFO: Using Linear Regression Estimator
[2026-04-24 05:53:05,544][dowhy.causal_estimator][WARNING] - No directed path from ['X9'] to ['X2'].
[2026-04-24 05:53:05,546][dowhy.causal_model][INFO] - Model to find the causal effect of treatment ['X9'] on outcome ['X3']
[2026-04-24 05:53:05,546][dowhy.causal_identifier.auto_identifier][WARNING] - No directed path from treatment to outcome. Causal Effect is zero.
[2026-04-24 05:53:05,546][dowhy.causal_model][INFO] - linear_regression
[2026-04-24 05:53:05,546][dowhy.causal_estimator][INFO] - INFO: Using Linear Regression Estimator
[2026-04-24 05:53:05,546][dowhy.causal_estimator][WARNING] - No directed path from ['X9'] to ['X3'].
[2026-04-24 05:53:05,548][dowhy.causal_model][INFO] - Model to find the causal effect of treatment ['X9'] on outcome ['X4']
[2026-04-24 05:53:05,548][dowhy.causal_identifier.auto_identifier][WARNING] - No directed path from treatment to outcome. Causal Effect is zero.
[2026-04-24 05:53:05,548][dowhy.causal_model][INFO] - linear_regression
[2026-04-24 05:53:05,548][dowhy.causal_estimator][INFO] - INFO: Using Linear Regression Estimator
[2026-04-24 05:53:05,548][dowhy.causal_estimator][WARNING] - No directed path from ['X9'] to ['X4'].
[2026-04-24 05:53:05,550][dowhy.causal_model][INFO] - Model to find the causal effect of treatment ['X9'] on outcome ['X5']
[2026-04-24 05:53:05,551][dowhy.causal_identifier.auto_identifier][WARNING] - No directed path from treatment to outcome. Causal Effect is zero.
[2026-04-24 05:53:05,551][dowhy.causal_model][INFO] - linear_regression
[2026-04-24 05:53:05,551][dowhy.causal_estimator][INFO] - INFO: Using Linear Regression Estimator
[2026-04-24 05:53:05,551][dowhy.causal_estimator][WARNING] - No directed path from ['X9'] to ['X5'].
[2026-04-24 05:53:05,553][dowhy.causal_model][INFO] - Model to find the causal effect of treatment ['X9'] on outcome ['X6']
[2026-04-24 05:53:05,553][dowhy.causal_identifier.auto_identifier][WARNING] - No directed path from treatment to outcome. Causal Effect is zero.
[2026-04-24 05:53:05,553][dowhy.causal_model][INFO] - linear_regression
[2026-04-24 05:53:05,553][dowhy.causal_estimator][INFO] - INFO: Using Linear Regression Estimator
[2026-04-24 05:53:05,553][dowhy.causal_estimator][WARNING] - No directed path from ['X9'] to ['X6'].
[2026-04-24 05:53:05,555][dowhy.causal_model][INFO] - Model to find the causal effect of treatment ['X9'] on outcome ['X7']
[2026-04-24 05:53:05,555][dowhy.causal_identifier.auto_identifier][WARNING] - No directed path from treatment to outcome. Causal Effect is zero.
[2026-04-24 05:53:05,555][dowhy.causal_model][INFO] - linear_regression
[2026-04-24 05:53:05,555][dowhy.causal_estimator][INFO] - INFO: Using Linear Regression Estimator
[2026-04-24 05:53:05,555][dowhy.causal_estimator][WARNING] - No directed path from ['X9'] to ['X7'].
[2026-04-24 05:53:05,557][dowhy.causal_model][INFO] - Model to find the causal effect of treatment ['X9'] on outcome ['X8']
[2026-04-24 05:53:05,557][dowhy.causal_identifier.auto_identifier][WARNING] - No directed path from treatment to outcome. Causal Effect is zero.
[2026-04-24 05:53:05,557][dowhy.causal_model][INFO] - linear_regression
[2026-04-24 05:53:05,557][dowhy.causal_estimator][INFO] - INFO: Using Linear Regression Estimator
[2026-04-24 05:53:05,557][dowhy.causal_estimator][WARNING] - No directed path from ['X9'] to ['X8'].
[2026-04-24 05:53:05,559][dowhy.causal_model][INFO] - Model to find the causal effect of treatment ['X9'] on outcome ['X10']
[2026-04-24 05:53:05,559][dowhy.causal_identifier.auto_identifier][WARNING] - No directed path from treatment to outcome. Causal Effect is zero.
[2026-04-24 05:53:05,559][dowhy.causal_model][INFO] - linear_regression
[2026-04-24 05:53:05,560][dowhy.causal_estimator][INFO] - INFO: Using Linear Regression Estimator
[2026-04-24 05:53:05,560][dowhy.causal_estimator][WARNING] - No directed path from ['X9'] to ['X10'].
[2026-04-24 05:53:05,561][dowhy.causal_model][INFO] - Model to find the causal effect of treatment ['X9'] on outcome ['X11']
[2026-04-24 05:53:05,561][dowhy.causal_identifier.auto_identifier][WARNING] - No directed path from treatment to outcome. Causal Effect is zero.
[2026-04-24 05:53:05,561][dowhy.causal_model][INFO] - linear_regression
[2026-04-24 05:53:05,561][dowhy.causal_estimator][INFO] - INFO: Using Linear Regression Estimator
[2026-04-24 05:53:05,561][dowhy.causal_estimator][WARNING] - No directed path from ['X9'] to ['X11'].
[2026-04-24 05:53:05,615][dowhy.causal_model][INFO] - Model to find the causal effect of treatment ['X10'] on outcome ['X0']
[2026-04-24 05:53:05,615][dowhy.causal_identifier.auto_identifier][WARNING] - No directed path from treatment to outcome. Causal Effect is zero.
[2026-04-24 05:53:05,616][dowhy.causal_model][INFO] - linear_regression
[2026-04-24 05:53:05,616][dowhy.causal_estimator][INFO] - INFO: Using Linear Regression Estimator
[2026-04-24 05:53:05,616][dowhy.causal_estimator][WARNING] - No directed path from ['X10'] to ['X0'].
[2026-04-24 05:53:05,617][dowhy.causal_model][INFO] - Model to find the causal effect of treatment ['X10'] on outcome ['X1']
[2026-04-24 05:53:05,617][dowhy.causal_identifier.auto_identifier][WARNING] - No directed path from treatment to outcome. Causal Effect is zero.
[2026-04-24 05:53:05,617][dowhy.causal_model][INFO] - linear_regression
[2026-04-24 05:53:05,617][dowhy.causal_estimator][INFO] - INFO: Using Linear Regression Estimator
[2026-04-24 05:53:05,618][dowhy.causal_estimator][WARNING] - No directed path from ['X10'] to ['X1'].
[2026-04-24 05:53:05,619][dowhy.causal_model][INFO] - Model to find the causal effect of treatment ['X10'] on outcome ['X2']
[2026-04-24 05:53:05,619][dowhy.causal_identifier.auto_identifier][WARNING] - No directed path from treatment to outcome. Causal Effect is zero.
[2026-04-24 05:53:05,619][dowhy.causal_model][INFO] - linear_regression
[2026-04-24 05:53:05,619][dowhy.causal_estimator][INFO] - INFO: Using Linear Regression Estimator
[2026-04-24 05:53:05,619][dowhy.causal_estimator][WARNING] - No directed path from ['X10'] to ['X2'].
[2026-04-24 05:53:05,621][dowhy.causal_model][INFO] - Model to find the causal effect of treatment ['X10'] on outcome ['X3']
[2026-04-24 05:53:05,621][dowhy.causal_identifier.auto_identifier][WARNING] - No directed path from treatment to outcome. Causal Effect is zero.
[2026-04-24 05:53:05,621][dowhy.causal_model][INFO] - linear_regression
[2026-04-24 05:53:05,621][dowhy.causal_estimator][INFO] - INFO: Using Linear Regression Estimator
[2026-04-24 05:53:05,621][dowhy.causal_estimator][WARNING] - No directed path from ['X10'] to ['X3'].
[2026-04-24 05:53:05,623][dowhy.causal_model][INFO] - Model to find the causal effect of treatment ['X10'] on outcome ['X4']
[2026-04-24 05:53:05,623][dowhy.causal_identifier.auto_identifier][WARNING] - No directed path from treatment to outcome. Causal Effect is zero.
[2026-04-24 05:53:05,623][dowhy.causal_model][INFO] - linear_regression
[2026-04-24 05:53:05,623][dowhy.causal_estimator][INFO] - INFO: Using Linear Regression Estimator
[2026-04-24 05:53:05,623][dowhy.causal_estimator][WARNING] - No directed path from ['X10'] to ['X4'].
[2026-04-24 05:53:05,625][dowhy.causal_model][INFO] - Model to find the causal effect of treatment ['X10'] on outcome ['X5']
[2026-04-24 05:53:05,625][dowhy.causal_identifier.auto_identifier][WARNING] - No directed path from treatment to outcome. Causal Effect is zero.
[2026-04-24 05:53:05,625][dowhy.causal_model][INFO] - linear_regression
[2026-04-24 05:53:05,625][dowhy.causal_estimator][INFO] - INFO: Using Linear Regression Estimator
[2026-04-24 05:53:05,625][dowhy.causal_estimator][WARNING] - No directed path from ['X10'] to ['X5'].
[2026-04-24 05:53:05,627][dowhy.causal_model][INFO] - Model to find the causal effect of treatment ['X10'] on outcome ['X6']
[2026-04-24 05:53:05,627][dowhy.causal_identifier.auto_identifier][WARNING] - No directed path from treatment to outcome. Causal Effect is zero.
[2026-04-24 05:53:05,627][dowhy.causal_model][INFO] - linear_regression
[2026-04-24 05:53:05,627][dowhy.causal_estimator][INFO] - INFO: Using Linear Regression Estimator
[2026-04-24 05:53:05,627][dowhy.causal_estimator][WARNING] - No directed path from ['X10'] to ['X6'].
[2026-04-24 05:53:05,628][dowhy.causal_model][INFO] - Model to find the causal effect of treatment ['X10'] on outcome ['X7']
[2026-04-24 05:53:05,628][dowhy.causal_identifier.auto_identifier][WARNING] - No directed path from treatment to outcome. Causal Effect is zero.
[2026-04-24 05:53:05,628][dowhy.causal_model][INFO] - linear_regression
[2026-04-24 05:53:05,628][dowhy.causal_estimator][INFO] - INFO: Using Linear Regression Estimator
[2026-04-24 05:53:05,629][dowhy.causal_estimator][WARNING] - No directed path from ['X10'] to ['X7'].
[2026-04-24 05:53:05,630][dowhy.causal_model][INFO] - Model to find the causal effect of treatment ['X10'] on outcome ['X8']
[2026-04-24 05:53:05,630][dowhy.causal_identifier.auto_identifier][WARNING] - No directed path from treatment to outcome. Causal Effect is zero.
[2026-04-24 05:53:05,630][dowhy.causal_model][INFO] - linear_regression
[2026-04-24 05:53:05,630][dowhy.causal_estimator][INFO] - INFO: Using Linear Regression Estimator
[2026-04-24 05:53:05,630][dowhy.causal_estimator][WARNING] - No directed path from ['X10'] to ['X8'].
[2026-04-24 05:53:05,632][dowhy.causal_model][INFO] - Model to find the causal effect of treatment ['X10'] on outcome ['X9']
[2026-04-24 05:53:05,632][dowhy.causal_identifier.auto_identifier][WARNING] - No directed path from treatment to outcome. Causal Effect is zero.
[2026-04-24 05:53:05,632][dowhy.causal_model][INFO] - linear_regression
[2026-04-24 05:53:05,632][dowhy.causal_estimator][INFO] - INFO: Using Linear Regression Estimator
[2026-04-24 05:53:05,632][dowhy.causal_estimator][WARNING] - No directed path from ['X10'] to ['X9'].
[2026-04-24 05:53:05,634][dowhy.causal_model][INFO] - Model to find the causal effect of treatment ['X10'] on outcome ['X11']
[2026-04-24 05:53:05,634][dowhy.causal_identifier.auto_identifier][WARNING] - No directed path from treatment to outcome. Causal Effect is zero.
[2026-04-24 05:53:05,634][dowhy.causal_model][INFO] - linear_regression
[2026-04-24 05:53:05,634][dowhy.causal_estimator][INFO] - INFO: Using Linear Regression Estimator
[2026-04-24 05:53:05,634][dowhy.causal_estimator][WARNING] - No directed path from ['X10'] to ['X11'].
[2026-04-24 05:53:05,681][dowhy.causal_model][INFO] - Model to find the causal effect of treatment ['X11'] on outcome ['X0']
[2026-04-24 05:53:05,681][dowhy.causal_identifier.auto_identifier][WARNING] - No directed path from treatment to outcome. Causal Effect is zero.
[2026-04-24 05:53:05,681][dowhy.causal_model][INFO] - linear_regression
[2026-04-24 05:53:05,681][dowhy.causal_estimator][INFO] - INFO: Using Linear Regression Estimator
[2026-04-24 05:53:05,681][dowhy.causal_estimator][WARNING] - No directed path from ['X11'] to ['X0'].
[2026-04-24 05:53:05,683][dowhy.causal_model][INFO] - Model to find the causal effect of treatment ['X11'] on outcome ['X1']
[2026-04-24 05:53:05,683][dowhy.causal_identifier.auto_identifier][WARNING] - No directed path from treatment to outcome. Causal Effect is zero.
[2026-04-24 05:53:05,683][dowhy.causal_model][INFO] - linear_regression
[2026-04-24 05:53:05,683][dowhy.causal_estimator][INFO] - INFO: Using Linear Regression Estimator
[2026-04-24 05:53:05,683][dowhy.causal_estimator][WARNING] - No directed path from ['X11'] to ['X1'].
[2026-04-24 05:53:05,685][dowhy.causal_model][INFO] - Model to find the causal effect of treatment ['X11'] on outcome ['X2']
[2026-04-24 05:53:05,685][dowhy.causal_identifier.auto_identifier][WARNING] - No directed path from treatment to outcome. Causal Effect is zero.
[2026-04-24 05:53:05,685][dowhy.causal_model][INFO] - linear_regression
[2026-04-24 05:53:05,685][dowhy.causal_estimator][INFO] - INFO: Using Linear Regression Estimator
[2026-04-24 05:53:05,685][dowhy.causal_estimator][WARNING] - No directed path from ['X11'] to ['X2'].
[2026-04-24 05:53:05,687][dowhy.causal_model][INFO] - Model to find the causal effect of treatment ['X11'] on outcome ['X3']
[2026-04-24 05:53:05,687][dowhy.causal_identifier.auto_identifier][WARNING] - No directed path from treatment to outcome. Causal Effect is zero.
[2026-04-24 05:53:05,687][dowhy.causal_model][INFO] - linear_regression
[2026-04-24 05:53:05,687][dowhy.causal_estimator][INFO] - INFO: Using Linear Regression Estimator
[2026-04-24 05:53:05,687][dowhy.causal_estimator][WARNING] - No directed path from ['X11'] to ['X3'].
[2026-04-24 05:53:05,688][dowhy.causal_model][INFO] - Model to find the causal effect of treatment ['X11'] on outcome ['X4']
[2026-04-24 05:53:05,688][dowhy.causal_identifier.auto_identifier][WARNING] - No directed path from treatment to outcome. Causal Effect is zero.
[2026-04-24 05:53:05,689][dowhy.causal_model][INFO] - linear_regression
[2026-04-24 05:53:05,689][dowhy.causal_estimator][INFO] - INFO: Using Linear Regression Estimator
[2026-04-24 05:53:05,689][dowhy.causal_estimator][WARNING] - No directed path from ['X11'] to ['X4'].
[2026-04-24 05:53:05,690][dowhy.causal_model][INFO] - Model to find the causal effect of treatment ['X11'] on outcome ['X5']
[2026-04-24 05:53:05,690][dowhy.causal_identifier.auto_identifier][WARNING] - No directed path from treatment to outcome. Causal Effect is zero.
[2026-04-24 05:53:05,690][dowhy.causal_model][INFO] - linear_regression
[2026-04-24 05:53:05,690][dowhy.causal_estimator][INFO] - INFO: Using Linear Regression Estimator
[2026-04-24 05:53:05,690][dowhy.causal_estimator][WARNING] - No directed path from ['X11'] to ['X5'].
[2026-04-24 05:53:05,692][dowhy.causal_model][INFO] - Model to find the causal effect of treatment ['X11'] on outcome ['X6']
[2026-04-24 05:53:05,692][dowhy.causal_identifier.auto_identifier][WARNING] - No directed path from treatment to outcome. Causal Effect is zero.
[2026-04-24 05:53:05,692][dowhy.causal_model][INFO] - linear_regression
[2026-04-24 05:53:05,692][dowhy.causal_estimator][INFO] - INFO: Using Linear Regression Estimator
[2026-04-24 05:53:05,692][dowhy.causal_estimator][WARNING] - No directed path from ['X11'] to ['X6'].
[2026-04-24 05:53:05,694][dowhy.causal_model][INFO] - Model to find the causal effect of treatment ['X11'] on outcome ['X7']
[2026-04-24 05:53:05,694][dowhy.causal_identifier.auto_identifier][WARNING] - No directed path from treatment to outcome. Causal Effect is zero.
[2026-04-24 05:53:05,694][dowhy.causal_model][INFO] - linear_regression
[2026-04-24 05:53:05,694][dowhy.causal_estimator][INFO] - INFO: Using Linear Regression Estimator
[2026-04-24 05:53:05,694][dowhy.causal_estimator][WARNING] - No directed path from ['X11'] to ['X7'].
[2026-04-24 05:53:05,696][dowhy.causal_model][INFO] - Model to find the causal effect of treatment ['X11'] on outcome ['X8']
[2026-04-24 05:53:05,696][dowhy.causal_identifier.auto_identifier][WARNING] - No directed path from treatment to outcome. Causal Effect is zero.
[2026-04-24 05:53:05,696][dowhy.causal_model][INFO] - linear_regression
[2026-04-24 05:53:05,696][dowhy.causal_estimator][INFO] - INFO: Using Linear Regression Estimator
[2026-04-24 05:53:05,696][dowhy.causal_estimator][WARNING] - No directed path from ['X11'] to ['X8'].
[2026-04-24 05:53:05,698][dowhy.causal_model][INFO] - Model to find the causal effect of treatment ['X11'] on outcome ['X9']
[2026-04-24 05:53:05,698][dowhy.causal_identifier.auto_identifier][WARNING] - No directed path from treatment to outcome. Causal Effect is zero.
[2026-04-24 05:53:05,698][dowhy.causal_model][INFO] - linear_regression
[2026-04-24 05:53:05,698][dowhy.causal_estimator][INFO] - INFO: Using Linear Regression Estimator
[2026-04-24 05:53:05,698][dowhy.causal_estimator][WARNING] - No directed path from ['X11'] to ['X9'].
[2026-04-24 05:53:05,699][dowhy.causal_model][INFO] - Model to find the causal effect of treatment ['X11'] on outcome ['X10']
[2026-04-24 05:53:05,699][dowhy.causal_identifier.auto_identifier][WARNING] - No directed path from treatment to outcome. Causal Effect is zero.
[2026-04-24 05:53:05,699][dowhy.causal_model][INFO] - linear_regression
[2026-04-24 05:53:05,699][dowhy.causal_estimator][INFO] - INFO: Using Linear Regression Estimator
[2026-04-24 05:53:05,699][dowhy.causal_estimator][WARNING] - No directed path from ['X11'] to ['X10'].
[2026-04-24 05:53:05,783][dowhy.causal_model][INFO] - Model to find the causal effect of treatment ['X0'] on outcome ['X1']
[2026-04-24 05:53:05,783][dowhy.causal_identifier.auto_identifier][WARNING] - No directed path from treatment to outcome. Causal Effect is zero.
[2026-04-24 05:53:05,783][dowhy.causal_model][INFO] - linear_regression
[2026-04-24 05:53:05,783][dowhy.causal_estimator][INFO] - INFO: Using Linear Regression Estimator
[2026-04-24 05:53:05,783][dowhy.causal_estimator][WARNING] - No directed path from ['X0'] to ['X1'].
[2026-04-24 05:53:05,785][dowhy.causal_model][INFO] - Model to find the causal effect of treatment ['X0'] on outcome ['X2']
[2026-04-24 05:53:05,785][dowhy.causal_identifier.auto_identifier][WARNING] - No directed path from treatment to outcome. Causal Effect is zero.
[2026-04-24 05:53:05,785][dowhy.causal_model][INFO] - linear_regression
[2026-04-24 05:53:05,785][dowhy.causal_estimator][INFO] - INFO: Using Linear Regression Estimator
[2026-04-24 05:53:05,785][dowhy.causal_estimator][WARNING] - No directed path from ['X0'] to ['X2'].
[2026-04-24 05:53:05,787][dowhy.causal_model][INFO] - Model to find the causal effect of treatment ['X0'] on outcome ['X3']
[2026-04-24 05:53:05,787][dowhy.causal_identifier.auto_identifier][WARNING] - No directed path from treatment to outcome. Causal Effect is zero.
[2026-04-24 05:53:05,787][dowhy.causal_model][INFO] - linear_regression
[2026-04-24 05:53:05,787][dowhy.causal_estimator][INFO] - INFO: Using Linear Regression Estimator
[2026-04-24 05:53:05,787][dowhy.causal_estimator][WARNING] - No directed path from ['X0'] to ['X3'].
[2026-04-24 05:53:05,789][dowhy.causal_model][INFO] - Model to find the causal effect of treatment ['X0'] on outcome ['X4']
[2026-04-24 05:53:05,789][dowhy.causal_identifier.auto_identifier][WARNING] - No directed path from treatment to outcome. Causal Effect is zero.
[2026-04-24 05:53:05,789][dowhy.causal_model][INFO] - linear_regression
[2026-04-24 05:53:05,789][dowhy.causal_estimator][INFO] - INFO: Using Linear Regression Estimator
[2026-04-24 05:53:05,789][dowhy.causal_estimator][WARNING] - No directed path from ['X0'] to ['X4'].
[2026-04-24 05:53:05,791][dowhy.causal_model][INFO] - Model to find the causal effect of treatment ['X0'] on outcome ['X5']
[2026-04-24 05:53:05,793][dowhy.causal_identifier.auto_identifier][INFO] - Causal effect can be identified.
[2026-04-24 05:53:05,793][dowhy.causal_identifier.auto_identifier][INFO] - Instrumental variables for treatment and outcome:[]
[2026-04-24 05:53:05,793][dowhy.causal_identifier.auto_identifier][INFO] - Frontdoor variables for treatment and outcome:[]
[2026-04-24 05:53:05,793][dowhy.causal_model][INFO] - linear_regression
[2026-04-24 05:53:05,793][dowhy.causal_estimator][INFO] - INFO: Using Linear Regression Estimator
[2026-04-24 05:53:05,794][dowhy.causal_estimator][INFO] - b: X5~X0+X0*X1
[2026-04-24 05:53:05,802][dowhy.causal_model][INFO] - Model to find the causal effect of treatment ['X0'] on outcome ['X6']
[2026-04-24 05:53:05,803][dowhy.causal_identifier.auto_identifier][INFO] - Causal effect can be identified.
[2026-04-24 05:53:05,804][dowhy.causal_identifier.auto_identifier][INFO] - Instrumental variables for treatment and outcome:[]
[2026-04-24 05:53:05,804][dowhy.causal_identifier.auto_identifier][INFO] - Frontdoor variables for treatment and outcome:[]
[2026-04-24 05:53:05,804][dowhy.causal_model][INFO] - linear_regression
[2026-04-24 05:53:05,804][dowhy.causal_estimator][INFO] - INFO: Using Linear Regression Estimator
[2026-04-24 05:53:05,805][dowhy.causal_estimator][INFO] - b: X6~X0+X0*X1
[2026-04-24 05:53:05,813][dowhy.causal_model][INFO] - Model to find the causal effect of treatment ['X0'] on outcome ['X7']
[2026-04-24 05:53:05,814][dowhy.causal_identifier.auto_identifier][INFO] - Causal effect can be identified.
[2026-04-24 05:53:05,815][dowhy.causal_identifier.auto_identifier][INFO] - Instrumental variables for treatment and outcome:[]
[2026-04-24 05:53:05,817][dowhy.causal_identifier.auto_identifier][INFO] - Frontdoor variables for treatment and outcome:['X9', 'X5', 'X6']
[2026-04-24 05:53:05,818][dowhy.causal_identifier.auto_identifier][INFO] - Causal effect can be identified.
[2026-04-24 05:53:05,820][dowhy.causal_identifier.auto_identifier][INFO] - Causal effect can be identified.
[2026-04-24 05:53:05,821][dowhy.causal_model][INFO] - linear_regression
[2026-04-24 05:53:05,821][dowhy.causal_estimator][INFO] - INFO: Using Linear Regression Estimator
[2026-04-24 05:53:05,821][dowhy.causal_estimator][INFO] - b: X7~X0+X0*X2+X0*X1+X0*X3
[2026-04-24 05:53:05,830][dowhy.causal_model][INFO] - Model to find the causal effect of treatment ['X0'] on outcome ['X8']
[2026-04-24 05:53:05,831][dowhy.causal_identifier.auto_identifier][INFO] - Causal effect can be identified.
[2026-04-24 05:53:05,832][dowhy.causal_identifier.auto_identifier][INFO] - Instrumental variables for treatment and outcome:[]
[2026-04-24 05:53:05,837][dowhy.causal_identifier.auto_identifier][INFO] - Frontdoor variables for treatment and outcome:['X5', 'X9', 'X6']
[2026-04-24 05:53:05,839][dowhy.causal_identifier.auto_identifier][INFO] - Causal effect can be identified.
[2026-04-24 05:53:05,841][dowhy.causal_identifier.auto_identifier][INFO] - Causal effect can be identified.
[2026-04-24 05:53:05,842][dowhy.causal_model][INFO] - linear_regression
[2026-04-24 05:53:05,842][dowhy.causal_estimator][INFO] - INFO: Using Linear Regression Estimator
[2026-04-24 05:53:05,843][dowhy.causal_estimator][INFO] - b: X8~X0+X0*X2+X0*X1+X0*X3
[2026-04-24 05:53:05,851][dowhy.causal_model][INFO] - Model to find the causal effect of treatment ['X0'] on outcome ['X9']
[2026-04-24 05:53:05,852][dowhy.causal_identifier.auto_identifier][INFO] - Causal effect can be identified.
[2026-04-24 05:53:05,853][dowhy.causal_identifier.auto_identifier][INFO] - Instrumental variables for treatment and outcome:[]
[2026-04-24 05:53:05,859][dowhy.causal_identifier.auto_identifier][INFO] - Frontdoor variables for treatment and outcome:[]
[2026-04-24 05:53:05,859][dowhy.causal_model][INFO] - linear_regression
[2026-04-24 05:53:05,859][dowhy.causal_estimator][INFO] - INFO: Using Linear Regression Estimator
[2026-04-24 05:53:05,860][dowhy.causal_estimator][INFO] - b: X9~X0+X0*X1
[2026-04-24 05:53:05,868][dowhy.causal_model][INFO] - Model to find the causal effect of treatment ['X0'] on outcome ['X10']
[2026-04-24 05:53:05,869][dowhy.causal_identifier.auto_identifier][INFO] - Causal effect can be identified.
[2026-04-24 05:53:05,870][dowhy.causal_identifier.auto_identifier][INFO] - Instrumental variables for treatment and outcome:[]
[2026-04-24 05:53:05,883][dowhy.causal_identifier.auto_identifier][INFO] - Frontdoor variables for treatment and outcome:['X5', 'X9', 'X6']
[2026-04-24 05:53:05,884][dowhy.causal_identifier.auto_identifier][INFO] - Causal effect can be identified.
[2026-04-24 05:53:05,886][dowhy.causal_identifier.auto_identifier][INFO] - Causal effect can be identified.
[2026-04-24 05:53:05,887][dowhy.causal_model][INFO] - linear_regression
[2026-04-24 05:53:05,887][dowhy.causal_estimator][INFO] - INFO: Using Linear Regression Estimator
[2026-04-24 05:53:05,887][dowhy.causal_estimator][INFO] - b: X10~X0+X0*X2+X0*X1+X0*X3
[2026-04-24 05:53:05,894][dowhy.causal_model][INFO] - Model to find the causal effect of treatment ['X0'] on outcome ['X11']
[2026-04-24 05:53:05,896][dowhy.causal_identifier.auto_identifier][INFO] - Causal effect can be identified.
[2026-04-24 05:53:05,897][dowhy.causal_identifier.auto_identifier][INFO] - Instrumental variables for treatment and outcome:[]
[2026-04-24 05:53:05,899][dowhy.causal_identifier.auto_identifier][INFO] - Frontdoor variables for treatment and outcome:['X8', 'X7', 'X5', 'X9', 'X6', 'X10']
[2026-04-24 05:53:05,900][dowhy.causal_identifier.auto_identifier][INFO] - Causal effect can be identified.
[2026-04-24 05:53:05,903][dowhy.causal_identifier.auto_identifier][INFO] - Causal effect can be identified.
[2026-04-24 05:53:05,904][dowhy.causal_model][INFO] - linear_regression
[2026-04-24 05:53:05,904][dowhy.causal_estimator][INFO] - INFO: Using Linear Regression Estimator
[2026-04-24 05:53:05,904][dowhy.causal_estimator][INFO] - b: X11~X0+X0*X2+X0*X1+X0*X3+X0*X4
[2026-04-24 05:53:05,963][dowhy.causal_model][INFO] - Model to find the causal effect of treatment ['X1'] on outcome ['X0']
[2026-04-24 05:53:05,963][dowhy.causal_identifier.auto_identifier][WARNING] - No directed path from treatment to outcome. Causal Effect is zero.
[2026-04-24 05:53:05,964][dowhy.causal_model][INFO] - linear_regression
[2026-04-24 05:53:05,964][dowhy.causal_estimator][INFO] - INFO: Using Linear Regression Estimator
[2026-04-24 05:53:05,964][dowhy.causal_estimator][WARNING] - No directed path from ['X1'] to ['X0'].
[2026-04-24 05:53:05,965][dowhy.causal_model][INFO] - Model to find the causal effect of treatment ['X1'] on outcome ['X2']
[2026-04-24 05:53:05,965][dowhy.causal_identifier.auto_identifier][WARNING] - No directed path from treatment to outcome. Causal Effect is zero.
[2026-04-24 05:53:05,966][dowhy.causal_model][INFO] - linear_regression
[2026-04-24 05:53:05,966][dowhy.causal_estimator][INFO] - INFO: Using Linear Regression Estimator
[2026-04-24 05:53:05,966][dowhy.causal_estimator][WARNING] - No directed path from ['X1'] to ['X2'].
[2026-04-24 05:53:05,967][dowhy.causal_model][INFO] - Model to find the causal effect of treatment ['X1'] on outcome ['X3']
[2026-04-24 05:53:05,967][dowhy.causal_identifier.auto_identifier][WARNING] - No directed path from treatment to outcome. Causal Effect is zero.
[2026-04-24 05:53:05,967][dowhy.causal_model][INFO] - linear_regression
[2026-04-24 05:53:05,968][dowhy.causal_estimator][INFO] - INFO: Using Linear Regression Estimator
[2026-04-24 05:53:05,968][dowhy.causal_estimator][WARNING] - No directed path from ['X1'] to ['X3'].
[2026-04-24 05:53:05,969][dowhy.causal_model][INFO] - Model to find the causal effect of treatment ['X1'] on outcome ['X4']
[2026-04-24 05:53:05,969][dowhy.causal_identifier.auto_identifier][WARNING] - No directed path from treatment to outcome. Causal Effect is zero.
[2026-04-24 05:53:05,969][dowhy.causal_model][INFO] - linear_regression
[2026-04-24 05:53:05,969][dowhy.causal_estimator][INFO] - INFO: Using Linear Regression Estimator
[2026-04-24 05:53:05,969][dowhy.causal_estimator][WARNING] - No directed path from ['X1'] to ['X4'].
[2026-04-24 05:53:05,971][dowhy.causal_model][INFO] - Model to find the causal effect of treatment ['X1'] on outcome ['X5']
[2026-04-24 05:53:05,972][dowhy.causal_identifier.auto_identifier][INFO] - Causal effect can be identified.
[2026-04-24 05:53:05,973][dowhy.causal_identifier.auto_identifier][INFO] - Instrumental variables for treatment and outcome:[]
[2026-04-24 05:53:05,973][dowhy.causal_identifier.auto_identifier][INFO] - Frontdoor variables for treatment and outcome:[]
[2026-04-24 05:53:05,973][dowhy.causal_model][INFO] - linear_regression
[2026-04-24 05:53:05,973][dowhy.causal_estimator][INFO] - INFO: Using Linear Regression Estimator
[2026-04-24 05:53:05,973][dowhy.causal_estimator][INFO] - b: X5~X1+X1*X0
[2026-04-24 05:53:05,981][dowhy.causal_model][INFO] - Model to find the causal effect of treatment ['X1'] on outcome ['X6']
[2026-04-24 05:53:05,982][dowhy.causal_identifier.auto_identifier][INFO] - Causal effect can be identified.
[2026-04-24 05:53:05,982][dowhy.causal_identifier.auto_identifier][INFO] - Instrumental variables for treatment and outcome:[]
[2026-04-24 05:53:05,983][dowhy.causal_identifier.auto_identifier][INFO] - Frontdoor variables for treatment and outcome:[]
[2026-04-24 05:53:05,983][dowhy.causal_model][INFO] - linear_regression
[2026-04-24 05:53:05,983][dowhy.causal_estimator][INFO] - INFO: Using Linear Regression Estimator
[2026-04-24 05:53:05,983][dowhy.causal_estimator][INFO] - b: X6~X1+X1*X0
[2026-04-24 05:53:05,990][dowhy.causal_model][INFO] - Model to find the causal effect of treatment ['X1'] on outcome ['X7']
[2026-04-24 05:53:05,992][dowhy.causal_identifier.auto_identifier][INFO] - Causal effect can be identified.
[2026-04-24 05:53:05,992][dowhy.causal_identifier.auto_identifier][INFO] - Instrumental variables for treatment and outcome:[]
[2026-04-24 05:53:05,994][dowhy.causal_identifier.auto_identifier][INFO] - Frontdoor variables for treatment and outcome:['X9', 'X5', 'X6']
[2026-04-24 05:53:05,995][dowhy.causal_identifier.auto_identifier][INFO] - Causal effect can be identified.
[2026-04-24 05:53:05,997][dowhy.causal_identifier.auto_identifier][INFO] - Causal effect can be identified.
[2026-04-24 05:53:05,998][dowhy.causal_model][INFO] - linear_regression
[2026-04-24 05:53:05,998][dowhy.causal_estimator][INFO] - INFO: Using Linear Regression Estimator
[2026-04-24 05:53:05,998][dowhy.causal_estimator][INFO] - b: X7~X1+X1*X2+X1*X3+X1*X0
[2026-04-24 05:53:06,007][dowhy.causal_model][INFO] - Model to find the causal effect of treatment ['X1'] on outcome ['X8']
[2026-04-24 05:53:06,008][dowhy.causal_identifier.auto_identifier][INFO] - Causal effect can be identified.
[2026-04-24 05:53:06,009][dowhy.causal_identifier.auto_identifier][INFO] - Instrumental variables for treatment and outcome:[]
[2026-04-24 05:53:06,014][dowhy.causal_identifier.auto_identifier][INFO] - Frontdoor variables for treatment and outcome:['X5', 'X9', 'X6']
[2026-04-24 05:53:06,016][dowhy.causal_identifier.auto_identifier][INFO] - Causal effect can be identified.
[2026-04-24 05:53:06,018][dowhy.causal_identifier.auto_identifier][INFO] - Causal effect can be identified.
[2026-04-24 05:53:06,019][dowhy.causal_model][INFO] - linear_regression
[2026-04-24 05:53:06,019][dowhy.causal_estimator][INFO] - INFO: Using Linear Regression Estimator
[2026-04-24 05:53:06,019][dowhy.causal_estimator][INFO] - b: X8~X1+X1*X2+X1*X3+X1*X0
[2026-04-24 05:53:06,028][dowhy.causal_model][INFO] - Model to find the causal effect of treatment ['X1'] on outcome ['X9']
[2026-04-24 05:53:06,029][dowhy.causal_identifier.auto_identifier][INFO] - Causal effect can be identified.
[2026-04-24 05:53:06,029][dowhy.causal_identifier.auto_identifier][INFO] - Instrumental variables for treatment and outcome:[]
[2026-04-24 05:53:06,036][dowhy.causal_identifier.auto_identifier][INFO] - Frontdoor variables for treatment and outcome:[]
[2026-04-24 05:53:06,036][dowhy.causal_model][INFO] - linear_regression
[2026-04-24 05:53:06,036][dowhy.causal_estimator][INFO] - INFO: Using Linear Regression Estimator
[2026-04-24 05:53:06,036][dowhy.causal_estimator][INFO] - b: X9~X1+X1*X0
[2026-04-24 05:53:06,045][dowhy.causal_model][INFO] - Model to find the causal effect of treatment ['X1'] on outcome ['X10']
[2026-04-24 05:53:06,046][dowhy.causal_identifier.auto_identifier][INFO] - Causal effect can be identified.
[2026-04-24 05:53:06,047][dowhy.causal_identifier.auto_identifier][INFO] - Instrumental variables for treatment and outcome:[]
[2026-04-24 05:53:06,060][dowhy.causal_identifier.auto_identifier][INFO] - Frontdoor variables for treatment and outcome:['X5', 'X9', 'X6']
[2026-04-24 05:53:06,062][dowhy.causal_identifier.auto_identifier][INFO] - Causal effect can be identified.
[2026-04-24 05:53:06,064][dowhy.causal_identifier.auto_identifier][INFO] - Causal effect can be identified.
[2026-04-24 05:53:06,065][dowhy.causal_model][INFO] - linear_regression
[2026-04-24 05:53:06,065][dowhy.causal_estimator][INFO] - INFO: Using Linear Regression Estimator
[2026-04-24 05:53:06,065][dowhy.causal_estimator][INFO] - b: X10~X1+X1*X2+X1*X3+X1*X0
[2026-04-24 05:53:06,073][dowhy.causal_model][INFO] - Model to find the causal effect of treatment ['X1'] on outcome ['X11']
[2026-04-24 05:53:06,075][dowhy.causal_identifier.auto_identifier][INFO] - Causal effect can be identified.
[2026-04-24 05:53:06,076][dowhy.causal_identifier.auto_identifier][INFO] - Instrumental variables for treatment and outcome:[]
[2026-04-24 05:53:06,078][dowhy.causal_identifier.auto_identifier][INFO] - Frontdoor variables for treatment and outcome:['X8', 'X7', 'X5', 'X9', 'X6', 'X10']
[2026-04-24 05:53:06,080][dowhy.causal_identifier.auto_identifier][INFO] - Causal effect can be identified.
[2026-04-24 05:53:06,082][dowhy.causal_identifier.auto_identifier][INFO] - Causal effect can be identified.
[2026-04-24 05:53:06,083][dowhy.causal_model][INFO] - linear_regression
[2026-04-24 05:53:06,083][dowhy.causal_estimator][INFO] - INFO: Using Linear Regression Estimator
[2026-04-24 05:53:06,084][dowhy.causal_estimator][INFO] - b: X11~X1+X1*X2+X1*X3+X1*X0+X1*X4
[2026-04-24 05:53:06,146][dowhy.causal_model][INFO] - Model to find the causal effect of treatment ['X2'] on outcome ['X0']
[2026-04-24 05:53:06,146][dowhy.causal_identifier.auto_identifier][WARNING] - No directed path from treatment to outcome. Causal Effect is zero.
[2026-04-24 05:53:06,146][dowhy.causal_model][INFO] - linear_regression
[2026-04-24 05:53:06,146][dowhy.causal_estimator][INFO] - INFO: Using Linear Regression Estimator
[2026-04-24 05:53:06,146][dowhy.causal_estimator][WARNING] - No directed path from ['X2'] to ['X0'].
[2026-04-24 05:53:06,148][dowhy.causal_model][INFO] - Model to find the causal effect of treatment ['X2'] on outcome ['X1']
[2026-04-24 05:53:06,148][dowhy.causal_identifier.auto_identifier][WARNING] - No directed path from treatment to outcome. Causal Effect is zero.
[2026-04-24 05:53:06,148][dowhy.causal_model][INFO] - linear_regression
[2026-04-24 05:53:06,148][dowhy.causal_estimator][INFO] - INFO: Using Linear Regression Estimator
[2026-04-24 05:53:06,148][dowhy.causal_estimator][WARNING] - No directed path from ['X2'] to ['X1'].
[2026-04-24 05:53:06,150][dowhy.causal_model][INFO] - Model to find the causal effect of treatment ['X2'] on outcome ['X3']
[2026-04-24 05:53:06,150][dowhy.causal_identifier.auto_identifier][WARNING] - No directed path from treatment to outcome. Causal Effect is zero.
[2026-04-24 05:53:06,150][dowhy.causal_model][INFO] - linear_regression
[2026-04-24 05:53:06,150][dowhy.causal_estimator][INFO] - INFO: Using Linear Regression Estimator
[2026-04-24 05:53:06,150][dowhy.causal_estimator][WARNING] - No directed path from ['X2'] to ['X3'].
[2026-04-24 05:53:06,152][dowhy.causal_model][INFO] - Model to find the causal effect of treatment ['X2'] on outcome ['X4']
[2026-04-24 05:53:06,152][dowhy.causal_identifier.auto_identifier][WARNING] - No directed path from treatment to outcome. Causal Effect is zero.
[2026-04-24 05:53:06,152][dowhy.causal_model][INFO] - linear_regression
[2026-04-24 05:53:06,152][dowhy.causal_estimator][INFO] - INFO: Using Linear Regression Estimator
[2026-04-24 05:53:06,152][dowhy.causal_estimator][WARNING] - No directed path from ['X2'] to ['X4'].
[2026-04-24 05:53:06,154][dowhy.causal_model][INFO] - Model to find the causal effect of treatment ['X2'] on outcome ['X5']
[2026-04-24 05:53:06,154][dowhy.causal_identifier.auto_identifier][WARNING] - No directed path from treatment to outcome. Causal Effect is zero.
[2026-04-24 05:53:06,154][dowhy.causal_model][INFO] - linear_regression
[2026-04-24 05:53:06,154][dowhy.causal_estimator][INFO] - INFO: Using Linear Regression Estimator
[2026-04-24 05:53:06,154][dowhy.causal_estimator][WARNING] - No directed path from ['X2'] to ['X5'].
[2026-04-24 05:53:06,155][dowhy.causal_model][INFO] - Model to find the causal effect of treatment ['X2'] on outcome ['X6']
[2026-04-24 05:53:06,155][dowhy.causal_identifier.auto_identifier][WARNING] - No directed path from treatment to outcome. Causal Effect is zero.
[2026-04-24 05:53:06,156][dowhy.causal_model][INFO] - linear_regression
[2026-04-24 05:53:06,156][dowhy.causal_estimator][INFO] - INFO: Using Linear Regression Estimator
[2026-04-24 05:53:06,156][dowhy.causal_estimator][WARNING] - No directed path from ['X2'] to ['X6'].
[2026-04-24 05:53:06,157][dowhy.causal_model][INFO] - Model to find the causal effect of treatment ['X2'] on outcome ['X7']
[2026-04-24 05:53:06,159][dowhy.causal_identifier.auto_identifier][INFO] - Causal effect can be identified.
[2026-04-24 05:53:06,160][dowhy.causal_identifier.auto_identifier][INFO] - Instrumental variables for treatment and outcome:[]
[2026-04-24 05:53:06,160][dowhy.causal_identifier.auto_identifier][INFO] - Frontdoor variables for treatment and outcome:[]
[2026-04-24 05:53:06,160][dowhy.causal_model][INFO] - linear_regression
[2026-04-24 05:53:06,160][dowhy.causal_estimator][INFO] - INFO: Using Linear Regression Estimator
[2026-04-24 05:53:06,161][dowhy.causal_estimator][INFO] - b: X7~X2+X2*X1+X2*X5+X2*X3+X2*X0+X2*X6
[2026-04-24 05:53:06,169][dowhy.causal_model][INFO] - Model to find the causal effect of treatment ['X2'] on outcome ['X8']
[2026-04-24 05:53:06,171][dowhy.causal_identifier.auto_identifier][INFO] - Causal effect can be identified.
[2026-04-24 05:53:06,172][dowhy.causal_identifier.auto_identifier][INFO] - Instrumental variables for treatment and outcome:[]
[2026-04-24 05:53:06,172][dowhy.causal_identifier.auto_identifier][INFO] - Frontdoor variables for treatment and outcome:[]
[2026-04-24 05:53:06,172][dowhy.causal_model][INFO] - linear_regression
[2026-04-24 05:53:06,173][dowhy.causal_estimator][INFO] - INFO: Using Linear Regression Estimator
[2026-04-24 05:53:06,173][dowhy.causal_estimator][INFO] - b: X8~X2+X2*X1+X2*X5+X2*X3+X2*X0+X2*X6
[2026-04-24 05:53:06,181][dowhy.causal_model][INFO] - Model to find the causal effect of treatment ['X2'] on outcome ['X9']
[2026-04-24 05:53:06,181][dowhy.causal_identifier.auto_identifier][WARNING] - No directed path from treatment to outcome. Causal Effect is zero.
[2026-04-24 05:53:06,181][dowhy.causal_model][INFO] - linear_regression
[2026-04-24 05:53:06,181][dowhy.causal_estimator][INFO] - INFO: Using Linear Regression Estimator
[2026-04-24 05:53:06,181][dowhy.causal_estimator][WARNING] - No directed path from ['X2'] to ['X9'].
[2026-04-24 05:53:06,183][dowhy.causal_model][INFO] - Model to find the causal effect of treatment ['X2'] on outcome ['X10']
[2026-04-24 05:53:06,185][dowhy.causal_identifier.auto_identifier][INFO] - Causal effect can be identified.
[2026-04-24 05:53:06,186][dowhy.causal_identifier.auto_identifier][INFO] - Instrumental variables for treatment and outcome:[]
[2026-04-24 05:53:06,186][dowhy.causal_identifier.auto_identifier][INFO] - Frontdoor variables for treatment and outcome:[]
[2026-04-24 05:53:06,186][dowhy.causal_model][INFO] - linear_regression
[2026-04-24 05:53:06,186][dowhy.causal_estimator][INFO] - INFO: Using Linear Regression Estimator
[2026-04-24 05:53:06,187][dowhy.causal_estimator][INFO] - b: X10~X2+X2*X1+X2*X5+X2*X3+X2*X0+X2*X6
[2026-04-24 05:53:06,195][dowhy.causal_model][INFO] - Model to find the causal effect of treatment ['X2'] on outcome ['X11']
[2026-04-24 05:53:06,197][dowhy.causal_identifier.auto_identifier][INFO] - Causal effect can be identified.
[2026-04-24 05:53:06,198][dowhy.causal_identifier.auto_identifier][INFO] - Instrumental variables for treatment and outcome:[]
[2026-04-24 05:53:06,199][dowhy.causal_identifier.auto_identifier][INFO] - Frontdoor variables for treatment and outcome:['X8', 'X7', 'X10']
[2026-04-24 05:53:06,201][dowhy.causal_identifier.auto_identifier][INFO] - Causal effect can be identified.
[2026-04-24 05:53:06,205][dowhy.causal_identifier.auto_identifier][INFO] - Causal effect can be identified.
[2026-04-24 05:53:06,206][dowhy.causal_model][INFO] - linear_regression
[2026-04-24 05:53:06,206][dowhy.causal_estimator][INFO] - INFO: Using Linear Regression Estimator
[2026-04-24 05:53:06,206][dowhy.causal_estimator][INFO] - b: X11~X2+X2*X1+X2*X5+X2*X3+X2*X0+X2*X6+X2*X4
[2026-04-24 05:53:06,266][dowhy.causal_model][INFO] - Model to find the causal effect of treatment ['X3'] on outcome ['X0']
[2026-04-24 05:53:06,266][dowhy.causal_identifier.auto_identifier][WARNING] - No directed path from treatment to outcome. Causal Effect is zero.
[2026-04-24 05:53:06,266][dowhy.causal_model][INFO] - linear_regression
[2026-04-24 05:53:06,266][dowhy.causal_estimator][INFO] - INFO: Using Linear Regression Estimator
[2026-04-24 05:53:06,266][dowhy.causal_estimator][WARNING] - No directed path from ['X3'] to ['X0'].
[2026-04-24 05:53:06,268][dowhy.causal_model][INFO] - Model to find the causal effect of treatment ['X3'] on outcome ['X1']
[2026-04-24 05:53:06,268][dowhy.causal_identifier.auto_identifier][WARNING] - No directed path from treatment to outcome. Causal Effect is zero.
[2026-04-24 05:53:06,268][dowhy.causal_model][INFO] - linear_regression
[2026-04-24 05:53:06,269][dowhy.causal_estimator][INFO] - INFO: Using Linear Regression Estimator
[2026-04-24 05:53:06,269][dowhy.causal_estimator][WARNING] - No directed path from ['X3'] to ['X1'].
[2026-04-24 05:53:06,270][dowhy.causal_model][INFO] - Model to find the causal effect of treatment ['X3'] on outcome ['X2']
[2026-04-24 05:53:06,270][dowhy.causal_identifier.auto_identifier][WARNING] - No directed path from treatment to outcome. Causal Effect is zero.
[2026-04-24 05:53:06,270][dowhy.causal_model][INFO] - linear_regression
[2026-04-24 05:53:06,271][dowhy.causal_estimator][INFO] - INFO: Using Linear Regression Estimator
[2026-04-24 05:53:06,271][dowhy.causal_estimator][WARNING] - No directed path from ['X3'] to ['X2'].
[2026-04-24 05:53:06,273][dowhy.causal_model][INFO] - Model to find the causal effect of treatment ['X3'] on outcome ['X4']
[2026-04-24 05:53:06,273][dowhy.causal_identifier.auto_identifier][WARNING] - No directed path from treatment to outcome. Causal Effect is zero.
[2026-04-24 05:53:06,273][dowhy.causal_model][INFO] - linear_regression
[2026-04-24 05:53:06,273][dowhy.causal_estimator][INFO] - INFO: Using Linear Regression Estimator
[2026-04-24 05:53:06,273][dowhy.causal_estimator][WARNING] - No directed path from ['X3'] to ['X4'].
[2026-04-24 05:53:06,275][dowhy.causal_model][INFO] - Model to find the causal effect of treatment ['X3'] on outcome ['X5']
[2026-04-24 05:53:06,275][dowhy.causal_identifier.auto_identifier][WARNING] - No directed path from treatment to outcome. Causal Effect is zero.
[2026-04-24 05:53:06,275][dowhy.causal_model][INFO] - linear_regression
[2026-04-24 05:53:06,275][dowhy.causal_estimator][INFO] - INFO: Using Linear Regression Estimator
[2026-04-24 05:53:06,275][dowhy.causal_estimator][WARNING] - No directed path from ['X3'] to ['X5'].
[2026-04-24 05:53:06,277][dowhy.causal_model][INFO] - Model to find the causal effect of treatment ['X3'] on outcome ['X6']
[2026-04-24 05:53:06,277][dowhy.causal_identifier.auto_identifier][WARNING] - No directed path from treatment to outcome. Causal Effect is zero.
[2026-04-24 05:53:06,277][dowhy.causal_model][INFO] - linear_regression
[2026-04-24 05:53:06,277][dowhy.causal_estimator][INFO] - INFO: Using Linear Regression Estimator
[2026-04-24 05:53:06,277][dowhy.causal_estimator][WARNING] - No directed path from ['X3'] to ['X6'].
[2026-04-24 05:53:06,279][dowhy.causal_model][INFO] - Model to find the causal effect of treatment ['X3'] on outcome ['X7']
[2026-04-24 05:53:06,281][dowhy.causal_identifier.auto_identifier][INFO] - Causal effect can be identified.
[2026-04-24 05:53:06,282][dowhy.causal_identifier.auto_identifier][INFO] - Instrumental variables for treatment and outcome:[]
[2026-04-24 05:53:06,282][dowhy.causal_identifier.auto_identifier][INFO] - Frontdoor variables for treatment and outcome:[]
[2026-04-24 05:53:06,282][dowhy.causal_model][INFO] - linear_regression
[2026-04-24 05:53:06,282][dowhy.causal_estimator][INFO] - INFO: Using Linear Regression Estimator
[2026-04-24 05:53:06,283][dowhy.causal_estimator][INFO] - b: X7~X3+X3*X2+X3*X1+X3*X5+X3*X0+X3*X6
[2026-04-24 05:53:06,292][dowhy.causal_model][INFO] - Model to find the causal effect of treatment ['X3'] on outcome ['X8']
[2026-04-24 05:53:06,294][dowhy.causal_identifier.auto_identifier][INFO] - Causal effect can be identified.
[2026-04-24 05:53:06,295][dowhy.causal_identifier.auto_identifier][INFO] - Instrumental variables for treatment and outcome:[]
[2026-04-24 05:53:06,295][dowhy.causal_identifier.auto_identifier][INFO] - Frontdoor variables for treatment and outcome:[]
[2026-04-24 05:53:06,295][dowhy.causal_model][INFO] - linear_regression
[2026-04-24 05:53:06,295][dowhy.causal_estimator][INFO] - INFO: Using Linear Regression Estimator
[2026-04-24 05:53:06,296][dowhy.causal_estimator][INFO] - b: X8~X3+X3*X2+X3*X1+X3*X5+X3*X0+X3*X6
[2026-04-24 05:53:06,304][dowhy.causal_model][INFO] - Model to find the causal effect of treatment ['X3'] on outcome ['X9']
[2026-04-24 05:53:06,304][dowhy.causal_identifier.auto_identifier][WARNING] - No directed path from treatment to outcome. Causal Effect is zero.
[2026-04-24 05:53:06,304][dowhy.causal_model][INFO] - linear_regression
[2026-04-24 05:53:06,305][dowhy.causal_estimator][INFO] - INFO: Using Linear Regression Estimator
[2026-04-24 05:53:06,305][dowhy.causal_estimator][WARNING] - No directed path from ['X3'] to ['X9'].
[2026-04-24 05:53:06,307][dowhy.causal_model][INFO] - Model to find the causal effect of treatment ['X3'] on outcome ['X10']
[2026-04-24 05:53:06,309][dowhy.causal_identifier.auto_identifier][INFO] - Causal effect can be identified.
[2026-04-24 05:53:06,310][dowhy.causal_identifier.auto_identifier][INFO] - Instrumental variables for treatment and outcome:[]
[2026-04-24 05:53:06,310][dowhy.causal_identifier.auto_identifier][INFO] - Frontdoor variables for treatment and outcome:[]
[2026-04-24 05:53:06,311][dowhy.causal_model][INFO] - linear_regression
[2026-04-24 05:53:06,311][dowhy.causal_estimator][INFO] - INFO: Using Linear Regression Estimator
[2026-04-24 05:53:06,311][dowhy.causal_estimator][INFO] - b: X10~X3+X3*X2+X3*X1+X3*X5+X3*X0+X3*X6
[2026-04-24 05:53:06,319][dowhy.causal_model][INFO] - Model to find the causal effect of treatment ['X3'] on outcome ['X11']
[2026-04-24 05:53:06,321][dowhy.causal_identifier.auto_identifier][INFO] - Causal effect can be identified.
[2026-04-24 05:53:06,322][dowhy.causal_identifier.auto_identifier][INFO] - Instrumental variables for treatment and outcome:[]
[2026-04-24 05:53:06,324][dowhy.causal_identifier.auto_identifier][INFO] - Frontdoor variables for treatment and outcome:['X8', 'X7', 'X10']
[2026-04-24 05:53:06,326][dowhy.causal_identifier.auto_identifier][INFO] - Causal effect can be identified.
[2026-04-24 05:53:06,329][dowhy.causal_identifier.auto_identifier][INFO] - Causal effect can be identified.
[2026-04-24 05:53:06,330][dowhy.causal_model][INFO] - linear_regression
[2026-04-24 05:53:06,330][dowhy.causal_estimator][INFO] - INFO: Using Linear Regression Estimator
[2026-04-24 05:53:06,331][dowhy.causal_estimator][INFO] - b: X11~X3+X3*X2+X3*X1+X3*X5+X3*X0+X3*X6+X3*X4
[2026-04-24 05:53:06,388][dowhy.causal_model][INFO] - Model to find the causal effect of treatment ['X4'] on outcome ['X0']
[2026-04-24 05:53:06,388][dowhy.causal_identifier.auto_identifier][WARNING] - No directed path from treatment to outcome. Causal Effect is zero.
[2026-04-24 05:53:06,388][dowhy.causal_model][INFO] - linear_regression
[2026-04-24 05:53:06,388][dowhy.causal_estimator][INFO] - INFO: Using Linear Regression Estimator
[2026-04-24 05:53:06,388][dowhy.causal_estimator][WARNING] - No directed path from ['X4'] to ['X0'].
[2026-04-24 05:53:06,390][dowhy.causal_model][INFO] - Model to find the causal effect of treatment ['X4'] on outcome ['X1']
[2026-04-24 05:53:06,390][dowhy.causal_identifier.auto_identifier][WARNING] - No directed path from treatment to outcome. Causal Effect is zero.
[2026-04-24 05:53:06,390][dowhy.causal_model][INFO] - linear_regression
[2026-04-24 05:53:06,390][dowhy.causal_estimator][INFO] - INFO: Using Linear Regression Estimator
[2026-04-24 05:53:06,390][dowhy.causal_estimator][WARNING] - No directed path from ['X4'] to ['X1'].
[2026-04-24 05:53:06,392][dowhy.causal_model][INFO] - Model to find the causal effect of treatment ['X4'] on outcome ['X2']
[2026-04-24 05:53:06,392][dowhy.causal_identifier.auto_identifier][WARNING] - No directed path from treatment to outcome. Causal Effect is zero.
[2026-04-24 05:53:06,392][dowhy.causal_model][INFO] - linear_regression
[2026-04-24 05:53:06,392][dowhy.causal_estimator][INFO] - INFO: Using Linear Regression Estimator
[2026-04-24 05:53:06,392][dowhy.causal_estimator][WARNING] - No directed path from ['X4'] to ['X2'].
[2026-04-24 05:53:06,394][dowhy.causal_model][INFO] - Model to find the causal effect of treatment ['X4'] on outcome ['X3']
[2026-04-24 05:53:06,394][dowhy.causal_identifier.auto_identifier][WARNING] - No directed path from treatment to outcome. Causal Effect is zero.
[2026-04-24 05:53:06,394][dowhy.causal_model][INFO] - linear_regression
[2026-04-24 05:53:06,394][dowhy.causal_estimator][INFO] - INFO: Using Linear Regression Estimator
[2026-04-24 05:53:06,394][dowhy.causal_estimator][WARNING] - No directed path from ['X4'] to ['X3'].
[2026-04-24 05:53:06,395][dowhy.causal_model][INFO] - Model to find the causal effect of treatment ['X4'] on outcome ['X5']
[2026-04-24 05:53:06,395][dowhy.causal_identifier.auto_identifier][WARNING] - No directed path from treatment to outcome. Causal Effect is zero.
[2026-04-24 05:53:06,395][dowhy.causal_model][INFO] - linear_regression
[2026-04-24 05:53:06,396][dowhy.causal_estimator][INFO] - INFO: Using Linear Regression Estimator
[2026-04-24 05:53:06,396][dowhy.causal_estimator][WARNING] - No directed path from ['X4'] to ['X5'].
[2026-04-24 05:53:06,397][dowhy.causal_model][INFO] - Model to find the causal effect of treatment ['X4'] on outcome ['X6']
[2026-04-24 05:53:06,397][dowhy.causal_identifier.auto_identifier][WARNING] - No directed path from treatment to outcome. Causal Effect is zero.
[2026-04-24 05:53:06,397][dowhy.causal_model][INFO] - linear_regression
[2026-04-24 05:53:06,397][dowhy.causal_estimator][INFO] - INFO: Using Linear Regression Estimator
[2026-04-24 05:53:06,397][dowhy.causal_estimator][WARNING] - No directed path from ['X4'] to ['X6'].
[2026-04-24 05:53:06,399][dowhy.causal_model][INFO] - Model to find the causal effect of treatment ['X4'] on outcome ['X7']
[2026-04-24 05:53:06,399][dowhy.causal_identifier.auto_identifier][WARNING] - No directed path from treatment to outcome. Causal Effect is zero.
[2026-04-24 05:53:06,399][dowhy.causal_model][INFO] - linear_regression
[2026-04-24 05:53:06,399][dowhy.causal_estimator][INFO] - INFO: Using Linear Regression Estimator
[2026-04-24 05:53:06,399][dowhy.causal_estimator][WARNING] - No directed path from ['X4'] to ['X7'].
[2026-04-24 05:53:06,401][dowhy.causal_model][INFO] - Model to find the causal effect of treatment ['X4'] on outcome ['X8']
[2026-04-24 05:53:06,401][dowhy.causal_identifier.auto_identifier][WARNING] - No directed path from treatment to outcome. Causal Effect is zero.
[2026-04-24 05:53:06,401][dowhy.causal_model][INFO] - linear_regression
[2026-04-24 05:53:06,401][dowhy.causal_estimator][INFO] - INFO: Using Linear Regression Estimator
[2026-04-24 05:53:06,401][dowhy.causal_estimator][WARNING] - No directed path from ['X4'] to ['X8'].
[2026-04-24 05:53:06,403][dowhy.causal_model][INFO] - Model to find the causal effect of treatment ['X4'] on outcome ['X9']
[2026-04-24 05:53:06,403][dowhy.causal_identifier.auto_identifier][WARNING] - No directed path from treatment to outcome. Causal Effect is zero.
[2026-04-24 05:53:06,403][dowhy.causal_model][INFO] - linear_regression
[2026-04-24 05:53:06,403][dowhy.causal_estimator][INFO] - INFO: Using Linear Regression Estimator
[2026-04-24 05:53:06,403][dowhy.causal_estimator][WARNING] - No directed path from ['X4'] to ['X9'].
[2026-04-24 05:53:06,405][dowhy.causal_model][INFO] - Model to find the causal effect of treatment ['X4'] on outcome ['X10']
[2026-04-24 05:53:06,405][dowhy.causal_identifier.auto_identifier][WARNING] - No directed path from treatment to outcome. Causal Effect is zero.
[2026-04-24 05:53:06,405][dowhy.causal_model][INFO] - linear_regression
[2026-04-24 05:53:06,405][dowhy.causal_estimator][INFO] - INFO: Using Linear Regression Estimator
[2026-04-24 05:53:06,405][dowhy.causal_estimator][WARNING] - No directed path from ['X4'] to ['X10'].
[2026-04-24 05:53:06,406][dowhy.causal_model][INFO] - Model to find the causal effect of treatment ['X4'] on outcome ['X11']
[2026-04-24 05:53:06,410][dowhy.causal_identifier.auto_identifier][INFO] - Causal effect can be identified.
[2026-04-24 05:53:06,411][dowhy.causal_identifier.auto_identifier][INFO] - Instrumental variables for treatment and outcome:[]
[2026-04-24 05:53:06,411][dowhy.causal_identifier.auto_identifier][INFO] - Frontdoor variables for treatment and outcome:[]
[2026-04-24 05:53:06,411][dowhy.causal_model][INFO] - linear_regression
[2026-04-24 05:53:06,411][dowhy.causal_estimator][INFO] - INFO: Using Linear Regression Estimator
[2026-04-24 05:53:06,411][dowhy.causal_estimator][INFO] - b: X11~X4+X4*X8+X4*X7+X4*X5+X4*X3+X4*X2+X4*X1+X4*X0+X4*X6
[2026-04-24 05:53:06,474][dowhy.causal_model][INFO] - Model to find the causal effect of treatment ['X5'] on outcome ['X0']
[2026-04-24 05:53:06,474][dowhy.causal_identifier.auto_identifier][WARNING] - No directed path from treatment to outcome. Causal Effect is zero.
[2026-04-24 05:53:06,474][dowhy.causal_model][INFO] - linear_regression
[2026-04-24 05:53:06,474][dowhy.causal_estimator][INFO] - INFO: Using Linear Regression Estimator
[2026-04-24 05:53:06,474][dowhy.causal_estimator][WARNING] - No directed path from ['X5'] to ['X0'].
[2026-04-24 05:53:06,476][dowhy.causal_model][INFO] - Model to find the causal effect of treatment ['X5'] on outcome ['X1']
[2026-04-24 05:53:06,476][dowhy.causal_identifier.auto_identifier][WARNING] - No directed path from treatment to outcome. Causal Effect is zero.
[2026-04-24 05:53:06,476][dowhy.causal_model][INFO] - linear_regression
[2026-04-24 05:53:06,476][dowhy.causal_estimator][INFO] - INFO: Using Linear Regression Estimator
[2026-04-24 05:53:06,476][dowhy.causal_estimator][WARNING] - No directed path from ['X5'] to ['X1'].
[2026-04-24 05:53:06,478][dowhy.causal_model][INFO] - Model to find the causal effect of treatment ['X5'] on outcome ['X2']
[2026-04-24 05:53:06,478][dowhy.causal_identifier.auto_identifier][WARNING] - No directed path from treatment to outcome. Causal Effect is zero.
[2026-04-24 05:53:06,478][dowhy.causal_model][INFO] - linear_regression
[2026-04-24 05:53:06,478][dowhy.causal_estimator][INFO] - INFO: Using Linear Regression Estimator
[2026-04-24 05:53:06,478][dowhy.causal_estimator][WARNING] - No directed path from ['X5'] to ['X2'].
[2026-04-24 05:53:06,479][dowhy.causal_model][INFO] - Model to find the causal effect of treatment ['X5'] on outcome ['X3']
[2026-04-24 05:53:06,479][dowhy.causal_identifier.auto_identifier][WARNING] - No directed path from treatment to outcome. Causal Effect is zero.
[2026-04-24 05:53:06,480][dowhy.causal_model][INFO] - linear_regression
[2026-04-24 05:53:06,480][dowhy.causal_estimator][INFO] - INFO: Using Linear Regression Estimator
[2026-04-24 05:53:06,480][dowhy.causal_estimator][WARNING] - No directed path from ['X5'] to ['X3'].
[2026-04-24 05:53:06,481][dowhy.causal_model][INFO] - Model to find the causal effect of treatment ['X5'] on outcome ['X4']
[2026-04-24 05:53:06,481][dowhy.causal_identifier.auto_identifier][WARNING] - No directed path from treatment to outcome. Causal Effect is zero.
[2026-04-24 05:53:06,482][dowhy.causal_model][INFO] - linear_regression
[2026-04-24 05:53:06,482][dowhy.causal_estimator][INFO] - INFO: Using Linear Regression Estimator
[2026-04-24 05:53:06,482][dowhy.causal_estimator][WARNING] - No directed path from ['X5'] to ['X4'].
[2026-04-24 05:53:06,483][dowhy.causal_model][INFO] - Model to find the causal effect of treatment ['X5'] on outcome ['X6']
[2026-04-24 05:53:06,485][dowhy.causal_identifier.auto_identifier][INFO] - Causal effect can be identified.
[2026-04-24 05:53:06,485][dowhy.causal_identifier.auto_identifier][INFO] - Instrumental variables for treatment and outcome:['X0']
[2026-04-24 05:53:06,486][dowhy.causal_identifier.auto_identifier][INFO] - Frontdoor variables for treatment and outcome:[]
[2026-04-24 05:53:06,486][dowhy.causal_model][INFO] - linear_regression
[2026-04-24 05:53:06,486][dowhy.causal_estimator][INFO] - INFO: Using Linear Regression Estimator
[2026-04-24 05:53:06,486][dowhy.causal_estimator][INFO] - b: X6~X5+X1
[2026-04-24 05:53:06,495][dowhy.causal_model][INFO] - Model to find the causal effect of treatment ['X5'] on outcome ['X7']
[2026-04-24 05:53:06,496][dowhy.causal_identifier.auto_identifier][INFO] - Causal effect can be identified.
[2026-04-24 05:53:06,497][dowhy.causal_identifier.auto_identifier][INFO] - Instrumental variables for treatment and outcome:['X0']
[2026-04-24 05:53:06,498][dowhy.causal_identifier.auto_identifier][INFO] - Frontdoor variables for treatment and outcome:[]
[2026-04-24 05:53:06,498][dowhy.causal_model][INFO] - linear_regression
[2026-04-24 05:53:06,498][dowhy.causal_estimator][INFO] - INFO: Using Linear Regression Estimator
[2026-04-24 05:53:06,498][dowhy.causal_estimator][INFO] - b: X7~X5+X1+X5*X2+X5*X3
[2026-04-24 05:53:06,508][dowhy.causal_model][INFO] - Model to find the causal effect of treatment ['X5'] on outcome ['X8']
[2026-04-24 05:53:06,510][dowhy.causal_identifier.auto_identifier][INFO] - Causal effect can be identified.
[2026-04-24 05:53:06,510][dowhy.causal_identifier.auto_identifier][INFO] - Instrumental variables for treatment and outcome:['X0']
[2026-04-24 05:53:06,513][dowhy.causal_identifier.auto_identifier][INFO] - Frontdoor variables for treatment and outcome:[]
[2026-04-24 05:53:06,513][dowhy.causal_model][INFO] - linear_regression
[2026-04-24 05:53:06,513][dowhy.causal_estimator][INFO] - INFO: Using Linear Regression Estimator
[2026-04-24 05:53:06,514][dowhy.causal_estimator][INFO] - b: X8~X5+X1+X5*X2+X5*X3
[2026-04-24 05:53:06,523][dowhy.causal_model][INFO] - Model to find the causal effect of treatment ['X5'] on outcome ['X9']
[2026-04-24 05:53:06,525][dowhy.causal_identifier.auto_identifier][INFO] - Causal effect can be identified.
[2026-04-24 05:53:06,525][dowhy.causal_identifier.auto_identifier][INFO] - Instrumental variables for treatment and outcome:['X1']
[2026-04-24 05:53:06,528][dowhy.causal_identifier.auto_identifier][INFO] - Frontdoor variables for treatment and outcome:[]
[2026-04-24 05:53:06,528][dowhy.causal_model][INFO] - linear_regression
[2026-04-24 05:53:06,528][dowhy.causal_estimator][INFO] - INFO: Using Linear Regression Estimator
[2026-04-24 05:53:06,528][dowhy.causal_estimator][INFO] - b: X9~X5+X0
[2026-04-24 05:53:06,536][dowhy.causal_model][INFO] - Model to find the causal effect of treatment ['X5'] on outcome ['X10']
[2026-04-24 05:53:06,538][dowhy.causal_identifier.auto_identifier][INFO] - Causal effect can be identified.
[2026-04-24 05:53:06,538][dowhy.causal_identifier.auto_identifier][INFO] - Instrumental variables for treatment and outcome:['X0']
[2026-04-24 05:53:06,543][dowhy.causal_identifier.auto_identifier][INFO] - Frontdoor variables for treatment and outcome:[]
[2026-04-24 05:53:06,543][dowhy.causal_model][INFO] - linear_regression
[2026-04-24 05:53:06,544][dowhy.causal_estimator][INFO] - INFO: Using Linear Regression Estimator
[2026-04-24 05:53:06,544][dowhy.causal_estimator][INFO] - b: X10~X5+X1+X5*X2+X5*X3
[2026-04-24 05:53:06,553][dowhy.causal_model][INFO] - Model to find the causal effect of treatment ['X5'] on outcome ['X11']
[2026-04-24 05:53:06,554][dowhy.causal_identifier.auto_identifier][INFO] - Causal effect can be identified.
[2026-04-24 05:53:06,555][dowhy.causal_identifier.auto_identifier][INFO] - Instrumental variables for treatment and outcome:['X0']
[2026-04-24 05:53:06,561][dowhy.causal_identifier.auto_identifier][INFO] - Frontdoor variables for treatment and outcome:[]
[2026-04-24 05:53:06,561][dowhy.causal_model][INFO] - linear_regression
[2026-04-24 05:53:06,561][dowhy.causal_estimator][INFO] - INFO: Using Linear Regression Estimator
[2026-04-24 05:53:06,561][dowhy.causal_estimator][INFO] - b: X11~X5+X1+X5*X2+X5*X3+X5*X4
[2026-04-24 05:53:06,623][dowhy.causal_model][INFO] - Model to find the causal effect of treatment ['X6'] on outcome ['X0']
[2026-04-24 05:53:06,623][dowhy.causal_identifier.auto_identifier][WARNING] - No directed path from treatment to outcome. Causal Effect is zero.
[2026-04-24 05:53:06,623][dowhy.causal_model][INFO] - linear_regression
[2026-04-24 05:53:06,623][dowhy.causal_estimator][INFO] - INFO: Using Linear Regression Estimator
[2026-04-24 05:53:06,623][dowhy.causal_estimator][WARNING] - No directed path from ['X6'] to ['X0'].
[2026-04-24 05:53:06,625][dowhy.causal_model][INFO] - Model to find the causal effect of treatment ['X6'] on outcome ['X1']
[2026-04-24 05:53:06,625][dowhy.causal_identifier.auto_identifier][WARNING] - No directed path from treatment to outcome. Causal Effect is zero.
[2026-04-24 05:53:06,625][dowhy.causal_model][INFO] - linear_regression
[2026-04-24 05:53:06,625][dowhy.causal_estimator][INFO] - INFO: Using Linear Regression Estimator
[2026-04-24 05:53:06,625][dowhy.causal_estimator][WARNING] - No directed path from ['X6'] to ['X1'].
[2026-04-24 05:53:06,627][dowhy.causal_model][INFO] - Model to find the causal effect of treatment ['X6'] on outcome ['X2']
[2026-04-24 05:53:06,627][dowhy.causal_identifier.auto_identifier][WARNING] - No directed path from treatment to outcome. Causal Effect is zero.
[2026-04-24 05:53:06,627][dowhy.causal_model][INFO] - linear_regression
[2026-04-24 05:53:06,627][dowhy.causal_estimator][INFO] - INFO: Using Linear Regression Estimator
[2026-04-24 05:53:06,627][dowhy.causal_estimator][WARNING] - No directed path from ['X6'] to ['X2'].
[2026-04-24 05:53:06,629][dowhy.causal_model][INFO] - Model to find the causal effect of treatment ['X6'] on outcome ['X3']
[2026-04-24 05:53:06,629][dowhy.causal_identifier.auto_identifier][WARNING] - No directed path from treatment to outcome. Causal Effect is zero.
[2026-04-24 05:53:06,629][dowhy.causal_model][INFO] - linear_regression
[2026-04-24 05:53:06,629][dowhy.causal_estimator][INFO] - INFO: Using Linear Regression Estimator
[2026-04-24 05:53:06,629][dowhy.causal_estimator][WARNING] - No directed path from ['X6'] to ['X3'].
[2026-04-24 05:53:06,631][dowhy.causal_model][INFO] - Model to find the causal effect of treatment ['X6'] on outcome ['X4']
[2026-04-24 05:53:06,631][dowhy.causal_identifier.auto_identifier][WARNING] - No directed path from treatment to outcome. Causal Effect is zero.
[2026-04-24 05:53:06,631][dowhy.causal_model][INFO] - linear_regression
[2026-04-24 05:53:06,631][dowhy.causal_estimator][INFO] - INFO: Using Linear Regression Estimator
[2026-04-24 05:53:06,631][dowhy.causal_estimator][WARNING] - No directed path from ['X6'] to ['X4'].
[2026-04-24 05:53:06,632][dowhy.causal_model][INFO] - Model to find the causal effect of treatment ['X6'] on outcome ['X5']
[2026-04-24 05:53:06,632][dowhy.causal_identifier.auto_identifier][WARNING] - No directed path from treatment to outcome. Causal Effect is zero.
[2026-04-24 05:53:06,633][dowhy.causal_model][INFO] - linear_regression
[2026-04-24 05:53:06,633][dowhy.causal_estimator][INFO] - INFO: Using Linear Regression Estimator
[2026-04-24 05:53:06,633][dowhy.causal_estimator][WARNING] - No directed path from ['X6'] to ['X5'].
[2026-04-24 05:53:06,634][dowhy.causal_model][INFO] - Model to find the causal effect of treatment ['X6'] on outcome ['X7']
[2026-04-24 05:53:06,637][dowhy.causal_identifier.auto_identifier][INFO] - Causal effect can be identified.
[2026-04-24 05:53:06,637][dowhy.causal_identifier.auto_identifier][INFO] - Instrumental variables for treatment and outcome:['X1', 'X5']
[2026-04-24 05:53:06,638][dowhy.causal_identifier.auto_identifier][INFO] - Frontdoor variables for treatment and outcome:[]
[2026-04-24 05:53:06,638][dowhy.causal_model][INFO] - linear_regression
[2026-04-24 05:53:06,638][dowhy.causal_estimator][INFO] - INFO: Using Linear Regression Estimator
[2026-04-24 05:53:06,638][dowhy.causal_estimator][INFO] - b: X7~X6+X6*X2+X6*X3
[2026-04-24 05:53:06,645][dowhy.causal_model][INFO] - Model to find the causal effect of treatment ['X6'] on outcome ['X8']
[2026-04-24 05:53:06,648][dowhy.causal_identifier.auto_identifier][INFO] - Causal effect can be identified.
[2026-04-24 05:53:06,648][dowhy.causal_identifier.auto_identifier][INFO] - Instrumental variables for treatment and outcome:['X1', 'X5']
[2026-04-24 05:53:06,649][dowhy.causal_identifier.auto_identifier][INFO] - Frontdoor variables for treatment and outcome:[]
[2026-04-24 05:53:06,649][dowhy.causal_model][INFO] - linear_regression
[2026-04-24 05:53:06,649][dowhy.causal_estimator][INFO] - INFO: Using Linear Regression Estimator
[2026-04-24 05:53:06,649][dowhy.causal_estimator][INFO] - b: X8~X6+X6*X2+X6*X3
[2026-04-24 05:53:06,656][dowhy.causal_model][INFO] - Model to find the causal effect of treatment ['X6'] on outcome ['X9']
[2026-04-24 05:53:06,657][dowhy.causal_identifier.auto_identifier][WARNING] - No directed path from treatment to outcome. Causal Effect is zero.
[2026-04-24 05:53:06,657][dowhy.causal_model][INFO] - linear_regression
[2026-04-24 05:53:06,657][dowhy.causal_estimator][INFO] - INFO: Using Linear Regression Estimator
[2026-04-24 05:53:06,657][dowhy.causal_estimator][WARNING] - No directed path from ['X6'] to ['X9'].
[2026-04-24 05:53:06,658][dowhy.causal_model][INFO] - Model to find the causal effect of treatment ['X6'] on outcome ['X10']
[2026-04-24 05:53:06,661][dowhy.causal_identifier.auto_identifier][INFO] - Causal effect can be identified.
[2026-04-24 05:53:06,661][dowhy.causal_identifier.auto_identifier][INFO] - Instrumental variables for treatment and outcome:['X1', 'X5']
[2026-04-24 05:53:06,662][dowhy.causal_identifier.auto_identifier][INFO] - Frontdoor variables for treatment and outcome:[]
[2026-04-24 05:53:06,662][dowhy.causal_model][INFO] - linear_regression
[2026-04-24 05:53:06,662][dowhy.causal_estimator][INFO] - INFO: Using Linear Regression Estimator
[2026-04-24 05:53:06,663][dowhy.causal_estimator][INFO] - b: X10~X6+X6*X2+X6*X3
[2026-04-24 05:53:06,670][dowhy.causal_model][INFO] - Model to find the causal effect of treatment ['X6'] on outcome ['X11']
[2026-04-24 05:53:06,672][dowhy.causal_identifier.auto_identifier][INFO] - Causal effect can be identified.
[2026-04-24 05:53:06,673][dowhy.causal_identifier.auto_identifier][INFO] - Instrumental variables for treatment and outcome:['X1', 'X5']
[2026-04-24 05:53:06,674][dowhy.causal_identifier.auto_identifier][INFO] - Frontdoor variables for treatment and outcome:['X8', 'X7', 'X10']
[2026-04-24 05:53:06,677][dowhy.causal_identifier.auto_identifier][INFO] - Causal effect can be identified.
[2026-04-24 05:53:06,680][dowhy.causal_identifier.auto_identifier][INFO] - Causal effect can be identified.
[2026-04-24 05:53:06,681][dowhy.causal_model][INFO] - linear_regression
[2026-04-24 05:53:06,681][dowhy.causal_estimator][INFO] - INFO: Using Linear Regression Estimator
[2026-04-24 05:53:06,681][dowhy.causal_estimator][INFO] - b: X11~X6+X6*X2+X6*X3+X6*X4
[2026-04-24 05:53:06,744][dowhy.causal_model][INFO] - Model to find the causal effect of treatment ['X7'] on outcome ['X0']
[2026-04-24 05:53:06,744][dowhy.causal_identifier.auto_identifier][WARNING] - No directed path from treatment to outcome. Causal Effect is zero.
[2026-04-24 05:53:06,744][dowhy.causal_model][INFO] - linear_regression
[2026-04-24 05:53:06,744][dowhy.causal_estimator][INFO] - INFO: Using Linear Regression Estimator
[2026-04-24 05:53:06,744][dowhy.causal_estimator][WARNING] - No directed path from ['X7'] to ['X0'].
[2026-04-24 05:53:06,746][dowhy.causal_model][INFO] - Model to find the causal effect of treatment ['X7'] on outcome ['X1']
[2026-04-24 05:53:06,746][dowhy.causal_identifier.auto_identifier][WARNING] - No directed path from treatment to outcome. Causal Effect is zero.
[2026-04-24 05:53:06,746][dowhy.causal_model][INFO] - linear_regression
[2026-04-24 05:53:06,746][dowhy.causal_estimator][INFO] - INFO: Using Linear Regression Estimator
[2026-04-24 05:53:06,746][dowhy.causal_estimator][WARNING] - No directed path from ['X7'] to ['X1'].
[2026-04-24 05:53:06,748][dowhy.causal_model][INFO] - Model to find the causal effect of treatment ['X7'] on outcome ['X2']
[2026-04-24 05:53:06,748][dowhy.causal_identifier.auto_identifier][WARNING] - No directed path from treatment to outcome. Causal Effect is zero.
[2026-04-24 05:53:06,748][dowhy.causal_model][INFO] - linear_regression
[2026-04-24 05:53:06,748][dowhy.causal_estimator][INFO] - INFO: Using Linear Regression Estimator
[2026-04-24 05:53:06,748][dowhy.causal_estimator][WARNING] - No directed path from ['X7'] to ['X2'].
[2026-04-24 05:53:06,750][dowhy.causal_model][INFO] - Model to find the causal effect of treatment ['X7'] on outcome ['X3']
[2026-04-24 05:53:06,750][dowhy.causal_identifier.auto_identifier][WARNING] - No directed path from treatment to outcome. Causal Effect is zero.
[2026-04-24 05:53:06,750][dowhy.causal_model][INFO] - linear_regression
[2026-04-24 05:53:06,750][dowhy.causal_estimator][INFO] - INFO: Using Linear Regression Estimator
[2026-04-24 05:53:06,750][dowhy.causal_estimator][WARNING] - No directed path from ['X7'] to ['X3'].
[2026-04-24 05:53:06,752][dowhy.causal_model][INFO] - Model to find the causal effect of treatment ['X7'] on outcome ['X4']
[2026-04-24 05:53:06,752][dowhy.causal_identifier.auto_identifier][WARNING] - No directed path from treatment to outcome. Causal Effect is zero.
[2026-04-24 05:53:06,752][dowhy.causal_model][INFO] - linear_regression
[2026-04-24 05:53:06,752][dowhy.causal_estimator][INFO] - INFO: Using Linear Regression Estimator
[2026-04-24 05:53:06,752][dowhy.causal_estimator][WARNING] - No directed path from ['X7'] to ['X4'].
[2026-04-24 05:53:06,754][dowhy.causal_model][INFO] - Model to find the causal effect of treatment ['X7'] on outcome ['X5']
[2026-04-24 05:53:06,754][dowhy.causal_identifier.auto_identifier][WARNING] - No directed path from treatment to outcome. Causal Effect is zero.
[2026-04-24 05:53:06,754][dowhy.causal_model][INFO] - linear_regression
[2026-04-24 05:53:06,754][dowhy.causal_estimator][INFO] - INFO: Using Linear Regression Estimator
[2026-04-24 05:53:06,754][dowhy.causal_estimator][WARNING] - No directed path from ['X7'] to ['X5'].
[2026-04-24 05:53:06,756][dowhy.causal_model][INFO] - Model to find the causal effect of treatment ['X7'] on outcome ['X6']
[2026-04-24 05:53:06,756][dowhy.causal_identifier.auto_identifier][WARNING] - No directed path from treatment to outcome. Causal Effect is zero.
[2026-04-24 05:53:06,756][dowhy.causal_model][INFO] - linear_regression
[2026-04-24 05:53:06,756][dowhy.causal_estimator][INFO] - INFO: Using Linear Regression Estimator
[2026-04-24 05:53:06,756][dowhy.causal_estimator][WARNING] - No directed path from ['X7'] to ['X6'].
[2026-04-24 05:53:06,758][dowhy.causal_model][INFO] - Model to find the causal effect of treatment ['X7'] on outcome ['X8']
[2026-04-24 05:53:06,760][dowhy.causal_identifier.auto_identifier][INFO] - Causal effect can be identified.
[2026-04-24 05:53:06,761][dowhy.causal_identifier.auto_identifier][INFO] - Instrumental variables for treatment and outcome:['X2', 'X6']
[2026-04-24 05:53:06,761][dowhy.causal_identifier.auto_identifier][INFO] - Frontdoor variables for treatment and outcome:[]
[2026-04-24 05:53:06,761][dowhy.causal_model][INFO] - linear_regression
[2026-04-24 05:53:06,762][dowhy.causal_estimator][INFO] - INFO: Using Linear Regression Estimator
[2026-04-24 05:53:06,762][dowhy.causal_estimator][INFO] - b: X8~X7+X3
[2026-04-24 05:53:06,770][dowhy.causal_model][INFO] - Model to find the causal effect of treatment ['X7'] on outcome ['X9']
[2026-04-24 05:53:06,770][dowhy.causal_identifier.auto_identifier][WARNING] - No directed path from treatment to outcome. Causal Effect is zero.
[2026-04-24 05:53:06,770][dowhy.causal_model][INFO] - linear_regression
[2026-04-24 05:53:06,770][dowhy.causal_estimator][INFO] - INFO: Using Linear Regression Estimator
[2026-04-24 05:53:06,770][dowhy.causal_estimator][WARNING] - No directed path from ['X7'] to ['X9'].
[2026-04-24 05:53:06,772][dowhy.causal_model][INFO] - Model to find the causal effect of treatment ['X7'] on outcome ['X10']
[2026-04-24 05:53:06,775][dowhy.causal_identifier.auto_identifier][INFO] - Causal effect can be identified.
[2026-04-24 05:53:06,775][dowhy.causal_identifier.auto_identifier][INFO] - Instrumental variables for treatment and outcome:['X3', 'X6']
[2026-04-24 05:53:06,776][dowhy.causal_identifier.auto_identifier][INFO] - Frontdoor variables for treatment and outcome:[]
[2026-04-24 05:53:06,776][dowhy.causal_model][INFO] - linear_regression
[2026-04-24 05:53:06,776][dowhy.causal_estimator][INFO] - INFO: Using Linear Regression Estimator
[2026-04-24 05:53:06,776][dowhy.causal_estimator][INFO] - b: X10~X7+X2
[2026-04-24 05:53:06,785][dowhy.causal_model][INFO] - Model to find the causal effect of treatment ['X7'] on outcome ['X11']
[2026-04-24 05:53:06,787][dowhy.causal_identifier.auto_identifier][INFO] - Causal effect can be identified.
[2026-04-24 05:53:06,788][dowhy.causal_identifier.auto_identifier][INFO] - Instrumental variables for treatment and outcome:['X2', 'X6']
[2026-04-24 05:53:06,789][dowhy.causal_identifier.auto_identifier][INFO] - Frontdoor variables for treatment and outcome:[]
[2026-04-24 05:53:06,789][dowhy.causal_model][INFO] - linear_regression
[2026-04-24 05:53:06,789][dowhy.causal_estimator][INFO] - INFO: Using Linear Regression Estimator
[2026-04-24 05:53:06,790][dowhy.causal_estimator][INFO] - b: X11~X7+X3+X7*X4
[2026-04-24 05:53:06,848][dowhy.causal_model][INFO] - Model to find the causal effect of treatment ['X8'] on outcome ['X0']
[2026-04-24 05:53:06,848][dowhy.causal_identifier.auto_identifier][WARNING] - No directed path from treatment to outcome. Causal Effect is zero.
[2026-04-24 05:53:06,848][dowhy.causal_model][INFO] - linear_regression
[2026-04-24 05:53:06,848][dowhy.causal_estimator][INFO] - INFO: Using Linear Regression Estimator
[2026-04-24 05:53:06,848][dowhy.causal_estimator][WARNING] - No directed path from ['X8'] to ['X0'].
[2026-04-24 05:53:06,850][dowhy.causal_model][INFO] - Model to find the causal effect of treatment ['X8'] on outcome ['X1']
[2026-04-24 05:53:06,850][dowhy.causal_identifier.auto_identifier][WARNING] - No directed path from treatment to outcome. Causal Effect is zero.
[2026-04-24 05:53:06,850][dowhy.causal_model][INFO] - linear_regression
[2026-04-24 05:53:06,850][dowhy.causal_estimator][INFO] - INFO: Using Linear Regression Estimator
[2026-04-24 05:53:06,850][dowhy.causal_estimator][WARNING] - No directed path from ['X8'] to ['X1'].
[2026-04-24 05:53:06,852][dowhy.causal_model][INFO] - Model to find the causal effect of treatment ['X8'] on outcome ['X2']
[2026-04-24 05:53:06,852][dowhy.causal_identifier.auto_identifier][WARNING] - No directed path from treatment to outcome. Causal Effect is zero.
[2026-04-24 05:53:06,852][dowhy.causal_model][INFO] - linear_regression
[2026-04-24 05:53:06,852][dowhy.causal_estimator][INFO] - INFO: Using Linear Regression Estimator
[2026-04-24 05:53:06,852][dowhy.causal_estimator][WARNING] - No directed path from ['X8'] to ['X2'].
[2026-04-24 05:53:06,853][dowhy.causal_model][INFO] - Model to find the causal effect of treatment ['X8'] on outcome ['X3']
[2026-04-24 05:53:06,853][dowhy.causal_identifier.auto_identifier][WARNING] - No directed path from treatment to outcome. Causal Effect is zero.
[2026-04-24 05:53:06,853][dowhy.causal_model][INFO] - linear_regression
[2026-04-24 05:53:06,854][dowhy.causal_estimator][INFO] - INFO: Using Linear Regression Estimator
[2026-04-24 05:53:06,854][dowhy.causal_estimator][WARNING] - No directed path from ['X8'] to ['X3'].
[2026-04-24 05:53:06,855][dowhy.causal_model][INFO] - Model to find the causal effect of treatment ['X8'] on outcome ['X4']
[2026-04-24 05:53:06,855][dowhy.causal_identifier.auto_identifier][WARNING] - No directed path from treatment to outcome. Causal Effect is zero.
[2026-04-24 05:53:06,855][dowhy.causal_model][INFO] - linear_regression
[2026-04-24 05:53:06,855][dowhy.causal_estimator][INFO] - INFO: Using Linear Regression Estimator
[2026-04-24 05:53:06,855][dowhy.causal_estimator][WARNING] - No directed path from ['X8'] to ['X4'].
[2026-04-24 05:53:06,857][dowhy.causal_model][INFO] - Model to find the causal effect of treatment ['X8'] on outcome ['X5']
[2026-04-24 05:53:06,857][dowhy.causal_identifier.auto_identifier][WARNING] - No directed path from treatment to outcome. Causal Effect is zero.
[2026-04-24 05:53:06,857][dowhy.causal_model][INFO] - linear_regression
[2026-04-24 05:53:06,857][dowhy.causal_estimator][INFO] - INFO: Using Linear Regression Estimator
[2026-04-24 05:53:06,857][dowhy.causal_estimator][WARNING] - No directed path from ['X8'] to ['X5'].
[2026-04-24 05:53:06,859][dowhy.causal_model][INFO] - Model to find the causal effect of treatment ['X8'] on outcome ['X6']
[2026-04-24 05:53:06,859][dowhy.causal_identifier.auto_identifier][WARNING] - No directed path from treatment to outcome. Causal Effect is zero.
[2026-04-24 05:53:06,859][dowhy.causal_model][INFO] - linear_regression
[2026-04-24 05:53:06,859][dowhy.causal_estimator][INFO] - INFO: Using Linear Regression Estimator
[2026-04-24 05:53:06,859][dowhy.causal_estimator][WARNING] - No directed path from ['X8'] to ['X6'].
[2026-04-24 05:53:06,861][dowhy.causal_model][INFO] - Model to find the causal effect of treatment ['X8'] on outcome ['X7']
[2026-04-24 05:53:06,861][dowhy.causal_identifier.auto_identifier][WARNING] - No directed path from treatment to outcome. Causal Effect is zero.
[2026-04-24 05:53:06,861][dowhy.causal_model][INFO] - linear_regression
[2026-04-24 05:53:06,861][dowhy.causal_estimator][INFO] - INFO: Using Linear Regression Estimator
[2026-04-24 05:53:06,861][dowhy.causal_estimator][WARNING] - No directed path from ['X8'] to ['X7'].
[2026-04-24 05:53:06,863][dowhy.causal_model][INFO] - Model to find the causal effect of treatment ['X8'] on outcome ['X9']
[2026-04-24 05:53:06,863][dowhy.causal_identifier.auto_identifier][WARNING] - No directed path from treatment to outcome. Causal Effect is zero.
[2026-04-24 05:53:06,863][dowhy.causal_model][INFO] - linear_regression
[2026-04-24 05:53:06,863][dowhy.causal_estimator][INFO] - INFO: Using Linear Regression Estimator
[2026-04-24 05:53:06,863][dowhy.causal_estimator][WARNING] - No directed path from ['X8'] to ['X9'].
[2026-04-24 05:53:06,864][dowhy.causal_model][INFO] - Model to find the causal effect of treatment ['X8'] on outcome ['X10']
[2026-04-24 05:53:06,864][dowhy.causal_identifier.auto_identifier][WARNING] - No directed path from treatment to outcome. Causal Effect is zero.
[2026-04-24 05:53:06,864][dowhy.causal_model][INFO] - linear_regression
[2026-04-24 05:53:06,865][dowhy.causal_estimator][INFO] - INFO: Using Linear Regression Estimator
[2026-04-24 05:53:06,865][dowhy.causal_estimator][WARNING] - No directed path from ['X8'] to ['X10'].
[2026-04-24 05:53:06,866][dowhy.causal_model][INFO] - Model to find the causal effect of treatment ['X8'] on outcome ['X11']
[2026-04-24 05:53:06,869][dowhy.causal_identifier.auto_identifier][INFO] - Causal effect can be identified.
[2026-04-24 05:53:06,870][dowhy.causal_identifier.auto_identifier][INFO] - Instrumental variables for treatment and outcome:['X7', 'X3']
[2026-04-24 05:53:06,871][dowhy.causal_identifier.auto_identifier][INFO] - Frontdoor variables for treatment and outcome:[]
[2026-04-24 05:53:06,871][dowhy.causal_model][INFO] - linear_regression
[2026-04-24 05:53:06,871][dowhy.causal_estimator][INFO] - INFO: Using Linear Regression Estimator
[2026-04-24 05:53:06,871][dowhy.causal_estimator][INFO] - b: X11~X8+X8*X4
[2026-04-24 05:53:06,926][dowhy.causal_model][INFO] - Model to find the causal effect of treatment ['X9'] on outcome ['X0']
[2026-04-24 05:53:06,926][dowhy.causal_identifier.auto_identifier][WARNING] - No directed path from treatment to outcome. Causal Effect is zero.
[2026-04-24 05:53:06,926][dowhy.causal_model][INFO] - linear_regression
[2026-04-24 05:53:06,926][dowhy.causal_estimator][INFO] - INFO: Using Linear Regression Estimator
[2026-04-24 05:53:06,926][dowhy.causal_estimator][WARNING] - No directed path from ['X9'] to ['X0'].
[2026-04-24 05:53:06,928][dowhy.causal_model][INFO] - Model to find the causal effect of treatment ['X9'] on outcome ['X1']
[2026-04-24 05:53:06,928][dowhy.causal_identifier.auto_identifier][WARNING] - No directed path from treatment to outcome. Causal Effect is zero.
[2026-04-24 05:53:06,928][dowhy.causal_model][INFO] - linear_regression
[2026-04-24 05:53:06,928][dowhy.causal_estimator][INFO] - INFO: Using Linear Regression Estimator
[2026-04-24 05:53:06,928][dowhy.causal_estimator][WARNING] - No directed path from ['X9'] to ['X1'].
[2026-04-24 05:53:06,929][dowhy.causal_model][INFO] - Model to find the causal effect of treatment ['X9'] on outcome ['X2']
[2026-04-24 05:53:06,929][dowhy.causal_identifier.auto_identifier][WARNING] - No directed path from treatment to outcome. Causal Effect is zero.
[2026-04-24 05:53:06,930][dowhy.causal_model][INFO] - linear_regression
[2026-04-24 05:53:06,930][dowhy.causal_estimator][INFO] - INFO: Using Linear Regression Estimator
[2026-04-24 05:53:06,930][dowhy.causal_estimator][WARNING] - No directed path from ['X9'] to ['X2'].
[2026-04-24 05:53:06,931][dowhy.causal_model][INFO] - Model to find the causal effect of treatment ['X9'] on outcome ['X3']
[2026-04-24 05:53:06,931][dowhy.causal_identifier.auto_identifier][WARNING] - No directed path from treatment to outcome. Causal Effect is zero.
[2026-04-24 05:53:06,931][dowhy.causal_model][INFO] - linear_regression
[2026-04-24 05:53:06,931][dowhy.causal_estimator][INFO] - INFO: Using Linear Regression Estimator
[2026-04-24 05:53:06,931][dowhy.causal_estimator][WARNING] - No directed path from ['X9'] to ['X3'].
[2026-04-24 05:53:06,933][dowhy.causal_model][INFO] - Model to find the causal effect of treatment ['X9'] on outcome ['X4']
[2026-04-24 05:53:06,933][dowhy.causal_identifier.auto_identifier][WARNING] - No directed path from treatment to outcome. Causal Effect is zero.
[2026-04-24 05:53:06,933][dowhy.causal_model][INFO] - linear_regression
[2026-04-24 05:53:06,933][dowhy.causal_estimator][INFO] - INFO: Using Linear Regression Estimator
[2026-04-24 05:53:06,933][dowhy.causal_estimator][WARNING] - No directed path from ['X9'] to ['X4'].
[2026-04-24 05:53:06,935][dowhy.causal_model][INFO] - Model to find the causal effect of treatment ['X9'] on outcome ['X5']
[2026-04-24 05:53:06,935][dowhy.causal_identifier.auto_identifier][WARNING] - No directed path from treatment to outcome. Causal Effect is zero.
[2026-04-24 05:53:06,935][dowhy.causal_model][INFO] - linear_regression
[2026-04-24 05:53:06,935][dowhy.causal_estimator][INFO] - INFO: Using Linear Regression Estimator
[2026-04-24 05:53:06,935][dowhy.causal_estimator][WARNING] - No directed path from ['X9'] to ['X5'].
[2026-04-24 05:53:06,937][dowhy.causal_model][INFO] - Model to find the causal effect of treatment ['X9'] on outcome ['X6']
[2026-04-24 05:53:06,937][dowhy.causal_identifier.auto_identifier][WARNING] - No directed path from treatment to outcome. Causal Effect is zero.
[2026-04-24 05:53:06,937][dowhy.causal_model][INFO] - linear_regression
[2026-04-24 05:53:06,937][dowhy.causal_estimator][INFO] - INFO: Using Linear Regression Estimator
[2026-04-24 05:53:06,937][dowhy.causal_estimator][WARNING] - No directed path from ['X9'] to ['X6'].
[2026-04-24 05:53:06,938][dowhy.causal_model][INFO] - Model to find the causal effect of treatment ['X9'] on outcome ['X7']
[2026-04-24 05:53:06,938][dowhy.causal_identifier.auto_identifier][WARNING] - No directed path from treatment to outcome. Causal Effect is zero.
[2026-04-24 05:53:06,939][dowhy.causal_model][INFO] - linear_regression
[2026-04-24 05:53:06,939][dowhy.causal_estimator][INFO] - INFO: Using Linear Regression Estimator
[2026-04-24 05:53:06,939][dowhy.causal_estimator][WARNING] - No directed path from ['X9'] to ['X7'].
[2026-04-24 05:53:06,940][dowhy.causal_model][INFO] - Model to find the causal effect of treatment ['X9'] on outcome ['X8']
[2026-04-24 05:53:06,940][dowhy.causal_identifier.auto_identifier][WARNING] - No directed path from treatment to outcome. Causal Effect is zero.
[2026-04-24 05:53:06,940][dowhy.causal_model][INFO] - linear_regression
[2026-04-24 05:53:06,940][dowhy.causal_estimator][INFO] - INFO: Using Linear Regression Estimator
[2026-04-24 05:53:06,940][dowhy.causal_estimator][WARNING] - No directed path from ['X9'] to ['X8'].
[2026-04-24 05:53:06,942][dowhy.causal_model][INFO] - Model to find the causal effect of treatment ['X9'] on outcome ['X10']
[2026-04-24 05:53:06,942][dowhy.causal_identifier.auto_identifier][WARNING] - No directed path from treatment to outcome. Causal Effect is zero.
[2026-04-24 05:53:06,942][dowhy.causal_model][INFO] - linear_regression
[2026-04-24 05:53:06,942][dowhy.causal_estimator][INFO] - INFO: Using Linear Regression Estimator
[2026-04-24 05:53:06,942][dowhy.causal_estimator][WARNING] - No directed path from ['X9'] to ['X10'].
[2026-04-24 05:53:06,944][dowhy.causal_model][INFO] - Model to find the causal effect of treatment ['X9'] on outcome ['X11']
[2026-04-24 05:53:06,944][dowhy.causal_identifier.auto_identifier][WARNING] - No directed path from treatment to outcome. Causal Effect is zero.
[2026-04-24 05:53:06,944][dowhy.causal_model][INFO] - linear_regression
[2026-04-24 05:53:06,944][dowhy.causal_estimator][INFO] - INFO: Using Linear Regression Estimator
[2026-04-24 05:53:06,944][dowhy.causal_estimator][WARNING] - No directed path from ['X9'] to ['X11'].
[2026-04-24 05:53:06,997][dowhy.causal_model][INFO] - Model to find the causal effect of treatment ['X10'] on outcome ['X0']
[2026-04-24 05:53:06,997][dowhy.causal_identifier.auto_identifier][WARNING] - No directed path from treatment to outcome. Causal Effect is zero.
[2026-04-24 05:53:06,997][dowhy.causal_model][INFO] - linear_regression
[2026-04-24 05:53:06,997][dowhy.causal_estimator][INFO] - INFO: Using Linear Regression Estimator
[2026-04-24 05:53:06,997][dowhy.causal_estimator][WARNING] - No directed path from ['X10'] to ['X0'].
[2026-04-24 05:53:07,000][dowhy.causal_model][INFO] - Model to find the causal effect of treatment ['X10'] on outcome ['X1']
[2026-04-24 05:53:07,000][dowhy.causal_identifier.auto_identifier][WARNING] - No directed path from treatment to outcome. Causal Effect is zero.
[2026-04-24 05:53:07,000][dowhy.causal_model][INFO] - linear_regression
[2026-04-24 05:53:07,000][dowhy.causal_estimator][INFO] - INFO: Using Linear Regression Estimator
[2026-04-24 05:53:07,000][dowhy.causal_estimator][WARNING] - No directed path from ['X10'] to ['X1'].
[2026-04-24 05:53:07,002][dowhy.causal_model][INFO] - Model to find the causal effect of treatment ['X10'] on outcome ['X2']
[2026-04-24 05:53:07,002][dowhy.causal_identifier.auto_identifier][WARNING] - No directed path from treatment to outcome. Causal Effect is zero.
[2026-04-24 05:53:07,002][dowhy.causal_model][INFO] - linear_regression
[2026-04-24 05:53:07,002][dowhy.causal_estimator][INFO] - INFO: Using Linear Regression Estimator
[2026-04-24 05:53:07,002][dowhy.causal_estimator][WARNING] - No directed path from ['X10'] to ['X2'].
[2026-04-24 05:53:07,004][dowhy.causal_model][INFO] - Model to find the causal effect of treatment ['X10'] on outcome ['X3']
[2026-04-24 05:53:07,004][dowhy.causal_identifier.auto_identifier][WARNING] - No directed path from treatment to outcome. Causal Effect is zero.
[2026-04-24 05:53:07,004][dowhy.causal_model][INFO] - linear_regression
[2026-04-24 05:53:07,004][dowhy.causal_estimator][INFO] - INFO: Using Linear Regression Estimator
[2026-04-24 05:53:07,004][dowhy.causal_estimator][WARNING] - No directed path from ['X10'] to ['X3'].
[2026-04-24 05:53:07,006][dowhy.causal_model][INFO] - Model to find the causal effect of treatment ['X10'] on outcome ['X4']
[2026-04-24 05:53:07,006][dowhy.causal_identifier.auto_identifier][WARNING] - No directed path from treatment to outcome. Causal Effect is zero.
[2026-04-24 05:53:07,006][dowhy.causal_model][INFO] - linear_regression
[2026-04-24 05:53:07,006][dowhy.causal_estimator][INFO] - INFO: Using Linear Regression Estimator
[2026-04-24 05:53:07,006][dowhy.causal_estimator][WARNING] - No directed path from ['X10'] to ['X4'].
[2026-04-24 05:53:07,008][dowhy.causal_model][INFO] - Model to find the causal effect of treatment ['X10'] on outcome ['X5']
[2026-04-24 05:53:07,008][dowhy.causal_identifier.auto_identifier][WARNING] - No directed path from treatment to outcome. Causal Effect is zero.
[2026-04-24 05:53:07,008][dowhy.causal_model][INFO] - linear_regression
[2026-04-24 05:53:07,008][dowhy.causal_estimator][INFO] - INFO: Using Linear Regression Estimator
[2026-04-24 05:53:07,008][dowhy.causal_estimator][WARNING] - No directed path from ['X10'] to ['X5'].
[2026-04-24 05:53:07,010][dowhy.causal_model][INFO] - Model to find the causal effect of treatment ['X10'] on outcome ['X6']
[2026-04-24 05:53:07,010][dowhy.causal_identifier.auto_identifier][WARNING] - No directed path from treatment to outcome. Causal Effect is zero.
[2026-04-24 05:53:07,010][dowhy.causal_model][INFO] - linear_regression
[2026-04-24 05:53:07,010][dowhy.causal_estimator][INFO] - INFO: Using Linear Regression Estimator
[2026-04-24 05:53:07,010][dowhy.causal_estimator][WARNING] - No directed path from ['X10'] to ['X6'].
[2026-04-24 05:53:07,012][dowhy.causal_model][INFO] - Model to find the causal effect of treatment ['X10'] on outcome ['X7']
[2026-04-24 05:53:07,012][dowhy.causal_identifier.auto_identifier][WARNING] - No directed path from treatment to outcome. Causal Effect is zero.
[2026-04-24 05:53:07,012][dowhy.causal_model][INFO] - linear_regression
[2026-04-24 05:53:07,012][dowhy.causal_estimator][INFO] - INFO: Using Linear Regression Estimator
[2026-04-24 05:53:07,012][dowhy.causal_estimator][WARNING] - No directed path from ['X10'] to ['X7'].
[2026-04-24 05:53:07,014][dowhy.causal_model][INFO] - Model to find the causal effect of treatment ['X10'] on outcome ['X8']
[2026-04-24 05:53:07,014][dowhy.causal_identifier.auto_identifier][WARNING] - No directed path from treatment to outcome. Causal Effect is zero.
[2026-04-24 05:53:07,014][dowhy.causal_model][INFO] - linear_regression
[2026-04-24 05:53:07,014][dowhy.causal_estimator][INFO] - INFO: Using Linear Regression Estimator
[2026-04-24 05:53:07,014][dowhy.causal_estimator][WARNING] - No directed path from ['X10'] to ['X8'].
[2026-04-24 05:53:07,016][dowhy.causal_model][INFO] - Model to find the causal effect of treatment ['X10'] on outcome ['X9']
[2026-04-24 05:53:07,016][dowhy.causal_identifier.auto_identifier][WARNING] - No directed path from treatment to outcome. Causal Effect is zero.
[2026-04-24 05:53:07,016][dowhy.causal_model][INFO] - linear_regression
[2026-04-24 05:53:07,016][dowhy.causal_estimator][INFO] - INFO: Using Linear Regression Estimator
[2026-04-24 05:53:07,016][dowhy.causal_estimator][WARNING] - No directed path from ['X10'] to ['X9'].
[2026-04-24 05:53:07,018][dowhy.causal_model][INFO] - Model to find the causal effect of treatment ['X10'] on outcome ['X11']
[2026-04-24 05:53:07,018][dowhy.causal_identifier.auto_identifier][WARNING] - No directed path from treatment to outcome. Causal Effect is zero.
[2026-04-24 05:53:07,018][dowhy.causal_model][INFO] - linear_regression
[2026-04-24 05:53:07,018][dowhy.causal_estimator][INFO] - INFO: Using Linear Regression Estimator
[2026-04-24 05:53:07,018][dowhy.causal_estimator][WARNING] - No directed path from ['X10'] to ['X11'].
[2026-04-24 05:53:07,074][dowhy.causal_model][INFO] - Model to find the causal effect of treatment ['X11'] on outcome ['X0']
[2026-04-24 05:53:07,074][dowhy.causal_identifier.auto_identifier][WARNING] - No directed path from treatment to outcome. Causal Effect is zero.
[2026-04-24 05:53:07,074][dowhy.causal_model][INFO] - linear_regression
[2026-04-24 05:53:07,074][dowhy.causal_estimator][INFO] - INFO: Using Linear Regression Estimator
[2026-04-24 05:53:07,074][dowhy.causal_estimator][WARNING] - No directed path from ['X11'] to ['X0'].
[2026-04-24 05:53:07,076][dowhy.causal_model][INFO] - Model to find the causal effect of treatment ['X11'] on outcome ['X1']
[2026-04-24 05:53:07,076][dowhy.causal_identifier.auto_identifier][WARNING] - No directed path from treatment to outcome. Causal Effect is zero.
[2026-04-24 05:53:07,076][dowhy.causal_model][INFO] - linear_regression
[2026-04-24 05:53:07,076][dowhy.causal_estimator][INFO] - INFO: Using Linear Regression Estimator
[2026-04-24 05:53:07,076][dowhy.causal_estimator][WARNING] - No directed path from ['X11'] to ['X1'].
[2026-04-24 05:53:07,078][dowhy.causal_model][INFO] - Model to find the causal effect of treatment ['X11'] on outcome ['X2']
[2026-04-24 05:53:07,078][dowhy.causal_identifier.auto_identifier][WARNING] - No directed path from treatment to outcome. Causal Effect is zero.
[2026-04-24 05:53:07,078][dowhy.causal_model][INFO] - linear_regression
[2026-04-24 05:53:07,078][dowhy.causal_estimator][INFO] - INFO: Using Linear Regression Estimator
[2026-04-24 05:53:07,078][dowhy.causal_estimator][WARNING] - No directed path from ['X11'] to ['X2'].
[2026-04-24 05:53:07,080][dowhy.causal_model][INFO] - Model to find the causal effect of treatment ['X11'] on outcome ['X3']
[2026-04-24 05:53:07,080][dowhy.causal_identifier.auto_identifier][WARNING] - No directed path from treatment to outcome. Causal Effect is zero.
[2026-04-24 05:53:07,080][dowhy.causal_model][INFO] - linear_regression
[2026-04-24 05:53:07,080][dowhy.causal_estimator][INFO] - INFO: Using Linear Regression Estimator
[2026-04-24 05:53:07,080][dowhy.causal_estimator][WARNING] - No directed path from ['X11'] to ['X3'].
[2026-04-24 05:53:07,081][dowhy.causal_model][INFO] - Model to find the causal effect of treatment ['X11'] on outcome ['X4']
[2026-04-24 05:53:07,081][dowhy.causal_identifier.auto_identifier][WARNING] - No directed path from treatment to outcome. Causal Effect is zero.
[2026-04-24 05:53:07,081][dowhy.causal_model][INFO] - linear_regression
[2026-04-24 05:53:07,081][dowhy.causal_estimator][INFO] - INFO: Using Linear Regression Estimator
[2026-04-24 05:53:07,082][dowhy.causal_estimator][WARNING] - No directed path from ['X11'] to ['X4'].
[2026-04-24 05:53:07,083][dowhy.causal_model][INFO] - Model to find the causal effect of treatment ['X11'] on outcome ['X5']
[2026-04-24 05:53:07,083][dowhy.causal_identifier.auto_identifier][WARNING] - No directed path from treatment to outcome. Causal Effect is zero.
[2026-04-24 05:53:07,083][dowhy.causal_model][INFO] - linear_regression
[2026-04-24 05:53:07,083][dowhy.causal_estimator][INFO] - INFO: Using Linear Regression Estimator
[2026-04-24 05:53:07,083][dowhy.causal_estimator][WARNING] - No directed path from ['X11'] to ['X5'].
[2026-04-24 05:53:07,085][dowhy.causal_model][INFO] - Model to find the causal effect of treatment ['X11'] on outcome ['X6']
[2026-04-24 05:53:07,085][dowhy.causal_identifier.auto_identifier][WARNING] - No directed path from treatment to outcome. Causal Effect is zero.
[2026-04-24 05:53:07,085][dowhy.causal_model][INFO] - linear_regression
[2026-04-24 05:53:07,085][dowhy.causal_estimator][INFO] - INFO: Using Linear Regression Estimator
[2026-04-24 05:53:07,085][dowhy.causal_estimator][WARNING] - No directed path from ['X11'] to ['X6'].
[2026-04-24 05:53:07,087][dowhy.causal_model][INFO] - Model to find the causal effect of treatment ['X11'] on outcome ['X7']
[2026-04-24 05:53:07,087][dowhy.causal_identifier.auto_identifier][WARNING] - No directed path from treatment to outcome. Causal Effect is zero.
[2026-04-24 05:53:07,087][dowhy.causal_model][INFO] - linear_regression
[2026-04-24 05:53:07,087][dowhy.causal_estimator][INFO] - INFO: Using Linear Regression Estimator
[2026-04-24 05:53:07,087][dowhy.causal_estimator][WARNING] - No directed path from ['X11'] to ['X7'].
[2026-04-24 05:53:07,088][dowhy.causal_model][INFO] - Model to find the causal effect of treatment ['X11'] on outcome ['X8']
[2026-04-24 05:53:07,089][dowhy.causal_identifier.auto_identifier][WARNING] - No directed path from treatment to outcome. Causal Effect is zero.
[2026-04-24 05:53:07,089][dowhy.causal_model][INFO] - linear_regression
[2026-04-24 05:53:07,089][dowhy.causal_estimator][INFO] - INFO: Using Linear Regression Estimator
[2026-04-24 05:53:07,089][dowhy.causal_estimator][WARNING] - No directed path from ['X11'] to ['X8'].
[2026-04-24 05:53:07,090][dowhy.causal_model][INFO] - Model to find the causal effect of treatment ['X11'] on outcome ['X9']
[2026-04-24 05:53:07,090][dowhy.causal_identifier.auto_identifier][WARNING] - No directed path from treatment to outcome. Causal Effect is zero.
[2026-04-24 05:53:07,090][dowhy.causal_model][INFO] - linear_regression
[2026-04-24 05:53:07,090][dowhy.causal_estimator][INFO] - INFO: Using Linear Regression Estimator
[2026-04-24 05:53:07,090][dowhy.causal_estimator][WARNING] - No directed path from ['X11'] to ['X9'].
[2026-04-24 05:53:07,092][dowhy.causal_model][INFO] - Model to find the causal effect of treatment ['X11'] on outcome ['X10']
[2026-04-24 05:53:07,092][dowhy.causal_identifier.auto_identifier][WARNING] - No directed path from treatment to outcome. Causal Effect is zero.
[2026-04-24 05:53:07,092][dowhy.causal_model][INFO] - linear_regression
[2026-04-24 05:53:07,092][dowhy.causal_estimator][INFO] - INFO: Using Linear Regression Estimator
[2026-04-24 05:53:07,092][dowhy.causal_estimator][WARNING] - No directed path from ['X11'] to ['X10'].
