[2026-04-24 04:37:16,277][dowhy.causal_model][INFO] - Model to find the causal effect of treatment ['X0'] on outcome ['X1']
[2026-04-24 04:37:16,277][dowhy.causal_identifier.auto_identifier][WARNING] - No directed path from treatment to outcome. Causal Effect is zero.
[2026-04-24 04:37:16,277][dowhy.causal_model][INFO] - linear_regression
[2026-04-24 04:37:16,277][dowhy.causal_estimator][INFO] - INFO: Using Linear Regression Estimator
[2026-04-24 04:37:16,277][dowhy.causal_estimator][WARNING] - No directed path from ['X0'] to ['X1'].
[2026-04-24 04:37:16,279][dowhy.causal_model][INFO] - Model to find the causal effect of treatment ['X0'] on outcome ['X2']
[2026-04-24 04:37:16,279][dowhy.causal_identifier.auto_identifier][WARNING] - No directed path from treatment to outcome. Causal Effect is zero.
[2026-04-24 04:37:16,279][dowhy.causal_model][INFO] - linear_regression
[2026-04-24 04:37:16,279][dowhy.causal_estimator][INFO] - INFO: Using Linear Regression Estimator
[2026-04-24 04:37:16,279][dowhy.causal_estimator][WARNING] - No directed path from ['X0'] to ['X2'].
[2026-04-24 04:37:16,281][dowhy.causal_model][INFO] - Model to find the causal effect of treatment ['X0'] on outcome ['X3']
[2026-04-24 04:37:16,281][dowhy.causal_identifier.auto_identifier][WARNING] - No directed path from treatment to outcome. Causal Effect is zero.
[2026-04-24 04:37:16,281][dowhy.causal_model][INFO] - linear_regression
[2026-04-24 04:37:16,281][dowhy.causal_estimator][INFO] - INFO: Using Linear Regression Estimator
[2026-04-24 04:37:16,281][dowhy.causal_estimator][WARNING] - No directed path from ['X0'] to ['X3'].
[2026-04-24 04:37:16,283][dowhy.causal_model][INFO] - Model to find the causal effect of treatment ['X0'] on outcome ['X4']
[2026-04-24 04:37:16,283][dowhy.causal_identifier.auto_identifier][WARNING] - No directed path from treatment to outcome. Causal Effect is zero.
[2026-04-24 04:37:16,283][dowhy.causal_model][INFO] - linear_regression
[2026-04-24 04:37:16,283][dowhy.causal_estimator][INFO] - INFO: Using Linear Regression Estimator
[2026-04-24 04:37:16,283][dowhy.causal_estimator][WARNING] - No directed path from ['X0'] to ['X4'].
[2026-04-24 04:37:16,285][dowhy.causal_model][INFO] - Model to find the causal effect of treatment ['X0'] on outcome ['X5']
[2026-04-24 04:37:16,286][dowhy.causal_identifier.auto_identifier][INFO] - Causal effect can be identified.
[2026-04-24 04:37:16,287][dowhy.causal_identifier.auto_identifier][INFO] - Instrumental variables for treatment and outcome:[]
[2026-04-24 04:37:16,287][dowhy.causal_identifier.auto_identifier][INFO] - Frontdoor variables for treatment and outcome:[]
[2026-04-24 04:37:16,287][dowhy.causal_model][INFO] - linear_regression
[2026-04-24 04:37:16,287][dowhy.causal_estimator][INFO] - INFO: Using Linear Regression Estimator
[2026-04-24 04:37:16,288][dowhy.causal_estimator][INFO] - b: X5~X0+X0*X1
[2026-04-24 04:37:16,296][dowhy.causal_model][INFO] - Model to find the causal effect of treatment ['X0'] on outcome ['X6']
[2026-04-24 04:37:16,297][dowhy.causal_identifier.auto_identifier][INFO] - Causal effect can be identified.
[2026-04-24 04:37:16,297][dowhy.causal_identifier.auto_identifier][INFO] - Instrumental variables for treatment and outcome:[]
[2026-04-24 04:37:16,297][dowhy.causal_identifier.auto_identifier][INFO] - Frontdoor variables for treatment and outcome:[]
[2026-04-24 04:37:16,298][dowhy.causal_model][INFO] - linear_regression
[2026-04-24 04:37:16,298][dowhy.causal_estimator][INFO] - INFO: Using Linear Regression Estimator
[2026-04-24 04:37:16,298][dowhy.causal_estimator][INFO] - b: X6~X0+X0*X1
[2026-04-24 04:37:16,305][dowhy.causal_model][INFO] - Model to find the causal effect of treatment ['X0'] on outcome ['X7']
[2026-04-24 04:37:16,307][dowhy.causal_identifier.auto_identifier][INFO] - Causal effect can be identified.
[2026-04-24 04:37:16,307][dowhy.causal_identifier.auto_identifier][INFO] - Instrumental variables for treatment and outcome:[]
[2026-04-24 04:37:16,309][dowhy.causal_identifier.auto_identifier][INFO] - Frontdoor variables for treatment and outcome:['X9', 'X5', 'X6']
[2026-04-24 04:37:16,310][dowhy.causal_identifier.auto_identifier][INFO] - Causal effect can be identified.
[2026-04-24 04:37:16,312][dowhy.causal_identifier.auto_identifier][INFO] - Causal effect can be identified.
[2026-04-24 04:37:16,313][dowhy.causal_model][INFO] - linear_regression
[2026-04-24 04:37:16,313][dowhy.causal_estimator][INFO] - INFO: Using Linear Regression Estimator
[2026-04-24 04:37:16,314][dowhy.causal_estimator][INFO] - b: X7~X0+X0*X3+X0*X1+X0*X2
[2026-04-24 04:37:16,321][dowhy.causal_model][INFO] - Model to find the causal effect of treatment ['X0'] on outcome ['X8']
[2026-04-24 04:37:16,323][dowhy.causal_identifier.auto_identifier][INFO] - Causal effect can be identified.
[2026-04-24 04:37:16,323][dowhy.causal_identifier.auto_identifier][INFO] - Instrumental variables for treatment and outcome:[]
[2026-04-24 04:37:16,328][dowhy.causal_identifier.auto_identifier][INFO] - Frontdoor variables for treatment and outcome:['X9', 'X5', 'X6']
[2026-04-24 04:37:16,329][dowhy.causal_identifier.auto_identifier][INFO] - Causal effect can be identified.
[2026-04-24 04:37:16,331][dowhy.causal_identifier.auto_identifier][INFO] - Causal effect can be identified.
[2026-04-24 04:37:16,332][dowhy.causal_model][INFO] - linear_regression
[2026-04-24 04:37:16,332][dowhy.causal_estimator][INFO] - INFO: Using Linear Regression Estimator
[2026-04-24 04:37:16,332][dowhy.causal_estimator][INFO] - b: X8~X0+X0*X3+X0*X1+X0*X2
[2026-04-24 04:37:16,340][dowhy.causal_model][INFO] - Model to find the causal effect of treatment ['X0'] on outcome ['X9']
[2026-04-24 04:37:16,341][dowhy.causal_identifier.auto_identifier][INFO] - Causal effect can be identified.
[2026-04-24 04:37:16,341][dowhy.causal_identifier.auto_identifier][INFO] - Instrumental variables for treatment and outcome:[]
[2026-04-24 04:37:16,347][dowhy.causal_identifier.auto_identifier][INFO] - Frontdoor variables for treatment and outcome:[]
[2026-04-24 04:37:16,347][dowhy.causal_model][INFO] - linear_regression
[2026-04-24 04:37:16,347][dowhy.causal_estimator][INFO] - INFO: Using Linear Regression Estimator
[2026-04-24 04:37:16,348][dowhy.causal_estimator][INFO] - b: X9~X0+X0*X1
[2026-04-24 04:37:16,355][dowhy.causal_model][INFO] - Model to find the causal effect of treatment ['X0'] on outcome ['X10']
[2026-04-24 04:37:16,357][dowhy.causal_identifier.auto_identifier][INFO] - Causal effect can be identified.
[2026-04-24 04:37:16,357][dowhy.causal_identifier.auto_identifier][INFO] - Instrumental variables for treatment and outcome:[]
[2026-04-24 04:37:16,368][dowhy.causal_identifier.auto_identifier][INFO] - Frontdoor variables for treatment and outcome:['X9', 'X5', 'X6']
[2026-04-24 04:37:16,370][dowhy.causal_identifier.auto_identifier][INFO] - Causal effect can be identified.
[2026-04-24 04:37:16,371][dowhy.causal_identifier.auto_identifier][INFO] - Causal effect can be identified.
[2026-04-24 04:37:16,372][dowhy.causal_model][INFO] - linear_regression
[2026-04-24 04:37:16,372][dowhy.causal_estimator][INFO] - INFO: Using Linear Regression Estimator
[2026-04-24 04:37:16,372][dowhy.causal_estimator][INFO] - b: X10~X0+X0*X3+X0*X1+X0*X2
[2026-04-24 04:37:16,380][dowhy.causal_model][INFO] - Model to find the causal effect of treatment ['X0'] on outcome ['X11']
[2026-04-24 04:37:16,381][dowhy.causal_identifier.auto_identifier][INFO] - Causal effect can be identified.
[2026-04-24 04:37:16,382][dowhy.causal_identifier.auto_identifier][INFO] - Instrumental variables for treatment and outcome:[]
[2026-04-24 04:37:16,385][dowhy.causal_identifier.auto_identifier][INFO] - Frontdoor variables for treatment and outcome:['X7', 'X9', 'X5', 'X10', 'X8', 'X6']
[2026-04-24 04:37:16,387][dowhy.causal_identifier.auto_identifier][INFO] - Causal effect can be identified.
[2026-04-24 04:37:16,389][dowhy.causal_identifier.auto_identifier][INFO] - Causal effect can be identified.
[2026-04-24 04:37:16,390][dowhy.causal_model][INFO] - linear_regression
[2026-04-24 04:37:16,390][dowhy.causal_estimator][INFO] - INFO: Using Linear Regression Estimator
[2026-04-24 04:37:16,390][dowhy.causal_estimator][INFO] - b: X11~X0+X0*X3+X0*X4+X0*X1+X0*X2
[2026-04-24 04:37:16,432][dowhy.causal_model][INFO] - Model to find the causal effect of treatment ['X1'] on outcome ['X0']
[2026-04-24 04:37:16,432][dowhy.causal_identifier.auto_identifier][WARNING] - No directed path from treatment to outcome. Causal Effect is zero.
[2026-04-24 04:37:16,432][dowhy.causal_model][INFO] - linear_regression
[2026-04-24 04:37:16,432][dowhy.causal_estimator][INFO] - INFO: Using Linear Regression Estimator
[2026-04-24 04:37:16,432][dowhy.causal_estimator][WARNING] - No directed path from ['X1'] to ['X0'].
[2026-04-24 04:37:16,434][dowhy.causal_model][INFO] - Model to find the causal effect of treatment ['X1'] on outcome ['X2']
[2026-04-24 04:37:16,434][dowhy.causal_identifier.auto_identifier][WARNING] - No directed path from treatment to outcome. Causal Effect is zero.
[2026-04-24 04:37:16,434][dowhy.causal_model][INFO] - linear_regression
[2026-04-24 04:37:16,434][dowhy.causal_estimator][INFO] - INFO: Using Linear Regression Estimator
[2026-04-24 04:37:16,434][dowhy.causal_estimator][WARNING] - No directed path from ['X1'] to ['X2'].
[2026-04-24 04:37:16,436][dowhy.causal_model][INFO] - Model to find the causal effect of treatment ['X1'] on outcome ['X3']
[2026-04-24 04:37:16,436][dowhy.causal_identifier.auto_identifier][WARNING] - No directed path from treatment to outcome. Causal Effect is zero.
[2026-04-24 04:37:16,436][dowhy.causal_model][INFO] - linear_regression
[2026-04-24 04:37:16,436][dowhy.causal_estimator][INFO] - INFO: Using Linear Regression Estimator
[2026-04-24 04:37:16,436][dowhy.causal_estimator][WARNING] - No directed path from ['X1'] to ['X3'].
[2026-04-24 04:37:16,438][dowhy.causal_model][INFO] - Model to find the causal effect of treatment ['X1'] on outcome ['X4']
[2026-04-24 04:37:16,438][dowhy.causal_identifier.auto_identifier][WARNING] - No directed path from treatment to outcome. Causal Effect is zero.
[2026-04-24 04:37:16,438][dowhy.causal_model][INFO] - linear_regression
[2026-04-24 04:37:16,438][dowhy.causal_estimator][INFO] - INFO: Using Linear Regression Estimator
[2026-04-24 04:37:16,438][dowhy.causal_estimator][WARNING] - No directed path from ['X1'] to ['X4'].
[2026-04-24 04:37:16,440][dowhy.causal_model][INFO] - Model to find the causal effect of treatment ['X1'] on outcome ['X5']
[2026-04-24 04:37:16,442][dowhy.causal_identifier.auto_identifier][INFO] - Causal effect can be identified.
[2026-04-24 04:37:16,442][dowhy.causal_identifier.auto_identifier][INFO] - Instrumental variables for treatment and outcome:[]
[2026-04-24 04:37:16,442][dowhy.causal_identifier.auto_identifier][INFO] - Frontdoor variables for treatment and outcome:[]
[2026-04-24 04:37:16,442][dowhy.causal_model][INFO] - linear_regression
[2026-04-24 04:37:16,442][dowhy.causal_estimator][INFO] - INFO: Using Linear Regression Estimator
[2026-04-24 04:37:16,443][dowhy.causal_estimator][INFO] - b: X5~X1+X1*X0
[2026-04-24 04:37:16,451][dowhy.causal_model][INFO] - Model to find the causal effect of treatment ['X1'] on outcome ['X6']
[2026-04-24 04:37:16,453][dowhy.causal_identifier.auto_identifier][INFO] - Causal effect can be identified.
[2026-04-24 04:37:16,453][dowhy.causal_identifier.auto_identifier][INFO] - Instrumental variables for treatment and outcome:[]
[2026-04-24 04:37:16,453][dowhy.causal_identifier.auto_identifier][INFO] - Frontdoor variables for treatment and outcome:[]
[2026-04-24 04:37:16,453][dowhy.causal_model][INFO] - linear_regression
[2026-04-24 04:37:16,454][dowhy.causal_estimator][INFO] - INFO: Using Linear Regression Estimator
[2026-04-24 04:37:16,454][dowhy.causal_estimator][INFO] - b: X6~X1+X1*X0
[2026-04-24 04:37:16,462][dowhy.causal_model][INFO] - Model to find the causal effect of treatment ['X1'] on outcome ['X7']
[2026-04-24 04:37:16,464][dowhy.causal_identifier.auto_identifier][INFO] - Causal effect can be identified.
[2026-04-24 04:37:16,465][dowhy.causal_identifier.auto_identifier][INFO] - Instrumental variables for treatment and outcome:[]
[2026-04-24 04:37:16,466][dowhy.causal_identifier.auto_identifier][INFO] - Frontdoor variables for treatment and outcome:['X9', 'X5', 'X6']
[2026-04-24 04:37:16,468][dowhy.causal_identifier.auto_identifier][INFO] - Causal effect can be identified.
[2026-04-24 04:37:16,470][dowhy.causal_identifier.auto_identifier][INFO] - Causal effect can be identified.
[2026-04-24 04:37:16,470][dowhy.causal_model][INFO] - linear_regression
[2026-04-24 04:37:16,470][dowhy.causal_estimator][INFO] - INFO: Using Linear Regression Estimator
[2026-04-24 04:37:16,471][dowhy.causal_estimator][INFO] - b: X7~X1+X1*X0+X1*X3+X1*X2
[2026-04-24 04:37:16,480][dowhy.causal_model][INFO] - Model to find the causal effect of treatment ['X1'] on outcome ['X8']
[2026-04-24 04:37:16,481][dowhy.causal_identifier.auto_identifier][INFO] - Causal effect can be identified.
[2026-04-24 04:37:16,482][dowhy.causal_identifier.auto_identifier][INFO] - Instrumental variables for treatment and outcome:[]
[2026-04-24 04:37:16,486][dowhy.causal_identifier.auto_identifier][INFO] - Frontdoor variables for treatment and outcome:['X9', 'X5', 'X6']
[2026-04-24 04:37:16,488][dowhy.causal_identifier.auto_identifier][INFO] - Causal effect can be identified.
[2026-04-24 04:37:16,490][dowhy.causal_identifier.auto_identifier][INFO] - Causal effect can be identified.
[2026-04-24 04:37:16,491][dowhy.causal_model][INFO] - linear_regression
[2026-04-24 04:37:16,491][dowhy.causal_estimator][INFO] - INFO: Using Linear Regression Estimator
[2026-04-24 04:37:16,491][dowhy.causal_estimator][INFO] - b: X8~X1+X1*X0+X1*X3+X1*X2
[2026-04-24 04:37:16,500][dowhy.causal_model][INFO] - Model to find the causal effect of treatment ['X1'] on outcome ['X9']
[2026-04-24 04:37:16,501][dowhy.causal_identifier.auto_identifier][INFO] - Causal effect can be identified.
[2026-04-24 04:37:16,501][dowhy.causal_identifier.auto_identifier][INFO] - Instrumental variables for treatment and outcome:[]
[2026-04-24 04:37:16,508][dowhy.causal_identifier.auto_identifier][INFO] - Frontdoor variables for treatment and outcome:[]
[2026-04-24 04:37:16,508][dowhy.causal_model][INFO] - linear_regression
[2026-04-24 04:37:16,508][dowhy.causal_estimator][INFO] - INFO: Using Linear Regression Estimator
[2026-04-24 04:37:16,508][dowhy.causal_estimator][INFO] - b: X9~X1+X1*X0
[2026-04-24 04:37:16,517][dowhy.causal_model][INFO] - Model to find the causal effect of treatment ['X1'] on outcome ['X10']
[2026-04-24 04:37:16,518][dowhy.causal_identifier.auto_identifier][INFO] - Causal effect can be identified.
[2026-04-24 04:37:16,519][dowhy.causal_identifier.auto_identifier][INFO] - Instrumental variables for treatment and outcome:[]
[2026-04-24 04:37:16,530][dowhy.causal_identifier.auto_identifier][INFO] - Frontdoor variables for treatment and outcome:['X9', 'X5', 'X6']
[2026-04-24 04:37:16,532][dowhy.causal_identifier.auto_identifier][INFO] - Causal effect can be identified.
[2026-04-24 04:37:16,534][dowhy.causal_identifier.auto_identifier][INFO] - Causal effect can be identified.
[2026-04-24 04:37:16,535][dowhy.causal_model][INFO] - linear_regression
[2026-04-24 04:37:16,535][dowhy.causal_estimator][INFO] - INFO: Using Linear Regression Estimator
[2026-04-24 04:37:16,535][dowhy.causal_estimator][INFO] - b: X10~X1+X1*X0+X1*X3+X1*X2
[2026-04-24 04:37:16,544][dowhy.causal_model][INFO] - Model to find the causal effect of treatment ['X1'] on outcome ['X11']
[2026-04-24 04:37:16,545][dowhy.causal_identifier.auto_identifier][INFO] - Causal effect can be identified.
[2026-04-24 04:37:16,546][dowhy.causal_identifier.auto_identifier][INFO] - Instrumental variables for treatment and outcome:[]
[2026-04-24 04:37:16,549][dowhy.causal_identifier.auto_identifier][INFO] - Frontdoor variables for treatment and outcome:['X7', 'X9', 'X5', 'X10', 'X8', 'X6']
[2026-04-24 04:37:16,551][dowhy.causal_identifier.auto_identifier][INFO] - Causal effect can be identified.
[2026-04-24 04:37:16,554][dowhy.causal_identifier.auto_identifier][INFO] - Causal effect can be identified.
[2026-04-24 04:37:16,555][dowhy.causal_model][INFO] - linear_regression
[2026-04-24 04:37:16,555][dowhy.causal_estimator][INFO] - INFO: Using Linear Regression Estimator
[2026-04-24 04:37:16,555][dowhy.causal_estimator][INFO] - b: X11~X1+X1*X4+X1*X3+X1*X2+X1*X0
[2026-04-24 04:37:16,598][dowhy.causal_model][INFO] - Model to find the causal effect of treatment ['X2'] on outcome ['X0']
[2026-04-24 04:37:16,598][dowhy.causal_identifier.auto_identifier][WARNING] - No directed path from treatment to outcome. Causal Effect is zero.
[2026-04-24 04:37:16,598][dowhy.causal_model][INFO] - linear_regression
[2026-04-24 04:37:16,598][dowhy.causal_estimator][INFO] - INFO: Using Linear Regression Estimator
[2026-04-24 04:37:16,598][dowhy.causal_estimator][WARNING] - No directed path from ['X2'] to ['X0'].
[2026-04-24 04:37:16,600][dowhy.causal_model][INFO] - Model to find the causal effect of treatment ['X2'] on outcome ['X1']
[2026-04-24 04:37:16,600][dowhy.causal_identifier.auto_identifier][WARNING] - No directed path from treatment to outcome. Causal Effect is zero.
[2026-04-24 04:37:16,600][dowhy.causal_model][INFO] - linear_regression
[2026-04-24 04:37:16,600][dowhy.causal_estimator][INFO] - INFO: Using Linear Regression Estimator
[2026-04-24 04:37:16,600][dowhy.causal_estimator][WARNING] - No directed path from ['X2'] to ['X1'].
[2026-04-24 04:37:16,602][dowhy.causal_model][INFO] - Model to find the causal effect of treatment ['X2'] on outcome ['X3']
[2026-04-24 04:37:16,602][dowhy.causal_identifier.auto_identifier][WARNING] - No directed path from treatment to outcome. Causal Effect is zero.
[2026-04-24 04:37:16,602][dowhy.causal_model][INFO] - linear_regression
[2026-04-24 04:37:16,602][dowhy.causal_estimator][INFO] - INFO: Using Linear Regression Estimator
[2026-04-24 04:37:16,602][dowhy.causal_estimator][WARNING] - No directed path from ['X2'] to ['X3'].
[2026-04-24 04:37:16,604][dowhy.causal_model][INFO] - Model to find the causal effect of treatment ['X2'] on outcome ['X4']
[2026-04-24 04:37:16,604][dowhy.causal_identifier.auto_identifier][WARNING] - No directed path from treatment to outcome. Causal Effect is zero.
[2026-04-24 04:37:16,604][dowhy.causal_model][INFO] - linear_regression
[2026-04-24 04:37:16,604][dowhy.causal_estimator][INFO] - INFO: Using Linear Regression Estimator
[2026-04-24 04:37:16,604][dowhy.causal_estimator][WARNING] - No directed path from ['X2'] to ['X4'].
[2026-04-24 04:37:16,605][dowhy.causal_model][INFO] - Model to find the causal effect of treatment ['X2'] on outcome ['X5']
[2026-04-24 04:37:16,606][dowhy.causal_identifier.auto_identifier][WARNING] - No directed path from treatment to outcome. Causal Effect is zero.
[2026-04-24 04:37:16,606][dowhy.causal_model][INFO] - linear_regression
[2026-04-24 04:37:16,606][dowhy.causal_estimator][INFO] - INFO: Using Linear Regression Estimator
[2026-04-24 04:37:16,606][dowhy.causal_estimator][WARNING] - No directed path from ['X2'] to ['X5'].
[2026-04-24 04:37:16,607][dowhy.causal_model][INFO] - Model to find the causal effect of treatment ['X2'] on outcome ['X6']
[2026-04-24 04:37:16,607][dowhy.causal_identifier.auto_identifier][WARNING] - No directed path from treatment to outcome. Causal Effect is zero.
[2026-04-24 04:37:16,607][dowhy.causal_model][INFO] - linear_regression
[2026-04-24 04:37:16,607][dowhy.causal_estimator][INFO] - INFO: Using Linear Regression Estimator
[2026-04-24 04:37:16,607][dowhy.causal_estimator][WARNING] - No directed path from ['X2'] to ['X6'].
[2026-04-24 04:37:16,609][dowhy.causal_model][INFO] - Model to find the causal effect of treatment ['X2'] on outcome ['X7']
[2026-04-24 04:37:16,611][dowhy.causal_identifier.auto_identifier][INFO] - Causal effect can be identified.
[2026-04-24 04:37:16,612][dowhy.causal_identifier.auto_identifier][INFO] - Instrumental variables for treatment and outcome:[]
[2026-04-24 04:37:16,612][dowhy.causal_identifier.auto_identifier][INFO] - Frontdoor variables for treatment and outcome:[]
[2026-04-24 04:37:16,612][dowhy.causal_model][INFO] - linear_regression
[2026-04-24 04:37:16,612][dowhy.causal_estimator][INFO] - INFO: Using Linear Regression Estimator
[2026-04-24 04:37:16,613][dowhy.causal_estimator][INFO] - b: X7~X2+X2*X1+X2*X3+X2*X5+X2*X0+X2*X6
[2026-04-24 04:37:16,621][dowhy.causal_model][INFO] - Model to find the causal effect of treatment ['X2'] on outcome ['X8']
[2026-04-24 04:37:16,623][dowhy.causal_identifier.auto_identifier][INFO] - Causal effect can be identified.
[2026-04-24 04:37:16,624][dowhy.causal_identifier.auto_identifier][INFO] - Instrumental variables for treatment and outcome:[]
[2026-04-24 04:37:16,624][dowhy.causal_identifier.auto_identifier][INFO] - Frontdoor variables for treatment and outcome:[]
[2026-04-24 04:37:16,624][dowhy.causal_model][INFO] - linear_regression
[2026-04-24 04:37:16,624][dowhy.causal_estimator][INFO] - INFO: Using Linear Regression Estimator
[2026-04-24 04:37:16,625][dowhy.causal_estimator][INFO] - b: X8~X2+X2*X1+X2*X3+X2*X5+X2*X0+X2*X6
[2026-04-24 04:37:16,633][dowhy.causal_model][INFO] - Model to find the causal effect of treatment ['X2'] on outcome ['X9']
[2026-04-24 04:37:16,633][dowhy.causal_identifier.auto_identifier][WARNING] - No directed path from treatment to outcome. Causal Effect is zero.
[2026-04-24 04:37:16,633][dowhy.causal_model][INFO] - linear_regression
[2026-04-24 04:37:16,633][dowhy.causal_estimator][INFO] - INFO: Using Linear Regression Estimator
[2026-04-24 04:37:16,633][dowhy.causal_estimator][WARNING] - No directed path from ['X2'] to ['X9'].
[2026-04-24 04:37:16,635][dowhy.causal_model][INFO] - Model to find the causal effect of treatment ['X2'] on outcome ['X10']
[2026-04-24 04:37:16,637][dowhy.causal_identifier.auto_identifier][INFO] - Causal effect can be identified.
[2026-04-24 04:37:16,638][dowhy.causal_identifier.auto_identifier][INFO] - Instrumental variables for treatment and outcome:[]
[2026-04-24 04:37:16,638][dowhy.causal_identifier.auto_identifier][INFO] - Frontdoor variables for treatment and outcome:[]
[2026-04-24 04:37:16,638][dowhy.causal_model][INFO] - linear_regression
[2026-04-24 04:37:16,639][dowhy.causal_estimator][INFO] - INFO: Using Linear Regression Estimator
[2026-04-24 04:37:16,639][dowhy.causal_estimator][INFO] - b: X10~X2+X2*X1+X2*X3+X2*X5+X2*X0+X2*X6
[2026-04-24 04:37:16,647][dowhy.causal_model][INFO] - Model to find the causal effect of treatment ['X2'] on outcome ['X11']
[2026-04-24 04:37:16,649][dowhy.causal_identifier.auto_identifier][INFO] - Causal effect can be identified.
[2026-04-24 04:37:16,650][dowhy.causal_identifier.auto_identifier][INFO] - Instrumental variables for treatment and outcome:[]
[2026-04-24 04:37:16,652][dowhy.causal_identifier.auto_identifier][INFO] - Frontdoor variables for treatment and outcome:['X10', 'X8', 'X7']
[2026-04-24 04:37:16,654][dowhy.causal_identifier.auto_identifier][INFO] - Causal effect can be identified.
[2026-04-24 04:37:16,751][dowhy.causal_identifier.auto_identifier][INFO] - Causal effect can be identified.
[2026-04-24 04:37:16,753][dowhy.causal_model][INFO] - linear_regression
[2026-04-24 04:37:16,753][dowhy.causal_estimator][INFO] - INFO: Using Linear Regression Estimator
[2026-04-24 04:37:16,753][dowhy.causal_estimator][INFO] - b: X11~X2+X2*X4+X2*X1+X2*X3+X2*X5+X2*X0+X2*X6
[2026-04-24 04:37:16,796][dowhy.causal_model][INFO] - Model to find the causal effect of treatment ['X3'] on outcome ['X0']
[2026-04-24 04:37:16,796][dowhy.causal_identifier.auto_identifier][WARNING] - No directed path from treatment to outcome. Causal Effect is zero.
[2026-04-24 04:37:16,797][dowhy.causal_model][INFO] - linear_regression
[2026-04-24 04:37:16,797][dowhy.causal_estimator][INFO] - INFO: Using Linear Regression Estimator
[2026-04-24 04:37:16,797][dowhy.causal_estimator][WARNING] - No directed path from ['X3'] to ['X0'].
[2026-04-24 04:37:16,798][dowhy.causal_model][INFO] - Model to find the causal effect of treatment ['X3'] on outcome ['X1']
[2026-04-24 04:37:16,798][dowhy.causal_identifier.auto_identifier][WARNING] - No directed path from treatment to outcome. Causal Effect is zero.
[2026-04-24 04:37:16,799][dowhy.causal_model][INFO] - linear_regression
[2026-04-24 04:37:16,799][dowhy.causal_estimator][INFO] - INFO: Using Linear Regression Estimator
[2026-04-24 04:37:16,799][dowhy.causal_estimator][WARNING] - No directed path from ['X3'] to ['X1'].
[2026-04-24 04:37:16,800][dowhy.causal_model][INFO] - Model to find the causal effect of treatment ['X3'] on outcome ['X2']
[2026-04-24 04:37:16,800][dowhy.causal_identifier.auto_identifier][WARNING] - No directed path from treatment to outcome. Causal Effect is zero.
[2026-04-24 04:37:16,801][dowhy.causal_model][INFO] - linear_regression
[2026-04-24 04:37:16,801][dowhy.causal_estimator][INFO] - INFO: Using Linear Regression Estimator
[2026-04-24 04:37:16,801][dowhy.causal_estimator][WARNING] - No directed path from ['X3'] to ['X2'].
[2026-04-24 04:37:16,802][dowhy.causal_model][INFO] - Model to find the causal effect of treatment ['X3'] on outcome ['X4']
[2026-04-24 04:37:16,802][dowhy.causal_identifier.auto_identifier][WARNING] - No directed path from treatment to outcome. Causal Effect is zero.
[2026-04-24 04:37:16,802][dowhy.causal_model][INFO] - linear_regression
[2026-04-24 04:37:16,802][dowhy.causal_estimator][INFO] - INFO: Using Linear Regression Estimator
[2026-04-24 04:37:16,802][dowhy.causal_estimator][WARNING] - No directed path from ['X3'] to ['X4'].
[2026-04-24 04:37:16,804][dowhy.causal_model][INFO] - Model to find the causal effect of treatment ['X3'] on outcome ['X5']
[2026-04-24 04:37:16,804][dowhy.causal_identifier.auto_identifier][WARNING] - No directed path from treatment to outcome. Causal Effect is zero.
[2026-04-24 04:37:16,804][dowhy.causal_model][INFO] - linear_regression
[2026-04-24 04:37:16,804][dowhy.causal_estimator][INFO] - INFO: Using Linear Regression Estimator
[2026-04-24 04:37:16,804][dowhy.causal_estimator][WARNING] - No directed path from ['X3'] to ['X5'].
[2026-04-24 04:37:16,806][dowhy.causal_model][INFO] - Model to find the causal effect of treatment ['X3'] on outcome ['X6']
[2026-04-24 04:37:16,806][dowhy.causal_identifier.auto_identifier][WARNING] - No directed path from treatment to outcome. Causal Effect is zero.
[2026-04-24 04:37:16,806][dowhy.causal_model][INFO] - linear_regression
[2026-04-24 04:37:16,806][dowhy.causal_estimator][INFO] - INFO: Using Linear Regression Estimator
[2026-04-24 04:37:16,806][dowhy.causal_estimator][WARNING] - No directed path from ['X3'] to ['X6'].
[2026-04-24 04:37:16,808][dowhy.causal_model][INFO] - Model to find the causal effect of treatment ['X3'] on outcome ['X7']
[2026-04-24 04:37:16,810][dowhy.causal_identifier.auto_identifier][INFO] - Causal effect can be identified.
[2026-04-24 04:37:16,811][dowhy.causal_identifier.auto_identifier][INFO] - Instrumental variables for treatment and outcome:[]
[2026-04-24 04:37:16,811][dowhy.causal_identifier.auto_identifier][INFO] - Frontdoor variables for treatment and outcome:[]
[2026-04-24 04:37:16,811][dowhy.causal_model][INFO] - linear_regression
[2026-04-24 04:37:16,811][dowhy.causal_estimator][INFO] - INFO: Using Linear Regression Estimator
[2026-04-24 04:37:16,811][dowhy.causal_estimator][INFO] - b: X7~X3+X3*X1+X3*X2+X3*X5+X3*X0+X3*X6
[2026-04-24 04:37:16,819][dowhy.causal_model][INFO] - Model to find the causal effect of treatment ['X3'] on outcome ['X8']
[2026-04-24 04:37:16,821][dowhy.causal_identifier.auto_identifier][INFO] - Causal effect can be identified.
[2026-04-24 04:37:16,822][dowhy.causal_identifier.auto_identifier][INFO] - Instrumental variables for treatment and outcome:[]
[2026-04-24 04:37:16,823][dowhy.causal_identifier.auto_identifier][INFO] - Frontdoor variables for treatment and outcome:[]
[2026-04-24 04:37:16,823][dowhy.causal_model][INFO] - linear_regression
[2026-04-24 04:37:16,823][dowhy.causal_estimator][INFO] - INFO: Using Linear Regression Estimator
[2026-04-24 04:37:16,823][dowhy.causal_estimator][INFO] - b: X8~X3+X3*X1+X3*X2+X3*X5+X3*X0+X3*X6
[2026-04-24 04:37:16,831][dowhy.causal_model][INFO] - Model to find the causal effect of treatment ['X3'] on outcome ['X9']
[2026-04-24 04:37:16,831][dowhy.causal_identifier.auto_identifier][WARNING] - No directed path from treatment to outcome. Causal Effect is zero.
[2026-04-24 04:37:16,831][dowhy.causal_model][INFO] - linear_regression
[2026-04-24 04:37:16,831][dowhy.causal_estimator][INFO] - INFO: Using Linear Regression Estimator
[2026-04-24 04:37:16,831][dowhy.causal_estimator][WARNING] - No directed path from ['X3'] to ['X9'].
[2026-04-24 04:37:16,833][dowhy.causal_model][INFO] - Model to find the causal effect of treatment ['X3'] on outcome ['X10']
[2026-04-24 04:37:16,835][dowhy.causal_identifier.auto_identifier][INFO] - Causal effect can be identified.
[2026-04-24 04:37:16,836][dowhy.causal_identifier.auto_identifier][INFO] - Instrumental variables for treatment and outcome:[]
[2026-04-24 04:37:16,837][dowhy.causal_identifier.auto_identifier][INFO] - Frontdoor variables for treatment and outcome:[]
[2026-04-24 04:37:16,837][dowhy.causal_model][INFO] - linear_regression
[2026-04-24 04:37:16,837][dowhy.causal_estimator][INFO] - INFO: Using Linear Regression Estimator
[2026-04-24 04:37:16,837][dowhy.causal_estimator][INFO] - b: X10~X3+X3*X1+X3*X2+X3*X5+X3*X0+X3*X6
[2026-04-24 04:37:16,845][dowhy.causal_model][INFO] - Model to find the causal effect of treatment ['X3'] on outcome ['X11']
[2026-04-24 04:37:16,847][dowhy.causal_identifier.auto_identifier][INFO] - Causal effect can be identified.
[2026-04-24 04:37:16,848][dowhy.causal_identifier.auto_identifier][INFO] - Instrumental variables for treatment and outcome:[]
[2026-04-24 04:37:16,849][dowhy.causal_identifier.auto_identifier][INFO] - Frontdoor variables for treatment and outcome:['X10', 'X8', 'X7']
[2026-04-24 04:37:16,852][dowhy.causal_identifier.auto_identifier][INFO] - Causal effect can be identified.
[2026-04-24 04:37:16,855][dowhy.causal_identifier.auto_identifier][INFO] - Causal effect can be identified.
[2026-04-24 04:37:16,856][dowhy.causal_model][INFO] - linear_regression
[2026-04-24 04:37:16,856][dowhy.causal_estimator][INFO] - INFO: Using Linear Regression Estimator
[2026-04-24 04:37:16,856][dowhy.causal_estimator][INFO] - b: X11~X3+X3*X4+X3*X1+X3*X2+X3*X5+X3*X0+X3*X6
[2026-04-24 04:37:16,901][dowhy.causal_model][INFO] - Model to find the causal effect of treatment ['X4'] on outcome ['X0']
[2026-04-24 04:37:16,901][dowhy.causal_identifier.auto_identifier][WARNING] - No directed path from treatment to outcome. Causal Effect is zero.
[2026-04-24 04:37:16,901][dowhy.causal_model][INFO] - linear_regression
[2026-04-24 04:37:16,901][dowhy.causal_estimator][INFO] - INFO: Using Linear Regression Estimator
[2026-04-24 04:37:16,901][dowhy.causal_estimator][WARNING] - No directed path from ['X4'] to ['X0'].
[2026-04-24 04:37:16,903][dowhy.causal_model][INFO] - Model to find the causal effect of treatment ['X4'] on outcome ['X1']
[2026-04-24 04:37:16,903][dowhy.causal_identifier.auto_identifier][WARNING] - No directed path from treatment to outcome. Causal Effect is zero.
[2026-04-24 04:37:16,903][dowhy.causal_model][INFO] - linear_regression
[2026-04-24 04:37:16,903][dowhy.causal_estimator][INFO] - INFO: Using Linear Regression Estimator
[2026-04-24 04:37:16,903][dowhy.causal_estimator][WARNING] - No directed path from ['X4'] to ['X1'].
[2026-04-24 04:37:16,905][dowhy.causal_model][INFO] - Model to find the causal effect of treatment ['X4'] on outcome ['X2']
[2026-04-24 04:37:16,905][dowhy.causal_identifier.auto_identifier][WARNING] - No directed path from treatment to outcome. Causal Effect is zero.
[2026-04-24 04:37:16,905][dowhy.causal_model][INFO] - linear_regression
[2026-04-24 04:37:16,905][dowhy.causal_estimator][INFO] - INFO: Using Linear Regression Estimator
[2026-04-24 04:37:16,905][dowhy.causal_estimator][WARNING] - No directed path from ['X4'] to ['X2'].
[2026-04-24 04:37:16,907][dowhy.causal_model][INFO] - Model to find the causal effect of treatment ['X4'] on outcome ['X3']
[2026-04-24 04:37:16,907][dowhy.causal_identifier.auto_identifier][WARNING] - No directed path from treatment to outcome. Causal Effect is zero.
[2026-04-24 04:37:16,907][dowhy.causal_model][INFO] - linear_regression
[2026-04-24 04:37:16,907][dowhy.causal_estimator][INFO] - INFO: Using Linear Regression Estimator
[2026-04-24 04:37:16,907][dowhy.causal_estimator][WARNING] - No directed path from ['X4'] to ['X3'].
[2026-04-24 04:37:16,909][dowhy.causal_model][INFO] - Model to find the causal effect of treatment ['X4'] on outcome ['X5']
[2026-04-24 04:37:16,909][dowhy.causal_identifier.auto_identifier][WARNING] - No directed path from treatment to outcome. Causal Effect is zero.
[2026-04-24 04:37:16,909][dowhy.causal_model][INFO] - linear_regression
[2026-04-24 04:37:16,909][dowhy.causal_estimator][INFO] - INFO: Using Linear Regression Estimator
[2026-04-24 04:37:16,909][dowhy.causal_estimator][WARNING] - No directed path from ['X4'] to ['X5'].
[2026-04-24 04:37:16,911][dowhy.causal_model][INFO] - Model to find the causal effect of treatment ['X4'] on outcome ['X6']
[2026-04-24 04:37:16,911][dowhy.causal_identifier.auto_identifier][WARNING] - No directed path from treatment to outcome. Causal Effect is zero.
[2026-04-24 04:37:16,911][dowhy.causal_model][INFO] - linear_regression
[2026-04-24 04:37:16,911][dowhy.causal_estimator][INFO] - INFO: Using Linear Regression Estimator
[2026-04-24 04:37:16,911][dowhy.causal_estimator][WARNING] - No directed path from ['X4'] to ['X6'].
[2026-04-24 04:37:16,913][dowhy.causal_model][INFO] - Model to find the causal effect of treatment ['X4'] on outcome ['X7']
[2026-04-24 04:37:16,913][dowhy.causal_identifier.auto_identifier][WARNING] - No directed path from treatment to outcome. Causal Effect is zero.
[2026-04-24 04:37:16,913][dowhy.causal_model][INFO] - linear_regression
[2026-04-24 04:37:16,913][dowhy.causal_estimator][INFO] - INFO: Using Linear Regression Estimator
[2026-04-24 04:37:16,913][dowhy.causal_estimator][WARNING] - No directed path from ['X4'] to ['X7'].
[2026-04-24 04:37:16,915][dowhy.causal_model][INFO] - Model to find the causal effect of treatment ['X4'] on outcome ['X8']
[2026-04-24 04:37:16,915][dowhy.causal_identifier.auto_identifier][WARNING] - No directed path from treatment to outcome. Causal Effect is zero.
[2026-04-24 04:37:16,915][dowhy.causal_model][INFO] - linear_regression
[2026-04-24 04:37:16,915][dowhy.causal_estimator][INFO] - INFO: Using Linear Regression Estimator
[2026-04-24 04:37:16,915][dowhy.causal_estimator][WARNING] - No directed path from ['X4'] to ['X8'].
[2026-04-24 04:37:16,917][dowhy.causal_model][INFO] - Model to find the causal effect of treatment ['X4'] on outcome ['X9']
[2026-04-24 04:37:16,917][dowhy.causal_identifier.auto_identifier][WARNING] - No directed path from treatment to outcome. Causal Effect is zero.
[2026-04-24 04:37:16,917][dowhy.causal_model][INFO] - linear_regression
[2026-04-24 04:37:16,917][dowhy.causal_estimator][INFO] - INFO: Using Linear Regression Estimator
[2026-04-24 04:37:16,917][dowhy.causal_estimator][WARNING] - No directed path from ['X4'] to ['X9'].
[2026-04-24 04:37:16,919][dowhy.causal_model][INFO] - Model to find the causal effect of treatment ['X4'] on outcome ['X10']
[2026-04-24 04:37:16,919][dowhy.causal_identifier.auto_identifier][WARNING] - No directed path from treatment to outcome. Causal Effect is zero.
[2026-04-24 04:37:16,919][dowhy.causal_model][INFO] - linear_regression
[2026-04-24 04:37:16,919][dowhy.causal_estimator][INFO] - INFO: Using Linear Regression Estimator
[2026-04-24 04:37:16,919][dowhy.causal_estimator][WARNING] - No directed path from ['X4'] to ['X10'].
[2026-04-24 04:37:16,921][dowhy.causal_model][INFO] - Model to find the causal effect of treatment ['X4'] on outcome ['X11']
[2026-04-24 04:37:16,924][dowhy.causal_identifier.auto_identifier][INFO] - Causal effect can be identified.
[2026-04-24 04:37:16,925][dowhy.causal_identifier.auto_identifier][INFO] - Instrumental variables for treatment and outcome:[]
[2026-04-24 04:37:16,925][dowhy.causal_identifier.auto_identifier][INFO] - Frontdoor variables for treatment and outcome:[]
[2026-04-24 04:37:16,926][dowhy.causal_model][INFO] - linear_regression
[2026-04-24 04:37:16,926][dowhy.causal_estimator][INFO] - INFO: Using Linear Regression Estimator
[2026-04-24 04:37:16,926][dowhy.causal_estimator][INFO] - b: X11~X4+X4*X1+X4*X2+X4*X3+X4*X5+X4*X8+X4*X7+X4*X0+X4*X6
[2026-04-24 04:37:16,974][dowhy.causal_model][INFO] - Model to find the causal effect of treatment ['X5'] on outcome ['X0']
[2026-04-24 04:37:16,974][dowhy.causal_identifier.auto_identifier][WARNING] - No directed path from treatment to outcome. Causal Effect is zero.
[2026-04-24 04:37:16,974][dowhy.causal_model][INFO] - linear_regression
[2026-04-24 04:37:16,975][dowhy.causal_estimator][INFO] - INFO: Using Linear Regression Estimator
[2026-04-24 04:37:16,975][dowhy.causal_estimator][WARNING] - No directed path from ['X5'] to ['X0'].
[2026-04-24 04:37:16,976][dowhy.causal_model][INFO] - Model to find the causal effect of treatment ['X5'] on outcome ['X1']
[2026-04-24 04:37:16,976][dowhy.causal_identifier.auto_identifier][WARNING] - No directed path from treatment to outcome. Causal Effect is zero.
[2026-04-24 04:37:16,977][dowhy.causal_model][INFO] - linear_regression
[2026-04-24 04:37:16,977][dowhy.causal_estimator][INFO] - INFO: Using Linear Regression Estimator
[2026-04-24 04:37:16,977][dowhy.causal_estimator][WARNING] - No directed path from ['X5'] to ['X1'].
[2026-04-24 04:37:16,978][dowhy.causal_model][INFO] - Model to find the causal effect of treatment ['X5'] on outcome ['X2']
[2026-04-24 04:37:16,978][dowhy.causal_identifier.auto_identifier][WARNING] - No directed path from treatment to outcome. Causal Effect is zero.
[2026-04-24 04:37:16,978][dowhy.causal_model][INFO] - linear_regression
[2026-04-24 04:37:16,978][dowhy.causal_estimator][INFO] - INFO: Using Linear Regression Estimator
[2026-04-24 04:37:16,978][dowhy.causal_estimator][WARNING] - No directed path from ['X5'] to ['X2'].
[2026-04-24 04:37:16,980][dowhy.causal_model][INFO] - Model to find the causal effect of treatment ['X5'] on outcome ['X3']
[2026-04-24 04:37:16,980][dowhy.causal_identifier.auto_identifier][WARNING] - No directed path from treatment to outcome. Causal Effect is zero.
[2026-04-24 04:37:16,980][dowhy.causal_model][INFO] - linear_regression
[2026-04-24 04:37:16,980][dowhy.causal_estimator][INFO] - INFO: Using Linear Regression Estimator
[2026-04-24 04:37:16,980][dowhy.causal_estimator][WARNING] - No directed path from ['X5'] to ['X3'].
[2026-04-24 04:37:16,982][dowhy.causal_model][INFO] - Model to find the causal effect of treatment ['X5'] on outcome ['X4']
[2026-04-24 04:37:16,982][dowhy.causal_identifier.auto_identifier][WARNING] - No directed path from treatment to outcome. Causal Effect is zero.
[2026-04-24 04:37:16,982][dowhy.causal_model][INFO] - linear_regression
[2026-04-24 04:37:16,982][dowhy.causal_estimator][INFO] - INFO: Using Linear Regression Estimator
[2026-04-24 04:37:16,982][dowhy.causal_estimator][WARNING] - No directed path from ['X5'] to ['X4'].
[2026-04-24 04:37:16,984][dowhy.causal_model][INFO] - Model to find the causal effect of treatment ['X5'] on outcome ['X6']
[2026-04-24 04:37:16,985][dowhy.causal_identifier.auto_identifier][INFO] - Causal effect can be identified.
[2026-04-24 04:37:16,986][dowhy.causal_identifier.auto_identifier][INFO] - Instrumental variables for treatment and outcome:['X0']
[2026-04-24 04:37:16,986][dowhy.causal_identifier.auto_identifier][INFO] - Frontdoor variables for treatment and outcome:[]
[2026-04-24 04:37:16,986][dowhy.causal_model][INFO] - linear_regression
[2026-04-24 04:37:16,986][dowhy.causal_estimator][INFO] - INFO: Using Linear Regression Estimator
[2026-04-24 04:37:16,987][dowhy.causal_estimator][INFO] - b: X6~X5+X1
[2026-04-24 04:37:16,995][dowhy.causal_model][INFO] - Model to find the causal effect of treatment ['X5'] on outcome ['X7']
[2026-04-24 04:37:16,996][dowhy.causal_identifier.auto_identifier][INFO] - Causal effect can be identified.
[2026-04-24 04:37:16,997][dowhy.causal_identifier.auto_identifier][INFO] - Instrumental variables for treatment and outcome:['X0']
[2026-04-24 04:37:16,997][dowhy.causal_identifier.auto_identifier][INFO] - Frontdoor variables for treatment and outcome:[]
[2026-04-24 04:37:16,998][dowhy.causal_model][INFO] - linear_regression
[2026-04-24 04:37:16,998][dowhy.causal_estimator][INFO] - INFO: Using Linear Regression Estimator
[2026-04-24 04:37:16,998][dowhy.causal_estimator][INFO] - b: X7~X5+X1+X5*X3+X5*X2
[2026-04-24 04:37:17,007][dowhy.causal_model][INFO] - Model to find the causal effect of treatment ['X5'] on outcome ['X8']
[2026-04-24 04:37:17,008][dowhy.causal_identifier.auto_identifier][INFO] - Causal effect can be identified.
[2026-04-24 04:37:17,009][dowhy.causal_identifier.auto_identifier][INFO] - Instrumental variables for treatment and outcome:['X0']
[2026-04-24 04:37:17,012][dowhy.causal_identifier.auto_identifier][INFO] - Frontdoor variables for treatment and outcome:[]
[2026-04-24 04:37:17,012][dowhy.causal_model][INFO] - linear_regression
[2026-04-24 04:37:17,012][dowhy.causal_estimator][INFO] - INFO: Using Linear Regression Estimator
[2026-04-24 04:37:17,012][dowhy.causal_estimator][INFO] - b: X8~X5+X1+X5*X3+X5*X2
[2026-04-24 04:37:17,021][dowhy.causal_model][INFO] - Model to find the causal effect of treatment ['X5'] on outcome ['X9']
[2026-04-24 04:37:17,022][dowhy.causal_identifier.auto_identifier][INFO] - Causal effect can be identified.
[2026-04-24 04:37:17,023][dowhy.causal_identifier.auto_identifier][INFO] - Instrumental variables for treatment and outcome:['X1']
[2026-04-24 04:37:17,026][dowhy.causal_identifier.auto_identifier][INFO] - Frontdoor variables for treatment and outcome:[]
[2026-04-24 04:37:17,026][dowhy.causal_model][INFO] - linear_regression
[2026-04-24 04:37:17,026][dowhy.causal_estimator][INFO] - INFO: Using Linear Regression Estimator
[2026-04-24 04:37:17,026][dowhy.causal_estimator][INFO] - b: X9~X5+X0
[2026-04-24 04:37:17,034][dowhy.causal_model][INFO] - Model to find the causal effect of treatment ['X5'] on outcome ['X10']
[2026-04-24 04:37:17,035][dowhy.causal_identifier.auto_identifier][INFO] - Causal effect can be identified.
[2026-04-24 04:37:17,036][dowhy.causal_identifier.auto_identifier][INFO] - Instrumental variables for treatment and outcome:['X0']
[2026-04-24 04:37:17,041][dowhy.causal_identifier.auto_identifier][INFO] - Frontdoor variables for treatment and outcome:[]
[2026-04-24 04:37:17,041][dowhy.causal_model][INFO] - linear_regression
[2026-04-24 04:37:17,041][dowhy.causal_estimator][INFO] - INFO: Using Linear Regression Estimator
[2026-04-24 04:37:17,041][dowhy.causal_estimator][INFO] - b: X10~X5+X1+X5*X3+X5*X2
[2026-04-24 04:37:17,050][dowhy.causal_model][INFO] - Model to find the causal effect of treatment ['X5'] on outcome ['X11']
[2026-04-24 04:37:17,052][dowhy.causal_identifier.auto_identifier][INFO] - Causal effect can be identified.
[2026-04-24 04:37:17,052][dowhy.causal_identifier.auto_identifier][INFO] - Instrumental variables for treatment and outcome:['X0']
[2026-04-24 04:37:17,058][dowhy.causal_identifier.auto_identifier][INFO] - Frontdoor variables for treatment and outcome:[]
[2026-04-24 04:37:17,058][dowhy.causal_model][INFO] - linear_regression
[2026-04-24 04:37:17,058][dowhy.causal_estimator][INFO] - INFO: Using Linear Regression Estimator
[2026-04-24 04:37:17,059][dowhy.causal_estimator][INFO] - b: X11~X5+X1+X5*X4+X5*X3+X5*X2
[2026-04-24 04:37:17,104][dowhy.causal_model][INFO] - Model to find the causal effect of treatment ['X6'] on outcome ['X0']
[2026-04-24 04:37:17,104][dowhy.causal_identifier.auto_identifier][WARNING] - No directed path from treatment to outcome. Causal Effect is zero.
[2026-04-24 04:37:17,104][dowhy.causal_model][INFO] - linear_regression
[2026-04-24 04:37:17,104][dowhy.causal_estimator][INFO] - INFO: Using Linear Regression Estimator
[2026-04-24 04:37:17,104][dowhy.causal_estimator][WARNING] - No directed path from ['X6'] to ['X0'].
[2026-04-24 04:37:17,106][dowhy.causal_model][INFO] - Model to find the causal effect of treatment ['X6'] on outcome ['X1']
[2026-04-24 04:37:17,107][dowhy.causal_identifier.auto_identifier][WARNING] - No directed path from treatment to outcome. Causal Effect is zero.
[2026-04-24 04:37:17,107][dowhy.causal_model][INFO] - linear_regression
[2026-04-24 04:37:17,107][dowhy.causal_estimator][INFO] - INFO: Using Linear Regression Estimator
[2026-04-24 04:37:17,107][dowhy.causal_estimator][WARNING] - No directed path from ['X6'] to ['X1'].
[2026-04-24 04:37:17,109][dowhy.causal_model][INFO] - Model to find the causal effect of treatment ['X6'] on outcome ['X2']
[2026-04-24 04:37:17,109][dowhy.causal_identifier.auto_identifier][WARNING] - No directed path from treatment to outcome. Causal Effect is zero.
[2026-04-24 04:37:17,109][dowhy.causal_model][INFO] - linear_regression
[2026-04-24 04:37:17,109][dowhy.causal_estimator][INFO] - INFO: Using Linear Regression Estimator
[2026-04-24 04:37:17,109][dowhy.causal_estimator][WARNING] - No directed path from ['X6'] to ['X2'].
[2026-04-24 04:37:17,111][dowhy.causal_model][INFO] - Model to find the causal effect of treatment ['X6'] on outcome ['X3']
[2026-04-24 04:37:17,111][dowhy.causal_identifier.auto_identifier][WARNING] - No directed path from treatment to outcome. Causal Effect is zero.
[2026-04-24 04:37:17,111][dowhy.causal_model][INFO] - linear_regression
[2026-04-24 04:37:17,111][dowhy.causal_estimator][INFO] - INFO: Using Linear Regression Estimator
[2026-04-24 04:37:17,111][dowhy.causal_estimator][WARNING] - No directed path from ['X6'] to ['X3'].
[2026-04-24 04:37:17,113][dowhy.causal_model][INFO] - Model to find the causal effect of treatment ['X6'] on outcome ['X4']
[2026-04-24 04:37:17,113][dowhy.causal_identifier.auto_identifier][WARNING] - No directed path from treatment to outcome. Causal Effect is zero.
[2026-04-24 04:37:17,113][dowhy.causal_model][INFO] - linear_regression
[2026-04-24 04:37:17,113][dowhy.causal_estimator][INFO] - INFO: Using Linear Regression Estimator
[2026-04-24 04:37:17,113][dowhy.causal_estimator][WARNING] - No directed path from ['X6'] to ['X4'].
[2026-04-24 04:37:17,115][dowhy.causal_model][INFO] - Model to find the causal effect of treatment ['X6'] on outcome ['X5']
[2026-04-24 04:37:17,115][dowhy.causal_identifier.auto_identifier][WARNING] - No directed path from treatment to outcome. Causal Effect is zero.
[2026-04-24 04:37:17,115][dowhy.causal_model][INFO] - linear_regression
[2026-04-24 04:37:17,115][dowhy.causal_estimator][INFO] - INFO: Using Linear Regression Estimator
[2026-04-24 04:37:17,115][dowhy.causal_estimator][WARNING] - No directed path from ['X6'] to ['X5'].
[2026-04-24 04:37:17,117][dowhy.causal_model][INFO] - Model to find the causal effect of treatment ['X6'] on outcome ['X7']
[2026-04-24 04:37:17,119][dowhy.causal_identifier.auto_identifier][INFO] - Causal effect can be identified.
[2026-04-24 04:37:17,120][dowhy.causal_identifier.auto_identifier][INFO] - Instrumental variables for treatment and outcome:['X1', 'X5']
[2026-04-24 04:37:17,121][dowhy.causal_identifier.auto_identifier][INFO] - Frontdoor variables for treatment and outcome:[]
[2026-04-24 04:37:17,121][dowhy.causal_model][INFO] - linear_regression
[2026-04-24 04:37:17,121][dowhy.causal_estimator][INFO] - INFO: Using Linear Regression Estimator
[2026-04-24 04:37:17,121][dowhy.causal_estimator][INFO] - b: X7~X6+X6*X3+X6*X2
[2026-04-24 04:37:17,130][dowhy.causal_model][INFO] - Model to find the causal effect of treatment ['X6'] on outcome ['X8']
[2026-04-24 04:37:17,132][dowhy.causal_identifier.auto_identifier][INFO] - Causal effect can be identified.
[2026-04-24 04:37:17,133][dowhy.causal_identifier.auto_identifier][INFO] - Instrumental variables for treatment and outcome:['X1', 'X5']
[2026-04-24 04:37:17,134][dowhy.causal_identifier.auto_identifier][INFO] - Frontdoor variables for treatment and outcome:[]
[2026-04-24 04:37:17,134][dowhy.causal_model][INFO] - linear_regression
[2026-04-24 04:37:17,134][dowhy.causal_estimator][INFO] - INFO: Using Linear Regression Estimator
[2026-04-24 04:37:17,134][dowhy.causal_estimator][INFO] - b: X8~X6+X6*X3+X6*X2
[2026-04-24 04:37:17,142][dowhy.causal_model][INFO] - Model to find the causal effect of treatment ['X6'] on outcome ['X9']
[2026-04-24 04:37:17,143][dowhy.causal_identifier.auto_identifier][WARNING] - No directed path from treatment to outcome. Causal Effect is zero.
[2026-04-24 04:37:17,143][dowhy.causal_model][INFO] - linear_regression
[2026-04-24 04:37:17,143][dowhy.causal_estimator][INFO] - INFO: Using Linear Regression Estimator
[2026-04-24 04:37:17,143][dowhy.causal_estimator][WARNING] - No directed path from ['X6'] to ['X9'].
[2026-04-24 04:37:17,145][dowhy.causal_model][INFO] - Model to find the causal effect of treatment ['X6'] on outcome ['X10']
[2026-04-24 04:37:17,147][dowhy.causal_identifier.auto_identifier][INFO] - Causal effect can be identified.
[2026-04-24 04:37:17,148][dowhy.causal_identifier.auto_identifier][INFO] - Instrumental variables for treatment and outcome:['X1', 'X5']
[2026-04-24 04:37:17,149][dowhy.causal_identifier.auto_identifier][INFO] - Frontdoor variables for treatment and outcome:[]
[2026-04-24 04:37:17,149][dowhy.causal_model][INFO] - linear_regression
[2026-04-24 04:37:17,149][dowhy.causal_estimator][INFO] - INFO: Using Linear Regression Estimator
[2026-04-24 04:37:17,149][dowhy.causal_estimator][INFO] - b: X10~X6+X6*X3+X6*X2
[2026-04-24 04:37:17,157][dowhy.causal_model][INFO] - Model to find the causal effect of treatment ['X6'] on outcome ['X11']
[2026-04-24 04:37:17,160][dowhy.causal_identifier.auto_identifier][INFO] - Causal effect can be identified.
[2026-04-24 04:37:17,161][dowhy.causal_identifier.auto_identifier][INFO] - Instrumental variables for treatment and outcome:['X1', 'X5']
[2026-04-24 04:37:17,163][dowhy.causal_identifier.auto_identifier][INFO] - Frontdoor variables for treatment and outcome:['X10', 'X8', 'X7']
[2026-04-24 04:37:17,165][dowhy.causal_identifier.auto_identifier][INFO] - Causal effect can be identified.
[2026-04-24 04:37:17,168][dowhy.causal_identifier.auto_identifier][INFO] - Causal effect can be identified.
[2026-04-24 04:37:17,169][dowhy.causal_model][INFO] - linear_regression
[2026-04-24 04:37:17,169][dowhy.causal_estimator][INFO] - INFO: Using Linear Regression Estimator
[2026-04-24 04:37:17,170][dowhy.causal_estimator][INFO] - b: X11~X6+X6*X4+X6*X3+X6*X2
[2026-04-24 04:37:17,213][dowhy.causal_model][INFO] - Model to find the causal effect of treatment ['X7'] on outcome ['X0']
[2026-04-24 04:37:17,213][dowhy.causal_identifier.auto_identifier][WARNING] - No directed path from treatment to outcome. Causal Effect is zero.
[2026-04-24 04:37:17,213][dowhy.causal_model][INFO] - linear_regression
[2026-04-24 04:37:17,213][dowhy.causal_estimator][INFO] - INFO: Using Linear Regression Estimator
[2026-04-24 04:37:17,213][dowhy.causal_estimator][WARNING] - No directed path from ['X7'] to ['X0'].
[2026-04-24 04:37:17,215][dowhy.causal_model][INFO] - Model to find the causal effect of treatment ['X7'] on outcome ['X1']
[2026-04-24 04:37:17,215][dowhy.causal_identifier.auto_identifier][WARNING] - No directed path from treatment to outcome. Causal Effect is zero.
[2026-04-24 04:37:17,215][dowhy.causal_model][INFO] - linear_regression
[2026-04-24 04:37:17,215][dowhy.causal_estimator][INFO] - INFO: Using Linear Regression Estimator
[2026-04-24 04:37:17,215][dowhy.causal_estimator][WARNING] - No directed path from ['X7'] to ['X1'].
[2026-04-24 04:37:17,217][dowhy.causal_model][INFO] - Model to find the causal effect of treatment ['X7'] on outcome ['X2']
[2026-04-24 04:37:17,217][dowhy.causal_identifier.auto_identifier][WARNING] - No directed path from treatment to outcome. Causal Effect is zero.
[2026-04-24 04:37:17,217][dowhy.causal_model][INFO] - linear_regression
[2026-04-24 04:37:17,217][dowhy.causal_estimator][INFO] - INFO: Using Linear Regression Estimator
[2026-04-24 04:37:17,217][dowhy.causal_estimator][WARNING] - No directed path from ['X7'] to ['X2'].
[2026-04-24 04:37:17,219][dowhy.causal_model][INFO] - Model to find the causal effect of treatment ['X7'] on outcome ['X3']
[2026-04-24 04:37:17,219][dowhy.causal_identifier.auto_identifier][WARNING] - No directed path from treatment to outcome. Causal Effect is zero.
[2026-04-24 04:37:17,219][dowhy.causal_model][INFO] - linear_regression
[2026-04-24 04:37:17,219][dowhy.causal_estimator][INFO] - INFO: Using Linear Regression Estimator
[2026-04-24 04:37:17,219][dowhy.causal_estimator][WARNING] - No directed path from ['X7'] to ['X3'].
[2026-04-24 04:37:17,221][dowhy.causal_model][INFO] - Model to find the causal effect of treatment ['X7'] on outcome ['X4']
[2026-04-24 04:37:17,221][dowhy.causal_identifier.auto_identifier][WARNING] - No directed path from treatment to outcome. Causal Effect is zero.
[2026-04-24 04:37:17,221][dowhy.causal_model][INFO] - linear_regression
[2026-04-24 04:37:17,221][dowhy.causal_estimator][INFO] - INFO: Using Linear Regression Estimator
[2026-04-24 04:37:17,221][dowhy.causal_estimator][WARNING] - No directed path from ['X7'] to ['X4'].
[2026-04-24 04:37:17,222][dowhy.causal_model][INFO] - Model to find the causal effect of treatment ['X7'] on outcome ['X5']
[2026-04-24 04:37:17,222][dowhy.causal_identifier.auto_identifier][WARNING] - No directed path from treatment to outcome. Causal Effect is zero.
[2026-04-24 04:37:17,223][dowhy.causal_model][INFO] - linear_regression
[2026-04-24 04:37:17,223][dowhy.causal_estimator][INFO] - INFO: Using Linear Regression Estimator
[2026-04-24 04:37:17,223][dowhy.causal_estimator][WARNING] - No directed path from ['X7'] to ['X5'].
[2026-04-24 04:37:17,224][dowhy.causal_model][INFO] - Model to find the causal effect of treatment ['X7'] on outcome ['X6']
[2026-04-24 04:37:17,224][dowhy.causal_identifier.auto_identifier][WARNING] - No directed path from treatment to outcome. Causal Effect is zero.
[2026-04-24 04:37:17,224][dowhy.causal_model][INFO] - linear_regression
[2026-04-24 04:37:17,224][dowhy.causal_estimator][INFO] - INFO: Using Linear Regression Estimator
[2026-04-24 04:37:17,224][dowhy.causal_estimator][WARNING] - No directed path from ['X7'] to ['X6'].
[2026-04-24 04:37:17,226][dowhy.causal_model][INFO] - Model to find the causal effect of treatment ['X7'] on outcome ['X8']
[2026-04-24 04:37:17,229][dowhy.causal_identifier.auto_identifier][INFO] - Causal effect can be identified.
[2026-04-24 04:37:17,229][dowhy.causal_identifier.auto_identifier][INFO] - Instrumental variables for treatment and outcome:['X2', 'X6']
[2026-04-24 04:37:17,230][dowhy.causal_identifier.auto_identifier][INFO] - Frontdoor variables for treatment and outcome:[]
[2026-04-24 04:37:17,230][dowhy.causal_model][INFO] - linear_regression
[2026-04-24 04:37:17,230][dowhy.causal_estimator][INFO] - INFO: Using Linear Regression Estimator
[2026-04-24 04:37:17,230][dowhy.causal_estimator][INFO] - b: X8~X7+X3
[2026-04-24 04:37:17,238][dowhy.causal_model][INFO] - Model to find the causal effect of treatment ['X7'] on outcome ['X9']
[2026-04-24 04:37:17,238][dowhy.causal_identifier.auto_identifier][WARNING] - No directed path from treatment to outcome. Causal Effect is zero.
[2026-04-24 04:37:17,238][dowhy.causal_model][INFO] - linear_regression
[2026-04-24 04:37:17,238][dowhy.causal_estimator][INFO] - INFO: Using Linear Regression Estimator
[2026-04-24 04:37:17,238][dowhy.causal_estimator][WARNING] - No directed path from ['X7'] to ['X9'].
[2026-04-24 04:37:17,240][dowhy.causal_model][INFO] - Model to find the causal effect of treatment ['X7'] on outcome ['X10']
[2026-04-24 04:37:17,242][dowhy.causal_identifier.auto_identifier][INFO] - Causal effect can be identified.
[2026-04-24 04:37:17,243][dowhy.causal_identifier.auto_identifier][INFO] - Instrumental variables for treatment and outcome:['X3', 'X6']
[2026-04-24 04:37:17,243][dowhy.causal_identifier.auto_identifier][INFO] - Frontdoor variables for treatment and outcome:[]
[2026-04-24 04:37:17,243][dowhy.causal_model][INFO] - linear_regression
[2026-04-24 04:37:17,243][dowhy.causal_estimator][INFO] - INFO: Using Linear Regression Estimator
[2026-04-24 04:37:17,244][dowhy.causal_estimator][INFO] - b: X10~X7+X2
[2026-04-24 04:37:17,251][dowhy.causal_model][INFO] - Model to find the causal effect of treatment ['X7'] on outcome ['X11']
[2026-04-24 04:37:17,254][dowhy.causal_identifier.auto_identifier][INFO] - Causal effect can be identified.
[2026-04-24 04:37:17,254][dowhy.causal_identifier.auto_identifier][INFO] - Instrumental variables for treatment and outcome:['X2', 'X6']
[2026-04-24 04:37:17,255][dowhy.causal_identifier.auto_identifier][INFO] - Frontdoor variables for treatment and outcome:[]
[2026-04-24 04:37:17,255][dowhy.causal_model][INFO] - linear_regression
[2026-04-24 04:37:17,255][dowhy.causal_estimator][INFO] - INFO: Using Linear Regression Estimator
[2026-04-24 04:37:17,256][dowhy.causal_estimator][INFO] - b: X11~X7+X3+X7*X4
[2026-04-24 04:37:17,297][dowhy.causal_model][INFO] - Model to find the causal effect of treatment ['X8'] on outcome ['X0']
[2026-04-24 04:37:17,297][dowhy.causal_identifier.auto_identifier][WARNING] - No directed path from treatment to outcome. Causal Effect is zero.
[2026-04-24 04:37:17,297][dowhy.causal_model][INFO] - linear_regression
[2026-04-24 04:37:17,298][dowhy.causal_estimator][INFO] - INFO: Using Linear Regression Estimator
[2026-04-24 04:37:17,298][dowhy.causal_estimator][WARNING] - No directed path from ['X8'] to ['X0'].
[2026-04-24 04:37:17,299][dowhy.causal_model][INFO] - Model to find the causal effect of treatment ['X8'] on outcome ['X1']
[2026-04-24 04:37:17,299][dowhy.causal_identifier.auto_identifier][WARNING] - No directed path from treatment to outcome. Causal Effect is zero.
[2026-04-24 04:37:17,299][dowhy.causal_model][INFO] - linear_regression
[2026-04-24 04:37:17,299][dowhy.causal_estimator][INFO] - INFO: Using Linear Regression Estimator
[2026-04-24 04:37:17,299][dowhy.causal_estimator][WARNING] - No directed path from ['X8'] to ['X1'].
[2026-04-24 04:37:17,301][dowhy.causal_model][INFO] - Model to find the causal effect of treatment ['X8'] on outcome ['X2']
[2026-04-24 04:37:17,301][dowhy.causal_identifier.auto_identifier][WARNING] - No directed path from treatment to outcome. Causal Effect is zero.
[2026-04-24 04:37:17,301][dowhy.causal_model][INFO] - linear_regression
[2026-04-24 04:37:17,301][dowhy.causal_estimator][INFO] - INFO: Using Linear Regression Estimator
[2026-04-24 04:37:17,301][dowhy.causal_estimator][WARNING] - No directed path from ['X8'] to ['X2'].
[2026-04-24 04:37:17,303][dowhy.causal_model][INFO] - Model to find the causal effect of treatment ['X8'] on outcome ['X3']
[2026-04-24 04:37:17,303][dowhy.causal_identifier.auto_identifier][WARNING] - No directed path from treatment to outcome. Causal Effect is zero.
[2026-04-24 04:37:17,303][dowhy.causal_model][INFO] - linear_regression
[2026-04-24 04:37:17,303][dowhy.causal_estimator][INFO] - INFO: Using Linear Regression Estimator
[2026-04-24 04:37:17,303][dowhy.causal_estimator][WARNING] - No directed path from ['X8'] to ['X3'].
[2026-04-24 04:37:17,305][dowhy.causal_model][INFO] - Model to find the causal effect of treatment ['X8'] on outcome ['X4']
[2026-04-24 04:37:17,305][dowhy.causal_identifier.auto_identifier][WARNING] - No directed path from treatment to outcome. Causal Effect is zero.
[2026-04-24 04:37:17,305][dowhy.causal_model][INFO] - linear_regression
[2026-04-24 04:37:17,305][dowhy.causal_estimator][INFO] - INFO: Using Linear Regression Estimator
[2026-04-24 04:37:17,305][dowhy.causal_estimator][WARNING] - No directed path from ['X8'] to ['X4'].
[2026-04-24 04:37:17,306][dowhy.causal_model][INFO] - Model to find the causal effect of treatment ['X8'] on outcome ['X5']
[2026-04-24 04:37:17,307][dowhy.causal_identifier.auto_identifier][WARNING] - No directed path from treatment to outcome. Causal Effect is zero.
[2026-04-24 04:37:17,307][dowhy.causal_model][INFO] - linear_regression
[2026-04-24 04:37:17,307][dowhy.causal_estimator][INFO] - INFO: Using Linear Regression Estimator
[2026-04-24 04:37:17,307][dowhy.causal_estimator][WARNING] - No directed path from ['X8'] to ['X5'].
[2026-04-24 04:37:17,308][dowhy.causal_model][INFO] - Model to find the causal effect of treatment ['X8'] on outcome ['X6']
[2026-04-24 04:37:17,308][dowhy.causal_identifier.auto_identifier][WARNING] - No directed path from treatment to outcome. Causal Effect is zero.
[2026-04-24 04:37:17,308][dowhy.causal_model][INFO] - linear_regression
[2026-04-24 04:37:17,308][dowhy.causal_estimator][INFO] - INFO: Using Linear Regression Estimator
[2026-04-24 04:37:17,308][dowhy.causal_estimator][WARNING] - No directed path from ['X8'] to ['X6'].
[2026-04-24 04:37:17,310][dowhy.causal_model][INFO] - Model to find the causal effect of treatment ['X8'] on outcome ['X7']
[2026-04-24 04:37:17,310][dowhy.causal_identifier.auto_identifier][WARNING] - No directed path from treatment to outcome. Causal Effect is zero.
[2026-04-24 04:37:17,310][dowhy.causal_model][INFO] - linear_regression
[2026-04-24 04:37:17,310][dowhy.causal_estimator][INFO] - INFO: Using Linear Regression Estimator
[2026-04-24 04:37:17,310][dowhy.causal_estimator][WARNING] - No directed path from ['X8'] to ['X7'].
[2026-04-24 04:37:17,312][dowhy.causal_model][INFO] - Model to find the causal effect of treatment ['X8'] on outcome ['X9']
[2026-04-24 04:37:17,312][dowhy.causal_identifier.auto_identifier][WARNING] - No directed path from treatment to outcome. Causal Effect is zero.
[2026-04-24 04:37:17,312][dowhy.causal_model][INFO] - linear_regression
[2026-04-24 04:37:17,312][dowhy.causal_estimator][INFO] - INFO: Using Linear Regression Estimator
[2026-04-24 04:37:17,312][dowhy.causal_estimator][WARNING] - No directed path from ['X8'] to ['X9'].
[2026-04-24 04:37:17,314][dowhy.causal_model][INFO] - Model to find the causal effect of treatment ['X8'] on outcome ['X10']
[2026-04-24 04:37:17,314][dowhy.causal_identifier.auto_identifier][WARNING] - No directed path from treatment to outcome. Causal Effect is zero.
[2026-04-24 04:37:17,314][dowhy.causal_model][INFO] - linear_regression
[2026-04-24 04:37:17,314][dowhy.causal_estimator][INFO] - INFO: Using Linear Regression Estimator
[2026-04-24 04:37:17,314][dowhy.causal_estimator][WARNING] - No directed path from ['X8'] to ['X10'].
[2026-04-24 04:37:17,316][dowhy.causal_model][INFO] - Model to find the causal effect of treatment ['X8'] on outcome ['X11']
[2026-04-24 04:37:17,319][dowhy.causal_identifier.auto_identifier][INFO] - Causal effect can be identified.
[2026-04-24 04:37:17,320][dowhy.causal_identifier.auto_identifier][INFO] - Instrumental variables for treatment and outcome:['X3', 'X7']
[2026-04-24 04:37:17,320][dowhy.causal_identifier.auto_identifier][INFO] - Frontdoor variables for treatment and outcome:[]
[2026-04-24 04:37:17,320][dowhy.causal_model][INFO] - linear_regression
[2026-04-24 04:37:17,320][dowhy.causal_estimator][INFO] - INFO: Using Linear Regression Estimator
[2026-04-24 04:37:17,321][dowhy.causal_estimator][INFO] - b: X11~X8+X8*X4
[2026-04-24 04:37:17,366][dowhy.causal_model][INFO] - Model to find the causal effect of treatment ['X9'] on outcome ['X0']
[2026-04-24 04:37:17,366][dowhy.causal_identifier.auto_identifier][WARNING] - No directed path from treatment to outcome. Causal Effect is zero.
[2026-04-24 04:37:17,366][dowhy.causal_model][INFO] - linear_regression
[2026-04-24 04:37:17,366][dowhy.causal_estimator][INFO] - INFO: Using Linear Regression Estimator
[2026-04-24 04:37:17,367][dowhy.causal_estimator][WARNING] - No directed path from ['X9'] to ['X0'].
[2026-04-24 04:37:17,369][dowhy.causal_model][INFO] - Model to find the causal effect of treatment ['X9'] on outcome ['X1']
[2026-04-24 04:37:17,369][dowhy.causal_identifier.auto_identifier][WARNING] - No directed path from treatment to outcome. Causal Effect is zero.
[2026-04-24 04:37:17,369][dowhy.causal_model][INFO] - linear_regression
[2026-04-24 04:37:17,369][dowhy.causal_estimator][INFO] - INFO: Using Linear Regression Estimator
[2026-04-24 04:37:17,369][dowhy.causal_estimator][WARNING] - No directed path from ['X9'] to ['X1'].
[2026-04-24 04:37:17,370][dowhy.causal_model][INFO] - Model to find the causal effect of treatment ['X9'] on outcome ['X2']
[2026-04-24 04:37:17,371][dowhy.causal_identifier.auto_identifier][WARNING] - No directed path from treatment to outcome. Causal Effect is zero.
[2026-04-24 04:37:17,371][dowhy.causal_model][INFO] - linear_regression
[2026-04-24 04:37:17,371][dowhy.causal_estimator][INFO] - INFO: Using Linear Regression Estimator
[2026-04-24 04:37:17,371][dowhy.causal_estimator][WARNING] - No directed path from ['X9'] to ['X2'].
[2026-04-24 04:37:17,373][dowhy.causal_model][INFO] - Model to find the causal effect of treatment ['X9'] on outcome ['X3']
[2026-04-24 04:37:17,373][dowhy.causal_identifier.auto_identifier][WARNING] - No directed path from treatment to outcome. Causal Effect is zero.
[2026-04-24 04:37:17,373][dowhy.causal_model][INFO] - linear_regression
[2026-04-24 04:37:17,373][dowhy.causal_estimator][INFO] - INFO: Using Linear Regression Estimator
[2026-04-24 04:37:17,373][dowhy.causal_estimator][WARNING] - No directed path from ['X9'] to ['X3'].
[2026-04-24 04:37:17,374][dowhy.causal_model][INFO] - Model to find the causal effect of treatment ['X9'] on outcome ['X4']
[2026-04-24 04:37:17,375][dowhy.causal_identifier.auto_identifier][WARNING] - No directed path from treatment to outcome. Causal Effect is zero.
[2026-04-24 04:37:17,375][dowhy.causal_model][INFO] - linear_regression
[2026-04-24 04:37:17,375][dowhy.causal_estimator][INFO] - INFO: Using Linear Regression Estimator
[2026-04-24 04:37:17,375][dowhy.causal_estimator][WARNING] - No directed path from ['X9'] to ['X4'].
[2026-04-24 04:37:17,377][dowhy.causal_model][INFO] - Model to find the causal effect of treatment ['X9'] on outcome ['X5']
[2026-04-24 04:37:17,377][dowhy.causal_identifier.auto_identifier][WARNING] - No directed path from treatment to outcome. Causal Effect is zero.
[2026-04-24 04:37:17,377][dowhy.causal_model][INFO] - linear_regression
[2026-04-24 04:37:17,377][dowhy.causal_estimator][INFO] - INFO: Using Linear Regression Estimator
[2026-04-24 04:37:17,377][dowhy.causal_estimator][WARNING] - No directed path from ['X9'] to ['X5'].
[2026-04-24 04:37:17,378][dowhy.causal_model][INFO] - Model to find the causal effect of treatment ['X9'] on outcome ['X6']
[2026-04-24 04:37:17,378][dowhy.causal_identifier.auto_identifier][WARNING] - No directed path from treatment to outcome. Causal Effect is zero.
[2026-04-24 04:37:17,379][dowhy.causal_model][INFO] - linear_regression
[2026-04-24 04:37:17,379][dowhy.causal_estimator][INFO] - INFO: Using Linear Regression Estimator
[2026-04-24 04:37:17,379][dowhy.causal_estimator][WARNING] - No directed path from ['X9'] to ['X6'].
[2026-04-24 04:37:17,381][dowhy.causal_model][INFO] - Model to find the causal effect of treatment ['X9'] on outcome ['X7']
[2026-04-24 04:37:17,381][dowhy.causal_identifier.auto_identifier][WARNING] - No directed path from treatment to outcome. Causal Effect is zero.
[2026-04-24 04:37:17,381][dowhy.causal_model][INFO] - linear_regression
[2026-04-24 04:37:17,381][dowhy.causal_estimator][INFO] - INFO: Using Linear Regression Estimator
[2026-04-24 04:37:17,381][dowhy.causal_estimator][WARNING] - No directed path from ['X9'] to ['X7'].
[2026-04-24 04:37:17,383][dowhy.causal_model][INFO] - Model to find the causal effect of treatment ['X9'] on outcome ['X8']
[2026-04-24 04:37:17,383][dowhy.causal_identifier.auto_identifier][WARNING] - No directed path from treatment to outcome. Causal Effect is zero.
[2026-04-24 04:37:17,383][dowhy.causal_model][INFO] - linear_regression
[2026-04-24 04:37:17,383][dowhy.causal_estimator][INFO] - INFO: Using Linear Regression Estimator
[2026-04-24 04:37:17,383][dowhy.causal_estimator][WARNING] - No directed path from ['X9'] to ['X8'].
[2026-04-24 04:37:17,385][dowhy.causal_model][INFO] - Model to find the causal effect of treatment ['X9'] on outcome ['X10']
[2026-04-24 04:37:17,385][dowhy.causal_identifier.auto_identifier][WARNING] - No directed path from treatment to outcome. Causal Effect is zero.
[2026-04-24 04:37:17,385][dowhy.causal_model][INFO] - linear_regression
[2026-04-24 04:37:17,385][dowhy.causal_estimator][INFO] - INFO: Using Linear Regression Estimator
[2026-04-24 04:37:17,385][dowhy.causal_estimator][WARNING] - No directed path from ['X9'] to ['X10'].
[2026-04-24 04:37:17,387][dowhy.causal_model][INFO] - Model to find the causal effect of treatment ['X9'] on outcome ['X11']
[2026-04-24 04:37:17,387][dowhy.causal_identifier.auto_identifier][WARNING] - No directed path from treatment to outcome. Causal Effect is zero.
[2026-04-24 04:37:17,387][dowhy.causal_model][INFO] - linear_regression
[2026-04-24 04:37:17,387][dowhy.causal_estimator][INFO] - INFO: Using Linear Regression Estimator
[2026-04-24 04:37:17,387][dowhy.causal_estimator][WARNING] - No directed path from ['X9'] to ['X11'].
[2026-04-24 04:37:17,428][dowhy.causal_model][INFO] - Model to find the causal effect of treatment ['X10'] on outcome ['X0']
[2026-04-24 04:37:17,428][dowhy.causal_identifier.auto_identifier][WARNING] - No directed path from treatment to outcome. Causal Effect is zero.
[2026-04-24 04:37:17,428][dowhy.causal_model][INFO] - linear_regression
[2026-04-24 04:37:17,428][dowhy.causal_estimator][INFO] - INFO: Using Linear Regression Estimator
[2026-04-24 04:37:17,428][dowhy.causal_estimator][WARNING] - No directed path from ['X10'] to ['X0'].
[2026-04-24 04:37:17,430][dowhy.causal_model][INFO] - Model to find the causal effect of treatment ['X10'] on outcome ['X1']
[2026-04-24 04:37:17,430][dowhy.causal_identifier.auto_identifier][WARNING] - No directed path from treatment to outcome. Causal Effect is zero.
[2026-04-24 04:37:17,430][dowhy.causal_model][INFO] - linear_regression
[2026-04-24 04:37:17,430][dowhy.causal_estimator][INFO] - INFO: Using Linear Regression Estimator
[2026-04-24 04:37:17,430][dowhy.causal_estimator][WARNING] - No directed path from ['X10'] to ['X1'].
[2026-04-24 04:37:17,432][dowhy.causal_model][INFO] - Model to find the causal effect of treatment ['X10'] on outcome ['X2']
[2026-04-24 04:37:17,432][dowhy.causal_identifier.auto_identifier][WARNING] - No directed path from treatment to outcome. Causal Effect is zero.
[2026-04-24 04:37:17,432][dowhy.causal_model][INFO] - linear_regression
[2026-04-24 04:37:17,432][dowhy.causal_estimator][INFO] - INFO: Using Linear Regression Estimator
[2026-04-24 04:37:17,432][dowhy.causal_estimator][WARNING] - No directed path from ['X10'] to ['X2'].
[2026-04-24 04:37:17,434][dowhy.causal_model][INFO] - Model to find the causal effect of treatment ['X10'] on outcome ['X3']
[2026-04-24 04:37:17,434][dowhy.causal_identifier.auto_identifier][WARNING] - No directed path from treatment to outcome. Causal Effect is zero.
[2026-04-24 04:37:17,434][dowhy.causal_model][INFO] - linear_regression
[2026-04-24 04:37:17,434][dowhy.causal_estimator][INFO] - INFO: Using Linear Regression Estimator
[2026-04-24 04:37:17,434][dowhy.causal_estimator][WARNING] - No directed path from ['X10'] to ['X3'].
[2026-04-24 04:37:17,436][dowhy.causal_model][INFO] - Model to find the causal effect of treatment ['X10'] on outcome ['X4']
[2026-04-24 04:37:17,436][dowhy.causal_identifier.auto_identifier][WARNING] - No directed path from treatment to outcome. Causal Effect is zero.
[2026-04-24 04:37:17,436][dowhy.causal_model][INFO] - linear_regression
[2026-04-24 04:37:17,436][dowhy.causal_estimator][INFO] - INFO: Using Linear Regression Estimator
[2026-04-24 04:37:17,436][dowhy.causal_estimator][WARNING] - No directed path from ['X10'] to ['X4'].
[2026-04-24 04:37:17,438][dowhy.causal_model][INFO] - Model to find the causal effect of treatment ['X10'] on outcome ['X5']
[2026-04-24 04:37:17,438][dowhy.causal_identifier.auto_identifier][WARNING] - No directed path from treatment to outcome. Causal Effect is zero.
[2026-04-24 04:37:17,438][dowhy.causal_model][INFO] - linear_regression
[2026-04-24 04:37:17,438][dowhy.causal_estimator][INFO] - INFO: Using Linear Regression Estimator
[2026-04-24 04:37:17,438][dowhy.causal_estimator][WARNING] - No directed path from ['X10'] to ['X5'].
[2026-04-24 04:37:17,439][dowhy.causal_model][INFO] - Model to find the causal effect of treatment ['X10'] on outcome ['X6']
[2026-04-24 04:37:17,439][dowhy.causal_identifier.auto_identifier][WARNING] - No directed path from treatment to outcome. Causal Effect is zero.
[2026-04-24 04:37:17,439][dowhy.causal_model][INFO] - linear_regression
[2026-04-24 04:37:17,439][dowhy.causal_estimator][INFO] - INFO: Using Linear Regression Estimator
[2026-04-24 04:37:17,440][dowhy.causal_estimator][WARNING] - No directed path from ['X10'] to ['X6'].
[2026-04-24 04:37:17,441][dowhy.causal_model][INFO] - Model to find the causal effect of treatment ['X10'] on outcome ['X7']
[2026-04-24 04:37:17,441][dowhy.causal_identifier.auto_identifier][WARNING] - No directed path from treatment to outcome. Causal Effect is zero.
[2026-04-24 04:37:17,441][dowhy.causal_model][INFO] - linear_regression
[2026-04-24 04:37:17,441][dowhy.causal_estimator][INFO] - INFO: Using Linear Regression Estimator
[2026-04-24 04:37:17,441][dowhy.causal_estimator][WARNING] - No directed path from ['X10'] to ['X7'].
[2026-04-24 04:37:17,443][dowhy.causal_model][INFO] - Model to find the causal effect of treatment ['X10'] on outcome ['X8']
[2026-04-24 04:37:17,443][dowhy.causal_identifier.auto_identifier][WARNING] - No directed path from treatment to outcome. Causal Effect is zero.
[2026-04-24 04:37:17,443][dowhy.causal_model][INFO] - linear_regression
[2026-04-24 04:37:17,443][dowhy.causal_estimator][INFO] - INFO: Using Linear Regression Estimator
[2026-04-24 04:37:17,443][dowhy.causal_estimator][WARNING] - No directed path from ['X10'] to ['X8'].
[2026-04-24 04:37:17,445][dowhy.causal_model][INFO] - Model to find the causal effect of treatment ['X10'] on outcome ['X9']
[2026-04-24 04:37:17,445][dowhy.causal_identifier.auto_identifier][WARNING] - No directed path from treatment to outcome. Causal Effect is zero.
[2026-04-24 04:37:17,445][dowhy.causal_model][INFO] - linear_regression
[2026-04-24 04:37:17,445][dowhy.causal_estimator][INFO] - INFO: Using Linear Regression Estimator
[2026-04-24 04:37:17,445][dowhy.causal_estimator][WARNING] - No directed path from ['X10'] to ['X9'].
[2026-04-24 04:37:17,446][dowhy.causal_model][INFO] - Model to find the causal effect of treatment ['X10'] on outcome ['X11']
[2026-04-24 04:37:17,447][dowhy.causal_identifier.auto_identifier][WARNING] - No directed path from treatment to outcome. Causal Effect is zero.
[2026-04-24 04:37:17,447][dowhy.causal_model][INFO] - linear_regression
[2026-04-24 04:37:17,447][dowhy.causal_estimator][INFO] - INFO: Using Linear Regression Estimator
[2026-04-24 04:37:17,447][dowhy.causal_estimator][WARNING] - No directed path from ['X10'] to ['X11'].
[2026-04-24 04:37:17,479][dowhy.causal_model][INFO] - Model to find the causal effect of treatment ['X11'] on outcome ['X0']
[2026-04-24 04:37:17,479][dowhy.causal_identifier.auto_identifier][WARNING] - No directed path from treatment to outcome. Causal Effect is zero.
[2026-04-24 04:37:17,479][dowhy.causal_model][INFO] - linear_regression
[2026-04-24 04:37:17,479][dowhy.causal_estimator][INFO] - INFO: Using Linear Regression Estimator
[2026-04-24 04:37:17,479][dowhy.causal_estimator][WARNING] - No directed path from ['X11'] to ['X0'].
[2026-04-24 04:37:17,481][dowhy.causal_model][INFO] - Model to find the causal effect of treatment ['X11'] on outcome ['X1']
[2026-04-24 04:37:17,481][dowhy.causal_identifier.auto_identifier][WARNING] - No directed path from treatment to outcome. Causal Effect is zero.
[2026-04-24 04:37:17,481][dowhy.causal_model][INFO] - linear_regression
[2026-04-24 04:37:17,481][dowhy.causal_estimator][INFO] - INFO: Using Linear Regression Estimator
[2026-04-24 04:37:17,481][dowhy.causal_estimator][WARNING] - No directed path from ['X11'] to ['X1'].
[2026-04-24 04:37:17,483][dowhy.causal_model][INFO] - Model to find the causal effect of treatment ['X11'] on outcome ['X2']
[2026-04-24 04:37:17,483][dowhy.causal_identifier.auto_identifier][WARNING] - No directed path from treatment to outcome. Causal Effect is zero.
[2026-04-24 04:37:17,483][dowhy.causal_model][INFO] - linear_regression
[2026-04-24 04:37:17,483][dowhy.causal_estimator][INFO] - INFO: Using Linear Regression Estimator
[2026-04-24 04:37:17,483][dowhy.causal_estimator][WARNING] - No directed path from ['X11'] to ['X2'].
[2026-04-24 04:37:17,485][dowhy.causal_model][INFO] - Model to find the causal effect of treatment ['X11'] on outcome ['X3']
[2026-04-24 04:37:17,485][dowhy.causal_identifier.auto_identifier][WARNING] - No directed path from treatment to outcome. Causal Effect is zero.
[2026-04-24 04:37:17,485][dowhy.causal_model][INFO] - linear_regression
[2026-04-24 04:37:17,485][dowhy.causal_estimator][INFO] - INFO: Using Linear Regression Estimator
[2026-04-24 04:37:17,485][dowhy.causal_estimator][WARNING] - No directed path from ['X11'] to ['X3'].
[2026-04-24 04:37:17,486][dowhy.causal_model][INFO] - Model to find the causal effect of treatment ['X11'] on outcome ['X4']
[2026-04-24 04:37:17,486][dowhy.causal_identifier.auto_identifier][WARNING] - No directed path from treatment to outcome. Causal Effect is zero.
[2026-04-24 04:37:17,486][dowhy.causal_model][INFO] - linear_regression
[2026-04-24 04:37:17,486][dowhy.causal_estimator][INFO] - INFO: Using Linear Regression Estimator
[2026-04-24 04:37:17,486][dowhy.causal_estimator][WARNING] - No directed path from ['X11'] to ['X4'].
[2026-04-24 04:37:17,488][dowhy.causal_model][INFO] - Model to find the causal effect of treatment ['X11'] on outcome ['X5']
[2026-04-24 04:37:17,488][dowhy.causal_identifier.auto_identifier][WARNING] - No directed path from treatment to outcome. Causal Effect is zero.
[2026-04-24 04:37:17,488][dowhy.causal_model][INFO] - linear_regression
[2026-04-24 04:37:17,488][dowhy.causal_estimator][INFO] - INFO: Using Linear Regression Estimator
[2026-04-24 04:37:17,488][dowhy.causal_estimator][WARNING] - No directed path from ['X11'] to ['X5'].
[2026-04-24 04:37:17,490][dowhy.causal_model][INFO] - Model to find the causal effect of treatment ['X11'] on outcome ['X6']
[2026-04-24 04:37:17,490][dowhy.causal_identifier.auto_identifier][WARNING] - No directed path from treatment to outcome. Causal Effect is zero.
[2026-04-24 04:37:17,490][dowhy.causal_model][INFO] - linear_regression
[2026-04-24 04:37:17,490][dowhy.causal_estimator][INFO] - INFO: Using Linear Regression Estimator
[2026-04-24 04:37:17,490][dowhy.causal_estimator][WARNING] - No directed path from ['X11'] to ['X6'].
[2026-04-24 04:37:17,492][dowhy.causal_model][INFO] - Model to find the causal effect of treatment ['X11'] on outcome ['X7']
[2026-04-24 04:37:17,492][dowhy.causal_identifier.auto_identifier][WARNING] - No directed path from treatment to outcome. Causal Effect is zero.
[2026-04-24 04:37:17,492][dowhy.causal_model][INFO] - linear_regression
[2026-04-24 04:37:17,492][dowhy.causal_estimator][INFO] - INFO: Using Linear Regression Estimator
[2026-04-24 04:37:17,492][dowhy.causal_estimator][WARNING] - No directed path from ['X11'] to ['X7'].
[2026-04-24 04:37:17,494][dowhy.causal_model][INFO] - Model to find the causal effect of treatment ['X11'] on outcome ['X8']
[2026-04-24 04:37:17,494][dowhy.causal_identifier.auto_identifier][WARNING] - No directed path from treatment to outcome. Causal Effect is zero.
[2026-04-24 04:37:17,494][dowhy.causal_model][INFO] - linear_regression
[2026-04-24 04:37:17,494][dowhy.causal_estimator][INFO] - INFO: Using Linear Regression Estimator
[2026-04-24 04:37:17,494][dowhy.causal_estimator][WARNING] - No directed path from ['X11'] to ['X8'].
[2026-04-24 04:37:17,495][dowhy.causal_model][INFO] - Model to find the causal effect of treatment ['X11'] on outcome ['X9']
[2026-04-24 04:37:17,495][dowhy.causal_identifier.auto_identifier][WARNING] - No directed path from treatment to outcome. Causal Effect is zero.
[2026-04-24 04:37:17,496][dowhy.causal_model][INFO] - linear_regression
[2026-04-24 04:37:17,496][dowhy.causal_estimator][INFO] - INFO: Using Linear Regression Estimator
[2026-04-24 04:37:17,496][dowhy.causal_estimator][WARNING] - No directed path from ['X11'] to ['X9'].
[2026-04-24 04:37:17,497][dowhy.causal_model][INFO] - Model to find the causal effect of treatment ['X11'] on outcome ['X10']
[2026-04-24 04:37:17,497][dowhy.causal_identifier.auto_identifier][WARNING] - No directed path from treatment to outcome. Causal Effect is zero.
[2026-04-24 04:37:17,497][dowhy.causal_model][INFO] - linear_regression
[2026-04-24 04:37:17,497][dowhy.causal_estimator][INFO] - INFO: Using Linear Regression Estimator
[2026-04-24 04:37:17,497][dowhy.causal_estimator][WARNING] - No directed path from ['X11'] to ['X10'].
[2026-04-24 04:37:17,551][dowhy.causal_model][INFO] - Model to find the causal effect of treatment ['X0'] on outcome ['X1']
[2026-04-24 04:37:17,551][dowhy.causal_identifier.auto_identifier][WARNING] - No directed path from treatment to outcome. Causal Effect is zero.
[2026-04-24 04:37:17,551][dowhy.causal_model][INFO] - linear_regression
[2026-04-24 04:37:17,551][dowhy.causal_estimator][INFO] - INFO: Using Linear Regression Estimator
[2026-04-24 04:37:17,551][dowhy.causal_estimator][WARNING] - No directed path from ['X0'] to ['X1'].
[2026-04-24 04:37:17,553][dowhy.causal_model][INFO] - Model to find the causal effect of treatment ['X0'] on outcome ['X2']
[2026-04-24 04:37:17,553][dowhy.causal_identifier.auto_identifier][WARNING] - No directed path from treatment to outcome. Causal Effect is zero.
[2026-04-24 04:37:17,554][dowhy.causal_model][INFO] - linear_regression
[2026-04-24 04:37:17,554][dowhy.causal_estimator][INFO] - INFO: Using Linear Regression Estimator
[2026-04-24 04:37:17,554][dowhy.causal_estimator][WARNING] - No directed path from ['X0'] to ['X2'].
[2026-04-24 04:37:17,555][dowhy.causal_model][INFO] - Model to find the causal effect of treatment ['X0'] on outcome ['X3']
[2026-04-24 04:37:17,555][dowhy.causal_identifier.auto_identifier][WARNING] - No directed path from treatment to outcome. Causal Effect is zero.
[2026-04-24 04:37:17,555][dowhy.causal_model][INFO] - linear_regression
[2026-04-24 04:37:17,556][dowhy.causal_estimator][INFO] - INFO: Using Linear Regression Estimator
[2026-04-24 04:37:17,556][dowhy.causal_estimator][WARNING] - No directed path from ['X0'] to ['X3'].
[2026-04-24 04:37:17,557][dowhy.causal_model][INFO] - Model to find the causal effect of treatment ['X0'] on outcome ['X4']
[2026-04-24 04:37:17,557][dowhy.causal_identifier.auto_identifier][WARNING] - No directed path from treatment to outcome. Causal Effect is zero.
[2026-04-24 04:37:17,557][dowhy.causal_model][INFO] - linear_regression
[2026-04-24 04:37:17,558][dowhy.causal_estimator][INFO] - INFO: Using Linear Regression Estimator
[2026-04-24 04:37:17,558][dowhy.causal_estimator][WARNING] - No directed path from ['X0'] to ['X4'].
[2026-04-24 04:37:17,559][dowhy.causal_model][INFO] - Model to find the causal effect of treatment ['X0'] on outcome ['X5']
[2026-04-24 04:37:17,561][dowhy.causal_identifier.auto_identifier][INFO] - Causal effect can be identified.
[2026-04-24 04:37:17,561][dowhy.causal_identifier.auto_identifier][INFO] - Instrumental variables for treatment and outcome:[]
[2026-04-24 04:37:17,561][dowhy.causal_identifier.auto_identifier][INFO] - Frontdoor variables for treatment and outcome:[]
[2026-04-24 04:37:17,561][dowhy.causal_model][INFO] - linear_regression
[2026-04-24 04:37:17,561][dowhy.causal_estimator][INFO] - INFO: Using Linear Regression Estimator
[2026-04-24 04:37:17,562][dowhy.causal_estimator][INFO] - b: X5~X0+X0*X1
[2026-04-24 04:37:17,570][dowhy.causal_model][INFO] - Model to find the causal effect of treatment ['X0'] on outcome ['X6']
[2026-04-24 04:37:17,571][dowhy.causal_identifier.auto_identifier][INFO] - Causal effect can be identified.
[2026-04-24 04:37:17,572][dowhy.causal_identifier.auto_identifier][INFO] - Instrumental variables for treatment and outcome:[]
[2026-04-24 04:37:17,572][dowhy.causal_identifier.auto_identifier][INFO] - Frontdoor variables for treatment and outcome:[]
[2026-04-24 04:37:17,572][dowhy.causal_model][INFO] - linear_regression
[2026-04-24 04:37:17,572][dowhy.causal_estimator][INFO] - INFO: Using Linear Regression Estimator
[2026-04-24 04:37:17,573][dowhy.causal_estimator][INFO] - b: X6~X0+X0*X1
[2026-04-24 04:37:17,581][dowhy.causal_model][INFO] - Model to find the causal effect of treatment ['X0'] on outcome ['X7']
[2026-04-24 04:37:17,582][dowhy.causal_identifier.auto_identifier][INFO] - Causal effect can be identified.
[2026-04-24 04:37:17,583][dowhy.causal_identifier.auto_identifier][INFO] - Instrumental variables for treatment and outcome:[]
[2026-04-24 04:37:17,584][dowhy.causal_identifier.auto_identifier][INFO] - Frontdoor variables for treatment and outcome:['X9', 'X5', 'X6']
[2026-04-24 04:37:17,586][dowhy.causal_identifier.auto_identifier][INFO] - Causal effect can be identified.
[2026-04-24 04:37:17,588][dowhy.causal_identifier.auto_identifier][INFO] - Causal effect can be identified.
[2026-04-24 04:37:17,589][dowhy.causal_model][INFO] - linear_regression
[2026-04-24 04:37:17,589][dowhy.causal_estimator][INFO] - INFO: Using Linear Regression Estimator
[2026-04-24 04:37:17,589][dowhy.causal_estimator][INFO] - b: X7~X0+X0*X3+X0*X1+X0*X2
[2026-04-24 04:37:17,598][dowhy.causal_model][INFO] - Model to find the causal effect of treatment ['X0'] on outcome ['X8']
[2026-04-24 04:37:17,599][dowhy.causal_identifier.auto_identifier][INFO] - Causal effect can be identified.
[2026-04-24 04:37:17,600][dowhy.causal_identifier.auto_identifier][INFO] - Instrumental variables for treatment and outcome:[]
[2026-04-24 04:37:17,604][dowhy.causal_identifier.auto_identifier][INFO] - Frontdoor variables for treatment and outcome:['X9', 'X5', 'X6']
[2026-04-24 04:37:17,606][dowhy.causal_identifier.auto_identifier][INFO] - Causal effect can be identified.
[2026-04-24 04:37:17,608][dowhy.causal_identifier.auto_identifier][INFO] - Causal effect can be identified.
[2026-04-24 04:37:17,609][dowhy.causal_model][INFO] - linear_regression
[2026-04-24 04:37:17,609][dowhy.causal_estimator][INFO] - INFO: Using Linear Regression Estimator
[2026-04-24 04:37:17,609][dowhy.causal_estimator][INFO] - b: X8~X0+X0*X3+X0*X1+X0*X2
[2026-04-24 04:37:17,617][dowhy.causal_model][INFO] - Model to find the causal effect of treatment ['X0'] on outcome ['X9']
[2026-04-24 04:37:17,619][dowhy.causal_identifier.auto_identifier][INFO] - Causal effect can be identified.
[2026-04-24 04:37:17,619][dowhy.causal_identifier.auto_identifier][INFO] - Instrumental variables for treatment and outcome:[]
[2026-04-24 04:37:17,625][dowhy.causal_identifier.auto_identifier][INFO] - Frontdoor variables for treatment and outcome:[]
[2026-04-24 04:37:17,625][dowhy.causal_model][INFO] - linear_regression
[2026-04-24 04:37:17,625][dowhy.causal_estimator][INFO] - INFO: Using Linear Regression Estimator
[2026-04-24 04:37:17,626][dowhy.causal_estimator][INFO] - b: X9~X0+X0*X1
[2026-04-24 04:37:17,634][dowhy.causal_model][INFO] - Model to find the causal effect of treatment ['X0'] on outcome ['X10']
[2026-04-24 04:37:17,636][dowhy.causal_identifier.auto_identifier][INFO] - Causal effect can be identified.
[2026-04-24 04:37:17,637][dowhy.causal_identifier.auto_identifier][INFO] - Instrumental variables for treatment and outcome:[]
[2026-04-24 04:37:17,648][dowhy.causal_identifier.auto_identifier][INFO] - Frontdoor variables for treatment and outcome:['X9', 'X5', 'X6']
[2026-04-24 04:37:17,649][dowhy.causal_identifier.auto_identifier][INFO] - Causal effect can be identified.
[2026-04-24 04:37:17,651][dowhy.causal_identifier.auto_identifier][INFO] - Causal effect can be identified.
[2026-04-24 04:37:17,652][dowhy.causal_model][INFO] - linear_regression
[2026-04-24 04:37:17,652][dowhy.causal_estimator][INFO] - INFO: Using Linear Regression Estimator
[2026-04-24 04:37:17,652][dowhy.causal_estimator][INFO] - b: X10~X0+X0*X3+X0*X1+X0*X2
[2026-04-24 04:37:17,660][dowhy.causal_model][INFO] - Model to find the causal effect of treatment ['X0'] on outcome ['X11']
[2026-04-24 04:37:17,661][dowhy.causal_identifier.auto_identifier][INFO] - Causal effect can be identified.
[2026-04-24 04:37:17,662][dowhy.causal_identifier.auto_identifier][INFO] - Instrumental variables for treatment and outcome:[]
[2026-04-24 04:37:17,665][dowhy.causal_identifier.auto_identifier][INFO] - Frontdoor variables for treatment and outcome:['X7', 'X9', 'X5', 'X10', 'X8', 'X6']
[2026-04-24 04:37:17,667][dowhy.causal_identifier.auto_identifier][INFO] - Causal effect can be identified.
[2026-04-24 04:37:17,669][dowhy.causal_identifier.auto_identifier][INFO] - Causal effect can be identified.
[2026-04-24 04:37:17,670][dowhy.causal_model][INFO] - linear_regression
[2026-04-24 04:37:17,670][dowhy.causal_estimator][INFO] - INFO: Using Linear Regression Estimator
[2026-04-24 04:37:17,670][dowhy.causal_estimator][INFO] - b: X11~X0+X0*X3+X0*X4+X0*X1+X0*X2
[2026-04-24 04:37:17,714][dowhy.causal_model][INFO] - Model to find the causal effect of treatment ['X1'] on outcome ['X0']
[2026-04-24 04:37:17,715][dowhy.causal_identifier.auto_identifier][WARNING] - No directed path from treatment to outcome. Causal Effect is zero.
[2026-04-24 04:37:17,715][dowhy.causal_model][INFO] - linear_regression
[2026-04-24 04:37:17,715][dowhy.causal_estimator][INFO] - INFO: Using Linear Regression Estimator
[2026-04-24 04:37:17,715][dowhy.causal_estimator][WARNING] - No directed path from ['X1'] to ['X0'].
[2026-04-24 04:37:17,717][dowhy.causal_model][INFO] - Model to find the causal effect of treatment ['X1'] on outcome ['X2']
[2026-04-24 04:37:17,717][dowhy.causal_identifier.auto_identifier][WARNING] - No directed path from treatment to outcome. Causal Effect is zero.
[2026-04-24 04:37:17,717][dowhy.causal_model][INFO] - linear_regression
[2026-04-24 04:37:17,717][dowhy.causal_estimator][INFO] - INFO: Using Linear Regression Estimator
[2026-04-24 04:37:17,717][dowhy.causal_estimator][WARNING] - No directed path from ['X1'] to ['X2'].
[2026-04-24 04:37:17,719][dowhy.causal_model][INFO] - Model to find the causal effect of treatment ['X1'] on outcome ['X3']
[2026-04-24 04:37:17,719][dowhy.causal_identifier.auto_identifier][WARNING] - No directed path from treatment to outcome. Causal Effect is zero.
[2026-04-24 04:37:17,719][dowhy.causal_model][INFO] - linear_regression
[2026-04-24 04:37:17,719][dowhy.causal_estimator][INFO] - INFO: Using Linear Regression Estimator
[2026-04-24 04:37:17,719][dowhy.causal_estimator][WARNING] - No directed path from ['X1'] to ['X3'].
[2026-04-24 04:37:17,721][dowhy.causal_model][INFO] - Model to find the causal effect of treatment ['X1'] on outcome ['X4']
[2026-04-24 04:37:17,721][dowhy.causal_identifier.auto_identifier][WARNING] - No directed path from treatment to outcome. Causal Effect is zero.
[2026-04-24 04:37:17,721][dowhy.causal_model][INFO] - linear_regression
[2026-04-24 04:37:17,721][dowhy.causal_estimator][INFO] - INFO: Using Linear Regression Estimator
[2026-04-24 04:37:17,721][dowhy.causal_estimator][WARNING] - No directed path from ['X1'] to ['X4'].
[2026-04-24 04:37:17,723][dowhy.causal_model][INFO] - Model to find the causal effect of treatment ['X1'] on outcome ['X5']
[2026-04-24 04:37:17,724][dowhy.causal_identifier.auto_identifier][INFO] - Causal effect can be identified.
[2026-04-24 04:37:17,725][dowhy.causal_identifier.auto_identifier][INFO] - Instrumental variables for treatment and outcome:[]
[2026-04-24 04:37:17,725][dowhy.causal_identifier.auto_identifier][INFO] - Frontdoor variables for treatment and outcome:[]
[2026-04-24 04:37:17,725][dowhy.causal_model][INFO] - linear_regression
[2026-04-24 04:37:17,725][dowhy.causal_estimator][INFO] - INFO: Using Linear Regression Estimator
[2026-04-24 04:37:17,725][dowhy.causal_estimator][INFO] - b: X5~X1+X1*X0
[2026-04-24 04:37:17,733][dowhy.causal_model][INFO] - Model to find the causal effect of treatment ['X1'] on outcome ['X6']
[2026-04-24 04:37:17,734][dowhy.causal_identifier.auto_identifier][INFO] - Causal effect can be identified.
[2026-04-24 04:37:17,735][dowhy.causal_identifier.auto_identifier][INFO] - Instrumental variables for treatment and outcome:[]
[2026-04-24 04:37:17,735][dowhy.causal_identifier.auto_identifier][INFO] - Frontdoor variables for treatment and outcome:[]
[2026-04-24 04:37:17,735][dowhy.causal_model][INFO] - linear_regression
[2026-04-24 04:37:17,735][dowhy.causal_estimator][INFO] - INFO: Using Linear Regression Estimator
[2026-04-24 04:37:17,736][dowhy.causal_estimator][INFO] - b: X6~X1+X1*X0
[2026-04-24 04:37:17,743][dowhy.causal_model][INFO] - Model to find the causal effect of treatment ['X1'] on outcome ['X7']
[2026-04-24 04:37:17,744][dowhy.causal_identifier.auto_identifier][INFO] - Causal effect can be identified.
[2026-04-24 04:37:17,745][dowhy.causal_identifier.auto_identifier][INFO] - Instrumental variables for treatment and outcome:[]
[2026-04-24 04:37:17,746][dowhy.causal_identifier.auto_identifier][INFO] - Frontdoor variables for treatment and outcome:['X9', 'X5', 'X6']
[2026-04-24 04:37:17,748][dowhy.causal_identifier.auto_identifier][INFO] - Causal effect can be identified.
[2026-04-24 04:37:17,750][dowhy.causal_identifier.auto_identifier][INFO] - Causal effect can be identified.
[2026-04-24 04:37:17,750][dowhy.causal_model][INFO] - linear_regression
[2026-04-24 04:37:17,750][dowhy.causal_estimator][INFO] - INFO: Using Linear Regression Estimator
[2026-04-24 04:37:17,751][dowhy.causal_estimator][INFO] - b: X7~X1+X1*X0+X1*X3+X1*X2
[2026-04-24 04:37:17,759][dowhy.causal_model][INFO] - Model to find the causal effect of treatment ['X1'] on outcome ['X8']
[2026-04-24 04:37:17,760][dowhy.causal_identifier.auto_identifier][INFO] - Causal effect can be identified.
[2026-04-24 04:37:17,760][dowhy.causal_identifier.auto_identifier][INFO] - Instrumental variables for treatment and outcome:[]
[2026-04-24 04:37:17,765][dowhy.causal_identifier.auto_identifier][INFO] - Frontdoor variables for treatment and outcome:['X9', 'X5', 'X6']
[2026-04-24 04:37:17,766][dowhy.causal_identifier.auto_identifier][INFO] - Causal effect can be identified.
[2026-04-24 04:37:17,768][dowhy.causal_identifier.auto_identifier][INFO] - Causal effect can be identified.
[2026-04-24 04:37:17,769][dowhy.causal_model][INFO] - linear_regression
[2026-04-24 04:37:17,769][dowhy.causal_estimator][INFO] - INFO: Using Linear Regression Estimator
[2026-04-24 04:37:17,769][dowhy.causal_estimator][INFO] - b: X8~X1+X1*X0+X1*X3+X1*X2
[2026-04-24 04:37:17,778][dowhy.causal_model][INFO] - Model to find the causal effect of treatment ['X1'] on outcome ['X9']
[2026-04-24 04:37:17,779][dowhy.causal_identifier.auto_identifier][INFO] - Causal effect can be identified.
[2026-04-24 04:37:17,779][dowhy.causal_identifier.auto_identifier][INFO] - Instrumental variables for treatment and outcome:[]
[2026-04-24 04:37:17,785][dowhy.causal_identifier.auto_identifier][INFO] - Frontdoor variables for treatment and outcome:[]
[2026-04-24 04:37:17,786][dowhy.causal_model][INFO] - linear_regression
[2026-04-24 04:37:17,786][dowhy.causal_estimator][INFO] - INFO: Using Linear Regression Estimator
[2026-04-24 04:37:17,786][dowhy.causal_estimator][INFO] - b: X9~X1+X1*X0
[2026-04-24 04:37:17,794][dowhy.causal_model][INFO] - Model to find the causal effect of treatment ['X1'] on outcome ['X10']
[2026-04-24 04:37:17,796][dowhy.causal_identifier.auto_identifier][INFO] - Causal effect can be identified.
[2026-04-24 04:37:17,796][dowhy.causal_identifier.auto_identifier][INFO] - Instrumental variables for treatment and outcome:[]
[2026-04-24 04:37:17,808][dowhy.causal_identifier.auto_identifier][INFO] - Frontdoor variables for treatment and outcome:['X9', 'X5', 'X6']
[2026-04-24 04:37:17,809][dowhy.causal_identifier.auto_identifier][INFO] - Causal effect can be identified.
[2026-04-24 04:37:17,812][dowhy.causal_identifier.auto_identifier][INFO] - Causal effect can be identified.
[2026-04-24 04:37:17,813][dowhy.causal_model][INFO] - linear_regression
[2026-04-24 04:37:17,813][dowhy.causal_estimator][INFO] - INFO: Using Linear Regression Estimator
[2026-04-24 04:37:17,813][dowhy.causal_estimator][INFO] - b: X10~X1+X1*X0+X1*X3+X1*X2
[2026-04-24 04:37:17,822][dowhy.causal_model][INFO] - Model to find the causal effect of treatment ['X1'] on outcome ['X11']
[2026-04-24 04:37:17,824][dowhy.causal_identifier.auto_identifier][INFO] - Causal effect can be identified.
[2026-04-24 04:37:17,825][dowhy.causal_identifier.auto_identifier][INFO] - Instrumental variables for treatment and outcome:[]
[2026-04-24 04:37:17,828][dowhy.causal_identifier.auto_identifier][INFO] - Frontdoor variables for treatment and outcome:['X7', 'X9', 'X5', 'X10', 'X8', 'X6']
[2026-04-24 04:37:17,830][dowhy.causal_identifier.auto_identifier][INFO] - Causal effect can be identified.
[2026-04-24 04:37:17,832][dowhy.causal_identifier.auto_identifier][INFO] - Causal effect can be identified.
[2026-04-24 04:37:17,833][dowhy.causal_model][INFO] - linear_regression
[2026-04-24 04:37:17,834][dowhy.causal_estimator][INFO] - INFO: Using Linear Regression Estimator
[2026-04-24 04:37:17,834][dowhy.causal_estimator][INFO] - b: X11~X1+X1*X4+X1*X3+X1*X2+X1*X0
[2026-04-24 04:37:17,881][dowhy.causal_model][INFO] - Model to find the causal effect of treatment ['X2'] on outcome ['X0']
[2026-04-24 04:37:17,881][dowhy.causal_identifier.auto_identifier][WARNING] - No directed path from treatment to outcome. Causal Effect is zero.
[2026-04-24 04:37:17,881][dowhy.causal_model][INFO] - linear_regression
[2026-04-24 04:37:17,881][dowhy.causal_estimator][INFO] - INFO: Using Linear Regression Estimator
[2026-04-24 04:37:17,881][dowhy.causal_estimator][WARNING] - No directed path from ['X2'] to ['X0'].
[2026-04-24 04:37:17,883][dowhy.causal_model][INFO] - Model to find the causal effect of treatment ['X2'] on outcome ['X1']
[2026-04-24 04:37:17,883][dowhy.causal_identifier.auto_identifier][WARNING] - No directed path from treatment to outcome. Causal Effect is zero.
[2026-04-24 04:37:17,884][dowhy.causal_model][INFO] - linear_regression
[2026-04-24 04:37:17,884][dowhy.causal_estimator][INFO] - INFO: Using Linear Regression Estimator
[2026-04-24 04:37:17,884][dowhy.causal_estimator][WARNING] - No directed path from ['X2'] to ['X1'].
[2026-04-24 04:37:17,885][dowhy.causal_model][INFO] - Model to find the causal effect of treatment ['X2'] on outcome ['X3']
[2026-04-24 04:37:17,885][dowhy.causal_identifier.auto_identifier][WARNING] - No directed path from treatment to outcome. Causal Effect is zero.
[2026-04-24 04:37:17,885][dowhy.causal_model][INFO] - linear_regression
[2026-04-24 04:37:17,885][dowhy.causal_estimator][INFO] - INFO: Using Linear Regression Estimator
[2026-04-24 04:37:17,886][dowhy.causal_estimator][WARNING] - No directed path from ['X2'] to ['X3'].
[2026-04-24 04:37:17,887][dowhy.causal_model][INFO] - Model to find the causal effect of treatment ['X2'] on outcome ['X4']
[2026-04-24 04:37:17,887][dowhy.causal_identifier.auto_identifier][WARNING] - No directed path from treatment to outcome. Causal Effect is zero.
[2026-04-24 04:37:17,887][dowhy.causal_model][INFO] - linear_regression
[2026-04-24 04:37:17,887][dowhy.causal_estimator][INFO] - INFO: Using Linear Regression Estimator
[2026-04-24 04:37:17,887][dowhy.causal_estimator][WARNING] - No directed path from ['X2'] to ['X4'].
[2026-04-24 04:37:17,889][dowhy.causal_model][INFO] - Model to find the causal effect of treatment ['X2'] on outcome ['X5']
[2026-04-24 04:37:17,889][dowhy.causal_identifier.auto_identifier][WARNING] - No directed path from treatment to outcome. Causal Effect is zero.
[2026-04-24 04:37:17,889][dowhy.causal_model][INFO] - linear_regression
[2026-04-24 04:37:17,889][dowhy.causal_estimator][INFO] - INFO: Using Linear Regression Estimator
[2026-04-24 04:37:17,889][dowhy.causal_estimator][WARNING] - No directed path from ['X2'] to ['X5'].
[2026-04-24 04:37:17,891][dowhy.causal_model][INFO] - Model to find the causal effect of treatment ['X2'] on outcome ['X6']
[2026-04-24 04:37:17,891][dowhy.causal_identifier.auto_identifier][WARNING] - No directed path from treatment to outcome. Causal Effect is zero.
[2026-04-24 04:37:17,891][dowhy.causal_model][INFO] - linear_regression
[2026-04-24 04:37:17,891][dowhy.causal_estimator][INFO] - INFO: Using Linear Regression Estimator
[2026-04-24 04:37:17,891][dowhy.causal_estimator][WARNING] - No directed path from ['X2'] to ['X6'].
[2026-04-24 04:37:17,893][dowhy.causal_model][INFO] - Model to find the causal effect of treatment ['X2'] on outcome ['X7']
[2026-04-24 04:37:17,895][dowhy.causal_identifier.auto_identifier][INFO] - Causal effect can be identified.
[2026-04-24 04:37:17,896][dowhy.causal_identifier.auto_identifier][INFO] - Instrumental variables for treatment and outcome:[]
[2026-04-24 04:37:17,896][dowhy.causal_identifier.auto_identifier][INFO] - Frontdoor variables for treatment and outcome:[]
[2026-04-24 04:37:17,896][dowhy.causal_model][INFO] - linear_regression
[2026-04-24 04:37:17,896][dowhy.causal_estimator][INFO] - INFO: Using Linear Regression Estimator
[2026-04-24 04:37:17,896][dowhy.causal_estimator][INFO] - b: X7~X2+X2*X1+X2*X3+X2*X5+X2*X0+X2*X6
[2026-04-24 04:37:17,905][dowhy.causal_model][INFO] - Model to find the causal effect of treatment ['X2'] on outcome ['X8']
[2026-04-24 04:37:17,907][dowhy.causal_identifier.auto_identifier][INFO] - Causal effect can be identified.
[2026-04-24 04:37:17,908][dowhy.causal_identifier.auto_identifier][INFO] - Instrumental variables for treatment and outcome:[]
[2026-04-24 04:37:17,908][dowhy.causal_identifier.auto_identifier][INFO] - Frontdoor variables for treatment and outcome:[]
[2026-04-24 04:37:17,908][dowhy.causal_model][INFO] - linear_regression
[2026-04-24 04:37:17,908][dowhy.causal_estimator][INFO] - INFO: Using Linear Regression Estimator
[2026-04-24 04:37:17,909][dowhy.causal_estimator][INFO] - b: X8~X2+X2*X1+X2*X3+X2*X5+X2*X0+X2*X6
[2026-04-24 04:37:17,917][dowhy.causal_model][INFO] - Model to find the causal effect of treatment ['X2'] on outcome ['X9']
[2026-04-24 04:37:17,917][dowhy.causal_identifier.auto_identifier][WARNING] - No directed path from treatment to outcome. Causal Effect is zero.
[2026-04-24 04:37:17,917][dowhy.causal_model][INFO] - linear_regression
[2026-04-24 04:37:17,917][dowhy.causal_estimator][INFO] - INFO: Using Linear Regression Estimator
[2026-04-24 04:37:17,917][dowhy.causal_estimator][WARNING] - No directed path from ['X2'] to ['X9'].
[2026-04-24 04:37:17,919][dowhy.causal_model][INFO] - Model to find the causal effect of treatment ['X2'] on outcome ['X10']
[2026-04-24 04:37:17,921][dowhy.causal_identifier.auto_identifier][INFO] - Causal effect can be identified.
[2026-04-24 04:37:17,922][dowhy.causal_identifier.auto_identifier][INFO] - Instrumental variables for treatment and outcome:[]
[2026-04-24 04:37:17,922][dowhy.causal_identifier.auto_identifier][INFO] - Frontdoor variables for treatment and outcome:[]
[2026-04-24 04:37:17,922][dowhy.causal_model][INFO] - linear_regression
[2026-04-24 04:37:17,922][dowhy.causal_estimator][INFO] - INFO: Using Linear Regression Estimator
[2026-04-24 04:37:17,923][dowhy.causal_estimator][INFO] - b: X10~X2+X2*X1+X2*X3+X2*X5+X2*X0+X2*X6
[2026-04-24 04:37:17,931][dowhy.causal_model][INFO] - Model to find the causal effect of treatment ['X2'] on outcome ['X11']
[2026-04-24 04:37:17,934][dowhy.causal_identifier.auto_identifier][INFO] - Causal effect can be identified.
[2026-04-24 04:37:17,935][dowhy.causal_identifier.auto_identifier][INFO] - Instrumental variables for treatment and outcome:[]
[2026-04-24 04:37:17,936][dowhy.causal_identifier.auto_identifier][INFO] - Frontdoor variables for treatment and outcome:['X10', 'X8', 'X7']
[2026-04-24 04:37:17,938][dowhy.causal_identifier.auto_identifier][INFO] - Causal effect can be identified.
[2026-04-24 04:37:17,942][dowhy.causal_identifier.auto_identifier][INFO] - Causal effect can be identified.
[2026-04-24 04:37:17,943][dowhy.causal_model][INFO] - linear_regression
[2026-04-24 04:37:17,943][dowhy.causal_estimator][INFO] - INFO: Using Linear Regression Estimator
[2026-04-24 04:37:17,943][dowhy.causal_estimator][INFO] - b: X11~X2+X2*X4+X2*X1+X2*X3+X2*X5+X2*X0+X2*X6
[2026-04-24 04:37:17,987][dowhy.causal_model][INFO] - Model to find the causal effect of treatment ['X3'] on outcome ['X0']
[2026-04-24 04:37:17,987][dowhy.causal_identifier.auto_identifier][WARNING] - No directed path from treatment to outcome. Causal Effect is zero.
[2026-04-24 04:37:17,987][dowhy.causal_model][INFO] - linear_regression
[2026-04-24 04:37:17,987][dowhy.causal_estimator][INFO] - INFO: Using Linear Regression Estimator
[2026-04-24 04:37:17,987][dowhy.causal_estimator][WARNING] - No directed path from ['X3'] to ['X0'].
[2026-04-24 04:37:17,989][dowhy.causal_model][INFO] - Model to find the causal effect of treatment ['X3'] on outcome ['X1']
[2026-04-24 04:37:17,989][dowhy.causal_identifier.auto_identifier][WARNING] - No directed path from treatment to outcome. Causal Effect is zero.
[2026-04-24 04:37:17,989][dowhy.causal_model][INFO] - linear_regression
[2026-04-24 04:37:17,989][dowhy.causal_estimator][INFO] - INFO: Using Linear Regression Estimator
[2026-04-24 04:37:17,989][dowhy.causal_estimator][WARNING] - No directed path from ['X3'] to ['X1'].
[2026-04-24 04:37:17,991][dowhy.causal_model][INFO] - Model to find the causal effect of treatment ['X3'] on outcome ['X2']
[2026-04-24 04:37:17,991][dowhy.causal_identifier.auto_identifier][WARNING] - No directed path from treatment to outcome. Causal Effect is zero.
[2026-04-24 04:37:17,991][dowhy.causal_model][INFO] - linear_regression
[2026-04-24 04:37:17,991][dowhy.causal_estimator][INFO] - INFO: Using Linear Regression Estimator
[2026-04-24 04:37:17,991][dowhy.causal_estimator][WARNING] - No directed path from ['X3'] to ['X2'].
[2026-04-24 04:37:17,993][dowhy.causal_model][INFO] - Model to find the causal effect of treatment ['X3'] on outcome ['X4']
[2026-04-24 04:37:17,993][dowhy.causal_identifier.auto_identifier][WARNING] - No directed path from treatment to outcome. Causal Effect is zero.
[2026-04-24 04:37:17,993][dowhy.causal_model][INFO] - linear_regression
[2026-04-24 04:37:17,993][dowhy.causal_estimator][INFO] - INFO: Using Linear Regression Estimator
[2026-04-24 04:37:17,993][dowhy.causal_estimator][WARNING] - No directed path from ['X3'] to ['X4'].
[2026-04-24 04:37:17,995][dowhy.causal_model][INFO] - Model to find the causal effect of treatment ['X3'] on outcome ['X5']
[2026-04-24 04:37:17,995][dowhy.causal_identifier.auto_identifier][WARNING] - No directed path from treatment to outcome. Causal Effect is zero.
[2026-04-24 04:37:17,995][dowhy.causal_model][INFO] - linear_regression
[2026-04-24 04:37:17,995][dowhy.causal_estimator][INFO] - INFO: Using Linear Regression Estimator
[2026-04-24 04:37:17,995][dowhy.causal_estimator][WARNING] - No directed path from ['X3'] to ['X5'].
[2026-04-24 04:37:17,997][dowhy.causal_model][INFO] - Model to find the causal effect of treatment ['X3'] on outcome ['X6']
[2026-04-24 04:37:17,997][dowhy.causal_identifier.auto_identifier][WARNING] - No directed path from treatment to outcome. Causal Effect is zero.
[2026-04-24 04:37:17,997][dowhy.causal_model][INFO] - linear_regression
[2026-04-24 04:37:17,997][dowhy.causal_estimator][INFO] - INFO: Using Linear Regression Estimator
[2026-04-24 04:37:17,997][dowhy.causal_estimator][WARNING] - No directed path from ['X3'] to ['X6'].
[2026-04-24 04:37:17,999][dowhy.causal_model][INFO] - Model to find the causal effect of treatment ['X3'] on outcome ['X7']
[2026-04-24 04:37:18,001][dowhy.causal_identifier.auto_identifier][INFO] - Causal effect can be identified.
[2026-04-24 04:37:18,002][dowhy.causal_identifier.auto_identifier][INFO] - Instrumental variables for treatment and outcome:[]
[2026-04-24 04:37:18,002][dowhy.causal_identifier.auto_identifier][INFO] - Frontdoor variables for treatment and outcome:[]
[2026-04-24 04:37:18,002][dowhy.causal_model][INFO] - linear_regression
[2026-04-24 04:37:18,002][dowhy.causal_estimator][INFO] - INFO: Using Linear Regression Estimator
[2026-04-24 04:37:18,003][dowhy.causal_estimator][INFO] - b: X7~X3+X3*X1+X3*X2+X3*X5+X3*X0+X3*X6
[2026-04-24 04:37:18,012][dowhy.causal_model][INFO] - Model to find the causal effect of treatment ['X3'] on outcome ['X8']
[2026-04-24 04:37:18,014][dowhy.causal_identifier.auto_identifier][INFO] - Causal effect can be identified.
[2026-04-24 04:37:18,015][dowhy.causal_identifier.auto_identifier][INFO] - Instrumental variables for treatment and outcome:[]
[2026-04-24 04:37:18,015][dowhy.causal_identifier.auto_identifier][INFO] - Frontdoor variables for treatment and outcome:[]
[2026-04-24 04:37:18,015][dowhy.causal_model][INFO] - linear_regression
[2026-04-24 04:37:18,015][dowhy.causal_estimator][INFO] - INFO: Using Linear Regression Estimator
[2026-04-24 04:37:18,016][dowhy.causal_estimator][INFO] - b: X8~X3+X3*X1+X3*X2+X3*X5+X3*X0+X3*X6
[2026-04-24 04:37:18,024][dowhy.causal_model][INFO] - Model to find the causal effect of treatment ['X3'] on outcome ['X9']
[2026-04-24 04:37:18,025][dowhy.causal_identifier.auto_identifier][WARNING] - No directed path from treatment to outcome. Causal Effect is zero.
[2026-04-24 04:37:18,025][dowhy.causal_model][INFO] - linear_regression
[2026-04-24 04:37:18,025][dowhy.causal_estimator][INFO] - INFO: Using Linear Regression Estimator
[2026-04-24 04:37:18,025][dowhy.causal_estimator][WARNING] - No directed path from ['X3'] to ['X9'].
[2026-04-24 04:37:18,027][dowhy.causal_model][INFO] - Model to find the causal effect of treatment ['X3'] on outcome ['X10']
[2026-04-24 04:37:18,029][dowhy.causal_identifier.auto_identifier][INFO] - Causal effect can be identified.
[2026-04-24 04:37:18,030][dowhy.causal_identifier.auto_identifier][INFO] - Instrumental variables for treatment and outcome:[]
[2026-04-24 04:37:18,031][dowhy.causal_identifier.auto_identifier][INFO] - Frontdoor variables for treatment and outcome:[]
[2026-04-24 04:37:18,031][dowhy.causal_model][INFO] - linear_regression
[2026-04-24 04:37:18,031][dowhy.causal_estimator][INFO] - INFO: Using Linear Regression Estimator
[2026-04-24 04:37:18,031][dowhy.causal_estimator][INFO] - b: X10~X3+X3*X1+X3*X2+X3*X5+X3*X0+X3*X6
[2026-04-24 04:37:18,041][dowhy.causal_model][INFO] - Model to find the causal effect of treatment ['X3'] on outcome ['X11']
[2026-04-24 04:37:18,043][dowhy.causal_identifier.auto_identifier][INFO] - Causal effect can be identified.
[2026-04-24 04:37:18,044][dowhy.causal_identifier.auto_identifier][INFO] - Instrumental variables for treatment and outcome:[]
[2026-04-24 04:37:18,046][dowhy.causal_identifier.auto_identifier][INFO] - Frontdoor variables for treatment and outcome:['X10', 'X8', 'X7']
[2026-04-24 04:37:18,048][dowhy.causal_identifier.auto_identifier][INFO] - Causal effect can be identified.
[2026-04-24 04:37:18,051][dowhy.causal_identifier.auto_identifier][INFO] - Causal effect can be identified.
[2026-04-24 04:37:18,053][dowhy.causal_model][INFO] - linear_regression
[2026-04-24 04:37:18,053][dowhy.causal_estimator][INFO] - INFO: Using Linear Regression Estimator
[2026-04-24 04:37:18,053][dowhy.causal_estimator][INFO] - b: X11~X3+X3*X4+X3*X1+X3*X2+X3*X5+X3*X0+X3*X6
[2026-04-24 04:37:18,101][dowhy.causal_model][INFO] - Model to find the causal effect of treatment ['X4'] on outcome ['X0']
[2026-04-24 04:37:18,102][dowhy.causal_identifier.auto_identifier][WARNING] - No directed path from treatment to outcome. Causal Effect is zero.
[2026-04-24 04:37:18,102][dowhy.causal_model][INFO] - linear_regression
[2026-04-24 04:37:18,102][dowhy.causal_estimator][INFO] - INFO: Using Linear Regression Estimator
[2026-04-24 04:37:18,102][dowhy.causal_estimator][WARNING] - No directed path from ['X4'] to ['X0'].
[2026-04-24 04:37:18,104][dowhy.causal_model][INFO] - Model to find the causal effect of treatment ['X4'] on outcome ['X1']
[2026-04-24 04:37:18,104][dowhy.causal_identifier.auto_identifier][WARNING] - No directed path from treatment to outcome. Causal Effect is zero.
[2026-04-24 04:37:18,104][dowhy.causal_model][INFO] - linear_regression
[2026-04-24 04:37:18,104][dowhy.causal_estimator][INFO] - INFO: Using Linear Regression Estimator
[2026-04-24 04:37:18,104][dowhy.causal_estimator][WARNING] - No directed path from ['X4'] to ['X1'].
[2026-04-24 04:37:18,106][dowhy.causal_model][INFO] - Model to find the causal effect of treatment ['X4'] on outcome ['X2']
[2026-04-24 04:37:18,106][dowhy.causal_identifier.auto_identifier][WARNING] - No directed path from treatment to outcome. Causal Effect is zero.
[2026-04-24 04:37:18,106][dowhy.causal_model][INFO] - linear_regression
[2026-04-24 04:37:18,106][dowhy.causal_estimator][INFO] - INFO: Using Linear Regression Estimator
[2026-04-24 04:37:18,106][dowhy.causal_estimator][WARNING] - No directed path from ['X4'] to ['X2'].
[2026-04-24 04:37:18,107][dowhy.causal_model][INFO] - Model to find the causal effect of treatment ['X4'] on outcome ['X3']
[2026-04-24 04:37:18,107][dowhy.causal_identifier.auto_identifier][WARNING] - No directed path from treatment to outcome. Causal Effect is zero.
[2026-04-24 04:37:18,108][dowhy.causal_model][INFO] - linear_regression
[2026-04-24 04:37:18,108][dowhy.causal_estimator][INFO] - INFO: Using Linear Regression Estimator
[2026-04-24 04:37:18,108][dowhy.causal_estimator][WARNING] - No directed path from ['X4'] to ['X3'].
[2026-04-24 04:37:18,109][dowhy.causal_model][INFO] - Model to find the causal effect of treatment ['X4'] on outcome ['X5']
[2026-04-24 04:37:18,109][dowhy.causal_identifier.auto_identifier][WARNING] - No directed path from treatment to outcome. Causal Effect is zero.
[2026-04-24 04:37:18,109][dowhy.causal_model][INFO] - linear_regression
[2026-04-24 04:37:18,109][dowhy.causal_estimator][INFO] - INFO: Using Linear Regression Estimator
[2026-04-24 04:37:18,109][dowhy.causal_estimator][WARNING] - No directed path from ['X4'] to ['X5'].
[2026-04-24 04:37:18,111][dowhy.causal_model][INFO] - Model to find the causal effect of treatment ['X4'] on outcome ['X6']
[2026-04-24 04:37:18,111][dowhy.causal_identifier.auto_identifier][WARNING] - No directed path from treatment to outcome. Causal Effect is zero.
[2026-04-24 04:37:18,111][dowhy.causal_model][INFO] - linear_regression
[2026-04-24 04:37:18,111][dowhy.causal_estimator][INFO] - INFO: Using Linear Regression Estimator
[2026-04-24 04:37:18,111][dowhy.causal_estimator][WARNING] - No directed path from ['X4'] to ['X6'].
[2026-04-24 04:37:18,113][dowhy.causal_model][INFO] - Model to find the causal effect of treatment ['X4'] on outcome ['X7']
[2026-04-24 04:37:18,113][dowhy.causal_identifier.auto_identifier][WARNING] - No directed path from treatment to outcome. Causal Effect is zero.
[2026-04-24 04:37:18,113][dowhy.causal_model][INFO] - linear_regression
[2026-04-24 04:37:18,113][dowhy.causal_estimator][INFO] - INFO: Using Linear Regression Estimator
[2026-04-24 04:37:18,113][dowhy.causal_estimator][WARNING] - No directed path from ['X4'] to ['X7'].
[2026-04-24 04:37:18,115][dowhy.causal_model][INFO] - Model to find the causal effect of treatment ['X4'] on outcome ['X8']
[2026-04-24 04:37:18,115][dowhy.causal_identifier.auto_identifier][WARNING] - No directed path from treatment to outcome. Causal Effect is zero.
[2026-04-24 04:37:18,115][dowhy.causal_model][INFO] - linear_regression
[2026-04-24 04:37:18,115][dowhy.causal_estimator][INFO] - INFO: Using Linear Regression Estimator
[2026-04-24 04:37:18,115][dowhy.causal_estimator][WARNING] - No directed path from ['X4'] to ['X8'].
[2026-04-24 04:37:18,117][dowhy.causal_model][INFO] - Model to find the causal effect of treatment ['X4'] on outcome ['X9']
[2026-04-24 04:37:18,117][dowhy.causal_identifier.auto_identifier][WARNING] - No directed path from treatment to outcome. Causal Effect is zero.
[2026-04-24 04:37:18,117][dowhy.causal_model][INFO] - linear_regression
[2026-04-24 04:37:18,117][dowhy.causal_estimator][INFO] - INFO: Using Linear Regression Estimator
[2026-04-24 04:37:18,117][dowhy.causal_estimator][WARNING] - No directed path from ['X4'] to ['X9'].
[2026-04-24 04:37:18,119][dowhy.causal_model][INFO] - Model to find the causal effect of treatment ['X4'] on outcome ['X10']
[2026-04-24 04:37:18,119][dowhy.causal_identifier.auto_identifier][WARNING] - No directed path from treatment to outcome. Causal Effect is zero.
[2026-04-24 04:37:18,119][dowhy.causal_model][INFO] - linear_regression
[2026-04-24 04:37:18,119][dowhy.causal_estimator][INFO] - INFO: Using Linear Regression Estimator
[2026-04-24 04:37:18,119][dowhy.causal_estimator][WARNING] - No directed path from ['X4'] to ['X10'].
[2026-04-24 04:37:18,120][dowhy.causal_model][INFO] - Model to find the causal effect of treatment ['X4'] on outcome ['X11']
[2026-04-24 04:37:18,123][dowhy.causal_identifier.auto_identifier][INFO] - Causal effect can be identified.
[2026-04-24 04:37:18,125][dowhy.causal_identifier.auto_identifier][INFO] - Instrumental variables for treatment and outcome:[]
[2026-04-24 04:37:18,125][dowhy.causal_identifier.auto_identifier][INFO] - Frontdoor variables for treatment and outcome:[]
[2026-04-24 04:37:18,125][dowhy.causal_model][INFO] - linear_regression
[2026-04-24 04:37:18,125][dowhy.causal_estimator][INFO] - INFO: Using Linear Regression Estimator
[2026-04-24 04:37:18,125][dowhy.causal_estimator][INFO] - b: X11~X4+X4*X1+X4*X2+X4*X3+X4*X5+X4*X8+X4*X7+X4*X0+X4*X6
[2026-04-24 04:37:18,168][dowhy.causal_model][INFO] - Model to find the causal effect of treatment ['X5'] on outcome ['X0']
[2026-04-24 04:37:18,168][dowhy.causal_identifier.auto_identifier][WARNING] - No directed path from treatment to outcome. Causal Effect is zero.
[2026-04-24 04:37:18,168][dowhy.causal_model][INFO] - linear_regression
[2026-04-24 04:37:18,168][dowhy.causal_estimator][INFO] - INFO: Using Linear Regression Estimator
[2026-04-24 04:37:18,168][dowhy.causal_estimator][WARNING] - No directed path from ['X5'] to ['X0'].
[2026-04-24 04:37:18,169][dowhy.causal_model][INFO] - Model to find the causal effect of treatment ['X5'] on outcome ['X1']
[2026-04-24 04:37:18,170][dowhy.causal_identifier.auto_identifier][WARNING] - No directed path from treatment to outcome. Causal Effect is zero.
[2026-04-24 04:37:18,170][dowhy.causal_model][INFO] - linear_regression
[2026-04-24 04:37:18,170][dowhy.causal_estimator][INFO] - INFO: Using Linear Regression Estimator
[2026-04-24 04:37:18,170][dowhy.causal_estimator][WARNING] - No directed path from ['X5'] to ['X1'].
[2026-04-24 04:37:18,171][dowhy.causal_model][INFO] - Model to find the causal effect of treatment ['X5'] on outcome ['X2']
[2026-04-24 04:37:18,171][dowhy.causal_identifier.auto_identifier][WARNING] - No directed path from treatment to outcome. Causal Effect is zero.
[2026-04-24 04:37:18,171][dowhy.causal_model][INFO] - linear_regression
[2026-04-24 04:37:18,171][dowhy.causal_estimator][INFO] - INFO: Using Linear Regression Estimator
[2026-04-24 04:37:18,171][dowhy.causal_estimator][WARNING] - No directed path from ['X5'] to ['X2'].
[2026-04-24 04:37:18,173][dowhy.causal_model][INFO] - Model to find the causal effect of treatment ['X5'] on outcome ['X3']
[2026-04-24 04:37:18,173][dowhy.causal_identifier.auto_identifier][WARNING] - No directed path from treatment to outcome. Causal Effect is zero.
[2026-04-24 04:37:18,173][dowhy.causal_model][INFO] - linear_regression
[2026-04-24 04:37:18,173][dowhy.causal_estimator][INFO] - INFO: Using Linear Regression Estimator
[2026-04-24 04:37:18,173][dowhy.causal_estimator][WARNING] - No directed path from ['X5'] to ['X3'].
[2026-04-24 04:37:18,175][dowhy.causal_model][INFO] - Model to find the causal effect of treatment ['X5'] on outcome ['X4']
[2026-04-24 04:37:18,175][dowhy.causal_identifier.auto_identifier][WARNING] - No directed path from treatment to outcome. Causal Effect is zero.
[2026-04-24 04:37:18,175][dowhy.causal_model][INFO] - linear_regression
[2026-04-24 04:37:18,175][dowhy.causal_estimator][INFO] - INFO: Using Linear Regression Estimator
[2026-04-24 04:37:18,175][dowhy.causal_estimator][WARNING] - No directed path from ['X5'] to ['X4'].
[2026-04-24 04:37:18,177][dowhy.causal_model][INFO] - Model to find the causal effect of treatment ['X5'] on outcome ['X6']
[2026-04-24 04:37:18,178][dowhy.causal_identifier.auto_identifier][INFO] - Causal effect can be identified.
[2026-04-24 04:37:18,179][dowhy.causal_identifier.auto_identifier][INFO] - Instrumental variables for treatment and outcome:['X0']
[2026-04-24 04:37:18,179][dowhy.causal_identifier.auto_identifier][INFO] - Frontdoor variables for treatment and outcome:[]
[2026-04-24 04:37:18,179][dowhy.causal_model][INFO] - linear_regression
[2026-04-24 04:37:18,179][dowhy.causal_estimator][INFO] - INFO: Using Linear Regression Estimator
[2026-04-24 04:37:18,179][dowhy.causal_estimator][INFO] - b: X6~X5+X1
[2026-04-24 04:37:18,187][dowhy.causal_model][INFO] - Model to find the causal effect of treatment ['X5'] on outcome ['X7']
[2026-04-24 04:37:18,189][dowhy.causal_identifier.auto_identifier][INFO] - Causal effect can be identified.
[2026-04-24 04:37:18,189][dowhy.causal_identifier.auto_identifier][INFO] - Instrumental variables for treatment and outcome:['X0']
[2026-04-24 04:37:18,190][dowhy.causal_identifier.auto_identifier][INFO] - Frontdoor variables for treatment and outcome:[]
[2026-04-24 04:37:18,190][dowhy.causal_model][INFO] - linear_regression
[2026-04-24 04:37:18,190][dowhy.causal_estimator][INFO] - INFO: Using Linear Regression Estimator
[2026-04-24 04:37:18,190][dowhy.causal_estimator][INFO] - b: X7~X5+X1+X5*X3+X5*X2
[2026-04-24 04:37:18,199][dowhy.causal_model][INFO] - Model to find the causal effect of treatment ['X5'] on outcome ['X8']
[2026-04-24 04:37:18,201][dowhy.causal_identifier.auto_identifier][INFO] - Causal effect can be identified.
[2026-04-24 04:37:18,201][dowhy.causal_identifier.auto_identifier][INFO] - Instrumental variables for treatment and outcome:['X0']
[2026-04-24 04:37:18,204][dowhy.causal_identifier.auto_identifier][INFO] - Frontdoor variables for treatment and outcome:[]
[2026-04-24 04:37:18,204][dowhy.causal_model][INFO] - linear_regression
[2026-04-24 04:37:18,204][dowhy.causal_estimator][INFO] - INFO: Using Linear Regression Estimator
[2026-04-24 04:37:18,205][dowhy.causal_estimator][INFO] - b: X8~X5+X1+X5*X3+X5*X2
[2026-04-24 04:37:18,215][dowhy.causal_model][INFO] - Model to find the causal effect of treatment ['X5'] on outcome ['X9']
[2026-04-24 04:37:18,217][dowhy.causal_identifier.auto_identifier][INFO] - Causal effect can be identified.
[2026-04-24 04:37:18,217][dowhy.causal_identifier.auto_identifier][INFO] - Instrumental variables for treatment and outcome:['X1']
[2026-04-24 04:37:18,220][dowhy.causal_identifier.auto_identifier][INFO] - Frontdoor variables for treatment and outcome:[]
[2026-04-24 04:37:18,220][dowhy.causal_model][INFO] - linear_regression
[2026-04-24 04:37:18,220][dowhy.causal_estimator][INFO] - INFO: Using Linear Regression Estimator
[2026-04-24 04:37:18,221][dowhy.causal_estimator][INFO] - b: X9~X5+X0
[2026-04-24 04:37:18,229][dowhy.causal_model][INFO] - Model to find the causal effect of treatment ['X5'] on outcome ['X10']
[2026-04-24 04:37:18,231][dowhy.causal_identifier.auto_identifier][INFO] - Causal effect can be identified.
[2026-04-24 04:37:18,232][dowhy.causal_identifier.auto_identifier][INFO] - Instrumental variables for treatment and outcome:['X0']
[2026-04-24 04:37:18,237][dowhy.causal_identifier.auto_identifier][INFO] - Frontdoor variables for treatment and outcome:[]
[2026-04-24 04:37:18,237][dowhy.causal_model][INFO] - linear_regression
[2026-04-24 04:37:18,237][dowhy.causal_estimator][INFO] - INFO: Using Linear Regression Estimator
[2026-04-24 04:37:18,238][dowhy.causal_estimator][INFO] - b: X10~X5+X1+X5*X3+X5*X2
[2026-04-24 04:37:18,247][dowhy.causal_model][INFO] - Model to find the causal effect of treatment ['X5'] on outcome ['X11']
[2026-04-24 04:37:18,249][dowhy.causal_identifier.auto_identifier][INFO] - Causal effect can be identified.
[2026-04-24 04:37:18,250][dowhy.causal_identifier.auto_identifier][INFO] - Instrumental variables for treatment and outcome:['X0']
[2026-04-24 04:37:18,256][dowhy.causal_identifier.auto_identifier][INFO] - Frontdoor variables for treatment and outcome:[]
[2026-04-24 04:37:18,256][dowhy.causal_model][INFO] - linear_regression
[2026-04-24 04:37:18,257][dowhy.causal_estimator][INFO] - INFO: Using Linear Regression Estimator
[2026-04-24 04:37:18,257][dowhy.causal_estimator][INFO] - b: X11~X5+X1+X5*X4+X5*X3+X5*X2
[2026-04-24 04:37:18,308][dowhy.causal_model][INFO] - Model to find the causal effect of treatment ['X6'] on outcome ['X0']
[2026-04-24 04:37:18,308][dowhy.causal_identifier.auto_identifier][WARNING] - No directed path from treatment to outcome. Causal Effect is zero.
[2026-04-24 04:37:18,308][dowhy.causal_model][INFO] - linear_regression
[2026-04-24 04:37:18,309][dowhy.causal_estimator][INFO] - INFO: Using Linear Regression Estimator
[2026-04-24 04:37:18,309][dowhy.causal_estimator][WARNING] - No directed path from ['X6'] to ['X0'].
[2026-04-24 04:37:18,310][dowhy.causal_model][INFO] - Model to find the causal effect of treatment ['X6'] on outcome ['X1']
[2026-04-24 04:37:18,310][dowhy.causal_identifier.auto_identifier][WARNING] - No directed path from treatment to outcome. Causal Effect is zero.
[2026-04-24 04:37:18,311][dowhy.causal_model][INFO] - linear_regression
[2026-04-24 04:37:18,311][dowhy.causal_estimator][INFO] - INFO: Using Linear Regression Estimator
[2026-04-24 04:37:18,311][dowhy.causal_estimator][WARNING] - No directed path from ['X6'] to ['X1'].
[2026-04-24 04:37:18,312][dowhy.causal_model][INFO] - Model to find the causal effect of treatment ['X6'] on outcome ['X2']
[2026-04-24 04:37:18,312][dowhy.causal_identifier.auto_identifier][WARNING] - No directed path from treatment to outcome. Causal Effect is zero.
[2026-04-24 04:37:18,312][dowhy.causal_model][INFO] - linear_regression
[2026-04-24 04:37:18,312][dowhy.causal_estimator][INFO] - INFO: Using Linear Regression Estimator
[2026-04-24 04:37:18,312][dowhy.causal_estimator][WARNING] - No directed path from ['X6'] to ['X2'].
[2026-04-24 04:37:18,314][dowhy.causal_model][INFO] - Model to find the causal effect of treatment ['X6'] on outcome ['X3']
[2026-04-24 04:37:18,314][dowhy.causal_identifier.auto_identifier][WARNING] - No directed path from treatment to outcome. Causal Effect is zero.
[2026-04-24 04:37:18,314][dowhy.causal_model][INFO] - linear_regression
[2026-04-24 04:37:18,314][dowhy.causal_estimator][INFO] - INFO: Using Linear Regression Estimator
[2026-04-24 04:37:18,314][dowhy.causal_estimator][WARNING] - No directed path from ['X6'] to ['X3'].
[2026-04-24 04:37:18,316][dowhy.causal_model][INFO] - Model to find the causal effect of treatment ['X6'] on outcome ['X4']
[2026-04-24 04:37:18,316][dowhy.causal_identifier.auto_identifier][WARNING] - No directed path from treatment to outcome. Causal Effect is zero.
[2026-04-24 04:37:18,316][dowhy.causal_model][INFO] - linear_regression
[2026-04-24 04:37:18,316][dowhy.causal_estimator][INFO] - INFO: Using Linear Regression Estimator
[2026-04-24 04:37:18,316][dowhy.causal_estimator][WARNING] - No directed path from ['X6'] to ['X4'].
[2026-04-24 04:37:18,318][dowhy.causal_model][INFO] - Model to find the causal effect of treatment ['X6'] on outcome ['X5']
[2026-04-24 04:37:18,318][dowhy.causal_identifier.auto_identifier][WARNING] - No directed path from treatment to outcome. Causal Effect is zero.
[2026-04-24 04:37:18,318][dowhy.causal_model][INFO] - linear_regression
[2026-04-24 04:37:18,318][dowhy.causal_estimator][INFO] - INFO: Using Linear Regression Estimator
[2026-04-24 04:37:18,318][dowhy.causal_estimator][WARNING] - No directed path from ['X6'] to ['X5'].
[2026-04-24 04:37:18,320][dowhy.causal_model][INFO] - Model to find the causal effect of treatment ['X6'] on outcome ['X7']
[2026-04-24 04:37:18,322][dowhy.causal_identifier.auto_identifier][INFO] - Causal effect can be identified.
[2026-04-24 04:37:18,323][dowhy.causal_identifier.auto_identifier][INFO] - Instrumental variables for treatment and outcome:['X1', 'X5']
[2026-04-24 04:37:18,323][dowhy.causal_identifier.auto_identifier][INFO] - Frontdoor variables for treatment and outcome:[]
[2026-04-24 04:37:18,323][dowhy.causal_model][INFO] - linear_regression
[2026-04-24 04:37:18,323][dowhy.causal_estimator][INFO] - INFO: Using Linear Regression Estimator
[2026-04-24 04:37:18,324][dowhy.causal_estimator][INFO] - b: X7~X6+X6*X3+X6*X2
[2026-04-24 04:37:18,331][dowhy.causal_model][INFO] - Model to find the causal effect of treatment ['X6'] on outcome ['X8']
[2026-04-24 04:37:18,334][dowhy.causal_identifier.auto_identifier][INFO] - Causal effect can be identified.
[2026-04-24 04:37:18,334][dowhy.causal_identifier.auto_identifier][INFO] - Instrumental variables for treatment and outcome:['X1', 'X5']
[2026-04-24 04:37:18,335][dowhy.causal_identifier.auto_identifier][INFO] - Frontdoor variables for treatment and outcome:[]
[2026-04-24 04:37:18,335][dowhy.causal_model][INFO] - linear_regression
[2026-04-24 04:37:18,335][dowhy.causal_estimator][INFO] - INFO: Using Linear Regression Estimator
[2026-04-24 04:37:18,335][dowhy.causal_estimator][INFO] - b: X8~X6+X6*X3+X6*X2
[2026-04-24 04:37:18,343][dowhy.causal_model][INFO] - Model to find the causal effect of treatment ['X6'] on outcome ['X9']
[2026-04-24 04:37:18,343][dowhy.causal_identifier.auto_identifier][WARNING] - No directed path from treatment to outcome. Causal Effect is zero.
[2026-04-24 04:37:18,343][dowhy.causal_model][INFO] - linear_regression
[2026-04-24 04:37:18,343][dowhy.causal_estimator][INFO] - INFO: Using Linear Regression Estimator
[2026-04-24 04:37:18,343][dowhy.causal_estimator][WARNING] - No directed path from ['X6'] to ['X9'].
[2026-04-24 04:37:18,345][dowhy.causal_model][INFO] - Model to find the causal effect of treatment ['X6'] on outcome ['X10']
[2026-04-24 04:37:18,347][dowhy.causal_identifier.auto_identifier][INFO] - Causal effect can be identified.
[2026-04-24 04:37:18,348][dowhy.causal_identifier.auto_identifier][INFO] - Instrumental variables for treatment and outcome:['X1', 'X5']
[2026-04-24 04:37:18,349][dowhy.causal_identifier.auto_identifier][INFO] - Frontdoor variables for treatment and outcome:[]
[2026-04-24 04:37:18,349][dowhy.causal_model][INFO] - linear_regression
[2026-04-24 04:37:18,349][dowhy.causal_estimator][INFO] - INFO: Using Linear Regression Estimator
[2026-04-24 04:37:18,349][dowhy.causal_estimator][INFO] - b: X10~X6+X6*X3+X6*X2
[2026-04-24 04:37:18,356][dowhy.causal_model][INFO] - Model to find the causal effect of treatment ['X6'] on outcome ['X11']
[2026-04-24 04:37:18,358][dowhy.causal_identifier.auto_identifier][INFO] - Causal effect can be identified.
[2026-04-24 04:37:18,359][dowhy.causal_identifier.auto_identifier][INFO] - Instrumental variables for treatment and outcome:['X1', 'X5']
[2026-04-24 04:37:18,361][dowhy.causal_identifier.auto_identifier][INFO] - Frontdoor variables for treatment and outcome:['X10', 'X8', 'X7']
[2026-04-24 04:37:18,363][dowhy.causal_identifier.auto_identifier][INFO] - Causal effect can be identified.
[2026-04-24 04:37:18,366][dowhy.causal_identifier.auto_identifier][INFO] - Causal effect can be identified.
[2026-04-24 04:37:18,367][dowhy.causal_model][INFO] - linear_regression
[2026-04-24 04:37:18,367][dowhy.causal_estimator][INFO] - INFO: Using Linear Regression Estimator
[2026-04-24 04:37:18,368][dowhy.causal_estimator][INFO] - b: X11~X6+X6*X4+X6*X3+X6*X2
[2026-04-24 04:37:18,409][dowhy.causal_model][INFO] - Model to find the causal effect of treatment ['X7'] on outcome ['X0']
[2026-04-24 04:37:18,409][dowhy.causal_identifier.auto_identifier][WARNING] - No directed path from treatment to outcome. Causal Effect is zero.
[2026-04-24 04:37:18,409][dowhy.causal_model][INFO] - linear_regression
[2026-04-24 04:37:18,409][dowhy.causal_estimator][INFO] - INFO: Using Linear Regression Estimator
[2026-04-24 04:37:18,409][dowhy.causal_estimator][WARNING] - No directed path from ['X7'] to ['X0'].
[2026-04-24 04:37:18,411][dowhy.causal_model][INFO] - Model to find the causal effect of treatment ['X7'] on outcome ['X1']
[2026-04-24 04:37:18,411][dowhy.causal_identifier.auto_identifier][WARNING] - No directed path from treatment to outcome. Causal Effect is zero.
[2026-04-24 04:37:18,411][dowhy.causal_model][INFO] - linear_regression
[2026-04-24 04:37:18,411][dowhy.causal_estimator][INFO] - INFO: Using Linear Regression Estimator
[2026-04-24 04:37:18,411][dowhy.causal_estimator][WARNING] - No directed path from ['X7'] to ['X1'].
[2026-04-24 04:37:18,412][dowhy.causal_model][INFO] - Model to find the causal effect of treatment ['X7'] on outcome ['X2']
[2026-04-24 04:37:18,412][dowhy.causal_identifier.auto_identifier][WARNING] - No directed path from treatment to outcome. Causal Effect is zero.
[2026-04-24 04:37:18,413][dowhy.causal_model][INFO] - linear_regression
[2026-04-24 04:37:18,413][dowhy.causal_estimator][INFO] - INFO: Using Linear Regression Estimator
[2026-04-24 04:37:18,413][dowhy.causal_estimator][WARNING] - No directed path from ['X7'] to ['X2'].
[2026-04-24 04:37:18,414][dowhy.causal_model][INFO] - Model to find the causal effect of treatment ['X7'] on outcome ['X3']
[2026-04-24 04:37:18,414][dowhy.causal_identifier.auto_identifier][WARNING] - No directed path from treatment to outcome. Causal Effect is zero.
[2026-04-24 04:37:18,414][dowhy.causal_model][INFO] - linear_regression
[2026-04-24 04:37:18,414][dowhy.causal_estimator][INFO] - INFO: Using Linear Regression Estimator
[2026-04-24 04:37:18,414][dowhy.causal_estimator][WARNING] - No directed path from ['X7'] to ['X3'].
[2026-04-24 04:37:18,416][dowhy.causal_model][INFO] - Model to find the causal effect of treatment ['X7'] on outcome ['X4']
[2026-04-24 04:37:18,416][dowhy.causal_identifier.auto_identifier][WARNING] - No directed path from treatment to outcome. Causal Effect is zero.
[2026-04-24 04:37:18,416][dowhy.causal_model][INFO] - linear_regression
[2026-04-24 04:37:18,416][dowhy.causal_estimator][INFO] - INFO: Using Linear Regression Estimator
[2026-04-24 04:37:18,416][dowhy.causal_estimator][WARNING] - No directed path from ['X7'] to ['X4'].
[2026-04-24 04:37:18,418][dowhy.causal_model][INFO] - Model to find the causal effect of treatment ['X7'] on outcome ['X5']
[2026-04-24 04:37:18,418][dowhy.causal_identifier.auto_identifier][WARNING] - No directed path from treatment to outcome. Causal Effect is zero.
[2026-04-24 04:37:18,418][dowhy.causal_model][INFO] - linear_regression
[2026-04-24 04:37:18,418][dowhy.causal_estimator][INFO] - INFO: Using Linear Regression Estimator
[2026-04-24 04:37:18,418][dowhy.causal_estimator][WARNING] - No directed path from ['X7'] to ['X5'].
[2026-04-24 04:37:18,420][dowhy.causal_model][INFO] - Model to find the causal effect of treatment ['X7'] on outcome ['X6']
[2026-04-24 04:37:18,420][dowhy.causal_identifier.auto_identifier][WARNING] - No directed path from treatment to outcome. Causal Effect is zero.
[2026-04-24 04:37:18,420][dowhy.causal_model][INFO] - linear_regression
[2026-04-24 04:37:18,420][dowhy.causal_estimator][INFO] - INFO: Using Linear Regression Estimator
[2026-04-24 04:37:18,420][dowhy.causal_estimator][WARNING] - No directed path from ['X7'] to ['X6'].
[2026-04-24 04:37:18,422][dowhy.causal_model][INFO] - Model to find the causal effect of treatment ['X7'] on outcome ['X8']
[2026-04-24 04:37:18,425][dowhy.causal_identifier.auto_identifier][INFO] - Causal effect can be identified.
[2026-04-24 04:37:18,425][dowhy.causal_identifier.auto_identifier][INFO] - Instrumental variables for treatment and outcome:['X2', 'X6']
[2026-04-24 04:37:18,426][dowhy.causal_identifier.auto_identifier][INFO] - Frontdoor variables for treatment and outcome:[]
[2026-04-24 04:37:18,426][dowhy.causal_model][INFO] - linear_regression
[2026-04-24 04:37:18,426][dowhy.causal_estimator][INFO] - INFO: Using Linear Regression Estimator
[2026-04-24 04:37:18,426][dowhy.causal_estimator][INFO] - b: X8~X7+X3
[2026-04-24 04:37:18,435][dowhy.causal_model][INFO] - Model to find the causal effect of treatment ['X7'] on outcome ['X9']
[2026-04-24 04:37:18,435][dowhy.causal_identifier.auto_identifier][WARNING] - No directed path from treatment to outcome. Causal Effect is zero.
[2026-04-24 04:37:18,435][dowhy.causal_model][INFO] - linear_regression
[2026-04-24 04:37:18,435][dowhy.causal_estimator][INFO] - INFO: Using Linear Regression Estimator
[2026-04-24 04:37:18,435][dowhy.causal_estimator][WARNING] - No directed path from ['X7'] to ['X9'].
[2026-04-24 04:37:18,437][dowhy.causal_model][INFO] - Model to find the causal effect of treatment ['X7'] on outcome ['X10']
[2026-04-24 04:37:18,440][dowhy.causal_identifier.auto_identifier][INFO] - Causal effect can be identified.
[2026-04-24 04:37:18,440][dowhy.causal_identifier.auto_identifier][INFO] - Instrumental variables for treatment and outcome:['X3', 'X6']
[2026-04-24 04:37:18,441][dowhy.causal_identifier.auto_identifier][INFO] - Frontdoor variables for treatment and outcome:[]
[2026-04-24 04:37:18,441][dowhy.causal_model][INFO] - linear_regression
[2026-04-24 04:37:18,441][dowhy.causal_estimator][INFO] - INFO: Using Linear Regression Estimator
[2026-04-24 04:37:18,441][dowhy.causal_estimator][INFO] - b: X10~X7+X2
[2026-04-24 04:37:18,451][dowhy.causal_model][INFO] - Model to find the causal effect of treatment ['X7'] on outcome ['X11']
[2026-04-24 04:37:18,453][dowhy.causal_identifier.auto_identifier][INFO] - Causal effect can be identified.
[2026-04-24 04:37:18,454][dowhy.causal_identifier.auto_identifier][INFO] - Instrumental variables for treatment and outcome:['X2', 'X6']
[2026-04-24 04:37:18,455][dowhy.causal_identifier.auto_identifier][INFO] - Frontdoor variables for treatment and outcome:[]
[2026-04-24 04:37:18,455][dowhy.causal_model][INFO] - linear_regression
[2026-04-24 04:37:18,455][dowhy.causal_estimator][INFO] - INFO: Using Linear Regression Estimator
[2026-04-24 04:37:18,455][dowhy.causal_estimator][INFO] - b: X11~X7+X3+X7*X4
[2026-04-24 04:37:18,501][dowhy.causal_model][INFO] - Model to find the causal effect of treatment ['X8'] on outcome ['X0']
[2026-04-24 04:37:18,501][dowhy.causal_identifier.auto_identifier][WARNING] - No directed path from treatment to outcome. Causal Effect is zero.
[2026-04-24 04:37:18,501][dowhy.causal_model][INFO] - linear_regression
[2026-04-24 04:37:18,501][dowhy.causal_estimator][INFO] - INFO: Using Linear Regression Estimator
[2026-04-24 04:37:18,501][dowhy.causal_estimator][WARNING] - No directed path from ['X8'] to ['X0'].
[2026-04-24 04:37:18,503][dowhy.causal_model][INFO] - Model to find the causal effect of treatment ['X8'] on outcome ['X1']
[2026-04-24 04:37:18,503][dowhy.causal_identifier.auto_identifier][WARNING] - No directed path from treatment to outcome. Causal Effect is zero.
[2026-04-24 04:37:18,503][dowhy.causal_model][INFO] - linear_regression
[2026-04-24 04:37:18,503][dowhy.causal_estimator][INFO] - INFO: Using Linear Regression Estimator
[2026-04-24 04:37:18,503][dowhy.causal_estimator][WARNING] - No directed path from ['X8'] to ['X1'].
[2026-04-24 04:37:18,505][dowhy.causal_model][INFO] - Model to find the causal effect of treatment ['X8'] on outcome ['X2']
[2026-04-24 04:37:18,505][dowhy.causal_identifier.auto_identifier][WARNING] - No directed path from treatment to outcome. Causal Effect is zero.
[2026-04-24 04:37:18,505][dowhy.causal_model][INFO] - linear_regression
[2026-04-24 04:37:18,505][dowhy.causal_estimator][INFO] - INFO: Using Linear Regression Estimator
[2026-04-24 04:37:18,505][dowhy.causal_estimator][WARNING] - No directed path from ['X8'] to ['X2'].
[2026-04-24 04:37:18,507][dowhy.causal_model][INFO] - Model to find the causal effect of treatment ['X8'] on outcome ['X3']
[2026-04-24 04:37:18,507][dowhy.causal_identifier.auto_identifier][WARNING] - No directed path from treatment to outcome. Causal Effect is zero.
[2026-04-24 04:37:18,507][dowhy.causal_model][INFO] - linear_regression
[2026-04-24 04:37:18,507][dowhy.causal_estimator][INFO] - INFO: Using Linear Regression Estimator
[2026-04-24 04:37:18,507][dowhy.causal_estimator][WARNING] - No directed path from ['X8'] to ['X3'].
[2026-04-24 04:37:18,509][dowhy.causal_model][INFO] - Model to find the causal effect of treatment ['X8'] on outcome ['X4']
[2026-04-24 04:37:18,509][dowhy.causal_identifier.auto_identifier][WARNING] - No directed path from treatment to outcome. Causal Effect is zero.
[2026-04-24 04:37:18,509][dowhy.causal_model][INFO] - linear_regression
[2026-04-24 04:37:18,509][dowhy.causal_estimator][INFO] - INFO: Using Linear Regression Estimator
[2026-04-24 04:37:18,509][dowhy.causal_estimator][WARNING] - No directed path from ['X8'] to ['X4'].
[2026-04-24 04:37:18,511][dowhy.causal_model][INFO] - Model to find the causal effect of treatment ['X8'] on outcome ['X5']
[2026-04-24 04:37:18,511][dowhy.causal_identifier.auto_identifier][WARNING] - No directed path from treatment to outcome. Causal Effect is zero.
[2026-04-24 04:37:18,511][dowhy.causal_model][INFO] - linear_regression
[2026-04-24 04:37:18,511][dowhy.causal_estimator][INFO] - INFO: Using Linear Regression Estimator
[2026-04-24 04:37:18,511][dowhy.causal_estimator][WARNING] - No directed path from ['X8'] to ['X5'].
[2026-04-24 04:37:18,513][dowhy.causal_model][INFO] - Model to find the causal effect of treatment ['X8'] on outcome ['X6']
[2026-04-24 04:37:18,513][dowhy.causal_identifier.auto_identifier][WARNING] - No directed path from treatment to outcome. Causal Effect is zero.
[2026-04-24 04:37:18,513][dowhy.causal_model][INFO] - linear_regression
[2026-04-24 04:37:18,513][dowhy.causal_estimator][INFO] - INFO: Using Linear Regression Estimator
[2026-04-24 04:37:18,513][dowhy.causal_estimator][WARNING] - No directed path from ['X8'] to ['X6'].
[2026-04-24 04:37:18,515][dowhy.causal_model][INFO] - Model to find the causal effect of treatment ['X8'] on outcome ['X7']
[2026-04-24 04:37:18,515][dowhy.causal_identifier.auto_identifier][WARNING] - No directed path from treatment to outcome. Causal Effect is zero.
[2026-04-24 04:37:18,515][dowhy.causal_model][INFO] - linear_regression
[2026-04-24 04:37:18,515][dowhy.causal_estimator][INFO] - INFO: Using Linear Regression Estimator
[2026-04-24 04:37:18,515][dowhy.causal_estimator][WARNING] - No directed path from ['X8'] to ['X7'].
[2026-04-24 04:37:18,517][dowhy.causal_model][INFO] - Model to find the causal effect of treatment ['X8'] on outcome ['X9']
[2026-04-24 04:37:18,517][dowhy.causal_identifier.auto_identifier][WARNING] - No directed path from treatment to outcome. Causal Effect is zero.
[2026-04-24 04:37:18,517][dowhy.causal_model][INFO] - linear_regression
[2026-04-24 04:37:18,517][dowhy.causal_estimator][INFO] - INFO: Using Linear Regression Estimator
[2026-04-24 04:37:18,517][dowhy.causal_estimator][WARNING] - No directed path from ['X8'] to ['X9'].
[2026-04-24 04:37:18,519][dowhy.causal_model][INFO] - Model to find the causal effect of treatment ['X8'] on outcome ['X10']
[2026-04-24 04:37:18,519][dowhy.causal_identifier.auto_identifier][WARNING] - No directed path from treatment to outcome. Causal Effect is zero.
[2026-04-24 04:37:18,519][dowhy.causal_model][INFO] - linear_regression
[2026-04-24 04:37:18,519][dowhy.causal_estimator][INFO] - INFO: Using Linear Regression Estimator
[2026-04-24 04:37:18,519][dowhy.causal_estimator][WARNING] - No directed path from ['X8'] to ['X10'].
[2026-04-24 04:37:18,521][dowhy.causal_model][INFO] - Model to find the causal effect of treatment ['X8'] on outcome ['X11']
[2026-04-24 04:37:18,524][dowhy.causal_identifier.auto_identifier][INFO] - Causal effect can be identified.
[2026-04-24 04:37:18,525][dowhy.causal_identifier.auto_identifier][INFO] - Instrumental variables for treatment and outcome:['X3', 'X7']
[2026-04-24 04:37:18,526][dowhy.causal_identifier.auto_identifier][INFO] - Frontdoor variables for treatment and outcome:[]
[2026-04-24 04:37:18,526][dowhy.causal_model][INFO] - linear_regression
[2026-04-24 04:37:18,526][dowhy.causal_estimator][INFO] - INFO: Using Linear Regression Estimator
[2026-04-24 04:37:18,526][dowhy.causal_estimator][INFO] - b: X11~X8+X8*X4
[2026-04-24 04:37:18,568][dowhy.causal_model][INFO] - Model to find the causal effect of treatment ['X9'] on outcome ['X0']
[2026-04-24 04:37:18,568][dowhy.causal_identifier.auto_identifier][WARNING] - No directed path from treatment to outcome. Causal Effect is zero.
[2026-04-24 04:37:18,568][dowhy.causal_model][INFO] - linear_regression
[2026-04-24 04:37:18,568][dowhy.causal_estimator][INFO] - INFO: Using Linear Regression Estimator
[2026-04-24 04:37:18,568][dowhy.causal_estimator][WARNING] - No directed path from ['X9'] to ['X0'].
[2026-04-24 04:37:18,570][dowhy.causal_model][INFO] - Model to find the causal effect of treatment ['X9'] on outcome ['X1']
[2026-04-24 04:37:18,570][dowhy.causal_identifier.auto_identifier][WARNING] - No directed path from treatment to outcome. Causal Effect is zero.
[2026-04-24 04:37:18,570][dowhy.causal_model][INFO] - linear_regression
[2026-04-24 04:37:18,570][dowhy.causal_estimator][INFO] - INFO: Using Linear Regression Estimator
[2026-04-24 04:37:18,570][dowhy.causal_estimator][WARNING] - No directed path from ['X9'] to ['X1'].
[2026-04-24 04:37:18,572][dowhy.causal_model][INFO] - Model to find the causal effect of treatment ['X9'] on outcome ['X2']
[2026-04-24 04:37:18,572][dowhy.causal_identifier.auto_identifier][WARNING] - No directed path from treatment to outcome. Causal Effect is zero.
[2026-04-24 04:37:18,572][dowhy.causal_model][INFO] - linear_regression
[2026-04-24 04:37:18,572][dowhy.causal_estimator][INFO] - INFO: Using Linear Regression Estimator
[2026-04-24 04:37:18,572][dowhy.causal_estimator][WARNING] - No directed path from ['X9'] to ['X2'].
[2026-04-24 04:37:18,574][dowhy.causal_model][INFO] - Model to find the causal effect of treatment ['X9'] on outcome ['X3']
[2026-04-24 04:37:18,574][dowhy.causal_identifier.auto_identifier][WARNING] - No directed path from treatment to outcome. Causal Effect is zero.
[2026-04-24 04:37:18,574][dowhy.causal_model][INFO] - linear_regression
[2026-04-24 04:37:18,574][dowhy.causal_estimator][INFO] - INFO: Using Linear Regression Estimator
[2026-04-24 04:37:18,574][dowhy.causal_estimator][WARNING] - No directed path from ['X9'] to ['X3'].
[2026-04-24 04:37:18,575][dowhy.causal_model][INFO] - Model to find the causal effect of treatment ['X9'] on outcome ['X4']
[2026-04-24 04:37:18,575][dowhy.causal_identifier.auto_identifier][WARNING] - No directed path from treatment to outcome. Causal Effect is zero.
[2026-04-24 04:37:18,576][dowhy.causal_model][INFO] - linear_regression
[2026-04-24 04:37:18,576][dowhy.causal_estimator][INFO] - INFO: Using Linear Regression Estimator
[2026-04-24 04:37:18,576][dowhy.causal_estimator][WARNING] - No directed path from ['X9'] to ['X4'].
[2026-04-24 04:37:18,577][dowhy.causal_model][INFO] - Model to find the causal effect of treatment ['X9'] on outcome ['X5']
[2026-04-24 04:37:18,577][dowhy.causal_identifier.auto_identifier][WARNING] - No directed path from treatment to outcome. Causal Effect is zero.
[2026-04-24 04:37:18,577][dowhy.causal_model][INFO] - linear_regression
[2026-04-24 04:37:18,577][dowhy.causal_estimator][INFO] - INFO: Using Linear Regression Estimator
[2026-04-24 04:37:18,578][dowhy.causal_estimator][WARNING] - No directed path from ['X9'] to ['X5'].
[2026-04-24 04:37:18,579][dowhy.causal_model][INFO] - Model to find the causal effect of treatment ['X9'] on outcome ['X6']
[2026-04-24 04:37:18,579][dowhy.causal_identifier.auto_identifier][WARNING] - No directed path from treatment to outcome. Causal Effect is zero.
[2026-04-24 04:37:18,579][dowhy.causal_model][INFO] - linear_regression
[2026-04-24 04:37:18,579][dowhy.causal_estimator][INFO] - INFO: Using Linear Regression Estimator
[2026-04-24 04:37:18,579][dowhy.causal_estimator][WARNING] - No directed path from ['X9'] to ['X6'].
[2026-04-24 04:37:18,581][dowhy.causal_model][INFO] - Model to find the causal effect of treatment ['X9'] on outcome ['X7']
[2026-04-24 04:37:18,581][dowhy.causal_identifier.auto_identifier][WARNING] - No directed path from treatment to outcome. Causal Effect is zero.
[2026-04-24 04:37:18,581][dowhy.causal_model][INFO] - linear_regression
[2026-04-24 04:37:18,581][dowhy.causal_estimator][INFO] - INFO: Using Linear Regression Estimator
[2026-04-24 04:37:18,581][dowhy.causal_estimator][WARNING] - No directed path from ['X9'] to ['X7'].
[2026-04-24 04:37:18,583][dowhy.causal_model][INFO] - Model to find the causal effect of treatment ['X9'] on outcome ['X8']
[2026-04-24 04:37:18,583][dowhy.causal_identifier.auto_identifier][WARNING] - No directed path from treatment to outcome. Causal Effect is zero.
[2026-04-24 04:37:18,583][dowhy.causal_model][INFO] - linear_regression
[2026-04-24 04:37:18,583][dowhy.causal_estimator][INFO] - INFO: Using Linear Regression Estimator
[2026-04-24 04:37:18,583][dowhy.causal_estimator][WARNING] - No directed path from ['X9'] to ['X8'].
[2026-04-24 04:37:18,585][dowhy.causal_model][INFO] - Model to find the causal effect of treatment ['X9'] on outcome ['X10']
[2026-04-24 04:37:18,585][dowhy.causal_identifier.auto_identifier][WARNING] - No directed path from treatment to outcome. Causal Effect is zero.
[2026-04-24 04:37:18,585][dowhy.causal_model][INFO] - linear_regression
[2026-04-24 04:37:18,585][dowhy.causal_estimator][INFO] - INFO: Using Linear Regression Estimator
[2026-04-24 04:37:18,585][dowhy.causal_estimator][WARNING] - No directed path from ['X9'] to ['X10'].
[2026-04-24 04:37:18,587][dowhy.causal_model][INFO] - Model to find the causal effect of treatment ['X9'] on outcome ['X11']
[2026-04-24 04:37:18,587][dowhy.causal_identifier.auto_identifier][WARNING] - No directed path from treatment to outcome. Causal Effect is zero.
[2026-04-24 04:37:18,587][dowhy.causal_model][INFO] - linear_regression
[2026-04-24 04:37:18,587][dowhy.causal_estimator][INFO] - INFO: Using Linear Regression Estimator
[2026-04-24 04:37:18,587][dowhy.causal_estimator][WARNING] - No directed path from ['X9'] to ['X11'].
[2026-04-24 04:37:18,620][dowhy.causal_model][INFO] - Model to find the causal effect of treatment ['X10'] on outcome ['X0']
[2026-04-24 04:37:18,620][dowhy.causal_identifier.auto_identifier][WARNING] - No directed path from treatment to outcome. Causal Effect is zero.
[2026-04-24 04:37:18,620][dowhy.causal_model][INFO] - linear_regression
[2026-04-24 04:37:18,620][dowhy.causal_estimator][INFO] - INFO: Using Linear Regression Estimator
[2026-04-24 04:37:18,620][dowhy.causal_estimator][WARNING] - No directed path from ['X10'] to ['X0'].
[2026-04-24 04:37:18,621][dowhy.causal_model][INFO] - Model to find the causal effect of treatment ['X10'] on outcome ['X1']
[2026-04-24 04:37:18,621][dowhy.causal_identifier.auto_identifier][WARNING] - No directed path from treatment to outcome. Causal Effect is zero.
[2026-04-24 04:37:18,622][dowhy.causal_model][INFO] - linear_regression
[2026-04-24 04:37:18,622][dowhy.causal_estimator][INFO] - INFO: Using Linear Regression Estimator
[2026-04-24 04:37:18,622][dowhy.causal_estimator][WARNING] - No directed path from ['X10'] to ['X1'].
[2026-04-24 04:37:18,623][dowhy.causal_model][INFO] - Model to find the causal effect of treatment ['X10'] on outcome ['X2']
[2026-04-24 04:37:18,623][dowhy.causal_identifier.auto_identifier][WARNING] - No directed path from treatment to outcome. Causal Effect is zero.
[2026-04-24 04:37:18,623][dowhy.causal_model][INFO] - linear_regression
[2026-04-24 04:37:18,623][dowhy.causal_estimator][INFO] - INFO: Using Linear Regression Estimator
[2026-04-24 04:37:18,623][dowhy.causal_estimator][WARNING] - No directed path from ['X10'] to ['X2'].
[2026-04-24 04:37:18,625][dowhy.causal_model][INFO] - Model to find the causal effect of treatment ['X10'] on outcome ['X3']
[2026-04-24 04:37:18,625][dowhy.causal_identifier.auto_identifier][WARNING] - No directed path from treatment to outcome. Causal Effect is zero.
[2026-04-24 04:37:18,625][dowhy.causal_model][INFO] - linear_regression
[2026-04-24 04:37:18,625][dowhy.causal_estimator][INFO] - INFO: Using Linear Regression Estimator
[2026-04-24 04:37:18,625][dowhy.causal_estimator][WARNING] - No directed path from ['X10'] to ['X3'].
[2026-04-24 04:37:18,627][dowhy.causal_model][INFO] - Model to find the causal effect of treatment ['X10'] on outcome ['X4']
[2026-04-24 04:37:18,627][dowhy.causal_identifier.auto_identifier][WARNING] - No directed path from treatment to outcome. Causal Effect is zero.
[2026-04-24 04:37:18,627][dowhy.causal_model][INFO] - linear_regression
[2026-04-24 04:37:18,627][dowhy.causal_estimator][INFO] - INFO: Using Linear Regression Estimator
[2026-04-24 04:37:18,627][dowhy.causal_estimator][WARNING] - No directed path from ['X10'] to ['X4'].
[2026-04-24 04:37:18,629][dowhy.causal_model][INFO] - Model to find the causal effect of treatment ['X10'] on outcome ['X5']
[2026-04-24 04:37:18,629][dowhy.causal_identifier.auto_identifier][WARNING] - No directed path from treatment to outcome. Causal Effect is zero.
[2026-04-24 04:37:18,629][dowhy.causal_model][INFO] - linear_regression
[2026-04-24 04:37:18,629][dowhy.causal_estimator][INFO] - INFO: Using Linear Regression Estimator
[2026-04-24 04:37:18,629][dowhy.causal_estimator][WARNING] - No directed path from ['X10'] to ['X5'].
[2026-04-24 04:37:18,631][dowhy.causal_model][INFO] - Model to find the causal effect of treatment ['X10'] on outcome ['X6']
[2026-04-24 04:37:18,631][dowhy.causal_identifier.auto_identifier][WARNING] - No directed path from treatment to outcome. Causal Effect is zero.
[2026-04-24 04:37:18,631][dowhy.causal_model][INFO] - linear_regression
[2026-04-24 04:37:18,631][dowhy.causal_estimator][INFO] - INFO: Using Linear Regression Estimator
[2026-04-24 04:37:18,631][dowhy.causal_estimator][WARNING] - No directed path from ['X10'] to ['X6'].
[2026-04-24 04:37:18,633][dowhy.causal_model][INFO] - Model to find the causal effect of treatment ['X10'] on outcome ['X7']
[2026-04-24 04:37:18,633][dowhy.causal_identifier.auto_identifier][WARNING] - No directed path from treatment to outcome. Causal Effect is zero.
[2026-04-24 04:37:18,633][dowhy.causal_model][INFO] - linear_regression
[2026-04-24 04:37:18,633][dowhy.causal_estimator][INFO] - INFO: Using Linear Regression Estimator
[2026-04-24 04:37:18,633][dowhy.causal_estimator][WARNING] - No directed path from ['X10'] to ['X7'].
[2026-04-24 04:37:18,634][dowhy.causal_model][INFO] - Model to find the causal effect of treatment ['X10'] on outcome ['X8']
[2026-04-24 04:37:18,634][dowhy.causal_identifier.auto_identifier][WARNING] - No directed path from treatment to outcome. Causal Effect is zero.
[2026-04-24 04:37:18,635][dowhy.causal_model][INFO] - linear_regression
[2026-04-24 04:37:18,635][dowhy.causal_estimator][INFO] - INFO: Using Linear Regression Estimator
[2026-04-24 04:37:18,635][dowhy.causal_estimator][WARNING] - No directed path from ['X10'] to ['X8'].
[2026-04-24 04:37:18,636][dowhy.causal_model][INFO] - Model to find the causal effect of treatment ['X10'] on outcome ['X9']
[2026-04-24 04:37:18,636][dowhy.causal_identifier.auto_identifier][WARNING] - No directed path from treatment to outcome. Causal Effect is zero.
[2026-04-24 04:37:18,636][dowhy.causal_model][INFO] - linear_regression
[2026-04-24 04:37:18,636][dowhy.causal_estimator][INFO] - INFO: Using Linear Regression Estimator
[2026-04-24 04:37:18,636][dowhy.causal_estimator][WARNING] - No directed path from ['X10'] to ['X9'].
[2026-04-24 04:37:18,638][dowhy.causal_model][INFO] - Model to find the causal effect of treatment ['X10'] on outcome ['X11']
[2026-04-24 04:37:18,638][dowhy.causal_identifier.auto_identifier][WARNING] - No directed path from treatment to outcome. Causal Effect is zero.
[2026-04-24 04:37:18,638][dowhy.causal_model][INFO] - linear_regression
[2026-04-24 04:37:18,638][dowhy.causal_estimator][INFO] - INFO: Using Linear Regression Estimator
[2026-04-24 04:37:18,638][dowhy.causal_estimator][WARNING] - No directed path from ['X10'] to ['X11'].
[2026-04-24 04:37:18,678][dowhy.causal_model][INFO] - Model to find the causal effect of treatment ['X11'] on outcome ['X0']
[2026-04-24 04:37:18,678][dowhy.causal_identifier.auto_identifier][WARNING] - No directed path from treatment to outcome. Causal Effect is zero.
[2026-04-24 04:37:18,678][dowhy.causal_model][INFO] - linear_regression
[2026-04-24 04:37:18,678][dowhy.causal_estimator][INFO] - INFO: Using Linear Regression Estimator
[2026-04-24 04:37:18,678][dowhy.causal_estimator][WARNING] - No directed path from ['X11'] to ['X0'].
[2026-04-24 04:37:18,680][dowhy.causal_model][INFO] - Model to find the causal effect of treatment ['X11'] on outcome ['X1']
[2026-04-24 04:37:18,680][dowhy.causal_identifier.auto_identifier][WARNING] - No directed path from treatment to outcome. Causal Effect is zero.
[2026-04-24 04:37:18,680][dowhy.causal_model][INFO] - linear_regression
[2026-04-24 04:37:18,680][dowhy.causal_estimator][INFO] - INFO: Using Linear Regression Estimator
[2026-04-24 04:37:18,680][dowhy.causal_estimator][WARNING] - No directed path from ['X11'] to ['X1'].
[2026-04-24 04:37:18,682][dowhy.causal_model][INFO] - Model to find the causal effect of treatment ['X11'] on outcome ['X2']
[2026-04-24 04:37:18,682][dowhy.causal_identifier.auto_identifier][WARNING] - No directed path from treatment to outcome. Causal Effect is zero.
[2026-04-24 04:37:18,682][dowhy.causal_model][INFO] - linear_regression
[2026-04-24 04:37:18,682][dowhy.causal_estimator][INFO] - INFO: Using Linear Regression Estimator
[2026-04-24 04:37:18,682][dowhy.causal_estimator][WARNING] - No directed path from ['X11'] to ['X2'].
[2026-04-24 04:37:18,684][dowhy.causal_model][INFO] - Model to find the causal effect of treatment ['X11'] on outcome ['X3']
[2026-04-24 04:37:18,684][dowhy.causal_identifier.auto_identifier][WARNING] - No directed path from treatment to outcome. Causal Effect is zero.
[2026-04-24 04:37:18,684][dowhy.causal_model][INFO] - linear_regression
[2026-04-24 04:37:18,684][dowhy.causal_estimator][INFO] - INFO: Using Linear Regression Estimator
[2026-04-24 04:37:18,684][dowhy.causal_estimator][WARNING] - No directed path from ['X11'] to ['X3'].
[2026-04-24 04:37:18,686][dowhy.causal_model][INFO] - Model to find the causal effect of treatment ['X11'] on outcome ['X4']
[2026-04-24 04:37:18,686][dowhy.causal_identifier.auto_identifier][WARNING] - No directed path from treatment to outcome. Causal Effect is zero.
[2026-04-24 04:37:18,686][dowhy.causal_model][INFO] - linear_regression
[2026-04-24 04:37:18,686][dowhy.causal_estimator][INFO] - INFO: Using Linear Regression Estimator
[2026-04-24 04:37:18,686][dowhy.causal_estimator][WARNING] - No directed path from ['X11'] to ['X4'].
[2026-04-24 04:37:18,689][dowhy.causal_model][INFO] - Model to find the causal effect of treatment ['X11'] on outcome ['X5']
[2026-04-24 04:37:18,689][dowhy.causal_identifier.auto_identifier][WARNING] - No directed path from treatment to outcome. Causal Effect is zero.
[2026-04-24 04:37:18,689][dowhy.causal_model][INFO] - linear_regression
[2026-04-24 04:37:18,689][dowhy.causal_estimator][INFO] - INFO: Using Linear Regression Estimator
[2026-04-24 04:37:18,689][dowhy.causal_estimator][WARNING] - No directed path from ['X11'] to ['X5'].
[2026-04-24 04:37:18,691][dowhy.causal_model][INFO] - Model to find the causal effect of treatment ['X11'] on outcome ['X6']
[2026-04-24 04:37:18,691][dowhy.causal_identifier.auto_identifier][WARNING] - No directed path from treatment to outcome. Causal Effect is zero.
[2026-04-24 04:37:18,691][dowhy.causal_model][INFO] - linear_regression
[2026-04-24 04:37:18,691][dowhy.causal_estimator][INFO] - INFO: Using Linear Regression Estimator
[2026-04-24 04:37:18,691][dowhy.causal_estimator][WARNING] - No directed path from ['X11'] to ['X6'].
[2026-04-24 04:37:18,692][dowhy.causal_model][INFO] - Model to find the causal effect of treatment ['X11'] on outcome ['X7']
[2026-04-24 04:37:18,692][dowhy.causal_identifier.auto_identifier][WARNING] - No directed path from treatment to outcome. Causal Effect is zero.
[2026-04-24 04:37:18,692][dowhy.causal_model][INFO] - linear_regression
[2026-04-24 04:37:18,693][dowhy.causal_estimator][INFO] - INFO: Using Linear Regression Estimator
[2026-04-24 04:37:18,693][dowhy.causal_estimator][WARNING] - No directed path from ['X11'] to ['X7'].
[2026-04-24 04:37:18,694][dowhy.causal_model][INFO] - Model to find the causal effect of treatment ['X11'] on outcome ['X8']
[2026-04-24 04:37:18,694][dowhy.causal_identifier.auto_identifier][WARNING] - No directed path from treatment to outcome. Causal Effect is zero.
[2026-04-24 04:37:18,695][dowhy.causal_model][INFO] - linear_regression
[2026-04-24 04:37:18,695][dowhy.causal_estimator][INFO] - INFO: Using Linear Regression Estimator
[2026-04-24 04:37:18,695][dowhy.causal_estimator][WARNING] - No directed path from ['X11'] to ['X8'].
[2026-04-24 04:37:18,696][dowhy.causal_model][INFO] - Model to find the causal effect of treatment ['X11'] on outcome ['X9']
[2026-04-24 04:37:18,696][dowhy.causal_identifier.auto_identifier][WARNING] - No directed path from treatment to outcome. Causal Effect is zero.
[2026-04-24 04:37:18,696][dowhy.causal_model][INFO] - linear_regression
[2026-04-24 04:37:18,696][dowhy.causal_estimator][INFO] - INFO: Using Linear Regression Estimator
[2026-04-24 04:37:18,697][dowhy.causal_estimator][WARNING] - No directed path from ['X11'] to ['X9'].
[2026-04-24 04:37:18,698][dowhy.causal_model][INFO] - Model to find the causal effect of treatment ['X11'] on outcome ['X10']
[2026-04-24 04:37:18,698][dowhy.causal_identifier.auto_identifier][WARNING] - No directed path from treatment to outcome. Causal Effect is zero.
[2026-04-24 04:37:18,699][dowhy.causal_model][INFO] - linear_regression
[2026-04-24 04:37:18,699][dowhy.causal_estimator][INFO] - INFO: Using Linear Regression Estimator
[2026-04-24 04:37:18,699][dowhy.causal_estimator][WARNING] - No directed path from ['X11'] to ['X10'].
[2026-04-24 04:37:18,758][dowhy.causal_model][INFO] - Model to find the causal effect of treatment ['X0'] on outcome ['X1']
[2026-04-24 04:37:18,758][dowhy.causal_identifier.auto_identifier][WARNING] - No directed path from treatment to outcome. Causal Effect is zero.
[2026-04-24 04:37:18,759][dowhy.causal_model][INFO] - linear_regression
[2026-04-24 04:37:18,759][dowhy.causal_estimator][INFO] - INFO: Using Linear Regression Estimator
[2026-04-24 04:37:18,759][dowhy.causal_estimator][WARNING] - No directed path from ['X0'] to ['X1'].
[2026-04-24 04:37:18,760][dowhy.causal_model][INFO] - Model to find the causal effect of treatment ['X0'] on outcome ['X2']
[2026-04-24 04:37:18,761][dowhy.causal_identifier.auto_identifier][WARNING] - No directed path from treatment to outcome. Causal Effect is zero.
[2026-04-24 04:37:18,761][dowhy.causal_model][INFO] - linear_regression
[2026-04-24 04:37:18,761][dowhy.causal_estimator][INFO] - INFO: Using Linear Regression Estimator
[2026-04-24 04:37:18,761][dowhy.causal_estimator][WARNING] - No directed path from ['X0'] to ['X2'].
[2026-04-24 04:37:18,762][dowhy.causal_model][INFO] - Model to find the causal effect of treatment ['X0'] on outcome ['X3']
[2026-04-24 04:37:18,762][dowhy.causal_identifier.auto_identifier][WARNING] - No directed path from treatment to outcome. Causal Effect is zero.
[2026-04-24 04:37:18,763][dowhy.causal_model][INFO] - linear_regression
[2026-04-24 04:37:18,763][dowhy.causal_estimator][INFO] - INFO: Using Linear Regression Estimator
[2026-04-24 04:37:18,763][dowhy.causal_estimator][WARNING] - No directed path from ['X0'] to ['X3'].
[2026-04-24 04:37:18,764][dowhy.causal_model][INFO] - Model to find the causal effect of treatment ['X0'] on outcome ['X4']
[2026-04-24 04:37:18,764][dowhy.causal_identifier.auto_identifier][WARNING] - No directed path from treatment to outcome. Causal Effect is zero.
[2026-04-24 04:37:18,764][dowhy.causal_model][INFO] - linear_regression
[2026-04-24 04:37:18,764][dowhy.causal_estimator][INFO] - INFO: Using Linear Regression Estimator
[2026-04-24 04:37:18,764][dowhy.causal_estimator][WARNING] - No directed path from ['X0'] to ['X4'].
[2026-04-24 04:37:18,766][dowhy.causal_model][INFO] - Model to find the causal effect of treatment ['X0'] on outcome ['X5']
[2026-04-24 04:37:18,767][dowhy.causal_identifier.auto_identifier][INFO] - Causal effect can be identified.
[2026-04-24 04:37:18,768][dowhy.causal_identifier.auto_identifier][INFO] - Instrumental variables for treatment and outcome:[]
[2026-04-24 04:37:18,768][dowhy.causal_identifier.auto_identifier][INFO] - Frontdoor variables for treatment and outcome:[]
[2026-04-24 04:37:18,768][dowhy.causal_model][INFO] - linear_regression
[2026-04-24 04:37:18,768][dowhy.causal_estimator][INFO] - INFO: Using Linear Regression Estimator
[2026-04-24 04:37:18,768][dowhy.causal_estimator][INFO] - b: X5~X0+X0*X1
[2026-04-24 04:37:18,776][dowhy.causal_model][INFO] - Model to find the causal effect of treatment ['X0'] on outcome ['X6']
[2026-04-24 04:37:18,777][dowhy.causal_identifier.auto_identifier][INFO] - Causal effect can be identified.
[2026-04-24 04:37:18,778][dowhy.causal_identifier.auto_identifier][INFO] - Instrumental variables for treatment and outcome:[]
[2026-04-24 04:37:18,778][dowhy.causal_identifier.auto_identifier][INFO] - Frontdoor variables for treatment and outcome:[]
[2026-04-24 04:37:18,778][dowhy.causal_model][INFO] - linear_regression
[2026-04-24 04:37:18,778][dowhy.causal_estimator][INFO] - INFO: Using Linear Regression Estimator
[2026-04-24 04:37:18,779][dowhy.causal_estimator][INFO] - b: X6~X0+X0*X1
[2026-04-24 04:37:18,786][dowhy.causal_model][INFO] - Model to find the causal effect of treatment ['X0'] on outcome ['X7']
[2026-04-24 04:37:18,787][dowhy.causal_identifier.auto_identifier][INFO] - Causal effect can be identified.
[2026-04-24 04:37:18,788][dowhy.causal_identifier.auto_identifier][INFO] - Instrumental variables for treatment and outcome:[]
[2026-04-24 04:37:18,789][dowhy.causal_identifier.auto_identifier][INFO] - Frontdoor variables for treatment and outcome:['X9', 'X5', 'X6']
[2026-04-24 04:37:18,791][dowhy.causal_identifier.auto_identifier][INFO] - Causal effect can be identified.
[2026-04-24 04:37:18,793][dowhy.causal_identifier.auto_identifier][INFO] - Causal effect can be identified.
[2026-04-24 04:37:18,793][dowhy.causal_model][INFO] - linear_regression
[2026-04-24 04:37:18,793][dowhy.causal_estimator][INFO] - INFO: Using Linear Regression Estimator
[2026-04-24 04:37:18,794][dowhy.causal_estimator][INFO] - b: X7~X0+X0*X3+X0*X1+X0*X2
[2026-04-24 04:37:18,801][dowhy.causal_model][INFO] - Model to find the causal effect of treatment ['X0'] on outcome ['X8']
[2026-04-24 04:37:18,802][dowhy.causal_identifier.auto_identifier][INFO] - Causal effect can be identified.
[2026-04-24 04:37:18,803][dowhy.causal_identifier.auto_identifier][INFO] - Instrumental variables for treatment and outcome:[]
[2026-04-24 04:37:18,807][dowhy.causal_identifier.auto_identifier][INFO] - Frontdoor variables for treatment and outcome:['X9', 'X5', 'X6']
[2026-04-24 04:37:18,809][dowhy.causal_identifier.auto_identifier][INFO] - Causal effect can be identified.
[2026-04-24 04:37:18,810][dowhy.causal_identifier.auto_identifier][INFO] - Causal effect can be identified.
[2026-04-24 04:37:18,811][dowhy.causal_model][INFO] - linear_regression
[2026-04-24 04:37:18,811][dowhy.causal_estimator][INFO] - INFO: Using Linear Regression Estimator
[2026-04-24 04:37:18,811][dowhy.causal_estimator][INFO] - b: X8~X0+X0*X3+X0*X1+X0*X2
[2026-04-24 04:37:18,819][dowhy.causal_model][INFO] - Model to find the causal effect of treatment ['X0'] on outcome ['X9']
[2026-04-24 04:37:18,820][dowhy.causal_identifier.auto_identifier][INFO] - Causal effect can be identified.
[2026-04-24 04:37:18,820][dowhy.causal_identifier.auto_identifier][INFO] - Instrumental variables for treatment and outcome:[]
[2026-04-24 04:37:18,826][dowhy.causal_identifier.auto_identifier][INFO] - Frontdoor variables for treatment and outcome:[]
[2026-04-24 04:37:18,826][dowhy.causal_model][INFO] - linear_regression
[2026-04-24 04:37:18,827][dowhy.causal_estimator][INFO] - INFO: Using Linear Regression Estimator
[2026-04-24 04:37:18,827][dowhy.causal_estimator][INFO] - b: X9~X0+X0*X1
[2026-04-24 04:37:18,834][dowhy.causal_model][INFO] - Model to find the causal effect of treatment ['X0'] on outcome ['X10']
[2026-04-24 04:37:18,836][dowhy.causal_identifier.auto_identifier][INFO] - Causal effect can be identified.
[2026-04-24 04:37:18,836][dowhy.causal_identifier.auto_identifier][INFO] - Instrumental variables for treatment and outcome:[]
[2026-04-24 04:37:18,847][dowhy.causal_identifier.auto_identifier][INFO] - Frontdoor variables for treatment and outcome:['X9', 'X5', 'X6']
[2026-04-24 04:37:18,849][dowhy.causal_identifier.auto_identifier][INFO] - Causal effect can be identified.
[2026-04-24 04:37:18,851][dowhy.causal_identifier.auto_identifier][INFO] - Causal effect can be identified.
[2026-04-24 04:37:18,852][dowhy.causal_model][INFO] - linear_regression
[2026-04-24 04:37:18,852][dowhy.causal_estimator][INFO] - INFO: Using Linear Regression Estimator
[2026-04-24 04:37:18,852][dowhy.causal_estimator][INFO] - b: X10~X0+X0*X3+X0*X1+X0*X2
[2026-04-24 04:37:18,860][dowhy.causal_model][INFO] - Model to find the causal effect of treatment ['X0'] on outcome ['X11']
[2026-04-24 04:37:18,862][dowhy.causal_identifier.auto_identifier][INFO] - Causal effect can be identified.
[2026-04-24 04:37:18,863][dowhy.causal_identifier.auto_identifier][INFO] - Instrumental variables for treatment and outcome:[]
[2026-04-24 04:37:18,866][dowhy.causal_identifier.auto_identifier][INFO] - Frontdoor variables for treatment and outcome:['X7', 'X9', 'X5', 'X10', 'X8', 'X6']
[2026-04-24 04:37:18,868][dowhy.causal_identifier.auto_identifier][INFO] - Causal effect can be identified.
[2026-04-24 04:37:18,870][dowhy.causal_identifier.auto_identifier][INFO] - Causal effect can be identified.
[2026-04-24 04:37:18,871][dowhy.causal_model][INFO] - linear_regression
[2026-04-24 04:37:18,871][dowhy.causal_estimator][INFO] - INFO: Using Linear Regression Estimator
[2026-04-24 04:37:18,872][dowhy.causal_estimator][INFO] - b: X11~X0+X0*X3+X0*X4+X0*X1+X0*X2
[2026-04-24 04:37:18,921][dowhy.causal_model][INFO] - Model to find the causal effect of treatment ['X1'] on outcome ['X0']
[2026-04-24 04:37:18,921][dowhy.causal_identifier.auto_identifier][WARNING] - No directed path from treatment to outcome. Causal Effect is zero.
[2026-04-24 04:37:18,921][dowhy.causal_model][INFO] - linear_regression
[2026-04-24 04:37:18,921][dowhy.causal_estimator][INFO] - INFO: Using Linear Regression Estimator
[2026-04-24 04:37:18,921][dowhy.causal_estimator][WARNING] - No directed path from ['X1'] to ['X0'].
[2026-04-24 04:37:18,923][dowhy.causal_model][INFO] - Model to find the causal effect of treatment ['X1'] on outcome ['X2']
[2026-04-24 04:37:18,923][dowhy.causal_identifier.auto_identifier][WARNING] - No directed path from treatment to outcome. Causal Effect is zero.
[2026-04-24 04:37:18,923][dowhy.causal_model][INFO] - linear_regression
[2026-04-24 04:37:18,923][dowhy.causal_estimator][INFO] - INFO: Using Linear Regression Estimator
[2026-04-24 04:37:18,923][dowhy.causal_estimator][WARNING] - No directed path from ['X1'] to ['X2'].
[2026-04-24 04:37:18,925][dowhy.causal_model][INFO] - Model to find the causal effect of treatment ['X1'] on outcome ['X3']
[2026-04-24 04:37:18,925][dowhy.causal_identifier.auto_identifier][WARNING] - No directed path from treatment to outcome. Causal Effect is zero.
[2026-04-24 04:37:18,925][dowhy.causal_model][INFO] - linear_regression
[2026-04-24 04:37:18,925][dowhy.causal_estimator][INFO] - INFO: Using Linear Regression Estimator
[2026-04-24 04:37:18,925][dowhy.causal_estimator][WARNING] - No directed path from ['X1'] to ['X3'].
[2026-04-24 04:37:18,927][dowhy.causal_model][INFO] - Model to find the causal effect of treatment ['X1'] on outcome ['X4']
[2026-04-24 04:37:18,927][dowhy.causal_identifier.auto_identifier][WARNING] - No directed path from treatment to outcome. Causal Effect is zero.
[2026-04-24 04:37:18,928][dowhy.causal_model][INFO] - linear_regression
[2026-04-24 04:37:18,928][dowhy.causal_estimator][INFO] - INFO: Using Linear Regression Estimator
[2026-04-24 04:37:18,928][dowhy.causal_estimator][WARNING] - No directed path from ['X1'] to ['X4'].
[2026-04-24 04:37:18,930][dowhy.causal_model][INFO] - Model to find the causal effect of treatment ['X1'] on outcome ['X5']
[2026-04-24 04:37:18,931][dowhy.causal_identifier.auto_identifier][INFO] - Causal effect can be identified.
[2026-04-24 04:37:18,931][dowhy.causal_identifier.auto_identifier][INFO] - Instrumental variables for treatment and outcome:[]
[2026-04-24 04:37:18,931][dowhy.causal_identifier.auto_identifier][INFO] - Frontdoor variables for treatment and outcome:[]
[2026-04-24 04:37:18,932][dowhy.causal_model][INFO] - linear_regression
[2026-04-24 04:37:18,932][dowhy.causal_estimator][INFO] - INFO: Using Linear Regression Estimator
[2026-04-24 04:37:18,932][dowhy.causal_estimator][INFO] - b: X5~X1+X1*X0
[2026-04-24 04:37:18,940][dowhy.causal_model][INFO] - Model to find the causal effect of treatment ['X1'] on outcome ['X6']
[2026-04-24 04:37:18,942][dowhy.causal_identifier.auto_identifier][INFO] - Causal effect can be identified.
[2026-04-24 04:37:18,942][dowhy.causal_identifier.auto_identifier][INFO] - Instrumental variables for treatment and outcome:[]
[2026-04-24 04:37:18,943][dowhy.causal_identifier.auto_identifier][INFO] - Frontdoor variables for treatment and outcome:[]
[2026-04-24 04:37:18,943][dowhy.causal_model][INFO] - linear_regression
[2026-04-24 04:37:18,943][dowhy.causal_estimator][INFO] - INFO: Using Linear Regression Estimator
[2026-04-24 04:37:18,943][dowhy.causal_estimator][INFO] - b: X6~X1+X1*X0
[2026-04-24 04:37:18,951][dowhy.causal_model][INFO] - Model to find the causal effect of treatment ['X1'] on outcome ['X7']
[2026-04-24 04:37:18,953][dowhy.causal_identifier.auto_identifier][INFO] - Causal effect can be identified.
[2026-04-24 04:37:18,953][dowhy.causal_identifier.auto_identifier][INFO] - Instrumental variables for treatment and outcome:[]
[2026-04-24 04:37:18,955][dowhy.causal_identifier.auto_identifier][INFO] - Frontdoor variables for treatment and outcome:['X9', 'X5', 'X6']
[2026-04-24 04:37:18,956][dowhy.causal_identifier.auto_identifier][INFO] - Causal effect can be identified.
[2026-04-24 04:37:18,958][dowhy.causal_identifier.auto_identifier][INFO] - Causal effect can be identified.
[2026-04-24 04:37:18,959][dowhy.causal_model][INFO] - linear_regression
[2026-04-24 04:37:18,959][dowhy.causal_estimator][INFO] - INFO: Using Linear Regression Estimator
[2026-04-24 04:37:18,959][dowhy.causal_estimator][INFO] - b: X7~X1+X1*X0+X1*X3+X1*X2
[2026-04-24 04:37:18,967][dowhy.causal_model][INFO] - Model to find the causal effect of treatment ['X1'] on outcome ['X8']
[2026-04-24 04:37:18,969][dowhy.causal_identifier.auto_identifier][INFO] - Causal effect can be identified.
[2026-04-24 04:37:18,969][dowhy.causal_identifier.auto_identifier][INFO] - Instrumental variables for treatment and outcome:[]
[2026-04-24 04:37:18,974][dowhy.causal_identifier.auto_identifier][INFO] - Frontdoor variables for treatment and outcome:['X9', 'X5', 'X6']
[2026-04-24 04:37:18,975][dowhy.causal_identifier.auto_identifier][INFO] - Causal effect can be identified.
[2026-04-24 04:37:18,977][dowhy.causal_identifier.auto_identifier][INFO] - Causal effect can be identified.
[2026-04-24 04:37:18,978][dowhy.causal_model][INFO] - linear_regression
[2026-04-24 04:37:18,978][dowhy.causal_estimator][INFO] - INFO: Using Linear Regression Estimator
[2026-04-24 04:37:18,978][dowhy.causal_estimator][INFO] - b: X8~X1+X1*X0+X1*X3+X1*X2
[2026-04-24 04:37:18,985][dowhy.causal_model][INFO] - Model to find the causal effect of treatment ['X1'] on outcome ['X9']
[2026-04-24 04:37:18,986][dowhy.causal_identifier.auto_identifier][INFO] - Causal effect can be identified.
[2026-04-24 04:37:18,987][dowhy.causal_identifier.auto_identifier][INFO] - Instrumental variables for treatment and outcome:[]
[2026-04-24 04:37:18,993][dowhy.causal_identifier.auto_identifier][INFO] - Frontdoor variables for treatment and outcome:[]
[2026-04-24 04:37:18,993][dowhy.causal_model][INFO] - linear_regression
[2026-04-24 04:37:18,993][dowhy.causal_estimator][INFO] - INFO: Using Linear Regression Estimator
[2026-04-24 04:37:18,993][dowhy.causal_estimator][INFO] - b: X9~X1+X1*X0
[2026-04-24 04:37:19,001][dowhy.causal_model][INFO] - Model to find the causal effect of treatment ['X1'] on outcome ['X10']
[2026-04-24 04:37:19,002][dowhy.causal_identifier.auto_identifier][INFO] - Causal effect can be identified.
[2026-04-24 04:37:19,003][dowhy.causal_identifier.auto_identifier][INFO] - Instrumental variables for treatment and outcome:[]
[2026-04-24 04:37:19,014][dowhy.causal_identifier.auto_identifier][INFO] - Frontdoor variables for treatment and outcome:['X9', 'X5', 'X6']
[2026-04-24 04:37:19,015][dowhy.causal_identifier.auto_identifier][INFO] - Causal effect can be identified.
[2026-04-24 04:37:19,017][dowhy.causal_identifier.auto_identifier][INFO] - Causal effect can be identified.
[2026-04-24 04:37:19,018][dowhy.causal_model][INFO] - linear_regression
[2026-04-24 04:37:19,018][dowhy.causal_estimator][INFO] - INFO: Using Linear Regression Estimator
[2026-04-24 04:37:19,018][dowhy.causal_estimator][INFO] - b: X10~X1+X1*X0+X1*X3+X1*X2
[2026-04-24 04:37:19,025][dowhy.causal_model][INFO] - Model to find the causal effect of treatment ['X1'] on outcome ['X11']
[2026-04-24 04:37:19,027][dowhy.causal_identifier.auto_identifier][INFO] - Causal effect can be identified.
[2026-04-24 04:37:19,027][dowhy.causal_identifier.auto_identifier][INFO] - Instrumental variables for treatment and outcome:[]
[2026-04-24 04:37:19,030][dowhy.causal_identifier.auto_identifier][INFO] - Frontdoor variables for treatment and outcome:['X7', 'X9', 'X5', 'X10', 'X8', 'X6']
[2026-04-24 04:37:19,032][dowhy.causal_identifier.auto_identifier][INFO] - Causal effect can be identified.
[2026-04-24 04:37:19,034][dowhy.causal_identifier.auto_identifier][INFO] - Causal effect can be identified.
[2026-04-24 04:37:19,035][dowhy.causal_model][INFO] - linear_regression
[2026-04-24 04:37:19,035][dowhy.causal_estimator][INFO] - INFO: Using Linear Regression Estimator
[2026-04-24 04:37:19,036][dowhy.causal_estimator][INFO] - b: X11~X1+X1*X4+X1*X3+X1*X2+X1*X0
[2026-04-24 04:37:19,082][dowhy.causal_model][INFO] - Model to find the causal effect of treatment ['X2'] on outcome ['X0']
[2026-04-24 04:37:19,082][dowhy.causal_identifier.auto_identifier][WARNING] - No directed path from treatment to outcome. Causal Effect is zero.
[2026-04-24 04:37:19,082][dowhy.causal_model][INFO] - linear_regression
[2026-04-24 04:37:19,082][dowhy.causal_estimator][INFO] - INFO: Using Linear Regression Estimator
[2026-04-24 04:37:19,082][dowhy.causal_estimator][WARNING] - No directed path from ['X2'] to ['X0'].
[2026-04-24 04:37:19,084][dowhy.causal_model][INFO] - Model to find the causal effect of treatment ['X2'] on outcome ['X1']
[2026-04-24 04:37:19,084][dowhy.causal_identifier.auto_identifier][WARNING] - No directed path from treatment to outcome. Causal Effect is zero.
[2026-04-24 04:37:19,084][dowhy.causal_model][INFO] - linear_regression
[2026-04-24 04:37:19,084][dowhy.causal_estimator][INFO] - INFO: Using Linear Regression Estimator
[2026-04-24 04:37:19,084][dowhy.causal_estimator][WARNING] - No directed path from ['X2'] to ['X1'].
[2026-04-24 04:37:19,086][dowhy.causal_model][INFO] - Model to find the causal effect of treatment ['X2'] on outcome ['X3']
[2026-04-24 04:37:19,086][dowhy.causal_identifier.auto_identifier][WARNING] - No directed path from treatment to outcome. Causal Effect is zero.
[2026-04-24 04:37:19,086][dowhy.causal_model][INFO] - linear_regression
[2026-04-24 04:37:19,086][dowhy.causal_estimator][INFO] - INFO: Using Linear Regression Estimator
[2026-04-24 04:37:19,086][dowhy.causal_estimator][WARNING] - No directed path from ['X2'] to ['X3'].
[2026-04-24 04:37:19,088][dowhy.causal_model][INFO] - Model to find the causal effect of treatment ['X2'] on outcome ['X4']
[2026-04-24 04:37:19,088][dowhy.causal_identifier.auto_identifier][WARNING] - No directed path from treatment to outcome. Causal Effect is zero.
[2026-04-24 04:37:19,088][dowhy.causal_model][INFO] - linear_regression
[2026-04-24 04:37:19,088][dowhy.causal_estimator][INFO] - INFO: Using Linear Regression Estimator
[2026-04-24 04:37:19,088][dowhy.causal_estimator][WARNING] - No directed path from ['X2'] to ['X4'].
[2026-04-24 04:37:19,090][dowhy.causal_model][INFO] - Model to find the causal effect of treatment ['X2'] on outcome ['X5']
[2026-04-24 04:37:19,090][dowhy.causal_identifier.auto_identifier][WARNING] - No directed path from treatment to outcome. Causal Effect is zero.
[2026-04-24 04:37:19,090][dowhy.causal_model][INFO] - linear_regression
[2026-04-24 04:37:19,090][dowhy.causal_estimator][INFO] - INFO: Using Linear Regression Estimator
[2026-04-24 04:37:19,090][dowhy.causal_estimator][WARNING] - No directed path from ['X2'] to ['X5'].
[2026-04-24 04:37:19,092][dowhy.causal_model][INFO] - Model to find the causal effect of treatment ['X2'] on outcome ['X6']
[2026-04-24 04:37:19,092][dowhy.causal_identifier.auto_identifier][WARNING] - No directed path from treatment to outcome. Causal Effect is zero.
[2026-04-24 04:37:19,092][dowhy.causal_model][INFO] - linear_regression
[2026-04-24 04:37:19,092][dowhy.causal_estimator][INFO] - INFO: Using Linear Regression Estimator
[2026-04-24 04:37:19,092][dowhy.causal_estimator][WARNING] - No directed path from ['X2'] to ['X6'].
[2026-04-24 04:37:19,094][dowhy.causal_model][INFO] - Model to find the causal effect of treatment ['X2'] on outcome ['X7']
[2026-04-24 04:37:19,096][dowhy.causal_identifier.auto_identifier][INFO] - Causal effect can be identified.
[2026-04-24 04:37:19,097][dowhy.causal_identifier.auto_identifier][INFO] - Instrumental variables for treatment and outcome:[]
[2026-04-24 04:37:19,097][dowhy.causal_identifier.auto_identifier][INFO] - Frontdoor variables for treatment and outcome:[]
[2026-04-24 04:37:19,097][dowhy.causal_model][INFO] - linear_regression
[2026-04-24 04:37:19,097][dowhy.causal_estimator][INFO] - INFO: Using Linear Regression Estimator
[2026-04-24 04:37:19,097][dowhy.causal_estimator][INFO] - b: X7~X2+X2*X1+X2*X3+X2*X5+X2*X0+X2*X6
[2026-04-24 04:37:19,107][dowhy.causal_model][INFO] - Model to find the causal effect of treatment ['X2'] on outcome ['X8']
[2026-04-24 04:37:19,109][dowhy.causal_identifier.auto_identifier][INFO] - Causal effect can be identified.
[2026-04-24 04:37:19,110][dowhy.causal_identifier.auto_identifier][INFO] - Instrumental variables for treatment and outcome:[]
[2026-04-24 04:37:19,110][dowhy.causal_identifier.auto_identifier][INFO] - Frontdoor variables for treatment and outcome:[]
[2026-04-24 04:37:19,111][dowhy.causal_model][INFO] - linear_regression
[2026-04-24 04:37:19,111][dowhy.causal_estimator][INFO] - INFO: Using Linear Regression Estimator
[2026-04-24 04:37:19,111][dowhy.causal_estimator][INFO] - b: X8~X2+X2*X1+X2*X3+X2*X5+X2*X0+X2*X6
[2026-04-24 04:37:19,120][dowhy.causal_model][INFO] - Model to find the causal effect of treatment ['X2'] on outcome ['X9']
[2026-04-24 04:37:19,120][dowhy.causal_identifier.auto_identifier][WARNING] - No directed path from treatment to outcome. Causal Effect is zero.
[2026-04-24 04:37:19,120][dowhy.causal_model][INFO] - linear_regression
[2026-04-24 04:37:19,120][dowhy.causal_estimator][INFO] - INFO: Using Linear Regression Estimator
[2026-04-24 04:37:19,120][dowhy.causal_estimator][WARNING] - No directed path from ['X2'] to ['X9'].
[2026-04-24 04:37:19,122][dowhy.causal_model][INFO] - Model to find the causal effect of treatment ['X2'] on outcome ['X10']
[2026-04-24 04:37:19,124][dowhy.causal_identifier.auto_identifier][INFO] - Causal effect can be identified.
[2026-04-24 04:37:19,125][dowhy.causal_identifier.auto_identifier][INFO] - Instrumental variables for treatment and outcome:[]
[2026-04-24 04:37:19,126][dowhy.causal_identifier.auto_identifier][INFO] - Frontdoor variables for treatment and outcome:[]
[2026-04-24 04:37:19,126][dowhy.causal_model][INFO] - linear_regression
[2026-04-24 04:37:19,126][dowhy.causal_estimator][INFO] - INFO: Using Linear Regression Estimator
[2026-04-24 04:37:19,127][dowhy.causal_estimator][INFO] - b: X10~X2+X2*X1+X2*X3+X2*X5+X2*X0+X2*X6
[2026-04-24 04:37:19,136][dowhy.causal_model][INFO] - Model to find the causal effect of treatment ['X2'] on outcome ['X11']
[2026-04-24 04:37:19,138][dowhy.causal_identifier.auto_identifier][INFO] - Causal effect can be identified.
[2026-04-24 04:37:19,139][dowhy.causal_identifier.auto_identifier][INFO] - Instrumental variables for treatment and outcome:[]
[2026-04-24 04:37:19,141][dowhy.causal_identifier.auto_identifier][INFO] - Frontdoor variables for treatment and outcome:['X10', 'X8', 'X7']
[2026-04-24 04:37:19,143][dowhy.causal_identifier.auto_identifier][INFO] - Causal effect can be identified.
[2026-04-24 04:37:19,147][dowhy.causal_identifier.auto_identifier][INFO] - Causal effect can be identified.
[2026-04-24 04:37:19,148][dowhy.causal_model][INFO] - linear_regression
[2026-04-24 04:37:19,148][dowhy.causal_estimator][INFO] - INFO: Using Linear Regression Estimator
[2026-04-24 04:37:19,148][dowhy.causal_estimator][INFO] - b: X11~X2+X2*X4+X2*X1+X2*X3+X2*X5+X2*X0+X2*X6
[2026-04-24 04:37:19,194][dowhy.causal_model][INFO] - Model to find the causal effect of treatment ['X3'] on outcome ['X0']
[2026-04-24 04:37:19,194][dowhy.causal_identifier.auto_identifier][WARNING] - No directed path from treatment to outcome. Causal Effect is zero.
[2026-04-24 04:37:19,194][dowhy.causal_model][INFO] - linear_regression
[2026-04-24 04:37:19,194][dowhy.causal_estimator][INFO] - INFO: Using Linear Regression Estimator
[2026-04-24 04:37:19,194][dowhy.causal_estimator][WARNING] - No directed path from ['X3'] to ['X0'].
[2026-04-24 04:37:19,196][dowhy.causal_model][INFO] - Model to find the causal effect of treatment ['X3'] on outcome ['X1']
[2026-04-24 04:37:19,196][dowhy.causal_identifier.auto_identifier][WARNING] - No directed path from treatment to outcome. Causal Effect is zero.
[2026-04-24 04:37:19,196][dowhy.causal_model][INFO] - linear_regression
[2026-04-24 04:37:19,196][dowhy.causal_estimator][INFO] - INFO: Using Linear Regression Estimator
[2026-04-24 04:37:19,196][dowhy.causal_estimator][WARNING] - No directed path from ['X3'] to ['X1'].
[2026-04-24 04:37:19,198][dowhy.causal_model][INFO] - Model to find the causal effect of treatment ['X3'] on outcome ['X2']
[2026-04-24 04:37:19,198][dowhy.causal_identifier.auto_identifier][WARNING] - No directed path from treatment to outcome. Causal Effect is zero.
[2026-04-24 04:37:19,198][dowhy.causal_model][INFO] - linear_regression
[2026-04-24 04:37:19,198][dowhy.causal_estimator][INFO] - INFO: Using Linear Regression Estimator
[2026-04-24 04:37:19,198][dowhy.causal_estimator][WARNING] - No directed path from ['X3'] to ['X2'].
[2026-04-24 04:37:19,200][dowhy.causal_model][INFO] - Model to find the causal effect of treatment ['X3'] on outcome ['X4']
[2026-04-24 04:37:19,200][dowhy.causal_identifier.auto_identifier][WARNING] - No directed path from treatment to outcome. Causal Effect is zero.
[2026-04-24 04:37:19,200][dowhy.causal_model][INFO] - linear_regression
[2026-04-24 04:37:19,200][dowhy.causal_estimator][INFO] - INFO: Using Linear Regression Estimator
[2026-04-24 04:37:19,200][dowhy.causal_estimator][WARNING] - No directed path from ['X3'] to ['X4'].
[2026-04-24 04:37:19,202][dowhy.causal_model][INFO] - Model to find the causal effect of treatment ['X3'] on outcome ['X5']
[2026-04-24 04:37:19,202][dowhy.causal_identifier.auto_identifier][WARNING] - No directed path from treatment to outcome. Causal Effect is zero.
[2026-04-24 04:37:19,202][dowhy.causal_model][INFO] - linear_regression
[2026-04-24 04:37:19,202][dowhy.causal_estimator][INFO] - INFO: Using Linear Regression Estimator
[2026-04-24 04:37:19,202][dowhy.causal_estimator][WARNING] - No directed path from ['X3'] to ['X5'].
[2026-04-24 04:37:19,203][dowhy.causal_model][INFO] - Model to find the causal effect of treatment ['X3'] on outcome ['X6']
[2026-04-24 04:37:19,203][dowhy.causal_identifier.auto_identifier][WARNING] - No directed path from treatment to outcome. Causal Effect is zero.
[2026-04-24 04:37:19,203][dowhy.causal_model][INFO] - linear_regression
[2026-04-24 04:37:19,203][dowhy.causal_estimator][INFO] - INFO: Using Linear Regression Estimator
[2026-04-24 04:37:19,203][dowhy.causal_estimator][WARNING] - No directed path from ['X3'] to ['X6'].
[2026-04-24 04:37:19,205][dowhy.causal_model][INFO] - Model to find the causal effect of treatment ['X3'] on outcome ['X7']
[2026-04-24 04:37:19,207][dowhy.causal_identifier.auto_identifier][INFO] - Causal effect can be identified.
[2026-04-24 04:37:19,208][dowhy.causal_identifier.auto_identifier][INFO] - Instrumental variables for treatment and outcome:[]
[2026-04-24 04:37:19,208][dowhy.causal_identifier.auto_identifier][INFO] - Frontdoor variables for treatment and outcome:[]
[2026-04-24 04:37:19,208][dowhy.causal_model][INFO] - linear_regression
[2026-04-24 04:37:19,208][dowhy.causal_estimator][INFO] - INFO: Using Linear Regression Estimator
[2026-04-24 04:37:19,209][dowhy.causal_estimator][INFO] - b: X7~X3+X3*X1+X3*X2+X3*X5+X3*X0+X3*X6
[2026-04-24 04:37:19,217][dowhy.causal_model][INFO] - Model to find the causal effect of treatment ['X3'] on outcome ['X8']
[2026-04-24 04:37:19,219][dowhy.causal_identifier.auto_identifier][INFO] - Causal effect can be identified.
[2026-04-24 04:37:19,220][dowhy.causal_identifier.auto_identifier][INFO] - Instrumental variables for treatment and outcome:[]
[2026-04-24 04:37:19,220][dowhy.causal_identifier.auto_identifier][INFO] - Frontdoor variables for treatment and outcome:[]
[2026-04-24 04:37:19,220][dowhy.causal_model][INFO] - linear_regression
[2026-04-24 04:37:19,220][dowhy.causal_estimator][INFO] - INFO: Using Linear Regression Estimator
[2026-04-24 04:37:19,220][dowhy.causal_estimator][INFO] - b: X8~X3+X3*X1+X3*X2+X3*X5+X3*X0+X3*X6
[2026-04-24 04:37:19,228][dowhy.causal_model][INFO] - Model to find the causal effect of treatment ['X3'] on outcome ['X9']
[2026-04-24 04:37:19,228][dowhy.causal_identifier.auto_identifier][WARNING] - No directed path from treatment to outcome. Causal Effect is zero.
[2026-04-24 04:37:19,228][dowhy.causal_model][INFO] - linear_regression
[2026-04-24 04:37:19,229][dowhy.causal_estimator][INFO] - INFO: Using Linear Regression Estimator
[2026-04-24 04:37:19,229][dowhy.causal_estimator][WARNING] - No directed path from ['X3'] to ['X9'].
[2026-04-24 04:37:19,230][dowhy.causal_model][INFO] - Model to find the causal effect of treatment ['X3'] on outcome ['X10']
[2026-04-24 04:37:19,232][dowhy.causal_identifier.auto_identifier][INFO] - Causal effect can be identified.
[2026-04-24 04:37:19,233][dowhy.causal_identifier.auto_identifier][INFO] - Instrumental variables for treatment and outcome:[]
[2026-04-24 04:37:19,234][dowhy.causal_identifier.auto_identifier][INFO] - Frontdoor variables for treatment and outcome:[]
[2026-04-24 04:37:19,234][dowhy.causal_model][INFO] - linear_regression
[2026-04-24 04:37:19,234][dowhy.causal_estimator][INFO] - INFO: Using Linear Regression Estimator
[2026-04-24 04:37:19,234][dowhy.causal_estimator][INFO] - b: X10~X3+X3*X1+X3*X2+X3*X5+X3*X0+X3*X6
[2026-04-24 04:37:19,242][dowhy.causal_model][INFO] - Model to find the causal effect of treatment ['X3'] on outcome ['X11']
[2026-04-24 04:37:19,244][dowhy.causal_identifier.auto_identifier][INFO] - Causal effect can be identified.
[2026-04-24 04:37:19,245][dowhy.causal_identifier.auto_identifier][INFO] - Instrumental variables for treatment and outcome:[]
[2026-04-24 04:37:19,247][dowhy.causal_identifier.auto_identifier][INFO] - Frontdoor variables for treatment and outcome:['X10', 'X8', 'X7']
[2026-04-24 04:37:19,249][dowhy.causal_identifier.auto_identifier][INFO] - Causal effect can be identified.
[2026-04-24 04:37:19,252][dowhy.causal_identifier.auto_identifier][INFO] - Causal effect can be identified.
[2026-04-24 04:37:19,253][dowhy.causal_model][INFO] - linear_regression
[2026-04-24 04:37:19,253][dowhy.causal_estimator][INFO] - INFO: Using Linear Regression Estimator
[2026-04-24 04:37:19,254][dowhy.causal_estimator][INFO] - b: X11~X3+X3*X4+X3*X1+X3*X2+X3*X5+X3*X0+X3*X6
[2026-04-24 04:37:19,295][dowhy.causal_model][INFO] - Model to find the causal effect of treatment ['X4'] on outcome ['X0']
[2026-04-24 04:37:19,295][dowhy.causal_identifier.auto_identifier][WARNING] - No directed path from treatment to outcome. Causal Effect is zero.
[2026-04-24 04:37:19,295][dowhy.causal_model][INFO] - linear_regression
[2026-04-24 04:37:19,295][dowhy.causal_estimator][INFO] - INFO: Using Linear Regression Estimator
[2026-04-24 04:37:19,295][dowhy.causal_estimator][WARNING] - No directed path from ['X4'] to ['X0'].
[2026-04-24 04:37:19,297][dowhy.causal_model][INFO] - Model to find the causal effect of treatment ['X4'] on outcome ['X1']
[2026-04-24 04:37:19,297][dowhy.causal_identifier.auto_identifier][WARNING] - No directed path from treatment to outcome. Causal Effect is zero.
[2026-04-24 04:37:19,297][dowhy.causal_model][INFO] - linear_regression
[2026-04-24 04:37:19,297][dowhy.causal_estimator][INFO] - INFO: Using Linear Regression Estimator
[2026-04-24 04:37:19,297][dowhy.causal_estimator][WARNING] - No directed path from ['X4'] to ['X1'].
[2026-04-24 04:37:19,298][dowhy.causal_model][INFO] - Model to find the causal effect of treatment ['X4'] on outcome ['X2']
[2026-04-24 04:37:19,299][dowhy.causal_identifier.auto_identifier][WARNING] - No directed path from treatment to outcome. Causal Effect is zero.
[2026-04-24 04:37:19,299][dowhy.causal_model][INFO] - linear_regression
[2026-04-24 04:37:19,299][dowhy.causal_estimator][INFO] - INFO: Using Linear Regression Estimator
[2026-04-24 04:37:19,299][dowhy.causal_estimator][WARNING] - No directed path from ['X4'] to ['X2'].
[2026-04-24 04:37:19,301][dowhy.causal_model][INFO] - Model to find the causal effect of treatment ['X4'] on outcome ['X3']
[2026-04-24 04:37:19,301][dowhy.causal_identifier.auto_identifier][WARNING] - No directed path from treatment to outcome. Causal Effect is zero.
[2026-04-24 04:37:19,301][dowhy.causal_model][INFO] - linear_regression
[2026-04-24 04:37:19,301][dowhy.causal_estimator][INFO] - INFO: Using Linear Regression Estimator
[2026-04-24 04:37:19,301][dowhy.causal_estimator][WARNING] - No directed path from ['X4'] to ['X3'].
[2026-04-24 04:37:19,303][dowhy.causal_model][INFO] - Model to find the causal effect of treatment ['X4'] on outcome ['X5']
[2026-04-24 04:37:19,303][dowhy.causal_identifier.auto_identifier][WARNING] - No directed path from treatment to outcome. Causal Effect is zero.
[2026-04-24 04:37:19,303][dowhy.causal_model][INFO] - linear_regression
[2026-04-24 04:37:19,303][dowhy.causal_estimator][INFO] - INFO: Using Linear Regression Estimator
[2026-04-24 04:37:19,303][dowhy.causal_estimator][WARNING] - No directed path from ['X4'] to ['X5'].
[2026-04-24 04:37:19,305][dowhy.causal_model][INFO] - Model to find the causal effect of treatment ['X4'] on outcome ['X6']
[2026-04-24 04:37:19,305][dowhy.causal_identifier.auto_identifier][WARNING] - No directed path from treatment to outcome. Causal Effect is zero.
[2026-04-24 04:37:19,305][dowhy.causal_model][INFO] - linear_regression
[2026-04-24 04:37:19,305][dowhy.causal_estimator][INFO] - INFO: Using Linear Regression Estimator
[2026-04-24 04:37:19,305][dowhy.causal_estimator][WARNING] - No directed path from ['X4'] to ['X6'].
[2026-04-24 04:37:19,307][dowhy.causal_model][INFO] - Model to find the causal effect of treatment ['X4'] on outcome ['X7']
[2026-04-24 04:37:19,307][dowhy.causal_identifier.auto_identifier][WARNING] - No directed path from treatment to outcome. Causal Effect is zero.
[2026-04-24 04:37:19,307][dowhy.causal_model][INFO] - linear_regression
[2026-04-24 04:37:19,307][dowhy.causal_estimator][INFO] - INFO: Using Linear Regression Estimator
[2026-04-24 04:37:19,307][dowhy.causal_estimator][WARNING] - No directed path from ['X4'] to ['X7'].
[2026-04-24 04:37:19,309][dowhy.causal_model][INFO] - Model to find the causal effect of treatment ['X4'] on outcome ['X8']
[2026-04-24 04:37:19,309][dowhy.causal_identifier.auto_identifier][WARNING] - No directed path from treatment to outcome. Causal Effect is zero.
[2026-04-24 04:37:19,309][dowhy.causal_model][INFO] - linear_regression
[2026-04-24 04:37:19,309][dowhy.causal_estimator][INFO] - INFO: Using Linear Regression Estimator
[2026-04-24 04:37:19,309][dowhy.causal_estimator][WARNING] - No directed path from ['X4'] to ['X8'].
[2026-04-24 04:37:19,311][dowhy.causal_model][INFO] - Model to find the causal effect of treatment ['X4'] on outcome ['X9']
[2026-04-24 04:37:19,312][dowhy.causal_identifier.auto_identifier][WARNING] - No directed path from treatment to outcome. Causal Effect is zero.
[2026-04-24 04:37:19,312][dowhy.causal_model][INFO] - linear_regression
[2026-04-24 04:37:19,312][dowhy.causal_estimator][INFO] - INFO: Using Linear Regression Estimator
[2026-04-24 04:37:19,312][dowhy.causal_estimator][WARNING] - No directed path from ['X4'] to ['X9'].
[2026-04-24 04:37:19,313][dowhy.causal_model][INFO] - Model to find the causal effect of treatment ['X4'] on outcome ['X10']
[2026-04-24 04:37:19,313][dowhy.causal_identifier.auto_identifier][WARNING] - No directed path from treatment to outcome. Causal Effect is zero.
[2026-04-24 04:37:19,314][dowhy.causal_model][INFO] - linear_regression
[2026-04-24 04:37:19,314][dowhy.causal_estimator][INFO] - INFO: Using Linear Regression Estimator
[2026-04-24 04:37:19,314][dowhy.causal_estimator][WARNING] - No directed path from ['X4'] to ['X10'].
[2026-04-24 04:37:19,315][dowhy.causal_model][INFO] - Model to find the causal effect of treatment ['X4'] on outcome ['X11']
[2026-04-24 04:37:19,319][dowhy.causal_identifier.auto_identifier][INFO] - Causal effect can be identified.
[2026-04-24 04:37:19,320][dowhy.causal_identifier.auto_identifier][INFO] - Instrumental variables for treatment and outcome:[]
[2026-04-24 04:37:19,320][dowhy.causal_identifier.auto_identifier][INFO] - Frontdoor variables for treatment and outcome:[]
[2026-04-24 04:37:19,320][dowhy.causal_model][INFO] - linear_regression
[2026-04-24 04:37:19,320][dowhy.causal_estimator][INFO] - INFO: Using Linear Regression Estimator
[2026-04-24 04:37:19,321][dowhy.causal_estimator][INFO] - b: X11~X4+X4*X1+X4*X2+X4*X3+X4*X5+X4*X8+X4*X7+X4*X0+X4*X6
[2026-04-24 04:37:19,371][dowhy.causal_model][INFO] - Model to find the causal effect of treatment ['X5'] on outcome ['X0']
[2026-04-24 04:37:19,371][dowhy.causal_identifier.auto_identifier][WARNING] - No directed path from treatment to outcome. Causal Effect is zero.
[2026-04-24 04:37:19,371][dowhy.causal_model][INFO] - linear_regression
[2026-04-24 04:37:19,372][dowhy.causal_estimator][INFO] - INFO: Using Linear Regression Estimator
[2026-04-24 04:37:19,372][dowhy.causal_estimator][WARNING] - No directed path from ['X5'] to ['X0'].
[2026-04-24 04:37:19,373][dowhy.causal_model][INFO] - Model to find the causal effect of treatment ['X5'] on outcome ['X1']
[2026-04-24 04:37:19,373][dowhy.causal_identifier.auto_identifier][WARNING] - No directed path from treatment to outcome. Causal Effect is zero.
[2026-04-24 04:37:19,373][dowhy.causal_model][INFO] - linear_regression
[2026-04-24 04:37:19,374][dowhy.causal_estimator][INFO] - INFO: Using Linear Regression Estimator
[2026-04-24 04:37:19,374][dowhy.causal_estimator][WARNING] - No directed path from ['X5'] to ['X1'].
[2026-04-24 04:37:19,375][dowhy.causal_model][INFO] - Model to find the causal effect of treatment ['X5'] on outcome ['X2']
[2026-04-24 04:37:19,376][dowhy.causal_identifier.auto_identifier][WARNING] - No directed path from treatment to outcome. Causal Effect is zero.
[2026-04-24 04:37:19,376][dowhy.causal_model][INFO] - linear_regression
[2026-04-24 04:37:19,376][dowhy.causal_estimator][INFO] - INFO: Using Linear Regression Estimator
[2026-04-24 04:37:19,376][dowhy.causal_estimator][WARNING] - No directed path from ['X5'] to ['X2'].
[2026-04-24 04:37:19,378][dowhy.causal_model][INFO] - Model to find the causal effect of treatment ['X5'] on outcome ['X3']
[2026-04-24 04:37:19,378][dowhy.causal_identifier.auto_identifier][WARNING] - No directed path from treatment to outcome. Causal Effect is zero.
[2026-04-24 04:37:19,378][dowhy.causal_model][INFO] - linear_regression
[2026-04-24 04:37:19,378][dowhy.causal_estimator][INFO] - INFO: Using Linear Regression Estimator
[2026-04-24 04:37:19,378][dowhy.causal_estimator][WARNING] - No directed path from ['X5'] to ['X3'].
[2026-04-24 04:37:19,380][dowhy.causal_model][INFO] - Model to find the causal effect of treatment ['X5'] on outcome ['X4']
[2026-04-24 04:37:19,380][dowhy.causal_identifier.auto_identifier][WARNING] - No directed path from treatment to outcome. Causal Effect is zero.
[2026-04-24 04:37:19,380][dowhy.causal_model][INFO] - linear_regression
[2026-04-24 04:37:19,380][dowhy.causal_estimator][INFO] - INFO: Using Linear Regression Estimator
[2026-04-24 04:37:19,380][dowhy.causal_estimator][WARNING] - No directed path from ['X5'] to ['X4'].
[2026-04-24 04:37:19,382][dowhy.causal_model][INFO] - Model to find the causal effect of treatment ['X5'] on outcome ['X6']
[2026-04-24 04:37:19,383][dowhy.causal_identifier.auto_identifier][INFO] - Causal effect can be identified.
[2026-04-24 04:37:19,384][dowhy.causal_identifier.auto_identifier][INFO] - Instrumental variables for treatment and outcome:['X0']
[2026-04-24 04:37:19,384][dowhy.causal_identifier.auto_identifier][INFO] - Frontdoor variables for treatment and outcome:[]
[2026-04-24 04:37:19,384][dowhy.causal_model][INFO] - linear_regression
[2026-04-24 04:37:19,384][dowhy.causal_estimator][INFO] - INFO: Using Linear Regression Estimator
[2026-04-24 04:37:19,385][dowhy.causal_estimator][INFO] - b: X6~X5+X1
[2026-04-24 04:37:19,393][dowhy.causal_model][INFO] - Model to find the causal effect of treatment ['X5'] on outcome ['X7']
[2026-04-24 04:37:19,395][dowhy.causal_identifier.auto_identifier][INFO] - Causal effect can be identified.
[2026-04-24 04:37:19,395][dowhy.causal_identifier.auto_identifier][INFO] - Instrumental variables for treatment and outcome:['X0']
[2026-04-24 04:37:19,396][dowhy.causal_identifier.auto_identifier][INFO] - Frontdoor variables for treatment and outcome:[]
[2026-04-24 04:37:19,396][dowhy.causal_model][INFO] - linear_regression
[2026-04-24 04:37:19,396][dowhy.causal_estimator][INFO] - INFO: Using Linear Regression Estimator
[2026-04-24 04:37:19,397][dowhy.causal_estimator][INFO] - b: X7~X5+X1+X5*X3+X5*X2
[2026-04-24 04:37:19,406][dowhy.causal_model][INFO] - Model to find the causal effect of treatment ['X5'] on outcome ['X8']
[2026-04-24 04:37:19,408][dowhy.causal_identifier.auto_identifier][INFO] - Causal effect can be identified.
[2026-04-24 04:37:19,408][dowhy.causal_identifier.auto_identifier][INFO] - Instrumental variables for treatment and outcome:['X0']
[2026-04-24 04:37:19,411][dowhy.causal_identifier.auto_identifier][INFO] - Frontdoor variables for treatment and outcome:[]
[2026-04-24 04:37:19,411][dowhy.causal_model][INFO] - linear_regression
[2026-04-24 04:37:19,411][dowhy.causal_estimator][INFO] - INFO: Using Linear Regression Estimator
[2026-04-24 04:37:19,411][dowhy.causal_estimator][INFO] - b: X8~X5+X1+X5*X3+X5*X2
[2026-04-24 04:37:19,420][dowhy.causal_model][INFO] - Model to find the causal effect of treatment ['X5'] on outcome ['X9']
[2026-04-24 04:37:19,422][dowhy.causal_identifier.auto_identifier][INFO] - Causal effect can be identified.
[2026-04-24 04:37:19,422][dowhy.causal_identifier.auto_identifier][INFO] - Instrumental variables for treatment and outcome:['X1']
[2026-04-24 04:37:19,425][dowhy.causal_identifier.auto_identifier][INFO] - Frontdoor variables for treatment and outcome:[]
[2026-04-24 04:37:19,425][dowhy.causal_model][INFO] - linear_regression
[2026-04-24 04:37:19,425][dowhy.causal_estimator][INFO] - INFO: Using Linear Regression Estimator
[2026-04-24 04:37:19,425][dowhy.causal_estimator][INFO] - b: X9~X5+X0
[2026-04-24 04:37:19,433][dowhy.causal_model][INFO] - Model to find the causal effect of treatment ['X5'] on outcome ['X10']
[2026-04-24 04:37:19,435][dowhy.causal_identifier.auto_identifier][INFO] - Causal effect can be identified.
[2026-04-24 04:37:19,435][dowhy.causal_identifier.auto_identifier][INFO] - Instrumental variables for treatment and outcome:['X0']
[2026-04-24 04:37:19,440][dowhy.causal_identifier.auto_identifier][INFO] - Frontdoor variables for treatment and outcome:[]
[2026-04-24 04:37:19,440][dowhy.causal_model][INFO] - linear_regression
[2026-04-24 04:37:19,440][dowhy.causal_estimator][INFO] - INFO: Using Linear Regression Estimator
[2026-04-24 04:37:19,441][dowhy.causal_estimator][INFO] - b: X10~X5+X1+X5*X3+X5*X2
[2026-04-24 04:37:19,449][dowhy.causal_model][INFO] - Model to find the causal effect of treatment ['X5'] on outcome ['X11']
[2026-04-24 04:37:19,451][dowhy.causal_identifier.auto_identifier][INFO] - Causal effect can be identified.
[2026-04-24 04:37:19,451][dowhy.causal_identifier.auto_identifier][INFO] - Instrumental variables for treatment and outcome:['X0']
[2026-04-24 04:37:19,457][dowhy.causal_identifier.auto_identifier][INFO] - Frontdoor variables for treatment and outcome:[]
[2026-04-24 04:37:19,457][dowhy.causal_model][INFO] - linear_regression
[2026-04-24 04:37:19,457][dowhy.causal_estimator][INFO] - INFO: Using Linear Regression Estimator
[2026-04-24 04:37:19,458][dowhy.causal_estimator][INFO] - b: X11~X5+X1+X5*X4+X5*X3+X5*X2
[2026-04-24 04:37:19,501][dowhy.causal_model][INFO] - Model to find the causal effect of treatment ['X6'] on outcome ['X0']
[2026-04-24 04:37:19,501][dowhy.causal_identifier.auto_identifier][WARNING] - No directed path from treatment to outcome. Causal Effect is zero.
[2026-04-24 04:37:19,501][dowhy.causal_model][INFO] - linear_regression
[2026-04-24 04:37:19,501][dowhy.causal_estimator][INFO] - INFO: Using Linear Regression Estimator
[2026-04-24 04:37:19,501][dowhy.causal_estimator][WARNING] - No directed path from ['X6'] to ['X0'].
[2026-04-24 04:37:19,503][dowhy.causal_model][INFO] - Model to find the causal effect of treatment ['X6'] on outcome ['X1']
[2026-04-24 04:37:19,503][dowhy.causal_identifier.auto_identifier][WARNING] - No directed path from treatment to outcome. Causal Effect is zero.
[2026-04-24 04:37:19,503][dowhy.causal_model][INFO] - linear_regression
[2026-04-24 04:37:19,503][dowhy.causal_estimator][INFO] - INFO: Using Linear Regression Estimator
[2026-04-24 04:37:19,503][dowhy.causal_estimator][WARNING] - No directed path from ['X6'] to ['X1'].
[2026-04-24 04:37:19,505][dowhy.causal_model][INFO] - Model to find the causal effect of treatment ['X6'] on outcome ['X2']
[2026-04-24 04:37:19,505][dowhy.causal_identifier.auto_identifier][WARNING] - No directed path from treatment to outcome. Causal Effect is zero.
[2026-04-24 04:37:19,505][dowhy.causal_model][INFO] - linear_regression
[2026-04-24 04:37:19,505][dowhy.causal_estimator][INFO] - INFO: Using Linear Regression Estimator
[2026-04-24 04:37:19,505][dowhy.causal_estimator][WARNING] - No directed path from ['X6'] to ['X2'].
[2026-04-24 04:37:19,507][dowhy.causal_model][INFO] - Model to find the causal effect of treatment ['X6'] on outcome ['X3']
[2026-04-24 04:37:19,507][dowhy.causal_identifier.auto_identifier][WARNING] - No directed path from treatment to outcome. Causal Effect is zero.
[2026-04-24 04:37:19,507][dowhy.causal_model][INFO] - linear_regression
[2026-04-24 04:37:19,507][dowhy.causal_estimator][INFO] - INFO: Using Linear Regression Estimator
[2026-04-24 04:37:19,507][dowhy.causal_estimator][WARNING] - No directed path from ['X6'] to ['X3'].
[2026-04-24 04:37:19,509][dowhy.causal_model][INFO] - Model to find the causal effect of treatment ['X6'] on outcome ['X4']
[2026-04-24 04:37:19,509][dowhy.causal_identifier.auto_identifier][WARNING] - No directed path from treatment to outcome. Causal Effect is zero.
[2026-04-24 04:37:19,509][dowhy.causal_model][INFO] - linear_regression
[2026-04-24 04:37:19,509][dowhy.causal_estimator][INFO] - INFO: Using Linear Regression Estimator
[2026-04-24 04:37:19,509][dowhy.causal_estimator][WARNING] - No directed path from ['X6'] to ['X4'].
[2026-04-24 04:37:19,511][dowhy.causal_model][INFO] - Model to find the causal effect of treatment ['X6'] on outcome ['X5']
[2026-04-24 04:37:19,511][dowhy.causal_identifier.auto_identifier][WARNING] - No directed path from treatment to outcome. Causal Effect is zero.
[2026-04-24 04:37:19,511][dowhy.causal_model][INFO] - linear_regression
[2026-04-24 04:37:19,511][dowhy.causal_estimator][INFO] - INFO: Using Linear Regression Estimator
[2026-04-24 04:37:19,511][dowhy.causal_estimator][WARNING] - No directed path from ['X6'] to ['X5'].
[2026-04-24 04:37:19,513][dowhy.causal_model][INFO] - Model to find the causal effect of treatment ['X6'] on outcome ['X7']
[2026-04-24 04:37:19,515][dowhy.causal_identifier.auto_identifier][INFO] - Causal effect can be identified.
[2026-04-24 04:37:19,516][dowhy.causal_identifier.auto_identifier][INFO] - Instrumental variables for treatment and outcome:['X1', 'X5']
[2026-04-24 04:37:19,516][dowhy.causal_identifier.auto_identifier][INFO] - Frontdoor variables for treatment and outcome:[]
[2026-04-24 04:37:19,516][dowhy.causal_model][INFO] - linear_regression
[2026-04-24 04:37:19,516][dowhy.causal_estimator][INFO] - INFO: Using Linear Regression Estimator
[2026-04-24 04:37:19,517][dowhy.causal_estimator][INFO] - b: X7~X6+X6*X3+X6*X2
[2026-04-24 04:37:19,525][dowhy.causal_model][INFO] - Model to find the causal effect of treatment ['X6'] on outcome ['X8']
[2026-04-24 04:37:19,527][dowhy.causal_identifier.auto_identifier][INFO] - Causal effect can be identified.
[2026-04-24 04:37:19,528][dowhy.causal_identifier.auto_identifier][INFO] - Instrumental variables for treatment and outcome:['X1', 'X5']
[2026-04-24 04:37:19,529][dowhy.causal_identifier.auto_identifier][INFO] - Frontdoor variables for treatment and outcome:[]
[2026-04-24 04:37:19,529][dowhy.causal_model][INFO] - linear_regression
[2026-04-24 04:37:19,529][dowhy.causal_estimator][INFO] - INFO: Using Linear Regression Estimator
[2026-04-24 04:37:19,529][dowhy.causal_estimator][INFO] - b: X8~X6+X6*X3+X6*X2
[2026-04-24 04:37:19,537][dowhy.causal_model][INFO] - Model to find the causal effect of treatment ['X6'] on outcome ['X9']
[2026-04-24 04:37:19,537][dowhy.causal_identifier.auto_identifier][WARNING] - No directed path from treatment to outcome. Causal Effect is zero.
[2026-04-24 04:37:19,537][dowhy.causal_model][INFO] - linear_regression
[2026-04-24 04:37:19,537][dowhy.causal_estimator][INFO] - INFO: Using Linear Regression Estimator
[2026-04-24 04:37:19,538][dowhy.causal_estimator][WARNING] - No directed path from ['X6'] to ['X9'].
[2026-04-24 04:37:19,539][dowhy.causal_model][INFO] - Model to find the causal effect of treatment ['X6'] on outcome ['X10']
[2026-04-24 04:37:19,542][dowhy.causal_identifier.auto_identifier][INFO] - Causal effect can be identified.
[2026-04-24 04:37:19,543][dowhy.causal_identifier.auto_identifier][INFO] - Instrumental variables for treatment and outcome:['X1', 'X5']
[2026-04-24 04:37:19,544][dowhy.causal_identifier.auto_identifier][INFO] - Frontdoor variables for treatment and outcome:[]
[2026-04-24 04:37:19,544][dowhy.causal_model][INFO] - linear_regression
[2026-04-24 04:37:19,544][dowhy.causal_estimator][INFO] - INFO: Using Linear Regression Estimator
[2026-04-24 04:37:19,544][dowhy.causal_estimator][INFO] - b: X10~X6+X6*X3+X6*X2
[2026-04-24 04:37:19,552][dowhy.causal_model][INFO] - Model to find the causal effect of treatment ['X6'] on outcome ['X11']
[2026-04-24 04:37:19,555][dowhy.causal_identifier.auto_identifier][INFO] - Causal effect can be identified.
[2026-04-24 04:37:19,555][dowhy.causal_identifier.auto_identifier][INFO] - Instrumental variables for treatment and outcome:['X1', 'X5']
[2026-04-24 04:37:19,557][dowhy.causal_identifier.auto_identifier][INFO] - Frontdoor variables for treatment and outcome:['X10', 'X8', 'X7']
[2026-04-24 04:37:19,560][dowhy.causal_identifier.auto_identifier][INFO] - Causal effect can be identified.
[2026-04-24 04:37:19,563][dowhy.causal_identifier.auto_identifier][INFO] - Causal effect can be identified.
[2026-04-24 04:37:19,564][dowhy.causal_model][INFO] - linear_regression
[2026-04-24 04:37:19,564][dowhy.causal_estimator][INFO] - INFO: Using Linear Regression Estimator
[2026-04-24 04:37:19,564][dowhy.causal_estimator][INFO] - b: X11~X6+X6*X4+X6*X3+X6*X2
[2026-04-24 04:37:19,614][dowhy.causal_model][INFO] - Model to find the causal effect of treatment ['X7'] on outcome ['X0']
[2026-04-24 04:37:19,614][dowhy.causal_identifier.auto_identifier][WARNING] - No directed path from treatment to outcome. Causal Effect is zero.
[2026-04-24 04:37:19,614][dowhy.causal_model][INFO] - linear_regression
[2026-04-24 04:37:19,614][dowhy.causal_estimator][INFO] - INFO: Using Linear Regression Estimator
[2026-04-24 04:37:19,614][dowhy.causal_estimator][WARNING] - No directed path from ['X7'] to ['X0'].
[2026-04-24 04:37:19,616][dowhy.causal_model][INFO] - Model to find the causal effect of treatment ['X7'] on outcome ['X1']
[2026-04-24 04:37:19,616][dowhy.causal_identifier.auto_identifier][WARNING] - No directed path from treatment to outcome. Causal Effect is zero.
[2026-04-24 04:37:19,616][dowhy.causal_model][INFO] - linear_regression
[2026-04-24 04:37:19,616][dowhy.causal_estimator][INFO] - INFO: Using Linear Regression Estimator
[2026-04-24 04:37:19,616][dowhy.causal_estimator][WARNING] - No directed path from ['X7'] to ['X1'].
[2026-04-24 04:37:19,618][dowhy.causal_model][INFO] - Model to find the causal effect of treatment ['X7'] on outcome ['X2']
[2026-04-24 04:37:19,618][dowhy.causal_identifier.auto_identifier][WARNING] - No directed path from treatment to outcome. Causal Effect is zero.
[2026-04-24 04:37:19,618][dowhy.causal_model][INFO] - linear_regression
[2026-04-24 04:37:19,618][dowhy.causal_estimator][INFO] - INFO: Using Linear Regression Estimator
[2026-04-24 04:37:19,618][dowhy.causal_estimator][WARNING] - No directed path from ['X7'] to ['X2'].
[2026-04-24 04:37:19,619][dowhy.causal_model][INFO] - Model to find the causal effect of treatment ['X7'] on outcome ['X3']
[2026-04-24 04:37:19,619][dowhy.causal_identifier.auto_identifier][WARNING] - No directed path from treatment to outcome. Causal Effect is zero.
[2026-04-24 04:37:19,619][dowhy.causal_model][INFO] - linear_regression
[2026-04-24 04:37:19,619][dowhy.causal_estimator][INFO] - INFO: Using Linear Regression Estimator
[2026-04-24 04:37:19,620][dowhy.causal_estimator][WARNING] - No directed path from ['X7'] to ['X3'].
[2026-04-24 04:37:19,621][dowhy.causal_model][INFO] - Model to find the causal effect of treatment ['X7'] on outcome ['X4']
[2026-04-24 04:37:19,621][dowhy.causal_identifier.auto_identifier][WARNING] - No directed path from treatment to outcome. Causal Effect is zero.
[2026-04-24 04:37:19,621][dowhy.causal_model][INFO] - linear_regression
[2026-04-24 04:37:19,621][dowhy.causal_estimator][INFO] - INFO: Using Linear Regression Estimator
[2026-04-24 04:37:19,621][dowhy.causal_estimator][WARNING] - No directed path from ['X7'] to ['X4'].
[2026-04-24 04:37:19,623][dowhy.causal_model][INFO] - Model to find the causal effect of treatment ['X7'] on outcome ['X5']
[2026-04-24 04:37:19,623][dowhy.causal_identifier.auto_identifier][WARNING] - No directed path from treatment to outcome. Causal Effect is zero.
[2026-04-24 04:37:19,623][dowhy.causal_model][INFO] - linear_regression
[2026-04-24 04:37:19,623][dowhy.causal_estimator][INFO] - INFO: Using Linear Regression Estimator
[2026-04-24 04:37:19,623][dowhy.causal_estimator][WARNING] - No directed path from ['X7'] to ['X5'].
[2026-04-24 04:37:19,625][dowhy.causal_model][INFO] - Model to find the causal effect of treatment ['X7'] on outcome ['X6']
[2026-04-24 04:37:19,625][dowhy.causal_identifier.auto_identifier][WARNING] - No directed path from treatment to outcome. Causal Effect is zero.
[2026-04-24 04:37:19,625][dowhy.causal_model][INFO] - linear_regression
[2026-04-24 04:37:19,625][dowhy.causal_estimator][INFO] - INFO: Using Linear Regression Estimator
[2026-04-24 04:37:19,625][dowhy.causal_estimator][WARNING] - No directed path from ['X7'] to ['X6'].
[2026-04-24 04:37:19,627][dowhy.causal_model][INFO] - Model to find the causal effect of treatment ['X7'] on outcome ['X8']
[2026-04-24 04:37:19,629][dowhy.causal_identifier.auto_identifier][INFO] - Causal effect can be identified.
[2026-04-24 04:37:19,630][dowhy.causal_identifier.auto_identifier][INFO] - Instrumental variables for treatment and outcome:['X2', 'X6']
[2026-04-24 04:37:19,630][dowhy.causal_identifier.auto_identifier][INFO] - Frontdoor variables for treatment and outcome:[]
[2026-04-24 04:37:19,630][dowhy.causal_model][INFO] - linear_regression
[2026-04-24 04:37:19,630][dowhy.causal_estimator][INFO] - INFO: Using Linear Regression Estimator
[2026-04-24 04:37:19,630][dowhy.causal_estimator][INFO] - b: X8~X7+X3
[2026-04-24 04:37:19,638][dowhy.causal_model][INFO] - Model to find the causal effect of treatment ['X7'] on outcome ['X9']
[2026-04-24 04:37:19,638][dowhy.causal_identifier.auto_identifier][WARNING] - No directed path from treatment to outcome. Causal Effect is zero.
[2026-04-24 04:37:19,638][dowhy.causal_model][INFO] - linear_regression
[2026-04-24 04:37:19,639][dowhy.causal_estimator][INFO] - INFO: Using Linear Regression Estimator
[2026-04-24 04:37:19,639][dowhy.causal_estimator][WARNING] - No directed path from ['X7'] to ['X9'].
[2026-04-24 04:37:19,640][dowhy.causal_model][INFO] - Model to find the causal effect of treatment ['X7'] on outcome ['X10']
[2026-04-24 04:37:19,643][dowhy.causal_identifier.auto_identifier][INFO] - Causal effect can be identified.
[2026-04-24 04:37:19,643][dowhy.causal_identifier.auto_identifier][INFO] - Instrumental variables for treatment and outcome:['X3', 'X6']
[2026-04-24 04:37:19,644][dowhy.causal_identifier.auto_identifier][INFO] - Frontdoor variables for treatment and outcome:[]
[2026-04-24 04:37:19,644][dowhy.causal_model][INFO] - linear_regression
[2026-04-24 04:37:19,644][dowhy.causal_estimator][INFO] - INFO: Using Linear Regression Estimator
[2026-04-24 04:37:19,644][dowhy.causal_estimator][INFO] - b: X10~X7+X2
[2026-04-24 04:37:19,652][dowhy.causal_model][INFO] - Model to find the causal effect of treatment ['X7'] on outcome ['X11']
[2026-04-24 04:37:19,654][dowhy.causal_identifier.auto_identifier][INFO] - Causal effect can be identified.
[2026-04-24 04:37:19,654][dowhy.causal_identifier.auto_identifier][INFO] - Instrumental variables for treatment and outcome:['X2', 'X6']
[2026-04-24 04:37:19,655][dowhy.causal_identifier.auto_identifier][INFO] - Frontdoor variables for treatment and outcome:[]
[2026-04-24 04:37:19,655][dowhy.causal_model][INFO] - linear_regression
[2026-04-24 04:37:19,655][dowhy.causal_estimator][INFO] - INFO: Using Linear Regression Estimator
[2026-04-24 04:37:19,656][dowhy.causal_estimator][INFO] - b: X11~X7+X3+X7*X4
[2026-04-24 04:37:19,700][dowhy.causal_model][INFO] - Model to find the causal effect of treatment ['X8'] on outcome ['X0']
[2026-04-24 04:37:19,700][dowhy.causal_identifier.auto_identifier][WARNING] - No directed path from treatment to outcome. Causal Effect is zero.
[2026-04-24 04:37:19,700][dowhy.causal_model][INFO] - linear_regression
[2026-04-24 04:37:19,700][dowhy.causal_estimator][INFO] - INFO: Using Linear Regression Estimator
[2026-04-24 04:37:19,700][dowhy.causal_estimator][WARNING] - No directed path from ['X8'] to ['X0'].
[2026-04-24 04:37:19,702][dowhy.causal_model][INFO] - Model to find the causal effect of treatment ['X8'] on outcome ['X1']
[2026-04-24 04:37:19,702][dowhy.causal_identifier.auto_identifier][WARNING] - No directed path from treatment to outcome. Causal Effect is zero.
[2026-04-24 04:37:19,702][dowhy.causal_model][INFO] - linear_regression
[2026-04-24 04:37:19,702][dowhy.causal_estimator][INFO] - INFO: Using Linear Regression Estimator
[2026-04-24 04:37:19,702][dowhy.causal_estimator][WARNING] - No directed path from ['X8'] to ['X1'].
[2026-04-24 04:37:19,703][dowhy.causal_model][INFO] - Model to find the causal effect of treatment ['X8'] on outcome ['X2']
[2026-04-24 04:37:19,703][dowhy.causal_identifier.auto_identifier][WARNING] - No directed path from treatment to outcome. Causal Effect is zero.
[2026-04-24 04:37:19,704][dowhy.causal_model][INFO] - linear_regression
[2026-04-24 04:37:19,704][dowhy.causal_estimator][INFO] - INFO: Using Linear Regression Estimator
[2026-04-24 04:37:19,704][dowhy.causal_estimator][WARNING] - No directed path from ['X8'] to ['X2'].
[2026-04-24 04:37:19,705][dowhy.causal_model][INFO] - Model to find the causal effect of treatment ['X8'] on outcome ['X3']
[2026-04-24 04:37:19,705][dowhy.causal_identifier.auto_identifier][WARNING] - No directed path from treatment to outcome. Causal Effect is zero.
[2026-04-24 04:37:19,705][dowhy.causal_model][INFO] - linear_regression
[2026-04-24 04:37:19,705][dowhy.causal_estimator][INFO] - INFO: Using Linear Regression Estimator
[2026-04-24 04:37:19,705][dowhy.causal_estimator][WARNING] - No directed path from ['X8'] to ['X3'].
[2026-04-24 04:37:19,707][dowhy.causal_model][INFO] - Model to find the causal effect of treatment ['X8'] on outcome ['X4']
[2026-04-24 04:37:19,707][dowhy.causal_identifier.auto_identifier][WARNING] - No directed path from treatment to outcome. Causal Effect is zero.
[2026-04-24 04:37:19,707][dowhy.causal_model][INFO] - linear_regression
[2026-04-24 04:37:19,708][dowhy.causal_estimator][INFO] - INFO: Using Linear Regression Estimator
[2026-04-24 04:37:19,708][dowhy.causal_estimator][WARNING] - No directed path from ['X8'] to ['X4'].
[2026-04-24 04:37:19,710][dowhy.causal_model][INFO] - Model to find the causal effect of treatment ['X8'] on outcome ['X5']
[2026-04-24 04:37:19,710][dowhy.causal_identifier.auto_identifier][WARNING] - No directed path from treatment to outcome. Causal Effect is zero.
[2026-04-24 04:37:19,710][dowhy.causal_model][INFO] - linear_regression
[2026-04-24 04:37:19,710][dowhy.causal_estimator][INFO] - INFO: Using Linear Regression Estimator
[2026-04-24 04:37:19,710][dowhy.causal_estimator][WARNING] - No directed path from ['X8'] to ['X5'].
[2026-04-24 04:37:19,712][dowhy.causal_model][INFO] - Model to find the causal effect of treatment ['X8'] on outcome ['X6']
[2026-04-24 04:37:19,712][dowhy.causal_identifier.auto_identifier][WARNING] - No directed path from treatment to outcome. Causal Effect is zero.
[2026-04-24 04:37:19,712][dowhy.causal_model][INFO] - linear_regression
[2026-04-24 04:37:19,712][dowhy.causal_estimator][INFO] - INFO: Using Linear Regression Estimator
[2026-04-24 04:37:19,712][dowhy.causal_estimator][WARNING] - No directed path from ['X8'] to ['X6'].
[2026-04-24 04:37:19,714][dowhy.causal_model][INFO] - Model to find the causal effect of treatment ['X8'] on outcome ['X7']
[2026-04-24 04:37:19,714][dowhy.causal_identifier.auto_identifier][WARNING] - No directed path from treatment to outcome. Causal Effect is zero.
[2026-04-24 04:37:19,714][dowhy.causal_model][INFO] - linear_regression
[2026-04-24 04:37:19,714][dowhy.causal_estimator][INFO] - INFO: Using Linear Regression Estimator
[2026-04-24 04:37:19,714][dowhy.causal_estimator][WARNING] - No directed path from ['X8'] to ['X7'].
[2026-04-24 04:37:19,716][dowhy.causal_model][INFO] - Model to find the causal effect of treatment ['X8'] on outcome ['X9']
[2026-04-24 04:37:19,716][dowhy.causal_identifier.auto_identifier][WARNING] - No directed path from treatment to outcome. Causal Effect is zero.
[2026-04-24 04:37:19,716][dowhy.causal_model][INFO] - linear_regression
[2026-04-24 04:37:19,716][dowhy.causal_estimator][INFO] - INFO: Using Linear Regression Estimator
[2026-04-24 04:37:19,716][dowhy.causal_estimator][WARNING] - No directed path from ['X8'] to ['X9'].
[2026-04-24 04:37:19,718][dowhy.causal_model][INFO] - Model to find the causal effect of treatment ['X8'] on outcome ['X10']
[2026-04-24 04:37:19,718][dowhy.causal_identifier.auto_identifier][WARNING] - No directed path from treatment to outcome. Causal Effect is zero.
[2026-04-24 04:37:19,718][dowhy.causal_model][INFO] - linear_regression
[2026-04-24 04:37:19,719][dowhy.causal_estimator][INFO] - INFO: Using Linear Regression Estimator
[2026-04-24 04:37:19,719][dowhy.causal_estimator][WARNING] - No directed path from ['X8'] to ['X10'].
[2026-04-24 04:37:19,720][dowhy.causal_model][INFO] - Model to find the causal effect of treatment ['X8'] on outcome ['X11']
[2026-04-24 04:37:19,724][dowhy.causal_identifier.auto_identifier][INFO] - Causal effect can be identified.
[2026-04-24 04:37:19,725][dowhy.causal_identifier.auto_identifier][INFO] - Instrumental variables for treatment and outcome:['X3', 'X7']
[2026-04-24 04:37:19,725][dowhy.causal_identifier.auto_identifier][INFO] - Frontdoor variables for treatment and outcome:[]
[2026-04-24 04:37:19,725][dowhy.causal_model][INFO] - linear_regression
[2026-04-24 04:37:19,725][dowhy.causal_estimator][INFO] - INFO: Using Linear Regression Estimator
[2026-04-24 04:37:19,726][dowhy.causal_estimator][INFO] - b: X11~X8+X8*X4
[2026-04-24 04:37:19,772][dowhy.causal_model][INFO] - Model to find the causal effect of treatment ['X9'] on outcome ['X0']
[2026-04-24 04:37:19,772][dowhy.causal_identifier.auto_identifier][WARNING] - No directed path from treatment to outcome. Causal Effect is zero.
[2026-04-24 04:37:19,772][dowhy.causal_model][INFO] - linear_regression
[2026-04-24 04:37:19,772][dowhy.causal_estimator][INFO] - INFO: Using Linear Regression Estimator
[2026-04-24 04:37:19,772][dowhy.causal_estimator][WARNING] - No directed path from ['X9'] to ['X0'].
[2026-04-24 04:37:19,774][dowhy.causal_model][INFO] - Model to find the causal effect of treatment ['X9'] on outcome ['X1']
[2026-04-24 04:37:19,774][dowhy.causal_identifier.auto_identifier][WARNING] - No directed path from treatment to outcome. Causal Effect is zero.
[2026-04-24 04:37:19,774][dowhy.causal_model][INFO] - linear_regression
[2026-04-24 04:37:19,774][dowhy.causal_estimator][INFO] - INFO: Using Linear Regression Estimator
[2026-04-24 04:37:19,774][dowhy.causal_estimator][WARNING] - No directed path from ['X9'] to ['X1'].
[2026-04-24 04:37:19,776][dowhy.causal_model][INFO] - Model to find the causal effect of treatment ['X9'] on outcome ['X2']
[2026-04-24 04:37:19,776][dowhy.causal_identifier.auto_identifier][WARNING] - No directed path from treatment to outcome. Causal Effect is zero.
[2026-04-24 04:37:19,776][dowhy.causal_model][INFO] - linear_regression
[2026-04-24 04:37:19,776][dowhy.causal_estimator][INFO] - INFO: Using Linear Regression Estimator
[2026-04-24 04:37:19,776][dowhy.causal_estimator][WARNING] - No directed path from ['X9'] to ['X2'].
[2026-04-24 04:37:19,778][dowhy.causal_model][INFO] - Model to find the causal effect of treatment ['X9'] on outcome ['X3']
[2026-04-24 04:37:19,778][dowhy.causal_identifier.auto_identifier][WARNING] - No directed path from treatment to outcome. Causal Effect is zero.
[2026-04-24 04:37:19,778][dowhy.causal_model][INFO] - linear_regression
[2026-04-24 04:37:19,778][dowhy.causal_estimator][INFO] - INFO: Using Linear Regression Estimator
[2026-04-24 04:37:19,778][dowhy.causal_estimator][WARNING] - No directed path from ['X9'] to ['X3'].
[2026-04-24 04:37:19,780][dowhy.causal_model][INFO] - Model to find the causal effect of treatment ['X9'] on outcome ['X4']
[2026-04-24 04:37:19,780][dowhy.causal_identifier.auto_identifier][WARNING] - No directed path from treatment to outcome. Causal Effect is zero.
[2026-04-24 04:37:19,780][dowhy.causal_model][INFO] - linear_regression
[2026-04-24 04:37:19,780][dowhy.causal_estimator][INFO] - INFO: Using Linear Regression Estimator
[2026-04-24 04:37:19,780][dowhy.causal_estimator][WARNING] - No directed path from ['X9'] to ['X4'].
[2026-04-24 04:37:19,782][dowhy.causal_model][INFO] - Model to find the causal effect of treatment ['X9'] on outcome ['X5']
[2026-04-24 04:37:19,782][dowhy.causal_identifier.auto_identifier][WARNING] - No directed path from treatment to outcome. Causal Effect is zero.
[2026-04-24 04:37:19,782][dowhy.causal_model][INFO] - linear_regression
[2026-04-24 04:37:19,782][dowhy.causal_estimator][INFO] - INFO: Using Linear Regression Estimator
[2026-04-24 04:37:19,782][dowhy.causal_estimator][WARNING] - No directed path from ['X9'] to ['X5'].
[2026-04-24 04:37:19,783][dowhy.causal_model][INFO] - Model to find the causal effect of treatment ['X9'] on outcome ['X6']
[2026-04-24 04:37:19,783][dowhy.causal_identifier.auto_identifier][WARNING] - No directed path from treatment to outcome. Causal Effect is zero.
[2026-04-24 04:37:19,783][dowhy.causal_model][INFO] - linear_regression
[2026-04-24 04:37:19,783][dowhy.causal_estimator][INFO] - INFO: Using Linear Regression Estimator
[2026-04-24 04:37:19,783][dowhy.causal_estimator][WARNING] - No directed path from ['X9'] to ['X6'].
[2026-04-24 04:37:19,785][dowhy.causal_model][INFO] - Model to find the causal effect of treatment ['X9'] on outcome ['X7']
[2026-04-24 04:37:19,785][dowhy.causal_identifier.auto_identifier][WARNING] - No directed path from treatment to outcome. Causal Effect is zero.
[2026-04-24 04:37:19,785][dowhy.causal_model][INFO] - linear_regression
[2026-04-24 04:37:19,785][dowhy.causal_estimator][INFO] - INFO: Using Linear Regression Estimator
[2026-04-24 04:37:19,786][dowhy.causal_estimator][WARNING] - No directed path from ['X9'] to ['X7'].
[2026-04-24 04:37:19,787][dowhy.causal_model][INFO] - Model to find the causal effect of treatment ['X9'] on outcome ['X8']
[2026-04-24 04:37:19,787][dowhy.causal_identifier.auto_identifier][WARNING] - No directed path from treatment to outcome. Causal Effect is zero.
[2026-04-24 04:37:19,787][dowhy.causal_model][INFO] - linear_regression
[2026-04-24 04:37:19,787][dowhy.causal_estimator][INFO] - INFO: Using Linear Regression Estimator
[2026-04-24 04:37:19,787][dowhy.causal_estimator][WARNING] - No directed path from ['X9'] to ['X8'].
[2026-04-24 04:37:19,789][dowhy.causal_model][INFO] - Model to find the causal effect of treatment ['X9'] on outcome ['X10']
[2026-04-24 04:37:19,789][dowhy.causal_identifier.auto_identifier][WARNING] - No directed path from treatment to outcome. Causal Effect is zero.
[2026-04-24 04:37:19,789][dowhy.causal_model][INFO] - linear_regression
[2026-04-24 04:37:19,789][dowhy.causal_estimator][INFO] - INFO: Using Linear Regression Estimator
[2026-04-24 04:37:19,789][dowhy.causal_estimator][WARNING] - No directed path from ['X9'] to ['X10'].
[2026-04-24 04:37:19,791][dowhy.causal_model][INFO] - Model to find the causal effect of treatment ['X9'] on outcome ['X11']
[2026-04-24 04:37:19,791][dowhy.causal_identifier.auto_identifier][WARNING] - No directed path from treatment to outcome. Causal Effect is zero.
[2026-04-24 04:37:19,791][dowhy.causal_model][INFO] - linear_regression
[2026-04-24 04:37:19,791][dowhy.causal_estimator][INFO] - INFO: Using Linear Regression Estimator
[2026-04-24 04:37:19,791][dowhy.causal_estimator][WARNING] - No directed path from ['X9'] to ['X11'].
[2026-04-24 04:37:19,829][dowhy.causal_model][INFO] - Model to find the causal effect of treatment ['X10'] on outcome ['X0']
[2026-04-24 04:37:19,830][dowhy.causal_identifier.auto_identifier][WARNING] - No directed path from treatment to outcome. Causal Effect is zero.
[2026-04-24 04:37:19,830][dowhy.causal_model][INFO] - linear_regression
[2026-04-24 04:37:19,830][dowhy.causal_estimator][INFO] - INFO: Using Linear Regression Estimator
[2026-04-24 04:37:19,830][dowhy.causal_estimator][WARNING] - No directed path from ['X10'] to ['X0'].
[2026-04-24 04:37:19,831][dowhy.causal_model][INFO] - Model to find the causal effect of treatment ['X10'] on outcome ['X1']
[2026-04-24 04:37:19,831][dowhy.causal_identifier.auto_identifier][WARNING] - No directed path from treatment to outcome. Causal Effect is zero.
[2026-04-24 04:37:19,831][dowhy.causal_model][INFO] - linear_regression
[2026-04-24 04:37:19,832][dowhy.causal_estimator][INFO] - INFO: Using Linear Regression Estimator
[2026-04-24 04:37:19,832][dowhy.causal_estimator][WARNING] - No directed path from ['X10'] to ['X1'].
[2026-04-24 04:37:19,833][dowhy.causal_model][INFO] - Model to find the causal effect of treatment ['X10'] on outcome ['X2']
[2026-04-24 04:37:19,833][dowhy.causal_identifier.auto_identifier][WARNING] - No directed path from treatment to outcome. Causal Effect is zero.
[2026-04-24 04:37:19,833][dowhy.causal_model][INFO] - linear_regression
[2026-04-24 04:37:19,833][dowhy.causal_estimator][INFO] - INFO: Using Linear Regression Estimator
[2026-04-24 04:37:19,833][dowhy.causal_estimator][WARNING] - No directed path from ['X10'] to ['X2'].
[2026-04-24 04:37:19,835][dowhy.causal_model][INFO] - Model to find the causal effect of treatment ['X10'] on outcome ['X3']
[2026-04-24 04:37:19,835][dowhy.causal_identifier.auto_identifier][WARNING] - No directed path from treatment to outcome. Causal Effect is zero.
[2026-04-24 04:37:19,835][dowhy.causal_model][INFO] - linear_regression
[2026-04-24 04:37:19,835][dowhy.causal_estimator][INFO] - INFO: Using Linear Regression Estimator
[2026-04-24 04:37:19,835][dowhy.causal_estimator][WARNING] - No directed path from ['X10'] to ['X3'].
[2026-04-24 04:37:19,837][dowhy.causal_model][INFO] - Model to find the causal effect of treatment ['X10'] on outcome ['X4']
[2026-04-24 04:37:19,837][dowhy.causal_identifier.auto_identifier][WARNING] - No directed path from treatment to outcome. Causal Effect is zero.
[2026-04-24 04:37:19,837][dowhy.causal_model][INFO] - linear_regression
[2026-04-24 04:37:19,837][dowhy.causal_estimator][INFO] - INFO: Using Linear Regression Estimator
[2026-04-24 04:37:19,837][dowhy.causal_estimator][WARNING] - No directed path from ['X10'] to ['X4'].
[2026-04-24 04:37:19,839][dowhy.causal_model][INFO] - Model to find the causal effect of treatment ['X10'] on outcome ['X5']
[2026-04-24 04:37:19,839][dowhy.causal_identifier.auto_identifier][WARNING] - No directed path from treatment to outcome. Causal Effect is zero.
[2026-04-24 04:37:19,839][dowhy.causal_model][INFO] - linear_regression
[2026-04-24 04:37:19,839][dowhy.causal_estimator][INFO] - INFO: Using Linear Regression Estimator
[2026-04-24 04:37:19,839][dowhy.causal_estimator][WARNING] - No directed path from ['X10'] to ['X5'].
[2026-04-24 04:37:19,840][dowhy.causal_model][INFO] - Model to find the causal effect of treatment ['X10'] on outcome ['X6']
[2026-04-24 04:37:19,840][dowhy.causal_identifier.auto_identifier][WARNING] - No directed path from treatment to outcome. Causal Effect is zero.
[2026-04-24 04:37:19,840][dowhy.causal_model][INFO] - linear_regression
[2026-04-24 04:37:19,841][dowhy.causal_estimator][INFO] - INFO: Using Linear Regression Estimator
[2026-04-24 04:37:19,841][dowhy.causal_estimator][WARNING] - No directed path from ['X10'] to ['X6'].
[2026-04-24 04:37:19,842][dowhy.causal_model][INFO] - Model to find the causal effect of treatment ['X10'] on outcome ['X7']
[2026-04-24 04:37:19,842][dowhy.causal_identifier.auto_identifier][WARNING] - No directed path from treatment to outcome. Causal Effect is zero.
[2026-04-24 04:37:19,842][dowhy.causal_model][INFO] - linear_regression
[2026-04-24 04:37:19,842][dowhy.causal_estimator][INFO] - INFO: Using Linear Regression Estimator
[2026-04-24 04:37:19,842][dowhy.causal_estimator][WARNING] - No directed path from ['X10'] to ['X7'].
[2026-04-24 04:37:19,844][dowhy.causal_model][INFO] - Model to find the causal effect of treatment ['X10'] on outcome ['X8']
[2026-04-24 04:37:19,844][dowhy.causal_identifier.auto_identifier][WARNING] - No directed path from treatment to outcome. Causal Effect is zero.
[2026-04-24 04:37:19,844][dowhy.causal_model][INFO] - linear_regression
[2026-04-24 04:37:19,844][dowhy.causal_estimator][INFO] - INFO: Using Linear Regression Estimator
[2026-04-24 04:37:19,844][dowhy.causal_estimator][WARNING] - No directed path from ['X10'] to ['X8'].
[2026-04-24 04:37:19,846][dowhy.causal_model][INFO] - Model to find the causal effect of treatment ['X10'] on outcome ['X9']
[2026-04-24 04:37:19,846][dowhy.causal_identifier.auto_identifier][WARNING] - No directed path from treatment to outcome. Causal Effect is zero.
[2026-04-24 04:37:19,846][dowhy.causal_model][INFO] - linear_regression
[2026-04-24 04:37:19,846][dowhy.causal_estimator][INFO] - INFO: Using Linear Regression Estimator
[2026-04-24 04:37:19,846][dowhy.causal_estimator][WARNING] - No directed path from ['X10'] to ['X9'].
[2026-04-24 04:37:19,847][dowhy.causal_model][INFO] - Model to find the causal effect of treatment ['X10'] on outcome ['X11']
[2026-04-24 04:37:19,848][dowhy.causal_identifier.auto_identifier][WARNING] - No directed path from treatment to outcome. Causal Effect is zero.
[2026-04-24 04:37:19,848][dowhy.causal_model][INFO] - linear_regression
[2026-04-24 04:37:19,848][dowhy.causal_estimator][INFO] - INFO: Using Linear Regression Estimator
[2026-04-24 04:37:19,848][dowhy.causal_estimator][WARNING] - No directed path from ['X10'] to ['X11'].
[2026-04-24 04:37:19,881][dowhy.causal_model][INFO] - Model to find the causal effect of treatment ['X11'] on outcome ['X0']
[2026-04-24 04:37:19,881][dowhy.causal_identifier.auto_identifier][WARNING] - No directed path from treatment to outcome. Causal Effect is zero.
[2026-04-24 04:37:19,881][dowhy.causal_model][INFO] - linear_regression
[2026-04-24 04:37:19,881][dowhy.causal_estimator][INFO] - INFO: Using Linear Regression Estimator
[2026-04-24 04:37:19,881][dowhy.causal_estimator][WARNING] - No directed path from ['X11'] to ['X0'].
[2026-04-24 04:37:19,883][dowhy.causal_model][INFO] - Model to find the causal effect of treatment ['X11'] on outcome ['X1']
[2026-04-24 04:37:19,883][dowhy.causal_identifier.auto_identifier][WARNING] - No directed path from treatment to outcome. Causal Effect is zero.
[2026-04-24 04:37:19,883][dowhy.causal_model][INFO] - linear_regression
[2026-04-24 04:37:19,883][dowhy.causal_estimator][INFO] - INFO: Using Linear Regression Estimator
[2026-04-24 04:37:19,883][dowhy.causal_estimator][WARNING] - No directed path from ['X11'] to ['X1'].
[2026-04-24 04:37:19,884][dowhy.causal_model][INFO] - Model to find the causal effect of treatment ['X11'] on outcome ['X2']
[2026-04-24 04:37:19,884][dowhy.causal_identifier.auto_identifier][WARNING] - No directed path from treatment to outcome. Causal Effect is zero.
[2026-04-24 04:37:19,884][dowhy.causal_model][INFO] - linear_regression
[2026-04-24 04:37:19,884][dowhy.causal_estimator][INFO] - INFO: Using Linear Regression Estimator
[2026-04-24 04:37:19,885][dowhy.causal_estimator][WARNING] - No directed path from ['X11'] to ['X2'].
[2026-04-24 04:37:19,886][dowhy.causal_model][INFO] - Model to find the causal effect of treatment ['X11'] on outcome ['X3']
[2026-04-24 04:37:19,886][dowhy.causal_identifier.auto_identifier][WARNING] - No directed path from treatment to outcome. Causal Effect is zero.
[2026-04-24 04:37:19,886][dowhy.causal_model][INFO] - linear_regression
[2026-04-24 04:37:19,886][dowhy.causal_estimator][INFO] - INFO: Using Linear Regression Estimator
[2026-04-24 04:37:19,886][dowhy.causal_estimator][WARNING] - No directed path from ['X11'] to ['X3'].
[2026-04-24 04:37:19,888][dowhy.causal_model][INFO] - Model to find the causal effect of treatment ['X11'] on outcome ['X4']
[2026-04-24 04:37:19,888][dowhy.causal_identifier.auto_identifier][WARNING] - No directed path from treatment to outcome. Causal Effect is zero.
[2026-04-24 04:37:19,888][dowhy.causal_model][INFO] - linear_regression
[2026-04-24 04:37:19,888][dowhy.causal_estimator][INFO] - INFO: Using Linear Regression Estimator
[2026-04-24 04:37:19,888][dowhy.causal_estimator][WARNING] - No directed path from ['X11'] to ['X4'].
[2026-04-24 04:37:19,890][dowhy.causal_model][INFO] - Model to find the causal effect of treatment ['X11'] on outcome ['X5']
[2026-04-24 04:37:19,890][dowhy.causal_identifier.auto_identifier][WARNING] - No directed path from treatment to outcome. Causal Effect is zero.
[2026-04-24 04:37:19,890][dowhy.causal_model][INFO] - linear_regression
[2026-04-24 04:37:19,890][dowhy.causal_estimator][INFO] - INFO: Using Linear Regression Estimator
[2026-04-24 04:37:19,890][dowhy.causal_estimator][WARNING] - No directed path from ['X11'] to ['X5'].
[2026-04-24 04:37:19,892][dowhy.causal_model][INFO] - Model to find the causal effect of treatment ['X11'] on outcome ['X6']
[2026-04-24 04:37:19,892][dowhy.causal_identifier.auto_identifier][WARNING] - No directed path from treatment to outcome. Causal Effect is zero.
[2026-04-24 04:37:19,892][dowhy.causal_model][INFO] - linear_regression
[2026-04-24 04:37:19,892][dowhy.causal_estimator][INFO] - INFO: Using Linear Regression Estimator
[2026-04-24 04:37:19,892][dowhy.causal_estimator][WARNING] - No directed path from ['X11'] to ['X6'].
[2026-04-24 04:37:19,893][dowhy.causal_model][INFO] - Model to find the causal effect of treatment ['X11'] on outcome ['X7']
[2026-04-24 04:37:19,893][dowhy.causal_identifier.auto_identifier][WARNING] - No directed path from treatment to outcome. Causal Effect is zero.
[2026-04-24 04:37:19,893][dowhy.causal_model][INFO] - linear_regression
[2026-04-24 04:37:19,893][dowhy.causal_estimator][INFO] - INFO: Using Linear Regression Estimator
[2026-04-24 04:37:19,893][dowhy.causal_estimator][WARNING] - No directed path from ['X11'] to ['X7'].
[2026-04-24 04:37:19,895][dowhy.causal_model][INFO] - Model to find the causal effect of treatment ['X11'] on outcome ['X8']
[2026-04-24 04:37:19,895][dowhy.causal_identifier.auto_identifier][WARNING] - No directed path from treatment to outcome. Causal Effect is zero.
[2026-04-24 04:37:19,895][dowhy.causal_model][INFO] - linear_regression
[2026-04-24 04:37:19,895][dowhy.causal_estimator][INFO] - INFO: Using Linear Regression Estimator
[2026-04-24 04:37:19,895][dowhy.causal_estimator][WARNING] - No directed path from ['X11'] to ['X8'].
[2026-04-24 04:37:19,897][dowhy.causal_model][INFO] - Model to find the causal effect of treatment ['X11'] on outcome ['X9']
[2026-04-24 04:37:19,897][dowhy.causal_identifier.auto_identifier][WARNING] - No directed path from treatment to outcome. Causal Effect is zero.
[2026-04-24 04:37:19,897][dowhy.causal_model][INFO] - linear_regression
[2026-04-24 04:37:19,897][dowhy.causal_estimator][INFO] - INFO: Using Linear Regression Estimator
[2026-04-24 04:37:19,897][dowhy.causal_estimator][WARNING] - No directed path from ['X11'] to ['X9'].
[2026-04-24 04:37:19,899][dowhy.causal_model][INFO] - Model to find the causal effect of treatment ['X11'] on outcome ['X10']
[2026-04-24 04:37:19,899][dowhy.causal_identifier.auto_identifier][WARNING] - No directed path from treatment to outcome. Causal Effect is zero.
[2026-04-24 04:37:19,899][dowhy.causal_model][INFO] - linear_regression
[2026-04-24 04:37:19,899][dowhy.causal_estimator][INFO] - INFO: Using Linear Regression Estimator
[2026-04-24 04:37:19,899][dowhy.causal_estimator][WARNING] - No directed path from ['X11'] to ['X10'].
[2026-04-24 04:37:19,956][dowhy.causal_model][INFO] - Model to find the causal effect of treatment ['X0'] on outcome ['X1']
[2026-04-24 04:37:19,957][dowhy.causal_identifier.auto_identifier][WARNING] - No directed path from treatment to outcome. Causal Effect is zero.
[2026-04-24 04:37:19,957][dowhy.causal_model][INFO] - linear_regression
[2026-04-24 04:37:19,957][dowhy.causal_estimator][INFO] - INFO: Using Linear Regression Estimator
[2026-04-24 04:37:19,957][dowhy.causal_estimator][WARNING] - No directed path from ['X0'] to ['X1'].
[2026-04-24 04:37:19,959][dowhy.causal_model][INFO] - Model to find the causal effect of treatment ['X0'] on outcome ['X2']
[2026-04-24 04:37:19,959][dowhy.causal_identifier.auto_identifier][WARNING] - No directed path from treatment to outcome. Causal Effect is zero.
[2026-04-24 04:37:19,959][dowhy.causal_model][INFO] - linear_regression
[2026-04-24 04:37:19,959][dowhy.causal_estimator][INFO] - INFO: Using Linear Regression Estimator
[2026-04-24 04:37:19,959][dowhy.causal_estimator][WARNING] - No directed path from ['X0'] to ['X2'].
[2026-04-24 04:37:19,961][dowhy.causal_model][INFO] - Model to find the causal effect of treatment ['X0'] on outcome ['X3']
[2026-04-24 04:37:19,961][dowhy.causal_identifier.auto_identifier][WARNING] - No directed path from treatment to outcome. Causal Effect is zero.
[2026-04-24 04:37:19,961][dowhy.causal_model][INFO] - linear_regression
[2026-04-24 04:37:19,961][dowhy.causal_estimator][INFO] - INFO: Using Linear Regression Estimator
[2026-04-24 04:37:19,961][dowhy.causal_estimator][WARNING] - No directed path from ['X0'] to ['X3'].
[2026-04-24 04:37:19,963][dowhy.causal_model][INFO] - Model to find the causal effect of treatment ['X0'] on outcome ['X4']
[2026-04-24 04:37:19,963][dowhy.causal_identifier.auto_identifier][WARNING] - No directed path from treatment to outcome. Causal Effect is zero.
[2026-04-24 04:37:19,963][dowhy.causal_model][INFO] - linear_regression
[2026-04-24 04:37:19,963][dowhy.causal_estimator][INFO] - INFO: Using Linear Regression Estimator
[2026-04-24 04:37:19,963][dowhy.causal_estimator][WARNING] - No directed path from ['X0'] to ['X4'].
[2026-04-24 04:37:19,965][dowhy.causal_model][INFO] - Model to find the causal effect of treatment ['X0'] on outcome ['X5']
[2026-04-24 04:37:19,966][dowhy.causal_identifier.auto_identifier][INFO] - Causal effect can be identified.
[2026-04-24 04:37:19,967][dowhy.causal_identifier.auto_identifier][INFO] - Instrumental variables for treatment and outcome:[]
[2026-04-24 04:37:19,967][dowhy.causal_identifier.auto_identifier][INFO] - Frontdoor variables for treatment and outcome:[]
[2026-04-24 04:37:19,967][dowhy.causal_model][INFO] - linear_regression
[2026-04-24 04:37:19,967][dowhy.causal_estimator][INFO] - INFO: Using Linear Regression Estimator
[2026-04-24 04:37:19,967][dowhy.causal_estimator][INFO] - b: X5~X0+X0*X1
[2026-04-24 04:37:19,976][dowhy.causal_model][INFO] - Model to find the causal effect of treatment ['X0'] on outcome ['X6']
[2026-04-24 04:37:19,978][dowhy.causal_identifier.auto_identifier][INFO] - Causal effect can be identified.
[2026-04-24 04:37:19,978][dowhy.causal_identifier.auto_identifier][INFO] - Instrumental variables for treatment and outcome:[]
[2026-04-24 04:37:19,979][dowhy.causal_identifier.auto_identifier][INFO] - Frontdoor variables for treatment and outcome:[]
[2026-04-24 04:37:19,979][dowhy.causal_model][INFO] - linear_regression
[2026-04-24 04:37:19,979][dowhy.causal_estimator][INFO] - INFO: Using Linear Regression Estimator
[2026-04-24 04:37:19,979][dowhy.causal_estimator][INFO] - b: X6~X0+X0*X1
[2026-04-24 04:37:19,987][dowhy.causal_model][INFO] - Model to find the causal effect of treatment ['X0'] on outcome ['X7']
[2026-04-24 04:37:19,989][dowhy.causal_identifier.auto_identifier][INFO] - Causal effect can be identified.
[2026-04-24 04:37:19,989][dowhy.causal_identifier.auto_identifier][INFO] - Instrumental variables for treatment and outcome:[]
[2026-04-24 04:37:19,991][dowhy.causal_identifier.auto_identifier][INFO] - Frontdoor variables for treatment and outcome:['X9', 'X5', 'X6']
[2026-04-24 04:37:19,992][dowhy.causal_identifier.auto_identifier][INFO] - Causal effect can be identified.
[2026-04-24 04:37:19,994][dowhy.causal_identifier.auto_identifier][INFO] - Causal effect can be identified.
[2026-04-24 04:37:19,995][dowhy.causal_model][INFO] - linear_regression
[2026-04-24 04:37:19,995][dowhy.causal_estimator][INFO] - INFO: Using Linear Regression Estimator
[2026-04-24 04:37:19,995][dowhy.causal_estimator][INFO] - b: X7~X0+X0*X3+X0*X1+X0*X2
[2026-04-24 04:37:20,004][dowhy.causal_model][INFO] - Model to find the causal effect of treatment ['X0'] on outcome ['X8']
[2026-04-24 04:37:20,005][dowhy.causal_identifier.auto_identifier][INFO] - Causal effect can be identified.
[2026-04-24 04:37:20,006][dowhy.causal_identifier.auto_identifier][INFO] - Instrumental variables for treatment and outcome:[]
[2026-04-24 04:37:20,010][dowhy.causal_identifier.auto_identifier][INFO] - Frontdoor variables for treatment and outcome:['X9', 'X5', 'X6']
[2026-04-24 04:37:20,012][dowhy.causal_identifier.auto_identifier][INFO] - Causal effect can be identified.
[2026-04-24 04:37:20,014][dowhy.causal_identifier.auto_identifier][INFO] - Causal effect can be identified.
[2026-04-24 04:37:20,015][dowhy.causal_model][INFO] - linear_regression
[2026-04-24 04:37:20,015][dowhy.causal_estimator][INFO] - INFO: Using Linear Regression Estimator
[2026-04-24 04:37:20,015][dowhy.causal_estimator][INFO] - b: X8~X0+X0*X3+X0*X1+X0*X2
[2026-04-24 04:37:20,024][dowhy.causal_model][INFO] - Model to find the causal effect of treatment ['X0'] on outcome ['X9']
[2026-04-24 04:37:20,025][dowhy.causal_identifier.auto_identifier][INFO] - Causal effect can be identified.
[2026-04-24 04:37:20,025][dowhy.causal_identifier.auto_identifier][INFO] - Instrumental variables for treatment and outcome:[]
[2026-04-24 04:37:20,032][dowhy.causal_identifier.auto_identifier][INFO] - Frontdoor variables for treatment and outcome:[]
[2026-04-24 04:37:20,032][dowhy.causal_model][INFO] - linear_regression
[2026-04-24 04:37:20,032][dowhy.causal_estimator][INFO] - INFO: Using Linear Regression Estimator
[2026-04-24 04:37:20,032][dowhy.causal_estimator][INFO] - b: X9~X0+X0*X1
[2026-04-24 04:37:20,040][dowhy.causal_model][INFO] - Model to find the causal effect of treatment ['X0'] on outcome ['X10']
[2026-04-24 04:37:20,041][dowhy.causal_identifier.auto_identifier][INFO] - Causal effect can be identified.
[2026-04-24 04:37:20,042][dowhy.causal_identifier.auto_identifier][INFO] - Instrumental variables for treatment and outcome:[]
[2026-04-24 04:37:20,053][dowhy.causal_identifier.auto_identifier][INFO] - Frontdoor variables for treatment and outcome:['X9', 'X5', 'X6']
[2026-04-24 04:37:20,054][dowhy.causal_identifier.auto_identifier][INFO] - Causal effect can be identified.
[2026-04-24 04:37:20,056][dowhy.causal_identifier.auto_identifier][INFO] - Causal effect can be identified.
[2026-04-24 04:37:20,057][dowhy.causal_model][INFO] - linear_regression
[2026-04-24 04:37:20,057][dowhy.causal_estimator][INFO] - INFO: Using Linear Regression Estimator
[2026-04-24 04:37:20,057][dowhy.causal_estimator][INFO] - b: X10~X0+X0*X3+X0*X1+X0*X2
[2026-04-24 04:37:20,065][dowhy.causal_model][INFO] - Model to find the causal effect of treatment ['X0'] on outcome ['X11']
[2026-04-24 04:37:20,066][dowhy.causal_identifier.auto_identifier][INFO] - Causal effect can be identified.
[2026-04-24 04:37:20,067][dowhy.causal_identifier.auto_identifier][INFO] - Instrumental variables for treatment and outcome:[]
[2026-04-24 04:37:20,070][dowhy.causal_identifier.auto_identifier][INFO] - Frontdoor variables for treatment and outcome:['X7', 'X9', 'X5', 'X10', 'X8', 'X6']
[2026-04-24 04:37:20,071][dowhy.causal_identifier.auto_identifier][INFO] - Causal effect can be identified.
[2026-04-24 04:37:20,073][dowhy.causal_identifier.auto_identifier][INFO] - Causal effect can be identified.
[2026-04-24 04:37:20,075][dowhy.causal_model][INFO] - linear_regression
[2026-04-24 04:37:20,075][dowhy.causal_estimator][INFO] - INFO: Using Linear Regression Estimator
[2026-04-24 04:37:20,075][dowhy.causal_estimator][INFO] - b: X11~X0+X0*X3+X0*X4+X0*X1+X0*X2
[2026-04-24 04:37:20,120][dowhy.causal_model][INFO] - Model to find the causal effect of treatment ['X1'] on outcome ['X0']
[2026-04-24 04:37:20,120][dowhy.causal_identifier.auto_identifier][WARNING] - No directed path from treatment to outcome. Causal Effect is zero.
[2026-04-24 04:37:20,120][dowhy.causal_model][INFO] - linear_regression
[2026-04-24 04:37:20,120][dowhy.causal_estimator][INFO] - INFO: Using Linear Regression Estimator
[2026-04-24 04:37:20,120][dowhy.causal_estimator][WARNING] - No directed path from ['X1'] to ['X0'].
[2026-04-24 04:37:20,122][dowhy.causal_model][INFO] - Model to find the causal effect of treatment ['X1'] on outcome ['X2']
[2026-04-24 04:37:20,122][dowhy.causal_identifier.auto_identifier][WARNING] - No directed path from treatment to outcome. Causal Effect is zero.
[2026-04-24 04:37:20,122][dowhy.causal_model][INFO] - linear_regression
[2026-04-24 04:37:20,122][dowhy.causal_estimator][INFO] - INFO: Using Linear Regression Estimator
[2026-04-24 04:37:20,122][dowhy.causal_estimator][WARNING] - No directed path from ['X1'] to ['X2'].
[2026-04-24 04:37:20,124][dowhy.causal_model][INFO] - Model to find the causal effect of treatment ['X1'] on outcome ['X3']
[2026-04-24 04:37:20,124][dowhy.causal_identifier.auto_identifier][WARNING] - No directed path from treatment to outcome. Causal Effect is zero.
[2026-04-24 04:37:20,124][dowhy.causal_model][INFO] - linear_regression
[2026-04-24 04:37:20,124][dowhy.causal_estimator][INFO] - INFO: Using Linear Regression Estimator
[2026-04-24 04:37:20,124][dowhy.causal_estimator][WARNING] - No directed path from ['X1'] to ['X3'].
[2026-04-24 04:37:20,126][dowhy.causal_model][INFO] - Model to find the causal effect of treatment ['X1'] on outcome ['X4']
[2026-04-24 04:37:20,126][dowhy.causal_identifier.auto_identifier][WARNING] - No directed path from treatment to outcome. Causal Effect is zero.
[2026-04-24 04:37:20,126][dowhy.causal_model][INFO] - linear_regression
[2026-04-24 04:37:20,126][dowhy.causal_estimator][INFO] - INFO: Using Linear Regression Estimator
[2026-04-24 04:37:20,126][dowhy.causal_estimator][WARNING] - No directed path from ['X1'] to ['X4'].
[2026-04-24 04:37:20,128][dowhy.causal_model][INFO] - Model to find the causal effect of treatment ['X1'] on outcome ['X5']
[2026-04-24 04:37:20,129][dowhy.causal_identifier.auto_identifier][INFO] - Causal effect can be identified.
[2026-04-24 04:37:20,130][dowhy.causal_identifier.auto_identifier][INFO] - Instrumental variables for treatment and outcome:[]
[2026-04-24 04:37:20,130][dowhy.causal_identifier.auto_identifier][INFO] - Frontdoor variables for treatment and outcome:[]
[2026-04-24 04:37:20,130][dowhy.causal_model][INFO] - linear_regression
[2026-04-24 04:37:20,130][dowhy.causal_estimator][INFO] - INFO: Using Linear Regression Estimator
[2026-04-24 04:37:20,130][dowhy.causal_estimator][INFO] - b: X5~X1+X1*X0
[2026-04-24 04:37:20,139][dowhy.causal_model][INFO] - Model to find the causal effect of treatment ['X1'] on outcome ['X6']
[2026-04-24 04:37:20,140][dowhy.causal_identifier.auto_identifier][INFO] - Causal effect can be identified.
[2026-04-24 04:37:20,140][dowhy.causal_identifier.auto_identifier][INFO] - Instrumental variables for treatment and outcome:[]
[2026-04-24 04:37:20,141][dowhy.causal_identifier.auto_identifier][INFO] - Frontdoor variables for treatment and outcome:[]
[2026-04-24 04:37:20,141][dowhy.causal_model][INFO] - linear_regression
[2026-04-24 04:37:20,141][dowhy.causal_estimator][INFO] - INFO: Using Linear Regression Estimator
[2026-04-24 04:37:20,141][dowhy.causal_estimator][INFO] - b: X6~X1+X1*X0
[2026-04-24 04:37:20,149][dowhy.causal_model][INFO] - Model to find the causal effect of treatment ['X1'] on outcome ['X7']
[2026-04-24 04:37:20,151][dowhy.causal_identifier.auto_identifier][INFO] - Causal effect can be identified.
[2026-04-24 04:37:20,151][dowhy.causal_identifier.auto_identifier][INFO] - Instrumental variables for treatment and outcome:[]
[2026-04-24 04:37:20,153][dowhy.causal_identifier.auto_identifier][INFO] - Frontdoor variables for treatment and outcome:['X9', 'X5', 'X6']
[2026-04-24 04:37:20,154][dowhy.causal_identifier.auto_identifier][INFO] - Causal effect can be identified.
[2026-04-24 04:37:20,157][dowhy.causal_identifier.auto_identifier][INFO] - Causal effect can be identified.
[2026-04-24 04:37:20,157][dowhy.causal_model][INFO] - linear_regression
[2026-04-24 04:37:20,157][dowhy.causal_estimator][INFO] - INFO: Using Linear Regression Estimator
[2026-04-24 04:37:20,158][dowhy.causal_estimator][INFO] - b: X7~X1+X1*X0+X1*X3+X1*X2
[2026-04-24 04:37:20,166][dowhy.causal_model][INFO] - Model to find the causal effect of treatment ['X1'] on outcome ['X8']
[2026-04-24 04:37:20,167][dowhy.causal_identifier.auto_identifier][INFO] - Causal effect can be identified.
[2026-04-24 04:37:20,168][dowhy.causal_identifier.auto_identifier][INFO] - Instrumental variables for treatment and outcome:[]
[2026-04-24 04:37:20,173][dowhy.causal_identifier.auto_identifier][INFO] - Frontdoor variables for treatment and outcome:['X9', 'X5', 'X6']
[2026-04-24 04:37:20,174][dowhy.causal_identifier.auto_identifier][INFO] - Causal effect can be identified.
[2026-04-24 04:37:20,176][dowhy.causal_identifier.auto_identifier][INFO] - Causal effect can be identified.
[2026-04-24 04:37:20,177][dowhy.causal_model][INFO] - linear_regression
[2026-04-24 04:37:20,177][dowhy.causal_estimator][INFO] - INFO: Using Linear Regression Estimator
[2026-04-24 04:37:20,177][dowhy.causal_estimator][INFO] - b: X8~X1+X1*X0+X1*X3+X1*X2
[2026-04-24 04:37:20,186][dowhy.causal_model][INFO] - Model to find the causal effect of treatment ['X1'] on outcome ['X9']
[2026-04-24 04:37:20,187][dowhy.causal_identifier.auto_identifier][INFO] - Causal effect can be identified.
[2026-04-24 04:37:20,187][dowhy.causal_identifier.auto_identifier][INFO] - Instrumental variables for treatment and outcome:[]
[2026-04-24 04:37:20,194][dowhy.causal_identifier.auto_identifier][INFO] - Frontdoor variables for treatment and outcome:[]
[2026-04-24 04:37:20,194][dowhy.causal_model][INFO] - linear_regression
[2026-04-24 04:37:20,194][dowhy.causal_estimator][INFO] - INFO: Using Linear Regression Estimator
[2026-04-24 04:37:20,194][dowhy.causal_estimator][INFO] - b: X9~X1+X1*X0
[2026-04-24 04:37:20,203][dowhy.causal_model][INFO] - Model to find the causal effect of treatment ['X1'] on outcome ['X10']
[2026-04-24 04:37:20,204][dowhy.causal_identifier.auto_identifier][INFO] - Causal effect can be identified.
[2026-04-24 04:37:20,205][dowhy.causal_identifier.auto_identifier][INFO] - Instrumental variables for treatment and outcome:[]
[2026-04-24 04:37:20,217][dowhy.causal_identifier.auto_identifier][INFO] - Frontdoor variables for treatment and outcome:['X9', 'X5', 'X6']
[2026-04-24 04:37:20,218][dowhy.causal_identifier.auto_identifier][INFO] - Causal effect can be identified.
[2026-04-24 04:37:20,220][dowhy.causal_identifier.auto_identifier][INFO] - Causal effect can be identified.
[2026-04-24 04:37:20,221][dowhy.causal_model][INFO] - linear_regression
[2026-04-24 04:37:20,221][dowhy.causal_estimator][INFO] - INFO: Using Linear Regression Estimator
[2026-04-24 04:37:20,222][dowhy.causal_estimator][INFO] - b: X10~X1+X1*X0+X1*X3+X1*X2
[2026-04-24 04:37:20,230][dowhy.causal_model][INFO] - Model to find the causal effect of treatment ['X1'] on outcome ['X11']
[2026-04-24 04:37:20,232][dowhy.causal_identifier.auto_identifier][INFO] - Causal effect can be identified.
[2026-04-24 04:37:20,233][dowhy.causal_identifier.auto_identifier][INFO] - Instrumental variables for treatment and outcome:[]
[2026-04-24 04:37:20,236][dowhy.causal_identifier.auto_identifier][INFO] - Frontdoor variables for treatment and outcome:['X7', 'X9', 'X5', 'X10', 'X8', 'X6']
[2026-04-24 04:37:20,238][dowhy.causal_identifier.auto_identifier][INFO] - Causal effect can be identified.
[2026-04-24 04:37:20,240][dowhy.causal_identifier.auto_identifier][INFO] - Causal effect can be identified.
[2026-04-24 04:37:20,241][dowhy.causal_model][INFO] - linear_regression
[2026-04-24 04:37:20,241][dowhy.causal_estimator][INFO] - INFO: Using Linear Regression Estimator
[2026-04-24 04:37:20,241][dowhy.causal_estimator][INFO] - b: X11~X1+X1*X4+X1*X3+X1*X2+X1*X0
[2026-04-24 04:37:20,285][dowhy.causal_model][INFO] - Model to find the causal effect of treatment ['X2'] on outcome ['X0']
[2026-04-24 04:37:20,285][dowhy.causal_identifier.auto_identifier][WARNING] - No directed path from treatment to outcome. Causal Effect is zero.
[2026-04-24 04:37:20,285][dowhy.causal_model][INFO] - linear_regression
[2026-04-24 04:37:20,285][dowhy.causal_estimator][INFO] - INFO: Using Linear Regression Estimator
[2026-04-24 04:37:20,285][dowhy.causal_estimator][WARNING] - No directed path from ['X2'] to ['X0'].
[2026-04-24 04:37:20,287][dowhy.causal_model][INFO] - Model to find the causal effect of treatment ['X2'] on outcome ['X1']
[2026-04-24 04:37:20,287][dowhy.causal_identifier.auto_identifier][WARNING] - No directed path from treatment to outcome. Causal Effect is zero.
[2026-04-24 04:37:20,287][dowhy.causal_model][INFO] - linear_regression
[2026-04-24 04:37:20,287][dowhy.causal_estimator][INFO] - INFO: Using Linear Regression Estimator
[2026-04-24 04:37:20,287][dowhy.causal_estimator][WARNING] - No directed path from ['X2'] to ['X1'].
[2026-04-24 04:37:20,289][dowhy.causal_model][INFO] - Model to find the causal effect of treatment ['X2'] on outcome ['X3']
[2026-04-24 04:37:20,289][dowhy.causal_identifier.auto_identifier][WARNING] - No directed path from treatment to outcome. Causal Effect is zero.
[2026-04-24 04:37:20,289][dowhy.causal_model][INFO] - linear_regression
[2026-04-24 04:37:20,289][dowhy.causal_estimator][INFO] - INFO: Using Linear Regression Estimator
[2026-04-24 04:37:20,289][dowhy.causal_estimator][WARNING] - No directed path from ['X2'] to ['X3'].
[2026-04-24 04:37:20,290][dowhy.causal_model][INFO] - Model to find the causal effect of treatment ['X2'] on outcome ['X4']
[2026-04-24 04:37:20,290][dowhy.causal_identifier.auto_identifier][WARNING] - No directed path from treatment to outcome. Causal Effect is zero.
[2026-04-24 04:37:20,290][dowhy.causal_model][INFO] - linear_regression
[2026-04-24 04:37:20,291][dowhy.causal_estimator][INFO] - INFO: Using Linear Regression Estimator
[2026-04-24 04:37:20,291][dowhy.causal_estimator][WARNING] - No directed path from ['X2'] to ['X4'].
[2026-04-24 04:37:20,292][dowhy.causal_model][INFO] - Model to find the causal effect of treatment ['X2'] on outcome ['X5']
[2026-04-24 04:37:20,292][dowhy.causal_identifier.auto_identifier][WARNING] - No directed path from treatment to outcome. Causal Effect is zero.
[2026-04-24 04:37:20,292][dowhy.causal_model][INFO] - linear_regression
[2026-04-24 04:37:20,292][dowhy.causal_estimator][INFO] - INFO: Using Linear Regression Estimator
[2026-04-24 04:37:20,292][dowhy.causal_estimator][WARNING] - No directed path from ['X2'] to ['X5'].
[2026-04-24 04:37:20,294][dowhy.causal_model][INFO] - Model to find the causal effect of treatment ['X2'] on outcome ['X6']
[2026-04-24 04:37:20,294][dowhy.causal_identifier.auto_identifier][WARNING] - No directed path from treatment to outcome. Causal Effect is zero.
[2026-04-24 04:37:20,294][dowhy.causal_model][INFO] - linear_regression
[2026-04-24 04:37:20,294][dowhy.causal_estimator][INFO] - INFO: Using Linear Regression Estimator
[2026-04-24 04:37:20,294][dowhy.causal_estimator][WARNING] - No directed path from ['X2'] to ['X6'].
[2026-04-24 04:37:20,296][dowhy.causal_model][INFO] - Model to find the causal effect of treatment ['X2'] on outcome ['X7']
[2026-04-24 04:37:20,298][dowhy.causal_identifier.auto_identifier][INFO] - Causal effect can be identified.
[2026-04-24 04:37:20,299][dowhy.causal_identifier.auto_identifier][INFO] - Instrumental variables for treatment and outcome:[]
[2026-04-24 04:37:20,299][dowhy.causal_identifier.auto_identifier][INFO] - Frontdoor variables for treatment and outcome:[]
[2026-04-24 04:37:20,299][dowhy.causal_model][INFO] - linear_regression
[2026-04-24 04:37:20,299][dowhy.causal_estimator][INFO] - INFO: Using Linear Regression Estimator
[2026-04-24 04:37:20,299][dowhy.causal_estimator][INFO] - b: X7~X2+X2*X1+X2*X3+X2*X5+X2*X0+X2*X6
[2026-04-24 04:37:20,308][dowhy.causal_model][INFO] - Model to find the causal effect of treatment ['X2'] on outcome ['X8']
[2026-04-24 04:37:20,310][dowhy.causal_identifier.auto_identifier][INFO] - Causal effect can be identified.
[2026-04-24 04:37:20,311][dowhy.causal_identifier.auto_identifier][INFO] - Instrumental variables for treatment and outcome:[]
[2026-04-24 04:37:20,311][dowhy.causal_identifier.auto_identifier][INFO] - Frontdoor variables for treatment and outcome:[]
[2026-04-24 04:37:20,311][dowhy.causal_model][INFO] - linear_regression
[2026-04-24 04:37:20,311][dowhy.causal_estimator][INFO] - INFO: Using Linear Regression Estimator
[2026-04-24 04:37:20,312][dowhy.causal_estimator][INFO] - b: X8~X2+X2*X1+X2*X3+X2*X5+X2*X0+X2*X6
[2026-04-24 04:37:20,320][dowhy.causal_model][INFO] - Model to find the causal effect of treatment ['X2'] on outcome ['X9']
[2026-04-24 04:37:20,320][dowhy.causal_identifier.auto_identifier][WARNING] - No directed path from treatment to outcome. Causal Effect is zero.
[2026-04-24 04:37:20,320][dowhy.causal_model][INFO] - linear_regression
[2026-04-24 04:37:20,320][dowhy.causal_estimator][INFO] - INFO: Using Linear Regression Estimator
[2026-04-24 04:37:20,321][dowhy.causal_estimator][WARNING] - No directed path from ['X2'] to ['X9'].
[2026-04-24 04:37:20,322][dowhy.causal_model][INFO] - Model to find the causal effect of treatment ['X2'] on outcome ['X10']
[2026-04-24 04:37:20,324][dowhy.causal_identifier.auto_identifier][INFO] - Causal effect can be identified.
[2026-04-24 04:37:20,325][dowhy.causal_identifier.auto_identifier][INFO] - Instrumental variables for treatment and outcome:[]
[2026-04-24 04:37:20,326][dowhy.causal_identifier.auto_identifier][INFO] - Frontdoor variables for treatment and outcome:[]
[2026-04-24 04:37:20,326][dowhy.causal_model][INFO] - linear_regression
[2026-04-24 04:37:20,326][dowhy.causal_estimator][INFO] - INFO: Using Linear Regression Estimator
[2026-04-24 04:37:20,326][dowhy.causal_estimator][INFO] - b: X10~X2+X2*X1+X2*X3+X2*X5+X2*X0+X2*X6
[2026-04-24 04:37:20,335][dowhy.causal_model][INFO] - Model to find the causal effect of treatment ['X2'] on outcome ['X11']
[2026-04-24 04:37:20,337][dowhy.causal_identifier.auto_identifier][INFO] - Causal effect can be identified.
[2026-04-24 04:37:20,338][dowhy.causal_identifier.auto_identifier][INFO] - Instrumental variables for treatment and outcome:[]
[2026-04-24 04:37:20,339][dowhy.causal_identifier.auto_identifier][INFO] - Frontdoor variables for treatment and outcome:['X10', 'X8', 'X7']
[2026-04-24 04:37:20,342][dowhy.causal_identifier.auto_identifier][INFO] - Causal effect can be identified.
[2026-04-24 04:37:20,345][dowhy.causal_identifier.auto_identifier][INFO] - Causal effect can be identified.
[2026-04-24 04:37:20,346][dowhy.causal_model][INFO] - linear_regression
[2026-04-24 04:37:20,346][dowhy.causal_estimator][INFO] - INFO: Using Linear Regression Estimator
[2026-04-24 04:37:20,346][dowhy.causal_estimator][INFO] - b: X11~X2+X2*X4+X2*X1+X2*X3+X2*X5+X2*X0+X2*X6
[2026-04-24 04:37:20,395][dowhy.causal_model][INFO] - Model to find the causal effect of treatment ['X3'] on outcome ['X0']
[2026-04-24 04:37:20,395][dowhy.causal_identifier.auto_identifier][WARNING] - No directed path from treatment to outcome. Causal Effect is zero.
[2026-04-24 04:37:20,396][dowhy.causal_model][INFO] - linear_regression
[2026-04-24 04:37:20,396][dowhy.causal_estimator][INFO] - INFO: Using Linear Regression Estimator
[2026-04-24 04:37:20,396][dowhy.causal_estimator][WARNING] - No directed path from ['X3'] to ['X0'].
[2026-04-24 04:37:20,397][dowhy.causal_model][INFO] - Model to find the causal effect of treatment ['X3'] on outcome ['X1']
[2026-04-24 04:37:20,397][dowhy.causal_identifier.auto_identifier][WARNING] - No directed path from treatment to outcome. Causal Effect is zero.
[2026-04-24 04:37:20,398][dowhy.causal_model][INFO] - linear_regression
[2026-04-24 04:37:20,398][dowhy.causal_estimator][INFO] - INFO: Using Linear Regression Estimator
[2026-04-24 04:37:20,398][dowhy.causal_estimator][WARNING] - No directed path from ['X3'] to ['X1'].
[2026-04-24 04:37:20,400][dowhy.causal_model][INFO] - Model to find the causal effect of treatment ['X3'] on outcome ['X2']
[2026-04-24 04:37:20,400][dowhy.causal_identifier.auto_identifier][WARNING] - No directed path from treatment to outcome. Causal Effect is zero.
[2026-04-24 04:37:20,400][dowhy.causal_model][INFO] - linear_regression
[2026-04-24 04:37:20,400][dowhy.causal_estimator][INFO] - INFO: Using Linear Regression Estimator
[2026-04-24 04:37:20,400][dowhy.causal_estimator][WARNING] - No directed path from ['X3'] to ['X2'].
[2026-04-24 04:37:20,402][dowhy.causal_model][INFO] - Model to find the causal effect of treatment ['X3'] on outcome ['X4']
[2026-04-24 04:37:20,402][dowhy.causal_identifier.auto_identifier][WARNING] - No directed path from treatment to outcome. Causal Effect is zero.
[2026-04-24 04:37:20,402][dowhy.causal_model][INFO] - linear_regression
[2026-04-24 04:37:20,402][dowhy.causal_estimator][INFO] - INFO: Using Linear Regression Estimator
[2026-04-24 04:37:20,402][dowhy.causal_estimator][WARNING] - No directed path from ['X3'] to ['X4'].
[2026-04-24 04:37:20,404][dowhy.causal_model][INFO] - Model to find the causal effect of treatment ['X3'] on outcome ['X5']
[2026-04-24 04:37:20,404][dowhy.causal_identifier.auto_identifier][WARNING] - No directed path from treatment to outcome. Causal Effect is zero.
[2026-04-24 04:37:20,404][dowhy.causal_model][INFO] - linear_regression
[2026-04-24 04:37:20,404][dowhy.causal_estimator][INFO] - INFO: Using Linear Regression Estimator
[2026-04-24 04:37:20,404][dowhy.causal_estimator][WARNING] - No directed path from ['X3'] to ['X5'].
[2026-04-24 04:37:20,405][dowhy.causal_model][INFO] - Model to find the causal effect of treatment ['X3'] on outcome ['X6']
[2026-04-24 04:37:20,406][dowhy.causal_identifier.auto_identifier][WARNING] - No directed path from treatment to outcome. Causal Effect is zero.
[2026-04-24 04:37:20,406][dowhy.causal_model][INFO] - linear_regression
[2026-04-24 04:37:20,406][dowhy.causal_estimator][INFO] - INFO: Using Linear Regression Estimator
[2026-04-24 04:37:20,406][dowhy.causal_estimator][WARNING] - No directed path from ['X3'] to ['X6'].
[2026-04-24 04:37:20,408][dowhy.causal_model][INFO] - Model to find the causal effect of treatment ['X3'] on outcome ['X7']
[2026-04-24 04:37:20,410][dowhy.causal_identifier.auto_identifier][INFO] - Causal effect can be identified.
[2026-04-24 04:37:20,411][dowhy.causal_identifier.auto_identifier][INFO] - Instrumental variables for treatment and outcome:[]
[2026-04-24 04:37:20,411][dowhy.causal_identifier.auto_identifier][INFO] - Frontdoor variables for treatment and outcome:[]
[2026-04-24 04:37:20,411][dowhy.causal_model][INFO] - linear_regression
[2026-04-24 04:37:20,411][dowhy.causal_estimator][INFO] - INFO: Using Linear Regression Estimator
[2026-04-24 04:37:20,412][dowhy.causal_estimator][INFO] - b: X7~X3+X3*X1+X3*X2+X3*X5+X3*X0+X3*X6
[2026-04-24 04:37:20,421][dowhy.causal_model][INFO] - Model to find the causal effect of treatment ['X3'] on outcome ['X8']
[2026-04-24 04:37:20,423][dowhy.causal_identifier.auto_identifier][INFO] - Causal effect can be identified.
[2026-04-24 04:37:20,424][dowhy.causal_identifier.auto_identifier][INFO] - Instrumental variables for treatment and outcome:[]
[2026-04-24 04:37:20,424][dowhy.causal_identifier.auto_identifier][INFO] - Frontdoor variables for treatment and outcome:[]
[2026-04-24 04:37:20,424][dowhy.causal_model][INFO] - linear_regression
[2026-04-24 04:37:20,424][dowhy.causal_estimator][INFO] - INFO: Using Linear Regression Estimator
[2026-04-24 04:37:20,425][dowhy.causal_estimator][INFO] - b: X8~X3+X3*X1+X3*X2+X3*X5+X3*X0+X3*X6
[2026-04-24 04:37:20,433][dowhy.causal_model][INFO] - Model to find the causal effect of treatment ['X3'] on outcome ['X9']
[2026-04-24 04:37:20,434][dowhy.causal_identifier.auto_identifier][WARNING] - No directed path from treatment to outcome. Causal Effect is zero.
[2026-04-24 04:37:20,434][dowhy.causal_model][INFO] - linear_regression
[2026-04-24 04:37:20,434][dowhy.causal_estimator][INFO] - INFO: Using Linear Regression Estimator
[2026-04-24 04:37:20,434][dowhy.causal_estimator][WARNING] - No directed path from ['X3'] to ['X9'].
[2026-04-24 04:37:20,436][dowhy.causal_model][INFO] - Model to find the causal effect of treatment ['X3'] on outcome ['X10']
[2026-04-24 04:37:20,439][dowhy.causal_identifier.auto_identifier][INFO] - Causal effect can be identified.
[2026-04-24 04:37:20,440][dowhy.causal_identifier.auto_identifier][INFO] - Instrumental variables for treatment and outcome:[]
[2026-04-24 04:37:20,440][dowhy.causal_identifier.auto_identifier][INFO] - Frontdoor variables for treatment and outcome:[]
[2026-04-24 04:37:20,440][dowhy.causal_model][INFO] - linear_regression
[2026-04-24 04:37:20,441][dowhy.causal_estimator][INFO] - INFO: Using Linear Regression Estimator
[2026-04-24 04:37:20,441][dowhy.causal_estimator][INFO] - b: X10~X3+X3*X1+X3*X2+X3*X5+X3*X0+X3*X6
[2026-04-24 04:37:20,450][dowhy.causal_model][INFO] - Model to find the causal effect of treatment ['X3'] on outcome ['X11']
[2026-04-24 04:37:20,452][dowhy.causal_identifier.auto_identifier][INFO] - Causal effect can be identified.
[2026-04-24 04:37:20,453][dowhy.causal_identifier.auto_identifier][INFO] - Instrumental variables for treatment and outcome:[]
[2026-04-24 04:37:20,455][dowhy.causal_identifier.auto_identifier][INFO] - Frontdoor variables for treatment and outcome:['X10', 'X8', 'X7']
[2026-04-24 04:37:20,457][dowhy.causal_identifier.auto_identifier][INFO] - Causal effect can be identified.
[2026-04-24 04:37:20,460][dowhy.causal_identifier.auto_identifier][INFO] - Causal effect can be identified.
[2026-04-24 04:37:20,461][dowhy.causal_model][INFO] - linear_regression
[2026-04-24 04:37:20,461][dowhy.causal_estimator][INFO] - INFO: Using Linear Regression Estimator
[2026-04-24 04:37:20,461][dowhy.causal_estimator][INFO] - b: X11~X3+X3*X4+X3*X1+X3*X2+X3*X5+X3*X0+X3*X6
[2026-04-24 04:37:20,505][dowhy.causal_model][INFO] - Model to find the causal effect of treatment ['X4'] on outcome ['X0']
[2026-04-24 04:37:20,505][dowhy.causal_identifier.auto_identifier][WARNING] - No directed path from treatment to outcome. Causal Effect is zero.
[2026-04-24 04:37:20,505][dowhy.causal_model][INFO] - linear_regression
[2026-04-24 04:37:20,505][dowhy.causal_estimator][INFO] - INFO: Using Linear Regression Estimator
[2026-04-24 04:37:20,505][dowhy.causal_estimator][WARNING] - No directed path from ['X4'] to ['X0'].
[2026-04-24 04:37:20,507][dowhy.causal_model][INFO] - Model to find the causal effect of treatment ['X4'] on outcome ['X1']
[2026-04-24 04:37:20,507][dowhy.causal_identifier.auto_identifier][WARNING] - No directed path from treatment to outcome. Causal Effect is zero.
[2026-04-24 04:37:20,507][dowhy.causal_model][INFO] - linear_regression
[2026-04-24 04:37:20,507][dowhy.causal_estimator][INFO] - INFO: Using Linear Regression Estimator
[2026-04-24 04:37:20,507][dowhy.causal_estimator][WARNING] - No directed path from ['X4'] to ['X1'].
[2026-04-24 04:37:20,509][dowhy.causal_model][INFO] - Model to find the causal effect of treatment ['X4'] on outcome ['X2']
[2026-04-24 04:37:20,509][dowhy.causal_identifier.auto_identifier][WARNING] - No directed path from treatment to outcome. Causal Effect is zero.
[2026-04-24 04:37:20,509][dowhy.causal_model][INFO] - linear_regression
[2026-04-24 04:37:20,509][dowhy.causal_estimator][INFO] - INFO: Using Linear Regression Estimator
[2026-04-24 04:37:20,509][dowhy.causal_estimator][WARNING] - No directed path from ['X4'] to ['X2'].
[2026-04-24 04:37:20,511][dowhy.causal_model][INFO] - Model to find the causal effect of treatment ['X4'] on outcome ['X3']
[2026-04-24 04:37:20,511][dowhy.causal_identifier.auto_identifier][WARNING] - No directed path from treatment to outcome. Causal Effect is zero.
[2026-04-24 04:37:20,511][dowhy.causal_model][INFO] - linear_regression
[2026-04-24 04:37:20,511][dowhy.causal_estimator][INFO] - INFO: Using Linear Regression Estimator
[2026-04-24 04:37:20,511][dowhy.causal_estimator][WARNING] - No directed path from ['X4'] to ['X3'].
[2026-04-24 04:37:20,513][dowhy.causal_model][INFO] - Model to find the causal effect of treatment ['X4'] on outcome ['X5']
[2026-04-24 04:37:20,513][dowhy.causal_identifier.auto_identifier][WARNING] - No directed path from treatment to outcome. Causal Effect is zero.
[2026-04-24 04:37:20,513][dowhy.causal_model][INFO] - linear_regression
[2026-04-24 04:37:20,513][dowhy.causal_estimator][INFO] - INFO: Using Linear Regression Estimator
[2026-04-24 04:37:20,513][dowhy.causal_estimator][WARNING] - No directed path from ['X4'] to ['X5'].
[2026-04-24 04:37:20,515][dowhy.causal_model][INFO] - Model to find the causal effect of treatment ['X4'] on outcome ['X6']
[2026-04-24 04:37:20,515][dowhy.causal_identifier.auto_identifier][WARNING] - No directed path from treatment to outcome. Causal Effect is zero.
[2026-04-24 04:37:20,515][dowhy.causal_model][INFO] - linear_regression
[2026-04-24 04:37:20,515][dowhy.causal_estimator][INFO] - INFO: Using Linear Regression Estimator
[2026-04-24 04:37:20,515][dowhy.causal_estimator][WARNING] - No directed path from ['X4'] to ['X6'].
[2026-04-24 04:37:20,516][dowhy.causal_model][INFO] - Model to find the causal effect of treatment ['X4'] on outcome ['X7']
[2026-04-24 04:37:20,516][dowhy.causal_identifier.auto_identifier][WARNING] - No directed path from treatment to outcome. Causal Effect is zero.
[2026-04-24 04:37:20,517][dowhy.causal_model][INFO] - linear_regression
[2026-04-24 04:37:20,517][dowhy.causal_estimator][INFO] - INFO: Using Linear Regression Estimator
[2026-04-24 04:37:20,517][dowhy.causal_estimator][WARNING] - No directed path from ['X4'] to ['X7'].
[2026-04-24 04:37:20,518][dowhy.causal_model][INFO] - Model to find the causal effect of treatment ['X4'] on outcome ['X8']
[2026-04-24 04:37:20,518][dowhy.causal_identifier.auto_identifier][WARNING] - No directed path from treatment to outcome. Causal Effect is zero.
[2026-04-24 04:37:20,518][dowhy.causal_model][INFO] - linear_regression
[2026-04-24 04:37:20,518][dowhy.causal_estimator][INFO] - INFO: Using Linear Regression Estimator
[2026-04-24 04:37:20,518][dowhy.causal_estimator][WARNING] - No directed path from ['X4'] to ['X8'].
[2026-04-24 04:37:20,520][dowhy.causal_model][INFO] - Model to find the causal effect of treatment ['X4'] on outcome ['X9']
[2026-04-24 04:37:20,520][dowhy.causal_identifier.auto_identifier][WARNING] - No directed path from treatment to outcome. Causal Effect is zero.
[2026-04-24 04:37:20,520][dowhy.causal_model][INFO] - linear_regression
[2026-04-24 04:37:20,520][dowhy.causal_estimator][INFO] - INFO: Using Linear Regression Estimator
[2026-04-24 04:37:20,520][dowhy.causal_estimator][WARNING] - No directed path from ['X4'] to ['X9'].
[2026-04-24 04:37:20,522][dowhy.causal_model][INFO] - Model to find the causal effect of treatment ['X4'] on outcome ['X10']
[2026-04-24 04:37:20,522][dowhy.causal_identifier.auto_identifier][WARNING] - No directed path from treatment to outcome. Causal Effect is zero.
[2026-04-24 04:37:20,522][dowhy.causal_model][INFO] - linear_regression
[2026-04-24 04:37:20,522][dowhy.causal_estimator][INFO] - INFO: Using Linear Regression Estimator
[2026-04-24 04:37:20,522][dowhy.causal_estimator][WARNING] - No directed path from ['X4'] to ['X10'].
[2026-04-24 04:37:20,524][dowhy.causal_model][INFO] - Model to find the causal effect of treatment ['X4'] on outcome ['X11']
[2026-04-24 04:37:20,527][dowhy.causal_identifier.auto_identifier][INFO] - Causal effect can be identified.
[2026-04-24 04:37:20,528][dowhy.causal_identifier.auto_identifier][INFO] - Instrumental variables for treatment and outcome:[]
[2026-04-24 04:37:20,528][dowhy.causal_identifier.auto_identifier][INFO] - Frontdoor variables for treatment and outcome:[]
[2026-04-24 04:37:20,528][dowhy.causal_model][INFO] - linear_regression
[2026-04-24 04:37:20,528][dowhy.causal_estimator][INFO] - INFO: Using Linear Regression Estimator
[2026-04-24 04:37:20,528][dowhy.causal_estimator][INFO] - b: X11~X4+X4*X1+X4*X2+X4*X3+X4*X5+X4*X8+X4*X7+X4*X0+X4*X6
[2026-04-24 04:37:20,573][dowhy.causal_model][INFO] - Model to find the causal effect of treatment ['X5'] on outcome ['X0']
[2026-04-24 04:37:20,573][dowhy.causal_identifier.auto_identifier][WARNING] - No directed path from treatment to outcome. Causal Effect is zero.
[2026-04-24 04:37:20,573][dowhy.causal_model][INFO] - linear_regression
[2026-04-24 04:37:20,573][dowhy.causal_estimator][INFO] - INFO: Using Linear Regression Estimator
[2026-04-24 04:37:20,573][dowhy.causal_estimator][WARNING] - No directed path from ['X5'] to ['X0'].
[2026-04-24 04:37:20,575][dowhy.causal_model][INFO] - Model to find the causal effect of treatment ['X5'] on outcome ['X1']
[2026-04-24 04:37:20,575][dowhy.causal_identifier.auto_identifier][WARNING] - No directed path from treatment to outcome. Causal Effect is zero.
[2026-04-24 04:37:20,575][dowhy.causal_model][INFO] - linear_regression
[2026-04-24 04:37:20,575][dowhy.causal_estimator][INFO] - INFO: Using Linear Regression Estimator
[2026-04-24 04:37:20,575][dowhy.causal_estimator][WARNING] - No directed path from ['X5'] to ['X1'].
[2026-04-24 04:37:20,577][dowhy.causal_model][INFO] - Model to find the causal effect of treatment ['X5'] on outcome ['X2']
[2026-04-24 04:37:20,577][dowhy.causal_identifier.auto_identifier][WARNING] - No directed path from treatment to outcome. Causal Effect is zero.
[2026-04-24 04:37:20,577][dowhy.causal_model][INFO] - linear_regression
[2026-04-24 04:37:20,577][dowhy.causal_estimator][INFO] - INFO: Using Linear Regression Estimator
[2026-04-24 04:37:20,577][dowhy.causal_estimator][WARNING] - No directed path from ['X5'] to ['X2'].
[2026-04-24 04:37:20,579][dowhy.causal_model][INFO] - Model to find the causal effect of treatment ['X5'] on outcome ['X3']
[2026-04-24 04:37:20,579][dowhy.causal_identifier.auto_identifier][WARNING] - No directed path from treatment to outcome. Causal Effect is zero.
[2026-04-24 04:37:20,579][dowhy.causal_model][INFO] - linear_regression
[2026-04-24 04:37:20,579][dowhy.causal_estimator][INFO] - INFO: Using Linear Regression Estimator
[2026-04-24 04:37:20,579][dowhy.causal_estimator][WARNING] - No directed path from ['X5'] to ['X3'].
[2026-04-24 04:37:20,581][dowhy.causal_model][INFO] - Model to find the causal effect of treatment ['X5'] on outcome ['X4']
[2026-04-24 04:37:20,581][dowhy.causal_identifier.auto_identifier][WARNING] - No directed path from treatment to outcome. Causal Effect is zero.
[2026-04-24 04:37:20,581][dowhy.causal_model][INFO] - linear_regression
[2026-04-24 04:37:20,581][dowhy.causal_estimator][INFO] - INFO: Using Linear Regression Estimator
[2026-04-24 04:37:20,581][dowhy.causal_estimator][WARNING] - No directed path from ['X5'] to ['X4'].
[2026-04-24 04:37:20,583][dowhy.causal_model][INFO] - Model to find the causal effect of treatment ['X5'] on outcome ['X6']
[2026-04-24 04:37:20,584][dowhy.causal_identifier.auto_identifier][INFO] - Causal effect can be identified.
[2026-04-24 04:37:20,585][dowhy.causal_identifier.auto_identifier][INFO] - Instrumental variables for treatment and outcome:['X0']
[2026-04-24 04:37:20,585][dowhy.causal_identifier.auto_identifier][INFO] - Frontdoor variables for treatment and outcome:[]
[2026-04-24 04:37:20,585][dowhy.causal_model][INFO] - linear_regression
[2026-04-24 04:37:20,585][dowhy.causal_estimator][INFO] - INFO: Using Linear Regression Estimator
[2026-04-24 04:37:20,586][dowhy.causal_estimator][INFO] - b: X6~X5+X1
[2026-04-24 04:37:20,595][dowhy.causal_model][INFO] - Model to find the causal effect of treatment ['X5'] on outcome ['X7']
[2026-04-24 04:37:20,596][dowhy.causal_identifier.auto_identifier][INFO] - Causal effect can be identified.
[2026-04-24 04:37:20,597][dowhy.causal_identifier.auto_identifier][INFO] - Instrumental variables for treatment and outcome:['X0']
[2026-04-24 04:37:20,598][dowhy.causal_identifier.auto_identifier][INFO] - Frontdoor variables for treatment and outcome:[]
[2026-04-24 04:37:20,598][dowhy.causal_model][INFO] - linear_regression
[2026-04-24 04:37:20,598][dowhy.causal_estimator][INFO] - INFO: Using Linear Regression Estimator
[2026-04-24 04:37:20,599][dowhy.causal_estimator][INFO] - b: X7~X5+X1+X5*X3+X5*X2
[2026-04-24 04:37:20,608][dowhy.causal_model][INFO] - Model to find the causal effect of treatment ['X5'] on outcome ['X8']
[2026-04-24 04:37:20,610][dowhy.causal_identifier.auto_identifier][INFO] - Causal effect can be identified.
[2026-04-24 04:37:20,611][dowhy.causal_identifier.auto_identifier][INFO] - Instrumental variables for treatment and outcome:['X0']
[2026-04-24 04:37:20,613][dowhy.causal_identifier.auto_identifier][INFO] - Frontdoor variables for treatment and outcome:[]
[2026-04-24 04:37:20,614][dowhy.causal_model][INFO] - linear_regression
[2026-04-24 04:37:20,614][dowhy.causal_estimator][INFO] - INFO: Using Linear Regression Estimator
[2026-04-24 04:37:20,614][dowhy.causal_estimator][INFO] - b: X8~X5+X1+X5*X3+X5*X2
[2026-04-24 04:37:20,624][dowhy.causal_model][INFO] - Model to find the causal effect of treatment ['X5'] on outcome ['X9']
[2026-04-24 04:37:20,625][dowhy.causal_identifier.auto_identifier][INFO] - Causal effect can be identified.
[2026-04-24 04:37:20,626][dowhy.causal_identifier.auto_identifier][INFO] - Instrumental variables for treatment and outcome:['X1']
[2026-04-24 04:37:20,629][dowhy.causal_identifier.auto_identifier][INFO] - Frontdoor variables for treatment and outcome:[]
[2026-04-24 04:37:20,629][dowhy.causal_model][INFO] - linear_regression
[2026-04-24 04:37:20,629][dowhy.causal_estimator][INFO] - INFO: Using Linear Regression Estimator
[2026-04-24 04:37:20,629][dowhy.causal_estimator][INFO] - b: X9~X5+X0
[2026-04-24 04:37:20,638][dowhy.causal_model][INFO] - Model to find the causal effect of treatment ['X5'] on outcome ['X10']
[2026-04-24 04:37:20,640][dowhy.causal_identifier.auto_identifier][INFO] - Causal effect can be identified.
[2026-04-24 04:37:20,641][dowhy.causal_identifier.auto_identifier][INFO] - Instrumental variables for treatment and outcome:['X0']
[2026-04-24 04:37:20,646][dowhy.causal_identifier.auto_identifier][INFO] - Frontdoor variables for treatment and outcome:[]
[2026-04-24 04:37:20,646][dowhy.causal_model][INFO] - linear_regression
[2026-04-24 04:37:20,647][dowhy.causal_estimator][INFO] - INFO: Using Linear Regression Estimator
[2026-04-24 04:37:20,647][dowhy.causal_estimator][INFO] - b: X10~X5+X1+X5*X3+X5*X2
[2026-04-24 04:37:20,657][dowhy.causal_model][INFO] - Model to find the causal effect of treatment ['X5'] on outcome ['X11']
[2026-04-24 04:37:20,659][dowhy.causal_identifier.auto_identifier][INFO] - Causal effect can be identified.
[2026-04-24 04:37:20,659][dowhy.causal_identifier.auto_identifier][INFO] - Instrumental variables for treatment and outcome:['X0']
[2026-04-24 04:37:20,666][dowhy.causal_identifier.auto_identifier][INFO] - Frontdoor variables for treatment and outcome:[]
[2026-04-24 04:37:20,666][dowhy.causal_model][INFO] - linear_regression
[2026-04-24 04:37:20,666][dowhy.causal_estimator][INFO] - INFO: Using Linear Regression Estimator
[2026-04-24 04:37:20,666][dowhy.causal_estimator][INFO] - b: X11~X5+X1+X5*X4+X5*X3+X5*X2
[2026-04-24 04:37:20,709][dowhy.causal_model][INFO] - Model to find the causal effect of treatment ['X6'] on outcome ['X0']
[2026-04-24 04:37:20,709][dowhy.causal_identifier.auto_identifier][WARNING] - No directed path from treatment to outcome. Causal Effect is zero.
[2026-04-24 04:37:20,709][dowhy.causal_model][INFO] - linear_regression
[2026-04-24 04:37:20,709][dowhy.causal_estimator][INFO] - INFO: Using Linear Regression Estimator
[2026-04-24 04:37:20,709][dowhy.causal_estimator][WARNING] - No directed path from ['X6'] to ['X0'].
[2026-04-24 04:37:20,711][dowhy.causal_model][INFO] - Model to find the causal effect of treatment ['X6'] on outcome ['X1']
[2026-04-24 04:37:20,711][dowhy.causal_identifier.auto_identifier][WARNING] - No directed path from treatment to outcome. Causal Effect is zero.
[2026-04-24 04:37:20,711][dowhy.causal_model][INFO] - linear_regression
[2026-04-24 04:37:20,711][dowhy.causal_estimator][INFO] - INFO: Using Linear Regression Estimator
[2026-04-24 04:37:20,711][dowhy.causal_estimator][WARNING] - No directed path from ['X6'] to ['X1'].
[2026-04-24 04:37:20,713][dowhy.causal_model][INFO] - Model to find the causal effect of treatment ['X6'] on outcome ['X2']
[2026-04-24 04:37:20,713][dowhy.causal_identifier.auto_identifier][WARNING] - No directed path from treatment to outcome. Causal Effect is zero.
[2026-04-24 04:37:20,713][dowhy.causal_model][INFO] - linear_regression
[2026-04-24 04:37:20,713][dowhy.causal_estimator][INFO] - INFO: Using Linear Regression Estimator
[2026-04-24 04:37:20,713][dowhy.causal_estimator][WARNING] - No directed path from ['X6'] to ['X2'].
[2026-04-24 04:37:20,715][dowhy.causal_model][INFO] - Model to find the causal effect of treatment ['X6'] on outcome ['X3']
[2026-04-24 04:37:20,715][dowhy.causal_identifier.auto_identifier][WARNING] - No directed path from treatment to outcome. Causal Effect is zero.
[2026-04-24 04:37:20,715][dowhy.causal_model][INFO] - linear_regression
[2026-04-24 04:37:20,715][dowhy.causal_estimator][INFO] - INFO: Using Linear Regression Estimator
[2026-04-24 04:37:20,715][dowhy.causal_estimator][WARNING] - No directed path from ['X6'] to ['X3'].
[2026-04-24 04:37:20,717][dowhy.causal_model][INFO] - Model to find the causal effect of treatment ['X6'] on outcome ['X4']
[2026-04-24 04:37:20,717][dowhy.causal_identifier.auto_identifier][WARNING] - No directed path from treatment to outcome. Causal Effect is zero.
[2026-04-24 04:37:20,717][dowhy.causal_model][INFO] - linear_regression
[2026-04-24 04:37:20,717][dowhy.causal_estimator][INFO] - INFO: Using Linear Regression Estimator
[2026-04-24 04:37:20,717][dowhy.causal_estimator][WARNING] - No directed path from ['X6'] to ['X4'].
[2026-04-24 04:37:20,718][dowhy.causal_model][INFO] - Model to find the causal effect of treatment ['X6'] on outcome ['X5']
[2026-04-24 04:37:20,718][dowhy.causal_identifier.auto_identifier][WARNING] - No directed path from treatment to outcome. Causal Effect is zero.
[2026-04-24 04:37:20,719][dowhy.causal_model][INFO] - linear_regression
[2026-04-24 04:37:20,719][dowhy.causal_estimator][INFO] - INFO: Using Linear Regression Estimator
[2026-04-24 04:37:20,719][dowhy.causal_estimator][WARNING] - No directed path from ['X6'] to ['X5'].
[2026-04-24 04:37:20,720][dowhy.causal_model][INFO] - Model to find the causal effect of treatment ['X6'] on outcome ['X7']
[2026-04-24 04:37:20,723][dowhy.causal_identifier.auto_identifier][INFO] - Causal effect can be identified.
[2026-04-24 04:37:20,723][dowhy.causal_identifier.auto_identifier][INFO] - Instrumental variables for treatment and outcome:['X1', 'X5']
[2026-04-24 04:37:20,724][dowhy.causal_identifier.auto_identifier][INFO] - Frontdoor variables for treatment and outcome:[]
[2026-04-24 04:37:20,724][dowhy.causal_model][INFO] - linear_regression
[2026-04-24 04:37:20,724][dowhy.causal_estimator][INFO] - INFO: Using Linear Regression Estimator
[2026-04-24 04:37:20,724][dowhy.causal_estimator][INFO] - b: X7~X6+X6*X3+X6*X2
[2026-04-24 04:37:20,732][dowhy.causal_model][INFO] - Model to find the causal effect of treatment ['X6'] on outcome ['X8']
[2026-04-24 04:37:20,734][dowhy.causal_identifier.auto_identifier][INFO] - Causal effect can be identified.
[2026-04-24 04:37:20,735][dowhy.causal_identifier.auto_identifier][INFO] - Instrumental variables for treatment and outcome:['X1', 'X5']
[2026-04-24 04:37:20,735][dowhy.causal_identifier.auto_identifier][INFO] - Frontdoor variables for treatment and outcome:[]
[2026-04-24 04:37:20,735][dowhy.causal_model][INFO] - linear_regression
[2026-04-24 04:37:20,735][dowhy.causal_estimator][INFO] - INFO: Using Linear Regression Estimator
[2026-04-24 04:37:20,736][dowhy.causal_estimator][INFO] - b: X8~X6+X6*X3+X6*X2
[2026-04-24 04:37:20,743][dowhy.causal_model][INFO] - Model to find the causal effect of treatment ['X6'] on outcome ['X9']
[2026-04-24 04:37:20,743][dowhy.causal_identifier.auto_identifier][WARNING] - No directed path from treatment to outcome. Causal Effect is zero.
[2026-04-24 04:37:20,743][dowhy.causal_model][INFO] - linear_regression
[2026-04-24 04:37:20,743][dowhy.causal_estimator][INFO] - INFO: Using Linear Regression Estimator
[2026-04-24 04:37:20,743][dowhy.causal_estimator][WARNING] - No directed path from ['X6'] to ['X9'].
[2026-04-24 04:37:20,745][dowhy.causal_model][INFO] - Model to find the causal effect of treatment ['X6'] on outcome ['X10']
[2026-04-24 04:37:20,747][dowhy.causal_identifier.auto_identifier][INFO] - Causal effect can be identified.
[2026-04-24 04:37:20,748][dowhy.causal_identifier.auto_identifier][INFO] - Instrumental variables for treatment and outcome:['X1', 'X5']
[2026-04-24 04:37:20,749][dowhy.causal_identifier.auto_identifier][INFO] - Frontdoor variables for treatment and outcome:[]
[2026-04-24 04:37:20,749][dowhy.causal_model][INFO] - linear_regression
[2026-04-24 04:37:20,749][dowhy.causal_estimator][INFO] - INFO: Using Linear Regression Estimator
[2026-04-24 04:37:20,749][dowhy.causal_estimator][INFO] - b: X10~X6+X6*X3+X6*X2
[2026-04-24 04:37:20,756][dowhy.causal_model][INFO] - Model to find the causal effect of treatment ['X6'] on outcome ['X11']
[2026-04-24 04:37:20,759][dowhy.causal_identifier.auto_identifier][INFO] - Causal effect can be identified.
[2026-04-24 04:37:20,759][dowhy.causal_identifier.auto_identifier][INFO] - Instrumental variables for treatment and outcome:['X1', 'X5']
[2026-04-24 04:37:20,761][dowhy.causal_identifier.auto_identifier][INFO] - Frontdoor variables for treatment and outcome:['X10', 'X8', 'X7']
[2026-04-24 04:37:20,763][dowhy.causal_identifier.auto_identifier][INFO] - Causal effect can be identified.
[2026-04-24 04:37:20,766][dowhy.causal_identifier.auto_identifier][INFO] - Causal effect can be identified.
[2026-04-24 04:37:20,768][dowhy.causal_model][INFO] - linear_regression
[2026-04-24 04:37:20,768][dowhy.causal_estimator][INFO] - INFO: Using Linear Regression Estimator
[2026-04-24 04:37:20,768][dowhy.causal_estimator][INFO] - b: X11~X6+X6*X4+X6*X3+X6*X2
[2026-04-24 04:37:20,812][dowhy.causal_model][INFO] - Model to find the causal effect of treatment ['X7'] on outcome ['X0']
[2026-04-24 04:37:20,812][dowhy.causal_identifier.auto_identifier][WARNING] - No directed path from treatment to outcome. Causal Effect is zero.
[2026-04-24 04:37:20,812][dowhy.causal_model][INFO] - linear_regression
[2026-04-24 04:37:20,812][dowhy.causal_estimator][INFO] - INFO: Using Linear Regression Estimator
[2026-04-24 04:37:20,813][dowhy.causal_estimator][WARNING] - No directed path from ['X7'] to ['X0'].
[2026-04-24 04:37:20,814][dowhy.causal_model][INFO] - Model to find the causal effect of treatment ['X7'] on outcome ['X1']
[2026-04-24 04:37:20,814][dowhy.causal_identifier.auto_identifier][WARNING] - No directed path from treatment to outcome. Causal Effect is zero.
[2026-04-24 04:37:20,815][dowhy.causal_model][INFO] - linear_regression
[2026-04-24 04:37:20,815][dowhy.causal_estimator][INFO] - INFO: Using Linear Regression Estimator
[2026-04-24 04:37:20,815][dowhy.causal_estimator][WARNING] - No directed path from ['X7'] to ['X1'].
[2026-04-24 04:37:20,816][dowhy.causal_model][INFO] - Model to find the causal effect of treatment ['X7'] on outcome ['X2']
[2026-04-24 04:37:20,816][dowhy.causal_identifier.auto_identifier][WARNING] - No directed path from treatment to outcome. Causal Effect is zero.
[2026-04-24 04:37:20,816][dowhy.causal_model][INFO] - linear_regression
[2026-04-24 04:37:20,817][dowhy.causal_estimator][INFO] - INFO: Using Linear Regression Estimator
[2026-04-24 04:37:20,817][dowhy.causal_estimator][WARNING] - No directed path from ['X7'] to ['X2'].
[2026-04-24 04:37:20,819][dowhy.causal_model][INFO] - Model to find the causal effect of treatment ['X7'] on outcome ['X3']
[2026-04-24 04:37:20,819][dowhy.causal_identifier.auto_identifier][WARNING] - No directed path from treatment to outcome. Causal Effect is zero.
[2026-04-24 04:37:20,819][dowhy.causal_model][INFO] - linear_regression
[2026-04-24 04:37:20,819][dowhy.causal_estimator][INFO] - INFO: Using Linear Regression Estimator
[2026-04-24 04:37:20,819][dowhy.causal_estimator][WARNING] - No directed path from ['X7'] to ['X3'].
[2026-04-24 04:37:20,821][dowhy.causal_model][INFO] - Model to find the causal effect of treatment ['X7'] on outcome ['X4']
[2026-04-24 04:37:20,821][dowhy.causal_identifier.auto_identifier][WARNING] - No directed path from treatment to outcome. Causal Effect is zero.
[2026-04-24 04:37:20,821][dowhy.causal_model][INFO] - linear_regression
[2026-04-24 04:37:20,821][dowhy.causal_estimator][INFO] - INFO: Using Linear Regression Estimator
[2026-04-24 04:37:20,821][dowhy.causal_estimator][WARNING] - No directed path from ['X7'] to ['X4'].
[2026-04-24 04:37:20,823][dowhy.causal_model][INFO] - Model to find the causal effect of treatment ['X7'] on outcome ['X5']
[2026-04-24 04:37:20,823][dowhy.causal_identifier.auto_identifier][WARNING] - No directed path from treatment to outcome. Causal Effect is zero.
[2026-04-24 04:37:20,823][dowhy.causal_model][INFO] - linear_regression
[2026-04-24 04:37:20,823][dowhy.causal_estimator][INFO] - INFO: Using Linear Regression Estimator
[2026-04-24 04:37:20,823][dowhy.causal_estimator][WARNING] - No directed path from ['X7'] to ['X5'].
[2026-04-24 04:37:20,825][dowhy.causal_model][INFO] - Model to find the causal effect of treatment ['X7'] on outcome ['X6']
[2026-04-24 04:37:20,825][dowhy.causal_identifier.auto_identifier][WARNING] - No directed path from treatment to outcome. Causal Effect is zero.
[2026-04-24 04:37:20,825][dowhy.causal_model][INFO] - linear_regression
[2026-04-24 04:37:20,825][dowhy.causal_estimator][INFO] - INFO: Using Linear Regression Estimator
[2026-04-24 04:37:20,825][dowhy.causal_estimator][WARNING] - No directed path from ['X7'] to ['X6'].
[2026-04-24 04:37:20,827][dowhy.causal_model][INFO] - Model to find the causal effect of treatment ['X7'] on outcome ['X8']
[2026-04-24 04:37:20,830][dowhy.causal_identifier.auto_identifier][INFO] - Causal effect can be identified.
[2026-04-24 04:37:20,830][dowhy.causal_identifier.auto_identifier][INFO] - Instrumental variables for treatment and outcome:['X2', 'X6']
[2026-04-24 04:37:20,831][dowhy.causal_identifier.auto_identifier][INFO] - Frontdoor variables for treatment and outcome:[]
[2026-04-24 04:37:20,831][dowhy.causal_model][INFO] - linear_regression
[2026-04-24 04:37:20,831][dowhy.causal_estimator][INFO] - INFO: Using Linear Regression Estimator
[2026-04-24 04:37:20,831][dowhy.causal_estimator][INFO] - b: X8~X7+X3
[2026-04-24 04:37:20,840][dowhy.causal_model][INFO] - Model to find the causal effect of treatment ['X7'] on outcome ['X9']
[2026-04-24 04:37:20,840][dowhy.causal_identifier.auto_identifier][WARNING] - No directed path from treatment to outcome. Causal Effect is zero.
[2026-04-24 04:37:20,840][dowhy.causal_model][INFO] - linear_regression
[2026-04-24 04:37:20,841][dowhy.causal_estimator][INFO] - INFO: Using Linear Regression Estimator
[2026-04-24 04:37:20,841][dowhy.causal_estimator][WARNING] - No directed path from ['X7'] to ['X9'].
[2026-04-24 04:37:20,843][dowhy.causal_model][INFO] - Model to find the causal effect of treatment ['X7'] on outcome ['X10']
[2026-04-24 04:37:20,845][dowhy.causal_identifier.auto_identifier][INFO] - Causal effect can be identified.
[2026-04-24 04:37:20,846][dowhy.causal_identifier.auto_identifier][INFO] - Instrumental variables for treatment and outcome:['X3', 'X6']
[2026-04-24 04:37:20,846][dowhy.causal_identifier.auto_identifier][INFO] - Frontdoor variables for treatment and outcome:[]
[2026-04-24 04:37:20,846][dowhy.causal_model][INFO] - linear_regression
[2026-04-24 04:37:20,846][dowhy.causal_estimator][INFO] - INFO: Using Linear Regression Estimator
[2026-04-24 04:37:20,847][dowhy.causal_estimator][INFO] - b: X10~X7+X2
[2026-04-24 04:37:20,855][dowhy.causal_model][INFO] - Model to find the causal effect of treatment ['X7'] on outcome ['X11']
[2026-04-24 04:37:20,858][dowhy.causal_identifier.auto_identifier][INFO] - Causal effect can be identified.
[2026-04-24 04:37:20,858][dowhy.causal_identifier.auto_identifier][INFO] - Instrumental variables for treatment and outcome:['X2', 'X6']
[2026-04-24 04:37:20,859][dowhy.causal_identifier.auto_identifier][INFO] - Frontdoor variables for treatment and outcome:[]
[2026-04-24 04:37:20,859][dowhy.causal_model][INFO] - linear_regression
[2026-04-24 04:37:20,859][dowhy.causal_estimator][INFO] - INFO: Using Linear Regression Estimator
[2026-04-24 04:37:20,860][dowhy.causal_estimator][INFO] - b: X11~X7+X3+X7*X4
[2026-04-24 04:37:20,907][dowhy.causal_model][INFO] - Model to find the causal effect of treatment ['X8'] on outcome ['X0']
[2026-04-24 04:37:20,908][dowhy.causal_identifier.auto_identifier][WARNING] - No directed path from treatment to outcome. Causal Effect is zero.
[2026-04-24 04:37:20,908][dowhy.causal_model][INFO] - linear_regression
[2026-04-24 04:37:20,908][dowhy.causal_estimator][INFO] - INFO: Using Linear Regression Estimator
[2026-04-24 04:37:20,908][dowhy.causal_estimator][WARNING] - No directed path from ['X8'] to ['X0'].
[2026-04-24 04:37:20,910][dowhy.causal_model][INFO] - Model to find the causal effect of treatment ['X8'] on outcome ['X1']
[2026-04-24 04:37:20,910][dowhy.causal_identifier.auto_identifier][WARNING] - No directed path from treatment to outcome. Causal Effect is zero.
[2026-04-24 04:37:20,910][dowhy.causal_model][INFO] - linear_regression
[2026-04-24 04:37:20,910][dowhy.causal_estimator][INFO] - INFO: Using Linear Regression Estimator
[2026-04-24 04:37:20,910][dowhy.causal_estimator][WARNING] - No directed path from ['X8'] to ['X1'].
[2026-04-24 04:37:20,911][dowhy.causal_model][INFO] - Model to find the causal effect of treatment ['X8'] on outcome ['X2']
[2026-04-24 04:37:20,911][dowhy.causal_identifier.auto_identifier][WARNING] - No directed path from treatment to outcome. Causal Effect is zero.
[2026-04-24 04:37:20,912][dowhy.causal_model][INFO] - linear_regression
[2026-04-24 04:37:20,912][dowhy.causal_estimator][INFO] - INFO: Using Linear Regression Estimator
[2026-04-24 04:37:20,912][dowhy.causal_estimator][WARNING] - No directed path from ['X8'] to ['X2'].
[2026-04-24 04:37:20,913][dowhy.causal_model][INFO] - Model to find the causal effect of treatment ['X8'] on outcome ['X3']
[2026-04-24 04:37:20,913][dowhy.causal_identifier.auto_identifier][WARNING] - No directed path from treatment to outcome. Causal Effect is zero.
[2026-04-24 04:37:20,913][dowhy.causal_model][INFO] - linear_regression
[2026-04-24 04:37:20,913][dowhy.causal_estimator][INFO] - INFO: Using Linear Regression Estimator
[2026-04-24 04:37:20,913][dowhy.causal_estimator][WARNING] - No directed path from ['X8'] to ['X3'].
[2026-04-24 04:37:20,915][dowhy.causal_model][INFO] - Model to find the causal effect of treatment ['X8'] on outcome ['X4']
[2026-04-24 04:37:20,915][dowhy.causal_identifier.auto_identifier][WARNING] - No directed path from treatment to outcome. Causal Effect is zero.
[2026-04-24 04:37:20,915][dowhy.causal_model][INFO] - linear_regression
[2026-04-24 04:37:20,915][dowhy.causal_estimator][INFO] - INFO: Using Linear Regression Estimator
[2026-04-24 04:37:20,915][dowhy.causal_estimator][WARNING] - No directed path from ['X8'] to ['X4'].
[2026-04-24 04:37:20,917][dowhy.causal_model][INFO] - Model to find the causal effect of treatment ['X8'] on outcome ['X5']
[2026-04-24 04:37:20,917][dowhy.causal_identifier.auto_identifier][WARNING] - No directed path from treatment to outcome. Causal Effect is zero.
[2026-04-24 04:37:20,917][dowhy.causal_model][INFO] - linear_regression
[2026-04-24 04:37:20,917][dowhy.causal_estimator][INFO] - INFO: Using Linear Regression Estimator
[2026-04-24 04:37:20,917][dowhy.causal_estimator][WARNING] - No directed path from ['X8'] to ['X5'].
[2026-04-24 04:37:20,919][dowhy.causal_model][INFO] - Model to find the causal effect of treatment ['X8'] on outcome ['X6']
[2026-04-24 04:37:20,919][dowhy.causal_identifier.auto_identifier][WARNING] - No directed path from treatment to outcome. Causal Effect is zero.
[2026-04-24 04:37:20,919][dowhy.causal_model][INFO] - linear_regression
[2026-04-24 04:37:20,919][dowhy.causal_estimator][INFO] - INFO: Using Linear Regression Estimator
[2026-04-24 04:37:20,919][dowhy.causal_estimator][WARNING] - No directed path from ['X8'] to ['X6'].
[2026-04-24 04:37:20,920][dowhy.causal_model][INFO] - Model to find the causal effect of treatment ['X8'] on outcome ['X7']
[2026-04-24 04:37:20,921][dowhy.causal_identifier.auto_identifier][WARNING] - No directed path from treatment to outcome. Causal Effect is zero.
[2026-04-24 04:37:20,921][dowhy.causal_model][INFO] - linear_regression
[2026-04-24 04:37:20,921][dowhy.causal_estimator][INFO] - INFO: Using Linear Regression Estimator
[2026-04-24 04:37:20,921][dowhy.causal_estimator][WARNING] - No directed path from ['X8'] to ['X7'].
[2026-04-24 04:37:20,922][dowhy.causal_model][INFO] - Model to find the causal effect of treatment ['X8'] on outcome ['X9']
[2026-04-24 04:37:20,922][dowhy.causal_identifier.auto_identifier][WARNING] - No directed path from treatment to outcome. Causal Effect is zero.
[2026-04-24 04:37:20,922][dowhy.causal_model][INFO] - linear_regression
[2026-04-24 04:37:20,922][dowhy.causal_estimator][INFO] - INFO: Using Linear Regression Estimator
[2026-04-24 04:37:20,922][dowhy.causal_estimator][WARNING] - No directed path from ['X8'] to ['X9'].
[2026-04-24 04:37:20,924][dowhy.causal_model][INFO] - Model to find the causal effect of treatment ['X8'] on outcome ['X10']
[2026-04-24 04:37:20,924][dowhy.causal_identifier.auto_identifier][WARNING] - No directed path from treatment to outcome. Causal Effect is zero.
[2026-04-24 04:37:20,924][dowhy.causal_model][INFO] - linear_regression
[2026-04-24 04:37:20,924][dowhy.causal_estimator][INFO] - INFO: Using Linear Regression Estimator
[2026-04-24 04:37:20,924][dowhy.causal_estimator][WARNING] - No directed path from ['X8'] to ['X10'].
[2026-04-24 04:37:20,926][dowhy.causal_model][INFO] - Model to find the causal effect of treatment ['X8'] on outcome ['X11']
[2026-04-24 04:37:20,929][dowhy.causal_identifier.auto_identifier][INFO] - Causal effect can be identified.
[2026-04-24 04:37:20,930][dowhy.causal_identifier.auto_identifier][INFO] - Instrumental variables for treatment and outcome:['X3', 'X7']
[2026-04-24 04:37:20,931][dowhy.causal_identifier.auto_identifier][INFO] - Frontdoor variables for treatment and outcome:[]
[2026-04-24 04:37:20,931][dowhy.causal_model][INFO] - linear_regression
[2026-04-24 04:37:20,931][dowhy.causal_estimator][INFO] - INFO: Using Linear Regression Estimator
[2026-04-24 04:37:20,931][dowhy.causal_estimator][INFO] - b: X11~X8+X8*X4
[2026-04-24 04:37:20,973][dowhy.causal_model][INFO] - Model to find the causal effect of treatment ['X9'] on outcome ['X0']
[2026-04-24 04:37:20,973][dowhy.causal_identifier.auto_identifier][WARNING] - No directed path from treatment to outcome. Causal Effect is zero.
[2026-04-24 04:37:20,973][dowhy.causal_model][INFO] - linear_regression
[2026-04-24 04:37:20,973][dowhy.causal_estimator][INFO] - INFO: Using Linear Regression Estimator
[2026-04-24 04:37:20,973][dowhy.causal_estimator][WARNING] - No directed path from ['X9'] to ['X0'].
[2026-04-24 04:37:20,974][dowhy.causal_model][INFO] - Model to find the causal effect of treatment ['X9'] on outcome ['X1']
[2026-04-24 04:37:20,975][dowhy.causal_identifier.auto_identifier][WARNING] - No directed path from treatment to outcome. Causal Effect is zero.
[2026-04-24 04:37:20,975][dowhy.causal_model][INFO] - linear_regression
[2026-04-24 04:37:20,975][dowhy.causal_estimator][INFO] - INFO: Using Linear Regression Estimator
[2026-04-24 04:37:20,975][dowhy.causal_estimator][WARNING] - No directed path from ['X9'] to ['X1'].
[2026-04-24 04:37:20,976][dowhy.causal_model][INFO] - Model to find the causal effect of treatment ['X9'] on outcome ['X2']
[2026-04-24 04:37:20,976][dowhy.causal_identifier.auto_identifier][WARNING] - No directed path from treatment to outcome. Causal Effect is zero.
[2026-04-24 04:37:20,976][dowhy.causal_model][INFO] - linear_regression
[2026-04-24 04:37:20,976][dowhy.causal_estimator][INFO] - INFO: Using Linear Regression Estimator
[2026-04-24 04:37:20,976][dowhy.causal_estimator][WARNING] - No directed path from ['X9'] to ['X2'].
[2026-04-24 04:37:20,978][dowhy.causal_model][INFO] - Model to find the causal effect of treatment ['X9'] on outcome ['X3']
[2026-04-24 04:37:20,978][dowhy.causal_identifier.auto_identifier][WARNING] - No directed path from treatment to outcome. Causal Effect is zero.
[2026-04-24 04:37:20,978][dowhy.causal_model][INFO] - linear_regression
[2026-04-24 04:37:20,978][dowhy.causal_estimator][INFO] - INFO: Using Linear Regression Estimator
[2026-04-24 04:37:20,978][dowhy.causal_estimator][WARNING] - No directed path from ['X9'] to ['X3'].
[2026-04-24 04:37:20,980][dowhy.causal_model][INFO] - Model to find the causal effect of treatment ['X9'] on outcome ['X4']
[2026-04-24 04:37:20,980][dowhy.causal_identifier.auto_identifier][WARNING] - No directed path from treatment to outcome. Causal Effect is zero.
[2026-04-24 04:37:20,980][dowhy.causal_model][INFO] - linear_regression
[2026-04-24 04:37:20,980][dowhy.causal_estimator][INFO] - INFO: Using Linear Regression Estimator
[2026-04-24 04:37:20,980][dowhy.causal_estimator][WARNING] - No directed path from ['X9'] to ['X4'].
[2026-04-24 04:37:20,982][dowhy.causal_model][INFO] - Model to find the causal effect of treatment ['X9'] on outcome ['X5']
[2026-04-24 04:37:20,982][dowhy.causal_identifier.auto_identifier][WARNING] - No directed path from treatment to outcome. Causal Effect is zero.
[2026-04-24 04:37:20,982][dowhy.causal_model][INFO] - linear_regression
[2026-04-24 04:37:20,982][dowhy.causal_estimator][INFO] - INFO: Using Linear Regression Estimator
[2026-04-24 04:37:20,982][dowhy.causal_estimator][WARNING] - No directed path from ['X9'] to ['X5'].
[2026-04-24 04:37:20,984][dowhy.causal_model][INFO] - Model to find the causal effect of treatment ['X9'] on outcome ['X6']
[2026-04-24 04:37:20,984][dowhy.causal_identifier.auto_identifier][WARNING] - No directed path from treatment to outcome. Causal Effect is zero.
[2026-04-24 04:37:20,984][dowhy.causal_model][INFO] - linear_regression
[2026-04-24 04:37:20,984][dowhy.causal_estimator][INFO] - INFO: Using Linear Regression Estimator
[2026-04-24 04:37:20,984][dowhy.causal_estimator][WARNING] - No directed path from ['X9'] to ['X6'].
[2026-04-24 04:37:20,985][dowhy.causal_model][INFO] - Model to find the causal effect of treatment ['X9'] on outcome ['X7']
[2026-04-24 04:37:20,985][dowhy.causal_identifier.auto_identifier][WARNING] - No directed path from treatment to outcome. Causal Effect is zero.
[2026-04-24 04:37:20,986][dowhy.causal_model][INFO] - linear_regression
[2026-04-24 04:37:20,986][dowhy.causal_estimator][INFO] - INFO: Using Linear Regression Estimator
[2026-04-24 04:37:20,986][dowhy.causal_estimator][WARNING] - No directed path from ['X9'] to ['X7'].
[2026-04-24 04:37:20,987][dowhy.causal_model][INFO] - Model to find the causal effect of treatment ['X9'] on outcome ['X8']
[2026-04-24 04:37:20,987][dowhy.causal_identifier.auto_identifier][WARNING] - No directed path from treatment to outcome. Causal Effect is zero.
[2026-04-24 04:37:20,987][dowhy.causal_model][INFO] - linear_regression
[2026-04-24 04:37:20,987][dowhy.causal_estimator][INFO] - INFO: Using Linear Regression Estimator
[2026-04-24 04:37:20,987][dowhy.causal_estimator][WARNING] - No directed path from ['X9'] to ['X8'].
[2026-04-24 04:37:20,989][dowhy.causal_model][INFO] - Model to find the causal effect of treatment ['X9'] on outcome ['X10']
[2026-04-24 04:37:20,989][dowhy.causal_identifier.auto_identifier][WARNING] - No directed path from treatment to outcome. Causal Effect is zero.
[2026-04-24 04:37:20,989][dowhy.causal_model][INFO] - linear_regression
[2026-04-24 04:37:20,989][dowhy.causal_estimator][INFO] - INFO: Using Linear Regression Estimator
[2026-04-24 04:37:20,989][dowhy.causal_estimator][WARNING] - No directed path from ['X9'] to ['X10'].
[2026-04-24 04:37:20,991][dowhy.causal_model][INFO] - Model to find the causal effect of treatment ['X9'] on outcome ['X11']
[2026-04-24 04:37:20,991][dowhy.causal_identifier.auto_identifier][WARNING] - No directed path from treatment to outcome. Causal Effect is zero.
[2026-04-24 04:37:20,991][dowhy.causal_model][INFO] - linear_regression
[2026-04-24 04:37:20,991][dowhy.causal_estimator][INFO] - INFO: Using Linear Regression Estimator
[2026-04-24 04:37:20,991][dowhy.causal_estimator][WARNING] - No directed path from ['X9'] to ['X11'].
[2026-04-24 04:37:21,024][dowhy.causal_model][INFO] - Model to find the causal effect of treatment ['X10'] on outcome ['X0']
[2026-04-24 04:37:21,024][dowhy.causal_identifier.auto_identifier][WARNING] - No directed path from treatment to outcome. Causal Effect is zero.
[2026-04-24 04:37:21,024][dowhy.causal_model][INFO] - linear_regression
[2026-04-24 04:37:21,024][dowhy.causal_estimator][INFO] - INFO: Using Linear Regression Estimator
[2026-04-24 04:37:21,024][dowhy.causal_estimator][WARNING] - No directed path from ['X10'] to ['X0'].
[2026-04-24 04:37:21,026][dowhy.causal_model][INFO] - Model to find the causal effect of treatment ['X10'] on outcome ['X1']
[2026-04-24 04:37:21,026][dowhy.causal_identifier.auto_identifier][WARNING] - No directed path from treatment to outcome. Causal Effect is zero.
[2026-04-24 04:37:21,026][dowhy.causal_model][INFO] - linear_regression
[2026-04-24 04:37:21,026][dowhy.causal_estimator][INFO] - INFO: Using Linear Regression Estimator
[2026-04-24 04:37:21,026][dowhy.causal_estimator][WARNING] - No directed path from ['X10'] to ['X1'].
[2026-04-24 04:37:21,027][dowhy.causal_model][INFO] - Model to find the causal effect of treatment ['X10'] on outcome ['X2']
[2026-04-24 04:37:21,028][dowhy.causal_identifier.auto_identifier][WARNING] - No directed path from treatment to outcome. Causal Effect is zero.
[2026-04-24 04:37:21,028][dowhy.causal_model][INFO] - linear_regression
[2026-04-24 04:37:21,028][dowhy.causal_estimator][INFO] - INFO: Using Linear Regression Estimator
[2026-04-24 04:37:21,028][dowhy.causal_estimator][WARNING] - No directed path from ['X10'] to ['X2'].
[2026-04-24 04:37:21,029][dowhy.causal_model][INFO] - Model to find the causal effect of treatment ['X10'] on outcome ['X3']
[2026-04-24 04:37:21,029][dowhy.causal_identifier.auto_identifier][WARNING] - No directed path from treatment to outcome. Causal Effect is zero.
[2026-04-24 04:37:21,029][dowhy.causal_model][INFO] - linear_regression
[2026-04-24 04:37:21,029][dowhy.causal_estimator][INFO] - INFO: Using Linear Regression Estimator
[2026-04-24 04:37:21,029][dowhy.causal_estimator][WARNING] - No directed path from ['X10'] to ['X3'].
[2026-04-24 04:37:21,031][dowhy.causal_model][INFO] - Model to find the causal effect of treatment ['X10'] on outcome ['X4']
[2026-04-24 04:37:21,031][dowhy.causal_identifier.auto_identifier][WARNING] - No directed path from treatment to outcome. Causal Effect is zero.
[2026-04-24 04:37:21,031][dowhy.causal_model][INFO] - linear_regression
[2026-04-24 04:37:21,031][dowhy.causal_estimator][INFO] - INFO: Using Linear Regression Estimator
[2026-04-24 04:37:21,031][dowhy.causal_estimator][WARNING] - No directed path from ['X10'] to ['X4'].
[2026-04-24 04:37:21,033][dowhy.causal_model][INFO] - Model to find the causal effect of treatment ['X10'] on outcome ['X5']
[2026-04-24 04:37:21,033][dowhy.causal_identifier.auto_identifier][WARNING] - No directed path from treatment to outcome. Causal Effect is zero.
[2026-04-24 04:37:21,033][dowhy.causal_model][INFO] - linear_regression
[2026-04-24 04:37:21,033][dowhy.causal_estimator][INFO] - INFO: Using Linear Regression Estimator
[2026-04-24 04:37:21,033][dowhy.causal_estimator][WARNING] - No directed path from ['X10'] to ['X5'].
[2026-04-24 04:37:21,035][dowhy.causal_model][INFO] - Model to find the causal effect of treatment ['X10'] on outcome ['X6']
[2026-04-24 04:37:21,035][dowhy.causal_identifier.auto_identifier][WARNING] - No directed path from treatment to outcome. Causal Effect is zero.
[2026-04-24 04:37:21,035][dowhy.causal_model][INFO] - linear_regression
[2026-04-24 04:37:21,035][dowhy.causal_estimator][INFO] - INFO: Using Linear Regression Estimator
[2026-04-24 04:37:21,035][dowhy.causal_estimator][WARNING] - No directed path from ['X10'] to ['X6'].
[2026-04-24 04:37:21,037][dowhy.causal_model][INFO] - Model to find the causal effect of treatment ['X10'] on outcome ['X7']
[2026-04-24 04:37:21,037][dowhy.causal_identifier.auto_identifier][WARNING] - No directed path from treatment to outcome. Causal Effect is zero.
[2026-04-24 04:37:21,037][dowhy.causal_model][INFO] - linear_regression
[2026-04-24 04:37:21,037][dowhy.causal_estimator][INFO] - INFO: Using Linear Regression Estimator
[2026-04-24 04:37:21,037][dowhy.causal_estimator][WARNING] - No directed path from ['X10'] to ['X7'].
[2026-04-24 04:37:21,039][dowhy.causal_model][INFO] - Model to find the causal effect of treatment ['X10'] on outcome ['X8']
[2026-04-24 04:37:21,039][dowhy.causal_identifier.auto_identifier][WARNING] - No directed path from treatment to outcome. Causal Effect is zero.
[2026-04-24 04:37:21,039][dowhy.causal_model][INFO] - linear_regression
[2026-04-24 04:37:21,039][dowhy.causal_estimator][INFO] - INFO: Using Linear Regression Estimator
[2026-04-24 04:37:21,039][dowhy.causal_estimator][WARNING] - No directed path from ['X10'] to ['X8'].
[2026-04-24 04:37:21,041][dowhy.causal_model][INFO] - Model to find the causal effect of treatment ['X10'] on outcome ['X9']
[2026-04-24 04:37:21,041][dowhy.causal_identifier.auto_identifier][WARNING] - No directed path from treatment to outcome. Causal Effect is zero.
[2026-04-24 04:37:21,041][dowhy.causal_model][INFO] - linear_regression
[2026-04-24 04:37:21,041][dowhy.causal_estimator][INFO] - INFO: Using Linear Regression Estimator
[2026-04-24 04:37:21,041][dowhy.causal_estimator][WARNING] - No directed path from ['X10'] to ['X9'].
[2026-04-24 04:37:21,043][dowhy.causal_model][INFO] - Model to find the causal effect of treatment ['X10'] on outcome ['X11']
[2026-04-24 04:37:21,043][dowhy.causal_identifier.auto_identifier][WARNING] - No directed path from treatment to outcome. Causal Effect is zero.
[2026-04-24 04:37:21,043][dowhy.causal_model][INFO] - linear_regression
[2026-04-24 04:37:21,043][dowhy.causal_estimator][INFO] - INFO: Using Linear Regression Estimator
[2026-04-24 04:37:21,043][dowhy.causal_estimator][WARNING] - No directed path from ['X10'] to ['X11'].
[2026-04-24 04:37:21,082][dowhy.causal_model][INFO] - Model to find the causal effect of treatment ['X11'] on outcome ['X0']
[2026-04-24 04:37:21,082][dowhy.causal_identifier.auto_identifier][WARNING] - No directed path from treatment to outcome. Causal Effect is zero.
[2026-04-24 04:37:21,082][dowhy.causal_model][INFO] - linear_regression
[2026-04-24 04:37:21,082][dowhy.causal_estimator][INFO] - INFO: Using Linear Regression Estimator
[2026-04-24 04:37:21,082][dowhy.causal_estimator][WARNING] - No directed path from ['X11'] to ['X0'].
[2026-04-24 04:37:21,084][dowhy.causal_model][INFO] - Model to find the causal effect of treatment ['X11'] on outcome ['X1']
[2026-04-24 04:37:21,085][dowhy.causal_identifier.auto_identifier][WARNING] - No directed path from treatment to outcome. Causal Effect is zero.
[2026-04-24 04:37:21,085][dowhy.causal_model][INFO] - linear_regression
[2026-04-24 04:37:21,085][dowhy.causal_estimator][INFO] - INFO: Using Linear Regression Estimator
[2026-04-24 04:37:21,085][dowhy.causal_estimator][WARNING] - No directed path from ['X11'] to ['X1'].
[2026-04-24 04:37:21,086][dowhy.causal_model][INFO] - Model to find the causal effect of treatment ['X11'] on outcome ['X2']
[2026-04-24 04:37:21,086][dowhy.causal_identifier.auto_identifier][WARNING] - No directed path from treatment to outcome. Causal Effect is zero.
[2026-04-24 04:37:21,087][dowhy.causal_model][INFO] - linear_regression
[2026-04-24 04:37:21,087][dowhy.causal_estimator][INFO] - INFO: Using Linear Regression Estimator
[2026-04-24 04:37:21,087][dowhy.causal_estimator][WARNING] - No directed path from ['X11'] to ['X2'].
[2026-04-24 04:37:21,088][dowhy.causal_model][INFO] - Model to find the causal effect of treatment ['X11'] on outcome ['X3']
[2026-04-24 04:37:21,088][dowhy.causal_identifier.auto_identifier][WARNING] - No directed path from treatment to outcome. Causal Effect is zero.
[2026-04-24 04:37:21,088][dowhy.causal_model][INFO] - linear_regression
[2026-04-24 04:37:21,088][dowhy.causal_estimator][INFO] - INFO: Using Linear Regression Estimator
[2026-04-24 04:37:21,089][dowhy.causal_estimator][WARNING] - No directed path from ['X11'] to ['X3'].
[2026-04-24 04:37:21,090][dowhy.causal_model][INFO] - Model to find the causal effect of treatment ['X11'] on outcome ['X4']
[2026-04-24 04:37:21,090][dowhy.causal_identifier.auto_identifier][WARNING] - No directed path from treatment to outcome. Causal Effect is zero.
[2026-04-24 04:37:21,090][dowhy.causal_model][INFO] - linear_regression
[2026-04-24 04:37:21,090][dowhy.causal_estimator][INFO] - INFO: Using Linear Regression Estimator
[2026-04-24 04:37:21,090][dowhy.causal_estimator][WARNING] - No directed path from ['X11'] to ['X4'].
[2026-04-24 04:37:21,092][dowhy.causal_model][INFO] - Model to find the causal effect of treatment ['X11'] on outcome ['X5']
[2026-04-24 04:37:21,092][dowhy.causal_identifier.auto_identifier][WARNING] - No directed path from treatment to outcome. Causal Effect is zero.
[2026-04-24 04:37:21,093][dowhy.causal_model][INFO] - linear_regression
[2026-04-24 04:37:21,093][dowhy.causal_estimator][INFO] - INFO: Using Linear Regression Estimator
[2026-04-24 04:37:21,093][dowhy.causal_estimator][WARNING] - No directed path from ['X11'] to ['X5'].
[2026-04-24 04:37:21,094][dowhy.causal_model][INFO] - Model to find the causal effect of treatment ['X11'] on outcome ['X6']
[2026-04-24 04:37:21,095][dowhy.causal_identifier.auto_identifier][WARNING] - No directed path from treatment to outcome. Causal Effect is zero.
[2026-04-24 04:37:21,095][dowhy.causal_model][INFO] - linear_regression
[2026-04-24 04:37:21,095][dowhy.causal_estimator][INFO] - INFO: Using Linear Regression Estimator
[2026-04-24 04:37:21,095][dowhy.causal_estimator][WARNING] - No directed path from ['X11'] to ['X6'].
[2026-04-24 04:37:21,096][dowhy.causal_model][INFO] - Model to find the causal effect of treatment ['X11'] on outcome ['X7']
[2026-04-24 04:37:21,096][dowhy.causal_identifier.auto_identifier][WARNING] - No directed path from treatment to outcome. Causal Effect is zero.
[2026-04-24 04:37:21,096][dowhy.causal_model][INFO] - linear_regression
[2026-04-24 04:37:21,097][dowhy.causal_estimator][INFO] - INFO: Using Linear Regression Estimator
[2026-04-24 04:37:21,097][dowhy.causal_estimator][WARNING] - No directed path from ['X11'] to ['X7'].
[2026-04-24 04:37:21,098][dowhy.causal_model][INFO] - Model to find the causal effect of treatment ['X11'] on outcome ['X8']
[2026-04-24 04:37:21,098][dowhy.causal_identifier.auto_identifier][WARNING] - No directed path from treatment to outcome. Causal Effect is zero.
[2026-04-24 04:37:21,098][dowhy.causal_model][INFO] - linear_regression
[2026-04-24 04:37:21,098][dowhy.causal_estimator][INFO] - INFO: Using Linear Regression Estimator
[2026-04-24 04:37:21,098][dowhy.causal_estimator][WARNING] - No directed path from ['X11'] to ['X8'].
[2026-04-24 04:37:21,100][dowhy.causal_model][INFO] - Model to find the causal effect of treatment ['X11'] on outcome ['X9']
[2026-04-24 04:37:21,100][dowhy.causal_identifier.auto_identifier][WARNING] - No directed path from treatment to outcome. Causal Effect is zero.
[2026-04-24 04:37:21,100][dowhy.causal_model][INFO] - linear_regression
[2026-04-24 04:37:21,100][dowhy.causal_estimator][INFO] - INFO: Using Linear Regression Estimator
[2026-04-24 04:37:21,100][dowhy.causal_estimator][WARNING] - No directed path from ['X11'] to ['X9'].
[2026-04-24 04:37:21,102][dowhy.causal_model][INFO] - Model to find the causal effect of treatment ['X11'] on outcome ['X10']
[2026-04-24 04:37:21,102][dowhy.causal_identifier.auto_identifier][WARNING] - No directed path from treatment to outcome. Causal Effect is zero.
[2026-04-24 04:37:21,102][dowhy.causal_model][INFO] - linear_regression
[2026-04-24 04:37:21,102][dowhy.causal_estimator][INFO] - INFO: Using Linear Regression Estimator
[2026-04-24 04:37:21,102][dowhy.causal_estimator][WARNING] - No directed path from ['X11'] to ['X10'].
[2026-04-24 04:37:21,160][dowhy.causal_model][INFO] - Model to find the causal effect of treatment ['X0'] on outcome ['X1']
[2026-04-24 04:37:21,161][dowhy.causal_identifier.auto_identifier][WARNING] - No directed path from treatment to outcome. Causal Effect is zero.
[2026-04-24 04:37:21,161][dowhy.causal_model][INFO] - linear_regression
[2026-04-24 04:37:21,161][dowhy.causal_estimator][INFO] - INFO: Using Linear Regression Estimator
[2026-04-24 04:37:21,161][dowhy.causal_estimator][WARNING] - No directed path from ['X0'] to ['X1'].
[2026-04-24 04:37:21,163][dowhy.causal_model][INFO] - Model to find the causal effect of treatment ['X0'] on outcome ['X2']
[2026-04-24 04:37:21,163][dowhy.causal_identifier.auto_identifier][WARNING] - No directed path from treatment to outcome. Causal Effect is zero.
[2026-04-24 04:37:21,163][dowhy.causal_model][INFO] - linear_regression
[2026-04-24 04:37:21,163][dowhy.causal_estimator][INFO] - INFO: Using Linear Regression Estimator
[2026-04-24 04:37:21,163][dowhy.causal_estimator][WARNING] - No directed path from ['X0'] to ['X2'].
[2026-04-24 04:37:21,164][dowhy.causal_model][INFO] - Model to find the causal effect of treatment ['X0'] on outcome ['X3']
[2026-04-24 04:37:21,164][dowhy.causal_identifier.auto_identifier][WARNING] - No directed path from treatment to outcome. Causal Effect is zero.
[2026-04-24 04:37:21,165][dowhy.causal_model][INFO] - linear_regression
[2026-04-24 04:37:21,165][dowhy.causal_estimator][INFO] - INFO: Using Linear Regression Estimator
[2026-04-24 04:37:21,165][dowhy.causal_estimator][WARNING] - No directed path from ['X0'] to ['X3'].
[2026-04-24 04:37:21,166][dowhy.causal_model][INFO] - Model to find the causal effect of treatment ['X0'] on outcome ['X4']
[2026-04-24 04:37:21,166][dowhy.causal_identifier.auto_identifier][WARNING] - No directed path from treatment to outcome. Causal Effect is zero.
[2026-04-24 04:37:21,166][dowhy.causal_model][INFO] - linear_regression
[2026-04-24 04:37:21,166][dowhy.causal_estimator][INFO] - INFO: Using Linear Regression Estimator
[2026-04-24 04:37:21,166][dowhy.causal_estimator][WARNING] - No directed path from ['X0'] to ['X4'].
[2026-04-24 04:37:21,168][dowhy.causal_model][INFO] - Model to find the causal effect of treatment ['X0'] on outcome ['X5']
[2026-04-24 04:37:21,169][dowhy.causal_identifier.auto_identifier][INFO] - Causal effect can be identified.
[2026-04-24 04:37:21,170][dowhy.causal_identifier.auto_identifier][INFO] - Instrumental variables for treatment and outcome:[]
[2026-04-24 04:37:21,170][dowhy.causal_identifier.auto_identifier][INFO] - Frontdoor variables for treatment and outcome:[]
[2026-04-24 04:37:21,170][dowhy.causal_model][INFO] - linear_regression
[2026-04-24 04:37:21,170][dowhy.causal_estimator][INFO] - INFO: Using Linear Regression Estimator
[2026-04-24 04:37:21,170][dowhy.causal_estimator][INFO] - b: X5~X0+X0*X1
[2026-04-24 04:37:21,178][dowhy.causal_model][INFO] - Model to find the causal effect of treatment ['X0'] on outcome ['X6']
[2026-04-24 04:37:21,180][dowhy.causal_identifier.auto_identifier][INFO] - Causal effect can be identified.
[2026-04-24 04:37:21,180][dowhy.causal_identifier.auto_identifier][INFO] - Instrumental variables for treatment and outcome:[]
[2026-04-24 04:37:21,180][dowhy.causal_identifier.auto_identifier][INFO] - Frontdoor variables for treatment and outcome:[]
[2026-04-24 04:37:21,180][dowhy.causal_model][INFO] - linear_regression
[2026-04-24 04:37:21,180][dowhy.causal_estimator][INFO] - INFO: Using Linear Regression Estimator
[2026-04-24 04:37:21,181][dowhy.causal_estimator][INFO] - b: X6~X0+X0*X1
[2026-04-24 04:37:21,188][dowhy.causal_model][INFO] - Model to find the causal effect of treatment ['X0'] on outcome ['X7']
[2026-04-24 04:37:21,189][dowhy.causal_identifier.auto_identifier][INFO] - Causal effect can be identified.
[2026-04-24 04:37:21,190][dowhy.causal_identifier.auto_identifier][INFO] - Instrumental variables for treatment and outcome:[]
[2026-04-24 04:37:21,191][dowhy.causal_identifier.auto_identifier][INFO] - Frontdoor variables for treatment and outcome:['X9', 'X5', 'X6']
[2026-04-24 04:37:21,193][dowhy.causal_identifier.auto_identifier][INFO] - Causal effect can be identified.
[2026-04-24 04:37:21,195][dowhy.causal_identifier.auto_identifier][INFO] - Causal effect can be identified.
[2026-04-24 04:37:21,195][dowhy.causal_model][INFO] - linear_regression
[2026-04-24 04:37:21,195][dowhy.causal_estimator][INFO] - INFO: Using Linear Regression Estimator
[2026-04-24 04:37:21,196][dowhy.causal_estimator][INFO] - b: X7~X0+X0*X3+X0*X1+X0*X2
[2026-04-24 04:37:21,203][dowhy.causal_model][INFO] - Model to find the causal effect of treatment ['X0'] on outcome ['X8']
[2026-04-24 04:37:21,205][dowhy.causal_identifier.auto_identifier][INFO] - Causal effect can be identified.
[2026-04-24 04:37:21,205][dowhy.causal_identifier.auto_identifier][INFO] - Instrumental variables for treatment and outcome:[]
[2026-04-24 04:37:21,209][dowhy.causal_identifier.auto_identifier][INFO] - Frontdoor variables for treatment and outcome:['X9', 'X5', 'X6']
[2026-04-24 04:37:21,211][dowhy.causal_identifier.auto_identifier][INFO] - Causal effect can be identified.
[2026-04-24 04:37:21,213][dowhy.causal_identifier.auto_identifier][INFO] - Causal effect can be identified.
[2026-04-24 04:37:21,213][dowhy.causal_model][INFO] - linear_regression
[2026-04-24 04:37:21,213][dowhy.causal_estimator][INFO] - INFO: Using Linear Regression Estimator
[2026-04-24 04:37:21,214][dowhy.causal_estimator][INFO] - b: X8~X0+X0*X3+X0*X1+X0*X2
[2026-04-24 04:37:21,221][dowhy.causal_model][INFO] - Model to find the causal effect of treatment ['X0'] on outcome ['X9']
[2026-04-24 04:37:21,222][dowhy.causal_identifier.auto_identifier][INFO] - Causal effect can be identified.
[2026-04-24 04:37:21,223][dowhy.causal_identifier.auto_identifier][INFO] - Instrumental variables for treatment and outcome:[]
[2026-04-24 04:37:21,229][dowhy.causal_identifier.auto_identifier][INFO] - Frontdoor variables for treatment and outcome:[]
[2026-04-24 04:37:21,229][dowhy.causal_model][INFO] - linear_regression
[2026-04-24 04:37:21,229][dowhy.causal_estimator][INFO] - INFO: Using Linear Regression Estimator
[2026-04-24 04:37:21,229][dowhy.causal_estimator][INFO] - b: X9~X0+X0*X1
[2026-04-24 04:37:21,237][dowhy.causal_model][INFO] - Model to find the causal effect of treatment ['X0'] on outcome ['X10']
[2026-04-24 04:37:21,238][dowhy.causal_identifier.auto_identifier][INFO] - Causal effect can be identified.
[2026-04-24 04:37:21,239][dowhy.causal_identifier.auto_identifier][INFO] - Instrumental variables for treatment and outcome:[]
[2026-04-24 04:37:21,250][dowhy.causal_identifier.auto_identifier][INFO] - Frontdoor variables for treatment and outcome:['X9', 'X5', 'X6']
[2026-04-24 04:37:21,252][dowhy.causal_identifier.auto_identifier][INFO] - Causal effect can be identified.
[2026-04-24 04:37:21,253][dowhy.causal_identifier.auto_identifier][INFO] - Causal effect can be identified.
[2026-04-24 04:37:21,254][dowhy.causal_model][INFO] - linear_regression
[2026-04-24 04:37:21,254][dowhy.causal_estimator][INFO] - INFO: Using Linear Regression Estimator
[2026-04-24 04:37:21,255][dowhy.causal_estimator][INFO] - b: X10~X0+X0*X3+X0*X1+X0*X2
[2026-04-24 04:37:21,263][dowhy.causal_model][INFO] - Model to find the causal effect of treatment ['X0'] on outcome ['X11']
[2026-04-24 04:37:21,265][dowhy.causal_identifier.auto_identifier][INFO] - Causal effect can be identified.
[2026-04-24 04:37:21,266][dowhy.causal_identifier.auto_identifier][INFO] - Instrumental variables for treatment and outcome:[]
[2026-04-24 04:37:21,269][dowhy.causal_identifier.auto_identifier][INFO] - Frontdoor variables for treatment and outcome:['X7', 'X9', 'X5', 'X10', 'X8', 'X6']
[2026-04-24 04:37:21,271][dowhy.causal_identifier.auto_identifier][INFO] - Causal effect can be identified.
[2026-04-24 04:37:21,273][dowhy.causal_identifier.auto_identifier][INFO] - Causal effect can be identified.
[2026-04-24 04:37:21,274][dowhy.causal_model][INFO] - linear_regression
[2026-04-24 04:37:21,274][dowhy.causal_estimator][INFO] - INFO: Using Linear Regression Estimator
[2026-04-24 04:37:21,275][dowhy.causal_estimator][INFO] - b: X11~X0+X0*X3+X0*X4+X0*X1+X0*X2
[2026-04-24 04:37:21,324][dowhy.causal_model][INFO] - Model to find the causal effect of treatment ['X1'] on outcome ['X0']
[2026-04-24 04:37:21,324][dowhy.causal_identifier.auto_identifier][WARNING] - No directed path from treatment to outcome. Causal Effect is zero.
[2026-04-24 04:37:21,324][dowhy.causal_model][INFO] - linear_regression
[2026-04-24 04:37:21,324][dowhy.causal_estimator][INFO] - INFO: Using Linear Regression Estimator
[2026-04-24 04:37:21,324][dowhy.causal_estimator][WARNING] - No directed path from ['X1'] to ['X0'].
[2026-04-24 04:37:21,326][dowhy.causal_model][INFO] - Model to find the causal effect of treatment ['X1'] on outcome ['X2']
[2026-04-24 04:37:21,326][dowhy.causal_identifier.auto_identifier][WARNING] - No directed path from treatment to outcome. Causal Effect is zero.
[2026-04-24 04:37:21,327][dowhy.causal_model][INFO] - linear_regression
[2026-04-24 04:37:21,327][dowhy.causal_estimator][INFO] - INFO: Using Linear Regression Estimator
[2026-04-24 04:37:21,327][dowhy.causal_estimator][WARNING] - No directed path from ['X1'] to ['X2'].
[2026-04-24 04:37:21,329][dowhy.causal_model][INFO] - Model to find the causal effect of treatment ['X1'] on outcome ['X3']
[2026-04-24 04:37:21,329][dowhy.causal_identifier.auto_identifier][WARNING] - No directed path from treatment to outcome. Causal Effect is zero.
[2026-04-24 04:37:21,329][dowhy.causal_model][INFO] - linear_regression
[2026-04-24 04:37:21,329][dowhy.causal_estimator][INFO] - INFO: Using Linear Regression Estimator
[2026-04-24 04:37:21,329][dowhy.causal_estimator][WARNING] - No directed path from ['X1'] to ['X3'].
[2026-04-24 04:37:21,331][dowhy.causal_model][INFO] - Model to find the causal effect of treatment ['X1'] on outcome ['X4']
[2026-04-24 04:37:21,331][dowhy.causal_identifier.auto_identifier][WARNING] - No directed path from treatment to outcome. Causal Effect is zero.
[2026-04-24 04:37:21,331][dowhy.causal_model][INFO] - linear_regression
[2026-04-24 04:37:21,331][dowhy.causal_estimator][INFO] - INFO: Using Linear Regression Estimator
[2026-04-24 04:37:21,331][dowhy.causal_estimator][WARNING] - No directed path from ['X1'] to ['X4'].
[2026-04-24 04:37:21,333][dowhy.causal_model][INFO] - Model to find the causal effect of treatment ['X1'] on outcome ['X5']
[2026-04-24 04:37:21,334][dowhy.causal_identifier.auto_identifier][INFO] - Causal effect can be identified.
[2026-04-24 04:37:21,335][dowhy.causal_identifier.auto_identifier][INFO] - Instrumental variables for treatment and outcome:[]
[2026-04-24 04:37:21,335][dowhy.causal_identifier.auto_identifier][INFO] - Frontdoor variables for treatment and outcome:[]
[2026-04-24 04:37:21,335][dowhy.causal_model][INFO] - linear_regression
[2026-04-24 04:37:21,335][dowhy.causal_estimator][INFO] - INFO: Using Linear Regression Estimator
[2026-04-24 04:37:21,335][dowhy.causal_estimator][INFO] - b: X5~X1+X1*X0
[2026-04-24 04:37:21,344][dowhy.causal_model][INFO] - Model to find the causal effect of treatment ['X1'] on outcome ['X6']
[2026-04-24 04:37:21,345][dowhy.causal_identifier.auto_identifier][INFO] - Causal effect can be identified.
[2026-04-24 04:37:21,346][dowhy.causal_identifier.auto_identifier][INFO] - Instrumental variables for treatment and outcome:[]
[2026-04-24 04:37:21,346][dowhy.causal_identifier.auto_identifier][INFO] - Frontdoor variables for treatment and outcome:[]
[2026-04-24 04:37:21,346][dowhy.causal_model][INFO] - linear_regression
[2026-04-24 04:37:21,346][dowhy.causal_estimator][INFO] - INFO: Using Linear Regression Estimator
[2026-04-24 04:37:21,347][dowhy.causal_estimator][INFO] - b: X6~X1+X1*X0
[2026-04-24 04:37:21,354][dowhy.causal_model][INFO] - Model to find the causal effect of treatment ['X1'] on outcome ['X7']
[2026-04-24 04:37:21,356][dowhy.causal_identifier.auto_identifier][INFO] - Causal effect can be identified.
[2026-04-24 04:37:21,356][dowhy.causal_identifier.auto_identifier][INFO] - Instrumental variables for treatment and outcome:[]
[2026-04-24 04:37:21,358][dowhy.causal_identifier.auto_identifier][INFO] - Frontdoor variables for treatment and outcome:['X9', 'X5', 'X6']
[2026-04-24 04:37:21,359][dowhy.causal_identifier.auto_identifier][INFO] - Causal effect can be identified.
[2026-04-24 04:37:21,361][dowhy.causal_identifier.auto_identifier][INFO] - Causal effect can be identified.
[2026-04-24 04:37:21,362][dowhy.causal_model][INFO] - linear_regression
[2026-04-24 04:37:21,362][dowhy.causal_estimator][INFO] - INFO: Using Linear Regression Estimator
[2026-04-24 04:37:21,362][dowhy.causal_estimator][INFO] - b: X7~X1+X1*X0+X1*X3+X1*X2
[2026-04-24 04:37:21,370][dowhy.causal_model][INFO] - Model to find the causal effect of treatment ['X1'] on outcome ['X8']
[2026-04-24 04:37:21,371][dowhy.causal_identifier.auto_identifier][INFO] - Causal effect can be identified.
[2026-04-24 04:37:21,372][dowhy.causal_identifier.auto_identifier][INFO] - Instrumental variables for treatment and outcome:[]
[2026-04-24 04:37:21,376][dowhy.causal_identifier.auto_identifier][INFO] - Frontdoor variables for treatment and outcome:['X9', 'X5', 'X6']
[2026-04-24 04:37:21,378][dowhy.causal_identifier.auto_identifier][INFO] - Causal effect can be identified.
[2026-04-24 04:37:21,379][dowhy.causal_identifier.auto_identifier][INFO] - Causal effect can be identified.
[2026-04-24 04:37:21,380][dowhy.causal_model][INFO] - linear_regression
[2026-04-24 04:37:21,380][dowhy.causal_estimator][INFO] - INFO: Using Linear Regression Estimator
[2026-04-24 04:37:21,380][dowhy.causal_estimator][INFO] - b: X8~X1+X1*X0+X1*X3+X1*X2
[2026-04-24 04:37:21,388][dowhy.causal_model][INFO] - Model to find the causal effect of treatment ['X1'] on outcome ['X9']
[2026-04-24 04:37:21,389][dowhy.causal_identifier.auto_identifier][INFO] - Causal effect can be identified.
[2026-04-24 04:37:21,389][dowhy.causal_identifier.auto_identifier][INFO] - Instrumental variables for treatment and outcome:[]
[2026-04-24 04:37:21,395][dowhy.causal_identifier.auto_identifier][INFO] - Frontdoor variables for treatment and outcome:[]
[2026-04-24 04:37:21,396][dowhy.causal_model][INFO] - linear_regression
[2026-04-24 04:37:21,396][dowhy.causal_estimator][INFO] - INFO: Using Linear Regression Estimator
[2026-04-24 04:37:21,396][dowhy.causal_estimator][INFO] - b: X9~X1+X1*X0
[2026-04-24 04:37:21,403][dowhy.causal_model][INFO] - Model to find the causal effect of treatment ['X1'] on outcome ['X10']
[2026-04-24 04:37:21,405][dowhy.causal_identifier.auto_identifier][INFO] - Causal effect can be identified.
[2026-04-24 04:37:21,405][dowhy.causal_identifier.auto_identifier][INFO] - Instrumental variables for treatment and outcome:[]
[2026-04-24 04:37:21,416][dowhy.causal_identifier.auto_identifier][INFO] - Frontdoor variables for treatment and outcome:['X9', 'X5', 'X6']
[2026-04-24 04:37:21,418][dowhy.causal_identifier.auto_identifier][INFO] - Causal effect can be identified.
[2026-04-24 04:37:21,419][dowhy.causal_identifier.auto_identifier][INFO] - Causal effect can be identified.
[2026-04-24 04:37:21,420][dowhy.causal_model][INFO] - linear_regression
[2026-04-24 04:37:21,420][dowhy.causal_estimator][INFO] - INFO: Using Linear Regression Estimator
[2026-04-24 04:37:21,420][dowhy.causal_estimator][INFO] - b: X10~X1+X1*X0+X1*X3+X1*X2
[2026-04-24 04:37:21,428][dowhy.causal_model][INFO] - Model to find the causal effect of treatment ['X1'] on outcome ['X11']
[2026-04-24 04:37:21,429][dowhy.causal_identifier.auto_identifier][INFO] - Causal effect can be identified.
[2026-04-24 04:37:21,430][dowhy.causal_identifier.auto_identifier][INFO] - Instrumental variables for treatment and outcome:[]
[2026-04-24 04:37:21,433][dowhy.causal_identifier.auto_identifier][INFO] - Frontdoor variables for treatment and outcome:['X7', 'X9', 'X5', 'X10', 'X8', 'X6']
[2026-04-24 04:37:21,435][dowhy.causal_identifier.auto_identifier][INFO] - Causal effect can be identified.
[2026-04-24 04:37:21,437][dowhy.causal_identifier.auto_identifier][INFO] - Causal effect can be identified.
[2026-04-24 04:37:21,438][dowhy.causal_model][INFO] - linear_regression
[2026-04-24 04:37:21,438][dowhy.causal_estimator][INFO] - INFO: Using Linear Regression Estimator
[2026-04-24 04:37:21,438][dowhy.causal_estimator][INFO] - b: X11~X1+X1*X4+X1*X3+X1*X2+X1*X0
[2026-04-24 04:37:21,483][dowhy.causal_model][INFO] - Model to find the causal effect of treatment ['X2'] on outcome ['X0']
[2026-04-24 04:37:21,484][dowhy.causal_identifier.auto_identifier][WARNING] - No directed path from treatment to outcome. Causal Effect is zero.
[2026-04-24 04:37:21,484][dowhy.causal_model][INFO] - linear_regression
[2026-04-24 04:37:21,484][dowhy.causal_estimator][INFO] - INFO: Using Linear Regression Estimator
[2026-04-24 04:37:21,484][dowhy.causal_estimator][WARNING] - No directed path from ['X2'] to ['X0'].
[2026-04-24 04:37:21,486][dowhy.causal_model][INFO] - Model to find the causal effect of treatment ['X2'] on outcome ['X1']
[2026-04-24 04:37:21,486][dowhy.causal_identifier.auto_identifier][WARNING] - No directed path from treatment to outcome. Causal Effect is zero.
[2026-04-24 04:37:21,486][dowhy.causal_model][INFO] - linear_regression
[2026-04-24 04:37:21,486][dowhy.causal_estimator][INFO] - INFO: Using Linear Regression Estimator
[2026-04-24 04:37:21,486][dowhy.causal_estimator][WARNING] - No directed path from ['X2'] to ['X1'].
[2026-04-24 04:37:21,488][dowhy.causal_model][INFO] - Model to find the causal effect of treatment ['X2'] on outcome ['X3']
[2026-04-24 04:37:21,488][dowhy.causal_identifier.auto_identifier][WARNING] - No directed path from treatment to outcome. Causal Effect is zero.
[2026-04-24 04:37:21,488][dowhy.causal_model][INFO] - linear_regression
[2026-04-24 04:37:21,488][dowhy.causal_estimator][INFO] - INFO: Using Linear Regression Estimator
[2026-04-24 04:37:21,488][dowhy.causal_estimator][WARNING] - No directed path from ['X2'] to ['X3'].
[2026-04-24 04:37:21,490][dowhy.causal_model][INFO] - Model to find the causal effect of treatment ['X2'] on outcome ['X4']
[2026-04-24 04:37:21,490][dowhy.causal_identifier.auto_identifier][WARNING] - No directed path from treatment to outcome. Causal Effect is zero.
[2026-04-24 04:37:21,490][dowhy.causal_model][INFO] - linear_regression
[2026-04-24 04:37:21,490][dowhy.causal_estimator][INFO] - INFO: Using Linear Regression Estimator
[2026-04-24 04:37:21,490][dowhy.causal_estimator][WARNING] - No directed path from ['X2'] to ['X4'].
[2026-04-24 04:37:21,492][dowhy.causal_model][INFO] - Model to find the causal effect of treatment ['X2'] on outcome ['X5']
[2026-04-24 04:37:21,492][dowhy.causal_identifier.auto_identifier][WARNING] - No directed path from treatment to outcome. Causal Effect is zero.
[2026-04-24 04:37:21,492][dowhy.causal_model][INFO] - linear_regression
[2026-04-24 04:37:21,492][dowhy.causal_estimator][INFO] - INFO: Using Linear Regression Estimator
[2026-04-24 04:37:21,492][dowhy.causal_estimator][WARNING] - No directed path from ['X2'] to ['X5'].
[2026-04-24 04:37:21,494][dowhy.causal_model][INFO] - Model to find the causal effect of treatment ['X2'] on outcome ['X6']
[2026-04-24 04:37:21,494][dowhy.causal_identifier.auto_identifier][WARNING] - No directed path from treatment to outcome. Causal Effect is zero.
[2026-04-24 04:37:21,494][dowhy.causal_model][INFO] - linear_regression
[2026-04-24 04:37:21,494][dowhy.causal_estimator][INFO] - INFO: Using Linear Regression Estimator
[2026-04-24 04:37:21,494][dowhy.causal_estimator][WARNING] - No directed path from ['X2'] to ['X6'].
[2026-04-24 04:37:21,496][dowhy.causal_model][INFO] - Model to find the causal effect of treatment ['X2'] on outcome ['X7']
[2026-04-24 04:37:21,498][dowhy.causal_identifier.auto_identifier][INFO] - Causal effect can be identified.
[2026-04-24 04:37:21,499][dowhy.causal_identifier.auto_identifier][INFO] - Instrumental variables for treatment and outcome:[]
[2026-04-24 04:37:21,499][dowhy.causal_identifier.auto_identifier][INFO] - Frontdoor variables for treatment and outcome:[]
[2026-04-24 04:37:21,499][dowhy.causal_model][INFO] - linear_regression
[2026-04-24 04:37:21,499][dowhy.causal_estimator][INFO] - INFO: Using Linear Regression Estimator
[2026-04-24 04:37:21,500][dowhy.causal_estimator][INFO] - b: X7~X2+X2*X1+X2*X3+X2*X5+X2*X0+X2*X6
[2026-04-24 04:37:21,509][dowhy.causal_model][INFO] - Model to find the causal effect of treatment ['X2'] on outcome ['X8']
[2026-04-24 04:37:21,511][dowhy.causal_identifier.auto_identifier][INFO] - Causal effect can be identified.
[2026-04-24 04:37:21,512][dowhy.causal_identifier.auto_identifier][INFO] - Instrumental variables for treatment and outcome:[]
[2026-04-24 04:37:21,512][dowhy.causal_identifier.auto_identifier][INFO] - Frontdoor variables for treatment and outcome:[]
[2026-04-24 04:37:21,512][dowhy.causal_model][INFO] - linear_regression
[2026-04-24 04:37:21,512][dowhy.causal_estimator][INFO] - INFO: Using Linear Regression Estimator
[2026-04-24 04:37:21,513][dowhy.causal_estimator][INFO] - b: X8~X2+X2*X1+X2*X3+X2*X5+X2*X0+X2*X6
[2026-04-24 04:37:21,521][dowhy.causal_model][INFO] - Model to find the causal effect of treatment ['X2'] on outcome ['X9']
[2026-04-24 04:37:21,521][dowhy.causal_identifier.auto_identifier][WARNING] - No directed path from treatment to outcome. Causal Effect is zero.
[2026-04-24 04:37:21,522][dowhy.causal_model][INFO] - linear_regression
[2026-04-24 04:37:21,522][dowhy.causal_estimator][INFO] - INFO: Using Linear Regression Estimator
[2026-04-24 04:37:21,522][dowhy.causal_estimator][WARNING] - No directed path from ['X2'] to ['X9'].
[2026-04-24 04:37:21,524][dowhy.causal_model][INFO] - Model to find the causal effect of treatment ['X2'] on outcome ['X10']
[2026-04-24 04:37:21,526][dowhy.causal_identifier.auto_identifier][INFO] - Causal effect can be identified.
[2026-04-24 04:37:21,527][dowhy.causal_identifier.auto_identifier][INFO] - Instrumental variables for treatment and outcome:[]
[2026-04-24 04:37:21,528][dowhy.causal_identifier.auto_identifier][INFO] - Frontdoor variables for treatment and outcome:[]
[2026-04-24 04:37:21,528][dowhy.causal_model][INFO] - linear_regression
[2026-04-24 04:37:21,528][dowhy.causal_estimator][INFO] - INFO: Using Linear Regression Estimator
[2026-04-24 04:37:21,529][dowhy.causal_estimator][INFO] - b: X10~X2+X2*X1+X2*X3+X2*X5+X2*X0+X2*X6
[2026-04-24 04:37:21,538][dowhy.causal_model][INFO] - Model to find the causal effect of treatment ['X2'] on outcome ['X11']
[2026-04-24 04:37:21,540][dowhy.causal_identifier.auto_identifier][INFO] - Causal effect can be identified.
[2026-04-24 04:37:21,541][dowhy.causal_identifier.auto_identifier][INFO] - Instrumental variables for treatment and outcome:[]
[2026-04-24 04:37:21,542][dowhy.causal_identifier.auto_identifier][INFO] - Frontdoor variables for treatment and outcome:['X10', 'X8', 'X7']
[2026-04-24 04:37:21,545][dowhy.causal_identifier.auto_identifier][INFO] - Causal effect can be identified.
[2026-04-24 04:37:21,548][dowhy.causal_identifier.auto_identifier][INFO] - Causal effect can be identified.
[2026-04-24 04:37:21,549][dowhy.causal_model][INFO] - linear_regression
[2026-04-24 04:37:21,549][dowhy.causal_estimator][INFO] - INFO: Using Linear Regression Estimator
[2026-04-24 04:37:21,550][dowhy.causal_estimator][INFO] - b: X11~X2+X2*X4+X2*X1+X2*X3+X2*X5+X2*X0+X2*X6
[2026-04-24 04:37:21,594][dowhy.causal_model][INFO] - Model to find the causal effect of treatment ['X3'] on outcome ['X0']
[2026-04-24 04:37:21,594][dowhy.causal_identifier.auto_identifier][WARNING] - No directed path from treatment to outcome. Causal Effect is zero.
[2026-04-24 04:37:21,595][dowhy.causal_model][INFO] - linear_regression
[2026-04-24 04:37:21,595][dowhy.causal_estimator][INFO] - INFO: Using Linear Regression Estimator
[2026-04-24 04:37:21,595][dowhy.causal_estimator][WARNING] - No directed path from ['X3'] to ['X0'].
[2026-04-24 04:37:21,596][dowhy.causal_model][INFO] - Model to find the causal effect of treatment ['X3'] on outcome ['X1']
[2026-04-24 04:37:21,597][dowhy.causal_identifier.auto_identifier][WARNING] - No directed path from treatment to outcome. Causal Effect is zero.
[2026-04-24 04:37:21,597][dowhy.causal_model][INFO] - linear_regression
[2026-04-24 04:37:21,597][dowhy.causal_estimator][INFO] - INFO: Using Linear Regression Estimator
[2026-04-24 04:37:21,597][dowhy.causal_estimator][WARNING] - No directed path from ['X3'] to ['X1'].
[2026-04-24 04:37:21,598][dowhy.causal_model][INFO] - Model to find the causal effect of treatment ['X3'] on outcome ['X2']
[2026-04-24 04:37:21,598][dowhy.causal_identifier.auto_identifier][WARNING] - No directed path from treatment to outcome. Causal Effect is zero.
[2026-04-24 04:37:21,598][dowhy.causal_model][INFO] - linear_regression
[2026-04-24 04:37:21,599][dowhy.causal_estimator][INFO] - INFO: Using Linear Regression Estimator
[2026-04-24 04:37:21,599][dowhy.causal_estimator][WARNING] - No directed path from ['X3'] to ['X2'].
[2026-04-24 04:37:21,600][dowhy.causal_model][INFO] - Model to find the causal effect of treatment ['X3'] on outcome ['X4']
[2026-04-24 04:37:21,600][dowhy.causal_identifier.auto_identifier][WARNING] - No directed path from treatment to outcome. Causal Effect is zero.
[2026-04-24 04:37:21,600][dowhy.causal_model][INFO] - linear_regression
[2026-04-24 04:37:21,600][dowhy.causal_estimator][INFO] - INFO: Using Linear Regression Estimator
[2026-04-24 04:37:21,600][dowhy.causal_estimator][WARNING] - No directed path from ['X3'] to ['X4'].
[2026-04-24 04:37:21,602][dowhy.causal_model][INFO] - Model to find the causal effect of treatment ['X3'] on outcome ['X5']
[2026-04-24 04:37:21,602][dowhy.causal_identifier.auto_identifier][WARNING] - No directed path from treatment to outcome. Causal Effect is zero.
[2026-04-24 04:37:21,602][dowhy.causal_model][INFO] - linear_regression
[2026-04-24 04:37:21,602][dowhy.causal_estimator][INFO] - INFO: Using Linear Regression Estimator
[2026-04-24 04:37:21,602][dowhy.causal_estimator][WARNING] - No directed path from ['X3'] to ['X5'].
[2026-04-24 04:37:21,604][dowhy.causal_model][INFO] - Model to find the causal effect of treatment ['X3'] on outcome ['X6']
[2026-04-24 04:37:21,604][dowhy.causal_identifier.auto_identifier][WARNING] - No directed path from treatment to outcome. Causal Effect is zero.
[2026-04-24 04:37:21,604][dowhy.causal_model][INFO] - linear_regression
[2026-04-24 04:37:21,604][dowhy.causal_estimator][INFO] - INFO: Using Linear Regression Estimator
[2026-04-24 04:37:21,604][dowhy.causal_estimator][WARNING] - No directed path from ['X3'] to ['X6'].
[2026-04-24 04:37:21,606][dowhy.causal_model][INFO] - Model to find the causal effect of treatment ['X3'] on outcome ['X7']
[2026-04-24 04:37:21,608][dowhy.causal_identifier.auto_identifier][INFO] - Causal effect can be identified.
[2026-04-24 04:37:21,609][dowhy.causal_identifier.auto_identifier][INFO] - Instrumental variables for treatment and outcome:[]
[2026-04-24 04:37:21,609][dowhy.causal_identifier.auto_identifier][INFO] - Frontdoor variables for treatment and outcome:[]
[2026-04-24 04:37:21,609][dowhy.causal_model][INFO] - linear_regression
[2026-04-24 04:37:21,609][dowhy.causal_estimator][INFO] - INFO: Using Linear Regression Estimator
[2026-04-24 04:37:21,609][dowhy.causal_estimator][INFO] - b: X7~X3+X3*X1+X3*X2+X3*X5+X3*X0+X3*X6
[2026-04-24 04:37:21,618][dowhy.causal_model][INFO] - Model to find the causal effect of treatment ['X3'] on outcome ['X8']
[2026-04-24 04:37:21,620][dowhy.causal_identifier.auto_identifier][INFO] - Causal effect can be identified.
[2026-04-24 04:37:21,621][dowhy.causal_identifier.auto_identifier][INFO] - Instrumental variables for treatment and outcome:[]
[2026-04-24 04:37:21,621][dowhy.causal_identifier.auto_identifier][INFO] - Frontdoor variables for treatment and outcome:[]
[2026-04-24 04:37:21,621][dowhy.causal_model][INFO] - linear_regression
[2026-04-24 04:37:21,621][dowhy.causal_estimator][INFO] - INFO: Using Linear Regression Estimator
[2026-04-24 04:37:21,621][dowhy.causal_estimator][INFO] - b: X8~X3+X3*X1+X3*X2+X3*X5+X3*X0+X3*X6
[2026-04-24 04:37:21,629][dowhy.causal_model][INFO] - Model to find the causal effect of treatment ['X3'] on outcome ['X9']
[2026-04-24 04:37:21,629][dowhy.causal_identifier.auto_identifier][WARNING] - No directed path from treatment to outcome. Causal Effect is zero.
[2026-04-24 04:37:21,629][dowhy.causal_model][INFO] - linear_regression
[2026-04-24 04:37:21,629][dowhy.causal_estimator][INFO] - INFO: Using Linear Regression Estimator
[2026-04-24 04:37:21,629][dowhy.causal_estimator][WARNING] - No directed path from ['X3'] to ['X9'].
[2026-04-24 04:37:21,631][dowhy.causal_model][INFO] - Model to find the causal effect of treatment ['X3'] on outcome ['X10']
[2026-04-24 04:37:21,633][dowhy.causal_identifier.auto_identifier][INFO] - Causal effect can be identified.
[2026-04-24 04:37:21,634][dowhy.causal_identifier.auto_identifier][INFO] - Instrumental variables for treatment and outcome:[]
[2026-04-24 04:37:21,635][dowhy.causal_identifier.auto_identifier][INFO] - Frontdoor variables for treatment and outcome:[]
[2026-04-24 04:37:21,635][dowhy.causal_model][INFO] - linear_regression
[2026-04-24 04:37:21,635][dowhy.causal_estimator][INFO] - INFO: Using Linear Regression Estimator
[2026-04-24 04:37:21,635][dowhy.causal_estimator][INFO] - b: X10~X3+X3*X1+X3*X2+X3*X5+X3*X0+X3*X6
[2026-04-24 04:37:21,643][dowhy.causal_model][INFO] - Model to find the causal effect of treatment ['X3'] on outcome ['X11']
[2026-04-24 04:37:21,645][dowhy.causal_identifier.auto_identifier][INFO] - Causal effect can be identified.
[2026-04-24 04:37:21,646][dowhy.causal_identifier.auto_identifier][INFO] - Instrumental variables for treatment and outcome:[]
[2026-04-24 04:37:21,647][dowhy.causal_identifier.auto_identifier][INFO] - Frontdoor variables for treatment and outcome:['X10', 'X8', 'X7']
[2026-04-24 04:37:21,650][dowhy.causal_identifier.auto_identifier][INFO] - Causal effect can be identified.
[2026-04-24 04:37:21,653][dowhy.causal_identifier.auto_identifier][INFO] - Causal effect can be identified.
[2026-04-24 04:37:21,654][dowhy.causal_model][INFO] - linear_regression
[2026-04-24 04:37:21,654][dowhy.causal_estimator][INFO] - INFO: Using Linear Regression Estimator
[2026-04-24 04:37:21,654][dowhy.causal_estimator][INFO] - b: X11~X3+X3*X4+X3*X1+X3*X2+X3*X5+X3*X0+X3*X6
[2026-04-24 04:37:21,695][dowhy.causal_model][INFO] - Model to find the causal effect of treatment ['X4'] on outcome ['X0']
[2026-04-24 04:37:21,695][dowhy.causal_identifier.auto_identifier][WARNING] - No directed path from treatment to outcome. Causal Effect is zero.
[2026-04-24 04:37:21,695][dowhy.causal_model][INFO] - linear_regression
[2026-04-24 04:37:21,695][dowhy.causal_estimator][INFO] - INFO: Using Linear Regression Estimator
[2026-04-24 04:37:21,695][dowhy.causal_estimator][WARNING] - No directed path from ['X4'] to ['X0'].
[2026-04-24 04:37:21,697][dowhy.causal_model][INFO] - Model to find the causal effect of treatment ['X4'] on outcome ['X1']
[2026-04-24 04:37:21,697][dowhy.causal_identifier.auto_identifier][WARNING] - No directed path from treatment to outcome. Causal Effect is zero.
[2026-04-24 04:37:21,697][dowhy.causal_model][INFO] - linear_regression
[2026-04-24 04:37:21,697][dowhy.causal_estimator][INFO] - INFO: Using Linear Regression Estimator
[2026-04-24 04:37:21,697][dowhy.causal_estimator][WARNING] - No directed path from ['X4'] to ['X1'].
[2026-04-24 04:37:21,699][dowhy.causal_model][INFO] - Model to find the causal effect of treatment ['X4'] on outcome ['X2']
[2026-04-24 04:37:21,699][dowhy.causal_identifier.auto_identifier][WARNING] - No directed path from treatment to outcome. Causal Effect is zero.
[2026-04-24 04:37:21,699][dowhy.causal_model][INFO] - linear_regression
[2026-04-24 04:37:21,699][dowhy.causal_estimator][INFO] - INFO: Using Linear Regression Estimator
[2026-04-24 04:37:21,699][dowhy.causal_estimator][WARNING] - No directed path from ['X4'] to ['X2'].
[2026-04-24 04:37:21,700][dowhy.causal_model][INFO] - Model to find the causal effect of treatment ['X4'] on outcome ['X3']
[2026-04-24 04:37:21,700][dowhy.causal_identifier.auto_identifier][WARNING] - No directed path from treatment to outcome. Causal Effect is zero.
[2026-04-24 04:37:21,700][dowhy.causal_model][INFO] - linear_regression
[2026-04-24 04:37:21,700][dowhy.causal_estimator][INFO] - INFO: Using Linear Regression Estimator
[2026-04-24 04:37:21,701][dowhy.causal_estimator][WARNING] - No directed path from ['X4'] to ['X3'].
[2026-04-24 04:37:21,702][dowhy.causal_model][INFO] - Model to find the causal effect of treatment ['X4'] on outcome ['X5']
[2026-04-24 04:37:21,702][dowhy.causal_identifier.auto_identifier][WARNING] - No directed path from treatment to outcome. Causal Effect is zero.
[2026-04-24 04:37:21,702][dowhy.causal_model][INFO] - linear_regression
[2026-04-24 04:37:21,702][dowhy.causal_estimator][INFO] - INFO: Using Linear Regression Estimator
[2026-04-24 04:37:21,702][dowhy.causal_estimator][WARNING] - No directed path from ['X4'] to ['X5'].
[2026-04-24 04:37:21,704][dowhy.causal_model][INFO] - Model to find the causal effect of treatment ['X4'] on outcome ['X6']
[2026-04-24 04:37:21,704][dowhy.causal_identifier.auto_identifier][WARNING] - No directed path from treatment to outcome. Causal Effect is zero.
[2026-04-24 04:37:21,704][dowhy.causal_model][INFO] - linear_regression
[2026-04-24 04:37:21,704][dowhy.causal_estimator][INFO] - INFO: Using Linear Regression Estimator
[2026-04-24 04:37:21,704][dowhy.causal_estimator][WARNING] - No directed path from ['X4'] to ['X6'].
[2026-04-24 04:37:21,706][dowhy.causal_model][INFO] - Model to find the causal effect of treatment ['X4'] on outcome ['X7']
[2026-04-24 04:37:21,706][dowhy.causal_identifier.auto_identifier][WARNING] - No directed path from treatment to outcome. Causal Effect is zero.
[2026-04-24 04:37:21,707][dowhy.causal_model][INFO] - linear_regression
[2026-04-24 04:37:21,707][dowhy.causal_estimator][INFO] - INFO: Using Linear Regression Estimator
[2026-04-24 04:37:21,707][dowhy.causal_estimator][WARNING] - No directed path from ['X4'] to ['X7'].
[2026-04-24 04:37:21,709][dowhy.causal_model][INFO] - Model to find the causal effect of treatment ['X4'] on outcome ['X8']
[2026-04-24 04:37:21,709][dowhy.causal_identifier.auto_identifier][WARNING] - No directed path from treatment to outcome. Causal Effect is zero.
[2026-04-24 04:37:21,709][dowhy.causal_model][INFO] - linear_regression
[2026-04-24 04:37:21,709][dowhy.causal_estimator][INFO] - INFO: Using Linear Regression Estimator
[2026-04-24 04:37:21,709][dowhy.causal_estimator][WARNING] - No directed path from ['X4'] to ['X8'].
[2026-04-24 04:37:21,711][dowhy.causal_model][INFO] - Model to find the causal effect of treatment ['X4'] on outcome ['X9']
[2026-04-24 04:37:21,711][dowhy.causal_identifier.auto_identifier][WARNING] - No directed path from treatment to outcome. Causal Effect is zero.
[2026-04-24 04:37:21,711][dowhy.causal_model][INFO] - linear_regression
[2026-04-24 04:37:21,711][dowhy.causal_estimator][INFO] - INFO: Using Linear Regression Estimator
[2026-04-24 04:37:21,711][dowhy.causal_estimator][WARNING] - No directed path from ['X4'] to ['X9'].
[2026-04-24 04:37:21,713][dowhy.causal_model][INFO] - Model to find the causal effect of treatment ['X4'] on outcome ['X10']
[2026-04-24 04:37:21,713][dowhy.causal_identifier.auto_identifier][WARNING] - No directed path from treatment to outcome. Causal Effect is zero.
[2026-04-24 04:37:21,713][dowhy.causal_model][INFO] - linear_regression
[2026-04-24 04:37:21,713][dowhy.causal_estimator][INFO] - INFO: Using Linear Regression Estimator
[2026-04-24 04:37:21,713][dowhy.causal_estimator][WARNING] - No directed path from ['X4'] to ['X10'].
[2026-04-24 04:37:21,715][dowhy.causal_model][INFO] - Model to find the causal effect of treatment ['X4'] on outcome ['X11']
[2026-04-24 04:37:21,718][dowhy.causal_identifier.auto_identifier][INFO] - Causal effect can be identified.
[2026-04-24 04:37:21,719][dowhy.causal_identifier.auto_identifier][INFO] - Instrumental variables for treatment and outcome:[]
[2026-04-24 04:37:21,719][dowhy.causal_identifier.auto_identifier][INFO] - Frontdoor variables for treatment and outcome:[]
[2026-04-24 04:37:21,719][dowhy.causal_model][INFO] - linear_regression
[2026-04-24 04:37:21,720][dowhy.causal_estimator][INFO] - INFO: Using Linear Regression Estimator
[2026-04-24 04:37:21,720][dowhy.causal_estimator][INFO] - b: X11~X4+X4*X1+X4*X2+X4*X3+X4*X5+X4*X8+X4*X7+X4*X0+X4*X6
[2026-04-24 04:37:21,771][dowhy.causal_model][INFO] - Model to find the causal effect of treatment ['X5'] on outcome ['X0']
[2026-04-24 04:37:21,771][dowhy.causal_identifier.auto_identifier][WARNING] - No directed path from treatment to outcome. Causal Effect is zero.
[2026-04-24 04:37:21,771][dowhy.causal_model][INFO] - linear_regression
[2026-04-24 04:37:21,771][dowhy.causal_estimator][INFO] - INFO: Using Linear Regression Estimator
[2026-04-24 04:37:21,771][dowhy.causal_estimator][WARNING] - No directed path from ['X5'] to ['X0'].
[2026-04-24 04:37:21,773][dowhy.causal_model][INFO] - Model to find the causal effect of treatment ['X5'] on outcome ['X1']
[2026-04-24 04:37:21,773][dowhy.causal_identifier.auto_identifier][WARNING] - No directed path from treatment to outcome. Causal Effect is zero.
[2026-04-24 04:37:21,773][dowhy.causal_model][INFO] - linear_regression
[2026-04-24 04:37:21,773][dowhy.causal_estimator][INFO] - INFO: Using Linear Regression Estimator
[2026-04-24 04:37:21,774][dowhy.causal_estimator][WARNING] - No directed path from ['X5'] to ['X1'].
[2026-04-24 04:37:21,775][dowhy.causal_model][INFO] - Model to find the causal effect of treatment ['X5'] on outcome ['X2']
[2026-04-24 04:37:21,776][dowhy.causal_identifier.auto_identifier][WARNING] - No directed path from treatment to outcome. Causal Effect is zero.
[2026-04-24 04:37:21,776][dowhy.causal_model][INFO] - linear_regression
[2026-04-24 04:37:21,776][dowhy.causal_estimator][INFO] - INFO: Using Linear Regression Estimator
[2026-04-24 04:37:21,776][dowhy.causal_estimator][WARNING] - No directed path from ['X5'] to ['X2'].
[2026-04-24 04:37:21,778][dowhy.causal_model][INFO] - Model to find the causal effect of treatment ['X5'] on outcome ['X3']
[2026-04-24 04:37:21,778][dowhy.causal_identifier.auto_identifier][WARNING] - No directed path from treatment to outcome. Causal Effect is zero.
[2026-04-24 04:37:21,778][dowhy.causal_model][INFO] - linear_regression
[2026-04-24 04:37:21,778][dowhy.causal_estimator][INFO] - INFO: Using Linear Regression Estimator
[2026-04-24 04:37:21,778][dowhy.causal_estimator][WARNING] - No directed path from ['X5'] to ['X3'].
[2026-04-24 04:37:21,780][dowhy.causal_model][INFO] - Model to find the causal effect of treatment ['X5'] on outcome ['X4']
[2026-04-24 04:37:21,780][dowhy.causal_identifier.auto_identifier][WARNING] - No directed path from treatment to outcome. Causal Effect is zero.
[2026-04-24 04:37:21,780][dowhy.causal_model][INFO] - linear_regression
[2026-04-24 04:37:21,780][dowhy.causal_estimator][INFO] - INFO: Using Linear Regression Estimator
[2026-04-24 04:37:21,780][dowhy.causal_estimator][WARNING] - No directed path from ['X5'] to ['X4'].
[2026-04-24 04:37:21,782][dowhy.causal_model][INFO] - Model to find the causal effect of treatment ['X5'] on outcome ['X6']
[2026-04-24 04:37:21,784][dowhy.causal_identifier.auto_identifier][INFO] - Causal effect can be identified.
[2026-04-24 04:37:21,784][dowhy.causal_identifier.auto_identifier][INFO] - Instrumental variables for treatment and outcome:['X0']
[2026-04-24 04:37:21,784][dowhy.causal_identifier.auto_identifier][INFO] - Frontdoor variables for treatment and outcome:[]
[2026-04-24 04:37:21,785][dowhy.causal_model][INFO] - linear_regression
[2026-04-24 04:37:21,785][dowhy.causal_estimator][INFO] - INFO: Using Linear Regression Estimator
[2026-04-24 04:37:21,785][dowhy.causal_estimator][INFO] - b: X6~X5+X1
[2026-04-24 04:37:21,794][dowhy.causal_model][INFO] - Model to find the causal effect of treatment ['X5'] on outcome ['X7']
[2026-04-24 04:37:21,795][dowhy.causal_identifier.auto_identifier][INFO] - Causal effect can be identified.
[2026-04-24 04:37:21,796][dowhy.causal_identifier.auto_identifier][INFO] - Instrumental variables for treatment and outcome:['X0']
[2026-04-24 04:37:21,797][dowhy.causal_identifier.auto_identifier][INFO] - Frontdoor variables for treatment and outcome:[]
[2026-04-24 04:37:21,797][dowhy.causal_model][INFO] - linear_regression
[2026-04-24 04:37:21,797][dowhy.causal_estimator][INFO] - INFO: Using Linear Regression Estimator
[2026-04-24 04:37:21,797][dowhy.causal_estimator][INFO] - b: X7~X5+X1+X5*X3+X5*X2
[2026-04-24 04:37:21,807][dowhy.causal_model][INFO] - Model to find the causal effect of treatment ['X5'] on outcome ['X8']
[2026-04-24 04:37:21,809][dowhy.causal_identifier.auto_identifier][INFO] - Causal effect can be identified.
[2026-04-24 04:37:21,810][dowhy.causal_identifier.auto_identifier][INFO] - Instrumental variables for treatment and outcome:['X0']
[2026-04-24 04:37:21,813][dowhy.causal_identifier.auto_identifier][INFO] - Frontdoor variables for treatment and outcome:[]
[2026-04-24 04:37:21,813][dowhy.causal_model][INFO] - linear_regression
[2026-04-24 04:37:21,813][dowhy.causal_estimator][INFO] - INFO: Using Linear Regression Estimator
[2026-04-24 04:37:21,813][dowhy.causal_estimator][INFO] - b: X8~X5+X1+X5*X3+X5*X2
[2026-04-24 04:37:21,822][dowhy.causal_model][INFO] - Model to find the causal effect of treatment ['X5'] on outcome ['X9']
[2026-04-24 04:37:21,824][dowhy.causal_identifier.auto_identifier][INFO] - Causal effect can be identified.
[2026-04-24 04:37:21,824][dowhy.causal_identifier.auto_identifier][INFO] - Instrumental variables for treatment and outcome:['X1']
[2026-04-24 04:37:21,827][dowhy.causal_identifier.auto_identifier][INFO] - Frontdoor variables for treatment and outcome:[]
[2026-04-24 04:37:21,828][dowhy.causal_model][INFO] - linear_regression
[2026-04-24 04:37:21,828][dowhy.causal_estimator][INFO] - INFO: Using Linear Regression Estimator
[2026-04-24 04:37:21,828][dowhy.causal_estimator][INFO] - b: X9~X5+X0
[2026-04-24 04:37:21,836][dowhy.causal_model][INFO] - Model to find the causal effect of treatment ['X5'] on outcome ['X10']
[2026-04-24 04:37:21,837][dowhy.causal_identifier.auto_identifier][INFO] - Causal effect can be identified.
[2026-04-24 04:37:21,838][dowhy.causal_identifier.auto_identifier][INFO] - Instrumental variables for treatment and outcome:['X0']
[2026-04-24 04:37:21,843][dowhy.causal_identifier.auto_identifier][INFO] - Frontdoor variables for treatment and outcome:[]
[2026-04-24 04:37:21,843][dowhy.causal_model][INFO] - linear_regression
[2026-04-24 04:37:21,843][dowhy.causal_estimator][INFO] - INFO: Using Linear Regression Estimator
[2026-04-24 04:37:21,843][dowhy.causal_estimator][INFO] - b: X10~X5+X1+X5*X3+X5*X2
[2026-04-24 04:37:21,852][dowhy.causal_model][INFO] - Model to find the causal effect of treatment ['X5'] on outcome ['X11']
[2026-04-24 04:37:21,854][dowhy.causal_identifier.auto_identifier][INFO] - Causal effect can be identified.
[2026-04-24 04:37:21,854][dowhy.causal_identifier.auto_identifier][INFO] - Instrumental variables for treatment and outcome:['X0']
[2026-04-24 04:37:21,861][dowhy.causal_identifier.auto_identifier][INFO] - Frontdoor variables for treatment and outcome:[]
[2026-04-24 04:37:21,861][dowhy.causal_model][INFO] - linear_regression
[2026-04-24 04:37:21,861][dowhy.causal_estimator][INFO] - INFO: Using Linear Regression Estimator
[2026-04-24 04:37:21,861][dowhy.causal_estimator][INFO] - b: X11~X5+X1+X5*X4+X5*X3+X5*X2
[2026-04-24 04:37:21,904][dowhy.causal_model][INFO] - Model to find the causal effect of treatment ['X6'] on outcome ['X0']
[2026-04-24 04:37:21,904][dowhy.causal_identifier.auto_identifier][WARNING] - No directed path from treatment to outcome. Causal Effect is zero.
[2026-04-24 04:37:21,904][dowhy.causal_model][INFO] - linear_regression
[2026-04-24 04:37:21,904][dowhy.causal_estimator][INFO] - INFO: Using Linear Regression Estimator
[2026-04-24 04:37:21,904][dowhy.causal_estimator][WARNING] - No directed path from ['X6'] to ['X0'].
[2026-04-24 04:37:21,906][dowhy.causal_model][INFO] - Model to find the causal effect of treatment ['X6'] on outcome ['X1']
[2026-04-24 04:37:21,906][dowhy.causal_identifier.auto_identifier][WARNING] - No directed path from treatment to outcome. Causal Effect is zero.
[2026-04-24 04:37:21,906][dowhy.causal_model][INFO] - linear_regression
[2026-04-24 04:37:21,906][dowhy.causal_estimator][INFO] - INFO: Using Linear Regression Estimator
[2026-04-24 04:37:21,906][dowhy.causal_estimator][WARNING] - No directed path from ['X6'] to ['X1'].
[2026-04-24 04:37:21,908][dowhy.causal_model][INFO] - Model to find the causal effect of treatment ['X6'] on outcome ['X2']
[2026-04-24 04:37:21,908][dowhy.causal_identifier.auto_identifier][WARNING] - No directed path from treatment to outcome. Causal Effect is zero.
[2026-04-24 04:37:21,908][dowhy.causal_model][INFO] - linear_regression
[2026-04-24 04:37:21,908][dowhy.causal_estimator][INFO] - INFO: Using Linear Regression Estimator
[2026-04-24 04:37:21,908][dowhy.causal_estimator][WARNING] - No directed path from ['X6'] to ['X2'].
[2026-04-24 04:37:21,910][dowhy.causal_model][INFO] - Model to find the causal effect of treatment ['X6'] on outcome ['X3']
[2026-04-24 04:37:21,910][dowhy.causal_identifier.auto_identifier][WARNING] - No directed path from treatment to outcome. Causal Effect is zero.
[2026-04-24 04:37:21,910][dowhy.causal_model][INFO] - linear_regression
[2026-04-24 04:37:21,910][dowhy.causal_estimator][INFO] - INFO: Using Linear Regression Estimator
[2026-04-24 04:37:21,910][dowhy.causal_estimator][WARNING] - No directed path from ['X6'] to ['X3'].
[2026-04-24 04:37:21,911][dowhy.causal_model][INFO] - Model to find the causal effect of treatment ['X6'] on outcome ['X4']
[2026-04-24 04:37:21,911][dowhy.causal_identifier.auto_identifier][WARNING] - No directed path from treatment to outcome. Causal Effect is zero.
[2026-04-24 04:37:21,912][dowhy.causal_model][INFO] - linear_regression
[2026-04-24 04:37:21,912][dowhy.causal_estimator][INFO] - INFO: Using Linear Regression Estimator
[2026-04-24 04:37:21,912][dowhy.causal_estimator][WARNING] - No directed path from ['X6'] to ['X4'].
[2026-04-24 04:37:21,913][dowhy.causal_model][INFO] - Model to find the causal effect of treatment ['X6'] on outcome ['X5']
[2026-04-24 04:37:21,913][dowhy.causal_identifier.auto_identifier][WARNING] - No directed path from treatment to outcome. Causal Effect is zero.
[2026-04-24 04:37:21,913][dowhy.causal_model][INFO] - linear_regression
[2026-04-24 04:37:21,914][dowhy.causal_estimator][INFO] - INFO: Using Linear Regression Estimator
[2026-04-24 04:37:21,914][dowhy.causal_estimator][WARNING] - No directed path from ['X6'] to ['X5'].
[2026-04-24 04:37:21,915][dowhy.causal_model][INFO] - Model to find the causal effect of treatment ['X6'] on outcome ['X7']
[2026-04-24 04:37:21,918][dowhy.causal_identifier.auto_identifier][INFO] - Causal effect can be identified.
[2026-04-24 04:37:21,918][dowhy.causal_identifier.auto_identifier][INFO] - Instrumental variables for treatment and outcome:['X1', 'X5']
[2026-04-24 04:37:21,919][dowhy.causal_identifier.auto_identifier][INFO] - Frontdoor variables for treatment and outcome:[]
[2026-04-24 04:37:21,919][dowhy.causal_model][INFO] - linear_regression
[2026-04-24 04:37:21,919][dowhy.causal_estimator][INFO] - INFO: Using Linear Regression Estimator
[2026-04-24 04:37:21,919][dowhy.causal_estimator][INFO] - b: X7~X6+X6*X3+X6*X2
[2026-04-24 04:37:21,928][dowhy.causal_model][INFO] - Model to find the causal effect of treatment ['X6'] on outcome ['X8']
[2026-04-24 04:37:21,930][dowhy.causal_identifier.auto_identifier][INFO] - Causal effect can be identified.
[2026-04-24 04:37:21,931][dowhy.causal_identifier.auto_identifier][INFO] - Instrumental variables for treatment and outcome:['X1', 'X5']
[2026-04-24 04:37:21,931][dowhy.causal_identifier.auto_identifier][INFO] - Frontdoor variables for treatment and outcome:[]
[2026-04-24 04:37:21,931][dowhy.causal_model][INFO] - linear_regression
[2026-04-24 04:37:21,931][dowhy.causal_estimator][INFO] - INFO: Using Linear Regression Estimator
[2026-04-24 04:37:21,932][dowhy.causal_estimator][INFO] - b: X8~X6+X6*X3+X6*X2
[2026-04-24 04:37:21,940][dowhy.causal_model][INFO] - Model to find the causal effect of treatment ['X6'] on outcome ['X9']
[2026-04-24 04:37:21,940][dowhy.causal_identifier.auto_identifier][WARNING] - No directed path from treatment to outcome. Causal Effect is zero.
[2026-04-24 04:37:21,940][dowhy.causal_model][INFO] - linear_regression
[2026-04-24 04:37:21,940][dowhy.causal_estimator][INFO] - INFO: Using Linear Regression Estimator
[2026-04-24 04:37:21,940][dowhy.causal_estimator][WARNING] - No directed path from ['X6'] to ['X9'].
[2026-04-24 04:37:21,942][dowhy.causal_model][INFO] - Model to find the causal effect of treatment ['X6'] on outcome ['X10']
[2026-04-24 04:37:21,945][dowhy.causal_identifier.auto_identifier][INFO] - Causal effect can be identified.
[2026-04-24 04:37:21,946][dowhy.causal_identifier.auto_identifier][INFO] - Instrumental variables for treatment and outcome:['X1', 'X5']
[2026-04-24 04:37:21,947][dowhy.causal_identifier.auto_identifier][INFO] - Frontdoor variables for treatment and outcome:[]
[2026-04-24 04:37:21,947][dowhy.causal_model][INFO] - linear_regression
[2026-04-24 04:37:21,947][dowhy.causal_estimator][INFO] - INFO: Using Linear Regression Estimator
[2026-04-24 04:37:21,947][dowhy.causal_estimator][INFO] - b: X10~X6+X6*X3+X6*X2
[2026-04-24 04:37:21,956][dowhy.causal_model][INFO] - Model to find the causal effect of treatment ['X6'] on outcome ['X11']
[2026-04-24 04:37:21,958][dowhy.causal_identifier.auto_identifier][INFO] - Causal effect can be identified.
[2026-04-24 04:37:21,959][dowhy.causal_identifier.auto_identifier][INFO] - Instrumental variables for treatment and outcome:['X1', 'X5']
[2026-04-24 04:37:21,961][dowhy.causal_identifier.auto_identifier][INFO] - Frontdoor variables for treatment and outcome:['X10', 'X8', 'X7']
[2026-04-24 04:37:21,964][dowhy.causal_identifier.auto_identifier][INFO] - Causal effect can be identified.
[2026-04-24 04:37:21,967][dowhy.causal_identifier.auto_identifier][INFO] - Causal effect can be identified.
[2026-04-24 04:37:21,968][dowhy.causal_model][INFO] - linear_regression
[2026-04-24 04:37:21,968][dowhy.causal_estimator][INFO] - INFO: Using Linear Regression Estimator
[2026-04-24 04:37:21,969][dowhy.causal_estimator][INFO] - b: X11~X6+X6*X4+X6*X3+X6*X2
[2026-04-24 04:37:22,020][dowhy.causal_model][INFO] - Model to find the causal effect of treatment ['X7'] on outcome ['X0']
[2026-04-24 04:37:22,020][dowhy.causal_identifier.auto_identifier][WARNING] - No directed path from treatment to outcome. Causal Effect is zero.
[2026-04-24 04:37:22,020][dowhy.causal_model][INFO] - linear_regression
[2026-04-24 04:37:22,020][dowhy.causal_estimator][INFO] - INFO: Using Linear Regression Estimator
[2026-04-24 04:37:22,020][dowhy.causal_estimator][WARNING] - No directed path from ['X7'] to ['X0'].
[2026-04-24 04:37:22,022][dowhy.causal_model][INFO] - Model to find the causal effect of treatment ['X7'] on outcome ['X1']
[2026-04-24 04:37:22,022][dowhy.causal_identifier.auto_identifier][WARNING] - No directed path from treatment to outcome. Causal Effect is zero.
[2026-04-24 04:37:22,022][dowhy.causal_model][INFO] - linear_regression
[2026-04-24 04:37:22,022][dowhy.causal_estimator][INFO] - INFO: Using Linear Regression Estimator
[2026-04-24 04:37:22,022][dowhy.causal_estimator][WARNING] - No directed path from ['X7'] to ['X1'].
[2026-04-24 04:37:22,024][dowhy.causal_model][INFO] - Model to find the causal effect of treatment ['X7'] on outcome ['X2']
[2026-04-24 04:37:22,024][dowhy.causal_identifier.auto_identifier][WARNING] - No directed path from treatment to outcome. Causal Effect is zero.
[2026-04-24 04:37:22,024][dowhy.causal_model][INFO] - linear_regression
[2026-04-24 04:37:22,024][dowhy.causal_estimator][INFO] - INFO: Using Linear Regression Estimator
[2026-04-24 04:37:22,024][dowhy.causal_estimator][WARNING] - No directed path from ['X7'] to ['X2'].
[2026-04-24 04:37:22,026][dowhy.causal_model][INFO] - Model to find the causal effect of treatment ['X7'] on outcome ['X3']
[2026-04-24 04:37:22,026][dowhy.causal_identifier.auto_identifier][WARNING] - No directed path from treatment to outcome. Causal Effect is zero.
[2026-04-24 04:37:22,026][dowhy.causal_model][INFO] - linear_regression
[2026-04-24 04:37:22,026][dowhy.causal_estimator][INFO] - INFO: Using Linear Regression Estimator
[2026-04-24 04:37:22,026][dowhy.causal_estimator][WARNING] - No directed path from ['X7'] to ['X3'].
[2026-04-24 04:37:22,028][dowhy.causal_model][INFO] - Model to find the causal effect of treatment ['X7'] on outcome ['X4']
[2026-04-24 04:37:22,028][dowhy.causal_identifier.auto_identifier][WARNING] - No directed path from treatment to outcome. Causal Effect is zero.
[2026-04-24 04:37:22,028][dowhy.causal_model][INFO] - linear_regression
[2026-04-24 04:37:22,028][dowhy.causal_estimator][INFO] - INFO: Using Linear Regression Estimator
[2026-04-24 04:37:22,028][dowhy.causal_estimator][WARNING] - No directed path from ['X7'] to ['X4'].
[2026-04-24 04:37:22,030][dowhy.causal_model][INFO] - Model to find the causal effect of treatment ['X7'] on outcome ['X5']
[2026-04-24 04:37:22,030][dowhy.causal_identifier.auto_identifier][WARNING] - No directed path from treatment to outcome. Causal Effect is zero.
[2026-04-24 04:37:22,030][dowhy.causal_model][INFO] - linear_regression
[2026-04-24 04:37:22,030][dowhy.causal_estimator][INFO] - INFO: Using Linear Regression Estimator
[2026-04-24 04:37:22,030][dowhy.causal_estimator][WARNING] - No directed path from ['X7'] to ['X5'].
[2026-04-24 04:37:22,031][dowhy.causal_model][INFO] - Model to find the causal effect of treatment ['X7'] on outcome ['X6']
[2026-04-24 04:37:22,031][dowhy.causal_identifier.auto_identifier][WARNING] - No directed path from treatment to outcome. Causal Effect is zero.
[2026-04-24 04:37:22,031][dowhy.causal_model][INFO] - linear_regression
[2026-04-24 04:37:22,031][dowhy.causal_estimator][INFO] - INFO: Using Linear Regression Estimator
[2026-04-24 04:37:22,031][dowhy.causal_estimator][WARNING] - No directed path from ['X7'] to ['X6'].
[2026-04-24 04:37:22,033][dowhy.causal_model][INFO] - Model to find the causal effect of treatment ['X7'] on outcome ['X8']
[2026-04-24 04:37:22,036][dowhy.causal_identifier.auto_identifier][INFO] - Causal effect can be identified.
[2026-04-24 04:37:22,036][dowhy.causal_identifier.auto_identifier][INFO] - Instrumental variables for treatment and outcome:['X2', 'X6']
[2026-04-24 04:37:22,037][dowhy.causal_identifier.auto_identifier][INFO] - Frontdoor variables for treatment and outcome:[]
[2026-04-24 04:37:22,037][dowhy.causal_model][INFO] - linear_regression
[2026-04-24 04:37:22,037][dowhy.causal_estimator][INFO] - INFO: Using Linear Regression Estimator
[2026-04-24 04:37:22,037][dowhy.causal_estimator][INFO] - b: X8~X7+X3
[2026-04-24 04:37:22,045][dowhy.causal_model][INFO] - Model to find the causal effect of treatment ['X7'] on outcome ['X9']
[2026-04-24 04:37:22,045][dowhy.causal_identifier.auto_identifier][WARNING] - No directed path from treatment to outcome. Causal Effect is zero.
[2026-04-24 04:37:22,045][dowhy.causal_model][INFO] - linear_regression
[2026-04-24 04:37:22,045][dowhy.causal_estimator][INFO] - INFO: Using Linear Regression Estimator
[2026-04-24 04:37:22,045][dowhy.causal_estimator][WARNING] - No directed path from ['X7'] to ['X9'].
[2026-04-24 04:37:22,047][dowhy.causal_model][INFO] - Model to find the causal effect of treatment ['X7'] on outcome ['X10']
[2026-04-24 04:37:22,050][dowhy.causal_identifier.auto_identifier][INFO] - Causal effect can be identified.
[2026-04-24 04:37:22,050][dowhy.causal_identifier.auto_identifier][INFO] - Instrumental variables for treatment and outcome:['X3', 'X6']
[2026-04-24 04:37:22,051][dowhy.causal_identifier.auto_identifier][INFO] - Frontdoor variables for treatment and outcome:[]
[2026-04-24 04:37:22,051][dowhy.causal_model][INFO] - linear_regression
[2026-04-24 04:37:22,051][dowhy.causal_estimator][INFO] - INFO: Using Linear Regression Estimator
[2026-04-24 04:37:22,051][dowhy.causal_estimator][INFO] - b: X10~X7+X2
[2026-04-24 04:37:22,059][dowhy.causal_model][INFO] - Model to find the causal effect of treatment ['X7'] on outcome ['X11']
[2026-04-24 04:37:22,061][dowhy.causal_identifier.auto_identifier][INFO] - Causal effect can be identified.
[2026-04-24 04:37:22,062][dowhy.causal_identifier.auto_identifier][INFO] - Instrumental variables for treatment and outcome:['X2', 'X6']
[2026-04-24 04:37:22,062][dowhy.causal_identifier.auto_identifier][INFO] - Frontdoor variables for treatment and outcome:[]
[2026-04-24 04:37:22,063][dowhy.causal_model][INFO] - linear_regression
[2026-04-24 04:37:22,063][dowhy.causal_estimator][INFO] - INFO: Using Linear Regression Estimator
[2026-04-24 04:37:22,063][dowhy.causal_estimator][INFO] - b: X11~X7+X3+X7*X4
[2026-04-24 04:37:22,107][dowhy.causal_model][INFO] - Model to find the causal effect of treatment ['X8'] on outcome ['X0']
[2026-04-24 04:37:22,107][dowhy.causal_identifier.auto_identifier][WARNING] - No directed path from treatment to outcome. Causal Effect is zero.
[2026-04-24 04:37:22,107][dowhy.causal_model][INFO] - linear_regression
[2026-04-24 04:37:22,107][dowhy.causal_estimator][INFO] - INFO: Using Linear Regression Estimator
[2026-04-24 04:37:22,107][dowhy.causal_estimator][WARNING] - No directed path from ['X8'] to ['X0'].
[2026-04-24 04:37:22,109][dowhy.causal_model][INFO] - Model to find the causal effect of treatment ['X8'] on outcome ['X1']
[2026-04-24 04:37:22,109][dowhy.causal_identifier.auto_identifier][WARNING] - No directed path from treatment to outcome. Causal Effect is zero.
[2026-04-24 04:37:22,109][dowhy.causal_model][INFO] - linear_regression
[2026-04-24 04:37:22,109][dowhy.causal_estimator][INFO] - INFO: Using Linear Regression Estimator
[2026-04-24 04:37:22,109][dowhy.causal_estimator][WARNING] - No directed path from ['X8'] to ['X1'].
[2026-04-24 04:37:22,111][dowhy.causal_model][INFO] - Model to find the causal effect of treatment ['X8'] on outcome ['X2']
[2026-04-24 04:37:22,111][dowhy.causal_identifier.auto_identifier][WARNING] - No directed path from treatment to outcome. Causal Effect is zero.
[2026-04-24 04:37:22,111][dowhy.causal_model][INFO] - linear_regression
[2026-04-24 04:37:22,111][dowhy.causal_estimator][INFO] - INFO: Using Linear Regression Estimator
[2026-04-24 04:37:22,111][dowhy.causal_estimator][WARNING] - No directed path from ['X8'] to ['X2'].
[2026-04-24 04:37:22,113][dowhy.causal_model][INFO] - Model to find the causal effect of treatment ['X8'] on outcome ['X3']
[2026-04-24 04:37:22,113][dowhy.causal_identifier.auto_identifier][WARNING] - No directed path from treatment to outcome. Causal Effect is zero.
[2026-04-24 04:37:22,113][dowhy.causal_model][INFO] - linear_regression
[2026-04-24 04:37:22,113][dowhy.causal_estimator][INFO] - INFO: Using Linear Regression Estimator
[2026-04-24 04:37:22,113][dowhy.causal_estimator][WARNING] - No directed path from ['X8'] to ['X3'].
[2026-04-24 04:37:22,114][dowhy.causal_model][INFO] - Model to find the causal effect of treatment ['X8'] on outcome ['X4']
[2026-04-24 04:37:22,114][dowhy.causal_identifier.auto_identifier][WARNING] - No directed path from treatment to outcome. Causal Effect is zero.
[2026-04-24 04:37:22,114][dowhy.causal_model][INFO] - linear_regression
[2026-04-24 04:37:22,115][dowhy.causal_estimator][INFO] - INFO: Using Linear Regression Estimator
[2026-04-24 04:37:22,115][dowhy.causal_estimator][WARNING] - No directed path from ['X8'] to ['X4'].
[2026-04-24 04:37:22,116][dowhy.causal_model][INFO] - Model to find the causal effect of treatment ['X8'] on outcome ['X5']
[2026-04-24 04:37:22,116][dowhy.causal_identifier.auto_identifier][WARNING] - No directed path from treatment to outcome. Causal Effect is zero.
[2026-04-24 04:37:22,116][dowhy.causal_model][INFO] - linear_regression
[2026-04-24 04:37:22,116][dowhy.causal_estimator][INFO] - INFO: Using Linear Regression Estimator
[2026-04-24 04:37:22,116][dowhy.causal_estimator][WARNING] - No directed path from ['X8'] to ['X5'].
[2026-04-24 04:37:22,118][dowhy.causal_model][INFO] - Model to find the causal effect of treatment ['X8'] on outcome ['X6']
[2026-04-24 04:37:22,118][dowhy.causal_identifier.auto_identifier][WARNING] - No directed path from treatment to outcome. Causal Effect is zero.
[2026-04-24 04:37:22,118][dowhy.causal_model][INFO] - linear_regression
[2026-04-24 04:37:22,118][dowhy.causal_estimator][INFO] - INFO: Using Linear Regression Estimator
[2026-04-24 04:37:22,118][dowhy.causal_estimator][WARNING] - No directed path from ['X8'] to ['X6'].
[2026-04-24 04:37:22,120][dowhy.causal_model][INFO] - Model to find the causal effect of treatment ['X8'] on outcome ['X7']
[2026-04-24 04:37:22,120][dowhy.causal_identifier.auto_identifier][WARNING] - No directed path from treatment to outcome. Causal Effect is zero.
[2026-04-24 04:37:22,120][dowhy.causal_model][INFO] - linear_regression
[2026-04-24 04:37:22,120][dowhy.causal_estimator][INFO] - INFO: Using Linear Regression Estimator
[2026-04-24 04:37:22,120][dowhy.causal_estimator][WARNING] - No directed path from ['X8'] to ['X7'].
[2026-04-24 04:37:22,122][dowhy.causal_model][INFO] - Model to find the causal effect of treatment ['X8'] on outcome ['X9']
[2026-04-24 04:37:22,122][dowhy.causal_identifier.auto_identifier][WARNING] - No directed path from treatment to outcome. Causal Effect is zero.
[2026-04-24 04:37:22,122][dowhy.causal_model][INFO] - linear_regression
[2026-04-24 04:37:22,122][dowhy.causal_estimator][INFO] - INFO: Using Linear Regression Estimator
[2026-04-24 04:37:22,122][dowhy.causal_estimator][WARNING] - No directed path from ['X8'] to ['X9'].
[2026-04-24 04:37:22,124][dowhy.causal_model][INFO] - Model to find the causal effect of treatment ['X8'] on outcome ['X10']
[2026-04-24 04:37:22,124][dowhy.causal_identifier.auto_identifier][WARNING] - No directed path from treatment to outcome. Causal Effect is zero.
[2026-04-24 04:37:22,124][dowhy.causal_model][INFO] - linear_regression
[2026-04-24 04:37:22,124][dowhy.causal_estimator][INFO] - INFO: Using Linear Regression Estimator
[2026-04-24 04:37:22,124][dowhy.causal_estimator][WARNING] - No directed path from ['X8'] to ['X10'].
[2026-04-24 04:37:22,126][dowhy.causal_model][INFO] - Model to find the causal effect of treatment ['X8'] on outcome ['X11']
[2026-04-24 04:37:22,129][dowhy.causal_identifier.auto_identifier][INFO] - Causal effect can be identified.
[2026-04-24 04:37:22,130][dowhy.causal_identifier.auto_identifier][INFO] - Instrumental variables for treatment and outcome:['X3', 'X7']
[2026-04-24 04:37:22,131][dowhy.causal_identifier.auto_identifier][INFO] - Frontdoor variables for treatment and outcome:[]
[2026-04-24 04:37:22,131][dowhy.causal_model][INFO] - linear_regression
[2026-04-24 04:37:22,131][dowhy.causal_estimator][INFO] - INFO: Using Linear Regression Estimator
[2026-04-24 04:37:22,131][dowhy.causal_estimator][INFO] - b: X11~X8+X8*X4
[2026-04-24 04:37:22,180][dowhy.causal_model][INFO] - Model to find the causal effect of treatment ['X9'] on outcome ['X0']
[2026-04-24 04:37:22,180][dowhy.causal_identifier.auto_identifier][WARNING] - No directed path from treatment to outcome. Causal Effect is zero.
[2026-04-24 04:37:22,180][dowhy.causal_model][INFO] - linear_regression
[2026-04-24 04:37:22,180][dowhy.causal_estimator][INFO] - INFO: Using Linear Regression Estimator
[2026-04-24 04:37:22,180][dowhy.causal_estimator][WARNING] - No directed path from ['X9'] to ['X0'].
[2026-04-24 04:37:22,182][dowhy.causal_model][INFO] - Model to find the causal effect of treatment ['X9'] on outcome ['X1']
[2026-04-24 04:37:22,182][dowhy.causal_identifier.auto_identifier][WARNING] - No directed path from treatment to outcome. Causal Effect is zero.
[2026-04-24 04:37:22,182][dowhy.causal_model][INFO] - linear_regression
[2026-04-24 04:37:22,182][dowhy.causal_estimator][INFO] - INFO: Using Linear Regression Estimator
[2026-04-24 04:37:22,182][dowhy.causal_estimator][WARNING] - No directed path from ['X9'] to ['X1'].
[2026-04-24 04:37:22,184][dowhy.causal_model][INFO] - Model to find the causal effect of treatment ['X9'] on outcome ['X2']
[2026-04-24 04:37:22,184][dowhy.causal_identifier.auto_identifier][WARNING] - No directed path from treatment to outcome. Causal Effect is zero.
[2026-04-24 04:37:22,184][dowhy.causal_model][INFO] - linear_regression
[2026-04-24 04:37:22,184][dowhy.causal_estimator][INFO] - INFO: Using Linear Regression Estimator
[2026-04-24 04:37:22,184][dowhy.causal_estimator][WARNING] - No directed path from ['X9'] to ['X2'].
[2026-04-24 04:37:22,186][dowhy.causal_model][INFO] - Model to find the causal effect of treatment ['X9'] on outcome ['X3']
[2026-04-24 04:37:22,186][dowhy.causal_identifier.auto_identifier][WARNING] - No directed path from treatment to outcome. Causal Effect is zero.
[2026-04-24 04:37:22,186][dowhy.causal_model][INFO] - linear_regression
[2026-04-24 04:37:22,186][dowhy.causal_estimator][INFO] - INFO: Using Linear Regression Estimator
[2026-04-24 04:37:22,186][dowhy.causal_estimator][WARNING] - No directed path from ['X9'] to ['X3'].
[2026-04-24 04:37:22,188][dowhy.causal_model][INFO] - Model to find the causal effect of treatment ['X9'] on outcome ['X4']
[2026-04-24 04:37:22,188][dowhy.causal_identifier.auto_identifier][WARNING] - No directed path from treatment to outcome. Causal Effect is zero.
[2026-04-24 04:37:22,188][dowhy.causal_model][INFO] - linear_regression
[2026-04-24 04:37:22,188][dowhy.causal_estimator][INFO] - INFO: Using Linear Regression Estimator
[2026-04-24 04:37:22,188][dowhy.causal_estimator][WARNING] - No directed path from ['X9'] to ['X4'].
[2026-04-24 04:37:22,190][dowhy.causal_model][INFO] - Model to find the causal effect of treatment ['X9'] on outcome ['X5']
[2026-04-24 04:37:22,190][dowhy.causal_identifier.auto_identifier][WARNING] - No directed path from treatment to outcome. Causal Effect is zero.
[2026-04-24 04:37:22,190][dowhy.causal_model][INFO] - linear_regression
[2026-04-24 04:37:22,190][dowhy.causal_estimator][INFO] - INFO: Using Linear Regression Estimator
[2026-04-24 04:37:22,190][dowhy.causal_estimator][WARNING] - No directed path from ['X9'] to ['X5'].
[2026-04-24 04:37:22,192][dowhy.causal_model][INFO] - Model to find the causal effect of treatment ['X9'] on outcome ['X6']
[2026-04-24 04:37:22,192][dowhy.causal_identifier.auto_identifier][WARNING] - No directed path from treatment to outcome. Causal Effect is zero.
[2026-04-24 04:37:22,192][dowhy.causal_model][INFO] - linear_regression
[2026-04-24 04:37:22,192][dowhy.causal_estimator][INFO] - INFO: Using Linear Regression Estimator
[2026-04-24 04:37:22,192][dowhy.causal_estimator][WARNING] - No directed path from ['X9'] to ['X6'].
[2026-04-24 04:37:22,261][dowhy.causal_model][INFO] - Model to find the causal effect of treatment ['X9'] on outcome ['X7']
[2026-04-24 04:37:22,261][dowhy.causal_identifier.auto_identifier][WARNING] - No directed path from treatment to outcome. Causal Effect is zero.
[2026-04-24 04:37:22,261][dowhy.causal_model][INFO] - linear_regression
[2026-04-24 04:37:22,261][dowhy.causal_estimator][INFO] - INFO: Using Linear Regression Estimator
[2026-04-24 04:37:22,261][dowhy.causal_estimator][WARNING] - No directed path from ['X9'] to ['X7'].
[2026-04-24 04:37:22,263][dowhy.causal_model][INFO] - Model to find the causal effect of treatment ['X9'] on outcome ['X8']
[2026-04-24 04:37:22,264][dowhy.causal_identifier.auto_identifier][WARNING] - No directed path from treatment to outcome. Causal Effect is zero.
[2026-04-24 04:37:22,264][dowhy.causal_model][INFO] - linear_regression
[2026-04-24 04:37:22,264][dowhy.causal_estimator][INFO] - INFO: Using Linear Regression Estimator
[2026-04-24 04:37:22,264][dowhy.causal_estimator][WARNING] - No directed path from ['X9'] to ['X8'].
[2026-04-24 04:37:22,265][dowhy.causal_model][INFO] - Model to find the causal effect of treatment ['X9'] on outcome ['X10']
[2026-04-24 04:37:22,265][dowhy.causal_identifier.auto_identifier][WARNING] - No directed path from treatment to outcome. Causal Effect is zero.
[2026-04-24 04:37:22,266][dowhy.causal_model][INFO] - linear_regression
[2026-04-24 04:37:22,266][dowhy.causal_estimator][INFO] - INFO: Using Linear Regression Estimator
[2026-04-24 04:37:22,266][dowhy.causal_estimator][WARNING] - No directed path from ['X9'] to ['X10'].
[2026-04-24 04:37:22,267][dowhy.causal_model][INFO] - Model to find the causal effect of treatment ['X9'] on outcome ['X11']
[2026-04-24 04:37:22,267][dowhy.causal_identifier.auto_identifier][WARNING] - No directed path from treatment to outcome. Causal Effect is zero.
[2026-04-24 04:37:22,267][dowhy.causal_model][INFO] - linear_regression
[2026-04-24 04:37:22,268][dowhy.causal_estimator][INFO] - INFO: Using Linear Regression Estimator
[2026-04-24 04:37:22,268][dowhy.causal_estimator][WARNING] - No directed path from ['X9'] to ['X11'].
[2026-04-24 04:37:22,305][dowhy.causal_model][INFO] - Model to find the causal effect of treatment ['X10'] on outcome ['X0']
[2026-04-24 04:37:22,305][dowhy.causal_identifier.auto_identifier][WARNING] - No directed path from treatment to outcome. Causal Effect is zero.
[2026-04-24 04:37:22,306][dowhy.causal_model][INFO] - linear_regression
[2026-04-24 04:37:22,306][dowhy.causal_estimator][INFO] - INFO: Using Linear Regression Estimator
[2026-04-24 04:37:22,306][dowhy.causal_estimator][WARNING] - No directed path from ['X10'] to ['X0'].
[2026-04-24 04:37:22,307][dowhy.causal_model][INFO] - Model to find the causal effect of treatment ['X10'] on outcome ['X1']
[2026-04-24 04:37:22,307][dowhy.causal_identifier.auto_identifier][WARNING] - No directed path from treatment to outcome. Causal Effect is zero.
[2026-04-24 04:37:22,307][dowhy.causal_model][INFO] - linear_regression
[2026-04-24 04:37:22,307][dowhy.causal_estimator][INFO] - INFO: Using Linear Regression Estimator
[2026-04-24 04:37:22,307][dowhy.causal_estimator][WARNING] - No directed path from ['X10'] to ['X1'].
[2026-04-24 04:37:22,309][dowhy.causal_model][INFO] - Model to find the causal effect of treatment ['X10'] on outcome ['X2']
[2026-04-24 04:37:22,309][dowhy.causal_identifier.auto_identifier][WARNING] - No directed path from treatment to outcome. Causal Effect is zero.
[2026-04-24 04:37:22,309][dowhy.causal_model][INFO] - linear_regression
[2026-04-24 04:37:22,309][dowhy.causal_estimator][INFO] - INFO: Using Linear Regression Estimator
[2026-04-24 04:37:22,309][dowhy.causal_estimator][WARNING] - No directed path from ['X10'] to ['X2'].
[2026-04-24 04:37:22,311][dowhy.causal_model][INFO] - Model to find the causal effect of treatment ['X10'] on outcome ['X3']
[2026-04-24 04:37:22,311][dowhy.causal_identifier.auto_identifier][WARNING] - No directed path from treatment to outcome. Causal Effect is zero.
[2026-04-24 04:37:22,311][dowhy.causal_model][INFO] - linear_regression
[2026-04-24 04:37:22,311][dowhy.causal_estimator][INFO] - INFO: Using Linear Regression Estimator
[2026-04-24 04:37:22,311][dowhy.causal_estimator][WARNING] - No directed path from ['X10'] to ['X3'].
[2026-04-24 04:37:22,313][dowhy.causal_model][INFO] - Model to find the causal effect of treatment ['X10'] on outcome ['X4']
[2026-04-24 04:37:22,313][dowhy.causal_identifier.auto_identifier][WARNING] - No directed path from treatment to outcome. Causal Effect is zero.
[2026-04-24 04:37:22,313][dowhy.causal_model][INFO] - linear_regression
[2026-04-24 04:37:22,313][dowhy.causal_estimator][INFO] - INFO: Using Linear Regression Estimator
[2026-04-24 04:37:22,313][dowhy.causal_estimator][WARNING] - No directed path from ['X10'] to ['X4'].
[2026-04-24 04:37:22,315][dowhy.causal_model][INFO] - Model to find the causal effect of treatment ['X10'] on outcome ['X5']
[2026-04-24 04:37:22,315][dowhy.causal_identifier.auto_identifier][WARNING] - No directed path from treatment to outcome. Causal Effect is zero.
[2026-04-24 04:37:22,315][dowhy.causal_model][INFO] - linear_regression
[2026-04-24 04:37:22,315][dowhy.causal_estimator][INFO] - INFO: Using Linear Regression Estimator
[2026-04-24 04:37:22,315][dowhy.causal_estimator][WARNING] - No directed path from ['X10'] to ['X5'].
[2026-04-24 04:37:22,316][dowhy.causal_model][INFO] - Model to find the causal effect of treatment ['X10'] on outcome ['X6']
[2026-04-24 04:37:22,316][dowhy.causal_identifier.auto_identifier][WARNING] - No directed path from treatment to outcome. Causal Effect is zero.
[2026-04-24 04:37:22,316][dowhy.causal_model][INFO] - linear_regression
[2026-04-24 04:37:22,317][dowhy.causal_estimator][INFO] - INFO: Using Linear Regression Estimator
[2026-04-24 04:37:22,317][dowhy.causal_estimator][WARNING] - No directed path from ['X10'] to ['X6'].
[2026-04-24 04:37:22,318][dowhy.causal_model][INFO] - Model to find the causal effect of treatment ['X10'] on outcome ['X7']
[2026-04-24 04:37:22,318][dowhy.causal_identifier.auto_identifier][WARNING] - No directed path from treatment to outcome. Causal Effect is zero.
[2026-04-24 04:37:22,318][dowhy.causal_model][INFO] - linear_regression
[2026-04-24 04:37:22,318][dowhy.causal_estimator][INFO] - INFO: Using Linear Regression Estimator
[2026-04-24 04:37:22,318][dowhy.causal_estimator][WARNING] - No directed path from ['X10'] to ['X7'].
[2026-04-24 04:37:22,320][dowhy.causal_model][INFO] - Model to find the causal effect of treatment ['X10'] on outcome ['X8']
[2026-04-24 04:37:22,320][dowhy.causal_identifier.auto_identifier][WARNING] - No directed path from treatment to outcome. Causal Effect is zero.
[2026-04-24 04:37:22,320][dowhy.causal_model][INFO] - linear_regression
[2026-04-24 04:37:22,320][dowhy.causal_estimator][INFO] - INFO: Using Linear Regression Estimator
[2026-04-24 04:37:22,320][dowhy.causal_estimator][WARNING] - No directed path from ['X10'] to ['X8'].
[2026-04-24 04:37:22,322][dowhy.causal_model][INFO] - Model to find the causal effect of treatment ['X10'] on outcome ['X9']
[2026-04-24 04:37:22,322][dowhy.causal_identifier.auto_identifier][WARNING] - No directed path from treatment to outcome. Causal Effect is zero.
[2026-04-24 04:37:22,322][dowhy.causal_model][INFO] - linear_regression
[2026-04-24 04:37:22,322][dowhy.causal_estimator][INFO] - INFO: Using Linear Regression Estimator
[2026-04-24 04:37:22,322][dowhy.causal_estimator][WARNING] - No directed path from ['X10'] to ['X9'].
[2026-04-24 04:37:22,323][dowhy.causal_model][INFO] - Model to find the causal effect of treatment ['X10'] on outcome ['X11']
[2026-04-24 04:37:22,324][dowhy.causal_identifier.auto_identifier][WARNING] - No directed path from treatment to outcome. Causal Effect is zero.
[2026-04-24 04:37:22,324][dowhy.causal_model][INFO] - linear_regression
[2026-04-24 04:37:22,324][dowhy.causal_estimator][INFO] - INFO: Using Linear Regression Estimator
[2026-04-24 04:37:22,324][dowhy.causal_estimator][WARNING] - No directed path from ['X10'] to ['X11'].
[2026-04-24 04:37:22,358][dowhy.causal_model][INFO] - Model to find the causal effect of treatment ['X11'] on outcome ['X0']
[2026-04-24 04:37:22,358][dowhy.causal_identifier.auto_identifier][WARNING] - No directed path from treatment to outcome. Causal Effect is zero.
[2026-04-24 04:37:22,358][dowhy.causal_model][INFO] - linear_regression
[2026-04-24 04:37:22,358][dowhy.causal_estimator][INFO] - INFO: Using Linear Regression Estimator
[2026-04-24 04:37:22,358][dowhy.causal_estimator][WARNING] - No directed path from ['X11'] to ['X0'].
[2026-04-24 04:37:22,360][dowhy.causal_model][INFO] - Model to find the causal effect of treatment ['X11'] on outcome ['X1']
[2026-04-24 04:37:22,360][dowhy.causal_identifier.auto_identifier][WARNING] - No directed path from treatment to outcome. Causal Effect is zero.
[2026-04-24 04:37:22,360][dowhy.causal_model][INFO] - linear_regression
[2026-04-24 04:37:22,360][dowhy.causal_estimator][INFO] - INFO: Using Linear Regression Estimator
[2026-04-24 04:37:22,360][dowhy.causal_estimator][WARNING] - No directed path from ['X11'] to ['X1'].
[2026-04-24 04:37:22,362][dowhy.causal_model][INFO] - Model to find the causal effect of treatment ['X11'] on outcome ['X2']
[2026-04-24 04:37:22,362][dowhy.causal_identifier.auto_identifier][WARNING] - No directed path from treatment to outcome. Causal Effect is zero.
[2026-04-24 04:37:22,362][dowhy.causal_model][INFO] - linear_regression
[2026-04-24 04:37:22,362][dowhy.causal_estimator][INFO] - INFO: Using Linear Regression Estimator
[2026-04-24 04:37:22,362][dowhy.causal_estimator][WARNING] - No directed path from ['X11'] to ['X2'].
[2026-04-24 04:37:22,364][dowhy.causal_model][INFO] - Model to find the causal effect of treatment ['X11'] on outcome ['X3']
[2026-04-24 04:37:22,364][dowhy.causal_identifier.auto_identifier][WARNING] - No directed path from treatment to outcome. Causal Effect is zero.
[2026-04-24 04:37:22,364][dowhy.causal_model][INFO] - linear_regression
[2026-04-24 04:37:22,364][dowhy.causal_estimator][INFO] - INFO: Using Linear Regression Estimator
[2026-04-24 04:37:22,364][dowhy.causal_estimator][WARNING] - No directed path from ['X11'] to ['X3'].
[2026-04-24 04:37:22,366][dowhy.causal_model][INFO] - Model to find the causal effect of treatment ['X11'] on outcome ['X4']
[2026-04-24 04:37:22,366][dowhy.causal_identifier.auto_identifier][WARNING] - No directed path from treatment to outcome. Causal Effect is zero.
[2026-04-24 04:37:22,366][dowhy.causal_model][INFO] - linear_regression
[2026-04-24 04:37:22,366][dowhy.causal_estimator][INFO] - INFO: Using Linear Regression Estimator
[2026-04-24 04:37:22,366][dowhy.causal_estimator][WARNING] - No directed path from ['X11'] to ['X4'].
[2026-04-24 04:37:22,368][dowhy.causal_model][INFO] - Model to find the causal effect of treatment ['X11'] on outcome ['X5']
[2026-04-24 04:37:22,368][dowhy.causal_identifier.auto_identifier][WARNING] - No directed path from treatment to outcome. Causal Effect is zero.
[2026-04-24 04:37:22,368][dowhy.causal_model][INFO] - linear_regression
[2026-04-24 04:37:22,368][dowhy.causal_estimator][INFO] - INFO: Using Linear Regression Estimator
[2026-04-24 04:37:22,368][dowhy.causal_estimator][WARNING] - No directed path from ['X11'] to ['X5'].
[2026-04-24 04:37:22,370][dowhy.causal_model][INFO] - Model to find the causal effect of treatment ['X11'] on outcome ['X6']
[2026-04-24 04:37:22,370][dowhy.causal_identifier.auto_identifier][WARNING] - No directed path from treatment to outcome. Causal Effect is zero.
[2026-04-24 04:37:22,370][dowhy.causal_model][INFO] - linear_regression
[2026-04-24 04:37:22,370][dowhy.causal_estimator][INFO] - INFO: Using Linear Regression Estimator
[2026-04-24 04:37:22,370][dowhy.causal_estimator][WARNING] - No directed path from ['X11'] to ['X6'].
[2026-04-24 04:37:22,372][dowhy.causal_model][INFO] - Model to find the causal effect of treatment ['X11'] on outcome ['X7']
[2026-04-24 04:37:22,372][dowhy.causal_identifier.auto_identifier][WARNING] - No directed path from treatment to outcome. Causal Effect is zero.
[2026-04-24 04:37:22,372][dowhy.causal_model][INFO] - linear_regression
[2026-04-24 04:37:22,372][dowhy.causal_estimator][INFO] - INFO: Using Linear Regression Estimator
[2026-04-24 04:37:22,372][dowhy.causal_estimator][WARNING] - No directed path from ['X11'] to ['X7'].
[2026-04-24 04:37:22,374][dowhy.causal_model][INFO] - Model to find the causal effect of treatment ['X11'] on outcome ['X8']
[2026-04-24 04:37:22,374][dowhy.causal_identifier.auto_identifier][WARNING] - No directed path from treatment to outcome. Causal Effect is zero.
[2026-04-24 04:37:22,374][dowhy.causal_model][INFO] - linear_regression
[2026-04-24 04:37:22,374][dowhy.causal_estimator][INFO] - INFO: Using Linear Regression Estimator
[2026-04-24 04:37:22,374][dowhy.causal_estimator][WARNING] - No directed path from ['X11'] to ['X8'].
[2026-04-24 04:37:22,376][dowhy.causal_model][INFO] - Model to find the causal effect of treatment ['X11'] on outcome ['X9']
[2026-04-24 04:37:22,376][dowhy.causal_identifier.auto_identifier][WARNING] - No directed path from treatment to outcome. Causal Effect is zero.
[2026-04-24 04:37:22,376][dowhy.causal_model][INFO] - linear_regression
[2026-04-24 04:37:22,376][dowhy.causal_estimator][INFO] - INFO: Using Linear Regression Estimator
[2026-04-24 04:37:22,376][dowhy.causal_estimator][WARNING] - No directed path from ['X11'] to ['X9'].
[2026-04-24 04:37:22,378][dowhy.causal_model][INFO] - Model to find the causal effect of treatment ['X11'] on outcome ['X10']
[2026-04-24 04:37:22,378][dowhy.causal_identifier.auto_identifier][WARNING] - No directed path from treatment to outcome. Causal Effect is zero.
[2026-04-24 04:37:22,378][dowhy.causal_model][INFO] - linear_regression
[2026-04-24 04:37:22,378][dowhy.causal_estimator][INFO] - INFO: Using Linear Regression Estimator
[2026-04-24 04:37:22,378][dowhy.causal_estimator][WARNING] - No directed path from ['X11'] to ['X10'].
