input_0,input_1,input_2,act_1_act1_0,act_1_act1_1,act_1_act1_2,act_1_act1_3,act_1_act1_4,act_1_act1_5,act_1_act1_6,act_1_act1_7,act_1_act1_8,act_1_act1_9,act_1_act1_10,act_1_act1_11,act_1_act1_12,act_1_act1_13,act_1_act1_14,act_1_act1_15,act_1_act1_16,act_1_act1_17,act_1_act1_18,act_1_act1_19,act_1_act1_20,act_1_act1_21,act_1_act1_22,act_1_act1_23,act_1_act1_24,act_1_act1_25,act_1_act1_26,act_1_act1_27,act_1_act1_28,act_1_act1_29,act_1_act1_30,act_1_act1_31,act_2_act2_0,act_2_act2_1,act_2_act2_2,act_2_act2_3,act_2_act2_4,act_2_act2_5,act_2_act2_6,act_2_act2_7,act_2_act2_8,act_2_act2_9,act_2_act2_10,act_2_act2_11,act_2_act2_12,act_2_act2_13,act_2_act2_14,act_2_act2_15,act_2_act2_16,act_2_act2_17,act_2_act2_18,act_2_act2_19,act_2_act2_20,act_2_act2_21,act_2_act2_22,act_2_act2_23,act_2_act2_24,act_2_act2_25,act_2_act2_26,act_2_act2_27,act_2_act2_28,act_2_act2_29,act_2_act2_30,act_2_act2_31,output_0,output_1,output_2
-1.4855344,1.2141132,0.48339173,0.0,0.14794528,0.0,0.6962227,0.8640566,0.0,0.33680576,0.48359156,0.5259689,0.13432443,0.74787056,0.0139938295,0.0,0.160599,0.58319527,0.0,0.27416825,7.3399395e-05,0.0,0.0,0.0,0.5040033,0.0,0.0,1.0199213,0.051555693,0.0,0.0,0.0,0.0,0.0,0.92508894,0.37929532,0.0,0.3831427,0.09770386,0.08126316,0.1732188,0.0,0.3095621,0.12993373,0.15888867,0.1303313,0.07119418,0.0,0.1959474,0.0,0.021701284,0.0,0.26318377,0.083202496,0.027434334,0.13951407,0.13717367,0.0,0.2221598,0.0,0.0,0.25198105,0.0,0.3946489,0.0,0.0,0.0,0.22858629,0.07653758,-0.04624836
-1.4479983,1.0477911,0.33943442,0.0,0.081159204,0.0,0.6683587,0.76343656,0.0,0.30888987,0.42817208,0.51721334,0.22877364,0.765458,0.06054753,0.0,0.24521208,0.5277775,0.0,0.18976389,0.0,0.0,0.0,0.0,0.42910317,0.0,0.0,0.98974955,0.11357309,0.0,0.05561763,0.0,0.0,0.0,0.81550187,0.33813548,0.0,0.33134276,0.112892166,0.11068666,0.19944838,0.0,0.2890922,0.11709495,0.1564731,0.1827799,0.11226322,0.0,0.17923202,0.0,0.0,0.0,0.24456397,0.06937117,0.035680488,0.13505268,0.15341766,0.0,0.18879364,0.0,0.0,0.24227943,0.0,0.35496536,0.0,0.017303966,0.0,0.167287,0.054032754,-0.028770272
-0.2811545,0.31381258,-0.87513745,0.0,0.0,0.0,0.049085118,0.06909962,0.20615497,0.2503981,0.0,0.48773772,0.5546792,0.21180928,0.7390089,0.0,0.5934403,0.38211685,0.0,0.0,0.0,0.0,0.0,0.0,0.5814397,0.0,0.0,0.5717114,0.7292515,0.0,0.24914834,0.2408117,0.0,0.0,0.15638876,0.0,0.0,0.0,0.1856642,0.27189654,0.46427274,0.0,0.026988998,0.0,0.020403627,0.49296305,0.53092486,0.0042832345,0.24258633,0.1789949,0.0,0.0,0.3243866,0.0,0.0,0.0,0.35026425,0.25939953,0.0,0.0,0.042036436,0.37118736,0.0,0.017276987,0.0,0.33268386,0.0,-0.3329521,-0.15639867,0.10055236
-1.4112241,1.4096049,1.0778645,0.0,0.27351102,0.0,0.66488457,0.97039926,0.0,0.089518905,0.72845924,0.49493176,0.0,0.74653214,0.0,0.0,0.0,0.74223036,0.0,0.5392926,0.28310543,0.0,0.24126858,0.0,0.633313,0.0,0.0,0.9965358,0.0,0.0,0.0,0.0,0.0,0.0,1.2328464,0.5724289,0.0,0.49239513,0.0,0.0,0.05743891,0.0,0.23277126,0.22885458,0.1464825,0.0,0.0,0.0,0.18287717,0.0,0.15149151,0.0,0.26205164,0.14745635,0.059101548,0.17895663,0.0,0.0,0.360707,0.0,0.0,0.18689407,0.0,0.47910225,0.0,0.0,0.0,0.43856972,0.16498472,-0.095214404
-1.1205099,1.5740232,0.7795353,0.0,0.26264283,0.0,0.5326588,0.9789244,0.0,0.28454655,0.58025587,0.5281426,0.0,0.47467622,0.039260596,0.0,0.0,0.7876189,0.0,0.44383222,0.36397046,0.0,0.18456995,0.0,0.87351406,0.0,0.0,0.94586277,0.0,0.0,0.0,0.0,0.0,0.0,1.1822128,0.46734875,0.0,0.46065655,0.039904352,0.0,0.2041714,0.0,0.26497963,0.17955522,0.10915929,0.0,0.0,0.0,0.21729957,0.0,0.14313117,0.0,0.29563382,0.08095167,0.02490469,0.1633566,0.042506717,0.0,0.27578068,0.0,0.0,0.24843428,0.0,0.4760591,0.0,0.055376425,0.0,0.35854268,0.13219488,-0.06862153
1.4729851,-0.7226992,-1.2348506,0.0,0.0,0.0,0.0,0.0,0.34997302,0.0,0.0,0.32537767,0.47952008,0.0,1.2523582,0.44924384,0.3501922,0.42280743,0.0,0.0,0.0,0.0,0.0,0.5985048,0.8023879,0.9876111,0.64979285,0.0,0.89533556,0.0,0.6538707,0.86361337,0.7741046,0.0,0.0,0.0,0.19405325,0.0,0.37925297,0.20390731,0.49812597,0.0,0.0,0.0,0.0,0.29575914,0.8074271,0.15659632,0.21651603,0.4538321,0.0,0.04892171,0.27845937,0.0,0.0,0.0,0.36782512,0.32602316,0.0,0.0,0.0,0.62859446,0.0,0.0,0.0,0.21862622,0.0,-0.39679807,-0.27967387,0.14308502
-0.07732066,0.1268174,-0.43882614,0.0,0.0,0.0,0.0,0.0,0.054344155,0.0,0.08620219,0.41996408,0.3895648,0.26134965,0.6260882,0.0,0.32703444,0.4509187,0.0,0.0,0.0,0.0,0.0,0.0,0.5529901,0.017588986,0.057914257,0.4565685,0.49312586,0.0,0.38414896,0.31517723,0.0,0.0,0.28459406,0.0,0.0,0.025589153,0.15057835,0.18615593,0.385557,0.0,0.08259182,0.0,0.0,0.36599594,0.34509826,0.0,0.17818414,0.15918411,0.03381788,0.0,0.27800968,0.0,0.07861026,0.0,0.2914616,0.22544904,0.038218796,0.0,0.0,0.28169492,0.0,0.08647577,0.0,0.24395013,0.0,-0.19853628,-0.07947232,0.061994776
0.050118975,-1.5967224,-1.2339945,0.0,0.0,0.106234044,0.0,0.0,0.0,0.0,0.0,0.28000444,1.1897405,0.7123101,0.7944597,0.20959163,0.92861116,0.0,0.0,0.0,0.0,0.010485202,0.0,0.64319646,0.0,1.2029334,0.7015427,0.19055621,0.761809,0.0,1.2824857,0.72812897,0.80026746,0.02400072,0.0,0.0,0.0,0.0,0.3348936,0.24690689,0.44524825,0.46668348,0.0,0.0,0.0,0.31309056,0.6705694,0.23800485,0.12258494,0.44158286,0.0,0.0,0.028756935,0.0,0.0,0.0,0.4183991,0.36535868,0.0,0.0,0.0,0.56781095,0.0,0.0,0.0,0.22911651,0.0,-0.4458223,-0.18856971,0.11605585
0.29145762,-1.2988945,0.43089697,0.0,0.0,0.1841813,0.0,0.0,0.0,0.0,0.5202812,0.16231485,0.40429354,0.7881336,0.3029645,0.0,0.0,0.33525082,0.0,0.0,0.0,0.0,0.21247286,0.7757696,0.0,0.6946141,1.3715904,0.076025635,0.0,0.3087369,1.2627032,0.6774732,0.023946583,0.5317577,0.19881538,0.4387311,0.0,0.55395854,0.15048088,0.14859271,0.04322216,0.01666113,0.20849867,0.0,0.0,0.014911711,0.09749754,0.0,0.0,0.43639475,0.12584485,0.0,0.0,0.0,0.2948094,0.20203698,0.25757638,0.084046066,0.0,0.0,0.0,0.0,0.0,0.24641094,0.0,0.0769371,0.0,0.17937186,0.09759782,-0.077941395
2.4360201,-1.8031273,-0.7861347,0.17608535,0.0,0.06251201,0.0,0.0,0.070303135,0.0,0.0,0.12048115,0.3599314,0.0,1.2657714,0.8983686,0.0,0.43349388,0.0,0.0,0.0,0.0,0.21303345,1.5015872,0.60494643,1.6836909,1.7602217,0.0,0.6042621,0.0,1.2375617,1.2972852,1.1724292,0.16530761,0.0,0.07897761,0.37472165,0.14685188,0.5261597,0.2254269,0.33575118,0.2895902,0.0,0.0,0.0,0.06331774,0.65620166,0.26844764,0.0,0.7066682,0.0,0.20563623,0.12351158,0.0,0.0,0.0,0.31550565,0.13784243,0.0,0.0,0.0,0.6721069,0.0,0.0,0.0,0.0,0.0,-0.32549337,-0.22608785,0.13469538
0.07019814,0.31664366,1.2974292,0.0,0.0,0.0,0.0,0.067822635,0.0,0.0,0.8230052,0.28722268,0.0,0.44147843,0.07528645,0.0,0.0,0.81298435,0.0,0.4252708,0.5011962,0.0,0.797431,0.0,0.676311,0.0,0.79235226,0.35116526,0.0,0.17262992,0.44221827,0.2644322,0.0,0.21679667,1.0566132,0.63789386,0.0,0.556126,0.0,0.0,0.0,0.0,0.08868047,0.09629834,0.0,0.0,0.0,0.0,0.0,0.0,0.34716746,0.0,0.06596747,0.0,0.19155967,0.28213632,0.0,0.0,0.2424561,0.0,0.0,0.0,0.0,0.5083106,0.0,0.17065272,0.0,0.4361996,0.25500762,-0.12883173
-0.78427577,1.8366158,-0.6707732,0.0,0.1285702,0.0,0.39638638,0.987028,0.5141416,1.1984296,0.0,0.6700203,0.1518283,0.0,0.6587087,0.0,0.44599733,0.6730107,0.0,0.0,0.14732228,0.0,0.0,0.0,1.2289991,0.0,0.0,0.9547477,0.7364743,0.0,0.0,0.0,0.0,0.0,0.69995934,0.0,0.0,0.112155646,0.35728428,0.23259637,0.7030555,0.0,0.2334384,0.0,0.17570917,0.45394716,0.64708704,0.22837876,0.43331796,0.18690026,0.031097293,0.0,0.43920195,0.0,0.0,0.0,0.3606293,0.010012984,0.0,0.0,0.12657481,0.6193507,0.0,0.23564728,0.0,0.41763672,0.0,-0.3267336,-0.24357091,0.15822573
0.024061518,0.70227593,0.23742042,0.0,0.0,0.0,0.0,0.24182898,0.044379614,0.0,0.34648794,0.42557845,0.0,0.11408226,0.46529317,0.0,0.0,0.7174347,0.0,0.070536375,0.30496007,0.0,0.19144107,0.0,0.9136592,0.0,0.07570696,0.47926742,0.19469388,0.0,0.114191264,0.19931798,0.0,0.0,0.7493918,0.2583867,0.0,0.18802315,0.09408922,0.027553037,0.30942374,0.0,0.12839495,0.058718983,0.0,0.13331988,0.088989556,0.0,0.115115374,0.031761758,0.22321819,0.0,0.2792428,0.004094925,0.13035432,0.033291526,0.15620226,0.028783867,0.18141225,0.0,0.0,0.18578611,0.0,0.31745166,0.0,0.16459604,0.0,0.14120369,0.09186021,-0.005665401
1.2182479,-0.25514454,0.064972274,0.0,0.0,0.0,0.0,0.0,0.041706257,0.0,0.2752144,0.27915663,0.0,0.0,0.76845217,0.0,0.0,0.69849336,0.0,0.0,0.3454212,0.0,0.42623597,0.45061508,0.91502404,0.37079403,0.9038555,0.0,0.24782437,0.0,0.54218215,0.6746864,0.0,0.0,0.44140056,0.31180394,0.0,0.2394911,0.27359444,0.08295138,0.27481723,0.0,0.17354439,0.0,0.0,0.06791159,0.1732668,0.0,0.030740961,0.32699597,0.31729287,0.0,0.14664677,0.0,0.20189792,0.124324195,0.15655151,0.037553087,0.062778264,0.0,0.0,0.10439325,0.0,0.2199238,0.0,0.117842525,0.0,0.086694896,0.024236485,-0.03355233
1.7982596,-0.6646391,-0.68532777,0.0,0.0,0.0,0.0,0.0,0.26377922,0.0,0.0,0.2718321,0.15794834,0.0,1.1531724,0.39323574,0.0,0.5912808,0.0,0.0,0.18246534,0.0,0.15195541,0.73451614,0.9694294,0.8907941,0.9694879,0.0,0.6264484,0.0,0.6488615,0.91066295,0.58296883,0.0,0.040112585,0.031654097,0.22090425,0.0,0.392757,0.14308198,0.417925,0.0,0.0,0.0,0.0,0.16356775,0.5989357,0.044276074,0.081580624,0.526268,0.12544794,0.050090067,0.21207961,0.0,0.026307724,0.0,0.2980609,0.17232364,0.0,0.0,0.0,0.49452433,0.0,0.0,0.0,0.13845503,0.0,-0.28659233,-0.18539874,0.12293754
1.0131077,-0.12027475,0.52108634,0.0,0.0,0.0,0.0,0.0,0.0,0.0,0.4736011,0.2641901,0.0,0.0,0.56491876,0.0,0.0,0.7658429,0.0,0.033390015,0.45753872,0.0,0.6349297,0.38043118,0.8838563,0.14816608,0.97363603,0.027058244,0.013465539,0.0,0.5299984,0.58851576,0.0,0.050627768,0.6572671,0.45491973,0.0,0.39458475,0.1444048,0.03254111,0.13874513,0.0,0.21286404,0.0,0.0,0.0,0.0,0.0,0.0,0.20047706,0.34399396,0.0,0.11734697,0.0,0.22059697,0.22555897,0.06351743,0.0,0.09656772,0.0,0.0,0.0,0.0,0.3806296,0.0,0.0680676,0.0,0.29480344,0.13188304,-0.10284552
-0.444126,-0.4006468,-0.5460526,0.0,0.0,0.0,0.08182714,0.0,0.0,0.0,0.07977298,0.38189295,0.7079004,0.6364384,0.5203608,0.0,0.57233655,0.23853198,0.0,0.0,0.0,0.0,0.0,0.0,0.07894796,0.26908386,0.19182043,0.49565718,0.48824322,0.0,0.70897305,0.34680986,0.0,0.0,0.04980716,0.0,0.0,0.041804425,0.14633405,0.22757456,0.3538679,0.04679931,0.071691394,0.0,0.03317549,0.35971433,0.31721038,0.0,0.14273234,0.23730758,0.0,0.0,0.112870164,0.0,0.04807812,0.05722732,0.27179408,0.2619456,0.0,0.0,0.0,0.27972052,0.0,0.0,0.0,0.21440886,0.0,-0.24088624,-0.10979071,0.058648065
-0.23322953,0.05752536,-0.280874,0.0,0.0,0.0,0.0022323355,0.0,0.0,0.0,0.16385609,0.4045538,0.40045908,0.39942995,0.52298,0.0,0.30526713,0.43064022,0.0,0.0,0.0,0.0,0.0,0.0,0.43524203,0.0,0.12103231,0.48676816,0.39841816,0.0,0.4541832,0.29075202,0.0,0.0,0.31700566,0.023694644,0.0,0.09567125,0.120724946,0.17221169,0.33343378,0.0,0.11449614,0.0,0.0,0.32983017,0.26660788,0.0,0.13614793,0.14696166,0.011336178,0.0,0.22545138,0.0,0.102258936,0.030599296,0.28644967,0.20107692,0.031080129,0.0,0.0,0.24419095,0.0,0.11882043,0.0,0.20056057,0.0,-0.13812009,-0.04186806,0.045165025
-0.43796566,2.0240955,1.9595269,0.0,0.4956455,0.0,0.20580062,1.0997283,0.0,0.0,1.0432956,0.45215237,0.0,0.16953944,0.0,0.0,0.0,1.2221413,0.0,0.97187644,1.1518577,0.0,1.167779,0.0,1.4144506,0.0,0.0,0.7410221,0.0,0.0,0.0,0.0,0.0,0.0,1.8444862,0.8082765,0.0,0.65697014,0.0,0.0,0.03802041,0.0,0.02058886,0.48567784,0.16554025,0.0,0.0,0.0,0.16868524,0.0,0.4859723,0.0,0.33379686,0.1504169,0.0,0.37490457,0.0,0.0,0.5627762,0.0,0.0,0.08656766,0.0,0.64860356,0.0,0.20827271,0.0,0.5478121,0.29215,-0.15742068
-0.8540153,1.1844486,-0.65715367,0.0,0.0,0.0,0.3897279,0.66292447,0.29333624,0.81121224,0.0,0.5948311,0.37395102,0.21363428,0.5806649,0.0,0.5493262,0.50962365,0.0,0.0,0.0,0.0,0.0,0.0,0.81616527,0.0,0.0,0.87511563,0.66930246,0.0,0.0,0.0,0.0,0.0,0.4913262,0.0,0.0,0.036928065,0.28510326,0.2642067,0.560859,0.0,0.17927577,0.0,0.16209432,0.4962897,0.5715161,0.17667076,0.31844145,0.13491501,0.0,0.0,0.36792606,0.0,0.0,0.0044490397,0.3341784,0.03803195,0.0,0.0,0.086555205,0.47827542,0.0,0.18266842,0.0,0.32454234,0.0,-0.31404525,-0.20172982,0.12584943
0.028136712,1.4501537,0.2918069,0.0,0.09422204,0.0,0.0,0.6334064,0.26060534,0.18005574,0.3325241,0.5088668,0.0,0.0,0.5098177,0.0,0.0,0.9016459,0.0,0.21349739,0.6039417,0.0,0.2955708,0.0,1.3496369,0.0,0.0,0.59085435,0.23217842,0.0,0.0,0.040826023,0.0,0.0,1.0125002,0.26081333,0.0,0.20541102,0.100992486,0.0,0.4291706,0.0,0.08511893,0.113040105,0.0,0.06184444,0.08575307,0.0,0.22500594,0.010180183,0.27875242,0.0,0.33295834,0.026496239,0.03639029,0.025641784,0.109084554,0.0099383425,0.17575282,0.0,0.0,0.29181802,0.0,0.38358724,0.0,0.29507822,0.027983215,0.14460206,0.081277005,-0.0023797862
-1.5494076,1.8848332,1.5020782,0.0,0.4679186,0.0,0.75988823,1.2654524,0.0,0.17020285,0.89353925,0.52009606,0.0,0.7148293,0.0,0.0,0.0,0.8966849,0.0,0.7860224,0.53867185,0.0,0.4871772,0.0,0.8325657,0.0,0.0,1.0918018,0.0,0.0,0.0,0.0,0.0,0.0,1.5493631,0.6853023,0.0,0.6298059,0.0,0.0,0.02923046,0.0,0.21330397,0.29658252,0.24490002,0.0,0.0,0.0,0.24305512,0.0,0.21068348,0.0,0.30063152,0.15365738,0.0,0.25373232,0.0,0.0,0.438614,0.0,0.0,0.20103319,0.0,0.56619585,0.0,0.020507269,0.0,0.49713457,0.19340245,-0.114832304
-0.6736078,0.5973666,0.12102566,0.0,0.0,0.0,0.25330126,0.34283647,0.0,0.0,0.32729104,0.45150048,0.21544962,0.49566203,0.30859336,0.0,0.16766983,0.53748715,0.0,0.018385455,0.0,0.0,0.0,0.0,0.5327284,0.0,0.0,0.6880559,0.21863817,0.0,0.22397584,0.06744403,0.0,0.0,0.6275648,0.21628743,0.0,0.2028898,0.11287661,0.09849182,0.2707705,0.0,0.18755457,0.053049374,0.0,0.23809305,0.16233708,0.0,0.13964383,0.05635017,0.063490465,0.0,0.24366224,0.032931358,0.116617,0.04584358,0.20604753,0.05138079,0.14306,0.0,0.0,0.22839697,0.0,0.281605,0.0,0.09294425,0.0,0.06764242,0.039750393,-6.381795e-05
-0.015885541,-0.035151288,-0.34037912,0.0,0.0,0.0,0.0,0.0,0.0,0.0,0.13463375,0.38993225,0.38540232,0.31095922,0.59478706,0.0,0.2780358,0.44153073,0.0,0.0,0.0,0.0,0.0,0.0,0.4839316,0.09841945,0.21303071,0.4072191,0.4299342,0.0,0.48219833,0.3607417,0.0,0.0,0.2758515,0.0,0.0,0.07910192,0.16162097,0.18305455,0.3622217,0.0,0.10939976,0.0,0.0,0.33001882,0.3017797,0.0,0.15883751,0.18072852,0.03182655,0.0,0.2191965,0.0,0.10281589,0.02062796,0.28052467,0.21483928,0.033542104,0.0,0.0,0.2589672,0.0,0.110614866,0.0,0.20962164,0.0,-0.16917062,-0.068141684,0.050748207
0.8152507,-2.0731633,-1.1019512,0.0,0.0,0.27415165,0.0,0.0,0.0,0.0,0.0,0.18150079,1.0574322,0.5241415,0.915408,0.5330478,0.67645174,0.0017575026,0.0,0.0,0.0,0.0,0.0,1.1315023,0.0,1.5919846,1.266288,0.0,0.68128335,0.0,1.5030376,0.9976342,1.0741801,0.23227024,0.0,0.0,0.18946843,0.08300173,0.44121683,0.29174477,0.39148778,0.570044,0.0,0.0,0.0,0.22324046,0.71984565,0.2729687,0.06351021,0.5539293,0.0,0.12883449,0.0,0.0,0.0,0.0,0.39284402,0.3365962,0.0,0.0,0.0,0.6039694,0.0,0.0,0.0,0.06673322,0.0,-0.43632585,-0.21575694,0.12626748
-1.6073276,0.22575788,1.7772622,0.0,0.047838062,0.0,0.68033975,0.42216837,0.0,0.0,1.0977259,0.30331445,0.0034732372,1.4409996,0.0,0.0,0.0,0.5443917,0.0,0.62578106,0.0,0.0,0.47242144,0.0,0.0,0.0,0.5447489,0.83944845,0.0,0.6089988,0.69221103,0.0,0.0,0.5197104,1.1229126,0.79920727,0.0,0.75881016,0.0,0.0,0.0,0.0,0.11118987,0.015430097,0.2690697,0.0,0.0,0.0,0.0,0.0,0.18364221,0.0,0.0,0.0,0.2656627,0.22851187,0.0,0.0,0.25625795,0.0,0.0,0.0,0.0,0.501215,0.2134662,0.15658775,0.0,0.47267675,0.20770222,-0.04112202
-0.54635453,0.5413946,-1.4029403,0.0,0.0,0.0,0.20246285,0.22985372,0.3864636,0.7692376,0.0,0.57064015,0.75967175,0.16103809,0.87068856,0.0,0.9215618,0.29557493,0.0,0.0,0.0,0.0,0.0,0.0,0.6080201,0.0,0.0,0.71705973,1.0142753,0.0,0.08668858,0.14637123,0.0,0.0,0.0006491244,0.0,0.0,0.0,0.25616938,0.4058388,0.57394904,0.0,0.0,0.0,0.17062506,0.6479087,0.7968057,0.26138848,0.32277626,0.20031646,0.0,0.0,0.35786688,0.0,0.0,0.0009802058,0.43600512,0.2621067,0.0,0.0,0.1626876,0.46621075,0.0,0.0,0.0,0.4282555,0.0,-0.4756996,-0.3057822,0.16142215
0.08388423,0.2287896,1.6506016,0.0,0.0,0.0,0.0,0.031452328,0.0,0.0,0.9798036,0.24598145,0.0,0.53567433,0.0,0.0,0.0,0.85396326,0.0,0.5500915,0.5811962,0.0,1.0025647,0.076628335,0.6201277,0.0,1.0077693,0.31529593,0.0,0.40723088,0.5282694,0.27716184,0.0,0.38795254,1.1719599,0.7683553,0.0,0.68360174,0.0,0.0,0.0,0.0,0.037661433,0.062148426,0.0,0.0,0.0,0.0,0.0,0.0,0.41671705,0.0,0.0,0.0,0.21364203,0.3629352,0.0,0.0,0.24946181,0.0,0.0,0.0,0.0,0.5530169,0.0,0.23110177,0.0,0.4778533,0.27782387,-0.147025
-0.24500899,-0.058548387,1.4303315,0.0,0.0,0.0,0.0,0.0,0.0,0.0,0.91102165,0.24437743,0.0,0.77635705,0.0,0.0,0.0,0.6861388,0.0,0.42159367,0.28140497,0.0,0.7278111,0.10265708,0.30722955,0.0,0.96665806,0.38536522,0.0,0.42188028,0.6997813,0.26943657,0.0,0.43630663,0.9710177,0.6803902,0.0,0.6821908,0.0,0.0,0.0,0.0,0.08955359,0.0,0.0,0.0,0.0,0.0,0.0,0.0,0.32152838,0.0,0.0,0.0,0.2746255,0.2885859,0.023522645,0.0,0.15482932,0.0,0.0,0.0,0.0,0.47455832,0.0,0.1911768,0.0,0.45092645,0.26081952,-0.11673436
-0.99746084,-0.2344632,0.8991118,0.0,0.0,0.0,0.35444343,0.010548085,0.0,0.0,0.71779674,0.29978335,0.28827566,1.135019,0.0,0.0,0.0,0.40989444,0.0,0.19511615,0.0,0.0,0.12853989,0.0,0.0,0.0,0.5895377,0.6215053,0.0,0.2476699,0.8121805,0.15071121,0.0,0.33995658,0.6553314,0.49166602,0.0,0.53039527,0.0,0.0036579669,0.0,0.0,0.17063978,0.0,0.0135173425,0.055015996,0.0,0.0,0.0,0.07381274,0.0067396164,0.0,0.0,0.0,0.28462029,0.1616227,0.188685,0.007108098,0.036927834,0.0,0.0,0.0,0.0,0.3928712,0.055330135,0.07883184,0.0,0.30715472,0.19002554,-0.062271595
-1.0242698,1.0065725,0.7638096,0.0,0.09765285,0.0,0.44838834,0.65995544,0.0,0.0,0.5982133,0.4587267,0.0,0.6417476,0.023408651,0.0,0.0,0.6714798,0.0,0.34389544,0.18256347,0.0,0.15615503,0.0,0.5879605,0.0,0.0,0.8287035,0.0,0.0,0.0860832,0.0,0.0,0.0,0.99874157,0.4799395,0.0,0.38624144,0.0,0.0,0.11187914,0.0,0.22049361,0.18326908,0.04740237,0.0,0.0,0.0,0.1189976,0.0,0.1425431,0.0,0.22932976,0.1243141,0.119078465,0.12635233,0.047589764,0.0,0.29079175,0.0,0.0,0.15690827,0.0,0.4149938,0.0,0.023346968,0.0,0.3779428,0.15701291,-0.077424854
0.08250827,-0.4171755,-0.59524024,0.0,0.0,0.0,0.0,0.0,0.0,0.0,0.03970553,0.362818,0.5705014,0.35944816,0.67853105,0.0,0.42926425,0.3292348,0.0,0.0,0.0,0.0,0.0,0.119494215,0.31510895,0.39319178,0.34135604,0.33023366,0.5332985,0.0,0.66696846,0.4700406,0.10166481,0.0,0.05551091,0.0,0.0,0.014830582,0.22333954,0.21880984,0.40106517,0.0,0.05807942,0.0,0.0,0.3437868,0.40277016,0.0,0.15358217,0.2853966,0.0,0.0,0.1481289,0.0,0.05089605,0.013667159,0.29456183,0.24926427,0.0,0.0,0.0,0.32590887,0.0,0.0022258908,0.0,0.23120448,0.0,-0.2770195,-0.13966045,0.07205417
-0.23656216,0.92857605,-0.5401043,0.0,0.0,0.0,0.06218683,0.3919214,0.30244267,0.4184522,0.008222848,0.5295931,0.22268783,0.013886839,0.68533814,0.0,0.3231071,0.5899164,0.0,0.0,0.05382386,0.0,0.0,0.0,0.9496276,0.0,0.0,0.6356993,0.6101428,0.0,0.0,0.11248134,0.0,0.0,0.4925093,0.0,0.0,0.0,0.23437616,0.19262008,0.5194379,0.0,0.09329809,0.0,0.0,0.42282656,0.4879408,0.025157131,0.28184485,0.12956436,0.11061403,0.0,0.38005176,0.0,0.0,0.0,0.32032046,0.12945569,0.014326803,0.0,0.007610187,0.4310905,0.0,0.16735089,0.0,0.33111882,0.0,-0.2678678,-0.11923103,0.07870381
-0.03117865,0.17420867,1.7558509,0.0,0.0,0.0,0.0,0.033099473,0.0,0.0,1.0323832,0.23517522,0.0,0.63675964,0.0,0.0,0.0,0.83631015,0.0,0.5845201,0.54921573,0.0,1.0184218,0.0856183,0.53158516,0.0,1.0510986,0.33762804,0.0,0.49754503,0.5807614,0.26014888,0.0,0.45630762,1.1901925,0.8001673,0.0,0.7260616,0.0,0.0,0.0,0.0,0.020796426,0.042566095,0.0,0.0,0.0,0.0,0.0,0.0,0.42292875,0.0,0.0,0.0,0.22621305,0.36921972,0.0,0.0,0.2427336,0.0,0.0,0.0,0.0,0.5582094,0.0,0.25060865,0.0,0.48978367,0.28604102,-0.14627823
-0.6435992,1.116753,1.2301418,0.0,0.16408727,0.0,0.2592157,0.6469144,0.0,0.0,0.7804603,0.416222,0.0,0.48969424,0.0,0.0,0.0,0.8490639,0.0,0.53985554,0.51056314,0.0,0.5779922,0.0,0.8137337,0.0,0.09125435,0.70245075,0.0,0.0,0.037547946,0.0,0.0,0.0,1.2451844,0.6196751,0.0,0.45647272,0.0,0.0,0.053082585,0.0,0.12190893,0.2992302,0.056546982,0.0,0.0,0.0,0.06950773,0.0,0.29334468,0.0,0.22932774,0.11926742,0.05618015,0.23155364,0.0,0.0,0.38211104,0.0,0.0,0.077449195,0.0,0.49345532,0.0,0.09578185,0.0,0.4428274,0.22021016,-0.12115546
0.49929556,0.13904475,-0.6633805,0.0,0.0,0.0,0.0,0.0,0.2440893,0.0,0.0,0.41731343,0.29288548,0.0,0.8614311,0.0,0.25452244,0.5288844,0.0,0.0,0.0,0.0,0.0,0.0,0.8347139,0.17600253,0.12639031,0.28882772,0.63422763,0.0,0.3029709,0.44800422,0.013797879,0.0,0.2315679,0.0,0.0,0.0,0.23381841,0.19415227,0.4725986,0.0,0.020548016,0.0,0.0,0.38350186,0.50319445,0.0,0.26607937,0.22399199,0.12478246,0.0,0.33827442,0.0,0.059858367,0.0,0.2955787,0.27467954,0.04963769,0.0,0.0,0.34107888,0.0,0.05243372,0.0,0.32090688,0.0,-0.27047688,-0.13567868,0.07842835
0.31254688,0.7296095,0.31220207,0.0,0.0,0.0,0.0,0.19263709,0.08802802,0.0,0.36676764,0.41067973,0.0,0.0,0.5194385,0.0,0.0,0.79253846,0.0,0.100005805,0.4473924,0.0,0.34131405,0.0,1.0609674,0.0,0.18378133,0.38909513,0.16947018,0.0,0.08080101,0.25656572,0.0,0.0,0.80537856,0.2928354,0.0,0.19035733,0.08336507,0.007989943,0.3005519,0.0,0.10356325,0.061397348,0.0,0.08982842,0.06301478,0.0,0.11115816,0.020480901,0.2727043,0.0,0.28983402,0.0,0.11533022,0.06459196,0.11174272,0.016595697,0.19667627,0.0,0.0,0.12974262,0.0,0.3539827,0.0,0.18602246,0.0,0.18327522,0.112105235,-0.025817987
0.12670663,-0.07162567,0.4610126,0.0,0.0,0.0,0.0,0.0,0.0,0.0,0.47814184,0.31102097,0.056026444,0.40347344,0.35034055,0.0,0.0,0.59425116,0.0,0.031343266,0.12150596,0.0,0.2871424,0.090129584,0.50308573,0.0,0.64478403,0.31598657,0.014037132,0.0,0.5738688,0.38030538,0.0,0.050499007,0.59659487,0.3367881,0.0,0.37462258,0.045405712,0.052967936,0.12100353,0.0,0.22159414,0.0,0.0,0.09431786,0.0,0.0,0.0052610636,0.12771408,0.18082291,0.0,0.09867732,0.0,0.23480433,0.13097778,0.16057184,0.03527961,0.061910123,0.0,0.0,0.034795914,0.0,0.3444016,0.0,0.07139905,0.0,0.23012206,0.13666363,-0.06141503
1.1340638,-0.7358878,-0.28763512,0.0,0.0,0.0,0.0,0.0,0.0,0.0,0.1496885,0.25620797,0.23577341,0.0,0.82874525,0.094757974,0.0,0.51128995,0.0,0.0,0.025359161,0.0,0.14258568,0.6313771,0.60714185,0.7083461,0.98643684,0.0,0.38631684,0.0,0.78971726,0.7662318,0.3012397,0.0,0.13901216,0.12874788,0.06421993,0.14658868,0.3760484,0.16883248,0.33764035,0.0,0.124314785,0.0,0.0,0.17251407,0.41778988,0.0,0.056664824,0.4350198,0.14150566,0.011640854,0.12550172,0.0,0.12536544,0.036859542,0.27536345,0.11216467,0.0,0.0,0.0,0.29399562,0.0,0.109382614,0.0,0.08577556,0.0,-0.15419436,-0.098368496,0.047394425
1.182101,-1.0426116,-1.4582311,0.0,0.0,0.0,0.0,0.0,0.26094696,0.0,0.0,0.3186614,0.7522413,0.0,1.2250541,0.49354875,0.6029838,0.25428614,0.0,0.0,0.0,0.0,0.0,0.65218043,0.48823237,1.1635412,0.6373107,0.0,0.97232616,0.0,0.84046143,0.8714023,0.9272598,0.0,0.0,0.0,0.1835121,0.0,0.38648546,0.23858362,0.5108606,0.19229728,0.0,0.0,0.0,0.31863582,0.82522166,0.23768868,0.2299547,0.43281007,0.0,0.08214267,0.24511883,0.0,0.0,0.0,0.36218655,0.35587737,0.0,0.0,0.0,0.67394483,0.0,0.0,0.0,0.1895954,0.0,-0.42372662,-0.28918713,0.142932
1.0149053,-1.1774863,-0.24938197,0.0,0.0,0.0,0.0,0.0,0.0,0.0,0.19274577,0.20571864,0.39738077,0.23507437,0.74631166,0.15396887,0.050579257,0.39145473,0.0,0.0,0.0,0.0,0.080906734,0.8327917,0.2933116,0.9260026,1.2152934,0.0,0.3228333,0.0,1.0583992,0.83177006,0.4212995,0.18534258,0.0052593052,0.19315645,0.11143097,0.23083827,0.37248856,0.19159326,0.2919378,0.11417029,0.10395471,0.0,0.0,0.14774172,0.42934763,0.034238935,0.0,0.5134926,0.050108504,0.014952384,0.0,0.0,0.14601168,0.05242429,0.29554912,0.11876514,0.0,0.0,0.0,0.29278037,0.0,0.086912915,0.0,0.014724195,0.0,-0.14860351,-0.09265515,0.06435272
0.8657879,-1.1990341,-0.3203586,0.0,0.0,0.0,0.0,0.0,0.0,0.0,0.16863883,0.2153217,0.4760663,0.30751643,0.7289959,0.13062906,0.1384998,0.34552348,0.0,0.0,0.0,0.0,0.0,0.79152024,0.21388188,0.92544645,1.14879,0.0,0.35209188,0.0,1.0765722,0.80456245,0.42911866,0.17401946,0.0,0.16140807,0.08626976,0.20935771,0.37743735,0.20340821,0.31776565,0.14582542,0.10161108,0.0,0.0,0.17302829,0.44734675,0.040980637,0.016356632,0.5023181,0.0,0.0060443655,0.0,0.0,0.12700583,0.036535196,0.3166995,0.15241957,0.0,0.0,0.0,0.31049895,0.0,0.0512722,0.0,0.035583373,0.0,-0.19144067,-0.10674302,0.076246805
0.81540513,-1.2252172,-0.58072114,0.0,0.0,0.0,0.0,0.0,0.0,0.0,0.059088066,0.23664193,0.59632176,0.29432553,0.8041426,0.18975532,0.29291537,0.2862479,0.0,0.0,0.0,0.0,0.0,0.7564584,0.18361372,0.9909182,1.028638,0.0,0.48370957,0.0,1.0690408,0.80533063,0.5404924,0.08690381,0.0,0.0632244,0.0863282,0.11191887,0.3876742,0.20882803,0.3720584,0.21059778,0.057599284,0.0,0.0,0.20989203,0.507476,0.10045372,0.054507688,0.48714536,0.0,0.026819296,0.024662625,0.0,0.029908769,0.0070839897,0.32853752,0.1884016,0.0,0.0,0.0,0.40092477,0.0,0.0,0.0,0.07672359,0.0,-0.29040712,-0.15045308,0.09232883
-0.9363097,1.958687,1.6560334,0.0,0.46979383,0.0,0.45512366,1.1689625,0.0,0.0,0.9336976,0.4907174,0.0,0.39645568,0.0,0.0,0.0,1.059145,0.0,0.8492525,0.84577477,0.0,0.80424273,0.0,1.1549753,0.0,0.0,0.9028555,0.0,0.0,0.0,0.0,0.0,0.0,1.6714137,0.7244833,0.0,0.624274,0.0,0.0,0.03648983,0.0,0.11273228,0.38894466,0.17045563,0.0,0.0,0.0,0.21589239,0.0,0.35335267,0.0,0.32327256,0.15491754,0.0,0.30312055,0.0,0.0,0.50265,0.0,0.0,0.15052095,0.0,0.6010611,0.0,0.1122,0.0,0.5155973,0.24010076,-0.13996413
2.6489244,-1.7626793,-0.040617194,0.38415265,0.0,0.1302745,0.0,0.0,0.0,0.0,0.25157157,0.052582175,0.005526006,0.0,1.0662715,0.7592195,0.0,0.6085647,0.0,0.0,0.28935105,0.0,0.7331556,1.6399374,0.7033263,1.5292256,2.1448808,0.0,0.22707191,0.046840966,1.2729516,1.3178252,0.88020337,0.4255233,0.0,0.3989507,0.3729334,0.46318862,0.3787615,0.18902381,0.084095016,0.12525028,0.0,0.0,0.0,0.0,0.2842689,0.18500821,0.0,0.72197086,0.15875071,0.16154623,0.0,0.0,0.11746501,0.20208925,0.10140594,0.0,0.0,0.0,0.0,0.30163297,0.0,0.11521782,0.0,0.0,0.0,0.016059548,-0.07507913,0.0029795822
0.03676729,0.2116436,-0.3646429,0.0,0.0,0.0,0.0,0.0,0.080792956,0.0,0.10983987,0.41896215,0.30041423,0.18319686,0.6380957,0.0,0.2402969,0.50530255,0.0,0.0,0.0,0.0,0.0,0.0,0.65294886,0.0,0.079499066,0.43008026,0.46636784,0.0,0.3329697,0.32105052,0.0,0.0,0.34861606,0.0,0.0,0.037044883,0.15820833,0.17310719,0.38451278,0.0,0.09182098,0.0,0.0,0.3505285,0.34338206,0.0,0.18466206,0.14851816,0.07567966,0.0,0.30153474,0.0,0.093765214,0.0,0.28875148,0.21187486,0.05141795,0.0,0.0,0.27192152,0.0,0.12300936,0.0,0.2368506,0.0,-0.17479149,-0.06588028,0.055512436
-0.035097364,0.29924032,-0.2546736,0.0,0.0,0.0,0.0,0.027293056,0.059463747,0.0,0.15575314,0.42275232,0.253913,0.20754392,0.587564,0.0,0.19497141,0.5300108,0.0,0.0,0.0,0.0,0.0,0.0,0.66714245,0.0,0.058445007,0.46059036,0.41381723,0.0,0.30029997,0.2835944,0.0,0.0,0.4170858,0.020335773,0.0,0.067277566,0.14714466,0.15525517,0.36913413,0.0,0.10523208,0.0,0.0,0.3255564,0.30919373,0.0,0.16906686,0.12524076,0.09230471,0.0,0.29929346,0.0,0.10004164,0.0,0.28537104,0.18640345,0.07234695,0.0,0.0,0.26394242,0.0,0.15629719,0.0,0.21193436,0.0,-0.13241349,-0.040223673,0.047842436
0.8511425,-1.4753019,-1.3192817,0.0,0.0,0.0,0.0,0.0,0.016753227,0.0,0.0,0.26916018,0.9383728,0.23214883,1.0509312,0.45680678,0.69668424,0.111968935,0.0,0.0,0.0,0.0,0.0,0.8007394,0.07814488,1.3111914,0.84183013,0.0,0.84868324,0.0,1.1331396,0.88486,0.9572034,0.0,0.0,0.0,0.13195167,0.0,0.40583524,0.24486284,0.4654082,0.41353473,0.0,0.0,0.0,0.27637035,0.7058097,0.26029104,0.1409816,0.46096748,0.0,0.10230941,0.1098718,0.0,0.0,0.0,0.36245832,0.3029381,0.0,0.0,0.0,0.636357,0.0,0.0,0.0,0.097948365,0.0,-0.41831058,-0.23947765,0.12687226
0.30545023,0.14152807,-1.225376,0.0,0.0,0.0,0.0,0.0,0.37949443,0.1894018,0.0,0.47373557,0.5598262,0.0,1.005557,0.0,0.60747534,0.3980914,0.0,0.0,0.0,0.0,0.0,0.0,0.7643022,0.26723847,0.0,0.37870616,0.9201441,0.0,0.2602501,0.41804832,0.2152175,0.0,0.0,0.0,0.0,0.0,0.22367652,0.27103993,0.5282746,0.0,0.0,0.0,0.0,0.49757686,0.74472076,0.07376419,0.29826874,0.2467972,0.029434085,0.0,0.3557409,0.0,0.0,0.0,0.37511504,0.33997732,0.0,0.0,0.0,0.4573158,0.0,0.0,0.0,0.43028414,0.0,-0.40396363,-0.20951967,0.11294434
-0.090255305,0.5544111,-0.0741043,0.0,0.0,0.0,0.0,0.17966405,0.07170967,0.0,0.2232423,0.43954703,0.123215385,0.17162691,0.53087264,0.0,0.08519291,0.60879976,0.0,0.0,0.11101666,0.0,0.0,0.0,0.78447354,0.0,0.0,0.5081687,0.33979788,0.0,0.17702657,0.21270485,0.0,0.0,0.5690617,0.104702815,0.0,0.104393095,0.14641343,0.10547972,0.3681128,0.0,0.11965355,0.0,0.0,0.2568854,0.24188253,0.0,0.1645927,0.09038915,0.14248103,0.0,0.30267218,0.0,0.11969619,0.0,0.2489407,0.12328341,0.11774897,0.0,0.0,0.26724455,0.0,0.22117442,0.0,0.18845244,0.0008991286,-0.041380003,-0.0021236017,0.03468544
-2.3748977,0.2774824,-0.889123,0.0,0.0,0.0,1.0980297,0.5296824,0.0,0.8070058,0.0,0.56954765,1.2108942,1.3127384,0.17485252,0.0,1.2842801,0.0,0.0,0.0,0.0,0.18166217,0.0,0.0,0.0,0.0,0.0,1.2242812,0.65054095,0.0,0.45312306,0.0,0.0,0.0,0.016098857,0.0,0.0,0.033288047,0.20915143,0.39956862,0.4394322,0.34257144,0.2050943,0.04361807,0.5163352,0.6007651,0.573772,0.19967957,0.20880751,0.22562176,0.0,0.0,0.20755744,0.0,0.0,0.2788089,0.34329584,0.02815183,0.0,0.0,0.089346655,0.33587322,0.0,0.0052514374,0.0,0.20663816,0.0,-0.37870073,-0.18953632,0.15589535
0.46077558,-1.3057139,-0.42724955,0.0,0.0,0.05396527,0.0,0.0,0.0,0.0,0.1427559,0.22835322,0.6731169,0.53930575,0.6479435,0.05623567,0.33939016,0.22384158,0.0,0.0,0.0,0.0,0.0,0.7158724,0.0,0.93122,1.0345747,0.06550905,0.38249573,0.0,1.1625721,0.7386726,0.43091092,0.19598073,0.0,0.13711888,0.024156548,0.19465753,0.32806206,0.20912679,0.31391263,0.2321974,0.08179317,0.0,0.0,0.19722833,0.44362855,0.060845904,0.01850915,0.47241014,0.0,0.0,0.0,0.0,0.082589015,0.02877719,0.33082378,0.18262178,0.0,0.0,0.0,0.3037138,0.0,0.010164499,0.0,0.09853203,0.0,-0.22033668,-0.08523996,0.071973585
0.13349888,0.81165,1.4771544,0.0,0.06281495,0.0,0.0,0.3182523,0.0,0.0,0.87373996,0.32754767,0.0,0.25071475,0.070931256,0.0,0.0,0.9706596,0.0,0.57565,0.76592815,0.0,0.97288305,0.0,0.9883682,0.0,0.61608964,0.39867166,0.0,0.072239906,0.1703558,0.16953768,0.0,0.08092867,1.2924479,0.7045775,0.0,0.5269251,0.0,0.0,0.0,0.0,0.051636055,0.24479629,0.0,0.0,0.0,0.0,0.0,0.0,0.4283629,0.0,0.15588313,0.0,0.089082174,0.33098227,0.0,0.0,0.36626047,0.0,0.0,0.0,0.0,0.56691647,0.0,0.18239576,0.0,0.4643504,0.28225374,-0.15582155
-1.3945576,-0.094112314,1.1288714,0.0,0.0,0.0,0.5602262,0.18311849,0.0,0.0,0.8250438,0.3126872,0.28002232,1.3309419,0.0,0.0,0.0,0.40339142,0.0,0.31471908,0.0,0.0,0.13547206,0.0,0.0,0.0,0.4931931,0.7562001,0.0,0.35231313,0.7902467,0.025904268,0.0,0.39033404,0.7701447,0.58321965,0.0,0.5788394,0.0,0.0,0.0,0.0,0.15489727,0.0,0.11152606,0.03306502,0.0,0.0,0.0,0.027057998,0.0068669245,0.0,0.0,0.0,0.2736235,0.17148763,0.14728066,0.0,0.09279297,0.0,0.0,0.0,0.0,0.42662948,0.09821647,0.09792275,0.0,0.348159,0.19259891,-0.04924646
-1.0529653,0.9552473,1.2649742,0.0,0.14942452,0.0,0.45406443,0.6576787,0.0,0.0,0.81884253,0.410797,0.0,0.77199924,0.0,0.0,0.0,0.7373425,0.0,0.5336888,0.30539024,0.0,0.43696436,0.0,0.5286626,0.0,0.07143813,0.8042534,0.0,0.0,0.1702132,0.0,0.0,0.0,1.1832197,0.629932,0.0,0.48831788,0.0,0.0,0.010660648,0.0,0.1692938,0.24756812,0.12292127,0.0,0.0,0.0,0.06754105,0.0,0.20450038,0.0,0.19232959,0.13364394,0.101217955,0.19704339,0.0,0.0,0.35790116,0.0,0.0,0.07599352,0.0,0.4663315,0.0,0.03991395,0.0,0.45326677,0.20626676,-0.104188345
-1.1407586,-0.6633823,-0.21916161,0.0,0.0,0.0,0.4112621,0.0,0.0,0.0,0.26035854,0.35110164,0.88235027,1.1630971,0.19591558,0.0,0.66457486,0.09578282,0.0,0.0,0.0,0.0,0.0,0.0,0.0,0.20510864,0.27391177,0.6571398,0.26696238,0.0,0.9555632,0.2373308,0.0,0.09139533,0.05649373,0.09454746,0.0,0.19645351,0.09460393,0.21636999,0.24069825,0.12354911,0.13481411,0.0,0.107104704,0.33016336,0.26903987,0.0,0.08112316,0.24297956,0.0,0.0,0.0036664195,0.0,0.0865138,0.1500875,0.2798692,0.26955727,0.0,0.0,0.0,0.14665645,0.0,0.06975117,0.0,0.13938297,0.0,-0.14172214,-0.047302797,0.026153447
0.09725421,0.6281598,0.21284658,0.0,0.0,0.0,0.0,0.18546158,0.04375399,0.0,0.3368269,0.4159882,0.0,0.10007122,0.4874779,0.0,0.0,0.71034396,0.0,0.04766026,0.2973693,0.0,0.19610678,0.0,0.9051974,0.0,0.1287223,0.44607532,0.20390445,0.0,0.14785376,0.2320688,0.0,0.0,0.71987957,0.24745561,0.0,0.18632111,0.10119735,0.039803192,0.30808783,0.0,0.13229716,0.035436872,0.0,0.14131314,0.10168793,0.0,0.11076279,0.04965526,0.2200087,0.0,0.27586085,0.0,0.13988383,0.03371477,0.16395868,0.040437587,0.16385141,0.0,0.0,0.17521451,0.0,0.31303698,0.0,0.16187526,0.0,0.12624608,0.08203637,-0.0057096947
-0.5540876,-0.39220527,-2.2743046,0.0,0.0,0.0,0.15640321,0.0,0.36448535,0.70896155,0.0,0.53578675,1.3800433,0.36137137,1.0950682,0.00045001507,1.5000364,0.0,0.0,0.0,0.0,0.20434669,0.0,0.0,0.08832905,0.64457256,0.0,0.61951524,1.3867959,0.0,0.53429174,0.36390704,0.685249,0.0,0.0,0.0,0.0,0.0,0.18916243,0.38055655,0.6899426,0.35728642,0.0,0.0,0.32208255,0.6947578,1.0335611,0.44040257,0.34765208,0.22740966,0.0,0.0,0.33315316,0.0,0.0,0.0,0.53029907,0.33965167,0.0,0.0,0.052911095,0.67706037,0.0,0.0,0.0,0.52743065,0.0,-0.586777,-0.31242824,0.23942961
1.3877068,-1.0519471,-0.39554784,0.0,0.0,0.0,0.0,0.0,0.0,0.0,0.10931495,0.2179506,0.2981054,0.0,0.90863067,0.28039855,0.0,0.46912384,0.0,0.0,0.0,0.0,0.1397322,0.85604835,0.54403913,0.9620748,1.1930088,0.0,0.42491,0.0,0.9380964,0.8928144,0.51504207,0.059819072,0.008465052,0.11475164,0.16150007,0.14200547,0.4152255,0.19466077,0.33023012,0.07797762,0.07712674,0.0,0.0,0.16258062,0.4898011,0.06645477,0.020643875,0.52361834,0.07981577,0.063437425,0.096225694,0.0,0.08294447,0.035308562,0.28554,0.120344065,0.0,0.0,0.0,0.38848847,0.0,0.06357413,0.0,0.012190871,0.0,-0.20906168,-0.14310256,0.07580904
-0.22713599,1.0719203,-0.12446363,0.0,0.0,0.0,0.062050946,0.47950357,0.22031763,0.2612148,0.18067801,0.51040196,0.020346642,0.032497525,0.5546551,0.0,0.08595189,0.69436544,0.0,0.0,0.23809455,0.0,0.0,0.0,1.0241975,0.0,0.0,0.6337338,0.40614325,0.0,0.0,0.07382056,0.0,0.0,0.70733404,0.08459609,0.0,0.10125065,0.20743166,0.09548598,0.46329105,0.0,0.1382785,0.0,0.0,0.26992208,0.29533643,0.0,0.23144208,0.09391956,0.16835374,0.0,0.3395643,0.0,0.0695224,0.0,0.24057621,0.05480843,0.0852643,0.0,0.0,0.36056826,0.0,0.27883762,0.0,0.24308069,0.0,-0.08057569,-0.026773974,0.04870542
0.2926165,-0.497704,0.6739173,0.0,0.0,0.0,0.0,0.0,0.0,0.0,0.58543843,0.23580153,0.06085764,0.5229705,0.28525507,0.0,0.0,0.5627238,0.0,0.043493643,0.089379534,0.0,0.43196803,0.3889797,0.32489014,0.18489346,1.0330558,0.1871641,0.0,0.12676838,0.8266354,0.5022981,0.0,0.29831558,0.5552152,0.4809743,0.0,0.5352603,0.015174294,0.03859532,0.012609787,0.0,0.22375344,0.0,0.0,0.0,0.0,0.0,0.0,0.23114291,0.24877104,0.0,0.0,0.0,0.31125873,0.20042576,0.14295357,0.0,0.028486518,0.0,0.0,0.0,0.0,0.35132957,0.0,0.04500325,0.0,0.33014524,0.1750398,-0.0966254
1.8311107,-0.9271974,-1.8355924,0.0,0.0,0.0,0.0,0.0,0.5446156,0.0,0.0,0.33835912,0.65756965,0.0,1.5419598,0.7711258,0.57209176,0.34499565,0.0,0.0,0.0,0.0,0.0,0.73048615,0.8685633,1.3132867,0.60016364,0.0,1.2051245,0.0,0.6776318,1.0025706,1.1810092,0.0,0.0,0.0,0.30262947,0.0,0.3900649,0.21407759,0.5530327,0.06628453,0.0,0.0,0.0,0.3189019,1.0230781,0.28837842,0.28250802,0.4802835,0.0,0.10715499,0.35555652,0.0,0.0,0.0,0.41133246,0.4323123,0.0,0.0,0.0,0.85269135,0.0,0.0,0.0,0.22227044,0.0,-0.4574445,-0.36186373,0.18041067
-0.22621572,-0.37916547,0.18418919,0.0,0.0,0.0,0.0,0.0,0.0,0.0,0.3867764,0.31286815,0.36362076,0.6537311,0.3259674,0.0,0.121405266,0.4076146,0.0,0.0,0.0,0.0,0.0,0.11233957,0.16908643,0.12988675,0.5816864,0.39335823,0.117558554,0.0,0.75325334,0.3728698,0.0,0.08648637,0.36486265,0.21090026,0.0,0.31406543,0.104556665,0.13815252,0.19627568,0.0,0.19537476,0.0,0.0,0.19319041,0.102423206,0.0,0.04573247,0.19936073,0.014577612,0.0,0.03746037,0.0,0.21323495,0.09394425,0.2600053,0.14700282,0.0,0.0,0.0,0.12326917,0.0,0.22905031,0.0,0.07684721,0.0,0.04440745,0.032917745,-0.01410321
-1.1467274,0.5784172,0.2729782,0.0,0.0,0.0,0.48795527,0.44685978,0.0,0.0,0.4116354,0.45539865,0.30957356,0.7781329,0.12603003,0.0,0.24505806,0.46606028,0.0,0.08257991,0.0,0.0,0.0,0.0,0.297411,0.0,0.0,0.82595515,0.11893834,0.0,0.29236156,0.0,0.0,0.0,0.65513927,0.30338773,0.0,0.27269703,0.077044934,0.088753514,0.18853256,0.0,0.2263027,0.09337914,0.07646456,0.20135151,0.08260434,0.0,0.12134817,0.033959582,0.0,0.0,0.18981323,0.071387626,0.119203374,0.09884991,0.1514811,0.0,0.14778636,0.0,0.0,0.17586008,0.0,0.30656034,0.0,0.030361425,0.0,0.15652668,0.066553436,-0.019264564
0.42190906,0.7780206,0.42430142,0.0,0.0,0.0,0.0,0.19685858,0.0904891,0.0,0.40881747,0.40232185,0.0,0.0,0.5138838,0.0,0.0,0.8438222,0.0,0.15039898,0.54123914,0.0,0.45116946,0.0,1.1362967,0.0,0.24174167,0.35652927,0.11953306,0.0,0.054938972,0.26811358,0.0,0.0,0.87272966,0.35398856,0.0,0.21440485,0.055950493,0.0,0.27647462,0.0,0.09152591,0.0910818,0.0,0.04155001,0.0091611445,0.0,0.09412405,0.0,0.30674645,0.0,0.28013608,0.0,0.10205349,0.10077624,0.07537777,0.0,0.22541171,0.0,0.0,0.08830449,0.0,0.38449144,0.0,0.19416067,0.0,0.24195993,0.14203036,-0.049053013
1.5038626,-0.6168759,0.54244834,0.12278104,0.0,0.0,0.0,0.0,0.0,0.0,0.48939818,0.18394183,0.0,0.0,0.6486752,0.0,0.0,0.7493644,0.0,0.0,0.4635864,0.0,0.77614486,0.785218,0.82134855,0.520534,1.4141886,0.0,0.0,0.0075663924,0.7748389,0.80333805,0.0,0.23777765,0.5347783,0.5488549,0.020117305,0.52007425,0.23006873,0.07324505,0.100792825,0.0,0.17541379,0.0,0.0,0.0,0.0,0.0,0.0,0.37345865,0.40465045,0.0,0.01925628,0.0,0.28763992,0.2547667,0.053838655,0.0,0.050740555,0.0,0.0,0.0,0.0,0.3706122,0.0,0.0,0.0,0.30127823,0.10590707,-0.11357049
-0.7057704,-0.028141607,-0.33644032,0.0,0.0,0.0,0.23460978,0.007169053,0.0,0.0,0.16165899,0.4183909,0.5924613,0.6679771,0.40749693,0.0,0.49869496,0.30922657,0.0,0.0,0.0,0.0,0.0,0.0,0.16797137,0.0,0.0,0.62473917,0.40120536,0.0,0.5393693,0.20393206,0.0,0.0,0.23919612,0.04203006,0.0,0.089363635,0.09341587,0.19678935,0.3032093,0.0,0.11909123,0.0,0.07742433,0.3521031,0.26932675,0.0,0.11843528,0.14640485,0.0,0.0,0.19586644,0.0,0.075294465,0.06827195,0.2619216,0.19165608,0.0037833266,0.0,0.0,0.2121723,0.0,0.0823055,0.0,0.16815487,0.0,-0.14129592,-0.054518357,0.045045696
0.055219643,-0.3495494,-0.15634689,0.0,0.0,0.0,0.0,0.0,0.0,0.0,0.22737746,0.33419615,0.39465028,0.43096548,0.52348006,0.0,0.20218258,0.41273853,0.0,0.0,0.0,0.0,0.0,0.13377997,0.32778156,0.24751663,0.49600923,0.32690555,0.3090555,0.0,0.6760317,0.43853202,0.0,0.0,0.25319746,0.08259355,0.0,0.17429292,0.1942548,0.1764165,0.30352566,0.0,0.15384227,0.0,0.0,0.25590488,0.24094358,0.0,0.10897225,0.24549854,0.030775763,0.0,0.115258574,0.0,0.14623967,0.058324866,0.2740838,0.19148548,0.0,0.0,0.0,0.21443355,0.0,0.13510238,0.0,0.13872844,0.0,-0.107418045,-0.05168736,0.023003044
-0.54512817,1.2494183,0.20904621,0.0,0.06387928,0.0,0.22935581,0.6570515,0.1080429,0.26193374,0.32804838,0.5155645,0.0,0.19259764,0.36700115,0.0,0.0,0.72922695,0.0,0.15710832,0.28602242,0.0,0.022811932,0.0,0.969473,0.0,0.0,0.74404776,0.23506643,0.0,0.0,0.0,0.0,0.0,0.8807174,0.24413745,0.0,0.23107672,0.15892388,0.035814732,0.38778764,0.0,0.19118264,0.054485705,0.0,0.16585861,0.15375687,0.0,0.21421419,0.019528396,0.15441038,0.0,0.31071553,0.009702094,0.06803003,0.023284324,0.17476282,0.0,0.1519163,0.0,0.0,0.31259456,0.0,0.36879516,0.0,0.16778883,0.0,0.098076165,0.04917582,0.007840032
-2.7576094,1.0229632,-0.57304543,0.0,0.039186567,0.0,1.3341764,1.0180628,0.0,1.1823978,0.083050415,0.64575875,0.97519636,1.2828463,0.023199052,0.0,1.1446711,0.11459112,0.0,0.0,0.0,0.12776649,0.0,0.0,0.0,0.0,0.0,1.4436272,0.5359106,0.0,0.090542376,0.0,0.0,0.0,0.36156493,0.06939548,0.0,0.17970091,0.27002302,0.41441166,0.4018864,0.25194073,0.35125047,0.08445723,0.5930277,0.5149305,0.5164052,0.2921049,0.24952905,0.12895933,0.0,0.0,0.2426719,0.0,0.0,0.3036047,0.29540965,0.0,0.0,0.0,0.09500862,0.37784195,0.0,0.14436212,0.0,0.10650376,0.0,-0.2614715,-0.19916748,0.11094477
-0.591626,1.4272552,0.32997975,0.0,0.13146162,0.0,0.26270288,0.76491517,0.1164685,0.31274128,0.3732571,0.52801776,0.0,0.17082317,0.32702875,0.0,0.0,0.7817483,0.0,0.2344413,0.3720923,0.0,0.09437125,0.0,1.0476664,0.0,0.0,0.77998674,0.18572491,0.0,0.0,0.0,0.0,0.0,0.9841751,0.27767563,0.0,0.28545702,0.139073,0.0077217817,0.37844974,0.0,0.19982916,0.07830913,0.0,0.110296786,0.10543746,0.0,0.23469241,0.0,0.16703618,0.0,0.32206908,0.011805158,0.038816564,0.052634023,0.13916865,0.0,0.16756815,0.0,0.0,0.31304547,0.0,0.40500364,0.0,0.17099363,0.0,0.1558429,0.07236304,-0.010068707
-0.24742058,1.3799331,-0.49007225,0.0,0.0,0.0,0.095828764,0.6319149,0.42492583,0.6679062,0.0077421963,0.5789209,0.06495936,0.0,0.7025976,0.0,0.24003172,0.7013575,0.0,0.0,0.23446952,0.0,0.0,0.0,1.2060194,0.0,0.0,0.7063495,0.6232554,0.0,0.0,0.013397723,0.0,0.0,0.6574778,0.0,0.0,0.03270229,0.27654523,0.13108689,0.6300043,0.0,0.13192108,0.0,0.0,0.3824693,0.4871297,0.05062195,0.31497312,0.16249485,0.12782995,0.0,0.37906417,0.0,0.0,0.0,0.31748086,0.070241615,0.0,0.0,0.007759884,0.49896497,0.0,0.21462035,0.0,0.40083355,0.0,-0.2635821,-0.12610374,0.10067157
-0.25869745,0.51122576,1.1625654,0.0,0.0,0.0,0.028171591,0.24001917,0.0,0.0,0.76712835,0.33506936,0.0,0.51145893,0.04972756,0.0,0.0,0.7717331,0.0,0.40880084,0.40843976,0.0,0.6185724,0.0,0.6415149,0.0,0.5195502,0.49139974,0.0,0.043365687,0.3451826,0.15271477,0.0,0.101371735,1.0454274,0.5926811,0.0,0.4927071,0.0,0.0,0.012218215,0.0,0.12132788,0.15761018,0.0,0.0,0.0,0.0,0.0,0.0,0.29436824,0.0,0.10665816,0.0,0.16449884,0.2268723,0.0,0.0,0.26634538,0.0,0.0,0.0,0.0,0.4725663,0.0,0.1278033,0.0,0.4234559,0.24354462,-0.114606485
-0.20599964,0.2707095,0.14509174,0.0,0.0,0.0,0.0,0.06589438,0.0,0.0,0.3366305,0.39198345,0.16680196,0.3836473,0.39933223,0.0,0.04760618,0.55656415,0.0,0.0,0.027521916,0.0,0.013957014,0.0,0.5584366,0.0,0.2048159,0.48948476,0.19586968,0.0,0.37330818,0.24107854,0.0,0.0,0.5595454,0.18231939,0.0,0.21292186,0.10267848,0.10385405,0.27292496,0.0,0.16911796,0.0,0.0,0.2195025,0.14890532,0.0,0.0966406,0.09441516,0.104517,0.0,0.21289998,0.0,0.15877563,0.029763512,0.25981838,0.11502779,0.08109384,0.0,0.0,0.18933815,0.0,0.26270995,0.0,0.12118778,0.0,0.0395589,0.042624738,0.0032045972
1.9039208,-0.6974911,-0.10915876,0.055377036,0.0,0.0,0.0,0.0,0.096743755,0.0,0.19640255,0.21418954,0.0,0.0,0.97772145,0.28256553,0.0,0.70014864,0.0,0.0,0.3860473,0.0,0.526829,0.85789776,0.98079526,0.7961499,1.2845979,0.0,0.32697666,0.0,0.7183077,0.9268364,0.36840972,0.00047501922,0.26876414,0.30966496,0.162734,0.21159881,0.34651366,0.09303923,0.2509817,0.0,0.072467454,0.0,0.0,0.0046248436,0.27641433,0.0,0.0,0.49763286,0.26701638,0.06086973,0.12490955,0.0,0.1288718,0.12071082,0.16224946,0.018310366,0.0,0.0,0.0,0.26349732,0.0,0.12465249,0.0,0.030968368,0.0,0.010228418,-0.042655632,0.008451512
0.8751091,-1.2142649,-1.097397,0.0,0.0,0.0,0.0,0.0,0.03403058,0.0,0.0,0.27988946,0.766325,0.16064821,1.0016868,0.3424921,0.53911424,0.21444014,0.0,0.0,0.0,0.0,0.0,0.70027435,0.23426113,1.1165656,0.80420804,0.0,0.75674224,0.0,1.0038078,0.8294916,0.77135646,0.0,0.0,0.0,0.1101346,0.0,0.39557013,0.23316954,0.45619506,0.27964112,0.0,0.0,0.0,0.2759735,0.6587325,0.19038916,0.14051028,0.44734675,0.0,0.069372825,0.12808052,0.0,0.0,0.0,0.34717426,0.27382758,0.0,0.0,0.0,0.55714524,0.0,0.0,0.0,0.1280405,0.0,-0.39232865,-0.22408183,0.11736443
0.8342373,-0.077708736,0.54525656,0.0,0.0,0.0,0.0,0.0,0.0,0.0,0.48859566,0.274382,0.0,0.05370149,0.51167345,0.0,0.0,0.74489343,0.0,0.05261667,0.41310495,0.0,0.589267,0.30948335,0.8249393,0.0833642,0.90550053,0.08857739,0.0,0.0,0.5237689,0.53866386,0.0,0.051209986,0.6702498,0.43865398,0.0,0.39980054,0.10980545,0.029839084,0.12451062,0.0,0.21490519,0.0,0.0,0.0,0.0,0.0,0.0,0.16834325,0.31739467,0.0,0.12029732,0.0,0.22311649,0.2143769,0.06826593,0.0,0.095962554,0.0,0.0,0.0,0.0,0.38750422,0.0,0.07104538,0.0,0.30272985,0.14434898,-0.0990543
-0.30158648,1.3707879,-0.9603504,0.0,0.0,0.0,0.12756437,0.6227168,0.556578,0.95113415,0.0,0.6204319,0.2588752,0.0,0.8514734,0.0,0.50186884,0.6103722,0.0,0.0,0.0669571,0.0,0.0,0.0,1.1906614,0.0,0.0,0.74589664,0.865798,0.0,0.0,0.01501292,0.0,0.0,0.4611505,0.0,0.0,0.0,0.3076394,0.23458534,0.6903537,0.0,0.09055106,0.0,0.08572626,0.52996397,0.7147272,0.23425983,0.38015908,0.19999683,0.095162824,0.0,0.4092047,0.0,0.0,0.0,0.41417176,0.14557883,0.0,0.0,0.11386978,0.5728259,0.0,0.13321942,0.0,0.49366438,0.0,-0.40250474,-0.25357437,0.15001823
-0.6531607,0.45326135,-0.60415274,0.0,0.0,0.0,0.2417652,0.23692244,0.090488486,0.27903712,0.019736737,0.49597713,0.523751,0.4028743,0.55541927,0.0,0.5552178,0.3871612,0.0,0.0,0.0,0.0,0.0,0.0,0.48150015,0.0,0.0,0.69628817,0.58533347,0.0,0.22980472,0.12080042,0.0,0.0,0.28905803,0.0,0.0,0.0035891756,0.18074846,0.24032593,0.42617136,0.0,0.108778,0.0,0.09254095,0.44626126,0.43143463,0.0,0.20779337,0.14363883,0.0,0.0,0.28766948,0.0,0.0,0.038521126,0.30414456,0.15242685,0.0003266856,0.0,0.019189142,0.34482023,0.0,0.09240118,0.0,0.25173986,0.0,-0.26760986,-0.12328361,0.083704
0.7791909,-0.7378564,-0.5738147,0.0,0.0,0.0,0.0,0.0,0.0006584078,0.0,0.039079472,0.2949443,0.45097357,0.1254115,0.83261764,0.05822158,0.23550263,0.3939572,0.0,0.0,0.0,0.0,0.0,0.49198952,0.45061275,0.7063803,0.74672973,0.06078738,0.5214946,0.0,0.7923988,0.6940223,0.3523917,0.0,0.0017982125,0.0,0.020813186,0.03484036,0.3602483,0.2096709,0.4091149,0.042962573,0.06745697,0.0,0.0,0.26764613,0.51380324,0.030411407,0.10826735,0.41773847,0.016265027,0.0,0.12522513,0.0,0.059341647,0.0,0.31939203,0.19664194,0.0,0.0,0.0,0.3675045,0.0,0.0009332895,0.0,0.16950656,0.0,-0.306166,-0.15952243,0.08904951
0.6588155,0.10964639,-0.015621639,0.0,0.0,0.0,0.0,0.0,0.06686873,0.0,0.24291085,0.35174522,0.013106212,0.0,0.6758198,0.0,0.0,0.6609824,0.0,0.0,0.24576719,0.0,0.21305794,0.087082,0.8707711,0.07332443,0.48900828,0.2011984,0.29981935,0.0,0.37311852,0.4737594,0.0,0.0,0.4934482,0.1637415,0.0,0.16486278,0.17975628,0.09740552,0.31718022,0.0,0.14936326,0.0,0.0,0.17754605,0.19160217,0.0,0.11625387,0.1899688,0.22004679,0.0,0.23717055,0.0,0.1884579,0.041611977,0.1872845,0.09999551,0.072163865,0.0,0.0,0.15162408,0.0,0.24204077,0.0,0.18010432,0.0,0.023125563,0.015706182,0.0034813005
0.5445553,0.4141028,0.50065136,0.0,0.0,0.0,0.0,0.0,0.0,0.0,0.4554922,0.34790987,0.0,0.0051485,0.48999357,0.0,0.0,0.7956148,0.0,0.11945854,0.4743747,0.0,0.5057639,0.0,0.97864485,0.0,0.51914215,0.25785854,0.05255291,0.0,0.2615515,0.37068316,0.0,0.0,0.7936012,0.37123424,0.0,0.2908424,0.045850456,0.009885535,0.20504351,0.0,0.142361,0.011659529,0.0,0.041584358,0.0,0.0,0.04397711,0.031135865,0.28633553,0.0,0.22149575,0.0,0.14654014,0.14782606,0.07336262,0.0014643129,0.17232195,0.0,0.0,0.009108836,0.0,0.40803596,0.0,0.137744,0.0,0.27451742,0.15229088,-0.07254346
1.1907462,0.43877354,0.08366502,0.0,0.0,0.0,0.0,0.0,0.24583554,0.0,0.24966617,0.3604327,0.0,0.0,0.8124055,0.0,0.0,0.85802186,0.0081474185,0.0,0.6012769,0.0,0.4929101,0.08219448,1.3060584,0.0,0.513963,0.07999486,0.297951,0.0,0.14709121,0.5213927,0.0,0.0,0.67083967,0.27816343,0.0,0.11397438,0.13911754,0.009667918,0.3334177,0.0,0.06286939,0.0,0.0,0.070367515,0.1729606,0.0,0.102173075,0.16912566,0.33721334,0.0,0.27563968,0.0,0.15462902,0.08264082,0.1407244,0.06418765,0.12888217,0.0,0.0,0.07999153,0.0,0.275553,0.0,0.2803015,0.0,0.09874595,0.06128811,-0.01880949
-0.70001453,0.7188957,1.1704638,0.0,0.049910694,0.0,0.2628579,0.4499393,0.0,0.0,0.776595,0.3767543,0.0,0.66203946,0.0,0.0,0.0,0.7353654,0.0,0.45251596,0.3215648,0.0,0.48504907,0.0,0.557632,0.0,0.27005422,0.66168916,0.0,0.0,0.2653488,0.009332627,0.0,0.04100223,1.0895956,0.60695267,0.0,0.47696927,0.0,0.0,0.028326586,0.0,0.15570436,0.20311,0.041171025,0.0,0.0,0.0,0.017599255,0.0,0.23161258,0.0,0.14380094,0.051741786,0.13807149,0.2026461,0.0,0.0,0.2999372,0.0,0.0,0.034373276,0.0,0.47170472,0.0,0.074654795,0.0,0.43453133,0.22220202,-0.10501144
-0.57651204,1.2997994,-0.32277793,0.0,0.011670411,0.0,0.25411487,0.67151237,0.28181496,0.6111714,0.09642668,0.5684523,0.12871051,0.08813831,0.5485039,0.0,0.27103525,0.64631915,0.0,0.0,0.13071123,0.0,0.0,0.0,1.001344,0.0,0.0,0.7887795,0.51586807,0.0,0.0,0.0,0.0,0.0,0.6800077,0.001443998,0.0,0.10499868,0.262268,0.1617426,0.5367578,0.0,0.1880521,0.0,0.03489974,0.3695898,0.4264111,0.032118037,0.29383487,0.114815876,0.08453448,0.0,0.36436868,0.0,0.0,0.0,0.2799537,0.019741917,0.013631288,0.0,0.0064086393,0.44252548,0.0,0.2670313,0.0,0.28834754,0.0,-0.19843066,-0.09229572,0.07989452
-0.08782106,1.3379246,1.4290618,0.0,0.21604976,0.0,0.0,0.64211094,0.0,0.0,0.83486116,0.40266427,0.0,0.152555,0.0718267,0.0,0.0,1.0421724,0.0,0.64565843,0.8649853,0.0,0.9150132,0.0,1.1939707,0.0,0.22989729,0.5519921,0.0,0.0,0.0,0.009744495,0.0,0.0,1.4295025,0.6714612,0.0,0.49030575,0.0,0.0,0.077252194,0.0,0.042695306,0.35684797,0.0,0.0,0.0,0.0,0.06381737,0.0,0.43760335,0.0,0.24842143,0.0746311,0.0,0.3040198,0.0,0.0,0.42216778,0.0,0.0,0.045340948,0.0,0.56963885,0.0,0.18788475,0.0,0.45620385,0.26164734,-0.15289393
-0.8355888,0.4144673,-0.10200891,0.0,0.0,0.0,0.3254056,0.27647302,0.0,0.012445807,0.24588415,0.45567286,0.40541595,0.60844696,0.32745126,0.0,0.36005905,0.4261157,0.0,0.0,0.0,0.0,0.0,0.0,0.35818338,0.0,0.0,0.72200066,0.31258592,0.0,0.32037067,0.07527575,0.0,0.0,0.46894178,0.14848597,0.0,0.15362042,0.11444281,0.14907691,0.2804532,0.0,0.16763769,0.03478772,0.052106302,0.29922324,0.21595517,0.0,0.14212258,0.096537024,0.0,0.0,0.22272477,0.01696838,0.08684466,0.06865263,0.21811691,0.09315377,0.08695097,0.0,0.0,0.2330523,0.0,0.20637,0.0,0.11253673,0.0,-0.027012274,-0.009307846,0.021817235
-1.1899832,0.35537377,-0.013019521,0.0,0.0,0.0,0.49858737,0.33005548,0.0,0.021088243,0.3005541,0.45543504,0.49930716,0.8327257,0.19562757,0.0,0.43690297,0.3580111,0.0,0.0,0.0,0.0,0.0,0.0,0.15654817,0.0,0.0,0.81961775,0.24692221,0.0,0.39486283,0.0057755113,0.0,0.0,0.46509254,0.20576635,0.0,0.19956025,0.092007644,0.15096201,0.22787878,0.0,0.19777063,0.064251736,0.12688959,0.28220868,0.17186117,0.0,0.119907215,0.09268336,0.0,0.0,0.1738227,0.041225508,0.08974334,0.10947481,0.18788362,0.060593538,0.06916217,0.0,0.0,0.19257586,0.0,0.2237693,0.0,0.06291029,0.0,0.025374815,0.0037132502,0.007894082
-0.12869921,0.874966,2.209906,0.0,0.19053063,0.0,0.0,0.437676,0.0,0.0,1.1976047,0.2827025,0.0,0.50208384,0.0,0.0,0.0,1.056246,0.0,0.8790516,0.9139917,0.0,1.3177662,0.0,0.88016605,0.0,0.83519346,0.4534764,0.0,0.48302695,0.23312467,0.07866624,0.0,0.34986565,1.5938034,0.921533,0.0,0.7475569,0.0,0.0,0.0,0.0,0.0,0.2680137,0.070340514,0.0,0.0,0.0,0.0,0.0,0.5567168,0.0,0.037840582,0.0,0.064495176,0.45381778,0.0,0.0,0.42175826,0.0,0.0,0.0,0.0,0.66896397,0.0,0.30180097,0.0,0.5326915,0.32604027,-0.18167059
-2.1635108,0.68216664,-1.1355349,0.0,0.0,0.0,1.0203589,0.6837291,0.020735495,1.1401336,0.0,0.6298268,1.109999,0.9988327,0.3518535,0.0,1.2886479,0.05740753,0.0,0.0,0.0,0.16435826,0.0,0.0,0.0,0.0,0.0,1.233024,0.8230896,0.0,0.17594188,0.0,0.0,0.0,0.059188962,0.0,0.0,0.0,0.25870022,0.4601246,0.51349324,0.30181414,0.20839435,0.0,0.5676586,0.65151834,0.66475224,0.3325585,0.25510502,0.18323362,0.0,0.0,0.2599867,0.0,0.0,0.25482145,0.3655575,0.0,0.0,0.0,0.19142488,0.41399902,0.0,0.022262111,0.0,0.23609675,0.0,-0.42696023,-0.27728707,0.18415736
0.97457993,0.55214924,0.5099947,0.0,0.0,0.0,0.0,0.0,0.10551905,0.0,0.43664068,0.34593874,0.0,0.0,0.61450195,0.0,0.0,0.91325104,0.0,0.1389174,0.6920526,0.0,0.6780477,0.01614837,1.2582073,0.0,0.57876766,0.14369154,0.07681511,0.0,0.14515865,0.43803498,0.0,0.0,0.86709,0.43326756,0.0,0.24749178,0.03832359,0.0,0.22886863,0.0,0.08406934,0.050873253,0.0,0.0,0.0,0.0,0.041754037,0.039387897,0.36269313,0.0,0.23726499,0.0,0.12258056,0.17368136,0.045613483,0.0,0.20658986,0.0,0.0,0.0,0.0,0.40662056,0.0,0.21060593,0.0,0.28692004,0.15927601,-0.08160729
0.052878227,0.8369464,1.1677847,0.0,0.035227537,0.0,0.0,0.33886868,0.0,0.0,0.7415232,0.36036912,0.0,0.2239571,0.15932003,0.0,0.0,0.9093288,0.0,0.4589765,0.650438,0.0,0.7637799,0.0,0.97565055,0.0,0.43520737,0.4436561,0.0,0.0,0.13076457,0.15386085,0.0,0.0,1.1707387,0.60058516,0.0,0.43423524,0.0,0.0,0.07405919,0.0,0.088471666,0.22453766,0.0,0.0,0.0,0.0,0.013609484,0.0,0.36897856,0.0,0.19167194,0.0,0.0856605,0.2560128,0.0,0.0,0.3347959,0.0,0.0,0.0,0.0,0.5095953,0.0,0.155434,0.0,0.41886687,0.24294432,-0.1248594
1.4766271,-1.5162288,-0.03699205,0.1302374,0.0,0.11793664,0.0,0.0,0.0,0.0,0.28444964,0.12884097,0.28447405,0.16666296,0.76866347,0.32653987,0.0,0.43791533,0.0,0.0,0.0,0.0,0.33942732,1.1716604,0.30320448,1.1589165,1.6456859,0.0,0.20046361,0.039660454,1.2347684,1.0018804,0.54809785,0.38302103,0.009168416,0.29541314,0.20084997,0.39494357,0.3499676,0.21192245,0.1538243,0.16283351,0.08033237,0.0,0.0,0.036331326,0.35459015,0.08499794,0.0,0.5794978,0.09655085,0.049698554,0.0,0.0,0.16084744,0.11785861,0.21493275,0.050034314,0.0,0.0,0.0,0.22538069,0.0,0.16117474,0.0,0.0,0.0,-0.029665492,-0.03882289,0.020442316
0.69441855,-1.8195022,-0.598876,0.0,0.0,0.24058107,0.0,0.0,0.0,0.0,0.08541705,0.17308007,0.8276155,0.5843805,0.7281759,0.30032068,0.42148933,0.12106815,0.0,0.0,0.0,0.0,0.0,1.0297954,0.0,1.3077462,1.3168888,0.0,0.43618304,0.0,1.4199193,0.904146,0.74014807,0.32827595,0.0,0.111941,0.13566427,0.21038988,0.3924748,0.2590745,0.32061946,0.40589872,0.04871869,0.0,0.0,0.18055409,0.5645753,0.1436653,0.009020686,0.544314,0.0,0.051797755,0.0,0.0,0.0,0.008226946,0.35902226,0.24904758,0.0,0.0,0.0,0.4077665,0.0,0.0,0.0,0.06285876,0.0,-0.29818073,-0.1278303,0.09390033
-1.5499743,0.17648219,0.9148217,0.0,0.0,0.0,0.6578093,0.35239974,0.0,0.0,0.7246283,0.36925837,0.32149312,1.2660872,0.0,0.0,0.09814925,0.4005253,0.0,0.27667975,0.0,0.0,0.0,0.0,0.0,0.0,0.19501634,0.85774505,0.0,0.13453612,0.6259413,0.0,0.0,0.20501837,0.76159996,0.5197919,0.0,0.48350248,0.0,0.0,0.04787933,0.0,0.21038884,0.04283085,0.14131472,0.08702742,0.0,0.0,0.01613526,0.0069326237,0.0,0.0,0.034137867,0.027864441,0.22091419,0.13473779,0.12840843,0.0,0.13942873,0.0,0.0,0.0,0.0,0.3794812,0.055749334,0.018576764,0.0,0.3297267,0.16158459,-0.039393537
0.030943787,-0.09539168,0.30807698,0.0,0.0,0.0,0.0,0.0,0.0,0.0,0.4166733,0.32523894,0.14952303,0.4334098,0.3758939,0.0,0.0,0.5445686,0.0,0.0,0.029603228,0.0,0.16036259,0.05473701,0.4497352,0.0,0.5584673,0.3501725,0.0879945,0.0,0.5801037,0.3676404,0.0,0.0059486926,0.5214638,0.2467423,0.0,0.31472516,0.08070972,0.087392464,0.17079258,0.0,0.21391189,0.0,0.0,0.15290664,0.053719305,0.0,0.042712748,0.14475803,0.12658112,0.0,0.121478856,0.0,0.21694627,0.10071862,0.21496394,0.08323971,0.035965465,0.0,0.0,0.09180572,0.0,0.3036821,0.0,0.089802966,0.0,0.13075231,0.08809378,-0.037249323
1.5207598,-0.07271327,-0.4690462,0.0,0.0,0.0,0.0,0.0,0.3246223,0.0,0.023621947,0.33425513,0.0,0.0,1.0520064,0.10448897,0.0,0.71114874,0.0,0.0,0.36557978,0.0,0.2362929,0.3728715,1.1787558,0.45105818,0.6501672,0.0,0.55458164,0.0,0.3550376,0.71768284,0.21699986,0.0,0.30193788,0.10345944,0.08689085,0.0,0.30047417,0.074545205,0.43702418,0.0,0.0038598478,0.0,0.0,0.15292646,0.45293534,0.0,0.12781636,0.3833062,0.2549489,0.0,0.2569368,0.0,0.11798855,0.0,0.24754351,0.13802825,0.01614685,0.0,0.0,0.3151162,0.0,0.05481659,0.0,0.28024668,0.0,-0.1691525,-0.088747114,0.08575133
-0.33350217,0.091956064,-0.75897324,0.0,0.0,0.0,0.059974067,0.0,0.09076575,0.0614807,0.0,0.45374066,0.59760463,0.34723327,0.66576076,0.0,0.5802287,0.33951712,0.0,0.0,0.0,0.0,0.0,0.0,0.4241483,0.06149868,0.0,0.54792976,0.64704853,0.0,0.39353985,0.27298212,0.0,0.0,0.12884277,0.0,0.0,0.0,0.15979002,0.24573143,0.41953838,0.0,0.034903713,0.0,0.017431129,0.4483638,0.44027227,0.0,0.2023171,0.18946615,0.0,0.0,0.274296,0.0,0.0026856884,0.0031048432,0.31395248,0.2689644,0.0,0.0,0.007134855,0.33133167,0.0,0.0006072968,0.0,0.28355557,0.0,-0.2943885,-0.13502048,0.08069611
-0.87257373,2.1742585,0.5046828,0.0,0.37800738,0.0,0.4493994,1.2256953,0.23762602,0.74371237,0.42203778,0.6124251,0.0,0.060472995,0.25239885,0.0,0.0,0.93017733,0.0,0.42913955,0.59944165,0.0,0.16755728,0.0,1.3471009,0.0,0.0,0.9748131,0.14905226,0.0,0.0,0.0,0.0,0.0,1.2789283,0.27244797,0.0,0.4379504,0.16813149,0.0,0.46310228,0.0,0.26825804,0.069365695,0.11018473,0.011914864,0.104407415,0.0,0.3738674,0.0,0.14277796,0.0,0.39674672,0.0,0.0,0.09771835,0.10736553,0.0,0.11972546,0.0,0.0,0.41834122,0.0,0.49668717,0.0,0.2215047,0.0,0.18694498,0.054074593,0.0022933353
0.13132642,-0.082421474,0.9003123,0.0,0.0,0.0,0.0,0.0,0.0,0.0,0.66872007,0.27182978,0.0,0.48888832,0.19722807,0.0,0.0,0.6657642,0.0,0.20280485,0.25329542,0.0,0.54715854,0.15473175,0.48484105,0.0,0.8535565,0.29049236,0.0,0.10179463,0.6253061,0.37253773,0.0,0.22380546,0.77106154,0.5218305,0.0,0.52406657,0.0,0.0,0.0,0.0,0.1785927,0.0,0.0,0.0,0.0,0.0,0.0,0.08464594,0.27000314,0.0,0.03479004,0.0,0.26638052,0.21909124,0.074757956,0.0,0.116535075,0.0,0.0,0.0,0.0,0.41477817,0.0,0.09800477,0.0,0.37873626,0.21354389,-0.105728246
-1.1977361,0.8637222,1.4473093,0.0,0.15649277,0.0,0.5189284,0.6496046,0.0,0.0,0.9077501,0.39022106,0.0,0.9175509,0.0,0.0,0.0,0.71811247,0.0,0.59298015,0.27180672,0.0,0.48422968,0.0,0.4023407,0.0,0.16166484,0.82627594,0.0,0.13574925,0.25459707,0.0,0.0,0.11254516,1.218986,0.68956184,0.0,0.5609536,0.0,0.0,0.0,0.0,0.14841081,0.21222557,0.17413862,0.0,0.0,0.0,0.024228692,0.0,0.20972683,0.0,0.13898864,0.10929753,0.12475143,0.21572731,0.0,0.0,0.3546936,0.0,0.0,0.003985109,0.0,0.4854093,0.014653496,0.06199585,0.0,0.47332835,0.22298256,-0.097741224
0.9482713,-0.7853871,-0.022047844,0.0,0.0,0.0,0.0,0.0,0.0,0.0,0.2740701,0.2350967,0.20961297,0.16090997,0.68161035,0.0,0.0,0.50771344,0.0,0.0,0.017420698,0.0,0.2283059,0.6382333,0.48361668,0.6381593,1.0785111,0.0,0.23597986,0.0,0.8621713,0.72818315,0.1667184,0.116078556,0.21957639,0.25928214,0.025745824,0.28034407,0.3156571,0.14313138,0.25068152,0.0,0.17205155,0.0,0.0,0.12384338,0.2979961,0.0,0.009303331,0.4127388,0.19493325,0.0,0.041885182,0.0,0.20055987,0.08279495,0.24506989,0.06951764,0.0,0.0,0.0,0.16701017,0.0,0.18100554,0.0,0.058167633,0.0,-0.015129454,-0.023407467,-0.0008859914
0.010956457,-0.16943848,1.317867,0.0,0.0,0.0,0.0,0.0,0.0,0.0,0.85834146,0.23059256,0.0,0.6647733,0.011561006,0.0,0.0,0.6915019,0.0,0.35523653,0.3024519,0.0,0.7424577,0.22010708,0.36491418,0.0,1.0565648,0.29356948,0.0,0.3828195,0.7293766,0.35330185,0.0,0.42588672,0.90484595,0.6666741,0.0,0.6812757,0.0,0.0,0.0,0.0,0.12666999,0.0,0.0,0.0,0.0,0.0,0.0,0.051856264,0.3331438,0.0,0.0,0.0,0.29707024,0.31141922,0.027940191,0.0,0.12735555,0.0,0.0,0.0,0.0,0.45773613,0.0,0.16877723,0.0,0.44920588,0.24967395,-0.11902659
0.24362417,0.7283216,-1.0778269,0.0,0.0,0.0,0.0,0.15798801,0.50357604,0.47863287,0.0,0.53271294,0.3387315,0.0,0.98627675,0.0,0.4722982,0.54739827,0.0,0.0,0.0,0.0,0.0,0.0,1.0728569,0.0,0.0,0.48133558,0.89223635,0.0,0.0,0.27641574,0.0,0.0,0.23872705,0.0,0.0,0.0,0.24749117,0.25624213,0.5743928,0.0,0.0,0.0,0.0,0.5169836,0.723946,0.09432356,0.32955188,0.20603034,0.1434153,0.0,0.42318478,0.0,0.0,0.0,0.42207912,0.27242807,0.0,0.0,0.041498147,0.4572579,0.0,0.020766988,0.0,0.4602988,0.0,-0.39394897,-0.1950181,0.11188073
0.1751283,-0.78757447,-0.6737255,0.0,0.0,0.0,0.0,0.0,0.0,0.0,0.020779759,0.32215863,0.68825513,0.44000864,0.70007116,0.0,0.48964596,0.24788347,0.0,0.0,0.0,0.0,0.0,0.32976022,0.14472422,0.63924253,0.54217535,0.24787566,0.5453863,0.0,0.8638753,0.5711318,0.28954086,0.0,0.0,0.0,0.0,0.025276639,0.2715318,0.21463086,0.3915959,0.13611534,0.03938783,0.0,0.0,0.30915192,0.4545586,0.033044256,0.11029428,0.362943,0.0,0.0,0.077642955,0.0,0.019900024,0.00043213367,0.32131913,0.23114489,0.0,0.0,0.0,0.3653712,0.0,0.0,0.0,0.21037263,0.0,-0.31535563,-0.13213214,0.084720396
1.1391984,-0.42179385,-0.7473192,0.0,0.0,0.0,0.0,0.0,0.22519398,0.0,0.0,0.3324931,0.30560595,0.0,1.0169303,0.1415965,0.16593838,0.5089985,0.0,0.0,0.004936341,0.0,0.0,0.40831316,0.8073139,0.63847023,0.6008974,0.005444646,0.65407693,0.0,0.5607085,0.712618,0.3858218,0.0,0.054558605,0.0,0.0796479,0.0,0.35166642,0.18285392,0.4651565,0.0,0.0,0.0,0.0,0.28622758,0.62849504,0.025771268,0.18477745,0.40079966,0.0996176,0.0,0.23894826,0.0,0.025825903,0.0,0.33400768,0.24386975,0.0,0.0,0.0,0.42830884,0.0,0.0,0.0,0.25217527,0.0,-0.3331818,-0.18316193,0.10767416
0.62578446,-0.66069263,0.25308862,0.0,0.0,0.0,0.0,0.0,0.0,0.0,0.3989707,0.23923323,0.16667569,0.33272147,0.5087256,0.0,0.0,0.5196701,0.0,0.0,0.025998719,0.0,0.28722814,0.5156139,0.39790922,0.4403482,1.0348177,0.07877535,0.090556934,0.0,0.84738827,0.6223271,0.0,0.18670759,0.35208032,0.35019633,0.0,0.39309654,0.21693851,0.11821238,0.1687472,0.0,0.2211462,0.0,0.0,0.09056123,0.1331649,0.0,0.0,0.33235356,0.22173132,0.0,0.004495941,0.0,0.25440714,0.13855506,0.20032781,0.053202607,0.006097384,0.0,0.0,0.05897768,0.0,0.26028866,0.0,0.020937692,0.0,0.12905774,0.048381444,-0.05281748
-0.7649493,-0.6545269,-0.36406404,0.0,0.0,0.0,0.2247406,0.0,0.0,0.0,0.18319187,0.3493539,0.81852156,0.9365208,0.34886736,0.0,0.6164462,0.14704508,0.0,0.0,0.0,0.0,0.0,0.028252117,0.0,0.30751568,0.31870767,0.5478779,0.35824594,0.0,0.90229595,0.32367682,0.0,0.013828501,0.022806168,0.021114433,0.0,0.13011985,0.13888563,0.2230475,0.2888635,0.111708306,0.11041197,0.0,0.052339595,0.32700455,0.2828626,0.0,0.10252263,0.26822796,0.0,0.0,0.024801766,0.0,0.066419154,0.11411144,0.27959836,0.27312788,0.0,0.0,0.0,0.21738291,0.0,0.023049057,0.0,0.1672928,0.0,-0.20120496,-0.07668394,0.038924955
0.16886245,0.23750626,-0.8850569,0.0,0.0,0.0,0.0,0.0,0.27645373,0.08692604,0.0,0.46135262,0.44498485,0.005354017,0.85776,0.0,0.46295443,0.45047203,0.0,0.0,0.0,0.0,0.0,0.0,0.7459751,0.10699416,0.0,0.41910437,0.7455254,0.0,0.25238568,0.35844362,0.0055614114,0.0,0.1542229,0.0,0.0,0.0,0.21589151,0.24879941,0.4838513,0.0,0.0,0.0,0.0,0.46034938,0.5637313,0.0,0.2806769,0.20466575,0.07140161,0.0,0.36269218,0.0,0.0,0.0,0.3233457,0.3049201,0.018510573,0.0,0.0012937412,0.36985883,0.0,0.01335074,0.0,0.34471664,0.0,-0.32793385,-0.16069372,0.08666083
-0.041648887,0.21700634,-0.26206845,0.0,0.0,0.0,0.0,0.0,0.034892656,0.0,0.15690309,0.4139632,0.28461713,0.24144824,0.58151245,0.0,0.211983,0.50832933,0.0,0.0,0.0,0.0,0.0,0.0,0.61641896,0.0,0.09924421,0.45030934,0.4101926,0.0,0.34744748,0.299684,0.0,0.0,0.38722482,0.021791745,0.0,0.07654822,0.14435065,0.16242248,0.3609885,0.0,0.110384375,0.0,0.0,0.3276016,0.30060458,0.0,0.15944798,0.13447483,0.074303664,0.0,0.2808832,0.0,0.10477246,0.0,0.28781793,0.19228123,0.059583846,0.0,0.0,0.25357303,0.0,0.14876601,0.0,0.20724846,0.0,-0.13453501,-0.04174702,0.047487058
0.7687505,-0.30662957,1.2169405,0.09636629,0.0,0.0,0.0,0.0,0.0,0.0,0.7932983,0.19237125,0.0,0.30445883,0.24022432,0.0,0.0,0.7905588,0.0,0.28137535,0.5073476,0.0,0.94084954,0.49831238,0.6396134,0.043902785,1.3216547,0.03953582,0.0,0.32264486,0.7310864,0.55534863,0.0,0.40638158,0.8643342,0.68524736,0.0,0.6872772,0.0,0.0,0.0,0.0,0.13206752,0.0,0.0,0.0,0.0,0.0,0.0,0.14292677,0.4192872,0.0,0.0,0.0,0.3121289,0.3807545,0.0,0.0,0.102494724,0.0,0.0,0.0,0.0,0.46550378,0.0,0.16270673,0.0,0.4581976,0.23779644,-0.13539395
1.5349948,-2.5079577,-1.2237389,0.025319666,0.0,0.3919513,0.0,0.0,0.0,0.0,0.0,0.1115464,1.020018,0.2951114,1.116233,0.89903665,0.56458527,0.020534128,0.0,0.0,0.0,0.0,0.0,1.5515783,0.0,2.0075803,1.6773007,0.0,0.7351233,0.0,1.6772499,1.2545334,1.4329476,0.32801777,0.0,0.0,0.34853703,0.12600726,0.5354014,0.35829598,0.3680491,0.71337473,0.0,0.0,0.0,0.17879197,0.8056617,0.34196144,0.03597051,0.65170676,0.0,0.23189604,0.018939987,0.0,0.0,0.0,0.37190914,0.3356694,0.0,0.0,0.0,0.74490786,0.0,0.0,0.0,0.0,0.0,-0.47173285,-0.2555129,0.15096964
1.4937232,-0.87789464,1.5292325,0.3970875,0.0,0.048470408,0.0,0.0,0.0,0.0,0.930079,0.06884068,0.0,0.20828903,0.27943555,0.0,0.0,0.850798,0.0,0.30046248,0.6629353,0.0,1.3305366,1.0482066,0.63287276,0.43683243,2.0098608,0.0,0.0,0.672943,1.0284853,0.8313056,0.0,0.72468114,0.84921503,0.8254169,0.0,0.9451544,0.0,0.0,0.0,0.0,0.011584774,0.0,0.0,0.0,0.0,0.0,0.0,0.31606066,0.5453402,0.0,0.0,0.0,0.39719388,0.51368976,0.0,0.0,0.024727998,0.0,0.0,0.0,0.0,0.5042548,0.0,0.20028272,0.0,0.5227114,0.27452755,-0.14305937
0.71051216,-0.3033525,1.4558648,0.14157885,0.0,0.0,0.0,0.0,0.0,0.0,0.89875257,0.17459725,0.0,0.37897688,0.14129078,0.0,0.0,0.8197336,0.0,0.3770581,0.5594342,0.0,1.0614092,0.5110508,0.6068501,0.0,1.4112816,0.04616162,0.0,0.46144953,0.7591492,0.5355214,0.0,0.49984226,0.9586019,0.7550454,0.0,0.7720541,0.0,0.0,0.0,0.0,0.09136245,0.0,0.0,0.0,0.0,0.0,0.0,0.10748747,0.45014632,0.0,0.0,0.0,0.3273052,0.4375192,0.0,0.0,0.11092977,0.0,0.0,0.0,0.0,0.49551505,0.0,0.2156925,0.0,0.49043894,0.26661867,-0.14286603
0.22513306,-0.23909394,0.5222705,0.0,0.0,0.0,0.0,0.0,0.0,0.0,0.5093694,0.28203553,0.056098595,0.42888808,0.34157163,0.0,0.0,0.5846071,0.0,0.02675873,0.114623904,0.0,0.3427012,0.21428025,0.44916952,0.060550705,0.7973859,0.25606498,0.0,0.0,0.66796136,0.436294,0.0,0.13766378,0.573212,0.39261794,0.0,0.4325224,0.049863562,0.053763255,0.08913598,0.0,0.23087248,0.0,0.0,0.06523491,0.0,0.0,0.0,0.17129543,0.20614097,0.0,0.052256443,0.0,0.26740882,0.15567522,0.15114923,0.013993833,0.05096297,0.0,0.0,0.0022866866,0.0,0.35038644,0.0,0.047025777,0.0,0.2660915,0.14509347,-0.0756285
-1.4240618,0.6240746,0.413119,0.0,0.0,0.0,0.6285627,0.5393097,0.0,0.0006570816,0.48035294,0.45998615,0.3278803,0.9314121,0.0059126616,0.0,0.25638962,0.4459268,0.0,0.14958186,0.0,0.0,0.0,0.0,0.190914,0.0,0.0,0.9129653,0.038825467,0.0,0.30507553,0.0,0.0,0.0,0.7102401,0.36942592,0.0,0.32994398,0.05605561,0.07591746,0.12839769,0.0,0.2563864,0.12066078,0.11767423,0.16114233,0.01752337,0.0,0.11805117,0.008647561,0.0,0.0,0.16844359,0.09584142,0.12628281,0.12804385,0.11082663,0.0,0.17498457,0.0,0.0,0.14390199,0.0,0.32829213,0.0,0.0,0.0,0.23189692,0.09055085,-0.041351434
1.339555,-0.18363193,0.14824511,0.0,0.0,0.0,0.0,0.0,0.0626687,0.0,0.3031842,0.27551252,0.0,0.0,0.7781248,0.0,0.0,0.7526947,0.0,0.0,0.4436711,0.0,0.52552104,0.4593065,1.0102803,0.33475718,0.9393182,0.0,0.21543725,0.0,0.49897483,0.68476784,0.0,0.0,0.5052347,0.3606745,0.0,0.25526047,0.25367838,0.061035328,0.25627616,0.0,0.16142999,0.0,0.0,0.033457696,0.13949533,0.0,0.013104767,0.31444752,0.3466038,0.0,0.1511355,0.0,0.19855383,0.15119614,0.13401282,0.015538095,0.07777792,0.0,0.0,0.07198796,0.0,0.2500384,0.0,0.12356751,0.0,0.13398212,0.050739143,-0.048996396
-0.002677247,0.6003727,0.49008906,0.0,0.0,0.0,0.0,0.2037912,0.0,0.0,0.4619756,0.39295307,0.0,0.21563084,0.36129484,0.0,0.0,0.7305209,0.0,0.1540549,0.33368468,0.0,0.32145444,0.0,0.83376735,0.0,0.24047516,0.4590388,0.052787393,0.0,0.20145312,0.20845737,0.0,0.0,0.8171919,0.362571,0.0,0.28512523,0.029158182,0.0,0.21384948,0.0,0.14938965,0.08040014,0.0,0.063899845,0.0,0.0,0.05930136,0.0,0.23925036,0.0,0.21730429,0.0,0.13496931,0.10092744,0.10761413,0.0,0.19740766,0.0,0.0,0.102183595,0.0,0.37320173,0.0,0.12918493,0.0,0.26125896,0.1567741,-0.04755818
-0.11263125,0.40621233,0.08747641,0.0,0.0,0.0,0.0,0.11318706,0.0,0.0,0.30144054,0.40911323,0.11688317,0.27152514,0.45600936,0.0,0.028881535,0.59678054,0.0,0.0,0.096206605,0.0,0.026103752,0.0,0.68254834,0.0,0.13113059,0.48405117,0.24154472,0.0,0.28109285,0.2349079,0.0,0.0,0.58536726,0.17664827,0.0,0.17883223,0.12100947,0.09495137,0.313438,0.0,0.15427232,0.0,0.0,0.21760382,0.17003629,0.0,0.11448763,0.08893451,0.13275678,0.0,0.24918151,0.0,0.15163769,0.015631385,0.24671033,0.101726815,0.10636069,0.0,0.0,0.21049848,0.0,0.2598132,0.0,0.14233246,0.0,0.030570805,0.0342746,0.013351718
-0.26695418,0.8251062,0.85879445,0.0,0.01234749,0.0,0.0556108,0.39495152,0.0,0.0,0.62022674,0.39848074,0.0,0.33615485,0.17980963,0.0,0.0,0.79273367,0.0,0.3401246,0.4304523,0.0,0.46587378,0.0,0.8303498,0.0,0.20142752,0.55799615,0.0,0.0,0.13367146,0.09219754,0.0,0.0,1.0231771,0.498703,0.0,0.36852252,0.0,0.0,0.13849868,0.0,0.1312059,0.1896809,0.0,0.0,0.0,0.0,0.04445915,0.0,0.27673137,0.0,0.20076075,0.050008073,0.10469677,0.16537264,0.019697294,0.0,0.28841904,0.0,0.0,0.07459948,0.0,0.43903714,0.0,0.12840064,0.0,0.3682042,0.19425441,-0.08718909
-1.915679,0.82497114,1.1851956,0.0,0.1570215,0.0,0.879741,0.78459185,0.0,0.0,0.8229083,0.4372766,0.1281752,1.2562729,0.0,0.0,0.0,0.5253766,0.0,0.4944169,0.0,0.0,0.069129914,0.0,0.055238456,0.0,0.0,1.0590817,0.0,0.056972772,0.3129483,0.0,0.0,0.062155873,1.0583413,0.61161435,0.0,0.5213345,0.0,0.0,0.0,0.0,0.24422619,0.13880993,0.22599234,0.0,0.0,0.0,0.10825631,0.0,0.0,0.0,0.14524087,0.14620416,0.1611588,0.13858044,0.011258654,0.0,0.30164284,0.0,0.0,0.08906057,0.0,0.42826274,0.13054857,0.0,0.0,0.42557293,0.13994524,-0.054753013
-0.43567598,0.60760194,0.2282758,0.0,0.0,0.0,0.13333702,0.29746914,0.0,0.0,0.36436436,0.43384793,0.099747494,0.38829878,0.33630306,0.0,0.033734087,0.6041467,0.0,0.058666915,0.09236781,0.0,0.012743646,0.0,0.64558744,0.0,0.0,0.60946095,0.17296363,0.0,0.20825574,0.1161104,0.0,0.0,0.6882081,0.24937738,0.0,0.21636969,0.1004194,0.05993765,0.285313,0.0,0.1757001,0.051187467,0.0,0.1843725,0.1168539,0.0,0.120174035,0.03778684,0.11951085,0.0,0.24748084,0.028495304,0.13990377,0.028668761,0.20124069,0.040810525,0.15805522,0.0,0.0,0.2112392,0.0,0.29743752,0.0,0.11019525,0.0,0.11396683,0.06873354,-0.00077670254
-1.7284412,0.6810237,-2.0344865,0.0,0.0,0.0,0.811669,0.551186,0.38629076,1.544714,0.0,0.68926406,1.3109932,0.6017484,0.7834023,0.0,1.6123598,0.0,0.0,0.0,0.0,0.26174328,0.0,0.0,0.16148803,0.0,0.0,1.1420124,1.309458,0.0,0.044885248,0.0,0.0,0.0,0.0,0.0,0.0,0.0,0.30562264,0.5645798,0.71424073,0.30382997,0.04277134,0.0,0.60801846,0.8570112,1.0036082,0.5776109,0.4047047,0.19693136,0.0,0.0,0.3914398,0.0,0.0,0.13406818,0.5144927,0.08513739,0.0,0.0,0.33177698,0.54591846,0.0,0.0,0.0,0.4342674,0.0,-0.6109485,-0.42774016,0.27975103
-0.283371,0.684054,1.1697649,0.0,0.014176458,0.0,0.051483057,0.33619028,0.0,0.0,0.76252997,0.35581625,0.0,0.45861933,0.054967582,0.0,0.0,0.8084116,0.0,0.4401173,0.46618438,0.0,0.6303079,0.0,0.73055935,0.0,0.41809916,0.52550364,0.0,0.0,0.24861567,0.11046052,0.0,0.03480938,1.1025542,0.59777206,0.0,0.46655253,0.0,0.0,0.039050795,0.0,0.120174095,0.20359953,0.0,0.0,0.0,0.0,0.0,0.0,0.30399913,0.0,0.14404252,0.0,0.13027139,0.2296892,0.0,0.0,0.3021484,0.0,0.0,0.005423122,0.0,0.48101962,0.0,0.12349108,0.0,0.4247269,0.242352,-0.11437122
0.34163788,-1.0068219,-0.6445557,0.0,0.0,0.0,0.0,0.0,0.0,0.0,0.038166896,0.28706756,0.6957813,0.4439748,0.716595,0.0033227801,0.45009708,0.23410866,0.0,0.0,0.0,0.0,0.0,0.4965196,0.0932349,0.7892121,0.73021775,0.16020288,0.51748127,0.0,0.9784417,0.6541912,0.39109716,0.0,0.0,0.0065576117,0.0,0.058884338,0.31798705,0.2058026,0.3772058,0.19376138,0.049012676,0.0,0.0,0.2675621,0.47366804,0.076217666,0.07838148,0.4170888,0.0,0.0,0.036752626,0.0,0.023003541,0.0,0.33540198,0.20564482,0.0,0.0,0.0,0.37213755,0.0,0.0,0.0,0.17650622,0.0,-0.31552148,-0.1273053,0.085380495
-0.556509,-0.129327,-1.1326485,0.0,0.0,0.0,0.16191274,0.0,0.09255872,0.20487565,0.0,0.46880305,0.8742198,0.47798678,0.7175408,0.0,0.8754193,0.1822142,0.0,0.0,0.0,0.0,0.0,0.0,0.20376897,0.22987011,0.0,0.6027753,0.8138453,0.0,0.5017615,0.27899593,0.09704846,0.0,0.0,0.0,0.0,0.0,0.17825474,0.31017613,0.4601758,0.0932683,0.0,0.0,0.13661085,0.5129798,0.56565076,0.040848255,0.22112633,0.2150237,0.0,0.0,0.23548082,0.0,0.0,0.005569011,0.35038862,0.30363363,0.0,0.0,0.036625557,0.38436875,0.0,0.0,0.0,0.31168374,0.0,-0.3770951,-0.18165492,0.124857
-1.5893446,0.6991383,0.5890794,0.0,0.025506288,0.0,0.7143996,0.62270784,0.0,0.0,0.55894154,0.46041912,0.28938696,1.0217953,0.0,0.0,0.2089285,0.4604728,0.0,0.23375632,0.0,0.0,0.0,0.0,0.15236583,0.0,0.0,0.96751153,0.0,0.0,0.29470754,0.0,0.0,0.0,0.79587805,0.4309228,0.0,0.3766943,0.032432236,0.04252903,0.089785755,0.0,0.26575083,0.12864657,0.14320357,0.123065665,0.0,0.0,0.12273756,0.0,0.0,0.0,0.16153984,0.11810157,0.13138455,0.13180058,0.08021133,0.0,0.21019277,0.0,0.0,0.13107353,0.0,0.35625765,0.0,0.0,0.0,0.29305148,0.11198369,-0.050474696
0.09648491,0.6702818,0.6272666,0.0,0.0,0.0,0.0,0.2224764,0.0,0.0,0.5141895,0.38538796,0.0,0.1630243,0.3460166,0.0,0.0,0.78900146,0.0,0.21799324,0.43939304,0.0,0.44449872,0.0,0.91609025,0.0,0.29469186,0.43172267,0.0,0.0,0.16671944,0.21253434,0.0,0.0,0.9010109,0.4206115,0.0,0.31453007,0.0009959526,0.0,0.18843858,0.0,0.13685569,0.1098856,0.0,0.012105525,0.0,0.0,0.048601404,0.0,0.27789026,0.0,0.21548876,0.0,0.11693329,0.13999575,0.057650015,0.0,0.2322541,0.0,0.0,0.0581196,0.0,0.41701645,0.0,0.13415894,0.0,0.31676316,0.17667192,-0.07074002
-0.9839605,0.5135816,0.893155,0.0,0.0,0.0,0.39535582,0.39789075,0.0,0.0,0.677346,0.38789216,0.05022265,0.8366535,0.0,0.0,0.0,0.5859383,0.0,0.31415492,0.05219973,0.0,0.2004255,0.0,0.31520757,0.0,0.17060786,0.7332318,0.0,0.0,0.3797577,0.0,0.0,0.031752482,0.8946413,0.51009655,0.0,0.43111357,0.0,0.0,0.06514807,0.0,0.21770108,0.12030688,0.059279416,0.0094091,0.0,0.0,0.034124553,0.0,0.10439933,0.0,0.13163173,0.05594928,0.18200135,0.13178773,0.07022362,0.0,0.22132675,0.0,0.0,0.07169963,0.0,0.4077376,0.0,0.02822857,0.0,0.37509385,0.1818442,-0.06885863
0.89564186,-0.16460907,-0.35809115,0.0,0.0,0.0,0.0,0.0,0.13547099,0.0,0.09951477,0.3392418,0.15440416,0.0,0.8365859,0.0,0.0091231465,0.5862358,0.0,0.0,0.12800753,0.0,0.069643036,0.25425205,0.8317578,0.35463187,0.55942106,0.101867735,0.46386087,0.0,0.47455186,0.593645,0.074356735,0.0,0.28051242,0.052525215,0.0,0.050798595,0.30019712,0.1449626,0.41722947,0.0,0.09412052,0.0,0.0,0.23362081,0.40509725,0.0,0.15790047,0.31400466,0.18099338,0.0,0.22961614,0.0,0.14589499,0.0,0.27325222,0.16588444,0.022705447,0.0,0.0,0.26454198,0.0,0.12048885,0.0,0.22058672,0.0,-0.17532265,-0.092700794,0.053552985
-0.2533159,1.3807082,-0.32401168,0.0,0.013719618,0.0,0.097027875,0.6396183,0.37262028,0.57321614,0.07982479,0.5649882,0.0049034506,0.0,0.6430588,0.0,0.1560156,0.7280316,0.0,0.0,0.2832147,0.0,0.0,0.0,1.1984091,0.0,0.0,0.69986284,0.53640544,0.0,0.0,0.0077159107,0.0,0.0,0.72454363,0.0038300445,0.0,0.0780227,0.2595251,0.10252276,0.590098,0.0,0.14728361,0.0,0.0,0.32446337,0.41004884,0.0,0.29262853,0.1421585,0.14799544,0.0,0.36533055,0.0,0.008658029,0.0,0.28491655,0.04910595,0.0,0.0,0.0,0.46280015,0.0,0.25734752,0.0,0.35054883,0.0,-0.1979481,-0.08114034,0.085939
0.2384928,-0.5527333,-0.8489077,0.0,0.0,0.0,0.0,0.0,0.03396774,0.0,0.0,0.36230817,0.6597625,0.2825791,0.7979981,0.0,0.5280404,0.2858353,0.0,0.0,0.0,0.0,0.0,0.20233911,0.31658506,0.55949444,0.34952468,0.27321142,0.65997386,0.0,0.70490813,0.54018617,0.29240188,0.0,0.0,0.0,0.0,0.0,0.25575203,0.22594899,0.43918478,0.06501325,0.0,0.0,0.0,0.36238122,0.5278687,0.02194491,0.16838987,0.31930846,0.0,0.0,0.1608008,0.0,0.0,0.0,0.3216682,0.26541254,0.0,0.0,0.0,0.39857182,0.0,0.0,0.0,0.26991326,0.0,-0.34259397,-0.16009803,0.09436943
0.62095475,0.44959554,0.78580153,0.0,0.0,0.0,0.0,0.0,0.0,0.0,0.5743425,0.3245028,0.0,0.0059086382,0.413998,0.0,0.0,0.8662629,0.0,0.2365252,0.60369915,0.0,0.70479286,0.0034337267,1.0256076,0.0,0.65346146,0.22483239,0.0,0.0,0.26400554,0.37317598,0.0,0.0,0.9248458,0.4764304,0.0,0.36021367,0.0,0.0,0.13630606,0.0,0.12397505,0.05563878,0.0,0.0,0.0,0.0,0.011877805,0.0,0.3382411,0.0,0.20032868,0.0,0.1334374,0.21680653,0.0018463284,0.0,0.21769002,0.0,0.0,0.0,0.0,0.47039807,0.0,0.14070797,0.0,0.3623338,0.19591138,-0.101860024
0.68072194,-1.1078142,-2.2972422,0.0,0.0,0.0,0.0,0.0,0.39886716,0.0,0.0,0.40336972,1.2372671,0.0,1.3771634,0.57186794,1.2079036,0.0016000271,0.0,0.0,0.0,0.07171816,0.0,0.43088084,0.24465263,1.2971612,0.13455786,0.12228286,1.3847347,0.0,0.8350326,0.7935442,1.209563,0.0,0.0,0.0,0.14480506,0.0,0.29039943,0.27382588,0.6163914,0.3806468,0.0,0.0,0.0,0.45794687,1.0255979,0.3742752,0.37526268,0.32125545,0.0,0.06111964,0.34207824,0.0,0.0,0.0,0.38484502,0.49915755,0.0,0.0,0.0,0.84491706,0.0,0.0,0.0,0.3243605,0.0,-0.4928651,-0.33013624,0.17931105
0.74294764,-1.3772169,-1.4024402,0.0,0.0,0.0,0.0,0.0,0.051066034,0.0,0.0,0.2922471,0.9713127,0.2345655,1.0589188,0.42064828,0.7615362,0.099885255,0.0,0.0,0.0,0.0,0.0,0.7071698,0.087800115,1.2537885,0.7151654,0.015514076,0.8964313,0.0,1.077574,0.84188783,0.93505514,0.0,0.0,0.0,0.11063892,0.0,0.37961572,0.24487066,0.48077017,0.39017472,0.0,0.0,0.0,0.3009004,0.72725,0.2586308,0.16827191,0.43023133,0.0,0.08262218,0.1289523,0.0,0.0,0.0,0.364282,0.32428738,0.0,0.0,0.0,0.6348802,0.0,0.0,0.0,0.14432994,0.0,-0.42196262,-0.24043162,0.12863182
-1.0684804,-0.01433969,0.04159981,0.0,0.0,0.0,0.4134568,0.11107774,0.0,0.0,0.33815184,0.40225297,0.5586372,0.9233302,0.17853561,0.0,0.41903883,0.30461198,0.0,0.0,0.0,0.0,0.0,0.0,0.0,0.0,0.050990492,0.7215167,0.19073114,0.0,0.60265523,0.10986103,0.0,0.0,0.37524152,0.19983062,0.0,0.22077057,0.055189863,0.15454857,0.20230196,0.0,0.19005698,0.027493086,0.111010805,0.2612787,0.14132611,0.0,0.06993352,0.11190258,0.0,0.0,0.12521008,0.005584698,0.12025582,0.1131567,0.21158051,0.109175086,0.014151622,0.0,0.0,0.13124852,0.0,0.18594106,0.0,0.064833425,0.0,0.026170779,0.015804656,0.0029435325
-0.7159533,-0.3015595,-1.2350295,0.0,0.0,0.0,0.23210779,0.0,0.038525753,0.2028085,0.0,0.4637665,1.0152789,0.6082826,0.6958269,0.0,1.003195,0.09390932,0.0,0.0,0.0,0.032807678,0.0,0.0,0.032745183,0.3198716,0.0,0.63142765,0.84584856,0.0,0.6043247,0.28209895,0.17121643,0.0,0.0,0.0,0.0,0.0,0.16802599,0.3107746,0.46466225,0.20072696,0.0,0.0,0.2065509,0.5202528,0.5712811,0.06230604,0.21567439,0.21658462,0.0,0.0,0.20830354,0.0,0.0,0.010196991,0.35098737,0.29677185,0.0,0.0,0.031052716,0.39801976,0.0,0.0,0.0,0.30093879,0.0,-0.38876048,-0.1739795,0.1444443
-0.385098,-0.15487412,0.28298932,0.0,0.0,0.0,0.05880574,0.0,0.0,0.0,0.4242627,0.3372529,0.3046929,0.6682011,0.26722285,0.0,0.09166585,0.44535613,0.0,0.0,0.0,0.0,0.0,0.0,0.22294605,0.0,0.45180017,0.47289807,0.0794072,0.0,0.64840335,0.28723067,0.0,0.04067625,0.46773186,0.2267585,0.0,0.31498504,0.06283192,0.11839111,0.17806405,0.0,0.2087299,0.0,0.0,0.1922717,0.0661433,0.0,0.05022545,0.13324918,0.009303957,0.0,0.08305693,0.0,0.2098104,0.089346364,0.24801019,0.12653375,0.0032747723,0.0,0.0,0.10610289,0.0,0.2743913,0.0,0.07173256,0.0,0.0880834,0.061556093,-0.022978764
-0.060646802,-0.32248327,-0.74327713,0.0,0.0,0.0,0.0,0.0,0.012354881,0.0,0.0,0.392495,0.6392626,0.36902183,0.69944847,0.0,0.5394359,0.2987394,0.0,0.0,0.0,0.0,0.0,0.009054195,0.3086568,0.34593537,0.17606562,0.3973681,0.6132326,0.0,0.6096978,0.42155665,0.10152727,0.0,0.017730922,0.0,0.0,0.0,0.18988268,0.23114103,0.42649764,0.0,0.017073601,0.0,0.0,0.38976663,0.43453866,0.0,0.18300419,0.2545642,0.0,0.0,0.17655203,0.0,0.013143308,0.0,0.29451367,0.28197536,0.00032117963,0.0,0.0,0.35525864,0.0,0.0,0.0,0.27753878,0.0,-0.30382973,-0.15028329,0.08063193
1.6691935,-0.020380717,0.02343993,0.0,0.0,0.0,0.0,0.0,0.21855873,0.0,0.22872438,0.29210353,0.0,0.0,0.9244611,0.008826196,0.0,0.8342911,0.033210725,0.0,0.5918176,0.0,0.5850853,0.4531288,1.2622836,0.33605132,0.892286,0.0,0.30796984,0.0,0.3629855,0.72759205,0.01621759,0.0,0.5266915,0.3466505,0.026519727,0.16509669,0.25472912,0.035811782,0.3040564,0.0,0.07430698,0.0,0.0,0.02576387,0.21017325,0.0,0.03198093,0.33885744,0.38894832,0.0,0.19836873,0.0,0.17513983,0.118930764,0.14800568,0.027880987,0.0912965,0.0,0.0,0.100412466,0.0,0.22260387,0.0,0.20800701,0.0,0.08470812,0.03519331,-0.023240563
-1.048085,0.7960038,-1.0755745,0.0,0.0,0.0,0.4669847,0.48957926,0.26290876,0.87070745,0.0,0.5928663,0.71109736,0.38566273,0.6419464,0.0,0.88075614,0.31154495,0.0,0.0,0.0,0.0,0.0,0.0,0.5132256,0.0,0.0,0.8973068,0.8459134,0.0,0.018340856,0.0,0.0,0.0,0.18559507,0.0,0.0,0.0,0.2647741,0.37477413,0.54105127,0.0,0.10861258,0.0,0.2693584,0.597509,0.69133645,0.25671422,0.29235548,0.15440488,0.0,0.0,0.32473922,0.0,0.0,0.06917385,0.3829542,0.10893181,0.0,0.0,0.14040935,0.45083696,0.0,0.06764721,0.0,0.33573392,0.0,-0.4053749,-0.2727887,0.14644115
-0.09270816,1.0484825,-0.48804227,0.0,0.0,0.0,0.0,0.42342156,0.3526394,0.42213506,0.019422323,0.53341794,0.12157834,0.0,0.71604794,0.0,0.23343232,0.6546038,0.0,0.0,0.16926509,0.0,0.0,0.0,1.0845429,0.0,0.0,0.6064147,0.599192,0.0,0.0,0.118197635,0.0,0.0,0.5606307,0.0,0.0,0.0,0.23609325,0.14579083,0.5506708,0.0,0.086643055,0.0,0.0,0.3754996,0.45847392,0.0,0.2797364,0.14570534,0.14671308,0.0,0.3750085,0.0,0.0,0.0,0.31621936,0.12292523,0.01076711,0.0,0.0,0.44237813,0.0,0.17465311,0.0,0.36128885,0.0,-0.25312078,-0.10340558,0.08350775
-0.27842584,0.674412,-0.3745443,0.0,0.0,0.0,0.06521738,0.27471685,0.1638641,0.1781618,0.09416276,0.4871214,0.25428256,0.16579281,0.59497213,0.0,0.2853159,0.5500525,0.0,0.0,0.0,0.0,0.0,0.0,0.77678543,0.0,0.0,0.6011143,0.49973074,0.0,0.093323916,0.15259087,0.0,0.0,0.47515133,0.0,0.0,0.026951164,0.18224719,0.1712601,0.41892207,0.0,0.10126854,0.0,0.0,0.37240657,0.3838722,0.0,0.22499742,0.11054753,0.10164218,0.0,0.3367784,0.0,0.02451288,0.0,0.291984,0.13994607,0.07085698,0.0,0.0,0.3531907,0.0,0.17191038,0.0,0.25079972,0.0,-0.19197786,-0.06837188,0.056274116
-0.66356105,0.8837082,1.2732967,0.0,0.1063945,0.0,0.25392962,0.5313338,0.0,0.0,0.8115305,0.38586432,0.0,0.59870756,0.0,0.0,0.0,0.7980205,0.0,0.5193057,0.42865908,0.0,0.5743489,0.0,0.66728306,0.0,0.23581937,0.6704879,0.0,0.0,0.1779426,0.0,0.0,0.011573404,1.1864082,0.634487,0.0,0.48335674,0.0,0.0,0.021042444,0.0,0.13421844,0.25135568,0.051513765,0.0,0.0,0.0,0.03110239,0.0,0.27142483,0.0,0.17223835,0.07667898,0.097710654,0.23052958,0.0,0.0,0.34091946,0.0,0.0,0.041067965,0.0,0.49367926,0.0,0.08575652,0.0,0.4473425,0.23049214,-0.11955729
-1.0128956,-0.013437631,-0.36489117,0.0,0.0,0.0,0.39003962,0.08424714,0.0,0.0,0.16003345,0.4350194,0.69219035,0.8166716,0.33563656,0.0,0.61098003,0.24799952,0.0,0.0,0.0,0.0,0.0,0.0,0.035030663,0.0,0.0,0.7249048,0.40520042,0.0,0.5550155,0.13243769,0.0,0.0,0.2143925,0.05943179,0.0,0.097329736,0.089733005,0.2111464,0.27527806,0.049431063,0.13273837,0.0,0.14445111,0.36578155,0.2625639,0.0,0.12140031,0.15207158,0.0,0.0,0.17165083,0.0,0.061373062,0.10060291,0.23679614,0.17186826,0.0,0.0,0.0,0.20548625,0.0,0.082521036,0.0,0.14082645,0.0,-0.138603,-0.054380402,0.04575876
-0.059298802,-0.0049154833,-1.1281973,0.0,0.0,0.0,0.0,0.0,0.23027298,0.14274818,0.0,0.46292144,0.68141615,0.17184074,0.8607826,0.0,0.69519794,0.30896485,0.0,0.0,0.0,0.0,0.0,0.0,0.50669837,0.25596717,0.0,0.4656517,0.84212077,0.0,0.38678867,0.36446968,0.15185487,0.0,0.0,0.0,0.0,0.0,0.19678763,0.27961582,0.4883353,0.0,0.0,0.0,0.0,0.49099854,0.62832177,0.04447338,0.2592315,0.23010266,0.0,0.0,0.29422677,0.0,0.0,0.0,0.3526175,0.33083773,0.0,0.0,0.0074236095,0.42557153,0.0,0.0,0.0,0.3711261,0.0,-0.3770467,-0.19255872,0.10292327
-0.122571625,-0.7650165,-1.3804646,0.0,0.0,0.0,0.0,0.0,0.059486754,0.0,0.0,0.3975891,1.0342853,0.45162424,0.8683603,0.0,0.9483696,0.077414066,0.0,0.0,0.0,0.0024234653,0.0,0.13896225,0.04249528,0.7323971,0.11366624,0.38084236,0.90451586,0.0,0.8037164,0.5172194,0.52467835,0.0,0.0,0.0,0.0,0.0,0.20646054,0.24342865,0.4795915,0.24854293,0.0,0.0,0.09001297,0.43011394,0.6483951,0.12577799,0.21403907,0.27584907,0.0,0.0,0.15904555,0.0,0.0,0.0,0.36245856,0.34061596,0.0,0.0,0.0,0.5109723,0.0,0.0,0.0,0.3430888,0.0,-0.40306213,-0.17829244,0.13571064
-1.6807243,1.8640873,0.2928551,0.0,0.31552592,0.0,0.8376701,1.2414225,0.043539546,0.8979866,0.37588465,0.62683666,0.05945973,0.5610067,0.08203757,0.0,0.23488039,0.6649335,0.0,0.30769038,0.112005085,0.0,0.0,0.0,0.7983806,0.0,0.0,1.1914178,0.20040745,0.0,0.0,0.0,0.0,0.0,1.0459074,0.2822834,0.0,0.45716372,0.20140159,0.12462851,0.3535389,0.0,0.40403175,0.06034701,0.30005586,0.16170658,0.20254496,0.0,0.32178885,0.0,0.0,0.0,0.34549055,0.0,0.0,0.14410153,0.18325648,0.0,0.11657279,0.0,0.0,0.42865062,0.0,0.40602538,0.0,0.08261679,0.0,0.11227831,0.0025928244,0.023916679
-0.42895302,0.7113328,-0.395844,0.0,0.0,0.0,0.14336807,0.3277483,0.15150166,0.2541479,0.08869685,0.49940437,0.29651046,0.22574249,0.5648018,0.0,0.34015158,0.52574736,0.0,0.0,0.0,0.0,0.0,0.0,0.7291812,0.0,0.0,0.6551761,0.50813925,0.0,0.083123356,0.11145699,0.0,0.0,0.46958995,0.0,0.0,0.03451263,0.18935117,0.18600342,0.4242444,0.0,0.11727236,0.0,0.0,0.38704193,0.39653844,0.0,0.22479694,0.10834658,0.067549735,0.0,0.32786858,0.0,0.003268607,0.0,0.2925467,0.11699148,0.05875869,0.0,0.0,0.3578768,0.0,0.17565931,0.0,0.24403384,0.0,-0.20337182,-0.07500428,0.058329903
1.4727693,-0.522,-0.059867874,0.0,0.0,0.0,0.0,0.0,0.048878513,0.0,0.22502078,0.24811538,0.0,0.0,0.85859513,0.09018546,0.0,0.6651523,0.0,0.0,0.30357653,0.0,0.41834414,0.6475886,0.88154584,0.6007835,1.0752925,0.0,0.2996119,0.0,0.6604012,0.7914965,0.19466904,0.0,0.31990618,0.2963298,0.07837635,0.21828306,0.3211922,0.09510072,0.26775706,0.0,0.13851097,0.0,0.0,0.061955675,0.2524734,0.0,0.0,0.4207998,0.28077635,0.010648109,0.12482507,0.0,0.17388135,0.09811846,0.17826603,0.029317727,0.009042092,0.0,0.0,0.1981558,0.0,0.16196385,0.0,0.078066505,0.0,0.024360709,-0.014352143,0.0013789106
-1.0532261,0.1414794,-1.6588213,0.0,0.0,0.0,0.43425137,0.12805873,0.23900735,0.8122626,0.0,0.5660455,1.1356821,0.5312287,0.78967184,0.0,1.2719321,0.060852915,0.0,0.0,0.0,0.12928462,0.0,0.0,0.14812562,0.10149809,0.0,0.82742465,1.0926585,0.0,0.33499154,0.123287424,0.123021275,0.0,0.0,0.0,0.0,0.0,0.21136908,0.42582172,0.58405393,0.22548091,0.0,0.0,0.36948675,0.70100117,0.80312485,0.28735125,0.2931654,0.19586423,0.0,0.0,0.31750193,0.0,0.0,0.041657403,0.45724326,0.23583445,0.0,0.0,0.17144,0.45621493,0.0,0.0,0.0,0.38719982,0.0,-0.50104314,-0.28617042,0.2115254
0.04407699,-0.62668973,0.27027595,0.0,0.0,0.0,0.0,0.0,0.0,0.0,0.4263587,0.26534867,0.32725406,0.6254984,0.3483044,0.0,0.022602811,0.4169697,0.0,0.0,0.0,0.0,0.092611834,0.33144024,0.1474193,0.30298653,0.84377706,0.26582456,0.061563045,0.0,0.88086337,0.48381966,0.0,0.20757023,0.33582866,0.31298754,0.0,0.39110178,0.14149787,0.12696655,0.1672865,0.0,0.20580249,0.0,0.0,0.1304737,0.10350771,0.0,0.0,0.27502063,0.07995047,0.0,0.0,0.0,0.26058656,0.11972035,0.24625236,0.09828214,0.0,0.0,0.0,0.07175058,0.0,0.25769785,0.0,0.030226573,0.0,0.109587595,0.053773254,-0.032064036
-0.49564764,0.13187078,0.9220263,0.0,0.0,0.0,0.12559536,0.087622836,0.0,0.0,0.6907459,0.3206358,0.010846779,0.736138,0.038036346,0.0,0.0,0.5970192,0.0,0.25592446,0.1027565,0.0,0.35604104,0.0,0.31827986,0.0,0.549282,0.5194019,0.0,0.07625112,0.5594564,0.18563333,0.0,0.17502755,0.8120495,0.5039587,0.0,0.49353412,0.0,0.0,0.0012352467,0.0,0.18148452,0.037857074,0.0,0.0,0.0,0.0,0.0,0.016923249,0.17734277,0.0,0.054865725,0.0,0.23997054,0.16095278,0.098680116,0.0,0.15012988,0.0,0.0,0.0,0.0,0.40618396,0.0,0.07484067,0.0,0.37164134,0.21896613,-0.09184075
-0.013716249,1.422057,1.2964466,0.0,0.21771452,0.0,0.0,0.66430736,0.0,0.0,0.7704803,0.42096373,0.0,0.056108207,0.14520824,0.0,0.0,1.0541689,0.0,0.6058737,0.8841855,0.0,0.8711427,0.0,1.2816193,0.0,0.14476249,0.5484847,0.0,0.0,0.0,0.011987716,0.0,0.0,1.4073148,0.6285131,0.0,0.46167156,0.0,0.0,0.1371339,0.0,0.047929674,0.33872747,0.0,0.0,0.0,0.0,0.09242271,0.0,0.42817855,0.0,0.27574882,0.08339745,0.0,0.27609324,0.0,0.0,0.41039297,0.0,0.0,0.06956287,0.0,0.5596159,0.0,0.20298663,0.0045328885,0.43489653,0.24025829,-0.13706519
1.345943,0.89323545,0.14438657,0.0,0.0,0.0,0.0,0.035139218,0.39952806,0.0,0.24748005,0.40247566,0.0,0.0,0.8710804,0.0,0.0,1.0043631,0.1665698,0.044385657,0.84928966,0.0,0.6271264,0.0,1.6409212,0.0,0.3343652,0.098436266,0.31232482,0.0,0.0,0.45874682,0.0,0.0,0.8508813,0.34335813,0.0,0.065741,0.08113477,0.0,0.3781711,0.0,0.0,0.10526398,0.0,0.009979799,0.15787068,0.0,0.10881628,0.129824,0.41467983,0.0,0.32499504,0.0,0.119807824,0.072399594,0.1340365,0.0478343,0.20379756,0.0,0.0,0.058985222,0.0,0.32918453,0.0,0.400231,0.07917202,0.14472933,0.09735383,-0.028545234
0.6332212,-0.2785123,0.43500912,0.0,0.0,0.0,0.0,0.0,0.0,0.0,0.45837098,0.26833996,0.0,0.21521625,0.47908455,0.0,0.0,0.64050746,0.0,0.0,0.22785984,0.0,0.43335903,0.3417607,0.6182399,0.18320917,0.90569717,0.12626714,0.02946812,0.0,0.6456256,0.5386489,0.0,0.10042682,0.5491845,0.40080953,0.0,0.4029817,0.13355446,0.060917802,0.12866482,0.0,0.2327359,0.0,0.0,0.04185334,0.0005380511,0.0,0.0,0.22738019,0.2696654,0.0,0.07069031,0.0,0.25551933,0.166222,0.124795556,0.0,0.055714495,0.0,0.0,0.0034294548,0.0,0.33338055,0.0,0.043132264,0.0,0.24986002,0.11936923,-0.08123537
-0.8521294,0.30897582,-1.4317822,0.0,0.0,0.0,0.34148577,0.17755327,0.26143432,0.7274417,0.0,0.55812824,0.937144,0.40482754,0.7787038,0.0,1.0668659,0.17693126,0.0,0.0,0.0,0.04462233,0.0,0.0,0.33170497,0.0,0.0,0.7786113,0.99681413,0.0,0.24443218,0.12741074,0.005425483,0.0,0.0,0.0,0.0,0.0,0.22695172,0.41050512,0.54899615,0.08221448,0.02019389,0.0,0.27458826,0.6572151,0.7394501,0.22935723,0.29302406,0.19629869,0.0,0.0,0.31882116,0.0,0.0,0.051153123,0.42301986,0.24610785,0.0,0.0,0.16958666,0.42486748,0.0,0.0,0.0,0.37979472,0.0,-0.46196908,-0.28521335,0.17165233
0.67201406,-0.55851537,-0.6179557,0.0,0.0,0.0,0.0,0.0,0.048341148,0.0,0.014995843,0.32421336,0.44347563,0.1032027,0.83403265,0.0,0.26892522,0.4075115,0.0,0.0,0.0,0.0,0.0,0.36133787,0.5068409,0.5941172,0.59259367,0.12442079,0.5560552,0.0,0.6940208,0.6331239,0.28401694,0.0,0.03541407,0.0,0.0,0.0,0.3291308,0.20795257,0.42747402,0.0,0.05008126,0.0,0.0,0.30376062,0.5216579,0.007634133,0.14346506,0.37545162,0.028973497,0.0,0.16543682,0.0,0.05851793,0.0,0.31711102,0.2119614,0.0,0.0,0.0,0.36159393,0.0,0.007047057,0.0,0.22249772,0.0,-0.3137086,-0.16272186,0.085893296
0.3883964,-1.3404016,-1.9497936,0.0,0.0,0.0,0.0,0.0,0.16013312,0.0,0.0,0.35797277,1.2710725,0.30057567,1.157351,0.44378054,1.1543974,0.0,0.0,0.0,0.0,0.07031852,0.0,0.5133381,0.0,1.2906617,0.33409846,0.16041982,1.1713643,0.0,1.0307732,0.7681476,1.0846541,0.0,0.0,0.0,0.053884193,0.0,0.29227272,0.2602638,0.55970883,0.47050872,0.0,0.0,0.0,0.3999036,0.8567338,0.32166767,0.26443088,0.36147574,0.0,0.031503327,0.21194476,0.0,0.0,0.0,0.3855027,0.4189265,0.0,0.0,0.0,0.755039,0.0,0.0,0.0,0.25692657,0.0,-0.46373385,-0.25867683,0.15768619
-0.6579263,0.53995275,-0.18212382,0.0,0.0,0.0,0.2450774,0.2984015,0.0,0.087346315,0.1983161,0.47013712,0.34125862,0.45206457,0.41393957,0.0,0.32698518,0.47669664,0.0,0.0,0.0,0.0,0.0,0.0,0.5162689,0.0,0.0,0.68969417,0.37246,0.0,0.22415638,0.090756595,0.0,0.0,0.48738676,0.110369764,0.0,0.12318273,0.14347644,0.15736583,0.3334476,0.0,0.1583765,0.017622378,0.025602337,0.32401973,0.26690716,0.0,0.16489132,0.093801886,0.015595019,0.0,0.2619491,0.0,0.063709855,0.048514515,0.24457988,0.09336173,0.09504548,0.0,0.0,0.27662283,0.0,0.20451073,0.0,0.14989573,0.0,-0.075243756,-0.024833292,0.034283146
1.8403848,-1.4934607,-2.418546,0.0,0.0,0.0,0.0,0.0,0.5509419,0.0,0.0,0.32132876,1.0497805,0.0,1.7008466,1.0653821,0.9465662,0.1177423,0.0,0.0,0.0,0.0,0.0,0.95285606,0.5615736,1.7711328,0.6541525,0.0,1.4600418,0.0,0.94223475,1.1390305,1.6405244,0.0,0.0,0.0,0.3790909,0.0,0.4254891,0.25989088,0.5903576,0.36936057,0.0,0.0,0.0,0.34155327,1.1702338,0.4663065,0.31899065,0.5002259,0.0,0.19623262,0.3566953,0.0,0.0,0.0,0.4332436,0.5192061,0.0,0.0,0.0,1.0566437,0.0,0.0,0.0,0.15423927,0.0,-0.5262247,-0.421228,0.20607705
0.6322361,-0.1560934,0.6594201,0.0,0.0,0.0,0.0,0.0,0.0,0.0,0.549459,0.2635301,0.0,0.21095772,0.41064262,0.0,0.0,0.7062133,0.0,0.08804004,0.34195554,0.0,0.57705945,0.3068865,0.6819232,0.061553366,0.93941814,0.1340752,0.0,0.0,0.598551,0.50689423,0.0,0.13691348,0.6793165,0.47918865,0.0,0.45864132,0.04914741,0.017886326,0.07519214,0.0,0.21429169,0.0,0.0,0.0,0.0,0.0,0.0,0.16351733,0.30304986,0.0,0.07733613,0.0,0.25679034,0.21940458,0.07226446,0.0,0.094740994,0.0,0.0,0.0,0.0,0.39489734,0.0,0.061810188,0.0,0.3415714,0.16771066,-0.10112528
0.6161955,-0.2702714,0.08072344,0.0,0.0,0.0,0.0,0.0,0.0,0.0,0.3051919,0.30043116,0.110309556,0.15343243,0.59893215,0.0,0.0,0.58013034,0.0,0.0,0.11635867,0.0,0.21886273,0.28604814,0.6265149,0.25758055,0.73347735,0.1509321,0.21445855,0.0,0.60558265,0.5420192,0.0,0.0,0.40755004,0.22427817,0.0,0.25279173,0.22199118,0.11665724,0.2562945,0.0,0.19749439,0.0,0.0,0.14459565,0.16949418,0.0,0.06046647,0.26249745,0.20168221,0.0,0.13806415,0.0,0.20189631,0.093597144,0.20616344,0.084954485,0.03341219,0.0,0.0,0.13077223,0.0,0.23358336,0.0,0.098771,0.0,0.046018377,0.017435849,-0.02079676
-0.108796455,0.95342267,-0.05963557,0.0,0.0,0.0,0.0,0.3928091,0.18738502,0.11881542,0.21026403,0.48607287,0.0,0.029231578,0.5541095,0.0,0.030031756,0.70061785,0.0,0.0,0.25823873,0.0,0.0,0.0,1.007939,0.0,0.0,0.57494915,0.36657152,0.0,0.0,0.12385152,0.0,0.0,0.70233655,0.11157222,0.0,0.09713626,0.18490784,0.079386,0.42519397,0.0,0.11905365,0.010420993,0.0,0.23580405,0.25094196,0.0,0.20774762,0.085289,0.19373024,0.0,0.33205938,0.0,0.10245459,0.0,0.22890127,0.07085745,0.117052995,0.0,0.0,0.32576597,0.0,0.27478504,0.0,0.22019254,0.0,-0.038422078,-0.00493256,0.038566202
-1.1846279,0.64306253,0.7706334,0.0,0.007981658,0.0,0.505674,0.5071312,0.0,0.0,0.62529415,0.42180872,0.116102934,0.8675152,0.0,0.0,0.0,0.5565806,0.0,0.28998315,0.0,0.0,0.06855649,0.0,0.30154014,0.0,0.0,0.8225056,0.0,0.0,0.3101794,0.0,0.0,0.0,0.87500864,0.4649747,0.0,0.39073458,0.0,0.0,0.105578125,0.0,0.23630427,0.1244822,0.07855339,0.051704377,0.0,0.0,0.08214897,0.0,0.047621787,0.0,0.17434132,0.0967899,0.16224094,0.10704982,0.09201165,0.0,0.23210257,0.0,0.0,0.11492803,0.0,0.38464326,0.0,0.012174755,0.0,0.3425509,0.15042114,-0.052211702
-0.398864,0.54327,2.009934,0.0,0.09003204,0.0,0.09134329,0.31923687,0.0,0.0,1.1376421,0.2717471,0.0,0.7332797,0.0,0.0,0.0,0.89291656,0.0,0.75043964,0.62599856,0.0,1.071809,0.0,0.56800056,0.0,0.84646285,0.4972114,0.0,0.5224476,0.4271042,0.093016356,0.0,0.4212965,1.3902321,0.8632731,0.0,0.74496555,0.0,0.0,0.0,0.0,0.0,0.15864037,0.090598315,0.0,0.0,0.0,0.0,0.0,0.4470896,0.0,0.0,0.0,0.15222603,0.38214648,0.0,0.0,0.33693632,0.0,0.0,0.0,0.0,0.6087264,0.0,0.27017912,0.0,0.50561565,0.30073965,-0.14394057
-1.4440744,1.6707191,0.3069147,0.0,0.24906495,0.0,0.7064025,1.0866839,0.026963793,0.70720226,0.38282663,0.593249,0.042997524,0.51555836,0.12496114,0.0,0.17692111,0.668361,0.0,0.27813476,0.13337992,0.0,0.0,0.0,0.7949835,0.0,0.0,1.0864906,0.18543842,0.0,0.0,0.0,0.0,0.0,1.0032094,0.29633313,0.0,0.4117566,0.1809206,0.10112504,0.3370488,0.0,0.3581043,0.069857925,0.22092372,0.15602796,0.16937304,0.0,0.28207976,0.0,0.017704278,0.0,0.327042,0.0,0.0,0.1239738,0.1748043,0.0,0.14137644,0.0,0.0,0.3849771,0.0,0.39767554,0.0,0.08275187,0.0,0.12731434,0.022919118,0.010327043
1.8842901,-1.9926647,-0.05433259,0.27954698,0.0,0.29480943,0.0,0.0,0.0,0.0,0.28557342,0.05766195,0.3167816,0.13606577,0.8451604,0.5760304,0.0,0.40348452,0.0,0.0,0.0,0.0,0.4299861,1.5367357,0.21515802,1.5125692,2.0314898,0.0,0.18377796,0.1890333,1.4713032,1.1947222,0.8129742,0.5510589,0.0,0.28790212,0.27865356,0.48879746,0.36148635,0.26076907,0.07409769,0.28407434,0.017949127,0.0,0.0,0.0,0.35538065,0.15385671,0.0,0.652945,0.014925532,0.082682215,0.0,0.0,0.0972515,0.13747536,0.19033517,0.044027403,0.0,0.0,0.0,0.23333491,0.0,0.16122971,0.0,0.0,0.0,-0.043026686,-0.028791755,0.02090502
-2.1895869,0.5183535,-0.4808784,0.0,0.0,0.0,1.0158857,0.6276042,0.0,0.6657025,0.12703007,0.55535257,0.92678434,1.200582,0.102440774,0.0,0.98080736,0.12310672,0.0,0.0,0.0,0.060937703,0.0,0.0,0.0,0.0,0.0,1.1825408,0.4659288,0.0,0.34053814,0.0,0.0,0.0,0.26967025,0.082606725,0.0,0.15289092,0.19485873,0.33051407,0.3367421,0.20103794,0.2641474,0.06916146,0.4281485,0.46584865,0.41553068,0.10933156,0.18677346,0.1467735,0.0,0.0,0.18690819,0.0,0.0,0.2367756,0.26978248,0.0,0.0,0.0,0.02463302,0.28742903,0.0,0.117295876,0.0,0.11788934,0.0,-0.21383923,-0.10746436,0.08630224
0.95583266,-0.10341412,-0.5014154,0.0,0.0,0.0,0.0,0.0,0.21095765,0.0,0.03216064,0.3563224,0.16987683,0.0,0.90803254,0.0,0.05544881,0.58838737,0.0,0.0,0.13005194,0.0,0.012310786,0.22090116,0.8999307,0.36513087,0.4779688,0.099728376,0.5464351,0.0,0.4191334,0.59787476,0.12615153,0.0,0.24578911,0.0,0.0,0.0,0.30835792,0.14938985,0.46115232,0.0,0.05182734,0.0,0.0,0.2680666,0.48428816,0.0,0.19137464,0.32237592,0.16433896,0.0,0.25954738,0.0,0.11923449,0.0,0.2990001,0.20164533,0.018720314,0.0,0.0,0.3166708,0.0,0.07194529,0.0,0.2732136,0.0,-0.24563709,-0.122552514,0.07629198
1.2254891,-0.76913637,0.72800577,0.1410315,0.0,0.0,0.0,0.0,0.0,0.0,0.5877063,0.16134931,0.0,0.15314229,0.49589232,0.0,0.0,0.6904453,0.0,0.0062446147,0.35754156,0.0,0.7718169,0.80847836,0.5975738,0.5089511,1.4987259,0.0,0.0,0.19490829,0.90629387,0.76819295,0.0,0.38480577,0.54444224,0.5810398,0.0,0.6202923,0.13460898,0.055317327,0.0067152902,0.0,0.17278427,0.0,0.0,0.0,0.0,0.0,0.0,0.37423903,0.39935875,0.0,0.0,0.0,0.33545446,0.28180194,0.061835147,0.0,0.013237935,0.0,0.0,0.0,0.0,0.37782764,0.0,0.021998752,0.0,0.35394385,0.1559948,-0.12388221
0.22119443,-0.018183835,-0.82832384,0.0,0.0,0.0,0.0,0.0,0.1900886,0.0,0.0,0.42422923,0.48866534,0.08811885,0.83074737,0.0,0.45107704,0.41051355,0.0,0.0,0.0,0.0,0.0,0.0,0.6194167,0.24878043,0.05321178,0.3602469,0.6955137,0.0,0.40085548,0.42281726,0.0850873,0.0,0.09788954,0.0,0.0,0.0,0.21174833,0.22717398,0.46753955,0.0,0.0,0.0,0.0,0.41620022,0.5289224,0.0,0.25251645,0.23040748,0.030628964,0.0,0.29897735,0.0,0.0073667094,0.0,0.2984495,0.30115622,0.029809186,0.0,0.0,0.37077984,0.0,0.0,0.0,0.32621357,0.0,-0.31382298,-0.15839969,0.09030794
0.9200092,0.18703823,-1.0074809,0.0,0.0,0.0,0.0,0.0,0.45041057,0.0,0.0,0.43546608,0.276892,0.0,1.0993744,0.0,0.2895194,0.5648723,0.0,0.0,0.071069986,0.0,0.0,0.0,1.0688202,0.31138426,0.07180384,0.18166205,0.83470917,0.0,0.20252588,0.54121166,0.23092648,0.0,0.13255766,0.0,0.0,0.0,0.2378423,0.16132444,0.5268156,0.0,0.0,0.0,0.0,0.37667498,0.7005918,0.0,0.29479665,0.280038,0.15625428,0.0,0.36556086,0.0,0.00343512,0.0,0.34288868,0.31402373,0.06799652,0.0,0.0,0.42903832,0.0,0.0,0.0,0.44303897,0.057138506,-0.3246791,-0.1573403,0.104609974
1.6864207,-1.1107584,0.48326132,0.22403699,0.0,0.0,0.0,0.0,0.0,0.0,0.48165047,0.12342797,0.0,0.0,0.67748064,0.15735066,0.0,0.6599828,0.0,0.0,0.32925516,0.0,0.7598699,1.0886678,0.6200901,0.84962887,1.7210431,0.0,0.0,0.15726152,1.0369081,0.95027256,0.21919784,0.40770707,0.36249194,0.5229011,0.107354924,0.5945307,0.24316183,0.10543487,0.033731513,0.0,0.11676994,0.0,0.0,0.0,0.023883887,0.0,0.0,0.48569423,0.35208946,0.0009347871,0.0,0.0,0.28874317,0.24752781,0.065899104,0.0,0.0,0.0,0.0,0.0,0.0,0.3206026,0.0,0.0,0.0,0.26969275,0.100584835,-0.09119242
2.5725458,-1.7482564,-0.43209818,0.2754416,0.0,0.0757924,0.0,0.0,0.0054379553,0.0,0.08418709,0.09100297,0.1695516,0.0,1.1835834,0.8348756,0.0,0.53185755,0.0,0.0,0.14632182,0.0,0.4760608,1.5589062,0.6888738,1.5971025,1.9337986,0.0,0.42967403,0.0,1.2307172,1.3074732,1.0279247,0.27261528,0.0,0.24194922,0.3717646,0.28920618,0.46100134,0.20099492,0.22899508,0.20464543,0.0,0.0,0.0,0.0,0.47432977,0.22723027,0.0,0.7162519,0.043046877,0.19189307,0.057615314,0.0,0.012153693,0.093814455,0.211649,0.04020744,0.0,0.0,0.0,0.50856143,0.0,0.020717144,0.0,0.0,0.0,-0.16630709,-0.1593826,0.07294642
-0.3096941,0.21358046,0.95324683,0.0,0.0,0.0,0.037104465,0.08877644,0.0,0.0,0.69326293,0.320043,0.0,0.61361945,0.084219545,0.0,0.0,0.6575453,0.0,0.27863926,0.21344934,0.0,0.4486665,0.0,0.451127,0.0,0.57514745,0.47205278,0.0,0.047214,0.49927545,0.20941985,0.0,0.14471385,0.8619113,0.5139233,0.0,0.4816034,0.0,0.0,0.015802123,0.0,0.1597484,0.06466021,0.0,0.0,0.0,0.0,0.0,0.0,0.22518158,0.0,0.071729615,0.0,0.21757057,0.17598721,0.075955674,0.0,0.1755914,0.0,0.0,0.0,0.0,0.42099258,0.0,0.09411683,0.0,0.37913203,0.22466163,-0.09700009
0.9257168,-0.9261957,0.429574,0.04196,0.0,0.0,0.0,0.0,0.0,0.0,0.4774897,0.18062912,0.09339087,0.31324986,0.50599575,0.0,0.0,0.54566455,0.0,0.0,0.0938506,0.0,0.47361585,0.7645663,0.3766089,0.60841936,1.3575921,0.0,0.0,0.110939175,0.9921255,0.7414634,0.018854052,0.34849748,0.35555732,0.47865185,0.009311102,0.52633905,0.20555775,0.098043054,0.07471266,0.0,0.21573576,0.0,0.0,0.0,0.054611675,0.0,0.0,0.4013965,0.30226192,0.0,0.0,0.0,0.30515802,0.19465417,0.15153423,0.0,0.0,0.0,0.0,0.0,0.0,0.2916284,0.0,0.0,0.0,0.24766506,0.10086435,-0.09269424
1.5727036,0.12336339,1.3395177,0.20066291,0.0,0.0,0.0,0.0,0.0,0.0,0.7949776,0.19991465,0.0,0.0,0.45062965,0.0,0.0,1.0680622,0.072432905,0.38716096,1.0109447,0.0,1.3412236,0.5225929,1.2590783,0.0,1.3846805,0.0,0.0,0.1594272,0.42544216,0.6422868,0.0,0.2392374,1.0996034,0.805632,0.0,0.64167356,0.0,0.0,0.0,0.0,0.021851055,0.0,0.0,0.0,0.0,0.0,0.0,0.08902475,0.55327827,0.0,0.104861535,0.0,0.239463,0.47957104,0.0,0.0,0.22880766,0.0,0.0,0.0,0.0,0.56003106,0.0,0.21560244,0.0,0.49019897,0.2661693,-0.17798589
-0.3688143,0.3514632,-0.37995914,0.0,0.0,0.0,0.09009258,0.1265938,0.046997868,0.008722842,0.111314654,0.45319712,0.38584876,0.33708543,0.5454737,0.0,0.3608737,0.45622337,0.0,0.0,0.0,0.0,0.0,0.0,0.54684204,0.0,0.0,0.57983947,0.47060555,0.0,0.2866336,0.2006327,0.0,0.0,0.3636405,0.0019928534,0.0,0.04427524,0.14264932,0.17581159,0.3649441,0.0,0.09809016,0.0,0.0,0.36192396,0.32158244,0.0,0.17987354,0.13012405,0.02630321,0.0,0.2837686,0.0,0.06290102,0.00912901,0.2738357,0.1808504,0.06580116,0.0,0.0,0.29398388,0.0,0.12368252,0.0,0.21306868,0.0,-0.16896719,-0.060695097,0.05528774
-0.59944075,0.4166562,-0.3559602,0.0,0.0,0.0,0.20976114,0.21437731,0.0132214725,0.09740871,0.12703049,0.46816835,0.42681226,0.43637076,0.4801854,0.0,0.41445932,0.4304233,0.0,0.0,0.0,0.0,0.0,0.0,0.4771159,0.0,0.0,0.66111827,0.45468366,0.0,0.27192205,0.13435824,0.0,0.0,0.38080272,0.039193474,0.0,0.07221407,0.14824173,0.18726522,0.36030936,0.0,0.12935658,0.0,0.03791729,0.36780876,0.3181101,0.0,0.17321403,0.120149195,0.0,0.0,0.26625404,0.0,0.04303789,0.043314703,0.2666255,0.13810864,0.060359187,0.0,0.0,0.29148373,0.0,0.14403453,0.0,0.1885626,0.0,-0.15549512,-0.061048076,0.051945336
0.6381102,0.5279323,1.6542878,0.037318617,0.0,0.0,0.0,0.060731903,0.0,0.0,0.94583356,0.258443,0.0,0.13192645,0.121786356,0.0,0.0,1.0324475,0.0,0.5915802,0.9047156,0.0,1.2311119,0.081346944,1.0513477,0.0,1.0126637,0.18732415,0.0,0.2477335,0.307608,0.3385609,0.0,0.24050617,1.3023381,0.789578,0.0,0.61635447,0.0,0.0,0.0,0.0,0.009478055,0.127999,0.0,0.0,0.0,0.0,0.0,0.0,0.4988162,0.0,0.107253455,0.0,0.14459111,0.41348627,0.0,0.0,0.3308826,0.0,0.0,0.0,0.0,0.6125461,0.0,0.24009523,0.0,0.48804414,0.29164207,-0.17312916
-0.7851186,1.8471404,1.2245442,0.0,0.37424472,0.0,0.3768233,1.0605919,0.0,0.10060829,0.7468153,0.5085045,0.0,0.27891326,0.0,0.0,0.0,0.99080706,0.0,0.65856904,0.729484,0.0,0.59300125,0.0,1.1739271,0.0,0.0,0.86010784,0.0,0.0,0.0,0.0,0.0,0.0,1.4698508,0.5922784,0.0,0.54128623,0.0,0.0,0.14207731,0.0,0.1625843,0.3129738,0.10582249,0.0,0.0,0.0,0.21986957,0.0,0.29530257,0.0,0.3272005,0.107036486,0.0,0.25131705,0.0,0.0,0.40137592,0.0,0.0,0.19647396,0.0,0.5518452,0.0,0.12253046,0.0,0.44377172,0.1980057,-0.10893742
0.70670617,-1.2353195,-1.1371874,0.0,0.0,0.0,0.0,0.0,0.005772926,0.0,0.0,0.28765392,0.83917505,0.24887133,0.9683044,0.30467778,0.61710256,0.17005283,0.0,0.0,0.0,0.0,0.0,0.6572441,0.14517498,1.1046957,0.7457551,0.03532493,0.76900184,0.0,1.0266358,0.7970532,0.76160026,0.0,0.0,0.0,0.07416244,0.0,0.3740394,0.23280136,0.45508045,0.31238133,0.0,0.0,0.0,0.28680027,0.6473691,0.1916465,0.13737492,0.43114567,0.0,0.051595323,0.1099626,0.0,0.0,0.0,0.3527759,0.27834034,0.0,0.0,0.0,0.55222255,0.0,0.0,0.0,0.1446208,0.0,-0.39418685,-0.20966728,0.11580502
-1.5337362,1.7163393,2.4908133,0.0,0.5469469,0.0,0.7305177,1.209275,0.0,0.0,1.3294822,0.4146833,0.0,0.9602703,0.0,0.0,0.0,1.0250504,0.0,1.1484109,0.78314316,0.0,1.0606782,0.0,0.7099163,0.0,0.05677831,1.0104702,0.0,0.41348067,0.0,0.0,0.0,0.1825915,1.8959045,0.98282903,0.0,0.7943889,0.0,0.0,0.0,0.0,0.0060451627,0.41097525,0.39560753,0.0,0.0,0.0,0.049621478,0.0,0.409752,0.0,0.2078056,0.22017133,0.0,0.40015823,0.0,0.0,0.6038748,0.0,0.0,0.0,0.0,0.63876444,0.019363724,0.15450783,0.0,0.6016211,0.28890657,-0.12901206
-1.1840223,0.32836303,0.23341906,0.0,0.0,0.0,0.4911893,0.3234083,0.0,0.0,0.40838617,0.43084383,0.4145789,0.88701785,0.108896315,0.0,0.31124175,0.39390048,0.0,0.026906088,0.0,0.0,0.0,0.0,0.13566422,0.0,0.0,0.801018,0.11614187,0.0,0.43548372,0.0066040754,0.0,0.0,0.5564138,0.2864098,0.0,0.26769796,0.06115289,0.10859689,0.18461505,0.0,0.22217616,0.08153899,0.10636027,0.2142285,0.09215745,0.0,0.08784863,0.061321214,0.0,0.0,0.15024339,0.058194324,0.12613107,0.11048247,0.16940524,0.030308804,0.08899881,0.0,0.0,0.14424661,0.0,0.27400583,0.0,0.026537195,0.0,0.12806684,0.05389677,-0.013925923
0.0073931627,-0.09089476,-0.15275006,0.0,0.0,0.0,0.0,0.0,0.0,0.0,0.2177931,0.36630443,0.326274,0.35619122,0.5308831,0.0,0.181021,0.46431008,0.0,0.0,0.0,0.0,0.0,0.0,0.45622116,0.090909034,0.3375196,0.38173386,0.32801324,0.0,0.5317247,0.3730229,0.0,0.0,0.3351503,0.058824778,0.0,0.14862984,0.15079005,0.1630588,0.31573856,0.0,0.1436051,0.0,0.0,0.28301394,0.23769149,0.0,0.13550292,0.17744619,0.04743629,0.0,0.18164065,0.0,0.14107217,0.036623195,0.2695892,0.19050206,0.026979998,0.0,0.0,0.21758965,0.0,0.165724,0.0,0.17143498,0.0,-0.09635113,-0.03408076,0.028209453
0.12073083,-0.032307614,-0.31735602,0.0,0.0,0.0,0.0,0.0,0.0073851943,0.0,0.13937701,0.38275084,0.33423156,0.24314949,0.62391376,0.0,0.22146785,0.47267967,0.0,0.0,0.0,0.0,0.0,0.0,0.5482029,0.11825869,0.26420978,0.3635861,0.4235698,0.0,0.47091326,0.39029932,0.0,0.0,0.29410025,0.000898635,0.0,0.083593845,0.17924492,0.18003288,0.3691727,0.0,0.11554055,0.0,0.0,0.32111448,0.30918026,0.0,0.16853265,0.1873152,0.05949133,0.0,0.22660583,0.0,0.11358844,0.012668155,0.27643397,0.21141364,0.04043752,0.0,0.0,0.25625047,0.0,0.12816884,0.0,0.20744458,0.0,-0.1631422,-0.0690317,0.048655704
-1.5132544,1.2701236,-0.8471658,0.0,0.0,0.0,0.7282059,0.8520131,0.24550357,1.1539371,0.0,0.6479752,0.61877614,0.487264,0.4759779,0.0,0.8497023,0.36935228,0.0,0.0,0.0,0.0,0.0,0.0,0.56648254,0.0,0.0,1.1050538,0.7499417,0.0,0.0,0.0,0.0,0.0,0.40336388,0.0,0.0,0.07023308,0.3252436,0.36977226,0.5670224,0.0,0.24475645,0.0,0.3597999,0.5624339,0.6492553,0.3136083,0.3363313,0.1455918,0.0,0.0,0.34159407,0.0,0.0,0.09851806,0.3484614,0.0,0.0,0.0,0.15108591,0.49375805,0.0,0.14459793,0.0,0.30131721,0.0,-0.36089787,-0.28361666,0.14536114
-0.1293171,0.24321595,-0.53182745,0.0,0.0,0.0,0.0,0.009712964,0.108742155,0.0,0.04205385,0.4437758,0.40320903,0.22554435,0.6542351,0.0,0.37629122,0.4524303,0.0,0.0,0.0,0.0,0.0,0.0,0.5996944,0.0,0.0,0.4956306,0.549844,0.0,0.31206602,0.28122863,0.0,0.0,0.2814163,0.0,0.0,0.0,0.15248269,0.1942954,0.4021967,0.0,0.05744666,0.0,0.0,0.39529517,0.38409072,0.0,0.19875775,0.15606396,0.03696219,0.0,0.3109258,0.0,0.05398972,0.0,0.29951602,0.2375797,0.036756158,0.0,0.0,0.3092831,0.0,0.07037354,0.0,0.26666588,0.0,-0.22720236,-0.093373775,0.06776824
0.14301665,-0.0023643263,-2.0333652,0.0,0.0,0.0,0.0,0.0,0.5518703,0.6166437,0.0,0.5327648,0.954648,0.0,1.23189,0.06342852,1.0970767,0.19835043,0.0,0.0,0.0,0.02461037,0.0,0.0,0.63104826,0.5046763,0.0,0.448617,1.322852,0.0,0.2734716,0.4323005,0.58243585,0.0,0.0,0.0,0.0,0.0,0.24032436,0.35815567,0.6569443,0.024841137,0.0,0.0,0.06811106,0.640126,1.0629444,0.37464845,0.37662894,0.22627878,0.0,0.0,0.39184913,0.0,0.0,0.0,0.51856023,0.3996109,0.0,0.0,0.03218814,0.65459436,0.0,0.0,0.0,0.55574596,0.0,-0.5532366,-0.33858526,0.16153322
0.3102256,-0.30200428,-0.7258671,0.0,0.0,0.0,0.0,0.0,0.08826346,0.0,0.0,0.37837595,0.5130512,0.17140473,0.7953353,0.0,0.40745762,0.37876803,0.0,0.0,0.0,0.0,0.0,0.10814901,0.49201635,0.40305585,0.2871716,0.2831869,0.6206138,0.0,0.56703377,0.50023866,0.16270518,0.0,0.05314356,0.0,0.0,0.0,0.24488807,0.22036782,0.44337803,0.0,0.0152389705,0.0,0.0,0.36878324,0.49702364,0.0,0.19776629,0.2871019,0.0,0.0,0.21427417,0.0,0.027629979,0.0,0.3006829,0.26563415,0.00026949495,0.0,0.0,0.36433342,0.0,0.0,0.0,0.27924427,0.0,-0.3137085,-0.15919809,0.089143135
0.27680436,-0.49745032,-1.4765987,0.0,0.0,0.0,0.0,0.0,0.25299096,0.0,0.0,0.42118183,0.8634952,0.12170108,1.03224,0.07893115,0.8325831,0.20170903,0.0,0.0,0.0,0.0,0.0,0.10220915,0.38670844,0.681668,0.042705327,0.30169806,0.9940063,0.0,0.6045102,0.5529682,0.5505395,0.0,0.0,0.0,0.0,0.0,0.2298021,0.24980456,0.5212044,0.092354126,0.0,0.0,0.0,0.45108098,0.7580527,0.13117205,0.2921484,0.268979,0.0,0.0,0.27540138,0.0,0.0,0.0,0.34910217,0.38041273,0.008463904,0.0,0.0,0.54728615,0.0,0.0,0.0,0.38350666,0.0,-0.40699187,-0.2260016,0.12129568
0.8420918,0.6274565,1.3439056,0.0,0.0,0.0,0.0,0.05482194,0.0,0.0,0.7988805,0.2885589,0.0,0.0,0.2936619,0.0,0.0,1.0437787,0.0,0.4821611,0.9246596,0.0,1.1301653,0.047727287,1.2138975,0.0,0.8775755,0.15446678,0.0,0.016218275,0.20010123,0.37126192,0.0,0.07053895,1.2208365,0.71375203,0.0,0.48547712,0.0,0.0,0.031273358,0.0,0.051497266,0.15742847,0.0,0.0,0.0,0.0,0.0,0.0,0.4730118,0.0,0.17686051,0.0,0.11137377,0.3563869,0.0,0.0,0.34008458,0.0,0.0,0.0,0.0,0.58095396,0.0,0.18576148,0.0,0.4578124,0.26338774,-0.16283424
0.82337004,-1.4103925,0.032246973,0.009830892,0.0,0.1344901,0.0,0.0,0.0,0.0,0.33344916,0.16185094,0.42491972,0.4787125,0.57671237,0.07531947,0.0,0.34666815,0.0,0.0,0.0,0.0,0.15674156,0.93600345,0.059726447,0.9547606,1.4160106,0.0,0.14777991,0.08640823,1.2386043,0.8307806,0.34555736,0.39806834,0.032903552,0.33565438,0.089299224,0.38981384,0.29477733,0.18493858,0.16644508,0.14051631,0.14149517,0.0,0.0,0.0692414,0.31841207,0.0,0.0,0.5196618,0.055393904,0.0,0.0,0.0,0.21543095,0.10511859,0.27194628,0.07453084,0.0,0.0,0.0,0.12954786,0.0,0.16731502,0.0,0.018908039,0.0,0.0018551648,0.0017830655,0.012317585
-0.6652346,-1.3933101,0.9802597,0.0,0.0,0.3822337,0.11299514,0.0,0.0,0.0,0.798462,0.14279296,0.5225052,1.4271688,0.0,0.0,0.0,0.21804175,0.0,0.03360012,0.0,0.0,0.18589686,0.61983967,0.0,0.43262973,1.3806388,0.3338665,0.0,0.7311765,1.4584253,0.46829534,0.0,0.82803273,0.33442196,0.52271825,0.0,0.73566496,0.0,0.09590663,0.0,0.0,0.17712376,0.0,0.0,0.0,0.0,0.0,0.0,0.37716886,0.06147205,0.0,0.0,0.0,0.3393971,0.27604598,0.33093625,0.14483139,0.0,0.0,0.0,0.0,0.0,0.32607794,0.0,0.2640456,0.0,0.25747126,0.19208989,-0.0829449
0.3353525,1.259838,1.1848983,0.0,0.13676786,0.0,0.0,0.49556208,0.0,0.0,0.71729666,0.39727712,0.0,0.0,0.26500082,0.0,0.0,1.0658817,0.0,0.53009075,0.92152554,0.0,0.91477376,0.0,1.3525367,0.0,0.29271245,0.4194696,0.0,0.0,0.0,0.12762523,0.0,0.0,1.3304484,0.63078076,0.0,0.4216821,0.0,0.0,0.15351322,0.0,0.046326682,0.29098588,0.0,0.0,0.0,0.0,0.0668391,0.0,0.44066578,0.0,0.2668759,0.04262209,0.018203013,0.2812837,0.0,0.0,0.395064,0.0,0.0,0.010594489,0.0,0.54914784,0.0,0.21404584,0.0,0.42346,0.23663656,-0.13535635
1.086954,-1.7865599,-1.4792482,0.0,0.0,0.07093826,0.0,0.0,0.017220855,0.0,0.0,0.23666245,1.023949,0.1997427,1.1445808,0.64937234,0.74480045,0.058778167,0.0,0.0,0.0,0.0,0.0,1.0109029,0.011241376,1.5708077,1.0163424,0.0,0.9141654,0.0,1.2749195,1.0077298,1.1880205,0.0,0.0,0.0,0.20332922,0.0,0.45340773,0.2787552,0.45771408,0.54321945,0.0,0.0,0.0,0.25976363,0.76685125,0.32917804,0.133247,0.50716484,0.0,0.16135627,0.11571132,0.0,0.0,0.0,0.36678368,0.32750997,0.0,0.0,0.0,0.73470694,0.0,0.0,0.0,0.02986934,0.0,-0.44803864,-0.27087188,0.13719898
-0.75793415,0.2314973,0.98929816,0.0,0.0,0.0,0.2628786,0.20219731,0.0,0.0,0.7246562,0.33723134,0.03455621,0.8467772,0.0,0.0,0.0,0.5802738,0.0,0.30272186,0.06128954,0.0,0.3113881,0.0,0.25255007,0.0,0.44304478,0.6137427,0.0,0.094625264,0.5322079,0.10386662,0.0,0.17295095,0.8559446,0.533842,0.0,0.502689,0.0,0.0,0.0,0.0,0.18851241,0.057216827,0.020495191,0.0,0.0,0.0,0.0,0.0,0.14624073,0.0,0.05991056,0.0,0.23010118,0.159764,0.08115642,0.0,0.17514794,0.0,0.0,0.0,0.0,0.4177288,0.005060114,0.06240414,0.0,0.3876561,0.21854131,-0.08779899
-0.25605094,1.0067073,0.46903148,0.0,0.011989325,0.0,0.065946795,0.4733311,0.0106849,0.0,0.44198698,0.45291433,0.0,0.18582837,0.33407015,0.0,0.0,0.7723174,0.0,0.21572797,0.38380623,0.0,0.25677133,0.0,0.95374197,0.0,0.0,0.6025027,0.08946055,0.0,0.0,0.06611431,0.0,0.0,0.9246689,0.36979333,0.0,0.2516183,0.04648922,0.0,0.26704425,0.0,0.13192901,0.15437198,0.0,0.06309045,0.0,0.0,0.11674644,0.0,0.24699174,0.0,0.2705143,0.07942909,0.09095933,0.08236006,0.08377373,0.0,0.26581383,0.0,0.0,0.17741106,0.0,0.38717812,0.0,0.14655045,0.0,0.26074994,0.13232481,-0.045117106
1.0302763,-1.5670785,-1.4033312,0.0,0.0,0.0,0.0,0.0,0.050442167,0.0,0.0,0.25830203,0.94381016,0.1585394,1.121058,0.5581007,0.69440323,0.111528814,0.0,0.0,0.0,0.0,0.0,0.8896458,0.11042738,1.4178189,0.9102663,0.0,0.8915793,0.0,1.1614547,0.94668144,1.0636544,0.0,0.0,0.0,0.17808671,0.0,0.43157682,0.2558127,0.47053105,0.4428979,0.0,0.0,0.0,0.27384192,0.7480383,0.2925586,0.1485381,0.48409402,0.0,0.13132653,0.13111341,0.0,0.0,0.0,0.36376214,0.3159132,0.0,0.0,0.0,0.691367,0.0,0.0,0.0,0.064130425,0.0,-0.4312576,-0.26381207,0.13476211
0.9618566,-0.39625022,-1.5584203,0.0,0.0,0.0,0.0,0.0,0.44813117,0.0,0.0,0.41235924,0.65264946,0.0,1.2544622,0.29334122,0.6391802,0.34533387,0.0,0.0,0.0,0.0,0.0,0.23715955,0.7659869,0.77781266,0.16009687,0.106393605,1.0727074,0.0,0.47738415,0.6877903,0.6895441,0.0,0.0,0.0,0.093833014,0.0,0.27741277,0.21672103,0.55169946,0.0,0.0,0.0,0.0,0.40162247,0.8760315,0.15480092,0.318779,0.32915407,0.0,0.0,0.34486148,0.0,0.0,0.0,0.36899623,0.40593618,0.0,0.0,0.0,0.62272793,0.0,0.0,0.0,0.38407,0.0,-0.4163914,-0.27231592,0.14575434
-0.28128,-1.3172779,-2.2560642,0.0,0.0,0.0,0.0,0.0,0.12672251,0.05902356,0.0,0.41415495,1.5819662,0.5817711,1.0852342,0.30658424,1.5266587,0.0,0.0,0.0,0.0,0.2273278,0.0,0.26692674,0.0,1.217407,0.0,0.3898851,1.3067822,0.0,1.0446658,0.62030995,1.0706798,0.0,0.0,0.0,0.0,0.0,0.18599828,0.2606473,0.6618859,0.537263,0.0,0.0,0.17871425,0.50002384,0.90791214,0.32873076,0.31196898,0.32173395,0.0,0.0,0.2619485,0.0,0.0,0.0,0.43955258,0.4733704,0.0,0.0,0.0,0.8197106,0.0,0.0,0.0,0.39710188,0.0,-0.51449627,-0.26146364,0.22192974
-0.7478592,1.221337,0.25470254,0.0,0.0746125,0.0,0.32884583,0.6905041,0.044242702,0.2734322,0.35676318,0.51655376,0.0,0.31767637,0.29390317,0.0,0.038687214,0.6907282,0.0,0.17369638,0.21257459,0.0,0.0,0.0,0.8576314,0.0,0.0,0.80104184,0.20074697,0.0,0.0,0.0,0.0,0.0,0.87823534,0.28180432,0.0,0.2669047,0.15024531,0.049774557,0.34163398,0.0,0.2276822,0.07086635,0.0055279173,0.16525385,0.13125871,0.0,0.20127757,0.006420277,0.12559783,0.0,0.29600596,0.030767962,0.0691692,0.049085118,0.16982555,0.0,0.17259094,0.0,0.0,0.30173507,0.0,0.36591542,0.0,0.121372774,0.0,0.13200517,0.05677388,-0.008323245
-1.152709,0.4423492,-0.93116945,0.0,0.0,0.0,0.49541873,0.33404994,0.087299295,0.5990897,0.0,0.5430329,0.8011186,0.6047969,0.53370017,0.0,0.8876312,0.23271963,0.0,0.0,0.0,0.0,0.0,0.0,0.2539794,0.0,0.0,0.868124,0.73532003,0.0,0.24614267,0.018958628,0.0,0.0,0.12395272,0.0,0.0,0.0,0.20873407,0.3431701,0.46495247,0.07532198,0.123961255,0.0,0.28750336,0.5535253,0.558626,0.12650943,0.2217304,0.16453563,0.0,0.0,0.25532904,0.0,0.0,0.11361811,0.3391002,0.13272817,0.0,0.0,0.1058499,0.37035546,0.0,0.04160408,0.0,0.26820946,0.0,-0.3542478,-0.2057939,0.13178699
1.5306215,-1.0824553,0.03271755,0.084595025,0.0,0.0,0.0,0.0,0.0,0.0,0.29095438,0.17177732,0.105185464,0.0,0.7951133,0.22003984,0.0,0.5611851,0.0,0.0,0.14330767,0.0,0.44081664,0.9696059,0.5787921,0.907802,1.4505506,0.0,0.20432466,0.0,0.98754764,0.9206081,0.3709984,0.23023596,0.18023998,0.3318186,0.15552278,0.3661073,0.33924598,0.15134238,0.18552576,0.0,0.1165552,0.0,0.0,0.034156635,0.26684666,0.022192813,0.0,0.50745887,0.22058861,0.04577864,0.01890597,0.0,0.19383398,0.12564851,0.16941196,0.01013417,0.0,0.0,0.0,0.19257255,0.0,0.19379885,0.0,0.0,0.0,0.04425051,-0.025145113,-0.0069468245
-0.48701486,1.4014626,0.27293,0.0,0.110491365,0.0,0.20916542,0.72541714,0.14723906,0.30172306,0.34595135,0.5256372,0.0,0.11553353,0.37308505,0.0,0.0,0.7866473,0.0,0.20612268,0.38464272,0.0,0.09565362,0.0,1.0829773,0.0,0.0,0.7460544,0.21737693,0.0,0.0,0.0,0.0,0.0,0.9589366,0.2486936,0.0,0.25560537,0.14762118,0.010122716,0.40172535,0.0,0.18151861,0.0666416,0.0,0.12703076,0.12868875,0.0,0.23699899,0.0048879385,0.17802474,0.0,0.32696533,0.0024645776,0.041623287,0.03452684,0.14832486,0.0,0.15365186,0.0,0.0,0.31980455,0.0,0.39463174,0.0,0.19371831,0.0,0.12442048,0.06306337,0.0020169485
0.61281854,-0.6192491,-0.52428764,0.0,0.0,0.0,0.0,0.0,0.0,0.0,0.06078945,0.31141174,0.44597685,0.17539926,0.78023994,0.0,0.24787804,0.3973956,0.0,0.0,0.0,0.0,0.0,0.38822335,0.4409916,0.59509814,0.651343,0.12884796,0.4994818,0.0,0.7439283,0.63027394,0.25365165,0.0,0.05026117,0.003909178,0.0,0.04886414,0.32656017,0.20510225,0.40063637,0.0072242543,0.0795529,0.0,0.0,0.2807239,0.4719206,0.0,0.117838725,0.37793517,0.026642174,0.0,0.13175687,0.0,0.07898998,0.0,0.31441864,0.19756247,0.0,0.0,0.0,0.33393985,0.0,0.023967981,0.0,0.18713468,0.0,-0.27960122,-0.14049599,0.07850274
0.5166834,0.86581415,0.11430117,0.0,0.0,0.0,0.0,0.20987538,0.23276773,0.0,0.2666793,0.4354504,0.0,0.0,0.6551244,0.0,0.0,0.8311761,0.0,0.0409168,0.5155031,0.0,0.3102978,0.0,1.2413557,0.0,0.07966444,0.35613176,0.2928185,0.0,0.0,0.27871138,0.0,0.0,0.78119236,0.23517478,0.0,0.09130527,0.119504005,0.0,0.38517255,0.0,0.052783124,0.06334089,0.0,0.10949615,0.17282891,0.0,0.15404655,0.0681984,0.28677052,0.0,0.3346679,0.008102514,0.1080946,0.007293552,0.1467822,0.05630745,0.1811964,0.0,0.0,0.18384404,0.0,0.2952852,0.0,0.26465848,0.039474644,0.0958105,0.06244666,0.00858237
0.24423979,-0.8359155,-0.34896564,0.0,0.0,0.0,0.0,0.0,0.0,0.0,0.1612397,0.2857665,0.56191146,0.48462522,0.6012714,0.0,0.30590603,0.30415815,0.0,0.0,0.0,0.0,0.0,0.41767195,0.13818148,0.6046497,0.7395018,0.2021583,0.37434536,0.0,0.919345,0.5887002,0.18143931,0.044874087,0.029745609,0.08063153,0.0,0.14883728,0.27623734,0.20300537,0.3193586,0.08637395,0.10980305,0.0,0.0,0.23907638,0.3574043,0.0,0.062315762,0.38589942,0.0,0.0,0.017816732,0.0,0.11251933,0.05360678,0.3036189,0.1931772,0.0,0.0,0.0,0.27046224,0.0,0.034779593,0.0,0.1291441,0.0,-0.20249707,-0.08931036,0.053535484
-0.016490644,-0.21909463,-1.5264438,0.0,0.0,0.0,0.0,0.0,0.29557782,0.23235297,0.0,0.47015408,0.883709,0.1568415,0.99359787,0.0,0.91596293,0.20108739,0.0,0.0,0.0,0.0,0.0,0.0,0.41451317,0.4781795,0.0,0.43937618,1.0328826,0.0,0.46494347,0.4294128,0.41030923,0.0,0.0,0.0,0.0,0.0,0.20966925,0.29682428,0.5427423,0.05726234,0.0,0.0,0.044659007,0.52965856,0.78573185,0.17465934,0.30018097,0.232119,0.0,0.0,0.29382995,0.0,0.0,0.0,0.4011114,0.367816,0.0,0.0,0.0,0.5270631,0.0,0.0,0.0,0.4367809,0.0,-0.44369704,-0.24138074,0.12742363
0.6109778,-1.457841,0.455425,0.07881087,0.0,0.2321485,0.0,0.0,0.0,0.0,0.52695274,0.1285242,0.34776753,0.68820184,0.3675068,0.0,0.0,0.3646139,0.0,0.0,0.0,0.0,0.3261943,0.9547446,0.0,0.84155303,1.570915,0.0,0.0,0.361827,1.3285908,0.7823359,0.1369324,0.5906162,0.17630327,0.46582255,0.0,0.5931492,0.16020748,0.15209356,0.0,0.042779423,0.18115464,0.0,0.0,0.0,0.105311625,0.0,0.0,0.48382974,0.15361547,0.0,0.0,0.0,0.29567116,0.2096214,0.23300198,0.03497827,0.0,0.0,0.0,0.0,0.0,0.24932116,0.0,0.08911716,0.0,0.19353539,0.11886013,-0.0820153
-0.7926051,-0.5629084,-1.5711627,0.0,0.0,0.0,0.25761303,0.0,0.045838602,0.2599687,0.0,0.46494943,1.2459071,0.68556964,0.770713,0.0,1.2369313,0.0,0.0,0.0,0.0,0.12519741,0.0,0.0,0.0,0.53090215,0.0,0.63220793,0.99531674,0.0,0.7266121,0.32856253,0.3955817,0.0,0.0,0.0,0.0,0.0,0.16901098,0.3092202,0.53703266,0.33329275,0.0,0.0,0.26820558,0.55998206,0.6997928,0.16168906,0.2472625,0.23686796,0.0,0.0,0.21526772,0.0,0.0,0.0,0.4043839,0.3266267,0.0,0.0,0.004697822,0.49515507,0.0,0.0,0.0,0.36009076,0.0,-0.4537053,-0.1984853,0.18287139
-1.0016698,1.279598,0.5556853,0.0,0.14511478,0.0,0.4566933,0.7899025,0.0,0.20279372,0.4936182,0.5078578,0.0,0.48444512,0.12501025,0.0,0.0,0.70489734,0.0,0.3058288,0.23012517,0.0,0.06710801,0.0,0.76422703,0.0,0.0,0.87442195,0.03871131,0.0,0.0,0.0,0.0,0.0,1.0038284,0.4055201,0.0,0.36650068,0.07958382,6.0379505e-05,0.22452003,0.0,0.251834,0.13564745,0.049559224,0.058656037,0.0,0.0,0.18134014,0.0,0.12541825,0.0,0.27278435,0.0825504,0.06807257,0.10945612,0.10033135,0.0,0.24158488,0.0,0.0,0.23940341,0.0,0.4225795,0.0,0.05088488,0.0,0.2901792,0.114631936,-0.055186715
0.82856953,-1.5666573,0.136124,0.061210454,0.0,0.21839997,0.0,0.0,0.0,0.0,0.38603935,0.13430488,0.43411982,0.55640566,0.52878803,0.087441266,0.0,0.32854253,0.0,0.0,0.0,0.0,0.20519115,1.032857,0.0,1.0200678,1.5530269,0.0,0.08003053,0.20739552,1.3388901,0.8623494,0.35884526,0.5015758,0.02489236,0.36875132,0.08558505,0.46368,0.26179793,0.19214974,0.09783483,0.15460274,0.13657996,0.0,0.0,0.025151774,0.27311838,0.0,0.0,0.53569525,0.052411184,0.0,0.0,0.0,0.22406176,0.13779384,0.2633571,0.066812284,0.0,0.0,0.0,0.05612347,0.0,0.18565573,0.0,0.04187908,0.0,0.04998085,0.040845055,-0.0135174375
-0.94672567,0.61414695,-0.6603066,0.0,0.0,0.0,0.39999622,0.38623977,0.09849646,0.49002594,0.0,0.5316603,0.5834704,0.48252708,0.50910324,0.0,0.6577533,0.35804933,0.0,0.0,0.0,0.0,0.0,0.0,0.4409253,0.0,0.0,0.8162092,0.6171706,0.0,0.15722853,0.022166401,0.0,0.0,0.3009277,0.0,0.0,0.011638939,0.20720108,0.27277344,0.45410126,0.0,0.14178428,0.0,0.18777591,0.48338643,0.47964585,0.06255285,0.22063108,0.13519974,0.0,0.0,0.28357655,0.0,0.0,0.07263316,0.31193423,0.09507988,0.0,0.0,0.053209268,0.37216076,0.0,0.11000852,0.0,0.25029814,0.0,-0.28886187,-0.15702893,0.102986
-0.29646292,-0.20155841,1.0025433,0.0,0.0,0.0,0.0034946874,0.0,0.0,0.0,0.734854,0.26635528,0.02538541,0.77717364,0.035926074,0.0,0.0,0.5715461,0.0,0.23039727,0.07762248,0.0,0.44333658,0.10642284,0.21375474,0.0,0.8351165,0.40119857,0.0,0.2399548,0.74220586,0.2988768,0.0,0.33246034,0.74892,0.5274867,0.0,0.58683515,0.0,0.0,0.0,0.0,0.16969034,0.0,0.0,0.0,0.0,0.0,0.0,0.07572962,0.22036368,0.0,0.0,0.0,0.2976572,0.2079461,0.11568711,0.0,0.086097166,0.0,0.0,0.0,0.0,0.39680457,0.0,0.11726412,0.0,0.37496477,0.22572975,-0.092339635
0.7734875,0.7055857,0.7824685,0.0,0.0,0.0,0.0,0.09124708,0.028268047,0.0,0.55443555,0.34876886,0.0,0.0,0.47776335,0.0,0.0,0.95514905,0.0,0.274458,0.75662184,0.0,0.7815106,0.0,1.245629,0.0,0.55522555,0.21668509,0.0,0.0,0.10285562,0.3534871,0.0,0.0,1.0149016,0.5287385,0.0,0.3211583,0.0,0.0,0.17608225,0.0,0.08209347,0.12814341,0.0,0.0,0.0,0.0,0.021083564,0.0,0.38760006,0.0,0.22830996,0.0,0.09510356,0.22756687,0.0,0.0,0.27798897,0.0,0.0,0.0,0.0,0.47395593,0.0,0.18921548,0.0,0.36290112,0.19846195,-0.10442034
0.73886216,-0.14374125,0.14737236,0.0,0.0,0.0,0.0,0.0,0.0,0.0,0.32316476,0.30464265,0.00816901,0.053202122,0.61937153,0.0,0.0,0.64465666,0.0,0.0,0.23070924,0.0,0.31400904,0.26418078,0.75499696,0.19453782,0.7308257,0.12858197,0.19563723,0.0,0.5288578,0.54120034,0.0,0.0,0.48246032,0.26535326,0.0,0.2650835,0.20086022,0.09188329,0.24346612,0.0,0.20027034,0.0,0.0,0.11298636,0.11986687,0.0,0.049105242,0.23767757,0.24789931,0.0,0.15916768,0.0,0.21121207,0.107363366,0.16213572,0.05253476,0.05942765,0.0,0.0,0.099378616,0.0,0.262501,0.0,0.10439917,0.0,0.10620213,0.047453217,-0.033498466
-0.0011473455,0.05398599,0.24994598,0.0,0.0,0.0,0.0,0.0,0.0,0.0,0.3852352,0.34913462,0.13373864,0.3810906,0.39999324,0.0,0.0,0.56345725,0.0,0.0,0.055788964,0.0,0.1286595,0.0,0.52377015,0.0,0.43796876,0.38630715,0.13019525,0.0,0.49090403,0.33032155,0.0,0.0,0.5441796,0.22318535,0.0,0.27010307,0.0832221,0.088701956,0.212661,0.0,0.19088435,0.0,0.0,0.17129359,0.0843512,0.0,0.06316367,0.12150967,0.12669554,0.0,0.16041964,0.0,0.19668636,0.07216417,0.22318259,0.09298813,0.057059284,0.0,0.0,0.11999841,0.0,0.29791063,0.0,0.10806204,0.0,0.102926,0.07422506,-0.022733536
0.1336857,-0.15695533,0.7800403,0.0,0.0,0.0,0.0,0.0,0.0,0.0,0.62027955,0.2732818,0.0,0.49367982,0.23365943,0.0,0.0,0.62882614,0.0,0.14320947,0.1894894,0.0,0.46995574,0.17862037,0.44635892,0.0,0.84106505,0.28435278,0.0,0.06307247,0.65551126,0.39185435,0.0,0.20780373,0.6985512,0.48311377,0.0,0.50466406,0.0,0.0,0.012652852,0.0,0.20331159,0.0,0.0,0.0,0.0,0.0,0.0,0.117309436,0.24612832,0.0,0.03352505,0.0,0.2802019,0.19657892,0.10104611,0.0,0.090010874,0.0,0.0,0.0,0.0,0.39000332,0.0,0.077104576,0.0,0.35855713,0.20077705,-0.09590798
0.16634008,-0.40141806,1.2721602,0.015203863,0.0,0.0,0.0,0.0,0.0,0.0,0.844358,0.20088354,0.0,0.665214,0.050171018,0.0,0.0,0.6601236,0.0,0.29708856,0.260283,0.0,0.7491364,0.38047892,0.30324817,0.0,1.2140163,0.21123542,0.0,0.4376671,0.8444755,0.4384382,0.0,0.4954435,0.8207685,0.6733135,0.0,0.7276696,0.0,0.0,0.0,0.0,0.15401293,0.0,0.0,0.0,0.0,0.0,0.0,0.12445831,0.3441028,0.0,0.0,0.0,0.34584954,0.33640546,0.041965008,0.0,0.07352486,0.0,0.0,0.0,0.0,0.43431252,0.0,0.16191691,0.0,0.4552601,0.24637596,-0.11587741
0.96261233,-2.255289,-0.7354257,0.0,0.0,0.3942996,0.0,0.0,0.0,0.0,0.038083717,0.12258451,0.9339227,0.58789325,0.8120055,0.5271833,0.46376354,0.049060106,0.0,0.0,0.0,0.0,0.0,1.3175433,0.0,1.6387492,1.5821202,0.0,0.4797804,0.0,1.6329631,1.0600256,1.012928,0.44057456,0.0,0.08898844,0.23204057,0.23210469,0.45069557,0.30915862,0.31747139,0.55795145,0.016731448,0.0,0.0,0.16991284,0.66211724,0.20882447,0.0,0.61300796,0.0,0.12047727,0.0,0.0,0.0,0.0,0.3764428,0.29531938,0.0,0.0,0.0,0.51087517,0.0,0.0,0.0,0.007436417,0.0,-0.35237265,-0.16218834,0.117062785
1.6011376,-0.78692824,-0.6731913,0.0,0.0,0.0,0.0,0.0,0.18222627,0.0,0.0,0.26437217,0.2522623,0.0,1.085437,0.35715264,0.027017422,0.5263325,0.0,0.0,0.06553578,0.0,0.07710846,0.742913,0.80636394,0.91851115,0.98283964,0.0,0.6015706,0.0,0.7378899,0.8918441,0.58185446,0.0,0.0,0.003582866,0.19287251,0.0,0.41316026,0.17631727,0.41705227,0.0,0.0,0.0,0.0,0.19855559,0.61046356,0.06848958,0.08991246,0.5207495,0.08010765,0.053002678,0.19109008,0.0,0.022339046,0.0,0.31925187,0.18621033,0.0,0.0,0.0,0.49366495,0.0,0.0,0.0,0.11507031,0.0,-0.32033795,-0.20581995,0.11702702
-2.7179885,1.5902883,0.93120563,0.0,0.38627896,0.0,1.334011,1.3591222,0.0,0.6414848,0.7045553,0.58180094,0.22589365,1.3285017,0.0,0.0,0.2780616,0.50499654,0.0,0.53107077,0.0,0.0,0.0,0.0,0.1373308,0.0,0.0,1.4422911,0.0,0.0,0.0,0.0,0.0,0.0,1.154999,0.5502555,0.0,0.57693136,0.0494265,0.055161662,0.048571408,0.0,0.39906728,0.14811555,0.4527409,0.057931498,0.008649111,0.0,0.25839543,0.0,0.0,0.0,0.22944656,0.1390825,0.0,0.21777067,0.054271758,0.0,0.2561197,0.0,0.0,0.26395068,0.0,0.4551079,0.09615239,0.0,0.0,0.35004446,0.07731995,-0.051111758
0.525952,0.27962694,2.144808,0.1737923,0.0,0.0,0.0,0.0,0.0,0.0,1.1747997,0.19160067,0.0,0.3800014,0.0,0.0,0.0,1.0343304,0.0,0.74644876,0.91869104,0.0,1.457212,0.243022,0.8388953,0.0,1.3422797,0.15916802,0.0,0.6339679,0.51137984,0.35341328,0.0,0.53609884,1.4141682,0.9488082,0.0,0.83803594,0.0,0.0,0.0,0.0,0.0,0.020048458,0.0,0.0,0.0,0.0,0.0,0.0,0.56369716,0.0,0.0,0.0,0.21317849,0.52222407,0.0,0.0,0.290175,0.0,0.0,0.0,0.0,0.6471267,0.0,0.34502757,0.0,0.5457847,0.32007253,-0.19043653
-0.4991404,-1.159337,-1.0936613,0.0,0.0,0.0,0.06711105,0.0,0.0,0.0,0.0,0.34175906,1.1673796,0.85515237,0.6334602,0.0,0.9752788,0.0,0.0,0.0,0.0,0.03694898,0.0,0.27362382,0.0,0.81500584,0.35026863,0.42351496,0.70525944,0.0,1.093684,0.5085744,0.4675682,0.0,0.0,0.0,0.0,0.0,0.23182641,0.22234449,0.44261503,0.3494358,0.0,0.0,0.09788114,0.38414755,0.56623924,0.12955365,0.14416234,0.35363764,0.0,0.0,0.047731265,0.0,0.0,0.0,0.3995677,0.3465162,0.0,0.0,0.0,0.4687051,0.0,0.0,0.0,0.28996885,0.0,-0.40863195,-0.15604205,0.12823893
0.93955237,-0.15396075,-1.023359,0.0,0.0,0.0,0.0,0.0,0.35338688,0.0,0.0,0.3958565,0.38445842,0.0,1.0817428,0.086185515,0.3372775,0.48654038,0.0,0.0,0.0,0.0,0.0,0.17415951,0.879672,0.5119024,0.2621985,0.12360871,0.8138082,0.0,0.39545152,0.6180672,0.36610672,0.0,0.017456084,0.0,0.034299947,0.0,0.2796251,0.19317047,0.50121176,0.0,0.0,0.0,0.0,0.36562473,0.7166261,0.028318629,0.25699878,0.33619648,0.091910414,0.0,0.30807087,0.0,0.0,0.0,0.34415826,0.31141746,0.015510835,0.0,0.0,0.46344593,0.0,0.0,0.0,0.36828384,0.0,-0.36093462,-0.19053571,0.11272598
-1.6901997,1.8072293,0.18978795,0.0,0.2871906,0.0,0.83993036,1.210211,0.05584427,0.9259065,0.33445096,0.62937355,0.11854295,0.5683745,0.11073473,0.0,0.29887015,0.63267154,0.0,0.25793844,0.055602506,0.0,0.0,0.0,0.7641591,0.0,0.0,1.1908512,0.24883854,0.0,0.0,0.0,0.0,0.0,0.9853535,0.24091403,0.0,0.42451295,0.21665476,0.1549773,0.36862653,0.0,0.3981464,0.048809532,0.31082466,0.20854694,0.25485402,0.0019137822,0.32502568,0.0082658455,0.0,0.0,0.3485628,0.0,0.0,0.1406948,0.20571938,0.0,0.098777965,0.0,0.0,0.43865034,0.0,0.38453755,0.0,0.09554645,0.0,0.05915879,-0.019335553,0.035496973
-0.73565704,0.61499393,1.1391716,0.0,0.019386858,0.0,0.27447727,0.40273023,0.0,0.0,0.7695626,0.36864403,0.0,0.71493816,0.0,0.0,0.0,0.69897854,0.0,0.42383522,0.25948763,0.0,0.4440269,0.0,0.48155797,0.0,0.30308855,0.6584101,0.0,0.024925023,0.3250509,0.024058431,0.0,0.07307793,1.0413828,0.5986273,0.0,0.48420432,0.0,0.0,0.020305283,0.0,0.1644314,0.17050998,0.040704373,0.0,0.0,0.0,0.0036929697,0.0,0.21114212,0.0,0.12152284,0.032977767,0.16392164,0.19053827,0.0,0.0,0.27738672,0.0,0.0,0.019134047,0.0,0.46022144,0.0,0.07362589,0.0,0.43061703,0.22321378,-0.09816455
1.8223559,-1.77629,0.63559175,0.39517003,0.0,0.2989796,0.0,0.0,0.0,0.0,0.5757966,0.026411057,0.011419222,0.21569307,0.60546637,0.32168907,0.0,0.556697,0.0,0.0,0.17736073,0.0,0.83562124,1.4961102,0.2903944,1.2175436,2.2068598,0.0,0.0,0.49915615,1.4238665,1.1176493,0.42412922,0.73136723,0.2177314,0.53799075,0.15060394,0.7654593,0.16472346,0.17061317,0.0,0.031148769,0.06570893,0.0,0.0,0.0,0.0,0.026260018,0.0,0.60761905,0.27793178,0.0,0.0,0.0,0.28876743,0.29992986,0.06258482,0.0,0.0,0.0,0.0,0.0,0.0,0.29633385,0.0,0.0,0.0,0.29015386,0.11472144,-0.076561764
0.11487623,1.2368573,0.10193041,0.0,0.0054902434,0.0,0.0,0.49532914,0.270621,0.13680053,0.25773805,0.49652517,0.0,0.0,0.58179295,0.0,0.0,0.8372318,0.0,0.10258089,0.49876457,0.0,0.19434606,0.0,1.2716525,0.0,0.0,0.5403074,0.31598476,0.0,0.0,0.110208005,0.0,0.0,0.872101,0.19839399,0.0,0.1302009,0.14897715,0.0,0.45253605,0.0,0.0820502,0.062701955,0.0,0.1385955,0.17455608,0.0,0.21830945,0.05969031,0.25170434,0.0,0.33870888,0.005641483,0.07924073,0.0,0.15618423,0.03857717,0.1538353,0.0,0.0,0.292814,0.0,0.32540786,0.0,0.2942931,0.022399787,0.05869874,0.041885905,0.02829759
0.35588583,1.3206683,0.65651184,0.0,0.084649,0.0,0.0,0.5036992,0.17383319,0.0,0.48470968,0.44899592,0.0,0.0,0.46020976,0.0,0.0,0.99611115,0.0,0.331231,0.7908652,0.0,0.6158701,0.0,1.4144623,0.0,0.022779614,0.4493389,0.04338652,0.0,0.0,0.13272825,0.0,0.0,1.1375427,0.44504812,0.0,0.26929155,0.0,0.0,0.3063755,0.0,0.048361033,0.21775632,0.0,0.0,0.0,0.0,0.1393034,0.0,0.36590338,0.0,0.30992743,0.09353505,0.03795223,0.12451395,0.0,0.0,0.3023494,0.0,0.0,0.11679328,0.0,0.44007814,0.0,0.26853353,0.05343569,0.320108,0.15459281,-0.07023518
-0.69199705,0.820966,-0.17616193,0.0,0.0,0.0,0.28000766,0.4531803,0.06445838,0.2647769,0.18812701,0.50411916,0.26074496,0.36190856,0.4261012,0.0,0.29713342,0.5365584,0.0,0.0,0.0,0.0,0.0,0.0,0.6640412,0.0,0.0,0.7435396,0.39269185,0.0,0.066011995,0.023558289,0.0,0.0,0.5783049,0.106930725,0.0,0.12172736,0.17850676,0.16130488,0.37648904,0.0,0.17607953,0.021555375,0.035687517,0.33788967,0.31604537,0.0,0.19639422,0.07417244,0.05341785,0.0,0.29558775,0.0,0.022835106,0.036924288,0.2572131,0.041565344,0.09700731,0.0,0.0,0.3232058,0.0,0.24938315,0.0,0.16861813,0.0,-0.09390037,-0.03088665,0.03821121
1.7303088,-1.6055166,-0.8396103,0.0019281209,0.0,0.025319248,0.0,0.0,0.005613096,0.0,0.0,0.17697197,0.5329587,0.0,1.110168,0.64065194,0.1813077,0.33298177,0.0,0.0,0.0,0.0,0.0,1.1866329,0.39456385,1.4458361,1.4065335,0.0,0.6216254,0.0,1.1804438,1.0980872,0.97852767,0.09819651,0.0,0.011566902,0.27354807,0.09010692,0.5191401,0.2533394,0.3984695,0.32838473,0.0,0.0,0.0,0.1873372,0.65734065,0.19694556,0.047274187,0.6069167,0.0,0.16377175,0.110861175,0.0,0.0,0.0,0.3390291,0.20657262,0.0,0.0,0.0,0.6354296,0.0,0.0,0.0,0.0,0.0,-0.3835811,-0.2310112,0.1359228
0.6724611,-0.32748485,-0.6136431,0.0,0.0,0.0,0.0,0.0,0.11883449,0.0,0.005305171,0.35104787,0.3688084,0.014162034,0.8519299,0.0,0.23546237,0.4621798,0.0,0.0,0.0,0.0,0.0,0.24121079,0.64154506,0.46244788,0.46487713,0.1597826,0.5741216,0.0,0.5614359,0.5842959,0.19801787,0.0,0.11159366,0.0,0.0,0.0,0.30715266,0.20389695,0.44591385,0.0,0.04503435,0.0,0.0,0.3281186,0.5173244,0.0,0.19089197,0.32631677,0.07038607,0.0,0.22936586,0.0,0.06390196,0.0,0.30422255,0.22982265,0.0,0.0,0.0,0.35344416,0.0,0.034907527,0.0,0.2524911,0.0,-0.29804933,-0.15561351,0.08126712
1.2921989,-0.94460577,-1.0626425,0.0,0.0,0.0,0.0,0.0,0.19128567,0.0,0.0,0.2917685,0.54090077,0.0,1.1248066,0.40023398,0.3496584,0.36446756,0.0,0.0,0.0,0.0,0.0,0.6847291,0.5837086,1.037694,0.7975167,0.0,0.77879226,0.0,0.81543106,0.8654801,0.7437006,0.0,0.0,0.0,0.16947168,0.0,0.40715834,0.22204757,0.46760935,0.104321055,0.0,0.0,0.0,0.27654153,0.7173353,0.1579736,0.17012887,0.4662434,0.0,0.06609363,0.21201521,0.0,0.0,0.0,0.3473833,0.2821681,0.0,0.0,0.0,0.5801771,0.0,0.0,0.0,0.14763719,0.0,-0.38689506,-0.25598896,0.1272359
-0.33144024,0.862169,0.9647323,0.0,0.040191233,0.0,0.08918928,0.43288606,0.0,0.0,0.6666444,0.39636344,0.0,0.37549973,0.12846312,0.0,0.0,0.8064287,0.0,0.38893777,0.45226485,0.0,0.5088661,0.0,0.81864536,0.0,0.20920527,0.57858104,0.0,0.0,0.12902275,0.067181885,0.0,0.0,1.0741739,0.533031,0.0,0.39508918,0.0,0.0,0.1117825,0.0,0.12767974,0.2130491,0.0,0.0,0.0,0.0,0.041853637,0.0,0.28431767,0.0,0.19855243,0.0568287,0.09710711,0.18687533,0.0,0.0,0.30542135,0.0,0.0,0.067059994,0.0,0.45588776,0.0,0.122678,0.0,0.3914916,0.2042785,-0.098200865
-0.33536026,-0.5273965,0.633307,0.0,0.0,0.0,0.0063013807,0.0,0.0,0.0,0.5927044,0.26125178,0.2771207,0.8535317,0.1271998,0.0,0.0,0.4265249,0.0,0.032383353,0.0,0.0,0.18067358,0.2171222,0.017679304,0.087942354,0.837026,0.3818379,0.0,0.16332296,0.8948511,0.36829832,0.0,0.32515618,0.49235618,0.4122591,0.0,0.5173563,0.0,0.059927776,0.025003016,0.0,0.20019424,0.0,0.0,0.055703223,0.0,0.0,0.0,0.19357091,0.084367305,0.0,0.0,0.0,0.31364092,0.17111547,0.21983534,0.036538772,0.0,0.0,0.0,0.0,0.0,0.33084926,0.0,0.06482951,0.0,0.26448867,0.16648364,-0.06846651
-0.3162902,0.8073212,1.0708514,0.0,0.037662923,0.0,0.07693515,0.40456957,0.0,0.0,0.71476877,0.38017166,0.0,0.4090968,0.090910256,0.0,0.0,0.8142623,0.0,0.42164743,0.46980304,0.0,0.5717655,0.0,0.79030275,0.0,0.29333216,0.55993825,0.0,0.0,0.1702835,0.079502225,0.0,0.0,1.1003177,0.5642881,0.0,0.4262347,0.0,0.0,0.07759085,0.0,0.12391595,0.21690221,0.0,0.0,0.0,0.0,0.023951963,0.0,0.2959254,0.0,0.17928088,0.035730787,0.10447039,0.21053733,0.0,0.0,0.30822754,0.0,0.0,0.042940225,0.0,0.4689158,0.0,0.12291092,0.0,0.4075509,0.22201322,-0.10766562
1.5980448,-0.5144206,-3.3673463,0.0,0.0,0.0,0.0,0.0,1.0993983,0.6847237,0.0,0.52801085,1.1667725,0.0,2.0484934,1.0015788,1.3837341,0.14077559,0.0,0.0,0.0,0.08248353,0.0,0.24614736,1.0501826,1.3900982,0.0,0.0,2.031762,0.0,0.30145252,0.90156746,1.6425852,0.0,0.0,0.0,0.277012,0.0,0.27639282,0.2986127,0.86416733,0.039594106,0.0,0.0,0.0,0.5889442,1.614493,0.68670565,0.55654013,0.31317434,0.0,0.05787442,0.5621022,0.0,0.0,0.0,0.61983347,0.64949393,0.0,0.0,0.0,1.1895118,0.0,0.0,0.0,0.61856747,0.0,-0.6686396,-0.5428133,0.25698283
0.30454293,0.46636242,-0.6624102,0.0,0.0,0.0,0.0,0.022094294,0.30607453,0.05996716,0.0,0.4636951,0.24868874,0.0,0.8357635,0.0,0.27310714,0.5673623,0.0,0.0,0.04801476,0.0,0.0,0.0,0.9351181,0.0,0.0,0.40054402,0.6547779,0.0,0.13181302,0.3349926,0.0,0.0,0.32594642,0.0,0.0,0.0,0.20305873,0.18593691,0.473153,0.0,0.015616685,0.0,0.0,0.4055171,0.50463873,0.0,0.26314008,0.1767247,0.13654006,0.0,0.39549047,0.0,0.043144584,0.0,0.31730935,0.2505016,0.04453945,0.0,0.0,0.3451532,0.0,0.07225854,0.0,0.33859068,0.003464818,-0.26061428,-0.11164527,0.079006925
1.5539052,-2.6989164,-2.317131,0.0,0.0,0.32394382,0.0,0.0,0.08739328,0.0,0.0,0.18219061,1.4801944,0.15120254,1.4873607,1.2401159,1.1492355,0.0,0.0,0.0,0.0,0.058586687,0.0,1.5135213,0.0,2.373592,1.2894887,0.0,1.2898513,0.0,1.6719395,1.3267388,1.9775186,0.0,0.0,0.0,0.37406653,0.0,0.5545096,0.39467496,0.5391684,0.91376907,0.0,0.0,0.0,0.26099658,1.0771394,0.56432426,0.199356,0.62579507,0.0,0.30017784,0.2238282,0.0,0.0,0.0,0.40624735,0.5111872,0.0,0.0,0.0,1.1184794,0.0,0.0,0.0,0.0,0.0,-0.5901107,-0.4018643,0.19334082
0.37228644,0.3287919,-0.23529434,0.0,0.0,0.0,0.0,0.0,0.14495748,0.0,0.14750944,0.40805283,0.1129542,0.0,0.6933904,0.0,0.048918743,0.6196057,0.0,0.0,0.15240513,0.0,0.0015886389,0.0,0.8726573,0.0,0.17664051,0.33624643,0.42241195,0.0,0.2494002,0.36852488,0.0,0.0,0.45836067,0.023042468,0.0,0.051117435,0.19005308,0.13959664,0.40540886,0.0,0.099787176,0.0,0.0,0.2872547,0.3222465,0.0,0.19241978,0.15335283,0.14966962,0.0,0.3240644,0.0,0.14117058,0.0,0.26159322,0.17958033,0.060587324,0.0,0.0,0.24202678,0.0,0.1874026,0.0,0.23115498,0.0,-0.122583196,-0.048737824,0.046469934
-0.60052985,2.2217383,1.5650643,0.0,0.50995076,0.0,0.30429363,1.22609,0.0,0.08063656,0.8686742,0.515913,0.0,0.10236013,0.0,0.0,0.0,1.1708398,0.0,0.8509229,1.0440532,0.0,0.89539695,0.0,1.4669003,0.0,0.0,0.84272045,0.0,0.0,0.0,0.0,0.0,0.0,1.739059,0.6806313,0.0,0.63176215,0.0,0.0,0.13189316,0.0,0.10698088,0.3978517,0.13660753,0.0,0.0,0.0,0.25377917,0.0,0.3980835,0.0,0.36651972,0.10936467,0.0,0.32294926,0.0,0.0,0.48020935,0.0,0.0,0.18867551,0.0,0.6269859,0.0,0.18298969,0.0,0.4948197,0.23891707,-0.1268619
0.9752347,0.13456145,-1.195197,0.0,0.0,0.0,0.0,0.0,0.5033265,0.0,0.0,0.44316655,0.34623513,0.0,1.1754985,0.07290071,0.37569362,0.53216356,0.0,0.0,0.014997255,0.0,0.0,0.011077892,1.0698717,0.3955646,0.03235668,0.16576695,0.93027186,0.0,0.20836955,0.569465,0.34227148,0.0,0.04297793,0.0,0.020817943,0.0,0.23261303,0.17650121,0.5362944,0.0,0.0,0.0,0.0,0.40149325,0.7877902,0.009446025,0.31507427,0.29395074,0.13258526,0.0,0.37982422,0.0,0.0,0.0,0.3584973,0.35605016,0.060039077,0.0,0.0,0.49027586,0.0,0.0,0.0,0.46220803,0.05795005,-0.35620338,-0.1830614,0.11958764
1.472617,-2.2796936,-0.2200665,0.21292919,0.0,0.4344184,0.0,0.0,0.0,0.0,0.2434696,0.054766446,0.5946306,0.43008593,0.76781005,0.5588114,0.03537445,0.22866058,0.0,0.0,0.0,0.0,0.15786694,1.5457566,0.0,1.6327884,1.9896047,0.0,0.22878815,0.2408261,1.6555969,1.166929,0.9045048,0.6242844,0.0,0.2423036,0.24381186,0.45749882,0.38949877,0.29075682,0.13706796,0.40316322,0.019647464,0.0,0.0,0.0,0.45708573,0.12677498,0.0,0.66127807,0.0,0.059578933,0.0,0.0,0.042803347,0.07923621,0.29618186,0.14091177,0.0,0.0,0.0,0.27560383,0.0,0.11414032,0.0,0.0,0.0,-0.1330376,-0.044071868,0.045256108
-0.13190588,-0.021018313,-0.07642017,0.0,0.0,0.0,0.0,0.0,0.0,0.0,0.25253537,0.37362996,0.31844616,0.41609898,0.4723938,0.0,0.17732553,0.4661309,0.0,0.0,0.0,0.0,0.0,0.0,0.4298963,0.006285978,0.29016668,0.43239304,0.28879824,0.0,0.5117043,0.3249872,0.0,0.0,0.38034815,0.08741153,0.0,0.1724948,0.11949539,0.15101567,0.28753725,0.0,0.15441017,0.0,0.0,0.27585077,0.20189029,0.0,0.116397426,0.15054654,0.03937132,0.0,0.184704,0.0,0.1490796,0.045926057,0.27235895,0.17539172,0.025308901,0.0,0.0,0.19907938,0.0,0.18337482,0.0,0.15974922,0.0,-0.059683114,-0.008094095,0.020064397
0.22965881,-0.27989942,-0.93176043,0.0,0.0,0.0,0.0,0.0,0.14252245,0.0,0.0,0.4019315,0.60707414,0.16555628,0.84732497,0.0,0.5370093,0.33392897,0.0,0.0,0.0,0.0,0.0,0.04622709,0.47414353,0.42261213,0.15551019,0.32239076,0.7268472,0.0,0.5400231,0.4826365,0.22680923,0.0,0.0,0.0,0.0,0.0,0.22177476,0.23387685,0.46357936,0.0,0.0,0.0,0.0,0.4064319,0.5667087,0.0,0.22834699,0.27266246,0.0,0.0,0.23578626,0.0,0.0,0.0,0.3094007,0.30508578,0.009552896,0.0,0.0,0.4052955,0.0,0.0,0.0,0.32680345,0.0,-0.3421464,-0.1735851,0.09752975
0.44475332,-0.33353212,-0.24583888,0.0,0.0,0.0,0.0,0.0,0.0,0.0,0.1733343,0.32797664,0.30381,0.20501757,0.6613833,0.0,0.1200041,0.47757208,0.0,0.0,0.0,0.0,0.0,0.22659743,0.52062494,0.33567923,0.5664105,0.21161921,0.37258655,0.0,0.62318766,0.5250541,0.0,0.0,0.24503282,0.064779736,0.0,0.14106287,0.2748431,0.18821234,0.35981452,0.0,0.15382642,0.0,0.0,0.26270157,0.32091284,0.0,0.13779064,0.2868927,0.10173433,0.0,0.16233042,0.0,0.1482493,0.0342279,0.28137907,0.19080152,0.008571558,0.0,0.0,0.23878564,0.0,0.12848626,0.0,0.14539886,0.0,-0.14752966,-0.0846657,0.03219039
0.40448007,-0.41691974,0.5451626,0.0,0.0,0.0,0.0,0.0,0.0,0.0,0.5214914,0.251844,0.048956797,0.40890947,0.36721605,0.0,0.0,0.58194894,0.0,0.004102066,0.12281221,0.0,0.40356064,0.36227578,0.4279735,0.19105539,0.96324265,0.17108534,0.0,0.012886763,0.75689995,0.5136474,0.0,0.21037298,0.53572756,0.4412717,0.0,0.4730356,0.0823103,0.06002398,0.07603473,0.0,0.2357856,0.0,0.0,0.033284605,0.0,0.0,0.0,0.23335177,0.24318726,0.0,0.008594774,0.0,0.28997186,0.17395124,0.1432279,0.0,0.04030902,0.0,0.0,0.0,0.0,0.34632188,0.0,0.021941394,0.0,0.28237444,0.13811344,-0.0870997
-0.34456065,0.9147129,-0.08311653,0.0,0.0,0.0,0.11054135,0.42580914,0.1349914,0.17311513,0.21080342,0.4930873,0.090501145,0.16246092,0.49534616,0.0,0.123803206,0.6416874,0.0,0.0,0.147176,0.0,0.0,0.0,0.8768036,0.0,0.0,0.6441941,0.36610168,0.0,0.0,0.07957545,0.0,0.0,0.6665296,0.11942515,0.0,0.109308556,0.18054321,0.11003274,0.3979376,0.0,0.14311984,0.022207644,0.0,0.27168366,0.2723687,0.0,0.20059468,0.07316458,0.14755207,0.0,0.31872478,0.0,0.070439115,0.0,0.239761,0.051669553,0.11908376,0.0,0.0,0.32291222,0.0,0.2723904,0.0,0.19249886,0.0,-0.049420446,-0.0075084567,0.034306645
1.8582711,-1.4087993,-0.78889316,0.0046173334,0.0,0.0,0.0,0.0,0.0768652,0.0,0.0,0.1906075,0.41295522,0.0,1.1434625,0.620139,0.08714335,0.41225278,0.0,0.0,0.0,0.0,0.04205125,1.1275054,0.5669151,1.3478134,1.3587766,0.0,0.6174972,0.0,1.061194,1.0840306,0.9112272,0.03126043,0.0,0.016380895,0.2768672,0.055503845,0.50638837,0.22096246,0.39367855,0.2172687,0.0,0.0,0.0,0.1724711,0.65233773,0.18055177,0.04590282,0.6105722,0.0,0.1482003,0.14289223,0.0,0.0,0.0,0.33999482,0.19104108,0.0,0.0,0.0,0.62653255,0.0,0.0,0.0,0.0,0.0,-0.36591488,-0.2371998,0.13259545
-0.6706997,0.3042227,-0.03681231,0.0,0.0,0.0,0.2348983,0.18342876,0.0,0.0,0.27348536,0.43039727,0.36566088,0.57782686,0.34004968,0.0,0.287748,0.44343525,0.0,0.0,0.0,0.0,0.0,0.0,0.36830902,0.0,0.0,0.64985585,0.27538824,0.0,0.37607422,0.13402744,0.0,0.0,0.4694845,0.15182275,0.0,0.16502193,0.100785494,0.13665211,0.28005683,0.0,0.16287899,0.020810645,0.017635398,0.27635315,0.19884735,0.0,0.12209548,0.0937673,0.0,0.0,0.21781656,0.0050504543,0.10734163,0.05440983,0.23182043,0.11033317,0.08098818,0.0,0.0,0.21186182,0.0,0.20237288,0.0,0.11905505,0.0,-0.013124846,0.005183354,0.019647317
-1.1416048,0.11247458,-0.7709748,0.0,0.0,0.0,0.4670965,0.16497037,0.0,0.30125207,0.0,0.48995328,0.8424244,0.7574913,0.45320833,0.0,0.8456306,0.18464506,0.0,0.0,0.0,0.0,0.0,0.0,0.061751068,0.0,0.0,0.80547297,0.6231515,0.0,0.45169678,0.087120384,0.0,0.0,0.08315021,0.0,0.0,0.007831924,0.15322238,0.3022551,0.3867544,0.12539214,0.121547975,0.0,0.25532424,0.4969475,0.43360525,0.0,0.16895671,0.17835695,0.0,0.0,0.20578039,0.0,0.0,0.12378944,0.2959167,0.17087221,0.0,0.0,0.05321998,0.29646274,0.0,0.013749763,0.0,0.21917076,0.0,-0.3002532,-0.13556129,0.10896563
-0.14460468,-0.8493789,-1.555899,0.0,0.0,0.0,0.0,0.0,0.083093874,0.0,0.0,0.4036099,1.1327366,0.4624201,0.9166471,0.05153936,1.0575318,0.024242997,0.0,0.0,0.0,0.04404807,0.0,0.15368429,0.0,0.816611,0.07388398,0.38365227,0.9878098,0.0,0.83599937,0.5345168,0.62649524,0.0,0.0,0.0,0.0,0.0,0.19843398,0.24330866,0.50496423,0.30963042,0.0,0.0,0.11762543,0.44706148,0.69640505,0.16540135,0.23359074,0.2750121,0.0,0.0,0.17589271,0.0,0.0,0.0,0.37386194,0.36065224,0.0,0.0,0.0,0.56288993,0.0,0.0,0.0,0.35376328,0.0,-0.4213485,-0.18949006,0.15267956
0.65726084,-1.0353546,0.75148576,0.08704865,0.0,0.08040264,0.0,0.0,0.0,0.0,0.6323152,0.15100174,0.0904164,0.5565749,0.3118588,0.0,0.0,0.52142763,0.0,0.0,0.049370736,0.0,0.55741006,0.7860447,0.17817593,0.5426844,1.483448,0.0,0.0,0.3577524,1.1120579,0.69600016,0.0,0.52995193,0.4348333,0.5579933,0.0,0.6645006,0.056468435,0.06881895,0.0,0.0,0.20866418,0.0,0.0,0.0,0.0,0.0,0.0,0.38629818,0.3098057,0.0,0.0,0.0,0.35661155,0.2629786,0.14398728,0.0,0.0,0.0,0.0,0.0,0.0,0.3239544,0.0,0.061012886,0.0,0.3442145,0.173024,-0.104650505
0.013184734,1.4271485,-0.31078318,0.0,0.011625081,0.0,0.0,0.60324085,0.43679515,0.5212349,0.07331635,0.55851907,0.0,0.0,0.714358,0.0,0.056538776,0.7930542,0.0,0.0,0.40570056,0.0,0.0,0.0,1.3486319,0.0,0.0,0.6226834,0.54412216,0.0,0.0,0.057533115,0.0,0.0,0.76049846,0.017234432,0.0,0.051800117,0.2604539,0.060942434,0.631684,0.0,0.1047243,0.0,0.0,0.28210753,0.41205466,0.0,0.2959957,0.16152908,0.1808297,0.0,0.36806515,0.0,0.029086344,0.0,0.30128014,0.078560434,0.0,0.0,0.0,0.4627858,0.0,0.24829446,0.0,0.40135303,0.0,-0.19960159,-0.081231415,0.09466208
0.0412197,0.23191537,-0.13952601,0.0,0.0,0.0,0.0,0.0,0.018368535,0.0,0.20613405,0.40183488,0.20913169,0.21587156,0.5623514,0.0,0.11978145,0.54837185,0.0,0.0,0.019778378,0.0,0.0,0.0,0.65960383,0.0,0.17262706,0.42035097,0.35081246,0.0,0.34429055,0.31208643,0.0,0.0,0.44645387,0.069362536,0.0,0.116844326,0.14807734,0.14672983,0.3454651,0.0,0.13317406,0.0,0.0,0.29399383,0.26536685,0.0,0.14755489,0.12875088,0.10222666,0.0,0.27183175,0.0,0.13147287,0.0018756092,0.27950326,0.16984102,0.068433605,0.0,0.0,0.2291249,0.0,0.19276327,0.0,0.18179634,0.0,-0.08266713,-0.020247571,0.034221932
2.3006747,-1.5523776,-0.34968498,0.2127968,0.0,0.022195846,0.0,0.0,0.0,0.0,0.12020166,0.11802834,0.16018648,0.0,1.0976471,0.6793382,0.0,0.53820336,0.0,0.0,0.14198764,0.0,0.44600254,1.3884568,0.67430556,1.4137441,1.777446,0.0,0.39311096,0.0,1.1504781,1.2028284,0.8651831,0.23755306,0.0,0.25082326,0.32143474,0.2817342,0.4347164,0.18561424,0.23252392,0.14878863,0.0,0.0,0.0,0.0,0.43945873,0.17783657,0.0,0.67210644,0.0881339,0.15667817,0.049464263,0.0,0.057202764,0.10130824,0.21074674,0.03773307,0.0,0.0,0.0,0.44714862,0.0,0.044430085,0.0,0.0,0.0,-0.13124356,-0.13560987,0.060763344
0.042574156,0.03274334,1.1241997,0.0,0.0,0.0,0.0,0.0,0.0,0.0,0.7632095,0.2697686,0.0,0.5330148,0.104637116,0.0,0.0,0.71256864,0.0,0.31121695,0.3312418,0.0,0.65848684,0.09813756,0.5036137,0.0,0.86398506,0.324766,0.0,0.18970743,0.5900876,0.32258084,0.0,0.2672937,0.89349234,0.5883636,0.0,0.5665269,0.0,0.0,0.0,0.0,0.13430871,0.0,0.0,0.0,0.0,0.0,0.0,0.024761237,0.3015546,0.0,0.025751071,0.0,0.24735516,0.25337648,0.036642283,0.0,0.15835637,0.0,0.0,0.0,0.0,0.45382622,0.0,0.13703945,0.0,0.41070428,0.23286797,-0.11598774
0.15585849,0.79729617,0.99123156,0.0,0.0,0.0,0.0,0.288228,0.0,0.0,0.6632271,0.366686,0.0,0.15214203,0.24552487,0.0,0.0,0.8907856,0.0,0.38129073,0.62068915,0.0,0.6926114,0.0,1.0059638,0.0,0.40842795,0.4141798,0.0,0.0,0.12617564,0.18986715,0.0,0.0,1.0926088,0.5489891,0.0,0.38886178,0.0,0.0,0.120686404,0.0,0.09915915,0.18465328,0.0,0.0,0.0,0.0,0.02527216,0.0,0.35096997,0.0,0.2055847,0.0,0.09540845,0.22342438,0.0,0.0,0.31063026,0.0,0.0,0.0,0.0,0.48805237,0.0,0.15729523,0.0,0.39250442,0.22009684,-0.10937869
0.45523715,-0.4454004,0.21718313,0.0,0.0,0.0,0.0,0.0,0.0,0.0,0.3790149,0.2746005,0.16413054,0.3311085,0.49313313,0.0,0.0,0.5306138,0.0,0.0,0.031242512,0.0,0.2253659,0.34886897,0.4454374,0.29339108,0.8446637,0.16744755,0.121470794,0.0,0.73475486,0.539365,0.0,0.09327392,0.39688525,0.28786287,0.0,0.33833605,0.18719095,0.11358453,0.19101276,0.0,0.21426806,0.0,0.0,0.123381175,0.12804405,0.0,0.020477846,0.272378,0.18581504,0.0,0.0626762,0.0,0.23102969,0.11711167,0.21188673,0.072865576,0.015521605,0.0,0.0,0.08881182,0.0,0.2603152,0.0,0.05568946,0.0,0.10123761,0.04798273,-0.039041005
0.5566668,0.2989995,0.3251004,0.0,0.0,0.0,0.0,0.0,0.0,0.0,0.38478044,0.34893402,0.0,0.010080844,0.5449857,0.0,0.0,0.74191874,0.0,0.03131163,0.38215727,0.0,0.3955808,0.003129255,0.9228166,0.0,0.507136,0.24519917,0.13455717,0.0,0.30850938,0.40216225,0.0,0.0,0.6862398,0.29571497,0.0,0.2561189,0.092205696,0.04807683,0.24109551,0.0,0.15864496,0.0,0.0,0.095322974,0.036803707,0.0,0.06700146,0.088759676,0.25501066,0.0,0.22274989,0.0,0.17393303,0.11379935,0.11641802,0.036788277,0.1322751,0.0,0.0,0.05730039,0.0,0.35940957,0.0,0.14272183,0.0,0.19034928,0.10494968,-0.048843853
-1.2858579,0.76017547,-0.9977187,0.0,0.0,0.0,0.5832224,0.5281736,0.17966503,0.8682613,0.0,0.5915978,0.7661518,0.5381112,0.5474805,0.0,0.9224184,0.26976353,0.0,0.0,0.0,0.0,0.0,0.0,0.37958622,0.0,0.0,0.96246696,0.79271877,0.0,0.068006456,0.0,0.0,0.0,0.1915834,0.0,0.0,0.0,0.25865823,0.37958482,0.51053315,0.034717716,0.14740695,0.0,0.32223856,0.58271,0.64375955,0.24038117,0.2710554,0.1504987,0.0,0.0,0.29690146,0.0,0.0,0.110560745,0.3620625,0.06941735,0.0,0.0,0.13440081,0.42686015,0.0,0.06908623,0.0,0.29306418,0.0,-0.3849631,-0.25720632,0.14078993
-0.92629814,1.1133082,0.1878803,0.0,0.04731044,0.0,0.41227663,0.67260796,0.0,0.2950306,0.33986628,0.5167985,0.104962155,0.43971762,0.25999144,0.0,0.14560327,0.61960554,0.0,0.13254325,0.0839797,0.0,0.0,0.0,0.7140736,0.0,0.0,0.84377503,0.21907832,0.0,0.0,0.0,0.0,0.0,0.8059392,0.27017117,0.0,0.2566693,0.15344343,0.09473338,0.31309986,0.0,0.24274719,0.077706665,0.055757586,0.21549602,0.16942382,0.0,0.19071908,0.006538987,0.08059526,0.0,0.28565556,0.035170205,0.04814312,0.07563222,0.18881017,0.0,0.17609343,0.0,0.0,0.2930268,0.0,0.34481972,0.0,0.09682451,0.0,0.09677359,0.03949941,-0.0050427485
-0.94602793,1.0763224,0.6238026,0.0,0.09413427,0.0,0.41507578,0.6734277,0.0,0.023790538,0.5311965,0.4757986,0.0,0.54732054,0.09929031,0.0,0.0,0.6796998,0.0,0.29879278,0.19567467,0.0,0.10804221,0.0,0.6693832,0.0,0.0,0.8220496,0.0,0.0,0.024493843,0.0,0.0,0.0,0.9691751,0.43873742,0.0,0.35067844,0.03297733,0.0,0.15618023,0.0,0.22212866,0.1632114,0.019381132,0.039550573,0.0,0.0,0.13792227,0.0,0.1465302,0.0,0.2444861,0.11927192,0.10473929,0.10848782,0.07054503,0.0,0.27510822,0.0,0.0,0.18247391,0.0,0.4138333,0.0,0.030516427,0.0,0.33500257,0.13783023,-0.072225474
-0.06697306,-0.16040875,-1.1140646,0.0,0.0,0.0,0.0,0.0,0.17606997,0.04164201,0.0,0.44369647,0.7276022,0.23884872,0.8407928,0.0,0.711306,0.27356803,0.0,0.0,0.0,0.0,0.0,0.0,0.41207093,0.33917877,0.0,0.4432994,0.82077706,0.0,0.47844315,0.39524388,0.2008827,0.0,0.0,0.0,0.0,0.0,0.18741299,0.25901088,0.4725095,0.0,0.0,0.0,0.0,0.4632255,0.59508425,0.023706451,0.24900647,0.23575816,0.0,0.0,0.26260537,0.0,0.0,0.0,0.3319297,0.3360714,0.006434329,0.0,0.0,0.4277773,0.0,0.0,0.0,0.35558158,0.0,-0.36004242,-0.18268032,0.09976109
-0.40345666,0.22970517,0.8903097,0.0,0.0,0.0,0.08588786,0.116441384,0.0,0.0,0.66869533,0.3311503,0.0,0.64417243,0.082203984,0.0,0.0,0.632535,0.0,0.25788754,0.1647554,0.0,0.37950474,0.0,0.41906297,0.0,0.5082673,0.50719464,0.0,0.012165546,0.4917189,0.18650387,0.0,0.118436605,0.83614486,0.49630195,0.0,0.46294746,0.0,0.0,0.034403495,0.0,0.17826404,0.06536409,0.0,0.0,0.0,0.0,0.0,0.006418906,0.1967714,0.0,0.08292592,0.0,0.2183711,0.15683675,0.08752313,0.0,0.17184848,0.0,0.0,0.0082023125,0.0,0.4089446,0.0,0.07264374,0.0,0.37033707,0.21425761,-0.08814022
-0.022498818,-1.299941,-1.5059313,0.0,0.0,0.0,0.0,0.0,0.0,0.0,0.0,0.34127626,1.2191303,0.58319074,0.894595,0.18637788,1.0527558,0.0,0.0,0.0,0.0,0.049394757,0.0,0.43126914,0.0,1.0839487,0.38772058,0.27309802,0.9269668,0.0,1.0897962,0.65593976,0.7943109,0.0,0.0,0.0,0.0,0.0,0.2758207,0.23768762,0.50305057,0.43122026,0.0,0.0,0.039480753,0.3843575,0.7069905,0.22702532,0.18140216,0.3681501,0.0,0.0,0.11003227,0.0,0.0,0.0,0.40863216,0.36788085,0.0,0.0,0.0,0.61223865,0.0,0.0,0.0,0.27073318,0.0,-0.4421845,-0.1960636,0.14229487
1.8707533,-1.3992933,0.024201734,0.19719505,0.0,0.041365832,0.0,0.0,0.0,0.0,0.29043904,0.12138428,0.10446589,0.0,0.8635924,0.40706003,0.0,0.5522574,0.0,0.0,0.15064912,0.0,0.5274999,1.2327952,0.5521536,1.1558281,1.7298355,0.0,0.19438455,0.0,1.1390774,1.064307,0.560019,0.3398081,0.09472075,0.35353005,0.23744635,0.42186472,0.3561446,0.17703967,0.1429676,0.07757049,0.057893768,0.0,0.0,0.0,0.28297982,0.094603345,0.0,0.5888892,0.18614954,0.08778524,0.0,0.0,0.1747719,0.14979659,0.14850697,0.0,0.0,0.0,0.0,0.22656968,0.0,0.17762531,0.0,0.0,0.0,0.034435157,-0.036449745,-0.0010141563
-1.1043586,1.3252468,0.30563432,0.0,0.13213101,0.0,0.51387674,0.8283316,0.0,0.4043746,0.38689005,0.5388773,0.048759624,0.47256774,0.18841022,0.0,0.11394736,0.6538807,0.0,0.21620502,0.13201977,0.0,0.0,0.0,0.7512329,0.0,0.0,0.9264618,0.1691889,0.0,0.0,0.0,0.0,0.0,0.9113697,0.31043804,0.0,0.33133304,0.14920446,0.07617352,0.3039217,0.0,0.28495044,0.08534986,0.103952065,0.16266774,0.13048743,0.0,0.21667807,0.0,0.0701884,0.0,0.29519334,0.034337826,0.031870633,0.09565374,0.16739313,0.0,0.17937015,0.0,0.0,0.312569,0.0,0.3773641,0.0,0.07935858,0.0,0.14838639,0.049869135,-0.012051862
0.39920968,-0.10904149,0.04469155,0.0,0.0,0.0,0.0,0.0,0.0,0.0,0.28961006,0.33132178,0.13906261,0.19693369,0.5663176,0.0,0.0,0.56938875,0.0,0.0,0.08366175,0.0,0.1352225,0.13409643,0.62100697,0.1321396,0.55929226,0.24583422,0.23885122,0.0,0.5281497,0.46003538,0.0,0.0,0.43216512,0.17425525,0.0,0.21960121,0.17988616,0.11926793,0.2769278,0.0,0.18089506,0.0,0.0,0.18856294,0.18013814,0.0,0.09086886,0.20631754,0.15885426,0.0,0.17341498,0.0,0.1926292,0.06591496,0.22734407,0.11106447,0.042224973,0.0,0.0,0.1519698,0.0,0.24016038,0.0,0.12930347,0.0,0.019048609,0.015137814,-0.005051708
-0.65798944,0.17124127,-0.06829984,0.0,0.0,0.0,0.22039422,0.10994002,0.0,0.0,0.26602197,0.4169168,0.4154399,0.6168092,0.34338593,0.0,0.317796,0.40966967,0.0,0.0,0.0,0.0,0.0,0.0,0.29771727,0.0,0.02323088,0.6269067,0.2806431,0.0,0.4482347,0.1657828,0.0,0.0,0.41466582,0.135417,0.0,0.16080865,0.092008986,0.14788532,0.2758597,0.0,0.1564686,0.004230574,0.023684058,0.28363335,0.20169817,0.0,0.10992268,0.10702181,0.0,0.0,0.2010622,0.0,0.1090435,0.05966425,0.24169919,0.13183577,0.054597653,0.0,0.0,0.19748583,0.0,0.17800476,0.0,0.12499426,0.0,-0.03178539,-0.0020572543,0.020643657
0.63493896,-0.18188113,-0.3332769,0.0,0.0,0.0,0.0,0.0,0.069759585,0.0,0.120822355,0.3456453,0.23028456,0.030573577,0.7559991,0.0,0.083134316,0.5354775,0.0,0.0,0.030284315,0.0,0.0,0.19095784,0.70000094,0.30749217,0.49991286,0.17979893,0.4390778,0.0,0.5100468,0.53800845,0.016437441,0.0,0.26967856,0.013417721,0.0,0.08107738,0.29142845,0.18557943,0.4054165,0.0,0.12510727,0.0,0.0,0.28282097,0.38104513,0.0,0.1797554,0.2784514,0.13953955,0.0,0.22806805,0.0,0.13799216,0.0,0.27843726,0.20087971,0.023703823,0.0,0.0,0.26379555,0.0,0.12909941,0.0,0.18865755,0.0,-0.18640792,-0.10229547,0.047905378
0.031798914,1.4191881,-0.8126789,0.0,0.0,0.0,0.0,0.5768422,0.59329814,0.80377525,0.0,0.5999346,0.08697078,0.0,0.8940525,0.0,0.31096402,0.71128106,0.0,0.0,0.25656718,0.0,0.0,0.0,1.368729,0.0,0.0,0.6411698,0.80615234,0.0,0.0,0.07607201,0.0,0.0,0.55603844,0.0,0.0,0.0,0.29055566,0.1453834,0.7036476,0.0,0.06566346,0.0,0.0,0.42784423,0.6261348,0.116004124,0.3511219,0.2200191,0.16199328,0.0,0.39653108,0.0,0.0,0.0,0.39315853,0.14515321,0.0,0.0,0.03325338,0.55525506,0.0,0.13115756,0.0,0.5177405,0.0,-0.35455555,-0.18196012,0.12960018
-0.07305477,0.21678211,-1.1670481,0.0,0.0,0.0,0.0,0.0,0.30834717,0.30453122,0.0,0.49293944,0.6300481,0.085594356,0.88913965,0.0,0.68990266,0.35150102,0.0,0.0,0.0,0.0,0.0,0.0,0.63076234,0.13682947,0.0,0.50622886,0.8813368,0.0,0.25634462,0.3155076,0.0849385,0.0,0.019294322,0.0,0.0,0.0,0.21015649,0.31090564,0.51445955,0.0,0.0,0.0,0.0,0.5352036,0.67831635,0.08133444,0.27615947,0.2163941,0.0,0.0,0.34088704,0.0,0.0,0.0,0.38801697,0.3230778,0.0,0.0,0.044691138,0.42600492,0.0,0.0,0.0,0.39450637,0.0,-0.40040213,-0.2113681,0.111967064
1.1849104,-0.008510087,-1.1655641,0.0,0.0,0.0,0.0,0.0,0.49210206,0.0,0.0,0.41526163,0.316357,0.0,1.2098877,0.16630477,0.31166157,0.5446473,0.0,0.0,0.049788967,0.0,0.0,0.15057476,1.082777,0.5107823,0.19114602,0.076293916,0.9105259,0.0,0.2753291,0.6461284,0.42471746,0.0,0.021193981,0.0,0.0825432,0.0,0.2702168,0.16891158,0.53294396,0.0,0.0,0.0,0.0,0.35572666,0.789868,0.02680488,0.28600407,0.34327933,0.12934181,0.0,0.35402858,0.0,0.0,0.0,0.35848004,0.34270898,0.024263635,0.0,0.0,0.5087995,0.0,0.0,0.0,0.4160367,0.026123244,-0.3621775,-0.19799714,0.13051276
0.17962027,0.12599888,0.029418657,0.0,0.0,0.0,0.0,0.0,0.0,0.0,0.2794262,0.36923224,0.1376088,0.2171067,0.5319081,0.0,0.001855962,0.57880324,0.0,0.0,0.084031135,0.0,0.06987233,0.0,0.65663934,0.0,0.35233498,0.35190916,0.25879005,0.0,0.41061318,0.3613447,0.0,0.0,0.48879567,0.1443239,0.0,0.18578675,0.1354693,0.11458038,0.2989142,0.0,0.16241235,0.0,0.0,0.22363621,0.18343015,0.0,0.11302614,0.14027481,0.13049844,0.0,0.22215915,0.0,0.17991267,0.03719551,0.24355549,0.124771826,0.061686,0.0,0.0,0.16999057,0.0,0.25197053,0.0,0.15513703,0.0,0.008026734,0.02091311,0.008575426
-0.40535414,0.1679405,0.6972121,0.0,0.0,0.0,0.08501261,0.07770595,0.0,0.0,0.58824277,0.34053457,0.055290192,0.6323612,0.14399049,0.0,0.0,0.5856205,0.0,0.17170672,0.08190158,0.0,0.2589852,0.0,0.388385,0.0,0.45391706,0.5080753,0.0,0.0,0.50738424,0.20400259,0.0,0.06939304,0.7380433,0.4149904,0.0,0.40865597,0.0,0.0030721128,0.07991028,0.0,0.1961865,0.027939584,0.0,0.04947819,0.0,0.0,0.0,0.035866663,0.15009597,0.0,0.09979923,0.0,0.21013364,0.12418873,0.14153664,0.0,0.12778328,0.0,0.0,0.0437509,0.0,0.37555623,0.0,0.06118612,0.0,0.3043648,0.18544409,-0.0644941
2.2232351,-2.1513205,-1.0777979,0.12618363,0.0,0.19546637,0.0,0.0,0.009392209,0.0,0.0,0.11313084,0.64305836,0.0,1.281073,0.9923456,0.21806389,0.26224923,0.0,0.0,0.0,0.0,0.0,1.5837392,0.31271777,1.9068251,1.7564871,0.0,0.71750116,0.0,1.4264573,1.3303466,1.3813486,0.2053968,0.0,0.0,0.3816946,0.122695565,0.5844617,0.3191163,0.3847264,0.5120697,0.0,0.0,0.0,0.12913114,0.7613121,0.30914497,0.015809238,0.6927045,0.0,0.24563709,0.11350442,0.0,0.0,0.0,0.35144237,0.24413928,0.0,0.0,0.0,0.7705757,0.0,0.0,0.0,0.0,0.0,-0.4377368,-0.26300067,0.15559931
0.79664963,-1.1882149,-0.030986479,0.0,0.0,0.02852428,0.0,0.0,0.0,0.0,0.2959651,0.19454537,0.38640675,0.39438424,0.6101223,0.02964741,0.009903848,0.38272804,0.0,0.0,0.0,0.0,0.13081439,0.8037709,0.17884058,0.838477,1.2539233,0.0,0.19925332,0.0,1.1064937,0.7794155,0.28630897,0.284351,0.0773181,0.30329487,0.06327906,0.3320375,0.31627226,0.16621631,0.22930375,0.08518305,0.14455907,0.0,0.0,0.10568109,0.33701867,0.0,0.0,0.48689502,0.08820282,0.0,0.0,0.0,0.21825671,0.081686586,0.2809734,0.07962951,0.0,0.0,0.0,0.17059614,0.0,0.15601663,0.0,0.02072316,0.0,-0.027362257,-0.024324864,0.023160795
-0.36920014,-0.2715942,-2.1615803,0.0,0.0,0.0,0.07003591,0.0,0.40443143,0.6665408,0.0,0.5328206,1.2436702,0.23983178,1.1157385,8.350611e-05,1.3656138,0.014306098,0.0,0.0,0.0,0.1464957,0.0,0.0,0.24073678,0.5863734,0.0,0.5743647,1.3458639,0.0,0.46027675,0.37717608,0.6306697,0.0,0.0,0.0,0.0,0.0,0.20438015,0.36914086,0.6672256,0.26559556,0.0,0.0,0.2553488,0.68066615,1.0250216,0.41947842,0.34766632,0.21953103,0.0,0.0,0.336862,0.0,0.0,0.0,0.5326218,0.356876,0.0,0.0,0.055606924,0.65904284,0.0,0.0,0.0,0.5354243,0.0,-0.5748036,-0.31378484,0.21596819
1.6600341,-2.1068523,0.4945775,0.38710213,0.0,0.44077727,0.0,0.0,0.0,0.0,0.5372927,0.006152928,0.21767192,0.40155607,0.5832553,0.38761455,0.0,0.42448607,0.0,0.0,0.0,0.0,0.6631386,1.6034304,0.02700764,1.4055718,2.27784,0.0,0.0,0.5634037,1.6138135,1.1545371,0.57207716,0.8198199,0.0447025,0.46006894,0.17368148,0.74029183,0.17895891,0.23203081,0.0,0.1851973,0.049445808,0.0,0.0,0.0,0.09942942,0.06493874,0.0,0.6498102,0.13929163,0.0,0.0,0.0,0.22963384,0.2735082,0.1320291,0.0,0.0,0.0,0.0,0.0,0.0,0.24990416,0.0,0.011789076,0.0,0.1931467,0.10317226,-0.045971557
-0.25966737,0.5551589,0.340066,0.0,0.0,0.0,0.04041963,0.23372972,0.0,0.0,0.4088387,0.41093048,0.021062076,0.3383384,0.3404554,0.0,0.0,0.64486796,0.0,0.09151062,0.17350872,0.0,0.13672866,0.0,0.69305885,0.0,0.11771004,0.5403885,0.11696243,0.0,0.23454535,0.16397376,0.0,0.0,0.7268647,0.29744822,0.0,0.2522136,0.060470603,0.025205404,0.2440452,0.0,0.16829014,0.057933148,0.0,0.12863785,0.036352925,0.0,0.079582974,0.029326126,0.17376177,0.0,0.22058186,0.010084681,0.1527004,0.05103991,0.16975547,0.017695019,0.16341993,0.0,0.0,0.16750386,0.0,0.320436,0.0,0.11696819,0.0,0.18273948,0.116194315,-0.018561311
0.06521506,-0.13682523,-0.039393302,0.0,0.0,0.0,0.0,0.0,0.0,0.0,0.26701805,0.34881163,0.28105298,0.365502,0.50308186,0.0,0.10987309,0.48375267,0.0,0.0,0.0,0.0,0.0,0.040768377,0.45263112,0.101890795,0.43314132,0.35070148,0.26709157,0.0,0.56484336,0.3928777,0.0,0.0,0.36959875,0.10316779,0.0,0.19338411,0.15820724,0.15219682,0.28980538,0.0,0.16842465,0.0,0.0,0.25085843,0.20660903,0.0,0.11776817,0.18613899,0.06626113,0.0,0.16074593,0.0,0.16692805,0.047145814,0.26649085,0.17152846,0.020798355,0.0,0.0,0.19240198,0.0,0.19700494,0.0,0.1419387,0.0,-0.052391768,-0.015734352,0.013638178
-1.2982441,1.5466828,1.427601,0.0,0.34916404,0.0,0.6130817,1.0286058,0.0,0.0,0.86883867,0.47646427,0.0,0.70114243,0.0,0.0,0.0,0.8544506,0.0,0.6977822,0.4841553,0.0,0.50109494,0.0,0.7543665,0.0,0.0,0.9644402,0.0,0.0,0.0,0.0,0.0,0.0,1.4250784,0.67473936,0.0,0.5539441,0.0,0.0,0.0,0.0,0.16830653,0.31097272,0.17228775,0.0,0.0,0.0,0.17530505,0.0,0.23968318,0.0,0.27099204,0.17384797,0.03249515,0.23512477,0.0,0.0,0.44650194,0.0,0.0,0.14395453,0.0,0.52894425,0.0,0.024278834,0.0,0.48967314,0.20641997,-0.12515971
0.36623493,-0.22973832,-1.7334708,0.0,0.0,0.0,0.0,0.0,0.4336258,0.24218476,0.0,0.4711642,0.8469726,0.0,1.1684937,0.11020422,0.9003232,0.23881122,0.0,0.0,0.0,0.0,0.0,0.0,0.5924338,0.60742384,0.0,0.32809165,1.1551558,0.0,0.4158386,0.5230036,0.581962,0.0,0.0,0.0,0.0,0.0,0.2309279,0.28989747,0.58887196,0.003989488,0.0,0.0,0.0,0.5280478,0.9100814,0.22532965,0.35606617,0.24380136,0.0,0.0,0.3495027,0.0,0.0,0.0,0.4081863,0.41065884,0.0,0.0,0.0,0.60684615,0.0,0.0,0.0,0.47300938,0.0,-0.46542245,-0.28621918,0.13009916
-0.4974006,-0.26855308,-0.624174,0.0,0.0,0.0,0.11783344,0.0,0.0,0.0,0.04133092,0.40632787,0.71145976,0.59804195,0.5442742,0.0,0.61220545,0.24593043,0.0,0.0,0.0,0.0,0.0,0.0,0.13372862,0.20203649,0.06532776,0.53678954,0.5385225,0.0,0.6295134,0.3088815,0.0,0.0,0.05762747,0.0,0.0,0.005610876,0.14306036,0.23372057,0.3748176,0.036227666,0.061166152,0.0,0.06280209,0.39072943,0.3513943,0.0,0.15484004,0.21775612,0.0,0.0,0.1625468,0.0,0.030932993,0.0481809,0.27688974,0.26141307,0.0,0.0,0.0,0.29069802,0.0,0.0,0.0,0.2307211,0.0,-0.26039428,-0.12183134,0.06933562
-0.65283954,0.71534246,0.80750865,0.0,0.0,0.0,0.24290448,0.42426932,0.0,0.0,0.61786246,0.4055974,0.0,0.5697733,0.08424595,0.0,0.0,0.6833207,0.0,0.30803412,0.22732188,0.0,0.28727424,0.0,0.5890838,0.0,0.120334625,0.66481185,0.0,0.0,0.22553694,0.029859602,0.0,0.0,0.94442576,0.48707533,0.0,0.38008898,0.0,0.0,0.11960106,0.0,0.18577643,0.16010112,0.0032871887,0.0,0.0,0.0,0.0480718,0.0,0.18213722,0.0,0.18038201,0.07451866,0.14318919,0.13366826,0.050565924,0.0,0.25525677,0.0,0.0,0.092509314,0.0,0.4096516,0.0,0.07549762,0.0,0.36641848,0.17956537,-0.07738233
1.249669,-1.3594546,-1.2325696,0.0,0.0,0.0,0.0,0.0,0.10642979,0.0,0.0,0.25920504,0.7478962,0.0,1.1380445,0.53224766,0.50709146,0.23116371,0.0,0.0,0.0,0.0,0.0,0.867066,0.32768148,1.3036488,0.93964344,0.0,0.8293619,0.0,1.0403379,0.9478626,0.9594307,0.0,0.0,0.0,0.20145272,0.0,0.44671342,0.25328994,0.46497864,0.3170657,0.0,0.0,0.0,0.27021712,0.7376388,0.24483483,0.15543039,0.49315518,0.0,0.12343425,0.1744656,0.0,0.0,0.0,0.34769076,0.29544312,0.0,0.0,0.0,0.65725076,0.0,0.0,0.0,0.06344852,0.0,-0.41452345,-0.27139652,0.13206156
0.17497039,1.160777,0.3832426,0.0,0.01671806,0.0,0.0,0.4518935,0.17214212,0.0,0.381107,0.46096182,0.0,0.0,0.4934178,0.0,0.0,0.87804747,0.0,0.20024975,0.57884055,0.0,0.3747528,0.0,1.2461568,0.0,0.0,0.4953455,0.16482982,0.0,0.0,0.13270572,0.0,0.0,0.9649011,0.3210717,0.0,0.19589329,0.065456904,0.0,0.347921,0.0,0.071992844,0.13872424,0.0,0.04094027,0.02070836,0.0,0.1631516,0.0,0.3001765,0.0,0.31836808,0.055349976,0.07820209,0.050865985,0.06247539,0.0,0.24565521,0.0,0.0,0.1865349,0.0,0.37753528,0.0,0.24680598,0.03503243,0.22149503,0.115493044,-0.028680868
-0.28986952,0.048313867,0.28225657,0.0,0.0,0.0,0.023943074,0.0,0.0,0.0,0.41025168,0.35739714,0.21173471,0.5396812,0.3101814,0.0,0.033832125,0.5111848,0.0,0.0,0.0,0.0,0.04397782,0.0,0.3855394,0.0,0.36671564,0.47444868,0.10140996,0.0,0.5229693,0.26574004,0.0,0.0,0.53846854,0.2279979,0.0,0.28077596,0.0696667,0.09945276,0.20084581,0.0,0.19577561,0.0,0.0,0.1860351,0.08322043,0.0,0.053885102,0.10849604,0.069813535,0.0,0.1426762,0.0,0.1879929,0.06724142,0.25229874,0.1067739,0.04109352,0.0,0.0,0.12837629,0.0,0.28922868,0.0,0.08346893,0.0,0.09334943,0.0712018,-0.020430256
1.1551292,-2.146408,-1.1387126,0.0,0.0,0.2735705,0.0,0.0,0.0,0.0,0.0,0.16224742,0.9903733,0.36869997,1.0140171,0.6683582,0.59512955,0.044870526,0.0,0.0,0.0,0.0,0.0,1.2635214,0.0,1.7086643,1.3956628,0.0,0.7074813,0.0,1.5114305,1.0905147,1.1865045,0.23157626,0.0,0.0,0.25125813,0.08751829,0.47719437,0.3096164,0.38465655,0.5978459,0.0,0.0,0.0,0.20709203,0.73552644,0.28934526,0.05644776,0.58496064,0.0,0.16667047,0.01558907,0.0,0.0,0.0,0.37140304,0.31559694,0.0,0.0,0.0,0.65985125,0.0,0.0,0.0,0.0,0.0,-0.43646258,-0.23501767,0.13450961
1.3643316,-2.3715892,-1.7521508,0.0,0.0,0.27172586,0.0,0.0,0.0,0.0,0.0,0.17992024,1.225153,0.23041776,1.2660688,0.9513607,0.8746502,0.0,0.0,0.0,0.0,0.0,0.0,1.3614792,0.0,2.0197816,1.3058071,0.0,1.0161898,0.0,1.558903,1.2006543,1.5758439,0.07718834,0.0,0.0,0.3023104,0.0,0.52445465,0.35227937,0.46083564,0.7532221,0.0,0.0,0.0,0.23985562,0.90316546,0.4279039,0.12755789,0.58949393,0.0,0.24443796,0.1216657,0.0,0.0,0.0,0.3914892,0.41160187,0.0,0.0,0.0,0.8912988,0.0,0.0,0.0,0.0,0.0,-0.52456975,-0.32582843,0.15713905
-0.40096113,-0.85060346,-1.1954286,0.0,0.0,0.0,0.038587816,0.0,0.0,0.0,0.0,0.38289836,1.0776879,0.6649161,0.72132015,0.0,0.95450187,0.033949554,0.0,0.0,0.0,0.017694622,0.0,0.12728123,0.0,0.68319774,0.16049162,0.4456043,0.78939366,0.0,0.8967378,0.46799487,0.4190069,0.0,0.0,0.0,0.0,0.0,0.19412404,0.23663959,0.4528681,0.27636263,0.0,0.0,0.12321399,0.41919094,0.56709415,0.09363598,0.18122025,0.28427765,0.0,0.0,0.1089879,0.0,0.0,0.0,0.36567703,0.34003052,0.0,0.0,0.0,0.4670932,0.0,0.0,0.0,0.31284583,0.0,-0.3909517,-0.15770192,0.13313015
0.783568,0.787605,-0.8698794,0.0,0.0,0.0,0.0,0.07259543,0.5667695,0.24649823,0.0,0.49994606,0.07793228,0.0,1.0645478,0.0,0.18181774,0.70117724,0.0,0.0,0.28687692,0.0,0.0,0.0,1.3511195,0.0,0.0,0.31035832,0.8102529,0.0,0.0,0.38013077,0.0,0.0,0.37362635,0.0,0.0,0.0,0.24520616,0.13398048,0.59575665,0.0,0.0,0.0,0.0,0.36888295,0.6263425,0.0,0.30046278,0.24540195,0.22068158,0.0,0.42693874,0.0,0.04169099,0.0,0.36556306,0.25697246,0.014719088,0.0,0.0,0.39385447,0.0,0.030844845,0.0,0.47330442,0.028265804,-0.3036201,-0.13144962,0.10909531
0.10956304,-1.6788458,-2.0370152,0.0,0.0,0.026497155,0.0,0.0,0.025679834,0.0,0.0,0.33688948,1.4954449,0.5603649,1.0841937,0.46044546,1.3354071,0.0,0.0,0.0,0.0,0.15399438,0.0,0.59805703,0.0,1.4477857,0.3981404,0.20009099,1.1761273,0.0,1.2411125,0.77912724,1.1883789,0.0,0.0,0.0,0.0,0.0,0.2943352,0.2589096,0.6044525,0.6022138,0.0,0.0,0.0181125,0.39757347,0.8709796,0.34803373,0.24045582,0.411686,0.0,0.02416072,0.18470946,0.0,0.0,0.0,0.4330147,0.45153603,0.0,0.0,0.0,0.8149976,0.0,0.0,0.0,0.26339668,0.0,-0.5007597,-0.25502962,0.17371316
-0.41978908,-0.78904164,-0.46401346,0.0,0.0,0.0,0.043987863,0.0,0.0,0.0,0.13379183,0.328094,0.79263484,0.79007155,0.46586382,0.0,0.5743134,0.16638517,0.0,0.0,0.0,0.0,0.0,0.18555741,0.0,0.47459978,0.45519513,0.42378306,0.4122539,0.0,0.9389304,0.43228784,0.07758096,0.013555378,0.0,0.0031420104,0.0,0.11021313,0.1904052,0.21907856,0.31990016,0.13921347,0.082733154,0.0,0.0,0.30642515,0.31979537,0.0,0.09033786,0.32053506,0.0,0.0,0.009250395,0.0,0.05261889,0.07905499,0.30790788,0.26918712,0.0,0.0,0.0,0.27969423,0.0,0.0,0.0,0.17907482,0.0,-0.2453379,-0.08677086,0.05177474
2.3187792,-2.5471423,0.11115706,0.4898399,0.0,0.5297642,0.0,0.0,0.0,0.0,0.36876062,0.0,0.29769668,0.15659168,0.8585276,0.80467856,0.0,0.38652766,0.0,0.0,0.0,0.0,0.63072425,1.9743813,0.088205576,1.8731432,2.5532112,0.0,0.065857455,0.47135368,1.7693894,1.4054763,1.0330436,0.8200339,0.0,0.34461933,0.33907717,0.6786145,0.32262522,0.30003163,0.0,0.3836719,0.0,0.0,0.0,0.0,0.26665837,0.20301889,0.0,0.73659694,0.0,0.080556996,0.0,0.0,0.063650474,0.20584145,0.14115816,0.0020211674,0.0,0.0,0.0,0.1278982,0.0,0.19721791,0.0,0.0,0.0,0.024858229,0.020476729,0.0011416543
0.34783918,-0.42161432,0.7388772,0.0,0.0,0.0,0.0,0.0,0.0,0.0,0.6077093,0.23694901,0.0,0.47708222,0.2838421,0.0,0.0,0.602051,0.0,0.08063057,0.15871097,0.0,0.49724555,0.37371674,0.39275607,0.13755944,1.0371289,0.17827956,0.0,0.12907842,0.78471494,0.49700522,0.0,0.2896043,0.6092368,0.50937337,0.0,0.54610026,0.0,0.015978187,0.0,0.0,0.22107837,0.0,0.0,0.0,0.0,0.0,0.0,0.20965129,0.2767155,0.0,0.0,0.0,0.3139324,0.21448463,0.111953005,0.0,0.04828374,0.0,0.0,0.0,0.0,0.3649883,0.0,0.056170434,0.0,0.35958183,0.1885177,-0.10119011
0.8138077,0.5148428,-0.78453594,0.0,0.0,0.0,0.0,0.0,0.46179178,0.02194345,0.0,0.45924932,0.12313527,0.0,1.0201435,0.0,0.16461295,0.6576911,0.0,0.0,0.2219636,0.0,0.0,0.0,1.2034492,0.053187285,0.0,0.25434136,0.74293244,0.0,0.046340406,0.44241887,0.0,0.0,0.3220687,0.0,0.0,0.0,0.22948964,0.13702601,0.52960974,0.0,0.0,0.0,0.0,0.34664243,0.56825304,0.0,0.28210157,0.23263362,0.21534279,0.0,0.40898478,0.0,0.07397684,0.0,0.32235348,0.27145606,0.06771137,0.0,0.0,0.34969857,0.0,0.0239034,0.0,0.41100052,0.060634986,-0.25379264,-0.11703962,0.09251763
0.24888995,-0.61567694,0.14378776,0.0,0.0,0.0,0.0,0.0,0.0,0.0,0.36342,0.26920646,0.308145,0.4905699,0.4487775,0.0,0.020098433,0.4384395,0.0,0.0,0.0,0.0,0.09219126,0.36846936,0.25287318,0.36634454,0.84294224,0.20965451,0.13665995,0.0,0.8433362,0.5307696,0.0,0.14447871,0.30024353,0.26391062,0.0,0.3340233,0.19993153,0.14125744,0.2145291,0.0,0.19917895,0.0,0.0,0.14755712,0.16495182,0.0,0.022784442,0.30410424,0.10412638,0.0,0.009551283,0.0,0.23603153,0.10473889,0.2535525,0.110920854,0.0,0.0,0.0,0.1109604,0.0,0.22322354,0.0,0.04856427,0.0,0.044795733,0.014413789,-0.01974227
0.7835213,-0.9489463,-0.80155975,0.0,0.0,0.0,0.0,0.0,0.006419681,0.0,0.0,0.28945652,0.60078496,0.16169478,0.89572775,0.17094606,0.38020715,0.30767593,0.0,0.0,0.0,0.0,0.0,0.57376873,0.33691382,0.879652,0.7623451,0.03838837,0.6220028,0.0,0.889876,0.7453512,0.52836263,0.0,0.0,0.0,0.05268412,0.0,0.37296385,0.21822712,0.4332633,0.15327048,0.016604647,0.0,0.0,0.27464467,0.5718153,0.1000274,0.120552406,0.42938304,0.0,0.016228385,0.1222429,0.0,0.0,0.0,0.33212754,0.22811122,0.0,0.0,0.0,0.44966525,0.0,0.0,0.0,0.1583148,0.0,-0.35651025,-0.18795286,0.10102361
-0.635735,0.5632679,-0.19529863,0.0,0.0,0.0,0.23556483,0.3050175,0.0017269328,0.1032145,0.19062114,0.47311628,0.33200815,0.4289638,0.42648697,0.0,0.323463,0.48426872,0.0,0.0,0.0,0.0,0.0,0.0,0.54056954,0.0,0.0,0.6870017,0.38226378,0.0,0.20741084,0.09115559,0.0,0.0,0.49087042,0.104306184,0.0,0.118453875,0.14848539,0.15914758,0.3421799,0.0,0.1574054,0.015111014,0.022988964,0.32847935,0.27591908,0.0,0.16891684,0.09322168,0.022590086,0.0,0.26811096,0.0,0.05897914,0.045656167,0.2487916,0.092322424,0.095612764,0.0,0.0,0.2840098,0.0,0.20471828,0.0,0.15587273,0.0,-0.08293529,-0.027718537,0.035670638
0.86625224,0.061997272,-0.3325768,0.0,0.0,0.0,0.0,0.0,0.19200543,0.0,0.10033539,0.36494368,0.08238113,0.0,0.8386417,0.0,0.0,0.63758105,0.0,0.0,0.20974936,0.0,0.09558025,0.13056937,0.94936734,0.21468332,0.43468243,0.14483495,0.46929082,0.0,0.34934533,0.5385033,0.0,0.0,0.36209023,0.05403749,0.0,0.032618828,0.25744352,0.12216744,0.425525,0.0,0.08384712,0.0,0.0,0.23050542,0.3651222,0.0,0.17777242,0.26703992,0.20980847,0.0,0.26677036,0.0,0.15691352,0.0,0.25160927,0.16850875,0.047717553,0.0,0.0,0.24403591,0.0,0.13762079,0.0,0.25436014,0.0,-0.14435223,-0.07369609,0.05049693
-1.0707442,-0.018148456,-0.0569678,0.0,0.0,0.0,0.415425,0.106077865,0.0,0.0,0.2957479,0.41036198,0.59710175,0.9072212,0.21203831,0.0,0.47122663,0.28687415,0.0,0.0,0.0,0.0,0.0,0.0,0.0,0.0,0.007269591,0.72665894,0.24175997,0.0,0.5948091,0.11264445,0.0,0.0,0.33401674,0.1662593,0.0,0.18846813,0.060859516,0.16685432,0.22252838,0.0021793172,0.1749508,0.026256848,0.12886375,0.28563523,0.1719411,0.0,0.08134559,0.11848816,0.0,0.0,0.13830301,0.010048494,0.10429035,0.10896261,0.21623474,0.12397445,0.011352509,0.0,0.0,0.14822882,0.0,0.15599205,0.0,0.084617846,0.0,-0.012385018,-0.0033149123,0.015097337
0.89132136,-0.6728294,0.4660139,0.0022609234,0.0,0.0,0.0,0.0,0.0,0.0,0.48189038,0.20874877,0.010395855,0.23979071,0.5051152,0.0,0.0,0.60409075,0.0,0.0,0.18707871,0.0,0.5067391,0.62687063,0.5071412,0.44980326,1.2212739,0.0,0.0,0.03308794,0.8530905,0.6792649,0.0,0.26079676,0.4498787,0.48647025,0.0,0.4904479,0.18418725,0.074490696,0.09106373,0.0,0.23896563,0.0,0.0,0.0,0.018810228,0.0,0.0,0.3396797,0.3202296,0.0,0.0,0.0,0.2958314,0.19358042,0.1187431,0.0,0.028590927,0.0,0.0,0.0,0.0,0.31732154,0.0,0.0,0.0,0.2739236,0.10696768,-0.09930529
-0.88056797,1.1393428,0.049023405,0.0,0.033875942,0.0,0.3924899,0.67074627,0.05557675,0.37938422,0.27674097,0.52993864,0.13429376,0.3793868,0.32303363,0.0,0.19903922,0.611482,0.0,0.08129218,0.068703786,0.0,0.0,0.0,0.7549073,0.0,0.0,0.84051263,0.29565912,0.0,0.0,0.0,0.0,0.0,0.76084936,0.20273168,0.0,0.21886995,0.18318631,0.12248331,0.36328912,0.0,0.23492357,0.050333533,0.061064634,0.2640617,0.24222952,0.0,0.2133563,0.034800082,0.07126275,0.0,0.30274525,0.005659219,0.026545703,0.055952787,0.21672407,0.0,0.13611569,0.0,0.0,0.32847694,0.0,0.32314748,0.0,0.13615817,0.0,0.013014436,0.0059919953,0.018945077
-1.4293741,1.0383763,-0.8657778,0.0,0.0,0.0,0.6715446,0.7110891,0.19624797,1.0003903,0.0,0.6188654,0.6732163,0.52998006,0.4858125,0.0,0.86331564,0.32858846,0.0,0.0,0.0,0.0,0.0,0.0,0.47092444,0.0,0.0,1.0438291,0.74261236,0.0,0.0,0.0,0.0,0.0,0.3261213,0.0,0.0,0.031073675,0.29072016,0.3692332,0.52639836,0.0,0.20500728,0.0,0.33693838,0.559307,0.62826556,0.26986152,0.29726785,0.13714217,0.0,0.0,0.31919515,0.0,0.0,0.110384844,0.34835604,0.0,0.0,0.0,0.13125104,0.4546455,0.0,0.11821874,0.0,0.28172526,0.0,-0.35857308,-0.2597077,0.13515444
-0.2744544,2.1234355,1.1705443,0.0,0.4118831,0.0,0.13863772,1.0858618,0.13677251,0.16163337,0.6906302,0.52499473,0.0,0.0,0.17724386,0.0,0.0,1.1458629,0.021813005,0.674264,1.0103049,0.0,0.76975805,0.0,1.5734825,0.0,0.0,0.74522066,0.0,0.0,0.0,0.0,0.0,0.0,1.5669818,0.5513135,0.0,0.5124955,0.0,0.0,0.24745847,0.0,0.08770713,0.3280441,0.056726757,0.0,0.0,0.0,0.25191218,0.0,0.39107925,0.0,0.35627,0.08773863,0.0,0.2374975,0.0,0.0,0.3723485,0.0,0.0,0.22067466,0.0,0.578419,0.0,0.25604433,0.02990321,0.40824622,0.19934046,-0.09810137
1.7688028,-1.874725,-0.47737306,0.13908374,0.0,0.19287989,0.0,0.0,0.0,0.0,0.10080804,0.11257675,0.47178495,0.069870204,0.97156453,0.6225028,0.017845593,0.33802813,0.0,0.0,0.0,0.0,0.15004146,1.3860908,0.24390775,1.5215251,1.7356865,0.0,0.41040307,0.0,1.3696474,1.1544925,0.9285209,0.34564903,0.0,0.1435703,0.29202664,0.27752692,0.47156978,0.27081734,0.2777843,0.34682307,0.002715528,0.0,0.0,0.07689417,0.5475491,0.18036644,0.0,0.64104784,0.0,0.13854557,0.011250924,0.0,0.00919079,0.019477949,0.2784124,0.1273174,0.0,0.0,0.0,0.46834424,0.0,0.06592076,0.0,0.0,0.0,-0.2519006,-0.14797276,0.0963702
0.48341793,1.3267416,0.12125326,0.0,0.009824306,0.0,0.0,0.45846158,0.36701798,0.07998872,0.24790123,0.49051458,0.0,0.0,0.68217444,0.0,0.0,0.9333055,0.021264315,0.119100556,0.6781,0.0,0.3459969,0.0,1.4943163,0.0,0.0,0.43749213,0.32837373,0.0,0.0,0.17365107,0.0,0.0,0.93050414,0.24301936,0.0,0.10466018,0.12633139,0.0,0.47174096,0.0,0.02707792,0.09821804,0.0,0.07677093,0.16188927,0.0,0.21843524,0.07658072,0.3067741,0.0,0.35332483,0.030290946,0.080587864,0.0,0.121999666,0.0489704,0.17971806,0.0,0.0,0.25404903,0.0,0.31982338,0.0,0.36547217,0.06675048,0.0892757,0.047560573,0.01823814
1.218393,0.24797413,0.18117459,0.0,0.0,0.0,0.0,0.0,0.16202152,0.0,0.30038932,0.32845414,0.0,0.0,0.7698914,0.0,0.0,0.8351641,0.0,0.0,0.5698723,0.0,0.54236716,0.20278126,1.20456,0.05905835,0.67440766,0.036845565,0.23137897,0.0,0.26461732,0.5654705,0.0,0.0,0.65044844,0.33407757,0.0,0.18889561,0.15943477,0.017260328,0.28553247,0.0,0.11147166,0.0,0.0,0.041179836,0.12408126,0.0,0.060873255,0.19766274,0.34504825,0.0,0.2283333,0.0,0.17415817,0.1311885,0.12299958,0.033744633,0.11625539,0.0,0.0,0.046546105,0.0,0.2903929,0.0,0.21925113,0.0,0.15053383,0.07848516,-0.043082424
-0.53549457,0.27788237,-0.34415904,0.0,0.0,0.0,0.16869494,0.12766644,0.0,0.0,0.13669342,0.4482099,0.44670817,0.45918018,0.48176694,0.0,0.40630546,0.41250926,0.0,0.0,0.0,0.0,0.0,0.0,0.42551908,0.0,0.0,0.6189798,0.43885922,0.0,0.3473981,0.17777339,0.0,0.0,0.3446346,0.037225366,0.0,0.07128815,0.1293522,0.17985173,0.33881503,0.0,0.11611634,0.0,0.016997717,0.3550431,0.29248807,0.0,0.1591736,0.12922266,0.0,0.0,0.25360373,0.0,0.068041824,0.039519466,0.26128414,0.16823071,0.06038456,0.0,0.0,0.2679849,0.0,0.12421394,0.0,0.18342517,0.0,-0.14230384,-0.053675234,0.047249824
0.7820633,-0.53388035,-2.3732255,0.0,0.0,0.0,0.0,0.0,0.6210519,0.31591868,0.0,0.4734156,1.053326,0.0,1.479006,0.48486757,1.1370888,0.14253148,0.0,0.0,0.0,0.027722508,0.0,0.15014462,0.6285509,1.0098853,0.0,0.18307118,1.4788369,0.0,0.48782265,0.6969851,1.0538515,0.0,0.0,0.0,0.08669757,0.0,0.25410444,0.29134613,0.680014,0.10547017,0.0,0.0,0.0,0.5318986,1.1501956,0.39841378,0.42655426,0.27249187,0.0,0.0,0.4093666,0.0,0.0,0.0,0.4623497,0.51234746,0.0,0.0,0.0,0.8391362,0.0,0.0,0.0,0.4875331,0.0,-0.5326373,-0.36998188,0.17903478
1.228214,-0.85401535,-3.113318,0.0,0.0,0.0,0.0,0.0,0.8406686,0.43009216,0.0,0.48117122,1.2926931,0.0,1.8314316,0.8995296,1.4180334,0.031735927,0.0,0.0,0.0,0.1179232,0.0,0.34984374,0.6726288,1.4506767,0.0,0.031166464,1.8546892,0.0,0.5559189,0.8837016,1.581026,0.0,0.0,0.0,0.2429777,0.0,0.27744195,0.2892462,0.7980763,0.23762149,0.0,0.0,0.0,0.5478423,1.4299883,0.60416734,0.5015509,0.3128752,0.0,0.079106756,0.4920773,0.0,0.0,0.0,0.5363669,0.60654086,0.0,0.0,0.0,1.1053836,0.0,0.0,0.0,0.5078158,0.0,-0.6144658,-0.4718244,0.23968072
0.56271356,-1.2674392,0.47310513,0.042597383,0.0,0.15342858,0.0,0.0,0.0,0.0,0.5268922,0.15139814,0.29584554,0.64281535,0.36417502,0.0,0.0,0.40253174,0.0,0.0,0.0,0.0,0.3373419,0.8434963,0.00801453,0.72021353,1.4570982,0.0,0.0,0.29951677,1.2250751,0.7307955,0.049986124,0.5220579,0.24194376,0.47291514,0.0,0.5769721,0.14945197,0.13281535,0.014895447,0.0,0.20656303,0.0,0.0,0.0,0.060064957,0.0,0.0,0.4382661,0.18452725,0.0,0.0,0.0,0.30722022,0.21274643,0.20763761,0.022990515,0.0,0.0,0.0,0.0,0.0,0.26076564,0.0,0.05538175,0.0,0.22696832,0.11630964,-0.090092935
-0.3113339,0.38700265,0.548196,0.0,0.0,0.0,0.053383224,0.16521314,0.0,0.0,0.509279,0.37533447,0.012706295,0.47008252,0.23974709,0.0,0.0,0.6302302,0.0,0.14707701,0.15431146,0.0,0.22528134,0.0,0.5644268,0.0,0.2915981,0.52001214,0.0,0.0,0.35751653,0.18262854,0.0,0.0,0.75384927,0.37095565,0.0,0.33745563,0.002324488,0.001177147,0.14742295,0.0,0.1921049,0.055701848,0.0,0.07596065,0.0,0.0,0.028914914,0.01771371,0.17332903,0.0,0.15626886,0.0,0.17141795,0.09642637,0.13841473,0.0,0.15120113,0.0,0.0,0.09368823,0.0,0.35771915,0.0,0.08139032,0.0,0.27150014,0.16625464,-0.04827789
-0.71218556,0.95770556,-1.1090717,0.0,0.0,0.0,0.30901575,0.4958096,0.39134517,0.8974325,0.0,0.6011784,0.569876,0.14176495,0.75794935,0.0,0.7674207,0.40920126,0.0,0.0,0.0,0.0,0.0,0.0,0.7642995,0.0,0.0,0.8185364,0.89089406,0.0,0.0,0.013668656,0.0,0.0,0.24384946,0.0,0.0,0.0,0.28591532,0.34701732,0.60087687,0.0,0.083107285,0.0,0.18827225,0.60065484,0.7355061,0.26867443,0.3392099,0.16862707,0.0,0.0,0.37309432,0.0,0.0,0.0,0.4006599,0.14981262,0.0,0.0,0.14848673,0.498643,0.0,0.08667051,0.0,0.4013566,0.0,-0.42429185,-0.2847951,0.1580105
-1.3772496,0.8545515,-0.65236723,0.0,0.0,0.0,0.6313477,0.61078167,0.0837023,0.74955636,0.005756408,0.57676136,0.6361434,0.61479956,0.41000998,0.0,0.7608612,0.33142596,0.0,0.0,0.0,0.0,0.0,0.0,0.3811227,0.0,0.0,0.9881687,0.61712015,0.0,0.057604045,0.0,0.0,0.0,0.35628915,0.0,0.0,0.05820495,0.24612188,0.3186655,0.46023083,0.0018712059,0.20869547,0.0,0.29343614,0.49880984,0.5091225,0.1551413,0.240811,0.11922276,0.0,0.0,0.2856268,0.0,0.0,0.12380869,0.31068063,0.0,0.0,0.0,0.07752857,0.39518026,0.0,0.13333736,0.0,0.22280724,0.0,-0.288007,-0.18416993,0.108585216
-0.8920957,1.4647213,0.13158949,0.0,0.13517538,0.0,0.41809273,0.8462686,0.12874606,0.53312486,0.29666537,0.5616548,0.004467249,0.274872,0.31823227,0.0,0.116319284,0.69883734,0.0,0.16693194,0.21172024,0.0,0.0,0.0,0.93652976,0.0,0.0,0.8902372,0.28069293,0.0,0.0,0.0,0.0,0.0,0.8983623,0.20932463,0.0,0.27997205,0.19586249,0.08509011,0.40964842,0.0,0.2624602,0.034478907,0.0750314,0.20089638,0.2186456,0.0,0.26340216,0.035559162,0.09125609,0.0,0.33214194,0.0,0.013193913,0.041372687,0.1971952,0.0,0.109826356,0.0,0.0,0.38011187,0.0,0.3585423,0.0,0.16379541,0.0,0.042779848,0.007999226,0.023308361
1.21946,-1.1985348,0.7167832,0.20850188,0.0,0.10186949,0.0,0.0,0.0,0.0,0.60452235,0.11196029,0.0,0.32072964,0.46234304,0.0,0.0,0.5872895,0.0,0.0,0.1905871,0.0,0.7225223,1.0298215,0.34490195,0.7534007,1.7330265,0.0,0.0,0.3604389,1.1528442,0.857857,0.05471924,0.55600333,0.40125084,0.58324003,0.003872797,0.7016572,0.13068677,0.09109519,0.0,0.0,0.16244452,0.0,0.0,0.0,0.0,0.0,0.0,0.4736287,0.36929095,0.0,0.0,0.0,0.36777556,0.27184474,0.09641354,0.0,0.0,0.0,0.0,0.0,0.0,0.3309005,0.0,0.04088259,0.0,0.34084994,0.1560622,-0.10896517
0.9299709,-0.1400708,-1.0211681,0.0,0.0,0.0,0.0,0.0,0.3550864,0.0,0.0,0.39769349,0.38218763,0.0,1.0795466,0.079197705,0.3373821,0.4882741,0.0,0.0,0.0,0.0,0.0,0.164405,0.883253,0.50165206,0.25243503,0.1286535,0.813506,0.0,0.38852766,0.6129209,0.35813138,0.0,0.022253186,0.0,0.030024275,0.0,0.27727762,0.19257852,0.5016541,0.0,0.0,0.0,0.0,0.36749613,0.71502924,0.025300048,0.25877357,0.33272657,0.09396364,0.0,0.3101916,0.0,0.0,0.0,0.34401157,0.31139255,0.018359344,0.0,0.0,0.46104336,0.0,0.0,0.0,0.37152326,0.0,-0.35989738,-0.18845598,0.11200047
-0.55717593,1.0707086,0.6666496,0.0,0.07379621,0.0,0.21903908,0.5828739,0.0,0.0,0.53556025,0.4556912,0.0,0.35531285,0.18897393,0.0,0.0,0.7613872,0.0,0.30875337,0.3540281,0.0,0.27183414,0.0,0.8450584,0.0,0.0,0.6968925,0.0,0.0,0.0,0.0,0.0,0.0,1.0075274,0.44984797,0.0,0.32423425,0.00012868643,0.0,0.18792483,0.0,0.16157702,0.1948318,0.0,0.0053400695,0.0,0.0,0.10999434,0.0,0.22626041,0.0,0.2501743,0.11805408,0.07980935,0.12310434,0.044174686,0.0,0.29350606,0.0,0.0,0.15213607,0.0,0.42940632,0.0,0.09123483,0.0,0.34509477,0.15402022,-0.078314476
0.85493726,-1.0263677,-1.085035,0.0,0.0,0.0,0.0,0.0,0.08447536,0.0,0.0,0.30178607,0.70858556,0.100602865,1.0075982,0.2872488,0.51397955,0.2563695,0.0,0.0,0.0,0.0,0.0,0.59778285,0.33400914,1.0033914,0.69804555,0.018429428,0.7660011,0.0,0.89870596,0.7849357,0.69338226,0.0,0.0,0.0,0.095485374,0.0,0.3761211,0.23145764,0.46612942,0.2012003,0.0,0.0,0.0,0.29700097,0.66767246,0.16385692,0.16642429,0.4217173,0.0,0.044487797,0.16188687,0.0,0.0,0.0,0.34135967,0.28185916,0.0,0.0,0.0,0.53501576,0.0,0.0,0.0,0.17153525,0.0,-0.38673782,-0.22514324,0.11680292
-1.466046,1.1537625,-0.6670371,0.0,0.0,0.0,0.6951349,0.78687257,0.1632052,0.96503884,0.0,0.61687857,0.57425654,0.54213285,0.4161036,0.0,0.75696373,0.38141906,0.0,0.0,0.0,0.0,0.0,0.0,0.5147841,0.0,0.0,1.0630635,0.6475563,0.0,0.0,0.0,0.0,0.0,0.44151077,0.0,0.0,0.08588074,0.29266694,0.3306152,0.5132992,0.0,0.24652523,0.0,0.31824702,0.51258945,0.5586251,0.22988458,0.29262602,0.12382986,0.0,0.0,0.321434,0.0,0.0,0.10792379,0.32011282,0.0,0.0,0.0,0.10423673,0.44968972,0.0,0.1617065,0.0,0.25295335,0.0,-0.3052833,-0.22415073,0.1208858
-0.9763649,0.6773849,0.94608325,0.0,0.026943952,0.0,0.4013945,0.48358768,0.0,0.0,0.6917977,0.4023396,0.0,0.7792291,0.0,0.0,0.0,0.6344206,0.0,0.3615424,0.13274442,0.0,0.24984685,0.0,0.41248953,0.0,0.10515484,0.75347805,0.0,0.0,0.29029205,0.0,0.0,0.0,0.9692508,0.5314802,0.0,0.42989376,0.0,0.0,0.06344999,0.0,0.21200813,0.16294162,0.069532305,0.0,0.0,0.0,0.046343073,0.0,0.1369004,0.0,0.16068736,0.092540786,0.16036265,0.1405661,0.037088096,0.0,0.26310182,0.0,0.0,0.08592906,0.0,0.41168052,0.0,0.03506325,0.0,0.39695862,0.18228129,-0.075908124
1.1318738,0.12789695,1.1056784,0.0642958,0.0,0.0,0.0,0.0,0.0,0.0,0.7099048,0.23840664,0.0,0.0,0.41352373,0.0,0.0,0.94418836,0.0,0.3024909,0.77418625,0.0,1.0459758,0.36174953,1.0647984,0.0,1.1387312,0.0,0.0,0.058349162,0.43739235,0.54804134,0.0,0.16867352,0.9806055,0.6713046,0.0,0.53866744,0.0,0.0,0.014410496,0.0,0.117372416,0.0,0.0,0.0,0.0,0.0,0.0,0.07099214,0.45618975,0.0,0.11711536,0.0,0.21352096,0.3687442,0.0,0.0,0.20277576,0.0,0.0,0.0,0.0,0.50681067,0.0,0.148868,0.0,0.44595027,0.23268987,-0.15491308
-0.4618643,-0.6663567,-0.31553245,0.0,0.0,0.0,0.07130317,0.0,0.0,0.0,0.19351885,0.33150315,0.7116689,0.7926364,0.4128606,0.0,0.49470592,0.21149674,0.0,0.0,0.0,0.0,0.0,0.12867272,0.0,0.36238682,0.44127598,0.44840258,0.34386128,0.0,0.887437,0.3931479,0.0,0.022687912,0.05641982,0.0437534,0.0,0.15281583,0.16260731,0.21171029,0.28807503,0.08416086,0.11622866,0.0,0.0,0.2898289,0.2550595,0.0,0.08631842,0.28727964,0.0,0.0,0.015264686,0.0,0.09407551,0.09823979,0.28257906,0.24681652,0.0,0.0,0.0,0.22807503,0.0,0.03499344,0.0,0.15065986,0.0,-0.17574623,-0.06765738,0.031136991
-1.1090734,0.5309764,-0.48414633,0.0,0.0,0.0,0.47428328,0.38633746,0.0,0.38082427,0.084779635,0.5133118,0.59395707,0.63280845,0.39673537,0.0,0.63053054,0.33631003,0.0,0.0,0.0,0.0,0.0,0.0,0.31151932,0.0,0.0,0.8453575,0.511484,0.0,0.23771068,0.0,0.0,0.0,0.33585554,0.042784475,0.0,0.07964164,0.17669787,0.24783951,0.38965726,0.0,0.17467496,0.0034971423,0.20654643,0.43318373,0.3850199,0.0,0.18056501,0.120304525,0.0,0.0,0.24031112,0.0,0.0,0.10982685,0.27601126,0.06979366,0.00391677,0.0,0.02262012,0.31675145,0.0,0.1414558,0.0,0.18147393,0.0,-0.20943645,-0.103426665,0.077738225
-0.4848877,0.14912547,0.39444917,0.0,0.0,0.0,0.12704203,0.07527329,0.0,0.0,0.46104985,0.36754668,0.19785559,0.6234088,0.22668347,0.0,0.025501654,0.51531726,0.0,0.050452083,0.0,0.0,0.050009802,0.0,0.3502531,0.0,0.30118692,0.5455614,0.04398851,0.0,0.49377635,0.19772492,0.0,0.0,0.6048628,0.28677493,0.0,0.31001022,0.048331022,0.074841,0.1736074,0.0,0.20934102,0.0,0.0,0.15872829,0.04312683,0.0,0.047178075,0.073346674,0.058292408,0.0,0.14025724,0.0,0.18296316,0.079165384,0.22128516,0.06457492,0.07023272,0.0,0.0,0.10987191,0.0,0.31866282,0.0,0.057430953,0.0,0.15479112,0.09840329,-0.032510392
0.4891872,-0.6979071,-0.8129106,0.0,0.0,0.0,0.0,0.0,0.028410085,0.0,0.0,0.3319458,0.61565715,0.21530163,0.84107745,0.01966399,0.44770527,0.30689093,0.0,0.0,0.0,0.0,0.0,0.35566202,0.3470826,0.68246937,0.5250903,0.17020853,0.63834345,0.0,0.7701241,0.6263627,0.3812941,0.0,0.0,0.0,0.0,0.0,0.30933177,0.21870811,0.4374234,0.088757165,0.0040534884,0.0,0.0,0.32647568,0.5551762,0.05276288,0.14598148,0.3698942,0.0,0.0,0.144327,0.0,0.0,0.0,0.33108768,0.2395482,0.0,0.0,0.0,0.40863326,0.0,0.0,0.0,0.23843674,0.0,-0.3517818,-0.16806762,0.09510454
0.4331522,0.0010976939,-2.4495888,0.0,0.0,0.0,0.0,0.0,0.7402857,0.7822326,0.0,0.55715907,1.0193578,0.0,1.4560115,0.2645635,1.2176696,0.18647471,0.0,0.0,0.0,0.055790186,0.0,0.0,0.780965,0.6564134,0.0,0.37924328,1.5519044,0.0,0.20267725,0.5073575,0.8200637,0.0,0.0,0.0,0.0,0.0,0.2421657,0.3641346,0.7368215,0.0066857785,0.0,0.0,0.04021333,0.67123777,1.2492611,0.49783802,0.43623388,0.23493919,0.0,0.0,0.4503428,0.0,0.0,0.0,0.58111155,0.45667475,0.0,0.0,0.0256299,0.79675454,0.0,0.0,0.0,0.61695075,0.0,-0.61017793,-0.40017235,0.17801832
0.47405618,0.84675205,0.7328928,0.0,0.0,0.0,0.0,0.23184699,0.02693344,0.0,0.5370594,0.38180128,0.0,0.0,0.42591763,0.0,0.0,0.9213903,0.0,0.28249145,0.68100816,0.0,0.65850455,0.0,1.1906312,0.0,0.3606259,0.33506423,0.0,0.0,0.042831123,0.25753403,0.0,0.0,1.0227363,0.4894854,0.0,0.30494535,0.0,0.0,0.20168996,0.0,0.08930164,0.1524173,0.0,0.0,0.0,0.0,0.05177504,0.0,0.36079395,0.0,0.24851683,0.0,0.08083571,0.18937072,0.0,0.0,0.29204446,0.0,0.0,0.0040538255,0.0,0.46462032,0.0,0.18018785,0.0,0.35146296,0.18832494,-0.09320635
-1.1722082,-0.45501074,1.2419705,0.0,0.0,0.040917188,0.4243924,0.0,0.0,0.0,0.88376975,0.25143218,0.28406772,1.3767831,0.0,0.0,0.0,0.3814572,0.0,0.29721993,0.0,0.0,0.24769571,0.016482241,0.0,0.0,0.816553,0.6248159,0.0,0.5437257,0.99015176,0.14934216,0.0,0.5704001,0.71270573,0.5917689,0.0,0.66793144,0.0,0.0,0.0,0.0,0.12518615,0.0,0.06303768,0.003098607,0.0,0.0,0.0,0.07353297,0.05702028,0.0,0.0,0.0,0.3199191,0.21402435,0.17635667,0.0032362174,0.040065296,0.0,0.0,0.0,0.0,0.43263546,0.11163246,0.1792843,0.0,0.35590097,0.21892247,-0.056862324
-1.1502203,1.0588886,1.9341613,0.0,0.26985928,0.0,0.5021938,0.7580668,0.0,0.0,1.1070328,0.36947557,0.0,0.9097935,0.0,0.0,0.0,0.8539289,0.0,0.8160144,0.5117106,0.0,0.8070912,0.0,0.5224887,0.0,0.289741,0.8167354,0.0,0.3306919,0.18863049,0.0,0.0,0.21803695,1.4815388,0.835203,0.0,0.67826927,0.0,0.0,0.0,0.0,0.05695267,0.26709762,0.23463178,0.0,0.0,0.0,0.0,0.0,0.33325696,0.0,0.11767883,0.10036613,0.071362354,0.31738654,0.0,0.0,0.43459126,0.0,0.0,0.0,0.0,0.56911194,0.0012957901,0.13823074,0.0,0.5197979,0.2697447,-0.11697401
-2.0925748,3.047957,1.1694331,0.0,0.78096986,0.0,1.1102469,1.985496,0.05684025,1.2224243,0.71161443,0.7077441,0.0,0.48290694,0.0,0.0,0.0,1.006515,0.0,0.85229725,0.6680287,0.0,0.20631224,0.0,1.2691789,0.0,0.0,1.4591504,0.0,0.0,0.0,0.0,0.0,0.0,1.7575481,0.51343733,0.0,0.8026736,0.1238192,0.0,0.36785358,0.0,0.4540769,0.1250799,0.45153382,0.0,0.0,0.0,0.49295074,0.0,0.029375225,0.0,0.4265374,0.0,0.0,0.26253915,0.011290066,0.0,0.20774539,0.0,0.0,0.48747808,0.0,0.6470025,0.0,0.08791646,0.0,0.38913104,0.0732436,-0.00017382763
-1.3863169,0.6574724,0.92485625,0.0,0.044306576,0.0,0.60616297,0.56642294,0.0,0.0,0.6988554,0.41843772,0.115942314,0.99623513,0.0,0.0,0.0,0.5462643,0.0,0.35628778,0.0,0.0,0.088868335,0.0,0.21146029,0.0,0.0,0.88021296,0.0,0.0,0.33567747,0.0,0.0,0.004689917,0.93018234,0.5171255,0.0,0.43207672,0.0,0.0,0.06378187,0.0,0.23775785,0.13343136,0.12634104,0.017698333,0.0,0.0,0.08198309,0.0,0.033520877,0.0,0.16057348,0.11342013,0.16469266,0.11758623,0.06342766,0.0,0.25355726,0.0,0.0,0.10210372,0.0,0.3959145,0.03898195,0.0,0.0,0.3764151,0.15012378,-0.055445224
1.4147829,-1.2582812,-1.1931504,0.0,0.0,0.0,0.0,0.0,0.15901515,0.0,0.0,0.26104644,0.65089697,0.0,1.1773546,0.5496819,0.41957986,0.29352674,0.0,0.0,0.0,0.0,0.0,0.8671943,0.46194437,1.2696158,0.95188576,0.0,0.82420564,0.0,0.9716407,0.96264017,0.9394605,0.0,0.0,0.0,0.21837454,0.0,0.4472496,0.24023196,0.46361774,0.24243236,0.0,0.0,0.0,0.26101315,0.74976486,0.22483717,0.15380155,0.50740284,0.0,0.117258556,0.19409269,0.0,0.0,0.0,0.35419226,0.2917486,0.0,0.0,0.0,0.6614449,0.0,0.0,0.0,0.07106658,0.0,-0.40902534,-0.2763558,0.1353663
-1.427839,0.9543271,0.3670782,0.0,0.05758673,0.0,0.65198654,0.7109947,0.0,0.23020649,0.44406044,0.5030085,0.24186361,0.79649025,0.04853949,0.0,0.23696753,0.5145218,0.0,0.18516292,0.0,0.0,0.0,0.0,0.38309753,0.0,0.0,0.96755993,0.09172785,0.0,0.11051527,0.0,0.0,0.0,0.79776347,0.3488934,0.0,0.33206004,0.098844275,0.098530106,0.18231604,0.0,0.28075504,0.11814512,0.14204425,0.17525034,0.085588366,0.0,0.16453771,0.0,0.0,0.0,0.22752094,0.07683218,0.05971588,0.13124897,0.14146446,0.0,0.19007412,0.0,0.0,0.21789919,0.0,0.35155922,0.0,0.011377968,0.0,0.18781242,0.06485667,-0.032613546
1.2771178,-1.223647,-0.6444474,0.0,0.0,0.0,0.0,0.0,0.0,0.0,0.014237136,0.22358057,0.4784345,0.04132849,0.95135176,0.35269392,0.17596675,0.36608422,0.0,0.0,0.0,0.0,0.0,0.8811363,0.40068257,1.0954267,1.141274,0.0,0.53537637,0.0,1.0208287,0.91049606,0.6621711,0.039408773,0.0,0.018433293,0.16261384,0.08123356,0.4563857,0.2289038,0.39731854,0.19748423,0.04354576,0.0,0.0,0.21329369,0.56791985,0.12109302,0.06835176,0.52682483,0.0,0.08507126,0.10487536,0.0,0.0,0.0,0.3235251,0.18920375,0.0,0.0,0.0,0.4923076,0.0,0.0,0.0,0.01625619,0.0,-0.3304718,-0.20016615,0.10608003
1.1865561,-0.96359664,-0.6041433,0.0,0.0,0.0,0.0,0.0,0.022250794,0.0,0.02206695,0.25443316,0.40905246,0.0,0.93449557,0.25023603,0.1494998,0.4157542,0.0,0.0,0.0,0.0,0.0,0.7241684,0.50894016,0.92111045,0.98560894,0.0,0.53360486,0.0,0.8832971,0.8341497,0.53139997,0.0,0.0,0.0,0.12415622,0.047561765,0.43101513,0.22069623,0.4086954,0.097734906,0.0561582,0.0,0.0,0.23323418,0.5580507,0.0819087,0.09439944,0.48621428,0.0031595826,0.053489946,0.13816695,0.0,0.026369214,0.0,0.31853217,0.19300489,0.0,0.0,0.0,0.44674823,0.0,0.0,0.0,0.07919559,0.0,-0.32492095,-0.19697644,0.10173262
-0.7623005,0.35775864,0.05911803,0.0,0.0,0.0,0.28324682,0.23582461,0.0,0.0,0.31575584,0.43217996,0.34114918,0.6229851,0.28624398,0.0,0.26065937,0.45401502,0.0,0.0,0.0,0.0,0.0,0.0,0.3539517,0.0,0.0,0.68201196,0.2263926,0.0,0.36329275,0.09968239,0.0,0.0,0.5201473,0.19363655,0.0,0.19590005,0.095205374,0.12306414,0.2588181,0.0,0.1812781,0.03942008,0.024770945,0.25336182,0.16895886,0.0,0.11579813,0.08079477,0.0,0.0,0.20813233,0.020033382,0.11644611,0.06281017,0.21616767,0.08323777,0.09326916,0.0,0.0,0.19902353,0.0,0.23437566,0.0,0.093315594,0.0,0.032943487,0.022840314,0.009137372
0.79182726,-0.22813307,-0.037206978,0.0,0.0,0.0,0.0,0.0,0.0,0.0,0.2454895,0.30840468,0.08711353,0.023242563,0.691125,0.0,0.0,0.60458827,0.0,0.0,0.16275285,0.0,0.21599875,0.2994619,0.7363007,0.29560804,0.71005213,0.108302236,0.28666887,0.0,0.55359846,0.5756099,0.0,0.0,0.38373747,0.19213554,0.0,0.20504427,0.2598834,0.1271721,0.30837685,0.0,0.1789853,0.0,0.0,0.16074574,0.22224829,0.0,0.08540557,0.27955583,0.22200452,0.0,0.17182198,0.0,0.19069627,0.075278714,0.20547381,0.0950114,0.04400387,0.0,0.0,0.15620452,0.0,0.21023802,0.0,0.12289439,0.0,0.0013005137,-0.011960998,-0.005646726
-1.2228441,1.0901816,1.1319741,0.0,0.18032226,0.0,0.5493876,0.7623326,0.0,0.0,0.7608356,0.44500783,0.0,0.78272927,0.0,0.0,0.0,0.7135187,0.0,0.5057928,0.25107485,0.0,0.31043035,0.0,0.53278685,0.0,0.0,0.8852359,0.0,0.0,0.093694,0.0,0.0,0.0,1.1629131,0.5917262,0.0,0.46768716,0.0,0.0,0.029932976,0.0,0.19660608,0.23775889,0.12646878,0.0,0.0,0.0,0.11225888,0.0,0.17053485,0.0,0.22198972,0.15450007,0.09596989,0.17317374,0.0,0.0,0.35944855,0.0,0.0,0.12271958,0.0,0.4540927,0.0,0.01164569,0.0,0.44277966,0.18300577,-0.09672713
-0.57473254,1.3149616,0.25379035,0.0,0.08958766,0.0,0.24790305,0.6996703,0.108575754,0.28395635,0.34524927,0.5206449,0.0,0.19109285,0.3488382,0.0,0.0,0.74618065,0.0,0.18587159,0.31307167,0.0,0.044830613,0.0,0.9925049,0.0,0.0,0.7611995,0.21629772,0.0,0.0,0.0,0.0,0.0,0.9181856,0.2573614,0.0,0.25265995,0.15243663,0.026874095,0.38344365,0.0,0.19676924,0.06277691,0.0,0.14615968,0.13673493,0.0,0.2218528,0.009331748,0.15655763,0.0,0.3144987,0.010531265,0.057447154,0.03467249,0.16273692,0.0,0.15753314,0.0,0.0,0.31333646,0.0,0.381935,0.0,0.1667735,0.0,0.11962131,0.057559177,0.0009142328
-0.23748271,-0.07931464,-0.08227659,0.0,0.0,0.0,0.0,0.0,0.0,0.0,0.2568403,0.37154427,0.37127137,0.49253815,0.44103295,0.0,0.22242156,0.43096697,0.0,0.0,0.0,0.0,0.0,0.0,0.34715256,0.01992877,0.28760976,0.45683068,0.2825569,0.0,0.5539586,0.31369823,0.0,0.0,0.3530049,0.08715079,0.0,0.17655823,0.107475206,0.15404285,0.27605748,0.0,0.15081513,0.0,0.0,0.27525902,0.1894847,0.0,0.10635936,0.15479748,0.011673406,0.0,0.16072962,0.0,0.14334217,0.055213876,0.2724626,0.18050711,0.0127823055,0.0,0.0,0.19817626,0.0,0.16935201,0.0,0.15699598,0.0,-0.06340465,-0.008746639,0.019821031
-0.28364936,-0.6151924,0.24258117,0.0,0.0,0.0,0.0,0.0,0.0,0.0,0.4259873,0.2823696,0.4340077,0.7863008,0.2703431,0.0,0.1416069,0.3511017,0.0,0.0,0.0,0.0,0.0,0.2267825,0.003032297,0.23862459,0.72332585,0.37192506,0.06406678,0.0,0.9002496,0.4083484,0.0,0.20805961,0.30908847,0.27461517,0.0,0.38119745,0.10155632,0.1449887,0.16534999,0.0,0.19643705,0.0,0.0,0.16725512,0.085921496,0.0,0.007275179,0.24304393,0.0,0.0,0.0,0.0,0.24419326,0.11489391,0.2602381,0.14038077,0.0,0.0,0.0,0.088740565,0.0,0.22881563,0.0,0.039644975,0.0,0.08303366,0.04630073,-0.021223884
-0.09965717,1.3430643,0.18896535,0.0,0.059406012,0.0,0.011900447,0.6030989,0.23333713,0.20941454,0.2980999,0.51026255,0.0,0.0,0.50225806,0.0,0.0,0.8346269,0.0,0.15750344,0.48390055,0.0,0.17905572,0.0,1.2312677,0.0,0.0,0.6196638,0.27139795,0.0,0.0,0.037296683,0.0,0.0,0.9289123,0.21037386,0.0,0.18379387,0.13660797,0.0,0.4397025,0.0,0.10851903,0.07287699,0.0,0.12539893,0.14009121,0.0,0.2268918,0.028825678,0.24055652,0.0,0.33156922,0.0022572689,0.05136245,0.0010022894,0.15032487,0.0166659,0.14847988,0.0,0.0,0.31518295,0.0,0.36296943,0.0,0.2700575,0.003137827,0.0849763,0.058540978,0.019938191
-0.9165922,-0.27555376,-0.7093192,0.0,0.0,0.0,0.3287591,0.0,0.0,0.0,0.02041167,0.429812,0.87330717,0.8026785,0.46011195,0.0,0.79304016,0.14834163,0.0,0.0,0.0,0.0,0.0,0.0,0.0,0.14355765,0.0,0.6716777,0.56577253,0.0,0.6616411,0.2181889,0.0,0.0,0.0,0.0,0.0,0.0,0.12800583,0.2629412,0.34944952,0.13188475,0.06754001,0.0,0.15836154,0.43563432,0.37539977,0.0,0.15053098,0.21990883,0.0,0.0,0.15826039,0.0,0.0038529262,0.08672042,0.27172166,0.26421142,0.0,0.0,0.0,0.26779437,0.0,0.0,0.0,0.21210782,0.0,-0.28206295,-0.11957289,0.07857182
-1.5377693,1.0070873,0.68122053,0.0,0.119271606,0.0,0.7071093,0.7750026,0.0,0.10932571,0.5815345,0.48670056,0.14223441,0.893029,0.0,0.0,0.10314949,0.55766964,0.0,0.31936157,0.0,0.0,0.0,0.0,0.35278648,0.0,0.0,0.994238,0.0,0.0,0.12246117,0.0,0.0,0.0,0.93535495,0.4462025,0.0,0.40698302,0.03872775,0.025519922,0.09882585,0.0,0.28183576,0.1392156,0.13533889,0.08100651,0.0,0.0,0.16249003,0.0,0.016281359,0.0,0.21841323,0.11898781,0.09386707,0.12901485,0.088310294,0.0,0.2536024,0.0,0.0,0.18592305,0.0,0.399365,0.0,0.0,0.0,0.317631,0.12031636,-0.05968242
1.2024729,-1.1442012,-0.30683634,0.0,0.0,0.0,0.0,0.0,0.0,0.0,0.15922682,0.20697072,0.35089564,0.113621205,0.8198662,0.22057861,0.014990278,0.4262445,0.0,0.0,0.0,0.0,0.11718267,0.8622277,0.40153265,0.9573209,1.2282417,0.0,0.36316887,0.0,1.016741,0.86839074,0.47242704,0.14057302,0.0037553608,0.16210341,0.14226623,0.197932,0.39286602,0.19368045,0.3048055,0.10358835,0.09040318,0.0,0.0,0.1501426,0.45594007,0.05085876,0.0016104579,0.5228445,0.06472142,0.040263705,0.034145422,0.0,0.119811684,0.046146624,0.28726014,0.11446238,0.0,0.0,0.0,0.3346547,0.0,0.08316061,0.0,0.0050194263,0.0,-0.17134601,-0.11364932,0.06983624
-1.5477532,1.2935854,1.5317565,0.0,0.3080642,0.0,0.7210919,0.9573686,0.0,0.0,0.93586427,0.44781122,0.0,0.9489949,0.0,0.0,0.0,0.7641027,0.0,0.70159405,0.3263381,0.0,0.44950935,0.0,0.48782527,0.0,0.0,0.99835217,0.0,0.038696557,0.04676208,0.0,0.0,0.0,1.3710375,0.71094245,0.0,0.5612391,0.0,0.0,0.0,0.0,0.17483073,0.29089543,0.22269139,0.0,0.0,0.0,0.12464261,0.0,0.19900274,0.0,0.22548768,0.19812748,0.05628494,0.2256786,0.0,0.0,0.44273993,0.0,0.0,0.09808991,0.0,0.5036547,0.016187139,0.0,0.0,0.49823114,0.19674724,-0.1106294
-1.0211968,0.15091473,0.37381557,0.0,0.0,0.0,0.3966198,0.19843447,0.0,0.0,0.47198194,0.3912741,0.36876798,0.8978596,0.08905822,0.0,0.2097785,0.4076676,0.0,0.050918236,0.0,0.0,0.0,0.0,0.103256404,0.0,0.12495321,0.7153001,0.033702686,0.0,0.5378661,0.07719427,0.0,0.0,0.565605,0.3145779,0.0,0.3151776,0.0385059,0.09380641,0.15326013,0.0,0.23129544,0.04637013,0.052348237,0.1761074,0.041396163,0.0,0.05228132,0.062519476,0.0,0.0,0.11489711,0.016771212,0.15960674,0.112154804,0.18372384,0.04224824,0.064523324,0.0,0.0,0.09842985,0.0,0.29268634,0.0,0.015843898,0.0,0.16591561,0.085269704,-0.03119609
0.99244064,-0.9354515,-1.7302238,0.0,0.0,0.0,0.0,0.0,0.3400157,0.0,0.0,0.3623397,0.87726253,0.0,1.2777417,0.47921193,0.7906156,0.19699004,0.0,0.0,0.0,0.0,0.0,0.50547993,0.4714575,1.128926,0.39384502,0.022168785,1.116222,0.0,0.7672367,0.81294847,0.9664322,0.0,0.0,0.0,0.15965185,0.0,0.3412317,0.2448746,0.5498645,0.18986526,0.0,0.0,0.0,0.37011877,0.89892024,0.26572108,0.292835,0.37619975,0.0,0.06021417,0.2868968,0.0,0.0,0.0,0.37049577,0.4152155,0.0,0.0,0.0,0.7087037,0.0,0.0,0.0,0.272538,0.0,-0.44317108,-0.30408883,0.15172812
0.44204357,-0.62635845,-0.21415967,0.0,0.0,0.0,0.0,0.0,0.0,0.0,0.20178017,0.2908609,0.3853221,0.32606137,0.62514347,0.0,0.143915,0.41404647,0.0,0.0,0.0,0.0,0.0,0.38310647,0.34770453,0.49351028,0.74464524,0.16557994,0.33021292,0.0,0.7952833,0.5855227,0.087569,0.001695171,0.16337416,0.10693802,0.0,0.17616254,0.2988126,0.18852754,0.32381308,0.0,0.15701087,0.0,0.0,0.22243574,0.32183594,0.0,0.08642529,0.35325405,0.05909126,0.0,0.08002348,0.0,0.14956288,0.05287972,0.2926908,0.17497861,0.0,0.0,0.0,0.23872295,0.0,0.102076225,0.0,0.10995333,0.0,-0.14457707,-0.085408896,0.029555121
-0.7862507,0.07068567,0.15023123,0.0,0.0,0.0,0.2760006,0.09466076,0.0,0.0,0.37043875,0.3914985,0.40528196,0.7641642,0.22398034,0.0,0.25996506,0.3975806,0.0,0.0,0.0,0.0,0.0,0.0,0.17262724,0.0,0.14021978,0.64050514,0.15265933,0.0,0.54012173,0.15265577,0.0,0.0,0.46313235,0.21725324,0.0,0.24404263,0.066375665,0.13090812,0.20821638,0.0,0.19591068,0.0063055977,0.017402507,0.23157208,0.12152099,0.0,0.070198745,0.101921394,0.0,0.0,0.14254111,0.0,0.1452493,0.08889233,0.22599599,0.102536455,0.03581892,0.0,0.0,0.13700797,0.0,0.23281573,0.0,0.06685896,0.0,0.057137378,0.03835216,-0.010712037
-1.1569405,0.60950416,-0.59893477,0.0,0.0,0.0,0.50456417,0.4342113,0.03560192,0.50872034,0.032935977,0.534365,0.6263783,0.6053988,0.4304486,0.0,0.6948048,0.3261711,0.0,0.0,0.0,0.0,0.0,0.0,0.338768,0.0,0.0,0.8783769,0.576411,0.0,0.18480128,0.0,0.0,0.0,0.31191128,0.0,0.0,0.052222818,0.2019204,0.27813452,0.42725068,0.0041291416,0.17391181,0.0,0.23658338,0.47135198,0.44637764,0.05596119,0.20379604,0.12726566,0.0,0.0,0.25859782,0.0,0.0,0.10964668,0.29632792,0.060285315,0.0,0.0,0.05092395,0.350971,0.0,0.12302083,0.0,0.21138684,0.0,-0.26145798,-0.14207308,0.09794352
0.88627195,-1.2757797,-1.0318377,0.0,0.0,0.0,0.0,0.0,0.0,0.0,0.0,0.26655746,0.75800997,0.1911851,0.97666836,0.34364182,0.5098914,0.21318963,0.0,0.0,0.0,0.0,0.0,0.7442796,0.20148566,1.1383272,0.8722654,0.0,0.71755624,0.0,1.0450449,0.84334743,0.76783156,0.0,0.0,0.0,0.10997905,0.0,0.4053215,0.23150675,0.44333833,0.2992486,0.0,0.0,0.0,0.2613212,0.63376313,0.18684465,0.11880478,0.46263617,0.0,0.074132375,0.106904484,0.0,0.0,0.0,0.3468166,0.25736803,0.0,0.0,0.0,0.5486499,0.0,0.0,0.0,0.10339861,0.0,-0.38800684,-0.21614422,0.114498176
-0.2094097,0.08883932,-0.42154667,0.0,0.0,0.0,0.0,0.0,0.010519646,0.0,0.10049611,0.41936034,0.43549058,0.34810656,0.581174,0.0,0.36603367,0.41917074,0.0,0.0,0.0,0.0,0.0,0.0,0.4690502,0.009151821,0.046344608,0.49129474,0.47554398,0.0,0.41944647,0.29304537,0.0,0.0,0.27159536,0.0,0.0,0.043099023,0.13342373,0.18710524,0.36953032,0.0,0.08916036,0.0,0.0,0.3636762,0.3179555,0.0,0.15798481,0.1537771,0.00556124,0.0,0.25411656,0.0,0.07684528,0.015749745,0.29325473,0.22103886,0.034138255,0.0,0.0,0.27482793,0.0,0.079696365,0.0,0.23159944,0.0,-0.18947124,-0.07034229,0.060097903
-0.045597497,-1.1739852,-0.7842535,0.0,0.0,0.0,0.0,0.0,0.0,0.0,0.00043910742,0.29506913,0.91866696,0.683733,0.64676034,0.0,0.670319,0.09633237,0.0,0.0,0.0,0.0,0.0,0.45335385,0.0,0.84033257,0.6404555,0.2630704,0.5603992,0.0,1.0942852,0.6059103,0.43272552,0.02926363,0.0,0.0,0.0,0.047191262,0.2864874,0.20696807,0.39133298,0.28710845,0.0083049685,0.0,0.0,0.30467597,0.4979211,0.11179221,0.08537309,0.405818,0.0,0.0,0.001465179,0.0,0.0,0.0,0.3732295,0.2639581,0.0,0.0,0.0,0.40899867,0.0,0.0,0.0,0.21751817,0.0,-0.3580662,-0.12802824,0.09482575
0.26702145,-1.2714881,-1.5440248,0.0,0.0,0.0,0.0,0.0,0.0315217,0.0,0.0,0.3361624,1.1358447,0.41424608,0.9885442,0.28139377,0.97476155,0.008114576,0.0,0.0,0.0,0.009803981,0.0,0.49532893,0.0,1.1335015,0.4437688,0.18852274,0.9608041,0.0,1.043946,0.716033,0.8597914,0.0,0.0,0.0,0.0,0.0,0.3051172,0.24781328,0.49432164,0.41450945,0.0,0.0,0.0,0.36798003,0.7302676,0.24360104,0.1911123,0.36701503,0.0,0.007833533,0.12860858,0.0,0.0,0.0,0.3865354,0.3600241,0.0,0.0,0.0,0.62800777,0.0,0.0,0.0,0.23234618,0.0,-0.4343629,-0.2091239,0.12925327
0.7026113,0.19801232,0.10183517,0.0,0.0,0.0,0.0,0.0,0.06683173,0.0,0.28772405,0.35029355,0.0,0.0,0.6540037,0.0,0.0,0.70968133,0.0,0.0,0.3314017,0.0,0.30640495,0.06897142,0.9388077,0.004594625,0.5067035,0.19512653,0.2480028,0.0,0.330591,0.46197617,0.0,0.0,0.5719849,0.21815246,0.0,0.19347504,0.1463458,0.072385125,0.2886117,0.0,0.15043262,0.0,0.0,0.14119568,0.13643938,0.0,0.09678967,0.15922546,0.24473652,0.0,0.23852137,0.0,0.18948865,0.07443905,0.15897799,0.07367715,0.090536445,0.0,0.0,0.10741378,0.0,0.28255868,0.0,0.18029393,0.0,0.08830263,0.05188863,-0.016882025
0.60763115,-0.01737865,-0.666799,0.0,0.0,0.0,0.0,0.0,0.21846479,0.0,0.0,0.39478278,0.3104405,0.0,0.8788562,0.0,0.24221984,0.5129822,0.0,0.0,0.0,0.0,0.0,0.05326733,0.79390454,0.2865806,0.24621496,0.23079626,0.62655294,0.0,0.38311422,0.50552106,0.09454489,0.0,0.18616606,0.0,0.0,0.0,0.25603464,0.1934517,0.46867174,0.0,0.01750391,0.0,0.0,0.36439794,0.52142227,0.0,0.24849619,0.25996888,0.109741844,0.0,0.30206588,0.0,0.05785343,0.0,0.29890653,0.26497924,0.035154216,0.0,0.0,0.35291222,0.0,0.045119077,0.0,0.31124824,0.0,-0.28433502,-0.14385955,0.08199762
-0.44904977,-0.31954598,0.9223694,0.0,0.0,0.0,0.07345862,0.0,0.0,0.0,0.7117115,0.26552516,0.1389868,0.88708425,0.01283595,0.0,0.0,0.5009227,0.0,0.18195774,0.0,0.0,0.33031332,0.11337449,0.07681015,0.0,0.8175223,0.43495387,0.0,0.25313845,0.81524503,0.2914996,0.0,0.35711876,0.6695342,0.49427032,0.0,0.58110416,0.0,0.0,0.0,0.0,0.18204367,0.0,0.0,0.0,0.0,0.0,0.0,0.10172477,0.14734033,0.0,0.0,0.0,0.30910012,0.20129387,0.15336727,0.0,0.04340332,0.0,0.0,0.0,0.0,0.38359392,0.01585187,0.102125764,0.0,0.3501953,0.21485773,-0.08157542
0.15104571,1.0124942,1.4926261,0.0,0.11925873,0.0,0.0,0.41967005,0.0,0.0,0.86975276,0.3491735,0.0,0.16661134,0.08703351,0.0,0.0,1.023484,0.0,0.614129,0.8527205,0.0,1.0072408,0.0,1.1130526,0.0,0.5157352,0.4234281,0.0,0.0,0.054799885,0.13065436,0.0,0.00407733,1.3644226,0.7075581,0.0,0.49954334,0.0,0.0,0.014602885,0.0,0.044988185,0.30372545,0.0,0.0,0.0,0.0,0.0065754205,0.0,0.45076305,0.0,0.20352441,0.0,0.04064116,0.33891997,0.0,0.0,0.40539253,0.0,0.0,0.0,0.0,0.58071613,0.0,0.17146823,0.0,0.46782482,0.28453642,-0.16257454
-0.53168803,-0.31784388,0.41269472,0.0,0.0,0.0,0.120607965,0.0,0.0,0.0,0.49401915,0.31285256,0.35279253,0.83239746,0.16868243,0.0,0.094081976,0.40035325,0.0,0.0,0.0,0.0,0.0,0.021679252,0.055834174,0.0,0.55750006,0.48712564,0.0,0.0,0.7686082,0.28541055,0.0,0.16420147,0.45909512,0.30111036,0.0,0.40011892,0.023354515,0.11627088,0.12481261,0.0,0.22364843,0.0,0.0,0.166914,0.018835016,0.0,0.018631637,0.141035,0.0,0.0,0.0078030974,0.0,0.2572271,0.11708825,0.23076461,0.108655185,0.0,0.0,0.0,0.04269439,0.0,0.31001925,0.0,0.033822186,0.0,0.15797468,0.09137791,-0.04102205
0.51522744,-1.2881511,-1.3181418,0.0,0.0,0.0,0.0,0.0,0.0066416115,0.0,0.0,0.30473432,0.98148006,0.33455637,0.97534436,0.30453092,0.77980345,0.09025577,0.0,0.0,0.0,0.0,0.0,0.6056278,0.03139904,1.1391056,0.6333486,0.09650034,0.8512453,0.0,1.0551271,0.76970065,0.81950986,0.0,0.0,0.0,0.0415707,0.0,0.3449954,0.24054888,0.4667802,0.3757556,0.0,0.0,0.0,0.31569797,0.67560756,0.21935315,0.15431224,0.4056691,0.0,0.035777323,0.108033605,0.0,0.0,0.0,0.3640399,0.30862606,0.0,0.0,0.0,0.5871345,0.0,0.0,0.0,0.17159092,0.0,-0.40973663,-0.20674716,0.12061221
-0.6115858,-0.31360888,0.89929295,0.0,0.0,0.0,0.1556848,0.0,0.0,0.0,0.7074709,0.27479672,0.19532292,0.96496487,0.0,0.0,0.0,0.46675518,0.0,0.17633982,0.0,0.0,0.25913802,0.060121387,0.0056380033,0.0,0.75337243,0.48808655,0.0,0.25002488,0.8237541,0.25425577,0.0,0.35366932,0.65257007,0.48551562,0.0,0.56428385,0.0,0.0005598664,0.0,0.0,0.17981954,0.0,0.0,0.006696418,0.0,0.0,0.0,0.094178215,0.09078192,0.0,0.0,0.0,0.3065547,0.18898985,0.15974945,0.0,0.03303682,0.0,0.0,0.0,0.0,0.3854413,0.039449,0.092603676,0.0,0.33692366,0.20460257,-0.07365675
-0.48638284,-0.6775398,-0.28101698,0.0,0.0,0.0,0.08252386,0.0,0.0,0.0,0.20993455,0.32821494,0.7098827,0.81630415,0.39324176,0.0,0.48632073,0.20985165,0.0,0.0,0.0,0.0,0.0,0.13193983,0.0,0.35588068,0.455796,0.4526148,0.3238915,0.0,0.8996204,0.38912296,0.0,0.041724727,0.065338045,0.059726775,0.0,0.16929573,0.15706706,0.20890898,0.27932027,0.08215741,0.120571665,0.0,0.0,0.28492492,0.24840406,0.0,0.080966905,0.28592888,0.0,0.0,0.007032547,0.0,0.10220194,0.10239665,0.2826704,0.24429345,0.0,0.0,0.0,0.21642461,0.0,0.046104997,0.0,0.14420176,0.0,-0.16140094,-0.061234146,0.027246097
-0.36851984,-0.6153798,0.34514865,0.0,0.0,0.0,0.020487197,0.0,0.0,0.0,0.47356492,0.27697897,0.42193675,0.8500626,0.21155426,0.0,0.11613575,0.35157412,0.0,0.0,0.0,0.0,0.0,0.21572769,0.0,0.19823238,0.74419177,0.3933231,0.0071522295,0.037330568,0.9184904,0.38670263,0.0,0.25172603,0.3455279,0.31114843,0.0,0.42495045,0.07194371,0.13147046,0.13283186,0.0,0.20573714,0.0,0.0,0.15209016,0.052138552,0.0,0.0,0.22826788,0.0,0.0,0.0,0.0,0.26329532,0.12747087,0.260833,0.13181663,0.0,0.0,0.0,0.05067706,0.0,0.25917414,0.0,0.034869827,0.0,0.12869836,0.07441281,-0.033859283
1.2509292,-1.8807881,-1.5461371,0.0,0.0,0.09017858,0.0,0.0,0.04177884,0.0,0.0,0.22465609,1.0284237,0.13823912,1.2044104,0.7419195,0.7388944,0.057665735,0.0,0.0,0.0,0.0,0.0,1.0989474,0.034515202,1.6718589,1.0893332,0.0,0.9472885,0.0,1.307764,1.0662253,1.2848599,0.0,0.0,0.0,0.24514495,0.0,0.47805244,0.29256213,0.45849836,0.57488346,0.0,0.0,0.0,0.25529224,0.80289197,0.35675913,0.13744651,0.5290413,0.0,0.18842447,0.13344532,0.0,0.0,0.0,0.36669436,0.33914968,0.0,0.0,0.0,0.7819552,0.0,0.0,0.0,0.0,0.0,-0.46031183,-0.29143918,0.1433851
-0.74265593,0.8249435,0.062475216,0.0,0.0,0.0,0.30309194,0.47541857,0.0,0.14194942,0.29313993,0.48614502,0.18642418,0.4321562,0.32937545,0.0,0.18968841,0.56732744,0.0,0.033353448,0.007021036,0.0,0.0,0.0,0.63521016,0.0,0.0,0.74790823,0.26646712,0.0,0.0929738,0.005295694,0.0,0.0,0.6731271,0.21048082,0.0,0.19287652,0.14563383,0.1119455,0.3131413,0.0,0.20140764,0.057723004,0.015142512,0.26633322,0.20745188,0.0,0.1664146,0.042589873,0.07701584,0.0,0.27013338,0.0293767,0.07280905,0.0527369,0.21476388,0.009267649,0.15014568,0.0,0.0,0.273713,0.0,0.30252284,0.0,0.10952556,0.0,0.038142607,0.025938042,0.006834192
-0.7590498,1.3659332,0.86988515,0.0,0.19408849,0.0,0.33696496,0.79061306,0.0,0.0062972903,0.61632186,0.48120725,0.0,0.38451675,0.08804539,0.0,0.0,0.8246639,0.0,0.44004226,0.45040965,0.0,0.3475135,0.0,0.91696763,0.0,0.0,0.79558104,0.0,0.0,0.0,0.0,0.0,0.0,1.1729566,0.50329274,0.0,0.41123724,0.0,0.0,0.150829,0.0,0.17474015,0.23587744,0.032251004,0.0,0.0,0.0,0.16114517,0.0,0.23381208,0.0,0.27858445,0.12069562,0.05826159,0.1669817,0.0,0.0,0.33827862,0.0,0.0,0.17562485,0.0,0.47124714,0.0,0.08053328,0.0,0.39539185,0.16682851,-0.092340775
-0.71437365,0.37053442,-1.0402457,0.0,0.0,0.0,0.27198133,0.19213775,0.18729722,0.49932712,0.0,0.52616733,0.7303639,0.38380107,0.6843066,0.0,0.81157357,0.28333664,0.0,0.0,0.0,0.0,0.0,0.0,0.41889685,0.0,0.0,0.7249299,0.803287,0.0,0.23752454,0.13551582,0.0,0.0,0.08244419,0.0,0.0,0.0,0.20720102,0.33689386,0.4853679,0.0,0.057273604,0.0,0.17205292,0.5572182,0.60271037,0.10938123,0.2481571,0.18256733,0.0,0.0,0.2970384,0.0,0.0,0.045924462,0.36572132,0.2166205,0.0,0.0,0.09833435,0.38671717,0.0,0.0059114397,0.0,0.32673782,0.0,-0.376565,-0.21842118,0.12750971
-1.0838959,0.47214004,-0.095208704,0.0,0.0,0.0,0.45365894,0.36376715,0.0,0.11138022,0.25518674,0.47195202,0.46053526,0.71657586,0.26276356,0.0,0.42927673,0.39224988,0.0,0.0,0.0,0.0,0.0,0.0,0.2764277,0.0,0.0,0.80854475,0.30428177,0.0,0.3097599,0.0070462525,0.0,0.0,0.47568786,0.172442,0.0,0.17347199,0.11949037,0.16387562,0.27620858,0.0,0.19352804,0.050547462,0.119638324,0.30989075,0.22232269,0.0,0.14030649,0.0906817,0.0,0.0,0.20512599,0.024048328,0.061939258,0.09803342,0.21161622,0.055089124,0.07035051,0.0,0.0,0.2323992,0.0,0.22132525,0.0,0.09482235,0.0,-0.023729801,-0.014087573,0.022038015
-0.26743245,0.922906,0.13365866,0.0,0.0,0.0,0.06998036,0.42016685,0.08608011,0.030773938,0.301385,0.4723066,0.0,0.16041611,0.44115442,0.0,0.0,0.6947308,0.0,0.06998949,0.24565448,0.0,0.04677601,0.0,0.91038907,0.0,0.0,0.6102005,0.25671414,0.0,0.0020954907,0.089726865,0.0,0.0,0.76137054,0.22124393,0.0,0.15712139,0.13440935,0.042301923,0.3442529,0.0,0.13637243,0.06291556,0.0,0.17875439,0.14621247,0.0,0.16517611,0.037098706,0.19539377,0.0,0.29863423,0.028946392,0.116771676,0.0,0.18161793,0.019406943,0.17932066,0.0,0.0,0.26715335,0.0,0.31432888,0.0,0.16290557,0.0,0.08687624,0.05631514,0.010987936
-0.18559022,1.5555032,0.5879047,0.0,0.17462245,0.0,0.06421799,0.7480305,0.15856439,0.1300968,0.46342015,0.50451386,0.0,0.0,0.35739744,0.0,0.0,0.93380046,0.0,0.3507359,0.65287596,0.0,0.40392834,0.0,1.3024185,0.0,0.0,0.65917695,0.078415796,0.0,0.0,0.0,0.0,0.0,1.153637,0.36178407,0.0,0.31577653,0.03492374,0.0,0.333153,0.0,0.11177842,0.17545266,0.0,0.0,0.0,0.0,0.21301968,0.0,0.29635352,0.0,0.32265988,0.059156276,0.012441285,0.09884871,0.021809489,0.0,0.245326,0.0,0.0,0.24117279,0.0,0.4633348,0.0,0.22656883,0.01640657,0.2776818,0.12860113,-0.05334474
1.1500691,0.11447735,-0.39039275,0.0,0.0,0.0,0.0,0.0,0.28352526,0.0,0.062119633,0.36458623,0.00057038665,0.0,0.939944,0.0,0.0,0.6955637,0.0,0.0,0.31938076,0.0,0.16786486,0.17782348,1.1134195,0.25410452,0.46642897,0.066770226,0.5153089,0.0,0.28811797,0.59273374,0.0387567,0.0,0.37227347,0.0831815,0.0,0.0,0.26413676,0.08565602,0.4422322,0.0,0.04830327,0.0,0.0,0.19328982,0.39329743,0.0,0.16751115,0.30174932,0.25900394,0.0,0.27376664,0.0,0.15441881,0.0,0.24401367,0.15314877,0.055985656,0.0,0.0,0.2533787,0.0,0.10237089,0.0,0.30067566,0.0,-0.14420408,-0.070321694,0.058198445
0.2552543,0.10239948,0.42394534,0.0,0.0,0.0,0.0,0.0,0.0,0.0,0.44861555,0.32949874,0.0,0.26201236,0.41256505,0.0,0.0,0.65373266,0.0,0.043017164,0.22426198,0.0,0.32763347,0.031525664,0.6653011,0.0,0.5697393,0.30441582,0.053762287,0.0,0.45851213,0.37339142,0.0,0.0,0.64519995,0.32223967,0.0,0.32520637,0.05595297,0.042479113,0.16106364,0.0,0.2007876,0.0,0.0,0.087941624,0.0,0.0,0.026097462,0.10355511,0.21036834,0.0,0.1491273,0.0,0.20757991,0.11937877,0.13767548,0.030748086,0.09429063,0.0,0.0,0.049650922,0.0,0.3471672,0.0,0.09771671,0.0,0.22343853,0.13038297,-0.056917816
1.1056833,-0.29164523,-0.4534984,0.0,0.0,0.0,0.0,0.0,0.16796887,0.0,0.056735486,0.3239513,0.16574493,0.0,0.9160927,0.021796346,0.0074375644,0.58171445,0.0,0.0,0.13079187,0.0,0.07641883,0.3690691,0.8581897,0.48991928,0.65202147,0.02112776,0.51081026,0.0,0.5192606,0.6701584,0.20490226,0.0,0.21334271,0.050716348,0.026933193,0.012992069,0.33259714,0.13608211,0.43183213,0.0,0.061639965,0.0,0.0,0.21815419,0.47879118,0.0,0.14115499,0.3711826,0.17355025,0.0,0.21566793,0.0,0.12375232,0.0,0.2943946,0.1599529,0.00037911907,0.0,0.0,0.30822772,0.0,0.075704984,0.0,0.23558581,0.0,-0.22174823,-0.11522402,0.073305316
-0.4538227,0.008704633,-1.1176263,0.0,0.0,0.0,0.11898617,0.0,0.1515204,0.25243264,0.0,0.47961414,0.79370636,0.37386307,0.7515735,0.0,0.8157936,0.23692974,0.0,0.0,0.0,0.0,0.0,0.0,0.33134472,0.168402,0.0,0.59110713,0.82219374,0.0,0.41481414,0.27255404,0.061333537,0.0,0.0,0.0,0.0,0.0,0.18603794,0.3156549,0.4728551,0.027662568,0.0,0.0,0.098629385,0.5239194,0.5890141,0.048466325,0.23227815,0.21399501,0.0,0.0,0.26668346,0.0,0.0,0.0,0.36281267,0.30469164,0.0,0.0,0.047593214,0.38715762,0.0,0.0,0.0,0.33132008,0.0,-0.38069877,-0.19534235,0.11927844
0.3397598,-0.7842668,-0.026260495,0.0,0.0,0.0,0.0,0.0,0.0,0.0,0.2948323,0.26026228,0.396699,0.4763175,0.5186742,0.0,0.10121189,0.38855493,0.0,0.0,0.0,0.0,0.0083686765,0.4606786,0.20222098,0.5191252,0.88785917,0.1637132,0.2142074,0.0,0.9147147,0.59113336,0.04318911,0.14341685,0.18250516,0.21146551,0.0,0.28866765,0.26851135,0.18030016,0.26539108,0.0,0.1809304,0.0,0.0,0.17856655,0.251632,0.0,0.04093145,0.36625347,0.06436967,0.0,0.0,0.0,0.2100695,0.08467198,0.2821243,0.15230194,0.0,0.0,0.0,0.16588,0.0,0.14988947,0.0,0.054394744,0.0,-0.050791726,-0.045399547,0.0050811265
0.072759114,1.0308179,-0.02087502,0.0,0.0,0.0,0.0,0.39298797,0.23611277,0.0940119,0.21642496,0.48450235,0.0,0.0,0.59610975,0.0,0.0,0.76053524,0.0,0.0212989,0.36794603,0.0,0.08733894,0.0,1.1359905,0.0,0.0,0.5279299,0.36032018,0.0,0.0,0.14736986,0.0,0.0,0.7536,0.14020035,0.0,0.091291204,0.17406835,0.04071544,0.44071203,0.0,0.09261039,0.024467457,0.0,0.19436073,0.2351376,0.0,0.21140848,0.08645125,0.22302185,0.0,0.34224242,0.0,0.10276636,0.0,0.20103516,0.06736006,0.13094978,0.0,0.0,0.3031212,0.0,0.28794104,0.0,0.25564826,0.018444415,-0.0052670687,0.0092039555,0.03675746
-0.16888992,-0.7033288,-1.1144712,0.0,0.0,0.0,0.0,0.0,0.0,0.0,0.0,0.38388953,0.9302712,0.5024322,0.7680684,0.0,0.8176135,0.1270386,0.0,0.0,0.0,0.0,0.0,0.12815973,0.048430473,0.6265508,0.18655539,0.3913778,0.7692535,0.0,0.7999161,0.48704806,0.37807968,0.0,0.0,0.0,0.0,0.0,0.20158711,0.23780264,0.44635665,0.20301369,0.0,0.0,0.063611224,0.40252787,0.54334784,0.06583184,0.17918678,0.2791974,0.0,0.0,0.13090387,0.0,0.0,0.0,0.33991292,0.3090872,0.0,0.0,0.0,0.44841608,0.0,0.0,0.0,0.29901403,0.0,-0.36674213,-0.15366085,0.11695247
1.8329337,-0.9715641,-1.421204,0.0,0.0,0.0,0.0,0.0,0.40305606,0.0,0.0,0.29746523,0.51727134,0.0,1.3939916,0.6730287,0.36330828,0.40398932,0.0,0.0,0.0,0.0,0.0,0.8085668,0.8302572,1.242404,0.8155235,0.0,0.9849844,0.0,0.7460532,1.0018964,1.0190288,0.0,0.0,0.0,0.2798187,0.0,0.42313334,0.2103565,0.5010332,0.060198136,0.0,0.0,0.0,0.2733483,0.88754153,0.22499962,0.20804541,0.5159566,0.0,0.10445122,0.29285863,0.0,0.0,0.0,0.3886152,0.34848514,0.0,0.0,0.0,0.75222003,0.0,0.0,0.0,0.14785665,0.0,-0.42272693,-0.3211891,0.15994461
-0.74151415,1.0062699,0.6107901,0.0,0.06032422,0.0,0.3080872,0.58948696,0.0,0.0,0.521452,0.46036988,0.0,0.4655999,0.15327606,0.0,0.0,0.7011013,0.0,0.27910185,0.24291213,0.0,0.1668677,0.0,0.72381574,0.0,0.0,0.7476597,0.0,0.0,0.045445144,0.0,0.0,0.0,0.95335793,0.43343955,0.0,0.32904446,0.022508292,0.0,0.17616083,0.0,0.1951457,0.16562626,0.0,0.041360706,0.0,0.0,0.11623116,0.0,0.17603862,0.0,0.23845005,0.11595985,0.10534434,0.10473575,0.06679173,0.0,0.2714752,0.0,0.0,0.16332625,0.0,0.41134924,0.0,0.06035789,0.0,0.3276082,0.14272222,-0.07035488
0.21530649,-0.50697917,-0.99302447,0.0,0.0,0.0,0.0,0.0,0.08805885,0.0,0.0,0.38101786,0.705872,0.24945797,0.84589314,0.0,0.60388166,0.26798838,0.0,0.0,0.0,0.0,0.0,0.15278715,0.33712083,0.5625594,0.2506144,0.29490694,0.738307,0.0,0.6656436,0.52893835,0.33304933,0.0,0.0,0.0,0.0,0.0,0.24238145,0.23144224,0.45864183,0.061764948,0.0,0.0,0.0,0.38894707,0.578967,0.04091978,0.20021023,0.30064282,0.0,0.0,0.19053042,0.0,0.0,0.0,0.32762933,0.29313987,0.0,0.0,0.0,0.42749932,0.0,0.0,0.0,0.30579218,0.0,-0.35661766,-0.1738516,0.10039865
0.4045921,0.9990215,1.2657877,0.0,0.070657104,0.0,0.0,0.34637728,0.0,0.0,0.76277363,0.35678935,0.0,0.0,0.23369248,0.0,0.0,1.0320479,0.0,0.5185285,0.8745201,0.0,0.9626819,0.0,1.2300563,0.0,0.49774563,0.35327986,0.0,0.0,0.016649872,0.19627674,0.0,0.0,1.2832265,0.64759237,0.0,0.43231514,0.0,0.0,0.085839555,0.0,0.050081432,0.2542539,0.0,0.0,0.0,0.0,0.025625378,0.0,0.4465897,0.0,0.23526421,0.0,0.043954402,0.30655864,0.0,0.0,0.38561913,0.0,0.0,0.0,0.0,0.5647825,0.0,0.18331349,0.0,0.4339879,0.2548095,-0.14596166
-0.92895675,1.7753286,1.5256065,0.0,0.40191182,0.0,0.4411801,1.0668505,0.0,0.0,0.8861107,0.48001605,0.0,0.43893427,0.0,0.0,0.0,0.9961191,0.0,0.76788414,0.739897,0.0,0.7125621,0.0,1.0557163,0.0,0.0,0.87883866,0.0,0.0,0.0,0.0,0.0,0.0,1.5600398,0.6911902,0.0,0.58054173,0.0,0.0,0.04279626,0.0,0.1236598,0.36268428,0.14879325,0.0,0.0,0.0,0.19028534,0.0,0.32561707,0.0,0.30549034,0.15304986,0.0,0.27790755,0.0,0.0,0.47292754,0.0,0.0,0.14322977,0.0,0.56994665,0.0,0.09885804,0.0,0.49400383,0.22827017,-0.13434307
-0.01945954,0.79160976,-0.66047746,0.0,0.0,0.0,0.0,0.26630512,0.34100467,0.34578037,0.0,0.51499057,0.24426928,0.0,0.7746463,0.0,0.3333716,0.5803015,0.0,0.0,0.047935024,0.0,0.0,0.0,0.97434807,0.0,0.0,0.5524781,0.6695313,0.0,0.0,0.19331205,0.0,0.0,0.41245863,0.0,0.0,0.0,0.22587843,0.20166847,0.5163391,0.0,0.047241844,0.0,0.0,0.43337613,0.5301607,0.010946304,0.2821675,0.14794339,0.13256437,0.0,0.39066866,0.0,0.0,0.0,0.34274784,0.18146329,0.018367343,0.0,0.0,0.4216323,0.0,0.11726641,0.0,0.3586328,0.0,-0.2916298,-0.12164535,0.08343422
0.68330365,1.133884,0.33355722,0.0,0.0,0.0,0.0,0.31951845,0.28186455,0.0,0.34202278,0.44145036,0.0,0.0,0.6459494,0.0,0.0,0.9626806,0.03725511,0.16839822,0.7462446,0.0,0.5246187,0.0,1.4678073,0.0,0.08098024,0.33409166,0.2085103,0.0,0.0,0.25402126,0.0,0.0,0.9659909,0.35179454,0.0,0.14753105,0.061798938,0.0,0.37717897,0.0,0.015813679,0.14409924,0.0,0.0033494234,0.055002302,0.0,0.14678298,0.024047107,0.3537711,0.0,0.32746014,0.044932634,0.08537428,0.059766427,0.063082606,0.008541532,0.24435326,0.0,0.0,0.13136256,0.0,0.35804588,0.0,0.32781032,0.061380044,0.21293195,0.11553624,-0.02954802
0.5741825,-0.8358032,0.8042264,0.051239252,0.0,0.005352229,0.0,0.0,0.0,0.0,0.6482737,0.17335396,0.033232242,0.53242916,0.28763163,0.0,0.0,0.5605229,0.0,0.03557132,0.10891466,0.0,0.5776755,0.6645168,0.2542484,0.40118462,1.3697925,0.039833426,0.0,0.3143476,1.0099851,0.633808,0.0,0.47284076,0.5155566,0.5767367,0.0,0.650035,0.014991567,0.027311176,0.0,0.0,0.20753741,0.0,0.0,0.0,0.0,0.0,0.0,0.33125114,0.32566857,0.0,0.0,0.0,0.36030564,0.26096183,0.12390347,0.0,0.0,0.0,0.0,0.0,0.0,0.34003985,0.0,0.054810993,0.0,0.37754786,0.18780214,-0.10388809
0.008828286,0.1380839,-0.99117345,0.0,0.0,0.0,0.0,0.0,0.24606493,0.13166273,0.0,0.4652403,0.5646258,0.10699873,0.8432687,0.0,0.58305407,0.3784054,0.0,0.0,0.0,0.0,0.0,0.0,0.6172284,0.15654075,0.0,0.45939013,0.7858529,0.0,0.3126994,0.3461225,0.054671347,0.0,0.06988689,0.0,0.0,0.0,0.20346697,0.2691224,0.48295128,0.0,0.0,0.0,0.0,0.47997317,0.5870426,0.0,0.2642631,0.21616825,0.011728883,0.0,0.32540372,0.0,0.0,0.0,0.34054926,0.31484452,0.0,0.0,0.012086555,0.3916227,0.0,0.0,0.0,0.35440153,0.0,-0.35478354,-0.17391492,0.09941072
1.8955834,-1.4193583,-2.313748,0.0,0.0,0.0,0.0,0.0,0.55269456,0.0,0.0,0.3188213,0.97064483,0.0,1.6853445,1.0372436,0.86453944,0.16323316,0.0,0.0,0.0,0.0,0.0,0.9438505,0.626992,1.715656,0.677588,0.0,1.4140309,0.0,0.90559834,1.1331465,1.5796899,0.0,0.0,0.0,0.3762552,0.0,0.426487,0.2514507,0.5812523,0.3195197,0.0,0.0,0.0,0.3316673,1.1478451,0.43853885,0.30740255,0.5073622,0.0,0.18680337,0.35636663,0.0,0.0,0.0,0.4312174,0.5019065,0.0,0.0,0.0,1.0309218,0.0,0.0,0.0,0.15404797,0.0,-0.5151256,-0.41375184,0.20292105
-0.9338215,-0.6312134,-0.5449101,0.0,0.0,0.0,0.31297338,0.0,0.0,0.0,0.11000691,0.3744808,0.9298437,0.9809222,0.36833614,0.0,0.76151603,0.08942923,0.0,0.0,0.0,0.0,0.0,0.0,0.0,0.30324015,0.17054784,0.61372244,0.4480176,0.0,0.88497317,0.28531772,0.0,0.0,0.0,0.0,0.0,0.07214524,0.14547473,0.24206488,0.32828856,0.15260035,0.087754205,0.0,0.11795233,0.37836772,0.34247506,0.0,0.13224648,0.25915954,0.0,0.0,0.06213809,0.0,0.017393492,0.10551959,0.28765902,0.3011215,0.0,0.0,0.0,0.24515712,0.0,0.0,0.0,0.19669779,0.0,-0.26219693,-0.10618886,0.061513297
-0.9889559,0.6563233,0.2448233,0.0,0.0,0.0,0.41401732,0.45036232,0.0,0.0,0.38968232,0.46060005,0.24723348,0.6604513,0.18501878,0.0,0.197981,0.5103174,0.0,0.08169182,0.0,0.0,0.0,0.0,0.416878,0.0,0.0,0.7898917,0.14672147,0.0,0.23068643,0.0,0.0,0.0,0.6781072,0.28530607,0.0,0.25315484,0.09012589,0.08203649,0.21598084,0.0,0.21482447,0.08536361,0.041831587,0.20886005,0.10237521,0.0,0.1339776,0.030651972,0.020354189,0.0,0.21506459,0.06597835,0.11545295,0.07947274,0.1623968,0.0009166226,0.16140628,0.0,0.0,0.19999099,0.0,0.31317186,0.0,0.05061172,0.0,0.140831,0.06437207,-0.015452779
0.1490778,-1.0396339,-0.08226724,0.0,0.0,0.008740902,0.0,0.0,0.0,0.0,0.2904343,0.2427131,0.5563378,0.66394883,0.46537694,0.0,0.22633404,0.2824932,0.0,0.0,0.0,0.0,0.0,0.5316011,0.0,0.6392668,0.94676465,0.18695869,0.21346259,0.0,1.0727043,0.60360456,0.12127471,0.235282,0.06641042,0.22205396,0.0,0.30319065,0.24805167,0.19363824,0.24618798,0.09984987,0.14825237,0.0,0.0,0.18051559,0.27399468,0.0,0.00597097,0.40631923,0.0,0.0,0.0,0.0,0.19606102,0.09347658,0.29634774,0.1686731,0.0,0.0,0.0,0.17283767,0.0,0.105903134,0.0,0.05581194,0.0,-0.07034135,-0.028503597,0.02388492
-0.06675503,1.1686934,0.11612804,0.0,0.0,0.0,0.0,0.501885,0.20836678,0.13640153,0.27404892,0.4946379,0.0,0.0,0.52204293,0.0,0.0,0.7882677,0.0,0.09991692,0.40866005,0.0,0.13136093,0.0,1.1472461,0.0,0.0,0.5860805,0.29539967,0.0,0.0,0.0833852,0.0,0.0,0.845225,0.18804665,0.0,0.14755282,0.1513389,0.010565162,0.42662698,0.0,0.10635958,0.053880457,0.0,0.16248812,0.16410367,0.0,0.21032397,0.044696353,0.23005328,0.0,0.3285118,0.0,0.08363367,0.0,0.16498052,0.02924102,0.15393251,0.0,0.0,0.2982924,0.0,0.3336107,0.0,0.25146276,0.003293626,0.058543183,0.04622057,0.026601901
0.6020877,0.052720174,-1.6752911,0.0,0.0,0.0,0.0,0.0,0.5509923,0.31650144,0.0,0.4898876,0.66417754,0.0,1.2355043,0.10115296,0.7557895,0.36036354,0.0,0.0,0.0,0.0,0.0,0.0,0.86454386,0.48030603,0.0,0.2947399,1.1589335,0.0,0.23849875,0.5149165,0.50233686,0.0,0.0,0.0,0.0,0.0,0.23580724,0.2711612,0.60273314,0.0,0.0,0.0,0.0,0.5238322,0.95494026,0.20767151,0.3541991,0.26156926,0.0,0.0,0.38969713,0.0,0.0,0.0,0.44283175,0.39489672,0.0,0.0,0.0,0.5937474,0.0,0.0,0.0,0.5176145,0.0,-0.47459018,-0.27315152,0.13975753
0.8794981,-0.08836805,-0.81295115,0.0,0.0,0.0,0.0,0.0,0.2965504,0.0,0.0,0.38794827,0.30403087,0.0,0.9974811,0.0,0.23917621,0.5251424,0.0,0.0,0.01167598,0.0,0.0,0.15004215,0.8832966,0.41407555,0.3031793,0.14189234,0.7073617,0.0,0.38484013,0.58538306,0.239212,0.0,0.12015414,0.0,0.0,0.0,0.28321445,0.17826188,0.486274,0.0,0.0,0.0,0.0,0.34831387,0.62917525,0.0,0.24128433,0.3158194,0.12645623,0.0,0.29867446,0.0,0.03379778,0.0,0.33260685,0.26866388,0.031723216,0.0,0.0,0.3985695,0.0,0.0,0.0,0.3497424,0.0,-0.32408002,-0.1561222,0.09855462
-1.4198413,-0.08453406,-0.9455991,0.0,0.0,0.0,0.5961378,0.119627446,0.0,0.3585294,0.0,0.49301863,1.054395,0.94546056,0.42254964,0.0,1.0525854,0.055361748,0.0,0.0,0.0,0.072037935,0.0,0.0,0.0,0.0,0.0,0.871277,0.6859904,0.0,0.5714873,0.07055336,0.0,0.0,0.0,0.0,0.0,0.0,0.15107942,0.33201343,0.4088801,0.23714337,0.103785425,0.0,0.33330786,0.55736184,0.49599814,0.034818143,0.17711572,0.20742482,0.0,0.0,0.19777873,0.0,0.0,0.15775494,0.33366972,0.2063433,0.0,0.0,0.071461715,0.29176944,0.0,0.0,0.0,0.23730758,0.0,-0.35238183,-0.15434079,0.13356562
0.084704384,-0.74023885,0.78507733,0.0,0.0,0.0006137192,0.0,0.0,0.0,0.0,0.65342146,0.20610493,0.15968625,0.74641335,0.16997474,0.0,0.0,0.48411998,0.0,0.051140577,0.0,0.0,0.40038663,0.47012106,0.08356926,0.25552404,1.1560163,0.20929016,0.0,0.3025451,0.99612004,0.5039613,0.0,0.45013407,0.50985146,0.51690584,0.0,0.6176897,0.0,0.033738628,0.0,0.0,0.20609257,0.0,0.0,0.0,0.0,0.0,0.0,0.26652306,0.2207233,0.0,0.0,0.0,0.34480733,0.22837387,0.17592664,0.0,0.0,0.0,0.0,0.0,0.0,0.338923,0.0,0.06473791,0.0,0.34470075,0.19303545,-0.09067675
0.56622374,0.25093588,-0.08789512,0.0,0.0,0.0,0.0,0.0,0.11438318,0.0,0.20800444,0.37835553,0.023602799,0.0,0.68782914,0.0,0.0,0.66382766,0.0,0.0,0.24166788,0.0,0.15061112,0.0,0.91249055,0.0,0.34787434,0.25580114,0.34629878,0.0,0.29243755,0.4248936,0.0,0.0,0.50428694,0.11236694,0.0,0.11479373,0.16302374,0.099005,0.34980083,0.0,0.12265168,0.0,0.0,0.21184763,0.22766916,0.0,0.14835028,0.16160691,0.19982705,0.0,0.277294,0.0,0.17614374,0.0047556385,0.2061871,0.12523113,0.07449245,0.0,0.0,0.17870294,0.0,0.23186299,0.0,0.21701328,0.0,-0.018906832,0.002064526,0.022575075
-0.42165196,0.51330775,0.26837048,0.0,0.0,0.0,0.119856335,0.24644631,0.0,0.0,0.38591352,0.4187246,0.110354066,0.4252159,0.31821772,0.0,0.021155283,0.5915731,0.0,0.058937505,0.074513264,0.0,0.032534868,0.0,0.5958534,0.0,0.058309734,0.5884353,0.14430332,0.0,0.26546526,0.13817942,0.0,0.0,0.67487776,0.2589415,0.0,0.2353338,0.08603397,0.058436975,0.26218218,0.0,0.18000765,0.039116923,0.0,0.17448626,0.09878749,0.0,0.10226324,0.04302779,0.114629835,0.0,0.22714141,0.0106126,0.14922403,0.03811734,0.20430431,0.04322613,0.14287055,0.0,0.0,0.18848544,0.0,0.30304044,0.0,0.10285117,0.0,0.12575811,0.080068246,-0.0063530635
-0.22394705,0.6127226,0.66691405,0.0,0.0,0.0,0.0225899,0.26730615,0.0,0.0,0.54615474,0.38819194,0.0,0.35964188,0.24073875,0.0,0.0,0.7196667,0.0,0.22924401,0.30843073,0.0,0.34791675,0.0,0.73268163,0.0,0.24615741,0.52142525,0.0,0.0,0.23221022,0.15159713,0.0,0.0,0.87969375,0.42335808,0.0,0.34106606,0.0,0.0,0.15574023,0.0,0.15737483,0.11879876,0.0,0.017297015,0.0,0.0,0.037995473,0.0,0.23398459,0.0,0.18310317,0.016842768,0.13622804,0.12512101,0.08260961,0.0,0.21824655,0.0,0.0,0.086952,0.0,0.39468253,0.0,0.11247797,0.0,0.31671062,0.18047446,-0.06569721
-1.0233278,1.8872553,2.8500981,0.0,0.60837555,0.0,0.4812473,1.1943717,0.0,0.0,1.4575176,0.38326946,0.0,0.6967654,0.0,0.0,0.0,1.2242861,0.0,1.3100061,1.1504476,0.0,1.471424,0.0,1.0346816,0.0,0.28311485,0.85832036,0.0,0.51045513,0.0,0.0,0.0,0.22649002,2.1262314,1.0806811,0.0,0.8803685,0.0,0.0,0.0,0.0,0.0,0.46871877,0.3631497,0.0,0.0,0.0,0.004969403,0.0,0.57253975,0.0,0.19459915,0.15507007,0.0,0.51009774,0.0,0.0,0.6447923,0.0,0.0,0.0,0.0,0.7319982,0.0,0.26787552,0.0,0.64451694,0.35214257,-0.1592205
1.6101389,-1.708132,-2.6400595,0.0,0.0,0.0,0.0,0.0,0.5062684,0.0,0.0,0.3243945,1.2700644,0.0,1.6980668,1.1029044,1.164574,0.0,0.0,0.0,0.0,0.035864443,0.0,0.9693185,0.33680803,1.8989627,0.60212755,0.0,1.5477036,0.0,1.0630932,1.1381776,1.7669547,0.0,0.0,0.0,0.37078333,0.0,0.41685662,0.2802107,0.6168094,0.52398914,0.0,0.0,0.0,0.36729681,1.1970221,0.52960664,0.3418076,0.48079324,0.0,0.21443784,0.35004228,0.0,0.0,0.0,0.42975247,0.54432386,0.0,0.0,0.0,1.103484,0.0,0.0,0.0,0.14951675,0.0,-0.54736465,-0.42747533,0.21371605
-0.100743264,-0.26247126,-1.8601762,0.0,0.0,0.0,0.0,0.0,0.36829448,0.42330456,0.0,0.49712336,1.0469598,0.15397772,1.0837836,0.0034461021,1.1215905,0.11898175,0.0,0.0,0.0,0.049592495,0.0,0.0,0.36087313,0.56379676,0.0,0.47612375,1.1999493,0.0,0.46267366,0.4280452,0.55260766,0.0,0.0,0.0,0.0,0.0,0.21207683,0.32834077,0.60502493,0.14341205,0.0,0.0,0.12591887,0.5961093,0.91882503,0.30143064,0.33090717,0.22719109,0.0,0.0,0.31571296,0.0,0.0,0.0,0.46595204,0.37739,0.0,0.0,0.012552276,0.6061299,0.0,0.0,0.0,0.4963438,0.0,-0.51156,-0.28131294,0.16420425
1.1195558,0.43746346,1.1460508,0.020231694,0.0,0.0,0.0,0.0,0.0,0.0,0.71237916,0.27191567,0.0,0.0,0.4219285,0.0,0.0,1.0206792,0.012912691,0.36892873,0.89808637,0.0,1.0946164,0.2015791,1.2381935,0.0,0.9794565,0.048038274,0.0,0.0,0.2644684,0.47883534,0.0,0.058485538,1.0959142,0.69771725,0.0,0.46733174,0.0,0.0,0.053859144,0.0,0.08267915,0.06343377,0.0,0.0,0.0,0.0,0.0,0.0,0.4733593,0.0,0.16633837,0.0,0.14480041,0.36072525,0.0,0.0,0.28115183,0.0,0.0,0.0,0.0,0.5289884,0.0,0.1716018,0.0,0.44498235,0.23854534,-0.15827724
-1.2526964,0.24281357,-0.7399145,0.0,0.0,0.0,0.53082657,0.25962085,0.0,0.39302963,0.0,0.5071479,0.8236897,0.7706464,0.423205,0.0,0.84805095,0.1985296,0.0,0.0,0.0,0.0,0.0,0.0,0.08519444,0.0,0.0,0.8589288,0.6139959,0.0,0.38968304,0.03379768,0.0,0.0,0.13116866,0.0,0.0,0.023062289,0.16727853,0.30455893,0.3983277,0.12191529,0.14437073,0.0,0.2846273,0.50025505,0.441571,0.027763292,0.17494328,0.16556421,0.0,0.0,0.20957014,0.0,0.0,0.13501203,0.2945928,0.130542,0.0,0.0,0.060673885,0.31051075,0.0,0.041396603,0.0,0.21190993,0.0,-0.29464236,-0.1400889,0.11272844
-0.3298645,-0.29403767,0.45488375,0.0,0.0,0.0,0.020343937,0.0,0.0,0.0,0.5035875,0.30385125,0.26797518,0.7261728,0.21049127,0.0,0.0036498755,0.45230162,0.0,0.0,0.0,0.0,0.09930588,0.07327421,0.16194496,0.0,0.6258361,0.4252814,0.0,0.0,0.7415003,0.32472682,0.0,0.16097221,0.49567556,0.3229012,0.0,0.41037282,0.016519824,0.08660134,0.11228624,0.0,0.21628168,0.0,0.0,0.13146412,0.0,0.0,0.0,0.14857966,0.051698443,0.0,0.01619322,0.0,0.26786256,0.12216779,0.22773719,0.077561945,0.0,0.0,0.0,0.03943095,0.0,0.3306237,0.0,0.04872412,0.0,0.18872839,0.11796516,-0.046591226
-1.6949534,0.51491845,0.6149873,0.0,0.0,0.0,0.7554067,0.5516447,0.0,0.0,0.58329177,0.44076848,0.37018758,1.1531506,0.0,0.0,0.25456375,0.40123212,0.0,0.21566765,0.0,0.0,0.0,0.0,0.0,0.0,0.0,0.9708712,0.0,0.0,0.4127522,0.0,0.0,0.0,0.74082303,0.442368,0.0,0.38277772,0.016193729,0.045672618,0.08075034,0.0,0.26267987,0.11881101,0.17768206,0.1319493,0.0,0.0,0.095404625,0.0,0.0,0.0,0.122334875,0.114641115,0.14442205,0.13914727,0.08059118,0.0,0.17858595,0.0,0.0,0.09756021,0.0,0.33717155,0.0,0.0,0.0,0.2915683,0.11261999,-0.044872448
0.38502473,-0.62520176,-0.84648716,0.0,0.0,0.0,0.0,0.0,0.040323578,0.0,0.0,0.34762,0.6369811,0.23490515,0.8307165,0.0,0.4890405,0.29793057,0.0,0.0,0.0,0.0,0.0,0.28303722,0.34222665,0.62869304,0.43665165,0.2158693,0.6581389,0.0,0.7339629,0.5884093,0.3478658,0.0,0.0,0.0,0.0,0.0,0.28571394,0.22171658,0.4412912,0.075342916,0.0,0.0,0.0,0.34583253,0.5534213,0.04225882,0.15975522,0.3467265,0.0,0.0,0.1557364,0.0,0.0,0.0,0.32913148,0.25242385,0.0,0.0,0.0,0.40631837,0.0,0.0,0.0,0.26051205,0.0,-0.35090333,-0.16632496,0.09601059
0.5475394,-0.3420708,0.3344409,0.0,0.0,0.0,0.0,0.0,0.0,0.0,0.42118955,0.27296245,0.05981201,0.2653138,0.48574838,0.0,0.0,0.59223175,0.0,0.0,0.14082022,0.0,0.33734924,0.33696944,0.5446944,0.22575481,0.8688521,0.14846756,0.07299164,0.0,0.6793181,0.53533906,0.0,0.09178817,0.48300886,0.3484345,0.0,0.37180355,0.1558356,0.08298252,0.15646516,0.0,0.22581127,0.0,0.0,0.07892062,0.054789484,0.0,0.0,0.24581355,0.23261742,0.0,0.06964329,0.0,0.24576178,0.14146207,0.16269636,0.031732365,0.038548466,0.0,0.0,0.04404179,0.0,0.29871735,0.0,0.049816422,0.0,0.18428358,0.09005089,-0.060248397
-0.059526168,-0.0140087,-0.13027161,0.0,0.0,0.0,0.0,0.0,0.0,0.0,0.22617507,0.37614667,0.31410426,0.36546436,0.5113575,0.0,0.18075046,0.47292173,0.0,0.0,0.0,0.0,0.0,0.0,0.46927363,0.029039558,0.2839267,0.413491,0.32038802,0.0,0.49569714,0.3411512,0.0,0.0,0.36507556,0.068247944,0.0,0.15188858,0.13477801,0.15717672,0.30786413,0.0,0.14635333,0.0,0.0,0.28635156,0.22787711,0.0,0.12948404,0.15796158,0.048023414,0.0,0.19795299,0.0,0.14186415,0.0373412,0.2733702,0.18256943,0.030972874,0.0,0.0,0.21217147,0.0,0.1729614,0.0,0.17080012,0.0,-0.08234197,-0.021687396,0.02655279
0.98020536,-1.152,-0.832609,0.0,0.0,0.0,0.0,0.0,0.0,0.0,0.0,0.26022243,0.6163246,0.13221297,0.9427966,0.2908039,0.3598198,0.29353905,0.0,0.0,0.0,0.0,0.0,0.7329092,0.3107865,1.0403779,0.92302316,0.0,0.62814903,0.0,0.9862064,0.8332981,0.65615416,0.0,0.0,0.0,0.10975219,0.014101714,0.41448912,0.22480573,0.42729163,0.21921864,0.010412946,0.0,0.0,0.2480761,0.5916246,0.1404369,0.10369614,0.4728725,0.0,0.062323608,0.11195917,0.0,0.0,0.0,0.33479506,0.22571638,0.0,0.0,0.0,0.49890125,0.0,0.0,0.0,0.09504161,0.0,-0.36439663,-0.20437999,0.10757465
-2.7052484,1.2767819,0.66087186,0.0,0.26414284,0.0,1.3106017,1.1827976,0.0,0.60408396,0.60269177,0.56756204,0.42126793,1.3920338,0.0,0.0,0.4558324,0.38938868,0.0,0.37327445,0.0,0.0,0.0,0.0,0.0,0.0,0.0,1.4035848,0.0,0.0,0.067982584,0.0,0.0,0.0,0.94543934,0.49084324,0.0,0.49432632,0.08077955,0.12189562,0.067984655,0.05232308,0.38265216,0.15107824,0.44783005,0.15139109,0.06933035,0.0,0.21372859,0.0,0.0,0.0,0.18365389,0.13717027,0.0,0.23310149,0.08149505,0.0,0.19833998,0.0,0.0,0.21757345,0.0,0.3968839,0.019909896,0.0,0.0,0.26109383,0.06397673,-0.044587225
0.26381353,0.3844994,-1.3333503,0.0,0.0,0.0,0.0,0.0,0.47991785,0.41205698,0.0,0.5133278,0.5359053,0.0,1.0522994,0.0,0.6440795,0.42864123,0.0,0.0,0.0,0.0,0.0,0.0,0.89005244,0.14666295,0.0,0.4348483,0.9962096,0.0,0.11283696,0.3600622,0.16460094,0.0,0.025830775,0.0,0.0,0.0,0.2308029,0.30182463,0.5641144,0.0,0.0,0.0,0.0,0.55101585,0.82221884,0.13510023,0.31053245,0.23442504,0.05459277,0.0,0.39690354,0.0,0.0,0.0,0.44006073,0.33243537,0.0,0.0,0.02356825,0.47350305,0.0,0.0,0.0,0.4749681,0.0,-0.44125897,-0.22853325,0.12125564
-0.9420483,1.6163012,0.9182799,0.0,0.2809656,0.0,0.44424677,0.9650539,0.0,0.18087488,0.63157797,0.5139718,0.0,0.39182353,0.04256597,0.0,0.0,0.85538924,0.0,0.5026677,0.4898374,0.0,0.33428377,0.0,0.9764576,0.0,0.0,0.8892931,0.0,0.0,0.0,0.0,0.0,0.0,1.2624222,0.5078287,0.0,0.47291115,0.0,0.0,0.18004182,0.0,0.21770298,0.22759639,0.091852486,0.0,0.0,0.0,0.20783909,0.0,0.20547107,0.0,0.3021751,0.094891235,0.02023805,0.1886504,0.0,0.0,0.3223512,0.0,0.0,0.22048058,0.0,0.4971399,0.0,0.08180788,0.0,0.39699197,0.15686873,-0.082745336
1.1704781,-0.42174658,-0.6360998,0.0,0.0,0.0,0.0,0.0,0.19713348,0.0,0.0,0.32167774,0.2547715,0.0,0.98653805,0.12213695,0.09831215,0.53362644,0.0,0.0,0.05075849,0.0,0.0,0.43194398,0.8182781,0.61872023,0.6614978,0.0,0.59726095,0.0,0.569477,0.71683884,0.34431008,0.0,0.10139251,0.0,0.0729896,0.0,0.36298576,0.17161973,0.45945865,0.0,0.022104822,0.0,0.0,0.26101077,0.58069164,0.0,0.16645901,0.4057244,0.11311376,0.0,0.22597408,0.0,0.060579553,0.0,0.3251855,0.21666531,0.0,0.0,0.0,0.40016565,0.0,0.004219204,0.0,0.23156865,0.0,-0.30849755,-0.16644983,0.10471054
1.1909618,-2.9458852,0.20645946,0.37268454,0.0,0.81512606,0.0,0.0,0.0,0.0,0.47190982,0.0,0.7327153,0.91629755,0.48706737,0.5184057,0.0,0.08939493,0.0,0.0,0.0,0.0,0.24615657,1.8684412,0.0,1.8553989,2.4723444,0.0,0.0,0.7704587,2.1082163,1.2335632,0.9058082,1.0739629,0.0,0.37009934,0.17514578,0.7409402,0.28044623,0.29916966,0.0,0.41428903,0.0117979795,0.0,0.0,0.0,0.3690724,0.053921394,0.0,0.7469919,0.0,0.0,0.0,0.0,0.072394796,0.18963817,0.3808932,0.18540283,0.0,0.0,0.0,0.0,0.0,0.18340208,0.0,0.15499654,0.0,-0.032165647,0.08795652,-0.013953006
1.1148381,-0.5751763,-0.40483433,0.0,0.0,0.0,0.0,0.0,0.06673043,0.0,0.09162973,0.28599095,0.23439686,0.0,0.8779028,0.08062565,0.017473482,0.52549815,0.0,0.0,0.04264707,0.0,0.081674926,0.52638435,0.69564307,0.640868,0.83648205,0.0,0.46085644,0.0,0.68672407,0.7309036,0.28919038,0.0,0.14224389,0.072096236,0.054022722,0.07354736,0.36714903,0.16480508,0.39042974,0.0,0.091232374,0.0,0.0,0.20625214,0.47139758,0.0,0.10143335,0.41342163,0.13640285,0.0,0.16646148,0.0,0.11110128,0.0,0.29558244,0.1472085,0.0,0.0,0.0,0.32146338,0.0,0.078370266,0.0,0.15106246,0.0,-0.21209195,-0.12054466,0.070138365
0.2260444,-2.4331946,-1.153581,0.0,0.0,0.47702482,0.0,0.0,0.0,0.0,0.0,0.16740069,1.3702207,0.9605864,0.7441113,0.44707608,0.9425847,0.0,0.0,0.0,0.0,0.030459493,0.0,1.1421973,0.0,1.692161,1.2628317,0.001881659,0.6532934,0.0,1.7568525,0.942441,1.1067177,0.3877972,0.0,0.0,0.113424644,0.13453388,0.393013,0.31805608,0.41987145,0.6485594,0.0,0.0,0.0,0.22445786,0.77261764,0.27761352,0.068370804,0.57799643,0.0,0.066693164,0.0,0.0,0.0,0.0,0.44223434,0.44682997,0.0,0.0,0.0,0.5863275,0.0,0.0,0.0,0.19978572,0.0,-0.46813643,-0.19524996,0.13333467
0.66420007,-0.29668814,0.41622746,0.0,0.0,0.0,0.0,0.0,0.0,0.0,0.44999406,0.2665554,0.0,0.20257202,0.49250314,0.0,0.0,0.6391872,0.0,0.0,0.22704329,0.0,0.43163022,0.35778403,0.6226161,0.20394048,0.9168816,0.114685446,0.03890063,0.0,0.65140766,0.5499342,0.0,0.09911564,0.53755325,0.3971867,0.0,0.39819652,0.14393364,0.0638902,0.13467254,0.0,0.23194954,0.0,0.0,0.042804495,0.010189757,0.0,0.0,0.23668963,0.2723505,0.0,0.0705326,0.0,0.2543936,0.16450433,0.12637725,0.0015348233,0.054158572,0.0,0.0,0.008161512,0.0,0.32663977,0.0,0.043185703,0.0,0.24137637,0.11354478,-0.079176694
-1.1281246,0.7504936,-0.043980967,0.0,0.0,0.0,0.49302596,0.5211071,0.0,0.26357675,0.26510796,0.5021446,0.36716944,0.6413548,0.25614452,0.0,0.37968162,0.45704496,0.0,0.0,0.0,0.0,0.0,0.0,0.41648704,0.0,0.0,0.8628632,0.300249,0.0,0.1587435,0.0,0.0,0.0,0.5834605,0.19643076,0.0,0.19796714,0.15597323,0.16936001,0.30294907,0.0,0.22848165,0.06329739,0.122402996,0.305198,0.24367616,0.0,0.16514407,0.06640144,0.0,0.0,0.23915765,0.01898469,0.03816042,0.099565685,0.21870959,0.0,0.100333735,0.0,0.0,0.26815146,0.0,0.26558894,0.0,0.092326745,0.0,-0.013783976,-0.009658232,0.021834107
-0.48279345,-0.0020517337,0.8037756,0.0,0.0,0.0,0.11190476,0.010502517,0.0,0.0,0.6457569,0.31449077,0.09306991,0.7588932,0.07164186,0.0,0.0,0.5486191,0.0,0.18730985,0.02124418,0.0,0.27818075,0.0,0.24999034,0.0,0.57433486,0.50068104,0.0,0.06159067,0.6231339,0.21980993,0.0,0.18353167,0.7218453,0.44906163,0.0,0.47225466,0.0,0.0034268945,0.02336625,0.0,0.18784349,0.0,0.0,0.034249246,0.0,0.0,0.0,0.04650037,0.13589032,0.0,0.048768613,0.0,0.24505234,0.14428404,0.14824483,0.0,0.10575772,0.0,0.0,0.0,0.0,0.39057446,0.0,0.063924596,0.0,0.3253861,0.20076977,-0.07903751
0.4450141,-0.952017,0.41171938,0.0,0.0,0.013562024,0.0,0.0,0.0,0.0,0.4889353,0.19860987,0.25500256,0.5700061,0.38012746,0.0,0.0,0.44288886,0.0,0.0,0.0,0.0,0.2887762,0.63636565,0.13921899,0.532879,1.2153358,0.08241683,0.0,0.14766982,1.0474976,0.639209,0.0,0.37539932,0.31179562,0.4372158,0.0,0.5101781,0.15716013,0.108799346,0.07967624,0.0,0.21808696,0.0,0.0,0.038981944,0.0623762,0.0,0.0,0.3684332,0.19557804,0.0,0.0,0.0,0.30031496,0.18104091,0.20898442,0.035142623,0.0,0.0,0.0,0.0,0.0,0.2723712,0.0,0.010643706,0.0,0.21382512,0.09809305,-0.07758519
-0.2546262,-0.45684323,-1.7059945,0.0,0.0,0.0,0.0,0.0,0.22916737,0.25669122,0.0,0.4672162,1.0981188,0.33881122,0.9721004,0.0,1.1179467,0.069309324,0.0,0.0,0.0,0.059400678,0.0,0.0,0.171294,0.60776556,0.0,0.48653942,1.0962995,0.0,0.6041404,0.43060198,0.52545464,0.0,0.0,0.0,0.0,0.0,0.18244606,0.2946964,0.5574548,0.21336168,0.0,0.0,0.15845224,0.54630697,0.79321784,0.22955115,0.28864026,0.23111871,0.0,0.0,0.25006995,0.0,0.0,0.0,0.42420283,0.36724117,0.0,0.0,0.0,0.57218266,0.0,0.0,0.0,0.44268835,0.0,-0.46932524,-0.23380794,0.16264921
-0.891713,-0.11145223,-1.0451778,0.0,0.0,0.0,0.33037728,0.0,0.00333108,0.25617844,0.0,0.47698703,0.9385155,0.6621305,0.5978596,0.0,0.9364698,0.1355454,0.0,0.0,0.0,0.011121333,0.0,0.0,0.05593562,0.13365443,0.0,0.70634437,0.7564964,0.0,0.53009766,0.1975876,0.0,0.0,0.0,0.0,0.0,0.0,0.16920765,0.33278954,0.43468446,0.15524048,0.04948663,0.0,0.21755187,0.5289132,0.5083972,0.009050094,0.19190656,0.20472723,0.0,0.0,0.21544886,0.0,0.0,0.081326395,0.33631173,0.26365292,0.0,0.0,0.06330042,0.3242986,0.0,0.0,0.0,0.2551542,0.0,-0.35794845,-0.16691129,0.12465183
0.94184864,-0.34196383,-0.31785235,0.0,0.0,0.0,0.0,0.0,0.07729293,0.0,0.124078214,0.31301394,0.18134683,0.0,0.8202176,0.0,0.0,0.5606,0.0,0.0,0.09120479,0.0,0.09318881,0.36567703,0.74853885,0.45471683,0.6918071,0.057886004,0.4291001,0.0,0.5767542,0.6405035,0.13117045,0.0,0.24237826,0.08659515,0.0,0.088915676,0.32383123,0.14994396,0.3908106,0.0,0.11191065,0.0,0.0,0.2122294,0.4034183,0.0,0.12361014,0.34773415,0.17391336,0.0,0.19080982,0.0,0.14735752,0.0,0.27530843,0.14221643,0.008181512,0.0,0.0,0.25903946,0.0,0.124497026,0.0,0.18266717,0.0,-0.16118816,-0.08794904,0.04739503
0.2904082,0.11165735,-0.42781854,0.0,0.0,0.0,0.0,0.0,0.12053139,0.0,0.07804282,0.40232292,0.27793947,0.07797575,0.72038716,0.0,0.20417994,0.52095926,0.0,0.0,0.0,0.0,0.0,0.0,0.71432835,0.095751695,0.18514289,0.33819008,0.5005934,0.0,0.36161268,0.4008445,0.0,0.0,0.30575424,0.0,0.0,0.0147471875,0.2017987,0.1834075,0.41284287,0.0,0.082964495,0.0,0.0,0.35042465,0.3865481,0.0,0.21593384,0.18768752,0.10092235,0.0,0.29874495,0.0,0.09690033,0.0,0.2803646,0.23044401,0.04630875,0.0,0.0,0.2860542,0.0,0.11573467,0.0,0.2529602,0.0,-0.204597,-0.09712617,0.05695896
0.8002404,-0.5716652,-0.006610703,0.0,0.0,0.0,0.0,0.0,0.0,0.0,0.27558565,0.26495618,0.18163642,0.1579638,0.65403825,0.0,0.0,0.53123075,0.0,0.0,0.04628086,0.0,0.20466071,0.4855713,0.53902376,0.4845705,0.91972363,0.050985247,0.24084514,0.0,0.75379044,0.64932334,0.051752597,0.041963413,0.28596282,0.22758839,0.0,0.2569604,0.293979,0.14055821,0.26796216,0.0,0.19070992,0.0,0.0,0.1395078,0.2495575,0.0,0.044166505,0.35522425,0.19961677,0.0,0.0865986,0.0,0.19788556,0.090677604,0.2339569,0.08993537,0.0010338686,0.0,0.0,0.15537281,0.0,0.19015369,0.0,0.07630964,0.0,-0.00823234,-0.020093575,-0.012126135
0.37916768,-0.45710483,0.43586755,0.0,0.0,0.0,0.0,0.0,0.0,0.0,0.47711748,0.25752255,0.109925,0.41686416,0.39519918,0.0,0.0,0.5494478,0.0,0.0,0.064766996,0.0,0.3261867,0.36161825,0.39632413,0.23424509,0.9279244,0.17838709,0.0032784939,0.0,0.77091086,0.5192023,0.0,0.1859181,0.47709495,0.3932177,0.0,0.43757322,0.117928445,0.08185653,0.10884935,0.0,0.23364726,0.0,0.0,0.07168566,0.026560314,0.0,0.0,0.2436082,0.21301097,0.0,0.013038788,0.0,0.27031583,0.15380503,0.17143291,0.027274342,0.027121242,0.0,0.0,0.012146358,0.0,0.32312214,0.0,0.021125406,0.0,0.22402239,0.10936875,-0.07445071
-1.3175105,1.6931255,1.0054991,0.0,0.33682224,0.0,0.63667756,1.094384,0.0,0.2792979,0.67947555,0.5307559,0.0,0.5739984,0.0,0.0,0.0,0.81456804,0.0,0.5553816,0.40300083,0.0,0.2587947,0.0,0.84431696,0.0,0.0,1.0146315,0.0,0.0,0.0,0.0,0.0,0.0,1.3003958,0.5348365,0.0,0.5233078,0.0,0.0,0.14885047,0.0,0.2617284,0.21328737,0.16295066,0.0,0.0,0.0,0.23132817,0.0,0.1511054,0.0,0.29898936,0.09947103,0.011204071,0.19435054,0.0,0.0,0.32158062,0.0,0.0,0.24123812,0.0,0.50440764,0.0,0.037927736,0.0,0.4140933,0.14873046,-0.0789035
-1.0604994,-0.29886505,-1.2957927,0.0,0.0,0.0,0.40591127,0.0,0.0,0.33376855,0.0,0.4832724,1.1422184,0.7749572,0.6241357,0.0,1.1459265,0.017202735,0.0,0.0,0.0,0.09659499,0.0,0.0,0.0,0.26488075,0.0,0.74313307,0.86417556,0.0,0.62682575,0.20553799,0.12567255,0.0,0.0,0.0,0.0,0.0,0.17318599,0.34061813,0.48763233,0.2800741,0.0,0.0,0.2940578,0.5752108,0.60252225,0.086463526,0.21329601,0.2169117,0.0,0.0,0.21679115,0.0,0.0,0.06408042,0.38239905,0.27798325,0.0,0.0,0.05947999,0.3795222,0.0,0.0,0.0,0.28812164,0.0,-0.41645315,-0.18321542,0.16548066
1.507584,-0.57929635,0.28697643,0.05694005,0.0,0.0,0.0,0.0,0.0,0.0,0.3767665,0.21016172,0.0,0.0,0.7420616,0.023530304,0.0,0.71632427,0.0,0.0,0.40112782,0.0,0.63017833,0.73313713,0.85317135,0.5593957,1.2771688,0.0,0.11489923,0.0,0.7263425,0.80268276,0.07327631,0.123909384,0.44377592,0.45407388,0.04354912,0.39435107,0.27695212,0.08195785,0.17135522,0.0,0.1701425,0.0,0.0,0.0,0.0993647,0.0,0.0,0.39543438,0.3578815,0.005206123,0.06047304,0.0,0.2393567,0.19334476,0.106737226,0.0,0.040803645,0.0,0.0,0.033411212,0.0,0.28414917,0.0,0.023007002,0.0,0.19933005,0.058015745,-0.075316295
-0.11815328,0.71506625,0.5480617,0.0,0.0,0.0,0.0,0.29224023,0.0,0.0,0.48564413,0.4061704,0.0,0.24226044,0.31939912,0.0,0.0,0.7443825,0.0,0.19735725,0.35068125,0.0,0.32522014,0.0,0.8451965,0.0,0.16688953,0.51008165,0.028035253,0.0,0.15162745,0.15677491,0.0,0.0,0.87079847,0.38743338,0.0,0.29412916,0.013148487,0.0,0.20958887,0.0,0.143786,0.119631246,0.0,0.045545667,0.0,0.0,0.062897176,0.0,0.24650137,0.0,0.21911305,0.02990947,0.11940908,0.10499976,0.090838194,0.0,0.22715427,0.0,0.0,0.11288631,0.0,0.38481456,0.0,0.13181749,0.0,0.28364325,0.16091278,-0.05361349
-0.5138018,1.1865308,1.5987808,0.0,0.22249457,0.0,0.19447935,0.66679597,0.0,0.0,0.9317605,0.3875189,0.0,0.46526122,0.0,0.0,0.0,0.95202124,0.0,0.69460094,0.6984852,0.0,0.8486425,0.0,0.9027597,0.0,0.26106498,0.65370554,0.0,0.04086405,0.02423188,0.0,0.0,0.0060661733,1.4243731,0.72936034,0.0,0.53341174,0.0,0.0,0.0,0.0,0.065513305,0.3473992,0.06951915,0.0,0.0,0.0,0.034080923,0.0,0.38632995,0.0,0.20659584,0.098188445,0.020344988,0.3123693,0.0,0.0,0.432893,0.0,0.0,0.012921619,0.0,0.5611517,0.0,0.1305442,0.0,0.4879797,0.26761347,-0.1558259
-0.66144085,1.8683608,1.7686397,0.0,0.44207057,0.0,0.31015548,1.0628018,0.0,0.0,0.9767393,0.45925778,0.0,0.3099048,0.0,0.0,0.0,1.1104572,0.0,0.8747274,0.9504093,0.0,0.96048003,0.0,1.226188,0.0,0.0,0.7968401,0.0,0.0,0.0,0.0,0.0,0.0,1.7040036,0.758596,0.0,0.61794245,0.0,0.0,0.034585938,0.0,0.065138884,0.43016893,0.15890966,0.0,0.0,0.0,0.1690379,0.0,0.41216928,0.0,0.31544018,0.1540024,0.0,0.32995927,0.0,0.0,0.52182746,0.0,0.0,0.10499491,0.0,0.6091579,0.0,0.15667823,0.0,0.52353483,0.2641775,-0.14759265
1.4560946,-0.96146035,-0.4460861,0.0,0.0,0.0,0.0,0.0,0.02849371,0.0,0.08036758,0.23018096,0.2674019,0.0,0.9523252,0.29349363,0.0,0.49514952,0.0,0.0,0.014344744,0.0,0.14287935,0.82192457,0.6301061,0.9360301,1.1401418,0.0,0.46194726,0.0,0.87473124,0.8903568,0.5178653,0.00013110042,0.021183968,0.09217591,0.16109042,0.099494845,0.4182607,0.18426123,0.34684062,0.040723942,0.066995025,0.0,0.0,0.16546917,0.50425214,0.0681714,0.03316626,0.5203541,0.0893161,0.06381569,0.12718332,0.0,0.06537092,0.024527065,0.29151836,0.1281697,0.0,0.0,0.0,0.41383326,0.0,0.04142858,0.0,0.036695365,0.0,-0.22997332,-0.15767454,0.07983079
-0.20018686,1.7335161,2.00063,0.0,0.40568653,0.0,0.06748248,0.89493287,0.0,0.0,1.0667613,0.40474153,0.0,0.16636534,0.0,0.0,0.0,1.2076268,0.0,0.9371689,1.1454114,0.0,1.2496436,0.0,1.3540585,0.0,0.23473716,0.6193324,0.0,0.026825309,0.0,0.0,0.0,0.0,1.7814829,0.8301252,0.0,0.64091134,0.0,0.0,0.0,0.0,0.0,0.46636373,0.10181029,0.0,0.0,0.0,0.088663965,0.0,0.5275545,0.0,0.2737131,0.09913975,0.0,0.4059512,0.0,0.0,0.53406215,0.0,0.0,0.01751948,0.0,0.659896,0.0,0.22037503,0.0,0.5463692,0.317865,-0.18033862
0.0025223782,-0.4218703,1.4306387,0.02610442,0.0,0.0,0.0,0.0,0.0,0.0,0.9200943,0.19150364,0.0,0.7885624,0.0,0.0,0.0,0.6497764,0.0,0.35881782,0.23888694,0.0,0.7822116,0.36446717,0.21027756,0.0,1.2474848,0.25144336,0.0,0.5482913,0.8871466,0.4018997,0.0,0.572721,0.86865866,0.7162766,0.0,0.7812183,0.0,0.0,0.0,0.0,0.12486995,0.0,0.0,0.0,0.0,0.0,0.0,0.099643126,0.35157627,0.0,0.0,0.0,0.35470533,0.35043544,0.034196705,0.0,0.07618009,0.0,0.0,0.0,0.0,0.4469165,0.0,0.19232355,0.0,0.47559375,0.263299,-0.11554716
-0.28106657,0.5517248,-0.24418195,0.0,0.0,0.0,0.057311334,0.21591988,0.08492,0.027987182,0.1568351,0.4615749,0.2454513,0.23958124,0.5384788,0.0,0.23530817,0.5426346,0.0,0.0,0.0,0.0,0.0,0.0,0.6998808,0.0,0.0,0.57633406,0.42079604,0.0,0.17772257,0.17463157,0.0,0.0,0.48820618,0.037636735,0.0,0.06924389,0.15229379,0.14463405,0.3665268,0.0,0.11146938,0.0,0.0,0.32740286,0.303595,0.0,0.19205306,0.10426833,0.10044852,0.0,0.3081935,0.0,0.07390112,0.0,0.26614586,0.14509603,0.10108085,0.0,0.0,0.30578962,0.0,0.18402773,0.0,0.20487192,0.0,-0.11861855,-0.034869805,0.04439348
0.6604385,-0.26213202,-1.3055587,0.0,0.0,0.0,0.0,0.0,0.35067636,0.0,0.0,0.41866517,0.6085661,0.0,1.0958409,0.09839636,0.58815897,0.35988998,0.0,0.0,0.0,0.0,0.0,0.11279854,0.69625616,0.5839805,0.107414186,0.2089032,0.94057345,0.0,0.45300603,0.5852456,0.46981958,0.0,0.0,0.0,0.0042688698,0.0,0.2524036,0.22515342,0.52292776,0.0,0.0,0.0,0.0,0.42045802,0.76893747,0.08467227,0.2961377,0.29625055,0.0,0.0,0.31907073,0.0,0.0,0.0,0.3450427,0.36176285,0.016666505,0.0,0.0,0.51919055,0.0,0.0,0.0,0.3932123,0.0,-0.39173627,-0.22566749,0.12038455
-1.7550395,-0.46170983,-1.4228473,0.0,0.0,0.0,0.7456027,0.0,0.0,0.4976521,0.0,0.5031564,1.4529195,1.1753554,0.46717,0.0,1.4586512,0.0,0.0,0.0,0.0,0.23841634,0.0,0.0,0.0,0.25032943,0.0,0.9425237,0.88871753,0.0,0.768578,0.08687976,0.0971854,0.0,0.0,0.0,0.0,0.0,0.1709301,0.3824622,0.5527284,0.4141784,0.012683943,0.0,0.41111308,0.6487883,0.6708181,0.121934876,0.23224916,0.25942558,0.0,0.0,0.24402568,0.0,0.0,0.15681416,0.42368376,0.2881491,0.0,0.0,0.04313255,0.37940398,0.0,0.0,0.0,0.28852573,0.0,-0.47079986,-0.20584498,0.19129258
1.4441376,-0.23939511,-0.03431107,0.0,0.0,0.0,0.0,0.0,0.12294092,0.0,0.22303413,0.28038138,0.0,0.0,0.86551493,0.0058000684,0.0,0.72970814,0.0,0.0,0.40664667,0.0,0.4498607,0.49484566,1.0321393,0.4292807,0.9193384,0.0,0.30997005,0.0,0.5028966,0.7246911,0.07474321,0.0,0.41958135,0.29920733,0.030572824,0.18430382,0.2865943,0.06988342,0.30023435,0.0,0.12050384,0.0,0.0,0.064222686,0.23933056,0.0,0.030552715,0.3627982,0.32483184,0.0,0.1645988,0.0,0.18284002,0.09157987,0.17159437,0.039215855,0.05594322,0.0,0.0,0.14566404,0.0,0.18834358,0.0,0.15719503,0.0,0.041848216,0.006909542,-0.0072447658
1.3956556,-0.22176518,1.5550002,0.27645135,0.0,0.0,0.0,0.0,0.0,0.0,0.9121075,0.1479174,0.0,0.009677231,0.29868704,0.0,0.0,0.988927,0.0,0.41880387,0.88001466,0.0,1.3725941,0.6800183,0.968935,0.04025804,1.6226335,0.0,0.0,0.43306306,0.66210115,0.66994077,0.0,0.4715924,1.0652015,0.80565643,0.0,0.80325973,0.0,0.0,0.0,0.0,0.022623047,0.0,0.0,0.0,0.0,0.0,0.0,0.1209331,0.5478343,0.0,0.021212863,0.0,0.3083448,0.515297,0.0,0.0,0.1388177,0.0,0.0,0.0,0.0,0.56662446,0.0,0.22862768,0.0,0.51105577,0.28331864,-0.1672994
0.5675498,-0.115804896,0.25667167,0.0,0.0,0.0,0.0,0.0,0.0,0.0,0.37546867,0.30549243,0.0111270845,0.15231551,0.5372102,0.0,0.0,0.6359421,0.0,0.0,0.20963144,0.0,0.31993243,0.21424028,0.6883278,0.11970499,0.7122521,0.18112998,0.1342605,0.0,0.5392261,0.49399167,0.0,0.0,0.52560496,0.29157206,0.0,0.30188924,0.15402903,0.07769175,0.20003557,0.0,0.21326327,0.0,0.0,0.1014311,0.065233655,0.0,0.031615764,0.20492148,0.23152557,0.0,0.14257872,0.0,0.22099414,0.12027788,0.15729207,0.042142898,0.058165967,0.0,0.0,0.07485412,0.0,0.2907478,0.0,0.09153551,0.0,0.15272582,0.0792356,-0.046049308
0.36256292,0.132784,1.010039,0.0,0.0,0.0,0.0,0.0,0.0,0.0,0.69687533,0.2783883,0.0,0.3059617,0.23937054,0.0,0.0,0.77931714,0.0,0.2774858,0.45524383,0.0,0.71492225,0.12361565,0.7139641,0.0,0.85436916,0.24556617,0.0,0.0605959,0.49244162,0.3763223,0.0,0.16705012,0.89832914,0.56783575,0.0,0.5029967,0.0,0.0,0.012195595,0.0,0.14301717,0.0,0.0,0.0,0.0,0.0,0.0,0.031608693,0.32812983,0.0,0.08762507,0.0,0.21703947,0.2543787,0.01300399,0.0,0.18019846,0.0,0.0,0.0,0.0,0.46571535,0.0,0.11722672,0.0,0.40823278,0.22171094,-0.12208655
-0.5381878,0.39672795,0.34494004,0.0,0.0,0.0,0.17010325,0.21502641,0.0,0.0,0.4292271,0.4031359,0.15434366,0.5456606,0.2502358,0.0,0.035047762,0.55440384,0.0,0.07199763,0.009939045,0.0,0.02508208,0.0,0.47141764,0.0,0.12288427,0.6031044,0.08948034,0.0,0.35079786,0.13466014,0.0,0.0,0.6614562,0.27910158,0.0,0.27425846,0.06785082,0.06341841,0.21753243,0.0,0.20047307,0.027932886,0.0,0.17092372,0.07424536,0.0,0.086186245,0.043099932,0.08212653,0.0,0.1943239,0.0,0.15707716,0.056574047,0.20510036,0.043943465,0.12485774,0.0,0.0,0.15786982,0.0,0.3146659,0.0,0.074470595,0.0,0.14746991,0.09210084,-0.01881624
-0.8652025,1.7412821,0.17201215,0.0,0.21517572,0.0,0.4217587,0.98597836,0.20755306,0.67113906,0.29935133,0.5896805,0.0,0.16128059,0.33446476,0.0,0.04949424,0.7752914,0.0,0.22741641,0.33810353,0.0,0.0,0.0,1.1088723,0.0,0.0,0.92249525,0.28495622,0.0,0.0,0.0,0.0,0.0,1.0053632,0.18575911,0.0,0.31087452,0.2193605,0.06704183,0.4761368,0.0,0.26562172,0.011526525,0.07305695,0.1648941,0.23705262,0.0,0.32255572,0.035175778,0.09509262,0.0,0.36733544,0.0,0.0,0.033871777,0.19869232,0.0,0.07637018,0.0,0.0,0.4259548,0.0,0.3967846,0.0,0.2058218,0.0,0.034612216,-0.0044293553,0.031499267
-0.20748618,-0.2208253,-0.9315144,0.0,0.0,0.0,0.0,0.0,0.07246525,0.0,0.0,0.42659503,0.7218655,0.37015724,0.7339945,0.0,0.67064077,0.26245722,0.0,0.0,0.0,0.0,0.0,0.0,0.30584532,0.30336088,0.0,0.468784,0.71461785,0.0,0.5445664,0.37178645,0.11541313,0.0,0.0,0.0,0.0,0.0,0.16933241,0.24591956,0.44264054,0.012219749,0.0,0.0,0.022172548,0.4327281,0.49201375,0.0,0.20758818,0.23187655,0.0,0.0,0.21883711,0.0,0.0,0.0,0.31056795,0.3141894,0.009029772,0.0,0.0,0.3846708,0.0,0.0,0.0,0.31247872,0.0,-0.3270965,-0.15697797,0.09366073
0.074022666,0.13376631,1.6058143,0.0,0.0,0.0,0.0,0.0,0.0,0.0,0.96552527,0.2390312,0.0,0.5691442,0.0,0.0,0.0,0.82242966,0.0,0.517131,0.52810526,0.0,0.96362925,0.11758962,0.56161594,0.0,1.0376003,0.30598128,0.0,0.4204863,0.5791869,0.29615304,0.0,0.4099634,1.1226623,0.75818014,0.0,0.6913587,0.0,0.0,0.0,0.0,0.051246367,0.025950018,0.0,0.0,0.0,0.0,0.0,0.0,0.40376014,0.0,0.0,0.0,0.23254173,0.3568219,0.0,0.0,0.22091745,0.0,0.0,0.0,0.0,0.5356636,0.0,0.22031006,0.0,0.47665802,0.2721645,-0.14309469
-1.580342,0.8195068,0.08097208,0.0,0.0,0.0,0.7230811,0.6653077,0.0,0.3561598,0.33258992,0.5178792,0.43715835,0.8736837,0.09600526,0.0,0.45241088,0.4057094,0.0,0.052752897,0.0,0.0,0.0,0.0,0.24298999,0.0,0.0,1.0091747,0.22319888,0.0,0.17184684,0.0,0.0,0.0,0.629673,0.2679756,0.0,0.26886275,0.14572912,0.18046458,0.2424334,0.0,0.28076416,0.09656817,0.20967494,0.27499697,0.19360505,0.0,0.16319649,0.044073537,0.0,0.0,0.20944402,0.037538275,0.027609311,0.14986275,0.18134427,0.0,0.1121009,0.0,0.0,0.23731196,0.0,0.28418705,0.0,0.040626988,0.0,0.051255327,0.001066044,-0.0002951417
-1.190098,0.51817364,1.3570102,0.0,0.04886642,0.0,0.4940784,0.46416378,0.0,0.0,0.88562983,0.35695013,0.0,1.0304426,0.0,0.0,0.0,0.62400854,0.0,0.5010716,0.11738157,0.0,0.40104207,0.0,0.20740834,0.0,0.31683826,0.7750479,0.0,0.22185478,0.44346076,0.0,0.0,0.2184217,1.071621,0.66963005,0.0,0.58016896,0.0,0.0,0.0,0.0,0.1607104,0.11266883,0.15936673,0.0,0.0,0.0,0.0,0.0,0.16915567,0.0,0.056912154,0.038112283,0.1999056,0.19029129,0.0,0.0,0.27216893,0.0,0.0,0.0,0.0,0.46690255,0.07042786,0.076185845,0.0,0.44664678,0.20956908,-0.07339284
0.51750726,-0.09951591,1.3086011,0.037804008,0.0,0.0,0.0,0.0,0.0,0.0,0.83198816,0.21908982,0.0,0.3722946,0.15757176,0.0,0.0,0.8050877,0.0,0.3550945,0.5178733,0.0,0.9246862,0.32918072,0.6408613,0.0,1.1696016,0.14578633,0.0,0.3111131,0.6435226,0.45273775,0.0,0.36929765,0.95336044,0.69380516,0.0,0.66241837,0.0,0.0,0.0,0.0,0.115644395,0.0,0.0,0.0,0.0,0.0,0.0,0.064367294,0.4043321,0.0,0.0010511316,0.0,0.27509362,0.36177662,0.0,0.0,0.15157288,0.0,0.0,0.0,0.0,0.48987967,0.0,0.1730853,0.0,0.45965928,0.2464463,-0.13894278
-1.3078309,1.2414236,-0.22880104,0.0,0.0532057,0.0,0.61651236,0.81207,0.08686482,0.72007567,0.1672453,0.58315283,0.33566052,0.509224,0.31310242,0.0,0.4673915,0.5056755,0.0,0.0,0.0,0.0,0.0,0.0,0.6251766,0.0,0.0,1.004615,0.4327545,0.0,0.0,0.0,0.0,0.0,0.656276,0.10876258,0.0,0.20142776,0.247839,0.23285244,0.42310065,0.0,0.28316242,0.02560563,0.21220987,0.3708037,0.39374882,0.067625985,0.25958967,0.07920623,0.0,0.0,0.31524572,0.0,0.0,0.09634592,0.26935536,0.0,0.050286103,0.0,0.021805324,0.39679405,0.0,0.2728132,0.0,0.15825933,0.0,-0.13294692,-0.096811846,0.06275989
-2.0140827,0.46014276,-0.25644946,0.0,0.0,0.0,0.92162675,0.565002,0.0,0.45153517,0.22058237,0.5221013,0.8082824,1.1745651,0.06662738,0.0,0.8157592,0.18113542,0.0,0.0,0.0,0.0,0.0,0.0,0.0,0.0,0.0,1.1069982,0.35060257,0.0,0.3818921,0.0,0.0,0.0,0.3519957,0.16677429,0.0,0.20930168,0.16150235,0.277128,0.26388973,0.13073,0.26803792,0.088424936,0.34618425,0.38539422,0.31479046,0.0097971335,0.15879129,0.12200619,0.0,0.0,0.16014943,0.019538622,0.0,0.21072185,0.22993416,0.0,0.005656533,0.0,0.0,0.23497221,0.0,0.16214943,0.0,0.07328352,0.0,-0.10749978,-0.047896683,0.044297792
1.7668681,-2.1683273,-1.1486139,0.029025018,0.0,0.2311646,0.0,0.0,0.0,0.0,0.0,0.13571243,0.8141037,0.056995153,1.1810201,0.8703793,0.40489063,0.1574601,0.0,0.0,0.0,0.0,0.0,1.4510379,0.09344894,1.8433846,1.5925341,0.0,0.73492146,0.0,1.4691095,1.233042,1.3243604,0.20713586,0.0,0.0,0.34397537,0.09619689,0.5430251,0.33041275,0.38247514,0.5899766,0.0,0.0,0.0,0.17791967,0.7515129,0.30639368,0.047233924,0.63524276,0.0,0.2244401,0.0824845,0.0,0.0,0.0,0.33698887,0.27107802,0.0,0.0,0.0,0.7384815,0.0,0.0,0.0,0.0,0.0,-0.44290465,-0.25520396,0.14956768
-1.2416189,0.72793365,1.2718515,0.0,0.09920114,0.0,0.53422564,0.5824698,0.0,0.0,0.8401956,0.39107004,0.0,0.95966303,0.0,0.0,0.0,0.6486851,0.0,0.5023756,0.15062727,0.0,0.35213095,0.0,0.30848882,0.0,0.14401779,0.82799673,0.0,0.09366158,0.3184067,0.0,0.0,0.102529705,1.1017125,0.63855076,0.0,0.5286416,0.0,0.0,0.0,0.0,0.18296987,0.17166336,0.15718356,0.0,0.0,0.0,0.027963832,0.0,0.15601696,0.0,0.12840673,0.10020523,0.1592377,0.17506655,0.0,0.0,0.31175202,0.0,0.0,0.025962692,0.0,0.45252427,0.03774575,0.03746834,0.0,0.4508358,0.20148435,-0.08238169
0.619845,0.24844676,-1.6738057,0.0,0.0,0.0,0.0,0.0,0.61489534,0.43032926,0.0,0.51210314,0.59641623,0.0,1.2561221,0.058916867,0.72292715,0.40970752,0.0,0.0,0.0,0.0,0.0,0.0,0.9867923,0.37267065,0.0,0.31935132,1.1760583,0.0,0.124417484,0.47751498,0.43398157,0.0,0.0,0.0,0.0,0.0,0.2407986,0.27987936,0.6167687,0.0,0.0,0.0,0.0,0.54734945,0.9935486,0.22312514,0.35118252,0.2641598,0.030255444,0.0,0.41238478,0.0,0.0,0.0,0.48076737,0.3778036,0.0,0.0,0.0,0.5818919,0.0,0.0,0.0,0.55313814,0.0,-0.49245542,-0.26986372,0.14156784
-0.6911176,-0.6686382,-0.7112811,0.0,0.0,0.0,0.1905612,0.0,0.0,0.0,0.030809313,0.37452036,0.9292484,0.8374758,0.48894188,0.0,0.7738589,0.10035938,0.0,0.0,0.0,0.0,0.0,0.011497106,0.0,0.4107187,0.19037186,0.5401958,0.54117644,0.0,0.86784744,0.35203555,0.08450499,0.0,0.0,0.0,0.0,0.018439546,0.16388674,0.23999074,0.37567973,0.16550365,0.042810418,0.0,0.0999925,0.3886209,0.38720906,0.0,0.15327416,0.26786268,0.0,0.0,0.07632772,0.0,0.0,0.054619513,0.29854974,0.3084231,0.0,0.0,0.0,0.31418064,0.0,0.0,0.0,0.2369403,0.0,-0.30740425,-0.12694801,0.08121828
-1.1682643,1.1377096,1.0268908,0.0,0.17660591,0.0,0.52615845,0.7708758,0.0,0.0,0.7109307,0.45742097,0.0,0.71588457,0.0,0.0,0.0,0.71775496,0.0,0.47122085,0.25753325,0.0,0.27238184,0.0,0.5891663,0.0,0.0,0.88079774,0.0,0.0,0.05060947,0.0,0.0,0.0,1.1389248,0.5607581,0.0,0.44492874,0.0,0.0,0.053521007,0.0,0.201832,0.23206852,0.099681646,0.0,0.0,0.0,0.12588996,0.0,0.1711887,0.0,0.23541388,0.148412,0.09223541,0.16627574,0.0,0.0,0.350147,0.0,0.0,0.14129722,0.0,0.45053554,0.0,0.013553701,0.0,0.42940235,0.17470357,-0.09499607
1.2753662,-1.2267423,-0.72723013,0.0,0.0,0.0,0.0,0.0,0.0,0.0,0.0,0.23039714,0.5106609,0.027681231,0.9795383,0.3747514,0.21973461,0.35124028,0.0,0.0,0.0,0.0,0.0,0.87138975,0.4007227,1.1160828,1.1045427,0.0,0.5782483,0.0,1.0141664,0.9128455,0.6986052,0.008886352,0.0,0.0,0.16347231,0.05311252,0.46000454,0.23202941,0.41086328,0.21398601,0.02897995,0.0,0.0,0.22287522,0.588413,0.13866153,0.08076732,0.52107835,0.0,0.092909895,0.120835505,0.0,0.0,0.0,0.32724914,0.20196801,0.0,0.0,0.0,0.519332,0.0,0.0,0.0,0.024761677,0.0,-0.35113084,-0.21202604,0.11048777
-0.49564996,-0.5647264,-2.7578006,0.0,0.0,0.0,0.12135195,0.0,0.47224703,0.8694261,0.0,0.55461645,1.5960408,0.30584872,1.2653657,0.18852794,1.7541873,0.0,0.0,0.0,0.0,0.29634884,0.0,0.0,0.030403584,0.8660958,0.0,0.59911484,1.6263372,0.0,0.5782338,0.42571586,0.96845186,0.0,0.0,0.0,0.0,0.0,0.1736061,0.41376206,0.792103,0.46068975,0.0,0.0,0.3514828,0.7414293,1.1802232,0.5851302,0.41741014,0.23099834,0.0,0.0,0.39423183,0.0,0.0,0.0,0.5622844,0.3934283,0.0,0.0,0.059168465,0.84678143,0.0,0.0,0.0,0.56633914,0.0,-0.64576083,-0.3749038,0.27652025
-0.24466321,0.27477428,0.8174751,0.0,0.0,0.0,0.009833194,0.100961104,0.0,0.0,0.6289989,0.33627856,0.0,0.53019255,0.15433621,0.0,0.0,0.6618981,0.0,0.23402126,0.21963315,0.0,0.39752394,0.0,0.5213014,0.0,0.49865228,0.4680087,0.0,0.0,0.44421554,0.21454827,0.0,0.064328164,0.83052635,0.46310756,0.0,0.4252977,0.0,0.0,0.065971926,0.0,0.17007159,0.06835957,0.0,0.0,0.0,0.0,0.0,0.0071452856,0.217994,0.0,0.10564302,0.0,0.19608013,0.15215378,0.093686625,0.0,0.17003924,0.0,0.0,0.026044209,0.0,0.4004889,0.0,0.08769742,0.0,0.34841236,0.20672849,-0.082724534
0.2885058,-0.6074279,0.0065418286,0.0,0.0,0.0,0.0,0.0,0.0,0.0,0.30210823,0.28036043,0.34436107,0.44062737,0.5081195,0.0,0.07707723,0.42524475,0.0,0.0,0.0,0.0,0.026096629,0.3576399,0.2804551,0.4013591,0.7876688,0.20548002,0.21059519,0.0,0.8208407,0.5414046,0.0,0.086359575,0.24971795,0.19542861,0.0,0.27517867,0.24337938,0.16829196,0.26330292,0.0,0.1904431,0.0,0.0,0.18532547,0.22016945,0.0,0.05752194,0.31941754,0.08223988,0.0,0.038019188,0.0,0.20593444,0.0851586,0.2715755,0.14934812,0.0,0.0,0.0,0.16012041,0.0,0.17304009,0.0,0.068018965,0.0,-0.033800192,-0.031134307,-0.0013573077
-0.46337515,-0.39292946,1.4510682,0.0,0.0,0.0,0.0702162,0.0,0.0,0.0,0.9448298,0.21204868,0.0,1.0236577,0.0,0.0,0.0,0.5690296,0.0,0.3788039,0.079405785,0.0,0.63043654,0.21694097,0.010437936,0.0,1.0965714,0.40117827,0.0,0.58377254,0.9136665,0.2904382,0.0,0.59129894,0.85888755,0.69737005,0.0,0.76854074,0.0,0.0,0.0,0.0,0.118597716,0.0,0.05125082,0.0,0.0,0.0,0.0,0.060358554,0.28424048,0.0,0.0,0.0,0.35085836,0.2854026,0.062686205,0.0,0.07671283,0.0,0.0,0.0,0.0,0.43997356,0.08906963,0.18536162,0.0,0.45189023,0.24628292,-0.0865818
-0.6869312,0.8882127,0.9003275,0.0,0.06133759,0.0,0.27001357,0.5256879,0.0,0.0,0.6506845,0.4193772,0.0,0.5381178,0.057034075,0.0,0.0,0.7324243,0.0,0.3732772,0.30764723,0.0,0.34620023,0.0,0.67103803,0.0,0.05517775,0.69751894,0.0,0.0,0.13866904,0.0,0.0,0.0,1.0356414,0.5182659,0.0,0.39186582,0.0,0.0,0.112829894,0.0,0.1686964,0.20940761,0.029148731,0.0,0.0,0.0,0.065660745,0.0,0.20962736,0.0,0.20775041,0.10508439,0.10943342,0.15574269,0.019131385,0.0,0.2974844,0.0,0.0,0.10210113,0.0,0.43219972,0.0,0.078962825,0.0,0.38859618,0.18207704,-0.08605575
0.1794044,0.9161635,1.3441992,0.0,0.07183421,0.0,0.0,0.35754576,0.0,0.0,0.809243,0.34942123,0.0,0.16097006,0.13850945,0.0,0.0,0.9818497,0.0,0.5394813,0.7819898,0.0,0.9206529,0.0,1.0748281,0.0,0.5106292,0.40718794,0.0,0.0,0.092336774,0.16113764,0.0,0.0,1.2750313,0.6609942,0.0,0.4679077,0.0,0.0,0.043447718,0.0,0.063410014,0.25993836,0.0,0.0,0.0,0.0,0.0077308863,0.0,0.4199211,0.0,0.19987535,0.0,0.06268808,0.30635563,0.0,0.0,0.37260106,0.0,0.0,0.0,0.0,0.5530498,0.0,0.1671476,0.0,0.4456148,0.2654326,-0.14671156
0.9665989,-0.7674965,1.1367265,0.18997419,0.0,0.0,0.0,0.0,0.0,0.0,0.774228,0.13693379,0.0,0.365031,0.28326428,0.0,0.0,0.7083574,0.0,0.17175062,0.38479108,0.0,0.9207407,0.7861711,0.46536034,0.3622009,1.605048,0.0,0.0,0.44605383,0.9706185,0.6992777,0.0,0.55400383,0.6950748,0.69370353,0.0,0.76597786,0.0,0.0,0.0,0.0,0.12303244,0.0,0.0,0.0,0.0,0.0,0.0,0.29946694,0.43196946,0.0,0.0,0.0,0.3716077,0.37508124,0.022168197,0.0,0.019823723,0.0,0.0,0.0,0.0,0.41604286,0.0,0.12291232,0.0,0.45869282,0.22706763,-0.121100605
-1.5082531,1.1396464,-0.35969567,0.0,0.020800173,0.0,0.71207553,0.8001844,0.055247284,0.78882104,0.123111576,0.5905287,0.477575,0.62808144,0.29615197,0.0,0.61370623,0.42105561,0.0,0.0,0.0,0.0,0.0,0.0,0.47712362,0.0,0.0,1.0584812,0.48421186,0.0,0.0,0.0,0.0,0.0,0.55878884,0.09402871,0.0,0.17126504,0.25463387,0.27905297,0.42404085,0.0,0.2812922,0.030310828,0.27905017,0.41738456,0.42789733,0.120213225,0.24823986,0.085261315,0.0,0.0,0.29476902,0.0,0.0,0.13269015,0.27703804,0.0,0.031673677,0.0,0.043198116,0.3882026,0.0,0.22841635,0.0,0.1599949,0.0,-0.1754773,-0.13431089,0.07235239
-0.16359952,-0.020432064,1.3928677,0.0,0.0,0.0,0.0,0.0,0.0,0.0,0.88986707,0.24878588,0.0,0.7120755,0.0,0.0,0.0,0.7046716,0.0,0.41174942,0.3151384,0.0,0.73839253,0.10141152,0.3683961,0.0,0.9532368,0.36760274,0.0,0.37919447,0.66677386,0.28064546,0.0,0.40239373,0.9729219,0.6712059,0.0,0.66321504,0.0,0.0,0.0,0.0,0.09516849,0.0,0.0,0.0,0.0,0.0,0.0,0.0,0.32503408,0.0,0.0,0.0,0.2660146,0.2912302,0.018382266,0.0,0.1625776,0.0,0.0,0.0,0.0,0.47647718,0.0,0.1840122,0.0,0.44746178,0.25635147,-0.119334035
-0.32063717,-0.19607893,1.206609,0.0,0.0,0.0,0.013755508,0.0,0.0,0.0,0.8238374,0.25045374,0.0,0.8264756,0.0,0.0,0.0,0.6020774,0.0,0.31215942,0.13280684,0.0,0.5557006,0.12331326,0.19918993,0.0,0.91806346,0.39924353,0.0,0.35549328,0.7623781,0.2871287,0.0,0.4099554,0.8317988,0.60305613,0.0,0.64992905,0.0,0.0,0.0,0.0,0.14068787,0.0,0.0,0.0,0.0,0.0,0.0,0.05039136,0.2610777,0.0,0.0,0.0,0.30459484,0.24487159,0.07938866,0.0,0.103976235,0.0,0.0,0.0,0.0,0.42409256,0.015008785,0.14970131,0.0,0.4132173,0.24070841,-0.09937467
2.327131,-1.8590634,-1.145336,0.080729544,0.0,0.04669416,0.0,0.0,0.14201862,0.0,0.0,0.14915691,0.5441219,0.0,1.3571459,0.97225213,0.17996079,0.33941388,0.0,0.0,0.0,0.0,0.0,1.4521601,0.53337985,1.7775049,1.5934196,0.0,0.7825458,0.0,1.2420474,1.293671,1.3252213,0.0551102,0.0,0.0,0.38593376,0.027548812,0.57772636,0.26111302,0.41371095,0.37463117,0.0,0.0,0.0,0.14303309,0.7912022,0.3088416,0.048599765,0.690997,0.0,0.23086545,0.16772518,0.0,0.0,0.0,0.3767339,0.2528644,0.0,0.0,0.0,0.815202,0.0,0.0,0.0,0.0,0.0,-0.44667095,-0.30072957,0.15808268
0.34978595,-0.20943041,-0.15608306,0.0,0.0,0.0,0.0,0.0,0.0,0.0,0.2095314,0.33874115,0.26034167,0.223376,0.6147142,0.0,0.08770205,0.5029191,0.0,0.0,0.0,0.0,0.0,0.14593543,0.5460274,0.22594221,0.50843954,0.2560579,0.33288127,0.0,0.5694401,0.47519594,0.0,0.0,0.31572822,0.08038916,0.0,0.15976834,0.23249157,0.17101365,0.33793288,0.0,0.16186778,0.0,0.0,0.25879544,0.28076136,0.0,0.136207,0.24060562,0.10429162,0.0,0.17798486,0.0,0.15941681,0.0334097,0.27501604,0.1795948,0.022217385,0.0,0.0,0.22007072,0.0,0.1663713,0.0,0.14642939,0.0,-0.10528128,-0.055066988,0.024737114
0.141178,0.08283967,-1.0210973,0.0,0.0,0.0,0.0,0.0,0.2649062,0.07929051,0.0,0.45593482,0.55273974,0.053864926,0.8848896,0.0,0.56304985,0.38636523,0.0,0.0,0.0,0.0,0.0,0.0,0.6473687,0.22072926,0.0,0.41081208,0.8018544,0.0,0.32972926,0.38833126,0.114878476,0.0,0.047762364,0.0,0.0,0.0,0.21003091,0.25873038,0.48738033,0.0,0.0,0.0,0.0,0.46786147,0.6134304,0.0,0.27418905,0.2287297,0.01891537,0.0,0.32873198,0.0,0.0,0.0,0.32993433,0.32408863,0.009997524,0.0,0.0,0.40518996,0.0,0.0,0.0,0.36479476,0.0,-0.35598916,-0.17709313,0.100536056
0.74215573,0.1613979,0.5273396,0.0,0.0,0.0,0.0,0.0,0.0,0.0,0.47231936,0.307829,0.0,0.005443841,0.5129966,0.0,0.0,0.7796922,0.0,0.0858444,0.46252227,0.0,0.56832606,0.15539178,0.92215514,0.0,0.73445964,0.15537587,0.024233311,0.0,0.39238015,0.4678708,0.0,0.0,0.73460716,0.40021718,0.0,0.3466823,0.079159185,0.018261626,0.1577411,0.0,0.1866599,0.0,0.0,0.016854778,0.0,0.0,0.012726143,0.10005969,0.30452114,0.0,0.17671025,0.0,0.18700296,0.19440702,0.06321372,0.0,0.12856367,0.0,0.0,0.0,0.0,0.40020186,0.0,0.10968509,0.0,0.29205993,0.15183362,-0.088334024
0.27548087,-1.1951473,-1.0626309,0.0,0.0,0.0,0.0,0.0,0.0,0.0,0.0,0.30346763,0.9305543,0.47187164,0.82903785,0.13842636,0.7129538,0.107699335,0.0,0.0,0.0,0.0,0.0,0.5209954,0.0,0.98002553,0.6240473,0.1731519,0.71655524,0.0,1.0492568,0.68965364,0.62629604,0.0,0.0,0.0,0.0,0.0,0.3160997,0.22451633,0.42973518,0.32575426,0.0,0.0,0.0,0.30994493,0.58582646,0.1637854,0.121459395,0.4014289,0.0,0.0,0.063425764,0.0,0.0,0.0,0.36175916,0.27487212,0.0,0.0,0.0,0.49695915,0.0,0.0,0.0,0.19590284,0.0,-0.3856461,-0.16694571,0.10625211
-1.3211665,1.4780577,0.86577773,0.0,0.2596657,0.0,0.6263432,0.9779037,0.0,0.2303707,0.629858,0.51756275,0.0,0.63273793,0.0,0.0,0.0,0.74045426,0.0,0.46536297,0.27820617,0.0,0.15469843,0.0,0.72177196,0.0,0.0,0.98964214,0.0,0.0,0.0,0.0,0.0,0.0,1.1744037,0.5009361,0.0,0.4717225,0.014222197,0.0,0.14243615,0.0,0.2690671,0.18773785,0.13127221,0.0,0.0,0.0,0.20377626,0.0,0.122969136,0.0,0.27812323,0.105415285,0.044235513,0.16365156,0.03435158,0.0,0.29805046,0.0,0.0,0.2297762,0.0,0.4685084,0.0,0.01604034,0.0,0.38844305,0.14090005,-0.07518352
0.6878442,0.45242882,-0.40122318,0.0,0.0,0.0,0.0,0.0,0.29841968,0.0,0.057746515,0.424079,0.039097533,0.0,0.84697956,0.0,0.0157426,0.6823734,0.0,0.0,0.26778662,0.0,0.028099867,0.0,1.096365,0.0,0.12867573,0.2647231,0.53237367,0.0,0.13318434,0.41758978,0.0,0.0,0.4495997,0.0046209376,0.0,0.0,0.20364366,0.10385787,0.4653945,0.0,0.03932201,0.0,0.0,0.27345496,0.39644402,0.0,0.21532391,0.19317466,0.19848497,0.0,0.35990348,0.0,0.1394247,0.0,0.2734095,0.18965213,0.06369742,0.0,0.0,0.2724395,0.0,0.12865704,0.0,0.32003045,0.03721832,-0.1586024,-0.06260723,0.06909749
-0.36099717,1.4555002,1.2701983,0.0,0.24528155,0.0,0.13847333,0.7604575,0.0,0.0,0.7703665,0.44123924,0.0,0.21884744,0.06328705,0.0,0.0,0.98984325,0.0,0.60634,0.7571052,0.0,0.7346396,0.0,1.140907,0.0,0.0065969527,0.6640452,0.0,0.0,0.0,0.0,0.0,0.0,1.3870797,0.6173872,0.0,0.4692833,0.0,0.0,0.12173503,0.0,0.082681894,0.3458355,0.049514648,0.0,0.0,0.0,0.11554234,0.0,0.36630076,0.0,0.28645548,0.12442203,0.0060716122,0.25165266,0.0,0.0,0.41720247,0.0,0.0,0.10528887,0.0,0.5285123,0.0,0.16412035,0.00062426925,0.4379513,0.22414096,-0.12316024
0.0505664,-0.06612758,1.6703217,0.03242922,0.0,0.0,0.0,0.0,0.0,0.0,1.0043147,0.21088749,0.0,0.6711798,0.0,0.0,0.0,0.78198785,0.0,0.5104469,0.46384293,0.0,0.9744718,0.22378859,0.43217874,0.0,1.1722386,0.279154,0.0,0.538715,0.7030239,0.3314871,0.0,0.5175034,1.082994,0.7850988,0.0,0.7632885,0.0,0.0,0.0,0.0,0.049936682,0.0,0.0,0.0,0.0,0.0,0.0,0.0,0.4100032,0.0,0.0,0.0,0.2784491,0.3796406,0.0,0.0,0.17665918,0.0,0.0,0.0,0.0,0.5224539,0.0,0.23710994,0.0,0.49646693,0.28312534,-0.13904287
0.6680386,-0.043882653,1.4030083,0.07832107,0.0,0.0,0.0,0.0,0.0,0.0,0.86448485,0.21143337,0.0,0.29035378,0.16992971,0.0,0.0,0.863142,0.0,0.39904445,0.6246356,0.0,1.0394955,0.35610947,0.7400584,0.0,1.2281227,0.1023103,0.0,0.3310649,0.60803735,0.4724694,0.0,0.3756635,1.0182993,0.72942305,0.0,0.68187594,0.0,0.0,0.0,0.0,0.08786417,0.0,0.0,0.0,0.0,0.0,0.0,0.047343403,0.44190013,0.0,0.013862152,0.0,0.26498762,0.3980706,0.0,0.0,0.17128223,0.0,0.0,0.0,0.0,0.5157979,0.0,0.19658653,0.0,0.47324765,0.25924578,-0.14961481
-0.6221956,0.6024146,-0.015333902,0.0,0.0,0.0,0.22929874,0.32880157,0.0,0.018559098,0.26608402,0.46172282,0.24874395,0.4409917,0.37054756,0.0,0.22079727,0.5259951,0.0,0.0,0.0,0.0,0.0,0.0,0.56388676,0.0,0.0,0.67963696,0.29229608,0.0,0.20237556,0.08138731,0.0,0.0,0.5770594,0.16645327,0.0,0.16300535,0.13135926,0.12158048,0.30166817,0.0,0.17196023,0.038372073,0.0,0.27507114,0.21067259,0.0,0.15597211,0.07403684,0.059724987,0.0,0.26029828,0.018209238,0.09786338,0.03998992,0.22303662,0.07249852,0.13062853,0.0,0.0,0.25638613,0.0,0.25195882,0.0,0.1188914,0.0,0.005629264,0.011918597,0.013793813
-0.6147529,0.6125593,0.32205704,0.0,0.0,0.0,0.22253111,0.34447548,0.0,0.0,0.411386,0.4336377,0.11808878,0.4974131,0.25554574,0.0,0.042650137,0.5859766,0.0,0.09924239,0.054981455,0.0,0.0045604166,0.0,0.5624243,0.0,0.0,0.6616845,0.11736125,0.0,0.2309244,0.07240215,0.0,0.0,0.7172197,0.2886434,0.0,0.2525282,0.08280094,0.049962156,0.2480072,0.0,0.19547464,0.064928114,0.0,0.17075782,0.08323694,0.0,0.1146401,0.018763132,0.0952636,0.0,0.22882268,0.04745528,0.13956575,0.045765266,0.18218896,0.017663548,0.16712865,0.0,0.0,0.19105683,0.0,0.31877577,0.0,0.08226992,0.0,0.159402,0.08678217,-0.015310282
-0.58002967,-0.23573911,-0.37479192,0.0,0.0,0.0,0.15868628,0.0,0.0,0.0,0.15074527,0.39212498,0.63381505,0.6757839,0.43755913,0.0,0.5056905,0.27897394,0.0,0.0,0.0,0.0,0.0,0.0,0.10653198,0.10927038,0.13560824,0.55510885,0.40795803,0.0,0.64380884,0.27706063,0.0,0.0,0.16420582,0.014222661,0.0,0.09211564,0.111219525,0.20531389,0.30796188,0.0057530925,0.10935412,0.0,0.048902456,0.3416606,0.26712292,0.0,0.12059517,0.18864384,0.0,0.0,0.14197642,0.0,0.07749601,0.071465015,0.26367882,0.21834168,0.0,0.0,0.0,0.22743058,0.0,0.058274,0.0,0.17908928,0.0,-0.16804785,-0.06900351,0.04361704
1.7177397,-1.5157912,-2.782452,0.0,0.0,0.0,0.0,0.0,0.63176775,0.0,0.0,0.35492623,1.22931,0.0,1.7929506,1.1279922,1.1774015,0.028030246,0.0,0.0,0.0,0.031159222,0.0,0.8812492,0.5033629,1.8443227,0.46205756,0.0,1.6431901,0.0,0.9280989,1.1253386,1.7802668,0.0,0.0,0.0,0.3855968,0.0,0.3915377,0.26598462,0.6405717,0.42830077,0.0,0.0,0.0,0.38799024,1.2695689,0.528877,0.3820777,0.46203536,0.0,0.20000264,0.4007279,0.0,0.0,0.0,0.4472113,0.5824694,0.0,0.0,0.0,1.1350342,0.0,0.0,0.0,0.21414281,0.0,-0.55567396,-0.44714838,0.2239318
-0.6446133,0.38110736,0.034562286,0.0,0.0,0.0,0.2259194,0.22015515,0.0,0.0,0.29957813,0.43226877,0.3069404,0.54801273,0.32858565,0.0,0.23205793,0.47833124,0.0,0.0,0.0,0.0,0.0,0.0,0.42292112,0.0,0.0,0.6499169,0.24591762,0.0,0.33693004,0.12184878,0.0,0.0,0.52464586,0.17636894,0.0,0.18215108,0.10275682,0.12180561,0.27632213,0.0,0.17228034,0.03008217,0.0,0.25793576,0.18286043,0.0,0.12282568,0.08116749,0.0152646825,0.0,0.22439256,0.012111623,0.11559537,0.049283378,0.22626261,0.09251724,0.09961663,0.0,0.0,0.21224278,0.0,0.23035857,0.0,0.109221324,0.0,0.018301003,0.020154424,0.011860667
-1.7625251,0.08658797,1.2091889,0.0,0.0,0.0,0.75558317,0.36473,0.0,0.0,0.8644849,0.3420002,0.30558,1.4676038,0.0,0.0,0.027014032,0.38710147,0.0,0.38147974,0.0,0.0,0.068387754,0.0,0.0,0.0,0.31470636,0.89559793,0.0,0.3537633,0.7269962,0.0,0.0,0.36530456,0.83922285,0.6169276,0.0,0.583271,0.0,0.0,0.0,0.0,0.16800962,0.005745273,0.17720741,0.035229683,0.0,0.0,0.0,0.0,0.0,0.0,0.0,0.0022646487,0.25600886,0.16172564,0.12104812,0.0,0.15403038,0.0,0.0,0.0,0.0,0.41894284,0.12379082,0.08209395,0.0,0.36502713,0.1841458,-0.037364632
-0.6818435,1.2390801,0.03654424,0.0,0.047463,0.0,0.29921177,0.6768213,0.13055697,0.3934055,0.25896087,0.5347057,0.046736553,0.23490977,0.3894395,0.0,0.12764736,0.6714282,0.0,0.089501426,0.17766768,0.0,0.0,0.0,0.90558463,0.0,0.0,0.7941663,0.31879753,0.0,0.0,0.0,0.0,0.0,0.7995931,0.17762965,0.0,0.20510224,0.19404475,0.0942852,0.41316116,0.0,0.21455812,0.02993178,0.013560504,0.2434001,0.2435143,0.0,0.23246442,0.050493166,0.11047162,0.0,0.31980616,0.0,0.03803525,0.018067196,0.21279228,0.0,0.11218934,0.0,0.0,0.35293755,0.0,0.32914308,0.0,0.17950222,0.0,0.0035564378,0.004101664,0.026982198
0.16304088,-0.58933485,-0.6165497,0.0,0.0,0.0,0.0,0.0,0.0,0.0,0.036082655,0.34109706,0.60815454,0.3802754,0.6933764,0.0,0.43733832,0.30126134,0.0,0.0,0.0,0.0,0.0,0.23008129,0.25281042,0.51138115,0.4532325,0.27941102,0.5324806,0.0,0.7567621,0.52507836,0.19014868,0.0,0.0,0.0,0.0,0.018371657,0.25069445,0.21919231,0.3935995,0.056325816,0.050706357,0.0,0.0,0.32439062,0.43242735,0.0,0.1278796,0.3323547,0.0,0.0,0.11193112,0.0,0.043671437,0.012582481,0.3060254,0.23832905,0.0,0.0,0.0,0.341142,0.0,0.0,0.0,0.2194381,0.0,-0.29580677,-0.13578151,0.07885375
0.10305112,0.27171636,1.2484425,0.0,0.0,0.0,0.0,0.035073385,0.0,0.0,0.80281657,0.28480425,0.0,0.43248707,0.097530335,0.0,0.0,0.8007647,0.0,0.39813483,0.48182476,0.0,0.77601385,0.00698993,0.66693586,0.0,0.80531,0.33639714,0.0,0.1602501,0.4600974,0.2825545,0.0,0.21468297,1.0242598,0.6228228,0.0,0.54766893,0.0,0.0,0.0,0.0,0.096046604,0.07862711,0.0,0.0,0.0,0.0,0.0,0.0,0.33888745,0.0,0.06674741,0.0,0.19786653,0.27387,0.0,0.0,0.22760749,0.0,0.0,0.0,0.0,0.5003478,0.0,0.16224653,0.0,0.43080705,0.24986768,-0.12653299
1.0528823,-1.2823182,-1.2204043,0.0,0.0,0.0,0.0,0.0,0.08685877,0.0,0.0,0.275228,0.7791432,0.07112676,1.087035,0.44788837,0.55421597,0.2127803,0.0,0.0,0.0,0.0,0.0,0.77127016,0.28098765,1.218558,0.8410423,0.0,0.82200515,0.0,1.0145398,0.88697726,0.8856629,0.0,0.0,0.0,0.158237,0.0,0.41721517,0.2453913,0.46795833,0.30209008,0.0,0.0,0.0,0.28068396,0.7155865,0.2267604,0.15933211,0.46376026,0.0,0.097223334,0.1602008,0.0,0.0,0.0,0.34892085,0.2960702,0.0,0.0,0.0,0.619274,0.0,0.0,0.0,0.105351105,0.0,-0.4082355,-0.25341785,0.12708138
-0.009956402,-0.8722561,0.120052785,0.0,0.0,0.0,0.0,0.0,0.0,0.0,0.3755921,0.2515063,0.47701442,0.72028506,0.3656785,0.0,0.15080173,0.3241687,0.0,0.0,0.0,0.0,0.0,0.42449656,0.0,0.46629587,0.8962454,0.2524738,0.116266266,0.0,1.0113826,0.5273449,0.0,0.25255796,0.19280836,0.27490386,0.0,0.37263137,0.19407544,0.17421708,0.20468715,0.025306262,0.18901944,0.0,0.0,0.16249599,0.16666454,0.0,0.0050233603,0.34169915,0.018208675,0.0,0.0,0.0,0.24363694,0.1156559,0.27440727,0.15305778,0.0,0.0,0.0,0.109056816,0.0,0.1780119,0.0,0.024859939,0.0,0.029187873,0.005777478,-0.00852537
-1.6061741,0.16569129,-1.6522619,0.0,0.0,0.0,0.7133134,0.26771852,0.13277498,0.9739315,0.0,0.59075403,1.2945095,0.8108156,0.6399207,0.0,1.4445314,0.0,0.0,0.0,0.0,0.21119049,0.0,0.0,0.0,0.0,0.0,1.0044703,1.0694897,0.0,0.37046447,0.0,0.0,0.0,0.0,0.0,0.0,0.0,0.21846506,0.46143693,0.59738266,0.33943823,0.058515027,0.0,0.5230717,0.74531364,0.7654883,0.30751103,0.29302984,0.20099756,0.0,0.0,0.3010699,0.0,0.0,0.16171816,0.44188455,0.16692297,0.0,0.0,0.23013759,0.42241353,0.0,0.0,0.0,0.3407625,0.0,-0.5024557,-0.2981363,0.23168011
0.6351864,0.056207515,0.80239743,0.0,0.0,0.0,0.0,0.0,0.0,0.0,0.6006508,0.27614617,0.0,0.15427865,0.3792137,0.0,0.0,0.7800864,0.0,0.17890419,0.46643758,0.0,0.6825648,0.21546692,0.8024241,0.0,0.8865339,0.15869258,0.0,0.0,0.49093023,0.45908722,0.0,0.10518053,0.80569303,0.5143952,0.0,0.4556189,0.0,0.0,0.06685297,0.0,0.17960107,0.0,0.0,0.0,0.0,0.0,0.0,0.090140104,0.32960868,0.0,0.11433914,0.0,0.22167765,0.24502686,0.028472826,0.0,0.14680053,0.0,0.0,0.0,0.0,0.4386422,0.0,0.09363801,0.0,0.38135636,0.1939878,-0.110003494
-0.23000474,0.24357896,-0.8324942,0.0,0.0,0.0,0.018470563,0.02222097,0.18149394,0.1687147,0.0,0.47372538,0.54540443,0.22055854,0.73207784,0.0,0.5642716,0.3828202,0.0,0.0,0.0,0.0,0.0,0.0,0.5628617,0.013084881,0.0,0.54261804,0.70284355,0.0,0.28950024,0.26608568,0.0,0.0,0.15401831,0.0,0.0,0.0,0.17525479,0.25862354,0.45042616,0.0,0.022440597,0.0,0.0,0.47559667,0.5017615,0.0,0.23105691,0.18183225,0.0,0.0,0.3168262,0.0,0.0,0.0,0.3416625,0.27145973,0.0,0.0,0.02609028,0.35773477,0.0,0.012007698,0.0,0.3224457,0.0,-0.3194197,-0.1454553,0.09078749
0.39137977,-0.6964936,-0.922966,0.0,0.0,0.0,0.0,0.0,0.043122433,0.0,0.0,0.34553063,0.6859203,0.24469669,0.8532004,0.01735425,0.5360995,0.26981804,0.0,0.0,0.0,0.0,0.0,0.31213257,0.3060816,0.6880705,0.44363844,0.20674576,0.6920486,0.0,0.76649845,0.60683453,0.40811262,0.0,0.0,0.0,0.0,0.0,0.2909143,0.22358143,0.44713354,0.110876076,0.0,0.0,0.0,0.3470984,0.5776253,0.066328876,0.16228472,0.3517204,0.0,0.0,0.15233245,0.0,0.0,0.0,0.33646733,0.26012963,0.0,0.0,0.0,0.42884156,0.0,0.0,0.0,0.26063997,0.0,-0.36121607,-0.17101605,0.100063436
0.4176185,-0.7515654,0.039212804,0.0,0.0,0.0,0.0,0.0,0.0,0.0,0.31865066,0.2553353,0.33830115,0.43558073,0.5195797,0.0,0.037734404,0.42226812,0.0,0.0,0.0,0.0,0.077948585,0.4747363,0.2552825,0.5006687,0.9235469,0.14098571,0.18598294,0.0,0.8958292,0.6000893,0.019043922,0.15151462,0.22408922,0.24645181,0.0,0.3111008,0.25893855,0.16163543,0.24683931,0.0,0.1898995,0.0,0.0,0.15313229,0.22572702,0.0,0.028002813,0.36084569,0.10804411,0.0,0.0,0.0,0.22588885,0.097284675,0.26545486,0.12303022,0.0,0.0,0.0,0.1375053,0.0,0.18295215,0.0,0.04719156,0.0,-0.0064469352,-0.021689951,-0.008191738
0.38342968,-0.48397055,0.6756909,0.0,0.0,0.0,0.0,0.0,0.0,0.0,0.5821412,0.23358549,0.028124362,0.4707248,0.31033164,0.0,0.0,0.58393824,0.0,0.045017794,0.129498,0.0,0.46677858,0.4083582,0.37494916,0.19452447,1.0542213,0.16068016,0.0,0.115385324,0.81091094,0.5197849,0.0,0.28900394,0.5656877,0.49306673,0.0,0.5339103,0.025598457,0.034300745,0.015894867,0.0,0.22608802,0.0,0.0,0.0,0.0,0.0,0.0,0.23592809,0.2684635,0.0,0.0,0.0,0.31173852,0.20478588,0.12820518,0.0,0.035964765,0.0,0.0,0.0,0.0,0.35377014,0.0,0.04204985,0.0,0.33655664,0.17259169,-0.09914391
-1.4705992,0.30136606,0.69943655,0.0,0.0,0.0,0.62825954,0.39170527,0.0,0.0,0.62217736,0.39925522,0.33773685,1.135331,0.0,0.0,0.16692778,0.40927252,0.0,0.21078782,0.0,0.0,0.0,0.0,0.0,0.0,0.05068642,0.8630992,0.0,0.0,0.5246845,0.0,0.0,0.067298904,0.71937096,0.45540068,0.0,0.40391174,0.0,0.029154778,0.09491488,0.0,0.23791066,0.089798674,0.14403604,0.11352286,0.0,0.0,0.057114124,0.0040011555,0.0,0.0,0.09224556,0.07179989,0.18030486,0.12441261,0.11401042,0.0,0.14675623,0.0,0.0,0.06523674,0.0,0.34575564,0.005405687,0.0,0.0,0.29779315,0.13133126,-0.037102334
-1.5216005,1.6817247,0.31465524,0.0,0.25793967,0.0,0.7459386,1.1104839,0.012323327,0.73054236,0.38851306,0.59702426,0.060332656,0.5531037,0.10221776,0.0,0.19657108,0.6570903,0.0,0.28417903,0.110491395,0.0,0.0,0.0,0.76519763,0.0,0.0,1.1121427,0.17929824,0.0,0.0,0.0,0.0,0.0,1.0053327,0.3025473,0.0,0.42373398,0.18055227,0.10862629,0.32764477,0.0,0.36973912,0.07366541,0.24221605,0.15811151,0.17040187,0.0,0.28360695,0.0,0.004486166,0.0,0.32586962,0.00012395903,0.0,0.13540626,0.17535827,0.0,0.14411113,0.0,0.0,0.38546515,0.0,0.39909995,0.0,0.07244488,0.0,0.13045427,0.021420874,0.010540927
1.2396681,0.3001521,-0.37966233,0.0,0.0,0.0,0.0,0.0,0.35596347,0.0,0.054156333,0.3819105,0.0,0.0,0.9759146,0.0,0.0,0.7581192,0.0,0.0,0.42633885,0.0,0.22375205,0.10810436,1.2628286,0.16410261,0.39469832,0.0667969,0.5295663,0.0,0.17445228,0.5733879,0.0,0.0,0.44167525,0.090630285,0.0,0.0,0.23884177,0.06302258,0.4609996,0.0,0.018291898,0.0,0.0,0.18079393,0.3873754,0.0,0.18551557,0.27219307,0.2880973,0.0,0.30698535,0.0,0.14462066,0.0,0.23193778,0.15922128,0.07717778,0.0,0.0,0.23384883,0.0,0.11487304,0.0,0.3458693,0.019890644,-0.122620896,-0.055204555,0.056927346
2.06549,-2.5053945,-0.8787045,0.20311016,0.0,0.39464375,0.0,0.0,0.0,0.0,0.0,0.06070459,0.72914785,0.08375436,1.1393272,0.97560596,0.21395165,0.18206617,0.0,0.0,0.0,0.0,0.0,1.7492895,0.0268386,2.029979,1.9979248,0.0,0.57622194,0.0,1.6648623,1.3646479,1.3922801,0.4341595,0.0,0.019507544,0.39209366,0.25316608,0.5724153,0.37644428,0.32283515,0.62842023,0.0,0.0,0.0,0.0896439,0.70954216,0.30949003,0.0,0.7117735,0.0,0.23064232,0.023122337,0.0,0.0,0.0,0.31625244,0.23249051,0.0,0.0,0.0,0.6745979,0.0,0.0,0.0,0.0,0.0,-0.40266383,-0.21793114,0.1438186
0.41249266,0.19914544,-0.3322544,0.0,0.0,0.0,0.0,0.0,0.14281026,0.0,0.11050761,0.39947402,0.1775732,0.0,0.7273096,0.0,0.103441976,0.581083,0.0,0.0,0.08936426,0.0,0.0,0.0,0.8188605,0.04796792,0.21749985,0.30851337,0.46322462,0.0,0.3104172,0.40741488,0.0,0.0,0.3797505,0.0,0.0,0.033785507,0.2058845,0.16201456,0.41299438,0.0,0.09428768,0.0,0.0,0.31534183,0.3572555,0.0,0.2112595,0.17872351,0.1337098,0.0,0.3121563,0.0,0.12776017,0.0,0.2658343,0.20611513,0.049460307,0.0,0.0,0.260369,0.0,0.15653707,0.0,0.24514927,0.0,-0.16592582,-0.07590787,0.05167813
-0.85528266,0.50659096,-0.39295688,0.0,0.0,0.0,0.3443284,0.31867886,0.0008960888,0.24362183,0.11603831,0.4923163,0.49029845,0.5275667,0.4314531,0.0,0.5044131,0.3953184,0.0,0.0,0.0,0.0,0.0,0.0,0.41207233,0.0,0.0,0.7572475,0.47177857,0.0,0.23885441,0.058721453,0.0,0.0,0.3797838,0.05279997,0.0,0.08399619,0.16379477,0.21270469,0.37391204,0.0,0.15754034,0.0006799437,0.119309604,0.39426547,0.34523606,0.0,0.17644598,0.1147853,0.0,0.0,0.25488344,0.0,0.0028494224,0.07714606,0.26907015,0.09481004,0.039572902,0.0,0.0,0.30437565,0.0,0.15433201,0.0,0.17977124,0.0,-0.1748612,-0.07671161,0.058129087
-1.2419565,1.483368,1.2224569,0.0,0.30186602,0.0,0.58302885,0.97528875,0.0,0.0041737556,0.78108263,0.4843415,0.0,0.65736204,0.0,0.0,0.0,0.81652105,0.0,0.6056954,0.4190957,0.0,0.39411876,0.0,0.7501538,0.0,0.0,0.94742346,0.0,0.0,0.0,0.0,0.0,0.0,1.3250217,0.613297,0.0,0.5113008,0.0,0.0,0.03794726,0.0,0.18888694,0.2768367,0.1345715,0.0,0.0,0.0,0.17873482,0.0,0.21290636,0.0,0.27188087,0.15814666,0.049524426,0.2071755,0.0,0.0,0.40594095,0.0,0.0,0.16376916,0.0,0.5037763,0.0,0.021873314,0.0,0.4607483,0.18836796,-0.11223865
1.5569595,-1.6601288,0.77722776,0.36090386,0.0,0.2887371,0.0,0.0,0.0,0.0,0.6411953,0.038693845,0.0032682866,0.33569276,0.49393857,0.1719029,0.0,0.55557895,0.0,0.0,0.16362302,0.0,0.8353245,1.3769956,0.23047215,1.0668025,2.1244414,0.0,0.0,0.553396,1.395098,1.0298119,0.2662668,0.75132275,0.29684544,0.5856014,0.07210252,0.80355287,0.11093193,0.14241856,0.0,0.0,0.098840795,0.0,0.0,0.0,0.0,0.0,0.0,0.5724281,0.32202804,0.0,0.0,0.0,0.34345245,0.31260157,0.072741985,0.0,0.0,0.0,0.0,0.0,0.0,0.3201736,0.0,0.046776477,0.0,0.33606598,0.14804102,-0.08999619
-0.8577783,0.24613743,0.1982913,0.0,0.0,0.0,0.32255554,0.20440799,0.0,0.0,0.38514477,0.41094467,0.35391372,0.74246645,0.2024993,0.0,0.23470363,0.4325316,0.0,0.0,0.0,0.0,0.0,0.0,0.24016201,0.0,0.041533172,0.6876466,0.14015865,0.0,0.4504178,0.09827328,0.0,0.0,0.53487897,0.24434109,0.0,0.24725953,0.071593635,0.112414576,0.21628013,0.0,0.20395607,0.04368065,0.034093432,0.21844362,0.117295906,0.0,0.083900064,0.07644382,0.0,0.0,0.16712713,0.018219098,0.13947852,0.081395164,0.20685455,0.06936168,0.07635409,0.0,0.0,0.1528696,0.0,0.25755727,0.0,0.05837041,0.0,0.08851469,0.048860926,-0.007316936
-0.39006844,-0.35939413,0.62711054,0.0,0.0,0.0,0.04452964,0.0,0.0,0.0,0.5836644,0.28379837,0.24309674,0.81564295,0.12859726,0.0,0.0,0.45398864,0.0,0.05809672,0.0,0.0,0.1733062,0.11258839,0.09041342,0.0,0.72286546,0.42530936,0.0,0.0968869,0.8023176,0.32064396,0.0,0.25685787,0.5407473,0.39252245,0.0,0.48475882,0.0,0.055624098,0.040958628,0.0,0.20601436,0.0,0.0,0.07662447,0.0,0.0,0.0,0.14486597,0.07569674,0.0,0.0,0.0,0.2952333,0.15680724,0.20535506,0.037413336,0.0012424998,0.0,0.0,0.0,0.0,0.34770575,0.0,0.064057484,0.0,0.25643978,0.16219673,-0.065717936
1.1330202,-0.54435045,-1.0646769,0.0,0.0,0.0,0.0,0.0,0.28403544,0.0,0.0,0.3455604,0.46392775,0.0,1.1158932,0.2531773,0.34844908,0.42639047,0.0,0.0,0.0,0.0,0.0,0.42899206,0.7432108,0.7804099,0.5224534,0.0045986176,0.8087269,0.0,0.59883934,0.745136,0.565964,0.0,0.0,0.0,0.11650109,0.0,0.34455588,0.2020777,0.4923867,0.0,0.0,0.0,0.0,0.314528,0.7294207,0.10065457,0.21913262,0.40107992,0.024003178,0.0034612864,0.2581771,0.0,0.0,0.0,0.34754235,0.3030463,0.0,0.0,0.0,0.5195802,0.0,0.0,0.0,0.27016884,0.0,-0.37420082,-0.23465486,0.12656508
0.656807,-0.2585636,0.52091,0.0,0.0,0.0,0.0,0.0,0.0,0.0,0.49369073,0.26235622,0.0,0.2115572,0.45711792,0.0,0.0,0.66405946,0.0,0.016364858,0.2705108,0.0,0.49439347,0.34943244,0.63804626,0.15657315,0.94113517,0.11757013,0.0,0.0,0.64098597,0.53757226,0.0,0.124216706,0.59173644,0.43864766,0.0,0.43169376,0.11010069,0.047385357,0.10581432,0.0,0.23089772,0.0,0.0,0.017239884,0.0,0.0,0.0,0.21158394,0.28620842,0.0,0.06433659,0.0,0.25948253,0.18853372,0.10434539,0.0,0.066619225,0.0,0.0,0.0,0.0,0.36044776,0.0,0.040442586,0.0,0.2881678,0.13521324,-0.09232872
0.42971438,-0.19120575,1.0602947,0.0,0.0,0.0,0.0,0.0,0.0,0.0,0.732322,0.23317243,0.0,0.40627906,0.21292621,0.0,0.0,0.72524804,0.0,0.24360292,0.3743741,0.0,0.73803604,0.31911248,0.55468345,0.0,1.0802221,0.17182454,0.0,0.21338746,0.6782496,0.4586265,0.0,0.31536362,0.8182485,0.60966194,0.0,0.6028689,0.0,0.0,0.0,0.0,0.16888925,0.0,0.0,0.0,0.0,0.0,0.0,0.11169423,0.3454197,0.0,0.005331829,0.0,0.28886834,0.29886642,0.029053487,0.0,0.112626985,0.0,0.0,0.0,0.0,0.44173083,0.0,0.1235244,0.0,0.42232797,0.22189112,-0.12237797
0.3538594,-1.5619391,1.0598896,0.19180655,0.0,0.38404968,0.0,0.0,0.0,0.0,0.8034451,0.07476482,0.23489912,0.9774542,0.07815319,0.0,0.0,0.39080438,0.0,0.021800652,0.0,0.0,0.5813517,1.0139219,0.0,0.70948124,1.8268912,0.0,0.0,0.76621747,1.4739593,0.7312223,0.0,0.8782363,0.3721519,0.6115044,0.0,0.8500109,0.0,0.10113161,0.0,0.0,0.17710535,0.0,0.0,0.0,0.0,0.0,0.0,0.4662612,0.26840872,0.0,0.0,0.0,0.38645107,0.3527892,0.20154539,0.0,0.0,0.0,0.0,0.0,0.0,0.32542413,0.0,0.22660759,0.0,0.35234553,0.21702813,-0.09511187
-0.72390014,0.2940265,0.08393915,0.0,0.0,0.0,0.2596409,0.19462618,0.0,0.0,0.328258,0.42098138,0.34032887,0.63245356,0.28263474,0.0,0.24395952,0.45077994,0.0,0.0,0.0,0.0,0.0,0.0,0.33382207,0.0,0.0036095977,0.6588351,0.2093548,0.0,0.39917445,0.12116364,0.0,0.0,0.51191425,0.19610088,0.0,0.20268738,0.08771562,0.120746136,0.25537866,0.0,0.18098705,0.033482064,0.018839449,0.24530973,0.1610025,0.0,0.10500945,0.081347704,0.0,0.0,0.20055187,0.014339995,0.123685956,0.0613134,0.22133397,0.0900489,0.08526339,0.0,0.0,0.1866432,0.0,0.23049101,0.0,0.09367683,0.0,0.037852384,0.027919337,0.00798166
-0.3450808,0.7809986,-0.86744297,0.0,0.0,0.0,0.11083747,0.3280108,0.335924,0.5486545,0.0,0.54471874,0.4238723,0.06529236,0.7580333,0.0,0.5473185,0.47984716,0.0,0.0,0.0,0.0,0.0,0.0,0.8238055,0.0,0.0,0.6636297,0.7637564,0.0,0.0,0.12751128,0.0,0.0,0.3062163,0.0,0.0,0.0,0.24204336,0.27798057,0.5330636,0.0,0.054457717,0.0,0.036930874,0.5145753,0.6149842,0.12441853,0.29855692,0.14906019,0.05030221,0.0,0.37859285,0.0,0.0,0.0,0.37023175,0.17838031,0.0,0.0,0.066746034,0.4467762,0.0,0.093835995,0.0,0.36553702,0.0,-0.3498016,-0.19004573,0.106647246
0.6466317,-0.47127956,-0.65686655,0.0,0.0,0.0,0.0,0.0,0.08233347,0.0,0.0,0.33886382,0.43812752,0.07515964,0.84804475,0.0,0.28552407,0.41642058,0.0,0.0,0.0,0.0,0.0,0.30325395,0.54715645,0.5488128,0.5178965,0.14786148,0.5830281,0.0,0.6419984,0.6099608,0.2637637,0.0,0.046282947,0.0,0.0,0.0,0.31593445,0.20948926,0.4396993,0.0,0.036086842,0.0,0.0,0.32195687,0.5327505,0.0009077452,0.16574864,0.3560103,0.033576302,0.0,0.19183913,0.0,0.049889028,0.0,0.31367424,0.22595647,0.0,0.0,0.0,0.3682557,0.0,0.005665824,0.0,0.24469282,0.0,-0.31771746,-0.1633073,0.08895785
-0.2972844,0.11696261,0.3180695,0.0,0.0,0.0,0.031645782,0.012727648,0.0,0.0,0.42260468,0.36271086,0.1790416,0.5237249,0.3013962,0.0,0.0084891915,0.53170484,0.0,0.012186334,0.0,0.0,0.0689493,0.0,0.4209575,0.0,0.34225434,0.48556754,0.08845398,0.0,0.48782474,0.24866134,0.0,0.0,0.5746276,0.24773307,0.0,0.2840612,0.061049387,0.08573485,0.19619264,0.0,0.19389768,0.0,0.0,0.17409283,0.07374353,0.0,0.04945816,0.09354052,0.088546984,0.0,0.15375707,0.0,0.18469465,0.06563713,0.24441022,0.088787116,0.058579847,0.0,0.0,0.12443374,0.0,0.30510008,0.0,0.08099309,0.0,0.116264015,0.08490981,-0.024094723
-0.3367784,-0.20730577,-0.23009604,0.0,0.0,0.0,0.03680203,0.0,0.0,0.0,0.20292506,0.37318486,0.4968502,0.56572133,0.45514485,0.0,0.34822896,0.35714746,0.0,0.0,0.0,0.0,0.0,0.0,0.23126137,0.10725646,0.2611158,0.47575015,0.34454593,0.0,0.6210337,0.3221333,0.0,0.0,0.24616727,0.04352048,0.0,0.13612096,0.11756785,0.17920513,0.29645258,0.0,0.12608561,0.0,0.0,0.30130866,0.22682846,0.0,0.115089655,0.18386617,0.0,0.0,0.13663834,0.0,0.11201884,0.059942313,0.27039722,0.20710382,0.0,0.0,0.0,0.22150353,0.0,0.111097425,0.0,0.1721886,0.0,-0.12270436,-0.043006867,0.029736826
-1.0555778,0.39395148,0.32014054,0.0,0.0,0.0,0.4299379,0.33131626,0.0,0.0,0.43787956,0.42591605,0.32246387,0.81124485,0.11879924,0.0,0.21595904,0.4486873,0.0,0.069785,0.0,0.0,0.0,0.0,0.23066723,0.0,0.0,0.7664083,0.081716314,0.0,0.3954159,0.019456387,0.0,0.0,0.6201538,0.3069647,0.0,0.28282064,0.055735163,0.08249362,0.18653882,0.0,0.22201017,0.07991426,0.07216564,0.18872592,0.069317885,0.0,0.08836463,0.038065985,0.0,0.0,0.16443941,0.060953908,0.13402194,0.095928565,0.1671954,0.018178666,0.11597718,0.0,0.0,0.14400835,0.0,0.2971819,0.0,0.032769136,0.0,0.16119146,0.07513195,-0.018674973
-0.95601016,1.370509,1.3311111,0.0,0.26671216,0.0,0.431108,0.85467935,0.0,0.0,0.82312655,0.45011708,0.0,0.57303625,0.0,0.0,0.0,0.8640832,0.0,0.6257768,0.51826113,0.0,0.549857,0.0,0.81349903,0.0,0.0,0.8346468,0.0,0.0,0.0,0.0,0.0,0.0,1.3494064,0.6469605,0.0,0.5007725,0.0,0.0,0.034754135,0.0,0.13947764,0.31818202,0.12036663,0.0,0.0,0.0,0.12716977,0.0,0.27226806,0.0,0.26177233,0.1579657,0.036276527,0.23294982,0.0,0.0,0.42450544,0.0,0.0,0.11479677,0.0,0.50942457,0.0,0.06644663,0.0,0.46579134,0.21215928,-0.12200016
-0.18824804,0.7679187,-0.30443892,0.0,0.0,0.0,0.025135286,0.30538335,0.18943837,0.16983664,0.11649081,0.48846197,0.17120838,0.09593794,0.60266495,0.0,0.20726863,0.60111654,0.0,0.0,0.083742164,0.0,0.0,0.0,0.87084585,0.0,0.0,0.5836841,0.47491837,0.0,0.038831264,0.15135282,0.0,0.0,0.53891593,0.0032224385,0.0,0.033242054,0.18645462,0.146825,0.42825985,0.0,0.09755018,0.0,0.0,0.33614826,0.35719347,0.0,0.22435911,0.10313259,0.13865624,0.0,0.3428601,0.0,0.041643612,0.0,0.27855915,0.12280535,0.08325973,0.0,0.0,0.3521504,0.0,0.19745351,0.0,0.25173557,0.0,-0.16371103,-0.053426668,0.054082014
1.9319535,-1.1604627,-0.75575143,0.0,0.0,0.0,0.0,0.0,0.15861368,0.0,0.0,0.21403582,0.29975805,0.0,1.1725315,0.57452476,0.012711741,0.49004295,0.0,0.0,0.025454782,0.0,0.11139259,1.023341,0.7447407,1.2140138,1.2571809,0.0,0.62493205,0.0,0.9151872,1.0472965,0.82153416,0.0,0.0,0.02151406,0.27581114,0.0102041215,0.46878973,0.18642263,0.39023334,0.08683502,0.0,0.0,0.0,0.16105251,0.647409,0.14821725,0.048966274,0.59680617,0.024541214,0.1210831,0.17566496,0.0,0.0,0.0,0.32950947,0.17598812,0.0,0.0,0.0,0.59702957,0.0,0.0,0.0,0.00011006743,0.0,-0.33658028,-0.23973466,0.12635188
0.12556857,-0.7309058,-2.6703997,0.0,0.0,0.0,0.0,0.0,0.51913357,0.547694,0.0,0.50234115,1.4263138,0.063700914,1.3889003,0.4028532,1.5300007,0.0,0.0,0.0,0.0,0.19727603,0.0,0.023879632,0.21883294,1.0616976,0.0,0.37389445,1.5906842,0.0,0.62822807,0.59840417,1.1189301,0.0,0.0,0.0,0.0,0.0,0.19950476,0.3566118,0.7513586,0.3685256,0.0,0.0,0.14423782,0.6440854,1.1594287,0.52353704,0.45235604,0.23381144,0.0,0.0,0.39803222,0.0,0.0,0.0,0.48848253,0.48574662,0.0,0.0,0.006745577,0.89386165,0.0,0.0,0.0,0.51836,0.0,-0.5924856,-0.3721848,0.21702152
-1.3621038,0.8705725,0.35473597,0.0,0.028734714,0.0,0.6137882,0.6517416,0.0,0.16833264,0.44045448,0.4915343,0.25280255,0.79242766,0.06363088,0.0,0.23330766,0.5057651,0.0,0.16566055,0.0,0.0,0.0,0.0,0.36516798,0.0,0.0,0.9345963,0.09341155,0.0,0.15165389,0.0,0.0,0.0,0.76965606,0.34410244,0.0,0.31914765,0.094196826,0.09274665,0.18253218,0.0,0.26826152,0.11327107,0.122560814,0.18101202,0.078306206,0.0,0.15334626,0.0,0.0,0.0,0.21730375,0.07737958,0.07854973,0.12229001,0.13904747,0.0,0.1863921,0.0,0.0,0.20405309,0.0,0.34327173,0.0,0.016484596,0.0,0.18722531,0.06826199,-0.030547448
0.7741087,-0.35129368,1.0987794,0.07686773,0.0,0.0,0.0,0.0,0.0,0.0,0.74416804,0.19704002,0.0,0.29650357,0.27922207,0.0,0.0,0.76152116,0.0,0.22742157,0.45653898,0.0,0.8687834,0.5077263,0.61986107,0.09770596,1.2942717,0.03696543,0.0,0.27296737,0.74405193,0.5689749,0.0,0.37885848,0.80247396,0.65274054,0.0,0.65374696,0.0,0.0,0.0,0.0,0.1518406,0.0,0.0,0.0,0.0,0.0,0.0,0.17171416,0.4018656,0.0,0.0,0.0,0.31003293,0.34956872,0.004949875,0.0,0.09135893,0.0,0.0,0.0,0.0,0.44412085,0.0,0.13414377,0.0,0.44210556,0.22331788,-0.12972559
1.3049464,-1.5202749,0.8037422,0.2979833,0.0,0.25079176,0.0,0.0,0.0,0.0,0.6550664,0.06311366,0.026262656,0.41762078,0.42822155,0.051018596,0.0,0.5434319,0.0,0.0,0.12871487,0.0,0.7740748,1.2342712,0.19425711,0.9320451,1.9800992,0.0,0.0,0.5317813,1.3395536,0.94288486,0.15211159,0.7166426,0.3378158,0.5954878,0.017444093,0.78788185,0.093773246,0.12292457,0.0,0.0,0.1319347,0.0,0.0,0.0,0.0,0.0,0.0,0.5336928,0.3378944,0.0,0.0,0.0,0.36901718,0.29946035,0.09730843,0.0,0.0,0.0,0.0,0.0,0.0,0.32742375,0.0,0.07692018,0.0,0.34485653,0.16402051,-0.099208154
-0.35329923,0.48818958,-0.12872234,0.0,0.0,0.0,0.088270344,0.20343629,0.014890932,0.0,0.21268919,0.44710007,0.2447341,0.32379714,0.47331545,0.0,0.2076019,0.5329497,0.0,0.0,0.0,0.0,0.0,0.0,0.625654,0.0,0.0,0.5833121,0.35208544,0.0,0.23265514,0.16889018,0.0,0.0,0.510199,0.09782554,0.0,0.11578667,0.135038,0.13181578,0.33661303,0.0,0.13606471,0.00087029114,0.0,0.29683542,0.2504245,0.0,0.16142316,0.092176616,0.08446017,0.0,0.28073153,0.0,0.09660797,0.010438949,0.253922,0.12622014,0.11383815,0.0,0.0,0.27070925,0.0,0.20356491,0.0,0.16678873,0.0,-0.059236974,-0.010094099,0.032712497
-0.7577805,0.51539075,-1.4629054,0.0,0.0,0.0,0.30760133,0.26260233,0.35421568,0.84592444,0.0,0.58129865,0.85471135,0.26972792,0.83231014,0.0,1.0245893,0.23828167,0.0,0.0,0.0,0.02060324,0.0,0.0,0.4967461,0.0,0.0,0.7824849,1.0349296,0.0,0.114061415,0.10580742,0.0,0.0,0.0,0.0,0.0,0.0,0.2567685,0.42424923,0.57982045,0.0073569193,0.013388768,0.0,0.24514568,0.6710219,0.80458784,0.2886439,0.32140857,0.1966219,0.0,0.0,0.345634,0.0,0.0,0.029944606,0.43901142,0.23966649,0.0,0.0,0.1824772,0.4637822,0.0,0.0,0.0,0.41478145,0.0,-0.48435622,-0.32206553,0.17244704
-0.8983391,0.46213278,0.18897092,0.0,0.0,0.0,0.35677105,0.32617328,0.0,0.0,0.37182817,0.43884116,0.30157712,0.6780021,0.21281832,0.0,0.22360313,0.47342464,0.0,0.026688695,0.0,0.0,0.0,0.0,0.34752527,0.0,0.0,0.7342553,0.16239835,0.0,0.32868576,0.043739498,0.0,0.0,0.59829456,0.25262395,0.0,0.23690814,0.085944414,0.10018096,0.22894695,0.0,0.20412412,0.06554946,0.038169544,0.22235902,0.1247194,0.0,0.11262186,0.056410313,0.0,0.0,0.19876453,0.044405967,0.12344298,0.07507144,0.18922316,0.041337654,0.118301965,0.0,0.0,0.18544853,0.0,0.27950317,0.0,0.061729036,0.0,0.09926956,0.04857948,-0.0052428804
0.0039832927,0.5249741,0.1696595,0.0,0.0,0.0,0.0,0.15141356,0.006224729,0.0,0.32675272,0.4113205,0.013280079,0.18041514,0.46873772,0.0,0.0,0.6609009,0.0,0.015297219,0.21008788,0.0,0.1275255,0.0,0.80319834,0.0,0.13809119,0.46160918,0.21369249,0.0,0.21098676,0.23397672,0.0,0.0,0.6637029,0.23137364,0.0,0.19279858,0.107507005,0.059196047,0.30361867,0.0,0.15145874,0.015196759,0.0,0.1671063,0.118095845,0.0,0.10107078,0.070927665,0.1875927,0.0,0.2577694,0.0,0.15700458,0.026906982,0.19692938,0.056025848,0.14015695,0.0,0.0,0.18777883,0.0,0.2919054,0.0,0.14452559,0.0,0.09913892,0.067613974,0.0011105109
-0.5044342,0.5191514,-0.5551773,0.0,0.0,0.0,0.17076242,0.23898587,0.12585175,0.25020212,0.032116875,0.49350458,0.43935007,0.3092445,0.584016,0.0,0.47282758,0.43969178,0.0,0.0,0.0,0.0,0.0,0.0,0.58729535,0.0,0.0,0.6572787,0.57144046,0.0,0.18385527,0.13910532,0.0,0.0,0.3388198,0.0,0.0,0.0011646077,0.18335408,0.22107536,0.4303348,0.0,0.10016577,0.0,0.04046535,0.428495,0.42659867,0.0,0.21737693,0.13639149,0.0,0.0,0.30793005,0.0,0.0,0.011436023,0.30454803,0.15559573,0.018595397,0.0,0.0048746094,0.35263395,0.0,0.11074504,0.0,0.2604701,0.0,-0.25657117,-0.110832736,0.07649902
0.7986649,0.27204058,0.13330676,0.0,0.0,0.0,0.0,0.0,0.09949269,0.0,0.29407862,0.352419,0.0,0.0,0.67515504,0.0,0.0,0.7509192,0.0,0.0,0.40521282,0.0,0.3663128,0.06223181,1.0254813,0.0,0.5092123,0.17480722,0.24187845,0.0,0.28278047,0.4671514,0.0,0.0,0.61419576,0.24457781,0.0,0.18468639,0.13690768,0.054078937,0.29205298,0.0,0.13199727,0.0,0.0,0.117014565,0.12999101,0.0,0.09338556,0.151161,0.26839036,0.0,0.24532798,0.0,0.17949167,0.082866475,0.14774306,0.06568983,0.10514881,0.0,0.0,0.092526324,0.0,0.29365668,0.0,0.19739795,0.0,0.10692538,0.06208437,-0.022503663
0.42417374,-0.35287046,-2.4654677,0.0,0.0,0.0,0.0,0.0,0.6334725,0.57775944,0.0,0.51717776,1.1397308,0.0,1.4295874,0.35177106,1.2764192,0.09955445,0.0,0.0,0.0,0.086159825,0.0,0.0,0.5710326,0.8586763,0.0,0.328141,1.5287362,0.0,0.40558204,0.580536,0.9541168,0.0,0.0,0.0,0.0,0.0,0.22863033,0.34174553,0.7200697,0.13617122,0.0,0.0,0.0372944,0.6294806,1.1838002,0.47147173,0.44413716,0.23404506,0.0,0.0,0.41716313,0.0,0.0,0.0,0.5139072,0.4828512,0.0,0.0,0.0,0.8256931,0.0,0.0,0.0,0.55560493,0.0,-0.58062404,-0.37719607,0.17681806
0.4195457,-0.5626596,0.7364408,0.0,0.0,0.0,0.0,0.0,0.0,0.0,0.61103225,0.21763115,0.019392997,0.49402428,0.29230553,0.0,0.0,0.5827514,0.0,0.05563031,0.13218151,0.0,0.5081363,0.46794865,0.34389108,0.23201974,1.1374395,0.13407809,0.0,0.178556,0.8593358,0.5430059,0.0,0.34275687,0.5670344,0.5257178,0.0,0.57086957,0.008260343,0.024445102,0.0,0.0,0.22230119,0.0,0.0,0.0,0.0,0.0,0.0,0.25388238,0.28884915,0.0,0.0,0.0,0.32610676,0.22369313,0.121393,0.0,0.028524252,0.0,0.0,0.0,0.0,0.35411108,0.0,0.048004385,0.0,0.35923442,0.18368767,-0.102718376
-1.7121824,0.44639465,0.13885339,0.0,0.0,0.0,0.7648825,0.5027587,0.0,0.13049775,0.3811965,0.4742881,0.57373756,1.098057,0.009002835,0.0,0.51544386,0.30263454,0.0,0.01697801,0.0,0.0,0.0,0.0,0.0,0.0,0.0,0.9899366,0.15498531,0.0,0.40426075,0.0,0.0,0.0,0.52517176,0.28933024,0.0,0.2836674,0.09211537,0.16746157,0.16458863,0.02524992,0.26449293,0.11134,0.21537349,0.24947017,0.1285211,0.0,0.117292255,0.07588898,0.0,0.0,0.14170548,0.064230084,0.08169649,0.166372,0.15539446,0.0,0.08186466,0.0,0.0,0.16048126,0.0,0.2546926,0.0,0.0,0.0,0.098341584,0.027673587,-0.013252715
0.30999663,0.28808847,0.7001352,0.0,0.0,0.0,0.0,0.0,0.0,0.0,0.5568888,0.32543746,0.0,0.21406701,0.34638107,0.0,0.0,0.7536812,0.0,0.18130006,0.39904314,0.0,0.52779967,0.0,0.7900367,0.0,0.6088542,0.30187005,0.0,0.0,0.37548307,0.33949903,0.0,0.0,0.8199234,0.42857134,0.0,0.36764988,0.0,0.0,0.118634656,0.0,0.16008645,0.027220655,0.0,0.0,0.0,0.0,0.0043329,0.023131989,0.2693717,0.0,0.15916154,0.0,0.16797687,0.17557499,0.06338612,0.0,0.16555062,0.0,0.0,0.0,0.0,0.42021504,0.0,0.11177916,0.0,0.33299834,0.18831122,-0.08774669
0.39183846,-0.7123384,0.5615919,0.0,0.0,0.0,0.0,0.0,0.0,0.0,0.5438334,0.2161353,0.13997906,0.5332239,0.33340222,0.0,0.0,0.5133427,0.0,0.0,0.012102846,0.0,0.3808696,0.51526105,0.24942604,0.35195085,1.132877,0.12854075,0.0,0.14112976,0.9297792,0.572814,0.0,0.33786204,0.4464831,0.46123666,0.0,0.5305147,0.085243195,0.073502146,0.037711337,0.0,0.22674099,0.0,0.0,0.020017803,0.0,0.0,0.0,0.30053177,0.23892541,0.0,0.0,0.0,0.30896655,0.19172795,0.17762667,0.0010028481,0.0,0.0,0.0,0.0,0.0,0.3201424,0.0,0.022385128,0.0,0.2799847,0.14407039,-0.09303949
1.4415557,-0.9409056,-2.2578151,0.0,0.0,0.0,0.0,0.0,0.5922251,0.0,0.0,0.38880312,0.9375447,0.0,1.5830005,0.7623615,0.91842926,0.19551292,0.0,0.0,0.0,0.0,0.0,0.5693402,0.69347495,1.3427927,0.29400143,0.0,1.4089143,0.0,0.67599696,0.92847216,1.287932,0.0,0.0,0.0,0.2682343,0.0,0.33813092,0.23541704,0.608296,0.15757295,0.0,0.0,0.0,0.38895768,1.1158153,0.35914797,0.3659339,0.39784268,0.0,0.09838868,0.3856695,0.0,0.0,0.0,0.417284,0.51696557,0.0,0.0,0.0,0.9044504,0.0,0.0,0.0,0.3151157,0.0,-0.49201477,-0.38210726,0.18995892
-0.0075138523,0.95815957,0.3202982,0.0,0.0,0.0,0.0,0.38566667,0.09182329,0.0,0.3707649,0.4498918,0.0,0.04701951,0.449163,0.0,0.0,0.7847284,0.0,0.14531319,0.41437715,0.0,0.2532291,0.0,1.0454762,0.0,0.0,0.52452624,0.17266572,0.0,0.0,0.13604988,0.0,0.0,0.86347115,0.28839555,0.0,0.18725869,0.08046956,0.0,0.32045478,0.0,0.10173298,0.11234848,0.0,0.095784195,0.051946715,0.0,0.14066757,0.0,0.26029557,0.0,0.30312333,0.04349111,0.095513634,0.04070586,0.10856223,0.0,0.23013261,0.0,0.0,0.19512224,0.0,0.35381883,0.0,0.19051237,0.012781501,0.18894534,0.11006802,-0.017868178
0.621488,0.055011943,0.16402858,0.0,0.0,0.0,0.0,0.0,0.0,0.0,0.32481518,0.33139062,0.0,0.04034269,0.59841174,0.0,0.0,0.67086804,0.0,0.0,0.26594013,0.0,0.3006318,0.12839472,0.8158581,0.05515161,0.5904847,0.1953225,0.19976354,0.0,0.4265187,0.4723708,0.0,0.0,0.54631877,0.2472306,0.0,0.24637035,0.15402384,0.08183673,0.25266248,0.0,0.18634611,0.0,0.0,0.13153864,0.10257039,0.0,0.068515494,0.17530343,0.23438717,0.0,0.19886947,0.0,0.20483118,0.09711501,0.15736163,0.058178127,0.07998856,0.0,0.0,0.09591239,0.0,0.28879622,0.0,0.13226543,0.0,0.11656388,0.06207842,-0.029436091
0.82326716,-0.41732612,-0.7536543,0.0,0.0,0.0,0.0,0.0,0.16470727,0.0,0.0,0.3463729,0.40305078,0.0,0.93410933,0.041948795,0.2710258,0.44734848,0.0,0.0,0.0,0.0,0.0,0.3135527,0.6636147,0.5754344,0.49782896,0.10566646,0.64527965,0.0,0.5853205,0.640747,0.32205716,0.0,0.034885705,0.0,0.016439296,0.0,0.32485998,0.20650627,0.45870245,0.0,0.0,0.0,0.0,0.3258048,0.5974122,0.01968988,0.19046561,0.3647103,0.058159888,0.0,0.22730249,0.0,0.027139522,0.0,0.3210817,0.24568874,0.0,0.0,0.0,0.40080333,0.0,0.0,0.0,0.26746735,0.0,-0.33697256,-0.17746197,0.096580915
-1.2420521,1.4242911,0.8554881,0.0,0.23853675,0.0,0.5833151,0.9313172,0.0,0.18196833,0.6251449,0.5089034,0.0,0.6104702,0.0,0.0,0.0,0.741641,0.0,0.45133758,0.2848614,0.0,0.1718353,0.0,0.7274566,0.0,0.0,0.95700943,0.0,0.0,0.0,0.0,0.0,0.0,1.1575704,0.49958873,0.0,0.45677903,0.0064537674,0.0,0.13706973,0.0,0.2554077,0.19516183,0.111582756,0.0,0.0,0.0,0.1917582,0.0,0.13607925,0.0,0.27473742,0.10970296,0.052960493,0.16200732,0.030578494,0.0,0.30362213,0.0,0.0,0.21774858,0.0,0.4634348,0.0,0.02088157,0.0,0.3907405,0.14605264,-0.078033715
-1.6519462,-0.20641072,1.0617114,0.0,0.0,0.0,0.68302333,0.18108222,0.0,0.0,0.81115156,0.3156588,0.4190122,1.4956573,0.0,0.0,0.1068149,0.31581432,0.0,0.27396262,0.0,0.0,0.0,0.0,0.0,0.0,0.44597003,0.82308203,0.0,0.37858668,0.87059855,0.0,0.0,0.4227474,0.6917013,0.5528921,0.0,0.5723716,0.0,0.0,0.0,0.0,0.16262405,0.0,0.13632074,0.10000699,0.0,0.0,0.0,0.055681795,0.0,0.0,0.0,0.0,0.26577994,0.16798085,0.19540069,0.032495156,0.06273333,0.0,0.0,0.0,0.0,0.39442337,0.079469495,0.096005656,0.0,0.30741715,0.18302752,-0.041363478
1.1620268,-0.7628954,1.0374116,0.20143181,0.0,0.0,0.0,0.0,0.0,0.0,0.7237244,0.13808268,0.0,0.2426466,0.37117267,0.0,0.0,0.73102474,0.0,0.13029258,0.43027502,0.0,0.9324042,0.8273964,0.5618537,0.42102832,1.6173654,0.0,0.0,0.37295285,0.9404317,0.74478495,0.0,0.5044439,0.6678637,0.6704633,0.0,0.73227787,0.0,0.0,0.0,0.0,0.12365097,0.0,0.0,0.0,0.0,0.0,0.0,0.32648814,0.43946296,0.0,0.0,0.0,0.35899633,0.3608422,0.018318206,0.0,0.021329898,0.0,0.0,0.0,0.0,0.4174952,0.0,0.09432166,0.0,0.44727105,0.21478812,-0.12225502
0.070375636,-0.8135148,-1.3819587,0.0,0.0,0.0,0.0,0.0,0.08387423,0.0,0.0,0.38417977,0.9912115,0.36975312,0.9169945,0.06511104,0.89312094,0.10350162,0.0,0.0,0.0,0.0,0.0,0.22006771,0.103755414,0.79804564,0.19987634,0.3128306,0.9086665,0.0,0.8144757,0.57091993,0.5826191,0.0,0.0,0.0,0.0,0.0,0.23741598,0.24376485,0.48407573,0.2427727,0.0,0.0,0.024646778,0.41208097,0.6733208,0.14377093,0.2160318,0.29950914,0.0,0.0,0.16945007,0.0,0.0,0.0,0.36084706,0.3405556,0.0,0.0,0.0,0.5298649,0.0,0.0,0.0,0.31936526,0.0,-0.40336096,-0.18870507,0.12417894
0.80508673,0.21953662,-0.030379828,0.0,0.0,0.0,0.0,0.0,0.13510826,0.0,0.22558849,0.36003107,0.0,0.0,0.72968936,0.0,0.0,0.7126828,0.0,0.0,0.3379671,0.0,0.2670069,0.070083104,1.0031142,0.043258153,0.46570492,0.17300934,0.32296476,0.0,0.29543662,0.48382276,0.0,0.0,0.5314604,0.17616503,0.0,0.13229741,0.1699346,0.07419131,0.33393154,0.0,0.11892369,0.0,0.0,0.15900657,0.20317389,0.0,0.12257512,0.18633804,0.24860533,0.0,0.25693384,0.0,0.1789583,0.03788568,0.18082868,0.09902587,0.08498487,0.0,0.0,0.14515145,0.0,0.23787332,0.0,0.22045928,0.0,0.024962693,0.019809693,0.0057436917
1.444342,-0.71084,0.09827823,0.022688836,0.0,0.0,0.0,0.0,0.0,0.0,0.3039873,0.21343304,0.0,0.0,0.7799037,0.08520806,0.0,0.64190555,0.0,0.0,0.2701633,0.0,0.48374104,0.7588469,0.75324064,0.6653119,1.2450857,0.0,0.19934124,0.0,0.7880393,0.82101274,0.18954888,0.10800013,0.3213778,0.36867362,0.08799438,0.3310157,0.30929047,0.105707005,0.20233934,0.0,0.16359557,0.0,0.0,0.030751362,0.19205026,0.0,0.0,0.43478513,0.29459888,0.015562616,0.0638389,0.0,0.21350339,0.13502896,0.14866857,0.0,0.0006289594,0.0,0.0,0.13683333,0.0,0.21471995,0.0,0.012515239,0.0,0.10351634,0.011045471,-0.03008719
-1.6142282,1.378157,-0.40145886,0.0,0.08804411,0.0,0.78091747,0.94754434,0.120810084,0.9877035,0.09705694,0.62651694,0.45014942,0.582745,0.30199975,0.0,0.63754815,0.44903517,0.0,0.0,0.0,0.0,0.0,0.0,0.5683144,0.0,0.0,1.130765,0.5227778,0.0,0.0,0.0,0.0,0.0,0.612494,0.050346233,0.0,0.2018241,0.2882138,0.2955979,0.47200996,0.0,0.31716627,0.004814662,0.32604465,0.42664155,0.4823708,0.17073101,0.3014841,0.10298319,0.0,0.0,0.32775953,0.0,0.0,0.12498631,0.29448822,0.0,0.0,0.0,0.08033452,0.45140606,0.0,0.24028572,0.0,0.18466395,0.0,-0.20843601,-0.17630167,0.093967
0.8061395,-0.22761159,-0.20954327,0.0,0.0,0.0,0.0,0.0,0.05188533,0.0,0.17031163,0.32268795,0.14651754,0.0,0.7552397,0.0,0.0,0.5788139,0.0,0.0,0.11576916,0.0,0.11940952,0.28073552,0.74877137,0.33819094,0.6352222,0.11266592,0.37724167,0.0,0.53413653,0.58307004,0.014952362,0.0,0.31504524,0.10753437,0.0,0.13086922,0.29186466,0.14982033,0.36903793,0.0,0.14333822,0.0,0.0,0.20908567,0.32001737,0.0,0.12949966,0.2996264,0.19336535,0.0,0.19979838,0.0,0.16837817,0.026572488,0.2444632,0.13937601,0.02877701,0.0,0.0,0.21283048,0.0,0.16603135,0.0,0.16189238,0.0,-0.09961952,-0.061964974,0.025836108
2.1590412,-1.6185832,0.36476624,0.36653388,0.0,0.16282377,0.0,0.0,0.0,0.0,0.43812674,0.05460486,0.0,0.0,0.8042541,0.461779,0.0,0.614068,0.0,0.0,0.28152478,0.0,0.8109646,1.4757237,0.5471198,1.2573096,2.0982182,0.0,0.008742407,0.2567815,1.2752807,1.1669164,0.55243564,0.54647064,0.17875908,0.4838625,0.23890223,0.6306584,0.27150115,0.16706845,0.0,0.04083147,0.038077593,0.0,0.0,0.0,0.08581332,0.071803495,0.0,0.60763943,0.25713795,0.054459475,0.0,0.0,0.21682931,0.26075172,0.053974897,0.0,0.0,0.0,0.0,0.02074493,0.0,0.26175624,0.0,0.0,0.0,0.20352837,0.05429282,-0.06848742
-1.8621353,1.1972407,1.1901659,0.0,0.2572935,0.0,0.87650764,0.96690357,0.0,0.01727724,0.804471,0.4785445,0.0,1.0849341,0.0,0.0,0.0,0.62344235,0.0,0.5560614,0.06673488,0.0,0.1263303,0.0,0.2968523,0.0,0.0,1.099575,0.0,0.0,0.09444776,0.0,0.0,0.0,1.183394,0.61404717,0.0,0.5213492,0.0,0.0,0.0,0.0,0.2615232,0.19679485,0.20734698,0.0,0.0,0.0,0.16714881,0.0,0.07874292,0.0,0.2158522,0.18257533,0.110065825,0.15199868,0.0,0.0,0.3678801,0.0,0.0,0.16377407,0.0,0.456328,0.08388048,0.0,0.0,0.44818646,0.14909524,-0.07935155
0.07736641,0.54817736,0.4850108,0.0,0.0,0.0,0.0,0.15799889,0.0,0.0,0.4594059,0.3839936,0.0,0.19326204,0.38035086,0.0,0.0,0.7331228,0.0,0.14232622,0.34287286,0.0,0.34214878,0.0,0.8406315,0.0,0.29222193,0.42609182,0.054018214,0.0,0.22391808,0.23762546,0.0,0.0,0.8030269,0.36023852,0.0,0.28654978,0.032322384,0.0,0.21040136,0.0,0.15069981,0.06419721,0.0,0.0643088,0.0,0.0,0.05472757,0.005957946,0.24209191,0.0,0.21504894,0.0,0.14033435,0.106178574,0.107478335,0.0,0.18713385,0.0,0.0,0.08735633,0.0,0.37530354,0.0,0.12796713,0.0,0.26051968,0.15583442,-0.050260745
-0.76945317,0.034873925,-0.054500204,0.0,0.0,0.0,0.26751912,0.06477569,0.0,0.0,0.2829568,0.40418217,0.4874156,0.7303415,0.29705095,0.0,0.3651476,0.35842752,0.0,0.0,0.0,0.0,0.0,0.0,0.1661163,0.0,0.071733266,0.6401205,0.25704846,0.0,0.5379912,0.16917048,0.0,0.0,0.36978197,0.14503527,0.0,0.17876086,0.07729031,0.15834352,0.24796112,0.0,0.1640781,0.0,0.047727283,0.2822865,0.18365285,0.0,0.09092289,0.11941382,0.0,0.0,0.16529596,0.0,0.114700764,0.08094835,0.23922035,0.13811556,0.023712926,0.0,0.0,0.16880716,0.0,0.16926664,0.0,0.10848656,0.0,-0.025593005,-0.001276359,0.013250912
-0.7689114,1.2765518,0.7069815,0.0,0.14911813,0.0,0.33800063,0.7403627,0.0,0.04932916,0.5506189,0.4850669,0.0,0.39331174,0.13482624,0.0,0.0,0.77478325,0.0,0.36140615,0.3633833,0.0,0.23936892,0.0,0.86553377,0.0,0.0,0.79315466,0.0,0.0,0.0,0.0,0.0,0.0,1.0777044,0.45624802,0.0,0.3735901,0.013305286,0.0,0.18449765,0.0,0.19528146,0.1931806,0.018359516,0.0,0.0,0.0,0.15761574,0.0,0.20054705,0.0,0.27021706,0.11110248,0.06762074,0.13559136,0.031792462,0.0,0.2974549,0.0,0.0,0.18938354,0.0,0.4479889,0.0,0.07283122,0.0,0.3586994,0.1477103,-0.08000897
2.764444,-1.7585694,-2.4768097,0.0,0.0,0.0,0.0,0.0,0.67334586,0.0,0.0,0.25762904,0.8728215,0.0,1.948877,1.4382578,0.7128031,0.22651571,0.0,0.0,0.0,0.0,0.0,1.3517568,0.8374605,2.116006,1.0620674,0.0,1.5037133,0.0,1.0073597,1.4044418,1.9520059,0.0,0.0,0.0,0.54754424,0.0,0.517486,0.24543193,0.56887597,0.36142188,0.0,0.0,0.0,0.26500478,1.268111,0.5185574,0.26700616,0.64998674,0.0,0.2795487,0.38848275,0.0,0.0,0.0,0.4705277,0.51251686,0.0,0.0,0.0,1.2313205,0.0,0.0,0.0,0.011641756,0.0,-0.54603,-0.4784677,0.23363988
-0.48939392,0.2982591,1.0271269,0.0,0.0,0.0,0.13190368,0.17684576,0.0,0.0,0.7277083,0.33096117,0.0,0.68834114,0.016899824,0.0,0.0,0.6545273,0.0,0.32433313,0.19968842,0.0,0.43603155,0.0,0.41477194,0.0,0.5058658,0.53781205,0.0,0.06902787,0.47404006,0.14922762,0.0,0.14728865,0.90851367,0.5460534,0.0,0.4978862,0.0,0.0,0.0004471168,0.0,0.16543141,0.08932868,0.0,0.0,0.0,0.0,0.0,0.0,0.21123724,0.0,0.07505915,0.0,0.2134153,0.1842292,0.055284306,0.0,0.19960459,0.0,0.0,0.0,0.0,0.4310705,0.0,0.08857152,0.0,0.3989269,0.23010969,-0.10041457
0.11246718,0.9124617,-0.1487273,0.0,0.0,0.0,0.0,0.31749588,0.24692416,0.08541244,0.16550174,0.47992745,0.0,0.0,0.64162815,0.0,0.009861454,0.71940506,0.0,0.0,0.2995264,0.0,0.014878849,0.0,1.0895333,0.0,0.0,0.5036724,0.41823113,0.0,0.0,0.18454176,0.0,0.0,0.66610265,0.08661384,0.0,0.047920287,0.1924643,0.07357426,0.451591,0.0,0.086577535,0.0,0.0,0.23692791,0.29444724,0.0,0.21847604,0.11079699,0.20564322,0.0,0.35259247,0.0,0.10844472,0.0,0.23619393,0.09807842,0.10900304,0.0,0.0,0.31984228,0.0,0.2432235,0.0,0.25869253,0.020293828,-0.070319444,-0.023686357,0.047450893
-0.5164853,1.1815794,-1.2723917,0.0,0.0,0.0,0.22680295,0.562004,0.5509079,1.0759912,0.0,0.63365126,0.5000209,0.0,0.88659185,0.0,0.7582615,0.47238904,0.0,0.0,0.0,0.0,0.0,0.0,0.9907562,0.0,0.0,0.80001634,1.0035604,0.0,0.0,0.014517635,0.0,0.0,0.2613901,0.0,0.0,0.0,0.32077762,0.3449269,0.68850577,0.0,0.06492629,0.0,0.17495057,0.63518906,0.8353614,0.3399793,0.39948612,0.203641,0.010079429,0.0,0.4117712,0.0,0.0,0.0,0.44435793,0.1846916,0.0,0.0,0.18580246,0.57208776,0.0,0.078541115,0.0,0.49541858,0.0,-0.47925204,-0.3347084,0.18200964
-0.4877353,-0.12190581,0.93196446,0.0,0.0,0.0,0.105358,0.0,0.0,0.0,0.7074322,0.2895581,0.08485362,0.8323661,0.015522152,0.0,0.0,0.541051,0.0,0.21846963,0.013493165,0.0,0.34079468,5.7332218e-05,0.1737394,0.0,0.69889426,0.47717226,0.0,0.18261817,0.70587873,0.24078903,0.0,0.28203094,0.73479843,0.4857931,0.0,0.5393518,0.0,0.0,0.0,0.0,0.17477213,0.0,0.0,0.0,0.0,0.0,0.0,0.050697297,0.15497151,0.0,0.0,0.0,0.27421525,0.17624776,0.13182399,0.0,0.09454841,0.0,0.0,0.0,0.0,0.40239003,0.010592602,0.09613493,0.0,0.351109,0.215401,-0.08561742
0.5637481,-0.41165906,-0.4676457,0.0,0.0,0.0,0.0,0.0,0.025582127,0.0,0.07677017,0.33299726,0.37441954,0.13118131,0.7645143,0.0,0.2065767,0.44564936,0.0,0.0,0.0,0.0,0.0,0.2728625,0.5373939,0.4548135,0.5454694,0.17346963,0.48621354,0.0,0.63463616,0.57393664,0.14348724,0.0,0.13714817,0.0,0.0,0.053158686,0.30040848,0.20033747,0.4051122,0.0,0.0936228,0.0,0.0,0.29458556,0.43435,0.0,0.15024479,0.3251956,0.06550844,0.0,0.17759722,0.0,0.09590656,0.0,0.2995959,0.20692396,0.0,0.0,0.0,0.30907387,0.0,0.06204257,0.0,0.1960652,0.0,-0.24885234,-0.1283192,0.06683016
2.6820776,-2.3868551,-0.45735475,0.39538252,0.0,0.3488936,0.0,0.0,0.0,0.0,0.10107745,0.013483226,0.34705448,0.0,1.1687157,1.0312034,0.0,0.40013754,0.0,0.0,0.0,0.0,0.44005793,1.9213172,0.36832768,1.9858854,2.3149521,0.0,0.39107925,0.05687046,1.5860525,1.4677002,1.2941252,0.51819277,0.0,0.19702302,0.43356228,0.40814194,0.49282593,0.30452448,0.16142634,0.43964443,0.0,0.0,0.0,0.0,0.5365903,0.31456125,0.0,0.7647528,0.0,0.22281998,0.010154113,0.0,0.0,0.0713979,0.21466023,0.07428825,0.0,0.0,0.0,0.5199541,0.0,0.06430876,0.0,0.0,0.0,-0.21004534,-0.14874172,0.07997399
0.28860214,-0.16338572,0.33920926,0.0,0.0,0.0,0.0,0.0,0.0,0.0,0.42396265,0.30410638,0.08073169,0.33164033,0.42899713,0.0,0.0,0.584167,0.0,0.0,0.11123137,0.0,0.26444772,0.169078,0.52859545,0.0727182,0.69058436,0.2571641,0.07596059,0.0,0.5997719,0.43919757,0.0,0.033224866,0.5272841,0.300528,0.0,0.34169996,0.10754672,0.07794143,0.15974799,0.0,0.22173989,0.0,0.0,0.111560404,0.03780374,0.0,0.019334212,0.18083015,0.18472959,0.0,0.10691639,0.0,0.23134331,0.123575866,0.17965722,0.051434092,0.04328141,0.0,0.0,0.0625553,0.0,0.30902487,0.0,0.0744877,0.0,0.17095052,0.09815775,-0.051102977
-0.9082081,0.26685706,-0.36736983,0.0,0.0,0.0,0.35535637,0.20653376,0.0,0.096726894,0.14106256,0.4640158,0.57264984,0.6529834,0.38819784,0.0,0.5406063,0.3333599,0.0,0.0,0.0,0.0,0.0,0.0,0.24700111,0.0,0.0,0.7354963,0.4352638,0.0,0.3841798,0.09682587,0.0,0.0,0.30981258,0.059134327,0.0,0.09065622,0.12689671,0.20605235,0.32159677,0.0,0.1431898,0.0015614703,0.11882399,0.3749912,0.29797298,0.0,0.15170036,0.13187657,0.0,0.0,0.21779397,0.0,0.037944175,0.084364355,0.24898091,0.1341169,0.026305314,0.0,0.0,0.25640506,0.0,0.12360296,0.0,0.1583152,0.0,-0.14817987,-0.06622662,0.048234545
-0.1755498,-0.11958384,0.36784202,0.0,0.0,0.0,0.0,0.0,0.0,0.0,0.45144272,0.3256272,0.19806159,0.5616236,0.2971748,0.0,0.0,0.50859106,0.0,0.0,0.0,0.0,0.119542405,0.0153618865,0.3379625,0.0,0.5356178,0.40823084,0.046503067,0.0,0.61843526,0.32478145,0.0,0.04881212,0.52571964,0.2646726,0.0,0.34053877,0.04709233,0.08506582,0.15266003,0.0,0.20955476,0.0,0.0,0.1513765,0.032161005,0.0,0.031200334,0.12802526,0.09123731,0.0,0.08805199,0.0,0.22443548,0.0982558,0.22570816,0.08800972,0.029129414,0.0,0.0,0.08287195,0.0,0.31813562,0.0,0.076754756,0.0,0.14710173,0.09969581,-0.038374793
-0.852225,0.18937452,0.5655917,0.0,0.0,0.0,0.31215075,0.18664506,0.0,0.0,0.5468098,0.37248328,0.23385973,0.831522,0.070954025,0.0,0.05071484,0.48152438,0.0,0.1301993,0.0,0.0,0.023526968,0.0,0.19787267,0.0,0.2434375,0.6584189,0.0,0.0,0.5207554,0.10224643,0.0,0.03157738,0.66547585,0.37054536,0.0,0.36824355,0.009495519,0.052293345,0.12782365,0.0,0.22916141,0.027774226,0.0,0.11960521,0.0,0.0,0.041000113,0.04258593,0.0024742782,0.0,0.11007899,0.0,0.19259849,0.106302455,0.17811106,0.0124912,0.09435779,0.0,0.0,0.08093709,0.0,0.34479776,0.0,0.018809337,0.0,0.23703411,0.13182656,-0.044375103
1.7714494,-2.6032927,-2.81254,0.0,0.0,0.19427058,0.0,0.0,0.3142472,0.0,0.0,0.22718908,1.5673645,0.0,1.7272124,1.4167761,1.3218826,0.0,0.0,0.0,0.0,0.10857123,0.0,1.461606,0.0,2.4773393,1.0760095,0.0,1.5654657,0.0,1.5462643,1.3679862,2.200756,0.0,0.0,0.0,0.4439388,0.0,0.51450217,0.37646967,0.6141103,0.9068721,0.0,0.0,0.0,0.30609018,1.2168304,0.64613605,0.29064536,0.6052375,0.0,0.30651635,0.32700503,0.0,0.0,0.0,0.40289003,0.55705076,0.0,0.0,0.0,1.2695223,0.0,0.0,0.0,0.0,0.0,-0.5999549,-0.45760727,0.23069783
1.3969849,-1.5394322,-1.5918267,0.0,0.0,0.0,0.0,0.0,0.19141233,0.0,0.0,0.2628817,0.89300346,0.0,1.2883462,0.7175224,0.6692257,0.1581397,0.0,0.0,0.0,0.0,0.0,0.95677924,0.30263972,1.5179416,0.92171586,0.0,1.0069098,0.0,1.0936444,1.0281093,1.2100744,0.0,0.0,0.0,0.25965732,0.0,0.45616883,0.26549694,0.495512,0.4032676,0.0,0.0,0.0,0.28506476,0.8553967,0.33141673,0.1910692,0.5062056,0.0,0.16267374,0.20810786,0.0,0.0,0.0,0.36994717,0.35653472,0.0,0.0,0.0,0.7871418,0.0,0.0,0.0,0.05558355,0.0,-0.45254558,-0.31537378,0.15281959
1.4751143,-1.2835344,-0.20031647,0.05282551,0.0,0.0,0.0,0.0,0.0,0.0,0.20216425,0.17034948,0.27207714,0.046083122,0.8447304,0.3127479,0.0,0.46468326,0.0,0.0,0.0,0.0,0.26440623,1.0281082,0.4433484,1.0648985,1.439621,0.0,0.30610642,0.0,1.083986,0.9564912,0.5333127,0.22525981,0.017968953,0.2218237,0.19356266,0.28025237,0.3871876,0.19298927,0.241894,0.11925986,0.077784896,0.0,0.0,0.09978202,0.41526264,0.082947925,0.0,0.55661607,0.11025574,0.06693343,0.017995868,0.0,0.13254987,0.07830401,0.24285302,0.07264109,0.0,0.0,0.0,0.31509557,0.0,0.11916349,0.0,0.0,0.0,-0.10974915,-0.09012288,0.04839976
0.33590397,-0.7670304,-0.32380962,0.0,0.0,0.0,0.0,0.0,0.0,0.0,0.16527997,0.28800634,0.50283283,0.41499183,0.62301314,0.0,0.25392076,0.34228924,0.0,0.0,0.0,0.0,0.0,0.41152117,0.22002497,0.5777973,0.7406504,0.18274377,0.37089226,0.0,0.8742261,0.594134,0.16430601,0.022017226,0.067487985,0.08215257,0.0,0.14823915,0.28950247,0.19880727,0.3262635,0.050233535,0.12190218,0.0,0.0,0.23575014,0.35677674,0.0,0.07219924,0.3787058,0.0,0.0,0.04358967,0.0,0.119465835,0.049489036,0.30200607,0.18749534,0.0,0.0,0.0,0.26773974,0.0,0.051707543,0.0,0.12706594,0.0,-0.19401595,-0.09458041,0.050186187
0.18907905,0.3617414,-0.28766015,0.0,0.0,0.0,0.0,0.007352203,0.13436633,0.0,0.13000672,0.42386115,0.17794445,0.060364604,0.6649063,0.0,0.13093817,0.5828274,0.0,0.0,0.07935447,0.0,0.0,0.0,0.8085809,0.0,0.077501416,0.40153873,0.44539562,0.0,0.2411389,0.32166103,0.0,0.0,0.43703696,0.0,0.0,0.033763975,0.17362879,0.15078275,0.40273285,0.0,0.088617176,0.0,0.0,0.31810963,0.34119105,0.0,0.1932169,0.13762635,0.1274458,0.0,0.33405223,0.0,0.110170096,0.0,0.27622217,0.19084083,0.06759155,0.0,0.0,0.26423052,0.0,0.16370277,0.0,0.23463042,0.0,-0.1485396,-0.05407004,0.052012324
1.740178,-0.48962504,0.97865117,0.2477299,0.0,0.0,0.0,0.0,0.0,0.0,0.66311806,0.15188918,0.0,0.0,0.5708018,0.0,0.0,0.89774954,0.0,0.1425717,0.7340859,0.0,1.1301928,0.84439147,0.9910949,0.3934537,1.6155827,0.0,0.0,0.18650278,0.72606903,0.81861067,0.0,0.34235764,0.7660576,0.7015201,0.0,0.6579814,0.07187745,0.0,0.0,0.0,0.08312644,0.0,0.0,0.0,0.0,0.0,0.0,0.3126205,0.4989546,0.0,0.015652124,0.0,0.30428,0.3896914,0.0,0.0,0.08689353,0.0,0.0,0.0,0.0,0.45637113,0.0,0.089240536,0.0,0.4309386,0.2014048,-0.14700332
1.7373961,-0.7321865,-0.7985391,0.0,0.0,0.0,0.0,0.0,0.2655191,0.0,0.0,0.27606428,0.2398667,0.0,1.170629,0.42020875,0.040262323,0.54481244,0.0,0.0,0.099475235,0.0,0.056977257,0.73734784,0.90547407,0.9434059,0.93676287,0.0,0.6772029,0.0,0.6813499,0.91409945,0.6438751,0.0,0.0,0.0,0.21942063,0.0,0.41241863,0.17153293,0.44045466,0.0,0.0,0.0,0.0,0.20241363,0.6656918,0.07398483,0.112541944,0.5265465,0.081112266,0.055609383,0.2214407,0.0,0.0,0.0,0.3322554,0.21577054,0.0,0.0,0.0,0.540089,0.0,0.0,0.0,0.13562699,0.0,-0.33778292,-0.2218975,0.12814003
0.5502414,-2.063853,-0.31499672,0.0,0.0,0.40131703,0.0,0.0,0.0,0.0,0.22590435,0.12575044,0.8434662,0.8082439,0.5696378,0.23887867,0.35439485,0.083227396,0.0,0.0,0.0,0.0,0.0,1.1530174,0.0,1.351749,1.5397067,0.0,0.26082265,0.17089006,1.6027727,0.9161742,0.6773324,0.54424894,0.0,0.21622975,0.11767301,0.36189333,0.35156506,0.2671873,0.21411669,0.39638957,0.08921145,0.0,0.0,0.12733942,0.5128874,0.072409034,0.0,0.57404315,0.0,0.0035655573,0.0,0.0,0.014333814,0.058658756,0.38623923,0.2663159,0.0,0.0,0.0,0.25859764,0.0,0.04199399,0.0,0.104547665,0.0,-0.21046293,-0.0520937,0.052906066
0.44417202,-1.0073649,0.5034791,0.0,0.0,0.05114028,0.0,0.0,0.0,0.0,0.5314623,0.18424089,0.2386869,0.60938513,0.34322584,0.0,0.0,0.44509554,0.0,0.0,0.0,0.0,0.3374324,0.67710173,0.10362974,0.54270333,1.2882214,0.0694499,0.0,0.22194234,1.088964,0.6483991,0.0,0.43335232,0.33103174,0.46885878,0.0,0.55263436,0.1237504,0.102979355,0.034154013,0.0,0.22046468,0.0,0.0,0.0067671686,0.026619188,0.0,0.0,0.37566167,0.21058396,0.0,0.0,0.0,0.3130555,0.20261592,0.19911909,0.018443568,0.0,0.0,0.0,0.0,0.0,0.28355575,0.0,0.027203068,0.0,0.2529387,0.12539342,-0.0909769
0.8543707,-1.094964,-0.03203515,0.0,0.0,0.0,0.0,0.0,0.0,0.0,0.28870487,0.20328322,0.33972728,0.327972,0.63387585,0.025617719,0.0,0.41555548,0.0,0.0,0.0,0.0,0.15962969,0.7716001,0.2599839,0.7972684,1.218881,0.0,0.21027756,0.0,1.0476179,0.7727245,0.26461276,0.24310353,0.11031681,0.29545176,0.05795201,0.32009816,0.31843516,0.1556741,0.23625952,0.050904475,0.14660801,0.0,0.0,0.1094397,0.3299877,0.0,0.0,0.4734921,0.11989828,0.0,0.0,0.0,0.21688886,0.08068849,0.27406704,0.07197328,0.0,0.0,0.0,0.17465465,0.0,0.16165109,0.0,0.02374113,0.0,-0.023574248,-0.026730008,0.01868525
-0.24245687,1.509291,1.1270647,0.0,0.23443255,0.0,0.08394808,0.75624377,0.0,0.0,0.70129365,0.4550653,0.0,0.109046996,0.14982295,0.0,0.0,1.0016841,0.0,0.55678505,0.7785431,0.0,0.6975825,0.0,1.2318172,0.0,0.0,0.6424285,0.0,0.0,0.0,0.0,0.0,0.0,1.3534749,0.5702028,0.0,0.43995234,0.0,0.0,0.175652,0.0,0.083481655,0.31776768,0.020151284,0.0,0.0,0.0,0.13524292,0.0,0.3687449,0.0,0.2980766,0.11426981,0.003602527,0.22748138,0.0,0.0,0.39336532,0.0,0.0,0.12906325,0.0,0.5245439,0.0,0.18198928,0.014427066,0.41379094,0.20744272,-0.1141037
0.39612702,0.61417586,1.4040649,0.0,0.0,0.0,0.0,0.15229222,0.0,0.0,0.84218603,0.29990825,0.0,0.17675047,0.15097862,0.0,0.0,0.96369076,0.0,0.51064694,0.769006,0.0,1.0049914,0.0,0.99742144,0.0,0.7747537,0.28939065,0.0,0.089603454,0.2532962,0.27220455,0.0,0.12067819,1.2147058,0.69214904,0.0,0.52319264,0.0,0.0,0.0,0.0,0.05708979,0.17227659,0.0,0.0,0.0,0.0,0.0,0.0,0.42770123,0.0,0.13841301,0.0,0.12733608,0.33049166,0.0,0.0,0.3313789,0.0,0.0,0.0,0.0,0.56802964,0.0,0.18929014,0.0,0.4561924,0.27305907,-0.15397388
0.61346996,-0.03139442,0.631282,0.0,0.0,0.0,0.0,0.0,0.0,0.0,0.53174436,0.28140146,0.0,0.16698875,0.42580697,0.0,0.0,0.72694075,0.0,0.09750183,0.37307966,0.0,0.56550115,0.23254144,0.7467932,0.0,0.85064894,0.16068219,0.0,0.0,0.5254987,0.4770314,0.0,0.07610142,0.7069968,0.44917527,0.0,0.42377272,0.04505927,0.013785943,0.092822894,0.0,0.20904101,0.0,0.0,0.0,0.0,0.0,0.0,0.12952341,0.29437637,0.0,0.113212414,0.0,0.23388857,0.21319841,0.069630966,0.0,0.10435787,0.0,0.0,0.0,0.0,0.3984673,0.0,0.08073644,0.0,0.33158112,0.16972223,-0.097041495
1.1400819,-1.2422154,-0.051748667,0.019902617,0.0,0.021260142,0.0,0.0,0.0,0.0,0.2768942,0.17604135,0.30625135,0.2326735,0.7057094,0.15719187,0.0,0.4336844,0.0,0.0,0.0,0.0,0.23624483,0.92885447,0.30729657,0.9412422,1.3809125,0.0,0.21893111,0.0,1.1051574,0.8686252,0.38545367,0.28179154,0.07169306,0.295314,0.12762208,0.33741364,0.33912656,0.17375067,0.21126005,0.09531679,0.1235601,0.0,0.0,0.0904014,0.34955508,0.023922108,0.0,0.5180984,0.12084542,0.013879858,0.0,0.0,0.18985184,0.09098399,0.24927768,0.06218767,0.0,0.0,0.0,0.21607736,0.0,0.15882713,0.0,0.0,0.0,-0.031562977,-0.03720717,0.02621035
-1.7447337,-0.37935582,0.4502354,0.0,0.0,0.0,0.7252582,0.090141594,0.0,0.0,0.5584829,0.35156223,0.72882044,1.4946265,0.0,0.0,0.4761875,0.15560049,0.0,0.0060826093,0.0,0.0,0.0,0.0,0.0,0.0,0.2343127,0.85662186,0.0,0.10744169,0.9148183,0.024517328,0.0,0.2623978,0.3832438,0.3767769,0.0,0.41033876,0.0,0.11892161,0.09973312,0.022834025,0.20133968,0.052735727,0.16690134,0.25380772,0.1279394,0.0,0.0,0.13469909,0.0,0.0,0.0,0.013695136,0.1800188,0.1807638,0.24402532,0.1538022,0.00040991977,0.0,0.0,0.0,0.0,0.2793596,0.0,0.037751827,0.0,0.13301975,0.07753931,-0.024741368
0.30713466,0.16229449,0.20440371,0.0,0.0,0.0,0.0,0.0,0.0,0.0,0.34863448,0.35330948,0.02227725,0.16998483,0.5082815,0.0,0.0,0.6412721,0.0,0.0,0.19940375,0.0,0.22220513,0.0,0.7313082,0.0,0.45152757,0.308567,0.1756796,0.0,0.3966577,0.37794977,0.0,0.0,0.5787443,0.23198076,0.0,0.24280292,0.10382788,0.07690136,0.24493885,0.0,0.17881086,0.0,0.0,0.15255173,0.08584713,0.0,0.07472521,0.124338284,0.18984814,0.0,0.20021069,0.0,0.19710857,0.07209094,0.1784631,0.072959274,0.087479666,0.0,0.0,0.11206174,0.0,0.30202344,0.0,0.13310194,0.0,0.11732756,0.07305677,-0.022422206
1.1444352,-0.11673196,0.75129217,0.023531854,0.0,0.0,0.0,0.0,0.0,0.0,0.5682136,0.23951042,0.0,0.0,0.5202991,0.0,0.0,0.83061206,0.0,0.12273793,0.5789132,0.0,0.81814057,0.44684508,0.9394346,0.11839964,1.1177142,0.0,0.0,0.0,0.5402969,0.61150604,0.0,0.13145933,0.7592244,0.5613512,0.0,0.47506878,0.080130264,0.0,0.080620304,0.0,0.18441772,0.0,0.0,0.0,0.0,0.0,0.0,0.18080592,0.39763385,0.0,0.09954531,0.0,0.23670962,0.28937054,0.009049177,0.0,0.12925692,0.0,0.0,0.0,0.0,0.4321961,0.0,0.07690186,0.0,0.3779488,0.17075899,-0.1228042
1.2207644,-1.5505073,0.32946205,0.17571557,0.0,0.20543632,0.0,0.0,0.0,0.0,0.4543521,0.10370064,0.23748876,0.38286453,0.5686209,0.15689778,0.0,0.44100797,0.0,0.0,0.0,0.0,0.46108848,1.1634715,0.15281942,1.042916,1.753763,0.0,0.0,0.28091392,1.3151125,0.9423032,0.3501843,0.5504581,0.13131586,0.4320725,0.103556246,0.57704914,0.22903517,0.17528,0.0,0.093178086,0.13003561,0.0,0.0,0.0,0.15882686,0.0,0.0,0.5327552,0.17227426,0.0,0.0,0.0,0.24587068,0.19301617,0.18215828,0.0,0.0,0.0,0.0,0.0,0.0,0.24674413,0.0,0.0014099032,0.0,0.16765413,0.09280602,-0.059870683
-1.0591631,1.6526785,-0.29671255,0.0,0.1427491,0.0,0.5185986,0.9673927,0.28580725,0.943036,0.10804327,0.6273632,0.1550757,0.20735146,0.43837464,0.0,0.3665379,0.63876605,0.0,0.031125307,0.08824274,0.0,0.0,0.0,0.9823326,0.0,0.0,0.9935756,0.51417655,0.0,0.0,0.0,0.0,0.0,0.7758648,0.0019185944,0.0,0.20829025,0.29721603,0.20418705,0.54867065,0.0,0.28610992,0.0,0.1813927,0.3645621,0.46952534,0.10662936,0.35729432,0.11592342,0.008224562,0.0,0.39103866,0.0,0.0,0.015687093,0.29110655,0.0,0.0,0.0,0.0587342,0.5118423,0.0,0.29601592,0.0,0.26211864,0.0,-0.19541296,-0.13898055,0.107451685
1.1254946,-0.6654675,0.3111204,0.007214397,0.0,0.0,0.0,0.0,0.0,0.0,0.40574247,0.21342576,0.0,0.085593134,0.62314343,0.0,0.0,0.62570894,0.0,0.0,0.23131974,0.0,0.49969912,0.6705955,0.6249941,0.5275921,1.2185514,0.0,0.079610616,0.0,0.8121271,0.73430955,0.015843898,0.18684006,0.40335318,0.4315289,0.03243199,0.4251955,0.2546999,0.097821444,0.14971606,0.0,0.22110441,0.0,0.0,0.020375714,0.08935687,0.0,0.0,0.37718743,0.32746178,0.0,0.017728046,0.0,0.27085093,0.16799904,0.12281219,0.0,0.029251907,0.0,0.0,0.024587039,0.0,0.28499323,0.0,0.0,0.0,0.20408776,0.063124165,-0.073843315
0.33739117,0.3186973,-0.7487868,0.0,0.0,0.0,0.0,0.0,0.29357272,0.011168361,0.0,0.4523824,0.3173167,0.0,0.8624925,0.0,0.3269706,0.5249649,0.0,0.0,0.0,0.0,0.0,0.0,0.86706895,0.06242121,0.0,0.37179643,0.6881916,0.0,0.20495024,0.37576747,0.0,0.0,0.24538127,0.0,0.0,0.0,0.20982924,0.20355508,0.4707768,0.0,0.0003798008,0.0,0.0,0.4203207,0.528035,0.0,0.27627796,0.19655132,0.123621866,0.0,0.38307995,0.0,0.0365818,0.0,0.31191003,0.2851624,0.049497716,0.0,0.0,0.350548,0.0,0.041287407,0.0,0.340003,0.0008046925,-0.28164795,-0.13083823,0.081331015
-1.6219724,-0.11269342,-1.0806094,0.0,0.0,0.0,0.6972907,0.14643174,0.0,0.47509855,0.0,0.509492,1.1751192,1.0358634,0.4127195,0.0,1.1916747,0.0,0.0,0.0,0.0,0.12978911,0.0,0.0,0.0,0.0,0.0,0.9372723,0.7459972,0.0,0.59148693,0.034430653,0.0,0.0,0.0,0.0,0.0,0.0,0.1625331,0.35533637,0.44772667,0.3000169,0.10174393,0.0,0.3989907,0.6053513,0.55172205,0.08440335,0.19609533,0.21416,0.0,0.0,0.2108531,0.0,0.0,0.1803693,0.3644799,0.20442303,0.0,0.0,0.09489482,0.308467,0.0,0.0,0.0,0.25216863,0.0,-0.3891023,-0.17774318,0.15673317
1.2326479,-0.48889187,0.28493994,0.0,0.0,0.0,0.0,0.0,0.0,0.0,0.38159862,0.23213641,0.0,0.0,0.67599416,0.0,0.0,0.6834234,0.0,0.0,0.33024764,0.0,0.53920996,0.6058831,0.7784252,0.45476598,1.1404483,0.0,0.1130306,0.0,0.6983184,0.721768,0.0,0.099524796,0.45592666,0.41280836,0.017829943,0.37581998,0.26180765,0.08856503,0.18151803,0.0,0.21073705,0.0,0.0,0.019345507,0.08966097,0.0,0.0,0.34996924,0.34290147,0.0,0.07177678,0.0,0.24187839,0.17765725,0.11264612,0.0,0.050498527,0.0,0.0,0.031333722,0.0,0.28878534,0.0,0.02825591,0.0,0.19399014,0.06272757,-0.07437477
0.71953404,0.19922008,0.7726378,0.0,0.0,0.0,0.0,0.0,0.0,0.0,0.57748246,0.29213405,0.0,0.049239993,0.4243482,0.0,0.0,0.82493067,0.0,0.18910469,0.5430259,0.0,0.70864224,0.16122591,0.92583525,0.0,0.818603,0.1558341,0.0,0.0,0.39808023,0.44859684,0.0,0.031286046,0.84467006,0.49313903,0.0,0.40939203,0.007650826,0.0,0.099735,0.0,0.16523322,0.0,0.0,0.0,0.0,0.0,0.0,0.06121348,0.34077454,0.0,0.15636766,0.0,0.18276864,0.24224108,0.014986873,0.0,0.1680815,0.0,0.0,0.0,0.0,0.446937,0.0,0.11129532,0.0,0.36867923,0.18899906,-0.108737
0.33995184,0.10224809,-0.07452304,0.0,0.0,0.0,0.0,0.0,0.018361457,0.0,0.22964156,0.3688607,0.13469586,0.12310338,0.60957867,0.0,0.006796621,0.5872432,0.0,0.0,0.104154095,0.0,0.06358136,0.0,0.72048366,0.028651252,0.367617,0.30318362,0.31730348,0.0,0.39935958,0.40506288,0.0,0.0,0.4485212,0.10181022,0.0,0.14918266,0.1657906,0.12712078,0.33465517,0.0,0.14880972,0.0,0.0,0.24071543,0.2278938,0.0,0.14045002,0.16252513,0.14004394,0.0,0.23942217,0.0,0.17487408,0.02286242,0.2414847,0.14251414,0.059304845,0.0,0.0,0.18894951,0.0,0.22989784,0.0,0.18027619,0.0,-0.037031457,-0.007048592,0.020834329
-0.89193195,1.068609,0.31649727,0.0,0.049271017,0.0,0.39077652,0.6459912,0.0,0.18341535,0.39650995,0.4990911,0.06085539,0.4636612,0.22062129,0.0,0.07400652,0.63729936,0.0,0.17547922,0.11947937,0.0,0.0,0.0,0.69983435,0.0,0.0,0.81952137,0.14937109,0.0,0.0,0.0,0.0,0.0,0.8455789,0.32023066,0.0,0.27450287,0.12197535,0.058740117,0.26920357,0.0,0.23168908,0.098205164,0.022263356,0.16544814,0.10153493,0.0,0.17087267,0.0,0.10384875,0.0,0.27070236,0.062915675,0.07750918,0.074660234,0.15966937,0.0,0.20597363,0.0,0.0,0.2565762,0.0,0.36343482,0.0,0.07344197,0.0,0.1698259,0.07172739,-0.027135551
0.051964663,-0.42463025,0.9086894,0.0,0.0,0.0,0.0,0.0,0.0,0.0,0.69239557,0.23400441,0.02419439,0.66454065,0.14428508,0.0,0.0,0.57189184,0.0,0.15171222,0.097269684,0.0,0.4914447,0.31178764,0.24834454,0.041737504,1.0251725,0.2620746,0.0,0.24922106,0.83016366,0.42678237,0.0,0.37051383,0.6595731,0.53721356,0.0,0.609491,0.0,0.0,0.0,0.0,0.20295084,0.0,0.0,0.0,0.0,0.0,0.0,0.1659732,0.25582266,0.0,0.0,0.0,0.33290434,0.23651311,0.1173365,0.0,0.04190974,0.0,0.0,0.0,0.0,0.37727225,0.0,0.09568663,0.0,0.3807096,0.21365365,-0.09580628
-0.9385937,0.14479063,0.4938254,0.0,0.0,0.0,0.35345337,0.18059468,0.0,0.0,0.52117693,0.37689567,0.3009429,0.8800988,0.06895453,0.0,0.121802285,0.44233304,0.0,0.09598173,0.0,0.0,0.0,0.0,0.13414216,0.0,0.20891348,0.68230194,0.0,0.0,0.5465773,0.09404549,0.0,0.026317224,0.6170199,0.35050073,0.0,0.3539031,0.02121883,0.07368703,0.13414793,0.0,0.2338645,0.030693125,0.016348671,0.14512298,0.0052112937,0.0,0.043147653,0.052394822,0.0,0.0,0.10300259,0.0,0.18296021,0.11039059,0.18238136,0.029821618,0.07479266,0.0,0.0,0.08109953,0.0,0.32420915,0.0,0.0110467,0.0,0.20913827,0.11299574,-0.042308815
0.7635585,-0.6356459,0.18212062,0.0,0.0,0.0,0.0,0.0,0.0,0.0,0.36186486,0.24269408,0.14301509,0.2378023,0.5728523,0.0,0.0,0.540575,0.0,0.0,0.065960824,0.0,0.2969455,0.5331501,0.47867224,0.46970254,1.0308125,0.04299894,0.13525325,0.0,0.8134572,0.6498258,0.0,0.14250457,0.3395339,0.32725692,0.0,0.35707086,0.2508774,0.12259354,0.19917615,0.0,0.21625315,0.0,0.0,0.09285397,0.1595065,0.0,0.0017136037,0.34802327,0.23774426,0.0,0.03014428,0.0,0.24133807,0.13239466,0.19658552,0.055945367,0.009814218,0.0,0.0,0.07833494,0.0,0.2405974,0.0,0.03373399,0.0,0.10057253,0.031088136,-0.04466083
-0.59399503,-0.20277867,1.3240068,0.0,0.0,0.0,0.14928117,0.0,0.0,0.0,0.8851751,0.25066406,0.0,0.9936682,0.0,0.0,0.0,0.56672704,0.0,0.36161757,0.06251744,0.0,0.5266545,0.06296408,0.06475502,0.0,0.8911221,0.47806787,0.0,0.44562843,0.80251884,0.22407371,0.0,0.47110084,0.8610718,0.63910455,0.0,0.6811955,0.0,0.0,0.0,0.0,0.12862511,0.0,0.039824598,0.0,0.0,0.0,0.0,0.02220022,0.22892146,0.0,0.0,0.0,0.31280074,0.23359367,0.067654535,0.0,0.10800368,0.0,0.0,0.0,0.0,0.4423574,0.08745263,0.15377554,0.0,0.4237119,0.23266771,-0.08351512
0.20825186,0.70251983,0.16593847,0.0,0.0,0.0,0.0,0.19716504,0.1037767,0.0,0.30867147,0.42427891,0.0,0.0045344234,0.54007715,0.0,0.0,0.7415271,0.0,0.039523378,0.35304433,0.0,0.2151097,0.0,1.0015092,0.0,0.09975204,0.42510659,0.23931515,0.0,0.09039405,0.24251485,0.0,0.0,0.7313745,0.22021307,0.0,0.15030698,0.11706102,0.040836737,0.33732837,0.0,0.109315224,0.032997753,0.0,0.14450532,0.13538204,0.0,0.13529964,0.051570073,0.23787998,0.0,0.30654204,0.0,0.12731959,0.017606512,0.15610325,0.048672907,0.16609001,0.0,0.0,0.18365969,0.0,0.31293184,0.0,0.18707159,0.0,0.10088359,0.06696399,0.0012652855
-0.56736016,0.51091605,-0.18993928,0.0,0.0,0.0,0.19784772,0.26219267,0.0,0.049483955,0.19301277,0.46371496,0.32566005,0.41471475,0.4387293,0.0,0.30557314,0.48629507,0.0,0.0,0.0,0.0,0.0,0.0,0.54159635,0.0,0.0,0.65716314,0.37757075,0.0,0.2320784,0.11746772,0.0,0.0,0.48019135,0.09957312,0.0,0.11450066,0.14119981,0.15292895,0.33499923,0.0,0.1478896,0.011013791,0.0017179307,0.3213133,0.26545447,0.0,0.16534288,0.09706135,0.03171198,0.0,0.2677837,0.0,0.072610945,0.037965223,0.24732587,0.10920832,0.09972283,0.0,0.0,0.27652287,0.0,0.19657794,0.0,0.15714462,0.0,-0.07721907,-0.023594894,0.032545775
0.27904338,0.8150614,1.0772867,0.0,0.0034675002,0.0,0.0,0.2723433,0.0,0.0,0.69501674,0.35639352,0.0,0.09753218,0.2502471,0.0,0.0,0.9332856,0.0,0.41621453,0.7003174,0.0,0.7891396,0.0,1.0706797,0.0,0.47594988,0.37386134,0.0,0.0,0.1140317,0.21165848,0.0,0.0,1.1403677,0.5813791,0.0,0.4043606,0.0,0.0,0.10695313,0.0,0.086264625,0.19373342,0.0,0.0,0.0,0.0,0.01934284,0.0,0.38028407,0.0,0.20905331,0.0,0.08810368,0.2518964,0.0,0.0,0.32836276,0.0,0.0,0.0,0.0,0.513111,0.0,0.16592377,0.0,0.4059595,0.23101953,-0.12069123
0.03168692,0.7510362,1.3252853,0.0,0.03295493,0.0,0.0,0.30450293,0.0,0.0,0.8147991,0.3375774,0.0,0.29829708,0.09140122,0.0,0.0,0.9113837,0.0,0.5074684,0.65822154,0.0,0.84109384,0.0,0.91070485,0.0,0.54909885,0.42900538,0.0,0.017939001,0.19844604,0.16327107,0.0,0.05211802,1.2055253,0.6542397,0.0,0.49166414,0.0,0.0,0.019895151,0.0,0.079365015,0.22472908,0.0,0.0,0.0,0.0,0.0,0.0,0.3821969,0.0,0.15554716,0.0,0.106109135,0.28637344,0.0,0.0,0.33981672,0.0,0.0,0.0,0.0,0.53184986,0.0,0.15724584,0.0,0.44530016,0.2638666,-0.13856213
1.667614,-1.7902671,-0.14112672,0.18596166,0.0,0.21020672,0.0,0.0,0.0,0.0,0.24594411,0.0977509,0.35127833,0.15377097,0.8337984,0.48111045,0.0,0.3939511,0.0,0.0,0.0,0.0,0.32036826,1.3566865,0.23541331,1.3756926,1.8110075,0.0,0.23829843,0.075412124,1.364872,1.1053901,0.73208773,0.4455258,0.0,0.26225477,0.24964283,0.40522674,0.3815271,0.24536954,0.15326898,0.25642696,0.041226886,0.0,0.0,0.014214322,0.4011798,0.1305442,0.0,0.6216724,0.011200815,0.08071353,0.0,0.0,0.105277695,0.10138117,0.22264904,0.066530734,0.0,0.0,0.0,0.28171,0.0,0.14143787,0.0,0.0,0.0,-0.08384642,-0.05992441,0.040643275
0.3300727,-0.8558677,-0.7654775,0.0,0.0,0.0,0.0,0.0,0.0,0.0,0.0,0.31570995,0.69652605,0.3684095,0.7683095,0.0,0.49602708,0.24691683,0.0,0.0,0.0,0.0,0.0,0.3983624,0.17972174,0.72962475,0.5864085,0.1933338,0.5934097,0.0,0.88000363,0.6227426,0.38578197,0.0,0.0,0.0,0.0,0.0040327087,0.30241135,0.2135132,0.41268998,0.15988585,0.01975502,0.0,0.0,0.3088675,0.51251286,0.06612634,0.11420867,0.38386086,0.0,0.0,0.0880409,0.0,0.0,0.0,0.33562288,0.22713727,0.0,0.0,0.0,0.39688933,0.0,0.0,0.0,0.21885972,0.0,-0.345632,-0.14918606,0.09131367
-0.7712782,0.43086308,0.6844291,0.0,0.0,0.0,0.28559306,0.29845378,0.0,0.0,0.58318913,0.38744968,0.0888104,0.71833766,0.07147917,0.0,0.0,0.5734007,0.0,0.21507646,0.038037226,0.0,0.14541814,0.0,0.37232664,0.0,0.18719944,0.6642864,0.0,0.0,0.38695177,0.06643084,0.0,0.0,0.79606915,0.42051753,0.0,0.37610126,0.0,0.0,0.11196186,0.0,0.21888599,0.08242348,0.0,0.06204085,0.0,0.0,0.04294905,0.0,0.09678087,0.0,0.14841178,0.026755236,0.17345017,0.111721516,0.12455342,0.0,0.17263103,0.0,0.0,0.09367231,0.0,0.37583464,0.0,0.041006885,0.0,0.30974674,0.16855554,-0.058291603
0.9251209,-1.4118412,-0.5038908,0.0,0.0,0.052213013,0.0,0.0,0.0,0.0,0.097595096,0.20360406,0.5932147,0.32426172,0.79138684,0.24954462,0.24275541,0.27693266,0.0,0.0,0.0,0.0,0.0,0.89594233,0.123269886,1.1002005,1.2026291,0.0,0.43154538,0.0,1.174783,0.8675142,0.59796035,0.18733498,0.0,0.11314754,0.12334286,0.17719576,0.39751118,0.22423281,0.33655548,0.25504,0.06540423,0.0,0.0,0.18162762,0.50191164,0.09822701,0.023373678,0.5213562,0.0,0.03933377,0.0,0.0,0.04481481,0.012910321,0.32280737,0.17870037,0.0,0.0,0.0,0.39214382,0.0,0.0032423586,0.0,0.024278518,0.0,-0.25807357,-0.136272,0.09141326
0.6625851,0.78374743,1.7769532,0.02830252,0.060462713,0.0,0.0,0.19310746,0.0,0.0,0.9852559,0.2770584,0.0,0.043298542,0.10690376,0.0,0.0,1.1172837,0.0,0.6811717,1.0474958,0.0,1.3364251,0.0,1.2078402,0.0,0.932673,0.21294506,0.0,0.21339402,0.17093152,0.2869147,0.0,0.18215579,1.4357781,0.8137651,0.0,0.60715127,0.0,0.0,0.0,0.0,0.0,0.22356378,0.0,0.0,0.0,0.0,0.0,0.0,0.5411959,0.0,0.1454111,0.0,0.08545083,0.44130224,0.0,0.0,0.4007098,0.0,0.0,0.0,0.0,0.65574163,0.0,0.25800478,0.0,0.5012541,0.30962855,-0.18780446
1.1498052,-1.365865,-1.5789427,0.0,0.0,0.0,0.0,0.0,0.19137976,0.0,0.0,0.29224885,0.9089362,0.0,1.2315112,0.5935935,0.7193381,0.15252659,0.0,0.0,0.0,0.0,0.0,0.79603755,0.28875017,1.3682212,0.75367695,0.0,1.0056578,0.0,1.0168512,0.93549,1.0904922,0.0,0.0,0.0,0.2078294,0.0,0.41813168,0.2627132,0.5074025,0.3571905,0.0,0.0,0.0,0.31244677,0.83738977,0.30341023,0.2165064,0.4547577,0.0,0.12661767,0.21431732,0.0,0.0,0.0,0.36183903,0.36391264,0.0,0.0,0.0,0.73115903,0.0,0.0,0.0,0.122168794,0.0,-0.4442407,-0.30008537,0.14614384
-1.0808401,0.6676089,-0.37464464,0.0,0.0,0.0,0.46761495,0.45513916,0.0,0.39276177,0.12431626,0.5188618,0.50157386,0.5859561,0.37751967,0.0,0.5463996,0.39190155,0.0,0.0,0.0,0.0,0.0,0.0,0.40072224,0.0,0.0,0.85204065,0.4674455,0.0,0.16794354,0.0,0.0,0.0,0.42580652,0.07991266,0.0,0.1087064,0.18394084,0.22915716,0.38332486,0.0,0.19300464,0.018016767,0.17850205,0.403696,0.36229056,0.0,0.18571906,0.100763366,0.0,0.0,0.25467324,0.0,0.0,0.10270363,0.26783165,0.03620921,0.036733404,0.0,0.006649554,0.31987154,0.0,0.18273711,0.0,0.16559419,0.0,-0.16698769,-0.078898385,0.06467989
-1.3157885,0.39544263,0.8270391,0.0,0.0,0.0,0.55513996,0.4099093,0.0,0.0,0.6669675,0.39310396,0.21340722,1.0425687,0.0,0.0,0.038136456,0.4826504,0.0,0.27401495,0.0,0.0,0.03160604,0.0,0.09460455,0.0,0.10413593,0.8225328,0.0,0.0,0.47014013,0.0,0.0,0.07054986,0.8103685,0.4914086,0.0,0.4275495,0.0,0.0,0.0851367,0.0,0.23151061,0.08382338,0.102326676,0.067505665,0.0,0.0,0.05412829,0.0,0.0,0.0,0.10549812,0.05487003,0.19668975,0.11555922,0.10286079,0.0,0.17942174,0.0,0.0,0.06783831,0.0,0.3837391,0.028127424,0.0,0.0,0.33640906,0.14926708,-0.042271078
1.357259,-1.4268299,-1.1823876,0.0,0.0,0.0,0.0,0.0,0.0917285,0.0,0.0,0.24259365,0.7176817,0.0,1.1439762,0.56947386,0.45534593,0.2447997,0.0,0.0,0.0,0.0,0.0,0.9400749,0.3367002,1.35122,1.0337545,0.0,0.8015022,0.0,1.0748537,0.98504174,0.98446536,0.0,0.0,0.0,0.21994571,0.0,0.4658794,0.2530868,0.45360816,0.32967204,0.0,0.0,0.0,0.25309637,0.7282104,0.246495,0.13586874,0.5187766,0.0,0.13684663,0.16528215,0.0,0.0,0.0,0.34838846,0.28164405,0.0,0.0,0.0,0.6666859,0.0,0.0,0.0,0.02833208,0.0,-0.4130156,-0.27252787,0.13228284
-0.9730861,0.527304,-0.252204,0.0,0.0,0.0,0.40325308,0.36154655,0.0,0.20635629,0.180331,0.48744386,0.4675219,0.60762644,0.35216653,0.0,0.4670704,0.4005951,0.0,0.0,0.0,0.0,0.0,0.0,0.364998,0.0,0.0,0.79027385,0.39546472,0.0,0.25193238,0.024285167,0.0,0.0,0.43646497,0.11132706,0.0,0.12758377,0.14792311,0.19093595,0.33385873,0.0,0.17859997,0.025649745,0.123634234,0.3568432,0.29280022,0.0,0.16229086,0.10032709,0.0,0.0,0.23500797,0.0,0.024983197,0.0880983,0.24376392,0.06770995,0.055456124,0.0,0.0,0.2763178,0.0,0.19197536,0.0,0.14059849,0.0,-0.1063053,-0.04681264,0.043245718
0.37123364,-1.3765292,-1.065108,0.0,0.0,0.0044912994,0.0,0.0,0.0,0.0,0.0,0.27842534,0.9594823,0.49194202,0.8406493,0.2134586,0.70760214,0.08368003,0.0,0.0,0.0,0.0,0.0,0.643288,0.0,1.1020416,0.7544397,0.1151647,0.70569843,0.0,1.1449744,0.74958956,0.7131537,0.0,0.0,0.0,0.01851787,0.0,0.3508156,0.22316656,0.42711735,0.3743431,0.0,0.0,0.0,0.28478703,0.6036459,0.19960491,0.107506424,0.43837637,0.0,0.014500879,0.042406872,0.0,0.0,0.0,0.3740049,0.28220066,0.0,0.0,0.0,0.5232442,0.0,0.0,0.0,0.16228586,0.0,-0.39771533,-0.17908786,0.107634254
0.91360587,0.09649895,-1.1799952,0.0,0.0,0.0,0.0,0.0,0.47435465,0.0,0.0,0.43987453,0.37143552,0.0,1.1503508,0.058565676,0.39293706,0.51379657,0.0,0.0,0.0,0.0,0.0,0.015110213,1.0186236,0.40148136,0.041661948,0.1784601,0.9165542,0.0,0.23729044,0.5632574,0.33694628,0.0,0.033248752,0.0,0.011377625,0.0,0.23350738,0.18418717,0.5298098,0.0,0.0,0.0,0.0,0.4069619,0.77756447,0.014431238,0.3102225,0.29256713,0.120207526,0.0,0.37009835,0.0,0.0,0.0,0.35600585,0.35268372,0.057395346,0.0,0.0,0.48451504,0.0,0.0,0.0,0.45324326,0.04795315,-0.35923886,-0.18425293,0.116806485
-1.1428686,0.6683695,0.038284272,0.0,0.0,0.0,0.4943028,0.484546,0.0,0.16950154,0.30537888,0.48599958,0.3670756,0.69654834,0.21656653,0.0,0.35299626,0.44871616,0.0,0.0045638084,0.0,0.0,0.0,0.0,0.35915154,0.0,0.0,0.8506052,0.24950677,0.0,0.21586269,0.0,0.0,0.0,0.5894165,0.22442734,0.0,0.21721211,0.13237017,0.14935616,0.26651537,0.0,0.22680992,0.07286465,0.10909316,0.27705434,0.19801107,0.0,0.1491103,0.064307734,0.0,0.0,0.21974912,0.034224704,0.066397965,0.10017543,0.19965643,0.0,0.10767345,0.0,0.0,0.23761213,0.0,0.27357733,0.0,0.07016003,0.0,0.032793064,0.010742791,0.010002976
1.1122862,-1.312146,-0.43552664,0.0,0.0,0.0015507042,0.0,0.0,0.0,0.0,0.11525124,0.20189111,0.4792071,0.20120625,0.8264234,0.26668966,0.13333505,0.34807155,0.0,0.0,0.0,0.0,0.0,0.90703297,0.2659684,1.0646,1.2357802,0.0,0.41202205,0.0,1.1079999,0.8868352,0.5705861,0.16392297,0.0,0.12393263,0.14129819,0.18487465,0.41971195,0.21795647,0.33935955,0.19393373,0.07432753,0.0,0.0,0.17716624,0.49935156,0.0802768,0.023357391,0.533746,0.0,0.049973257,0.014677698,0.0,0.07800129,0.01593662,0.31890827,0.16182949,0.0,0.0,0.0,0.39423773,0.0,0.029513642,0.0,0.0,0.0,-0.24123898,-0.14407088,0.09187116
0.3638762,-0.17822199,-1.2626126,0.0,0.0,0.0,0.0,0.0,0.30353007,0.0,0.0,0.43688783,0.65673214,0.0,1.0076714,0.0,0.6508079,0.32874388,0.0,0.0,0.0,0.0,0.0,0.0,0.6062533,0.46832478,0.0,0.31281617,0.9137975,0.0,0.43529865,0.49970174,0.35983548,0.0,0.0,0.0,0.0,0.0,0.22152345,0.24299279,0.5137904,0.0,0.0,0.0,0.0,0.45658654,0.7210806,0.058049157,0.3032866,0.2549095,0.0,0.0,0.3172042,0.0,0.0,0.0,0.32954046,0.35971752,0.03393755,0.0,0.0,0.47843948,0.0,0.0,0.0,0.4086979,0.0,-0.3817915,-0.21083523,0.11499197
-0.004058868,0.83418775,0.06374746,0.0,0.0,0.0,0.0,0.3109452,0.13336682,0.0,0.26574647,0.45717904,0.0,0.044476777,0.52937037,0.0,0.0,0.71379215,0.0,0.023907349,0.290824,0.0,0.091288395,0.0,0.98306453,0.0,0.0,0.51733935,0.29583082,0.0,0.022694677,0.16949975,0.0,0.0,0.7199851,0.17539342,0.0,0.116402164,0.1414858,0.050562173,0.36806273,0.0,0.10652791,0.041110393,0.0,0.18226793,0.18079194,0.0,0.16920163,0.05945158,0.21811591,0.0,0.32077497,0.0065789856,0.12226152,0.0,0.18677908,0.057812482,0.16303504,0.0,0.0,0.25638753,0.0,0.29031664,0.0,0.1936737,0.016113684,0.049269777,0.03928803,0.01883422
0.17563178,-0.40053144,0.021292645,0.0,0.0,0.0,0.0,0.0,0.0,0.0,0.3023594,0.30804914,0.30805472,0.42190433,0.48972163,0.0,0.07820232,0.45391545,0.0,0.0,0.0,0.0,0.01397155,0.21864986,0.3482099,0.25869003,0.64326954,0.27216357,0.21660967,0.0,0.71321946,0.47191492,0.0,0.013065875,0.31569272,0.16047592,0.0,0.24567327,0.206811,0.15654622,0.2638281,0.0,0.19163597,0.0,0.0,0.2041741,0.19747642,0.0,0.07824451,0.25909424,0.07348033,0.0,0.09047614,0.0,0.18947963,0.07433581,0.26906186,0.15406565,0.0,0.0,0.0,0.17128886,0.0,0.1884561,0.0,0.09258109,0.0,-0.032055967,-0.018758431,-8.3053485e-05
-0.6044027,1.8409754,1.581796,0.0,0.40700808,0.0,0.28181392,1.0287313,0.0,0.0,0.89508426,0.4697664,0.0,0.2552789,0.0,0.0,0.0,1.0840971,0.0,0.7956884,0.904712,0.0,0.8679675,0.0,1.2426744,0.0,0.0,0.78421104,0.0,0.0,0.0,0.0,0.0,0.0,1.6229644,0.70149815,0.0,0.5823679,0.0,0.0,0.07262871,0.0,0.08392443,0.40036488,0.123230964,0.0,0.0,0.0,0.1783277,0.0,0.39038926,0.0,0.32019573,0.13858107,0.0,0.30585864,0.0,0.0,0.48651144,0.0,0.0,0.12713116,0.0,0.5893898,0.0,0.15651655,0.0,0.49548563,0.24692109,-0.13792045
-1.2621171,0.17530672,2.6684809,0.0,0.12646195,0.0,0.49411142,0.34858698,0.0,0.0,1.4732867,0.20682588,0.0,1.4506025,0.0,0.0,0.0,0.7483368,0.0,0.96378225,0.36164963,0.0,1.1172984,0.0,0.0,0.0,1.0881432,0.6778539,0.0,1.1090046,0.78340155,0.0,0.0,0.8667166,1.487381,1.0778254,0.0,1.0204344,0.0,0.0,0.0,0.0,0.0,0.00089746714,0.3477631,0.0,0.0,0.0,0.0,0.0,0.41775155,0.0,0.0,0.0,0.24723575,0.4244711,0.0,0.0,0.30486622,0.0,0.0,0.0,0.0,0.6671074,0.22702295,0.34444076,0.0,0.5695757,0.27913705,-0.08523212
0.10729967,-0.8376264,1.4525293,0.11934382,0.0,0.13501641,0.0,0.0,0.0,0.0,0.94644344,0.13638544,0.0,0.8995019,0.0,0.0,0.0,0.5769314,0.0,0.2982456,0.12916075,0.0,0.7933714,0.6151432,0.015877485,0.15988404,1.523541,0.15314233,0.0,0.71875226,1.119518,0.5127773,0.0,0.7457429,0.7497595,0.7284303,0.0,0.8780216,0.0,0.0,0.0,0.0,0.13916755,0.0,0.0,0.0,0.0,0.0,0.0,0.20363086,0.3479568,0.0,0.0,0.0,0.40357056,0.38077798,0.05270956,0.0,0.013085663,0.0,0.0,0.0,0.0,0.4158364,0.0,0.22741172,0.0,0.47908467,0.2691595,-0.10568625
-1.2210191,0.03968666,-0.5581246,0.0,0.0,0.0,0.50001043,0.15278909,0.0,0.15440714,0.081456214,0.4663144,0.8106877,0.86757433,0.3513099,0.0,0.7711644,0.18761402,0.0,0.0,0.0,0.0,0.0,0.0,0.0,0.0,0.0,0.8083153,0.5025052,0.0,0.5227045,0.07926005,0.0,0.0,0.14113045,0.010988217,0.0,0.061303258,0.1194171,0.26023173,0.31865722,0.11731268,0.13629705,0.0,0.22812507,0.43431482,0.3437424,0.0,0.14278401,0.16791935,0.0,0.0,0.17543611,0.0,0.0,0.12770051,0.2586842,0.16393521,0.0,0.0,0.0,0.24420269,0.0,0.049759135,0.0,0.16831392,0.0,-0.22773647,-0.0873505,0.07236839
0.13590558,-0.15184414,0.6386451,0.0,0.0,0.0,0.0,0.0,0.0,0.0,0.5587194,0.28593862,0.012634054,0.46362403,0.28407964,0.0,0.0,0.6069133,0.0,0.08823052,0.14909042,0.0,0.3877453,0.15804605,0.45490384,0.0,0.7740947,0.29164746,0.0,0.0,0.6376867,0.39484274,0.0,0.1511755,0.64314115,0.42840734,0.0,0.45690426,0.0,0.024873316,0.058321744,0.0,0.22015858,0.0,0.0,0.03565514,0.0,0.0,0.0,0.13100784,0.21758741,0.0,0.05488383,0.0,0.2721589,0.16584608,0.12563165,0.0,0.07689834,0.0,0.0,0.0,0.0,0.3705365,0.0,0.05931492,0.0,0.31671998,0.17589577,-0.08073933
-1.2688984,0.54263735,0.07573745,0.0,0.0,0.0,0.54915947,0.4491225,0.0,0.105238736,0.3325661,0.4730771,0.4313674,0.8180373,0.15891871,0.0,0.391414,0.40104935,0.0,0.0008533299,0.0,0.0,0.0,0.0,0.22623473,0.0,0.0,0.8688327,0.21392311,0.0,0.30323756,0.0,0.0,0.0,0.5566693,0.2435327,0.0,0.23375618,0.10997881,0.1476795,0.22747944,0.0,0.22959003,0.08194779,0.12934446,0.26313657,0.16439867,0.0,0.13159643,0.071814045,0.0,0.0,0.18909812,0.045538276,0.083958395,0.11496308,0.1822447,0.005398581,0.096414596,0.0,0.0,0.20422281,0.0,0.26462692,0.0,0.045412898,0.0,0.060376443,0.01903639,0.0010660123
-2.2525303,2.2316284,1.182323,0.0,0.56679106,0.0,1.1384352,1.5963212,0.0,0.75996464,0.7639277,0.6169317,0.0,0.8852923,0.0,0.0,0.0,0.7871325,0.0,0.7271641,0.30479681,0.0,0.07971701,0.0,0.7188662,0.0,0.0,1.3825026,0.0,0.0,0.0,0.0,0.0,0.0,1.4904506,0.573014,0.0,0.6910548,0.0521956,0.0,0.17318769,0.0,0.40300524,0.14108685,0.38619554,0.0,0.0,0.0,0.35344946,0.0,0.008703813,0.0,0.32657114,0.06946579,0.0,0.21323982,0.020763509,0.0,0.27971005,0.0,0.0,0.3575515,0.0,0.55919236,0.079418026,0.0,0.0,0.41437024,0.09271559,-0.03632442
-0.111399196,0.71011716,-0.076978736,0.0,0.0,0.0,0.0,0.26572335,0.11667443,0.0,0.21500602,0.45899853,0.08158794,0.12167543,0.53915685,0.0,0.07257969,0.640498,0.0,0.0,0.16059458,0.0,0.0,0.0,0.8655,0.0,0.0,0.53902996,0.35414338,0.0,0.08895865,0.17511721,0.0,0.0,0.61680675,0.10637959,0.0,0.09311998,0.1576335,0.094443694,0.37673277,0.0,0.1119038,0.0062866434,0.0,0.2490795,0.24060753,0.0,0.18391971,0.08750355,0.16766967,0.0,0.31551924,0.0,0.115267135,0.0,0.23498012,0.10713211,0.12933935,0.0,0.0,0.29059595,0.0,0.23970565,0.0,0.19488005,0.009642065,-0.035821125,-0.0018849075,0.0331001
0.6107302,0.4638601,-1.1122665,0.0,0.0,0.0,0.0,0.0,0.50628227,0.23713785,0.0,0.48962456,0.3228567,0.0,1.0754755,0.0,0.40668136,0.5516289,0.0,0.0,0.02581159,0.0,0.0,0.0,1.0900817,0.1184024,0.0,0.3269205,0.9014977,0.0,0.059544057,0.4157706,0.1116437,0.0,0.16117597,0.0,0.0,0.0,0.23261188,0.22227429,0.5492273,0.0,0.0,0.0,0.0,0.46778306,0.7485955,0.018179253,0.3097812,0.2371318,0.15388195,0.0,0.41865355,0.0,0.0,0.0,0.40466088,0.3128385,0.019212157,0.0,0.0,0.4336125,0.0,0.0,0.0,0.46224806,0.0,-0.3783642,-0.16969828,0.110029615
1.0819383,-1.7253876,0.11604149,0.12902707,0.0,0.2655714,0.0,0.0,0.0,0.0,0.3758458,0.1070534,0.41428375,0.48231983,0.5910492,0.21163589,0.0,0.33762395,0.0,0.0,0.0,0.0,0.2689423,1.1866897,0.0,1.164279,1.7113428,0.0,0.08658877,0.24009648,1.4058492,0.95340776,0.47738996,0.54636955,0.0,0.3574258,0.13405506,0.4888483,0.2735897,0.21402228,0.06899476,0.19799435,0.104924485,0.0,0.0,0.0,0.27799833,0.012543671,0.0,0.57148105,0.034128554,0.0,0.0,0.0,0.19678694,0.14828527,0.23983958,0.056327753,0.0,0.0,0.0,0.07719218,0.0,0.18145804,0.0,0.01052738,0.0,0.046362128,0.03968953,-0.0072689243
0.38407427,0.24134497,-0.32744518,0.0,0.0,0.0,0.0,0.0,0.14868438,0.0,0.111539245,0.40518567,0.17114824,0.0,0.7214693,0.0,0.104490116,0.58617777,0.0,0.0,0.09590748,0.0,0.0,0.0,0.83011997,0.017391203,0.18720455,0.32371724,0.463298,0.0,0.28912884,0.39198187,0.0,0.0,0.3936184,0.0,0.0,0.03174109,0.19872186,0.15898454,0.41157544,0.0,0.09332243,0.0,0.0,0.3171621,0.35466552,0.0,0.2096505,0.16988939,0.13406162,0.0,0.3218903,0.0,0.12755433,0.0,0.2671621,0.2030071,0.050549347,0.0,0.0,0.25871798,0.0,0.15839565,0.0,0.24726364,0.0,-0.16203701,-0.07108958,0.05193732
0.3362386,0.33491635,-0.07090901,0.0,0.0,0.0,0.0,0.0,0.08873879,0.0,0.2197214,0.39611688,0.06104158,0.03545919,0.626732,0.0,0.0,0.6413654,0.0,0.0,0.19121926,0.0,0.08633938,0.0,0.8542354,0.0,0.23737416,0.34014067,0.3357138,0.0,0.26612598,0.3549704,0.0,0.0,0.5247015,0.10939224,0.0,0.11171496,0.15769705,0.109173685,0.3578934,0.0,0.12113682,0.0,0.0,0.23169039,0.23899218,0.0,0.1458381,0.13392061,0.17211327,0.0,0.29294214,0.0,0.1596439,0.0,0.23235348,0.1291803,0.078585394,0.0,0.0,0.19623683,0.0,0.2384825,0.0,0.19551703,0.0,-0.028976686,-0.00010471791,0.026233306
-0.18777779,0.21310219,-0.15413278,0.0,0.0,0.0,0.0,0.020916462,0.0,0.0,0.20927012,0.4101572,0.29043984,0.33955026,0.50397795,0.0,0.2040956,0.49687755,0.0,0.0,0.0,0.0,0.0,0.0,0.5429165,0.0,0.10572323,0.49009556,0.34772617,0.0,0.37378392,0.26490453,0.0,0.0,0.42104158,0.07147728,0.0,0.119167894,0.12266557,0.1493667,0.3299445,0.0,0.12744872,0.0,0.0,0.30176422,0.24842283,0.0,0.13216509,0.11964682,0.06181793,0.0,0.24942854,0.0,0.113226734,0.0159029,0.28363743,0.17187718,0.06376962,0.0,0.0,0.23750618,0.0,0.17008746,0.0,0.17808843,0.0,-0.08638196,-0.016959876,0.035243675
-0.09717147,0.8113993,0.8024822,0.0,0.0,0.0,0.0,0.3468487,0.0,0.0,0.59021163,0.39481857,0.0,0.24240431,0.24423511,0.0,0.0,0.81328785,0.0,0.3130511,0.47246748,0.0,0.49203205,0.0,0.9029019,0.0,0.23580948,0.5054299,0.0,0.0,0.12075049,0.1347177,0.0,0.0,1.0059559,0.48023483,0.0,0.34929785,0.0,0.0,0.15899827,0.0,0.121560745,0.17514053,0.0,0.0,0.0,0.0,0.04476258,0.0,0.29546386,0.0,0.20836517,0.032495447,0.1016058,0.16261925,0.023290657,0.0,0.28245318,0.0,0.0,0.06722975,0.0,0.43809992,0.0,0.1429135,0.0,0.35476968,0.1918332,-0.08356887
-0.27207136,0.18980336,-0.17633475,0.0,0.0,0.0,0.029014058,0.027280986,0.0,0.0,0.20395738,0.41273642,0.33178055,0.38822535,0.4870017,0.0,0.24603042,0.47130433,0.0,0.0,0.0,0.0,0.0,0.0,0.49096194,0.0,0.082588494,0.51409364,0.3539343,0.0,0.39231834,0.25142163,0.0,0.0,0.3996089,0.06855246,0.0,0.115416184,0.11722769,0.15425614,0.32610357,0.0,0.12580594,0.0,0.0,0.3076349,0.24917655,0.0,0.13015334,0.121317446,0.037218116,0.0,0.24185222,0.0,0.10687518,0.022815451,0.28021002,0.1731846,0.057569314,0.0,0.0,0.23635502,0.0,0.15812324,0.0,0.17701668,0.0,-0.09296273,-0.021083817,0.036688447
-0.34513444,-1.1625102,-1.590805,0.0,0.0,0.0,0.0,0.0,0.0,0.0,0.0,0.37784111,1.3057894,0.6816026,0.8484953,0.073091626,1.1827143,0.0,0.0,0.0,0.0,0.10428733,0.0,0.25472832,0.0,0.9626067,0.17187479,0.39998394,0.9705851,0.0,1.0303006,0.5564459,0.7145287,0.0,0.0,0.0,0.0,0.0,0.21151033,0.23380664,0.5318749,0.418892,0.0,0.0,0.14210226,0.4361667,0.7064283,0.19901069,0.2071052,0.3276955,0.0,0.0,0.13783827,0.0,0.0,0.0,0.41813055,0.38446367,0.0,0.0,0.0,0.60768205,0.0,0.0,0.0,0.34664142,0.0,-0.45128804,-0.19116704,0.17099044
0.8511637,0.0036469728,-1.9249024,0.0,0.0,0.0,0.0,0.0,0.6632735,0.36410528,0.0,0.4954458,0.69619685,0.0,1.3859386,0.25800312,0.8106542,0.35596436,0.0,0.0,0.0,0.0,0.0,0.0,0.9594587,0.6149816,0.0,0.2216508,1.2947729,0.0,0.21887076,0.5876306,0.6789074,0.0,0.0,0.0,0.01726656,0.0,0.23798963,0.266165,0.64425397,0.0,0.0,0.0,0.0,0.52422655,1.0625364,0.27057165,0.39407426,0.26912066,0.0,0.0,0.42015493,0.0,0.0,0.0,0.46652728,0.4440085,0.0,0.0,0.0,0.68824524,0.0,0.0,0.0,0.54484475,0.0,-0.50183135,-0.31155533,0.1555791
-0.6619271,1.0549601,0.562622,0.0,0.06265685,0.0,0.2717576,0.5949416,0.0,0.0,0.49520218,0.4670176,0.0,0.39612672,0.19568157,0.0,0.0,0.7199619,0.0,0.26678216,0.27665806,0.0,0.17147486,0.0,0.7906427,0.0,0.0,0.73264956,0.028790802,0.0,0.005399555,0.0,0.0,0.0,0.95423144,0.4161858,0.0,0.30798855,0.03563727,0.0,0.20005095,0.0,0.18247108,0.16454794,0.0,0.049986303,0.0,0.0,0.12662767,0.0,0.19188303,0.0,0.2522604,0.11056417,0.09642352,0.100072965,0.07194574,0.0,0.27295327,0.0,0.0,0.17845821,0.0,0.41044953,0.0,0.0749516,0.0,0.30878776,0.1359823,-0.06567866
1.2801973,-0.8143919,-0.83621544,0.0,0.0,0.0,0.0,0.0,0.15926945,0.0,0.0,0.28815067,0.4194522,0.0,1.0533329,0.30504197,0.21900508,0.4301771,0.0,0.0,0.0,0.0,0.0,0.64284885,0.6467611,0.9089966,0.8243756,0.0,0.67156243,0.0,0.7650496,0.82954854,0.59620965,0.0,0.0,0.0,0.14450264,0.0,0.4044223,0.21040146,0.44814467,0.030129604,0.0,0.0,0.0,0.262544,0.65289605,0.10147853,0.14657654,0.46714002,0.009830847,0.043159388,0.19848183,0.0,0.0,0.0,0.33701694,0.24404386,0.0,0.0,0.0,0.5084302,0.0,0.0,0.0,0.15027177,0.0,-0.36226028,-0.23217495,0.11546207
0.35218582,-1.783422,-0.60474294,0.0,0.0,0.25206438,0.0,0.0,0.0,0.0,0.09380849,0.19171107,0.92294145,0.74734986,0.6407197,0.18453628,0.53060687,0.061734945,0.0,0.0,0.0,0.0,0.0,0.91093886,0.0,1.2215502,1.18814,0.03478524,0.42887872,0.0,1.4287,0.8196651,0.659256,0.32783842,0.0,0.10487431,0.07204069,0.20327729,0.35783538,0.24931431,0.32590923,0.39925835,0.048561476,0.0,0.0,0.20366737,0.56342083,0.13607612,0.017785713,0.5153771,0.0,0.014629401,0.0,0.0,0.0,0.01419349,0.38577607,0.28107712,0.0,0.0,0.0,0.37098297,0.0,0.0,0.0,0.13659862,0.0,-0.30828908,-0.10956621,0.0873375
-1.7655656,1.1967318,2.0689137,0.0,0.36365554,0.0,0.8184181,0.9759656,0.0,0.0,1.1813891,0.3990929,0.0,1.20217,0.0,0.0,0.0,0.7884462,0.0,0.9011163,0.37137574,0.0,0.67966163,0.0,0.31314164,0.0,0.083814204,1.0244155,0.0,0.39898154,0.17750534,0.0,0.0,0.24341202,1.5443051,0.87315196,0.0,0.7264292,0.0,0.0,0.0,0.0,0.08624822,0.2677901,0.36785647,0.0,0.0,0.0,0.014606759,0.0,0.25967544,0.0,0.13385697,0.1816204,0.06860642,0.29300743,0.0,0.0,0.4787245,0.0,0.0,0.0,0.0,0.54999137,0.12765002,0.08877355,0.0,0.53749627,0.22645831,-0.08596035
-0.47740182,1.5202883,1.221296,0.0,0.26420692,0.0,0.20156881,0.81922996,0.0,0.0,0.7502872,0.45779327,0.0,0.24497518,0.054309517,0.0,0.0,0.9740974,0.0,0.599386,0.722387,0.0,0.67026085,0.0,1.1262519,0.0,0.0,0.7131067,0.0,0.0,0.0,0.0,0.0,0.0,1.3813335,0.6013914,0.0,0.47512785,0.0,0.0,0.12553087,0.0,0.10431292,0.33107415,0.05508518,0.0,0.0,0.0,0.14072387,0.0,0.3417422,0.0,0.294293,0.12437613,0.011118144,0.24182221,0.0,0.0,0.41035295,0.0,0.0,0.12880425,0.0,0.5263971,0.0,0.14693648,0.0,0.4357611,0.21411186,-0.118618034
-0.21328339,0.33220977,0.63229173,0.0,0.0,0.0,0.0,0.1171291,0.0,0.0,0.5447802,0.3576796,0.0,0.45632768,0.23230305,0.0,0.0,0.65058404,0.0,0.16982289,0.19656879,0.0,0.3048209,0.0,0.5752661,0.0,0.39122817,0.47646722,0.0,0.0,0.38915238,0.21414636,0.0,0.0,0.77597094,0.39411047,0.0,0.36152902,0.0,0.0,0.12006884,0.0,0.18252051,0.056728277,0.0,0.042057157,0.0,0.0,0.009466559,0.018853933,0.19988608,0.0,0.13983062,0.0,0.17658311,0.11818071,0.12457112,0.0,0.1517928,0.0,0.0,0.0701044,0.0,0.36859712,0.0,0.08929158,0.0,0.2946421,0.18159653,-0.060570933
-0.21042205,-0.8656547,-0.39099535,0.0,0.0,0.0,0.0,0.0,0.0,0.0,0.16144459,0.3043062,0.7257749,0.72474855,0.49056095,0.0,0.4790161,0.20152521,0.0,0.0,0.0,0.0,0.0,0.29589915,0.0,0.54205644,0.59642,0.34247306,0.37568778,0.0,0.97216654,0.49374318,0.11704138,0.06280875,0.0,0.05040721,0.0,0.14761057,0.21129808,0.21129702,0.30620623,0.13433248,0.09031443,0.0,0.0,0.27210882,0.31889355,0.0,0.064937994,0.35178247,0.0,0.0,0.0,0.0,0.08447086,0.07524268,0.30960488,0.24086076,0.0,0.0,0.0,0.2680319,0.0,0.0031847507,0.0,0.15327075,0.0,-0.2148816,-0.07561302,0.051669262
1.7466087,-1.6847543,-0.55992424,0.08404559,0.0,0.09826425,0.0,0.0,0.0,0.0,0.05640018,0.14295185,0.44922352,0.0,1.0102582,0.5911809,0.04214018,0.3642465,0.0,0.0,0.0,0.0,0.11128786,1.2694801,0.3469718,1.4288491,1.5842466,0.0,0.46930963,0.0,1.2536715,1.1114392,0.890267,0.23741862,0.0,0.09977403,0.2774691,0.20679724,0.48494735,0.2535155,0.32451499,0.3020512,0.005688578,0.0,0.0,0.120657265,0.5705659,0.17237546,0.0,0.62116235,0.0,0.14091149,0.05727212,0.0,0.0,0.0032177195,0.29334208,0.14171678,0.0,0.0,0.0,0.51072353,0.0,0.033842444,0.0,0.0,0.0,-0.28841245,-0.17188852,0.11167974
0.43722403,0.5286322,1.2362877,0.0,0.0,0.0,0.0,0.09218761,0.0,0.0,0.772285,0.3025726,0.0,0.1566121,0.21355814,0.0,0.0,0.92383546,0.0,0.42992216,0.7012476,0.0,0.9125502,0.0,0.9720113,0.0,0.75865734,0.27180386,0.0,0.025352985,0.28149104,0.303763,0.0,0.089007765,1.1217108,0.6354579,0.0,0.48355493,0.0,0.0,0.028650314,0.0,0.082022555,0.13903245,0.0,0.0,0.0,0.0,0.0,0.0,0.39440376,0.0,0.14884628,0.0,0.13822,0.29501823,0.0,0.0,0.29652599,0.0,0.0,0.0,0.0,0.540945,0.0,0.16047981,0.0,0.4351268,0.25201806,-0.13934934
-0.5641041,0.47912017,0.53918266,0.0,0.0,0.0,0.18624237,0.27095237,0.0,0.0,0.5101799,0.39721155,0.06418271,0.56416047,0.18225199,0.0,0.0,0.60089177,0.0,0.16241442,0.09034628,0.0,0.13827987,0.0,0.5011818,0.0,0.15756993,0.61408895,0.0,0.0,0.32582828,0.10651535,0.0,0.0,0.76503146,0.37378883,0.0,0.3300902,0.016147412,0.0056352317,0.16094077,0.0,0.20512158,0.072043374,0.0,0.09504495,0.0,0.0,0.05422117,0.0008755028,0.12561265,0.0,0.171879,0.028300598,0.1609669,0.08778806,0.14040707,0.0,0.16645837,0.0,0.0,0.11334069,0.0,0.36084026,0.0,0.06340584,0.0,0.26750898,0.15165825,-0.045951743
1.2524928,-0.9310806,-0.9074197,0.0,0.0,0.0,0.0,0.0,0.13945937,0.0,0.0,0.28163987,0.4911689,0.0,1.0609778,0.34336203,0.28048804,0.38571376,0.0,0.0,0.0,0.0,0.0,0.68650293,0.5681971,0.98615855,0.84876263,0.0,0.6973826,0.0,0.8272673,0.8497699,0.6637428,0.0,0.0,0.0,0.1524706,0.0,0.41296142,0.22011581,0.45042658,0.09380754,0.0,0.0,0.0,0.26428348,0.66442394,0.12975895,0.14693896,0.47084957,0.0,0.058993645,0.19008109,0.0,0.0,0.0,0.33769083,0.2524759,0.0,0.0,0.0,0.53375566,0.0,0.0,0.0,0.13144581,0.0,-0.3726607,-0.23845823,0.1185917
0.672641,-0.3096335,-0.009660477,0.0,0.0,0.0,0.0,0.0,0.0,0.0,0.265923,0.30126756,0.13902767,0.1221246,0.64247966,0.0,0.0,0.56691974,0.0,0.0,0.095382854,0.0,0.18196255,0.31114334,0.63265175,0.31194696,0.7316328,0.13172445,0.26041374,0.0,0.61387914,0.56531894,0.0,0.0,0.36163133,0.1922664,0.0,0.22343165,0.2539403,0.1326775,0.28895432,0.0,0.18716088,0.0,0.0,0.16423646,0.21857536,0.0,0.07714477,0.28542355,0.19573188,0.0,0.14560929,0.0,0.19238499,0.07936607,0.22312713,0.102618285,0.027743606,0.0,0.0,0.15667193,0.0,0.20829858,0.0,0.10784474,0.0,-0.002200462,-0.011113897,-0.008069754
-0.5296956,1.3354493,0.33552298,0.0,0.10291037,0.0,0.22570714,0.7029705,0.09876072,0.23656487,0.3779391,0.51421297,0.0,0.17526883,0.33417165,0.0,0.0,0.7733495,0.0,0.22074439,0.3627832,0.0,0.111123994,0.0,1.0227067,0.0,0.0,0.74606204,0.17721431,0.0,0.0,0.0,0.0,0.0,0.9604848,0.28887323,0.0,0.2704149,0.124936566,0.0010109991,0.35937577,0.0,0.18486483,0.089136824,0.0,0.11005649,0.08773823,0.0,0.21308519,0.0,0.18044654,0.0,0.31133714,0.02601593,0.053312745,0.052564174,0.13164937,0.0,0.18299958,0.0,0.0,0.29069418,0.0,0.39901903,0.0,0.16534346,0.0,0.16994083,0.08151833,-0.013522284
-0.7066364,-0.07279074,0.39696366,0.0,0.0,0.0,0.22420886,0.010314912,0.0,0.0,0.48147565,0.35017228,0.33471182,0.8253694,0.14733663,0.0,0.12594846,0.4207352,0.0,0.018808365,0.0,0.0,0.0,0.0,0.118017584,0.0,0.35850468,0.580754,0.014405534,0.0,0.6413262,0.19466013,0.0,0.06660277,0.5213863,0.30272707,0.0,0.34667104,0.030989598,0.10960737,0.14388102,0.0,0.22125751,0.0,0.0,0.17640851,0.039485566,0.0,0.026212186,0.098183885,0.0,0.0,0.07675594,0.0,0.20530936,0.10272432,0.22657177,0.08889939,0.017321408,0.0,0.0,0.06422151,0.0,0.3055135,0.0,0.022659685,0.0,0.15125161,0.086981565,-0.03955537
-0.28665835,0.8092002,1.4961302,0.0,0.09079346,0.0,0.057544,0.41398674,0.0,0.0,0.8977123,0.34266418,0.0,0.47391003,0.0,0.0,0.0,0.8912761,0.0,0.58925086,0.61155236,0.0,0.8336412,0.0,0.7914931,0.0,0.49628907,0.5292637,0.0,0.11594996,0.2107639,0.075038016,0.0,0.10954541,1.2746644,0.70037025,0.0,0.5492859,0.0,0.0,0.0,0.0,0.06573967,0.24939959,0.00034301542,0.0,0.0,0.0,0.0,0.0,0.37808335,0.0,0.1270924,0.0,0.098556906,0.3015287,0.0,0.0,0.35216287,0.0,0.0,0.0,0.0,0.5412707,0.0,0.16577455,0.0,0.46376482,0.2780757,-0.14385207
-0.05524486,0.7131587,1.2054335,0.0,0.01255548,0.0,0.0,0.3003619,0.0,0.0,0.7680317,0.34693292,0.0,0.335411,0.10660693,0.0,0.0,0.8656414,0.0,0.4553817,0.5744655,0.0,0.73567414,0.0,0.8521644,0.0,0.48860028,0.45655125,0.0,0.0,0.21546239,0.15474,0.0,0.025636122,1.1397483,0.61082315,0.0,0.4627944,0.0,0.0,0.04426854,0.0,0.09956397,0.20804037,0.0,0.0,0.0,0.0,0.0,0.0,0.34698185,0.0,0.15620184,0.0,0.11553027,0.252922,0.0,0.0,0.3166871,0.0,0.0,0.0,0.0,0.5015081,0.0,0.14428681,0.0,0.42689013,0.24810944,-0.1234742
0.65679824,-0.50725913,-0.55905277,0.0,0.0,0.0,0.0,0.0,0.042966254,0.0,0.03850563,0.32581073,0.4100889,0.10244882,0.81362087,0.0,0.2365183,0.42629838,0.0,0.0,0.0,0.0,0.0,0.33784652,0.527765,0.5484275,0.58607435,0.13412404,0.52920926,0.0,0.6719741,0.61738235,0.236828,0.0,0.07485202,0.0,0.0,0.019676082,0.32267988,0.20435272,0.4196571,0.0,0.06685425,0.0,0.0,0.2980941,0.49266922,0.0,0.14576627,0.3599038,0.046716172,0.0,0.17099312,0.0,0.07375842,0.0,0.3111818,0.20831007,0.0,0.0,0.0,0.34237114,0.0,0.02912099,0.0,0.21167514,0.0,-0.28976858,-0.14931755,0.07904062
-0.7109138,0.18751618,1.3036284,0.0,0.0,0.0,0.23304752,0.17970484,0.0,0.0,0.8612045,0.30314445,0.0,0.89921224,0.0,0.0,0.0,0.6315189,0.0,0.4188357,0.15854244,0.0,0.5096446,0.0,0.23863846,0.0,0.62631404,0.5761677,0.0,0.2871156,0.5860313,0.11580624,0.0,0.3096382,0.9716694,0.6391969,0.0,0.60260034,0.0,0.0,0.0,0.0,0.13211593,0.04381832,0.053617533,0.0,0.0,0.0,0.0,0.0,0.22146684,0.0,0.0,0.0,0.24376777,0.216362,0.02255775,0.0,0.1963146,0.0,0.0,0.0,0.0,0.464422,0.033009283,0.12906142,0.0,0.42694187,0.22961862,-0.09233477
1.3222698,-1.1550981,-0.28277445,0.0,0.0,0.0,0.0,0.0,0.0,0.0,0.16573212,0.19876291,0.3088147,0.06009206,0.8429363,0.25487578,0.0,0.4510814,0.0,0.0,0.0,0.0,0.17319174,0.9058131,0.44996345,0.98139554,1.2824194,0.0,0.35438952,0.0,1.014956,0.89704114,0.4906294,0.14849198,0.017011225,0.17560717,0.16318354,0.2124719,0.39430496,0.19122985,0.28819436,0.09934568,0.090109736,0.0,0.0,0.1389052,0.44742787,0.057937205,0.0,0.53021914,0.08915033,0.05336409,0.043432858,0.0,0.11790411,0.053894565,0.2707193,0.09994208,0.0,0.0,0.0,0.33692124,0.0,0.09666177,0.0,0.0,0.0,-0.15382853,-0.10933928,0.06314363
1.4041054,-0.6666978,-0.417026,0.0,0.0,0.0,0.0,0.0,0.1005284,0.0,0.080159575,0.26452565,0.17945138,0.0,0.9527216,0.1978231,0.0,0.55856603,0.0,0.0,0.114196554,0.0,0.16926068,0.6565112,0.77684057,0.7522496,0.97174096,0.0,0.470621,0.0,0.7126503,0.8156383,0.38720194,0.0,0.12482032,0.10546899,0.119713694,0.073648274,0.37614194,0.14988776,0.3687507,0.0,0.06365823,0.0,0.0,0.1627708,0.46871185,0.0041045025,0.062957734,0.46416658,0.14769535,0.0231212,0.16199899,0.0,0.09454827,0.0062931105,0.274883,0.12578826,0.0,0.0,0.0,0.36034954,0.0,0.059391208,0.0,0.11356734,0.0,-0.19625944,-0.123712316,0.07838333
0.19906533,-0.15824333,-0.5940878,0.0,0.0,0.0,0.0,0.0,0.06968922,0.0,0.02293238,0.3885041,0.45273164,0.19856255,0.7312496,0.0,0.35604087,0.4125348,0.0,0.0,0.0,0.0,0.0,0.018022873,0.5200179,0.26924473,0.23240182,0.33360988,0.56005883,0.0,0.5077613,0.441522,0.030693293,0.0,0.14621612,0.0,0.0,0.0,0.21811323,0.21257393,0.43069136,0.0,0.05438538,0.0,0.0,0.3666839,0.41728246,0.0,0.20689665,0.24048671,0.02501759,0.0,0.229841,0.0,0.059644647,0.0,0.28375614,0.26099375,0.02001223,0.0,0.0,0.3223634,0.0,0.038299426,0.0,0.26283252,0.0,-0.26690713,-0.13904399,0.073198415
-2.2100658,-0.14895621,-1.2414037,0.0,0.0,0.0,0.99197024,0.2565748,0.0,0.70693725,0.0,0.5428736,1.4258642,1.3253404,0.30688143,0.0,1.4702963,0.0,0.0,0.0,0.0,0.25209662,0.0,0.0,0.0,0.0,0.0,1.1245273,0.80348444,0.0,0.6474866,0.0,0.0,0.0,0.0,0.0,0.0,0.0,0.18064833,0.41004384,0.51294124,0.4084606,0.12572587,0.015073992,0.5155173,0.6672467,0.63036644,0.16491427,0.23519348,0.2498405,0.0,0.0,0.24554875,0.0,0.0,0.26102555,0.39541745,0.17305396,0.0,0.0,0.10064805,0.3414765,0.0,0.0,0.0,0.26258907,0.0,-0.442478,-0.21582966,0.1833004
1.2700207,-1.5181974,-2.1268716,0.0,0.0,0.0,0.0,0.0,0.33781847,0.0,0.0,0.31648692,1.123596,0.0,1.4427028,0.8133911,0.9840461,0.049253076,0.0,0.0,0.0,0.0,0.0,0.8386909,0.2733055,1.6054195,0.6253918,0.0,1.283051,0.0,1.0370346,1.0085595,1.4067779,0.0,0.0,0.0,0.27174127,0.0,0.40981862,0.2770577,0.5624144,0.44653937,0.0,0.0,0.0,0.3503754,1.0145985,0.41765457,0.2877944,0.44719636,0.0,0.16476703,0.2758158,0.0,0.0,0.0,0.3934653,0.46368277,0.0,0.0,0.0,0.90225756,0.0,0.0,0.0,0.15246183,0.0,-0.49765414,-0.3611182,0.17551698
0.40163288,0.30630717,0.15153477,0.0,0.0,0.0,0.0,0.0,0.024276294,0.0,0.31503248,0.37098855,0.0,0.054876924,0.5643163,0.0,0.0,0.68448305,0.0,0.0,0.273161,0.0,0.23836115,0.0,0.8607508,0.0,0.37558395,0.30385265,0.2196694,0.0,0.2999371,0.3701153,0.0,0.0,0.609293,0.21931663,0.0,0.19998214,0.11909594,0.07580781,0.28635034,0.0,0.15323883,0.0,0.0,0.15781301,0.11984351,0.0,0.092884704,0.113121554,0.21334636,0.0,0.24621874,0.0,0.17799279,0.05393982,0.17393085,0.07406981,0.10579899,0.0,0.0,0.12490374,0.0,0.30063677,0.0,0.15451962,0.0,0.097512476,0.060710743,-0.013335684
-1.3632424,-1.058751,-0.6116429,0.0,0.0,0.0694426,0.50205994,0.0,0.0,0.0,0.11844885,0.34724504,1.2207376,1.3575355,0.23987643,0.0,0.99274147,0.0,0.0,0.0,0.0,0.07420397,0.0,0.033724315,0.0,0.47648105,0.24749763,0.6858618,0.42830038,0.0,1.1619983,0.2807235,0.04581514,0.112390965,0.0,0.0,0.0,0.11808796,0.14585501,0.25908345,0.35883018,0.28019157,0.07391534,0.0,0.15959986,0.39710867,0.40610695,0.0,0.14737336,0.31212473,0.0,0.0,0.014262283,0.0,0.0,0.13748623,0.31747544,0.3699466,0.0,0.0,0.0,0.24140239,0.0,0.0,0.0,0.21962677,0.0,-0.3041187,-0.11368193,0.078153886
0.65127957,0.940125,1.3861599,0.0,0.05438152,0.0,0.0,0.26336968,0.0,0.0,0.8086564,0.32950875,0.0,0.0,0.2534151,0.0,0.0,1.0864824,0.0058825314,0.5526127,0.9826461,0.0,1.1163944,0.0,1.3062673,0.0,0.6622469,0.26057804,0.0,0.0,0.041317135,0.2611904,0.0,0.0,1.3274254,0.71444434,0.0,0.4584199,0.0,0.0,0.055013426,0.0,0.032839812,0.259664,0.0,0.0,0.0,0.0,0.0,0.0,0.48694736,0.0,0.21738824,0.0,0.050912213,0.35528386,0.0,0.0,0.40148672,0.0,0.0,0.0,0.0,0.58916515,0.0,0.20167881,0.0,0.4561712,0.2728051,-0.16201858
1.3672715,-0.56364924,-1.6227484,0.0,0.0,0.0,0.0,0.0,0.4979594,0.0,0.0,0.38172194,0.6055217,0.0,1.3725593,0.47956395,0.5635302,0.37469247,0.0,0.0,0.0,0.0,0.0,0.43380305,0.85849977,0.9670465,0.3500099,0.0,1.1076146,0.0,0.5313385,0.8160088,0.8615289,0.0,0.0,0.0,0.1909326,0.0,0.32619458,0.2034038,0.5549747,0.0,0.0,0.0,0.0,0.35335165,0.9316246,0.19877343,0.3026333,0.39354244,0.0,0.03040371,0.34671867,0.0,0.0,0.0,0.38671285,0.41085514,0.0,0.0,0.0,0.6961521,0.0,0.0,0.0,0.32926357,0.0,-0.42628402,-0.30585033,0.16228256
-0.06349947,0.36016837,0.60959774,0.0,0.0,0.0,0.0,0.096574545,0.0,0.0,0.52798396,0.35685036,0.0,0.3632194,0.28305596,0.0,0.0,0.6825469,0.0,0.16309355,0.25691152,0.0,0.34761003,0.0,0.6617464,0.0,0.41141713,0.43491104,0.0,0.0,0.35750082,0.24251363,0.0,0.0,0.7845917,0.39270052,0.0,0.34803444,0.0,0.0,0.13660038,0.0,0.17438723,0.051040936,0.0,0.041344807,0.0,0.0,0.015730798,0.016723402,0.21846634,0.0,0.15664753,0.0,0.16785994,0.12478046,0.1121491,0.0,0.15826201,0.0,0.0,0.055575307,0.0,0.37949377,0.0,0.0979396,0.0,0.29567638,0.17816707,-0.063553065
0.6503639,-0.1474776,-0.12442152,0.0,0.0,0.0,0.0,0.0,0.018969111,0.0,0.20896128,0.33113503,0.13722265,0.048960388,0.6900812,0.0,0.0,0.5812753,0.0,0.0,0.11280085,0.0,0.12153679,0.2048304,0.7205014,0.24248588,0.58104026,0.16963731,0.3336868,0.0,0.5105766,0.5289376,0.0,0.0,0.3661352,0.12692237,0.0,0.15923473,0.24918552,0.1407355,0.34304413,0.0,0.15757385,0.0,0.0,0.20793286,0.2670003,0.0,0.12133086,0.2556646,0.18185392,0.0,0.20043671,0.0,0.17686477,0.04081124,0.235684,0.13054045,0.040575452,0.0,0.0,0.19092876,0.0,0.19655278,0.0,0.15264836,0.0,-0.056469247,-0.034594074,0.015488079
-0.7298697,0.1622808,-0.8699087,0.0,0.0,0.0,0.26464564,0.09303449,0.066824384,0.27710474,0.0,0.48762605,0.73763925,0.5050847,0.60323185,0.0,0.756588,0.2601159,0.0,0.0,0.0,0.0,0.0,0.0,0.2848836,0.0,0.0,0.68892026,0.6954584,0.0,0.37646478,0.17173624,0.0,0.0,0.08335295,0.0,0.0,0.0,0.16850203,0.2989841,0.42659098,0.027797751,0.073090434,0.0,0.15457767,0.5060405,0.4883802,0.0001898706,0.20011272,0.183485,0.0,0.0,0.25799724,0.0,0.0,0.06570127,0.3281098,0.22371489,0.0,0.0,0.058817767,0.33012673,0.0,0.00058826804,0.0,0.27458417,0.0,-0.32439473,-0.16000564,0.10758201
-0.99244773,0.9041891,2.1413584,0.0,0.24375126,0.0,0.41088128,0.64852387,0.0,0.0,1.1986039,0.32705376,0.0,0.92715585,0.0,0.0,0.0,0.88313407,0.0,0.87015325,0.5766634,0.0,0.9712415,0.0,0.49885136,0.0,0.52037746,0.7327194,0.0,0.49812493,0.28530127,0.0,0.0,0.35330668,1.5247772,0.9027166,0.0,0.75432646,0.0,0.0,0.0,0.0,0.0037674457,0.22950439,0.23452482,0.0,0.0,0.0,0.0,0.0,0.3947863,0.0,0.042737022,0.027772605,0.09284658,0.366462,0.0,0.0,0.4158223,0.0,0.0,0.0,0.0,0.6110688,0.0076521933,0.20503488,0.0,0.5243317,0.2906116,-0.12134806
1.2743137,-1.9525353,-1.4396085,0.0,0.0,0.1351321,0.0,0.0,0.0,0.0,0.0,0.20610394,1.004405,0.1741855,1.1675301,0.7386091,0.6859129,0.06323406,0.0,0.0,0.0,0.0,0.0,1.1572205,0.00012975931,1.6922835,1.1856898,0.0,0.88630056,0.0,1.3580699,1.0839593,1.2699242,0.030859217,0.0,0.0,0.24705388,0.0,0.4858525,0.29962438,0.43617874,0.5931643,0.0,0.0,0.0,0.2369146,0.77265877,0.3396207,0.109502226,0.5456245,0.0,0.19039556,0.106918,0.0,0.0,0.0,0.36132008,0.32020012,0.0,0.0,0.0,0.7579556,0.0,0.0,0.0,0.0,0.0,-0.45800066,-0.27677882,0.13962919
-0.6710583,-0.45777628,0.048436347,0.0,0.0,0.0,0.18563586,0.0,0.0,0.0,0.3484765,0.33330098,0.57468563,0.8898624,0.24657258,0.0,0.34634647,0.27990144,0.0,0.0,0.0,0.0,0.0,0.0066796243,0.0,0.11867107,0.42616186,0.5278065,0.16391934,0.0,0.8236077,0.29281506,0.0,0.08780751,0.25852096,0.16896415,0.0,0.27256122,0.068304256,0.16641378,0.19575088,0.0,0.17349598,0.0,0.0,0.24442777,0.13307786,0.0,0.058388025,0.19100335,0.0,0.0,0.01867193,0.0,0.16821997,0.117628545,0.24603656,0.18052158,0.0,0.0,0.0,0.118620105,0.0,0.1781545,0.0,0.09426174,0.0,9.2342496e-05,0.009155661,-0.013415834
1.241037,-0.78034747,-0.054151803,0.0,0.0,0.0,0.0,0.0,0.0,0.0,0.24902426,0.22657795,0.13050473,0.00049999356,0.7723903,0.07782096,0.0,0.56066173,0.0,0.0,0.120477855,0.0,0.31449556,0.7162641,0.6233473,0.70020723,1.1514642,0.0,0.26476166,0.0,0.8301352,0.793803,0.23882118,0.08750929,0.22540477,0.26011562,0.08043697,0.2657682,0.33931935,0.14266491,0.2523031,0.0,0.15497583,0.0,0.0,0.102780454,0.296911,0.0,0.0,0.43691874,0.21842054,0.011975728,0.075997725,0.0,0.18015677,0.08852387,0.20779106,0.049364,0.0,0.0,0.0,0.20001028,0.0,0.178268,0.0,0.032387782,0.0,-0.009441167,-0.03281319,0.0066261124
0.44134817,-1.1156795,-1.3402025,0.0,0.0,0.0,0.0,0.0,0.052090593,0.0,0.0,0.3299474,0.9577872,0.30188942,0.9774741,0.24508023,0.7919449,0.112380445,0.0,0.0,0.0,0.0,0.0,0.49111804,0.098356515,1.0321287,0.503482,0.14749092,0.8749932,0.0,0.96006256,0.71718866,0.7509632,0.0,0.0,0.0,0.014007624,0.0,0.3175787,0.24191904,0.47629273,0.31572232,0.0,0.0,0.0,0.34500074,0.686507,0.19668107,0.18090405,0.37497225,0.0,0.0033300817,0.13997605,0.0,0.0,0.0,0.36089772,0.32142177,0.0,0.0,0.0,0.5733748,0.0,0.0,0.0,0.21800949,0.0,-0.40732467,-0.20424901,0.12082084
0.9138438,0.015353222,0.28363538,0.0,0.0,0.0,0.0,0.0,0.0,0.0,0.3677062,0.304591,0.0,0.0,0.6323532,0.0,0.0,0.73857,0.0,0.0,0.39836562,0.0,0.47203484,0.24958047,0.9244824,0.10714214,0.75794053,0.091293484,0.14540747,0.0,0.43600762,0.5435143,0.0,0.0,0.59908545,0.34227777,0.0,0.28742737,0.16741747,0.056275673,0.22467233,0.0,0.18925354,0.0,0.0,0.05917442,0.060550094,0.0,0.02907899,0.19765016,0.29761487,0.0,0.17607182,0.0,0.2028034,0.15793526,0.11893278,0.016116723,0.09485555,0.0,0.0,0.037035637,0.0,0.31822306,0.0,0.1185568,0.0,0.18841535,0.09075872,-0.060671445
-0.46922338,-0.10630379,-0.15396689,0.0,0.0,0.0,0.108893014,0.0,0.0,0.0,0.23577046,0.38391736,0.47717762,0.609949,0.40117645,0.0,0.33822688,0.3675288,0.0,0.0,0.0,0.0,0.0,0.0,0.2262601,0.006408871,0.19829813,0.52907985,0.30844173,0.0,0.582471,0.26906765,0.0,0.0,0.30171114,0.08022834,0.0,0.15778339,0.09447172,0.17057887,0.27083522,0.0,0.14591944,0.0,0.0,0.2987939,0.20453273,0.0,0.10279073,0.15398063,0.0,0.0,0.15727168,0.0,0.12313157,0.07069099,0.26423997,0.18218803,0.0,0.0,0.0,0.19054683,0.0,0.13853109,0.0,0.15211159,0.0,-0.07962862,-0.019106284,0.018857123
0.54583657,-0.27202037,-1.0920997,0.0,0.0,0.0,0.0,0.0,0.2584376,0.0,0.0,0.40381232,0.5674962,0.0,0.98946726,0.008061469,0.5163206,0.37075996,0.0,0.0,0.0,0.0,0.0,0.112741604,0.6305003,0.5174623,0.17534971,0.2324896,0.8237443,0.0,0.49096957,0.5561609,0.35793105,0.0,0.0,0.0,0.0,0.0,0.25909245,0.22889619,0.49612057,0.0,0.0,0.0,0.0,0.40941608,0.68691355,0.04793971,0.2620709,0.29845476,0.0019507408,0.0,0.28324646,0.0,0.0,0.0,0.32869408,0.31925336,0.015613124,0.0,0.0,0.45338365,0.0,0.0,0.0,0.3647666,0.0,-0.3723946,-0.20180933,0.10936073
0.849032,-1.6819059,-2.9223258,0.0,0.0,0.0,0.0,0.0,0.4479244,0.0,0.0,0.3825875,1.599001,0.008224338,1.5931067,0.9296076,1.5536507,0.0,0.0,0.0,0.0,0.20229968,0.0,0.69792604,0.008202136,1.8004338,0.2228012,0.012501091,1.6672473,0.0,1.0857508,0.9685059,1.7227356,0.0,0.0,0.0,0.24489067,0.0,0.30439115,0.2937225,0.71683806,0.64300644,0.0,0.0,0.0,0.4418664,1.1742965,0.53895175,0.42481,0.38941365,0.0,0.13225016,0.39709446,0.0,0.0,0.0,0.38575834,0.56205195,0.0,0.0,0.0,1.0908724,0.0,0.0,0.0,0.26690856,0.0,-0.5423692,-0.3989824,0.22994678
-0.30302078,1.1115372,1.3825196,0.0,0.16089883,0.0,0.08624507,0.57155925,0.0,0.0,0.8340258,0.388711,0.0,0.34350342,0.0110140145,0.0,0.0,0.93965936,0.0,0.5938353,0.68420273,0.0,0.789235,0.0,0.9637406,0.0,0.26927528,0.5869354,0.0,0.0,0.026363939,0.0103363395,0.0,0.0,1.3251297,0.6657822,0.0,0.4798874,0.0,0.0,0.033004783,0.0,0.07424079,0.32621717,0.006877428,0.0,0.0,0.0,0.035565063,0.0,0.38088328,0.0,0.2123312,0.073335834,0.035417505,0.28686303,0.0,0.0,0.3964119,0.0,0.0,0.03289998,0.0,0.53968537,0.0,0.13954234,0.0,0.4574042,0.2566531,-0.1487032
1.4028705,-0.8098421,0.36078304,0.09348905,0.0,0.0,0.0,0.0,0.0,0.0,0.42413718,0.18090202,0.0,0.006723225,0.6687287,0.026739359,0.0,0.6544312,0.0,0.0,0.29739577,0.0,0.6145686,0.8330282,0.66789186,0.6521718,1.4081764,0.0,0.05197236,0.0,0.8759512,0.8259758,0.10403529,0.25146595,0.39322543,0.4706909,0.068142414,0.4776843,0.26933363,0.10332296,0.122865364,0.0,0.17838468,0.0,0.0,0.0,0.08652975,0.0,0.0,0.42067862,0.3427446,0.0,0.0017942265,0.0,0.27747625,0.18791832,0.0981093,0.0,0.008942347,0.0,0.0,0.0051124087,0.0,0.30836248,0.0,0.0,0.0,0.22231665,0.06714277,-0.078402676
-0.911144,0.53120595,-0.08140381,0.0,0.0,0.0,0.3705437,0.35549873,0.0,0.09232479,0.25178543,0.4707221,0.3839987,0.6063962,0.30957174,0.0,0.3581933,0.44202203,0.0,0.0,0.0,0.0,0.0,0.0,0.39051577,0.0,0.0,0.762727,0.30909872,0.0,0.26196837,0.033086836,0.0,0.0,0.51043785,0.16498834,0.0,0.16571541,0.12739606,0.15160224,0.29189253,0.0,0.18526623,0.04416768,0.072940394,0.30236924,0.22591135,0.0,0.14854325,0.085035875,0.0,0.0,0.22830382,0.019412104,0.0701029,0.07663753,0.21905479,0.060780853,0.090679586,0.0,0.0,0.24625163,0.0,0.23071182,0.0,0.10787466,0.0,-0.022602625,-0.008800119,0.022743957
-1.230702,1.270145,-0.22266012,0.0,0.057122678,0.0,0.57955354,0.8096049,0.10946765,0.71301645,0.16559952,0.5828826,0.30075553,0.4591158,0.33420497,0.0,0.43535015,0.52844155,0.0,0.0008133501,0.0,0.0,0.0,0.0,0.67748415,0.0,0.0,0.9845232,0.4351234,0.0,0.0,0.0,0.0,0.0,0.6725387,0.09806797,0.0,0.19915748,0.24964002,0.22299418,0.43335217,0.0,0.27812108,0.017222371,0.19291773,0.3675544,0.3968898,0.062965676,0.26736432,0.08145894,0.0,0.0,0.32451123,0.0,0.0,0.08079319,0.271332,0.0,0.048596665,0.0,0.0210893,0.40549207,0.0,0.27856833,0.0,0.1696308,0.0,-0.13614638,-0.09495884,0.0653059
-0.7828138,0.5875012,-0.11878278,0.0,0.0,0.0,0.31011054,0.35413545,0.0,0.113511264,0.22801353,0.475363,0.34089613,0.5106626,0.36202002,0.0,0.3283354,0.47396132,0.0,0.0,0.0,0.0,0.0,0.0,0.48403203,0.0,0.0,0.73303705,0.33863345,0.0,0.21437001,0.051009625,0.0,0.0,0.5209862,0.14348662,0.0,0.148312,0.14101289,0.15266003,0.31854257,0.0,0.17700298,0.033619452,0.04830197,0.31207204,0.249311,0.0,0.16011046,0.08404496,0.0026589707,0.0,0.25076398,0.009121392,0.06302588,0.06179247,0.23288395,0.06612627,0.09817535,0.0,0.0,0.2678804,0.0,0.22869359,0.0,0.12867537,0.0,-0.045990348,-0.015188567,0.029235257
-0.27033687,0.6054445,0.6306086,0.0,0.0,0.0,0.045810945,0.27284148,0.0,0.0,0.5325247,0.39233348,0.0,0.37969324,0.24027309,0.0,0.0,0.70287573,0.0,0.21445893,0.27703315,0.0,0.30920833,0.0,0.708093,0.0,0.21927384,0.5367162,0.0,0.0,0.23671705,0.14361343,0.0,0.0,0.85994244,0.41224128,0.0,0.33452722,0.0,0.0,0.16171518,0.0,0.1653546,0.11219658,0.0,0.033209816,0.0,0.0,0.042349085,0.0,0.21910143,0.0,0.18465471,0.023350146,0.13980122,0.114859916,0.0918764,0.0,0.21124575,0.0,0.0,0.0950969,0.0,0.38686422,0.0,0.10562238,0.0,0.3074347,0.17406464,-0.06086125
0.96367013,-0.02014971,-0.44305748,0.0,0.0,0.0,0.0,0.0,0.22034794,0.0,0.05297765,0.36080354,0.119546235,0.0,0.89671475,0.0,0.011543162,0.6190436,0.0,0.0,0.18210244,0.0,0.057425857,0.18728247,0.95021576,0.3059751,0.4603382,0.10716933,0.52359796,0.0,0.37657288,0.5805704,0.0722605,0.0,0.29666921,0.02203094,0.0,0.0,0.28831562,0.1296581,0.45272595,0.0,0.05758167,0.0,0.0,0.24427296,0.44046193,0.0,0.18441792,0.3055581,0.19261184,0.0,0.2650245,0.0,0.13763164,0.0,0.27984375,0.1831888,0.031387947,0.0,0.0,0.2866914,0.0,0.0966018,0.0,0.27487588,0.0,-0.2055406,-0.1020785,0.06771038
0.52086633,-1.0324955,-2.0896304,0.0,0.0,0.0,0.0,0.0,0.32575074,0.0,0.0,0.4008941,1.1852922,0.08556956,1.2677107,0.44805062,1.1422908,0.022533208,0.0,0.0,0.0,0.052809983,0.0,0.3723765,0.20775425,1.1749007,0.13794309,0.17355224,1.2766547,0.0,0.8273272,0.73641944,1.0598363,0.0,0.0,0.0,0.084773146,0.0,0.27574825,0.2682633,0.5857467,0.3486618,0.0,0.0,0.0,0.4504482,0.9438775,0.32010478,0.34018618,0.31266573,0.0,0.023557,0.30276677,0.0,0.0,0.0,0.37884006,0.4641491,0.0,0.0,0.0,0.77075005,0.0,0.0,0.0,0.32625154,0.0,-0.4718204,-0.29287356,0.16437323
-0.4224758,0.9089963,0.16230643,0.0,0.0,0.0,0.14661774,0.44947726,0.041575454,0.04784161,0.32025295,0.47449315,0.025048628,0.2519443,0.38807246,0.0,0.022991307,0.66600835,0.0,0.08143261,0.19041114,0.0,0.0069473945,0.0,0.82946587,0.0,0.0,0.65527725,0.23440479,0.0,0.026741654,0.0570572,0.0,0.0,0.7593738,0.24255325,0.0,0.18368673,0.13641308,0.052539945,0.32948458,0.0,0.16421124,0.064710245,0.0,0.1899802,0.14046183,0.0,0.16189693,0.03066092,0.16218059,0.0,0.2848353,0.03735306,0.11619593,0.0151587725,0.18454906,0.007938698,0.18117131,0.0,0.0,0.26350048,0.0,0.32013035,0.0,0.13444918,0.0,0.09899246,0.05631852,0.0048868153
-1.49127,0.40870246,0.6118673,0.0,0.0,0.0,0.6464247,0.449363,0.0,0.0,0.5796681,0.42026246,0.34265757,1.087775,0.0,0.0,0.20444188,0.41568714,0.0,0.19401331,0.0,0.0,0.0,0.0,0.027860343,0.0,0.0,0.8906466,0.0,0.0,0.45562184,0.0,0.0,0.0,0.7173108,0.42521003,0.0,0.3730507,0.006656181,0.041443244,0.10105488,0.0,0.2514577,0.107015625,0.14898127,0.12385419,0.0,0.0,0.07487312,0.0003900081,0.0,0.0,0.12041072,0.09704746,0.15403807,0.12819123,0.10555712,0.0,0.15445375,0.0,0.0,0.09181388,0.0,0.33122396,0.0,0.0,0.0,0.2821666,0.118013695,-0.03969864
-0.47372195,0.5939275,-0.59598494,0.0,0.0,0.0,0.16054958,0.26953304,0.16789562,0.3112787,0.009569436,0.5045755,0.4215042,0.25648484,0.6128151,0.0,0.47389933,0.45632407,0.0,0.0,0.0,0.0,0.0,0.0,0.64642334,0.0,0.0,0.6612748,0.6005275,0.0,0.13386494,0.13124469,0.0,0.0,0.3482021,0.0,0.0,0.0,0.19724482,0.22767971,0.45374382,0.0,0.095041804,0.0,0.037435528,0.44310412,0.45949197,0.0,0.23386158,0.13650042,0.007827938,0.0,0.3249751,0.0,0.0,0.0,0.31536025,0.15197596,0.010494065,0.0,0.0144706145,0.3750464,0.0,0.1118256,0.0,0.2813224,0.0,-0.27318475,-0.12014671,0.08569366
-1.0091171,-0.19084986,0.7931293,0.0,0.0,0.0,0.36422685,0.032201454,0.0,0.0,0.6701628,0.31449798,0.31739032,1.1039883,0.0,0.0,0.03514459,0.40014595,0.0,0.16058005,0.0,0.0,0.065910324,0.0,0.0,0.0,0.5128667,0.637307,0.0,0.17095622,0.7770933,0.14154755,0.0,0.2819208,0.62582964,0.4563343,0.0,0.4927214,0.0,0.033137366,0.032528006,0.0,0.18928847,0.0,0.010242742,0.08396592,0.0,0.0,0.0,0.07824017,0.0,0.0,0.0,0.0,0.26971868,0.14803721,0.19694677,0.024246419,0.034550034,0.0,0.0,0.0,0.0,0.3740519,0.033708088,0.05252061,0.0,0.2782056,0.16725917,-0.05989594
0.65973747,0.30855927,-1.1168914,0.0,0.0,0.0,0.0,0.0,0.46939227,0.13163161,0.0,0.4697352,0.3586274,0.0,1.0773772,0.0,0.4140834,0.52421284,0.0,0.0,0.0,0.0,0.0,0.0,1.0224531,0.2169864,0.0,0.2877543,0.89220476,0.0,0.14414427,0.45973137,0.18032023,0.0,0.11216438,0.0,0.0,0.0,0.22968248,0.211287,0.53466165,0.0,0.0,0.0,0.0,0.44997716,0.7454215,0.011643559,0.3079911,0.25178492,0.13494262,0.0,0.3963876,0.0,0.0,0.0,0.38119605,0.32585055,0.039377302,0.0,0.0,0.44347614,0.0,0.0,0.0,0.45341688,0.013299052,-0.36839575,-0.17174648,0.110483326
-0.1785586,0.27807528,1.1299382,0.0,0.0,0.0,0.0,0.09871824,0.0,0.0,0.76166666,0.30714965,0.0,0.5539982,0.06332949,0.0,0.0,0.7275791,0.0,0.35678864,0.34130436,0.0,0.605962,0.0,0.5438537,0.0,0.6603942,0.43184674,0.0,0.111831516,0.46894512,0.2208378,0.0,0.1800794,0.9618449,0.5739684,0.0,0.5204091,0.0,0.0,0.0,0.0,0.12314795,0.08893396,0.0,0.0,0.0,0.0,0.0,0.0,0.28381434,0.0,0.06451438,0.0,0.20345259,0.22466102,0.027976133,0.0,0.21037781,0.0,0.0,0.0,0.0,0.4592524,0.0,0.13421546,0.0,0.4090506,0.24130856,-0.11214605
1.3150158,0.45136103,-2.5554998,0.0,0.0,0.0,0.0,0.0,1.0910277,0.8785837,0.0,0.5835572,0.6471408,0.0,1.7689881,0.4631058,0.92594427,0.44586837,0.0,0.0,0.0,0.0,0.0,0.0,1.4557033,0.59921384,0.0,0.1773353,1.6816365,0.0,0.0,0.61331,0.88258755,0.0,0.0,0.0,0.05367449,0.0,0.262446,0.2911057,0.81010723,0.0,0.0,0.0,0.0,0.6251872,1.4221882,0.47825432,0.48834294,0.30961323,0.0,0.0,0.5429914,0.0,0.0,0.0,0.6404619,0.5244121,0.0,0.0,0.0,0.88047844,0.0,0.0,0.0,0.732599,0.0,-0.64456385,-0.41302907,0.210195
1.6013259,-2.5680194,-0.027508887,0.32967442,0.0,0.5794666,0.0,0.0,0.0,0.0,0.33645883,0.0,0.57488936,0.5116258,0.71127325,0.6187339,0.0,0.21860442,0.0,0.0,0.0,0.0,0.29037517,1.7591122,0.0,1.7764482,2.279643,0.0,0.108028546,0.45550868,1.8302307,1.2519559,0.95309365,0.8098527,0.0,0.30235317,0.25336426,0.59656405,0.3414002,0.29846334,0.014669895,0.41181383,0.0,0.0,0.0,0.0,0.38590145,0.1231166,0.0,0.70084035,0.0,0.032650523,0.0,0.0,0.053644277,0.14118527,0.27980545,0.121164314,0.0,0.0,0.0,0.15297152,0.0,0.15886551,0.0,0.0,0.0,-0.056125566,0.018925197,0.010441082
0.017004069,-0.15343294,0.17636128,0.0,0.0,0.0,0.0,0.0,0.0,0.0,0.36306038,0.33027807,0.22097263,0.43810573,0.41329324,0.0,0.016230762,0.5063908,0.0,0.0,0.0,0.0,0.07213171,0.063774236,0.4136732,0.05166648,0.52642626,0.352284,0.1510998,0.0,0.6010626,0.3800934,0.0,0.0,0.44867998,0.1909458,0.0,0.27118063,0.117114395,0.114213586,0.21686162,0.0,0.19921657,0.0,0.0,0.1891954,0.117773205,0.0,0.06864357,0.17021395,0.091226935,0.0,0.12635565,0.0,0.20279056,0.0794273,0.24646136,0.11888515,0.018387482,0.0,0.0,0.1325116,0.0,0.2615464,0.0,0.10413649,0.0,0.05366345,0.044522434,-0.016235352
-1.1638831,0.8317852,0.06042394,0.0,0.0,0.0,0.51501524,0.5754976,0.0,0.26212764,0.30758342,0.5042058,0.3136941,0.6483005,0.2167911,0.0,0.3263759,0.4864011,0.0,0.040186808,0.0,0.0,0.0,0.0,0.44392824,0.0,0.0,0.8813438,0.25147724,0.0,0.12594345,0.0,0.0,0.0,0.649769,0.23526219,0.0,0.22852373,0.14886448,0.14944944,0.28225893,0.0,0.24191365,0.07599284,0.115502685,0.27552423,0.2076545,0.0,0.16675715,0.04389727,0.0,0.0,0.24193242,0.031570613,0.046092734,0.10153324,0.20109558,0.0,0.1293901,0.0,0.0,0.25960582,0.0,0.29284787,0.0,0.07727537,0.0,0.035428718,0.009186536,0.009365311
-1.6355585,-0.058473676,-0.51293314,0.0,0.0,0.0,0.7013763,0.19819134,0.0,0.18110609,0.12135179,0.46767357,0.9515333,1.1299683,0.21526617,0.0,0.89539796,0.091376305,0.0,0.0,0.0,0.024255902,0.0,0.0,0.0,0.0,0.0,0.9210092,0.4538926,0.0,0.6204366,0.005587548,0.0,0.0,0.10345358,0.03602033,0.0,0.088393554,0.11929473,0.2664362,0.29780334,0.1877723,0.15641922,0.041049186,0.28905636,0.44964966,0.36462796,0.0,0.13329963,0.18725228,0.0,0.0,0.14154592,0.009801399,0.0,0.17812315,0.2716461,0.17358704,0.0,0.0,0.0,0.21919245,0.0,0.053660423,0.0,0.15274458,0.0,-0.22711813,-0.07813153,0.074290775
-1.7931255,0.14962381,-0.5814258,0.0,0.0,0.0,0.7944736,0.34054044,0.0,0.39105225,0.08716266,0.5044657,0.95938486,1.1181884,0.21396586,0.0,0.9538711,0.097750306,0.0,0.0,0.0,0.045607954,0.0,0.0,0.0,0.0,0.0,1.0061526,0.50169843,0.0,0.5074161,0.0,0.0,0.0,0.13352364,0.022216132,0.0,0.0860036,0.15232728,0.3006088,0.33657348,0.20297623,0.1844663,0.03656655,0.34980392,0.47885525,0.40938145,0.02139736,0.15825568,0.1786029,0.0,0.0,0.16626528,0.0,0.0,0.1963566,0.28155112,0.10220096,0.0,0.0,0.014528818,0.26013502,0.0,0.060720347,0.0,0.15896004,0.0,-0.25590342,-0.09675105,0.09595635
0.6082291,-0.14513458,0.594629,0.0,0.0,0.0,0.0,0.0,0.0,0.0,0.52175117,0.2713597,0.0,0.20686404,0.42770082,0.0,0.0,0.69329906,0.0,0.06463584,0.31719464,0.0,0.5312547,0.28569758,0.6792558,0.06570602,0.89615315,0.14660825,0.0,0.0,0.58762836,0.5008121,0.0,0.10865837,0.6552322,0.44905835,0.0,0.43492672,0.06698399,0.027718306,0.092256755,0.0,0.21939239,0.0,0.0,0.0038871318,0.0,0.0,0.0,0.16633455,0.28859884,0.0,0.08579302,0.0,0.2502543,0.20287088,0.08606025,0.0,0.086502515,0.0,0.0,0.0,0.0,0.3819794,0.0,0.061413184,0.0,0.31742322,0.1571781,-0.0954516
0.47718176,0.02717683,-0.071092896,0.0,0.0,0.0,0.0,0.0,0.021717452,0.0,0.22977081,0.3541563,0.11520292,0.08147174,0.6392125,0.0,0.0,0.59708494,0.0,0.0,0.129024,0.0,0.10758647,0.07027754,0.74026245,0.0972633,0.453794,0.24830864,0.31434485,0.0,0.43083733,0.45171756,0.0,0.0,0.4337873,0.12157257,0.0,0.15831122,0.19044587,0.12556495,0.33168066,0.0,0.15302622,0.0,0.0,0.21907511,0.22887456,0.0,0.12950616,0.19256577,0.16488214,0.0,0.22571227,0.0,0.17890878,0.033154674,0.22926632,0.13017708,0.05634632,0.0,0.0,0.18097262,0.0,0.22592112,0.0,0.17016324,0.0,-0.028676897,-0.009206399,0.015178574
-0.5953305,-1.5831658,-0.8464632,0.0,0.0,0.20763567,0.085723065,0.0,0.0,0.0,0.014399111,0.27448592,1.2388384,1.1166911,0.48572835,0.0,0.9357378,0.0,0.0,0.0,0.0,0.037835687,0.0,0.4998087,0.0,0.9785293,0.671973,0.37559798,0.5351749,0.0,1.3718154,0.5702518,0.4958453,0.19886571,0.0,0.0,0.0,0.10383168,0.25196666,0.2508844,0.39498055,0.4148166,0.0,0.0,0.011758383,0.328231,0.5660577,0.11407168,0.08784735,0.4320591,0.0,0.0,0.0,0.0,0.0,0.017642938,0.41835076,0.37357876,0.0,0.0,0.0,0.40503436,0.0,0.0,0.0,0.29099798,0.0,-0.39575583,-0.1177472,0.10548022
-0.3370962,-0.08994405,0.30479804,0.0,0.0,0.0,0.03860394,0.0,0.0,0.0,0.42867583,0.34108445,0.2614419,0.62218493,0.27800032,0.0,0.05609666,0.47348952,0.0,0.0,0.0,0.0,0.027358519,0.0,0.28234467,0.0,0.44014162,0.4667533,0.075626805,0.0,0.6090612,0.2837604,0.0,0.020255446,0.500283,0.2338833,0.0,0.30976745,0.062482342,0.10655121,0.17893457,0.0,0.20704116,0.0,0.0,0.18151289,0.061775424,0.0,0.04691671,0.1244901,0.037206896,0.0,0.099913344,0.0,0.20534079,0.08478964,0.2469069,0.11431531,0.016638651,0.0,0.0,0.1094915,0.0,0.28643978,0.0,0.07374237,0.0,0.100229606,0.071173936,-0.025423834
0.5154999,-1.3206743,-0.5856953,0.0,0.0,0.034102798,0.0,0.0,0.0,0.0,0.07286215,0.23798062,0.71991014,0.4864697,0.7168384,0.11907184,0.405551,0.20465425,0.0,0.0,0.0,0.0,0.0,0.7187804,0.0,0.9872635,0.9873009,0.05408132,0.46605575,0.0,1.1499039,0.75814664,0.51586413,0.13844076,0.0,0.079018526,0.039566457,0.13520987,0.34470984,0.21073367,0.35002595,0.26708642,0.053170577,0.0,0.0,0.21531719,0.48244584,0.09998152,0.04102613,0.47099566,0.0,0.0,0.0,0.0,0.026515782,0.0095516965,0.3344548,0.1970801,0.0,0.0,0.0,0.36974624,0.0,0.0,0.0,0.10545719,0.0,-0.2790509,-0.116816714,0.0857816
-0.10374575,0.04898405,-0.1695892,0.0,0.0,0.0,0.0,0.0,0.0,0.0,0.20764962,0.38873917,0.32231402,0.35655117,0.5183959,0.0,0.20692822,0.4724359,0.0,0.0,0.0,0.0,0.0,0.0,0.48673898,0.0,0.21684425,0.43911922,0.34469795,0.0,0.4592482,0.31888273,0.0,0.0,0.3668658,0.05711443,0.0,0.13355556,0.12930457,0.15925485,0.3173807,0.0,0.13770509,0.0,0.0,0.30105603,0.24110496,0.0,0.13269188,0.1474998,0.04497875,0.0,0.21834716,0.0,0.1307734,0.032305397,0.27874312,0.18467706,0.03620168,0.0,0.0,0.2215022,0.0,0.16195907,0.0,0.1807284,0.0,-0.09499356,-0.02437897,0.032120407
0.6721645,0.56335914,-1.524923,0.0,0.0,0.0,0.0,0.0,0.6772063,0.5216313,0.0,0.53430134,0.42578584,0.0,1.2445409,0.0,0.5866448,0.51811856,0.0,0.0,0.0,0.0,0.0,0.0,1.1897954,0.1700896,0.0,0.3440308,1.1280802,0.0,0.0,0.41898426,0.2657645,0.0,0.02993247,0.0,0.0,0.0,0.24547748,0.26991785,0.62366843,0.0,0.0,0.0,0.0,0.5552586,0.98043364,0.18311475,0.34053743,0.272899,0.123653464,0.0,0.44267613,0.0,0.0,0.0,0.50716406,0.34857625,0.0,0.0,0.0,0.53334683,0.0,0.0,0.0,0.58138883,0.0,-0.48647434,-0.24141331,0.13547488
-1.0155106,0.35160333,0.39696586,0.0,0.0,0.0,0.40628988,0.30276537,0.0,0.0,0.47176856,0.41270295,0.29508933,0.8214501,0.09925881,0.0,0.16896462,0.4594199,0.0,0.09258482,0.0,0.0,0.0,0.0,0.22210366,0.0,0.024538219,0.74336576,0.039476812,0.0,0.42424256,0.035481304,0.0,0.0,0.63993865,0.32789665,0.0,0.3053545,0.04313755,0.06964584,0.17250644,0.0,0.22701466,0.07440223,0.058754224,0.1675242,0.04234594,0.0,0.07519281,0.029381208,0.0,0.0,0.15335143,0.055732854,0.14565836,0.09631665,0.16626829,0.014459131,0.115921065,0.0,0.0,0.12522227,0.0,0.30897948,0.0,0.026877545,0.0,0.18886751,0.09213588,-0.025841039
1.6611844,-2.1511166,-1.648072,0.0,0.0,0.16287252,0.0,0.0,0.07225477,0.0,0.0,0.18492411,1.0262626,0.010228604,1.3283621,0.96457756,0.69496214,0.057711065,0.0,0.0,0.0,0.0,0.0,1.3458909,0.0704962,1.9290404,1.3213542,0.0,0.9929743,0.0,1.4166374,1.2182325,1.5115683,0.012937233,0.0,0.0,0.34639442,0.0,0.54325163,0.3302523,0.44774026,0.66391975,0.0,0.0,0.0,0.23369867,0.8719755,0.41407764,0.13096528,0.59146845,0.0,0.25603297,0.16144589,0.0,0.0,0.0,0.3636812,0.35608906,0.0,0.0,0.0,0.8834939,0.0,0.0,0.0,0.0,0.0,-0.5003297,-0.32487887,0.15865217
-0.51669276,0.32041556,0.5565815,0.0,0.0,0.0,0.1521472,0.17782465,0.0,0.0,0.52387744,0.3750942,0.09334418,0.6043718,0.17574465,0.0,0.0,0.57603693,0.0,0.14274453,0.054031707,0.0,0.15053011,0.0,0.43012282,0.0,0.26938277,0.5737759,0.0,0.0,0.4148161,0.15028037,0.0,0.0,0.72373724,0.36446744,0.0,0.3468022,0.006170444,0.018945217,0.13716878,0.0,0.20852986,0.041386563,0.0,0.096014336,0.0,0.0,0.036508113,0.024840951,0.11512043,0.0,0.14628151,0.0,0.17574993,0.09756375,0.15932868,0.0,0.13364235,0.0,0.0,0.094000876,0.0,0.3568408,0.0,0.05798447,0.0,0.25639626,0.1553527,-0.047720723
-1.2531832,1.846604,0.60078776,0.0,0.3234358,0.0,0.618566,1.1452926,0.029264681,0.59133893,0.49418032,0.58099353,0.0,0.40393677,0.088587195,0.0,0.0,0.7955296,0.0,0.41968864,0.36148036,0.0,0.057312913,0.0,0.9765742,0.0,0.0,1.0387751,0.05503966,0.0,0.0,0.0,0.0,0.0,1.1899209,0.3849621,0.0,0.47620723,0.13598922,0.009477988,0.32504484,0.0,0.32748663,0.10587813,0.15518036,0.022294104,0.03925851,0.0,0.29047418,0.0,0.08191029,0.0,0.33303443,0.0141878575,0.0,0.14171733,0.11086058,0.0,0.19034658,0.0,0.0,0.3461419,0.0,0.47742257,0.0,0.08474643,0.0,0.2624686,0.081303336,-0.02910425
-1.4335586,0.9567898,-0.5654933,0.0,0.0,0.0,0.66517836,0.6801953,0.07720474,0.77671665,0.040359452,0.5836298,0.5888374,0.62097514,0.37297347,0.0,0.7204589,0.35873806,0.0,0.0,0.0,0.0,0.0,0.0,0.41180348,0.0,0.0,1.0172342,0.57852733,0.0,0.012736052,0.0,0.0,0.0,0.42104715,0.020568855,0.0,0.08881529,0.25187144,0.31087402,0.44865268,0.0,0.23121223,0.008209571,0.2903486,0.47657236,0.4889853,0.15464295,0.24318673,0.10444312,0.0,0.0,0.29030252,0.0,0.0,0.1287755,0.30130485,0.0,0.0,0.0,0.06625239,0.39349824,0.0,0.16352645,0.0,0.20262975,0.0,-0.25884068,-0.1726995,0.096108295
-1.6809602,1.3546234,1.0028858,0.0,0.26553723,0.0,0.79761475,1.0008467,0.0,0.17315,0.7087778,0.5058294,0.0,0.89394796,0.0,0.0,0.0,0.6643058,0.0,0.5049605,0.13733718,0.0,0.09537396,0.0,0.47859374,0.0,0.0,1.0765556,0.0,0.0,0.0,0.0,0.0,0.0,1.1689762,0.5536422,0.0,0.4914182,0.0,0.0,0.0550868,0.0,0.27813292,0.18582965,0.1797893,0.0,0.0,0.0,0.19033296,0.0,0.08580874,0.0,0.24943498,0.14619443,0.0667232,0.15572166,0.023733288,0.0,0.3289164,0.0,0.0,0.20716713,0.0,0.46085924,0.021824218,0.0,0.0,0.41673544,0.1463986,-0.08041535
-0.38129634,1.0022141,1.739414,0.0,0.1812469,0.0,0.114691295,0.5451955,0.0,0.0,0.99693006,0.34834886,0.0,0.49458987,0.0,0.0,0.0,0.9583111,0.0,0.71806,0.7224216,0.0,0.9616626,0.0,0.85228133,0.0,0.470037,0.5764347,0.0,0.18424281,0.13326469,0.006816715,0.0,0.1290173,1.4296677,0.776458,0.0,0.5951296,0.0,0.0,0.0,0.0,0.026838362,0.3000182,0.06352402,0.0,0.0,0.0,0.0,0.0,0.42715597,0.0,0.13453734,0.02729851,0.051237132,0.3457149,0.0,0.0,0.40366745,0.0,0.0,0.0,0.0,0.5890449,0.0,0.18514341,0.0,0.4893701,0.29067445,-0.15342851
0.5868455,-0.74611354,-1.6772686,0.0,0.0,0.0,0.0,0.0,0.30048043,0.0,0.0,0.39654627,0.92173934,0.018636197,1.1653999,0.2906137,0.86924946,0.170818,0.0,0.0,0.0,0.0,0.0,0.29581913,0.3920111,0.9298847,0.18633665,0.17611155,1.089172,0.0,0.69948775,0.6803405,0.7913114,0.0,0.0,0.0,0.052464277,0.0,0.28501302,0.25930262,0.54355776,0.17262086,0.0,0.0,0.0,0.42597058,0.8460486,0.21622379,0.30826056,0.31160396,0.0,0.0,0.29149723,0.0,0.0,0.0,0.35598478,0.41190836,0.0,0.0,0.0,0.6443542,0.0,0.0,0.0,0.3294864,0.0,-0.4328987,-0.26749825,0.13859467
0.50338537,0.8736368,0.90039223,0.0,0.0,0.0,0.0,0.24516082,0.0,0.0,0.6071501,0.36939344,0.0,0.0,0.37757778,0.0,0.0,0.9612634,0.0,0.35247958,0.75334775,0.0,0.7704263,0.0,1.2145247,0.0,0.43132803,0.32148018,0.0,0.0,0.04216826,0.25422433,0.0,0.0,1.1008615,0.5521798,0.0,0.34638575,0.0,0.0,0.1673923,0.0,0.07903993,0.1811108,0.0,0.0,0.0,0.0,0.03495334,0.0,0.39033234,0.0,0.2389588,0.0,0.0758495,0.23364036,0.0,0.0,0.325976,0.0,0.0,0.0,0.0,0.49670514,0.0,0.18372533,0.0,0.38138962,0.21012661,-0.11012744
1.3396736,-1.880981,-1.0345399,0.0,0.0,0.1539506,0.0,0.0,0.0,0.0,0.0,0.17709383,0.8115631,0.189529,1.049669,0.635013,0.44575027,0.16009834,0.0,0.0,0.0,0.0,0.0,1.1918758,0.059140593,1.5704257,1.3512754,0.0,0.6837243,0.0,1.3531936,1.073321,1.0827396,0.15444577,0.0,0.0,0.24859484,0.07804692,0.48055747,0.2872299,0.38785213,0.49605563,0.0,0.0,0.0,0.20142922,0.67981565,0.25123435,0.057987258,0.5750895,0.0,0.1562714,0.056427438,0.0,0.0,0.0,0.33923498,0.25583214,0.0,0.0,0.0,0.6408768,0.0,0.0,0.0,0.0,0.0,-0.4060373,-0.22613822,0.133106
-0.2497412,-0.5112511,0.012855458,0.0,0.0,0.0,0.0,0.0,0.0,0.0,0.32006502,0.31297386,0.47607154,0.6845986,0.36843503,0.0,0.235354,0.34370863,0.0,0.0,0.0,0.0,0.0,0.15212467,0.08670038,0.23986393,0.5701404,0.38904896,0.19445957,0.0,0.81356573,0.39981243,0.0,0.07556336,0.25164488,0.16027308,0.0,0.26489735,0.13228178,0.16441806,0.22746307,0.0,0.1682053,0.0,0.0,0.21855898,0.1523495,0.0,0.05417949,0.24082842,0.0,0.0,0.019662494,0.0,0.17822942,0.09422523,0.2673632,0.17621748,0.0,0.0,0.0,0.16024202,0.0,0.15969901,0.0,0.09568584,0.0,-0.02860123,-0.007818833,0.0011421535
0.031427875,-0.6072682,-0.08610493,0.0,0.0,0.0,0.0,0.0,0.0,0.0,0.2715511,0.29875982,0.45721194,0.5567007,0.47100025,0.0,0.20827338,0.35970438,0.0,0.0,0.0,0.0,0.0,0.27087456,0.16430673,0.3723759,0.66566694,0.29095066,0.2488027,0.0,0.833781,0.485865,0.0,0.06305461,0.19720477,0.14387634,0.0,0.23800465,0.21008396,0.18209352,0.26882997,0.0,0.1674711,0.0,0.0,0.2192331,0.21879025,0.0,0.066975474,0.30043134,0.013437003,0.0,0.029606739,0.0,0.17243358,0.08522637,0.27613068,0.18153782,0.0,0.0,0.0,0.18520044,0.0,0.12943353,0.0,0.093137294,0.0,-0.07773179,-0.046329603,0.011805842
0.22666751,-0.083466195,-0.21501154,0.0,0.0,0.0,0.0,0.0,0.0,0.0,0.18230465,0.3636371,0.2800495,0.22735515,0.6125302,0.0,0.14111759,0.4984572,0.0,0.0,0.0,0.0,0.0,0.036637105,0.56423163,0.14419915,0.37259632,0.31719726,0.36984044,0.0,0.5016575,0.42236298,0.0,0.0,0.32523602,0.04158748,0.0,0.1248948,0.19470896,0.17091478,0.35076216,0.0,0.14022389,0.0,0.0,0.28991884,0.28512728,0.0,0.15582277,0.19972926,0.0847688,0.0,0.20804748,0.0,0.13964604,0.021278374,0.27222556,0.19383411,0.03842188,0.0,0.0,0.23420921,0.0,0.15997347,0.0,0.179679,0.0,-0.123737216,-0.05504322,0.035201192
0.9834274,0.5936402,0.4854193,0.0,0.0,0.0,0.0,0.0,0.12778994,0.0,0.42359796,0.35257983,0.0,0.0,0.6289417,0.0,0.0,0.92055947,0.0,0.13583066,0.7034849,0.0,0.670615,0.0,1.2872779,0.0,0.54692614,0.14858027,0.093639284,0.0,0.117941916,0.43187845,0.0,0.0,0.87103325,0.4237553,0.0,0.22861692,0.038368322,0.0,0.24234942,0.0,0.07190813,0.06139211,0.0,0.0,0.0,0.0,0.049775913,0.037394047,0.36393535,0.0,0.24736825,0.0,0.116726,0.16206695,0.050468486,0.0,0.2093714,0.0,0.0,0.0,0.0,0.40090525,0.0,0.22328086,0.0,0.27699918,0.15670514,-0.0776196
-1.167002,1.5548494,-0.89984274,0.0,0.045183122,0.0,0.57308096,0.91942966,0.42016312,1.2641501,0.0,0.6720112,0.4426728,0.18660007,0.6117479,0.0,0.7263682,0.49451783,0.0,0.0,0.0,0.0,0.0,0.0,0.8946663,0.0,0.0,1.0430311,0.8161535,0.0,0.0,0.0,0.0,0.0,0.49409196,0.0,0.0,0.067423046,0.35922432,0.3406886,0.65582395,0.0,0.2310363,0.0,0.29082748,0.5661644,0.7215903,0.33935374,0.41318852,0.17186475,0.0,0.0,0.40879902,0.0,0.0,0.011560515,0.3769124,0.0037296154,0.0,0.0,0.17902422,0.5768781,0.0,0.17623286,0.0,0.38510942,0.0,-0.3895483,-0.30838758,0.17096801
0.44683725,0.045635577,-0.037784375,0.0,0.0,0.0,0.0,0.0,0.011017151,0.0,0.2443999,0.35470074,0.10628685,0.09644166,0.62091434,0.0,0.0,0.6010131,0.0,0.0,0.1346214,0.0,0.11814611,0.05619546,0.73587906,0.073118664,0.44930255,0.25899503,0.29737917,0.0,0.42634538,0.44014847,0.0,0.0,0.45142218,0.1347097,0.0,0.1701813,0.17746815,0.120103456,0.32034147,0.0,0.15812263,0.0,0.0,0.21340294,0.20937747,0.0,0.122678235,0.18161875,0.16505629,0.0,0.22313389,0.0,0.18241239,0.040024832,0.22419652,0.12331436,0.060438324,0.0,0.0,0.17178261,0.0,0.23577987,0.0,0.16596135,0.0,-0.010022409,0.0018584803,0.01051786
0.8840656,-0.6035065,-0.6351288,0.0,0.0,0.0,0.0,0.0,0.08252644,0.0,0.0019174516,0.3117894,0.3992763,0.0070450306,0.8936012,0.07509887,0.21511477,0.4355339,0.0,0.0,0.0,0.0,0.0,0.44409138,0.5795071,0.6651743,0.6755543,0.05175072,0.5694543,0.0,0.699449,0.69077766,0.35135636,0.0,0.026428431,0.0,0.04082471,0.0,0.36182696,0.20911342,0.43747032,0.0,0.043564923,0.0,0.0,0.288956,0.5555893,0.030095637,0.1491748,0.40206122,0.043338872,0.0,0.18163452,0.0,0.04648903,0.0,0.3149138,0.21451907,0.0,0.0,0.0,0.38823876,0.0,0.0027783513,0.0,0.20249149,0.0,-0.32178217,-0.18203206,0.09267939
0.82734233,0.034754127,0.78966904,0.0,0.0,0.0,0.0,0.0,0.0,0.0,0.5890614,0.26692063,0.0,0.060188442,0.43381575,0.0,0.0,0.8104547,0.0,0.16741692,0.5273274,0.0,0.741725,0.2807258,0.8794384,0.0,0.9521539,0.09568316,0.0,0.0,0.4850239,0.5071783,0.0,0.09974547,0.8049178,0.5251537,0.0,0.45664153,0.018844074,0.0,0.072434716,0.0,0.1842255,0.0,0.0,0.0,0.0,0.0,0.0,0.10827109,0.35636902,0.0,0.12311316,0.0,0.22196944,0.2661496,0.013718806,0.0,0.14415006,0.0,0.0,0.0,0.0,0.44369498,0.0,0.09436266,0.0,0.3842457,0.18910131,-0.11571016
0.35238189,-0.2714449,-1.97277,0.0,0.0,0.0,0.0,0.0,0.4918811,0.35993892,0.0,0.487365,0.95315504,0.0,1.244862,0.17912328,1.0341,0.18654963,0.0,0.0,0.0,0.0012432337,0.0,0.0,0.56938314,0.68395025,0.0,0.33818102,1.2758591,0.0,0.41621208,0.53473985,0.69742095,0.0,0.0,0.0,0.0,0.0,0.23443729,0.31539574,0.625782,0.050060965,0.0,0.0,0.0,0.56394726,0.9995131,0.3096546,0.38352907,0.23618862,0.0,0.0,0.3647867,0.0,0.0,0.0,0.443917,0.43897894,0.0,0.0,0.0,0.6739098,0.0,0.0,0.0,0.49874026,0.0,-0.5058606,-0.31687313,0.14033452
0.608347,-0.029912952,-0.63204944,0.0,0.0,0.0,0.0,0.0,0.20397097,0.0,0.0,0.39029214,0.30128577,0.0,0.86586446,0.0,0.22571531,0.51598424,0.0,0.0,0.0,0.0,0.0,0.06458756,0.785817,0.28573525,0.26940155,0.22686356,0.6073404,0.0,0.39387596,0.5074537,0.08429068,0.0,0.19622539,0.0,0.0,0.0,0.26012954,0.19262756,0.4647535,0.0,0.029349864,0.0,0.0,0.35875952,0.50708264,0.0,0.24310388,0.26127675,0.111365154,0.0,0.29707757,0.0,0.065650895,0.0,0.2963942,0.25820366,0.032650225,0.0,0.0,0.34571776,0.0,0.052721515,0.0,0.3007961,0.0,-0.27742088,-0.14183857,0.07900543
1.1629788,-1.2766368,-1.6770005,0.0,0.0,0.0,0.0,0.0,0.25207233,0.0,0.0,0.310651,0.9131266,0.0,1.2767744,0.6020254,0.75373846,0.1595763,0.0,0.0,0.0,0.0,0.0,0.7403321,0.35000402,1.3431054,0.662678,0.0,1.065206,0.0,0.95414054,0.9220742,1.1029108,0.0,0.0,0.0,0.2100684,0.0,0.40105048,0.2579787,0.5239751,0.31951785,0.0,0.0,0.0,0.32734686,0.87651336,0.30737376,0.2421347,0.43957794,0.0,0.11733576,0.24105051,0.0,0.0,0.0,0.36910358,0.3875517,0.0,0.0,0.0,0.74928457,0.0,0.0,0.0,0.16011804,0.0,-0.45006263,-0.31027228,0.1518054
-1.7133446,0.6458636,1.6492476,0.0,0.15427247,0.0,0.7617042,0.6612835,0.0,0.0,1.0252553,0.36811048,0.0,1.3088146,0.0,0.0,0.0,0.6003428,0.0,0.6452174,0.05621232,0.0,0.39856824,0.0,0.029799968,0.0,0.21724144,0.9442165,0.0,0.3766283,0.44642192,0.0,0.0,0.3041173,1.2002186,0.7564196,0.0,0.6728579,0.0,0.0,0.0,0.0,0.15309066,0.114455536,0.29783586,0.0,0.0,0.0,0.0,0.0,0.14448617,0.0,0.045960963,0.09175317,0.19187117,0.20357484,0.0,0.0,0.32567906,0.0,0.0,0.0,0.0,0.47918108,0.18822348,0.06543893,0.0,0.4748516,0.1866041,-0.048544563
-0.08880974,0.05859835,0.38504484,0.0,0.0,0.0,0.0,0.0,0.0,0.0,0.44676256,0.34162858,0.108935505,0.4506362,0.3294861,0.0,0.0,0.5699194,0.0,0.025886342,0.06553287,0.0,0.17752218,0.0,0.48147166,0.0,0.47017956,0.40766713,0.056610376,0.0,0.5100069,0.3062122,0.0,0.0,0.59515816,0.2780133,0.0,0.3149354,0.04752764,0.0655994,0.16509265,0.0,0.20095447,0.0,0.0,0.13492379,0.018841721,0.0,0.03382483,0.09933631,0.13576281,0.0,0.13412765,0.0,0.20011027,0.0912687,0.2020891,0.06766232,0.066510886,0.0,0.0,0.089371696,0.0,0.32518965,0.0,0.085806124,0.0,0.16836071,0.11113253,-0.041685842
-0.3211861,-0.3303413,0.7567491,0.0,0.0,0.0,0.010385998,0.0,0.0,0.0,0.63578176,0.2732942,0.1647859,0.7932079,0.104356825,0.0,0.0,0.4957813,0.0,0.112889275,0.0,0.0,0.2772188,0.13436751,0.13512722,0.0,0.7872281,0.40156844,0.0,0.15366903,0.7929884,0.3267315,0.0,0.2915812,0.6065805,0.43654013,0.0,0.52758825,0.0,0.022806376,0.0,0.0,0.19620812,0.0,0.0,0.033178,0.0,0.0,0.0,0.12752569,0.13820396,0.0,0.0,0.0,0.2983249,0.17731893,0.17935711,0.0051679723,0.028280834,0.0,0.0,0.0,0.0,0.36273557,0.0,0.08423504,0.0,0.30642322,0.19748834,-0.079590596
1.9181542,-2.5877597,-3.4686563,0.0,0.0,0.08399513,0.0,0.0,0.55161893,0.0,0.0,0.27942562,1.7610816,0.0,1.9973688,1.6328301,1.6113275,0.0,0.0,0.0,0.0,0.20466992,0.0,1.4099609,0.0,2.649884,0.8120088,0.0,1.9151311,0.0,1.4562436,1.4142745,2.5078874,0.0,0.0,0.0,0.5003057,0.0,0.45060566,0.34706086,0.7204559,0.9333134,0.0,0.0,0.0,0.35374808,1.396951,0.7483616,0.38993055,0.59491074,0.0,0.30225763,0.4376019,0.0,0.0,0.0,0.4242483,0.630615,0.0,0.0,0.0,1.4718887,0.0,0.0,0.0,0.030284125,0.0,-0.62482077,-0.51694095,0.28157637
-1.3418595,0.6537638,-0.1377012,0.0,0.0,0.0,0.5951886,0.516241,0.0,0.31737,0.23731348,0.507462,0.49776465,0.7722585,0.22303039,0.0,0.51042026,0.37719285,0.0,0.0,0.0,0.0,0.0,0.0,0.26400918,0.0,0.0,0.91979694,0.332218,0.0,0.22352734,0.0,0.0,0.0,0.50185233,0.17664135,0.0,0.19004619,0.15449119,0.2033659,0.2971074,0.0,0.23314305,0.059891466,0.19055827,0.3341043,0.26525247,0.0,0.162436,0.08330765,0.0,0.0,0.21652696,0.011853617,0.015088685,0.1275047,0.22043118,0.0,0.064204775,0.0,0.0,0.2616417,0.0,0.2279122,0.0,0.09139492,0.0,-0.051473707,-0.031097934,0.028988617
-1.4199146,1.1391264,2.2553358,0.0,0.35001805,0.0,0.63919437,0.8733071,0.0,0.0,1.2521236,0.36227897,0.0,1.0801455,0.0,0.0,0.0,0.87348425,0.0,0.9599305,0.53765684,0.0,0.90787643,0.0,0.43387786,0.0,0.30844247,0.89747286,0.0,0.50156057,0.19956866,0.0,0.0,0.32197943,1.621444,0.93217677,0.0,0.775123,0.0,0.0,0.0,0.0,0.021841697,0.2704438,0.3301864,0.0,0.0,0.0,0.0,0.0,0.35721606,0.0,0.08952883,0.11418387,0.060826115,0.35699973,0.0,0.0,0.4784686,0.0,0.0,0.0,0.0,0.6028947,0.07114371,0.16237105,0.0,0.54692876,0.26908344,-0.10734444
-0.76328707,-0.007007027,0.6572845,0.0,0.0,0.0,0.2539998,0.0669806,0.0,0.0,0.5930127,0.33786154,0.23466547,0.8788849,0.04657498,0.0,0.0009222105,0.4683546,0.0,0.13306738,0.0,0.0,0.090935715,0.0,0.12173033,0.0,0.42329925,0.59545624,0.0,0.0017111003,0.63548934,0.1614416,0.0,0.14271665,0.6445328,0.41154075,0.0,0.4231703,0.0,0.046022728,0.086955324,0.0,0.21000904,0.0,0.0,0.08997527,0.0,0.0,0.0016447008,0.06497562,0.017043695,0.0,0.05717618,0.0,0.24068314,0.121461764,0.18343163,0.009559425,0.07046136,0.0,0.0,0.025911313,0.0,0.37001815,0.0,0.021627683,0.0,0.26714212,0.15446518,-0.05379297
1.9298353,-1.3618637,-0.76230335,0.016164929,0.0,0.0,0.0,0.0,0.09767539,0.0,0.0,0.19095273,0.3664133,0.0,1.1574377,0.6244371,0.04388652,0.44158372,0.0,0.0,0.0,0.0,0.08776509,1.1271943,0.6266003,1.3291069,1.366704,0.0,0.610572,0.0,1.0306305,1.0895438,0.8973521,0.018884301,0.0,0.027000355,0.283575,0.05091068,0.4968537,0.20680544,0.3835411,0.18167588,0.0,0.0,0.0,0.15655875,0.6446383,0.17949152,0.034983248,0.6158935,0.0,0.1449107,0.15107426,0.0,0.0,0.0,0.3339656,0.17539285,0.0,0.0,0.0,0.6184392,0.0,0.0,0.0,0.0,0.0,-0.3498547,-0.23328234,0.13100158
0.9509467,-0.43104386,0.76396996,0.043350905,0.0,0.0,0.0,0.0,0.0,0.0,0.5966041,0.20923002,0.0,0.17168528,0.43732977,0.0,0.0,0.7216939,0.0,0.07964586,0.39141947,0.0,0.7267954,0.5567888,0.6661335,0.2553812,1.2403467,0.0,0.0,0.10122314,0.7395998,0.6340679,0.0,0.27395666,0.6517594,0.566321,0.0,0.5488943,0.07015069,0.015040562,0.02965884,0.0,0.19729413,0.0,0.0,0.0,0.0,0.0,0.0,0.25129637,0.37411296,0.0,0.006439399,0.0,0.29208332,0.27441958,0.04886996,0.0,0.07231411,0.0,0.0,0.0,0.0,0.3978495,0.0,0.054548003,0.0,0.3712108,0.17102294,-0.12041779
0.4902846,-0.30624095,-0.7400371,0.0,0.0,0.0,0.0,0.0,0.12771055,0.0,0.0,0.37179342,0.46464497,0.07665554,0.8486077,0.0,0.3569818,0.41055033,0.0,0.0,0.0,0.0,0.0,0.16070789,0.5735004,0.4440728,0.33871666,0.22671165,0.63476074,0.0,0.55213284,0.54200613,0.20732328,0.0,0.05662006,0.0,0.0,0.0,0.27195397,0.21696356,0.4528048,0.0,0.0075300634,0.0,0.0,0.36065423,0.53731215,0.0,0.20480259,0.30642584,0.027759545,0.0,0.23078829,0.0,0.02894272,0.0,0.30564168,0.26041725,0.0,0.0,0.0,0.37417874,0.0,0.00010843575,0.0,0.28344032,0.0,-0.3221221,-0.16412626,0.09134598
-0.23822276,0.14662045,-0.91371715,0.0,0.0,0.0,0.017308466,0.0,0.17484578,0.1590724,0.0,0.46960992,0.6086576,0.24698761,0.7501372,0.0,0.62196046,0.34509075,0.0,0.0,0.0,0.0,0.0,0.0,0.5051534,0.0852327,0.0,0.5343437,0.736398,0.0,0.33760235,0.2867753,0.0,0.0,0.08945769,0.0,0.0,0.0,0.18132247,0.27359134,0.45868987,0.0,0.0032891333,0.0,0.006238254,0.48310804,0.5231942,0.0,0.23287977,0.19986013,0.0,0.0,0.2985283,0.0,0.0,0.0,0.34406123,0.29486853,0.0,0.0,0.02831193,0.3662446,0.0,0.0,0.0,0.32557684,0.0,-0.33823064,-0.16049094,0.0958231
-1.0537854,0.3407232,0.01148723,0.0,0.0,0.0,0.42901325,0.29205456,0.0,0.0,0.30682927,0.44608176,0.45323625,0.7722032,0.22266272,0.0,0.38205808,0.3852467,0.0,0.0,0.0,0.0,0.0,0.0,0.21038276,0.0,0.0,0.7733357,0.23822957,0.0,0.39383936,0.03889826,0.0,0.0,0.4782823,0.20206054,0.0,0.19830361,0.09044373,0.14107102,0.23373297,0.0,0.19088805,0.056514796,0.09263572,0.27140188,0.16718695,0.0,0.1173636,0.0902043,0.0,0.0,0.1827732,0.035584934,0.10139902,0.09446689,0.1950069,0.07120729,0.07698535,0.0,0.0,0.19157076,0.0,0.22505023,0.0,0.07110487,0.0,0.030123234,0.01059451,0.007352313
-0.33233893,0.27810684,0.5168055,0.0,0.0,0.0,0.05733738,0.11203641,0.0,0.0,0.5019089,0.3660507,0.06514478,0.51728326,0.23594534,0.0,0.0,0.5955184,0.0,0.117318764,0.09587692,0.0,0.18896315,0.0,0.4922333,0.0,0.3319184,0.5113694,0.0,0.0,0.41879335,0.20170565,0.0,0.0,0.7048477,0.34759733,0.0,0.33735362,0.010205369,0.022448033,0.14406103,0.0,0.19864236,0.027689818,0.0,0.097810954,0.0,0.0,0.026817948,0.036711432,0.14477682,0.0,0.14403822,0.0,0.17803243,0.094936244,0.16526836,0.016482307,0.12154464,0.0,0.0,0.08934962,0.0,0.35032457,0.0,0.07263636,0.0,0.24214014,0.15140696,-0.04795018
-1.0296625,0.096058585,0.5765996,0.0,0.0,0.0,0.39516723,0.17899,0.0,0.0,0.5628401,0.3677362,0.3134334,0.9621508,0.011352688,0.0,0.11510244,0.42698342,0.0,0.122123465,0.0,0.0,0.0,0.0,0.060856014,0.0,0.24607489,0.6991485,0.0,0.0,0.5912533,0.08176273,0.0,0.082472995,0.6294551,0.38850832,0.0,0.39007735,0.0,0.06765527,0.111472875,0.0,0.23232442,0.02931473,0.032765552,0.12559028,0.0,0.0,0.032661557,0.052025855,0.0,0.0,0.077830374,0.0,0.20469822,0.12066062,0.17359371,0.015319716,0.07530938,0.0,0.0,0.058347464,0.0,0.33831906,0.0,0.0008344501,0.0,0.24216475,0.12780948,-0.0450913
0.84468204,-1.1027428,0.7023403,0.120824456,0.0,0.08815083,0.0,0.0,0.0,0.0,0.60742855,0.13968344,0.07267329,0.4758362,0.3740685,0.0,0.0,0.53410065,0.0,0.0,0.08010098,0.0,0.58904135,0.8691772,0.22739413,0.6290192,1.5567327,0.0,0.0,0.3424944,1.1292287,0.75365174,0.0,0.52947056,0.4042569,0.5540396,0.0,0.6660789,0.098432526,0.08539699,0.0,0.0,0.19869587,0.0,0.0,0.0,0.0,0.0,0.0,0.42085028,0.32577145,0.0,0.0,0.0,0.35649967,0.26028478,0.13365102,0.0,0.0,0.0,0.0,0.0,0.0,0.31866267,0.0,0.04731392,0.0,0.33089948,0.16072506,-0.107066326
-0.24036287,0.046519127,0.9971938,0.0,0.0,0.0,0.0,0.0,0.0,0.0,0.71805733,0.29377198,0.0,0.65072066,0.073666364,0.0,0.0,0.6394381,0.0,0.2677434,0.19040841,0.0,0.48364043,0.0,0.38451114,0.0,0.7105957,0.42221218,0.0,0.1336005,0.59389967,0.2592128,0.0,0.22645465,0.82994986,0.5206211,0.0,0.52337945,0.0,0.0,0.0,0.0,0.14956509,0.019274104,0.0,0.0,0.0,0.0,0.0,0.019970275,0.23474334,0.0,0.028733553,0.0,0.2465271,0.19099738,0.08549132,0.0,0.14313868,0.0,0.0,0.0,0.0,0.4213256,0.0,0.11532052,0.0,0.3754449,0.22710723,-0.09910741
-0.16661541,-0.29689893,1.5450506,0.0015157759,0.0,0.0,0.0,0.0,0.0,0.0,0.9696835,0.2032601,0.0,0.84987247,0.0,0.0,0.0,0.6649602,0.0,0.42688608,0.25663155,0.0,0.8010862,0.2650811,0.20100081,0.0,1.1773957,0.31805164,0.0,0.5762322,0.84199584,0.33454657,0.0,0.57394695,0.94525135,0.74135476,0.0,0.7775258,0.0,0.0,0.0,0.0,0.09380077,0.0,0.0,0.0,0.0,0.0,0.0,0.043013,0.3554523,0.0,0.0,0.0,0.32666808,0.33762166,0.019133486,0.0,0.111983,0.0,0.0,0.0,0.0,0.47065648,0.00873512,0.20998803,0.0,0.48367232,0.27141374,-0.1181776
-0.011180662,-1.328915,-1.9927186,0.0,0.0,0.0,0.0,0.0,0.096241035,0.0,0.0,0.37921375,1.4054279,0.49587095,1.0652856,0.32555473,1.3045658,0.0,0.0,0.0,0.0,0.13864988,0.0,0.3858578,0.0,1.215751,0.18446589,0.28985685,1.1789753,0.0,1.0549154,0.6768961,1.0169208,0.0,0.0,0.0,0.0,0.0,0.23872909,0.25230154,0.5913083,0.49671313,0.0,0.0,0.08023068,0.4395655,0.8416686,0.29580045,0.2672037,0.34543338,0.0,0.0,0.21291846,0.0,0.0,0.0,0.41148132,0.43513256,0.0,0.0,0.0,0.7534714,0.0,0.0,0.0,0.32031193,0.0,-0.47854787,-0.24059688,0.18073456
0.7807505,-0.44427404,0.06611885,0.0,0.0,0.0,0.0,0.0,0.0,0.0,0.30143782,0.27451047,0.12039134,0.1325294,0.6339956,0.0,0.0,0.56923574,0.0,0.0,0.1089306,0.0,0.2526546,0.4228379,0.60189056,0.39173797,0.8754332,0.07309836,0.21330228,0.0,0.6897292,0.6161828,0.0,0.018920362,0.3552631,0.24854778,0.0,0.27105865,0.26800787,0.12578732,0.25336242,0.0,0.20458838,0.0,0.0,0.12392274,0.18986525,0.0,0.04369852,0.3203391,0.22492522,0.0,0.10460015,0.0,0.2072205,0.107075125,0.20437396,0.07699068,0.020056497,0.0,0.0,0.12648837,0.0,0.21590348,0.0,0.07594157,0.0,0.040725388,0.004221879,-0.026042141
0.85416365,-0.18535748,-1.1227051,0.0,0.0,0.0,0.0,0.0,0.3571087,0.0,0.0,0.40415186,0.4573121,0.0,1.0907433,0.09294659,0.42052647,0.44602358,0.0,0.0,0.0,0.0,0.0,0.15279378,0.82496583,0.536019,0.20793022,0.15062766,0.8595313,0.0,0.4107311,0.6079963,0.4028236,0.0,0.0,0.0,0.027828686,0.0,0.2698127,0.20442784,0.5086585,0.0,0.0,0.0,0.0,0.38450345,0.73860586,0.048177645,0.26985657,0.32541782,0.058363356,0.0,0.31196272,0.0,0.0,0.0,0.3447827,0.32995018,0.015133329,0.0,0.0,0.4836966,0.0,0.0,0.0,0.37892002,0.0,-0.37281507,-0.20359133,0.11670423
-0.38039464,-0.56545615,-0.5104759,0.0,0.0,0.0,0.03895212,0.0,0.0,0.0,0.10103901,0.35683328,0.72725946,0.67398643,0.51140577,0.0,0.55546826,0.2184639,0.0,0.0,0.0,0.0,0.0,0.07395583,0.01131624,0.3665906,0.32043716,0.4483496,0.45771158,0.0,0.801925,0.39507818,0.024168074,0.0,0.014856935,0.0,0.0,0.067760125,0.1644561,0.2257034,0.33795476,0.08345676,0.07586679,0.0,0.008884778,0.33131766,0.30642745,0.0,0.11962056,0.27554703,0.0,0.0,0.063199386,0.0,0.055850305,0.06563163,0.27856055,0.25966126,0.0,0.0,0.0,0.28127024,0.0,0.0,0.0,0.19698134,0.0,-0.2390933,-0.09997293,0.05373437
-0.6197525,-0.39841497,0.08666082,0.0,0.0,0.0,0.16324195,0.0,0.0,0.0,0.3601527,0.33493242,0.5260927,0.84741247,0.25204396,0.0,0.30197167,0.31011382,0.0,0.0,0.0,0.0,0.0,0.0,0.0,0.086252525,0.42617536,0.5189271,0.15121117,0.0,0.7888851,0.29085058,0.0,0.07581927,0.29611182,0.17823501,0.0,0.27925363,0.061444186,0.15847768,0.18821838,0.0,0.18109176,0.0,0.0,0.23412895,0.11117325,0.0,0.05615233,0.17651942,0.0,0.0,0.029861968,0.0,0.17803338,0.1128487,0.23910695,0.16400181,0.0,0.0,0.0,0.11397418,0.0,0.19487785,0.0,0.087469205,0.0,0.021023229,0.021199666,-0.015764806
0.4678655,-1.0438042,1.5836095,0.25026077,0.0,0.21550408,0.0,0.0,0.0,0.0,1.0000827,0.08621335,0.0,0.8168198,0.0,0.0,0.0,0.62102807,0.0,0.31084704,0.22841166,0.0,0.98022467,0.8446934,0.058723867,0.31683183,1.8109152,0.001362592,0.0,0.84808886,1.2200449,0.6341666,0.0,0.86291206,0.75753975,0.7898601,0.0,0.9669676,0.0,0.0,0.0,0.0,0.107171185,0.0,0.0,0.0,0.0,0.0,0.0,0.26233298,0.40854722,0.0,0.0,0.0,0.41925538,0.45801395,0.012822911,0.0,0.0011033267,0.0,0.0,0.0,0.0,0.42925617,0.0,0.27575445,0.0,0.5089592,0.28175998,-0.11426817
0.14205961,-0.7171555,0.336026,0.0,0.0,0.0,0.0,0.0,0.0,0.0,0.45570105,0.24506882,0.3014873,0.6221258,0.34427327,0.0,0.0,0.42593947,0.0,0.0,0.0,0.0,0.15792935,0.41578135,0.13802707,0.35812157,0.9550274,0.21771964,0.023167834,0.033952862,0.9311349,0.5233234,0.0,0.2650631,0.33903712,0.36282113,0.0,0.43585238,0.13785428,0.115416855,0.13468146,0.0,0.21113937,0.0,0.0,0.09826385,0.081167966,0.0,0.0,0.29663783,0.11511593,0.0,0.0,0.0,0.2786194,0.13974555,0.23264977,0.07243067,0.0,0.0,0.0,0.0337079,0.0,0.27395633,0.0,0.017590843,0.0,0.15655604,0.07448787,-0.049540512
-1.4688842,0.23831837,-0.3135088,0.0,0.0,0.0,0.63442415,0.32211146,0.0,0.20072192,0.18667156,0.47875914,0.73294,0.96606135,0.21543092,0.0,0.69836324,0.22628641,0.0,0.0,0.0,0.0,0.0,0.0,0.0,0.0,0.0,0.9044032,0.38246256,0.0,0.45561302,0.0,0.0,0.0,0.28948513,0.11805442,0.0,0.14388195,0.11654726,0.23117167,0.2737701,0.09151893,0.19161156,0.040639017,0.24855724,0.3780463,0.2789606,0.0,0.13437064,0.13111916,0.0,0.0,0.16050543,0.010401744,0.013124704,0.150309,0.22401614,0.08021625,0.0,0.0,0.0,0.22197428,0.0,0.1367488,0.0,0.10537112,0.0,-0.12002945,-0.04844053,0.045913175
-0.045175627,0.38036475,-1.251884,0.0,0.0,0.0,0.0,0.03625767,0.39100966,0.4462725,0.0,0.51837116,0.601369,0.0,0.9399654,0.0,0.7026969,0.380956,0.0,0.0,0.0,0.0,0.0,0.0,0.74174213,0.06944274,0.0,0.5270882,0.941098,0.0,0.150909,0.28935486,0.0675706,0.0,0.039305687,0.0,0.0,0.0,0.22741981,0.33318317,0.5451518,0.0,0.0,0.0,0.0,0.5716884,0.74115974,0.13455138,0.30385745,0.20804623,0.0155559555,0.0,0.37942508,0.0,0.0,0.0,0.41690165,0.3177807,0.0,0.0,0.074496545,0.44632152,0.0,0.0,0.0,0.4284481,0.0,-0.4258194,-0.23547865,0.11984285
-0.87871736,0.30559778,0.6448692,0.0,0.0,0.0,0.3319859,0.2562536,0.0,0.0,0.57631564,0.38044316,0.17584965,0.81531054,0.045798898,0.0,0.0026909858,0.51664954,0.0,0.18077473,0.0,0.0,0.07182989,0.0,0.2507739,0.0,0.20625873,0.6806707,0.0,0.0,0.4644203,0.06972495,0.0,0.015951067,0.7334163,0.40407223,0.0,0.37691164,0.0,0.018843979,0.11565484,0.0,0.2262517,0.054036353,0.0017145406,0.08571585,0.0,0.0,0.04110746,0.018460482,0.03654232,0.0,0.12617302,0.0033902936,0.1872917,0.1107451,0.15300879,0.0,0.1324375,0.0,0.0,0.08505269,0.0,0.366453,0.0,0.024511587,0.0,0.28024653,0.15491243,-0.049845878
0.9678738,-1.1699595,-0.4228895,0.0,0.0,0.0,0.0,0.0,0.0,0.0,0.11899337,0.22341509,0.47374606,0.22359654,0.794837,0.18304348,0.1544841,0.35515064,0.0,0.0,0.0,0.0,0.0,0.7924638,0.28145534,0.9528585,1.1170287,0.0,0.41220653,0.0,1.040189,0.82397664,0.4836512,0.11774677,0.0,0.11107944,0.101772115,0.161269,0.39841563,0.20994538,0.34541357,0.15128508,0.08560319,0.0,0.0,0.1892647,0.48301393,0.06256844,0.036939338,0.50269556,0.0,0.026278116,0.023834378,0.0,0.087456934,0.021534279,0.3187769,0.16529113,0.0,0.0,0.0,0.36229825,0.0,0.027506255,0.0,0.040841058,0.0,-0.23896518,-0.13741864,0.085240155
-0.13480802,1.2395391,-0.6742867,0.0,0.0,0.0,0.032364152,0.52617997,0.46105483,0.6588226,0.0,0.5736343,0.14322704,0.0,0.7856741,0.0,0.317624,0.65993035,0.0,0.0,0.16820268,0.0,0.0,0.0,1.182336,0.0,0.0,0.6586617,0.7115352,0.0,0.0,0.07305321,0.0,0.0,0.5443678,0.0,0.0,0.0,0.26899204,0.16555308,0.6273767,0.0,0.08699601,0.0,0.0,0.42663118,0.5591367,0.08461292,0.32282746,0.1768738,0.13460459,0.0,0.38816464,0.0,0.0,0.0,0.3581043,0.12832728,0.0,0.0,0.027230583,0.50745946,0.0,0.1567381,0.0,0.43376708,0.0,-0.31464815,-0.15730377,0.107500665
-1.3932039,1.1753407,-0.38984767,0.0,0.019631416,0.0,0.65691936,0.7913666,0.0989007,0.7968345,0.103992164,0.59265983,0.4423511,0.5486268,0.3407659,0.0,0.5871908,0.4468039,0.0,0.0,0.0,0.0,0.0,0.0,0.5522438,0.0,0.0,1.0294083,0.5076386,0.0,0.0,0.0,0.0,0.0,0.56484526,0.0631821,0.0,0.15587974,0.26182613,0.27162978,0.4492798,0.0,0.26915416,0.011886071,0.25583425,0.42557484,0.44772625,0.1272655,0.26321822,0.09320596,0.0,0.0,0.31011337,0.0,0.0,0.10784047,0.2847215,0.0,0.020749252,0.0,0.049121134,0.40653825,0.0,0.2273753,0.0,0.18753622,0.0,-0.19797772,-0.14310808,0.08179534
1.4418077,-1.5870001,-0.8364197,0.0,0.0,0.04145348,0.0,0.0,0.0,0.0,0.0,0.19057688,0.61405563,0.06004852,1.0326072,0.5437838,0.27068967,0.28154433,0.0,0.0,0.0,0.0,0.0,1.0937271,0.27146614,1.3780156,1.3084135,0.0,0.61017513,0.0,1.1955405,1.0291791,0.9111687,0.10581571,0.0,0.0,0.23128434,0.08844559,0.48793215,0.25593817,0.396717,0.34862676,0.0,0.0,0.0,0.20253974,0.63287836,0.19334875,0.05812587,0.5713244,0.0,0.13732222,0.087738186,0.0,0.0,0.0,0.33191532,0.21430533,0.0,0.0,0.0,0.59046,0.0,0.0,0.0,0.0,0.0,-0.37602478,-0.21780618,0.12806614
0.097759426,-0.442352,-0.82334274,0.0,0.0,0.0,0.0,0.0,0.03190104,0.0,0.0,0.3788249,0.6584213,0.317855,0.7602354,0.0,0.54559547,0.28836906,0.0,0.0,0.0,0.0,0.0,0.10716522,0.31482857,0.46346924,0.2557068,0.3331694,0.65076077,0.0,0.6564245,0.4845499,0.2122486,0.0,0.0,0.0,0.0,0.0,0.22346216,0.23001185,0.43582624,0.035709612,0.0,0.0,0.0,0.37921083,0.49427754,0.0,0.1787663,0.28874734,0.0,0.0,0.1711187,0.0,0.0,0.0,0.31007713,0.27750513,0.0,0.0,0.0,0.38334337,0.0,0.0,0.0,0.27923614,0.0,-0.32970712,-0.15515348,0.090218626
2.0304139,-2.0252142,-0.9628608,0.097209424,0.0,0.17103466,0.0,0.0,0.0,0.0,0.0,0.12593614,0.619505,0.0,1.1993215,0.87022424,0.20419899,0.27316448,0.0,0.0,0.0,0.0,0.0,1.4769623,0.29310283,1.7709014,1.6786804,0.0,0.6609565,0.0,1.3827949,1.2574115,1.2462635,0.20750675,0.0,0.0,0.3466605,0.13477695,0.56204844,0.3084756,0.3798986,0.47137323,0.0,0.0,0.0,0.14366286,0.7169399,0.27079356,0.020032063,0.6655936,0.0,0.21697098,0.09925838,0.0,0.0,0.0,0.33978653,0.22891846,0.0,0.0,0.0,0.7081646,0.0,0.0,0.0,0.0,0.0,-0.41513118,-0.24346651,0.14799707
-0.8926451,1.8491989,-1.2124683,0.0,0.06944695,0.0,0.45749497,0.9990474,0.663675,1.5513179,0.0,0.7224233,0.38193926,0.0,0.819693,0.0,0.75939095,0.5646278,0.0,0.0,0.0,0.0,0.0,0.0,1.2034594,0.0,0.0,1.0183127,1.0160623,0.0,0.0,0.0,0.0,0.0,0.47856343,0.0,0.0,0.020599194,0.4064127,0.3531101,0.7855096,0.0,0.19218333,0.0,0.28953233,0.62876546,0.89633924,0.45542586,0.50377625,0.22970468,0.0,0.0,0.46384138,0.0,0.0,0.0,0.45609233,0.072253495,0.0,0.0,0.24498987,0.69140863,0.0,0.14621694,0.0,0.5295745,0.0,-0.49791402,-0.4036342,0.21364538
0.23130791,-1.2972449,-0.10681938,0.0,0.0,0.11375335,0.0,0.0,0.0,0.0,0.289613,0.21113281,0.6216505,0.7164267,0.4746818,0.0,0.2470327,0.23438865,0.0,0.0,0.0,0.0,0.0,0.68694377,0.0,0.8069055,1.1057007,0.12255564,0.20689622,0.0072871745,1.2112019,0.6771631,0.24265954,0.32697907,0.0,0.2392057,0.0,0.32063258,0.27662855,0.21459422,0.23509893,0.17056125,0.13879327,0.0,0.0,0.16613963,0.34827453,0.0,0.0,0.4624294,0.0,0.0,0.0,0.0,0.17391744,0.08722839,0.32185912,0.18610491,0.0,0.0,0.0,0.17570642,0.0,0.09492322,0.0,0.07750887,0.0,-0.10118976,-0.0285132,0.027841741
0.57727325,-0.90885407,0.5264736,0.0,0.0,0.0,0.0,0.0,0.0,0.0,0.5315448,0.1884772,0.15840074,0.5062847,0.3793972,0.0,0.0,0.49785805,0.0,0.0,0.0,0.0,0.40789014,0.6671872,0.22202277,0.50771576,1.2845395,0.04171419,0.0,0.18554524,1.0229146,0.65695083,0.0,0.3955706,0.37987456,0.48271263,0.0,0.55161774,0.12931246,0.08409756,0.03538447,0.0,0.22543281,0.0,0.0,0.003274247,0.01807677,0.0,0.0,0.3634875,0.26574966,0.0,0.0,0.0,0.31513336,0.20398907,0.18032183,0.0,0.0,0.0,0.0,0.0,0.0,0.29773116,0.0,0.011649042,0.0,0.27446792,0.13263503,-0.09747342
-0.1512471,0.19370557,-0.7823494,0.0,0.0,0.0,0.0,0.0,0.16641313,0.087569654,0.0,0.4603485,0.518486,0.20847104,0.731689,0.0,0.5195366,0.3949053,0.0,0.0,0.0,0.0,0.0,0.0,0.56871057,0.045102943,0.0,0.5076213,0.6754006,0.0,0.3164779,0.29307988,0.0,0.0,0.16286033,0.0,0.0,0.0,0.17349932,0.24213722,0.44205368,0.0,0.019023366,0.0,0.0,0.4532799,0.4775371,0.0,0.22744294,0.18582866,0.006581895,0.0,0.31302702,0.0,0.0,0.0,0.3266877,0.27829012,0.0014484376,0.0,0.0068587586,0.34901205,0.0,0.013019398,0.0,0.3117179,0.0,-0.30567506,-0.13814832,0.08354111
-1.5183548,0.6329048,1.1373276,0.0,0.07296109,0.0,0.6685692,0.59147584,0.0,0.0,0.79699284,0.40264693,0.08519873,1.114922,0.0,0.0,0.0,0.5501458,0.0,0.43815368,0.0,0.0,0.1647971,0.0,0.12909618,0.0,0.05024481,0.90705526,0.0,0.07625577,0.38352513,0.0,0.0,0.10289693,1.0004501,0.5932005,0.0,0.50484025,0.0,0.0,0.0,0.0,0.21690786,0.12857066,0.18227276,0.0,0.0,0.0,0.05250019,0.0,0.054739453,0.0,0.1239432,0.10868327,0.1809361,0.13513339,0.026588053,0.0,0.27740663,0.0,0.0,0.04816158,0.0,0.41988745,0.08787536,0.0,0.0,0.4204741,0.16649619,-0.06029837
0.1430378,0.72688335,0.7892215,0.0,0.0,0.0,0.0,0.24716154,0.0,0.0,0.579754,0.37625962,0.0,0.14767313,0.30675003,0.0,0.0,0.83824,0.0,0.29035783,0.52772737,0.0,0.56210834,0.0,0.9654666,0.0,0.35147774,0.41760725,0.0,0.0,0.14685619,0.20696051,0.0,0.0,0.98747593,0.47834298,0.0,0.34692872,0.0,0.0,0.15916923,0.0,0.119138494,0.14204744,0.0,0.0,0.0,0.0,0.038348302,0.0,0.31288683,0.0,0.21246722,0.0,0.10671969,0.17868319,0.013738543,0.0,0.26760596,0.0,0.0,0.028083771,0.0,0.45031783,0.0,0.14534914,0.0,0.35607973,0.19482967,-0.08849186
-1.0481832,0.1537545,-0.28293318,0.0,0.0,0.0,0.41750604,0.18258572,0.0,0.016598761,0.18848094,0.44911146,0.61978275,0.7857736,0.3114215,0.0,0.5575633,0.293738,0.0,0.0,0.0,0.0,0.0,0.0,0.11346984,0.0,0.0,0.7576627,0.37571254,0.0,0.47039354,0.087099165,0.0,0.0,0.29931653,0.09605884,0.0,0.11971955,0.09935239,0.19480297,0.27158266,0.015841134,0.15069327,0.017491128,0.13485743,0.3481242,0.24720868,0.0,0.13056462,0.13330506,0.0,0.0,0.18346184,0.0043785833,0.06324351,0.099806756,0.22390284,0.13515148,0.022845928,0.0,0.0,0.21551707,0.0,0.12773202,0.0,0.12349043,0.0,-0.099564806,-0.04439783,0.03625439
0.3049571,0.4528434,-0.1384472,0.0,0.0,0.0,0.0,0.033703282,0.1399222,0.0,0.18575111,0.41708177,0.058428332,0.0,0.65171146,0.0,0.003999196,0.6515136,0.0,0.0,0.20303035,0.0,0.04640401,0.0,0.9106195,0.0,0.1304898,0.3716373,0.38009375,0.0,0.19398248,0.3247171,0.0,0.0,0.5335307,0.07780097,0.0,0.06829567,0.16988939,0.11004953,0.39340538,0.0,0.09877671,0.0,0.0,0.24856842,0.28085127,0.0,0.1705838,0.12815292,0.17370304,0.0,0.32668525,0.0,0.14350004,0.0,0.24311888,0.13962957,0.08444123,0.0,0.0,0.22962363,0.0,0.2217357,0.0,0.2171562,0.0,-0.06568566,-0.018291079,0.037940986
-1.8793536,1.4432573,0.4928884,0.0,0.23712966,0.0,0.9084138,1.074358,0.0,0.578548,0.49091005,0.5681212,0.17876235,0.8657085,0.0,0.0,0.25251895,0.5613668,0.0,0.32126814,0.0,0.0,0.0,0.0,0.4546095,0.0,0.0,1.1785345,0.051154792,0.0,0.0,0.0,0.0,0.0,0.9796086,0.3877396,0.0,0.44669017,0.12076445,0.10669265,0.1841896,0.0,0.36791873,0.12050031,0.28105733,0.14119603,0.10202274,0.0,0.23754336,0.0,0.0,0.0,0.26979947,0.07100145,0.0,0.17273626,0.13580655,0.0,0.19511679,0.0,0.0,0.29243293,0.0,0.40819612,0.0,0.0,0.0,0.21500173,0.05286395,-0.0325985
-2.0328293,0.49756986,-0.5953091,0.0,0.0,0.0,0.9371137,0.57671076,0.0,0.6769691,0.07268861,0.5563764,0.9279181,1.1052905,0.18305698,0.0,0.9919281,0.1297951,0.0,0.0,0.0,0.059292406,0.0,0.0,0.0,0.0,0.0,1.1359307,0.5300369,0.0,0.32680202,0.0,0.0,0.0,0.22589932,0.037761167,0.0,0.11187832,0.19806671,0.3401104,0.36967838,0.2018672,0.24050313,0.04093698,0.42460874,0.49346322,0.44431692,0.12220712,0.1916156,0.1531526,0.0,0.0,0.19844937,0.0,0.0,0.22123887,0.28166705,0.0,0.0,0.0,0.05138234,0.30824727,0.0,0.09284931,0.0,0.14723432,0.0,-0.25518072,-0.1296674,0.10630921
0.62206006,-0.57330555,-1.409611,0.0,0.0,0.0,0.0,0.0,0.2784791,0.0,0.0,0.39249176,0.75712466,0.0,1.0958424,0.18918133,0.6962498,0.26253328,0.0,0.0,0.0,0.0,0.0,0.25075975,0.50045836,0.77675694,0.22274482,0.17814077,0.96602976,0.0,0.62470835,0.6449915,0.6202215,0.0,0.0,0.0,0.030755594,0.0,0.2844431,0.24529022,0.5214268,0.07076151,0.0,0.0,0.0,0.4093248,0.77711433,0.14797392,0.28305024,0.3161242,0.0,0.0,0.2843173,0.0,0.0,0.0,0.34380123,0.36793533,0.0,0.0,0.0,0.5649281,0.0,0.0,0.0,0.33170226,0.0,-0.40584627,-0.24678858,0.12327316
1.9395995,-0.3987952,-1.2410605,0.0,0.0,0.0,0.0,0.0,0.5467463,0.0,0.0,0.34515908,0.23704289,0.0,1.4077038,0.5203588,0.15855357,0.58832455,0.0,0.0,0.16623065,0.0,0.0,0.5635761,1.2077274,0.8972795,0.6091571,0.0,0.94549453,0.0,0.4256483,0.9003166,0.7544881,0.0,0.0,0.0,0.25704724,0.0,0.3691174,0.15604925,0.527026,0.0,0.0,0.0,0.0,0.2524635,0.8491094,0.08355719,0.21995921,0.4905426,0.09764307,0.031187557,0.3356473,0.0,0.0,0.0,0.3726548,0.32863802,0.0,0.0,0.0,0.6523072,0.0,0.0,0.0,0.270895,0.0,-0.37990388,-0.2546141,0.16830814
0.020992778,-0.6974255,-1.0768461,0.0,0.0,0.0,0.0,0.0,0.015585519,0.0,0.0,0.3736548,0.85644615,0.4084977,0.8067493,0.0,0.73582006,0.1717237,0.0,0.0,0.0,0.0,0.0,0.18505697,0.13871732,0.6517132,0.25917011,0.33074754,0.7576425,0.0,0.78369224,0.52757585,0.3987029,0.0,0.0,0.0,0.0,0.0,0.2312537,0.23373982,0.4508021,0.17412913,0.0,0.0,0.0009337235,0.38833642,0.56537277,0.06956661,0.1772163,0.30142495,0.0,0.0,0.14212774,0.0,0.0,0.0,0.34131765,0.29511335,0.0,0.0,0.0,0.44662786,0.0,0.0,0.0,0.29263505,0.0,-0.36595646,-0.15855072,0.10588805
0.82551575,-0.006229609,-0.7038313,0.0,0.0,0.0,0.0,0.0,0.27740213,0.0,0.0,0.39044324,0.2541055,0.0,0.95162475,0.0,0.1892274,0.5519254,0.0,0.0,0.055367313,0.0,0.0,0.10574758,0.90262914,0.33162633,0.29033083,0.16598639,0.6554823,0.0,0.35364836,0.55312544,0.1511693,0.0,0.1875723,0.0,0.0,0.0,0.27390486,0.17018387,0.4838609,0.0,0.0,0.0,0.0,0.33613554,0.562801,0.0,0.2410102,0.2917095,0.13871804,0.0,0.30355808,0.0,0.06327273,0.0,0.3137178,0.25619298,0.035428863,0.0,0.0,0.3657926,0.0,0.02899357,0.0,0.33411846,0.0,-0.29172987,-0.14125952,0.091186576
0.41037068,1.1950465,0.06773652,0.0,0.0,0.0,0.0,0.4045183,0.327917,0.05065596,0.23402616,0.48255476,0.0,0.0,0.6701303,0.0,0.0,0.87944174,0.0,0.07771498,0.5846251,0.0,0.2758571,0.0,1.3854129,0.0,0.0,0.4427934,0.34184888,0.0,0.0,0.1863946,0.0,0.0,0.862155,0.2110686,0.0,0.089093715,0.14083791,0.0,0.45884717,0.0,0.043177947,0.0730291,0.0,0.111405715,0.18753928,0.0,0.2134053,0.083302915,0.28315288,0.0,0.3521905,0.022491876,0.09370831,0.0,0.14124082,0.06208633,0.16850051,0.0,0.0,0.26008028,0.0,0.29970628,0.0,0.32873258,0.057625912,0.06398125,0.035240643,0.024663875
1.9627129,-2.4629533,-2.9522004,0.0,0.0,0.096188694,0.0,0.0,0.43965867,0.0,0.0,0.24796659,1.5164562,0.0,1.8394183,1.4803001,1.3131751,0.0,0.0,0.0,0.0,0.094356775,0.0,1.4253453,0.07044268,2.467908,0.99227446,0.0,1.6582661,0.0,1.4341156,1.3848915,2.2490275,0.0,0.0,0.0,0.47818673,0.0,0.49589235,0.34278518,0.6268733,0.8358898,0.0,0.0,0.0,0.3123272,1.2668073,0.6621489,0.31053478,0.6015189,0.0,0.3048223,0.351998,0.0,0.0,0.0,0.41757494,0.5635749,0.0,0.0,0.0,1.3164201,0.0,0.0,0.0,0.0,0.0,-0.5943255,-0.47424507,0.24288888
-0.6921138,0.10135644,0.9069982,0.0,0.0,0.0,0.2224468,0.1161952,0.0,0.0,0.69307363,0.32629657,0.086067975,0.847348,0.0,0.0,0.0,0.54907346,0.0,0.24808209,0.012246188,0.0,0.27404806,0.0,0.2098727,0.0,0.49881628,0.57714325,0.0,0.0948427,0.592775,0.14825444,0.0,0.19119185,0.78460824,0.49328327,0.0,0.49538526,0.0,0.0,0.0012483671,0.0,0.19165878,0.022300009,0.0,0.0077501982,0.0,0.0,0.0,0.018738545,0.12483631,0.0,0.05004614,0.0,0.24041623,0.15526234,0.11929622,0.0,0.13664243,0.0,0.0,0.0,0.0,0.40479857,0.0022100136,0.060379073,0.0,0.3603675,0.21300529,-0.08675536
-0.7938984,0.49045703,-0.76583964,0.0,0.0,0.0,0.31654885,0.2828254,0.12360483,0.43433243,0.0,0.51995355,0.6149885,0.4308974,0.5769596,0.0,0.6793975,0.34146023,0.0,0.0,0.0,0.0,0.0,0.0,0.44310027,0.0,0.0,0.75446856,0.6674366,0.0,0.20400128,0.085354686,0.0,0.0,0.2273811,0.0,0.0,0.0,0.20011663,0.28414565,0.45717835,0.0,0.10613652,0.0,0.15739447,0.497299,0.50517136,0.05411399,0.22564347,0.15310821,0.0,0.0,0.2889372,0.0,0.0,0.054832846,0.3266964,0.14922692,0.0,0.0,0.058355473,0.36981186,0.0,0.07084255,0.0,0.27555597,0.0,-0.31259632,-0.1675485,0.10621094
0.7589477,0.19562866,0.95101345,0.0,0.0,0.0,0.0,0.0,0.0,0.0,0.65342957,0.27479205,0.0,0.06408191,0.37239143,0.0,0.0,0.8614764,0.0,0.2582727,0.61106354,0.0,0.8277159,0.1979258,0.936296,0.0,0.91453195,0.1338172,0.0,0.0,0.41520202,0.45372167,0.0,0.09951839,0.91797066,0.5721276,0.0,0.46683773,0.0,0.0,0.057830922,0.0,0.14643723,0.0,0.0,0.0,0.0,0.0,0.0,0.04569021,0.37781549,0.0,0.13664293,0.0,0.19310233,0.28195363,0.0,0.0,0.19624117,0.0,0.0,0.0,0.0,0.48291865,0.0,0.114035994,0.0,0.41016653,0.20994261,-0.12770677
1.3860354,-0.57520753,-0.009455579,0.0,0.0,0.0,0.0,0.0,0.0,0.0,0.25273392,0.24103239,0.004872456,0.0,0.81309664,0.06226009,0.0,0.64421785,0.0,0.0,0.2661106,0.0,0.41208073,0.6568812,0.8087002,0.60215974,1.1014813,0.0,0.26519033,0.0,0.7039102,0.7819518,0.17454156,0.013994649,0.31806582,0.31376395,0.065101825,0.2548315,0.32099783,0.102508835,0.25016686,0.0,0.16332927,0.0,0.0,0.06272542,0.229648,0.0,0.0,0.4163317,0.27931044,0.009060256,0.104546644,0.0,0.18956885,0.110525854,0.1753523,0.019092636,0.01323051,0.0,0.0,0.17595708,0.0,0.17927593,0.0,0.05746256,0.0,0.04693132,-0.00531365,-0.010760153
-0.5744281,0.7774519,0.16970819,0.0,0.0,0.0,0.21444556,0.41588575,0.0,0.0046064258,0.33568323,0.46451792,0.110243276,0.3834561,0.3334296,0.0,0.086125456,0.60692644,0.0,0.06532501,0.085681126,0.0,0.0,0.0,0.6821051,0.0,0.0,0.6822768,0.2129721,0.0,0.11662543,0.050477058,0.0,0.0,0.7110784,0.24550982,0.0,0.2039006,0.12182498,0.06918229,0.29051596,0.0,0.18159185,0.06534721,0.0,0.20865953,0.1367408,0.0,0.15091817,0.035446502,0.11721492,0.0,0.26371932,0.043539025,0.11957702,0.035565637,0.18747656,0.022092009,0.17713107,0.0,0.0,0.24370515,0.0,0.30993056,0.0,0.10359602,0.0,0.10283778,0.05530595,-0.002778072
1.3020782,-1.9722099,-0.18917163,0.13810533,0.0,0.31531247,0.0,0.0,0.0,0.0,0.24783166,0.09525904,0.5381959,0.40541947,0.7365793,0.4219578,0.03331328,0.27221975,0.0,0.0,0.0,0.0,0.14414784,1.3395618,0.0,1.4181243,1.7782516,0.0,0.23293261,0.14857307,1.4968309,1.0628015,0.74407303,0.5189465,0.0,0.25589457,0.20524797,0.4092699,0.3712306,0.26136744,0.16533011,0.33057553,0.05550412,0.0,0.0,0.02941443,0.42622876,0.091465846,0.0,0.6154427,0.0,0.040031992,0.0,0.0,0.09002614,0.07642468,0.28212294,0.1178425,0.0,0.0,0.0,0.26196447,0.0,0.11886585,0.0,0.0,0.0,-0.110186175,-0.0434881,0.047814377
0.37117133,0.6008715,0.96410304,0.0,0.0,0.0,0.0,0.13531041,0.0,0.0,0.65328175,0.337141,0.0,0.111141235,0.2968134,0.0,0.0,0.8824812,0.0,0.33532178,0.62025684,0.0,0.7350401,0.0,0.99221253,0.0,0.57293534,0.3175781,0.0,0.0,0.2174556,0.28050587,0.0,0.0,1.0310153,0.5355474,0.0,0.3956483,0.0,0.0,0.10542536,0.0,0.10922992,0.12743294,0.0,0.0,0.0,0.0,0.0079616755,0.0,0.3499347,0.0,0.19139636,0.0,0.117901474,0.23491745,0.0,0.0,0.26881677,0.0,0.0,0.0,0.0,0.48830038,0.0,0.14792791,0.0,0.38909176,0.21782026,-0.111676805
-0.30684483,-0.80183095,-1.1652886,0.0,0.0,0.0,0.0,0.0,0.0,0.0,0.0,0.38224074,1.0223601,0.60275817,0.740305,0.0,0.90185237,0.0686996,0.0,0.0,0.0,0.0,0.0,0.13301337,0.0,0.6670504,0.17598434,0.4220561,0.78166854,0.0,0.8634983,0.47810465,0.40756282,0.0,0.0,0.0,0.0,0.0,0.19554074,0.23742351,0.44628495,0.2495451,0.0,0.0,0.10283777,0.40922233,0.5528349,0.087324515,0.17697047,0.28144395,0.0,0.0,0.11055597,0.0,0.0,0.0,0.35705355,0.32997724,0.0,0.0,0.0,0.46330124,0.0,0.0,0.0,0.30783343,0.0,-0.3816821,-0.15571214,0.12611
-1.9913696,0.6801376,-0.37688977,0.0,0.0,0.0,0.925543,0.670369,0.0,0.6498844,0.15659821,0.5574478,0.7765834,1.05447,0.1332027,0.0,0.84103787,0.2168077,0.0,0.0,0.0,0.0,0.0,0.0,0.0,0.0,0.0,1.1400155,0.43370193,0.0,0.24073973,0.0,0.0,0.0,0.37547266,0.13494892,0.0,0.18674707,0.1952991,0.3120258,0.31813484,0.12410841,0.2819525,0.061249454,0.38835287,0.42003524,0.36385483,0.08783622,0.18569104,0.108651325,0.0,0.0,0.19350079,0.0,0.0,0.20847976,0.2400223,0.0,0.0,0.0,0.018877,0.28830886,0.0,0.16111454,0.0,0.09430683,0.0,-0.15431064,-0.09643994,0.06259494
1.0083916,-0.96013075,-1.1981567,0.0,0.0,0.0,0.0,0.0,0.17103097,0.0,0.0,0.31308535,0.68277246,0.0,1.0941273,0.3497436,0.5137846,0.28291962,0.0,0.0,0.0,0.0,0.0,0.5927949,0.4474001,1.0223111,0.6564261,0.0,0.8369415,0.0,0.8353032,0.8083226,0.749475,0.0,0.0,0.0,0.13394886,0.0,0.38134125,0.23523527,0.48701787,0.16233969,0.0,0.0,0.0,0.30954766,0.7294483,0.18138894,0.20140232,0.41948938,0.0,0.056810327,0.20966655,0.0,0.0,0.0,0.34246933,0.30966762,0.0,0.0,0.0,0.5748025,0.0,0.0,0.0,0.1879597,0.0,-0.39725074,-0.2537731,0.12574229
-0.4281268,0.7412024,-0.087326385,0.0,0.0,0.0,0.14149258,0.3542062,0.06553268,0.092378795,0.22075789,0.4763917,0.17236233,0.2724578,0.45974395,0.0,0.17641717,0.5842303,0.0,0.0,0.049062677,0.0,0.0,0.0,0.73707175,0.0,0.0,0.6438218,0.349748,0.0,0.09790152,0.09754369,0.0,0.0,0.60403705,0.121749476,0.0,0.12261221,0.15867677,0.12209519,0.3567468,0.0,0.150221,0.020864133,0.0,0.2866733,0.2588994,0.0,0.18338339,0.076200426,0.112133764,0.0,0.29877493,0.0,0.07888861,0.006113276,0.24170151,0.075061314,0.12549867,0.0,0.0,0.2979611,0.0,0.25077313,0.0,0.16632256,0.0,-0.043092474,-0.0041858032,0.029601054
0.9192992,-1.3264925,-0.55975515,0.0,0.0,0.006752014,0.0,0.0,0.0,0.0,0.069359556,0.21869521,0.5887774,0.28354478,0.8164517,0.24174786,0.2620291,0.28639573,0.0,0.0,0.0,0.0,0.0,0.84229267,0.1721004,1.0637435,1.1272709,0.0,0.467976,0.0,1.1203623,0.8495791,0.58971524,0.13128078,0.0,0.08351059,0.11403884,0.14022173,0.4009171,0.21495003,0.36057013,0.2351509,0.05523742,0.0,0.0,0.19687752,0.51217127,0.10602459,0.040301964,0.51049674,0.0,0.04084363,0.012177251,0.0,0.033374697,0.0066041127,0.32700828,0.18251945,0.0,0.0,0.0,0.4122148,0.0,0.0,0.0,0.039794542,0.0,-0.280873,-0.15065832,0.09521911
-1.4905945,0.057348914,-0.71008027,0.0,0.0,0.0,0.63812375,0.21837968,0.0,0.32721668,0.024809778,0.49237695,0.94383585,0.97207,0.3329913,0.0,0.9347084,0.11384311,0.0,0.0,0.0,0.02945003,0.0,0.0,0.0,0.0,0.0,0.9034374,0.5727159,0.0,0.5205103,0.018706918,0.0,0.0,0.06953344,0.0,0.0,0.03251224,0.14586927,0.30200577,0.36571664,0.18991897,0.14281642,0.0,0.31559077,0.5015224,0.4286477,0.0077668875,0.15743051,0.18816584,0.0,0.0,0.17620072,0.0,0.0,0.16427746,0.292166,0.15492855,0.0,0.0,0.037525482,0.27467245,0.0,0.024040267,0.0,0.19613746,0.0,-0.29465914,-0.1207768,0.109949626
-1.3337711,0.3004064,0.00088062737,0.0,0.0,0.0,0.56712097,0.33481556,0.0,0.018607736,0.3146688,0.45359397,0.5554234,0.93151796,0.14731327,0.0,0.48372725,0.31945723,0.0,0.0,0.0,0.0,0.0,0.0,0.057390958,0.0,0.0,0.85556287,0.22914885,0.0,0.44062024,0.0,0.0,0.0,0.44456837,0.2192519,0.0,0.2133551,0.08255857,0.15775633,0.20529017,0.0025665015,0.2068209,0.072084084,0.15799057,0.2788223,0.15758759,0.0,0.11175102,0.0963438,0.0,0.0,0.15368706,0.04699102,0.091164105,0.12644741,0.1774013,0.054083712,0.058582895,0.0,0.0,0.17505467,0.0,0.21799189,0.0,0.045844562,0.0,0.037502848,0.005779803,0.0037168544
-0.3758072,1.0813236,-0.8442185,0.0,0.0,0.0,0.14513013,0.4927262,0.41578665,0.726908,0.0,0.579358,0.32983604,0.0,0.7666806,0.0,0.50486225,0.5477374,0.0,0.0,0.0,0.0,0.0,0.0,0.9838289,0.0,0.0,0.7185316,0.77680624,0.0,0.0,0.056548923,0.0,0.0,0.41053244,0.0,0.0,0.0,0.27697167,0.2573493,0.5979067,0.0,0.091124415,0.0,0.06114826,0.5210306,0.6446991,0.17292906,0.34080482,0.16008718,0.07053301,0.0,0.40007523,0.0,0.0,0.0,0.37581384,0.14757423,0.0,0.0,0.09176838,0.50153595,0.0,0.13863681,0.0,0.40396386,0.0,-0.35982835,-0.21675797,0.121005364
-0.6241328,0.460035,-0.8297712,0.0,0.0,0.0,0.23008272,0.22572452,0.16823044,0.40673953,0.0,0.5149769,0.59645516,0.34218997,0.642647,0.0,0.66149986,0.35684574,0.0,0.0,0.0,0.0,0.0,0.0,0.5061479,0.0,0.0,0.6997113,0.70485145,0.0,0.19991249,0.1315954,0.0,0.0,0.20169379,0.0,0.0,0.0,0.2009355,0.28637174,0.46814382,0.0,0.07742213,0.0,0.11567365,0.5040605,0.53112656,0.054110102,0.23820986,0.16189004,0.0,0.0,0.30599794,0.0,0.0,0.028449282,0.3402504,0.18513955,0.0,0.0,0.059261136,0.3784212,0.0,0.05307702,0.0,0.30222404,0.0,-0.32781333,-0.17223574,0.10852838
-0.7953149,1.2048038,0.3917178,0.0,0.090547144,0.0,0.3501238,0.6976575,0.0,0.19642478,0.41868067,0.50476134,0.0,0.3748684,0.23183092,0.0,0.0,0.7004236,0.0,0.22579221,0.23020224,0.0,0.03701347,0.0,0.82159364,0.0,0.0,0.8064091,0.12589413,0.0,0.0,0.0,0.0,0.0,0.92553926,0.34577027,0.0,0.30207628,0.11390981,0.020398304,0.28899726,0.0,0.22772014,0.10338423,0.0070886705,0.114709936,0.06096874,0.0,0.17976962,0.0,0.13646546,0.0,0.28129402,0.057308413,0.07891074,0.07651928,0.13729082,0.0,0.21287899,0.0,0.0,0.26249576,0.0,0.39211828,0.0,0.090009555,0.0,0.21182977,0.08939995,-0.032576084
0.34863693,-0.010581371,-0.09600108,0.0,0.0,0.0,0.0,0.0,0.0,0.0,0.22565517,0.35705826,0.1756292,0.15826774,0.6100121,0.0,0.030264568,0.5590569,0.0,0.0,0.058521256,0.0,0.043359652,0.049490124,0.6594479,0.099206135,0.4238668,0.2841046,0.31894475,0.0,0.46131396,0.43140155,0.0,0.0,0.4040049,0.09797513,0.0,0.157434,0.18914723,0.1423838,0.3338188,0.0,0.15673879,0.0,0.0,0.24672568,0.24416474,0.0,0.13761966,0.18876919,0.12985426,0.0,0.21677238,0.0,0.17043422,0.029298782,0.25351962,0.15362671,0.04956209,0.0,0.0,0.198686,0.0,0.21085414,0.0,0.16556737,0.0,-0.05705808,-0.021997474,0.02072799
0.9063929,-1.6260492,0.076348834,0.071154565,0.0,0.23020205,0.0,0.0,0.0,0.0,0.36022875,0.12928538,0.45127422,0.5275713,0.5657504,0.1423257,0.0,0.31992823,0.0,0.0,0.0,0.0,0.19211707,1.0786394,0.0,1.0828472,1.5830705,0.0,0.1090934,0.19124392,1.360012,0.89391917,0.4222304,0.4990374,0.0,0.3464011,0.10949357,0.44656917,0.28072175,0.2047638,0.11167264,0.18312675,0.121218696,0.0,0.0,0.028112039,0.30385038,0.0,0.0,0.5526968,0.026541851,0.0,0.0,0.0,0.20346493,0.1285529,0.26649153,0.075152114,0.0,0.0,0.0,0.09368971,0.0,0.17110692,0.0,0.02789554,0.0,0.018676057,0.025122188,0.002941521
-1.0867025,0.7870163,-0.08740814,0.0,0.0,0.0,0.4750297,0.5291278,0.0,0.29989898,0.2429388,0.50849867,0.35909972,0.59736407,0.28556108,0.0,0.383783,0.46641213,0.0,0.0,0.0,0.0,0.0,0.0,0.45837298,0.0,0.0,0.8577148,0.3277659,0.0,0.12955797,0.0,0.0,0.0,0.5800917,0.17949358,0.0,0.18463653,0.16667683,0.17624447,0.3235398,0.0,0.22511667,0.05639979,0.121909216,0.319241,0.26651746,0.0,0.17308442,0.06723207,0.0,0.0,0.25080216,0.011226777,0.025594048,0.0954593,0.22922628,0.0,0.09791984,0.0,0.0,0.28435555,0.0,0.26111996,0.0,0.10690276,0.0,-0.03806366,-0.018831424,0.028582985
-1.4295024,1.8868712,1.473104,0.0,0.45728752,0.0,0.7001387,1.237987,0.0,0.15565205,0.87643045,0.5179633,0.0,0.6461291,0.0,0.0,0.0,0.9157299,0.0,0.7730655,0.5760395,0.0,0.51313037,0.0,0.89028645,0.0,0.0,1.05594,0.0,0.0,0.0,0.0,0.0,0.0,1.5453413,0.67494935,0.0,0.6189871,0.0,0.0,0.044280067,0.0,0.20324457,0.30222338,0.2246784,0.0,0.0,0.0,0.23985215,0.0,0.22695565,0.0,0.30532214,0.14755747,0.0,0.25553495,0.0,0.0,0.43637848,0.0,0.0,0.19911392,0.0,0.5661416,0.0,0.037164163,0.0,0.49115327,0.19572365,-0.11496127
-0.8920109,0.49991992,0.9074846,0.0,0.0,0.0,0.34816912,0.37018707,0.0,0.0,0.68081164,0.38132355,0.02113165,0.79683477,0.0,0.0,0.0,0.6030776,0.0,0.31616116,0.0862944,0.0,0.2404713,0.0,0.3494259,0.0,0.21327253,0.7015157,0.0,0.0,0.3810073,0.019042343,0.0,0.03839904,0.9014355,0.51666373,0.0,0.43771723,0.0,0.0,0.058137722,0.0,0.2124793,0.1230443,0.04358721,0.0,0.0,0.0,0.02400209,0.0,0.1268702,0.0,0.12726252,0.044026762,0.18664584,0.13828385,0.063704245,0.0,0.22191735,0.0,0.0,0.06385009,0.0,0.4095769,0.0,0.035929766,0.0,0.38261017,0.19089836,-0.07390401
-0.8897606,1.2132404,1.3028204,0.0,0.2154502,0.0,0.38814497,0.75634605,0.0,0.0,0.8162685,0.43132946,0.0,0.5941898,0.0,0.0,0.0,0.8356327,0.0,0.58802545,0.47567952,0.0,0.5420006,0.0,0.75347877,0.0,0.0,0.7909672,0.0,0.0,0.011247098,0.0,0.0,0.0,1.2912018,0.6422278,0.0,0.47613415,0.0,0.0,0.032456882,0.0,0.13234921,0.3135835,0.10978624,0.0,0.0,0.0,0.09408888,0.0,0.26992226,0.0,0.24452338,0.15797845,0.047393255,0.22544909,0.0,0.0,0.412508,0.0,0.0,0.09285541,0.0,0.49208644,0.0,0.06940596,0.0,0.45863187,0.2135858,-0.11945065
-0.62586814,-0.09833023,-0.36163443,0.0,0.0,0.0,0.19030306,0.0,0.0,0.0,0.15128352,0.4090447,0.5995586,0.6488329,0.43203998,0.0,0.4952591,0.3042572,0.0,0.0,0.0,0.0,0.0,0.0,0.16492957,0.019450255,0.05024922,0.59007895,0.4113502,0.0,0.5701152,0.23737831,0.0,0.0,0.21109189,0.02419102,0.0,0.08737235,0.099858314,0.2001099,0.307566,0.0,0.11493092,0.0,0.0631863,0.35250044,0.2710222,0.0,0.12173873,0.16138956,0.0,0.0,0.18251973,0.0,0.078393444,0.06816898,0.26553458,0.20438519,0.0,0.0,0.0,0.2192599,0.0,0.07170976,0.0,0.17913713,0.0,-0.15541974,-0.060333744,0.045621
-1.9614277,0.5495977,-1.0655543,0.0,0.0,0.0,0.90970594,0.5706699,0.0,0.9633139,0.0,0.60000175,1.0641549,0.95843005,0.37097222,0.0,1.2048115,0.07757515,0.0,0.0,0.0,0.13033292,0.0,0.0,0.0,0.0,0.0,1.145504,0.78290427,0.0,0.24171564,0.0,0.0,0.0,0.056660265,0.0,0.0,0.0,0.23465768,0.42703068,0.4884237,0.27505633,0.19076799,0.0,0.51139456,0.6228807,0.61520594,0.26030642,0.23218565,0.18187818,0.0,0.0,0.24342623,0.0,0.0,0.2330519,0.35117558,0.0,0.0,0.0,0.16647619,0.38753477,0.0,0.02121757,0.0,0.23026164,0.0,-0.39954257,-0.24102078,0.1734206
-0.6597798,-0.68362176,-0.28666776,0.0,0.0,0.0,0.16924733,0.0,0.0,0.0,0.21424359,0.33501393,0.7668652,0.9078164,0.34783304,0.0,0.5462692,0.17366388,0.0,0.0,0.0,0.0,0.0,0.08410907,0.0,0.32661918,0.4030274,0.50641215,0.31944805,0.0,0.91781545,0.35153526,0.0,0.050413653,0.050912887,0.057795994,0.0,0.16781919,0.14214118,0.21352002,0.2747287,0.0966588,0.11980586,0.0,0.01941682,0.30144888,0.2600714,0.0,0.08586897,0.2766703,0.0,0.0,0.00569091,0.0,0.09259221,0.11351245,0.28183877,0.25732478,0.0,0.0,0.0,0.20393309,0.0,0.04574222,0.0,0.14899784,0.0,-0.16649634,-0.061911583,0.027803088
0.59120744,0.55915326,0.22155407,0.0,0.0,0.0,0.0,0.036481813,0.11943614,0.0,0.32566488,0.387082,0.0,0.0,0.6122087,0.0,0.0,0.7920736,0.0,0.032219872,0.46133274,0.0,0.37133607,0.0,1.0937636,0.0,0.32417306,0.27985144,0.21283424,0.0,0.14495179,0.357574,0.0,0.0,0.73017806,0.27223614,0.0,0.16623329,0.101672255,0.029571578,0.3078152,0.0,0.09830688,0.009984493,0.0,0.10259073,0.11168027,0.0,0.09880383,0.07808104,0.27537057,0.0,0.28279644,0.0,0.13801982,0.06294867,0.13934714,0.050902113,0.15244046,0.0,0.0,0.10309061,0.0,0.3288092,0.0,0.20015907,0.0,0.13747236,0.08348782,-0.022938907
-0.56358355,0.5910253,0.87797576,0.0,0.0,0.0,0.18941325,0.34140596,0.0,0.0,0.651263,0.3812774,0.0,0.5849725,0.0733825,0.0,0.0,0.683481,0.0,0.31423885,0.23597877,0.0,0.34906316,0.0,0.5557662,0.0,0.250072,0.6139729,0.0,0.0,0.2965541,0.07443395,0.0,0.0,0.9381269,0.4999529,0.0,0.40730014,0.0,0.0,0.08590073,0.0,0.18223044,0.14473148,0.0,0.0,0.0,0.0,0.02394253,0.0,0.19543973,0.0,0.1542821,0.033862345,0.15643093,0.15355387,0.04997893,0.0,0.2382847,0.0,0.0,0.065729685,0.0,0.41440573,0.0,0.077121265,0.0,0.37330666,0.19740057,-0.08326116
-0.51249874,-0.68945676,-1.4171365,0.0,0.0,0.0,0.107258,0.0,0.0155058205,0.016584039,0.0,0.42545167,1.1431466,0.6182312,0.782067,0.0,1.083556,0.012852222,0.0,0.0,0.0,0.06340876,0.0,0.0,0.0,0.6216628,0.0,0.5168376,0.9148743,0.0,0.790774,0.4144419,0.4328715,0.0,0.0,0.0,0.0,0.0,0.160502,0.2545945,0.48732847,0.28770158,0.0,0.0,0.18314254,0.4810745,0.6204281,0.09737179,0.23208831,0.24160242,0.0,0.0,0.1714097,0.0,0.0,0.0,0.35863745,0.35319245,0.0073696375,0.0,0.0,0.49121135,0.0,0.0,0.0,0.34802583,0.0,-0.4042528,-0.17052509,0.15586089
1.7067685,-2.3508449,-0.25229755,0.259847,0.0,0.4423162,0.0,0.0,0.0,0.0,0.22435586,0.039657295,0.5575255,0.32971072,0.8364297,0.6588731,0.0,0.2523889,0.0,0.0,0.0,0.0,0.21583728,1.6466231,0.0,1.7264879,2.087198,0.0,0.24862313,0.23312202,1.6725726,1.2354634,0.99240685,0.62959135,0.0,0.23436216,0.284092,0.4625996,0.40274772,0.29849768,0.12793659,0.42656276,0.0,0.0,0.0,0.0,0.45908022,0.16022982,0.0,0.6822517,0.0,0.08572302,0.0,0.0,0.026486002,0.0790935,0.27095234,0.115674056,0.0,0.0,0.0,0.30591857,0.0,0.117744386,0.0,0.0,0.0,-0.14137077,-0.05229391,0.050088696
2.333549,-0.94423467,-0.34945214,0.1179851,0.0,0.0,0.0,0.0,0.18124533,0.0,0.088699,0.18833488,0.0,0.0,1.1572115,0.54218876,0.0,0.68644017,0.0,0.0,0.3828829,0.0,0.51527005,1.0799768,1.0439439,1.075954,1.4459605,0.0,0.44772524,0.0,0.79752576,1.081711,0.6501056,0.0,0.11733407,0.23517604,0.28522187,0.13376996,0.39447805,0.108207405,0.27582407,0.0,0.0,0.0,0.0,0.0,0.39333683,0.08967225,0.0,0.60692126,0.19897324,0.11476145,0.14185297,0.0,0.057586208,0.08486599,0.18395966,0.04419093,0.0,0.0,0.0,0.42010117,0.0,0.020062178,0.0,0.0,0.0,-0.09818378,-0.13218798,0.055666834
0.664625,0.93958354,2.4191492,0.15437579,0.18568131,0.0,0.0,0.29702008,0.0,0.0,1.2554572,0.2401797,0.0,0.104036406,0.0,0.0,0.0,1.2609179,0.0347535,0.9597954,1.3028119,0.0,1.7310395,0.0,1.2789952,0.0,1.1399698,0.20369169,0.0,0.5157176,0.14774859,0.23823377,0.0,0.36570087,1.7458217,0.9921912,0.0,0.7974136,0.0,0.0,0.0,0.0,0.0,0.27568293,0.0,0.0,0.0,0.0,0.0,0.0,0.6765363,0.0,0.09370528,0.0,0.053285044,0.5912221,0.0,0.0,0.46820003,0.0,0.0,0.0,0.0,0.768089,0.0,0.3890076,0.0,0.5744196,0.363038,-0.2312753
-0.21297544,-0.8928428,-1.280711,0.0,0.0,0.0,0.0,0.0,0.0,0.0,0.0,0.37762436,1.0652411,0.56724757,0.79840523,0.0,0.94332254,0.046580374,0.0,0.0,0.0,0.0075161457,0.0,0.19268566,0.0,0.7638123,0.2032608,0.3843858,0.8376361,0.0,0.89562833,0.5213713,0.5097455,0.0,0.0,0.0,0.0,0.0,0.21629772,0.23673463,0.46355224,0.29026374,0.0,0.0,0.09759812,0.41099888,0.60896504,0.12435676,0.1809008,0.29748878,0.0,0.0,0.11471252,0.0,0.0,0.0,0.37399665,0.33163884,0.0,0.0,0.0,0.49617237,0.0,0.0,0.0,0.31639177,0.0,-0.40197286,-0.16537271,0.13413054
1.5324268,-0.7392493,-0.3483958,0.0,0.0,0.0,0.0,0.0,0.08270339,0.0,0.108725175,0.24487928,0.13769358,0.0,0.9573811,0.2380104,0.0,0.5781108,0.0,0.0,0.15653792,0.0,0.24881569,0.7406571,0.7918646,0.8025281,1.0836215,0.0,0.43349645,0.0,0.75023484,0.85811025,0.4104322,0.0,0.13674474,0.156498,0.14391005,0.11337365,0.37722203,0.14143018,0.332032,0.0,0.072872944,0.0,0.0,0.12637118,0.4267013,0.010549694,0.026478767,0.48597646,0.1675649,0.041201673,0.14320521,0.0,0.09945704,0.035312414,0.24909356,0.09784186,0.0,0.0,0.0,0.35120672,0.0,0.069760785,0.0,0.07291422,0.0,-0.14913996,-0.108835086,0.06383742
-0.26629236,1.1169822,-0.024133367,0.0,0.0,0.0,0.08348376,0.51560706,0.19537058,0.24094021,0.22332552,0.5086819,0.0,0.054491073,0.5127826,0.0,0.040728867,0.7139337,0.0,0.039276376,0.27079964,0.0,0.0,0.0,1.0290806,0.0,0.0,0.6478871,0.3561807,0.0,0.0,0.05295548,0.0,0.0,0.7601264,0.13175493,0.0,0.13219792,0.19668196,0.072079726,0.44931185,0.0,0.14750563,0.010106947,0.0,0.23836589,0.24982592,0.0,0.22423695,0.07467733,0.1726585,0.0,0.330145,0.0,0.080073744,0.0,0.21965663,0.033013657,0.10577722,0.0,0.0,0.34326467,0.0,0.30623803,0.0,0.22699723,0.0,-0.0281974,-0.0035893023,0.040408254
0.54018563,0.7965027,0.5451079,0.0,0.0,0.0,0.0,0.18371814,0.08276536,0.0,0.45580077,0.38932806,0.0,0.0,0.5051994,0.0,0.0,0.8913168,0.0,0.1992235,0.6298837,0.0,0.56652933,0.0,1.1980393,0.0,0.32326594,0.316093,0.062773615,0.0,0.046424508,0.28777185,0.0,0.0,0.9344863,0.41787133,0.0,0.2458033,0.027216503,0.0,0.24592356,0.0,0.08407819,0.11466329,0.0,0.0,0.0,0.0,0.07220137,0.0,0.3391415,0.0,0.26544264,0.0,0.09228482,0.14172663,0.038516253,0.0,0.25034598,0.0,0.0,0.039492857,0.0,0.41771102,0.0,0.19680874,0.0,0.29448122,0.16341159,-0.07194292
0.5088734,-0.7520681,1.2973922,0.141814,0.0,0.04181674,0.0,0.0,0.0,0.0,0.86005485,0.1435103,0.0,0.6278132,0.10468802,0.0,0.0,0.6493993,0.0,0.24473174,0.2661392,0.0,0.8534144,0.6664735,0.25693613,0.2263144,1.5285072,0.048171014,0.0,0.5659479,1.018763,0.58897054,0.0,0.6316898,0.7381494,0.7148067,0.0,0.81293833,0.0,0.0,0.0,0.0,0.1361507,0.0,0.0,0.0,0.0,0.0,0.0,0.236682,0.392484,0.0,0.0,0.0,0.38598022,0.38435042,0.037051372,0.0,0.023063583,0.0,0.0,0.0,0.0,0.41350833,0.0,0.17689459,0.0,0.4703206,0.24833114,-0.11574734
0.14710996,0.087499246,0.27475557,0.0,0.0,0.0,0.0,0.0,0.0,0.0,0.3887867,0.34494168,0.06866756,0.29566514,0.43420267,0.0,0.0,0.60432506,0.0,0.0,0.132139,0.0,0.19947521,0.0,0.6112553,0.0,0.47632945,0.34366977,0.12605354,0.0,0.4611236,0.3559725,0.0,0.0,0.57371235,0.24583314,0.0,0.2756463,0.0834793,0.07617647,0.20964217,0.0,0.19171773,0.0,0.0,0.14766845,0.06088137,0.0,0.05854088,0.12092596,0.16276377,0.0,0.16678739,0.0,0.20229703,0.08204417,0.19093007,0.07429311,0.07234616,0.0,0.0,0.10221825,0.0,0.31094164,0.0,0.11203022,0.0,0.13377637,0.085907,-0.030482467
0.5087178,-0.94594276,0.20363627,0.0,0.0,0.0,0.0,0.0,0.0,0.0,0.39616436,0.21461518,0.31082934,0.49488747,0.47054526,0.0,0.0,0.42209452,0.0,0.0,0.0,0.0,0.18926272,0.6243663,0.17897668,0.5903205,1.1362741,0.0739499,0.086676836,0.022230357,1.0167735,0.6575115,0.037778676,0.28973183,0.23333417,0.36266655,0.0,0.41511774,0.2346711,0.1380835,0.17435697,0.0,0.20065325,0.0,0.0,0.0890816,0.17327844,0.0,0.0,0.39439246,0.15218209,0.0,0.0,0.0,0.27050093,0.13436434,0.2396023,0.07062553,0.0,0.0,0.0,0.063273616,0.0,0.2266251,0.0,0.0058290213,0.0,0.10257487,0.029853635,-0.038611963
-1.0697134,0.695881,-1.1392015,0.0,0.0,0.0,0.47216165,0.43997246,0.24712688,0.85253376,0.0,0.5874104,0.77291733,0.42364734,0.64996946,0.0,0.93412405,0.27339062,0.0,0.0,0.0,0.0,0.0,0.0,0.44689,0.0,0.0,0.8918582,0.8694743,0.0,0.07127401,0.0,0.0,0.0,0.1263445,0.0,0.0,0.0,0.2564742,0.3865956,0.5374602,0.011872195,0.09798924,0.0,0.28801778,0.6119127,0.699421,0.25441372,0.2846092,0.16472444,0.0,0.0,0.310761,0.0,0.0,0.078959644,0.38699853,0.13187744,0.0,0.0,0.14982423,0.44142792,0.0,0.045012854,0.0,0.33794618,0.0,-0.41696042,-0.27917433,0.15218405
-0.118052654,1.1113412,1.0395757,0.0,0.105382234,0.0,0.0,0.5167657,0.0,0.0,0.678663,0.4106442,0.0,0.18204263,0.18080118,0.0,0.0,0.9186116,0.0,0.45565665,0.6495552,0.0,0.6528564,0.0,1.0604053,0.0,0.16942991,0.5462884,0.0,0.0,0.0,0.06065321,0.0,0.0,1.197225,0.55548984,0.0,0.39041397,0.0,0.0,0.13700698,0.0,0.08077165,0.27069864,0.0,0.0,0.0,0.0,0.0632209,0.0,0.36218476,0.0,0.24130741,0.074821874,0.0412504,0.21670824,0.0,0.0,0.3566151,0.0,0.0,0.074632116,0.0,0.49282482,0.0,0.16258177,0.0,0.39653715,0.2135852,-0.112812884
0.13256544,-0.37462604,-1.1231632,0.0,0.0,0.0,0.0,0.0,0.15268394,0.0,0.0,0.41114587,0.7376498,0.21639132,0.88003355,0.0,0.6801511,0.26103938,0.0,0.0,0.0,0.0,0.0,0.042513937,0.38005728,0.50167906,0.09103459,0.34798178,0.814597,0.0,0.58322835,0.48563796,0.32387355,0.0,0.0,0.0,0.0,0.0,0.21109115,0.23934892,0.4783886,0.029275663,0.0,0.0,0.0,0.42689145,0.6160516,0.040762827,0.24260058,0.26335484,0.0,0.0,0.23347294,0.0,0.0,0.0,0.325926,0.32936105,0.013511322,0.0,0.0,0.44765976,0.0,0.0,0.0,0.35082987,0.0,-0.36210606,-0.18579568,0.104741134
0.97878057,-1.2334388,-0.7657931,0.0,0.0,0.0,0.0,0.0,0.0,0.0,0.0,0.24494514,0.6176779,0.17726871,0.9122734,0.29246098,0.33670905,0.28539675,0.0,0.0,0.0,0.0,0.0,0.7838496,0.26052257,1.0706542,0.998962,0.0,0.5860585,0.0,1.0401528,0.8485001,0.6567677,0.011110678,0.0,0.0,0.11651075,0.043442085,0.4207338,0.22159651,0.41065615,0.24017307,0.024391323,0.0,0.0,0.23134105,0.56943446,0.14330746,0.08380176,0.49170655,0.0,0.06343349,0.08534848,0.0,0.0,0.0,0.3338642,0.2125857,0.0,0.0,0.0,0.48950484,0.0,0.0,0.0,0.073420525,0.0,-0.35206252,-0.19289945,0.10597808
-0.17635153,1.1984658,-1.0965496,0.0,0.0,0.0,0.05520702,0.49913353,0.5704944,0.89113086,0.0,0.6067473,0.32555142,0.0,0.91852415,0.0,0.55485076,0.5719567,0.0,0.0,0.008141313,0.0,0.0,0.0,1.1526842,0.0,0.0,0.68686295,0.9267074,0.0,0.0,0.08304337,0.0,0.0,0.35791788,0.0,0.0,0.0,0.29287016,0.2616002,0.67199075,0.0,0.046291508,0.0,0.06521815,0.5591924,0.7613522,0.24480207,0.3781469,0.20777011,0.10668104,0.0,0.4145824,0.0,0.0,0.0,0.4445968,0.20080923,0.0,0.0,0.1207613,0.5671658,0.0,0.08148792,0.0,0.51106066,0.0,-0.430524,-0.26266593,0.14905341
0.53505087,-1.6389241,-1.6285722,0.0,0.0,0.03000921,0.0,0.0,0.0,0.0,0.0,0.28926095,1.2013315,0.4012272,1.0598685,0.47789073,0.98101556,0.0,0.0,0.0,0.0,0.011175036,0.0,0.75410414,0.0,1.4136972,0.6943649,0.051849782,0.98325515,0.0,1.2230595,0.8561195,1.085213,0.0,0.0,0.0,0.08695617,0.0,0.3774763,0.25885063,0.50476444,0.5214762,0.0,0.0,0.0,0.31751567,0.7828446,0.31622458,0.17294864,0.43779713,0.0,0.09325472,0.110166736,0.0,0.0,0.0,0.4005996,0.37981984,0.0,0.0,0.0,0.70676756,0.0,0.0,0.0,0.15840705,0.0,-0.46216863,-0.25016928,0.13703209
-0.20539825,0.004549516,0.2970248,0.0,0.0,0.0,0.0,0.0,0.0,0.0,0.4156893,0.34754696,0.194268,0.51551586,0.3242051,0.0,0.0047060996,0.5199199,0.0,0.0,0.0,0.0,0.07876884,0.0,0.39873314,0.0,0.42418632,0.44040412,0.093196705,0.0,0.5422522,0.2936219,0.0,0.0,0.53530574,0.23103175,0.0,0.2907227,0.06626576,0.09138945,0.19072196,0.0,0.1975635,0.0,0.0,0.17318694,0.070033655,0.0,0.0494709,0.11624542,0.08767903,0.0,0.13257208,0.0,0.1974799,0.07488659,0.24437442,0.099642605,0.03950156,0.0,0.0,0.11963314,0.0,0.2983045,0.0,0.08917136,0.0,0.10585821,0.07978481,-0.024932735
0.7328888,0.3393326,-1.3216625,0.0,0.0,0.0,0.0,0.0,0.5570542,0.2498166,0.0,0.4879834,0.40254262,0.0,1.1712536,0.0,0.49205825,0.51157147,0.0,0.0,0.0,0.0,0.0,0.0,1.0808794,0.2615326,0.0,0.27997088,1.0046943,0.0,0.09871349,0.4748568,0.27234074,0.0,0.0435521,0.0,0.0,0.0,0.23581713,0.22938432,0.56866133,0.0,0.0,0.0,0.0,0.48324937,0.8629022,0.08937916,0.32074404,0.2705322,0.12524335,0.0,0.4064005,0.0,0.0,0.0,0.42829773,0.34114194,0.016625833,0.0,0.0,0.49322474,0.0,0.0,0.0,0.51262414,0.00032523274,-0.42101103,-0.20480783,0.12335279
-1.3044506,0.5603492,1.2322811,0.0,0.051698387,0.0,0.55553037,0.50794137,0.0,0.0,0.8337718,0.37726924,0.0075335056,1.0498399,0.0,0.0,0.0,0.5907685,0.0,0.46049905,0.051804498,0.0,0.29049185,0.0,0.18296024,0.0,0.20064223,0.8238306,0.0,0.1428797,0.41630417,0.0,0.0,0.15872005,1.0280445,0.6291642,0.0,0.54143214,0.0,0.0,0.0,0.0,0.1928286,0.11900747,0.1624343,0.0,0.0,0.0,0.0019482374,0.0,0.12408268,0.0,0.088279,0.07099876,0.19727594,0.1586619,0.00549151,0.0,0.27227873,0.0,0.0,0.0,0.0,0.4405501,0.07859137,0.03892501,0.0,0.43891367,0.19390841,-0.06702674
-0.36751014,0.763057,2.2201474,0.0,0.17579219,0.0,0.08730488,0.43435544,0.0,0.0,1.2165154,0.27831873,0.0,0.6717163,0.0,0.0,0.0,0.98526895,0.0,0.8686026,0.78458047,0.0,1.2278749,0.0,0.70387816,0.0,0.82895756,0.5106425,0.0,0.55168784,0.31965473,0.048321366,0.0,0.4110205,1.5478806,0.92672205,0.0,0.77362216,0.0,0.0,0.0,0.0,0.0,0.22433607,0.12206282,0.0,0.0,0.0,0.0,0.0,0.5129444,0.0,0.0,0.0,0.09586936,0.43128937,0.0,0.0,0.3944457,0.0,0.0,0.0,0.0,0.65583974,0.0,0.29344395,0.0,0.5281829,0.3155021,-0.16209231
-2.483586,1.2267208,1.6782831,0.0,0.36674646,0.0,1.1850468,1.1422664,0.0,0.0,1.0374701,0.4652899,0.0,1.4897985,0.0,0.0,0.0,0.59032774,0.0,0.7630329,0.0,0.0,0.19513716,0.0,0.010185957,0.0,0.0,1.2744198,0.0,0.21978119,0.182944,0.0,0.0,0.115498155,1.3538172,0.7598752,0.0,0.6709728,0.0,0.0,0.0,0.0,0.23999551,0.18388462,0.37886927,0.0,0.0,0.0,0.13257106,0.0,0.06067225,0.0,0.16043848,0.22204748,0.11849475,0.18935426,0.0,0.0,0.42328846,0.0,0.0,0.07050015,0.0,0.4859874,0.25075668,0.0,0.0,0.49784172,0.13205074,-0.05354143
2.3433144,-4.3484964,-2.88541,0.0859437,0.0,0.91743684,0.0,0.0,0.0,0.0,0.0,0.004619032,1.970636,0.27220201,1.761599,2.0407958,1.4090105,0.0,0.0,0.0,0.0,0.16272852,0.0,2.5305321,0.0,3.5941906,2.2001264,0.0,1.4727796,0.0,2.4929311,1.8672829,2.9858572,0.4002982,0.0,0.0,0.6195837,0.0,0.7102167,0.5963983,0.57095075,1.4503404,0.0,0.0,0.0,0.1729934,1.3985062,0.77301294,0.1545624,0.88790995,0.0,0.47520292,0.23745045,0.0,0.0,0.0,0.45074862,0.69239044,0.0,0.0,0.0,1.4893283,0.0,0.0,0.0,0.0,0.0,-0.783547,-0.5203254,0.2592827
-0.33023703,0.92208606,0.4449122,0.0,0.0,0.0,0.09806522,0.44528508,0.0,0.0,0.4385314,0.4480226,0.0,0.2526692,0.31537777,0.0,0.0,0.7341,0.0,0.19360833,0.31654984,0.0,0.20802328,0.0,0.8707999,0.0,0.0,0.61394286,0.09168115,0.0,0.040431917,0.06791225,0.0,0.0,0.8833038,0.36365116,0.0,0.2534219,0.051754147,0.0,0.2589746,0.0,0.14791922,0.13875765,0.0,0.08194099,0.0,0.0,0.108615324,0.0,0.2205702,0.0,0.25864902,0.07712675,0.10740148,0.074347734,0.100214444,0.0,0.2510615,0.0,0.0,0.17654556,0.0,0.37268132,0.0,0.1308935,0.0,0.25214162,0.12936366,-0.04009862
0.88638693,-1.2803603,-2.4584296,0.0,0.0,0.0,0.0,0.0,0.43669245,0.0,0.0,0.388544,1.288717,0.0,1.4746675,0.72154367,1.2477572,0.0,0.0,0.0,0.0,0.082286656,0.0,0.559602,0.24464425,1.4726417,0.2212413,0.039230675,1.4618499,0.0,0.8994925,0.88035005,1.3841429,0.0,0.0,0.0,0.2097846,0.0,0.31584877,0.2716957,0.6364862,0.43008903,0.0,0.0,0.0,0.43465233,1.0862215,0.42909044,0.38173407,0.35641047,0.0,0.106533505,0.35082448,0.0,0.0,0.0,0.39537418,0.5206809,0.0,0.0,0.0,0.921214,0.0,0.0,0.0,0.29643452,0.0,-0.50986487,-0.36189306,0.19284381
2.1855593,-2.0580277,-0.9335068,0.13788646,0.0,0.17689982,0.0,0.0,0.0,0.0,0.0,0.11325809,0.57158154,0.0,1.2282695,0.9196553,0.14315093,0.300669,0.0,0.0,0.0,0.0,0.012423938,1.5429517,0.34498373,1.8130844,1.7585256,0.0,0.64888716,0.0,1.3910606,1.2985132,1.2774341,0.22469783,0.0,0.011835087,0.3621621,0.15291603,0.5723663,0.30627024,0.3734718,0.45722994,0.0,0.0,0.0,0.11977844,0.7168603,0.27518535,0.0014534593,0.6886454,0.0,0.22451627,0.10135244,0.0,0.0,0.0,0.34201318,0.21637379,0.0,0.0,0.0,0.71481043,0.0,0.0,0.0,0.0,0.0,-0.40711015,-0.24107306,0.14923006
0.4694454,-0.8823629,-0.43793955,0.0,0.0,0.0,0.0,0.0,0.0,0.0,0.11665584,0.27880466,0.54079336,0.36851883,0.68935657,0.0,0.28513527,0.3224549,0.0,0.0,0.0,0.0,0.0,0.49558344,0.2184028,0.6958061,0.7944491,0.12878942,0.42561734,0.0,0.91699445,0.65143377,0.28294423,0.018687278,0.0,0.060143143,0.0,0.10984282,0.3216159,0.2033129,0.34761697,0.09951223,0.09312123,0.0,0.0,0.23966789,0.4280709,0.02176848,0.065553606,0.41988772,0.0,0.0,0.038488142,0.0,0.09180375,0.02874878,0.31768072,0.18548636,0.0,0.0,0.0,0.3100918,0.0,0.013160139,0.0,0.14306334,0.0,-0.24829215,-0.11289333,0.06904975
0.5548421,1.0520569,0.16997886,0.0,0.0,0.0,0.0,0.30038175,0.2810888,0.0,0.2800632,0.45106667,0.0,0.0,0.66153497,0.0,0.0,0.89131045,0.0,0.092562616,0.6168973,0.0,0.37438655,0.0,1.3657992,0.0,0.01230818,0.37011027,0.28162822,0.0,0.0,0.24653651,0.0,0.0,0.86593556,0.26461467,0.0,0.101014614,0.104436606,0.0,0.41122824,0.0,0.03406042,0.098502085,0.0,0.071130306,0.1411393,0.0,0.17117609,0.054626018,0.30680794,0.0,0.34438026,0.03817451,0.095736265,0.008021742,0.11231171,0.046686396,0.20354529,0.0,0.0,0.18996935,0.0,0.30716538,0.0,0.3078437,0.060517743,0.12702881,0.06837314,0.0032981876
0.27162096,-0.53996533,-0.7842719,0.0,0.0,0.0,0.0,0.0,0.024636798,0.0,0.0,0.35691786,0.6216313,0.27269208,0.7854402,0.0,0.48217836,0.30603495,0.0,0.0,0.0,0.0,0.0,0.21374354,0.33731425,0.54373884,0.3822043,0.2614907,0.62866575,0.0,0.7013524,0.54331076,0.26670137,0.0,0.0,0.0,0.0,0.0,0.26151305,0.22371632,0.4331833,0.04961533,0.008254707,0.0,0.0,0.35319224,0.5106046,0.010373943,0.16034703,0.32532975,0.0,0.0,0.15712579,0.0,0.0048000813,0.0,0.31732535,0.25533825,0.0,0.0,0.0,0.38506302,0.0,0.0,0.0,0.2589805,0.0,-0.3343765,-0.15739705,0.09139309
1.3794887,-0.9166739,-0.69030726,0.0,0.0,0.0,0.0,0.0,0.10244884,0.0,0.0,0.25954056,0.36727536,0.0,1.0206678,0.32282192,0.12517409,0.449991,0.0,0.0,0.0,0.0,0.0,0.7442622,0.6285178,0.9524382,0.97939754,0.0,0.5903376,0.0,0.8303337,0.8698204,0.5910257,0.0,0.0,0.0,0.15800689,0.0038386956,0.43382904,0.21125498,0.42349,0.054239146,0.017307535,0.0,0.0,0.23392522,0.6094761,0.09192927,0.10746549,0.5025085,0.017888606,0.05883085,0.17079508,0.0,0.0045391247,0.0,0.33168882,0.2097139,0.0,0.0,0.0,0.4957774,0.0,0.0,0.0,0.0919756,0.0,-0.34958914,-0.22310255,0.10925726
-0.5350195,-0.27356207,-0.603412,0.0,0.0,0.0,0.13617378,0.0,0.0,0.0,0.051970586,0.4054796,0.7168289,0.623513,0.52643365,0.0,0.6143441,0.24087948,0.0,0.0,0.0,0.0,0.0,0.0,0.112698436,0.19266377,0.06602728,0.5467707,0.5257564,0.0,0.6378685,0.30095136,0.0,0.0,0.062202543,0.0,0.0,0.013967648,0.13809179,0.23262191,0.36602598,0.04122781,0.06629257,0.0,0.06962754,0.3873204,0.34299898,0.0,0.15022655,0.21523547,0.0,0.0,0.15804094,0.0,0.034041278,0.05316046,0.2740448,0.2568544,0.0,0.0,0.0,0.28220338,0.0,0.0,0.0,0.22369023,0.0,-0.25252444,-0.11613245,0.068262644
-0.16225073,-0.4115434,0.49281508,0.0,0.0,0.0,0.0,0.0,0.0,0.0,0.5196446,0.27995145,0.23979598,0.6917614,0.23274478,0.0,0.0,0.46392113,0.0,0.0,0.0,0.0,0.17054136,0.18829492,0.16997746,0.08900111,0.76105905,0.35254693,0.0,0.02411586,0.7983116,0.38631415,0.0,0.2154234,0.48301232,0.36261585,0.0,0.44650796,0.02938726,0.08241411,0.09141952,0.0,0.21731524,0.0,0.0,0.10062689,0.0,0.0,0.0,0.18830964,0.09895129,0.0,0.0,0.0,0.28239444,0.1395938,0.21753475,0.058015957,0.0,0.0,0.0,0.01909508,0.0,0.32928914,0.0,0.039546423,0.0,0.21536277,0.12578045,-0.059482522
1.5369507,-1.0658724,-0.9394572,0.0,0.0,0.0,0.0,0.0,0.1649873,0.0,0.0,0.25697547,0.45871508,0.0,1.1378176,0.47477096,0.22297221,0.40445152,0.0,0.0,0.0,0.0,0.0,0.8352617,0.6225849,1.1257004,0.9977583,0.0,0.7135146,0.0,0.8764647,0.94306684,0.7850932,0.0,0.0,0.0,0.208809,0.0,0.44722015,0.21935582,0.44248056,0.11733522,0.0,0.0,0.0,0.23873349,0.695278,0.15571755,0.12756594,0.5217068,0.0,0.09210309,0.19436222,0.0,0.0,0.0,0.34902677,0.25057516,0.0,0.0,0.0,0.59625274,0.0,0.0,0.0,0.07513893,0.0,-0.38166696,-0.25759614,0.12747371
-0.07654288,-0.87466335,-1.6937556,0.0,0.0,0.0,0.0,0.0,0.13162744,0.0,0.0,0.40971163,1.1710758,0.41056865,0.9810935,0.11567408,1.1101176,0.008678198,0.0,0.0,0.0,0.060627103,0.0,0.1685587,0.009994805,0.87632686,0.045968056,0.36539137,1.0602425,0.0,0.83023727,0.55865383,0.70908046,0.0,0.0,0.0,0.0,0.0,0.19948025,0.24713582,0.5251265,0.32858518,0.0,0.0,0.10976508,0.45756504,0.7448019,0.1959581,0.2588002,0.2735301,0.0,0.0,0.2036356,0.0,0.0,0.0,0.3754567,0.3817884,0.0,0.0,0.0,0.606542,0.0,0.0,0.0,0.3593354,0.0,-0.43248528,-0.20554532,0.15823783
0.29384726,0.43232122,-0.15696287,0.0,0.0,0.0,0.0,0.024870187,0.13703126,0.0,0.17917266,0.41670436,0.07517001,0.0033470392,0.65346324,0.0,0.019931458,0.64147925,0.0,0.0,0.18546145,0.0,0.029563287,0.0,0.8941022,0.0,0.13010493,0.37289593,0.3875164,0.0,0.20485201,0.32702124,0.0,0.0,0.5187802,0.06484174,0.0,0.0653308,0.173777,0.11900431,0.39589232,0.0,0.099795334,0.0,0.0,0.26039523,0.29040432,0.0,0.17533122,0.13026878,0.16496024,0.0,0.3275583,0.0,0.14054482,0.0,0.24949062,0.1501071,0.07969967,0.0,0.0,0.23396872,0.0,0.2142995,0.0,0.21690503,0.0,-0.07941495,-0.025526732,0.03975127
-0.7946106,0.35885173,0.6165919,0.0,0.0,0.0,0.2934611,0.26376763,0.0,0.0,0.5582821,0.38573694,0.14383884,0.74550164,0.08285874,0.0,0.0,0.540767,0.0,0.17697306,0.0,0.0,0.090227924,0.0,0.3217181,0.0,0.18937351,0.6639339,0.0,0.0,0.4234153,0.07811007,0.0,0.0,0.7440697,0.39037326,0.0,0.36248088,0.0,0.015632898,0.12564711,0.0,0.22337614,0.058286566,0.0,0.0916186,0.0,0.0,0.047439903,0.011915714,0.06402056,0.0,0.14373416,0.012497548,0.17592609,0.10356775,0.1522362,0.0,0.14435446,0.0,0.0,0.09705464,0.0,0.36504173,0.0,0.03462414,0.0,0.27589977,0.15458733,-0.049892664
0.13936733,0.33473784,-0.59217286,0.0,0.0,0.0,0.0,0.0,0.21010953,0.0,0.0013555586,0.4488496,0.31463456,0.038737804,0.7555889,0.0,0.3080642,0.5161419,0.0,0.0,0.0,0.0,0.0,0.0,0.77956235,0.0,0.0,0.42848322,0.60001445,0.0,0.22943497,0.323868,0.0,0.0,0.30226243,0.0,0.0,0.0,0.18552768,0.19481725,0.43941677,0.0,0.03843446,0.0,0.0,0.4085476,0.44976848,0.0,0.24348669,0.16544838,0.09248304,0.0,0.3701356,0.0,0.053862914,0.0,0.2988601,0.2515765,0.04230996,0.0,0.0,0.32549348,0.0,0.07691513,0.0,0.29984248,0.0,-0.24305058,-0.107196465,0.07210135
-0.69070053,1.3226613,0.5388762,0.0,0.13546383,0.0,0.30350474,0.74049,0.0,0.15413445,0.47261795,0.5017678,0.0,0.30272314,0.21854195,0.0,0.0,0.7728081,0.0,0.3013773,0.35902876,0.0,0.17242405,0.0,0.93406695,0.0,0.0,0.78428626,0.06357014,0.0,0.0,0.0,0.0,0.0,1.029158,0.393032,0.0,0.3409851,0.07031398,0.0,0.26653498,0.0,0.2059857,0.14719109,0.009476449,0.042988718,0.0,0.0,0.17994978,0.0,0.1841943,0.0,0.2865995,0.073910944,0.057750233,0.109349325,0.07947697,0.0,0.25034228,0.0,0.0,0.23588893,0.0,0.43070534,0.0,0.103547126,0.0,0.28479713,0.11997086,-0.056142643
-0.62330747,0.05502855,-2.171132,0.0,0.0,0.0,0.2185022,0.0,0.45746246,0.9408367,0.0,0.5824306,1.2217273,0.24352595,1.0776429,0.0,1.4089708,0.039290488,0.0,0.0,0.0,0.16317251,0.0,0.0,0.31354916,0.35388687,0.0,0.705148,1.369498,0.0,0.29365674,0.25122166,0.46352765,0.0,0.0,0.0,0.0,0.0,0.2211697,0.43583077,0.6904347,0.23143056,0.0,0.0,0.31306025,0.7605363,1.0691156,0.45235145,0.3534763,0.20068946,0.0,0.0,0.391523,0.0,0.0,0.0,0.5701395,0.31594053,0.0,0.0,0.13051087,0.61447674,0.0,0.0,0.0,0.52860343,0.0,-0.5998766,-0.34668827,0.23451905
-0.58320236,0.33301702,-0.19100064,0.0,0.0,0.0,0.19448632,0.17288277,0.0,0.0,0.2020298,0.44348603,0.38705134,0.49177283,0.41996902,0.0,0.33519658,0.4415517,0.0,0.0,0.0,0.0,0.0,0.0,0.43061155,0.0,0.0,0.6346852,0.36186677,0.0,0.33577242,0.15152225,0.0,0.0,0.4215351,0.094340846,0.0,0.11601445,0.119860426,0.15596586,0.31386727,0.0,0.139348,0.0035172366,0.00972404,0.31602347,0.2485141,0.0,0.14612319,0.10911183,0.0,0.0,0.24325785,0.0,0.08667131,0.043394834,0.24614361,0.13574067,0.07836419,0.0,0.0,0.24732459,0.0,0.16922025,0.0,0.15288799,0.0,-0.07810223,-0.024499707,0.03365521
2.1326587,-2.8778062,-0.5773512,0.3482471,0.0,0.59753823,0.0,0.0,0.0,0.0,0.094089836,0.0,0.7143831,0.25065026,1.0211302,1.0076679,0.08654772,0.15851054,0.0,0.0,0.0,0.0,0.1264576,2.0030477,0.0,2.1838589,2.3660421,0.0,0.38884756,0.22653332,1.9046243,1.45085,1.4120189,0.69890106,0.0,0.119672954,0.3946215,0.43582174,0.51732445,0.37951648,0.18712208,0.63224196,0.0,0.0,0.0,0.0,0.62345195,0.2829739,0.0,0.76919305,0.0,0.18527874,0.0,0.0,0.0,0.015443683,0.31279558,0.19806333,0.0,0.0,0.0,0.50404584,0.0,0.04400242,0.0,0.0,0.0,-0.2887768,-0.13525204,0.10093141
-0.23048198,0.8461486,1.6836082,0.0,0.12151569,0.0,0.029651351,0.42711604,0.0,0.0,0.9749516,0.32863766,0.0,0.46603456,0.0,0.0,0.0,0.94205904,0.0,0.66833943,0.7039448,0.0,0.96790713,0.0,0.83306015,0.0,0.57878804,0.5077876,0.0,0.20339265,0.20401701,0.07513827,0.0,0.16392842,1.3656874,0.7573459,0.0,0.5979911,0.0,0.0,0.0,0.0,0.026886784,0.26171094,0.016547348,0.0,0.0,0.0,0.0,0.0,0.42993385,0.0,0.10834432,0.0,0.084359184,0.3429804,0.0,0.0,0.37437162,0.0,0.0,0.0,0.0,0.57559156,0.0,0.20224011,0.0,0.47974592,0.2930407,-0.15368639
1.0736643,-0.943378,-1.2589043,0.0,0.0,0.0,0.0,0.0,0.20820755,0.0,0.0,0.3176306,0.6800844,0.0,1.1343919,0.38243228,0.52176636,0.28944743,0.0,0.0,0.0,0.0,0.0,0.59498966,0.48938087,1.0397595,0.6393543,0.0,0.87270606,0.0,0.8135973,0.8210027,0.78294027,0.0,0.0,0.0,0.14701678,0.0,0.3795397,0.2327954,0.49427158,0.14871162,0.0,0.0,0.0,0.31224787,0.7570064,0.18959232,0.21107213,0.42202038,0.0,0.059115343,0.22460708,0.0,0.0,0.0,0.3487113,0.32209888,0.0,0.0,0.0,0.59805906,0.0,0.0,0.0,0.19606952,0.0,-0.4024669,-0.26331896,0.13065515
1.0511878,-0.6582055,-2.4252772,0.0,0.0,0.0,0.0,0.0,0.6529212,0.19697487,0.0,0.45232525,1.0296776,0.0,1.5595659,0.6141583,1.0934788,0.15738624,0.0,0.0,0.0,0.005072832,0.0,0.28635925,0.6825699,1.1451488,0.0,0.08198902,1.5057296,0.0,0.5302673,0.7851254,1.1768603,0.0,0.0,0.0,0.16468884,0.0,0.27662057,0.26417422,0.67447007,0.100941084,0.0,0.0,0.0,0.4805336,1.1777134,0.38912708,0.42296666,0.3034201,0.0,0.028057493,0.42049852,0.0,0.0,0.0,0.45087585,0.5382579,0.0,0.0,0.0,0.8824538,0.0,0.0,0.0,0.4525901,0.0,-0.52187306,-0.38454664,0.19121222
1.8913254,-1.803145,0.5106853,0.38273233,0.0,0.28791365,0.0,0.0,0.0,0.0,0.5204891,0.031178623,0.04517214,0.16644399,0.6655032,0.38307256,0.0,0.5430989,0.0,0.0,0.1552906,0.0,0.783995,1.5137677,0.3107353,1.2753153,2.1860404,0.0,0.0,0.43369928,1.4202738,1.1419954,0.50189424,0.69090474,0.16261381,0.49495667,0.18839128,0.71605265,0.20527232,0.1868577,0.0,0.07311227,0.056783102,0.0,0.0,0.0,0.04640819,0.052316338,0.0,0.6156522,0.2405852,0.0,0.0,0.0,0.25120232,0.27681303,0.07382536,0.0,0.0,0.0,0.0,0.0,0.0,0.27639169,0.0,0.0,0.0,0.23999642,0.094024636,-0.06442001
-1.815761,1.8538159,0.007826178,0.0,0.28461328,0.0,0.907914,1.2568125,0.10121303,1.0946157,0.25800872,0.65558267,0.20970252,0.58099747,0.14424425,0.0,0.42734483,0.5887458,0.0,0.19568048,0.0,0.0,0.0,0.0,0.7389202,0.0,0.0,1.2467507,0.34295076,0.0,0.0,0.0,0.0,0.0,0.91939217,0.163691,0.0,0.39537457,0.2570616,0.21264197,0.41665822,0.0,0.41140288,0.022380944,0.36785537,0.27992457,0.3566149,0.092842355,0.35616887,0.040103115,0.0,0.0,0.3649971,0.0,0.0,0.14202654,0.24377167,0.0,0.04623216,0.0,0.049232595,0.4848024,0.0,0.35421544,0.0,0.12580156,0.0,-0.032975554,-0.09275879,0.063774936
0.47506735,-0.19054665,0.24904057,0.0,0.0,0.0,0.0,0.0,0.0,0.0,0.37933946,0.30109048,0.065802336,0.22798312,0.50863653,0.0,0.0,0.5992032,0.0,0.0,0.14418305,0.0,0.27531055,0.22551516,0.60212946,0.1456368,0.72217125,0.19900334,0.1280185,0.0,0.5896089,0.48916894,0.0,0.00058057904,0.49301615,0.27913645,0.0,0.30655825,0.15739317,0.0877001,0.19512106,0.0,0.21601844,0.0,0.0,0.112791836,0.07861364,0.0,0.031393707,0.21481252,0.20542306,0.0,0.12431365,0.0,0.21901011,0.11783797,0.17872325,0.05551079,0.042976473,0.0,0.0,0.08454241,0.0,0.28124908,0.0,0.08310081,0.0,0.13293333,0.07059673,-0.043243967
-0.23465854,1.4858057,0.020474553,0.0,0.08574149,0.0,0.09059819,0.7025622,0.30248937,0.43156964,0.2230382,0.5470275,0.0,0.0,0.5365353,0.0,0.0,0.8135198,0.0,0.116336,0.43490285,0.0,0.0447724,0.0,1.2572541,0.0,0.0,0.6927089,0.3665536,0.0,0.0,0.0,0.0,0.0,0.898814,0.12995481,0.0,0.1676151,0.20781992,0.028172866,0.5323673,0.0,0.14377627,0.008167099,0.0,0.19238983,0.26452065,0.0,0.27994734,0.07523024,0.1844224,0.0,0.35425138,0.0,0.026752897,0.0,0.22018212,0.022265753,0.065257855,0.0,0.0,0.39991078,0.0,0.34777153,0.0,0.29922685,0.0,-0.03223999,-0.008282736,0.04918258
-0.9951581,0.7388276,1.1828225,0.0,0.07542974,0.0,0.41216075,0.5284618,0.0,0.0,0.7919324,0.39000785,0.0,0.81024,0.0,0.0,0.0,0.6844882,0.0,0.46520674,0.22095637,0.0,0.38870674,0.0,0.43198475,0.0,0.17328617,0.7568222,0.0,0.020007938,0.28116852,0.0,0.0,0.051894575,1.0836844,0.61103433,0.0,0.48995754,0.0,0.0,0.01173389,0.0,0.17837356,0.19107099,0.09896572,0.0,0.0,0.0,0.034027234,0.0,0.1825548,0.0,0.14576805,0.08639044,0.1469125,0.17988443,0.0,0.0,0.30582055,0.0,0.0,0.047257684,0.0,0.45545855,0.0,0.045221236,0.0,0.44066456,0.20884621,-0.0939189
-0.4586887,-0.6329959,-1.1723939,0.0,0.0,0.0,0.08117146,0.0,0.0,0.0,0.0,0.4089018,1.0180817,0.6149187,0.7158304,0.0,0.9320277,0.07725531,0.0,0.0,0.0,0.006311238,0.0,0.0,0.0,0.5433592,0.030914515,0.49620503,0.7942064,0.0,0.7789513,0.40844107,0.3178917,0.0,0.0,0.0,0.0,0.0,0.16118696,0.24917275,0.44980687,0.21324104,0.0,0.0,0.14354558,0.43943575,0.5338585,0.040986866,0.20368879,0.23882878,0.0,0.0,0.14515585,0.0,0.0,0.0,0.32839537,0.33517587,0.0006382093,0.0,0.0,0.4363817,0.0,0.0,0.0,0.31429678,0.0,-0.36705387,-0.15372668,0.131465
1.3225757,-1.4867227,1.4518815,0.44858515,0.0,0.32434162,0.0,0.0,0.0,0.0,0.93336976,0.010683328,0.0,0.5188184,0.20937365,0.0,0.0,0.6625873,0.0,0.17363606,0.3458348,0.0,1.1662349,1.3068429,0.20118847,0.7658145,2.2636569,0.0,0.0,0.8851186,1.3860073,0.9234018,0.0,0.9516232,0.61179376,0.7834583,0.0,1.0341558,0.0,0.040872052,0.0,0.0,0.06400421,0.0,0.0,0.0,0.0,0.0,0.0,0.46535164,0.4675911,0.0,0.0,0.0,0.4406693,0.4805777,0.0,0.0,0.0,0.0,0.0,0.0,0.0,0.4363275,0.0,0.22166598,0.0,0.5028474,0.25964653,-0.1149664
-1.0399225,0.94633204,1.2502217,0.0,0.14425507,0.0,0.44710988,0.6495042,0.0,0.0,0.81241494,0.41048476,0.0,0.76586246,0.0,0.0,0.0,0.73535275,0.0,0.52621806,0.3024829,0.0,0.43207574,0.0,0.5299888,0.0,0.073720455,0.79953057,0.0,0.0,0.17266354,0.0,0.0,0.0,1.1751475,0.62538797,0.0,0.48504922,0.0,0.0,0.013915457,0.0,0.17007878,0.24496539,0.11898458,0.0,0.0,0.0,0.06656797,0.0,0.20358524,0.0,0.19168922,0.13140167,0.10284002,0.19537875,0.0,0.0,0.3542107,0.0,0.0,0.076385766,0.0,0.46456927,0.0,0.041003454,0.0,0.45088953,0.20542055,-0.10326864
-1.8700525,1.2242744,0.11558742,0.0,0.12765732,0.0,0.89391476,0.9443543,0.0,0.66214544,0.33813727,0.57434726,0.38503546,0.8739959,0.039378524,0.0,0.47396722,0.44931903,0.0,0.13669552,0.0,0.0,0.0,0.0,0.34341472,0.0,0.0,1.1609712,0.22923535,0.0,0.0,0.0,0.0,0.0,0.7570284,0.27985767,0.0,0.32906833,0.17512827,0.2087991,0.25733894,0.0,0.34206146,0.110155195,0.30288145,0.257057,0.23613566,0.0038719475,0.22051273,0.007447429,0.0,0.0,0.2595241,0.025876366,0.0,0.18732104,0.19587019,0.0,0.121175975,0.0,0.0,0.309876,0.0,0.3201441,0.0,0.027104646,0.0,0.055087153,-0.012442529,0.0033171568
-1.0960181,0.11537482,-0.15047471,0.0,0.0,0.0,0.43763304,0.17825392,0.0,0.0,0.24953084,0.43515155,0.59736496,0.85077083,0.24901514,0.0,0.50977767,0.29750755,0.0,0.0,0.0,0.0,0.0,0.0,0.06467119,0.0,0.0,0.7600032,0.3013038,0.0,0.5104608,0.0811027,0.0,0.0,0.3377189,0.14286423,0.0,0.15966474,0.08125309,0.17620805,0.24133325,0.006901048,0.1673999,0.030609462,0.13361448,0.31217384,0.20226388,0.0,0.10946749,0.1213333,0.0,0.0,0.16258833,0.0154311955,0.085057564,0.10601761,0.21161711,0.118987076,0.026798524,0.0,0.0,0.1837054,0.0,0.15358838,0.0,0.095775545,0.0,-0.042201653,-0.020375773,0.022527685
-0.15168154,-0.5373318,-1.2124428,0.0,0.0,0.0,0.0,0.0,0.072341345,0.0,0.0,0.41116664,0.90896314,0.41042754,0.8207997,0.0,0.84033066,0.15278798,0.0,0.0,0.0,0.0,0.0,0.03348747,0.15629038,0.55875844,0.053701907,0.41663033,0.83566165,0.0,0.69266665,0.4583157,0.36329994,0.0,0.0,0.0,0.0,0.0,0.18327005,0.24402928,0.4688692,0.14259854,0.0,0.0,0.062373262,0.43501803,0.5876836,0.060050294,0.22276784,0.24952602,0.0,0.0,0.18485194,0.0,0.0,0.0,0.33636355,0.338301,0.007912729,0.0,0.0,0.46358946,0.0,0.0,0.0,0.34179562,0.0,-0.37155023,-0.1705121,0.11997525
0.973113,1.0357932,2.5247016,0.21961355,0.20655599,0.0,0.0,0.28031307,0.0,0.0,1.2848752,0.22994296,0.0,0.0,0.0,0.0,0.0,1.3611045,0.15085742,1.0122887,1.4880818,0.0,1.9127307,0.027032778,1.4747299,0.0,1.2296197,0.11632061,0.0,0.51378417,0.07614303,0.2846512,0.0,0.35216317,1.8376112,1.0600601,0.0,0.8201376,0.0,0.0,0.0,0.0,0.0,0.3283043,0.0,0.0,0.0,0.0,0.0,0.0,0.7524498,0.0,0.11560135,0.0,0.045094796,0.66745234,0.0,0.0,0.515968,0.0,0.0,0.0,0.0,0.8189475,0.0,0.43979573,0.0,0.60370576,0.38459688,-0.25338662
-0.9482722,1.1222531,0.42449546,0.0,0.08145687,0.0,0.4212988,0.6907911,0.0,0.1685971,0.44268823,0.4984204,0.021061406,0.49272683,0.17214105,0.0,0.029236153,0.6567924,0.0,0.2276742,0.15123469,0.0,0.0,0.0,0.7015041,0.0,0.0,0.8400072,0.09548019,0.0,0.0,0.0,0.0,0.0,0.9032277,0.36022952,0.0,0.31130448,0.10434593,0.034891218,0.24221179,0.0,0.24230134,0.11169571,0.02496982,0.12162535,0.053704165,0.0,0.17043458,0.0,0.110161886,0.0,0.26638204,0.07686448,0.08550745,0.082396835,0.13732547,0.0,0.22231506,0.0,0.0,0.24505134,0.0,0.384544,0.0,0.054230187,0.0,0.22452253,0.09070769,-0.040826518
-0.6498066,0.09329254,-0.3258358,0.0,0.0,0.0,0.21413037,0.05813393,0.0,0.0,0.1581019,0.42952,0.5330982,0.59376395,0.42905688,0.0,0.45873168,0.35022175,0.0,0.0,0.0,0.0,0.0,0.0,0.26435,0.0,0.0,0.6254015,0.4085534,0.0,0.46563494,0.19059604,0.0,0.0,0.28588182,0.045650348,0.0,0.08668321,0.10614607,0.18838724,0.31406355,0.0,0.12026934,0.0,0.054766502,0.3498623,0.27402395,0.0,0.13275935,0.13813026,0.0,0.0,0.21650639,0.0,0.074038506,0.05816468,0.2599454,0.17952323,0.026768249,0.0,0.0,0.23139119,0.0,0.10231865,0.0,0.17078692,0.0,-0.13579625,-0.051700324,0.044593967
0.07705623,0.6885864,0.707059,0.0,0.0,0.0,0.0,0.23934773,0.0,0.0,0.548547,0.38147914,0.0,0.18122315,0.3144183,0.0,0.0,0.8027613,0.0,0.2527452,0.46325868,0.0,0.48639274,0.0,0.91518754,0.0,0.3149591,0.43658993,0.0,0.0,0.16618249,0.2022807,0.0,0.0,0.9380372,0.4472525,0.0,0.33290413,0.0,0.0,0.1706722,0.0,0.13099043,0.12608184,0.0,0.0,0.0,0.0,0.042257264,0.0,0.28878498,0.0,0.20958015,0.0,0.11463187,0.15579785,0.04103311,0.0,0.24660721,0.0,0.0,0.048413265,0.0,0.42921537,0.0,0.13691673,0.0,0.33585408,0.18624547,-0.07849934
-1.4241086,0.57747954,0.03866191,0.0,0.0,0.0,0.6297007,0.50157714,0.0,0.19042504,0.32054755,0.48666,0.48153514,0.8782269,0.13281983,0.0,0.45620072,0.37271973,0.0,0.0,0.0,0.0,0.0,0.0,0.17575371,0.0,0.0,0.92484725,0.23019888,0.0,0.2930076,0.0,0.0,0.0,0.54378307,0.24092881,0.0,0.23894107,0.12143284,0.17101054,0.23120014,0.0,0.24563384,0.084962845,0.17307949,0.2782488,0.18368278,0.0,0.13823296,0.074061096,0.0,0.0,0.18612564,0.039596133,0.062326394,0.13354345,0.1850119,0.0,0.08471036,0.0,0.0,0.2113821,0.0,0.25661087,0.0,0.042366773,0.0,0.04146024,0.0055638477,0.003975207
1.6605256,-1.4635301,-0.7594888,0.0,0.0,0.0,0.0,0.0,0.010823473,0.0,0.0,0.18965033,0.4797263,0.0,1.0751653,0.56290996,0.14341432,0.36580807,0.0,0.0,0.0,0.0,0.0,1.1026553,0.44237658,1.3331578,1.3418821,0.0,0.589517,0.0,1.1131806,1.0503596,0.8779137,0.07447457,0.0,0.021562833,0.24718754,0.08754192,0.50589156,0.23940611,0.3994434,0.26761267,0.0016826242,0.0,0.0,0.1915598,0.6301037,0.16878699,0.05042687,0.5912185,0.0,0.14184278,0.11485946,0.0,0.0,0.0,0.33640614,0.19498667,0.0,0.0,0.0,0.5969505,0.0,0.0,0.0,0.0,0.0,-0.36504084,-0.2234328,0.12872976
0.38066518,-0.17639291,-0.041080803,0.0,0.0,0.0,0.0,0.0,0.0,0.0,0.2565264,0.33150446,0.19781181,0.216384,0.5856457,0.0,0.013811141,0.53579,0.0,0.0,0.025160566,0.0,0.07159401,0.15269338,0.57590985,0.18656287,0.5521101,0.24561222,0.27697358,0.0,0.5596459,0.47225994,0.0,0.0,0.3746939,0.13446401,0.0,0.19547868,0.20729558,0.14127804,0.3027243,0.0,0.17364594,0.0,0.0,0.21730632,0.23051827,0.0,0.10844903,0.22771809,0.1356492,0.0,0.17176858,0.0,0.18075404,0.050904207,0.25469446,0.13857241,0.02991069,0.0,0.0,0.18229403,0.0,0.21051937,0.0,0.13362257,0.0,-0.037138812,-0.015884347,0.00814498
0.63950455,-0.45934093,-1.0784609,0.0,0.0,0.0,0.0,0.0,0.21498072,0.0,0.0,0.3767706,0.5929564,0.0,0.9943898,0.079616666,0.504115,0.34763214,0.0,0.0,0.0,0.0,0.0,0.23964936,0.5643363,0.6386834,0.3158189,0.17341799,0.80387056,0.0,0.5919633,0.6164759,0.43958285,0.0,0.0,0.0,0.005737055,0.0,0.2928406,0.23152287,0.4886018,0.0,0.0,0.0,0.0,0.38075572,0.6813142,0.07665624,0.23934744,0.33033252,0.0,0.0,0.25568974,0.0,0.0,0.0,0.32882783,0.30833957,0.0,0.0,0.0,0.47169018,0.0,0.0,0.0,0.3123853,0.0,-0.37457314,-0.21600233,0.10546111
-0.11629432,0.28720742,-0.59957063,0.0,0.0,0.0,0.0,0.027274743,0.14598298,0.028633654,0.010039777,0.45424998,0.41047823,0.18880476,0.68509203,0.0,0.40116066,0.45395035,0.0,0.0,0.0,0.0,0.0,0.0,0.6335435,0.0,0.0,0.50179344,0.589587,0.0,0.2785581,0.27657282,0.0,0.0,0.2689511,0.0,0.0,0.0,0.16383786,0.2040707,0.41970384,0.0,0.0469663,0.0,0.0,0.41491473,0.4163354,0.0,0.216291,0.16239679,0.03979771,0.0,0.3251806,0.0,0.037721492,0.0,0.30574885,0.24346387,0.027925236,0.0,0.0,0.3293418,0.0,0.060840093,0.0,0.28614005,0.0,-0.2495138,-0.105373904,0.07255948
-2.0104954,0.92514,2.1217134,0.0,0.31057742,0.0,0.9235117,0.8921809,0.0,0.0,1.2269318,0.37248594,0.0,1.4450377,0.0,0.0,0.0,0.6861309,0.0,0.8815927,0.19267344,0.0,0.59764546,0.0,0.039594024,0.0,0.1849221,1.0566455,0.0,0.5560328,0.36091703,0.0,0.0,0.38640955,1.4638059,0.8954596,0.0,0.78933454,0.0,0.0,0.0,0.0,0.094625205,0.17267506,0.42023152,0.0,0.0,0.0,0.0,0.0,0.2084446,0.0,0.04960551,0.13895659,0.13721257,0.27468935,0.0,0.0,0.42487878,0.0,0.0,0.0,0.0,0.53790116,0.23815,0.09708314,0.0,0.5247333,0.20057514,-0.05118776
0.17359719,-0.49272516,0.6646594,0.0,0.0,0.0,0.0,0.0,0.0,0.0,0.5856098,0.24200895,0.099076614,0.5812092,0.25672975,0.0,0.0,0.53912324,0.0,0.042496234,0.043312497,0.0,0.3844196,0.35065627,0.2728961,0.16087864,0.98922694,0.22577973,0.0,0.12857512,0.8332965,0.4746995,0.0,0.29847342,0.5460863,0.46123293,0.0,0.5303495,0.0031679273,0.044172525,0.013383865,0.0,0.22136307,0.0,0.0,0.016358733,0.0,0.0,0.0,0.21954691,0.22178566,0.0,0.0,0.0,0.30799103,0.19210726,0.1605769,0.0,0.022116035,0.0,0.0,0.0,0.0,0.34924412,0.0,0.048480507,0.0,0.3167387,0.17594855,-0.09126698
1.0446463,-1.3044368,-1.2980318,0.0,0.0,0.0,0.0,0.0,0.102333434,0.0,0.0,0.2796231,0.81744283,0.06921527,1.1100799,0.47114158,0.59998155,0.19309428,0.0,0.0,0.0,0.0,0.0,0.77026844,0.26676935,1.2475097,0.8153591,0.0,0.8602581,0.0,1.0199351,0.89175737,0.9254805,0.0,0.0,0.0,0.16347218,0.0,0.4146164,0.24861073,0.47616333,0.31892395,0.0,0.0,0.0,0.28800485,0.73804545,0.24299295,0.17053439,0.45919687,0.0,0.10158523,0.1674541,0.0,0.0,0.0,0.35209945,0.3103684,0.0,0.0,0.0,0.6398647,0.0,0.0,0.0,0.11149719,0.0,-0.4156848,-0.26083004,0.1305037
0.5559358,-0.77779174,-0.24014944,0.0,0.0,0.0,0.0,0.0,0.0,0.0,0.1938541,0.2706316,0.40797898,0.3205979,0.652372,0.0,0.1408048,0.39663437,0.0,0.0,0.0,0.0,0.0,0.49191198,0.3131042,0.6076023,0.8530415,0.107724786,0.3349789,0.0,0.86972,0.643805,0.17736188,0.047979683,0.11077696,0.12669376,0.0,0.1830048,0.32190996,0.18967894,0.32312196,0.015452601,0.14265725,0.0,0.0,0.20861776,0.36306393,0.0,0.064743236,0.39705014,0.05011113,0.0,0.047613855,0.0,0.15016206,0.045158885,0.303296,0.16353342,0.0,0.0,0.0,0.24958248,0.0,0.08813984,0.0,0.10252094,0.0,-0.15867418,-0.09031181,0.038523175
-0.011022054,-0.35854992,-0.6896513,0.0,0.0,0.0,0.0,0.0,0.0,0.0,0.0,0.3816272,0.6155932,0.36740023,0.6911204,0.0,0.50048786,0.30893922,0.0,0.0,0.0,0.0,0.0,0.049336314,0.3089303,0.36361462,0.23624307,0.37347713,0.58403337,0.0,0.6316565,0.43899032,0.101762116,0.0,0.030717105,0.0,0.0,0.0,0.20323826,0.22639346,0.42048526,0.0023708716,0.03355983,0.0,0.0,0.37481052,0.42179304,0.0,0.17130981,0.2665429,0.0,0.0,0.16634949,0.0,0.02656293,0.003950365,0.29458854,0.26831216,0.0,0.0,0.0,0.346935,0.0,0.0,0.0,0.26184595,0.0,-0.29623544,-0.14742033,0.07852549
-1.0234702,0.34747526,-1.1265713,0.0,0.0,0.0,0.42662734,0.2478742,0.14438164,0.6197936,0.0,0.5433969,0.86408883,0.5371539,0.6289788,0.0,0.95949006,0.20328659,0.0,0.0,0.0,0.01237604,0.0,0.0,0.26489216,0.0,0.0,0.82282335,0.83409715,0.0,0.26907155,0.07301855,0.0,0.0,0.021955073,0.0,0.0,0.0,0.21048911,0.3736499,0.48838663,0.0842083,0.07839483,0.0,0.2765156,0.5930975,0.6270508,0.15713982,0.2402149,0.18811834,0.0,0.0,0.26947254,0.0,0.0,0.096324295,0.3686512,0.1885479,0.0,0.0,0.13017821,0.38396856,0.0,0.0,0.0,0.3114183,0.0,-0.39883906,-0.23529209,0.14676936
-0.9952979,0.2492346,-0.36616907,0.0,0.0,0.0,0.39794236,0.21734187,0.0,0.10900098,0.14570335,0.46536717,0.6043699,0.7053667,0.36276418,0.0,0.5705888,0.3124603,0.0,0.0,0.0,0.0,0.0,0.0,0.19630694,0.0,0.0,0.76005816,0.4296437,0.0,0.40212387,0.08092356,0.0,0.0,0.29950905,0.0660389,0.0,0.09677017,0.12356585,0.21076873,0.31366974,0.0014482439,0.14894418,0.0060919262,0.14122018,0.37696683,0.29482052,0.0,0.14786308,0.13301076,0.0,0.0,0.20699248,0.0,0.03411971,0.09489591,0.24465239,0.12826136,0.018158827,0.0,0.0,0.2499245,0.0,0.12264806,0.0,0.150526,0.0,-0.14573063,-0.066780984,0.04766375
-0.9225943,1.0003709,0.19621979,0.0,0.01690635,0.0,0.40313607,0.6130782,0.0,0.22018886,0.34898123,0.5026243,0.13638818,0.48319232,0.24865316,0.0,0.15529029,0.5953858,0.0,0.11741699,0.045519926,0.0,0.0,0.0,0.6497083,0.0,0.0,0.8247249,0.20494813,0.0,0.021737725,0.0,0.0,0.0,0.7731552,0.27365166,0.0,0.24460688,0.14054789,0.09499929,0.28786975,0.0,0.23141196,0.082447365,0.043770384,0.2221785,0.16026796,0.0,0.1748028,0.0057560727,0.076052286,0.0,0.2720673,0.046146847,0.061910238,0.07442077,0.1855816,0.0,0.18356724,0.0,0.0,0.26869664,0.0,0.33789313,0.0,0.08666604,0.0,0.104049206,0.045996226,-0.010136427
-0.5508152,0.04417353,1.1697145,0.0,0.0,0.0,0.14500797,0.06334372,0.0,0.0,0.80442524,0.29126477,0.0,0.84602034,0.0,0.0,0.0,0.60704195,0.0,0.34022838,0.12452027,0.0,0.4742901,0.0,0.2336432,0.0,0.6949976,0.5105506,0.0,0.25612238,0.64052856,0.18549983,0.0,0.30883807,0.88074154,0.58516556,0.0,0.58508277,0.0,0.0,0.0,0.0,0.14484979,0.012227859,0.0016813632,0.0,0.0,0.0,0.0,0.0,0.21294111,0.0,0.0,0.0,0.2627816,0.20423126,0.064163215,0.0,0.15247163,0.0,0.0,0.0,0.0,0.43834278,0.023688756,0.12186997,0.0,0.40426683,0.23003751,-0.09687189
0.85049313,-0.894192,0.5601064,0.05373031,0.0,0.0,0.0,0.0,0.0,0.0,0.5352087,0.17623861,0.057835713,0.36482698,0.44273263,0.0,0.0,0.5601794,0.0,0.0,0.11720091,0.0,0.5268137,0.74314094,0.35618773,0.54519856,1.3761625,0.0,0.0,0.17801091,0.9938899,0.71448,0.0,0.38932726,0.41424134,0.51759225,0.0,0.5720426,0.14932467,0.07507541,0.030869953,0.0,0.21516278,0.0,0.0,0.0,0.0,0.0,0.0,0.38421887,0.32195574,0.0,0.0,0.0,0.32890806,0.22172035,0.13614593,0.0,0.0,0.0,0.0,0.0,0.0,0.30992624,0.0,0.008014128,0.0,0.29950213,0.13441771,-0.105891354
-0.9883816,0.8386309,0.20911139,0.0,0.0,0.0,0.42572492,0.54415816,0.0,0.13182968,0.36509085,0.485126,0.20275792,0.58262706,0.21286556,0.0,0.1917187,0.54698837,0.0,0.0972307,0.0,0.0,0.0,0.0,0.5245317,0.0,0.0,0.8197186,0.18140483,0.0,0.12198049,0.0,0.0,0.0,0.72241414,0.27526328,0.0,0.2492396,0.120036244,0.0956608,0.25309208,0.0,0.22835287,0.0821124,0.052349787,0.22592327,0.14116076,0.0,0.1578051,0.017714672,0.042409107,0.0,0.24549061,0.05349788,0.082959324,0.07900611,0.17722648,0.0,0.17298487,0.0,0.0,0.23761044,0.0,0.32458746,0.0,0.06941378,0.0,0.113672815,0.050835215,-0.010647846
-2.8642435,0.2600326,-1.9658237,0.0,0.0,0.0,1.3543156,0.59420913,0.0048494563,1.5571563,0.0,0.6798103,1.7653579,1.3691691,0.41723248,0.0,2.0017152,0.0,0.0,0.0,0.0,0.45461038,0.0,0.0,0.0,0.0,0.0,1.430085,1.1916972,0.0,0.39445612,0.0,0.0,0.0,0.0,0.0,0.0,0.0,0.2850088,0.6027172,0.7326558,0.5686947,0.15145288,0.0,0.7909264,0.87014484,0.9236758,0.49444705,0.36837727,0.2610868,0.0,0.0,0.37808535,0.0,0.0,0.36197722,0.5063663,0.03204152,0.0,0.0,0.27308673,0.5035806,0.0,0.0,0.0,0.33707863,0.0,-0.61108226,-0.38784194,0.28635854
0.1882947,-1.0113153,-1.0257895,0.0,0.0,0.0,0.0,0.0,0.0,0.0,0.0,0.3254997,0.8854861,0.4529351,0.8079423,0.05644244,0.69743866,0.13968164,0.0,0.0,0.0,0.0,0.0,0.40441194,0.031739295,0.85031325,0.5106711,0.22707765,0.7100278,0.0,0.95494354,0.63026017,0.52549875,0.0,0.0,0.0,0.0,0.0,0.28639767,0.224575,0.4304716,0.26701906,0.0,0.0,0.0,0.33217996,0.5656597,0.12355636,0.13240941,0.36949778,0.0,0.0,0.082831964,0.0,0.0,0.0,0.35213754,0.2671979,0.0,0.0,0.0,0.46361783,0.0,0.0,0.0,0.2304367,0.0,-0.3740414,-0.15750624,0.1044782
-0.59805685,-0.070647724,0.20017642,0.0,0.0,0.0,0.17198065,0.0,0.0,0.0,0.39212227,0.3629247,0.37388074,0.73057485,0.2456118,0.0,0.1921651,0.40965983,0.0,0.0,0.0,0.0,0.0,0.0,0.17593205,0.0,0.30069888,0.55701196,0.121613175,0.0,0.6100837,0.2236056,0.0,0.0,0.44886214,0.2144829,0.0,0.2699664,0.06415374,0.13153678,0.19137934,0.0,0.20026398,0.0,0.0,0.21771918,0.09867276,0.0,0.05330725,0.12111227,0.0,0.0,0.11498234,0.0,0.17104934,0.09057793,0.2451815,0.12330858,0.0072669163,0.0,0.0,0.11703787,0.0,0.24345249,0.0,0.0671821,0.0,0.0618018,0.04599507,-0.018986067
-0.52390856,0.56803775,0.8802235,0.0,0.0,0.0,0.1680075,0.32038495,0.0,0.0,0.6519084,0.37676704,0.0,0.57367325,0.08140412,0.0,0.0,0.6862362,0.0,0.31077367,0.24307044,0.0,0.36240616,0.0,0.56069624,0.0,0.27628368,0.59784544,0.0,0.0,0.30652398,0.088161945,0.0,0.0,0.9339618,0.49819845,0.0,0.4088586,0.0,0.0,0.08329812,0.0,0.17977178,0.14033346,0.0,0.0,0.0,0.0,0.01989609,0.0,0.20087147,0.0,0.15083075,0.024601936,0.15770614,0.1560767,0.05155041,0.0,0.23394056,0.0,0.0,0.061475676,0.0,0.4143939,0.0,0.07980208,0.0,0.37159294,0.20007464,-0.08343796
0.100835845,-0.32505298,-1.2128855,0.0,0.0,0.0,0.0,0.0,0.18941295,0.0,0.0,0.42597997,0.7649819,0.19658941,0.90693617,0.0,0.73013586,0.2514709,0.0,0.0,0.0,0.0,0.0,0.0,0.39711145,0.48825932,0.012259871,0.37018013,0.8645334,0.0,0.54816824,0.47028786,0.3379399,0.0,0.0,0.0,0.0,0.0,0.198604,0.24358049,0.49073493,0.0214585,0.0,0.0,0.0,0.44665885,0.64559245,0.048593402,0.26474774,0.24728805,0.0,0.0,0.2557458,0.0,0.0,0.0,0.32847157,0.34880716,0.023026975,0.0,0.0,0.46409374,0.0,0.0,0.0,0.3754054,0.0,-0.36865628,-0.19351672,0.10848703
1.9776698,-2.3130982,-0.48410133,0.24831277,0.0,0.3707179,0.0,0.0,0.0,0.0,0.112022325,0.053031325,0.54886407,0.12997189,0.9937899,0.7968849,0.012605667,0.27545357,0.0,0.0,0.0,0.0,0.17938372,1.6750184,0.08551496,1.812168,2.0435147,0.0,0.38365874,0.06580716,1.6028928,1.2942928,1.1341323,0.5118505,0.0,0.1560253,0.34626216,0.36333653,0.4816134,0.31696624,0.22144943,0.47257403,0.0,0.0,0.0,0.011254057,0.55658424,0.22840963,0.0,0.69722617,0.0,0.16024601,0.0,0.0,0.0,0.025133371,0.26900727,0.12918507,0.0,0.0,0.0,0.47046137,0.0,0.07526122,0.0,0.0,0.0,-0.24094069,-0.13138388,0.0902725
-0.7032864,0.31487945,-0.25084123,0.0,0.0,0.0,0.25426862,0.18880081,0.0,0.0022979975,0.18149391,0.4513573,0.4516601,0.5499041,0.40689644,0.0,0.40749127,0.40393358,0.0,0.0,0.0,0.0,0.0,0.0,0.3662755,0.0,0.0,0.6726372,0.38676035,0.0,0.35058033,0.12984563,0.0,0.0,0.38444057,0.08397637,0.0,0.10599135,0.1205564,0.17017709,0.30939072,0.0,0.13820808,0.006298147,0.042460147,0.33414927,0.25926495,0.0,0.15037076,0.11811355,0.0,0.0,0.23477289,0.0,0.07470056,0.056757063,0.24058673,0.13772368,0.066639274,0.0,0.0,0.24969368,0.0,0.1542787,0.0,0.15064728,0.0,-0.09649429,-0.03706087,0.036890805
1.3827195,-1.0476309,-0.4215933,0.0,0.0,0.0,0.0,0.0,0.0,0.0,0.09800756,0.22089846,0.30792972,0.0,0.91674113,0.28464764,0.002873376,0.46482146,0.0,0.0,0.0,0.0,0.12297791,0.84892917,0.54507744,0.96470946,1.1771082,0.0,0.43868792,0.0,0.9333459,0.8914376,0.52366567,0.048271686,0.0,0.102261074,0.16102876,0.12868527,0.41978148,0.19687589,0.3398723,0.08052202,0.07331647,0.0,0.0,0.16800156,0.5006098,0.068766266,0.025914729,0.5244503,0.07065637,0.06444944,0.101098195,0.0,0.07654621,0.030656196,0.2912141,0.12661289,0.0,0.0,0.0,0.39926854,0.0,0.054603495,0.0,0.017300606,0.0,-0.22392285,-0.1505627,0.08021095
0.12040791,0.0036674957,1.3305464,0.0,0.0,0.0,0.0,0.0,0.0,0.0,0.85111123,0.24546352,0.0,0.54307604,0.05116847,0.0,0.0,0.7553247,0.0,0.3866803,0.4128096,0.0,0.80540746,0.16297217,0.5161422,0.0,0.9989268,0.28531948,0.0,0.31257978,0.62139904,0.34102967,0.0,0.35483667,0.9721535,0.67034125,0.0,0.6402253,0.0,0.0,0.0,0.0,0.1082904,0.0,0.0,0.0,0.0,0.0,0.0,0.013237141,0.35353953,0.0,0.0,0.0,0.25703633,0.3132996,0.0,0.0,0.17045936,0.0,0.0,0.0,0.0,0.4839468,0.0,0.1716516,0.0,0.4498749,0.24809851,-0.12844273
1.1305008,-1.6844821,1.0349919,0.34796023,0.0,0.37087628,0.0,0.0,0.0,0.0,0.7698884,0.030975193,0.04558663,0.6161233,0.28657514,0.0,0.0,0.5096097,0.0,0.0,0.07152182,0.0,0.83275485,1.2999024,0.010248423,0.9369886,2.1244097,0.0,0.0,0.74193716,1.4734731,0.9324954,0.0765357,0.8811126,0.36821404,0.6507224,0.0,0.9064497,0.0028278716,0.12588581,0.0,0.0,0.13591029,0.0,0.0,0.0,0.0,0.0,0.0,0.5469055,0.3512733,0.0,0.0,0.0,0.41646105,0.35164407,0.09811137,0.0,0.0,0.0,0.0,0.0,0.0,0.34982008,0.0,0.14987737,0.0,0.39729476,0.20180526,-0.097710885
-0.61575794,-0.32715964,0.6778331,0.0,0.0,0.0,0.15933016,0.0,0.0,0.0,0.612414,0.29239053,0.28304136,0.930233,0.05255732,0.0,0.0,0.42591625,0.0,0.08684373,0.0,0.0,0.1256077,0.036952615,0.0029123425,0.0,0.6582297,0.4985808,0.0,0.12998685,0.8089194,0.26177034,0.0,0.27414176,0.55839247,0.40781972,0.0,0.48871663,0.0,0.0522253,0.033729948,0.0,0.19887835,0.0,0.0,0.07241385,0.0,0.0,0.0,0.12100993,0.022291318,0.0,0.0,0.0,0.29475692,0.15530646,0.19863963,0.030221602,0.0030801296,0.0,0.0,0.0,0.0,0.3601207,0.004122235,0.061150186,0.0,0.26336488,0.16528879,-0.062156096
0.8080435,0.4331406,-0.6657448,0.0,0.0,0.0,0.0,0.0,0.3985212,0.0,0.0,0.43965274,0.10661332,0.0,0.9702687,0.0,0.116082706,0.65729296,0.0,0.0,0.22535874,0.0,0.0,0.0,1.1493518,0.070676394,0.055470705,0.23746848,0.6735157,0.0,0.10621929,0.4553882,0.0,0.0,0.3434605,0.0,0.0,0.0,0.23082212,0.12867264,0.51533914,0.0,0.0,0.0,0.0,0.32301328,0.51506686,0.0,0.26503938,0.23025575,0.20339948,0.0,0.38494346,0.0,0.09793794,0.0,0.30281493,0.2522259,0.06580212,0.0,0.0,0.32972577,0.0,0.04782869,0.0,0.38128904,0.056049347,-0.23034447,-0.10680778,0.0882093
-0.32933998,-0.84302163,-0.44397423,0.0,0.0,0.0,0.0,0.0,0.0,0.0,0.14179963,0.31634498,0.7746113,0.7677622,0.47880957,0.0,0.5419001,0.17478228,0.0,0.0,0.0,0.0,0.0,0.24263817,0.0,0.51823556,0.52266943,0.38601336,0.40062797,0.0,0.96411467,0.46354038,0.107198805,0.038925484,0.0,0.020284062,0.0,0.12569708,0.19898207,0.21366154,0.31620926,0.14344835,0.079743765,0.0,0.0,0.29148728,0.32263824,0.0,0.077141926,0.3365724,0.0,0.0,0.0,0.0,0.06129439,0.073540404,0.315921,0.26155117,0.0,0.0,0.0,0.28331622,0.0,0.0,0.0,0.17330751,0.0,-0.23886198,-0.08123873,0.054294355
1.6884942,-0.11193859,1.8486311,0.38095862,0.0,0.0,0.0,0.0,0.0,0.0,1.022863,0.1237655,0.0,0.0,0.28444397,0.0,0.0,1.1205438,0.060702473,0.54794365,1.1218758,0.0,1.6610253,0.7459918,1.1593132,0.0,1.7859676,0.0,0.0,0.53369176,0.6035716,0.70521224,0.0,0.52566206,1.2365253,0.93721795,0.0,0.89190924,0.0,0.0,0.0,0.0,0.0,0.0,0.0,0.0,0.0,0.0,0.0,0.086594194,0.63948405,0.0,0.022648435,0.0,0.31166038,0.6211002,0.0,0.0,0.189157,0.0,0.0,0.0,0.0,0.6338319,0.0,0.30715436,0.0,0.56381255,0.3173632,-0.19623993
-0.57885605,1.4762113,2.4676063,0.0,0.41794708,0.0,0.23611182,0.8641055,0.0,0.0,1.2958995,0.34966645,0.0,0.5521307,0.0,0.0,0.0,1.1514969,0.0,1.085419,1.0478078,0.0,1.3657099,0.0,1.0135285,0.0,0.47624403,0.6746733,0.0,0.4235523,0.0,0.0,0.0,0.2254856,1.8652444,0.986397,0.0,0.76738644,0.0,0.0,0.0,0.0,0.0,0.4100781,0.20987883,0.0,0.0,0.0,0.0,0.0,0.5688621,0.0,0.14937508,0.07713204,0.0,0.47609732,0.0,0.0,0.5542779,0.0,0.0,0.0,0.0,0.6986411,0.0,0.26160493,0.0,0.58361405,0.33703503,-0.17478906
-0.9589701,0.78690475,-0.19898368,0.0,0.0,0.0,0.4121142,0.4957872,0.006998606,0.3300373,0.18988088,0.51289,0.36151457,0.5096998,0.35905874,0.0,0.40005553,0.47273266,0.0,0.0,0.0,0.0,0.0,0.0,0.52112114,0.0,0.0,0.82326996,0.3910519,0.0,0.10677633,0.0,0.0,0.0,0.5424294,0.13179618,0.0,0.14469479,0.17916292,0.18740334,0.36306605,0.0,0.20404781,0.035825174,0.11407092,0.351551,0.312113,0.0,0.18424623,0.076303035,0.0,0.0,0.2683674,0.0,0.0055433884,0.08175297,0.25111535,0.013316611,0.08336277,0.0,0.0,0.31092954,0.0,0.23907188,0.0,0.14292009,0.0,-0.095588535,-0.040010467,0.043935835
2.5223756,-2.9262881,-0.2953545,0.49394172,0.0,0.62601185,0.0,0.0,0.0,0.0,0.20411155,0.0,0.50601745,0.12035087,1.0239276,1.068602,0.0,0.2701827,0.0,0.0,0.0,0.0,0.42771938,2.1783726,0.0,2.222186,2.642954,0.0,0.25279865,0.37639442,1.9274796,1.541666,1.388217,0.80841005,0.0,0.22018619,0.42159826,0.5754713,0.44485295,0.35738343,0.0314833,0.57409817,0.0,0.0,0.0,0.0,0.4630034,0.28991932,0.0,0.7984652,0.0,0.16540515,0.0,0.0,0.0,0.10335113,0.21466659,0.07840113,0.0,0.0,0.0,0.35753453,0.0,0.11911321,0.0,0.0,0.0,-0.15089858,-0.058394626,0.04882341
0.3707042,-0.108332366,-0.3914205,0.0,0.0,0.0,0.0,0.0,0.05719026,0.0,0.1018047,0.37001902,0.30935302,0.12846795,0.71101755,0.0,0.18894291,0.49139467,0.0,0.0,0.0,0.0,0.0,0.06826256,0.6221948,0.22754714,0.35026544,0.27710706,0.46543977,0.0,0.4849549,0.4644796,0.0,0.0,0.25433657,0.0,0.0,0.056141406,0.23623656,0.191545,0.40175813,0.0,0.10555443,0.0,0.0,0.3205364,0.36791453,0.0,0.19132365,0.23466766,0.09322825,0.0,0.23494864,0.0,0.11137092,0.0,0.27782482,0.22353284,0.032950327,0.0,0.0,0.27535576,0.0,0.110867925,0.0,0.21593477,0.0,-0.2001971,-0.10206808,0.053552516
-0.051626645,-0.078136355,0.25592697,0.0,0.0,0.0,0.0,0.0,0.0,0.0,0.39630342,0.33509916,0.1886468,0.45975387,0.37323004,0.0,0.0,0.52380115,0.0,0.0,0.0,0.0,0.10167813,0.014934804,0.42317402,0.0,0.49935374,0.38142526,0.11346725,0.0,0.5720305,0.3467315,0.0,0.0,0.50108147,0.21370253,0.0,0.28973898,0.082865894,0.09728569,0.1927382,0.0,0.2031871,0.0,0.0,0.17619607,0.08066394,0.0,0.059123144,0.13918255,0.09982515,0.0,0.12951204,0.0,0.20705882,0.08373853,0.23496497,0.10332322,0.031919193,0.0,0.0,0.11482541,0.0,0.2911924,0.0,0.10046384,0.0,0.094538964,0.07130092,-0.025270632
2.492507,-2.6564724,-0.7746596,0.3306331,0.0,0.441202,0.0,0.0,0.0,0.0,0.0,0.016652942,0.6077994,0.0,1.2058086,1.1202573,0.042084713,0.24747288,0.0,0.0,0.0,0.0,0.15949312,1.9657434,0.13347766,2.175065,2.262488,0.0,0.5255258,0.0,1.7250065,1.4900281,1.4902095,0.51522326,0.0,0.07216652,0.4563923,0.32055426,0.57826406,0.36895844,0.27556515,0.61453354,0.0,0.0,0.0,0.003199637,0.68697906,0.3440094,0.0,0.77070034,0.0,0.25910312,0.027255462,0.0,0.0,0.0,0.28228343,0.1657915,0.0,0.0,0.0,0.6629563,0.0,0.014402837,0.0,0.0,0.0,-0.34835088,-0.20643423,0.13467486
-0.96600467,0.6215686,-0.37451223,0.0,0.0,0.0,0.40703243,0.40477067,0.008522302,0.33326894,0.12240066,0.5087694,0.48098075,0.5440872,0.40467453,0.0,0.5153008,0.4035936,0.0,0.0,0.0,0.0,0.0,0.0,0.42713997,0.0,0.0,0.8088547,0.46787333,0.0,0.18434048,0.009046406,0.0,0.0,0.4177741,0.06940668,0.0,0.096866176,0.17613563,0.21752279,0.38336962,0.0,0.1766372,0.011082504,0.14884631,0.3991537,0.35674062,0.0,0.18301417,0.10399717,0.0,0.0,0.25725558,0.0,0.0,0.08775288,0.26878235,0.060078733,0.038440727,0.0,0.00014512241,0.3164914,0.0,0.1783885,0.0,0.17387247,0.0,-0.16976127,-0.076417044,0.06179717
0.21508878,1.6957103,0.76586455,0.0,0.21118554,0.0,0.0,0.73575556,0.22802097,0.0028146505,0.5185613,0.48950446,0.0,0.0,0.41525036,0.0,0.0,1.0742843,0.049461007,0.4375142,0.9117114,0.0,0.6654834,0.0,1.5642213,0.0,0.0,0.5459712,0.013687968,0.0,0.0,0.019036561,0.0,0.0,1.2942946,0.47221443,0.0,0.33028752,0.0,0.0,0.30402547,0.0,0.030407272,0.27303913,0.0,0.0,0.0,0.0,0.18643157,0.0,0.3996808,0.0,0.31802052,0.11658187,0.0019247085,0.1455159,0.0,0.0,0.31485766,0.0,0.0,0.1684981,0.0,0.49866542,0.0,0.2995773,0.0911876,0.33992475,0.16476122,-0.0858529
-1.3200008,0.90720385,-0.47195306,0.0,0.0,0.0,0.6039935,0.6316131,0.055824243,0.6609742,0.07911281,0.56514853,0.5350975,0.5989289,0.36685693,0.0,0.64197665,0.3849035,0.0,0.0,0.0,0.0,0.0,0.0,0.43256533,0.0,0.0,0.96914375,0.52983356,0.0,0.040988892,0.0,0.0,0.0,0.44957605,0.050230287,0.0,0.10404807,0.2325724,0.27987474,0.42547047,0.0,0.2249103,0.015785158,0.2475684,0.44464087,0.4424454,0.09956546,0.22700022,0.09756261,0.0,0.0,0.28310683,0.0,0.0,0.11846539,0.28795817,0.0,0.017552372,0.0,0.042292245,0.37102827,0.0,0.18195124,0.0,0.18601713,0.0,-0.21754527,-0.13472547,0.08267674
-0.35725534,0.43100092,1.556347,0.0,0.0,0.0,0.06825059,0.23482281,0.0,0.0,0.9453054,0.29579,0.0,0.668833,0.0,0.0,0.0,0.7993524,0.0,0.5526208,0.46115744,0.0,0.8082739,0.0,0.5364239,0.0,0.7145915,0.48988843,0.0,0.30651918,0.44095165,0.13755158,0.0,0.2904745,1.1730652,0.72214776,0.0,0.6259959,0.0,0.0,0.0,0.0,0.060663164,0.13149275,0.011556618,0.0,0.0,0.0,0.0,0.0,0.3506732,0.0,0.020086154,0.0,0.18655562,0.29602545,0.0,0.0,0.28342193,0.0,0.0,0.0,0.0,0.52919227,0.0,0.20061812,0.0,0.46128696,0.27011186,-0.12936418
-0.9527026,1.465154,0.8809721,0.0,0.2350426,0.0,0.44037908,0.8872272,0.0,0.11321169,0.62337136,0.49979806,0.0,0.4489032,0.04010296,0.0,0.0,0.81186116,0.0,0.4635467,0.41765398,0.0,0.29418603,0.0,0.88463163,0.0,0.0,0.8711685,0.0,0.0,0.0,0.0,0.0,0.0,1.198027,0.50340307,0.0,0.4448404,0.0,0.0,0.15622449,0.0,0.2121843,0.22305073,0.07337691,0.0,0.0,0.0,0.18496399,0.0,0.19691232,0.0,0.28578886,0.10824151,0.044627406,0.17390405,0.0,0.0,0.32315475,0.0,0.0,0.20233387,0.0,0.4773164,0.0,0.06438914,0.0,0.3970219,0.15763687,-0.08478059
-0.2498505,-0.3559336,-0.0902658,0.0,0.0,0.0,0.0,0.0,0.0,0.0,0.26765996,0.340137,0.46533522,0.60476816,0.41739237,0.0,0.2677836,0.3627323,0.0,0.0,0.0,0.0,0.0,0.05734142,0.18047127,0.17591567,0.43557596,0.41835058,0.26193255,0.0,0.71345526,0.36957017,0.0,0.0,0.25995547,0.094489455,0.0,0.19821805,0.13055533,0.16733804,0.26085827,0.0,0.1528548,0.0,0.0,0.25212482,0.17967728,0.0,0.08773914,0.21176773,0.0,0.0,0.08049594,0.0,0.1437848,0.07627617,0.26834503,0.19266498,0.0,0.0,0.0,0.19636738,0.0,0.13991217,0.0,0.13514712,0.0,-0.07514909,-0.024715155,0.013918048
-1.0217315,-0.1778036,0.9958722,0.0,0.0,0.0,0.36918056,0.04916738,0.0,0.0,0.7577653,0.29913297,0.24190322,1.1440877,0.0,0.0,0.0,0.4344765,0.0,0.24287121,0.0,0.0,0.18234013,0.0,0.0,0.0,0.5945285,0.63295925,0.0,0.2818431,0.7917536,0.13083489,0.0,0.35525993,0.71128917,0.5265582,0.0,0.55466783,0.0,0.0,0.0,0.0,0.16393434,0.0,0.03900344,0.030371696,0.0,0.0,0.0,0.051534668,0.035564795,0.0,0.0,0.0,0.28250185,0.16970277,0.15966119,0.0,0.062370207,0.0,0.0,0.0,0.0,0.4073452,0.07021033,0.08777575,0.0,0.33458215,0.19643089,-0.06261301
-0.81829673,0.072360866,0.4475737,0.0,0.0,0.0,0.28895444,0.113531485,0.0,0.0,0.5002927,0.36745623,0.3042215,0.83679557,0.1115866,0.0,0.116456315,0.44121665,0.0,0.06409833,0.0,0.0,0.0,0.0,0.14920211,0.0,0.26560885,0.63568306,0.0,0.0,0.57286626,0.13758594,0.0,0.032252207,0.58204895,0.32668906,0.0,0.34646896,0.030145574,0.08704641,0.1414632,0.0,0.2297021,0.006428901,0.0,0.15934353,0.020437963,0.0,0.038136825,0.06865667,0.0,0.0,0.09750591,0.0,0.18855475,0.10464525,0.20125473,0.055075176,0.053611316,0.0,0.0,0.0777889,0.0,0.3171882,0.0,0.01726763,0.0,0.18215388,0.100512296,-0.04247203
0.42320338,-0.3134173,0.46381253,0.0,0.0,0.0,0.0,0.0,0.0,0.0,0.4804007,0.2702681,0.040747,0.3435257,0.40933442,0.0,0.0,0.59619063,0.0,0.0,0.1439436,0.0,0.37198693,0.30290556,0.49958333,0.15506503,0.8735927,0.18535268,0.003058195,0.0,0.6872186,0.49804223,0.0,0.13591245,0.53726083,0.39740282,0.0,0.42409363,0.102221355,0.064406976,0.10824653,0.0,0.23600376,0.0,0.0,0.058679998,0.0,0.0,0.0,0.21325615,0.23306449,0.0,0.046926174,0.0,0.26567292,0.15789129,0.14603743,0.0117226485,0.044938054,0.0,0.0,0.004254246,0.0,0.33772314,0.0,0.034706198,0.0,0.2503504,0.12557152,-0.07861467
-0.9678088,1.1602596,0.2535417,0.0,0.071297765,0.0,0.43538946,0.7089965,0.0,0.2967546,0.36749586,0.51837426,0.07845886,0.45560318,0.22975105,0.0,0.11880661,0.63338375,0.0,0.16672002,0.105919674,0.0,0.0,0.0,0.72007847,0.0,0.0,0.8607255,0.18728606,0.0,0.0,0.0,0.0,0.0,0.8451803,0.29418832,0.0,0.28197217,0.14414974,0.08048214,0.29907733,0.0,0.2516728,0.085139364,0.060726073,0.18810591,0.1412752,0.0,0.19280396,0.0,0.08349112,0.0,0.28441286,0.042110324,0.051085185,0.08103638,0.17541462,0.0,0.18469512,0.0,0.0,0.28901875,0.0,0.358586,0.0,0.085846245,0.0,0.13016036,0.05102276,-0.01274338
0.06884709,1.1623313,0.5514894,0.0,0.04531756,0.0,0.0,0.4830625,0.099151604,0.0,0.45782667,0.45099685,0.0,0.0,0.40608528,0.0,0.0,0.885713,0.0,0.26851505,0.5905572,0.0,0.4362989,0.0,1.1924518,0.0,0.0,0.52034146,0.07294254,0.0,0.0,0.104251996,0.0,0.0,1.0272173,0.37826264,0.0,0.25476214,0.023993172,0.0,0.29607347,0.0,0.0864312,0.17406003,0.0,0.0,0.0,0.0,0.13877033,0.0,0.31090868,0.0,0.30302823,0.07087375,0.061002832,0.09393868,0.025382385,0.0,0.27903026,0.0,0.0,0.15214594,0.0,0.41929543,0.0,0.2098269,0.023719057,0.28926715,0.1418229,-0.054830745
0.7600458,0.056460544,0.8547436,0.0,0.0,0.0,0.0,0.0,0.0,0.0,0.6186574,0.2666176,0.0,0.09917408,0.3947025,0.0,0.0,0.81321883,0.0,0.19765829,0.5298351,0.0,0.75813615,0.2583987,0.85879266,0.0,0.94896996,0.11685741,0.0,0.0,0.48521835,0.48580673,0.0,0.11919373,0.8342767,0.5456669,0.0,0.47189072,0.0,0.0,0.058314458,0.0,0.1742557,0.0,0.0,0.0,0.0,0.0,0.0,0.09187554,0.3578962,0.0,0.116053335,0.0,0.22187053,0.26993245,0.006337881,0.0,0.15709013,0.0,0.0,0.0,0.0,0.45461002,0.0,0.09659116,0.0,0.39949256,0.19822678,-0.11886348
-1.1697443,1.947385,1.8039758,0.0,0.5001836,0.0,0.569981,1.2218806,0.0,0.0,1.0070051,0.48614326,0.0,0.55047417,0.0,0.0,0.0,1.0355952,0.0,0.9093924,0.7982124,0.0,0.8070708,0.0,1.0353918,0.0,0.0,0.9668759,0.0,0.0,0.0,0.0,0.0,0.0,1.7139022,0.77352506,0.0,0.65716195,0.0,0.0,0.0,0.0,0.116592154,0.39669755,0.21870016,0.0,0.0,0.0,0.2133048,0.0,0.33845937,0.0,0.31045005,0.17771564,0.0,0.3107416,0.0,0.0,0.52893966,0.0,0.0,0.13799405,0.0,0.6091397,0.0,0.08052037,0.0,0.5408676,0.24317108,-0.14419007
0.622513,-0.86439896,-1.8229085,0.0,0.0,0.0,0.0,0.0,0.31599832,0.0,0.0,0.39367133,1.0022196,0.018239707,1.2160456,0.36908543,0.94887376,0.12595499,0.0,0.0,0.0,0.0,0.0,0.3489179,0.34429225,1.0376899,0.19710447,0.15403973,1.1562147,0.0,0.74930835,0.7170373,0.9045068,0.0,0.0,0.0,0.07892236,0.0,0.2940406,0.26584598,0.55600536,0.23004809,0.0,0.0,0.0,0.42761743,0.88882685,0.259129,0.31990772,0.31771538,0.0,0.010372616,0.29515034,0.0,0.0,0.0,0.3632244,0.43515226,0.0,0.0,0.0,0.6941691,0.0,0.0,0.0,0.3192386,0.0,-0.4485792,-0.28386432,0.14798447
0.1923432,0.33540717,-1.7638211,0.0,0.0,0.0,0.0,0.0,0.58335924,0.6524076,0.0,0.54741424,0.7329479,0.0,1.179257,0.0,0.8963286,0.3315931,0.0,0.0,0.0,0.0,0.0,0.0,0.84211314,0.26051554,0.0,0.47162533,1.213778,0.0,0.10268277,0.3652203,0.3532854,0.0,0.0,0.0,0.0,0.0,0.24326336,0.3508464,0.6310375,0.0,0.0,0.0,0.012869827,0.6300437,1.008757,0.30001658,0.34708643,0.23128289,0.0,0.0,0.41153002,0.0,0.0,0.0,0.524722,0.36170584,0.0,0.0,0.044931747,0.57243013,0.0,0.0,0.0,0.55743587,0.0,-0.52935725,-0.30075425,0.14797997
-0.14017354,1.270064,0.8096533,0.0,0.121225685,0.0,0.020828329,0.59649354,0.010532796,0.0,0.5720037,0.44999206,0.0,0.08820552,0.26838762,0.0,0.0,0.9130266,0.0,0.3911044,0.6305912,0.0,0.5241659,0.0,1.1500218,0.0,0.0,0.5894867,0.0,0.0,0.0,0.02793923,0.0,0.0,1.1540558,0.47605324,0.0,0.34597573,0.0,0.0,0.22888035,0.0,0.097704545,0.2436801,0.0,0.0,0.0,0.0,0.11729334,0.0,0.32866523,0.0,0.2808147,0.10270496,0.03514964,0.15961584,0.0,0.0,0.32971495,0.0,0.0,0.13709785,0.0,0.47013536,0.0,0.17644322,0.01713325,0.3596156,0.17309335,-0.085862845
-0.827695,1.2400753,0.28457472,0.0,0.08860463,0.0,0.36979258,0.7196645,0.02469235,0.28922737,0.37173197,0.5194329,0.0,0.35763684,0.2634496,0.0,0.04660735,0.6844939,0.0,0.18976359,0.19846986,0.0,0.0,0.0,0.83057076,0.0,0.0,0.8274877,0.183642,0.0,0.0,0.0,0.0,0.0,0.8916647,0.29850587,0.0,0.28648937,0.1457297,0.05080527,0.3264835,0.0,0.24185085,0.07796158,0.025925905,0.15744066,0.1193162,0.0,0.20040204,0.0,0.11631421,0.0,0.293105,0.036377616,0.06559484,0.06131798,0.16481884,0.0,0.18010147,0.0,0.0,0.29942584,0.0,0.37072217,0.0,0.10656501,0.0,0.14870566,0.060554348,-0.012414025
-1.209925,0.7351092,0.8146565,0.0,0.040660232,0.0,0.52375424,0.5625774,0.0,0.0,0.64069855,0.42989936,0.07843988,0.85334975,0.0,0.0,0.0,0.58043367,0.0,0.32270348,0.025779568,0.0,0.09418988,0.0,0.34203762,0.0,0.0,0.8424395,0.0,0.0,0.26399446,0.0,0.0,0.0,0.92097425,0.48224577,0.0,0.40371993,0.0,0.0,0.090784766,0.0,0.23644206,0.14066651,0.08662522,0.028880626,0.0,0.0,0.09159157,0.0,0.06883633,0.0,0.18518901,0.109263346,0.15342341,0.11334832,0.07397688,0.0,0.25419796,0.0,0.0,0.12357007,0.0,0.39429933,0.0,0.0066958815,0.0,0.36341095,0.15460828,-0.06045498
0.68359506,-0.30647188,-1.4034666,0.0,0.0,0.0,0.0,0.0,0.37186575,0.0,0.0,0.42091095,0.6518156,0.0,1.1326022,0.1423558,0.63721955,0.33777183,0.0,0.0,0.0,0.0,0.0,0.1298592,0.68429655,0.6363829,0.09463,0.19976239,0.98870206,0.0,0.46632007,0.60229695,0.5329217,0.0,0.0,0.0,0.018598769,0.0,0.25361544,0.22783579,0.532705,0.0,0.0,0.0,0.0,0.4246909,0.79989505,0.10814026,0.3074547,0.29664674,0.0,0.0,0.3268976,0.0,0.0,0.0,0.35049003,0.37897283,0.011472464,0.0,0.0,0.55012,0.0,0.0,0.0,0.39517194,0.0,-0.40074927,-0.24028935,0.12541111
0.7963803,0.084079295,0.70495266,0.0,0.0,0.0,0.0,0.0,0.0,0.0,0.5510683,0.28126448,0.0,0.04103625,0.4591565,0.0,0.0,0.8018116,0.0,0.14249735,0.5082553,0.0,0.68528867,0.23484275,0.8965434,0.0,0.8760493,0.11734724,0.0,0.0,0.4505588,0.49192697,0.0,0.048499286,0.78472316,0.4818418,0.0,0.417201,0.040706884,0.0,0.09965836,0.0,0.18717395,0.0,0.0,0.0,0.0,0.0,0.0,0.10261005,0.33803242,0.0,0.14272375,0.0,0.20557533,0.24356091,0.029028036,0.0,0.13878503,0.0,0.0,0.0,0.0,0.4293857,0.0,0.09836623,0.0,0.35534388,0.17844504,-0.10707547
1.0393717,-1.2721412,-1.5810975,0.0,0.0,0.0,0.0,0.0,0.19883525,0.0,0.0,0.30795515,0.9138825,0.0055428147,1.2102327,0.53639007,0.7436385,0.15247375,0.0,0.0,0.0,0.0,0.0,0.7147238,0.2922266,1.2940129,0.66588515,0.0,1.0106496,0.0,0.97240704,0.890891,1.0345757,0.0,0.0,0.0,0.18361439,0.0,0.3979668,0.2597888,0.51435864,0.32894993,0.0,0.0,0.0,0.3259768,0.8328127,0.28962737,0.23021011,0.42979634,0.0,0.10805381,0.21962115,0.0,0.0,0.0,0.35959527,0.36941892,0.0,0.0,0.0,0.7066762,0.0,0.0,0.0,0.15797833,0.0,-0.440597,-0.29354775,0.14369692
0.43722132,-0.491505,-1.0727437,0.0,0.0,0.0,0.0,0.0,0.16235462,0.0,0.0,0.380691,0.6627783,0.1128031,0.935024,0.021729529,0.571062,0.3016203,0.0,0.0,0.0,0.0,0.0,0.19857524,0.45160455,0.61587316,0.27398723,0.23167436,0.7900586,0.0,0.628899,0.57761306,0.40731505,0.0,0.0,0.0,0.0,0.0,0.27003685,0.23138179,0.47858608,0.03281244,0.0,0.0,0.0,0.38941577,0.64921236,0.06866187,0.22410138,0.31662807,0.0,0.0,0.22617841,0.0,0.0,0.0,0.3334172,0.30229443,0.0,0.0,0.0,0.45566607,0.0,0.0,0.0,0.320597,0.0,-0.37215748,-0.1982689,0.10454387
-0.025755834,-0.68320984,1.3220071,0.038654566,0.0,0.05885762,0.0,0.0,0.0,0.0,0.8871659,0.17118613,0.0,0.8839842,0.0,0.0,0.0,0.56524634,0.0,0.2739231,0.09687428,0.0,0.68330365,0.47869423,0.048351645,0.07673493,1.3358345,0.22544782,0.0,0.59309554,1.0287961,0.45350325,0.0,0.63891244,0.7388919,0.6831579,0.0,0.8041667,0.0,0.0,0.0,0.0,0.16279905,0.0,0.0,0.0,0.0,0.0,0.0,0.17601591,0.31762516,0.0,0.0,0.0,0.39028493,0.3337948,0.07634829,0.0,0.02296412,0.0,0.0,0.0,0.0,0.40456218,0.007499896,0.1811243,0.0,0.45661706,0.2537809,-0.10211552
0.07283159,0.0981745,-0.33056915,0.0,0.0,0.0,0.0,0.0,0.042309172,0.0,0.12891985,0.4012029,0.31257528,0.2149379,0.6264714,0.0,0.22626537,0.49155617,0.0,0.0,0.0,0.0,0.0,0.0,0.6024543,0.038086046,0.17002393,0.39947543,0.4400375,0.0,0.39864954,0.35228264,0.0,0.0,0.32796896,0.0,0.0,0.06491697,0.16492254,0.1749831,0.37249392,0.0,0.10721776,0.0,0.0,0.33556426,0.32090366,0.0,0.17482041,0.1643891,0.067895845,0.0,0.26596242,0.0,0.10729467,0.0,0.28262237,0.20916618,0.04524022,0.0,0.0,0.25991318,0.0,0.12918444,0.0,0.22140661,0.0,-0.1639086,-0.06306912,0.05205384
1.1031674,-0.25163656,0.16583453,0.0,0.0,0.0,0.0,0.0,0.0,0.0,0.32299316,0.27557272,0.0,0.0,0.7024007,0.0,0.0,0.6936496,0.0,0.0,0.33390796,0.0,0.44497707,0.42864573,0.860466,0.3227802,0.9125254,0.0,0.19092968,0.0,0.5607809,0.64550525,0.0,0.0,0.47656676,0.33636567,0.0,0.28007078,0.24999274,0.078951344,0.24329147,0.0,0.19837707,0.0,0.0,0.05559434,0.123368956,0.0,0.018093526,0.29705015,0.31139952,0.0,0.13466479,0.0,0.2084854,0.14891508,0.1405556,0.02291741,0.066720106,0.0,0.0,0.07227767,0.0,0.2534756,0.0,0.09519688,0.0,0.132878,0.048317153,-0.05015745
-1.62249,0.893116,1.0271546,0.0,0.13733259,0.0,0.7386147,0.7472967,0.0,0.0,0.7401651,0.4469934,0.07574232,1.0471859,0.0,0.0,0.0,0.5721557,0.0,0.43860716,0.0,0.0,0.08706558,0.0,0.23598137,0.0,0.0,0.9856007,0.0,0.0,0.23146722,0.0,0.0,0.0,1.0335846,0.551549,0.0,0.4691001,0.0,0.0,0.0198602,0.0,0.2521965,0.15531786,0.16095933,0.0,0.0,0.0,0.12540919,0.0,0.04700515,0.0,0.18708292,0.14339586,0.14093252,0.12941147,0.031365655,0.0,0.30286714,0.0,0.0,0.1335995,0.0,0.42171058,0.06168323,0.0,0.0,0.40829057,0.15000552,-0.06844423
0.7037202,0.16391563,0.32189158,0.0,0.0,0.0,0.0,0.0,0.0,0.0,0.38466758,0.32733008,0.0,0.0,0.5745854,0.0,0.0,0.73858035,0.0,0.0058076084,0.38618863,0.0,0.433516,0.11598627,0.91239095,0.0,0.6270324,0.17829846,0.1301796,0.0,0.37297827,0.46387625,0.0,0.0,0.650069,0.31484506,0.0,0.2817109,0.120373085,0.0539572,0.22172672,0.0,0.18274166,0.0,0.0,0.08190962,0.037261732,0.0,0.047836006,0.13523825,0.27042985,0.0,0.20321009,0.0,0.19661365,0.1410853,0.11530092,0.025079278,0.106736496,0.0,0.0,0.03761112,0.0,0.34865814,0.0,0.12856573,0.0,0.19764805,0.104343265,-0.0577325
0.36690655,-1.4202498,0.72677606,0.09207764,0.0,0.27330372,0.0,0.0,0.0,0.0,0.6516478,0.1195429,0.30977818,0.8522805,0.20987272,0.0,0.0,0.37093148,0.0,0.0,0.0,0.0,0.40269867,0.8999151,0.0,0.70930296,1.5986743,0.018499702,0.0,0.5194799,1.3566453,0.7126254,0.0,0.6915417,0.28382653,0.5251848,0.0,0.695359,0.058781184,0.12726328,0.0,0.0,0.1993387,0.0,0.0,0.0,0.0,0.0,0.0,0.45459312,0.20531711,0.0,0.0,0.0,0.34163454,0.27636218,0.22380364,0.03058303,0.0,0.0,0.0,0.0,0.0,0.2846808,0.0,0.13973254,0.0,0.278849,0.16309871,-0.0957693
-0.29462522,0.8478493,0.27183723,0.0,0.0,0.0,0.07734723,0.3921532,0.01454778,0.0,0.36597574,0.4526967,0.0,0.22998998,0.37926883,0.0,0.0,0.69492877,0.0,0.112716824,0.24934112,0.0,0.111559674,0.0,0.8496053,0.0,0.0,0.60009664,0.17691329,0.0,0.062051,0.09598094,0.0,0.0,0.79148567,0.28839055,0.0,0.20787472,0.09267437,0.016365185,0.2979274,0.0,0.14933422,0.09210348,0.0,0.13757515,0.06942846,0.0,0.12706818,0.007937603,0.19766498,0.0,0.27169904,0.049303003,0.12458942,0.035142034,0.15142766,0.0,0.20827024,0.0,0.0,0.21878867,0.0,0.33014184,0.0,0.13880524,0.0,0.16974115,0.09786845,-0.010189777
-0.08635172,1.3892108,0.49128518,0.0,0.11005506,0.0,0.0048639253,0.63497394,0.15686032,0.05779648,0.4261999,0.4891942,0.0,0.0,0.40409738,0.0,0.0,0.8983077,0.0,0.2840529,0.5985526,0.0,0.36667022,0.0,1.2546299,0.0,0.0,0.60722315,0.118165776,0.0,0.0,0.02290827,0.0,0.0,1.0668278,0.33386594,0.0,0.26413056,0.045430873,0.0,0.33647987,0.0,0.09341712,0.1608439,0.0,0.008990273,0.0,0.0,0.19231598,0.0,0.29808217,0.0,0.31426272,0.059310533,0.041074798,0.07291248,0.04534036,0.0,0.24074052,0.0,0.0,0.23301134,0.0,0.42828664,0.0,0.23068093,0.030847836,0.25233242,0.12365325,-0.042898953
-0.061814316,0.74962217,-0.2040535,0.0,0.0,0.0,0.0,0.2704344,0.17825806,0.06570482,0.15616587,0.4725577,0.1011184,0.056355894,0.6002496,0.0,0.11686419,0.6382284,0.0,0.0,0.15543434,0.0,0.0,0.0,0.91559315,0.0,0.0,0.5360397,0.42590988,0.0,0.048648566,0.18113376,0.0,0.0,0.58104694,0.046232104,0.0,0.04878299,0.17817764,0.116394125,0.41249484,0.0,0.094476104,0.0,0.0,0.2872842,0.30517468,0.0,0.21140967,0.1005242,0.16672392,0.0,0.3405587,0.0,0.085497916,0.0,0.25182888,0.12146633,0.10666348,0.0,0.0,0.32074752,0.0,0.21688649,0.0,0.23230621,0.00060011446,-0.1048505,-0.031933367,0.04563684
1.3606406,-0.7548103,-1.519098,0.0,0.0,0.0,0.0,0.0,0.40520832,0.0,0.0,0.35056308,0.62943554,0.0,1.3186034,0.49645698,0.53783554,0.34608522,0.0,0.0,0.0,0.0,0.0,0.54544675,0.7406982,1.0498354,0.50287604,0.0,1.0364494,0.0,0.6527314,0.8522953,0.8852085,0.0,0.0,0.0,0.1962705,0.0,0.3572376,0.21446584,0.53185856,0.034198128,0.0,0.0,0.0,0.33083218,0.8841475,0.20828788,0.2648304,0.42113143,0.0,0.053625487,0.3054096,0.0,0.0,0.0,0.37771496,0.3810573,0.0,0.0,0.0,0.6874322,0.0,0.0,0.0,0.26207703,0.0,-0.4211697,-0.30433577,0.1525506
0.09206277,-0.5340164,1.7744282,0.14217067,0.0,0.04515785,0.0,0.0,0.0,0.0,1.0712211,0.14513043,0.0,0.85092473,0.0,0.0,0.0,0.6983288,0.0,0.47481263,0.33565128,0.0,1.0066328,0.49416557,0.17541465,0.0,1.4957008,0.18847622,0.0,0.7814938,0.97952217,0.43706715,0.0,0.7465105,0.97684044,0.8257632,0.0,0.91972876,0.0,0.0,0.0,0.0,0.055881202,0.0,0.0,0.0,0.0,0.0,0.0,0.083315805,0.4174254,0.0,0.0,0.0,0.37979153,0.43966898,0.0,0.0,0.074214846,0.0,0.0,0.0,0.0,0.49098358,0.0,0.2836808,0.0,0.52785575,0.30244458,-0.12581423
-1.7353078,1.2614478,1.0170264,0.0,0.24496606,0.0,0.81881225,0.9651549,0.0,0.12281835,0.72157735,0.49583918,0.0,0.96106803,0.0,0.0,0.0,0.63433343,0.0,0.4962349,0.0860662,0.0,0.075501956,0.0,0.39863852,0.0,0.0,1.0784948,0.0,0.0,0.028326064,0.0,0.0,0.0,1.1414948,0.560642,0.0,0.48782775,0.0,0.0,0.031230815,0.0,0.27700913,0.18096955,0.18063554,0.0,0.0,0.0,0.17821898,0.0,0.07525573,0.0,0.23524314,0.15651444,0.08657506,0.14671344,0.022398964,0.0,0.33206433,0.0,0.0,0.19377185,0.0,0.4507131,0.0443436,0.0,0.0,0.4189595,0.14579138,-0.07927447
2.0534163,-1.5573213,-1.2103775,0.0,0.0,0.0,0.0,0.0,0.20052281,0.0,0.0,0.20139623,0.5566104,0.0,1.3310573,0.82939243,0.2617001,0.34553498,0.0,0.0,0.0,0.0,0.0,1.2064732,0.58438075,1.5681553,1.3094451,0.0,0.8321841,0.0,1.0857143,1.1699631,1.1870315,0.0,0.0,0.0,0.34117222,0.0,0.5272944,0.23742773,0.439453,0.29003948,0.0,0.0,0.0,0.19826426,0.80179036,0.27341765,0.101505116,0.62522966,0.0,0.18995234,0.19673058,0.0,0.0,0.0,0.37679186,0.2768819,0.0,0.0,0.0,0.78754497,0.0,0.0,0.0,0.0,0.0,-0.43410814,-0.30732155,0.15492116
0.6561883,-1.1169887,-2.0015996,0.0,0.0,0.0,0.0,0.0,0.29963246,0.0,0.0,0.3778904,1.1379676,0.06469163,1.2664888,0.48823214,1.0642982,0.043889254,0.0,0.0,0.0,0.022195011,0.0,0.46734157,0.21844298,1.2288002,0.26758727,0.11351076,1.2286305,0.0,0.8731842,0.78250027,1.0804994,0.0,0.0,0.0,0.11641638,0.0,0.31071684,0.2696192,0.5693371,0.3514094,0.0,0.0,0.0,0.41802016,0.9294989,0.32435334,0.31742424,0.34023076,0.0,0.052419163,0.27970767,0.0,0.0,0.0,0.37579226,0.45184937,0.0,0.0,0.0,0.76401246,0.0,0.0,0.0,0.28472865,0.0,-0.4691413,-0.30010557,0.1588919
1.0342076,-1.9846355,-0.7001269,0.0,0.0,0.27216116,0.0,0.0,0.0,0.0,0.037182927,0.14854187,0.81351787,0.45235702,0.8416194,0.4749235,0.38589057,0.13200521,0.0,0.0,0.0,0.0,0.0,1.2013854,0.0,1.4914081,1.4683261,0.0,0.48796755,0.0,1.4745176,1.0180514,0.9137403,0.34025607,0.0,0.0840515,0.21063457,0.20059991,0.43970826,0.2847888,0.32747737,0.47444692,0.02506841,0.0,0.0,0.17270938,0.60988224,0.18261869,0.006180048,0.5859,0.0,0.10291154,0.0,0.0,0.0,0.0,0.34740794,0.24632868,0.0,0.0,0.0,0.49598968,0.0,0.0,0.0,0.0,0.0,-0.3302996,-0.1603411,0.11271993
-0.033306386,0.5339996,-0.5243706,0.0,0.0,0.0,0.0,0.13982245,0.21612531,0.11291301,0.027183771,0.4735066,0.27932158,0.06419346,0.7018554,0.0,0.30218387,0.5401972,0.0,0.0,0.0,0.0,0.0,0.0,0.8134349,0.0,0.0,0.5100625,0.57529944,0.0,0.13698894,0.24119723,0.0,0.0,0.38372353,0.0,0.0,0.0,0.1893676,0.1873203,0.44383073,0.0,0.059143715,0.0,0.0,0.4018576,0.43751025,0.0,0.24407019,0.14080499,0.10754589,0.0,0.36366645,0.0,0.0279634,0.0,0.30560586,0.20333311,0.049534336,0.0,0.0,0.35632327,0.0,0.11673075,0.0,0.2939319,0.0,-0.23644236,-0.09663619,0.06688873
0.58587945,0.4169524,-0.65320355,0.0,0.0,0.0,0.0,0.0,0.3447285,0.0,0.0,0.44567558,0.174933,0.0,0.90447813,0.0,0.18379788,0.6122631,0.0,0.0,0.13890328,0.0,0.0,0.0,1.0364921,0.033337533,0.0016426146,0.30409038,0.65675884,0.0,0.1364192,0.4085039,0.0,0.0,0.33027473,0.0,0.0,0.0,0.2132805,0.1511773,0.49301422,0.0,0.0,0.0,0.0,0.35708,0.50228506,0.0,0.26224828,0.2031222,0.16910069,0.0,0.39140725,0.0,0.079954684,0.0,0.30305865,0.254935,0.061452217,0.0,0.0,0.33029902,0.0,0.054041035,0.0,0.3596233,0.03925464,-0.23679581,-0.10619211,0.084739804
0.38708755,-0.6536066,0.67480665,0.0,0.0,0.0,0.0,0.0,0.0,0.0,0.5900966,0.21352437,0.08088502,0.5344639,0.2974707,0.0,0.0,0.5449552,0.0,0.017037243,0.066914365,0.0,0.4515595,0.49801746,0.27781674,0.29145512,1.150276,0.13334748,0.0,0.18233529,0.9081483,0.55647653,0.0,0.35771087,0.5109093,0.5018809,0.0,0.56366277,0.03703527,0.047090456,0.0,0.0,0.2246425,0.0,0.0,0.0,0.0,0.0,0.0,0.28076512,0.26552385,0.0,0.0,0.0,0.32449126,0.21272339,0.15110548,0.0,0.007613916,0.0,0.0,0.0,0.0,0.3404202,0.0,0.03625845,0.0,0.32933867,0.17120214,-0.10180712
1.5374612,-2.5231867,-0.64386135,0.16513705,0.0,0.47910455,0.0,0.0,0.0,0.0,0.06972329,0.059845835,0.808925,0.41012883,0.9130604,0.750371,0.26614463,0.113994986,0.0,0.0,0.0,0.0,0.0,1.6363122,0.0,1.8818547,1.9523087,0.0,0.43118227,0.09244284,1.7460307,1.2436695,1.1891782,0.5573579,0.0,0.099868186,0.30655575,0.331936,0.49861956,0.35326698,0.26670367,0.5850921,0.0,0.0,0.0,0.08527648,0.6477435,0.2336583,0.0,0.68708235,0.0,0.15179923,0.0,0.0,0.0,0.0,0.35131186,0.2578519,0.0,0.0,0.0,0.5148021,0.0,0.0,0.0,0.0,0.0,-0.33177844,-0.15571542,0.11316166
-1.2565007,1.6253446,-0.54342324,0.0,0.1159125,0.0,0.6186151,0.9895288,0.31374484,1.1238952,0.009929121,0.6533334,0.3155183,0.27367508,0.46892947,0.0,0.56169075,0.5528244,0.0,0.0,0.0,0.0,0.0,0.0,0.8828087,0.0,0.0,1.0638824,0.63275385,0.0,0.0,0.0,0.0,0.0,0.6556939,0.0,0.0,0.1584566,0.3324872,0.27977395,0.59003174,0.0,0.29048276,0.0,0.26878336,0.46489367,0.58598495,0.22630616,0.3833896,0.14187235,0.0,0.0,0.40002382,0.0,0.0,0.03158164,0.3323833,0.0,0.0,0.0,0.12273533,0.5510237,0.0,0.23945561,0.0,0.29933327,0.0,-0.28350234,-0.22582515,0.1380774
0.107345656,0.5389761,0.47593883,0.0,0.0,0.0,0.0,0.14599514,0.0,0.0,0.454822,0.38247308,0.0,0.17950468,0.3908564,0.0,0.0,0.7353163,0.0,0.13678716,0.3480113,0.0,0.34664235,0.0,0.8494626,0.0,0.30250278,0.41571712,0.059131205,0.0,0.22563058,0.24654436,0.0,0.0,0.7981545,0.3570488,0.0,0.28368074,0.035591815,5.2705407e-05,0.21312897,0.0,0.15003464,0.05921154,0.0,0.06607706,0.0,0.0,0.055298716,0.009617209,0.24349359,0.0,0.21713716,0.0,0.14120574,0.10639587,0.10809772,0.0,0.18469666,0.0,0.0,0.08508711,0.0,0.37487215,0.0,0.1291062,0.0,0.25739947,0.15388952,-0.050048985
-1.7335808,1.9914924,0.4706961,0.0,0.37684205,0.0,0.8703784,1.3264451,0.017422006,0.8865654,0.44848952,0.6287173,0.0,0.57293993,0.016257435,0.0,0.14295901,0.71392953,0.0,0.39937204,0.19409773,0.0,0.0,0.0,0.84240973,0.0,0.0,1.2186573,0.116677,0.0,0.0,0.0,0.0,0.0,1.1557648,0.35016614,0.0,0.5220307,0.17984864,0.08279013,0.32937488,0.0,0.4216373,0.07987538,0.30043533,0.086143196,0.12521307,0.0,0.3258589,0.0,0.0,0.0,0.34394142,0.0,0.0,0.16191666,0.150023,0.0,0.14440393,0.0,0.0,0.4161631,0.0,0.4482055,0.0,0.057513706,0.0,0.19661717,0.03257568,0.0048082042
0.6015482,-0.51165104,0.13402358,0.0,0.0,0.0,0.0,0.0,0.0,0.0,0.34087348,0.2680045,0.17120585,0.2648452,0.5562064,0.0,0.0,0.5298694,0.0,0.0,0.036435828,0.0,0.22232331,0.41502693,0.47734603,0.37892568,0.8890172,0.11549494,0.16484688,0.0,0.75136065,0.5883847,0.0,0.081220746,0.35050464,0.26952046,0.0,0.31334934,0.23387581,0.12677702,0.22059858,0.0,0.20888561,0.0,0.0,0.12767255,0.17194262,0.0,0.029515564,0.31027672,0.19797912,0.0,0.06694317,0.0,0.22228925,0.11141382,0.21814066,0.08043644,0.0101015195,0.0,0.0,0.109122865,0.0,0.23285942,0.0,0.058629856,0.0,0.06207047,0.0202782,-0.031186715
0.65113217,0.2507048,0.4134558,0.0,0.0,0.0,0.0,0.0,0.0,0.0,0.42193475,0.33182436,0.0,0.0,0.5356268,0.0,0.0,0.7637973,0.0,0.056849673,0.42679614,0.0,0.4769668,0.06736123,0.93564355,0.0,0.60395783,0.20356788,0.0879281,0.0,0.3371629,0.43139273,0.0,0.0,0.71196663,0.34275547,0.0,0.29335862,0.08645874,0.033838704,0.20727763,0.0,0.16836704,0.0,0.0,0.059677303,0.0,0.0,0.04424812,0.091666624,0.27940893,0.0,0.20536274,0.0,0.17751488,0.14973193,0.0914248,0.012660978,0.13361491,0.0,0.0,0.01858291,0.0,0.37860227,0.0,0.13063201,0.0,0.23896609,0.1287653,-0.0686874
-0.70985985,0.80924195,-0.5974064,0.0,0.0,0.0,0.2928197,0.43606782,0.18748087,0.5079616,0.006984234,0.5396429,0.4261931,0.29555866,0.5674468,0.0,0.52220786,0.46021688,0.0,0.0,0.0,0.0,0.0,0.0,0.66244185,0.0,0.0,0.7687907,0.61084795,0.0,0.030580759,0.03264916,0.0,0.0,0.40310997,0.0,0.0,0.0002458766,0.22441849,0.24577402,0.4793203,0.0,0.12997921,0.0,0.10692097,0.46426073,0.49591482,0.07164998,0.2494186,0.11973323,0.0,0.0,0.32958817,0.0,0.0,0.022137389,0.31936318,0.08716349,0.0,0.0,0.03751757,0.4036948,0.0,0.1490334,0.0,0.27674073,0.0,-0.28501758,-0.14755744,0.09713713
0.4985079,-1.2196363,-0.58853287,0.0,0.0,0.0,0.0,0.0,0.0,0.0,0.06721835,0.2508189,0.69425815,0.45557344,0.72166926,0.08992112,0.3989293,0.22442311,0.0,0.0,0.0,0.0,0.0,0.66064215,0.040162623,0.9274061,0.9239689,0.07518414,0.4757427,0.0,1.0929438,0.7330444,0.47675982,0.096938744,0.0,0.06550418,0.022067294,0.117209926,0.34081924,0.20410061,0.35896719,0.23629549,0.052584864,0.0,0.0,0.22658846,0.4761817,0.09195283,0.050028503,0.45915967,0.0,0.0,0.0,0.0,0.034675263,0.007727243,0.33387515,0.19311291,0.0,0.0,0.0,0.369768,0.0,0.0,0.0,0.1159054,0.0,-0.28371155,-0.12058893,0.0848336
-0.054818995,0.3315897,0.50230217,0.0,0.0,0.0,0.0,0.07581721,0.0,0.0,0.48263115,0.3623466,0.0,0.3493635,0.32049876,0.0,0.0,0.65971637,0.0,0.115989104,0.21671899,0.0,0.28466484,0.0,0.65256,0.0,0.3809999,0.43323112,0.020732507,0.0,0.36204252,0.2532141,0.0,0.0,0.73250175,0.3537268,0.0,0.32186726,0.016059054,0.012554079,0.16173445,0.0,0.18058783,0.029026348,0.0,0.078009225,0.0,0.0,0.025596142,0.0367288,0.20158167,0.0,0.16545638,0.0,0.1737638,0.10150876,0.13841176,0.01090391,0.13819472,0.0,0.0,0.07551886,0.0,0.35778463,0.0,0.09669759,0.0,0.25395513,0.15599513,-0.05142209
-0.81854457,0.5031525,0.18752018,0.0,0.0,0.0,0.3193398,0.32924765,0.0,0.0,0.36618176,0.44056404,0.26479235,0.6202905,0.23832,0.0,0.1929662,0.49831423,0.0,0.03154728,0.0,0.0,0.0,0.0,0.4084794,0.0,0.0,0.7156147,0.16991623,0.0,0.29788995,0.05306247,0.0,0.0,0.6156043,0.24698605,0.0,0.23120189,0.091392785,0.095344685,0.23961428,0.0,0.19990751,0.061830837,0.018581014,0.2216658,0.1300042,0.0,0.11886534,0.052611858,0.01930128,0.0,0.2119616,0.0416845,0.12344156,0.06522844,0.19340074,0.042279676,0.12848876,0.0,0.0,0.19549182,0.0,0.28357422,0.0,0.07062854,0.0,0.09749504,0.050559495,-0.0058301464
1.2079151,-0.7281826,-0.9000844,0.0,0.0,0.0,0.0,0.0,0.19118544,0.0,0.0,0.30672535,0.4380142,0.0,1.0632994,0.27806413,0.2638442,0.42554215,0.0,0.0,0.0,0.0,0.0,0.5684314,0.6655305,0.8608752,0.7243233,0.0,0.7096182,0.0,0.7151588,0.79667956,0.5774542,0.0,0.0,0.0,0.13121048,0.0,0.38427973,0.2083445,0.46170485,0.004309967,0.0,0.0,0.0,0.27978715,0.6717933,0.09965442,0.1692027,0.44323796,0.0131514,0.029271804,0.21449274,0.0,0.0,0.0,0.33883932,0.26127166,0.0,0.0,0.0,0.5057689,0.0,0.0,0.0,0.18956877,0.0,-0.36437398,-0.23412128,0.11665169
-0.16951062,0.56543463,0.38993824,0.0,0.0,0.0,0.0,0.22021076,0.0,0.0,0.42656475,0.4042024,0.0,0.2969324,0.34826365,0.0,0.0,0.67315495,0.0,0.11145611,0.22676168,0.0,0.19937797,0.0,0.7392551,0.0,0.16265352,0.51112634,0.095397815,0.0,0.22586513,0.18082945,0.0,0.0,0.75563824,0.31779927,0.0,0.26461995,0.045907944,0.010977134,0.23142067,0.0,0.16086045,0.067468494,0.0,0.10514199,0.0029803514,0.0,0.06867546,0.01917874,0.2014786,0.0,0.21529636,0.0052211173,0.1490059,0.06487866,0.15127108,0.008888563,0.17344427,0.0,0.0,0.15005094,0.0,0.33370924,0.0,0.123590864,0.0,0.21225509,0.13544661,-0.027886717
-0.0487374,0.35754484,0.3196918,0.0,0.0,0.0,0.0,0.08143778,0.0,0.0,0.40204042,0.38084292,0.026572302,0.30136555,0.38810033,0.0,0.0,0.6365556,0.0,0.048080653,0.17303024,0.0,0.18146627,0.0,0.6763652,0.0,0.28462577,0.4446352,0.118577644,0.0,0.3275978,0.25370714,0.0,0.0,0.66736245,0.2806046,0.0,0.26009706,0.06422202,0.047412217,0.22750148,0.0,0.1723304,0.005907763,0.0,0.13448869,0.043817267,0.0,0.059313253,0.06676771,0.17789178,0.0,0.20153815,0.0,0.17283483,0.062156975,0.1840207,0.045841664,0.121106416,0.0,0.0,0.13080235,0.0,0.31771463,0.0,0.113797285,0.0,0.16249202,0.10493223,-0.025668982
1.6604577,-2.8808036,-0.41786063,0.30022442,0.0,0.6602739,0.0,0.0,0.0,0.0,0.18086699,0.0,0.80039406,0.5278895,0.8375133,0.8164569,0.15759575,0.09223679,0.0,0.0,0.0,0.0,0.05152379,1.8886355,0.0,2.055834,2.2948432,0.0,0.28665078,0.35421786,1.9645293,1.3412092,1.2474492,0.7843534,0.0,0.16293773,0.30920982,0.49377194,0.46602097,0.36968875,0.14845903,0.59070575,0.0,0.0,0.0,0.0,0.58994025,0.20745729,0.0,0.74244237,0.0,0.11417868,0.0,0.0,0.0,0.044908203,0.3652679,0.25282192,0.0,0.0,0.0,0.37876886,0.0,0.054782942,0.0,0.0,0.0,-0.24654418,-0.08754803,0.07084083
0.46407416,-0.16365941,0.109513655,0.0,0.0,0.0,0.0,0.0,0.0,0.0,0.3179921,0.31668845,0.11244017,0.19671044,0.55664974,0.0,0.0,0.5801005,0.0,0.0,0.107523486,0.0,0.19153382,0.189967,0.61717737,0.16070463,0.63973534,0.21371906,0.20278025,0.0,0.56060743,0.48453563,0.0,0.0,0.44459948,0.21378991,0.0,0.25066224,0.18190424,0.10979627,0.24977748,0.0,0.1941034,0.0,0.0,0.15840477,0.14931141,0.0,0.06806317,0.21981815,0.1805945,0.0,0.15265541,0.0,0.20189247,0.086073995,0.20933214,0.09015338,0.04074432,0.0,0.0,0.12872326,0.0,0.2504692,0.0,0.110249914,0.0,0.05659507,0.031268917,-0.018965378
0.57121545,-1.2921618,0.26339036,0.0,0.0,0.13465372,0.0,0.0,0.0,0.0,0.43700722,0.16615283,0.37886152,0.60805863,0.43766943,0.0,0.0,0.36351603,0.0,0.0,0.0,0.0,0.21422364,0.8313849,0.004278779,0.78463465,1.3775327,0.0,0.027535766,0.18964538,1.2167746,0.7432261,0.1510967,0.45099828,0.14966238,0.41390246,0.013927918,0.48252788,0.21439941,0.15078478,0.09330558,0.0610194,0.19311932,0.0,0.0,0.034663722,0.17361572,0.0,0.0,0.45512885,0.116133235,0.0,0.0,0.0,0.26715532,0.15860218,0.24445245,0.05601207,0.0,0.0,0.0,0.0,0.0,0.2222106,0.0,0.040974434,0.0,0.13014176,0.06576951,-0.053321928
0.110501856,-0.48991263,0.53160787,0.0,0.0,0.0,0.0,0.0,0.0,0.0,0.5302075,0.2563264,0.1668269,0.5876209,0.2863865,0.0,0.0,0.50532067,0.0,0.0,0.0,0.0,0.28356722,0.31344262,0.24954525,0.17784469,0.90718216,0.25280428,0.0,0.056691825,0.8234178,0.46326664,0.0,0.24915293,0.48947555,0.40390027,0.0,0.4787052,0.05245328,0.07552341,0.06726971,0.0,0.22610505,0.0,0.0,0.06780712,0.0,0.0,0.0,0.22555086,0.17455178,0.0,0.0,0.0,0.28998947,0.16082099,0.19301745,0.029133132,0.010028556,0.0,0.0,0.0,0.0,0.3336147,0.0,0.03118889,0.0,0.24919754,0.13678667,-0.077232845
-1.6515639,0.114166625,1.3341967,0.0,0.0,0.0,0.7002716,0.35816777,0.0,0.0,0.9131051,0.33001402,0.21659914,1.422963,0.0,0.0,0.0,0.435989,0.0,0.43355364,0.0,0.0,0.18447107,0.0,0.0,0.0,0.39078242,0.8586514,0.0,0.40530387,0.7143263,0.0,0.0,0.39681247,0.90517896,0.6600374,0.0,0.62049913,0.0,0.0,0.0,0.0,0.15251291,0.0038615316,0.18598966,0.0,0.0,0.0,0.0,0.0,0.030205473,0.0,0.0,0.0,0.2627934,0.17730662,0.08407377,0.0,0.17493078,0.0,0.0,0.0,0.0,0.4442892,0.14241302,0.102199614,0.0,0.39611566,0.19021599,-0.040755466
-0.95497686,1.003831,-0.31610793,0.0,0.0,0.0,0.42519677,0.6039626,0.11138395,0.5296821,0.12818235,0.5483491,0.3352721,0.4011674,0.41915897,0.0,0.43010163,0.5045893,0.0,0.0,0.0,0.0,0.0,0.0,0.6531469,0.0,0.0,0.86152244,0.47141019,0.0,0.0,0.0,0.0,0.0,0.5651601,0.06502588,0.0,0.11309306,0.22315589,0.21451545,0.42738664,0.0,0.20520797,0.010007102,0.12678677,0.3931064,0.40093416,0.03624949,0.2340663,0.0829428,0.0,0.0,0.3121172,0.0,0.0,0.057281755,0.27834672,0.0,0.056177154,0.0,0.0044710785,0.37352848,0.0,0.23588659,0.0,0.19660647,0.0,-0.17072582,-0.08246295,0.06771191
0.33077934,-0.95224583,0.036662,0.0,0.0,0.0,0.0,0.0,0.0,0.0,0.33080256,0.23542842,0.42912343,0.55813724,0.4802454,0.0,0.09420813,0.35811418,0.0,0.0,0.0,0.0,0.026461942,0.55417585,0.09814614,0.5978028,1.008311,0.13735563,0.16624641,0.0,1.0187395,0.6230206,0.075481,0.23662326,0.15332472,0.27001014,0.0,0.34201142,0.2600749,0.17569251,0.23453772,0.03291876,0.17902872,0.0,0.0,0.15012997,0.24001361,0.0,0.0040349066,0.3965685,0.056634802,0.0,0.0,0.0,0.23444511,0.09794971,0.28069088,0.1338489,0.0,0.0,0.0,0.13787082,0.0,0.1604894,0.0,0.027906101,0.0,-0.008828133,-0.017601013,0.0020860527
0.6134234,0.6634844,0.31450164,0.0,0.0,0.0,0.0,0.089201555,0.1275759,0.0,0.35987133,0.3904916,0.0,0.0,0.5944532,0.0,0.0,0.83620465,0.0,0.085499436,0.53730196,0.0,0.44400275,0.0,1.1618834,0.0,0.3149964,0.28427288,0.1743609,0.0,0.092589825,0.33818012,0.0,0.0,0.80267704,0.31999135,0.0,0.18054786,0.07869754,0.0,0.29556102,0.0,0.08456159,0.049625877,0.0,0.063389845,0.06746104,0.0,0.09373814,0.04547052,0.30308634,0.0,0.28253204,0.0,0.11942483,0.08552304,0.1067728,0.023748593,0.1872962,0.0,0.0,0.08478871,0.0,0.3537949,0.0,0.2103185,0.0,0.19144604,0.11531739,-0.036000855
-0.064707726,0.44090444,0.21846446,0.0,0.0,0.0,0.0,0.12500724,0.0,0.0,0.3546403,0.40000743,0.042693555,0.2580653,0.4261023,0.0,0.0,0.63602364,0.0,0.0219481,0.16738082,0.0,0.12385197,0.0,0.720786,0.0,0.18646409,0.4676949,0.1781119,0.0,0.27050453,0.23505387,0.0,0.0,0.65233195,0.2425505,0.0,0.21851254,0.0921946,0.06031438,0.27496183,0.0,0.16128616,0.008562528,0.0,0.16300735,0.09779277,0.0,0.086041465,0.07172307,0.17058483,0.0,0.23202527,0.0,0.1628565,0.03859991,0.20368128,0.058731064,0.12640564,0.0,0.0,0.17160437,0.0,0.297886,0.0,0.12983143,0.0,0.112388596,0.076972716,-0.0069273673
1.7106512,-1.9233313,-2.1762505,0.0,0.0,0.0,0.0,0.0,0.31632036,0.0,0.0,0.2551248,1.1352118,0.0,1.5452551,1.0645065,0.9212457,0.032544404,0.0,0.0,0.0,0.0,0.0,1.1718329,0.24312687,1.932635,0.9666375,0.0,1.2906587,0.0,1.2262912,1.1945608,1.6662295,0.0,0.0,0.0,0.37226474,0.0,0.48824748,0.28868014,0.5389411,0.5754928,0.0,0.0,0.0,0.29809466,1.0483304,0.48552555,0.23655526,0.5473935,0.0,0.242495,0.25497964,0.0,0.0,0.0,0.40771937,0.45101824,0.0,0.0,0.0,1.0180204,0.0,0.0,0.0,0.011580408,0.0,-0.5177854,-0.39120477,0.1881826
-0.17271411,0.7137783,-0.03476935,0.0,0.0,0.0,0.01095099,0.2832053,0.09236925,0.0,0.2353807,0.45829052,0.08350095,0.16019632,0.508142,0.0,0.07014878,0.6364157,0.0,0.0,0.15161383,0.0,0.0,0.0,0.8378457,0.0,0.0,0.5567002,0.33000612,0.0,0.0966388,0.15948184,0.0,0.0,0.6314572,0.12824222,0.0,0.11200409,0.1512884,0.090121254,0.36452746,0.0,0.12245629,0.0179152,0.0,0.24075232,0.22139627,0.0,0.17477606,0.08054891,0.16291143,0.0,0.30470818,0.0,0.11826359,0.0,0.23185903,0.09612782,0.13555759,0.0,0.0,0.28488812,0.0,0.2499239,0.0,0.18082705,0.0054536313,-0.015073851,0.009132862,0.02943162
-1.4718655,0.41087323,0.50035185,0.0,0.0,0.0,0.6380369,0.44205403,0.0,0.0,0.530553,0.42930967,0.37741965,1.0556061,0.0,0.0,0.25549254,0.40141535,0.0,0.15007646,0.0,0.0,0.0,0.0,0.041701943,0.0,0.0,0.8905685,0.0,0.0,0.44107914,0.0,0.0,0.0,0.6740474,0.39367026,0.0,0.3517404,0.024598982,0.06470795,0.11124115,0.0,0.25392133,0.10852364,0.14595366,0.14939445,0.0,0.0,0.080249324,0.0119159,0.0,0.0,0.12484136,0.09488146,0.14173889,0.13272314,0.113830164,0.0,0.13974291,0.0,0.0,0.10005085,0.0,0.32034233,0.0,0.0,0.0,0.24962837,0.10320453,-0.039823443
-0.93905467,1.9086308,-0.028474463,0.0,0.24040386,0.0,0.47167355,1.0831261,0.30659598,0.91030127,0.2069313,0.629614,0.0,0.096619606,0.39850366,0.0,0.1545299,0.766525,0.0,0.17667975,0.31175643,0.0,0.0,0.0,1.1785821,0.0,0.0,0.98177266,0.40139484,0.0,0.0,0.0,0.0,0.0,0.97384024,0.08637838,0.0,0.28993815,0.27095005,0.113234535,0.55307543,0.0,0.2877905,0.0,0.12947254,0.22974503,0.3488708,0.0,0.37602454,0.08028264,0.06641756,0.0,0.40142587,0.0,0.0,0.010101475,0.23656902,0.0,0.0035762563,0.0,0.0,0.5064448,0.0,0.3673569,0.0,0.26090333,0.0,-0.07589728,-0.061442003,0.07618258
0.78107876,-0.921538,1.2949051,0.21900094,0.0,0.0946717,0.0,0.0,0.0,0.0,0.8573154,0.112718344,0.0,0.5514417,0.16499838,0.0,0.0,0.6625808,0.0,0.2119825,0.30491364,0.0,0.93327594,0.8336915,0.28448492,0.3762082,1.7067428,0.0,0.0,0.61149645,1.092072,0.6860926,0.0,0.68672943,0.6985438,0.7272859,0.0,0.84953046,0.0,0.0,0.0,0.0,0.12049575,0.0,0.0,0.0,0.0,0.0,0.0,0.30063236,0.41907316,0.0,0.0,0.0,0.39470375,0.4053199,0.024382323,0.0,0.0051397234,0.0,0.0,0.0,0.0,0.41502634,0.0,0.17866018,0.0,0.47589606,0.24680708,-0.11659373
1.9809078,-2.332993,-1.2340646,0.07522431,0.0,0.27518025,0.0,0.0,0.0,0.0,0.0,0.11497064,0.83240783,0.0,1.2549889,1.000799,0.4018269,0.14660311,0.0,0.0,0.0,0.0,0.0,1.5879991,0.09948641,1.9984382,1.7120786,0.0,0.77352524,0.0,1.5361618,1.3181553,1.4651569,0.23108712,0.0,0.0,0.38676214,0.10322294,0.57427007,0.35524398,0.3833459,0.6445499,0.0,0.0,0.0,0.16106917,0.7918928,0.3469774,0.042257532,0.66479796,0.0,0.25881547,0.09772706,0.0,0.0,0.0,0.33846313,0.28312927,0.0,0.0,0.0,0.79133177,0.0,0.0,0.0,0.0,0.0,-0.46319503,-0.2727219,0.15645526
-0.35733706,-0.1158704,-1.0486311,0.0,0.0,0.0,0.0618651,0.0,0.11099648,0.10984957,0.0,0.45509708,0.77796024,0.38512003,0.74315715,0.0,0.7656219,0.23819536,0.0,0.0,0.0,0.0,0.0,0.0,0.30127668,0.24179329,0.0,0.538033,0.7790483,0.0,0.48518974,0.3188468,0.09683782,0.0,0.0,0.0,0.0,0.0,0.17507987,0.28138012,0.45366484,0.033262797,0.0,0.0,0.0665264,0.48119685,0.54092765,0.010535479,0.22210903,0.22304136,0.0,0.0,0.2409915,0.0,0.0,0.0,0.33600542,0.3143024,0.0,0.0,0.015701212,0.3894903,0.0,0.0,0.0,0.3210163,0.0,-0.35678446,-0.17193572,0.107503615
-2.7862148,0.80169004,0.42812505,0.0,0.10797119,0.0,1.3235381,0.94491947,0.0,0.4716367,0.52866185,0.534854,0.68232894,1.5741702,0.0,0.0,0.6662984,0.22408336,0.0,0.20549114,0.0,0.0,0.0,0.0,0.0,0.0,0.0,1.3674055,0.0,0.0,0.32443076,0.0,0.0,0.0,0.693537,0.42646787,0.0,0.42610213,0.12160732,0.16654386,0.10027478,0.12643349,0.3587644,0.16323057,0.4208509,0.26400948,0.15395974,0.0,0.1704825,0.005882807,0.0,0.0,0.11840497,0.1524872,0.0,0.2442459,0.12898962,0.0,0.1421358,0.0,0.0,0.15564232,0.0,0.32180092,0.0,0.0,0.0,0.16176431,0.04543159,-0.029801967
-0.3687074,0.45604584,-0.7714066,0.0,0.0,0.0,0.100963466,0.16716713,0.20055029,0.30067617,0.0,0.4991378,0.49803734,0.22193581,0.6909757,0.0,0.54907227,0.41546404,0.0,0.0,0.0,0.0,0.0,0.0,0.6203984,0.0,0.0,0.6159135,0.6841376,0.0,0.18576148,0.18843772,0.0,0.0,0.23901133,0.0,0.0,0.0,0.194905,0.25677273,0.4663186,0.0,0.05566454,0.0,0.031431254,0.47725612,0.511363,0.012774743,0.24343733,0.16074415,0.0,0.0,0.32827964,0.0,0.0,0.0,0.33870867,0.21113901,0.0,0.0,0.03447909,0.3790546,0.0,0.05814261,0.0,0.3157866,0.0,-0.31338933,-0.14679815,0.097001426
-0.76704973,1.4489435,1.2727869,0.0,0.26914504,0.0,0.34187502,0.85022634,0.0,0.0,0.78692365,0.45670748,0.0,0.43317682,0.0,0.0,0.0,0.9095261,0.0,0.6125904,0.60153097,0.0,0.5903771,0.0,0.9487051,0.0,0.0,0.7904078,0.0,0.0,0.0,0.0,0.0,0.0,1.3621739,0.6235316,0.0,0.49246302,0.0,0.0,0.07328999,0.0,0.13025747,0.32426277,0.09112631,0.0,0.0,0.0,0.13756673,0.0,0.297199,0.0,0.2785147,0.1409848,0.02745451,0.2381518,0.0,0.0,0.41672152,0.0,0.0,0.12564641,0.0,0.51589406,0.0,0.0980961,0.0,0.4532397,0.21251671,-0.120051675
-0.4834873,0.31255534,0.3170328,0.0,0.0,0.0,0.13758764,0.15752777,0.0,0.0,0.41931325,0.39339674,0.17456019,0.544539,0.26774654,0.0,0.043065466,0.5408058,0.0,0.046458572,0.0,0.0,0.020219455,0.0,0.44862685,0.0,0.17430775,0.574334,0.09881586,0.0,0.39153284,0.16545929,0.0,0.0,0.62627107,0.26037064,0.0,0.27174833,0.07221029,0.07759371,0.21742289,0.0,0.19968134,0.007885005,0.0,0.18158314,0.08551832,0.0,0.0809387,0.06076859,0.07530728,0.0,0.18513939,0.0,0.16305663,0.056381293,0.22149397,0.06453761,0.10252148,0.0,0.0,0.1541024,0.0,0.30496836,0.0,0.07573788,0.0,0.124746315,0.08055153,-0.017837841
-0.2771317,-0.18647839,-0.12650473,0.0,0.0,0.0,0.0070550814,0.0,0.0,0.0,0.24451885,0.36432317,0.43362117,0.5463245,0.43682024,0.0,0.27255303,0.39088458,0.0,0.0,0.0,0.0,0.0,0.0,0.26773465,0.08308443,0.31531182,0.4549642,0.29465988,0.0,0.6145479,0.32853836,0.0,0.0,0.29827434,0.07327654,0.0,0.16974828,0.11216511,0.16414432,0.27769852,0.0,0.14252278,0.0,0.0,0.27744845,0.19488943,0.0,0.10565184,0.17495304,0.0,0.0,0.13151662,0.0,0.13376813,0.06129025,0.26969108,0.19335479,0.0,0.0,0.0,0.20514263,0.0,0.14585637,0.0,0.1583659,0.0,-0.084603265,-0.022773668,0.021628054
0.5094362,0.6443359,-0.6100772,0.0,0.0,0.0,0.0,0.06993331,0.38655058,0.082318425,0.0,0.4718641,0.11050326,0.0,0.8877262,0.0,0.15569147,0.6575413,0.0,0.0,0.2084786,0.0,0.0,0.0,1.1321692,0.0,0.0,0.36105648,0.6512022,0.0,0.016741335,0.34216604,0.0,0.0,0.4164632,0.0,0.0,0.0,0.21505693,0.13641831,0.507804,0.0,0.0013581365,0.0,0.0,0.34589973,0.4970683,0.0,0.25898838,0.18605652,0.18917117,0.0,0.40357864,0.0,0.06702255,0.0,0.31233472,0.2161944,0.058574963,0.0,0.0,0.34775844,0.0,0.08413084,0.0,0.3669257,0.036335565,-0.2300716,-0.09295024,0.0852659
-1.2991539,1.1243037,0.848412,0.0,0.15821198,0.0,0.59295964,0.7874938,0.0,0.018448114,0.63919187,0.47647783,0.0,0.7552176,0.0,0.0,0.0,0.65938264,0.0,0.40066737,0.14841023,0.0,0.11893907,0.0,0.52638346,0.0,0.0,0.92891693,0.0,0.0,0.051322967,0.0,0.0,0.0,1.0547373,0.50789857,0.0,0.42249128,0.0,0.0,0.07588678,0.0,0.24171768,0.18719111,0.08906627,0.0,0.0,0.0,0.14775656,0.0,0.119014084,0.0,0.23627684,0.1395093,0.10999991,0.13462308,0.034099482,0.0,0.31262508,0.0,0.0,0.17469323,0.0,0.4289109,0.0,0.0,0.0,0.3993953,0.15522653,-0.08206045
1.5801297,-1.7971765,-1.869218,0.0,0.0,0.0,0.0,0.0,0.23416945,0.0,0.0,0.2489107,1.0213414,0.0,1.4132447,0.91140854,0.7879006,0.08760291,0.0,0.0,0.0,0.0,0.0,1.1082867,0.2462667,1.7642416,0.99607444,0.0,1.1363075,0.0,1.1970634,1.1307845,1.4611576,0.0,0.0,0.0,0.32365632,0.0,0.48342904,0.28021467,0.5113447,0.5155398,0.0,0.0,0.0,0.28394654,0.9452303,0.41540736,0.20327811,0.53862894,0.0,0.2124533,0.22205868,0.0,0.0,0.0,0.38804132,0.39747062,0.0,0.0,0.0,0.90901935,0.0,0.0,0.0,0.011142328,0.0,-0.48613244,-0.3534317,0.17015912
1.152986,-0.1613796,0.3939534,0.0,0.0,0.0,0.0,0.0,0.0,0.0,0.41540298,0.26459482,0.0,0.0,0.64371306,0.0,0.0,0.762386,0.0,0.0,0.45631397,0.0,0.60599583,0.4258063,0.92884684,0.2284315,0.9817226,0.0,0.08175109,0.0,0.5281284,0.6318844,0.0,0.011695087,0.6008228,0.43068758,0.0,0.34870625,0.19610143,0.044622794,0.1803878,0.0,0.20563522,0.0,0.0,0.0,0.024615139,0.0,0.0,0.25098634,0.34768173,0.0,0.124812715,0.0,0.21335778,0.20959261,0.090533115,0.0,0.088469416,0.0,0.0,0.0,0.0,0.3330694,0.0,0.0779601,0.0,0.24501444,0.103275284,-0.09193622
0.08964472,-0.031379294,0.5267813,0.0,0.0,0.0,0.0,0.0,0.0,0.0,0.5059873,0.31161705,0.030241027,0.41966575,0.32070568,0.0,0.0,0.60735196,0.0,0.06440349,0.14264701,0.0,0.31652203,0.066963084,0.5072428,0.0,0.64084494,0.3304979,0.0,0.0,0.56079835,0.36180153,0.0,0.061187208,0.633981,0.36284462,0.0,0.38916275,0.018236112,0.036777243,0.105421156,0.0,0.21475118,0.0,0.0,0.07456444,0.0,0.0,0.0,0.10757634,0.19120052,0.0,0.09433216,0.0,0.2334739,0.13487463,0.14430758,0.021410583,0.07886962,0.0,0.0,0.024100004,0.0,0.35744005,0.0,0.07212247,0.0,0.26180762,0.15435746,-0.06549497
-0.8562821,1.2569093,1.9800038,0.0,0.31215897,0.0,0.36673796,0.79572624,0.0,0.0,1.1060524,0.376954,0.0,0.6887446,0.0,0.0,0.0,0.9650737,0.0,0.8617298,0.711471,0.0,0.95793056,0.0,0.7727235,0.0,0.2903217,0.7527163,0.0,0.25530627,0.053497225,0.0,0.0,0.14066863,1.5811155,0.8450171,0.0,0.6526835,0.0,0.0,0.0,0.0,0.025487654,0.3427187,0.1870381,0.0,0.0,0.0,0.0,0.0,0.4090774,0.0,0.16622213,0.11116426,0.014210179,0.356799,0.0,0.0,0.4796721,0.0,0.0,0.0,0.0,0.5993753,0.0,0.15908813,0.0,0.52761143,0.28779435,-0.14408904
1.1701752,0.8895778,-1.778177,0.0,0.0,0.0,0.0,0.004679233,0.95744157,0.73270756,0.0,0.57430136,0.26464638,0.0,1.494867,0.10556632,0.5121937,0.649176,0.06771228,0.0,0.19445078,0.0,0.0,0.0,1.6189699,0.14204812,0.0,0.25098455,1.3086435,0.0,0.0,0.46849847,0.35818407,0.0,0.06181237,0.0,0.0,0.0,0.25919744,0.21423827,0.7461474,0.0,0.0,0.0,0.0,0.536356,1.1104743,0.17630522,0.37823415,0.35623085,0.16840748,0.0,0.48917615,0.0,0.0,0.0,0.5730966,0.38747162,0.0,0.0,0.0,0.60773754,0.0,0.0,0.0,0.7299943,0.0,-0.53638196,-0.26082593,0.17269473
1.0885341,-0.88280183,0.29591924,0.032929868,0.0,0.0,0.0,0.0,0.0,0.0,0.41139293,0.19062074,0.0795469,0.18624751,0.6003221,0.0,0.0,0.56529754,0.0,0.0,0.13105956,0.0,0.45700458,0.771546,0.4816886,0.64687836,1.3222959,0.0,0.066987306,0.0053282976,0.93891454,0.7723024,0.09404376,0.27146325,0.3250371,0.4372342,0.046372533,0.45520207,0.25952014,0.1116125,0.13228841,0.0,0.20059268,0.0,0.0,0.02352868,0.13417627,0.0,0.0,0.41893855,0.2897854,0.0,0.0,0.0,0.27815154,0.15618919,0.15613359,0.0,0.0,0.0,0.0,0.034812253,0.0,0.2725556,0.0,0.0,0.0,0.1819669,0.05762396,-0.06308857
-0.84175396,0.079306625,0.36932203,0.0,0.0,0.0,0.30202553,0.119734764,0.0,0.0,0.46693665,0.37594682,0.33822724,0.8314101,0.13316065,0.0,0.16356745,0.4252333,0.0,0.03472355,0.0,0.0,0.0,0.0,0.14488292,0.0,0.21860166,0.6481085,0.036854327,0.0,0.56280714,0.13281533,0.0,0.0004260093,0.55126023,0.2968251,0.0,0.31623217,0.044977564,0.09965738,0.15742584,0.0,0.2270458,0.013772283,0.0,0.17715147,0.045863017,0.0,0.045956984,0.07890709,0.0,0.0,0.11078266,0.0,0.17325178,0.10378236,0.20617658,0.06465663,0.046545714,0.0,0.0,0.095962785,0.0,0.2935167,0.0,0.024683524,0.0,0.14905444,0.083325505,-0.036481593
1.1698202,-0.41516635,-1.8057681,0.0,0.0,0.0,0.0,0.0,0.5607697,0.0,0.0,0.42294338,0.6868673,0.0,1.3955089,0.42923433,0.7021442,0.3403215,0.0,0.0,0.0,0.0,0.0,0.27490258,0.8593385,0.8868286,0.12167959,0.050762177,1.2083888,0.0,0.44425437,0.7448241,0.84570324,0.0,0.0,0.0,0.1527883,0.0,0.27975667,0.20880334,0.5828681,0.0,0.0,0.0,0.0,0.4030469,0.97793007,0.20401011,0.35378498,0.33902213,0.0,0.0,0.3843548,0.0,0.0,0.0,0.390614,0.45401007,0.0,0.0,0.0,0.708059,0.0,0.0,0.0,0.40654358,0.0,-0.43828523,-0.30629563,0.16802731
0.9759163,-0.6175534,-0.2907146,0.0,0.0,0.0,0.0,0.0,0.0,0.0,0.14832817,0.2768282,0.24786866,0.030266225,0.79694515,0.016690433,0.009230964,0.50751215,0.0,0.0,0.008913863,0.0,0.0953909,0.52323854,0.6028638,0.61106354,0.86964256,0.003194362,0.39206642,0.0,0.73521477,0.7057196,0.22695228,0.0,0.16659373,0.115435995,0.018595569,0.133452,0.35987574,0.16591094,0.3578564,0.0,0.132725,0.0,0.0,0.19542663,0.4178015,0.0,0.082108185,0.39871547,0.14520693,0.0,0.13468875,0.0,0.13849393,0.02404727,0.28941163,0.1252643,0.0,0.0,0.0,0.2690927,0.0,0.11451762,0.0,0.12797955,0.0,-0.16170749,-0.09320155,0.043870248
2.1832387,-0.016517987,-0.8385443,0.0,0.0,0.0,0.0,0.0,0.59019274,0.0,0.0,0.34575343,0.0,0.0,1.3648638,0.39862758,0.0,0.7919885,0.16298166,0.0,0.5249886,0.0,0.26027596,0.48708323,1.5305699,0.6351335,0.6540651,0.0,0.77860475,0.0,0.2259273,0.86419713,0.4917179,0.0,0.20949231,0.041224346,0.23949854,0.0,0.29592282,0.064961344,0.46591455,0.0,0.0,0.0,0.0,0.1323816,0.6265715,0.0,0.13328491,0.46838903,0.27921796,0.0027747527,0.32665724,0.0,0.025765866,0.0,0.30146208,0.19217266,0.0,0.0,0.0,0.46050242,0.0,0.0,0.0,0.3363553,0.0,-0.24046591,-0.12301515,0.13737775
-0.62013704,0.73238564,-3.4275153,0.0,0.0,0.0,0.2737279,0.27400857,1.0569704,2.0857902,0.0,0.7700288,1.473079,0.0,1.5739272,0.011256278,1.966113,0.0,0.0,0.0,0.0,0.3420911,0.0,0.0,0.7500689,0.2632747,0.0,0.87287486,2.084982,0.0,0.0,0.14051346,0.7585033,0.0,0.0,0.0,0.0,0.0,0.30022937,0.56243354,1.0319291,0.22101066,0.0,0.0,0.5697962,1.0769726,1.6946324,1.0015734,0.5686841,0.24103287,0.0,0.0,0.5889066,0.0,0.0,0.0,0.8522768,0.31851426,0.0,0.0,0.33478445,0.93944305,0.0,0.0,0.0,0.8975638,0.0,-0.8928773,-0.61674833,0.38985735
1.4856474,-1.7899282,-0.72820765,0.014162809,0.0,0.14363173,0.0,0.0,0.0,0.0,0.0,0.15559337,0.6245747,0.13656335,0.9897195,0.57833946,0.22785991,0.2607997,0.0,0.0,0.0,0.0,0.0,1.2267551,0.17006537,1.4763051,1.4855828,0.0,0.5375911,0.0,1.3197331,1.0791934,0.94753563,0.22816634,0.0,0.047564536,0.2580638,0.15735884,0.48977554,0.27698413,0.3590218,0.4010528,0.01058162,0.0,0.0,0.17316936,0.6159528,0.18663009,0.022559687,0.60280555,0.0,0.13872468,0.03841935,0.0,0.0,0.0,0.32236904,0.20342208,0.0,0.0,0.0,0.5637521,0.0,0.0,0.0,0.0,0.0,-0.35260773,-0.1943617,0.12607989
0.0116067175,0.35059404,1.2017176,0.0,0.0,0.0,0.0,0.09555888,0.0,0.0,0.7820475,0.30181944,0.0,0.44057497,0.09571576,0.0,0.0,0.7935358,0.0,0.39394307,0.46252245,0.0,0.7231739,0.0,0.6719965,0.0,0.7113097,0.37968823,0.0,0.109176844,0.41789657,0.24649042,0.0,0.16892722,1.0253975,0.6056359,0.0,0.5222268,0.0,0.0,0.0,0.0,0.10466346,0.10461286,0.0,0.0,0.0,0.0,0.0,0.0,0.32492536,0.0,0.083534345,0.0,0.18507642,0.25542402,0.0,0.0,0.23957053,0.0,0.0,0.0,0.0,0.49027452,0.0,0.14996004,0.0,0.4257358,0.2476656,-0.12306657
-0.3968537,1.2662854,-0.26731735,0.0,0.0,0.0,0.16118428,0.61480415,0.29055667,0.5094194,0.115429655,0.55245554,0.06383431,0.018211603,0.5749003,0.0,0.18864283,0.68278867,0.0,0.0,0.20314941,0.0,0.0,0.0,1.0633464,0.0,0.0,0.72435683,0.4910789,0.0,0.0,0.0,0.0,0.0,0.7021929,0.021284312,0.0,0.09605707,0.25010118,0.12824488,0.5369772,0.0,0.16445722,0.0,0.0,0.33660695,0.38665628,0.0,0.27832967,0.11337809,0.12467137,0.0,0.35902688,0.0,0.008760117,0.0,0.26506358,0.03607899,0.025220577,0.0,0.0,0.424468,0.0,0.27742022,0.0,0.29236507,0.0,-0.16876832,-0.069901735,0.06996118
-0.75154227,1.0364999,-0.08200056,0.0,0.0,0.0,0.32259658,0.5827632,0.09023241,0.35776383,0.22034606,0.5238428,0.17595908,0.32720208,0.39510036,0.0,0.23876801,0.59086627,0.0,0.010890022,0.038994625,0.0,0.0,0.0,0.7590115,0.0,0.0,0.79076785,0.36012182,0.0,0.0,0.0,0.0,0.0,0.68230987,0.14331117,0.0,0.15948105,0.19689758,0.14523192,0.39084417,0.0,0.20561239,0.032553885,0.03609604,0.31159446,0.3008102,0.0,0.21237682,0.059504554,0.0751896,0.0,0.3080894,0.0,0.022339612,0.034052983,0.2439782,0.0,0.11035217,0.0,0.0,0.33832178,0.0,0.2947646,0.0,0.16387565,0.0,-0.056513876,-0.017107725,0.033119462
-2.3226945,1.3127469,-0.5362067,0.0,0.09691706,0.0,1.1338874,1.0709977,0.0,1.2193706,0.068341926,0.6591074,0.73720115,0.95112526,0.15208924,0.0,0.94565165,0.27313495,0.0,0.0,0.0,0.03291297,0.0,0.0,0.20598406,0.0,0.0,1.3499858,0.5593461,0.0,0.0,0.0,0.0,0.0,0.4953319,0.07523915,0.0,0.217724,0.29828128,0.39136878,0.4439091,0.10570454,0.3719586,0.04332431,0.5276748,0.4795152,0.51422524,0.26495546,0.28306293,0.105544716,0.0,0.0,0.28498635,0.0,0.0,0.2442152,0.29697362,0.0,0.0,0.0,0.12372296,0.43681788,0.0,0.18981977,0.0,0.12740634,0.0,-0.23542279,-0.21888505,0.10811504
0.8172948,-0.7845538,-1.0079497,0.0,0.0,0.0,0.0,0.0,0.12811577,0.0,0.0,0.32518503,0.61514896,0.041052878,0.990677,0.19629085,0.45380285,0.31823498,0.0,0.0,0.0,0.0,0.0,0.47051826,0.45499918,0.84122604,0.58583856,0.063712925,0.7455205,0.0,0.7708291,0.7234218,0.5642787,0.0,0.0,0.0,0.06593109,0.0,0.3516452,0.22851303,0.46886188,0.09872014,0.0,0.0,0.0,0.3199283,0.6568904,0.11686635,0.18641643,0.39367118,0.0,0.0055313483,0.19574669,0.0,0.0,0.0,0.3322977,0.27919024,0.0,0.0,0.0,0.493269,0.0,0.0,0.0,0.21757092,0.0,-0.37417585,-0.21719109,0.11321045
-1.3287314,0.8274086,0.6200522,0.0,0.048687458,0.0,0.5913949,0.63105,0.0,0.0,0.55624735,0.46230692,0.15779632,0.8423165,0.0,0.0,0.09117796,0.54637885,0.0,0.26278454,0.0,0.0,0.0,0.0,0.3469764,0.0,0.0,0.9039297,0.0,0.0,0.20111856,0.0,0.0,0.0,0.8650192,0.4232667,0.0,0.37391138,0.03536181,0.022389516,0.11108789,0.0,0.25940984,0.13088715,0.082410604,0.09433218,0.0,0.0,0.13540478,0.0,0.023464806,0.0,0.2021285,0.110711575,0.13126934,0.11242363,0.09444101,0.0,0.23806109,0.0,0.0,0.15967691,0.0,0.3796305,0.0,0.0,0.0,0.306548,0.1237529,-0.055266336
0.9770007,-0.080276914,0.20618841,0.0,0.0,0.0,0.0,0.0,0.0035887584,0.0,0.33659998,0.29741392,0.0,0.0,0.66849935,0.0,0.0,0.71570385,0.0,0.0,0.3627532,0.0,0.43986398,0.3077447,0.9005257,0.19166274,0.79571855,0.060619205,0.17993088,0.0,0.47744727,0.5798878,0.0,0.0,0.5406706,0.32580182,0.0,0.2720177,0.20254986,0.06819774,0.24239928,0.0,0.18875256,0.0,0.0,0.06751616,0.09854595,0.0,0.032154754,0.23751968,0.2978328,0.0,0.165303,0.0,0.2034465,0.1446904,0.1339993,0.025902027,0.08309202,0.0,0.0,0.06159857,0.0,0.28398186,0.0,0.11616408,0.0,0.15118405,0.066692956,-0.05048059
-0.22031344,-0.96817905,0.535803,0.0,0.0,0.09331903,0.0,0.0,0.0,0.0,0.5682254,0.21302313,0.41729861,0.94610715,0.15557191,0.0,0.017033942,0.32997352,0.0,0.0,0.0,0.0,0.1226476,0.46820423,0.0,0.38264933,1.0756166,0.28252345,0.0,0.27519163,1.1283226,0.48978877,0.0,0.46192905,0.31771103,0.41029948,0.0,0.54337966,0.043899056,0.111809075,0.042506903,0.0,0.19528052,0.0,0.0,0.049657106,0.024045624,0.0,0.0,0.3239611,0.070457086,0.0,0.0,0.0,0.30777612,0.18762927,0.27909967,0.09969997,0.0,0.0,0.0,0.0,0.0,0.27662966,0.0,0.0896133,0.0,0.20658183,0.13019109,-0.068397164
1.3608047,-2.0374994,-0.4749418,0.09221217,0.0,0.29994956,0.0,0.0,0.0,0.0,0.1251735,0.10972977,0.6468944,0.34578723,0.8468336,0.5318978,0.17075278,0.22088408,0.0,0.0,0.0,0.0,0.0,1.3532513,0.0,1.5330416,1.7021606,0.0,0.37869295,0.007887483,1.4995569,1.0970249,0.9030528,0.43273297,0.0,0.15463331,0.24293922,0.3071019,0.4561023,0.30349076,0.27198476,0.4328604,0.03936346,0.0,0.0,0.10630134,0.55284804,0.15488592,0.0,0.6238273,0.0,0.103673466,0.0,0.0,0.0,0.0070234165,0.31529543,0.191573,0.0,0.0,0.0,0.43696293,0.0,0.040717922,0.0,0.0,0.0,-0.2639472,-0.13078155,0.09160482
1.1173173,0.2757627,-1.9414159,0.0,0.0,0.0,0.0,0.0,0.80665004,0.46737385,0.0,0.51813734,0.5351238,0.0,1.4863697,0.2808004,0.6962926,0.468583,0.0,0.0,0.0,0.0,0.0,0.0,1.2419894,0.5170289,0.0,0.18098904,1.3378308,0.0,0.03705609,0.5904324,0.6414546,0.0,0.0,0.0,0.032817625,0.0,0.24389252,0.25146618,0.67023313,0.0,0.0,0.0,0.0,0.52679145,1.1378722,0.2762565,0.40219223,0.286554,0.051027637,0.0,0.46736774,0.0,0.0,0.0,0.5112208,0.43939647,0.0,0.0,0.0,0.6990637,0.0,0.0,0.0,0.5981462,0.0,-0.517927,-0.30768603,0.16566184
-1.1491715,0.64747787,-0.16355848,0.0,0.0,0.0,0.4983366,0.4678526,0.0,0.27608252,0.2192619,0.5011298,0.45048383,0.6695078,0.28362858,0.0,0.46216652,0.40901572,0.0,0.0,0.0,0.0,0.0,0.0,0.35053048,0.0,0.0,0.8596343,0.35278523,0.0,0.20747918,0.0,0.0,0.0,0.5006835,0.15581417,0.0,0.16677612,0.15511973,0.1910264,0.3177781,0.0,0.21209946,0.047645327,0.15106267,0.33886063,0.27545673,0.0,0.16455574,0.08436306,0.0,0.0,0.23110354,0.0077507123,0.020278297,0.10579108,0.23076212,0.016106337,0.069016255,0.0,0.0,0.2729726,0.0,0.22614771,0.0,0.11249992,0.0,-0.06654,-0.03228639,0.03452567
-1.2056398,0.79310775,0.3008481,0.0,0.0,0.0,0.5308953,0.5734831,0.0,0.10978258,0.41516972,0.4806911,0.24945614,0.7308042,0.118287414,0.0,0.22086155,0.50925976,0.0,0.12938578,0.0,0.0,0.0,0.0,0.3943104,0.0,0.0,0.87623066,0.12092386,0.0,0.17686084,0.0,0.0,0.0,0.7320986,0.3195429,0.0,0.28867382,0.09782584,0.08990144,0.20281982,0.0,0.24695235,0.10043563,0.08822158,0.19873065,0.09164888,0.0,0.1458729,0.008492395,0.0,0.0,0.21717912,0.07071751,0.09396842,0.10329935,0.1486986,0.0,0.17833623,0.0,0.0,0.2031478,0.0,0.33064237,0.0,0.03534433,0.0,0.16333282,0.06442915,-0.021676876
-1.7066059,1.2467632,1.6696453,0.0,0.3226855,0.0,0.7963557,0.97427666,0.0,0.0,1.003818,0.43689123,0.0,1.0760703,0.0,0.0,0.0,0.7451487,0.0,0.75083786,0.29063684,0.0,0.4697146,0.0,0.3824504,0.0,0.0,1.0339724,0.0,0.1477792,0.10203695,0.0,0.0,0.0664324,1.4023987,0.7512231,0.0,0.60909283,0.0,0.0,0.0,0.0,0.16189042,0.2729618,0.27883425,0.0,0.0,0.0,0.09662132,0.0,0.1937666,0.0,0.19690192,0.2012571,0.067389995,0.23396075,0.0,0.0,0.44702283,0.0,0.0,0.05102515,0.0,0.5065606,0.073751666,0.0082705915,0.0,0.50906444,0.1938161,-0.09832634
0.39180017,-0.00022813454,-0.8134983,0.0,0.0,0.0,0.0,0.0,0.22554955,0.0,0.0,0.4181545,0.42538312,0.0,0.87318754,0.0,0.38569394,0.45045233,0.0,0.0,0.0,0.0,0.0,0.0,0.70851946,0.268641,0.102648675,0.30869472,0.6961008,0.0,0.3770243,0.45703626,0.10718116,0.0,0.11968571,0.0,0.0,0.0,0.22898236,0.22025006,0.47644204,0.0,0.0,0.0,0.0,0.40742266,0.5504426,0.0,0.26674402,0.23773238,0.061968114,0.0,0.31462213,0.0,0.015350252,0.0,0.2959109,0.29804176,0.03453476,0.0,0.0,0.3740586,0.0,0.012201056,0.0,0.33319658,0.0,-0.3118044,-0.15989386,0.089325264
-2.072337,1.5732083,-0.48226172,0.0,0.160247,0.0,1.0241969,1.151548,0.113803945,1.2787678,0.06937225,0.67501444,0.5584905,0.7300724,0.22266427,0.0,0.80156463,0.39168373,0.0,0.0,0.0,0.0,0.0,0.0,0.47213736,0.0,0.0,1.3088939,0.56397533,0.0,0.0,0.0,0.0,0.0,0.6157373,0.03688719,0.0,0.25117263,0.32442343,0.3577281,0.49269605,0.0,0.38469756,0.0055536404,0.4681248,0.45233694,0.5406849,0.25676805,0.33963907,0.11638479,0.0,0.0,0.33297378,0.0,0.0,0.17917688,0.30894265,0.0,0.0,0.0,0.13209525,0.49862465,0.0,0.23160037,0.0,0.1708838,0.0,-0.23536867,-0.23705433,0.11312016
1.0522717,-0.75072014,-1.2072543,0.0,0.0,0.0,0.0,0.0,0.24773389,0.0,0.0,0.33676317,0.60663843,0.0,1.126646,0.31527114,0.47608212,0.3387887,0.0,0.0,0.0,0.0,0.0,0.4948074,0.59007645,0.91451657,0.5481401,0.005308062,0.8618264,0.0,0.70994335,0.77417445,0.6860534,0.0,0.0,0.0,0.12647955,0.0,0.35641825,0.22071648,0.4987967,0.058348306,0.0,0.0,0.0,0.32166457,0.7517373,0.15324578,0.2236722,0.40213743,0.0,0.030104376,0.24357164,0.0,0.0,0.0,0.34829172,0.3213959,0.0,0.0,0.0,0.56409717,0.0,0.0,0.0,0.241977,0.0,-0.3918306,-0.25629246,0.12864767
-0.044641137,0.26296514,0.29351965,0.0,0.0,0.0,0.0,0.03016898,0.0,0.0,0.39528063,0.37178016,0.064887956,0.33094406,0.39045632,0.0,0.0,0.6109474,0.0,0.022318825,0.1310783,0.0,0.15855415,0.0,0.6239873,0.0,0.3270507,0.43005803,0.12409134,0.0,0.3789634,0.27527535,0.0,0.0,0.62655604,0.26125428,0.0,0.25949055,0.070660375,0.06509496,0.22498211,0.0,0.17669535,0.0,0.0,0.15087149,0.06455736,0.0,0.056883648,0.084711015,0.15766507,0.0,0.19223881,0.0,0.17962357,0.06159226,0.20515975,0.06538233,0.09621583,0.0,0.0,0.12589392,0.0,0.31116354,0.0,0.10815306,0.0,0.1375848,0.09230992,-0.023751207
