[2026-04-24 04:26:46,613][dowhy.causal_model][INFO] - Model to find the causal effect of treatment ['X0'] on outcome ['X1']
[2026-04-24 04:26:46,614][dowhy.causal_identifier.auto_identifier][WARNING] - No directed path from treatment to outcome. Causal Effect is zero.
[2026-04-24 04:26:46,614][dowhy.causal_model][INFO] - linear_regression
[2026-04-24 04:26:46,614][dowhy.causal_estimator][INFO] - INFO: Using Linear Regression Estimator
[2026-04-24 04:26:46,614][dowhy.causal_estimator][WARNING] - No directed path from ['X0'] to ['X1'].
[2026-04-24 04:26:46,615][dowhy.causal_model][INFO] - Model to find the causal effect of treatment ['X0'] on outcome ['X2']
[2026-04-24 04:26:46,616][dowhy.causal_identifier.auto_identifier][WARNING] - No directed path from treatment to outcome. Causal Effect is zero.
[2026-04-24 04:26:46,616][dowhy.causal_model][INFO] - linear_regression
[2026-04-24 04:26:46,616][dowhy.causal_estimator][INFO] - INFO: Using Linear Regression Estimator
[2026-04-24 04:26:46,616][dowhy.causal_estimator][WARNING] - No directed path from ['X0'] to ['X2'].
[2026-04-24 04:26:46,618][dowhy.causal_model][INFO] - Model to find the causal effect of treatment ['X0'] on outcome ['X3']
[2026-04-24 04:26:46,618][dowhy.causal_identifier.auto_identifier][INFO] - Causal effect can be identified.
[2026-04-24 04:26:46,620][dowhy.causal_identifier.auto_identifier][INFO] - Instrumental variables for treatment and outcome:[]
[2026-04-24 04:26:46,620][dowhy.causal_identifier.auto_identifier][INFO] - Frontdoor variables for treatment and outcome:[]
[2026-04-24 04:26:46,620][dowhy.causal_model][INFO] - linear_regression
[2026-04-24 04:26:46,620][dowhy.causal_estimator][INFO] - INFO: Using Linear Regression Estimator
[2026-04-24 04:26:46,620][dowhy.causal_estimator][INFO] - b: X3~X0+X0*X1
[2026-04-24 04:26:46,628][dowhy.causal_model][INFO] - Model to find the causal effect of treatment ['X0'] on outcome ['X4']
[2026-04-24 04:26:46,629][dowhy.causal_identifier.auto_identifier][INFO] - Causal effect can be identified.
[2026-04-24 04:26:46,629][dowhy.causal_identifier.auto_identifier][INFO] - Instrumental variables for treatment and outcome:[]
[2026-04-24 04:26:46,630][dowhy.causal_identifier.auto_identifier][INFO] - Frontdoor variables for treatment and outcome:[]
[2026-04-24 04:26:46,630][dowhy.causal_model][INFO] - linear_regression
[2026-04-24 04:26:46,630][dowhy.causal_estimator][INFO] - INFO: Using Linear Regression Estimator
[2026-04-24 04:26:46,630][dowhy.causal_estimator][INFO] - b: X4~X0+X0*X1
[2026-04-24 04:26:46,638][dowhy.causal_model][INFO] - Model to find the causal effect of treatment ['X0'] on outcome ['X5']
[2026-04-24 04:26:46,638][dowhy.causal_identifier.auto_identifier][INFO] - Causal effect can be identified.
[2026-04-24 04:26:46,639][dowhy.causal_identifier.auto_identifier][INFO] - Instrumental variables for treatment and outcome:[]
[2026-04-24 04:26:46,640][dowhy.causal_identifier.auto_identifier][INFO] - Frontdoor variables for treatment and outcome:[]
[2026-04-24 04:26:46,640][dowhy.causal_model][INFO] - linear_regression
[2026-04-24 04:26:46,640][dowhy.causal_estimator][INFO] - INFO: Using Linear Regression Estimator
[2026-04-24 04:26:46,640][dowhy.causal_estimator][INFO] - b: X5~X0+X0*X1
[2026-04-24 04:26:46,648][dowhy.causal_model][INFO] - Model to find the causal effect of treatment ['X0'] on outcome ['X6']
[2026-04-24 04:26:46,648][dowhy.causal_identifier.auto_identifier][INFO] - Causal effect can be identified.
[2026-04-24 04:26:46,649][dowhy.causal_identifier.auto_identifier][INFO] - Instrumental variables for treatment and outcome:[]
[2026-04-24 04:26:46,650][dowhy.causal_identifier.auto_identifier][INFO] - Frontdoor variables for treatment and outcome:[]
[2026-04-24 04:26:46,650][dowhy.causal_model][INFO] - linear_regression
[2026-04-24 04:26:46,650][dowhy.causal_estimator][INFO] - INFO: Using Linear Regression Estimator
[2026-04-24 04:26:46,650][dowhy.causal_estimator][INFO] - b: X6~X0+X0*X1
[2026-04-24 04:26:46,657][dowhy.causal_model][INFO] - Model to find the causal effect of treatment ['X0'] on outcome ['X7']
[2026-04-24 04:26:46,658][dowhy.causal_identifier.auto_identifier][INFO] - Causal effect can be identified.
[2026-04-24 04:26:46,659][dowhy.causal_identifier.auto_identifier][INFO] - Instrumental variables for treatment and outcome:[]
[2026-04-24 04:26:46,660][dowhy.causal_identifier.auto_identifier][INFO] - Frontdoor variables for treatment and outcome:['X3', 'X4', 'X5', 'X6']
[2026-04-24 04:26:46,661][dowhy.causal_identifier.auto_identifier][INFO] - Causal effect can be identified.
[2026-04-24 04:26:46,662][dowhy.causal_identifier.auto_identifier][INFO] - Causal effect can be identified.
[2026-04-24 04:26:46,663][dowhy.causal_model][INFO] - linear_regression
[2026-04-24 04:26:46,663][dowhy.causal_estimator][INFO] - INFO: Using Linear Regression Estimator
[2026-04-24 04:26:46,663][dowhy.causal_estimator][INFO] - b: X7~X0+X0*X1+X0*X2
[2026-04-24 04:26:46,704][dowhy.causal_model][INFO] - Model to find the causal effect of treatment ['X1'] on outcome ['X0']
[2026-04-24 04:26:46,704][dowhy.causal_identifier.auto_identifier][WARNING] - No directed path from treatment to outcome. Causal Effect is zero.
[2026-04-24 04:26:46,704][dowhy.causal_model][INFO] - linear_regression
[2026-04-24 04:26:46,705][dowhy.causal_estimator][INFO] - INFO: Using Linear Regression Estimator
[2026-04-24 04:26:46,705][dowhy.causal_estimator][WARNING] - No directed path from ['X1'] to ['X0'].
[2026-04-24 04:26:46,706][dowhy.causal_model][INFO] - Model to find the causal effect of treatment ['X1'] on outcome ['X2']
[2026-04-24 04:26:46,706][dowhy.causal_identifier.auto_identifier][WARNING] - No directed path from treatment to outcome. Causal Effect is zero.
[2026-04-24 04:26:46,706][dowhy.causal_model][INFO] - linear_regression
[2026-04-24 04:26:46,706][dowhy.causal_estimator][INFO] - INFO: Using Linear Regression Estimator
[2026-04-24 04:26:46,706][dowhy.causal_estimator][WARNING] - No directed path from ['X1'] to ['X2'].
[2026-04-24 04:26:46,708][dowhy.causal_model][INFO] - Model to find the causal effect of treatment ['X1'] on outcome ['X3']
[2026-04-24 04:26:46,709][dowhy.causal_identifier.auto_identifier][INFO] - Causal effect can be identified.
[2026-04-24 04:26:46,709][dowhy.causal_identifier.auto_identifier][INFO] - Instrumental variables for treatment and outcome:[]
[2026-04-24 04:26:46,709][dowhy.causal_identifier.auto_identifier][INFO] - Frontdoor variables for treatment and outcome:[]
[2026-04-24 04:26:46,709][dowhy.causal_model][INFO] - linear_regression
[2026-04-24 04:26:46,709][dowhy.causal_estimator][INFO] - INFO: Using Linear Regression Estimator
[2026-04-24 04:26:46,709][dowhy.causal_estimator][INFO] - b: X3~X1+X1*X0
[2026-04-24 04:26:46,717][dowhy.causal_model][INFO] - Model to find the causal effect of treatment ['X1'] on outcome ['X4']
[2026-04-24 04:26:46,717][dowhy.causal_identifier.auto_identifier][INFO] - Causal effect can be identified.
[2026-04-24 04:26:46,718][dowhy.causal_identifier.auto_identifier][INFO] - Instrumental variables for treatment and outcome:[]
[2026-04-24 04:26:46,718][dowhy.causal_identifier.auto_identifier][INFO] - Frontdoor variables for treatment and outcome:[]
[2026-04-24 04:26:46,718][dowhy.causal_model][INFO] - linear_regression
[2026-04-24 04:26:46,718][dowhy.causal_estimator][INFO] - INFO: Using Linear Regression Estimator
[2026-04-24 04:26:46,718][dowhy.causal_estimator][INFO] - b: X4~X1+X1*X0
[2026-04-24 04:26:46,726][dowhy.causal_model][INFO] - Model to find the causal effect of treatment ['X1'] on outcome ['X5']
[2026-04-24 04:26:46,727][dowhy.causal_identifier.auto_identifier][INFO] - Causal effect can be identified.
[2026-04-24 04:26:46,727][dowhy.causal_identifier.auto_identifier][INFO] - Instrumental variables for treatment and outcome:[]
[2026-04-24 04:26:46,728][dowhy.causal_identifier.auto_identifier][INFO] - Frontdoor variables for treatment and outcome:[]
[2026-04-24 04:26:46,728][dowhy.causal_model][INFO] - linear_regression
[2026-04-24 04:26:46,728][dowhy.causal_estimator][INFO] - INFO: Using Linear Regression Estimator
[2026-04-24 04:26:46,728][dowhy.causal_estimator][INFO] - b: X5~X1+X1*X0
[2026-04-24 04:26:46,736][dowhy.causal_model][INFO] - Model to find the causal effect of treatment ['X1'] on outcome ['X6']
[2026-04-24 04:26:46,736][dowhy.causal_identifier.auto_identifier][INFO] - Causal effect can be identified.
[2026-04-24 04:26:46,737][dowhy.causal_identifier.auto_identifier][INFO] - Instrumental variables for treatment and outcome:[]
[2026-04-24 04:26:46,738][dowhy.causal_identifier.auto_identifier][INFO] - Frontdoor variables for treatment and outcome:[]
[2026-04-24 04:26:46,738][dowhy.causal_model][INFO] - linear_regression
[2026-04-24 04:26:46,738][dowhy.causal_estimator][INFO] - INFO: Using Linear Regression Estimator
[2026-04-24 04:26:46,738][dowhy.causal_estimator][INFO] - b: X6~X1+X1*X0
[2026-04-24 04:26:46,745][dowhy.causal_model][INFO] - Model to find the causal effect of treatment ['X1'] on outcome ['X7']
[2026-04-24 04:26:46,746][dowhy.causal_identifier.auto_identifier][INFO] - Causal effect can be identified.
[2026-04-24 04:26:46,747][dowhy.causal_identifier.auto_identifier][INFO] - Instrumental variables for treatment and outcome:[]
[2026-04-24 04:26:46,748][dowhy.causal_identifier.auto_identifier][INFO] - Frontdoor variables for treatment and outcome:['X3', 'X4', 'X5', 'X6']
[2026-04-24 04:26:46,749][dowhy.causal_identifier.auto_identifier][INFO] - Causal effect can be identified.
[2026-04-24 04:26:46,750][dowhy.causal_identifier.auto_identifier][INFO] - Causal effect can be identified.
[2026-04-24 04:26:46,751][dowhy.causal_model][INFO] - linear_regression
[2026-04-24 04:26:46,751][dowhy.causal_estimator][INFO] - INFO: Using Linear Regression Estimator
[2026-04-24 04:26:46,751][dowhy.causal_estimator][INFO] - b: X7~X1+X1*X2+X1*X0
[2026-04-24 04:26:46,793][dowhy.causal_model][INFO] - Model to find the causal effect of treatment ['X2'] on outcome ['X0']
[2026-04-24 04:26:46,793][dowhy.causal_identifier.auto_identifier][WARNING] - No directed path from treatment to outcome. Causal Effect is zero.
[2026-04-24 04:26:46,794][dowhy.causal_model][INFO] - linear_regression
[2026-04-24 04:26:46,794][dowhy.causal_estimator][INFO] - INFO: Using Linear Regression Estimator
[2026-04-24 04:26:46,794][dowhy.causal_estimator][WARNING] - No directed path from ['X2'] to ['X0'].
[2026-04-24 04:26:46,796][dowhy.causal_model][INFO] - Model to find the causal effect of treatment ['X2'] on outcome ['X1']
[2026-04-24 04:26:46,796][dowhy.causal_identifier.auto_identifier][WARNING] - No directed path from treatment to outcome. Causal Effect is zero.
[2026-04-24 04:26:46,796][dowhy.causal_model][INFO] - linear_regression
[2026-04-24 04:26:46,796][dowhy.causal_estimator][INFO] - INFO: Using Linear Regression Estimator
[2026-04-24 04:26:46,796][dowhy.causal_estimator][WARNING] - No directed path from ['X2'] to ['X1'].
[2026-04-24 04:26:46,798][dowhy.causal_model][INFO] - Model to find the causal effect of treatment ['X2'] on outcome ['X3']
[2026-04-24 04:26:46,798][dowhy.causal_identifier.auto_identifier][WARNING] - No directed path from treatment to outcome. Causal Effect is zero.
[2026-04-24 04:26:46,799][dowhy.causal_model][INFO] - linear_regression
[2026-04-24 04:26:46,799][dowhy.causal_estimator][INFO] - INFO: Using Linear Regression Estimator
[2026-04-24 04:26:46,799][dowhy.causal_estimator][WARNING] - No directed path from ['X2'] to ['X3'].
[2026-04-24 04:26:46,801][dowhy.causal_model][INFO] - Model to find the causal effect of treatment ['X2'] on outcome ['X4']
[2026-04-24 04:26:46,801][dowhy.causal_identifier.auto_identifier][WARNING] - No directed path from treatment to outcome. Causal Effect is zero.
[2026-04-24 04:26:46,801][dowhy.causal_model][INFO] - linear_regression
[2026-04-24 04:26:46,801][dowhy.causal_estimator][INFO] - INFO: Using Linear Regression Estimator
[2026-04-24 04:26:46,801][dowhy.causal_estimator][WARNING] - No directed path from ['X2'] to ['X4'].
[2026-04-24 04:26:46,803][dowhy.causal_model][INFO] - Model to find the causal effect of treatment ['X2'] on outcome ['X5']
[2026-04-24 04:26:46,803][dowhy.causal_identifier.auto_identifier][WARNING] - No directed path from treatment to outcome. Causal Effect is zero.
[2026-04-24 04:26:46,803][dowhy.causal_model][INFO] - linear_regression
[2026-04-24 04:26:46,803][dowhy.causal_estimator][INFO] - INFO: Using Linear Regression Estimator
[2026-04-24 04:26:46,803][dowhy.causal_estimator][WARNING] - No directed path from ['X2'] to ['X5'].
[2026-04-24 04:26:46,804][dowhy.causal_model][INFO] - Model to find the causal effect of treatment ['X2'] on outcome ['X6']
[2026-04-24 04:26:46,804][dowhy.causal_identifier.auto_identifier][WARNING] - No directed path from treatment to outcome. Causal Effect is zero.
[2026-04-24 04:26:46,805][dowhy.causal_model][INFO] - linear_regression
[2026-04-24 04:26:46,805][dowhy.causal_estimator][INFO] - INFO: Using Linear Regression Estimator
[2026-04-24 04:26:46,805][dowhy.causal_estimator][WARNING] - No directed path from ['X2'] to ['X6'].
[2026-04-24 04:26:46,807][dowhy.causal_model][INFO] - Model to find the causal effect of treatment ['X2'] on outcome ['X7']
[2026-04-24 04:26:46,809][dowhy.causal_identifier.auto_identifier][INFO] - Causal effect can be identified.
[2026-04-24 04:26:46,810][dowhy.causal_identifier.auto_identifier][INFO] - Instrumental variables for treatment and outcome:[]
[2026-04-24 04:26:46,810][dowhy.causal_identifier.auto_identifier][INFO] - Frontdoor variables for treatment and outcome:[]
[2026-04-24 04:26:46,810][dowhy.causal_model][INFO] - linear_regression
[2026-04-24 04:26:46,810][dowhy.causal_estimator][INFO] - INFO: Using Linear Regression Estimator
[2026-04-24 04:26:46,810][dowhy.causal_estimator][INFO] - b: X7~X2+X2*X3+X2*X1+X2*X4+X2*X0
[2026-04-24 04:26:46,855][dowhy.causal_model][INFO] - Model to find the causal effect of treatment ['X3'] on outcome ['X0']
[2026-04-24 04:26:46,855][dowhy.causal_identifier.auto_identifier][WARNING] - No directed path from treatment to outcome. Causal Effect is zero.
[2026-04-24 04:26:46,855][dowhy.causal_model][INFO] - linear_regression
[2026-04-24 04:26:46,855][dowhy.causal_estimator][INFO] - INFO: Using Linear Regression Estimator
[2026-04-24 04:26:46,855][dowhy.causal_estimator][WARNING] - No directed path from ['X3'] to ['X0'].
[2026-04-24 04:26:46,857][dowhy.causal_model][INFO] - Model to find the causal effect of treatment ['X3'] on outcome ['X1']
[2026-04-24 04:26:46,857][dowhy.causal_identifier.auto_identifier][WARNING] - No directed path from treatment to outcome. Causal Effect is zero.
[2026-04-24 04:26:46,857][dowhy.causal_model][INFO] - linear_regression
[2026-04-24 04:26:46,857][dowhy.causal_estimator][INFO] - INFO: Using Linear Regression Estimator
[2026-04-24 04:26:46,857][dowhy.causal_estimator][WARNING] - No directed path from ['X3'] to ['X1'].
[2026-04-24 04:26:46,859][dowhy.causal_model][INFO] - Model to find the causal effect of treatment ['X3'] on outcome ['X2']
[2026-04-24 04:26:46,859][dowhy.causal_identifier.auto_identifier][WARNING] - No directed path from treatment to outcome. Causal Effect is zero.
[2026-04-24 04:26:46,859][dowhy.causal_model][INFO] - linear_regression
[2026-04-24 04:26:46,859][dowhy.causal_estimator][INFO] - INFO: Using Linear Regression Estimator
[2026-04-24 04:26:46,859][dowhy.causal_estimator][WARNING] - No directed path from ['X3'] to ['X2'].
[2026-04-24 04:26:46,861][dowhy.causal_model][INFO] - Model to find the causal effect of treatment ['X3'] on outcome ['X4']
[2026-04-24 04:26:46,862][dowhy.causal_identifier.auto_identifier][INFO] - Causal effect can be identified.
[2026-04-24 04:26:46,862][dowhy.causal_identifier.auto_identifier][INFO] - Instrumental variables for treatment and outcome:['X0']
[2026-04-24 04:26:46,863][dowhy.causal_identifier.auto_identifier][INFO] - Frontdoor variables for treatment and outcome:[]
[2026-04-24 04:26:46,863][dowhy.causal_model][INFO] - linear_regression
[2026-04-24 04:26:46,863][dowhy.causal_estimator][INFO] - INFO: Using Linear Regression Estimator
[2026-04-24 04:26:46,864][dowhy.causal_estimator][INFO] - b: X4~X3+X1
[2026-04-24 04:26:46,872][dowhy.causal_model][INFO] - Model to find the causal effect of treatment ['X3'] on outcome ['X5']
[2026-04-24 04:26:46,873][dowhy.causal_identifier.auto_identifier][INFO] - Causal effect can be identified.
[2026-04-24 04:26:46,873][dowhy.causal_identifier.auto_identifier][INFO] - Instrumental variables for treatment and outcome:['X1']
[2026-04-24 04:26:46,874][dowhy.causal_identifier.auto_identifier][INFO] - Frontdoor variables for treatment and outcome:[]
[2026-04-24 04:26:46,874][dowhy.causal_model][INFO] - linear_regression
[2026-04-24 04:26:46,874][dowhy.causal_estimator][INFO] - INFO: Using Linear Regression Estimator
[2026-04-24 04:26:46,874][dowhy.causal_estimator][INFO] - b: X5~X3+X0
[2026-04-24 04:26:46,882][dowhy.causal_model][INFO] - Model to find the causal effect of treatment ['X3'] on outcome ['X6']
[2026-04-24 04:26:46,883][dowhy.causal_identifier.auto_identifier][INFO] - Causal effect can be identified.
[2026-04-24 04:26:46,883][dowhy.causal_identifier.auto_identifier][INFO] - Instrumental variables for treatment and outcome:['X0']
[2026-04-24 04:26:46,884][dowhy.causal_identifier.auto_identifier][INFO] - Frontdoor variables for treatment and outcome:[]
[2026-04-24 04:26:46,884][dowhy.causal_model][INFO] - linear_regression
[2026-04-24 04:26:46,884][dowhy.causal_estimator][INFO] - INFO: Using Linear Regression Estimator
[2026-04-24 04:26:46,885][dowhy.causal_estimator][INFO] - b: X6~X3+X1
[2026-04-24 04:26:46,892][dowhy.causal_model][INFO] - Model to find the causal effect of treatment ['X3'] on outcome ['X7']
[2026-04-24 04:26:46,893][dowhy.causal_identifier.auto_identifier][INFO] - Causal effect can be identified.
[2026-04-24 04:26:46,893][dowhy.causal_identifier.auto_identifier][INFO] - Instrumental variables for treatment and outcome:['X0']
[2026-04-24 04:26:46,895][dowhy.causal_identifier.auto_identifier][INFO] - Frontdoor variables for treatment and outcome:[]
[2026-04-24 04:26:46,895][dowhy.causal_model][INFO] - linear_regression
[2026-04-24 04:26:46,895][dowhy.causal_estimator][INFO] - INFO: Using Linear Regression Estimator
[2026-04-24 04:26:46,895][dowhy.causal_estimator][INFO] - b: X7~X3+X1+X3*X2
[2026-04-24 04:26:46,937][dowhy.causal_model][INFO] - Model to find the causal effect of treatment ['X4'] on outcome ['X0']
[2026-04-24 04:26:46,937][dowhy.causal_identifier.auto_identifier][WARNING] - No directed path from treatment to outcome. Causal Effect is zero.
[2026-04-24 04:26:46,937][dowhy.causal_model][INFO] - linear_regression
[2026-04-24 04:26:46,937][dowhy.causal_estimator][INFO] - INFO: Using Linear Regression Estimator
[2026-04-24 04:26:46,937][dowhy.causal_estimator][WARNING] - No directed path from ['X4'] to ['X0'].
[2026-04-24 04:26:46,939][dowhy.causal_model][INFO] - Model to find the causal effect of treatment ['X4'] on outcome ['X1']
[2026-04-24 04:26:46,939][dowhy.causal_identifier.auto_identifier][WARNING] - No directed path from treatment to outcome. Causal Effect is zero.
[2026-04-24 04:26:46,939][dowhy.causal_model][INFO] - linear_regression
[2026-04-24 04:26:46,939][dowhy.causal_estimator][INFO] - INFO: Using Linear Regression Estimator
[2026-04-24 04:26:46,939][dowhy.causal_estimator][WARNING] - No directed path from ['X4'] to ['X1'].
[2026-04-24 04:26:46,940][dowhy.causal_model][INFO] - Model to find the causal effect of treatment ['X4'] on outcome ['X2']
[2026-04-24 04:26:46,940][dowhy.causal_identifier.auto_identifier][WARNING] - No directed path from treatment to outcome. Causal Effect is zero.
[2026-04-24 04:26:46,941][dowhy.causal_model][INFO] - linear_regression
[2026-04-24 04:26:46,941][dowhy.causal_estimator][INFO] - INFO: Using Linear Regression Estimator
[2026-04-24 04:26:46,941][dowhy.causal_estimator][WARNING] - No directed path from ['X4'] to ['X2'].
[2026-04-24 04:26:46,942][dowhy.causal_model][INFO] - Model to find the causal effect of treatment ['X4'] on outcome ['X3']
[2026-04-24 04:26:46,942][dowhy.causal_identifier.auto_identifier][WARNING] - No directed path from treatment to outcome. Causal Effect is zero.
[2026-04-24 04:26:46,942][dowhy.causal_model][INFO] - linear_regression
[2026-04-24 04:26:46,942][dowhy.causal_estimator][INFO] - INFO: Using Linear Regression Estimator
[2026-04-24 04:26:46,942][dowhy.causal_estimator][WARNING] - No directed path from ['X4'] to ['X3'].
[2026-04-24 04:26:46,944][dowhy.causal_model][INFO] - Model to find the causal effect of treatment ['X4'] on outcome ['X5']
[2026-04-24 04:26:46,944][dowhy.causal_identifier.auto_identifier][WARNING] - No directed path from treatment to outcome. Causal Effect is zero.
[2026-04-24 04:26:46,944][dowhy.causal_model][INFO] - linear_regression
[2026-04-24 04:26:46,944][dowhy.causal_estimator][INFO] - INFO: Using Linear Regression Estimator
[2026-04-24 04:26:46,944][dowhy.causal_estimator][WARNING] - No directed path from ['X4'] to ['X5'].
[2026-04-24 04:26:46,946][dowhy.causal_model][INFO] - Model to find the causal effect of treatment ['X4'] on outcome ['X6']
[2026-04-24 04:26:46,947][dowhy.causal_identifier.auto_identifier][INFO] - Causal effect can be identified.
[2026-04-24 04:26:46,947][dowhy.causal_identifier.auto_identifier][INFO] - Instrumental variables for treatment and outcome:[]
[2026-04-24 04:26:46,948][dowhy.causal_identifier.auto_identifier][INFO] - Frontdoor variables for treatment and outcome:[]
[2026-04-24 04:26:46,948][dowhy.causal_model][INFO] - linear_regression
[2026-04-24 04:26:46,948][dowhy.causal_estimator][INFO] - INFO: Using Linear Regression Estimator
[2026-04-24 04:26:46,948][dowhy.causal_estimator][INFO] - b: X6~X4+X1
[2026-04-24 04:26:46,956][dowhy.causal_model][INFO] - Model to find the causal effect of treatment ['X4'] on outcome ['X7']
[2026-04-24 04:26:46,957][dowhy.causal_identifier.auto_identifier][INFO] - Causal effect can be identified.
[2026-04-24 04:26:46,958][dowhy.causal_identifier.auto_identifier][INFO] - Instrumental variables for treatment and outcome:['X3', 'X1']
[2026-04-24 04:26:46,958][dowhy.causal_identifier.auto_identifier][INFO] - Frontdoor variables for treatment and outcome:[]
[2026-04-24 04:26:46,958][dowhy.causal_model][INFO] - linear_regression
[2026-04-24 04:26:46,958][dowhy.causal_estimator][INFO] - INFO: Using Linear Regression Estimator
[2026-04-24 04:26:46,958][dowhy.causal_estimator][INFO] - b: X7~X4+X4*X2
[2026-04-24 04:26:46,999][dowhy.causal_model][INFO] - Model to find the causal effect of treatment ['X5'] on outcome ['X0']
[2026-04-24 04:26:47,000][dowhy.causal_identifier.auto_identifier][WARNING] - No directed path from treatment to outcome. Causal Effect is zero.
[2026-04-24 04:26:47,000][dowhy.causal_model][INFO] - linear_regression
[2026-04-24 04:26:47,000][dowhy.causal_estimator][INFO] - INFO: Using Linear Regression Estimator
[2026-04-24 04:26:47,000][dowhy.causal_estimator][WARNING] - No directed path from ['X5'] to ['X0'].
[2026-04-24 04:26:47,001][dowhy.causal_model][INFO] - Model to find the causal effect of treatment ['X5'] on outcome ['X1']
[2026-04-24 04:26:47,001][dowhy.causal_identifier.auto_identifier][WARNING] - No directed path from treatment to outcome. Causal Effect is zero.
[2026-04-24 04:26:47,001][dowhy.causal_model][INFO] - linear_regression
[2026-04-24 04:26:47,001][dowhy.causal_estimator][INFO] - INFO: Using Linear Regression Estimator
[2026-04-24 04:26:47,001][dowhy.causal_estimator][WARNING] - No directed path from ['X5'] to ['X1'].
[2026-04-24 04:26:47,003][dowhy.causal_model][INFO] - Model to find the causal effect of treatment ['X5'] on outcome ['X2']
[2026-04-24 04:26:47,003][dowhy.causal_identifier.auto_identifier][WARNING] - No directed path from treatment to outcome. Causal Effect is zero.
[2026-04-24 04:26:47,003][dowhy.causal_model][INFO] - linear_regression
[2026-04-24 04:26:47,003][dowhy.causal_estimator][INFO] - INFO: Using Linear Regression Estimator
[2026-04-24 04:26:47,003][dowhy.causal_estimator][WARNING] - No directed path from ['X5'] to ['X2'].
[2026-04-24 04:26:47,005][dowhy.causal_model][INFO] - Model to find the causal effect of treatment ['X5'] on outcome ['X3']
[2026-04-24 04:26:47,005][dowhy.causal_identifier.auto_identifier][WARNING] - No directed path from treatment to outcome. Causal Effect is zero.
[2026-04-24 04:26:47,005][dowhy.causal_model][INFO] - linear_regression
[2026-04-24 04:26:47,005][dowhy.causal_estimator][INFO] - INFO: Using Linear Regression Estimator
[2026-04-24 04:26:47,005][dowhy.causal_estimator][WARNING] - No directed path from ['X5'] to ['X3'].
[2026-04-24 04:26:47,007][dowhy.causal_model][INFO] - Model to find the causal effect of treatment ['X5'] on outcome ['X4']
[2026-04-24 04:26:47,007][dowhy.causal_identifier.auto_identifier][WARNING] - No directed path from treatment to outcome. Causal Effect is zero.
[2026-04-24 04:26:47,007][dowhy.causal_model][INFO] - linear_regression
[2026-04-24 04:26:47,007][dowhy.causal_estimator][INFO] - INFO: Using Linear Regression Estimator
[2026-04-24 04:26:47,007][dowhy.causal_estimator][WARNING] - No directed path from ['X5'] to ['X4'].
[2026-04-24 04:26:47,009][dowhy.causal_model][INFO] - Model to find the causal effect of treatment ['X5'] on outcome ['X6']
[2026-04-24 04:26:47,009][dowhy.causal_identifier.auto_identifier][WARNING] - No directed path from treatment to outcome. Causal Effect is zero.
[2026-04-24 04:26:47,009][dowhy.causal_model][INFO] - linear_regression
[2026-04-24 04:26:47,009][dowhy.causal_estimator][INFO] - INFO: Using Linear Regression Estimator
[2026-04-24 04:26:47,009][dowhy.causal_estimator][WARNING] - No directed path from ['X5'] to ['X6'].
[2026-04-24 04:26:47,011][dowhy.causal_model][INFO] - Model to find the causal effect of treatment ['X5'] on outcome ['X7']
[2026-04-24 04:26:47,011][dowhy.causal_identifier.auto_identifier][WARNING] - No directed path from treatment to outcome. Causal Effect is zero.
[2026-04-24 04:26:47,011][dowhy.causal_model][INFO] - linear_regression
[2026-04-24 04:26:47,011][dowhy.causal_estimator][INFO] - INFO: Using Linear Regression Estimator
[2026-04-24 04:26:47,011][dowhy.causal_estimator][WARNING] - No directed path from ['X5'] to ['X7'].
[2026-04-24 04:26:47,047][dowhy.causal_model][INFO] - Model to find the causal effect of treatment ['X6'] on outcome ['X0']
[2026-04-24 04:26:47,047][dowhy.causal_identifier.auto_identifier][WARNING] - No directed path from treatment to outcome. Causal Effect is zero.
[2026-04-24 04:26:47,047][dowhy.causal_model][INFO] - linear_regression
[2026-04-24 04:26:47,047][dowhy.causal_estimator][INFO] - INFO: Using Linear Regression Estimator
[2026-04-24 04:26:47,048][dowhy.causal_estimator][WARNING] - No directed path from ['X6'] to ['X0'].
[2026-04-24 04:26:47,049][dowhy.causal_model][INFO] - Model to find the causal effect of treatment ['X6'] on outcome ['X1']
[2026-04-24 04:26:47,049][dowhy.causal_identifier.auto_identifier][WARNING] - No directed path from treatment to outcome. Causal Effect is zero.
[2026-04-24 04:26:47,049][dowhy.causal_model][INFO] - linear_regression
[2026-04-24 04:26:47,049][dowhy.causal_estimator][INFO] - INFO: Using Linear Regression Estimator
[2026-04-24 04:26:47,049][dowhy.causal_estimator][WARNING] - No directed path from ['X6'] to ['X1'].
[2026-04-24 04:26:47,051][dowhy.causal_model][INFO] - Model to find the causal effect of treatment ['X6'] on outcome ['X2']
[2026-04-24 04:26:47,051][dowhy.causal_identifier.auto_identifier][WARNING] - No directed path from treatment to outcome. Causal Effect is zero.
[2026-04-24 04:26:47,051][dowhy.causal_model][INFO] - linear_regression
[2026-04-24 04:26:47,051][dowhy.causal_estimator][INFO] - INFO: Using Linear Regression Estimator
[2026-04-24 04:26:47,051][dowhy.causal_estimator][WARNING] - No directed path from ['X6'] to ['X2'].
[2026-04-24 04:26:47,053][dowhy.causal_model][INFO] - Model to find the causal effect of treatment ['X6'] on outcome ['X3']
[2026-04-24 04:26:47,053][dowhy.causal_identifier.auto_identifier][WARNING] - No directed path from treatment to outcome. Causal Effect is zero.
[2026-04-24 04:26:47,053][dowhy.causal_model][INFO] - linear_regression
[2026-04-24 04:26:47,053][dowhy.causal_estimator][INFO] - INFO: Using Linear Regression Estimator
[2026-04-24 04:26:47,053][dowhy.causal_estimator][WARNING] - No directed path from ['X6'] to ['X3'].
[2026-04-24 04:26:47,055][dowhy.causal_model][INFO] - Model to find the causal effect of treatment ['X6'] on outcome ['X4']
[2026-04-24 04:26:47,055][dowhy.causal_identifier.auto_identifier][WARNING] - No directed path from treatment to outcome. Causal Effect is zero.
[2026-04-24 04:26:47,055][dowhy.causal_model][INFO] - linear_regression
[2026-04-24 04:26:47,055][dowhy.causal_estimator][INFO] - INFO: Using Linear Regression Estimator
[2026-04-24 04:26:47,055][dowhy.causal_estimator][WARNING] - No directed path from ['X6'] to ['X4'].
[2026-04-24 04:26:47,057][dowhy.causal_model][INFO] - Model to find the causal effect of treatment ['X6'] on outcome ['X5']
[2026-04-24 04:26:47,057][dowhy.causal_identifier.auto_identifier][WARNING] - No directed path from treatment to outcome. Causal Effect is zero.
[2026-04-24 04:26:47,057][dowhy.causal_model][INFO] - linear_regression
[2026-04-24 04:26:47,057][dowhy.causal_estimator][INFO] - INFO: Using Linear Regression Estimator
[2026-04-24 04:26:47,057][dowhy.causal_estimator][WARNING] - No directed path from ['X6'] to ['X5'].
[2026-04-24 04:26:47,059][dowhy.causal_model][INFO] - Model to find the causal effect of treatment ['X6'] on outcome ['X7']
[2026-04-24 04:26:47,059][dowhy.causal_identifier.auto_identifier][WARNING] - No directed path from treatment to outcome. Causal Effect is zero.
[2026-04-24 04:26:47,059][dowhy.causal_model][INFO] - linear_regression
[2026-04-24 04:26:47,059][dowhy.causal_estimator][INFO] - INFO: Using Linear Regression Estimator
[2026-04-24 04:26:47,059][dowhy.causal_estimator][WARNING] - No directed path from ['X6'] to ['X7'].
[2026-04-24 04:26:47,098][dowhy.causal_model][INFO] - Model to find the causal effect of treatment ['X7'] on outcome ['X0']
[2026-04-24 04:26:47,098][dowhy.causal_identifier.auto_identifier][WARNING] - No directed path from treatment to outcome. Causal Effect is zero.
[2026-04-24 04:26:47,098][dowhy.causal_model][INFO] - linear_regression
[2026-04-24 04:26:47,098][dowhy.causal_estimator][INFO] - INFO: Using Linear Regression Estimator
[2026-04-24 04:26:47,098][dowhy.causal_estimator][WARNING] - No directed path from ['X7'] to ['X0'].
[2026-04-24 04:26:47,100][dowhy.causal_model][INFO] - Model to find the causal effect of treatment ['X7'] on outcome ['X1']
[2026-04-24 04:26:47,100][dowhy.causal_identifier.auto_identifier][WARNING] - No directed path from treatment to outcome. Causal Effect is zero.
[2026-04-24 04:26:47,100][dowhy.causal_model][INFO] - linear_regression
[2026-04-24 04:26:47,100][dowhy.causal_estimator][INFO] - INFO: Using Linear Regression Estimator
[2026-04-24 04:26:47,100][dowhy.causal_estimator][WARNING] - No directed path from ['X7'] to ['X1'].
[2026-04-24 04:26:47,102][dowhy.causal_model][INFO] - Model to find the causal effect of treatment ['X7'] on outcome ['X2']
[2026-04-24 04:26:47,102][dowhy.causal_identifier.auto_identifier][WARNING] - No directed path from treatment to outcome. Causal Effect is zero.
[2026-04-24 04:26:47,102][dowhy.causal_model][INFO] - linear_regression
[2026-04-24 04:26:47,102][dowhy.causal_estimator][INFO] - INFO: Using Linear Regression Estimator
[2026-04-24 04:26:47,102][dowhy.causal_estimator][WARNING] - No directed path from ['X7'] to ['X2'].
[2026-04-24 04:26:47,104][dowhy.causal_model][INFO] - Model to find the causal effect of treatment ['X7'] on outcome ['X3']
[2026-04-24 04:26:47,104][dowhy.causal_identifier.auto_identifier][WARNING] - No directed path from treatment to outcome. Causal Effect is zero.
[2026-04-24 04:26:47,104][dowhy.causal_model][INFO] - linear_regression
[2026-04-24 04:26:47,104][dowhy.causal_estimator][INFO] - INFO: Using Linear Regression Estimator
[2026-04-24 04:26:47,104][dowhy.causal_estimator][WARNING] - No directed path from ['X7'] to ['X3'].
[2026-04-24 04:26:47,106][dowhy.causal_model][INFO] - Model to find the causal effect of treatment ['X7'] on outcome ['X4']
[2026-04-24 04:26:47,106][dowhy.causal_identifier.auto_identifier][WARNING] - No directed path from treatment to outcome. Causal Effect is zero.
[2026-04-24 04:26:47,106][dowhy.causal_model][INFO] - linear_regression
[2026-04-24 04:26:47,106][dowhy.causal_estimator][INFO] - INFO: Using Linear Regression Estimator
[2026-04-24 04:26:47,106][dowhy.causal_estimator][WARNING] - No directed path from ['X7'] to ['X4'].
[2026-04-24 04:26:47,108][dowhy.causal_model][INFO] - Model to find the causal effect of treatment ['X7'] on outcome ['X5']
[2026-04-24 04:26:47,108][dowhy.causal_identifier.auto_identifier][WARNING] - No directed path from treatment to outcome. Causal Effect is zero.
[2026-04-24 04:26:47,108][dowhy.causal_model][INFO] - linear_regression
[2026-04-24 04:26:47,108][dowhy.causal_estimator][INFO] - INFO: Using Linear Regression Estimator
[2026-04-24 04:26:47,108][dowhy.causal_estimator][WARNING] - No directed path from ['X7'] to ['X5'].
[2026-04-24 04:26:47,109][dowhy.causal_model][INFO] - Model to find the causal effect of treatment ['X7'] on outcome ['X6']
[2026-04-24 04:26:47,109][dowhy.causal_identifier.auto_identifier][WARNING] - No directed path from treatment to outcome. Causal Effect is zero.
[2026-04-24 04:26:47,110][dowhy.causal_model][INFO] - linear_regression
[2026-04-24 04:26:47,110][dowhy.causal_estimator][INFO] - INFO: Using Linear Regression Estimator
[2026-04-24 04:26:47,110][dowhy.causal_estimator][WARNING] - No directed path from ['X7'] to ['X6'].
[2026-04-24 04:26:47,160][dowhy.causal_model][INFO] - Model to find the causal effect of treatment ['X0'] on outcome ['X1']
[2026-04-24 04:26:47,160][dowhy.causal_identifier.auto_identifier][WARNING] - No directed path from treatment to outcome. Causal Effect is zero.
[2026-04-24 04:26:47,160][dowhy.causal_model][INFO] - linear_regression
[2026-04-24 04:26:47,160][dowhy.causal_estimator][INFO] - INFO: Using Linear Regression Estimator
[2026-04-24 04:26:47,160][dowhy.causal_estimator][WARNING] - No directed path from ['X0'] to ['X1'].
[2026-04-24 04:26:47,162][dowhy.causal_model][INFO] - Model to find the causal effect of treatment ['X0'] on outcome ['X2']
[2026-04-24 04:26:47,162][dowhy.causal_identifier.auto_identifier][WARNING] - No directed path from treatment to outcome. Causal Effect is zero.
[2026-04-24 04:26:47,162][dowhy.causal_model][INFO] - linear_regression
[2026-04-24 04:26:47,162][dowhy.causal_estimator][INFO] - INFO: Using Linear Regression Estimator
[2026-04-24 04:26:47,162][dowhy.causal_estimator][WARNING] - No directed path from ['X0'] to ['X2'].
[2026-04-24 04:26:47,164][dowhy.causal_model][INFO] - Model to find the causal effect of treatment ['X0'] on outcome ['X3']
[2026-04-24 04:26:47,164][dowhy.causal_identifier.auto_identifier][INFO] - Causal effect can be identified.
[2026-04-24 04:26:47,165][dowhy.causal_identifier.auto_identifier][INFO] - Instrumental variables for treatment and outcome:[]
[2026-04-24 04:26:47,165][dowhy.causal_identifier.auto_identifier][INFO] - Frontdoor variables for treatment and outcome:[]
[2026-04-24 04:26:47,165][dowhy.causal_model][INFO] - linear_regression
[2026-04-24 04:26:47,165][dowhy.causal_estimator][INFO] - INFO: Using Linear Regression Estimator
[2026-04-24 04:26:47,165][dowhy.causal_estimator][INFO] - b: X3~X0+X0*X1
[2026-04-24 04:26:47,173][dowhy.causal_model][INFO] - Model to find the causal effect of treatment ['X0'] on outcome ['X4']
[2026-04-24 04:26:47,173][dowhy.causal_identifier.auto_identifier][INFO] - Causal effect can be identified.
[2026-04-24 04:26:47,174][dowhy.causal_identifier.auto_identifier][INFO] - Instrumental variables for treatment and outcome:[]
[2026-04-24 04:26:47,174][dowhy.causal_identifier.auto_identifier][INFO] - Frontdoor variables for treatment and outcome:[]
[2026-04-24 04:26:47,174][dowhy.causal_model][INFO] - linear_regression
[2026-04-24 04:26:47,174][dowhy.causal_estimator][INFO] - INFO: Using Linear Regression Estimator
[2026-04-24 04:26:47,174][dowhy.causal_estimator][INFO] - b: X4~X0+X0*X1
[2026-04-24 04:26:47,182][dowhy.causal_model][INFO] - Model to find the causal effect of treatment ['X0'] on outcome ['X5']
[2026-04-24 04:26:47,182][dowhy.causal_identifier.auto_identifier][INFO] - Causal effect can be identified.
[2026-04-24 04:26:47,183][dowhy.causal_identifier.auto_identifier][INFO] - Instrumental variables for treatment and outcome:[]
[2026-04-24 04:26:47,184][dowhy.causal_identifier.auto_identifier][INFO] - Frontdoor variables for treatment and outcome:[]
[2026-04-24 04:26:47,184][dowhy.causal_model][INFO] - linear_regression
[2026-04-24 04:26:47,184][dowhy.causal_estimator][INFO] - INFO: Using Linear Regression Estimator
[2026-04-24 04:26:47,184][dowhy.causal_estimator][INFO] - b: X5~X0+X0*X1
[2026-04-24 04:26:47,192][dowhy.causal_model][INFO] - Model to find the causal effect of treatment ['X0'] on outcome ['X6']
[2026-04-24 04:26:47,192][dowhy.causal_identifier.auto_identifier][INFO] - Causal effect can be identified.
[2026-04-24 04:26:47,193][dowhy.causal_identifier.auto_identifier][INFO] - Instrumental variables for treatment and outcome:[]
[2026-04-24 04:26:47,194][dowhy.causal_identifier.auto_identifier][INFO] - Frontdoor variables for treatment and outcome:[]
[2026-04-24 04:26:47,194][dowhy.causal_model][INFO] - linear_regression
[2026-04-24 04:26:47,194][dowhy.causal_estimator][INFO] - INFO: Using Linear Regression Estimator
[2026-04-24 04:26:47,194][dowhy.causal_estimator][INFO] - b: X6~X0+X0*X1
[2026-04-24 04:26:47,201][dowhy.causal_model][INFO] - Model to find the causal effect of treatment ['X0'] on outcome ['X7']
[2026-04-24 04:26:47,202][dowhy.causal_identifier.auto_identifier][INFO] - Causal effect can be identified.
[2026-04-24 04:26:47,203][dowhy.causal_identifier.auto_identifier][INFO] - Instrumental variables for treatment and outcome:[]
[2026-04-24 04:26:47,204][dowhy.causal_identifier.auto_identifier][INFO] - Frontdoor variables for treatment and outcome:['X3', 'X4', 'X5', 'X6']
[2026-04-24 04:26:47,205][dowhy.causal_identifier.auto_identifier][INFO] - Causal effect can be identified.
[2026-04-24 04:26:47,206][dowhy.causal_identifier.auto_identifier][INFO] - Causal effect can be identified.
[2026-04-24 04:26:47,207][dowhy.causal_model][INFO] - linear_regression
[2026-04-24 04:26:47,207][dowhy.causal_estimator][INFO] - INFO: Using Linear Regression Estimator
[2026-04-24 04:26:47,207][dowhy.causal_estimator][INFO] - b: X7~X0+X0*X1+X0*X2
[2026-04-24 04:26:47,251][dowhy.causal_model][INFO] - Model to find the causal effect of treatment ['X1'] on outcome ['X0']
[2026-04-24 04:26:47,251][dowhy.causal_identifier.auto_identifier][WARNING] - No directed path from treatment to outcome. Causal Effect is zero.
[2026-04-24 04:26:47,251][dowhy.causal_model][INFO] - linear_regression
[2026-04-24 04:26:47,251][dowhy.causal_estimator][INFO] - INFO: Using Linear Regression Estimator
[2026-04-24 04:26:47,251][dowhy.causal_estimator][WARNING] - No directed path from ['X1'] to ['X0'].
[2026-04-24 04:26:47,253][dowhy.causal_model][INFO] - Model to find the causal effect of treatment ['X1'] on outcome ['X2']
[2026-04-24 04:26:47,253][dowhy.causal_identifier.auto_identifier][WARNING] - No directed path from treatment to outcome. Causal Effect is zero.
[2026-04-24 04:26:47,253][dowhy.causal_model][INFO] - linear_regression
[2026-04-24 04:26:47,253][dowhy.causal_estimator][INFO] - INFO: Using Linear Regression Estimator
[2026-04-24 04:26:47,253][dowhy.causal_estimator][WARNING] - No directed path from ['X1'] to ['X2'].
[2026-04-24 04:26:47,255][dowhy.causal_model][INFO] - Model to find the causal effect of treatment ['X1'] on outcome ['X3']
[2026-04-24 04:26:47,256][dowhy.causal_identifier.auto_identifier][INFO] - Causal effect can be identified.
[2026-04-24 04:26:47,256][dowhy.causal_identifier.auto_identifier][INFO] - Instrumental variables for treatment and outcome:[]
[2026-04-24 04:26:47,256][dowhy.causal_identifier.auto_identifier][INFO] - Frontdoor variables for treatment and outcome:[]
[2026-04-24 04:26:47,257][dowhy.causal_model][INFO] - linear_regression
[2026-04-24 04:26:47,257][dowhy.causal_estimator][INFO] - INFO: Using Linear Regression Estimator
[2026-04-24 04:26:47,257][dowhy.causal_estimator][INFO] - b: X3~X1+X1*X0
[2026-04-24 04:26:47,265][dowhy.causal_model][INFO] - Model to find the causal effect of treatment ['X1'] on outcome ['X4']
[2026-04-24 04:26:47,266][dowhy.causal_identifier.auto_identifier][INFO] - Causal effect can be identified.
[2026-04-24 04:26:47,266][dowhy.causal_identifier.auto_identifier][INFO] - Instrumental variables for treatment and outcome:[]
[2026-04-24 04:26:47,267][dowhy.causal_identifier.auto_identifier][INFO] - Frontdoor variables for treatment and outcome:[]
[2026-04-24 04:26:47,267][dowhy.causal_model][INFO] - linear_regression
[2026-04-24 04:26:47,267][dowhy.causal_estimator][INFO] - INFO: Using Linear Regression Estimator
[2026-04-24 04:26:47,267][dowhy.causal_estimator][INFO] - b: X4~X1+X1*X0
[2026-04-24 04:26:47,275][dowhy.causal_model][INFO] - Model to find the causal effect of treatment ['X1'] on outcome ['X5']
[2026-04-24 04:26:47,276][dowhy.causal_identifier.auto_identifier][INFO] - Causal effect can be identified.
[2026-04-24 04:26:47,276][dowhy.causal_identifier.auto_identifier][INFO] - Instrumental variables for treatment and outcome:[]
[2026-04-24 04:26:47,277][dowhy.causal_identifier.auto_identifier][INFO] - Frontdoor variables for treatment and outcome:[]
[2026-04-24 04:26:47,277][dowhy.causal_model][INFO] - linear_regression
[2026-04-24 04:26:47,278][dowhy.causal_estimator][INFO] - INFO: Using Linear Regression Estimator
[2026-04-24 04:26:47,278][dowhy.causal_estimator][INFO] - b: X5~X1+X1*X0
[2026-04-24 04:26:47,286][dowhy.causal_model][INFO] - Model to find the causal effect of treatment ['X1'] on outcome ['X6']
[2026-04-24 04:26:47,287][dowhy.causal_identifier.auto_identifier][INFO] - Causal effect can be identified.
[2026-04-24 04:26:47,287][dowhy.causal_identifier.auto_identifier][INFO] - Instrumental variables for treatment and outcome:[]
[2026-04-24 04:26:47,289][dowhy.causal_identifier.auto_identifier][INFO] - Frontdoor variables for treatment and outcome:[]
[2026-04-24 04:26:47,289][dowhy.causal_model][INFO] - linear_regression
[2026-04-24 04:26:47,289][dowhy.causal_estimator][INFO] - INFO: Using Linear Regression Estimator
[2026-04-24 04:26:47,289][dowhy.causal_estimator][INFO] - b: X6~X1+X1*X0
[2026-04-24 04:26:47,298][dowhy.causal_model][INFO] - Model to find the causal effect of treatment ['X1'] on outcome ['X7']
[2026-04-24 04:26:47,299][dowhy.causal_identifier.auto_identifier][INFO] - Causal effect can be identified.
[2026-04-24 04:26:47,299][dowhy.causal_identifier.auto_identifier][INFO] - Instrumental variables for treatment and outcome:[]
[2026-04-24 04:26:47,301][dowhy.causal_identifier.auto_identifier][INFO] - Frontdoor variables for treatment and outcome:['X3', 'X4', 'X5', 'X6']
[2026-04-24 04:26:47,302][dowhy.causal_identifier.auto_identifier][INFO] - Causal effect can be identified.
[2026-04-24 04:26:47,303][dowhy.causal_identifier.auto_identifier][INFO] - Causal effect can be identified.
[2026-04-24 04:26:47,304][dowhy.causal_model][INFO] - linear_regression
[2026-04-24 04:26:47,304][dowhy.causal_estimator][INFO] - INFO: Using Linear Regression Estimator
[2026-04-24 04:26:47,304][dowhy.causal_estimator][INFO] - b: X7~X1+X1*X2+X1*X0
[2026-04-24 04:26:47,348][dowhy.causal_model][INFO] - Model to find the causal effect of treatment ['X2'] on outcome ['X0']
[2026-04-24 04:26:47,348][dowhy.causal_identifier.auto_identifier][WARNING] - No directed path from treatment to outcome. Causal Effect is zero.
[2026-04-24 04:26:47,348][dowhy.causal_model][INFO] - linear_regression
[2026-04-24 04:26:47,348][dowhy.causal_estimator][INFO] - INFO: Using Linear Regression Estimator
[2026-04-24 04:26:47,348][dowhy.causal_estimator][WARNING] - No directed path from ['X2'] to ['X0'].
[2026-04-24 04:26:47,350][dowhy.causal_model][INFO] - Model to find the causal effect of treatment ['X2'] on outcome ['X1']
[2026-04-24 04:26:47,350][dowhy.causal_identifier.auto_identifier][WARNING] - No directed path from treatment to outcome. Causal Effect is zero.
[2026-04-24 04:26:47,350][dowhy.causal_model][INFO] - linear_regression
[2026-04-24 04:26:47,350][dowhy.causal_estimator][INFO] - INFO: Using Linear Regression Estimator
[2026-04-24 04:26:47,350][dowhy.causal_estimator][WARNING] - No directed path from ['X2'] to ['X1'].
[2026-04-24 04:26:47,352][dowhy.causal_model][INFO] - Model to find the causal effect of treatment ['X2'] on outcome ['X3']
[2026-04-24 04:26:47,352][dowhy.causal_identifier.auto_identifier][WARNING] - No directed path from treatment to outcome. Causal Effect is zero.
[2026-04-24 04:26:47,352][dowhy.causal_model][INFO] - linear_regression
[2026-04-24 04:26:47,352][dowhy.causal_estimator][INFO] - INFO: Using Linear Regression Estimator
[2026-04-24 04:26:47,352][dowhy.causal_estimator][WARNING] - No directed path from ['X2'] to ['X3'].
[2026-04-24 04:26:47,353][dowhy.causal_model][INFO] - Model to find the causal effect of treatment ['X2'] on outcome ['X4']
[2026-04-24 04:26:47,353][dowhy.causal_identifier.auto_identifier][WARNING] - No directed path from treatment to outcome. Causal Effect is zero.
[2026-04-24 04:26:47,354][dowhy.causal_model][INFO] - linear_regression
[2026-04-24 04:26:47,354][dowhy.causal_estimator][INFO] - INFO: Using Linear Regression Estimator
[2026-04-24 04:26:47,354][dowhy.causal_estimator][WARNING] - No directed path from ['X2'] to ['X4'].
[2026-04-24 04:26:47,355][dowhy.causal_model][INFO] - Model to find the causal effect of treatment ['X2'] on outcome ['X5']
[2026-04-24 04:26:47,355][dowhy.causal_identifier.auto_identifier][WARNING] - No directed path from treatment to outcome. Causal Effect is zero.
[2026-04-24 04:26:47,355][dowhy.causal_model][INFO] - linear_regression
[2026-04-24 04:26:47,355][dowhy.causal_estimator][INFO] - INFO: Using Linear Regression Estimator
[2026-04-24 04:26:47,355][dowhy.causal_estimator][WARNING] - No directed path from ['X2'] to ['X5'].
[2026-04-24 04:26:47,357][dowhy.causal_model][INFO] - Model to find the causal effect of treatment ['X2'] on outcome ['X6']
[2026-04-24 04:26:47,357][dowhy.causal_identifier.auto_identifier][WARNING] - No directed path from treatment to outcome. Causal Effect is zero.
[2026-04-24 04:26:47,357][dowhy.causal_model][INFO] - linear_regression
[2026-04-24 04:26:47,357][dowhy.causal_estimator][INFO] - INFO: Using Linear Regression Estimator
[2026-04-24 04:26:47,357][dowhy.causal_estimator][WARNING] - No directed path from ['X2'] to ['X6'].
[2026-04-24 04:26:47,359][dowhy.causal_model][INFO] - Model to find the causal effect of treatment ['X2'] on outcome ['X7']
[2026-04-24 04:26:47,360][dowhy.causal_identifier.auto_identifier][INFO] - Causal effect can be identified.
[2026-04-24 04:26:47,361][dowhy.causal_identifier.auto_identifier][INFO] - Instrumental variables for treatment and outcome:[]
[2026-04-24 04:26:47,361][dowhy.causal_identifier.auto_identifier][INFO] - Frontdoor variables for treatment and outcome:[]
[2026-04-24 04:26:47,361][dowhy.causal_model][INFO] - linear_regression
[2026-04-24 04:26:47,361][dowhy.causal_estimator][INFO] - INFO: Using Linear Regression Estimator
[2026-04-24 04:26:47,361][dowhy.causal_estimator][INFO] - b: X7~X2+X2*X3+X2*X1+X2*X4+X2*X0
[2026-04-24 04:26:47,401][dowhy.causal_model][INFO] - Model to find the causal effect of treatment ['X3'] on outcome ['X0']
[2026-04-24 04:26:47,401][dowhy.causal_identifier.auto_identifier][WARNING] - No directed path from treatment to outcome. Causal Effect is zero.
[2026-04-24 04:26:47,401][dowhy.causal_model][INFO] - linear_regression
[2026-04-24 04:26:47,401][dowhy.causal_estimator][INFO] - INFO: Using Linear Regression Estimator
[2026-04-24 04:26:47,401][dowhy.causal_estimator][WARNING] - No directed path from ['X3'] to ['X0'].
[2026-04-24 04:26:47,403][dowhy.causal_model][INFO] - Model to find the causal effect of treatment ['X3'] on outcome ['X1']
[2026-04-24 04:26:47,403][dowhy.causal_identifier.auto_identifier][WARNING] - No directed path from treatment to outcome. Causal Effect is zero.
[2026-04-24 04:26:47,403][dowhy.causal_model][INFO] - linear_regression
[2026-04-24 04:26:47,403][dowhy.causal_estimator][INFO] - INFO: Using Linear Regression Estimator
[2026-04-24 04:26:47,403][dowhy.causal_estimator][WARNING] - No directed path from ['X3'] to ['X1'].
[2026-04-24 04:26:47,405][dowhy.causal_model][INFO] - Model to find the causal effect of treatment ['X3'] on outcome ['X2']
[2026-04-24 04:26:47,405][dowhy.causal_identifier.auto_identifier][WARNING] - No directed path from treatment to outcome. Causal Effect is zero.
[2026-04-24 04:26:47,405][dowhy.causal_model][INFO] - linear_regression
[2026-04-24 04:26:47,405][dowhy.causal_estimator][INFO] - INFO: Using Linear Regression Estimator
[2026-04-24 04:26:47,405][dowhy.causal_estimator][WARNING] - No directed path from ['X3'] to ['X2'].
[2026-04-24 04:26:47,407][dowhy.causal_model][INFO] - Model to find the causal effect of treatment ['X3'] on outcome ['X4']
[2026-04-24 04:26:47,407][dowhy.causal_identifier.auto_identifier][INFO] - Causal effect can be identified.
[2026-04-24 04:26:47,408][dowhy.causal_identifier.auto_identifier][INFO] - Instrumental variables for treatment and outcome:['X0']
[2026-04-24 04:26:47,408][dowhy.causal_identifier.auto_identifier][INFO] - Frontdoor variables for treatment and outcome:[]
[2026-04-24 04:26:47,408][dowhy.causal_model][INFO] - linear_regression
[2026-04-24 04:26:47,408][dowhy.causal_estimator][INFO] - INFO: Using Linear Regression Estimator
[2026-04-24 04:26:47,408][dowhy.causal_estimator][INFO] - b: X4~X3+X1
[2026-04-24 04:26:47,416][dowhy.causal_model][INFO] - Model to find the causal effect of treatment ['X3'] on outcome ['X5']
[2026-04-24 04:26:47,417][dowhy.causal_identifier.auto_identifier][INFO] - Causal effect can be identified.
[2026-04-24 04:26:47,417][dowhy.causal_identifier.auto_identifier][INFO] - Instrumental variables for treatment and outcome:['X1']
[2026-04-24 04:26:47,418][dowhy.causal_identifier.auto_identifier][INFO] - Frontdoor variables for treatment and outcome:[]
[2026-04-24 04:26:47,418][dowhy.causal_model][INFO] - linear_regression
[2026-04-24 04:26:47,418][dowhy.causal_estimator][INFO] - INFO: Using Linear Regression Estimator
[2026-04-24 04:26:47,418][dowhy.causal_estimator][INFO] - b: X5~X3+X0
[2026-04-24 04:26:47,426][dowhy.causal_model][INFO] - Model to find the causal effect of treatment ['X3'] on outcome ['X6']
[2026-04-24 04:26:47,427][dowhy.causal_identifier.auto_identifier][INFO] - Causal effect can be identified.
[2026-04-24 04:26:47,427][dowhy.causal_identifier.auto_identifier][INFO] - Instrumental variables for treatment and outcome:['X0']
[2026-04-24 04:26:47,428][dowhy.causal_identifier.auto_identifier][INFO] - Frontdoor variables for treatment and outcome:[]
[2026-04-24 04:26:47,428][dowhy.causal_model][INFO] - linear_regression
[2026-04-24 04:26:47,428][dowhy.causal_estimator][INFO] - INFO: Using Linear Regression Estimator
[2026-04-24 04:26:47,428][dowhy.causal_estimator][INFO] - b: X6~X3+X1
[2026-04-24 04:26:47,435][dowhy.causal_model][INFO] - Model to find the causal effect of treatment ['X3'] on outcome ['X7']
[2026-04-24 04:26:47,436][dowhy.causal_identifier.auto_identifier][INFO] - Causal effect can be identified.
[2026-04-24 04:26:47,437][dowhy.causal_identifier.auto_identifier][INFO] - Instrumental variables for treatment and outcome:['X0']
[2026-04-24 04:26:47,438][dowhy.causal_identifier.auto_identifier][INFO] - Frontdoor variables for treatment and outcome:[]
[2026-04-24 04:26:47,438][dowhy.causal_model][INFO] - linear_regression
[2026-04-24 04:26:47,438][dowhy.causal_estimator][INFO] - INFO: Using Linear Regression Estimator
[2026-04-24 04:26:47,438][dowhy.causal_estimator][INFO] - b: X7~X3+X1+X3*X2
[2026-04-24 04:26:47,483][dowhy.causal_model][INFO] - Model to find the causal effect of treatment ['X4'] on outcome ['X0']
[2026-04-24 04:26:47,483][dowhy.causal_identifier.auto_identifier][WARNING] - No directed path from treatment to outcome. Causal Effect is zero.
[2026-04-24 04:26:47,483][dowhy.causal_model][INFO] - linear_regression
[2026-04-24 04:26:47,483][dowhy.causal_estimator][INFO] - INFO: Using Linear Regression Estimator
[2026-04-24 04:26:47,483][dowhy.causal_estimator][WARNING] - No directed path from ['X4'] to ['X0'].
[2026-04-24 04:26:47,485][dowhy.causal_model][INFO] - Model to find the causal effect of treatment ['X4'] on outcome ['X1']
[2026-04-24 04:26:47,485][dowhy.causal_identifier.auto_identifier][WARNING] - No directed path from treatment to outcome. Causal Effect is zero.
[2026-04-24 04:26:47,485][dowhy.causal_model][INFO] - linear_regression
[2026-04-24 04:26:47,485][dowhy.causal_estimator][INFO] - INFO: Using Linear Regression Estimator
[2026-04-24 04:26:47,485][dowhy.causal_estimator][WARNING] - No directed path from ['X4'] to ['X1'].
[2026-04-24 04:26:47,487][dowhy.causal_model][INFO] - Model to find the causal effect of treatment ['X4'] on outcome ['X2']
[2026-04-24 04:26:47,487][dowhy.causal_identifier.auto_identifier][WARNING] - No directed path from treatment to outcome. Causal Effect is zero.
[2026-04-24 04:26:47,487][dowhy.causal_model][INFO] - linear_regression
[2026-04-24 04:26:47,487][dowhy.causal_estimator][INFO] - INFO: Using Linear Regression Estimator
[2026-04-24 04:26:47,487][dowhy.causal_estimator][WARNING] - No directed path from ['X4'] to ['X2'].
[2026-04-24 04:26:47,489][dowhy.causal_model][INFO] - Model to find the causal effect of treatment ['X4'] on outcome ['X3']
[2026-04-24 04:26:47,489][dowhy.causal_identifier.auto_identifier][WARNING] - No directed path from treatment to outcome. Causal Effect is zero.
[2026-04-24 04:26:47,489][dowhy.causal_model][INFO] - linear_regression
[2026-04-24 04:26:47,489][dowhy.causal_estimator][INFO] - INFO: Using Linear Regression Estimator
[2026-04-24 04:26:47,489][dowhy.causal_estimator][WARNING] - No directed path from ['X4'] to ['X3'].
[2026-04-24 04:26:47,491][dowhy.causal_model][INFO] - Model to find the causal effect of treatment ['X4'] on outcome ['X5']
[2026-04-24 04:26:47,491][dowhy.causal_identifier.auto_identifier][WARNING] - No directed path from treatment to outcome. Causal Effect is zero.
[2026-04-24 04:26:47,491][dowhy.causal_model][INFO] - linear_regression
[2026-04-24 04:26:47,491][dowhy.causal_estimator][INFO] - INFO: Using Linear Regression Estimator
[2026-04-24 04:26:47,491][dowhy.causal_estimator][WARNING] - No directed path from ['X4'] to ['X5'].
[2026-04-24 04:26:47,493][dowhy.causal_model][INFO] - Model to find the causal effect of treatment ['X4'] on outcome ['X6']
[2026-04-24 04:26:47,494][dowhy.causal_identifier.auto_identifier][INFO] - Causal effect can be identified.
[2026-04-24 04:26:47,494][dowhy.causal_identifier.auto_identifier][INFO] - Instrumental variables for treatment and outcome:[]
[2026-04-24 04:26:47,494][dowhy.causal_identifier.auto_identifier][INFO] - Frontdoor variables for treatment and outcome:[]
[2026-04-24 04:26:47,495][dowhy.causal_model][INFO] - linear_regression
[2026-04-24 04:26:47,495][dowhy.causal_estimator][INFO] - INFO: Using Linear Regression Estimator
[2026-04-24 04:26:47,495][dowhy.causal_estimator][INFO] - b: X6~X4+X1
[2026-04-24 04:26:47,504][dowhy.causal_model][INFO] - Model to find the causal effect of treatment ['X4'] on outcome ['X7']
[2026-04-24 04:26:47,505][dowhy.causal_identifier.auto_identifier][INFO] - Causal effect can be identified.
[2026-04-24 04:26:47,506][dowhy.causal_identifier.auto_identifier][INFO] - Instrumental variables for treatment and outcome:['X3', 'X1']
[2026-04-24 04:26:47,506][dowhy.causal_identifier.auto_identifier][INFO] - Frontdoor variables for treatment and outcome:[]
[2026-04-24 04:26:47,506][dowhy.causal_model][INFO] - linear_regression
[2026-04-24 04:26:47,506][dowhy.causal_estimator][INFO] - INFO: Using Linear Regression Estimator
[2026-04-24 04:26:47,507][dowhy.causal_estimator][INFO] - b: X7~X4+X4*X2
[2026-04-24 04:26:47,553][dowhy.causal_model][INFO] - Model to find the causal effect of treatment ['X5'] on outcome ['X0']
[2026-04-24 04:26:47,553][dowhy.causal_identifier.auto_identifier][WARNING] - No directed path from treatment to outcome. Causal Effect is zero.
[2026-04-24 04:26:47,553][dowhy.causal_model][INFO] - linear_regression
[2026-04-24 04:26:47,553][dowhy.causal_estimator][INFO] - INFO: Using Linear Regression Estimator
[2026-04-24 04:26:47,553][dowhy.causal_estimator][WARNING] - No directed path from ['X5'] to ['X0'].
[2026-04-24 04:26:47,555][dowhy.causal_model][INFO] - Model to find the causal effect of treatment ['X5'] on outcome ['X1']
[2026-04-24 04:26:47,555][dowhy.causal_identifier.auto_identifier][WARNING] - No directed path from treatment to outcome. Causal Effect is zero.
[2026-04-24 04:26:47,555][dowhy.causal_model][INFO] - linear_regression
[2026-04-24 04:26:47,555][dowhy.causal_estimator][INFO] - INFO: Using Linear Regression Estimator
[2026-04-24 04:26:47,555][dowhy.causal_estimator][WARNING] - No directed path from ['X5'] to ['X1'].
[2026-04-24 04:26:47,557][dowhy.causal_model][INFO] - Model to find the causal effect of treatment ['X5'] on outcome ['X2']
[2026-04-24 04:26:47,557][dowhy.causal_identifier.auto_identifier][WARNING] - No directed path from treatment to outcome. Causal Effect is zero.
[2026-04-24 04:26:47,557][dowhy.causal_model][INFO] - linear_regression
[2026-04-24 04:26:47,557][dowhy.causal_estimator][INFO] - INFO: Using Linear Regression Estimator
[2026-04-24 04:26:47,557][dowhy.causal_estimator][WARNING] - No directed path from ['X5'] to ['X2'].
[2026-04-24 04:26:47,559][dowhy.causal_model][INFO] - Model to find the causal effect of treatment ['X5'] on outcome ['X3']
[2026-04-24 04:26:47,559][dowhy.causal_identifier.auto_identifier][WARNING] - No directed path from treatment to outcome. Causal Effect is zero.
[2026-04-24 04:26:47,559][dowhy.causal_model][INFO] - linear_regression
[2026-04-24 04:26:47,559][dowhy.causal_estimator][INFO] - INFO: Using Linear Regression Estimator
[2026-04-24 04:26:47,559][dowhy.causal_estimator][WARNING] - No directed path from ['X5'] to ['X3'].
[2026-04-24 04:26:47,561][dowhy.causal_model][INFO] - Model to find the causal effect of treatment ['X5'] on outcome ['X4']
[2026-04-24 04:26:47,561][dowhy.causal_identifier.auto_identifier][WARNING] - No directed path from treatment to outcome. Causal Effect is zero.
[2026-04-24 04:26:47,561][dowhy.causal_model][INFO] - linear_regression
[2026-04-24 04:26:47,561][dowhy.causal_estimator][INFO] - INFO: Using Linear Regression Estimator
[2026-04-24 04:26:47,561][dowhy.causal_estimator][WARNING] - No directed path from ['X5'] to ['X4'].
[2026-04-24 04:26:47,563][dowhy.causal_model][INFO] - Model to find the causal effect of treatment ['X5'] on outcome ['X6']
[2026-04-24 04:26:47,563][dowhy.causal_identifier.auto_identifier][WARNING] - No directed path from treatment to outcome. Causal Effect is zero.
[2026-04-24 04:26:47,563][dowhy.causal_model][INFO] - linear_regression
[2026-04-24 04:26:47,564][dowhy.causal_estimator][INFO] - INFO: Using Linear Regression Estimator
[2026-04-24 04:26:47,564][dowhy.causal_estimator][WARNING] - No directed path from ['X5'] to ['X6'].
[2026-04-24 04:26:47,566][dowhy.causal_model][INFO] - Model to find the causal effect of treatment ['X5'] on outcome ['X7']
[2026-04-24 04:26:47,566][dowhy.causal_identifier.auto_identifier][WARNING] - No directed path from treatment to outcome. Causal Effect is zero.
[2026-04-24 04:26:47,566][dowhy.causal_model][INFO] - linear_regression
[2026-04-24 04:26:47,566][dowhy.causal_estimator][INFO] - INFO: Using Linear Regression Estimator
[2026-04-24 04:26:47,566][dowhy.causal_estimator][WARNING] - No directed path from ['X5'] to ['X7'].
[2026-04-24 04:26:47,600][dowhy.causal_model][INFO] - Model to find the causal effect of treatment ['X6'] on outcome ['X0']
[2026-04-24 04:26:47,600][dowhy.causal_identifier.auto_identifier][WARNING] - No directed path from treatment to outcome. Causal Effect is zero.
[2026-04-24 04:26:47,600][dowhy.causal_model][INFO] - linear_regression
[2026-04-24 04:26:47,601][dowhy.causal_estimator][INFO] - INFO: Using Linear Regression Estimator
[2026-04-24 04:26:47,601][dowhy.causal_estimator][WARNING] - No directed path from ['X6'] to ['X0'].
[2026-04-24 04:26:47,602][dowhy.causal_model][INFO] - Model to find the causal effect of treatment ['X6'] on outcome ['X1']
[2026-04-24 04:26:47,602][dowhy.causal_identifier.auto_identifier][WARNING] - No directed path from treatment to outcome. Causal Effect is zero.
[2026-04-24 04:26:47,602][dowhy.causal_model][INFO] - linear_regression
[2026-04-24 04:26:47,602][dowhy.causal_estimator][INFO] - INFO: Using Linear Regression Estimator
[2026-04-24 04:26:47,602][dowhy.causal_estimator][WARNING] - No directed path from ['X6'] to ['X1'].
[2026-04-24 04:26:47,604][dowhy.causal_model][INFO] - Model to find the causal effect of treatment ['X6'] on outcome ['X2']
[2026-04-24 04:26:47,604][dowhy.causal_identifier.auto_identifier][WARNING] - No directed path from treatment to outcome. Causal Effect is zero.
[2026-04-24 04:26:47,604][dowhy.causal_model][INFO] - linear_regression
[2026-04-24 04:26:47,604][dowhy.causal_estimator][INFO] - INFO: Using Linear Regression Estimator
[2026-04-24 04:26:47,604][dowhy.causal_estimator][WARNING] - No directed path from ['X6'] to ['X2'].
[2026-04-24 04:26:47,606][dowhy.causal_model][INFO] - Model to find the causal effect of treatment ['X6'] on outcome ['X3']
[2026-04-24 04:26:47,606][dowhy.causal_identifier.auto_identifier][WARNING] - No directed path from treatment to outcome. Causal Effect is zero.
[2026-04-24 04:26:47,606][dowhy.causal_model][INFO] - linear_regression
[2026-04-24 04:26:47,606][dowhy.causal_estimator][INFO] - INFO: Using Linear Regression Estimator
[2026-04-24 04:26:47,606][dowhy.causal_estimator][WARNING] - No directed path from ['X6'] to ['X3'].
[2026-04-24 04:26:47,607][dowhy.causal_model][INFO] - Model to find the causal effect of treatment ['X6'] on outcome ['X4']
[2026-04-24 04:26:47,608][dowhy.causal_identifier.auto_identifier][WARNING] - No directed path from treatment to outcome. Causal Effect is zero.
[2026-04-24 04:26:47,608][dowhy.causal_model][INFO] - linear_regression
[2026-04-24 04:26:47,608][dowhy.causal_estimator][INFO] - INFO: Using Linear Regression Estimator
[2026-04-24 04:26:47,608][dowhy.causal_estimator][WARNING] - No directed path from ['X6'] to ['X4'].
[2026-04-24 04:26:47,609][dowhy.causal_model][INFO] - Model to find the causal effect of treatment ['X6'] on outcome ['X5']
[2026-04-24 04:26:47,609][dowhy.causal_identifier.auto_identifier][WARNING] - No directed path from treatment to outcome. Causal Effect is zero.
[2026-04-24 04:26:47,609][dowhy.causal_model][INFO] - linear_regression
[2026-04-24 04:26:47,609][dowhy.causal_estimator][INFO] - INFO: Using Linear Regression Estimator
[2026-04-24 04:26:47,609][dowhy.causal_estimator][WARNING] - No directed path from ['X6'] to ['X5'].
[2026-04-24 04:26:47,611][dowhy.causal_model][INFO] - Model to find the causal effect of treatment ['X6'] on outcome ['X7']
[2026-04-24 04:26:47,611][dowhy.causal_identifier.auto_identifier][WARNING] - No directed path from treatment to outcome. Causal Effect is zero.
[2026-04-24 04:26:47,611][dowhy.causal_model][INFO] - linear_regression
[2026-04-24 04:26:47,611][dowhy.causal_estimator][INFO] - INFO: Using Linear Regression Estimator
[2026-04-24 04:26:47,611][dowhy.causal_estimator][WARNING] - No directed path from ['X6'] to ['X7'].
[2026-04-24 04:26:47,643][dowhy.causal_model][INFO] - Model to find the causal effect of treatment ['X7'] on outcome ['X0']
[2026-04-24 04:26:47,643][dowhy.causal_identifier.auto_identifier][WARNING] - No directed path from treatment to outcome. Causal Effect is zero.
[2026-04-24 04:26:47,643][dowhy.causal_model][INFO] - linear_regression
[2026-04-24 04:26:47,643][dowhy.causal_estimator][INFO] - INFO: Using Linear Regression Estimator
[2026-04-24 04:26:47,643][dowhy.causal_estimator][WARNING] - No directed path from ['X7'] to ['X0'].
[2026-04-24 04:26:47,645][dowhy.causal_model][INFO] - Model to find the causal effect of treatment ['X7'] on outcome ['X1']
[2026-04-24 04:26:47,645][dowhy.causal_identifier.auto_identifier][WARNING] - No directed path from treatment to outcome. Causal Effect is zero.
[2026-04-24 04:26:47,645][dowhy.causal_model][INFO] - linear_regression
[2026-04-24 04:26:47,645][dowhy.causal_estimator][INFO] - INFO: Using Linear Regression Estimator
[2026-04-24 04:26:47,645][dowhy.causal_estimator][WARNING] - No directed path from ['X7'] to ['X1'].
[2026-04-24 04:26:47,646][dowhy.causal_model][INFO] - Model to find the causal effect of treatment ['X7'] on outcome ['X2']
[2026-04-24 04:26:47,646][dowhy.causal_identifier.auto_identifier][WARNING] - No directed path from treatment to outcome. Causal Effect is zero.
[2026-04-24 04:26:47,646][dowhy.causal_model][INFO] - linear_regression
[2026-04-24 04:26:47,646][dowhy.causal_estimator][INFO] - INFO: Using Linear Regression Estimator
[2026-04-24 04:26:47,646][dowhy.causal_estimator][WARNING] - No directed path from ['X7'] to ['X2'].
[2026-04-24 04:26:47,648][dowhy.causal_model][INFO] - Model to find the causal effect of treatment ['X7'] on outcome ['X3']
[2026-04-24 04:26:47,648][dowhy.causal_identifier.auto_identifier][WARNING] - No directed path from treatment to outcome. Causal Effect is zero.
[2026-04-24 04:26:47,648][dowhy.causal_model][INFO] - linear_regression
[2026-04-24 04:26:47,648][dowhy.causal_estimator][INFO] - INFO: Using Linear Regression Estimator
[2026-04-24 04:26:47,648][dowhy.causal_estimator][WARNING] - No directed path from ['X7'] to ['X3'].
[2026-04-24 04:26:47,650][dowhy.causal_model][INFO] - Model to find the causal effect of treatment ['X7'] on outcome ['X4']
[2026-04-24 04:26:47,650][dowhy.causal_identifier.auto_identifier][WARNING] - No directed path from treatment to outcome. Causal Effect is zero.
[2026-04-24 04:26:47,650][dowhy.causal_model][INFO] - linear_regression
[2026-04-24 04:26:47,650][dowhy.causal_estimator][INFO] - INFO: Using Linear Regression Estimator
[2026-04-24 04:26:47,650][dowhy.causal_estimator][WARNING] - No directed path from ['X7'] to ['X4'].
[2026-04-24 04:26:47,651][dowhy.causal_model][INFO] - Model to find the causal effect of treatment ['X7'] on outcome ['X5']
[2026-04-24 04:26:47,651][dowhy.causal_identifier.auto_identifier][WARNING] - No directed path from treatment to outcome. Causal Effect is zero.
[2026-04-24 04:26:47,652][dowhy.causal_model][INFO] - linear_regression
[2026-04-24 04:26:47,652][dowhy.causal_estimator][INFO] - INFO: Using Linear Regression Estimator
[2026-04-24 04:26:47,652][dowhy.causal_estimator][WARNING] - No directed path from ['X7'] to ['X5'].
[2026-04-24 04:26:47,653][dowhy.causal_model][INFO] - Model to find the causal effect of treatment ['X7'] on outcome ['X6']
[2026-04-24 04:26:47,653][dowhy.causal_identifier.auto_identifier][WARNING] - No directed path from treatment to outcome. Causal Effect is zero.
[2026-04-24 04:26:47,653][dowhy.causal_model][INFO] - linear_regression
[2026-04-24 04:26:47,653][dowhy.causal_estimator][INFO] - INFO: Using Linear Regression Estimator
[2026-04-24 04:26:47,653][dowhy.causal_estimator][WARNING] - No directed path from ['X7'] to ['X6'].
[2026-04-24 04:26:47,703][dowhy.causal_model][INFO] - Model to find the causal effect of treatment ['X0'] on outcome ['X1']
[2026-04-24 04:26:47,703][dowhy.causal_identifier.auto_identifier][WARNING] - No directed path from treatment to outcome. Causal Effect is zero.
[2026-04-24 04:26:47,703][dowhy.causal_model][INFO] - linear_regression
[2026-04-24 04:26:47,703][dowhy.causal_estimator][INFO] - INFO: Using Linear Regression Estimator
[2026-04-24 04:26:47,703][dowhy.causal_estimator][WARNING] - No directed path from ['X0'] to ['X1'].
[2026-04-24 04:26:47,705][dowhy.causal_model][INFO] - Model to find the causal effect of treatment ['X0'] on outcome ['X2']
[2026-04-24 04:26:47,705][dowhy.causal_identifier.auto_identifier][WARNING] - No directed path from treatment to outcome. Causal Effect is zero.
[2026-04-24 04:26:47,705][dowhy.causal_model][INFO] - linear_regression
[2026-04-24 04:26:47,705][dowhy.causal_estimator][INFO] - INFO: Using Linear Regression Estimator
[2026-04-24 04:26:47,705][dowhy.causal_estimator][WARNING] - No directed path from ['X0'] to ['X2'].
[2026-04-24 04:26:47,707][dowhy.causal_model][INFO] - Model to find the causal effect of treatment ['X0'] on outcome ['X3']
[2026-04-24 04:26:47,707][dowhy.causal_identifier.auto_identifier][INFO] - Causal effect can be identified.
[2026-04-24 04:26:47,708][dowhy.causal_identifier.auto_identifier][INFO] - Instrumental variables for treatment and outcome:[]
[2026-04-24 04:26:47,708][dowhy.causal_identifier.auto_identifier][INFO] - Frontdoor variables for treatment and outcome:[]
[2026-04-24 04:26:47,708][dowhy.causal_model][INFO] - linear_regression
[2026-04-24 04:26:47,708][dowhy.causal_estimator][INFO] - INFO: Using Linear Regression Estimator
[2026-04-24 04:26:47,708][dowhy.causal_estimator][INFO] - b: X3~X0+X0*X1
[2026-04-24 04:26:47,717][dowhy.causal_model][INFO] - Model to find the causal effect of treatment ['X0'] on outcome ['X4']
[2026-04-24 04:26:47,717][dowhy.causal_identifier.auto_identifier][INFO] - Causal effect can be identified.
[2026-04-24 04:26:47,718][dowhy.causal_identifier.auto_identifier][INFO] - Instrumental variables for treatment and outcome:[]
[2026-04-24 04:26:47,718][dowhy.causal_identifier.auto_identifier][INFO] - Frontdoor variables for treatment and outcome:[]
[2026-04-24 04:26:47,718][dowhy.causal_model][INFO] - linear_regression
[2026-04-24 04:26:47,718][dowhy.causal_estimator][INFO] - INFO: Using Linear Regression Estimator
[2026-04-24 04:26:47,718][dowhy.causal_estimator][INFO] - b: X4~X0+X0*X1
[2026-04-24 04:26:47,727][dowhy.causal_model][INFO] - Model to find the causal effect of treatment ['X0'] on outcome ['X5']
[2026-04-24 04:26:47,727][dowhy.causal_identifier.auto_identifier][INFO] - Causal effect can be identified.
[2026-04-24 04:26:47,728][dowhy.causal_identifier.auto_identifier][INFO] - Instrumental variables for treatment and outcome:[]
[2026-04-24 04:26:47,729][dowhy.causal_identifier.auto_identifier][INFO] - Frontdoor variables for treatment and outcome:[]
[2026-04-24 04:26:47,729][dowhy.causal_model][INFO] - linear_regression
[2026-04-24 04:26:47,729][dowhy.causal_estimator][INFO] - INFO: Using Linear Regression Estimator
[2026-04-24 04:26:47,729][dowhy.causal_estimator][INFO] - b: X5~X0+X0*X1
[2026-04-24 04:26:47,738][dowhy.causal_model][INFO] - Model to find the causal effect of treatment ['X0'] on outcome ['X6']
[2026-04-24 04:26:47,739][dowhy.causal_identifier.auto_identifier][INFO] - Causal effect can be identified.
[2026-04-24 04:26:47,739][dowhy.causal_identifier.auto_identifier][INFO] - Instrumental variables for treatment and outcome:[]
[2026-04-24 04:26:47,740][dowhy.causal_identifier.auto_identifier][INFO] - Frontdoor variables for treatment and outcome:[]
[2026-04-24 04:26:47,740][dowhy.causal_model][INFO] - linear_regression
[2026-04-24 04:26:47,740][dowhy.causal_estimator][INFO] - INFO: Using Linear Regression Estimator
[2026-04-24 04:26:47,741][dowhy.causal_estimator][INFO] - b: X6~X0+X0*X1
[2026-04-24 04:26:47,749][dowhy.causal_model][INFO] - Model to find the causal effect of treatment ['X0'] on outcome ['X7']
[2026-04-24 04:26:47,750][dowhy.causal_identifier.auto_identifier][INFO] - Causal effect can be identified.
[2026-04-24 04:26:47,750][dowhy.causal_identifier.auto_identifier][INFO] - Instrumental variables for treatment and outcome:[]
[2026-04-24 04:26:47,751][dowhy.causal_identifier.auto_identifier][INFO] - Frontdoor variables for treatment and outcome:['X3', 'X4', 'X5', 'X6']
[2026-04-24 04:26:47,752][dowhy.causal_identifier.auto_identifier][INFO] - Causal effect can be identified.
[2026-04-24 04:26:47,754][dowhy.causal_identifier.auto_identifier][INFO] - Causal effect can be identified.
[2026-04-24 04:26:47,755][dowhy.causal_model][INFO] - linear_regression
[2026-04-24 04:26:47,755][dowhy.causal_estimator][INFO] - INFO: Using Linear Regression Estimator
[2026-04-24 04:26:47,755][dowhy.causal_estimator][INFO] - b: X7~X0+X0*X1+X0*X2
[2026-04-24 04:26:47,803][dowhy.causal_model][INFO] - Model to find the causal effect of treatment ['X1'] on outcome ['X0']
[2026-04-24 04:26:47,803][dowhy.causal_identifier.auto_identifier][WARNING] - No directed path from treatment to outcome. Causal Effect is zero.
[2026-04-24 04:26:47,804][dowhy.causal_model][INFO] - linear_regression
[2026-04-24 04:26:47,804][dowhy.causal_estimator][INFO] - INFO: Using Linear Regression Estimator
[2026-04-24 04:26:47,804][dowhy.causal_estimator][WARNING] - No directed path from ['X1'] to ['X0'].
[2026-04-24 04:26:47,805][dowhy.causal_model][INFO] - Model to find the causal effect of treatment ['X1'] on outcome ['X2']
[2026-04-24 04:26:47,806][dowhy.causal_identifier.auto_identifier][WARNING] - No directed path from treatment to outcome. Causal Effect is zero.
[2026-04-24 04:26:47,806][dowhy.causal_model][INFO] - linear_regression
[2026-04-24 04:26:47,806][dowhy.causal_estimator][INFO] - INFO: Using Linear Regression Estimator
[2026-04-24 04:26:47,806][dowhy.causal_estimator][WARNING] - No directed path from ['X1'] to ['X2'].
[2026-04-24 04:26:47,807][dowhy.causal_model][INFO] - Model to find the causal effect of treatment ['X1'] on outcome ['X3']
[2026-04-24 04:26:47,808][dowhy.causal_identifier.auto_identifier][INFO] - Causal effect can be identified.
[2026-04-24 04:26:47,808][dowhy.causal_identifier.auto_identifier][INFO] - Instrumental variables for treatment and outcome:[]
[2026-04-24 04:26:47,809][dowhy.causal_identifier.auto_identifier][INFO] - Frontdoor variables for treatment and outcome:[]
[2026-04-24 04:26:47,809][dowhy.causal_model][INFO] - linear_regression
[2026-04-24 04:26:47,809][dowhy.causal_estimator][INFO] - INFO: Using Linear Regression Estimator
[2026-04-24 04:26:47,809][dowhy.causal_estimator][INFO] - b: X3~X1+X1*X0
[2026-04-24 04:26:47,817][dowhy.causal_model][INFO] - Model to find the causal effect of treatment ['X1'] on outcome ['X4']
[2026-04-24 04:26:47,817][dowhy.causal_identifier.auto_identifier][INFO] - Causal effect can be identified.
[2026-04-24 04:26:47,818][dowhy.causal_identifier.auto_identifier][INFO] - Instrumental variables for treatment and outcome:[]
[2026-04-24 04:26:47,818][dowhy.causal_identifier.auto_identifier][INFO] - Frontdoor variables for treatment and outcome:[]
[2026-04-24 04:26:47,818][dowhy.causal_model][INFO] - linear_regression
[2026-04-24 04:26:47,818][dowhy.causal_estimator][INFO] - INFO: Using Linear Regression Estimator
[2026-04-24 04:26:47,818][dowhy.causal_estimator][INFO] - b: X4~X1+X1*X0
[2026-04-24 04:26:47,826][dowhy.causal_model][INFO] - Model to find the causal effect of treatment ['X1'] on outcome ['X5']
[2026-04-24 04:26:47,827][dowhy.causal_identifier.auto_identifier][INFO] - Causal effect can be identified.
[2026-04-24 04:26:47,827][dowhy.causal_identifier.auto_identifier][INFO] - Instrumental variables for treatment and outcome:[]
[2026-04-24 04:26:47,828][dowhy.causal_identifier.auto_identifier][INFO] - Frontdoor variables for treatment and outcome:[]
[2026-04-24 04:26:47,828][dowhy.causal_model][INFO] - linear_regression
[2026-04-24 04:26:47,828][dowhy.causal_estimator][INFO] - INFO: Using Linear Regression Estimator
[2026-04-24 04:26:47,828][dowhy.causal_estimator][INFO] - b: X5~X1+X1*X0
[2026-04-24 04:26:47,836][dowhy.causal_model][INFO] - Model to find the causal effect of treatment ['X1'] on outcome ['X6']
[2026-04-24 04:26:47,836][dowhy.causal_identifier.auto_identifier][INFO] - Causal effect can be identified.
[2026-04-24 04:26:47,837][dowhy.causal_identifier.auto_identifier][INFO] - Instrumental variables for treatment and outcome:[]
[2026-04-24 04:26:47,838][dowhy.causal_identifier.auto_identifier][INFO] - Frontdoor variables for treatment and outcome:[]
[2026-04-24 04:26:47,838][dowhy.causal_model][INFO] - linear_regression
[2026-04-24 04:26:47,838][dowhy.causal_estimator][INFO] - INFO: Using Linear Regression Estimator
[2026-04-24 04:26:47,838][dowhy.causal_estimator][INFO] - b: X6~X1+X1*X0
[2026-04-24 04:26:47,846][dowhy.causal_model][INFO] - Model to find the causal effect of treatment ['X1'] on outcome ['X7']
[2026-04-24 04:26:47,846][dowhy.causal_identifier.auto_identifier][INFO] - Causal effect can be identified.
[2026-04-24 04:26:47,847][dowhy.causal_identifier.auto_identifier][INFO] - Instrumental variables for treatment and outcome:[]
[2026-04-24 04:26:47,848][dowhy.causal_identifier.auto_identifier][INFO] - Frontdoor variables for treatment and outcome:['X3', 'X4', 'X5', 'X6']
[2026-04-24 04:26:47,849][dowhy.causal_identifier.auto_identifier][INFO] - Causal effect can be identified.
[2026-04-24 04:26:47,850][dowhy.causal_identifier.auto_identifier][INFO] - Causal effect can be identified.
[2026-04-24 04:26:47,851][dowhy.causal_model][INFO] - linear_regression
[2026-04-24 04:26:47,851][dowhy.causal_estimator][INFO] - INFO: Using Linear Regression Estimator
[2026-04-24 04:26:47,851][dowhy.causal_estimator][INFO] - b: X7~X1+X1*X2+X1*X0
[2026-04-24 04:26:47,894][dowhy.causal_model][INFO] - Model to find the causal effect of treatment ['X2'] on outcome ['X0']
[2026-04-24 04:26:47,894][dowhy.causal_identifier.auto_identifier][WARNING] - No directed path from treatment to outcome. Causal Effect is zero.
[2026-04-24 04:26:47,894][dowhy.causal_model][INFO] - linear_regression
[2026-04-24 04:26:47,894][dowhy.causal_estimator][INFO] - INFO: Using Linear Regression Estimator
[2026-04-24 04:26:47,894][dowhy.causal_estimator][WARNING] - No directed path from ['X2'] to ['X0'].
[2026-04-24 04:26:47,896][dowhy.causal_model][INFO] - Model to find the causal effect of treatment ['X2'] on outcome ['X1']
[2026-04-24 04:26:47,896][dowhy.causal_identifier.auto_identifier][WARNING] - No directed path from treatment to outcome. Causal Effect is zero.
[2026-04-24 04:26:47,896][dowhy.causal_model][INFO] - linear_regression
[2026-04-24 04:26:47,896][dowhy.causal_estimator][INFO] - INFO: Using Linear Regression Estimator
[2026-04-24 04:26:47,896][dowhy.causal_estimator][WARNING] - No directed path from ['X2'] to ['X1'].
[2026-04-24 04:26:47,898][dowhy.causal_model][INFO] - Model to find the causal effect of treatment ['X2'] on outcome ['X3']
[2026-04-24 04:26:47,898][dowhy.causal_identifier.auto_identifier][WARNING] - No directed path from treatment to outcome. Causal Effect is zero.
[2026-04-24 04:26:47,898][dowhy.causal_model][INFO] - linear_regression
[2026-04-24 04:26:47,898][dowhy.causal_estimator][INFO] - INFO: Using Linear Regression Estimator
[2026-04-24 04:26:47,898][dowhy.causal_estimator][WARNING] - No directed path from ['X2'] to ['X3'].
[2026-04-24 04:26:47,899][dowhy.causal_model][INFO] - Model to find the causal effect of treatment ['X2'] on outcome ['X4']
[2026-04-24 04:26:47,899][dowhy.causal_identifier.auto_identifier][WARNING] - No directed path from treatment to outcome. Causal Effect is zero.
[2026-04-24 04:26:47,899][dowhy.causal_model][INFO] - linear_regression
[2026-04-24 04:26:47,899][dowhy.causal_estimator][INFO] - INFO: Using Linear Regression Estimator
[2026-04-24 04:26:47,899][dowhy.causal_estimator][WARNING] - No directed path from ['X2'] to ['X4'].
[2026-04-24 04:26:47,901][dowhy.causal_model][INFO] - Model to find the causal effect of treatment ['X2'] on outcome ['X5']
[2026-04-24 04:26:47,901][dowhy.causal_identifier.auto_identifier][WARNING] - No directed path from treatment to outcome. Causal Effect is zero.
[2026-04-24 04:26:47,901][dowhy.causal_model][INFO] - linear_regression
[2026-04-24 04:26:47,901][dowhy.causal_estimator][INFO] - INFO: Using Linear Regression Estimator
[2026-04-24 04:26:47,901][dowhy.causal_estimator][WARNING] - No directed path from ['X2'] to ['X5'].
[2026-04-24 04:26:47,903][dowhy.causal_model][INFO] - Model to find the causal effect of treatment ['X2'] on outcome ['X6']
[2026-04-24 04:26:47,903][dowhy.causal_identifier.auto_identifier][WARNING] - No directed path from treatment to outcome. Causal Effect is zero.
[2026-04-24 04:26:47,903][dowhy.causal_model][INFO] - linear_regression
[2026-04-24 04:26:47,903][dowhy.causal_estimator][INFO] - INFO: Using Linear Regression Estimator
[2026-04-24 04:26:47,903][dowhy.causal_estimator][WARNING] - No directed path from ['X2'] to ['X6'].
[2026-04-24 04:26:47,904][dowhy.causal_model][INFO] - Model to find the causal effect of treatment ['X2'] on outcome ['X7']
[2026-04-24 04:26:47,906][dowhy.causal_identifier.auto_identifier][INFO] - Causal effect can be identified.
[2026-04-24 04:26:47,907][dowhy.causal_identifier.auto_identifier][INFO] - Instrumental variables for treatment and outcome:[]
[2026-04-24 04:26:47,907][dowhy.causal_identifier.auto_identifier][INFO] - Frontdoor variables for treatment and outcome:[]
[2026-04-24 04:26:47,907][dowhy.causal_model][INFO] - linear_regression
[2026-04-24 04:26:47,907][dowhy.causal_estimator][INFO] - INFO: Using Linear Regression Estimator
[2026-04-24 04:26:47,907][dowhy.causal_estimator][INFO] - b: X7~X2+X2*X3+X2*X1+X2*X4+X2*X0
[2026-04-24 04:26:47,950][dowhy.causal_model][INFO] - Model to find the causal effect of treatment ['X3'] on outcome ['X0']
[2026-04-24 04:26:47,950][dowhy.causal_identifier.auto_identifier][WARNING] - No directed path from treatment to outcome. Causal Effect is zero.
[2026-04-24 04:26:47,950][dowhy.causal_model][INFO] - linear_regression
[2026-04-24 04:26:47,950][dowhy.causal_estimator][INFO] - INFO: Using Linear Regression Estimator
[2026-04-24 04:26:47,950][dowhy.causal_estimator][WARNING] - No directed path from ['X3'] to ['X0'].
[2026-04-24 04:26:47,952][dowhy.causal_model][INFO] - Model to find the causal effect of treatment ['X3'] on outcome ['X1']
[2026-04-24 04:26:47,952][dowhy.causal_identifier.auto_identifier][WARNING] - No directed path from treatment to outcome. Causal Effect is zero.
[2026-04-24 04:26:47,952][dowhy.causal_model][INFO] - linear_regression
[2026-04-24 04:26:47,952][dowhy.causal_estimator][INFO] - INFO: Using Linear Regression Estimator
[2026-04-24 04:26:47,952][dowhy.causal_estimator][WARNING] - No directed path from ['X3'] to ['X1'].
[2026-04-24 04:26:47,954][dowhy.causal_model][INFO] - Model to find the causal effect of treatment ['X3'] on outcome ['X2']
[2026-04-24 04:26:47,954][dowhy.causal_identifier.auto_identifier][WARNING] - No directed path from treatment to outcome. Causal Effect is zero.
[2026-04-24 04:26:47,954][dowhy.causal_model][INFO] - linear_regression
[2026-04-24 04:26:47,954][dowhy.causal_estimator][INFO] - INFO: Using Linear Regression Estimator
[2026-04-24 04:26:47,954][dowhy.causal_estimator][WARNING] - No directed path from ['X3'] to ['X2'].
[2026-04-24 04:26:47,956][dowhy.causal_model][INFO] - Model to find the causal effect of treatment ['X3'] on outcome ['X4']
[2026-04-24 04:26:47,957][dowhy.causal_identifier.auto_identifier][INFO] - Causal effect can be identified.
[2026-04-24 04:26:47,957][dowhy.causal_identifier.auto_identifier][INFO] - Instrumental variables for treatment and outcome:['X0']
[2026-04-24 04:26:47,958][dowhy.causal_identifier.auto_identifier][INFO] - Frontdoor variables for treatment and outcome:[]
[2026-04-24 04:26:47,958][dowhy.causal_model][INFO] - linear_regression
[2026-04-24 04:26:47,958][dowhy.causal_estimator][INFO] - INFO: Using Linear Regression Estimator
[2026-04-24 04:26:47,958][dowhy.causal_estimator][INFO] - b: X4~X3+X1
[2026-04-24 04:26:47,967][dowhy.causal_model][INFO] - Model to find the causal effect of treatment ['X3'] on outcome ['X5']
[2026-04-24 04:26:47,968][dowhy.causal_identifier.auto_identifier][INFO] - Causal effect can be identified.
[2026-04-24 04:26:47,968][dowhy.causal_identifier.auto_identifier][INFO] - Instrumental variables for treatment and outcome:['X1']
[2026-04-24 04:26:47,969][dowhy.causal_identifier.auto_identifier][INFO] - Frontdoor variables for treatment and outcome:[]
[2026-04-24 04:26:47,969][dowhy.causal_model][INFO] - linear_regression
[2026-04-24 04:26:47,969][dowhy.causal_estimator][INFO] - INFO: Using Linear Regression Estimator
[2026-04-24 04:26:47,969][dowhy.causal_estimator][INFO] - b: X5~X3+X0
[2026-04-24 04:26:47,978][dowhy.causal_model][INFO] - Model to find the causal effect of treatment ['X3'] on outcome ['X6']
[2026-04-24 04:26:47,979][dowhy.causal_identifier.auto_identifier][INFO] - Causal effect can be identified.
[2026-04-24 04:26:47,979][dowhy.causal_identifier.auto_identifier][INFO] - Instrumental variables for treatment and outcome:['X0']
[2026-04-24 04:26:47,980][dowhy.causal_identifier.auto_identifier][INFO] - Frontdoor variables for treatment and outcome:[]
[2026-04-24 04:26:47,980][dowhy.causal_model][INFO] - linear_regression
[2026-04-24 04:26:47,980][dowhy.causal_estimator][INFO] - INFO: Using Linear Regression Estimator
[2026-04-24 04:26:47,980][dowhy.causal_estimator][INFO] - b: X6~X3+X1
[2026-04-24 04:26:47,989][dowhy.causal_model][INFO] - Model to find the causal effect of treatment ['X3'] on outcome ['X7']
[2026-04-24 04:26:47,990][dowhy.causal_identifier.auto_identifier][INFO] - Causal effect can be identified.
[2026-04-24 04:26:47,990][dowhy.causal_identifier.auto_identifier][INFO] - Instrumental variables for treatment and outcome:['X0']
[2026-04-24 04:26:47,991][dowhy.causal_identifier.auto_identifier][INFO] - Frontdoor variables for treatment and outcome:[]
[2026-04-24 04:26:47,991][dowhy.causal_model][INFO] - linear_regression
[2026-04-24 04:26:47,991][dowhy.causal_estimator][INFO] - INFO: Using Linear Regression Estimator
[2026-04-24 04:26:47,992][dowhy.causal_estimator][INFO] - b: X7~X3+X1+X3*X2
[2026-04-24 04:26:48,036][dowhy.causal_model][INFO] - Model to find the causal effect of treatment ['X4'] on outcome ['X0']
[2026-04-24 04:26:48,037][dowhy.causal_identifier.auto_identifier][WARNING] - No directed path from treatment to outcome. Causal Effect is zero.
[2026-04-24 04:26:48,037][dowhy.causal_model][INFO] - linear_regression
[2026-04-24 04:26:48,037][dowhy.causal_estimator][INFO] - INFO: Using Linear Regression Estimator
[2026-04-24 04:26:48,037][dowhy.causal_estimator][WARNING] - No directed path from ['X4'] to ['X0'].
[2026-04-24 04:26:48,038][dowhy.causal_model][INFO] - Model to find the causal effect of treatment ['X4'] on outcome ['X1']
[2026-04-24 04:26:48,038][dowhy.causal_identifier.auto_identifier][WARNING] - No directed path from treatment to outcome. Causal Effect is zero.
[2026-04-24 04:26:48,039][dowhy.causal_model][INFO] - linear_regression
[2026-04-24 04:26:48,039][dowhy.causal_estimator][INFO] - INFO: Using Linear Regression Estimator
[2026-04-24 04:26:48,039][dowhy.causal_estimator][WARNING] - No directed path from ['X4'] to ['X1'].
[2026-04-24 04:26:48,040][dowhy.causal_model][INFO] - Model to find the causal effect of treatment ['X4'] on outcome ['X2']
[2026-04-24 04:26:48,040][dowhy.causal_identifier.auto_identifier][WARNING] - No directed path from treatment to outcome. Causal Effect is zero.
[2026-04-24 04:26:48,040][dowhy.causal_model][INFO] - linear_regression
[2026-04-24 04:26:48,040][dowhy.causal_estimator][INFO] - INFO: Using Linear Regression Estimator
[2026-04-24 04:26:48,040][dowhy.causal_estimator][WARNING] - No directed path from ['X4'] to ['X2'].
[2026-04-24 04:26:48,042][dowhy.causal_model][INFO] - Model to find the causal effect of treatment ['X4'] on outcome ['X3']
[2026-04-24 04:26:48,042][dowhy.causal_identifier.auto_identifier][WARNING] - No directed path from treatment to outcome. Causal Effect is zero.
[2026-04-24 04:26:48,042][dowhy.causal_model][INFO] - linear_regression
[2026-04-24 04:26:48,042][dowhy.causal_estimator][INFO] - INFO: Using Linear Regression Estimator
[2026-04-24 04:26:48,042][dowhy.causal_estimator][WARNING] - No directed path from ['X4'] to ['X3'].
[2026-04-24 04:26:48,044][dowhy.causal_model][INFO] - Model to find the causal effect of treatment ['X4'] on outcome ['X5']
[2026-04-24 04:26:48,044][dowhy.causal_identifier.auto_identifier][WARNING] - No directed path from treatment to outcome. Causal Effect is zero.
[2026-04-24 04:26:48,044][dowhy.causal_model][INFO] - linear_regression
[2026-04-24 04:26:48,044][dowhy.causal_estimator][INFO] - INFO: Using Linear Regression Estimator
[2026-04-24 04:26:48,044][dowhy.causal_estimator][WARNING] - No directed path from ['X4'] to ['X5'].
[2026-04-24 04:26:48,046][dowhy.causal_model][INFO] - Model to find the causal effect of treatment ['X4'] on outcome ['X6']
[2026-04-24 04:26:48,047][dowhy.causal_identifier.auto_identifier][INFO] - Causal effect can be identified.
[2026-04-24 04:26:48,047][dowhy.causal_identifier.auto_identifier][INFO] - Instrumental variables for treatment and outcome:[]
[2026-04-24 04:26:48,048][dowhy.causal_identifier.auto_identifier][INFO] - Frontdoor variables for treatment and outcome:[]
[2026-04-24 04:26:48,048][dowhy.causal_model][INFO] - linear_regression
[2026-04-24 04:26:48,048][dowhy.causal_estimator][INFO] - INFO: Using Linear Regression Estimator
[2026-04-24 04:26:48,048][dowhy.causal_estimator][INFO] - b: X6~X4+X1
[2026-04-24 04:26:48,056][dowhy.causal_model][INFO] - Model to find the causal effect of treatment ['X4'] on outcome ['X7']
[2026-04-24 04:26:48,057][dowhy.causal_identifier.auto_identifier][INFO] - Causal effect can be identified.
[2026-04-24 04:26:48,058][dowhy.causal_identifier.auto_identifier][INFO] - Instrumental variables for treatment and outcome:['X3', 'X1']
[2026-04-24 04:26:48,058][dowhy.causal_identifier.auto_identifier][INFO] - Frontdoor variables for treatment and outcome:[]
[2026-04-24 04:26:48,058][dowhy.causal_model][INFO] - linear_regression
[2026-04-24 04:26:48,058][dowhy.causal_estimator][INFO] - INFO: Using Linear Regression Estimator
[2026-04-24 04:26:48,059][dowhy.causal_estimator][INFO] - b: X7~X4+X4*X2
[2026-04-24 04:26:48,100][dowhy.causal_model][INFO] - Model to find the causal effect of treatment ['X5'] on outcome ['X0']
[2026-04-24 04:26:48,100][dowhy.causal_identifier.auto_identifier][WARNING] - No directed path from treatment to outcome. Causal Effect is zero.
[2026-04-24 04:26:48,100][dowhy.causal_model][INFO] - linear_regression
[2026-04-24 04:26:48,100][dowhy.causal_estimator][INFO] - INFO: Using Linear Regression Estimator
[2026-04-24 04:26:48,100][dowhy.causal_estimator][WARNING] - No directed path from ['X5'] to ['X0'].
[2026-04-24 04:26:48,101][dowhy.causal_model][INFO] - Model to find the causal effect of treatment ['X5'] on outcome ['X1']
[2026-04-24 04:26:48,101][dowhy.causal_identifier.auto_identifier][WARNING] - No directed path from treatment to outcome. Causal Effect is zero.
[2026-04-24 04:26:48,101][dowhy.causal_model][INFO] - linear_regression
[2026-04-24 04:26:48,102][dowhy.causal_estimator][INFO] - INFO: Using Linear Regression Estimator
[2026-04-24 04:26:48,102][dowhy.causal_estimator][WARNING] - No directed path from ['X5'] to ['X1'].
[2026-04-24 04:26:48,103][dowhy.causal_model][INFO] - Model to find the causal effect of treatment ['X5'] on outcome ['X2']
[2026-04-24 04:26:48,103][dowhy.causal_identifier.auto_identifier][WARNING] - No directed path from treatment to outcome. Causal Effect is zero.
[2026-04-24 04:26:48,103][dowhy.causal_model][INFO] - linear_regression
[2026-04-24 04:26:48,103][dowhy.causal_estimator][INFO] - INFO: Using Linear Regression Estimator
[2026-04-24 04:26:48,103][dowhy.causal_estimator][WARNING] - No directed path from ['X5'] to ['X2'].
[2026-04-24 04:26:48,105][dowhy.causal_model][INFO] - Model to find the causal effect of treatment ['X5'] on outcome ['X3']
[2026-04-24 04:26:48,105][dowhy.causal_identifier.auto_identifier][WARNING] - No directed path from treatment to outcome. Causal Effect is zero.
[2026-04-24 04:26:48,105][dowhy.causal_model][INFO] - linear_regression
[2026-04-24 04:26:48,105][dowhy.causal_estimator][INFO] - INFO: Using Linear Regression Estimator
[2026-04-24 04:26:48,105][dowhy.causal_estimator][WARNING] - No directed path from ['X5'] to ['X3'].
[2026-04-24 04:26:48,107][dowhy.causal_model][INFO] - Model to find the causal effect of treatment ['X5'] on outcome ['X4']
[2026-04-24 04:26:48,107][dowhy.causal_identifier.auto_identifier][WARNING] - No directed path from treatment to outcome. Causal Effect is zero.
[2026-04-24 04:26:48,107][dowhy.causal_model][INFO] - linear_regression
[2026-04-24 04:26:48,107][dowhy.causal_estimator][INFO] - INFO: Using Linear Regression Estimator
[2026-04-24 04:26:48,107][dowhy.causal_estimator][WARNING] - No directed path from ['X5'] to ['X4'].
[2026-04-24 04:26:48,108][dowhy.causal_model][INFO] - Model to find the causal effect of treatment ['X5'] on outcome ['X6']
[2026-04-24 04:26:48,109][dowhy.causal_identifier.auto_identifier][WARNING] - No directed path from treatment to outcome. Causal Effect is zero.
[2026-04-24 04:26:48,109][dowhy.causal_model][INFO] - linear_regression
[2026-04-24 04:26:48,109][dowhy.causal_estimator][INFO] - INFO: Using Linear Regression Estimator
[2026-04-24 04:26:48,109][dowhy.causal_estimator][WARNING] - No directed path from ['X5'] to ['X6'].
[2026-04-24 04:26:48,110][dowhy.causal_model][INFO] - Model to find the causal effect of treatment ['X5'] on outcome ['X7']
[2026-04-24 04:26:48,110][dowhy.causal_identifier.auto_identifier][WARNING] - No directed path from treatment to outcome. Causal Effect is zero.
[2026-04-24 04:26:48,110][dowhy.causal_model][INFO] - linear_regression
[2026-04-24 04:26:48,110][dowhy.causal_estimator][INFO] - INFO: Using Linear Regression Estimator
[2026-04-24 04:26:48,110][dowhy.causal_estimator][WARNING] - No directed path from ['X5'] to ['X7'].
[2026-04-24 04:26:48,146][dowhy.causal_model][INFO] - Model to find the causal effect of treatment ['X6'] on outcome ['X0']
[2026-04-24 04:26:48,146][dowhy.causal_identifier.auto_identifier][WARNING] - No directed path from treatment to outcome. Causal Effect is zero.
[2026-04-24 04:26:48,146][dowhy.causal_model][INFO] - linear_regression
[2026-04-24 04:26:48,147][dowhy.causal_estimator][INFO] - INFO: Using Linear Regression Estimator
[2026-04-24 04:26:48,147][dowhy.causal_estimator][WARNING] - No directed path from ['X6'] to ['X0'].
[2026-04-24 04:26:48,148][dowhy.causal_model][INFO] - Model to find the causal effect of treatment ['X6'] on outcome ['X1']
[2026-04-24 04:26:48,148][dowhy.causal_identifier.auto_identifier][WARNING] - No directed path from treatment to outcome. Causal Effect is zero.
[2026-04-24 04:26:48,148][dowhy.causal_model][INFO] - linear_regression
[2026-04-24 04:26:48,148][dowhy.causal_estimator][INFO] - INFO: Using Linear Regression Estimator
[2026-04-24 04:26:48,148][dowhy.causal_estimator][WARNING] - No directed path from ['X6'] to ['X1'].
[2026-04-24 04:26:48,150][dowhy.causal_model][INFO] - Model to find the causal effect of treatment ['X6'] on outcome ['X2']
[2026-04-24 04:26:48,150][dowhy.causal_identifier.auto_identifier][WARNING] - No directed path from treatment to outcome. Causal Effect is zero.
[2026-04-24 04:26:48,150][dowhy.causal_model][INFO] - linear_regression
[2026-04-24 04:26:48,150][dowhy.causal_estimator][INFO] - INFO: Using Linear Regression Estimator
[2026-04-24 04:26:48,150][dowhy.causal_estimator][WARNING] - No directed path from ['X6'] to ['X2'].
[2026-04-24 04:26:48,152][dowhy.causal_model][INFO] - Model to find the causal effect of treatment ['X6'] on outcome ['X3']
[2026-04-24 04:26:48,152][dowhy.causal_identifier.auto_identifier][WARNING] - No directed path from treatment to outcome. Causal Effect is zero.
[2026-04-24 04:26:48,152][dowhy.causal_model][INFO] - linear_regression
[2026-04-24 04:26:48,152][dowhy.causal_estimator][INFO] - INFO: Using Linear Regression Estimator
[2026-04-24 04:26:48,152][dowhy.causal_estimator][WARNING] - No directed path from ['X6'] to ['X3'].
[2026-04-24 04:26:48,154][dowhy.causal_model][INFO] - Model to find the causal effect of treatment ['X6'] on outcome ['X4']
[2026-04-24 04:26:48,154][dowhy.causal_identifier.auto_identifier][WARNING] - No directed path from treatment to outcome. Causal Effect is zero.
[2026-04-24 04:26:48,154][dowhy.causal_model][INFO] - linear_regression
[2026-04-24 04:26:48,154][dowhy.causal_estimator][INFO] - INFO: Using Linear Regression Estimator
[2026-04-24 04:26:48,154][dowhy.causal_estimator][WARNING] - No directed path from ['X6'] to ['X4'].
[2026-04-24 04:26:48,156][dowhy.causal_model][INFO] - Model to find the causal effect of treatment ['X6'] on outcome ['X5']
[2026-04-24 04:26:48,156][dowhy.causal_identifier.auto_identifier][WARNING] - No directed path from treatment to outcome. Causal Effect is zero.
[2026-04-24 04:26:48,156][dowhy.causal_model][INFO] - linear_regression
[2026-04-24 04:26:48,156][dowhy.causal_estimator][INFO] - INFO: Using Linear Regression Estimator
[2026-04-24 04:26:48,156][dowhy.causal_estimator][WARNING] - No directed path from ['X6'] to ['X5'].
[2026-04-24 04:26:48,158][dowhy.causal_model][INFO] - Model to find the causal effect of treatment ['X6'] on outcome ['X7']
[2026-04-24 04:26:48,158][dowhy.causal_identifier.auto_identifier][WARNING] - No directed path from treatment to outcome. Causal Effect is zero.
[2026-04-24 04:26:48,158][dowhy.causal_model][INFO] - linear_regression
[2026-04-24 04:26:48,158][dowhy.causal_estimator][INFO] - INFO: Using Linear Regression Estimator
[2026-04-24 04:26:48,158][dowhy.causal_estimator][WARNING] - No directed path from ['X6'] to ['X7'].
[2026-04-24 04:26:48,195][dowhy.causal_model][INFO] - Model to find the causal effect of treatment ['X7'] on outcome ['X0']
[2026-04-24 04:26:48,195][dowhy.causal_identifier.auto_identifier][WARNING] - No directed path from treatment to outcome. Causal Effect is zero.
[2026-04-24 04:26:48,195][dowhy.causal_model][INFO] - linear_regression
[2026-04-24 04:26:48,195][dowhy.causal_estimator][INFO] - INFO: Using Linear Regression Estimator
[2026-04-24 04:26:48,195][dowhy.causal_estimator][WARNING] - No directed path from ['X7'] to ['X0'].
[2026-04-24 04:26:48,197][dowhy.causal_model][INFO] - Model to find the causal effect of treatment ['X7'] on outcome ['X1']
[2026-04-24 04:26:48,197][dowhy.causal_identifier.auto_identifier][WARNING] - No directed path from treatment to outcome. Causal Effect is zero.
[2026-04-24 04:26:48,197][dowhy.causal_model][INFO] - linear_regression
[2026-04-24 04:26:48,198][dowhy.causal_estimator][INFO] - INFO: Using Linear Regression Estimator
[2026-04-24 04:26:48,198][dowhy.causal_estimator][WARNING] - No directed path from ['X7'] to ['X1'].
[2026-04-24 04:26:48,199][dowhy.causal_model][INFO] - Model to find the causal effect of treatment ['X7'] on outcome ['X2']
[2026-04-24 04:26:48,199][dowhy.causal_identifier.auto_identifier][WARNING] - No directed path from treatment to outcome. Causal Effect is zero.
[2026-04-24 04:26:48,200][dowhy.causal_model][INFO] - linear_regression
[2026-04-24 04:26:48,200][dowhy.causal_estimator][INFO] - INFO: Using Linear Regression Estimator
[2026-04-24 04:26:48,200][dowhy.causal_estimator][WARNING] - No directed path from ['X7'] to ['X2'].
[2026-04-24 04:26:48,201][dowhy.causal_model][INFO] - Model to find the causal effect of treatment ['X7'] on outcome ['X3']
[2026-04-24 04:26:48,201][dowhy.causal_identifier.auto_identifier][WARNING] - No directed path from treatment to outcome. Causal Effect is zero.
[2026-04-24 04:26:48,201][dowhy.causal_model][INFO] - linear_regression
[2026-04-24 04:26:48,201][dowhy.causal_estimator][INFO] - INFO: Using Linear Regression Estimator
[2026-04-24 04:26:48,201][dowhy.causal_estimator][WARNING] - No directed path from ['X7'] to ['X3'].
[2026-04-24 04:26:48,203][dowhy.causal_model][INFO] - Model to find the causal effect of treatment ['X7'] on outcome ['X4']
[2026-04-24 04:26:48,203][dowhy.causal_identifier.auto_identifier][WARNING] - No directed path from treatment to outcome. Causal Effect is zero.
[2026-04-24 04:26:48,203][dowhy.causal_model][INFO] - linear_regression
[2026-04-24 04:26:48,203][dowhy.causal_estimator][INFO] - INFO: Using Linear Regression Estimator
[2026-04-24 04:26:48,203][dowhy.causal_estimator][WARNING] - No directed path from ['X7'] to ['X4'].
[2026-04-24 04:26:48,205][dowhy.causal_model][INFO] - Model to find the causal effect of treatment ['X7'] on outcome ['X5']
[2026-04-24 04:26:48,205][dowhy.causal_identifier.auto_identifier][WARNING] - No directed path from treatment to outcome. Causal Effect is zero.
[2026-04-24 04:26:48,205][dowhy.causal_model][INFO] - linear_regression
[2026-04-24 04:26:48,205][dowhy.causal_estimator][INFO] - INFO: Using Linear Regression Estimator
[2026-04-24 04:26:48,205][dowhy.causal_estimator][WARNING] - No directed path from ['X7'] to ['X5'].
[2026-04-24 04:26:48,207][dowhy.causal_model][INFO] - Model to find the causal effect of treatment ['X7'] on outcome ['X6']
[2026-04-24 04:26:48,207][dowhy.causal_identifier.auto_identifier][WARNING] - No directed path from treatment to outcome. Causal Effect is zero.
[2026-04-24 04:26:48,207][dowhy.causal_model][INFO] - linear_regression
[2026-04-24 04:26:48,207][dowhy.causal_estimator][INFO] - INFO: Using Linear Regression Estimator
[2026-04-24 04:26:48,207][dowhy.causal_estimator][WARNING] - No directed path from ['X7'] to ['X6'].
[2026-04-24 04:26:48,261][dowhy.causal_model][INFO] - Model to find the causal effect of treatment ['X0'] on outcome ['X1']
[2026-04-24 04:26:48,261][dowhy.causal_identifier.auto_identifier][WARNING] - No directed path from treatment to outcome. Causal Effect is zero.
[2026-04-24 04:26:48,261][dowhy.causal_model][INFO] - linear_regression
[2026-04-24 04:26:48,261][dowhy.causal_estimator][INFO] - INFO: Using Linear Regression Estimator
[2026-04-24 04:26:48,261][dowhy.causal_estimator][WARNING] - No directed path from ['X0'] to ['X1'].
[2026-04-24 04:26:48,263][dowhy.causal_model][INFO] - Model to find the causal effect of treatment ['X0'] on outcome ['X2']
[2026-04-24 04:26:48,263][dowhy.causal_identifier.auto_identifier][WARNING] - No directed path from treatment to outcome. Causal Effect is zero.
[2026-04-24 04:26:48,263][dowhy.causal_model][INFO] - linear_regression
[2026-04-24 04:26:48,263][dowhy.causal_estimator][INFO] - INFO: Using Linear Regression Estimator
[2026-04-24 04:26:48,263][dowhy.causal_estimator][WARNING] - No directed path from ['X0'] to ['X2'].
[2026-04-24 04:26:48,265][dowhy.causal_model][INFO] - Model to find the causal effect of treatment ['X0'] on outcome ['X3']
[2026-04-24 04:26:48,265][dowhy.causal_identifier.auto_identifier][INFO] - Causal effect can be identified.
[2026-04-24 04:26:48,266][dowhy.causal_identifier.auto_identifier][INFO] - Instrumental variables for treatment and outcome:[]
[2026-04-24 04:26:48,266][dowhy.causal_identifier.auto_identifier][INFO] - Frontdoor variables for treatment and outcome:[]
[2026-04-24 04:26:48,266][dowhy.causal_model][INFO] - linear_regression
[2026-04-24 04:26:48,266][dowhy.causal_estimator][INFO] - INFO: Using Linear Regression Estimator
[2026-04-24 04:26:48,266][dowhy.causal_estimator][INFO] - b: X3~X0+X0*X1
[2026-04-24 04:26:48,274][dowhy.causal_model][INFO] - Model to find the causal effect of treatment ['X0'] on outcome ['X4']
[2026-04-24 04:26:48,275][dowhy.causal_identifier.auto_identifier][INFO] - Causal effect can be identified.
[2026-04-24 04:26:48,275][dowhy.causal_identifier.auto_identifier][INFO] - Instrumental variables for treatment and outcome:[]
[2026-04-24 04:26:48,275][dowhy.causal_identifier.auto_identifier][INFO] - Frontdoor variables for treatment and outcome:[]
[2026-04-24 04:26:48,275][dowhy.causal_model][INFO] - linear_regression
[2026-04-24 04:26:48,275][dowhy.causal_estimator][INFO] - INFO: Using Linear Regression Estimator
[2026-04-24 04:26:48,276][dowhy.causal_estimator][INFO] - b: X4~X0+X0*X1
[2026-04-24 04:26:48,283][dowhy.causal_model][INFO] - Model to find the causal effect of treatment ['X0'] on outcome ['X5']
[2026-04-24 04:26:48,284][dowhy.causal_identifier.auto_identifier][INFO] - Causal effect can be identified.
[2026-04-24 04:26:48,284][dowhy.causal_identifier.auto_identifier][INFO] - Instrumental variables for treatment and outcome:[]
[2026-04-24 04:26:48,285][dowhy.causal_identifier.auto_identifier][INFO] - Frontdoor variables for treatment and outcome:[]
[2026-04-24 04:26:48,285][dowhy.causal_model][INFO] - linear_regression
[2026-04-24 04:26:48,285][dowhy.causal_estimator][INFO] - INFO: Using Linear Regression Estimator
[2026-04-24 04:26:48,286][dowhy.causal_estimator][INFO] - b: X5~X0+X0*X1
[2026-04-24 04:26:48,293][dowhy.causal_model][INFO] - Model to find the causal effect of treatment ['X0'] on outcome ['X6']
[2026-04-24 04:26:48,293][dowhy.causal_identifier.auto_identifier][INFO] - Causal effect can be identified.
[2026-04-24 04:26:48,294][dowhy.causal_identifier.auto_identifier][INFO] - Instrumental variables for treatment and outcome:[]
[2026-04-24 04:26:48,295][dowhy.causal_identifier.auto_identifier][INFO] - Frontdoor variables for treatment and outcome:[]
[2026-04-24 04:26:48,295][dowhy.causal_model][INFO] - linear_regression
[2026-04-24 04:26:48,295][dowhy.causal_estimator][INFO] - INFO: Using Linear Regression Estimator
[2026-04-24 04:26:48,295][dowhy.causal_estimator][INFO] - b: X6~X0+X0*X1
[2026-04-24 04:26:48,303][dowhy.causal_model][INFO] - Model to find the causal effect of treatment ['X0'] on outcome ['X7']
[2026-04-24 04:26:48,303][dowhy.causal_identifier.auto_identifier][INFO] - Causal effect can be identified.
[2026-04-24 04:26:48,304][dowhy.causal_identifier.auto_identifier][INFO] - Instrumental variables for treatment and outcome:[]
[2026-04-24 04:26:48,305][dowhy.causal_identifier.auto_identifier][INFO] - Frontdoor variables for treatment and outcome:['X3', 'X4', 'X5', 'X6']
[2026-04-24 04:26:48,306][dowhy.causal_identifier.auto_identifier][INFO] - Causal effect can be identified.
[2026-04-24 04:26:48,307][dowhy.causal_identifier.auto_identifier][INFO] - Causal effect can be identified.
[2026-04-24 04:26:48,308][dowhy.causal_model][INFO] - linear_regression
[2026-04-24 04:26:48,308][dowhy.causal_estimator][INFO] - INFO: Using Linear Regression Estimator
[2026-04-24 04:26:48,308][dowhy.causal_estimator][INFO] - b: X7~X0+X0*X1+X0*X2
[2026-04-24 04:26:48,347][dowhy.causal_model][INFO] - Model to find the causal effect of treatment ['X1'] on outcome ['X0']
[2026-04-24 04:26:48,347][dowhy.causal_identifier.auto_identifier][WARNING] - No directed path from treatment to outcome. Causal Effect is zero.
[2026-04-24 04:26:48,347][dowhy.causal_model][INFO] - linear_regression
[2026-04-24 04:26:48,347][dowhy.causal_estimator][INFO] - INFO: Using Linear Regression Estimator
[2026-04-24 04:26:48,347][dowhy.causal_estimator][WARNING] - No directed path from ['X1'] to ['X0'].
[2026-04-24 04:26:48,349][dowhy.causal_model][INFO] - Model to find the causal effect of treatment ['X1'] on outcome ['X2']
[2026-04-24 04:26:48,349][dowhy.causal_identifier.auto_identifier][WARNING] - No directed path from treatment to outcome. Causal Effect is zero.
[2026-04-24 04:26:48,349][dowhy.causal_model][INFO] - linear_regression
[2026-04-24 04:26:48,349][dowhy.causal_estimator][INFO] - INFO: Using Linear Regression Estimator
[2026-04-24 04:26:48,349][dowhy.causal_estimator][WARNING] - No directed path from ['X1'] to ['X2'].
[2026-04-24 04:26:48,351][dowhy.causal_model][INFO] - Model to find the causal effect of treatment ['X1'] on outcome ['X3']
[2026-04-24 04:26:48,351][dowhy.causal_identifier.auto_identifier][INFO] - Causal effect can be identified.
[2026-04-24 04:26:48,352][dowhy.causal_identifier.auto_identifier][INFO] - Instrumental variables for treatment and outcome:[]
[2026-04-24 04:26:48,352][dowhy.causal_identifier.auto_identifier][INFO] - Frontdoor variables for treatment and outcome:[]
[2026-04-24 04:26:48,352][dowhy.causal_model][INFO] - linear_regression
[2026-04-24 04:26:48,352][dowhy.causal_estimator][INFO] - INFO: Using Linear Regression Estimator
[2026-04-24 04:26:48,352][dowhy.causal_estimator][INFO] - b: X3~X1+X1*X0
[2026-04-24 04:26:48,361][dowhy.causal_model][INFO] - Model to find the causal effect of treatment ['X1'] on outcome ['X4']
[2026-04-24 04:26:48,361][dowhy.causal_identifier.auto_identifier][INFO] - Causal effect can be identified.
[2026-04-24 04:26:48,362][dowhy.causal_identifier.auto_identifier][INFO] - Instrumental variables for treatment and outcome:[]
[2026-04-24 04:26:48,362][dowhy.causal_identifier.auto_identifier][INFO] - Frontdoor variables for treatment and outcome:[]
[2026-04-24 04:26:48,362][dowhy.causal_model][INFO] - linear_regression
[2026-04-24 04:26:48,362][dowhy.causal_estimator][INFO] - INFO: Using Linear Regression Estimator
[2026-04-24 04:26:48,363][dowhy.causal_estimator][INFO] - b: X4~X1+X1*X0
[2026-04-24 04:26:48,371][dowhy.causal_model][INFO] - Model to find the causal effect of treatment ['X1'] on outcome ['X5']
[2026-04-24 04:26:48,371][dowhy.causal_identifier.auto_identifier][INFO] - Causal effect can be identified.
[2026-04-24 04:26:48,372][dowhy.causal_identifier.auto_identifier][INFO] - Instrumental variables for treatment and outcome:[]
[2026-04-24 04:26:48,373][dowhy.causal_identifier.auto_identifier][INFO] - Frontdoor variables for treatment and outcome:[]
[2026-04-24 04:26:48,373][dowhy.causal_model][INFO] - linear_regression
[2026-04-24 04:26:48,373][dowhy.causal_estimator][INFO] - INFO: Using Linear Regression Estimator
[2026-04-24 04:26:48,374][dowhy.causal_estimator][INFO] - b: X5~X1+X1*X0
[2026-04-24 04:26:48,382][dowhy.causal_model][INFO] - Model to find the causal effect of treatment ['X1'] on outcome ['X6']
[2026-04-24 04:26:48,383][dowhy.causal_identifier.auto_identifier][INFO] - Causal effect can be identified.
[2026-04-24 04:26:48,383][dowhy.causal_identifier.auto_identifier][INFO] - Instrumental variables for treatment and outcome:[]
[2026-04-24 04:26:48,385][dowhy.causal_identifier.auto_identifier][INFO] - Frontdoor variables for treatment and outcome:[]
[2026-04-24 04:26:48,385][dowhy.causal_model][INFO] - linear_regression
[2026-04-24 04:26:48,385][dowhy.causal_estimator][INFO] - INFO: Using Linear Regression Estimator
[2026-04-24 04:26:48,385][dowhy.causal_estimator][INFO] - b: X6~X1+X1*X0
[2026-04-24 04:26:48,393][dowhy.causal_model][INFO] - Model to find the causal effect of treatment ['X1'] on outcome ['X7']
[2026-04-24 04:26:48,394][dowhy.causal_identifier.auto_identifier][INFO] - Causal effect can be identified.
[2026-04-24 04:26:48,395][dowhy.causal_identifier.auto_identifier][INFO] - Instrumental variables for treatment and outcome:[]
[2026-04-24 04:26:48,396][dowhy.causal_identifier.auto_identifier][INFO] - Frontdoor variables for treatment and outcome:['X3', 'X4', 'X5', 'X6']
[2026-04-24 04:26:48,397][dowhy.causal_identifier.auto_identifier][INFO] - Causal effect can be identified.
[2026-04-24 04:26:48,398][dowhy.causal_identifier.auto_identifier][INFO] - Causal effect can be identified.
[2026-04-24 04:26:48,399][dowhy.causal_model][INFO] - linear_regression
[2026-04-24 04:26:48,399][dowhy.causal_estimator][INFO] - INFO: Using Linear Regression Estimator
[2026-04-24 04:26:48,399][dowhy.causal_estimator][INFO] - b: X7~X1+X1*X2+X1*X0
[2026-04-24 04:26:48,447][dowhy.causal_model][INFO] - Model to find the causal effect of treatment ['X2'] on outcome ['X0']
[2026-04-24 04:26:48,448][dowhy.causal_identifier.auto_identifier][WARNING] - No directed path from treatment to outcome. Causal Effect is zero.
[2026-04-24 04:26:48,448][dowhy.causal_model][INFO] - linear_regression
[2026-04-24 04:26:48,448][dowhy.causal_estimator][INFO] - INFO: Using Linear Regression Estimator
[2026-04-24 04:26:48,448][dowhy.causal_estimator][WARNING] - No directed path from ['X2'] to ['X0'].
[2026-04-24 04:26:48,450][dowhy.causal_model][INFO] - Model to find the causal effect of treatment ['X2'] on outcome ['X1']
[2026-04-24 04:26:48,450][dowhy.causal_identifier.auto_identifier][WARNING] - No directed path from treatment to outcome. Causal Effect is zero.
[2026-04-24 04:26:48,450][dowhy.causal_model][INFO] - linear_regression
[2026-04-24 04:26:48,450][dowhy.causal_estimator][INFO] - INFO: Using Linear Regression Estimator
[2026-04-24 04:26:48,450][dowhy.causal_estimator][WARNING] - No directed path from ['X2'] to ['X1'].
[2026-04-24 04:26:48,452][dowhy.causal_model][INFO] - Model to find the causal effect of treatment ['X2'] on outcome ['X3']
[2026-04-24 04:26:48,452][dowhy.causal_identifier.auto_identifier][WARNING] - No directed path from treatment to outcome. Causal Effect is zero.
[2026-04-24 04:26:48,452][dowhy.causal_model][INFO] - linear_regression
[2026-04-24 04:26:48,452][dowhy.causal_estimator][INFO] - INFO: Using Linear Regression Estimator
[2026-04-24 04:26:48,452][dowhy.causal_estimator][WARNING] - No directed path from ['X2'] to ['X3'].
[2026-04-24 04:26:48,453][dowhy.causal_model][INFO] - Model to find the causal effect of treatment ['X2'] on outcome ['X4']
[2026-04-24 04:26:48,454][dowhy.causal_identifier.auto_identifier][WARNING] - No directed path from treatment to outcome. Causal Effect is zero.
[2026-04-24 04:26:48,454][dowhy.causal_model][INFO] - linear_regression
[2026-04-24 04:26:48,454][dowhy.causal_estimator][INFO] - INFO: Using Linear Regression Estimator
[2026-04-24 04:26:48,454][dowhy.causal_estimator][WARNING] - No directed path from ['X2'] to ['X4'].
[2026-04-24 04:26:48,455][dowhy.causal_model][INFO] - Model to find the causal effect of treatment ['X2'] on outcome ['X5']
[2026-04-24 04:26:48,455][dowhy.causal_identifier.auto_identifier][WARNING] - No directed path from treatment to outcome. Causal Effect is zero.
[2026-04-24 04:26:48,456][dowhy.causal_model][INFO] - linear_regression
[2026-04-24 04:26:48,456][dowhy.causal_estimator][INFO] - INFO: Using Linear Regression Estimator
[2026-04-24 04:26:48,456][dowhy.causal_estimator][WARNING] - No directed path from ['X2'] to ['X5'].
[2026-04-24 04:26:48,457][dowhy.causal_model][INFO] - Model to find the causal effect of treatment ['X2'] on outcome ['X6']
[2026-04-24 04:26:48,457][dowhy.causal_identifier.auto_identifier][WARNING] - No directed path from treatment to outcome. Causal Effect is zero.
[2026-04-24 04:26:48,458][dowhy.causal_model][INFO] - linear_regression
[2026-04-24 04:26:48,458][dowhy.causal_estimator][INFO] - INFO: Using Linear Regression Estimator
[2026-04-24 04:26:48,458][dowhy.causal_estimator][WARNING] - No directed path from ['X2'] to ['X6'].
[2026-04-24 04:26:48,459][dowhy.causal_model][INFO] - Model to find the causal effect of treatment ['X2'] on outcome ['X7']
[2026-04-24 04:26:48,461][dowhy.causal_identifier.auto_identifier][INFO] - Causal effect can be identified.
[2026-04-24 04:26:48,462][dowhy.causal_identifier.auto_identifier][INFO] - Instrumental variables for treatment and outcome:[]
[2026-04-24 04:26:48,462][dowhy.causal_identifier.auto_identifier][INFO] - Frontdoor variables for treatment and outcome:[]
[2026-04-24 04:26:48,462][dowhy.causal_model][INFO] - linear_regression
[2026-04-24 04:26:48,462][dowhy.causal_estimator][INFO] - INFO: Using Linear Regression Estimator
[2026-04-24 04:26:48,463][dowhy.causal_estimator][INFO] - b: X7~X2+X2*X3+X2*X1+X2*X4+X2*X0
[2026-04-24 04:26:48,504][dowhy.causal_model][INFO] - Model to find the causal effect of treatment ['X3'] on outcome ['X0']
[2026-04-24 04:26:48,504][dowhy.causal_identifier.auto_identifier][WARNING] - No directed path from treatment to outcome. Causal Effect is zero.
[2026-04-24 04:26:48,504][dowhy.causal_model][INFO] - linear_regression
[2026-04-24 04:26:48,504][dowhy.causal_estimator][INFO] - INFO: Using Linear Regression Estimator
[2026-04-24 04:26:48,504][dowhy.causal_estimator][WARNING] - No directed path from ['X3'] to ['X0'].
[2026-04-24 04:26:48,506][dowhy.causal_model][INFO] - Model to find the causal effect of treatment ['X3'] on outcome ['X1']
[2026-04-24 04:26:48,506][dowhy.causal_identifier.auto_identifier][WARNING] - No directed path from treatment to outcome. Causal Effect is zero.
[2026-04-24 04:26:48,506][dowhy.causal_model][INFO] - linear_regression
[2026-04-24 04:26:48,506][dowhy.causal_estimator][INFO] - INFO: Using Linear Regression Estimator
[2026-04-24 04:26:48,506][dowhy.causal_estimator][WARNING] - No directed path from ['X3'] to ['X1'].
[2026-04-24 04:26:48,508][dowhy.causal_model][INFO] - Model to find the causal effect of treatment ['X3'] on outcome ['X2']
[2026-04-24 04:26:48,508][dowhy.causal_identifier.auto_identifier][WARNING] - No directed path from treatment to outcome. Causal Effect is zero.
[2026-04-24 04:26:48,508][dowhy.causal_model][INFO] - linear_regression
[2026-04-24 04:26:48,508][dowhy.causal_estimator][INFO] - INFO: Using Linear Regression Estimator
[2026-04-24 04:26:48,508][dowhy.causal_estimator][WARNING] - No directed path from ['X3'] to ['X2'].
[2026-04-24 04:26:48,509][dowhy.causal_model][INFO] - Model to find the causal effect of treatment ['X3'] on outcome ['X4']
[2026-04-24 04:26:48,510][dowhy.causal_identifier.auto_identifier][INFO] - Causal effect can be identified.
[2026-04-24 04:26:48,511][dowhy.causal_identifier.auto_identifier][INFO] - Instrumental variables for treatment and outcome:['X0']
[2026-04-24 04:26:48,511][dowhy.causal_identifier.auto_identifier][INFO] - Frontdoor variables for treatment and outcome:[]
[2026-04-24 04:26:48,511][dowhy.causal_model][INFO] - linear_regression
[2026-04-24 04:26:48,511][dowhy.causal_estimator][INFO] - INFO: Using Linear Regression Estimator
[2026-04-24 04:26:48,511][dowhy.causal_estimator][INFO] - b: X4~X3+X1
[2026-04-24 04:26:48,519][dowhy.causal_model][INFO] - Model to find the causal effect of treatment ['X3'] on outcome ['X5']
[2026-04-24 04:26:48,520][dowhy.causal_identifier.auto_identifier][INFO] - Causal effect can be identified.
[2026-04-24 04:26:48,520][dowhy.causal_identifier.auto_identifier][INFO] - Instrumental variables for treatment and outcome:['X1']
[2026-04-24 04:26:48,521][dowhy.causal_identifier.auto_identifier][INFO] - Frontdoor variables for treatment and outcome:[]
[2026-04-24 04:26:48,521][dowhy.causal_model][INFO] - linear_regression
[2026-04-24 04:26:48,521][dowhy.causal_estimator][INFO] - INFO: Using Linear Regression Estimator
[2026-04-24 04:26:48,521][dowhy.causal_estimator][INFO] - b: X5~X3+X0
[2026-04-24 04:26:48,529][dowhy.causal_model][INFO] - Model to find the causal effect of treatment ['X3'] on outcome ['X6']
[2026-04-24 04:26:48,530][dowhy.causal_identifier.auto_identifier][INFO] - Causal effect can be identified.
[2026-04-24 04:26:48,530][dowhy.causal_identifier.auto_identifier][INFO] - Instrumental variables for treatment and outcome:['X0']
[2026-04-24 04:26:48,531][dowhy.causal_identifier.auto_identifier][INFO] - Frontdoor variables for treatment and outcome:[]
[2026-04-24 04:26:48,531][dowhy.causal_model][INFO] - linear_regression
[2026-04-24 04:26:48,531][dowhy.causal_estimator][INFO] - INFO: Using Linear Regression Estimator
[2026-04-24 04:26:48,531][dowhy.causal_estimator][INFO] - b: X6~X3+X1
[2026-04-24 04:26:48,539][dowhy.causal_model][INFO] - Model to find the causal effect of treatment ['X3'] on outcome ['X7']
[2026-04-24 04:26:48,540][dowhy.causal_identifier.auto_identifier][INFO] - Causal effect can be identified.
[2026-04-24 04:26:48,540][dowhy.causal_identifier.auto_identifier][INFO] - Instrumental variables for treatment and outcome:['X0']
[2026-04-24 04:26:48,541][dowhy.causal_identifier.auto_identifier][INFO] - Frontdoor variables for treatment and outcome:[]
[2026-04-24 04:26:48,541][dowhy.causal_model][INFO] - linear_regression
[2026-04-24 04:26:48,541][dowhy.causal_estimator][INFO] - INFO: Using Linear Regression Estimator
[2026-04-24 04:26:48,542][dowhy.causal_estimator][INFO] - b: X7~X3+X1+X3*X2
[2026-04-24 04:26:48,584][dowhy.causal_model][INFO] - Model to find the causal effect of treatment ['X4'] on outcome ['X0']
[2026-04-24 04:26:48,584][dowhy.causal_identifier.auto_identifier][WARNING] - No directed path from treatment to outcome. Causal Effect is zero.
[2026-04-24 04:26:48,584][dowhy.causal_model][INFO] - linear_regression
[2026-04-24 04:26:48,584][dowhy.causal_estimator][INFO] - INFO: Using Linear Regression Estimator
[2026-04-24 04:26:48,584][dowhy.causal_estimator][WARNING] - No directed path from ['X4'] to ['X0'].
[2026-04-24 04:26:48,586][dowhy.causal_model][INFO] - Model to find the causal effect of treatment ['X4'] on outcome ['X1']
[2026-04-24 04:26:48,586][dowhy.causal_identifier.auto_identifier][WARNING] - No directed path from treatment to outcome. Causal Effect is zero.
[2026-04-24 04:26:48,586][dowhy.causal_model][INFO] - linear_regression
[2026-04-24 04:26:48,586][dowhy.causal_estimator][INFO] - INFO: Using Linear Regression Estimator
[2026-04-24 04:26:48,586][dowhy.causal_estimator][WARNING] - No directed path from ['X4'] to ['X1'].
[2026-04-24 04:26:48,588][dowhy.causal_model][INFO] - Model to find the causal effect of treatment ['X4'] on outcome ['X2']
[2026-04-24 04:26:48,588][dowhy.causal_identifier.auto_identifier][WARNING] - No directed path from treatment to outcome. Causal Effect is zero.
[2026-04-24 04:26:48,588][dowhy.causal_model][INFO] - linear_regression
[2026-04-24 04:26:48,588][dowhy.causal_estimator][INFO] - INFO: Using Linear Regression Estimator
[2026-04-24 04:26:48,588][dowhy.causal_estimator][WARNING] - No directed path from ['X4'] to ['X2'].
[2026-04-24 04:26:48,590][dowhy.causal_model][INFO] - Model to find the causal effect of treatment ['X4'] on outcome ['X3']
[2026-04-24 04:26:48,590][dowhy.causal_identifier.auto_identifier][WARNING] - No directed path from treatment to outcome. Causal Effect is zero.
[2026-04-24 04:26:48,590][dowhy.causal_model][INFO] - linear_regression
[2026-04-24 04:26:48,590][dowhy.causal_estimator][INFO] - INFO: Using Linear Regression Estimator
[2026-04-24 04:26:48,590][dowhy.causal_estimator][WARNING] - No directed path from ['X4'] to ['X3'].
[2026-04-24 04:26:48,592][dowhy.causal_model][INFO] - Model to find the causal effect of treatment ['X4'] on outcome ['X5']
[2026-04-24 04:26:48,592][dowhy.causal_identifier.auto_identifier][WARNING] - No directed path from treatment to outcome. Causal Effect is zero.
[2026-04-24 04:26:48,592][dowhy.causal_model][INFO] - linear_regression
[2026-04-24 04:26:48,592][dowhy.causal_estimator][INFO] - INFO: Using Linear Regression Estimator
[2026-04-24 04:26:48,592][dowhy.causal_estimator][WARNING] - No directed path from ['X4'] to ['X5'].
[2026-04-24 04:26:48,594][dowhy.causal_model][INFO] - Model to find the causal effect of treatment ['X4'] on outcome ['X6']
[2026-04-24 04:26:48,596][dowhy.causal_identifier.auto_identifier][INFO] - Causal effect can be identified.
[2026-04-24 04:26:48,596][dowhy.causal_identifier.auto_identifier][INFO] - Instrumental variables for treatment and outcome:[]
[2026-04-24 04:26:48,596][dowhy.causal_identifier.auto_identifier][INFO] - Frontdoor variables for treatment and outcome:[]
[2026-04-24 04:26:48,596][dowhy.causal_model][INFO] - linear_regression
[2026-04-24 04:26:48,597][dowhy.causal_estimator][INFO] - INFO: Using Linear Regression Estimator
[2026-04-24 04:26:48,597][dowhy.causal_estimator][INFO] - b: X6~X4+X1
[2026-04-24 04:26:48,605][dowhy.causal_model][INFO] - Model to find the causal effect of treatment ['X4'] on outcome ['X7']
[2026-04-24 04:26:48,607][dowhy.causal_identifier.auto_identifier][INFO] - Causal effect can be identified.
[2026-04-24 04:26:48,608][dowhy.causal_identifier.auto_identifier][INFO] - Instrumental variables for treatment and outcome:['X3', 'X1']
[2026-04-24 04:26:48,608][dowhy.causal_identifier.auto_identifier][INFO] - Frontdoor variables for treatment and outcome:[]
[2026-04-24 04:26:48,608][dowhy.causal_model][INFO] - linear_regression
[2026-04-24 04:26:48,608][dowhy.causal_estimator][INFO] - INFO: Using Linear Regression Estimator
[2026-04-24 04:26:48,609][dowhy.causal_estimator][INFO] - b: X7~X4+X4*X2
[2026-04-24 04:26:48,657][dowhy.causal_model][INFO] - Model to find the causal effect of treatment ['X5'] on outcome ['X0']
[2026-04-24 04:26:48,657][dowhy.causal_identifier.auto_identifier][WARNING] - No directed path from treatment to outcome. Causal Effect is zero.
[2026-04-24 04:26:48,657][dowhy.causal_model][INFO] - linear_regression
[2026-04-24 04:26:48,657][dowhy.causal_estimator][INFO] - INFO: Using Linear Regression Estimator
[2026-04-24 04:26:48,657][dowhy.causal_estimator][WARNING] - No directed path from ['X5'] to ['X0'].
[2026-04-24 04:26:48,659][dowhy.causal_model][INFO] - Model to find the causal effect of treatment ['X5'] on outcome ['X1']
[2026-04-24 04:26:48,659][dowhy.causal_identifier.auto_identifier][WARNING] - No directed path from treatment to outcome. Causal Effect is zero.
[2026-04-24 04:26:48,659][dowhy.causal_model][INFO] - linear_regression
[2026-04-24 04:26:48,659][dowhy.causal_estimator][INFO] - INFO: Using Linear Regression Estimator
[2026-04-24 04:26:48,659][dowhy.causal_estimator][WARNING] - No directed path from ['X5'] to ['X1'].
[2026-04-24 04:26:48,661][dowhy.causal_model][INFO] - Model to find the causal effect of treatment ['X5'] on outcome ['X2']
[2026-04-24 04:26:48,661][dowhy.causal_identifier.auto_identifier][WARNING] - No directed path from treatment to outcome. Causal Effect is zero.
[2026-04-24 04:26:48,661][dowhy.causal_model][INFO] - linear_regression
[2026-04-24 04:26:48,661][dowhy.causal_estimator][INFO] - INFO: Using Linear Regression Estimator
[2026-04-24 04:26:48,661][dowhy.causal_estimator][WARNING] - No directed path from ['X5'] to ['X2'].
[2026-04-24 04:26:48,662][dowhy.causal_model][INFO] - Model to find the causal effect of treatment ['X5'] on outcome ['X3']
[2026-04-24 04:26:48,663][dowhy.causal_identifier.auto_identifier][WARNING] - No directed path from treatment to outcome. Causal Effect is zero.
[2026-04-24 04:26:48,663][dowhy.causal_model][INFO] - linear_regression
[2026-04-24 04:26:48,663][dowhy.causal_estimator][INFO] - INFO: Using Linear Regression Estimator
[2026-04-24 04:26:48,663][dowhy.causal_estimator][WARNING] - No directed path from ['X5'] to ['X3'].
[2026-04-24 04:26:48,664][dowhy.causal_model][INFO] - Model to find the causal effect of treatment ['X5'] on outcome ['X4']
[2026-04-24 04:26:48,664][dowhy.causal_identifier.auto_identifier][WARNING] - No directed path from treatment to outcome. Causal Effect is zero.
[2026-04-24 04:26:48,665][dowhy.causal_model][INFO] - linear_regression
[2026-04-24 04:26:48,665][dowhy.causal_estimator][INFO] - INFO: Using Linear Regression Estimator
[2026-04-24 04:26:48,665][dowhy.causal_estimator][WARNING] - No directed path from ['X5'] to ['X4'].
[2026-04-24 04:26:48,666][dowhy.causal_model][INFO] - Model to find the causal effect of treatment ['X5'] on outcome ['X6']
[2026-04-24 04:26:48,666][dowhy.causal_identifier.auto_identifier][WARNING] - No directed path from treatment to outcome. Causal Effect is zero.
[2026-04-24 04:26:48,666][dowhy.causal_model][INFO] - linear_regression
[2026-04-24 04:26:48,666][dowhy.causal_estimator][INFO] - INFO: Using Linear Regression Estimator
[2026-04-24 04:26:48,666][dowhy.causal_estimator][WARNING] - No directed path from ['X5'] to ['X6'].
[2026-04-24 04:26:48,668][dowhy.causal_model][INFO] - Model to find the causal effect of treatment ['X5'] on outcome ['X7']
[2026-04-24 04:26:48,668][dowhy.causal_identifier.auto_identifier][WARNING] - No directed path from treatment to outcome. Causal Effect is zero.
[2026-04-24 04:26:48,668][dowhy.causal_model][INFO] - linear_regression
[2026-04-24 04:26:48,668][dowhy.causal_estimator][INFO] - INFO: Using Linear Regression Estimator
[2026-04-24 04:26:48,668][dowhy.causal_estimator][WARNING] - No directed path from ['X5'] to ['X7'].
[2026-04-24 04:26:48,703][dowhy.causal_model][INFO] - Model to find the causal effect of treatment ['X6'] on outcome ['X0']
[2026-04-24 04:26:48,703][dowhy.causal_identifier.auto_identifier][WARNING] - No directed path from treatment to outcome. Causal Effect is zero.
[2026-04-24 04:26:48,703][dowhy.causal_model][INFO] - linear_regression
[2026-04-24 04:26:48,703][dowhy.causal_estimator][INFO] - INFO: Using Linear Regression Estimator
[2026-04-24 04:26:48,703][dowhy.causal_estimator][WARNING] - No directed path from ['X6'] to ['X0'].
[2026-04-24 04:26:48,705][dowhy.causal_model][INFO] - Model to find the causal effect of treatment ['X6'] on outcome ['X1']
[2026-04-24 04:26:48,705][dowhy.causal_identifier.auto_identifier][WARNING] - No directed path from treatment to outcome. Causal Effect is zero.
[2026-04-24 04:26:48,705][dowhy.causal_model][INFO] - linear_regression
[2026-04-24 04:26:48,705][dowhy.causal_estimator][INFO] - INFO: Using Linear Regression Estimator
[2026-04-24 04:26:48,705][dowhy.causal_estimator][WARNING] - No directed path from ['X6'] to ['X1'].
[2026-04-24 04:26:48,706][dowhy.causal_model][INFO] - Model to find the causal effect of treatment ['X6'] on outcome ['X2']
[2026-04-24 04:26:48,707][dowhy.causal_identifier.auto_identifier][WARNING] - No directed path from treatment to outcome. Causal Effect is zero.
[2026-04-24 04:26:48,707][dowhy.causal_model][INFO] - linear_regression
[2026-04-24 04:26:48,707][dowhy.causal_estimator][INFO] - INFO: Using Linear Regression Estimator
[2026-04-24 04:26:48,707][dowhy.causal_estimator][WARNING] - No directed path from ['X6'] to ['X2'].
[2026-04-24 04:26:48,708][dowhy.causal_model][INFO] - Model to find the causal effect of treatment ['X6'] on outcome ['X3']
[2026-04-24 04:26:48,708][dowhy.causal_identifier.auto_identifier][WARNING] - No directed path from treatment to outcome. Causal Effect is zero.
[2026-04-24 04:26:48,708][dowhy.causal_model][INFO] - linear_regression
[2026-04-24 04:26:48,708][dowhy.causal_estimator][INFO] - INFO: Using Linear Regression Estimator
[2026-04-24 04:26:48,708][dowhy.causal_estimator][WARNING] - No directed path from ['X6'] to ['X3'].
[2026-04-24 04:26:48,710][dowhy.causal_model][INFO] - Model to find the causal effect of treatment ['X6'] on outcome ['X4']
[2026-04-24 04:26:48,710][dowhy.causal_identifier.auto_identifier][WARNING] - No directed path from treatment to outcome. Causal Effect is zero.
[2026-04-24 04:26:48,710][dowhy.causal_model][INFO] - linear_regression
[2026-04-24 04:26:48,710][dowhy.causal_estimator][INFO] - INFO: Using Linear Regression Estimator
[2026-04-24 04:26:48,710][dowhy.causal_estimator][WARNING] - No directed path from ['X6'] to ['X4'].
[2026-04-24 04:26:48,712][dowhy.causal_model][INFO] - Model to find the causal effect of treatment ['X6'] on outcome ['X5']
[2026-04-24 04:26:48,712][dowhy.causal_identifier.auto_identifier][WARNING] - No directed path from treatment to outcome. Causal Effect is zero.
[2026-04-24 04:26:48,712][dowhy.causal_model][INFO] - linear_regression
[2026-04-24 04:26:48,712][dowhy.causal_estimator][INFO] - INFO: Using Linear Regression Estimator
[2026-04-24 04:26:48,712][dowhy.causal_estimator][WARNING] - No directed path from ['X6'] to ['X5'].
[2026-04-24 04:26:48,714][dowhy.causal_model][INFO] - Model to find the causal effect of treatment ['X6'] on outcome ['X7']
[2026-04-24 04:26:48,714][dowhy.causal_identifier.auto_identifier][WARNING] - No directed path from treatment to outcome. Causal Effect is zero.
[2026-04-24 04:26:48,714][dowhy.causal_model][INFO] - linear_regression
[2026-04-24 04:26:48,714][dowhy.causal_estimator][INFO] - INFO: Using Linear Regression Estimator
[2026-04-24 04:26:48,714][dowhy.causal_estimator][WARNING] - No directed path from ['X6'] to ['X7'].
[2026-04-24 04:26:48,745][dowhy.causal_model][INFO] - Model to find the causal effect of treatment ['X7'] on outcome ['X0']
[2026-04-24 04:26:48,745][dowhy.causal_identifier.auto_identifier][WARNING] - No directed path from treatment to outcome. Causal Effect is zero.
[2026-04-24 04:26:48,745][dowhy.causal_model][INFO] - linear_regression
[2026-04-24 04:26:48,745][dowhy.causal_estimator][INFO] - INFO: Using Linear Regression Estimator
[2026-04-24 04:26:48,745][dowhy.causal_estimator][WARNING] - No directed path from ['X7'] to ['X0'].
[2026-04-24 04:26:48,747][dowhy.causal_model][INFO] - Model to find the causal effect of treatment ['X7'] on outcome ['X1']
[2026-04-24 04:26:48,747][dowhy.causal_identifier.auto_identifier][WARNING] - No directed path from treatment to outcome. Causal Effect is zero.
[2026-04-24 04:26:48,747][dowhy.causal_model][INFO] - linear_regression
[2026-04-24 04:26:48,747][dowhy.causal_estimator][INFO] - INFO: Using Linear Regression Estimator
[2026-04-24 04:26:48,747][dowhy.causal_estimator][WARNING] - No directed path from ['X7'] to ['X1'].
[2026-04-24 04:26:48,748][dowhy.causal_model][INFO] - Model to find the causal effect of treatment ['X7'] on outcome ['X2']
[2026-04-24 04:26:48,748][dowhy.causal_identifier.auto_identifier][WARNING] - No directed path from treatment to outcome. Causal Effect is zero.
[2026-04-24 04:26:48,749][dowhy.causal_model][INFO] - linear_regression
[2026-04-24 04:26:48,749][dowhy.causal_estimator][INFO] - INFO: Using Linear Regression Estimator
[2026-04-24 04:26:48,749][dowhy.causal_estimator][WARNING] - No directed path from ['X7'] to ['X2'].
[2026-04-24 04:26:48,750][dowhy.causal_model][INFO] - Model to find the causal effect of treatment ['X7'] on outcome ['X3']
[2026-04-24 04:26:48,750][dowhy.causal_identifier.auto_identifier][WARNING] - No directed path from treatment to outcome. Causal Effect is zero.
[2026-04-24 04:26:48,750][dowhy.causal_model][INFO] - linear_regression
[2026-04-24 04:26:48,750][dowhy.causal_estimator][INFO] - INFO: Using Linear Regression Estimator
[2026-04-24 04:26:48,750][dowhy.causal_estimator][WARNING] - No directed path from ['X7'] to ['X3'].
[2026-04-24 04:26:48,752][dowhy.causal_model][INFO] - Model to find the causal effect of treatment ['X7'] on outcome ['X4']
[2026-04-24 04:26:48,752][dowhy.causal_identifier.auto_identifier][WARNING] - No directed path from treatment to outcome. Causal Effect is zero.
[2026-04-24 04:26:48,752][dowhy.causal_model][INFO] - linear_regression
[2026-04-24 04:26:48,752][dowhy.causal_estimator][INFO] - INFO: Using Linear Regression Estimator
[2026-04-24 04:26:48,752][dowhy.causal_estimator][WARNING] - No directed path from ['X7'] to ['X4'].
[2026-04-24 04:26:48,754][dowhy.causal_model][INFO] - Model to find the causal effect of treatment ['X7'] on outcome ['X5']
[2026-04-24 04:26:48,754][dowhy.causal_identifier.auto_identifier][WARNING] - No directed path from treatment to outcome. Causal Effect is zero.
[2026-04-24 04:26:48,754][dowhy.causal_model][INFO] - linear_regression
[2026-04-24 04:26:48,754][dowhy.causal_estimator][INFO] - INFO: Using Linear Regression Estimator
[2026-04-24 04:26:48,754][dowhy.causal_estimator][WARNING] - No directed path from ['X7'] to ['X5'].
[2026-04-24 04:26:48,756][dowhy.causal_model][INFO] - Model to find the causal effect of treatment ['X7'] on outcome ['X6']
[2026-04-24 04:26:48,756][dowhy.causal_identifier.auto_identifier][WARNING] - No directed path from treatment to outcome. Causal Effect is zero.
[2026-04-24 04:26:48,756][dowhy.causal_model][INFO] - linear_regression
[2026-04-24 04:26:48,756][dowhy.causal_estimator][INFO] - INFO: Using Linear Regression Estimator
[2026-04-24 04:26:48,756][dowhy.causal_estimator][WARNING] - No directed path from ['X7'] to ['X6'].
[2026-04-24 04:26:48,805][dowhy.causal_model][INFO] - Model to find the causal effect of treatment ['X0'] on outcome ['X1']
[2026-04-24 04:26:48,805][dowhy.causal_identifier.auto_identifier][WARNING] - No directed path from treatment to outcome. Causal Effect is zero.
[2026-04-24 04:26:48,805][dowhy.causal_model][INFO] - linear_regression
[2026-04-24 04:26:48,805][dowhy.causal_estimator][INFO] - INFO: Using Linear Regression Estimator
[2026-04-24 04:26:48,805][dowhy.causal_estimator][WARNING] - No directed path from ['X0'] to ['X1'].
[2026-04-24 04:26:48,807][dowhy.causal_model][INFO] - Model to find the causal effect of treatment ['X0'] on outcome ['X2']
[2026-04-24 04:26:48,807][dowhy.causal_identifier.auto_identifier][WARNING] - No directed path from treatment to outcome. Causal Effect is zero.
[2026-04-24 04:26:48,807][dowhy.causal_model][INFO] - linear_regression
[2026-04-24 04:26:48,807][dowhy.causal_estimator][INFO] - INFO: Using Linear Regression Estimator
[2026-04-24 04:26:48,807][dowhy.causal_estimator][WARNING] - No directed path from ['X0'] to ['X2'].
[2026-04-24 04:26:48,809][dowhy.causal_model][INFO] - Model to find the causal effect of treatment ['X0'] on outcome ['X3']
[2026-04-24 04:26:48,810][dowhy.causal_identifier.auto_identifier][INFO] - Causal effect can be identified.
[2026-04-24 04:26:48,810][dowhy.causal_identifier.auto_identifier][INFO] - Instrumental variables for treatment and outcome:[]
[2026-04-24 04:26:48,810][dowhy.causal_identifier.auto_identifier][INFO] - Frontdoor variables for treatment and outcome:[]
[2026-04-24 04:26:48,810][dowhy.causal_model][INFO] - linear_regression
[2026-04-24 04:26:48,810][dowhy.causal_estimator][INFO] - INFO: Using Linear Regression Estimator
[2026-04-24 04:26:48,811][dowhy.causal_estimator][INFO] - b: X3~X0+X0*X1
[2026-04-24 04:26:48,819][dowhy.causal_model][INFO] - Model to find the causal effect of treatment ['X0'] on outcome ['X4']
[2026-04-24 04:26:48,820][dowhy.causal_identifier.auto_identifier][INFO] - Causal effect can be identified.
[2026-04-24 04:26:48,820][dowhy.causal_identifier.auto_identifier][INFO] - Instrumental variables for treatment and outcome:[]
[2026-04-24 04:26:48,821][dowhy.causal_identifier.auto_identifier][INFO] - Frontdoor variables for treatment and outcome:[]
[2026-04-24 04:26:48,821][dowhy.causal_model][INFO] - linear_regression
[2026-04-24 04:26:48,821][dowhy.causal_estimator][INFO] - INFO: Using Linear Regression Estimator
[2026-04-24 04:26:48,821][dowhy.causal_estimator][INFO] - b: X4~X0+X0*X1
[2026-04-24 04:26:48,829][dowhy.causal_model][INFO] - Model to find the causal effect of treatment ['X0'] on outcome ['X5']
[2026-04-24 04:26:48,830][dowhy.causal_identifier.auto_identifier][INFO] - Causal effect can be identified.
[2026-04-24 04:26:48,830][dowhy.causal_identifier.auto_identifier][INFO] - Instrumental variables for treatment and outcome:[]
[2026-04-24 04:26:48,832][dowhy.causal_identifier.auto_identifier][INFO] - Frontdoor variables for treatment and outcome:[]
[2026-04-24 04:26:48,832][dowhy.causal_model][INFO] - linear_regression
[2026-04-24 04:26:48,832][dowhy.causal_estimator][INFO] - INFO: Using Linear Regression Estimator
[2026-04-24 04:26:48,832][dowhy.causal_estimator][INFO] - b: X5~X0+X0*X1
[2026-04-24 04:26:48,840][dowhy.causal_model][INFO] - Model to find the causal effect of treatment ['X0'] on outcome ['X6']
[2026-04-24 04:26:48,841][dowhy.causal_identifier.auto_identifier][INFO] - Causal effect can be identified.
[2026-04-24 04:26:48,841][dowhy.causal_identifier.auto_identifier][INFO] - Instrumental variables for treatment and outcome:[]
[2026-04-24 04:26:48,843][dowhy.causal_identifier.auto_identifier][INFO] - Frontdoor variables for treatment and outcome:[]
[2026-04-24 04:26:48,843][dowhy.causal_model][INFO] - linear_regression
[2026-04-24 04:26:48,843][dowhy.causal_estimator][INFO] - INFO: Using Linear Regression Estimator
[2026-04-24 04:26:48,843][dowhy.causal_estimator][INFO] - b: X6~X0+X0*X1
[2026-04-24 04:26:48,851][dowhy.causal_model][INFO] - Model to find the causal effect of treatment ['X0'] on outcome ['X7']
[2026-04-24 04:26:48,852][dowhy.causal_identifier.auto_identifier][INFO] - Causal effect can be identified.
[2026-04-24 04:26:48,853][dowhy.causal_identifier.auto_identifier][INFO] - Instrumental variables for treatment and outcome:[]
[2026-04-24 04:26:48,854][dowhy.causal_identifier.auto_identifier][INFO] - Frontdoor variables for treatment and outcome:['X3', 'X4', 'X5', 'X6']
[2026-04-24 04:26:48,855][dowhy.causal_identifier.auto_identifier][INFO] - Causal effect can be identified.
[2026-04-24 04:26:48,856][dowhy.causal_identifier.auto_identifier][INFO] - Causal effect can be identified.
[2026-04-24 04:26:48,857][dowhy.causal_model][INFO] - linear_regression
[2026-04-24 04:26:48,857][dowhy.causal_estimator][INFO] - INFO: Using Linear Regression Estimator
[2026-04-24 04:26:48,857][dowhy.causal_estimator][INFO] - b: X7~X0+X0*X1+X0*X2
[2026-04-24 04:26:48,904][dowhy.causal_model][INFO] - Model to find the causal effect of treatment ['X1'] on outcome ['X0']
[2026-04-24 04:26:48,904][dowhy.causal_identifier.auto_identifier][WARNING] - No directed path from treatment to outcome. Causal Effect is zero.
[2026-04-24 04:26:48,904][dowhy.causal_model][INFO] - linear_regression
[2026-04-24 04:26:48,904][dowhy.causal_estimator][INFO] - INFO: Using Linear Regression Estimator
[2026-04-24 04:26:48,904][dowhy.causal_estimator][WARNING] - No directed path from ['X1'] to ['X0'].
[2026-04-24 04:26:48,906][dowhy.causal_model][INFO] - Model to find the causal effect of treatment ['X1'] on outcome ['X2']
[2026-04-24 04:26:48,906][dowhy.causal_identifier.auto_identifier][WARNING] - No directed path from treatment to outcome. Causal Effect is zero.
[2026-04-24 04:26:48,906][dowhy.causal_model][INFO] - linear_regression
[2026-04-24 04:26:48,906][dowhy.causal_estimator][INFO] - INFO: Using Linear Regression Estimator
[2026-04-24 04:26:48,906][dowhy.causal_estimator][WARNING] - No directed path from ['X1'] to ['X2'].
[2026-04-24 04:26:48,908][dowhy.causal_model][INFO] - Model to find the causal effect of treatment ['X1'] on outcome ['X3']
[2026-04-24 04:26:48,908][dowhy.causal_identifier.auto_identifier][INFO] - Causal effect can be identified.
[2026-04-24 04:26:48,909][dowhy.causal_identifier.auto_identifier][INFO] - Instrumental variables for treatment and outcome:[]
[2026-04-24 04:26:48,909][dowhy.causal_identifier.auto_identifier][INFO] - Frontdoor variables for treatment and outcome:[]
[2026-04-24 04:26:48,909][dowhy.causal_model][INFO] - linear_regression
[2026-04-24 04:26:48,909][dowhy.causal_estimator][INFO] - INFO: Using Linear Regression Estimator
[2026-04-24 04:26:48,909][dowhy.causal_estimator][INFO] - b: X3~X1+X1*X0
[2026-04-24 04:26:48,917][dowhy.causal_model][INFO] - Model to find the causal effect of treatment ['X1'] on outcome ['X4']
[2026-04-24 04:26:48,917][dowhy.causal_identifier.auto_identifier][INFO] - Causal effect can be identified.
[2026-04-24 04:26:48,918][dowhy.causal_identifier.auto_identifier][INFO] - Instrumental variables for treatment and outcome:[]
[2026-04-24 04:26:48,918][dowhy.causal_identifier.auto_identifier][INFO] - Frontdoor variables for treatment and outcome:[]
[2026-04-24 04:26:48,918][dowhy.causal_model][INFO] - linear_regression
[2026-04-24 04:26:48,918][dowhy.causal_estimator][INFO] - INFO: Using Linear Regression Estimator
[2026-04-24 04:26:48,918][dowhy.causal_estimator][INFO] - b: X4~X1+X1*X0
[2026-04-24 04:26:48,926][dowhy.causal_model][INFO] - Model to find the causal effect of treatment ['X1'] on outcome ['X5']
[2026-04-24 04:26:48,926][dowhy.causal_identifier.auto_identifier][INFO] - Causal effect can be identified.
[2026-04-24 04:26:48,927][dowhy.causal_identifier.auto_identifier][INFO] - Instrumental variables for treatment and outcome:[]
[2026-04-24 04:26:48,928][dowhy.causal_identifier.auto_identifier][INFO] - Frontdoor variables for treatment and outcome:[]
[2026-04-24 04:26:48,928][dowhy.causal_model][INFO] - linear_regression
[2026-04-24 04:26:48,928][dowhy.causal_estimator][INFO] - INFO: Using Linear Regression Estimator
[2026-04-24 04:26:48,928][dowhy.causal_estimator][INFO] - b: X5~X1+X1*X0
[2026-04-24 04:26:48,936][dowhy.causal_model][INFO] - Model to find the causal effect of treatment ['X1'] on outcome ['X6']
[2026-04-24 04:26:48,936][dowhy.causal_identifier.auto_identifier][INFO] - Causal effect can be identified.
[2026-04-24 04:26:48,937][dowhy.causal_identifier.auto_identifier][INFO] - Instrumental variables for treatment and outcome:[]
[2026-04-24 04:26:48,938][dowhy.causal_identifier.auto_identifier][INFO] - Frontdoor variables for treatment and outcome:[]
[2026-04-24 04:26:48,938][dowhy.causal_model][INFO] - linear_regression
[2026-04-24 04:26:48,938][dowhy.causal_estimator][INFO] - INFO: Using Linear Regression Estimator
[2026-04-24 04:26:48,938][dowhy.causal_estimator][INFO] - b: X6~X1+X1*X0
[2026-04-24 04:26:48,945][dowhy.causal_model][INFO] - Model to find the causal effect of treatment ['X1'] on outcome ['X7']
[2026-04-24 04:26:48,946][dowhy.causal_identifier.auto_identifier][INFO] - Causal effect can be identified.
[2026-04-24 04:26:48,947][dowhy.causal_identifier.auto_identifier][INFO] - Instrumental variables for treatment and outcome:[]
[2026-04-24 04:26:48,948][dowhy.causal_identifier.auto_identifier][INFO] - Frontdoor variables for treatment and outcome:['X3', 'X4', 'X5', 'X6']
[2026-04-24 04:26:48,949][dowhy.causal_identifier.auto_identifier][INFO] - Causal effect can be identified.
[2026-04-24 04:26:48,950][dowhy.causal_identifier.auto_identifier][INFO] - Causal effect can be identified.
[2026-04-24 04:26:48,951][dowhy.causal_model][INFO] - linear_regression
[2026-04-24 04:26:48,951][dowhy.causal_estimator][INFO] - INFO: Using Linear Regression Estimator
[2026-04-24 04:26:48,951][dowhy.causal_estimator][INFO] - b: X7~X1+X1*X2+X1*X0
[2026-04-24 04:26:48,993][dowhy.causal_model][INFO] - Model to find the causal effect of treatment ['X2'] on outcome ['X0']
[2026-04-24 04:26:48,993][dowhy.causal_identifier.auto_identifier][WARNING] - No directed path from treatment to outcome. Causal Effect is zero.
[2026-04-24 04:26:48,993][dowhy.causal_model][INFO] - linear_regression
[2026-04-24 04:26:48,994][dowhy.causal_estimator][INFO] - INFO: Using Linear Regression Estimator
[2026-04-24 04:26:48,994][dowhy.causal_estimator][WARNING] - No directed path from ['X2'] to ['X0'].
[2026-04-24 04:26:48,995][dowhy.causal_model][INFO] - Model to find the causal effect of treatment ['X2'] on outcome ['X1']
[2026-04-24 04:26:48,995][dowhy.causal_identifier.auto_identifier][WARNING] - No directed path from treatment to outcome. Causal Effect is zero.
[2026-04-24 04:26:48,995][dowhy.causal_model][INFO] - linear_regression
[2026-04-24 04:26:48,995][dowhy.causal_estimator][INFO] - INFO: Using Linear Regression Estimator
[2026-04-24 04:26:48,995][dowhy.causal_estimator][WARNING] - No directed path from ['X2'] to ['X1'].
[2026-04-24 04:26:48,997][dowhy.causal_model][INFO] - Model to find the causal effect of treatment ['X2'] on outcome ['X3']
[2026-04-24 04:26:48,997][dowhy.causal_identifier.auto_identifier][WARNING] - No directed path from treatment to outcome. Causal Effect is zero.
[2026-04-24 04:26:48,997][dowhy.causal_model][INFO] - linear_regression
[2026-04-24 04:26:48,997][dowhy.causal_estimator][INFO] - INFO: Using Linear Regression Estimator
[2026-04-24 04:26:48,997][dowhy.causal_estimator][WARNING] - No directed path from ['X2'] to ['X3'].
[2026-04-24 04:26:48,999][dowhy.causal_model][INFO] - Model to find the causal effect of treatment ['X2'] on outcome ['X4']
[2026-04-24 04:26:48,999][dowhy.causal_identifier.auto_identifier][WARNING] - No directed path from treatment to outcome. Causal Effect is zero.
[2026-04-24 04:26:48,999][dowhy.causal_model][INFO] - linear_regression
[2026-04-24 04:26:48,999][dowhy.causal_estimator][INFO] - INFO: Using Linear Regression Estimator
[2026-04-24 04:26:48,999][dowhy.causal_estimator][WARNING] - No directed path from ['X2'] to ['X4'].
[2026-04-24 04:26:49,000][dowhy.causal_model][INFO] - Model to find the causal effect of treatment ['X2'] on outcome ['X5']
[2026-04-24 04:26:49,001][dowhy.causal_identifier.auto_identifier][WARNING] - No directed path from treatment to outcome. Causal Effect is zero.
[2026-04-24 04:26:49,001][dowhy.causal_model][INFO] - linear_regression
[2026-04-24 04:26:49,001][dowhy.causal_estimator][INFO] - INFO: Using Linear Regression Estimator
[2026-04-24 04:26:49,001][dowhy.causal_estimator][WARNING] - No directed path from ['X2'] to ['X5'].
[2026-04-24 04:26:49,002][dowhy.causal_model][INFO] - Model to find the causal effect of treatment ['X2'] on outcome ['X6']
[2026-04-24 04:26:49,002][dowhy.causal_identifier.auto_identifier][WARNING] - No directed path from treatment to outcome. Causal Effect is zero.
[2026-04-24 04:26:49,002][dowhy.causal_model][INFO] - linear_regression
[2026-04-24 04:26:49,002][dowhy.causal_estimator][INFO] - INFO: Using Linear Regression Estimator
[2026-04-24 04:26:49,002][dowhy.causal_estimator][WARNING] - No directed path from ['X2'] to ['X6'].
[2026-04-24 04:26:49,004][dowhy.causal_model][INFO] - Model to find the causal effect of treatment ['X2'] on outcome ['X7']
[2026-04-24 04:26:49,006][dowhy.causal_identifier.auto_identifier][INFO] - Causal effect can be identified.
[2026-04-24 04:26:49,006][dowhy.causal_identifier.auto_identifier][INFO] - Instrumental variables for treatment and outcome:[]
[2026-04-24 04:26:49,006][dowhy.causal_identifier.auto_identifier][INFO] - Frontdoor variables for treatment and outcome:[]
[2026-04-24 04:26:49,006][dowhy.causal_model][INFO] - linear_regression
[2026-04-24 04:26:49,007][dowhy.causal_estimator][INFO] - INFO: Using Linear Regression Estimator
[2026-04-24 04:26:49,007][dowhy.causal_estimator][INFO] - b: X7~X2+X2*X3+X2*X1+X2*X4+X2*X0
[2026-04-24 04:26:49,052][dowhy.causal_model][INFO] - Model to find the causal effect of treatment ['X3'] on outcome ['X0']
[2026-04-24 04:26:49,052][dowhy.causal_identifier.auto_identifier][WARNING] - No directed path from treatment to outcome. Causal Effect is zero.
[2026-04-24 04:26:49,052][dowhy.causal_model][INFO] - linear_regression
[2026-04-24 04:26:49,052][dowhy.causal_estimator][INFO] - INFO: Using Linear Regression Estimator
[2026-04-24 04:26:49,052][dowhy.causal_estimator][WARNING] - No directed path from ['X3'] to ['X0'].
[2026-04-24 04:26:49,054][dowhy.causal_model][INFO] - Model to find the causal effect of treatment ['X3'] on outcome ['X1']
[2026-04-24 04:26:49,054][dowhy.causal_identifier.auto_identifier][WARNING] - No directed path from treatment to outcome. Causal Effect is zero.
[2026-04-24 04:26:49,054][dowhy.causal_model][INFO] - linear_regression
[2026-04-24 04:26:49,054][dowhy.causal_estimator][INFO] - INFO: Using Linear Regression Estimator
[2026-04-24 04:26:49,054][dowhy.causal_estimator][WARNING] - No directed path from ['X3'] to ['X1'].
[2026-04-24 04:26:49,056][dowhy.causal_model][INFO] - Model to find the causal effect of treatment ['X3'] on outcome ['X2']
[2026-04-24 04:26:49,056][dowhy.causal_identifier.auto_identifier][WARNING] - No directed path from treatment to outcome. Causal Effect is zero.
[2026-04-24 04:26:49,056][dowhy.causal_model][INFO] - linear_regression
[2026-04-24 04:26:49,056][dowhy.causal_estimator][INFO] - INFO: Using Linear Regression Estimator
[2026-04-24 04:26:49,056][dowhy.causal_estimator][WARNING] - No directed path from ['X3'] to ['X2'].
[2026-04-24 04:26:49,058][dowhy.causal_model][INFO] - Model to find the causal effect of treatment ['X3'] on outcome ['X4']
[2026-04-24 04:26:49,059][dowhy.causal_identifier.auto_identifier][INFO] - Causal effect can be identified.
[2026-04-24 04:26:49,059][dowhy.causal_identifier.auto_identifier][INFO] - Instrumental variables for treatment and outcome:['X0']
[2026-04-24 04:26:49,060][dowhy.causal_identifier.auto_identifier][INFO] - Frontdoor variables for treatment and outcome:[]
[2026-04-24 04:26:49,060][dowhy.causal_model][INFO] - linear_regression
[2026-04-24 04:26:49,060][dowhy.causal_estimator][INFO] - INFO: Using Linear Regression Estimator
[2026-04-24 04:26:49,060][dowhy.causal_estimator][INFO] - b: X4~X3+X1
[2026-04-24 04:26:49,068][dowhy.causal_model][INFO] - Model to find the causal effect of treatment ['X3'] on outcome ['X5']
[2026-04-24 04:26:49,069][dowhy.causal_identifier.auto_identifier][INFO] - Causal effect can be identified.
[2026-04-24 04:26:49,070][dowhy.causal_identifier.auto_identifier][INFO] - Instrumental variables for treatment and outcome:['X1']
[2026-04-24 04:26:49,071][dowhy.causal_identifier.auto_identifier][INFO] - Frontdoor variables for treatment and outcome:[]
[2026-04-24 04:26:49,071][dowhy.causal_model][INFO] - linear_regression
[2026-04-24 04:26:49,071][dowhy.causal_estimator][INFO] - INFO: Using Linear Regression Estimator
[2026-04-24 04:26:49,071][dowhy.causal_estimator][INFO] - b: X5~X3+X0
[2026-04-24 04:26:49,080][dowhy.causal_model][INFO] - Model to find the causal effect of treatment ['X3'] on outcome ['X6']
[2026-04-24 04:26:49,081][dowhy.causal_identifier.auto_identifier][INFO] - Causal effect can be identified.
[2026-04-24 04:26:49,081][dowhy.causal_identifier.auto_identifier][INFO] - Instrumental variables for treatment and outcome:['X0']
[2026-04-24 04:26:49,082][dowhy.causal_identifier.auto_identifier][INFO] - Frontdoor variables for treatment and outcome:[]
[2026-04-24 04:26:49,082][dowhy.causal_model][INFO] - linear_regression
[2026-04-24 04:26:49,082][dowhy.causal_estimator][INFO] - INFO: Using Linear Regression Estimator
[2026-04-24 04:26:49,082][dowhy.causal_estimator][INFO] - b: X6~X3+X1
[2026-04-24 04:26:49,091][dowhy.causal_model][INFO] - Model to find the causal effect of treatment ['X3'] on outcome ['X7']
[2026-04-24 04:26:49,092][dowhy.causal_identifier.auto_identifier][INFO] - Causal effect can be identified.
[2026-04-24 04:26:49,092][dowhy.causal_identifier.auto_identifier][INFO] - Instrumental variables for treatment and outcome:['X0']
[2026-04-24 04:26:49,094][dowhy.causal_identifier.auto_identifier][INFO] - Frontdoor variables for treatment and outcome:[]
[2026-04-24 04:26:49,094][dowhy.causal_model][INFO] - linear_regression
[2026-04-24 04:26:49,094][dowhy.causal_estimator][INFO] - INFO: Using Linear Regression Estimator
[2026-04-24 04:26:49,094][dowhy.causal_estimator][INFO] - b: X7~X3+X1+X3*X2
[2026-04-24 04:26:49,141][dowhy.causal_model][INFO] - Model to find the causal effect of treatment ['X4'] on outcome ['X0']
[2026-04-24 04:26:49,141][dowhy.causal_identifier.auto_identifier][WARNING] - No directed path from treatment to outcome. Causal Effect is zero.
[2026-04-24 04:26:49,141][dowhy.causal_model][INFO] - linear_regression
[2026-04-24 04:26:49,141][dowhy.causal_estimator][INFO] - INFO: Using Linear Regression Estimator
[2026-04-24 04:26:49,141][dowhy.causal_estimator][WARNING] - No directed path from ['X4'] to ['X0'].
[2026-04-24 04:26:49,143][dowhy.causal_model][INFO] - Model to find the causal effect of treatment ['X4'] on outcome ['X1']
[2026-04-24 04:26:49,143][dowhy.causal_identifier.auto_identifier][WARNING] - No directed path from treatment to outcome. Causal Effect is zero.
[2026-04-24 04:26:49,143][dowhy.causal_model][INFO] - linear_regression
[2026-04-24 04:26:49,143][dowhy.causal_estimator][INFO] - INFO: Using Linear Regression Estimator
[2026-04-24 04:26:49,143][dowhy.causal_estimator][WARNING] - No directed path from ['X4'] to ['X1'].
[2026-04-24 04:26:49,145][dowhy.causal_model][INFO] - Model to find the causal effect of treatment ['X4'] on outcome ['X2']
[2026-04-24 04:26:49,145][dowhy.causal_identifier.auto_identifier][WARNING] - No directed path from treatment to outcome. Causal Effect is zero.
[2026-04-24 04:26:49,145][dowhy.causal_model][INFO] - linear_regression
[2026-04-24 04:26:49,145][dowhy.causal_estimator][INFO] - INFO: Using Linear Regression Estimator
[2026-04-24 04:26:49,145][dowhy.causal_estimator][WARNING] - No directed path from ['X4'] to ['X2'].
[2026-04-24 04:26:49,146][dowhy.causal_model][INFO] - Model to find the causal effect of treatment ['X4'] on outcome ['X3']
[2026-04-24 04:26:49,146][dowhy.causal_identifier.auto_identifier][WARNING] - No directed path from treatment to outcome. Causal Effect is zero.
[2026-04-24 04:26:49,147][dowhy.causal_model][INFO] - linear_regression
[2026-04-24 04:26:49,147][dowhy.causal_estimator][INFO] - INFO: Using Linear Regression Estimator
[2026-04-24 04:26:49,147][dowhy.causal_estimator][WARNING] - No directed path from ['X4'] to ['X3'].
[2026-04-24 04:26:49,148][dowhy.causal_model][INFO] - Model to find the causal effect of treatment ['X4'] on outcome ['X5']
[2026-04-24 04:26:49,148][dowhy.causal_identifier.auto_identifier][WARNING] - No directed path from treatment to outcome. Causal Effect is zero.
[2026-04-24 04:26:49,148][dowhy.causal_model][INFO] - linear_regression
[2026-04-24 04:26:49,148][dowhy.causal_estimator][INFO] - INFO: Using Linear Regression Estimator
[2026-04-24 04:26:49,148][dowhy.causal_estimator][WARNING] - No directed path from ['X4'] to ['X5'].
[2026-04-24 04:26:49,150][dowhy.causal_model][INFO] - Model to find the causal effect of treatment ['X4'] on outcome ['X6']
[2026-04-24 04:26:49,151][dowhy.causal_identifier.auto_identifier][INFO] - Causal effect can be identified.
[2026-04-24 04:26:49,152][dowhy.causal_identifier.auto_identifier][INFO] - Instrumental variables for treatment and outcome:[]
[2026-04-24 04:26:49,152][dowhy.causal_identifier.auto_identifier][INFO] - Frontdoor variables for treatment and outcome:[]
[2026-04-24 04:26:49,152][dowhy.causal_model][INFO] - linear_regression
[2026-04-24 04:26:49,152][dowhy.causal_estimator][INFO] - INFO: Using Linear Regression Estimator
[2026-04-24 04:26:49,152][dowhy.causal_estimator][INFO] - b: X6~X4+X1
[2026-04-24 04:26:49,160][dowhy.causal_model][INFO] - Model to find the causal effect of treatment ['X4'] on outcome ['X7']
[2026-04-24 04:26:49,161][dowhy.causal_identifier.auto_identifier][INFO] - Causal effect can be identified.
[2026-04-24 04:26:49,162][dowhy.causal_identifier.auto_identifier][INFO] - Instrumental variables for treatment and outcome:['X3', 'X1']
[2026-04-24 04:26:49,162][dowhy.causal_identifier.auto_identifier][INFO] - Frontdoor variables for treatment and outcome:[]
[2026-04-24 04:26:49,162][dowhy.causal_model][INFO] - linear_regression
[2026-04-24 04:26:49,163][dowhy.causal_estimator][INFO] - INFO: Using Linear Regression Estimator
[2026-04-24 04:26:49,163][dowhy.causal_estimator][INFO] - b: X7~X4+X4*X2
[2026-04-24 04:26:49,202][dowhy.causal_model][INFO] - Model to find the causal effect of treatment ['X5'] on outcome ['X0']
[2026-04-24 04:26:49,202][dowhy.causal_identifier.auto_identifier][WARNING] - No directed path from treatment to outcome. Causal Effect is zero.
[2026-04-24 04:26:49,202][dowhy.causal_model][INFO] - linear_regression
[2026-04-24 04:26:49,202][dowhy.causal_estimator][INFO] - INFO: Using Linear Regression Estimator
[2026-04-24 04:26:49,202][dowhy.causal_estimator][WARNING] - No directed path from ['X5'] to ['X0'].
[2026-04-24 04:26:49,204][dowhy.causal_model][INFO] - Model to find the causal effect of treatment ['X5'] on outcome ['X1']
[2026-04-24 04:26:49,204][dowhy.causal_identifier.auto_identifier][WARNING] - No directed path from treatment to outcome. Causal Effect is zero.
[2026-04-24 04:26:49,204][dowhy.causal_model][INFO] - linear_regression
[2026-04-24 04:26:49,204][dowhy.causal_estimator][INFO] - INFO: Using Linear Regression Estimator
[2026-04-24 04:26:49,204][dowhy.causal_estimator][WARNING] - No directed path from ['X5'] to ['X1'].
[2026-04-24 04:26:49,205][dowhy.causal_model][INFO] - Model to find the causal effect of treatment ['X5'] on outcome ['X2']
[2026-04-24 04:26:49,205][dowhy.causal_identifier.auto_identifier][WARNING] - No directed path from treatment to outcome. Causal Effect is zero.
[2026-04-24 04:26:49,206][dowhy.causal_model][INFO] - linear_regression
[2026-04-24 04:26:49,206][dowhy.causal_estimator][INFO] - INFO: Using Linear Regression Estimator
[2026-04-24 04:26:49,206][dowhy.causal_estimator][WARNING] - No directed path from ['X5'] to ['X2'].
[2026-04-24 04:26:49,207][dowhy.causal_model][INFO] - Model to find the causal effect of treatment ['X5'] on outcome ['X3']
[2026-04-24 04:26:49,207][dowhy.causal_identifier.auto_identifier][WARNING] - No directed path from treatment to outcome. Causal Effect is zero.
[2026-04-24 04:26:49,207][dowhy.causal_model][INFO] - linear_regression
[2026-04-24 04:26:49,207][dowhy.causal_estimator][INFO] - INFO: Using Linear Regression Estimator
[2026-04-24 04:26:49,207][dowhy.causal_estimator][WARNING] - No directed path from ['X5'] to ['X3'].
[2026-04-24 04:26:49,209][dowhy.causal_model][INFO] - Model to find the causal effect of treatment ['X5'] on outcome ['X4']
[2026-04-24 04:26:49,209][dowhy.causal_identifier.auto_identifier][WARNING] - No directed path from treatment to outcome. Causal Effect is zero.
[2026-04-24 04:26:49,209][dowhy.causal_model][INFO] - linear_regression
[2026-04-24 04:26:49,209][dowhy.causal_estimator][INFO] - INFO: Using Linear Regression Estimator
[2026-04-24 04:26:49,209][dowhy.causal_estimator][WARNING] - No directed path from ['X5'] to ['X4'].
[2026-04-24 04:26:49,211][dowhy.causal_model][INFO] - Model to find the causal effect of treatment ['X5'] on outcome ['X6']
[2026-04-24 04:26:49,211][dowhy.causal_identifier.auto_identifier][WARNING] - No directed path from treatment to outcome. Causal Effect is zero.
[2026-04-24 04:26:49,211][dowhy.causal_model][INFO] - linear_regression
[2026-04-24 04:26:49,211][dowhy.causal_estimator][INFO] - INFO: Using Linear Regression Estimator
[2026-04-24 04:26:49,211][dowhy.causal_estimator][WARNING] - No directed path from ['X5'] to ['X6'].
[2026-04-24 04:26:49,212][dowhy.causal_model][INFO] - Model to find the causal effect of treatment ['X5'] on outcome ['X7']
[2026-04-24 04:26:49,212][dowhy.causal_identifier.auto_identifier][WARNING] - No directed path from treatment to outcome. Causal Effect is zero.
[2026-04-24 04:26:49,212][dowhy.causal_model][INFO] - linear_regression
[2026-04-24 04:26:49,212][dowhy.causal_estimator][INFO] - INFO: Using Linear Regression Estimator
[2026-04-24 04:26:49,212][dowhy.causal_estimator][WARNING] - No directed path from ['X5'] to ['X7'].
[2026-04-24 04:26:49,244][dowhy.causal_model][INFO] - Model to find the causal effect of treatment ['X6'] on outcome ['X0']
[2026-04-24 04:26:49,244][dowhy.causal_identifier.auto_identifier][WARNING] - No directed path from treatment to outcome. Causal Effect is zero.
[2026-04-24 04:26:49,245][dowhy.causal_model][INFO] - linear_regression
[2026-04-24 04:26:49,245][dowhy.causal_estimator][INFO] - INFO: Using Linear Regression Estimator
[2026-04-24 04:26:49,245][dowhy.causal_estimator][WARNING] - No directed path from ['X6'] to ['X0'].
[2026-04-24 04:26:49,246][dowhy.causal_model][INFO] - Model to find the causal effect of treatment ['X6'] on outcome ['X1']
[2026-04-24 04:26:49,246][dowhy.causal_identifier.auto_identifier][WARNING] - No directed path from treatment to outcome. Causal Effect is zero.
[2026-04-24 04:26:49,246][dowhy.causal_model][INFO] - linear_regression
[2026-04-24 04:26:49,246][dowhy.causal_estimator][INFO] - INFO: Using Linear Regression Estimator
[2026-04-24 04:26:49,246][dowhy.causal_estimator][WARNING] - No directed path from ['X6'] to ['X1'].
[2026-04-24 04:26:49,248][dowhy.causal_model][INFO] - Model to find the causal effect of treatment ['X6'] on outcome ['X2']
[2026-04-24 04:26:49,248][dowhy.causal_identifier.auto_identifier][WARNING] - No directed path from treatment to outcome. Causal Effect is zero.
[2026-04-24 04:26:49,248][dowhy.causal_model][INFO] - linear_regression
[2026-04-24 04:26:49,248][dowhy.causal_estimator][INFO] - INFO: Using Linear Regression Estimator
[2026-04-24 04:26:49,248][dowhy.causal_estimator][WARNING] - No directed path from ['X6'] to ['X2'].
[2026-04-24 04:26:49,250][dowhy.causal_model][INFO] - Model to find the causal effect of treatment ['X6'] on outcome ['X3']
[2026-04-24 04:26:49,250][dowhy.causal_identifier.auto_identifier][WARNING] - No directed path from treatment to outcome. Causal Effect is zero.
[2026-04-24 04:26:49,250][dowhy.causal_model][INFO] - linear_regression
[2026-04-24 04:26:49,250][dowhy.causal_estimator][INFO] - INFO: Using Linear Regression Estimator
[2026-04-24 04:26:49,250][dowhy.causal_estimator][WARNING] - No directed path from ['X6'] to ['X3'].
[2026-04-24 04:26:49,251][dowhy.causal_model][INFO] - Model to find the causal effect of treatment ['X6'] on outcome ['X4']
[2026-04-24 04:26:49,251][dowhy.causal_identifier.auto_identifier][WARNING] - No directed path from treatment to outcome. Causal Effect is zero.
[2026-04-24 04:26:49,251][dowhy.causal_model][INFO] - linear_regression
[2026-04-24 04:26:49,251][dowhy.causal_estimator][INFO] - INFO: Using Linear Regression Estimator
[2026-04-24 04:26:49,252][dowhy.causal_estimator][WARNING] - No directed path from ['X6'] to ['X4'].
[2026-04-24 04:26:49,253][dowhy.causal_model][INFO] - Model to find the causal effect of treatment ['X6'] on outcome ['X5']
[2026-04-24 04:26:49,253][dowhy.causal_identifier.auto_identifier][WARNING] - No directed path from treatment to outcome. Causal Effect is zero.
[2026-04-24 04:26:49,253][dowhy.causal_model][INFO] - linear_regression
[2026-04-24 04:26:49,253][dowhy.causal_estimator][INFO] - INFO: Using Linear Regression Estimator
[2026-04-24 04:26:49,253][dowhy.causal_estimator][WARNING] - No directed path from ['X6'] to ['X5'].
[2026-04-24 04:26:49,255][dowhy.causal_model][INFO] - Model to find the causal effect of treatment ['X6'] on outcome ['X7']
[2026-04-24 04:26:49,255][dowhy.causal_identifier.auto_identifier][WARNING] - No directed path from treatment to outcome. Causal Effect is zero.
[2026-04-24 04:26:49,255][dowhy.causal_model][INFO] - linear_regression
[2026-04-24 04:26:49,255][dowhy.causal_estimator][INFO] - INFO: Using Linear Regression Estimator
[2026-04-24 04:26:49,255][dowhy.causal_estimator][WARNING] - No directed path from ['X6'] to ['X7'].
[2026-04-24 04:26:49,291][dowhy.causal_model][INFO] - Model to find the causal effect of treatment ['X7'] on outcome ['X0']
[2026-04-24 04:26:49,291][dowhy.causal_identifier.auto_identifier][WARNING] - No directed path from treatment to outcome. Causal Effect is zero.
[2026-04-24 04:26:49,291][dowhy.causal_model][INFO] - linear_regression
[2026-04-24 04:26:49,291][dowhy.causal_estimator][INFO] - INFO: Using Linear Regression Estimator
[2026-04-24 04:26:49,291][dowhy.causal_estimator][WARNING] - No directed path from ['X7'] to ['X0'].
[2026-04-24 04:26:49,293][dowhy.causal_model][INFO] - Model to find the causal effect of treatment ['X7'] on outcome ['X1']
[2026-04-24 04:26:49,293][dowhy.causal_identifier.auto_identifier][WARNING] - No directed path from treatment to outcome. Causal Effect is zero.
[2026-04-24 04:26:49,293][dowhy.causal_model][INFO] - linear_regression
[2026-04-24 04:26:49,293][dowhy.causal_estimator][INFO] - INFO: Using Linear Regression Estimator
[2026-04-24 04:26:49,293][dowhy.causal_estimator][WARNING] - No directed path from ['X7'] to ['X1'].
[2026-04-24 04:26:49,295][dowhy.causal_model][INFO] - Model to find the causal effect of treatment ['X7'] on outcome ['X2']
[2026-04-24 04:26:49,295][dowhy.causal_identifier.auto_identifier][WARNING] - No directed path from treatment to outcome. Causal Effect is zero.
[2026-04-24 04:26:49,295][dowhy.causal_model][INFO] - linear_regression
[2026-04-24 04:26:49,295][dowhy.causal_estimator][INFO] - INFO: Using Linear Regression Estimator
[2026-04-24 04:26:49,295][dowhy.causal_estimator][WARNING] - No directed path from ['X7'] to ['X2'].
[2026-04-24 04:26:49,297][dowhy.causal_model][INFO] - Model to find the causal effect of treatment ['X7'] on outcome ['X3']
[2026-04-24 04:26:49,297][dowhy.causal_identifier.auto_identifier][WARNING] - No directed path from treatment to outcome. Causal Effect is zero.
[2026-04-24 04:26:49,297][dowhy.causal_model][INFO] - linear_regression
[2026-04-24 04:26:49,297][dowhy.causal_estimator][INFO] - INFO: Using Linear Regression Estimator
[2026-04-24 04:26:49,297][dowhy.causal_estimator][WARNING] - No directed path from ['X7'] to ['X3'].
[2026-04-24 04:26:49,298][dowhy.causal_model][INFO] - Model to find the causal effect of treatment ['X7'] on outcome ['X4']
[2026-04-24 04:26:49,299][dowhy.causal_identifier.auto_identifier][WARNING] - No directed path from treatment to outcome. Causal Effect is zero.
[2026-04-24 04:26:49,299][dowhy.causal_model][INFO] - linear_regression
[2026-04-24 04:26:49,299][dowhy.causal_estimator][INFO] - INFO: Using Linear Regression Estimator
[2026-04-24 04:26:49,299][dowhy.causal_estimator][WARNING] - No directed path from ['X7'] to ['X4'].
[2026-04-24 04:26:49,300][dowhy.causal_model][INFO] - Model to find the causal effect of treatment ['X7'] on outcome ['X5']
[2026-04-24 04:26:49,300][dowhy.causal_identifier.auto_identifier][WARNING] - No directed path from treatment to outcome. Causal Effect is zero.
[2026-04-24 04:26:49,300][dowhy.causal_model][INFO] - linear_regression
[2026-04-24 04:26:49,300][dowhy.causal_estimator][INFO] - INFO: Using Linear Regression Estimator
[2026-04-24 04:26:49,301][dowhy.causal_estimator][WARNING] - No directed path from ['X7'] to ['X5'].
[2026-04-24 04:26:49,302][dowhy.causal_model][INFO] - Model to find the causal effect of treatment ['X7'] on outcome ['X6']
[2026-04-24 04:26:49,302][dowhy.causal_identifier.auto_identifier][WARNING] - No directed path from treatment to outcome. Causal Effect is zero.
[2026-04-24 04:26:49,302][dowhy.causal_model][INFO] - linear_regression
[2026-04-24 04:26:49,302][dowhy.causal_estimator][INFO] - INFO: Using Linear Regression Estimator
[2026-04-24 04:26:49,302][dowhy.causal_estimator][WARNING] - No directed path from ['X7'] to ['X6'].
