input_0,input_1,input_2,act_1_act1_0,act_1_act1_1,act_1_act1_2,act_1_act1_3,act_1_act1_4,act_1_act1_5,act_1_act1_6,act_1_act1_7,act_1_act1_8,act_1_act1_9,act_1_act1_10,act_1_act1_11,act_1_act1_12,act_1_act1_13,act_1_act1_14,act_1_act1_15,act_1_act1_16,act_1_act1_17,act_1_act1_18,act_1_act1_19,act_1_act1_20,act_1_act1_21,act_1_act1_22,act_1_act1_23,act_1_act1_24,act_1_act1_25,act_1_act1_26,act_1_act1_27,act_1_act1_28,act_1_act1_29,act_1_act1_30,act_1_act1_31,act_2_act2_0,act_2_act2_1,act_2_act2_2,act_2_act2_3,act_2_act2_4,act_2_act2_5,act_2_act2_6,act_2_act2_7,act_2_act2_8,act_2_act2_9,act_2_act2_10,act_2_act2_11,act_2_act2_12,act_2_act2_13,act_2_act2_14,act_2_act2_15,act_2_act2_16,act_2_act2_17,act_2_act2_18,act_2_act2_19,act_2_act2_20,act_2_act2_21,act_2_act2_22,act_2_act2_23,act_2_act2_24,act_2_act2_25,act_2_act2_26,act_2_act2_27,act_2_act2_28,act_2_act2_29,act_2_act2_30,act_2_act2_31,output_0,output_1,output_2
1.6469511,-0.17019217,-1.7559181,0.1162043,1.5534568,0.5870588,1.5974091,0.0,0.0,0.0,0.0,1.2779075,0.41697684,0.3101582,0.0,1.311059,0.90228266,0.0,1.3742557,0.0,0.45026347,0.0,0.0,0.0,0.0,0.0,0.49307114,0.0,0.0,0.7801964,0.0,1.3087261,0.75361276,0.0,0.7153087,0.0,0.0,1.2831134,1.1499575,1.3669468,1.5386299,0.020108063,0.2277781,0.0,0.60891896,0.0,0.42314592,0.17675918,1.4008152,0.22885096,0.0,0.4567375,0.0,0.0,1.6109977,1.6819005,0.20666322,0.0,0.0,0.0,0.0,0.0,0.0,0.0,1.098485,0.0,1.7915671,-1.135675,-1.6156131,1.3016145
0.43259972,0.5736756,0.5144248,0.04251486,0.20438443,0.12678519,0.88455105,0.0,0.07684192,0.0,0.0,0.0,0.0,0.0,0.5812588,0.0,0.103602335,0.0,1.1504765,0.06510869,0.0,0.88118434,0.58395684,0.0,0.0,1.0530992,0.19318779,0.7589186,0.5189537,0.21404687,0.0,0.0,0.31054255,0.0,0.0,0.0,0.0,0.53135604,0.6943173,0.039291576,0.72019243,0.82647437,0.9359261,0.0,0.0,0.0,0.957174,0.71070766,0.3779953,0.8505033,0.0,0.9014304,0.0,0.0,0.052589968,0.6123474,0.8300799,0.0,0.0,0.0,0.0,0.0,0.0,0.0,0.061416827,0.0,0.3958276,0.7906525,0.2370461,-0.6181176
-0.34530878,-1.2909265,-0.41439953,0.4576109,0.0,0.42609692,0.0,0.0,0.0,0.0,0.44271064,0.49687296,0.18373582,0.50277716,0.0,0.4904562,0.0,0.0,0.0,0.0,0.52067477,0.0,0.72073734,0.3151248,0.5366243,0.0,0.0,0.0,0.0,0.7642338,0.0,0.41395336,0.7995104,0.8831637,0.8672923,0.0,0.0,0.29691398,0.25613603,0.7148343,0.5967555,0.81983787,0.43772632,0.0,1.3276043,0.0,0.57833385,0.2904873,0.7221898,0.18672498,0.0,0.27727398,0.0,0.0,1.380723,0.1127367,0.0,0.0,0.0,0.0,0.0,0.0,0.0,0.0,0.7430346,0.0,0.8810291,-0.72400296,0.19047241,0.8917698
-0.09647844,-1.9467694,-1.1284751,0.67932314,0.0,0.5058636,0.0,0.0,0.0,0.0,0.5481498,1.0422184,0.563926,1.0887961,0.0,1.0320866,0.0,0.0,0.0,0.0,0.86773944,0.0,0.37686515,0.7137792,0.38347703,0.0,0.0,0.0,0.0,0.99525666,0.0,1.1436923,0.9660437,1.080345,1.4003462,0.0,0.0,0.40024185,0.32117024,1.2051781,0.94909286,0.8821051,0.3454491,0.0,1.9363928,0.0,0.6591189,0.13922113,1.3959575,0.18985607,0.0,0.26638588,0.0,0.0,2.0897145,0.43093324,0.0,0.0,0.0,0.0,0.0,0.0,0.0,0.0,1.2066207,0.0,1.3986361,-1.3298985,-0.17900737,1.6419196
1.1698858,-0.46183774,-1.0890402,0.3527547,0.79768705,0.35502997,1.1906745,0.0,0.0,0.0,0.0,1.0747924,0.3016245,0.12802279,0.0,1.0803561,0.49173093,0.0,0.95784193,0.0,0.35132498,0.043642074,0.0,0.0,0.0,0.028338313,0.1672366,0.0,0.0,0.6715671,0.0,0.9487358,0.6455821,0.08493601,0.6780405,0.0,0.0,0.7719849,0.65108484,0.7872471,1.074193,0.21181956,0.40031075,0.0,0.56576073,0.0,0.5178808,0.2585484,1.200817,0.3266186,0.0,0.4603276,0.0,0.0,1.2901971,1.1226406,0.10211803,0.0,0.0,0.0,0.0,0.0,0.0,0.0,0.81072694,0.0,1.3820534,-0.651718,-0.84305066,0.9957609
-0.27476266,-0.27706245,-0.91541666,0.0,0.24033594,0.96477973,0.25355846,0.0,0.0,0.0,0.0,0.06697088,0.0,0.51308304,0.0,0.12799093,0.0,0.0,0.2720223,0.0,0.4743294,0.0,0.09235349,0.07826641,0.0,0.017414272,0.59756494,0.0,0.0,0.8305667,0.0,0.1976163,0.9721072,0.6969898,0.464926,0.0,0.0,0.8567194,0.71625495,1.0158899,0.7959523,0.6144942,0.20563519,0.0,0.76603365,0.0,0.0,0.09173375,0.7195529,0.0,0.0,0.0,0.0,0.0,0.87264794,0.5133791,0.0,0.0,0.0,0.0,0.0,0.0,0.0,0.0,0.97589535,0.0,0.7745348,-1.1271214,-0.6451111,0.72810435
0.61097795,-0.29446465,-0.593654,0.2023507,0.39064598,0.38811153,0.8380335,0.0,0.0,0.0,0.0,0.6016852,0.064530104,0.0,0.0,0.6118509,0.17148931,0.0,0.750909,0.0,0.22957045,0.18047741,0.0645957,0.0,0.0,0.26946253,0.18823206,0.0,0.0,0.59375155,0.0,0.41954303,0.62683845,0.20722324,0.43908483,0.0,0.0,0.5711302,0.4998286,0.48342282,0.8006259,0.37189442,0.5053251,0.0,0.3898121,0.0,0.40319148,0.32223833,0.832412,0.33303866,0.0,0.34807414,0.0,0.0,0.80879176,0.74191874,0.119018406,0.0,0.0,0.0,0.0,0.0,0.0,0.0,0.60743606,0.0,0.9336715,-0.36101443,-0.42976832,0.5508949
-1.6114113,-1.1835781,1.3526044,0.5453251,0.0,0.0725342,0.0,1.0170467,0.0,0.55477,1.3976836,0.0,0.0,0.0,0.21332318,0.0,0.0,0.6741408,0.0,0.0,0.0762227,0.27078742,2.1752703,0.096150994,1.8618922,0.79683256,0.0,0.73590606,0.0,0.40980238,0.72390354,0.0,0.5306436,1.0935354,0.3080361,0.0,0.0,0.11710676,0.23010682,0.44809756,0.019200623,1.7645657,1.3658372,0.0,1.7558448,0.0,1.7873924,1.2952893,0.0,0.8654678,0.0,1.2583787,0.0,0.0,1.0062683,0.0,0.45327875,0.0,0.0,0.0,0.0,0.0,0.0,0.0,0.0,0.0,0.24375905,0.7305553,1.7151604,-0.4436283
0.618353,0.03513674,-1.304264,0.0,1.0101804,0.86592734,0.9378414,0.0,0.0,0.0,0.0,0.49643862,0.10108733,0.33900583,0.0,0.5561791,0.36249226,0.0,0.9308589,0.0,0.40805343,0.0,0.0,0.0,0.0,0.0,0.68818176,0.0,0.0,0.78664804,0.0,0.59100044,0.8749756,0.26948392,0.44351488,0.0,0.0,1.1644746,0.9885845,1.1861651,1.1601005,0.31582186,0.2236301,0.0,0.5768152,0.0,0.0,0.15485272,0.9592911,0.0161075,0.0,0.08762822,0.0,0.0,1.0627974,1.1036949,0.04781459,0.0,0.0,0.0,0.0,0.0,0.0,0.0,1.003679,0.0,1.2009863,-1.1915575,-1.2247218,0.9101622
-0.2687622,-1.0703443,-0.13999593,0.46850312,0.0,0.30881903,0.055387318,0.0,0.0,0.0,0.37638605,0.41052625,0.075023055,0.22043127,0.0,0.3974841,0.0,0.0,0.0,0.0,0.36738,0.0,0.8150033,0.11990416,0.56031495,0.20151001,0.0,0.0,0.0,0.65084434,0.0,0.21805926,0.6893227,0.7324889,0.6876402,0.0,0.0,0.1991468,0.17496395,0.4233564,0.46412975,0.75752956,0.53783846,0.0,1.0305328,0.0,0.6563469,0.42447034,0.5213949,0.27533972,0.0,0.39407754,0.0,0.0,1.1287019,0.05192578,0.0,0.0,0.0,0.0,0.0,0.0,0.0,0.0,0.5109778,0.0,0.75561625,-0.33508322,0.3815493,0.5934371
-0.7731985,0.33208418,1.3811512,0.004387997,0.0,0.12896279,0.0,0.86703926,0.14771912,0.72507954,0.14108348,0.0,0.0,0.0,0.8455279,0.0,0.0,0.7148143,0.36529785,0.0,0.0,0.91422856,1.5390713,0.0,0.8763369,1.3071864,0.009865686,1.3709896,0.5081533,0.1542868,0.5268191,0.0,0.32788286,0.29875168,0.0,0.0,0.0,0.4366513,0.6163056,0.31286293,0.23297974,1.5382113,1.3784876,0.0,0.4871421,0.0,1.528368,1.2961887,0.0,1.0862604,0.0,1.1171398,0.0,0.0,0.014882043,0.05848901,0.86257416,0.0,0.0,0.0,0.0,0.0,0.0,0.0,0.05890842,0.0,0.0,1.0310256,1.1846129,-1.1152729
1.4660609,0.3272676,-1.4933094,0.0,1.6331806,0.67366576,1.5813667,0.0,0.0,0.0,0.0,0.89166963,0.18369427,0.05251357,0.0,0.94111633,0.88297945,0.0,1.5559046,0.0,0.2831861,0.15802947,0.0,0.0,0.0,0.06467861,0.68928915,0.0,0.0,0.68976885,0.0,0.8847888,0.7209398,0.0,0.38067693,0.0,0.0,1.3680484,1.2525084,1.2609594,1.44809,0.029488433,0.31569475,0.0,0.34293246,0.0,0.2956638,0.22222447,1.0994047,0.23765177,0.0,0.40138322,0.0,0.0,1.2349185,1.588428,0.35887682,0.0,0.0,0.0,0.0,0.0,0.0,0.0,0.9416272,0.0,1.5250788,-0.9310376,-1.5612856,0.89220434
1.7836468,2.2124438,-1.4876654,0.0,2.9082654,1.085582,2.224663,0.0,0.5649917,0.0,0.0,0.13281228,0.0,0.0,0.5314503,0.254169,1.468618,0.0,2.7822165,0.0,0.0,0.7732761,0.0,0.0,0.0,0.6089947,1.6015065,0.14666142,0.24220118,0.49487668,0.0,0.13367341,0.67097175,0.0,0.0,0.0,0.0,2.4797225,2.3261175,1.6239293,1.8718417,0.16168554,0.6080895,0.0,0.0,0.0,0.31915292,0.48048538,0.71703565,0.5360024,0.0,0.6545236,0.0,0.0,0.7688598,2.2986536,1.2114981,0.0,0.0,0.0,0.0,0.0,0.0,0.0,0.917821,0.0,1.4019866,-0.658579,-2.215058,-0.05056303
0.42199218,1.0112214,-0.25342208,0.0,0.91629905,0.67550606,0.99840295,0.0,0.1330032,0.0,0.0,0.0,0.0,0.0,0.508111,0.0,0.3191536,0.0,1.3801881,0.0,0.0,0.66011477,0.0,0.0,0.0,0.7764528,0.782103,0.52142215,0.13765508,0.41920504,0.0,0.0,0.58514273,0.0,0.0,0.0,0.0,1.1718705,1.1189054,0.61276877,0.9618213,0.60667545,0.6161132,0.0,0.0023281164,0.0,0.3220822,0.52823067,0.57746124,0.49759048,0.0,0.5069876,0.0,0.0,0.2914415,1.0497389,0.7197031,0.0,0.0,0.0,0.0,0.0,0.0,0.0,0.49149656,0.0,0.6606968,-0.07019902,-0.7145484,-0.23048985
-0.5895832,0.8738914,0.450969,0.0,0.0225028,0.7089317,0.2652567,0.5721349,0.22714832,0.57780814,0.0,0.0,0.0,0.0,0.7508093,0.0,0.0,0.42006359,0.7577021,0.0,0.0,0.69630635,0.73586875,0.0,0.02339716,0.99559015,0.6735921,1.0543289,0.13201356,0.3711102,0.08510107,0.0,0.6087374,0.26844475,0.0,0.0,0.0,0.9538478,0.9765849,0.5804253,0.5059048,1.0626506,1.0026124,0.0,0.081469275,0.0,0.7053769,0.85606074,0.3116797,0.7315358,0.0,0.57267874,0.0,0.0,0.034388676,0.53224593,0.68137795,0.0,0.0,0.0,0.0,0.0,0.0,0.0,0.5751718,0.0,0.184606,0.20981278,0.028457552,-0.6921816
-1.6341401,1.7019396,1.1332799,0.0,0.0,1.0546315,0.0,1.5821083,0.9226203,1.8062614,0.0,0.0,0.0,0.0,1.414789,0.0,0.0,1.3804907,0.6558147,0.0,0.0,0.9900634,1.2267146,0.0,0.3076059,1.4603889,1.0994052,2.068287,0.36670232,0.26159376,0.465078,0.0,0.6671104,0.41730583,0.0,0.0,0.0,1.5897675,1.5647138,1.1753306,0.29756725,1.8968899,1.793527,0.0,0.0073911212,0.0,1.239547,1.5140569,0.060486555,1.2884917,0.0,0.88893366,0.09780785,0.0,0.0,0.67435277,1.2494668,0.0,0.0,0.0,0.0,0.0,0.0,0.0,0.9597603,0.0,0.0,0.43198735,0.30046296,-1.5476246
0.33298057,-0.0017325081,-0.7127389,0.0,0.52978176,0.66384304,0.7205062,0.0,0.0,0.0,0.0,0.28960067,0.0,0.057802886,0.0,0.32948932,0.11760579,0.0,0.76076454,0.0,0.2531013,0.14485389,0.0,0.0,0.0,0.25856656,0.47820193,0.0,0.0,0.6518154,0.0,0.22437207,0.7469085,0.29174176,0.30141264,0.0,0.0,0.7878943,0.6956047,0.7018824,0.84986174,0.41301104,0.40456948,0.0,0.37684172,0.0,0.11408493,0.2639274,0.713968,0.17583431,0.0,0.14187843,0.0,0.0,0.69387513,0.7539248,0.10013209,0.0,0.0,0.0,0.0,0.0,0.0,0.0,0.70823985,0.0,0.8479055,-0.6509374,-0.6593536,0.5070921
-0.50586426,0.14899893,0.17215824,0.0,0.0,0.6074437,0.16442579,0.27524072,0.0,0.115196586,0.0,0.0,0.0,0.0,0.3282413,0.0,0.0,0.078716606,0.395707,0.0,0.04186582,0.38479474,0.737357,0.0,0.20091775,0.66583097,0.39121425,0.505385,0.0,0.49906737,0.0014132112,0.0,0.668349,0.47105145,0.0,0.0,0.0,0.58596486,0.67416036,0.42221865,0.49053216,0.7872477,0.6327944,0.0,0.35610944,0.0,0.4829101,0.57573104,0.2756504,0.41215932,0.0,0.3363383,0.0,0.0,0.35850307,0.29762977,0.27271307,0.0,0.0,0.0,0.0,0.0,0.0,0.0,0.45721194,0.0,0.3077888,-0.0708575,0.06805149,-0.16170552
-1.2163571,-0.70161635,0.5307226,0.092751816,0.0,0.4813706,0.0,0.62189305,0.0,0.28098354,0.64280105,0.0,0.0,0.019982606,0.1176649,0.0,0.0,0.30896536,0.0,0.0,0.2023688,0.13430339,1.4014705,0.060388595,1.0379373,0.546523,0.0,0.41639158,0.0,0.56461895,0.3004508,0.0,0.7172086,0.9538392,0.28007734,0.0,0.0,0.27312866,0.43368942,0.5403504,0.27715585,1.1849911,0.8176633,0.0,1.1972177,0.0,0.9788509,0.75403357,0.0,0.47939944,0.0,0.5527185,0.0,0.0,0.81776136,0.0,0.13753706,0.0,0.0,0.0,0.0,0.0,0.0,0.0,0.38524497,0.0,0.32432804,-0.015307164,0.82236564,-0.04578071
-0.33235264,-0.2877341,-0.016137363,0.011947368,0.0,0.50199294,0.18725032,0.018183708,0.0,0.0,0.0,0.0,0.0,0.0,0.059495762,0.0,0.0,0.0,0.24476326,0.0,0.17154133,0.21718085,0.6917232,0.0,0.2599916,0.4695018,0.19535848,0.14060137,0.0,0.5631206,0.0,0.0,0.6786435,0.5381384,0.244253,0.0,0.0,0.40538633,0.4705094,0.39709544,0.5162705,0.6713606,0.48588884,0.0,0.46861166,0.0,0.39908504,0.44172606,0.31990564,0.30029014,0.0,0.22852671,0.0,0.0,0.55431175,0.17712484,0.015007146,0.0,0.0,0.0,0.0,0.0,0.0,0.0,0.43791297,0.0,0.45220304,-0.2489009,0.08892437,0.16661906
2.4070394,-0.7420239,-1.4277169,0.93867666,1.3113332,0.0,1.9707139,0.0,0.0,0.0,0.0,2.0150545,0.6523528,0.0,0.0,1.9770476,1.1010321,0.0,1.4749196,0.2927106,0.3375977,0.10535011,0.0,0.0,0.0,0.0,0.0,0.0,0.0,0.60326016,0.0,1.7347949,0.4288015,0.0,0.9715233,0.0,0.04811718,0.84065044,0.7048516,0.8106969,1.4317786,0.0,0.6427646,0.0,0.5824097,0.0,1.2922144,0.36185098,1.6757605,0.66613877,0.0,1.0769398,0.0,0.0,2.0920238,1.7187184,0.4106051,0.0,0.0,0.0,0.0,0.0,0.0,0.0,0.7491907,0.0,2.0672848,-0.25752127,-0.9928868,1.3280537
-0.11654564,-0.17109323,-0.46550274,0.0,0.10473567,0.682168,0.37187278,0.0,0.0,0.0,0.0,0.07548184,0.0,0.11401573,0.0,0.11292258,0.0,0.0,0.42291892,0.0,0.27101517,0.10063657,0.3100845,0.0,0.0,0.29300803,0.40241772,0.0,0.0,0.6589641,0.0,0.00872533,0.77788854,0.49917746,0.30578893,0.0,0.0,0.6008424,0.56301653,0.5931675,0.6624181,0.5464112,0.40668774,0.0,0.44294035,0.0,0.13828334,0.28882715,0.52708375,0.15529437,0.0,0.045618027,0.0,0.0,0.6173553,0.39853948,0.0,0.0,0.0,0.0,0.0,0.0,0.0,0.0,0.64985716,0.0,0.62766284,-0.60207844,-0.3293085,0.40593886
-0.37983012,0.4659371,1.0762613,0.0,0.0,0.15648296,0.296427,0.56731564,0.15295419,0.44937596,0.0,0.0,0.0,0.0,0.7759565,0.0,0.0,0.45522347,0.6519197,0.0,0.0,0.90924346,1.1976793,0.0,0.52020264,1.2277944,0.10918507,1.1858766,0.5126123,0.17642343,0.33745176,0.0,0.33087337,0.1395143,0.0,0.0,0.0,0.49998677,0.6639107,0.21110302,0.41533297,1.2818862,1.2084196,0.0,0.23442669,0.0,1.2925106,1.1042506,0.088749975,1.0060117,0.0,1.0256712,0.0,0.0,0.0,0.27164727,0.84611285,0.0,0.0,0.0,0.0,0.0,0.0,0.0,0.08419517,0.0,0.037977397,0.95675296,0.8157606,-0.9954107
1.8950596,-0.42201778,-1.3812802,0.5333143,1.2783338,0.19888471,1.6969773,0.0,0.0,0.0,0.0,1.5299947,0.46231148,0.034633607,0.0,1.5237881,0.91000706,0.0,1.3737781,0.0,0.3336484,0.09609017,0.0,0.0,0.0,0.0,0.11608687,0.0,0.0,0.64491105,0.0,1.356966,0.55456924,0.0,0.7665991,0.0,0.0,0.93392307,0.83028513,0.9062275,1.3323878,0.025725111,0.46156603,0.0,0.57302713,0.0,0.82370156,0.28356016,1.4462261,0.50237995,0.0,0.71696174,0.0,0.0,1.6417814,1.5363503,0.27643615,0.0,0.0,0.0,0.0,0.0,0.0,0.0,0.8463931,0.0,1.7717018,-0.5690475,-1.1153256,1.1742941
0.58218277,0.32620224,-0.95378023,0.0,0.9693203,0.7790479,0.9699642,0.0,0.0,0.0,0.0,0.29797077,0.0,0.02736932,0.0,0.3548359,0.35489178,0.0,1.077525,0.0,0.23089871,0.18960692,0.0,0.0,0.0,0.24930722,0.6927656,0.0,0.0,0.66211915,0.0,0.28207874,0.76988435,0.139152,0.20237538,0.0,0.0,1.0665778,0.95189863,0.90627724,1.0316279,0.30488083,0.3810144,0.0,0.3016773,0.0,0.08544554,0.28589913,0.7421603,0.15952244,0.0,0.19387116,0.0,0.0,0.75131077,1.0039523,0.21998978,0.0,0.0,0.0,0.0,0.0,0.0,0.0,0.7551751,0.0,0.98974323,-0.74078983,-0.98678124,0.5067893
2.1109488,2.3810093,-0.41316333,0.0,2.512803,0.40834686,2.4538825,0.0,0.9847717,0.0,0.0,0.16450915,0.0,0.0,0.96126735,0.22771831,1.5004761,0.0,3.0677342,0.0034057796,0.0,1.3792778,0.0,0.0,0.0,1.2391409,1.1047826,0.8185784,1.1241808,0.099404514,0.0,0.0,0.21890247,0.0,0.0,0.0,0.0,2.1200962,2.2944922,1.0117327,1.7993062,0.5366864,1.1990919,0.0,0.0,0.0,1.1622038,0.65427375,0.6083876,1.3185728,0.0,1.3405179,0.0,0.0,0.31658003,2.365633,1.8504742,0.0,0.0,0.0,0.0,0.0,0.0,0.0,0.46916285,0.0,1.1036036,0.5625385,-1.3966893,-0.8501812
-0.14794284,-1.2448821,-0.12899427,0.633641,0.0,0.19699126,0.096826434,0.0,0.0,0.0,0.466851,0.5734499,0.14619458,0.21846294,0.0,0.5473833,0.0,0.0,0.0,0.0,0.38119346,0.0,0.8384917,0.1436292,0.6177901,0.17259437,0.0,0.0,0.0,0.64177316,0.0,0.34336495,0.6502153,0.7163596,0.78234553,0.0,0.0,0.15515663,0.10329236,0.39904732,0.45650244,0.7685407,0.599067,0.0,1.1212558,0.0,0.7817893,0.4618842,0.59753454,0.32830402,0.0,0.52746975,0.0,0.0,1.2730919,0.06927545,0.0,0.0,0.0,0.0,0.0,0.0,0.0,0.0,0.49035612,0.0,0.8663395,-0.26710966,0.46682483,0.667199
-0.4410533,0.58937377,-0.14421,0.0,0.25452274,0.8793882,0.31721926,0.22893648,0.0,0.1792579,0.0,0.0,0.0,0.0,0.4091848,0.0,0.0,0.04666397,0.6734247,0.0,0.050950173,0.38425443,0.391371,0.0,0.0,0.6291765,0.7528498,0.52684003,0.0,0.5529693,0.0,0.0,0.76814616,0.39452094,0.0,0.0,0.0,0.9034819,0.870975,0.61566556,0.6333459,0.7589011,0.60362124,0.0,0.26447403,0.0,0.24714926,0.5309114,0.44773775,0.31805134,0.0,0.25586796,0.0,0.0,0.36196986,0.5614951,0.34445414,0.0,0.0,0.0,0.0,0.0,0.0,0.0,0.6431746,0.0,0.451698,-0.32799098,-0.34991664,-0.0896863
0.16700256,-0.062842436,-0.5099264,0.0,0.30858302,0.61082035,0.5889998,0.0,0.0,0.0,0.0,0.20081908,0.0,0.0022335052,0.0,0.23435968,0.0,0.0,0.63808507,0.0,0.2204977,0.17879738,0.17392051,0.0,0.0,0.328831,0.3997699,0.0,0.0,0.61995804,0.0,0.09356944,0.72011405,0.344496,0.2745872,0.0,0.0,0.64423233,0.58750457,0.55647653,0.7347518,0.47827223,0.46583003,0.0,0.35199946,0.0,0.18216276,0.31939873,0.5939803,0.2176388,0.0,0.16019133,0.0,0.0,0.5897885,0.5750691,0.08206421,0.0,0.0,0.0,0.0,0.0,0.0,0.0,0.6177904,0.0,0.7147963,-0.48632956,-0.41577148,0.3762012
-0.32369187,1.1123115,0.107627586,0.0,0.47359443,0.8453932,0.5084364,0.3564703,0.28470334,0.41730675,0.0,0.0,0.0,0.0,0.7214471,0.0,0.0,0.23178649,1.032466,0.0,0.0,0.6737505,0.37478578,0.0,0.0,0.91148037,0.88264066,0.9216955,0.08706054,0.41714653,0.0,0.0,0.66067666,0.15210274,0.0,0.0,0.0,1.19261,1.1319996,0.66832364,0.71727943,0.92612594,0.8639603,0.0,0.029018734,0.0,0.43940818,0.7414957,0.4492213,0.60564595,0.0,0.5280672,0.0,0.0,0.10307165,0.8420192,0.7216112,0.0,0.0,0.0,0.0,0.0,0.0,0.0,0.6634899,0.0,0.38180238,-0.0074623283,-0.41367328,-0.5339962
2.127751,-1.6810743,-2.8976514,0.7903834,1.4852753,0.5406174,1.609447,0.0,0.0,0.0,0.0,2.4360218,1.1808666,1.3534002,0.0,2.439325,0.9810845,0.0,0.78108037,0.0,1.0883535,0.0,0.0,0.49544704,0.0,0.0,0.07467754,0.0,0.0,1.1717163,0.0,2.7243407,0.98907375,0.31431094,1.8136336,0.0,0.0,1.1906809,1.018493,1.9799312,1.9544749,0.21466261,0.08795613,0.0,1.7951664,0.0,0.91211534,0.06725483,2.455353,0.29228824,0.0,0.65290606,0.0,0.0,3.0177965,2.0652502,0.0,0.0,0.0,0.0,0.0,0.0,0.0,0.0,1.7568219,0.0,2.7158616,-1.925701,-1.8196704,2.6221714
-0.51193124,-0.15954144,0.2598535,0.0,0.0,0.47156388,0.08763775,0.24084698,0.0,0.005835563,0.0,0.0,0.0,0.0,0.22262706,0.0,0.0,0.03176865,0.221145,0.0,0.07621009,0.33459577,0.88257676,0.0,0.40616146,0.62692666,0.18814558,0.4029773,0.0,0.49643835,0.056778,0.0,0.6339676,0.53392726,0.09953557,0.0,0.0,0.4251989,0.538626,0.35256463,0.4551198,0.79136163,0.5939176,0.0,0.50242305,0.0,0.5687126,0.5803006,0.20327021,0.40817416,0.0,0.36676913,0.0,0.0,0.46411094,0.17264245,0.17513347,0.0,0.0,0.0,0.0,0.0,0.0,0.0,0.36811423,0.0,0.29831505,-0.023810124,0.25756425,-0.08501858
0.7238765,-0.18482853,-1.2533227,0.0,0.8874249,0.72597057,0.9575083,0.0,0.0,0.0,0.0,0.66965234,0.17611453,0.32936388,0.0,0.71295124,0.35734862,0.0,0.86642015,0.0,0.4197034,0.0,0.0,0.0,0.0,0.0,0.51743495,0.0,0.0,0.77111477,0.0,0.7131504,0.8253478,0.26385748,0.55128896,0.0,0.0,1.0315206,0.8822555,1.1059504,1.138445,0.2989764,0.24044906,0.0,0.6022989,0.0,0.10705346,0.1474891,1.0320956,0.076608114,0.0,0.15158026,0.0,0.0,1.1346968,1.0972749,0.025690947,0.0,0.0,0.0,0.0,0.0,0.0,0.0,0.98757523,0.0,1.2428659,-1.1095296,-1.1293901,0.97998595
1.09372,1.8408507,0.31788167,0.0,1.3547761,0.31077275,1.624457,0.0,0.8325857,0.0,0.0,0.0,0.0,0.0,1.0353644,0.0,0.7530385,0.0,2.2175834,0.011589736,0.0,1.3111928,0.0,0.0,0.0,1.3626963,0.77083385,1.164669,1.0214257,0.074606985,0.0,0.0,0.22714332,0.0,0.0,0.0,0.0,1.4867935,1.6789912,0.50456345,1.2682253,0.8634416,1.1800942,0.0,0.0,0.0,1.0658401,0.7188182,0.5258604,1.2902575,0.0,1.2672906,0.0,0.0,0.01771002,1.6599525,1.5856326,0.0,0.0,0.0,0.0,0.0,0.0,0.0,0.29767275,0.0,0.6359167,0.8247512,-0.6003777,-1.0069735
-0.8252537,0.31949684,0.3201108,0.0,0.0,0.72144485,0.0,0.5462604,0.0,0.4353861,0.0,0.0,0.0,0.0,0.47355855,0.0,0.0,0.3266649,0.31770244,0.0,0.00392114,0.4239106,0.87155974,0.0,0.29446724,0.7545463,0.5051781,0.7371713,0.0,0.49057728,0.09750076,0.0,0.7054306,0.55035496,0.0,0.0,0.0,0.7150259,0.7596338,0.5914906,0.40244085,0.98965293,0.7847004,0.0,0.40111172,0.0,0.60149765,0.7313289,0.22538835,0.4780255,0.0,0.3468952,0.0,0.0,0.31048658,0.2663449,0.34095502,0.0,0.0,0.0,0.0,0.0,0.0,0.0,0.5491,0.0,0.20881212,-0.07700432,0.16594139,-0.33187753
-1.3019307,0.7436896,0.17135374,0.0,0.0,1.1413116,0.0,0.8661249,0.05078271,0.8796607,0.0,0.0,0.0,0.0,0.6368613,0.0,0.0,0.6003903,0.2918296,0.0,0.041053932,0.3654453,0.7853666,0.0,0.13939978,0.7433054,0.93546957,0.9472128,0.0,0.57895666,0.078448415,0.0,0.89080703,0.7033682,0.0,0.0,0.0,1.0774056,1.0416914,0.9693427,0.37849486,1.1660699,0.9038252,0.0,0.35674107,0.0,0.50086176,0.7855513,0.29359904,0.44759667,0.0,0.18544182,0.0,0.0,0.27712694,0.41190565,0.38948628,0.0,0.0,0.0,0.0,0.0,0.0,0.0,0.895866,0.0,0.23433998,-0.41095874,-0.10169667,-0.39488727
1.851943,1.2677501,-0.38335004,0.0,1.7123202,0.17929687,2.0248747,0.0,0.28654692,0.0,0.0,0.56544125,0.0,0.0,0.49406245,0.5873061,1.1136203,0.0,2.304809,0.14224964,0.0,1.0138487,0.0,0.0,0.0,0.92728573,0.57122433,0.31921777,0.72512525,0.21548244,0.0,0.100904986,0.2559624,0.0,0.0,0.0,0.0,1.2835937,1.4369808,0.6241986,1.4460495,0.30346134,1.0008693,0.0,0.0,0.0,1.0707307,0.4936149,0.6845772,0.9044018,0.0,1.0282208,0.0,0.0,0.5279607,1.7434609,1.2620641,0.0,0.0,0.0,0.0,0.0,0.0,0.0,0.29681063,0.0,1.0813847,0.48846233,-0.9006249,-0.28822708
0.60398364,1.2205737,-0.09881584,0.0,1.0257661,0.57222366,1.164514,0.0,0.31277457,0.0,0.0,0.0,0.0,0.0,0.6440768,0.0,0.43323696,0.0,1.5984542,0.0,0.0,0.8320359,0.0,0.0,0.0,0.93103385,0.7709088,0.68778926,0.3726914,0.32707006,0.0,0.0,0.48791564,0.0,0.0,0.0,0.0,1.2466254,1.2605624,0.57897955,1.0394564,0.67406636,0.7646121,0.0,0.0,0.0,0.52113974,0.5774739,0.56352645,0.70778376,0.0,0.70661306,0.0,0.0,0.21721373,1.205298,0.9451133,0.0,0.0,0.0,0.0,0.0,0.0,0.0,0.43654025,0.0,0.65329367,0.17004603,-0.6773391,-0.43472373
1.8387333,1.3865125,-1.0102073,0.0,2.1458511,0.55877995,2.0604591,0.0,0.18205652,0.0,0.0,0.5475599,0.0,0.0,0.32912385,0.6062131,1.2332342,0.0,2.3567438,0.0,0.0,0.7643086,0.0,0.0,0.0,0.636648,0.9261507,0.005495861,0.3456068,0.40181386,0.0,0.3242072,0.47678432,0.0,0.0,0.0,0.0,1.6555213,1.6546375,1.0777726,1.5818143,0.103205785,0.6833538,0.0,0.0,0.0,0.6251434,0.4163229,0.78341556,0.58257496,0.0,0.73833996,0.0,0.0,0.755039,1.8754523,1.0048779,0.0,0.0,0.0,0.0,0.0,0.0,0.0,0.6109416,0.0,1.3288951,-0.20846808,-1.5121589,0.0961682
-0.19401859,0.18780252,-0.5382047,0.0,0.33624077,0.86236763,0.40336508,0.0,0.0,0.0,0.0,0.0,0.0,0.08604902,0.08014953,0.0,0.0,0.0,0.5800236,0.0,0.2338242,0.15211008,0.1830357,0.0,0.0,0.34451997,0.6492511,0.043351755,0.0,0.666244,0.0,0.0,0.83021176,0.4605704,0.13216564,0.0,0.0,0.80201155,0.74444366,0.7042892,0.7217412,0.5563837,0.39107716,0.0,0.40560985,0.0,0.0021865591,0.30729744,0.5222025,0.1049505,0.0,0.044151902,0.0,0.0,0.56881666,0.5216544,0.06322256,0.0,0.0,0.0,0.0,0.0,0.0,0.0,0.6821687,0.0,0.639709,-0.69078225,-0.5238587,0.33878458
-0.34393147,0.5764361,0.6026995,0.0,0.0,0.42870605,0.35898387,0.41489053,0.08804092,0.33564535,0.0,0.0,0.0,0.0,0.6579051,0.0,0.0,0.28656635,0.7278721,0.0,0.0,0.7375183,0.8509845,0.0,0.18525557,1.0185919,0.3753276,0.95123744,0.25094888,0.3084125,0.13055862,0.0,0.48594284,0.19382852,0.0,0.0,0.0,0.66615504,0.7572998,0.32954592,0.5038488,1.0321974,0.9649575,0.0,0.15010229,0.0,0.86911374,0.8576908,0.2600205,0.7614149,0.0,0.71241194,0.0,0.0,0.071315795,0.40761608,0.67018914,0.0,0.0,0.0,0.0,0.0,0.0,0.0,0.31212717,0.0,0.19847119,0.48141623,0.3102517,-0.6668589
1.5787244,0.11969809,-0.7881723,0.30205315,1.1387769,0.1809867,1.5904588,0.0,0.0,0.0,0.0,1.0102456,0.12982967,0.0,0.0,1.0112213,0.7806019,0.0,1.5097356,0.016987592,0.062851995,0.440804,0.0,0.0,0.0,0.38179484,0.22273238,0.0,0.028224453,0.4704538,0.0,0.7077393,0.4452278,0.0,0.31986234,0.0,0.0,0.8712625,0.84598374,0.6110866,1.1884378,0.10543127,0.6184132,0.0,0.21873766,0.0,0.74666774,0.34962946,1.0021247,0.55579054,0.0,0.66891205,0.0,0.0,0.9915802,1.3373352,0.5236,0.0,0.0,0.0,0.0,0.0,0.0,0.0,0.5372971,0.0,1.2770952,-0.110908724,-0.844077,0.5254988
0.7364159,0.40262878,-0.74418336,0.0,0.9544204,0.61922765,1.0855552,0.0,0.0,0.0,0.0,0.3383808,0.0,0.0,0.049924858,0.38236558,0.4162228,0.0,1.2070153,0.0,0.11819717,0.34164035,0.0,0.0,0.0,0.39334193,0.59334546,0.0,0.0,0.5674888,0.0,0.21417694,0.6585995,0.0013508797,0.118172124,0.0,0.0,0.9894925,0.9182633,0.73990613,1.0130334,0.2730863,0.45812792,0.0,0.16229719,0.0,0.21570656,0.34590334,0.69873756,0.26094723,0.0,0.31467894,0.0,0.0,0.6200556,1.0217189,0.35514057,0.0,0.0,0.0,0.0,0.0,0.0,0.0,0.60953027,0.0,0.91892743,-0.4480316,-0.8747852,0.32870704
-1.0293385,0.3077996,0.67936724,0.0,0.0,0.6156927,0.0,0.7802527,0.0,0.6644676,0.0,0.0,0.0,0.0,0.6052034,0.0,0.0,0.5543506,0.20352295,0.0,0.0,0.53286445,1.162255,0.0,0.5648586,0.914376,0.39211634,0.98308736,0.0,0.41270056,0.27521056,0.0,0.63600236,0.5759684,0.0,0.0,0.0,0.69561756,0.7569515,0.6006561,0.3247151,1.2446227,0.97117794,0.0,0.4789071,0.0,0.8860161,0.9600302,0.091594815,0.64412177,0.0,0.49755302,0.0,0.0,0.25046533,0.18284531,0.48474345,0.0,0.0,0.0,0.0,0.0,0.0,0.0,0.47078583,0.0,0.093077436,0.17469366,0.48674476,-0.5978558
0.9394691,-0.6012013,-0.47428888,0.5851087,0.26266682,0.08540842,0.98642004,0.0,0.0,0.0,0.0,0.9523109,0.18898615,0.0,0.0,0.9301637,0.2474247,0.0,0.7608841,0.024229705,0.20109034,0.22419271,0.13893822,0.0,0.0,0.28195894,0.0,0.0,0.0,0.5287464,0.0,0.64160407,0.49303326,0.10189347,0.58657676,0.0,0.0,0.39284983,0.30320248,0.27416685,0.7647096,0.3425347,0.64736325,0.0,0.4255094,0.0,0.7533434,0.41960943,0.9901687,0.5058867,0.0,0.61604464,0.0,0.0,0.99994457,0.7520759,0.14741552,0.0,0.0,0.0,0.0,0.0,0.0,0.0,0.48213476,0.0,1.0752935,-0.04154346,-0.19009303,0.6096067
-1.2054591,0.62201095,2.4481611,0.06805896,0.0,0.0,0.0,1.5311635,0.62642,1.4436563,0.4723695,0.0,0.0,0.0,1.370141,0.0,0.0,1.399984,0.3026194,0.32043445,0.0,1.3715806,2.2637625,0.0,1.4664938,1.8874888,0.0,2.2347512,1.1000626,0.0,1.0106912,0.0,0.081843674,0.20859279,0.0,0.0,0.0,0.49589062,0.7406207,0.41430736,0.03128241,2.3434145,2.2491505,0.0,0.48848987,0.0,2.5340998,1.9896195,0.0,1.6912616,0.0,2.008452,0.0,0.0,0.0,0.025970258,1.6144946,0.0,0.0,0.0,0.0,0.0,0.0,0.0,0.0,0.0,0.0,1.9267722,2.0018752,-1.9028938
1.4934766,-0.16399817,-1.2015702,0.26934156,1.1730641,0.35854363,1.4798741,0.0,0.0,0.0,0.0,1.1344042,0.28343883,0.0,0.0,1.1463785,0.73906803,0.0,1.2999916,0.0,0.27908796,0.15489179,0.0,0.0,0.0,0.08454263,0.28555328,0.0,0.0,0.6328655,0.0,0.99243814,0.604196,0.0,0.56660765,0.0,0.0,0.9628547,0.8694627,0.89117837,1.2350202,0.08866642,0.4320498,0.0,0.4241802,0.0,0.5729103,0.2770936,1.1939796,0.39322376,0.0,0.5525324,0.0,0.0,1.299818,1.3704455,0.27743945,0.0,0.0,0.0,0.0,0.0,0.0,0.0,0.79929155,0.0,1.4901987,-0.59023345,-1.0818117,0.92263484
-0.28826597,-0.36349383,0.9577036,0.47399905,0.0,0.0,0.17262247,0.29586744,0.0,0.0,0.32072645,0.0,0.0,0.0,0.362482,0.0,0.0,0.14371908,0.23768565,0.15715486,0.0,0.6414343,1.3299819,0.0,0.83858985,0.9527903,0.0,0.67880964,0.24338272,0.26168513,0.32493865,0.0,0.33143058,0.3311796,0.04427336,0.0,0.0,0.1296264,0.24445465,0.0,0.2821385,1.107454,1.0375369,0.0,0.6412056,0.0,1.271854,0.99399304,0.0,0.7682424,0.0746998,1.0845774,0.0,0.0,0.47198498,0.0,0.5410471,0.0,0.0,0.0,0.0,0.0,0.0,0.0,0.0,0.0,0.19657376,0.8653825,1.1038896,-0.5319337
0.31456405,1.3050199,-0.020171857,0.0,0.9175081,0.6847298,0.9863514,0.0,0.38257757,0.068345666,0.0,0.0,0.0,0.0,0.7254716,0.0,0.2950765,0.0,1.4880328,0.0,0.0,0.8227266,0.06469095,0.0,0.0,0.9641197,0.8622724,0.8291229,0.32570606,0.34179342,0.0,0.0,0.53919184,0.0,0.0,0.0,0.0,1.286611,1.2669137,0.57960534,0.9934366,0.7657443,0.7887443,0.0,0.0,0.0,0.46135283,0.6326095,0.5550474,0.6978515,0.0,0.7138036,0.0,0.0,0.17362967,1.16892,0.94376016,0.0,0.0,0.0,0.0,0.0,0.0,0.0,0.50390315,0.0,0.58440346,0.1478009,-0.65359414,-0.49767846
0.026512817,-0.36147326,0.05592916,0.24656145,0.0,0.28009927,0.41049346,0.0,0.0,0.0,0.0,0.21910203,0.0,0.0,0.031310007,0.21674155,0.0,0.0,0.40089738,0.0,0.10655831,0.31337515,0.6616212,0.0,0.23177284,0.5237515,0.02072069,0.08278459,0.0,0.4902197,0.0,0.0,0.55747914,0.36892518,0.2831475,0.0,0.0,0.28303015,0.31920746,0.16700806,0.51866364,0.6218602,0.6286014,0.0,0.40547585,0.0,0.617645,0.51341367,0.40279013,0.4235676,0.0,0.4086709,0.0,0.0,0.54164076,0.23987536,0.11083168,0.0,0.0,0.0,0.0,0.0,0.0,0.0,0.31001312,0.0,0.5129867,0.070525534,0.23773213,0.11601012
0.034037724,0.50458807,-0.48496214,0.0,0.5887711,0.82489634,0.62782943,0.0,0.0,0.0,0.0,0.0,0.0,0.0,0.22570185,0.0,0.04674299,0.0,0.8823301,0.0,0.11447801,0.3202526,0.066244125,0.0,0.0,0.4808999,0.72876704,0.19506703,0.0,0.5899704,0.0,0.0,0.7576159,0.2590508,0.0,0.0,0.0,0.9394123,0.8674326,0.6541116,0.7992743,0.5611283,0.4619265,0.0,0.2421991,0.0,0.052743886,0.39262533,0.54210615,0.20640993,0.0,0.19081204,0.0,0.0,0.4375062,0.72140837,0.30495462,0.0,0.0,0.0,0.0,0.0,0.0,0.0,0.60481423,0.0,0.64529455,-0.4757892,-0.6169707,0.12931436
0.4284321,0.7399545,-0.5160121,0.0,0.90623236,0.734143,0.9482895,0.0,0.0,0.0,0.0,0.0,0.0,0.0,0.29631588,0.016679315,0.30244267,0.0,1.2292967,0.0,0.015889313,0.46689016,0.0,0.0,0.0,0.56935614,0.75618774,0.22545622,0.0,0.51978976,0.0,0.0,0.66833246,0.015879035,0.0,0.0,0.0,1.0965716,1.0076315,0.6853609,0.92829585,0.48287693,0.47759682,0.0,0.092118524,0.0,0.15899979,0.44445705,0.58059084,0.29395428,0.0,0.31138074,0.0,0.0,0.39595494,0.9340416,0.4896048,0.0,0.0,0.0,0.0,0.0,0.0,0.0,0.5384428,0.0,0.7153778,-0.33459586,-0.77645934,0.022571959
-0.28491163,0.60765177,-0.17440705,0.0,0.34483826,0.8309696,0.42753294,0.13224518,0.0,0.08117497,0.0,0.0,0.0,0.0,0.39777118,0.0,0.0,0.0,0.76877195,0.0,0.0337089,0.4129467,0.32433334,0.0,0.0,0.6348151,0.731984,0.49022898,0.0,0.5364007,0.0,0.0,0.7375079,0.32105386,0.0,0.0,0.0,0.90620154,0.86007375,0.5692073,0.6905569,0.7160638,0.5727014,0.0,0.2317383,0.0,0.22593844,0.5147617,0.4740892,0.32113063,0.0,0.29252237,0.0,0.0,0.35586017,0.62295973,0.38508388,0.0,0.0,0.0,0.0,0.0,0.0,0.0,0.5930874,0.0,0.4931659,-0.28213036,-0.39654648,-0.07893782
-0.9033395,-0.47864676,0.9686178,0.27424702,0.0,0.1703288,0.0,0.6319589,0.0,0.31713727,0.57279795,0.0,0.0,0.0,0.35073963,0.0,0.0,0.39580294,0.0,0.0,0.0,0.46780142,1.5364485,0.0,1.0836407,0.8635628,0.0,0.7363645,0.0,0.36354652,0.42339283,0.0,0.4883593,0.6542893,0.07057811,0.0,0.0,0.22067861,0.35128883,0.2628294,0.15993354,1.2958423,1.0256965,0.0,0.9643351,0.0,1.2042416,1.0122732,0.0,0.7147878,0.016358955,0.8782794,0.0,0.0,0.532207,0.0,0.43742874,0.0,0.0,0.0,0.0,0.0,0.0,0.0,0.0694361,0.0,0.13200411,0.58683705,1.118955,-0.49479455
0.7874973,1.0956225,-0.771003,0.0,1.414155,0.81573933,1.2785487,0.0,0.045758992,0.0,0.0,0.020844212,0.0,0.0,0.34421897,0.09522448,0.60321575,0.0,1.6215299,0.0,0.0,0.5393346,0.0,0.0,0.0,0.57181627,0.96065015,0.1886093,0.0,0.51505464,0.0,0.0,0.66753197,0.0,0.0,0.0,0.0,1.4321617,1.3051486,0.90945023,1.1609278,0.3885428,0.49109417,0.0,0.030898226,0.0,0.19564512,0.45533413,0.61805576,0.32754725,0.0,0.36187786,0.0,0.0,0.49919268,1.2593048,0.650781,0.0,0.0,0.0,0.0,0.0,0.0,0.0,0.62141776,0.0,0.8995562,-0.4229679,-1.1399722,0.025669135
-1.0512116,1.0871378,1.0891824,0.0,0.0,0.63478255,0.0,1.0959854,0.5344533,1.1521819,0.0,0.0,0.0,0.0,1.0939065,0.0,0.0,0.93278635,0.631262,0.0,0.0,0.93312097,1.2132349,0.0,0.41649804,1.33238,0.6257571,1.6272033,0.41185415,0.2305086,0.4009112,0.0,0.5161123,0.30217203,0.0,0.0,0.0,1.059369,1.1164033,0.7326869,0.33053252,1.5754175,1.4944541,0.0,0.1504571,0.0,1.2387735,1.3052075,0.06938432,1.1232536,0.0,0.9244153,0.0,0.0,0.0,0.43789387,1.0006135,0.0,0.0,0.0,0.0,0.0,0.0,0.0,0.5493407,0.0,0.0,0.6417004,0.5529545,-1.2513942
-0.17272462,-0.30975956,0.6302129,0.35954154,0.0,0.07483861,0.27190307,0.13284174,0.0,0.0,0.12609035,0.022387046,0.0,0.0,0.2655889,0.0016700402,0.0,0.0,0.3272157,0.009282649,0.0,0.5376973,1.071991,0.0,0.59147435,0.8114027,0.0,0.488954,0.09421536,0.3404582,0.17036416,0.0,0.4142124,0.33082753,0.10336008,0.0,0.0,0.21443973,0.32082263,0.0011761934,0.3865505,0.9421593,0.8224215,0.0,0.5166276,0.0,0.9615466,0.80545986,0.14042762,0.6461992,0.04010512,0.77433527,0.0,0.0,0.42548504,0.050023854,0.36190206,0.0,0.0,0.0,0.0,0.0,0.0,0.0,0.01286003,0.0,0.28510004,0.58662987,0.76310486,-0.34602538
-0.51829547,-0.7978098,0.9396051,0.62950885,0.0,0.0,0.0,0.3296916,0.0,0.0,0.6741952,0.029678542,0.0,0.0,0.17728466,0.0,0.0,0.12363675,0.0,0.12158555,0.0,0.4550273,1.5031223,0.0,1.1123621,0.8025171,0.0,0.48906824,0.014232546,0.33636808,0.37588537,0.0,0.39024365,0.55612135,0.26429033,0.0,0.0,0.043701984,0.09041937,0.029743493,0.15265545,1.1525782,0.99869365,0.0,1.020874,0.0,1.2851714,0.98516,0.0,0.67824274,0.062937126,1.0784525,0.0,0.0,0.76386946,0.0,0.336572,0.0,0.0,0.0,0.0,0.0,0.0,0.0,0.0,0.0,0.27566317,0.7230588,1.2412661,-0.29929852
0.29719704,-0.31356713,-0.3821522,0.1599565,0.13185732,0.4092051,0.6161633,0.0,0.0,0.0,0.0,0.39880592,0.0,0.0,0.0,0.40978032,0.0,0.0,0.5708565,0.0,0.2079249,0.19527602,0.29174054,0.0,0.0,0.34018993,0.17031348,0.0,0.0,0.5792029,0.0,0.20524956,0.63700604,0.31863564,0.3806234,0.0,0.0,0.45192057,0.40798312,0.36812696,0.6699046,0.47613382,0.54517436,0.0,0.377205,0.0,0.39497405,0.36847115,0.6504518,0.32214424,0.0,0.29898354,0.0,0.0,0.6482654,0.5014355,0.07229033,0.0,0.0,0.0,0.0,0.0,0.0,0.0,0.53551495,0.0,0.73786896,-0.26380295,-0.1848569,0.3911006
-1.9844031,0.977495,1.8682446,0.0,0.0,0.60088027,0.0,1.8702776,0.66896427,1.9167298,0.21991211,0.0,0.0,0.0,1.3703383,0.0,0.0,1.6263102,0.067996204,0.0,0.0,1.0291581,2.0005546,0.0,1.189599,1.6053848,0.4753956,2.2050018,0.49531162,0.14498982,0.8607762,0.0,0.4938631,0.61535734,0.0,0.0,0.0,1.061801,1.1765777,0.9611455,0.040138096,2.34164,2.0031319,0.0,0.51806945,0.0,1.8937303,1.8436825,0.0,1.4657989,0.0,1.2288396,0.0,0.0,0.0,0.20859618,1.3245028,0.0,0.0,0.0,0.0,0.0,0.0,0.0,0.52989185,0.0,0.0,0.9784636,1.2857476,-1.7053053
0.0918639,-0.36133876,-1.267718,0.0,0.5389201,0.9653879,0.49145135,0.0,0.0,0.0,0.0,0.3665787,0.13175276,0.6363202,0.0,0.42707342,0.0032661706,0.0,0.4216966,0.0,0.55844533,0.0,0.0,0.10970038,0.0,0.0,0.6099537,0.0,0.0,0.88810235,0.0,0.54525954,0.9942709,0.616044,0.6151166,0.0,0.0,0.98833823,0.8040436,1.2041689,1.011799,0.5621337,0.18078616,0.0,0.8858911,0.0,0.0,0.071184665,0.9594159,0.0,0.0,0.0,0.0,0.0,1.097921,0.82121843,0.0,0.0,0.0,0.0,0.0,0.0,0.0,0.0,1.1270902,0.0,1.0600152,-1.3324527,-0.9343759,0.99073505
1.2362043,-0.5791376,-1.0042986,0.48855036,0.7025588,0.24479982,1.2063352,0.0,0.0,0.0,0.0,1.1687738,0.332141,0.07981336,0.0,1.1623386,0.48489666,0.0,0.9296343,0.0,0.33589986,0.06379363,0.0,0.0,0.0,0.047008336,0.046884045,0.0,0.0,0.64395446,0.0,0.9918724,0.59670454,0.06497905,0.72172385,0.0,0.0,0.6603856,0.5445643,0.6582775,1.0158778,0.21808866,0.4605375,0.0,0.57806706,0.0,0.64076567,0.29462886,1.2366133,0.40186024,0.0,0.54374033,0.0,0.0,1.3219903,1.0804528,0.1051081,0.0,0.0,0.0,0.0,0.0,0.0,0.0,0.74821496,0.0,1.3920202,-0.50100523,-0.6941509,0.9870322
0.9567107,-0.82411855,-0.6259343,0.66744024,0.22164294,0.09359905,0.9515124,0.0,0.0,0.0,0.0,1.0883688,0.28981534,0.003679514,0.0,1.06306,0.22951366,0.0,0.6441589,0.0,0.29761836,0.09691614,0.09914392,0.0,0.0,0.1458897,0.0,0.0,0.0,0.58975124,0.0,0.8210539,0.5362267,0.18216556,0.741725,0.0,0.0,0.39141643,0.26825884,0.3572334,0.76860964,0.35367087,0.6000149,0.0,0.5646676,0.0,0.74262786,0.38244367,1.1258645,0.4814909,0.0,0.5935216,0.0,0.0,1.1987467,0.76935154,0.030011017,0.0,0.0,0.0,0.0,0.0,0.0,0.0,0.5920356,0.0,1.2116942,-0.2188198,-0.23801656,0.8234221
-1.6649325,-0.3866168,1.2709776,0.000922245,0.0,0.37636626,0.0,1.1936549,0.0,0.923594,0.83559155,0.0,0.0,0.0,0.5405506,0.0,0.0,0.8825605,0.0,0.0,0.0,0.4488452,1.9125164,0.0,1.4345782,0.9644153,0.0,1.099662,0.0,0.382769,0.6504295,0.0,0.58806705,0.9339427,0.0,0.0,0.0,0.38117367,0.5710236,0.6029078,0.079568654,1.7356964,1.3011603,0.0,1.1985143,0.0,1.4971443,1.2454034,0.0,0.8401203,0.0,0.9211249,0.0,0.0,0.4856477,0.0,0.65996975,0.0,0.0,0.0,0.0,0.0,0.0,0.0,0.2453866,0.0,0.0,0.5672148,1.3066678,-0.7527005
2.1403947,0.48732552,-1.9522289,0.0,2.2647004,0.6659038,2.0853987,0.0,0.0,0.0,0.0,1.2676568,0.33125493,0.056233436,0.0,1.3209132,1.3294816,0.0,2.009231,0.0,0.30654362,0.15819469,0.0,0.0,0.0,0.0,0.7932729,0.0,0.0,0.7133396,0.0,1.2919135,0.7028718,0.0,0.4451499,0.0,0.0,1.6948065,1.5923469,1.5918323,1.8184705,0.0,0.28523165,0.0,0.37684852,0.0,0.45135415,0.18066882,1.3335515,0.3146809,0.0,0.53927845,0.0,0.0,1.6077623,2.093793,0.5214195,0.0,0.0,0.0,0.0,0.0,0.0,0.0,1.0960312,0.0,1.9499232,-1.1076642,-2.018052,1.11014
0.34970304,-1.1086383,-0.768973,0.5122406,0.0,0.3592897,0.48130792,0.0,0.0,0.0,0.0,0.8660456,0.3076286,0.42083782,0.0,0.8584828,0.0,0.0,0.15136772,0.0,0.4998261,0.0,0.25172737,0.14550841,0.039098866,0.0,0.0,0.0,0.0,0.7506963,0.0,0.77185994,0.74059474,0.5768414,0.895272,0.0,0.0,0.3898888,0.26674613,0.6418241,0.74470985,0.5697218,0.41766757,0.0,0.94303125,0.0,0.49002355,0.23452985,1.0936854,0.2494345,0.0,0.25795415,0.0,0.0,1.3042408,0.5372413,0.0,0.0,0.0,0.0,0.0,0.0,0.0,0.0,0.84201294,0.0,1.1014909,-0.7169763,-0.23957081,1.0248784
-0.46939418,-0.5858667,0.4271736,0.31334856,0.0,0.2360289,0.0145947635,0.17888363,0.0,0.0,0.31839764,0.0,0.0,0.0,0.089830056,0.0,0.0,0.0,0.008347809,0.0,0.099737026,0.29792666,1.0992117,0.0,0.70097625,0.6021025,0.0,0.28012118,0.0,0.47058976,0.1450923,0.0,0.5571456,0.58657545,0.28316113,0.0,0.0,0.1705736,0.25344104,0.19058181,0.29101148,0.90306216,0.6934128,0.0,0.80680454,0.0,0.80667365,0.67317086,0.09079692,0.4668603,0.02406739,0.58253396,0.0,0.0,0.66374826,0.0,0.083743796,0.0,0.0,0.0,0.0,0.0,0.0,0.0,0.18389833,0.0,0.34750783,0.19163224,0.7205662,-0.03495673
-0.592658,-0.033201575,0.5910126,0.0,0.0,0.36640596,0.052738994,0.42377913,0.0,0.2119638,0.03717196,0.0,0.0,0.0,0.39845598,0.0,0.0,0.23001409,0.2512412,0.0,0.0,0.4995617,1.0827438,0.0,0.555458,0.82237613,0.12645447,0.6799594,0.0,0.39738163,0.19722418,0.0,0.5441532,0.47097993,0.0,0.0,0.0,0.4315789,0.5593165,0.32080066,0.3847212,0.9882427,0.785946,0.0,0.4895463,0.0,0.80348665,0.7896373,0.0935189,0.580211,0.014681748,0.54194903,0.0,0.0,0.3201241,0.12499824,0.37821707,0.0,0.0,0.0,0.0,0.0,0.0,0.0,0.26553947,0.0,0.14887245,0.27948982,0.5191211,-0.40449372
-1.945559,0.9328654,2.5248065,0.0,0.0,0.21577448,0.0,2.0535858,0.82917213,2.0681891,0.49259543,0.0,0.0,0.0,1.5769385,0.0,0.0,1.8493068,0.07181752,0.0,0.0,1.3191876,2.4265747,0.0,1.5737879,1.9339018,0.13905913,2.5695026,0.9255009,0.0,1.1286128,0.0,0.25748077,0.469796,0.0,0.0,0.0,0.8222379,1.0554394,0.7746688,0.0,2.709061,2.4020553,0.0,0.6364802,0.0,2.4934053,2.1616495,0.0,1.8454689,0.0,1.78601,0.0,0.0,0.0,0.065439,1.6623695,0.0,0.0,0.0,0.0,0.0,0.0,0.0,0.20841636,0.0,0.0,1.6622742,1.9370593,-2.0592096
1.1791047,-1.5730621,-1.6928996,0.7907629,0.47415194,0.3482169,0.9606781,0.0,0.0,0.0,0.0,1.6929502,0.76257217,0.86793774,0.0,1.6782044,0.3399539,0.0,0.33569738,0.0,0.79122055,0.0,0.0,0.35983908,0.0,0.0,0.0,0.0,0.0,0.9408119,0.0,1.7432429,0.8290428,0.49001694,1.4097782,0.0,0.0,0.6434849,0.47351018,1.1653684,1.2421209,0.45441937,0.3125285,0.0,1.3938466,0.0,0.7346746,0.16175608,1.8266608,0.3136738,0.0,0.47144055,0.0,0.0,2.1521752,1.1919882,0.0,0.0,0.0,0.0,0.0,0.0,0.0,0.0,1.2531116,0.0,1.8717034,-1.2121783,-0.84014213,1.8169986
-0.9714537,0.8264694,0.51078814,0.0,0.0,0.834119,0.0,0.803415,0.20660576,0.812273,0.0,0.0,0.0,0.0,0.7726344,0.0,0.0,0.6034957,0.5228365,0.0,0.0,0.61908495,0.89152503,0.0,0.19372636,0.9738736,0.7296157,1.1340705,0.0,0.41616526,0.16666321,0.0,0.68843055,0.45176584,0.0,0.0,0.0,1.0165156,1.0111016,0.75584894,0.3979956,1.1935171,1.043966,0.0,0.23214974,0.0,0.72307485,0.937387,0.22886339,0.6950411,0.0,0.4715176,0.0,0.0,0.09789845,0.4168166,0.6027325,0.0,0.0,0.0,0.0,0.0,0.0,0.0,0.68560547,0.0,0.09722288,0.051684164,0.11215019,-0.7042124
0.15059984,-0.28086567,0.11059844,0.27490517,0.0,0.21869622,0.5110174,0.0,0.0,0.0,0.0,0.2511126,0.0,0.0,0.078860894,0.24487397,0.0,0.0,0.51445454,0.0,0.051690493,0.39019114,0.640526,0.0,0.18612394,0.586379,0.003255397,0.1343299,0.0,0.4477712,0.0,0.0,0.5074071,0.2771871,0.2337023,0.0,0.0,0.28217795,0.320493,0.090753876,0.5337778,0.6196152,0.67804086,0.0,0.32709664,0.0,0.6732401,0.5487315,0.41854566,0.48300475,0.0,0.48199263,0.0,0.0,0.46750045,0.28914666,0.20798194,0.0,0.0,0.0,0.0,0.0,0.0,0.0,0.25654665,0.0,0.49859488,0.21309593,0.25651953,0.022280954
-0.24029063,0.43281385,0.2589259,0.0,0.0023900922,0.52527106,0.40575328,0.21076615,0.0,0.10366908,0.0,0.0,0.0,0.0,0.46872017,0.0,0.0,0.06839663,0.7005302,0.0,0.0,0.56741196,0.64132094,0.0,0.03062376,0.81439036,0.42706776,0.6538708,0.031318054,0.409079,0.0,0.0,0.5736863,0.2527908,0.0,0.0,0.0,0.653154,0.71797675,0.32002884,0.5676515,0.7944765,0.7119968,0.0,0.1593998,0.0,0.5562816,0.63724434,0.35119486,0.54226124,0.0,0.48045224,0.0,0.0,0.20433165,0.4333908,0.47420952,0.0,0.0,0.0,0.0,0.0,0.0,0.0,0.3884485,0.0,0.32546633,0.161635,0.023938477,-0.33540577
0.42398062,0.076853536,-0.42402837,0.0,0.44509602,0.49035,0.7917383,0.0,0.0,0.0,0.0,0.28313318,0.0,0.0,0.0352488,0.30877143,0.135247,0.0,0.85774016,0.0,0.12205527,0.3178986,0.120266676,0.0,0.0,0.4371794,0.36161938,0.0,0.0,0.5425442,0.0,0.09395932,0.6252685,0.16718401,0.19322222,0.0,0.0,0.6639091,0.6316104,0.48499614,0.7935462,0.40372393,0.5151718,0.0,0.22032218,0.0,0.28314587,0.3587435,0.60332334,0.2977844,0.0,0.28002575,0.0,0.0,0.5151542,0.69986516,0.23474649,0.0,0.0,0.0,0.0,0.0,0.0,0.0,0.5200099,0.0,0.7231743,-0.28117862,-0.4493248,0.26050186
-0.6601562,-1.177216,0.08991049,0.45261067,0.0,0.3288741,0.0,0.05116804,0.0,0.0,0.64563334,0.20232688,0.0007224232,0.24726439,0.0,0.18824832,0.0,0.0,0.0,0.0,0.36944562,0.0,1.0998344,0.20717084,0.8597877,0.2499507,0.0,0.0,0.0,0.6494674,0.06823479,0.0047750175,0.71204966,0.89970195,0.666582,0.0,0.0,0.15675381,0.18404725,0.42612803,0.4198275,0.94966346,0.5983641,0.0,1.2437227,0.0,0.7808729,0.5099302,0.30848742,0.28968915,0.0,0.4627901,0.0,0.0,1.1633518,0.0,0.0,0.0,0.0,0.0,0.0,0.0,0.0,0.0,0.4268254,0.0,0.66343707,-0.25008014,0.6175692,0.47645426
-1.1898028,-0.82079554,0.107637756,0.005419215,0.0,0.6626049,0.0,0.44181108,0.0,0.08443859,0.5541422,0.0,0.0,0.3333103,0.0,0.0,0.0,0.101852864,0.0,0.0,0.37067458,0.0,1.1546285,0.23397106,0.84877914,0.30027163,0.098519415,0.09749441,0.0,0.6999729,0.12935193,0.0,0.8530415,1.0603989,0.4488417,0.0,0.0,0.35549012,0.5075554,0.7601158,0.48536608,1.0053967,0.5305848,0.0,1.2953192,0.0,0.64180225,0.46592957,0.16123459,0.20974588,0.0,0.2323802,0.0,0.0,1.0005044,0.0,0.0,0.0,0.0,0.0,0.0,0.0,0.0,0.0,0.62908584,0.0,0.48939294,-0.56611985,0.40412426,0.3855508
0.81769186,-1.175167,-1.3229325,0.5365701,0.3591673,0.4284923,0.7972208,0.0,0.0,0.0,0.0,1.2360793,0.5102813,0.63681537,0.0,1.2348335,0.19071059,0.0,0.3641513,0.0,0.63506657,0.0,0.0,0.20422131,0.0,0.0,0.0,0.0,0.0,0.85316515,0.0,1.2437353,0.8054381,0.48502946,1.0914048,0.0,0.0,0.5925435,0.44880855,0.9444346,1.0403173,0.4754776,0.32389987,0.0,1.1271284,0.0,0.5260301,0.15573284,1.4579324,0.24743429,0.0,0.32231632,0.0,0.0,1.6671305,0.9545865,0.0,0.0,0.0,0.0,0.0,0.0,0.0,0.0,1.076878,0.0,1.4838685,-1.0312759,-0.6739088,1.415003
-0.51640993,1.2355754,1.2566408,0.0,0.0,0.34808743,0.37453443,0.8722882,0.68667066,0.93578184,0.0,0.0,0.0,0.0,1.1870933,0.0,0.0,0.79477036,1.0088327,0.0,0.0,1.1769836,1.1343681,0.0,0.2800252,1.5136914,0.475678,1.7077854,0.7864469,0.08370596,0.38538367,0.0,0.3198839,0.0,0.0,0.0,0.0,0.95485026,1.0886774,0.44579142,0.4519046,1.550279,1.6224117,0.0,0.0,0.0,1.4491048,1.3370956,0.11625043,1.3598481,0.0,1.2672454,0.0,0.0,0.0,0.5899242,1.2739768,0.0,0.0,0.0,0.0,0.0,0.0,0.0,0.31173366,0.0,0.0,1.1297511,0.66897416,-1.4320092
0.8980898,1.2702291,-0.056189843,0.0,1.1470888,0.43180707,1.3729962,0.0,0.3622065,0.0,0.0,0.0,0.0,0.0,0.66395676,0.0,0.5849506,0.0,1.7876811,0.0,0.0,0.93491125,0.0,0.0,0.0,0.9967643,0.69403684,0.6862433,0.53768253,0.26402187,0.0,0.0,0.3963607,0.0,0.0,0.0,0.0,1.2504802,1.3292859,0.554291,1.1076099,0.6657912,0.8466634,0.0,0.0,0.0,0.6908053,0.58234394,0.5528176,0.8345537,0.0,0.8174516,0.0,0.0,0.1966681,1.2957057,1.0667675,0.0,0.0,0.0,0.0,0.0,0.0,0.0,0.3601789,0.0,0.6900638,0.33077657,-0.64594966,-0.51789594
0.63596594,-0.3488873,-0.36677232,0.33905303,0.2346971,0.23830454,0.83617836,0.0,0.0,0.0,0.0,0.6265491,0.041572154,0.0,0.0,0.62210757,0.13571627,0.0,0.7367899,0.0,0.15784156,0.27231944,0.2196615,0.0,0.0,0.3736639,0.04791613,0.0,0.0,0.5240121,0.0,0.35224944,0.5413455,0.16126649,0.41247785,0.0,0.0,0.4174293,0.3694569,0.27213538,0.7169181,0.40113384,0.61363864,0.0,0.34919393,0.0,0.5798706,0.4082219,0.76988435,0.432822,0.0,0.46752417,0.0,0.0,0.7228946,0.62844086,0.16730654,0.0,0.0,0.0,0.0,0.0,0.0,0.0,0.46261716,0.0,0.84809434,-0.06871465,-0.1677805,0.40592182
-0.49333966,0.7042495,0.12158357,0.0,0.14898573,0.7933551,0.30071172,0.3714066,0.02812019,0.34298703,0.0,0.0,0.0,0.0,0.55554855,0.0,0.0,0.2037496,0.7119488,0.0,0.0,0.52346236,0.5448367,0.0,0.0,0.79097813,0.7069577,0.75374556,0.0,0.47047877,0.0,0.0,0.6930058,0.3345528,0.0,0.0,0.0,0.91164273,0.8956624,0.5831477,0.5714724,0.871121,0.7514051,0.0,0.17692237,0.0,0.44522798,0.66278815,0.39711797,0.48211014,0.0,0.37068993,0.0,0.0,0.22089742,0.53987193,0.4766833,0.0,0.0,0.0,0.0,0.0,0.0,0.0,0.6024886,0.0,0.3449686,-0.0992061,-0.18850918,-0.33055174
0.24490027,-0.19360276,0.022837108,0.22795701,0.0,0.24953392,0.5969322,0.0,0.0,0.0,0.0,0.2726841,0.0,0.0,0.08148372,0.27104926,0.0,0.0,0.6137988,0.0,0.0497263,0.39816788,0.53366375,0.0,0.06494172,0.5747094,0.063223645,0.109065965,0.0,0.45340654,0.0,0.0,0.51421285,0.22807965,0.21463552,0.0,0.0,0.32983887,0.35586774,0.116616756,0.5743829,0.5677859,0.6728325,0.0,0.25490832,0.0,0.60791314,0.5150616,0.46529078,0.46790427,0.0,0.4531049,0.0,0.0,0.42700356,0.36308742,0.23613375,0.0,0.0,0.0,0.0,0.0,0.0,0.0,0.29412884,0.0,0.52450854,0.17416771,0.13984536,0.035300173
-0.9462267,-0.05957696,1.3507955,0.1542797,0.0,0.10721663,0.0,0.8729397,0.0,0.6470554,0.44497484,0.0,0.0,0.0,0.67165244,0.0,0.0,0.6756928,0.051581264,0.0,0.0,0.74800384,1.6768034,0.0,1.1050836,1.168045,0.0,1.1853483,0.30684552,0.22056556,0.5621031,0.0,0.37662268,0.48798844,0.0,0.0,0.0,0.28052336,0.44682482,0.29337847,0.11189309,1.5577791,1.3047423,0.0,0.7880312,0.0,1.498446,1.2603891,0.0,0.95567757,0.0,1.0889628,0.0,0.0,0.24838477,0.0,0.7195481,0.0,0.0,0.0,0.0,0.0,0.0,0.0,0.0034531727,0.0,0.0,0.9381666,1.3321939,-0.9162279
1.0186812,0.3387037,-0.77294385,0.0,1.0432832,0.48907375,1.2621764,0.0,0.0,0.0,0.0,0.5489923,0.0,0.0,0.0,0.5806404,0.5475558,0.0,1.3255427,0.0,0.09813453,0.3774095,0.0,0.0,0.0,0.3906181,0.4920578,0.0,0.0,0.53694576,0.0,0.37154734,0.59249717,0.0,0.1730841,0.0,0.0,0.9740588,0.9256756,0.73642284,1.1000632,0.19003022,0.49022698,0.0,0.15273839,0.0,0.34848988,0.32192174,0.7796763,0.341493,0.0,0.4010412,0.0,0.0,0.71390986,1.1505404,0.41181704,0.0,0.0,0.0,0.0,0.0,0.0,0.0,0.60512304,0.0,1.0306283,-0.37736505,-0.92445517,0.39584097
0.09911599,-0.20857632,-0.18756507,0.08645969,0.0044333916,0.42417094,0.5010549,0.0,0.0,0.0,0.0,0.20643054,0.0,0.0,0.009999454,0.22014248,0.0,0.0,0.52323025,0.0,0.14866024,0.26529706,0.4415865,0.0,0.0,0.44771388,0.19337672,0.001132831,0.0,0.54228747,0.0,0.0,0.6247124,0.34636444,0.26732033,0.0,0.0,0.41050595,0.42138222,0.3121392,0.59968114,0.5171044,0.5606672,0.0,0.30720758,0.0,0.40003243,0.40446424,0.48245898,0.33104703,0.0,0.26748085,0.0,0.0,0.5023588,0.36212206,0.09435719,0.0,0.0,0.0,0.0,0.0,0.0,0.0,0.448282,0.0,0.5710594,-0.16135228,-0.058192834,0.21446246
0.83734816,-1.0485154,-0.40175176,0.84253186,0.0,0.0,0.8136709,0.0,0.0,0.0,0.0,1.1097347,0.29662916,0.0,0.0,1.067909,0.08336741,0.0,0.45609206,0.11795083,0.28427503,0.10489872,0.33954868,0.0,0.074122384,0.18789545,0.0,0.0,0.0,0.55640864,0.0,0.7754999,0.4866328,0.24947599,0.7973775,0.0,0.0,0.24188952,0.09122382,0.2081423,0.6661412,0.43814903,0.72348225,0.0,0.57416844,0.0,0.92136407,0.48986545,1.0449852,0.5168235,0.0,0.7273992,0.0,0.0,1.2457104,0.59820193,0.0089662075,0.0,0.0,0.0,0.0,0.0,0.0,0.0,0.46813363,0.0,1.1586887,0.00411875,0.07015981,0.7474315
-1.60293,0.26400223,1.5481423,0.0,0.0,0.39132673,0.0,1.3892754,0.13568422,1.2613487,0.48004752,0.0,0.0,0.0,0.921301,0.0,0.0,1.1370783,0.0,0.0,0.0,0.7729581,1.8913362,0.0,1.2500837,1.2884024,0.13323894,1.5841514,0.24921238,0.23811117,0.7172195,0.0,0.48901093,0.68039775,0.0,0.0,0.0,0.58024985,0.7348866,0.6489934,0.051999524,1.9371587,1.5554545,0.0,0.8339773,0.0,1.6634597,1.4870749,0.0,1.0945965,0.0,1.0553007,0.0,0.0,0.13223629,0.0,0.92538065,0.0,0.0,0.0,0.0,0.0,0.0,0.0,0.27662984,0.0,0.0,0.8241385,1.3554318,-1.178311
1.2389767,-0.06292156,-1.2409911,0.07788246,1.1576825,0.52402526,1.332337,0.0,0.0,0.0,0.0,0.927749,0.2189295,0.0853506,0.0,0.95602,0.64085764,0.0,1.2166295,0.0,0.31097206,0.105807036,0.0,0.0,0.0,0.06521863,0.43004975,0.0,0.0,0.6772524,0.0,0.85993046,0.6870472,0.0,0.510603,0.0,0.0,1.0444645,0.9352833,1.0114908,1.236042,0.121206164,0.33780822,0.0,0.41035473,0.0,0.3538431,0.23598725,1.1078095,0.25518087,0.0,0.40078607,0.0,0.0,1.1856086,1.3140882,0.21746555,0.0,0.0,0.0,0.0,0.0,0.0,0.0,0.86537373,0.0,1.3913333,-0.7905623,-1.1876872,0.905735
-0.84703803,-1.6311507,0.14479676,0.6690618,0.0,0.24891098,0.0,0.079637066,0.0,0.0,1.0287712,0.31172383,0.10018611,0.41799653,0.0,0.28181317,0.0,0.0,0.0,0.0,0.47318578,0.0,1.3139215,0.4167481,1.1721032,0.1362676,0.0,0.0,0.0,0.69636995,0.1443276,0.11533831,0.7340232,1.0934925,0.8809268,0.0,0.0,0.11206118,0.12803717,0.54717296,0.44933927,1.1632639,0.6808293,0.0,1.7055659,0.0,1.014715,0.5645882,0.35388538,0.3289526,0.0,0.6484522,0.0,0.0,1.5340148,0.0,0.0,0.0,0.0,0.0,0.0,0.0,0.0,0.0,0.449639,0.0,0.8161677,-0.2924892,0.83500963,0.64673066
-0.5702419,0.047856387,-0.523237,0.0,0.09370358,0.9818657,0.11733553,0.06250602,0.0,0.0,0.0,0.0,0.0,0.26319087,0.045103386,0.0,0.0,0.0,0.2960895,0.0,0.3154356,0.02979219,0.33426708,0.0,0.0,0.2754426,0.67492175,0.048362777,0.0,0.73127824,0.0,0.0,0.9220262,0.67412794,0.18255854,0.0,0.0,0.7622328,0.7236857,0.8030907,0.66009873,0.5966683,0.32568243,0.0,0.57387507,0.0,0.0,0.24549086,0.4952145,0.0092371255,0.0,0.0,0.0,0.0,0.6785814,0.37149113,0.0,0.0,0.0,0.0,0.0,0.0,0.0,0.0,0.78846943,0.0,0.58676887,-0.8560621,-0.46309578,0.44439754
0.7543091,-0.852116,-1.4665037,0.25235102,0.6156802,0.63002175,0.83202755,0.0,0.0,0.0,0.0,1.0443059,0.42808482,0.66235757,0.0,1.0670679,0.25499874,0.0,0.50815445,0.0,0.62788177,0.0,0.0,0.15032852,0.0,0.0,0.2508191,0.0,0.0,0.88281286,0.0,1.1326681,0.877657,0.46366554,0.95484805,0.0,0.0,0.8390921,0.6884029,1.1649888,1.1544932,0.4273112,0.23068613,0.0,1.0285983,0.0,0.30591613,0.10437812,1.3491031,0.1246735,0.0,0.20516872,0.0,0.0,1.5574319,1.0776645,0.0,0.0,0.0,0.0,0.0,0.0,0.0,0.0,1.1571012,0.0,1.4583623,-1.2543262,-0.98063767,1.367101
-0.5114578,1.0467923,-0.1591134,0.0,0.5153314,1.0543506,0.37430346,0.3638488,0.16341636,0.42521134,0.0,0.0,0.0,0.0,0.61040413,0.0,0.0,0.19658577,0.89005554,0.0,0.0,0.4913352,0.27196595,0.0,0.0,0.7376218,1.0236679,0.7618392,0.0,0.53382725,0.0,0.0,0.800654,0.3153054,0.0,0.0,0.0,1.2428879,1.1249394,0.8172547,0.70271957,0.8786108,0.73053885,0.0,0.15966421,0.0,0.23282671,0.64031494,0.49499282,0.39750624,0.0,0.31302723,0.0,0.0,0.25892666,0.8051982,0.53879946,0.0,0.0,0.0,0.0,0.0,0.0,0.0,0.7966983,0.0,0.4488442,-0.36471456,-0.5698607,-0.28413063
0.53274816,-1.5667137,-0.7671931,0.8747816,0.0,0.14062813,0.5004109,0.0,0.0,0.0,0.25423157,1.2123098,0.4780937,0.48593408,0.0,1.1770755,0.0,0.0,0.0,0.0,0.5661286,0.0,0.3322649,0.2584188,0.21409312,0.0,0.0,0.0,0.0,0.7562678,0.0,1.058581,0.6827485,0.6047528,1.1437505,0.0,0.0,0.25821686,0.095407724,0.6312387,0.71655893,0.63667893,0.53117836,0.0,1.2327477,0.0,0.7605362,0.31348902,1.2518498,0.35108662,0.0,0.5331751,0.0,0.0,1.6776054,0.53969246,0.0,0.0,0.0,0.0,0.0,0.0,0.0,0.0,0.82210433,0.0,1.3533642,-0.61968553,-0.01296407,1.2297623
-0.40299046,-0.35649788,0.43542495,0.20610009,0.0,0.26959348,0.11137888,0.19259633,0.0,0.0,0.14636195,0.0,0.0,0.0,0.19035064,0.0,0.0,0.0,0.17283908,0.0,0.039064933,0.38274145,1.0218815,0.0,0.57190496,0.67508465,0.0,0.38932705,0.0,0.44019026,0.12544791,0.0,0.5411189,0.49457413,0.16449535,0.0,0.0,0.25386775,0.361055,0.16653888,0.36876476,0.87873054,0.68558276,0.0,0.62622863,0.0,0.7756589,0.6794462,0.13893478,0.5031626,0.03252217,0.55396646,0.0,0.0,0.5112077,0.03313715,0.2036175,0.0,0.0,0.0,0.0,0.0,0.0,0.0,0.19552468,0.0,0.28797683,0.24253657,0.598734,-0.15070578
1.7887034,-0.45673886,-2.5104728,0.04783811,1.8746397,0.8460015,1.6487755,0.0,0.0,0.0,0.0,1.572477,0.6737826,0.85461444,0.0,1.6245874,1.0277543,0.0,1.2833221,0.0,0.75128156,0.0,0.0,0.019425064,0.0,0.0,0.6463578,0.0,0.0,1.0124158,0.0,1.8414365,0.9694534,0.08489677,1.0597934,0.0,0.0,1.6021729,1.4120182,1.9393582,1.8569067,0.03666068,0.03342028,0.0,1.0308198,0.0,0.34662068,0.04824306,1.7262188,0.07155837,0.0,0.4232983,0.0,0.0,2.1206374,2.0515993,0.04860315,0.0,0.0,0.0,0.0,0.0,0.0,0.0,1.5123878,0.0,2.2020454,-1.8152326,-2.1343985,1.8568382
-0.9454738,-0.51298565,0.5908403,0.122797154,0.0,0.38304707,0.0,0.5250059,0.0,0.21522465,0.46240872,0.0,0.0,0.0,0.2064519,0.0,0.0,0.26023528,0.0,0.0,0.10063421,0.27912375,1.3136046,0.0,0.8982957,0.6562983,0.0,0.49978307,0.0,0.48925263,0.2756545,0.0,0.62846136,0.7628222,0.18022196,0.0,0.0,0.2654043,0.40595144,0.38535362,0.25540942,1.1145324,0.8133743,0.0,0.96305084,0.0,0.9397129,0.7780589,0.0,0.52438605,0.0,0.6001731,0.0,0.0,0.64019465,0.0,0.22828826,0.0,0.0,0.0,0.0,0.0,0.0,0.0,0.27762043,0.0,0.24683672,0.17375359,0.81338966,-0.19699186
-0.4983293,-0.03061752,0.58616215,0.02557433,0.0,0.32742333,0.11708319,0.36793333,0.0,0.15288538,0.0076074004,0.0,0.0,0.0,0.39248145,0.0,0.0,0.18605387,0.3042733,0.0,0.0,0.5204715,1.0532765,0.0,0.52357376,0.8303654,0.103189364,0.6615987,0.0065258443,0.38388583,0.18171214,0.0,0.52088773,0.42592743,0.0,0.0,0.0,0.4170423,0.54656774,0.26636285,0.41143435,0.9594596,0.7751059,0.0,0.45277226,0.0,0.8076591,0.7816825,0.11692016,0.59410113,0.027575124,0.56345105,0.0,0.0,0.30899385,0.14706399,0.39315832,0.0,0.0,0.0,0.0,0.0,0.0,0.0,0.23164415,0.0,0.16702335,0.3260045,0.50616807,-0.40266216
-0.697859,-0.60099006,0.77820575,0.36335567,0.0,0.14465314,0.0,0.4236021,0.0,0.077028185,0.5267166,0.0,0.0,0.0,0.21849915,0.0,0.0,0.19621271,0.0,0.0,0.015462693,0.3964521,1.3921797,0.0,0.9755904,0.7542653,0.0,0.52369976,0.0,0.39933342,0.32306784,0.0,0.49692923,0.6265291,0.1922974,0.0,0.0,0.16519012,0.25675198,0.18739295,0.19951768,1.125233,0.8897222,0.0,0.9586835,0.0,1.0828321,0.8836633,0.0,0.62581825,0.03504493,0.8223377,0.0,0.0,0.6374835,0.0,0.28956652,0.0,0.0,0.0,0.0,0.0,0.0,0.0,0.059164777,0.0,0.23684683,0.48524415,1.0246422,-0.2942327
-0.18961433,-0.7704338,0.4605852,0.5647013,0.0,0.037742645,0.16033861,0.0,0.0,0.0,0.38066095,0.25923526,0.0,0.0,0.003709659,0.2269118,0.0,0.0,0.058875144,0.0061621666,0.08338967,0.32650727,1.0968457,0.0,0.72927576,0.5984465,0.0,0.15708406,0.0,0.43043905,0.13022266,0.0,0.46806434,0.49174273,0.38561702,0.0,0.0,0.06370914,0.076260164,0.030664518,0.30887175,0.8455904,0.7948851,0.0,0.76018304,0.0,0.9410632,0.710096,0.18530862,0.51798546,0.0,0.7490581,0.0,0.0,0.77583313,0.0,0.08753131,0.0,0.0,0.0,0.0,0.0,0.0,0.0,0.074278206,0.0,0.5024023,0.38533878,0.8338796,0.03318513
-0.020815663,0.05724972,-0.09684415,0.0,0.06684085,0.50768423,0.47816885,0.0,0.0,0.0,0.0,0.0,0.0,0.0,0.16608404,0.015311046,0.0,0.0,0.60699296,0.0,0.08026797,0.3532458,0.45782313,0.0,0.0,0.55348444,0.32763645,0.21137455,0.0,0.5129124,0.0,0.0,0.630434,0.317454,0.09964299,0.0,0.0,0.5445171,0.5785928,0.35730195,0.61659276,0.61270106,0.5375715,0.0,0.23558277,0.0,0.33582705,0.45103294,0.41185918,0.35779893,0.0,0.28375527,0.0,0.0,0.36051837,0.38483506,0.22944683,0.0,0.0,0.0,0.0,0.0,0.0,0.0,0.42176467,0.0,0.46875203,-0.12590168,-0.110006884,0.01775565
1.1086313,0.905457,-0.7010893,0.0,1.383472,0.5775175,1.4498932,0.0,0.0,0.0,0.0,0.31174543,0.0,0.0,0.26594988,0.36176077,0.70974106,0.0,1.6919886,0.0,0.0,0.59243405,0.0,0.0,0.0,0.5896467,0.73566425,0.07729679,0.105915904,0.45758808,0.0,0.11171131,0.55487025,0.0,0.0,0.0,0.0,1.2428682,1.1995301,0.7807648,1.191941,0.27808237,0.5730907,0.0,0.010173399,0.0,0.4011989,0.4194184,0.6759763,0.4134354,0.0,0.48136416,0.0,0.0,0.56202966,1.3101537,0.6871383,0.0,0.0,0.0,0.0,0.0,0.0,0.0,0.53082275,0.0,0.9872446,-0.22348672,-1.038723,0.08633319
0.54791665,0.731728,1.245835,0.2948077,0.0,0.0,0.97795343,0.14135338,0.38769498,0.04165238,0.0,0.0,0.0,0.0,0.8991796,0.0,0.08131832,0.17150214,1.3101617,0.53667146,0.0,1.2805806,0.98043966,0.0,0.2105513,1.4825785,0.0,1.2572969,1.0862286,0.0,0.2601682,0.0,0.032109678,0.0,0.0,0.0,0.0,0.38318548,0.6247898,0.0,0.6923177,1.2201295,1.5250086,0.0,0.0,0.0,1.8103292,1.1099142,0.1626083,1.3208609,0.0,1.6738563,0.0,0.0,0.006312954,0.5890311,1.4506549,0.0,0.0,0.0,0.0,0.0,0.0,0.0,0.0,0.0,0.1697778,1.6291777,0.93012404,-1.2069435
1.0859127,0.4159918,-0.98485255,0.0,1.2407986,0.5961421,1.3310194,0.0,0.0,0.0,0.0,0.5687781,0.0,0.0,0.0,0.6117591,0.6323001,0.0,1.4030864,0.0,0.1457261,0.3206236,0.0,0.0,0.0,0.30981874,0.6114223,0.0,0.0,0.5858657,0.0,0.4588529,0.6488705,0.0,0.18869263,0.0,0.0,1.1248572,1.046286,0.897522,1.1915748,0.1549083,0.44169986,0.0,0.18748708,0.0,0.2877677,0.30255634,0.83226776,0.29173058,0.0,0.37979814,0.0,0.0,0.8179702,1.2616221,0.40281677,0.0,0.0,0.0,0.0,0.0,0.0,0.0,0.6994248,0.0,1.1418067,-0.5493665,-1.1216183,0.49451125
-0.8769308,-0.2572984,1.1555398,0.22670917,0.0,0.12302473,0.0,0.72582966,0.0,0.45635894,0.48604435,0.0,0.0,0.0,0.5122174,0.0,0.0,0.5156311,0.0,0.0,0.0,0.62074167,1.587616,0.0,1.0719893,1.0218153,0.0,0.95583206,0.15417415,0.28493726,0.48355067,0.0,0.42147487,0.545974,0.0,0.0,0.0,0.2352781,0.3919204,0.25089347,0.13218531,1.4043622,1.1538131,0.0,0.84644455,0.0,1.3261136,1.1276071,0.0,0.8301418,0.012338368,0.98140156,0.0,0.0,0.3702256,0.0,0.57878375,0.0,0.0,0.0,0.0,0.0,0.0,0.0,0.016853124,0.0,0.044193372,0.78056973,1.2182132,-0.71448153
0.056400333,-0.7828566,-1.2839253,0.0,0.27654508,0.8653884,0.37200424,0.0,0.0,0.0,0.0,0.55960995,0.2592729,0.78719527,0.0,0.60339206,0.0,0.0,0.16679034,0.0,0.6570092,0.0,0.0,0.2830422,0.0,0.0,0.4027221,0.0,0.0,0.9307124,0.0,0.7344064,1.0011575,0.7436568,0.83784586,0.0,0.0,0.8027588,0.6793989,1.2319163,1.0107343,0.6088643,0.13840276,0.0,1.0673398,0.0,0.0,0.016673833,1.115144,0.0,0.0,0.0,0.0,0.0,1.2979038,0.7463563,0.0,0.0,0.0,0.0,0.0,0.0,0.0,0.0,1.2090107,0.0,1.1129816,-1.4227406,-0.84962326,1.1995974
-0.59248626,-0.50845414,-0.8916227,0.0,0.0,1.026191,0.0,0.0,0.0,0.0,0.0,0.0,0.0,0.6889659,0.0,0.046212047,0.0,0.0,0.0,0.0,0.562847,0.0,0.2591719,0.25589442,0.0,0.0,0.55375516,0.0,0.0,0.8906571,0.0,0.16556083,1.0436529,0.9037638,0.5639337,0.0,0.0,0.7719773,0.6822747,1.105191,0.7612121,0.7139651,0.15063182,0.0,0.93186694,0.0,0.0,0.05308707,0.71332896,0.0,0.0,0.0,0.0,0.0,0.96555954,0.31980717,0.0,0.0,0.0,0.0,0.0,0.0,0.0,0.0,1.0532119,0.0,0.70083815,-1.2305585,-0.52122766,0.7913462
0.04151544,0.078880414,0.020800449,0.0,0.035920642,0.42257458,0.52185863,0.0,0.0,0.0,0.0,0.007911267,0.0,0.0,0.21302323,0.026432134,0.0,0.0,0.65453225,0.0,0.025145998,0.42677617,0.51077884,0.0,0.0,0.6260806,0.2673969,0.28184047,0.0,0.46521598,0.0,0.0,0.57398254,0.2571826,0.06227519,0.0,0.0,0.5076386,0.5608295,0.27137017,0.6097312,0.6314405,0.5806761,0.0,0.17799702,0.0,0.417428,0.49470115,0.3908407,0.42578244,0.0,0.35905117,0.0,0.0,0.28886014,0.38582724,0.30868402,0.0,0.0,0.0,0.0,0.0,0.0,0.0,0.35246116,0.0,0.42492306,0.033077516,-0.031277135,-0.08826194
0.44355142,0.41413617,-0.07594474,0.0,0.4558664,0.39340156,0.8720465,0.0,0.0,0.0,0.0,0.096144155,0.0,0.0,0.30451566,0.118944615,0.16640808,0.0,1.0606971,0.0,0.0,0.5743313,0.24469563,0.0,0.0,0.7086,0.37607235,0.32199034,0.09586352,0.40649858,0.0,0.0,0.50712425,0.0,0.0,0.0,0.0,0.7076165,0.7358996,0.32716513,0.78085256,0.5531241,0.63113695,0.0,0.041529037,0.0,0.4539938,0.51607084,0.49410242,0.48239386,0.0,0.48609713,0.0,0.0,0.25138915,0.70930564,0.5257801,0.0,0.0,0.0,0.0,0.0,0.0,0.0,0.32791767,0.0,0.5556639,0.1275323,-0.28575206,-0.1606111
-2.1698895,-0.8786978,1.5525212,0.19087006,0.0,0.3056104,0.0,1.473107,0.0,1.1001607,1.4195423,0.0,0.0,0.0,0.44994113,0.0,0.0,1.086898,0.0,0.0,0.028990436,0.31482401,2.3700674,0.09194642,1.9886721,0.92364573,0.0,1.1093407,0.0,0.4125712,0.8672812,0.0,0.6157816,1.2428632,0.07054797,0.0,0.0,0.29644898,0.5012211,0.72244984,0.0,2.0682797,1.5471328,0.0,1.7413983,0.0,1.8969607,1.4496541,0.0,0.94601715,0.0,1.1862159,0.0,0.0,0.78866386,0.0,0.6953258,0.0,0.0,0.0,0.0,0.0,0.0,0.0,0.17479245,0.0,0.035954475,0.6928785,1.7253859,-0.745172
0.38038275,2.034548,0.98482805,0.0,0.8028256,0.32837847,1.1688775,0.43469405,1.1306727,0.6564262,0.0,0.0,0.0,0.0,1.3943036,0.0,0.33430052,0.49942645,1.9427472,0.0,0.0,1.4956629,0.49025467,0.0,0.0,1.6828476,0.77108216,1.7896104,1.2087848,0.0,0.098799646,0.0,0.1909414,0.0,0.0,0.0,0.0,1.4631772,1.6606723,0.50457454,0.965809,1.3843603,1.6810181,0.0,0.0,0.0,1.423379,1.1120573,0.35815337,1.6266526,0.0,1.5043297,0.0,0.0,0.0,1.4309845,1.7783638,0.0,0.0,0.0,0.0,0.0,0.0,0.0,0.37842646,0.0,0.23690684,1.2069243,-0.019930795,-1.5190235
1.3937082,0.623128,-0.6761589,0.0,1.3084743,0.35251474,1.5771855,0.0,0.0,0.0,0.0,0.6305628,0.0,0.0,0.13332333,0.65569794,0.7844408,0.0,1.6907456,0.0,0.0,0.5906033,0.0,0.0,0.0,0.5558227,0.492458,0.0,0.16328591,0.42665505,0.0,0.34756267,0.46542543,0.0,0.019297726,0.0,0.0,1.0492709,1.0819935,0.684091,1.2212071,0.15687588,0.6193687,0.0,0.022493707,0.0,0.56373507,0.36354774,0.7610178,0.49141955,0.0,0.5868246,0.0,0.0,0.65691835,1.3554307,0.68214583,0.0,0.0,0.0,0.0,0.0,0.0,0.0,0.48310435,0.0,1.0800265,-0.09095176,-0.963117,0.20338574
0.41261822,-0.9773838,-0.89179045,0.41012442,0.068838075,0.4361611,0.5570475,0.0,0.0,0.0,0.0,0.84857684,0.30092964,0.44082135,0.0,0.85053104,0.0,0.0,0.25768745,0.0,0.50579053,0.0,0.118350744,0.11689019,0.0,0.0,0.017462656,0.0,0.0,0.76871884,0.0,0.79193836,0.76857966,0.53904396,0.8603051,0.0,0.0,0.46096617,0.3365258,0.6949102,0.79961383,0.5432669,0.3772136,0.0,0.91923815,0.0,0.40585297,0.18934573,1.1234698,0.21575277,0.0,0.21752453,0.0,0.0,1.2678063,0.6287879,0.0,0.0,0.0,0.0,0.0,0.0,0.0,0.0,0.8912183,0.0,1.1176968,-0.80266917,-0.37723708,1.0471665
0.46719205,0.91965616,0.33053535,0.0,0.5370594,0.3128601,0.9917815,0.0,0.24302611,0.0,0.0,0.0,0.0,0.0,0.6683047,0.0,0.22851466,0.0,1.3604622,0.0,0.0,0.90580535,0.35832393,0.0,0.0,1.055754,0.45226526,0.81747884,0.51031786,0.23901625,0.0,0.0,0.37108725,0.0,0.0,0.0,0.0,0.85895705,0.9741935,0.25773054,0.8581345,0.8033737,0.89487815,0.0,0.0,0.0,0.7930286,0.6760656,0.449383,0.84712404,0.0,0.86393887,0.0,0.0,0.071684584,0.8923084,0.9296514,0.0,0.0,0.0,0.0,0.0,0.0,0.0,0.23031288,0.0,0.47875202,0.5757289,-0.1377549,-0.6120647
0.60065365,1.0729493,0.33836243,0.0,0.67883456,0.29403448,1.1164827,0.0,0.34456262,0.0,0.0,0.0,0.0,0.0,0.73116326,0.0,0.32884216,0.0,1.5191946,0.0,0.0,0.98462236,0.2839529,0.0,0.0,1.1149497,0.4923978,0.87602603,0.61408204,0.20401433,0.0,0.0,0.33599326,0.0,0.0,0.0,0.0,0.9581161,1.0935836,0.29121533,0.92953193,0.81359345,0.9501563,0.0,0.0,0.0,0.85392654,0.6808194,0.46381044,0.93499905,0.0,0.9401206,0.0,0.0,0.057690866,1.0274621,1.050136,0.0,0.0,0.0,0.0,0.0,0.0,0.0,0.23203743,0.0,0.5065233,0.63535297,-0.20770128,-0.68575716
0.71929145,0.5748001,-1.0124011,0.0,1.2096415,0.822647,1.120676,0.0,0.0,0.0,0.0,0.2620233,0.0,0.0,0.03369783,0.32762787,0.48918557,0.0,1.2907008,0.0,0.1787131,0.26675168,0.0,0.0,0.0,0.30052954,0.8131915,0.0,0.0,0.63978773,0.0,0.24857856,0.75844383,0.022297233,0.0938472,0.0,0.0,1.213758,1.098401,0.9702962,1.115223,0.2537782,0.39105743,0.0,0.21184981,0.0,0.086162165,0.32424963,0.7196356,0.17100652,0.0,0.2446612,0.0,0.0,0.7161833,1.1317106,0.33313447,0.0,0.0,0.0,0.0,0.0,0.0,0.0,0.7320985,0.0,1.0211822,-0.7051222,-1.1303006,0.42111444
-1.1779355,1.0079174,0.2520124,0.0,0.0,1.1202302,0.0,0.87767816,0.24283293,0.9457189,0.0,0.0,0.0,0.0,0.7746967,0.0,0.0,0.64664865,0.5081352,0.0,0.0,0.50621355,0.7293383,0.0,0.017164454,0.86877364,1.0040128,1.107274,0.0,0.5145471,0.078426346,0.0,0.8353564,0.55953765,0.0,0.0,0.0,1.2079356,1.1524743,0.9621026,0.4107182,1.1787246,1.0092905,0.0,0.1952099,0.0,0.5317743,0.8535992,0.31459647,0.58475333,0.0,0.29712927,0.007884025,0.0,0.12470746,0.52259153,0.54664004,0.0,0.0,0.0,0.0,0.0,0.0,0.0,0.91426617,0.0,0.16023016,-0.26709616,-0.16926537,-0.59795845
-0.2575417,0.6893497,0.10844916,0.0,0.24041346,0.6901356,0.45672068,0.22685693,0.019764036,0.18536153,0.0,0.0,0.0,0.0,0.5308132,0.0,0.0,0.087694585,0.8325808,0.0,0.0,0.5691904,0.4765427,0.0,0.0,0.8046706,0.6378745,0.6964357,0.0,0.438678,0.0,0.0,0.6347856,0.22757374,0.0,0.0,0.0,0.87336725,0.8619505,0.47450238,0.6470505,0.8061728,0.7083234,0.0,0.13851233,0.0,0.4351647,0.6385433,0.42341793,0.49333704,0.0,0.43579826,0.0,0.0,0.2163153,0.59949946,0.5224503,0.0,0.0,0.0,0.0,0.0,0.0,0.0,0.5113181,0.0,0.398421,-0.0022274312,-0.21576147,-0.31488854
0.3508743,-1.2713882,-1.0138652,0.5126854,0.0,0.44283575,0.4518576,0.0,0.0,0.0,0.007143408,0.96909624,0.40529427,0.6357478,0.0,0.9662925,0.0,0.0,0.058371007,0.0,0.6188823,0.0,0.13912526,0.28534007,0.0,0.0,0.0,0.0,0.0,0.8383992,0.0,0.9590176,0.8211844,0.6691875,1.0412871,0.0,0.0,0.42776,0.30789676,0.82958466,0.8475456,0.60576427,0.34319055,0.0,1.1340115,0.0,0.4456633,0.16087586,1.2699417,0.20905846,0.0,0.18307137,0.0,0.0,1.4927328,0.61735207,0.0,0.0,0.0,0.0,0.0,0.0,0.0,0.0,1.0106874,0.0,1.2224008,-0.9714216,-0.38152224,1.2544317
0.31443885,-0.47089076,-0.3260527,0.28666636,0.009640792,0.3246414,0.5904078,0.0,0.0,0.0,0.0,0.48482448,0.019674867,0.0,0.0,0.48531562,0.0,0.0,0.49311104,0.0,0.21833983,0.17958605,0.3676187,0.0,0.0,0.32829577,0.05574967,0.0,0.0,0.5711627,0.0,0.2600667,0.61018467,0.33850864,0.44986582,0.0,0.0,0.34676954,0.30663937,0.27668118,0.6161251,0.4927863,0.5812638,0.0,0.4241675,0.0,0.50653213,0.3948816,0.68103606,0.37044394,0.0,0.35708478,0.0,0.0,0.70985717,0.43060172,0.038721565,0.0,0.0,0.0,0.0,0.0,0.0,0.0,0.5019983,0.0,0.7505557,-0.17454925,-0.04292871,0.4189329
-1.4981344,-0.95397425,1.1191596,0.36056593,0.0,0.21560122,0.0,0.92423224,0.0,0.51819515,1.1195338,0.0,0.0,0.0,0.22710449,0.0,0.0,0.5950085,0.0,0.0,0.092653096,0.25870687,1.929069,0.05112818,1.5813985,0.75085294,0.0,0.6918695,0.0,0.44655955,0.59796214,0.0,0.5851261,1.0297813,0.25165105,0.0,0.0,0.19082166,0.3232756,0.47658563,0.08842605,1.5972011,1.2091784,0.0,1.5256901,0.0,1.5290952,1.1402724,0.0,0.7564495,0.0,1.0327045,0.0,0.0,0.8832365,0.0,0.4004199,0.0,0.0,0.0,0.0,0.0,0.0,0.0,0.12234247,0.0,0.23064205,0.52361023,1.4252903,-0.3830546
-0.041200604,-0.12740642,-0.6936395,0.0,0.29436737,0.7844148,0.43898878,0.0,0.0,0.0,0.0,0.11867697,0.0,0.2270726,0.0,0.16643386,0.0,0.0,0.48596278,0.0,0.32999572,0.028936267,0.12999654,0.0,0.0,0.19566834,0.5090045,0.0,0.0,0.7141702,0.0,0.12231563,0.8370378,0.49981913,0.34341705,0.0,0.0,0.75136787,0.6530017,0.7610163,0.7698076,0.5301887,0.33254752,0.0,0.5237284,0.0,0.008912671,0.22171289,0.6463529,0.06893293,0.0,0.0,0.0,0.0,0.7104089,0.54821366,0.0,0.0,0.0,0.0,0.0,0.0,0.0,0.0,0.77566755,0.0,0.7470902,-0.83320767,-0.5664756,0.55646044
1.144591,0.43466383,-1.3199546,0.0,1.4710292,0.7562231,1.3841764,0.0,0.0,0.0,0.0,0.6229109,0.0654161,0.026682377,0.0,0.6810135,0.7189815,0.0,1.4418244,0.0,0.2497884,0.19001849,0.0,0.0,0.0,0.14917758,0.7585326,0.0,0.0,0.67857033,0.0,0.6257723,0.74865055,0.0,0.2651248,0.0,0.0,1.3170261,1.1904718,1.1530006,1.3123194,0.115794316,0.3411212,0.0,0.28684133,0.0,0.18680352,0.26158682,0.94217074,0.19586143,0.0,0.3286556,0.0,0.0,1.0178845,1.3984814,0.33630475,0.0,0.0,0.0,0.0,0.0,0.0,0.0,0.86646646,0.0,1.3203415,-0.860726,-1.4004327,0.7064456
-0.5934515,-0.8240817,-0.059317198,0.20577452,0.0,0.48392957,0.0,0.039768785,0.0,0.0,0.32818055,0.07680023,0.0,0.21736115,0.0,0.083335735,0.0,0.0,0.0,0.0,0.33800802,0.0,0.8858519,0.10330635,0.5794533,0.2756304,0.003552407,0.0,0.0,0.6581684,0.0,0.0,0.7523365,0.8092495,0.5222964,0.0,0.0,0.25420442,0.3097698,0.47623324,0.45853895,0.80321544,0.45650136,0.0,0.9690656,0.0,0.5246326,0.40176767,0.32650313,0.21146214,0.0,0.22745666,0.0,0.0,0.9259254,0.0,0.0,0.0,0.0,0.0,0.0,0.0,0.0,0.0,0.510668,0.0,0.5661552,-0.40919694,0.33363354,0.43733513
-0.29586887,-0.4790372,-0.09592519,0.112762,0.0,0.4720984,0.1705187,0.0,0.0,0.0,0.0,0.090135075,0.0,0.023976147,0.0,0.1024499,0.0,0.0,0.15703857,0.0,0.2334753,0.13560374,0.6842006,0.0,0.29906228,0.3807862,0.119588956,0.0,0.0,0.5965465,0.0,0.0,0.6926946,0.58598584,0.36599457,0.0,0.0,0.34207794,0.3740433,0.38581476,0.49848697,0.64502263,0.4792779,0.0,0.5586466,0.0,0.42119372,0.42001623,0.36760575,0.26089016,0.0,0.20644028,0.0,0.0,0.67532676,0.14419788,0.0,0.0,0.0,0.0,0.0,0.0,0.0,0.0,0.46454254,0.0,0.5262391,-0.2911884,0.12671901,0.29188845
-0.3686539,0.7030062,-0.33644208,0.0,0.46481693,0.9842627,0.39727557,0.14833067,0.0,0.12809715,0.0,0.0,0.0,0.0,0.3883626,0.0,0.0,0.0,0.7743103,0.0,0.0833397,0.34785268,0.2155594,0.0,0.0,0.56880176,0.881088,0.45611906,0.0,0.5922479,0.0,0.0,0.81709605,0.37124687,0.0,0.0,0.0,1.0260774,0.942591,0.70492136,0.7248415,0.71343875,0.54048836,0.0,0.2781089,0.0,0.10644457,0.4803032,0.515834,0.2356424,0.0,0.21097365,0.0,0.0,0.42305872,0.68645144,0.33949348,0.0,0.0,0.0,0.0,0.0,0.0,0.0,0.7041477,0.0,0.5546042,-0.48478758,-0.5567366,0.013804622
-1.2481828,-0.9301538,1.0133739,0.41457134,0.0,0.16749749,0.0,0.74941516,0.0,0.34159496,0.99379325,0.0,0.0,0.0,0.18642771,0.0,0.0,0.44734696,0.0,0.0,0.08623061,0.27740198,1.7861907,0.0,1.435605,0.72896737,0.0,0.5960389,0.0,0.4381635,0.51753503,0.0,0.555684,0.9256494,0.27815002,0.0,0.0,0.16399984,0.26734227,0.36726844,0.10726863,1.4494759,1.1151931,0.0,1.4103936,0.0,1.4173617,1.0578356,0.0,0.7118541,0.0,1.0056132,0.0,0.0,0.86489433,0.0,0.34533343,0.0,0.0,0.0,0.0,0.0,0.0,0.0,0.08035982,0.0,0.26590565,0.5247855,1.3394717,-0.3215318
-1.0675038,-0.60820824,0.30744237,0.011288174,0.0,0.56268764,0.0,0.48229706,0.0,0.16377541,0.45198685,0.0,0.0,0.08643699,0.072686195,0.0,0.0,0.18076879,0.0,0.0,0.23804504,0.09636149,1.1905533,0.051688224,0.8205159,0.47270432,0.085300446,0.30322483,0.0,0.6030176,0.18176223,0.0,0.7561775,0.90542996,0.29422072,0.0,0.0,0.33535835,0.48176008,0.5795921,0.36811483,1.0136873,0.6574597,0.0,1.0545735,0.0,0.7427552,0.60073876,0.05813937,0.35530758,0.0,0.37596372,0.0,0.0,0.7953555,0.0,0.033019323,0.0,0.0,0.0,0.0,0.0,0.0,0.0,0.47743377,0.0,0.3759678,-0.24303445,0.54986256,0.104652144
0.7847058,1.5893793,0.13486443,0.0,1.1861036,0.47398478,1.3638749,0.0,0.61558163,0.0,0.0,0.0,0.0,0.0,0.87818503,0.0,0.5703261,0.0,1.9059372,0.0,0.0,1.0844744,0.0,0.0,0.0,1.1690241,0.80879676,0.98250854,0.70288706,0.1986278,0.0,0.0,0.36694792,0.0,0.0,0.0,0.0,1.4009229,1.4967792,0.54906356,1.1546596,0.7938015,0.98437476,0.0,0.0,0.0,0.7815131,0.66250557,0.5460648,1.0139184,0.0,1.004007,0.0,0.0,0.10222275,1.4529823,1.2892256,0.0,0.0,0.0,0.0,0.0,0.0,0.0,0.3879025,0.0,0.62996507,0.4997579,-0.65198493,-0.7522223
-0.1318803,-0.40874445,0.2843669,0.29765245,0.0,0.21392894,0.28654045,0.0,0.0,0.0,0.049426407,0.12595819,0.0,0.0,0.09904369,0.11631125,0.0,0.0,0.2903874,0.0,0.060974892,0.36451808,0.8654581,0.0,0.43197894,0.61166954,0.0,0.22408432,0.0,0.448219,0.027884021,0.0,0.5201498,0.40911657,0.24310385,0.0,0.0,0.24242024,0.30166423,0.113469645,0.4517808,0.7530522,0.66264,0.0,0.4807427,0.0,0.7319215,0.6117039,0.28688753,0.48443204,0.0,0.5182881,0.0,0.0,0.5395071,0.12518807,0.15372555,0.0,0.0,0.0,0.0,0.0,0.0,0.0,0.20347553,0.0,0.42851007,0.21965775,0.45341957,-0.021096952
-1.5790497,0.48305118,1.9673406,0.0,0.0,0.21907866,0.0,1.5603671,0.3939363,1.4703856,0.4850043,0.0,0.0,0.0,1.1627731,0.0,0.0,1.3468271,0.015038192,0.0,0.0,1.0284965,2.0938354,0.0,1.372437,1.5648284,0.050762296,1.9422866,0.5923442,0.088451594,0.87363356,0.0,0.34306657,0.52499175,0.0,0.0,0.0,0.57460123,0.7821362,0.59533805,0.0,2.1894028,1.8736506,0.0,0.735535,0.0,2.0123963,1.7369529,0.0,1.4074146,0.0,1.4026253,0.0,0.0,0.0,0.0,1.2172841,0.0,0.0,0.0,0.0,0.0,0.0,0.0,0.15287074,0.0,0.0,1.2651585,1.6579033,-1.543132
-1.8072733,-0.39870653,1.9410467,0.21727188,0.0,0.07496804,0.0,1.4937142,0.0,1.2067119,1.1410116,0.0,0.0,0.0,0.7766764,0.0,0.0,1.2017514,0.0,0.0,0.0,0.7112781,2.387275,0.0,1.8637261,1.2898504,0.0,1.5209196,0.23417702,0.19939971,0.94755846,0.0,0.39565253,0.8645041,0.0,0.0,0.0,0.3034651,0.49037603,0.5327632,0.0,2.1729765,1.7584583,0.0,1.3818629,0.0,2.1031616,1.6718645,0.0,1.1945322,0.0,1.4559034,0.0,0.0,0.42834494,0.0,0.9743918,0.0,0.0,0.0,0.0,0.0,0.0,0.0,0.0,0.0,0.0,1.1792742,1.8970126,-1.1555713
-0.16289449,0.13179928,-0.47032666,0.0,0.27459824,0.7951788,0.40971532,0.0,0.0,0.0,0.0,0.0,0.0,0.044580102,0.07721459,0.0,0.0,0.0,0.5665731,0.0,0.21697307,0.17386298,0.23420116,0.0,0.0,0.367432,0.5793538,0.05021873,0.0,0.6446905,0.0,0.0,0.79761195,0.4455301,0.14618485,0.0,0.0,0.7392262,0.69987583,0.6403599,0.69159544,0.55923593,0.41532564,0.0,0.3805905,0.0,0.06313132,0.3285257,0.5006933,0.14838146,0.0,0.07985055,0.0,0.0,0.5449796,0.48035938,0.070424974,0.0,0.0,0.0,0.0,0.0,0.0,0.0,0.637491,0.0,0.6149089,-0.5983195,-0.43774867,0.29864
-0.9407365,-0.5340722,0.93476063,0.27767244,0.0,0.18900952,0.0,0.6305922,0.0,0.3053269,0.60796857,0.0,0.0,0.0,0.31658527,0.0,0.0,0.38474658,0.0,0.0,0.0,0.42800316,1.5403545,0.0,1.103008,0.82738197,0.0,0.6946484,0.0,0.38406608,0.41802704,0.0,0.5088171,0.6935077,0.10608216,0.0,0.0,0.21682039,0.3404162,0.28075105,0.16140583,1.2936388,1.0119969,0.0,1.0096571,0.0,1.2021214,0.9938661,0.0,0.69451714,0.00071950816,0.8659999,0.0,0.0,0.5769032,0.0,0.40872955,0.0,0.0,0.0,0.0,0.0,0.0,0.0,0.087175004,0.0,0.1548337,0.5455221,1.1155382,-0.44943857
-0.09198713,0.7022092,0.042866606,0.0,0.35178623,0.6549903,0.5731343,0.1119086,0.012492895,0.06841111,0.0,0.0,0.0,0.0,0.50414145,0.0,0.0,0.0,0.92965424,0.0,0.0,0.582746,0.38562572,0.0,0.0,0.7916861,0.6276858,0.6341771,0.02824366,0.43195605,0.0,0.0,0.6136905,0.15840007,0.0,0.0,0.0,0.87287253,0.8513312,0.42837068,0.71561503,0.7544936,0.6646821,0.0,0.12078981,0.0,0.39532986,0.6058504,0.45956707,0.47461718,0.0,0.46702585,0.0,0.0,0.23115548,0.66700643,0.54718804,0.0,0.0,0.0,0.0,0.0,0.0,0.0,0.46626228,0.0,0.45956415,0.018867308,-0.28021967,-0.2730878
0.33579895,1.0136145,0.5518974,0.0,0.41351596,0.28015634,0.91839385,0.097756684,0.36279544,0.094168454,0.0,0.0,0.0,0.0,0.79449916,0.0,0.14900006,0.07689792,1.3434933,0.0,0.0,1.0004472,0.5104658,0.0,0.0,1.180939,0.43815464,1.0211923,0.6250018,0.18422404,0.0,0.0,0.33173758,0.0,0.0,0.0,0.0,0.8536785,1.0011575,0.21725635,0.8060057,0.9302123,1.0451657,0.0,0.0,0.0,0.94484764,0.77814746,0.39407817,0.9886325,0.0,0.9943416,0.0,0.0,0.0,0.87463546,1.0368888,0.0,0.0,0.0,0.0,0.0,0.0,0.0,0.21899629,0.0,0.377119,0.76119274,0.0252558,-0.80519223
-0.036041837,-0.54758203,0.49333927,0.5103195,0.0,0.01700142,0.31374836,0.0,0.0,0.0,0.19855964,0.2392307,0.0,0.0,0.10486077,0.20934528,0.0,0.0,0.2677318,0.058435768,0.0021267608,0.4410652,1.013512,0.0,0.59165883,0.6912661,0.0,0.26221028,0.0,0.37930778,0.10872303,0.0,0.42042407,0.3542706,0.2687004,0.0,0.0,0.13868284,0.16178304,0.0,0.39560735,0.82195425,0.820542,0.0,0.5309138,0.0,0.96260315,0.74261534,0.233324,0.5804804,0.0,0.77033216,0.0,0.0,0.61520654,0.06611851,0.2443668,0.0,0.0,0.0,0.0,0.0,0.0,0.0,0.030117095,0.0,0.4438436,0.51655316,0.7373547,-0.119676046
-0.56720406,1.373341,0.44631723,0.0,0.33958215,0.8491198,0.39420474,0.66558534,0.5409862,0.78795993,0.0,0.0,0.0,0.0,0.96885157,0.0,0.0,0.54320765,1.0487115,0.0,0.0,0.8419305,0.5860528,0.0,0.0,1.1302456,0.935686,1.3002628,0.2773109,0.33105865,0.050308064,0.0,0.6139626,0.13171649,0.0,0.0,0.0,1.3114104,1.2872022,0.76522225,0.61866045,1.1684031,1.1756049,0.0,0.0,0.0,0.715951,0.95639753,0.35707992,0.874693,0.0,0.7125389,0.0,0.0,0.0,0.8540485,0.9361226,0.0,0.0,0.0,0.0,0.0,0.0,0.0,0.7200598,0.0,0.19281097,0.23203722,-0.2110522,-0.90511787
-0.49099487,0.93367696,0.36120683,0.0,0.15032856,0.73079646,0.34786266,0.49830717,0.2411808,0.5165744,0.0,0.0,0.0,0.0,0.7403331,0.0,0.0,0.3569626,0.8440324,0.0,0.0,0.69656974,0.6342931,0.0,0.0,0.9759278,0.71860516,1.0132003,0.13176212,0.37877923,0.030576706,0.0,0.61456835,0.22467718,0.0,0.0,0.0,1.0089166,1.0174639,0.5899966,0.56814253,1.0073764,0.9605868,0.0,0.050629638,0.0,0.6371296,0.81240153,0.3525976,0.7018685,0.0,0.56486887,0.0,0.0,0.04491668,0.6260679,0.69289505,0.0,0.0,0.0,0.0,0.0,0.0,0.0,0.5914151,0.0,0.24653503,0.16293912,-0.09910719,-0.64636827
0.3934638,1.9684709,-0.052271478,0.0,1.3732096,0.86285985,1.1915275,0.072360486,0.79306245,0.30912217,0.0,0.0,0.0,0.0,1.0032572,0.0,0.49012852,0.07647452,1.9012263,0.0,0.0,1.0162257,0.0,0.0,0.0,1.1348028,1.2083235,1.1315231,0.5225332,0.28887045,0.0,0.0,0.542004,0.0,0.0,0.0,0.0,1.7801658,1.7484374,0.84364605,1.1957966,0.904259,1.0014889,0.0,0.0,0.0,0.5477553,0.7458525,0.58023566,0.9113452,0.0,0.9046022,0.0,0.0,0.101206094,1.5876057,1.2955793,0.0,0.0,0.0,0.0,0.0,0.0,0.0,0.6868057,0.0,0.6280408,0.16666761,-0.96555793,-0.78254306
-0.51009595,-0.03516574,1.121812,0.24094193,0.0,0.04218051,0.093198836,0.549624,0.0,0.31792572,0.2202149,0.0,0.0,0.0,0.5776309,0.0,0.0,0.39631578,0.30138472,0.055769026,0.0,0.7558812,1.4036598,0.0,0.83397686,1.1024724,0.0,0.9828146,0.3481052,0.22091109,0.40448332,0.0,0.34015486,0.3199984,0.0,0.0,0.0,0.26100844,0.40897304,0.121361814,0.2629493,1.287697,1.1633478,0.0,0.57462025,0.0,1.3590115,1.1101605,0.0,0.8925899,0.026842019,1.0548742,0.0,0.0,0.2591306,0.0,0.6582854,0.0,0.0,0.0,0.0,0.0,0.0,0.0,0.0,0.0,0.06597504,0.9268724,1.1339474,-0.7898895
0.3468779,-0.8547974,-0.8464536,0.3242551,0.09146367,0.47746953,0.5393591,0.0,0.0,0.0,0.0,0.74177563,0.24377853,0.39870036,0.0,0.74951917,0.0,0.0,0.29064235,0.0,0.47463238,0.0,0.13093126,0.07701713,0.0,0.0,0.08074154,0.0,0.0,0.75572944,0.0,0.68765473,0.7727801,0.5299984,0.7815812,0.0,0.0,0.5006015,0.37759063,0.6971147,0.7848362,0.53287214,0.3667027,0.0,0.84582657,0.0,0.33858353,0.18459874,1.0388323,0.18641566,0.0,0.18028748,0.0,0.0,1.1707103,0.6106019,0.0,0.0,0.0,0.0,0.0,0.0,0.0,0.0,0.86987376,0.0,1.0518416,-0.80332816,-0.4036337,0.96635604
0.74166524,0.7844753,-1.4528422,0.0,1.6039401,1.112398,1.1957713,0.0,0.0,0.0,0.0,0.20515049,0.0,0.16821581,0.0,0.30103606,0.61770254,0.0,1.4149885,0.0,0.28548566,0.13490885,0.0,0.0,0.0,0.13365278,1.1208646,0.0,0.0,0.7561445,0.0,0.35956925,0.9076297,0.050946563,0.09467922,0.0,0.0,1.5682167,1.3745605,1.36682,1.3226781,0.21763328,0.25384852,0.0,0.33887368,0.0,0.0,0.25635692,0.80181575,0.0035674423,0.0,0.12057735,0.0,0.0,0.89868826,1.3338909,0.28708398,0.0,0.0,0.0,0.0,0.0,0.0,0.0,0.9511294,0.0,1.2069149,-1.1417944,-1.5489594,0.63376576
-1.8713785,-1.1934332,0.6096204,0.13312854,0.0,0.5874938,0.0,0.9220791,0.0,0.49077025,1.1897877,0.0,0.0,0.36669588,0.0,0.0,0.0,0.50345945,0.0,0.0,0.37750804,0.0,1.7688212,0.4223947,1.5209277,0.3864,0.0,0.33126163,0.0,0.68042326,0.45499307,0.0,0.8541868,1.3775998,0.48451132,0.0,0.0,0.27898392,0.4852676,0.95039815,0.36027017,1.5256435,0.92422837,0.0,1.8946387,0.0,1.2264972,0.8066293,0.0,0.4441365,0.0,0.562445,0.0,0.0,1.2146783,0.0,0.0040541515,0.0,0.0,0.0,0.0,0.0,0.0,0.0,0.56159276,0.0,0.42524496,-0.34235972,1.0092906,0.20812109
-1.148349,-1.6108612,0.043674655,0.48100916,0.0,0.4448322,0.0,0.22591342,0.0,0.0,1.0587708,0.121862955,0.06498811,0.5972329,0.0,0.10948405,0.0,0.0,0.0,0.0,0.5505574,0.0,1.3246975,0.5360984,1.1934137,0.058674157,0.0,0.0,0.0,0.773267,0.14410196,0.029379293,0.8488921,1.2546948,0.8801304,0.0,0.0,0.21712025,0.28776625,0.7617717,0.5138453,1.2521038,0.5964669,0.0,1.8665841,0.0,0.9117316,0.47568113,0.31066692,0.23703218,0.0,0.45807627,0.0,0.0,1.5262042,0.0,0.0,0.0,0.0,0.0,0.0,0.0,0.0,0.0,0.6032741,0.0,0.7450884,-0.5715966,0.7098338,0.69168645
0.96421915,-1.2092712,-0.8615602,0.8104737,0.1265785,0.10351369,0.87543714,0.0,0.0,0.0,0.0,1.3074358,0.45535347,0.27638495,0.0,1.2762214,0.18323623,0.0,0.4305843,0.0,0.4586126,0.0,0.053474903,0.02126798,0.0,0.0,0.0,0.0,0.0,0.6905134,0.0,1.110108,0.6077042,0.32603243,1.002104,0.0,0.0,0.4055842,0.22073148,0.52881026,0.8178127,0.41445073,0.52820516,0.0,0.8509112,0.0,0.74423295,0.30183426,1.3479785,0.41575027,0.0,0.56214654,0.0,0.0,1.5168083,0.81538236,0.0,0.0,0.0,0.0,0.0,0.0,0.0,0.0,0.7725938,0.0,1.4040867,-0.49292555,-0.31160182,1.1443428
0.108315855,0.21127868,-0.18992485,0.0,0.26628983,0.54549825,0.6029265,0.0,0.0,0.0,0.0,0.0,0.0,0.0,0.19438668,0.0316585,0.0,0.0,0.76261777,0.0,0.06095618,0.38613036,0.31925684,0.0,0.0,0.56070834,0.41572845,0.21051171,0.0,0.5096483,0.0,0.0,0.6311185,0.23572774,0.04873872,0.0,0.0,0.65967196,0.65814954,0.40588436,0.68983775,0.59162873,0.54133177,0.0,0.19927272,0.0,0.28213167,0.4540754,0.45164704,0.344215,0.0,0.29670122,0.0,0.0,0.33451682,0.5238793,0.30476716,0.0,0.0,0.0,0.0,0.0,0.0,0.0,0.44031873,0.0,0.51992995,-0.14937948,-0.25222147,0.0017974302
-0.19264278,-0.24753214,-0.015290057,0.050084066,0.0,0.45067894,0.29060924,0.0,0.0,0.0,0.0,0.0305087,0.0,0.0,0.069534674,0.04522748,0.0,0.0,0.3437059,0.0,0.14144099,0.26211238,0.6430159,0.0,0.19923072,0.49526286,0.17660984,0.13663077,0.0,0.5378898,0.0,0.0,0.6421258,0.46047637,0.23010436,0.0,0.0,0.40040836,0.45290044,0.33874857,0.53555834,0.64935464,0.52123755,0.0,0.40571743,0.0,0.42996597,0.45637518,0.35185802,0.33832562,0.0,0.2724802,0.0,0.0,0.5095137,0.22198682,0.07177709,0.0,0.0,0.0,0.0,0.0,0.0,0.0,0.40570176,0.0,0.46552253,-0.15839493,0.08626011,0.12796366
-2.720939,-0.2295671,2.4447439,0.0,0.0,0.26341665,0.0,2.22654,0.058100164,2.0028234,1.4703672,0.0,0.0,0.0,1.0794467,0.0,0.0,1.8558407,0.0,0.0,0.0,0.7683085,2.912915,0.0,2.3356807,1.4989355,0.0,2.0710633,0.22458774,0.17452914,1.2745513,0.0,0.46803406,1.1553994,0.0,0.0,0.0,0.52247316,0.7408353,0.9187012,0.0,2.7941291,2.1928234,0.0,1.6723135,0.0,2.5854766,2.064161,0.0,1.4531286,0.0,1.620751,0.0,0.0,0.35550427,0.0,1.3077149,0.0,0.0,0.0,0.0,0.0,0.0,0.0,0.14466867,0.0,0.0,1.2785591,2.2107918,-1.5172968
1.0619295,-0.64879125,-1.7047518,0.16847259,1.0003637,0.6806241,1.0924346,0.0,0.0,0.0,0.0,1.152057,0.46075675,0.64472646,0.0,1.1838212,0.49281824,0.0,0.78736895,0.0,0.6215846,0.0,0.0,0.055994183,0.0,0.0,0.38101065,0.0,0.0,0.89256746,0.0,1.2708266,0.88182104,0.31403005,0.9232687,0.0,0.0,1.0681534,0.90452194,1.3406842,1.3325903,0.2897917,0.1880627,0.0,0.9504013,0.0,0.30745575,0.09952907,1.4008561,0.11451382,0.0,0.27996686,0.0,0.0,1.6455886,1.3533208,0.0,0.0,0.0,0.0,0.0,0.0,0.0,0.0,1.2118571,0.0,1.6338283,-1.3555076,-1.3043205,1.4356685
-0.2776094,-0.22767165,0.64902455,0.27017197,0.0,0.13606942,0.21933031,0.21771057,0.0,0.0,0.10599029,0.0,0.0,0.0,0.31448925,0.0,0.0,0.056820214,0.31582972,0.0,0.0,0.5446712,1.0894804,0.0,0.59226996,0.8323142,0.0,0.56040823,0.085217685,0.34486672,0.18809094,0.0,0.43710363,0.35650486,0.050422072,0.0,0.0,0.25665706,0.38041446,0.05907233,0.382711,0.9544846,0.81461257,0.0,0.52514607,0.0,0.9389167,0.80929315,0.11143563,0.6493391,0.056013957,0.738808,0.0,0.0,0.3837812,0.06865603,0.3906315,0.0,0.0,0.0,0.0,0.0,0.0,0.0,0.05198206,0.0,0.2329148,0.54810166,0.7281372,-0.38494602
-0.06988071,0.71326137,1.037464,0.0,0.0,0.1113756,0.562871,0.42794704,0.30400452,0.35626277,0.0,0.0,0.0,0.0,0.85402346,0.0,0.0,0.36657682,0.95923996,0.07109967,0.0,1.0358257,1.018793,0.0,0.28355625,1.3067514,0.17059448,1.2326686,0.6863709,0.12096712,0.262852,0.0,0.26683816,0.0,0.0,0.0,0.0,0.56364524,0.74383223,0.11634502,0.5386101,1.2241426,1.2847002,0.0,0.000611715,0.0,1.3243403,1.0683061,0.17226104,1.1168634,0.0,1.1707449,0.0,0.0,0.0,0.46675885,1.0380803,0.0,0.0,0.0,0.0,0.0,0.0,0.0,0.043783464,0.0,0.08690541,1.1455561,0.685354,-1.0843855
-0.26328504,-1.4817499,-0.046896063,0.76036966,0.0,0.13441104,0.0,0.0,0.0,0.0,0.69226086,0.6151139,0.18491608,0.2780633,0.0,0.57883376,0.0,0.0,0.0,0.0,0.4194077,0.0,0.98956513,0.24118167,0.81642616,0.13882607,0.0,0.0,0.0,0.6525596,0.0,0.3696071,0.6480621,0.81481147,0.8800119,0.0,0.0,0.108724855,0.05806555,0.4342087,0.43818012,0.8656129,0.6541263,0.0,1.3554428,0.0,0.9257772,0.50171906,0.58455676,0.3557968,0.0,0.64563155,0.0,0.0,1.4574388,0.0,0.0,0.0,0.0,0.0,0.0,0.0,0.0,0.0,0.47052005,0.0,0.92037964,-0.24753676,0.6366165,0.72676396
-0.72720784,-1.0852361,-0.4442222,0.14921008,0.0,0.674558,0.0,0.0,0.0,0.0,0.3954444,0.15700164,0.064603716,0.6091674,0.0,0.17601041,0.0,0.0,0.0,0.0,0.5470751,0.0,0.7471903,0.3674031,0.52999055,0.0,0.07912885,0.0,0.0,0.8176887,0.0,0.17668493,0.9148065,1.0210403,0.74771106,0.0,0.0,0.42606965,0.4418617,0.86947745,0.66618174,0.89652574,0.3126858,0.0,1.2940809,0.0,0.35786307,0.2071314,0.5825029,0.0657628,0.0,0.027741842,0.0,0.0,1.215824,0.077276975,0.0,0.0,0.0,0.0,0.0,0.0,0.0,0.0,0.83159626,0.0,0.73243105,-0.96001697,0.02581516,0.81588244
-0.052842434,0.13024984,0.6744463,0.16200326,0.0,0.12726241,0.45171732,0.17283179,0.0,0.0,0.0,0.0,0.0,0.0,0.46874318,0.0,0.0,0.061445862,0.6389824,0.0,0.0,0.71132433,0.94402444,0.0,0.36224082,0.9651891,0.021534786,0.7168265,0.29566398,0.2745598,0.14545237,0.0,0.37571013,0.15197058,0.0,0.0,0.0,0.33103848,0.48291135,0.005922571,0.49147287,0.9454144,0.88100886,0.0,0.27830574,0.0,0.9893512,0.8213558,0.2141039,0.7575476,0.0070417635,0.83006567,0.0,0.0,0.1857807,0.24901591,0.58673644,0.0,0.0,0.0,0.0,0.0,0.0,0.0,0.027824275,0.0,0.24174877,0.7264677,0.6011827,-0.5525093
0.7302922,1.0481994,-0.21412063,0.0,1.037398,0.52675974,1.2136644,0.0,0.17378512,0.0,0.0,0.0,0.0,0.0,0.5204083,0.011274951,0.4756226,0.0,1.5700712,0.0,0.0,0.7612509,0.0,0.0,0.0,0.838531,0.6959541,0.5089454,0.30292183,0.35591966,0.0,0.0,0.49072713,0.0,0.0,0.0,0.0,1.168365,1.1800208,0.584712,1.0302764,0.5926567,0.6983714,0.0,0.0,0.0,0.49651837,0.53142285,0.56642807,0.6238331,0.0,0.6158269,0.0,0.0,0.2732301,1.1385895,0.83781314,0.0,0.0,0.0,0.0,0.0,0.0,0.0,0.41191,0.0,0.7009762,0.09333313,-0.679833,-0.308365
0.013558262,-0.6579816,0.036081392,0.41400975,0.0,0.2089312,0.33479378,0.0,0.0,0.0,0.08439916,0.36303905,0.0,0.0,0.0,0.34887677,0.0,0.0,0.22805798,0.0,0.17699687,0.21689206,0.73587203,0.0,0.37189212,0.4322562,0.0,0.0,0.0,0.5209167,0.0,0.06097184,0.5620458,0.45469627,0.4425285,0.0,0.0,0.20364591,0.19787076,0.158833,0.45997846,0.6398991,0.65156615,0.0,0.5668516,0.0,0.698172,0.52675116,0.436442,0.4033091,0.0,0.47009575,0.0,0.0,0.7460546,0.1751814,0.0,0.0,0.0,0.0,0.0,0.0,0.0,0.0,0.32005507,0.0,0.61999154,0.036940515,0.35949802,0.26733539
-0.76402175,0.062487707,-0.23814005,0.0,0.0,0.9193094,0.0,0.27185845,0.0,0.11468497,0.0,0.0,0.0,0.1397064,0.16198425,0.0,0.0,0.014520884,0.20140588,0.0,0.24267048,0.11553624,0.56685597,0.0,0.0867989,0.40543103,0.607016,0.2612685,0.0,0.6726502,0.0,0.0,0.8758142,0.7036985,0.09426499,0.0,0.0,0.6986726,0.7374172,0.70799804,0.5342549,0.70695645,0.46628243,0.0,0.5567839,0.0,0.15952751,0.379861,0.3703948,0.14076932,0.0,0.028669635,0.0,0.0,0.5894127,0.28798342,0.0,0.0,0.0,0.0,0.0,0.0,0.0,0.0,0.73243296,0.0,0.44089794,-0.6625719,-0.23990668,0.23369104
-1.0493045,0.32733124,0.8186972,0.0,0.0,0.5552167,0.0,0.8418148,0.0,0.7272867,0.0036483407,0.0,0.0,0.0,0.6635002,0.0,0.0,0.62231445,0.20507956,0.0,0.0,0.59599996,1.2521467,0.0,0.64027745,0.98898983,0.34424317,1.0801241,0.025697663,0.37138504,0.33431846,0.0,0.59386414,0.55128974,0.0,0.0,0.0,0.68084174,0.75043726,0.58204496,0.3032897,1.3245034,1.0461199,0.0,0.48816293,0.0,0.999554,1.0426563,0.0519253,0.7183989,0.0,0.57746834,0.0,0.0,0.2132038,0.15856618,0.5504641,0.0,0.0,0.0,0.0,0.0,0.0,0.0,0.422963,0.0,0.051248655,0.30035403,0.6070289,-0.70682365
0.24280287,-1.1866423,-1.2521403,0.31571507,0.08437627,0.6450778,0.40489817,0.0,0.0,0.0,0.0,0.87800545,0.40773323,0.814328,0.0,0.8949365,0.0,0.0,0.043799877,0.0,0.70105976,0.0,0.0,0.3649329,0.0,0.0,0.1197094,0.0,0.0,0.92237735,0.0,0.98362917,0.9331673,0.7498384,1.0506432,0.0,0.0,0.5742581,0.46153903,1.0729146,0.9623147,0.63436204,0.2182166,0.0,1.2253605,0.0,0.25067708,0.062102854,1.3177379,0.09162381,0.0,0.019056613,0.0,0.0,1.5289876,0.70530146,0.0,0.0,0.0,0.0,0.0,0.0,0.0,0.0,1.1763495,0.0,1.2422887,-1.2949927,-0.63330156,1.3736527
0.15955757,0.27702093,0.32122874,0.023437545,0.02818268,0.2659721,0.6382258,0.0,0.0,0.0,0.0,0.0,0.0,0.0,0.39847702,0.0,0.0,0.0,0.83318603,0.0,0.0,0.6455524,0.6169099,0.0,0.02559811,0.84575105,0.20148352,0.54139876,0.19634429,0.3389998,0.0,0.0,0.44344902,0.08675417,0.0,0.0,0.0,0.46808773,0.58046603,0.10903908,0.6175305,0.74527466,0.7344371,0.0,0.067623734,0.0,0.66881835,0.6280254,0.362921,0.62060577,0.0,0.62188137,0.0,0.0,0.13652906,0.422112,0.53459096,0.0,0.0,0.0,0.0,0.0,0.0,0.0,0.18561822,0.0,0.36797982,0.4337616,0.16437447,-0.3732001
0.82887024,0.050853353,-0.85757595,0.0,0.8418493,0.5348728,1.0709693,0.0,0.0,0.0,0.0,0.5835767,0.043904513,0.0,0.0,0.61383593,0.40067112,0.0,1.059971,0.0,0.21655649,0.21254091,0.0,0.0,0.0,0.24991867,0.43149024,0.0,0.0,0.6146995,0.0,0.46681195,0.66628754,0.07010673,0.3350469,0.0,0.0,0.88123006,0.8031997,0.7630908,1.0206184,0.24127969,0.41944206,0.0,0.28221488,0.0,0.27167648,0.2831406,0.8494768,0.2646469,0.0,0.32230926,0.0,0.0,0.82471323,1.028565,0.23071638,0.0,0.0,0.0,0.0,0.0,0.0,0.0,0.7032067,0.0,1.0548805,-0.5578408,-0.8653655,0.57571435
0.030269705,-1.5502086,0.5525925,1.1770903,0.0,0.0,0.12852505,0.0,0.0,0.0,0.8892603,0.7843545,0.13758382,0.0,0.0,0.70407134,0.0,0.0,0.0,0.36960423,0.17929155,0.19739404,1.3162987,0.0,1.1048409,0.45806605,0.0,0.0,0.0,0.42687172,0.18339415,0.2490957,0.36335438,0.5646832,0.7818457,0.0,0.0,0.0,0.0,0.0,0.21377063,0.88440365,1.05194,0.0,1.161526,0.0,1.466204,0.8789023,0.26721644,0.5161634,0.0,1.3190533,0.0,0.0,1.4697176,0.0,0.10809867,0.0,0.0,0.0,0.0,0.0,0.0,0.0,0.0,0.0,0.8466251,0.6119003,1.1559298,0.23789787
-2.0188196,1.985831,1.897412,0.0,0.0,0.8988379,0.0,2.1178544,1.3119689,2.4021199,0.0,0.0,0.0,0.0,1.8285481,0.0,0.0,1.9258747,0.6123727,0.0,0.0,1.3215451,1.7446,0.0,0.7144537,1.8887523,1.0095046,2.7387946,0.78026175,0.06472495,0.817702,0.0,0.51226217,0.3695252,0.0,0.0,0.0,1.6968017,1.7358459,1.261831,0.16489768,2.4971147,2.3848574,0.0,0.0,0.0,1.906795,2.0351224,0.0,1.806138,0.0,1.3847853,0.0872254,0.0,0.0,0.6669209,1.7354956,0.0,0.0,0.0,0.0,0.0,0.0,0.0,0.8696673,0.0,0.0,1.0358888,0.8492828,-2.1493568
0.72845626,2.2992227,0.7759573,0.0,1.2238182,0.36309838,1.46972,0.22109394,1.2448492,0.49665722,0.0,0.0,0.0,0.0,1.4186416,0.0,0.6016289,0.3327218,2.2786913,0.0,0.0,1.5601807,0.18630138,0.0,0.0,1.6832634,0.90897614,1.7363526,1.292954,0.0,0.0,0.0,0.17548856,0.0,0.0,0.0,0.0,1.6902895,1.9046795,0.5827397,1.1907164,1.2596802,1.5927496,0.0,0.0,0.0,1.3451247,0.9841002,0.46144453,1.6423782,0.0,1.5352347,0.0,0.0,0.0,1.7591292,1.9081874,0.0,0.0,0.0,0.0,0.0,0.0,0.0,0.4096242,0.0,0.42032945,1.117233,-0.387051,-1.4622958
-0.2059996,-0.25091246,0.055549722,0.07499714,0.0,0.41743362,0.27885872,0.0,0.0,0.0,0.0,0.018184211,0.0,0.0,0.09347058,0.02976847,0.0,0.0,0.3353118,0.0,0.11947114,0.28965807,0.69334066,0.0,0.24514745,0.5292762,0.14608467,0.17980208,0.0,0.5183985,0.0,0.0,0.6212956,0.45285517,0.21360186,0.0,0.0,0.38177416,0.443667,0.3014674,0.52056205,0.68042386,0.5390454,0.0,0.4104916,0.0,0.47904545,0.4879602,0.3282385,0.3683172,0.0,0.31294525,0.0,0.0,0.4954083,0.2010762,0.098221004,0.0,0.0,0.0,0.0,0.0,0.0,0.0,0.36636353,0.0,0.44,-0.086829595,0.15052444,0.07719476
0.054845627,0.97397023,0.86323476,0.0,0.09678701,0.22653186,0.7112077,0.35464305,0.42104545,0.34425548,0.0,0.0,0.0,0.0,0.9015219,0.0,0.0,0.31345364,1.1710823,0.0,0.0,1.0618013,0.7989584,0.0,0.017881729,1.3007004,0.35408956,1.2378694,0.6981391,0.13530445,0.15785213,0.0,0.29856926,0.0,0.0,0.0,0.0,0.7545654,0.9101934,0.18928364,0.63628817,1.148778,1.2664111,0.0,0.0,0.0,1.1552194,0.9765954,0.28392935,1.1317035,0.0,1.1011652,0.0,0.0,0.0,0.67670876,1.0937967,0.0,0.0,0.0,0.0,0.0,0.0,0.0,0.19120544,0.0,0.17133789,0.98315716,0.38874555,-1.0283437
-0.67501867,-0.91613156,1.536593,0.87467337,0.0,0.0,0.0,0.59115046,0.0,0.14670384,1.0281236,0.0,0.0,0.0,0.34179956,0.0,0.0,0.39249292,0.0,0.42592382,0.0,0.65108955,1.9645259,0.0,1.557064,1.060348,0.0,0.81527805,0.30312026,0.18586642,0.65124005,0.0,0.22467682,0.5359888,0.16997166,0.0,0.0,0.0,0.0,0.0,0.012588739,1.5017678,1.4287304,0.0,1.2107723,0.0,1.9049306,1.3663119,0.0,0.8977833,0.04753183,1.6768589,0.0,0.0,0.84219605,0.0,0.7346432,0.0,0.0,0.0,0.0,0.0,0.0,0.0,0.0,0.0,0.16420904,1.2535099,1.757295,-0.6405089
0.34956932,-0.86520046,-0.29208866,0.55726874,0.0,0.17389774,0.52337193,0.0,0.0,0.0,0.007473916,0.7039882,0.14046833,0.02349934,0.0,0.6837832,0.0,0.0,0.29261404,0.0,0.28290328,0.09066641,0.49112517,0.0,0.18921074,0.24298641,0.0,0.0,0.0,0.58516145,0.0,0.4424814,0.58168614,0.41465676,0.64948577,0.0,0.0,0.26039436,0.17595369,0.25942516,0.57633764,0.551627,0.6158611,0.0,0.6256821,0.0,0.69342506,0.4544847,0.7786361,0.4095078,0.0,0.48424065,0.0,0.0,0.9963582,0.38947684,0.0,0.0,0.0,0.0,0.0,0.0,0.0,0.0,0.49133542,0.0,0.9002436,-0.14125751,0.1216445,0.57730484
-2.9283164,-0.44219524,2.3938992,0.0,0.0,0.3211137,0.0,2.2843812,0.0,2.0209281,1.6532959,0.0,0.0,0.0,0.9796169,0.0,0.0,1.8728395,0.0,0.0,0.0,0.6358333,2.9962916,0.0,2.4737988,1.3940233,0.0,1.9698126,0.04535009,0.23890027,1.2956042,0.0,0.5363241,1.3199869,0.0,0.0,0.0,0.52365476,0.73790246,0.9896153,0.0,2.8147664,2.1543517,0.0,1.8649768,0.0,2.5692198,2.038262,0.0,1.3796065,0.0,1.5612477,0.0,0.0,0.5012291,0.0,1.2433143,0.0,0.0,0.0,0.0,0.0,0.0,0.0,0.1918059,0.0,0.0,1.1442164,2.20774,-1.3991851
0.03794238,2.014767,0.05001798,0.0,1.2017685,0.98100454,0.9594368,0.3225333,0.84423923,0.5821408,0.0,0.0,0.0,0.0,1.0798112,0.0,0.3064854,0.28964683,1.7335863,0.0,0.0,0.99095476,0.0,0.0,0.0,1.1628655,1.2873158,1.2794864,0.45253098,0.30957133,0.0,0.0,0.6019427,0.0,0.0,0.0,0.0,1.8279264,1.7489063,0.94255406,1.0536432,1.0355772,1.104773,0.0,0.0,0.0,0.52369905,0.83326507,0.5580509,0.91653156,0.0,0.8412194,0.0,0.0,0.0,1.5143045,1.2632751,0.0,0.0,0.0,0.0,0.0,0.0,0.0,0.81223005,0.0,0.4987117,0.098557286,-0.8935782,-0.88532394
0.5950198,0.9723481,-0.1441478,0.0,0.89685196,0.5273025,1.1032093,0.0,0.14323243,0.0,0.0,0.0,0.0,0.0,0.5189989,0.0,0.3796305,0.0,1.454463,0.0,0.0,0.73887026,0.0022386909,0.0,0.0,0.83991367,0.6619102,0.53658754,0.27045122,0.3613279,0.0,0.0,0.50109196,0.0,0.0,0.0,0.0,1.0905907,1.0981343,0.52892464,0.9653212,0.62128913,0.6865513,0.0,0.0,0.0,0.4695539,0.53467095,0.56233364,0.6021043,0.0,0.59372836,0.0,0.0,0.2496671,1.0515621,0.7903847,0.0,0.0,0.0,0.0,0.0,0.0,0.0,0.4009462,0.0,0.651724,0.103263475,-0.59644437,-0.30575955
-0.58031714,0.29084235,0.7096502,0.0,0.0,0.39266038,0.13154429,0.52561164,0.0,0.38595292,0.0,0.0,0.0,0.0,0.58240163,0.0,0.0,0.35771993,0.4402396,0.0,0.0,0.64792013,1.0646961,0.0,0.45800373,0.971871,0.24126175,0.91291064,0.14168772,0.33422565,0.22511442,0.0,0.50638473,0.35771176,0.0,0.0,0.0,0.5540611,0.65723825,0.36193484,0.40280437,1.1046978,0.94201046,0.0,0.36161673,0.0,0.93194276,0.906191,0.14131176,0.7083778,0.0,0.654463,0.0,0.0,0.18560332,0.21886738,0.5460449,0.0,0.0,0.0,0.0,0.0,0.0,0.0,0.27963367,0.0,0.12957203,0.4274047,0.5220791,-0.6104907
1.0773569,0.4372499,-0.2147995,0.117225505,0.8007304,0.1905426,1.3086509,0.0,0.0,0.0,0.0,0.490515,0.0,0.0,0.22992103,0.49674767,0.5108695,0.0,1.4190279,0.011930853,0.0,0.6689553,0.0,0.0,0.0,0.70936555,0.27161133,0.1377666,0.2782901,0.34814757,0.0,0.09667732,0.38736597,0.0,0.0,0.0,0.0,0.71679175,0.79812276,0.30925733,0.95767057,0.35872746,0.75429153,0.0,0.0,0.0,0.6939057,0.44169927,0.6552855,0.5975427,0.0,0.6421326,0.0,0.0,0.43386254,1.0317289,0.67818165,0.0,0.0,0.0,0.0,0.0,0.0,0.0,0.28215626,0.0,0.80974805,0.28114986,-0.43722224,-0.0447954
1.0431355,-2.7322226,-3.0911813,0.87018436,0.52804106,0.8213192,0.6439601,0.0,0.0,0.0,0.016623825,2.3090818,1.3682387,2.2189727,0.0,2.3167162,0.23046638,0.0,0.0,0.0,1.5406216,0.0,0.0,1.2884055,0.0,0.0,0.0,0.0,0.0,1.4814314,0.0,2.860968,1.3225706,1.1444049,2.3565137,0.0,0.0,0.9244022,0.7717126,2.3584757,1.9827096,0.7973633,0.0,0.0,2.7195501,0.0,0.76129746,0.0,2.8060544,0.12400334,0.0,0.19172738,0.0,0.0,3.424938,1.560465,0.0,0.0,0.0,0.0,0.0,0.0,0.0,0.0,2.237776,0.0,2.6209836,-2.6311696,-1.5142964,3.133668
0.94104445,0.9241244,-0.52962923,0.0,1.2287545,0.5657403,1.33634,0.0,0.0097566545,0.0,0.0,0.18402414,0.0,0.0,0.3435465,0.23287548,0.6029384,0.0,1.6126062,0.0,0.0,0.6347248,0.0,0.0,0.0,0.66519314,0.71462804,0.21940146,0.15205899,0.4295846,0.0,0.0,0.54078394,0.0,0.0,0.0,0.0,1.1894231,1.153163,0.68888664,1.111909,0.39415735,0.6100786,0.0,0.0,0.0,0.42081296,0.45609483,0.6272243,0.4599167,0.0,0.48823172,0.0,0.0,0.45279655,1.2126956,0.7129515,0.0,0.0,0.0,0.0,0.0,0.0,0.0,0.48011807,0.0,0.870326,-0.119838245,-0.8857887,-0.043269508
0.4521321,-0.07409574,-0.8941734,0.0,0.63839763,0.68687654,0.789443,0.0,0.0,0.0,0.0,0.41518736,0.028956175,0.1568673,0.0,0.4561966,0.1895672,0.0,0.7835404,0.0,0.31313163,0.071321845,0.0,0.0,0.0,0.15840286,0.48898187,0.0,0.0,0.6945741,0.0,0.3886088,0.7762153,0.29095477,0.39037442,0.0,0.0,0.8644504,0.7474462,0.8339461,0.9448761,0.37504786,0.34252036,0.0,0.45368642,0.0,0.09867065,0.22021893,0.82384515,0.13246405,0.0,0.13284917,0.0,0.0,0.8380814,0.857791,0.06529789,0.0,0.0,0.0,0.0,0.0,0.0,0.0,0.80725235,0.0,0.97770536,-0.81680286,-0.8170246,0.6747389
-0.70151675,0.37854293,1.043095,0.0,0.0,0.29301718,0.060486406,0.7244581,0.08188495,0.6005465,0.0,0.0,0.0,0.0,0.7442621,0.0,0.0,0.5647547,0.4266332,0.0,0.0,0.79330516,1.288214,0.0,0.6397775,1.1538742,0.16944562,1.1789045,0.33168444,0.24375005,0.37453276,0.0,0.4257645,0.3235899,0.0,0.0,0.0,0.5486828,0.67732996,0.37059402,0.3329339,1.3356516,1.1745229,0.0,0.3836164,0.0,1.2284296,1.119326,0.038304105,0.90702623,0.0,0.8666036,0.0,0.0,0.07750128,0.16908674,0.71507007,0.0,0.0,0.0,0.0,0.0,0.0,0.0,0.20031358,0.0,0.0,0.7229121,0.81987554,-0.9130949
0.17124346,0.9783664,0.41377813,0.0,0.40779975,0.41820368,0.80322725,0.14041524,0.29779354,0.1396336,0.0,0.0,0.0,0.0,0.740291,0.0,0.08052078,0.0888575,1.2321517,0.0,0.0,0.88966787,0.47587556,0.0,0.0,1.0835783,0.5296533,0.9497106,0.45641834,0.2553025,0.0,0.0,0.4220224,0.0,0.0,0.0,0.0,0.8989772,0.9838571,0.3061502,0.7731277,0.90215456,0.96167994,0.0,0.0,0.0,0.78221786,0.7582184,0.41294453,0.84847236,0.0,0.85607356,0.0,0.0,0.0010985517,0.8327524,0.9137172,0.0,0.0,0.0,0.0,0.0,0.0,0.0,0.31569302,0.0,0.38433993,0.5507003,-0.07922764,-0.70245135
-0.73467064,-0.4025279,-0.065033115,0.0,0.0,0.6751285,0.0,0.21109189,0.0,0.0,0.07632175,0.0,0.0,0.14970195,0.014844701,0.0,0.0,0.0,0.0,0.0,0.27423128,0.06729996,0.8017096,0.0,0.40805456,0.3717699,0.27119905,0.12465165,0.0,0.6500273,0.0,0.0,0.79975843,0.7713103,0.29602373,0.0,0.0,0.4518937,0.5310069,0.5938865,0.4831307,0.73075306,0.43268752,0.0,0.747687,0.0,0.35650042,0.3883305,0.26595598,0.17778534,0.0,0.115323216,0.0,0.0,0.72648066,0.12628445,0.0,0.0,0.0,0.0,0.0,0.0,0.0,0.0,0.58900416,0.0,0.46216065,-0.5112012,0.07087283,0.29990974
-0.58622384,-0.18897124,0.31515408,0.0,0.0,0.4663707,0.029289782,0.29580736,0.0,0.055351526,0.035774976,0.0,0.0,0.0,0.2331362,0.0,0.0,0.078795046,0.16467026,0.0,0.07442978,0.33333385,0.9467489,0.0,0.4741897,0.63963187,0.16822258,0.4344693,0.0,0.4932767,0.09184854,0.0,0.63410616,0.56553626,0.09742585,0.0,0.0,0.40959507,0.5272653,0.37078696,0.418357,0.83807504,0.62488604,0.0,0.5537005,0.0,0.61102176,0.6136221,0.16312018,0.42122036,0.0,0.38486022,0.0,0.0,0.47240025,0.1299934,0.17740169,0.0,0.0,0.0,0.0,0.0,0.0,0.0,0.36235812,0.0,0.26883858,-0.006028479,0.3349179,-0.11468092
-0.45064422,-0.7226676,0.66534597,0.50222886,0.0,0.0585621,0.0,0.21659635,0.0,0.0,0.49857074,0.055846512,0.0,0.0,0.11115074,0.025624255,0.0,0.0077171028,0.0,0.0,0.042118393,0.36985162,1.286475,0.0,0.89900184,0.689224,0.0,0.35049444,0.0,0.4046109,0.24876569,0.0,0.46785498,0.5621816,0.2965272,0.0,0.0,0.08603412,0.14784704,0.07426584,0.21675278,1.01417,0.837183,0.0,0.92392635,0.0,1.0285178,0.81613386,0.009260118,0.5725244,0.03278519,0.8223997,0.0,0.0,0.7199899,0.0,0.16592193,0.0,0.0,0.0,0.0,0.0,0.0,0.0,0.023839265,0.0,0.33465093,0.47669515,1.0038973,-0.1598843
-1.6217542,-0.41955334,0.7417005,0.0,0.0,0.63297343,0.0,0.9876994,0.0,0.723951,0.642455,0.0,0.0,0.0,0.33922917,0.0,0.0,0.6503626,0.0,0.0,0.13249308,0.21303697,1.5682838,0.013307333,1.1371869,0.6887199,0.1443859,0.75772405,0.0,0.54170215,0.4280666,0.0,0.7575785,1.0329331,0.059549455,0.0,0.0,0.46265164,0.63894475,0.71557456,0.20499283,1.4573686,1.0347981,0.0,1.1509914,0.0,1.1105217,0.9510529,0.0,0.5830341,0.0,0.5837646,0.0,0.0,0.6421025,0.0,0.37030795,0.0,0.0,0.0,0.0,0.0,0.0,0.0,0.47019425,0.0,0.17150474,0.05800625,0.8871538,-0.3675662
0.41239625,-0.32628053,-0.33875242,0.23681143,0.14410757,0.3302753,0.68975735,0.0,0.0,0.0,0.0,0.47352645,0.0,0.0,0.0,0.477342,0.024506897,0.0,0.62732446,0.0,0.17771842,0.23834051,0.2920769,0.0,0.0,0.37094766,0.11079088,0.0,0.0,0.548719,0.0,0.23827471,0.5913683,0.257266,0.3823439,0.0,0.0,0.41702124,0.37246436,0.29874158,0.67257977,0.45856768,0.5886531,0.0,0.35773093,0.0,0.47913474,0.39729798,0.6763971,0.37303525,0.0,0.37439486,0.0,0.0,0.64768434,0.52620655,0.11491048,0.0,0.0,0.0,0.0,0.0,0.0,0.0,0.48702547,0.0,0.75684303,-0.1484936,-0.1363642,0.3654688
-0.7658312,-1.4530146,0.104674764,0.5800764,0.0,0.28678882,0.0,0.057792068,0.0,0.0,0.8690988,0.2751963,0.066004395,0.360601,0.0,0.25211272,0.0,0.0,0.0,0.0,0.43775198,0.0,1.2157712,0.3380866,1.03665,0.17217067,0.0,0.0,0.0,0.68245995,0.10569094,0.08356254,0.7296915,1.0175667,0.8018267,0.0,0.0,0.1353207,0.15447187,0.50960207,0.44577527,1.0736563,0.63862795,0.0,1.5218582,0.0,0.91075414,0.5319474,0.3502838,0.3078829,0.0,0.5649149,0.0,0.0,1.3932636,0.0,0.0,0.0,0.0,0.0,0.0,0.0,0.0,0.0,0.45231178,0.0,0.7636664,-0.29578987,0.73092365,0.59467745
1.4625132,-1.9107339,-1.1494772,1.3447663,0.0618458,0.0,1.0598085,0.0,0.0,0.0,0.086876124,1.996955,0.80751395,0.48958814,0.0,1.9293075,0.3191415,0.0,0.30854407,0.21511984,0.6280885,0.0,0.0,0.22057122,0.0,0.0,0.0,0.0,0.0,0.75447303,0.0,1.7693182,0.56110555,0.32499444,1.4658518,0.0,0.0,0.32040823,0.0647583,0.65618634,0.97028565,0.38540927,0.6311124,0.0,1.1504536,0.0,1.1708982,0.36260375,1.818758,0.52642196,0.0,0.9229769,0.0,0.0,2.2404637,1.033898,0.0,0.0,0.0,0.0,0.0,0.0,0.0,0.0,0.882263,0.009196645,1.9018323,-0.4987931,-0.29692912,1.6447732
0.31691724,1.0646995,0.6739412,0.0,0.36605898,0.23785861,0.9138932,0.15983607,0.42946282,0.16540158,0.0,0.0,0.0,0.0,0.86067426,0.0,0.1318055,0.14625129,1.3630612,0.0,0.0,1.0651072,0.580009,0.0,0.0,1.2553161,0.4147358,1.1236284,0.71052223,0.1456694,0.037300974,0.0,0.29584622,0.0,0.0,0.0,0.0,0.85099244,1.0161515,0.20219523,0.7851038,1.0073794,1.1469238,0.0,0.0,0.0,1.0512897,0.8428515,0.36418337,1.0850638,0.0,1.0759709,0.0,0.0,0.0,0.8701994,1.1161743,0.0,0.0,0.0,0.0,0.0,0.0,0.0,0.19846238,0.0,0.32392043,0.88268864,0.1274317,-0.91353995
0.3344638,1.8177229,1.7785077,0.0,0.18859144,0.0,1.0664396,0.6750383,1.2198237,0.8238754,0.0,0.0,0.0,0.0,1.5773422,0.0,0.13642733,0.7670741,1.8055949,0.48415095,0.0,1.7778264,1.0763535,0.0,0.035974197,2.0264115,0.30410725,2.1643257,1.6445117,0.0,0.44541192,0.0,0.0,0.0,0.0,0.0,0.0,1.0201464,1.3322085,0.15297213,0.8032359,1.8106694,2.23741,0.0,0.0,0.0,2.237332,1.4586039,0.12800428,1.9865211,0.0,2.0720263,0.0,0.0,0.0,1.1359326,2.155789,0.0,0.0,0.0,0.0,0.0,0.0,0.0,0.0,0.0,0.0,2.140629,0.95097566,-2.0184398
-0.68820053,-1.2091323,0.62303334,0.6764178,0.0,0.044211388,0.0,0.2355708,0.0,0.0,0.8804704,0.1580168,0.0,0.0,0.0,0.117261425,0.0,0.0,0.0,0.0,0.19431561,0.15596688,1.4607165,0.054576844,1.1871797,0.5116928,0.0,0.12117492,0.0,0.49190587,0.2938972,0.0,0.5359705,0.8090975,0.5494557,0.0,0.0,0.004723903,0.03722675,0.1453843,0.19782525,1.105528,0.8914603,0.0,1.326771,0.0,1.1851919,0.8274181,0.007404238,0.5281983,0.0,0.9256286,0.0,0.0,1.1057956,0.0,0.011919543,0.0,0.0,0.0,0.0,0.0,0.0,0.0,0.06856772,0.0,0.5388645,0.36790988,1.1700279,0.09508441
0.39124098,-0.05108527,-0.06380459,0.17091165,0.14356473,0.27273774,0.7304963,0.0,0.0,0.0,0.0,0.29856023,0.0,0.0,0.1059451,0.30194056,0.032786235,0.0,0.7724927,0.0,0.027911957,0.4347252,0.39782768,0.0,0.0,0.5839126,0.13731839,0.10318543,0.0,0.4463331,0.0,0.0,0.50791097,0.13963784,0.16902764,0.0,0.0,0.42674592,0.43640152,0.1644075,0.65096927,0.51163846,0.6671131,0.0,0.17481235,0.0,0.5470431,0.49360675,0.5106542,0.45769006,0.0,0.44830418,0.0,0.0,0.38409287,0.50238955,0.3105309,0.0,0.0,0.0,0.0,0.0,0.0,0.0,0.32015175,0.0,0.5673513,0.14894786,-0.023984432,0.02569323
2.3225956,-0.7513254,-0.71651787,1.1958965,0.85705006,0.0,1.8918422,0.0,0.0,0.0,0.0,1.9097613,0.5044348,0.0,0.0,1.8394725,0.9440096,0.0,1.4315836,0.6807869,0.104291126,0.40068036,0.0,0.0,0.0,0.26068756,0.0,0.0,0.14484888,0.39791578,0.0,1.3826951,0.20699868,0.0,0.7954793,0.0,0.0,0.54467005,0.40218958,0.36443132,1.2099613,0.009272501,0.96220493,0.0,0.30629468,0.0,1.6157507,0.50398123,1.4211508,0.75087655,0.0,1.3664658,0.0,0.0,1.8538979,1.4791874,0.69094676,0.0,0.0,0.0,0.0,0.0,0.0,0.0,0.34620792,0.032518744,1.7480972,0.48044354,-0.43662333,0.8809053
-0.935978,1.3260832,1.6411808,0.0,0.0,0.3556952,0.10145602,1.2618895,0.84502935,1.3528657,0.0,0.0,0.0,0.0,1.3851566,0.0,0.0,1.1575845,0.8340183,0.0,0.0,1.2753453,1.471087,0.0,0.577521,1.6917112,0.46689004,2.0588655,0.885106,0.024059385,0.59795463,0.0,0.30079874,0.06977187,0.0,0.0,0.0,1.0379684,1.1753541,0.6064663,0.3065847,1.8833641,1.9093289,0.0,0.017161876,0.0,1.7497638,1.6264116,0.0,1.5560867,0.0,1.4229969,0.0,0.0,0.0,0.48574376,1.4125366,0.0,0.0,0.0,0.0,0.0,0.0,0.0,0.33896905,0.0,0.0,1.2937739,0.96648383,-1.7139065
0.5141236,-0.074036896,-0.8890392,0.0,0.6598517,0.65628004,0.83112425,0.0,0.0,0.0,0.0,0.4533666,0.037914604,0.12938929,0.0,0.49173245,0.21979465,0.0,0.81757194,0.0,0.30180398,0.08831686,0.0,0.0,0.0,0.16747656,0.46899706,0.0,0.0,0.68326354,0.0,0.41142184,0.7580393,0.26001185,0.3922155,0.0,0.0,0.85796905,0.7480763,0.8199988,0.95420146,0.35400414,0.35381797,0.0,0.4319291,0.0,0.1308226,0.2282489,0.8343307,0.15522753,0.0,0.16409124,0.0,0.0,0.8448589,0.882238,0.08555922,0.0,0.0,0.0,0.0,0.0,0.0,0.0,0.7932446,0.0,0.9943496,-0.7769447,-0.81882733,0.6688524
1.3733424,0.48545694,-0.80622274,0.0,1.2921858,0.39115888,1.5357229,0.0,0.0,0.0,0.0,0.69820595,0.0,0.0,0.028310433,0.7243837,0.76362324,0.0,1.6012633,0.0,0.024813868,0.4883742,0.0,0.0,0.0,0.44991082,0.4845671,0.0,0.03199345,0.48042205,0.0,0.46229064,0.5128047,0.0,0.122583166,0.0,0.0,1.0651873,1.0506178,0.760822,1.2376795,0.11189508,0.5475483,0.0,0.086370036,0.0,0.49335742,0.32491654,0.8230078,0.4403193,0.0,0.5184806,0.0,0.0,0.7602593,1.3602144,0.5785865,0.0,0.0,0.0,0.0,0.0,0.0,0.0,0.57278687,0.0,1.1389707,-0.25691205,-1.0462427,0.35976195
-1.6423839,0.5528447,1.6132606,0.0,0.0,0.45932522,0.0,1.4960254,0.33548936,1.4357686,0.31830823,0.0,0.0,0.0,1.0740225,0.0,0.0,1.2581621,0.015296578,0.0,0.0,0.8750833,1.8627069,0.0,1.1549963,1.395601,0.26860344,1.7763783,0.35526484,0.20225802,0.7324739,0.0,0.4826451,0.61227894,0.0,0.0,0.0,0.7485122,0.8857766,0.7335512,0.064304546,2.0217912,1.6758107,0.0,0.6544543,0.0,1.6869006,1.578085,0.0,1.208254,0.0,1.092189,0.0,0.0,0.0,0.06247863,1.0460074,0.0,0.0,0.0,0.0,0.0,0.0,0.0,0.36356282,0.0,0.0,0.86683476,1.2810978,-1.3648678
2.1641078,1.4937286,-0.36065215,0.0,1.9602627,0.093681365,2.2862403,0.0,0.44175735,0.0,0.0,0.6434723,0.0,0.0,0.58396816,0.6622912,1.3175207,0.0,2.6021256,0.27575332,0.0,1.1623645,0.0,0.0,0.0,1.0322345,0.5923834,0.3917176,0.93380433,0.14233989,0.0,0.112164274,0.16983548,0.0,0.0,0.0,0.0,1.4014897,1.6066002,0.64824206,1.6052997,0.28519833,1.1607459,0.0,0.0,0.0,1.3087888,0.5226127,0.68421483,1.0668103,0.0,1.2467128,0.0,0.0,0.56967276,1.9815949,1.5168269,0.0,0.0,0.0,0.0,0.0,0.0,0.0,0.2365346,0.0,1.1496693,0.706232,-0.9530159,-0.41639304
-0.48270163,-0.9350932,-0.2203691,0.25760153,0.0,0.48830104,0.0,0.0,0.0,0.0,0.31168926,0.21511194,0.014388591,0.31736743,0.0,0.22035442,0.0,0.0,0.0,0.0,0.40023452,0.0,0.78306586,0.16242021,0.5104199,0.17461827,0.0,0.0,0.0,0.69889855,0.0,0.1046602,0.77613616,0.81803966,0.62598747,0.0,0.0,0.28222948,0.29355577,0.5466159,0.51570195,0.7843235,0.43308437,0.0,1.0296996,0.0,0.4868893,0.3404771,0.47218823,0.18252334,0.0,0.19659735,0.0,0.0,1.0332187,0.036568433,0.0,0.0,0.0,0.0,0.0,0.0,0.0,0.0,0.6039371,0.0,0.6548331,-0.5388471,0.23615989,0.5875886
0.93693733,0.93031543,-0.12792781,0.0,0.9963347,0.35254884,1.3237962,0.0,0.12831727,0.0,0.0,0.14590442,0.0,0.0,0.48637238,0.1753527,0.5386608,0.0,1.6183826,0.0,0.0,0.8151212,0.0,0.0,0.0,0.87233406,0.5346507,0.46431202,0.41287214,0.30589455,0.0,0.0,0.404181,0.0,0.0,0.0,0.0,1.0271626,1.0933608,0.4666126,1.0370798,0.54829764,0.77842504,0.0,0.0,0.0,0.6621045,0.51888156,0.58498776,0.70060813,0.0,0.6961255,0.0,0.0,0.28188333,1.157472,0.8801044,0.0,0.0,0.0,0.0,0.0,0.0,0.0,0.32778275,0.0,0.7331164,0.26999664,-0.5611963,-0.30730748
-0.23242554,-0.021435963,-0.20812967,0.0,0.00034715794,0.6395302,0.32062823,0.0,0.0,0.0,0.0,0.0,0.0,0.0,0.10470996,0.0,0.0,0.0,0.4459461,0.0,0.16794208,0.2309344,0.46557492,0.0,0.0,0.45328307,0.39705455,0.1423765,0.0,0.58639973,0.0,0.0,0.72314245,0.46276087,0.15770018,0.0,0.0,0.5521968,0.57891,0.46246043,0.586916,0.6061267,0.47537407,0.0,0.33825094,0.0,0.23782977,0.39008054,0.42007524,0.26370072,0.0,0.16979176,0.0,0.0,0.4814069,0.31504864,0.08541629,0.0,0.0,0.0,0.0,0.0,0.0,0.0,0.5222345,0.0,0.49869657,-0.34923685,-0.15801634,0.1702573
0.9423986,-1.1735694,-1.4017358,0.55922115,0.4552826,0.4154993,0.883888,0.0,0.0,0.0,0.0,1.3193268,0.5450424,0.64175445,0.0,1.3172315,0.2659716,0.0,0.43242347,0.0,0.6430792,0.0,0.0,0.1903081,0.0,0.0,0.0,0.0,0.0,0.85778284,0.0,1.3293127,0.7994799,0.44116795,1.1164702,0.0,0.0,0.6336145,0.48695788,0.9823467,1.0928653,0.43747634,0.32063317,0.0,1.1323385,0.0,0.56711465,0.16010836,1.5085435,0.26378268,0.0,0.36789164,0.0,0.0,1.7351854,1.038006,0.0,0.0,0.0,0.0,0.0,0.0,0.0,0.0,1.0939931,0.0,1.5624124,-1.0445739,-0.744365,1.4655417
0.792296,-1.0933486,-1.7271197,0.310827,0.6352601,0.68230796,0.809975,0.0,0.0,0.0,0.0,1.2113744,0.558926,0.8972202,0.0,1.2347355,0.26057678,0.0,0.39132357,0.0,0.7630538,0.0,0.0,0.3130113,0.0,0.0,0.23102687,0.0,0.0,0.9755572,0.0,1.3784248,0.95239025,0.56154156,1.1476929,0.0,0.0,0.8647042,0.7160869,1.3630095,1.2760197,0.47682163,0.17325905,0.0,1.2669122,0.0,0.336512,0.06557946,1.5452878,0.10386168,0.0,0.18159315,0.0,0.0,1.818141,1.1584383,0.0,0.0,0.0,0.0,0.0,0.0,0.0,0.0,1.3262157,0.0,1.6248127,-1.4891415,-1.088265,1.6284237
1.3427905,0.13084747,-1.1913618,0.025931563,1.2881303,0.5079195,1.4450947,0.0,0.0,0.0,0.0,0.890133,0.16624197,0.0,0.0,0.92062634,0.7289054,0.0,1.3822002,0.0,0.23749825,0.20783259,0.0,0.0,0.0,0.153685,0.48101726,0.0,0.0,0.6309334,0.0,0.7894011,0.64623773,0.0,0.40218323,0.0,0.0,1.1033453,1.0230366,0.9940067,1.2766062,0.08529886,0.38990656,0.0,0.30453885,0.0,0.3896064,0.2561896,1.041116,0.31275648,0.0,0.44149205,0.0,0.0,1.1063794,1.3885983,0.33329743,0.0,0.0,0.0,0.0,0.0,0.0,0.0,0.8099862,0.0,1.3710876,-0.6749346,-1.2272273,0.77641
-1.2785321,1.1316417,1.304377,0.0,0.0,0.63386434,0.0,1.3083395,0.61935246,1.3781536,0.0,0.0,0.0,0.0,1.2015969,0.0,0.0,1.130769,0.5340957,0.0,0.0,0.98818433,1.4013703,0.0,0.5838338,1.4311202,0.61543226,1.8192357,0.46849543,0.1964241,0.519176,0.0,0.5033346,0.35501352,0.0,0.0,0.0,1.1056134,1.1733754,0.8042426,0.2738648,1.7837274,1.655394,0.0,0.19132374,0.0,1.420378,1.4654778,0.0,1.2453544,0.0,1.0181122,0.0,0.0,0.0,0.4166671,1.1164916,0.0,0.0,0.0,0.0,0.0,0.0,0.0,0.5593149,0.0,0.0,0.7548766,0.7222989,-1.4206455
0.06615386,-0.58293056,-0.16032049,0.31172708,0.0,0.31353956,0.39282432,0.0,0.0,0.0,0.0,0.37358925,0.0,0.0,0.0,0.37045878,0.0,0.0,0.2965161,0.0,0.2218892,0.16293506,0.5736153,0.0,0.20730413,0.35728437,0.0,0.0,0.0,0.5675208,0.0,0.13635306,0.6169323,0.4516402,0.45471328,0.0,0.0,0.27710795,0.26404044,0.24519253,0.5296632,0.58285064,0.57895255,0.0,0.5206876,0.0,0.56845266,0.4449526,0.54034066,0.35843778,0.0,0.35116717,0.0,0.0,0.7356453,0.2671749,0.0,0.0,0.0,0.0,0.0,0.0,0.0,0.0,0.43770698,0.0,0.6577216,-0.13144924,0.15064484,0.35947716
-0.3116725,-0.6978155,-0.08388934,0.24437587,0.0,0.40798792,0.109708875,0.0,0.0,0.0,0.154859,0.19029452,0.0,0.08736202,0.0,0.19282475,0.0,0.0,0.026393533,0.0,0.2770962,0.07486373,0.7579113,0.0,0.41946757,0.32630455,0.0019001216,0.0,0.0,0.61194885,0.0,0.0018255711,0.6885648,0.6466628,0.47665066,0.0,0.0,0.24120797,0.26051685,0.3367976,0.43589765,0.69657266,0.505605,0.0,0.7312629,0.0,0.5152556,0.4199645,0.37155902,0.26040325,0.0,0.26681134,0.0,0.0,0.8093747,0.07303293,0.0,0.0,0.0,0.0,0.0,0.0,0.0,0.0,0.45282638,0.0,0.5709053,-0.25941825,0.28944552,0.36692134
-0.6075242,-0.54411966,-0.18992591,0.0,0.0,0.64356947,0.0,0.065599516,0.0,0.0,0.09017372,0.0,0.0,0.22791189,0.0,0.0,0.0,0.0,0.0,0.0,0.32766423,0.0012032688,0.72643995,0.045859963,0.36996976,0.28274262,0.21682307,0.0,0.0,0.67936134,0.0,0.0,0.8062264,0.7723664,0.40756434,0.0,0.0,0.4195866,0.46592772,0.6178657,0.5266895,0.70665205,0.3556685,0.0,0.7658204,0.0,0.2776049,0.3287828,0.34877747,0.11606142,0.0,0.042585675,0.0,0.0,0.78390217,0.09105329,0.0,0.0,0.0,0.0,0.0,0.0,0.0,0.0,0.61420465,0.0,0.52350104,-0.61120796,0.020155802,0.42703035
-0.2153381,0.23057061,-0.9117023,0.0,0.57212687,1.0862336,0.40912253,0.0,0.0,0.0,0.0,0.0,0.0,0.33567744,0.0,0.0,0.0,0.0,0.5879775,0.0,0.3585768,0.0,0.0,0.0,0.0,0.16240552,0.8496286,0.0,0.0,0.78150284,0.0,0.0,0.9648089,0.53858435,0.201467,0.0,0.0,1.0304402,0.88377035,1.0037272,0.8714291,0.5451149,0.2627349,0.0,0.570914,0.0,0.0,0.17355031,0.6405865,0.0,0.0,0.0,0.0,0.0,0.7231476,0.6732496,0.0,0.0,0.0,0.0,0.0,0.0,0.0,0.0,0.8955181,0.0,0.7782381,-1.0425533,-0.802419,0.5672006
-0.17111811,1.1723065,0.7919227,0.0,0.17076957,0.4251819,0.605951,0.50541633,0.52106655,0.55338144,0.0,0.0,0.0,0.0,0.9774413,0.0,0.0,0.442161,1.1572745,0.0,0.0,1.0329474,0.75836015,0.0,0.0,1.2942231,0.55696464,1.3355697,0.6121156,0.17765397,0.14865611,0.0,0.38666528,0.0,0.0,0.0,0.0,0.9660166,1.0642369,0.3903581,0.6217464,1.1987253,1.3014511,0.0,0.0,0.0,1.0617232,1.0196644,0.29630318,1.1048088,0.0,1.0271267,0.0,0.0,0.0,0.7511939,1.1000704,0.0,0.0,0.0,0.0,0.0,0.0,0.0,0.3668418,0.0,0.14375603,0.7972703,0.2270299,-1.060138
-0.94983804,-1.7216392,0.7144082,0.91014796,0.0,0.0,0.0,0.30679333,0.0,0.0,1.3382891,0.24760391,0.0016904771,0.09716794,0.0,0.18947585,0.0,0.0,0.0,0.0,0.30895865,0.0,1.7351651,0.29744768,1.5714657,0.39316392,0.0,0.0,0.0,0.5437358,0.3991037,0.0,0.56410146,1.0460863,0.7815841,0.0,0.0,0.0,0.0,0.22772393,0.20611748,1.3096973,0.97770464,0.0,1.8111457,0.0,1.4291708,0.9275013,0.011369094,0.53201675,0.0,1.0951797,0.0,0.0,1.4944761,0.0,0.0,0.0,0.0,0.0,0.0,0.0,0.0,0.0,0.07813425,0.0,0.69767565,0.33642834,1.388562,0.24550265
-0.39050287,0.46168512,-0.4243189,0.0,0.35989752,0.9701397,0.33003703,0.08000563,0.0,0.006556511,0.0,0.0,0.0,0.0025497675,0.2522689,0.0,0.0,0.0,0.6266348,0.0,0.1674363,0.23458165,0.23274264,0.0,0.0,0.45640138,0.79897696,0.2851699,0.0,0.6411203,0.0,0.0,0.84841216,0.46159446,0.0,0.0,0.0,0.9119552,0.86221075,0.7029117,0.70155716,0.62898046,0.45599756,0.0,0.3535127,0.0,0.029934626,0.38942736,0.49189597,0.16481856,0.0,0.124734364,0.0,0.0,0.509435,0.58485407,0.20168975,0.0,0.0,0.0,0.0,0.0,0.0,0.0,0.69328487,0.0,0.57466155,-0.5946849,-0.5357517,0.16627565
-0.91204274,0.05924843,1.4571536,0.14013806,0.0,0.06959027,0.0,0.9136803,0.0,0.7111156,0.39521956,0.0,0.0,0.0,0.75927997,0.0,0.0,0.7332578,0.13783911,0.014122307,0.0,0.8375335,1.7027235,0.0,1.0963446,1.2581553,0.0,1.3032184,0.42330712,0.17337385,0.59404325,0.0,0.33335632,0.41894335,0.0,0.0,0.0,0.29873577,0.46659413,0.28359947,0.119313225,1.6175785,1.393549,0.0,0.7258484,0.0,1.6091732,1.3324448,0.0,1.0357275,0.0,1.1767797,0.0,0.0,0.17902371,0.0,0.8045421,0.0,0.0,0.0,0.0,0.0,0.0,0.0,0.0,0.0,0.0,1.0534574,1.3918304,-1.0245562
1.5730963,-0.14465602,-0.93566346,0.4012009,1.0609696,0.18494974,1.5305756,0.0,0.0,0.0,0.0,1.1527385,0.23896918,0.0,0.0,1.1493741,0.74118805,0.0,1.3574052,0.0,0.17004116,0.29815358,0.0,0.0,0.0,0.23430711,0.1510913,0.0,0.0,0.5369153,0.0,0.8953108,0.49225935,0.0,0.49449444,0.0,0.0,0.8272443,0.7665898,0.6591232,1.1658689,0.110389635,0.5579191,0.0,0.35961014,0.0,0.74368227,0.33247212,1.1389079,0.5223013,0.0,0.65806776,0.0,0.0,1.1834325,1.3123997,0.383169,0.0,0.0,0.0,0.0,0.0,0.0,0.0,0.6355375,0.0,1.3949283,-0.26562303,-0.8491683,0.74365926
0.5853452,0.74820733,-0.31300136,0.0,0.8545276,0.55651027,1.0503483,0.0,0.0,0.0,0.0,0.034159724,0.0,0.0,0.36161318,0.07816,0.3506958,0.0,1.3221225,0.0,0.0,0.59717584,0.0,0.0,0.0,0.69190395,0.62267464,0.3235765,0.09441176,0.43195346,0.0,0.0,0.55729306,0.0,0.0,0.0,0.0,1.0136341,0.977114,0.55216265,0.9309565,0.5149479,0.5789504,0.0,0.032866333,0.0,0.34567034,0.47876376,0.5744674,0.44405025,0.0,0.4372934,0.0,0.0,0.33155674,0.9598838,0.6113907,0.0,0.0,0.0,0.0,0.0,0.0,0.0,0.43536654,0.0,0.6916039,-0.078480355,-0.636448,-0.10725825
1.8805289,0.80914956,-0.8086617,0.0068887593,1.6913989,0.26042643,1.951572,0.0,0.0,0.0,0.0,0.85020655,0.0,0.0,0.14146794,0.8714303,1.0912781,0.0,2.0596156,0.008310288,0.0,0.6997024,0.0,0.0,0.0,0.5885492,0.5138211,0.0,0.33342573,0.37701246,0.0,0.5186242,0.3855275,0.0,0.0,0.0,0.0,1.188752,1.2709262,0.7903447,1.4366722,0.049503528,0.70314455,0.0,0.0,0.0,0.7717643,0.34988672,0.85343444,0.6100469,0.0,0.76116145,0.0,0.0,0.7924595,1.6594931,0.86795604,0.0,0.0,0.0,0.0,0.0,0.0,0.0,0.47739446,0.0,1.2987982,-0.00327087,-1.1588906,0.23335972
-0.5433715,1.5175667,0.8781519,0.0,0.18501481,0.64793986,0.4310966,0.8246759,0.7556993,0.96701443,0.0,0.0,0.0,0.0,1.1816249,0.0,0.0,0.7376039,1.1471834,0.0,0.0,1.0817738,0.8178092,0.0,0.0,1.392961,0.80752105,1.6281316,0.6078154,0.18319938,0.21638884,0.0,0.46226424,0.0,0.0,0.0,0.0,1.2572409,1.3007898,0.66023713,0.55898035,1.3933765,1.498374,0.0,0.0,0.0,1.0948286,1.1876154,0.26198813,1.2060932,0.0,1.0423841,0.0,0.0,0.0,0.82794636,1.2193892,0.0,0.0,0.0,0.0,0.0,0.0,0.0,0.5813796,0.0,0.014346689,0.7137877,0.16614051,-1.2717216
0.10933865,-0.60732067,-0.16569561,0.34373477,0.0,0.28983185,0.4165467,0.0,0.0,0.0,0.0,0.4133012,0.0,0.0,0.0,0.407677,0.0,0.0,0.30648315,0.0,0.22219136,0.163806,0.5652938,0.0,0.20364177,0.3524271,0.0,0.0,0.0,0.5642594,0.0,0.16767178,0.606874,0.43817788,0.47099936,0.0,0.0,0.2730105,0.25034294,0.23475444,0.5343278,0.5766757,0.59094363,0.0,0.5209552,0.0,0.5878693,0.4509366,0.5646484,0.36953968,0.0,0.37512088,0.0,0.0,0.7532375,0.2824971,0.0,0.0,0.0,0.0,0.0,0.0,0.0,0.0,0.43536428,0.0,0.6815621,-0.115500614,0.15292346,0.37310547
-0.80245245,-0.5338394,1.1485361,0.42620647,0.0,0.011559904,0.0,0.6204645,0.0,0.28299388,0.6521163,0.0,0.0,0.0,0.38315448,0.0,0.0,0.40435204,0.0,0.028149128,0.0,0.55640286,1.6407998,0.0,1.1836715,0.95135283,0.0,0.79848,0.10398358,0.2964422,0.48656368,0.0,0.39886433,0.5818703,0.05989002,0.0,0.0,0.14142929,0.26669124,0.15636872,0.11425577,1.3625237,1.1465302,0.0,0.99188775,0.0,1.3801961,1.1172229,0.0,0.81169677,0.03976014,1.0841197,0.0,0.0,0.5405865,0.0,0.51295674,0.0,0.0,0.0,0.0,0.0,0.0,0.0,0.0,0.0,0.122975454,0.8137507,1.3093044,-0.58428025
1.132677,0.8311171,-1.1497337,0.0,1.6094676,0.78694,1.4616743,0.0,0.0,0.0,0.0,0.4006455,0.0,0.0,0.07548525,0.46856013,0.7759766,0.0,1.6585515,0.0,0.10995265,0.37634093,0.0,0.0,0.0,0.34212923,0.89517605,0.0,0.0,0.59780735,0.0,0.35929596,0.70099384,0.0,0.014853597,0.0,0.0,1.4202032,1.3229389,1.0837255,1.3168653,0.14754982,0.42430514,0.0,0.1370477,0.0,0.19288602,0.3290667,0.7741151,0.24819171,0.0,0.35463512,0.0,0.0,0.7946201,1.4231613,0.5278396,0.0,0.0,0.0,0.0,0.0,0.0,0.0,0.73799956,0.0,1.1800612,-0.6584564,-1.3848951,0.40080518
0.33785564,1.5233314,0.14726347,0.0,0.96245784,0.64844775,1.0471087,0.073934466,0.568439,0.2023274,0.0,0.0,0.0,0.0,0.87900114,0.0,0.3297292,0.058098257,1.6245583,0.0,0.0,0.96535003,0.104976416,0.0,0.0,1.1112418,0.8951719,1.0359145,0.50492144,0.26991263,0.0,0.0,0.47975993,0.0,0.0,0.0,0.0,1.3815832,1.404042,0.58788264,1.0185376,0.8868058,0.9647867,0.0,0.0,0.0,0.63081527,0.7206236,0.53066254,0.8822732,0.0,0.87341684,0.0,0.0,0.0659843,1.276349,1.13209,0.0,0.0,0.0,0.0,0.0,0.0,0.0,0.5106163,0.0,0.5334053,0.3331669,-0.5953504,-0.72438586
0.9076676,1.8237154,-0.40586454,0.0,1.6936743,0.7799958,1.5152199,0.0,0.61128116,0.0,0.0,0.0,0.0,0.0,0.78652275,0.0,0.7706664,0.0,2.0979226,0.0,0.0,0.93864775,0.0,0.0,0.0,0.9678229,1.1470163,0.7547541,0.46861863,0.3282563,0.0,0.0,0.5243743,0.0,0.0,0.0,0.0,1.7884144,1.7697852,0.92554444,1.3496336,0.6252647,0.8187469,0.0,0.0,0.0,0.5212922,0.6088214,0.5924258,0.7961143,0.0,0.8268609,0.0,0.0,0.3046048,1.6797944,1.2182317,0.0,0.0,0.0,0.0,0.0,0.0,0.0,0.60595894,0.0,0.83452165,0.030274207,-1.1870068,-0.52090853
0.5406161,0.5967385,0.07356071,0.0,0.51849777,0.32310376,0.97492886,0.0,0.0,0.0,0.0,0.05192691,0.0,0.0,0.43175972,0.07177724,0.23272558,0.0,1.2174752,0.0,0.0,0.7162299,0.26343802,0.0,0.0,0.8445474,0.3771478,0.48684955,0.28448445,0.33129066,0.0,0.0,0.4336245,0.0,0.0,0.0,0.0,0.7391119,0.80663145,0.29203552,0.8181803,0.63859785,0.72934854,0.0,0.0,0.0,0.6234873,0.5678804,0.49040332,0.6208471,0.0,0.62810683,0.0,0.0,0.19831848,0.77540153,0.67913276,0.0,0.0,0.0,0.0,0.0,0.0,0.0,0.25589916,0.0,0.5587817,0.32093248,-0.21583577,-0.3146524
0.031006975,1.1780653,0.16997543,0.0,0.6171137,0.67187715,0.7609025,0.18504585,0.35114196,0.24449202,0.0,0.0,0.0,0.0,0.7518275,0.0,0.09424119,0.1126571,1.2640783,0.0,0.0,0.80438507,0.30023193,0.0,0.0,0.99794304,0.7880373,0.9293647,0.2947789,0.3372895,0.0,0.0,0.54661846,0.0,0.0,0.0,0.0,1.1556121,1.1446772,0.5291766,0.8276684,0.8821694,0.89013606,0.0,0.0,0.0,0.55179226,0.73517656,0.47608984,0.7192191,0.0,0.71648926,0.0,0.0,0.06335586,0.966432,0.8752576,0.0,0.0,0.0,0.0,0.0,0.0,0.0,0.5116877,0.0,0.44012427,0.23420125,-0.3946736,-0.60780495
-0.015956238,-0.19936638,0.5289793,0.3208602,0.0,0.091735035,0.40559176,0.032382622,0.0,0.0,0.0,0.0722331,0.0,0.0,0.27015865,0.055410504,0.0,0.0,0.4735199,0.0085249245,0.0,0.56104094,0.93295324,0.0,0.43268025,0.80554247,0.0,0.45621127,0.12502357,0.33869123,0.099861085,0.0,0.40954053,0.24860078,0.07871027,0.0,0.0,0.25324178,0.35703638,0.0,0.47264832,0.8600482,0.7954399,0.0,0.3518147,0.0,0.9001491,0.7526896,0.24308676,0.6429449,0.004790075,0.72426456,0.0,0.0,0.35886943,0.16380806,0.390652,0.0,0.0,0.0,0.0,0.0,0.0,0.0,0.04109627,0.0,0.33135694,0.5673971,0.58983904,-0.32390523
-0.46142325,1.3793117,-0.59512883,0.0,0.9930924,1.3656242,0.49590313,0.26353604,0.24941394,0.4141042,0.0,0.0,0.0,0.0,0.6028297,0.0,0.014606118,0.09601641,1.0981138,0.0,0.047549352,0.40304804,0.0,0.0,0.0,0.6090164,1.3869367,0.6595524,0.0,0.6351404,0.0,0.0,0.9433471,0.298485,0.0,0.0,0.0,1.5955682,1.3644899,1.081746,0.8987416,0.82382303,0.63601136,0.0,0.18280886,0.0,0.0,0.57258284,0.6141175,0.22583428,0.0,0.2235529,0.0,0.0,0.38428104,1.0953082,0.5447871,0.0,0.0,0.0,0.0,0.0,0.0,0.0,1.0037434,0.0,0.64143777,-0.72692055,-1.0392845,-0.11622258
-0.019022448,-1.0996915,0.02360532,0.66447914,0.0,0.099650025,0.21258941,0.0,0.0,0.0,0.39081907,0.5678079,0.09267068,0.021322876,0.0,0.53573304,0.0,0.0,0.0,0.0,0.2780052,0.07765648,0.86112654,0.0,0.59426975,0.30333865,0.0,0.0,0.0,0.5634594,0.0,0.25899768,0.5665027,0.5852674,0.6750404,0.0,0.0,0.09980942,0.046809345,0.19149958,0.36541864,0.7196836,0.689224,0.0,0.8981757,0.0,0.8458975,0.54587173,0.48975545,0.4072715,0.0,0.6394892,0.0,0.0,1.1024855,0.081955016,0.0,0.0,0.0,0.0,0.0,0.0,0.0,0.0,0.33852327,0.0,0.8081251,0.0153448675,0.577582,0.46690574
-0.2160721,-1.1476787,0.54405135,0.8175045,0.0,0.0,0.05427152,0.0,0.0,0.0,0.67822754,0.4273753,0.0,0.0,0.0,0.37505227,0.0,0.0,0.0,0.13190964,0.13659777,0.24999873,1.2642297,0.0,0.9723292,0.5367285,0.0,0.020999387,0.0,0.43753624,0.19081794,0.0,0.4392189,0.5827873,0.56089,0.0,0.0,0.0,0.0,0.0,0.22234252,0.89675397,0.91710854,0.0,0.99773747,0.0,1.1595225,0.79679465,0.14579597,0.4942345,0.0,0.9848228,0.0,0.0,1.0725908,0.0,0.055753764,0.0,0.0,0.0,0.0,0.0,0.0,0.0,0.0,0.0,0.609947,0.4980172,1.0457479,0.10399742
-0.5006406,-0.8723111,-0.6209965,0.04827531,0.0,0.7312151,0.0,0.0,0.0,0.0,0.119389445,0.20442204,0.069420636,0.5781631,0.0,0.23295505,0.0,0.0,0.0,0.0,0.52978355,0.0,0.5115309,0.2748165,0.25659624,0.0,0.20930147,0.0,0.0,0.8204708,0.0,0.24962513,0.91952825,0.89505005,0.69172823,0.0,0.0,0.53413314,0.5011931,0.9200455,0.7094003,0.740877,0.2475265,0.0,1.0483549,0.0,0.15931366,0.14557973,0.68415093,0.013531819,0.0,0.0,0.0,0.0,1.0907977,0.2270341,0.0,0.0,0.0,0.0,0.0,0.0,0.0,0.0,0.9091566,0.0,0.7315878,-1.0431457,-0.25538057,0.8277402
-1.2962457,0.80876243,0.7523905,0.0,0.0,0.8443202,0.0,1.0676261,0.25787017,1.0787916,0.0,0.0,0.0,0.0,0.8676071,0.0,0.0,0.8390336,0.33787692,0.0,0.0,0.64513165,1.1407039,0.0,0.4358141,1.0592644,0.70175666,1.3277891,0.012856841,0.3939561,0.3133191,0.0,0.6912142,0.5617892,0.0,0.0,0.0,1.0508707,1.0561298,0.85063815,0.31918994,1.4437569,1.2030253,0.0,0.32569474,0.0,0.92302436,1.1182127,0.10773982,0.8030008,0.0,0.5398612,0.0,0.0,0.073072456,0.3617918,0.7008091,0.0,0.0,0.0,0.0,0.0,0.0,0.0,0.7025251,0.0,0.0042280555,0.15522978,0.33487377,-0.90516716
0.4011312,0.11158662,0.0818872,0.13510986,0.16189541,0.23775616,0.77015114,0.0,0.0,0.0,0.0,0.21044713,0.0,0.0,0.22806175,0.21353729,0.051555738,0.0,0.8703737,0.0,0.0,0.5485888,0.44338813,0.0,0.0,0.70349246,0.15434924,0.27115878,0.096373826,0.3874894,0.0,0.0,0.45842272,0.06286673,0.048250817,0.0,0.0,0.45126697,0.5111216,0.12001711,0.66060054,0.57893497,0.71518207,0.0,0.09646456,0.0,0.61362547,0.5517634,0.4624963,0.5402144,0.0,0.54888237,0.0,0.0,0.2631067,0.5198677,0.4487005,0.0,0.0,0.0,0.0,0.0,0.0,0.0,0.2387029,0.0,0.50038946,0.31757742,0.029159307,-0.16137731
-0.41855416,-0.56151026,-0.22843805,0.05452704,0.0,0.5743457,0.07268262,0.0,0.0,0.0,0.035301566,0.066226676,0.0,0.18626812,0.0,0.08612648,0.0,0.0,0.0423221,0.0,0.31568235,0.023783356,0.65517175,0.005868405,0.3009502,0.2779012,0.1714035,0.0,0.0,0.6629198,0.0,0.0,0.769065,0.69390863,0.4358189,0.0,0.0,0.39957616,0.40996617,0.5325231,0.5307524,0.6692292,0.38294938,0.0,0.6761718,0.0,0.2964787,0.33259714,0.40274835,0.15078235,0.0,0.072433196,0.0,0.0,0.761472,0.13802645,0.0,0.0,0.0,0.0,0.0,0.0,0.0,0.0,0.58463144,0.0,0.55399656,-0.5312115,0.01356411,0.42438
-0.29599836,1.4511479,0.43324766,0.0,0.5016331,0.7573836,0.59520227,0.5205256,0.5917833,0.65013754,0.0,0.0,0.0,0.0,0.98311317,0.0,0.0,0.43618932,1.2404821,0.0,0.0,0.92250645,0.48206553,0.0,0.0,1.1726482,0.90592295,1.2836074,0.4043538,0.28663534,0.0018844455,0.0,0.5481175,0.0,0.0,0.0,0.0,1.3172485,1.307615,0.675869,0.7194799,1.1215711,1.17556,0.0,0.0,0.0,0.74102503,0.9351065,0.39722848,0.9227234,0.0,0.83155227,0.0,0.0,0.0,0.9875854,1.0362676,0.0,0.0,0.0,0.0,0.0,0.0,0.0,0.63768506,0.0,0.26362646,0.35350725,-0.25902438,-0.9170184
1.2995673,-0.94850373,-1.6947699,0.46188945,0.9047765,0.47985613,1.1841892,0.0,0.0,0.0,0.0,1.4513421,0.5895406,0.63574636,0.0,1.4600164,0.54219925,0.0,0.750279,0.0,0.64377946,0.0,0.0,0.090212554,0.0,0.0,0.14891176,0.0,0.0,0.8750061,0.0,1.5022823,0.80973417,0.2736829,1.0896388,0.0,0.0,0.9019487,0.7410118,1.199088,1.307204,0.28089365,0.2664933,0.0,1.0556407,0.0,0.56851876,0.15127248,1.5786229,0.24948794,0.0,0.45123026,0.0,0.0,1.8509145,1.3626375,0.0,0.0,0.0,0.0,0.0,0.0,0.0,0.0,1.1682605,0.0,1.774243,-1.177838,-1.127951,1.5597879
0.8304136,-0.21488169,-0.59808517,0.24985461,0.5283483,0.3154884,1.0042782,0.0,0.0,0.0,0.0,0.69839185,0.076104224,0.0,0.0,0.70387244,0.300071,0.0,0.9154251,0.0,0.18089321,0.2531603,0.0,0.0,0.0,0.31140518,0.17019668,0.0,0.0,0.5546495,0.0,0.47358876,0.57177305,0.08227791,0.40969324,0.0,0.0,0.6081366,0.5415431,0.46785983,0.8621378,0.30373746,0.53206086,0.0,0.32959402,0.0,0.4792695,0.3391677,0.8802774,0.387404,0.0,0.4346849,0.0,0.0,0.81880176,0.86098045,0.21021613,0.0,0.0,0.0,0.0,0.0,0.0,0.0,0.564495,0.0,0.9907204,-0.26178223,-0.49345136,0.5276963
1.329265,1.2317779,-0.67598414,0.0,1.6553441,0.5613909,1.672306,0.0,0.16968665,0.0,0.0,0.28165475,0.0,0.0,0.40635175,0.33653256,0.8902069,0.0,1.9952343,0.0,0.0,0.7489568,0.0,0.0,0.0,0.71340704,0.83529913,0.21827081,0.30563143,0.39042982,0.0,0.038016424,0.49407524,0.0,0.0,0.0,0.0,1.4435195,1.4338578,0.8415795,1.3286595,0.3239396,0.6978886,0.0,0.0,0.0,0.5512977,0.4648316,0.662848,0.58028835,0.0,0.6358783,0.0,0.0,0.522833,1.54035,0.9245962,0.0,0.0,0.0,0.0,0.0,0.0,0.0,0.52306604,0.0,1.0252043,-0.08251879,-1.1388904,-0.09429749
1.6359776,1.2803888,-0.26210377,0.0,1.5641843,0.21457365,1.8787171,0.0,0.32476202,0.0,0.0,0.41468877,0.0,0.0,0.55429476,0.43946648,0.9891897,0.0,2.1950026,0.09306431,0.0,1.020511,0.0,0.0,0.0,0.97045326,0.58381087,0.43673494,0.7166731,0.21100858,0.0,0.0,0.2717983,0.0,0.0,0.0,0.0,1.2662791,1.4118203,0.5722341,1.3578873,0.4127638,0.99478793,0.0,0.0,0.0,1.0094423,0.52271116,0.63603675,0.920548,0.0,0.98580104,0.0,0.0,0.41087154,1.638653,1.2435745,0.0,0.0,0.0,0.0,0.0,0.0,0.0,0.29421642,0.0,0.9617269,0.5026901,-0.8027537,-0.39140663
0.37725073,0.5885012,0.37967616,0.0,0.2703461,0.22877605,0.8543477,0.0,0.046570957,0.0,0.0,0.0,0.0,0.0,0.54409087,0.0,0.100605294,0.0,1.1269164,0.0,0.0,0.8120549,0.50778764,0.0,0.0,0.9822935,0.2787325,0.6953941,0.41234553,0.26315016,0.0,0.0,0.37171033,0.0,0.0,0.0,0.0,0.6079999,0.7327604,0.13662884,0.73194337,0.78353864,0.83878505,0.0,0.0,0.0,0.793597,0.66773903,0.409611,0.7545973,0.0,0.78024185,0.0,0.0,0.074808635,0.638252,0.7492441,0.0,0.0,0.0,0.0,0.0,0.0,0.0,0.15474115,0.0,0.4297775,0.58794296,0.078245714,-0.51762766
-0.8068448,-0.5010537,0.3911308,0.096174285,0.0,0.4321318,0.0,0.38147324,0.0,0.0746353,0.33923662,0.0,0.0,0.0,0.13422373,0.0,0.0,0.123711646,0.0,0.0,0.14656013,0.22606839,1.1436429,0.0,0.7378525,0.57152414,0.029763147,0.3613532,0.0,0.528182,0.17297746,0.0,0.66049266,0.73508096,0.23061445,0.0,0.0,0.27445123,0.40523714,0.3823662,0.31545135,0.9580837,0.6799834,0.0,0.8828837,0.0,0.7667881,0.647058,0.051959753,0.42920256,0.0,0.47568816,0.0,0.0,0.66945165,0.0,0.112118095,0.0,0.0,0.0,0.0,0.0,0.0,0.0,0.33501163,0.0,0.31518224,0.0045657847,0.6240644,-0.035263263
0.94696176,-0.011085138,-1.0949447,0.0,0.9890903,0.5916631,1.1431223,0.0,0.0,0.0,0.0,0.7077292,0.12780347,0.083342284,0.0,0.7423793,0.48332602,0.0,1.0873499,0.0,0.29410782,0.11672145,0.0,0.0,0.0,0.123787254,0.4738144,0.0,0.0,0.674079,0.0,0.65110236,0.7152635,0.07895449,0.43239248,0.0,0.0,0.9917344,0.8875074,0.94529873,1.1323773,0.20222425,0.34129745,0.0,0.38159257,0.0,0.24334246,0.2354518,0.9731655,0.20995404,0.0,0.30171177,0.0,0.0,1.0124456,1.153691,0.18365613,0.0,0.0,0.0,0.0,0.0,0.0,0.0,0.8299416,0.0,1.2158813,-0.77921057,-1.06663,0.77783823
-1.4250289,0.53948,1.0225071,0.0,0.0,0.6766833,0.0,1.1729106,0.16273394,1.1180557,0.04022929,0.0,0.0,0.0,0.8499321,0.0,0.0,0.9285822,0.12011799,0.0,0.0,0.6586226,1.425977,0.0,0.76149213,1.1117303,0.4708169,1.3765103,0.05925791,0.3513404,0.45893526,0.0,0.627498,0.6353741,0.0,0.0,0.0,0.8625555,0.9176042,0.7724616,0.23297723,1.6054769,1.2748945,0.0,0.502118,0.0,1.1633238,1.2423304,0.0,0.86732894,0.0,0.653982,0.0,0.0,0.11915089,0.19542225,0.7228311,0.0,0.0,0.0,0.0,0.0,0.0,0.0,0.5455836,0.0,0.0,0.35297713,0.7026469,-0.970839
-0.06755095,0.75452524,1.3337997,0.0418636,0.0,0.0,0.565588,0.53279203,0.41469887,0.46182314,0.0,0.0,0.0,0.0,0.975312,0.0,0.0,0.49073055,0.9869211,0.24291033,0.0,1.1806369,1.1978981,0.0,0.43087947,1.4700136,0.055866897,1.4309545,0.8912309,0.026089936,0.38223922,0.0,0.1653488,0.0,0.0,0.0,0.0,0.5093485,0.72390753,0.047594264,0.5215037,1.396411,1.5274156,0.0,0.0,0.0,1.6675062,1.2386414,0.065487444,1.3045688,0.0,1.4421954,0.0,0.0,0.0,0.44448543,1.2607851,0.0,0.0,0.0,0.0,0.0,0.0,0.0,0.0,0.0,0.0,1.492726,0.9768529,-1.3297286
0.9634801,0.31818688,-1.1125252,0.0,1.207302,0.69112796,1.2297279,0.0,0.0,0.0,0.0,0.5524137,0.032226235,0.0,0.0,0.6020441,0.5690605,0.0,1.2800045,0.0,0.22938624,0.20665574,0.0,0.0,0.0,0.20530525,0.65276664,0.0,0.0,0.6518727,0.0,0.51250654,0.7232202,0.0,0.26534817,0.0,0.0,1.1438609,1.0317866,0.9822318,1.1729041,0.17451511,0.3750982,0.0,0.2630536,0.0,0.19468999,0.28380692,0.87467647,0.21228525,0.0,0.31800544,0.0,0.0,0.8956096,1.2214173,0.29294848,0.0,0.0,0.0,0.0,0.0,0.0,0.0,0.7856804,0.0,1.1783581,-0.7257538,-1.168607,0.6143809
0.4574451,0.8110726,0.033171717,0.0,0.64044964,0.44565898,0.9687618,0.0,0.08946821,0.0,0.0,0.0,0.0,0.0,0.5173038,0.0,0.24610822,0.0,1.2911284,0.0,0.0,0.7395836,0.19953799,0.0,0.0,0.87303746,0.53367925,0.58583295,0.28295112,0.34049243,0.0,0.0,0.47360545,0.0,0.0,0.0,0.0,0.9079239,0.9449272,0.3906341,0.8646132,0.6788016,0.72202855,0.0,0.0,0.0,0.5533291,0.58231235,0.50622714,0.6264306,0.0,0.6353833,0.0,0.0,0.19303814,0.87438005,0.74293387,0.0,0.0,0.0,0.0,0.0,0.0,0.0,0.32504424,0.0,0.5645465,0.24419218,-0.35312206,-0.3602579
0.4971856,0.15594281,-0.09373711,0.07944815,0.32942656,0.30254987,0.8499252,0.0,0.0,0.0,0.0,0.26196742,0.0,0.0,0.18101314,0.272011,0.13750969,0.0,0.9457269,0.0,0.0,0.5054631,0.2914008,0.0,0.0,0.635396,0.23128164,0.17115039,0.03501834,0.42320442,0.0,0.0,0.49408567,0.042313784,0.073538825,0.0,0.0,0.55582905,0.5807707,0.23484883,0.73326075,0.4872406,0.649382,0.0,0.08670574,0.0,0.50754124,0.4903001,0.51778495,0.4670717,0.0,0.46986914,0.0,0.0,0.3283049,0.6406483,0.4266966,0.0,0.0,0.0,0.0,0.0,0.0,0.0,0.3180958,0.0,0.5803434,0.15114816,-0.18296926,-0.04659707
1.1782498,-0.9850844,-1.0527596,0.69118917,0.45968714,0.17692006,1.0761625,0.0,0.0,0.0,0.0,1.3424968,0.45746198,0.25667447,0.0,1.3225074,0.3714928,0.0,0.6707397,0.0,0.44594473,0.0,0.0,0.0,0.0,0.0,0.0,0.0,0.0,0.6988535,0.0,1.179251,0.6209099,0.20625253,0.943176,0.0,0.0,0.5582607,0.39580247,0.6573918,0.9648905,0.30749103,0.46713,0.0,0.7971107,0.0,0.71673816,0.27601042,1.3829956,0.40175954,0.0,0.5665132,0.0,0.0,1.5409803,1.0160385,0.0,0.0,0.0,0.0,0.0,0.0,0.0,0.0,0.8201547,0.0,1.4949604,-0.5899434,-0.5700098,1.1922381
-1.2812221,0.5473279,1.9719663,0.0,0.0,0.10183072,0.0,1.4027215,0.4418023,1.315138,0.36093485,0.0,0.0,0.0,1.1756774,0.0,0.0,1.2308826,0.21403232,0.0063304305,0.0,1.1194319,1.9978609,0.0,1.2551769,1.615411,0.0,1.9246744,0.7382921,0.035425305,0.82953984,0.0,0.26384243,0.3642864,0.0,0.0,0.0,0.541961,0.76405627,0.47368705,0.056128725,2.0857186,1.8703557,0.0,0.5939441,0.0,2.0340161,1.7127088,0.0,1.4613758,0.0,1.4869019,0.0,0.0,0.0,0.011960328,1.2504964,0.0,0.0,0.0,0.0,0.0,0.0,0.0,0.0589624,0.0,0.0,1.4092733,1.6422685,-1.573343
0.44687164,-0.45313415,-0.85701287,0.119001515,0.3827399,0.5570648,0.69855344,0.0,0.0,0.0,0.0,0.6011812,0.13792554,0.24703467,0.0,0.6235794,0.09507848,0.0,0.5694908,0.0,0.37961608,0.0,0.0,0.0,0.0,0.07466406,0.27129412,0.0,0.0,0.7127612,0.0,0.5460704,0.7576082,0.38199615,0.5791614,0.0,0.0,0.6780391,0.5573154,0.74664575,0.87164545,0.42513204,0.34330925,0.0,0.61171615,0.0,0.20318991,0.18958393,0.9428185,0.15896448,0.0,0.15401077,0.0,0.0,0.98626417,0.765251,0.0,0.0,0.0,0.0,0.0,0.0,0.0,0.0,0.8302735,0.0,1.024222,-0.80683345,-0.63950425,0.83085054
0.05855002,-0.90441257,-0.098080486,0.5302184,0.0,0.1882647,0.3127616,0.0,0.0,0.0,0.18900716,0.52690303,0.06834987,0.01571098,0.0,0.5065915,0.0,0.0,0.113598675,0.0,0.2680387,0.09730089,0.7064607,0.0,0.4049646,0.3016825,0.0,0.0,0.0,0.5739659,0.0,0.25471258,0.59144294,0.52390313,0.6070441,0.0,0.0,0.1833191,0.13660824,0.22784707,0.4503687,0.64921147,0.63160694,0.0,0.7351661,0.0,0.7196105,0.49335882,0.5558788,0.38354707,0.0,0.5075629,0.0,0.0,0.9733659,0.18978588,0.0,0.0,0.0,0.0,0.0,0.0,0.0,0.0,0.40466544,0.0,0.7763865,-0.07438514,0.35846162,0.4602896
1.0751538,1.7119758,-0.88075113,0.0,1.9686114,0.9281006,1.6159602,0.0,0.40862253,0.0,0.0,0.0,0.0,0.0,0.5621213,0.0,0.90436906,0.0,2.1218426,0.0,0.0,0.73413193,0.0,0.0,0.0,0.71163625,1.2577739,0.3834998,0.19953755,0.45691308,0.0,0.0,0.640801,0.0,0.0,0.0,0.0,1.9015186,1.8016344,1.1550004,1.4301325,0.42271864,0.6114731,0.0,0.0,0.0,0.29574218,0.51319987,0.6254188,0.5251685,0.0,0.5743725,0.0,0.0,0.50045556,1.692343,1.0010666,0.0,0.0,0.0,0.0,0.0,0.0,0.0,0.7136606,0.0,1.005234,-0.38283432,-1.5024723,-0.19773364
0.56153774,0.019153232,0.7397382,0.53078055,0.0,0.0,0.83897686,0.0,0.0,0.0,0.0,0.30418164,0.0,0.0,0.4069665,0.26445115,0.0066778213,0.0,0.9140791,0.40561926,0.0,0.854357,0.8507112,0.0,0.27335328,1.0323772,0.0,0.59065086,0.56515115,0.16651222,0.091970876,0.0,0.1884929,0.0,0.0,0.0,0.0,0.15823379,0.28811213,0.0,0.59748125,0.8502581,1.1832252,0.0,0.02729388,0.0,1.3964401,0.8878292,0.30535305,0.8480196,0.0,1.2388849,0.0,0.0,0.33270058,0.38561553,0.847078,0.0,0.0,0.0,0.0,0.0,0.0,0.0,0.0,0.0,0.41878024,1.1035467,0.7347714,-0.5432523
1.2071793,0.4908136,-0.66379917,0.0,1.146843,0.39048117,1.4209075,0.0,0.0,0.0,0.0,0.58046716,0.0,0.0,0.089827694,0.6062637,0.65911335,0.0,1.5148995,0.0,0.0,0.51422447,0.0,0.0,0.0,0.50713146,0.46935993,0.0,0.056179255,0.46216065,0.0,0.327829,0.50804806,0.0,0.07597563,0.0,0.0,0.990626,0.98553735,0.6615794,1.1416254,0.182161,0.56607676,0.0,0.06066269,0.0,0.47251052,0.35558665,0.7523649,0.43348038,0.0,0.502898,0.0,0.0,0.6444187,1.2395293,0.57518977,0.0,0.0,0.0,0.0,0.0,0.0,0.0,0.5123963,0.0,1.0174648,-0.17187577,-0.90422785,0.2501755
-0.78316796,-0.6770335,0.75298,0.36150792,0.0,0.17409417,0.0,0.4484517,0.0,0.088348925,0.59248984,0.0,0.0,0.0,0.18098621,0.0,0.0,0.20463708,0.0,0.0,0.053150315,0.34328645,1.4204757,0.0,1.0242698,0.7119804,0.0,0.4852429,0.0,0.42627394,0.3292721,0.0,0.52671885,0.692239,0.23401134,0.0,0.0,0.16572067,0.25911543,0.23039912,0.2003755,1.1431025,0.89024895,0.0,1.0417249,0.0,1.0964009,0.8716862,0.0,0.6081905,0.013608236,0.8135428,0.0,0.0,0.70522195,0.0,0.2559479,0.0,0.0,0.0,0.0,0.0,0.0,0.0,0.0904789,0.0,0.26981455,0.42697048,1.0309306,-0.24065611
-0.82976663,-0.29724458,0.2644515,0.0,0.0,0.5711001,0.0,0.39727157,0.0,0.14315549,0.15728778,0.0,0.0,0.0,0.18160252,0.0,0.0,0.14047995,0.0,0.0,0.15200517,0.22211018,1.0106294,0.0,0.5711202,0.5591918,0.20314153,0.39252797,0.0,0.55534166,0.11187509,0.0,0.71392083,0.7209853,0.15429439,0.0,0.0,0.41151947,0.53418535,0.49113163,0.36825228,0.904817,0.6292898,0.0,0.7141858,0.0,0.60083514,0.59701544,0.118854605,0.36600477,0.0,0.3298857,0.0,0.0,0.58709943,0.07491127,0.10038017,0.0,0.0,0.0,0.0,0.0,0.0,0.0,0.45428592,0.0,0.31208763,-0.16565627,0.37298214,-0.023875304
-0.9648745,-1.6038864,0.3817196,0.6961345,0.0,0.18199086,0.0,0.23177789,0.0,0.0,1.1337351,0.20535491,0.027115852,0.29415637,0.0,0.16951235,0.0,0.0,0.0,0.0,0.4029453,0.0,1.4912252,0.36638623,1.3280663,0.25284404,0.0,0.0,0.0,0.63972443,0.25707078,0.0,0.68446934,1.0934281,0.8018437,0.0,0.0,0.048220295,0.08725852,0.4356478,0.3477767,1.233176,0.7928021,0.0,1.7351156,0.0,1.1541371,0.70455766,0.16610417,0.39681882,0.0,0.77645415,0.0,0.0,1.4574261,0.0,0.0,0.0,0.0,0.0,0.0,0.0,0.0,0.0,0.3086473,0.0,0.7118326,-0.053515203,1.0588802,0.45254153
0.89297587,-0.14002171,-1.0332111,0.055053372,0.85289574,0.5444444,1.0756334,0.0,0.0,0.0,0.0,0.7345154,0.14700755,0.100783676,0.0,0.7624246,0.4172833,0.0,0.986518,0.0,0.30760902,0.09477398,0.0,0.0,0.0,0.11505425,0.39209074,0.0,0.0,0.67331475,0.0,0.66123873,0.705914,0.12472132,0.48177004,0.0,0.0,0.8988354,0.7950452,0.87523055,1.0747398,0.2382276,0.35524145,0.0,0.42862862,0.0,0.27781218,0.23466899,0.9886526,0.22429416,0.0,0.3022408,0.0,0.0,1.0285114,1.078875,0.14069359,0.0,0.0,0.0,0.0,0.0,0.0,0.0,0.8157553,0.0,1.1946439,-0.7459782,-0.9525912,0.8001115
-0.4227154,-0.59048945,1.4525253,0.7540085,0.0,0.0,0.016479045,0.48735029,0.0,0.11137998,0.7035587,0.0,0.0,0.0,0.4420704,0.0,0.0,0.33375713,0.042986333,0.4375232,0.0,0.76610756,1.7499855,0.0,1.2726997,1.1312504,0.0,0.8847713,0.44506234,0.14745569,0.56148213,0.0,0.19293576,0.34944686,0.033307396,0.0,0.0,0.0,0.0535625,0.0,0.08032261,1.3806517,1.3760412,0.0,0.88767034,0.0,1.7686583,1.2999579,0.0,0.8948964,0.08189973,1.5900409,0.0,0.0,0.62598264,0.0,0.77969325,0.0,0.0,0.0,0.0,0.0,0.0,0.0,0.0,0.0,0.10485373,1.2602813,1.5971318,-0.7129637
-0.75766844,-0.34866875,1.019874,0.28065088,0.0,0.11567724,0.0,0.59224,0.0,0.30030438,0.4635479,0.0,0.0,0.0,0.41770083,0.0,0.0,0.3846012,0.0,0.0,0.0,0.5622801,1.4933782,0.0,1.0051066,0.9399954,0.0,0.80700666,0.0907567,0.31501114,0.41616398,0.0,0.43468714,0.5403303,0.0,0.0,0.0,0.20356096,0.3521343,0.19678691,0.16012421,1.27766,1.050113,0.0,0.83861256,0.0,1.2081138,1.0339656,0.0,0.7555736,0.043893006,0.9193304,0.0,0.0,0.42669535,0.0,0.48994955,0.0,0.0,0.0,0.0,0.0,0.0,0.0,0.009377167,0.0,0.09369107,0.69870305,1.130284,-0.58541673
0.8409033,-0.34550744,-0.08503863,0.5430579,0.15295279,0.0,0.96732616,0.0,0.0,0.0,0.0,0.7297816,0.019124389,0.0,0.0,0.7036682,0.19443168,0.0,0.85408396,0.14557561,0.027330844,0.44778797,0.34501162,0.0,0.0,0.540226,0.0,0.0,0.045526385,0.40473995,0.0,0.3062567,0.39048874,0.0024327934,0.35114592,0.0,0.0,0.2882594,0.24710639,0.03217791,0.6937679,0.37221918,0.8149541,0.0,0.17136887,0.0,0.89053446,0.5379873,0.7171287,0.57620597,0.0,0.73880386,0.0,0.0,0.6753577,0.611717,0.3388058,0.0,0.0,0.0,0.0,0.0,0.0,0.0,0.21169056,0.0,0.8031151,0.4133609,0.08849302,0.19204569
0.54603106,-0.055054307,-0.3206694,0.1379827,0.35210952,0.34071738,0.84114325,0.0,0.0,0.0,0.0,0.41774556,0.0,0.0,0.0058540106,0.42766005,0.15004511,0.0,0.8521027,0.0,0.09460165,0.35540923,0.19105014,0.0,0.0,0.46722904,0.209053,0.0,0.0,0.50156045,0.0,0.15808733,0.55496633,0.12018736,0.24275294,0.0,0.0,0.5376986,0.51423883,0.34504518,0.75828755,0.3904309,0.5879383,0.0,0.22508706,0.0,0.44923675,0.40089864,0.63617843,0.38603902,0.0,0.3927606,0.0,0.0,0.5417697,0.6654754,0.25006455,0.0,0.0,0.0,0.0,0.0,0.0,0.0,0.44127524,0.0,0.7386903,-0.09253899,-0.2886969,0.24823743
0.88609314,-0.5573666,-1.0324278,0.3074898,0.5944083,0.42366993,0.97594005,0.0,0.0,0.0,0.0,0.9418658,0.27455708,0.22779757,0.0,0.951307,0.31905615,0.0,0.74978244,0.0,0.39498648,0.0,0.0,0.0,0.0,0.0021690726,0.17114133,0.0,0.0,0.7058857,0.0,0.8523497,0.6994832,0.2339363,0.6995477,0.0,0.0,0.7149289,0.58287483,0.78437376,0.9905497,0.31190926,0.3665836,0.0,0.652158,0.0,0.40889367,0.21528204,1.1460245,0.25217518,0.0,0.33736515,0.0,0.0,1.2379835,0.97404873,0.0017976984,0.0,0.0,0.0,0.0,0.0,0.0,0.0,0.8480373,0.0,1.2747015,-0.76484644,-0.7501125,1.0082794
0.26693413,0.17940179,-0.49675366,0.0,0.48844773,0.6304781,0.7111918,0.0,0.0,0.0,0.0,0.13913725,0.0,0.0,0.064334445,0.17902179,0.09142186,0.0,0.82817626,0.0,0.15028577,0.2774247,0.087038755,0.0,0.0,0.41128424,0.49443254,0.0,0.0,0.58180344,0.0,0.015414268,0.69376695,0.23204377,0.14966586,0.0,0.0,0.75511193,0.6992456,0.5665473,0.7842369,0.4523867,0.4798711,0.0,0.25354984,0.0,0.16574287,0.350876,0.56860256,0.23119324,0.0,0.19606604,0.0,0.0,0.5035683,0.6776332,0.20608564,0.0,0.0,0.0,0.0,0.0,0.0,0.0,0.5698418,0.0,0.69906884,-0.41434455,-0.51407534,0.25604686
-1.1012393,-0.42853057,0.9986081,0.1674462,0.0,0.25784352,0.0,0.767634,0.0,0.47206613,0.60444856,0.0,0.0,0.0,0.3947413,0.0,0.0,0.5106777,0.0,0.0,0.0,0.44862688,1.5954161,0.0,1.1341597,0.8719379,0.0,0.8148745,0.0,0.38152802,0.4608025,0.0,0.5314349,0.73052335,0.026867159,0.0,0.0,0.27288032,0.4291228,0.3635313,0.15260611,1.3829767,1.0681443,0.0,0.99653566,0.0,1.2313864,1.0415368,0.0,0.72182953,0.0,0.8428858,0.0,0.0,0.50430495,0.0,0.4834771,0.0,0.0,0.0,0.0,0.0,0.0,0.0,0.14131673,0.0,0.09099548,0.5353512,1.1145246,-0.5465997
-1.0242643,2.2133846,2.0150497,0.0,0.0,0.4559528,0.2335405,1.6277552,1.5091361,1.919999,0.0,0.0,0.0,0.0,1.9129292,0.0,0.0,1.5815152,1.2852561,0.0,0.0,1.6745826,1.4864602,0.0,0.37457755,2.1135278,0.7935262,2.7478347,1.3375764,0.0,0.71181965,0.0,0.21289286,0.0,0.0,0.0,0.0,1.5166223,1.6687882,0.82886213,0.35905206,2.3333848,2.4959118,0.0,0.0,0.0,2.1103566,1.9380804,0.0,2.0754902,0.0,1.8228993,0.0,0.0,0.0,0.88630706,1.997279,0.0,0.0,0.0,0.0,0.0,0.0,0.0,0.54061055,0.0,0.0,1.6226414,0.9827012,-2.2800684
-2.0218904,-0.87379324,1.4855456,0.22670808,0.0,0.27674896,0.0,1.3661827,0.0,0.9901463,1.3497148,0.0,0.0,0.0,0.4202756,0.0,0.0,0.9953078,0.0,0.0,0.028610652,0.32133067,2.285258,0.065687776,1.9044577,0.9059817,0.0,1.0453402,0.0,0.40963718,0.81841785,0.0,0.59966105,1.1844568,0.09212839,0.0,0.0,0.27801022,0.46527916,0.65872955,0.0,1.9787376,1.4891374,0.0,1.6797094,0.0,1.8304551,1.3983502,0.0,0.91756374,0.0,1.169439,0.0,0.0,0.78578395,0.0,0.6565338,0.0,0.0,0.0,0.0,0.0,0.0,0.0,0.15071233,0.0,0.06175314,0.6889243,1.6773287,-0.7024148
0.71068853,0.1047537,-1.0302781,0.0,0.92913264,0.69713116,1.0083419,0.0,0.0,0.0,0.0,0.49654123,0.041586906,0.09601483,0.0,0.5423052,0.38109988,0.0,1.0233914,0.0,0.28380215,0.12270114,0.0,0.0,0.0,0.16368595,0.5731971,0.0,0.0,0.68238956,0.0,0.47197443,0.7578619,0.14966209,0.343741,0.0,0.0,1.0127803,0.89400893,0.9295949,1.0686462,0.27399164,0.34647435,0.0,0.37591344,0.0,0.1392522,0.24435495,0.86487794,0.16170439,0.0,0.21806952,0.0,0.0,0.8896171,1.0474997,0.16691169,0.0,0.0,0.0,0.0,0.0,0.0,0.0,0.8139463,0.0,1.0942955,-0.8040481,-1.0123497,0.67326397
-1.4926808,-0.013613906,0.5652711,0.0,0.0,0.79032165,0.0,0.9425461,0.0,0.7741457,0.2612489,0.0,0.0,0.0,0.44995952,0.0,0.0,0.6337013,0.0,0.0,0.090011,0.2804668,1.304925,0.0,0.7966906,0.72116596,0.4050975,0.8343129,0.0,0.5449934,0.31290615,0.0,0.7916918,0.9047574,0.0,0.0,0.0,0.6667648,0.7730866,0.78045547,0.26450568,1.3522823,0.9660167,0.0,0.8111672,0.0,0.88106227,0.90710926,0.0,0.52746785,0.0,0.40608394,0.0,0.0,0.47827083,0.07271114,0.36585987,0.0,0.0,0.0,0.0,0.0,0.0,0.0,0.5973643,0.0,0.16530213,-0.088793896,0.5718065,-0.4225403
-0.457049,0.12035279,-0.038552683,0.0,0.0,0.6908033,0.19669321,0.17151238,0.0,0.008990139,0.0,0.0,0.0,0.0,0.23940095,0.0,0.0,0.0,0.4040453,0.0,0.11384855,0.29397845,0.5961063,0.0,0.080921315,0.5551621,0.45878506,0.3557781,0.0,0.5585612,0.0,0.0,0.7271615,0.49918157,0.03001111,0.0,0.0,0.60443926,0.67089427,0.4640192,0.539569,0.6890621,0.540479,0.0,0.37057793,0.0,0.3197365,0.47019228,0.3424687,0.31435305,0.0,0.2385788,0.0,0.0,0.43525615,0.32461464,0.18200618,0.0,0.0,0.0,0.0,0.0,0.0,0.0,0.51967037,0.0,0.39423978,-0.25435388,-0.090001866,0.010183118
-1.215386,1.7836936,1.5268071,0.0,0.0,0.6782846,0.020388931,1.4856375,1.0950392,1.6995176,0.0,0.0,0.0,0.0,1.5638597,0.0,0.0,1.3640901,0.93519574,0.0,0.0,1.2885044,1.3441298,0.0,0.36715674,1.7275574,0.8430202,2.2714024,0.82079697,0.06835523,0.5631532,0.0,0.4227805,0.11207496,0.0,0.0,0.0,1.4166842,1.4800936,0.90352446,0.31109783,1.9724497,2.032772,0.0,0.0,0.0,1.6199312,1.6753737,0.0015490502,1.5992692,0.0,1.3341019,0.004312721,0.0,0.0,0.66880643,1.5102121,0.0,0.0,0.0,0.0,0.0,0.0,0.0,0.6490738,0.0,0.0,1.04362,0.6867086,-1.8140604
0.48524252,-0.00890478,-0.7905945,0.0,0.63083154,0.63536865,0.823735,0.0,0.0,0.0,0.0,0.39438835,0.0,0.054068208,0.0,0.43192446,0.20451923,0.0,0.8392383,0.0,0.25836954,0.1440623,0.0,0.0,0.0,0.23251015,0.46675324,0.0,0.0,0.65248585,0.0,0.32478845,0.73316056,0.23664248,0.33222914,0.0,0.0,0.8252701,0.72931844,0.74056935,0.91041744,0.35945034,0.39715153,0.0,0.36555386,0.0,0.14977075,0.2598421,0.77228224,0.1898782,0.0,0.18786132,0.0,0.0,0.7566319,0.84384996,0.12415515,0.0,0.0,0.0,0.0,0.0,0.0,0.0,0.7288153,0.0,0.92901975,-0.65975374,-0.7429112,0.5602631
-0.5228184,0.53425956,1.2046263,0.0,0.0,0.17161071,0.21197063,0.7073123,0.22977075,0.6076367,0.0,0.0,0.0,0.0,0.8591007,0.0,0.0,0.587973,0.61323386,0.0,0.0,0.9522499,1.3001378,0.0,0.6014071,1.2971959,0.1274083,1.3228748,0.55491567,0.15407446,0.40655935,0.0,0.32600754,0.1639757,0.0,0.0,0.0,0.55163854,0.7150014,0.2768846,0.37140977,1.4017956,1.3200492,0.0,0.25329065,0.0,1.393931,1.2056383,0.035724074,1.0853058,0.0,1.0831665,0.0,0.0,0.0,0.25530195,0.9104725,0.0,0.0,0.0,0.0,0.0,0.0,0.0,0.10783586,0.0,0.0,1.0148308,0.9086529,-1.1145481
0.12655897,0.11226187,-0.23502475,0.0,0.23923749,0.5323656,0.5939402,0.0,0.0,0.0,0.0,0.06461114,0.0,0.0,0.13383165,0.09397969,0.0,0.0,0.7168183,0.0,0.09443812,0.34205496,0.3130816,0.0,0.0,0.5127745,0.37843925,0.13010937,0.0,0.52822214,0.0,0.0,0.6398653,0.26160195,0.11266288,0.0,0.0,0.61725575,0.6108944,0.41156363,0.685734,0.5548115,0.5343201,0.0,0.22893995,0.0,0.2831889,0.4252134,0.47273678,0.32002246,0.0,0.27064967,0.0,0.0,0.38990566,0.511462,0.2420106,0.0,0.0,0.0,0.0,0.0,0.0,0.0,0.46454766,0.0,0.5552137,-0.19656444,-0.25133014,0.086840875
0.7027339,1.0489273,0.37902,0.0,0.6806008,0.21913233,1.17873,0.0,0.34311053,0.0,0.0,0.0,0.0,0.0,0.7288159,0.0,0.36804605,0.0,1.5621359,0.019817978,0.0,1.0201292,0.28926632,0.0,0.0,1.1398916,0.431841,0.87013465,0.6766648,0.17729348,0.0,0.0,0.29455394,0.0,0.0,0.0,0.0,0.9177598,1.0824667,0.25404322,0.93824863,0.8122606,0.98571426,0.0,0.0,0.0,0.9340869,0.6821778,0.45395023,0.980534,0.0,0.9844199,0.0,0.0,0.049171865,1.0302256,1.086522,0.0,0.0,0.0,0.0,0.0,0.0,0.0,0.18144205,0.0,0.5077399,0.7216919,-0.15180232,-0.7156244
0.58697575,-1.7391486,-2.107547,0.4593299,0.38147613,0.7888893,0.5350376,0.0,0.0,0.0,0.0,1.4417417,0.7986264,1.4287474,0.0,1.4628869,0.07159437,0.0,0.0,0.0,1.0613611,0.0,0.0,0.7412622,0.0,0.0,0.11981952,0.0,0.0,1.174168,0.0,1.7679917,1.1249158,0.9046016,1.5695786,0.0,0.0,0.7811832,0.64539355,1.6823746,1.4248614,0.69784546,0.0793699,0.0,1.8416736,0.0,0.38008207,0.0,1.9179786,0.055129148,0.0,0.051564336,0.0,0.0,2.2916641,1.1187718,0.0,0.0,0.0,0.0,0.0,0.0,0.0,0.0,1.6617094,0.0,1.8288376,-1.9447585,-1.1007252,2.1223404
-0.9579397,0.7165853,0.8062855,0.0,0.0,0.6360171,0.0,0.86880755,0.22204635,0.8423723,0.0,0.0,0.0,0.0,0.82612145,0.0,0.0,0.6813718,0.4722554,0.0,0.0,0.7230748,1.1096439,0.0,0.41250485,1.0970954,0.5314871,1.2533917,0.16427523,0.33128497,0.2931108,0.0,0.5813753,0.4109857,0.0,0.0,0.0,0.87948805,0.92656827,0.649629,0.3501592,1.336084,1.1777778,0.0,0.2894624,0.0,0.9917677,1.080196,0.122468054,0.8409147,0.0,0.6719235,0.0,0.0,0.049516585,0.325579,0.70723236,0.0,0.0,0.0,0.0,0.0,0.0,0.0,0.51568955,0.0,0.011900514,0.3673056,0.44283438,-0.8937926
-0.13068533,-0.29403257,-1.0059874,0.0,0.3395936,0.9439478,0.3493901,0.0,0.0,0.0,0.0,0.1726554,0.024702102,0.5240978,0.0,0.23182788,0.0,0.0,0.34040087,0.0,0.48732558,0.0,0.0,0.069046885,0.0,0.0,0.58906126,0.0,0.0,0.83718646,0.0,0.30503017,0.9647012,0.6509977,0.5036102,0.0,0.0,0.89118767,0.7299331,1.046692,0.85263216,0.5844203,0.20251417,0.0,0.77967244,0.0,0.0,0.07675126,0.80162394,0.0,0.0,0.0,0.0,0.0,0.9238041,0.62300086,0.0,0.0,0.0,0.0,0.0,0.0,0.0,0.0,1.0097001,0.0,0.86102575,-1.1695963,-0.73674524,0.80284566
0.5897783,0.01899023,0.14083372,0.29992393,0.14512503,0.09381774,0.87466055,0.0,0.0,0.0,0.0,0.37019554,0.0,0.0,0.1967629,0.35894608,0.1156369,0.0,0.9226377,0.056905508,0.0,0.5932242,0.4563354,0.0,0.0,0.7282854,0.024168044,0.22616751,0.18810943,0.34676576,0.0,0.0,0.3864736,0.0,0.09162725,0.0,0.0,0.3352522,0.40604386,0.0,0.6537596,0.5436046,0.82891244,0.0,0.07254656,0.0,0.8210884,0.5855201,0.50351775,0.6205999,0.0,0.6887455,0.0,0.0,0.3248852,0.53216165,0.4957218,0.0,0.0,0.0,0.0,0.0,0.0,0.0,0.1383721,0.0,0.5484422,0.5329586,0.16930987,-0.16721305
0.5635121,0.83009505,0.11034188,0.0,0.6487965,0.36198592,1.0424825,0.0,0.12564972,0.0,0.0,0.0,0.0,0.0,0.546481,0.0,0.29128712,0.0,1.3606966,0.0,0.0,0.8046328,0.21521872,0.0,0.0,0.9287182,0.47817498,0.62292206,0.38288754,0.29861483,0.0,0.0,0.4194078,0.0,0.0,0.0,0.0,0.8840907,0.96018344,0.34705943,0.8795949,0.69822997,0.7807644,0.0,0.0,0.0,0.65718293,0.5970024,0.49387965,0.7102397,0.0,0.7116504,0.0,0.0,0.16123623,0.89932716,0.81356865,0.0,0.0,0.0,0.0,0.0,0.0,0.0,0.27447915,0.0,0.55835795,0.36589637,-0.2900948,-0.4315714
2.086904,-0.26153725,-1.0980935,0.63600355,1.2866937,0.0073048174,1.8550259,0.0,0.0,0.0,0.0,1.5452619,0.3889915,0.0,0.0,1.5248541,0.9975713,0.0,1.5716194,0.20127583,0.17204578,0.3139,0.0,0.0,0.0,0.1727877,0.01698491,0.0,0.0,0.51529926,0.0,1.231875,0.4096868,0.0,0.6220591,0.0,0.0,0.8436526,0.77877164,0.6730529,1.3372855,0.0,0.6629219,0.0,0.37833053,0.0,1.0925537,0.34616604,1.3382621,0.64942276,0.0,0.9072411,0.0,0.0,1.5549842,1.5604632,0.5224514,0.0,0.0,0.0,0.0,0.0,0.0,0.0,0.5990882,0.0,1.6699226,-0.10147587,-0.9112954,0.9084109
0.84517384,-1.0119109,-1.1181831,0.5322827,0.35029507,0.35389906,0.8472294,0.0,0.0,0.0,0.0,1.1538639,0.42481104,0.43799567,0.0,1.1487585,0.20906319,0.0,0.4726616,0.0,0.5255134,0.0,0.0,0.0683018,0.0,0.0,0.0,0.0,0.0,0.77330756,0.0,1.0861573,0.7310421,0.38720873,0.9565488,0.0,0.0,0.5625261,0.41419303,0.770623,0.9470849,0.42359182,0.38316327,0.0,0.9379151,0.0,0.5418977,0.19745678,1.3274747,0.28572318,0.0,0.37632543,0.0,0.0,1.4908127,0.90811604,0.0,0.0,0.0,0.0,0.0,0.0,0.0,0.0,0.93251336,0.0,1.382087,-0.8142428,-0.5790404,1.2220383
-1.537362,-0.5116831,0.9325522,0.0,0.0,0.4647849,0.0,0.981393,0.0,0.6866741,0.75579405,0.0,0.0,0.0,0.36005932,0.0,0.0,0.6606122,0.0,0.0,0.07203628,0.2920885,1.6945817,0.0,1.2666898,0.7704408,0.0,0.81064206,0.0,0.47662222,0.50027794,0.0,0.66799396,0.97554183,0.064631306,0.0,0.0,0.35054058,0.54255396,0.5968093,0.15661187,1.5080196,1.0933976,0.0,1.1963656,0.0,1.2551061,1.0233077,0.0,0.668261,0.0,0.7366074,0.0,0.0,0.6101569,0.0,0.45207322,0.0,0.0,0.0,0.0,0.0,0.0,0.0,0.32768878,0.0,0.112943694,0.2915063,1.0779966,-0.46302253
0.10221192,-0.5032401,0.58343995,0.58157253,0.0,0.0,0.41458306,0.0,0.0,0.0,0.16490811,0.2956043,0.0,0.0,0.14788815,0.2579196,0.0,0.0,0.36920348,0.17951995,0.0,0.52673817,1.0216707,0.0,0.5800325,0.7637408,0.0,0.3141512,0.1254845,0.32646957,0.12365259,0.0,0.35375154,0.25747028,0.23014644,0.0,0.0,0.10987354,0.1396097,0.0,0.42526764,0.8300354,0.9294094,0.0,0.43647224,0.0,1.1128606,0.8073993,0.23680408,0.63405305,0.0,0.92852926,0.0,0.0,0.60293305,0.11258145,0.37514156,0.0,0.0,0.0,0.0,0.0,0.0,0.0,0.0,0.0,0.4487641,0.686764,0.7990011,-0.2018547
-0.44613543,-1.079182,0.15952569,0.5165284,0.0,0.2241649,0.0,0.0,0.0,0.0,0.5465249,0.28032422,0.0,0.08781001,0.0,0.25893912,0.0,0.0,0.0,0.0,0.29192966,0.0431135,1.0590665,0.08123171,0.7874237,0.3342623,0.0,0.0,0.0,0.5869797,0.060795292,0.014493793,0.6333685,0.75708836,0.6088743,0.0,0.0,0.105251655,0.10634087,0.26418936,0.35136586,0.8570389,0.6562067,0.0,1.0514938,0.0,0.81242967,0.56269765,0.2940007,0.3479363,0.0,0.55483985,0.0,0.0,1.0679238,0.0,0.0,0.0,0.0,0.0,0.0,0.0,0.0,0.0,0.31872827,0.0,0.64893144,-0.045454264,0.6729393,0.37690413
1.1808136,-0.49288198,-1.5206591,0.20108366,1.0350604,0.5739586,1.2029924,0.0,0.0,0.0,0.0,1.1321832,0.39623508,0.42682624,0.0,1.1572511,0.55852395,0.0,0.94158554,0.0,0.50672305,0.0,0.0,0.0,0.0,0.0,0.34575507,0.0,0.0,0.805302,0.0,1.1631305,0.790167,0.17841685,0.8020258,0.0,0.0,1.0236115,0.8721649,1.1741219,1.2811272,0.21515861,0.25236964,0.0,0.7611879,0.0,0.37291786,0.15839428,1.3243376,0.18553895,0.0,0.35884532,0.0,0.0,1.5132092,1.3357445,0.02579758,0.0,0.0,0.0,0.0,0.0,0.0,0.0,1.0666016,0.0,1.5738418,-1.1161002,-1.224765,1.2747233
-0.9625389,-1.071515,-0.3467617,0.07539108,0.0,0.73169386,0.0,0.10638276,0.0,0.0,0.4882701,0.0,0.0037288368,0.62971544,0.0,0.019446377,0.0,0.0,0.0,0.0,0.5463676,0.0,0.8701451,0.40407717,0.6480477,0.023294687,0.108730674,0.0,0.0,0.82350415,0.0,0.030617312,0.94395137,1.110344,0.704383,0.0,0.0,0.44490635,0.505249,0.9083092,0.6460474,0.97634727,0.32620034,0.0,1.3654258,0.0,0.38146344,0.22656809,0.44909346,0.051841386,0.0,0.002104192,0.0,0.0,1.1745977,0.008452587,0.0,0.0,0.0,0.0,0.0,0.0,0.0,0.0,0.82336485,0.0,0.6536159,-0.9723299,0.097775966,0.7314601
-0.012897328,1.1824876,0.17885081,0.0,0.5973436,0.6881122,0.7320507,0.21442725,0.3555729,0.27650276,0.0,0.0,0.0,0.0,0.7594006,0.0,0.071863934,0.13718626,1.2426105,0.0,0.0,0.79921544,0.31663567,0.0,0.0,0.9991338,0.79882663,0.9447277,0.28333488,0.34110272,0.0,0.0,0.55528444,0.0,0.0,0.0,0.0,1.1618421,1.1449599,0.54272634,0.8116311,0.89697164,0.9016945,0.0,0.0,0.0,0.55016387,0.74813473,0.47030193,0.7175397,0.0,0.7095794,0.0,0.0,0.051297724,0.954636,0.8690016,0.0,0.0,0.0,0.0,0.0,0.0,0.0,0.5270765,0.0,0.42555162,0.2249153,-0.38549352,-0.61976177
-0.6324076,-0.003034545,0.3099719,0.0,0.0,0.5449074,0.04062277,0.36114216,0.0,0.16653961,0.0,0.0,0.0,0.0,0.31624603,0.0,0.0,0.14804247,0.24312198,0.0,0.044754095,0.37309265,0.9035457,0.0,0.39232364,0.68234205,0.28290913,0.5336405,0.0,0.48798048,0.085193515,0.0,0.6516712,0.5416085,0.0,0.0,0.0,0.51157266,0.62131274,0.42265725,0.42688996,0.8701666,0.6732008,0.0,0.46830893,0.0,0.5881208,0.6455979,0.18342862,0.43874192,0.0,0.36937752,0.0,0.0,0.39076006,0.18919344,0.2509274,0.0,0.0,0.0,0.0,0.0,0.0,0.0,0.40841123,0.0,0.23894107,-0.009862265,0.25569147,-0.20638525
-0.6326754,0.17126337,1.6446885,0.27263725,0.0,0.0,0.042970926,0.83712584,0.12451133,0.6434808,0.31398863,0.0,0.0,0.0,0.8580446,0.0,0.0,0.70899534,0.35545582,0.25679708,0.0,1.0194879,1.7164261,0.0,1.0648063,1.4134533,0.0,1.4227974,0.69354016,0.06321359,0.62513316,0.0,0.1971845,0.21649271,0.0,0.0,0.0,0.27485803,0.43573788,0.14156157,0.17900005,1.6288745,1.5867506,0.0,0.5317484,0.0,1.8770193,1.4572456,0.0,1.1775837,0.0,1.5046573,0.0,0.0,0.14126901,0.0,1.0340322,0.0,0.0,0.0,0.0,0.0,0.0,0.0,0.0,0.0,0.0,1.4048127,1.5201695,-1.2087206
1.2647935,-0.087996036,-2.0133467,0.0,1.603559,0.9219867,1.3655425,0.0,0.0,0.0,0.0,1.0188881,0.3798298,0.60850006,0.0,1.0831841,0.77042663,0.0,1.2079817,0.0,0.58176166,0.0,0.0,0.0,0.0,0.0,0.7639659,0.0,0.0,0.9132633,0.0,1.2319326,0.94469774,0.13879016,0.71684164,0.0,0.0,1.4990342,1.3049269,1.6582441,1.5807372,0.14265375,0.105447814,0.0,0.78530127,0.0,0.13393448,0.10061823,1.3479351,0.01947181,0.0,0.2532085,0.0,0.0,1.6105347,1.6687025,0.08339931,0.0,0.0,0.0,0.0,0.0,0.0,0.0,1.2914932,0.0,1.7511082,-1.5725666,-1.8195492,1.3927923
-1.611898,-0.9779014,0.965994,0.2621163,0.0,0.34230816,0.0,0.93488514,0.0,0.5326234,1.1081992,0.0,0.0,0.0,0.16974302,0.0,0.0,0.5811975,0.0,0.0,0.16854984,0.15645824,1.8677843,0.14532006,1.5397656,0.654099,0.0,0.6080636,0.0,0.5134502,0.5523501,0.0,0.6673392,1.1228766,0.2964307,0.0,0.0,0.21414056,0.37974954,0.60013735,0.1533604,1.5608777,1.1329565,0.0,1.573813,0.0,1.4335372,1.0557121,0.0,0.68194526,0.0,0.884851,0.0,0.0,0.95512617,0.0,0.29550195,0.0,0.0,0.0,0.0,0.0,0.0,0.0,0.2544915,0.0,0.28106105,0.29168528,1.293311,-0.23642945
0.11673957,-0.17089388,-0.32596037,0.0150033785,0.11524919,0.50211716,0.52537453,0.0,0.0,0.0,0.0,0.2094656,0.0,0.0,0.0,0.23102033,0.0,0.0,0.5523406,0.0,0.18643433,0.21833758,0.3368123,0.0,0.0,0.38876903,0.27199754,0.0,0.0,0.5793319,0.0,0.040128782,0.66824484,0.35743353,0.2828724,0.0,0.0,0.50045234,0.4887627,0.4240602,0.65718985,0.49637008,0.5105653,0.0,0.325688,0.0,0.30047116,0.35724074,0.5271771,0.27675447,0.0,0.20852177,0.0,0.0,0.5432244,0.44643265,0.076693475,0.0,0.0,0.0,0.0,0.0,0.0,0.0,0.5295184,0.0,0.6294189,-0.31623632,-0.21380974,0.2961634
-0.0065995366,1.738824,0.5669835,0.0,0.7135086,0.6402957,0.85217047,0.45845968,0.8171257,0.63951063,0.0,0.0,0.0,0.0,1.1402808,0.0,0.139722,0.4341819,1.5610392,0.0,0.0,1.1328675,0.4088045,0.0,0.0,1.3487929,0.91548234,1.4579984,0.6927283,0.17813405,0.0,0.0,0.43110654,0.0,0.0,0.0,0.0,1.4421095,1.4966587,0.6496996,0.85458255,1.191871,1.3404897,0.0,0.0,0.0,0.9443042,0.97460973,0.4072203,1.167354,0.0,1.0657858,0.0,0.0,0.0,1.225946,1.3258442,0.0,0.0,0.0,0.0,0.0,0.0,0.0,0.5753934,0.0,0.2939104,0.6122483,-0.27494806,-1.1177456
2.3672826,0.78440297,-2.544103,0.0,2.8814554,0.9714083,2.3225474,0.0,0.0,0.0,0.0,1.3060917,0.39023623,0.28241992,0.0,1.3931301,1.6041692,0.0,2.2925582,0.0,0.41661263,0.032004386,0.0,0.0,0.0,0.0,1.1588295,0.0,0.0,0.8376677,0.0,1.5138396,0.8515241,0.0,0.4482497,0.0,0.0,2.1566274,1.9999213,2.0762844,2.174299,0.0,0.14346772,0.0,0.4998601,0.0,0.32790715,0.14803505,1.492103,0.19385731,0.0,0.48263562,0.0,0.0,1.887422,2.4802938,0.56541747,0.0,0.0,0.0,0.0,0.0,0.0,0.0,1.3467621,0.0,2.274972,-1.577231,-2.5944474,1.3507267
1.3128377,-0.18929248,-1.0520523,0.26496744,0.9991255,0.35147142,1.3481184,0.0,0.0,0.0,0.0,1.0226216,0.23335552,0.0,0.0,1.0330502,0.6192372,0.0,1.1886727,0.0,0.25990534,0.17174616,0.0,0.0,0.0,0.13563126,0.25486746,0.0,0.0,0.61701757,0.0,0.8631534,0.6002525,0.0,0.5335375,0.0,0.0,0.867583,0.77738464,0.7835372,1.133843,0.1426263,0.4510776,0.0,0.40039098,0.0,0.5412264,0.29524392,1.1176419,0.38397878,0.0,0.52164555,0.0,0.0,1.177024,1.2324599,0.2496267,0.0,0.0,0.0,0.0,0.0,0.0,0.0,0.74145395,0.0,1.3615752,-0.51325667,-0.92987823,0.82851636
0.7836204,-1.0996563,-0.90947974,0.6433311,0.15049058,0.24291787,0.77992415,0.0,0.0,0.0,0.0,1.143179,0.40173057,0.34601635,0.0,1.1262114,0.1252967,0.0,0.39235258,0.0,0.4803379,0.0,0.04066822,0.05238062,0.0,0.0,0.0,0.0,0.0,0.7252806,0.0,1.0074763,0.6740647,0.3952146,0.947495,0.0,0.0,0.4464756,0.28388482,0.6103177,0.8308791,0.45351976,0.45996803,0.0,0.8817006,0.0,0.60387707,0.24827102,1.2788982,0.3346518,0.0,0.42687955,0.0,0.0,1.4293699,0.77906555,0.0,0.0,0.0,0.0,0.0,0.0,0.0,0.0,0.83162516,0.0,1.3120619,-0.63452905,-0.37604386,1.124756
0.10752874,0.27716282,0.37987894,0.02397433,0.0,0.25771806,0.601534,0.014709532,0.0,0.0,0.0,0.0,0.0,0.0,0.42195308,0.0,0.0,0.0,0.8054467,0.0,0.0,0.65949273,0.66886854,0.0,0.07424176,0.87045765,0.18944965,0.5859077,0.21261564,0.32906485,0.0,0.0,0.43710864,0.099423185,0.0,0.0,0.0,0.45255527,0.5771794,0.09344295,0.600793,0.7769818,0.74891824,0.0,0.08511187,0.0,0.7119556,0.65094566,0.34272212,0.6396418,0.0,0.652526,0.0,0.0,0.14085767,0.39957422,0.5437586,0.0,0.0,0.0,0.0,0.0,0.0,0.0,0.16973749,0.0,0.34727404,0.47335207,0.21817763,-0.40316394
-0.78261375,-0.54772186,0.42840979,0.15068889,0.0,0.38731954,0.0,0.36954093,0.0,0.049580365,0.37886667,0.0,0.0,0.0,0.12516227,0.0,0.0,0.114444286,0.0,0.0,0.1395102,0.23516916,1.1742891,0.0,0.7751335,0.5805557,0.0,0.35580632,0.0,0.5164351,0.18769075,0.0,0.6403942,0.72742784,0.24699952,0.0,0.0,0.24092196,0.36637437,0.3428672,0.29877603,0.9705193,0.69860804,0.0,0.9183729,0.0,0.81280065,0.66750795,0.038721547,0.45044684,0.0,0.523948,0.0,0.0,0.68940175,0.0,0.11769462,0.0,0.0,0.0,0.0,0.0,0.0,0.0,0.29338723,0.0,0.3179071,0.06594833,0.6887171,-0.04495778
-0.5244235,1.1616992,0.29935956,0.0,0.3127776,0.84664446,0.37895894,0.5467279,0.36651745,0.62191176,0.0,0.0,0.0,0.0,0.8215991,0.0,0.0,0.4099979,0.95231664,0.0,0.0,0.72601366,0.53917557,0.0,0.0,1.002268,0.87811935,1.0973961,0.14099196,0.385755,0.0,0.0,0.6490006,0.19583993,0.0,0.0,0.0,1.2022249,1.1742529,0.7148609,0.6202618,1.0426942,1.0051322,0.0,0.0005231425,0.0,0.58761936,0.8374115,0.38233584,0.7219694,0.0,0.5752706,0.0,0.0,0.011647139,0.77586395,0.7709988,0.0,0.0,0.0,0.0,0.0,0.0,0.0,0.6975148,0.0,0.2650237,0.09153318,-0.2679687,-0.7110647
0.21378304,0.34315714,-0.086170204,0.0,0.3279173,0.48112303,0.70119995,0.0,0.0,0.0,0.0,0.0,0.0,0.0,0.28277963,0.018811872,0.036927715,0.0,0.8951601,0.0,0.0,0.4951011,0.32046688,0.0,0.0,0.66039455,0.40836906,0.3207604,0.0,0.45108643,0.0,0.0,0.57011867,0.1295923,0.0,0.0,0.0,0.69306135,0.7015028,0.34983212,0.71784866,0.6108616,0.5833173,0.0,0.116330445,0.0,0.35550565,0.5075282,0.44953692,0.42169517,0.0,0.3911756,0.0,0.0,0.25442097,0.58857447,0.4332056,0.0,0.0,0.0,0.0,0.0,0.0,0.0,0.37455913,0.0,0.49599493,0.009455109,-0.24078254,-0.13026434
-0.66300225,-1.1482387,-0.42370144,0.22474413,0.0,0.6160079,0.0,0.0,0.0,0.0,0.4288113,0.22730698,0.09041256,0.58923244,0.0,0.24000217,0.0,0.0,0.0,0.0,0.54312176,0.0,0.7607657,0.36416143,0.5540725,0.0,0.017820626,0.0,0.0,0.8060813,0.0,0.2227801,0.8895591,1.0018193,0.7788321,0.0,0.0,0.37688097,0.39011452,0.8213711,0.6441814,0.8941552,0.34376395,0.0,1.3294896,0.0,0.4288808,0.22831225,0.60469747,0.09939896,0.0,0.0911021,0.0,0.0,1.2598658,0.06725603,0.0,0.0,0.0,0.0,0.0,0.0,0.0,0.0,0.8042523,0.0,0.75921476,-0.8936101,0.096718445,0.8310942
-1.5717646,-0.73347175,0.2966648,0.0,0.0,0.75793284,0.0,0.7446912,0.0,0.41833124,0.6721647,0.0,0.0,0.32620645,0.042541414,0.0,0.0,0.37149915,0.0,0.0,0.3452652,0.0,1.3557793,0.2592438,1.0255573,0.3811185,0.16709447,0.32296163,0.0,0.69495595,0.25618178,0.0,0.8910104,1.1823218,0.33682692,0.0,0.0,0.44369534,0.61863804,0.9216801,0.43931198,1.2394406,0.7250538,0.0,1.4052091,0.0,0.8251057,0.626789,0.056590274,0.30881995,0.0,0.2788798,0.0,0.0,0.969724,0.0,0.0,0.0,0.0,0.0,0.0,0.0,0.0,0.0,0.68206346,0.0,0.41086322,-0.5425805,0.55249095,0.21514997
-0.7901282,0.8525198,0.34384197,0.0,0.0,0.8505155,0.12811354,0.64887995,0.17901275,0.6612153,0.0,0.0,0.0,0.0,0.7156011,0.0,0.0,0.4640309,0.63475525,0.0,0.0,0.59481645,0.72715205,0.0,0.032289863,0.914127,0.76851165,1.0148592,0.0,0.43722194,0.070607334,0.0,0.6981857,0.39298275,0.0,0.0,0.0,1.0138578,1.0040352,0.7026232,0.4658676,1.0606068,0.9475873,0.0,0.15394339,0.0,0.59793127,0.8235948,0.3137339,0.63110006,0.0,0.42495066,0.0,0.0,0.10801034,0.49112415,0.5727436,0.0,0.0,0.0,0.0,0.0,0.0,0.0,0.6907756,0.0,0.18512903,-0.01506958,-0.052868485,-0.5864503
-0.36081636,-0.5419808,0.06959848,0.18956925,0.0,0.393289,0.10777384,0.007899269,0.0,0.0,0.120830506,0.06823961,0.0,0.0,0.0,0.0720667,0.0,0.0,0.088225394,0.0,0.19874498,0.17628138,0.82645845,0.0,0.44370645,0.4419164,0.028521627,0.06846702,0.0,0.5604803,0.0,0.0,0.65190387,0.5984117,0.35451758,0.0,0.0,0.24910274,0.31076154,0.30124396,0.42067015,0.71438456,0.5351157,0.0,0.64697146,0.0,0.55232096,0.48054093,0.2770764,0.32562378,0.0,0.3236658,0.0,0.0,0.6905081,0.047827527,0.0,0.0,0.0,0.0,0.0,0.0,0.0,0.0,0.36789167,0.0,0.48299062,-0.13918604,0.3462366,0.21452945
-1.7946318,0.13386494,1.9082909,0.0,0.0,0.24449907,0.0,1.5907583,0.1526663,1.429505,0.7604773,0.0,0.0,0.0,1.0001475,0.0,0.0,1.327455,0.0,0.0,0.0,0.851474,2.2126205,0.0,1.5762806,1.4180255,0.0,1.7684772,0.36635065,0.16702285,0.900588,0.0,0.41373152,0.72996217,0.0,0.0,0.0,0.48339912,0.6858776,0.63449156,0.0,2.19472,1.785182,0.0,1.0397464,0.0,2.0130942,1.6845688,0.0,1.2688824,0.0,1.3267943,0.0,0.0,0.13533576,0.0,1.0904418,0.0,0.0,0.0,0.0,0.0,0.0,0.0,0.14443345,0.0,0.0,1.1226455,1.7100984,-1.3513501
-0.50248253,0.80654573,0.24924353,0.0,0.13341431,0.7587987,0.31428403,0.4407425,0.12885854,0.43294516,0.0,0.0,0.0,0.0,0.64577353,0.0,0.0,0.28469762,0.7655004,0.0,0.0,0.60754144,0.6009324,0.0,0.0,0.883057,0.7054945,0.8837322,0.018881783,0.42477107,0.0,0.0,0.6535886,0.28608534,0.0,0.0,0.0,0.95935845,0.9573856,0.5850574,0.5636247,0.930809,0.84663177,0.0,0.112223975,0.0,0.5351494,0.7348748,0.36940712,0.5900282,0.0,0.4525874,0.0,0.0,0.13391353,0.5742107,0.57412094,0.0,0.0,0.0,0.0,0.0,0.0,0.0,0.60228264,0.0,0.2907828,0.022030452,-0.14717875,-0.4842229
1.8560704,-1.2444582,-1.151789,1.112129,0.62581205,0.0,1.4770218,0.0,0.0,0.0,0.0,1.904371,0.6656009,0.1396333,0.0,1.8514943,0.66760504,0.0,0.89592755,0.27397704,0.4301908,0.0,0.0,0.0,0.0,0.0,0.0,0.0,0.0,0.64279795,0.0,1.6200045,0.47042894,0.0,1.137862,0.0,0.06277323,0.5459434,0.3300344,0.61333656,1.1182618,0.12334266,0.63330936,0.0,0.7120571,0.0,1.1856339,0.40439522,1.6561115,0.5659089,0.0,1.003654,0.0,0.0,2.0104458,1.2999828,0.12821029,0.0,0.0,0.0,0.0,0.0,0.0,0.0,0.7217221,0.0,1.8771901,-0.26948845,-0.59681916,1.3741608
0.09479787,0.6152163,-0.07277056,0.0,0.43966568,0.60779846,0.6825242,0.0,0.0,0.0,0.0,0.0,0.0,0.0,0.41464812,0.0,0.03695801,0.0,0.982041,0.0,0.0,0.55048025,0.2847583,0.0,0.0,0.7283126,0.5811865,0.4875896,0.0074026138,0.44493076,0.0,0.0,0.60223496,0.11491759,0.0,0.0,0.0,0.85125875,0.8176535,0.42391747,0.7643205,0.6689855,0.5960133,0.0,0.10287801,0.0,0.32811415,0.54684377,0.48820665,0.43204224,0.0,0.43032864,0.0,0.0,0.2605031,0.69386005,0.5184788,0.0,0.0,0.0,0.0,0.0,0.0,0.0,0.43006855,0.0,0.5214754,-0.024283191,-0.35245502,-0.182224
-1.3055494,-0.22343074,0.98946136,0.0,0.0,0.4152075,0.0,0.92769396,0.0,0.6892891,0.5167333,0.0,0.0,0.0,0.49404925,0.0,0.0,0.6553165,0.0,0.0,0.0,0.45462465,1.5871785,0.0,1.0871681,0.90139306,0.045131534,0.9494536,0.0,0.40079847,0.47376674,0.0,0.59259963,0.7786935,0.0,0.0,0.0,0.39771158,0.5636846,0.51592743,0.16598207,1.463251,1.0954775,0.0,0.9310854,0.0,1.2049127,1.064255,0.0,0.7222423,0.0,0.7376171,0.0,0.0,0.41544586,0.0,0.5358238,0.0,0.0,0.0,0.0,0.0,0.0,0.0,0.2834257,0.0,0.037495017,0.41651976,1.019649,-0.6219254
0.6341377,0.72560793,-1.0707104,0.0,1.3024142,0.93697757,1.0992056,0.0,0.0,0.0,0.0,0.13717617,0.0,0.0,0.08501403,0.2157022,0.4900058,0.0,1.3276021,0.0,0.18085447,0.26351088,0.0,0.0,0.0,0.30249348,0.94464064,0.0,0.0,0.6596564,0.0,0.17022581,0.80388224,0.037243187,0.025114678,0.0,0.0,1.321466,1.1898232,1.0406244,1.127772,0.28394884,0.36985236,0.0,0.20696223,0.0,0.0039802864,0.33829504,0.67856675,0.124478005,0.0,0.202143,0.0,0.0,0.68721443,1.1420108,0.34970772,0.0,0.0,0.0,0.0,0.0,0.0,0.0,0.7564071,0.0,1.0023044,-0.7809459,-1.2068067,0.37810633
-0.032790966,-0.32109335,-0.2679009,0.06369795,0.0,0.49350458,0.38870552,0.0,0.0,0.0,0.0,0.18780561,0.0,0.0,0.0,0.20553574,0.0,0.0,0.38728684,0.0,0.22030786,0.16605511,0.45722136,0.0,0.04498847,0.3625129,0.20783907,0.0,0.0,0.596303,0.0,0.023039415,0.68504995,0.45537984,0.33943522,0.0,0.0,0.4230338,0.4250093,0.3968624,0.58546525,0.5410821,0.5018862,0.0,0.39963835,0.0,0.3401466,0.36514503,0.4916764,0.27308226,0.0,0.18899077,0.0,0.0,0.6002864,0.32061028,0.0,0.0,0.0,0.0,0.0,0.0,0.0,0.0,0.5242372,0.0,0.59649795,-0.32645845,-0.0873777,0.324301
0.5721681,1.2207085,-0.59364784,0.0,1.3022946,0.8536986,1.1568626,0.0,0.17086914,0.0,0.0,0.0,0.0,0.0,0.4736939,0.0,0.49572074,0.0,1.5754821,0.0,0.0,0.60329545,0.0,0.0,0.0,0.6741402,1.0072548,0.3965763,0.038085237,0.48462993,0.0,0.0,0.6661019,0.0,0.0,0.0,0.0,1.456246,1.3434758,0.8649601,1.1193118,0.50241584,0.53884286,0.0,0.0037854575,0.0,0.19772093,0.5013202,0.605817,0.40078735,0.0,0.43475544,0.0,0.0,0.41505286,1.247118,0.7273782,0.0,0.0,0.0,0.0,0.0,0.0,0.0,0.62449336,0.0,0.8047462,-0.33271483,-1.0751656,-0.118632995
-0.053004414,-2.6165214,-0.18263797,1.4929165,0.0,0.0,0.0,0.0,0.0,0.0,1.3587308,1.3327061,0.5951444,0.6287148,0.0,1.2441827,0.0,0.0,0.0,0.12936741,0.66992676,0.0,1.1645834,0.6423322,1.2419837,0.0,0.0,0.0,0.0,0.74771667,0.0,1.0446564,0.6172358,1.0305357,1.5180194,0.0,0.0,0.0,0.0,0.6682981,0.551593,1.080187,0.8520733,0.0,2.2387908,0.0,1.5376766,0.6073424,1.0201844,0.48089314,0.0,1.2110918,0.0,0.0,2.481411,0.011332527,0.0,0.0,0.0,0.0,0.0,0.0,0.0,0.0,0.60077554,0.0,1.5205863,-0.33279595,0.93439853,1.3102694
0.8825259,0.2642217,-0.9257915,0.0,1.033352,0.6107125,1.1576409,0.0,0.0,0.0,0.0,0.5142792,0.0,0.0,0.0,0.5553943,0.48672527,0.0,1.207681,0.0,0.18784976,0.25558528,0.0,0.0,0.0,0.2780694,0.5613077,0.0,0.0,0.6110944,0.0,0.42017752,0.6795635,0.0044053793,0.24309438,0.0,0.0,1.01714,0.92614514,0.83843976,1.0869745,0.20976856,0.4183222,0.0,0.2275638,0.0,0.23230493,0.30151433,0.81781435,0.2483001,0.0,0.3288725,0.0,0.0,0.78789204,1.1143779,0.29912323,0.0,0.0,0.0,0.0,0.0,0.0,0.0,0.7032191,0.0,1.0691762,-0.57851154,-0.9946388,0.5165846
0.0539858,-1.1402422,-1.1434913,0.2472307,0.0,0.68494844,0.2850893,0.0,0.0,0.0,0.0,0.7280584,0.34209242,0.79950017,0.0,0.74898916,0.0,0.0,0.0,0.0,0.68252116,0.0,0.099056184,0.37128067,0.0,0.0,0.14835015,0.0,0.0,0.91496265,0.0,0.83616537,0.9467817,0.80608666,0.98980284,0.0,0.0,0.56379426,0.47299656,1.0640023,0.91245914,0.65702754,0.20787375,0.0,1.1886474,0.0,0.2066527,0.060902923,1.2050134,0.06576084,0.0,0.0,0.0,0.0,1.4391674,0.58932364,0.0,0.0,0.0,0.0,0.0,0.0,0.0,0.0,1.1495457,0.0,1.1250422,-1.2787813,-0.57190984,1.2782001
0.72819793,-0.27698874,-1.0060785,0.07627211,0.68835795,0.56329024,0.9325547,0.0,0.0,0.0,0.0,0.6991394,0.15755236,0.18700889,0.0,0.7259325,0.2994473,0.0,0.8201513,0.0,0.35187292,0.028825372,0.0,0.0,0.0,0.0749349,0.3535325,0.0,0.0,0.70120734,0.0,0.64580905,0.73761976,0.23315577,0.5383172,0.0,0.0,0.8313466,0.7156558,0.861291,1.0169663,0.30739397,0.3302589,0.0,0.5229839,0.0,0.2359041,0.20523633,0.99355793,0.18220682,0.0,0.23051862,0.0,0.0,1.0446157,0.97356963,0.052441705,0.0,0.0,0.0,0.0,0.0,0.0,0.0,0.8479168,0.0,1.1540997,-0.82571673,-0.8687538,0.85797733
-0.6379896,0.8331453,0.9510656,0.0,0.0,0.44863233,0.20940793,0.75561905,0.34333995,0.73874104,0.0,0.0,0.0,0.0,0.9096763,0.0,0.0,0.6234734,0.7141421,0.0,0.0,0.896821,1.0834391,0.0,0.342409,1.2359118,0.43602443,1.342405,0.4250546,0.22759727,0.30055636,0.0,0.44921142,0.19683997,0.0,0.0,0.0,0.82150626,0.91736954,0.47560507,0.41557956,1.3442571,1.2895132,0.0,0.13477695,0.0,1.1545925,1.1302311,0.14028406,1.0151794,0.0,0.9174141,0.0,0.0,0.0,0.41693676,0.9001043,0.0,0.0,0.0,0.0,0.0,0.0,0.0,0.36132914,0.0,0.0033815205,0.7172712,0.53599435,-1.0636505
-1.7589258,0.8479021,1.6657064,0.0,0.0,0.5706258,0.0,1.6447531,0.53402674,1.6572663,0.16862571,0.0,0.0,0.0,1.2295182,0.0,0.0,1.4110206,0.116797775,0.0,0.0,0.9550563,1.8450694,0.0,1.0723585,1.4899894,0.43506008,1.97784,0.4224466,0.18193066,0.7530511,0.0,0.5011591,0.5823642,0.0,0.0,0.0,0.9727898,1.0820099,0.86532694,0.09847283,2.127953,1.812443,0.0,0.5012682,0.0,1.7241739,1.6821524,0.0,1.3239558,0.0,1.1140931,0.0,0.0,0.0,0.19919871,1.1739872,0.0,0.0,0.0,0.0,0.0,0.0,0.0,0.48996708,0.0,0.0,0.8722924,1.1610311,-1.5249722
0.70278746,0.3154833,-0.95544046,0.0,1.0112344,0.7226069,1.0489126,0.0,0.0,0.0,0.0,0.37868413,0.0,0.0,0.0,0.4304965,0.4130873,0.0,1.1375532,0.0,0.21517396,0.21437366,0.0,0.0,0.0,0.25806728,0.6534568,0.0,0.0,0.64452994,0.0,0.33678055,0.7383118,0.08415769,0.21451735,0.0,0.0,1.0582578,0.9518681,0.8875217,1.0562158,0.2644,0.39587015,0.0,0.2687325,0.0,0.13959403,0.29443017,0.7705511,0.19418842,0.0,0.24798255,0.0,0.0,0.76921594,1.0537927,0.25304905,0.0,0.0,0.0,0.0,0.0,0.0,0.0,0.7378251,0.0,1.0265796,-0.68182445,-1.0007256,0.50966144
0.479666,1.1056538,0.08054069,0.0,0.80175465,0.4972374,1.0495063,0.0,0.28907076,0.0,0.0,0.0,0.0,0.0,0.662835,0.0,0.31654125,0.0,1.4682784,0.0,0.0,0.85001695,0.14108717,0.0,0.0,0.97907984,0.6626854,0.7593559,0.40497458,0.30000252,0.0,0.0,0.4571066,0.0,0.0,0.0,0.0,1.0953642,1.1382593,0.4513932,0.95316315,0.73656875,0.8088951,0.0,0.0,0.0,0.601558,0.62059623,0.5197283,0.74934703,0.0,0.7583757,0.0,0.0,0.15574723,1.068099,0.9268613,0.0,0.0,0.0,0.0,0.0,0.0,0.0,0.36953783,0.0,0.5701712,0.31274885,-0.46329302,-0.5037472
0.52325153,-1.1546371,-0.86385536,0.57926154,0.0,0.31896308,0.5905268,0.0,0.0,0.0,0.0,1.005165,0.36803457,0.4320796,0.0,0.9935298,0.0,0.0,0.21962792,0.0,0.5158225,0.0,0.1563046,0.13930357,0.0,0.0,0.0,0.0,0.0,0.75623035,0.0,0.9067027,0.7263084,0.5249448,0.95170856,0.0,0.0,0.39746112,0.25346553,0.64037526,0.7874179,0.54458445,0.4358322,0.0,0.9546785,0.0,0.5345879,0.23495422,1.2081218,0.28172824,0.0,0.32126716,0.0,0.0,1.3797822,0.6311856,0.0,0.0,0.0,0.0,0.0,0.0,0.0,0.0,0.8663436,0.0,1.2042215,-0.7110524,-0.28923404,1.1024997
0.8449328,1.4156966,-0.8692788,0.0,1.6899809,0.9376717,1.3929036,0.0,0.22053733,0.0,0.0,0.0,0.0,0.0,0.44829553,0.0,0.720125,0.0,1.8305342,0.0,0.0,0.60025805,0.0,0.0,0.0,0.6137336,1.1600947,0.28137788,0.027900979,0.51201224,0.0,0.0,0.69216114,0.0,0.0,0.0,0.0,1.6976521,1.5644239,1.069094,1.2856565,0.40591767,0.50859857,0.0,0.0,0.0,0.17047219,0.4785715,0.62511563,0.3742433,0.0,0.42140362,0.0,0.0,0.5134065,1.4554725,0.7866994,0.0,0.0,0.0,0.0,0.0,0.0,0.0,0.70093,0.0,0.94725305,-0.4837369,-1.369385,-0.057599
-0.38455945,-0.02664513,1.1277355,0.2941872,0.0,0.0,0.17964324,0.48046434,0.0,0.24528793,0.18215829,0.0,0.0,0.0,0.5762374,0.0,0.0,0.34395036,0.37493962,0.12707973,0.0,0.79069245,1.3710054,0.0,0.7960554,1.1208205,0.0,0.9683786,0.4070375,0.19874698,0.3886404,0.0,0.3050427,0.25614357,0.0,0.0,0.0,0.23953739,0.38278097,0.050419137,0.30372804,1.258329,1.1840769,0.0,0.50263935,0.0,1.4091704,1.1147941,0.0,0.91112965,0.03085909,1.1274772,0.0,0.0,0.26769066,0.018768296,0.7066821,0.0,0.0,0.0,0.0,0.0,0.0,0.0,0.0,0.0,0.092609175,1.0129472,1.1391357,-0.80202615
-0.38493907,0.51226115,0.70223576,0.0,0.0,0.37440515,0.3139422,0.457519,0.07520279,0.3619205,0.0,0.0,0.0,0.0,0.6665282,0.0,0.0,0.3261203,0.67072797,0.0,0.0,0.7540115,0.9444777,0.0,0.28591496,1.048049,0.30708355,0.9857812,0.28050527,0.28903216,0.18121918,0.0,0.46142694,0.2089307,0.0,0.0,0.0,0.616594,0.7217075,0.31215745,0.4723633,1.0868344,1.0024809,0.0,0.19918507,0.0,0.95437044,0.90803504,0.21325684,0.7938088,0.0,0.7575416,0.0,0.0,0.074311286,0.35238117,0.68007594,0.0,0.0,0.0,0.0,0.0,0.0,0.0,0.26452744,0.0,0.16224442,0.5565854,0.4339224,-0.71336615
0.74033487,-1.0708497,-0.4497353,0.79336226,0.0,0.02267608,0.7444897,0.0,0.0,0.0,0.0,1.064493,0.29718176,0.04125136,0.0,1.0277808,0.0373459,0.0,0.38996392,0.040172666,0.3205593,0.05409932,0.3411913,0.0,0.086578555,0.1472198,0.0,0.0,0.0,0.58811843,0.0,0.7682472,0.52835673,0.31196162,0.8160528,0.0,0.0,0.25886148,0.10777755,0.26081622,0.6595696,0.4728402,0.6699034,0.0,0.65070015,0.0,0.8350105,0.45578763,1.049423,0.48126388,0.0,0.63919944,0.0,0.0,1.2359761,0.5718878,0.0,0.0,0.0,0.0,0.0,0.0,0.0,0.0,0.5305634,0.0,1.1530848,-0.11524172,0.037998363,0.786849
1.2508798,-1.5069782,-1.7714306,0.7504622,0.58871114,0.37792373,1.026321,0.0,0.0,0.0,0.0,1.7104858,0.7688674,0.8738584,0.0,1.6998085,0.40330523,0.0,0.4109912,0.0,0.7938899,0.0,0.0,0.33833927,0.0,0.0,0.0,0.0,0.0,0.9487444,0.0,1.7771927,0.8382417,0.45519453,1.3983549,0.0,0.0,0.7008221,0.53583694,1.215914,1.2932032,0.42066774,0.2908027,0.0,1.3862435,0.0,0.7291609,0.15239604,1.8374543,0.30562598,0.0,0.47760057,0.0,0.0,2.1702216,1.2633799,0.0,0.0,0.0,0.0,0.0,0.0,0.0,0.0,1.275439,0.0,1.90944,-1.2520429,-0.9296411,1.8389896
-0.30444822,1.5191586,0.8176628,0.0,0.31541732,0.5737601,0.594287,0.6663307,0.74427176,0.8007628,0.0,0.0,0.0,0.0,1.1475191,0.0,0.0,0.6063664,1.2781941,0.0,0.0,1.1117715,0.7134394,0.0,0.0,1.3871536,0.76808554,1.5501946,0.66931456,0.16425616,0.15752022,0.0,0.4197776,0.0,0.0,0.0,0.0,1.2358654,1.296818,0.57872885,0.651481,1.3287579,1.4540265,0.0,0.0,0.0,1.0833652,1.1169951,0.3005185,1.2090011,0.0,1.0828636,0.0,0.0,0.0,0.92300034,1.2564081,0.0,0.0,0.0,0.0,0.0,0.0,0.0,0.51866686,0.0,0.10392384,0.7603913,0.10265373,-1.2229489
-0.6138643,0.49260652,0.92950463,0.0,0.0,0.34871218,0.14873901,0.66089785,0.12309083,0.5635277,0.0,0.0,0.0,0.0,0.7501316,0.0,0.0,0.5121249,0.53700495,0.0,0.0,0.7958003,1.1589248,0.0,0.49252638,1.1355056,0.257459,1.1528825,0.32646686,0.25635463,0.30850512,0.0,0.44370443,0.27630883,0.0,0.0,0.0,0.6176725,0.73252666,0.37888736,0.38349098,1.269137,1.1448581,0.0,0.2938378,0.0,1.1356426,1.0622606,0.10354133,0.890164,0.0,0.83845884,0.0,0.0,0.050202604,0.26022202,0.7324927,0.0,0.0,0.0,0.0,0.0,0.0,0.0,0.2513038,0.0,0.0443653,0.66645,0.6614577,-0.8842089
1.7122183,0.6723389,-1.4902453,0.0,1.9394485,0.6635212,1.825877,0.0,0.0,0.0,0.0,0.86974883,0.116179734,0.0,0.0,0.92500156,1.0839641,0.0,1.8833407,0.0,0.1727026,0.31608883,0.0,0.0,0.0,0.18484509,0.8017727,0.0,0.0,0.62397796,0.0,0.8227115,0.66130626,0.0,0.21189812,0.0,0.0,1.5290825,1.4406328,1.2887028,1.5693425,0.0,0.39308685,0.0,0.21928275,0.0,0.37182269,0.25119236,1.0386684,0.32400662,0.0,0.47980607,0.0,0.0,1.1724988,1.7718352,0.5611115,0.0,0.0,0.0,0.0,0.0,0.0,0.0,0.8774228,0.0,1.5546672,-0.79439545,-1.6843246,0.72555953
0.8304663,0.87573117,-0.27284262,0.0,1.0056353,0.46245828,1.2435914,0.0,0.050368696,0.0,0.0,0.11895233,0.0,0.0,0.4179014,0.15722153,0.49594414,0.0,1.5279708,0.0,0.0,0.70954776,0.0,0.0,0.0,0.7722958,0.60241294,0.36865038,0.2588895,0.37142837,0.0,0.0,0.48104596,0.0,0.0,0.0,0.0,1.0575124,1.0685216,0.5418968,1.0208019,0.50519395,0.67906755,0.0,0.0,0.0,0.513981,0.49320778,0.5928042,0.56681025,0.0,0.57011676,0.0,0.0,0.3367143,1.107223,0.7598656,0.0,0.0,0.0,0.0,0.0,0.0,0.0,0.39220372,0.0,0.75352615,0.07850198,-0.65576744,-0.18693525
0.18539038,1.1753243,-1.347165,0.0,1.5622381,1.42079,0.9066411,0.0,0.0,0.0,0.0,0.0,0.0,0.19439974,0.21354333,0.0,0.411192,0.0,1.3298165,0.0,0.25296733,0.16184342,0.0,0.0,0.0,0.23557973,1.4392214,0.0,0.0,0.78108966,0.0,0.0,1.0261593,0.1972017,0.0,0.0,0.0,1.698722,1.4511865,1.39248,1.2231352,0.38219836,0.25538093,0.0,0.34356952,0.0,0.0,0.3100387,0.6891614,0.0,0.0,0.011296316,0.0,0.0,0.77440965,1.2302186,0.2922655,0.0,0.0,0.0,0.0,0.0,0.0,0.0,0.99279135,0.0,1.0524515,-1.1820339,-1.487145,0.4612805
1.9512777,0.6300372,-0.7588186,0.16826569,1.5805807,0.14876428,1.9571176,0.0,0.0,0.0,0.0,0.9811197,0.026557833,0.0,0.07551178,0.9891282,1.0781693,0.0,1.9989306,0.12050563,0.0,0.68767583,0.0,0.0,0.0,0.5731178,0.37526923,0.0,0.3456778,0.3641658,0.0,0.6081388,0.34626657,0.0,0.06451601,0.0,0.0,1.0518502,1.1298296,0.677135,1.4064964,0.038624387,0.78154516,0.0,0.0010053702,0.0,0.9374713,0.36362582,0.90284336,0.6652213,0.0,0.86120874,0.0,0.0,0.90107536,1.6207805,0.8678486,0.0,0.0,0.0,0.0,0.0,0.0,0.0,0.40346244,0.0,1.3270133,0.15281948,-1.0024372,0.27381304
-0.98822623,-1.9960381,0.11873168,0.81854236,0.0,0.2184674,0.0,0.074232936,0.0,0.0,1.3072411,0.41095322,0.19513136,0.5995082,0.0,0.37143388,0.0,0.0,0.0,0.0,0.5796822,0.0,1.4382364,0.60519946,1.380567,0.009848118,0.0,0.0,0.0,0.754296,0.17527895,0.23967107,0.7733719,1.2596917,1.0711126,0.0,0.0,0.102021046,0.10770197,0.6918244,0.50470996,1.3207136,0.70828116,0.0,2.0789542,0.0,1.1549919,0.5646642,0.43719298,0.33559293,0.0,0.7499826,0.0,0.0,1.8487866,0.0,0.0,0.0,0.0,0.0,0.0,0.0,0.0,0.0,0.5173541,0.0,0.9609093,-0.41220748,0.93802214,0.83785784
-0.78598416,0.2848968,0.6102661,0.0,0.0,0.53692716,0.0,0.61120987,0.0,0.48182657,0.0,0.0,0.0,0.0,0.55700815,0.0,0.0,0.41116324,0.32318786,0.0,0.0,0.5530772,1.0580232,0.0,0.4651339,0.8980067,0.3423111,0.886802,0.0,0.39758033,0.21362077,0.0,0.5948282,0.4791656,0.0,0.0,0.0,0.63899875,0.70946634,0.49583617,0.36997116,1.1060917,0.899079,0.0,0.42223668,0.0,0.8199867,0.8808813,0.13633497,0.62381464,0.0,0.5132017,0.0,0.0,0.24569418,0.19921504,0.45559534,0.0,0.0,0.0,0.0,0.0,0.0,0.0,0.40865275,0.0,0.12137437,0.20607008,0.4229375,-0.52830756
-0.40888652,-0.4915585,0.68025535,0.38562065,0.0,0.10011616,0.0698328,0.24719216,0.0,0.0,0.33468246,0.0,0.0,0.0,0.21617764,0.0,0.0,0.057020158,0.0970003,0.0,0.0,0.45230207,1.2196444,0.0,0.780125,0.7635333,0.0,0.46895447,0.0,0.37589166,0.23525305,0.0,0.45610395,0.4802029,0.17404646,0.0,0.0,0.16995184,0.25270006,0.081318446,0.26905102,1.0003922,0.8203151,0.0,0.7561109,0.0,0.97867745,0.8252053,0.025752783,0.6088851,0.062061906,0.7748207,0.0,0.0,0.55321246,0.0,0.27421784,0.0,0.0,0.0,0.0,0.0,0.0,0.0,0.035921633,0.0,0.25873312,0.50294626,0.90126526,-0.2830502
0.56802565,1.2712804,-0.49912095,0.0,1.2763987,0.8194849,1.1629523,0.0,0.22965226,0.0,0.0,0.0,0.0,0.0,0.5292138,0.0,0.49014544,0.0,1.6025205,0.0,0.0,0.6589971,0.0,0.0,0.0,0.73580277,0.9919986,0.47962213,0.111786276,0.45228732,0.0,0.0,0.63573766,0.0,0.0,0.0,0.0,1.4524391,1.3606596,0.82649136,1.1183653,0.5439728,0.5916904,0.0,0.0,0.0,0.25867748,0.5236145,0.59898925,0.47190982,0.0,0.50195235,0.0,0.0,0.37437567,1.26871,0.7934469,0.0,0.0,0.0,0.0,0.0,0.0,0.0,0.60212266,0.0,0.7771193,-0.2363616,-1.0243045,-0.19850683
1.5200777,-0.18085451,-1.6572992,0.1061874,1.4393704,0.58764577,1.5066649,0.0,0.0,0.0,0.0,1.1963091,0.38084206,0.29528385,0.0,1.2290089,0.82074255,0.0,1.2999623,0.0,0.43754882,0.0,0.0,0.0,0.0,0.0,0.4782435,0.0,0.0,0.7704977,0.0,1.2175127,0.75317323,0.0,0.6899542,0.0,0.0,1.2251186,1.090282,1.3025737,1.4671715,0.05275449,0.23385276,0.0,0.58918417,0.0,0.3867218,0.18241408,1.3463709,0.21284083,0.0,0.42572197,0.0,0.0,1.5272334,1.5843593,0.18177965,0.0,0.0,0.0,0.0,0.0,0.0,0.0,1.0641707,0.0,1.7023344,-1.0991635,-1.5226288,1.2421851
0.21752915,1.8045549,0.6047642,0.0,0.8199337,0.5386786,1.0172511,0.354837,0.87388325,0.5407474,0.0,0.0,0.0,0.0,1.169613,0.0,0.26082486,0.3648245,1.7208722,0.0,0.0,1.2215858,0.35383743,0.0,0.0,1.4091219,0.8693411,1.47411,0.8296593,0.12633318,0.0,0.0,0.36005196,0.0,0.0,0.0,0.0,1.4472824,1.5487134,0.5901767,0.9379984,1.1722296,1.3648748,0.0,0.0,0.0,1.0340062,0.9521253,0.42116654,1.2617447,0.0,1.1699086,0.0,0.0,0.0,1.3245814,1.4391222,0.0,0.0,0.0,0.0,0.0,0.0,0.0,0.4979386,0.0,0.33929682,0.7448462,-0.2835452,-1.1640996
0.03410155,-1.7348685,-0.31397676,0.9392945,0.0,0.0701682,0.11318791,0.0,0.0,0.0,0.6808858,0.95035094,0.3623797,0.42059642,0.0,0.90444565,0.0,0.0,0.0,0.0,0.5194512,0.0,0.807687,0.32942557,0.7027366,0.0,0.0,0.0,0.0,0.7075156,0.0,0.7291301,0.65609485,0.79217494,1.0938482,0.0,0.0,0.139076,0.02467091,0.56218225,0.5395602,0.8286582,0.64456886,0.0,1.5072489,0.0,0.96691316,0.44041008,0.8931401,0.3695005,0.0,0.6977975,0.0,0.0,1.730762,0.1476319,0.0,0.0,0.0,0.0,0.0,0.0,0.0,0.0,0.6197541,0.0,1.167445,-0.41568103,0.48962426,1.0249381
-0.77385145,-1.4091882,-0.41285598,0.33922645,0.0,0.58275425,0.0,0.0,0.0,0.0,0.6420287,0.2897366,0.15103573,0.70279306,0.0,0.29448512,0.0,0.0,0.0,0.0,0.61050963,0.0,0.87139225,0.49243468,0.7228419,0.0,0.0,0.0,0.0,0.8399646,0.0,0.29433036,0.91019964,1.1192263,0.9070195,0.0,0.0,0.34200698,0.36914676,0.8854368,0.67700213,1.0094991,0.38120088,0.0,1.585714,0.0,0.5725667,0.25383666,0.64523506,0.13281524,0.0,0.1902177,0.0,0.0,1.4727255,0.026090391,0.0,0.0,0.0,0.0,0.0,0.0,0.0,0.0,0.826649,0.0,0.86041665,-0.92471135,0.22120152,0.9391375
-1.2958492,0.1712372,1.2410389,0.0,0.0,0.39176667,0.0,1.0899699,0.0,0.93645895,0.34086412,0.0,0.0,0.0,0.75567245,0.0,0.0,0.85448635,0.0,0.0,0.0,0.68193257,1.6357958,0.0,1.0309541,1.137804,0.13730967,1.2983799,0.15296671,0.29169506,0.55263805,0.0,0.51127476,0.6207652,0.0,0.0,0.0,0.50402063,0.6404464,0.5465504,0.1284894,1.6387542,1.2888387,0.0,0.7422427,0.0,1.3758622,1.2613498,0.0,0.896406,0.0,0.86192775,0.0,0.0,0.2061783,0.0,0.72040945,0.0,0.0,0.0,0.0,0.0,0.0,0.0,0.26536986,0.0,0.0,0.6332087,1.122623,-0.9205452
-0.6289304,-0.7020344,0.10132972,0.1806399,0.0,0.44923466,0.0,0.13950671,0.0,0.0,0.3162738,0.0,0.0,0.08522779,0.0,0.0,0.0,0.0,0.0,0.0,0.26206937,0.08133119,0.9648334,0.016719162,0.62054855,0.38721463,0.0049768984,0.054158047,0.0,0.60491806,0.040258005,0.0,0.7089545,0.76149905,0.416754,0.0,0.0,0.23631291,0.3230349,0.401051,0.37605947,0.8168112,0.52408147,0.0,0.91535157,0.0,0.59924215,0.48166358,0.19619764,0.281514,0.0,0.32458255,0.0,0.0,0.8174489,0.0,0.0,0.0,0.0,0.0,0.0,0.0,0.0,0.0,0.41322136,0.0,0.47476488,-0.2350378,0.44889623,0.26457417
-2.5073647,-1.2857668,1.674315,0.33864155,0.0,0.2710234,0.0,1.6211784,0.0,1.1630648,1.8377675,0.0,0.0,0.0,0.3316843,0.0,0.0,1.1767681,0.0,0.0,0.122791074,0.17328407,2.6550362,0.30933088,2.3601608,0.8412872,0.0,1.036418,0.0,0.45889935,0.9894976,0.0,0.6555766,1.4831662,0.23611555,0.0,0.0,0.21147327,0.43446037,0.8614962,0.0,2.26498,1.6687416,0.0,2.1779604,0.0,2.1502233,1.5565459,0.0,0.9986611,0.0,1.3125389,0.0,0.0,1.1004043,0.0,0.6074766,0.0,0.0,0.0,0.0,0.0,0.0,0.0,0.17743999,0.0,0.14146842,0.65955424,1.9740242,-0.60232866
-0.9327224,-0.85075504,0.47521213,0.28799933,0.0,0.33983862,0.0,0.4066133,0.0,0.02029553,0.6455196,0.0,0.0,0.0,0.016037837,0.0,0.0,0.1185922,0.0,0.0,0.20911223,0.13414055,1.3306518,0.04544601,0.9968879,0.5072448,0.0,0.2572356,0.0,0.5485887,0.24626781,0.0,0.65829027,0.86686397,0.38627905,0.0,0.0,0.17782854,0.2884792,0.38003305,0.27541697,1.0530872,0.7561568,0.0,1.1989588,0.0,0.9582072,0.7064355,0.0,0.46426177,0.0,0.62868315,0.0,0.0,0.9123269,0.0,0.045428168,0.0,0.0,0.0,0.0,0.0,0.0,0.0,0.26753062,0.0,0.414401,0.06345626,0.8568025,0.06457878
1.69277,0.0019065535,-2.0747883,0.0,1.8630052,0.7895329,1.6763765,0.0,0.0,0.0,0.0,1.2448913,0.43274763,0.45795286,0.0,1.2997317,1.0147556,0.0,1.4917858,0.0,0.51880234,0.0,0.0,0.0,0.0,0.0,0.7182065,0.0,0.0,0.8582471,0.0,1.3916576,0.8541648,0.0,0.70679635,0.0,0.0,1.5517846,1.3924965,1.6673315,1.7180346,0.0,0.1336925,0.0,0.6651459,0.0,0.29101276,0.13129216,1.440598,0.12765072,0.0,0.3945317,0.0,0.0,1.7072365,1.8815824,0.21774685,0.0,0.0,0.0,0.0,0.0,0.0,0.0,1.2544254,0.0,1.9163818,-1.4371921,-1.9598104,1.4129491
-1.247269,0.20651275,1.059496,0.0,0.0,0.4783917,0.0,1.0097729,0.0,0.8679576,0.23346508,0.0,0.0,0.0,0.7052785,0.0,0.0,0.77211905,0.031988263,0.0,0.0,0.62232727,1.4954327,0.0,0.8958007,1.0593032,0.22564079,1.1986593,0.06530686,0.3373716,0.4688148,0.0,0.56136596,0.6266234,0.0,0.0,0.0,0.57524264,0.684044,0.5798203,0.18467638,1.5214293,1.1816459,0.0,0.6687363,0.0,1.2073321,1.1680605,0.0,0.80754626,0.0,0.7259011,0.0,0.0,0.22816566,0.031777546,0.6381198,0.0,0.0,0.0,0.0,0.0,0.0,0.0,0.34687042,0.0,0.0,0.46493533,0.9255777,-0.82437265
0.618667,-0.22874977,-0.6290387,0.15121098,0.45454118,0.4231986,0.8591678,0.0,0.0,0.0,0.0,0.5759972,0.05231124,0.0,0.0,0.5905574,0.19584723,0.0,0.79140055,0.0,0.22710356,0.18521446,0.021140575,0.0,0.0,0.26984847,0.23733197,0.0,0.0,0.5984597,0.0,0.40810448,0.6381988,0.19426826,0.413886,0.0,0.0,0.6226828,0.5499596,0.5299417,0.8294332,0.35569504,0.48502064,0.0,0.3686766,0.0,0.35693052,0.3064068,0.82867,0.3130796,0.0,0.32434392,0.0,0.0,0.7945196,0.78267646,0.13401215,0.0,0.0,0.0,0.0,0.0,0.0,0.0,0.62577873,0.0,0.9382303,-0.40619823,-0.50508446,0.5493518
-0.5076783,-0.2113961,-0.12603399,0.0,0.0,0.66264594,0.089442104,0.10049015,0.0,0.0,0.0,0.0,0.0,0.046265036,0.06509733,0.0,0.0,0.0,0.1901373,0.0,0.22099113,0.14828481,0.64683884,0.0,0.21123172,0.41558927,0.3364698,0.14442639,0.0,0.6187014,0.0,0.0,0.7642331,0.6262846,0.22271115,0.0,0.0,0.49921554,0.55139476,0.52805376,0.5210334,0.6631983,0.45137966,0.0,0.53506845,0.0,0.29181308,0.396515,0.33772582,0.21984187,0.0,0.13348328,0.0,0.0,0.6069091,0.20333771,0.0,0.0,0.0,0.0,0.0,0.0,0.0,0.0,0.55553937,0.0,0.4636168,-0.44002703,-0.03833203,0.23814762
0.94310874,-0.113892995,-0.5012316,0.2778058,0.57795537,0.24245597,1.1005851,0.0,0.0,0.0,0.0,0.7095617,0.044368982,0.0,0.0,0.71043336,0.3640405,0.0,1.0346025,0.0,0.10882431,0.35195017,0.0,0.0,0.0,0.39997137,0.14747503,0.0,0.0,0.4994306,0.0,0.42846024,0.51063573,0.0,0.33853173,0.0,0.0,0.6018475,0.5518132,0.39355797,0.8757943,0.2742274,0.58463156,0.0,0.2485644,0.0,0.5530149,0.3737662,0.8504211,0.44602358,0.0,0.5058934,0.0,0.0,0.7429582,0.8973889,0.30395532,0.0,0.0,0.0,0.0,0.0,0.0,0.0,0.48103568,0.0,0.9617824,-0.10075668,-0.46198976,0.4185929
0.2906874,1.3501873,1.8105712,0.031470727,0.0,0.0,0.92956376,0.60991955,0.93349123,0.6496453,0.0,0.0,0.0,0.0,1.3841928,0.0,0.0033962727,0.67281854,1.5209978,0.5904575,0.0,1.6484896,1.2406869,0.0,0.29984364,1.9121965,0.05254005,1.9547893,1.5169036,0.0,0.4926381,0.0,0.0,0.0,0.0,0.0,0.0,0.6917356,1.0006162,0.0,0.69258606,1.7748048,2.0982542,0.0,0.0,0.0,2.2722461,1.4656602,0.039212316,1.7962458,0.0,2.0567374,0.0,0.0,0.0,0.82961607,1.9721717,0.0,0.0,0.0,0.0,0.0,0.0,0.0,0.0,0.0,0.0,2.1455724,1.2031381,-1.8645024
1.7181392,0.8340186,-1.8834528,0.0,2.2703204,0.9209653,1.8776318,0.0,0.0,0.0,0.0,0.8231593,0.14309323,0.068930745,0.0,0.9048451,1.1858789,0.0,1.9723651,0.0,0.27547655,0.18778318,0.0,0.0,0.0,0.027526736,1.0668507,0.0,0.0,0.7320003,0.0,0.9279682,0.79772663,0.0,0.22527206,0.0,0.0,1.824747,1.6688315,1.6195831,1.7234131,0.0,0.27329218,0.0,0.31581062,0.0,0.19660689,0.21013992,1.1142659,0.18249387,0.0,0.38682303,0.0,0.0,1.3415269,1.9332052,0.51002526,0.0,0.0,0.0,0.0,0.0,0.0,0.0,1.0673537,0.0,1.7215396,-1.1841133,-2.042268,0.90444654
1.0593145,0.2683537,-1.3863845,0.0,1.3744925,0.7811953,1.2906414,0.0,0.0,0.0,0.0,0.6595035,0.11585063,0.15462634,0.0,0.7167283,0.6491008,0.0,1.3015401,0.0,0.32058045,0.09270093,0.0,0.0,0.0,0.06142819,0.7246413,0.0,0.0,0.7250744,0.0,0.6986557,0.79084015,0.015187621,0.36429358,0.0,0.0,1.2885326,1.1384279,1.2098017,1.3063142,0.14324841,0.272025,0.0,0.39073372,0.0,0.13225998,0.22208494,1.0073493,0.12478293,0.0,0.26895434,0.0,0.0,1.0938003,1.3556421,0.23274457,0.0,0.0,0.0,0.0,0.0,0.0,0.0,0.9389556,0.0,1.3457042,-1.0131367,-1.413014,0.8446536
0.99234533,0.06287473,-0.3675768,0.24605606,0.62743616,0.20047058,1.1703221,0.0,0.0,0.0,0.0,0.63978434,0.0,0.0,0.01600641,0.6400733,0.40760678,0.0,1.1617575,0.0,0.017937593,0.47377017,0.0063699484,0.0,0.0,0.5212624,0.16634142,0.0,0.03926538,0.43705538,0.0,0.30562782,0.45512736,0.0,0.2153678,0.0,0.0,0.6112892,0.5964363,0.3282298,0.8865485,0.27695933,0.6486143,0.0,0.15478224,0.0,0.60596496,0.3985316,0.7652811,0.50145704,0.0,0.5466198,0.0,0.0,0.6141236,0.9204639,0.4228045,0.0,0.0,0.0,0.0,0.0,0.0,0.0,0.38952294,0.0,0.8868943,0.061868884,-0.42248082,0.25126356
0.12744607,-1.0460838,-1.076329,0.24976681,0.022258742,0.6435467,0.3542053,0.0,0.0,0.0,0.0,0.7206443,0.3118854,0.69721663,0.0,0.7396408,0.0,0.0,0.061106563,0.0,0.6282593,0.0,0.095953524,0.29145545,0.0,0.0,0.14679587,0.0,0.0,0.8755721,0.0,0.7917374,0.9060894,0.7326505,0.92759633,0.0,0.0,0.55356014,0.45456305,0.9764702,0.8773627,0.62447304,0.24032566,0.0,1.0912697,0.0,0.22062519,0.08707051,1.1550171,0.086866096,0.0,0.001853297,0.0,0.0,1.3596911,0.5976878,0.0,0.0,0.0,0.0,0.0,0.0,0.0,0.0,1.0809423,0.0,1.1014893,-1.1764879,-0.5441381,1.1975567
0.4417496,2.6102743,0.6271811,0.0,1.3880703,0.66418946,1.3513167,0.40610367,1.3925347,0.7714306,0.0,0.0,0.0,0.0,1.520952,0.0,0.5522442,0.4896581,2.2936676,0.0,0.0,1.5144424,0.08040717,0.0,0.0,1.6611875,1.2248292,1.8553895,1.1624784,0.022990018,0.0,0.0,0.30840135,0.0,0.0,0.0,0.0,2.0156176,2.1247225,0.86548716,1.197698,1.3268486,1.6361381,0.0,0.0,0.0,1.1745614,1.0467354,0.4866413,1.5906842,0.0,1.4333487,0.0,0.0,0.0,1.8895218,1.9323343,0.0,0.0,0.0,0.0,0.0,0.0,0.0,0.6599033,0.0,0.40173763,0.843186,-0.6494976,-1.500231
1.1494436,1.5890043,-1.3512982,0.0,2.197436,1.1123974,1.6511651,0.0,0.19823518,0.0,0.0,0.042914808,0.0,0.0,0.3396256,0.15408632,0.9881913,0.0,2.0885172,0.0,0.020471755,0.5062803,0.0,0.0,0.0,0.44498307,1.3870976,0.025723025,0.0,0.59970313,0.0,0.104633525,0.7802032,0.0,0.0,0.0,0.0,1.9966196,1.7900597,1.3946706,1.5029296,0.21765772,0.4212927,0.0,0.017262422,0.0,0.07009423,0.42867672,0.6888423,0.24699037,0.0,0.3599753,0.0,0.0,0.7255817,1.7188859,0.7628467,0.0,0.0,0.0,0.0,0.0,0.0,0.0,0.8598387,0.0,1.2042024,-0.80936074,-1.8113518,0.16671914
-1.1846186,2.0315661,1.2708024,0.0,0.017595528,0.8759919,0.104708135,1.4373114,1.1787269,1.7158934,0.0,0.0,0.0,0.0,1.5826175,0.0,0.0,1.3186469,1.0875,0.0,0.0,1.2520034,1.1006105,0.0,0.089089245,1.666389,1.0839839,2.2377293,0.73644376,0.12362075,0.43850923,0.0,0.5072012,0.088152856,0.0,0.0,0.0,1.6186479,1.6317725,1.0143967,0.38694212,1.8639375,1.9723693,0.0,0.0,0.0,1.3911855,1.5691458,0.121559426,1.5317385,0.0,1.2071626,0.089509785,0.0,0.0,0.84080267,1.5080258,0.0,0.0,0.0,0.0,0.0,0.0,0.0,0.8297581,0.0,0.0,0.7875274,0.3470736,-1.7221785
0.57838947,2.36838,-0.3863926,0.0,1.8858213,1.0784729,1.4166135,0.0,0.9533658,0.27474764,0.0,0.0,0.0,0.0,1.0532055,0.0,0.7263111,0.0,2.2219152,0.0,0.0,1.0246594,0.0,0.0,0.0,1.0905852,1.5223167,1.100513,0.49448448,0.3324839,0.0,0.0,0.6153101,0.0,0.0,0.0,0.0,2.1815941,2.097461,1.1097443,1.4380631,0.82602096,0.95423853,0.0,0.0,0.0,0.43962604,0.7366384,0.6194556,0.8747669,0.0,0.92156,0.0,0.0,0.22816955,1.9093773,1.4155687,0.0,0.0,0.0,0.0,0.0,0.0,0.0,0.8390026,0.0,0.79711163,-0.05297572,-1.4130981,-0.74035513
0.57643694,1.8698252,0.53002053,0.0,1.044875,0.43714103,1.2762624,0.13585958,0.9009435,0.32420287,0.0,0.0,0.0,0.0,1.1518093,0.0,0.46710426,0.19089288,1.9529594,0.0,0.0,1.2917844,0.18974748,0.0,0.0,1.4256227,0.836229,1.3985225,0.9500001,0.08812457,0.0,0.0,0.29190105,0.0,0.0,0.0,0.0,1.4735692,1.6182231,0.5253365,1.0932764,1.0750775,1.3041716,0.0,0.0,0.0,1.0542108,0.86221766,0.4755643,1.3075608,0.0,1.2481785,0.0,0.0,0.0,1.4849368,1.5422989,0.0,0.0,0.0,0.0,0.0,0.0,0.0,0.4049848,0.0,0.46078938,0.82001877,-0.40715003,-1.1318188
1.00601,-0.33302748,-0.41682723,0.47420675,0.41937873,0.10382187,1.0907626,0.0,0.0,0.0,0.0,0.8530978,0.10583082,0.0,0.0,0.8375574,0.33245224,0.0,0.9476725,0.03242418,0.115171164,0.34210643,0.082414776,0.0,0.0,0.39064577,0.0,0.0,0.0,0.48020098,0.0,0.51776296,0.46083045,0.0,0.4353971,0.0,0.0,0.45362118,0.39800125,0.2554011,0.8127898,0.29653212,0.657449,0.0,0.300219,0.0,0.73086625,0.4227839,0.9067738,0.52011025,0.0,0.6187328,0.0,0.0,0.8390538,0.82293063,0.27888435,0.0,0.0,0.0,0.0,0.0,0.0,0.0,0.41672513,0.0,0.9940301,0.059230894,-0.25902718,0.45249853
0.37858257,-1.3381965,-1.6163623,0.32088122,0.2578409,0.7359017,0.47210708,0.0,0.0,0.0,0.0,1.068875,0.54660845,1.055057,0.0,1.0917648,0.0,0.0,0.029393554,0.0,0.8387597,0.0,0.0,0.4973545,0.0,0.0,0.16745412,0.0,0.0,1.0249114,0.0,1.2742735,1.0192635,0.7996468,1.2272699,0.0,0.0,0.6931343,0.5622546,1.3416715,1.1584482,0.6566784,0.1527074,0.0,1.4465588,0.0,0.25094685,0.025867105,1.529569,0.050481014,0.0,0.015522614,0.0,0.0,1.7937422,0.89498174,0.0,0.0,0.0,0.0,0.0,0.0,0.0,0.0,1.3795266,0.0,1.470196,-1.5843638,-0.864951,1.6548412
0.092411846,-0.71714497,-0.86251223,0.119947545,0.08482812,0.64114183,0.3995228,0.0,0.0,0.0,0.0,0.51470274,0.16347876,0.46681648,0.0,0.5392261,0.0,0.0,0.22798228,0.0,0.49076882,0.0,0.15085119,0.11038965,0.0,0.0,0.23400527,0.0,0.0,0.79012626,0.0,0.5275535,0.8483074,0.6209136,0.70064276,0.0,0.0,0.5970226,0.49177048,0.83745253,0.79538393,0.56238467,0.2829907,0.0,0.8265298,0.0,0.14997317,0.12743647,0.9246793,0.079286486,0.0,0.014566479,0.0,0.0,1.0730091,0.55412567,0.0,0.0,0.0,0.0,0.0,0.0,0.0,0.0,0.93111145,0.0,0.9389832,-0.98801136,-0.5128954,0.9194063
0.5886224,0.2230387,-0.28691363,0.0006822655,0.5193008,0.38561934,0.93225133,0.0,0.0,0.0,0.0,0.30049238,0.0,0.0,0.13817929,0.31955314,0.22909026,0.0,1.0310464,0.0,0.018577076,0.45987958,0.12292454,0.0,0.0,0.563958,0.32971483,0.07293512,0.0,0.4633268,0.0,0.03064458,0.53742796,0.021899551,0.09105583,0.0,0.0,0.67868686,0.67463386,0.3815006,0.8183651,0.39384416,0.5730257,0.0,0.082888015,0.0,0.38388056,0.42095265,0.57757956,0.38614768,0.0,0.39057434,0.0,0.0,0.39846295,0.7739729,0.40303707,0.0,0.0,0.0,0.0,0.0,0.0,0.0,0.4099166,0.0,0.67310566,-0.04503975,-0.42395002,0.07892936
-0.65642565,1.5379282,1.2718501,0.0,0.0,0.4921915,0.34852192,1.0240097,0.8786924,1.1640995,0.0,0.0,0.0,0.0,1.3342037,0.0,0.0,0.94592,1.101131,0.0,0.0,1.2368281,1.0970008,0.0,0.17950472,1.5885282,0.66980934,1.894764,0.82162374,0.0779874,0.39349967,0.0,0.35752797,0.0,0.0,0.0,0.0,1.1715603,1.275921,0.5977905,0.45366573,1.6488028,1.7571068,0.0,0.0,0.0,1.4515084,1.4104908,0.13155615,1.4520608,0.0,1.2896504,0.0,0.0,0.0,0.7063011,1.3947946,0.0,0.0,0.0,0.0,0.0,0.0,0.0,0.46044517,0.0,0.0,1.0769714,0.56707156,-1.5495639
-0.5770268,1.1781526,1.1560737,0.0,0.0,0.41262087,0.3233755,0.86208344,0.62053144,0.9176471,0.0,0.0,0.0,0.0,1.1301669,0.0,0.0,0.768033,0.94244576,0.0,0.0,1.1012896,1.1020608,0.0,0.2692964,1.4403718,0.5085015,1.6291533,0.6797243,0.12858915,0.35592228,0.0,0.36933798,0.03665358,0.0,0.0,0.0,0.96046114,1.0736959,0.4850145,0.44261974,1.4973874,1.5405964,0.0,0.0,0.0,1.3481761,1.2866578,0.13227579,1.2661272,0.0,1.1634309,0.0,0.0,0.0,0.56403726,1.1808017,0.0,0.0,0.0,0.0,0.0,0.0,0.0,0.35834777,0.0,0.0,0.99315476,0.5903727,-1.3430609
-0.5215113,-0.14037324,0.20641178,0.0,0.0,0.51038784,0.08702886,0.23301472,0.0,0.004521966,0.0,0.0,0.0,0.0,0.21305266,0.0,0.0,0.020731151,0.22599241,0.0,0.092355944,0.31389776,0.845265,0.0,0.36905143,0.6037117,0.22563477,0.3823088,0.0,0.51296204,0.034962013,0.0,0.6552051,0.5449174,0.10229399,0.0,0.0,0.44689432,0.55605835,0.3776463,0.46329018,0.7715202,0.57728016,0.0,0.49786782,0.0,0.52786565,0.55453,0.22209178,0.38385364,0.0,0.3359695,0.0,0.0,0.4766389,0.18775953,0.15391128,0.0,0.0,0.0,0.0,0.0,0.0,0.0,0.40049002,0.0,0.3185045,-0.081560574,0.20403062,-0.04942719
1.3157656,-0.03817934,-1.8087605,0.0,1.5346353,0.8033782,1.4055686,0.0,0.0,0.0,0.0,1.0088645,0.3331792,0.4346555,0.0,1.0633208,0.77483284,0.0,1.2660253,0.0,0.4921938,0.0,0.0,0.0,0.0,0.0,0.6820715,0.0,0.0,0.83839726,0.0,1.1367668,0.8619671,0.058523953,0.642561,0.0,0.0,1.3936064,1.2264291,1.4926162,1.5144569,0.101977006,0.15771228,0.0,0.64367896,0.0,0.19268571,0.14105675,1.289546,0.08449999,0.0,0.2976928,0.0,0.0,1.4918723,1.6017103,0.14060861,0.0,0.0,0.0,0.0,0.0,0.0,0.0,1.1693833,0.0,1.6705405,-1.352385,-1.6917359,1.2591426
-1.649928,0.44960943,1.2641383,0.0,0.0,0.6206597,0.0,1.3634839,0.17056176,1.2897362,0.25659204,0.0,0.0,0.0,0.90724134,0.0,0.0,1.0992966,0.0,0.0,0.0,0.6877666,1.6683915,0.0,1.0100338,1.188026,0.3760079,1.5159882,0.09670511,0.31894165,0.5957485,0.0,0.60243875,0.71563566,0.0,0.0,0.0,0.7944713,0.8819489,0.79398733,0.1284986,1.8162853,1.4279015,0.0,0.6757998,0.0,1.3831967,1.3814031,0.0,0.9679967,0.0,0.80170405,0.0,0.0,0.12946159,0.08522944,0.82456464,0.0,0.0,0.0,0.0,0.0,0.0,0.0,0.4894722,0.0,0.0,0.49947608,0.98908925,-1.082276
0.51392066,-0.5291511,-0.44298723,0.36379462,0.12085642,0.28094602,0.71493965,0.0,0.0,0.0,0.0,0.64810103,0.09228933,0.0,0.0,0.64405876,0.045817554,0.0,0.568474,0.0,0.24059248,0.15793973,0.2543704,0.0,0.0,0.27332368,0.021550953,0.0,0.0,0.5803613,0.0,0.42113352,0.5963617,0.2818838,0.5195097,0.0,0.0,0.37474045,0.31077957,0.31006023,0.6769885,0.45045564,0.5776653,0.0,0.46647668,0.0,0.5494377,0.38130158,0.81269515,0.39237404,0.0,0.41190314,0.0,0.0,0.8312496,0.554816,0.050892036,0.0,0.0,0.0,0.0,0.0,0.0,0.0,0.54001176,0.0,0.88307077,-0.20471911,-0.13090344,0.53494245
-0.76308626,-0.27582,0.4458985,0.00026160572,0.0,0.44953102,0.0,0.42272037,0.0,0.16538098,0.19416702,0.0,0.0,0.0,0.25041276,0.0,0.0,0.18585807,0.020843565,0.0,0.07399066,0.32513845,1.1036643,0.0,0.6439802,0.66488594,0.11225711,0.5004028,0.0,0.48730552,0.17596348,0.0,0.63442546,0.6452422,0.10141016,0.0,0.0,0.355112,0.49123308,0.3993477,0.33137223,0.9663774,0.70228446,0.0,0.69087434,0.0,0.72125363,0.686237,0.05692102,0.45769584,0.0,0.4508591,0.0,0.0,0.5001043,0.04050529,0.2111882,0.0,0.0,0.0,0.0,0.0,0.0,0.0,0.34161434,0.0,0.22889039,0.056297503,0.5391881,-0.18596041
-0.2158848,-0.4581218,0.9231607,0.5501274,0.0,0.0,0.20085546,0.22201042,0.0,0.0,0.35228473,0.047111288,0.0,0.0,0.30442804,0.0069462806,0.0,0.07199469,0.22409678,0.19882911,0.0,0.616153,1.3146908,0.0,0.84468114,0.9170636,0.0,0.5973451,0.22502926,0.26817882,0.30607527,0.0,0.32230347,0.3276502,0.106028125,0.0,0.0,0.086667076,0.18576707,0.0,0.28319478,1.0829955,1.0305271,0.0,0.64918685,0.0,1.2808914,0.97803104,0.0,0.7325408,0.054345183,1.1082857,0.0,0.0,0.5450316,0.0,0.50633234,0.0,0.0,0.0,0.0,0.0,0.0,0.0,0.0,0.0,0.24802595,0.85447425,1.1178732,-0.46376598
0.74111503,-0.28395534,-0.7873554,0.1752498,0.5614515,0.43734583,0.93359125,0.0,0.0,0.0,0.0,0.6930686,0.11958107,0.035247564,0.0,0.708249,0.26968843,0.0,0.82582223,0.0,0.27499935,0.12769133,0.0,0.0,0.0,0.18650383,0.24570727,0.0,0.0,0.6322684,0.0,0.5552216,0.6590301,0.1826675,0.48829836,0.0,0.0,0.68639165,0.59702504,0.6355721,0.9041059,0.3183832,0.44241086,0.0,0.43091244,0.0,0.3632689,0.27882272,0.93070996,0.29487962,0.0,0.33313653,0.0,0.0,0.9364473,0.8814319,0.11119655,0.0,0.0,0.0,0.0,0.0,0.0,0.0,0.70180994,0.0,1.063536,-0.52757406,-0.63368315,0.69071627
1.7738996,-0.70367223,-2.1440885,0.3412216,1.5037777,0.58181155,1.5723639,0.0,0.0,0.0,0.0,1.6589427,0.67692816,0.6848869,0.0,1.6824684,0.9063055,0.0,1.1415377,0.0,0.6769226,0.0,0.0,0.0,0.0,0.0,0.35066476,0.0,0.0,0.92053986,0.0,1.7844065,0.84295624,0.07766011,1.0972278,0.0,0.0,1.2668343,1.0871351,1.5380676,1.6209246,0.08673929,0.17955673,0.0,1.0089809,0.0,0.57088256,0.12957692,1.7152325,0.22231841,0.0,0.55108124,0.0,0.0,2.0625658,1.810159,0.035623226,0.0,0.0,0.0,0.0,0.0,0.0,0.0,1.3086342,0.0,2.091357,-1.4070543,-1.6644676,1.7377124
-0.47948638,-0.45132095,0.06316034,0.07853512,0.0,0.4768782,0.048558265,0.09434299,0.0,0.0,0.088930905,0.0,0.0,0.0,0.023202434,0.0,0.0,0.0,0.073790014,0.0,0.20041218,0.17114483,0.82896906,0.0,0.42994228,0.450769,0.11362648,0.13155565,0.0,0.5741849,0.0,0.0,0.6872718,0.63386256,0.30266628,0.0,0.0,0.32211295,0.40618688,0.39333367,0.4291917,0.7227383,0.5058485,0.0,0.64091927,0.0,0.49052995,0.46572617,0.24327348,0.30004492,0.0,0.26333302,0.0,0.0,0.65315974,0.0663902,0.0,0.0,0.0,0.0,0.0,0.0,0.0,0.0,0.4211675,0.0,0.43531927,-0.23016547,0.26487648,0.18746832
0.30065265,1.1877757,-0.21404599,0.0,0.953523,0.7609664,0.95566964,0.0,0.25303897,0.0,0.0,0.0,0.0,0.0,0.60690856,0.0,0.29222953,0.0,1.4127614,0.0,0.0,0.6993202,0.0,0.0,0.0,0.8316801,0.8927353,0.65593576,0.1613751,0.4126706,0.0,0.0,0.6071437,0.0,0.0,0.0,0.0,1.2856383,1.2148268,0.6510678,0.9875473,0.6601949,0.65246564,0.0,0.0,0.0,0.30319896,0.56404376,0.5808884,0.5397843,0.0,0.5606881,0.0,0.0,0.26582998,1.1306212,0.79935426,0.0,0.0,0.0,0.0,0.0,0.0,0.0,0.54526436,0.0,0.6389936,-0.06487126,-0.7754729,-0.31144717
-0.36682826,0.115474015,0.8107388,0.08628562,0.0,0.19033115,0.232788,0.39682758,0.0,0.20385346,0.0,0.0,0.0,0.0,0.52772737,0.0,0.0,0.25234404,0.46037757,0.0,0.0,0.69368136,1.1214377,0.0,0.53978235,0.9985129,0.040515512,0.8469152,0.2481943,0.28290486,0.24698712,0.0,0.4118163,0.27821308,0.0,0.0,0.0,0.3783828,0.52480984,0.15852922,0.40884393,1.0839542,0.9508106,0.0,0.38638848,0.0,1.059598,0.92056835,0.115533344,0.77212155,0.0076462757,0.79762626,0.0,0.0,0.19530621,0.16592719,0.5747001,0.0,0.0,0.0,0.0,0.0,0.0,0.0,0.09329126,0.0,0.13899851,0.66732335,0.7121948,-0.6329142
-0.46684775,-1.7897595,-0.7682049,0.5644803,0.0,0.5241475,0.0,0.0,0.0,0.0,0.68123865,0.70274097,0.38641158,0.9398181,0.0,0.6961433,0.0,0.0,0.0,0.0,0.7663261,0.0,0.6658164,0.65383244,0.61954767,0.0,0.0,0.0,0.0,0.9303205,0.0,0.757065,0.9435288,1.1429306,1.2099382,0.0,0.0,0.35737342,0.33349806,1.071012,0.826362,0.9890715,0.38185662,0.0,1.8637315,0.0,0.6776349,0.20903766,1.0433775,0.17727068,0.0,0.2752461,0.0,0.0,1.8737744,0.21603326,0.0,0.0,0.0,0.0,0.0,0.0,0.0,0.0,1.0252436,0.0,1.177596,-1.1368831,0.07061346,1.3384119
-1.4282728,-0.4467876,0.5893272,0.0,0.0,0.62028235,0.0,0.81936455,0.0,0.5456058,0.5492349,0.0,0.0,0.0,0.26299733,0.0,0.0,0.49658003,0.0,0.0,0.16159825,0.18297067,1.4250367,0.012572855,1.0069737,0.6233302,0.14471355,0.61813813,0.0,0.56041026,0.3394665,0.0,0.7580958,0.9787718,0.121459365,0.0,0.0,0.43408093,0.5976762,0.6653398,0.25326312,1.301506,0.9122833,0.0,1.0815018,0.0,0.97435755,0.837083,0.0,0.5099188,0.0,0.51002973,0.0,0.0,0.6732425,0.0,0.26639515,0.0,0.0,0.0,0.0,0.0,0.0,0.0,0.47573122,0.0,0.23469658,-0.034777947,0.7633203,-0.23358667
-0.38178617,0.47243536,0.0059804576,0.0,0.11861682,0.737098,0.32638425,0.21851824,0.0,0.13431463,0.0,0.0,0.0,0.0,0.40632993,0.0,0.0,0.04595229,0.64230263,0.0,0.0136915855,0.43210167,0.5052222,0.0,0.0,0.68075967,0.6046467,0.5472698,0.0,0.5062542,0.0,0.0,0.6986897,0.36409068,0.0,0.0,0.0,0.7766252,0.7857095,0.48891598,0.5915812,0.75868887,0.62988544,0.0,0.23193203,0.0,0.3566876,0.5569351,0.40233082,0.3919912,0.0,0.32169816,0.0,0.0,0.3073535,0.48333728,0.36941722,0.0,0.0,0.0,0.0,0.0,0.0,0.0,0.5421226,0.0,0.38969457,-0.14960341,-0.1885949,-0.16480246
0.7819967,0.44679552,-0.32214445,0.0,0.75292647,0.38397285,1.1146046,0.0,0.0,0.0,0.0,0.31031397,0.0,0.0,0.21377137,0.3336747,0.38220656,0.0,1.2614264,0.0,0.0,0.5537261,0.0,0.0,0.0,0.62630135,0.41012654,0.13065284,0.08721839,0.42684695,0.0,0.0209537,0.5025883,0.0,0.0,0.0,0.0,0.8092373,0.827855,0.42984566,0.91836023,0.37845328,0.6112642,0.0,0.021946933,0.0,0.4260283,0.41740334,0.6046257,0.4428054,0.0,0.44820985,0.0,0.0,0.39023829,0.9486469,0.55376744,0.0,0.0,0.0,0.0,0.0,0.0,0.0,0.39271837,0.0,0.73020464,0.008605311,-0.5590909,0.0072392896
0.34601548,0.68894976,0.514396,0.0,0.24082005,0.19978403,0.8524023,0.00931678,0.1477134,0.0,0.0,0.0,0.0,0.0,0.6372278,0.0,0.08641608,0.0,1.1674213,0.0,0.0,0.8935311,0.57496035,0.0,0.0,1.0752023,0.27933544,0.83260703,0.5146389,0.21887109,0.0,0.0,0.33568603,0.0,0.0,0.0,0.0,0.6243689,0.7770984,0.0955213,0.73660076,0.8509016,0.92375815,0.0,0.0,0.0,0.8903301,0.7184783,0.38568094,0.86015975,0.0,0.89213336,0.0,0.0,0.016185114,0.6723474,0.8518648,0.0,0.0,0.0,0.0,0.0,0.0,0.0,0.13326688,0.0,0.38672358,0.7274405,0.14837925,-0.6486206
-0.6840402,-1.4074837,-0.8516291,0.19983922,0.0,0.7798029,0.0,0.0,0.0,0.0,0.4472186,0.38024068,0.24960223,0.9661687,0.0,0.4032692,0.0,0.0,0.0,0.0,0.7494909,0.0,0.56318426,0.606344,0.44592243,0.0,0.08206117,0.0,0.0,0.96104306,0.0,0.5287457,1.0369765,1.1679099,1.0196544,0.0,0.0,0.50913507,0.52044576,1.1784716,0.87966514,0.9532535,0.2302374,0.0,1.635706,0.0,0.35493654,0.101401985,0.92646074,0.039874636,0.0,0.0,0.0,0.0,1.5755603,0.24338306,0.0,0.0,0.0,0.0,0.0,0.0,0.0,0.0,1.1127046,0.0,0.9850919,-1.3457547,-0.21012531,1.21626
0.7440501,1.1916891,-0.008073528,0.0,1.0102701,0.45178327,1.2498797,0.0,0.32333556,0.0,0.0,0.0,0.0,0.0,0.6548289,0.0,0.48241735,0.0,1.6600482,0.0,0.0,0.89754677,0.0,0.0,0.0,0.98427343,0.673941,0.70274365,0.48239207,0.2793175,0.0,0.0,0.419142,0.0,0.0,0.0,0.0,1.181698,1.2450333,0.5105368,1.0426338,0.68705225,0.8230758,0.0,0.0,0.0,0.6416771,0.58306074,0.5515244,0.7944867,0.0,0.77861947,0.0,0.0,0.18229283,1.2084371,1.0046834,0.0,0.0,0.0,0.0,0.0,0.0,0.0,0.36306038,0.0,0.6454536,0.31234136,-0.58115184,-0.49762255
-0.3426699,-0.5232607,-0.20373933,0.07506229,0.0,0.53824335,0.1318852,0.0,0.0,0.0,0.0,0.092110135,0.0,0.12867618,0.0,0.10957487,0.0,0.0,0.10550171,0.0,0.28746828,0.063705295,0.63974357,0.0,0.2735642,0.30874458,0.15884313,0.0,0.0,0.6404937,0.0,0.0,0.7412289,0.6424526,0.41352814,0.0,0.0,0.39088923,0.40232196,0.47964525,0.5327532,0.6488526,0.41859835,0.0,0.6126708,0.0,0.33434486,0.3584659,0.41054788,0.19070439,0.0,0.1125541,0.0,0.0,0.725472,0.16427542,0.0,0.0,0.0,0.0,0.0,0.0,0.0,0.0,0.55068374,0.0,0.55326915,-0.45090398,0.024758935,0.38391858
-0.6582074,1.56301,1.1036677,0.0,0.03588681,0.59120744,0.35771355,0.97525895,0.8464209,1.1263729,0.0,0.0,0.0,0.0,1.2868501,0.0,0.0,0.8887843,1.1122439,0.0,0.0,1.1683617,0.9818095,0.0,0.07188764,1.5089052,0.76091594,1.8068498,0.7186548,0.12821832,0.32292306,0.0,0.4161769,0.0,0.0,0.0,0.0,1.2327513,1.3052337,0.65031326,0.48322028,1.5528376,1.6624641,0.0,0.0,0.0,1.2915565,1.3268065,0.18868306,1.352206,0.0,1.1720828,0.0,0.0,0.0,0.7531984,1.3217497,0.0,0.0,0.0,0.0,0.0,0.0,0.0,0.54218185,0.0,0.0,0.89946306,0.38780272,-1.4411105
-0.16705003,0.25180545,0.5018137,0.0,0.0,0.30770952,0.40717337,0.20880587,0.0,0.04873696,0.0,0.0,0.0,0.0,0.46898955,0.0,0.0,0.07969296,0.64234686,0.0,0.0,0.6417469,0.8292941,0.0,0.23725356,0.8976531,0.19815497,0.6950263,0.1694287,0.3364609,0.083224595,0.0,0.46750268,0.21240366,0.0,0.0,0.0,0.47666663,0.6031724,0.17890608,0.53100336,0.8716857,0.7868597,0.0,0.22115493,0.0,0.7786677,0.7267393,0.25420904,0.6493286,0.0,0.65199095,0.0,0.0,0.18468599,0.33384514,0.5308168,0.0,0.0,0.0,0.0,0.0,0.0,0.0,0.2034801,0.0,0.26282173,0.44483942,0.32432628,-0.45356238
0.63245976,-0.41325703,-0.9950618,0.12133261,0.56085145,0.5600357,0.83664834,0.0,0.0,0.0,0.0,0.70772445,0.18209109,0.2573014,0.0,0.7315642,0.21887742,0.0,0.6917905,0.0,0.39100996,0.0,0.0,0.0,0.0,0.0339005,0.30308026,0.0,0.0,0.7231876,0.0,0.66538143,0.7565855,0.3115641,0.6020059,0.0,0.0,0.7728628,0.6449461,0.84564775,0.9696084,0.36024275,0.32125798,0.0,0.612126,0.0,0.2296336,0.1827194,1.0148634,0.16192177,0.0,0.19868495,0.0,0.0,1.0826275,0.9025625,0.0,0.0,0.0,0.0,0.0,0.0,0.0,0.0,0.87315154,0.0,1.1400859,-0.87210673,-0.79292274,0.9135344
0.688887,-0.46559727,-0.8676951,0.23032679,0.4766751,0.45044968,0.8592423,0.0,0.0,0.0,0.0,0.75915164,0.18274477,0.16446897,0.0,0.77217895,0.21507464,0.0,0.69491494,0.0,0.3487499,0.02761072,0.0,0.0,0.0,0.09091517,0.20061317,0.0,0.0,0.6790439,0.0,0.6549584,0.6969469,0.27088815,0.6006197,0.0,0.0,0.6604996,0.5476872,0.6904366,0.9059657,0.3575164,0.39226973,0.0,0.5716394,0.0,0.3461351,0.23493026,1.0146139,0.24713391,0.0,0.28239915,0.0,0.0,1.0592271,0.8522367,0.013840303,0.0,0.0,0.0,0.0,0.0,0.0,0.0,0.7809679,0.0,1.1186569,-0.6772908,-0.6356302,0.8496213
-0.26158214,1.0889326,0.040191,0.0,0.52313715,0.8469901,0.54688096,0.29318798,0.25196937,0.34792343,0.0,0.0,0.0,0.0,0.6840521,0.0,0.0,0.1713329,1.0526531,0.0,0.0,0.651644,0.32096437,0.0,0.0,0.87704736,0.88344616,0.8583663,0.062854365,0.42997646,0.0,0.0,0.66691726,0.14233504,0.0,0.0,0.0,1.1866537,1.1147021,0.65357506,0.74755704,0.88522243,0.8126512,0.0,0.042341784,0.0,0.38616675,0.70697355,0.47130033,0.56199104,0.0,0.5062291,0.0,0.0,0.1375564,0.8592774,0.6988853,0.0,0.0,0.0,0.0,0.0,0.0,0.0,0.6534465,0.0,0.4210512,-0.047471948,-0.46214986,-0.4682989
0.33830455,0.10804746,-0.047109883,0.05676372,0.21031803,0.3345684,0.73056257,0.0,0.0,0.0,0.0,0.18350965,0.0,0.0,0.18520221,0.19523677,0.039739728,0.0,0.83253336,0.0,0.0,0.47502357,0.37813795,0.0,0.0,0.629906,0.22959001,0.20312217,0.0,0.43738842,0.0,0.0,0.5192461,0.121168464,0.07894875,0.0,0.0,0.52351975,0.5476013,0.22776116,0.6837373,0.54469216,0.6329875,0.0,0.12428528,0.0,0.47493815,0.49810076,0.47391003,0.45159435,0.0,0.4320311,0.0,0.0,0.30473247,0.54395723,0.3806897,0.0,0.0,0.0,0.0,0.0,0.0,0.0,0.32918745,0.0,0.5217603,0.12062823,-0.10997772,-0.061446734
-0.15929227,-1.2087051,0.41831872,0.8290361,0.0,0.0,0.08217192,0.0,0.0,0.0,0.65596604,0.50385535,0.027611166,0.0,0.0,0.45281693,0.0,0.0,0.0,0.101442516,0.18441784,0.18983111,1.1848177,0.0,0.9144331,0.46170777,0.0,0.0,0.0,0.47204012,0.13457032,0.074004516,0.46614987,0.59742457,0.62692165,0.0,0.0,0.0,0.0,0.018908098,0.24572864,0.85728824,0.8802463,0.0,1.0135148,0.0,1.1205741,0.7427244,0.2402877,0.4781279,0.0,0.9356697,0.0,0.0,1.1332563,0.0,0.0,0.0,0.0,0.0,0.0,0.0,0.0,0.0,0.07670502,0.0,0.6906773,0.3915366,0.96918875,0.2224125
1.2086895,0.7733843,-1.1519011,0.0,1.6053529,0.73689455,1.4998561,0.0,0.0,0.0,0.0,0.4774651,0.0,0.0,0.0448156,0.539967,0.80127037,0.0,1.6679151,0.0,0.11101028,0.37691456,0.0,0.0,0.0,0.3333254,0.84373236,0.0,0.0,0.5909433,0.0,0.41800833,0.6805042,0.0,0.049451787,0.0,0.0,1.3919361,1.3016104,1.0734473,1.3335074,0.12170291,0.43297797,0.0,0.14295872,0.0,0.23671293,0.31705084,0.8046205,0.27279443,0.0,0.37858015,0.0,0.0,0.82949835,1.4474772,0.52786934,0.0,0.0,0.0,0.0,0.0,0.0,0.0,0.73784846,0.0,1.2133055,-0.638241,-1.3814988,0.43658537
1.0084517,-1.6572679,-0.46309316,1.2662045,0.0,0.0,0.7921679,0.0,0.0,0.0,0.302539,1.5300854,0.5238564,0.1221655,0.0,1.457417,0.04065083,0.0,0.20924672,0.32033867,0.405705,0.0,0.42502433,0.04485047,0.2917374,0.009988546,0.0,0.0,0.0,0.5947732,0.0,1.1561,0.4507206,0.3347173,1.1397481,0.0,0.0,0.12402764,0.0,0.27701735,0.6276207,0.50082815,0.8046153,0.0,0.9590498,0.0,1.1950698,0.53261083,1.215566,0.48968685,0.0,1.0403063,0.0,0.0,1.8041216,0.6031912,0.0,0.0,0.0,0.0,0.0,0.0,0.0,0.0,0.5039325,0.044359006,1.4715661,-0.0021333154,0.244824,1.0545228
0.5252008,-0.6715449,0.26008588,0.74182713,0.0,0.0,0.6705508,0.0,0.0,0.0,0.039299935,0.6706162,0.002406776,0.0,0.0,0.6250373,0.0,0.0,0.5031577,0.25770974,0.023030873,0.4343617,0.7454572,0.0,0.3550514,0.5964525,0.0,0.0,0.046349555,0.37262845,0.0,0.17352448,0.3494518,0.16464974,0.41996628,0.0,0.0,0.114206806,0.045018885,0.0,0.5240376,0.5591835,0.92169297,0.0,0.32937413,0.0,1.0957276,0.7037288,0.5095,0.5604084,0.0,0.896533,0.0,0.0,0.7708962,0.33008057,0.2758092,0.0,0.0,0.0,0.0,0.0,0.0,0.0,0.060188696,0.0,0.7032209,0.586411,0.53647584,0.10346197
1.1312149,0.5530187,-0.058434594,0.13407333,0.80145156,0.11617875,1.3669832,0.0,0.0,0.0,0.0,0.45272633,0.0,0.0,0.33247364,0.4543438,0.53931653,0.0,1.5149196,0.10948369,0.0,0.7846316,0.030192494,0.0,0.0,0.8263224,0.24620569,0.28060263,0.43463153,0.282683,0.0,0.0,0.32167584,0.0,0.0,0.0,0.0,0.6962232,0.80728734,0.22273931,0.9738296,0.43802658,0.88031745,0.0,0.0,0.0,0.8841111,0.4932778,0.6216081,0.7078043,0.0,0.7730252,0.0,0.0,0.39718446,1.0559086,0.827932,0.0,0.0,0.0,0.0,0.0,0.0,0.0,0.17505318,0.0,0.7725013,0.5117216,-0.29697472,-0.19535589
0.019152194,0.12221003,-0.4158895,0.0,0.30864292,0.6811912,0.5287993,0.0,0.0,0.0,0.0,0.007242812,0.0,0.0,0.081446975,0.05013461,0.0,0.0,0.66150945,0.0,0.17199668,0.23858596,0.22263813,0.0,0.0,0.41161942,0.49738714,0.04569231,0.0,0.6000811,0.0,0.0,0.73054576,0.34885788,0.14692336,0.0,0.0,0.7031338,0.66246146,0.555797,0.70079076,0.54027283,0.4651221,0.0,0.31218463,0.0,0.14386977,0.36658758,0.49644804,0.21807036,0.0,0.15442118,0.0,0.0,0.48193794,0.51798415,0.13800777,0.0,0.0,0.0,0.0,0.0,0.0,0.0,0.5711919,0.0,0.6131293,-0.4437371,-0.38643372,0.22461638
-1.062395,2.2274728,1.2861207,0.0,0.1766393,0.8707736,0.23132439,1.4136738,1.3090268,1.7327226,0.0,0.0,0.0,0.0,1.6675825,0.0,0.0,1.3220826,1.2639532,0.0,0.0,1.3436581,1.02212,0.0,0.0,1.739754,1.1466017,2.324329,0.85220546,0.08483145,0.41586345,0.0,0.4733284,0.0,0.0,0.0,0.0,1.7315408,1.7392241,1.0327178,0.4633634,1.868898,2.049212,0.0,0.0,0.0,1.4097435,1.5881327,0.15441726,1.6196467,0.0,1.2963583,0.08744299,0.0,0.0,1.0023899,1.6446632,0.0,0.0,0.0,0.0,0.0,0.0,0.0,0.8472758,0.0,0.0,0.8545542,0.25917143,-1.800234
0.4357717,2.0709486,0.97586524,0.0,0.85214436,0.31910715,1.2147729,0.40743643,1.152173,0.635661,0.0,0.0,0.0,0.0,1.4040984,0.0,0.37169886,0.48069498,1.9932905,0.0,0.0,1.515153,0.4591735,0.0,0.0,1.6938139,0.7788303,1.7928094,1.2363496,0.0,0.085095435,0.0,0.18004522,0.0,0.0,0.0,0.0,1.486606,1.6929622,0.5065902,0.99503684,1.375752,1.6804442,0.0,0.0,0.0,1.4320332,1.0991862,0.3692815,1.6427542,0.0,1.52235,0.0,0.0,0.0,1.4761405,1.8058174,0.0,0.0,0.0,0.0,0.0,0.0,0.0,0.37452108,0.0,0.2574251,1.2166322,-0.052970335,-1.5235418
-2.185857,0.63794714,1.1028907,0.0,0.0,1.0041199,0.0,1.6626861,0.23230413,1.6607368,0.21293199,0.0,0.0,0.0,0.9652667,0.0,0.0,1.3313024,0.0,0.0,0.0,0.5424355,1.6566772,0.0,0.98274434,1.1006219,0.70314264,1.6097279,0.0,0.4383992,0.5939658,0.0,0.8032782,0.95974755,0.0,0.0,0.0,1.1239909,1.1407712,1.1486306,0.14363879,1.9713916,1.4905714,0.0,0.714466,0.0,1.3000059,1.4200174,0.0,0.9083739,0.0,0.5998874,0.0,0.0,0.17804262,0.19366042,0.8190457,0.0,0.0,0.0,0.0,0.0,0.0,0.0,0.8158177,0.0,0.0,0.1405057,0.74889785,-1.0906434
-0.3621171,-0.32416913,0.74413824,0.33012885,0.0,0.09413281,0.1377129,0.27717596,0.0,0.0,0.231879,0.0,0.0,0.0,0.30977726,0.0,0.0,0.10566363,0.21677554,0.0,0.0,0.53966814,1.2010343,0.0,0.7193403,0.8462765,0.0,0.58367205,0.0846453,0.3361305,0.24501102,0.0,0.42500567,0.40169668,0.07299085,0.0,0.0,0.2119764,0.32675788,0.06491975,0.31336975,1.0140206,0.8638002,0.0,0.64503646,0.0,1.0168158,0.86052144,0.03869441,0.672704,0.067864984,0.81499577,0.0,0.0,0.439735,0.0,0.38721517,0.0,0.0,0.0,0.0,0.0,0.0,0.0,0.007481158,0.0,0.2173575,0.60205096,0.8843807,-0.4078719
-0.068395376,1.2663846,1.4743177,0.0,0.0,0.03846702,0.67765677,0.6900747,0.77735174,0.73535097,0.0,0.0,0.0,0.0,1.2507211,0.0,0.0,0.6836376,1.2737944,0.20630223,0.0,1.3892052,1.1446363,0.0,0.25627786,1.6800174,0.26453644,1.7744046,1.1244831,0.0,0.40984666,0.0,0.12715879,0.0,0.0,0.0,0.0,0.7910892,1.0193285,0.17305773,0.5814342,1.5996226,1.813826,0.0,0.0,0.0,1.8000154,1.3545043,0.09639995,1.5828129,0.0,1.6108994,0.0,0.0,0.0,0.69793,1.5651612,0.0,0.0,0.0,0.0,0.0,0.0,0.0,0.028829984,0.0,0.0,1.6493628,0.9253946,-1.6147523
0.14130215,0.18410398,-0.97276044,0.0,0.7198255,0.9452763,0.64078104,0.0,0.0,0.0,0.0,0.09689507,0.0,0.2532555,0.0,0.1653475,0.10500382,0.0,0.75660366,0.0,0.33473766,0.03618291,0.0,0.0,0.0,0.15554631,0.7512945,0.0,0.0,0.74792594,0.0,0.17783879,0.8904257,0.39153305,0.25904265,0.0,0.0,1.0416139,0.88526195,0.985365,0.9471663,0.46626726,0.28948492,0.0,0.50630695,0.0,0.0,0.21025492,0.70924306,0.00433293,0.0,0.0,0.0,0.0,0.7554538,0.8024251,0.033570234,0.0,0.0,0.0,0.0,0.0,0.0,0.0,0.8676518,0.0,0.8872912,-1.0051812,-0.8979467,0.610426
-0.6539824,-1.3313032,0.5585861,0.74018806,0.0,0.02750045,0.0,0.16811804,0.0,0.0,0.92985165,0.24650984,0.0,0.0,0.0,0.20214416,0.0,0.0,0.0,0.0,0.23689976,0.10042307,1.4442351,0.11034405,1.2012345,0.44925287,0.0,0.014609858,0.0,0.5157004,0.26974773,0.0,0.5466814,0.83723724,0.631108,0.0,0.0,0.0,0.0,0.14631835,0.21325298,1.0823603,0.8843222,0.0,1.3643862,0.0,1.1850207,0.8116374,0.07271622,0.49905354,0.0,0.9262397,0.0,0.0,1.2064632,0.0,0.0,0.0,0.0,0.0,0.0,0.0,0.0,0.0,0.093387164,0.0,0.62124133,0.32447875,1.1486518,0.192312
0.18544401,-0.987167,-1.1350958,0.2157353,0.11546488,0.6666513,0.40837395,0.0,0.0,0.0,0.0,0.73163646,0.31436446,0.6971578,0.0,0.753936,0.0,0.0,0.12508127,0.0,0.6276345,0.0,0.025657415,0.27050328,0.0,0.0,0.18867615,0.0,0.0,0.8801163,0.0,0.81447774,0.912019,0.7021226,0.91431445,0.0,0.0,0.6105768,0.49695665,1.015168,0.91713727,0.60467666,0.22917221,0.0,1.0771656,0.0,0.18323275,0.0746057,1.1758591,0.07211425,0.0,0.0005799271,0.0,0.0,1.3568482,0.67258793,0.0,0.0,0.0,0.0,0.0,0.0,0.0,0.0,1.1024772,0.0,1.135626,-1.2180599,-0.63112855,1.2143761
-0.48331472,1.2748288,-0.046084955,0.0,0.59991443,1.0481389,0.442062,0.4339009,0.33996317,0.5443325,0.0,0.0,0.0,0.0,0.7490152,0.0,0.0,0.2889969,1.0340472,0.0,0.0,0.6135548,0.2730597,0.0,0.0,0.859983,1.0853531,0.9400415,0.0,0.4772223,0.0,0.0,0.7587884,0.22000933,0.0,0.0,0.0,1.390201,1.2661146,0.8565656,0.7393888,0.9502563,0.84933543,0.0,0.053925723,0.0,0.30118212,0.7343512,0.483117,0.5332547,0.0,0.4232004,0.0,0.0,0.14279631,0.93146527,0.7019093,0.0,0.0,0.0,0.0,0.0,0.0,0.0,0.8293633,0.0,0.40542293,-0.2418184,-0.6158138,-0.489865
1.0750077,0.15250307,-1.7334127,0.0,1.5124606,0.9272314,1.2845081,0.0,0.0,0.0,0.0,0.7560551,0.22108153,0.41939664,0.0,0.8246235,0.6856456,0.0,1.2415133,0.0,0.4633203,0.0,0.0,0.0,0.0,0.0,0.8177378,0.0,0.0,0.83842695,0.0,0.9161429,0.9035207,0.11012143,0.511877,0.0,0.0,1.4460368,1.2560498,1.4854702,1.4509264,0.16337013,0.15971151,0.0,0.60741687,0.0,0.05886445,0.15028164,1.1569136,0.021703377,0.0,0.19997422,0.0,0.0,1.3371706,1.4936419,0.13749798,0.0,0.0,0.0,0.0,0.0,0.0,0.0,1.1437485,0.0,1.5306638,-1.3804976,-1.6616973,1.1241921
1.2791656,1.0867898,-0.6121317,0.0,1.5096232,0.506535,1.6037246,0.0,0.095549375,0.0,0.0,0.3188337,0.0,0.0,0.36732435,0.36599684,0.8221331,0.0,1.8875939,0.0,0.0,0.7243006,0.0,0.0,0.0,0.70183325,0.742936,0.19212885,0.2857234,0.38962314,0.0,0.056242183,0.48266262,0.0,0.0,0.0,0.0,1.3129963,1.314004,0.761885,1.2647591,0.3213063,0.6876013,0.0,0.0,0.0,0.5599268,0.4534419,0.6673549,0.5591771,0.0,0.61664605,0.0,0.0,0.51749146,1.4433498,0.8622592,0.0,0.0,0.0,0.0,0.0,0.0,0.0,0.48556283,0.0,0.99901825,-0.04854656,-1.0293611,-0.058989577
-0.2374658,1.142236,0.7655286,0.0,0.14165513,0.46033558,0.55509,0.5288038,0.49323305,0.5732901,0.0,0.0,0.0,0.0,0.9587681,0.0,0.0,0.45396826,1.1038628,0.0,0.0,0.99685824,0.76780003,0.0,0.0,1.2657053,0.5719484,1.3163038,0.55875325,0.1984852,0.14895909,0.0,0.41271418,0.0,0.0,0.0,0.0,0.9651365,1.0521164,0.41544807,0.5983466,1.1873447,1.2740844,0.0,0.0,0.0,1.0248648,1.0151311,0.29488623,1.0646191,0.0,0.9820754,0.0,0.0,0.0,0.71766865,1.0533575,0.0,0.0,0.0,0.0,0.0,0.0,0.0,0.3907742,0.0,0.13613518,0.73831534,0.21361609,-1.0303911
0.225477,2.06668,0.6494552,0.0,0.9573254,0.5885133,1.0810533,0.42156094,1.0519801,0.6674652,0.0,0.0,0.0,0.0,1.300675,0.0,0.31717682,0.44931635,1.872059,0.0,0.0,1.3181871,0.30667746,0.0,0.0,1.5035574,0.9863353,1.6321402,0.93492275,0.0913755,0.0,0.0,0.34763047,0.0,0.0,0.0,0.0,1.6278335,1.7293253,0.68823004,0.9916494,1.2528812,1.4833709,0.0,0.0,0.0,1.0982686,1.009486,0.427265,1.3806243,0.0,1.258132,0.0,0.0,0.0,1.4818912,1.5971831,0.0,0.0,0.0,0.0,0.0,0.0,0.0,0.56349117,0.0,0.3290695,0.7873062,-0.3630435,-1.3000236
1.0870713,-1.3824135,-1.6845052,0.63651365,0.5496341,0.44140998,0.94178236,0.0,0.0,0.0,0.0,1.5382239,0.6873145,0.84075624,0.0,1.5351553,0.3358019,0.0,0.3918313,0.0,0.76287276,0.0,0.0,0.31482553,0.0,0.0,0.0,0.0,0.0,0.9381624,0.0,1.6133384,0.85418165,0.48410934,1.3032895,0.0,0.0,0.69301295,0.54159313,1.1820703,1.2400463,0.4453239,0.2737271,0.0,1.3330637,0.0,0.63103104,0.13462263,1.7202963,0.26251805,0.0,0.39350423,0.0,0.0,2.018022,1.1798873,0.0,0.0,0.0,0.0,0.0,0.0,0.0,0.0,1.2490515,0.0,1.7759824,-1.2500026,-0.8956877,1.7295482
-0.64264154,0.23250882,-0.30479196,0.0,0.050583035,0.95106673,0.10446882,0.2162063,0.0,0.09590542,0.0,0.0,0.0,0.08726287,0.2070088,0.0,0.0,0.0,0.36201483,0.0,0.21200767,0.16296111,0.44295448,0.0,0.0,0.42971146,0.69370866,0.28573316,0.0,0.66123664,0.0,0.0,0.8697905,0.61607695,0.028037935,0.0,0.0,0.76852185,0.7879666,0.6898596,0.57936776,0.6794237,0.47455388,0.0,0.45662957,0.0,0.10615231,0.38228604,0.4162224,0.1538163,0.0,0.057475436,0.0,0.0,0.53487986,0.37725866,0.06999868,0.0,0.0,0.0,0.0,0.0,0.0,0.0,0.724773,0.0,0.46559203,-0.62827796,-0.34122205,0.1889273
-0.33166936,-0.9855364,0.43461186,0.6222444,0.0,0.051942408,0.016272575,0.01488772,0.0,0.0,0.5569045,0.28193757,0.0,0.0,0.0,0.24674389,0.0,0.0,0.0,0.0,0.15890886,0.21991837,1.1792481,0.0,0.8634932,0.51238656,0.0,0.057901382,0.0,0.47708386,0.15242581,0.0,0.5104767,0.6202729,0.49738067,0.0,0.0,0.027415782,0.021673774,0.07810247,0.2537101,0.88463354,0.79640055,0.0,0.96570295,0.0,0.97097427,0.7086058,0.1626826,0.46939075,0.0,0.775604,0.0,0.0,0.94550985,0.0,0.0,0.0,0.0,0.0,0.0,0.0,0.0,0.0,0.10674906,0.0,0.5561414,0.30348474,0.90823835,0.14960116
-1.0932947,-0.55260813,0.78012794,0.15800963,0.0,0.33552688,0.0,0.6644718,0.0,0.34593377,0.6030435,0.0,0.0,0.0,0.26333085,0.0,0.0,0.38942835,0.0,0.0,0.065503046,0.31744722,1.4871342,0.0,1.0693067,0.72730863,0.0,0.6195818,0.0,0.45708397,0.37698358,0.0,0.60190976,0.8042203,0.14643656,0.0,0.0,0.262975,0.40638235,0.40244764,0.19946837,1.2678795,0.944421,0.0,1.0594972,0.0,1.1086024,0.90453076,0.0,0.61076343,0.0,0.7263271,0.0,0.0,0.6365431,0.0,0.3289231,0.0,0.0,0.0,0.0,0.0,0.0,0.0,0.22549951,0.0,0.1973632,0.317721,0.98546433,-0.3243314
0.36543274,-0.5651687,-0.13265155,0.44573325,0.0,0.16944122,0.5979496,0.0,0.0,0.0,0.0,0.5488103,0.019658357,0.0,0.0,0.5335587,0.0,0.0,0.47060072,0.0,0.1625699,0.25125462,0.50523466,0.0,0.12587468,0.40728176,0.0,0.0,0.0,0.5106983,0.0,0.23704724,0.5285286,0.29720715,0.45374286,0.0,0.0,0.2597907,0.2171969,0.1431118,0.5703939,0.5273149,0.67425394,0.0,0.4318179,0.0,0.6845485,0.49226344,0.63813305,0.4503718,0.0,0.50164616,0.0,0.0,0.71818036,0.37896997,0.073856086,0.0,0.0,0.0,0.0,0.0,0.0,0.0,0.37315926,0.0,0.7360367,0.056238808,0.1586033,0.328398
0.9387796,-1.136924,-0.75323045,0.79893434,0.09755508,0.07785401,0.87173676,0.0,0.0,0.0,0.0,1.2461439,0.4080343,0.19084701,0.0,1.2138021,0.16975404,0.0,0.45827502,0.0,0.4097025,0.0,0.10995087,0.0,0.0,0.0,0.0,0.0,0.0,0.65559936,0.0,1.0170357,0.57866096,0.29709166,0.9360632,0.0,0.0,0.37779436,0.19990578,0.45454684,0.7756704,0.4057349,0.5563723,0.0,0.76973236,0.0,0.75180244,0.33110327,1.2729436,0.43045127,0.0,0.57426757,0.0,0.0,1.4250706,0.7605952,0.0,0.0,0.0,0.0,0.0,0.0,0.0,0.0,0.70749074,0.0,1.3374629,-0.39574105,-0.24583308,1.0465726
0.25899714,-0.32612237,0.21748371,0.3944409,0.0,0.09892163,0.5708462,0.0,0.0,0.0,0.0,0.33297932,0.0,0.0,0.08981288,0.31525123,0.0,0.0,0.5497538,0.0018279552,0.007124737,0.4507507,0.6928761,0.0,0.23745301,0.6401937,0.0,0.15631354,0.002980411,0.40125299,0.0,0.0,0.44116843,0.21399987,0.2363352,0.0,0.0,0.2459909,0.26858917,0.0,0.52532053,0.6316577,0.7572583,0.0,0.2983215,0.0,0.7965038,0.6155856,0.42364442,0.5501418,0.0,0.59982616,0.0,0.0,0.46808583,0.3019783,0.26072833,0.0,0.0,0.0,0.0,0.0,0.0,0.0,0.17302045,0.0,0.513501,0.38598183,0.3565948,-0.042039372
-0.4483075,0.2446213,-0.5011407,0.0,0.24920025,0.9733718,0.24376349,0.041447014,0.0,0.0,0.0,0.0,0.0,0.14213264,0.13282447,0.0,0.0,0.0,0.47294062,0.0,0.24816543,0.12465355,0.25999025,0.0,0.0,0.35248315,0.73496735,0.13951525,0.0,0.690379,0.0,0.0,0.8859211,0.5607619,0.08032918,0.0,0.0,0.8376325,0.7920409,0.7561941,0.69540477,0.60119736,0.3783863,0.0,0.46014225,0.0,0.0,0.30462167,0.5003554,0.07356904,0.0,0.009015219,0.0,0.0,0.596831,0.48556918,0.046912152,0.0,0.0,0.0,0.0,0.0,0.0,0.0,0.737712,0.0,0.5940961,-0.7621969,-0.524021,0.3368659
0.1511296,1.7462775,0.047251098,0.0,1.0837109,0.85224867,0.9747188,0.19780691,0.6765652,0.38954583,0.0,0.0,0.0,0.0,0.9535574,0.0,0.30267864,0.16461575,1.6456447,0.0,0.0,0.93997407,0.028258085,0.0,0.0,1.1007593,1.1131713,1.1218736,0.4235857,0.31308636,0.0,0.0,0.56778234,0.0,0.0,0.0,0.0,1.610969,1.5639787,0.7855484,1.0295913,0.9426121,0.9972634,0.0,0.0,0.0,0.5194839,0.76136136,0.55445445,0.8489051,0.0,0.8096104,0.0,0.0,0.047364183,1.3818953,1.1536779,0.0,0.0,0.0,0.0,0.0,0.0,0.0,0.6853148,0.0,0.52492636,0.14646295,-0.7817787,-0.75748295
-0.28675288,1.6070905,0.6486359,0.0,0.47489104,0.6830741,0.6309496,0.61957324,0.75175714,0.7790189,0.0,0.0,0.0,0.0,1.1265546,0.0,0.0,0.55706906,1.3350463,0.0,0.0,1.0654606,0.57470524,0.0,0.0,1.3260697,0.8875466,1.4901131,0.5914579,0.20691374,0.08009899,0.0,0.47476098,0.0,0.0,0.0,0.0,1.3555682,1.3784204,0.6629671,0.7130245,1.2687341,1.3763754,0.0,0.0,0.0,0.94285154,1.0552363,0.35236853,1.1234517,0.0,1.0051197,0.0,0.0,0.0,1.0313789,1.224752,0.0,0.0,0.0,0.0,0.0,0.0,0.0,0.60453945,0.0,0.18024242,0.58722097,-0.107834116,-1.1360126
0.491242,0.11152163,-0.59757984,0.0,0.5941492,0.56409085,0.8498289,0.0,0.0,0.0,0.0,0.3214612,0.0,0.0,0.0,0.35462776,0.20426409,0.0,0.91194457,0.0,0.16509861,0.26611778,0.0,0.0,0.0,0.3645474,0.44063568,0.0,0.0,0.5828727,0.0,0.18374063,0.66765964,0.16252,0.22160184,0.0,0.0,0.77037907,0.70992625,0.612204,0.8646239,0.3602443,0.46671438,0.0,0.25681645,0.0,0.21335974,0.31117916,0.67978525,0.25821972,0.0,0.24206293,0.0,0.0,0.60970795,0.8080157,0.21529609,0.0,0.0,0.0,0.0,0.0,0.0,0.0,0.6037557,0.0,0.82266825,-0.4416906,-0.62557423,0.37601858
-0.64333713,0.39342108,0.12040497,0.0,0.0,0.7694222,0.1288018,0.39097834,0.0,0.2958031,0.0,0.0,0.0,0.0,0.42626482,0.0,0.0,0.18727237,0.456297,0.0,0.03033308,0.39878482,0.6723809,0.0,0.09039442,0.69098294,0.5844767,0.6224191,0.0,0.51800245,0.0,0.0,0.7271838,0.4860161,0.0,0.0,0.0,0.74848336,0.78478897,0.56337655,0.48309582,0.84812164,0.692553,0.0,0.3068313,0.0,0.4449826,0.6093671,0.3251865,0.41251707,0.0,0.28955296,0.0,0.0,0.31612045,0.36364877,0.31337717,0.0,0.0,0.0,0.0,0.0,0.0,0.0,0.5855723,0.0,0.30520466,-0.17666173,-0.048676565,-0.21105719
-2.4184456,0.9270139,1.8382144,0.0,0.0,0.79710174,0.0,2.1017177,0.61977077,2.1555362,0.36220056,0.0,0.0,0.0,1.3625323,0.0,0.0,1.798003,0.0,0.0,0.0,0.89853513,2.1132135,0.0,1.325744,1.5313815,0.58590543,2.238548,0.27950588,0.2261652,0.9128663,0.0,0.6181373,0.843488,0.0,0.0,0.0,1.1914521,1.2719117,1.1670027,0.0020249784,2.4816668,2.0328856,0.0,0.6999626,0.0,1.8902371,1.8889138,0.0,1.4109677,0.0,1.1146855,0.0,0.0,0.0,0.17492197,1.3026825,0.0,0.0,0.0,0.0,0.0,0.0,0.0,0.69393444,0.0,0.0,0.7603229,1.264885,-1.6907971
0.1214533,-0.6369301,-0.30042183,0.31245756,0.0,0.3483678,0.42172626,0.0,0.0,0.0,0.0,0.44674224,0.03494689,0.049054384,0.0,0.44597787,0.0,0.0,0.2950545,0.0,0.27349344,0.09799588,0.48334622,0.0,0.13817477,0.27664068,0.010413215,0.0,0.0,0.60615313,0.0,0.24739836,0.64931905,0.46822897,0.52056235,0.0,0.0,0.31261137,0.27689147,0.32062203,0.5717693,0.55974776,0.5345798,0.0,0.5661278,0.0,0.5148545,0.39072204,0.64194983,0.32511306,0.0,0.3090823,0.0,0.0,0.81517166,0.32679933,0.0,0.0,0.0,0.0,0.0,0.0,0.0,0.0,0.5255464,0.0,0.7374623,-0.26019576,0.039655633,0.48089004
1.5263761,0.22885834,-1.2168348,0.0376048,1.4352744,0.46820801,1.5919418,0.0,0.0,0.0,0.0,0.95685405,0.1704242,0.0,0.0,0.9859104,0.8470563,0.0,1.5371363,0.0,0.19784862,0.26787066,0.0,0.0,0.0,0.18609682,0.4926825,0.0,0.0,0.60254115,0.0,0.82984704,0.60823685,0.0,0.36655742,0.0,0.0,1.1669043,1.1011847,1.0177281,1.3548962,0.040714692,0.41921127,0.0,0.2728257,0.0,0.45928103,0.2588274,1.0588797,0.36337596,0.0,0.4963013,0.0,0.0,1.1336578,1.5035409,0.42135298,0.0,0.0,0.0,0.0,0.0,0.0,0.0,0.7952443,0.0,1.4299352,-0.6219566,-1.304052,0.7568178
-0.5002867,0.37370622,0.5178667,0.0,0.0,0.48476464,0.2097289,0.43406665,0.0,0.316278,0.0,0.0,0.0,0.0,0.5476848,0.0,0.0,0.2700151,0.5281322,0.0,0.0,0.60475355,0.8957727,0.0,0.2840569,0.90421784,0.35071284,0.82553554,0.073822245,0.37450862,0.12978484,0.0,0.5525713,0.33848882,0.0,0.0,0.0,0.62527686,0.7040738,0.38431838,0.45888248,0.9923155,0.85415995,0.0,0.28664374,0.0,0.7674347,0.8027296,0.22577803,0.63248664,0.0,0.5594055,0.0,0.0,0.19662175,0.30594236,0.50795907,0.0,0.0,0.0,0.0,0.0,0.0,0.0,0.3579516,0.0,0.20285355,0.27780372,0.3010701,-0.49877602
0.6195073,0.97384226,-0.21470636,0.0,0.9486163,0.554839,1.1220297,0.0,0.12451622,0.0,0.0,0.0,0.0,0.0,0.4936859,0.0,0.4034015,0.0,1.4679013,0.0,0.0,0.7135488,0.0,0.0,0.0,0.80668956,0.6881298,0.4906533,0.23533764,0.37913007,0.0,0.0,0.51884216,0.0,0.0,0.0,0.0,1.1202117,1.1150571,0.5685562,0.9829422,0.59393287,0.6596056,0.0,0.0,0.0,0.43670744,0.52268624,0.56806964,0.5671809,0.0,0.56204176,0.0,0.0,0.27767473,1.0650353,0.7677241,0.0,0.0,0.0,0.0,0.0,0.0,0.0,0.4211046,0.0,0.6780741,0.042741887,-0.6522994,-0.2646743
0.002484532,0.87331825,0.6132567,0.0,0.16057263,0.3552338,0.6599333,0.28124803,0.28515616,0.2568955,0.0,0.0,0.0,0.0,0.7729795,0.0,0.0,0.21377549,1.083384,0.0,0.0,0.9089345,0.680106,0.0,0.0,1.1399939,0.43011412,1.0462415,0.48584998,0.22825015,0.06819455,0.0,0.39626747,0.0,0.0,0.0,0.0,0.77680314,0.8831906,0.2550321,0.64849794,1.0018446,1.0659575,0.0,0.0,0.0,0.9151683,0.85634863,0.33914152,0.9175622,0.0,0.9013324,0.0,0.0,0.0,0.6650154,0.90527016,0.0,0.0,0.0,0.0,0.0,0.0,0.0,0.27360865,0.0,0.25856966,0.68898916,0.1746652,-0.80521095
2.24264,-0.45451805,-2.212196,0.3704463,1.8805976,0.48175192,1.9471384,0.0,0.0,0.0,0.0,1.8300998,0.6885356,0.47546226,0.0,1.8500597,1.2082131,0.0,1.5364839,0.0,0.5769847,0.0,0.0,0.0,0.0,0.0,0.38127553,0.0,0.0,0.8490766,0.0,1.8895732,0.7469623,0.0,1.0075995,0.0,0.0,1.3949637,1.251041,1.5661916,1.791966,0.0,0.23182014,0.0,0.85480714,0.0,0.726536,0.16807613,1.773043,0.34823906,0.0,0.6838146,0.0,0.0,2.1429543,2.0633426,0.22938898,0.0,0.0,0.0,0.0,0.0,0.0,0.0,1.2585667,0.0,2.2633846,-1.2587765,-1.8355249,1.6897979
-0.061219525,0.1220161,-0.46689522,0.0,0.3066555,0.74476755,0.47596774,0.0,0.0,0.0,0.0,0.0,0.0,0.005864054,0.068229474,0.00988657,0.0,0.0,0.61681765,0.0,0.2021853,0.19668955,0.21157274,0.0,0.0,0.3770919,0.5435984,0.02926533,0.0,0.6284292,0.0,0.0,0.7693233,0.39834034,0.15561187,0.0,0.0,0.7247296,0.6834852,0.60813344,0.6961024,0.54373646,0.43423268,0.0,0.34967232,0.0,0.09220387,0.3415265,0.5022216,0.175577,0.0,0.10842473,0.0,0.0,0.5220302,0.49949443,0.09249854,0.0,0.0,0.0,0.0,0.0,0.0,0.0,0.609225,0.0,0.62411416,-0.53963685,-0.423275,0.27591163
0.17505804,-0.17192507,-0.57242996,0.0,0.28152376,0.60868174,0.5713349,0.0,0.0,0.0,0.0,0.26621562,0.0,0.074297875,0.0,0.2976459,0.0,0.0,0.58089083,0.0,0.2637072,0.12165773,0.16210845,0.0,0.0,0.26820552,0.3680063,0.0,0.0,0.6462616,0.0,0.17592587,0.73733664,0.38149682,0.34758195,0.0,0.0,0.63704747,0.5676226,0.59707224,0.75234187,0.47805262,0.42842087,0.0,0.41444135,0.0,0.16724814,0.28301358,0.6538167,0.18874402,0.0,0.13458358,0.0,0.0,0.66230685,0.58270794,0.032383557,0.0,0.0,0.0,0.0,0.0,0.0,0.0,0.671613,0.0,0.75964457,-0.57891405,-0.44890738,0.47937486
1.4478931,-0.31595847,-1.0242704,0.41401336,0.9586042,0.23835024,1.4095925,0.0,0.0,0.0,0.0,1.1687773,0.2888036,0.0,0.0,1.1669476,0.6537041,0.0,1.1922219,0.0,0.2557427,0.18004042,0.0,0.0,0.0,0.12970504,0.13609435,0.0,0.0,0.5968995,0.0,0.96435493,0.5525345,0.0,0.5997555,0.0,0.0,0.78993154,0.701328,0.70149636,1.1210978,0.13669951,0.49878412,0.0,0.4453702,0.0,0.67891,0.31495753,1.1934052,0.45731485,0.0,0.6084374,0.0,0.0,1.2671652,1.2425083,0.2576973,0.0,0.0,0.0,0.0,0.0,0.0,0.0,0.7080724,0.0,1.4238627,-0.40822816,-0.83855623,0.8733772
-2.7018862,0.61007166,1.9161624,0.0,0.0,0.78857523,0.0,2.223483,0.43657383,2.2123716,0.68701434,0.0,0.0,0.0,1.2657716,0.0,0.0,1.870862,0.0,0.0,0.0,0.77588654,2.3298032,0.0,1.6114868,1.4564612,0.46184415,2.1753159,0.12293473,0.27068514,1.0039934,0.0,0.66038966,1.0440987,0.0,0.0,0.0,1.0890366,1.1867968,1.2005223,0.0,2.5947678,2.0501435,0.0,1.0374198,0.0,2.0279891,1.9221984,0.0,1.3675442,0.0,1.1386119,0.0,0.0,0.06528984,0.0015835091,1.2662183,0.0,0.0,0.0,0.0,0.0,0.0,0.0,0.6579786,0.0,0.0,0.7267313,1.4818064,-1.6100413
-0.092261136,-0.14746797,0.30783027,0.16512203,0.0,0.2607484,0.37210137,0.015345968,0.0,0.0,0.0,0.016214252,0.0,0.0,0.22051737,0.015583241,0.0,0.0,0.45819914,0.0,0.0,0.4588879,0.7962314,0.0,0.30358303,0.69827884,0.053008214,0.3633207,0.0,0.41490382,0.016406551,0.0,0.5066077,0.31870008,0.10260901,0.0,0.0,0.34033254,0.43043965,0.11845127,0.50125194,0.76347613,0.6488944,0.0,0.32938343,0.0,0.6706788,0.61807144,0.2816163,0.52036315,0.0,0.50751895,0.0,0.0,0.36112928,0.20779164,0.29285857,0.0,0.0,0.0,0.0,0.0,0.0,0.0,0.20067975,0.0,0.34909153,0.27227402,0.33825624,-0.17924851
0.16373834,0.13511916,-0.0065677096,0.0,0.13444793,0.3990906,0.61786044,0.0,0.0,0.0,0.0,0.057742774,0.0,0.0,0.22133996,0.075417444,0.0,0.0,0.7525321,0.0,0.0042519495,0.45952296,0.44407898,0.0,0.0,0.63989246,0.27513686,0.27215922,0.0,0.45020872,0.0,0.0,0.552082,0.18980353,0.045856845,0.0,0.0,0.5391907,0.57830125,0.26342648,0.65151143,0.6058225,0.6001218,0.0,0.14263886,0.0,0.42318735,0.500654,0.42015445,0.4353621,0.0,0.3906051,0.0,0.0,0.2700175,0.4697579,0.36147496,0.0,0.0,0.0,0.0,0.0,0.0,0.0,0.3438888,0.0,0.45710528,0.06922629,-0.08517973,-0.10151581
0.16885649,-0.8697813,-0.15333024,0.53582036,0.0,0.17879412,0.39658248,0.0,0.0,0.0,0.113713235,0.5825209,0.08605608,0.0003029108,0.0,0.5622322,0.0,0.0,0.19269517,0.0,0.26318932,0.10859847,0.63107926,0.0,0.3237475,0.29413968,0.0,0.0,0.0,0.5710678,0.0,0.30839896,0.5818497,0.47362182,0.6082484,0.0,0.0,0.20952661,0.15219517,0.22479065,0.49359196,0.6107996,0.63455033,0.0,0.6740332,0.0,0.71534216,0.48735827,0.62658846,0.4014553,0.0,0.50493383,0.0,0.0,0.96149784,0.26175898,0.0,0.0,0.0,0.0,0.0,0.0,0.0,0.0,0.42370343,0.0,0.8101683,-0.07580477,0.27907872,0.48129997
-0.9449689,-0.56488657,0.93435055,0.2944579,0.0,0.1820175,0.0,0.62625486,0.0,0.29393098,0.6300607,0.0,0.0,0.0,0.3030542,0.0,0.0,0.3781744,0.0,0.0,0.0,0.41803157,1.5499215,0.0,1.1193615,0.81842124,0.0,0.6795634,0.0,0.38719934,0.4202901,0.0,0.50948894,0.70346314,0.122088745,0.0,0.0,0.20912221,0.32789844,0.27798754,0.15839863,1.2956249,1.0131603,0.0,1.0323945,0.0,1.2124339,0.9940249,0.0,0.6933138,0.0,0.8761013,0.0,0.0,0.5978814,0.0,0.40024057,0.0,0.0,0.0,0.0,0.0,0.0,0.0,0.081615105,0.0,0.16498592,0.5468084,1.1291493,-0.4356612
-0.6763415,0.24448755,0.7101204,0.0,0.0,0.42182282,0.05621171,0.5715415,0.0,0.42502055,0.0,0.0,0.0,0.0,0.5675851,0.0,0.0,0.3889248,0.361795,0.0,0.0,0.6121702,1.1041288,0.0,0.5096836,0.9496542,0.2436803,0.90679795,0.08877623,0.3526662,0.2416641,0.0,0.5307645,0.4156268,0.0,0.0,0.0,0.5607933,0.6588324,0.40331388,0.3764584,1.1222154,0.934109,0.0,0.4108014,0.0,0.91858625,0.9132196,0.1158374,0.68532866,0.0,0.61442626,0.0,0.0,0.21531641,0.18369399,0.5080848,0.0,0.0,0.0,0.0,0.0,0.0,0.0,0.30832377,0.0,0.10956945,0.36868882,0.53588986,-0.5911726
0.51771027,0.7649914,-0.0025544574,0.0,0.6568586,0.42424986,0.9999101,0.0,0.051449478,0.0,0.0,0.0,0.0,0.0,0.4810117,0.0,0.27147853,0.0,1.2979931,0.0,0.0,0.7247453,0.17309219,0.0,0.0,0.8485431,0.5083437,0.53037345,0.27224466,0.34556,0.0,0.0,0.4690215,0.0,0.0,0.0,0.0,0.8876776,0.92744994,0.3929295,0.8667488,0.65217566,0.7039037,0.0,0.0,0.0,0.5490726,0.5628289,0.5123001,0.60750633,0.0,0.60975575,0.0,0.0,0.20920463,0.8657937,0.7188513,0.0,0.0,0.0,0.0,0.0,0.0,0.0,0.31460384,0.0,0.582803,0.2246704,-0.3603335,-0.3234395
0.8180117,-1.5557547,-0.44024348,1.1284028,0.0,0.0,0.6862024,0.0,0.0,0.0,0.29421777,1.3580953,0.45749822,0.1498639,0.0,1.2961954,0.0,0.0,0.16190925,0.20433515,0.40592462,0.0,0.4628728,0.05905643,0.31041074,0.029340565,0.0,0.0,0.0,0.6098785,0.0,1.0211883,0.49525383,0.39580038,1.0713023,0.0,0.0,0.14066787,0.0,0.30208576,0.6039138,0.55014575,0.752106,0.0,0.97910297,0.0,1.0707643,0.5026493,1.1313448,0.4636845,0.0,0.9052026,0.0,0.0,1.665935,0.52858067,0.0,0.0,0.0,0.0,0.0,0.0,0.0,0.0,0.52615607,0.0,1.366222,-0.086981796,0.25377715,0.997604
-0.06599983,-1.9378302,-0.4874517,0.94815785,0.0,0.1487484,0.004288852,0.0,0.0,0.0,0.78049135,1.0049382,0.44239482,0.638089,0.0,0.962372,0.0,0.0,0.0,0.0,0.6374843,0.0,0.7800271,0.4926389,0.7346334,0.0,0.0,0.0,0.0,0.7921388,0.0,0.861543,0.73823225,0.92846787,1.2380217,0.0,0.0,0.17790562,0.075088814,0.7555767,0.6390712,0.89833397,0.5996263,0.0,1.7668768,0.0,0.9758859,0.38747102,1.0245714,0.34173632,0.0,0.65630937,0.0,0.0,1.942424,0.16530578,0.0,0.0,0.0,0.0,0.0,0.0,0.0,0.0,0.7655988,0.0,1.2628495,-0.64800197,0.41909492,1.2290686
-1.345483,-1.5232884,0.7122069,0.6113312,0.0,0.1983511,0.0,0.57885426,0.0,0.04463643,1.3104597,0.0,0.0,0.192271,0.0,0.0,0.0,0.21515211,0.0,0.0,0.3293537,0.0,1.7852547,0.34777498,1.5882524,0.40452412,0.0,0.13250181,0.0,0.5913877,0.4424293,0.0,0.6734212,1.1866324,0.65828496,0.0,0.0,0.056970514,0.15075718,0.52110195,0.25212848,1.4007049,0.9255677,0.0,1.8983076,0.0,1.3567973,0.8919277,0.0,0.523589,0.0,0.9067436,0.0,0.0,1.3762062,0.0,0.0,0.0,0.0,0.0,0.0,0.0,0.0,0.0,0.20920692,0.0,0.5605661,0.09930321,1.2920924,0.23039731
-0.66567457,-0.7797409,1.4374169,0.75511414,0.0,0.0,0.0,0.5826523,0.0,0.17287669,0.89403176,0.0,0.0,0.0,0.36707145,0.0,0.0,0.38697407,0.0,0.3383507,0.0,0.6478481,1.8595116,0.0,1.4300095,1.0472723,0.0,0.8231136,0.2805878,0.20461097,0.6009169,0.0,0.25883552,0.5177027,0.12372723,0.0,0.0,0.0,0.056335326,0.0014405698,0.04367292,1.4524682,1.3576132,0.0,1.1115663,0.0,1.7655244,1.3002601,0.0,0.8780257,0.051886596,1.5299844,0.0,0.0,0.74048936,0.0,0.6907947,0.0,0.0,0.0,0.0,0.0,0.0,0.0,0.0,0.0,0.14460239,1.1726743,1.6460241,-0.63641965
-0.13494256,0.5333381,0.85578954,0.0,0.0,0.18545967,0.48307875,0.3672155,0.13741753,0.2614024,0.0,0.0,0.0,0.0,0.71492314,0.0,0.0,0.27750757,0.82111305,0.0,0.0,0.88788784,0.9698342,0.0,0.28898084,1.1583556,0.17660245,1.0441761,0.49104744,0.20087108,0.2078677,0.0,0.34295058,0.05088547,0.0,0.0,0.0,0.52102554,0.6752337,0.14656498,0.5127781,1.1069765,1.0874174,0.0,0.11115935,0.0,1.1193256,0.9588063,0.20535582,0.93243384,0.0,0.9655957,0.0,0.0,0.0,0.38911736,0.823462,0.0,0.0,0.0,0.0,0.0,0.0,0.0,0.103392035,0.0,0.15227883,0.86986935,0.5744285,-0.85694814
-0.87776834,2.8377461,0.96981287,0.0,0.8074251,1.1391258,0.50361276,1.3344996,1.6069669,1.7988213,0.0,0.0,0.0,0.0,1.816812,0.0,0.0,1.2816514,1.7021136,0.0,0.0,1.4199648,0.5957727,0.0,0.0,1.7613789,1.564678,2.4104965,0.89410895,0.10700393,0.22301428,0.0,0.54462725,0.0,0.0,0.0,0.0,2.255041,2.1769216,1.3051904,0.7310189,1.859392,2.0711484,0.0,0.0,0.0,1.2019447,1.5231328,0.29605675,1.6303654,0.0,1.3067766,0.070760265,0.0,0.0,1.5397083,1.8589098,0.0,0.0,0.0,0.0,0.0,0.0,0.0,1.0993626,0.0,0.0,0.6250832,-0.3220033,-1.8604447
0.62310886,0.13933533,-0.85977054,0.0,0.81621933,0.654642,0.95240027,0.0,0.0,0.0,0.0,0.4106721,0.0,0.003486544,0.0,0.45294425,0.31810194,0.0,0.99668574,0.0,0.23057419,0.18805315,0.0,0.0,0.0,0.25133067,0.53829384,0.0,0.0,0.640921,0.0,0.34309006,0.7232204,0.1471501,0.2788599,0.0,0.0,0.9248925,0.82883507,0.79391676,0.97972524,0.30225328,0.40627468,0.0,0.30380225,0.0,0.1664297,0.282291,0.776036,0.20837575,0.0,0.23705968,0.0,0.0,0.7636813,0.95291686,0.19648995,0.0,0.0,0.0,0.0,0.0,0.0,0.0,0.72180444,0.0,0.98231417,-0.6387578,-0.85751987,0.5295067
1.3033772,0.9160329,-0.5802823,0.0,1.3960955,0.4279596,1.5802861,0.0,0.0,0.0,0.0,0.41796604,0.0,0.0,0.30147853,0.4549728,0.7904771,0.0,1.8058895,0.0,0.0,0.6955888,0.0,0.0,0.0,0.6746085,0.63035834,0.12054357,0.2690743,0.3889886,0.0,0.13112591,0.46205792,0.0,0.0,0.0,0.0,1.1708207,1.189568,0.69230556,1.2223561,0.2794031,0.6736755,0.0,0.0,0.0,0.5882161,0.4297245,0.69431984,0.53421223,0.0,0.6114726,0.0,0.0,0.549563,1.3711927,0.79410225,0.0,0.0,0.0,0.0,0.0,0.0,0.0,0.44838092,0.0,1.0158137,-0.019359952,-0.9430585,0.019805051
-0.8959712,0.7693722,1.0177114,0.0,0.0,0.50965583,0.019033402,0.91361606,0.31695786,0.8906355,0.0,0.0,0.0,0.0,0.9195143,0.0,0.0,0.74890804,0.5380553,0.0,0.0,0.8473329,1.2144799,0.0,0.48819646,1.2261267,0.44490358,1.395961,0.3422542,0.25235927,0.36836058,0.0,0.49344307,0.32323042,0.0,0.0,0.0,0.842448,0.92351675,0.583657,0.33712125,1.4393268,1.3205805,0.0,0.2548244,0.0,1.1874713,1.1941867,0.07107425,0.99456775,0.0,0.8599955,0.0,0.0,0.0,0.3229578,0.8446299,0.0,0.0,0.0,0.0,0.0,0.0,0.0,0.41576397,0.0,0.0,0.6250845,0.62488973,-1.0733104
0.45727745,0.108742595,-0.5609169,0.0,0.5576608,0.55872995,0.82526773,0.0,0.0,0.0,0.0,0.29875052,0.0,0.0,0.0,0.33129272,0.18082713,0.0,0.89221466,0.0,0.1580977,0.2736732,0.013843238,0.0,0.0,0.3790689,0.43199435,0.0,0.0,0.57710624,0.0,0.15463896,0.6640228,0.17186204,0.21222636,0.0,0.0,0.74942523,0.6935843,0.5890919,0.84542406,0.37370965,0.47492942,0.0,0.25381336,0.0,0.21686167,0.31726992,0.6595721,0.26179272,0.0,0.23884414,0.0,0.0,0.5865001,0.77907306,0.21353737,0.0,0.0,0.0,0.0,0.0,0.0,0.0,0.58867645,0.0,0.7958977,-0.4187691,-0.5883396,0.35220316
-0.6678066,0.618529,1.0367361,0.0,0.0,0.35229343,0.13804433,0.7546677,0.2319723,0.68598485,0.0,0.0,0.0,0.0,0.84627485,0.0,0.0,0.6119242,0.5789856,0.0,0.0,0.8668713,1.2073324,0.0,0.50676036,1.2188424,0.29073608,1.2905232,0.40846282,0.2221761,0.3528635,0.0,0.42361075,0.24770668,0.0,0.0,0.0,0.68276054,0.8003956,0.41620076,0.37065637,1.3631955,1.2605002,0.0,0.2537873,0.0,1.227612,1.1481014,0.0787486,0.98978996,0.0,0.92465216,0.0,0.0,0.0,0.293266,0.8338952,0.0,0.0,0.0,0.0,0.0,0.0,0.0,0.2668038,0.0,0.0,0.7650322,0.71055675,-1.0311267
-1.0380976,0.050838076,1.1836646,0.0,0.0,0.27136636,0.0,0.89533174,0.0,0.704324,0.33031273,0.0,0.0,0.0,0.66760015,0.0,0.0,0.68291104,0.061018646,0.0,0.0,0.6830002,1.5627012,0.0,0.98217845,1.1026394,0.026028544,1.1572447,0.19046342,0.27811393,0.49964285,0.0,0.46039975,0.53934026,0.0,0.0,0.0,0.38491514,0.5491459,0.40604603,0.16630062,1.4934115,1.1995612,0.0,0.71431994,0.0,1.3269457,1.1712068,0.0,0.8674836,0.0,0.88701546,0.0,0.0,0.22233689,0.0,0.667756,0.0,0.0,0.0,0.0,0.0,0.0,0.0,0.16430974,0.0,0.0,0.69602346,1.1135767,-0.8404969
-0.45998627,-1.3698769,-1.0391958,0.20059371,0.0,0.7915596,0.0,0.0,0.0,0.0,0.28767145,0.51589787,0.31020656,0.995943,0.0,0.54122734,0.0,0.0,0.0,0.0,0.7727282,0.0,0.37063944,0.58335096,0.25439486,0.0,0.1244164,0.0,0.0,0.9808776,0.0,0.6871588,1.042712,1.0899576,1.0579368,0.0,0.0,0.56122464,0.5346823,1.2337805,0.9332024,0.85086274,0.19379482,0.0,1.5552768,0.0,0.27180746,0.054782063,1.083847,0.025691167,0.0,0.0,0.0,0.0,1.592155,0.37402803,0.0,0.0,0.0,0.0,0.0,0.0,0.0,0.0,1.19933,0.0,1.0554711,-1.4305443,-0.3999399,1.3169715
-0.5119803,0.26822734,-0.24237218,0.0,0.08744496,0.86924934,0.19898972,0.16849487,0.0,0.04920259,0.0,0.0,0.0,0.0,0.2370213,0.0,0.0,0.0,0.45420086,0.0,0.1627388,0.23200074,0.43772867,0.0,0.0,0.48488486,0.64687467,0.31804937,0.0,0.6187803,0.0,0.0,0.8144598,0.5309504,0.00048406422,0.0,0.0,0.74374056,0.76899135,0.5998803,0.5866585,0.6656877,0.50428337,0.0,0.37511027,0.0,0.15996076,0.4191296,0.40782595,0.22318594,0.0,0.14240949,0.0,0.0,0.47836483,0.40834492,0.15232897,0.0,0.0,0.0,0.0,0.0,0.0,0.0,0.64225453,0.0,0.46155095,-0.4695027,-0.29916865,0.101679005
-0.61396986,1.1451117,0.7201291,0.0,0.02163543,0.6547944,0.3030723,0.7333001,0.47443798,0.7957362,0.0,0.0,0.0,0.0,0.965904,0.0,0.0,0.6080748,0.89881635,0.0,0.0,0.8882046,0.8398793,0.0,0.048688993,1.2041813,0.7015779,1.3574021,0.37197143,0.27131802,0.18339081,0.0,0.52804524,0.1546009,0.0,0.0,0.0,1.0584298,1.1029938,0.60196763,0.49460045,1.26151,1.2690312,0.0,0.0,0.0,0.9476694,1.0484902,0.2601037,0.9833919,0.0,0.81973714,0.0,0.0,0.0,0.61579484,0.93962395,0.0,0.0,0.0,0.0,0.0,0.0,0.0,0.5547668,0.0,0.06389204,0.51117486,0.17763369,-1.0193012
-1.0605989,-1.908384,1.1256386,1.1421262,0.0,0.0,0.0,0.46577317,0.0,0.0,1.6548775,0.24013357,0.0,0.0,0.0,0.15760547,0.0,0.1408732,0.0,0.19749099,0.22120163,0.09311196,2.0834153,0.26795065,1.9310048,0.5420911,0.0,0.13513699,0.0,0.44850555,0.595436,0.0,0.44878086,1.0603139,0.7715242,0.0,0.0,0.0,0.0,0.14092919,0.073140845,1.4864688,1.2271016,0.0,1.9976269,0.0,1.8370715,1.1877176,0.0,0.66876125,0.0,1.5130762,0.0,0.0,1.6196831,0.0,0.14825465,0.0,0.0,0.0,0.0,0.0,0.0,0.0,0.0,0.0,0.6391373,0.69300807,1.7196882,0.040111728
-0.3379198,-0.9343493,-1.0897802,0.0,0.0,0.89286613,0.06615168,0.0,0.0,0.0,0.0,0.37510806,0.20517284,0.8528494,0.0,0.41773406,0.0,0.0,0.0,0.0,0.6812634,0.0,0.18211219,0.399463,0.0,0.0,0.34511793,0.0,0.0,0.94421417,0.0,0.55690247,1.0360742,0.9311465,0.84886247,0.0,0.0,0.6993241,0.6301341,1.2164818,0.9161172,0.69698626,0.12693185,0.0,1.1440233,0.0,0.0,0.0092237,1.01252,0.0,0.0,0.0,0.0,0.0,1.2728742,0.4772339,0.0,0.0,0.0,0.0,0.0,0.0,0.0,0.0,1.1952176,0.0,0.9365356,-1.4077715,-0.6465323,1.1311842
0.34381238,1.9302394,0.5405285,0.0,0.9840754,0.55381554,1.1328306,0.2875433,0.9372932,0.49961546,0.0,0.0,0.0,0.0,1.1955825,0.0,0.36271167,0.31680778,1.8594427,0.0,0.0,1.2586107,0.24265862,0.0,0.0,1.4231898,0.92988497,1.4767209,0.875941,0.116776794,0.0,0.0,0.35105276,0.0,0.0,0.0,0.0,1.5474511,1.649707,0.6266258,1.0253153,1.1474296,1.3550502,0.0,0.0,0.0,1.0164143,0.92422986,0.45662788,1.286039,0.0,1.1985466,0.0,0.0,0.0,1.4529909,1.5129812,0.0,0.0,0.0,0.0,0.0,0.0,0.0,0.5100535,0.0,0.3974946,0.729957,-0.41062218,-1.1690613
1.5623157,-0.58937335,-2.6383145,0.0,1.7789899,0.97746587,1.4694446,0.0,0.0,0.0,0.0,1.5090252,0.70298374,1.06883,0.0,1.5702453,0.9046113,0.0,1.0838801,0.0,0.85819775,0.0,0.0,0.18103266,0.0,0.0,0.69881916,0.0,0.0,1.0974281,0.0,1.8691772,1.0707228,0.25451452,1.1494337,0.0,0.0,1.6152093,1.4275445,2.104712,1.8949789,0.14617938,0.0,0.0,1.2179142,0.0,0.23834407,0.0,1.779594,0.0,0.0,0.28406623,0.0,0.0,2.2010934,1.9950172,0.0,0.0,0.0,0.0,0.0,0.0,0.0,0.0,1.6544586,0.0,2.1967995,-2.0672731,-2.169061,1.9875324
-0.6236519,-0.38583967,0.31420925,0.076229796,0.0,0.42546076,0.0,0.27468264,0.0,0.0,0.18041903,0.0,0.0,0.0,0.14786944,0.0,0.0,0.04216346,0.034268975,0.0,0.12135706,0.26791528,1.0117735,0.0,0.5826884,0.582165,0.07433744,0.34094417,0.0,0.5144074,0.1084687,0.0,0.64057505,0.6337888,0.19874638,0.0,0.0,0.3002983,0.41968092,0.33926672,0.3593879,0.8517574,0.6138314,0.0,0.71940553,0.0,0.6547343,0.59595835,0.12113266,0.4014669,0.004483588,0.41887605,0.0,0.0,0.59422195,0.031394854,0.09726736,0.0,0.0,0.0,0.0,0.0,0.0,0.0,0.33339697,0.0,0.31217623,-0.018000176,0.4801895,-0.017345272
0.69220877,-0.38342214,-0.33727404,0.3972761,0.21849507,0.1869043,0.865427,0.0,0.0,0.0,0.0,0.67672825,0.055582553,0.0,0.0,0.6671123,0.15136118,0.0,0.7486397,0.0,0.1460717,0.28898287,0.23317412,0.0,0.0,0.3852986,0.0,0.0,0.0,0.5087208,0.0,0.3777948,0.5156715,0.13675477,0.42607307,0.0,0.0,0.38314304,0.3374959,0.22700407,0.7091632,0.39556125,0.63846844,0.0,0.3504387,0.0,0.6404867,0.42569852,0.7881664,0.46558207,0.0,0.5119636,0.0,0.0,0.73815733,0.6279351,0.18034682,0.0,0.0,0.0,0.0,0.0,0.0,0.0,0.43464923,0.0,0.86053526,-0.0018914696,-0.121464565,0.40143514
2.4725282,0.23435202,-1.7216271,0.25136885,2.1060855,0.3174134,2.2453868,0.0,0.0,0.0,0.0,1.5843024,0.41824248,0.0,0.0,1.6020199,1.4018152,0.0,2.052478,0.0,0.22752705,0.26783654,0.0,0.0,0.0,0.026923,0.45787826,0.0,0.0,0.60937583,0.0,1.4400418,0.53096944,0.0,0.537077,0.0,0.0,1.4502972,1.3871701,1.3066796,1.7529998,0.0,0.43707943,0.0,0.38725215,0.0,0.7999307,0.22287844,1.4346063,0.52909976,0.0,0.7576813,0.0,0.0,1.6967195,2.087834,0.5986963,0.0,0.0,0.0,0.0,0.0,0.0,0.0,0.9421042,0.0,2.0031457,-0.72224164,-1.7175854,1.0886605
1.5450262,0.28053412,-1.3834254,0.0,1.5715209,0.5650541,1.620925,0.0,0.0,0.0,0.0,0.955706,0.18961415,0.0,0.0,0.99458486,0.89449793,0.0,1.5742996,0.0,0.24240178,0.21253775,0.0,0.0,0.0,0.11658105,0.5914192,0.0,0.0,0.64705455,0.0,0.8888245,0.6614379,0.0,0.38184357,0.0,0.0,1.2820681,1.1967101,1.1583564,1.422337,0.01689884,0.36583263,0.0,0.30104148,0.0,0.38878742,0.23646109,1.0929003,0.30966926,0.0,0.4600672,0.0,0.0,1.2091256,1.5794281,0.39967784,0.0,0.0,0.0,0.0,0.0,0.0,0.0,0.87879527,0.0,1.5063653,-0.7829666,-1.4647229,0.84089404
0.9889476,-1.1440525,-2.1398737,0.2617663,0.92273945,0.8018233,0.94255435,0.0,0.0,0.0,0.0,1.3929293,0.6858256,1.1172659,0.0,1.4268144,0.4128793,0.0,0.46599054,0.0,0.8874148,0.0,0.0,0.4046386,0.0,0.0,0.3374949,0.0,0.0,1.0758402,0.0,1.6688215,1.0409461,0.5666268,1.2867056,0.0,0.0,1.0687233,0.91319984,1.6966547,1.5159365,0.43694744,0.07539038,0.0,1.4306957,0.0,0.32167765,0.0153353065,1.7400604,0.053156696,0.0,0.17736632,0.0,0.0,2.0950696,1.4161491,0.0,0.0,0.0,0.0,0.0,0.0,0.0,0.0,1.5352806,0.0,1.877913,-1.8164257,-1.4362549,1.9073923
-1.1325533,-0.3819804,0.11060555,0.0,0.0,0.76508373,0.0,0.50439125,0.0,0.24775204,0.23926115,0.0,0.0,0.17784673,0.10798232,0.0,0.0,0.19571066,0.0,0.0,0.2697955,0.05744937,1.0173529,0.051688522,0.61515385,0.42609203,0.31484815,0.31112725,0.0,0.65671307,0.0963684,0.0,0.8452587,0.92068756,0.22145772,0.0,0.0,0.52346,0.63817567,0.73456746,0.44288534,0.9636694,0.5900867,0.0,0.9205925,0.0,0.5396119,0.5276641,0.17026445,0.25182632,0.0,0.1785101,0.0,0.0,0.74639076,0.08447707,0.0,0.0,0.0,0.0,0.0,0.0,0.0,0.0,0.6473806,0.0,0.402309,-0.5079243,0.23326862,0.1716139
1.1469978,-1.4200279,-1.7698903,0.6515432,0.6000898,0.4494667,0.9760126,0.0,0.0,0.0,0.0,1.6015321,0.725032,0.8869527,0.0,1.5986828,0.37078857,0.0,0.40267217,0.0,0.7912704,0.0,0.0,0.33787656,0.0,0.0,0.0,0.0,0.0,0.95795155,0.0,1.6938506,0.86688554,0.48278874,1.3472134,0.0,0.0,0.72000736,0.56778955,1.2391994,1.2875154,0.4370965,0.2597548,0.0,1.3778318,0.0,0.65042675,0.12823409,1.77647,0.2634382,0.0,0.40653235,0.0,0.0,2.0936146,1.2333074,0.0,0.0,0.0,0.0,0.0,0.0,0.0,0.0,1.2893474,0.0,1.8401997,-1.303475,-0.95188034,1.798981
-0.075648084,-0.5391394,-1.3653631,0.0,0.42119363,1.0407479,0.3407047,0.0,0.0,0.0,0.0,0.36028293,0.178534,0.820739,0.0,0.42410046,0.0,0.0,0.22961906,0.0,0.65514934,0.0,0.0,0.25994223,0.0,0.0,0.6076937,0.0,0.0,0.9580035,0.0,0.6042466,1.0687262,0.7624372,0.72387385,0.0,0.0,0.96923333,0.8078738,1.3373823,1.0352535,0.63471526,0.11446336,0.0,1.0559505,0.0,0.0,0.018371299,1.0319391,0.0,0.0,0.0,0.0,0.0,1.2261565,0.761209,0.0,0.0,0.0,0.0,0.0,0.0,0.0,0.0,1.2401832,0.0,1.072497,-1.4852494,-0.92546237,1.1143835
0.9586936,0.24672054,-1.0005063,0.0,1.0962778,0.61166346,1.207108,0.0,0.0,0.0,0.0,0.5766427,0.031901836,0.0,0.0,0.6177242,0.53271264,0.0,1.2387631,0.0,0.20585513,0.2352301,0.0,0.0,0.0,0.24294859,0.5645849,0.0,0.0,0.6235167,0.0,0.49308783,0.68469083,0.0,0.27467126,0.0,0.0,1.0499618,0.956095,0.8885988,1.1281753,0.18541491,0.4029669,0.0,0.24674608,0.0,0.24464458,0.29069954,0.8622935,0.24785075,0.0,0.34100023,0.0,0.0,0.85515976,1.1704898,0.29765543,0.0,0.0,0.0,0.0,0.0,0.0,0.0,0.73634124,0.0,1.1328213,-0.62469655,-1.0598425,0.57690704
0.33442816,0.4266828,-0.2860973,0.0,0.5432892,0.5595783,0.8071549,0.0,0.0,0.0,0.0,0.03875204,0.0,0.0,0.24318285,0.076704845,0.14792298,0.0,1.0055659,0.0,0.01508997,0.4581018,0.13507265,0.0,0.0,0.592956,0.5103429,0.22161824,0.0,0.48745993,0.0,0.0,0.6083566,0.09236042,0.0,0.0,0.0,0.81713563,0.78972715,0.47086695,0.7970283,0.5250138,0.5364399,0.0,0.114044644,0.0,0.26389375,0.45331728,0.51557434,0.3557124,0.0,0.3351635,0.0,0.0,0.32849133,0.7289701,0.42784142,0.0,0.0,0.0,0.0,0.0,0.0,0.0,0.44485274,0.0,0.5957198,-0.1452129,-0.45879358,-0.023043297
-0.65349287,0.30697218,-0.2790165,0.0,0.07681094,0.9640498,0.11338773,0.24707206,0.0,0.1439754,0.0,0.0,0.0,0.051634222,0.24954855,0.0,0.0,0.014773339,0.3979349,0.0,0.18922889,0.19314644,0.4415627,0.0,0.0,0.4618836,0.7246722,0.34080335,0.0,0.649329,0.0,0.0,0.86524606,0.59695154,0.0,0.0,0.0,0.800083,0.81834066,0.6904495,0.5732852,0.70422596,0.5093914,0.0,0.42535293,0.0,0.12664679,0.41457868,0.41203213,0.17926063,0.0,0.08229665,0.0,0.0,0.5036809,0.3998605,0.11293934,0.0,0.0,0.0,0.0,0.0,0.0,0.0,0.72711486,0.0,0.45242614,-0.58931804,-0.34042478,0.1299955
0.73411185,0.29927,-0.5888125,0.0,0.799546,0.5058105,1.0561408,0.0,0.0,0.0,0.0,0.3768353,0.0,0.0,0.05842465,0.40860572,0.36701733,0.0,1.1498226,0.0,0.08577205,0.38109246,0.0,0.0,0.0,0.44486058,0.46754405,0.0,0.0,0.5278009,0.0,0.1909739,0.6039301,0.0,0.13353856,0.0,0.0,0.8580629,0.8120153,0.6074089,0.9504142,0.2888222,0.49621287,0.0,0.13870771,0.0,0.28674164,0.35660332,0.6846168,0.31079614,0.0,0.34950045,0.0,0.0,0.5651591,0.9520446,0.36307475,0.0,0.0,0.0,0.0,0.0,0.0,0.0,0.5411923,0.0,0.85713327,-0.30533087,-0.72323656,0.277102
-0.618704,0.18830453,-0.39163145,0.0,0.08368172,0.9741231,0.112966,0.1642331,0.0,0.035127074,0.0,0.0,0.0,0.1503348,0.15584289,0.0,0.0,0.0,0.3494565,0.0,0.24780911,0.11720052,0.3928339,0.0,0.0,0.37575883,0.70319176,0.20700543,0.0,0.68762,0.0,0.0,0.8923974,0.63406503,0.07394347,0.0,0.0,0.7815391,0.77687645,0.7381419,0.61582077,0.6428841,0.41525945,0.0,0.50160855,0.0,0.041237187,0.3304568,0.44647467,0.099133216,0.0,0.008177777,0.0,0.0,0.5889626,0.39214778,0.018555533,0.0,0.0,0.0,0.0,0.0,0.0,0.0,0.7490452,0.0,0.51290894,-0.7360237,-0.4114287,0.29176226
0.5308406,0.68349564,2.1264467,0.6748063,0.0,0.0,0.9309374,0.4299246,0.6084962,0.2931659,0.0,0.0,0.0,0.0,1.1854063,0.0,0.0,0.50512195,1.2839038,1.0745096,0.0,1.6565129,1.5673404,0.0,0.74047214,1.9191662,0.0,1.7643546,1.637404,0.0,0.62850827,0.0,0.0,0.0,0.0,0.0,0.0,0.37587544,0.5794748,0.0,0.6292665,1.8595356,2.2140613,0.0,0.0,0.0,2.7404132,1.6736358,0.0,1.6901348,0.0,2.490297,0.0,0.0,0.16461538,0.54653865,1.9839844,0.0,0.0,0.0,0.0,0.0,0.0,0.0,0.0,0.0,0.0,2.4149191,1.6716553,-1.7973171
0.50944215,-0.22952937,-1.2779818,0.0,0.7900207,0.82236993,0.8033894,0.0,0.0,0.0,0.0,0.5607154,0.16019103,0.44242376,0.0,0.61150545,0.24378942,0.0,0.7237837,0.0,0.47052726,0.0,0.0,0.0,0.0,0.0,0.5660039,0.0,0.0,0.81575006,0.0,0.65807533,0.88973594,0.38365293,0.5699113,0.0,0.0,1.0406843,0.8704226,1.1486986,1.0951886,0.38653353,0.2178541,0.0,0.70100373,0.0,0.019594353,0.11788966,0.99929,0.012919739,0.0,0.067150414,0.0,0.0,1.1239293,1.01813,0.0,0.0,0.0,0.0,0.0,0.0,0.0,0.0,1.0398111,0.0,1.1874807,-1.22306,-1.0966622,0.99258006
-0.020436376,0.13926926,-0.080583654,0.0,0.107671395,0.5229951,0.4966478,0.0,0.0,0.0,0.0,0.0,0.0,0.0,0.20800757,0.0,0.0,0.0,0.6531717,0.0,0.057516817,0.38399133,0.44510895,0.0,0.0,0.58398193,0.36379924,0.26256308,0.0,0.5016026,0.0,0.0,0.62632436,0.29300383,0.052717924,0.0,0.0,0.5809858,0.6164408,0.35637885,0.6309335,0.62629133,0.5464951,0.0,0.21137227,0.0,0.33138552,0.46615875,0.412756,0.36801356,0.0,0.30623558,0.0,0.0,0.33318168,0.41875774,0.2795001,0.0,0.0,0.0,0.0,0.0,0.0,0.0,0.4128251,0.0,0.46007353,-0.09807024,-0.13362397,-0.028224863
-1.5914322,0.027421309,1.0830648,0.0,0.0,0.5672688,0.0,1.1787753,0.0,1.0086608,0.45969707,0.0,0.0,0.0,0.65406424,0.0,0.0,0.88888085,0.0,0.0,0.0,0.50028723,1.6545458,0.0,1.0999204,0.98739886,0.2173552,1.18333,0.0,0.39770168,0.53792316,0.0,0.640991,0.8328829,0.0,0.0,0.0,0.58896583,0.7095874,0.69657975,0.1399848,1.6549798,1.2385881,0.0,0.90258205,0.0,1.2915868,1.2042519,0.0,0.7915664,0.0,0.7250126,0.0,0.0,0.3504048,0.0,0.6358808,0.0,0.0,0.0,0.0,0.0,0.0,0.0,0.411774,0.0,0.0,0.37714574,1.0194192,-0.78543997
1.8219566,0.66957384,-1.2087454,0.0,1.8165858,0.46144292,1.8914244,0.0,0.0,0.0,0.0,0.9168042,0.0803673,0.0,0.0,0.9537952,1.0936748,0.0,1.9450808,0.0,0.05817359,0.46715292,0.0,0.0,0.0,0.3397612,0.63978255,0.0,0.010241702,0.5201766,0.0,0.7410381,0.5356215,0.0,0.14900604,0.0,0.0,1.3778423,1.347731,1.0744734,1.5236388,0.0,0.4989512,0.0,0.12229865,0.0,0.5332566,0.2792126,0.97888553,0.45071274,0.0,0.57372683,0.0,0.0,1.0375674,1.738238,0.6751049,0.0,0.0,0.0,0.0,0.0,0.0,0.0,0.72292393,0.0,1.4540486,-0.47916782,-1.4827341,0.55374146
-0.20881104,-0.031042885,-0.0051881038,0.0,0.0,0.51652026,0.32871777,0.005487703,0.0,0.0,0.0,0.0,0.0,0.0,0.16975415,0.0,0.0,0.0,0.4558204,0.0,0.095480666,0.32452518,0.5929254,0.0,0.10199218,0.5571598,0.2920205,0.25509956,0.0,0.52084994,0.0,0.0,0.6470835,0.41111496,0.11352487,0.0,0.0,0.49175963,0.55215126,0.3524195,0.5657822,0.6626249,0.5284015,0.0,0.3096339,0.0,0.37523696,0.46654856,0.35977462,0.35391915,0.0,0.28514004,0.0,0.0,0.41328973,0.29152405,0.17966327,0.0,0.0,0.0,0.0,0.0,0.0,0.0,0.41429555,0.0,0.4285809,-0.13042626,-0.005793616,0.023218222
0.25878832,1.5190543,0.66835815,0.0,0.6243853,0.4013697,0.97829974,0.2900126,0.71298623,0.4050999,0.0,0.0,0.0,0.0,1.0630765,0.0,0.20664816,0.29336277,1.5848086,0.0,0.0,1.1783891,0.46415368,0.0,0.0,1.3689847,0.67614377,1.3604895,0.8088644,0.12196106,0.01620756,0.0,0.3218473,0.0,0.0,0.0,0.0,1.2036294,1.3390538,0.4262839,0.87160623,1.1236937,1.3041381,0.0,0.0,0.0,1.0739611,0.922724,0.3899648,1.2193192,0.0,1.1563797,0.0,0.0,0.0,1.1423012,1.3312606,0.0,0.0,0.0,0.0,0.0,0.0,0.0,0.36910376,0.0,0.32041365,0.83727455,-0.089685604,-1.0922526
0.18933798,-0.6138116,-1.7416079,0.0,0.69960344,1.1027727,0.51289874,0.0,0.0,0.0,0.0,0.5936249,0.3167744,0.996692,0.0,0.66245246,0.06984952,0.0,0.32873434,0.0,0.76124364,0.0,0.0,0.32730436,0.0,0.0,0.665151,0.0,0.0,1.0381336,0.0,0.9170032,1.1262031,0.7330277,0.8698269,0.0,0.0,1.1286175,0.9439725,1.5920234,1.2572261,0.6003954,0.062148854,0.0,1.2091707,0.0,0.0,0.0,1.2402959,0.0,0.0,0.0,0.0,0.0,1.4829528,1.0241817,0.0,0.0,0.0,0.0,0.0,0.0,0.0,0.0,1.4144261,0.0,1.3382733,-1.738361,-1.2173344,1.3753138
2.8040764,-0.65347886,-2.3200734,0.6988872,2.0430088,0.22898658,2.2835042,0.0,0.0,0.0,0.0,2.2895308,0.8610234,0.39135957,0.0,2.2842379,1.4611776,0.0,1.7315756,0.0,0.56966364,0.0,0.0,0.0,0.0,0.0,0.16478366,0.0,0.0,0.80941004,0.0,2.2589674,0.6314919,0.0,1.1669716,0.0,0.00020176917,1.3364698,1.2122152,1.4855305,1.8983768,0.0,0.34104472,0.0,0.93536896,0.0,1.1073606,0.21882667,2.020544,0.5648853,0.0,0.9425817,0.0,0.0,2.4798687,2.2764754,0.32169193,0.0,0.0,0.0,0.0,0.0,0.0,0.0,1.2281816,0.0,2.569082,-1.053149,-1.78226,1.8421612
1.5788896,-1.0996269,-1.6715658,0.68843704,0.9087882,0.29717827,1.3375237,0.0,0.0,0.0,0.0,1.7001581,0.6766157,0.55718875,0.0,1.6901368,0.644051,0.0,0.81910926,0.0,0.62412566,0.0,0.0,0.051777273,0.0,0.0,0.0,0.0,0.0,0.83553165,0.0,1.6755075,0.72491574,0.1727195,1.1771113,0.0,0.0,0.81020933,0.644158,1.0667498,1.2967877,0.22401717,0.3435156,0.0,1.0591307,0.0,0.7907081,0.20875712,1.6962701,0.37218824,0.0,0.631428,0.0,0.0,1.9858925,1.4203315,0.0,0.0,0.0,0.0,0.0,0.0,0.0,0.0,1.0964364,0.0,1.9011517,-0.9815793,-1.0268241,1.6149905
-0.8750655,-0.07944816,1.5035089,0.2603064,0.0,0.0,0.0,0.87742424,0.0,0.639274,0.4978174,0.0,0.0,0.0,0.71193266,0.0,0.0,0.69681025,0.081186116,0.095831424,0.0,0.8274721,1.761703,0.0,1.1808327,1.248337,0.0,1.254291,0.43035442,0.16382647,0.616167,0.0,0.3050081,0.42663136,0.0,0.0,0.0,0.22122742,0.38083696,0.2166779,0.090459555,1.6197497,1.4318883,0.0,0.7815166,0.0,1.6858088,1.3553619,0.0,1.0363469,0.0,1.283222,0.0,0.0,0.2684597,0.0,0.81377465,0.0,0.0,0.0,0.0,0.0,0.0,0.0,0.0,0.0,0.0,1.1340784,1.4866447,-0.9965836
-0.7037957,-0.65472716,1.5607268,0.7118016,0.0,0.0,0.0,0.67231035,0.0,0.289857,0.866444,0.0,0.0,0.0,0.46749973,0.0,0.0,0.48553833,0.0,0.36250097,0.0,0.72959596,1.9142632,0.0,1.4491715,1.1402452,0.0,0.9671321,0.37941414,0.16306233,0.6497175,0.0,0.22901896,0.47832966,0.025771327,0.0,0.0,0.0,0.10021223,0.010050431,0.023899391,1.5371746,1.4538405,0.0,1.0522219,0.0,1.8515861,1.3772969,0.0,0.941722,0.045527168,1.5976151,0.0,0.0,0.6430913,0.0,0.8016406,0.0,0.0,0.0,0.0,0.0,0.0,0.0,0.0,0.0,0.07444887,1.286594,1.7122043,-0.7806288
-0.70698404,-0.82911587,0.013011091,0.1875803,0.0,0.49438313,0.0,0.12839459,0.0,0.0,0.39068383,0.002780594,0.0,0.21353704,0.0,0.00990016,0.0,0.0,0.0,0.0,0.33125156,0.0,0.964798,0.117115855,0.65660465,0.29957604,0.0,0.0,0.0,0.6540559,0.022458836,0.0,0.75749123,0.84996724,0.50120413,0.0,0.0,0.2503484,0.33548632,0.49944043,0.43640888,0.8502019,0.47200316,0.0,1.0444415,0.0,0.5713085,0.43435588,0.2582534,0.22421774,0.0,0.25415403,0.0,0.0,0.9260368,0.0,0.0,0.0,0.0,0.0,0.0,0.0,0.0,0.0,0.49539706,0.0,0.53346485,-0.3896842,0.39394897,0.3946256
-0.66796654,0.39809054,1.0693496,0.0,0.0,0.26955655,0.08683464,0.7178076,0.10238245,0.59628916,0.0,0.0,0.0,0.0,0.7601192,0.0,0.0,0.56492627,0.45621264,0.0,0.0,0.8185636,1.2905526,0.0,0.63507926,1.1760819,0.15825711,1.1985891,0.36825675,0.22890604,0.37944293,0.0,0.40824714,0.29694206,0.0,0.0,0.0,0.5444476,0.6795631,0.3514188,0.33956864,1.3442293,1.1956999,0.0,0.36377168,0.0,1.2557665,1.131809,0.037769333,0.93473566,0.0,0.9022158,0.0,0.0,0.05565917,0.18122406,0.7451038,0.0,0.0,0.0,0.0,0.0,0.0,0.0,0.18160868,0.0,0.0,0.7728239,0.83689076,-0.946002
0.15559548,-1.3972489,-0.07449197,0.8844887,0.0,0.0,0.2653392,0.0,0.0,0.0,0.5086698,0.83545834,0.23150867,0.109615356,0.0,0.78816015,0.0,0.0,0.0,0.021279842,0.34715432,0.0,0.83422244,0.087928325,0.63504624,0.19089714,0.0,0.0,0.0,0.58894444,0.0,0.5128228,0.54822326,0.59746486,0.86392504,0.0,0.0,0.06911773,0.0,0.25572255,0.42192084,0.7272421,0.7167126,0.0,1.0881209,0.0,0.97553235,0.5505862,0.6906185,0.4358067,0.0,0.7585071,0.0,0.0,1.3912096,0.14025408,0.0,0.0,0.0,0.0,0.0,0.0,0.0,0.0,0.39573488,0.0,1.0187374,-0.037722893,0.58276904,0.6885339
1.1202531,2.2664623,0.13093902,0.0,1.7347758,0.52566904,1.7444687,0.0,1.0479113,0.045267403,0.0,0.0,0.0,0.0,1.1570388,0.0,0.89246184,0.0,2.4675748,0.0,0.0,1.3552443,0.0,0.0,0.0,1.3844302,1.0760725,1.2631189,1.0295722,0.095727086,0.0,0.0,0.29239315,0.0,0.0,0.0,0.0,1.8663021,2.0086565,0.744264,1.4394435,0.87270164,1.2058592,0.0,0.0,0.0,0.9946106,0.7566993,0.55164516,1.3160034,0.0,1.3151867,0.0,0.0,0.05786502,1.9444927,1.7358817,0.0,0.0,0.0,0.0,0.0,0.0,0.0,0.46208206,0.0,0.72308064,0.6755305,-0.9452729,-1.0677688
0.26530746,0.55499077,0.26871052,0.0,0.2705577,0.3290483,0.7743056,0.0,0.0,0.0,0.0,0.0,0.0,0.0,0.49707684,0.0,0.054552153,0.0,1.0456588,0.0,0.0,0.7263729,0.47596043,0.0,0.0,0.90477324,0.34370276,0.63173896,0.28396899,0.31747177,0.0,0.0,0.43878084,0.0,0.0,0.0,0.0,0.6379162,0.7146632,0.19534919,0.71672475,0.74995214,0.7602768,0.0,0.011938166,0.0,0.6596127,0.64260674,0.4269228,0.64566797,0.0,0.67756736,0.0,0.0,0.11908777,0.6105087,0.6565342,0.0,0.0,0.0,0.0,0.0,0.0,0.0,0.2180686,0.0,0.44302207,0.42552114,-0.0078060776,-0.41704425
0.48161623,0.247424,-0.18234356,0.0,0.4310051,0.38443702,0.86272144,0.0,0.0,0.0,0.0,0.21301359,0.0,0.0,0.19153132,0.23213196,0.16450049,0.0,0.9872628,0.0,0.0,0.48824203,0.21262985,0.0,0.0,0.6130416,0.32518458,0.16703203,0.0,0.4460121,0.0,0.0,0.5303564,0.045211583,0.046897806,0.0,0.0,0.656594,0.66773885,0.33385772,0.77749,0.46752822,0.59335023,0.0,0.07502812,0.0,0.40271324,0.45903435,0.52284586,0.41640276,0.0,0.40693825,0.0,0.0,0.32919338,0.70328593,0.43053576,0.0,0.0,0.0,0.0,0.0,0.0,0.0,0.3736722,0.0,0.59567374,0.026713127,-0.32751507,-0.020356499
0.33243227,0.30405644,-0.26010266,0.0,0.4523033,0.5101704,0.777163,0.0,0.0,0.0,0.0,0.097613834,0.0,0.0,0.19809939,0.12886688,0.114993736,0.0,0.9363146,0.0,0.03176776,0.43428814,0.18695521,0.0,0.0,0.57299614,0.4335847,0.17552751,0.0,0.48908156,0.0,0.0,0.5976212,0.11901456,0.029010184,0.0,0.0,0.72963965,0.71773285,0.42368174,0.7695403,0.5107204,0.55000526,0.0,0.13120699,0.0,0.29646808,0.44382063,0.5094236,0.35698164,0.0,0.33473855,0.0,0.0,0.3444789,0.6777094,0.38397136,0.0,0.0,0.0,0.0,0.0,0.0,0.0,0.43338874,0.0,0.59053,-0.11926555,-0.38553655,0.0097098425
-0.05039826,0.17437866,0.5516058,0.08615419,0.0,0.20553526,0.46683386,0.14062765,0.0,0.0,0.0,0.0,0.0,0.0,0.4453581,0.0,0.0,0.024995357,0.6635576,0.0,0.0,0.66956234,0.8515992,0.0,0.26968554,0.91438234,0.100774825,0.66500694,0.22920704,0.3086986,0.09183769,0.0,0.41804925,0.16543567,0.0,0.0,0.0,0.38957027,0.532492,0.06488791,0.5270153,0.87874776,0.8125149,0.0,0.22924624,0.0,0.858482,0.7478583,0.25133425,0.6895258,0.0,0.73264444,0.0,0.0,0.1868484,0.30041403,0.5476771,0.0,0.0,0.0,0.0,0.0,0.0,0.0,0.10936751,0.0,0.27213755,0.5810628,0.43635023,-0.4762807
0.6360927,-0.7455458,-1.530171,0.10851674,0.67149645,0.7490096,0.778334,0.0,0.0,0.0,0.0,0.9217316,0.38846985,0.71949977,0.0,0.9569741,0.23008595,0.0,0.50219816,0.0,0.6461511,0.0,0.0,0.16822094,0.0,0.0,0.37055674,0.0,0.0,0.912883,0.0,1.0639114,0.9328424,0.5069008,0.9089094,0.0,0.0,0.93383706,0.7821574,1.2849693,1.1953245,0.44297048,0.17593184,0.0,1.0254171,0.0,0.1732376,0.06807405,1.2979,0.04789929,0.0,0.10846933,0.0,0.0,1.5059228,1.0909613,0.0,0.0,0.0,0.0,0.0,0.0,0.0,0.0,1.2181532,0.0,1.4206095,-1.4017136,-1.0991908,1.359103
-0.7898082,-0.47384965,0.18747841,0.0043240916,0.0,0.54247284,0.0,0.31060272,0.0,0.015557826,0.2375179,0.0,0.0,0.020513922,0.07437716,0.0,0.0,0.04496175,0.0,0.0,0.20937335,0.1468053,0.99983954,0.0,0.6034506,0.47624376,0.13292754,0.24988529,0.0,0.5862371,0.084986255,0.0,0.72636735,0.7628318,0.26782447,0.0,0.0,0.3438721,0.4674873,0.47511736,0.38941014,0.84169406,0.5603461,0.0,0.8221249,0.0,0.58136135,0.52076304,0.13364172,0.31624877,0.0,0.3179296,0.0,0.0,0.70484835,0.03879562,0.0022681467,0.0,0.0,0.0,0.0,0.0,0.0,0.0,0.45261106,0.0,0.38507396,-0.2440592,0.3769255,0.13297096
-0.69226,-0.31814894,0.39008483,0.035066407,0.0,0.43533313,0.0,0.35409153,0.0,0.085475475,0.18217307,0.0,0.0,0.0,0.20817937,0.0,0.0,0.12079805,0.035356462,0.0,0.09137155,0.30489007,1.0603223,0.0,0.6124006,0.63220245,0.09513757,0.43291172,0.0,0.49662527,0.1454403,0.0,0.63400793,0.6336473,0.1410098,0.0,0.0,0.33209544,0.46018657,0.3681329,0.34612113,0.91227067,0.66302156,0.0,0.6972333,0.0,0.6925286,0.6473463,0.08736518,0.43571192,0.0,0.43960407,0.0,0.0,0.53707147,0.039606154,0.1649238,0.0,0.0,0.0,0.0,0.0,0.0,0.0,0.3338107,0.0,0.26349083,0.030648643,0.510718,-0.11601295
1.8673748,-0.45457307,-2.0543442,0.26713675,1.640576,0.56505775,1.6896304,0.0,0.0,0.0,0.0,1.5835812,0.5977622,0.51313275,0.0,1.6102254,0.9953744,0.0,1.3327917,0.0,0.5795566,0.0,0.0,0.0,0.0,0.0,0.41566265,0.0,0.0,0.859266,0.0,1.6657553,0.7921811,0.0,0.9493765,0.0,0.0,1.3196483,1.1618212,1.5047569,1.6498165,0.012126818,0.20055631,0.0,0.831232,0.0,0.55602884,0.15733877,1.6336596,0.25009727,0.0,0.55906504,0.0,0.0,1.9380631,1.8488063,0.14346218,0.0,0.0,0.0,0.0,0.0,0.0,0.0,1.2318807,0.0,2.0472069,-1.2895108,-1.7232498,1.5925182
0.7254375,-0.38674957,-0.06573564,0.52457595,0.07097137,0.024400234,0.8795211,0.0,0.0,0.0,0.0,0.6772039,0.009564191,0.0,0.0,0.6527459,0.12422843,0.0,0.7680634,0.10298583,0.046889964,0.41731143,0.4004431,0.0,0.0,0.5270259,0.0,0.0,0.0,0.420034,0.0,0.2698356,0.41365373,0.06444484,0.3620652,0.0,0.0,0.27067637,0.22766562,0.028584182,0.65306854,0.40768203,0.79200995,0.0,0.21030885,0.0,0.837078,0.5361879,0.68609035,0.5567196,0.0,0.6800161,0.0,0.0,0.64851344,0.538858,0.28132766,0.0,0.0,0.0,0.0,0.0,0.0,0.0,0.2389974,0.0,0.7651317,0.3573594,0.12403673,0.19533184
-0.49956596,-0.12324142,1.0020564,0.25079542,0.0,0.076052755,0.08358005,0.4851513,0.0,0.23588058,0.23147804,0.0,0.0,0.0,0.49636889,0.0,0.0,0.32162687,0.2566209,0.0096772015,0.0,0.6797193,1.3482847,0.0,0.80659366,1.0184246,0.0,0.8645197,0.25027442,0.26288268,0.35885847,0.0,0.37676513,0.3625201,0.0,0.0,0.0,0.25253093,0.39861563,0.122662194,0.26713005,1.2078879,1.0607672,0.0,0.6155787,0.0,1.2287351,1.0289323,0.0,0.8174827,0.041276723,0.95538217,0.0,0.0,0.30280912,0.0,0.56398076,0.0,0.0,0.0,0.0,0.0,0.0,0.0,0.0,0.0,0.100636035,0.8017567,1.0501952,-0.67515963
-0.38183475,0.1874897,0.30516842,0.0,0.0,0.49131507,0.2531399,0.2551548,0.0,0.094932884,0.0,0.0,0.0,0.0,0.38443762,0.0,0.0,0.08405241,0.48661268,0.0,0.0,0.48461562,0.7787356,0.0,0.22080787,0.7572466,0.31533477,0.58264107,0.0,0.435674,0.036395654,0.0,0.59061056,0.37355468,0.0,0.0,0.0,0.55544263,0.6473051,0.32735306,0.5035906,0.81750244,0.68191147,0.0,0.30048257,0.0,0.58522105,0.6398846,0.26329646,0.50158554,0.0,0.44466242,0.0,0.0,0.2879752,0.3113402,0.37486875,0.0,0.0,0.0,0.0,0.0,0.0,0.0,0.36380085,0.0,0.2787178,0.122411825,0.15849744,-0.2794592
0.95201457,1.2490262,-0.33516476,0.0,1.3182752,0.55192727,1.412305,0.0,0.2702532,0.0,0.0,0.010355031,0.0,0.0,0.5543493,0.063732766,0.65131867,0.0,1.8021954,0.0,0.0,0.816906,0.0,0.0,0.0,0.8536433,0.79546595,0.49853155,0.37329733,0.34319738,0.0,0.0,0.4773814,0.0,0.0,0.0,0.0,1.3534076,1.3630183,0.7008077,1.1659775,0.55042577,0.73904836,0.0,0.0,0.0,0.5476742,0.53917384,0.57681084,0.6815551,0.0,0.6795588,0.0,0.0,0.31330517,1.3393961,0.95685875,0.0,0.0,0.0,0.0,0.0,0.0,0.0,0.45391324,0.0,0.79233193,0.08080705,-0.859892,-0.33695468
0.6501893,-1.1022375,-1.3199586,0.41840363,0.33607322,0.52368796,0.7007705,0.0,0.0,0.0,0.0,1.0944836,0.4602675,0.67772585,0.0,1.1028223,0.12294413,0.0,0.3131895,0.0,0.64462984,0.0,0.0,0.22837311,0.0,0.0,0.07981153,0.0,0.0,0.87297475,0.0,1.140443,0.85016906,0.54651684,1.0440123,0.0,0.0,0.6317274,0.4903361,1.0063524,1.0358049,0.5128054,0.28553483,0.0,1.1256962,0.0,0.40463513,0.12576792,1.3898065,0.18148315,0.0,0.22170134,0.0,0.0,1.5875374,0.90887773,0.0,0.0,0.0,0.0,0.0,0.0,0.0,0.0,1.1113274,0.0,1.4054828,-1.1305193,-0.71203387,1.3789515
1.0791452,-0.12622961,-1.1703992,0.073944055,1.0147755,0.53897405,1.2081568,0.0,0.0,0.0,0.0,0.85458314,0.19915122,0.11804554,0.0,0.88270044,0.5353204,0.0,1.0945842,0.0,0.32402548,0.08146271,0.0,0.0,0.0,0.06775612,0.40940613,0.0,0.0,0.68536794,0.0,0.7925374,0.703943,0.060457632,0.5180758,0.0,0.0,0.98070335,0.8683933,0.9674185,1.1687651,0.17666294,0.33252758,0.0,0.4417733,0.0,0.31273827,0.227514,1.0720634,0.22900093,0.0,0.3478573,0.0,0.0,1.138632,1.208999,0.16550839,0.0,0.0,0.0,0.0,0.0,0.0,0.0,0.86013824,0.0,1.3167512,-0.8037797,-1.0931243,0.89039624
-0.5616666,0.3147715,0.7549091,0.0,0.0,0.36692768,0.14831191,0.53480476,0.0,0.3986294,0.0,0.0,0.0,0.0,0.6076708,0.0,0.0,0.3731499,0.46432358,0.0,0.0,0.6793958,1.0821172,0.0,0.46633115,1.003457,0.22792783,0.94886297,0.185561,0.31552547,0.23970897,0.0,0.48637706,0.33312392,0.0,0.0,0.0,0.5461856,0.65430725,0.34629205,0.40177965,1.1291244,0.97370136,0.0,0.3505463,0.0,0.97809833,0.9318818,0.13702494,0.74035996,0.0,0.69592667,0.0,0.0,0.16349618,0.22076078,0.5791406,0.0,0.0,0.0,0.0,0.0,0.0,0.0,0.25539792,0.0,0.12126099,0.4877854,0.5613144,-0.6536415
1.2269017,-0.011143697,0.13362454,0.5998644,0.38184083,0.0,1.297713,0.0,0.0,0.0,0.0,0.78301907,0.0,0.0,0.14425313,0.746187,0.4288302,0.0,1.2545577,0.41357982,0.0,0.7323119,0.28721514,0.0,0.0,0.7825085,0.0,0.09340964,0.44259322,0.25135046,0.0,0.20827423,0.21965522,0.0,0.14152423,0.0,0.0,0.3022825,0.38113463,0.0,0.82276154,0.3730542,1.0771894,0.0,0.0,0.0,1.2737552,0.60171306,0.6437404,0.74401927,0.0,1.0712895,0.0,0.0,0.6501209,0.81896585,0.76229143,0.0,0.0,0.0,0.0,0.0,0.0,0.0,0.0,0.0,0.8205618,0.87705564,0.17517895,-0.09045648
0.32621253,1.138306,0.46603024,0.0,0.5361683,0.36770055,0.942711,0.10209809,0.4166442,0.13082892,0.0,0.0,0.0,0.0,0.82031846,0.0,0.18608393,0.081924796,1.4068751,0.0,0.0,0.9953369,0.42248154,0.0,0.0,1.1695669,0.54680496,1.0344579,0.599907,0.20272353,0.0,0.0,0.36611962,0.0,0.0,0.0,0.0,0.97954184,1.0978848,0.3066293,0.85153234,0.9273295,1.0348415,0.0,0.0,0.0,0.87738955,0.7707583,0.42325795,0.9694355,0.0,0.9694426,0.0,0.0,0.0,0.96731186,1.0629063,0.0,0.0,0.0,0.0,0.0,0.0,0.0,0.28996572,0.0,0.40793753,0.6662437,-0.11340006,-0.7986568
1.1475551,-1.006817,0.054868255,1.1412277,0.0,0.0,1.0196749,0.0,0.0,0.0,0.018639714,1.2450029,0.24553955,0.0,0.0,1.1705217,0.1757618,0.0,0.654401,0.5582077,0.06860585,0.3944189,0.5384609,0.0,0.221532,0.4653461,0.0,0.0,0.08119589,0.3637863,0.0,0.6751888,0.24863589,0.0,0.677912,0.0,0.0,0.10605594,0.0,0.0,0.6582,0.39028093,1.0183034,0.0,0.3120094,0.0,1.4159445,0.72792035,0.88155425,0.6219738,0.0,1.2233238,0.0,0.0,1.2480097,0.6157454,0.38846105,0.0,0.0,0.0,0.0,0.0,0.0,0.0,0.08603263,0.04731977,1.0854146,0.7218199,0.40731007,0.39234313
-0.23845257,0.43813506,0.50861245,0.0,0.0,0.3912207,0.40125328,0.29281265,0.0,0.1793955,0.0,0.0,0.0,0.0,0.5578958,0.0,0.0,0.16509822,0.70734704,0.0,0.0,0.6810014,0.80056304,0.0,0.16944925,0.94399595,0.3147335,0.80606574,0.1956859,0.33139595,0.08505705,0.0,0.4876431,0.19799632,0.0,0.0,0.0,0.58089405,0.67965275,0.25911456,0.5272626,0.92877376,0.85223264,0.0,0.17514852,0.0,0.7916576,0.76963043,0.28343505,0.6788888,0.0,0.65504515,0.0,0.0,0.13682707,0.38228512,0.58545065,0.0,0.0,0.0,0.0,0.0,0.0,0.0,0.27001473,0.0,0.25669506,0.4247821,0.2740829,-0.5232387
1.0479052,0.60466176,-0.91504395,0.0,1.3004838,0.63132966,1.3464015,0.0,0.0,0.0,0.0,0.4437592,0.0,0.0,0.061889656,0.49321076,0.64501214,0.0,1.4883934,0.0,0.088055335,0.39662725,0.0,0.0,0.0,0.39255115,0.6908039,0.0,0.0,0.55595607,0.0,0.32398307,0.63859606,0.0,0.070729464,0.0,0.0,1.1839324,1.116307,0.8791974,1.1882986,0.18521975,0.4667695,0.0,0.1289702,0.0,0.2718385,0.33701202,0.7541717,0.30014294,0.0,0.37944508,0.0,0.0,0.71691114,1.2641846,0.48405287,0.0,0.0,0.0,0.0,0.0,0.0,0.0,0.6488077,0.0,1.0713252,-0.48060668,-1.1205904,0.35548717
-0.7164661,0.08165409,-0.44175026,0.0,0.0091999415,1.0135434,0.024140477,0.18153007,0.0,0.032967627,0.0,0.0,0.0,0.25415277,0.09684011,0.0,0.0,0.0,0.23582593,0.0,0.3024481,0.04122874,0.41705984,0.0,0.0,0.31116793,0.69718134,0.14033747,0.0,0.72651666,0.0,0.0,0.933439,0.71878916,0.13721848,0.0,0.0,0.761933,0.75291526,0.8030747,0.60683596,0.63724333,0.36690667,0.0,0.5930796,0.0,0.0,0.27900597,0.45363957,0.03322842,0.0,0.0,0.0,0.0,0.6570821,0.33587492,0.0,0.0,0.0,0.0,0.0,0.0,0.0,0.0,0.80643857,0.0,0.52048194,-0.8413576,-0.41401392,0.38118163
0.24880533,0.5379741,0.3585857,0.0,0.2011616,0.28290558,0.75679874,0.0,0.0061024725,0.0,0.0,0.0,0.0,0.0,0.52178836,0.0,0.028197661,0.0,1.028147,0.0,0.0,0.7577965,0.54327404,0.0,0.0,0.9445392,0.2980615,0.67999214,0.33066013,0.29364115,0.0,0.0,0.4119923,0.0,0.0,0.0,0.0,0.58690983,0.68494195,0.14102492,0.69511616,0.78276706,0.79843247,0.0,0.002013091,0.0,0.7248709,0.6680837,0.40639496,0.6902113,0.0,0.726979,0.0,0.0,0.08726748,0.5757137,0.6795949,0.0,0.0,0.0,0.0,0.0,0.0,0.0,0.18095765,0.0,0.41290748,0.51843715,0.08277298,-0.4722904
-0.060697056,-2.026681,-0.09190598,1.165716,0.0,0.0,0.0,0.0,0.0,0.0,0.99214697,1.0213889,0.39435717,0.39343762,0.0,0.95510304,0.0,0.0,0.0,0.040127605,0.517059,0.0,1.0590565,0.395548,1.0022714,0.0,0.0,0.0,0.0,0.67609745,0.0,0.7258842,0.5994309,0.8652363,1.1865386,0.0,0.0,0.03281807,0.0,0.5097362,0.45666957,0.93215215,0.7652847,0.0,1.7473295,0.0,1.2223098,0.5545233,0.8099954,0.42589384,0.0,0.94637346,0.0,0.0,1.9415733,0.0,0.0,0.0,0.0,0.0,0.0,0.0,0.0,0.0,0.51116604,0.0,1.2183268,-0.2466907,0.79571164,1.0032
-1.2557458,-0.3032163,0.86616504,0.0,0.0,0.4358045,0.0,0.8410303,0.0,0.58545005,0.5101647,0.0,0.0,0.0,0.41296166,0.0,0.0,0.56369066,0.0,0.0,0.008687474,0.38854533,1.5165195,0.0,1.0420539,0.8218378,0.045012534,0.8262515,0.0,0.43707162,0.42062724,0.0,0.6201832,0.80094445,0.0,0.0,0.0,0.37241068,0.5448701,0.50306785,0.19201557,1.3740531,1.0152898,0.0,0.93937606,0.0,1.1137205,0.9774115,0.0,0.6524269,0.0,0.6775644,0.0,0.0,0.46506527,0.0,0.46156374,0.0,0.0,0.0,0.0,0.0,0.0,0.0,0.29742447,0.0,0.07968895,0.3246864,0.9435549,-0.51087695
0.09142906,0.6663604,0.3904167,0.0,0.19913046,0.37437716,0.67900234,0.11166875,0.09290025,0.04155433,0.0,0.0,0.0,0.0,0.5987242,0.0,0.0,0.03168571,1.0140154,0.0,0.0,0.77135944,0.57037437,0.0,0.0,0.9791708,0.3967378,0.79200906,0.3209507,0.2987479,0.0,0.0,0.44520298,0.0060441494,0.0,0.0,0.0,0.68584347,0.7702655,0.20783661,0.6789838,0.8294032,0.8422537,0.0,0.005045632,0.0,0.7201259,0.7109244,0.3913223,0.71459204,0.0,0.74444145,0.0,0.0,0.06005042,0.61882734,0.71794367,0.0,0.0,0.0,0.0,0.0,0.0,0.0,0.25534534,0.0,0.3681146,0.4936601,0.043761894,-0.54511285
0.9980715,0.8215324,-0.16613816,0.0,0.9761776,0.3135445,1.3413225,0.0,0.05009693,0.0,0.0,0.24225868,0.0,0.0,0.42142695,0.2663618,0.55063814,0.0,1.5906924,0.0,0.0,0.78150034,0.0,0.0,0.0,0.82974356,0.47677237,0.37548292,0.3834774,0.31635937,0.0,0.0,0.39901954,0.0,0.0,0.0,0.0,0.95415586,1.0234451,0.43864238,1.0314325,0.49033645,0.76546395,0.0,0.0,0.0,0.6723334,0.49179178,0.60663855,0.6607547,0.0,0.66817343,0.0,0.0,0.32709047,1.1389658,0.829985,0.0,0.0,0.0,0.0,0.0,0.0,0.0,0.31571737,0.0,0.76910496,0.25899538,-0.54868954,-0.22530356
-0.26295468,1.8231536,1.348422,0.0,0.20777723,0.35849822,0.67671585,0.882175,1.0882739,1.070445,0.0,0.0,0.0,0.0,1.464396,0.0,0.0,0.87403667,1.476649,0.0,0.0,1.4455813,0.9592638,0.0,0.0,1.7455004,0.674664,2.0151243,1.1159041,0.0,0.3523813,0.0,0.23252186,0.0,0.0,0.0,0.0,1.2690445,1.4192384,0.509922,0.6244478,1.6744573,1.9168677,0.0,0.0,0.0,1.5795802,1.3930036,0.19160901,1.6770374,0.0,1.4971572,0.0,0.0,0.0,0.9928856,1.6807694,0.0,0.0,0.0,0.0,0.0,0.0,0.0,0.40825287,0.0,0.0,1.3281175,0.5034857,-1.7045056
0.3006726,0.33226183,0.4272371,0.095773056,0.055649884,0.1617018,0.7430291,0.0,0.0,0.0,0.0,0.008045234,0.0,0.0,0.45169947,0.007841606,0.0,0.0,0.9424894,0.0,0.0,0.742123,0.63149345,0.0,0.016750429,0.92961586,0.14206752,0.60789156,0.33979642,0.27997902,0.0,0.0,0.37077,0.0,0.0,0.0,0.0,0.4281633,0.557929,0.017201126,0.6230607,0.7860167,0.83254004,0.0,0.030352505,0.0,0.8185695,0.68579745,0.3724956,0.7226523,0.0,0.7590816,0.0,0.0,0.08031087,0.44862974,0.6305361,0.0,0.0,0.0,0.0,0.0,0.0,0.0,0.09593417,0.0,0.37577274,0.6395788,0.2746567,-0.48108172
0.83239037,0.38420874,-0.92808205,0.0,1.0883476,0.6699563,1.1512115,0.0,0.0,0.0,0.0,0.42236283,0.0,0.0,0.0,0.47090077,0.48920906,0.0,1.2471867,0.0,0.17145568,0.27689734,0.0,0.0,0.0,0.30406302,0.6406244,0.0,0.0,0.6105409,0.0,0.3450122,0.6959212,0.0,0.17835051,0.0,0.0,1.0749663,0.9811249,0.86796266,1.094108,0.22165167,0.41894382,0.0,0.20990884,0.0,0.19396564,0.31316322,0.7727406,0.23229036,0.0,0.30673316,0.0,0.0,0.7451339,1.1175866,0.32214445,0.0,0.0,0.0,0.0,0.0,0.0,0.0,0.695756,0.0,1.0399004,-0.59306055,-1.026037,0.46296847
0.11558334,-0.35634294,0.037234742,0.27558765,0.0,0.25170532,0.47225648,0.0,0.0,0.0,0.0,0.2735033,0.0,0.0,0.02194482,0.26885834,0.0,0.0,0.45231465,0.0,0.09833454,0.32757583,0.6239238,0.0,0.19229889,0.52478665,0.006667942,0.058338955,0.0,0.48162377,0.0,0.0,0.5404041,0.32867128,0.28962797,0.0,0.0,0.27319297,0.30039513,0.13665138,0.53041875,0.5944144,0.6519234,0.0,0.37820274,0.0,0.6365838,0.5132587,0.43369195,0.43727618,0.0,0.42912415,0.0,0.0,0.53492093,0.27280718,0.12966423,0.0,0.0,0.0,0.0,0.0,0.0,0.0,0.30259413,0.0,0.5353395,0.10834841,0.2279983,0.12024065
-0.10515803,-0.04254655,0.71607995,0.26123694,0.0,0.07717201,0.3759278,0.17953946,0.0,0.0,0.0,0.0,0.0,0.0,0.4098059,0.0,0.0,0.05446589,0.5143524,0.0355601,0.0,0.6682803,1.0338032,0.0,0.48736933,0.93449616,0.0,0.66367567,0.25266433,0.28306624,0.18030314,0.0,0.37197477,0.21231088,0.0,0.0,0.0,0.27622283,0.41954178,0.0,0.45298973,0.9692428,0.89505666,0.0,0.354504,0.0,1.0369408,0.8544146,0.1637165,0.7417953,0.0368543,0.84936404,0.0,0.0,0.26873946,0.16418023,0.5345603,0.0,0.0,0.0,0.0,0.0,0.0,0.0,0.0,0.0,0.23107928,0.7352378,0.7112787,-0.52062356
0.84646803,0.36134315,-0.97717094,0.0,1.1085712,0.68337214,1.1568664,0.0,0.0,0.0,0.0,0.44669446,0.0,0.0,0.0,0.4960892,0.4988442,0.0,1.2415714,0.0,0.19116935,0.25176415,0.0,0.0,0.0,0.27419358,0.6469612,0.0,0.0,0.6252079,0.0,0.38360584,0.70859647,0.0078983605,0.2032176,0.0,0.0,1.0906494,0.9893384,0.8974844,1.1079936,0.21498713,0.4052504,0.0,0.22814058,0.0,0.1846327,0.30410355,0.7963499,0.22110058,0.0,0.30195424,0.0,0.0,0.781716,1.1340353,0.30619496,0.0,0.0,0.0,0.0,0.0,0.0,0.0,0.72288126,0.0,1.0706449,-0.6364954,-1.0583261,0.50413793
-0.51593894,-0.7794203,0.7005151,0.5220826,0.0,0.052114516,0.0,0.2538125,0.0,0.0,0.5688977,0.0411149,0.0,0.0,0.10204607,0.009133499,0.0,0.035523593,0.0,0.0,0.05165081,0.3539296,1.3429033,0.0,0.966524,0.68517333,0.0,0.35448346,0.0,0.40832293,0.27588743,0.0,0.4719945,0.6006398,0.31416702,0.0,0.0,0.08126328,0.14223917,0.092429645,0.20237894,1.0530416,0.85992366,0.0,0.99626833,0.0,1.0751014,0.8383329,0.0,0.58623093,0.029721938,0.855893,0.0,0.0,0.75774866,0.0,0.17093363,0.0,0.0,0.0,0.0,0.0,0.0,0.0,0.012488276,0.0,0.34039462,0.48945463,1.0548213,-0.16109636
1.5194776,-1.4704236,-2.4620006,0.56718385,1.1201515,0.6409205,1.2350283,0.0,0.0,0.0,0.0,1.9150257,0.93400276,1.2290459,0.0,1.929725,0.6554123,0.0,0.5705993,0.0,0.98605114,0.0,0.0,0.46528304,0.0,0.0,0.1602417,0.0,0.0,1.1167722,0.0,2.1820214,1.0047235,0.4619414,1.5643677,0.0,0.0,1.0691427,0.9079572,1.7838076,1.6938837,0.34966964,0.09931955,0.0,1.6287655,0.0,0.63957304,0.048477724,2.0967405,0.18794426,0.0,0.41741085,0.0,0.0,2.5485497,1.6852834,0.0,0.0,0.0,0.0,0.0,0.0,0.0,0.0,1.6250674,0.0,2.2697012,-1.8262442,-1.5450977,2.2531524
-0.84143096,0.82247186,1.6479025,0.0,0.0,0.16064385,0.050364643,1.1002758,0.53153265,1.0685682,0.0,0.0,0.0,0.0,1.1592642,0.0,0.0,0.9810678,0.60472596,0.0,0.0,1.1571541,1.5916712,0.0,0.80410975,1.5691152,0.168319,1.7912961,0.7890957,0.045449853,0.61728966,0.0,0.2638209,0.15082526,0.0,0.0,0.0,0.7105044,0.8881846,0.4225844,0.26770622,1.7775223,1.7149717,0.0,0.23420313,0.0,1.762766,1.5384164,0.0,1.4036512,0.0,1.3559862,0.0,0.0,0.0,0.25984043,1.1972845,0.0,0.0,0.0,0.0,0.0,0.0,0.0,0.13564385,0.0,0.0,1.2989346,1.17976,-1.4964652
0.46729964,-0.8827492,-1.0487821,0.3128258,0.2399514,0.5243487,0.6198469,0.0,0.0,0.0,0.0,0.847312,0.3108023,0.49820352,0.0,0.85914826,0.03823632,0.0,0.33866805,0.0,0.53254485,0.0,0.0,0.11558676,0.0,0.0,0.12443601,0.0,0.0,0.80135465,0.0,0.84119934,0.8097682,0.521711,0.85256386,0.0,0.0,0.5940905,0.4539058,0.83944964,0.89647424,0.5142832,0.32111302,0.0,0.9282417,0.0,0.3064963,0.14346948,1.1692332,0.16296262,0.0,0.17146675,0.0,0.0,1.2976918,0.7650027,0.0,0.0,0.0,0.0,0.0,0.0,0.0,0.0,0.97366315,0.0,1.1845379,-0.96526337,-0.58554727,1.1169032
0.69471157,-0.12942438,-1.4260838,0.0,1.0107232,0.8487257,0.9552631,0.0,0.0,0.0,0.0,0.6373202,0.18765646,0.4416328,0.0,0.6927586,0.38268143,0.0,0.8794158,0.0,0.47298217,0.0,0.0,0.0,0.0,0.0,0.63461363,0.0,0.0,0.82474685,0.0,0.75377667,0.8933989,0.30018383,0.5637299,0.0,0.0,1.1619486,0.98656034,1.255251,1.2084702,0.31636792,0.1987148,0.0,0.6795266,0.0,0.03900035,0.12580489,1.0576029,0.018035218,0.0,0.112579495,0.0,0.0,1.2022532,1.1705341,0.006805528,0.0,0.0,0.0,0.0,0.0,0.0,0.0,1.076397,0.0,1.3027198,-1.2829922,-1.273039,1.0522242
1.4479549,0.465131,-0.43868423,0.17458221,1.0944993,0.1532127,1.5711854,0.0,0.0,0.0,0.0,0.7253402,0.0,0.0,0.14298126,0.72957623,0.73814243,0.0,1.6349472,0.07492298,0.0,0.6645802,0.0,0.0,0.0,0.6405489,0.2837122,0.0,0.2963064,0.3569355,0.0,0.335559,0.36656886,0.0,0.045727134,0.0,0.0,0.8130155,0.88678354,0.43609628,1.1241444,0.20065539,0.7697417,0.0,0.0106252,0.0,0.80742276,0.4107533,0.76347077,0.6116576,0.0,0.74652433,0.0,0.0,0.6506152,1.2474644,0.727067,0.0,0.0,0.0,0.0,0.0,0.0,0.0,0.31967658,0.0,1.0344957,0.24092817,-0.63799334,0.118475504
0.8549627,0.08554526,-0.5146694,0.111038715,0.67309564,0.34828958,1.0869205,0.0,0.0,0.0,0.0,0.55456054,0.0,0.0,0.0,0.56843156,0.36728567,0.0,1.0975231,0.0,0.085675016,0.3819286,0.0,0.0,0.0,0.43774194,0.28510532,0.0,0.0,0.50223494,0.0,0.3059317,0.54240316,0.0,0.2330641,0.0,0.0,0.7084991,0.66967636,0.4841569,0.9157313,0.26837984,0.5492662,0.0,0.17746864,0.0,0.4318838,0.35696447,0.7573432,0.39073247,0.0,0.4302472,0.0,0.0,0.63457954,0.9249028,0.3403341,0.0,0.0,0.0,0.0,0.0,0.0,0.0,0.49806753,0.0,0.89819294,-0.17675906,-0.579928,0.33714736
1.1360617,-0.5191934,-0.8064496,0.4876495,0.58424634,0.20069386,1.1469343,0.0,0.0,0.0,0.0,1.0600054,0.25936794,0.0,0.0,1.050349,0.41703278,0.0,0.9105197,0.0,0.26979733,0.14562608,0.0,0.0,0.0,0.15420613,0.016529843,0.0,0.0,0.59409726,0.0,0.83369786,0.5564952,0.05631487,0.63614726,0.0,0.0,0.57085985,0.47711077,0.5056028,0.9213431,0.24993381,0.52767,0.0,0.49039847,0.0,0.66308296,0.33662033,1.12952,0.44864184,0.0,0.56184125,0.0,0.0,1.1620028,0.9761847,0.14657994,0.0,0.0,0.0,0.0,0.0,0.0,0.0,0.6408729,0.0,1.2562624,-0.31317133,-0.52678466,0.8127458
-0.3281921,-0.48716098,1.0843494,0.58329636,0.0,0.0,0.11400908,0.3339044,0.0,0.0,0.4650954,0.0,0.0,0.0,0.35416242,0.0,0.0,0.17712504,0.14823145,0.24143255,0.0,0.6533421,1.457452,0.0,0.9839612,0.9802077,0.0,0.69932824,0.27444735,0.23829956,0.39016104,0.0,0.29618979,0.3551743,0.07548742,0.0,0.0,0.062322073,0.16043249,0.0,0.21265593,1.1733642,1.1170835,0.0,0.7503147,0.0,1.4061216,1.0707098,0.0,0.78650635,0.08028275,1.229048,0.0,0.0,0.5584131,0.0,0.5790735,0.0,0.0,0.0,0.0,0.0,0.0,0.0,0.0,0.0,0.18770304,0.9578341,1.2567213,-0.5377519
-0.02722547,0.12077156,0.13163692,0.0,0.0,0.40600112,0.48194864,0.0,0.0,0.0,0.0,0.0,0.0,0.0,0.2740989,0.0,0.0,0.0,0.6415425,0.0,0.0,0.4719948,0.58921033,0.0,0.0506595,0.68706477,0.25842422,0.38175705,0.0,0.4386363,0.0,0.0,0.55496323,0.25630286,0.00934577,0.0,0.0,0.49531406,0.5754018,0.22871129,0.5912653,0.68183,0.6010482,0.0,0.16820101,0.0,0.46752554,0.53542775,0.35460842,0.46387142,0.0,0.41236383,0.0,0.0,0.25878903,0.35901475,0.35967338,0.0,0.0,0.0,0.0,0.0,0.0,0.0,0.30903146,0.0,0.3750462,0.124654315,0.039881982,-0.17545027
-0.15926738,1.0739607,1.042272,0.0,0.0,0.25561404,0.5845807,0.5594493,0.53084767,0.57626116,0.0,0.0,0.0,0.0,1.0204104,0.0,0.0,0.50653636,1.1117103,0.0,0.0,1.119647,0.9445239,0.0,0.13313593,1.3972435,0.3861932,1.4339324,0.75228375,0.106078506,0.25603962,0.0,0.29575992,0.0,0.0,0.0,0.0,0.81049544,0.9679,0.26516336,0.55418193,1.3245332,1.4206164,0.0,0.0,0.0,1.3021613,1.1295017,0.21241596,1.2411634,0.0,1.1906257,0.0,0.0,0.0,0.62334305,1.1761527,0.0,0.0,0.0,0.0,0.0,0.0,0.0,0.21908675,0.0,0.04528883,1.0879332,0.54343426,-1.2184479
1.2366405,0.06527867,-1.1929197,0.017999683,1.2071183,0.53704137,1.3586142,0.0,0.0,0.0,0.0,0.85738295,0.16971236,0.015176237,0.0,0.8891127,0.6611514,0.0,1.287463,0.0,0.2679542,0.16329937,0.0,0.0,0.0,0.12419629,0.47700548,0.0,0.0,0.6530484,0.0,0.7775344,0.673627,0.0,0.43148196,0.0,0.0,1.0730147,0.98120147,0.9946856,1.2379825,0.11068557,0.36408272,0.0,0.33337164,0.0,0.3425508,0.24969803,1.0398538,0.2750242,0.0,0.4040586,0.0,0.0,1.102518,1.3267803,0.27478564,0.0,0.0,0.0,0.0,0.0,0.0,0.0,0.82935506,0.0,1.3456331,-0.7273445,-1.1963018,0.8048824
-0.0394013,0.6973814,0.15546682,0.0,0.30378708,0.56915486,0.6043672,0.11727147,0.042681128,0.06703621,0.0,0.0,0.0,0.0,0.5381805,0.0,0.0,0.009002805,0.9570306,0.0,0.0,0.644169,0.44542494,0.0,0.0,0.85354966,0.5584294,0.6899604,0.12209195,0.38935536,0.0,0.0,0.56104404,0.11060685,0.0,0.0,0.0,0.81794333,0.8304917,0.3605671,0.7033671,0.78215164,0.7249588,0.0,0.08322185,0.0,0.50003016,0.6418647,0.4372769,0.5528077,0.0,0.5565134,0.0,0.0,0.17488962,0.65362,0.60378206,0.0,0.0,0.0,0.0,0.0,0.0,0.0,0.4031693,0.0,0.42823675,0.16992457,-0.17814465,-0.36440307
0.7499597,-0.45780948,-0.5428974,0.3849208,0.3158152,0.24997462,0.8931642,0.0,0.0,0.0,0.0,0.76703864,0.12749735,0.0,0.0,0.76201683,0.19596325,0.0,0.73639387,0.0,0.22439677,0.18951595,0.10567227,0.0,0.0,0.26582566,0.038232163,0.0,0.0,0.56872237,0.0,0.52900434,0.5694972,0.17113651,0.51898396,0.0,0.0,0.460827,0.38991636,0.36902678,0.77020013,0.36729088,0.56407744,0.0,0.4346894,0.0,0.57246405,0.3622437,0.9099071,0.41650248,0.0,0.46237627,0.0,0.0,0.89949214,0.72648406,0.119539425,0.0,0.0,0.0,0.0,0.0,0.0,0.0,0.5549358,0.0,0.9919051,-0.21538873,-0.29206318,0.59002805
0.63072765,0.31863388,-0.16964586,0.008718315,0.5258837,0.33167443,0.97915184,0.0,0.0,0.0,0.0,0.26876998,0.0,0.0,0.21887228,0.28469628,0.25327206,0.0,1.1087973,0.0,0.0,0.5495398,0.1602855,0.0,0.0,0.6542153,0.31485155,0.18419103,0.08706245,0.413295,0.0,0.0,0.48787683,0.0,0.014062546,0.0,0.0,0.6734068,0.7109802,0.31904858,0.8232522,0.44528422,0.6376802,0.0,0.03244826,0.0,0.4757439,0.46174076,0.54535437,0.46727723,0.0,0.47389948,0.0,0.0,0.32530373,0.7887332,0.5115904,0.0,0.0,0.0,0.0,0.0,0.0,0.0,0.33775508,0.0,0.6326185,0.11474771,-0.35273135,-0.05816775
-0.5110757,-0.49108982,0.59915537,0.3067293,0.0,0.18993433,0.003275007,0.2800507,0.0,0.0,0.33122206,0.0,0.0,0.0,0.19403177,0.0,0.0,0.07229242,0.040391088,0.0,0.02645366,0.3919717,1.194881,0.0,0.7639228,0.71149766,0.0,0.43868,0.0,0.4168908,0.21626164,0.0,0.5109958,0.5463561,0.18875457,0.0,0.0,0.186563,0.27908373,0.15870297,0.2662096,0.97489655,0.7707717,0.0,0.7931272,0.0,0.90837586,0.77002287,0.028612271,0.55236727,0.052638516,0.68726313,0.0,0.0,0.5818483,0.0,0.2177108,0.0,0.0,0.0,0.0,0.0,0.0,0.0,0.11234731,0.0,0.25878537,0.3641863,0.8284053,-0.20879501
-1.0443358,-0.29104337,0.11489764,0.0,0.0,0.75004315,0.0,0.47419965,0.0,0.23509887,0.15443563,0.0,0.0,0.1136083,0.14462864,0.0,0.0,0.18193841,0.0,0.0,0.23587674,0.10619077,0.97055215,0.0,0.54629624,0.46196595,0.33624038,0.34404126,0.0,0.6346387,0.08023602,0.0,0.8221654,0.8541986,0.17729907,0.0,0.0,0.5354676,0.6402658,0.67618644,0.42050973,0.92888016,0.5944518,0.0,0.805391,0.0,0.51275134,0.53637,0.17032489,0.2691529,0.0,0.19240949,0.0,0.0,0.6743317,0.11643104,0.024196345,0.0,0.0,0.0,0.0,0.0,0.0,0.0,0.617786,0.0,0.37746552,-0.44017196,0.20615123,0.10783864
-0.82891876,-1.5129099,0.9476324,0.9313511,0.0,0.0,0.0,0.35821736,0.0,0.0,1.2520217,0.19823931,0.0,0.0,0.0,0.13327616,0.0,0.07422683,0.0,0.12387651,0.16567807,0.18115532,1.794133,0.10617298,1.5645384,0.58154255,0.0,0.18725644,0.0,0.43698543,0.4657169,0.0,0.45606387,0.8857274,0.6206117,0.0,0.0,0.0,0.0,0.09497496,0.11246538,1.3009726,1.0966461,0.0,1.6212419,0.0,1.5536122,1.0396639,0.0,0.6274614,0.0,1.2806473,0.0,0.0,1.3177569,0.0,0.14500174,0.0,0.0,0.0,0.0,0.0,0.0,0.0,0.0,0.0,0.55141574,0.6299711,1.4884365,-0.00550317
-0.39337632,1.4592289,0.25584263,0.0,0.57182586,0.89928484,0.5363039,0.52062035,0.5442251,0.6615734,0.0,0.0,0.0,0.0,0.93052983,0.0,0.0,0.41427323,1.189661,0.0,0.0,0.8224273,0.39165992,0.0,0.0,1.0738024,1.0194297,1.19854,0.25052455,0.3559965,0.0,0.0,0.6349197,0.066288576,0.0,0.0,0.0,1.4048846,1.3417633,0.7835834,0.7337771,1.0785711,1.0792983,0.0,0.0,0.0,0.5727104,0.8813456,0.43159556,0.79414755,0.0,0.68812317,0.0,0.0,0.0,1.0041708,0.9412291,0.0,0.0,0.0,0.0,0.0,0.0,0.0,0.742627,0.0,0.30850983,0.12301513,-0.42924505,-0.8050546
2.423095,-0.6189701,-3.5004435,0.027658846,2.6033893,1.0475514,2.0672674,0.0,0.0,0.0,0.0,2.1299224,1.0168468,1.3316252,0.0,2.199174,1.4652805,0.0,1.5288271,0.0,1.0329835,0.0,0.0,0.20352519,0.0,0.0,0.83369964,0.0,0.0,1.2305049,0.0,2.6229086,1.1379805,0.029065639,1.4227189,0.0,0.0,2.0651858,1.8564216,2.6806352,2.438035,0.0,0.0,0.0,1.4082775,0.0,0.4183516,0.0,2.245393,0.009743914,0.0,0.50767833,0.0,0.0,2.8448749,2.7191544,0.0,0.0,0.0,0.0,0.0,0.0,0.0,0.0,1.975997,0.0,2.877487,-2.4882538,-2.8851779,2.5091891
-0.7480076,-0.25485554,-0.1455259,0.0,0.0,0.768253,0.0,0.2243454,0.0,0.0,0.0,0.0,0.0,0.16544819,0.05291737,0.0,0.0,0.0,0.0340752,0.0,0.27373227,0.07025659,0.71173847,0.0,0.29270512,0.36896247,0.39070463,0.15343586,0.0,0.6657105,0.0,0.0,0.8337296,0.7571447,0.23808633,0.0,0.0,0.54244244,0.6012877,0.64485586,0.51365566,0.7062772,0.41567463,0.0,0.682313,0.0,0.26386648,0.37060297,0.313016,0.14706816,0.0,0.05710708,0.0,0.0,0.6915033,0.19205575,0.0,0.0,0.0,0.0,0.0,0.0,0.0,0.0,0.64636296,0.0,0.46165806,-0.5936571,-0.06795633,0.30352876
-0.64313424,-0.2885629,-0.23971862,0.0,0.0,0.7620335,0.0,0.12519789,0.0,0.0,0.0,0.0,0.0,0.19909284,0.0,0.0,0.0,0.0,0.071605146,0.0,0.29748803,0.043370873,0.63194036,0.0,0.2249566,0.32246235,0.38610643,0.061228424,0.0,0.6808687,0.0,0.0,0.83762753,0.73504436,0.28443545,0.0,0.0,0.53619516,0.56703097,0.66143167,0.5421822,0.65710545,0.37670785,0.0,0.6652716,0.0,0.1958217,0.32240397,0.36182767,0.1077562,0.0,0.010033365,0.0,0.0,0.70712954,0.18586941,0.0,0.0,0.0,0.0,0.0,0.0,0.0,0.0,0.6593009,0.0,0.5005258,-0.6546787,-0.12693806,0.37711328
0.08774406,0.38873795,0.9844626,0.1927914,0.0,0.0,0.5967639,0.24879403,0.08757487,0.09568781,0.0,0.0,0.0,0.0,0.6829344,0.0,0.0,0.1868974,0.8637763,0.20352721,0.0,0.9569335,1.0332222,0.0,0.36841977,1.208389,0.0,1.0086666,0.62788445,0.13726264,0.23798017,0.0,0.23707199,0.0,0.0,0.0,0.0,0.33057314,0.5007426,0.0,0.528828,1.1124712,1.1853245,0.0,0.101900056,0.0,1.3797717,1.0137408,0.17392021,1.0031933,0.0,1.2002736,0.0,0.0,0.07416382,0.32922423,0.9272598,0.0,0.0,0.0,0.0,0.0,0.0,0.0,0.0,0.0,0.17401227,1.1544158,0.81893086,-0.88279945
0.19058646,1.1352394,0.5865758,0.0,0.4104764,0.36262769,0.8471825,0.21981548,0.44639292,0.24993798,0.0,0.0,0.0,0.0,0.8687351,0.0,0.09841286,0.18901634,1.3322793,0.0,0.0,1.0162363,0.53800815,0.0,0.0,1.2164673,0.52845305,1.1293361,0.62036836,0.18705904,0.014977738,0.0,0.36062098,0.0,0.0,0.0,0.0,0.95289075,1.0741295,0.30756554,0.7773764,1.0114642,1.1257527,0.0,0.0,0.0,0.9526989,0.84445524,0.38033563,1.0222722,0.0,1.0005656,0.0,0.0,0.0,0.8990355,1.076805,0.0,0.0,0.0,0.0,0.0,0.0,0.0,0.30027375,0.0,0.3268267,0.7340623,0.014451683,-0.8835207
0.8678069,-1.5323356,-1.9356662,0.5281509,0.5182311,0.6311382,0.7667527,0.0,0.0,0.0,0.0,1.4979323,0.7467884,1.1413159,0.0,1.5090145,0.23183589,0.0,0.18523604,0.0,0.91532016,0.0,0.0,0.520721,0.0,0.0,0.071183935,0.0,0.0,1.0613971,0.0,1.707877,0.9955403,0.6806488,1.4329607,0.0,0.0,0.7587485,0.61666346,1.4605027,1.3474435,0.5573612,0.16033044,0.0,1.5822889,0.0,0.48919773,0.05047846,1.81918,0.14739412,0.0,0.21857943,0.0,0.0,2.1630738,1.1800653,0.0,0.0,0.0,0.0,0.0,0.0,0.0,0.0,1.4684293,0.0,1.8205639,-1.6261128,-1.0399278,1.9410058
0.32742453,-1.1366184,-1.8684478,0.07226512,0.50822645,0.9545951,0.49052054,0.0,0.0,0.0,0.0,0.9550941,0.5248039,1.1860721,0.0,1.0014378,0.040475428,0.0,0.11104512,0.0,0.8927724,0.0,0.0,0.5201531,0.0,0.0,0.4052687,0.0,0.0,1.095338,0.0,1.2738637,1.1231484,0.8261101,1.1818277,0.0,0.0,0.94002706,0.79941565,1.6398771,1.3209921,0.6393918,0.040951207,0.0,1.4604727,0.0,0.047079552,0.0,1.5111712,0.0,0.0,0.0,0.0,0.0,1.797564,1.046597,0.0,0.0,0.0,0.0,0.0,0.0,0.0,0.0,1.533249,0.0,1.5172919,-1.8572241,-1.1799362,1.6950969
-0.71457976,1.7659614,0.9082846,0.0,0.25194517,0.7820369,0.3713443,0.9877559,0.9173509,1.1948657,0.0,0.0,0.0,0.0,1.3118557,0.0,0.0,0.89405346,1.1924523,0.0,0.0,1.1255182,0.8137513,0.0,0.0,1.457659,0.97491217,1.802306,0.6245747,0.18187436,0.23828413,0.0,0.50201637,0.0056509376,0.0,0.0,0.0,1.4604942,1.4707642,0.8240492,0.5530678,1.5044283,1.6176399,0.0,0.0,0.0,1.1080757,1.2756127,0.25453502,1.2755536,0.0,1.0640905,0.0,0.0,0.0,0.92356277,1.3166049,0.0,0.0,0.0,0.0,0.0,0.0,0.0,0.71360624,0.0,0.0,0.65926415,0.08794655,-1.3896439
1.3765148,1.1376693,-1.1670829,0.0,1.9031781,0.7774645,1.6964178,0.0,0.0,0.0,0.0,0.39846623,0.0,0.0,0.19102594,0.47155896,0.9702968,0.0,1.9629829,0.0,0.0149418935,0.5137413,0.0,0.0,0.0,0.4412022,0.9971531,0.0,0.0,0.5416034,0.0,0.32345295,0.6482406,0.0,0.0,0.0,0.0,1.6050544,1.492762,1.1419957,1.4382992,0.124947384,0.46663564,0.0,0.05453708,0.0,0.2865552,0.37157527,0.77976334,0.32053703,0.0,0.43925604,0.0,0.0,0.79336506,1.6163512,0.7057186,0.0,0.0,0.0,0.0,0.0,0.0,0.0,0.7195006,0.0,1.2496588,-0.5749985,-1.5317013,0.29978064
-0.38226885,0.8491217,1.2683635,0.0,0.0,0.1672065,0.37668517,0.71463853,0.44922903,0.6811893,0.0,0.0,0.0,0.0,1.0124922,0.0,0.0,0.6339041,0.8666763,0.005795747,0.0,1.1038102,1.2144202,0.0,0.43945855,1.4293648,0.22600669,1.4954599,0.7428972,0.08843616,0.39420497,0.0,0.27294707,0.002868086,0.0,0.0,0.0,0.6824041,0.8523735,0.26748565,0.43445313,1.4509596,1.4715182,0.0,0.051615465,0.0,1.4700956,1.2689314,0.07990971,1.2519201,0.0,1.2489139,0.0,0.0,0.0,0.42657512,1.1257677,0.0,0.0,0.0,0.0,0.0,0.0,0.0,0.12314729,0.0,0.0,1.1997942,0.8352372,-1.2959363
-0.6211075,1.6927084,0.56899804,0.0,0.44208658,0.9015603,0.42715356,0.806227,0.7761749,1.002336,0.0,0.0,0.0,0.0,1.1559486,0.0,0.0,0.70125663,1.1988767,0.0,0.0,0.97507334,0.5899168,0.0,0.0,1.2736843,1.0650132,1.5450424,0.42316008,0.2774016,0.089524746,0.0,0.59225947,0.050680667,0.0,0.0,0.0,1.509185,1.4724205,0.87067235,0.64203596,1.3124799,1.3701279,0.0,0.0,0.0,0.8255714,1.0895339,0.3451519,1.0407662,0.0,0.860018,0.0,0.0,0.0,1.0026399,1.1419489,0.0,0.0,0.0,0.0,0.0,0.0,0.0,0.7885771,0.0,0.12808162,0.34196573,-0.22477452,-1.122625
-0.22272013,0.8849314,0.7186544,0.0,0.017425733,0.4029131,0.50775206,0.4492187,0.31801054,0.4339517,0.0,0.0,0.0,0.0,0.82777226,0.0,0.0,0.35964504,0.9677665,0.0,0.0,0.90602994,0.80603135,0.0,0.061883785,1.1738036,0.4520628,1.155371,0.46294266,0.23019022,0.14284961,0.0,0.41996747,0.0326584,0.0,0.0,0.0,0.79077303,0.8933927,0.3213128,0.5560781,1.1125503,1.1450282,0.0,0.0,0.0,0.98620397,0.9507177,0.28398645,0.9541936,0.0,0.9054432,0.0,0.0,0.0,0.56835634,0.9032855,0.0,0.0,0.0,0.0,0.0,0.0,0.0,0.31339204,0.0,0.15631017,0.7047137,0.29099125,-0.9015368
0.36050317,-0.25924233,-0.1033996,0.26836622,0.027236955,0.24635018,0.6634699,0.0,0.0,0.0,0.0,0.3881943,0.0,0.0,0.0018434525,0.38539213,0.0,0.0,0.63901305,0.0,0.08964264,0.35039178,0.43925783,0.0,0.0,0.5042837,0.05325474,0.0,0.0,0.4791905,0.0,0.079397574,0.5256517,0.21567373,0.2861917,0.0,0.0,0.32241383,0.31948203,0.14764954,0.604794,0.4890777,0.6682104,0.0,0.2791494,0.0,0.5848913,0.4707169,0.5510535,0.44118023,0.0,0.43733028,0.0,0.0,0.50200677,0.41850793,0.18119162,0.0,0.0,0.0,0.0,0.0,0.0,0.0,0.3476315,0.0,0.6224163,0.09341911,0.061750114,0.16937694
-0.031970907,-2.0063078,-1.8706709,0.44268978,0.0,0.85997176,0.050156772,0.0,0.0,0.0,0.2853667,1.1725118,0.7358651,1.5867753,0.0,1.1938783,0.0,0.0,0.0,0.0,1.1292101,0.0,0.0,0.95699406,0.0,0.0,0.04490164,0.0,0.0,1.2185199,0.0,1.5337819,1.2024426,1.2206445,1.6190877,0.0,0.0,0.6527398,0.58275235,1.7085155,1.3138671,0.85778004,0.090726316,0.0,2.1248946,0.0,0.36697176,0.0,1.843586,0.043518223,0.0,0.0,0.0,0.0,2.3132408,0.75915915,0.0,0.0,0.0,0.0,0.0,0.0,0.0,0.0,1.6933564,0.0,1.617409,-2.0128033,-0.82457316,2.1008
-1.0395108,-1.5043064,0.30671337,0.57141966,0.0,0.2854597,0.0,0.27205443,0.0,0.0,1.0572244,0.11439395,0.0,0.34425867,0.0,0.08959688,0.0,0.0,0.0,0.0,0.4199273,0.0,1.4349895,0.37696427,1.2578665,0.233522,0.0,0.0,0.0,0.66698706,0.23079483,0.0,0.7318706,1.1198441,0.76459,0.0,0.0,0.108297154,0.17136647,0.51972663,0.3795992,1.217361,0.7232355,0.0,1.7128295,0.0,1.0487988,0.6442691,0.1634354,0.34614307,0.0,0.6575814,0.0,0.0,1.3921186,0.0,0.0,0.0,0.0,0.0,0.0,0.0,0.0,0.0,0.3834563,0.0,0.6689489,-0.18912366,0.9377005,0.46217304
0.5214475,-1.717148,-1.1062136,0.8238474,0.0,0.28423554,0.46797365,0.0,0.0,0.0,0.22973675,1.3089396,0.5881132,0.76603955,0.0,1.284146,0.0,0.0,0.0,0.0,0.71739644,0.0,0.15879276,0.42814255,0.099478066,0.0,0.0,0.0,0.0,0.8740146,0.0,1.2775799,0.79916835,0.7197871,1.3060664,0.0,0.0,0.35109556,0.19472651,0.8908418,0.8872025,0.6630353,0.42822307,0.0,1.4438496,0.0,0.67805123,0.20245475,1.4907297,0.29679126,0.0,0.40057915,0.0,0.0,1.8790609,0.6662988,0.0,0.0,0.0,0.0,0.0,0.0,0.0,0.0,1.0605568,0.0,1.4906871,-0.9766059,-0.2629634,1.5141636
-0.843933,-1.809877,-0.7679936,0.40851596,0.0,0.6874423,0.0,0.0,0.0,0.0,0.79873776,0.4779879,0.33195123,1.0914781,0.0,0.4850317,0.0,0.0,0.0,0.0,0.82835716,0.0,0.77398676,0.77895725,0.7409704,0.0,0.0,0.0,0.0,0.99092877,0.0,0.61325234,1.0429264,1.3295554,1.2012672,0.0,0.0,0.4107091,0.44896105,1.2099425,0.89059544,1.1321661,0.31391478,0.0,2.022565,0.0,0.62224877,0.1646826,0.95201886,0.11378135,0.0,0.15561232,0.0,0.0,1.8847007,0.14441286,0.0,0.0,0.0,0.0,0.0,0.0,0.0,0.0,1.096322,0.0,1.1188906,-1.3169812,0.059879765,1.3434467
-1.1586574,0.48867756,0.608112,0.0,0.0,0.7657424,0.0,0.87111217,0.01775825,0.80548644,0.0,0.0,0.0,0.0,0.66785705,0.0,0.0,0.6345148,0.23288283,0.0,0.0,0.52194846,1.1003773,0.0,0.47246516,0.913237,0.5581256,1.0548197,0.0,0.4412018,0.25338966,0.0,0.6981526,0.60726154,0.0,0.0,0.0,0.83291763,0.85893124,0.72581357,0.3247765,1.2858531,1.0062792,0.0,0.43900955,0.0,0.83445895,0.9681716,0.13296232,0.63152057,0.0,0.4409144,0.0,0.0,0.22693361,0.24928664,0.5066247,0.0,0.0,0.0,0.0,0.0,0.0,0.0,0.5936116,0.0,0.105435185,0.05744525,0.3644923,-0.6170979
1.6385514,-0.5935627,-1.9872276,0.27725974,1.4262253,0.5904837,1.5017821,0.0,0.0,0.0,0.0,1.5061009,0.59091973,0.59751254,0.0,1.5320357,0.83869094,0.0,1.1306858,0.0,0.6201249,0.0,0.0,0.0,0.0,0.0,0.37591028,0.0,0.0,0.8850286,0.0,1.6071559,0.82709086,0.08182487,0.99380076,0.0,0.0,1.2305108,1.0604746,1.458649,1.5498898,0.10272464,0.19344178,0.0,0.9133335,0.0,0.5048711,0.13892308,1.601352,0.20868443,0.0,0.49804795,0.0,0.0,1.9009669,1.7070315,0.052140135,0.0,0.0,0.0,0.0,0.0,0.0,0.0,1.2425345,0.0,1.9558394,-1.3316467,-1.5861334,1.5989273
0.7203636,0.23243473,-1.0908095,0.0,1.0464045,0.7632307,1.0456254,0.0,0.0,0.0,0.0,0.44268724,0.01541397,0.09526184,0.0,0.49678668,0.42448938,0.0,1.099276,0.0,0.2769492,0.13433313,0.0,0.0,0.0,0.16810307,0.6663214,0.0,0.0,0.68982846,0.0,0.4438895,0.7785088,0.12529576,0.29247227,0.0,0.0,1.1048093,0.97374445,0.9909913,1.107875,0.26126364,0.3383405,0.0,0.3551314,0.0,0.09918663,0.25144562,0.8462945,0.14060213,0.0,0.2085018,0.0,0.0,0.8765038,1.094796,0.19586486,0.0,0.0,0.0,0.0,0.0,0.0,0.0,0.8276193,0.0,1.1062138,-0.84522736,-1.1003245,0.6498256
0.27748892,-0.666071,0.1785571,0.5947316,0.0,0.0110813975,0.50699556,0.0,0.0,0.0,0.07224971,0.5200841,0.0,0.0,0.0,0.48833692,0.0,0.0,0.36966428,0.06920251,0.088404104,0.34079966,0.7585106,0.0,0.37906203,0.5304618,0.0,0.0,0.0,0.4362037,0.0,0.10734554,0.44312203,0.29968646,0.42477524,0.0,0.0,0.15152264,0.1158928,0.0016189218,0.48253357,0.6079465,0.7977493,0.0,0.45231038,0.0,0.90412706,0.62624604,0.47026592,0.51317334,0.0,0.68739945,0.0,0.0,0.7352462,0.24347506,0.121421486,0.0,0.0,0.0,0.0,0.0,0.0,0.0,0.17072351,0.0,0.65917987,0.3549204,0.47570127,0.16011539
-0.42242852,0.7695362,0.5035216,0.0,0.0,0.57461995,0.35277086,0.46969485,0.17979488,0.44217506,0.0,0.0,0.0,0.0,0.7133194,0.0,0.0,0.3362343,0.7915621,0.0,0.0,0.7296399,0.75383484,0.0,0.055897787,1.011706,0.5461986,1.0033696,0.2073018,0.33662313,0.089301735,0.0,0.54444814,0.2034236,0.0,0.0,0.0,0.826536,0.88322914,0.4452493,0.5223066,1.0314059,0.9841824,0.0,0.07733634,0.0,0.7724502,0.8448435,0.30641174,0.7547394,0.0,0.6515544,0.0,0.0,0.033796024,0.5009586,0.6948752,0.0,0.0,0.0,0.0,0.0,0.0,0.0,0.44932064,0.0,0.20206852,0.35432655,0.1312735,-0.6870312
0.5154283,1.5891536,0.73980176,0.0,0.72662914,0.2682693,1.1653653,0.1794933,0.78277147,0.29808345,0.0,0.0,0.0,0.0,1.1041898,0.0,0.3396821,0.22339386,1.765263,0.0069283247,0.0,1.2911041,0.4208686,0.0,0.0,1.4511166,0.6076139,1.3932357,0.98251945,0.054348975,0.0051476806,0.0,0.23071855,0.0,0.0,0.0,0.0,1.1951575,1.3933047,0.3455293,0.9598869,1.1081523,1.3483559,0.0,0.0,0.0,1.2042803,0.90333414,0.39775056,1.3442131,0.0,1.291693,0.0,0.0,0.0,1.2483367,1.4702623,0.0,0.0,0.0,0.0,0.0,0.0,0.0,0.26910073,0.0,0.36299258,1.018823,-0.071648836,-1.1611664
-0.45636922,1.3518239,0.75748616,0.0,0.18835309,0.62498516,0.4553958,0.6986765,0.6185597,0.80196524,0.0,0.0,0.0,0.0,1.0612859,0.0,0.0,0.60686636,1.1009212,0.0,0.0,1.0011729,0.76297235,0.0,0.0,1.2954245,0.74976087,1.4564089,0.5199038,0.2193628,0.16417839,0.0,0.47745037,0.01832217,0.0,0.0,0.0,1.162399,1.2064916,0.59762764,0.5766623,1.2781528,1.355968,0.0,0.0,0.0,0.9950846,1.0863959,0.28971142,1.0881333,0.0,0.95343244,0.0,0.0,0.0,0.7841912,1.0995208,0.0,0.0,0.0,0.0,0.0,0.0,0.0,0.54324883,0.0,0.085735776,0.6249918,0.11505942,-1.1155171
0.95039505,-0.3772707,-0.13536881,0.59089464,0.2060383,0.0,1.0353426,0.0,0.0,0.0,0.0,0.8181741,0.05624214,0.0,0.0,0.7888978,0.25000095,0.0,0.8957267,0.18331677,0.034665644,0.4421617,0.29173714,0.0,0.0,0.51721126,0.0,0.0,0.049991995,0.40550104,0.0,0.38828838,0.3781532,0.0,0.38581944,0.0,0.0,0.3085624,0.25805756,0.057993546,0.7310033,0.34384853,0.82099175,0.0,0.18292966,0.0,0.9344232,0.529571,0.7769369,0.5869767,0.0,0.7785148,0.0,0.0,0.76347554,0.6804215,0.36232385,0.0,0.0,0.0,0.0,0.0,0.0,0.0,0.22530608,0.0,0.87459564,0.40921184,0.041951172,0.24975011
1.2439293,-0.42290407,-0.6221638,0.551876,0.57801753,0.081237435,1.236481,0.0,0.0,0.0,0.0,1.0634949,0.2114386,0.0,0.0,1.0448873,0.46367162,0.0,1.0254251,0.060990244,0.16893116,0.28102434,0.0,0.0,0.0,0.2858187,0.0,0.0,0.0,0.51303333,0.0,0.7491932,0.46655154,0.0,0.54548556,0.0,0.0,0.5280394,0.4504728,0.3698761,0.91737473,0.23197684,0.6335491,0.0,0.36868924,0.0,0.7928387,0.3883931,1.07053,0.5332945,0.0,0.671385,0.0,0.0,1.072094,0.98857856,0.2769294,0.0,0.0,0.0,0.0,0.0,0.0,0.0,0.49775493,0.0,1.194355,-0.047454305,-0.41925287,0.64595026
-0.022862684,-1.0823457,0.36206692,0.789805,0.0,0.0,0.2045261,0.0,0.0,0.0,0.51033485,0.5293001,0.021400332,0.0,0.0,0.4814347,0.0,0.0,0.0,0.11296475,0.15687259,0.23302151,1.0758501,0.0,0.7792793,0.48110175,0.0,0.0,0.0,0.45837915,0.08454278,0.09605341,0.45173773,0.51146436,0.5817161,0.0,0.0,0.0,0.0,0.0010721833,0.28151274,0.78613967,0.8568146,0.0,0.8556748,0.0,1.0623546,0.7098953,0.2904491,0.47802448,0.0,0.8813668,0.0,0.0,1.0368453,0.0,0.024790969,0.0,0.0,0.0,0.0,0.0,0.0,0.0,0.09227638,0.0,0.68976694,0.3905607,0.88090664,0.21476662
1.0288574,0.04052303,-0.8227367,0.090918355,0.8939517,0.42318887,1.2025303,0.0,0.0,0.0,0.0,0.71060586,0.07252559,0.0,0.0,0.7309634,0.49290532,0.0,1.164093,0.0,0.17581744,0.27253944,0.0,0.0,0.0,0.28572085,0.35301667,0.0,0.0,0.57337546,0.0,0.53702587,0.6011797,0.0,0.3419509,0.0,0.0,0.855133,0.788152,0.7005119,1.0501348,0.19902226,0.46878558,0.0,0.2579322,0.0,0.40176052,0.31069118,0.8977984,0.34222594,0.0,0.42618847,0.0,0.0,0.86013573,1.0956328,0.2984747,0.0,0.0,0.0,0.0,0.0,0.0,0.0,0.64840955,0.0,1.1076221,-0.41974264,-0.8389933,0.5626949
-0.24330056,-0.64693457,-0.1496582,0.217042,0.0,0.42783657,0.16923955,0.0,0.0,0.0,0.07592142,0.21239153,0.0,0.09046239,0.0,0.21781038,0.0,0.0,0.09148243,0.0,0.27898872,0.07615906,0.6825417,0.0,0.3365554,0.31340608,0.03975524,0.0,0.0,0.61763597,0.0,0.03568943,0.6939957,0.6146562,0.46983802,0.0,0.0,0.29097775,0.29711133,0.3646969,0.48488086,0.6611204,0.4905358,0.0,0.6673021,0.0,0.47256207,0.40166876,0.42915198,0.2548619,0.0,0.23265308,0.0,0.0,0.78706586,0.14050065,0.0,0.0,0.0,0.0,0.0,0.0,0.0,0.0,0.48852637,0.0,0.5929792,-0.30325314,0.18025272,0.38840145
-2.1047263,-0.1400304,2.420431,0.12125934,0.0,0.026267886,0.0,1.8798498,0.120076746,1.6518884,1.2303528,0.0,0.0,0.0,1.0751265,0.0,0.0,1.591155,0.0,0.0,0.0,0.9289168,2.704705,0.0,2.095423,1.5745037,0.0,1.9923052,0.49247134,0.07856834,1.1719353,0.0,0.31491026,0.84107196,0.0,0.0,0.0,0.38677585,0.606353,0.6500726,0.0,2.5742645,2.1320648,0.0,1.3887233,0.0,2.5147896,1.9935932,0.0,1.4884542,0.0,1.7454565,0.0,0.0,0.23287782,0.0,1.2902114,0.0,0.0,0.0,0.0,0.0,0.0,0.0,0.0,0.0,0.0,1.5030352,2.1973598,-1.5464952
1.0024873,-0.31031892,-0.9248285,0.25215298,0.7285514,0.38637638,1.1077003,0.0,0.0,0.0,0.0,0.8803834,0.19626448,0.035645545,0.0,0.8910849,0.41630268,0.0,0.9526423,0.0,0.28829378,0.120615244,0.0,0.0,0.0,0.13602394,0.22031829,0.0,0.0,0.6356676,0.0,0.7358698,0.6364744,0.092460886,0.54949886,0.0,0.0,0.7453499,0.6476755,0.69926906,0.99910605,0.24281532,0.43864202,0.0,0.45003128,0.0,0.45638376,0.28490654,1.0484747,0.33153087,0.0,0.42453554,0.0,0.0,1.0855696,1.0287571,0.14519046,0.0,0.0,0.0,0.0,0.0,0.0,0.0,0.7314429,0.0,1.2201554,-0.53781706,-0.75111234,0.79817194
0.5143794,0.5504994,-0.06632922,0.0,0.5615707,0.39673334,0.9505992,0.0,0.0,0.0,0.0,0.07032565,0.0,0.0,0.36411208,0.09602606,0.23126374,0.0,1.1757071,0.0,0.0,0.63428605,0.19325283,0.0,0.0,0.75765294,0.4241974,0.38417184,0.16977826,0.38205624,0.0,0.0,0.48767865,0.0,0.0,0.0,0.0,0.7801822,0.81103605,0.3576781,0.8260509,0.57650167,0.6588751,0.0,0.022486292,0.0,0.49753988,0.5261397,0.51146626,0.52868164,0.0,0.5305501,0.0,0.0,0.24780387,0.7883108,0.60305655,0.0,0.0,0.0,0.0,0.0,0.0,0.0,0.3215021,0.0,0.58562523,0.16130719,-0.3311665,-0.20755503
0.52936834,-1.5218436,-0.6543799,0.8917155,0.0,0.09451318,0.5052076,0.0,0.0,0.0,0.26789582,1.1783384,0.4419367,0.39703876,0.0,1.1396729,0.0,0.0,0.020372272,0.0,0.517966,0.0,0.39339024,0.20610255,0.2569226,0.0,0.0,0.0,0.0,0.7186005,0.0,0.9852229,0.6457999,0.5712303,1.0920899,0.0,0.0,0.23189154,0.067304656,0.5496845,0.6658157,0.630881,0.56758726,0.0,1.1715101,0.0,0.79418147,0.35142362,1.1749146,0.370974,0.0,0.5796452,0.0,0.0,1.616577,0.49644303,0.0,0.0,0.0,0.0,0.0,0.0,0.0,0.0,0.7447247,0.0,1.3086104,-0.5039161,0.0699541,1.1374332
-0.7206112,0.121284835,1.7120973,0.2913519,0.0,0.0,0.0,0.899546,0.11048958,0.6958351,0.3983178,0.0,0.0,0.0,0.8644639,0.0,0.0,0.7613132,0.28017816,0.26084828,0.0,1.0145494,1.7979112,0.0,1.153976,1.4254076,0.0,1.453582,0.6864791,0.060020685,0.6683499,0.0,0.19638887,0.2573442,0.0,0.0,0.0,0.25223896,0.41287404,0.16255914,0.1292519,1.6889831,1.626079,0.0,0.6083925,0.0,1.9290146,1.4984417,0.0,1.186578,0.0,1.5408325,0.0,0.0,0.1677308,0.0,1.0411419,0.0,0.0,0.0,0.0,0.0,0.0,0.0,0.0,0.0,0.0,1.422733,1.5959256,-1.2176974
-1.1633972,0.15034771,0.079905495,0.0,0.0,0.9529633,0.0,0.62732583,0.0,0.4981543,0.0,0.0,0.0,0.05137065,0.33456427,0.0,0.0,0.341867,0.03541255,0.0,0.1747974,0.1881956,0.8558992,0.0,0.3418325,0.55074733,0.6215962,0.56752056,0.0,0.6305412,0.05641821,0.0,0.874143,0.8067118,0.0,0.0,0.0,0.7609339,0.832986,0.8032427,0.40276736,0.99352235,0.68574643,0.0,0.57139856,0.0,0.4236373,0.60905576,0.21970202,0.29532135,0.0,0.11738652,0.0,0.0,0.4906278,0.2474478,0.14669684,0.0,0.0,0.0,0.0,0.0,0.0,0.0,0.74609804,0.0,0.3132698,-0.48514152,0.01114285,-0.08107745
-0.3546943,-0.20871425,-0.8772459,0.0,0.22837569,1.000288,0.21414807,0.0,0.0,0.0,0.0,0.0,0.0,0.4975556,0.0,0.044700436,0.0,0.0,0.26684836,0.0,0.45910612,0.0,0.119442225,0.06535402,0.0,0.047129154,0.6392541,0.0,0.0,0.8261368,0.0,0.11606355,0.9814863,0.7100698,0.41563445,0.0,0.0,0.8657512,0.736515,1.007939,0.77397776,0.6270379,0.20794666,0.0,0.7458903,0.0,0.0,0.10328305,0.66822696,0.0,0.0,0.0,0.0,0.0,0.83493173,0.47602594,0.0,0.0,0.0,0.0,0.0,0.0,0.0,0.0,0.9534962,0.0,0.73096895,-1.1053213,-0.6192191,0.6735742
1.2212119,-0.44502193,-1.214339,0.31443027,0.9013634,0.40459707,1.2326092,0.0,0.0,0.0,0.0,1.1083534,0.3288608,0.18842,0.0,1.1188778,0.54108036,0.0,0.9939049,0.0,0.38368028,0.0045710504,0.0,0.0,0.0,0.0,0.21911632,0.0,0.0,0.70087373,0.0,1.0185009,0.6752977,0.08232461,0.70296675,0.0,0.0,0.8530018,0.7238368,0.8986282,1.1503749,0.18828908,0.35347784,0.0,0.59770113,0.0,0.4836501,0.23489185,1.246565,0.29053378,0.0,0.43850094,0.0,0.0,1.3590668,1.2019525,0.09431706,0.0,0.0,0.0,0.0,0.0,0.0,0.0,0.87650865,0.0,1.4536093,-0.7732552,-0.97629845,1.0781451
0.27243567,-2.2683005,-0.486584,1.301677,0.0,0.0,0.15727735,0.0,0.0,0.0,0.91394377,1.3833624,0.5986364,0.6055466,0.0,1.3128886,0.0,0.0,0.0,0.04242769,0.6537567,0.0,0.78183556,0.5098134,0.79973394,0.0,0.0,0.0,0.0,0.76391685,0.0,1.1523635,0.64199173,0.8493248,1.4278624,0.0,0.0,0.08522945,0.0,0.6794902,0.6324115,0.88414526,0.726637,0.0,1.889443,0.0,1.2409954,0.48190153,1.2022189,0.44946617,0.0,0.95504653,0.0,0.0,2.228067,0.25359124,0.0,0.0,0.0,0.0,0.0,0.0,0.0,0.0,0.7252208,0.0,1.5133418,-0.4791081,0.53904855,1.3626461
1.0150758,0.45392573,-0.5563115,0.0,0.9858415,0.4078198,1.2799497,0.0,0.0,0.0,0.0,0.47081476,0.0,0.0,0.12198673,0.49706438,0.5375721,0.0,1.3903537,0.0,0.0,0.5062658,0.0,0.0,0.0,0.5323614,0.45505655,0.0,0.035038695,0.46195233,0.0,0.21832483,0.5213377,0.0,0.05882638,0.0,0.0,0.91966516,0.9113849,0.5859877,1.0452185,0.24283394,0.56094,0.0,0.058087103,0.0,0.41999653,0.37530825,0.69471204,0.4065513,0.0,0.4594473,0.0,0.0,0.55698025,1.1086694,0.53181756,0.0,0.0,0.0,0.0,0.0,0.0,0.0,0.48134604,0.0,0.9091475,-0.1452979,-0.78378886,0.18736687
0.6083287,0.35833108,-0.22877629,0.0,0.5758786,0.38539895,0.97472996,0.0,0.0,0.0,0.0,0.23944998,0.0,0.0,0.21713693,0.26093924,0.2604307,0.0,1.1180216,0.0,0.0,0.5291154,0.116995215,0.0,0.0,0.6322931,0.36955154,0.17277305,0.05030608,0.43202248,0.0,0.0,0.51485324,0.0,0.0068438575,0.0,0.0,0.7285298,0.747062,0.36972004,0.83765435,0.43611887,0.60516745,0.0,0.03866242,0.0,0.41331878,0.4496345,0.55261946,0.43314588,0.0,0.43513578,0.0,0.0,0.336413,0.8112467,0.49977198,0.0,0.0,0.0,0.0,0.0,0.0,0.0,0.37098056,0.0,0.64334226,0.037558414,-0.42498773,-0.03336235
-1.1344357,-0.38945386,0.5268915,0.0,0.0,0.5389775,0.0,0.64052254,0.0,0.36970982,0.4051904,0.0,0.0,0.0,0.24971274,0.0,0.0,0.35475805,0.0,0.0,0.12635094,0.24099758,1.2887955,0.0,0.8562041,0.6372532,0.12025373,0.5574806,0.0,0.52921593,0.26870322,0.0,0.70280176,0.8358681,0.12188889,0.0,0.0,0.38972175,0.54130214,0.5429641,0.28279257,1.1525724,0.8170803,0.0,0.92094207,0.0,0.86556965,0.766997,0.0,0.48466212,0.0,0.48846734,0.0,0.0,0.60521674,0.0,0.23757806,0.0,0.0,0.0,0.0,0.0,0.0,0.0,0.41227117,0.0,0.23565891,0.0075489674,0.68304354,-0.21049371
-0.13492571,-0.29568082,-0.6524518,0.0,0.13045381,0.75450087,0.3363123,0.0,0.0,0.0,0.0,0.14231658,0.0,0.28563148,0.0,0.18411872,0.0,0.0,0.34118038,0.0,0.3649346,0.0,0.2294544,0.0,0.0,0.1616739,0.42705786,0.0,0.0,0.7289652,0.0,0.14393653,0.84450746,0.5790416,0.4164582,0.0,0.0,0.668851,0.58665955,0.74182415,0.7198528,0.5568193,0.31446242,0.0,0.582533,0.0,0.040535104,0.20161127,0.6402042,0.06146676,0.0,0.0,0.0,0.0,0.7552001,0.44940454,0.0,0.0,0.0,0.0,0.0,0.0,0.0,0.0,0.78781605,0.0,0.719904,-0.83418536,-0.469391,0.58908457
-0.82281315,1.9802308,0.9059967,0.0,0.3417356,0.8952595,0.3471982,1.0962219,1.0495166,1.3583862,0.0,0.0,0.0,0.0,1.4120784,0.0,0.0,1.0002269,1.2527812,0.0,0.0,1.1599528,0.78127766,0.0,0.0,1.5030627,1.1210536,1.9285724,0.6372372,0.1832636,0.23992454,0.0,0.5355617,0.0037885904,0.0,0.0,0.0,1.6380911,1.6183554,0.9574328,0.56651866,1.5794715,1.7003127,0.0,0.0,0.0,1.1006277,1.3328834,0.25953028,1.3222815,0.0,1.0791696,0.028056532,0.0,0.0,1.026188,1.3971059,0.0,0.0,0.0,0.0,0.0,0.0,0.0,0.82331556,0.0,0.0,0.59763,-0.009831414,-1.4712563
1.1867195,-0.3085956,-0.5881188,0.47028467,0.6055332,0.122362316,1.2229757,0.0,0.0,0.0,0.0,0.96711904,0.16039243,0.0,0.0,0.9541584,0.4555716,0.0,1.058301,0.022763014,0.14212093,0.3152877,0.0,0.0,0.0,0.32817146,0.014150828,0.0,0.0,0.5028173,0.0,0.65734047,0.4722085,0.0,0.47432935,0.0,0.0,0.5517218,0.49208295,0.3708378,0.91291916,0.2392551,0.6190482,0.0,0.33851278,0.0,0.7327389,0.38223243,1.0073831,0.5213935,0.0,0.62455,0.0,0.0,0.9658979,0.9760506,0.29904118,0.0,0.0,0.0,0.0,0.0,0.0,0.0,0.4920033,0.0,1.1282742,-0.0528092,-0.43739724,0.5719593
0.23559067,-1.118378,0.46097296,0.9674485,0.0,0.0,0.3678841,0.0,0.0,0.0,0.5020355,0.7006232,0.054993898,0.0,0.0,0.6362844,0.0,0.0,0.09744406,0.32527506,0.090124935,0.32818437,1.0797133,0.0,0.7771926,0.5488702,0.0,0.0,0.0,0.39008445,0.09086056,0.17294554,0.34867692,0.3753644,0.5891226,0.0,0.0,0.0,0.0,0.0,0.3116953,0.73751444,0.98095006,0.0,0.75095326,0.0,1.2664846,0.8002386,0.32074845,0.5208116,0.0,1.1097859,0.0,0.0,1.1062255,0.04037176,0.18439859,0.0,0.0,0.0,0.0,0.0,0.0,0.0,0.0,0.0,0.7430527,0.6092367,0.9343079,0.14367098
-1.9094585,-1.0905787,0.7483803,0.10966722,0.0,0.5601064,0.0,1.0119941,0.0,0.60232854,1.1833019,0.0,0.0,0.2562065,0.061260633,0.0,0.0,0.6019578,0.0,0.0,0.3135898,0.0,1.839783,0.35088032,1.5598948,0.48131916,0.0,0.47333217,0.0,0.63578904,0.51147544,0.0,0.81863505,1.3405865,0.3943125,0.0,0.0,0.2820143,0.4972671,0.90851086,0.30639577,1.5834794,1.0100313,0.0,1.8125056,0.0,1.3097723,0.9067403,0.0,0.5253053,0.0,0.6283447,0.0,0.0,1.1197114,0.0,0.11763196,0.0,0.0,0.0,0.0,0.0,0.0,0.0,0.5084538,0.0,0.35985982,-0.181232,1.0912977,0.04882554
0.58477736,-0.9278406,-0.3299496,0.68518305,0.0,0.070171624,0.66880095,0.0,0.0,0.0,0.0,0.8853636,0.20492303,0.0,0.0,0.855145,0.0,0.0,0.3859915,0.0,0.27297938,0.111587554,0.42047614,0.0,0.12943804,0.23106652,0.0,0.0,0.0,0.5647075,0.0,0.5842727,0.5311915,0.32529944,0.70359683,0.0,0.0,0.24974966,0.13343392,0.21496418,0.6103321,0.5089435,0.6727685,0.0,0.60068464,0.0,0.7826065,0.47958025,0.9009547,0.47402936,0.0,0.59244025,0.0,0.0,1.0632973,0.48666513,0.0,0.0,0.0,0.0,0.0,0.0,0.0,0.0,0.4800683,0.0,1.0125835,-0.06318577,0.10536428,0.63347566
-1.2365065,0.34418282,0.98765266,0.0,0.0,0.5530644,0.0,1.0096996,0.033542663,0.90197587,0.108632654,0.0,0.0,0.0,0.7405505,0.0,0.0,0.7768222,0.11391568,0.0,0.0,0.63200724,1.4073235,0.0,0.7832369,1.0607294,0.32897615,1.2232918,0.061472476,0.34736842,0.42948323,0.0,0.58579665,0.60157585,0.0,0.0,0.0,0.6852878,0.76659596,0.6327965,0.23215342,1.4929334,1.1739466,0.0,0.567418,0.0,1.1446569,1.1583054,0.0,0.80223274,0.0,0.66808903,0.0,0.0,0.18975492,0.11329538,0.6406072,0.0,0.0,0.0,0.0,0.0,0.0,0.0,0.41961464,0.0,0.0,0.39858773,0.7821296,-0.84474605
0.13917251,-0.36692995,0.5049218,0.48279318,0.0,0.0,0.47273523,0.0,0.0,0.0,0.03123492,0.25582486,0.0,0.0,0.17872694,0.2266975,0.0,0.0,0.46463925,0.119876504,0.0,0.5392511,0.9225224,0.0,0.4566174,0.7640947,0.0,0.32943615,0.12793934,0.33451894,0.07793999,0.0,0.3735087,0.22155973,0.18021572,0.0,0.0,0.17726704,0.22777821,0.0,0.48096025,0.79157287,0.8793638,0.0,0.33239198,0.0,1.0229539,0.76193905,0.29375726,0.63949627,0.0,0.8239684,0.0,0.0,0.4985111,0.18913744,0.37386876,0.0,0.0,0.0,0.0,0.0,0.0,0.0,0.0,0.0,0.43311688,0.64041245,0.6485003,-0.22395155
-0.27466083,-0.21237585,0.09651974,0.037441157,0.0,0.4375511,0.24018373,0.03793457,0.0,0.0,0.0,0.0,0.0,0.0,0.12873395,0.0,0.0,0.0,0.31969833,0.0,0.10772498,0.30270126,0.727578,0.0,0.269533,0.5535529,0.16738096,0.23608254,0.0,0.5136045,0.0,0.0,0.62615955,0.46749598,0.17978233,0.0,0.0,0.39971137,0.479213,0.3178883,0.51251876,0.70294,0.538361,0.0,0.41456693,0.0,0.48081684,0.4989628,0.30050793,0.37169576,0.0,0.31666663,0.0,0.0,0.47676995,0.19844194,0.11831221,0.0,0.0,0.0,0.0,0.0,0.0,0.0,0.36892837,0.0,0.40653008,-0.08306778,0.1546277,0.03749553
-0.35830897,0.102177575,0.07726921,0.0,0.0,0.5785516,0.25592625,0.14822794,0.0,0.0,0.0,0.0,0.0,0.0,0.2660005,0.0,0.0,0.0,0.4492767,0.0,0.062028483,0.36396784,0.6492179,0.0,0.12670389,0.6198612,0.36778447,0.39854208,0.0,0.5087429,0.0,0.0,0.6609324,0.43188035,0.015767515,0.0,0.0,0.55253744,0.63579684,0.37269622,0.53842044,0.7083473,0.57230145,0.0,0.3276918,0.0,0.4105611,0.51346356,0.31756833,0.38006967,0.0,0.32027102,0.0,0.0,0.37776953,0.3188216,0.24972165,0.0,0.0,0.0,0.0,0.0,0.0,0.0,0.4319451,0.0,0.3618965,-0.09073231,0.0041938424,-0.08115407
-2.5983639,-0.0031580678,1.7664834,0.0,0.0,0.641506,0.0,1.981613,0.009512037,1.8263427,1.0205642,0.0,0.0,0.0,0.9364188,0.0,0.0,1.6004313,0.0,0.0,0.0,0.5586386,2.3778405,0.0,1.801031,1.2250626,0.17407638,1.7568384,0.0,0.34722847,0.9640972,0.0,0.6725932,1.181611,0.0,0.0,0.0,0.7155262,0.85795885,1.0134016,0.0,2.4143965,1.8067871,0.0,1.4148144,0.0,2.0021286,1.7206068,0.0,1.1291047,0.0,1.0824773,0.0,0.0,0.38974646,0.0,1.011734,0.0,0.0,0.0,0.0,0.0,0.0,0.0,0.45915928,0.0,0.0,0.66871774,1.6152848,-1.2000628
0.9499652,1.438194,0.39177224,0.0,1.0086713,0.2163472,1.4337583,0.0,0.59705365,0.0,0.0,0.0,0.0,0.0,0.8912327,0.0,0.5780575,0.0,1.9149418,0.072395235,0.0,1.1953757,0.120697856,0.0,0.0,1.2770563,0.5631374,1.0308189,0.8970371,0.10498637,0.0,0.0,0.23215789,0.0,0.0,0.0,0.0,1.1723249,1.3678994,0.34552366,1.1103178,0.84193563,1.1204901,0.0,0.0,0.0,1.0648648,0.7017003,0.4839306,1.1690668,0.0,1.1703365,0.0,0.0,0.03428775,1.3530389,1.3796643,0.0,0.0,0.0,0.0,0.0,0.0,0.0,0.19541028,0.0,0.5632285,0.8526697,-0.32780683,-0.89104235
-2.7469893,2.469901,2.7478607,0.0,0.0,0.9099244,0.0,2.924808,1.8451403,3.3282082,0.0,0.0,0.0,0.0,2.380684,0.0,0.0,2.7144468,0.49359888,0.0,0.0,1.667339,2.3550644,0.0,1.1721332,2.3797464,1.0845616,3.6234014,1.1613023,0.0,1.2426505,0.0,0.4225905,0.4180827,0.0,0.0,0.0,2.011719,2.090029,1.563453,0.0,3.3333619,3.1232681,0.0,0.0,0.0,2.6339233,2.6781075,0.0,2.3875976,0.0,1.8710132,0.12596169,0.0,0.0,0.7506482,2.3166428,0.0,0.0,0.0,0.0,0.0,0.0,0.0,0.95997304,0.0,0.0,1.5380805,1.3454888,-2.8710864
-1.2203381,-0.07639948,0.97250086,0.0,0.0,0.4295824,0.0,0.90440035,0.0,0.6974963,0.38616443,0.0,0.0,0.0,0.5482849,0.0,0.0,0.64990044,0.0,0.0,0.0,0.50914544,1.511663,0.0,0.97918916,0.94119275,0.107051045,0.99853003,0.0,0.38148367,0.4459619,0.0,0.57866657,0.70386934,0.0,0.0,0.0,0.45038357,0.5943556,0.51587886,0.18384863,1.4324982,1.0841467,0.0,0.8085252,0.0,1.1537087,1.0672743,0.0,0.7287268,0.0,0.70645463,0.0,0.0,0.34867585,0.0,0.54549694,0.0,0.0,0.0,0.0,0.0,0.0,0.0,0.30268446,0.0,0.030108199,0.40972665,0.94860685,-0.6611702
-0.7242839,-0.37370986,0.13648297,0.0,0.0,0.57019454,0.0,0.27743816,0.0,0.004715234,0.13134319,0.0,0.0,0.0,0.09715262,0.0,0.0,0.022695005,0.0,0.0,0.19632685,0.1680762,0.92090285,0.0,0.5052633,0.4839093,0.19107777,0.2583107,0.0,0.5840701,0.048726708,0.0,0.7284266,0.71656775,0.23143008,0.0,0.0,0.3806714,0.49594066,0.4703384,0.40459883,0.7941821,0.5343915,0.0,0.71577585,0.0,0.5094544,0.50178576,0.17221865,0.3012755,0.0,0.2734699,0.0,0.0,0.65416443,0.08594188,0.0,0.0,0.0,0.0,0.0,0.0,0.0,0.0,0.47046876,0.0,0.3803023,-0.26799586,0.2758515,0.12778187
0.45002073,-1.303166,-0.46940717,0.7978027,0.0,0.09496951,0.49633408,0.0,0.0,0.0,0.21128911,1.0030466,0.32600072,0.23639488,0.0,0.96810365,0.0,0.0,0.10110679,0.0,0.42022756,0.0,0.4727606,0.089310944,0.27670386,0.044377565,0.0,0.0,0.0,0.6573827,0.0,0.7674379,0.6075381,0.5149229,0.9277301,0.0,0.0,0.22631149,0.079812005,0.41685027,0.5972833,0.60584015,0.5934384,0.0,0.982198,0.0,0.77244145,0.3976052,0.9949901,0.37863302,0.0,0.5697859,0.0,0.0,1.3968554,0.42296797,0.0,0.0,0.0,0.0,0.0,0.0,0.0,0.0,0.6221311,0.0,1.1534684,-0.3380929,0.14055629,0.9157384
0.8168112,-0.15162927,-0.9292061,0.07044398,0.7550581,0.5190693,1.0187249,0.0,0.0,0.0,0.0,0.68455553,0.11827847,0.06292224,0.0,0.7097476,0.36005592,0.0,0.9395212,0.0,0.28542054,0.11992633,0.0,0.0,0.0,0.15733674,0.35984123,0.0,0.0,0.6540737,0.0,0.58861125,0.6901806,0.1424503,0.45814657,0.0,0.0,0.8318182,0.73687994,0.78787416,1.0104265,0.26732108,0.38845503,0.0,0.40601635,0.0,0.29109806,0.25296345,0.941823,0.24622129,0.0,0.30476835,0.0,0.0,0.9613745,1.003344,0.14106968,0.0,0.0,0.0,0.0,0.0,0.0,0.0,0.7666319,0.0,1.1248072,-0.65915066,-0.8417032,0.7289945
0.43631056,-0.53608954,-0.6457287,0.2509363,0.20444275,0.42320502,0.6666593,0.0,0.0,0.0,0.0,0.6196288,0.121067375,0.13215157,0.0,0.6282839,0.037511796,0.0,0.5198033,0.0,0.32471222,0.0469321,0.1464692,0.0,0.0,0.15948927,0.1330513,0.0,0.0,0.65557635,0.0,0.4846915,0.68633384,0.36368996,0.56954944,0.0,0.0,0.5029418,0.40872666,0.5222959,0.757828,0.45532978,0.45469016,0.0,0.5645859,0.0,0.3723788,0.2835128,0.87940514,0.26703322,0.0,0.26707506,0.0,0.0,0.92104983,0.6258258,0.0,0.0,0.0,0.0,0.0,0.0,0.0,0.0,0.6940191,0.0,0.9483091,-0.5235431,-0.35636765,0.70185155
-0.037689157,-1.1422534,-0.5665254,0.44217405,0.0,0.4140397,0.20673752,0.0,0.0,0.0,0.19783628,0.6253956,0.21665943,0.4428897,0.0,0.62127954,0.0,0.0,0.0,0.0,0.49566036,0.0,0.4970975,0.21316224,0.28530952,0.0,0.0,0.0,0.0,0.7515885,0.0,0.53853965,0.7730837,0.7292899,0.84291416,0.0,0.0,0.3328795,0.25833404,0.66711587,0.63678813,0.6896975,0.40772986,0.0,1.0962774,0.0,0.48498118,0.25414598,0.8544874,0.19392246,0.0,0.2277147,0.0,0.0,1.2840466,0.29445797,0.0,0.0,0.0,0.0,0.0,0.0,0.0,0.0,0.78008175,0.0,0.9398466,-0.72116923,-0.0172396,0.9179895
0.76968026,-1.0267763,-1.3200872,0.4255569,0.42937657,0.49241075,0.79854834,0.0,0.0,0.0,0.0,1.1306638,0.4562144,0.6090364,0.0,1.1377776,0.19988622,0.0,0.4207341,0.0,0.61066043,0.0,0.0,0.16301048,0.0,0.0,0.08607252,0.0,0.0,0.8485352,0.0,1.153885,0.82001483,0.46983412,1.0106348,0.0,0.0,0.66593295,0.5205973,0.98320675,1.0523562,0.45756617,0.30075485,0.0,1.0566237,0.0,0.43921682,0.14294183,1.382069,0.20579031,0.0,0.27776578,0.0,0.0,1.5779989,0.9706929,0.0,0.0,0.0,0.0,0.0,0.0,0.0,0.0,1.0758406,0.0,1.4361964,-1.0697583,-0.75096273,1.3503213
0.41822183,0.84884876,0.82397664,0.0,0.18628901,0.047515452,0.92889273,0.10355504,0.33836308,0.04955226,0.0,0.0,0.0,0.0,0.8115884,0.0,0.10978784,0.09965667,1.2997365,0.18009144,0.0,1.0946398,0.71022034,0.0,0.0,1.2844973,0.20188385,1.0864515,0.79043955,0.09992963,0.09764828,0.0,0.21341869,0.0,0.0,0.0,0.0,0.60545325,0.8178519,0.0069367886,0.76168966,0.99623924,1.20555,0.0,0.0,0.0,1.2491663,0.85990286,0.30147186,1.1229289,0.0,1.2015586,0.0,0.0,0.0,0.7297386,1.1541061,0.0,0.0,0.0,0.0,0.0,0.0,0.0,0.0,0.0,0.2759898,1.1581231,0.41071993,-0.9515662
2.7379973,1.0646238,-2.9362478,0.0,3.4279065,1.0995022,2.647303,0.0,0.0,0.0,0.0,1.426568,0.439011,0.3221202,0.0,1.5312184,1.9153848,0.0,2.6474926,0.0,0.43837774,0.02437383,0.0,0.0,0.0,0.0,1.3827176,0.0,0.0,0.8791331,0.0,1.7115291,0.89324784,0.0,0.4178669,0.0,0.0,2.499269,2.3307202,2.3871436,2.4630954,0.0,0.10138175,0.0,0.51764274,0.0,0.34309107,0.13268267,1.6072683,0.1945587,0.0,0.5267148,0.0,0.0,2.101985,2.8471935,0.69055915,0.0,0.0,0.0,0.0,0.0,0.0,0.0,1.4801011,0.0,2.5508347,-1.7862171,-3.0034626,1.4609196
-0.38423026,0.06744407,0.29042628,0.0,0.0,0.46484256,0.22460026,0.22575344,0.0,0.037831634,0.0,0.0,0.0,0.0,0.3263365,0.0,0.0,0.046996474,0.4181199,0.0,0.0,0.4432294,0.8036927,0.0,0.27288175,0.71706134,0.2587716,0.5134822,0.0,0.44972315,0.037797093,0.0,0.5940057,0.40832013,0.0,0.0,0.0,0.4970702,0.6041006,0.30359107,0.49406052,0.79380304,0.6450776,0.0,0.34650135,0.0,0.5741489,0.61310565,0.2413064,0.47192574,0.0,0.42848548,0.0,0.0,0.3279146,0.27193075,0.32641816,0.0,0.0,0.0,0.0,0.0,0.0,0.0,0.34028602,0.0,0.27835444,0.10592518,0.19164087,-0.2275092
1.3902268,1.6345024,-0.9206558,0.0,2.0686157,0.7852209,1.8119344,0.0,0.3547993,0.0,0.0,0.13509804,0.0,0.0,0.49582165,0.21774665,1.0508149,0.0,2.2506423,0.0,0.0,0.768826,0.0,0.0,0.0,0.7029468,1.1450331,0.264383,0.28438744,0.42569074,0.0,0.0,0.5695749,0.0,0.0,0.0,0.0,1.8428581,1.7726438,1.1140785,1.4981532,0.3244127,0.6734257,0.0,0.0,0.0,0.44212115,0.4904157,0.6500057,0.57707024,0.0,0.63032347,0.0,0.0,0.55602187,1.7857898,1.0444776,0.0,0.0,0.0,0.0,0.0,0.0,0.0,0.6665631,0.0,1.099963,-0.28034,-1.4984847,-0.14808688
0.3429302,1.3236647,-0.13199537,0.0,1.0053908,0.737875,1.0128417,0.0,0.36296,0.025730014,0.0,0.0,0.0,0.0,0.69315636,0.0,0.3312148,0.0,1.5126995,0.0,0.0,0.78476393,0.0,0.0,0.0,0.914773,0.9154803,0.76641536,0.27019927,0.37040713,0.0,0.0,0.5703996,0.0,0.0,0.0,0.0,1.3454223,1.2997522,0.64457655,1.0241117,0.7125943,0.7330505,0.0,0.0,0.0,0.3868718,0.59873533,0.57632035,0.6427308,0.0,0.6597006,0.0,0.0,0.22156656,1.2133245,0.91647685,0.0,0.0,0.0,0.0,0.0,0.0,0.0,0.5385838,0.0,0.62682956,0.041692875,-0.7674173,-0.4256278
-0.14595194,0.865406,0.67906713,0.0,0.05883553,0.38403118,0.55618525,0.38739383,0.295957,0.36547717,0.0,0.0,0.0,0.0,0.8009341,0.0,0.0,0.30430213,0.99844694,0.0,0.0,0.90094566,0.7651292,0.0,0.026429433,1.156204,0.43796003,1.108099,0.46404576,0.23184079,0.11681835,0.0,0.41284603,0.008991659,0.0,0.0,0.0,0.7753979,0.8784156,0.29325694,0.58396375,1.0625868,1.1090243,0.0,0.0,0.0,0.9532942,0.9139923,0.30454683,0.933117,0.0,0.8966861,0.0,0.0,0.0,0.5925582,0.8931752,0.0,0.0,0.0,0.0,0.0,0.0,0.0,0.29680374,0.0,0.19157928,0.6940516,0.25141993,-0.8572539
-0.2775853,-0.4647988,0.5417422,0.37154716,0.0,0.12383953,0.16833946,0.13121212,0.0,0.0,0.22694236,0.04283946,0.0,0.0,0.17223607,0.023593804,0.0,0.0,0.18225017,0.0,0.0051653795,0.42910016,1.0870125,0.0,0.6492713,0.71336603,0.0,0.3760506,0.0,0.3959732,0.1579615,0.0,0.46936515,0.43934,0.20111243,0.0,0.0,0.18783703,0.26242596,0.064053625,0.3390688,0.91525406,0.7618569,0.0,0.64232135,0.0,0.89389426,0.751207,0.12779902,0.5656346,0.027779844,0.6946939,0.0,0.0,0.5434393,0.0,0.23545408,0.0,0.0,0.0,0.0,0.0,0.0,0.0,0.07939581,0.0,0.32189858,0.42155215,0.759297,-0.19729924
1.7490882,2.158697,-0.9205854,0.0,2.5306041,0.77905536,2.1733286,0.0,0.69240534,0.0,0.0,0.09277667,0.0,0.0,0.70708895,0.18505313,1.34931,0.0,2.7397425,0.0,0.0,1.0033126,0.0,0.0,0.0,0.8815782,1.3223047,0.46589404,0.580932,0.3295262,0.0,0.0,0.4845505,0.0,0.0,0.0,0.0,2.201855,2.185684,1.262288,1.7364033,0.37512755,0.8493829,0.0,0.0,0.0,0.64821637,0.5585245,0.6404313,0.8436149,0.0,0.8937495,0.0,0.0,0.51481205,2.1799297,1.4166014,0.0,0.0,0.0,0.0,0.0,0.0,0.0,0.68907523,0.0,1.1799273,-0.10474039,-1.7159153,-0.41231033
-1.3404275,-1.1206579,0.8101772,0.40723768,0.0,0.26227975,0.0,0.6951263,0.0,0.2524825,1.0712695,0.0,0.0,0.0031599104,0.03671822,0.0,0.0,0.35946432,0.0,0.0,0.21084487,0.11038625,1.7336941,0.1643911,1.4420773,0.5638682,0.0,0.394107,0.0,0.52977175,0.4581566,0.0,0.6461756,1.06125,0.4235869,0.0,0.0,0.13365357,0.2608358,0.4893197,0.19386369,1.3830771,1.0094573,0.0,1.573311,0.0,1.3343363,0.94443536,0.0,0.6144603,0.0,0.87010586,0.0,0.0,1.0723579,0.0,0.14368282,0.0,0.0,0.0,0.0,0.0,0.0,0.0,0.20266742,0.0,0.39768705,0.24211222,1.2324667,-0.04232519
-1.2266009,0.72101796,2.797126,0.13999933,0.0,0.0,0.0,1.6794078,0.78805625,1.6056137,0.54480356,0.0,0.0,0.0,1.5366479,0.0,0.0,1.5706587,0.35028273,0.49751002,0.0,1.5508271,2.466955,0.0,1.6219374,2.090869,0.0,2.4980035,1.3452983,0.0,1.1516656,0.0,0.0,0.12015541,0.0,0.0,0.0,0.51144123,0.7675785,0.40913314,0.0,2.5855443,2.5353642,0.0,0.44994587,0.0,2.8866515,2.211505,0.0,1.870525,0.0,2.356002,0.0,0.0,0.0,0.047006458,1.8793632,0.0,0.0,0.0,0.0,0.0,0.0,0.0,0.0,0.0,0.0,2.2570388,2.2518165,-2.1593523
0.5541979,0.7661966,-0.09742888,0.0,0.7273729,0.45943877,1.0274352,0.0,0.025849074,0.0,0.0,0.0,0.0,0.0,0.44641474,0.02359169,0.3050416,0.0,1.3175635,0.0,0.0,0.69131196,0.10158026,0.0,0.0,0.80402166,0.5421559,0.46757,0.22630224,0.36899978,0.0,0.0,0.4919303,0.0,0.0,0.0,0.0,0.9286597,0.944082,0.4423798,0.88934386,0.6108026,0.6663766,0.0,0.004542319,0.0,0.49113464,0.5351789,0.534533,0.5613789,0.0,0.5567327,0.0,0.0,0.24592724,0.90049314,0.69086486,0.0,0.0,0.0,0.0,0.0,0.0,0.0,0.34776986,0.0,0.6204977,0.13545313,-0.44753188,-0.25864398
0.7697949,0.8116616,-1.6560018,0.0,1.7502943,1.2174855,1.2265899,0.0,0.0,0.0,0.0,0.22528255,0.0,0.28746593,0.0,0.33133376,0.67012656,0.0,1.4432551,0.0,0.3464263,0.05848846,0.0,0.0,0.0,0.039770126,1.2206334,0.0,0.0,0.81230915,0.0,0.4503587,0.9703976,0.07325719,0.13233928,0.0,0.0,1.7058499,1.4740771,1.5409769,1.4190688,0.20391205,0.18046898,0.0,0.41884184,0.0,0.0,0.21379174,0.86912525,0.0,0.0,0.06578747,0.0,0.0,1.0049187,1.4240038,0.25136185,0.0,0.0,0.0,0.0,0.0,0.0,0.0,1.0630338,0.0,1.3046817,-1.3340119,-1.7155474,0.75655824
0.7462589,-0.19230768,0.29351488,0.561079,0.0,0.0,0.927837,0.0,0.0,0.0,0.0,0.56255,0.0,0.0,0.14743674,0.52825594,0.121848926,0.0,0.8920934,0.2869488,0.0,0.63830626,0.57199407,0.0,0.07028718,0.76577044,0.0,0.18307982,0.29418087,0.2912099,0.0,0.025054082,0.28861448,0.0,0.17218737,0.0,0.0,0.1814894,0.23083207,0.0,0.6265023,0.54133093,1.0163634,0.0,0.03603041,0.0,1.1420718,0.67713493,0.50453275,0.6865761,0.0,0.9440674,0.0,0.0,0.48993146,0.49008548,0.5661759,0.0,0.0,0.0,0.0,0.0,0.0,0.0,0.0,0.0,0.6046766,0.79465306,0.41920114,-0.1679824
-1.1762401,0.26778537,1.1459866,0.0,0.0,0.4179201,0.0,1.0101389,0.03185278,0.8771417,0.20531589,0.0,0.0,0.0,0.75840807,0.0,0.0,0.78975654,0.10606474,0.0,0.0,0.69529116,1.5147383,0.0,0.8935339,1.1275256,0.19836774,1.2689427,0.16833305,0.29490307,0.4907692,0.0,0.5140575,0.55864716,0.0,0.0,0.0,0.5670735,0.6864169,0.542192,0.19155625,1.5508062,1.2452883,0.0,0.62380666,0.0,1.2925601,1.2156285,0.0,0.8799197,0.0,0.81390256,0.0,0.0,0.17077214,0.04413329,0.70232046,0.0,0.0,0.0,0.0,0.0,0.0,0.0,0.2970146,0.0,0.0,0.5897903,0.98415905,-0.9108716
0.80580825,1.4652973,0.008355906,0.0,1.1923853,0.49610436,1.3533763,0.0,0.5016873,0.0,0.0,0.0,0.0,0.0,0.7780349,0.0,0.5727828,0.0,1.846785,0.0,0.0,0.9975313,0.0,0.0,0.0,1.0728989,0.79470724,0.8400655,0.59509647,0.24376115,0.0,0.0,0.4023863,0.0,0.0,0.0,0.0,1.3654366,1.4375728,0.58231264,1.1408207,0.72797453,0.90354675,0.0,0.0,0.0,0.7028248,0.62390476,0.55369353,0.90604204,0.0,0.89806134,0.0,0.0,0.1598682,1.3920103,1.1746124,0.0,0.0,0.0,0.0,0.0,0.0,0.0,0.40174112,0.0,0.6661557,0.37339696,-0.6930691,-0.6253811
-1.9102533,1.2740993,2.3049695,0.0,0.0,0.4195321,0.0,2.03468,0.9821118,2.1346734,0.16472769,0.0,0.0,0.0,1.6493286,0.0,0.0,1.8409762,0.2791353,0.0,0.0,1.3265518,2.1788719,0.0,1.2684826,1.916925,0.41190815,2.6039634,0.8925044,0.0,1.0126842,0.0,0.33007807,0.41234842,0.0,0.0,0.0,1.1216264,1.2862757,0.911747,0.028668031,2.5989647,2.3665316,0.0,0.3611729,0.0,2.2905774,2.1178024,0.0,1.8318661,0.0,1.621022,0.0,0.0,0.0,0.28591168,1.6650163,0.0,0.0,0.0,0.0,0.0,0.0,0.0,0.41252407,0.0,0.0,1.4669302,1.5455571,-2.093001
1.4245374,1.9392169,-0.061087463,0.0,1.7665652,0.3958832,1.8805282,0.0,0.7930306,0.0,0.0,0.0,0.0,0.0,0.9279038,0.0,1.0009518,0.0,2.4493062,0.0,0.0,1.248153,0.0,0.0,0.0,1.2292778,0.9030627,0.9282608,0.94164926,0.13209477,0.0,0.0,0.2714327,0.0,0.0,0.0,0.0,1.7016698,1.8621422,0.73584837,1.431509,0.7104616,1.089463,0.0,0.0,0.0,0.9898824,0.66360486,0.55156195,1.1899103,0.0,1.1756581,0.0,0.0,0.15901461,1.8299145,1.5614247,0.0,0.0,0.0,0.0,0.0,0.0,0.0,0.3796632,0.0,0.81540173,0.5819847,-0.9291737,-0.8483635
0.7059968,-1.2071323,-0.19987838,0.96297616,0.0,0.0,0.6833425,0.0,0.0,0.0,0.17899704,1.092064,0.28551748,0.0,0.0,1.0382326,0.0,0.0,0.29792818,0.2055276,0.266911,0.118822396,0.5502656,0.0,0.30666,0.23496684,0.0,0.0,0.0,0.5268238,0.0,0.70456576,0.44912562,0.310537,0.823551,0.0,0.0,0.13487469,0.0,0.13267396,0.5601154,0.5344973,0.80794483,0.0,0.7014202,0.0,1.0587103,0.58034194,0.89794874,0.5099767,0.0,0.8846205,0.0,0.0,1.3205453,0.45607543,0.024844516,0.0,0.0,0.0,0.0,0.0,0.0,0.0,0.35820234,0.0,1.125425,0.1632595,0.34872746,0.67190105
-0.10419766,1.5617869,-0.1729438,0.0,0.9988723,1.0312313,0.7666329,0.23400168,0.49223676,0.3997337,0.0,0.0,0.0,0.0,0.80997646,0.0,0.1679176,0.14580008,1.40036,0.0,0.0,0.72844684,0.0073610544,0.0,0.0,0.9116638,1.1886296,0.941756,0.122083515,0.43505737,0.0,0.0,0.70740604,0.0,0.0,0.0,0.0,1.5855253,1.4461426,0.86780345,0.9496304,0.8649577,0.8189702,0.0,0.0,0.0,0.25061676,0.70689654,0.5768885,0.58444846,0.0,0.56209445,0.0,0.0,0.1437355,1.2368615,0.8922858,0.0,0.0,0.0,0.0,0.0,0.0,0.0,0.79612523,0.0,0.53627956,-0.18677956,-0.8898381,-0.5167298
0.42477733,-0.15509756,-0.8236104,0.0,0.536861,0.6371085,0.7505848,0.0,0.0,0.0,0.0,0.43353805,0.035944313,0.14366013,0.0,0.46848965,0.14632724,0.0,0.7241484,0.0,0.30951428,0.073296815,0.0,0.0,0.0,0.16988587,0.42117935,0.0,0.0,0.6832657,0.0,0.38324493,0.75770175,0.3098586,0.41383547,0.0,0.0,0.78691393,0.68127024,0.769083,0.90164924,0.39035895,0.35768348,0.0,0.45667088,0.0,0.1274826,0.22126234,0.81993866,0.1528223,0.0,0.13999389,0.0,0.0,0.82369274,0.80669165,0.04897469,0.0,0.0,0.0,0.0,0.0,0.0,0.0,0.7830647,0.0,0.9483027,-0.7630856,-0.7297985,0.6657989
-0.07488498,0.11823558,0.5757312,0.11936278,0.0,0.18690223,0.43686315,0.15063773,0.0,0.0,0.0,0.0,0.0,0.0,0.43032962,0.0,0.0,0.03020379,0.61908454,0.0,0.0,0.65854174,0.88964623,0.0,0.31857917,0.90906584,0.066733986,0.6554278,0.21897247,0.30936906,0.10859096,0.0,0.41518283,0.18641564,0.0,0.0,0.0,0.362751,0.5077414,0.05091268,0.5071535,0.8940816,0.81837213,0.0,0.26789325,0.0,0.8834683,0.76292884,0.23168959,0.69242305,0.00019452907,0.7403227,0.0,0.0,0.20770529,0.26559258,0.5322685,0.0,0.0,0.0,0.0,0.0,0.0,0.0,0.091097504,0.0,0.2608127,0.5969158,0.49037135,-0.47523236
-0.4981991,0.3177757,0.97398174,0.0,0.0,0.22104016,0.18570316,0.57048935,0.027977914,0.42576322,0.0,0.0,0.0,0.0,0.6816163,0.0,0.0,0.42948428,0.50324076,0.0,0.0,0.7932339,1.2055124,0.0,0.5707087,1.1231349,0.110859394,1.0705667,0.35528743,0.2377921,0.32086003,0.0,0.3944721,0.25568932,0.0,0.0,0.0,0.47022986,0.61444294,0.2603766,0.3837796,1.2331312,1.097626,0.0,0.34312952,0.0,1.1868821,1.0426861,0.08271268,0.8755032,0.0,0.8762177,0.0,0.0,0.09079902,0.19197343,0.697584,0.0,0.0,0.0,0.0,0.0,0.0,0.0,0.12888928,0.0,0.06476064,0.7584728,0.77980554,-0.82968366
0.3329614,-0.270154,0.90873116,0.6743587,0.0,0.0,0.6142316,0.0,0.0,0.0,0.06723556,0.29488304,0.0,0.0,0.35097057,0.24266867,0.0,0.0,0.62935495,0.4502421,0.0,0.7932893,1.1034144,0.0,0.5809334,1.0172647,0.0,0.5862875,0.49841917,0.1722523,0.21121995,0.0,0.18551132,0.018661588,0.039143473,0.0,0.0,0.06760497,0.15891142,0.0,0.4919491,0.94425523,1.1885338,0.0,0.20655827,0.0,1.4738649,1.0089586,0.18073577,0.8002774,0.0,1.3377268,0.0,0.0,0.4785943,0.18724571,0.7675291,0.0,0.0,0.0,0.0,0.0,0.0,0.0,0.0,0.0,0.3736519,1.1191546,0.9784099,-0.52059996
-0.013001975,-0.32797796,-0.55260336,0.0,0.10040639,0.6362833,0.40841097,0.0,0.0,0.0,0.0,0.22660494,0.0,0.18020746,0.0,0.25732362,0.0,0.0,0.39103973,0.0,0.31805772,0.041486412,0.2699366,0.0,0.0,0.21677974,0.3292572,0.0,0.0,0.68150985,0.0,0.16323785,0.77734894,0.5075294,0.41474587,0.0,0.0,0.5796077,0.5228412,0.62301517,0.70141804,0.5241921,0.37523106,0.0,0.50520015,0.0,0.14920259,0.24774398,0.6352792,0.1416947,0.0,0.05323299,0.0,0.0,0.71781355,0.45089126,0.0,0.0,0.0,0.0,0.0,0.0,0.0,0.0,0.7110545,0.0,0.71717495,-0.6684798,-0.37768555,0.53742355
0.25106388,1.361338,0.20210198,0.0,0.7971457,0.609908,0.9501586,0.107345745,0.48026708,0.19964758,0.0,0.0,0.0,0.0,0.83142436,0.0,0.24086134,0.074762434,1.4872335,0.0,0.0,0.92312443,0.2095975,0.0,0.0,1.0866572,0.8083316,1.002278,0.4590227,0.2789334,0.0,0.0,0.4808307,0.0,0.0,0.0,0.0,1.2519466,1.2801236,0.5253595,0.938424,0.88981444,0.95210356,0.0,0.0,0.0,0.6458015,0.7310175,0.49869043,0.8478226,0.0,0.84281087,0.0,0.0,0.052528452,1.1386006,1.0463753,0.0,0.0,0.0,0.0,0.0,0.0,0.0,0.4748717,0.0,0.48833352,0.35677493,-0.46277416,-0.70097697
0.7730584,1.269782,0.68836135,0.0,0.66275924,0.08586764,1.2678374,0.0,0.5720631,0.0,0.0,0.0,0.0,0.0,0.93016756,0.0,0.40433925,0.00034102798,1.7274456,0.19463092,0.0,1.2380649,0.40770632,0.0,0.0,1.3653109,0.3875401,1.1550109,0.96847445,0.05408615,0.0,0.0,0.17403322,0.0,0.0,0.0,0.0,0.92601264,1.1713308,0.13425058,0.99951625,0.9378295,1.2361587,0.0,0.0,0.0,1.270512,0.7899456,0.38700992,1.244833,0.0,1.3141243,0.0,0.0,0.0,1.1418912,1.4016104,0.0,0.0,0.0,0.0,0.0,0.0,0.0,0.046326756,0.0,0.4258108,1.1534219,0.050997928,-1.0205717
-0.73171926,-0.3264511,-0.31534782,0.0,0.0,0.83144295,0.0,0.14365451,0.0,0.0,0.0,0.0,0.0,0.29614764,0.0,0.0,0.0,0.0,0.0010943413,0.0,0.34535313,0.0,0.6178251,0.044303685,0.22694294,0.26429486,0.4258631,0.01241301,0.0,0.72096366,0.0,0.0,0.8863062,0.8032441,0.3185408,0.0,0.0,0.56722915,0.5910536,0.74721396,0.56807756,0.6740729,0.33055502,0.0,0.73690873,0.0,0.13400286,0.28397658,0.39126903,0.042524114,0.0,0.0,0.0,0.0,0.7642972,0.19004177,0.0,0.0,0.0,0.0,0.0,0.0,0.0,0.0,0.7320313,0.0,0.5299213,-0.77581537,-0.18736364,0.4530686
-1.2622968,0.30882382,0.76656675,0.0,0.0,0.673547,0.0,0.94446564,0.0,0.83614874,0.0547857,0.0,0.0,0.0,0.6494224,0.0,0.0,0.6938696,0.077542245,0.0,0.0,0.5169679,1.2815173,0.0,0.682699,0.93519807,0.41898313,1.0773165,0.0,0.42227325,0.34409082,0.0,0.6677961,0.66951644,0.0,0.0,0.0,0.72560215,0.7851145,0.688863,0.2659052,1.386633,1.0496948,0.0,0.5590385,0.0,0.96573955,1.0396354,0.02843076,0.6706918,0.0,0.5067968,0.0,0.0,0.25989553,0.14856535,0.521286,0.0,0.0,0.0,0.0,0.0,0.0,0.0,0.5136782,0.0,0.06302188,0.16926436,0.59046894,-0.6727885
-0.48997942,-0.6003259,0.20701829,0.22346598,0.0,0.35985318,0.0035476983,0.115449205,0.0,0.0,0.2491762,0.0062705353,0.0,0.0,0.007972106,0.005682174,0.0,0.0,0.0,0.0,0.1827341,0.19049521,0.9667041,0.0,0.5890288,0.48322523,0.0,0.14435406,0.0,0.54280216,0.058103293,0.0,0.6378473,0.6465025,0.34435463,0.0,0.0,0.20370379,0.28782043,0.29418874,0.3401367,0.8034162,0.5850402,0.0,0.78858745,0.0,0.6505151,0.5431284,0.16818857,0.36284828,0.0,0.40567338,0.0,0.0,0.7140636,0.0,0.0,0.0,0.0,0.0,0.0,0.0,0.0,0.0,0.3137574,0.0,0.41748494,-0.05817212,0.5231641,0.14133644
0.12535983,-0.45844564,-0.94075483,0.0,0.30176264,0.74510336,0.482829,0.0,0.0,0.0,0.0,0.41031805,0.10402787,0.42991358,0.0,0.44902238,0.0,0.0,0.38954613,0.0,0.45933723,0.0,0.018482864,0.029170364,0.0,0.0,0.39849848,0.0,0.0,0.7894141,0.0,0.45595443,0.8713741,0.5557725,0.58641565,0.0,0.0,0.7624471,0.621919,0.91821706,0.8548769,0.5212366,0.25404054,0.0,0.7340469,0.0,0.0030208603,0.10285078,0.8786632,0.017137468,0.0,0.0,0.0,0.0,0.97086984,0.67925894,0.0,0.0,0.0,0.0,0.0,0.0,0.0,0.0,0.95186913,0.0,0.93879426,-1.0693394,-0.70765966,0.86383826
0.32880712,2.108381,0.57341474,0.0,1.0679418,0.5954914,1.1623574,0.3455724,1.058633,0.5992036,0.0,0.0,0.0,0.0,1.2867028,0.0,0.3903969,0.38445392,1.9510462,0.0,0.0,1.3205523,0.21777159,0.0,0.0,1.4865419,1.0140536,1.589253,0.9405417,0.09544483,0.0,0.0,0.3471524,0.0,0.0,0.0,0.0,1.6720752,1.7713037,0.6992213,1.0542127,1.2079525,1.4392171,0.0,0.0,0.0,1.0577222,0.96833193,0.4583627,1.364272,0.0,1.2538787,0.0,0.0,0.0,1.5534573,1.6157359,0.0,0.0,0.0,0.0,0.0,0.0,0.0,0.56162596,0.0,0.38432792,0.7526723,-0.46098846,-1.2636173
-0.96085674,0.7256101,1.4806634,0.0,0.0,0.27591896,0.0,1.0938305,0.42030457,1.0494003,0.0,0.0,0.0,0.0,1.0650637,0.0,0.0,0.94468224,0.4833668,0.0,0.0,1.0264769,1.5433867,0.0,0.792446,1.4448875,0.22747743,1.6631492,0.6034191,0.12311378,0.57101536,0.0,0.35096616,0.26814508,0.0,0.0,0.0,0.7282135,0.87547326,0.49635905,0.25836036,1.7092779,1.5853989,0.0,0.30876398,0.0,1.6020579,1.4504297,0.0,1.2544718,0.0,1.1714398,0.0,0.0,0.0,0.22710912,1.052793,0.0,0.0,0.0,0.0,0.0,0.0,0.0,0.22499172,0.0,0.0,1.0562736,1.0627543,-1.3498574
1.4741606,0.7848829,-0.3254242,0.036826506,1.2342929,0.17487368,1.6585144,0.0,0.0,0.0,0.0,0.57032967,0.0,0.0,0.322358,0.5822838,0.8058422,0.0,1.8290795,0.082408726,0.0,0.8125945,0.0,0.0,0.0,0.787567,0.39475048,0.17677972,0.46978587,0.2935894,0.0,0.1460609,0.32689157,0.0,0.0,0.0,0.0,0.94084924,1.0502625,0.4656777,1.1909847,0.297968,0.8379851,0.0,0.0,0.0,0.87565374,0.4483082,0.69746804,0.6934828,0.0,0.80111337,0.0,0.0,0.5268444,1.3467585,0.9103534,0.0,0.0,0.0,0.0,0.0,0.0,0.0,0.27702993,0.0,0.98626655,0.34535113,-0.65873855,-0.079752855
0.25286517,0.33109033,0.5321679,0.11781915,0.0,0.1261777,0.7075969,0.0,0.0,0.0,0.0,0.0,0.0,0.0,0.49046397,0.0,0.0,0.0,0.9168545,0.03372076,0.0,0.7773812,0.7125629,0.0,0.09112543,0.9781275,0.10688019,0.67875755,0.38752413,0.2552113,0.031555578,0.0,0.34740946,0.0,0.0,0.0,0.0,0.38447672,0.5279991,0.0,0.6017213,0.85003304,0.8773015,0.0,0.04296912,0.0,0.91754043,0.73969126,0.34044808,0.7657494,0.0,0.84250647,0.0,0.0,0.08991909,0.40033907,0.6702224,0.0,0.0,0.0,0.0,0.0,0.0,0.0,0.033671685,0.0,0.33945876,0.7455127,0.39758563,-0.5450916
-0.8568082,0.3615082,0.31992465,0.0,0.0,0.74814355,0.0,0.57361776,0.0,0.47396657,0.0,0.0,0.0,0.0,0.49389508,0.0,0.0,0.35227087,0.3238765,0.0,0.00011694431,0.428332,0.8681673,0.0,0.28276315,0.7625118,0.5366547,0.76392126,0.0,0.49238944,0.099393964,0.0,0.7146541,0.5549098,0.0,0.0,0.0,0.7434972,0.7797868,0.61663955,0.39942363,1.0079359,0.7996308,0.0,0.39337617,0.0,0.6027422,0.7426858,0.23065293,0.48230815,0.0,0.34192613,0.0,0.0,0.3011909,0.27770656,0.35293117,0.0,0.0,0.0,0.0,0.0,0.0,0.0,0.57037747,0.0,0.20661731,-0.08922247,0.15276748,-0.3476628
0.4946985,0.8782338,0.15311675,0.0,0.62616295,0.38403758,1.005841,0.0,0.16680494,0.0,0.0,0.0,0.0,0.0,0.58662933,0.0,0.26098847,0.0,1.3503805,0.0,0.0,0.82118464,0.2479572,0.0,0.0,0.95649433,0.50380623,0.6851709,0.39515316,0.2925581,0.0,0.0,0.4238767,0.0,0.0,0.0,0.0,0.90320504,0.976838,0.34199607,0.8754933,0.72871506,0.8015477,0.0,0.0,0.0,0.6635818,0.6194085,0.4861532,0.7317632,0.0,0.7408726,0.0,0.0,0.14230226,0.9057524,0.8395028,0.0,0.0,0.0,0.0,0.0,0.0,0.0,0.28457713,0.0,0.5366302,0.39021268,-0.27770758,-0.47337937
1.7363712,0.6044944,-1.5454094,0.0,1.9396715,0.66238785,1.8282547,0.0,0.0,0.0,0.0,0.9236641,0.15164506,0.0,0.0,0.9776699,1.0894026,0.0,1.8580639,0.0,0.20232123,0.27780128,0.0,0.0,0.0,0.14077371,0.7840439,0.0,0.0,0.64235795,0.0,0.8890833,0.67253715,0.0,0.26231483,0.0,0.0,1.5266645,1.4334183,1.3191707,1.5809163,0.0,0.372366,0.0,0.251245,0.0,0.37391448,0.23918423,1.0816135,0.31451404,0.0,0.47968876,0.0,0.0,1.2345179,1.7868749,0.53057814,0.0,0.0,0.0,0.0,0.0,0.0,0.0,0.91085404,0.0,1.599606,-0.84561133,-1.7070965,0.7927322
0.4193659,0.8760744,0.29088062,0.0,0.5147183,0.34285796,0.9507052,0.0,0.20326701,0.0,0.0,0.0,0.0,0.0,0.63797164,0.0,0.2009734,0.0,1.3094976,0.0,0.0,0.8643217,0.35797977,0.0,0.0,1.0187151,0.46085697,0.780129,0.45236528,0.2620587,0.0,0.0,0.39652228,0.0,0.0,0.0,0.0,0.846987,0.94457674,0.26956987,0.84124565,0.7877387,0.85885996,0.0,0.0,0.0,0.74214226,0.66488755,0.4532557,0.7959556,0.0,0.81594014,0.0,0.0,0.09013642,0.858566,0.8769634,0.0,0.0,0.0,0.0,0.0,0.0,0.0,0.24691254,0.0,0.48105508,0.51446384,-0.15231831,-0.5636433
0.96208465,0.8804097,-0.12476731,0.0,0.9738628,0.32478702,1.3293054,0.0,0.09828368,0.0,0.0,0.18663236,0.0,0.0,0.46394777,0.21271852,0.53942764,0.0,1.6043276,0.0,0.0,0.8082612,0.0,0.0,0.0,0.86309946,0.49942377,0.43649083,0.4116031,0.30477038,0.0,0.0,0.39548278,0.0,0.0,0.0,0.0,0.98535657,1.0577779,0.44258136,1.0298232,0.53021675,0.78032184,0.0,0.0,0.0,0.67771316,0.5097755,0.592464,0.6938628,0.0,0.6930038,0.0,0.0,0.29347026,1.1448435,0.86471456,0.0,0.0,0.0,0.0,0.0,0.0,0.0,0.31478888,0.0,0.7417885,0.28378046,-0.5385805,-0.283169
-1.1084485,-1.2195098,0.2860649,0.35810232,0.0,0.41180652,0.0,0.36690754,0.0,0.0,0.873332,0.0,0.0,0.29974043,0.0,0.0,0.0,0.025776386,0.0,0.0,0.3786329,0.0,1.3601182,0.29911107,1.124712,0.29261214,0.0,0.0,0.0,0.6625118,0.2151059,0.0,0.7626583,1.0850025,0.61723554,0.0,0.0,0.17252176,0.28283635,0.5719429,0.3856779,1.134564,0.6509733,0.0,1.5643895,0.0,0.91601676,0.6067879,0.10791924,0.30822986,0.0,0.5241579,0.0,0.0,1.2112489,0.0,0.0,0.0,0.0,0.0,0.0,0.0,0.0,0.0,0.42896238,0.0,0.56611735,-0.2680048,0.78923786,0.38520595
-0.26007938,-1.0357933,-0.65904075,0.2401662,0.0,0.5953566,0.08356112,0.0,0.0,0.0,0.15048897,0.44030052,0.16589478,0.55997175,0.0,0.4541052,0.0,0.0,0.0,0.0,0.5400246,0.0,0.4677259,0.27298552,0.24533288,0.0,0.071067214,0.0,0.0,0.80690134,0.0,0.44061112,0.8657497,0.82878244,0.7989091,0.0,0.0,0.43697295,0.38777807,0.8297816,0.6982987,0.7153449,0.30833915,0.0,1.1173929,0.0,0.31365153,0.17765719,0.8173531,0.09725572,0.0,0.039021857,0.0,0.0,1.2238184,0.2782514,0.0,0.0,0.0,0.0,0.0,0.0,0.0,0.0,0.8864752,0.0,0.85511565,-0.9520949,-0.1765187,0.9324492
-0.87863123,-0.56519806,0.30749077,0.069331765,0.0,0.49055523,0.0,0.38186228,0.0,0.065476924,0.37065673,0.0,0.0,0.00051409006,0.08085978,0.0,0.0,0.10673812,0.0,0.0,0.20008808,0.15338069,1.127193,0.0,0.7433935,0.50390977,0.05441174,0.2914619,0.0,0.5701088,0.1524763,0.0,0.70696884,0.8035518,0.28129715,0.0,0.0,0.29166284,0.42285228,0.44517168,0.33614185,0.939277,0.6455318,0.0,0.9423396,0.0,0.7266332,0.59895456,0.06783165,0.38118154,0.0,0.42262927,0.0,0.0,0.743406,0.0,0.048056472,0.0,0.0,0.0,0.0,0.0,0.0,0.0,0.39669678,0.0,0.3663568,-0.12054612,0.56554854,0.06465057
0.6834124,0.7638059,0.4482216,0.011309995,0.45814893,0.10611659,1.0988497,0.0,0.18282512,0.0,0.0,0.025910966,0.0,0.0,0.6278863,0.029230516,0.28274602,0.0,1.3931801,0.11895573,0.0,0.9651995,0.41954243,0.0,0.0,1.0964512,0.2535279,0.7708332,0.6341768,0.18066517,0.0,0.0,0.27047494,0.0,0.0,0.0,0.0,0.6769733,0.8601647,0.11875053,0.8512827,0.78670347,0.99042416,0.0,0.0,0.0,1.0217782,0.68276715,0.41238993,0.9276699,0.0,0.97541064,0.0,0.0,0.08194062,0.83269554,0.98712957,0.0,0.0,0.0,0.0,0.0,0.0,0.0,0.06783509,0.0,0.46841156,0.824883,0.079355866,-0.65654695
0.0048226193,-0.2437292,0.033101797,0.15559818,0.0,0.33699128,0.42331016,0.0,0.0,0.0,0.0,0.14770374,0.0,0.0,0.07669952,0.15258202,0.0,0.0,0.4544912,0.0,0.093426995,0.33160278,0.6195897,0.0,0.16658421,0.54156244,0.10016826,0.13251351,0.0,0.49170774,0.0,0.0,0.57330674,0.3542494,0.22612119,0.0,0.0,0.35007,0.3930264,0.21536781,0.54336756,0.6238823,0.6015216,0.0,0.3483765,0.0,0.5422519,0.49780935,0.39555407,0.41090792,0.0,0.3756719,0.0,0.0,0.47718376,0.2727018,0.15022479,0.0,0.0,0.0,0.0,0.0,0.0,0.0,0.33558062,0.0,0.48683906,0.027536461,0.14987972,0.07330612
-0.84782195,1.2373065,1.0839484,0.0,0.0,0.59067744,0.15621269,1.0085489,0.6317091,1.0916382,0.0,0.0,0.0,0.0,1.1468111,0.0,0.0,0.87912035,0.8263872,0.0,0.0,1.0217699,1.1123269,0.0,0.27874926,1.3912874,0.6503012,1.6639094,0.53563374,0.18880376,0.36101812,0.0,0.46692184,0.16718245,0.0,0.0,0.0,1.0905156,1.1598673,0.66399455,0.39541182,1.5406806,1.5363702,0.0,0.010510132,0.0,1.255076,1.2957622,0.12227644,1.2010125,0.0,1.0248684,0.0,0.0,0.0,0.54903775,1.111647,0.0,0.0,0.0,0.0,0.0,0.0,0.0,0.51815975,0.0,0.0,0.7710763,0.48584569,-1.3164345
0.62782454,-1.0171134,-0.5673474,0.662443,0.0,0.15259707,0.68411624,0.0,0.0,0.0,0.0,0.9766281,0.28519812,0.14870968,0.0,0.95247364,0.011850148,0.0,0.35702437,0.0,0.36774123,0.0,0.28064126,0.0,0.026141534,0.089767754,0.0,0.0,0.0,0.6379446,0.0,0.7508346,0.5995268,0.37723204,0.8114392,0.0,0.0,0.31676516,0.17241876,0.37315023,0.68643713,0.48402414,0.5695919,0.0,0.712523,0.0,0.6747569,0.36879602,1.0586629,0.39425993,0.0,0.48555285,0.0,0.0,1.2015306,0.572947,0.0,0.0,0.0,0.0,0.0,0.0,0.0,0.0,0.6412546,0.0,1.1263033,-0.325437,-0.091274336,0.8491328
-0.32153353,-1.4732788,-0.25143975,0.6460001,0.0,0.273505,0.0,0.0,0.0,0.0,0.6237121,0.5910337,0.21239892,0.43725008,0.0,0.5674829,0.0,0.0,0.0,0.0,0.49798465,0.0,0.87090194,0.32267296,0.7130603,0.030231535,0.0,0.0,0.0,0.7241219,0.0,0.43466878,0.73382026,0.88375854,0.9234211,0.0,0.0,0.20442392,0.15413,0.6151373,0.5334117,0.8712515,0.5481334,0.0,1.4269967,0.0,0.7794108,0.38856643,0.6857843,0.2702018,0.0,0.48019198,0.0,0.0,1.497279,0.041368872,0.0,0.0,0.0,0.0,0.0,0.0,0.0,0.0,0.6318115,0.0,0.94129455,-0.52781993,0.4287629,0.8656646
-0.16425246,0.5753136,0.2961287,0.0,0.09778995,0.51318425,0.48844936,0.2096032,0.0034097135,0.13170269,0.0,0.0,0.0,0.0,0.5403359,0.0,0.0,0.08676204,0.82213235,0.0,0.0,0.64268494,0.6045497,0.0,0.0,0.87977886,0.46431375,0.73478585,0.12703934,0.3748464,0.0,0.0,0.5435142,0.17213398,0.0,0.0,0.0,0.70627177,0.76088506,0.32337654,0.60531443,0.8230078,0.77008414,0.0,0.1037857,0.0,0.60641295,0.6737675,0.37832966,0.595586,0.0,0.5552507,0.0,0.0,0.15055332,0.51376456,0.5646826,0.0,0.0,0.0,0.0,0.0,0.0,0.0,0.37240312,0.0,0.34835494,0.24268967,0.0023173243,-0.41193333
-0.5731915,-2.0038893,-0.7303284,0.6633387,0.0,0.4881253,0.0,0.0,0.0,0.0,0.8715869,0.74204636,0.42809382,1.0192306,0.0,0.7280904,0.0,0.0,0.0,0.0,0.8138736,0.0,0.77948284,0.7544764,0.779058,0.0,0.0,0.0,0.0,0.9516022,0.0,0.7964073,0.95459867,1.2405796,1.3071489,0.0,0.0,0.3265364,0.31326702,1.1141379,0.8436835,1.0901048,0.4215491,0.0,2.0699055,0.0,0.80420816,0.23998718,1.0557746,0.20729245,0.0,0.3692977,0.0,0.0,2.0431168,0.16947351,0.0,0.0,0.0,0.0,0.0,0.0,0.0,0.0,1.027762,0.0,1.2542615,-1.142613,0.19415963,1.4085196
-1.1605021,0.48566926,0.6822003,0.0,0.0,0.72568285,0.0,0.8958545,0.03698799,0.8273752,0.0,0.0,0.0,0.0,0.69242585,0.0,0.0,0.6630521,0.23103622,0.0,0.0,0.55377936,1.14957,0.0,0.51664686,0.9502092,0.5230279,1.0980834,0.0,0.41887492,0.28437448,0.0,0.6731666,0.59331924,0.0,0.0,0.0,0.82336175,0.8564959,0.709559,0.31641352,1.3207191,1.0410838,0.0,0.44191092,0.0,0.88860935,1.0090338,0.10732496,0.67320627,0.0,0.48349994,0.0,0.0,0.20690644,0.23763205,0.5405473,0.0,0.0,0.0,0.0,0.0,0.0,0.0,0.56662846,0.0,0.078872465,0.12651347,0.42476076,-0.67539537
-1.2683713,1.405924,1.565573,0.0,0.0,0.569416,0.0,1.4474776,0.8669976,1.573554,0.0,0.0,0.0,0.0,1.4132851,0.0,0.0,1.3008709,0.6957434,0.0,0.0,1.1855774,1.4899967,0.0,0.59287584,1.6400365,0.6388668,2.1129417,0.7186416,0.09343621,0.60910773,0.0,0.41628474,0.22543418,0.0,0.0,0.0,1.2021302,1.2914742,0.8155987,0.26308373,1.9600922,1.9155694,0.0,0.07132833,0.0,1.6545494,1.6477776,0.0,1.4940536,0.0,1.2691913,0.0,0.0,0.0,0.49460572,1.3640355,0.0,0.0,0.0,0.0,0.0,0.0,0.0,0.5303788,0.0,0.0,1.042737,0.84730184,-1.6941625
2.1856608,-2.1620138,-2.7622435,1.165382,1.1347826,0.29925275,1.535225,0.0,0.0,0.0,0.0,2.7051344,1.312488,1.382776,0.0,2.677972,0.8795393,0.0,0.545849,0.0,1.1319879,0.0,0.0,0.6125108,0.0,0.0,0.0,0.0,0.0,1.1574492,0.0,2.9103756,0.9180839,0.3801547,2.0345347,0.0,0.0,0.96275884,0.75761646,1.8219196,1.8542682,0.29091063,0.20370285,0.0,1.931143,0.0,1.1423149,0.1359393,2.6367416,0.41692913,0.0,0.79639226,0.0,0.0,3.232423,1.9483525,0.0,0.0,0.0,0.0,0.0,0.0,0.0,0.0,1.7108579,0.0,2.8181446,-1.7506496,-1.5211511,2.742354
-1.581682,-0.17928885,1.341009,0.0,0.0,0.3624919,0.0,1.2130935,0.0,0.9861914,0.6977974,0.0,0.0,0.0,0.65185946,0.0,0.0,0.9278227,0.0,0.0,0.0,0.5589882,1.8767195,0.0,1.3466448,1.0648646,0.0,1.2317955,0.00034824014,0.33235335,0.6551805,0.0,0.54596305,0.82642746,0.0,0.0,0.0,0.42363137,0.59847885,0.5802268,0.07652207,1.7555834,1.3368574,0.0,1.0680959,0.0,1.5136031,1.3013693,0.0,0.90163034,0.0,0.9317422,0.0,0.0,0.37305346,0.0,0.72187877,0.0,0.0,0.0,0.0,0.0,0.0,0.0,0.2419286,0.0,0.0,0.64078057,1.2995694,-0.8589125
1.3129805,-0.057184286,-0.8719483,0.25749728,0.9748226,0.2932493,1.3732817,0.0,0.0,0.0,0.0,0.94116175,0.1578578,0.0,0.0,0.9486078,0.62074524,0.0,1.2645466,0.0,0.1696162,0.28997272,0.0,0.0,0.0,0.26359487,0.2425758,0.0,0.0,0.55141574,0.0,0.7201387,0.5409551,0.0,0.41970825,0.0,0.0,0.83472466,0.7719602,0.6703138,1.106868,0.15421784,0.519307,0.0,0.3093124,0.0,0.5852777,0.32397962,1.0215449,0.44002402,0.0,0.55015546,0.0,0.0,1.0245072,1.2049387,0.34498942,0.0,0.0,0.0,0.0,0.0,0.0,0.0,0.63615847,0.0,1.2534071,-0.3286556,-0.8348337,0.65127003
-0.40988186,-0.81435335,0.58046764,0.5419712,0.0,0.058959097,0.0,0.14522488,0.0,0.0,0.5174243,0.13460197,0.0,0.0,0.0386941,0.10289143,0.0,0.0,0.0,0.0,0.084502384,0.3154149,1.246433,0.0,0.8843306,0.62521315,0.0,0.24593095,0.0,0.4313609,0.21345313,0.0,0.4844253,0.5837233,0.36763835,0.0,0.0,0.06261896,0.102733925,0.08211892,0.2340036,0.95934254,0.82327867,0.0,0.9431563,0.0,1.0074288,0.7706193,0.061024517,0.535929,0.0,0.79848576,0.0,0.0,0.8027935,0.0,0.09265499,0.0,0.0,0.0,0.0,0.0,0.0,0.0,0.055149667,0.0,0.4135735,0.40686244,0.9657233,-0.04302419
0.4158602,-1.2126675,-0.30877748,0.79254055,0.0,0.050360262,0.4894288,0.0,0.0,0.0,0.22060257,0.92289287,0.261587,0.11320418,0.0,0.8853891,0.0,0.0,0.1347504,0.0,0.35063833,0.0,0.56026304,0.014068991,0.33310345,0.1475797,0.0,0.0,0.0,0.6063298,0.0,0.63868636,0.56320935,0.47455925,0.83876264,0.0,0.0,0.18316534,0.05395066,0.2884196,0.5373456,0.60232556,0.64701325,0.0,0.87843937,0.0,0.82795846,0.4692725,0.87191033,0.42139846,0.0,0.6300215,0.0,0.0,1.285252,0.3628258,0.0,0.0,0.0,0.0,0.0,0.0,0.0,0.0,0.5053008,0.0,1.0768355,-0.15427151,0.26164818,0.76046085
0.1164467,0.5046834,0.36506775,0.0,0.12487838,0.3290052,0.65976757,0.053855613,0.0,0.0,0.0,0.0,0.0,0.0,0.51693547,0.0,0.0,0.0,0.93717057,0.0,0.0,0.71985364,0.59277135,0.0,0.0,0.9251611,0.3150361,0.69055164,0.27002797,0.31493348,0.0,0.0,0.4441812,0.04042393,0.0,0.0,0.0,0.5801238,0.67442524,0.15674056,0.6545969,0.7876508,0.782313,0.0,0.038808458,0.0,0.6975589,0.66965973,0.3870539,0.66119826,0.0,0.6872012,0.0,0.0,0.10249647,0.5277825,0.63285416,0.0,0.0,0.0,0.0,0.0,0.0,0.0,0.2154465,0.0,0.37965363,0.46470246,0.098391935,-0.4530384
1.7742351,1.780503,-0.13027667,0.0,1.8476084,0.22923312,2.082172,0.0,0.680354,0.0,0.0,0.23650259,0.0,0.0,0.81347644,0.27183625,1.1509398,0.0,2.5513787,0.13122529,0.0,1.2547913,0.0,0.0,0.0,1.1872542,0.7505836,0.74431586,0.9994286,0.11064869,0.0,0.0,0.19952989,0.0,0.0,0.0,0.0,1.5724295,1.7654681,0.665553,1.5104289,0.5577399,1.1670456,0.0,0.0,0.0,1.1848906,0.61978984,0.58573174,1.1928293,0.0,1.2458608,0.0,0.0,0.29753134,1.9102001,1.5986838,0.0,0.0,0.0,0.0,0.0,0.0,0.0,0.28794217,0.0,0.9319099,0.71825504,-0.8932246,-0.73376083
0.9218995,-1.6171782,-0.85978395,1.041722,0.0,0.00091037154,0.7539644,0.0,0.0,0.0,0.14614373,1.4878397,0.57410085,0.41359907,0.0,1.4398988,0.06925589,0.0,0.17972696,0.021344274,0.54912937,0.0,0.18105185,0.18583632,0.07169759,0.0,0.0,0.0,0.0,0.7276187,0.0,1.2819902,0.6104973,0.44970173,1.212899,0.0,0.0,0.2759741,0.067412764,0.5578358,0.7885499,0.52331173,0.59602976,0.0,1.1093925,0.0,0.890668,0.3426216,1.453409,0.45149958,0.0,0.67244965,0.0,0.0,1.7725216,0.73008597,0.0,0.0,0.0,0.0,0.0,0.0,0.0,0.0,0.8068811,0.0,1.5288502,-0.4996118,-0.111312464,1.3103809
0.32221076,-0.9196249,-0.22668539,0.6049313,0.0,0.13477808,0.49070644,0.0,0.0,0.0,0.07742214,0.7092713,0.14024863,0.0058520734,0.0,0.6844542,0.0,0.0,0.24799761,0.0,0.2755728,0.09791133,0.55612355,0.0,0.2615745,0.25899327,0.0,0.0,0.0,0.57342374,0.0,0.4270823,0.56545216,0.427894,0.66032493,0.0,0.0,0.22213283,0.13914494,0.22857714,0.5357975,0.5767597,0.6461406,0.0,0.66608363,0.0,0.74523944,0.4831819,0.73801327,0.42599452,0.0,0.54052067,0.0,0.0,1.0236542,0.34395957,0.0,0.0,0.0,0.0,0.0,0.0,0.0,0.0,0.45115048,0.0,0.8989435,-0.08148836,0.21793662,0.5558552
1.0355042,-0.061531648,-1.4832793,0.0,1.2198861,0.746626,1.2021651,0.0,0.0,0.0,0.0,0.81982607,0.23253044,0.3284881,0.0,0.867978,0.57770944,0.0,1.1032486,0.0,0.42650157,0.0,0.0,0.0,0.0,0.0,0.60000265,0.0,0.0,0.78376913,0.0,0.8864302,0.824075,0.13088585,0.559718,0.0,0.0,1.2043427,1.0509201,1.2645478,1.3161288,0.18493716,0.2120995,0.0,0.573797,0.0,0.15560655,0.15845302,1.1374203,0.09382196,0.0,0.23379852,0.0,0.0,1.272425,1.3397512,0.10763079,0.0,0.0,0.0,0.0,0.0,0.0,0.0,1.0446125,0.0,1.4341111,-1.1754241,-1.3945023,1.0723015
0.76400393,-0.22768776,-0.13632871,0.41582477,0.22469631,0.09223771,0.94371617,0.0,0.0,0.0,0.0,0.6262445,0.0,0.0,0.0,0.61090946,0.19078948,0.0,0.8771693,0.043649822,0.032599002,0.440235,0.29956567,0.0,0.0,0.5377453,0.0,0.0,0.012703732,0.4236579,0.0,0.24343033,0.43070212,0.02031076,0.29834598,0.0,0.0,0.35030565,0.32993793,0.09739232,0.7021909,0.3762926,0.7357447,0.0,0.19893143,0.0,0.75041574,0.4971284,0.6846928,0.53632075,0.0,0.6193318,0.0,0.0,0.5869765,0.6206344,0.31667516,0.0,0.0,0.0,0.0,0.0,0.0,0.0,0.2782585,0.0,0.7617633,0.2748431,-0.013848558,0.1861428
0.6594207,-1.3326641,-1.0760918,0.6625988,0.05632516,0.31972918,0.6477393,0.0,0.0,0.0,0.0,1.1974393,0.48582032,0.57714593,0.0,1.1830559,0.03667493,0.0,0.19238546,0.0,0.6059122,0.0,0.03244847,0.23207718,0.0,0.0,0.0,0.0,0.0,0.81385183,0.0,1.1409831,0.7596543,0.54930174,1.1044586,0.0,0.0,0.43261138,0.27344167,0.77244335,0.8907826,0.54978544,0.40258703,0.0,1.1091716,0.0,0.56955427,0.20063597,1.4092956,0.28688452,0.0,0.3392494,0.0,0.0,1.6011922,0.760845,0.0,0.0,0.0,0.0,0.0,0.0,0.0,0.0,0.9840143,0.0,1.3798072,-0.8656925,-0.41039264,1.3223674
-0.48847255,1.8354442,0.75339335,0.0,0.47396344,0.784659,0.54397774,0.82054657,0.92147744,1.0390979,0.0,0.0,0.0,0.0,1.2756559,0.0,0.0,0.7506602,1.3532715,0.0,0.0,1.1296295,0.63276786,0.0,0.0,1.4204488,1.0186769,1.7043481,0.6382825,0.18888777,0.13827302,0.0,0.49660832,0.0,0.0,0.0,0.0,1.5236037,1.5253301,0.8064981,0.6762725,1.4140223,1.5369568,0.0,0.0,0.0,1.0146831,1.1789429,0.3214004,1.231715,0.0,1.0591621,0.0,0.0,0.0,1.0834793,1.3391151,0.0,0.0,0.0,0.0,0.0,0.0,0.0,0.712514,0.0,0.08696336,0.6037951,-0.09975375,-1.3094223
-0.27127877,0.09160159,0.8166107,0.14592922,0.0,0.13718617,0.29163295,0.3380723,0.0,0.13526756,0.0,0.0,0.0,0.0,0.5137116,0.0,0.0,0.204801,0.49943113,0.0,0.0,0.71213114,1.1060182,0.0,0.526805,1.0049884,0.0,0.82138586,0.2854907,0.267923,0.23729624,0.0,0.38404292,0.2370396,0.0,0.0,0.0,0.33646,0.4879617,0.08499227,0.41866583,1.0659325,0.9539468,0.0,0.37776518,0.0,1.0894433,0.9183068,0.1295127,0.7926287,0.01848346,0.8456714,0.0,0.0,0.1970244,0.16707824,0.5894122,0.0,0.0,0.0,0.0,0.0,0.0,0.0,0.038035393,0.0,0.1592276,0.7420604,0.7474211,-0.63289857
0.67314607,-0.15747334,-1.3890295,0.0,0.9634305,0.83011043,0.93329966,0.0,0.0,0.0,0.0,0.63512146,0.18569711,0.43314624,0.0,0.68830574,0.3596568,0.0,0.8523723,0.0,0.469183,0.0,0.0,0.0,0.0,0.0,0.6087854,0.0,0.0,0.81883645,0.0,0.7412935,0.8858609,0.30989587,0.5681058,0.0,0.0,1.1287302,0.9571031,1.2250023,1.1853732,0.32500467,0.20533724,0.0,0.6781456,0.0,0.04561847,0.12589976,1.049876,0.02399373,0.0,0.11116055,0.0,0.0,1.1883919,1.1419108,0.0,0.0,0.0,0.0,0.0,0.0,0.0,0.0,1.063724,0.0,1.282638,-1.2594317,-1.2321429,1.0420393
-0.44666198,-0.3229608,0.7055844,0.27596536,0.0,0.15327573,0.082039356,0.31390828,0.0,0.02431181,0.23944551,0.0,0.0,0.0,0.30175537,0.0,0.0,0.1295062,0.17072341,0.0,0.0,0.50275046,1.1987478,0.0,0.721762,0.818077,0.0,0.57616794,0.024446473,0.361187,0.2410175,0.0,0.46064335,0.450211,0.077641584,0.0,0.0,0.23390017,0.34798884,0.120509304,0.30384076,1.0049537,0.8309006,0.0,0.67119694,0.0,0.96513826,0.83607924,0.02976735,0.636608,0.0702525,0.74822116,0.0,0.0,0.4534263,0.0,0.35490912,0.0,0.0,0.0,0.0,0.0,0.0,0.0,0.063633054,0.0,0.2026442,0.5077741,0.8375083,-0.37120953
0.53039145,-0.7331532,-0.6445275,0.41392463,0.120238736,0.32201445,0.68520814,0.0,0.0,0.0,0.0,0.77811074,0.19678292,0.15393093,0.0,0.7742482,0.039713785,0.0,0.46131837,0.0,0.35072765,0.013565302,0.17723471,0.0,0.0,0.11670244,0.00061534345,0.0,0.0,0.6554337,0.0,0.61406684,0.6572382,0.36822236,0.6771151,0.0,0.0,0.40756464,0.30553877,0.45364988,0.73246187,0.4627251,0.48407176,0.0,0.6486211,0.0,0.5005706,0.3008149,0.97312224,0.31860918,0.0,0.34188655,0.0,0.0,1.045129,0.605563,0.0,0.0,0.0,0.0,0.0,0.0,0.0,0.0,0.68428886,0.0,1.0213991,-0.4548786,-0.25013608,0.7864194
-0.021023082,0.64412004,-0.33823553,0.0,0.56675917,0.81168306,0.6183797,0.0,0.0,0.0,0.0,0.0,0.0,0.0,0.34168017,0.0,0.027591601,0.0,0.9317448,0.0,0.04277806,0.41259757,0.13662517,0.0,0.0,0.5880354,0.75148505,0.36349207,0.0,0.5427543,0.0,0.0,0.72452945,0.21921495,0.0,0.0,0.0,0.9684902,0.8818947,0.59960485,0.79604805,0.6283215,0.51065075,0.0,0.19100402,0.0,0.13143235,0.46262914,0.53783596,0.28137192,0.0,0.28266034,0.0,0.0,0.37524444,0.74775213,0.41045892,0.0,0.0,0.0,0.0,0.0,0.0,0.0,0.5706993,0.0,0.60102075,-0.33577478,-0.56196773,0.0006577149
0.90343666,-0.7352045,-1.4511187,0.2536995,0.7369546,0.58931875,0.9588003,0.0,0.0,0.0,0.0,1.0766729,0.4130107,0.559249,0.0,1.0981567,0.35371834,0.0,0.6552405,0.0,0.57534474,0.0,0.0,0.05523494,0.0,0.0,0.26361802,0.0,0.0,0.8457897,0.0,1.1318204,0.8351256,0.35891372,0.8974388,0.0,0.0,0.8844113,0.7284407,1.1251638,1.1690202,0.35281426,0.2527092,0.0,0.9230696,0.0,0.34500617,0.12821391,1.3245777,0.15542774,0.0,0.27673513,0.0,0.0,1.5262688,1.152835,0.0,0.0,0.0,0.0,0.0,0.0,0.0,0.0,1.1015388,0.0,1.4860623,-1.1640373,-1.0272943,1.3123574
1.3924495,-0.933268,-1.5001684,0.57318217,0.83703494,0.33758685,1.2448858,0.0,0.0,0.0,0.0,1.4857776,0.5622276,0.46284217,0.0,1.4819388,0.56132,0.0,0.8118504,0.0,0.5584329,0.0,0.0,0.0,0.0,0.0,0.041223243,0.0,0.0,0.79927474,0.0,1.444749,0.7186691,0.18412839,1.0380553,0.0,0.0,0.7937777,0.63413244,0.9834088,1.2070627,0.24251345,0.34842467,0.0,0.9405858,0.0,0.682116,0.2065418,1.5316235,0.3351295,0.0,0.5547386,0.0,0.0,1.7703344,1.3058479,0.0,0.0,0.0,0.0,0.0,0.0,0.0,0.0,1.0245202,0.0,1.7259526,-0.9175196,-0.9563601,1.4376216
-0.127642,0.16899107,-0.0349954,0.0,0.057006657,0.5553235,0.4298405,0.0,0.0,0.0,0.0,0.0,0.0,0.0,0.2431976,0.0,0.0,0.0,0.61158705,0.0,0.051909305,0.38745683,0.49527588,0.0,0.0,0.60425246,0.38925412,0.32400233,0.0,0.50210035,0.0,0.0,0.63964224,0.32747087,0.020406015,0.0,0.0,0.5831534,0.6290321,0.35194433,0.613103,0.65177965,0.55085385,0.0,0.21392438,0.0,0.33344516,0.4775024,0.3965932,0.3732972,0.0,0.31135705,0.0,0.0,0.3320375,0.39558965,0.28913653,0.0,0.0,0.0,0.0,0.0,0.0,0.0,0.4173444,0.0,0.43148166,-0.089400284,-0.111794874,-0.055521898
0.12202951,0.27682042,0.28995964,0.0,0.031539865,0.299649,0.61373955,0.0,0.0,0.0,0.0,0.0,0.0,0.0,0.389662,0.0,0.0,0.0,0.81217194,0.0,0.0,0.622626,0.60696125,0.0,0.018988345,0.8257793,0.22642452,0.5292006,0.16022709,0.35454285,0.0,0.0,0.4641102,0.1114558,0.0,0.0,0.0,0.48826674,0.59377307,0.13959642,0.6215335,0.7331824,0.7096175,0.0,0.07391682,0.0,0.62465096,0.61098444,0.36420053,0.59380925,0.0,0.5840748,0.0,0.0,0.1500893,0.42564225,0.5144448,0.0,0.0,0.0,0.0,0.0,0.0,0.0,0.21516177,0.0,0.36969212,0.37409618,0.122606926,-0.34473267
0.9527227,0.09851507,-0.6622448,0.08673712,0.80571705,0.3878909,1.1599172,0.0,0.0,0.0,0.0,0.6208008,0.011422455,0.0,0.0,0.63876814,0.44253188,0.0,1.1566081,0.0,0.11946936,0.3427989,0.0,0.0,0.0,0.37573302,0.3319358,0.0,0.0,0.5314201,0.0,0.40642774,0.5673914,0.0,0.2678917,0.0,0.0,0.7957787,0.7447886,0.59301966,0.9921001,0.2283431,0.5138178,0.0,0.19973442,0.0,0.41311687,0.33401456,0.8146646,0.36889672,0.0,0.42904532,0.0,0.0,0.72714967,1.0217248,0.33734438,0.0,0.0,0.0,0.0,0.0,0.0,0.0,0.567114,0.0,0.9954145,-0.28720367,-0.7220114,0.4283792
0.6098322,0.47034705,0.43947113,0.15434024,0.25474903,0.057087928,0.98264587,0.0,0.0,0.0,0.0,0.12963307,0.0,0.0,0.49925235,0.12307912,0.1807449,0.0,1.1889768,0.14250156,0.0,0.8601884,0.516558,0.0,0.0,1.0051818,0.12201794,0.6301758,0.51597244,0.21721727,0.0,0.0,0.28734702,0.0,0.0,0.0,0.0,0.46031076,0.6173228,0.0,0.7379261,0.7456518,0.9713919,0.0,0.0,0.0,1.0447894,0.68550134,0.42441162,0.8314077,0.0,0.9226291,0.0,0.0,0.16349086,0.63474023,0.8218212,0.0,0.0,0.0,0.0,0.0,0.0,0.0,0.007414311,0.0,0.47387046,0.84077615,0.2594387,-0.52467203
-1.8045123,0.31773463,1.4771935,0.0,0.0,0.53605914,0.0,1.4947369,0.14518604,1.3901002,0.47136748,0.0,0.0,0.0,0.93197286,0.0,0.0,1.2157536,0.0,0.0,0.0,0.70881176,1.8851008,0.0,1.2424774,1.2456336,0.2518916,1.6045748,0.13344228,0.28751957,0.71332103,0.0,0.5677594,0.7787326,0.0,0.0,0.0,0.71035314,0.83225465,0.7815986,0.061832383,1.9787139,1.5557818,0.0,0.8569722,0.0,1.6065599,1.4941564,0.0,1.0582007,0.0,0.9554207,0.0,0.0,0.1640757,0.0,0.90948135,0.0,0.0,0.0,0.0,0.0,0.0,0.0,0.4063608,0.0,0.0,0.6595385,1.2549663,-1.1613125
-1.550369,0.2951278,0.6582998,0.0,0.0,0.8573274,0.0,1.073356,0.0,0.97723985,0.10165179,0.0,0.0,0.0,0.6222505,0.0,0.0,0.77918124,0.0,0.0,0.002346579,0.39642587,1.2936621,0.0,0.7129548,0.84614766,0.543452,1.0565954,0.0,0.50188106,0.34106606,0.0,0.7809602,0.83448577,0.0,0.0,0.0,0.8155329,0.85782856,0.8496534,0.24732019,1.4569845,1.0557427,0.0,0.6482657,0.0,0.9216647,1.0233248,0.028779313,0.6017773,0.0,0.4045575,0.0,0.0,0.33310634,0.15719207,0.47792575,0.0,0.0,0.0,0.0,0.0,0.0,0.0,0.65325296,0.0,0.094995156,-0.031982772,0.52264065,-0.607307
-0.8428812,0.616333,1.2863355,0.0,0.0,0.295523,0.01251483,0.93786013,0.29833248,0.8685672,0.0,0.0,0.0,0.0,0.9422766,0.0,0.0,0.78681564,0.48474565,0.0,0.0,0.9363766,1.4166617,0.0,0.7014901,1.3280362,0.22482821,1.470291,0.49639255,0.17283934,0.48069108,0.0,0.38430142,0.28001973,0.0,0.0,0.0,0.673432,0.8090445,0.4530995,0.2935537,1.5461286,1.4196812,0.0,0.3227033,0.0,1.4347849,1.3093983,0.0,1.1138655,0.0,1.0451767,0.0,0.0,0.0,0.21698539,0.91798353,0.0,0.0,0.0,0.0,0.0,0.0,0.0,0.22772557,0.0,0.0,0.91348886,0.9422218,-1.1860075
1.1080806,-0.48548564,-1.9492772,0.0,1.2612469,0.8402114,1.1675541,0.0,0.0,0.0,0.0,1.1177082,0.4649515,0.74442846,0.0,1.1670828,0.5916875,0.0,0.90101814,0.0,0.6659505,0.0,0.0,0.060218543,0.0,0.0,0.56722564,0.0,0.0,0.9483106,0.0,1.3243103,0.9566119,0.30177695,0.9009098,0.0,0.0,1.2892878,1.1169516,1.5946223,1.4910254,0.24668142,0.09971237,0.0,0.959871,0.0,0.18134558,0.053500354,1.4180607,0.027336285,0.0,0.21656172,0.0,0.0,1.6959633,1.5256101,0.0,0.0,0.0,0.0,0.0,0.0,0.0,0.0,1.3376014,0.0,1.722425,-1.606675,-1.6130942,1.5183561
-1.2601962,0.030734701,1.4260324,0.0,0.0,0.23432313,0.0,1.0996034,0.0,0.9059768,0.4984467,0.0,0.0,0.0,0.7558688,0.0,0.0,0.8715085,0.0,0.0,0.0,0.7330289,1.7851722,0.0,1.1955864,1.1984217,0.0,1.3319665,0.2489703,0.23974404,0.6322136,0.0,0.43568102,0.60036737,0.0,0.0,0.0,0.370574,0.55027145,0.456392,0.08326499,1.7112187,1.371921,0.0,0.843947,0.0,1.5505285,1.3278,0.0,0.97904783,0.0,1.0349628,0.0,0.0,0.21342213,0.0,0.7851938,0.0,0.0,0.0,0.0,0.0,0.0,0.0,0.12571675,0.0,0.0,0.84774977,1.3387958,-0.9816508
0.120607585,-1.389835,-1.8114817,0.15793036,0.23859042,0.9418311,0.29178768,0.0,0.0,0.0,0.0,0.9500867,0.5587126,1.3030331,0.0,0.9902561,0.0,0.0,0.0,0.0,0.957203,0.0,0.0,0.6605139,0.0,0.0,0.30299655,0.0,0.0,1.1294643,0.0,1.2819645,1.1535275,0.97804976,1.2896444,0.0,0.0,0.8294481,0.7177557,1.632102,1.2842977,0.7292742,0.038708866,0.0,1.6178995,0.0,0.10739839,0.0,1.5799093,0.0,0.0,0.0,0.0,0.0,1.8943803,0.89401907,0.0,0.0,0.0,0.0,0.0,0.0,0.0,0.0,1.5693101,0.0,1.4718229,-1.883164,-1.0341324,1.7661333
0.9237264,-0.7562255,-0.8216941,0.53158796,0.36450827,0.23417991,0.9501751,0.0,0.0,0.0,0.0,1.0491781,0.30132583,0.12933972,0.0,1.0378516,0.2594102,0.0,0.6617737,0.0,0.35691917,0.020935714,0.0,0.0,0.0,0.060444713,0.0,0.0,0.0,0.6501243,0.0,0.8647341,0.6134181,0.22199796,0.75315046,0.0,0.0,0.5004524,0.3759546,0.5314624,0.8586552,0.34216297,0.47899216,0.0,0.64854294,0.0,0.59706944,0.28730273,1.1725258,0.37695396,0.0,0.4601952,0.0,0.0,1.2448257,0.85141784,0.0,0.0,0.0,0.0,0.0,0.0,0.0,0.0,0.7194826,0.0,1.2477622,-0.48303008,-0.4501075,0.9522364
-0.009735917,0.1836062,-0.16611996,0.0,0.18896231,0.5774819,0.5163417,0.0,0.0,0.0,0.0,0.0,0.0,0.0,0.19722669,0.0,0.0,0.0,0.6828077,0.0,0.0765259,0.36092314,0.3744738,0.0,0.0,0.5532079,0.42366952,0.23176713,0.0,0.522928,0.0,0.0,0.6536834,0.2945886,0.051310137,0.0,0.0,0.63756156,0.6529518,0.41310057,0.6587806,0.61086327,0.5276831,0.0,0.22591284,0.0,0.2746755,0.44663662,0.43654352,0.33109736,0.0,0.27584928,0.0,0.0,0.3586601,0.46556395,0.26867253,0.0,0.0,0.0,0.0,0.0,0.0,0.0,0.4518901,0.0,0.49761337,-0.18053378,-0.21914072,0.015697978
-1.1332687,0.8713662,-0.0425042,0.0,0.0950026,1.218781,0.0,0.7255205,0.07356939,0.7683867,0.0,0.0,0.0,0.0,0.60918283,0.0,0.0,0.47610244,0.4530127,0.0,0.06328836,0.34617853,0.5655004,0.0,0.0,0.68561316,1.0537057,0.8535195,0.0,0.60873747,0.0,0.0,0.9219536,0.634729,0.0,0.0,0.0,1.1635975,1.0955231,0.9954576,0.4585213,1.033185,0.8200139,0.0,0.30013955,0.0,0.32864073,0.6830115,0.3889632,0.36924344,0.0,0.13427182,0.0,0.0,0.30054212,0.5164364,0.35150313,0.0,0.0,0.0,0.0,0.0,0.0,0.0,0.95180863,0.0,0.31204313,-0.5502403,-0.33800334,-0.276582
0.915898,0.8957923,-0.43660876,0.0,1.1471944,0.518435,1.3103389,0.0,0.017964453,0.0,0.0,0.17522103,0.0,0.0,0.36484474,0.21917975,0.56919277,0.0,1.5840807,0.0,0.0,0.66228104,0.0,0.0,0.0,0.7026229,0.66397095,0.26535258,0.19401494,0.4070003,0.0,0.0,0.51498896,0.0,0.0,0.0,0.0,1.1318681,1.1155869,0.62952167,1.0800204,0.42790267,0.6379574,0.0,0.0,0.0,0.46284336,0.46696723,0.6175436,0.49944222,0.0,0.52010864,0.0,0.0,0.41497806,1.1758955,0.7293236,0.0,0.0,0.0,0.0,0.0,0.0,0.0,0.44418275,0.0,0.8328937,-0.041297548,-0.79823154,-0.08947765
-1.2954016,-0.8052835,0.41212055,0.07261721,0.0,0.5502388,0.0,0.60647774,0.0,0.24807826,0.68979955,0.0,0.0,0.16227776,0.035062462,0.0,0.0,0.27113888,0.0,0.0,0.27741402,0.03299609,1.3755502,0.16221368,1.0454069,0.44957525,0.0,0.30681318,0.0,0.6214696,0.26891422,0.0,0.7768448,1.0432082,0.35974944,0.0,0.0,0.279923,0.45178688,0.6571715,0.3608421,1.164435,0.73478913,0.0,1.3277888,0.0,0.9137883,0.6688496,0.007222131,0.3931746,0.0,0.4400519,0.0,0.0,0.9320033,0.0,0.022141624,0.0,0.0,0.0,0.0,0.0,0.0,0.0,0.48165146,0.0,0.3915069,-0.23816444,0.72923803,0.13604933
-0.67384213,-0.2098178,-0.8009804,0.0,0.057461053,1.102126,0.0,0.0,0.0,0.0,0.0,0.0,0.0,0.5693682,0.0,0.0,0.0,0.0,0.092366904,0.0,0.4817482,0.0,0.25564045,0.14059901,0.0,0.052838266,0.69455856,0.0,0.0,0.85276115,0.0,0.0,1.039814,0.8479581,0.38107032,0.0,0.0,0.8228845,0.7347943,1.0379009,0.7247224,0.66792506,0.19643334,0.0,0.8028802,0.0,0.0,0.08712277,0.6150092,0.0,0.0,0.0,0.0,0.0,0.8653235,0.34782714,0.0,0.0,0.0,0.0,0.0,0.0,0.0,0.0,0.9849575,0.0,0.6478382,-1.1340195,-0.5354916,0.6614841
-0.5919237,-0.96136993,-0.23075484,0.22068237,0.0,0.53519046,0.0,0.0,0.0,0.0,0.355694,0.16122903,0.0069412887,0.37452447,0.0,0.17002265,0.0,0.0,0.0,0.0,0.42609072,0.0,0.81341326,0.20967412,0.5498265,0.1508848,0.008626655,0.0,0.0,0.7212298,0.0,0.07725583,0.80811924,0.8794913,0.6367681,0.0,0.0,0.30461562,0.3287859,0.6044328,0.53950334,0.8299138,0.41112846,0.0,1.0948938,0.0,0.4695539,0.32120776,0.4575253,0.1590058,0.0,0.16232678,0.0,0.0,1.057209,0.018713541,0.0,0.0,0.0,0.0,0.0,0.0,0.0,0.0,0.6355717,0.0,0.6497472,-0.61108726,0.22566319,0.60766745
-0.5661576,1.1334838,1.3903431,0.0,0.0,0.26805156,0.31401312,0.9230133,0.65952253,0.96057665,0.0,0.0,0.0,0.0,1.1913403,0.0,0.0,0.8411832,0.9261256,0.0,0.0,1.1958717,1.2629817,0.0,0.42156976,1.5495272,0.37401646,1.7451994,0.82397,0.058044463,0.45362288,0.0,0.2852359,0.0,0.0,0.0,0.0,0.8762516,1.0285896,0.4139285,0.40733814,1.6159685,1.6638918,0.0,0.0,0.0,1.561467,1.4049729,0.05299644,1.3957956,0.0,1.3298273,0.0,0.0,0.0,0.50783014,1.2794944,0.0,0.0,0.0,0.0,0.0,0.0,0.0,0.23801434,0.0,0.0,1.238792,0.8291088,-1.4874893
0.38828623,-0.50205815,-0.55958384,0.24372037,0.1560393,0.4083327,0.6396195,0.0,0.0,0.0,0.0,0.56549233,0.08622274,0.08190864,0.0,0.5732708,0.007549241,0.0,0.5134874,0.0,0.29496434,0.08377668,0.2055465,0.0,0.0,0.20784497,0.12532374,0.0,0.0,0.6339586,0.0,0.41033453,0.670149,0.36003065,0.52791536,0.0,0.0,0.46583068,0.3848155,0.4574027,0.7174264,0.46961275,0.4904986,0.0,0.5192274,0.0,0.39398476,0.31522793,0.81457746,0.29032633,0.0,0.2853618,0.0,0.0,0.84808624,0.57095045,0.0,0.0,0.0,0.0,0.0,0.0,0.0,0.0,0.6434829,0.0,0.88675135,-0.43490183,-0.2743823,0.6162203
1.7049803,-0.23473138,-1.8837997,0.12956771,1.6115108,0.6109464,1.625412,0.0,0.0,0.0,0.0,1.3571213,0.47089806,0.3940662,0.0,1.3914579,0.93694395,0.0,1.3685439,0.0,0.49937043,0.0,0.0,0.0,0.0,0.0,0.50084454,0.0,0.0,0.815434,0.0,1.4202502,0.78088284,0.0,0.7837751,0.0,0.0,1.3275913,1.1845756,1.4503788,1.593102,0.015329242,0.20258622,0.0,0.68085974,0.0,0.43549323,0.16159008,1.4705424,0.2158899,0.0,0.47181746,0.0,0.0,1.7134352,1.7528176,0.1851207,0.0,0.0,0.0,0.0,0.0,0.0,0.0,1.1611785,0.0,1.8766747,-1.2283747,-1.6942917,1.4021779
0.55544317,-1.0526959,-1.1349642,0.42104504,0.2210292,0.48102126,0.6429985,0.0,0.0,0.0,0.0,0.9953917,0.39405283,0.5736326,0.0,1.0004699,0.057457834,0.0,0.29107615,0.0,0.5843429,0.0,0.0,0.17938024,0.0,0.0,0.048275277,0.0,0.0,0.8270258,0.0,0.9951239,0.81274164,0.54060394,0.9673439,0.0,0.0,0.5541332,0.41533673,0.863993,0.9309826,0.52675587,0.32547662,0.0,1.0390868,0.0,0.39636874,0.14626864,1.2894082,0.1971044,0.0,0.21657847,0.0,0.0,1.448149,0.79744697,0.0,0.0,0.0,0.0,0.0,0.0,0.0,0.0,1.0172985,0.0,1.2845923,-0.9903544,-0.5707578,1.2425994
-0.0069816504,1.3149546,1.3450786,0.0,0.0,0.095023096,0.7337353,0.6224645,0.77228665,0.68045175,0.0,0.0,0.0,0.0,1.2236792,0.0,0.0,0.6191741,1.3330617,0.15022928,0.0,1.3598156,1.0308194,0.0,0.14046888,1.6332419,0.33228493,1.7105166,1.07987,0.0,0.3449787,0.0,0.15616238,0.0,0.0,0.0,0.0,0.83687305,1.0526395,0.1833972,0.6127512,1.5195527,1.7411103,0.0,0.0,0.0,1.6711172,1.2805766,0.15385379,1.5407559,0.0,1.530361,0.0,0.0,0.0,0.74691564,1.5265986,0.0,0.0,0.0,0.0,0.0,0.0,0.0,0.08924299,0.0,0.0,1.533945,0.78128535,-1.5394396
-0.3307428,0.24482195,0.9452833,0.07802173,0.0,0.1397461,0.28283292,0.4479909,0.0,0.27988568,0.0,0.0,0.0,0.0,0.6297134,0.0,0.0,0.32274053,0.5538711,0.0,0.0,0.79926395,1.1620786,0.0,0.5412765,1.1061059,0.037432864,0.9866853,0.38668197,0.22592363,0.28965265,0.0,0.35857803,0.19964519,0.0,0.0,0.0,0.3875854,0.5412481,0.13812469,0.4070891,1.171216,1.0622535,0.0,0.33602387,0.0,1.1969215,1.0070946,0.112105906,0.87460595,0.0,0.91966015,0.0,0.0,0.113170944,0.18895225,0.68992203,0.0,0.0,0.0,0.0,0.0,0.0,0.0,0.043029718,0.0,0.112817466,0.83829284,0.8078318,-0.7820784
0.1829838,-1.1318431,-0.6337722,0.50698084,0.0,0.35431325,0.3598149,0.0,0.0,0.0,0.10416055,0.76303124,0.26190063,0.40022552,0.0,0.75418603,0.0,0.0,0.04867333,0.0,0.48306817,0.0,0.3908332,0.1622572,0.17675214,0.0,0.0,0.0,0.0,0.73692095,0.0,0.65373856,0.7379169,0.6345509,0.86537105,0.0,0.0,0.34009564,0.23659223,0.6199107,0.6669698,0.62570524,0.42887008,0.0,1.0013696,0.0,0.5075931,0.26064456,0.9601854,0.23332122,0.0,0.2719848,0.0,0.0,1.2894154,0.40819186,0.0,0.0,0.0,0.0,0.0,0.0,0.0,0.0,0.7827599,0.0,1.0230778,-0.6706059,-0.09159614,0.9523802
0.059239827,0.17718847,-0.11400452,0.0,0.18176837,0.5164691,0.55995077,0.0,0.0,0.0,0.0,0.0,0.0,0.0,0.20856151,0.008864637,0.0,0.0,0.7175819,0.0,0.049072567,0.39873144,0.39121246,0.0,0.0,0.5853394,0.37666923,0.2475393,0.0,0.49652785,0.0,0.0,0.61741644,0.25203973,0.045226227,0.0,0.0,0.6120171,0.63412136,0.36520645,0.6584946,0.6127667,0.55026686,0.0,0.19482476,0.0,0.3216303,0.46726346,0.42820102,0.36818403,0.0,0.31475544,0.0,0.0,0.31981742,0.4689641,0.3055947,0.0,0.0,0.0,0.0,0.0,0.0,0.0,0.41164872,0.0,0.48150766,-0.09458297,-0.17713611,-0.03268542
2.0167704,0.55013967,-2.0149364,0.0,2.2910576,0.7738602,2.0180676,0.0,0.0,0.0,0.0,1.1638315,0.30408987,0.12790677,0.0,1.2277695,1.2917858,0.0,1.9758986,0.0,0.33438763,0.11878681,0.0,0.0,0.0,0.0,0.89077735,0.0,0.0,0.74728906,0.0,1.2408936,0.7583229,0.0,0.421588,0.0,0.0,1.7607934,1.6330838,1.6616573,1.8269992,0.0,0.24555728,0.0,0.4064542,0.0,0.3564679,0.17798255,1.3135018,0.24648243,0.0,0.4757791,0.0,0.0,1.5881557,2.0738082,0.4883794,0.0,0.0,0.0,0.0,0.0,0.0,0.0,1.1354613,0.0,1.9300191,-1.218923,-2.0845783,1.1255299
0.22902918,-1.0421168,-0.3270797,0.59740037,0.0,0.19459775,0.4027629,0.0,0.0,0.0,0.1481998,0.72145265,0.18244103,0.14685458,0.0,0.699703,0.0,0.0,0.12745982,0.0,0.35034123,0.0,0.5511034,0.014805704,0.2929424,0.16483492,0.0,0.0,0.0,0.62830883,0.0,0.4917454,0.6222254,0.5250214,0.74460506,0.0,0.0,0.23754938,0.14366311,0.34827918,0.5498569,0.6090523,0.5684153,0.0,0.82451695,0.0,0.68128294,0.41717377,0.7814733,0.3486086,0.0,0.46633062,0.0,0.0,1.146815,0.32295585,0.0,0.0,0.0,0.0,0.0,0.0,0.0,0.0,0.54515773,0.0,0.94709015,-0.26947844,0.17054126,0.6955903
-0.4237053,-0.05136759,1.098632,0.2799913,0.0,0.01110217,0.14842191,0.4883123,0.0,0.24984714,0.19862962,0.0,0.0,0.0,0.5574212,0.0,0.0,0.3438212,0.33937538,0.09350118,0.0,0.76135945,1.3698043,0.0,0.80336046,1.0951766,0.0,0.9453602,0.36482632,0.21574056,0.38365597,0.0,0.32492018,0.28740042,0.0,0.0,0.0,0.24297823,0.38736784,0.07209846,0.29130438,1.2501516,1.1557859,0.0,0.53517026,0.0,1.3649287,1.0946113,0.0,0.8898662,0.034105197,1.0818689,0.0,0.0,0.27614233,0.0053416565,0.66785216,0.0,0.0,0.0,0.0,0.0,0.0,0.0,0.0,0.0,0.09198733,0.9571276,1.1223432,-0.77137125
-0.23508194,1.9059889,1.0710057,0.0,0.43143985,0.52025026,0.72209984,0.792821,1.0617937,1.0077286,0.0,0.0,0.0,0.0,1.4028556,0.0,0.0,0.7770282,1.5349954,0.0,0.0,1.351766,0.7492081,0.0,0.0,1.6285405,0.8382773,1.885615,0.9705288,0.045846015,0.2291357,0.0,0.32189712,0.0,0.0,0.0,0.0,1.4195504,1.5107757,0.6205204,0.709935,1.550366,1.7667885,0.0,0.0,0.0,1.3440593,1.2833531,0.26710388,1.5210781,0.0,1.3547088,0.0,0.0,0.0,1.1237113,1.5999876,0.0,0.0,0.0,0.0,0.0,0.0,0.0,0.5252181,0.0,0.025656894,1.0612011,0.19148315,-1.561853
1.6474127,1.6039428,-1.463399,0.0,2.4681733,0.9536845,1.9935472,0.0,0.1857309,0.0,0.0,0.35464123,0.0,0.0,0.27854657,0.4527999,1.2585735,0.0,2.3682184,0.0,0.0,0.57836246,0.0,0.0,0.0,0.44317514,1.3046865,0.0,0.031495854,0.5550295,0.0,0.35061276,0.6870808,0.0,0.0,0.0,0.0,2.0495124,1.8937933,1.4486504,1.6897485,0.06558701,0.47167325,0.0,0.0,0.0,0.25961387,0.39073563,0.80293953,0.35742247,0.0,0.50145525,0.0,0.0,0.88074946,1.9806732,0.8920275,0.0,0.0,0.0,0.0,0.0,0.0,0.0,0.8579501,0.0,1.4137038,-0.72884107,-1.9752337,0.26056078
1.5251824,0.56187534,-1.7420787,0.0,1.9452714,0.85080874,1.6815876,0.0,0.0,0.0,0.0,0.82957566,0.16878685,0.12875304,0.0,0.89953583,1.0051848,0.0,1.71641,0.0,0.3122463,0.12769717,0.0,0.0,0.0,0.0065801144,0.9117802,0.0,0.0,0.73936474,0.0,0.91227156,0.7951161,0.0,0.32273084,0.0,0.0,1.6234136,1.4679857,1.4944338,1.5920391,0.0,0.25478745,0.0,0.37272704,0.0,0.18794917,0.2004367,1.1209859,0.15761386,0.0,0.35017976,0.0,0.0,1.3073989,1.7466503,0.39058107,0.0,0.0,0.0,0.0,0.0,0.0,0.0,1.0459231,0.0,1.6277235,-1.1559044,-1.850247,0.95434976
0.5881636,-0.5218252,-0.2516801,0.47026256,0.04285842,0.14648703,0.7613555,0.0,0.0,0.0,0.0,0.6752016,0.065056354,0.0,0.0,0.65917414,0.05433701,0.0,0.61538744,0.0,0.16090026,0.26314792,0.3556925,0.0,0.0,0.38105273,0.0,0.0,0.0,0.50917065,0.0,0.3612076,0.51121134,0.20400727,0.47193593,0.0,0.0,0.30075788,0.2445206,0.16355585,0.63800526,0.45036402,0.6759119,0.0,0.38413626,0.0,0.685332,0.46000734,0.76257133,0.47760803,0.0,0.53088653,0.0,0.0,0.7497267,0.5127859,0.12148081,0.0,0.0,0.0,0.0,0.0,0.0,0.0,0.41115296,0.0,0.8318529,0.04513464,0.026499696,0.39356256
-1.6509826,-2.4481874,0.027407644,0.7619841,0.0,0.43169543,0.0,0.33161145,0.0,0.0,1.7636622,0.23475379,0.24574023,1.0531862,0.0,0.20506905,0.0,0.0,0.0,0.0,0.80718684,0.0,1.6865847,1.0101573,1.749277,0.0,0.0,0.0,0.0,0.9207847,0.2583794,0.22244616,0.9715541,1.7129256,1.2966769,0.0,0.0,0.18102522,0.2915733,1.1012516,0.6558417,1.693919,0.69723666,0.0,2.800009,0.0,1.3124337,0.54491216,0.41860697,0.29356146,0.0,0.69804895,0.0,0.0,2.2235067,0.0,0.0,0.0,0.0,0.0,0.0,0.0,0.0,0.0,0.74870515,0.0,1.0301024,-0.8046142,1.0228021,1.0570626
-0.09835486,0.76135594,0.9568182,0.0,0.0,0.18192801,0.55686265,0.42841733,0.3106962,0.37167236,0.0,0.0,0.0,0.0,0.8488622,0.0,0.0,0.3614644,0.96958125,0.0,0.0,1.006737,0.96089166,0.0,0.22215143,1.2754366,0.24138214,1.213668,0.6354296,0.14664316,0.23077582,0.0,0.3029651,0.0,0.0,0.0,0.0,0.6242582,0.78811634,0.16585667,0.53807926,1.197999,1.2382741,0.0,0.0021116696,0.0,1.2212877,1.036557,0.20843296,1.0831006,0.0,1.0942749,0.0,0.0,0.0,0.49376363,0.9938661,0.0,0.0,0.0,0.0,0.0,0.0,0.0,0.12326615,0.0,0.10768054,1.0201751,0.5757302,-1.0331194
-1.1797523,-0.08104271,0.6618254,0.0,0.0,0.5777058,0.0,0.7778283,0.0,0.5774416,0.25855517,0.0,0.0,0.0,0.43573457,0.0,0.0,0.510664,0.0,0.0,0.02222956,0.37852877,1.3013284,0.0,0.79281646,0.7849072,0.23566622,0.80254406,0.0,0.47126696,0.31240708,0.0,0.67441165,0.75090325,0.0,0.0,0.0,0.51194936,0.6364382,0.5750759,0.2544226,1.2627946,0.9255477,0.0,0.74269366,0.0,0.9101196,0.89699876,0.0,0.5711106,0.0,0.51043177,0.0,0.0,0.4143162,0.036267392,0.3940941,0.0,0.0,0.0,0.0,0.0,0.0,0.0,0.42207214,0.0,0.12272774,0.12832111,0.68006253,-0.457287
-0.5499569,0.7185728,0.94195586,0.0,0.0,0.38012415,0.24294776,0.6767042,0.27032968,0.6294236,0.0,0.0,0.0,0.0,0.8507527,0.0,0.0,0.5490426,0.69827783,0.0,0.0,0.8809315,1.0859432,0.0,0.36827424,1.2094638,0.35403445,1.2633305,0.42423934,0.22531036,0.29114813,0.0,0.4268329,0.1854901,0.0,0.0,0.0,0.730322,0.8410838,0.4001218,0.42407015,1.2964906,1.234914,0.0,0.16155471,0.0,1.1548897,1.0947484,0.14064926,0.9842078,0.0,0.9183414,0.0,0.0,0.0,0.38076842,0.8608736,0.0,0.0,0.0,0.0,0.0,0.0,0.0,0.29287902,0.0,0.03215356,0.7448338,0.5767458,-1.00587
-1.0334868,0.3498657,1.9620159,0.11353623,0.0,0.0,0.0,1.2128104,0.3195618,1.068599,0.42413342,0.0,0.0,0.0,1.0706005,0.0,0.0,1.0612597,0.23932365,0.18481147,0.0,1.1173584,1.9798257,0.0,1.2746888,1.5827291,0.0,1.7747855,0.7809393,0.014651626,0.8020982,0.0,0.19787604,0.2972869,0.0,0.0,0.0,0.39028457,0.5938264,0.32523197,0.08049315,1.9592236,1.83974,0.0,0.5864802,0.0,2.0912473,1.6721094,0.0,1.3879057,0.0,1.6155387,0.0,0.0,0.0,0.0,1.2280133,0.0,0.0,0.0,0.0,0.0,0.0,0.0,0.0,0.0,0.0,1.5293678,1.70872,-1.4986924
-0.50781834,-2.3682435,-0.35639578,1.0673858,0.0,0.14911962,0.0,0.0,0.0,0.0,1.2469391,0.93741935,0.4789143,0.8485058,0.0,0.8861518,0.0,0.0,0.0,0.0,0.74892604,0.0,1.1058805,0.74827766,1.1538043,0.0,0.0,0.0,0.0,0.8537516,0.0,0.823162,0.80203396,1.2229928,1.4082041,0.0,0.0,0.13121821,0.08581848,0.88760126,0.6850292,1.1863756,0.6570928,0.0,2.2552025,0.0,1.2163277,0.44207275,0.95836425,0.37371123,0.0,0.7994475,0.0,0.0,2.2674727,0.0045973063,0.0,0.0,0.0,0.0,0.0,0.0,0.0,0.0,0.776058,0.0,1.3628643,-0.7121147,0.70730746,1.332815
-0.07707378,-0.08885715,-0.7210971,0.0,0.31985644,0.8267522,0.4243359,0.0,0.0,0.0,0.0,0.07898798,0.0,0.2480923,0.0,0.13121219,0.0,0.0,0.48752946,0.0,0.33709112,0.01915437,0.11114094,0.0,0.0,0.18827403,0.55238736,0.0,0.0,0.7253321,0.0,0.10224657,0.85669446,0.5130737,0.32824904,0.0,0.0,0.7876371,0.6816469,0.79652196,0.7781837,0.5385895,0.31718677,0.0,0.536121,0.0,0.0,0.21319036,0.64087063,0.04596349,0.0,0.0,0.0,0.0,0.7099755,0.5529561,0.0,0.0,0.0,0.0,0.0,0.0,0.0,0.0,0.7930923,0.0,0.74429655,-0.86853254,-0.59336185,0.55771506
-0.69134605,0.090683326,0.5795237,0.0,0.0,0.45357484,0.014706403,0.50413704,0.0,0.32598385,0.0,0.0,0.0,0.0,0.45494106,0.0,0.0,0.30386958,0.26623577,0.0,0.0,0.5063728,1.067206,0.0,0.5163862,0.8396733,0.22590381,0.75327796,0.0,0.40698326,0.1990953,0.0,0.57659817,0.4894293,0.0,0.0,0.0,0.5246746,0.62604403,0.40682334,0.3799137,1.0317564,0.82257444,0.0,0.4632451,0.0,0.79553086,0.81981516,0.11651455,0.58444417,0.0,0.5084968,0.0,0.0,0.29763633,0.15587372,0.3927525,0.0,0.0,0.0,0.0,0.0,0.0,0.0,0.33843598,0.0,0.1382974,0.22035109,0.46082163,-0.43979824
0.5640026,-1.0401497,-0.73678076,0.57912946,0.0,0.26591992,0.6405427,0.0,0.0,0.0,0.0,0.96222407,0.31473526,0.2955851,0.0,0.94786876,0.0015185922,0.0,0.3072952,0.0,0.4414582,0.0,0.19504261,0.04264763,0.0,0.0,0.0,0.0,0.0,0.7019506,0.0,0.8123955,0.674113,0.44947964,0.8623281,0.0,0.0,0.37969434,0.23057802,0.52124465,0.7325783,0.50986505,0.48402184,0.0,0.82579935,0.0,0.56075805,0.27521536,1.1187792,0.31157452,0.0,0.3762122,0.0,0.0,1.2631779,0.6055764,0.0,0.0,0.0,0.0,0.0,0.0,0.0,0.0,0.7672955,0.0,1.1454355,-0.5526358,-0.22180618,0.96949106
-1.319051,1.1465304,1.4194818,0.0,0.0,0.5943244,0.0,1.3728882,0.6607908,1.4444627,0.0,0.0,0.0,0.0,1.2505887,0.0,0.0,1.1974775,0.5215323,0.0,0.0,1.0342969,1.4825057,0.0,0.6538507,1.4899341,0.58206135,1.9030377,0.53035665,0.16615498,0.5714834,0.0,0.4748609,0.34650975,0.0,0.0,0.0,1.1000104,1.1807153,0.80106217,0.2538709,1.8639942,1.7327043,0.0,0.19799341,0.0,1.5221585,1.537018,0.0,1.31613,0.0,1.0929496,0.0,0.0,0.0,0.40422165,1.1789666,0.0,0.0,0.0,0.0,0.0,0.0,0.0,0.5298083,0.0,0.0,0.8513411,0.8151035,-1.4971011
-0.12308551,1.0495661,0.94294703,0.0,0.026402326,0.28577107,0.6061945,0.5005456,0.48783895,0.51307034,0.0,0.0,0.0,0.0,0.97295666,0.0,0.0,0.4452975,1.1167722,0.0,0.0,1.0768523,0.87743455,0.0,0.07810582,1.343504,0.40848494,1.3555602,0.6962029,0.13288498,0.21141745,0.0,0.3197867,0.0,0.0,0.0,0.0,0.8141788,0.9593287,0.26751757,0.5771962,1.2520652,1.3483745,0.0,0.0,0.0,1.2116822,1.0672106,0.24589613,1.1753966,0.0,1.1247442,0.0,0.0,0.0,0.6415648,1.1234701,0.0,0.0,0.0,0.0,0.0,0.0,0.0,0.24104953,0.0,0.09140088,0.99510825,0.45059198,-1.1297855
-1.1165175,0.5745567,1.2677809,0.0,0.0,0.416081,0.0,1.081741,0.26115653,1.0147396,0.025870621,0.0,0.0,0.0,0.9330845,0.0,0.0,0.8925108,0.31139827,0.0,0.0,0.85135865,1.490734,0.0,0.79248875,1.2788911,0.28901786,1.4866315,0.3578179,0.22465545,0.5142781,0.0,0.4623285,0.42629123,0.0,0.0,0.0,0.7329,0.8468489,0.5774193,0.24769828,1.6305163,1.4132777,0.0,0.41631484,0.0,1.4022715,1.3339181,0.0,1.0599041,0.0,0.9395607,0.0,0.0,0.0,0.18573053,0.8763846,0.0,0.0,0.0,0.0,0.0,0.0,0.0,0.32894588,0.0,0.0,0.7568997,0.9278071,-1.159823
0.18945962,-0.7762935,-0.9008795,0.18383875,0.109272644,0.6007734,0.45257756,0.0,0.0,0.0,0.0,0.60826796,0.20473981,0.47310758,0.0,0.62829125,0.0,0.0,0.24766064,0.0,0.50152236,0.0,0.116396815,0.114596784,0.0,0.0,0.1924364,0.0,0.0,0.79123265,0.0,0.6118615,0.83463913,0.597296,0.74603945,0.0,0.0,0.5819232,0.467528,0.8244672,0.81428945,0.55451936,0.29912212,0.0,0.8579018,0.0,0.20144406,0.13562873,0.9910507,0.10687113,0.0,0.061301306,0.0,0.0,1.1334531,0.5994693,0.0,0.0,0.0,0.0,0.0,0.0,0.0,0.0,0.93709487,0.0,1.0014648,-0.96857953,-0.51208323,0.9702485
0.19952025,-0.11866505,-0.6812091,0.0,0.3872674,0.6721752,0.6029894,0.0,0.0,0.0,0.0,0.26321936,0.0,0.12293285,0.0,0.3014636,0.019292071,0.0,0.6227781,0.0,0.28686243,0.094001114,0.07021356,0.0,0.0,0.22935155,0.43938702,0.0,0.0,0.6719169,0.0,0.21033894,0.7691959,0.37908036,0.34797716,0.0,0.0,0.7250179,0.6291292,0.6864284,0.80446875,0.46819764,0.39055115,0.0,0.4444247,0.0,0.09734866,0.25192383,0.69935083,0.14554423,0.0,0.09634016,0.0,0.0,0.69975114,0.65574646,0.029467184,0.0,0.0,0.0,0.0,0.0,0.0,0.0,0.7284693,0.0,0.809346,-0.697603,-0.5749979,0.5407713
0.121796705,0.34018216,0.08294585,0.0,0.19110498,0.43025565,0.6337733,0.0,0.0,0.0,0.0,0.0,0.0,0.0,0.3456348,0.0,0.0,0.0,0.8450605,0.0,0.0,0.5480791,0.45548648,0.0,0.0,0.73673886,0.35533285,0.43707788,0.043343693,0.41359377,0.0,0.0,0.5364029,0.1390397,0.0,0.0,0.0,0.62179285,0.66448873,0.26787478,0.67343324,0.67571825,0.6339596,0.0,0.10319894,0.0,0.45313358,0.55590135,0.41346753,0.4899792,0.0,0.46530822,0.0,0.0,0.21049336,0.5159538,0.4674802,0.0,0.0,0.0,0.0,0.0,0.0,0.0,0.32168648,0.0,0.4359042,0.14770345,-0.094015345,-0.2250328
-0.47152966,1.5483632,1.2424065,0.0,0.019430174,0.42813194,0.47642237,0.9091617,0.8806088,1.0447768,0.0,0.0,0.0,0.0,1.3179278,0.0,0.0,0.8535321,1.2078514,0.0,0.0,1.2704314,1.024854,0.0,0.10299556,1.5954182,0.6362244,1.8495286,0.8830522,0.05727288,0.3545556,0.0,0.31886682,0.0,0.0,0.0,0.0,1.13978,1.2648331,0.5172355,0.5125068,1.5968856,1.7421347,0.0,0.0,0.0,1.452224,1.3550502,0.16623141,1.4767181,0.0,1.3221253,0.0,0.0,0.0,0.76422465,1.4331497,0.0,0.0,0.0,0.0,0.0,0.0,0.0,0.41351557,0.0,0.0,1.1392528,0.5407889,-1.5339355
0.3630901,0.07217168,-0.22058238,0.019217674,0.2994387,0.40647808,0.74394006,0.0,0.0,0.0,0.0,0.23115098,0.0,0.0,0.10751099,0.24888183,0.0714847,0.0,0.8241032,0.0,0.06137822,0.39310414,0.26949516,0.0,0.0,0.53388304,0.2830519,0.07647191,0.0,0.48971853,0.0,0.0,0.5715084,0.1548672,0.14205545,0.0,0.0,0.5708411,0.56913745,0.33718938,0.7243502,0.47569597,0.5802121,0.0,0.16711989,0.0,0.38140678,0.42902976,0.5217428,0.36758265,0.0,0.34498724,0.0,0.0,0.398625,0.59881926,0.2964035,0.0,0.0,0.0,0.0,0.0,0.0,0.0,0.4177378,0.0,0.60613114,-0.069423266,-0.25358385,0.09328566
0.84735906,-1.3936752,-0.8660279,0.8692401,0.0,0.10386744,0.7547555,0.0,0.0,0.0,0.011282384,1.3285277,0.4943399,0.37978536,0.0,1.2937838,0.083629504,0.0,0.2636122,0.0,0.5163861,0.0,0.1342752,0.12788177,0.0,0.0,0.0,0.0,0.0,0.72424114,0.0,1.1505252,0.6366543,0.43010318,1.0937468,0.0,0.0,0.3460866,0.15835726,0.56434834,0.8046073,0.49034238,0.533523,0.0,0.9730466,0.0,0.7601579,0.30599904,1.3859705,0.4067564,0.0,0.5383948,0.0,0.0,1.5936815,0.7358125,0.0,0.0,0.0,0.0,0.0,0.0,0.0,0.0,0.82021844,0.0,1.4131465,-0.5513498,-0.230074,1.2144705
0.048645057,0.3784226,0.4626384,0.0,0.0,0.26943555,0.58257216,0.09798521,0.0,0.0,0.0,0.0,0.0,0.0,0.49895042,0.0,0.0,0.00101161,0.83067596,0.0,0.0,0.7114198,0.70976365,0.0,0.088290595,0.9340863,0.22221962,0.69726306,0.2697876,0.30508244,0.028996468,0.0,0.42624706,0.08461924,0.0,0.0,0.0,0.48331192,0.6149806,0.10188607,0.59541434,0.8265676,0.79889387,0.0,0.09230031,0.0,0.7774932,0.6986983,0.328463,0.6843552,0.0,0.7140986,0.0,0.0,0.11525953,0.4232607,0.604666,0.0,0.0,0.0,0.0,0.0,0.0,0.0,0.1683958,0.0,0.31822136,0.53700244,0.25215113,-0.48168182
-0.112445235,-0.10231739,0.24104814,0.1013437,0.0,0.3192221,0.37062803,0.014913641,0.0,0.0,0.0,0.0,0.0,0.0,0.21840313,0.0,0.0,0.0,0.4715934,0.0,0.009527948,0.43712184,0.74586195,0.0,0.24908225,0.6741353,0.11349872,0.34967685,0.0,0.43522862,0.0,0.0,0.5357269,0.33100054,0.094550245,0.0,0.0,0.3826526,0.4714212,0.17520456,0.52016044,0.73737854,0.61579514,0.0,0.3053602,0.0,0.5965714,0.57918924,0.29537663,0.48401278,0.0,0.45392928,0.0,0.0,0.35256514,0.2363004,0.2782568,0.0,0.0,0.0,0.0,0.0,0.0,0.0,0.24940807,0.0,0.35896528,0.18316878,0.24560155,-0.14745063
0.8473014,0.88747597,0.3379014,0.0,0.66278267,0.1286476,1.240617,0.0,0.23256508,0.0,0.0,0.074192084,0.0,0.0,0.6347562,0.082174696,0.4102974,0.0,1.5506911,0.113468766,0.0,0.98995256,0.2689626,0.0,0.0,1.0902529,0.32344583,0.73809046,0.6657684,0.17957366,0.0,0.0,0.26728874,0.0,0.0,0.0,0.0,0.80030566,0.9775086,0.20326301,0.9429991,0.73277724,0.9916536,0.0,0.0,0.0,1.0038983,0.64523435,0.4620536,0.9405044,0.0,0.97589034,0.0,0.0,0.12324607,0.99845576,1.0531042,0.0,0.0,0.0,0.0,0.0,0.0,0.0,0.113044806,0.0,0.5466651,0.765998,-0.09399608,-0.62609243
0.06123326,0.9332836,-0.22166982,0.0,0.7079856,0.79733807,0.73645556,0.0,0.08564326,0.0,0.0,0.0,0.0,0.0,0.50544995,0.0,0.11588399,0.0,1.1395268,0.0,0.0,0.566644,0.10808873,0.0,0.0,0.7343075,0.8287277,0.5651314,0.0,0.47192347,0.0,0.0,0.66829026,0.081585124,0.0,0.0,0.0,1.120727,1.0214735,0.5980835,0.8690798,0.662155,0.57077885,0.0,0.0775263,0.0,0.20696831,0.5412171,0.5571535,0.40329653,0.0,0.4207863,0.0,0.0,0.30287704,0.9086366,0.60290855,0.0,0.0,0.0,0.0,0.0,0.0,0.0,0.55314887,0.0,0.5946542,-0.18326499,-0.6434654,-0.17560434
0.8678903,-0.061901834,-1.2298781,0.0,1.0056584,0.6849923,1.0819775,0.0,0.0,0.0,0.0,0.69513154,0.15680668,0.22094727,0.0,0.737221,0.45359647,0.0,1.014156,0.0,0.36389107,0.023174644,0.0,0.0,0.0,0.03272164,0.5311975,0.0,0.0,0.7319511,0.0,0.7037762,0.78152066,0.15834253,0.48847187,0.0,0.0,1.0593103,0.92433745,1.0760312,1.1736999,0.23265913,0.2683661,0.0,0.49569392,0.0,0.1553907,0.18556777,1.0223246,0.12423628,0.0,0.21460895,0.0,0.0,1.1012201,1.1625621,0.10715078,0.0,0.0,0.0,0.0,0.0,0.0,0.0,0.932951,0.0,1.2636461,-0.99690205,-1.1682035,0.9105526
1.7222605,-0.38290176,-3.0349593,0.0,2.1999364,1.1808381,1.635377,0.0,0.0,0.0,0.0,1.5359557,0.74150026,1.2151465,0.0,1.6198409,1.0943203,0.0,1.2821975,0.0,0.9292154,0.0,0.0,0.18309063,0.0,0.0,0.94548607,0.0,0.0,1.1789467,0.0,2.017669,1.1683927,0.20852247,1.1480486,0.0,0.0,1.9343301,1.7045727,2.4274137,2.116293,0.09166704,0.0,0.0,1.2919526,0.0,0.1603571,0.0,1.8717349,0.0,0.0,0.27762738,0.0,0.0,2.3702757,2.2622726,0.0,0.0,0.0,0.0,0.0,0.0,0.0,0.0,1.8131038,0.0,2.400245,-2.339087,-2.5409591,2.1162224
0.40484688,0.28501064,-0.42880422,0.0,0.5676933,0.5630908,0.8263637,0.0,0.0,0.0,0.0,0.16600798,0.0,0.0,0.12677327,0.20194481,0.17363904,0.0,0.96341056,0.0,0.083471715,0.37058136,0.06372139,0.0,0.0,0.48889562,0.48026305,0.051794082,0.0,0.5311905,0.0,0.0,0.63595617,0.12449966,0.084545776,0.0,0.0,0.7815433,0.74178356,0.5154649,0.8165171,0.43347475,0.51197356,0.0,0.1629531,0.0,0.2286568,0.385261,0.56841695,0.2900623,0.0,0.27228808,0.0,0.0,0.44049996,0.75285083,0.3225201,0.0,0.0,0.0,0.0,0.0,0.0,0.0,0.5057969,0.0,0.68525875,-0.27285796,-0.52817017,0.15176067
-2.1867452,0.62225187,1.973578,0.0,0.0,0.5298169,0.0,1.9456276,0.47110108,1.9138895,0.559189,0.0,0.0,0.0,1.2615005,0.0,0.0,1.6625593,0.0,0.0,0.0,0.92704153,2.223606,0.0,1.4860475,1.542577,0.29523402,2.1244168,0.37992358,0.17125794,0.95398647,0.0,0.5045123,0.78089094,0.0,0.0,0.0,0.8825,1.0304011,0.93376327,0.0,2.4361079,2.007174,0.0,0.8538249,0.0,2.0396357,1.8663735,0.0,1.4235083,0.0,1.2843367,0.0,0.0,0.0,0.006395243,1.2815077,0.0,0.0,0.0,0.0,0.0,0.0,0.0,0.4352768,0.0,0.0,1.0054437,1.5646213,-1.634223
-1.6758482,-0.7011467,0.7823316,0.0,0.0,0.55204296,0.0,0.9715893,0.0,0.64265573,0.8656682,0.0,0.0,0.02625215,0.2319149,0.0,0.0,0.61437714,0.0,0.0,0.18504995,0.13810317,1.6885555,0.12187618,1.316423,0.62798226,0.0,0.64924073,0.0,0.5590691,0.46922684,0.0,0.7525765,1.1219908,0.19402009,0.0,0.0,0.33258623,0.5422296,0.72145355,0.22082055,1.4871181,1.0244672,0.0,1.3838428,0.0,1.2151372,0.9406824,0.0,0.588342,0.0,0.6369453,0.0,0.0,0.80502605,0.0,0.29115364,0.0,0.0,0.0,0.0,0.0,0.0,0.0,0.43687496,0.0,0.2254184,0.04947751,1.0145122,-0.2301552
-0.105840944,-0.36695173,0.04278933,0.18547764,0.0,0.3450164,0.3203447,0.0,0.0,0.0,0.0,0.14047927,0.0,0.0,0.03192933,0.14363031,0.0,0.0,0.32522625,0.0,0.13261402,0.27459016,0.69060886,0.0,0.2660876,0.5018185,0.061534643,0.095640644,0.0,0.5154469,0.0,0.0,0.5969304,0.43680817,0.28255782,0.0,0.0,0.31001738,0.35472506,0.2373936,0.5092635,0.6464627,0.5810702,0.0,0.44528133,0.0,0.5580344,0.4946474,0.36825436,0.3839407,0.0,0.35204607,0.0,0.0,0.5603637,0.20071442,0.0655168,0.0,0.0,0.0,0.0,0.0,0.0,0.0,0.34540185,0.0,0.49296123,-0.032142594,0.21410733,0.13957465
0.10707434,-2.397289,-1.6196955,0.84590495,0.0,0.5463833,0.047923386,0.0,0.0,0.0,0.6113429,1.437216,0.8304709,1.4792149,0.0,1.4233075,0.0,0.0,0.0,0.0,1.1013815,0.0,0.13134086,0.9776722,0.2682497,0.0,0.0,0.0,0.0,1.1490524,0.0,1.6585338,1.0720417,1.2002352,1.7683477,0.0,0.0,0.46809193,0.35933208,1.5262775,1.1932383,0.9201289,0.28847262,0.0,2.3356316,0.0,0.7235362,0.040073827,1.8691672,0.20122057,0.0,0.27216607,0.0,0.0,2.5750322,0.6679907,0.0,0.0,0.0,0.0,0.0,0.0,0.0,0.0,1.5187798,0.0,1.7701333,-1.7270898,-0.43552774,2.1562014
-1.7107627,0.20227577,0.85903937,0.0,0.0,0.793527,0.0,1.2123787,0.0,1.0951699,0.28657794,0.0,0.0,0.0,0.6602919,0.0,0.0,0.9040884,0.0,0.0,0.0,0.42171487,1.4929993,0.0,0.9206848,0.9073665,0.44745448,1.1585677,0.0,0.4722005,0.4520629,0.0,0.7527908,0.8930547,0.0,0.0,0.0,0.7683727,0.8358807,0.8546265,0.18826789,1.6142669,1.1798453,0.0,0.7996087,0.0,1.1180489,1.1380336,0.0,0.6933559,0.0,0.5371384,0.0,0.0,0.35281044,0.06913185,0.5668308,0.0,0.0,0.0,0.0,0.0,0.0,0.0,0.59662575,0.0,0.046998426,0.11077749,0.75915366,-0.714854
-0.38150126,0.17238191,-0.5573795,0.0,0.26416188,0.95236194,0.2739383,0.0,0.0,0.0,0.0,0.0,0.0,0.17619506,0.077442445,0.0,0.0,0.0,0.46855074,0.0,0.27251828,0.09473485,0.22589326,0.0,0.0,0.31109712,0.70323825,0.057349816,0.0,0.70273465,0.0,0.0,0.8861417,0.55879354,0.13547708,0.0,0.0,0.81956017,0.7600946,0.77134496,0.7139591,0.57801545,0.34985048,0.0,0.47833508,0.0,0.0,0.27369124,0.5223561,0.04511524,0.0,0.0,0.0,0.0,0.6248252,0.47890085,0.00038577244,0.0,0.0,0.0,0.0,0.0,0.0,0.0,0.7444873,0.0,0.6291962,-0.8048142,-0.5373468,0.40433818
1.0338066,-1.7569741,-1.3531061,0.9765375,0.1059761,0.17563158,0.8113438,0.0,0.0,0.0,0.021085858,1.6682903,0.7304162,0.74789816,0.0,1.6341323,0.1716973,0.0,0.15734583,0.0,0.7331132,0.0,0.0,0.36328012,0.0,0.0,0.0,0.0,0.0,0.8728106,0.0,1.615948,0.7474296,0.53519046,1.4142243,0.0,0.0,0.4348249,0.24004896,0.9109422,1.038301,0.52555525,0.42965606,0.0,1.3405613,0.0,0.80893075,0.2239332,1.7664393,0.38319445,0.0,0.52762556,0.0,0.0,2.0628655,0.9635397,0.0,0.0,0.0,0.0,0.0,0.0,0.0,0.0,1.1059783,0.0,1.7511766,-0.9523861,-0.49623525,1.6835377
1.385532,-0.6071055,-0.76459616,0.6698026,0.60428005,0.0400517,1.294009,0.0,0.0,0.0,0.0,1.2566528,0.31853625,0.0,0.0,1.2313634,0.5153264,0.0,0.99850476,0.09675041,0.23510551,0.19836059,0.0,0.0,0.0,0.17780647,0.0,0.0,0.0,0.5487482,0.0,0.9569344,0.47439325,0.0,0.6844058,0.0,0.0,0.53896135,0.42809904,0.43579188,0.96284294,0.20171311,0.6270435,0.0,0.44590086,0.0,0.869624,0.38368297,1.2104706,0.5403569,0.0,0.736042,0.0,0.0,1.2948093,1.060205,0.2269207,0.0,0.0,0.0,0.0,0.0,0.0,0.0,0.55642194,0.0,1.3592242,-0.1198887,-0.4732145,0.8265469
-1.2978998,0.3081122,1.4575336,0.0,0.0,0.3162934,0.0,1.1918222,0.14378598,1.064103,0.3311271,0.0,0.0,0.0,0.89171386,0.0,0.0,0.97575915,0.065511644,0.0,0.0,0.8172693,1.7375894,0.0,1.0865684,1.2854785,0.11147523,1.497909,0.330742,0.21485382,0.63404256,0.0,0.4401651,0.5413959,0.0,0.0,0.0,0.5324433,0.6914185,0.53511065,0.10894543,1.7766879,1.4677899,0.0,0.6839772,0.0,1.5678566,1.4005672,0.0,1.0698022,0.0,1.0441021,0.0,0.0,0.08260187,0.0,0.88408995,0.0,0.0,0.0,0.0,0.0,0.0,0.0,0.21565256,0.0,0.0,0.8600862,1.2675406,-1.1397166
0.77520543,1.2890941,0.25782755,0.0,0.926847,0.3230486,1.285669,0.0,0.46129695,0.0,0.0,0.0,0.0,0.0,0.7886988,0.0,0.47798693,0.0,1.7345048,0.0,0.0,1.0515846,0.12365514,0.0,0.0,1.1500676,0.5949143,0.9060507,0.69521165,0.18503484,0.0,0.0,0.3215345,0.0,0.0,0.0,0.0,1.1371433,1.2739153,0.3900391,1.0405307,0.79568166,0.9800319,0.0,0.0,0.0,0.8619056,0.6625838,0.5039816,0.99781984,0.0,0.9851023,0.0,0.0,0.07327743,1.2321765,1.1776818,0.0,0.0,0.0,0.0,0.0,0.0,0.0,0.27384934,0.0,0.57232296,0.61467195,-0.39036763,-0.7234076
0.93066925,-1.4067802,-1.1827883,0.78562653,0.18012816,0.23358428,0.8167794,0.0,0.0,0.0,0.0,1.4126463,0.57289195,0.56707007,0.0,1.389744,0.17252685,0.0,0.2983058,0.0,0.6168563,0.0,0.0,0.20968914,0.0,0.0,0.0,0.0,0.0,0.80984294,0.0,1.3339272,0.72301126,0.4599978,1.1834974,0.0,0.0,0.47168186,0.29515862,0.7987139,0.96561944,0.47933334,0.42528844,0.0,1.1198742,0.0,0.69181097,0.22363192,1.5401988,0.34852988,0.0,0.46405268,0.0,0.0,1.7621559,0.9090012,0.0,0.0,0.0,0.0,0.0,0.0,0.0,0.0,0.9931583,0.0,1.551164,-0.8366286,-0.49180567,1.4294255
-0.2869388,0.12702861,-0.40974686,0.0,0.18744494,0.816774,0.32327974,0.0,0.0,0.0,0.0,0.0,0.0,0.05273649,0.10333399,0.0,0.0,0.0,0.49668497,0.0,0.21587709,0.17020857,0.30833972,0.0,0.0,0.38433716,0.5843284,0.10619357,0.0,0.6458294,0.0,0.0,0.8095858,0.49371496,0.12733877,0.0,0.0,0.7187481,0.6950411,0.6278925,0.6623906,0.5869099,0.41772047,0.0,0.39216143,0.0,0.0754184,0.3373322,0.47860494,0.15464722,0.0,0.08062477,0.0,0.0,0.5491727,0.43221974,0.06388509,0.0,0.0,0.0,0.0,0.0,0.0,0.0,0.63907045,0.0,0.57834154,-0.5878906,-0.39058745,0.27855074
0.24484119,-0.46758422,0.073475994,0.41605395,0.0,0.14118338,0.53309697,0.0,0.0,0.0,0.0,0.4075398,0.0,0.0,0.0,0.39113346,0.0,0.0,0.4613966,0.0,0.08890981,0.34267715,0.6435845,0.0,0.23013394,0.526756,0.0,0.00083997846,0.0,0.45863375,0.0,0.049301192,0.49161434,0.28707993,0.34538186,0.0,0.0,0.22734243,0.22347048,0.07094066,0.52416795,0.5726346,0.71330947,0.0,0.38632494,0.0,0.7370686,0.55558634,0.47841787,0.4737882,0.0,0.52758455,0.0,0.0,0.5968144,0.2890727,0.12497263,0.0,0.0,0.0,0.0,0.0,0.0,0.0,0.2571978,0.0,0.6028335,0.20943274,0.2966084,0.147143
-0.5633659,-0.022861492,-0.17119013,0.0,0.0,0.7678003,0.096069634,0.15878694,0.0,0.0,0.0,0.0,0.0,0.042108357,0.13598666,0.0,0.0,0.0,0.26438126,0.0,0.20618743,0.16866066,0.5796695,0.0,0.108141094,0.4375259,0.47360373,0.22261326,0.0,0.6270242,0.0,0.0,0.79807806,0.6146866,0.13247226,0.0,0.0,0.5985605,0.6439513,0.5718693,0.53605247,0.6601923,0.46701968,0.0,0.49109387,0.0,0.23161072,0.39676186,0.36054993,0.21301025,0.0,0.12123319,0.0,0.0,0.5643317,0.2744583,0.02384289,0.0,0.0,0.0,0.0,0.0,0.0,0.0,0.6072231,0.0,0.45172644,-0.48395544,-0.14573134,0.19943976
-1.023409,-0.20501883,0.18127356,0.0,0.0,0.7302543,0.0,0.5024273,0.0,0.28068915,0.115374684,0.0,0.0,0.034603715,0.20458883,0.0,0.0,0.22125801,0.0,0.0,0.19164756,0.16535191,0.98349464,0.0,0.5350552,0.52136105,0.3456743,0.42367858,0.0,0.6043487,0.09952095,0.0,0.79549855,0.8082886,0.11687604,0.0,0.0,0.539275,0.6491961,0.63836485,0.38926423,0.95279074,0.6436919,0.0,0.72451186,0.0,0.5453195,0.59292436,0.14892128,0.3221013,0.0,0.23312798,0.0,0.0,0.60146046,0.12212676,0.08721119,0.0,0.0,0.0,0.0,0.0,0.0,0.0,0.58298886,0.0,0.33108127,-0.3337004,0.24687928,-0.0024498329
-1.781487,0.9130522,2.4072282,0.0,0.0,0.19970211,0.0,1.9153663,0.7864312,1.9219042,0.41577923,0.0,0.0,0.0,1.5177959,0.0,0.0,1.7242643,0.14924884,0.0,0.0,1.2998288,2.3116894,0.0,1.4683512,1.8852996,0.13574478,2.4597752,0.9125474,0.0,1.0580813,0.0,0.25399104,0.4205844,0.0,0.0,0.0,0.80098164,1.0274984,0.7188785,0.0,2.5750446,2.305951,0.0,0.57864565,0.0,2.3957624,2.075887,0.0,1.7863941,0.0,1.7295814,0.0,0.0,0.0,0.08882122,1.5963423,0.0,0.0,0.0,0.0,0.0,0.0,0.0,0.19075942,0.0,0.0,1.6206192,1.8448455,-1.9874084
-2.334127,-0.93211436,1.6438291,0.18734115,0.0,0.31427985,0.0,1.5869665,0.0,1.2056524,1.5364003,0.0,0.0,0.0,0.46755135,0.0,0.0,1.1820983,0.0,0.0,0.033438466,0.30151862,2.488668,0.13343656,2.1156654,0.9390128,0.0,1.166282,0.0,0.41423804,0.93136114,0.0,0.62692666,1.3162949,0.067477986,0.0,0.0,0.2999245,0.51936704,0.7847585,0.0,2.1774364,1.62248,0.0,1.8471788,0.0,1.9985793,1.5179704,0.0,0.98588485,0.0,1.2323743,0.0,0.0,0.8233143,0.0,0.7298479,0.0,0.0,0.0,0.0,0.0,0.0,0.0,0.18330857,0.0,0.020922735,0.7157264,1.8120992,-0.77942437
-2.1109972,-0.42805603,0.46700433,0.0,0.0,0.9984917,0.0,1.1799749,0.0,0.94314575,0.67697763,0.0,0.0,0.3273607,0.2679913,0.0,0.0,0.7642871,0.0,0.0,0.30528775,0.0,1.5261008,0.25844365,1.1295677,0.49491104,0.40534812,0.6754998,0.0,0.7037856,0.38460803,0.0,0.98120916,1.3284729,0.10738102,0.0,0.0,0.69377494,0.8710825,1.1807349,0.38225,1.5602744,0.9655475,0.0,1.4110459,0.0,0.958492,0.8491037,0.0,0.39856565,0.0,0.26457718,0.0,0.0,0.8480261,0.0,0.18160854,0.0,0.0,0.0,0.0,0.0,0.0,0.0,0.8347085,0.0,0.29204115,-0.5621693,0.60139525,-0.086804084
-0.82030016,0.8198698,0.5061067,0.0,0.0,0.7668071,0.09581193,0.71261954,0.20417687,0.7136779,0.0,0.0,0.0,0.0,0.75938547,0.0,0.0,0.531338,0.6018554,0.0,0.0,0.65091085,0.8493288,0.0,0.14973864,0.985363,0.6851889,1.1010697,0.05590272,0.39440295,0.14371963,0.0,0.6498837,0.3816521,0.0,0.0,0.0,0.9704867,0.98093766,0.6736758,0.43326354,1.1481625,1.0289829,0.0,0.18538122,0.0,0.7335122,0.9118049,0.25214753,0.712577,0.0,0.5203798,0.0,0.0,0.077499844,0.44397438,0.6300971,0.0,0.0,0.0,0.0,0.0,0.0,0.0,0.62493366,0.0,0.12545255,0.13237828,0.11066382,-0.70181537
-1.0318141,-0.6865964,0.17720933,0.02218984,0.0,0.59378177,0.0,0.40185964,0.0,0.06729609,0.44567043,0.0,0.0,0.18472603,0.0,0.0,0.0,0.09325391,0.0,0.0,0.29427812,0.024236232,1.1188526,0.11206478,0.7749261,0.38850743,0.09313215,0.17907459,0.0,0.64353716,0.12767859,0.0,0.789905,0.9355813,0.36938173,0.0,0.0,0.32998058,0.47194135,0.62465596,0.436423,0.94302964,0.5601673,0.0,1.1112049,0.0,0.6524686,0.50825536,0.13182268,0.2735259,0.0,0.28618622,0.0,0.0,0.8817449,0.0,0.0,0.0,0.0,0.0,0.0,0.0,0.0,0.0,0.53257376,0.0,0.44513425,-0.39594293,0.43716317,0.2679337
-0.32377538,1.5850009,0.57202697,0.0,0.49153423,0.73452723,0.6030825,0.61116207,0.71520424,0.7692746,0.0,0.0,0.0,0.0,1.0922421,0.0,0.0,0.5384054,1.301574,0.0,0.0,1.016141,0.54150814,0.0,0.0,1.2770066,0.9214898,1.4395431,0.52002645,0.23802227,0.05507201,0.0,0.5104239,0.0,0.0,0.0,0.0,1.3725617,1.3771896,0.6954602,0.71175283,1.2308215,1.3184664,0.0,0.0,0.0,0.8673,1.0246763,0.36739987,1.0564958,0.0,0.940435,0.0,0.0,0.0,1.0262369,1.1658082,0.0,0.0,0.0,0.0,0.0,0.0,0.0,0.6393874,0.0,0.2014413,0.48815477,-0.17599161,-1.0724913
0.28665003,-0.29268685,-0.2218379,0.20767738,0.046855196,0.33356887,0.609341,0.0,0.0,0.0,0.0,0.3687044,0.0,0.0,0.0,0.3731037,0.0,0.0,0.5785616,0.0,0.14926292,0.2704092,0.39224637,0.0,0.0,0.42689973,0.110841095,0.0,0.0,0.5298371,0.0,0.118632,0.58520055,0.2846622,0.32935178,0.0,0.0,0.37557775,0.35945022,0.25337392,0.62197137,0.49109563,0.60444415,0.0,0.32918298,0.0,0.48929393,0.4206382,0.5802164,0.3793482,0.0,0.35685545,0.0,0.0,0.5674047,0.42998093,0.11623886,0.0,0.0,0.0,0.0,0.0,0.0,0.0,0.43643627,0.0,0.6590432,-0.08441193,-0.038810864,0.26920155
2.5570457,-2.6588414,-2.354395,1.800845,0.7389341,0.0,1.6612266,0.0,0.0,0.0,0.0,3.1556273,1.4468522,1.1103046,0.0,3.0717337,0.8881355,0.0,0.47647434,0.2676813,1.0356784,0.0,0.0,0.54911876,0.0,0.0,0.0,0.0,0.0,1.011217,0.0,3.1076574,0.67031527,0.24175984,2.2120008,0.0,0.06032489,0.6684455,0.36339214,1.4131768,1.6732919,0.2223115,0.5023283,0.0,1.7699239,0.0,1.6444902,0.3416374,2.766991,0.6246109,0.0,1.2695078,0.0,0.0,3.503596,1.8726852,0.0,0.0,0.0,0.0,0.0,0.0,0.0,0.0,1.4212525,0.042761505,2.9670517,-1.1236495,-1.0658227,2.7203712
-0.93576396,0.25376034,0.6201835,0.0,0.0,0.58963364,0.0,0.6947673,0.0,0.56409013,0.0,0.0,0.0,0.0,0.555307,0.0,0.0,0.4745064,0.22391507,0.0,0.0,0.5131583,1.1138612,0.0,0.5304772,0.8791646,0.3638196,0.90360785,0.0,0.42038193,0.24077289,0.0,0.630493,0.55710626,0.0,0.0,0.0,0.65658164,0.72577393,0.55627364,0.34365627,1.1708963,0.9175013,0.0,0.4709041,0.0,0.83666694,0.90459156,0.10904929,0.6121494,0.0,0.48338452,0.0,0.0,0.2695209,0.1825083,0.44663283,0.0,0.0,0.0,0.0,0.0,0.0,0.0,0.4485288,0.0,0.11426264,0.15767525,0.45090526,-0.53298515
-0.86510295,0.67499804,1.254722,0.0,0.0,0.33992267,0.011765331,0.9530785,0.32581738,0.8994758,0.0,0.0,0.0,0.0,0.95850205,0.0,0.0,0.80059683,0.5049685,0.0,0.0,0.93370533,1.3857481,0.0,0.66086715,1.3253529,0.2769574,1.4849505,0.48285252,0.18161198,0.46731544,0.0,0.40215373,0.2824639,0.0,0.0,0.0,0.72203547,0.8471396,0.4877102,0.29975727,1.5446419,1.424536,0.0,0.299998,0.0,1.4042485,1.3044499,0.0,1.1111856,0.0,1.0261809,0.0,0.0,0.0,0.24590956,0.92511034,0.0,0.0,0.0,0.0,0.0,0.0,0.0,0.26939726,0.0,0.0,0.8753174,0.88956296,-1.1920263
-1.0475395,-0.7484639,0.6424293,0.24219601,0.0,0.33138606,0.0,0.55033827,0.0,0.18791994,0.6714703,0.0,0.0,0.0,0.12611422,0.0,0.0,0.26270232,0.0,0.0,0.14716823,0.2108756,1.4409804,0.0,1.0749688,0.60864323,0.0,0.42972976,0.0,0.5072585,0.32538325,0.0,0.63328564,0.8609506,0.28541228,0.0,0.0,0.21637386,0.3372599,0.3941666,0.22365467,1.1801668,0.8667327,0.0,1.1756358,0.0,1.062577,0.8147547,0.0,0.5408242,0.0,0.70292085,0.0,0.0,0.8052924,0.0,0.18678798,0.0,0.0,0.0,0.0,0.0,0.0,0.0,0.24004814,0.0,0.3177935,0.19884747,0.95336354,-0.12267291
0.22697507,0.45711225,-0.61835444,0.0,0.71361786,0.7962152,0.75086117,0.0,0.0,0.0,0.0,0.0,0.0,0.0,0.14715487,0.0430562,0.15367015,0.0,0.95994306,0.0,0.14124222,0.2927727,0.0,0.0,0.0,0.41972274,0.7097403,0.056726232,0.0,0.6044502,0.0,0.0,0.75137836,0.2063004,0.032560393,0.0,0.0,0.96803,0.8881686,0.70976144,0.8495766,0.473602,0.4337868,0.0,0.23530568,0.0,0.04117127,0.3588478,0.5617913,0.18165621,0.0,0.161872,0.0,0.0,0.48411652,0.77822983,0.27491638,0.0,0.0,0.0,0.0,0.0,0.0,0.0,0.61741036,0.0,0.71615756,-0.53948694,-0.712455,0.20893592
-1.8515669,-0.5027772,1.2561018,0.0,0.0,0.43386176,0.0,1.2721066,0.0,0.98304963,0.9606546,0.0,0.0,0.0,0.4947254,0.0,0.0,0.9300841,0.0,0.0,0.0055396706,0.36486998,1.9863067,0.0,1.5390165,0.9061105,0.0,1.0651188,0.0,0.4254608,0.6776363,0.0,0.6403702,1.056455,0.0,0.0,0.0,0.38365602,0.584357,0.6700585,0.063932955,1.7968807,1.3253136,0.0,1.3341178,0.0,1.5376716,1.2476244,0.0,0.81931347,0.0,0.9167058,0.0,0.0,0.56634593,0.0,0.64549345,0.0,0.0,0.0,0.0,0.0,0.0,0.0,0.28391173,0.0,0.004550308,0.5057385,1.343987,-0.71118236
-0.32746702,0.6115678,1.0979474,0.0,0.0,0.16433239,0.36430013,0.5754929,0.25197574,0.48895273,0.0,0.0,0.0,0.0,0.8449178,0.0,0.0,0.4792041,0.7621311,0.0,0.0,0.97286403,1.1564324,0.0,0.44459662,1.28362,0.16196944,1.2632705,0.5891879,0.15045062,0.33031505,0.0,0.31235376,0.07272683,0.0,0.0,0.0,0.56616277,0.7307084,0.21557327,0.44222164,1.3039682,1.2739654,0.0,0.14595863,0.0,1.3184237,1.1310217,0.110021435,1.0766262,0.0,1.0912728,0.0,0.0,0.0,0.34944463,0.93821037,0.0,0.0,0.0,0.0,0.0,0.0,0.0,0.100514024,0.0,0.027395427,1.0269614,0.7742418,-1.0756273
-0.100293264,-0.27488202,-0.24944086,0.01281214,0.0,0.5275241,0.35318643,0.0,0.0,0.0,0.0,0.12081773,0.0,0.0,0.0,0.14231135,0.0,0.0,0.37633616,0.0,0.21464723,0.17149663,0.47444516,0.0,0.052408718,0.37744218,0.24323367,0.0,0.0,0.59768456,0.0,0.0,0.6974762,0.47225034,0.30724996,0.0,0.0,0.44227624,0.45589742,0.4267629,0.58238757,0.5487152,0.48271972,0.0,0.39324433,0.0,0.30510995,0.3616709,0.45274714,0.25634658,0.0,0.16340758,0.0,0.0,0.5728432,0.30080402,0.0,0.0,0.0,0.0,0.0,0.0,0.0,0.0,0.52568203,0.0,0.56563157,-0.35409135,-0.10032441,0.29967263
1.7993703,-1.9116046,-1.8080854,1.2278453,0.57861006,0.031689584,1.3051423,0.0,0.0,0.0,0.0,2.2604282,0.98900855,0.8078335,0.0,2.2122679,0.59186214,0.0,0.48499548,0.0016697347,0.8063738,0.0,0.0,0.3297634,0.0,0.0,0.0,0.0,0.0,0.904785,0.0,2.2048001,0.69783086,0.30166015,1.6469699,0.0,0.0,0.6278734,0.40103626,1.1175393,1.3412825,0.32390797,0.43823963,0.0,1.4216689,0.0,1.1208869,0.2699117,2.1441982,0.5134446,0.0,0.83627754,0.0,0.0,2.5579512,1.442073,0.0,0.0,0.0,0.0,0.0,0.0,0.0,0.0,1.2124413,0.0,2.2689612,-1.0076042,-0.8535067,2.044746
-0.12955604,-1.7227125,-0.5028219,0.7819957,0.0,0.24921899,0.010833025,0.0,0.0,0.0,0.64483464,0.85746,0.36874858,0.60874885,0.0,0.82774186,0.0,0.0,0.0,0.0,0.6079785,0.0,0.7267379,0.43734467,0.6375751,0.0,0.0,0.0,0.0,0.79049003,0.0,0.742574,0.764451,0.9076328,1.12608,0.0,0.0,0.22690323,0.14135943,0.75773436,0.640187,0.8609313,0.5360015,0.0,1.6178823,0.0,0.82992864,0.3438549,0.95514095,0.2868703,0.0,0.5170329,0.0,0.0,1.7643676,0.1722012,0.0,0.0,0.0,0.0,0.0,0.0,0.0,0.0,0.7794161,0.0,1.1513736,-0.6998079,0.30680716,1.1422088
0.09813671,0.4958415,-0.5441904,0.0,0.6432553,0.8254963,0.6707189,0.0,0.0,0.0,0.0,0.0,0.0,0.0,0.19752325,0.0,0.08622259,0.0,0.91186786,0.0,0.12711619,0.3064592,0.013060272,0.0,0.0,0.45482722,0.73303956,0.14371337,0.0,0.59884477,0.0,0.0,0.76079375,0.24287884,0.0,0.0,0.0,0.95672476,0.8849074,0.68211734,0.8180994,0.5286194,0.44415027,0.0,0.24187523,0.0,0.030336495,0.37136474,0.554183,0.18856964,0.0,0.16996214,0.0,0.0,0.4555056,0.7460692,0.29291728,0.0,0.0,0.0,0.0,0.0,0.0,0.0,0.61292523,0.0,0.6717062,-0.5155469,-0.6667558,0.16376525
0.84235483,1.1009243,-0.86112124,0.0,1.491633,0.84132177,1.319264,0.0,0.024471194,0.0,0.0,0.05960676,0.0,0.0,0.31203282,0.13655809,0.646149,0.0,1.653499,0.0,0.0,0.51354665,0.0,0.0,0.0,0.53274196,0.98923016,0.12746914,0.0,0.5338351,0.0,0.0,0.68402296,0.0,0.0,0.0,0.0,1.4613632,1.3237826,0.9537154,1.1924243,0.34709683,0.4762414,0.0,0.03782697,0.0,0.18126148,0.43913215,0.63425875,0.2925643,0.0,0.34355256,0.0,0.0,0.5434269,1.2971343,0.63529557,0.0,0.0,0.0,0.0,0.0,0.0,0.0,0.6437264,0.0,0.9470639,-0.47886854,-1.2060953,0.08153451
0.8635282,-0.2826628,-0.22145821,0.4592523,0.27997813,0.07723707,1.0006934,0.0,0.0,0.0,0.0,0.7230096,0.029685438,0.0,0.0,0.7055754,0.24161719,0.0,0.9000014,0.060195,0.058426235,0.4100707,0.2330653,0.0,0.0,0.48959944,0.0,0.0,0.0,0.43847752,0.0,0.34798276,0.43250036,0.00428319,0.35329834,0.0,0.0,0.3769461,0.33820426,0.13643926,0.73935246,0.3442492,0.7223704,0.0,0.22283363,0.0,0.7654821,0.48042828,0.7652259,0.53737915,0.0,0.6402495,0.0,0.0,0.6856334,0.6889706,0.30942312,0.0,0.0,0.0,0.0,0.0,0.0,0.0,0.3125123,0.0,0.8466678,0.22856842,-0.08257596,0.2754124
1.0108345,-0.41790983,-1.315341,0.16285251,0.89407355,0.5616307,1.0997037,0.0,0.0,0.0,0.0,0.9716777,0.30615446,0.33037746,0.0,0.996524,0.4579317,0.0,0.89270973,0.0,0.44562447,0.0,0.0,0.0,0.0,0.0,0.3398784,0.0,0.0,0.76295257,0.0,0.966227,0.766176,0.19798556,0.70318764,0.0,0.0,0.9440306,0.802906,1.0495491,1.1741877,0.24846348,0.28007627,0.0,0.67115605,0.0,0.3194683,0.17258026,1.2010404,0.18122263,0.0,0.30677563,0.0,0.0,1.3365055,1.1890581,0.030764852,0.0,0.0,0.0,0.0,0.0,0.0,0.0,0.9810981,0.0,1.4118927,-1.006082,-1.0830909,1.1207986
0.58448565,1.767048,0.31768504,0.0,1.1091709,0.5177605,1.2642001,0.039259166,0.77569306,0.2094548,0.0,0.0,0.0,0.0,1.031955,0.0,0.48145396,0.07772228,1.8975773,0.0,0.0,1.1694499,0.07940328,0.0,0.0,1.2898991,0.8766278,1.2176757,0.7869282,0.16014993,0.0,0.0,0.36064786,0.0,0.0,0.0,0.0,1.4705806,1.5685982,0.55267835,1.1207665,0.96032196,1.1328825,0.0,0.0,0.0,0.858736,0.7692975,0.52403164,1.1306238,0.0,1.1025926,0.0,0.0,0.0,1.4660213,1.4008656,0.0,0.0,0.0,0.0,0.0,0.0,0.0,0.43801358,0.0,0.5388996,0.6091116,-0.56157494,-0.94818175
-0.06551103,0.019646883,-0.22788237,0.0,0.10275762,0.58737975,0.44310963,0.0,0.0,0.0,0.0,0.0,0.0,0.0,0.106401026,0.023626156,0.0,0.0,0.56004065,0.0,0.14066902,0.2733501,0.39593142,0.0,0.0,0.47154313,0.38048506,0.12165728,0.0,0.563187,0.0,0.0,0.68650466,0.37611276,0.14958765,0.0,0.0,0.577518,0.587538,0.44480488,0.62685746,0.5843418,0.49482268,0.0,0.2963643,0.0,0.25437626,0.40304524,0.43815583,0.28673935,0.0,0.20482188,0.0,0.0,0.43994346,0.38936037,0.14178756,0.0,0.0,0.0,0.0,0.0,0.0,0.0,0.49589944,0.0,0.52253085,-0.2920195,-0.19370542,0.13909751
-0.63556415,0.5601796,0.5511707,0.0,0.0,0.58269686,0.16002262,0.5639216,0.05716151,0.49472228,0.0,0.0,0.0,0.0,0.64955854,0.0,0.0,0.3946372,0.5585426,0.0,0.0,0.64077103,0.90145725,0.0,0.2501081,0.9575635,0.4733929,0.9639002,0.09050584,0.37127838,0.15158202,0.0,0.580536,0.34921983,0.0,0.0,0.0,0.75267303,0.8050332,0.49546725,0.43972862,1.0797411,0.94546974,0.0,0.25349185,0.0,0.7920013,0.8693907,0.22984634,0.68002224,0.0,0.5656353,0.0,0.0,0.14214817,0.34856135,0.5706735,0.0,0.0,0.0,0.0,0.0,0.0,0.0,0.4470571,0.0,0.16531996,0.2538871,0.26617426,-0.60372746
-0.42028016,-0.06958983,0.62676525,0.10076241,0.0,0.25892156,0.15971974,0.32748365,0.0,0.09874961,0.02845788,0.0,0.0,0.0,0.38488436,0.0,0.0,0.15573272,0.32571122,0.0,0.0,0.54599965,1.0692911,0.0,0.5430315,0.8487556,0.04153073,0.6523795,0.054823577,0.36208767,0.1897165,0.0,0.48554468,0.3897068,0.0,0.0,0.0,0.3578909,0.49571717,0.18499434,0.40302256,0.9656512,0.79968375,0.0,0.46932,0.0,0.8717419,0.79982364,0.113038465,0.6300978,0.04266557,0.63604647,0.0,0.0,0.3134085,0.12606107,0.41624492,0.0,0.0,0.0,0.0,0.0,0.0,0.0,0.16003591,0.0,0.17559375,0.43233073,0.5944386,-0.42288733
-0.72560745,-0.052343618,0.09532019,0.0,0.0,0.68806577,0.0,0.33417445,0.0,0.13835204,0.0,0.0,0.0,0.0,0.2250663,0.0,0.0,0.094373554,0.16212776,0.0,0.14421687,0.24098668,0.8041246,0.0,0.3222835,0.5493579,0.3817249,0.39644337,0.0,0.57253486,0.01282984,0.0,0.7490469,0.644196,0.07347228,0.0,0.0,0.55369407,0.64959186,0.53517634,0.44328827,0.7969789,0.5828268,0.0,0.5279538,0.0,0.43778843,0.5322306,0.23790069,0.31865883,0.0,0.22674604,0.0,0.0,0.50916904,0.20217891,0.099246204,0.0,0.0,0.0,0.0,0.0,0.0,0.0,0.5411488,0.0,0.33390814,-0.28558496,0.08911663,0.0014335588
0.14135827,-0.9241167,-0.10909923,0.5747557,0.0,0.15119386,0.36443248,0.0,0.0,0.0,0.17548609,0.5893806,0.0898712,0.0,0.0,0.5655348,0.0,0.0,0.14781123,0.0,0.26325098,0.106369436,0.682418,0.0,0.38406578,0.299304,0.0,0.0,0.0,0.5658737,0.0,0.30249196,0.5729178,0.49136022,0.62429184,0.0,0.0,0.18037608,0.12271285,0.2095524,0.4627648,0.6333637,0.65265524,0.0,0.71964926,0.0,0.75235075,0.504918,0.5985298,0.40837693,0.0,0.5448495,0.0,0.0,0.9938903,0.22460656,0.0,0.0,0.0,0.0,0.0,0.0,0.0,0.0,0.39899078,0.0,0.81394506,-0.042887412,0.35205463,0.47611776
0.27726257,1.3470132,0.21036884,0.0,0.7938732,0.58944136,0.96433663,0.091739,0.4741337,0.17931539,0.0,0.0,0.0,0.0,0.8264575,0.0,0.24941562,0.062184572,1.4936748,0.0,0.0,0.9289415,0.21186054,0.0,0.0,1.0897464,0.7894341,0.9953368,0.47140735,0.27336442,0.0,0.0,0.47078297,0.0,0.0,0.0,0.0,1.2345941,1.2702646,0.5072312,0.9421538,0.8837389,0.9497663,0.0,0.0,0.0,0.6577852,0.7260926,0.4979192,0.85419184,0.0,0.85223615,0.0,0.0,0.05510747,1.1355741,1.0497564,0.0,0.0,0.0,0.0,0.0,0.0,0.0,0.45759842,0.0,0.4918918,0.3766556,-0.44994318,-0.6993679
0.7216334,0.20997195,-0.49186522,0.0,0.683385,0.43266317,1.0246924,0.0,0.0,0.0,0.0,0.40653348,0.0,0.0,0.053390354,0.4299975,0.3251624,0.0,1.0942442,0.0,0.072382495,0.3960221,0.0,0.0,0.0,0.4691715,0.37896508,0.0,0.0,0.5066545,0.0,0.18355964,0.572267,0.0043199062,0.15554231,0.0,0.0,0.7631726,0.73200333,0.52247226,0.90512407,0.29975942,0.5178754,0.0,0.13275202,0.0,0.33001447,0.35903102,0.6796487,0.33979353,0.0,0.36654204,0.0,0.0,0.53732955,0.89826477,0.35440177,0.0,0.0,0.0,0.0,0.0,0.0,0.0,0.502461,0.0,0.81901395,-0.22356462,-0.618997,0.25763217
0.9514851,-0.63279384,-2.0391352,0.0,1.1619269,0.9154836,1.0308964,0.0,0.0,0.0,0.0,1.1021178,0.50257444,0.9102028,0.0,1.1553752,0.49413168,0.0,0.7320278,0.0,0.7519329,0.0,0.0,0.19316489,0.0,0.0,0.5745405,0.0,0.0,1.0117799,0.0,1.3700086,1.0260882,0.43352562,0.99233615,0.0,0.0,1.2709246,1.1016254,1.6999159,1.5117322,0.33493996,0.057543114,0.0,1.1203703,0.0,0.12917225,0.017504051,1.4796662,0.0,0.0,0.12679742,0.0,0.0,1.7805952,1.4737742,0.0,0.0,0.0,0.0,0.0,0.0,0.0,0.0,1.4409108,0.0,1.7296805,-1.7707499,-1.6098146,1.6278429
-2.396019,1.1562598,1.7721634,0.0,0.0,0.89049506,0.0,2.116567,0.745811,2.2253556,0.17372584,0.0,0.0,0.0,1.4396614,0.0,0.0,1.8244123,0.0,0.0,0.0,0.9396777,1.9998739,0.0,1.1674511,1.5616872,0.7320916,2.3109176,0.30980182,0.22558352,0.8688242,0.0,0.6392442,0.7883317,0.0,0.0,0.0,1.3379946,1.3895836,1.2358745,0.037542135,2.4626074,2.0434813,0.0,0.51953226,0.0,1.7954998,1.8908522,0.0,1.4301178,0.0,1.0544657,0.0,0.0,0.0,0.2983982,1.3306971,0.0,0.0,0.0,0.0,0.0,0.0,0.0,0.795512,0.0,0.0,0.69478637,1.0790352,-1.736114
-1.0153294,-0.82337046,0.75486577,0.3481049,0.0,0.2340624,0.0,0.55233616,0.0,0.16755834,0.75717163,0.0,0.0,0.0,0.13026705,0.0,0.0,0.27110323,0.0,0.0,0.11852149,0.24741842,1.5259523,0.0,1.1666983,0.64940786,0.0,0.45357764,0.0,0.47323257,0.3716315,0.0,0.5847503,0.8408123,0.29830942,0.0,0.0,0.17512144,0.2774312,0.33421248,0.18766084,1.2285401,0.9297722,0.0,1.229324,0.0,1.1670494,0.88378,0.0,0.59626234,0.0,0.82063735,0.0,0.0,0.82952064,0.0,0.2231099,0.0,0.0,0.0,0.0,0.0,0.0,0.0,0.15046793,0.0,0.31451184,0.33854598,1.0834639,-0.17315578
-0.30254856,1.0406022,0.88309884,0.0,0.0,0.3960318,0.48477918,0.58324313,0.46145424,0.603039,0.0,0.0,0.0,0.0,0.95848405,0.0,0.0,0.501253,1.0128319,0.0,0.0,1.0050321,0.8900299,0.0,0.10149204,1.2918063,0.4823067,1.3469936,0.5794898,0.18016842,0.21269198,0.0,0.3876701,0.0,0.0,0.0,0.0,0.86389416,0.974873,0.3634103,0.5301404,1.2521532,1.308314,0.0,0.0,0.0,1.1298258,1.0760517,0.24148218,1.0960319,0.0,1.031628,0.0,0.0,0.0,0.59670776,1.0411268,0.0,0.0,0.0,0.0,0.0,0.0,0.0,0.32286403,0.0,0.06947929,0.8487332,0.39491946,-1.0895579
-0.8354068,0.3814768,-0.5068133,0.0,0.18377213,1.1907704,0.014000952,0.29410756,0.0,0.22306463,0.0,0.0,0.0,0.25469607,0.21367177,0.0,0.0,0.0297786,0.33733737,0.0,0.28121856,0.06945312,0.3228469,0.0,0.0,0.34636247,0.9208187,0.27412295,0.0,0.74243677,0.0,0.0,0.99299234,0.71355283,0.0,0.0,0.0,0.96559733,0.93477905,0.93667775,0.63775265,0.7138874,0.42575186,0.0,0.5639092,0.0,0.0,0.3255561,0.47337303,0.0044774115,0.0,0.0,0.0,0.0,0.61004514,0.4584852,0.0054167137,0.0,0.0,0.0,0.0,0.0,0.0,0.0,0.91595775,0.0,0.5159535,-0.93448055,-0.5576865,0.3071007
-0.5395398,-0.60907793,0.42758694,0.29639265,0.0,0.26044464,0.0,0.21476097,0.0,0.0,0.35372186,0.0,0.0,0.0,0.08374278,0.0,0.0,0.0,0.0,0.0,0.1151851,0.2748795,1.125061,0.0,0.7334667,0.5887819,0.0,0.28108668,0.0,0.48322916,0.15657713,0.0,0.57513475,0.62616074,0.29163986,0.0,0.0,0.17405704,0.26470765,0.2155791,0.28751785,0.9186898,0.6954287,0.0,0.85754764,0.0,0.8160453,0.6713686,0.07598531,0.45907313,0.017468885,0.5806566,0.0,0.0,0.69336456,0.0,0.07626653,0.0,0.0,0.0,0.0,0.0,0.0,0.0,0.20295593,0.0,0.3500099,0.16523993,0.72920096,-0.021273397
-1.3553364,1.3401611,1.9240857,0.0,0.0,0.395472,0.0,1.6014813,0.926201,1.7049996,0.0,0.0,0.0,0.0,1.5140125,0.0,0.0,1.4605155,0.6154969,0.0,0.0,1.3065233,1.7636528,0.0,0.8551895,1.7970425,0.46395344,2.31025,0.8966052,0.0015301406,0.7731404,0.0,0.31506306,0.20855466,0.0,0.0,0.0,1.1068423,1.2472093,0.75531,0.19655293,2.180685,2.1110868,0.0,0.13443673,0.0,1.9749382,1.8475324,0.0,1.6823558,0.0,1.4927791,0.0,0.0,0.0,0.40924537,1.5138232,0.0,0.0,0.0,0.0,0.0,0.0,0.0,0.38653198,0.0,0.0,1.353799,1.1833297,-1.8841856
0.0041984143,-1.5882285,-1.1532372,0.49496615,0.0,0.58006495,0.14977461,0.0,0.0,0.0,0.2655866,0.92507017,0.47423205,0.9594361,0.0,0.9283364,0.0,0.0,0.0,0.0,0.7865224,0.0,0.23251331,0.5568527,0.16121876,0.0,0.0,0.0,0.0,0.95983946,0.0,1.0288907,0.9547384,0.9459628,1.2240465,0.0,0.0,0.4550355,0.37623113,1.1207367,0.93707836,0.76529765,0.28059047,0.0,1.5901133,0.0,0.4631641,0.095467,1.3374616,0.1457814,0.0,0.113008715,0.0,0.0,1.7891002,0.5157089,0.0,0.0,0.0,0.0,0.0,0.0,0.0,0.0,1.1885247,0.0,1.2787374,-1.3043803,-0.36545753,1.49348
1.2885276,-1.1628797,-1.7084953,0.5824617,0.77729493,0.42881593,1.128312,0.0,0.0,0.0,0.0,1.5543158,0.6565776,0.71350497,0.0,1.554491,0.49022496,0.0,0.6244067,0.0,0.6947458,0.0,0.0,0.17796868,0.0,0.0,0.044042245,0.0,0.0,0.89726996,0.0,1.6038024,0.8132648,0.33636987,1.2046314,0.0,0.0,0.801363,0.6454502,1.1752796,1.2892201,0.3330731,0.28101844,0.0,1.1820079,0.0,0.6474985,0.15401417,1.674272,0.28167784,0.0,0.46830338,0.0,0.0,1.9643258,1.313405,0.0,0.0,0.0,0.0,0.0,0.0,0.0,0.0,1.1953671,0.0,1.8155961,-1.1771599,-1.0242828,1.6572529
-1.2007173,0.47908783,1.6264344,0.0,0.0,0.23203261,0.0,1.2277615,0.30173793,1.131092,0.25245112,0.0,0.0,0.0,1.0205601,0.0,0.0,1.0429206,0.21608445,0.0,0.0,0.96455264,1.7721012,0.0,1.0688523,1.4282432,0.09741138,1.6685032,0.52877146,0.13453096,0.679744,0.0,0.3597579,0.4156002,0.0,0.0,0.0,0.57754797,0.75480336,0.49977872,0.13060746,1.8537657,1.6198033,0.0,0.5631954,0.0,1.7241297,1.5097598,0.0,1.2381705,0.0,1.2150697,0.0,0.0,0.0,0.053677335,1.0379019,0.0,0.0,0.0,0.0,0.0,0.0,0.0,0.16306034,0.0,0.0,1.0862278,1.3390906,-1.3348402
0.3019823,-0.3440055,-0.43084595,0.16090189,0.14355746,0.4243412,0.6138156,0.0,0.0,0.0,0.0,0.42115745,0.0,0.0,0.0,0.43298855,0.0,0.0,0.55593085,0.0,0.23049948,0.16595943,0.2675735,0.0,0.0,0.30751708,0.17507766,0.0,0.0,0.5957813,0.0,0.24341677,0.65186155,0.3343171,0.40888214,0.0,0.0,0.4636846,0.41021293,0.39536327,0.67864573,0.47331855,0.52921647,0.0,0.40072876,0.0,0.37680438,0.3535705,0.67920923,0.30834392,0.0,0.28627998,0.0,0.0,0.6851451,0.5155922,0.051344577,0.0,0.0,0.0,0.0,0.0,0.0,0.0,0.56602687,0.0,0.766975,-0.31493512,-0.21588804,0.4381201
1.2860584,1.092155,-0.6615752,0.0,1.5444947,0.53171927,1.6109716,0.0,0.08494672,0.0,0.0,0.32439718,0.0,0.0,0.35208756,0.3739765,0.8346313,0.0,1.8938003,0.0,0.0,0.7053563,0.0,0.0,0.0,0.6786521,0.7665364,0.16394939,0.25800762,0.40337986,0.0,0.078939304,0.49790224,0.0,0.0,0.0,0.0,1.3376983,1.3276702,0.7954739,1.2782271,0.30149245,0.6660931,0.0,0.0,0.0,0.5329972,0.44669113,0.67604953,0.53402543,0.0,0.5995841,0.0,0.0,0.54174256,1.4556515,0.8451881,0.0,0.0,0.0,0.0,0.0,0.0,0.0,0.5057026,0.0,1.0213763,-0.09651322,-1.0744523,-0.026017807
-1.9355164,2.0467148,1.955081,0.0,0.0,0.84829855,0.0,2.1015427,1.3684958,2.3948815,0.0,0.0,0.0,0.0,1.870765,0.0,0.0,1.9267464,0.69262445,0.0,0.0,1.384419,1.7420712,0.0,0.69236493,1.9433694,0.9917616,2.7894056,0.869621,0.02924788,0.826059,0.0,0.47158355,0.30180472,0.0,0.0,0.0,1.6931896,1.7435838,1.2254878,0.17362544,2.5061314,2.4370444,0.0,0.0,0.0,1.9630425,2.0625765,0.0,1.8694935,0.0,1.4667771,0.08039787,0.0,0.0,0.6869854,1.7945036,0.0,0.0,0.0,0.0,0.0,0.0,0.0,0.83144855,0.0,0.0,1.1333452,0.8909509,-2.2018175
0.46656996,1.0816313,-0.69517154,0.0,1.2349086,0.914799,1.0567997,0.0,0.052092075,0.0,0.0,0.0,0.0,0.0,0.38290054,0.0,0.42740422,0.0,1.438875,0.0,0.001663845,0.4932386,0.0,0.0,0.0,0.5736422,1.0097884,0.28404734,0.0,0.54307175,0.0,0.0,0.72623324,0.0,0.0,0.0,0.0,1.3841385,1.2400764,0.88387007,1.0654111,0.4710536,0.46391398,0.0,0.06682396,0.0,0.10399337,0.46694094,0.6181307,0.27187133,0.0,0.3326335,0.0,0.0,0.4607223,1.1446629,0.5872703,0.0,0.0,0.0,0.0,0.0,0.0,0.0,0.6435653,0.0,0.816282,-0.47036526,-1.0593289,0.017674156
0.40220362,1.2287449,0.69522387,0.0,0.48757952,0.2365858,1.008176,0.15273131,0.5406405,0.19264951,0.0,0.0,0.0,0.0,0.93574655,0.0,0.20832832,0.16012159,1.5015731,0.0025626123,0.0,1.1415957,0.5243752,0.0,0.0,1.319315,0.46814662,1.2042484,0.8057834,0.11325699,0.024240196,0.0,0.26909897,0.0,0.0,0.0,0.0,0.9551979,1.1355871,0.2390171,0.84748006,1.0330464,1.2077599,0.0,0.0,0.0,1.1052732,0.8564241,0.37649766,1.1713805,0.0,1.1505659,0.0,0.0,0.0,0.9955909,1.2333424,0.0,0.0,0.0,0.0,0.0,0.0,0.0,0.21168467,0.0,0.34225482,0.93551946,0.06372526,-0.9904674
0.3628689,-0.12755941,0.09159208,0.26820308,0.0,0.17896652,0.6896211,0.0,0.0,0.0,0.0,0.30713367,0.0,0.0,0.1278476,0.30050877,0.0,0.0,0.7160361,0.0,0.0,0.47568,0.5274296,0.0,0.03635944,0.6399939,0.033267096,0.16278169,0.020090014,0.40868175,0.0,0.0,0.4606501,0.1400239,0.16900046,0.0,0.0,0.3156142,0.34805158,0.03237243,0.5833826,0.574056,0.7302288,0.0,0.18764734,0.0,0.682905,0.5561625,0.47662777,0.533185,0.0,0.53903836,0.0,0.0,0.35954484,0.40234303,0.33078387,0.0,0.0,0.0,0.0,0.0,0.0,0.0,0.23100439,0.0,0.5101022,0.33182034,0.18334755,-0.060850553
1.2430993,2.0480387,-0.4854543,0.0,2.0095031,0.7386632,1.7947489,0.0,0.73670304,0.0,0.0,0.0,0.0,0.0,0.8387461,0.0,1.0020384,0.0,2.4058905,0.0,0.0,1.0464689,0.0,0.0,0.0,1.0223085,1.2076321,0.7609035,0.6201946,0.28313035,0.0,0.0,0.4671455,0.0,0.0,0.0,0.0,1.9652833,1.9851383,1.0228087,1.5039833,0.595979,0.8934514,0.0,0.0,0.0,0.6481926,0.6190158,0.59415543,0.9148068,0.0,0.94353735,0.0,0.0,0.32277888,1.9008337,1.3926846,0.0,0.0,0.0,0.0,0.0,0.0,0.0,0.6021457,0.0,0.92680204,0.099377416,-1.3331584,-0.60229945
0.097742856,-0.59092283,0.774452,0.71087337,0.0,0.0,0.38628566,0.0,0.0,0.0,0.29969144,0.32188156,0.0,0.0,0.17585574,0.2710081,0.0,0.0,0.31998178,0.31410837,0.0,0.5860825,1.1709416,0.0,0.7336387,0.8375317,0.0,0.38520163,0.22323906,0.27493948,0.20824985,0.0,0.28772825,0.24169953,0.22835118,0.0,0.0,0.022214245,0.048861343,0.0,0.37394238,0.91932714,1.053337,0.0,0.50434834,0.0,1.3099227,0.9184679,0.1446278,0.6752231,0.0,1.1587685,0.0,0.0,0.68364185,0.032540783,0.4839643,0.0,0.0,0.0,0.0,0.0,0.0,0.0,0.0,0.0,0.43543062,0.85596395,1.0314468,-0.27381158
-0.122372776,1.4676168,2.027692,0.0,0.0,0.0,0.6716658,0.9466014,1.0611238,1.0248938,0.0,0.0,0.0,0.0,1.5355052,0.0,0.0,0.9755279,1.3628708,0.46522957,0.0,1.6812145,1.4599386,0.0,0.48679417,2.01234,0.13312787,2.2178717,1.5170822,0.0,0.6336638,0.0,0.0,0.0,0.0,0.0,0.0,0.8159837,1.1089445,0.16986687,0.56017435,2.0082653,2.2654052,0.0,0.0,0.0,2.3769372,1.6694916,0.0,1.9132699,0.0,2.078451,0.0,0.0,0.0,0.7617522,1.9948992,0.0,0.0,0.0,0.0,0.0,0.0,0.0,0.0,0.0,0.0,2.1651092,1.3369274,-2.0441535
0.97846377,0.7826993,-0.7458596,0.0,1.2832494,0.62384003,1.3353951,0.0,0.0,0.0,0.0,0.29652858,0.0,0.0,0.20354854,0.34827968,0.6238395,0.0,1.5516853,0.0,0.0027374737,0.5065859,0.0,0.0,0.0,0.52009326,0.7278397,0.011445522,0.0,0.5011429,0.0,0.13628767,0.60235,0.0,0.0,0.0,0.0,1.2008362,1.135387,0.7871725,1.1392045,0.25858375,0.5094583,0.0,0.048443977,0.0,0.29166624,0.39910245,0.66847765,0.3339184,0.0,0.40073425,0.0,0.0,0.5710981,1.2246472,0.5822166,0.0,0.0,0.0,0.0,0.0,0.0,0.0,0.56590194,0.0,0.9557869,-0.33093834,-1.0333596,0.16016051
1.6445549,-1.2802386,-2.4076576,0.52883464,1.2540289,0.6116599,1.36118,0.0,0.0,0.0,0.0,1.8920954,0.88493085,1.086796,0.0,1.9078032,0.75254315,0.0,0.7458647,0.0,0.9084093,0.0,0.0,0.33774436,0.0,0.0,0.20107654,0.0,0.0,1.0659372,0.0,2.1196575,0.9565977,0.34194675,1.4577315,0.0,0.0,1.1301694,0.96286726,1.7272408,1.6934103,0.26527676,0.12273112,0.0,1.4714224,0.0,0.6482874,0.073787495,2.0227683,0.208996,0.0,0.47770894,0.0,0.0,2.4550002,1.7506819,0.0,0.0,0.0,0.0,0.0,0.0,0.0,0.0,1.54608,0.0,2.2587378,-1.7151867,-1.5962217,2.1434274
0.82489884,1.8338041,0.25778514,0.0,1.2796817,0.46186787,1.4432168,0.0,0.8055252,0.07187012,0.0,0.0,0.0,0.0,1.0267965,0.0,0.6264116,0.0,2.0657873,0.0,0.0,1.2186437,0.0,0.0,0.0,1.3021255,0.8712464,1.1727979,0.8675608,0.13583651,0.0,0.0,0.31881127,0.0,0.0,0.0,0.0,1.5205798,1.6493987,0.55436563,1.2158122,0.89021766,1.1176993,0.0,0.0,0.0,0.9014355,0.7253907,0.54175204,1.1734638,0.0,1.157769,0.0,0.0,0.028995663,1.5927411,1.4784888,0.0,0.0,0.0,0.0,0.0,0.0,0.0,0.3974241,0.0,0.6091862,0.6516156,-0.65611744,-0.9403701
0.90928674,3.3314097,0.93684673,0.0,1.8325444,0.50032437,1.8222326,0.39199215,1.9448756,0.8979312,0.0,0.0,0.0,0.0,1.9208728,0.0,0.90076345,0.5917858,2.9557278,0.0,0.0,1.9692433,0.0,0.0,0.0,2.0628934,1.3340065,2.3230166,1.7604506,0.0,0.0,0.0,0.0921559,0.0,0.0,0.0,0.0,2.391622,2.6363819,0.94369715,1.4648663,1.5835545,2.034544,0.0,0.0,0.0,1.6353986,1.1708716,0.5203471,2.10983,0.0,1.9263127,0.0,0.0,0.0,2.4572294,2.547435,0.0,0.0,0.0,0.0,0.0,0.0,0.0,0.63579863,0.0,0.43633857,1.312018,-0.7324027,-1.9758208
-0.374451,-0.7968191,-0.56544966,0.08104264,0.0,0.6668809,0.058230996,0.0,0.0,0.0,0.054432094,0.24026671,0.055693507,0.46898466,0.0,0.26456794,0.0,0.0,0.0,0.0,0.47534782,0.0,0.49187306,0.18926,0.21337223,0.046262503,0.18810642,0.0,0.0,0.7778109,0.0,0.2405531,0.86850053,0.80341506,0.6448479,0.0,0.0,0.49550968,0.454774,0.804343,0.66689545,0.68722224,0.28268832,0.0,0.91861606,0.0,0.18567723,0.18332992,0.66450036,0.05218082,0.0,0.0,0.0,0.0,1.011394,0.24573319,0.0,0.0,0.0,0.0,0.0,0.0,0.0,0.0,0.837695,0.0,0.7175643,-0.9137559,-0.22476895,0.75661385
0.61170816,-0.6393436,-0.9543509,0.26686785,0.39059028,0.48050493,0.7700389,0.0,0.0,0.0,0.0,0.80619395,0.24067849,0.30527228,0.0,0.8186966,0.15076394,0.0,0.55468285,0.0,0.42689973,0.0,0.0,0.0,0.0,0.0,0.16973701,0.0,0.0,0.73107994,0.0,0.7437521,0.7437887,0.3704448,0.70911264,0.0,0.0,0.65129256,0.51204556,0.7588291,0.8945254,0.4125029,0.3537526,0.0,0.722079,0.0,0.31779313,0.18186286,1.0762049,0.19581851,0.0,0.23709612,0.0,0.0,1.1666188,0.8258603,0.0,0.0,0.0,0.0,0.0,0.0,0.0,0.0,0.8661292,0.0,1.1546023,-0.81448144,-0.6323006,0.97090226
1.1298529,-2.6580153,-2.6244266,1.0533459,0.33501375,0.55233353,0.70634985,0.0,0.0,0.0,0.12173784,2.2877977,1.2692274,1.8455911,0.0,2.2723577,0.21677025,0.0,0.0,0.0,1.3490044,0.0,0.0,1.082028,0.0,0.0,0.0,0.0,0.0,1.3182653,0.0,2.650207,1.1409004,0.9855449,2.2061799,0.0,0.0,0.72460496,0.5462027,1.9438702,1.7081425,0.7367365,0.14926055,0.0,2.4382954,0.0,0.8812378,0.016887233,2.6124265,0.24702755,0.0,0.38816932,0.0,0.0,3.1954176,1.393871,0.0,0.0,0.0,0.0,0.0,0.0,0.0,0.0,1.9283829,0.0,2.4850707,-2.1432252,-1.1554081,2.8408566
1.2089663,0.8064202,-0.32641014,0.0,1.1435937,0.30088237,1.4845833,0.0,0.0,0.0,0.0,0.3942564,0.0,0.0,0.3468056,0.41745877,0.6781511,0.0,1.6958977,0.0,0.0,0.7554831,0.0,0.0,0.0,0.7653801,0.4822306,0.23419696,0.36377358,0.33385015,0.0,0.028824732,0.39786732,0.0,0.0,0.0,0.0,0.98823303,1.0548973,0.49996063,1.1155814,0.37337005,0.7533692,0.0,0.0,0.0,0.6922618,0.45406008,0.6531609,0.6209473,0.0,0.6596175,0.0,0.0,0.4334387,1.244744,0.8213616,0.0,0.0,0.0,0.0,0.0,0.0,0.0,0.3425826,0.0,0.8904291,0.19612825,-0.67880946,-0.10555067
1.4319414,-0.32735595,-1.6905153,0.14291026,1.3344291,0.60183024,1.4147869,0.0,0.0,0.0,0.0,1.2183912,0.41829517,0.3958022,0.0,1.2495705,0.7486626,0.0,1.1695479,0.0,0.4930785,0.0,0.0,0.0,0.0,0.0,0.44047922,0.0,0.0,0.8057028,0.0,1.2649702,0.7851047,0.05119136,0.770367,0.0,0.0,1.1842548,1.0362211,1.3120831,1.435443,0.1054973,0.22132528,0.0,0.6909778,0.0,0.38317487,0.16534038,1.3804092,0.19055352,0.0,0.4102122,0.0,0.0,1.5811244,1.5401843,0.11201288,0.0,0.0,0.0,0.0,0.0,0.0,0.0,1.1044397,0.0,1.707367,-1.1661918,-1.470734,1.3148438
2.095437,-0.64077777,-1.5923154,0.67071277,1.346667,0.15811661,1.7881873,0.0,0.0,0.0,0.0,1.7828387,0.60276055,0.16624796,0.0,1.769522,0.99410707,0.0,1.3589647,0.0,0.4219063,0.0,0.0,0.0,0.0,0.0,0.03925425,0.0,0.0,0.6951885,0.0,1.635728,0.569721,0.0,0.94361854,0.0,0.0,0.93858534,0.8232903,0.9885098,1.4346839,0.00022529066,0.4297629,0.0,0.72611314,0.0,0.942688,0.28107682,1.6475567,0.5283467,0.0,0.78568655,0.0,0.0,1.9071567,1.6587936,0.23141354,0.0,0.0,0.0,0.0,0.0,0.0,0.0,0.9366907,0.0,1.9886429,-0.6688907,-1.1979659,1.4158065
-1.1797135,0.8367491,1.6591362,0.0,0.0,0.31073397,0.0,1.3036182,0.5368742,1.2892278,0.014517337,0.0,0.0,0.0,1.1889608,0.0,0.0,1.1427151,0.42761475,0.0,0.0,1.0861253,1.686734,0.0,0.9032301,1.5436566,0.26713657,1.8653569,0.65830624,0.09395823,0.6689788,0.0,0.34981996,0.3077062,0.0,0.0,0.0,0.8167631,0.9661197,0.59065735,0.21048623,1.9036026,1.750572,0.0,0.32020175,0.0,1.7502489,1.5980879,0.0,1.3765113,0.0,1.2576579,0.0,0.0,0.0,0.23802085,1.17986,0.0,0.0,0.0,0.0,0.0,0.0,0.0,0.26864454,0.0,0.0,1.1370782,1.163633,-1.5081476
-0.37496385,-1.0281962,0.037883393,0.4676575,0.0,0.2729517,0.0,0.0,0.0,0.0,0.44523102,0.3086217,0.010621101,0.12782133,0.0,0.2927813,0.0,0.0,0.0,0.0,0.3128702,0.020120353,0.946826,0.07955277,0.6718534,0.2930438,0.0,0.0,0.0,0.60944813,0.0,0.074754074,0.65722823,0.73546815,0.61602485,0.0,0.0,0.14812699,0.14756152,0.32142788,0.39057022,0.79003984,0.5937202,0.0,0.99693555,0.0,0.7233865,0.4934021,0.37291873,0.30962974,0.0,0.461109,0.0,0.0,1.0508541,0.0,0.0,0.0,0.0,0.0,0.0,0.0,0.0,0.0,0.39851886,0.0,0.67011654,-0.16820112,0.53348756,0.44631568
0.3744045,0.49458587,0.024775112,0.0,0.41902915,0.39387706,0.840924,0.0,0.0,0.0,0.0,0.004124906,0.0,0.0,0.37915042,0.028223436,0.13409309,0.0,1.0688946,0.0,0.0,0.62592435,0.30583912,0.0,0.0,0.7747573,0.39242202,0.4354174,0.15459868,0.3801702,0.0,0.0,0.49242076,0.0,0.0,0.0,0.0,0.71714276,0.7532979,0.30880094,0.76274276,0.63268906,0.6601273,0.0,0.035651527,0.0,0.501522,0.5606689,0.46572304,0.5327783,0.0,0.5371167,0.0,0.0,0.19895521,0.6762984,0.5709563,0.0,0.0,0.0,0.0,0.0,0.0,0.0,0.2971613,0.0,0.51427853,0.20098132,-0.21276017,-0.2556677
-1.2419157,0.0814361,0.92877454,0.0,0.0,0.5095649,0.0,0.9367088,0.0,0.7691636,0.26724887,0.0,0.0,0.0,0.604128,0.0,0.0,0.68555033,0.0,0.0,0.0,0.52948666,1.4448078,0.0,0.88212514,0.95911753,0.2174416,1.0559828,0.0,0.3863498,0.42160285,0.0,0.60240114,0.6833494,0.0,0.0,0.0,0.54753625,0.660879,0.5773959,0.20031829,1.4355836,1.0868027,0.0,0.71356857,0.0,1.1007472,1.0758473,0.0,0.72160846,0.0,0.6465338,0.0,0.0,0.3020949,0.021601163,0.55111897,0.0,0.0,0.0,0.0,0.0,0.0,0.0,0.3728452,0.0,0.030743986,0.34300637,0.8508345,-0.69249624
0.43230635,0.5160498,-0.36713505,0.0,0.68383735,0.5858016,0.8957747,0.0,0.0,0.0,0.0,0.060942665,0.0,0.0,0.24887139,0.10312338,0.23001699,0.0,1.10812,0.0,0.009793043,0.470532,0.030988216,0.0,0.0,0.5856711,0.5673267,0.2008179,0.0,0.49030095,0.0,0.0,0.61194855,0.039580375,0.0,0.0,0.0,0.9006703,0.85424197,0.5274914,0.8509685,0.4822985,0.5207293,0.0,0.089688465,0.0,0.23777509,0.43862733,0.5556144,0.3432641,0.0,0.3320671,0.0,0.0,0.35331905,0.8280187,0.46011767,0.0,0.0,0.0,0.0,0.0,0.0,0.0,0.46800652,0.0,0.6491079,-0.1897647,-0.5809572,0.0027873442
-0.33203328,-0.065474674,0.028883956,0.0,0.0,0.54328394,0.23682077,0.08082986,0.0,0.0,0.0,0.0,0.0,0.0,0.17347597,0.0,0.0,0.0,0.369523,0.0,0.10966392,0.30075666,0.6580809,0.0,0.1748764,0.55256265,0.2931156,0.28001457,0.0,0.5322887,0.0,0.0,0.6673661,0.47202194,0.11681994,0.0,0.0,0.48897737,0.5627662,0.38260898,0.53389984,0.6873642,0.53172326,0.0,0.38017732,0.0,0.39892608,0.4781373,0.32349893,0.34402645,0.0,0.27785295,0.0,0.0,0.4510411,0.2611158,0.14864743,0.0,0.0,0.0,0.0,0.0,0.0,0.0,0.43436778,0.0,0.4052884,-0.1613474,0.032618195,0.029814161
-0.2568043,-0.48814982,-0.619805,0.0,0.0,0.734686,0.20937613,0.0,0.0,0.0,0.0,0.16137755,0.0,0.3681271,0.0,0.19764951,0.0,0.0,0.16738063,0.0,0.4121994,0.0,0.33785707,0.05522886,0.0,0.11385709,0.34415087,0.0,0.0,0.7526491,0.0,0.16925879,0.8618996,0.679766,0.5028479,0.0,0.0,0.593583,0.52941173,0.7609124,0.6806498,0.59280825,0.29187658,0.0,0.6720435,0.0,0.060142558,0.17191213,0.6408721,0.04702641,0.0,0.0,0.0,0.0,0.81597036,0.34952724,0.0,0.0,0.0,0.0,0.0,0.0,0.0,0.0,0.8215801,0.0,0.69276035,-0.8706832,-0.382751,0.6406703
-0.23320614,0.13867252,0.032537285,0.0,0.0,0.55730855,0.34985822,0.06873979,0.0,0.0,0.0,0.0,0.0,0.0,0.25937194,0.0,0.0,0.0,0.5376342,0.0,0.050848547,0.38400394,0.5760867,0.0,0.046174623,0.61974597,0.3721485,0.3679402,0.0,0.5001393,0.0,0.0,0.64384836,0.37178737,0.014135964,0.0,0.0,0.558472,0.62617725,0.34675345,0.57254857,0.68024844,0.5660786,0.0,0.2558511,0.0,0.37891507,0.49773625,0.35804385,0.3858313,0.0,0.32215545,0.0,0.0,0.34212252,0.35125923,0.277348,0.0,0.0,0.0,0.0,0.0,0.0,0.0,0.4164247,0.0,0.38939595,-0.06949525,-0.04307349,-0.08087959
0.618427,1.078853,0.148092,0.0,0.8005626,0.39051986,1.1351116,0.0,0.29429403,0.0,0.0,0.0,0.0,0.0,0.6665102,0.0,0.36921418,0.0,1.530057,0.0,0.0,0.9054438,0.15459329,0.0,0.0,1.0208594,0.57784927,0.7616803,0.4996493,0.25944716,0.0,0.0,0.3966745,0.0,0.0,0.0,0.0,1.0416999,1.1286002,0.39740244,0.9614935,0.7421392,0.8584819,0.0,0.0,0.0,0.710692,0.6256132,0.5068704,0.822839,0.0,0.8209125,0.0,0.0,0.13029824,1.0725716,0.9773917,0.0,0.0,0.0,0.0,0.0,0.0,0.0,0.30461285,0.0,0.5696134,0.4338823,-0.3843658,-0.55439585
-0.4172373,-1.0551584,0.14330307,0.50814307,0.0,0.22704984,0.0,0.0,0.0,0.0,0.51589507,0.2874521,0.0,0.08048928,0.0,0.26682904,0.0,0.0,0.0,0.0,0.28816724,0.049554408,1.0339762,0.06853488,0.7577103,0.33542293,0.0,0.0,0.0,0.5856227,0.048585773,0.022391304,0.6317411,0.74048394,0.6018029,0.0,0.0,0.11090409,0.11048277,0.2613065,0.35054213,0.8366076,0.6506063,0.0,1.0222938,0.0,0.7968915,0.5535122,0.3028691,0.3456144,0.0,0.5436136,0.0,0.0,1.0503085,0.0,0.0,0.0,0.0,0.0,0.0,0.0,0.0,0.0,0.32452795,0.0,0.64650047,-0.05038903,0.65117186,0.37583348
-1.4647896,-1.0481347,0.72068,0.2709734,0.0,0.3879022,0.0,0.7536907,0.0,0.33605143,1.0213623,0.0,0.0,0.0904448,0.04480101,0.0,0.0,0.4010522,0.0,0.0,0.24613735,0.06159401,1.6892233,0.20527685,1.3917782,0.5246657,0.0,0.3991893,0.0,0.57135916,0.43455768,0.0,0.7111984,1.121534,0.40156162,0.0,0.0,0.19651355,0.35354352,0.61866796,0.25312296,1.38705,0.95541424,0.0,1.5770379,0.0,1.2466435,0.88437307,0.0,0.5512489,0.0,0.7283816,0.0,0.0,1.0535533,0.0,0.116181806,0.0,0.0,0.0,0.0,0.0,0.0,0.0,0.32790688,0.0,0.3869874,0.05199509,1.1011344,0.0110030845
-0.5565727,0.07833612,0.36640015,0.0,0.0,0.50445175,0.108727396,0.35319227,0.0,0.17283568,0.0,0.0,0.0,0.0,0.367524,0.0,0.0,0.15736565,0.3307072,0.0,0.0,0.43948415,0.89647007,0.0,0.36153603,0.741075,0.27878803,0.5951994,0.0,0.45249963,0.09287809,0.0,0.6137878,0.47253832,0.0,0.0,0.0,0.5261946,0.62450856,0.38086143,0.44092596,0.8867212,0.7057768,0.0,0.40675157,0.0,0.63318175,0.6810342,0.19663933,0.49068707,0.0,0.42606375,0.0,0.0,0.3320984,0.2241071,0.3270106,0.0,0.0,0.0,0.0,0.0,0.0,0.0,0.37360454,0.0,0.22631758,0.0913224,0.27014506,-0.2840133
-0.792723,1.0002266,1.2574778,0.0,0.0,0.4021236,0.13456044,0.9822395,0.53300583,1.0020132,0.0,0.0,0.0,0.0,1.0991725,0.0,0.0,0.8567871,0.7261815,0.0,0.0,1.0448102,1.2762351,0.0,0.4791928,1.4219947,0.42850316,1.638298,0.6054973,0.14468098,0.43885756,0.0,0.38826385,0.16437972,0.0,0.0,0.0,0.8933748,1.0081807,0.53240615,0.35563204,1.5810018,1.5462524,0.0,0.115574524,0.0,1.4162034,1.3457776,0.042601496,1.234335,0.0,1.1228832,0.0,0.0,0.0,0.41782606,1.0978695,0.0,0.0,0.0,0.0,0.0,0.0,0.0,0.34376663,0.0,0.0,0.9568181,0.75466704,-1.3361975
-1.0105048,0.027012002,1.4902172,0.129337,0.0,0.08642724,0.0,0.9747784,0.0,0.76779795,0.45707583,0.0,0.0,0.0,0.7621968,0.0,0.0,0.7819314,0.066311896,0.0,0.0,0.81980443,1.7598877,0.0,1.1602551,1.2562002,0.0,1.3242404,0.3944611,0.18107313,0.6235359,0.0,0.34747016,0.4675833,0.0,0.0,0.0,0.2971267,0.46929634,0.31765643,0.08670238,1.6688913,1.4099213,0.0,0.7834333,0.0,1.6238731,1.353682,0.0,1.0373552,0.0,1.1738325,0.0,0.0,0.19075982,0.0,0.8076577,0.0,0.0,0.0,0.0,0.0,0.0,0.0,0.0,0.0,0.0,1.0398365,1.4283653,-1.0308208
0.3809558,0.1517777,0.17326932,0.13869068,0.12517047,0.20937063,0.76315105,0.0,0.0,0.0,0.0,0.17011446,0.0,0.0,0.27881724,0.17127047,0.036099344,0.0,0.8828032,0.0,0.0,0.5961273,0.4965518,0.0,0.0,0.75908095,0.13956857,0.34991354,0.15841296,0.35942048,0.0,0.0,0.4331844,0.043131053,0.0035075173,0.0,0.0,0.4293029,0.5173382,0.07717566,0.6455206,0.6249452,0.7510823,0.0,0.075969815,0.0,0.6663743,0.58553314,0.43350685,0.58657646,0.0,0.6051072,0.0,0.0,0.20957707,0.4940632,0.49753693,0.0,0.0,0.0,0.0,0.0,0.0,0.0,0.1913462,0.0,0.46175814,0.4157701,0.10368608,-0.24936232
0.6012812,1.0700306,0.36752036,0.0,0.6602681,0.27714777,1.1154296,0.0,0.35106495,0.0,0.0,0.0,0.0,0.0,0.73998713,0.0,0.3238759,0.0,1.5182406,0.0,0.0,0.99697554,0.30343434,0.0,0.0,1.1291728,0.47727418,0.8919346,0.63246536,0.19514707,0.0,0.0,0.3257682,0.0,0.0,0.0,0.0,0.94373196,1.0873138,0.27413332,0.92464256,0.8238766,0.964306,0.0,0.0,0.0,0.8772139,0.6888119,0.45715368,0.95253843,0.0,0.95842546,0.0,0.0,0.046664324,1.0200565,1.06108,0.0,0.0,0.0,0.0,0.0,0.0,0.0,0.21967608,0.0,0.49727648,0.6673288,-0.17949949,-0.70545197
-0.9548587,-0.60706085,0.3885421,0.0938594,0.0,0.46865153,0.0,0.44371206,0.0,0.118266016,0.45146722,0.0,0.0,0.0,0.094945125,0.0,0.0,0.16119015,0.0,0.0,0.19219765,0.15962896,1.2120228,0.0,0.83282775,0.5262596,0.01658605,0.33245933,0.0,0.56025577,0.19917668,0.0,0.69854784,0.8338318,0.27919805,0.0,0.0,0.2725723,0.40992042,0.44378147,0.30602494,1.0111338,0.7029604,0.0,1.0142915,0.0,0.81558627,0.65158445,0.023591205,0.42067516,0.0,0.48133916,0.0,0.0,0.75756675,0.0,0.085580125,0.0,0.0,0.0,0.0,0.0,0.0,0.0,0.37176293,0.0,0.3473996,-0.050216705,0.6697608,0.010973372
-0.18894339,0.15170804,0.2406465,0.0,0.0,0.42893228,0.37688598,0.11415361,0.0,0.0,0.0,0.0,0.0,0.0,0.33504355,0.0,0.0,0.0,0.5715119,0.0,0.0,0.4912516,0.6947888,0.0,0.14499123,0.73451936,0.270934,0.49155217,0.0,0.42803586,0.0,0.0,0.560982,0.30335772,0.0,0.0,0.0,0.51135063,0.61060995,0.24556234,0.5535309,0.7384829,0.6331239,0.0,0.23363513,0.0,0.53790677,0.58373237,0.3034985,0.4902985,0.0,0.44964153,0.0,0.0,0.27453786,0.3415743,0.3756808,0.0,0.0,0.0,0.0,0.0,0.0,0.0,0.317555,0.0,0.32669258,0.15411809,0.10664625,-0.23335272
-0.4011743,1.1952146,1.216239,0.0,0.0,0.30620584,0.44419074,0.78333884,0.6520362,0.83367956,0.0,0.0,0.0,0.0,1.1485403,0.0,0.0,0.71602774,1.0489336,0.0,0.0,1.1747054,1.0883684,0.0,0.24312536,1.4940419,0.43988103,1.6426489,0.79737943,0.08115849,0.35480815,0.0,0.30245686,0.0,0.0,0.0,0.0,0.90896255,1.0547248,0.38455844,0.48294866,1.4966137,1.5800846,0.0,0.0,0.0,1.4288384,1.2861865,0.13937601,1.3442672,0.0,1.2648304,0.0,0.0,0.0,0.60239136,1.2629906,0.0,0.0,0.0,0.0,0.0,0.0,0.0,0.274118,0.0,0.0,1.1475127,0.6520509,-1.3906164
-0.12031994,-0.21729095,-0.46409,0.0,0.07416168,0.669436,0.3587686,0.0,0.0,0.0,0.0,0.096450455,0.0,0.12833765,0.0,0.13189767,0.0,0.0,0.39507943,0.0,0.28068736,0.08720234,0.32503915,0.0,0.0,0.28087965,0.3782091,0.0,0.0,0.6626331,0.0,0.028056666,0.7775195,0.51243824,0.32941344,0.0,0.0,0.5813912,0.54539365,0.58966374,0.6575006,0.5477655,0.40099818,0.0,0.45731592,0.0,0.14736171,0.28257802,0.5370247,0.15426838,0.0,0.04391095,0.0,0.0,0.6345807,0.38563353,0.0,0.0,0.0,0.0,0.0,0.0,0.0,0.0,0.6561903,0.0,0.63194424,-0.6058181,-0.3152055,0.4244216
-1.7665699,-0.70598006,0.89117837,0.0,0.0,0.5325956,0.0,1.0589914,0.0,0.7294874,0.93582594,0.0,0.0,0.0,0.27289265,0.0,0.0,0.6961174,0.0,0.0,0.16200244,0.16390392,1.7848351,0.116624355,1.4075133,0.67306465,0.0,0.7282276,0.0,0.5401032,0.5272368,0.0,0.73916644,1.1439879,0.16491151,0.0,0.0,0.3349732,0.55060655,0.73155695,0.18379577,1.5743487,1.10323,0.0,1.4202812,0.0,1.3084594,1.0159074,0.0,0.6422481,0.0,0.7060855,0.0,0.0,0.7896217,0.0,0.35631433,0.0,0.0,0.0,0.0,0.0,0.0,0.0,0.41104367,0.0,0.19012442,0.13627952,1.108015,-0.3162911
1.2328173,1.8472514,-0.619099,0.0,1.9606649,0.75604296,1.7458156,0.0,0.5718001,0.0,0.0,0.0,0.0,0.0,0.7039844,0.0,0.9725196,0.0,2.2866545,0.0,0.0,0.9270313,0.0,0.0,0.0,0.89858174,1.1648562,0.58094394,0.47325623,0.34121895,0.0,0.0,0.51187545,0.0,0.0,0.0,0.0,1.8799882,1.8703723,1.0381322,1.4602116,0.51926315,0.78646046,0.0,0.0,0.0,0.5441268,0.5690038,0.60177505,0.7700219,0.0,0.79937375,0.0,0.0,0.38775373,1.7856126,1.2256789,0.0,0.0,0.0,0.0,0.0,0.0,0.0,0.6094908,0.0,0.9557236,-0.052096345,-1.3458854,-0.43630624
-0.3209808,0.6918134,-0.06928257,0.0,0.32072783,0.8153089,0.4194427,0.20590894,0.0,0.17300865,0.0,0.0,0.0,0.0,0.47367775,0.0,0.0,0.04873705,0.79720175,0.0,0.0,0.47540197,0.37829584,0.0,0.0,0.7076603,0.7388681,0.6023009,0.0,0.5032438,0.0,0.0,0.7126051,0.29490304,0.0,0.0,0.0,0.93023545,0.8836803,0.56394887,0.6669874,0.77620506,0.6396208,0.0,0.19578701,0.0,0.30755493,0.5771935,0.46097857,0.38324174,0.0,0.33983314,0.0,0.0,0.29655305,0.62660587,0.44733962,0.0,0.0,0.0,0.0,0.0,0.0,0.0,0.58952343,0.0,0.45052463,-0.19537258,-0.34199893,-0.18484831
-1.239287,0.8128821,0.2202061,0.0,0.0,1.1072685,0.0,0.86072034,0.10960749,0.8864217,0.0,0.0,0.0,0.0,0.6808735,0.0,0.0,0.6094881,0.36530817,0.0,2.4091452e-05,0.42185295,0.78041124,0.0,0.11425786,0.79350287,0.93209064,1.0004075,0.0,0.5488068,0.085602105,0.0,0.8587829,0.64533895,0.0,0.0,0.0,1.1007905,1.0573572,0.9420385,0.38502765,1.1713327,0.93861604,0.0,0.30170578,0.0,0.5294063,0.815451,0.29440567,0.5011197,0.0,0.23853454,0.0,0.0,0.2191591,0.4400226,0.45080423,0.0,0.0,0.0,0.0,0.0,0.0,0.0,0.8766443,0.0,0.19815402,-0.32735717,-0.09558059,-0.47478384
-0.3231639,1.8456831,1.3808955,0.0,0.1788815,0.37467214,0.6403331,0.93269205,1.1105243,1.1278323,0.0,0.0,0.0,0.0,1.4891335,0.0,0.0,0.91994214,1.4566307,0.0,0.0,1.4522635,0.9902304,0.0,0.0,1.7619805,0.68891823,2.0567057,1.1179714,0.0,0.37295592,0.0,0.23775628,0.0,0.0,0.0,0.0,1.285386,1.4329901,0.53422785,0.60285294,1.7062312,1.9480568,0.0,0.0,0.0,1.5992148,1.4222093,0.17936912,1.6952308,0.0,1.5030851,0.0,0.0,0.0,0.97946465,1.691481,0.0,0.0,0.0,0.0,0.0,0.0,0.0,0.42542937,0.0,0.0,1.3305663,0.5257343,-1.7316058
-0.21885769,1.7830276,1.8274664,0.0,0.0,0.06820205,0.6839841,1.005131,1.2007196,1.1677183,0.0,0.0,0.0,0.0,1.6108841,0.0,0.0,1.0275476,1.4838412,0.21483755,0.0,1.6587696,1.2679532,0.0,0.24439183,1.984788,0.4207434,2.274448,1.4342937,0.0,0.54602027,0.0,0.055734456,0.0,0.0,0.0,0.0,1.068411,1.3170822,0.33070025,0.57352483,1.9768617,2.2456722,0.0,0.0,0.0,2.1286547,1.617856,0.04910773,1.9485782,0.0,1.906623,0.0,0.0,0.0,0.90118074,1.9497819,0.0,0.0,0.0,0.0,0.0,0.0,0.0,0.1331095,0.0,0.0,1.9191426,1.0548785,-2.0342128
0.14875142,2.9433868,1.2857178,0.0,1.0918779,0.53878605,1.2112175,0.8645538,1.7845961,1.3008691,0.0,0.0,0.0,0.0,1.9144466,0.0,0.37684262,0.9661237,2.3266969,0.0,0.0,1.8344601,0.49134415,0.0,0.0,2.0582075,1.1835457,2.4711492,1.5596673,0.0,0.20159654,0.0,0.16644284,0.0,0.0,0.0,0.0,2.0765982,2.2485173,0.8924983,1.0386498,1.8475107,2.2195005,0.0,0.0,0.0,1.7149906,1.4322424,0.34169543,2.0661275,0.0,1.8283876,0.0,0.0,0.0,1.8860674,2.3174334,0.0,0.0,0.0,0.0,0.0,0.0,0.0,0.6641162,0.0,0.07797153,1.38651,-0.13050811,-2.0981956
-0.6481588,0.6943747,1.01652,0.0,0.0,0.37681684,0.16912887,0.7530124,0.27438816,0.70195055,0.0,0.0,0.0,0.0,0.8716589,0.0,0.0,0.6157445,0.6318524,0.0,0.0,0.8841113,1.1675715,0.0,0.45171154,1.2309755,0.33486673,1.3132764,0.4246838,0.21956104,0.33723533,0.0,0.42679435,0.22322631,0.0,0.0,0.0,0.72680897,0.8392465,0.42993075,0.38728404,1.3595452,1.276228,0.0,0.20906813,0.0,1.2118464,1.1459537,0.09868221,1.0062648,0.0,0.932809,0.0,0.0,0.0,0.33722985,0.86438423,0.0,0.0,0.0,0.0,0.0,0.0,0.0,0.29213992,0.0,0.0,0.7640573,0.65859526,-1.0500342
-0.07513433,-0.9406707,-0.1886081,0.4558889,0.0,0.28645483,0.21686137,0.0,0.0,0.0,0.21570635,0.46931028,0.07551187,0.13985285,0.0,0.45700485,0.0,0.0,0.019136488,0.0,0.3276936,0.014824182,0.694508,0.026962608,0.41097584,0.23164317,0.0,0.0,0.0,0.62560445,0.0,0.2583251,0.65720654,0.6165388,0.64170724,0.0,0.0,0.21387747,0.17273824,0.34812132,0.47367918,0.6750845,0.53974825,0.0,0.84000796,0.0,0.61597747,0.42291525,0.56800777,0.29747728,0.0,0.38605848,0.0,0.0,1.0247265,0.16150232,0.0,0.0,0.0,0.0,0.0,0.0,0.0,0.0,0.49698403,0.0,0.772307,-0.26937664,0.2814682,0.5551256
0.9217723,0.7772641,-0.63685226,0.0,1.1939363,0.5888441,1.2928867,0.0,0.0,0.0,0.0,0.2551666,0.0,0.0,0.2423574,0.30347863,0.5769663,0.0,1.5188526,0.0,0.0,0.540347,0.0,0.0,0.0,0.56862336,0.6910376,0.08417873,0.03349991,0.47683582,0.0,0.06642662,0.5798619,0.0,0.0,0.0,0.0,1.1514933,1.0984629,0.7155997,1.0976697,0.3141236,0.5430883,0.0,0.029993873,0.0,0.32841313,0.41721866,0.64433885,0.37229395,0.0,0.4155051,0.0,0.0,0.5116882,1.1772475,0.6063812,0.0,0.0,0.0,0.0,0.0,0.0,0.0,0.5246923,0.0,0.89516646,-0.24243698,-0.9350153,0.08516852
1.7447379,0.40940753,-1.2375056,0.01628786,1.6438056,0.43469843,1.7809044,0.0,0.0,0.0,0.0,1.0029862,0.15379703,0.0,0.0,1.0327237,1.0005729,0.0,1.7572426,0.0,0.13405487,0.3618259,0.0,0.0,0.0,0.24683866,0.53625023,0.0,0.0,0.5609379,0.0,0.84381646,0.5609587,0.0,0.28832686,0.0,0.0,1.2690736,1.2261367,1.0570586,1.4620565,0.0,0.4556272,0.0,0.20779516,0.0,0.5261589,0.26097047,1.0534812,0.42129028,0.0,0.55345327,0.0,0.0,1.1311948,1.6552489,0.5510575,0.0,0.0,0.0,0.0,0.0,0.0,0.0,0.7709448,0.0,1.4826726,-0.55435157,-1.4149363,0.69499314
0.6798367,-0.008151926,-0.1615222,0.23376426,0.34056398,0.20857535,0.9376386,0.0,0.0,0.0,0.0,0.46447635,0.0,0.0,0.07430839,0.46346796,0.20244645,0.0,0.95335376,0.0,0.008771222,0.47162998,0.24428317,0.0,0.0,0.5753239,0.122872904,0.015001431,0.022065029,0.4279349,0.0,0.118487194,0.46583337,0.0103441775,0.18548635,0.0,0.0,0.4741704,0.47302,0.19105682,0.73471236,0.39157075,0.67226493,0.0,0.14132245,0.0,0.5999219,0.47714245,0.6160743,0.48047167,0.0,0.5269255,0.0,0.0,0.46276578,0.66618305,0.36332324,0.0,0.0,0.0,0.0,0.0,0.0,0.0,0.31432974,0.0,0.69703346,0.1734922,-0.15763189,0.10163718
-0.024268951,1.2738172,-0.022407549,0.0,0.76627034,0.8288868,0.75077987,0.17471386,0.3554028,0.26479825,0.0,0.0,0.0,0.0,0.7303908,0.0,0.118764445,0.0895893,1.2850785,0.0,0.0,0.7325778,0.16402054,0.0,0.0,0.91943264,0.9431792,0.872188,0.17329001,0.39799947,0.0,0.0,0.6290874,0.0,0.0,0.0,0.0,1.3038815,1.2303284,0.65903825,0.8752377,0.8386267,0.8067014,0.0,0.0,0.0,0.3770498,0.6952518,0.526734,0.6083457,0.0,0.6088378,0.0,0.0,0.13164143,1.0493196,0.828174,0.0,0.0,0.0,0.0,0.0,0.0,0.0,0.625487,0.0,0.4975664,0.0088578705,-0.6185082,-0.50167125
1.0579469,-0.5432429,-0.2457109,0.69552314,0.21130107,0.0,1.073162,0.0,0.0,0.0,0.0,0.97827995,0.14604768,0.0,0.0,0.94286764,0.2836647,0.0,0.8607048,0.21535778,0.09108926,0.37097844,0.23805317,0.0,0.0,0.42703462,0.0,0.0,0.0,0.43527555,0.0,0.55918556,0.3843516,0.0,0.50550556,0.0,0.0,0.3225614,0.2353892,0.111391775,0.7587335,0.3129029,0.7966941,0.0,0.2530446,0.0,0.9649573,0.5180092,0.9009837,0.57940596,0.0,0.8098656,0.0,0.0,0.948086,0.7398492,0.31651548,0.0,0.0,0.0,0.0,0.0,0.0,0.0,0.2888624,0.0,1.0058445,0.3241759,-0.019661635,0.4116665
1.4894264,0.18727973,-1.8768808,0.0,1.7807449,0.82884526,1.575929,0.0,0.0,0.0,0.0,1.0081946,0.30465862,0.34640998,0.0,1.0694122,0.92367786,0.0,1.4861884,0.0,0.44250908,0.0,0.0,0.0,0.0,0.0,0.7841083,0.0,0.0,0.8150213,0.0,1.1331785,0.84366345,0.0,0.55035186,0.0,0.0,1.5249231,1.3605617,1.5553858,1.6117182,0.026245937,0.16597587,0.0,0.5531789,0.0,0.20307589,0.16286999,1.2848601,0.10723401,0.0,0.33006743,0.0,0.0,1.4935755,1.7315465,0.24089709,0.0,0.0,0.0,0.0,0.0,0.0,0.0,1.157874,0.0,1.7345437,-1.3308169,-1.8460175,1.214695
-1.1336478,-0.88100773,0.61068064,0.27188647,0.0,0.3479959,0.0,0.5612956,0.0,0.17228499,0.7736156,0.0,0.0,0.0,0.061381333,0.0,0.0,0.25369713,0.0,0.0,0.19897822,0.13849476,1.4812021,0.0754098,1.1482967,0.5476919,0.0,0.35891393,0.0,0.5406317,0.33237195,0.0,0.6644438,0.94277763,0.35826206,0.0,0.0,0.19172484,0.32009274,0.44906208,0.2426174,1.1981364,0.8617275,0.0,1.3036239,0.0,1.089237,0.8036902,0.0,0.5240325,0.0,0.69445014,0.0,0.0,0.9220589,0.0,0.11631042,0.0,0.0,0.0,0.0,0.0,0.0,0.0,0.27054277,0.0,0.37503612,0.119955726,0.97442335,-0.020455472
-0.8946364,1.1719398,1.2992746,0.0,0.0,0.4761203,0.10375956,1.092304,0.6510767,1.1555295,0.0,0.0,0.0,0.0,1.1955531,0.0,0.0,0.96554995,0.7667157,0.0,0.0,1.0883186,1.282506,0.0,0.4475745,1.4791707,0.52990866,1.7683637,0.63760006,0.13472134,0.46030903,0.0,0.40419754,0.1610104,0.0,0.0,0.0,1.0147829,1.1147428,0.62275255,0.34609014,1.6598833,1.643124,0.0,0.06648435,0.0,1.4443183,1.4099579,0.037670806,1.3024342,0.0,1.1531073,0.0,0.0,0.0,0.47367865,1.1775293,0.0,0.0,0.0,0.0,0.0,0.0,0.0,0.42195022,0.0,0.0,0.9568465,0.7191987,-1.4328823
-0.37536162,-2.5112517,-0.90294206,0.9916947,0.0,0.34239548,0.0,0.0,0.0,0.0,1.0979362,1.1365982,0.6497935,1.2120433,0.0,1.1008053,0.0,0.0,0.0,0.0,0.94899476,0.0,0.7572767,0.93779874,0.87502956,0.0,0.0,0.0,0.0,1.0123762,0.0,1.1910659,0.9517223,1.3106071,1.625471,0.0,0.0,0.2757315,0.22063072,1.232673,0.93473923,1.1536443,0.49941814,0.0,2.4499233,0.0,1.0550655,0.2691441,1.3551382,0.2982379,0.0,0.5900576,0.0,0.0,2.5086894,0.2549693,0.0,0.0,0.0,0.0,0.0,0.0,0.0,0.0,1.1277136,0.0,1.5739748,-1.2134974,0.26454556,1.7465552
-0.55138403,-0.37222138,0.22147356,0.062452998,0.0,0.44709674,0.013669759,0.20519157,0.0,0.0,0.11552587,0.0,0.0,0.0,0.117449135,0.0,0.0,0.0,0.08038288,0.0,0.13979399,0.24745192,0.92843187,0.0,0.50183547,0.54579717,0.10359469,0.27934825,0.0,0.53063184,0.059191793,0.0,0.6535127,0.61505294,0.21832147,0.0,0.0,0.3240399,0.43414965,0.350817,0.39850736,0.794493,0.57197106,0.0,0.65813506,0.0,0.5844859,0.547562,0.17650099,0.36483094,0.0,0.358346,0.0,0.0,0.5940707,0.06261882,0.050736662,0.0,0.0,0.0,0.0,0.0,0.0,0.0,0.36900783,0.0,0.34710282,-0.09434225,0.37106195,0.04682208
0.87548715,0.9542621,-1.0486773,0.0,1.5244901,0.88431746,1.3134371,0.0,0.0,0.0,0.0,0.16978253,0.0,0.0,0.17994763,0.24814835,0.6591748,0.0,1.5876337,0.0,0.088644326,0.39571974,0.0,0.0,0.0,0.40048236,0.98770404,0.0,0.0,0.5976224,0.0,0.15179272,0.73678696,0.0,0.0,0.0,0.0,1.4400492,1.3085393,1.0501204,1.2228806,0.25079808,0.41601375,0.0,0.11666849,0.0,0.10880363,0.3792819,0.6854597,0.20215732,0.0,0.29848292,0.0,0.0,0.6694991,1.3014194,0.5126581,0.0,0.0,0.0,0.0,0.0,0.0,0.0,0.71398,0.0,1.0514019,-0.6560018,-1.3008164,0.27757168
0.29109967,0.48336214,0.05842887,0.0,0.3596985,0.40980306,0.7812458,0.0,0.0,0.0,0.0,0.0,0.0,0.0,0.39069614,0.0,0.08452211,0.0,1.0174026,0.0,0.0,0.6180403,0.35334867,0.0,0.0,0.78034383,0.3947142,0.46473238,0.13834545,0.38371247,0.0,0.0,0.5027204,0.026297003,0.0,0.0,0.0,0.6984339,0.736677,0.295503,0.73826456,0.66059935,0.65979683,0.0,0.04971926,0.0,0.49474233,0.5697992,0.45282397,0.52786094,0.0,0.5333127,0.0,0.0,0.19132315,0.6344877,0.5565087,0.0,0.0,0.0,0.0,0.0,0.0,0.0,0.29892087,0.0,0.48889667,0.20113932,-0.17388467,-0.26639417
0.3189807,-0.047913905,0.5517053,0.38702908,0.0,0.0,0.6653459,0.0,0.0,0.0,0.0,0.2022539,0.0,0.0,0.32579416,0.17816675,0.0,0.0,0.74170166,0.17240632,0.0,0.693714,0.81402886,0.0,0.27137205,0.892764,0.0,0.48697537,0.3225545,0.2676349,0.0527893,0.0,0.3159479,0.04406303,0.010841243,0.0,0.0,0.21457706,0.33579406,0.0,0.5522995,0.7963721,0.96073294,0.0,0.12608582,0.0,1.0768754,0.7782872,0.3140057,0.7311206,0.0,0.93390137,0.0,0.0,0.29758596,0.31117898,0.59556043,0.0,0.0,0.0,0.0,0.0,0.0,0.0,0.0,0.0,0.38757288,0.8068193,0.581205,-0.4137686
-0.29357415,0.503152,-0.42665893,0.0,0.42480913,0.94013476,0.4049186,0.03187962,0.0,0.0,0.0,0.0,0.0,0.0,0.26422,0.0,0.0,0.0,0.7028247,0.0,0.14475825,0.26831606,0.19323415,0.0,0.0,0.4764351,0.7945529,0.28752682,0.0,0.62348616,0.0,0.0,0.8243408,0.4048798,0.0,0.0,0.0,0.9291722,0.8645953,0.68309295,0.7338214,0.62352234,0.4587412,0.0,0.3139279,0.0,0.03307754,0.39828014,0.5104519,0.18113506,0.0,0.15442543,0.0,0.0,0.48525488,0.62857705,0.2448825,0.0,0.0,0.0,0.0,0.0,0.0,0.0,0.6665455,0.0,0.59457827,-0.55090827,-0.5591508,0.14409626
0.2402948,1.8576679,1.1330633,0.0,0.5528718,0.25894997,1.0299914,0.5265151,1.0587171,0.7081027,0.0,0.0,0.0,0.0,1.3757243,0.0,0.20058773,0.5721874,1.7689948,0.029591173,0.0,1.4783281,0.67385155,0.0,0.0,1.6965942,0.64860046,1.8139545,1.1970053,0.0,0.19027247,0.0,0.1737996,0.0,0.0,0.0,0.0,1.2934939,1.4931498,0.41801396,0.8508947,1.4596382,1.7456138,0.0,0.0,0.0,1.5137787,1.1875056,0.2947927,1.6366601,0.0,1.5271963,0.0,0.0,0.0,1.2378712,1.7313884,0.0,0.0,0.0,0.0,0.0,0.0,0.0,0.31063527,0.0,0.13197899,1.3274214,0.23774166,-1.5661414
1.2964051,-0.6513287,-0.4114383,0.80067575,0.33588088,0.0,1.2139949,0.0,0.0,0.0,0.0,1.1950527,0.24972034,0.0,0.0,1.1537807,0.40475005,0.0,0.9290379,0.27265334,0.13472098,0.32254168,0.09675518,0.0,0.0,0.33765382,0.0,0.0,0.0,0.45719457,0.0,0.7813687,0.3759932,0.0,0.61531025,0.0,0.0,0.37880385,0.2635081,0.2001775,0.84563327,0.24902439,0.7827773,0.0,0.31324172,0.0,1.0329304,0.4835013,1.0686909,0.5912683,0.0,0.8730399,0.0,0.0,1.1791681,0.900988,0.3303976,0.0,0.0,0.0,0.0,0.0,0.0,0.0,0.35628897,0.0,1.1952052,0.24609753,-0.15754847,0.59624976
0.6387107,-1.5754311,-1.4702327,0.641505,0.12982495,0.4700103,0.5894661,0.0,0.0,0.0,0.0,1.3394917,0.6334585,0.92603093,0.0,1.3344986,0.033675864,0.0,0.041042864,0.0,0.79702044,0.0,0.0,0.4570409,0.0,0.0,0.0,0.0,0.0,0.9570912,0.0,1.4241077,0.8957091,0.7039348,1.3282866,0.0,0.0,0.5149569,0.3659875,1.1000807,1.0757898,0.62353575,0.28344446,0.0,1.4331039,0.0,0.5241645,0.115059994,1.6426404,0.21169919,0.0,0.23659478,0.0,0.0,1.9086906,0.8792254,0.0,0.0,0.0,0.0,0.0,0.0,0.0,0.0,1.2483006,0.0,1.5691731,-1.2715558,-0.6271403,1.6686707
-0.0017014656,1.2370095,0.97331184,0.0,0.17115082,0.2703033,0.7298985,0.48050535,0.6170869,0.53108966,0.0,0.0,0.0,0.0,1.0594643,0.0,0.0,0.45261595,1.2882125,0.0,0.0,1.1726226,0.81127334,0.0,0.0,1.4222112,0.45991996,1.4470558,0.8190273,0.0902313,0.19559725,0.0,0.2808124,0.0,0.0,0.0,0.0,0.92001367,1.0705845,0.2834102,0.6547775,1.2797741,1.4415082,0.0,0.0,0.0,1.2557253,1.0790133,0.26928997,1.2824602,0.0,1.2097763,0.0,0.0,0.0,0.79781127,1.2685418,0.0,0.0,0.0,0.0,0.0,0.0,0.0,0.25898147,0.0,0.1159004,1.069846,0.3825827,-1.2136432
-0.023748336,0.8843538,0.6578236,0.0,0.130965,0.34621936,0.64351237,0.31350714,0.3043078,0.29152188,0.0,0.0,0.0,0.0,0.7948872,0.0,0.0,0.24581322,1.075689,0.0,0.0,0.9257939,0.71289766,0.0,0.0,1.1630945,0.4230078,1.0832286,0.5068399,0.21778345,0.08962701,0.0,0.388136,0.0,0.0,0.0,0.0,0.7742717,0.88547933,0.25585544,0.63294137,1.0305222,1.1000036,0.0,0.0,0.0,0.9506363,0.8826872,0.3257545,0.9470821,0.0,0.92303,0.0,0.0,0.0,0.6513589,0.92549443,0.0,0.0,0.0,0.0,0.0,0.0,0.0,0.26992548,0.0,0.23329245,0.7243732,0.2153512,-0.8425585
0.331571,-0.57783407,-0.73242563,0.19444188,0.18828158,0.50470436,0.58892524,0.0,0.0,0.0,0.0,0.58254385,0.13383743,0.24413794,0.0,0.597653,0.0,0.0,0.43816924,0.0,0.37972185,0.0,0.13067877,0.0,0.0,0.09293404,0.18043524,0.0,0.0,0.70191103,0.0,0.50087297,0.74301356,0.4429775,0.6076007,0.0,0.0,0.5513871,0.4400961,0.6300346,0.7766812,0.48639172,0.39019567,0.0,0.6463982,0.0,0.27545184,0.2267179,0.89509,0.18907152,0.0,0.17702177,0.0,0.0,0.9621305,0.61976516,0.0,0.0,0.0,0.0,0.0,0.0,0.0,0.0,0.7788902,0.0,0.95460814,-0.69242615,-0.43266863,0.77780414
-0.013198074,0.9282975,-0.4096117,0.0,0.7853755,0.9307569,0.6903517,0.0,0.027307212,0.0,0.0,0.0,0.0,0.0,0.44209683,0.0,0.1072679,0.0,1.0938547,0.0,0.0075233057,0.46356297,0.008331656,0.0,0.0,0.62891495,0.9335682,0.4630534,0.0,0.5419281,0.0,0.0,0.7523808,0.15824938,0.0,0.0,0.0,1.1740154,1.0319885,0.70857537,0.8791226,0.6330576,0.50185406,0.0,0.14867416,0.0,0.079842314,0.47909504,0.5974689,0.2817344,0.0,0.30681047,0.0,0.0,0.3885661,0.92350864,0.51222885,0.0,0.0,0.0,0.0,0.0,0.0,0.0,0.6344877,0.0,0.6546672,-0.39902353,-0.76414627,-0.02853223
1.0180736,2.1380632,0.66002995,0.0,1.3069961,0.2479413,1.6315864,0.0,1.116062,0.20879349,0.0,0.0,0.0,0.0,1.2903185,0.0,0.72839427,0.1131309,2.345973,0.10713744,0.0,1.5309947,0.07823032,0.0,0.0,1.6103957,0.7937679,1.5337974,1.2944775,0.0,0.0,0.0,0.13548285,0.0,0.0,0.0,0.0,1.5626686,1.8052971,0.4517824,1.2897706,1.0963418,1.4623013,0.0,0.0,0.0,1.3362058,0.861616,0.49174607,1.5634551,0.0,1.5464494,0.0,0.0,0.0,1.7703053,1.8851254,0.0,0.0,0.0,0.0,0.0,0.0,0.0,0.25810167,0.0,0.526891,1.1675798,-0.41891623,-1.3275855
1.0259461,-1.3469762,-1.7834958,0.54729766,0.60504806,0.53278685,0.911381,0.0,0.0,0.0,0.0,1.4901536,0.6856476,0.92115146,0.0,1.4959203,0.328925,0.0,0.3770218,0.0,0.7994583,0.0,0.0,0.35287148,0.0,0.0,0.055108488,0.0,0.0,0.97557855,0.0,1.6168685,0.90500605,0.52537,1.3062325,0.0,0.0,0.76008165,0.6124449,1.2965734,1.293253,0.4607029,0.22378626,0.0,1.3769308,0.0,0.55268806,0.101477936,1.7231836,0.20917444,0.0,0.32576895,0.0,0.0,2.03173,1.2093279,0.0,0.0,0.0,0.0,0.0,0.0,0.0,0.0,1.3211485,0.0,1.7825308,-1.3900441,-0.9979627,1.7739915
1.0348976,-0.1417495,-0.004627768,0.53777903,0.3070543,0.0,1.1423243,0.0,0.0,0.0,0.0,0.7408009,0.0,0.0,0.049393527,0.71235657,0.32500565,0.0,1.0749547,0.2538395,0.0,0.5877835,0.28686053,0.0,0.0,0.6565126,0.0,0.0,0.23587361,0.33402568,0.0,0.25374454,0.3154299,0.0,0.23443422,0.0,0.0,0.308624,0.32931334,0.0,0.7667273,0.3509355,0.924419,0.0,0.07274829,0.0,1.0451741,0.552095,0.6775666,0.6449379,0.0,0.8745128,0.0,0.0,0.64663196,0.726548,0.535697,0.0,0.0,0.0,0.0,0.0,0.0,0.0,0.10893892,0.0,0.81238985,0.62485707,0.094736814,0.05672919
-0.9536423,0.43126172,1.481086,0.0,0.0,0.18538792,0.0,1.0261387,0.2350972,0.91213846,0.16129577,0.0,0.0,0.0,0.93457985,0.0,0.0,0.8619592,0.32300615,0.0,0.0,0.94444966,1.6246438,0.0,0.9370671,1.3664554,0.06826624,1.513193,0.52485114,0.14423281,0.5876749,0.0,0.34327924,0.33938965,0.0,0.0,0.0,0.52373534,0.69851637,0.40458873,0.19960366,1.6730903,1.4891137,0.0,0.4930573,0.0,1.6065515,1.3916961,0.0,1.1599236,0.0,1.1559534,0.0,0.0,0.0,0.077266246,0.9474547,0.0,0.0,0.0,0.0,0.0,0.0,0.0,0.11820614,0.0,0.0,1.0509552,1.2237037,-1.2236879
-1.6762992,-1.0163554,1.2806349,0.38483644,0.0,0.18999277,0.0,1.06728,0.0,0.6492486,1.2733736,0.0,0.0,0.0,0.26597896,0.0,0.0,0.7211075,0.0,0.0,0.07661225,0.27091926,2.0992887,0.07750398,1.7568738,0.7983233,0.0,0.7888546,0.0,0.42945644,0.6934758,0.0,0.5757158,1.0974275,0.23513784,0.0,0.0,0.18834291,0.33003724,0.5209593,0.04539086,1.7479157,1.3279688,0.0,1.6481948,0.0,1.687408,1.252438,0.0,0.8291584,0.0,1.1348383,0.0,0.0,0.90750974,0.0,0.47476718,0.0,0.0,0.0,0.0,0.0,0.0,0.0,0.095046304,0.0,0.19704857,0.6204946,1.5802885,-0.4731893
-1.5737704,-0.38453677,0.8225526,0.0,0.0,0.5781301,0.0,0.9939289,0.0,0.73396444,0.6364366,0.0,0.0,0.0,0.3801067,0.0,0.0,0.669183,0.0,0.0,0.08963846,0.27053553,1.5976028,0.0,1.1515833,0.74458104,0.11226529,0.8154335,0.0,0.50658315,0.4525218,0.0,0.71780455,0.983912,0.02358815,0.0,0.0,0.44323567,0.6221286,0.6656926,0.18416397,1.4784099,1.0652936,0.0,1.114301,0.0,1.152476,0.9904449,0.0,0.6233097,0.0,0.6356367,0.0,0.0,0.58370036,0.0,0.42803952,0.0,0.0,0.0,0.0,0.0,0.0,0.0,0.4161962,0.0,0.12708221,0.16461056,0.9426448,-0.4475953
-1.1235144,-0.57625693,0.87707233,0.19840395,0.0,0.28976694,0.0,0.7087426,0.0,0.38300785,0.66486335,0.0,0.0,0.0,0.288359,0.0,0.0,0.43405196,0.0,0.0,0.041218698,0.34689155,1.5646057,0.0,1.1451365,0.76748693,0.0,0.6711584,0.0,0.43372938,0.4226374,0.0,0.5762017,0.80437446,0.13319793,0.0,0.0,0.25106123,0.3902302,0.38667974,0.17092071,1.3301085,1.0052838,0.0,1.095692,0.0,1.1916062,0.9670507,0.0,0.65688676,0.0,0.8013521,0.0,0.0,0.6331479,0.0,0.37677166,0.0,0.0,0.0,0.0,0.0,0.0,0.0,0.18002336,0.0,0.17563874,0.41110817,1.0772693,-0.3878412
-0.9770886,-0.3128633,0.48452067,0.0,0.0,0.5138376,0.0,0.5517418,0.0,0.29357126,0.29321218,0.0,0.0,0.0,0.2597882,0.0,0.0,0.28778574,0.0,0.0,0.1010741,0.28115848,1.1971376,0.0,0.7475442,0.652506,0.13572972,0.542854,0.0,0.51177824,0.22439621,0.0,0.6771363,0.74956334,0.100333,0.0,0.0,0.38811725,0.5311477,0.48854294,0.30385685,1.0716422,0.7668904,0.0,0.80209976,0.0,0.789292,0.7324483,0.011037573,0.46975595,0.0,0.46040535,0.0,0.0,0.5470211,0.008773692,0.22911012,0.0,0.0,0.0,0.0,0.0,0.0,0.0,0.39088207,0.0,0.22890653,0.019300813,0.610275,-0.21137959
-0.21012717,0.024933623,-0.23593594,0.0,0.053735822,0.65824246,0.34700003,0.0,0.0,0.0,0.0,0.0,0.0,0.0,0.11425924,0.0,0.0,0.0,0.48372325,0.0,0.1645998,0.23700428,0.428499,0.0,0.0,0.4538498,0.42819715,0.1451906,0.0,0.5879506,0.0,0.0,0.7276641,0.4460932,0.14148082,0.0,0.0,0.58701944,0.6046301,0.4805147,0.6060398,0.6022482,0.47397268,0.0,0.33116043,0.0,0.21806616,0.38948515,0.43090814,0.2564143,0.0,0.16996713,0.0,0.0,0.47744682,0.35136384,0.10371025,0.0,0.0,0.0,0.0,0.0,0.0,0.0,0.5309294,0.0,0.5122594,-0.36359036,-0.20030196,0.16814712
0.72211564,1.0210267,0.06514787,0.0,0.8544641,0.37162572,1.1941875,0.0,0.23626807,0.0,0.0,0.0,0.0,0.0,0.6060842,0.0,0.42113334,0.0,1.5536023,0.0,0.0,0.87643003,0.0891771,0.0,0.0,0.9734962,0.5555621,0.66423005,0.4732532,0.27315655,0.0,0.0,0.39656574,0.0,0.0,0.0,0.0,1.0310991,1.1161556,0.41969818,0.9748231,0.6915043,0.8208585,0.0,0.0,0.0,0.68652236,0.5879134,0.5237632,0.7831961,0.0,0.7691807,0.0,0.0,0.16499259,1.0762941,0.93837696,0.0,0.0,0.0,0.0,0.0,0.0,0.0,0.30012846,0.0,0.60902154,0.37750024,-0.4276278,-0.48365325
1.6703699,-1.5526848,-2.97177,0.47753546,1.4269582,0.82402956,1.3322601,0.0,0.0,0.0,0.0,2.0919082,1.082002,1.5422494,0.0,2.122275,0.7930208,0.0,0.60149324,0.0,1.1578482,0.0,0.0,0.6144724,0.0,0.0,0.30746287,0.0,0.0,1.2565463,0.0,2.5124753,1.1380755,0.5174997,1.7416589,0.0,0.0,1.314362,1.1467909,2.2210982,1.9819959,0.33429295,0.0,0.0,1.8631355,0.0,0.5784677,0.0,2.3264914,0.099436566,0.0,0.36414793,0.0,0.0,2.8783555,1.9653236,0.0,0.0,0.0,0.0,0.0,0.0,0.0,0.0,1.9078037,0.0,2.5515473,-2.270857,-1.9587523,2.5943894
1.0226697,0.17882745,-0.07214334,0.3088416,0.53778607,0.061651558,1.2089522,0.0,0.0,0.0,0.0,0.57601607,0.0,0.0,0.168411,0.56573796,0.40228957,0.0,1.246449,0.12977687,0.0,0.64610374,0.1562469,0.0,0.0,0.7071105,0.083881706,0.102334246,0.27606964,0.3323866,0.0,0.13014512,0.3479633,0.0,0.082880355,0.0,0.0,0.48631766,0.5610878,0.11292672,0.84798026,0.38382927,0.8537031,0.0,0.025900032,0.0,0.88556933,0.50205356,0.64113134,0.6429076,0.0,0.7565112,0.0,0.0,0.49494392,0.8537058,0.627193,0.0,0.0,0.0,0.0,0.0,0.0,0.0,0.16681273,0.0,0.76662284,0.5036773,-0.12281902,-0.046936475
0.5144802,-0.3846841,-0.4617527,0.26807663,0.22041626,0.33355632,0.7487346,0.0,0.0,0.0,0.0,0.576682,0.051412135,0.0,0.0,0.5800163,0.08183649,0.0,0.6492133,0.0,0.21708074,0.1908726,0.20139185,0.0,0.0,0.30273125,0.10704552,0.0,0.0,0.5750752,0.0,0.3626163,0.6054153,0.2488489,0.44862473,0.0,0.0,0.45539096,0.3947613,0.36562192,0.7177494,0.42613775,0.556363,0.0,0.4055655,0.0,0.476479,0.36601394,0.77610934,0.36560267,0.0,0.37793005,0.0,0.0,0.7649083,0.6094908,0.09427266,0.0,0.0,0.0,0.0,0.0,0.0,0.0,0.54652023,0.0,0.8601637,-0.2406544,-0.23497625,0.48664242
0.54880416,-0.17828166,-0.25494367,0.24129923,0.23943174,0.2675401,0.8131249,0.0,0.0,0.0,0.0,0.4766769,0.0,0.0,0.0,0.47771847,0.11307342,0.0,0.78557885,0.0,0.096805274,0.35031787,0.26746464,0.0,0.0,0.46796608,0.11237255,0.0,0.0,0.4902288,0.0,0.18679975,0.5293263,0.13633496,0.29103374,0.0,0.0,0.4401095,0.416323,0.25084752,0.7069868,0.41360316,0.63055634,0.0,0.25885317,0.0,0.540786,0.4306008,0.64741075,0.4273852,0.0,0.44464716,0.0,0.0,0.566284,0.59505147,0.22629595,0.0,0.0,0.0,0.0,0.0,0.0,0.0,0.40363482,0.0,0.73396784,0.0022400785,-0.14871381,0.2503372
0.027399797,0.25130603,0.023703655,0.0,0.1341504,0.47834718,0.55151874,0.0,0.0,0.0,0.0,0.0,0.0,0.0,0.29112518,0.0,0.0,0.0,0.74309087,0.0,0.0,0.47389305,0.4678988,0.0,0.0,0.67261493,0.36203122,0.3733305,0.0,0.4534243,0.0,0.0,0.58002335,0.21954674,0.0,0.0,0.0,0.60191244,0.64283884,0.29846594,0.64528894,0.6572052,0.59011984,0.0,0.14611152,0.0,0.39216357,0.5186288,0.40389562,0.43373615,0.0,0.38877982,0.0,0.0,0.25717428,0.4628567,0.38969675,0.0,0.0,0.0,0.0,0.0,0.0,0.0,0.35974428,0.0,0.42710972,0.04431609,-0.105183184,-0.15074319
-0.44271144,1.6020144,0.2311222,0.0,0.6541829,0.9770218,0.53622985,0.5720433,0.6261349,0.74941695,0.0,0.0,0.0,0.0,0.98792934,0.0,0.0,0.4657595,1.2420766,0.0,0.0,0.8404007,0.34885424,0.0,0.0,1.0945318,1.1209748,1.2647141,0.25347215,0.36050016,0.0,0.0,0.6591965,0.058957413,0.0,0.0,0.0,1.5266945,1.4391104,0.8698479,0.75524783,1.1159965,1.1194196,0.0,0.0,0.0,0.549893,0.9091215,0.44332305,0.8127312,0.0,0.69342875,0.0,0.0,0.0,1.0840129,0.99138796,0.0,0.0,0.0,0.0,0.0,0.0,0.0,0.81413484,0.0,0.30626988,0.07510104,-0.5136188,-0.8479675
0.34931284,-0.7322219,-0.15531676,0.53146565,0.0,0.13950619,0.5496704,0.0,0.0,0.0,0.0,0.6253353,0.07299784,0.0,0.0,0.60434216,0.0,0.0,0.36826247,0.0,0.20761785,0.18967244,0.54204696,0.0,0.20089027,0.34893304,0.0,0.0,0.0,0.5329174,0.0,0.31852734,0.53737676,0.35219502,0.54594225,0.0,0.0,0.242741,0.17975129,0.17100185,0.5576907,0.5519216,0.6676,0.0,0.5252801,0.0,0.727791,0.50145316,0.68327725,0.44692576,0.0,0.5247285,0.0,0.0,0.85338855,0.3635493,0.0069314204,0.0,0.0,0.0,0.0,0.0,0.0,0.0,0.39704654,0.0,0.8056677,0.0051737223,0.19229852,0.4271303
-0.80574214,-0.6464452,1.0383598,0.44878516,0.0,0.03921181,0.0,0.5618633,0.0,0.20134541,0.68765306,0.0,0.0,0.0,0.29517108,0.0,0.0,0.33298448,0.0,0.0,0.0,0.47425672,1.6022747,0.0,1.1780251,0.8641658,0.0,0.6759771,0.0,0.33949277,0.44830424,0.0,0.43537855,0.6352637,0.14599122,0.0,0.0,0.14531277,0.24142404,0.169855,0.13008535,1.2985862,1.0590099,0.0,1.0608531,0.0,1.2991204,1.050622,0.0,0.75023055,0.038508695,1.0105692,0.0,0.0,0.6283156,0.0,0.41546616,0.0,0.0,0.0,0.0,0.0,0.0,0.0,0.0,0.0,0.18230611,0.6967554,1.2480987,-0.45678544
1.7862936,1.9970406,-0.32978988,0.0,2.101343,0.39557663,2.1451652,0.0,0.76005375,0.0,0.0,0.15027717,0.0,0.0,0.839116,0.20469865,1.2376894,0.0,2.6765902,0.0,0.0,1.2301826,0.0,0.0,0.0,1.1446495,0.9542281,0.7320111,0.9351819,0.1538122,0.0,0.0,0.26892516,0.0,0.0,0.0,0.0,1.8292246,1.9746388,0.8650947,1.5919886,0.54630625,1.086427,0.0,0.0,0.0,1.0259068,0.6202942,0.60003054,1.15599,0.0,1.168571,0.0,0.0,0.30115247,2.0387294,1.5918086,0.0,0.0,0.0,0.0,0.0,0.0,0.0,0.43166843,0.0,0.9989319,0.48544157,-1.1694683,-0.7117754
-0.9563356,0.15530238,-0.1001226,0.0,0.0,0.9586239,0.0,0.44898087,0.0,0.31762853,0.0,0.0,0.0,0.092354685,0.26216286,0.0,0.0,0.17998639,0.14949659,0.0,0.2047891,0.1581588,0.6820363,0.0,0.17586002,0.48127306,0.64791846,0.42521352,0.0,0.65319914,0.0,0.0,0.8811674,0.7436526,0.0016731098,0.0,0.0,0.7514753,0.8143741,0.76186705,0.47267106,0.83470196,0.57727045,0.0,0.5326267,0.0,0.2659815,0.48330978,0.30187577,0.21303198,0.0,0.062737204,0.0,0.0,0.5167789,0.2870103,0.07909748,0.0,0.0,0.0,0.0,0.0,0.0,0.0,0.750642,0.0,0.3742944,-0.58511573,-0.15423621,0.065360196
-0.09587286,1.2882745,0.47896555,0.0,0.45411575,0.5946451,0.69181955,0.38403165,0.50627303,0.4654946,0.0,0.0,0.0,0.0,0.9154587,0.0,0.006791845,0.3189449,1.2596488,0.0,0.0,0.94390845,0.5031571,0.0,0.0,1.1728942,0.7410708,1.1930816,0.4727732,0.2535339,0.0020785779,0.0,0.4763226,0.0,0.0,0.0,0.0,1.1461701,1.1837382,0.5105301,0.7391374,1.0664738,1.1375184,0.0,0.0,0.0,0.80677533,0.8883498,0.3930475,0.9395894,0.0,0.88519204,0.0,0.0,0.0,0.93550324,1.028526,0.0,0.0,0.0,0.0,0.0,0.0,0.0,0.49512652,0.0,0.29570588,0.49589646,-0.14371745,-0.8788156
-1.2315805,-1.090423,1.3798401,0.66901773,0.0,0.0,0.0,0.82541674,0.0,0.36818835,1.240018,0.0,0.0,0.0,0.24215494,0.0,0.0,0.537508,0.0,0.06280875,0.0,0.39948824,2.0634985,0.0,1.7189167,0.8752945,0.0,0.73190486,0.0,0.33474678,0.6758006,0.0,0.4225002,0.8812492,0.27182263,0.0,0.0,0.0743823,0.13662739,0.24113612,5.4642558e-05,1.6294509,1.3285695,0.0,1.5492933,0.0,1.7470175,1.2901719,0.0,0.866372,0.0,1.354458,0.0,0.0,0.9122874,0.0,0.51873124,0.0,0.0,0.0,0.0,0.0,0.0,0.0,0.0,0.0,0.21695523,0.8873061,1.6900846,-0.49774033
0.36873356,0.12783203,-0.2734801,0.0,0.36660454,0.4489647,0.7618929,0.0,0.0,0.0,0.0,0.21070215,0.0,0.0,0.11339347,0.23332097,0.09531219,0.0,0.8576628,0.0,0.06742382,0.3866597,0.21811914,0.0,0.0,0.5223683,0.3354143,0.07188891,0.0,0.5009121,0.0,0.0,0.5892261,0.14913881,0.12636179,0.0,0.0,0.62609357,0.61648035,0.38744688,0.74941397,0.4649514,0.5590594,0.0,0.16394238,0.0,0.33664623,0.4153189,0.5310066,0.34517506,0.0,0.32227823,0.0,0.0,0.40590364,0.6383276,0.30252296,0.0,0.0,0.0,0.0,0.0,0.0,0.0,0.44288984,0.0,0.6237442,-0.12707876,-0.32829124,0.10790973
-0.51137906,1.1907378,0.48020145,0.0,0.23007046,0.75174356,0.3893343,0.6047908,0.43673602,0.6808276,0.0,0.0,0.0,0.0,0.8966541,0.0,0.0,0.48153463,0.97772574,0.0,0.0,0.8182386,0.6442344,0.0,0.0,1.1041455,0.8068516,1.2182887,0.2719633,0.32573903,0.067232534,0.0,0.5840617,0.14411348,0.0,0.0,0.0,1.1561766,1.1602721,0.65723026,0.5891961,1.1272001,1.1281611,0.0,0.0,0.0,0.7454232,0.92660975,0.34055167,0.85171163,0.0,0.7059463,0.0,0.0,0.0,0.74666953,0.87375253,0.0,0.0,0.0,0.0,0.0,0.0,0.0,0.6289201,0.0,0.19119315,0.2946037,-0.09727676,-0.8544216
1.1110911,0.22019787,-0.33897066,0.21450712,0.7537459,0.17822823,1.2854373,0.0,0.0,0.0,0.0,0.631656,0.0,0.0,0.088728875,0.6329965,0.49819177,0.0,1.3149191,0.006693095,0.0,0.5595413,0.0,0.0,0.0,0.5906703,0.20327376,0.0,0.15146229,0.39764798,0.0,0.26764756,0.41687876,0.0,0.13199267,0.0,0.0,0.6612007,0.6867568,0.3324651,0.94034195,0.2744519,0.69831294,0.0,0.094619036,0.0,0.67042947,0.4126832,0.7413007,0.54519707,0.0,0.61348075,0.0,0.0,0.57618743,1.0034997,0.5357919,0.0,0.0,0.0,0.0,0.0,0.0,0.0,0.34447265,0.0,0.89953285,0.15733626,-0.45551485,0.15960559
0.9241749,0.7677019,-0.1793085,0.0,0.9218317,0.33792174,1.2795918,0.0,0.010915995,0.0,0.0,0.22458678,0.0,0.0,0.39728093,0.24978092,0.50352895,0.0,1.5200343,0.0,0.0,0.74276114,0.0,0.0,0.0,0.8008125,0.47516447,0.35347158,0.32892215,0.33610374,0.0,0.0,0.42207628,0.0,0.0,0.0,0.0,0.92671454,0.98047763,0.4358885,0.9994309,0.48918685,0.7310498,0.0,0.0,0.0,0.62238455,0.4847213,0.60466766,0.6150666,0.0,0.6216262,0.0,0.0,0.3312462,1.0845106,0.7746506,0.0,0.0,0.0,0.0,0.0,0.0,0.0,0.32446924,0.0,0.75450104,0.21100819,-0.53666455,-0.19027388
-0.028427172,-0.25208327,-0.6415079,0.0,0.19268045,0.7136565,0.41776365,0.0,0.0,0.0,0.0,0.18567139,0.0,0.22396433,0.0,0.2247758,0.0,0.0,0.42395025,0.0,0.33570814,0.019722164,0.19532606,0.0,0.0,0.1900832,0.4149444,0.0,0.0,0.705572,0.0,0.16192015,0.81338555,0.5143817,0.39633983,0.0,0.0,0.66690254,0.5854218,0.7055843,0.74081486,0.52792674,0.3429372,0.0,0.53154707,0.0,0.07186933,0.22466847,0.65554214,0.09584497,0.0,0.0070245867,0.0,0.0,0.7325743,0.50183624,0.0,0.0,0.0,0.0,0.0,0.0,0.0,0.0,0.7586697,0.0,0.74326944,-0.7782491,-0.48439968,0.57198876
-0.5776986,0.71886045,0.5736707,0.0,0.0,0.5914956,0.2345558,0.5719902,0.16475031,0.53700376,0.0,0.0,0.0,0.0,0.72425973,0.0,0.0,0.41996452,0.67906094,0.0,0.0,0.7097796,0.85556495,0.0,0.16684544,1.0178968,0.53119516,1.0474079,0.17355046,0.3431993,0.14322548,0.0,0.56052977,0.27629513,0.0,0.0,0.0,0.8248105,0.87776923,0.5001588,0.4693788,1.1029677,1.0161641,0.0,0.15678316,0.0,0.81930107,0.8978267,0.25350595,0.7564025,0.0,0.6365745,0.0,0.0,0.059040394,0.43367422,0.6706428,0.0,0.0,0.0,0.0,0.0,0.0,0.0,0.46500474,0.0,0.15432507,0.33305925,0.22026514,-0.71202755
-1.5501597,0.1740137,1.237454,0.0,0.0,0.508741,0.0,1.2371672,0.0,1.095164,0.40748715,0.0,0.0,0.0,0.7702893,0.0,0.0,0.9692259,0.0,0.0,0.0,0.6208879,1.7017345,0.0,1.1025877,1.1103528,0.21287858,1.342812,0.044619173,0.33247662,0.58700997,0.0,0.57990104,0.7432579,0.0,0.0,0.0,0.6044984,0.71993965,0.6747834,0.11655381,1.7319192,1.3284843,0.0,0.8296311,0.0,1.3907231,1.3031349,0.0,0.887048,0.0,0.81087416,0.0,0.0,0.25352272,0.0,0.7296865,0.0,0.0,0.0,0.0,0.0,0.0,0.0,0.36781248,0.0,0.0,0.5209489,1.1015433,-0.9248422
-0.15819646,-0.891114,-0.62632906,0.2104896,0.0,0.57473147,0.18430972,0.0,0.0,0.0,0.036074013,0.4277482,0.13131154,0.45502734,0.0,0.44248614,0.0,0.0,0.0,0.0,0.4829371,0.0,0.42042434,0.17666543,0.16185677,0.012040973,0.10417558,0.0,0.0,0.7698343,0.0,0.3998108,0.8303161,0.73607343,0.7202726,0.0,0.0,0.4470237,0.38425606,0.74909914,0.673895,0.65307003,0.31378782,0.0,0.93082243,0.0,0.26629692,0.18962544,0.78619003,0.103151634,0.0,0.029442169,0.0,0.0,1.0946116,0.32241434,0.0,0.0,0.0,0.0,0.0,0.0,0.0,0.0,0.83896196,0.0,0.8238842,-0.86723244,-0.22107871,0.84320307
1.1160539,1.0020399,0.5127549,0.08503824,0.73660904,0.0,1.4430978,0.0,0.36015227,0.0,0.0,0.16941124,0.0,0.0,0.7308445,0.16351807,0.5430996,0.0,1.763775,0.3419248,0.0,1.1644496,0.27663913,0.0,0.0,1.238638,0.227694,0.8532351,0.9240193,0.07479474,0.0,0.0,0.13832712,0.0,0.0,0.0,0.0,0.768583,1.0146613,0.084797636,1.0268822,0.757172,1.2202642,0.0,0.0,0.0,1.3592522,0.7035776,0.44491303,1.1381707,0.0,1.2693086,0.0,0.0,0.1586476,1.1358858,1.3325715,0.0,0.0,0.0,0.0,0.0,0.0,0.0,0.0,0.0,0.55643594,1.1475381,0.05560781,-0.7997421
-1.1666808,0.40442434,1.3041303,0.0,0.0,0.3686647,0.0,1.0860392,0.16331801,0.980039,0.17008013,0.0,0.0,0.0,0.8733622,0.0,0.0,0.8832412,0.18937367,0.0,0.0,0.8072213,1.5757654,0.0,0.91265047,1.2464314,0.19589321,1.4312752,0.31303212,0.23425117,0.54648703,0.0,0.459887,0.48603046,0.0,0.0,0.0,0.6137149,0.7468119,0.5403434,0.19049191,1.6512425,1.3879037,0.0,0.5529038,0.0,1.4347048,1.3240099,0.0,1.0214813,0.0,0.9523374,0.0,0.0,0.062194854,0.08416109,0.83636236,0.0,0.0,0.0,0.0,0.0,0.0,0.0,0.2703231,0.0,0.0,0.76496255,1.062313,-1.0927722
0.27445078,-0.498425,0.7065519,0.70559263,0.0,0.0,0.52842,0.0,0.0,0.0,0.16167533,0.39053816,0.0,0.0,0.18296614,0.3403417,0.0,0.0,0.46759218,0.34896302,0.0,0.62395024,1.0530593,0.0,0.5968266,0.845997,0.0,0.35986474,0.27908564,0.26112747,0.1497299,0.0,0.26599833,0.14740397,0.20579678,0.0,0.0,0.054029804,0.082580075,0.0,0.44593823,0.8406883,1.0755495,0.0,0.3527369,0.0,1.3217777,0.8962692,0.23055704,0.6901728,0.0,1.1516899,0.0,0.0,0.6259998,0.15314925,0.5326541,0.0,0.0,0.0,0.0,0.0,0.0,0.0,0.0,0.0,0.46870917,0.89206374,0.9051026,-0.27854103
-0.38863546,0.34769735,0.85914224,0.0,0.0,0.242681,0.26960963,0.4755954,0.01625213,0.33672604,0.0,0.0,0.0,0.0,0.6485665,0.0,0.0,0.34367552,0.5786238,0.0,0.0,0.7763696,1.0931783,0.0,0.45816156,1.0837013,0.14833587,0.99733007,0.33505616,0.25374293,0.25621885,0.0,0.40542847,0.21950579,0.0,0.0,0.0,0.48330092,0.6207729,0.23517595,0.42963085,1.1459943,1.0336993,0.0,0.28748363,0.0,1.0947632,0.9687364,0.13999788,0.8326667,0.0,0.83733445,0.0,0.0,0.095597036,0.24698602,0.67924106,0.0,0.0,0.0,0.0,0.0,0.0,0.0,0.14447752,0.0,0.121513605,0.70207083,0.656251,-0.7541187
0.08895334,0.87815315,-0.082003035,0.0,0.6036123,0.6931795,0.73871005,0.0038168505,0.09136173,0.0,0.0,0.0,0.0,0.0,0.52809,0.0,0.09513195,0.0,1.1255164,0.0,0.0,0.6199368,0.20629144,0.0,0.0,0.7938982,0.7273024,0.61612296,0.07208878,0.42870173,0.0,0.0,0.61198044,0.052850932,0.0,0.0,0.0,1.0233446,0.96559656,0.50139683,0.8355334,0.69572616,0.62859386,0.0,0.051822253,0.0,0.3215234,0.578693,0.5230603,0.4776554,0.0,0.50177705,0.0,0.0,0.24677947,0.8508416,0.63707817,0.0,0.0,0.0,0.0,0.0,0.0,0.0,0.47773907,0.0,0.5487671,-0.019759541,-0.49400723,-0.26137218
-0.63984674,0.047450192,0.16486165,0.0,0.0,0.64152193,0.051140636,0.3287447,0.0,0.15068966,0.0,0.0,0.0,0.0,0.28848845,0.0,0.0,0.10922372,0.2655809,0.0,0.086065724,0.32084495,0.79763126,0.0,0.286855,0.6208105,0.37857938,0.47342914,0.0,0.53005296,0.023419216,0.0,0.704389,0.5629044,0.008351341,0.0,0.0,0.5657579,0.6646688,0.4801586,0.4534077,0.81027997,0.6248579,0.0,0.44982284,0.0,0.4774022,0.57293135,0.23711139,0.37477636,0.0,0.2905601,0.0,0.0,0.42217645,0.2337272,0.19685483,0.0,0.0,0.0,0.0,0.0,0.0,0.0,0.48916024,0.0,0.29639262,-0.15712798,0.10928798,-0.109633885
-0.9040367,1.3596604,1.9482142,0.0,0.0,0.18552229,0.12209672,1.3513777,0.9545367,1.4396883,0.0,0.0,0.0,0.0,1.5050648,0.0,0.0,1.2703431,0.8737423,0.008335918,0.0,1.4297613,1.651228,0.0,0.7260156,1.8614528,0.33471635,2.254421,1.1072085,0.0,0.71801585,0.0,0.18765098,0.0,0.0,0.0,0.0,0.97978336,1.167913,0.5369346,0.280312,2.0732355,2.1058216,0.0,0.0033211634,0.0,2.0379055,1.7854512,0.0,1.7490007,0.0,1.6669128,0.0,0.0,0.0,0.48086417,1.5833257,0.0,0.0,0.0,0.0,0.0,0.0,0.0,0.21420003,0.0,0.0,1.6123155,1.2226408,-1.9142822
-0.62075317,-0.90343297,0.50845104,0.47300768,0.0,0.16619879,0.0,0.22485746,0.0,0.0,0.6086147,0.054218516,0.0,0.0,0.0,0.03021266,0.0,0.0,0.0,0.0,0.16051473,0.20787235,1.2822719,0.0,0.9499422,0.5424125,0.0,0.19510685,0.0,0.49341425,0.21892397,0.0,0.5632676,0.72305036,0.421418,0.0,0.0,0.09677374,0.15914635,0.19468993,0.24193116,1.0013591,0.78327256,0.0,1.0939246,0.0,0.98575586,0.73105425,0.0307201,0.48618817,0.0,0.73316485,0.0,0.0,0.8944984,0.0,0.03328671,0.0,0.0,0.0,0.0,0.0,0.0,0.0,0.14089613,0.0,0.4433595,0.24374536,0.9344622,0.04311032
-0.216491,-0.5328863,0.0053661307,0.22232082,0.0,0.36583573,0.20897436,0.0,0.0,0.0,0.050201952,0.15873148,0.0,0.0,0.0,0.16056818,0.0,0.0,0.17158952,0.0,0.19710284,0.18433908,0.74323726,0.0,0.36005098,0.42640775,0.02175261,0.008885145,0.0,0.556958,0.0,0.0,0.6358952,0.5401319,0.3730384,0.0,0.0,0.25797954,0.29617205,0.26931733,0.45936334,0.66044635,0.5517192,0.0,0.5757264,0.0,0.55311203,0.47434112,0.35266632,0.32969075,0.0,0.3209251,0.0,0.0,0.68094623,0.11863586,0.0,0.0,0.0,0.0,0.0,0.0,0.0,0.0,0.37895855,0.0,0.52607334,-0.12261193,0.27694207,0.24502492
0.3525804,-0.61550844,-1.3966637,0.0,0.5614168,0.8427285,0.61300933,0.0,0.0,0.0,0.0,0.66835326,0.27699444,0.6993369,0.0,0.7137689,0.09653278,0.0,0.42108554,0.0,0.6161311,0.0,0.0,0.16489542,0.0,0.0,0.4593578,0.0,0.0,0.9062963,0.0,0.8278149,0.964605,0.5822539,0.79333603,0.0,0.0,0.9317295,0.7776651,1.2567588,1.109437,0.5070907,0.16387647,0.0,0.9709702,0.0,0.020279083,0.05266492,1.1434594,0.0,0.0,0.0,0.0,0.0,1.3133141,0.94867384,0.0,0.0,0.0,0.0,0.0,0.0,0.0,0.0,1.1911553,0.0,1.2391104,-1.4144177,-1.0322098,1.2102307
0.8637306,0.44068527,-0.77573514,0.0,1.046273,0.59033746,1.1809676,0.0,0.0,0.0,0.0,0.40094545,0.0,0.0,0.04844843,0.4432797,0.4935742,0.0,1.2976054,0.0,0.10175355,0.3685385,0.0,0.0,0.0,0.40063283,0.5918603,0.0,0.0,0.55435544,0.0,0.26243925,0.63643795,0.0,0.112562746,0.0,0.0,1.0265789,0.96293837,0.76163155,1.0669188,0.238852,0.4703,0.0,0.1473817,0.0,0.25912726,0.3420245,0.7228836,0.28985512,0.0,0.3497998,0.0,0.0,0.65202636,1.0997795,0.40199342,0.0,0.0,0.0,0.0,0.0,0.0,0.0,0.6104406,0.0,0.96885985,-0.42786935,-0.9321462,0.33691978
0.76300216,1.5149184,1.6654466,0.082591146,0.23815757,0.0,1.2896702,0.3234437,1.0054208,0.38632295,0.0,0.0,0.0,0.0,1.3793596,0.0,0.30014348,0.44725367,1.869897,0.72535306,0.0,1.7424394,0.9723346,0.0,0.0,1.9312071,0.072477624,1.8671447,1.6668351,0.0,0.356121,0.0,0.0,0.0,0.0,0.0,0.0,0.7929782,1.1537164,0.0,0.91437566,1.5636837,2.0455532,0.0,0.0,0.0,2.2721207,1.2785232,0.1679588,1.8442906,0.0,2.1141808,0.0,0.0,0.0,1.1143696,2.130248,0.0,0.0,0.0,0.0,0.0,0.0,0.0,0.0,0.0,0.03635037,2.1597981,0.91313624,-1.8020269
-0.29839617,0.42138594,-0.29811928,0.0,0.29782197,0.84872067,0.37946963,0.059199125,0.0,0.0,0.0,0.0,0.0,0.0,0.27307585,0.0,0.0,0.0,0.6560021,0.0,0.11760388,0.30133188,0.30059078,0.0,0.0,0.5197644,0.69330317,0.32414585,0.0,0.5908248,0.0,0.0,0.77995616,0.40092528,0.0,0.0,0.0,0.8366176,0.8082266,0.59699595,0.6856007,0.6414714,0.49202386,0.0,0.29809386,0.0,0.12694085,0.42735535,0.46870914,0.23846522,0.0,0.19865775,0.0,0.0,0.44310224,0.5550842,0.2573067,0.0,0.0,0.0,0.0,0.0,0.0,0.0,0.60688245,0.0,0.5326808,-0.4233253,-0.42252898,0.07640333
0.99040866,-0.63444406,-0.9895395,0.41863388,0.5632945,0.33086672,1.027552,0.0,0.0,0.0,0.0,1.0424957,0.3068435,0.18134534,0.0,1.0423404,0.34699196,0.0,0.76435554,0.0,0.3799852,0.0,0.0,0.0,0.0,0.014175057,0.08063157,0.0,0.0,0.6821605,0.0,0.9111474,0.65567166,0.19427232,0.73451287,0.0,0.0,0.64331394,0.51619905,0.6963209,0.9700308,0.2957467,0.4091745,0.0,0.6514248,0.0,0.5175261,0.24814293,1.1926948,0.31695288,0.0,0.41526362,0.0,0.0,1.2826436,0.9719938,0.016783044,0.0,0.0,0.0,0.0,0.0,0.0,0.0,0.80152804,0.0,1.3113447,-0.6463398,-0.6661309,1.0154598
-0.115719944,-1.0122994,-0.82128006,0.22427043,0.0,0.6250583,0.19079193,0.0,0.0,0.0,0.032258123,0.53141934,0.21315497,0.60754305,0.0,0.5487176,0.0,0.0,0.0,0.0,0.5695941,0.0,0.3171478,0.2718944,0.09875582,0.0,0.116968706,0.0,0.0,0.832499,0.0,0.5617683,0.88363004,0.78745645,0.8342387,0.0,0.0,0.49484974,0.4238181,0.88987327,0.77070916,0.66304696,0.2706045,0.0,1.0567034,0.0,0.24412644,0.13503323,0.9469687,0.08495926,0.0,0.0,0.0,0.0,1.2404478,0.4101274,0.0,0.0,0.0,0.0,0.0,0.0,0.0,0.0,0.9700706,0.0,0.9351596,-1.0494939,-0.35403615,1.0220866
0.62448424,-0.54192656,-0.35587803,0.45639378,0.105716996,0.18048233,0.7841761,0.0,0.0,0.0,0.0,0.71643716,0.09720296,0.0,0.0,0.70325345,0.084460676,0.0,0.62286645,0.0,0.19585639,0.21943142,0.28420895,0.0,0.0,0.3259879,0.0,0.0,0.0,0.5371315,0.0,0.43250686,0.53695524,0.21356139,0.51017225,0.0,0.0,0.3386885,0.27492312,0.23034273,0.67146385,0.4325578,0.6365906,0.0,0.42366707,0.0,0.65209186,0.4258962,0.8210758,0.4548803,0.0,0.50453734,0.0,0.0,0.82148236,0.56687665,0.09985688,0.0,0.0,0.0,0.0,0.0,0.0,0.0,0.46844053,0.0,0.8920379,-0.0554313,-0.061709628,0.4814494
-0.37607044,0.900101,1.068325,0.0,0.0,0.28749645,0.39804286,0.65639234,0.42433843,0.64067936,0.0,0.0,0.0,0.0,0.96504545,0.0,0.0,0.5678923,0.896253,0.0,0.0,1.0303748,1.0691932,0.0,0.29847687,1.3412263,0.34327728,1.4001154,0.6297993,0.145269,0.30782455,0.0,0.34090686,0.029034168,0.0,0.0,0.0,0.7582121,0.89645344,0.3238455,0.4694514,1.3490449,1.3695503,0.0,0.018780727,0.0,1.2882752,1.166564,0.15209392,1.1491605,0.0,1.1126546,0.0,0.0,0.0,0.48409104,1.0499123,0.0,0.0,0.0,0.0,0.0,0.0,0.0,0.22601438,0.0,0.004153535,1.0009211,0.6213469,-1.1804448
0.9807472,0.46427917,-0.19243655,0.066660896,0.7661552,0.22985424,1.2490236,0.0,0.0,0.0,0.0,0.4148072,0.0,0.0,0.25522426,0.42487472,0.46510386,0.0,1.3814774,0.0,0.0,0.66377854,0.009509742,0.0,0.0,0.7181038,0.3032764,0.18202436,0.25975886,0.35434952,0.0,0.0347469,0.40579414,0.0,0.0,0.0,0.0,0.7342711,0.80822647,0.32009208,0.93837774,0.3944699,0.733131,0.0,0.0,0.0,0.6425414,0.44522086,0.62690914,0.5797432,0.0,0.5999523,0.0,0.0,0.38638532,1.0006768,0.6676824,0.0,0.0,0.0,0.0,0.0,0.0,0.0,0.29584903,0.0,0.76284903,0.24744919,-0.43553716,-0.07557609
-0.0058039,-0.7892984,-0.6150089,0.22087325,0.0,0.5302915,0.30996048,0.0,0.0,0.0,0.0,0.47013506,0.122205675,0.35794002,0.0,0.48299333,0.0,0.0,0.13674602,0.0,0.43444932,0.0,0.3576755,0.08749643,0.07264184,0.06110418,0.10986099,0.0,0.0,0.73470014,0.0,0.4091565,0.78802586,0.63444173,0.67193556,0.0,0.0,0.45263347,0.37871623,0.6563072,0.6798556,0.5906276,0.35685945,0.0,0.79497385,0.0,0.2929231,0.21617348,0.80229306,0.15150158,0.0,0.087033615,0.0,0.0,1.017043,0.39044714,0.0,0.0,0.0,0.0,0.0,0.0,0.0,0.0,0.7908447,0.0,0.840839,-0.7491634,-0.24684836,0.78228146
-0.19837819,-1.1371461,0.11131666,0.6429778,0.0,0.12177235,0.080651045,0.0,0.0,0.0,0.49952477,0.46798158,0.058471173,0.04217902,0.0,0.43681905,0.0,0.0,0.0,0.0,0.28271914,0.06371343,0.9770107,0.041154504,0.7157341,0.31960055,0.0,0.0,0.0,0.5673927,0.009280607,0.16389029,0.5831903,0.6626787,0.6637462,0.0,0.0,0.08268657,0.05139588,0.21049124,0.34160626,0.7810797,0.6954308,0.0,0.99437356,0.0,0.87251824,0.566736,0.40133607,0.39540178,0.0,0.6424283,0.0,0.0,1.1199164,0.0,0.0,0.0,0.0,0.0,0.0,0.0,0.0,0.0,0.31335264,0.0,0.7500779,0.017092923,0.67277795,0.4317576
0.99520504,1.8907249,-0.52278566,0.0,1.8374274,0.82362294,1.5927734,0.0,0.62188363,0.0,0.0,0.0,0.0,0.0,0.77042305,0.0,0.8481975,0.0,2.1819263,0.0,0.0,0.9262104,0.0,0.0,0.0,0.935043,1.2114999,0.7029463,0.44810218,0.3454837,0.0,0.0,0.5425871,0.0,0.0,0.0,0.0,1.8809915,1.8487431,1.008776,1.4094138,0.58490264,0.7973835,0.0,0.0,0.0,0.49516034,0.5977337,0.60108626,0.77182376,0.0,0.8089276,0.0,0.0,0.34729093,1.7522404,1.2275981,0.0,0.0,0.0,0.0,0.0,0.0,0.0,0.64182055,0.0,0.88952047,-0.046218105,-1.3061213,-0.4849915
-0.34700066,-0.572945,-0.27752572,0.073501185,0.0,0.56532794,0.11970541,0.0,0.0,0.0,0.0045562983,0.120569795,0.0,0.19543335,0.0,0.13962017,0.0,0.0,0.074555874,0.0,0.32419398,0.015523016,0.6072703,0.0037443042,0.25760418,0.25707388,0.16746286,0.0,0.0,0.66770256,0.0,0.017071411,0.76673853,0.6726962,0.45762366,0.0,0.0,0.41143313,0.4062994,0.5284525,0.5549786,0.64939445,0.38712096,0.0,0.6547718,0.0,0.2950849,0.32167378,0.4539225,0.15371718,0.0,0.06621316,0.0,0.0,0.7716197,0.18202923,0.0,0.0,0.0,0.0,0.0,0.0,0.0,0.0,0.60442305,0.0,0.584145,-0.54128057,-0.030949429,0.454341
0.42994085,-0.34487122,-0.22994916,0.30026022,0.07610451,0.25815696,0.6943282,0.0,0.0,0.0,0.0,0.48510656,0.0,0.0,0.0,0.48203874,0.011838049,0.0,0.6277897,0.0,0.14090791,0.28584218,0.36281472,0.0,0.0,0.4235202,0.04592061,0.0,0.0,0.5138316,0.0,0.20476632,0.5490403,0.23064122,0.3659389,0.0,0.0,0.34703758,0.3155598,0.20094118,0.63588476,0.47072074,0.6399754,0.0,0.33648968,0.0,0.5651664,0.4387215,0.64665073,0.42224014,0.0,0.43253073,0.0,0.0,0.6070984,0.4774239,0.14205739,0.0,0.0,0.0,0.0,0.0,0.0,0.0,0.41635785,0.0,0.7171651,-0.0076951142,-0.01589498,0.2945131
0.038600877,0.6665966,0.29387182,0.0,0.23484904,0.45029545,0.6461135,0.11072445,0.06439999,0.045795858,0.0,0.0,0.0,0.0,0.56825745,0.0,0.0,0.018558204,0.9841258,0.0,0.0,0.71574837,0.5223028,0.0,0.0,0.92427295,0.45624268,0.74358,0.23614788,0.33678508,0.0,0.0,0.4923178,0.05174145,0.0,0.0,0.0,0.7309159,0.78718656,0.26534724,0.68662536,0.8066179,0.78948677,0.0,0.04060203,0.0,0.62940717,0.6795671,0.409329,0.64464724,0.0,0.664034,0.0,0.0,0.11068079,0.6256784,0.6648548,0.0,0.0,0.0,0.0,0.0,0.0,0.0,0.31204715,0.0,0.39309385,0.36017585,-0.041610956,-0.4643197
-0.2245039,0.2565285,1.2852846,0.25656727,0.0,0.0,0.34768653,0.5004005,0.083859235,0.32035485,0.005050242,0.0,0.0,0.0,0.7471478,0.0,0.0,0.4085668,0.62243897,0.24455768,0.0,0.97978175,1.349503,0.0,0.69748116,1.2945483,0.0,1.1777592,0.65530616,0.103532046,0.4140846,0.0,0.21402717,0.07395108,0.0,0.0,0.0,0.31252888,0.46547383,0.0039929748,0.3958092,1.3304093,1.3455167,0.0,0.25799376,0.0,1.6103648,1.2315999,0.0139219165,1.0673258,0.0,1.3177911,0.0,0.0,0.113122724,0.16331168,0.9524663,0.0,0.0,0.0,0.0,0.0,0.0,0.0,0.0,0.0,0.04698524,1.2949177,1.1407351,-1.0567212
1.0582836,1.1498663,-0.72116977,0.0,1.524891,0.6832626,1.4721469,0.0,0.09966764,0.0,0.0,0.15801848,0.0,0.0,0.3699801,0.22191685,0.74315673,0.0,1.8006325,0.0,0.0,0.64121723,0.0,0.0,0.0,0.64006114,0.8895585,0.19785246,0.13971725,0.45309284,0.0,0.0,0.5797676,0.0,0.0,0.0,0.0,1.4278177,1.3589278,0.8652191,1.2403879,0.3528291,0.5945064,0.0,0.0,0.0,0.37247148,0.45802876,0.6383947,0.44976753,0.0,0.4898705,0.0,0.0,0.5100638,1.3933498,0.78254634,0.0,0.0,0.0,0.0,0.0,0.0,0.0,0.5692957,0.0,0.9585682,-0.24822092,-1.1349852,-0.033347987
0.561025,-0.6702918,-1.008866,0.24099343,0.38353106,0.5235454,0.73032606,0.0,0.0,0.0,0.0,0.7947146,0.25259885,0.37122798,0.0,0.81047934,0.12701194,0.0,0.50903755,0.0,0.4601332,0.0,0.0,0.0,0.0,0.0,0.19270295,0.0,0.0,0.75819206,0.0,0.76227564,0.77532,0.41418773,0.7362679,0.0,0.0,0.6749774,0.5295112,0.8124302,0.90629995,0.43553987,0.33111638,0.0,0.77255195,0.0,0.28341067,0.16025862,1.084976,0.16589963,0.0,0.20643711,0.0,0.0,1.1928593,0.8307105,0.0,0.0,0.0,0.0,0.0,0.0,0.0,0.0,0.91035926,0.0,1.1636856,-0.89107764,-0.6630414,1.0071857
0.6195927,0.21910933,-0.38574693,0.0,0.5868127,0.4239048,0.9549964,0.0,0.0,0.0,0.0,0.32975808,0.0,0.0,0.10025011,0.35232863,0.25935435,0.0,1.0446849,0.0,0.049127437,0.4219054,0.051800728,0.0,0.0,0.5154505,0.36417848,0.0061383396,0.0,0.489243,0.0,0.08981429,0.56305766,0.028790474,0.11922836,0.0,0.0,0.71610785,0.6966646,0.45168155,0.84703994,0.35156703,0.5397691,0.0,0.11483382,0.0,0.33633628,0.38842016,0.6180546,0.34721416,0.0,0.36363652,0.0,0.0,0.46068758,0.8152492,0.36332715,0.0,0.0,0.0,0.0,0.0,0.0,0.0,0.457843,0.0,0.7353919,-0.14959908,-0.5135538,0.16939044
0.3405419,1.534882,-0.594091,0.0,1.4035258,1.0508941,1.0721899,0.0,0.3640096,0.0,0.0,0.0,0.0,0.0,0.62585676,0.0,0.4511177,0.0,1.6240445,0.0,0.0,0.6378139,0.0,0.0,0.0,0.73464596,1.2409726,0.59641767,0.027917251,0.4972076,0.0,0.0,0.73360103,0.0,0.0,0.0,0.0,1.6890553,1.5243564,0.97444755,1.1742028,0.5743634,0.56938845,0.0,0.0,0.0,0.11274466,0.5545387,0.61824894,0.4288534,0.0,0.48888332,0.0,0.0,0.39769533,1.3945842,0.83515465,0.0,0.0,0.0,0.0,0.0,0.0,0.0,0.749673,0.0,0.7859071,-0.39920965,-1.2410759,-0.2162888
1.2001874,-1.8917961,-1.7464865,0.97327644,0.3187579,0.27340257,0.90381366,0.0,0.0,0.0,0.0,1.8720913,0.8746728,0.9916335,0.0,1.8449007,0.28670162,0.0,0.1687024,0.0,0.8728166,0.0,0.0,0.48939264,0.0,0.0,0.0,0.0,0.0,0.9782636,0.0,1.9244345,0.83574563,0.57215035,1.5908929,0.0,0.0,0.567387,0.3779677,1.199896,1.2532394,0.5153286,0.33631456,0.0,1.5554926,0.0,0.8314102,0.17383589,1.9886073,0.34985745,0.0,0.51485395,0.0,0.0,2.359109,1.1735594,0.0,0.0,0.0,0.0,0.0,0.0,0.0,0.0,1.314069,0.0,1.9882638,-1.2563827,-0.76707816,1.9840991
-1.3380742,-0.20549339,0.49384248,0.0,0.0,0.7026915,0.0,0.78777564,0.0,0.5698414,0.32255262,0.0,0.0,0.0,0.33130875,0.0,0.0,0.4841754,0.0,0.0,0.13100025,0.23044023,1.2708967,0.0,0.8059412,0.6488245,0.2915342,0.6669018,0.0,0.5573586,0.2729754,0.0,0.7715843,0.89411867,0.023525514,0.0,0.0,0.54340416,0.68350273,0.68390477,0.28508377,1.2325958,0.87393045,0.0,0.86700404,0.0,0.8292286,0.81012416,0.0,0.47680193,0.0,0.41012126,0.0,0.0,0.5538995,0.02861055,0.28084865,0.0,0.0,0.0,0.0,0.0,0.0,0.0,0.53035355,0.0,0.21318635,-0.09847432,0.58315563,-0.28683454
0.38729158,0.09669336,0.5587565,0.33197245,0.0,0.0,0.74414957,0.0,0.0,0.0,0.0,0.17089224,0.0,0.0,0.38828975,0.15029812,0.0,0.0,0.8599067,0.18027478,0.0,0.75427663,0.7592904,0.0,0.18324472,0.9424654,0.0,0.5522364,0.39604032,0.24375121,0.037421405,0.0,0.29820627,0.0,0.0,0.0,0.0,0.24186699,0.37902266,0.0,0.58306926,0.8058542,0.9869684,0.0,0.058513515,0.0,1.0980065,0.7739686,0.33635715,0.7752053,0.0,0.9638058,0.0,0.0,0.22694214,0.366867,0.67244774,0.0,0.0,0.0,0.0,0.0,0.0,0.0,0.0,0.0,0.38292614,0.8582512,0.5475756,-0.47598964
0.39299107,0.2808721,-0.95899457,0.0,0.8701178,0.85342634,0.8321857,0.0,0.0,0.0,0.0,0.20351093,0.0,0.117625415,0.0,0.2659046,0.2507441,0.0,0.9485787,0.0,0.27118894,0.12954089,0.0,0.0,0.0,0.21479505,0.7248801,0.0,0.0,0.6968474,0.0,0.2287363,0.8209053,0.2428608,0.21777931,0.0,0.0,1.0607619,0.9290876,0.9396465,0.9956262,0.3732884,0.34444764,0.0,0.38292265,0.0,0.0007000342,0.25677273,0.72210455,0.094759904,0.0,0.09935619,0.0,0.0,0.74651915,0.9192555,0.14584035,0.0,0.0,0.0,0.0,0.0,0.0,0.0,0.7991788,0.0,0.94246113,-0.86110514,-0.9609102,0.54318523
0.49094433,0.5629597,0.56162405,0.09431057,0.19324477,0.07192993,0.920148,0.0,0.08475551,0.0,0.0,0.0,0.0,0.0,0.58959246,0.0,0.12289791,0.0,1.1769748,0.12878495,0.0,0.9130511,0.6016179,0.0,0.0,1.0804493,0.14918119,0.77145463,0.5711191,0.19115686,0.0,0.0,0.27869514,0.0,0.0,0.0,0.0,0.49418592,0.6707956,0.0,0.7208153,0.8387913,0.99208444,0.0,0.0,0.0,1.0548077,0.73065925,0.3672622,0.8951142,0.0,0.9687685,0.0,0.0,0.06499545,0.6054118,0.8763785,0.0,0.0,0.0,0.0,0.0,0.0,0.0,0.0020789877,0.0,0.39102027,0.89726037,0.31585145,-0.6574742
-0.08451783,0.09594058,0.5110035,0.10237102,0.0,0.21957882,0.42709166,0.13016692,0.0,0.0,0.0,0.0,0.0,0.0,0.39848632,0.0,0.0,0.0036319792,0.60062855,0.0,0.0,0.62096316,0.8567442,0.0,0.2957035,0.8688766,0.08731003,0.60701764,0.16669983,0.33253375,0.08459565,0.0,0.43951285,0.21034445,0.0,0.0,0.0,0.3751966,0.5164882,0.07198157,0.51496994,0.86075443,0.7770876,0.0,0.26592338,0.0,0.81712013,0.72509015,0.24216405,0.6489757,0.0,0.6827362,0.0,0.0,0.22648293,0.26948524,0.49173406,0.0,0.0,0.0,0.0,0.0,0.0,0.0,0.12733462,0.0,0.2741,0.5160589,0.42732543,-0.42070925
0.9254976,-0.24193706,-1.1211923,0.09610977,0.8547363,0.5471919,1.0768113,0.0,0.0,0.0,0.0,0.8135761,0.20066535,0.17858335,0.0,0.84001,0.42438072,0.0,0.9464302,0.0,0.35446444,0.03408143,0.0,0.0,0.0,0.04583943,0.36887828,0.0,0.0,0.7030918,0.0,0.76173174,0.7255353,0.15348361,0.5585847,0.0,0.0,0.9077364,0.7879832,0.93293905,1.104783,0.24065205,0.32095462,0.0,0.51323986,0.0,0.2826748,0.2083466,1.0643971,0.20067263,0.0,0.29042038,0.0,0.0,1.1349277,1.1034116,0.093475714,0.0,0.0,0.0,0.0,0.0,0.0,0.0,0.87351704,0.0,1.2659032,-0.84587467,-0.99538195,0.91955096
0.4962593,-1.1322984,-1.1688509,0.42951497,0.16880982,0.50235194,0.58589935,0.0,0.0,0.0,0.0,1.0016316,0.415643,0.6433953,0.0,1.0071017,0.015148416,0.0,0.21385086,0.0,0.62177813,0.0,0.0,0.23851484,0.0,0.0,0.038245678,0.0,0.0,0.85280997,0.0,1.0234995,0.8385163,0.59646285,1.0143967,0.0,0.0,0.5352168,0.39898533,0.9007575,0.9370372,0.56458133,0.31058753,0.0,1.1114237,0.0,0.38501224,0.13226013,1.3224716,0.18277198,0.0,0.18438488,0.0,0.0,1.4911478,0.77294004,0.0,0.0,0.0,0.0,0.0,0.0,0.0,0.0,1.0589468,0.0,1.2912194,-1.0527794,-0.55971897,1.2952088
-0.3015907,-0.8356219,-0.39272043,0.20754397,0.0,0.52942854,0.093728036,0.0,0.0,0.0,0.1274702,0.2914044,0.0460594,0.33487666,0.0,0.30262488,0.0,0.0,0.0,0.0,0.4119228,0.0,0.5945717,0.12484372,0.30942765,0.13188326,0.06734811,0.0,0.0,0.7160729,0.0,0.20995237,0.78920716,0.74183804,0.6259486,0.0,0.0,0.36367893,0.33907613,0.606236,0.5765436,0.6923512,0.377956,0.0,0.8961826,0.0,0.35691985,0.2786191,0.5943265,0.14680497,0.0,0.10617391,0.0,0.0,0.99275196,0.17995493,0.0,0.0,0.0,0.0,0.0,0.0,0.0,0.0,0.6908216,0.0,0.70458204,-0.65422773,0.003937125,0.6570424
0.5471626,-1.2227639,-0.5881768,0.74370766,0.0,0.13924226,0.5834664,0.0,0.0,0.0,0.0838328,1.0323712,0.33971867,0.25560838,0.0,1.0031464,0.0,0.0,0.19782409,0.0,0.4300723,0.0,0.347036,0.067635536,0.14046106,0.015258253,0.0,0.0,0.0,0.6726554,0.0,0.8232474,0.624098,0.47271806,0.92009735,0.0,0.0,0.29350606,0.1340869,0.4535703,0.66642183,0.5533428,0.55768764,0.0,0.9034012,0.0,0.7046832,0.3538233,1.0836014,0.3650025,0.0,0.5028746,0.0,0.0,1.3605543,0.524593,0.0,0.0,0.0,0.0,0.0,0.0,0.0,0.0,0.6850662,0.0,1.1777456,-0.41589507,-0.024623737,0.95613116
-0.5528405,0.574135,0.35617745,0.0,0.0,0.6549425,0.22442263,0.4548599,0.011935234,0.3913009,0.0,0.0,0.0,0.0,0.58308506,0.0,0.0,0.2858375,0.6094062,0.0,0.0,0.57716006,0.74914724,0.0,0.10783953,0.8699572,0.54680496,0.8392558,0.0025207102,0.4173681,0.058646247,0.0,0.62579215,0.3468885,0.0,0.0,0.0,0.7828015,0.8144732,0.49915814,0.48856485,0.9534005,0.8290562,0.0,0.21165317,0.0,0.6245777,0.75312245,0.3063099,0.5789845,0.0,0.45453835,0.0,0.0,0.18280841,0.4030866,0.49858096,0.0,0.0,0.0,0.0,0.0,0.0,0.0,0.50333595,0.0,0.2463038,0.09309655,0.07174899,-0.45124388
-0.5979144,0.64934325,-0.49387345,0.0,0.43362817,1.1563501,0.23481269,0.21826698,0.0,0.19982144,0.0,0.0,0.0,0.0739173,0.32300863,0.0,0.0,0.0,0.61704344,0.0,0.1846385,0.20786303,0.19125202,0.0,0.0,0.44986767,0.9900662,0.37522644,0.0,0.68083,0.0,0.0,0.93078816,0.52840596,0.0,0.0,0.0,1.0763997,0.9920127,0.86641014,0.70793355,0.7159977,0.48575336,0.0,0.40755856,0.0,0.0,0.40854478,0.523438,0.10310551,0.0,0.053466376,0.0,0.0,0.53224653,0.6397289,0.19034825,0.0,0.0,0.0,0.0,0.0,0.0,0.0,0.85126805,0.0,0.5757715,-0.7738578,-0.6518738,0.17349777
-2.5378628,-0.20124514,0.9427657,0.0,0.0,1.0004449,0.0,1.6332306,0.0,1.4535227,0.82230186,0.0,0.0,0.10073951,0.55853164,0.0,0.0,1.2023859,0.0,0.0,0.15776446,0.1481986,1.8853009,0.15260345,1.4132582,0.7556969,0.42943692,1.1515791,0.0,0.60679185,0.62771374,0.0,0.93536955,1.3762105,0.0,0.0,0.0,0.79104394,0.95007414,1.2175815,0.17217126,1.9731476,1.3547742,0.0,1.4193957,0.0,1.3756844,1.2354617,0.0,0.6832299,0.0,0.54213876,0.0,0.0,0.6760655,0.0,0.53217214,0.0,0.0,0.0,0.0,0.0,0.0,0.0,0.7746054,0.0,0.0996042,-0.14117569,0.98374313,-0.58629847
2.347182,-1.6041946,-3.0609477,0.7749304,1.7140975,0.5529635,1.7794958,0.0,0.0,0.0,0.0,2.5469184,1.2239242,1.3566926,0.0,2.5532615,1.1342136,0.0,0.9422777,0.0,1.0956821,0.0,0.0,0.45138216,0.0,0.0,0.12814766,0.0,0.0,1.1818061,0.0,2.8516033,0.98845863,0.2234948,1.8251094,0.0,0.0,1.315658,1.135891,2.0857716,2.0697997,0.13172159,0.06658392,0.0,1.7739074,0.0,0.94414455,0.067505896,2.5199168,0.29969138,0.0,0.71678275,0.0,0.0,3.112153,2.242214,0.0,0.0,0.0,0.0,0.0,0.0,0.0,0.0,1.7968223,0.0,2.8509436,-1.983763,-2.0074193,2.6953874
-1.0391304,1.3307577,0.9052909,0.0,0.0,0.80069256,0.053435713,1.0812706,0.6356808,1.1997933,0.0,0.0,0.0,0.0,1.1369644,0.0,0.0,0.9224241,0.77178174,0.0,0.0,0.9232242,1.0225552,0.0,0.18707867,1.30509,0.8366639,1.6379712,0.36529267,0.26679242,0.3088969,0.0,0.5806605,0.27314833,0.0,0.0,0.0,1.2429602,1.2593651,0.8333202,0.38624972,1.5101869,1.4766802,0.0,0.02153007,0.0,1.0742452,1.2404945,0.1629616,1.0949941,0.0,0.84361374,0.0,0.0,0.0,0.5837332,1.0235789,0.0,0.0,0.0,0.0,0.0,0.0,0.0,0.7034765,0.0,0.0,0.48353004,0.27305746,-1.2279
0.3221742,-0.300684,-0.682941,0.04090434,0.32523414,0.5641852,0.6443169,0.0,0.0,0.0,0.0,0.43210864,0.03724131,0.13115981,0.0,0.45755133,0.039672032,0.0,0.588302,0.0,0.30639035,0.07037997,0.087089,0.0,0.0,0.19208139,0.3081813,0.0,0.0,0.6670532,0.0,0.34563953,0.733828,0.36664945,0.4498515,0.0,0.0,0.64008826,0.5498954,0.64017296,0.8052442,0.44422784,0.3993449,0.0,0.47998774,0.0,0.19312623,0.24631022,0.7830844,0.18639202,0.0,0.15702829,0.0,0.0,0.79066,0.6682523,0.006721694,0.0,0.0,0.0,0.0,0.0,0.0,0.0,0.73065144,0.0,0.87611866,-0.6536809,-0.5247565,0.628194
0.92226964,0.72186035,-0.74538547,0.0,1.2236202,0.63082737,1.2836283,0.0,0.0,0.0,0.0,0.29233995,0.0,0.0,0.18003349,0.34351113,0.5818398,0.0,1.4869621,0.0,0.023828235,0.4761419,0.0,0.0,0.0,0.49810052,0.71118677,0.0,0.0,0.51443636,0.0,0.14157887,0.615904,0.0,0.0,0.0,0.0,1.163418,1.100724,0.777564,1.1122,0.2614409,0.49826813,0.0,0.06646605,0.0,0.26606202,0.39050525,0.66460216,0.3131491,0.0,0.38061428,0.0,0.0,0.5705565,1.1811261,0.5413067,0.0,0.0,0.0,0.0,0.0,0.0,0.0,0.5705095,0.0,0.9408505,-0.35370988,-1.0047759,0.18267027
0.52694756,1.2337819,0.014252237,0.0,0.937474,0.54968715,1.1124159,0.0,0.35183135,0.0,0.0,0.0,0.0,0.0,0.69371796,0.0,0.37976646,0.0,1.5649365,0.0,0.0,0.86810946,0.049340278,0.0,0.0,0.98456514,0.7479791,0.7760062,0.4174282,0.30328423,0.0,0.0,0.46977857,0.0,0.0,0.0,0.0,1.2118305,1.2404649,0.5236988,1.0109947,0.7253751,0.8087491,0.0,0.0,0.0,0.5689896,0.6092819,0.54594314,0.75912386,0.0,0.76223665,0.0,0.0,0.17260301,1.1786816,0.9799125,0.0,0.0,0.0,0.0,0.0,0.0,0.0,0.41461095,0.0,0.6060046,0.26072037,-0.5898113,-0.5078366
1.3454841,-0.66318154,-0.80799186,0.6685631,0.5795436,0.06488016,1.2554379,0.0,0.0,0.0,0.0,1.2636486,0.3377767,0.0,0.0,1.239536,0.48943698,0.0,0.9447814,0.06142518,0.26803815,0.15348426,0.0,0.0,0.0,0.13628623,0.0,0.0,0.0,0.57267416,0.0,0.9864349,0.49881285,0.0,0.7224845,0.0,0.0,0.53702843,0.41736552,0.4633763,0.94855964,0.21082357,0.5940058,0.0,0.48907292,0.0,0.8298065,0.37403616,1.235926,0.5169829,0.0,0.70631033,0.0,0.0,1.3181324,1.0416422,0.17275774,0.0,0.0,0.0,0.0,0.0,0.0,0.0,0.59778,0.0,1.3770272,-0.19608358,-0.48747778,0.88124627
-1.8035551,0.07386534,1.6505333,0.0,0.0,0.369916,0.0,1.4983579,0.041051984,1.3311019,0.7047349,0.0,0.0,0.0,0.8843808,0.0,0.0,1.2160726,0.0,0.0,0.0,0.7170079,2.0654974,0.0,1.4621713,1.2687998,0.04198274,1.5850328,0.17855856,0.2524633,0.79915357,0.0,0.5033737,0.80376315,0.0,0.0,0.0,0.51337236,0.68521464,0.6705811,0.0024768412,2.0477486,1.6060705,0.0,1.0558602,0.0,1.7986809,1.5407778,0.0,1.101217,0.0,1.1102482,0.0,0.0,0.23598887,0.0,0.9350634,0.0,0.0,0.0,0.0,0.0,0.0,0.0,0.2415911,0.0,0.0,0.85855496,1.5145348,-1.1540502
0.63653594,0.11645779,-0.5092718,0.0,0.6028242,0.45262033,0.9464891,0.0,0.0,0.0,0.0,0.40235472,0.0,0.0,0.01085861,0.4257737,0.26411742,0.0,0.99525267,0.0,0.11093366,0.34142134,0.0,0.0,0.0,0.42620385,0.36133158,0.0,0.0,0.5324792,0.0,0.20042588,0.5989839,0.07272215,0.20446444,0.0,0.0,0.7251268,0.6874604,0.5331022,0.8773993,0.3203363,0.5041826,0.0,0.18900959,0.0,0.30479026,0.33379722,0.6877079,0.3195778,0.0,0.32287318,0.0,0.0,0.5721849,0.8468055,0.28616747,0.0,0.0,0.0,0.0,0.0,0.0,0.0,0.53542817,0.0,0.81895816,-0.29034108,-0.58692133,0.31820393
-0.3623076,-0.99448353,-0.25135773,0.33506438,0.0,0.43339214,0.012668639,0.0,0.0,0.0,0.30730504,0.32275,0.058054358,0.30968344,0.0,0.32221612,0.0,0.0,0.0,0.0,0.40487647,0.0,0.74710685,0.15703267,0.4868235,0.15519542,0.0,0.0,0.0,0.6940864,0.0,0.1952161,0.7537497,0.7816897,0.67086333,0.0,0.0,0.26858076,0.25690046,0.53542566,0.5152588,0.75704426,0.45438167,0.0,1.0397111,0.0,0.52385855,0.34748137,0.53873503,0.2042523,0.0,0.24679013,0.0,0.0,1.0915226,0.07092458,0.0,0.0,0.0,0.0,0.0,0.0,0.0,0.0,0.60675156,0.0,0.71333385,-0.5171902,0.23542695,0.63682747
-1.3280325,0.63156694,0.56966865,0.0,0.0,0.9048318,0.0,0.9878051,0.09337798,0.96410894,0.0,0.0,0.0,0.0,0.7274337,0.0,0.0,0.73520386,0.21947876,0.0,0.0,0.5053844,1.0812671,0.0,0.4294648,0.9145169,0.70022154,1.1341367,0.0,0.4687566,0.2530284,0.0,0.75892663,0.6605886,0.0,0.0,0.0,0.9672336,0.96899474,0.85514146,0.3163819,1.353788,1.0592375,0.0,0.41390985,0.0,0.8042296,0.99481845,0.14377461,0.63955396,0.0,0.39891276,0.0,0.0,0.20098129,0.30936903,0.5407858,0.0,0.0,0.0,0.0,0.0,0.0,0.0,0.71678483,0.0,0.0947473,-0.03925059,0.2746523,-0.66726243
0.17381525,-0.23627815,0.16998942,0.28215954,0.0,0.18939419,0.53517437,0.0,0.0,0.0,0.0,0.23816614,0.0,0.0,0.117926404,0.23009565,0.0,0.0,0.5527308,0.0,0.018145122,0.43495673,0.6600128,0.0,0.1908596,0.631254,0.0,0.18840379,0.0,0.4224267,0.0,0.0,0.48173767,0.24217646,0.19680668,0.0,0.0,0.28506342,0.33051342,0.05490738,0.53371906,0.6400645,0.6995581,0.0,0.29457945,0.0,0.7065297,0.5777517,0.4058761,0.51760894,0.0,0.5246873,0.0,0.0,0.42408118,0.29712397,0.26183635,0.0,0.0,0.0,0.0,0.0,0.0,0.0,0.21973982,0.0,0.4732355,0.2933861,0.28580132,-0.047836803
-0.039844435,-0.7916055,-0.55592865,0.23111334,0.0,0.5130019,0.2848314,0.0,0.0,0.0,0.0,0.44532835,0.10604626,0.33158362,0.0,0.4564792,0.0,0.0,0.117493,0.0,0.41953847,0.0,0.40571874,0.07978305,0.11744017,0.08723539,0.091199666,0.0,0.0,0.7219974,0.0,0.36965,0.7767277,0.6389817,0.65674204,0.0,0.0,0.42766616,0.36238697,0.61993563,0.65658015,0.60330445,0.37038136,0.0,0.78967464,0.0,0.32175773,0.24127343,0.7618929,0.16338322,0.0,0.10338084,0.0,0.0,1.0006646,0.35475814,0.0,0.0,0.0,0.0,0.0,0.0,0.0,0.0,0.7548403,0.0,0.813669,-0.6963595,-0.18799235,0.7424101
-0.14603634,0.14863817,-0.075361244,0.0,0.060883716,0.5793572,0.41392374,0.0,0.0,0.0,0.0,0.0,0.0,0.0,0.22119921,0.0,0.0,0.0,0.5896954,0.0,0.073045865,0.3592492,0.4799373,0.0,0.0,0.57616574,0.40217537,0.2927501,0.0,0.5189796,0.0,0.0,0.6579718,0.34999657,0.040143944,0.0,0.0,0.5885978,0.62831366,0.37903732,0.61336493,0.6429305,0.53597546,0.0,0.23585477,0.0,0.30856726,0.46091783,0.40387115,0.34993148,0.0,0.2842131,0.0,0.0,0.3596604,0.39064282,0.25606304,0.0,0.0,0.0,0.0,0.0,0.0,0.0,0.44074368,0.0,0.44751203,-0.1440373,-0.133444,-0.013778441
-0.2457599,-0.48933855,-0.09786767,0.1406423,0.0,0.44759482,0.20202357,0.0,0.0,0.0,0.0,0.12673742,0.0,0.009008169,0.0,0.13675283,0.0,0.0,0.1787005,0.0,0.22859251,0.14366643,0.67224616,0.0,0.28829625,0.38220638,0.100713745,0.0,0.0,0.59006935,0.0,0.0,0.6798947,0.5648866,0.37440956,0.0,0.0,0.3291214,0.35655758,0.35662717,0.4985556,0.6369598,0.4995098,0.0,0.5456694,0.0,0.44695264,0.4274301,0.38432282,0.2784811,0.0,0.22812624,0.0,0.0,0.67726386,0.1585482,0.0,0.0,0.0,0.0,0.0,0.0,0.0,0.0,0.4541335,0.0,0.53861326,-0.25619107,0.13869447,0.29105574
-0.93410105,0.8510461,0.8800443,0.0,0.0,0.6252612,0.015746236,0.90823865,0.32832494,0.9102173,0.0,0.0,0.0,0.0,0.909912,0.0,0.0,0.7353126,0.5612066,0.0,0.0,0.80003667,1.112915,0.0,0.3804949,1.1736414,0.5625304,1.3614486,0.25957543,0.2945789,0.31214625,0.0,0.55233127,0.34980986,0.0,0.0,0.0,0.9341388,0.9858676,0.6573374,0.3572383,1.3880688,1.2716917,0.0,0.22208263,0.0,1.0596035,1.1372292,0.12036396,0.9328602,0.0,0.7618311,0.0,0.0,0.0,0.3766166,0.80611026,0.0,0.0,0.0,0.0,0.0,0.0,0.0,0.51758313,0.0,0.0,0.46984383,0.45777404,-1.0131333
1.3749366,-0.027787615,-1.469638,0.024112497,1.3662539,0.59679395,1.438402,0.0,0.0,0.0,0.0,1.0130895,0.27405867,0.17787987,0.0,1.0489794,0.7530913,0.0,1.3080795,0.0,0.36259314,0.045796692,0.0,0.0,0.0,0.0,0.51504326,0.0,0.0,0.723759,0.0,1.00234,0.7301565,0.0,0.55590904,0.0,0.0,1.1954422,1.0724373,1.2101091,1.380603,0.06965455,0.2634058,0.0,0.46590978,0.0,0.3135089,0.19257241,1.1984996,0.20454378,0.0,0.37735736,0.0,0.0,1.3252033,1.47512,0.21629396,0.0,0.0,0.0,0.0,0.0,0.0,0.0,0.9800722,0.0,1.5360316,-0.99441445,-1.4325417,1.0561342
-0.58422256,-2.6696057,-0.48343998,1.1658798,0.0,0.16288513,0.0,0.0,0.0,0.0,1.4252466,1.0529382,0.5841514,1.0546837,0.0,0.9973944,0.0,0.0,0.0,0.0,0.867531,0.0,1.129499,0.9256588,1.2540944,0.0,0.0,0.0,0.0,0.92782307,0.0,0.9899656,0.8600849,1.3631108,1.593525,0.0,0.0,0.13852774,0.10125025,1.0447602,0.7830031,1.2936528,0.65660834,0.0,2.5599198,0.0,1.318569,0.4257106,1.1006763,0.38745892,0.0,0.8490958,0.0,0.0,2.5463507,0.02954077,0.0,0.0,0.0,0.0,0.0,0.0,0.0,0.0,0.8882813,0.0,1.5228443,-0.87274206,0.71599567,1.5472953
0.0673492,1.738267,0.31999952,0.0,0.8865298,0.7402582,0.908795,0.3342924,0.7477261,0.5195006,0.0,0.0,0.0,0.0,1.0497918,0.0,0.21572788,0.30542818,1.5984057,0.0,0.0,1.0397948,0.22939184,0.0,0.0,1.2297139,1.0075276,1.2963722,0.56326526,0.24273475,0.0,0.0,0.49624485,0.0,0.0,0.0,0.0,1.5194032,1.5257132,0.71277034,0.93644774,1.0726495,1.1760628,0.0,0.0,0.0,0.74184006,0.8728018,0.47683734,1.014455,0.0,0.9428146,0.0,0.0,0.0,1.297197,1.2416053,0.0,0.0,0.0,0.0,0.0,0.0,0.0,0.6267171,0.0,0.40336788,0.3914986,-0.51372564,-0.9507983
0.116408646,-1.8801923,-0.26999268,1.0827885,0.0,0.0,0.13438588,0.0,0.0,0.0,0.7746457,1.0717988,0.41197935,0.4023291,0.0,1.014035,0.0,0.0,0.0,0.0,0.5216088,0.0,0.8546971,0.34357238,0.77579653,0.0,0.0,0.0,0.0,0.69209355,0.0,0.81026334,0.6164296,0.7802212,1.163125,0.0,0.0,0.0924498,0.0,0.5266121,0.5181796,0.8435816,0.7021335,0.0,1.586968,0.0,1.0851167,0.48865095,0.92951715,0.41566098,0.0,0.82534647,0.0,0.0,1.8422734,0.14306907,0.0,0.0,0.0,0.0,0.0,0.0,0.0,0.0,0.5879278,0.0,1.2476686,-0.33559155,0.5811789,1.0551687
-0.5362597,0.23714784,0.7000221,0.0,0.0,0.36218908,0.14930099,0.48524147,0.0,0.33137706,0.0,0.0,0.0,0.0,0.5527602,0.0,0.0,0.31950483,0.43427733,0.0,0.0,0.6387409,1.0616488,0.0,0.46625087,0.9570198,0.20449983,0.8721391,0.13900244,0.33436695,0.21809925,0.0,0.49699372,0.3521721,0.0,0.0,0.0,0.51942056,0.6321837,0.32792497,0.41067117,1.0777047,0.9173715,0.0,0.3664328,0.0,0.9235329,0.886237,0.13865487,0.6991828,0.0,0.6566273,0.0,0.0,0.19758672,0.21128507,0.532094,0.0,0.0,0.0,0.0,0.0,0.0,0.0,0.25461683,0.0,0.13783626,0.43871155,0.5288884,-0.5853992
-1.1513891,0.1078889,0.5331077,0.0,0.0,0.6903405,0.0,0.7599403,0.0,0.60666907,0.071905404,0.0,0.0,0.0,0.47287044,0.0,0.0,0.49935833,0.023439825,0.0,0.023594085,0.3815642,1.1572688,0.0,0.6171942,0.7728335,0.38743818,0.8158574,0.0,0.4921426,0.24408631,0.0,0.7146739,0.7163253,0.0,0.0,0.0,0.6355869,0.71894795,0.6423478,0.30032805,1.2059551,0.88187253,0.0,0.5966406,0.0,0.7841754,0.8599721,0.0652224,0.52720684,0.0,0.39719722,0.0,0.0,0.36740267,0.13725908,0.36445263,0.0,0.0,0.0,0.0,0.0,0.0,0.0,0.5204968,0.0,0.14571095,-0.0026605781,0.46160394,-0.4295858
1.839445,1.1474897,-1.2079695,0.0,2.1153955,0.5945281,2.0120194,0.0,0.0,0.0,0.0,0.6852106,0.0,0.0,0.15449227,0.74289644,1.2107012,0.0,2.2214532,0.0,0.0,0.6079057,0.0,0.0,0.0,0.47088316,0.88929456,0.0,0.15101978,0.48085585,0.0,0.52533257,0.5398678,0.0,0.0,0.0,0.0,1.6055402,1.5639251,1.147974,1.5927252,0.015142448,0.5575525,0.0,0.018992258,0.0,0.5233232,0.3440889,0.8776065,0.45918012,0.0,0.6156882,0.0,0.0,0.90673876,1.8439782,0.8513832,0.0,0.0,0.0,0.0,0.0,0.0,0.0,0.6803374,0.0,1.4241304,-0.4157387,-1.608827,0.33990255
-1.7317958,0.5680742,0.8481904,0.0,0.0,0.917027,0.0,1.3001252,0.124735385,1.2701935,0.03786069,0.0,0.0,0.0,0.8195498,0.0,0.0,1.0083925,0.0,0.0,0.0,0.51617926,1.3886269,0.0,0.7386479,0.9982946,0.65349036,1.340873,0.0,0.45103103,0.42881215,0.0,0.7690809,0.8124995,0.0,0.0,0.0,0.9894057,1.0057598,0.96651536,0.21813475,1.6495739,1.2377584,0.0,0.5627301,0.0,1.0443313,1.2002743,0.0,0.7516853,0.0,0.4754182,0.0,0.0,0.19864666,0.2239597,0.64255965,0.0,0.0,0.0,0.0,0.0,0.0,0.0,0.7313825,0.0,0.0,0.06836041,0.55618906,-0.8758368
-0.5035982,0.75416195,0.09707961,0.0,0.18979026,0.8259547,0.30584002,0.38011485,0.052363455,0.36460736,0.0,0.0,0.0,0.0,0.5696886,0.0,0.0,0.21247253,0.7339164,0.0,0.0,0.5243077,0.51773304,0.0,0.0,0.7908181,0.74774736,0.7661175,0.0,0.47584838,0.0,0.0,0.70508367,0.33196494,0.0,0.0,0.0,0.9571441,0.9294616,0.61534786,0.5846537,0.878286,0.756969,0.0,0.17119496,0.0,0.425812,0.6661323,0.4061775,0.4793048,0.0,0.36731583,0.0,0.0,0.21931781,0.5730241,0.48997214,0.0,0.0,0.0,0.0,0.0,0.0,0.0,0.6292467,0.0,0.3519542,-0.1260706,-0.23162673,-0.33663058
-0.25404197,-1.772372,-0.23570491,0.8654154,0.0,0.14623171,0.0,0.0,0.0,0.0,0.8158932,0.78353167,0.31252524,0.48994946,0.0,0.7432012,0.0,0.0,0.0,0.0,0.5441825,0.0,0.94702125,0.40789932,0.8509629,0.0,0.0,0.0,0.0,0.73142606,0.0,0.59415793,0.70482767,0.92396414,1.0794013,0.0,0.0,0.1460036,0.071358815,0.6287136,0.5363071,0.93088937,0.6268007,0.0,1.6444563,0.0,0.9681328,0.43728882,0.7801231,0.334773,0.0,0.65854084,0.0,0.0,1.7461747,0.030040868,0.0,0.0,0.0,0.0,0.0,0.0,0.0,0.0,0.6235257,0.0,1.0932497,-0.48107892,0.57319176,0.99303657
-0.23046064,-0.0538807,0.24281904,0.019758165,0.0,0.38559663,0.30201125,0.094543025,0.0,0.0,0.0,0.0,0.0,0.0,0.24723968,0.0,0.0,0.0,0.43403935,0.0,0.016990341,0.42377195,0.7653938,0.0,0.26081032,0.67587423,0.17213215,0.39621198,0.0,0.44950974,0.0036093742,0.0,0.56729746,0.37513915,0.06278129,0.0,0.0,0.4247589,0.53054446,0.24052875,0.5169824,0.7424227,0.604899,0.0,0.3252042,0.0,0.5632636,0.5698906,0.2702266,0.45936388,0.0,0.42241794,0.0,0.0,0.35207862,0.25309855,0.27697152,0.0,0.0,0.0,0.0,0.0,0.0,0.0,0.3000574,0.0,0.33131242,0.11630257,0.19879787,-0.15245616
0.6209834,0.7292584,-0.20132416,0.0,0.7917534,0.4746081,1.0669609,0.0,0.0,0.0,0.0,0.05696272,0.0,0.0,0.39005926,0.093223356,0.34654653,0.0,1.3323267,0.0,0.0,0.65014577,0.02676636,0.0,0.0,0.7477286,0.5511396,0.374672,0.17661625,0.39336923,0.0,0.0,0.5091809,0.0,0.0,0.0,0.0,0.94447774,0.9426966,0.47739905,0.91447353,0.54459465,0.633554,0.0,0.014234157,0.0,0.44248742,0.49621266,0.56619763,0.51107633,0.0,0.5043973,0.0,0.0,0.29765332,0.94223356,0.65552336,0.0,0.0,0.0,0.0,0.0,0.0,0.0,0.37914878,0.0,0.66966116,0.05235619,-0.5329212,-0.16976508
-0.30155912,-0.27586398,0.18721089,0.10113547,0.0,0.38189167,0.20506081,0.06960936,0.0,0.0,0.0,0.0,0.0,0.0,0.1337695,0.0,0.0,0.0,0.27056187,0.0,0.09337889,0.31877735,0.81133556,0.0,0.36065552,0.5801243,0.09954539,0.2631596,0.0,0.49468637,0.003955394,0.0,0.60095495,0.47749215,0.18910605,0.0,0.0,0.35295787,0.44213092,0.2687325,0.47592264,0.7424256,0.57013804,0.0,0.46383995,0.0,0.57144153,0.54381883,0.26529017,0.40833104,0.0,0.36910456,0.0,0.0,0.49192095,0.15214692,0.12141973,0.0,0.0,0.0,0.0,0.0,0.0,0.0,0.3208035,0.0,0.38025028,0.0026676152,0.2719581,-0.0012779757
-0.12510636,-0.0373488,0.5952535,0.20001462,0.0,0.15289953,0.36702082,0.15259127,0.0,0.0,0.0,0.0,0.0,0.0,0.37118822,0.0,0.0,0.018419176,0.504958,0.0,0.0,0.6110151,0.95972764,0.0,0.42194596,0.8718993,0.0,0.5973451,0.1672833,0.32305628,0.13300548,0.0,0.4188078,0.24602754,0.0,0.0,0.0,0.30178824,0.44881544,0.021494642,0.46541655,0.91055745,0.810317,0.0,0.35591203,0.0,0.9067666,0.7778001,0.19288683,0.67457986,0.03216626,0.73035246,0.0,0.0,0.2702202,0.18296619,0.47032747,0.0,0.0,0.0,0.0,0.0,0.0,0.0,0.06223404,0.0,0.24623097,0.59289056,0.58742285,-0.4360131
-0.72899526,-0.1602035,1.3870307,0.32752925,0.0,0.0,0.0,0.73685086,0.0,0.4770243,0.46807665,0.0,0.0,0.0,0.6272492,0.0,0.0,0.5638746,0.11475408,0.12528205,0.0,0.7869655,1.6695874,0.0,1.1116681,1.1819942,0.0,1.1175878,0.393605,0.18297213,0.552263,0.0,0.30474198,0.4013437,0.0,0.0,0.0,0.18788485,0.33688182,0.15107363,0.12564108,1.4933708,1.3462558,0.0,0.7592888,0.0,1.5983454,1.2755476,0.0,0.9707795,0.016325388,1.2545466,0.0,0.0,0.3261248,0.0,0.74873954,0.0,0.0,0.0,0.0,0.0,0.0,0.0,0.0,0.0,0.0038768947,1.089981,1.4118118,-0.8940854
-0.2020642,-0.1156644,0.52271384,0.18404283,0.0,0.20346124,0.299303,0.15656532,0.0,0.0,0.0,0.0,0.0,0.0,0.31571728,0.0,0.0,0.0042309165,0.41828018,0.0,0.0,0.5380251,0.9558429,0.0,0.4423805,0.8056159,0.00257802,0.5278635,0.06608491,0.3634489,0.118655905,0.0,0.46257418,0.31825325,0.02703248,0.0,0.0,0.30911827,0.44383508,0.06777627,0.4540949,0.8795812,0.7477274,0.0,0.40490305,0.0,0.82898897,0.7360685,0.18824501,0.609213,0.04131493,0.6382349,0.0,0.0,0.32739505,0.1572464,0.38737404,0.0,0.0,0.0,0.0,0.0,0.0,0.0,0.11926653,0.0,0.25123882,0.45842546,0.5358345,-0.34325224
-0.059332665,-3.310642,-0.675512,1.7140764,0.0,0.0,0.0,0.0,0.0,0.0,1.6456777,1.7206407,0.9034469,1.1742954,0.0,1.6256105,0.0,0.0,0.0,0.0,0.98693335,0.0,1.0436094,1.0630089,1.3090087,0.0,0.0,0.0,0.0,0.95346326,0.0,1.5884317,0.7747186,1.313736,2.00321,0.0,0.0,0.038676366,0.0,1.1029439,0.8307264,1.2684888,0.78797334,0.0,2.9558616,0.0,1.6697891,0.50916505,1.5261009,0.5215607,0.0,1.231112,0.0,0.0,3.129497,0.1806448,0.0,0.0,0.0,0.0,0.0,0.0,0.0,0.0,0.9835339,0.0,1.9697819,-0.851232,0.7925035,1.9511238
-0.73018295,-0.8718232,-0.92276895,0.0,0.0,0.9973716,0.0,0.0,0.0,0.0,0.06594846,0.08551479,0.090584725,0.8721314,0.0,0.13783224,0.0,0.0,0.0,0.0,0.6702653,0.0,0.37882978,0.4443416,0.15245625,0.0,0.4135129,0.0,0.0,0.9494869,0.0,0.2929058,1.0838492,1.0689654,0.7547644,0.0,0.0,0.74093956,0.69561607,1.2293243,0.8830867,0.8292604,0.13293922,0.0,1.2030698,0.0,0.0,0.04832174,0.822508,0.0,0.0,0.0,0.0,0.0,1.2031087,0.32069874,0.0,0.0,0.0,0.0,0.0,0.0,0.0,0.0,1.1445678,0.0,0.80667895,-1.3894997,-0.5177375,0.97906876
-1.234621,1.225812,2.04783,0.0,0.0,0.24062704,0.0,1.5472353,0.89194334,1.6150348,0.0,0.0,0.0,0.0,1.4995594,0.0,0.0,1.42245,0.61916226,0.0,0.0,1.3578385,1.8430152,0.0,0.9468625,1.8421388,0.3117703,2.3052042,0.9958357,0.0,0.81386256,0.0,0.23845682,0.15344736,0.0,0.0,0.0,0.9752808,1.1531045,0.64175457,0.18801986,2.2025611,2.132282,0.0,0.16241543,0.0,2.0961528,1.8750192,0.0,1.7262589,0.0,1.6005542,0.0,0.0,0.0,0.35747153,1.5294628,0.0,0.0,0.0,0.0,0.0,0.0,0.0,0.25457162,0.0,0.0,1.5208863,1.3440607,-1.9070246
0.16173543,1.0982927,-0.069190115,0.0,0.75947094,0.7186869,0.8375676,0.013325289,0.23521242,0.055657238,0.0,0.0,0.0,0.0,0.62574863,0.0,0.17946054,0.0,1.2883997,0.0,0.0,0.70567036,0.13277617,0.0,0.0,0.86739016,0.8180766,0.72226334,0.17220217,0.396597,0.0,0.0,0.5925233,0.0,0.0,0.0,0.0,1.1688089,1.1170865,0.5558678,0.90630746,0.730472,0.698621,0.0,0.0,0.0,0.36200416,0.61216974,0.54284,0.56384635,0.0,0.592131,0.0,0.0,0.20785734,1.0039152,0.77267706,0.0,0.0,0.0,0.0,0.0,0.0,0.0,0.51055807,0.0,0.5618438,0.035640933,-0.5953958,-0.3740077
0.7725462,-1.0630244,-0.65517735,0.7194084,0.02002907,0.121436,0.77371633,0.0,0.0,0.0,0.0,1.0971735,0.33958152,0.16627032,0.0,1.0697147,0.0877831,0.0,0.40963113,0.0,0.3856867,0.0,0.19757342,0.0,0.0,0.04736799,0.0,0.0,0.0,0.64581877,0.0,0.8707394,0.5904563,0.337708,0.864615,0.0,0.0,0.34152347,0.18485297,0.40603402,0.72500426,0.4452223,0.56208754,0.0,0.7292417,0.0,0.707119,0.34824646,1.1580675,0.41165125,0.0,0.5227507,0.0,0.0,1.296706,0.6542603,0.0,0.0,0.0,0.0,0.0,0.0,0.0,0.0,0.67181015,0.0,1.2175127,-0.35572523,-0.16285028,0.93643844
0.15008385,-2.6054306,-0.834059,1.3118826,0.0,0.041359186,0.0076653957,0.0,0.0,0.0,1.0444771,1.5061878,0.7500529,0.9902057,0.0,1.4424952,0.0,0.0,0.0,0.0,0.86377245,0.0,0.685658,0.786487,0.80601114,0.0,0.0,0.0,0.0,0.91588384,0.0,1.4170105,0.7871473,1.0670547,1.6843047,0.0,0.0,0.1586763,0.011872854,1.0086471,0.823565,0.9931139,0.6470102,0.0,2.3111174,0.0,1.2393508,0.37458873,1.4774354,0.42621076,0.0,0.86020774,0.0,0.0,2.5802872,0.3212366,0.0,0.0,0.0,0.0,0.0,0.0,0.0,0.0,0.9863941,0.0,1.7018988,-0.8865457,0.39715976,1.7495286
0.51149267,0.3461441,-0.856246,0.0,0.89671874,0.76403916,0.924112,0.0,0.0,0.0,0.0,0.2359403,0.0,0.0,0.0,0.29160994,0.3085851,0.0,1.0510639,0.0,0.2035814,0.22215815,0.0,0.0,0.0,0.2973506,0.6787516,0.0,0.0,0.64161587,0.0,0.1999196,0.75552475,0.14758906,0.16413265,0.0,0.0,1.0201011,0.9188581,0.84102666,0.9822457,0.33066234,0.40741283,0.0,0.27574655,0.0,0.092785195,0.3031152,0.6902728,0.1773269,0.0,0.19120178,0.0,0.0,0.6826692,0.94447756,0.23025042,0.0,0.0,0.0,0.0,0.0,0.0,0.0,0.70792234,0.0,0.9211973,-0.66613734,-0.9007088,0.4313862
-0.6984721,0.46902746,1.0244162,0.0,0.0,0.32849753,0.083663255,0.7361201,0.13362727,0.633929,0.0,0.0,0.0,0.0,0.77761316,0.0,0.0,0.5806582,0.47859925,0.0,0.0,0.81147385,1.2498281,0.0,0.5832168,1.1690227,0.22540617,1.2129365,0.34600317,0.24215204,0.36101907,0.0,0.43309742,0.30305955,0.0,0.0,0.0,0.60583824,0.726851,0.39678866,0.3471492,1.3397479,1.1977733,0.0,0.33727694,0.0,1.2124038,1.1226932,0.057259083,0.92686635,0.0,0.8729835,0.0,0.0,0.044773873,0.21652268,0.74954605,0.0,0.0,0.0,0.0,0.0,0.0,0.0,0.23639321,0.0,0.0,0.7164775,0.7630472,-0.947153
0.14418627,-0.2989015,0.7621098,0.54802877,0.0,0.0,0.4844467,0.0,0.0,0.0,0.08233839,0.20368363,0.0,0.0,0.29807222,0.16470827,0.0,0.0,0.5082854,0.2629956,0.0,0.6748258,1.0680768,0.0,0.56756026,0.91478896,0.0,0.51729554,0.3159531,0.24925679,0.17921565,0.0,0.28525078,0.14772052,0.08101165,0.0,0.0,0.12397073,0.21044473,0.0,0.46457058,0.92468935,1.0247248,0.0,0.31091326,0.0,1.2409776,0.9058008,0.19039616,0.73083496,0.0,1.0870739,0.0,0.0,0.46979907,0.1393137,0.57962406,0.0,0.0,0.0,0.0,0.0,0.0,0.0,0.0,0.0,0.36133647,0.8823663,0.86305356,-0.41720277
0.46652126,1.2241813,-0.99353456,0.0,1.4963384,1.1180623,1.0975319,0.0,0.05668944,0.0,0.0,0.0,0.0,0.0,0.34209168,0.0,0.50696987,0.0,1.5150309,0.0,0.07622321,0.40047047,0.0,0.0,0.0,0.45915866,1.2228165,0.17714207,0.0,0.62424,0.0,0.0,0.83133084,0.0,0.0,0.0,0.0,1.5829201,1.3918537,1.1085842,1.1652162,0.40291533,0.3963552,0.0,0.111124314,0.0,0.0,0.43621832,0.6479753,0.14568901,0.0,0.25785002,0.0,0.0,0.5828284,1.2562149,0.5301447,0.0,0.0,0.0,0.0,0.0,0.0,0.0,0.77384514,0.0,0.9430575,-0.73729753,-1.3222424,0.15773714
-2.7998204,-0.6255198,1.9390805,0.0,0.0,0.4547226,0.0,2.0207777,0.0,1.7224146,1.5682918,0.0,0.0,0.0,0.73277783,0.0,0.0,1.5899184,0.0,0.0,0.0,0.41064483,2.7193584,0.06865397,2.2684329,1.1247716,0.0,1.5813081,0.0,0.3729276,1.1008008,0.0,0.65482163,1.4004464,0.0,0.0,0.0,0.4740065,0.7045858,0.9840448,0.0,2.5213184,1.8676965,0.0,1.861118,0.0,2.2309065,1.7490116,0.0,1.1407018,0.0,1.2868183,0.0,0.0,0.6465382,0.0,0.9838896,0.0,0.0,0.0,0.0,0.0,0.0,0.0,0.29696667,0.0,0.0,0.79306716,1.9274509,-1.0728579
-0.44808584,1.5879642,0.8720699,0.0,0.26916346,0.6292502,0.5115617,0.78253114,0.8002541,0.9375882,0.0,0.0,0.0,0.0,1.2051663,0.0,0.0,0.7110772,1.2385812,0.0,0.0,1.1216947,0.7681781,0.0,0.0,1.41871,0.8207105,1.6431727,0.6634604,0.16477701,0.19620018,0.0,0.44046524,0.0,0.0,0.0,0.0,1.2936697,1.3425528,0.6498437,0.608063,1.3960059,1.5192261,0.0,0.0,0.0,1.1106669,1.1796741,0.27737504,1.2420812,0.0,1.0863953,0.0,0.0,0.0,0.90557677,1.279224,0.0,0.0,0.0,0.0,0.0,0.0,0.0,0.5724297,0.0,0.043993473,0.75121546,0.12876308,-1.293687
0.43514153,-0.034276944,0.021836013,0.2150622,0.12112521,0.21175742,0.7615484,0.0,0.0,0.0,0.0,0.31047422,0.0,0.0,0.14066964,0.30868363,0.04500644,0.0,0.8068853,0.0,0.0,0.48820606,0.4364782,0.0,0.0,0.6368934,0.094452605,0.15528104,0.031094432,0.41176248,0.0,0.0,0.46722722,0.09620243,0.14119497,0.0,0.0,0.39332747,0.41952252,0.09416557,0.6385484,0.5319343,0.71203387,0.0,0.14501524,0.0,0.6274329,0.53104186,0.5016932,0.5145137,0.0,0.51893234,0.0,0.0,0.34654292,0.4954784,0.36669543,0.0,0.0,0.0,0.0,0.0,0.0,0.0,0.2610426,0.0,0.5441327,0.27835473,0.052990377,-0.05036465
1.6169688,-0.18010971,-1.2691232,0.306854,1.251297,0.3347844,1.5613765,0.0,0.0,0.0,0.0,1.22497,0.3212997,0.0,0.0,1.2347928,0.8079226,0.0,1.357841,0.0,0.28703523,0.14934367,0.0,0.0,0.0,0.058373272,0.27280238,0.0,0.0,0.6355512,0.0,1.0806694,0.59436107,0.0,0.59808135,0.0,0.0,0.9923798,0.89798546,0.92523295,1.2829849,0.060042873,0.43432242,0.0,0.44611198,0.0,0.62199545,0.2728293,1.2497746,0.4157855,0.0,0.5890059,0.0,0.0,1.3820575,1.4424478,0.2942544,0.0,0.0,0.0,0.0,0.0,0.0,0.0,0.8197463,0.0,1.5691622,-0.60269666,-1.1362435,0.9794016
-2.1114478,-1.1189771,1.3449987,0.27948743,0.0,0.32032812,0.0,1.3190764,0.0,0.89335763,1.4879948,0.0,0.0,0.0,0.26803312,0.0,0.0,0.91552866,0.0,0.0,0.14229253,0.16737224,2.2878973,0.23063707,1.9729872,0.7585238,0.0,0.8528594,0.0,0.48566365,0.78773993,0.0,0.6669022,1.3194726,0.25074697,0.0,0.0,0.22391903,0.42511767,0.7532616,0.058438346,1.9446864,1.4216976,0.0,1.8866099,0.0,1.8116158,1.3246189,0.0,0.85083663,0.0,1.1015356,0.0,0.0,1.0174704,0.0,0.4717202,0.0,0.0,0.0,0.0,0.0,0.0,0.0,0.22617343,0.0,0.19610398,0.47934029,1.6495275,-0.44654858
-1.4007784,0.41737553,1.881602,0.0,0.0,0.16587442,0.0,1.4144335,0.3316793,1.3040401,0.44792986,0.0,0.0,0.0,1.0936093,0.0,0.0,1.2151929,0.0750038,0.0,0.0,1.0136602,2.00858,0.0,1.3037472,1.5216472,0.0043271035,1.8259385,0.59326977,0.0919216,0.8169456,0.0,0.32401627,0.47389728,0.0,0.0,0.0,0.5077598,0.719736,0.51246405,0.021359488,2.066378,1.7817947,0.0,0.7088961,0.0,1.945321,1.655119,0.0,1.3524576,0.0,1.3751115,0.0,0.0,0.0,0.0,1.1517361,0.0,0.0,0.0,0.0,0.0,0.0,0.0,0.10058121,0.0,0.0,1.2596684,1.6145003,-1.4639156
-0.19608587,-0.58920157,0.21649976,0.35172993,0.0,0.22602914,0.20403579,0.0,0.0,0.0,0.16443086,0.18297109,0.0,0.0,0.0,0.17107035,0.0,0.0,0.15372568,0.0,0.13196678,0.26751494,0.8899108,0.0,0.50214785,0.5215517,0.0,0.10346168,0.0,0.4929371,0.019729957,0.0,0.55698216,0.50017756,0.3510998,0.0,0.0,0.18347275,0.22619727,0.15987946,0.40537184,0.7312749,0.6521749,0.0,0.62035817,0.0,0.7238923,0.569538,0.27875805,0.42596567,0.0,0.49772096,0.0,0.0,0.68406254,0.059875622,0.028912213,0.0,0.0,0.0,0.0,0.0,0.0,0.0,0.24403977,0.0,0.50024915,0.10342917,0.50244284,0.13162515
-0.34913763,-0.34988427,0.39169416,0.20831437,0.0,0.27097192,0.1504238,0.14837818,0.0,0.0,0.11019412,0.0,0.0,0.0,0.17495225,0.0,0.0,0.0,0.20551795,0.0,0.044681534,0.3778298,0.97715867,0.0,0.52784634,0.66003644,0.0,0.35686478,0.0,0.44472516,0.099398956,0.0,0.54198724,0.4761696,0.17462978,0.0,0.0,0.26229537,0.36250317,0.16491015,0.39167765,0.8516995,0.6673355,0.0,0.5844915,0.0,0.7489123,0.658206,0.17073247,0.49476886,0.025269685,0.52814484,0.0,0.0,0.5030136,0.05393958,0.1919151,0.0,0.0,0.0,0.0,0.0,0.0,0.0,0.20374236,0.0,0.3104198,0.22094049,0.5483881,-0.126302
-0.23027603,0.12161525,0.52376646,0.026788011,0.0,0.28574654,0.33427456,0.22460417,0.0,0.03591785,0.0,0.0,0.0,0.0,0.4226768,0.0,0.0,0.08161169,0.53530383,0.0,0.0,0.5994671,0.89731956,0.0,0.333201,0.86723393,0.13666107,0.65356064,0.12091985,0.34950754,0.10897243,0.0,0.4742234,0.27131158,0.0,0.0,0.0,0.42812157,0.56135976,0.17096117,0.49795106,0.880876,0.7692058,0.0,0.29925102,0.0,0.7898591,0.7331439,0.21165524,0.6299877,0.0,0.63369304,0.0,0.0,0.23446383,0.26765382,0.47921678,0.0,0.0,0.0,0.0,0.0,0.0,0.0,0.18629438,0.0,0.24100286,0.428667,0.39564216,-0.42246976
-0.11502729,1.0549859,1.1870323,0.0,0.0,0.15198016,0.60606813,0.5771603,0.5611385,0.5832933,0.0,0.0,0.0,0.0,1.0598679,0.0,0.0,0.5370482,1.1269859,0.055823773,0.0,1.1894387,1.0313432,0.0,0.21186066,1.47091,0.29700333,1.5033388,0.8595734,0.055945992,0.31058383,0.0,0.23401982,0.0,0.0,0.0,0.0,0.7502377,0.9365068,0.20272698,0.5530328,1.3921616,1.5154665,0.0,0.0,0.0,1.4629532,1.1934068,0.16264057,1.3313115,0.0,1.3175894,0.0,0.0,0.0,0.6046989,1.2675693,0.0,0.0,0.0,0.0,0.0,0.0,0.0,0.12207982,0.0,0.0054868907,1.2835097,0.70234656,-1.3272281
-1.6304804,-0.22340651,1.0696735,0.0,0.0,0.51784587,0.0,1.1428401,0.0,0.91576445,0.636919,0.0,0.0,0.0,0.5406866,0.0,0.0,0.83359957,0.0,0.0,0.0,0.41353512,1.7271774,0.0,1.2286758,0.9088297,0.10087262,1.0553229,0.0,0.42702717,0.5528508,0.0,0.65112644,0.9182489,0.0,0.0,0.0,0.47706413,0.63610166,0.6550895,0.12597159,1.6413741,1.2120359,0.0,1.0648856,0.0,1.3268665,1.1595489,0.0,0.75997186,0.0,0.7603763,0.0,0.0,0.45484355,0.0,0.5931763,0.0,0.0,0.0,0.0,0.0,0.0,0.0,0.36051866,0.0,0.018960893,0.3845388,1.100947,-0.6877887
1.0900912,-0.73324907,-2.2231083,0.021881439,1.262502,0.92284095,1.1066288,0.0,0.0,0.0,0.0,1.2542804,0.5913578,1.0118799,0.0,1.3067745,0.5698609,0.0,0.7497443,0.0,0.81568915,0.0,0.0,0.2471,0.0,0.0,0.5659641,0.0,0.0,1.0544059,0.0,1.556369,1.0505767,0.43104553,1.0976114,0.0,0.0,1.3214747,1.1536684,1.824626,1.6174228,0.31444564,0.025542751,0.0,1.2181752,0.0,0.1761711,0.0008908957,1.60844,0.0,0.0,0.15709898,0.0,0.0,1.9510914,1.59226,0.0,0.0,0.0,0.0,0.0,0.0,0.0,0.0,1.530847,0.0,1.8737322,-1.8874551,-1.7319952,1.7875689
0.5142922,-0.29311085,-0.8660763,0.04756753,0.51248497,0.5790093,0.78071547,0.0,0.0,0.0,0.0,0.5627455,0.10112536,0.1792522,0.0,0.5901575,0.16655363,0.0,0.69563085,0.0,0.33921888,0.036161125,0.0,0.0,0.0,0.120171666,0.34158337,0.0,0.0,0.69281393,0.0,0.50306034,0.7459256,0.31077364,0.50112337,0.0,0.0,0.74851704,0.64047915,0.77309656,0.91798615,0.37709776,0.34758788,0.0,0.5155292,0.0,0.18640801,0.20770083,0.9033693,0.16818225,0.0,0.17049363,0.0,0.0,0.92748696,0.8316499,0.019229721,0.0,0.0,0.0,0.0,0.0,0.0,0.0,0.80850965,0.0,1.0216321,-0.78267777,-0.7257687,0.768099
0.26619804,2.2228673,1.1030812,0.0,0.80400157,0.3715217,1.1314527,0.5805776,1.2807975,0.8478923,0.0,0.0,0.0,0.0,1.5253546,0.0,0.30113244,0.64767313,1.9867026,0.0,0.0,1.575184,0.5445509,0.0,0.0,1.7824194,0.8497321,1.9761372,1.289995,0.0,0.15252222,0.0,0.18421298,0.0,0.0,0.0,0.0,1.5794592,1.7678126,0.5875278,0.9470866,1.5292029,1.8385522,0.0,0.0,0.0,1.5169215,1.2195388,0.33570176,1.7412204,0.0,1.5879437,0.0,0.0,0.0,1.4910665,1.8997197,0.0,0.0,0.0,0.0,0.0,0.0,0.0,0.44205818,0.0,0.16298391,1.2770938,0.021263018,-1.6822991
0.17927691,-0.41980055,0.059581112,0.35191375,0.0,0.19226505,0.50014377,0.0,0.0,0.0,0.0,0.34357312,0.0,0.0,0.0,0.3325238,0.0,0.0,0.4520167,0.0,0.09391715,0.33455983,0.6389453,0.0,0.21779677,0.5257264,0.0,0.028326184,0.0,0.46956834,0.0,0.0067370087,0.51465726,0.3094282,0.32050765,0.0,0.0,0.2449638,0.25619313,0.09865692,0.5256277,0.5836126,0.68806064,0.0,0.38372052,0.0,0.6938292,0.53492427,0.45158488,0.45690972,0.0,0.4766637,0.0,0.0,0.5679919,0.277987,0.12477574,0.0,0.0,0.0,0.0,0.0,0.0,0.0,0.27588886,0.0,0.56730646,0.1645892,0.27080804,0.13315868
1.5456264,0.46896738,-1.3725764,0.0,1.6806996,0.6146624,1.6639341,0.0,0.0,0.0,0.0,0.85962,0.12946045,0.0,0.0,0.90638065,0.9358186,0.0,1.6799415,0.0,0.1994259,0.27125683,0.0,0.0,0.0,0.17303142,0.68674934,0.0,0.0,0.6292875,0.0,0.7964447,0.6611622,0.0,0.28060645,0.0,0.0,1.366078,1.2795978,1.1774633,1.4509414,0.01534114,0.38763964,0.0,0.25002867,0.0,0.3640234,0.25240475,1.0309573,0.31137735,0.0,0.45514658,0.0,0.0,1.1358525,1.6141305,0.46780607,0.0,0.0,0.0,0.0,0.0,0.0,0.0,0.8530799,0.0,1.4731358,-0.7559375,-1.5142907,0.7441665
0.6427181,-1.6006398,-1.7466736,0.5462845,0.27742013,0.6099968,0.5941251,0.0,0.0,0.0,0.0,1.3770866,0.6952169,1.1201572,0.0,1.3844625,0.07374987,0.0,0.026020229,0.0,0.8981135,0.0,0.0,0.5550078,0.0,0.0,0.012099415,0.0,0.0,1.0436192,0.0,1.5626864,0.98900235,0.76660067,1.4103302,0.0,0.0,0.6235907,0.48926866,1.3328483,1.2182382,0.6394566,0.18851149,0.0,1.5888494,0.0,0.45947158,0.054259837,1.7415115,0.14425512,0.0,0.15789823,0.0,0.0,2.0503054,0.9907651,0.0,0.0,0.0,0.0,0.0,0.0,0.0,0.0,1.4133601,0.0,1.6711802,-1.544448,-0.83333856,1.8483155
0.6980355,-0.5721265,-0.64442533,0.39034986,0.28471962,0.29429448,0.8349401,0.0,0.0,0.0,0.0,0.80086994,0.17401889,0.040863425,0.0,0.79774547,0.16012754,0.0,0.642995,0.0,0.2915264,0.099229544,0.08641666,0.0,0.0,0.1775682,0.03868173,0.0,0.0,0.6168644,0.0,0.60712457,0.61589056,0.24656062,0.60136366,0.0,0.0,0.4682092,0.37924966,0.44184056,0.77625823,0.38825962,0.51490104,0.0,0.53018874,0.0,0.5276463,0.32251108,0.9702071,0.37028462,0.0,0.4084024,0.0,0.0,1.0009145,0.71932244,0.03943267,0.0,0.0,0.0,0.0,0.0,0.0,0.0,0.6361744,0.0,1.0456957,-0.3665077,-0.3337354,0.7195356
-1.6766084,-1.9575571,0.7177556,0.73129433,0.0,0.2156245,0.0,0.6791958,0.0,0.05663231,1.7007905,0.0,0.0,0.44646066,0.0,0.0,0.0,0.25004593,0.0,0.0,0.46839207,0.0,2.0010967,0.61108196,1.9052877,0.25590438,0.0,0.0,0.0,0.67463183,0.51743937,0.0,0.7508937,1.4552597,0.8672725,0.0,0.0,0.045639783,0.13864593,0.7246987,0.2861138,1.6226526,0.97290426,0.0,2.3995278,0.0,1.5094928,0.9067918,0.0,0.48266017,0.0,0.97942793,0.0,0.0,1.6961602,0.0,0.0,0.0,0.0,0.0,0.0,0.0,0.0,0.0,0.29268712,0.0,0.66101754,-0.063507386,1.4486309,0.40790382
0.12421192,-1.3497149,-0.6249467,0.61755145,0.0,0.31150228,0.2703206,0.0,0.0,0.0,0.27280658,0.83621883,0.31799135,0.4821368,0.0,0.8194465,0.0,0.0,0.0,0.0,0.5342225,0.0,0.47387964,0.25888628,0.3075614,0.0,0.0,0.0,0.0,0.75998366,0.0,0.7272939,0.74628407,0.7163613,0.9741689,0.0,0.0,0.29781467,0.19501366,0.67216265,0.66433007,0.6962284,0.4604168,0.0,1.209199,0.0,0.612599,0.28212637,0.9926834,0.2530874,0.0,0.3564072,0.0,0.0,1.4698766,0.35541958,0.0,0.0,0.0,0.0,0.0,0.0,0.0,0.0,0.7966756,0.0,1.0957539,-0.6932049,0.022181451,1.0468872
-0.7508068,0.12924619,1.3681887,0.13314107,0.0,0.06590846,0.0,0.80591905,0.016658753,0.6156796,0.26874208,0.0,0.0,0.0,0.74999344,0.0,0.0,0.64480567,0.26417872,0.032912016,0.0,0.85590315,1.5817785,0.0,0.96331686,1.2481506,0.0,1.2566056,0.45272136,0.1701946,0.5303682,0.0,0.32251963,0.3422494,0.0,0.0,0.0,0.31955084,0.48214856,0.24079503,0.18630537,1.5130404,1.344414,0.0,0.6127209,0.0,1.5481597,1.2768316,0.0,1.0204096,0.0,1.1474408,0.0,0.0,0.15088215,0.0,0.78933513,0.0,0.0,0.0,0.0,0.0,0.0,0.0,0.0,0.0,0.0,1.0440363,1.2918198,-1.0050802
-0.42446005,-0.6540407,0.71202135,0.49093822,0.0,0.041901886,0.02144751,0.23154055,0.0,0.0,0.4623841,0.03358176,0.0,0.0,0.1562532,0.0031179078,0.0,0.03236404,0.0,0.0010535717,0.007566858,0.41648927,1.2901706,0.0,0.88366354,0.7343735,0.0,0.40857363,0.0,0.38089374,0.2602188,0.0,0.4462216,0.5223086,0.25036466,0.0,0.0,0.096022144,0.16190538,0.05531372,0.21168919,1.0292052,0.8472381,0.0,0.871207,0.0,1.0358763,0.8419789,0.0,0.6000965,0.051601678,0.83842194,0.0,0.0,0.6552885,0.0,0.21795449,0.0,0.0,0.0,0.0,0.0,0.0,0.0,0.0,0.0,0.29563934,0.5334825,1.0150466,-0.23011619
-1.2257614,1.384651,1.1449984,0.0,0.0,0.7710429,0.0,1.2800575,0.73432386,1.4119519,0.0,0.0,0.0,0.0,1.2550006,0.0,0.0,1.1139216,0.7024132,0.0,0.0,1.0015619,1.2128289,0.0,0.35167474,1.423145,0.80849963,1.8422351,0.45754802,0.21805355,0.4309469,0.0,0.548878,0.2988529,0.0,0.0,0.0,1.2746717,1.3059117,0.8871897,0.3245674,1.7101917,1.6526959,0.0,0.056790717,0.0,1.2763958,1.4080673,0.068112284,1.2352895,0.0,0.9678846,0.0,0.0,0.0,0.55069923,1.1441143,0.0,0.0,0.0,0.0,0.0,0.0,0.0,0.6905109,0.0,0.0,0.634873,0.47228545,-1.4142265
-0.19026922,0.6667446,0.09781241,0.0,0.25929236,0.65897804,0.49724212,0.1793875,0.0038467646,0.13005018,0.0,0.0,0.0,0.0,0.5132381,0.0,0.0,0.04696858,0.8566724,0.0,0.0,0.5739229,0.45778152,0.0,0.0,0.80009484,0.6115413,0.6666646,0.012782976,0.43312526,0.0,0.0,0.62018794,0.20316775,0.0,0.0,0.0,0.8473468,0.83933276,0.43832108,0.6652988,0.78357536,0.6895293,0.0,0.13537341,0.0,0.43185714,0.6245774,0.43192858,0.4878571,0.0,0.45024416,0.0,0.0,0.22278856,0.6062759,0.5243907,0.0,0.0,0.0,0.0,0.0,0.0,0.0,0.47966158,0.0,0.41721213,0.021457056,-0.2151015,-0.296277
0.058291953,-0.9819897,-0.41444945,0.44887677,0.0,0.33623344,0.30373102,0.0,0.0,0.0,0.120342135,0.59162724,0.15328848,0.25433004,0.0,0.5834753,0.0,0.0,0.0665527,0.0,0.39458776,0.0,0.5240887,0.07409251,0.2637101,0.11857176,0.0,0.0,0.0,0.6774565,0.0,0.43402153,0.6985616,0.6103365,0.7261819,0.0,0.0,0.29255486,0.22175713,0.47644463,0.5793172,0.6344106,0.47495592,0.0,0.8744112,0.0,0.53769654,0.3369769,0.75833,0.26040858,0.0,0.3044319,0.0,0.0,1.1147298,0.29641074,0.0,0.0,0.0,0.0,0.0,0.0,0.0,0.0,0.63943213,0.0,0.87886065,-0.47038665,0.06206242,0.73246545
-0.09513474,0.90336907,1.1072055,0.0,0.0,0.14129671,0.5871841,0.5066169,0.44320366,0.4786339,0.0,0.0,0.0,0.0,0.96385825,0.0,0.0,0.45629326,1.0523313,0.05433038,0.0,1.11523,1.0171163,0.0,0.23605217,1.3911593,0.24714068,1.3751915,0.77392536,0.088968575,0.28387398,0.0,0.25323704,0.0,0.0,0.0,0.0,0.6711889,0.85286224,0.16787292,0.54717493,1.3104312,1.4028137,0.0,0.0,0.0,1.3859835,1.1307733,0.1721536,1.2282389,0.0,1.2406114,0.0,0.0,0.0,0.5451766,1.1565677,0.0,0.0,0.0,0.0,0.0,0.0,0.0,0.095201276,0.0,0.046433836,1.2048908,0.6802154,-1.2082256
-0.263033,0.54114413,-0.77035505,0.0,0.6607958,1.1232071,0.44373673,0.0,0.0,0.0,0.0,0.0,0.0,0.16498685,0.15961304,0.0,0.0,0.0,0.73684514,0.0,0.25213385,0.13271275,0.0,0.0,0.0,0.31368354,0.96392685,0.09508231,0.0,0.72178495,0.0,0.0,0.9348897,0.452865,0.0014755353,0.0,0.0,1.0939889,0.96811634,0.92054737,0.8557166,0.55622756,0.34113336,0.0,0.4296497,0.0,0.0,0.27883425,0.59149075,0.0,0.0,0.0,0.0,0.0,0.60566646,0.74294966,0.13505244,0.0,0.0,0.0,0.0,0.0,0.0,0.0,0.82055235,0.0,0.72929066,-0.8908938,-0.8247449,0.37991247
0.51849324,0.347378,0.06743993,0.037453637,0.36080745,0.26258802,0.90339893,0.0,0.0,0.0,0.0,0.16512768,0.0,0.0,0.3205883,0.17496407,0.16606478,0.0,1.0660918,0.0,0.0,0.63715553,0.33575672,0.0,0.0,0.77185506,0.25328794,0.36094067,0.20186165,0.35560808,0.0,0.0,0.43681186,0.0,0.0,0.0,0.0,0.58777964,0.6660671,0.20450814,0.75443864,0.57915574,0.72039616,0.0,0.023282416,0.0,0.6163894,0.54877007,0.47923705,0.5763681,0.0,0.59273565,0.0,0.0,0.22374704,0.6717062,0.5751868,0.0,0.0,0.0,0.0,0.0,0.0,0.0,0.24064913,0.0,0.53585124,0.3294443,-0.11710258,-0.23476043
0.5442103,-1.273182,-1.5276147,0.3911647,0.31102207,0.6328316,0.5961492,0.0,0.0,0.0,0.0,1.1319265,0.53605056,0.9111721,0.0,1.1469536,0.06401962,0.0,0.15737715,0.0,0.76885206,0.0,0.0,0.39260238,0.0,0.0,0.11419287,0.0,0.0,0.9666251,0.0,1.2710497,0.9462018,0.6846976,1.1796274,0.0,0.0,0.6676992,0.5299669,1.2110708,1.1263767,0.5910882,0.21171355,0.0,1.3354499,0.0,0.344514,0.07154551,1.5081344,0.11720158,0.0,0.12539169,0.0,0.0,1.7514994,0.9287584,0.0,0.0,0.0,0.0,0.0,0.0,0.0,0.0,1.2786865,0.0,1.4832145,-1.3979808,-0.8118428,1.5752101
-0.4543437,-1.2350715,-0.88490826,0.18343064,0.0,0.7456027,0.0,0.0,0.0,0.0,0.2532822,0.4385801,0.23974141,0.848422,0.0,0.4621105,0.0,0.0,0.0,0.0,0.6900445,0.0,0.43075624,0.48124278,0.2733867,0.0,0.12385043,0.0,0.0,0.9221685,0.0,0.55681527,0.99086654,1.0205045,0.9493872,0.0,0.0,0.52868545,0.50044566,1.1071756,0.8477069,0.8177359,0.22655566,0.0,1.407051,0.0,0.26917326,0.09583333,0.9555541,0.036969997,0.0,0.0,0.0,0.0,1.4456195,0.31595558,0.0,0.0,0.0,0.0,0.0,0.0,0.0,0.0,1.0883013,0.0,0.9576686,-1.2772061,-0.3163315,1.1609476
0.25683904,-0.4327019,-0.4990637,0.16723897,0.11135377,0.4552104,0.56507134,0.0,0.0,0.0,0.0,0.4435289,0.032006443,0.07078597,0.0,0.4564982,0.0,0.0,0.4809257,0.0,0.27964613,0.09947735,0.26076838,0.0,0.0,0.24394691,0.17196292,0.0,0.0,0.6306406,0.0,0.2972759,0.6855219,0.39295343,0.46993095,0.0,0.0,0.47143987,0.4082082,0.45798182,0.68781304,0.48705974,0.4822238,0.0,0.4779063,0.0,0.34505063,0.31656483,0.7235185,0.26830143,0.0,0.23737001,0.0,0.0,0.7643674,0.5054851,0.0,0.0,0.0,0.0,0.0,0.0,0.0,0.0,0.62647784,0.0,0.80092216,-0.4353538,-0.2516182,0.537768
0.8449372,0.83838403,0.6226673,0.10876591,0.46551806,0.0,1.2199163,0.0,0.28292444,0.0,0.0,0.074638635,0.0,0.0,0.7123147,0.066449605,0.352875,0.0,1.5252309,0.2971052,0.0,1.1027166,0.46733147,0.0,0.0,1.222726,0.16718537,0.8845511,0.836013,0.095870435,0.0,0.0,0.16928288,0.0,0.0,0.0,0.0,0.62891656,0.8647717,0.0,0.88954294,0.83364415,1.1796398,0.0,0.0,0.0,1.3146958,0.7487459,0.38546517,1.0926015,0.0,1.2179402,0.0,0.0,0.09574628,0.8965325,1.1978178,0.0,0.0,0.0,0.0,0.0,0.0,0.0,0.0,0.0,0.45259255,1.1413242,0.24545977,-0.81181324
-1.1177951,1.1721989,1.9315192,0.0,0.0,0.23509255,0.0,1.4295781,0.8273078,1.483318,0.0,0.0,0.0,0.0,1.4286246,0.0,0.0,1.3101865,0.65187263,0.0,0.0,1.3182191,1.7512982,0.0,0.872914,1.7801714,0.3033085,2.1875293,0.9544639,0.0,0.7525547,0.0,0.24639672,0.13530682,0.0,0.0,0.0,0.93405634,1.106914,0.5951599,0.2145076,2.081983,2.0350966,0.0,0.15545928,0.0,1.9974091,1.7866637,0.0,1.6533506,0.0,1.542242,0.0,0.0,0.0,0.35067153,1.4567614,0.0,0.0,0.0,0.0,0.0,0.0,0.0,0.23876202,0.0,0.0,1.461182,1.2730372,-1.8128152
0.15015839,-1.6485734,-0.39567778,0.90511596,0.0,0.087676436,0.21338743,0.0,0.0,0.0,0.55847144,0.9854795,0.37016842,0.4055068,0.0,0.9429956,0.0,0.0,0.0,0.0,0.5122304,0.0,0.699105,0.28760594,0.5790621,0.0,0.0,0.0,0.0,0.7079435,0.0,0.7730847,0.6550417,0.7315627,1.074887,0.0,0.0,0.16644174,0.04179607,0.5543904,0.5670702,0.77323055,0.61757565,0.0,1.3978512,0.0,0.90339166,0.41362625,0.949317,0.3625751,0.0,0.65044314,0.0,0.0,1.6732129,0.23362021,0.0,0.0,0.0,0.0,0.0,0.0,0.0,0.0,0.64873296,0.0,1.1847472,-0.4388383,0.37353027,1.0360601
-0.7204486,0.012871855,0.729085,0.0,0.0,0.3628865,0.0,0.5533211,0.0,0.35360172,0.09393671,0.0,0.0,0.0,0.47426245,0.0,0.0,0.35358754,0.20856631,0.0,0.0,0.5441643,1.1936147,0.0,0.6487728,0.8923272,0.12402685,0.80882573,0.018144712,0.37134746,0.26950496,0.0,0.5315071,0.4917352,0.0,0.0,0.0,0.44554886,0.57239836,0.3635171,0.32923636,1.1092019,0.8861874,0.0,0.5398329,0.0,0.91618514,0.8867681,0.035629958,0.64539653,0.0,0.6071329,0.0,0.0,0.29445192,0.083580345,0.4397165,0.0,0.0,0.0,0.0,0.0,0.0,0.0,0.26137912,0.0,0.09599966,0.35790482,0.65294385,-0.5233039
-0.29339373,-0.6526614,-0.50286925,0.054534394,0.0,0.6393296,0.14398324,0.0,0.0,0.0,0.0,0.212593,0.012160331,0.3519205,0.0,0.23713276,0.0,0.0,0.05684203,0.0,0.41114375,0.0,0.46966028,0.089928746,0.15329072,0.12562609,0.21315421,0.0,0.0,0.7348399,0.0,0.1780117,0.828325,0.7145785,0.5580093,0.0,0.0,0.4900386,0.44943017,0.6974728,0.6412977,0.6353519,0.31472462,0.0,0.7485207,0.0,0.18239729,0.21976009,0.6121024,0.08435706,0.0,0.0,0.0,0.0,0.8809894,0.2729274,0.0,0.0,0.0,0.0,0.0,0.0,0.0,0.0,0.764981,0.0,0.68217593,-0.78695124,-0.22501172,0.6441092
0.18581249,1.0209388,1.443315,0.03661501,0.0,0.0,0.7940846,0.47911763,0.6189939,0.45683494,0.0,0.0,0.0,0.0,1.116715,0.0,0.0,0.489998,1.2756039,0.3869716,0.0,1.3655711,1.12477,0.0,0.2857889,1.624273,0.07547422,1.5864552,1.142833,0.0,0.3756631,0.0,0.06578261,0.0,0.0,0.0,0.0,0.5783483,0.83460283,0.0,0.63147265,1.4723651,1.7160672,0.0,0.0,0.0,1.8552197,1.2681336,0.08876629,1.4856287,0.0,1.6714671,0.0,0.0,0.0,0.64425486,1.5533061,0.0,0.0,0.0,0.0,0.0,0.0,0.0,0.0,0.0,0.0,1.7358025,0.9939764,-1.4984984
0.910094,-0.7071005,-1.3301895,0.2886671,0.68614846,0.5293551,0.966323,0.0,0.0,0.0,0.0,1.0568048,0.3820763,0.46596688,0.0,1.0733182,0.34427053,0.0,0.67594945,0.0,0.5262863,0.0,0.0,0.0033934712,0.0,0.0,0.22118126,0.0,0.0,0.8053204,0.0,1.0666648,0.792414,0.32311118,0.8530427,0.0,0.0,0.8291153,0.6736811,1.009696,1.1044,0.34093678,0.29230905,0.0,0.8529213,0.0,0.37944743,0.15312795,1.275268,0.18845883,0.0,0.31160372,0.0,0.0,1.45391,1.1039393,0.0,0.0,0.0,0.0,0.0,0.0,0.0,0.0,1.0231799,0.0,1.4334797,-1.0326087,-0.9313601,1.2265701
1.0094441,-0.8783076,-1.2786238,0.45868,0.5904258,0.4062556,0.9929111,0.0,0.0,0.0,0.0,1.201389,0.4409419,0.4436962,0.0,1.2038522,0.34699708,0.0,0.63535637,0.0,0.5285501,0.0,0.0,0.019398004,0.0,0.0,0.07790668,0.0,0.0,0.7868555,0.0,1.1633306,0.74513954,0.30793393,0.93484193,0.0,0.0,0.7091516,0.5564216,0.895246,1.0616487,0.34620994,0.3457753,0.0,0.90130305,0.0,0.5245192,0.18605244,1.3545684,0.26757142,0.0,0.40262714,0.0,0.0,1.5397865,1.0739663,0.0,0.0,0.0,0.0,0.0,0.0,0.0,0.0,0.9791122,0.0,1.4811739,-0.9025261,-0.78914934,1.2684894
0.6012201,-0.9654832,-1.1550224,0.37999776,0.30412707,0.49708632,0.69428986,0.0,0.0,0.0,0.0,0.98129225,0.37836584,0.543488,0.0,0.98950094,0.10332738,0.0,0.3645959,0.0,0.5662152,0.0,0.0,0.13912481,0.0,0.0,0.09095186,0.0,0.0,0.8193996,0.0,0.98219854,0.80916935,0.500621,0.9290263,0.0,0.0,0.60831034,0.4664343,0.8858533,0.9554366,0.4930353,0.31871143,0.0,0.9893907,0.0,0.37812006,0.14673999,1.2673447,0.18960726,0.0,0.22493933,0.0,0.0,1.4246334,0.84483373,0.0,0.0,0.0,0.0,0.0,0.0,0.0,0.0,1.0117322,0.0,1.2937765,-0.9945991,-0.63572943,1.2196293
-0.63356453,0.25151294,2.0985045,0.40773,0.0,0.0,0.048009753,1.0039657,0.30468902,0.8156177,0.43406636,0.0,0.0,0.0,1.0515913,0.0,0.0,0.9057629,0.40492892,0.5133829,0.0,1.245063,1.9871159,0.0,1.2832462,1.6676161,0.0,1.7358792,1.0101407,0.0,0.80758244,0.0,0.043267667,0.10100092,0.0,0.0,0.0,0.25231656,0.42365742,0.10304226,0.11824784,1.904189,1.9516915,0.0,0.49406755,0.0,2.3471982,1.7484207,0.0,1.3997868,0.0,1.9827893,0.0,0.0,0.11015003,0.0,1.3834633,0.0,0.0,0.0,0.0,0.0,0.0,0.0,0.0,0.0,0.0,1.8602828,1.874565,-1.5326822
1.579677,-2.4307349,-3.068075,0.9347743,0.9103134,0.6570438,1.0738406,0.0,0.0,0.0,0.0,2.4885736,1.3569975,1.9055996,0.0,2.4878652,0.5637311,0.0,0.060586095,0.0,1.3875754,0.0,0.0,1.0011283,0.0,0.0,0.0,0.0,0.0,1.3672292,0.0,2.927983,1.1783314,0.80458915,2.220298,0.0,0.0,0.9603562,0.798263,2.206712,1.9380785,0.5603465,0.0038706362,0.0,2.3896115,0.0,0.8447596,0.0,2.7221901,0.19643365,0.0,0.40175086,0.0,0.0,3.3593738,1.7814603,0.0,0.0,0.0,0.0,0.0,0.0,0.0,0.0,2.0607188,0.0,2.7368512,-2.3611283,-1.6082174,3.0223353
