input_0,input_1,input_2,output_0,output_1,output_2
0.17833877262974074,3.1012574351421534,1.0328309828189097,0.4835903216055704,1.2941959704932278,1.9613259323086367
-2.091287561081752,2.5952814702862255,-1.5586719184675843,-3.6007961234287933,-2.4060525119149365,5.919779862693305
1.5432209108703807,-1.0091516447381061,-0.06397254308773317,2.877889213604291,0.3767237356123952,-3.724780810343113
-0.0015904842333935645,0.9095790235012121,0.7665955187249673,-0.0035992957434796136,0.8140184721730075,0.7841198077605217
0.44113815707791293,0.6209932816908118,0.09968155154477454,0.8398521993139229,0.2846412112659453,-0.2961554052257639
0.6745818183307943,-0.6963623228567687,1.844383342128949,1.2723353937361994,2.0787462998700614,-2.015124907163221
-0.2963569755039063,-0.21734237810650073,-2.1108843367140135,-0.37929864873610436,-2.3735082526604354,0.2708439689889341
0.1798368730598659,0.4313050464913946,-0.6156352452658274,0.3446819657430815,-0.5590753546229278,0.04825756403283369
0.8058829596350724,-0.46782652507082334,0.05918073037564083,1.5281860603595043,0.32579002442762917,-1.9503906979821772
-0.3367563823842996,1.0938105452687046,1.6042340984673464,-0.6585430267169574,1.483662323577295,1.513213248484105
0.6934767982251531,-0.5830471307107247,-0.2679255330390582,1.3054408761099177,-0.042370461290870735,-1.7986314434995316
0.13910373794285255,-0.02287658474344312,0.8980638412941397,0.2655955757039363,0.956331024458066,-0.2804151470883375
-0.7072519746473656,2.070519516377812,0.4405008194325594,-1.3238173177800443,0.3152057619801483,3.002077151776828
-0.01008451358153839,0.18665939445259713,0.781107087214401,-0.025813736317955076,0.8072339546102439,0.19980437214442492
-0.26277055443883035,-0.9347918887869124,0.9593510206273403,-0.5093697803071099,0.9370057079665013,-0.1886403362358128
-1.077359443405641,-0.1311253391310523,-2.0416000977932396,-1.8304522965818877,-2.545640448564328,1.9989391232883462
0.31900349380591464,-0.023964152184579136,0.41323285247579505,0.6071810069630528,0.5460317316654683,-0.6226691476871438
-0.9379556493736387,0.514515394730236,-1.5363229029368644,-1.6297303689957476,-1.9489550730487684,2.249949415067827
0.02472665141709876,0.9416063519477358,0.2785632012691889,0.04415725020295023,0.355813431397977,0.7816861326832081
0.5272130487497577,0.3793611993085796,0.08550139781628777,1.0049126384513405,0.28772740728078755,-0.6748364144113447
1.2501286079096885,-1.0472535334100075,-0.09502424796791473,2.33818102514559,0.27951729933630975,-3.2299096271967755
-1.3778628926967817,-0.08536908936563714,-1.1813272088670346,-2.4681909215593225,-1.6541611070849433,2.6861687294721874
-0.9551465998712348,1.8540375827199338,-0.1491850253138605,-1.7951398503826543,-0.43976758778249053,3.305755309296528
0.8295590248344126,0.7416450189953522,0.29979088607424087,1.5798659723275428,0.5866442577346305,-0.9786654248599947
0.9293638155265698,0.37657468404202404,1.637747468216099,1.7573446181804147,1.870960560305198,-1.6978087712563774
0.8989294745787096,0.3008572541806978,2.2466311704965287,1.6784927597846813,2.4650170144848276,-1.858911861570508
0.22057757906516628,-0.18322516089421795,-0.18998802259508266,0.4181772836859074,-0.09445569786245456,-0.5429508388823899
0.3945790825805094,-0.25795617828214534,-1.7211838114457838,0.8313518995858756,-1.7038223062472597,-1.0673508006307495
0.1391814223061287,-0.5928262519226439,-0.8194940658366291,0.29875094974174593,-0.830409254303084,-0.7259240594560951
1.8623564377329909,0.7147428685906947,0.4227333975434742,3.497638583161057,0.9317077502170305,-2.9999545262909386
-0.400718965338796,-0.6546208210284522,-0.63068620416454,-0.7174936178529793,-0.8152497267786034,0.2952525161404377
1.3068093372314653,-4.326389636309449,0.15533701435769204,1.9630994530483983,0.5633597294606829,-5.772295374899899
-0.8908891479960015,-0.8492778554820136,1.4650982455409072,-1.6320119117151186,1.242173535974322,1.099661065254433
0.6386190263006272,0.4835923575824078,0.48176034930051953,1.2213883874827531,0.7059160025463392,-0.8338223625196897
0.8236772524568291,-2.7530398780511933,0.7106892861470752,1.475926804901944,1.0405418479042958,-3.837292059535818
-0.6505309806677598,-0.5574350412675192,0.9204014693154752,-1.2641100301481027,0.7898440786011127,0.8617520016572071
0.46359829670623826,0.7051285345439239,1.2696222336923786,0.8882280520721078,1.3881732950524492,-0.3833354273551323
-1.1251208523008949,1.0335042216070518,-0.5362526281799886,-2.134272580765958,-0.8814768701958832,3.052618532676509
0.14057871204635647,1.3314540990852652,-0.17028632526721763,0.2577933534933069,-0.07480739566821568,0.8818777223560733
-0.3306022796827001,0.021619449628143467,0.9119294017343398,-0.6559871904920259,0.8488544445843186,0.7043202068175396
-0.43290060608445996,0.9557220913203897,1.114714038311128,-0.846783557859018,1.0188462595813015,1.6361870194347559
-0.44271458099478184,-0.0446335530776861,-0.21115033916005946,-0.8487045418762061,-0.3228135613443339,0.8723663102711333
-1.4144423018025276,3.145524830480603,1.931349591652017,-2.6182267948757434,1.4692648692194594,4.954002147452579
-0.6904103256959346,3.2773420121943286,0.1883269589956569,-1.1634673966699292,0.02101037220233263,3.829605246591687
0.12259891726885831,0.4048782567569551,1.165989916963052,0.23285525018626085,1.1963362388596195,0.09129268937698087
-1.2833586625737736,1.7090203557053387,1.2747948822869828,-2.4552673717112175,0.9377840511408363,3.8078977289812896
-0.4842940057565393,0.3070458024394865,1.1339252527914931,-0.9542043222642179,1.0159378449623018,1.2378764123446482
1.484680985731033,-0.21016785764199286,0.5994477650022801,2.8113770069690385,1.0303403806944524,-3.1145710483046893
0.640466195077641,-0.8759881239921525,0.42877260160478786,1.2235791574141617,0.6524760093803781,-1.9847086499195012
0.2920061287297453,-0.7175172589416046,0.5899343849544113,0.5584829996218953,0.712219660695891,-1.1537513313083623
-0.12676554168268947,0.7184479271443106,-2.898018071785036,-0.04218170270046056,-3.057582210294082,0.609186866981842
-0.2996633560263275,0.009345835047644755,-0.14564028760618955,-0.5780055617546143,-0.20538859188346711,0.6353245003858015
0.49940737238557403,0.22136001018119095,-0.7925958311787673,0.9486001493793691,-0.6569252376599836,-0.7334181688281656
-0.3081802978061284,0.7071962976901179,1.0898948245761557,-0.605534567033785,1.0214544354997546,1.202035249939922
-0.45096737769234224,0.8265641085469246,-1.024895397896898,-0.8342951820494576,-1.2382228891260871,1.5652286157984971
-0.5626190573699035,0.20946108881218753,0.9761618528159125,-1.111589116854244,0.8508178982031609,1.3127149579317843
1.8962134276495581,-1.4015024229414796,0.15084716962653036,3.5193575689834073,0.6848698343797129,-4.689154618454531
-1.4023656123465997,1.9585300899819893,-1.0462247753427254,-2.5272125043578773,-1.6049695400945376,4.19284740689039
1.1015872558903095,-0.34566186311215796,-0.05135335590231344,2.0844853557652705,0.28576721239195685,-2.407414151822779
0.7932419559974548,-0.5928570507629106,-0.3793597484531448,1.48888507199161,-0.1308450325711756,-1.9872282012781322
-1.69712929390966,1.7127319758721506,1.6065433832689984,-3.163135553546567,1.1029304570487417,4.611085750381591
0.42909789085381317,-3.06765963359807,-0.11997445615511129,0.7791077420604524,-0.07041649464154606,-3.3115908485751704
-2.0980853797008314,0.030999545496259325,1.5089107014987377,-3.5700102828308085,0.9142446027332581,4.053241649870429
-0.9052529480277115,1.5994650586897243,0.43430850808430926,-1.7414604301539631,0.23605063814651223,3.0302824083175195
-0.4467802209446284,0.5144635170371044,1.6646746734941515,-0.8642965098091352,1.5074432971740772,1.3049491556937933
-0.1613391872337884,0.42500481689250774,0.7519468864162273,-0.32005691447495904,0.7429533485379274,0.6972838234560934
1.801559445968359,-0.009578214469447607,1.2651052225152613,3.4115282609055573,1.784343257840656,-3.6561284934824863
-1.8668200193489808,1.0848041564146662,-0.09001688888111065,-3.545269737437302,-0.5725875735526902,4.6451414726761335
-0.08419495587365317,0.8499576482078992,-0.8533334274753982,-0.16520861249543872,-0.9215454062977647,0.8857531501837691
-1.724320856884813,0.4457561201517125,0.5754173402298417,-3.269934925971488,0.18661068967959532,3.7758703690779947
0.06946497657214877,1.9721670947743815,0.2589635785823195,0.1387331674881754,0.3857203418168636,1.5363931919675837
0.018075878835855222,0.5274845235367079,1.5077779095586978,0.02327318846870565,1.480294087197806,0.3736217132767199
0.8067908354691579,-1.0391069846784708,-0.3853667201493326,1.5023304243482367,-0.14250468203371916,-2.3758805278403954
-1.439251845684618,1.293167345603922,0.45249311791901686,-2.7734271620158903,0.09395110646807844,3.858911253825609
0.01155722209958672,0.23017149617517468,1.3295133273134707,0.014892902434676347,1.3187152408221736,0.1693682259164457
-0.5453594016910825,2.013717852382498,0.2712878083252219,-1.0132970327468878,0.18671819795750322,2.6714728501890144
0.2645135636383326,-0.10555739080564477,-1.2647764674694824,0.5528392306171835,-1.2640561943379578,-0.5920466619362209
-1.2685678007136691,0.2513326142363728,-0.5414384228518215,-2.400315712807331,-0.8888122590883877,2.76943996417334
-1.006339922950207,2.373959840257874,2.011941677476636,-1.8674130776456601,1.6740212861270904,3.63586165726276
-0.17747296581424293,0.12749851424903,2.341012887090008,-0.32706818879014804,2.2330872068232903,0.3686664661108004
-0.03884798909005441,2.0170514942724593,-0.6122066462526734,-0.14078433543326097,-0.6701095770282796,1.7860548412396415
-0.4283018682387417,1.713956054468426,-0.1926974652442713,-0.818189167792178,-0.2962663539676434,2.2383159060622564
0.4850546733172122,1.2301519364258846,-1.7255883346029088,0.8034816479599022,-1.703385337675473,0.024564381101865387
1.2207303799013967,1.3046486665600996,1.3657841497237477,2.3197866584432147,1.721033850225978,-1.4607344053860865
1.4404584256534059,-0.4176308931335763,-0.0915426434489125,2.7057666235114963,0.3160261274518177,-3.0864119288417418
1.1189914910795813,-1.1647318191565221,-0.13873388547033974,2.089881198925483,0.20074549219539606,-3.0802868400249643
0.3979504726105573,-0.6716797981733472,0.5734036291092225,0.7623840619180089,0.725526703508584,-1.3334660894852626
-0.12935606259976762,-1.1981077626652041,1.007999756888932,-0.24891252422682647,1.0326771674263993,-0.6559825949821858
-0.16353466740110187,0.1897229901601068,0.6622726745724898,-0.32725425969792693,0.6551081514185372,0.5092800271151924
-0.6798311219561856,1.5031543277186623,0.14693809407595176,-1.3019484475785108,0.0035442595926844095,2.537346352216092
-1.1289180391255846,1.1555575474433561,0.5266946883622609,-2.1967072164611476,0.2625003859141918,3.1361252002697957
0.4538152219659869,0.9272612688628062,-0.3907599111530589,0.8582410427172023,-0.22731385610273422,-0.060911001413395796
0.34326447831236795,-0.2649396414528859,-0.6773036337694895,0.6625819495227273,-0.5840196562064179,-0.8440617640175543
0.4277528840244392,-0.7055818876205939,0.11695574286582994,0.8102890196924089,0.2734954877417269,-1.4009360796444015
-1.4423595914701932,1.0086027654756937,1.8230082138157475,-2.692491960266505,1.3765334215669418,3.629794363163746
1.3300455986186541,-1.2276717057603364,1.6688157815041753,2.535872782746044,2.1458937800369933,-3.6992150256077014
-0.91413169708168,0.6665973706393695,3.412876656186242,-1.6379893011228208,2.884532289898937,2.3572648263247533
0.47931347966860044,1.4634401061730193,1.3551290136445426,0.9204300039536458,1.516216351210057,0.16013784201268036
-0.07630400111284466,0.8264778960869504,0.17065967560711243,-0.1527381369731063,0.21408339095674583,0.8804393569480748
1.3365504264890797,-2.0455824476645756,0.6067317023814685,2.531958156494191,1.0431761117801976,-4.280712149461224
0.14258809236415498,-0.31316118437790325,0.31175921800609935,0.26506066449417054,0.39337319053133796,-0.5106985284259936
-0.808432365106943,1.7611390166194665,0.5281413024263387,-1.5464765956010433,0.3690942091645892,2.964752496500571
-0.7800328231186231,2.168805493445501,0.09643215794634996,-1.4476556095739601,-0.1017211388396467,3.2125435482681244
-0.00034607343404522567,-1.4567816918663998,-0.07074512355188906,0.027184542755353747,-0.10358973008399158,-1.1630083079246925
-0.6971797504302548,-1.0430162890808987,-0.24422592062542983,-1.2868555562186257,-0.4840844267026406,0.5258507500618796
-0.4162655417615698,-0.07226952739898627,-0.22463198254739622,-0.7963485992066313,-0.3305879646365162,0.7981312540404293
0.8830375622644245,-0.8112874278621628,-1.2426813090898845,1.6571346468120027,-1.034370251403171,-2.317441300206126
-0.12891320113105653,2.324778299808834,2.2141896729048884,-0.16440029126648045,2.1179219151898874,1.7588778340523727
0.6225294865753627,-0.4730022293729928,0.23359373085500712,1.1842016770411528,0.451005981485433,-1.604569454547379
-0.49149015422298153,2.532585694652578,0.8712521679805363,-0.8891808566829719,0.8598512144567888,2.9232394896312113
0.8218890627192312,-1.2201833335648207,-1.4131754337873044,1.5600366336934044,-1.2490451977715085,-2.602778091099427
-1.6440173416168864,3.2765687511072947,-0.06175680929851971,-2.836777532260774,-0.732774421127918,5.614318418173382
0.019169298367009226,0.059069818164987055,-0.5652246392201092,0.04862171367350511,-0.5607007693879286,0.052853508874140094
1.6956779963215118,-1.8654311254121978,-0.972689167062248,3.0384541591120184,-0.5401082808772051,-4.50398323426253
-0.1136366413898648,-0.4163058433163724,-2.013115299214762,-0.05404161498352713,-2.2124815238378703,-0.2637312531289344
0.20958115266288532,0.04548994962683124,1.3939813955151497,0.39799424012078877,1.4363505083223065,-0.39936404919103957
-0.40031492545921105,1.2057873425996213,-1.0885066582669372,-0.7635816342846016,-1.3100125293274598,1.7613436793287054
-0.5650921548671506,0.9790024508228038,1.610195481947164,-1.0896596455468543,1.4281348441359456,1.8767260157816334
0.2822880538086476,0.6268459309517094,1.6685571087812308,0.5282487141758556,1.6986604966736678,-0.13529726634058448
0.8947826026947847,0.8866413838000308,-0.9145425096447598,1.6601390752355754,-0.6944051575042598,-0.9516195885624212
-1.5171434620348365,-0.5022854283823225,1.0080886541328475,-2.7329874785001738,0.6532347530186505,2.5073869494055607
0.603968511929743,-2.336604267931505,-0.18220987355218018,1.1235607600689503,-0.06310711629072971,-3.0641000640435228
0.19573473508926634,-0.16845718408607094,0.28210554444074265,0.3671860032822032,0.3813180758300647,-0.4933694454523838
0.5081336791183152,-0.6666688724661901,-0.8901348929162362,0.9713757886277669,-0.7738215341487571,-1.4903808061530102
-0.02330197795744292,-1.5380784559321643,0.36499676066142883,-0.0246336579738482,0.3789029062734545,-1.1690044554908476
1.4285765709917775,-2.4565194998976305,1.1023741810026628,2.6974298794727765,1.6273047513507137,-4.877861621497889
-2.2386805730861283,2.0082293116895773,-0.14559400840717657,-4.0910928193160006,-0.8703025275223372,6.106070791146252
0.314310329894787,-0.36674558453208944,-0.9378479869879045,0.6246271056114712,-0.8872135320936865,-0.8791821467493983
-0.5212187703959872,0.4018643829987841,-1.539818897593671,-0.8671286527123306,-1.8367327300383622,1.3359634929608664
-1.1433169327840647,2.4011549678149056,0.1114912816606078,-2.1034806960677157,-0.23663905742607547,4.05529033691497
1.274499735667915,-0.9278205563867357,0.27850844049560475,2.4065404706743383,0.6706687720790339,-3.231385763731287
-0.8332439170860971,-0.07451252709099404,-0.38130257761960107,-1.5834045099336587,-0.619825953908826,1.6273231798032242
-0.23331520666402483,0.3525986434743276,-2.765171799839438,-0.21165595177311636,-2.9822935209730828,0.5265963946264424
1.2625825161502224,1.068393382012269,-2.254259091426957,2.2992581430925685,-1.9105356523471098,-2.0682812679434717
0.5411802786980934,0.10926627570956819,0.07597347229056593,1.0304526922758517,0.27710015195251636,-0.9355653795422089
-0.6047483458229619,0.7277550279400559,0.179339758976936,-1.1834098209667874,0.06040634191425356,1.805177683308674
0.4310951413728195,-0.4627199830552472,-1.4231915805086508,0.8770445640026098,-1.3820141595297264,-1.240750734759246
0.2805435381902365,0.7852397454465773,1.2221199224915127,0.5368735054727497,1.2968215827531975,0.07135436451649069
-1.1593007176053198,1.0835963400496798,-0.8837024127502633,-2.155984387085357,-1.2865146486326926,3.1436598691800453
0.0372882743087897,0.6122361397748914,0.5629107979524344,0.06812624244224377,0.6238765640953048,0.47223597807912787
0.6184563523327434,-0.908052377006715,-0.8337612447571154,1.1618248754519838,-0.6818245699876209,-1.8914490992581952
-0.4638894775885165,1.707632769569141,0.4220934733282495,-0.875006102841785,0.3730812883585701,2.290970151504992
0.443931737986873,1.2028127218737772,0.6555193736203063,0.8422500682472491,0.8514161064502196,0.1627506846844517
0.30697878186137145,0.9462496664522942,0.19531268596635892,0.5827918533637432,0.3536512753138001,0.243110922743225
1.6986399785482875,-1.3568811014027768,-0.48832087461819207,3.1153225399233286,-0.034996973164846755,-4.1818760510940844
1.0358043769133654,-1.1501902771097454,-1.1805668664053541,1.9110521271656922,-0.928611645390717,-2.8483509876885655
0.6811521352715594,0.5492526087304855,0.16597850321355512,1.2995305215333313,0.4116110127831164,-0.8387224151491869
-0.48680312781754037,-1.6326016635696965,-1.6818174433882203,-0.7894364949331919,-2.064191629747996,-0.4998164928158778
-0.8179118933949475,-1.3530993808510523,-0.2918818545063127,-1.4829421341784612,-0.5859804953436734,0.46284277012506303
0.769322687433755,-1.100423797366945,2.07280876281123,1.441285841862075,2.3901616898961517,-2.543579766171591
-0.8746071992012276,0.26679132397611216,-1.503260615350008,-1.510927757501717,-1.8974964053870973,1.947955505280135
-1.2226480394690888,-0.22915396797986487,0.6548493098474419,-2.342184289410063,0.3907018760644644,2.212976633798747
-0.26357364463280575,1.7614257379997529,0.21470057516922675,-0.4905655471924832,0.2199032179566298,1.9755143924608372
-1.249681606594748,0.6087232032536404,-0.866458331005657,-2.330957585882327,-1.2639096033952837,3.0034808381624987
0.8894737135225994,-0.387929705898429,0.5318924159220458,1.7030953385466234,0.8184341482189864,-2.099713806834231
-0.35752702277488374,1.0128079710455147,-0.2890170331378613,-0.6944827255867193,-0.36685588164128957,1.5566235397686938
2.2985755118841777,-2.4750400839879596,0.16547276063045205,4.2276446042052935,0.7968216257640193,-6.419264118977189
0.6227055457342928,-0.3283479811222136,-1.3179756590200287,1.2028879114751798,-1.1941761349474695,-1.458719575775695
0.7241622708298607,-0.18933150652273373,-1.0457161067487006,1.3652076575648509,-0.8646991578826861,-1.493275682800336
0.06101489259228822,0.22042556825782708,-0.762892145906975,0.13256832871028548,-0.7658521679567065,0.0996931178573946
0.1631177453739709,0.00042755598290071127,-1.611426953904547,0.3942289272384349,-1.6768429824699878,-0.36041795568645435
-0.2959495919588892,0.8582525374352951,-0.03894723457997506,-0.5779068981321142,-0.07232351200202444,1.3225734366999111
-0.06278815524166663,-0.4660932261033181,-1.8834521508840343,0.027862164903283276,-2.0630986049576885,-0.3822171395409949
-1.435922003584758,0.8921467071890227,-1.0974865939978882,-2.6417905306349487,-1.5849407224342291,3.568608357831071
1.8175291036763392,-3.357872853112813,-0.11505770743350976,3.342005107928048,0.3790298504740761,-6.407089153657917
-0.3826192184152804,-1.0817724869674976,-0.5207136299672652,-0.6786752207470079,-0.7172616841949899,-0.11033964816798342
-1.4741614047391955,-0.5354730250046541,0.2792740907456792,-2.7419843033657303,-0.04036955530804472,2.441795497202012
-0.8078417733610769,1.9834596597069474,0.07086788623847587,-1.5146541384631167,-0.13628286310283355,3.1272129099228065
-0.3865066661366139,-1.3650722244995361,0.7462914643803445,-0.721168383476129,0.6948404620053612,-0.30632804701910565
0.8857745750222599,-0.5361465380039516,0.5736163588771331,1.6966849659535128,0.8615190079688616,-2.2176885088491014
0.44053836481544084,0.22412924725885264,0.32184560039964977,0.8404498535915387,0.49447618167945323,-0.6477312496919396
0.35410611329527536,-1.2612671293216502,0.6322078421690872,0.6819395567412582,0.7816479311887626,-1.7107539770060327
0.3513492095554445,-2.11800383213367,-0.9720351571751464,0.6366517432565398,-1.0121332439908084,-2.4086396904922815
-1.7147331203593459,2.0716800177576067,-0.2991242160740007,-3.1342455972243375,-0.8890277481304809,4.979064464305349
0.3804432729689203,0.37648706595623493,0.12702050412353405,0.7233914451701825,0.28979179394353205,-0.38725450687150925
1.184798944185095,-0.3702780052160393,0.16730259364301248,2.245323703413604,0.5279012699536818,-2.613994483756057
0.17006404320586635,-0.4149771736036682,1.4194615359111038,0.322297720695436,1.475695103603233,-0.6752958929030201
1.60076865662136,-0.3710530619004218,-0.4712048273873558,2.9839653573565608,-0.0573483068363129,-3.2901986189612105
-0.8697695380653472,0.7777559832681186,0.5594578364999735,-1.7071277915052632,0.370631100932204,2.34792150646899
0.895144322284543,-0.906921891451483,-1.4642812624216834,1.7019765987102051,-1.2674702666775208,-2.4822665408252824
0.07693434421388112,-0.00039931184341467633,0.39304029741019525,0.13883006183038185,0.4594533310961202,-0.11851882517356549
-1.1679695813257256,-0.4719434632033323,-0.15740475326825806,-2.2057211866389244,-0.45256638061539034,1.9388907958854442
-0.9857561493857221,-0.5615179052887528,0.47816905040416857,-1.889437794139419,0.2656115014596233,1.4787920415162799
-1.8307300916380138,-0.17891630828611557,-1.365066282570907,-3.262621405219462,-1.9721459871770588,3.4688393638704844
-0.36024469954701466,0.5267002572517494,-2.1843555480307932,-0.5287894153931437,-2.4521337468780513,1.0211853936190787
2.443004181520677,-1.7072075002290692,1.061874024401522,4.602197791037629,1.7659259436273982,-6.19773339161625
0.7044062591562363,0.7439501748573977,-1.1406493282743246,1.2970139693998093,-0.9920115332114121,-0.7160641418669821
-1.699704919334914,2.5180284036761953,0.6007341663844697,-3.1571566005342415,0.09436876645071052,5.254039862591961
0.9008052899317737,-2.5151067766340036,0.6581078164321001,1.6654562160143538,0.9924306969048785,-3.8226377687936717
-1.1977360521435758,0.6237231757975019,1.6964527857197944,-2.2730875424353045,1.34134192340096,2.8854411450712587
-0.006716703470746838,-0.5195753088818275,0.5837214258795136,-0.021486627391302332,0.6208802079282647,-0.38684597382831
-0.9301884751763242,1.0552387686458204,0.0949857309123893,-1.8066408321590905,-0.1282137442725956,2.6828973211846563
-0.15211494544586743,0.9805574721405979,0.5486500392011847,-0.2940631349320579,0.5701020189982889,1.1412713751713082
-0.5689956964898805,1.668903578737273,-0.6447718111835535,-1.0923611673867157,-0.8750439392909691,2.44805471216766
0.3273220720554415,-0.10989703278775563,-0.5391980441611275,0.6276938310789691,-0.43396308231254155,-0.6847977065378796
-0.3091588868379952,1.8656033103739387,1.5280050278908948,-0.5992676847113773,1.4693888891328366,2.0365386198255604
-1.0447504344674574,0.6622619151892837,-1.5042680561995698,-1.8355371246241903,-1.9417407835490685,2.571252301941566
0.7235112712141926,-1.1661752420376048,1.7879616350819965,1.35523548737698,2.089528149006644,-2.450212928509176
1.739930284611755,-1.9100203231043682,0.7401597903987378,3.3011550331651582,1.2773738223346756,-4.939782648101633
0.5709156484486765,-0.7766122454852058,0.021390957903845,1.0791842228099204,0.21711296807020505,-1.7393592083043554
0.7220536801815013,-0.18802673795422092,0.8575004391829125,1.3919458237708768,1.0831042003917393,-1.6277428040877624
-0.8216418446595406,0.2819029166401004,0.3173401873382673,-1.613736045908364,0.13936503938755596,1.8648030959900286
-0.8337801149498113,-0.2168215425553186,0.5992158136469622,-1.6319223176585456,0.4237826987050159,1.4787678815568974
-0.5128439568907244,-1.1509643020072435,1.333430187977309,-0.9512241594581431,1.2422528494504608,0.14109503254611097
-1.0529954591211048,2.539415936282901,0.01954914811458009,-1.9175439424963838,-0.31777109964428674,3.9839602909421483
-0.9120874934190483,1.473777888111417,0.6603845803210756,-1.767373370878341,0.465185220473918,2.949562770553714
0.43938604302707995,-1.0471570234209882,0.3098738608321954,0.8397932939967194,0.46992680155014954,-1.7117090348315536
0.8728990102110494,0.29469664525055056,0.5063634080188294,1.6698104935544114,0.7860810635229987,-1.4798794696814919
-0.38743524938625723,1.6074264068386706,0.8674251214578708,-0.7427141836485895,0.8360055661025955,2.0613849720533035
1.13368245526991,-1.75779501543158,-1.071980411900647,2.045822483293445,-0.8011317657236467,-3.488592565740437
0.08714006588791837,-1.0249176480167366,0.8981273474397404,0.16385705500645353,0.9735275682925032,-0.9687075549904288
-1.4430110716446471,2.697334479484935,2.0412596984786466,-2.650984675064336,1.5473065386925824,4.68165109448081
-1.6502945841618566,2.1206691109468014,-0.6806677264662918,-2.972494604871393,-1.300585204515397,4.829080819526981
1.5613478428987537,0.5605521904282584,-1.0349069152832204,2.8856293452030446,-0.6834979283227655,-2.5355969236035514
0.45379711878916157,-0.8514005800809712,1.6390519073956749,0.8550348614007885,1.8174601173646254,-1.6316388978888978
0.4588267283592011,-1.3572135113171966,-1.1327727383678146,0.875271117076617,-1.0950837369437,-1.9923594669806568
-0.4965978983082529,-0.9250760244773915,0.1507954389749196,-0.9431343917959277,0.02240806007234484,0.24308185864406529
-1.9626494530058378,1.026050037980859,0.09614984930098903,-3.720796926817281,-0.3899346983799294,4.79233339514221
0.11272197275090493,0.3465835777804817,-2.006335151204609,0.2959079849034461,-2.0971495249613716,-0.030004358699095908
-2.1080024377176554,1.4511160084188526,1.4440578258497163,-3.8828781916191955,0.8494344156747153,5.299651695436299
0.7369193998461557,-0.21510404042649833,-0.6197939158948061,1.3884014038139787,-0.39909224386155306,-1.5460846996477224
0.05787048773333843,-0.22972799401235183,-0.9839282846811284,0.15747633454398804,-1.0295882038646593,-0.2739578769921229
0.19074541157499175,0.33333187589111357,-0.9030194750973839,0.3757976439357953,-0.8804425910844257,-0.06142190118599923
-1.3988355362592118,0.8409927032789886,0.739824648658951,-2.710182058975,0.4086471772110762,3.4300766861048397
-0.22069460471866037,2.698900023763597,-0.8506656271127561,-0.5401220045646936,-1.0654964951899533,2.666369190955089
-0.22865539505575347,0.8764403450644699,0.30608425393339284,-0.44597725986196857,0.3065345414229376,1.2083833454799935
0.8574113119576936,-0.24178863912461945,-0.21524849665825477,1.6233983779528687,0.058921394297769894,-1.8350683134731207
-0.021224845026573246,-0.8168242665324441,-1.0670975030614906,0.024513030189024693,-1.1866235898189519,-0.613998848151176
-0.19303631566288457,0.3108126107810662,0.9346291033908022,-0.38308077285333236,0.9031923430257932,0.6630104523811537
-0.002134378786697734,0.23110484920366808,-0.0038408592567651043,-0.011923455440453874,0.04339778407796055,0.2406214584141559
-0.1749923358208894,2.1163683157906954,-0.7882150302880807,-0.41575227336144904,-0.9387882900349609,2.1128045766366332
0.410633185111595,-0.723447666721604,0.5822364195231606,0.7870906830770683,0.7386551166218827,-1.4017138987130742
-0.7828942345605102,1.8240542414022842,0.3809283128914571,-1.486866644572241,0.22194116875628653,2.963174841419719
1.9062880361897607,-2.578405576891871,-0.28517298693923965,3.4845541448798016,0.2370228317009227,-5.68449045661167
-1.277389111293347,0.5442275271354041,-0.720955444825197,-2.4035991575824336,-1.1013463023714354,3.015908689084852
0.6485993303300006,-0.7230042005379762,0.4433204228766796,1.2396821056487437,0.6684348668548978,-1.878731282638769
0.8020164495607619,-0.41600419597799,-0.8892135554351954,1.501632961967617,-0.6719039207057165,-1.8180329275388936
-0.5815411811049023,1.5479943841023633,1.166618539513784,-1.130791572533145,1.051950299532922,2.366633173554824
-0.4836065662066659,0.8170877007639042,-0.41992768806076225,-0.9320456305336212,-0.5533111593201117,1.641056086927133
1.688685779312079,0.18748827565452814,-0.044204213167232394,3.1668038800706055,0.40162577701430574,-3.0675601779982338
0.5117691055994307,0.20760325957317963,0.3305799513909478,0.9774270193185023,0.5217907143055895,-0.8061155038447498
-0.7252847060421589,-0.24536352389032534,-1.0661792233205323,-1.2812608692434033,-1.3803888944372937,1.278774480382679
0.5995599926929064,-0.2732887135662702,-0.961685354118321,1.1392576485490302,-0.8123589825605678,-1.3315314145458965
-0.13556554982507815,-0.31690768559423277,0.5064034126584399,-0.2736962228514907,0.5089791964518136,0.035394895598869436
0.9136438835109684,-1.5593501396371188,-2.3408594421892905,1.7786840562589952,-2.154006700813905,-3.3091439408971763
0.8884527984835704,-0.21986496222482171,0.48685179784112526,1.7004669490544715,0.7716209410149132,-1.9526027692545695
-0.025271718147961,0.09724765344980729,0.6964842181884219,-0.05684062572361486,0.7234369718518816,0.15804002425937422
0.9271252279971626,-1.460198634978806,0.18953439570708908,1.7536156334273207,0.48521836505667176,-2.9961868430422665
1.6416447136182866,-0.6160089114285499,0.1465270341747879,3.0716093723310953,0.6095427779881019,-3.639021160849113
-0.7483323411972506,1.7139660761255953,1.3124954034113596,-1.4504985879473906,1.1421452905578962,2.793602014984502
-1.7233035694636274,-0.20071053700939892,-0.12483992714466202,-3.2031081763358604,-0.5101089720664536,3.2518885028589053
-1.0413297741789422,0.9370252462981595,1.6067715196026344,-1.9837716030202173,1.3012062823198334,2.779601379633452
0.1330644985109872,0.6160567776100878,-0.9713204551933727,0.25589397357868227,-0.9804778467947652,0.2772836946128758
0.18259209205685983,-0.23866675746258828,1.700943044275905,0.34333071560133793,1.7404087914037,-0.5916460785333378
-0.3094786145811717,0.11104554935706978,-0.2833258044299721,-0.5920935849201728,-0.35490890976602174,0.7403519904058862
1.3313520357833284,-2.379391221963468,-0.2814768268976708,2.4449493882665303,0.07628826504964654,-4.477893318257145
-0.3043335759785582,-0.5735411440072751,-1.2437589872095316,-0.47472954335780365,-1.4743822069621308,0.13990061654195005
-0.022141997996559176,-0.8876253737806764,-0.15044326946761843,-0.03144677953060394,-0.16395791138039234,-0.6499327980579783
-1.6511954814350642,-0.20962610889006036,-0.7356265605250728,-3.0040742080890195,-1.1903115102074957,3.1053116909179828
-0.058232674677644175,0.4552664680340987,-0.7868142504239103,-0.09896279493736576,-0.8315337359221167,0.5207729116324057
-0.1907415051792118,0.950689896755576,0.9416477930559929,-0.3721885803417307,0.9251408882614758,1.1733866848279686
-0.7984817387559248,1.9231171215900562,0.01998273015561071,-1.5008036977639652,-0.18964098959117306,3.066047796489321
1.2867848276182787,-0.6585502208723547,0.07160146865234278,2.4244336040822034,0.4571120487750804,-3.0192373053123944
-0.8145181925686205,-0.743372199649868,0.6022067107394027,-1.5600291229724883,0.4327327556657482,1.0009161818823036
0.7094798754452455,1.1051131208878198,0.17509890706036568,1.3474115923649521,0.4479192467804091,-0.42058323056530295
1.4892765621879913,-0.8947492707549161,0.6280659813507088,2.8208998122388733,1.079757970959244,-3.6522917726570716
0.8885155407415327,-1.4573644507504455,-2.1290007295559255,1.737833154041478,-1.9542825994125959,-3.159545722317575
-0.8526790851456573,1.8463081199750788,-1.7070690002463702,-1.5378674212211851,-2.1456793069063953,3.0586796948794746
-1.5020127084698771,2.1248323545729675,-0.4009806146724137,-2.73736695429738,-0.942954804973842,4.558080212479098
-1.196522885863846,0.17062453776619985,0.27158186720000027,-2.3233262968630166,0.00490245879577917,2.5122439849572658
1.3464559792856547,-1.7543896339496459,-0.815094306631044,2.4283512982893902,-0.46614939581511416,-3.8411915465581488
-0.7981053163194823,2.785737508357408,0.7092347602455158,-1.4324947390221991,0.5812279416361091,3.651524877352236
0.7545667268049511,-1.2795064430250656,1.3396304351254442,1.4310400688897738,1.6428769737614428,-2.5685998699337147
-0.29061524799913024,2.658526045326091,-2.0375074583136805,-0.7146584430614111,-2.354999895609984,2.680081906939657
-0.6161542310970657,0.2109941116098882,0.6408654118826558,-1.2181412991523008,0.5165452932065103,1.409255246900194
-0.48201794630043654,0.49703467676919055,0.7042845692124393,-0.9504342738378185,0.6144045370502897,1.3796242705184716
0.21786027819597534,-0.12837342005252858,-1.5857919283043023,0.49821170897035355,-1.6306706829738336,-0.5752423002669976
0.8710429684496418,3.4956622303255505,0.5906847391894994,1.9035991389439462,1.0832319198604787,0.7254173550474543
-0.3248428757405746,-1.7550452878472311,0.8746071661332164,-0.5775534543021152,0.8555054579835745,-0.7340890401000281
-1.0903836994442535,2.7373353357061485,0.2166803073230108,-1.9642380380126743,-0.10786998176547308,4.179653089650441
-0.25469248973928266,1.7065267057507458,0.03364324054975427,-0.48142371817280655,0.02280283687590505,1.9196041206590257
-0.11755369330991851,0.5452767088796495,-0.3995423588519535,-0.228158273828779,-0.412043592514464,0.7207935044405479
0.1888407687658791,-0.3079066142526287,0.3543690786755577,0.3545296665823506,0.44903985337733493,-0.5999456812703564
1.5595249241686626,-1.8958791396732841,1.7207983344889466,2.9772916371827067,2.309715750025926,-4.647249610536297
-0.25496533839852303,0.047730695995899144,0.34297393720761543,-0.5062588035450267,0.31745467808060157,0.5732365924009719
-0.401895400748651,1.504334536595564,-0.43897795358450725,-0.7793551225831604,-0.5669375195736449,2.0197809428985067
-1.6270114379039955,1.6855312311007646,0.8863370712800462,-3.0986009903787863,0.46012076279216796,4.500084805578424
-1.8292092812387077,0.2399784040786044,3.002248121448925,-3.056270336017306,2.175452296958136,3.6602976358350863
0.7671993070293326,-0.890362900576631,-1.6158076992445807,1.4958381700873338,-1.4693462771214665,-2.294227440817082
0.27488487360964936,-0.5279240882291959,-0.535651488016774,0.5315452381896943,-0.46113109522961715,-0.9321698607167008
1.1931681240020837,-0.14991411729437024,-0.8194804015533464,2.222975719683496,-0.5049828578357313,-2.3225687679868274
0.7580810323102771,-1.36820898518154,-0.9647806482460917,1.396434428668429,-0.7966691225795156,-2.518301926093446
-1.5618094064809829,1.9308174439524823,0.6732521102842771,-2.9705564768251893,0.25658773528987444,4.556967498564633
-1.3603955388304905,0.06992200161643261,1.0919250145145765,-2.5962039272983803,0.7690695684813541,2.748311822952051
1.8646831490550788,0.8122235158035725,-0.9669372578164994,3.442019018688159,-0.5624908684223692,-2.9986594496275423
-0.35450411934769893,0.12351529185218502,-0.28624091792128037,-0.6786838645301344,-0.37198500739185614,0.8387938660603719
1.9664093282051596,-1.0666492222983288,1.5164701930768276,3.7197640942057077,2.133094966002472,-4.752909704366346
-1.2270843520110566,2.343819186099061,-1.430714936930548,-2.193072763260154,-1.9898201096194497,4.119381494966498
1.7690994146365449,-0.27041608238312176,0.8212669082942887,3.336171940618722,1.3285393891523765,-3.725100219263691
2.229326505339214,0.10759060330456423,0.38832183709463963,4.130316689398796,0.9882601338043905,-4.203261383155206
1.2545364118694915,-1.9151548888229253,1.2257899348184893,2.3856793008800414,1.7025028945795382,-4.062498193719874
-0.30177584643859307,0.22426566586854707,0.5836032995660153,-0.5986508233189014,0.5434011037314095,0.8090213329146998
-0.9485716617932715,2.4498431665493,0.09567787689892135,-1.7361655796209148,-0.17922713620348357,3.7237628005701433
-1.9408809168420604,0.6106332146843676,-0.987832807682349,-3.5840442565766506,-1.5680417665035606,4.3991573543810345
-0.14000629296280234,-0.236798170953146,0.22792218080542173,-0.2799356986474943,0.22821450821080777,0.11255610916145417
1.19618085139911,-0.48614904877021275,0.07728539449074671,2.2612740845726167,0.4402736879479385,-2.7164960988903726
-0.06670242033291704,-0.5892784932405442,-1.1933343122951712,-0.044297106544994684,-1.3319854008037115,-0.3460619230879079
-1.7251876462560596,0.9219906434482089,-0.7976350717862779,-3.2277042054617726,-1.3145936351533243,4.2156825058364715
0.07264146682718736,0.2579994543919325,1.7885401258981644,0.12678344811936906,1.762754915238186,0.012337022190259617
-0.3357315766455071,-1.2361045344357833,0.5608015572832477,-0.6340452122934817,0.5095098773539793,-0.3088876892723912
-1.6941112210207214,1.8526377839895742,1.1508540334541413,-3.2022183018874006,0.6874556394223731,4.738428556547913
-1.6886045748937926,-0.22066436793449304,-0.7782231569515895,-3.060191769235459,-1.248528550949729,3.164057962956235
-0.7507770435791911,0.8860927582922603,0.21108736626387004,-1.466337501409482,0.05041590272654044,2.2076459708938003
-1.8523469414992693,1.573977821336881,-0.2707953900030739,-3.4618780223079297,-0.829727020305033,4.961041162192305
-1.5530118259788763,0.9395959382376581,-0.03737214517290901,-2.9822416761314217,-0.4284686778664859,3.8667487784194257
0.3276449389957577,0.7639699668853891,1.3037699656107564,0.6261346384299057,1.382354646051287,-0.056283617411281406
0.19370945116875046,-0.15903079348020627,-0.12628486213630744,0.3658242096744616,-0.035109447544155604,-0.47082717211388786
1.3039804535014878,-0.9368113941634868,0.32068821027539723,2.4630459504776163,0.7211934444482492,-3.2977707814182295
-0.3924299902173332,0.4808943500583249,-0.2424802127367576,-0.7600534571405798,-0.32765294077433377,1.2026287882602538
-0.6128466625348301,1.0287559703663778,1.4351742445266569,-1.1882029953670992,1.2620365095470705,2.0196766456349384
1.945531159929214,-3.9997670585879788,-1.158538786661218,3.6275793566582304,-0.6510165472491107,-7.084465424046884
-1.4578756214675115,-0.35473576969168263,0.18421211614747587,-2.7422950400703394,-0.13387948577738923,2.5805544067288984
-1.2361794538294437,2.183564344398456,0.17900925441546459,-2.307557800635523,-0.18134821436434148,4.084758914763506
0.4768182076146028,0.733270697150403,0.7875021271946604,0.9141540584523029,0.9561162230483347,-0.3180022032928567
0.10016485784969274,-0.06852119700077737,-1.3127377851150506,0.2593308394843131,-1.3786579251471351,-0.2506856610604906
0.28890005715864014,-1.2609104210921076,0.40459510213675504,0.5591255324215662,0.5210085496355498,-1.5788654357039562
1.6461744018231255,-1.7945746299359893,-0.0405536315741935,3.050453927558913,0.4283528755561758,-4.518903056015158
-0.05623794883616441,1.2608276120375326,-0.42241355453779517,-0.12464671664212273,-0.4234630841011009,1.1853364780871156
0.2872395180739003,0.34813190617075723,0.786952006439514,0.5532571565474711,0.8935309605081934,-0.26389178648750106
1.050149623572102,-1.8037500530591384,-2.9744332766414012,1.974819567122457,-2.7239114666901783,-3.660347819302469
-1.8817096210509756,1.1048905792090185,0.012005643972056987,-3.5747765741190074,-0.46774798148543684,4.686694414070412
-0.5556961133278666,-0.42218835728435583,-0.10622880410189983,-1.0615096306349547,-0.2564979259931578,0.7793518799916094
-0.6416486978332689,-0.37324376200799614,0.09112150184980829,-1.2404359773481695,-0.06187334650019385,0.9804405012864261
-1.5650353240333694,0.438982228337937,-0.09017517310774664,-2.997109074440782,-0.456002236475587,3.502275696444807
-1.1671118200228403,4.0128554263296285,-0.4440374089058551,-1.9872620596245505,-1.0258540421243358,5.147269159597474
-1.1609048250528473,1.674503626409189,-0.2863802987269318,-2.180366539027238,-0.6563760820930423,3.5702553165389124
1.1585588597992815,-0.6546161270720201,3.0901636290271823,2.3124279301316712,3.4853963751855637,-3.4656445398836992
0.09473998217148452,-0.40438024131661726,0.6208909702049606,0.17543630129814874,0.6844616088284379,-0.4975160348528468
-0.05618487174239499,0.8214586856377479,0.14944618424891912,-0.11415795346057528,0.19835087101532242,0.8381419986093134
0.10089886346215218,2.2364959632167287,-0.8155879442954986,0.07239537972174094,-0.8767940706351391,1.7007146580040036
0.8505717690731266,-1.5097264061968485,0.6217916465163883,1.6249405279674767,0.9218188222658528,-2.9121308541261057
0.43074006746178656,-1.6245880914273942,1.0681781133734358,0.809854896771352,1.2833801935748304,-2.1419115638413815
-0.08726569670397506,-0.26184800061319835,0.30804564082574587,-0.17894913106267707,0.3244560246566586,-0.012894429573941355
0.046074274171184995,-0.2616623624388505,-1.192337712491897,0.1569991763529671,-1.2709989524022391,-0.29426619314032776
-0.2344283909430951,-0.5231165281963149,-0.16951112123629228,-0.4408611003014285,-0.23441482067949967,0.06800523070985981
-1.8667597048395879,1.2004016909765798,-0.029216158009977643,-3.54219458928825,-0.5188579133574944,4.728925577532227
0.34080868511080525,-0.9920908461907508,-0.10261489519537018,0.6482284663651356,0.006475403590180423,-1.455286483943902
0.48831528438280664,-3.174670770264521,-0.4054319162895964,0.9126670718600006,-0.38816943473893983,-3.5497323624760098
-1.028376349836257,1.1839351589526685,-0.014800441133262322,-1.9849211454928346,-0.2805773786549935,2.969722587642409
1.6240860580211276,-1.103682947553241,-0.004907205965643487,3.0251606388887375,0.45723841583224384,-3.946664885473824
-0.7113051750378206,0.5969379914131739,0.25783747336773305,-1.3956579571145848,0.10931462959513702,1.905019906322822
0.9551918981982592,-0.8191643667320028,0.11352258139009544,1.8057936988108898,0.42034312148322106,-2.531183759788695
-0.3762543997481326,-0.09103861761209138,1.09688989379619,-0.743840998543111,1.0141506266580207,0.7127691697183067
0.02752852065061804,-0.9198016493071391,0.18293808049289156,0.05443293364678017,0.21239125217673502,-0.7789971557314639
2.1335588813189506,-1.549464325502104,1.3574814937470707,4.051029746128046,2.013886891528444,-5.432248274476428
-0.0762982076105779,-1.1537495076352224,0.05439993509486791,-0.13118840859371075,0.029232832000460778,-0.7626038764233034
-0.7662209955304994,-0.8502886341033614,-0.3782396692601873,-1.4146456400591008,-0.6413529098026273,0.831098468915221
1.3668886168516903,0.07468149477768907,0.6849182342635587,2.5998667577000294,1.082005993032432,-2.674158519765075
-0.8509901903869164,1.228009083686759,-0.19630822586453697,-1.635004211405042,-0.4284523448130788,2.6556112197240656
-0.6195952568643867,0.6235602093113262,-1.1170120664777101,-1.1223851393441002,-1.3909980721113118,1.7387619119673259
-0.8263056632747985,0.5435290544256294,0.7909791578449659,-1.6272853380942351,0.6080358757890117,2.0823617799970666
-0.04632308027199622,0.8048037503710591,-0.13940259418850653,-0.09679675666400356,-0.10207653182129761,0.803245713375646
-1.3250969701377637,0.84681588826624,0.4351269290306195,-2.5747689510354617,0.12416017978034488,3.297779089505598
0.3589032477577178,-1.6938044012493334,-0.5337030219214326,0.6760504121173493,-0.5037501082947186,-2.0471061933260315
-0.013203469366035694,-1.3516628583146975,0.830306042273729,-0.022663867653118577,0.8870293930962956,-1.0189696222070408
0.35955734911232023,1.3661823165498395,0.9400600678983395,0.6838026450335837,1.102822975158422,0.42637364656560794
0.1697783255082372,0.3112393578278132,-0.6405565513336464,0.329221688147067,-0.5908174276924651,-0.03207742059086437
1.3400414267724938,-1.0979444202214825,1.095726768948618,2.564555345640234,1.5355072750070475,-3.585848154996933
-0.40035073324263565,-1.3972106592931999,-1.2677530222995415,-0.6586173676586801,-1.5824827972725526,-0.41568431408988693
-0.4690256405378875,-0.33148726007153284,-0.5111150820375927,-0.8678936256250839,-0.6790653384566636,0.6984995302152063
-0.3733118358869316,-0.1156545404341261,0.026776285999430424,-0.7257768956727392,-0.04741708983696743,0.6717392540631412
0.40575231106450466,0.6220143504837028,0.06343006414054826,0.771942985486985,0.2384174020990907,-0.22468567913398488
0.48368222041133135,-0.8324408686805055,-0.2327792718909444,0.9119904494135855,-0.07700875676717539,-1.5996694668425973
0.45094206855741387,-0.9659589020977786,1.77966668754485,0.8424404800481063,1.9730389316616206,-1.723146387802701
-0.3037219809461518,-0.28616767927748943,-0.06829720950129789,-0.5840230976792452,-0.13455337657522287,0.39689016327569276
-1.7355441215343623,-0.18601366037506387,1.0163910795452769,-3.1274978986270847,0.6032194655246733,3.2031915075706836
0.8027598454172741,-1.824924579364118,-0.6441011562044372,1.4570148440446387,-0.4613347158343647,-2.9710810254159488
-0.19348708912088824,0.07150555651528748,0.8004186925695712,-0.38634465665192325,0.7776519378111713,0.4705284814065515
-0.4873902928171066,-0.02594586651587812,-0.2540765975277521,-0.9324867766484547,-0.3827566690632354,0.9768131352872611
-0.7173279291267686,-0.21711629109572542,0.2880599167509112,-1.4007198118925637,0.13212668181350004,1.251850786811689
-0.42949154337536105,-0.634993043365959,-0.351020778251026,-0.7955956985105468,-0.5054555717574499,0.3636490237139853
1.464697002373659,-1.4486589703396113,0.6481398640792166,2.780259068741315,1.109594355078158,-4.027477503754677
0.9629229255476217,-1.9266358631687857,-1.2976058998369402,1.7587619321840973,-1.103163308385374,-3.3987054091189206
1.8723404628132772,-2.308398301466322,1.2033948303966115,3.575395933455123,1.8162696319589315,-5.595477668841676
2.3768014727782227,-1.6708554738887775,0.06933345160291197,4.330875448465482,0.7161892815803519,-5.799377919786688
2.1712116101919596,-1.3258705622544082,0.8990502873312846,4.089947421351975,1.532727134820052,-5.319449166058533
-0.5642812764266684,0.6662464965793943,-0.6325011938425691,-1.0714491420512335,-0.8188179975600968,1.6780917846811856
-0.5988014298144996,-0.39809727252949617,1.0305249304175659,-1.1718059125138462,0.9053991955155638,0.9023176115558726
-1.1377574986313257,1.6807287503312858,-0.4616558558451027,-2.123663621967353,-0.8504324341558499,3.5214509745801332
1.28532228679133,0.8950976233215573,0.6945262478152303,2.438678937067945,1.0836619199192141,-1.7980690018686414
-0.11142930322476984,-0.26775842508115993,0.1530840540256942,-0.2229587858639684,0.15883405443606916,0.03190523194198731
-0.4671946728700887,1.6087351866984312,-3.2667281803042614,-0.7181482330567788,-3.501758702297264,1.9209422561641118
0.9296364176024117,-0.18834424993827006,-0.6340535396427638,1.7454456225308015,-0.3646741239082249,-1.881094370866031
0.10352030603336898,1.0573183810151245,0.9688580234113908,0.19816803205011696,1.0347411143286989,0.6827941294850836
-1.0900503798867944,0.7258609724196737,0.5831396791474166,-2.134659728300149,0.3354422046924121,2.7358219994557063
0.5683368629068031,0.8410108414742087,1.0928411090010515,1.0884610431820154,1.2636518619476678,-0.458285914776212
-0.22925388776078315,-1.5228918877092157,0.9123338253134811,-0.42175724867935677,0.9170863347794347,-0.7220250415822317
-0.2916239605531012,-2.0758148581269835,0.25004970086739037,-0.4830704376855606,0.15953576394313132,-1.1346139221924536
-0.35215667990748195,1.9650278223561044,-0.05213889597807595,-0.6627912511076495,-0.1115651098810945,2.301430239194941
1.4288948207694028,-3.300992628009525,0.5018871839274544,2.5617826348448363,0.9534702738505755,-5.569669101765099
-1.1139479766009195,1.058869215828429,-0.004868540427981877,-2.1546571348612527,-0.2898936977659532,3.0489705505975753
1.5108755848296564,-0.29367398244948967,-1.1753255039842694,2.784229177698463,-0.8156267654789768,-3.0419673760708523
-0.2920506589234029,0.5625562081321773,-0.0010401376850532398,-0.5723544081678474,-0.035004540882937744,1.0759043125872347
0.48975284938330627,-1.0664599551541178,-0.14137095897227983,0.9253579350281899,0.01198655334559972,-1.8086194723371323
-1.634798933460411,2.026420580559696,0.9509582628799116,-3.100308270885708,0.5089211396287077,4.757754363416794
0.38318480698824153,-0.7081096591486227,-0.3897486863334765,0.7270366284066772,-0.27290999159633755,-1.2945212989377657
-0.5844882336050062,-1.0372147437463453,-1.040153034247843,-1.0003432943081842,-1.3643875630290576,0.2929255984167538
-1.025556495336162,1.986544280800806,0.4103769108374579,-1.9456199718396325,0.16589554321103597,3.5371290571700578
0.6171651041179111,-0.01059700820300085,-0.9367938983017312,1.1683468687415233,-0.7789429996227081,-1.1453156665719755
0.4060001619199949,-0.14193687823934883,-0.5118854105716629,0.7739903271257823,-0.3798502448971338,-0.8632469362173918
2.3359845420220093,-1.8669683581409457,0.5170238875100727,4.351566116253299,1.1715150597796449,-6.044076874165764
0.7037988280197649,0.4859913027536478,-1.3088870242576376,1.3100409117432432,-1.1660448021871535,-0.946642105622579
0.055683349847824304,1.3446731064314994,-0.8639158400217934,0.060240943890067795,-0.90655836047572,1.0309722297266342
-1.7335955081526402,2.997535910730661,-0.30705075934884873,-3.026200603736689,-1.0209502428969357,5.620996189513904
-0.05499920917879034,-1.2688603299488463,0.8799752569562926,-0.10476273091250204,0.924473286154647,-0.8677394213742191
0.24090257529699258,-0.07327062727204559,0.18358371247929628,0.45373661577312496,0.2979318914213555,-0.4987064362676234
-0.7513284500971704,1.6320103927619087,0.9086726466260926,-1.454389771230051,0.7647892746455637,2.7587972586603273
1.5568059070073805,-0.010039560578682266,-1.3515356104248968,2.866309196472827,-0.994802280450231,-2.9756717193374254
0.8443307535078889,0.34354986269734533,-1.1584815364148289,1.5736812517772187,-0.9599807760934953,-1.301787030071774
-0.4006342755489179,2.3479135494525774,-1.4480301096727337,-0.8584599189719793,-1.7851723231551135,2.6786844030098873
0.915090520116254,-0.8516420830808665,0.9375032689083937,1.7583711988797872,1.2447260771068807,-2.559453062536736
-0.15427881478645292,1.5626825487733669,0.3970209638619574,-0.286207223832984,0.4425782566094395,1.6152749324689468
1.1588205965051834,-0.848746867506955,1.7422601016400197,2.199365827402272,2.1391328411073394,-3.103042156916871
1.3455017006184093,-0.8812244770861999,1.1873437778781923,2.5723792885616716,1.6189986679957653,-3.4458202577534185
-0.31007424052613236,1.0947116716821028,0.16368138671813312,-0.6003224240603442,0.14043619873708188,1.5378497431688265
0.19204012591330685,-0.9868912878753883,-0.7062269662213554,0.38633425179604125,-0.7078619900495574,-1.1493072521902912
1.413380477245419,-1.6911967423041332,-0.5887117556552426,2.571974120994642,-0.20771110732451273,-3.935570976084319
-0.4217042049601708,2.0097497236878654,-1.9002190231279732,-0.8612592315231316,-2.2289201103827887,2.442657549261748
0.8310500727964999,-1.2331359406073281,0.5587964267218423,1.588574954700902,0.8453659935179905,-2.6546792474449132
-0.0724147555148464,0.756306793981494,-0.7739514043902141,-0.13984819801550255,-0.8238217216757157,0.7909205652850364
0.8352713680033497,0.4661704705692578,-0.22288314194487688,1.592237335032982,0.04832820629055876,-1.1910674533229293
0.1545139998725963,-1.630865769779339,-2.2712360850869517,0.387466174521402,-2.394106093882111,-1.8869166087308316
0.29018603048832536,-0.630549011173957,2.6722525323519504,0.5539730446749725,2.7921941516031943,-1.3078937229718937
0.07198187600606733,-0.7678189739631235,-0.3684646674307278,0.1503002503681473,-0.36328291070886576,-0.7339838717569277
0.41131707740306134,-1.9721578174140584,-0.10797868932130944,0.7915444828189846,-0.03061709169501419,-2.394313523270663
-0.7049650090670696,0.1652115869245316,0.07137829889850483,-1.3759146694533633,-0.0875712139793545,1.5483261379336448
-1.182987388114363,0.29224863674009416,-0.05538926324876261,-2.288553780018021,-0.3377078152687853,2.6053313946753014
-0.07849076378837223,0.8463583222766587,0.6306452699989354,-0.15318724609822162,0.6636317898842256,0.8878957205081023
0.6064848461995196,0.08624893893537346,-0.21271802528146713,1.1535452167898939,-0.0011127169940268883,-1.0699795098638458
-0.09527219883373002,-1.3239679100122463,-0.5103859358887803,-0.14405782368503148,-0.6259471025112702,-0.871841214003698
-0.13035787928535686,0.8719320137942449,0.0007281165910180132,-0.2578238619925428,0.02215512451932821,1.0202998561007675
-0.13842860894608647,-1.1856875956488686,0.002676609634653583,-0.24521902860077466,-0.05032585498496724,-0.6672099313167328
-0.7842485919404154,2.3242661404442355,0.4435169296396491,-1.44922657626085,0.2912364275493693,3.3237994155697033
0.4775468307834366,0.01863687091940302,-0.5146867016765807,0.9083418900442399,-0.3588765694280615,-0.8654977777309484
-1.61362829360024,1.1012019275232763,3.0164564250930033,-2.8377641668564553,2.27172432402234,4.073508362222471
-1.5315806167191457,0.6443127100551503,1.7826732364400257,-2.8589424170905753,1.3219110878814633,3.5676090287822757
0.606872532431024,-1.452305104987919,1.4426982519645386,1.1310948966812318,1.7223578739910106,-2.3874653731763282
-0.12913876648331055,-0.8594475607418417,-0.23932191327803362,-0.22931987792578828,-0.2972428083349331,-0.41473336251945175
1.4011966395234239,-0.6721309014187654,-0.4938924281259174,2.607579028678276,-0.1095892618031214,-3.1516395738006246
0.3807505291035419,-0.7302682602627862,-0.4081145125630104,0.7228323741232177,-0.294495968363829,-1.3075111720817467
0.5054468771371707,0.9004628036572371,0.3264225726611424,0.9614066019970315,0.5362803911034457,-0.19177048949097222
-0.573017652361898,0.8445642657142195,-1.5738298576551073,-0.989513305003177,-1.891961734992527,1.7757837369944187
-0.5803585887000958,2.384122441448555,0.7806878154125219,-1.0704064331465146,0.7292504702101811,2.987867115634708
-0.8990766627871457,0.3744361088802022,0.21101224696642162,-1.760775601254479,0.009471883368281024,2.0933071036161692
-1.7504414161910538,1.2372743368842818,-1.5438831672605742,-3.1259801460121257,-2.187410181410366,4.368375972467229
1.1389658846536024,0.1440189590790159,-0.22754527004951944,2.1592970091711807,0.10777334449565062,-2.0449730942618274
-0.3374951894683599,-1.0704335042316122,-1.9029661885471758,-0.4915123760843329,-2.215118479565797,-0.33621930890516255
1.7705861197549695,-0.23299282307685223,1.057953820127455,3.349173554314462,1.5705422474895776,-3.7411226544042293
-0.2276676008927803,-1.003747602051249,0.11450649407577893,-0.42634983448042935,0.05589466333439736,-0.34311905777103824
0.6747267613981739,-0.5084722676516673,-0.09064897363480867,1.2751154915691127,0.1368798829624371,-1.7140293901148385
0.546362172506325,0.49184190356745927,-0.3389651525461805,1.0404490409802303,-0.14703853463294278,-0.6043561166303797
-0.11201535899532362,-0.6731576624878859,-0.1818185810419015,-0.20468664873093878,-0.21612754190441089,-0.29606542245391726
0.8176632183807827,0.4638605387133541,-0.8190595428422077,1.535141665752788,-0.6011695544797073,-1.131161054694859
-0.1829653868239861,-0.15256776015511125,-0.8767478554330178,-0.3012066832056055,-0.9914588079912714,0.27176747715365024
0.698562607848696,-1.85810022973001,-0.008475203293509793,1.3211551951221587,0.18632613106622462,-2.8710305077612426
2.7385245473168456,-0.877558507781858,0.18765299774686237,4.897915576348108,0.9299765951691467,-5.867795247630403
0.805747310833893,-0.8679034591201705,0.6085993002361874,1.5439651950080595,0.8819511307102271,-2.3239685976767106
-0.8995390788320939,1.2001679299894312,0.45735862010358475,-1.7504379982135987,0.26053806120576406,2.726261990228126
1.7394002352444704,-2.3365185062481344,-0.27599098524820226,3.1871265981939327,0.20154550131808194,-5.142485914601691
-0.7051197443503587,-0.5441550085963829,-1.0890360021488565,-1.226493516191293,-1.418288839556666,0.9779801077666561
-0.0646156524164507,-0.16631598946473083,-0.1006702404526526,-0.12680019553339064,-0.08938117199923926,0.029183137052247933
0.359163931461418,-0.11313162366265497,-0.4342804499203561,0.684868845327218,-0.3100090739874437,-0.75036506805365
1.0418790666594882,-0.7092696328641362,-1.1164160449815779,1.9306360623251508,-0.8506825665725902,-2.4935466605736702
0.6937509202744507,-1.6955690753037929,0.10697138806383079,1.3188337110340969,0.31743840683600644,-2.7351410177079107
-1.4429723017418774,0.9219075350251219,0.6210455524852434,-2.7911510436850158,0.2783648413636741,3.5833135273922174
0.2003368329901343,-1.1019171541489055,0.4993847473750586,0.38639997467175996,0.5956463829704983,-1.2721412992192123
1.1675687951751241,0.15504115839911448,0.36987146023483297,2.2226835042262016,0.7231183574724254,-2.1698061769053307
3.2412564704149416,-2.2480761787062464,0.18305251914968879,5.77199642410991,1.0486865284518874,-8.113905485963668
-0.8014897931912872,0.40163660813108526,-0.29368567338132195,-1.5452932868027298,-0.5064432989298029,1.940938531204219
-2.0445699328878515,1.5049277249067425,-1.4988691440592454,-3.6756189609791385,-2.239033055767852,5.177055849122499
-0.42388805348225533,0.4422769081150579,0.4725551504456392,-0.8359501676855754,0.405062421123981,1.2250817443954805
0.5380421127470478,0.29434998774649407,0.8561468122811402,1.0371393552519594,1.025256970421352,-0.8324833985759011
0.5288695110320407,-0.8353086250054094,-1.7803586745155642,1.0871968386272597,-1.7278861854590764,-1.8570757309897303
1.2368027637274666,-1.9479264684904918,1.9609437829322167,2.3290057842658993,2.496361087687373,-4.124716063812746
0.9749103362138052,-1.098581069746208,-0.10175959350820438,1.826676594366788,0.20151914645226038,-2.7686344442997215
1.370854277265914,0.15253399221445257,-0.6873444548319808,2.5636864609216232,-0.339525931608429,-2.4283220138711936
-2.034637530470666,1.8789662155753253,0.3646634768166942,-3.797514470642531,-0.21248332752253898,5.555106449449603
0.34640024951693305,0.005144591649040995,-0.6753322758624348,0.6660232436124398,-0.5755781763432728,-0.6245077975410287
-0.2636911227703625,0.21264200248377244,-0.17227011182581056,-0.5107964443845731,-0.21647420640287465,0.7337044581344006
0.6060591613719634,-1.0992514591733369,-0.43118216589956015,1.1329110748320288,-0.2586969924983945,-2.0421287976592644
-0.4161147929743626,-0.41874935683032016,-0.5764556621207039,-0.7589692032671971,-0.7421093424228621,0.5227035437300445
-0.6237440474956417,0.4999727487254578,-0.4121395666427114,-1.1969939100137914,-0.5870987113589881,1.6691037845265357
-0.2928356979367161,-0.23868183623392042,-0.7528259376098828,-0.5162257214309356,-0.8919578783795806,0.42480433931645395
1.1512195092657493,-2.3757615720584897,2.046053736013716,2.1307601582234166,2.6003564395616787,-4.380385677491213
-0.07383504280337543,-0.6617775829652564,-1.5904616243839584,-0.018836799870990302,-1.7724246164651822,-0.46312479110039867
0.9115917454588269,0.830626903201853,1.1319712034692113,1.7392687765709591,1.3958677894410447,-1.1861151889417207
-0.08723094168487117,-0.14427718566920933,-0.08883868447208237,-0.1706803830426531,-0.08316391073428875,0.0916973664415745
-0.2849968552426776,-0.3784495375325064,1.0294161264143353,-0.5638839005425782,0.9806629456150125,0.30007706417163504
1.9449679587295763,-2.259070595358992,-0.02764521299103439,3.5808755974343645,0.5132380700791948,-5.476082640513561
0.5566087242572225,-0.2438804462339332,0.6579922443283767,1.070843699212345,0.8469686181402296,-1.3123365491805756
-0.08606609811582212,0.6441392891872945,0.7299001786010234,-0.17022993184797888,0.7474656951536695,0.7315259181075291
1.2558100203607476,-0.11052306532527194,-0.23955686790108213,2.370315967185698,0.12042192538757296,-2.475441766992543
0.07924428260447064,-1.4475511658250884,-1.5766879128484688,0.21288478902349509,-1.728783840134228,-1.449982625629544
0.5998506213640193,-0.7099982280752043,-1.987317215896047,1.228851457422859,-1.9006696469006832,-1.9464400455853699
-0.8812038988176918,0.7269584056327554,1.8038041186141134,-1.6668082506816009,1.517921920251018,2.3156331209723575
0.9011229197087842,-0.030388363893962038,-0.3757905250477815,1.7062225697411448,-0.09839536431523593,-1.7237101611990107
-0.008655413403724412,1.9351574809434366,-0.9740689031905876,-0.12253492757938231,-1.0918308005524713,1.6500720951871242
1.142776980497993,-2.4511840981803292,-0.13095606573194662,2.1081374046211647,0.174414557049421,-4.2171351645514195
0.6148650806743953,-2.5979690946019516,-0.8712245061134026,1.1140659743767576,-0.8282997108019576,-3.2999369006420527
1.8228270174250731,-1.8509182428818203,-0.4121141725308172,3.32130201905581,0.07819322670957851,-4.794919547739133
-0.7235427417426732,-0.08534051180542747,0.7402352832731094,-1.426028060175732,0.5889245099182894,1.3800090678875652
0.885430480517364,-2.033807227015098,0.24813393009915474,1.674812035930598,0.5221935321008451,-3.3916215118763042
-0.4529455874164539,-0.6536857382918144,-0.5221890849765616,-0.825010124623582,-0.7079238078266744,0.39778199036508993
1.3040836126543736,-0.26444787136043824,-0.15215384136436572,2.458416859711648,0.22337209907701697,-2.7043357439516864
-0.246949949642791,-0.5942376154745792,-1.1108422577663009,-0.38441401087429056,-1.3061002905085743,0.020697917354632472
-0.9516828560897622,1.6031155678744802,-0.23820766664116236,-1.8020682823947574,-0.5269601431287871,3.116380392548485
-0.264618141280559,-0.6294359683748795,1.2917834374181785,-0.5165977452968048,1.2488162287343219,0.07541903797174601
-1.1296208984536582,1.4796824500041736,-1.2781994447124758,-2.042764789749265,-1.7446820965744487,3.3266381514161947
-0.7952220473597645,2.4706802501152163,1.2196615368199457,-1.518011836100656,1.0836109346941445,3.4344737725506524
-0.36391954518400965,-0.7913505072989374,-1.7113569413557286,-0.5420860343177594,-2.013099486597415,-0.0029261825486911926
-0.860960728449863,1.011266168799152,1.240606794890721,-1.6717980099947698,1.0218631492023906,2.4943512839308335
1.6195809989346435,-2.532093609247317,-0.07493098131538686,2.9978356803305535,0.3773513753974469,-5.181164472974142
-1.4709255021046035,1.485726224071144,-1.5476229180125594,-2.596634237953078,-2.1282992891969763,3.9628092153362484
-0.35367571046317475,0.653370440218947,-0.39233784809908373,-0.6824442999609541,-0.47979971190891335,1.2635867627051376
1.8308928733579806,-2.457991662187659,-0.59523018395609,3.305522490194739,-0.10351035683531262,-5.352044525243888
1.8158252716284031,0.20371441823066916,-2.2831187124973216,3.377716785069019,-1.8419680613751332,-3.664082192480869
1.106378359842618,0.47071491103416907,0.5962639468699733,2.1095913529793107,0.9330408297478398,-1.807423474930271
1.7746755547075372,-2.29527074976778,0.5139001000270605,3.341706714304194,1.044942186500874,-5.323702467569821
2.027194716078755,-0.20638537938811552,-0.7785900939252063,3.729099592060177,-0.3223161140468258,-3.968166946562299
1.2341633692371154,-3.6859281772928165,-0.2870609827571342,2.169990386359352,0.002697891559951378,-5.423034521114263
1.549993066820655,-1.553350057772481,0.3520999747228245,2.914392225602141,0.8194022838053662,-4.21846831715822
1.5309252622011875,-0.4988506118336422,1.1325862506653273,2.9117734480194657,1.5910885816483924,-3.5098014445611683
0.08533697650150784,0.009308963628377081,-0.5800813019594131,0.17486047920935174,-0.5563114602322661,-0.11747890851225351
0.0988141197233124,1.465764707636519,0.04120472343983335,0.1843725609778046,0.14551399415678287,1.0746692062718006
-1.6647424507722839,2.7757823161534705,1.3293397100458457,-3.109417490347385,0.8382779501517377,5.3066195500439965
1.4013570409316147,0.06405024866072201,-0.499555445804296,2.629738932430944,-0.13194788964094084,-2.571268991009765
0.7045329789020919,1.2492941435485723,-0.4640646924632179,1.3273542194905648,-0.24021045299204005,-0.28542549686206853
0.5716688097396652,-0.21832053672631094,0.5620813590375237,1.0973400227173953,0.7587322447309572,-1.3134700937060264
-0.131794207012379,1.6806484665614199,0.6742614493379291,-0.24218556574848293,0.7325443088796958,1.6523099941813484
0.7830545715259009,0.3154149552820269,-0.4286146903255586,1.4877604352106995,-0.18339339051661716,-1.2036307700182274
1.3006813438193745,-0.7332605578098977,-0.3764407561038942,2.426639141933556,-0.005028521883607147,-3.0364496506229695
0.5583898946995225,0.6537974329787217,-0.344531671561343,1.0627645846295397,-0.14887037509211484,-0.49134811327971173
-0.04463516025447023,-0.36378014606401426,-0.262809376616075,-0.07940377096234447,-0.2656015925266362,-0.17217565278573033
0.9114058205416121,-0.9330541273221441,0.32608639779476584,1.7321658595551919,0.6256236705187604,-2.558101255589671
0.13348751082556,-0.8893166427790851,0.8620328991006535,0.2532520722405414,0.9446002908978024,-0.9612842636425674
-0.6645422477873206,0.10334341272178055,0.29789082396482874,-1.3056280731022811,0.15937991423656522,1.4137111936775817
1.914396173011177,1.1794685605380157,1.2413400085980966,3.603308481965678,1.7705207378913288,-2.746572355075045
-0.8823397729132116,0.4742933049906984,-1.415620098822344,-1.547843012536727,-1.800112716673825,2.1266473074809116
0.19473719719987564,-2.0112588963192386,-0.11667911792772598,0.40046386798786565,-0.1200882763723764,-2.0077544562835157
0.24553118420969597,-2.752180403201884,0.4279431603951306,0.45035595298277237,0.5342048789712295,-2.6559219186184113
-2.4078484792206845,0.999005749264619,-0.5712051211457615,-4.438321163113319,-1.2673920823511557,5.6882637319802205
-1.5045589309289817,0.5277486327814005,1.2746633547976656,-2.867925285244389,0.8904724531958523,3.408549477576264
0.9656207468196237,-1.8203212725419142,1.5066110719503885,1.808072221079322,1.92938330366045,-3.424955372453216
-0.8250565532220369,1.4887638140680923,1.4200650997392452,-1.5905549038061713,1.204579659124354,2.761456981279657
1.4295560922746615,-0.3508739216306645,0.32401536796375185,2.69949331198366,0.7414284082335623,-3.0775069495023866
1.009277213411386,-1.2014003599378145,-0.7951170663056747,1.8493900054252286,-0.5242445310404046,-2.8264438385917123
0.23998023639993288,-0.6190478444103916,-0.4841133341653696,0.46522159387418993,-0.421318983487495,-0.9401237617769019
0.18520701583690583,0.7879050248401311,0.18138736295470023,0.3498731724905032,0.3003485726566646,0.3462393817653821
1.061711405098359,-1.1279258891757875,-0.3756025315447322,1.9690584955798935,-0.06173608477879381,-2.9154299934585017
-1.527881377043591,1.142033307837104,-0.8640417318703751,-2.8407668262719477,-1.3603522734909002,3.9437495264205737
-1.2962093409417592,2.1963849065592145,0.8577529550900537,-2.4739476540623864,0.5359671002152872,4.208396197377962
-0.5259653423963898,1.1349079266620967,-1.528827493003187,-0.9437933131427659,-1.837321647541041,1.9225001247411546
1.6752889888801306,-2.4301905951762577,0.6833721244429909,3.1662982826297923,1.207414994166942,-5.292409053190784
2.362562697524754,-0.45877731660602455,-1.00941329251774,4.242273727814546,-0.4914065208974061,-4.739276170302244
0.19768868454138458,-0.19316740857591194,0.14376840306959027,0.37051766065285885,0.24298353443511375,-0.5137437803410474
0.4519446830001438,-2.072451486917275,1.272323496778303,0.8202457737007739,1.5421929941826276,-2.540835392389011
-0.33398021121325133,1.628719364188936,1.3416957916976078,-0.6522675067537022,1.2837360321695968,1.9400215307566835
1.16014197615692,-1.0045716035832284,1.1070496239579914,2.223421135484506,1.4949026579099702,-3.1728280861721516
-0.11652375494095212,-0.1650931080027158,0.5741779124499673,-0.23707668326410214,0.58122497994393,0.12311848846646581
0.371117535710202,-2.5416549386364418,-0.3916018458747274,0.7009330351201462,-0.3948890302252085,-2.7927503800693145
1.027530684094526,-3.0406032105004765,-0.31375848159162667,1.8429142030042418,-0.0846695095655329,-4.4816819638049425
0.0267870476599706,0.6928567427408004,0.017232489439049446,0.044093660887506644,0.08424128992271832,0.5726333182914978
1.0463100860911254,0.06013173007762818,1.0338558249897107,2.005354675239555,1.3365814840517367,-2.1096643175693734
0.39485609360484436,-1.7598376833242229,-0.09376789851329215,0.7621902062558216,-0.008429399063319055,-2.1891357643769207
-0.1634013219622957,-0.3070127869341923,-0.2592254780575068,-0.30569108139622925,-0.29842125525769914,0.1084010399506157
0.8561035663825457,-0.23046001472095373,1.16259624969607,1.6444275620964424,1.4163001151742352,-1.9725866328025055
0.5818650626292371,0.323539954639991,1.0381016412133688,1.1210482881412736,1.2053099323939331,-0.9201036108927331
0.08029548021282829,1.0753731775663826,-0.08454961877792772,0.14642053461156282,-0.001265564942617925,0.7863506945431212
0.9501608804719269,-1.1485939104693748,0.39229728608079123,1.8068228645544353,0.7056380388480958,-2.8077015918035766
-0.49810805904959904,1.2090281878677689,-1.2724011994283237,-0.9269056937591277,-1.549092916975667,1.9419204421871397
1.9421237352552039,-1.561121693078392,0.4214601992510735,3.6332116685842424,0.9809079944503162,-4.967502880847775
0.7886880673009284,-0.1280520216454511,-0.1896221410296789,1.4965841785823804,0.06851954540030913,-1.6088399528574842
1.3592707919051825,-0.780955157642809,0.7391129194693232,2.5871162000208607,1.1582943939573782,-3.3444588307004697
-0.5785923036916955,0.019696159498083683,1.4747828279309938,-1.1255686147798027,1.3143574474279058,1.2163168508799123
-0.07319125342063147,1.4878587719429615,0.3539686847960148,-0.13419876645269763,0.42112885395314903,1.407963163122278
1.2192699705086931,0.666214195472439,-0.6448413502512719,2.292166714991646,-0.32670598565050685,-1.7422822213110745
-0.024867173586222983,-1.4333694965578325,0.4262881914548394,-0.03317927770256011,0.44840071449360236,-1.0798904592067264
-0.1851856647320025,0.6025822218729088,-0.21560428940714696,-0.3625725336270327,-0.230578492798843,0.9019113087468568
0.20751230231533174,-0.352080506466279,-0.04654079172755466,0.39108539115245755,0.046637052399752334,-0.6622094797399857
1.950567044353818,-3.7834991435335934,0.05889153324778708,3.562643667995523,0.5871479326792834,-7.06958502773321
-0.767688196573148,-0.7933168458823298,-0.7803718232162193,-1.370812247865605,-1.0983459970241438,0.8822235457704559
1.0036521945506258,-1.8584430473298212,0.5514628801437977,1.907486106315747,0.8929649904106753,-3.486542701292709
-0.7643190112606895,-1.238603370974214,0.7907896261487448,-1.4083117976139576,0.6388370120248945,0.4936902410795028
-0.5677643537474818,-1.337554929556902,0.2528875460848187,-1.0546994485102417,0.10507884359338329,0.0335485929288901
0.3193308118834011,-0.3848621888051795,1.5218414591280722,0.6073129067902121,1.6158677269438995,-0.9819279223738107
1.336020541694897,-0.9860060030293715,1.30345879233401,2.554850723869752,1.7439608721977413,-3.5128673330324895
-0.018273719111497253,0.8101284163683341,0.8237836803904507,-0.03681736746484398,0.8579015041957039,0.7312538265722272
-0.5535955431538071,-0.12525412124754803,-0.1637974334066379,-1.0630463219056603,-0.30671013733465086,1.0222963303197077
0.8357467310177252,-0.9004779941999381,-1.3287797017628578,1.581986396255488,-1.144363106684693,-2.329764709785978
-1.6162864999108237,1.306875008737937,0.91762325021386,-3.0884216106637594,0.507706055134847,4.203376736723201
-0.41999324731233334,0.08484227723691765,0.7740141537961643,-0.8325535834054549,0.6951065628707007,0.9279135653996057
-0.5290180787191818,-0.3468198709340231,-2.3834551940423596,-0.7837617874710188,-2.740564983677086,0.6272435069329597
-1.1399595331640737,0.3775699694850197,-0.15032270259945416,-2.203378861233509,-0.432062922793114,2.592663268663387
1.939458794714041,-1.0950848196155487,0.23591013492977114,3.602477532089334,0.7793214592527548,-4.554770155660631
1.0846586645894531,-1.2378953900405436,-0.792947299144133,1.9833612295893375,-0.5015101821105836,-2.9865341884856305
-0.022015185895468362,-1.4959030542623357,1.5136390486347,-0.057920683391945886,1.5981363488454787,-1.0868461245115448
1.4223723466094154,-0.0986403907860489,1.1973927007540817,2.708148749062375,1.6084024778860702,-3.0055974159275918
1.57014411145605,-1.2014554825928159,0.10447567296744409,2.933028576845765,0.5614201214737595,-3.941318566179154
0.41413848068085185,-0.2444529718797561,0.015309774037593066,0.7841821835166236,0.17479934089186025,-0.9824073407317956
0.4944829511324555,-0.45631327217978496,-0.09036874254666943,0.9348186099742012,0.08582956699841693,-1.3154305752699942
0.10559739079684906,2.1200712676494957,0.3042288388535111,0.20943269169363554,0.45325183672074365,1.5840059022036106
0.1896628842197211,0.06085164686524372,0.294634595315984,0.3562205597626978,0.3958539897468913,-0.2862988563347596
-0.7078944092705016,0.9190331499980321,-0.5794852271054514,-1.3494795556488655,-0.8071024550828311,2.14690927409608
1.7481347474063649,-1.1358582819942085,-0.8840941728838984,3.187013892442544,-0.4473440189470975,-4.059170371903997
-0.6025303379926493,0.5530109216686231,0.2905409726385422,-1.1835696400049587,0.17368294830371042,1.6601426073402221
1.3381410286250441,-1.2619978686505369,0.6012310399422074,2.5416166709874837,1.025908586965694,-3.644402881857955
-0.1976887618205717,-2.3258369555367686,0.6550653132244941,-0.302572220265717,0.6630574797918205,-1.483987827954862
-0.23795843461245164,0.831362102673173,1.4553640991001047,-0.47059878431082397,1.370538902852661,1.1366431743735879
0.7801307428838616,-1.0578651716199683,1.5211876737651648,1.479688141393931,1.818615213394342,-2.468438434294888
-0.3709329738447613,-1.0077657585561566,-1.212383807139769,-0.6016947776675919,-1.4890488752056728,-0.1070359695216278
-0.26547382463375996,-0.9708056305074859,0.3392575283725637,-0.5076524069411288,0.2922443735420079,-0.2406473131077131
0.935202473290337,0.5533431773492019,-0.31340269028366546,1.7798038891307237,-0.024707697763642907,-1.3042622131384447
-0.20618780709832066,0.32747630300750025,2.543593905032652,-0.3818099301394763,2.4030924058840424,0.5458156773358258
-1.0381939183831932,0.4740355158932581,-1.9192561119140796,-1.7553475172685598,-2.3898413900895807,2.3581939875471463
-0.2013991916281202,0.5488578141972797,-2.2717720041687044,-0.25268866411522983,-2.4797734288938935,0.7187713033420707
-0.1807757514508753,1.0858328473456649,-1.4284657803405378,-0.3471312762931916,-1.6187088940971814,1.2471749312898475
-0.3348053180339238,-0.6682504949923065,-1.1319697166311935,-0.5428555866886864,-1.3651638713046164,0.13177957043392408
-1.650471375529299,0.923115168629004,-0.8886851124542761,-3.0764019557925724,-1.4003554519531347,4.05371147296165
0.9465571186354552,0.11701298973309007,0.5662038689857014,1.8119682079293555,0.8613039634516323,-1.7922155408057228
-1.6331791568700729,0.8079189868528125,1.253091636863227,-3.0998866561817344,0.8312568339206673,3.8719161347939592
-0.7370946120845946,0.6416063498216893,-0.2711892695129073,-1.4249889861242828,-0.46392619509897703,1.9990899758817795
-0.4721921668726226,1.829081667748375,0.4078102203771543,-0.8846575510913414,0.3581678492878525,2.3979136191560504
0.7474585466052893,0.4469712593260188,1.4189845880304885,1.4254669371631408,1.6057230393289936,-1.2206178341490712
0.8566014003968476,-0.6929662162252249,1.1742809517327402,1.6451512625775004,1.4563044693342218,-2.3369473523145623
-1.28856114252425,1.0604804376912398,0.2674784187304002,-2.497517585236762,-0.047228208947210006,3.3921252485665745
2.7990164292800728,-2.119399391506705,1.0852025459837293,5.237533428097765,1.8610429388761613,-7.305620451804665
0.84723498684125,0.13694236273453203,-0.02019700862901918,1.6145294282260243,0.2580655295243974,-1.5120966006144954
-1.5354096868640972,1.0147487448264332,0.14141103459648308,-2.9542815073575905,-0.2394249725173547,3.8737767475396936
-0.8034933252077902,0.03572627991964615,-0.5918154897974881,-1.5092068291835237,-0.8459651948637353,1.6663605885392188
-0.02535219967925111,0.002456156092542889,-0.5640057927718168,-0.03402219749214851,-0.5761105854177138,0.0932951285076116
0.5267480329753154,-1.1563015134250485,-0.09112367318356632,0.996033226617221,0.07357500379523833,-1.9575910707616466
1.0749086095717804,0.9315820414122341,0.5442357746681478,2.0397249965899715,0.8918618394410388,-1.3313719194128146
-0.030520239534761084,-1.2511999156840607,-2.6859335111798464,0.17509087105928503,-2.8839683201548043,-1.286573201826562
-1.5591887786882026,0.6660815413402905,0.5489803401302822,-2.9996656235394314,0.18977957298139378,3.6249312518235866
0.5016575412328798,0.7612768661938665,1.6000569407578402,0.9529781500712275,1.7004340442305839,-0.4858660991711615
1.4276587331240258,-0.11704916116596707,-0.3660601791259275,2.6804182277536315,0.01843137576651202,-2.7823277666670223
0.487852248840817,-2.3253201507734484,0.07660745719109391,0.9236464160131778,0.191732467188909,-2.828166149920437
-0.14081824517435174,-0.46609849685706434,-0.607318516052658,-0.23750177619875784,-0.6873504402189745,-0.0641319068676177
-0.9174409418448478,-1.3881676735491515,-2.2703763095922027,-1.5233902895290101,-2.815842082255038,0.6264561464393458
-1.5724094241928908,0.8323966417153821,-0.04876291722276927,-3.019692354562313,-0.4370215252931434,3.8273357863113873
-0.8159054411832428,0.7339510511845323,-0.03667988005736194,-1.5884847305251013,-0.23151395398252092,2.220369524209192
-1.3053162122287223,0.49658874573993583,1.0165719763830598,-2.531338859342359,0.7044883436453926,2.9851605970711885
0.29128852926723564,-1.0235463760712653,0.7638718537970314,0.5590069784047761,0.8943178782370134,-1.3948393882747847
2.2222412505963516,-0.911738454319458,-0.07782651231013296,4.058902978884458,0.5091976212717412,-4.884896834751838
0.42925016455703363,-1.2067257277550492,-0.4616414147171979,0.8101625634546404,-0.3613999976572317,-1.7887200087837007
0.8086416527940029,-2.0550016104382487,0.44673206518291286,1.5341906524867188,0.719792740278689,-3.2615689549108167
-0.2780450219902543,-2.841057302240439,1.9804384136104367,-0.5460960546670492,1.9963875930503594,-1.502690915831125
-0.49152311218514827,-0.000977009216805118,-0.8668514670867092,-0.8862197881059257,-1.0749427550046369,1.0144236513672031
2.234458088050909,-1.277596147020933,0.40694930995564654,4.1371008091593495,1.0319420628389067,-5.300496867791723
0.8593290929724963,-0.5141195074621856,0.9604547422249742,1.653902631360049,1.2343850191016372,-2.1870147374465456
-0.15990492829934785,-0.07610181992393637,-0.6553367885442781,-0.2795005310517366,-0.7279424239183939,0.2930737622629852
1.1071956534134548,-1.993843286609872,-0.8528073896382115,1.9851384408181547,-0.5866361804321003,-3.6330848975525
-1.1993214081431747,2.2209818276891595,-1.3630988390793757,-2.1531451003317446,-1.9041624899231744,3.982570938726524
-0.12068544532580204,-1.4408874133444154,0.7228525401565463,-0.2212625597891566,0.7446638901628474,-0.8800710521120795
-0.7877633885128095,-0.226214561630776,0.08157005857847996,-1.5256967604677567,-0.105088348522371,1.3879865836616243
-0.2536583823191614,1.5037730712382464,-0.8865882433849978,-0.5209642250624774,-1.0446857213327145,1.7356082195380806
0.44969309966279203,-1.2187615783669254,1.4903177174342432,0.8378642597276276,1.7009829560249246,-1.8800642214128476
-1.316957366645601,0.6422118069150985,-0.8527092485269981,-2.459487704052802,-1.2645853855927467,3.1653269629222187
0.9469369601144123,-0.5597030231436447,1.8045952711163806,1.7890546852018823,2.1092551712689986,-2.4764744420670235
0.21693088181359296,-1.514776743177515,-0.025607510404778315,0.43185757148081294,0.01884256085817216,-1.638096911344764
1.2269041936891416,0.48156698243313145,0.4752597932542631,2.333407352981082,0.8436414014518074,-2.0167793005296537
0.11534623489257012,0.12333354063948955,1.4714160068025182,0.21414380195999552,1.4806992463297337,-0.1439064106206584
0.635287269089842,-0.3121344322275869,0.9158050763405148,1.2261581680771423,1.1179598201875875,-1.5552103017018242
0.45861415444795145,1.2203130086374605,0.7809942029140208,0.8706506966075144,0.9736368647880038,0.13276693253945196
1.1412001723374965,-1.8096546331651973,-0.6874829466843227,2.0637585034349546,-0.39242463008702616,-3.5539437936367952
1.7927266427643556,-3.063044735610021,-1.0895514339056978,3.2020718127845273,-0.6116611238234448,-5.814204227906809
-1.3803029935224183,2.293561506055888,2.1088346088747922,-2.5141631117512575,1.62382012963869,4.27362523039751
-0.9524374054903149,-0.40289284711004447,-0.22298152262070262,-1.80653810844219,-0.4818251781748645,1.5797303534573393
0.40208395861380064,0.2799166668230791,-0.6522392400827277,0.7662717319359229,-0.5309170911309258,-0.5015219710684409
0.615029395209369,0.13113635204332214,-0.7444968212985063,1.1639112447926199,-0.5693088608113999,-1.0247222190599934
-0.9574175786784792,1.3640133993040242,-0.6069524053410809,-1.8027722485612556,-0.9362194396093607,2.9455809785072455
-0.6176196503506681,1.3191123696291285,0.710690393796123,-1.1970151589833915,0.6027616104903212,2.2773721622768597
-0.8536101771530983,1.8429526860950538,-0.552776860473807,-1.6012550125555367,-0.8754794223709297,3.100817613791419
0.01596189665428986,-0.19543786413654812,-0.49182834919792384,0.04380850762773955,-0.48894263022128537,-0.15067285462804433
-0.7361126156763178,1.7765354598004808,-0.6503370719030418,-1.392607155867741,-0.9450402364660804,2.834176958673045
-1.0531422223465339,-0.04627180109050973,0.2570988461812113,-2.0454904094636452,0.02233442742094912,2.050301252141301
-0.0741456768194412,1.0357326081760196,-0.34062950912601986,-0.15295799304681312,-0.33253448347490566,1.038446080442516
0.49408819862665565,-1.1792976567991875,-1.3578054823333572,0.9710450766505729,-1.3150486097301353,-1.9606962380554613
-0.017371446288025626,-0.1983512772015151,-1.3641058650163262,0.05740717586774735,-1.484382861291854,-0.1367234298850132
0.11853381483341394,-1.5195625198970002,0.721263155618384,0.23347490021080974,0.8129362468499491,-1.4224011256292073
-1.9861633536857815,1.158231794275402,-0.2865927096409618,-3.743229157536333,-0.8292652911031405,4.959703440818594
-0.0071906725900984375,-1.5151178130615979,0.6178241415006578,-0.0020060728708494666,0.6641035945924113,-1.1697972107504895
-0.20742872416211353,0.3051311686459905,-1.4723445160493678,-0.3044831827175299,-1.661037502115129,0.646453425899101
-0.9600018074726442,1.6644235771795635,-0.5988453468820352,-1.7959800169111555,-0.9501044352094437,3.164178477553994
0.2757100497414385,-1.2370684300686914,-0.9805758561869888,0.5434014678012736,-0.9966209733613514,-1.5300611678513174
0.621819232651288,-0.14568453730876613,-0.7156718589815587,1.1759672687844418,-0.5354667592460618,-1.2682913149800936
0.3047009941682245,0.591498911418699,2.9325508320381255,0.5899226781551987,2.9305985026029817,-0.5846006076088395
0.8648285748620951,-3.300074451539166,-0.8112409634891091,1.6265849931932093,-0.7057362816180307,-4.426591265925272
-1.0903836916266483,0.9353554247613863,0.872822085160667,-2.1282624359136837,0.6160354013452847,2.8907643028272787
-0.34273177191288645,0.42748376472557803,0.08460617532091054,-0.6725338817467427,0.036436188973149874,1.061820280781124
0.8735686855074534,-1.9619423577449622,-0.08939353190167598,1.6339817855120857,0.15208502331177542,-3.2878840335473614
-0.6419148235566396,-1.0143339570559786,-0.792216936891584,-1.1313639628116305,-1.0971729708407236,0.43664107718186973
-0.34588823573149907,0.9594495113847492,0.7543020110474429,-0.6733188046364027,0.7099141307026882,1.4851756713735405
-0.7734065495788687,0.5066957314550011,0.4111850120243412,-1.5215682848722036,0.24799414846863338,1.9508965428919456
-0.5646743635688121,0.2873793927441339,-0.28760749560241095,-1.0869991440128588,-0.43376241973841295,1.3836016671664062
-1.839840084163694,1.3377600059322667,-0.1696221025916863,-3.475138583648772,-0.6824671014156959,4.774357661142562
1.0263845929871385,-2.0601532057708014,-0.8243163940004038,1.8384795850236535,-0.5873068346400493,-3.5505779561906903
-0.1587573136944877,-0.8533786708072051,0.33659881029902977,-0.3068964478257235,0.32235018414823946,-0.356166249360762
-1.7740480951301543,1.0150286865394018,-0.4634349386477906,-3.352931580744573,-0.9563100129022712,4.3997509973026805
2.627220872423866,-0.8261648294465965,-0.5041596518921223,4.64328717993427,0.15667191612541,-5.506054584882692
0.33836604888854555,0.5199663060546956,-0.15972594783881022,0.6427102588620781,-0.013147782637868692,-0.17786856738213236
0.01578479223020443,-0.7561952077369807,-0.04045642667759563,0.03307819272233608,-0.024245349926563527,-0.618962612700062
1.154741510683825,0.8592309276734441,0.44419144638387503,2.1920980917763186,0.8088740871987354,-1.540538257413324
-1.2588664606781,1.8552206017945108,-1.3197028926042662,-2.2578630181582984,-1.8491642957820433,3.830983532396551
1.096346642729056,-0.48276918545837627,0.6790395097207839,2.096799756449167,1.0206959093315189,-2.60546201785404
0.5810967005949205,-2.0382766187832106,-0.318526968109688,1.0821100682901998,-0.20603109301195885,-2.765823369741684
0.4746870151940471,0.18989921875399807,1.085975648102668,0.9157335797362045,1.2198710621136146,-0.814262392175059
0.00130244120491382,-0.5472337841474759,-0.7735706214505419,0.04101653681980205,-0.828356239856009,-0.41578424413794757
1.846860226920821,-1.0492866949960065,-0.3685901127645238,3.4029905907358686,0.11739397017991413,-4.246878801807496
0.8114447622213532,0.805705516342489,0.4767566775511534,1.5441128819922763,0.7568444131484854,-0.9020521582941653
0.94828429512611,-0.48094507358651645,1.2311913247403516,1.8178146855076192,1.5254664952624089,-2.3665777289669094
1.2989606364839408,-2.920171793488498,0.18252515762073407,2.3762273810200405,0.5560656329811299,-4.962474062000253
-0.6008151010116682,0.5924681079829012,-0.22984462912934442,-1.1640590614302087,-0.37754062561874113,1.6950766349427044
-0.5507456179414058,-1.1787589705891364,-0.052335309390268224,-1.0186939428918969,-0.23441369074443422,0.12993177895658983
0.22219849156061758,0.7567821435521982,-0.37979941786788946,0.41789419027252034,-0.28271815133958067,0.24247397537409426
-0.09574634234659418,0.5240323149963874,1.5803018289940005,-0.19656418953607402,1.5174452927983668,0.5995801214324652
0.3335168415869193,-2.7744714453862738,0.7052039137576245,0.5848964093758825,0.8957128146470796,-2.823425162907047
1.6535527588301475,-2.174193065334514,-1.3482286115966025,2.95351070153515,-0.9343877358244983,-4.726936801441676
-1.4680746562603486,-0.3135440951252017,0.43580984899387903,-2.755140665137461,0.1208762027112894,2.6139116547434393
-0.5915627381680987,1.3287268614303747,-1.492831208503674,-1.0804485578360055,-1.825042148682285,2.200079869635959
1.3460530561610333,-0.09737212114729972,0.028667883618329976,2.543210978334502,0.41698980878082387,-2.671195667259018
0.8468612961534279,-0.0195981680118881,0.5610426391474683,1.6235821445323215,0.830932464851063,-1.7071907376229132
-1.303728228471493,-0.5436385279511312,-0.17018725695105544,-2.4415146703606796,-0.49264983611317803,2.1394810041179375
1.7312545638493049,0.41593058334370353,1.1269822725930567,3.2845439818756272,1.6129451332646236,-3.1388007844354258
-0.43176593537616215,0.25677822673076633,-0.315060136041386,-0.8286712312982977,-0.4242027305177771,1.0988919840889246
0.7083949085697876,0.5402928360166782,-0.10084695279378394,1.3516883375074136,0.1467351906090498,-0.8872071088653576
-0.2223114489699233,-1.49108095765939,0.962236083905729,-0.4108965574837236,0.9702187770902317,-0.7069756836160326
0.9815718465492583,1.5115716501040846,-1.2919226363703693,1.7258620480491462,-1.0806536824271313,-0.7479582506680019
-0.8234623346321004,0.7983394219327299,0.03121036048246382,-1.6048336534210452,-0.16132493072256232,2.2832506086178226
0.12637889765903892,1.5865316093435353,1.2643184210958887,0.2424977267812045,1.3445515069241538,1.0051307219261885
0.17175189394394672,-1.7211466679342817,2.4040464128130723,0.21040609776287938,2.5968359242689436,-1.7258851224866303
0.8380902848170528,-0.6694882642283365,1.5605879198697525,1.594021627941599,1.8380107568462656,-2.306888011514492
0.5895376681276171,-2.153556144728473,-1.3671672906694767,1.0851473197052646,-1.3288940779128942,-2.9635510820407402
0.12758538630882782,-1.3544405376714108,-0.46365223246968523,0.2622488801100983,-0.4909591312336429,-1.3255551809052961
-1.3929393128485084,4.589262733533271,-0.43612320677207517,-2.2132207402677633,-1.155934388804193,5.756016498535697
-1.701004453918461,1.0887784798194546,0.9346021692159743,-3.2399303656124547,0.5101527535959866,4.218348781164356
0.31766689443554363,2.7583356956568967,0.5410372630387766,0.6490791292400583,0.8202807965017517,1.6071250982402032
0.01424602505195001,-0.28278592622609716,1.0051947279463722,0.021271914376551675,1.0301874588088964,-0.23550013107772874
0.6134321391177986,0.308168568644012,0.28744017916393555,1.1717071941947284,0.5084705886489945,-0.9206400473215934
-1.1747190892720176,0.18863497966646303,0.5369086353700622,-2.2887733197049607,0.2785973867159105,2.4756045077192694
-0.2994930897083514,-0.24730534748509603,-0.22343770876420257,-0.5683537563898658,-0.30041227264484643,0.42456984096912087
0.24850705154285052,0.3045224157548413,1.9890802671117167,0.45789304334462155,2.002043338883415,-0.3753358499158513
-0.3116231299469645,0.8008786868035354,-1.037138268032676,-0.5754817568975912,-1.207559405442879,1.2755259079148824
-0.30059011050225654,1.9822384318564303,1.1934710922365601,-0.5756445292149649,1.1899466406462482,2.151999760192923
-0.5370160367239613,0.4595563796813278,-0.29664903031018,-1.0362711501559978,-0.4326892167610088,1.466734413826874
0.2024390142314223,2.4081001540503086,0.44112944277862526,0.40249304602027003,0.6501376586046325,1.6067351887493706
0.01998736028683463,-1.0724561366801533,-0.3463366027256658,0.058394290428252164,-0.3788178270772202,-0.8826642505733275
0.1403789415955997,0.024358760953021034,1.162797065685385,0.2677662722940363,1.202405902592786,-0.2554013119624875
0.4335688217622569,-1.9042529634953171,-0.34179621768448176,0.8187362382439067,-0.2786468789956717,-2.371668657658993
-1.2174622384899267,0.9168092380116889,0.5233278542447091,-2.372416550498742,0.23881795793237734,3.1327499830119936
0.13473564053945625,0.13151570181932684,0.7200551259971051,0.2559139673157616,0.7883872893772629,-0.13492283639456443
0.14107853531917613,-0.29035692369235905,-0.2628588186984077,0.2703602503923526,-0.20091895728127443,-0.47592276029496067
-1.8513423432957226,1.7188411417241303,1.0543078715769472,-3.485012837532094,0.5540414106069088,4.976301346910777
1.3325961766260175,-0.6028515270202767,-1.8219400894890005,2.5069842866689145,-1.4930601759272824,-3.173021381990411
0.4065432921893483,-0.3755100103231022,0.7003045692803909,0.7818493724104405,0.8475523804693949,-1.115113577388813
0.5211492462987448,0.8377753229467801,-0.7740305936145188,0.9724318194243363,-0.6388447552128456,-0.2673554046160248
-1.228254655436875,-0.6783422783111681,-0.0835187649075691,-2.3016049061738384,-0.3885353658492961,1.8705294363496663
-0.7397602059871011,0.4277059616491085,0.6430763113727017,-1.4594132853294148,0.4870557957171062,1.8225122848672943
0.16373875055698553,0.6323492730114845,-1.4903367684990236,0.32456619618542837,-1.5513421702584496,0.20117549503992996
-1.226765013454748,0.21715336556052015,-0.42912027941230285,-2.334962350252398,-0.7541547587454205,2.65430416316484
-0.25230117687982495,0.15025719532780943,-0.40300388038772256,-0.47721683180539837,-0.4673981460638408,0.6610797425019401
-0.820155128203672,0.47706116442124996,-0.208294945642755,-1.5880362216006125,-0.4176146780406629,2.0340223742826082
0.9413966141416696,0.6989036296253573,0.5595411583631281,1.7931899202943313,0.8639950893874042,-1.268800148709073
-1.386093096542344,1.9870414938627423,-1.4739794235116088,-2.450710001108317,-2.055912395952964,4.150917510675817
0.9609451670825842,-0.939266376537342,0.5451126117467843,1.835026163266999,0.8625925983998443,-2.6805147981243787
1.024724899035577,-1.9972237585538364,-0.1865748542925399,1.9006539360197443,0.0953436057863933,-3.589317738854646
-0.2687970184045813,-0.5638812205379401,1.0684151825004153,-0.5293165844068275,1.0288943179540384,0.12347147634345204
0.9083661846205093,-2.3198774240517963,0.11976063603820611,1.6972406321927076,0.3790126294620464,-3.667210577690463
-0.6702761761665872,0.4936099128173726,-0.184491724504576,-1.299917346762047,-0.34912031368341995,1.7520996988425515
-0.633830583937149,-1.0006475040883915,-2.0976218876657535,-1.0153180082516275,-2.5175068992679175,0.34033835208097546
0.03447584442154909,0.11461516943247992,0.9918031049117422,0.06193393920476779,1.0145598011563708,0.04376932166300295
-1.4401844882074255,2.331962209035576,-0.3302424403857078,-2.6119073565494406,-0.8640579456266907,4.582084521994054
-1.6295895730222185,-0.32494600464795886,0.284159696206337,-3.0259945110503415,-0.06476144026881367,2.92463531743136
0.1240823441310133,-0.6772415977765119,-1.0993147402769798,0.2947901257476909,-1.1564688758837862,-0.7863403694687263
-0.22201220618319661,-1.498963161392976,-0.711286659949034,-0.36796119973706554,-0.9123533848546409,-0.7953778477890328
-1.3021039090224857,2.763398254224524,-0.376895408706519,-2.3304878517387717,-0.9099857742703201,4.619179202628864
1.874711367844751,-0.23765559343169596,-0.505036906297771,3.476655514902255,-0.051961944046418455,-3.7083527552774753
0.5494033430409894,-2.0229239360652858,-1.3494874436353481,1.0133158578934034,-1.3205689427188079,-2.771379645897648
0.5086679800988104,-1.40165003294069,-0.2616373565321551,0.9595240178350027,-0.12820755126023875,-2.111950049597925
-0.7626327790794531,0.04671898598786729,0.08626445630891266,-1.4860696118390364,-0.08871200237348925,1.5635466850464848
0.14772577609151755,0.23069636562173226,-0.8266723871509639,0.29692915205322284,-0.8086561576852273,-0.06092842360002331
-0.04558774771720979,-0.19913752555820616,1.5191781462854377,-0.09377631474409331,1.4996069428144223,-0.05317789918559251
0.7228438924903524,-1.0979363073495572,-0.9461026121955938,1.3458674137702624,-0.7759935620861268,-2.2365452184547476
0.48631268194256494,1.3349203799399425,-0.8663550200696172,0.8675014133981047,-0.7680436476592004,0.20420499324267374
-0.8172427951115758,-0.872164598873336,1.1813410481200597,-1.5236396697200538,1.0023237792523156,0.9243092625337989
0.9803690005868324,1.475162500194204,1.021057860212383,1.8534604127514644,1.35802316338952,-0.7664095146602822
-0.10922193981516505,-0.9087669304634443,-0.07189686862084024,-0.1977150750239134,-0.1079060342075153,-0.49679931098204294
0.837396418174952,-0.5545239862430131,0.25815802291530504,1.5933060448646363,0.5346765054170416,-2.1029360121728216
1.6527548117436996,-2.2626695490933058,-0.7246986771208458,2.9718904242689197,-0.28961257255470424,-4.823262974270613
-0.5136520743997014,1.5926335345574978,-1.725171597892185,-0.9627564086672783,-2.060230158495166,2.2665337192290593
0.3787042074222414,-0.24456654379007672,-0.18347915579541915,0.717414848411011,-0.040706916938536376,-0.9053016722417393
2.449543946887874,-4.060699907787475,1.3973166634876997,4.682543544838907,2.1631912577433536,-8.56978976410052
0.9992526752370732,-1.565892819520387,-1.8029354022743265,1.9161554541570718,-1.5965192168871674,-3.3645560626195414
-1.6180431903457204,0.049964927866599645,1.007598184830537,-3.0137172620984756,0.6266796995294305,3.210853346064031
-0.14452068158132347,0.17410693212787698,1.13296474857316,-0.28842226159851797,1.0990797084586277,0.4533724595311175
-0.2738889601105792,0.7731054486058665,-0.2327049926412542,-0.534108839462495,-0.2762647346952306,1.2093635079897989
0.3021875100552476,-0.013548345218951057,0.4623295382079814,0.5756867648595232,0.5887982892950416,-0.5825801813318254
1.2387411075700034,-0.3236015387552262,2.080826937930589,2.327632296462275,2.462442990300764,-2.950566824235538
0.9051873799790477,-0.7229410362438705,-0.8665799024446537,1.680570304945012,-0.620476373365397,-2.25548720855439
-1.4971380190521884,1.5244544433038099,-0.427323636995161,-2.7988508581792035,-0.9018785260581598,4.150850478498843
-0.37955211030317454,1.3205616236746724,0.48683872088324454,-0.7274236964881949,0.45462178685921434,1.8387399512233311
-1.1173483435697094,0.9581009142125902,-0.16846094519505944,-2.1549768733217074,-0.46512954536313844,2.985684558329904
1.3598124799005122,-0.34708528612778977,0.02338231702762645,2.56366238603446,0.4180111398287783,-2.8998392721833817
-1.5592058092267262,-0.5230280089601999,0.315967348841602,-2.87907606597821,-0.019686811314580548,2.609231293128931
0.18876776740196655,0.5159833822148435,-0.3167991693227069,0.3567907701830113,-0.22508482809225203,0.10750902469059953
2.699892259789876,-1.721296425500841,-0.2036631716319656,4.7912180667803534,0.5196309974052423,-6.381730651762626
-1.4377653133349777,1.043429011567025,-0.9225682613009173,-2.6693242143805183,-1.3963492904030794,3.6866533596304207
-1.8789826291864213,0.06401958661475807,-0.16962405536185943,-3.495791107282403,-0.5932548633213276,3.795857474566064
-1.7197900514589004,1.1546993558500807,0.1610133299717366,-3.2855639330176296,-0.2739435977709707,4.365903468028788
-1.3416865688508517,2.358794048602988,0.6438264302907204,-2.5291021316245277,0.2912981808871533,4.413843053571076
-0.3361941174746327,-1.1203118687693405,0.9980314973207084,-0.6398814093997703,0.9622923500198431,-0.1903200523421751
-1.6254662842244505,2.385179947673622,-0.7325753022077077,-2.8947314249939744,-1.380343361368379,4.945760235139376
0.554621509133875,-0.28280457620000404,0.37728612940235184,1.0591869635513902,0.5747797702271671,-1.3182441396351237
-0.12944094201222509,-0.9637780977247816,0.23906295094226587,-0.24484603583065478,0.22344810997445674,-0.5033447801505414
-0.5467028895135497,-0.3114349380345935,1.7941647347234413,-1.0335829160989738,1.6331532867562124,0.894853030174603
0.38527275753484785,-0.742368721599766,-0.9179444747545893,0.7518340176863038,-0.8536543582378193,-1.3255890667943613
1.6541408980561232,0.08986126079881039,0.20272075233138007,3.1071869407856565,0.6567472897138518,-3.113169247451635
-0.35197423064344713,0.5212963636472996,0.6276748170643676,-0.6935228312806151,0.5764888551570894,1.148836622086938
-1.3922260893528202,-0.14604539409553263,0.32518893623135153,-2.6520494527222134,0.023862202600836824,2.624966285710436
0.6103781609254532,-1.669770882607333,-0.6820798392926907,1.1180174856106313,-0.5642163388297747,-2.491280475897399
0.1290528289327914,-0.20855484606756752,-0.9100407835595474,0.28151272891298335,-0.9187664501809775,-0.3911299594132222
0.2803326680122525,-0.026924133898247077,-1.4588635812917292,0.5929174275418674,-1.4690234525251231,-0.5835639241143658
0.9012126687160966,-1.5994055107476315,0.47399387337553855,1.7169511117645113,0.7787898313111496,-3.0751431301763206
0.5121154553187997,-0.08936485280466108,-0.6254864877736386,0.9731699250284451,-0.46984707384316593,-1.018426555757505
0.2101363288909598,0.3778471873447732,0.20801591562111638,0.3964542025696271,0.3231064481017408,-0.05220905163842139
-1.9694359555601164,1.8352907110524233,-0.3419030009460759,-3.626128640913087,-0.9817136450127915,5.383409593217671
-0.43807219941541214,-2.6877041346499055,0.6456335917675197,-0.6023740736958616,0.5871170896173532,-1.497093641073798
-1.0516930185358409,1.0963293351118035,-1.38161867230297,-1.8828374778758283,-1.8184414286183097,2.9013736010405387
1.556162889117274,-1.6246568099264547,-0.24919267241613327,2.869551419321506,0.18725750990836848,-4.185426390213468
-0.4763309870430553,0.07404771752253901,0.7428959050796347,-0.9436333385939428,0.6511193428131067,1.0286622154704184
0.06903696278728846,-1.468162390029314,0.027942057692925272,0.1550222033643793,0.030774906759690926,-1.3068752501191532
-1.2066691695549148,1.5840210860042314,0.8032939842610383,-2.331056173241985,0.513417719725397,3.593823495168344
-1.9953897612837035,0.45938978432090377,0.06281839669416252,-3.7467880296405722,-0.3895977868736402,4.3780415992069885
0.20339940917252194,0.8906523864950401,0.597935589731868,0.3893696694070271,0.7128650676905454,0.38041118857359757
-0.10672477419852129,-0.19184909423070082,-1.612128990858699,-0.07943840461082863,-1.7873653127501166,0.006232231404986868
1.382580378119139,-1.2514444282089092,-1.4854178056289824,2.546697242688126,-1.1504281094932742,-3.6044163135362575
-1.5558542676310165,0.7464869341723078,-2.9379896777108603,-2.7128282412206386,-3.5734384123087364,3.6418484048356197
-0.8856284462267974,-0.10411706389232478,-0.5483442374510361,-1.6623615349552976,-0.820868370032338,1.7144196987574658
-1.605846185442083,0.99477706786524,-0.6462903134182775,-3.023046734148599,-1.1197917940858397,4.02281813571983
0.37865044929039904,1.2773319669949497,-0.7579744248856455,0.6792573644726142,-0.6744802181940212,0.36737252544180926
-1.2678552892801558,1.6563009892911569,1.7144909666629118,-2.3742616507766505,1.330728934099635,3.694101915123314
1.7417534081222217,-0.678361740085192,1.8321189051154771,3.2832723265393837,2.38649953968398,-4.104060109063217
-1.9517381779942837,3.028410253836522,-0.39185644649042106,-3.374758549116028,-1.2030088317337078,6.069512243912348
1.1444319480811938,-1.681310482157013,-0.057906412738414036,2.136297549427077,0.2814050430941669,-3.5530348502676015
0.7921414655344007,-1.14373039384902,0.9720168373569537,1.5191655334452563,1.2605373019815491,-2.5319830817498032
-1.2465717503025553,0.45702603849862955,-2.2202493385416973,-2.114482482249641,-2.763285345424833,2.7260465004665515
-1.2202038475409065,1.5686733205132455,-0.8212085423852327,-2.2504796965735476,-1.2712104215511264,3.5883818654579156
0.2430024390500499,-1.3141884676684785,1.5071727842717284,0.43968673862913554,1.6626974828488195,-1.5060484628058017
1.8035481077791569,-0.5151328874232499,-1.9873538327223528,3.3395605779550914,-1.5568221379482376,-3.9996687379993188
-0.14747547601511113,0.3919473726664266,0.3127458031282859,-0.2948108728189745,0.3249901706671955,0.6534816309620614
0.19911282530241367,1.3150459444974807,-0.22774766035840024,0.36764702947394134,-0.12068306269547976,0.7555067345884486
0.6162572958612021,-0.5142386355165535,-1.2814020172283218,1.191953625414928,-1.1603945141817502,-1.5976446304932177
1.1661236267234494,-0.15269280759610795,-0.8976826321015628,2.1693446843684634,-0.5934798485156642,-2.27208475992291
1.5726854777782298,0.7175340018610673,-1.1542275443566485,2.891834483113386,-0.8038341594144834,-2.4836877752962008
0.7874828461701298,-0.7606176783430669,0.24784685827497727,1.496244680878885,0.5110942441453648,-2.1709885945369027
-0.04533953117094337,-1.983776532343257,-1.5678008588705556,-0.05176293290613281,-1.7869045986043628,-1.6575861310271987
1.3963464541424957,-0.7126090461400122,0.03862976655158691,2.622712953504046,0.4478268918042809,-3.2551474974878185
0.6491231222526151,0.7921772401426779,-1.1131101551313118,1.1930239998627552,-0.979922598899148,-0.5672185047113212
1.0245282728017868,-0.43136035787628957,1.7745733977198748,1.9345134574527383,2.090547594128953,-2.5363332991843617
-0.2646326156074328,-0.4596759646082666,-0.20923392456434495,-0.49761873183020383,-0.2844199147719689,0.18061117833933732
0.4723174723685663,-2.59227723751371,1.0549198715153427,0.8401707645978975,1.3382814851156501,-2.9933719771335525
-0.3152794045116991,-0.04773523984728356,-0.7910406801183533,-0.5613661262189743,-0.9338840429573648,0.624013532576769
-1.23934239531434,1.479944064488396,-0.9249790571284316,-2.2799206140510098,-1.3841612246919401,3.562092314984744
0.5444960064811607,-0.6481879450252482,-0.8485097776922537,1.0347501909836827,-0.7143551003901968,-1.5414294330172233
0.015037621664628704,-1.0153274031076087,0.03241659536206214,0.03685021257984255,0.041734543438851544,-0.8303305228562805
-0.6627164515573771,0.6227943638812764,-0.09987000126813672,-1.289563150798824,-0.25432370210186384,1.8375911963742213
-1.4132040905858094,0.8862369910056465,-0.285344908861212,-2.7069964880981896,-0.6624267510400136,3.544549117290268
0.37014617118229753,0.9910178300922438,1.5197841316836327,0.7056356449162955,1.5964129818934312,-0.009688477233614885
1.4852053960388725,-0.7319773385165943,0.027764391205151225,2.7835597215330576,0.45566392031352404,-3.427938293840554
-0.7052951058218183,-0.6022838680382647,-0.7453719778980301,-1.2720370003362582,-1.0293519401898383,0.9368539053370636
0.2485654115625912,1.393071330926927,0.5982340002317281,0.4730736430560736,0.7543872756959132,0.7094776074241217
-0.39927720032862946,-0.44019881595274213,0.4895918283586372,-0.7851147910223688,0.42077946401136423,0.45159621569425035
-0.941212878614117,1.6084714077196915,0.8881192833395495,-1.823390309997367,0.6834040036409532,3.1000499516725615
-0.10764491398507252,-1.9709777853327834,-0.6658368533612121,-0.15849423426057116,-0.8524642001325131,-1.4316490231411252
0.3665462961952471,-0.5502332481003215,-0.9015148888309863,0.7179686121426911,-0.8339567123438868,-1.129711011382526
-0.7764300020272945,-0.7179069717811885,-0.37923126110788974,-1.4417014069810126,-0.6361917294709657,0.9688243141720322
-0.492385571566707,-0.24460320190699736,0.3178616701806427,-0.965704677159696,0.22138644431471327,0.7920228727851181
0.05867487984416178,0.44011885928065736,0.4506214670981748,0.10679298603133772,0.5184302846233328,0.2898066326920737
-0.14897462719622312,0.544717223674378,-0.546825414177969,-0.28370576238840167,-0.5876874519314862,0.7768240640095961
-0.13553854759026474,-2.024907540558235,0.21625687828977788,-0.205211577391215,0.16403414381581297,-1.3724484710778506
1.027430663178081,0.13470023724102348,-0.07984232654693757,1.954047964457374,0.2381002790835307,-1.8581446088439382
0.02822023430505019,0.7737997833486264,-1.77855815995692,0.07494099343722577,-1.9081899078106608,0.5600252267216496
-1.1532885222515077,1.625806567007287,-0.17146458991367286,-2.179872578226037,-0.5188033906120619,3.5253275523214618
-0.9022653329142938,-0.0892386900395489,-1.1411266149617856,-1.603732249080037,-1.5030788689801657,1.7571769743192382
0.1631856996971489,-0.5961433923685889,-0.1507569338912722,0.31114746803310733,-0.08628612119359688,-0.7759567340362112
-0.505435367546738,1.28943379217622,0.4064815858138302,-0.9738616238445341,0.33335561577693557,2.05025529761046
0.4821891507164666,-1.3743359613337234,-1.2788653500486638,0.9289038644600549,-1.2441938118356328,-2.081848476058939
0.2575228863408066,-0.676396976453334,0.2997011120843704,0.48809180884324327,0.4097054168462425,-1.0425639710335624
-1.5157771826953073,0.5127380978394205,0.34282467567147124,-2.9195279378414876,0.00021848496891625074,3.4268435122887104
-0.2658855824249844,1.3280833680801805,0.6978280348268227,-0.5086041097573202,0.6953260605841463,1.6262857024856339
0.31860490719446444,0.47428324444175285,-0.3007040237870673,0.6053379282962519,-0.16964546726886753,-0.17846140790119147
0.4686862145131088,0.26154568987912763,-0.46919731819712185,0.8919170469609634,-0.31042496707769185,-0.6457763670549289
-0.6884385596368838,1.0093447628776517,-0.17247190737012785,-1.3319833985414544,-0.3443490682835167,2.183581852137705
-0.9613279059037017,0.08593838039445773,0.5871598167450622,-1.8859004995252209,0.379212265267317,1.9759167011203171
1.2468317668362818,-0.45110724977768235,-1.1157438736137806,2.304445573566135,-0.8010572853119922,-2.6599238772631755
0.6133349844558309,-0.10758791798885006,-0.8824874420571436,1.1614548774942923,-0.7203060671896157,-1.2178184012372255
0.8793735357195517,-0.5973617961040284,0.10528322930906467,1.6665393994883557,0.3918108119636014,-2.205216489663219
-1.1697547856738355,0.5584603771417466,0.4483996837863438,-2.285909047959694,0.18363616828543494,2.7652596848086457
0.37149607985695515,0.45215282625186287,-1.5989053780528448,0.7211197124387035,-1.586002625728795,-0.3754365911824113
-0.7031646784416993,2.209527452531412,0.5276454179255419,-1.308213578906656,0.4130468251602475,3.093440193528596
-1.2925714538382234,1.704672731709445,1.1799102534026933,-2.4787951655643257,0.8472650414956779,3.8299483223576347
-0.9592012833562449,2.7872560561369597,-1.393981012480134,-1.7636957586046151,-1.9114495834056515,3.968506530778364
0.8164550880313582,-1.0462261631343173,0.16482478825093919,1.545705516478023,0.433131174848087,-2.450672147535788
-0.4059067071498985,1.3843149536285102,0.16526160744925075,-0.7771382686920618,0.1148504257781675,1.9417761064127228
1.3882036276811185,-2.0559864264210357,-2.040205156673808,2.632458971245793,-1.717056449571615,-4.536526176518566
-0.6280448819399547,0.9611037726920902,0.002161970455636049,-1.2209234766977684,-0.13357154851297803,2.032570944069325
1.3924966729966155,-1.9536296915181812,-0.6875869258706377,2.514120096016769,-0.3225718455651939,-4.1056177936767915
0.7200166277354669,-1.2178213369032753,0.5108679879797474,1.3773508263418164,0.7627451888007485,-2.4197962890769444
0.17265222993476198,-0.9880341581373794,0.7336195524002752,0.3302979763763122,0.8285722387202391,-1.1221836007516515
0.6214764319759866,0.5518676828179157,-0.3977330110195359,1.182698780912489,-0.19041473625265679,-0.697296321730251
0.8367650296893184,-1.281854500320098,0.40976145166174305,1.594490186768598,0.691774289010444,-2.6947640333589047
-1.0926272816809062,-1.0896856203056202,0.12243209262899671,-2.028313662859526,-0.15023104982772303,1.236202161523115
-0.41517996818220054,0.7496473325123671,-1.6254509459322588,-0.6983773745615353,-1.8981254622307917,1.39572013764127
-1.3641358011976534,1.4823671930450544,2.4821229307541253,-2.4272420931869925,1.9339650229208074,3.728661499642589
-0.32995318983057526,1.8839720200529537,-0.4442079426831945,-0.6511217485510777,-0.5652153910828709,2.1987237551764505
0.08489541996438336,-0.9011217356971416,-0.48373464269302857,0.18060672857055704,-0.49515870052383804,-0.8680176150202671
0.30543075163019656,-1.2470803037231706,-0.6847094564992697,0.5864729467164682,-0.6574091556348649,-1.5792169003923162
-0.2663782935142714,-0.8184147423240081,-0.8556539587600213,-0.4446426733748612,-1.0390291968738308,-0.11407351911240257
0.3728617279893923,0.3929707178761946,1.3128622261762823,0.7137049467276303,1.3983066109249727,-0.4559398420262227
-0.47556401937294324,-0.18035608541505133,-0.3277696717470652,-0.9002485114935297,-0.46725976512361234,0.8296222095090293
0.8709005656320602,1.0566482393518286,-0.8420678037012788,1.6155298870156816,-0.622491867902397,-0.769819574176149
-1.3036773664124601,1.4667953300813776,-0.7704321898040702,-2.4129388325975225,-1.227916508892084,3.691051148693652
-0.5910188803467419,2.678801874869411,1.7876757530874567,-1.1048932242313474,1.6537157859300897,3.111495390197432
-0.07551592395126454,-0.15246863058197108,0.3709575530059755,-0.15709676127038366,0.392656561697949,0.05456943008365343
-0.17917464168079056,0.47681100937097576,-0.42340370520075,-0.3439292862987528,-0.45933876582750943,0.7838122367566026
1.1372123178603537,-0.18543074352729885,0.33996050637172043,2.164143153369465,0.6883437226608105,-2.395418641200234
-0.6456946171848376,-0.7524318129501949,-1.736236961281053,-1.051769454246447,-2.128037563453027,0.6138207812250216
1.1684398436504622,-2.233535038750995,0.45884124981987723,2.202955628081964,0.8360920554369782,-4.118021493412385
-1.3773601956022998,1.6354234564245618,0.45982085242216736,-2.6414202409442016,0.10561105719900038,3.9795800519758426
2.9145931162761705,-1.6623798802470984,1.404523199206301,5.3368826834219645,2.2409562750100056,-6.959762445985248
-0.42290377526687284,0.3946538588866172,-0.014232810202731767,-0.8260040158551952,-0.09249847831386612,1.1902816288869156
-1.795279515681815,1.256170995212605,-0.49729649395210074,-3.3723058913560324,-1.0271994946335363,4.614174649359791
-1.42329500989805,1.4324705678428489,-0.013546134239122147,-2.713063675343085,-0.40923832863489706,3.944098469770686
-0.8564167364566218,0.18786865889052418,0.16361940482262094,-1.6740376055869364,-0.029413086299474457,1.860105015444043
0.635206772619724,-0.41769318485051926,0.002517574966893567,1.203402744284531,0.22210394634924735,-1.5669845767452308
0.5683584225998205,0.32308419788699544,0.7121471949647962,1.0929643542814116,0.9003805501954496,-0.8543290429785395
-1.6008314423109933,0.6766538519752434,-1.540393874097117,-2.862426312715992,-2.1222057225641056,3.6815881781787723
-0.9403390355727477,0.45210238445437884,1.5949153035431143,-1.806685112184645,1.3224889138067426,2.253298332211461
-1.2370940461051692,0.49873491175571494,-0.6919567632802841,-2.331225996480801,-1.0580728846711747,2.9001450969001126
0.15830400934075226,-0.2751707538298189,0.3079298786599305,0.29524371114052667,0.3946238569244925,-0.5099289638304249
-0.3718626271921618,1.58055023558336,-0.5585219045220827,-0.7285249145940916,-0.7009027658087612,2.022600076453718
-1.0158484051108168,-0.07004367031910019,0.3132765532806216,-1.9762806511092061,0.08903181307521274,1.9552290262475143
-0.8731164964560301,0.060042743566609276,-1.8327117674304783,-1.4629186274088826,-2.2602479093662464,1.7445341262722667
0.3610032782929704,0.175998014599732,0.9276170875353029,0.6972052731966424,1.042184437876177,-0.5737551048880052
0.6084968293565974,0.48551888738625587,1.755339923846165,1.1462216537948682,1.8788353149696122,-0.9637031632095515
-0.17479704502669766,-0.08450572910198119,0.7794295150005837,-0.350379957619507,0.7633616600196939,0.306051802100614
1.0646591058167867,-1.3184078428653416,-0.7464141976204994,1.9448559122348499,-0.4596927785409547,-3.01958301754183
-0.5340742721216554,-0.870225750362311,0.016931946873701198,-1.009591977196031,-0.1351349265565266,0.3618765299598647
0.9376091059489514,-0.484228095906223,-0.11020922568623764,1.7713464238754926,0.1870220127026246,-2.20216939883764
1.9368886623884805,-3.9373509777273017,-0.21916017872872592,3.5209246870302273,0.2931523934688664,-7.143601644169014
0.5028587374095924,-1.5904409357584615,-0.18531971471183042,0.9536390266432984,-0.0596056336529863,-2.2590637725494873
-0.37993555341297996,1.5768784747746556,-0.10061536910851429,-0.7267435544983215,-0.17044329591784296,2.0437265213977094
-0.12738109035965975,0.9367008953454941,-0.04939902806139828,-0.2519908225380203,-0.029414312223514198,1.066816496420125
-1.4620766456579306,0.12846551446606422,-1.0685159088459475,-2.6598568087335486,-1.5369755543279795,3.040296168608022
1.165847142881326,1.3794222773206222,-2.0381344749337185,2.033149101351769,-1.740693419072854,-1.544196039012448
1.484055576038799,-1.0070481644899472,-0.015977733171245477,2.773032671020905,0.414305024885609,-3.6257870213117975
0.2866153369490567,-0.35271030097850864,1.856347219802378,0.5402461153923477,1.934503654640362,-0.926147453788112
-0.34995128383746527,0.3377554042286217,0.7689281930771817,-0.6921681675191302,0.7085957459803954,0.9949407153047467
0.5968200093021764,-1.7451930025464482,-0.05628024652011127,1.132703715440026,0.10506083333506593,-2.5769479781275297
-0.6692524948125854,-1.3013754759952638,0.26994321459061876,-1.245510871216334,0.10043186041313878,0.2543865967939666
-0.7038751300757984,1.2106782168446373,0.8266160437488432,-1.370952624550139,0.6852669334037356,2.3557157171177137
-0.4862764348052126,1.4608882510830314,1.1527757718796683,-0.9465709431297341,1.0619058008852438,2.1219417893361054
0.5071645181863063,0.24121457014317338,-0.15450907931573266,0.9654970950894001,0.03472211210742668,-0.7456445687924055
0.036834907805090675,-0.09967293268637718,-0.7022744454723179,0.09332914375954729,-0.71334361917922,-0.1149000423288439
-0.25272234907753566,-0.4747702299601347,-1.3738450407862657,-0.36585730221017515,-1.5952766725033287,0.1020595072774064
-0.25122969952042995,-0.18374116942986693,-0.11348586232226762,-0.483088319967142,-0.1627796558983091,0.3800093151434294
0.2970022110491349,0.2599318407564313,0.3459513875020098,0.564689241833763,0.4794147787202687,-0.3306986046481995
0.8240049523461055,-2.7332197883835394,1.6519637800980593,1.4529066379949942,2.1206174802453397,-3.955811820895979
-0.35840833051353316,-9.075068181410134e-05,-0.8695648341010771,-0.6361253504770656,-1.0360717313173449,0.7471238837427656
-1.3445217238889233,-0.6094832271900542,1.8564403909477105,-2.3531362359537877,1.4346397558747461,2.145413717772942
0.17374478782157826,-0.4835333966452557,-1.0055502275546935,0.37623276452975,-1.0211702278994876,-0.712286846304076
-0.02350619369777174,-0.5381380336561674,0.33556909490328646,-0.05331952399809573,0.3660613736451943,-0.36799974074960534
0.5587558864147582,-0.0707015505592472,-0.26124286052039714,1.0605810360553636,-0.06656344299989156,-1.1076823232632556
0.7273623550754258,-1.2275281421213367,-0.021930537069179364,1.3710283500655043,0.20840949568228237,-2.4113792988821534
-0.4432852286429455,1.7296135135015385,0.23430068452591618,-0.8340013957235918,0.17983645395132583,2.2740087273306564
0.2516744951220096,0.06350384234678921,2.2568496388617714,0.46897040992178407,2.285085855664176,-0.6219291415548583
0.9883377888936916,-0.9864408430134147,-1.9030505170089678,1.9154598509582859,-1.6819851768037704,-2.891813337621014
-0.7397449016510163,-0.06422759587130555,0.16372276671513636,-1.4429086977566137,-0.002366532210219402,1.4247870998992092
-0.6443216912590596,-0.07984924959705042,-0.22472363078478905,-1.2348653410639419,-0.3974997789493039,1.240801695520396
1.2729209637053558,-0.10262853653221538,0.6435815389487327,2.424854344490837,1.0208202804802078,-2.6354884153577487
0.08006912934485669,0.37344880106798256,0.031729230048552284,0.1459236676580993,0.10803304341656544,0.2009528056575587
0.14264259097130175,0.7308725054504103,-0.40267879579653226,0.26605593142273876,-0.3323612235051153,0.3728854380779017
-1.5785501093146501,1.9026732704814955,-1.0500745414386414,-2.8392162884559204,-1.6534417271437472,4.506156525975075
-0.5809768472433162,0.3451125337455751,0.6426308216799806,-1.1478494460415345,0.5276856070078628,1.4492185171980159
-1.0714808988169728,0.9589819545457938,-0.9282420847583687,-1.990297742269909,-1.3073215484884346,2.8819412608194295
-0.1291954819559405,0.009642248571775085,-0.08189174860850254,-0.2529695567457113,-0.08373235448043306,0.302312810059344
0.2072721899045826,1.30133269562223,0.8633217090094214,0.3961694352116796,0.9840904092467854,0.6879556502818966
1.1189055933951064,-0.4599273066118854,-0.0843038955851726,2.112694791251067,0.2567805304240953,-2.5290529873606142
0.9144602870822623,1.700854327483802,1.3913679694224494,1.753558135481571,1.6955745820737447,-0.5814992181423074
0.6343749415262774,-1.4071852935641667,-0.751536012279942,1.1705669377920465,-0.6127394043958051,-2.3233601398517942
