[2026-04-24 05:15:47,744][dowhy.causal_model][INFO] - Model to find the causal effect of treatment ['X0'] on outcome ['X1']
[2026-04-24 05:15:47,744][dowhy.causal_identifier.auto_identifier][WARNING] - No directed path from treatment to outcome. Causal Effect is zero.
[2026-04-24 05:15:47,744][dowhy.causal_model][INFO] - linear_regression
[2026-04-24 05:15:47,744][dowhy.causal_estimator][INFO] - INFO: Using Linear Regression Estimator
[2026-04-24 05:15:47,744][dowhy.causal_estimator][WARNING] - No directed path from ['X0'] to ['X1'].
[2026-04-24 05:15:47,746][dowhy.causal_model][INFO] - Model to find the causal effect of treatment ['X0'] on outcome ['X2']
[2026-04-24 05:15:47,746][dowhy.causal_identifier.auto_identifier][WARNING] - No directed path from treatment to outcome. Causal Effect is zero.
[2026-04-24 05:15:47,746][dowhy.causal_model][INFO] - linear_regression
[2026-04-24 05:15:47,746][dowhy.causal_estimator][INFO] - INFO: Using Linear Regression Estimator
[2026-04-24 05:15:47,746][dowhy.causal_estimator][WARNING] - No directed path from ['X0'] to ['X2'].
[2026-04-24 05:15:47,748][dowhy.causal_model][INFO] - Model to find the causal effect of treatment ['X0'] on outcome ['X3']
[2026-04-24 05:15:47,749][dowhy.causal_identifier.auto_identifier][INFO] - Causal effect can be identified.
[2026-04-24 05:15:47,750][dowhy.causal_identifier.auto_identifier][INFO] - Instrumental variables for treatment and outcome:[]
[2026-04-24 05:15:47,750][dowhy.causal_identifier.auto_identifier][INFO] - Frontdoor variables for treatment and outcome:[]
[2026-04-24 05:15:47,750][dowhy.causal_model][INFO] - linear_regression
[2026-04-24 05:15:47,750][dowhy.causal_estimator][INFO] - INFO: Using Linear Regression Estimator
[2026-04-24 05:15:47,750][dowhy.causal_estimator][INFO] - b: X3~X0+X0*X1
[2026-04-24 05:15:47,758][dowhy.causal_model][INFO] - Model to find the causal effect of treatment ['X0'] on outcome ['X4']
[2026-04-24 05:15:47,759][dowhy.causal_identifier.auto_identifier][INFO] - Causal effect can be identified.
[2026-04-24 05:15:47,759][dowhy.causal_identifier.auto_identifier][INFO] - Instrumental variables for treatment and outcome:[]
[2026-04-24 05:15:47,759][dowhy.causal_identifier.auto_identifier][INFO] - Frontdoor variables for treatment and outcome:[]
[2026-04-24 05:15:47,759][dowhy.causal_model][INFO] - linear_regression
[2026-04-24 05:15:47,759][dowhy.causal_estimator][INFO] - INFO: Using Linear Regression Estimator
[2026-04-24 05:15:47,760][dowhy.causal_estimator][INFO] - b: X4~X0+X0*X1
[2026-04-24 05:15:47,767][dowhy.causal_model][INFO] - Model to find the causal effect of treatment ['X0'] on outcome ['X5']
[2026-04-24 05:15:47,767][dowhy.causal_identifier.auto_identifier][INFO] - Causal effect can be identified.
[2026-04-24 05:15:47,768][dowhy.causal_identifier.auto_identifier][INFO] - Instrumental variables for treatment and outcome:[]
[2026-04-24 05:15:47,769][dowhy.causal_identifier.auto_identifier][INFO] - Frontdoor variables for treatment and outcome:[]
[2026-04-24 05:15:47,769][dowhy.causal_model][INFO] - linear_regression
[2026-04-24 05:15:47,769][dowhy.causal_estimator][INFO] - INFO: Using Linear Regression Estimator
[2026-04-24 05:15:47,769][dowhy.causal_estimator][INFO] - b: X5~X0+X0*X1
[2026-04-24 05:15:47,777][dowhy.causal_model][INFO] - Model to find the causal effect of treatment ['X0'] on outcome ['X6']
[2026-04-24 05:15:47,777][dowhy.causal_identifier.auto_identifier][INFO] - Causal effect can be identified.
[2026-04-24 05:15:47,778][dowhy.causal_identifier.auto_identifier][INFO] - Instrumental variables for treatment and outcome:[]
[2026-04-24 05:15:47,779][dowhy.causal_identifier.auto_identifier][INFO] - Frontdoor variables for treatment and outcome:[]
[2026-04-24 05:15:47,779][dowhy.causal_model][INFO] - linear_regression
[2026-04-24 05:15:47,779][dowhy.causal_estimator][INFO] - INFO: Using Linear Regression Estimator
[2026-04-24 05:15:47,779][dowhy.causal_estimator][INFO] - b: X6~X0+X0*X1
[2026-04-24 05:15:47,787][dowhy.causal_model][INFO] - Model to find the causal effect of treatment ['X0'] on outcome ['X7']
[2026-04-24 05:15:47,787][dowhy.causal_identifier.auto_identifier][INFO] - Causal effect can be identified.
[2026-04-24 05:15:47,788][dowhy.causal_identifier.auto_identifier][INFO] - Instrumental variables for treatment and outcome:[]
[2026-04-24 05:15:47,789][dowhy.causal_identifier.auto_identifier][INFO] - Frontdoor variables for treatment and outcome:['X4', 'X3', 'X5', 'X6']
[2026-04-24 05:15:47,790][dowhy.causal_identifier.auto_identifier][INFO] - Causal effect can be identified.
[2026-04-24 05:15:47,791][dowhy.causal_identifier.auto_identifier][INFO] - Causal effect can be identified.
[2026-04-24 05:15:47,792][dowhy.causal_model][INFO] - linear_regression
[2026-04-24 05:15:47,792][dowhy.causal_estimator][INFO] - INFO: Using Linear Regression Estimator
[2026-04-24 05:15:47,792][dowhy.causal_estimator][INFO] - b: X7~X0+X0*X1+X0*X2
[2026-04-24 05:15:47,833][dowhy.causal_model][INFO] - Model to find the causal effect of treatment ['X1'] on outcome ['X0']
[2026-04-24 05:15:47,833][dowhy.causal_identifier.auto_identifier][WARNING] - No directed path from treatment to outcome. Causal Effect is zero.
[2026-04-24 05:15:47,833][dowhy.causal_model][INFO] - linear_regression
[2026-04-24 05:15:47,833][dowhy.causal_estimator][INFO] - INFO: Using Linear Regression Estimator
[2026-04-24 05:15:47,833][dowhy.causal_estimator][WARNING] - No directed path from ['X1'] to ['X0'].
[2026-04-24 05:15:47,835][dowhy.causal_model][INFO] - Model to find the causal effect of treatment ['X1'] on outcome ['X2']
[2026-04-24 05:15:47,835][dowhy.causal_identifier.auto_identifier][WARNING] - No directed path from treatment to outcome. Causal Effect is zero.
[2026-04-24 05:15:47,835][dowhy.causal_model][INFO] - linear_regression
[2026-04-24 05:15:47,835][dowhy.causal_estimator][INFO] - INFO: Using Linear Regression Estimator
[2026-04-24 05:15:47,835][dowhy.causal_estimator][WARNING] - No directed path from ['X1'] to ['X2'].
[2026-04-24 05:15:47,836][dowhy.causal_model][INFO] - Model to find the causal effect of treatment ['X1'] on outcome ['X3']
[2026-04-24 05:15:47,837][dowhy.causal_identifier.auto_identifier][INFO] - Causal effect can be identified.
[2026-04-24 05:15:47,837][dowhy.causal_identifier.auto_identifier][INFO] - Instrumental variables for treatment and outcome:[]
[2026-04-24 05:15:47,837][dowhy.causal_identifier.auto_identifier][INFO] - Frontdoor variables for treatment and outcome:[]
[2026-04-24 05:15:47,837][dowhy.causal_model][INFO] - linear_regression
[2026-04-24 05:15:47,838][dowhy.causal_estimator][INFO] - INFO: Using Linear Regression Estimator
[2026-04-24 05:15:47,838][dowhy.causal_estimator][INFO] - b: X3~X1+X1*X0
[2026-04-24 05:15:47,845][dowhy.causal_model][INFO] - Model to find the causal effect of treatment ['X1'] on outcome ['X4']
[2026-04-24 05:15:47,846][dowhy.causal_identifier.auto_identifier][INFO] - Causal effect can be identified.
[2026-04-24 05:15:47,846][dowhy.causal_identifier.auto_identifier][INFO] - Instrumental variables for treatment and outcome:[]
[2026-04-24 05:15:47,846][dowhy.causal_identifier.auto_identifier][INFO] - Frontdoor variables for treatment and outcome:[]
[2026-04-24 05:15:47,847][dowhy.causal_model][INFO] - linear_regression
[2026-04-24 05:15:47,847][dowhy.causal_estimator][INFO] - INFO: Using Linear Regression Estimator
[2026-04-24 05:15:47,847][dowhy.causal_estimator][INFO] - b: X4~X1+X1*X0
[2026-04-24 05:15:47,854][dowhy.causal_model][INFO] - Model to find the causal effect of treatment ['X1'] on outcome ['X5']
[2026-04-24 05:15:47,855][dowhy.causal_identifier.auto_identifier][INFO] - Causal effect can be identified.
[2026-04-24 05:15:47,855][dowhy.causal_identifier.auto_identifier][INFO] - Instrumental variables for treatment and outcome:[]
[2026-04-24 05:15:47,857][dowhy.causal_identifier.auto_identifier][INFO] - Frontdoor variables for treatment and outcome:[]
[2026-04-24 05:15:47,857][dowhy.causal_model][INFO] - linear_regression
[2026-04-24 05:15:47,857][dowhy.causal_estimator][INFO] - INFO: Using Linear Regression Estimator
[2026-04-24 05:15:47,857][dowhy.causal_estimator][INFO] - b: X5~X1+X1*X0
[2026-04-24 05:15:47,864][dowhy.causal_model][INFO] - Model to find the causal effect of treatment ['X1'] on outcome ['X6']
[2026-04-24 05:15:47,865][dowhy.causal_identifier.auto_identifier][INFO] - Causal effect can be identified.
[2026-04-24 05:15:47,865][dowhy.causal_identifier.auto_identifier][INFO] - Instrumental variables for treatment and outcome:[]
[2026-04-24 05:15:47,866][dowhy.causal_identifier.auto_identifier][INFO] - Frontdoor variables for treatment and outcome:[]
[2026-04-24 05:15:47,867][dowhy.causal_model][INFO] - linear_regression
[2026-04-24 05:15:47,867][dowhy.causal_estimator][INFO] - INFO: Using Linear Regression Estimator
[2026-04-24 05:15:47,867][dowhy.causal_estimator][INFO] - b: X6~X1+X1*X0
[2026-04-24 05:15:47,874][dowhy.causal_model][INFO] - Model to find the causal effect of treatment ['X1'] on outcome ['X7']
[2026-04-24 05:15:47,875][dowhy.causal_identifier.auto_identifier][INFO] - Causal effect can be identified.
[2026-04-24 05:15:47,875][dowhy.causal_identifier.auto_identifier][INFO] - Instrumental variables for treatment and outcome:[]
[2026-04-24 05:15:47,876][dowhy.causal_identifier.auto_identifier][INFO] - Frontdoor variables for treatment and outcome:['X4', 'X3', 'X5', 'X6']
[2026-04-24 05:15:47,877][dowhy.causal_identifier.auto_identifier][INFO] - Causal effect can be identified.
[2026-04-24 05:15:47,878][dowhy.causal_identifier.auto_identifier][INFO] - Causal effect can be identified.
[2026-04-24 05:15:47,879][dowhy.causal_model][INFO] - linear_regression
[2026-04-24 05:15:47,879][dowhy.causal_estimator][INFO] - INFO: Using Linear Regression Estimator
[2026-04-24 05:15:47,879][dowhy.causal_estimator][INFO] - b: X7~X1+X1*X0+X1*X2
[2026-04-24 05:15:47,920][dowhy.causal_model][INFO] - Model to find the causal effect of treatment ['X2'] on outcome ['X0']
[2026-04-24 05:15:47,920][dowhy.causal_identifier.auto_identifier][WARNING] - No directed path from treatment to outcome. Causal Effect is zero.
[2026-04-24 05:15:47,920][dowhy.causal_model][INFO] - linear_regression
[2026-04-24 05:15:47,920][dowhy.causal_estimator][INFO] - INFO: Using Linear Regression Estimator
[2026-04-24 05:15:47,920][dowhy.causal_estimator][WARNING] - No directed path from ['X2'] to ['X0'].
[2026-04-24 05:15:47,922][dowhy.causal_model][INFO] - Model to find the causal effect of treatment ['X2'] on outcome ['X1']
[2026-04-24 05:15:47,922][dowhy.causal_identifier.auto_identifier][WARNING] - No directed path from treatment to outcome. Causal Effect is zero.
[2026-04-24 05:15:47,922][dowhy.causal_model][INFO] - linear_regression
[2026-04-24 05:15:47,922][dowhy.causal_estimator][INFO] - INFO: Using Linear Regression Estimator
[2026-04-24 05:15:47,922][dowhy.causal_estimator][WARNING] - No directed path from ['X2'] to ['X1'].
[2026-04-24 05:15:47,924][dowhy.causal_model][INFO] - Model to find the causal effect of treatment ['X2'] on outcome ['X3']
[2026-04-24 05:15:47,924][dowhy.causal_identifier.auto_identifier][WARNING] - No directed path from treatment to outcome. Causal Effect is zero.
[2026-04-24 05:15:47,924][dowhy.causal_model][INFO] - linear_regression
[2026-04-24 05:15:47,924][dowhy.causal_estimator][INFO] - INFO: Using Linear Regression Estimator
[2026-04-24 05:15:47,924][dowhy.causal_estimator][WARNING] - No directed path from ['X2'] to ['X3'].
[2026-04-24 05:15:47,926][dowhy.causal_model][INFO] - Model to find the causal effect of treatment ['X2'] on outcome ['X4']
[2026-04-24 05:15:47,926][dowhy.causal_identifier.auto_identifier][WARNING] - No directed path from treatment to outcome. Causal Effect is zero.
[2026-04-24 05:15:47,926][dowhy.causal_model][INFO] - linear_regression
[2026-04-24 05:15:47,926][dowhy.causal_estimator][INFO] - INFO: Using Linear Regression Estimator
[2026-04-24 05:15:47,926][dowhy.causal_estimator][WARNING] - No directed path from ['X2'] to ['X4'].
[2026-04-24 05:15:47,928][dowhy.causal_model][INFO] - Model to find the causal effect of treatment ['X2'] on outcome ['X5']
[2026-04-24 05:15:47,928][dowhy.causal_identifier.auto_identifier][WARNING] - No directed path from treatment to outcome. Causal Effect is zero.
[2026-04-24 05:15:47,928][dowhy.causal_model][INFO] - linear_regression
[2026-04-24 05:15:47,928][dowhy.causal_estimator][INFO] - INFO: Using Linear Regression Estimator
[2026-04-24 05:15:47,928][dowhy.causal_estimator][WARNING] - No directed path from ['X2'] to ['X5'].
[2026-04-24 05:15:47,930][dowhy.causal_model][INFO] - Model to find the causal effect of treatment ['X2'] on outcome ['X6']
[2026-04-24 05:15:47,930][dowhy.causal_identifier.auto_identifier][WARNING] - No directed path from treatment to outcome. Causal Effect is zero.
[2026-04-24 05:15:47,930][dowhy.causal_model][INFO] - linear_regression
[2026-04-24 05:15:47,930][dowhy.causal_estimator][INFO] - INFO: Using Linear Regression Estimator
[2026-04-24 05:15:47,930][dowhy.causal_estimator][WARNING] - No directed path from ['X2'] to ['X6'].
[2026-04-24 05:15:47,932][dowhy.causal_model][INFO] - Model to find the causal effect of treatment ['X2'] on outcome ['X7']
[2026-04-24 05:15:47,933][dowhy.causal_identifier.auto_identifier][INFO] - Causal effect can be identified.
[2026-04-24 05:15:47,934][dowhy.causal_identifier.auto_identifier][INFO] - Instrumental variables for treatment and outcome:[]
[2026-04-24 05:15:47,934][dowhy.causal_identifier.auto_identifier][INFO] - Frontdoor variables for treatment and outcome:[]
[2026-04-24 05:15:47,934][dowhy.causal_model][INFO] - linear_regression
[2026-04-24 05:15:47,934][dowhy.causal_estimator][INFO] - INFO: Using Linear Regression Estimator
[2026-04-24 05:15:47,935][dowhy.causal_estimator][INFO] - b: X7~X2+X2*X1+X2*X0+X2*X3+X2*X4
[2026-04-24 05:15:47,983][dowhy.causal_model][INFO] - Model to find the causal effect of treatment ['X3'] on outcome ['X0']
[2026-04-24 05:15:47,983][dowhy.causal_identifier.auto_identifier][WARNING] - No directed path from treatment to outcome. Causal Effect is zero.
[2026-04-24 05:15:47,984][dowhy.causal_model][INFO] - linear_regression
[2026-04-24 05:15:47,984][dowhy.causal_estimator][INFO] - INFO: Using Linear Regression Estimator
[2026-04-24 05:15:47,984][dowhy.causal_estimator][WARNING] - No directed path from ['X3'] to ['X0'].
[2026-04-24 05:15:47,986][dowhy.causal_model][INFO] - Model to find the causal effect of treatment ['X3'] on outcome ['X1']
[2026-04-24 05:15:47,986][dowhy.causal_identifier.auto_identifier][WARNING] - No directed path from treatment to outcome. Causal Effect is zero.
[2026-04-24 05:15:47,986][dowhy.causal_model][INFO] - linear_regression
[2026-04-24 05:15:47,986][dowhy.causal_estimator][INFO] - INFO: Using Linear Regression Estimator
[2026-04-24 05:15:47,986][dowhy.causal_estimator][WARNING] - No directed path from ['X3'] to ['X1'].
[2026-04-24 05:15:47,988][dowhy.causal_model][INFO] - Model to find the causal effect of treatment ['X3'] on outcome ['X2']
[2026-04-24 05:15:47,988][dowhy.causal_identifier.auto_identifier][WARNING] - No directed path from treatment to outcome. Causal Effect is zero.
[2026-04-24 05:15:47,988][dowhy.causal_model][INFO] - linear_regression
[2026-04-24 05:15:47,988][dowhy.causal_estimator][INFO] - INFO: Using Linear Regression Estimator
[2026-04-24 05:15:47,988][dowhy.causal_estimator][WARNING] - No directed path from ['X3'] to ['X2'].
[2026-04-24 05:15:47,989][dowhy.causal_model][INFO] - Model to find the causal effect of treatment ['X3'] on outcome ['X4']
[2026-04-24 05:15:47,990][dowhy.causal_identifier.auto_identifier][INFO] - Causal effect can be identified.
[2026-04-24 05:15:47,991][dowhy.causal_identifier.auto_identifier][INFO] - Instrumental variables for treatment and outcome:['X0']
[2026-04-24 05:15:47,991][dowhy.causal_identifier.auto_identifier][INFO] - Frontdoor variables for treatment and outcome:[]
[2026-04-24 05:15:47,991][dowhy.causal_model][INFO] - linear_regression
[2026-04-24 05:15:47,991][dowhy.causal_estimator][INFO] - INFO: Using Linear Regression Estimator
[2026-04-24 05:15:47,992][dowhy.causal_estimator][INFO] - b: X4~X3+X1
[2026-04-24 05:15:48,000][dowhy.causal_model][INFO] - Model to find the causal effect of treatment ['X3'] on outcome ['X5']
[2026-04-24 05:15:48,001][dowhy.causal_identifier.auto_identifier][INFO] - Causal effect can be identified.
[2026-04-24 05:15:48,001][dowhy.causal_identifier.auto_identifier][INFO] - Instrumental variables for treatment and outcome:['X1']
[2026-04-24 05:15:48,002][dowhy.causal_identifier.auto_identifier][INFO] - Frontdoor variables for treatment and outcome:[]
[2026-04-24 05:15:48,002][dowhy.causal_model][INFO] - linear_regression
[2026-04-24 05:15:48,003][dowhy.causal_estimator][INFO] - INFO: Using Linear Regression Estimator
[2026-04-24 05:15:48,003][dowhy.causal_estimator][INFO] - b: X5~X3+X0
[2026-04-24 05:15:48,011][dowhy.causal_model][INFO] - Model to find the causal effect of treatment ['X3'] on outcome ['X6']
[2026-04-24 05:15:48,012][dowhy.causal_identifier.auto_identifier][INFO] - Causal effect can be identified.
[2026-04-24 05:15:48,012][dowhy.causal_identifier.auto_identifier][INFO] - Instrumental variables for treatment and outcome:['X0']
[2026-04-24 05:15:48,013][dowhy.causal_identifier.auto_identifier][INFO] - Frontdoor variables for treatment and outcome:[]
[2026-04-24 05:15:48,014][dowhy.causal_model][INFO] - linear_regression
[2026-04-24 05:15:48,014][dowhy.causal_estimator][INFO] - INFO: Using Linear Regression Estimator
[2026-04-24 05:15:48,014][dowhy.causal_estimator][INFO] - b: X6~X3+X1
[2026-04-24 05:15:48,021][dowhy.causal_model][INFO] - Model to find the causal effect of treatment ['X3'] on outcome ['X7']
[2026-04-24 05:15:48,022][dowhy.causal_identifier.auto_identifier][INFO] - Causal effect can be identified.
[2026-04-24 05:15:48,023][dowhy.causal_identifier.auto_identifier][INFO] - Instrumental variables for treatment and outcome:['X0']
[2026-04-24 05:15:48,024][dowhy.causal_identifier.auto_identifier][INFO] - Frontdoor variables for treatment and outcome:[]
[2026-04-24 05:15:48,024][dowhy.causal_model][INFO] - linear_regression
[2026-04-24 05:15:48,024][dowhy.causal_estimator][INFO] - INFO: Using Linear Regression Estimator
[2026-04-24 05:15:48,024][dowhy.causal_estimator][INFO] - b: X7~X3+X1+X3*X2
[2026-04-24 05:15:48,066][dowhy.causal_model][INFO] - Model to find the causal effect of treatment ['X4'] on outcome ['X0']
[2026-04-24 05:15:48,066][dowhy.causal_identifier.auto_identifier][WARNING] - No directed path from treatment to outcome. Causal Effect is zero.
[2026-04-24 05:15:48,066][dowhy.causal_model][INFO] - linear_regression
[2026-04-24 05:15:48,066][dowhy.causal_estimator][INFO] - INFO: Using Linear Regression Estimator
[2026-04-24 05:15:48,066][dowhy.causal_estimator][WARNING] - No directed path from ['X4'] to ['X0'].
[2026-04-24 05:15:48,068][dowhy.causal_model][INFO] - Model to find the causal effect of treatment ['X4'] on outcome ['X1']
[2026-04-24 05:15:48,068][dowhy.causal_identifier.auto_identifier][WARNING] - No directed path from treatment to outcome. Causal Effect is zero.
[2026-04-24 05:15:48,068][dowhy.causal_model][INFO] - linear_regression
[2026-04-24 05:15:48,068][dowhy.causal_estimator][INFO] - INFO: Using Linear Regression Estimator
[2026-04-24 05:15:48,068][dowhy.causal_estimator][WARNING] - No directed path from ['X4'] to ['X1'].
[2026-04-24 05:15:48,070][dowhy.causal_model][INFO] - Model to find the causal effect of treatment ['X4'] on outcome ['X2']
[2026-04-24 05:15:48,070][dowhy.causal_identifier.auto_identifier][WARNING] - No directed path from treatment to outcome. Causal Effect is zero.
[2026-04-24 05:15:48,070][dowhy.causal_model][INFO] - linear_regression
[2026-04-24 05:15:48,070][dowhy.causal_estimator][INFO] - INFO: Using Linear Regression Estimator
[2026-04-24 05:15:48,070][dowhy.causal_estimator][WARNING] - No directed path from ['X4'] to ['X2'].
[2026-04-24 05:15:48,071][dowhy.causal_model][INFO] - Model to find the causal effect of treatment ['X4'] on outcome ['X3']
[2026-04-24 05:15:48,071][dowhy.causal_identifier.auto_identifier][WARNING] - No directed path from treatment to outcome. Causal Effect is zero.
[2026-04-24 05:15:48,071][dowhy.causal_model][INFO] - linear_regression
[2026-04-24 05:15:48,072][dowhy.causal_estimator][INFO] - INFO: Using Linear Regression Estimator
[2026-04-24 05:15:48,072][dowhy.causal_estimator][WARNING] - No directed path from ['X4'] to ['X3'].
[2026-04-24 05:15:48,073][dowhy.causal_model][INFO] - Model to find the causal effect of treatment ['X4'] on outcome ['X5']
[2026-04-24 05:15:48,073][dowhy.causal_identifier.auto_identifier][WARNING] - No directed path from treatment to outcome. Causal Effect is zero.
[2026-04-24 05:15:48,073][dowhy.causal_model][INFO] - linear_regression
[2026-04-24 05:15:48,073][dowhy.causal_estimator][INFO] - INFO: Using Linear Regression Estimator
[2026-04-24 05:15:48,073][dowhy.causal_estimator][WARNING] - No directed path from ['X4'] to ['X5'].
[2026-04-24 05:15:48,075][dowhy.causal_model][INFO] - Model to find the causal effect of treatment ['X4'] on outcome ['X6']
[2026-04-24 05:15:48,076][dowhy.causal_identifier.auto_identifier][INFO] - Causal effect can be identified.
[2026-04-24 05:15:48,076][dowhy.causal_identifier.auto_identifier][INFO] - Instrumental variables for treatment and outcome:[]
[2026-04-24 05:15:48,077][dowhy.causal_identifier.auto_identifier][INFO] - Frontdoor variables for treatment and outcome:[]
[2026-04-24 05:15:48,077][dowhy.causal_model][INFO] - linear_regression
[2026-04-24 05:15:48,077][dowhy.causal_estimator][INFO] - INFO: Using Linear Regression Estimator
[2026-04-24 05:15:48,077][dowhy.causal_estimator][INFO] - b: X6~X4+X1
[2026-04-24 05:15:48,085][dowhy.causal_model][INFO] - Model to find the causal effect of treatment ['X4'] on outcome ['X7']
[2026-04-24 05:15:48,086][dowhy.causal_identifier.auto_identifier][INFO] - Causal effect can be identified.
[2026-04-24 05:15:48,087][dowhy.causal_identifier.auto_identifier][INFO] - Instrumental variables for treatment and outcome:['X1', 'X3']
[2026-04-24 05:15:48,087][dowhy.causal_identifier.auto_identifier][INFO] - Frontdoor variables for treatment and outcome:[]
[2026-04-24 05:15:48,087][dowhy.causal_model][INFO] - linear_regression
[2026-04-24 05:15:48,087][dowhy.causal_estimator][INFO] - INFO: Using Linear Regression Estimator
[2026-04-24 05:15:48,087][dowhy.causal_estimator][INFO] - b: X7~X4+X4*X2
[2026-04-24 05:15:48,127][dowhy.causal_model][INFO] - Model to find the causal effect of treatment ['X5'] on outcome ['X0']
[2026-04-24 05:15:48,127][dowhy.causal_identifier.auto_identifier][WARNING] - No directed path from treatment to outcome. Causal Effect is zero.
[2026-04-24 05:15:48,127][dowhy.causal_model][INFO] - linear_regression
[2026-04-24 05:15:48,127][dowhy.causal_estimator][INFO] - INFO: Using Linear Regression Estimator
[2026-04-24 05:15:48,127][dowhy.causal_estimator][WARNING] - No directed path from ['X5'] to ['X0'].
[2026-04-24 05:15:48,129][dowhy.causal_model][INFO] - Model to find the causal effect of treatment ['X5'] on outcome ['X1']
[2026-04-24 05:15:48,129][dowhy.causal_identifier.auto_identifier][WARNING] - No directed path from treatment to outcome. Causal Effect is zero.
[2026-04-24 05:15:48,129][dowhy.causal_model][INFO] - linear_regression
[2026-04-24 05:15:48,129][dowhy.causal_estimator][INFO] - INFO: Using Linear Regression Estimator
[2026-04-24 05:15:48,129][dowhy.causal_estimator][WARNING] - No directed path from ['X5'] to ['X1'].
[2026-04-24 05:15:48,130][dowhy.causal_model][INFO] - Model to find the causal effect of treatment ['X5'] on outcome ['X2']
[2026-04-24 05:15:48,130][dowhy.causal_identifier.auto_identifier][WARNING] - No directed path from treatment to outcome. Causal Effect is zero.
[2026-04-24 05:15:48,131][dowhy.causal_model][INFO] - linear_regression
[2026-04-24 05:15:48,131][dowhy.causal_estimator][INFO] - INFO: Using Linear Regression Estimator
[2026-04-24 05:15:48,131][dowhy.causal_estimator][WARNING] - No directed path from ['X5'] to ['X2'].
[2026-04-24 05:15:48,132][dowhy.causal_model][INFO] - Model to find the causal effect of treatment ['X5'] on outcome ['X3']
[2026-04-24 05:15:48,132][dowhy.causal_identifier.auto_identifier][WARNING] - No directed path from treatment to outcome. Causal Effect is zero.
[2026-04-24 05:15:48,132][dowhy.causal_model][INFO] - linear_regression
[2026-04-24 05:15:48,132][dowhy.causal_estimator][INFO] - INFO: Using Linear Regression Estimator
[2026-04-24 05:15:48,132][dowhy.causal_estimator][WARNING] - No directed path from ['X5'] to ['X3'].
[2026-04-24 05:15:48,134][dowhy.causal_model][INFO] - Model to find the causal effect of treatment ['X5'] on outcome ['X4']
[2026-04-24 05:15:48,134][dowhy.causal_identifier.auto_identifier][WARNING] - No directed path from treatment to outcome. Causal Effect is zero.
[2026-04-24 05:15:48,134][dowhy.causal_model][INFO] - linear_regression
[2026-04-24 05:15:48,134][dowhy.causal_estimator][INFO] - INFO: Using Linear Regression Estimator
[2026-04-24 05:15:48,134][dowhy.causal_estimator][WARNING] - No directed path from ['X5'] to ['X4'].
[2026-04-24 05:15:48,136][dowhy.causal_model][INFO] - Model to find the causal effect of treatment ['X5'] on outcome ['X6']
[2026-04-24 05:15:48,136][dowhy.causal_identifier.auto_identifier][WARNING] - No directed path from treatment to outcome. Causal Effect is zero.
[2026-04-24 05:15:48,136][dowhy.causal_model][INFO] - linear_regression
[2026-04-24 05:15:48,136][dowhy.causal_estimator][INFO] - INFO: Using Linear Regression Estimator
[2026-04-24 05:15:48,136][dowhy.causal_estimator][WARNING] - No directed path from ['X5'] to ['X6'].
[2026-04-24 05:15:48,138][dowhy.causal_model][INFO] - Model to find the causal effect of treatment ['X5'] on outcome ['X7']
[2026-04-24 05:15:48,138][dowhy.causal_identifier.auto_identifier][WARNING] - No directed path from treatment to outcome. Causal Effect is zero.
[2026-04-24 05:15:48,138][dowhy.causal_model][INFO] - linear_regression
[2026-04-24 05:15:48,138][dowhy.causal_estimator][INFO] - INFO: Using Linear Regression Estimator
[2026-04-24 05:15:48,138][dowhy.causal_estimator][WARNING] - No directed path from ['X5'] to ['X7'].
[2026-04-24 05:15:48,174][dowhy.causal_model][INFO] - Model to find the causal effect of treatment ['X6'] on outcome ['X0']
[2026-04-24 05:15:48,174][dowhy.causal_identifier.auto_identifier][WARNING] - No directed path from treatment to outcome. Causal Effect is zero.
[2026-04-24 05:15:48,174][dowhy.causal_model][INFO] - linear_regression
[2026-04-24 05:15:48,174][dowhy.causal_estimator][INFO] - INFO: Using Linear Regression Estimator
[2026-04-24 05:15:48,174][dowhy.causal_estimator][WARNING] - No directed path from ['X6'] to ['X0'].
[2026-04-24 05:15:48,176][dowhy.causal_model][INFO] - Model to find the causal effect of treatment ['X6'] on outcome ['X1']
[2026-04-24 05:15:48,176][dowhy.causal_identifier.auto_identifier][WARNING] - No directed path from treatment to outcome. Causal Effect is zero.
[2026-04-24 05:15:48,176][dowhy.causal_model][INFO] - linear_regression
[2026-04-24 05:15:48,176][dowhy.causal_estimator][INFO] - INFO: Using Linear Regression Estimator
[2026-04-24 05:15:48,176][dowhy.causal_estimator][WARNING] - No directed path from ['X6'] to ['X1'].
[2026-04-24 05:15:48,178][dowhy.causal_model][INFO] - Model to find the causal effect of treatment ['X6'] on outcome ['X2']
[2026-04-24 05:15:48,178][dowhy.causal_identifier.auto_identifier][WARNING] - No directed path from treatment to outcome. Causal Effect is zero.
[2026-04-24 05:15:48,178][dowhy.causal_model][INFO] - linear_regression
[2026-04-24 05:15:48,178][dowhy.causal_estimator][INFO] - INFO: Using Linear Regression Estimator
[2026-04-24 05:15:48,178][dowhy.causal_estimator][WARNING] - No directed path from ['X6'] to ['X2'].
[2026-04-24 05:15:48,180][dowhy.causal_model][INFO] - Model to find the causal effect of treatment ['X6'] on outcome ['X3']
[2026-04-24 05:15:48,180][dowhy.causal_identifier.auto_identifier][WARNING] - No directed path from treatment to outcome. Causal Effect is zero.
[2026-04-24 05:15:48,180][dowhy.causal_model][INFO] - linear_regression
[2026-04-24 05:15:48,180][dowhy.causal_estimator][INFO] - INFO: Using Linear Regression Estimator
[2026-04-24 05:15:48,180][dowhy.causal_estimator][WARNING] - No directed path from ['X6'] to ['X3'].
[2026-04-24 05:15:48,181][dowhy.causal_model][INFO] - Model to find the causal effect of treatment ['X6'] on outcome ['X4']
[2026-04-24 05:15:48,181][dowhy.causal_identifier.auto_identifier][WARNING] - No directed path from treatment to outcome. Causal Effect is zero.
[2026-04-24 05:15:48,182][dowhy.causal_model][INFO] - linear_regression
[2026-04-24 05:15:48,182][dowhy.causal_estimator][INFO] - INFO: Using Linear Regression Estimator
[2026-04-24 05:15:48,182][dowhy.causal_estimator][WARNING] - No directed path from ['X6'] to ['X4'].
[2026-04-24 05:15:48,183][dowhy.causal_model][INFO] - Model to find the causal effect of treatment ['X6'] on outcome ['X5']
[2026-04-24 05:15:48,183][dowhy.causal_identifier.auto_identifier][WARNING] - No directed path from treatment to outcome. Causal Effect is zero.
[2026-04-24 05:15:48,183][dowhy.causal_model][INFO] - linear_regression
[2026-04-24 05:15:48,184][dowhy.causal_estimator][INFO] - INFO: Using Linear Regression Estimator
[2026-04-24 05:15:48,184][dowhy.causal_estimator][WARNING] - No directed path from ['X6'] to ['X5'].
[2026-04-24 05:15:48,185][dowhy.causal_model][INFO] - Model to find the causal effect of treatment ['X6'] on outcome ['X7']
[2026-04-24 05:15:48,185][dowhy.causal_identifier.auto_identifier][WARNING] - No directed path from treatment to outcome. Causal Effect is zero.
[2026-04-24 05:15:48,185][dowhy.causal_model][INFO] - linear_regression
[2026-04-24 05:15:48,185][dowhy.causal_estimator][INFO] - INFO: Using Linear Regression Estimator
[2026-04-24 05:15:48,185][dowhy.causal_estimator][WARNING] - No directed path from ['X6'] to ['X7'].
[2026-04-24 05:15:48,225][dowhy.causal_model][INFO] - Model to find the causal effect of treatment ['X7'] on outcome ['X0']
[2026-04-24 05:15:48,225][dowhy.causal_identifier.auto_identifier][WARNING] - No directed path from treatment to outcome. Causal Effect is zero.
[2026-04-24 05:15:48,225][dowhy.causal_model][INFO] - linear_regression
[2026-04-24 05:15:48,225][dowhy.causal_estimator][INFO] - INFO: Using Linear Regression Estimator
[2026-04-24 05:15:48,225][dowhy.causal_estimator][WARNING] - No directed path from ['X7'] to ['X0'].
[2026-04-24 05:15:48,227][dowhy.causal_model][INFO] - Model to find the causal effect of treatment ['X7'] on outcome ['X1']
[2026-04-24 05:15:48,227][dowhy.causal_identifier.auto_identifier][WARNING] - No directed path from treatment to outcome. Causal Effect is zero.
[2026-04-24 05:15:48,227][dowhy.causal_model][INFO] - linear_regression
[2026-04-24 05:15:48,227][dowhy.causal_estimator][INFO] - INFO: Using Linear Regression Estimator
[2026-04-24 05:15:48,227][dowhy.causal_estimator][WARNING] - No directed path from ['X7'] to ['X1'].
[2026-04-24 05:15:48,229][dowhy.causal_model][INFO] - Model to find the causal effect of treatment ['X7'] on outcome ['X2']
[2026-04-24 05:15:48,229][dowhy.causal_identifier.auto_identifier][WARNING] - No directed path from treatment to outcome. Causal Effect is zero.
[2026-04-24 05:15:48,229][dowhy.causal_model][INFO] - linear_regression
[2026-04-24 05:15:48,229][dowhy.causal_estimator][INFO] - INFO: Using Linear Regression Estimator
[2026-04-24 05:15:48,229][dowhy.causal_estimator][WARNING] - No directed path from ['X7'] to ['X2'].
[2026-04-24 05:15:48,230][dowhy.causal_model][INFO] - Model to find the causal effect of treatment ['X7'] on outcome ['X3']
[2026-04-24 05:15:48,231][dowhy.causal_identifier.auto_identifier][WARNING] - No directed path from treatment to outcome. Causal Effect is zero.
[2026-04-24 05:15:48,231][dowhy.causal_model][INFO] - linear_regression
[2026-04-24 05:15:48,231][dowhy.causal_estimator][INFO] - INFO: Using Linear Regression Estimator
[2026-04-24 05:15:48,231][dowhy.causal_estimator][WARNING] - No directed path from ['X7'] to ['X3'].
[2026-04-24 05:15:48,232][dowhy.causal_model][INFO] - Model to find the causal effect of treatment ['X7'] on outcome ['X4']
[2026-04-24 05:15:48,233][dowhy.causal_identifier.auto_identifier][WARNING] - No directed path from treatment to outcome. Causal Effect is zero.
[2026-04-24 05:15:48,233][dowhy.causal_model][INFO] - linear_regression
[2026-04-24 05:15:48,233][dowhy.causal_estimator][INFO] - INFO: Using Linear Regression Estimator
[2026-04-24 05:15:48,233][dowhy.causal_estimator][WARNING] - No directed path from ['X7'] to ['X4'].
[2026-04-24 05:15:48,234][dowhy.causal_model][INFO] - Model to find the causal effect of treatment ['X7'] on outcome ['X5']
[2026-04-24 05:15:48,234][dowhy.causal_identifier.auto_identifier][WARNING] - No directed path from treatment to outcome. Causal Effect is zero.
[2026-04-24 05:15:48,235][dowhy.causal_model][INFO] - linear_regression
[2026-04-24 05:15:48,235][dowhy.causal_estimator][INFO] - INFO: Using Linear Regression Estimator
[2026-04-24 05:15:48,235][dowhy.causal_estimator][WARNING] - No directed path from ['X7'] to ['X5'].
[2026-04-24 05:15:48,236][dowhy.causal_model][INFO] - Model to find the causal effect of treatment ['X7'] on outcome ['X6']
[2026-04-24 05:15:48,236][dowhy.causal_identifier.auto_identifier][WARNING] - No directed path from treatment to outcome. Causal Effect is zero.
[2026-04-24 05:15:48,236][dowhy.causal_model][INFO] - linear_regression
[2026-04-24 05:15:48,236][dowhy.causal_estimator][INFO] - INFO: Using Linear Regression Estimator
[2026-04-24 05:15:48,236][dowhy.causal_estimator][WARNING] - No directed path from ['X7'] to ['X6'].
[2026-04-24 05:15:48,288][dowhy.causal_model][INFO] - Model to find the causal effect of treatment ['X0'] on outcome ['X1']
[2026-04-24 05:15:48,288][dowhy.causal_identifier.auto_identifier][WARNING] - No directed path from treatment to outcome. Causal Effect is zero.
[2026-04-24 05:15:48,288][dowhy.causal_model][INFO] - linear_regression
[2026-04-24 05:15:48,288][dowhy.causal_estimator][INFO] - INFO: Using Linear Regression Estimator
[2026-04-24 05:15:48,288][dowhy.causal_estimator][WARNING] - No directed path from ['X0'] to ['X1'].
[2026-04-24 05:15:48,290][dowhy.causal_model][INFO] - Model to find the causal effect of treatment ['X0'] on outcome ['X2']
[2026-04-24 05:15:48,290][dowhy.causal_identifier.auto_identifier][WARNING] - No directed path from treatment to outcome. Causal Effect is zero.
[2026-04-24 05:15:48,290][dowhy.causal_model][INFO] - linear_regression
[2026-04-24 05:15:48,290][dowhy.causal_estimator][INFO] - INFO: Using Linear Regression Estimator
[2026-04-24 05:15:48,290][dowhy.causal_estimator][WARNING] - No directed path from ['X0'] to ['X2'].
[2026-04-24 05:15:48,292][dowhy.causal_model][INFO] - Model to find the causal effect of treatment ['X0'] on outcome ['X3']
[2026-04-24 05:15:48,293][dowhy.causal_identifier.auto_identifier][INFO] - Causal effect can be identified.
[2026-04-24 05:15:48,293][dowhy.causal_identifier.auto_identifier][INFO] - Instrumental variables for treatment and outcome:[]
[2026-04-24 05:15:48,293][dowhy.causal_identifier.auto_identifier][INFO] - Frontdoor variables for treatment and outcome:[]
[2026-04-24 05:15:48,293][dowhy.causal_model][INFO] - linear_regression
[2026-04-24 05:15:48,293][dowhy.causal_estimator][INFO] - INFO: Using Linear Regression Estimator
[2026-04-24 05:15:48,293][dowhy.causal_estimator][INFO] - b: X3~X0+X0*X1
[2026-04-24 05:15:48,301][dowhy.causal_model][INFO] - Model to find the causal effect of treatment ['X0'] on outcome ['X4']
[2026-04-24 05:15:48,302][dowhy.causal_identifier.auto_identifier][INFO] - Causal effect can be identified.
[2026-04-24 05:15:48,302][dowhy.causal_identifier.auto_identifier][INFO] - Instrumental variables for treatment and outcome:[]
[2026-04-24 05:15:48,302][dowhy.causal_identifier.auto_identifier][INFO] - Frontdoor variables for treatment and outcome:[]
[2026-04-24 05:15:48,302][dowhy.causal_model][INFO] - linear_regression
[2026-04-24 05:15:48,302][dowhy.causal_estimator][INFO] - INFO: Using Linear Regression Estimator
[2026-04-24 05:15:48,303][dowhy.causal_estimator][INFO] - b: X4~X0+X0*X1
[2026-04-24 05:15:48,310][dowhy.causal_model][INFO] - Model to find the causal effect of treatment ['X0'] on outcome ['X5']
[2026-04-24 05:15:48,311][dowhy.causal_identifier.auto_identifier][INFO] - Causal effect can be identified.
[2026-04-24 05:15:48,311][dowhy.causal_identifier.auto_identifier][INFO] - Instrumental variables for treatment and outcome:[]
[2026-04-24 05:15:48,312][dowhy.causal_identifier.auto_identifier][INFO] - Frontdoor variables for treatment and outcome:[]
[2026-04-24 05:15:48,312][dowhy.causal_model][INFO] - linear_regression
[2026-04-24 05:15:48,312][dowhy.causal_estimator][INFO] - INFO: Using Linear Regression Estimator
[2026-04-24 05:15:48,312][dowhy.causal_estimator][INFO] - b: X5~X0+X0*X1
[2026-04-24 05:15:48,320][dowhy.causal_model][INFO] - Model to find the causal effect of treatment ['X0'] on outcome ['X6']
[2026-04-24 05:15:48,320][dowhy.causal_identifier.auto_identifier][INFO] - Causal effect can be identified.
[2026-04-24 05:15:48,321][dowhy.causal_identifier.auto_identifier][INFO] - Instrumental variables for treatment and outcome:[]
[2026-04-24 05:15:48,322][dowhy.causal_identifier.auto_identifier][INFO] - Frontdoor variables for treatment and outcome:[]
[2026-04-24 05:15:48,322][dowhy.causal_model][INFO] - linear_regression
[2026-04-24 05:15:48,322][dowhy.causal_estimator][INFO] - INFO: Using Linear Regression Estimator
[2026-04-24 05:15:48,322][dowhy.causal_estimator][INFO] - b: X6~X0+X0*X1
[2026-04-24 05:15:48,329][dowhy.causal_model][INFO] - Model to find the causal effect of treatment ['X0'] on outcome ['X7']
[2026-04-24 05:15:48,330][dowhy.causal_identifier.auto_identifier][INFO] - Causal effect can be identified.
[2026-04-24 05:15:48,331][dowhy.causal_identifier.auto_identifier][INFO] - Instrumental variables for treatment and outcome:[]
[2026-04-24 05:15:48,332][dowhy.causal_identifier.auto_identifier][INFO] - Frontdoor variables for treatment and outcome:['X4', 'X3', 'X5', 'X6']
[2026-04-24 05:15:48,333][dowhy.causal_identifier.auto_identifier][INFO] - Causal effect can be identified.
[2026-04-24 05:15:48,334][dowhy.causal_identifier.auto_identifier][INFO] - Causal effect can be identified.
[2026-04-24 05:15:48,334][dowhy.causal_model][INFO] - linear_regression
[2026-04-24 05:15:48,335][dowhy.causal_estimator][INFO] - INFO: Using Linear Regression Estimator
[2026-04-24 05:15:48,335][dowhy.causal_estimator][INFO] - b: X7~X0+X0*X1+X0*X2
[2026-04-24 05:15:48,378][dowhy.causal_model][INFO] - Model to find the causal effect of treatment ['X1'] on outcome ['X0']
[2026-04-24 05:15:48,378][dowhy.causal_identifier.auto_identifier][WARNING] - No directed path from treatment to outcome. Causal Effect is zero.
[2026-04-24 05:15:48,378][dowhy.causal_model][INFO] - linear_regression
[2026-04-24 05:15:48,378][dowhy.causal_estimator][INFO] - INFO: Using Linear Regression Estimator
[2026-04-24 05:15:48,378][dowhy.causal_estimator][WARNING] - No directed path from ['X1'] to ['X0'].
[2026-04-24 05:15:48,380][dowhy.causal_model][INFO] - Model to find the causal effect of treatment ['X1'] on outcome ['X2']
[2026-04-24 05:15:48,380][dowhy.causal_identifier.auto_identifier][WARNING] - No directed path from treatment to outcome. Causal Effect is zero.
[2026-04-24 05:15:48,380][dowhy.causal_model][INFO] - linear_regression
[2026-04-24 05:15:48,380][dowhy.causal_estimator][INFO] - INFO: Using Linear Regression Estimator
[2026-04-24 05:15:48,380][dowhy.causal_estimator][WARNING] - No directed path from ['X1'] to ['X2'].
[2026-04-24 05:15:48,382][dowhy.causal_model][INFO] - Model to find the causal effect of treatment ['X1'] on outcome ['X3']
[2026-04-24 05:15:48,383][dowhy.causal_identifier.auto_identifier][INFO] - Causal effect can be identified.
[2026-04-24 05:15:48,383][dowhy.causal_identifier.auto_identifier][INFO] - Instrumental variables for treatment and outcome:[]
[2026-04-24 05:15:48,383][dowhy.causal_identifier.auto_identifier][INFO] - Frontdoor variables for treatment and outcome:[]
[2026-04-24 05:15:48,383][dowhy.causal_model][INFO] - linear_regression
[2026-04-24 05:15:48,383][dowhy.causal_estimator][INFO] - INFO: Using Linear Regression Estimator
[2026-04-24 05:15:48,384][dowhy.causal_estimator][INFO] - b: X3~X1+X1*X0
[2026-04-24 05:15:48,392][dowhy.causal_model][INFO] - Model to find the causal effect of treatment ['X1'] on outcome ['X4']
[2026-04-24 05:15:48,393][dowhy.causal_identifier.auto_identifier][INFO] - Causal effect can be identified.
[2026-04-24 05:15:48,393][dowhy.causal_identifier.auto_identifier][INFO] - Instrumental variables for treatment and outcome:[]
[2026-04-24 05:15:48,394][dowhy.causal_identifier.auto_identifier][INFO] - Frontdoor variables for treatment and outcome:[]
[2026-04-24 05:15:48,394][dowhy.causal_model][INFO] - linear_regression
[2026-04-24 05:15:48,394][dowhy.causal_estimator][INFO] - INFO: Using Linear Regression Estimator
[2026-04-24 05:15:48,394][dowhy.causal_estimator][INFO] - b: X4~X1+X1*X0
[2026-04-24 05:15:48,402][dowhy.causal_model][INFO] - Model to find the causal effect of treatment ['X1'] on outcome ['X5']
[2026-04-24 05:15:48,403][dowhy.causal_identifier.auto_identifier][INFO] - Causal effect can be identified.
[2026-04-24 05:15:48,403][dowhy.causal_identifier.auto_identifier][INFO] - Instrumental variables for treatment and outcome:[]
[2026-04-24 05:15:48,405][dowhy.causal_identifier.auto_identifier][INFO] - Frontdoor variables for treatment and outcome:[]
[2026-04-24 05:15:48,405][dowhy.causal_model][INFO] - linear_regression
[2026-04-24 05:15:48,405][dowhy.causal_estimator][INFO] - INFO: Using Linear Regression Estimator
[2026-04-24 05:15:48,405][dowhy.causal_estimator][INFO] - b: X5~X1+X1*X0
[2026-04-24 05:15:48,413][dowhy.causal_model][INFO] - Model to find the causal effect of treatment ['X1'] on outcome ['X6']
[2026-04-24 05:15:48,414][dowhy.causal_identifier.auto_identifier][INFO] - Causal effect can be identified.
[2026-04-24 05:15:48,414][dowhy.causal_identifier.auto_identifier][INFO] - Instrumental variables for treatment and outcome:[]
[2026-04-24 05:15:48,415][dowhy.causal_identifier.auto_identifier][INFO] - Frontdoor variables for treatment and outcome:[]
[2026-04-24 05:15:48,416][dowhy.causal_model][INFO] - linear_regression
[2026-04-24 05:15:48,416][dowhy.causal_estimator][INFO] - INFO: Using Linear Regression Estimator
[2026-04-24 05:15:48,416][dowhy.causal_estimator][INFO] - b: X6~X1+X1*X0
[2026-04-24 05:15:48,424][dowhy.causal_model][INFO] - Model to find the causal effect of treatment ['X1'] on outcome ['X7']
[2026-04-24 05:15:48,425][dowhy.causal_identifier.auto_identifier][INFO] - Causal effect can be identified.
[2026-04-24 05:15:48,426][dowhy.causal_identifier.auto_identifier][INFO] - Instrumental variables for treatment and outcome:[]
[2026-04-24 05:15:48,427][dowhy.causal_identifier.auto_identifier][INFO] - Frontdoor variables for treatment and outcome:['X4', 'X3', 'X5', 'X6']
[2026-04-24 05:15:48,428][dowhy.causal_identifier.auto_identifier][INFO] - Causal effect can be identified.
[2026-04-24 05:15:48,429][dowhy.causal_identifier.auto_identifier][INFO] - Causal effect can be identified.
[2026-04-24 05:15:48,430][dowhy.causal_model][INFO] - linear_regression
[2026-04-24 05:15:48,430][dowhy.causal_estimator][INFO] - INFO: Using Linear Regression Estimator
[2026-04-24 05:15:48,430][dowhy.causal_estimator][INFO] - b: X7~X1+X1*X0+X1*X2
[2026-04-24 05:15:48,477][dowhy.causal_model][INFO] - Model to find the causal effect of treatment ['X2'] on outcome ['X0']
[2026-04-24 05:15:48,477][dowhy.causal_identifier.auto_identifier][WARNING] - No directed path from treatment to outcome. Causal Effect is zero.
[2026-04-24 05:15:48,477][dowhy.causal_model][INFO] - linear_regression
[2026-04-24 05:15:48,477][dowhy.causal_estimator][INFO] - INFO: Using Linear Regression Estimator
[2026-04-24 05:15:48,477][dowhy.causal_estimator][WARNING] - No directed path from ['X2'] to ['X0'].
[2026-04-24 05:15:48,479][dowhy.causal_model][INFO] - Model to find the causal effect of treatment ['X2'] on outcome ['X1']
[2026-04-24 05:15:48,479][dowhy.causal_identifier.auto_identifier][WARNING] - No directed path from treatment to outcome. Causal Effect is zero.
[2026-04-24 05:15:48,479][dowhy.causal_model][INFO] - linear_regression
[2026-04-24 05:15:48,479][dowhy.causal_estimator][INFO] - INFO: Using Linear Regression Estimator
[2026-04-24 05:15:48,479][dowhy.causal_estimator][WARNING] - No directed path from ['X2'] to ['X1'].
[2026-04-24 05:15:48,480][dowhy.causal_model][INFO] - Model to find the causal effect of treatment ['X2'] on outcome ['X3']
[2026-04-24 05:15:48,480][dowhy.causal_identifier.auto_identifier][WARNING] - No directed path from treatment to outcome. Causal Effect is zero.
[2026-04-24 05:15:48,480][dowhy.causal_model][INFO] - linear_regression
[2026-04-24 05:15:48,481][dowhy.causal_estimator][INFO] - INFO: Using Linear Regression Estimator
[2026-04-24 05:15:48,481][dowhy.causal_estimator][WARNING] - No directed path from ['X2'] to ['X3'].
[2026-04-24 05:15:48,482][dowhy.causal_model][INFO] - Model to find the causal effect of treatment ['X2'] on outcome ['X4']
[2026-04-24 05:15:48,482][dowhy.causal_identifier.auto_identifier][WARNING] - No directed path from treatment to outcome. Causal Effect is zero.
[2026-04-24 05:15:48,482][dowhy.causal_model][INFO] - linear_regression
[2026-04-24 05:15:48,482][dowhy.causal_estimator][INFO] - INFO: Using Linear Regression Estimator
[2026-04-24 05:15:48,482][dowhy.causal_estimator][WARNING] - No directed path from ['X2'] to ['X4'].
[2026-04-24 05:15:48,484][dowhy.causal_model][INFO] - Model to find the causal effect of treatment ['X2'] on outcome ['X5']
[2026-04-24 05:15:48,484][dowhy.causal_identifier.auto_identifier][WARNING] - No directed path from treatment to outcome. Causal Effect is zero.
[2026-04-24 05:15:48,484][dowhy.causal_model][INFO] - linear_regression
[2026-04-24 05:15:48,484][dowhy.causal_estimator][INFO] - INFO: Using Linear Regression Estimator
[2026-04-24 05:15:48,484][dowhy.causal_estimator][WARNING] - No directed path from ['X2'] to ['X5'].
[2026-04-24 05:15:48,486][dowhy.causal_model][INFO] - Model to find the causal effect of treatment ['X2'] on outcome ['X6']
[2026-04-24 05:15:48,486][dowhy.causal_identifier.auto_identifier][WARNING] - No directed path from treatment to outcome. Causal Effect is zero.
[2026-04-24 05:15:48,486][dowhy.causal_model][INFO] - linear_regression
[2026-04-24 05:15:48,486][dowhy.causal_estimator][INFO] - INFO: Using Linear Regression Estimator
[2026-04-24 05:15:48,486][dowhy.causal_estimator][WARNING] - No directed path from ['X2'] to ['X6'].
[2026-04-24 05:15:48,488][dowhy.causal_model][INFO] - Model to find the causal effect of treatment ['X2'] on outcome ['X7']
[2026-04-24 05:15:48,489][dowhy.causal_identifier.auto_identifier][INFO] - Causal effect can be identified.
[2026-04-24 05:15:48,490][dowhy.causal_identifier.auto_identifier][INFO] - Instrumental variables for treatment and outcome:[]
[2026-04-24 05:15:48,490][dowhy.causal_identifier.auto_identifier][INFO] - Frontdoor variables for treatment and outcome:[]
[2026-04-24 05:15:48,490][dowhy.causal_model][INFO] - linear_regression
[2026-04-24 05:15:48,490][dowhy.causal_estimator][INFO] - INFO: Using Linear Regression Estimator
[2026-04-24 05:15:48,490][dowhy.causal_estimator][INFO] - b: X7~X2+X2*X1+X2*X0+X2*X3+X2*X4
[2026-04-24 05:15:48,529][dowhy.causal_model][INFO] - Model to find the causal effect of treatment ['X3'] on outcome ['X0']
[2026-04-24 05:15:48,529][dowhy.causal_identifier.auto_identifier][WARNING] - No directed path from treatment to outcome. Causal Effect is zero.
[2026-04-24 05:15:48,529][dowhy.causal_model][INFO] - linear_regression
[2026-04-24 05:15:48,529][dowhy.causal_estimator][INFO] - INFO: Using Linear Regression Estimator
[2026-04-24 05:15:48,529][dowhy.causal_estimator][WARNING] - No directed path from ['X3'] to ['X0'].
[2026-04-24 05:15:48,531][dowhy.causal_model][INFO] - Model to find the causal effect of treatment ['X3'] on outcome ['X1']
[2026-04-24 05:15:48,531][dowhy.causal_identifier.auto_identifier][WARNING] - No directed path from treatment to outcome. Causal Effect is zero.
[2026-04-24 05:15:48,531][dowhy.causal_model][INFO] - linear_regression
[2026-04-24 05:15:48,531][dowhy.causal_estimator][INFO] - INFO: Using Linear Regression Estimator
[2026-04-24 05:15:48,531][dowhy.causal_estimator][WARNING] - No directed path from ['X3'] to ['X1'].
[2026-04-24 05:15:48,533][dowhy.causal_model][INFO] - Model to find the causal effect of treatment ['X3'] on outcome ['X2']
[2026-04-24 05:15:48,533][dowhy.causal_identifier.auto_identifier][WARNING] - No directed path from treatment to outcome. Causal Effect is zero.
[2026-04-24 05:15:48,533][dowhy.causal_model][INFO] - linear_regression
[2026-04-24 05:15:48,533][dowhy.causal_estimator][INFO] - INFO: Using Linear Regression Estimator
[2026-04-24 05:15:48,533][dowhy.causal_estimator][WARNING] - No directed path from ['X3'] to ['X2'].
[2026-04-24 05:15:48,534][dowhy.causal_model][INFO] - Model to find the causal effect of treatment ['X3'] on outcome ['X4']
[2026-04-24 05:15:48,535][dowhy.causal_identifier.auto_identifier][INFO] - Causal effect can be identified.
[2026-04-24 05:15:48,535][dowhy.causal_identifier.auto_identifier][INFO] - Instrumental variables for treatment and outcome:['X0']
[2026-04-24 05:15:48,536][dowhy.causal_identifier.auto_identifier][INFO] - Frontdoor variables for treatment and outcome:[]
[2026-04-24 05:15:48,536][dowhy.causal_model][INFO] - linear_regression
[2026-04-24 05:15:48,536][dowhy.causal_estimator][INFO] - INFO: Using Linear Regression Estimator
[2026-04-24 05:15:48,536][dowhy.causal_estimator][INFO] - b: X4~X3+X1
[2026-04-24 05:15:48,544][dowhy.causal_model][INFO] - Model to find the causal effect of treatment ['X3'] on outcome ['X5']
[2026-04-24 05:15:48,544][dowhy.causal_identifier.auto_identifier][INFO] - Causal effect can be identified.
[2026-04-24 05:15:48,545][dowhy.causal_identifier.auto_identifier][INFO] - Instrumental variables for treatment and outcome:['X1']
[2026-04-24 05:15:48,546][dowhy.causal_identifier.auto_identifier][INFO] - Frontdoor variables for treatment and outcome:[]
[2026-04-24 05:15:48,546][dowhy.causal_model][INFO] - linear_regression
[2026-04-24 05:15:48,546][dowhy.causal_estimator][INFO] - INFO: Using Linear Regression Estimator
[2026-04-24 05:15:48,546][dowhy.causal_estimator][INFO] - b: X5~X3+X0
[2026-04-24 05:15:48,553][dowhy.causal_model][INFO] - Model to find the causal effect of treatment ['X3'] on outcome ['X6']
[2026-04-24 05:15:48,554][dowhy.causal_identifier.auto_identifier][INFO] - Causal effect can be identified.
[2026-04-24 05:15:48,554][dowhy.causal_identifier.auto_identifier][INFO] - Instrumental variables for treatment and outcome:['X0']
[2026-04-24 05:15:48,555][dowhy.causal_identifier.auto_identifier][INFO] - Frontdoor variables for treatment and outcome:[]
[2026-04-24 05:15:48,555][dowhy.causal_model][INFO] - linear_regression
[2026-04-24 05:15:48,555][dowhy.causal_estimator][INFO] - INFO: Using Linear Regression Estimator
[2026-04-24 05:15:48,555][dowhy.causal_estimator][INFO] - b: X6~X3+X1
[2026-04-24 05:15:48,563][dowhy.causal_model][INFO] - Model to find the causal effect of treatment ['X3'] on outcome ['X7']
[2026-04-24 05:15:48,564][dowhy.causal_identifier.auto_identifier][INFO] - Causal effect can be identified.
[2026-04-24 05:15:48,564][dowhy.causal_identifier.auto_identifier][INFO] - Instrumental variables for treatment and outcome:['X0']
[2026-04-24 05:15:48,565][dowhy.causal_identifier.auto_identifier][INFO] - Frontdoor variables for treatment and outcome:[]
[2026-04-24 05:15:48,565][dowhy.causal_model][INFO] - linear_regression
[2026-04-24 05:15:48,565][dowhy.causal_estimator][INFO] - INFO: Using Linear Regression Estimator
[2026-04-24 05:15:48,566][dowhy.causal_estimator][INFO] - b: X7~X3+X1+X3*X2
[2026-04-24 05:15:48,610][dowhy.causal_model][INFO] - Model to find the causal effect of treatment ['X4'] on outcome ['X0']
[2026-04-24 05:15:48,610][dowhy.causal_identifier.auto_identifier][WARNING] - No directed path from treatment to outcome. Causal Effect is zero.
[2026-04-24 05:15:48,610][dowhy.causal_model][INFO] - linear_regression
[2026-04-24 05:15:48,610][dowhy.causal_estimator][INFO] - INFO: Using Linear Regression Estimator
[2026-04-24 05:15:48,610][dowhy.causal_estimator][WARNING] - No directed path from ['X4'] to ['X0'].
[2026-04-24 05:15:48,612][dowhy.causal_model][INFO] - Model to find the causal effect of treatment ['X4'] on outcome ['X1']
[2026-04-24 05:15:48,612][dowhy.causal_identifier.auto_identifier][WARNING] - No directed path from treatment to outcome. Causal Effect is zero.
[2026-04-24 05:15:48,612][dowhy.causal_model][INFO] - linear_regression
[2026-04-24 05:15:48,612][dowhy.causal_estimator][INFO] - INFO: Using Linear Regression Estimator
[2026-04-24 05:15:48,612][dowhy.causal_estimator][WARNING] - No directed path from ['X4'] to ['X1'].
[2026-04-24 05:15:48,614][dowhy.causal_model][INFO] - Model to find the causal effect of treatment ['X4'] on outcome ['X2']
[2026-04-24 05:15:48,614][dowhy.causal_identifier.auto_identifier][WARNING] - No directed path from treatment to outcome. Causal Effect is zero.
[2026-04-24 05:15:48,614][dowhy.causal_model][INFO] - linear_regression
[2026-04-24 05:15:48,614][dowhy.causal_estimator][INFO] - INFO: Using Linear Regression Estimator
[2026-04-24 05:15:48,614][dowhy.causal_estimator][WARNING] - No directed path from ['X4'] to ['X2'].
[2026-04-24 05:15:48,616][dowhy.causal_model][INFO] - Model to find the causal effect of treatment ['X4'] on outcome ['X3']
[2026-04-24 05:15:48,616][dowhy.causal_identifier.auto_identifier][WARNING] - No directed path from treatment to outcome. Causal Effect is zero.
[2026-04-24 05:15:48,616][dowhy.causal_model][INFO] - linear_regression
[2026-04-24 05:15:48,616][dowhy.causal_estimator][INFO] - INFO: Using Linear Regression Estimator
[2026-04-24 05:15:48,616][dowhy.causal_estimator][WARNING] - No directed path from ['X4'] to ['X3'].
[2026-04-24 05:15:48,618][dowhy.causal_model][INFO] - Model to find the causal effect of treatment ['X4'] on outcome ['X5']
[2026-04-24 05:15:48,618][dowhy.causal_identifier.auto_identifier][WARNING] - No directed path from treatment to outcome. Causal Effect is zero.
[2026-04-24 05:15:48,618][dowhy.causal_model][INFO] - linear_regression
[2026-04-24 05:15:48,618][dowhy.causal_estimator][INFO] - INFO: Using Linear Regression Estimator
[2026-04-24 05:15:48,618][dowhy.causal_estimator][WARNING] - No directed path from ['X4'] to ['X5'].
[2026-04-24 05:15:48,620][dowhy.causal_model][INFO] - Model to find the causal effect of treatment ['X4'] on outcome ['X6']
[2026-04-24 05:15:48,621][dowhy.causal_identifier.auto_identifier][INFO] - Causal effect can be identified.
[2026-04-24 05:15:48,622][dowhy.causal_identifier.auto_identifier][INFO] - Instrumental variables for treatment and outcome:[]
[2026-04-24 05:15:48,622][dowhy.causal_identifier.auto_identifier][INFO] - Frontdoor variables for treatment and outcome:[]
[2026-04-24 05:15:48,622][dowhy.causal_model][INFO] - linear_regression
[2026-04-24 05:15:48,622][dowhy.causal_estimator][INFO] - INFO: Using Linear Regression Estimator
[2026-04-24 05:15:48,622][dowhy.causal_estimator][INFO] - b: X6~X4+X1
[2026-04-24 05:15:48,631][dowhy.causal_model][INFO] - Model to find the causal effect of treatment ['X4'] on outcome ['X7']
[2026-04-24 05:15:48,632][dowhy.causal_identifier.auto_identifier][INFO] - Causal effect can be identified.
[2026-04-24 05:15:48,633][dowhy.causal_identifier.auto_identifier][INFO] - Instrumental variables for treatment and outcome:['X1', 'X3']
[2026-04-24 05:15:48,633][dowhy.causal_identifier.auto_identifier][INFO] - Frontdoor variables for treatment and outcome:[]
[2026-04-24 05:15:48,633][dowhy.causal_model][INFO] - linear_regression
[2026-04-24 05:15:48,633][dowhy.causal_estimator][INFO] - INFO: Using Linear Regression Estimator
[2026-04-24 05:15:48,634][dowhy.causal_estimator][INFO] - b: X7~X4+X4*X2
[2026-04-24 05:15:48,681][dowhy.causal_model][INFO] - Model to find the causal effect of treatment ['X5'] on outcome ['X0']
[2026-04-24 05:15:48,681][dowhy.causal_identifier.auto_identifier][WARNING] - No directed path from treatment to outcome. Causal Effect is zero.
[2026-04-24 05:15:48,681][dowhy.causal_model][INFO] - linear_regression
[2026-04-24 05:15:48,681][dowhy.causal_estimator][INFO] - INFO: Using Linear Regression Estimator
[2026-04-24 05:15:48,681][dowhy.causal_estimator][WARNING] - No directed path from ['X5'] to ['X0'].
[2026-04-24 05:15:48,683][dowhy.causal_model][INFO] - Model to find the causal effect of treatment ['X5'] on outcome ['X1']
[2026-04-24 05:15:48,683][dowhy.causal_identifier.auto_identifier][WARNING] - No directed path from treatment to outcome. Causal Effect is zero.
[2026-04-24 05:15:48,683][dowhy.causal_model][INFO] - linear_regression
[2026-04-24 05:15:48,683][dowhy.causal_estimator][INFO] - INFO: Using Linear Regression Estimator
[2026-04-24 05:15:48,683][dowhy.causal_estimator][WARNING] - No directed path from ['X5'] to ['X1'].
[2026-04-24 05:15:48,685][dowhy.causal_model][INFO] - Model to find the causal effect of treatment ['X5'] on outcome ['X2']
[2026-04-24 05:15:48,685][dowhy.causal_identifier.auto_identifier][WARNING] - No directed path from treatment to outcome. Causal Effect is zero.
[2026-04-24 05:15:48,685][dowhy.causal_model][INFO] - linear_regression
[2026-04-24 05:15:48,685][dowhy.causal_estimator][INFO] - INFO: Using Linear Regression Estimator
[2026-04-24 05:15:48,685][dowhy.causal_estimator][WARNING] - No directed path from ['X5'] to ['X2'].
[2026-04-24 05:15:48,687][dowhy.causal_model][INFO] - Model to find the causal effect of treatment ['X5'] on outcome ['X3']
[2026-04-24 05:15:48,687][dowhy.causal_identifier.auto_identifier][WARNING] - No directed path from treatment to outcome. Causal Effect is zero.
[2026-04-24 05:15:48,687][dowhy.causal_model][INFO] - linear_regression
[2026-04-24 05:15:48,687][dowhy.causal_estimator][INFO] - INFO: Using Linear Regression Estimator
[2026-04-24 05:15:48,688][dowhy.causal_estimator][WARNING] - No directed path from ['X5'] to ['X3'].
[2026-04-24 05:15:48,689][dowhy.causal_model][INFO] - Model to find the causal effect of treatment ['X5'] on outcome ['X4']
[2026-04-24 05:15:48,689][dowhy.causal_identifier.auto_identifier][WARNING] - No directed path from treatment to outcome. Causal Effect is zero.
[2026-04-24 05:15:48,689][dowhy.causal_model][INFO] - linear_regression
[2026-04-24 05:15:48,689][dowhy.causal_estimator][INFO] - INFO: Using Linear Regression Estimator
[2026-04-24 05:15:48,689][dowhy.causal_estimator][WARNING] - No directed path from ['X5'] to ['X4'].
[2026-04-24 05:15:48,691][dowhy.causal_model][INFO] - Model to find the causal effect of treatment ['X5'] on outcome ['X6']
[2026-04-24 05:15:48,691][dowhy.causal_identifier.auto_identifier][WARNING] - No directed path from treatment to outcome. Causal Effect is zero.
[2026-04-24 05:15:48,691][dowhy.causal_model][INFO] - linear_regression
[2026-04-24 05:15:48,691][dowhy.causal_estimator][INFO] - INFO: Using Linear Regression Estimator
[2026-04-24 05:15:48,691][dowhy.causal_estimator][WARNING] - No directed path from ['X5'] to ['X6'].
[2026-04-24 05:15:48,693][dowhy.causal_model][INFO] - Model to find the causal effect of treatment ['X5'] on outcome ['X7']
[2026-04-24 05:15:48,693][dowhy.causal_identifier.auto_identifier][WARNING] - No directed path from treatment to outcome. Causal Effect is zero.
[2026-04-24 05:15:48,693][dowhy.causal_model][INFO] - linear_regression
[2026-04-24 05:15:48,693][dowhy.causal_estimator][INFO] - INFO: Using Linear Regression Estimator
[2026-04-24 05:15:48,693][dowhy.causal_estimator][WARNING] - No directed path from ['X5'] to ['X7'].
[2026-04-24 05:15:48,725][dowhy.causal_model][INFO] - Model to find the causal effect of treatment ['X6'] on outcome ['X0']
[2026-04-24 05:15:48,725][dowhy.causal_identifier.auto_identifier][WARNING] - No directed path from treatment to outcome. Causal Effect is zero.
[2026-04-24 05:15:48,725][dowhy.causal_model][INFO] - linear_regression
[2026-04-24 05:15:48,725][dowhy.causal_estimator][INFO] - INFO: Using Linear Regression Estimator
[2026-04-24 05:15:48,725][dowhy.causal_estimator][WARNING] - No directed path from ['X6'] to ['X0'].
[2026-04-24 05:15:48,726][dowhy.causal_model][INFO] - Model to find the causal effect of treatment ['X6'] on outcome ['X1']
[2026-04-24 05:15:48,726][dowhy.causal_identifier.auto_identifier][WARNING] - No directed path from treatment to outcome. Causal Effect is zero.
[2026-04-24 05:15:48,727][dowhy.causal_model][INFO] - linear_regression
[2026-04-24 05:15:48,727][dowhy.causal_estimator][INFO] - INFO: Using Linear Regression Estimator
[2026-04-24 05:15:48,727][dowhy.causal_estimator][WARNING] - No directed path from ['X6'] to ['X1'].
[2026-04-24 05:15:48,728][dowhy.causal_model][INFO] - Model to find the causal effect of treatment ['X6'] on outcome ['X2']
[2026-04-24 05:15:48,728][dowhy.causal_identifier.auto_identifier][WARNING] - No directed path from treatment to outcome. Causal Effect is zero.
[2026-04-24 05:15:48,728][dowhy.causal_model][INFO] - linear_regression
[2026-04-24 05:15:48,728][dowhy.causal_estimator][INFO] - INFO: Using Linear Regression Estimator
[2026-04-24 05:15:48,728][dowhy.causal_estimator][WARNING] - No directed path from ['X6'] to ['X2'].
[2026-04-24 05:15:48,730][dowhy.causal_model][INFO] - Model to find the causal effect of treatment ['X6'] on outcome ['X3']
[2026-04-24 05:15:48,730][dowhy.causal_identifier.auto_identifier][WARNING] - No directed path from treatment to outcome. Causal Effect is zero.
[2026-04-24 05:15:48,730][dowhy.causal_model][INFO] - linear_regression
[2026-04-24 05:15:48,730][dowhy.causal_estimator][INFO] - INFO: Using Linear Regression Estimator
[2026-04-24 05:15:48,730][dowhy.causal_estimator][WARNING] - No directed path from ['X6'] to ['X3'].
[2026-04-24 05:15:48,732][dowhy.causal_model][INFO] - Model to find the causal effect of treatment ['X6'] on outcome ['X4']
[2026-04-24 05:15:48,732][dowhy.causal_identifier.auto_identifier][WARNING] - No directed path from treatment to outcome. Causal Effect is zero.
[2026-04-24 05:15:48,732][dowhy.causal_model][INFO] - linear_regression
[2026-04-24 05:15:48,732][dowhy.causal_estimator][INFO] - INFO: Using Linear Regression Estimator
[2026-04-24 05:15:48,732][dowhy.causal_estimator][WARNING] - No directed path from ['X6'] to ['X4'].
[2026-04-24 05:15:48,733][dowhy.causal_model][INFO] - Model to find the causal effect of treatment ['X6'] on outcome ['X5']
[2026-04-24 05:15:48,733][dowhy.causal_identifier.auto_identifier][WARNING] - No directed path from treatment to outcome. Causal Effect is zero.
[2026-04-24 05:15:48,734][dowhy.causal_model][INFO] - linear_regression
[2026-04-24 05:15:48,734][dowhy.causal_estimator][INFO] - INFO: Using Linear Regression Estimator
[2026-04-24 05:15:48,734][dowhy.causal_estimator][WARNING] - No directed path from ['X6'] to ['X5'].
[2026-04-24 05:15:48,735][dowhy.causal_model][INFO] - Model to find the causal effect of treatment ['X6'] on outcome ['X7']
[2026-04-24 05:15:48,735][dowhy.causal_identifier.auto_identifier][WARNING] - No directed path from treatment to outcome. Causal Effect is zero.
[2026-04-24 05:15:48,735][dowhy.causal_model][INFO] - linear_regression
[2026-04-24 05:15:48,735][dowhy.causal_estimator][INFO] - INFO: Using Linear Regression Estimator
[2026-04-24 05:15:48,735][dowhy.causal_estimator][WARNING] - No directed path from ['X6'] to ['X7'].
[2026-04-24 05:15:48,768][dowhy.causal_model][INFO] - Model to find the causal effect of treatment ['X7'] on outcome ['X0']
[2026-04-24 05:15:48,768][dowhy.causal_identifier.auto_identifier][WARNING] - No directed path from treatment to outcome. Causal Effect is zero.
[2026-04-24 05:15:48,768][dowhy.causal_model][INFO] - linear_regression
[2026-04-24 05:15:48,768][dowhy.causal_estimator][INFO] - INFO: Using Linear Regression Estimator
[2026-04-24 05:15:48,768][dowhy.causal_estimator][WARNING] - No directed path from ['X7'] to ['X0'].
[2026-04-24 05:15:48,770][dowhy.causal_model][INFO] - Model to find the causal effect of treatment ['X7'] on outcome ['X1']
[2026-04-24 05:15:48,770][dowhy.causal_identifier.auto_identifier][WARNING] - No directed path from treatment to outcome. Causal Effect is zero.
[2026-04-24 05:15:48,770][dowhy.causal_model][INFO] - linear_regression
[2026-04-24 05:15:48,770][dowhy.causal_estimator][INFO] - INFO: Using Linear Regression Estimator
[2026-04-24 05:15:48,770][dowhy.causal_estimator][WARNING] - No directed path from ['X7'] to ['X1'].
[2026-04-24 05:15:48,771][dowhy.causal_model][INFO] - Model to find the causal effect of treatment ['X7'] on outcome ['X2']
[2026-04-24 05:15:48,771][dowhy.causal_identifier.auto_identifier][WARNING] - No directed path from treatment to outcome. Causal Effect is zero.
[2026-04-24 05:15:48,771][dowhy.causal_model][INFO] - linear_regression
[2026-04-24 05:15:48,771][dowhy.causal_estimator][INFO] - INFO: Using Linear Regression Estimator
[2026-04-24 05:15:48,771][dowhy.causal_estimator][WARNING] - No directed path from ['X7'] to ['X2'].
[2026-04-24 05:15:48,773][dowhy.causal_model][INFO] - Model to find the causal effect of treatment ['X7'] on outcome ['X3']
[2026-04-24 05:15:48,773][dowhy.causal_identifier.auto_identifier][WARNING] - No directed path from treatment to outcome. Causal Effect is zero.
[2026-04-24 05:15:48,773][dowhy.causal_model][INFO] - linear_regression
[2026-04-24 05:15:48,773][dowhy.causal_estimator][INFO] - INFO: Using Linear Regression Estimator
[2026-04-24 05:15:48,773][dowhy.causal_estimator][WARNING] - No directed path from ['X7'] to ['X3'].
[2026-04-24 05:15:48,775][dowhy.causal_model][INFO] - Model to find the causal effect of treatment ['X7'] on outcome ['X4']
[2026-04-24 05:15:48,775][dowhy.causal_identifier.auto_identifier][WARNING] - No directed path from treatment to outcome. Causal Effect is zero.
[2026-04-24 05:15:48,775][dowhy.causal_model][INFO] - linear_regression
[2026-04-24 05:15:48,775][dowhy.causal_estimator][INFO] - INFO: Using Linear Regression Estimator
[2026-04-24 05:15:48,775][dowhy.causal_estimator][WARNING] - No directed path from ['X7'] to ['X4'].
[2026-04-24 05:15:48,776][dowhy.causal_model][INFO] - Model to find the causal effect of treatment ['X7'] on outcome ['X5']
[2026-04-24 05:15:48,777][dowhy.causal_identifier.auto_identifier][WARNING] - No directed path from treatment to outcome. Causal Effect is zero.
[2026-04-24 05:15:48,777][dowhy.causal_model][INFO] - linear_regression
[2026-04-24 05:15:48,777][dowhy.causal_estimator][INFO] - INFO: Using Linear Regression Estimator
[2026-04-24 05:15:48,777][dowhy.causal_estimator][WARNING] - No directed path from ['X7'] to ['X5'].
[2026-04-24 05:15:48,778][dowhy.causal_model][INFO] - Model to find the causal effect of treatment ['X7'] on outcome ['X6']
[2026-04-24 05:15:48,778][dowhy.causal_identifier.auto_identifier][WARNING] - No directed path from treatment to outcome. Causal Effect is zero.
[2026-04-24 05:15:48,778][dowhy.causal_model][INFO] - linear_regression
[2026-04-24 05:15:48,778][dowhy.causal_estimator][INFO] - INFO: Using Linear Regression Estimator
[2026-04-24 05:15:48,778][dowhy.causal_estimator][WARNING] - No directed path from ['X7'] to ['X6'].
[2026-04-24 05:15:48,827][dowhy.causal_model][INFO] - Model to find the causal effect of treatment ['X0'] on outcome ['X1']
[2026-04-24 05:15:48,827][dowhy.causal_identifier.auto_identifier][WARNING] - No directed path from treatment to outcome. Causal Effect is zero.
[2026-04-24 05:15:48,827][dowhy.causal_model][INFO] - linear_regression
[2026-04-24 05:15:48,827][dowhy.causal_estimator][INFO] - INFO: Using Linear Regression Estimator
[2026-04-24 05:15:48,827][dowhy.causal_estimator][WARNING] - No directed path from ['X0'] to ['X1'].
[2026-04-24 05:15:48,829][dowhy.causal_model][INFO] - Model to find the causal effect of treatment ['X0'] on outcome ['X2']
[2026-04-24 05:15:48,829][dowhy.causal_identifier.auto_identifier][WARNING] - No directed path from treatment to outcome. Causal Effect is zero.
[2026-04-24 05:15:48,829][dowhy.causal_model][INFO] - linear_regression
[2026-04-24 05:15:48,829][dowhy.causal_estimator][INFO] - INFO: Using Linear Regression Estimator
[2026-04-24 05:15:48,829][dowhy.causal_estimator][WARNING] - No directed path from ['X0'] to ['X2'].
[2026-04-24 05:15:48,831][dowhy.causal_model][INFO] - Model to find the causal effect of treatment ['X0'] on outcome ['X3']
[2026-04-24 05:15:48,832][dowhy.causal_identifier.auto_identifier][INFO] - Causal effect can be identified.
[2026-04-24 05:15:48,832][dowhy.causal_identifier.auto_identifier][INFO] - Instrumental variables for treatment and outcome:[]
[2026-04-24 05:15:48,832][dowhy.causal_identifier.auto_identifier][INFO] - Frontdoor variables for treatment and outcome:[]
[2026-04-24 05:15:48,832][dowhy.causal_model][INFO] - linear_regression
[2026-04-24 05:15:48,832][dowhy.causal_estimator][INFO] - INFO: Using Linear Regression Estimator
[2026-04-24 05:15:48,833][dowhy.causal_estimator][INFO] - b: X3~X0+X0*X1
[2026-04-24 05:15:48,841][dowhy.causal_model][INFO] - Model to find the causal effect of treatment ['X0'] on outcome ['X4']
[2026-04-24 05:15:48,842][dowhy.causal_identifier.auto_identifier][INFO] - Causal effect can be identified.
[2026-04-24 05:15:48,842][dowhy.causal_identifier.auto_identifier][INFO] - Instrumental variables for treatment and outcome:[]
[2026-04-24 05:15:48,842][dowhy.causal_identifier.auto_identifier][INFO] - Frontdoor variables for treatment and outcome:[]
[2026-04-24 05:15:48,843][dowhy.causal_model][INFO] - linear_regression
[2026-04-24 05:15:48,843][dowhy.causal_estimator][INFO] - INFO: Using Linear Regression Estimator
[2026-04-24 05:15:48,843][dowhy.causal_estimator][INFO] - b: X4~X0+X0*X1
[2026-04-24 05:15:48,851][dowhy.causal_model][INFO] - Model to find the causal effect of treatment ['X0'] on outcome ['X5']
[2026-04-24 05:15:48,852][dowhy.causal_identifier.auto_identifier][INFO] - Causal effect can be identified.
[2026-04-24 05:15:48,853][dowhy.causal_identifier.auto_identifier][INFO] - Instrumental variables for treatment and outcome:[]
[2026-04-24 05:15:48,854][dowhy.causal_identifier.auto_identifier][INFO] - Frontdoor variables for treatment and outcome:[]
[2026-04-24 05:15:48,854][dowhy.causal_model][INFO] - linear_regression
[2026-04-24 05:15:48,854][dowhy.causal_estimator][INFO] - INFO: Using Linear Regression Estimator
[2026-04-24 05:15:48,854][dowhy.causal_estimator][INFO] - b: X5~X0+X0*X1
[2026-04-24 05:15:48,863][dowhy.causal_model][INFO] - Model to find the causal effect of treatment ['X0'] on outcome ['X6']
[2026-04-24 05:15:48,863][dowhy.causal_identifier.auto_identifier][INFO] - Causal effect can be identified.
[2026-04-24 05:15:48,864][dowhy.causal_identifier.auto_identifier][INFO] - Instrumental variables for treatment and outcome:[]
[2026-04-24 05:15:48,865][dowhy.causal_identifier.auto_identifier][INFO] - Frontdoor variables for treatment and outcome:[]
[2026-04-24 05:15:48,865][dowhy.causal_model][INFO] - linear_regression
[2026-04-24 05:15:48,865][dowhy.causal_estimator][INFO] - INFO: Using Linear Regression Estimator
[2026-04-24 05:15:48,866][dowhy.causal_estimator][INFO] - b: X6~X0+X0*X1
[2026-04-24 05:15:48,874][dowhy.causal_model][INFO] - Model to find the causal effect of treatment ['X0'] on outcome ['X7']
[2026-04-24 05:15:48,874][dowhy.causal_identifier.auto_identifier][INFO] - Causal effect can be identified.
[2026-04-24 05:15:48,875][dowhy.causal_identifier.auto_identifier][INFO] - Instrumental variables for treatment and outcome:[]
[2026-04-24 05:15:48,876][dowhy.causal_identifier.auto_identifier][INFO] - Frontdoor variables for treatment and outcome:['X4', 'X3', 'X5', 'X6']
[2026-04-24 05:15:48,877][dowhy.causal_identifier.auto_identifier][INFO] - Causal effect can be identified.
[2026-04-24 05:15:48,878][dowhy.causal_identifier.auto_identifier][INFO] - Causal effect can be identified.
[2026-04-24 05:15:48,879][dowhy.causal_model][INFO] - linear_regression
[2026-04-24 05:15:48,879][dowhy.causal_estimator][INFO] - INFO: Using Linear Regression Estimator
[2026-04-24 05:15:48,879][dowhy.causal_estimator][INFO] - b: X7~X0+X0*X1+X0*X2
[2026-04-24 05:15:48,926][dowhy.causal_model][INFO] - Model to find the causal effect of treatment ['X1'] on outcome ['X0']
[2026-04-24 05:15:48,926][dowhy.causal_identifier.auto_identifier][WARNING] - No directed path from treatment to outcome. Causal Effect is zero.
[2026-04-24 05:15:48,926][dowhy.causal_model][INFO] - linear_regression
[2026-04-24 05:15:48,926][dowhy.causal_estimator][INFO] - INFO: Using Linear Regression Estimator
[2026-04-24 05:15:48,926][dowhy.causal_estimator][WARNING] - No directed path from ['X1'] to ['X0'].
[2026-04-24 05:15:48,928][dowhy.causal_model][INFO] - Model to find the causal effect of treatment ['X1'] on outcome ['X2']
[2026-04-24 05:15:48,928][dowhy.causal_identifier.auto_identifier][WARNING] - No directed path from treatment to outcome. Causal Effect is zero.
[2026-04-24 05:15:48,928][dowhy.causal_model][INFO] - linear_regression
[2026-04-24 05:15:48,928][dowhy.causal_estimator][INFO] - INFO: Using Linear Regression Estimator
[2026-04-24 05:15:48,928][dowhy.causal_estimator][WARNING] - No directed path from ['X1'] to ['X2'].
[2026-04-24 05:15:48,930][dowhy.causal_model][INFO] - Model to find the causal effect of treatment ['X1'] on outcome ['X3']
[2026-04-24 05:15:48,930][dowhy.causal_identifier.auto_identifier][INFO] - Causal effect can be identified.
[2026-04-24 05:15:48,931][dowhy.causal_identifier.auto_identifier][INFO] - Instrumental variables for treatment and outcome:[]
[2026-04-24 05:15:48,931][dowhy.causal_identifier.auto_identifier][INFO] - Frontdoor variables for treatment and outcome:[]
[2026-04-24 05:15:48,931][dowhy.causal_model][INFO] - linear_regression
[2026-04-24 05:15:48,931][dowhy.causal_estimator][INFO] - INFO: Using Linear Regression Estimator
[2026-04-24 05:15:48,931][dowhy.causal_estimator][INFO] - b: X3~X1+X1*X0
[2026-04-24 05:15:48,939][dowhy.causal_model][INFO] - Model to find the causal effect of treatment ['X1'] on outcome ['X4']
[2026-04-24 05:15:48,940][dowhy.causal_identifier.auto_identifier][INFO] - Causal effect can be identified.
[2026-04-24 05:15:48,940][dowhy.causal_identifier.auto_identifier][INFO] - Instrumental variables for treatment and outcome:[]
[2026-04-24 05:15:48,940][dowhy.causal_identifier.auto_identifier][INFO] - Frontdoor variables for treatment and outcome:[]
[2026-04-24 05:15:48,940][dowhy.causal_model][INFO] - linear_regression
[2026-04-24 05:15:48,941][dowhy.causal_estimator][INFO] - INFO: Using Linear Regression Estimator
[2026-04-24 05:15:48,941][dowhy.causal_estimator][INFO] - b: X4~X1+X1*X0
[2026-04-24 05:15:48,948][dowhy.causal_model][INFO] - Model to find the causal effect of treatment ['X1'] on outcome ['X5']
[2026-04-24 05:15:48,949][dowhy.causal_identifier.auto_identifier][INFO] - Causal effect can be identified.
[2026-04-24 05:15:48,949][dowhy.causal_identifier.auto_identifier][INFO] - Instrumental variables for treatment and outcome:[]
[2026-04-24 05:15:48,950][dowhy.causal_identifier.auto_identifier][INFO] - Frontdoor variables for treatment and outcome:[]
[2026-04-24 05:15:48,950][dowhy.causal_model][INFO] - linear_regression
[2026-04-24 05:15:48,950][dowhy.causal_estimator][INFO] - INFO: Using Linear Regression Estimator
[2026-04-24 05:15:48,950][dowhy.causal_estimator][INFO] - b: X5~X1+X1*X0
[2026-04-24 05:15:48,958][dowhy.causal_model][INFO] - Model to find the causal effect of treatment ['X1'] on outcome ['X6']
[2026-04-24 05:15:48,958][dowhy.causal_identifier.auto_identifier][INFO] - Causal effect can be identified.
[2026-04-24 05:15:48,959][dowhy.causal_identifier.auto_identifier][INFO] - Instrumental variables for treatment and outcome:[]
[2026-04-24 05:15:48,960][dowhy.causal_identifier.auto_identifier][INFO] - Frontdoor variables for treatment and outcome:[]
[2026-04-24 05:15:48,960][dowhy.causal_model][INFO] - linear_regression
[2026-04-24 05:15:48,960][dowhy.causal_estimator][INFO] - INFO: Using Linear Regression Estimator
[2026-04-24 05:15:48,960][dowhy.causal_estimator][INFO] - b: X6~X1+X1*X0
[2026-04-24 05:15:48,968][dowhy.causal_model][INFO] - Model to find the causal effect of treatment ['X1'] on outcome ['X7']
[2026-04-24 05:15:48,968][dowhy.causal_identifier.auto_identifier][INFO] - Causal effect can be identified.
[2026-04-24 05:15:48,969][dowhy.causal_identifier.auto_identifier][INFO] - Instrumental variables for treatment and outcome:[]
[2026-04-24 05:15:48,970][dowhy.causal_identifier.auto_identifier][INFO] - Frontdoor variables for treatment and outcome:['X4', 'X3', 'X5', 'X6']
[2026-04-24 05:15:48,971][dowhy.causal_identifier.auto_identifier][INFO] - Causal effect can be identified.
[2026-04-24 05:15:48,972][dowhy.causal_identifier.auto_identifier][INFO] - Causal effect can be identified.
[2026-04-24 05:15:48,973][dowhy.causal_model][INFO] - linear_regression
[2026-04-24 05:15:48,973][dowhy.causal_estimator][INFO] - INFO: Using Linear Regression Estimator
[2026-04-24 05:15:48,973][dowhy.causal_estimator][INFO] - b: X7~X1+X1*X0+X1*X2
[2026-04-24 05:15:49,015][dowhy.causal_model][INFO] - Model to find the causal effect of treatment ['X2'] on outcome ['X0']
[2026-04-24 05:15:49,015][dowhy.causal_identifier.auto_identifier][WARNING] - No directed path from treatment to outcome. Causal Effect is zero.
[2026-04-24 05:15:49,015][dowhy.causal_model][INFO] - linear_regression
[2026-04-24 05:15:49,015][dowhy.causal_estimator][INFO] - INFO: Using Linear Regression Estimator
[2026-04-24 05:15:49,015][dowhy.causal_estimator][WARNING] - No directed path from ['X2'] to ['X0'].
[2026-04-24 05:15:49,017][dowhy.causal_model][INFO] - Model to find the causal effect of treatment ['X2'] on outcome ['X1']
[2026-04-24 05:15:49,017][dowhy.causal_identifier.auto_identifier][WARNING] - No directed path from treatment to outcome. Causal Effect is zero.
[2026-04-24 05:15:49,017][dowhy.causal_model][INFO] - linear_regression
[2026-04-24 05:15:49,017][dowhy.causal_estimator][INFO] - INFO: Using Linear Regression Estimator
[2026-04-24 05:15:49,017][dowhy.causal_estimator][WARNING] - No directed path from ['X2'] to ['X1'].
[2026-04-24 05:15:49,019][dowhy.causal_model][INFO] - Model to find the causal effect of treatment ['X2'] on outcome ['X3']
[2026-04-24 05:15:49,019][dowhy.causal_identifier.auto_identifier][WARNING] - No directed path from treatment to outcome. Causal Effect is zero.
[2026-04-24 05:15:49,019][dowhy.causal_model][INFO] - linear_regression
[2026-04-24 05:15:49,019][dowhy.causal_estimator][INFO] - INFO: Using Linear Regression Estimator
[2026-04-24 05:15:49,019][dowhy.causal_estimator][WARNING] - No directed path from ['X2'] to ['X3'].
[2026-04-24 05:15:49,021][dowhy.causal_model][INFO] - Model to find the causal effect of treatment ['X2'] on outcome ['X4']
[2026-04-24 05:15:49,021][dowhy.causal_identifier.auto_identifier][WARNING] - No directed path from treatment to outcome. Causal Effect is zero.
[2026-04-24 05:15:49,021][dowhy.causal_model][INFO] - linear_regression
[2026-04-24 05:15:49,021][dowhy.causal_estimator][INFO] - INFO: Using Linear Regression Estimator
[2026-04-24 05:15:49,021][dowhy.causal_estimator][WARNING] - No directed path from ['X2'] to ['X4'].
[2026-04-24 05:15:49,022][dowhy.causal_model][INFO] - Model to find the causal effect of treatment ['X2'] on outcome ['X5']
[2026-04-24 05:15:49,022][dowhy.causal_identifier.auto_identifier][WARNING] - No directed path from treatment to outcome. Causal Effect is zero.
[2026-04-24 05:15:49,022][dowhy.causal_model][INFO] - linear_regression
[2026-04-24 05:15:49,022][dowhy.causal_estimator][INFO] - INFO: Using Linear Regression Estimator
[2026-04-24 05:15:49,023][dowhy.causal_estimator][WARNING] - No directed path from ['X2'] to ['X5'].
[2026-04-24 05:15:49,024][dowhy.causal_model][INFO] - Model to find the causal effect of treatment ['X2'] on outcome ['X6']
[2026-04-24 05:15:49,024][dowhy.causal_identifier.auto_identifier][WARNING] - No directed path from treatment to outcome. Causal Effect is zero.
[2026-04-24 05:15:49,024][dowhy.causal_model][INFO] - linear_regression
[2026-04-24 05:15:49,024][dowhy.causal_estimator][INFO] - INFO: Using Linear Regression Estimator
[2026-04-24 05:15:49,024][dowhy.causal_estimator][WARNING] - No directed path from ['X2'] to ['X6'].
[2026-04-24 05:15:49,026][dowhy.causal_model][INFO] - Model to find the causal effect of treatment ['X2'] on outcome ['X7']
[2026-04-24 05:15:49,027][dowhy.causal_identifier.auto_identifier][INFO] - Causal effect can be identified.
[2026-04-24 05:15:49,028][dowhy.causal_identifier.auto_identifier][INFO] - Instrumental variables for treatment and outcome:[]
[2026-04-24 05:15:49,028][dowhy.causal_identifier.auto_identifier][INFO] - Frontdoor variables for treatment and outcome:[]
[2026-04-24 05:15:49,028][dowhy.causal_model][INFO] - linear_regression
[2026-04-24 05:15:49,028][dowhy.causal_estimator][INFO] - INFO: Using Linear Regression Estimator
[2026-04-24 05:15:49,029][dowhy.causal_estimator][INFO] - b: X7~X2+X2*X1+X2*X0+X2*X3+X2*X4
[2026-04-24 05:15:49,070][dowhy.causal_model][INFO] - Model to find the causal effect of treatment ['X3'] on outcome ['X0']
[2026-04-24 05:15:49,070][dowhy.causal_identifier.auto_identifier][WARNING] - No directed path from treatment to outcome. Causal Effect is zero.
[2026-04-24 05:15:49,070][dowhy.causal_model][INFO] - linear_regression
[2026-04-24 05:15:49,070][dowhy.causal_estimator][INFO] - INFO: Using Linear Regression Estimator
[2026-04-24 05:15:49,070][dowhy.causal_estimator][WARNING] - No directed path from ['X3'] to ['X0'].
[2026-04-24 05:15:49,072][dowhy.causal_model][INFO] - Model to find the causal effect of treatment ['X3'] on outcome ['X1']
[2026-04-24 05:15:49,072][dowhy.causal_identifier.auto_identifier][WARNING] - No directed path from treatment to outcome. Causal Effect is zero.
[2026-04-24 05:15:49,073][dowhy.causal_model][INFO] - linear_regression
[2026-04-24 05:15:49,073][dowhy.causal_estimator][INFO] - INFO: Using Linear Regression Estimator
[2026-04-24 05:15:49,073][dowhy.causal_estimator][WARNING] - No directed path from ['X3'] to ['X1'].
[2026-04-24 05:15:49,074][dowhy.causal_model][INFO] - Model to find the causal effect of treatment ['X3'] on outcome ['X2']
[2026-04-24 05:15:49,074][dowhy.causal_identifier.auto_identifier][WARNING] - No directed path from treatment to outcome. Causal Effect is zero.
[2026-04-24 05:15:49,074][dowhy.causal_model][INFO] - linear_regression
[2026-04-24 05:15:49,074][dowhy.causal_estimator][INFO] - INFO: Using Linear Regression Estimator
[2026-04-24 05:15:49,075][dowhy.causal_estimator][WARNING] - No directed path from ['X3'] to ['X2'].
[2026-04-24 05:15:49,076][dowhy.causal_model][INFO] - Model to find the causal effect of treatment ['X3'] on outcome ['X4']
[2026-04-24 05:15:49,077][dowhy.causal_identifier.auto_identifier][INFO] - Causal effect can be identified.
[2026-04-24 05:15:49,078][dowhy.causal_identifier.auto_identifier][INFO] - Instrumental variables for treatment and outcome:['X0']
[2026-04-24 05:15:49,078][dowhy.causal_identifier.auto_identifier][INFO] - Frontdoor variables for treatment and outcome:[]
[2026-04-24 05:15:49,078][dowhy.causal_model][INFO] - linear_regression
[2026-04-24 05:15:49,078][dowhy.causal_estimator][INFO] - INFO: Using Linear Regression Estimator
[2026-04-24 05:15:49,078][dowhy.causal_estimator][INFO] - b: X4~X3+X1
[2026-04-24 05:15:49,087][dowhy.causal_model][INFO] - Model to find the causal effect of treatment ['X3'] on outcome ['X5']
[2026-04-24 05:15:49,088][dowhy.causal_identifier.auto_identifier][INFO] - Causal effect can be identified.
[2026-04-24 05:15:49,088][dowhy.causal_identifier.auto_identifier][INFO] - Instrumental variables for treatment and outcome:['X1']
[2026-04-24 05:15:49,089][dowhy.causal_identifier.auto_identifier][INFO] - Frontdoor variables for treatment and outcome:[]
[2026-04-24 05:15:49,089][dowhy.causal_model][INFO] - linear_regression
[2026-04-24 05:15:49,089][dowhy.causal_estimator][INFO] - INFO: Using Linear Regression Estimator
[2026-04-24 05:15:49,090][dowhy.causal_estimator][INFO] - b: X5~X3+X0
[2026-04-24 05:15:49,098][dowhy.causal_model][INFO] - Model to find the causal effect of treatment ['X3'] on outcome ['X6']
[2026-04-24 05:15:49,099][dowhy.causal_identifier.auto_identifier][INFO] - Causal effect can be identified.
[2026-04-24 05:15:49,100][dowhy.causal_identifier.auto_identifier][INFO] - Instrumental variables for treatment and outcome:['X0']
[2026-04-24 05:15:49,100][dowhy.causal_identifier.auto_identifier][INFO] - Frontdoor variables for treatment and outcome:[]
[2026-04-24 05:15:49,100][dowhy.causal_model][INFO] - linear_regression
[2026-04-24 05:15:49,100][dowhy.causal_estimator][INFO] - INFO: Using Linear Regression Estimator
[2026-04-24 05:15:49,101][dowhy.causal_estimator][INFO] - b: X6~X3+X1
[2026-04-24 05:15:49,109][dowhy.causal_model][INFO] - Model to find the causal effect of treatment ['X3'] on outcome ['X7']
[2026-04-24 05:15:49,110][dowhy.causal_identifier.auto_identifier][INFO] - Causal effect can be identified.
[2026-04-24 05:15:49,110][dowhy.causal_identifier.auto_identifier][INFO] - Instrumental variables for treatment and outcome:['X0']
[2026-04-24 05:15:49,111][dowhy.causal_identifier.auto_identifier][INFO] - Frontdoor variables for treatment and outcome:[]
[2026-04-24 05:15:49,112][dowhy.causal_model][INFO] - linear_regression
[2026-04-24 05:15:49,112][dowhy.causal_estimator][INFO] - INFO: Using Linear Regression Estimator
[2026-04-24 05:15:49,112][dowhy.causal_estimator][INFO] - b: X7~X3+X1+X3*X2
[2026-04-24 05:15:49,160][dowhy.causal_model][INFO] - Model to find the causal effect of treatment ['X4'] on outcome ['X0']
[2026-04-24 05:15:49,160][dowhy.causal_identifier.auto_identifier][WARNING] - No directed path from treatment to outcome. Causal Effect is zero.
[2026-04-24 05:15:49,160][dowhy.causal_model][INFO] - linear_regression
[2026-04-24 05:15:49,160][dowhy.causal_estimator][INFO] - INFO: Using Linear Regression Estimator
[2026-04-24 05:15:49,160][dowhy.causal_estimator][WARNING] - No directed path from ['X4'] to ['X0'].
[2026-04-24 05:15:49,162][dowhy.causal_model][INFO] - Model to find the causal effect of treatment ['X4'] on outcome ['X1']
[2026-04-24 05:15:49,162][dowhy.causal_identifier.auto_identifier][WARNING] - No directed path from treatment to outcome. Causal Effect is zero.
[2026-04-24 05:15:49,162][dowhy.causal_model][INFO] - linear_regression
[2026-04-24 05:15:49,162][dowhy.causal_estimator][INFO] - INFO: Using Linear Regression Estimator
[2026-04-24 05:15:49,162][dowhy.causal_estimator][WARNING] - No directed path from ['X4'] to ['X1'].
[2026-04-24 05:15:49,163][dowhy.causal_model][INFO] - Model to find the causal effect of treatment ['X4'] on outcome ['X2']
[2026-04-24 05:15:49,163][dowhy.causal_identifier.auto_identifier][WARNING] - No directed path from treatment to outcome. Causal Effect is zero.
[2026-04-24 05:15:49,164][dowhy.causal_model][INFO] - linear_regression
[2026-04-24 05:15:49,164][dowhy.causal_estimator][INFO] - INFO: Using Linear Regression Estimator
[2026-04-24 05:15:49,164][dowhy.causal_estimator][WARNING] - No directed path from ['X4'] to ['X2'].
[2026-04-24 05:15:49,165][dowhy.causal_model][INFO] - Model to find the causal effect of treatment ['X4'] on outcome ['X3']
[2026-04-24 05:15:49,165][dowhy.causal_identifier.auto_identifier][WARNING] - No directed path from treatment to outcome. Causal Effect is zero.
[2026-04-24 05:15:49,165][dowhy.causal_model][INFO] - linear_regression
[2026-04-24 05:15:49,165][dowhy.causal_estimator][INFO] - INFO: Using Linear Regression Estimator
[2026-04-24 05:15:49,165][dowhy.causal_estimator][WARNING] - No directed path from ['X4'] to ['X3'].
[2026-04-24 05:15:49,167][dowhy.causal_model][INFO] - Model to find the causal effect of treatment ['X4'] on outcome ['X5']
[2026-04-24 05:15:49,167][dowhy.causal_identifier.auto_identifier][WARNING] - No directed path from treatment to outcome. Causal Effect is zero.
[2026-04-24 05:15:49,167][dowhy.causal_model][INFO] - linear_regression
[2026-04-24 05:15:49,167][dowhy.causal_estimator][INFO] - INFO: Using Linear Regression Estimator
[2026-04-24 05:15:49,167][dowhy.causal_estimator][WARNING] - No directed path from ['X4'] to ['X5'].
[2026-04-24 05:15:49,169][dowhy.causal_model][INFO] - Model to find the causal effect of treatment ['X4'] on outcome ['X6']
[2026-04-24 05:15:49,170][dowhy.causal_identifier.auto_identifier][INFO] - Causal effect can be identified.
[2026-04-24 05:15:49,170][dowhy.causal_identifier.auto_identifier][INFO] - Instrumental variables for treatment and outcome:[]
[2026-04-24 05:15:49,171][dowhy.causal_identifier.auto_identifier][INFO] - Frontdoor variables for treatment and outcome:[]
[2026-04-24 05:15:49,171][dowhy.causal_model][INFO] - linear_regression
[2026-04-24 05:15:49,171][dowhy.causal_estimator][INFO] - INFO: Using Linear Regression Estimator
[2026-04-24 05:15:49,171][dowhy.causal_estimator][INFO] - b: X6~X4+X1
[2026-04-24 05:15:49,179][dowhy.causal_model][INFO] - Model to find the causal effect of treatment ['X4'] on outcome ['X7']
[2026-04-24 05:15:49,180][dowhy.causal_identifier.auto_identifier][INFO] - Causal effect can be identified.
[2026-04-24 05:15:49,181][dowhy.causal_identifier.auto_identifier][INFO] - Instrumental variables for treatment and outcome:['X1', 'X3']
[2026-04-24 05:15:49,181][dowhy.causal_identifier.auto_identifier][INFO] - Frontdoor variables for treatment and outcome:[]
[2026-04-24 05:15:49,181][dowhy.causal_model][INFO] - linear_regression
[2026-04-24 05:15:49,181][dowhy.causal_estimator][INFO] - INFO: Using Linear Regression Estimator
[2026-04-24 05:15:49,181][dowhy.causal_estimator][INFO] - b: X7~X4+X4*X2
[2026-04-24 05:15:49,221][dowhy.causal_model][INFO] - Model to find the causal effect of treatment ['X5'] on outcome ['X0']
[2026-04-24 05:15:49,221][dowhy.causal_identifier.auto_identifier][WARNING] - No directed path from treatment to outcome. Causal Effect is zero.
[2026-04-24 05:15:49,221][dowhy.causal_model][INFO] - linear_regression
[2026-04-24 05:15:49,221][dowhy.causal_estimator][INFO] - INFO: Using Linear Regression Estimator
[2026-04-24 05:15:49,221][dowhy.causal_estimator][WARNING] - No directed path from ['X5'] to ['X0'].
[2026-04-24 05:15:49,223][dowhy.causal_model][INFO] - Model to find the causal effect of treatment ['X5'] on outcome ['X1']
[2026-04-24 05:15:49,223][dowhy.causal_identifier.auto_identifier][WARNING] - No directed path from treatment to outcome. Causal Effect is zero.
[2026-04-24 05:15:49,223][dowhy.causal_model][INFO] - linear_regression
[2026-04-24 05:15:49,223][dowhy.causal_estimator][INFO] - INFO: Using Linear Regression Estimator
[2026-04-24 05:15:49,223][dowhy.causal_estimator][WARNING] - No directed path from ['X5'] to ['X1'].
[2026-04-24 05:15:49,225][dowhy.causal_model][INFO] - Model to find the causal effect of treatment ['X5'] on outcome ['X2']
[2026-04-24 05:15:49,225][dowhy.causal_identifier.auto_identifier][WARNING] - No directed path from treatment to outcome. Causal Effect is zero.
[2026-04-24 05:15:49,225][dowhy.causal_model][INFO] - linear_regression
[2026-04-24 05:15:49,225][dowhy.causal_estimator][INFO] - INFO: Using Linear Regression Estimator
[2026-04-24 05:15:49,225][dowhy.causal_estimator][WARNING] - No directed path from ['X5'] to ['X2'].
[2026-04-24 05:15:49,227][dowhy.causal_model][INFO] - Model to find the causal effect of treatment ['X5'] on outcome ['X3']
[2026-04-24 05:15:49,227][dowhy.causal_identifier.auto_identifier][WARNING] - No directed path from treatment to outcome. Causal Effect is zero.
[2026-04-24 05:15:49,227][dowhy.causal_model][INFO] - linear_regression
[2026-04-24 05:15:49,227][dowhy.causal_estimator][INFO] - INFO: Using Linear Regression Estimator
[2026-04-24 05:15:49,227][dowhy.causal_estimator][WARNING] - No directed path from ['X5'] to ['X3'].
[2026-04-24 05:15:49,228][dowhy.causal_model][INFO] - Model to find the causal effect of treatment ['X5'] on outcome ['X4']
[2026-04-24 05:15:49,228][dowhy.causal_identifier.auto_identifier][WARNING] - No directed path from treatment to outcome. Causal Effect is zero.
[2026-04-24 05:15:49,228][dowhy.causal_model][INFO] - linear_regression
[2026-04-24 05:15:49,229][dowhy.causal_estimator][INFO] - INFO: Using Linear Regression Estimator
[2026-04-24 05:15:49,229][dowhy.causal_estimator][WARNING] - No directed path from ['X5'] to ['X4'].
[2026-04-24 05:15:49,230][dowhy.causal_model][INFO] - Model to find the causal effect of treatment ['X5'] on outcome ['X6']
[2026-04-24 05:15:49,230][dowhy.causal_identifier.auto_identifier][WARNING] - No directed path from treatment to outcome. Causal Effect is zero.
[2026-04-24 05:15:49,230][dowhy.causal_model][INFO] - linear_regression
[2026-04-24 05:15:49,230][dowhy.causal_estimator][INFO] - INFO: Using Linear Regression Estimator
[2026-04-24 05:15:49,230][dowhy.causal_estimator][WARNING] - No directed path from ['X5'] to ['X6'].
[2026-04-24 05:15:49,232][dowhy.causal_model][INFO] - Model to find the causal effect of treatment ['X5'] on outcome ['X7']
[2026-04-24 05:15:49,232][dowhy.causal_identifier.auto_identifier][WARNING] - No directed path from treatment to outcome. Causal Effect is zero.
[2026-04-24 05:15:49,232][dowhy.causal_model][INFO] - linear_regression
[2026-04-24 05:15:49,232][dowhy.causal_estimator][INFO] - INFO: Using Linear Regression Estimator
[2026-04-24 05:15:49,232][dowhy.causal_estimator][WARNING] - No directed path from ['X5'] to ['X7'].
[2026-04-24 05:15:49,262][dowhy.causal_model][INFO] - Model to find the causal effect of treatment ['X6'] on outcome ['X0']
[2026-04-24 05:15:49,262][dowhy.causal_identifier.auto_identifier][WARNING] - No directed path from treatment to outcome. Causal Effect is zero.
[2026-04-24 05:15:49,262][dowhy.causal_model][INFO] - linear_regression
[2026-04-24 05:15:49,263][dowhy.causal_estimator][INFO] - INFO: Using Linear Regression Estimator
[2026-04-24 05:15:49,263][dowhy.causal_estimator][WARNING] - No directed path from ['X6'] to ['X0'].
[2026-04-24 05:15:49,264][dowhy.causal_model][INFO] - Model to find the causal effect of treatment ['X6'] on outcome ['X1']
[2026-04-24 05:15:49,264][dowhy.causal_identifier.auto_identifier][WARNING] - No directed path from treatment to outcome. Causal Effect is zero.
[2026-04-24 05:15:49,264][dowhy.causal_model][INFO] - linear_regression
[2026-04-24 05:15:49,264][dowhy.causal_estimator][INFO] - INFO: Using Linear Regression Estimator
[2026-04-24 05:15:49,264][dowhy.causal_estimator][WARNING] - No directed path from ['X6'] to ['X1'].
[2026-04-24 05:15:49,266][dowhy.causal_model][INFO] - Model to find the causal effect of treatment ['X6'] on outcome ['X2']
[2026-04-24 05:15:49,266][dowhy.causal_identifier.auto_identifier][WARNING] - No directed path from treatment to outcome. Causal Effect is zero.
[2026-04-24 05:15:49,266][dowhy.causal_model][INFO] - linear_regression
[2026-04-24 05:15:49,266][dowhy.causal_estimator][INFO] - INFO: Using Linear Regression Estimator
[2026-04-24 05:15:49,266][dowhy.causal_estimator][WARNING] - No directed path from ['X6'] to ['X2'].
[2026-04-24 05:15:49,268][dowhy.causal_model][INFO] - Model to find the causal effect of treatment ['X6'] on outcome ['X3']
[2026-04-24 05:15:49,268][dowhy.causal_identifier.auto_identifier][WARNING] - No directed path from treatment to outcome. Causal Effect is zero.
[2026-04-24 05:15:49,268][dowhy.causal_model][INFO] - linear_regression
[2026-04-24 05:15:49,268][dowhy.causal_estimator][INFO] - INFO: Using Linear Regression Estimator
[2026-04-24 05:15:49,268][dowhy.causal_estimator][WARNING] - No directed path from ['X6'] to ['X3'].
[2026-04-24 05:15:49,269][dowhy.causal_model][INFO] - Model to find the causal effect of treatment ['X6'] on outcome ['X4']
[2026-04-24 05:15:49,269][dowhy.causal_identifier.auto_identifier][WARNING] - No directed path from treatment to outcome. Causal Effect is zero.
[2026-04-24 05:15:49,269][dowhy.causal_model][INFO] - linear_regression
[2026-04-24 05:15:49,269][dowhy.causal_estimator][INFO] - INFO: Using Linear Regression Estimator
[2026-04-24 05:15:49,270][dowhy.causal_estimator][WARNING] - No directed path from ['X6'] to ['X4'].
[2026-04-24 05:15:49,271][dowhy.causal_model][INFO] - Model to find the causal effect of treatment ['X6'] on outcome ['X5']
[2026-04-24 05:15:49,271][dowhy.causal_identifier.auto_identifier][WARNING] - No directed path from treatment to outcome. Causal Effect is zero.
[2026-04-24 05:15:49,271][dowhy.causal_model][INFO] - linear_regression
[2026-04-24 05:15:49,271][dowhy.causal_estimator][INFO] - INFO: Using Linear Regression Estimator
[2026-04-24 05:15:49,271][dowhy.causal_estimator][WARNING] - No directed path from ['X6'] to ['X5'].
[2026-04-24 05:15:49,273][dowhy.causal_model][INFO] - Model to find the causal effect of treatment ['X6'] on outcome ['X7']
[2026-04-24 05:15:49,273][dowhy.causal_identifier.auto_identifier][WARNING] - No directed path from treatment to outcome. Causal Effect is zero.
[2026-04-24 05:15:49,273][dowhy.causal_model][INFO] - linear_regression
[2026-04-24 05:15:49,273][dowhy.causal_estimator][INFO] - INFO: Using Linear Regression Estimator
[2026-04-24 05:15:49,273][dowhy.causal_estimator][WARNING] - No directed path from ['X6'] to ['X7'].
[2026-04-24 05:15:49,307][dowhy.causal_model][INFO] - Model to find the causal effect of treatment ['X7'] on outcome ['X0']
[2026-04-24 05:15:49,307][dowhy.causal_identifier.auto_identifier][WARNING] - No directed path from treatment to outcome. Causal Effect is zero.
[2026-04-24 05:15:49,307][dowhy.causal_model][INFO] - linear_regression
[2026-04-24 05:15:49,307][dowhy.causal_estimator][INFO] - INFO: Using Linear Regression Estimator
[2026-04-24 05:15:49,307][dowhy.causal_estimator][WARNING] - No directed path from ['X7'] to ['X0'].
[2026-04-24 05:15:49,309][dowhy.causal_model][INFO] - Model to find the causal effect of treatment ['X7'] on outcome ['X1']
[2026-04-24 05:15:49,309][dowhy.causal_identifier.auto_identifier][WARNING] - No directed path from treatment to outcome. Causal Effect is zero.
[2026-04-24 05:15:49,309][dowhy.causal_model][INFO] - linear_regression
[2026-04-24 05:15:49,309][dowhy.causal_estimator][INFO] - INFO: Using Linear Regression Estimator
[2026-04-24 05:15:49,309][dowhy.causal_estimator][WARNING] - No directed path from ['X7'] to ['X1'].
[2026-04-24 05:15:49,311][dowhy.causal_model][INFO] - Model to find the causal effect of treatment ['X7'] on outcome ['X2']
[2026-04-24 05:15:49,311][dowhy.causal_identifier.auto_identifier][WARNING] - No directed path from treatment to outcome. Causal Effect is zero.
[2026-04-24 05:15:49,311][dowhy.causal_model][INFO] - linear_regression
[2026-04-24 05:15:49,311][dowhy.causal_estimator][INFO] - INFO: Using Linear Regression Estimator
[2026-04-24 05:15:49,311][dowhy.causal_estimator][WARNING] - No directed path from ['X7'] to ['X2'].
[2026-04-24 05:15:49,312][dowhy.causal_model][INFO] - Model to find the causal effect of treatment ['X7'] on outcome ['X3']
[2026-04-24 05:15:49,313][dowhy.causal_identifier.auto_identifier][WARNING] - No directed path from treatment to outcome. Causal Effect is zero.
[2026-04-24 05:15:49,313][dowhy.causal_model][INFO] - linear_regression
[2026-04-24 05:15:49,313][dowhy.causal_estimator][INFO] - INFO: Using Linear Regression Estimator
[2026-04-24 05:15:49,313][dowhy.causal_estimator][WARNING] - No directed path from ['X7'] to ['X3'].
[2026-04-24 05:15:49,314][dowhy.causal_model][INFO] - Model to find the causal effect of treatment ['X7'] on outcome ['X4']
[2026-04-24 05:15:49,314][dowhy.causal_identifier.auto_identifier][WARNING] - No directed path from treatment to outcome. Causal Effect is zero.
[2026-04-24 05:15:49,314][dowhy.causal_model][INFO] - linear_regression
[2026-04-24 05:15:49,314][dowhy.causal_estimator][INFO] - INFO: Using Linear Regression Estimator
[2026-04-24 05:15:49,314][dowhy.causal_estimator][WARNING] - No directed path from ['X7'] to ['X4'].
[2026-04-24 05:15:49,316][dowhy.causal_model][INFO] - Model to find the causal effect of treatment ['X7'] on outcome ['X5']
[2026-04-24 05:15:49,316][dowhy.causal_identifier.auto_identifier][WARNING] - No directed path from treatment to outcome. Causal Effect is zero.
[2026-04-24 05:15:49,316][dowhy.causal_model][INFO] - linear_regression
[2026-04-24 05:15:49,316][dowhy.causal_estimator][INFO] - INFO: Using Linear Regression Estimator
[2026-04-24 05:15:49,316][dowhy.causal_estimator][WARNING] - No directed path from ['X7'] to ['X5'].
[2026-04-24 05:15:49,318][dowhy.causal_model][INFO] - Model to find the causal effect of treatment ['X7'] on outcome ['X6']
[2026-04-24 05:15:49,318][dowhy.causal_identifier.auto_identifier][WARNING] - No directed path from treatment to outcome. Causal Effect is zero.
[2026-04-24 05:15:49,318][dowhy.causal_model][INFO] - linear_regression
[2026-04-24 05:15:49,318][dowhy.causal_estimator][INFO] - INFO: Using Linear Regression Estimator
[2026-04-24 05:15:49,318][dowhy.causal_estimator][WARNING] - No directed path from ['X7'] to ['X6'].
[2026-04-24 05:15:49,376][dowhy.causal_model][INFO] - Model to find the causal effect of treatment ['X0'] on outcome ['X1']
[2026-04-24 05:15:49,376][dowhy.causal_identifier.auto_identifier][WARNING] - No directed path from treatment to outcome. Causal Effect is zero.
[2026-04-24 05:15:49,377][dowhy.causal_model][INFO] - linear_regression
[2026-04-24 05:15:49,377][dowhy.causal_estimator][INFO] - INFO: Using Linear Regression Estimator
[2026-04-24 05:15:49,377][dowhy.causal_estimator][WARNING] - No directed path from ['X0'] to ['X1'].
[2026-04-24 05:15:49,378][dowhy.causal_model][INFO] - Model to find the causal effect of treatment ['X0'] on outcome ['X2']
[2026-04-24 05:15:49,378][dowhy.causal_identifier.auto_identifier][WARNING] - No directed path from treatment to outcome. Causal Effect is zero.
[2026-04-24 05:15:49,379][dowhy.causal_model][INFO] - linear_regression
[2026-04-24 05:15:49,379][dowhy.causal_estimator][INFO] - INFO: Using Linear Regression Estimator
[2026-04-24 05:15:49,379][dowhy.causal_estimator][WARNING] - No directed path from ['X0'] to ['X2'].
[2026-04-24 05:15:49,380][dowhy.causal_model][INFO] - Model to find the causal effect of treatment ['X0'] on outcome ['X3']
[2026-04-24 05:15:49,381][dowhy.causal_identifier.auto_identifier][INFO] - Causal effect can be identified.
[2026-04-24 05:15:49,381][dowhy.causal_identifier.auto_identifier][INFO] - Instrumental variables for treatment and outcome:[]
[2026-04-24 05:15:49,382][dowhy.causal_identifier.auto_identifier][INFO] - Frontdoor variables for treatment and outcome:[]
[2026-04-24 05:15:49,382][dowhy.causal_model][INFO] - linear_regression
[2026-04-24 05:15:49,382][dowhy.causal_estimator][INFO] - INFO: Using Linear Regression Estimator
[2026-04-24 05:15:49,382][dowhy.causal_estimator][INFO] - b: X3~X0+X0*X1
[2026-04-24 05:15:49,390][dowhy.causal_model][INFO] - Model to find the causal effect of treatment ['X0'] on outcome ['X4']
[2026-04-24 05:15:49,391][dowhy.causal_identifier.auto_identifier][INFO] - Causal effect can be identified.
[2026-04-24 05:15:49,391][dowhy.causal_identifier.auto_identifier][INFO] - Instrumental variables for treatment and outcome:[]
[2026-04-24 05:15:49,392][dowhy.causal_identifier.auto_identifier][INFO] - Frontdoor variables for treatment and outcome:[]
[2026-04-24 05:15:49,392][dowhy.causal_model][INFO] - linear_regression
[2026-04-24 05:15:49,392][dowhy.causal_estimator][INFO] - INFO: Using Linear Regression Estimator
[2026-04-24 05:15:49,392][dowhy.causal_estimator][INFO] - b: X4~X0+X0*X1
[2026-04-24 05:15:49,400][dowhy.causal_model][INFO] - Model to find the causal effect of treatment ['X0'] on outcome ['X5']
[2026-04-24 05:15:49,400][dowhy.causal_identifier.auto_identifier][INFO] - Causal effect can be identified.
[2026-04-24 05:15:49,401][dowhy.causal_identifier.auto_identifier][INFO] - Instrumental variables for treatment and outcome:[]
[2026-04-24 05:15:49,402][dowhy.causal_identifier.auto_identifier][INFO] - Frontdoor variables for treatment and outcome:[]
[2026-04-24 05:15:49,402][dowhy.causal_model][INFO] - linear_regression
[2026-04-24 05:15:49,402][dowhy.causal_estimator][INFO] - INFO: Using Linear Regression Estimator
[2026-04-24 05:15:49,402][dowhy.causal_estimator][INFO] - b: X5~X0+X0*X1
[2026-04-24 05:15:49,410][dowhy.causal_model][INFO] - Model to find the causal effect of treatment ['X0'] on outcome ['X6']
[2026-04-24 05:15:49,410][dowhy.causal_identifier.auto_identifier][INFO] - Causal effect can be identified.
[2026-04-24 05:15:49,411][dowhy.causal_identifier.auto_identifier][INFO] - Instrumental variables for treatment and outcome:[]
[2026-04-24 05:15:49,412][dowhy.causal_identifier.auto_identifier][INFO] - Frontdoor variables for treatment and outcome:[]
[2026-04-24 05:15:49,412][dowhy.causal_model][INFO] - linear_regression
[2026-04-24 05:15:49,412][dowhy.causal_estimator][INFO] - INFO: Using Linear Regression Estimator
[2026-04-24 05:15:49,412][dowhy.causal_estimator][INFO] - b: X6~X0+X0*X1
[2026-04-24 05:15:49,419][dowhy.causal_model][INFO] - Model to find the causal effect of treatment ['X0'] on outcome ['X7']
[2026-04-24 05:15:49,420][dowhy.causal_identifier.auto_identifier][INFO] - Causal effect can be identified.
[2026-04-24 05:15:49,421][dowhy.causal_identifier.auto_identifier][INFO] - Instrumental variables for treatment and outcome:[]
[2026-04-24 05:15:49,422][dowhy.causal_identifier.auto_identifier][INFO] - Frontdoor variables for treatment and outcome:['X4', 'X3', 'X5', 'X6']
[2026-04-24 05:15:49,423][dowhy.causal_identifier.auto_identifier][INFO] - Causal effect can be identified.
[2026-04-24 05:15:49,424][dowhy.causal_identifier.auto_identifier][INFO] - Causal effect can be identified.
[2026-04-24 05:15:49,424][dowhy.causal_model][INFO] - linear_regression
[2026-04-24 05:15:49,425][dowhy.causal_estimator][INFO] - INFO: Using Linear Regression Estimator
[2026-04-24 05:15:49,425][dowhy.causal_estimator][INFO] - b: X7~X0+X0*X1+X0*X2
[2026-04-24 05:15:49,466][dowhy.causal_model][INFO] - Model to find the causal effect of treatment ['X1'] on outcome ['X0']
[2026-04-24 05:15:49,466][dowhy.causal_identifier.auto_identifier][WARNING] - No directed path from treatment to outcome. Causal Effect is zero.
[2026-04-24 05:15:49,467][dowhy.causal_model][INFO] - linear_regression
[2026-04-24 05:15:49,467][dowhy.causal_estimator][INFO] - INFO: Using Linear Regression Estimator
[2026-04-24 05:15:49,467][dowhy.causal_estimator][WARNING] - No directed path from ['X1'] to ['X0'].
[2026-04-24 05:15:49,468][dowhy.causal_model][INFO] - Model to find the causal effect of treatment ['X1'] on outcome ['X2']
[2026-04-24 05:15:49,468][dowhy.causal_identifier.auto_identifier][WARNING] - No directed path from treatment to outcome. Causal Effect is zero.
[2026-04-24 05:15:49,468][dowhy.causal_model][INFO] - linear_regression
[2026-04-24 05:15:49,469][dowhy.causal_estimator][INFO] - INFO: Using Linear Regression Estimator
[2026-04-24 05:15:49,469][dowhy.causal_estimator][WARNING] - No directed path from ['X1'] to ['X2'].
[2026-04-24 05:15:49,470][dowhy.causal_model][INFO] - Model to find the causal effect of treatment ['X1'] on outcome ['X3']
[2026-04-24 05:15:49,471][dowhy.causal_identifier.auto_identifier][INFO] - Causal effect can be identified.
[2026-04-24 05:15:49,471][dowhy.causal_identifier.auto_identifier][INFO] - Instrumental variables for treatment and outcome:[]
[2026-04-24 05:15:49,471][dowhy.causal_identifier.auto_identifier][INFO] - Frontdoor variables for treatment and outcome:[]
[2026-04-24 05:15:49,471][dowhy.causal_model][INFO] - linear_regression
[2026-04-24 05:15:49,471][dowhy.causal_estimator][INFO] - INFO: Using Linear Regression Estimator
[2026-04-24 05:15:49,472][dowhy.causal_estimator][INFO] - b: X3~X1+X1*X0
[2026-04-24 05:15:49,479][dowhy.causal_model][INFO] - Model to find the causal effect of treatment ['X1'] on outcome ['X4']
[2026-04-24 05:15:49,479][dowhy.causal_identifier.auto_identifier][INFO] - Causal effect can be identified.
[2026-04-24 05:15:49,480][dowhy.causal_identifier.auto_identifier][INFO] - Instrumental variables for treatment and outcome:[]
[2026-04-24 05:15:49,480][dowhy.causal_identifier.auto_identifier][INFO] - Frontdoor variables for treatment and outcome:[]
[2026-04-24 05:15:49,480][dowhy.causal_model][INFO] - linear_regression
[2026-04-24 05:15:49,480][dowhy.causal_estimator][INFO] - INFO: Using Linear Regression Estimator
[2026-04-24 05:15:49,481][dowhy.causal_estimator][INFO] - b: X4~X1+X1*X0
[2026-04-24 05:15:49,488][dowhy.causal_model][INFO] - Model to find the causal effect of treatment ['X1'] on outcome ['X5']
[2026-04-24 05:15:49,488][dowhy.causal_identifier.auto_identifier][INFO] - Causal effect can be identified.
[2026-04-24 05:15:49,489][dowhy.causal_identifier.auto_identifier][INFO] - Instrumental variables for treatment and outcome:[]
[2026-04-24 05:15:49,490][dowhy.causal_identifier.auto_identifier][INFO] - Frontdoor variables for treatment and outcome:[]
[2026-04-24 05:15:49,490][dowhy.causal_model][INFO] - linear_regression
[2026-04-24 05:15:49,490][dowhy.causal_estimator][INFO] - INFO: Using Linear Regression Estimator
[2026-04-24 05:15:49,490][dowhy.causal_estimator][INFO] - b: X5~X1+X1*X0
[2026-04-24 05:15:49,497][dowhy.causal_model][INFO] - Model to find the causal effect of treatment ['X1'] on outcome ['X6']
[2026-04-24 05:15:49,498][dowhy.causal_identifier.auto_identifier][INFO] - Causal effect can be identified.
[2026-04-24 05:15:49,498][dowhy.causal_identifier.auto_identifier][INFO] - Instrumental variables for treatment and outcome:[]
[2026-04-24 05:15:49,499][dowhy.causal_identifier.auto_identifier][INFO] - Frontdoor variables for treatment and outcome:[]
[2026-04-24 05:15:49,500][dowhy.causal_model][INFO] - linear_regression
[2026-04-24 05:15:49,500][dowhy.causal_estimator][INFO] - INFO: Using Linear Regression Estimator
[2026-04-24 05:15:49,500][dowhy.causal_estimator][INFO] - b: X6~X1+X1*X0
[2026-04-24 05:15:49,507][dowhy.causal_model][INFO] - Model to find the causal effect of treatment ['X1'] on outcome ['X7']
[2026-04-24 05:15:49,508][dowhy.causal_identifier.auto_identifier][INFO] - Causal effect can be identified.
[2026-04-24 05:15:49,508][dowhy.causal_identifier.auto_identifier][INFO] - Instrumental variables for treatment and outcome:[]
[2026-04-24 05:15:49,509][dowhy.causal_identifier.auto_identifier][INFO] - Frontdoor variables for treatment and outcome:['X4', 'X3', 'X5', 'X6']
[2026-04-24 05:15:49,510][dowhy.causal_identifier.auto_identifier][INFO] - Causal effect can be identified.
[2026-04-24 05:15:49,511][dowhy.causal_identifier.auto_identifier][INFO] - Causal effect can be identified.
[2026-04-24 05:15:49,512][dowhy.causal_model][INFO] - linear_regression
[2026-04-24 05:15:49,512][dowhy.causal_estimator][INFO] - INFO: Using Linear Regression Estimator
[2026-04-24 05:15:49,512][dowhy.causal_estimator][INFO] - b: X7~X1+X1*X0+X1*X2
[2026-04-24 05:15:49,556][dowhy.causal_model][INFO] - Model to find the causal effect of treatment ['X2'] on outcome ['X0']
[2026-04-24 05:15:49,556][dowhy.causal_identifier.auto_identifier][WARNING] - No directed path from treatment to outcome. Causal Effect is zero.
[2026-04-24 05:15:49,556][dowhy.causal_model][INFO] - linear_regression
[2026-04-24 05:15:49,556][dowhy.causal_estimator][INFO] - INFO: Using Linear Regression Estimator
[2026-04-24 05:15:49,556][dowhy.causal_estimator][WARNING] - No directed path from ['X2'] to ['X0'].
[2026-04-24 05:15:49,558][dowhy.causal_model][INFO] - Model to find the causal effect of treatment ['X2'] on outcome ['X1']
[2026-04-24 05:15:49,558][dowhy.causal_identifier.auto_identifier][WARNING] - No directed path from treatment to outcome. Causal Effect is zero.
[2026-04-24 05:15:49,558][dowhy.causal_model][INFO] - linear_regression
[2026-04-24 05:15:49,558][dowhy.causal_estimator][INFO] - INFO: Using Linear Regression Estimator
[2026-04-24 05:15:49,558][dowhy.causal_estimator][WARNING] - No directed path from ['X2'] to ['X1'].
[2026-04-24 05:15:49,560][dowhy.causal_model][INFO] - Model to find the causal effect of treatment ['X2'] on outcome ['X3']
[2026-04-24 05:15:49,560][dowhy.causal_identifier.auto_identifier][WARNING] - No directed path from treatment to outcome. Causal Effect is zero.
[2026-04-24 05:15:49,560][dowhy.causal_model][INFO] - linear_regression
[2026-04-24 05:15:49,560][dowhy.causal_estimator][INFO] - INFO: Using Linear Regression Estimator
[2026-04-24 05:15:49,560][dowhy.causal_estimator][WARNING] - No directed path from ['X2'] to ['X3'].
[2026-04-24 05:15:49,562][dowhy.causal_model][INFO] - Model to find the causal effect of treatment ['X2'] on outcome ['X4']
[2026-04-24 05:15:49,562][dowhy.causal_identifier.auto_identifier][WARNING] - No directed path from treatment to outcome. Causal Effect is zero.
[2026-04-24 05:15:49,562][dowhy.causal_model][INFO] - linear_regression
[2026-04-24 05:15:49,562][dowhy.causal_estimator][INFO] - INFO: Using Linear Regression Estimator
[2026-04-24 05:15:49,562][dowhy.causal_estimator][WARNING] - No directed path from ['X2'] to ['X4'].
[2026-04-24 05:15:49,564][dowhy.causal_model][INFO] - Model to find the causal effect of treatment ['X2'] on outcome ['X5']
[2026-04-24 05:15:49,564][dowhy.causal_identifier.auto_identifier][WARNING] - No directed path from treatment to outcome. Causal Effect is zero.
[2026-04-24 05:15:49,564][dowhy.causal_model][INFO] - linear_regression
[2026-04-24 05:15:49,564][dowhy.causal_estimator][INFO] - INFO: Using Linear Regression Estimator
[2026-04-24 05:15:49,564][dowhy.causal_estimator][WARNING] - No directed path from ['X2'] to ['X5'].
[2026-04-24 05:15:49,566][dowhy.causal_model][INFO] - Model to find the causal effect of treatment ['X2'] on outcome ['X6']
[2026-04-24 05:15:49,566][dowhy.causal_identifier.auto_identifier][WARNING] - No directed path from treatment to outcome. Causal Effect is zero.
[2026-04-24 05:15:49,566][dowhy.causal_model][INFO] - linear_regression
[2026-04-24 05:15:49,566][dowhy.causal_estimator][INFO] - INFO: Using Linear Regression Estimator
[2026-04-24 05:15:49,566][dowhy.causal_estimator][WARNING] - No directed path from ['X2'] to ['X6'].
[2026-04-24 05:15:49,568][dowhy.causal_model][INFO] - Model to find the causal effect of treatment ['X2'] on outcome ['X7']
[2026-04-24 05:15:49,569][dowhy.causal_identifier.auto_identifier][INFO] - Causal effect can be identified.
[2026-04-24 05:15:49,570][dowhy.causal_identifier.auto_identifier][INFO] - Instrumental variables for treatment and outcome:[]
[2026-04-24 05:15:49,570][dowhy.causal_identifier.auto_identifier][INFO] - Frontdoor variables for treatment and outcome:[]
[2026-04-24 05:15:49,570][dowhy.causal_model][INFO] - linear_regression
[2026-04-24 05:15:49,571][dowhy.causal_estimator][INFO] - INFO: Using Linear Regression Estimator
[2026-04-24 05:15:49,571][dowhy.causal_estimator][INFO] - b: X7~X2+X2*X1+X2*X0+X2*X3+X2*X4
[2026-04-24 05:15:49,616][dowhy.causal_model][INFO] - Model to find the causal effect of treatment ['X3'] on outcome ['X0']
[2026-04-24 05:15:49,616][dowhy.causal_identifier.auto_identifier][WARNING] - No directed path from treatment to outcome. Causal Effect is zero.
[2026-04-24 05:15:49,616][dowhy.causal_model][INFO] - linear_regression
[2026-04-24 05:15:49,616][dowhy.causal_estimator][INFO] - INFO: Using Linear Regression Estimator
[2026-04-24 05:15:49,616][dowhy.causal_estimator][WARNING] - No directed path from ['X3'] to ['X0'].
[2026-04-24 05:15:49,618][dowhy.causal_model][INFO] - Model to find the causal effect of treatment ['X3'] on outcome ['X1']
[2026-04-24 05:15:49,618][dowhy.causal_identifier.auto_identifier][WARNING] - No directed path from treatment to outcome. Causal Effect is zero.
[2026-04-24 05:15:49,618][dowhy.causal_model][INFO] - linear_regression
[2026-04-24 05:15:49,618][dowhy.causal_estimator][INFO] - INFO: Using Linear Regression Estimator
[2026-04-24 05:15:49,618][dowhy.causal_estimator][WARNING] - No directed path from ['X3'] to ['X1'].
[2026-04-24 05:15:49,620][dowhy.causal_model][INFO] - Model to find the causal effect of treatment ['X3'] on outcome ['X2']
[2026-04-24 05:15:49,620][dowhy.causal_identifier.auto_identifier][WARNING] - No directed path from treatment to outcome. Causal Effect is zero.
[2026-04-24 05:15:49,620][dowhy.causal_model][INFO] - linear_regression
[2026-04-24 05:15:49,620][dowhy.causal_estimator][INFO] - INFO: Using Linear Regression Estimator
[2026-04-24 05:15:49,620][dowhy.causal_estimator][WARNING] - No directed path from ['X3'] to ['X2'].
[2026-04-24 05:15:49,622][dowhy.causal_model][INFO] - Model to find the causal effect of treatment ['X3'] on outcome ['X4']
[2026-04-24 05:15:49,623][dowhy.causal_identifier.auto_identifier][INFO] - Causal effect can be identified.
[2026-04-24 05:15:49,623][dowhy.causal_identifier.auto_identifier][INFO] - Instrumental variables for treatment and outcome:['X0']
[2026-04-24 05:15:49,623][dowhy.causal_identifier.auto_identifier][INFO] - Frontdoor variables for treatment and outcome:[]
[2026-04-24 05:15:49,623][dowhy.causal_model][INFO] - linear_regression
[2026-04-24 05:15:49,624][dowhy.causal_estimator][INFO] - INFO: Using Linear Regression Estimator
[2026-04-24 05:15:49,624][dowhy.causal_estimator][INFO] - b: X4~X3+X1
[2026-04-24 05:15:49,632][dowhy.causal_model][INFO] - Model to find the causal effect of treatment ['X3'] on outcome ['X5']
[2026-04-24 05:15:49,632][dowhy.causal_identifier.auto_identifier][INFO] - Causal effect can be identified.
[2026-04-24 05:15:49,633][dowhy.causal_identifier.auto_identifier][INFO] - Instrumental variables for treatment and outcome:['X1']
[2026-04-24 05:15:49,634][dowhy.causal_identifier.auto_identifier][INFO] - Frontdoor variables for treatment and outcome:[]
[2026-04-24 05:15:49,634][dowhy.causal_model][INFO] - linear_regression
[2026-04-24 05:15:49,634][dowhy.causal_estimator][INFO] - INFO: Using Linear Regression Estimator
[2026-04-24 05:15:49,634][dowhy.causal_estimator][INFO] - b: X5~X3+X0
[2026-04-24 05:15:49,641][dowhy.causal_model][INFO] - Model to find the causal effect of treatment ['X3'] on outcome ['X6']
[2026-04-24 05:15:49,642][dowhy.causal_identifier.auto_identifier][INFO] - Causal effect can be identified.
[2026-04-24 05:15:49,643][dowhy.causal_identifier.auto_identifier][INFO] - Instrumental variables for treatment and outcome:['X0']
[2026-04-24 05:15:49,643][dowhy.causal_identifier.auto_identifier][INFO] - Frontdoor variables for treatment and outcome:[]
[2026-04-24 05:15:49,643][dowhy.causal_model][INFO] - linear_regression
[2026-04-24 05:15:49,643][dowhy.causal_estimator][INFO] - INFO: Using Linear Regression Estimator
[2026-04-24 05:15:49,644][dowhy.causal_estimator][INFO] - b: X6~X3+X1
[2026-04-24 05:15:49,651][dowhy.causal_model][INFO] - Model to find the causal effect of treatment ['X3'] on outcome ['X7']
[2026-04-24 05:15:49,652][dowhy.causal_identifier.auto_identifier][INFO] - Causal effect can be identified.
[2026-04-24 05:15:49,652][dowhy.causal_identifier.auto_identifier][INFO] - Instrumental variables for treatment and outcome:['X0']
[2026-04-24 05:15:49,653][dowhy.causal_identifier.auto_identifier][INFO] - Frontdoor variables for treatment and outcome:[]
[2026-04-24 05:15:49,653][dowhy.causal_model][INFO] - linear_regression
[2026-04-24 05:15:49,653][dowhy.causal_estimator][INFO] - INFO: Using Linear Regression Estimator
[2026-04-24 05:15:49,654][dowhy.causal_estimator][INFO] - b: X7~X3+X1+X3*X2
[2026-04-24 05:15:49,696][dowhy.causal_model][INFO] - Model to find the causal effect of treatment ['X4'] on outcome ['X0']
[2026-04-24 05:15:49,696][dowhy.causal_identifier.auto_identifier][WARNING] - No directed path from treatment to outcome. Causal Effect is zero.
[2026-04-24 05:15:49,696][dowhy.causal_model][INFO] - linear_regression
[2026-04-24 05:15:49,696][dowhy.causal_estimator][INFO] - INFO: Using Linear Regression Estimator
[2026-04-24 05:15:49,696][dowhy.causal_estimator][WARNING] - No directed path from ['X4'] to ['X0'].
[2026-04-24 05:15:49,698][dowhy.causal_model][INFO] - Model to find the causal effect of treatment ['X4'] on outcome ['X1']
[2026-04-24 05:15:49,698][dowhy.causal_identifier.auto_identifier][WARNING] - No directed path from treatment to outcome. Causal Effect is zero.
[2026-04-24 05:15:49,698][dowhy.causal_model][INFO] - linear_regression
[2026-04-24 05:15:49,698][dowhy.causal_estimator][INFO] - INFO: Using Linear Regression Estimator
[2026-04-24 05:15:49,698][dowhy.causal_estimator][WARNING] - No directed path from ['X4'] to ['X1'].
[2026-04-24 05:15:49,699][dowhy.causal_model][INFO] - Model to find the causal effect of treatment ['X4'] on outcome ['X2']
[2026-04-24 05:15:49,700][dowhy.causal_identifier.auto_identifier][WARNING] - No directed path from treatment to outcome. Causal Effect is zero.
[2026-04-24 05:15:49,700][dowhy.causal_model][INFO] - linear_regression
[2026-04-24 05:15:49,700][dowhy.causal_estimator][INFO] - INFO: Using Linear Regression Estimator
[2026-04-24 05:15:49,700][dowhy.causal_estimator][WARNING] - No directed path from ['X4'] to ['X2'].
[2026-04-24 05:15:49,701][dowhy.causal_model][INFO] - Model to find the causal effect of treatment ['X4'] on outcome ['X3']
[2026-04-24 05:15:49,701][dowhy.causal_identifier.auto_identifier][WARNING] - No directed path from treatment to outcome. Causal Effect is zero.
[2026-04-24 05:15:49,701][dowhy.causal_model][INFO] - linear_regression
[2026-04-24 05:15:49,701][dowhy.causal_estimator][INFO] - INFO: Using Linear Regression Estimator
[2026-04-24 05:15:49,701][dowhy.causal_estimator][WARNING] - No directed path from ['X4'] to ['X3'].
[2026-04-24 05:15:49,703][dowhy.causal_model][INFO] - Model to find the causal effect of treatment ['X4'] on outcome ['X5']
[2026-04-24 05:15:49,703][dowhy.causal_identifier.auto_identifier][WARNING] - No directed path from treatment to outcome. Causal Effect is zero.
[2026-04-24 05:15:49,703][dowhy.causal_model][INFO] - linear_regression
[2026-04-24 05:15:49,703][dowhy.causal_estimator][INFO] - INFO: Using Linear Regression Estimator
[2026-04-24 05:15:49,703][dowhy.causal_estimator][WARNING] - No directed path from ['X4'] to ['X5'].
[2026-04-24 05:15:49,705][dowhy.causal_model][INFO] - Model to find the causal effect of treatment ['X4'] on outcome ['X6']
[2026-04-24 05:15:49,706][dowhy.causal_identifier.auto_identifier][INFO] - Causal effect can be identified.
[2026-04-24 05:15:49,706][dowhy.causal_identifier.auto_identifier][INFO] - Instrumental variables for treatment and outcome:[]
[2026-04-24 05:15:49,706][dowhy.causal_identifier.auto_identifier][INFO] - Frontdoor variables for treatment and outcome:[]
[2026-04-24 05:15:49,706][dowhy.causal_model][INFO] - linear_regression
[2026-04-24 05:15:49,707][dowhy.causal_estimator][INFO] - INFO: Using Linear Regression Estimator
[2026-04-24 05:15:49,707][dowhy.causal_estimator][INFO] - b: X6~X4+X1
[2026-04-24 05:15:49,714][dowhy.causal_model][INFO] - Model to find the causal effect of treatment ['X4'] on outcome ['X7']
[2026-04-24 05:15:49,715][dowhy.causal_identifier.auto_identifier][INFO] - Causal effect can be identified.
[2026-04-24 05:15:49,716][dowhy.causal_identifier.auto_identifier][INFO] - Instrumental variables for treatment and outcome:['X1', 'X3']
[2026-04-24 05:15:49,717][dowhy.causal_identifier.auto_identifier][INFO] - Frontdoor variables for treatment and outcome:[]
[2026-04-24 05:15:49,717][dowhy.causal_model][INFO] - linear_regression
[2026-04-24 05:15:49,717][dowhy.causal_estimator][INFO] - INFO: Using Linear Regression Estimator
[2026-04-24 05:15:49,717][dowhy.causal_estimator][INFO] - b: X7~X4+X4*X2
[2026-04-24 05:15:49,762][dowhy.causal_model][INFO] - Model to find the causal effect of treatment ['X5'] on outcome ['X0']
[2026-04-24 05:15:49,762][dowhy.causal_identifier.auto_identifier][WARNING] - No directed path from treatment to outcome. Causal Effect is zero.
[2026-04-24 05:15:49,762][dowhy.causal_model][INFO] - linear_regression
[2026-04-24 05:15:49,762][dowhy.causal_estimator][INFO] - INFO: Using Linear Regression Estimator
[2026-04-24 05:15:49,762][dowhy.causal_estimator][WARNING] - No directed path from ['X5'] to ['X0'].
[2026-04-24 05:15:49,764][dowhy.causal_model][INFO] - Model to find the causal effect of treatment ['X5'] on outcome ['X1']
[2026-04-24 05:15:49,764][dowhy.causal_identifier.auto_identifier][WARNING] - No directed path from treatment to outcome. Causal Effect is zero.
[2026-04-24 05:15:49,764][dowhy.causal_model][INFO] - linear_regression
[2026-04-24 05:15:49,764][dowhy.causal_estimator][INFO] - INFO: Using Linear Regression Estimator
[2026-04-24 05:15:49,764][dowhy.causal_estimator][WARNING] - No directed path from ['X5'] to ['X1'].
[2026-04-24 05:15:49,766][dowhy.causal_model][INFO] - Model to find the causal effect of treatment ['X5'] on outcome ['X2']
[2026-04-24 05:15:49,766][dowhy.causal_identifier.auto_identifier][WARNING] - No directed path from treatment to outcome. Causal Effect is zero.
[2026-04-24 05:15:49,766][dowhy.causal_model][INFO] - linear_regression
[2026-04-24 05:15:49,766][dowhy.causal_estimator][INFO] - INFO: Using Linear Regression Estimator
[2026-04-24 05:15:49,766][dowhy.causal_estimator][WARNING] - No directed path from ['X5'] to ['X2'].
[2026-04-24 05:15:49,768][dowhy.causal_model][INFO] - Model to find the causal effect of treatment ['X5'] on outcome ['X3']
[2026-04-24 05:15:49,768][dowhy.causal_identifier.auto_identifier][WARNING] - No directed path from treatment to outcome. Causal Effect is zero.
[2026-04-24 05:15:49,768][dowhy.causal_model][INFO] - linear_regression
[2026-04-24 05:15:49,768][dowhy.causal_estimator][INFO] - INFO: Using Linear Regression Estimator
[2026-04-24 05:15:49,768][dowhy.causal_estimator][WARNING] - No directed path from ['X5'] to ['X3'].
[2026-04-24 05:15:49,769][dowhy.causal_model][INFO] - Model to find the causal effect of treatment ['X5'] on outcome ['X4']
[2026-04-24 05:15:49,769][dowhy.causal_identifier.auto_identifier][WARNING] - No directed path from treatment to outcome. Causal Effect is zero.
[2026-04-24 05:15:49,770][dowhy.causal_model][INFO] - linear_regression
[2026-04-24 05:15:49,770][dowhy.causal_estimator][INFO] - INFO: Using Linear Regression Estimator
[2026-04-24 05:15:49,770][dowhy.causal_estimator][WARNING] - No directed path from ['X5'] to ['X4'].
[2026-04-24 05:15:49,771][dowhy.causal_model][INFO] - Model to find the causal effect of treatment ['X5'] on outcome ['X6']
[2026-04-24 05:15:49,771][dowhy.causal_identifier.auto_identifier][WARNING] - No directed path from treatment to outcome. Causal Effect is zero.
[2026-04-24 05:15:49,771][dowhy.causal_model][INFO] - linear_regression
[2026-04-24 05:15:49,772][dowhy.causal_estimator][INFO] - INFO: Using Linear Regression Estimator
[2026-04-24 05:15:49,772][dowhy.causal_estimator][WARNING] - No directed path from ['X5'] to ['X6'].
[2026-04-24 05:15:49,773][dowhy.causal_model][INFO] - Model to find the causal effect of treatment ['X5'] on outcome ['X7']
[2026-04-24 05:15:49,773][dowhy.causal_identifier.auto_identifier][WARNING] - No directed path from treatment to outcome. Causal Effect is zero.
[2026-04-24 05:15:49,773][dowhy.causal_model][INFO] - linear_regression
[2026-04-24 05:15:49,773][dowhy.causal_estimator][INFO] - INFO: Using Linear Regression Estimator
[2026-04-24 05:15:49,773][dowhy.causal_estimator][WARNING] - No directed path from ['X5'] to ['X7'].
[2026-04-24 05:15:49,814][dowhy.causal_model][INFO] - Model to find the causal effect of treatment ['X6'] on outcome ['X0']
[2026-04-24 05:15:49,814][dowhy.causal_identifier.auto_identifier][WARNING] - No directed path from treatment to outcome. Causal Effect is zero.
[2026-04-24 05:15:49,814][dowhy.causal_model][INFO] - linear_regression
[2026-04-24 05:15:49,814][dowhy.causal_estimator][INFO] - INFO: Using Linear Regression Estimator
[2026-04-24 05:15:49,814][dowhy.causal_estimator][WARNING] - No directed path from ['X6'] to ['X0'].
[2026-04-24 05:15:49,816][dowhy.causal_model][INFO] - Model to find the causal effect of treatment ['X6'] on outcome ['X1']
[2026-04-24 05:15:49,816][dowhy.causal_identifier.auto_identifier][WARNING] - No directed path from treatment to outcome. Causal Effect is zero.
[2026-04-24 05:15:49,816][dowhy.causal_model][INFO] - linear_regression
[2026-04-24 05:15:49,816][dowhy.causal_estimator][INFO] - INFO: Using Linear Regression Estimator
[2026-04-24 05:15:49,816][dowhy.causal_estimator][WARNING] - No directed path from ['X6'] to ['X1'].
[2026-04-24 05:15:49,818][dowhy.causal_model][INFO] - Model to find the causal effect of treatment ['X6'] on outcome ['X2']
[2026-04-24 05:15:49,818][dowhy.causal_identifier.auto_identifier][WARNING] - No directed path from treatment to outcome. Causal Effect is zero.
[2026-04-24 05:15:49,818][dowhy.causal_model][INFO] - linear_regression
[2026-04-24 05:15:49,818][dowhy.causal_estimator][INFO] - INFO: Using Linear Regression Estimator
[2026-04-24 05:15:49,818][dowhy.causal_estimator][WARNING] - No directed path from ['X6'] to ['X2'].
[2026-04-24 05:15:49,820][dowhy.causal_model][INFO] - Model to find the causal effect of treatment ['X6'] on outcome ['X3']
[2026-04-24 05:15:49,820][dowhy.causal_identifier.auto_identifier][WARNING] - No directed path from treatment to outcome. Causal Effect is zero.
[2026-04-24 05:15:49,820][dowhy.causal_model][INFO] - linear_regression
[2026-04-24 05:15:49,820][dowhy.causal_estimator][INFO] - INFO: Using Linear Regression Estimator
[2026-04-24 05:15:49,820][dowhy.causal_estimator][WARNING] - No directed path from ['X6'] to ['X3'].
[2026-04-24 05:15:49,822][dowhy.causal_model][INFO] - Model to find the causal effect of treatment ['X6'] on outcome ['X4']
[2026-04-24 05:15:49,822][dowhy.causal_identifier.auto_identifier][WARNING] - No directed path from treatment to outcome. Causal Effect is zero.
[2026-04-24 05:15:49,822][dowhy.causal_model][INFO] - linear_regression
[2026-04-24 05:15:49,822][dowhy.causal_estimator][INFO] - INFO: Using Linear Regression Estimator
[2026-04-24 05:15:49,822][dowhy.causal_estimator][WARNING] - No directed path from ['X6'] to ['X4'].
[2026-04-24 05:15:49,823][dowhy.causal_model][INFO] - Model to find the causal effect of treatment ['X6'] on outcome ['X5']
[2026-04-24 05:15:49,823][dowhy.causal_identifier.auto_identifier][WARNING] - No directed path from treatment to outcome. Causal Effect is zero.
[2026-04-24 05:15:49,824][dowhy.causal_model][INFO] - linear_regression
[2026-04-24 05:15:49,824][dowhy.causal_estimator][INFO] - INFO: Using Linear Regression Estimator
[2026-04-24 05:15:49,824][dowhy.causal_estimator][WARNING] - No directed path from ['X6'] to ['X5'].
[2026-04-24 05:15:49,825][dowhy.causal_model][INFO] - Model to find the causal effect of treatment ['X6'] on outcome ['X7']
[2026-04-24 05:15:49,825][dowhy.causal_identifier.auto_identifier][WARNING] - No directed path from treatment to outcome. Causal Effect is zero.
[2026-04-24 05:15:49,826][dowhy.causal_model][INFO] - linear_regression
[2026-04-24 05:15:49,826][dowhy.causal_estimator][INFO] - INFO: Using Linear Regression Estimator
[2026-04-24 05:15:49,826][dowhy.causal_estimator][WARNING] - No directed path from ['X6'] to ['X7'].
[2026-04-24 05:15:49,861][dowhy.causal_model][INFO] - Model to find the causal effect of treatment ['X7'] on outcome ['X0']
[2026-04-24 05:15:49,861][dowhy.causal_identifier.auto_identifier][WARNING] - No directed path from treatment to outcome. Causal Effect is zero.
[2026-04-24 05:15:49,861][dowhy.causal_model][INFO] - linear_regression
[2026-04-24 05:15:49,861][dowhy.causal_estimator][INFO] - INFO: Using Linear Regression Estimator
[2026-04-24 05:15:49,861][dowhy.causal_estimator][WARNING] - No directed path from ['X7'] to ['X0'].
[2026-04-24 05:15:49,863][dowhy.causal_model][INFO] - Model to find the causal effect of treatment ['X7'] on outcome ['X1']
[2026-04-24 05:15:49,863][dowhy.causal_identifier.auto_identifier][WARNING] - No directed path from treatment to outcome. Causal Effect is zero.
[2026-04-24 05:15:49,863][dowhy.causal_model][INFO] - linear_regression
[2026-04-24 05:15:49,863][dowhy.causal_estimator][INFO] - INFO: Using Linear Regression Estimator
[2026-04-24 05:15:49,863][dowhy.causal_estimator][WARNING] - No directed path from ['X7'] to ['X1'].
[2026-04-24 05:15:49,864][dowhy.causal_model][INFO] - Model to find the causal effect of treatment ['X7'] on outcome ['X2']
[2026-04-24 05:15:49,865][dowhy.causal_identifier.auto_identifier][WARNING] - No directed path from treatment to outcome. Causal Effect is zero.
[2026-04-24 05:15:49,865][dowhy.causal_model][INFO] - linear_regression
[2026-04-24 05:15:49,865][dowhy.causal_estimator][INFO] - INFO: Using Linear Regression Estimator
[2026-04-24 05:15:49,865][dowhy.causal_estimator][WARNING] - No directed path from ['X7'] to ['X2'].
[2026-04-24 05:15:49,866][dowhy.causal_model][INFO] - Model to find the causal effect of treatment ['X7'] on outcome ['X3']
[2026-04-24 05:15:49,866][dowhy.causal_identifier.auto_identifier][WARNING] - No directed path from treatment to outcome. Causal Effect is zero.
[2026-04-24 05:15:49,866][dowhy.causal_model][INFO] - linear_regression
[2026-04-24 05:15:49,866][dowhy.causal_estimator][INFO] - INFO: Using Linear Regression Estimator
[2026-04-24 05:15:49,866][dowhy.causal_estimator][WARNING] - No directed path from ['X7'] to ['X3'].
[2026-04-24 05:15:49,868][dowhy.causal_model][INFO] - Model to find the causal effect of treatment ['X7'] on outcome ['X4']
[2026-04-24 05:15:49,868][dowhy.causal_identifier.auto_identifier][WARNING] - No directed path from treatment to outcome. Causal Effect is zero.
[2026-04-24 05:15:49,868][dowhy.causal_model][INFO] - linear_regression
[2026-04-24 05:15:49,868][dowhy.causal_estimator][INFO] - INFO: Using Linear Regression Estimator
[2026-04-24 05:15:49,868][dowhy.causal_estimator][WARNING] - No directed path from ['X7'] to ['X4'].
[2026-04-24 05:15:49,870][dowhy.causal_model][INFO] - Model to find the causal effect of treatment ['X7'] on outcome ['X5']
[2026-04-24 05:15:49,870][dowhy.causal_identifier.auto_identifier][WARNING] - No directed path from treatment to outcome. Causal Effect is zero.
[2026-04-24 05:15:49,870][dowhy.causal_model][INFO] - linear_regression
[2026-04-24 05:15:49,870][dowhy.causal_estimator][INFO] - INFO: Using Linear Regression Estimator
[2026-04-24 05:15:49,870][dowhy.causal_estimator][WARNING] - No directed path from ['X7'] to ['X5'].
[2026-04-24 05:15:49,871][dowhy.causal_model][INFO] - Model to find the causal effect of treatment ['X7'] on outcome ['X6']
[2026-04-24 05:15:49,871][dowhy.causal_identifier.auto_identifier][WARNING] - No directed path from treatment to outcome. Causal Effect is zero.
[2026-04-24 05:15:49,871][dowhy.causal_model][INFO] - linear_regression
[2026-04-24 05:15:49,872][dowhy.causal_estimator][INFO] - INFO: Using Linear Regression Estimator
[2026-04-24 05:15:49,872][dowhy.causal_estimator][WARNING] - No directed path from ['X7'] to ['X6'].
[2026-04-24 05:15:49,921][dowhy.causal_model][INFO] - Model to find the causal effect of treatment ['X0'] on outcome ['X1']
[2026-04-24 05:15:49,921][dowhy.causal_identifier.auto_identifier][WARNING] - No directed path from treatment to outcome. Causal Effect is zero.
[2026-04-24 05:15:49,921][dowhy.causal_model][INFO] - linear_regression
[2026-04-24 05:15:49,921][dowhy.causal_estimator][INFO] - INFO: Using Linear Regression Estimator
[2026-04-24 05:15:49,921][dowhy.causal_estimator][WARNING] - No directed path from ['X0'] to ['X1'].
[2026-04-24 05:15:49,923][dowhy.causal_model][INFO] - Model to find the causal effect of treatment ['X0'] on outcome ['X2']
[2026-04-24 05:15:49,923][dowhy.causal_identifier.auto_identifier][WARNING] - No directed path from treatment to outcome. Causal Effect is zero.
[2026-04-24 05:15:49,923][dowhy.causal_model][INFO] - linear_regression
[2026-04-24 05:15:49,923][dowhy.causal_estimator][INFO] - INFO: Using Linear Regression Estimator
[2026-04-24 05:15:49,923][dowhy.causal_estimator][WARNING] - No directed path from ['X0'] to ['X2'].
[2026-04-24 05:15:49,924][dowhy.causal_model][INFO] - Model to find the causal effect of treatment ['X0'] on outcome ['X3']
[2026-04-24 05:15:49,925][dowhy.causal_identifier.auto_identifier][INFO] - Causal effect can be identified.
[2026-04-24 05:15:49,926][dowhy.causal_identifier.auto_identifier][INFO] - Instrumental variables for treatment and outcome:[]
[2026-04-24 05:15:49,926][dowhy.causal_identifier.auto_identifier][INFO] - Frontdoor variables for treatment and outcome:[]
[2026-04-24 05:15:49,926][dowhy.causal_model][INFO] - linear_regression
[2026-04-24 05:15:49,926][dowhy.causal_estimator][INFO] - INFO: Using Linear Regression Estimator
[2026-04-24 05:15:49,926][dowhy.causal_estimator][INFO] - b: X3~X0+X0*X1
[2026-04-24 05:15:49,934][dowhy.causal_model][INFO] - Model to find the causal effect of treatment ['X0'] on outcome ['X4']
[2026-04-24 05:15:49,934][dowhy.causal_identifier.auto_identifier][INFO] - Causal effect can be identified.
[2026-04-24 05:15:49,934][dowhy.causal_identifier.auto_identifier][INFO] - Instrumental variables for treatment and outcome:[]
[2026-04-24 05:15:49,935][dowhy.causal_identifier.auto_identifier][INFO] - Frontdoor variables for treatment and outcome:[]
[2026-04-24 05:15:49,935][dowhy.causal_model][INFO] - linear_regression
[2026-04-24 05:15:49,935][dowhy.causal_estimator][INFO] - INFO: Using Linear Regression Estimator
[2026-04-24 05:15:49,935][dowhy.causal_estimator][INFO] - b: X4~X0+X0*X1
[2026-04-24 05:15:49,942][dowhy.causal_model][INFO] - Model to find the causal effect of treatment ['X0'] on outcome ['X5']
[2026-04-24 05:15:49,943][dowhy.causal_identifier.auto_identifier][INFO] - Causal effect can be identified.
[2026-04-24 05:15:49,943][dowhy.causal_identifier.auto_identifier][INFO] - Instrumental variables for treatment and outcome:[]
[2026-04-24 05:15:49,945][dowhy.causal_identifier.auto_identifier][INFO] - Frontdoor variables for treatment and outcome:[]
[2026-04-24 05:15:49,945][dowhy.causal_model][INFO] - linear_regression
[2026-04-24 05:15:49,945][dowhy.causal_estimator][INFO] - INFO: Using Linear Regression Estimator
[2026-04-24 05:15:49,945][dowhy.causal_estimator][INFO] - b: X5~X0+X0*X1
[2026-04-24 05:15:49,952][dowhy.causal_model][INFO] - Model to find the causal effect of treatment ['X0'] on outcome ['X6']
[2026-04-24 05:15:49,953][dowhy.causal_identifier.auto_identifier][INFO] - Causal effect can be identified.
[2026-04-24 05:15:49,953][dowhy.causal_identifier.auto_identifier][INFO] - Instrumental variables for treatment and outcome:[]
[2026-04-24 05:15:49,954][dowhy.causal_identifier.auto_identifier][INFO] - Frontdoor variables for treatment and outcome:[]
[2026-04-24 05:15:49,954][dowhy.causal_model][INFO] - linear_regression
[2026-04-24 05:15:49,954][dowhy.causal_estimator][INFO] - INFO: Using Linear Regression Estimator
[2026-04-24 05:15:49,955][dowhy.causal_estimator][INFO] - b: X6~X0+X0*X1
[2026-04-24 05:15:49,962][dowhy.causal_model][INFO] - Model to find the causal effect of treatment ['X0'] on outcome ['X7']
[2026-04-24 05:15:49,962][dowhy.causal_identifier.auto_identifier][INFO] - Causal effect can be identified.
[2026-04-24 05:15:49,963][dowhy.causal_identifier.auto_identifier][INFO] - Instrumental variables for treatment and outcome:[]
[2026-04-24 05:15:49,964][dowhy.causal_identifier.auto_identifier][INFO] - Frontdoor variables for treatment and outcome:['X4', 'X3', 'X5', 'X6']
[2026-04-24 05:15:49,965][dowhy.causal_identifier.auto_identifier][INFO] - Causal effect can be identified.
[2026-04-24 05:15:49,966][dowhy.causal_identifier.auto_identifier][INFO] - Causal effect can be identified.
[2026-04-24 05:15:49,967][dowhy.causal_model][INFO] - linear_regression
[2026-04-24 05:15:49,967][dowhy.causal_estimator][INFO] - INFO: Using Linear Regression Estimator
[2026-04-24 05:15:49,967][dowhy.causal_estimator][INFO] - b: X7~X0+X0*X1+X0*X2
[2026-04-24 05:15:50,010][dowhy.causal_model][INFO] - Model to find the causal effect of treatment ['X1'] on outcome ['X0']
[2026-04-24 05:15:50,010][dowhy.causal_identifier.auto_identifier][WARNING] - No directed path from treatment to outcome. Causal Effect is zero.
[2026-04-24 05:15:50,010][dowhy.causal_model][INFO] - linear_regression
[2026-04-24 05:15:50,010][dowhy.causal_estimator][INFO] - INFO: Using Linear Regression Estimator
[2026-04-24 05:15:50,010][dowhy.causal_estimator][WARNING] - No directed path from ['X1'] to ['X0'].
[2026-04-24 05:15:50,012][dowhy.causal_model][INFO] - Model to find the causal effect of treatment ['X1'] on outcome ['X2']
[2026-04-24 05:15:50,012][dowhy.causal_identifier.auto_identifier][WARNING] - No directed path from treatment to outcome. Causal Effect is zero.
[2026-04-24 05:15:50,012][dowhy.causal_model][INFO] - linear_regression
[2026-04-24 05:15:50,012][dowhy.causal_estimator][INFO] - INFO: Using Linear Regression Estimator
[2026-04-24 05:15:50,012][dowhy.causal_estimator][WARNING] - No directed path from ['X1'] to ['X2'].
[2026-04-24 05:15:50,014][dowhy.causal_model][INFO] - Model to find the causal effect of treatment ['X1'] on outcome ['X3']
[2026-04-24 05:15:50,015][dowhy.causal_identifier.auto_identifier][INFO] - Causal effect can be identified.
[2026-04-24 05:15:50,015][dowhy.causal_identifier.auto_identifier][INFO] - Instrumental variables for treatment and outcome:[]
[2026-04-24 05:15:50,015][dowhy.causal_identifier.auto_identifier][INFO] - Frontdoor variables for treatment and outcome:[]
[2026-04-24 05:15:50,015][dowhy.causal_model][INFO] - linear_regression
[2026-04-24 05:15:50,015][dowhy.causal_estimator][INFO] - INFO: Using Linear Regression Estimator
[2026-04-24 05:15:50,015][dowhy.causal_estimator][INFO] - b: X3~X1+X1*X0
[2026-04-24 05:15:50,024][dowhy.causal_model][INFO] - Model to find the causal effect of treatment ['X1'] on outcome ['X4']
[2026-04-24 05:15:50,025][dowhy.causal_identifier.auto_identifier][INFO] - Causal effect can be identified.
[2026-04-24 05:15:50,025][dowhy.causal_identifier.auto_identifier][INFO] - Instrumental variables for treatment and outcome:[]
[2026-04-24 05:15:50,026][dowhy.causal_identifier.auto_identifier][INFO] - Frontdoor variables for treatment and outcome:[]
[2026-04-24 05:15:50,026][dowhy.causal_model][INFO] - linear_regression
[2026-04-24 05:15:50,026][dowhy.causal_estimator][INFO] - INFO: Using Linear Regression Estimator
[2026-04-24 05:15:50,026][dowhy.causal_estimator][INFO] - b: X4~X1+X1*X0
[2026-04-24 05:15:50,034][dowhy.causal_model][INFO] - Model to find the causal effect of treatment ['X1'] on outcome ['X5']
[2026-04-24 05:15:50,035][dowhy.causal_identifier.auto_identifier][INFO] - Causal effect can be identified.
[2026-04-24 05:15:50,035][dowhy.causal_identifier.auto_identifier][INFO] - Instrumental variables for treatment and outcome:[]
[2026-04-24 05:15:50,037][dowhy.causal_identifier.auto_identifier][INFO] - Frontdoor variables for treatment and outcome:[]
[2026-04-24 05:15:50,037][dowhy.causal_model][INFO] - linear_regression
[2026-04-24 05:15:50,037][dowhy.causal_estimator][INFO] - INFO: Using Linear Regression Estimator
[2026-04-24 05:15:50,037][dowhy.causal_estimator][INFO] - b: X5~X1+X1*X0
[2026-04-24 05:15:50,045][dowhy.causal_model][INFO] - Model to find the causal effect of treatment ['X1'] on outcome ['X6']
[2026-04-24 05:15:50,046][dowhy.causal_identifier.auto_identifier][INFO] - Causal effect can be identified.
[2026-04-24 05:15:50,046][dowhy.causal_identifier.auto_identifier][INFO] - Instrumental variables for treatment and outcome:[]
[2026-04-24 05:15:50,048][dowhy.causal_identifier.auto_identifier][INFO] - Frontdoor variables for treatment and outcome:[]
[2026-04-24 05:15:50,048][dowhy.causal_model][INFO] - linear_regression
[2026-04-24 05:15:50,048][dowhy.causal_estimator][INFO] - INFO: Using Linear Regression Estimator
[2026-04-24 05:15:50,048][dowhy.causal_estimator][INFO] - b: X6~X1+X1*X0
[2026-04-24 05:15:50,056][dowhy.causal_model][INFO] - Model to find the causal effect of treatment ['X1'] on outcome ['X7']
[2026-04-24 05:15:50,057][dowhy.causal_identifier.auto_identifier][INFO] - Causal effect can be identified.
[2026-04-24 05:15:50,058][dowhy.causal_identifier.auto_identifier][INFO] - Instrumental variables for treatment and outcome:[]
[2026-04-24 05:15:50,059][dowhy.causal_identifier.auto_identifier][INFO] - Frontdoor variables for treatment and outcome:['X4', 'X3', 'X5', 'X6']
[2026-04-24 05:15:50,060][dowhy.causal_identifier.auto_identifier][INFO] - Causal effect can be identified.
[2026-04-24 05:15:50,061][dowhy.causal_identifier.auto_identifier][INFO] - Causal effect can be identified.
[2026-04-24 05:15:50,062][dowhy.causal_model][INFO] - linear_regression
[2026-04-24 05:15:50,062][dowhy.causal_estimator][INFO] - INFO: Using Linear Regression Estimator
[2026-04-24 05:15:50,062][dowhy.causal_estimator][INFO] - b: X7~X1+X1*X0+X1*X2
[2026-04-24 05:15:50,108][dowhy.causal_model][INFO] - Model to find the causal effect of treatment ['X2'] on outcome ['X0']
[2026-04-24 05:15:50,108][dowhy.causal_identifier.auto_identifier][WARNING] - No directed path from treatment to outcome. Causal Effect is zero.
[2026-04-24 05:15:50,108][dowhy.causal_model][INFO] - linear_regression
[2026-04-24 05:15:50,109][dowhy.causal_estimator][INFO] - INFO: Using Linear Regression Estimator
[2026-04-24 05:15:50,109][dowhy.causal_estimator][WARNING] - No directed path from ['X2'] to ['X0'].
[2026-04-24 05:15:50,110][dowhy.causal_model][INFO] - Model to find the causal effect of treatment ['X2'] on outcome ['X1']
[2026-04-24 05:15:50,110][dowhy.causal_identifier.auto_identifier][WARNING] - No directed path from treatment to outcome. Causal Effect is zero.
[2026-04-24 05:15:50,110][dowhy.causal_model][INFO] - linear_regression
[2026-04-24 05:15:50,110][dowhy.causal_estimator][INFO] - INFO: Using Linear Regression Estimator
[2026-04-24 05:15:50,110][dowhy.causal_estimator][WARNING] - No directed path from ['X2'] to ['X1'].
[2026-04-24 05:15:50,112][dowhy.causal_model][INFO] - Model to find the causal effect of treatment ['X2'] on outcome ['X3']
[2026-04-24 05:15:50,112][dowhy.causal_identifier.auto_identifier][WARNING] - No directed path from treatment to outcome. Causal Effect is zero.
[2026-04-24 05:15:50,112][dowhy.causal_model][INFO] - linear_regression
[2026-04-24 05:15:50,112][dowhy.causal_estimator][INFO] - INFO: Using Linear Regression Estimator
[2026-04-24 05:15:50,112][dowhy.causal_estimator][WARNING] - No directed path from ['X2'] to ['X3'].
[2026-04-24 05:15:50,114][dowhy.causal_model][INFO] - Model to find the causal effect of treatment ['X2'] on outcome ['X4']
[2026-04-24 05:15:50,114][dowhy.causal_identifier.auto_identifier][WARNING] - No directed path from treatment to outcome. Causal Effect is zero.
[2026-04-24 05:15:50,114][dowhy.causal_model][INFO] - linear_regression
[2026-04-24 05:15:50,114][dowhy.causal_estimator][INFO] - INFO: Using Linear Regression Estimator
[2026-04-24 05:15:50,114][dowhy.causal_estimator][WARNING] - No directed path from ['X2'] to ['X4'].
[2026-04-24 05:15:50,116][dowhy.causal_model][INFO] - Model to find the causal effect of treatment ['X2'] on outcome ['X5']
[2026-04-24 05:15:50,116][dowhy.causal_identifier.auto_identifier][WARNING] - No directed path from treatment to outcome. Causal Effect is zero.
[2026-04-24 05:15:50,116][dowhy.causal_model][INFO] - linear_regression
[2026-04-24 05:15:50,116][dowhy.causal_estimator][INFO] - INFO: Using Linear Regression Estimator
[2026-04-24 05:15:50,116][dowhy.causal_estimator][WARNING] - No directed path from ['X2'] to ['X5'].
[2026-04-24 05:15:50,118][dowhy.causal_model][INFO] - Model to find the causal effect of treatment ['X2'] on outcome ['X6']
[2026-04-24 05:15:50,118][dowhy.causal_identifier.auto_identifier][WARNING] - No directed path from treatment to outcome. Causal Effect is zero.
[2026-04-24 05:15:50,118][dowhy.causal_model][INFO] - linear_regression
[2026-04-24 05:15:50,118][dowhy.causal_estimator][INFO] - INFO: Using Linear Regression Estimator
[2026-04-24 05:15:50,118][dowhy.causal_estimator][WARNING] - No directed path from ['X2'] to ['X6'].
[2026-04-24 05:15:50,119][dowhy.causal_model][INFO] - Model to find the causal effect of treatment ['X2'] on outcome ['X7']
[2026-04-24 05:15:50,121][dowhy.causal_identifier.auto_identifier][INFO] - Causal effect can be identified.
[2026-04-24 05:15:50,122][dowhy.causal_identifier.auto_identifier][INFO] - Instrumental variables for treatment and outcome:[]
[2026-04-24 05:15:50,122][dowhy.causal_identifier.auto_identifier][INFO] - Frontdoor variables for treatment and outcome:[]
[2026-04-24 05:15:50,122][dowhy.causal_model][INFO] - linear_regression
[2026-04-24 05:15:50,122][dowhy.causal_estimator][INFO] - INFO: Using Linear Regression Estimator
[2026-04-24 05:15:50,122][dowhy.causal_estimator][INFO] - b: X7~X2+X2*X1+X2*X0+X2*X3+X2*X4
[2026-04-24 05:15:50,161][dowhy.causal_model][INFO] - Model to find the causal effect of treatment ['X3'] on outcome ['X0']
[2026-04-24 05:15:50,161][dowhy.causal_identifier.auto_identifier][WARNING] - No directed path from treatment to outcome. Causal Effect is zero.
[2026-04-24 05:15:50,161][dowhy.causal_model][INFO] - linear_regression
[2026-04-24 05:15:50,162][dowhy.causal_estimator][INFO] - INFO: Using Linear Regression Estimator
[2026-04-24 05:15:50,162][dowhy.causal_estimator][WARNING] - No directed path from ['X3'] to ['X0'].
[2026-04-24 05:15:50,163][dowhy.causal_model][INFO] - Model to find the causal effect of treatment ['X3'] on outcome ['X1']
[2026-04-24 05:15:50,163][dowhy.causal_identifier.auto_identifier][WARNING] - No directed path from treatment to outcome. Causal Effect is zero.
[2026-04-24 05:15:50,163][dowhy.causal_model][INFO] - linear_regression
[2026-04-24 05:15:50,163][dowhy.causal_estimator][INFO] - INFO: Using Linear Regression Estimator
[2026-04-24 05:15:50,163][dowhy.causal_estimator][WARNING] - No directed path from ['X3'] to ['X1'].
[2026-04-24 05:15:50,165][dowhy.causal_model][INFO] - Model to find the causal effect of treatment ['X3'] on outcome ['X2']
[2026-04-24 05:15:50,165][dowhy.causal_identifier.auto_identifier][WARNING] - No directed path from treatment to outcome. Causal Effect is zero.
[2026-04-24 05:15:50,165][dowhy.causal_model][INFO] - linear_regression
[2026-04-24 05:15:50,165][dowhy.causal_estimator][INFO] - INFO: Using Linear Regression Estimator
[2026-04-24 05:15:50,165][dowhy.causal_estimator][WARNING] - No directed path from ['X3'] to ['X2'].
[2026-04-24 05:15:50,167][dowhy.causal_model][INFO] - Model to find the causal effect of treatment ['X3'] on outcome ['X4']
[2026-04-24 05:15:50,168][dowhy.causal_identifier.auto_identifier][INFO] - Causal effect can be identified.
[2026-04-24 05:15:50,168][dowhy.causal_identifier.auto_identifier][INFO] - Instrumental variables for treatment and outcome:['X0']
[2026-04-24 05:15:50,168][dowhy.causal_identifier.auto_identifier][INFO] - Frontdoor variables for treatment and outcome:[]
[2026-04-24 05:15:50,168][dowhy.causal_model][INFO] - linear_regression
[2026-04-24 05:15:50,168][dowhy.causal_estimator][INFO] - INFO: Using Linear Regression Estimator
[2026-04-24 05:15:50,169][dowhy.causal_estimator][INFO] - b: X4~X3+X1
[2026-04-24 05:15:50,176][dowhy.causal_model][INFO] - Model to find the causal effect of treatment ['X3'] on outcome ['X5']
[2026-04-24 05:15:50,177][dowhy.causal_identifier.auto_identifier][INFO] - Causal effect can be identified.
[2026-04-24 05:15:50,177][dowhy.causal_identifier.auto_identifier][INFO] - Instrumental variables for treatment and outcome:['X1']
[2026-04-24 05:15:50,178][dowhy.causal_identifier.auto_identifier][INFO] - Frontdoor variables for treatment and outcome:[]
[2026-04-24 05:15:50,178][dowhy.causal_model][INFO] - linear_regression
[2026-04-24 05:15:50,178][dowhy.causal_estimator][INFO] - INFO: Using Linear Regression Estimator
[2026-04-24 05:15:50,178][dowhy.causal_estimator][INFO] - b: X5~X3+X0
[2026-04-24 05:15:50,185][dowhy.causal_model][INFO] - Model to find the causal effect of treatment ['X3'] on outcome ['X6']
[2026-04-24 05:15:50,186][dowhy.causal_identifier.auto_identifier][INFO] - Causal effect can be identified.
[2026-04-24 05:15:50,187][dowhy.causal_identifier.auto_identifier][INFO] - Instrumental variables for treatment and outcome:['X0']
[2026-04-24 05:15:50,187][dowhy.causal_identifier.auto_identifier][INFO] - Frontdoor variables for treatment and outcome:[]
[2026-04-24 05:15:50,187][dowhy.causal_model][INFO] - linear_regression
[2026-04-24 05:15:50,188][dowhy.causal_estimator][INFO] - INFO: Using Linear Regression Estimator
[2026-04-24 05:15:50,188][dowhy.causal_estimator][INFO] - b: X6~X3+X1
[2026-04-24 05:15:50,195][dowhy.causal_model][INFO] - Model to find the causal effect of treatment ['X3'] on outcome ['X7']
[2026-04-24 05:15:50,196][dowhy.causal_identifier.auto_identifier][INFO] - Causal effect can be identified.
[2026-04-24 05:15:50,196][dowhy.causal_identifier.auto_identifier][INFO] - Instrumental variables for treatment and outcome:['X0']
[2026-04-24 05:15:50,197][dowhy.causal_identifier.auto_identifier][INFO] - Frontdoor variables for treatment and outcome:[]
[2026-04-24 05:15:50,197][dowhy.causal_model][INFO] - linear_regression
[2026-04-24 05:15:50,197][dowhy.causal_estimator][INFO] - INFO: Using Linear Regression Estimator
[2026-04-24 05:15:50,198][dowhy.causal_estimator][INFO] - b: X7~X3+X1+X3*X2
[2026-04-24 05:15:50,242][dowhy.causal_model][INFO] - Model to find the causal effect of treatment ['X4'] on outcome ['X0']
[2026-04-24 05:15:50,242][dowhy.causal_identifier.auto_identifier][WARNING] - No directed path from treatment to outcome. Causal Effect is zero.
[2026-04-24 05:15:50,242][dowhy.causal_model][INFO] - linear_regression
[2026-04-24 05:15:50,242][dowhy.causal_estimator][INFO] - INFO: Using Linear Regression Estimator
[2026-04-24 05:15:50,242][dowhy.causal_estimator][WARNING] - No directed path from ['X4'] to ['X0'].
[2026-04-24 05:15:50,244][dowhy.causal_model][INFO] - Model to find the causal effect of treatment ['X4'] on outcome ['X1']
[2026-04-24 05:15:50,244][dowhy.causal_identifier.auto_identifier][WARNING] - No directed path from treatment to outcome. Causal Effect is zero.
[2026-04-24 05:15:50,244][dowhy.causal_model][INFO] - linear_regression
[2026-04-24 05:15:50,244][dowhy.causal_estimator][INFO] - INFO: Using Linear Regression Estimator
[2026-04-24 05:15:50,244][dowhy.causal_estimator][WARNING] - No directed path from ['X4'] to ['X1'].
[2026-04-24 05:15:50,246][dowhy.causal_model][INFO] - Model to find the causal effect of treatment ['X4'] on outcome ['X2']
[2026-04-24 05:15:50,246][dowhy.causal_identifier.auto_identifier][WARNING] - No directed path from treatment to outcome. Causal Effect is zero.
[2026-04-24 05:15:50,246][dowhy.causal_model][INFO] - linear_regression
[2026-04-24 05:15:50,246][dowhy.causal_estimator][INFO] - INFO: Using Linear Regression Estimator
[2026-04-24 05:15:50,246][dowhy.causal_estimator][WARNING] - No directed path from ['X4'] to ['X2'].
[2026-04-24 05:15:50,248][dowhy.causal_model][INFO] - Model to find the causal effect of treatment ['X4'] on outcome ['X3']
[2026-04-24 05:15:50,248][dowhy.causal_identifier.auto_identifier][WARNING] - No directed path from treatment to outcome. Causal Effect is zero.
[2026-04-24 05:15:50,248][dowhy.causal_model][INFO] - linear_regression
[2026-04-24 05:15:50,248][dowhy.causal_estimator][INFO] - INFO: Using Linear Regression Estimator
[2026-04-24 05:15:50,248][dowhy.causal_estimator][WARNING] - No directed path from ['X4'] to ['X3'].
[2026-04-24 05:15:50,250][dowhy.causal_model][INFO] - Model to find the causal effect of treatment ['X4'] on outcome ['X5']
[2026-04-24 05:15:50,250][dowhy.causal_identifier.auto_identifier][WARNING] - No directed path from treatment to outcome. Causal Effect is zero.
[2026-04-24 05:15:50,250][dowhy.causal_model][INFO] - linear_regression
[2026-04-24 05:15:50,250][dowhy.causal_estimator][INFO] - INFO: Using Linear Regression Estimator
[2026-04-24 05:15:50,250][dowhy.causal_estimator][WARNING] - No directed path from ['X4'] to ['X5'].
[2026-04-24 05:15:50,252][dowhy.causal_model][INFO] - Model to find the causal effect of treatment ['X4'] on outcome ['X6']
[2026-04-24 05:15:50,253][dowhy.causal_identifier.auto_identifier][INFO] - Causal effect can be identified.
[2026-04-24 05:15:50,253][dowhy.causal_identifier.auto_identifier][INFO] - Instrumental variables for treatment and outcome:[]
[2026-04-24 05:15:50,253][dowhy.causal_identifier.auto_identifier][INFO] - Frontdoor variables for treatment and outcome:[]
[2026-04-24 05:15:50,254][dowhy.causal_model][INFO] - linear_regression
[2026-04-24 05:15:50,254][dowhy.causal_estimator][INFO] - INFO: Using Linear Regression Estimator
[2026-04-24 05:15:50,254][dowhy.causal_estimator][INFO] - b: X6~X4+X1
[2026-04-24 05:15:50,262][dowhy.causal_model][INFO] - Model to find the causal effect of treatment ['X4'] on outcome ['X7']
[2026-04-24 05:15:50,264][dowhy.causal_identifier.auto_identifier][INFO] - Causal effect can be identified.
[2026-04-24 05:15:50,265][dowhy.causal_identifier.auto_identifier][INFO] - Instrumental variables for treatment and outcome:['X1', 'X3']
[2026-04-24 05:15:50,265][dowhy.causal_identifier.auto_identifier][INFO] - Frontdoor variables for treatment and outcome:[]
[2026-04-24 05:15:50,265][dowhy.causal_model][INFO] - linear_regression
[2026-04-24 05:15:50,265][dowhy.causal_estimator][INFO] - INFO: Using Linear Regression Estimator
[2026-04-24 05:15:50,265][dowhy.causal_estimator][INFO] - b: X7~X4+X4*X2
[2026-04-24 05:15:50,314][dowhy.causal_model][INFO] - Model to find the causal effect of treatment ['X5'] on outcome ['X0']
[2026-04-24 05:15:50,314][dowhy.causal_identifier.auto_identifier][WARNING] - No directed path from treatment to outcome. Causal Effect is zero.
[2026-04-24 05:15:50,315][dowhy.causal_model][INFO] - linear_regression
[2026-04-24 05:15:50,315][dowhy.causal_estimator][INFO] - INFO: Using Linear Regression Estimator
[2026-04-24 05:15:50,315][dowhy.causal_estimator][WARNING] - No directed path from ['X5'] to ['X0'].
[2026-04-24 05:15:50,316][dowhy.causal_model][INFO] - Model to find the causal effect of treatment ['X5'] on outcome ['X1']
[2026-04-24 05:15:50,317][dowhy.causal_identifier.auto_identifier][WARNING] - No directed path from treatment to outcome. Causal Effect is zero.
[2026-04-24 05:15:50,317][dowhy.causal_model][INFO] - linear_regression
[2026-04-24 05:15:50,317][dowhy.causal_estimator][INFO] - INFO: Using Linear Regression Estimator
[2026-04-24 05:15:50,317][dowhy.causal_estimator][WARNING] - No directed path from ['X5'] to ['X1'].
[2026-04-24 05:15:50,318][dowhy.causal_model][INFO] - Model to find the causal effect of treatment ['X5'] on outcome ['X2']
[2026-04-24 05:15:50,318][dowhy.causal_identifier.auto_identifier][WARNING] - No directed path from treatment to outcome. Causal Effect is zero.
[2026-04-24 05:15:50,318][dowhy.causal_model][INFO] - linear_regression
[2026-04-24 05:15:50,318][dowhy.causal_estimator][INFO] - INFO: Using Linear Regression Estimator
[2026-04-24 05:15:50,318][dowhy.causal_estimator][WARNING] - No directed path from ['X5'] to ['X2'].
[2026-04-24 05:15:50,320][dowhy.causal_model][INFO] - Model to find the causal effect of treatment ['X5'] on outcome ['X3']
[2026-04-24 05:15:50,320][dowhy.causal_identifier.auto_identifier][WARNING] - No directed path from treatment to outcome. Causal Effect is zero.
[2026-04-24 05:15:50,320][dowhy.causal_model][INFO] - linear_regression
[2026-04-24 05:15:50,320][dowhy.causal_estimator][INFO] - INFO: Using Linear Regression Estimator
[2026-04-24 05:15:50,320][dowhy.causal_estimator][WARNING] - No directed path from ['X5'] to ['X3'].
[2026-04-24 05:15:50,322][dowhy.causal_model][INFO] - Model to find the causal effect of treatment ['X5'] on outcome ['X4']
[2026-04-24 05:15:50,322][dowhy.causal_identifier.auto_identifier][WARNING] - No directed path from treatment to outcome. Causal Effect is zero.
[2026-04-24 05:15:50,322][dowhy.causal_model][INFO] - linear_regression
[2026-04-24 05:15:50,322][dowhy.causal_estimator][INFO] - INFO: Using Linear Regression Estimator
[2026-04-24 05:15:50,322][dowhy.causal_estimator][WARNING] - No directed path from ['X5'] to ['X4'].
[2026-04-24 05:15:50,324][dowhy.causal_model][INFO] - Model to find the causal effect of treatment ['X5'] on outcome ['X6']
[2026-04-24 05:15:50,324][dowhy.causal_identifier.auto_identifier][WARNING] - No directed path from treatment to outcome. Causal Effect is zero.
[2026-04-24 05:15:50,324][dowhy.causal_model][INFO] - linear_regression
[2026-04-24 05:15:50,324][dowhy.causal_estimator][INFO] - INFO: Using Linear Regression Estimator
[2026-04-24 05:15:50,324][dowhy.causal_estimator][WARNING] - No directed path from ['X5'] to ['X6'].
[2026-04-24 05:15:50,326][dowhy.causal_model][INFO] - Model to find the causal effect of treatment ['X5'] on outcome ['X7']
[2026-04-24 05:15:50,326][dowhy.causal_identifier.auto_identifier][WARNING] - No directed path from treatment to outcome. Causal Effect is zero.
[2026-04-24 05:15:50,326][dowhy.causal_model][INFO] - linear_regression
[2026-04-24 05:15:50,326][dowhy.causal_estimator][INFO] - INFO: Using Linear Regression Estimator
[2026-04-24 05:15:50,326][dowhy.causal_estimator][WARNING] - No directed path from ['X5'] to ['X7'].
[2026-04-24 05:15:50,361][dowhy.causal_model][INFO] - Model to find the causal effect of treatment ['X6'] on outcome ['X0']
[2026-04-24 05:15:50,361][dowhy.causal_identifier.auto_identifier][WARNING] - No directed path from treatment to outcome. Causal Effect is zero.
[2026-04-24 05:15:50,361][dowhy.causal_model][INFO] - linear_regression
[2026-04-24 05:15:50,361][dowhy.causal_estimator][INFO] - INFO: Using Linear Regression Estimator
[2026-04-24 05:15:50,361][dowhy.causal_estimator][WARNING] - No directed path from ['X6'] to ['X0'].
[2026-04-24 05:15:50,362][dowhy.causal_model][INFO] - Model to find the causal effect of treatment ['X6'] on outcome ['X1']
[2026-04-24 05:15:50,363][dowhy.causal_identifier.auto_identifier][WARNING] - No directed path from treatment to outcome. Causal Effect is zero.
[2026-04-24 05:15:50,363][dowhy.causal_model][INFO] - linear_regression
[2026-04-24 05:15:50,363][dowhy.causal_estimator][INFO] - INFO: Using Linear Regression Estimator
[2026-04-24 05:15:50,363][dowhy.causal_estimator][WARNING] - No directed path from ['X6'] to ['X1'].
[2026-04-24 05:15:50,364][dowhy.causal_model][INFO] - Model to find the causal effect of treatment ['X6'] on outcome ['X2']
[2026-04-24 05:15:50,364][dowhy.causal_identifier.auto_identifier][WARNING] - No directed path from treatment to outcome. Causal Effect is zero.
[2026-04-24 05:15:50,364][dowhy.causal_model][INFO] - linear_regression
[2026-04-24 05:15:50,364][dowhy.causal_estimator][INFO] - INFO: Using Linear Regression Estimator
[2026-04-24 05:15:50,365][dowhy.causal_estimator][WARNING] - No directed path from ['X6'] to ['X2'].
[2026-04-24 05:15:50,366][dowhy.causal_model][INFO] - Model to find the causal effect of treatment ['X6'] on outcome ['X3']
[2026-04-24 05:15:50,366][dowhy.causal_identifier.auto_identifier][WARNING] - No directed path from treatment to outcome. Causal Effect is zero.
[2026-04-24 05:15:50,366][dowhy.causal_model][INFO] - linear_regression
[2026-04-24 05:15:50,366][dowhy.causal_estimator][INFO] - INFO: Using Linear Regression Estimator
[2026-04-24 05:15:50,366][dowhy.causal_estimator][WARNING] - No directed path from ['X6'] to ['X3'].
[2026-04-24 05:15:50,368][dowhy.causal_model][INFO] - Model to find the causal effect of treatment ['X6'] on outcome ['X4']
[2026-04-24 05:15:50,368][dowhy.causal_identifier.auto_identifier][WARNING] - No directed path from treatment to outcome. Causal Effect is zero.
[2026-04-24 05:15:50,368][dowhy.causal_model][INFO] - linear_regression
[2026-04-24 05:15:50,368][dowhy.causal_estimator][INFO] - INFO: Using Linear Regression Estimator
[2026-04-24 05:15:50,368][dowhy.causal_estimator][WARNING] - No directed path from ['X6'] to ['X4'].
[2026-04-24 05:15:50,370][dowhy.causal_model][INFO] - Model to find the causal effect of treatment ['X6'] on outcome ['X5']
[2026-04-24 05:15:50,370][dowhy.causal_identifier.auto_identifier][WARNING] - No directed path from treatment to outcome. Causal Effect is zero.
[2026-04-24 05:15:50,370][dowhy.causal_model][INFO] - linear_regression
[2026-04-24 05:15:50,370][dowhy.causal_estimator][INFO] - INFO: Using Linear Regression Estimator
[2026-04-24 05:15:50,370][dowhy.causal_estimator][WARNING] - No directed path from ['X6'] to ['X5'].
[2026-04-24 05:15:50,371][dowhy.causal_model][INFO] - Model to find the causal effect of treatment ['X6'] on outcome ['X7']
[2026-04-24 05:15:50,371][dowhy.causal_identifier.auto_identifier][WARNING] - No directed path from treatment to outcome. Causal Effect is zero.
[2026-04-24 05:15:50,371][dowhy.causal_model][INFO] - linear_regression
[2026-04-24 05:15:50,372][dowhy.causal_estimator][INFO] - INFO: Using Linear Regression Estimator
[2026-04-24 05:15:50,372][dowhy.causal_estimator][WARNING] - No directed path from ['X6'] to ['X7'].
[2026-04-24 05:15:50,404][dowhy.causal_model][INFO] - Model to find the causal effect of treatment ['X7'] on outcome ['X0']
[2026-04-24 05:15:50,404][dowhy.causal_identifier.auto_identifier][WARNING] - No directed path from treatment to outcome. Causal Effect is zero.
[2026-04-24 05:15:50,404][dowhy.causal_model][INFO] - linear_regression
[2026-04-24 05:15:50,404][dowhy.causal_estimator][INFO] - INFO: Using Linear Regression Estimator
[2026-04-24 05:15:50,404][dowhy.causal_estimator][WARNING] - No directed path from ['X7'] to ['X0'].
[2026-04-24 05:15:50,406][dowhy.causal_model][INFO] - Model to find the causal effect of treatment ['X7'] on outcome ['X1']
[2026-04-24 05:15:50,406][dowhy.causal_identifier.auto_identifier][WARNING] - No directed path from treatment to outcome. Causal Effect is zero.
[2026-04-24 05:15:50,406][dowhy.causal_model][INFO] - linear_regression
[2026-04-24 05:15:50,406][dowhy.causal_estimator][INFO] - INFO: Using Linear Regression Estimator
[2026-04-24 05:15:50,406][dowhy.causal_estimator][WARNING] - No directed path from ['X7'] to ['X1'].
[2026-04-24 05:15:50,407][dowhy.causal_model][INFO] - Model to find the causal effect of treatment ['X7'] on outcome ['X2']
[2026-04-24 05:15:50,407][dowhy.causal_identifier.auto_identifier][WARNING] - No directed path from treatment to outcome. Causal Effect is zero.
[2026-04-24 05:15:50,407][dowhy.causal_model][INFO] - linear_regression
[2026-04-24 05:15:50,407][dowhy.causal_estimator][INFO] - INFO: Using Linear Regression Estimator
[2026-04-24 05:15:50,407][dowhy.causal_estimator][WARNING] - No directed path from ['X7'] to ['X2'].
[2026-04-24 05:15:50,409][dowhy.causal_model][INFO] - Model to find the causal effect of treatment ['X7'] on outcome ['X3']
[2026-04-24 05:15:50,409][dowhy.causal_identifier.auto_identifier][WARNING] - No directed path from treatment to outcome. Causal Effect is zero.
[2026-04-24 05:15:50,409][dowhy.causal_model][INFO] - linear_regression
[2026-04-24 05:15:50,409][dowhy.causal_estimator][INFO] - INFO: Using Linear Regression Estimator
[2026-04-24 05:15:50,409][dowhy.causal_estimator][WARNING] - No directed path from ['X7'] to ['X3'].
[2026-04-24 05:15:50,411][dowhy.causal_model][INFO] - Model to find the causal effect of treatment ['X7'] on outcome ['X4']
[2026-04-24 05:15:50,411][dowhy.causal_identifier.auto_identifier][WARNING] - No directed path from treatment to outcome. Causal Effect is zero.
[2026-04-24 05:15:50,411][dowhy.causal_model][INFO] - linear_regression
[2026-04-24 05:15:50,411][dowhy.causal_estimator][INFO] - INFO: Using Linear Regression Estimator
[2026-04-24 05:15:50,411][dowhy.causal_estimator][WARNING] - No directed path from ['X7'] to ['X4'].
[2026-04-24 05:15:50,412][dowhy.causal_model][INFO] - Model to find the causal effect of treatment ['X7'] on outcome ['X5']
[2026-04-24 05:15:50,413][dowhy.causal_identifier.auto_identifier][WARNING] - No directed path from treatment to outcome. Causal Effect is zero.
[2026-04-24 05:15:50,413][dowhy.causal_model][INFO] - linear_regression
[2026-04-24 05:15:50,413][dowhy.causal_estimator][INFO] - INFO: Using Linear Regression Estimator
[2026-04-24 05:15:50,413][dowhy.causal_estimator][WARNING] - No directed path from ['X7'] to ['X5'].
[2026-04-24 05:15:50,414][dowhy.causal_model][INFO] - Model to find the causal effect of treatment ['X7'] on outcome ['X6']
[2026-04-24 05:15:50,414][dowhy.causal_identifier.auto_identifier][WARNING] - No directed path from treatment to outcome. Causal Effect is zero.
[2026-04-24 05:15:50,414][dowhy.causal_model][INFO] - linear_regression
[2026-04-24 05:15:50,414][dowhy.causal_estimator][INFO] - INFO: Using Linear Regression Estimator
[2026-04-24 05:15:50,414][dowhy.causal_estimator][WARNING] - No directed path from ['X7'] to ['X6'].
